1100,'1-1',444,,482566,34,,,1,70,,482553,34,,,1,33,,482548,34,,,1,55,,482529,34,,,1,15,,482527,34,,,1,13,,482525,34,,,1,19,,482536,34,,,1,56,,482568,34,,,1,16,,482557,34,,,1,16,,482554,34,,,1,16,,482563,34,,,1,56,,482562,34,,,1,16,,482581,34,,,1,15,,482575,34,,,1,15,,482558,34,,,1,55,,482569,50,,,1,9,,482528,34,,,1,16,,482564,50,,,1,13,,482524,34,,,1,54,,482552,50,,,1,16,,482572,34,,,1,16,,482576,50,,,1,15,,482539,34,,,1,54,,482565,50,,,1,16,,482556,34,,,1,15,,482577,50,,,1,17,,482582,34,,,1,53,,482583,50,,,1,15,,482559,34,,,1,14,,482532,50,,,1,15,,482542,34,,,1,55,,482549,50,,,1,16,,482522,34,,,1,14,,482550,50,,,1,14,,482570,34,,,1,55,,482560,50,,,1,17,,482521,34,,,1,14,,482544,50,,,1,13,,482543,34,,,1,55,,482579,50,,,1,15,,482530,34,,,1,13,,482535,50,,,1,15,,482578,34,,,1,11,,482555,50,,,1,73,,482537,50,,,1,15,,482533,34,,,1,16,,482541,50,,,1,55,,482523,34,,,1,14,,482551,50,,,1,17,,482567,34,,,1,13,,482561,50,,,1,66,,482574,50,,,1,30,,482546,50,,,1,69,,482534,50,,,1,27,,482538,50,,,1,70,,482580,50,,,1,28,,482571,50,,,1,69,,482545,50,,,1,30,,482540,50,,,1,73,,482520,34,,,1,32,,482531,34,,,1,71,,482526,34,,,1,30,,482573,34,,,1,71,,482547,34,,,1
1100,'2-1',649,,482602,34,,,1,70,,482627,34,,,1,30,,482628,34,,,1,70,,482611,34,,,1,30,,482644,34,,,1,70,,482606,34,,,1,28,,482633,50,,,1,70,,482619,34,,,1,31,,482613,50,,,1,55,,482653,34,,,1,15,,482590,50,,,1,15,,482586,34,,,1,15,,482589,50,,,1,55,,482638,34,,,1,15,,482647,50,,,1,15,,482637,34,,,1,15,,482609,50,,,1,52,,482595,1,,,1,8,,482616,50,,,1,10,,482610,1,,,1,10,,482655,50,,,1,10,,482632,1,,,1,10,,482640,50,,,1,10,,482617,1,,,1,50,,482656,50,,,1,10,,482658,1,,,1,10,,482636,50,,,1,10,,482594,1,,,1,10,,482646,50,,,1,10,,482599,1,,,1,50,,482639,50,,,1,10,,482584,1,,,1,10,,482651,50,,,1,10,,482660,1,,,1,10,,482593,50,,,1,10,,482634,1,,,1,50,,482614,50,,,1,10,,482596,1,,,1,10,,482654,50,,,1,10,,482605,1,,,1,9,,482585,50,,,1,10,,482626,1,,,1,50,,482615,50,,,1,10,,482620,1,,,1,10,,482630,50,,,1,10,,482603,1,,,1,10,,482607,50,,,1,10,,482601,1,,,1,50,,482604,50,,,1,10,,482592,1,,,1,10,,482648,50,,,1,10,,482652,1,,,1,9,,482659,50,,,1,10,,482598,1,,,1,50,,482622,50,,,1,10,,482650,1,,,1,10,,482621,50,,,1,10,,482587,1,,,1,9,,482641,50,,,1,10,,482608,1,,,1,50,,482631,50,,,1,10,,482597,1,,,1,10,,482649,50,,,1,9,,482588,1,,,1,9,,482643,50,,,1,10,,482624,1,,,1,55,,482618,50,,,1,16,,482625,34,,,1,16,,482635,34,,,1,15,,482645,34,,,1,55,,482657,34,,,1,15,,482642,34,,,1,15,,482591,34,,,1,70,,482612,34,,,1,30,,482600,34,,,1,70,,482629,34,,,1,30,,482623,34,,,1
1100,'3-1',552,,482699,34,,,1,70,,482668,34,,,1,30,,482693,34,,,1,70,,482661,34,,,1,30,,482685,34,,,1,70,,482696,34,,,1,30,,482691,34,,,1,66,,482683,50,,,1,31,,482671,50,,,1,70,,482688,50,,,1,31,,482682,50,,,1,70,,482678,50,,,1,30,,482698,50,,,1,70,,482686,50,,,1,30,,482670,50,,,1,70,,482677,50,,,1,30,,482679,50,,,1,70,,482673,50,,,1,30,,482674,50,,,1,70,,482666,50,,,1,30,,482690,50,,,1,70,,482665,50,,,1,29,,482662,50,,,1,70,,482695,50,,,1,30,,482676,50,,,1,70,,482684,50,,,1,29,,482694,50,,,1,70,,482697,50,,,1,29,,482672,50,,,1,70,,482689,50,,,1,28,,482681,50,,,1,61,,482669,34,,,1,30,,482680,34,,,1,70,,482664,34,,,1,30,,482692,34,,,1,70,,482700,34,,,1,30,,482675,34,,,1,70,,482687,34,,,1,30,,482663,34,,,1,70,,482667,34,,,1
1100,'4-1',552,,482715,34,,,1,70,,482711,34,,,1,30,,482717,34,,,1,70,,482701,34,,,1,30,,482730,34,,,1,70,,482731,34,,,1,30,,482714,34,,,1,66,,482712,50,,,1,31,,482725,50,,,1,101,,482713,50,,,1,70,,482718,50,,,1,30,,482723,50,,,1,70,,482721,50,,,1,30,,482703,50,,,1,70,,482705,50,,,1,30,,482729,50,,,1,70,,482734,50,,,1,30,,482722,50,,,1,70,,482709,50,,,1,30,,482704,50,,,1,70,,482724,50,,,1,99,,482710,50,,,1,100,,482719,50,,,1,29,,482720,50,,,1,99,,482732,50,,,1,98,,482702,50,,,1,61,,482716,34,,,1,30,,482728,34,,,1,70,,482727,34,,,1,30,,482708,34,,,1,70,,482733,34,,,1,30,,482707,34,,,1,70,,482726,34,,,1,30,,482735,34,,,1,70,,482706,34,,,1
1100,'5-1',444,,482782,34,,,1,70,,482769,34,,,1,33,,482764,34,,,1,55,,482745,34,,,1,15,,482743,34,,,1,13,,482741,34,,,1,19,,482752,34,,,1,56,,482784,34,,,1,16,,482773,34,,,1,16,,482770,34,,,1,16,,482779,34,,,1,56,,482778,34,,,1,16,,482797,34,,,1,15,,482791,34,,,1,15,,482774,34,,,1,55,,482785,50,,,1,9,,482744,34,,,1,16,,482780,50,,,1,13,,482740,34,,,1,54,,482768,50,,,1,16,,482788,34,,,1,16,,482792,50,,,1,15,,482755,34,,,1,54,,482781,50,,,1,16,,482772,34,,,1,15,,482793,50,,,1,17,,482798,34,,,1,53,,482799,50,,,1,15,,482775,34,,,1,14,,482748,50,,,1,15,,482758,34,,,1,55,,482765,50,,,1,16,,482738,34,,,1,14,,482766,50,,,1,14,,482786,34,,,1,55,,482776,50,,,1,17,,482737,34,,,1,14,,482760,50,,,1,13,,482759,34,,,1,55,,482795,50,,,1,15,,482746,34,,,1,13,,482751,50,,,1,15,,482794,34,,,1,11,,482771,50,,,1,73,,482753,50,,,1,15,,482749,34,,,1,16,,482757,50,,,1,55,,482739,34,,,1,14,,482767,50,,,1,17,,482783,34,,,1,13,,482777,50,,,1,66,,482790,50,,,1,30,,482762,50,,,1,69,,482750,50,,,1,27,,482754,50,,,1,70,,482796,50,,,1,28,,482787,50,,,1,69,,482761,50,,,1,30,,482756,50,,,1,73,,482736,34,,,1,32,,482747,34,,,1,71,,482742,34,,,1,30,,482789,34,,,1,71,,482763,34,,,1
1100,'6-1',649,,482807,34,,,1,70,,482805,34,,,1,30,,482820,34,,,1,70,,482808,34,,,1,30,,482810,34,,,1,70,,482824,34,,,1,28,,482813,50,,,1,70,,482818,34,,,1,31,,482803,50,,,1,70,,482800,50,,,1,30,,482819,50,,,1,70,,482826,50,,,1,30,,482830,50,,,1,70,,482809,50,,,1,30,,482811,50,,,1,70,,482823,50,,,1,30,,482821,50,,,1,70,,482801,50,,,1,30,,482832,50,,,1,70,,482812,50,,,1,29,,482825,50,,,1,70,,482827,50,,,1,100,,482806,50,,,1,29,,482833,50,,,1,70,,482829,50,,,1,95,,482804,34,,,1,29,,482815,34,,,1,70,,482817,34,,,1,30,,482816,34,,,1,70,,482802,34,,,1,30,,482822,34,,,1,70,,482814,34,,,1,30,,482831,34,,,1,70,,482828,34,,,1
1100,'7-1',444,,482880,34,,,1,70,,482867,34,,,1,33,,482862,34,,,1,55,,482843,34,,,1,15,,482841,34,,,1,13,,482839,34,,,1,19,,482850,34,,,1,56,,482882,34,,,1,16,,482871,34,,,1,16,,482868,34,,,1,16,,482877,34,,,1,56,,482876,34,,,1,16,,482895,34,,,1,15,,482889,34,,,1,15,,482872,34,,,1,55,,482883,50,,,1,9,,482842,34,,,1,16,,482878,50,,,1,13,,482838,34,,,1,54,,482866,50,,,1,16,,482886,34,,,1,16,,482890,50,,,1,15,,482853,34,,,1,54,,482879,50,,,1,16,,482870,34,,,1,15,,482891,50,,,1,17,,482896,34,,,1,53,,482897,50,,,1,15,,482873,34,,,1,14,,482846,50,,,1,15,,482856,34,,,1,55,,482863,50,,,1,16,,482836,34,,,1,14,,482864,50,,,1,14,,482884,34,,,1,55,,482874,50,,,1,17,,482835,34,,,1,14,,482858,50,,,1,13,,482857,34,,,1,55,,482893,50,,,1,15,,482844,34,,,1,13,,482849,50,,,1,15,,482892,34,,,1,11,,482869,50,,,1,73,,482851,50,,,1,15,,482847,34,,,1,16,,482855,50,,,1,55,,482837,34,,,1,14,,482865,50,,,1,17,,482881,34,,,1,13,,482875,50,,,1,66,,482888,50,,,1,30,,482860,50,,,1,69,,482848,50,,,1,27,,482852,50,,,1,70,,482894,50,,,1,28,,482885,50,,,1,69,,482859,50,,,1,30,,482854,50,,,1,73,,482834,34,,,1,32,,482845,34,,,1,71,,482840,34,,,1,30,,482887,34,,,1,71,,482861,34,,,1
1100,'8-1',444,,482944,34,,,1,70,,482931,34,,,1,33,,482926,34,,,1,55,,482907,34,,,1,15,,482905,34,,,1,13,,482903,34,,,1,19,,482914,34,,,1,56,,482946,34,,,1,16,,482935,34,,,1,16,,482932,34,,,1,16,,482941,34,,,1,56,,482940,34,,,1,16,,482959,34,,,1,15,,482953,34,,,1,15,,482936,34,,,1,55,,482947,50,,,1,9,,482906,34,,,1,16,,482942,50,,,1,13,,482902,34,,,1,54,,482930,50,,,1,16,,482950,34,,,1,16,,482954,50,,,1,15,,482917,34,,,1,54,,482943,50,,,1,16,,482934,34,,,1,15,,482955,50,,,1,17,,482960,34,,,1,53,,482961,50,,,1,15,,482937,34,,,1,14,,482910,50,,,1,15,,482920,34,,,1,55,,482927,50,,,1,16,,482899,34,,,1,14,,482928,50,,,1,14,,482948,34,,,1,55,,482938,50,,,1,17,,482900,34,,,1,14,,482922,50,,,1,13,,482921,34,,,1,55,,482957,50,,,1,15,,482908,34,,,1,13,,482913,50,,,1,15,,482956,34,,,1,11,,482933,50,,,1,73,,482915,50,,,1,15,,482911,34,,,1,16,,482919,50,,,1,55,,482901,34,,,1,14,,482929,50,,,1,17,,482945,34,,,1,13,,482939,50,,,1,66,,482952,50,,,1,30,,482924,50,,,1,69,,482912,50,,,1,27,,482916,50,,,1,70,,482958,50,,,1,28,,482949,50,,,1,69,,482923,50,,,1,30,,482918,50,,,1,73,,482898,34,,,1,32,,482909,34,,,1,71,,482904,34,,,1,30,,482951,34,,,1,71,,482925,34,,,1
1100,'9-1',444,,483008,34,,,1,70,,482995,34,,,1,33,,482990,34,,,1,55,,482971,34,,,1,15,,482969,34,,,1,13,,482967,34,,,1,19,,482978,34,,,1,56,,483010,34,,,1,16,,482999,34,,,1,16,,482996,34,,,1,16,,483005,34,,,1,56,,483004,34,,,1,16,,483023,34,,,1,15,,483017,34,,,1,15,,483000,34,,,1,55,,483011,50,,,1,9,,482970,34,,,1,16,,483006,50,,,1,13,,482966,34,,,1,54,,482994,50,,,1,16,,483014,34,,,1,16,,483018,50,,,1,15,,482981,34,,,1,54,,483007,50,,,1,16,,482998,34,,,1,15,,483019,50,,,1,17,,483024,34,,,1,53,,483025,50,,,1,15,,483001,34,,,1,14,,482974,50,,,1,15,,482984,34,,,1,55,,482991,50,,,1,16,,482963,34,,,1,14,,482992,50,,,1,14,,483012,34,,,1,55,,483002,50,,,1,17,,482964,34,,,1,14,,482986,50,,,1,13,,482985,34,,,1,55,,483021,50,,,1,15,,482972,34,,,1,13,,482977,50,,,1,15,,483020,34,,,1,11,,482997,50,,,1,73,,482979,50,,,1,15,,482975,34,,,1,16,,482983,50,,,1,55,,482965,34,,,1,14,,482993,50,,,1,17,,483009,34,,,1,13,,483003,50,,,1,66,,483016,50,,,1,30,,482988,50,,,1,69,,482976,50,,,1,27,,482980,50,,,1,70,,483022,50,,,1,28,,483013,50,,,1,69,,482987,50,,,1,30,,482982,50,,,1,73,,482962,34,,,1,32,,482973,34,,,1,71,,482968,34,,,1,30,,483015,34,,,1,71,,482989,34,,,1
1101,'1-1',511,,483077,28,0,56 57,1,32,,483087,28,0,56 57,1,72,,483063,28,0,56 57,1,29,,483027,28,0,56 57,1,57,,483088,28,0,56 57,1,17,,483072,28,0,56 57,1,14,,483060,28,0,56 57,1,22,,483085,28,0,56 57,1,57,,483029,28,,,1,21,,483080,28,0,56 57,1,20,,483036,28,,,1,59,,483057,28,0,56 57,1,19,,483037,28,,,1,13,,483066,28,0,56 57,1,15,,483074,28,,,1,51,,483028,28,0,56 57,1,17,,483076,28,,,1,8,,483083,28,,,1,12,,483068,28,0,56 57,1,57,,483065,28,0,56 57,1,14,,483079,28,,,1,15,,483046,28,0,56 57,1,16,,483070,28,,,1,57,,483071,28,0,56 57,1,15,,483044,28,,,1,16,,483048,28,0,56 57,1,17,,483050,28,,,1,56,,483058,28,0,56 57,1,14,,483052,28,,,1,13,,483081,28,0,56 57,1,15,,483064,28,,,1,55,,483045,28,0,56 57,1,15,,483026,28,,,1,15,,483038,28,0,56 57,1,18,,483078,28,,,1,54,,483082,28,0,56 57,1,17,,483075,28,,,1,13,,483073,28,0,56 57,1,16,,483032,28,,,1,56,,483049,28,0,56 57,1,17,,483059,28,,,1,16,,483034,28,0,56 57,1,15,,483031,28,,,1,56,,483056,28,0,56 57,1,12,,483033,28,,,1,27,,483042,28,,,1,55,,483067,28,0,56 57,1,13,,483084,28,,,1,15,,483035,28,0,56 57,1,14,,483055,28,0,56 57,1,55,,483039,28,,,1,14,,483051,28,,,1,25,,483090,28,,,1,65,,483047,28,,,1,24,,483061,28,,,1,25,,483030,28,0,56 57,1,69,,483069,28,0,56 57,1,25,,483040,28,0,56 57,1,67,,483062,28,0,56 57,1,30,,483053,28,0,56 57,1,68,,483086,28,0,56 57,1,28,,483089,28,0,56 57,1,70,,483041,28,0,56 57,1,30,,483043,28,0,56 57,1,70,,483054,28,0,56 57,1
1101,'2-1',713,,483098,28,0,56 57,1,30,,483141,28,0,56 57,1,70,,483119,28,0,56 57,1,32,,483130,28,,,1,70,,483158,28,,,1,31,,483143,28,,,1,70,,483137,28,,,1,32,,483094,28,,,1,71,,483118,28,,,1,15,,483146,28,0,56 57,1,15,,483108,28,,,1,55,,483124,28,0,56 57,1,15,,483114,28,,,1,15,,483091,28,0,56 57,1,15,,483142,28,,,1,10,,483145,28,4,,1,50,,483117,28,,,1,10,,483123,28,4,,1,10,,483107,28,,,1,10,,483121,28,4,,1,10,,483112,28,,,1,10,,483096,28,4,,1,50,,483149,28,,,1,10,,483159,28,4,,1,10,,483097,28,,,1,10,,483126,28,4,,1,10,,483153,28,,,1,10,,483155,28,4,,1,50,,483135,28,,,1,10,,483113,28,4,,1,10,,483134,28,,,1,10,,483128,28,4,,1,10,,483136,28,,,1,10,,483092,28,4,,1,50,,483166,28,,,1,10,,483100,28,4,,1,10,,483102,28,,,1,9,,483115,28,4,,1,10,,483138,28,,,1,10,,483133,28,4,,1,50,,483106,28,,,1,10,,483104,28,4,,1,10,,483144,28,,,1,10,,483148,28,4,,1,10,,483150,28,,,1,10,,483120,28,4,,1,50,,483151,28,,,1,10,,483095,28,4,,1,10,,483105,28,,,1,10,,483109,28,4,,1,10,,483131,28,,,1,10,,483157,28,4,,1,50,,483103,28,,,1,10,,483147,28,4,,1,10,,483116,28,,,1,9,,483167,28,4,,1,10,,483164,28,,,1,10,,483156,28,4,,1,50,,483163,28,,,1,10,,483162,28,4,,1,10,,483165,28,,,1,8,,483127,28,4,,1,10,,483101,28,,,1,10,,483140,28,4,,1,50,,483139,28,,,1,10,,483111,28,0,56 57,1,15,,483132,28,0,56 57,1,15,,483122,28,0,56 57,1,55,,483161,28,0,56 57,1,15,,483125,28,0,56 57,1,15,,483160,28,0,56 57,1,15,,483093,28,0,56 57,1,55,,483099,28,0,56 57,1,15,,483129,28,0,56 57,1,30,,483154,28,0,56 57,1,70,,483152,28,0,56 57,1,30,,483110,28,0,56 57,1
1101,'3-1',544,,483200,28,0,56 57,1,70,,483199,28,0,56 57,1,30,,483178,28,0,56 57,1,70,,483193,28,0,56 57,1,30,,483206,28,0,56 57,1,70,,483169,28,,,1,32,,483170,28,,,1,70,,483175,28,,,1,31,,483177,28,,,1,70,,483189,28,,,1,32,,483203,28,,,1,72,,483176,28,,,1,31,,483186,28,,,1,70,,483207,28,,,1,30,,483204,28,,,1,70,,483184,28,,,1,30,,483198,28,,,1,70,,483168,28,,,1,30,,483188,28,,,1,70,,483180,28,,,1,30,,483192,28,,,1,70,,483185,28,,,1,29,,483172,28,,,1,70,,483201,28,,,1,30,,483179,28,,,1,70,,483205,28,,,1,30,,483195,28,,,1,70,,483187,28,,,1,29,,483182,28,,,1,75,,483171,28,0,56 57,1,28,,483196,28,0,56 57,1,72,,483181,28,0,56 57,1,31,,483191,28,0,56 57,1,71,,483197,28,0,56 57,1,31,,483183,28,0,56 57,1,71,,483173,28,0,56 57,1,71,,483174,28,0,56 57,1,31,,483190,28,0,56 57,1,71,,483194,28,0,56 57,1,30,,483202,28,0,56 57,1
1101,'4-1',544,,483216,28,0,56 57,1,70,,483220,28,0,56 57,1,30,,483237,28,0,56 57,1,70,,483232,28,0,56 57,1,30,,483225,28,0,56 57,1,70,,483223,28,,,1,32,,483208,28,,,1,70,,483231,28,,,1,31,,483236,28,,,1,70,,483217,28,,,1,32,,483214,28,,,1,103,,483229,28,,,1,70,,483218,28,,,1,30,,483239,28,,,1,70,,483233,28,,,1,30,,483211,28,,,1,70,,483215,28,,,1,30,,483222,28,,,1,100,,483212,28,,,1,99,,483226,28,,,1,70,,483235,28,,,1,100,,483234,28,,,1,100,,483240,28,,,1,29,,483224,28,,,1,103,,483227,28,0,56 57,1,103,,483213,28,0,56 57,1,71,,483219,28,0,56 57,1,31,,483228,28,0,56 57,1,71,,483230,28,0,56 57,1,71,,483209,28,0,56 57,1,31,,483238,28,0,56 57,1,71,,483221,28,0,56 57,1,30,,483210,28,0,56 57,1
1101,'5-1',511,,483292,28,0,56 57,1,32,,483302,28,0,56 57,1,72,,483278,28,0,56 57,1,29,,483242,28,0,56 57,1,57,,483303,28,0,56 57,1,17,,483287,28,0,56 57,1,14,,483275,28,0,56 57,1,22,,483300,28,0,56 57,1,57,,483244,28,,,1,21,,483295,28,0,56 57,1,20,,483251,28,,,1,59,,483272,28,0,56 57,1,19,,483252,28,,,1,13,,483281,28,0,56 57,1,15,,483289,28,,,1,51,,483243,28,0,56 57,1,17,,483291,28,,,1,8,,483298,28,,,1,12,,483283,28,0,56 57,1,57,,483280,28,0,56 57,1,14,,483294,28,,,1,15,,483261,28,0,56 57,1,16,,483285,28,,,1,57,,483286,28,0,56 57,1,15,,483259,28,,,1,16,,483263,28,0,56 57,1,17,,483265,28,,,1,56,,483273,28,0,56 57,1,14,,483267,28,,,1,13,,483296,28,0,56 57,1,15,,483279,28,,,1,55,,483260,28,0,56 57,1,15,,483241,28,,,1,15,,483253,28,0,56 57,1,18,,483293,28,,,1,54,,483297,28,0,56 57,1,17,,483290,28,,,1,13,,483288,28,0,56 57,1,16,,483247,28,,,1,56,,483264,28,0,56 57,1,17,,483274,28,,,1,16,,483249,28,0,56 57,1,15,,483246,28,,,1,56,,483271,28,0,56 57,1,12,,483248,28,,,1,27,,483257,28,,,1,55,,483282,28,0,56 57,1,13,,483299,28,,,1,15,,483250,28,0,56 57,1,14,,483270,28,0,56 57,1,55,,483254,28,,,1,14,,483266,28,,,1,25,,483305,28,,,1,65,,483262,28,,,1,24,,483276,28,,,1,25,,483245,28,0,56 57,1,69,,483284,28,0,56 57,1,25,,483255,28,0,56 57,1,67,,483277,28,0,56 57,1,30,,483268,28,0,56 57,1,68,,483301,28,0,56 57,1,28,,483304,28,0,56 57,1,70,,483256,28,0,56 57,1,30,,483258,28,0,56 57,1,70,,483269,28,0,56 57,1
1101,'6-1',713,,483334,28,0,56 57,1,30,,483319,28,0,56 57,1,70,,483326,28,0,56 57,1,32,,483306,28,,,1,70,,483310,28,,,1,31,,483332,28,,,1,70,,483317,28,,,1,32,,483339,28,,,1,71,,483322,28,,,1,30,,483308,28,,,1,70,,483312,28,,,1,30,,483331,28,,,1,70,,483337,28,,,1,30,,483340,28,,,1,70,,483315,28,,,1,30,,483328,28,,,1,70,,483333,28,,,1,30,,483320,28,,,1,70,,483323,28,,,1,29,,483338,28,,,1,70,,483324,28,,,1,30,,483316,28,,,1,70,,483311,28,0,56 57,1,100,,483327,28,0,56 57,1,29,,483309,28,0,56 57,1,67,,483336,28,0,56 57,1,31,,483330,28,0,56 57,1,70,,483325,28,0,56 57,1,30,,483335,28,0,56 57,1,70,,483307,28,0,56 57,1,30,,483321,28,0,56 57,1,70,,483314,28,0,56 57,1,30,,483313,28,0,56 57,1,70,,483329,28,0,56 57,1,30,,483318,28,0,56 57,1
1101,'7-1',511,,483392,28,0,56 57,1,32,,483402,28,0,56 57,1,72,,483378,28,0,56 57,1,29,,483342,28,0,56 57,1,57,,483403,28,0,56 57,1,17,,483387,28,0,56 57,1,14,,483375,28,0,56 57,1,22,,483400,28,0,56 57,1,57,,483344,28,,,1,21,,483395,28,0,56 57,1,20,,483351,28,,,1,59,,483372,28,0,56 57,1,19,,483352,28,,,1,13,,483381,28,0,56 57,1,15,,483389,28,,,1,51,,483343,28,0,56 57,1,17,,483391,28,,,1,8,,483398,28,,,1,12,,483383,28,0,56 57,1,57,,483380,28,0,56 57,1,14,,483394,28,,,1,15,,483361,28,0,56 57,1,16,,483385,28,,,1,57,,483386,28,0,56 57,1,15,,483359,28,,,1,16,,483363,28,0,56 57,1,17,,483365,28,,,1,56,,483373,28,0,56 57,1,14,,483367,28,,,1,13,,483396,28,0,56 57,1,15,,483379,28,,,1,55,,483360,28,0,56 57,1,15,,483341,28,,,1,15,,483353,28,0,56 57,1,18,,483393,28,,,1,54,,483397,28,0,56 57,1,17,,483390,28,,,1,13,,483388,28,0,56 57,1,16,,483347,28,,,1,56,,483364,28,0,56 57,1,17,,483374,28,,,1,16,,483349,28,0,56 57,1,15,,483346,28,,,1,56,,483371,28,0,56 57,1,12,,483348,28,,,1,27,,483357,28,,,1,55,,483382,28,0,56 57,1,13,,483399,28,,,1,15,,483350,28,0,56 57,1,14,,483370,28,0,56 57,1,55,,483354,28,,,1,14,,483366,28,,,1,25,,483405,28,,,1,65,,483362,28,,,1,24,,483376,28,,,1,25,,483345,28,0,56 57,1,69,,483384,28,0,56 57,1,25,,483355,28,0,56 57,1,67,,483377,28,0,56 57,1,30,,483368,28,0,56 57,1,68,,483401,28,0,56 57,1,28,,483404,28,0,56 57,1,70,,483356,28,0,56 57,1,30,,483358,28,0,56 57,1,70,,483369,28,0,56 57,1
1101,'8-1',511,,483457,28,0,56 57,1,32,,483467,28,0,56 57,1,72,,483443,28,0,56 57,1,29,,483407,28,0,56 57,1,57,,483468,28,0,56 57,1,17,,483452,28,0,56 57,1,14,,483440,28,0,56 57,1,22,,483465,28,0,56 57,1,57,,483409,28,,,1,21,,483460,28,0,56 57,1,20,,483416,28,,,1,59,,483437,28,0,56 57,1,19,,483417,28,,,1,13,,483446,28,0,56 57,1,15,,483454,28,,,1,51,,483408,28,0,56 57,1,17,,483456,28,,,1,8,,483463,28,,,1,12,,483448,28,0,56 57,1,57,,483445,28,0,56 57,1,14,,483459,28,,,1,15,,483426,28,0,56 57,1,16,,483450,28,,,1,57,,483451,28,0,56 57,1,15,,483424,28,,,1,16,,483428,28,0,56 57,1,17,,483430,28,,,1,56,,483438,28,0,56 57,1,14,,483432,28,,,1,13,,483461,28,0,56 57,1,15,,483444,28,,,1,55,,483425,28,0,56 57,1,15,,483406,28,,,1,15,,483418,28,0,56 57,1,18,,483458,28,,,1,54,,483462,28,0,56 57,1,17,,483455,28,,,1,13,,483453,28,0,56 57,1,16,,483412,28,,,1,56,,483429,28,0,56 57,1,17,,483439,28,,,1,16,,483414,28,0,56 57,1,15,,483411,28,,,1,56,,483436,28,0,56 57,1,12,,483413,28,,,1,27,,483422,28,,,1,55,,483447,28,0,56 57,1,13,,483464,28,,,1,15,,483415,28,0,56 57,1,14,,483435,28,0,56 57,1,55,,483419,28,,,1,14,,483431,28,,,1,25,,483470,28,,,1,65,,483427,28,,,1,24,,483441,28,,,1,25,,483410,28,0,56 57,1,69,,483449,28,0,56 57,1,25,,483420,28,0,56 57,1,67,,483442,28,0,56 57,1,30,,483433,28,0,56 57,1,68,,483466,28,0,56 57,1,28,,483469,28,0,56 57,1,70,,483421,28,0,56 57,1,30,,483423,28,0,56 57,1,70,,483434,28,0,56 57,1
1101,'9-1',511,,483522,28,0,56 57,1,32,,483532,28,0,56 57,1,72,,483508,28,0,56 57,1,29,,483472,28,0,56 57,1,57,,483533,28,0,56 57,1,17,,483517,28,0,56 57,1,14,,483505,28,0,56 57,1,22,,483530,28,0,56 57,1,57,,483474,28,,,1,21,,483525,28,0,56 57,1,20,,483481,28,,,1,59,,483502,28,0,56 57,1,19,,483482,28,,,1,13,,483511,28,0,56 57,1,15,,483519,28,,,1,51,,483473,28,0,56 57,1,17,,483521,28,,,1,8,,483528,28,,,1,12,,483513,28,0,56 57,1,57,,483510,28,0,56 57,1,14,,483524,28,,,1,15,,483491,28,0,56 57,1,16,,483515,28,,,1,57,,483516,28,0,56 57,1,15,,483489,28,,,1,16,,483493,28,0,56 57,1,17,,483495,28,,,1,56,,483503,28,0,56 57,1,14,,483497,28,,,1,13,,483526,28,0,56 57,1,15,,483509,28,,,1,55,,483490,28,0,56 57,1,15,,483471,28,,,1,15,,483483,28,0,56 57,1,18,,483523,28,,,1,54,,483527,28,0,56 57,1,17,,483520,28,,,1,13,,483518,28,0,56 57,1,16,,483477,28,,,1,56,,483494,28,0,56 57,1,17,,483504,28,,,1,16,,483479,28,0,56 57,1,15,,483476,28,,,1,56,,483501,28,0,56 57,1,12,,483478,28,,,1,27,,483487,28,,,1,55,,483512,28,0,56 57,1,13,,483529,28,,,1,15,,483480,28,0,56 57,1,14,,483500,28,0,56 57,1,55,,483484,28,,,1,14,,483496,28,,,1,25,,483535,28,,,1,65,,483492,28,,,1,24,,483506,28,,,1,25,,483475,28,0,56 57,1,69,,483514,28,0,56 57,1,25,,483485,28,0,56 57,1,67,,483507,28,0,56 57,1,30,,483498,28,0,56 57,1,68,,483531,28,0,56 57,1,28,,483534,28,0,56 57,1,70,,483486,28,0,56 57,1,30,,483488,28,0,56 57,1,70,,483499,28,0,56 57,1
1200,'1-1',602,,483572,1,,,1,30,,483544,1,,,1,68,,483547,1,,,1,17,,483550,1,,,1,15,,483588,1,,,1,15,,483599,1,,,1,57,,483602,1,,,1,14,,483577,1,,,1,17,,483578,1,,,1,14,,483584,1,,,1,56,,483569,1,,,1,16,,483603,1,,,1,15,,483606,1,,,1,15,,483596,1,,,1,56,,483542,1,,,1,14,,483566,1,,,1,15,,483559,1,,,1,15,,483611,1,,,1,55,,483538,1,,,1,15,,483592,1,,,1,15,,483609,1,,,1,15,,483580,1,,,1,55,,483594,1,,,1,15,,483541,1,,,1,15,,483565,1,,,1,15,,483536,1,,,1,54,,483597,1,,,1,14,,483575,1,,,1,13,,483589,1,,,1,16,,483612,1,,,1,56,,483545,1,,,1,15,,483610,1,,,1,15,,483557,1,,,1,15,,483554,1,,,1,55,,483562,1,,,1,15,,483608,1,,,1,15,,483543,1,,,1,15,,483574,1,,,1,55,,483576,1,,,1,17,,483595,1,,,1,13,,483604,1,,,1,15,,483585,1,,,1,55,,483601,1,,,1,15,,483600,1,,,1,16,,483556,1,,,1,14,,483537,1,,,1,54,,483558,1,,,1,14,,483590,1,,,1,31,,483586,1,,,1,71,,483587,1,,,1,31,,483539,1,,,1,69,,483571,1,,,1,31,,483563,1,,,1,71,,483573,1,,,1,29,,483564,1,,,1,69,,483553,1,,,1,100,,483546,1,,,1
1200,'2-1',827,,483688,1,,,1,96,,483625,1,,,1,102,,483624,1,,,1,100,,483639,1,,,1,30,,483619,1,,,1,70,,483622,1,,,1,30,,483670,1,,,1,70,,483672,1,,,1,30,,483618,1,,,1,70,,483686,1,,,1,30,,483677,1,,,1,70,,483626,1,,,1,30,,483683,1,,,1,70,,483658,1,,,1,30,,483659,1,,,1,70,,483678,1,,,1,30,,483660,1,,,1,83,,483617,1,,,1,300,,483649,1,,,1,100,,483623,1,,,1,100,,483687,1,,,1,106,,483641,1,,,1
1200,'3-1',844,,483736,1,,,1,70,,483751,1,,,1,30,,483717,1,,,1,70,,483698,1,,,1,30,,483727,1,,,1,92,,483753,1,,,1,8,,483752,1,,,1,70,,483728,1,,,1,24,,483704,1,,,1,76,,483732,1,,,1,30,,483749,1,,,1,70,,483746,1,,,1,30,,483730,1,,,1,70,,483696,1,,,1,30,,483699,1,,,1,70,,483719,1,,,1,30,,483707,1,,,1,70,,483756,1,,,1,30,,483760,1,,,1,70,,483761,1,,,1,30,,483733,1,,,1,70,,483754,1,,,1,30,,483750,1,,,1,70,,483731,1,,,1,30,,483706,1,,,1,98,,483743,1,,,1,100,,483742,1,,,1
1200,'4-1',844,,483772,1,,,1,70,,483803,1,,,1,30,,483775,1,,,1,70,,483792,1,,,1,30,,483810,1,,,1,92,,483813,1,,,1,8,,483773,1,,,1,70,,483766,1,,,1,24,,483774,1,,,1,76,,483776,1,,,1,30,,483827,1,,,1,70,,483771,1,,,1,30,,483791,1,,,1,70,,483796,1,,,1,30,,483807,1,,,1,70,,483808,1,,,1,100,,483764,1,,,1,30,,483778,1,,,1,70,,483793,1,,,1,30,,483802,1,,,1,70,,483795,1,,,1,30,,483801,1,,,1,70,,483806,1,,,1,30,,483788,1,,,1,98,,483812,1,,,1,100,,483789,1,,,1
1200,'5-1',602,,483865,1,,,1,30,,483837,1,,,1,68,,483840,1,,,1,17,,483843,1,,,1,15,,483881,1,,,1,15,,483892,1,,,1,57,,483895,1,,,1,14,,483870,1,,,1,17,,483871,1,,,1,14,,483877,1,,,1,56,,483862,1,,,1,16,,483896,1,,,1,15,,483899,1,,,1,15,,483889,1,,,1,56,,483835,1,,,1,14,,483859,1,,,1,15,,483852,1,,,1,15,,483904,1,,,1,55,,483831,1,,,1,15,,483885,1,,,1,15,,483902,1,,,1,15,,483873,1,,,1,55,,483887,1,,,1,15,,483834,1,,,1,15,,483858,1,,,1,15,,483829,1,,,1,54,,483890,1,,,1,14,,483868,1,,,1,13,,483882,1,,,1,16,,483905,1,,,1,56,,483838,1,,,1,15,,483903,1,,,1,15,,483850,1,,,1,15,,483847,1,,,1,55,,483855,1,,,1,15,,483901,1,,,1,15,,483836,1,,,1,15,,483867,1,,,1,55,,483869,1,,,1,17,,483888,1,,,1,13,,483897,1,,,1,15,,483878,1,,,1,55,,483894,1,,,1,15,,483893,1,,,1,16,,483849,1,,,1,14,,483830,1,,,1,54,,483851,1,,,1,14,,483883,1,,,1,31,,483879,1,,,1,71,,483880,1,,,1,31,,483832,1,,,1,69,,483864,1,,,1,31,,483856,1,,,1,71,,483866,1,,,1,29,,483857,1,,,1,69,,483846,1,,,1,100,,483839,1,,,1
1200,'6-1',827,,483910,1,,,1,96,,483917,1,,,1,102,,483953,1,,,1,100,,483943,1,,,1,30,,483939,1,,,1,70,,483946,1,,,1,30,,483908,1,,,1,70,,483914,1,,,1,30,,483927,1,,,1,70,,483948,1,,,1,30,,483929,1,,,1,70,,483937,1,,,1,100,,483919,1,,,1,30,,483912,1,,,1,70,,483926,1,,,1,30,,483906,1,,,1,83,,483909,1,,,1
1200,'7-1',602,,483992,1,,,1,30,,483964,1,,,1,68,,483967,1,,,1,17,,483970,1,,,1,15,,484008,1,,,1,15,,484019,1,,,1,57,,484022,1,,,1,14,,483997,1,,,1,17,,483998,1,,,1,14,,484004,1,,,1,56,,483989,1,,,1,16,,484023,1,,,1,15,,484026,1,,,1,15,,484016,1,,,1,56,,483962,1,,,1,14,,483986,1,,,1,15,,483979,1,,,1,15,,484031,1,,,1,55,,483958,1,,,1,15,,484012,1,,,1,15,,484029,1,,,1,15,,484000,1,,,1,55,,484014,1,,,1,15,,483961,1,,,1,15,,483985,1,,,1,15,,483956,1,,,1,54,,484017,1,,,1,14,,483995,1,,,1,13,,484009,1,,,1,16,,484032,1,,,1,56,,483965,1,,,1,15,,484030,1,,,1,15,,483977,1,,,1,15,,483974,1,,,1,55,,483982,1,,,1,15,,484028,1,,,1,15,,483963,1,,,1,15,,483994,1,,,1,55,,483996,1,,,1,17,,484015,1,,,1,13,,484024,1,,,1,15,,484005,1,,,1,55,,484021,1,,,1,15,,484020,1,,,1,16,,483976,1,,,1,14,,483957,1,,,1,54,,483978,1,,,1,14,,484010,1,,,1,31,,484006,1,,,1,71,,484007,1,,,1,31,,483959,1,,,1,69,,483991,1,,,1,31,,483983,1,,,1,71,,483993,1,,,1,29,,483984,1,,,1,69,,483973,1,,,1,100,,483966,1,,,1
1200,'8-1',602,,484069,1,,,1,30,,484041,1,,,1,68,,484044,1,,,1,17,,484047,1,,,1,15,,484085,1,,,1,15,,484096,1,,,1,57,,484099,1,,,1,14,,484074,1,,,1,17,,484075,1,,,1,14,,484081,1,,,1,56,,484066,1,,,1,16,,484100,1,,,1,15,,484103,1,,,1,15,,484093,1,,,1,56,,484039,1,,,1,14,,484063,1,,,1,15,,484056,1,,,1,15,,484108,1,,,1,55,,484035,1,,,1,15,,484089,1,,,1,15,,484106,1,,,1,15,,484077,1,,,1,55,,484091,1,,,1,15,,484038,1,,,1,15,,484062,1,,,1,15,,484033,1,,,1,54,,484094,1,,,1,14,,484072,1,,,1,13,,484086,1,,,1,16,,484109,1,,,1,56,,484042,1,,,1,15,,484107,1,,,1,15,,484054,1,,,1,15,,484051,1,,,1,55,,484059,1,,,1,15,,484105,1,,,1,15,,484040,1,,,1,15,,484071,1,,,1,55,,484073,1,,,1,17,,484092,1,,,1,13,,484101,1,,,1,15,,484082,1,,,1,55,,484098,1,,,1,15,,484097,1,,,1,16,,484053,1,,,1,14,,484034,1,,,1,54,,484055,1,,,1,14,,484087,1,,,1,31,,484083,1,,,1,71,,484084,1,,,1,31,,484036,1,,,1,69,,484068,1,,,1,31,,484060,1,,,1,71,,484070,1,,,1,29,,484061,1,,,1,69,,484050,1,,,1,100,,484043,1,,,1
1200,'9-1',602,,484146,1,,,1,30,,484118,1,,,1,68,,484121,1,,,1,17,,484124,1,,,1,15,,484162,1,,,1,15,,484173,1,,,1,57,,484176,1,,,1,14,,484151,1,,,1,17,,484152,1,,,1,14,,484158,1,,,1,56,,484143,1,,,1,16,,484177,1,,,1,15,,484180,1,,,1,15,,484170,1,,,1,56,,484116,1,,,1,14,,484140,1,,,1,15,,484133,1,,,1,15,,484185,1,,,1,55,,484112,1,,,1,15,,484166,1,,,1,15,,484183,1,,,1,15,,484154,1,,,1,55,,484168,1,,,1,15,,484115,1,,,1,15,,484139,1,,,1,15,,484110,1,,,1,54,,484171,1,,,1,14,,484149,1,,,1,13,,484163,1,,,1,16,,484186,1,,,1,56,,484119,1,,,1,15,,484184,1,,,1,15,,484131,1,,,1,15,,484128,1,,,1,55,,484136,1,,,1,15,,484182,1,,,1,15,,484117,1,,,1,15,,484148,1,,,1,55,,484150,1,,,1,17,,484169,1,,,1,13,,484178,1,,,1,15,,484159,1,,,1,55,,484175,1,,,1,15,,484174,1,,,1,16,,484130,1,,,1,14,,484111,1,,,1,54,,484132,1,,,1,14,,484164,1,,,1,31,,484160,1,,,1,71,,484161,1,,,1,31,,484113,1,,,1,69,,484145,1,,,1,31,,484137,1,,,1,71,,484147,1,,,1,29,,484138,1,,,1,69,,484127,1,,,1,100,,484120,1,,,1
1201,'1-1',642,,484195,62,4,,1,63,,484190,62,4,,1,17,,484246,62,4,,1,17,,484212,62,4,,1,18,,484218,62,4,,1,59,,484205,62,4,,1,15,,484251,62,4,,1,19,,484244,62,4,,1,56,,484232,62,4,,1,15,,484191,62,4,,1,16,,484189,62,4,,1,14,,484242,62,4,,1,52,,484241,62,4,,1,12,,484219,62,4,,1,14,,484213,62,4,,1,15,,484209,62,4,,1,15,,484208,62,4,,1,54,,484228,62,4,,1,14,,484204,62,4,,1,14,,484210,62,4,,1,14,,484206,62,4,,1,56,,484187,62,4,,1,15,,484233,62,4,,1,19,,484225,62,4,,1,56,,484248,62,4,,1,16,,484220,62,4,,1,16,,484237,62,4,,1,16,,484215,62,4,,1,56,,484257,62,4,,1,15,,484245,62,4,,1,17,,484236,62,4,,1,15,,484200,62,4,,1,56,,484235,62,4,,1,17,,484194,62,4,,1,18,,484197,62,4,,1,16,,484226,62,4,,1,57,,484253,62,4,,1,17,,484229,62,4,,1,17,,484211,62,4,,1,56,,484230,62,4,,1,13,,484199,62,4,,1,11,,484217,62,4,,1,15,,484260,62,4,,1,14,,484227,62,4,,1,50,,484255,62,4,,1,11,,484222,62,4,,1,15,,484259,62,4,,1,68,,484263,62,4,,1,23,,484201,62,4,,1,27,,484223,62,4,,1,68,,484188,62,4,,1,28,,484196,62,4,,1,69,,484202,62,4,,1,29,,484207,62,4,,1,68,,484252,62,4,,1,26,,484256,62,4,,1,70,,484240,62,4,,1
1201,'2-1',840,,484313,62,4,,1,73,,484286,62,4,,1,23,,484279,62,4,,1,70,,484338,62,4,,1,30,,484337,62,4,,1,67,,484341,62,4,,1,30,,484316,62,4,,1,70,,484335,62,4,,1,32,,484336,62,4,,1,70,,484283,62,4,,1,30,,484307,62,4,,1,70,,484334,62,4,,1,30,,484272,62,4,,1,70,,484287,62,4,,1,30,,484282,62,4,,1,70,,484314,62,4,,1,29,,484342,62,4,,1,70,,484327,62,4,,1,30,,484325,62,4,,1,70,,484320,62,4,,1,30,,484306,62,4,,1,70,,484281,62,4,,1,206,,484296,62,4,,1,100,,484303,62,4,,1,98,,484284,62,4,,1,110,,484319,62,4,,1
1201,'3-1',759,,484377,62,4,,1,70,,484405,62,4,,1,71,,484347,62,4,,1,29,,484346,62,4,,1,30,,484345,62,4,,1,70,,484407,62,4,,1,72,,484356,62,4,,1,30,,484390,62,4,,1,70,,484367,62,4,,1,30,,484349,62,4,,1,72,,484364,62,4,,1,30,,484396,62,4,,1,70,,484408,62,4,,1,30,,484380,62,4,,1,70,,484358,62,4,,1,30,,484385,62,4,,1,70,,484391,62,4,,1,30,,484401,62,4,,1,69,,484400,62,4,,1,30,,484352,62,4,,1,70,,484397,62,4,,1,30,,484398,62,4,,1,70,,484360,62,4,,1,30,,484409,62,4,,1,70,,484375,62,4,,1,30,,484389,62,4,,1,26,,484374,62,4,,1,73,,484376,62,4,,1,100,,484384,62,4,,1,98,,484363,62,4,,1
1201,'4-1',759,,484443,62,4,,1,70,,484412,62,4,,1,71,,484418,62,4,,1,29,,484417,62,4,,1,30,,484432,62,4,,1,70,,484474,62,4,,1,72,,484416,62,4,,1,30,,484439,62,4,,1,70,,484428,62,4,,1,30,,484427,62,4,,1,72,,484468,62,4,,1,30,,484413,62,4,,1,70,,484433,62,4,,1,30,,484414,62,4,,1,70,,484444,62,4,,1,30,,484446,62,4,,1,70,,484458,62,4,,1,56,,484437,62,4,,1,73,,484441,62,4,,1,70,,484449,62,4,,1,100,,484464,62,4,,1,30,,484422,62,4,,1,70,,484440,62,4,,1,30,,484429,62,4,,1,26,,484436,62,4,,1,73,,484442,62,4,,1,100,,484421,62,4,,1,98,,484447,62,4,,1
1201,'5-1',642,,484485,62,4,,1,63,,484480,62,4,,1,17,,484536,62,4,,1,17,,484502,62,4,,1,18,,484508,62,4,,1,59,,484495,62,4,,1,15,,484541,62,4,,1,19,,484534,62,4,,1,56,,484522,62,4,,1,15,,484481,62,4,,1,16,,484479,62,4,,1,14,,484532,62,4,,1,52,,484531,62,4,,1,12,,484509,62,4,,1,14,,484503,62,4,,1,15,,484499,62,4,,1,15,,484498,62,4,,1,54,,484518,62,4,,1,14,,484494,62,4,,1,14,,484500,62,4,,1,14,,484496,62,4,,1,56,,484477,62,4,,1,15,,484523,62,4,,1,19,,484515,62,4,,1,56,,484538,62,4,,1,16,,484510,62,4,,1,16,,484527,62,4,,1,16,,484505,62,4,,1,56,,484547,62,4,,1,15,,484535,62,4,,1,17,,484526,62,4,,1,15,,484490,62,4,,1,56,,484525,62,4,,1,17,,484484,62,4,,1,18,,484487,62,4,,1,16,,484516,62,4,,1,57,,484543,62,4,,1,17,,484519,62,4,,1,17,,484501,62,4,,1,56,,484520,62,4,,1,13,,484489,62,4,,1,11,,484507,62,4,,1,15,,484550,62,4,,1,14,,484517,62,4,,1,50,,484545,62,4,,1,11,,484512,62,4,,1,15,,484549,62,4,,1,68,,484553,62,4,,1,23,,484491,62,4,,1,27,,484513,62,4,,1,68,,484478,62,4,,1,28,,484486,62,4,,1,69,,484492,62,4,,1,29,,484497,62,4,,1,68,,484542,62,4,,1,26,,484546,62,4,,1,70,,484530,62,4,,1
1201,'6-1',840,,484571,62,4,,1,73,,484580,62,4,,1,23,,484582,62,4,,1,70,,484563,62,4,,1,30,,484601,62,4,,1,72,,484589,62,4,,1,30,,484566,62,4,,1,172,,484577,62,4,,1,30,,484568,62,4,,1,70,,484570,62,4,,1,30,,484573,62,4,,1,70,,484575,62,4,,1,30,,484564,62,4,,1,70,,484556,62,4,,1,30,,484597,62,4,,1,69,,484572,62,4,,1,30,,484600,62,4,,1,70,,484587,62,4,,1,45,,484576,62,4,,1
1201,'7-1',642,,484611,62,4,,1,63,,484606,62,4,,1,17,,484662,62,4,,1,17,,484628,62,4,,1,18,,484634,62,4,,1,59,,484621,62,4,,1,15,,484667,62,4,,1,19,,484660,62,4,,1,56,,484648,62,4,,1,15,,484607,62,4,,1,16,,484605,62,4,,1,14,,484658,62,4,,1,52,,484657,62,4,,1,12,,484635,62,4,,1,14,,484629,62,4,,1,15,,484625,62,4,,1,15,,484624,62,4,,1,54,,484644,62,4,,1,14,,484620,62,4,,1,14,,484626,62,4,,1,14,,484622,62,4,,1,56,,484603,62,4,,1,15,,484649,62,4,,1,19,,484641,62,4,,1,56,,484664,62,4,,1,16,,484636,62,4,,1,16,,484653,62,4,,1,16,,484631,62,4,,1,56,,484673,62,4,,1,15,,484661,62,4,,1,17,,484652,62,4,,1,15,,484616,62,4,,1,56,,484651,62,4,,1,17,,484610,62,4,,1,18,,484613,62,4,,1,16,,484642,62,4,,1,57,,484669,62,4,,1,17,,484645,62,4,,1,17,,484627,62,4,,1,56,,484646,62,4,,1,13,,484615,62,4,,1,11,,484633,62,4,,1,15,,484676,62,4,,1,14,,484643,62,4,,1,50,,484671,62,4,,1,11,,484638,62,4,,1,15,,484675,62,4,,1,68,,484679,62,4,,1,23,,484617,62,4,,1,27,,484639,62,4,,1,68,,484604,62,4,,1,28,,484612,62,4,,1,69,,484618,62,4,,1,29,,484623,62,4,,1,68,,484668,62,4,,1,26,,484672,62,4,,1,70,,484656,62,4,,1
1201,'8-1',642,,484688,62,4,,1,63,,484683,62,4,,1,17,,484739,62,4,,1,17,,484705,62,4,,1,18,,484711,62,4,,1,59,,484698,62,4,,1,15,,484744,62,4,,1,19,,484737,62,4,,1,56,,484725,62,4,,1,15,,484684,62,4,,1,16,,484682,62,4,,1,14,,484735,62,4,,1,52,,484734,62,4,,1,12,,484712,62,4,,1,14,,484706,62,4,,1,15,,484702,62,4,,1,15,,484701,62,4,,1,54,,484721,62,4,,1,14,,484697,62,4,,1,14,,484703,62,4,,1,14,,484699,62,4,,1,56,,484680,62,4,,1,15,,484726,62,4,,1,19,,484718,62,4,,1,56,,484741,62,4,,1,16,,484713,62,4,,1,16,,484730,62,4,,1,16,,484708,62,4,,1,56,,484750,62,4,,1,15,,484738,62,4,,1,17,,484729,62,4,,1,15,,484693,62,4,,1,56,,484728,62,4,,1,17,,484687,62,4,,1,18,,484690,62,4,,1,16,,484719,62,4,,1,57,,484746,62,4,,1,17,,484722,62,4,,1,17,,484704,62,4,,1,56,,484723,62,4,,1,13,,484692,62,4,,1,11,,484710,62,4,,1,15,,484753,62,4,,1,14,,484720,62,4,,1,50,,484748,62,4,,1,11,,484715,62,4,,1,15,,484752,62,4,,1,68,,484756,62,4,,1,23,,484694,62,4,,1,27,,484716,62,4,,1,68,,484681,62,4,,1,28,,484689,62,4,,1,69,,484695,62,4,,1,29,,484700,62,4,,1,68,,484745,62,4,,1,26,,484749,62,4,,1,70,,484733,62,4,,1
1201,'9-1',642,,484765,62,4,,1,63,,484760,62,4,,1,17,,484816,62,4,,1,17,,484782,62,4,,1,18,,484788,62,4,,1,59,,484775,62,4,,1,15,,484821,62,4,,1,19,,484814,62,4,,1,56,,484802,62,4,,1,15,,484761,62,4,,1,16,,484759,62,4,,1,14,,484812,62,4,,1,52,,484811,62,4,,1,12,,484789,62,4,,1,14,,484783,62,4,,1,15,,484779,62,4,,1,15,,484778,62,4,,1,54,,484798,62,4,,1,14,,484774,62,4,,1,14,,484780,62,4,,1,14,,484776,62,4,,1,56,,484757,62,4,,1,15,,484803,62,4,,1,19,,484795,62,4,,1,56,,484818,62,4,,1,16,,484790,62,4,,1,16,,484807,62,4,,1,16,,484785,62,4,,1,56,,484827,62,4,,1,15,,484815,62,4,,1,17,,484806,62,4,,1,15,,484770,62,4,,1,56,,484805,62,4,,1,17,,484764,62,4,,1,18,,484767,62,4,,1,16,,484796,62,4,,1,57,,484823,62,4,,1,17,,484799,62,4,,1,17,,484781,62,4,,1,56,,484800,62,4,,1,13,,484769,62,4,,1,11,,484787,62,4,,1,15,,484830,62,4,,1,14,,484797,62,4,,1,50,,484825,62,4,,1,11,,484792,62,4,,1,15,,484829,62,4,,1,68,,484833,62,4,,1,23,,484771,62,4,,1,27,,484793,62,4,,1,68,,484758,62,4,,1,28,,484766,62,4,,1,69,,484772,62,4,,1,29,,484777,62,4,,1,68,,484822,62,4,,1,26,,484826,62,4,,1,70,,484810,62,4,,1
1300,'1-1',618,,484843,1,,,1,13,,484864,1,,,1,15,,484848,1,,,1,55,,484847,1,,,1,13,,484841,1,,,1,17,,484849,1,,,1,15,,484857,1,,,1,55,,484851,1,,,1,16,,484861,1,,,1,14,,484834,1,,,1,15,,484837,1,,,1,55,,484854,1,,,1,15,,484855,1,,,1,529,,484859,1,,,1,55,,484842,1,,,1,15,,484853,1,,,1,15,,484839,1,,,1,15,,484862,1,,,1,55,,484863,1,,,1,15,,484845,1,,,1,15,,484836,1,,,1,13,,484856,1,,,1,57,,484858,1,,,1,16,,484846,1,,,1,18,,484850,1,,,1,14,,484838,1,,,1,55,,484835,1,,,1,15,,484860,1,,,1,15,,484852,1,,,1,15,,484840,1,,,1,55,,484844,1,,,1
1300,'3-1',618,,484880,1,,,1,13,,484881,1,,,1,15,,484886,1,,,1,55,,484873,1,,,1,15,,484872,1,,,1,15,,484894,1,,,1,15,,484868,1,,,1,55,,484877,1,,,1,15,,484882,1,,,1,15,,484866,1,,,1,15,,484875,1,,,1,55,,484884,1,,,1,15,,484890,1,,,1,529,,484870,1,,,1,55,,484885,1,,,1,15,,484892,1,,,1,15,,484891,1,,,1,15,,484889,1,,,1,55,,484871,1,,,1,15,,484888,1,,,1,15,,484879,1,,,1,15,,484876,1,,,1,55,,484874,1,,,1,16,,484878,1,,,1,16,,484883,1,,,1,16,,484869,1,,,1,55,,484867,1,,,1,15,,484893,1,,,1,15,,484895,1,,,1,15,,484887,1,,,1,55,,484865,1,,,1
1300,'5-1',618,,484905,1,,,1,13,,484926,1,,,1,15,,484910,1,,,1,55,,484909,1,,,1,13,,484903,1,,,1,17,,484911,1,,,1,15,,484919,1,,,1,55,,484913,1,,,1,16,,484923,1,,,1,14,,484896,1,,,1,15,,484899,1,,,1,55,,484916,1,,,1,15,,484917,1,,,1,529,,484921,1,,,1,55,,484904,1,,,1,15,,484915,1,,,1,15,,484901,1,,,1,15,,484924,1,,,1,55,,484925,1,,,1,15,,484907,1,,,1,15,,484898,1,,,1,13,,484918,1,,,1,57,,484920,1,,,1,16,,484908,1,,,1,18,,484912,1,,,1,14,,484900,1,,,1,55,,484897,1,,,1,15,,484922,1,,,1,15,,484914,1,,,1,15,,484902,1,,,1,55,,484906,1,,,1
1300,'7-1',618,,484936,1,,,1,13,,484957,1,,,1,15,,484941,1,,,1,55,,484940,1,,,1,13,,484934,1,,,1,17,,484942,1,,,1,15,,484950,1,,,1,55,,484944,1,,,1,16,,484954,1,,,1,14,,484927,1,,,1,15,,484930,1,,,1,55,,484947,1,,,1,15,,484948,1,,,1,529,,484952,1,,,1,55,,484935,1,,,1,15,,484946,1,,,1,15,,484932,1,,,1,15,,484955,1,,,1,55,,484956,1,,,1,15,,484938,1,,,1,15,,484929,1,,,1,13,,484949,1,,,1,57,,484951,1,,,1,16,,484939,1,,,1,18,,484943,1,,,1,14,,484931,1,,,1,55,,484928,1,,,1,15,,484953,1,,,1,15,,484945,1,,,1,15,,484933,1,,,1,55,,484937,1,,,1
1300,'8-1',618,,484967,1,,,1,13,,484988,1,,,1,15,,484972,1,,,1,55,,484971,1,,,1,13,,484965,1,,,1,17,,484973,1,,,1,15,,484981,1,,,1,55,,484975,1,,,1,16,,484985,1,,,1,14,,484958,1,,,1,15,,484961,1,,,1,55,,484978,1,,,1,15,,484979,1,,,1,529,,484983,1,,,1,55,,484966,1,,,1,15,,484977,1,,,1,15,,484963,1,,,1,15,,484986,1,,,1,55,,484987,1,,,1,15,,484969,1,,,1,15,,484960,1,,,1,13,,484980,1,,,1,57,,484982,1,,,1,16,,484970,1,,,1,18,,484974,1,,,1,14,,484962,1,,,1,55,,484959,1,,,1,15,,484984,1,,,1,15,,484976,1,,,1,15,,484964,1,,,1,55,,484968,1,,,1
1300,'9-1',618,,484998,1,,,1,13,,485019,1,,,1,15,,485003,1,,,1,55,,485002,1,,,1,13,,484996,1,,,1,17,,485004,1,,,1,15,,485012,1,,,1,55,,485006,1,,,1,16,,485016,1,,,1,14,,484989,1,,,1,15,,484992,1,,,1,55,,485009,1,,,1,15,,485010,1,,,1,529,,485014,1,,,1,55,,484997,1,,,1,15,,485008,1,,,1,15,,484994,1,,,1,15,,485017,1,,,1,55,,485018,1,,,1,15,,485000,1,,,1,15,,484991,1,,,1,13,,485011,1,,,1,57,,485013,1,,,1,16,,485001,1,,,1,18,,485005,1,,,1,14,,484993,1,,,1,55,,484990,1,,,1,15,,485015,1,,,1,15,,485007,1,,,1,15,,484995,1,,,1,55,,484999,1,,,1
1301,'1-1',629,,485020,17,4,,1,13,,485038,17,4,,1,12,,485032,17,4,,1,57,,485028,17,4,,1,16,,485046,17,4,,1,15,,485023,17,4,,1,13,,485021,17,4,,1,57,,485029,17,4,,1,15,,485044,17,4,,1,16,,485026,17,4,,1,16,,485024,17,4,,1,53,,485033,17,4,,1,15,,485031,17,4,,1,14,,485043,17,4,,1,569,,485041,17,4,,1,12,,485025,17,4,,1,18,,485042,17,4,,1,15,,485027,17,4,,1,55,,485035,17,4,,1,16,,485047,17,4,,1,15,,485045,17,4,,1,15,,485022,17,4,,1,54,,485034,17,4,,1,13,,485030,17,4,,1,17,,485039,17,4,,1,16,,485040,17,4,,1,58,,485037,17,4,,1,13,,485036,17,4,,1
1301,'3-1',629,,485075,17,4,,1,13,,485055,17,4,,1,12,,485062,17,4,,1,57,,485073,17,4,,1,16,,485060,17,4,,1,15,,485050,17,4,,1,15,,485049,17,4,,1,55,,485065,17,4,,1,15,,485063,17,4,,1,16,,485048,17,4,,1,15,,485071,17,4,,1,54,,485061,17,4,,1,15,,485052,17,4,,1,14,,485059,17,4,,1,569,,485058,17,4,,1,12,,485069,17,4,,1,18,,485072,17,4,,1,15,,485056,17,4,,1,55,,485054,17,4,,1,16,,485057,17,4,,1,15,,485068,17,4,,1,15,,485067,17,4,,1,54,,485053,17,4,,1,15,,485070,17,4,,1,15,,485074,17,4,,1,16,,485064,17,4,,1,56,,485051,17,4,,1,15,,485066,17,4,,1
1301,'5-1',629,,485076,17,4,,1,13,,485094,17,4,,1,12,,485088,17,4,,1,57,,485084,17,4,,1,16,,485102,17,4,,1,15,,485079,17,4,,1,13,,485077,17,4,,1,57,,485085,17,4,,1,15,,485100,17,4,,1,16,,485082,17,4,,1,16,,485080,17,4,,1,53,,485089,17,4,,1,15,,485087,17,4,,1,14,,485099,17,4,,1,569,,485097,17,4,,1,12,,485081,17,4,,1,18,,485098,17,4,,1,15,,485083,17,4,,1,55,,485091,17,4,,1,16,,485103,17,4,,1,15,,485101,17,4,,1,15,,485078,17,4,,1,54,,485090,17,4,,1,13,,485086,17,4,,1,17,,485095,17,4,,1,16,,485096,17,4,,1,58,,485093,17,4,,1,13,,485092,17,4,,1
1301,'7-1',629,,485104,17,4,,1,13,,485122,17,4,,1,12,,485116,17,4,,1,57,,485112,17,4,,1,16,,485130,17,4,,1,15,,485107,17,4,,1,13,,485105,17,4,,1,57,,485113,17,4,,1,15,,485128,17,4,,1,16,,485110,17,4,,1,16,,485108,17,4,,1,53,,485117,17,4,,1,15,,485115,17,4,,1,14,,485127,17,4,,1,569,,485125,17,4,,1,12,,485109,17,4,,1,18,,485126,17,4,,1,15,,485111,17,4,,1,55,,485119,17,4,,1,16,,485131,17,4,,1,15,,485129,17,4,,1,15,,485106,17,4,,1,54,,485118,17,4,,1,13,,485114,17,4,,1,17,,485123,17,4,,1,16,,485124,17,4,,1,58,,485121,17,4,,1,13,,485120,17,4,,1
1301,'8-1',629,,485132,17,4,,1,13,,485150,17,4,,1,12,,485144,17,4,,1,57,,485140,17,4,,1,16,,485158,17,4,,1,15,,485135,17,4,,1,13,,485133,17,4,,1,57,,485141,17,4,,1,15,,485156,17,4,,1,16,,485138,17,4,,1,16,,485136,17,4,,1,53,,485145,17,4,,1,15,,485143,17,4,,1,14,,485155,17,4,,1,569,,485153,17,4,,1,12,,485137,17,4,,1,18,,485154,17,4,,1,15,,485139,17,4,,1,55,,485147,17,4,,1,16,,485159,17,4,,1,15,,485157,17,4,,1,15,,485134,17,4,,1,54,,485146,17,4,,1,13,,485142,17,4,,1,17,,485151,17,4,,1,16,,485152,17,4,,1,58,,485149,17,4,,1,13,,485148,17,4,,1
1301,'9-1',629,,485160,17,4,,1,13,,485178,17,4,,1,12,,485172,17,4,,1,57,,485168,17,4,,1,16,,485186,17,4,,1,15,,485163,17,4,,1,13,,485161,17,4,,1,57,,485169,17,4,,1,15,,485184,17,4,,1,16,,485166,17,4,,1,16,,485164,17,4,,1,53,,485173,17,4,,1,15,,485171,17,4,,1,14,,485183,17,4,,1,569,,485181,17,4,,1,12,,485165,17,4,,1,18,,485182,17,4,,1,15,,485167,17,4,,1,55,,485175,17,4,,1,16,,485187,17,4,,1,15,,485185,17,4,,1,15,,485162,17,4,,1,54,,485174,17,4,,1,13,,485170,17,4,,1,17,,485179,17,4,,1,16,,485180,17,4,,1,58,,485177,17,4,,1,13,,485176,17,4,,1
1400,'1-1',551,,485236,1,,,1,55,,485198,1,,,1,15,,485189,1,,,1,15,,485241,1,,,1,15,,485223,1,,,1,54,,485227,1,,,1,15,,485226,1,,,1,17,,485237,1,,,1,15,,485224,1,,,1,56,,485248,1,,,1,13,,485231,1,,,1,17,,485207,1,,,1,15,,485217,1,,,1,56,,485193,1,,,1,15,,485202,1,,,1,15,,485191,1,,,1,14,,485249,1,,,1,54,,485203,1,,,1,15,,485216,1,,,1,17,,485195,1,,,1,15,,485219,1,,,1,53,,485210,1,,,1,15,,485230,1,,,1,15,,485247,1,,,1,15,,485229,1,,,1,56,,485211,1,,,1,15,,485212,1,,,1,15,,485233,1,,,1,15,,485208,1,,,1,55,,485204,1,,,1,15,,485228,1,,,1,15,,485218,1,,,1,15,,485222,1,,,1,55,,485220,1,,,1,13,,485242,1,,,1,15,,485201,1,,,1,15,,485234,1,,,1,55,,485200,1,,,1,15,,485232,1,,,1,15,,485213,1,,,1,13,,485240,1,,,1,57,,485194,1,,,1,14,,485246,1,,,1,16,,485225,1,,,1,15,,485196,1,,,1,55,,485235,1,,,1,17,,485190,1,,,1,15,,485209,1,,,1,14,,485215,1,,,1,69,,485239,1,,,1,30,,485205,1,,,1,72,,485221,1,,,1,30,,485197,1,,,1,70,,485188,1,,,1,28,,485214,1,,,1,70,,485244,1,,,1,30,,485243,1,,,1,70,,485238,1,,,1,30,,485199,1,,,1,70,,485206,1,,,1,30,,485245,1,,,1,70,,485192,1,,,1
1400,'2-1',655,,485276,1,,,1,102,,485271,1,,,1,73,,485264,1,,,1,70,,485265,1,,,1,30,,485254,1,,,1,70,,485251,1,,,1,30,,485259,1,,,1,70,,485275,1,,,1,30,,485274,1,,,1,70,,485260,1,,,1,30,,485250,1,,,1,28,,485269,1,,,1,69,,485266,1,,,1,30,,485282,1,,,1,70,,485270,1,,,1,30,,485283,1,,,1,70,,485284,1,,,1,30,,485267,1,,,1,70,,485279,1,,,1,30,,485280,1,,,1,70,,485277,1,,,1,30,,485261,1,,,1,70,,485256,1,,,1,30,,485285,1,,,1,70,,485255,1,,,1,73,,485257,1,,,1,30,,485252,1,,,1,70,,485278,1,,,1,30,,485268,1,,,1,70,,485262,1,,,1,30,,485281,1,,,1,70,,485272,1,,,1,30,,485253,1,,,1,70,,485258,1,,,0,30,,485263,1,,,1,70,,485273,1,,,1
1400,'3-1',600,,485333,1,,,1,30,,485335,1,,,1,70,,485302,1,,,1,30,,485291,1,,,1,70,,485310,1,,,1,30,,485305,1,,,1,70,,485298,1,,,1,30,,485306,1,,,1,70,,485325,1,,,1,30,,485312,1,,,1,70,,485316,1,,,1,30,,485304,1,,,1,70,,485290,1,,,1,15,,485320,1,,,1,15,,485313,1,,,1,15,,485308,1,,,1,55,,485311,1,,,1,15,,485294,1,,,1,15,,485296,1,,,1,15,,485321,1,,,1,55,,485328,1,,,1,15,,485315,1,,,1,15,,485317,1,,,1,15,,485289,1,,,1,55,,485288,1,,,1,15,,485322,1,,,1,15,,485327,1,,,1,15,,485286,1,,,1,55,,485318,1,,,1,15,,485331,1,,,1,15,,485323,1,,,1,15,,485332,1,,,1,55,,485300,1,,,1,15,,485303,1,,,1,15,,485295,1,,,1,15,,485309,1,,,1,55,,485301,1,,,1,30,,485299,1,,,1,70,,485287,1,,,1,30,,485314,1,,,1,70,,485324,1,,,1,30,,485336,1,,,1,70,,485307,1,,,1,30,,485319,1,,,1,70,,485297,1,,,1,30,,485293,1,,,1,70,,485292,1,,,1,30,,485326,1,,,1,70,,485334,1,,,1,30,,485330,1,,,1,72,,485329,1,,,1
1400,'4-1',600,,485342,1,,,1,30,,485351,1,,,1,70,,485382,1,,,1,30,,485376,1,,,1,70,,485338,1,,,1,30,,485337,1,,,1,70,,485358,1,,,1,30,,485359,1,,,1,70,,485375,1,,,1,30,,485378,1,,,1,70,,485357,1,,,1,30,,485377,1,,,1,70,,485380,1,,,1,15,,485345,1,,,1,15,,485339,1,,,1,15,,485365,1,,,1,55,,485371,1,,,1,15,,485362,1,,,1,15,,485355,1,,,1,15,,485370,1,,,1,55,,485343,1,,,1,15,,485346,1,,,1,15,,485368,1,,,1,15,,485354,1,,,1,55,,485363,1,,,1,30,,485369,1,,,1,15,,485340,1,,,1,55,,485341,1,,,1,15,,485373,1,,,1,15,,485360,1,,,1,15,,485366,1,,,1,55,,485353,1,,,1,30,,485349,1,,,1,15,,485356,1,,,1,85,,485364,1,,,1,70,,485347,1,,,1,30,,485348,1,,,1,100,,485367,1,,,1,70,,485350,1,,,1,30,,485361,1,,,1,70,,485381,1,,,1,30,,485374,1,,,1,70,,485352,1,,,1,30,,485372,1,,,1,70,,485379,1,,,1,30,,485383,1,,,1,72,,485344,1,,,1
1400,'5-1',551,,485432,1,,,1,55,,485394,1,,,1,15,,485385,1,,,1,15,,485437,1,,,1,15,,485419,1,,,1,54,,485423,1,,,1,15,,485422,1,,,1,17,,485433,1,,,1,15,,485420,1,,,1,56,,485444,1,,,1,13,,485427,1,,,1,17,,485403,1,,,1,15,,485413,1,,,1,56,,485389,1,,,1,15,,485398,1,,,1,15,,485387,1,,,1,14,,485445,1,,,1,54,,485399,1,,,1,15,,485412,1,,,1,17,,485391,1,,,1,15,,485415,1,,,1,53,,485406,1,,,1,15,,485426,1,,,1,15,,485443,1,,,1,15,,485425,1,,,1,56,,485407,1,,,1,15,,485408,1,,,1,15,,485429,1,,,1,15,,485404,1,,,1,55,,485400,1,,,1,15,,485424,1,,,1,15,,485414,1,,,1,15,,485418,1,,,1,55,,485416,1,,,1,13,,485438,1,,,1,15,,485397,1,,,1,15,,485430,1,,,1,55,,485396,1,,,1,15,,485428,1,,,1,15,,485409,1,,,1,13,,485436,1,,,1,57,,485390,1,,,1,14,,485442,1,,,1,16,,485421,1,,,1,15,,485392,1,,,1,55,,485431,1,,,1,17,,485386,1,,,1,15,,485405,1,,,1,14,,485411,1,,,1,69,,485435,1,,,1,30,,485401,1,,,1,72,,485417,1,,,1,30,,485393,1,,,1,70,,485384,1,,,1,28,,485410,1,,,1,70,,485440,1,,,1,30,,485439,1,,,1,70,,485434,1,,,1,30,,485395,1,,,1,70,,485402,1,,,1,30,,485441,1,,,1,70,,485388,1,,,1
1400,'6-1',655,,485456,1,,,1,102,,485462,1,,,1,73,,485452,1,,,1,70,,485460,1,,,1,30,,485451,1,,,1,70,,485449,1,,,1,30,,485455,1,,,1,70,,485454,1,,,1,30,,485464,1,,,1,70,,485448,1,,,1,30,,485470,1,,,1,28,,485471,1,,,1,69,,485457,1,,,1,100,,485463,1,,,1,100,,485450,1,,,1,30,,485467,1,,,1,70,,485453,1,,,1,100,,485446,1,,,1,30,,485458,1,,,1,70,,485468,1,,,1,100,,485447,1,,,1,73,,485465,1,,,1,100,,485459,1,,,1,100,,485461,1,,,1,100,,485466,1,,,1,100,,485469,1,,,1
1400,'7-1',551,,485520,1,,,1,55,,485482,1,,,1,15,,485473,1,,,1,15,,485525,1,,,1,15,,485507,1,,,1,54,,485511,1,,,1,15,,485510,1,,,1,17,,485521,1,,,1,15,,485508,1,,,1,56,,485532,1,,,1,13,,485515,1,,,1,17,,485491,1,,,1,15,,485501,1,,,1,56,,485477,1,,,1,15,,485486,1,,,1,15,,485475,1,,,1,14,,485533,1,,,1,54,,485487,1,,,1,15,,485500,1,,,1,17,,485479,1,,,1,15,,485503,1,,,1,53,,485494,1,,,1,15,,485514,1,,,1,15,,485531,1,,,1,15,,485513,1,,,1,56,,485495,1,,,1,15,,485496,1,,,1,15,,485517,1,,,1,15,,485492,1,,,1,55,,485488,1,,,1,15,,485512,1,,,1,15,,485502,1,,,1,15,,485506,1,,,1,55,,485504,1,,,1,13,,485526,1,,,1,15,,485485,1,,,1,15,,485518,1,,,1,55,,485484,1,,,1,15,,485516,1,,,1,15,,485497,1,,,1,13,,485524,1,,,1,57,,485478,1,,,1,14,,485530,1,,,1,16,,485509,1,,,1,15,,485480,1,,,1,55,,485519,1,,,1,17,,485474,1,,,1,15,,485493,1,,,1,14,,485499,1,,,1,69,,485523,1,,,1,30,,485489,1,,,1,72,,485505,1,,,1,30,,485481,1,,,1,70,,485472,1,,,1,28,,485498,1,,,1,70,,485528,1,,,1,30,,485527,1,,,1,70,,485522,1,,,1,30,,485483,1,,,1,70,,485490,1,,,1,30,,485529,1,,,1,70,,485476,1,,,1
1400,'8-1',551,,485582,1,,,1,55,,485544,1,,,1,15,,485535,1,,,1,15,,485587,1,,,1,15,,485569,1,,,1,54,,485573,1,,,1,15,,485572,1,,,1,17,,485583,1,,,1,15,,485570,1,,,1,56,,485594,1,,,1,13,,485577,1,,,1,17,,485553,1,,,1,15,,485563,1,,,1,56,,485539,1,,,1,15,,485548,1,,,1,15,,485537,1,,,1,14,,485595,1,,,1,54,,485549,1,,,1,15,,485562,1,,,1,17,,485541,1,,,1,15,,485565,1,,,1,53,,485556,1,,,1,15,,485576,1,,,1,15,,485593,1,,,1,15,,485575,1,,,1,56,,485557,1,,,1,15,,485558,1,,,1,15,,485579,1,,,1,15,,485554,1,,,1,55,,485550,1,,,1,15,,485574,1,,,1,15,,485564,1,,,1,15,,485568,1,,,1,55,,485566,1,,,1,13,,485588,1,,,1,15,,485547,1,,,1,15,,485580,1,,,1,55,,485546,1,,,1,15,,485578,1,,,1,15,,485559,1,,,1,13,,485586,1,,,1,57,,485540,1,,,1,14,,485592,1,,,1,16,,485571,1,,,1,15,,485542,1,,,1,55,,485581,1,,,1,17,,485536,1,,,1,15,,485555,1,,,1,14,,485561,1,,,1,69,,485585,1,,,1,30,,485551,1,,,1,72,,485567,1,,,1,30,,485543,1,,,1,70,,485534,1,,,1,28,,485560,1,,,1,70,,485590,1,,,1,30,,485589,1,,,1,70,,485584,1,,,1,30,,485545,1,,,1,70,,485552,1,,,1,30,,485591,1,,,1,70,,485538,1,,,1
1400,'9-1',551,,485644,1,,,1,55,,485606,1,,,1,15,,485597,1,,,1,15,,485649,1,,,1,15,,485631,1,,,1,54,,485635,1,,,1,15,,485634,1,,,1,17,,485645,1,,,1,15,,485632,1,,,1,56,,485656,1,,,1,13,,485639,1,,,1,17,,485615,1,,,1,15,,485625,1,,,1,56,,485601,1,,,1,15,,485610,1,,,1,15,,485599,1,,,1,14,,485657,1,,,1,54,,485611,1,,,1,15,,485624,1,,,1,17,,485603,1,,,1,15,,485627,1,,,1,53,,485618,1,,,1,15,,485638,1,,,1,15,,485655,1,,,1,15,,485637,1,,,1,56,,485619,1,,,1,15,,485620,1,,,1,15,,485641,1,,,1,15,,485616,1,,,1,55,,485612,1,,,1,15,,485636,1,,,1,15,,485626,1,,,1,15,,485630,1,,,1,55,,485628,1,,,1,13,,485650,1,,,1,15,,485609,1,,,1,15,,485642,1,,,1,55,,485608,1,,,1,15,,485640,1,,,1,15,,485621,1,,,1,13,,485648,1,,,1,57,,485602,1,,,1,14,,485654,1,,,1,16,,485633,1,,,1,15,,485604,1,,,1,55,,485643,1,,,1,17,,485598,1,,,1,15,,485617,1,,,1,14,,485623,1,,,1,69,,485647,1,,,1,30,,485613,1,,,1,72,,485629,1,,,1,30,,485605,1,,,1,70,,485596,1,,,1,28,,485622,1,,,1,70,,485652,1,,,1,30,,485651,1,,,1,70,,485646,1,,,1,30,,485607,1,,,1,70,,485614,1,,,1,30,,485653,1,,,1,70,,485600,1,,,1
1401,'1-1',633,,485704,54,4,,1,24,,485682,54,4,,1,54,,485665,54,4,,1,23,,485694,54,4,,1,15,,485671,54,4,,1,52,,485717,54,4,,1,17,,485701,54,4,,1,17,,485680,54,4,,1,15,,485669,54,4,,1,56,,485715,54,4,,1,17,,485662,54,4,,1,13,,485678,54,4,,1,14,,485698,54,4,,1,54,,485683,54,4,,1,15,,485686,54,4,,1,17,,485692,54,4,,1,15,,485699,54,4,,1,53,,485681,54,4,,1,15,,485689,54,4,,1,15,,485676,54,4,,1,15,,485691,54,4,,1,56,,485710,54,4,,1,15,,485712,54,4,,1,15,,485687,54,4,,1,15,,485673,54,4,,1,55,,485708,54,4,,1,15,,485709,54,4,,1,15,,485661,54,4,,1,15,,485703,54,4,,1,55,,485700,54,4,,1,25,,485711,54,4,,1,15,,485713,54,4,,1,55,,485695,54,4,,1,17,,485679,54,4,,1,15,,485693,54,4,,1,13,,485688,54,4,,1,57,,485685,54,4,,1,14,,485672,54,4,,1,16,,485702,54,4,,1,15,,485714,54,4,,1,55,,485663,54,4,,1,14,,485667,54,4,,1,16,,485675,54,4,,1,16,,485696,54,4,,1,52,,485668,54,4,,1,17,,485697,54,4,,1,13,,485690,54,4,,1,13,,485677,54,4,,1,9,,485670,54,4,,1,68,,485674,54,4,,1,30,,485684,54,4,,1,70,,485666,54,4,,1,28,,485705,54,4,,1,70,,485707,54,4,,1,29,,485658,54,4,,1,71,,485706,54,4,,1,25,,485718,54,4,,1,70,,485664,54,4,,1,30,,485659,54,4,,1,70,,485660,54,4,,1,39,,485716,54,4,,1
1401,'2-1',739,,485727,54,4,,1,109,,485733,54,4,,1,70,,485732,54,4,,1,31,,485752,54,4,,1,70,,485740,54,4,,1,34,,485726,54,4,,1,70,,485753,54,4,,1,31,,485730,54,4,,1,70,,485745,54,4,,1,35,,485747,54,4,,1,71,,485724,54,4,,1,71,,485722,54,4,,1,30,,485719,54,4,,1,70,,485728,54,4,,1,30,,485736,54,4,,1,70,,485741,54,4,,1,30,,485734,54,4,,1,69,,485721,54,4,,1,30,,485749,54,4,,1,70,,485720,54,4,,1,30,,485738,54,4,,1,28,,485751,54,4,,1,70,,485744,54,4,,1,28,,485742,54,4,,1,70,,485725,54,4,,1,29,,485743,54,4,,1,70,,485748,54,4,,1,30,,485731,54,4,,1,64,,485737,54,4,,1,30,,485735,54,4,,1,67,,485746,54,4,,1,30,,485750,54,4,,0,70,,485723,54,4,,1,30,,485739,54,4,,1,70,,485729,54,4,,1
1401,'3-1',716,,485779,54,4,,1,30,,485760,54,4,,1,70,,485765,54,4,,1,34,,485770,54,4,,1,70,,485777,54,4,,1,31,,485796,54,4,,1,70,,485764,54,4,,1,34,,485788,54,4,,1,70,,485776,54,4,,1,31,,485758,54,4,,1,70,,485769,54,4,,1,15,,485787,54,4,,1,17,,485771,54,4,,1,55,,485773,54,4,,1,16,,485766,54,4,,1,15,,485763,54,4,,1,56,,485793,54,4,,1,15,,485782,54,4,,1,15,,485757,54,4,,1,15,,485790,54,4,,1,55,,485800,54,4,,1,15,,485756,54,4,,1,15,,485789,54,4,,1,15,,485761,54,4,,1,55,,485785,54,4,,1,15,,485783,54,4,,1,15,,485792,54,4,,1,15,,485784,54,4,,1,14,,485781,54,4,,1,55,,485762,54,4,,1,15,,485797,54,4,,1,15,,485791,54,4,,1,15,,485794,54,4,,1,70,,485798,54,4,,1,28,,485786,54,4,,1,70,,485755,54,4,,1,28,,485795,54,4,,1,70,,485799,54,4,,1,29,,485774,54,4,,1,70,,485775,54,4,,1,30,,485778,54,4,,1,67,,485780,54,4,,1,30,,485754,54,4,,1,67,,485767,54,4,,1,30,,485772,54,4,,1,70,,485768,54,4,,1,40,,485759,54,4,,1
1401,'4-1',716,,485810,54,4,,1,30,,485821,54,4,,1,70,,485836,54,4,,1,34,,485817,54,4,,1,70,,485837,54,4,,1,31,,485811,54,4,,1,70,,485814,54,4,,1,34,,485841,54,4,,1,70,,485820,54,4,,1,31,,485816,54,4,,1,70,,485813,54,4,,1,15,,485829,54,4,,1,17,,485840,54,4,,1,55,,485801,54,4,,1,16,,485839,54,4,,1,15,,485843,54,4,,1,56,,485828,54,4,,1,15,,485807,54,4,,1,15,,485815,54,4,,1,15,,485827,54,4,,1,55,,485832,54,4,,1,15,,485809,54,4,,1,15,,485819,54,4,,1,15,,485825,54,4,,1,55,,485803,54,4,,1,15,,485838,54,4,,1,15,,485835,54,4,,1,15,,485834,54,4,,1,14,,485826,54,4,,1,70,,485833,54,4,,1,15,,485822,54,4,,1,15,,485830,54,4,,1,70,,485805,54,4,,1,28,,485808,54,4,,1,70,,485804,54,4,,1,98,,485831,54,4,,1,29,,485806,54,4,,1,70,,485823,54,4,,1,97,,485818,54,4,,1,30,,485812,54,4,,1,67,,485842,54,4,,1,30,,485824,54,4,,1,70,,485844,54,4,,1,40,,485802,54,4,,1
1401,'5-1',633,,485891,54,4,,1,24,,485869,54,4,,1,54,,485852,54,4,,1,23,,485881,54,4,,1,15,,485858,54,4,,1,52,,485904,54,4,,1,17,,485888,54,4,,1,17,,485867,54,4,,1,15,,485856,54,4,,1,56,,485902,54,4,,1,17,,485849,54,4,,1,13,,485865,54,4,,1,14,,485885,54,4,,1,54,,485870,54,4,,1,15,,485873,54,4,,1,17,,485879,54,4,,1,15,,485886,54,4,,1,53,,485868,54,4,,1,15,,485876,54,4,,1,15,,485863,54,4,,1,15,,485878,54,4,,1,56,,485897,54,4,,1,15,,485899,54,4,,1,15,,485874,54,4,,1,15,,485860,54,4,,1,55,,485895,54,4,,1,15,,485896,54,4,,1,15,,485848,54,4,,1,15,,485890,54,4,,1,55,,485887,54,4,,1,25,,485898,54,4,,1,15,,485900,54,4,,1,55,,485882,54,4,,1,17,,485866,54,4,,1,15,,485880,54,4,,1,13,,485875,54,4,,1,57,,485872,54,4,,1,14,,485859,54,4,,1,16,,485889,54,4,,1,15,,485901,54,4,,1,55,,485850,54,4,,1,14,,485854,54,4,,1,16,,485862,54,4,,1,16,,485883,54,4,,1,52,,485855,54,4,,1,17,,485884,54,4,,1,13,,485877,54,4,,1,13,,485864,54,4,,1,9,,485857,54,4,,1,68,,485861,54,4,,1,30,,485871,54,4,,1,70,,485853,54,4,,1,28,,485892,54,4,,1,70,,485894,54,4,,1,29,,485845,54,4,,1,71,,485893,54,4,,1,25,,485905,54,4,,1,70,,485851,54,4,,1,30,,485846,54,4,,1,70,,485847,54,4,,1,39,,485903,54,4,,1
1401,'6-1',739,,485906,54,4,,1,109,,485909,54,4,,1,70,,485932,54,4,,1,31,,485926,54,4,,1,70,,485911,54,4,,1,34,,485923,54,4,,1,70,,485928,54,4,,1,31,,485920,54,4,,1,70,,485907,54,4,,1,35,,485913,54,4,,1,71,,485929,54,4,,1,71,,485919,54,4,,1,30,,485910,54,4,,1,70,,485918,54,4,,1,30,,485914,54,4,,1,100,,485927,54,4,,1,99,,485924,54,4,,1,70,,485922,54,4,,1,30,,485931,54,4,,1,98,,485908,54,4,,1,28,,485930,54,4,,1,70,,485917,54,4,,1,29,,485916,54,4,,1,70,,485915,54,4,,1,30,,485921,54,4,,1,94,,485925,54,4,,1,97,,485912,54,4,,1
1401,'7-1',633,,485979,54,4,,1,24,,485957,54,4,,1,54,,485940,54,4,,1,23,,485969,54,4,,1,15,,485946,54,4,,1,52,,485992,54,4,,1,17,,485976,54,4,,1,17,,485955,54,4,,1,15,,485944,54,4,,1,56,,485990,54,4,,1,17,,485937,54,4,,1,13,,485953,54,4,,1,14,,485973,54,4,,1,54,,485958,54,4,,1,15,,485961,54,4,,1,17,,485967,54,4,,1,15,,485974,54,4,,1,53,,485956,54,4,,1,15,,485964,54,4,,1,15,,485951,54,4,,1,15,,485966,54,4,,1,56,,485985,54,4,,1,15,,485987,54,4,,1,15,,485962,54,4,,1,15,,485948,54,4,,1,55,,485983,54,4,,1,15,,485984,54,4,,1,15,,485936,54,4,,1,15,,485978,54,4,,1,55,,485975,54,4,,1,25,,485986,54,4,,1,15,,485988,54,4,,1,55,,485970,54,4,,1,17,,485954,54,4,,1,15,,485968,54,4,,1,13,,485963,54,4,,1,57,,485960,54,4,,1,14,,485947,54,4,,1,16,,485977,54,4,,1,15,,485989,54,4,,1,55,,485938,54,4,,1,14,,485942,54,4,,1,16,,485950,54,4,,1,16,,485971,54,4,,1,52,,485943,54,4,,1,17,,485972,54,4,,1,13,,485965,54,4,,1,13,,485952,54,4,,1,9,,485945,54,4,,1,68,,485949,54,4,,1,30,,485959,54,4,,1,70,,485941,54,4,,1,28,,485980,54,4,,1,70,,485982,54,4,,1,29,,485933,54,4,,1,71,,485981,54,4,,1,25,,485993,54,4,,1,70,,485939,54,4,,1,30,,485934,54,4,,1,70,,485935,54,4,,1,39,,485991,54,4,,1
1401,'8-1',633,,486040,54,4,,1,24,,486018,54,4,,1,54,,486001,54,4,,1,23,,486030,54,4,,1,15,,486007,54,4,,1,52,,486053,54,4,,1,17,,486037,54,4,,1,17,,486016,54,4,,1,15,,486005,54,4,,1,56,,486051,54,4,,1,17,,485998,54,4,,1,13,,486014,54,4,,1,14,,486034,54,4,,1,54,,486019,54,4,,1,15,,486022,54,4,,1,17,,486028,54,4,,1,15,,486035,54,4,,1,53,,486017,54,4,,1,15,,486025,54,4,,1,15,,486012,54,4,,1,15,,486027,54,4,,1,56,,486046,54,4,,1,15,,486048,54,4,,1,15,,486023,54,4,,1,15,,486009,54,4,,1,55,,486044,54,4,,1,15,,486045,54,4,,1,15,,485997,54,4,,1,15,,486039,54,4,,1,55,,486036,54,4,,1,25,,486047,54,4,,1,15,,486049,54,4,,1,55,,486031,54,4,,1,17,,486015,54,4,,1,15,,486029,54,4,,1,13,,486024,54,4,,1,57,,486021,54,4,,1,14,,486008,54,4,,1,16,,486038,54,4,,1,15,,486050,54,4,,1,55,,485999,54,4,,1,14,,486003,54,4,,1,16,,486011,54,4,,1,16,,486032,54,4,,1,52,,486004,54,4,,1,17,,486033,54,4,,1,13,,486026,54,4,,1,13,,486013,54,4,,1,9,,486006,54,4,,1,68,,486010,54,4,,1,30,,486020,54,4,,1,70,,486002,54,4,,1,28,,486041,54,4,,1,70,,486043,54,4,,1,29,,485994,54,4,,1,71,,486042,54,4,,1,25,,486054,54,4,,1,70,,486000,54,4,,1,30,,485995,54,4,,1,70,,485996,54,4,,1,39,,486052,54,4,,1
1401,'9-1',633,,486101,54,4,,1,24,,486079,54,4,,1,54,,486062,54,4,,1,23,,486091,54,4,,1,15,,486068,54,4,,1,52,,486114,54,4,,1,17,,486098,54,4,,1,17,,486077,54,4,,1,15,,486066,54,4,,1,56,,486112,54,4,,1,17,,486059,54,4,,1,13,,486075,54,4,,1,14,,486095,54,4,,1,54,,486080,54,4,,1,15,,486083,54,4,,1,17,,486089,54,4,,1,15,,486096,54,4,,1,53,,486078,54,4,,1,15,,486086,54,4,,1,15,,486073,54,4,,1,15,,486088,54,4,,1,56,,486107,54,4,,1,15,,486109,54,4,,1,15,,486084,54,4,,1,15,,486070,54,4,,1,55,,486105,54,4,,1,15,,486106,54,4,,1,15,,486058,54,4,,1,15,,486100,54,4,,1,55,,486097,54,4,,1,25,,486108,54,4,,1,15,,486110,54,4,,1,55,,486092,54,4,,1,17,,486076,54,4,,1,15,,486090,54,4,,1,13,,486085,54,4,,1,57,,486082,54,4,,1,14,,486069,54,4,,1,16,,486099,54,4,,1,15,,486111,54,4,,1,55,,486060,54,4,,1,14,,486064,54,4,,1,16,,486072,54,4,,1,16,,486093,54,4,,1,52,,486065,54,4,,1,17,,486094,54,4,,1,13,,486087,54,4,,1,13,,486074,54,4,,1,9,,486067,54,4,,1,68,,486071,54,4,,1,30,,486081,54,4,,1,70,,486063,54,4,,1,28,,486102,54,4,,1,70,,486104,54,4,,1,29,,486055,54,4,,1,71,,486103,54,4,,1,25,,486115,54,4,,1,70,,486061,54,4,,1,30,,486056,54,4,,1,70,,486057,54,4,,1,39,,486113,54,4,,1
5100,'1-1',614,,501214,59,4,,1,101,,501221,59,4,,1,30,,501237,59,4,,1,76,,501230,59,4,,1,31,,501217,59,4,,1,68,,501219,59,4,,1,30,,501233,59,4,,1,70,,501209,59,4,,1,34,,501216,51,4,,1,70,,501227,51,4,,1,30,,501234,51,4,,1,70,,501215,51,4,,1,30,,501235,51,4,,1,70,,501229,51,4,,1,30,,501208,51,4,,1,70,,501231,51,4,,1,30,,501236,51,4,,1,73,,501228,51,4,,1,76,,501223,51,4,,1,35,,501239,51,4,,1,64,,501222,51,4,,1,30,,501210,51,4,,1,70,,501218,51,4,,1,30,,501213,51,4,,1,26,,501224,51,4,,1,91,,501225,51,4,,1,69,,501212,51,4,,1,28,,501226,51,4,,1,68,,501211,51,4,,1,30,,501232,51,4,,1,70,,501220,51,4,,1,30,,501238,51,4,,1
5100,'2-1',838,,501252,51,4,,1,100,,501268,51,4,,1,70,,501251,51,4,,1,31,,501250,51,4,,1,70,,501249,51,4,,1,30,,501259,51,4,,1,70,,501266,51,4,,1,31,,501267,51,4,,1,70,,501241,51,4,,1,30,,501244,51,4,,1,70,,501258,51,4,,1,31,,501256,51,4,,1,70,,501260,51,4,,1,30,,501253,51,4,,1,70,,501261,51,4,,1,28,,501265,51,4,,1,70,,501240,51,4,,1,30,,501255,51,4,,1,70,,501263,51,4,,1,29,,501264,51,4,,1,70,,501254,51,4,,1,30,,501247,51,4,,1,70,,501246,51,4,,1,29,,501248,51,4,,1,71,,501243,31,4,,1,29,,501242,51,4,,1,100,,501245,51,4,,1,98,,501257,51,4,,1,100,,501262,51,4,,1
5100,'3-1',710,,501279,51,4,,1,100,,501275,51,4,,1,33,,501296,51,4,,1,70,,501289,51,4,,1,30,,501278,51,4,,1,70,,501294,51,4,,1,31,,501298,51,4,,1,70,,501281,51,4,,1,30,,501282,51,4,,1,70,,501295,51,4,,1,31,,501270,51,4,,1,70,,501284,51,4,,1,30,,501291,51,4,,1,70,,501274,51,4,,1,31,,501286,51,4,,1,70,,501277,51,4,,1,30,,501285,51,4,,1,70,,501293,51,4,,1,28,,501276,51,4,,1,70,,501272,51,4,,1,30,,501288,51,4,,1,70,,501280,51,4,,1,29,,501271,51,4,,1,70,,501283,51,4,,1,30,,501290,36,4,,1,70,,501297,51,4,,1,29,,501269,36,4,,1,70,,501292,51,4,,1,100,,501273,51,4,,1,28,,501299,36,4,,1,72,,501287,51,4,,1
5100,'4-1',710,,501317,51,4,,1,100,,501309,51,4,,1,33,,501327,51,4,,1,70,,501307,51,4,,1,30,,501315,51,4,,1,101,,501322,51,4,,1,70,,501325,51,4,,1,30,,501319,51,4,,1,70,,501300,51,4,,1,101,,501320,51,4,,1,30,,501326,51,4,,1,70,,501313,51,4,,1,31,,501324,51,4,,1,70,,501318,51,4,,1,30,,501323,51,4,,1,70,,501321,51,4,,1,28,,501311,51,4,,1,70,,501301,51,4,,1,30,,501314,51,4,,1,70,,501308,51,4,,1,29,,501303,51,4,,1,70,,501306,51,4,,1,30,,501304,36,4,,1,70,,501305,51,4,,1,99,,501310,51,4,,1,100,,501316,51,4,,1,28,,501312,36,4,,1,72,,501302,51,4,,1
5100,'5-1',614,,501334,59,4,,1,101,,501341,59,4,,1,30,,501357,59,4,,1,76,,501350,59,4,,1,31,,501337,59,4,,1,68,,501339,59,4,,1,30,,501353,59,4,,1,70,,501329,59,4,,1,34,,501336,51,4,,1,70,,501347,51,4,,1,30,,501354,51,4,,1,70,,501335,51,4,,1,30,,501355,51,4,,1,70,,501349,51,4,,1,30,,501328,51,4,,1,70,,501351,51,4,,1,30,,501356,51,4,,1,73,,501348,51,4,,1,76,,501343,51,4,,1,35,,501359,51,4,,1,64,,501342,51,4,,1,30,,501330,51,4,,1,70,,501338,51,4,,1,30,,501333,51,4,,1,26,,501344,51,4,,1,91,,501345,51,4,,1,69,,501332,51,4,,1,28,,501346,51,4,,1,68,,501331,51,4,,1,30,,501352,51,4,,1,70,,501340,51,4,,1,30,,501358,51,4,,1
5100,'6-1',838,,501365,51,4,,1,100,,501371,51,4,,1,70,,501382,51,4,,1,31,,501369,51,4,,1,70,,501372,51,4,,1,30,,501383,51,4,,1,101,,501368,51,4,,1,70,,501384,51,4,,1,30,,501364,51,4,,1,101,,501385,51,4,,1,70,,501381,51,4,,1,30,,501370,51,4,,1,70,,501367,51,4,,1,28,,501366,51,4,,1,70,,501363,51,4,,1,30,,501374,51,4,,1,70,,501360,51,4,,1,29,,501376,51,4,,1,70,,501373,51,4,,1,30,,501379,51,4,,1,70,,501377,51,4,,1,29,,501362,51,4,,1,71,,501375,31,4,,1,29,,501380,51,4,,1,100,,501378,51,4,,1,98,,501361,51,4,,1
5100,'7-1',614,,501392,59,4,,1,101,,501399,59,4,,1,30,,501415,59,4,,1,76,,501408,59,4,,1,31,,501395,59,4,,1,68,,501397,59,4,,1,30,,501411,59,4,,1,70,,501387,59,4,,1,34,,501394,51,4,,1,70,,501405,51,4,,1,30,,501412,51,4,,1,70,,501393,51,4,,1,30,,501413,51,4,,1,70,,501407,51,4,,1,30,,501386,51,4,,1,70,,501409,51,4,,1,30,,501414,51,4,,1,73,,501406,51,4,,1,76,,501401,51,4,,1,35,,501417,51,4,,1,64,,501400,51,4,,1,30,,501388,51,4,,1,70,,501396,51,4,,1,30,,501391,51,4,,1,26,,501402,51,4,,1,91,,501403,51,4,,1,69,,501390,51,4,,1,28,,501404,51,4,,1,68,,501389,51,4,,1,30,,501410,51,4,,1,70,,501398,51,4,,1,30,,501416,51,4,,1
5100,'8-1',614,,501424,59,4,,1,101,,501431,59,4,,1,30,,501447,59,4,,1,76,,501440,59,4,,1,31,,501427,59,4,,1,68,,501429,59,4,,1,30,,501443,59,4,,1,70,,501419,59,4,,1,34,,501426,51,4,,1,70,,501437,51,4,,1,30,,501444,51,4,,1,70,,501425,51,4,,1,30,,501445,51,4,,1,70,,501439,51,4,,1,30,,501418,51,4,,1,70,,501441,51,4,,1,30,,501446,51,4,,1,73,,501438,51,4,,1,76,,501433,51,4,,1,35,,501449,51,4,,1,64,,501432,51,4,,1,30,,501420,51,4,,1,70,,501428,51,4,,1,30,,501423,51,4,,1,26,,501434,51,4,,1,91,,501435,51,4,,1,69,,501422,51,4,,1,28,,501436,51,4,,1,68,,501421,51,4,,1,30,,501442,51,4,,1,70,,501430,51,4,,1,30,,501448,51,4,,1
5100,'9-1',614,,501456,59,4,,1,101,,501463,59,4,,1,30,,501479,59,4,,1,76,,501472,59,4,,1,31,,501459,59,4,,1,68,,501461,59,4,,1,30,,501475,59,4,,1,70,,501451,59,4,,1,34,,501458,51,4,,1,70,,501469,51,4,,1,30,,501476,51,4,,1,70,,501457,51,4,,1,30,,501477,51,4,,1,70,,501471,51,4,,1,30,,501450,51,4,,1,70,,501473,51,4,,1,30,,501478,51,4,,1,73,,501470,51,4,,1,76,,501465,51,4,,1,35,,501481,51,4,,1,64,,501464,51,4,,1,30,,501452,51,4,,1,70,,501460,51,4,,1,30,,501455,51,4,,1,26,,501466,51,4,,1,91,,501467,51,4,,1,69,,501454,51,4,,1,28,,501468,51,4,,1,68,,501453,51,4,,1,30,,501474,51,4,,1,70,,501462,51,4,,1,30,,501480,51,4,,1
5101,'1-1',650,,501494,1,,,1,70,,501512,1,,,1,30,,501506,1,,,1,70,,501483,1,,,1,30,,501488,1,,,1,68,,501500,1,,,1,30,,501511,1,,,1,70,,501504,1,,,1,30,,501486,1,,,1,70,,501507,1,,,1,30,,501490,1,,,1,70,,501491,1,,,1,30,,501510,1,,,1,70,,501508,1,,,1,30,,501501,1,,,1,70,,501505,1,,,1,27,,501484,1,,,1,70,,501485,1,,,1,30,,501496,1,,,1,73,,501503,1,,,1,30,,501489,1,,,1,70,,501509,1,,,1,100,,501498,1,,,1,30,,501493,1,,,1,70,,501482,1,,,1,30,,501502,1,,,1,70,,501487,1,,,1,30,,501492,1,,,1,70,,501495,1,,,1,30,,501497,1,,,1,100,,501499,1,,,1
5101,'2-1',845,,501527,1,,,1,70,,501518,1,,,1,30,,501538,1,,,1,70,,501536,1,,,1,30,,501531,1,,,1,70,,501541,1,,,1,30,,501522,1,,,1,70,,501519,1,,,1,30,,501517,1,,,1,70,,501539,1,,,1,30,,501513,1,,,1,70,,501535,1,,,1,30,,501540,1,,,1,70,,501530,1,,,1,30,,501537,1,,,1,70,,501515,1,,,1,30,,501528,1,,,1,70,,501534,1,,,1,30,,501523,1,,,1,70,,501516,1,,,1,30,,501532,1,,,1,70,,501524,1,,,1,30,,501533,1,,,1,70,,501529,1,0,79,1,30,,501520,1,,,1,70,,501526,1,0,79,1,30,,501521,1,,,1,100,,501542,1,,,1,100,,501514,1,,,1,100,,501525,1,,,1
5101,'3-1',721,,501567,1,,,1,100,,501563,1,,,1,30,,501566,1,,,1,70,,501560,1,,,1,30,,501556,1,,,1,70,,501572,1,,,1,30,,501546,1,,,1,70,,501562,1,,,1,30,,501551,1,,,1,70,,501568,1,,,1,30,,501548,1,,,1,70,,501550,1,,,1,30,,501561,1,,,1,70,,501555,1,,,1,30,,501549,1,,,1,70,,501569,1,,,1,30,,501565,1,,,1,70,,501557,1,,,1,30,,501558,1,,,1,70,,501573,1,,,1,31,,501547,1,,,1,70,,501543,1,0,56 57,1,30,,501571,1,,,1,70,,501559,1,0,56 57,1,30,,501554,1,,,1,70,,501545,1,0,56 57,1,30,,501553,1,,,1,70,,501570,1,0,56 57,1,30,,501544,1,,,1,100,,501564,1,,,1,100,,501552,1,,,1
5101,'4-1',721,,501582,1,,,1,100,,501576,1,,,1,100,,501579,1,,,1,30,,501596,1,,,1,70,,501600,1,,,1,30,,501597,1,,,1,100,,501599,1,,,1,70,,501585,1,,,1,30,,501590,1,,,1,70,,501592,1,,,1,30,,501591,1,,,1,70,,501588,1,,,1,30,,501575,1,,,1,70,,501584,1,,,1,30,,501594,1,,,1,70,,501595,1,,,1,30,,501593,1,,,1,70,,501601,1,,,1,31,,501581,1,,,1,70,,501587,1,0,56 57,1,30,,501577,1,,,1,100,,501580,1,,,1,70,,501589,1,0,56 57,1,30,,501598,1,,,1,70,,501583,1,0,56 57,1,30,,501578,1,,,1,100,,501574,1,,,1,100,,501586,1,,,1
5101,'5-1',650,,501614,1,,,1,70,,501632,1,,,1,30,,501626,1,,,1,70,,501603,1,,,1,30,,501608,1,,,1,68,,501620,1,,,1,30,,501631,1,,,1,70,,501624,1,,,1,30,,501606,1,,,1,70,,501627,1,,,1,30,,501610,1,,,1,70,,501611,1,,,1,30,,501630,1,,,1,70,,501628,1,,,1,30,,501621,1,,,1,70,,501625,1,,,1,27,,501604,1,,,1,70,,501605,1,,,1,30,,501616,1,,,1,73,,501623,1,,,1,30,,501609,1,,,1,70,,501629,1,,,1,100,,501618,1,,,1,30,,501613,1,,,1,70,,501602,1,,,1,30,,501622,1,,,1,70,,501607,1,,,1,30,,501612,1,,,1,70,,501615,1,,,1,30,,501617,1,,,1,100,,501619,1,,,1
5101,'6-1',845,,501656,1,,,1,70,,501644,1,,,1,30,,501643,1,,,1,70,,501638,1,,,1,100,,501637,1,,,1,30,,501655,1,,,1,70,,501648,1,,,1,100,,501646,1,,,1,30,,501652,1,,,1,70,,501633,1,,,1,30,,501635,1,,,1,70,,501639,1,,,1,30,,501640,1,,,1,70,,501649,1,,,1,30,,501651,1,,,1,70,,501634,1,,,1,30,,501657,1,,,1,70,,501658,1,,,1,30,,501645,1,,,1,70,,501647,1,,,1,30,,501653,1,,,1,70,,501650,1,0,79,1,30,,501641,1,,,1,100,,501642,1,,,1,100,,501654,1,0,79,1,100,,501636,1,,,1
5101,'7-1',650,,501671,1,,,1,70,,501689,1,,,1,30,,501683,1,,,1,70,,501660,1,,,1,30,,501665,1,,,1,68,,501677,1,,,1,30,,501688,1,,,1,70,,501681,1,,,1,30,,501663,1,,,1,70,,501684,1,,,1,30,,501667,1,,,1,70,,501668,1,,,1,30,,501687,1,,,1,70,,501685,1,,,1,30,,501678,1,,,1,70,,501682,1,,,1,27,,501661,1,,,1,70,,501662,1,,,1,30,,501673,1,,,1,73,,501680,1,,,1,30,,501666,1,,,1,70,,501686,1,,,1,100,,501675,1,,,1,30,,501670,1,,,1,70,,501659,1,,,1,30,,501679,1,,,1,70,,501664,1,,,1,30,,501669,1,,,1,70,,501672,1,,,1,30,,501674,1,,,1,100,,501676,1,,,1
5101,'8-1',650,,501702,1,,,1,70,,501720,1,,,1,30,,501714,1,,,1,70,,501691,1,,,1,30,,501696,1,,,1,68,,501708,1,,,1,30,,501719,1,,,1,70,,501712,1,,,1,30,,501694,1,,,1,70,,501715,1,,,1,30,,501698,1,,,1,70,,501699,1,,,1,30,,501718,1,,,1,70,,501716,1,,,1,30,,501709,1,,,1,70,,501713,1,,,1,27,,501692,1,,,1,70,,501693,1,,,1,30,,501704,1,,,1,73,,501711,1,,,1,30,,501697,1,,,1,70,,501717,1,,,1,100,,501706,1,,,1,30,,501701,1,,,1,70,,501690,1,,,1,30,,501710,1,,,1,70,,501695,1,,,1,30,,501700,1,,,1,70,,501703,1,,,1,30,,501705,1,,,1,100,,501707,1,,,1
5101,'9-1',650,,501733,1,,,1,70,,501751,1,,,1,30,,501745,1,,,1,70,,501722,1,,,1,30,,501727,1,,,1,68,,501739,1,,,1,30,,501750,1,,,1,70,,501743,1,,,1,30,,501725,1,,,1,70,,501746,1,,,1,30,,501729,1,,,1,70,,501730,1,,,1,30,,501749,1,,,1,70,,501747,1,,,1,30,,501740,1,,,1,70,,501744,1,,,1,27,,501723,1,,,1,70,,501724,1,,,1,30,,501735,1,,,1,73,,501742,1,,,1,30,,501728,1,,,1,70,,501748,1,,,1,100,,501737,1,,,1,30,,501732,1,,,1,70,,501721,1,,,1,30,,501741,1,,,1,70,,501726,1,,,1,30,,501731,1,,,1,70,,501734,1,,,1,30,,501736,1,,,1,100,,501738,1,,,1
5300,'1-1',614,,501754,59,4,,1,30,,501761,59,4,,1,15,,501787,59,4,,1,56,,501753,59,4,,1,15,,501765,59,4,,1,15,,501767,59,4,,1,60,,501773,59,4,,1,18,,501788,59,4,,1,19,,501759,59,4,,1,16,,501758,59,4,,1,51,,501781,59,4,,1,11,,501799,59,4,,1,12,,501760,59,4,,1,20,,501778,59,4,,1,66,,501757,59,4,,1,30,,501763,59,4,,1,72,,501775,59,4,,1,32,,501800,59,4,,1,70,,501791,59,4,,1,30,,501776,59,4,,1,69,,501756,59,4,,1,31,,501789,59,4,,1,70,,501774,59,4,,1,32,,501782,59,4,,1,71,,501790,59,4,,1,29,,501764,59,4,,1,55,,501769,59,4,,1,16,,501755,59,4,,1,15,,501793,59,4,,1,15,,501770,59,4,,1,55,,501771,59,4,,1,15,,501779,59,4,,1,12,,501794,59,4,,1,20,,501766,59,4,,1,54,,501785,59,4,,1,15,,501777,59,4,,1,10,,501768,59,4,,1,12,,501796,59,4,,1,59,,501792,59,4,,1,20,,501795,59,4,,1,27,,501786,59,4,,1,70,,501798,59,4,,1,28,,501784,59,4,,1,70,,501780,59,4,,1,26,,501772,59,4,,1,67,,501762,59,4,,1,29,,501752,59,4,,1,100,,501783,59,4,,1,96,,501797,59,4,,1
5300,'2-1',700,,501807,59,4,,1,100,,501817,59,4,,1,101,,501804,59,4,,1,30,,501825,59,4,,1,70,,501824,59,4,,1,28,,501820,59,4,,1,73,,501832,59,4,,1,30,,501821,59,4,,1,70,,501815,59,4,,1,30,,501816,59,4,,1,72,,501819,59,4,,1,30,,501823,59,4,,1,70,,501830,59,4,,1,30,,501818,59,4,,1,70,,501809,59,4,,1,30,,501828,59,4,,1,70,,501805,59,4,,1,30,,501813,59,4,,1,68,,501806,59,4,,1,30,,501801,59,4,,1,70,,501814,59,4,,1,30,,501833,59,4,,1,70,,501802,59,4,,1,30,,501812,59,4,,1,68,,501827,59,4,,1,30,,501831,59,4,,1,70,,501808,59,4,,1,30,,501822,59,4,,1,28,,501810,59,4,,1,70,,501826,59,4,,1,79,,501829,59,4,,1,100,,501803,59,4,,1,100,,501811,59,4,,1
5300,'3-1',614,,501860,59,4,,1,40,,501863,59,4,,1,70,,501868,59,4,,1,30,,501861,59,4,,1,70,,501859,59,4,,1,31,,501853,59,4,,1,70,,501867,59,4,,1,30,,501841,59,4,,1,70,,501855,59,4,,1,33,,501843,59,4,,1,70,,501866,59,4,,1,30,,501858,59,4,,1,70,,501838,59,4,,1,72,,501834,59,4,,1,30,,501839,59,4,,1,70,,501849,59,4,,1,30,,501845,59,4,,1,70,,501854,59,4,,1,30,,501844,59,4,,1,70,,501864,59,4,,1,30,,501857,59,4,,1,28,,501851,59,4,,1,70,,501852,59,4,,1,30,,501836,59,4,,1,70,,501847,59,4,,1,30,,501842,59,4,,1,70,,501856,59,4,,1,28,,501850,59,4,,1,70,,501837,59,4,,1,30,,501840,59,4,,1,76,,501865,59,4,,1,68,,501848,59,4,,1,30,,501846,59,4,,1,70,,501862,59,4,,1,100,,501835,59,4,,1
5300,'4-1',614,,501890,59,4,,1,40,,501887,59,4,,1,70,,501891,59,4,,1,30,,501881,59,4,,1,70,,501877,59,4,,1,101,,501889,59,4,,1,30,,501879,59,4,,1,103,,501888,59,4,,1,100,,501874,59,4,,1,70,,501878,59,4,,1,102,,501871,59,4,,1,70,,501869,59,4,,1,100,,501892,59,4,,1,30,,501886,59,4,,1,100,,501894,59,4,,1,28,,501882,59,4,,1,70,,501876,59,4,,1,30,,501880,59,4,,1,70,,501875,59,4,,1,100,,501896,59,4,,1,28,,501870,59,4,,1,70,,501884,59,4,,1,30,,501873,59,4,,1,76,,501895,59,4,,1,68,,501872,59,4,,1,30,,501885,59,4,,1,70,,501883,59,4,,1,100,,501893,59,4,,1
5300,'5-1',614,,501899,59,4,,1,30,,501906,59,4,,1,15,,501932,59,4,,1,56,,501898,59,4,,1,15,,501910,59,4,,1,15,,501912,59,4,,1,60,,501918,59,4,,1,18,,501933,59,4,,1,19,,501904,59,4,,1,16,,501903,59,4,,1,51,,501926,59,4,,1,11,,501944,59,4,,1,12,,501905,59,4,,1,20,,501923,59,4,,1,66,,501902,59,4,,1,30,,501908,59,4,,1,72,,501920,59,4,,1,32,,501945,59,4,,1,70,,501936,59,4,,1,30,,501921,59,4,,1,69,,501901,59,4,,1,31,,501934,59,4,,1,70,,501919,59,4,,1,32,,501927,59,4,,1,71,,501935,59,4,,1,29,,501909,59,4,,1,55,,501914,59,4,,1,16,,501900,59,4,,1,15,,501938,59,4,,1,15,,501915,59,4,,1,55,,501916,59,4,,1,15,,501924,59,4,,1,12,,501939,59,4,,1,20,,501911,59,4,,1,54,,501930,59,4,,1,15,,501922,59,4,,1,10,,501913,59,4,,1,12,,501941,59,4,,1,59,,501937,59,4,,1,20,,501940,59,4,,1,27,,501931,59,4,,1,70,,501943,59,4,,1,28,,501929,59,4,,1,70,,501925,59,4,,1,26,,501917,59,4,,1,67,,501907,59,4,,1,29,,501897,59,4,,1,100,,501928,59,4,,1,96,,501942,59,4,,1
5300,'6-1',700,,501948,59,4,,1,100,,501968,59,4,,1,101,,501965,59,4,,1,30,,501946,59,4,,1,70,,501952,59,4,,1,101,,501964,59,4,,1,30,,501966,59,4,,1,70,,501972,59,4,,1,30,,501962,59,4,,1,72,,501963,59,4,,1,30,,501959,59,4,,1,70,,501957,59,4,,1,30,,501960,59,4,,1,70,,501969,59,4,,1,100,,501951,59,4,,1,30,,501947,59,4,,1,98,,501949,59,4,,1,70,,501956,59,4,,1,30,,501967,59,4,,1,70,,501971,59,4,,1,30,,501950,59,4,,1,68,,501958,59,4,,1,30,,501955,59,4,,1,70,,501973,59,4,,1,30,,501953,59,4,,1,28,,501954,59,4,,1,149,,501970,59,4,,1
5300,'7-1',614,,501976,59,4,,1,30,,501983,59,4,,1,15,,502009,59,4,,1,56,,501975,59,4,,1,15,,501987,59,4,,1,15,,501989,59,4,,1,60,,501995,59,4,,1,18,,502010,59,4,,1,19,,501981,59,4,,1,16,,501980,59,4,,1,51,,502003,59,4,,1,11,,502021,59,4,,1,12,,501982,59,4,,1,20,,502000,59,4,,1,66,,501979,59,4,,1,30,,501985,59,4,,1,72,,501997,59,4,,1,32,,502022,59,4,,1,70,,502013,59,4,,1,30,,501998,59,4,,1,69,,501978,59,4,,1,31,,502011,59,4,,1,70,,501996,59,4,,1,32,,502004,59,4,,1,71,,502012,59,4,,1,29,,501986,59,4,,1,55,,501991,59,4,,1,16,,501977,59,4,,1,15,,502015,59,4,,1,15,,501992,59,4,,1,55,,501993,59,4,,1,15,,502001,59,4,,1,12,,502016,59,4,,1,20,,501988,59,4,,1,54,,502007,59,4,,1,15,,501999,59,4,,1,10,,501990,59,4,,1,12,,502018,59,4,,1,59,,502014,59,4,,1,20,,502017,59,4,,1,27,,502008,59,4,,1,70,,502020,59,4,,1,28,,502006,59,4,,1,70,,502002,59,4,,1,26,,501994,59,4,,1,67,,501984,59,4,,1,29,,501974,59,4,,1,100,,502005,59,4,,1,96,,502019,59,4,,1
5300,'8-1',614,,502025,59,4,,1,30,,502032,59,4,,1,15,,502058,59,4,,1,56,,502024,59,4,,1,15,,502036,59,4,,1,15,,502038,59,4,,1,60,,502044,59,4,,1,18,,502059,59,4,,1,19,,502030,59,4,,1,16,,502029,59,4,,1,51,,502052,59,4,,1,11,,502070,59,4,,1,12,,502031,59,4,,1,20,,502049,59,4,,1,66,,502028,59,4,,1,30,,502034,59,4,,1,72,,502046,59,4,,1,32,,502071,59,4,,1,70,,502062,59,4,,1,30,,502047,59,4,,1,69,,502027,59,4,,1,31,,502060,59,4,,1,70,,502045,59,4,,1,32,,502053,59,4,,1,71,,502061,59,4,,1,29,,502035,59,4,,1,55,,502040,59,4,,1,16,,502026,59,4,,1,15,,502064,59,4,,1,15,,502041,59,4,,1,55,,502042,59,4,,1,15,,502050,59,4,,1,12,,502065,59,4,,1,20,,502037,59,4,,1,54,,502056,59,4,,1,15,,502048,59,4,,1,10,,502039,59,4,,1,12,,502067,59,4,,1,59,,502063,59,4,,1,20,,502066,59,4,,1,27,,502057,59,4,,1,70,,502069,59,4,,1,28,,502055,59,4,,1,70,,502051,59,4,,1,26,,502043,59,4,,1,67,,502033,59,4,,1,29,,502023,59,4,,1,100,,502054,59,4,,1,96,,502068,59,4,,1
5300,'9-1',614,,502074,59,4,,1,30,,502081,59,4,,1,15,,502107,59,4,,1,56,,502073,59,4,,1,15,,502085,59,4,,1,15,,502087,59,4,,1,60,,502093,59,4,,1,18,,502108,59,4,,1,19,,502079,59,4,,1,16,,502078,59,4,,1,51,,502101,59,4,,1,11,,502119,59,4,,1,12,,502080,59,4,,1,20,,502098,59,4,,1,66,,502077,59,4,,1,30,,502083,59,4,,1,72,,502095,59,4,,1,32,,502120,59,4,,1,70,,502111,59,4,,1,30,,502096,59,4,,1,69,,502076,59,4,,1,31,,502109,59,4,,1,70,,502094,59,4,,1,32,,502102,59,4,,1,71,,502110,59,4,,1,29,,502084,59,4,,1,55,,502089,59,4,,1,16,,502075,59,4,,1,15,,502113,59,4,,1,15,,502090,59,4,,1,55,,502091,59,4,,1,15,,502099,59,4,,1,12,,502114,59,4,,1,20,,502086,59,4,,1,54,,502105,59,4,,1,15,,502097,59,4,,1,10,,502088,59,4,,1,12,,502116,59,4,,1,59,,502112,59,4,,1,20,,502115,59,4,,1,27,,502106,59,4,,1,70,,502118,59,4,,1,28,,502104,59,4,,1,70,,502100,59,4,,1,26,,502092,59,4,,1,67,,502082,59,4,,1,29,,502072,59,4,,1,100,,502103,59,4,,1,96,,502117,59,4,,1
5301,'1-1',648,,502150,1,,,1,55,,502147,1,,,1,14,,502148,1,,,1,17,,502170,1,,,1,19,,502158,1,,,1,61,,502135,1,,,1,20,,502138,1,,,1,13,,502133,1,,,1,55,,502134,1,,,1,15,,502155,1,,,1,20,,502131,1,,,1,20,,502160,1,,,1,70,,502126,1,,,1,30,,502127,1,,,1,70,,502159,1,,,1,31,,502166,1,,,1,70,,502145,1,,,1,30,,502124,1,,,1,70,,502143,1,,,1,30,,502162,1,,,1,70,,502157,1,,,1,15,,502128,1,,,1,16,,502139,1,,,1,56,,502130,1,,,1,15,,502121,1,,,1,15,,502142,1,,,1,13,,502168,1,,,1,55,,502122,1,,,1,16,,502165,1,,,1,15,,502161,1,,,1,56,,502125,1,,,1,15,,502146,1,,,1,15,,502152,1,,,1,13,,502132,1,,,1,59,,502141,1,,,1,28,,502137,1,,,1,70,,502129,1,,,1,32,,502136,1,,,1,68,,502156,1,,,1,30,,502164,1,,,1,70,,502163,1,,,1,30,,502154,1,,,1,70,,502167,1,,,1,100,,502169,1,,,1,100,,502151,1,,,1,100,,502123,1,,,1
5301,'2-1',810,,502197,1,,,1,100,,502194,1,,,1,30,,502185,1,,,1,70,,502176,1,,,1,30,,502180,1,,,1,70,,502179,1,,,1,30,,502177,1,,,1,70,,502202,1,,,1,30,,502201,1,,,1,70,,502199,1,,,1,30,,502200,1,,,1,70,,502171,1,,,1,30,,502174,1,,,1,70,,502198,1,,,1,30,,502187,1,,,1,70,,502189,1,,,1,30,,502204,1,,,1,70,,502193,1,,,1,30,,502183,1,,,1,70,,502191,1,,,1,30,,502192,1,,,1,70,,502172,1,,,1,30,,502196,1,,,1,70,,502173,1,,,1,30,,502181,1,,,1,70,,502182,1,,,1,30,,502186,1,,,1,70,,502195,1,,,1,30,,502188,1,,,1,70,,502190,1,,,1,30,,502175,1,,,1,70,,502203,1,,,1,30,,502184,1,,,1,70,,502178,1,,,1
5301,'3-1',705,,502208,1,,,1,30,,502207,1,,,1,70,,502206,1,,,1,30,,502237,1,,,1,70,,502221,1,,,1,30,,502226,1,,,1,70,,502205,1,,,1,30,,502213,1,,,1,70,,502238,1,,,1,30,,502217,1,,,1,70,,502236,1,,,1,30,,502220,1,,,1,70,,502227,1,,,1,30,,502210,1,,,1,70,,502232,1,,,1,30,,502234,1,,,1,70,,502214,1,,,1,30,,502235,1,,,1,70,,502219,1,,,1,30,,502239,1,,,1,70,,502216,1,,,1,30,,502215,1,,,1,70,,502225,1,,,1,30,,502229,1,,,1,70,,502233,1,,,1,30,,502224,1,,,1,70,,502222,1,,,1,30,,502212,1,,,1,70,,502218,1,,,1,30,,502230,1,,,1,70,,502223,1,,,1,100,,502209,1,,,1,100,,502231,1,,,1,100,,502228,1,,,1
5301,'4-1',705,,502242,1,,,1,100,,502251,1,,,1,30,,502250,1,,,1,100,,502253,1,,,1,70,,502244,1,,,1,100,,502261,1,,,1,100,,502243,1,,,1,30,,502256,1,,,1,100,,502265,1,,,1,70,,502267,1,,,1,100,,502240,1,,,1,30,,502247,1,,,1,70,,502260,1,,,1,30,,502254,1,,,1,70,,502246,1,,,1,100,,502257,1,,,1,30,,502245,1,,,1,70,,502255,1,,,1,30,,502259,1,,,1,70,,502264,1,,,1,30,,502258,1,,,1,70,,502263,1,,,1,30,,502262,1,,,1,70,,502252,1,,,1,100,,502249,1,,,1,100,,502241,1,,,1,100,,502266,1,,,1
5301,'5-1',648,,502297,1,,,1,55,,502294,1,,,1,14,,502295,1,,,1,17,,502317,1,,,1,19,,502305,1,,,1,61,,502282,1,,,1,20,,502285,1,,,1,13,,502280,1,,,1,55,,502281,1,,,1,15,,502302,1,,,1,20,,502278,1,,,1,20,,502307,1,,,1,70,,502273,1,,,1,30,,502274,1,,,1,70,,502306,1,,,1,31,,502313,1,,,1,70,,502292,1,,,1,30,,502271,1,,,1,70,,502290,1,,,1,30,,502309,1,,,1,70,,502304,1,,,1,15,,502275,1,,,1,16,,502286,1,,,1,56,,502277,1,,,1,15,,502268,1,,,1,15,,502289,1,,,1,13,,502315,1,,,1,55,,502269,1,,,1,16,,502312,1,,,1,15,,502308,1,,,1,56,,502272,1,,,1,15,,502293,1,,,1,15,,502299,1,,,1,13,,502279,1,,,1,59,,502288,1,,,1,28,,502284,1,,,1,70,,502276,1,,,1,32,,502283,1,,,1,68,,502303,1,,,1,30,,502311,1,,,1,70,,502310,1,,,1,30,,502301,1,,,1,70,,502314,1,,,1,100,,502316,1,,,1,100,,502298,1,,,1,100,,502270,1,,,1
5301,'6-1',810,,502332,1,,,1,100,,502326,1,,,1,30,,502319,1,,,1,70,,502327,1,,,1,30,,502344,1,,,1,70,,502337,1,,,1,30,,502343,1,,,1,70,,502338,1,,,1,30,,502331,1,,,1,70,,502329,1,,,1,30,,502341,1,,,1,70,,502328,1,,,1,30,,502342,1,,,1,70,,502322,1,,,1,100,,502336,1,,,1,30,,502345,1,,,1,70,,502330,1,,,1,30,,502347,1,,,1,70,,502323,1,,,1,30,,502333,1,,,1,70,,502339,1,,,1,30,,502335,1,,,1,70,,502334,1,,,1,30,,502340,1,,,1,70,,502320,1,,,1,30,,502318,1,,,1,70,,502321,1,,,1,100,,502324,1,,,1,100,,502325,1,,,1
5301,'7-1',648,,502377,1,,,1,55,,502374,1,,,1,14,,502375,1,,,1,17,,502397,1,,,1,19,,502385,1,,,1,61,,502362,1,,,1,20,,502365,1,,,1,13,,502360,1,,,1,55,,502361,1,,,1,15,,502382,1,,,1,20,,502358,1,,,1,20,,502387,1,,,1,70,,502353,1,,,1,30,,502354,1,,,1,70,,502386,1,,,1,31,,502393,1,,,1,70,,502372,1,,,1,30,,502351,1,,,1,70,,502370,1,,,1,30,,502389,1,,,1,70,,502384,1,,,1,15,,502355,1,,,1,16,,502366,1,,,1,56,,502357,1,,,1,15,,502348,1,,,1,15,,502369,1,,,1,13,,502395,1,,,1,55,,502349,1,,,1,16,,502392,1,,,1,15,,502388,1,,,1,56,,502352,1,,,1,15,,502373,1,,,1,15,,502379,1,,,1,13,,502359,1,,,1,59,,502368,1,,,1,28,,502364,1,,,1,70,,502356,1,,,1,32,,502363,1,,,1,68,,502383,1,,,1,30,,502391,1,,,1,70,,502390,1,,,1,30,,502381,1,,,1,70,,502394,1,,,1,100,,502396,1,,,1,100,,502378,1,,,1,100,,502350,1,,,1
5301,'8-1',648,,502427,1,,,1,55,,502424,1,,,1,14,,502425,1,,,1,17,,502447,1,,,1,19,,502435,1,,,1,61,,502412,1,,,1,20,,502415,1,,,1,13,,502410,1,,,1,55,,502411,1,,,1,15,,502432,1,,,1,20,,502408,1,,,1,20,,502437,1,,,1,70,,502403,1,,,1,30,,502404,1,,,1,70,,502436,1,,,1,31,,502443,1,,,1,70,,502422,1,,,1,30,,502401,1,,,1,70,,502420,1,,,1,30,,502439,1,,,1,70,,502434,1,,,1,15,,502405,1,,,1,16,,502416,1,,,1,56,,502407,1,,,1,15,,502398,1,,,1,15,,502419,1,,,1,13,,502445,1,,,1,55,,502399,1,,,1,16,,502442,1,,,1,15,,502438,1,,,1,56,,502402,1,,,1,15,,502423,1,,,1,15,,502429,1,,,1,13,,502409,1,,,1,59,,502418,1,,,1,28,,502414,1,,,1,70,,502406,1,,,1,32,,502413,1,,,1,68,,502433,1,,,1,30,,502441,1,,,1,70,,502440,1,,,1,30,,502431,1,,,1,70,,502444,1,,,1,100,,502446,1,,,1,100,,502428,1,,,1,100,,502400,1,,,1
5301,'9-1',648,,502477,1,,,1,55,,502474,1,,,1,14,,502475,1,,,1,17,,502497,1,,,1,19,,502485,1,,,1,61,,502462,1,,,1,20,,502465,1,,,1,13,,502460,1,,,1,55,,502461,1,,,1,15,,502482,1,,,1,20,,502458,1,,,1,20,,502487,1,,,1,70,,502453,1,,,1,30,,502454,1,,,1,70,,502486,1,,,1,31,,502493,1,,,1,70,,502472,1,,,1,30,,502451,1,,,1,70,,502470,1,,,1,30,,502489,1,,,1,70,,502484,1,,,1,15,,502455,1,,,1,16,,502466,1,,,1,56,,502457,1,,,1,15,,502448,1,,,1,15,,502469,1,,,1,13,,502495,1,,,1,55,,502449,1,,,1,16,,502492,1,,,1,15,,502488,1,,,1,56,,502452,1,,,1,15,,502473,1,,,1,15,,502479,1,,,1,13,,502459,1,,,1,59,,502468,1,,,1,28,,502464,1,,,1,70,,502456,1,,,1,32,,502463,1,,,1,68,,502483,1,,,1,30,,502491,1,,,1,70,,502490,1,,,1,30,,502481,1,,,1,70,,502494,1,,,1,100,,502496,1,,,1,100,,502478,1,,,1,100,,502450,1,,,1
5600,'1-1',559,,502513,1,,,1,65,,502538,1,,,1,20,,502526,1,0,81,1,15,,502512,1,,,1,55,,502504,1,0,81,1,15,,502521,1,,,1,17,,502516,1,0,81,1,55,,502507,1,,,1,13,,502546,1,0,81,1,15,,502531,1,,,1,15,,502544,1,0,81,1,15,,502525,1,,,1,70,,502542,1,,,1,30,,502535,1,,,1,70,,502533,1,0,81,1,30,,502506,1,0,81,1,70,,502540,1,0,81,1,30,,502522,1,0,81,1,70,,502515,1,0,81,1,30,,502537,1,0,81,1,70,,502523,1,0,81,1,30,,502524,1,0,81,1,70,,502498,1,,,1,15,,502519,1,,,1,15,,502508,1,0,81,1,55,,502500,1,,,1,15,,502534,1,,,1,71,,502511,1,,,1,13,,502545,1,,,1,16,,502517,1,,,1,15,,502503,1,,,1,56,,502539,1,0,81,1,14,,502536,1,,,1,22,,502528,1,,,1,14,,502527,1,0,81,1,54,,502529,1,,,1,30,,502541,1,,,1,70,,502530,1,0,81,1,30,,502505,1,0,81,1,70,,502510,1,0,81,1,30,,502499,1,0,81,1,70,,502547,1,0,81,1,30,,502514,1,0,81,1,70,,502520,1,0,81,1,30,,502532,1,0,81,1,70,,502502,1,0,81,1,30,,502518,1,0,81,1,70,,502509,1,0,81,1,30,,502543,1,0,81,1,70,,502501,1,0,81,1
5600,'2-1',715,,502577,1,,,1,30,,502548,1,0,81,1,70,,502570,1,,,1,30,,502578,1,0,81,1,70,,502566,1,,,1,30,,502561,1,0,81,1,70,,502573,1,,,1,30,,502552,1,0,81,1,70,,502562,1,,,1,30,,502579,1,0,81,1,70,,502567,1,,,1,30,,502571,1,0,81,1,70,,502565,1,,,1,30,,502555,1,0,81,1,70,,502551,1,,,1,30,,502563,1,0,81,1,70,,502554,1,,,1,30,,502556,1,0,81,1,70,,502550,1,,,1,30,,502549,1,0,81,1,70,,502560,1,,,1,30,,502575,1,0,81,1,70,,502564,1,,,1,30,,502568,1,0,81,1,70,,502557,1,,,1,30,,502558,1,0,81,1,70,,502576,1,,,1,30,,502553,1,0,81,1,70,,502574,1,,,1,44,,502559,1,,,1,100,,502572,1,0,81,1,85,,502569,1,0,81,1
5600,'3-1',703,,502590,1,,,1,30,,502610,1,0,81,1,70,,502612,1,,,1,30,,502597,1,0,81,1,70,,502606,1,,,1,30,,502586,1,0,81,1,70,,502593,1,,,1,30,,502583,1,0,81,1,70,,502587,1,,,1,30,,502599,1,0,81,1,70,,502608,1,,,1,30,,502600,1,0,81,1,70,,502607,1,,,1,30,,502604,1,0,81,1,70,,502584,1,,,1,30,,502601,1,0,81,1,70,,502603,1,,,1,30,,502598,1,0,81,1,70,,502594,1,,,1,30,,502585,1,0,81,1,70,,502589,1,,,1,30,,502611,1,0,81,1,70,,502595,1,,,1,30,,502592,1,0,81,1,70,,502602,1,,,1,30,,502580,1,0,81,1,70,,502605,1,,,1,30,,502591,1,0,81,1,70,,502588,1,,,1,30,,502582,1,0,81,1,70,,502581,1,,,1,100,,502596,1,0,81,1,100,,502609,1,0,81,1
5600,'4-1',703,,502615,1,,,1,30,,502619,1,0,81,1,70,,502613,1,,,1,30,,502626,1,0,81,1,70,,502643,1,,,1,30,,502627,1,0,81,1,70,,502641,1,,,1,30,,502628,1,0,81,1,70,,502645,1,,,1,30,,502635,1,0,81,1,70,,502622,1,,,1,30,,502640,1,0,81,1,70,,502639,1,,,1,30,,502633,1,0,81,1,70,,502638,1,,,1,30,,502632,1,0,81,1,70,,502620,1,,,1,30,,502644,1,0,81,1,70,,502631,1,,,1,30,,502623,1,0,81,1,70,,502625,1,,,1,30,,502630,1,0,81,1,70,,502621,1,,,1,30,,502636,1,0,81,1,70,,502618,1,,,1,30,,502642,1,0,81,1,70,,502617,1,,,1,30,,502629,1,0,81,1,70,,502637,1,,,1,30,,502614,1,0,81,1,70,,502616,1,,,1,100,,502624,1,0,81,1,100,,502634,1,0,81,1
5600,'5-1',559,,502661,1,,,1,65,,502686,1,,,1,20,,502674,1,0,81,1,15,,502660,1,,,1,55,,502652,1,0,81,1,15,,502669,1,,,1,17,,502664,1,0,81,1,55,,502655,1,,,1,13,,502694,1,0,81,1,15,,502679,1,,,1,15,,502692,1,0,81,1,15,,502673,1,,,1,70,,502690,1,,,1,30,,502683,1,,,1,70,,502681,1,0,81,1,30,,502654,1,0,81,1,70,,502688,1,0,81,1,30,,502670,1,0,81,1,70,,502663,1,0,81,1,30,,502685,1,0,81,1,70,,502671,1,0,81,1,30,,502672,1,0,81,1,70,,502646,1,,,1,15,,502667,1,,,1,15,,502656,1,0,81,1,55,,502648,1,,,1,15,,502682,1,,,1,71,,502659,1,,,1,13,,502693,1,,,1,16,,502665,1,,,1,15,,502651,1,,,1,56,,502687,1,0,81,1,14,,502684,1,,,1,22,,502676,1,,,1,14,,502675,1,0,81,1,54,,502677,1,,,1,30,,502689,1,,,1,70,,502678,1,0,81,1,30,,502653,1,0,81,1,70,,502658,1,0,81,1,30,,502647,1,0,81,1,70,,502695,1,0,81,1,30,,502662,1,0,81,1,70,,502668,1,0,81,1,30,,502680,1,0,81,1,70,,502650,1,0,81,1,30,,502666,1,0,81,1,70,,502657,1,0,81,1,30,,502691,1,0,81,1,70,,502649,1,0,81,1
5600,'6-1',715,,502697,1,,,1,30,,502716,1,0,81,1,70,,502713,1,,,1,30,,502698,1,0,81,1,70,,502714,1,,,1,30,,502705,1,0,81,1,70,,502699,1,,,1,30,,502707,1,0,81,1,70,,502710,1,,,1,30,,502717,1,0,81,1,70,,502703,1,,,1,30,,502706,1,0,81,1,70,,502726,1,,,1,30,,502719,1,0,81,1,70,,502724,1,,,1,30,,502722,1,0,81,1,70,,502715,1,,,1,30,,502711,1,0,81,1,70,,502704,1,,,1,30,,502708,1,0,81,1,70,,502702,1,,,1,100,,502709,1,,,1,30,,502712,1,0,81,1,70,,502725,1,,,1,30,,502720,1,0,81,1,70,,502696,1,,,1,30,,502723,1,0,81,1,70,,502700,1,,,1,44,,502718,1,,,1,100,,502701,1,0,81,1,85,,502721,1,0,81,1
5600,'7-1',559,,502742,1,,,1,65,,502767,1,,,1,20,,502755,1,0,81,1,15,,502741,1,,,1,55,,502733,1,0,81,1,15,,502750,1,,,1,17,,502745,1,0,81,1,55,,502736,1,,,1,13,,502775,1,0,81,1,15,,502760,1,,,1,15,,502773,1,0,81,1,15,,502754,1,,,1,70,,502771,1,,,1,30,,502764,1,,,1,70,,502762,1,0,81,1,30,,502735,1,0,81,1,70,,502769,1,0,81,1,30,,502751,1,0,81,1,70,,502744,1,0,81,1,30,,502766,1,0,81,1,70,,502752,1,0,81,1,30,,502753,1,0,81,1,70,,502727,1,,,1,15,,502748,1,,,1,15,,502737,1,0,81,1,55,,502729,1,,,1,15,,502763,1,,,1,71,,502740,1,,,1,13,,502774,1,,,1,16,,502746,1,,,1,15,,502732,1,,,1,56,,502768,1,0,81,1,14,,502765,1,,,1,22,,502757,1,,,1,14,,502756,1,0,81,1,54,,502758,1,,,1,30,,502770,1,,,1,70,,502759,1,0,81,1,30,,502734,1,0,81,1,70,,502739,1,0,81,1,30,,502728,1,0,81,1,70,,502776,1,0,81,1,30,,502743,1,0,81,1,70,,502749,1,0,81,1,30,,502761,1,0,81,1,70,,502731,1,0,81,1,30,,502747,1,0,81,1,70,,502738,1,0,81,1,30,,502772,1,0,81,1,70,,502730,1,0,81,1
5600,'8-1',559,,502792,1,,,1,65,,502817,1,,,1,20,,502805,1,0,81,1,15,,502791,1,,,1,55,,502783,1,0,81,1,15,,502800,1,,,1,17,,502795,1,0,81,1,55,,502786,1,,,1,13,,502825,1,0,81,1,15,,502810,1,,,1,15,,502823,1,0,81,1,15,,502804,1,,,1,70,,502821,1,,,1,30,,502814,1,,,1,70,,502812,1,0,81,1,30,,502785,1,0,81,1,70,,502819,1,0,81,1,30,,502801,1,0,81,1,70,,502794,1,0,81,1,30,,502816,1,0,81,1,70,,502802,1,0,81,1,30,,502803,1,0,81,1,70,,502777,1,,,1,15,,502798,1,,,1,15,,502787,1,0,81,1,55,,502779,1,,,1,15,,502813,1,,,1,71,,502790,1,,,1,13,,502824,1,,,1,16,,502796,1,,,1,15,,502782,1,,,1,56,,502818,1,0,81,1,14,,502815,1,,,1,22,,502807,1,,,1,14,,502806,1,0,81,1,54,,502808,1,,,1,30,,502820,1,,,1,70,,502809,1,0,81,1,30,,502784,1,0,81,1,70,,502789,1,0,81,1,30,,502778,1,0,81,1,70,,502826,1,0,81,1,30,,502793,1,0,81,1,70,,502799,1,0,81,1,30,,502811,1,0,81,1,70,,502781,1,0,81,1,30,,502797,1,0,81,1,70,,502788,1,0,81,1,30,,502822,1,0,81,1,70,,502780,1,0,81,1
5600,'9-1',559,,502842,1,,,1,65,,502867,1,,,1,20,,502855,1,0,81,1,15,,502841,1,,,1,55,,502833,1,0,81,1,15,,502850,1,,,1,17,,502845,1,0,81,1,55,,502836,1,,,1,13,,502875,1,0,81,1,15,,502860,1,,,1,15,,502873,1,0,81,1,15,,502854,1,,,1,70,,502871,1,,,1,30,,502864,1,,,1,70,,502862,1,0,81,1,30,,502835,1,0,81,1,70,,502869,1,0,81,1,30,,502851,1,0,81,1,70,,502844,1,0,81,1,30,,502866,1,0,81,1,70,,502852,1,0,81,1,30,,502853,1,0,81,1,70,,502827,1,,,1,15,,502848,1,,,1,15,,502837,1,0,81,1,55,,502829,1,,,1,15,,502863,1,,,1,71,,502840,1,,,1,13,,502874,1,,,1,16,,502846,1,,,1,15,,502832,1,,,1,56,,502868,1,0,81,1,14,,502865,1,,,1,22,,502857,1,,,1,14,,502856,1,0,81,1,54,,502858,1,,,1,30,,502870,1,,,1,70,,502859,1,0,81,1,30,,502834,1,0,81,1,70,,502839,1,0,81,1,30,,502828,1,0,81,1,70,,502876,1,0,81,1,30,,502843,1,0,81,1,70,,502849,1,0,81,1,30,,502861,1,0,81,1,70,,502831,1,0,81,1,30,,502847,1,0,81,1,70,,502838,1,0,81,1,30,,502872,1,0,81,1,70,,502830,1,0,81,1
5601,'1-1',610,,502904,11,4,,1,35,,502912,46,4,,1,72,,502897,46,4,,1,15,,502893,11,4,,1,15,,502911,46,4,,1,53,,502921,46,4,,1,23,,502909,46,4,,1,17,,502882,46,4,,1,15,,502894,46,4,,1,55,,502886,46,4,,1,10,,502923,46,4,,1,28,,502880,46,4,,1,69,,502905,46,4,,1,31,,502920,46,4,,1,68,,502878,11,4,,1,30,,502890,11,4,,1,70,,502908,11,4,,1,30,,502918,11,4,,1,70,,502885,11,4,,1,30,,502901,11,4,,1,69,,502916,11,4,,1,34,,502892,11,4,,1,70,,502914,46,4,,1,38,,502898,46,4,,1,54,,502889,46,4,,1,13,,502917,11,4,,1,17,,502899,46,4,,1,13,,502915,11,4,,1,55,,502887,46,4,,1,15,,502896,11,4,,1,25,,502895,11,4,,1,57,,502907,46,4,,1,15,,502883,11,4,,1,16,,502888,46,4,,1,14,,502879,46,4,,1,54,,502881,46,4,,1,15,,502877,11,4,,1,30,,502924,11,4,,1,75,,502903,11,4,,1,30,,502906,11,4,,1,70,,502884,11,4,,1,30,,502900,11,4,,1,70,,502910,11,4,,1,30,,502913,11,4,,1,70,,502891,11,4,,1,30,,502919,11,4,,1,70,,502902,11,4,,1,30,,502922,11,4,,1
5601,'2-1',702,,502930,11,4,,1,32,,502951,46,4,,1,71,,502927,11,4,,1,30,,502948,46,4,,1,71,,502945,11,4,,1,31,,502935,46,4,,1,70,,502955,11,4,,1,30,,502933,46,4,,1,70,,502939,11,4,,1,30,,502936,46,4,,1,70,,502929,11,4,,1,32,,502938,46,4,,1,70,,502952,11,4,,1,30,,502925,46,4,,1,70,,502926,11,4,,1,30,,502928,46,4,,1,70,,502944,11,4,,1,30,,502947,46,4,,1,70,,502942,11,4,,1,30,,502931,46,4,,1,70,,502940,11,4,,1,29,,502950,46,4,,1,70,,502946,11,4,,1,28,,502943,46,4,,1,70,,502949,11,4,,1,30,,502932,46,4,,1,70,,502956,11,4,,1,30,,502954,46,4,,1,70,,502934,11,4,,1,28,,502953,46,4,,1,100,,502937,46,4,,1,85,,502941,11,4,,1
5601,'3-1',619,,502958,46,4,,1,30,,502966,11,4,,1,70,,502990,46,4,,1,33,,502965,11,4,,1,71,,502976,46,4,,1,30,,502991,11,4,,1,70,,502969,46,4,,1,31,,502971,11,4,,1,70,,502963,46,4,,1,30,,502964,11,4,,1,70,,502960,46,4,,1,30,,502989,11,4,,1,72,,502980,46,4,,1,30,,502970,11,4,,1,70,,502957,46,4,,1,30,,502979,11,4,,1,71,,502987,46,4,,1,29,,502988,11,4,,1,71,,502977,46,4,,1,30,,502967,11,4,,1,70,,502984,46,4,,1,30,,502968,11,4,,1,69,,502983,46,4,,1,30,,502959,11,4,,1,69,,502978,46,4,,1,30,,502982,11,4,,1,70,,502986,46,4,,1,30,,502972,11,4,,1,70,,502974,46,4,,1,30,,502985,11,4,,1,68,,502975,46,4,,1,31,,502962,11,4,,1,68,,502973,46,4,,1,100,,502981,11,4,,1,100,,502961,11,4,,1
5601,'4-1',619,,503008,46,4,,1,30,,503013,11,4,,1,70,,503005,46,4,,1,33,,502992,11,4,,1,71,,503006,46,4,,1,30,,503020,11,4,,1,70,,503023,46,4,,1,31,,503012,11,4,,1,70,,502993,46,4,,1,30,,503022,11,4,,1,70,,503014,46,4,,1,30,,503011,11,4,,1,72,,503007,46,4,,1,30,,503001,11,4,,1,70,,503025,46,4,,1,30,,502995,11,4,,1,71,,502994,46,4,,1,29,,502999,11,4,,1,71,,503024,46,4,,1,30,,503003,11,4,,1,70,,503010,46,4,,1,30,,503016,11,4,,1,69,,502996,46,4,,1,30,,503002,11,4,,1,69,,502997,46,4,,1,30,,502998,11,4,,1,70,,503000,46,4,,1,30,,503017,11,4,,1,70,,503015,46,4,,1,30,,503009,11,4,,1,68,,503026,46,4,,1,31,,503021,11,4,,1,68,,503019,46,4,,1,100,,503018,11,4,,1,100,,503004,11,4,,1
5601,'5-1',610,,503054,11,4,,1,35,,503062,46,4,,1,72,,503047,46,4,,1,15,,503043,11,4,,1,15,,503061,46,4,,1,53,,503071,46,4,,1,23,,503059,46,4,,1,17,,503032,46,4,,1,15,,503044,46,4,,1,55,,503036,46,4,,1,10,,503073,46,4,,1,28,,503030,46,4,,1,69,,503055,46,4,,1,31,,503070,46,4,,1,68,,503028,11,4,,1,30,,503040,11,4,,1,70,,503058,11,4,,1,30,,503068,11,4,,1,70,,503035,11,4,,1,30,,503051,11,4,,1,69,,503066,11,4,,1,34,,503042,11,4,,1,70,,503064,46,4,,1,38,,503048,46,4,,1,54,,503039,46,4,,1,13,,503067,11,4,,1,17,,503049,46,4,,1,13,,503065,11,4,,1,55,,503037,46,4,,1,15,,503046,11,4,,1,25,,503045,11,4,,1,57,,503057,46,4,,1,15,,503033,11,4,,1,16,,503038,46,4,,1,14,,503029,46,4,,1,54,,503031,46,4,,1,15,,503027,11,4,,1,30,,503074,11,4,,1,75,,503053,11,4,,1,30,,503056,11,4,,1,70,,503034,11,4,,1,30,,503050,11,4,,1,70,,503060,11,4,,1,30,,503063,11,4,,1,70,,503041,11,4,,1,30,,503069,11,4,,1,70,,503052,11,4,,1,30,,503072,11,4,,1
5601,'6-1',703,,503091,11,4,,1,32,,503099,46,4,,1,71,,503101,11,4,,1,30,,503076,46,4,,1,71,,503097,11,4,,1,31,,503084,46,4,,1,70,,503089,11,4,,1,30,,503095,46,4,,1,70,,503102,11,4,,1,30,,503086,46,4,,1,70,,503077,11,4,,1,32,,503088,46,4,,1,70,,503098,11,4,,1,30,,503080,46,4,,1,70,,503093,11,4,,1,30,,503078,46,4,,1,70,,503081,11,4,,1,30,,503075,46,4,,1,70,,503079,11,4,,1,30,,503090,46,4,,1,70,,503104,11,4,,1,29,,503103,46,4,,1,98,,503100,46,4,,1,70,,503085,11,4,,1,30,,503105,46,4,,1,70,,503096,11,4,,1,30,,503082,46,4,,1,70,,503092,11,4,,1,28,,503083,46,4,,1,85,,503094,46,4,,1,100,,503087,11,4,,1
5601,'7-1',610,,503133,11,4,,1,35,,503141,46,4,,1,72,,503126,46,4,,1,15,,503122,11,4,,1,15,,503140,46,4,,1,53,,503150,46,4,,1,23,,503138,46,4,,1,17,,503111,46,4,,1,15,,503123,46,4,,1,55,,503115,46,4,,1,10,,503152,46,4,,1,28,,503109,46,4,,1,69,,503134,46,4,,1,31,,503149,46,4,,1,68,,503107,11,4,,1,30,,503119,11,4,,1,70,,503137,11,4,,1,30,,503147,11,4,,1,70,,503114,11,4,,1,30,,503130,11,4,,1,69,,503145,11,4,,1,34,,503121,11,4,,1,70,,503143,46,4,,1,38,,503127,46,4,,1,54,,503118,46,4,,1,13,,503146,11,4,,1,17,,503128,46,4,,1,13,,503144,11,4,,1,55,,503116,46,4,,1,15,,503125,11,4,,1,25,,503124,11,4,,1,57,,503136,46,4,,1,15,,503112,11,4,,1,16,,503117,46,4,,1,14,,503108,46,4,,1,54,,503110,46,4,,1,15,,503106,11,4,,1,30,,503153,11,4,,1,75,,503132,11,4,,1,30,,503135,11,4,,1,70,,503113,11,4,,1,30,,503129,11,4,,1,70,,503139,11,4,,1,30,,503142,11,4,,1,70,,503120,11,4,,1,30,,503148,11,4,,1,70,,503131,11,4,,1,30,,503151,11,4,,1
5601,'8-1',610,,503181,11,4,,1,35,,503189,46,4,,1,72,,503174,46,4,,1,15,,503170,11,4,,1,15,,503188,46,4,,1,53,,503198,46,4,,1,23,,503186,46,4,,1,17,,503159,46,4,,1,15,,503171,46,4,,1,55,,503163,46,4,,1,10,,503200,46,4,,1,28,,503157,46,4,,1,69,,503182,46,4,,1,31,,503197,46,4,,1,68,,503155,11,4,,1,30,,503167,11,4,,1,70,,503185,11,4,,1,30,,503195,11,4,,1,70,,503162,11,4,,1,30,,503178,11,4,,1,69,,503193,11,4,,1,34,,503169,11,4,,1,70,,503191,46,4,,1,38,,503175,46,4,,1,54,,503166,46,4,,1,13,,503194,11,4,,1,17,,503176,46,4,,1,13,,503192,11,4,,1,55,,503164,46,4,,1,15,,503173,11,4,,1,25,,503172,11,4,,1,57,,503184,46,4,,1,15,,503160,11,4,,1,16,,503165,46,4,,1,14,,503156,46,4,,1,54,,503158,46,4,,1,15,,503154,11,4,,1,30,,503201,11,4,,1,75,,503180,11,4,,1,30,,503183,11,4,,1,70,,503161,11,4,,1,30,,503177,11,4,,1,70,,503187,11,4,,1,30,,503190,11,4,,1,70,,503168,11,4,,1,30,,503196,11,4,,1,70,,503179,11,4,,1,30,,503199,11,4,,1
5601,'9-1',610,,503229,11,4,,1,35,,503237,46,4,,1,72,,503222,46,4,,1,15,,503218,11,4,,1,15,,503236,46,4,,1,53,,503246,46,4,,1,23,,503234,46,4,,1,17,,503207,46,4,,1,15,,503219,46,4,,1,55,,503211,46,4,,1,10,,503248,46,4,,1,28,,503205,46,4,,1,69,,503230,46,4,,1,31,,503245,46,4,,1,68,,503203,11,4,,1,30,,503215,11,4,,1,70,,503233,11,4,,1,30,,503243,11,4,,1,70,,503210,11,4,,1,30,,503226,11,4,,1,69,,503241,11,4,,1,34,,503217,11,4,,1,70,,503239,46,4,,1,38,,503223,46,4,,1,54,,503214,46,4,,1,13,,503242,11,4,,1,17,,503224,46,4,,1,13,,503240,11,4,,1,55,,503212,46,4,,1,15,,503221,11,4,,1,25,,503220,11,4,,1,57,,503232,46,4,,1,15,,503208,11,4,,1,16,,503213,46,4,,1,14,,503204,46,4,,1,54,,503206,46,4,,1,15,,503202,11,4,,1,30,,503249,11,4,,1,75,,503228,11,4,,1,30,,503231,11,4,,1,70,,503209,11,4,,1,30,,503225,11,4,,1,70,,503235,11,4,,1,30,,503238,11,4,,1,70,,503216,11,4,,1,30,,503244,11,4,,1,70,,503227,11,4,,1,30,,503247,11,4,,1
5700,'1-1',524,,503255,19,4,,1,31,,503259,19,4,,1,66,,503291,20,4,,1,18,,503282,20,4,,1,68,,503289,54,4,,1,15,,503269,20,4,,1,16,,503295,54,4,,1,76,,503298,54,4,,1,28,,503250,54,4,,1,71,,503288,54,4,,1,33,,503270,54,4,,1,69,,503267,54,4,,1,27,,503271,54,4,,1,67,,503275,54,4,,1,30,,503287,54,4,,1,71,,503263,54,4,,1,30,,503290,54,4,,1,72,,503261,54,4,,1,30,,503299,54,4,,1,73,,503268,54,4,,1,30,,503284,54,4,,1,70,,503281,54,4,,1,33,,503256,54,4,,1,57,,503278,54,4,,1,16,,503300,54,4,,1,16,,503277,54,4,,1,15,,503260,54,4,,1,52,,503265,54,4,,1,16,,503286,54,4,,1,14,,503251,54,4,,1,17,,503296,54,4,,1,51,,503254,54,4,,1,16,,503294,54,4,,1,16,,503262,54,4,,1,13,,503264,54,4,,1,68,,503257,54,4,,1,27,,503276,54,4,,1,69,,503258,54,4,,1,25,,503279,54,4,,1,70,,503272,54,4,,1,30,,503253,54,4,,1,69,,503297,54,4,,1,32,,503273,53,4,,1,67,,503293,53,4,,1,26,,503266,53,4,,1,73,,503285,53,4,,1,34,,503292,53,4,,1,66,,503274,19,0,66 67,1,30,,503283,19,0,66 67,1,70,,503252,19,0,66 67,1,35,,503280,19,0,66 67,1
5700,'2-1',631,,503309,19,0,66 67,1,70,,503331,19,0,66 67,1,30,,503307,19,0,66 67,1,70,,503315,19,4,,1,30,,503317,19,4,,1,70,,503333,19,4,,1,30,,503304,19,4,,1,26,,503302,53,4,,1,143,,503329,53,4,,1,100,,503310,53,4,,1,103,,503336,53,4,,1,100,,503326,53,4,,1,99,,503320,53,4,,1,100,,503314,53,4,,1,98,,503330,53,4,,1,100,,503334,53,4,,1,59,,503316,53,4,,1,98,,503323,53,4,,1,70,,503311,53,4,,1,29,,503328,53,4,,1,73,,503327,19,4,,1,30,,503303,19,4,,1,70,,503305,19,4,,1,28,,503312,19,4,,1,70,,503313,19,0,66 67,1,30,,503319,19,0,66 67,1,70,,503332,19,0,66 67,1,30,,503308,19,0,66 67,1,70,,503322,19,0,66 67,1,15,,503335,19,,,0,15,,503324,19,0,66 67,1,55,,503306,19,0,66 67,1,15,,503301,19,0,66 67,1,15,,503325,19,0,66 67,1,15,,503318,19,0,66 67,1,55,,503321,19,0,66 67,1
5700,'3-1',526,,503339,19,0,66 67,1,77,,503347,19,4,,1,30,,503360,19,4,,1,70,,503357,19,4,,1,30,,503348,19,4,,1,70,,503358,19,4,,1,30,,503342,19,4,,1,25,,503351,48,4,,1,99,,503345,53,4,,1,143,,503343,53,4,,1,100,,503337,53,4,,1,103,,503341,53,4,,1,100,,503355,53,4,,1,99,,503338,53,4,,1,100,,503350,53,4,,1,98,,503356,53,4,,1,100,,503353,53,4,,1,59,,503344,53,4,,1,98,,503340,53,4,,1,99,,503346,53,4,,1,99,,503352,53,4,,1,98,,503354,53,4,,1,72,,503349,19,4,,1,30,,503359,19,4,,1
5700,'4-1',526,,503381,19,0,66 67,1,77,,503373,19,4,,1,30,,503363,19,4,,1,70,,503364,19,4,,1,100,,503382,19,4,,1,30,,503379,19,4,,1,25,,503367,48,4,,1,99,,503377,53,4,,1,143,,503375,53,4,,1,100,,503372,53,4,,1,103,,503369,53,4,,1,100,,503380,53,4,,1,99,,503366,53,4,,1,100,,503368,53,4,,1,98,,503374,53,4,,1,100,,503371,53,4,,1,59,,503378,53,4,,1,98,,503365,53,4,,1,99,,503362,53,4,,1,99,,503361,53,4,,1,98,,503376,53,4,,1,102,,503370,19,4,,1
5700,'5-1',524,,503388,19,4,,1,31,,503392,19,4,,1,66,,503424,20,4,,1,18,,503415,20,4,,1,68,,503422,54,4,,1,15,,503402,20,4,,1,16,,503428,54,4,,1,76,,503431,54,4,,1,28,,503383,54,4,,1,71,,503421,54,4,,1,33,,503403,54,4,,1,69,,503400,54,4,,1,27,,503404,54,4,,1,67,,503408,54,4,,1,30,,503420,54,4,,1,71,,503396,54,4,,1,30,,503423,54,4,,1,72,,503394,54,4,,1,30,,503432,54,4,,1,73,,503401,54,4,,1,30,,503417,54,4,,1,70,,503414,54,4,,1,33,,503389,54,4,,1,57,,503411,54,4,,1,16,,503433,54,4,,1,16,,503410,54,4,,1,15,,503393,54,4,,1,52,,503398,54,4,,1,16,,503419,54,4,,1,14,,503384,54,4,,1,17,,503429,54,4,,1,51,,503387,54,4,,1,16,,503427,54,4,,1,16,,503395,54,4,,1,13,,503397,54,4,,1,68,,503390,54,4,,1,27,,503409,54,4,,1,69,,503391,54,4,,1,25,,503412,54,4,,1,70,,503405,54,4,,1,30,,503386,54,4,,1,69,,503430,54,4,,1,32,,503406,53,4,,1,67,,503426,53,4,,1,26,,503399,53,4,,1,73,,503418,53,4,,1,34,,503425,53,4,,1,66,,503407,19,0,66 67,1,30,,503416,19,0,66 67,1,70,,503385,19,0,66 67,1,35,,503413,19,0,66 67,1
5700,'6-1',631,,503457,19,0,66 67,1,70,,503434,19,0,66 67,1,30,,503449,19,0,66 67,1,70,,503435,19,4,,1,30,,503445,19,4,,1,70,,503448,19,4,,1,30,,503456,19,4,,1,69,,503439,53,4,,1,102,,503454,53,4,,1,101,,503447,53,4,,1,103,,503455,53,4,,1,100,,503437,53,4,,1,99,,503440,53,4,,1,100,,503453,53,4,,1,98,,503441,53,4,,1,100,,503444,53,4,,1,99,,503443,53,4,,1,102,,503442,19,4,,1,30,,503450,19,4,,1,68,,503451,19,4,,1,30,,503436,19,4,,1,70,,503446,19,4,,1,30,,503438,19,4,,1,68,,503452,19,4,,1,30,,503458,19,0,66 67,1
5700,'7-1',524,,503464,19,4,,1,31,,503468,19,4,,1,66,,503500,20,4,,1,18,,503491,20,4,,1,68,,503498,54,4,,1,15,,503478,20,4,,1,16,,503504,54,4,,1,76,,503507,54,4,,1,28,,503459,54,4,,1,71,,503497,54,4,,1,33,,503479,54,4,,1,69,,503476,54,4,,1,27,,503480,54,4,,1,67,,503484,54,4,,1,30,,503496,54,4,,1,71,,503472,54,4,,1,30,,503499,54,4,,1,72,,503470,54,4,,1,30,,503508,54,4,,1,73,,503477,54,4,,1,30,,503493,54,4,,1,70,,503490,54,4,,1,33,,503465,54,4,,1,57,,503487,54,4,,1,16,,503509,54,4,,1,16,,503486,54,4,,1,15,,503469,54,4,,1,52,,503474,54,4,,1,16,,503495,54,4,,1,14,,503460,54,4,,1,17,,503505,54,4,,1,51,,503463,54,4,,1,16,,503503,54,4,,1,16,,503471,54,4,,1,13,,503473,54,4,,1,68,,503466,54,4,,1,27,,503485,54,4,,1,69,,503467,54,4,,1,25,,503488,54,4,,1,70,,503481,54,4,,1,30,,503462,54,4,,1,69,,503506,54,4,,1,32,,503482,53,4,,1,67,,503502,53,4,,1,26,,503475,53,4,,1,73,,503494,53,4,,1,34,,503501,53,4,,1,66,,503483,19,0,66 67,1,30,,503492,19,0,66 67,1,70,,503461,19,0,66 67,1,35,,503489,19,0,66 67,1
5700,'8-1',524,,503515,19,4,,1,31,,503519,19,4,,1,66,,503551,20,4,,1,18,,503542,20,4,,1,68,,503549,54,4,,1,15,,503529,20,4,,1,16,,503555,54,4,,1,76,,503558,54,4,,1,28,,503510,54,4,,1,71,,503548,54,4,,1,33,,503530,54,4,,1,69,,503527,54,4,,1,27,,503531,54,4,,1,67,,503535,54,4,,1,30,,503547,54,4,,1,71,,503523,54,4,,1,30,,503550,54,4,,1,72,,503521,54,4,,1,30,,503559,54,4,,1,73,,503528,54,4,,1,30,,503544,54,4,,1,70,,503541,54,4,,1,33,,503516,54,4,,1,57,,503538,54,4,,1,16,,503560,54,4,,1,16,,503537,54,4,,1,15,,503520,54,4,,1,52,,503525,54,4,,1,16,,503546,54,4,,1,14,,503511,54,4,,1,17,,503556,54,4,,1,51,,503514,54,4,,1,16,,503554,54,4,,1,16,,503522,54,4,,1,13,,503524,54,4,,1,68,,503517,54,4,,1,27,,503536,54,4,,1,69,,503518,54,4,,1,25,,503539,54,4,,1,70,,503532,54,4,,1,30,,503513,54,4,,1,69,,503557,54,4,,1,32,,503533,53,4,,1,67,,503553,53,4,,1,26,,503526,53,4,,1,73,,503545,53,4,,1,34,,503552,53,4,,1,66,,503534,19,0,66 67,1,30,,503543,19,0,66 67,1,70,,503512,19,0,66 67,1,35,,503540,19,0,66 67,1
5700,'9-1',524,,503566,19,4,,1,31,,503570,19,4,,1,66,,503602,20,4,,1,18,,503593,20,4,,1,68,,503600,54,4,,1,15,,503580,20,4,,1,16,,503606,54,4,,1,76,,503609,54,4,,1,28,,503561,54,4,,1,71,,503599,54,4,,1,33,,503581,54,4,,1,69,,503578,54,4,,1,27,,503582,54,4,,1,67,,503586,54,4,,1,30,,503598,54,4,,1,71,,503574,54,4,,1,30,,503601,54,4,,1,72,,503572,54,4,,1,30,,503610,54,4,,1,73,,503579,54,4,,1,30,,503595,54,4,,1,70,,503592,54,4,,1,33,,503567,54,4,,1,57,,503589,54,4,,1,16,,503611,54,4,,1,16,,503588,54,4,,1,15,,503571,54,4,,1,52,,503576,54,4,,1,16,,503597,54,4,,1,14,,503562,54,4,,1,17,,503607,54,4,,1,51,,503565,54,4,,1,16,,503605,54,4,,1,16,,503573,54,4,,1,13,,503575,54,4,,1,68,,503568,54,4,,1,27,,503587,54,4,,1,69,,503569,54,4,,1,25,,503590,54,4,,1,70,,503583,54,4,,1,30,,503564,54,4,,1,69,,503608,54,4,,1,32,,503584,53,4,,1,67,,503604,53,4,,1,26,,503577,53,4,,1,73,,503596,53,4,,1,34,,503603,53,4,,1,66,,503585,19,0,66 67,1,30,,503594,19,0,66 67,1,70,,503563,19,0,66 67,1,35,,503591,19,0,66 67,1
5701,'1-1',551,,503654,1,,,1,55,,503650,1,,,1,15,,503627,1,,,1,15,,503628,1,,,1,15,,503639,1,,,1,55,,503615,1,,,1,14,,503637,1,,,1,13,,503622,1,,,1,15,,503629,1,,,1,58,,503640,1,,,1,13,,503623,1,,,1,30,,503660,1,,,1,72,,503630,1,,,1,30,,503648,1,,,1,70,,503657,1,,,1,30,,503616,1,,,1,70,,503626,1,,,1,30,,503631,1,,,1,68,,503618,1,,,1,30,,503620,1,,,1,70,,503619,1,,,1,29,,503632,1,,,1,70,,503651,1,,,1,29,,503613,1,,,1,69,,503656,1,,,1,30,,503643,1,,,1,71,,503617,1,,,1,30,,503647,1,,,1,70,,503614,1,,,1,32,,503658,1,,,1,73,,503653,1,,,1,30,,503633,1,,,1,70,,503645,1,,,1,30,,503635,1,,,1,70,,503649,1,,,1,30,,503624,1,,,1,70,,503612,1,,,1,30,,503636,1,,,1,69,,503638,1,,,1,34,,503659,1,,,1,77,,503652,1,,,1,70,,503655,1,0,76,1,30,,503634,1,0,76,1,70,,503646,1,0,76,1,35,,503644,1,0,76,1,69,,503642,15,0,76,1,30,,503641,15,0,76,1,70,,503621,15,0,76,1
5701,'2-1',601,,503667,15,0,76,1,30,,503672,15,0,76,1,70,,503668,15,0,76,1,30,,503696,15,0,76,1,70,,503665,15,0,76,1,30,,503692,1,0,76,1,70,,503678,1,,,1,100,,503700,1,,,1,100,,503680,1,,,1,100,,503663,1,,,1,100,,503695,1,,,1,100,,503685,1,,,1,100,,503664,1,,,1,100,,503689,1,,,1,100,,503698,1,,,1,100,,503671,1,,,1,100,,503684,1,,,1,30,,503674,1,,,1,70,,503679,1,,,1,30,,503691,1,,,1,70,,503690,1,,,1,30,,503670,7,0,76,1,15,,503694,7,0,76,1,55,,503681,7,,,1,15,,503687,7,0,76,1,15,,503669,7,0,76,1,15,,503661,7,0,76,1,58,,503686,7,,,1,30,,503683,15,0,76,1,70,,503677,15,0,76,1,30,,503682,15,0,76,0,70,,503673,15,0,76,1,15,,503675,15,0,76,1,15,,503688,15,0,76,1,15,,503693,15,0,76,1,55,,503697,15,0,76,1,15,,503699,15,0,76,1,15,,503676,15,0,76,0,15,,503662,15,0,76,1,55,,503666,15,0,76,1
5701,'3-1',607,,503708,15,0,76,1,28,,503701,1,0,76,1,70,,503724,1,0,76,1,30,,503709,1,0,59 60,1,70,,503713,1,,,1,100,,503716,1,,,1,100,,503715,1,,,1,100,,503718,1,,,1,100,,503703,1,,,1,100,,503714,1,,,1,100,,503710,1,,,1,100,,503705,1,,,1,100,,503719,1,,,1,100,,503704,1,,,1,100,,503702,1,,,1,100,,503711,1,,,1,100,,503717,1,,,1,100,,503707,1,,,1,30,,503723,1,0,76,1,70,,503722,1,,,1,30,,503721,1,0,76,1,70,,503706,1,0,76,1,30,,503712,1,0,76,1,70,,503720,1,0,76,1
5701,'4-1',607,,503731,15,0,76,1,98,,503734,1,0,76,1,30,,503740,1,0,59 60,1,70,,503744,1,,,1,100,,503738,1,,,1,100,,503733,1,,,1,100,,503730,1,,,1,100,,503736,1,,,1,100,,503746,1,,,1,100,,503741,1,,,1,100,,503735,1,,,1,100,,503737,1,,,1,100,,503743,1,,,1,100,,503732,1,,,1,100,,503725,1,,,1,100,,503729,1,,,1,100,,503739,1,,,1,30,,503728,1,0,76,1,70,,503727,1,,,1,30,,503745,1,0,76,1,70,,503726,1,0,76,1,100,,503742,1,0,76,1
5701,'5-1',551,,503789,1,,,1,55,,503785,1,,,1,15,,503762,1,,,1,15,,503763,1,,,1,15,,503774,1,,,1,55,,503750,1,,,1,14,,503772,1,,,1,13,,503757,1,,,1,15,,503764,1,,,1,58,,503775,1,,,1,13,,503758,1,,,1,30,,503795,1,,,1,72,,503765,1,,,1,30,,503783,1,,,1,70,,503792,1,,,1,30,,503751,1,,,1,70,,503761,1,,,1,30,,503766,1,,,1,68,,503753,1,,,1,30,,503755,1,,,1,70,,503754,1,,,1,29,,503767,1,,,1,70,,503786,1,,,1,29,,503748,1,,,1,69,,503791,1,,,1,30,,503778,1,,,1,71,,503752,1,,,1,30,,503782,1,,,1,70,,503749,1,,,1,32,,503793,1,,,1,73,,503788,1,,,1,30,,503768,1,,,1,70,,503780,1,,,1,30,,503770,1,,,1,70,,503784,1,,,1,30,,503759,1,,,1,70,,503747,1,,,1,30,,503771,1,,,1,69,,503773,1,,,1,34,,503794,1,,,1,77,,503787,1,,,1,70,,503790,1,0,76,1,30,,503769,1,0,76,1,70,,503781,1,0,76,1,35,,503779,1,0,76,1,69,,503777,15,0,76,1,30,,503776,15,0,76,1,70,,503756,15,0,76,1
5701,'6-1',601,,503818,15,0,76,1,30,,503811,15,0,76,1,70,,503800,15,0,76,1,30,,503801,15,0,76,1,70,,503814,15,0,76,1,30,,503803,1,0,76,1,70,,503820,1,,,1,100,,503805,1,,,1,100,,503810,1,,,1,100,,503821,1,,,1,100,,503815,1,,,1,100,,503822,1,,,1,100,,503804,1,,,1,100,,503816,1,,,1,100,,503823,1,,,1,100,,503812,1,0,76,1,100,,503806,1,0,76,1,30,,503813,1,0,76,1,70,,503809,1,0,76,1,30,,503808,1,0,76,1,70,,503807,1,0,76,1,30,,503819,1,0,76,1,70,,503798,1,0,76,1,30,,503799,1,0,76,1,70,,503802,1,0,76,1,33,,503817,15,0,76,1,70,,503797,15,0,76,1,30,,503796,15,0,76,1
5701,'7-1',551,,503866,1,,,1,55,,503862,1,,,1,15,,503839,1,,,1,15,,503840,1,,,1,15,,503851,1,,,1,55,,503827,1,,,1,14,,503849,1,,,1,13,,503834,1,,,1,15,,503841,1,,,1,58,,503852,1,,,1,13,,503835,1,,,1,30,,503872,1,,,1,72,,503842,1,,,1,30,,503860,1,,,1,70,,503869,1,,,1,30,,503828,1,,,1,70,,503838,1,,,1,30,,503843,1,,,1,68,,503830,1,,,1,30,,503832,1,,,1,70,,503831,1,,,1,29,,503844,1,,,1,70,,503863,1,,,1,29,,503825,1,,,1,69,,503868,1,,,1,30,,503855,1,,,1,71,,503829,1,,,1,30,,503859,1,,,1,70,,503826,1,,,1,32,,503870,1,,,1,73,,503865,1,,,1,30,,503845,1,,,1,70,,503857,1,,,1,30,,503847,1,,,1,70,,503861,1,,,1,30,,503836,1,,,1,70,,503824,1,,,1,30,,503848,1,,,1,69,,503850,1,,,1,34,,503871,1,,,1,77,,503864,1,,,1,70,,503867,1,0,76,1,30,,503846,1,0,76,1,70,,503858,1,0,76,1,35,,503856,1,0,76,1,69,,503854,15,0,76,1,30,,503853,15,0,76,1,70,,503833,15,0,76,1
5701,'8-1',551,,503915,1,,,1,55,,503911,1,,,1,15,,503888,1,,,1,15,,503889,1,,,1,15,,503900,1,,,1,55,,503876,1,,,1,14,,503898,1,,,1,13,,503883,1,,,1,15,,503890,1,,,1,58,,503901,1,,,1,13,,503884,1,,,1,30,,503921,1,,,1,72,,503891,1,,,1,30,,503909,1,,,1,70,,503918,1,,,1,30,,503877,1,,,1,70,,503887,1,,,1,30,,503892,1,,,1,68,,503879,1,,,1,30,,503881,1,,,1,70,,503880,1,,,1,29,,503893,1,,,1,70,,503912,1,,,1,29,,503874,1,,,1,69,,503917,1,,,1,30,,503904,1,,,1,71,,503878,1,,,1,30,,503908,1,,,1,70,,503875,1,,,1,32,,503919,1,,,1,73,,503914,1,,,1,30,,503894,1,,,1,70,,503906,1,,,1,30,,503896,1,,,1,70,,503910,1,,,1,30,,503885,1,,,1,70,,503873,1,,,1,30,,503897,1,,,1,69,,503899,1,,,1,34,,503920,1,,,1,77,,503913,1,,,1,70,,503916,1,0,76,1,30,,503895,1,0,76,1,70,,503907,1,0,76,1,35,,503905,1,0,76,1,69,,503903,15,0,76,1,30,,503902,15,0,76,1,70,,503882,15,0,76,1
5701,'9-1',551,,503964,1,,,1,55,,503960,1,,,1,15,,503937,1,,,1,15,,503938,1,,,1,15,,503949,1,,,1,55,,503925,1,,,1,14,,503947,1,,,1,13,,503932,1,,,1,15,,503939,1,,,1,58,,503950,1,,,1,13,,503933,1,,,1,30,,503970,1,,,1,72,,503940,1,,,1,30,,503958,1,,,1,70,,503967,1,,,1,30,,503926,1,,,1,70,,503936,1,,,1,30,,503941,1,,,1,68,,503928,1,,,1,30,,503930,1,,,1,70,,503929,1,,,1,29,,503942,1,,,1,70,,503961,1,,,1,29,,503923,1,,,1,69,,503966,1,,,1,30,,503953,1,,,1,71,,503927,1,,,1,30,,503957,1,,,1,70,,503924,1,,,1,32,,503968,1,,,1,73,,503963,1,,,1,30,,503943,1,,,1,70,,503955,1,,,1,30,,503945,1,,,1,70,,503959,1,,,1,30,,503934,1,,,1,70,,503922,1,,,1,30,,503946,1,,,1,69,,503948,1,,,1,34,,503969,1,,,1,77,,503962,1,,,1,70,,503965,1,0,76,1,30,,503944,1,0,76,1,70,,503956,1,0,76,1,35,,503954,1,0,76,1,69,,503952,15,0,76,1,30,,503951,15,0,76,1,70,,503931,15,0,76,1
5800,'1-1',832,,503975,1,0,77 78,1,70,,503978,1,0,77 78,1,30,,503977,1,0,77 78,1,70,,503972,1,0,77 78,1,30,,503974,1,0,77 78,1,70,,503997,1,0,77 78,1,30,,503982,1,0,77 78,1,70,,503998,1,0,77 78,1,30,,503985,1,0,77 78,1,70,,504001,1,0,77 78,1,30,,504000,1,0,77 78,1,70,,503971,1,0,77 78,1,30,,504005,1,0,77 78,1,68,,503983,1,,,1,30,,503993,1,,,1,27,,503984,1,,,1,70,,503991,1,0,77 78,1,30,,503990,1,0,77 78,1,75,,503989,1,0,77 78,1
5800,'2-1',933,,504031,1,0,77 78,1,98,,504014,1,0,77 78,1,100,,504025,1,0,77 78,1,100,,504024,1,0,77 78,1,100,,504017,1,0,77 78,1,100,,504012,1,0,77 78,1,100,,504022,1,0,77 78,1,100,,504018,1,0,77 78,1,101,,504028,1,0,77 78,1,101,,504011,1,0,77 78,1
5800,'3-1',850,,504055,1,0,77 78,1,100,,504046,1,0,77 78,1,100,,504048,1,0,77 78,1,100,,504040,1,0,77 78,1,100,,504033,1,0,77 78,1,100,,504041,1,0,77 78,1,100,,504034,1,0,77 78,1,100,,504056,1,0,77 78,1,100,,504058,1,0,77 78,1,100,,504060,1,0,77 78,1,100,,504045,1,0,77 78,1,100,,504053,1,0,77 78,1,100,,504032,1,0,77 78,1
5800,'4-1',850,,504079,1,0,77 78,1,100,,504081,1,0,77 78,1,100,,504072,1,0,77 78,1,100,,504080,1,0,77 78,1,100,,504075,1,0,77 78,1,100,,504066,1,0,77 78,1,100,,504065,1,0,77 78,1,100,,504063,1,0,77 78,1,100,,504070,1,0,77 78,1,100,,504071,1,0,77 78,1,100,,504067,1,0,77 78,1,100,,504074,1,0,77 78,1,100,,504077,1,0,77 78,1
5800,'5-1',832,,504086,1,0,77 78,1,70,,504089,1,0,77 78,1,30,,504088,1,0,77 78,1,70,,504083,1,0,77 78,1,30,,504085,1,0,77 78,1,70,,504108,1,0,77 78,1,30,,504093,1,0,77 78,1,70,,504109,1,0,77 78,1,30,,504096,1,0,77 78,1,70,,504112,1,0,77 78,1,30,,504111,1,0,77 78,1,70,,504082,1,0,77 78,1,30,,504116,1,0,77 78,1,68,,504094,1,,,1,30,,504104,1,,,1,27,,504095,1,,,1,70,,504102,1,0,77 78,1,30,,504101,1,0,77 78,1,75,,504100,1,0,77 78,1
5800,'6-1',933,,504124,1,0,77 78,1,98,,504121,1,0,77 78,1,100,,504125,1,0,77 78,1,100,,504130,1,0,77 78,1,100,,504122,1,0,77 78,1,100,,504134,1,0,77 78,1,100,,504118,1,0,77 78,1,100,,504120,1,0,77 78,1,102,,504127,1,0,77 78,1,100,,504133,1,0,77 78,1
5800,'7-1',832,,504142,1,0,77 78,1,70,,504145,1,0,77 78,1,30,,504144,1,0,77 78,1,70,,504139,1,0,77 78,1,30,,504141,1,0,77 78,1,70,,504164,1,0,77 78,1,30,,504149,1,0,77 78,1,70,,504165,1,0,77 78,1,30,,504152,1,0,77 78,1,70,,504168,1,0,77 78,1,30,,504167,1,0,77 78,1,70,,504138,1,0,77 78,1,30,,504172,1,0,77 78,1,68,,504150,1,,,1,30,,504160,1,,,1,27,,504151,1,,,1,70,,504158,1,0,77 78,1,30,,504157,1,0,77 78,1,75,,504156,1,0,77 78,1
5800,'8-1',832,,504177,1,0,77 78,1,70,,504180,1,0,77 78,1,30,,504179,1,0,77 78,1,70,,504174,1,0,77 78,1,30,,504176,1,0,77 78,1,70,,504199,1,0,77 78,1,30,,504184,1,0,77 78,1,70,,504200,1,0,77 78,1,30,,504187,1,0,77 78,1,70,,504203,1,0,77 78,1,30,,504202,1,0,77 78,1,70,,504173,1,0,77 78,1,30,,504207,1,0,77 78,1,68,,504185,1,,,1,30,,504195,1,,,1,27,,504186,1,,,1,70,,504193,1,0,77 78,1,30,,504192,1,0,77 78,1,75,,504191,1,0,77 78,1
5800,'9-1',832,,504212,1,0,77 78,1,70,,504215,1,0,77 78,1,30,,504214,1,0,77 78,1,70,,504209,1,0,77 78,1,30,,504211,1,0,77 78,1,70,,504234,1,0,77 78,1,30,,504219,1,0,77 78,1,70,,504235,1,0,77 78,1,30,,504222,1,0,77 78,1,70,,504238,1,0,77 78,1,30,,504237,1,0,77 78,1,70,,504208,1,0,77 78,1,30,,504242,1,0,77 78,1,68,,504220,1,,,1,30,,504230,1,,,1,27,,504221,1,,,1,70,,504228,1,0,77 78,1,30,,504227,1,0,77 78,1,75,,504226,1,0,77 78,1
5801,'1-1',700,,504248,39,4,,1,55,,504250,44,4,,1,72,,504245,44,4,,1,73,,504251,44,4,,1,30,,504275,44,4,,1,17,,504246,39,4,,1,68,,504244,39,4,,1,32,,504268,39,4,,1,70,,504255,39,4,,1,30,,504249,39,4,,1,70,,504256,39,4,,1,32,,504273,39,4,,1,70,,504257,39,4,,1,30,,504258,39,4,,1,70,,504247,39,4,,1,30,,504253,39,4,,1,71,,504276,39,4,,1
5801,'2-1',1024,,504279,39,4,,1,101,,504285,39,4,,1,100,,504289,39,4,,1,100,,504282,39,4,,1,101,,504288,39,4,,1,100,,504278,39,4,,1,100,,504294,39,4,,1,100,,504287,39,4,,1,100,,504286,39,4,,1,99,,504284,39,4,,1
5801,'3-1',913,,504328,39,4,,1,100,,504324,39,4,,1,101,,504308,39,4,,1,100,,504313,39,4,,1,100,,504320,39,4,,1,101,,504306,39,4,,1,100,,504312,39,4,,1,100,,504314,39,4,,1,100,,504327,39,4,,1,100,,504303,39,4,,1,99,,504304,39,4,,1,100,,504316,39,4,,1,99,,504317,39,4,,1,100,,504329,39,4,,1
5801,'4-1',913,,504338,39,4,,1,100,,504348,39,4,,1,101,,504331,39,4,,1,100,,504350,39,4,,1,100,,504335,39,4,,1,101,,504344,39,4,,1,100,,504332,39,4,,1,100,,504346,39,4,,1,100,,504334,39,4,,1,100,,504349,39,4,,1,99,,504343,39,4,,1,100,,504345,39,4,,1,99,,504341,39,4,,1,100,,504342,39,4,,1
5801,'5-1',700,,504356,39,4,,1,55,,504358,44,4,,1,72,,504353,44,4,,1,73,,504359,44,4,,1,30,,504383,44,4,,1,17,,504354,39,4,,1,68,,504352,39,4,,1,32,,504376,39,4,,1,70,,504363,39,4,,1,30,,504357,39,4,,1,70,,504364,39,4,,1,32,,504381,39,4,,1,70,,504365,39,4,,1,30,,504366,39,4,,1,70,,504355,39,4,,1,30,,504361,39,4,,1,71,,504384,39,4,,1
5801,'6-1',1032,,504387,39,4,,1,102,,504389,39,4,,1,100,,504391,39,4,,1,101,,504395,39,4,,1,101,,504404,39,4,,1,100,,504399,39,4,,1,100,,504390,39,4,,1,100,,504385,39,4,,1,100,,504392,39,4,,1,98,,504393,39,4,,1
5801,'7-1',700,,504410,39,4,,1,55,,504412,44,4,,1,72,,504407,44,4,,1,73,,504413,44,4,,1,30,,504437,44,4,,1,17,,504408,39,4,,1,68,,504406,39,4,,1,32,,504430,39,4,,1,70,,504417,39,4,,1,30,,504411,39,4,,1,70,,504418,39,4,,1,32,,504435,39,4,,1,70,,504419,39,4,,1,30,,504420,39,4,,1,70,,504409,39,4,,1,30,,504415,39,4,,1,71,,504438,39,4,,1
5801,'8-1',700,,504444,39,4,,1,55,,504446,44,4,,1,72,,504441,44,4,,1,73,,504447,44,4,,1,30,,504471,44,4,,1,17,,504442,39,4,,1,68,,504440,39,4,,1,32,,504464,39,4,,1,70,,504451,39,4,,1,30,,504445,39,4,,1,70,,504452,39,4,,1,32,,504469,39,4,,1,70,,504453,39,4,,1,30,,504454,39,4,,1,70,,504443,39,4,,1,30,,504449,39,4,,1,71,,504472,39,4,,1
5801,'9-1',700,,504478,39,4,,1,55,,504480,44,4,,1,72,,504475,44,4,,1,73,,504481,44,4,,1,30,,504505,44,4,,1,17,,504476,39,4,,1,68,,504474,39,4,,1,32,,504498,39,4,,1,70,,504485,39,4,,1,30,,504479,39,4,,1,70,,504486,39,4,,1,32,,504503,39,4,,1,70,,504487,39,4,,1,30,,504488,39,4,,1,70,,504477,39,4,,1,30,,504483,39,4,,1,71,,504506,39,4,,1
6000,'1-1',1520,,504516,1,,,1,34,,504508,1,,,1,70,,504512,1,,,1,27,,504523,1,,,1,69,,504520,1,,,1,32,,504510,1,,,1,71,,504539,1,,,1
6000,'5-1',1520,,504551,1,,,1,34,,504543,1,,,1,70,,504547,1,,,1,27,,504558,1,,,1,69,,504555,1,,,1,32,,504545,1,,,1,71,,504574,1,,,1
6000,'7-1',1520,,504586,1,,,1,34,,504578,1,,,1,70,,504582,1,,,1,27,,504593,1,,,1,69,,504590,1,,,1,32,,504580,1,,,1,71,,504609,1,,,1
6000,'8-1',1520,,504621,1,,,1,34,,504613,1,,,1,70,,504617,1,,,1,27,,504628,1,,,1,69,,504625,1,,,1,32,,504615,1,,,1,71,,504644,1,,,1
6000,'9-1',1520,,504656,1,,,1,34,,504648,1,,,1,70,,504652,1,,,1,27,,504663,1,,,1,69,,504660,1,,,1,32,,504650,1,,,1,71,,504679,1,,,1
6001,'1-1',620,,504716,39,4,,1,110,,504701,39,4,,1,71,,504683,39,4,,1,27,,504687,39,4,,1,74,,504710,39,4,,1
6001,'5-1',620,,504751,39,4,,1,110,,504736,39,4,,1,71,,504718,39,4,,1,27,,504722,39,4,,1,74,,504745,39,4,,1
6001,'7-1',620,,504786,39,4,,1,110,,504771,39,4,,1,71,,504753,39,4,,1,27,,504757,39,4,,1,74,,504780,39,4,,1
6001,'8-1',620,,504821,39,4,,1,110,,504806,39,4,,1,71,,504788,39,4,,1,27,,504792,39,4,,1,74,,504815,39,4,,1
6001,'9-1',620,,504856,39,4,,1,110,,504841,39,4,,1,71,,504823,39,4,,1,27,,504827,39,4,,1,74,,504850,39,4,,1
6100,'1-1',444,,504891,20,0,66 67,1,72,,504904,24,4,,1,30,,504901,24,4,,1,64,,504867,24,4,,1,41,,504899,59,4,,1,70,,504915,59,4,,1,29,,504900,59,4,,1,59,,504897,20,4,,1,10,,504908,59,4,,1,17,,504892,20,4,,1,21,,504860,59,4,,1,50,,504868,20,4,,1,17,,504876,59,4,,1,23,,504865,59,4,,1,53,,504910,20,4,,1,16,,504882,59,4,,1,15,,504906,20,4,,1,15,,504903,59,4,,1,55,,504874,20,4,,1,15,,504871,59,4,,1,15,,504896,20,4,,1,15,,504914,59,4,,1,55,,504889,20,4,,1,15,,504902,59,4,,1,15,,504893,20,4,,1,15,,504864,59,4,,1,55,,504886,20,4,,1,15,,504879,59,4,,1,15,,504858,20,4,,1,15,,504912,59,4,,1,55,,504887,20,4,,1,15,,504857,59,4,,1,15,,504883,20,4,,1,15,,504872,59,4,,1,56,,504907,20,4,,1,14,,504884,59,4,,1,33,,504916,59,4,,1,74,,504911,59,4,,1,33,,504905,59,4,,1,70,,504863,59,4,,1,29,,504885,59,4,,1,65,,504878,59,4,,1,31,,504869,59,4,,1,65,,504898,59,4,,1,29,,504913,59,4,,1,69,,504866,59,4,,1,27,,504890,59,4,,1,70,,504870,59,4,,1,30,,504873,59,4,,1,70,,504909,59,4,,1,39,,504894,59,4,,1,68,,504861,59,4,,1,30,,504888,59,4,,1,70,,504877,59,4,,1,30,,504880,59,4,,1,70,,504881,59,0,66 67,1,36,,504862,20,0,66 67,1,68,,504895,20,0,66 67,1,31,,504875,20,0,66 67,1,71,,504859,20,0,66 67,1
6100,'2-1',620,,504967,20,0,66 67,1,30,,504958,20,0,66 67,1,70,,504977,59,0,66 67,1,38,,504937,20,4,,1,72,,504943,59,4,,1,70,,504960,20,4,,1,30,,504976,59,4,,1,70,,504951,59,4,,1,32,,504918,59,4,,1,16,,504922,20,4,,1,54,,504962,59,4,,1,16,,504920,20,4,,1,16,,504971,59,4,,1,15,,504973,20,4,,1,55,,504980,59,4,,1,15,,504959,20,4,,1,15,,504970,59,4,,1,15,,504930,20,4,,1,55,,504965,59,4,,1,15,,504968,20,4,,1,16,,504931,59,4,,1,15,,504975,20,4,,1,55,,504947,59,4,,1,15,,504944,20,4,,1,15,,504974,59,4,,1,15,,504946,20,4,,1,55,,504928,59,4,,1,15,,504936,20,4,,1,15,,504953,59,4,,1,15,,504954,20,4,,1,55,,504938,59,4,,1,15,,504921,20,4,,1,15,,504923,59,4,,1,15,,504982,20,4,,1,55,,504966,59,4,,1,15,,504940,20,4,,1,14,,504978,59,4,,1,15,,504939,20,4,,1,55,,504972,59,4,,1,15,,504957,20,4,,1,15,,504981,59,4,,1,14,,504956,20,4,,1,54,,504964,59,4,,1,15,,504933,20,4,,1,15,,504952,59,4,,1,70,,504919,59,4,,1,30,,504950,59,4,,1,70,,504917,59,4,,1,30,,504926,59,4,,1,70,,504934,59,4,,1,30,,504979,59,4,,1,70,,504925,59,4,,1,30,,504924,59,0,66 67,1,70,,504935,59,,,0,30,,504963,59,0,66 67,1,69,,504929,20,0,66 67,1,30,,504932,20,0,66 67,1,15,,504961,20,0,66 67,1,55,,504941,20,0,66 67,1,15,,504969,20,,,0,15,,504927,20,0,66 67,1,20,,504949,20,,,0,50,,504955,20,0,66 67,1,15,,504942,20,0,66 67,1,15,,504948,20,0,66 67,1,15,,504945,20,0,66 67,1
6100,'3-1',555,,504997,20,4,,1,85,,504995,20,4,,1,70,,505025,59,4,,1,30,,504999,59,4,,1,70,,505012,59,4,,1,30,,505001,59,4,,1,70,,505009,59,4,,1,30,,505011,59,4,,1,72,,505003,59,4,,1,30,,505006,59,4,,1,72,,504988,59,4,,1,30,,504992,59,4,,1,70,,505017,59,4,,1,30,,505020,59,4,,1,71,,504998,59,4,,1,30,,505022,59,4,,1,70,,505019,59,4,,1,30,,504985,59,4,,1,70,,505024,59,4,,1,30,,504987,59,4,,1,70,,505013,59,4,,1,30,,505016,59,4,,1,69,,505015,59,4,,1,30,,504986,59,4,,1,70,,504993,59,4,,1,30,,505021,59,4,,1,68,,505000,59,4,,1,30,,504996,59,4,,1,70,,504991,20,4,,1,30,,505014,59,4,,1,69,,504984,20,4,,1,30,,504994,59,4,,1,70,,505008,20,4,,1,30,,505007,59,4,,1,70,,504989,20,4,,1,30,,505010,59,4,,1,70,,505005,20,4,,1,30,,505023,59,4,,1,70,,505004,20,0,66 67,1,30,,504990,20,0,66 67,1,70,,504983,20,0,66 67,1,25,,505002,20,0,66 67,1,75,,505018,20,0,66 67,1
6100,'4-1',555,,505027,20,4,,1,85,,505041,20,4,,1,70,,505046,59,4,,1,30,,505026,59,4,,1,70,,505032,59,4,,1,30,,505057,59,4,,1,70,,505045,59,4,,1,30,,505068,59,4,,1,72,,505061,59,4,,1,30,,505037,59,4,,1,72,,505043,59,4,,1,30,,505049,59,4,,1,70,,505039,59,4,,1,30,,505048,59,4,,1,71,,505051,59,4,,1,30,,505030,59,4,,1,70,,505040,59,4,,1,30,,505058,59,4,,1,70,,505065,59,4,,1,30,,505059,59,4,,1,70,,505060,59,4,,1,30,,505031,59,4,,1,69,,505035,59,4,,1,30,,505066,59,4,,1,70,,505036,59,4,,1,30,,505038,59,4,,1,68,,505033,59,4,,1,30,,505034,59,4,,1,70,,505044,20,4,,1,30,,505064,59,4,,1,69,,505053,20,4,,1,30,,505056,59,4,,1,70,,505028,20,4,,1,30,,505042,59,4,,1,70,,505029,20,4,,1,30,,505052,59,4,,1,70,,505062,20,4,,1,30,,505067,59,4,,1,70,,505047,20,4,,1,30,,505050,20,4,,1,70,,505063,20,0,66 67,1,30,,505055,20,0,66 67,1,70,,505054,20,0,66 67,1
6100,'5-1',444,,505103,20,0,66 67,1,72,,505116,24,4,,1,30,,505113,24,4,,1,64,,505079,24,4,,1,41,,505111,59,4,,1,70,,505127,59,4,,1,29,,505112,59,4,,1,59,,505109,20,4,,1,10,,505120,59,4,,1,17,,505104,20,4,,1,21,,505072,59,4,,1,50,,505080,20,4,,1,17,,505088,59,4,,1,23,,505077,59,4,,1,53,,505122,20,4,,1,16,,505094,59,4,,1,15,,505118,20,4,,1,15,,505115,59,4,,1,55,,505086,20,4,,1,15,,505083,59,4,,1,15,,505108,20,4,,1,15,,505126,59,4,,1,55,,505101,20,4,,1,15,,505114,59,4,,1,15,,505105,20,4,,1,15,,505076,59,4,,1,55,,505098,20,4,,1,15,,505091,59,4,,1,15,,505070,20,4,,1,15,,505124,59,4,,1,55,,505099,20,4,,1,15,,505069,59,4,,1,15,,505095,20,4,,1,15,,505084,59,4,,1,56,,505119,20,4,,1,14,,505096,59,4,,1,33,,505128,59,4,,1,74,,505123,59,4,,1,33,,505117,59,4,,1,70,,505075,59,4,,1,29,,505097,59,4,,1,65,,505090,59,4,,1,31,,505081,59,4,,1,65,,505110,59,4,,1,29,,505125,59,4,,1,69,,505078,59,4,,1,27,,505102,59,4,,1,70,,505082,59,4,,1,30,,505085,59,4,,1,70,,505121,59,4,,1,39,,505106,59,4,,1,68,,505073,59,4,,1,30,,505100,59,4,,1,70,,505089,59,4,,1,30,,505092,59,4,,1,70,,505093,59,0,66 67,1,36,,505074,20,0,66 67,1,68,,505107,20,0,66 67,1,31,,505087,20,0,66 67,1,71,,505071,20,0,66 67,1
6100,'6-1',620,,505165,20,0,66 67,1,32,,505154,20,0,66 67,1,70,,505134,59,0,66 67,1,36,,505145,20,4,,1,72,,505162,59,4,,1,100,,505140,59,4,,1,70,,505138,59,4,,1,32,,505131,59,4,,1,70,,505137,59,4,,1,32,,505135,59,4,,1,70,,505130,59,4,,1,30,,505167,59,4,,1,70,,505150,59,4,,1,31,,505155,59,4,,1,100,,505143,59,4,,1,70,,505158,59,4,,1,30,,505146,59,4,,1,100,,505144,59,4,,1,70,,505160,59,4,,1,29,,505132,59,4,,1,70,,505133,59,4,,1,30,,505141,59,4,,1,69,,505147,20,4,,1,29,,505159,59,4,,1,70,,505161,20,4,,1,30,,505148,59,4,,1,70,,505139,20,4,,1,27,,505153,59,4,,1,30,,505157,20,4,,1,68,,505136,59,4,,1,29,,505163,20,4,,1,72,,505156,59,0,66 67,1,29,,505149,20,0,66 67,1,70,,505129,59,0,66 67,1,30,,505164,20,0,66 67,1,70,,505142,20,0,66 67,1,30,,505151,20,0,66 67,1,70,,505166,20,0,66 67,1,30,,505152,20,0,66 67,1
6100,'7-1',444,,505202,20,0,66 67,1,72,,505215,24,4,,1,30,,505212,24,4,,1,64,,505178,24,4,,1,41,,505210,59,4,,1,70,,505226,59,4,,1,29,,505211,59,4,,1,59,,505208,20,4,,1,10,,505219,59,4,,1,17,,505203,20,4,,1,21,,505171,59,4,,1,50,,505179,20,4,,1,17,,505187,59,4,,1,23,,505176,59,4,,1,53,,505221,20,4,,1,16,,505193,59,4,,1,15,,505217,20,4,,1,15,,505214,59,4,,1,55,,505185,20,4,,1,15,,505182,59,4,,1,15,,505207,20,4,,1,15,,505225,59,4,,1,55,,505200,20,4,,1,15,,505213,59,4,,1,15,,505204,20,4,,1,15,,505175,59,4,,1,55,,505197,20,4,,1,15,,505190,59,4,,1,15,,505169,20,4,,1,15,,505223,59,4,,1,55,,505198,20,4,,1,15,,505168,59,4,,1,15,,505194,20,4,,1,15,,505183,59,4,,1,56,,505218,20,4,,1,14,,505195,59,4,,1,33,,505227,59,4,,1,74,,505222,59,4,,1,33,,505216,59,4,,1,70,,505174,59,4,,1,29,,505196,59,4,,1,65,,505189,59,4,,1,31,,505180,59,4,,1,65,,505209,59,4,,1,29,,505224,59,4,,1,69,,505177,59,4,,1,27,,505201,59,4,,1,70,,505181,59,4,,1,30,,505184,59,4,,1,70,,505220,59,4,,1,39,,505205,59,4,,1,68,,505172,59,4,,1,30,,505199,59,4,,1,70,,505188,59,4,,1,30,,505191,59,4,,1,70,,505192,59,0,66 67,1,36,,505173,20,0,66 67,1,68,,505206,20,0,66 67,1,31,,505186,20,0,66 67,1,71,,505170,20,0,66 67,1
6100,'8-1',444,,505262,20,0,66 67,1,72,,505275,24,4,,1,30,,505272,24,4,,1,64,,505238,24,4,,1,41,,505270,59,4,,1,70,,505286,59,4,,1,29,,505271,59,4,,1,59,,505268,20,4,,1,10,,505279,59,4,,1,17,,505263,20,4,,1,21,,505231,59,4,,1,50,,505239,20,4,,1,17,,505247,59,4,,1,23,,505236,59,4,,1,53,,505281,20,4,,1,16,,505253,59,4,,1,15,,505277,20,4,,1,15,,505274,59,4,,1,55,,505245,20,4,,1,15,,505242,59,4,,1,15,,505267,20,4,,1,15,,505285,59,4,,1,55,,505260,20,4,,1,15,,505273,59,4,,1,15,,505264,20,4,,1,15,,505235,59,4,,1,55,,505257,20,4,,1,15,,505250,59,4,,1,15,,505229,20,4,,1,15,,505283,59,4,,1,55,,505258,20,4,,1,15,,505228,59,4,,1,15,,505254,20,4,,1,15,,505243,59,4,,1,56,,505278,20,4,,1,14,,505255,59,4,,1,33,,505287,59,4,,1,74,,505282,59,4,,1,33,,505276,59,4,,1,70,,505234,59,4,,1,29,,505256,59,4,,1,65,,505249,59,4,,1,31,,505240,59,4,,1,65,,505269,59,4,,1,29,,505284,59,4,,1,69,,505237,59,4,,1,27,,505261,59,4,,1,70,,505241,59,4,,1,30,,505244,59,4,,1,70,,505280,59,4,,1,39,,505265,59,4,,1,68,,505232,59,4,,1,30,,505259,59,4,,1,70,,505248,59,4,,1,30,,505251,59,4,,1,70,,505252,59,0,66 67,1,36,,505233,20,0,66 67,1,68,,505266,20,0,66 67,1,31,,505246,20,0,66 67,1,71,,505230,20,0,66 67,1
6100,'9-1',444,,505322,20,0,66 67,1,72,,505335,24,4,,1,30,,505332,24,4,,1,64,,505298,24,4,,1,41,,505330,59,4,,1,70,,505346,59,4,,1,29,,505331,59,4,,1,59,,505328,20,4,,1,10,,505339,59,4,,1,17,,505323,20,4,,1,21,,505291,59,4,,1,50,,505299,20,4,,1,17,,505307,59,4,,1,23,,505296,59,4,,1,53,,505341,20,4,,1,16,,505313,59,4,,1,15,,505337,20,4,,1,15,,505334,59,4,,1,55,,505305,20,4,,1,15,,505302,59,4,,1,15,,505327,20,4,,1,15,,505345,59,4,,1,55,,505320,20,4,,1,15,,505333,59,4,,1,15,,505324,20,4,,1,15,,505295,59,4,,1,55,,505317,20,4,,1,15,,505310,59,4,,1,15,,505289,20,4,,1,15,,505343,59,4,,1,55,,505318,20,4,,1,15,,505288,59,4,,1,15,,505314,20,4,,1,15,,505303,59,4,,1,56,,505338,20,4,,1,14,,505315,59,4,,1,33,,505347,59,4,,1,74,,505342,59,4,,1,33,,505336,59,4,,1,70,,505294,59,4,,1,29,,505316,59,4,,1,65,,505309,59,4,,1,31,,505300,59,4,,1,65,,505329,59,4,,1,29,,505344,59,4,,1,69,,505297,59,4,,1,27,,505321,59,4,,1,70,,505301,59,4,,1,30,,505304,59,4,,1,70,,505340,59,4,,1,39,,505325,59,4,,1,68,,505292,59,4,,1,30,,505319,59,4,,1,70,,505308,59,4,,1,30,,505311,59,4,,1,70,,505312,59,0,66 67,1,36,,505293,20,0,66 67,1,68,,505326,20,0,66 67,1,31,,505306,20,0,66 67,1,71,,505290,20,0,66 67,1
6101,'1-1',420,,505400,15,0,9 10,1,31,,505383,15,0,9 10,1,72,,505381,1,,,1,30,,505362,1,,,1,70,,505374,1,,,1,30,,505355,1,,,1,68,,505385,1,,,1,32,,505399,1,,,1,70,,505393,1,,,1,30,,505373,1,,,1,70,,505391,1,,,1,30,,505357,1,,,1,70,,505358,1,,,1,30,,505365,1,,,1,70,,505349,1,,,1,30,,505402,1,,,1,70,,505388,1,,,1,30,,505364,1,,,1,70,,505389,1,,,1,15,,505377,1,0,9 10,1,15,,505386,1,,,1,55,,505366,1,0,9 10,1,10,,505371,1,,,1,18,,505351,1,0,9 10,1,14,,505372,1,,,1,57,,505353,1,0,9 10,1,18,,505396,1,,,1,26,,505363,1,,,1,60,,505390,1,0,9 10,1,12,,505395,1,,,1,16,,505367,1,0,9 10,1,16,,505401,1,,,1,55,,505354,1,0,9 10,1,17,,505397,1,,,1,15,,505352,1,,,1,13,,505356,1,,,1,55,,505398,1,,,1,15,,505361,1,,,1,28,,505369,1,,,1,70,,505387,1,,,1,30,,505348,1,,,1,70,,505376,1,,,1,30,,505350,1,,,1,70,,505382,1,,,1,30,,505368,1,,,1,70,,505370,1,,,1,30,,505392,1,,,1,70,,505394,1,,,1,30,,505375,1,0,9 10,1,70,,505380,1,0,9 10,1,30,,505360,1,0,9 10,1,70,,505379,1,0,9 10,1,27,,505378,15,0,9 10,1,70,,505384,15,0,9 10,1,30,,505359,15,0,9 10,1
6101,'2-1',532,,505446,15,,,1,70,,505462,15,0,9 10,1,30,,505404,15,,,1,70,,505410,15,0,9 10,1,30,,505444,15,,,1,70,,505430,15,0,9 10,1,30,,505414,1,,,1,71,,505419,1,,,1,30,,505454,1,,,1,69,,505432,1,,,1,15,,505467,1,0,9 10,1,15,,505455,1,,,1,15,,505421,1,0,9 10,1,55,,505425,1,,,1,15,,505452,1,0,9 10,1,15,,505407,1,,,1,15,,505406,1,0,9 10,1,55,,505423,1,,,1,15,,505469,1,0,9 10,1,15,,505411,1,,,1,15,,505409,1,0,9 10,1,55,,505461,1,,,1,15,,505417,1,0,9 10,1,15,,505420,1,,,1,15,,505453,1,0,9 10,1,55,,505449,1,,,1,15,,505428,1,0,9 10,1,15,,505429,1,,,1,15,,505442,1,0,9 10,1,55,,505468,1,,,1,15,,505457,1,0,9 10,1,15,,505416,1,,,1,15,,505437,1,0,9 10,1,55,,505431,1,,,1,15,,505463,1,0,9 10,1,15,,505435,1,,,1,15,,505439,1,0,9 10,1,55,,505436,1,,,1,15,,505448,1,0,9 10,1,15,,505426,1,,,1,15,,505451,1,0,9 10,1,55,,505403,1,,,1,15,,505415,1,0,9 10,1,15,,505440,1,,,1,15,,505413,1,0,9 10,1,55,,505447,1,,,1,15,,505460,1,0,9 10,1,15,,505418,1,,,1,70,,505466,1,,,1,30,,505434,1,,,1,70,,505412,1,,,1,30,,505459,7,,,1,70,,505445,7,,,1,28,,505465,7,,,1,72,,505424,7,,,1,30,,505443,7,,,1,72,,505405,15,0,9 10,1,28,,505458,15,0,9 10,1,70,,505464,15,0,143 9 10,0,30,,505427,15,0,9 10,1,15,,505408,15,0,9 10,1,11,,505450,15,0,9 10,1,55,,505438,15,0,9 10,1,15,,505456,15,0,9 10,1,15,,505441,15,0,9 10,1,15,,505433,15,0,143 9 10,0,55,,505422,15,0,9 10,1
6101,'3-1',519,,505507,15,0,9 10,1,30,,505501,15,,,1,70,,505494,15,,,1,30,,505512,1,,,1,70,,505474,1,,,1,29,,505510,1,,,1,70,,505480,1,,,1,30,,505485,1,,,1,70,,505483,1,,,1,29,,505472,1,,,1,70,,505509,1,,,1,30,,505479,1,,,1,70,,505473,1,,,1,30,,505511,1,,,1,70,,505506,1,,,1,30,,505481,1,,,1,70,,505513,1,,,1,30,,505497,1,,,1,70,,505498,1,,,1,30,,505475,1,,,1,70,,505478,1,,,1,30,,505486,1,,,1,70,,505482,1,,,1,30,,505499,1,,,1,70,,505505,1,,,1,30,,505508,1,0,9 10,1,70,,505496,1,,,1,30,,505500,1,0,9 10,1,70,,505484,1,,,1,30,,505471,1,,,1,70,,505493,1,,,1,30,,505504,1,,,1,70,,505487,1,,,1,30,,505502,1,,,1,70,,505492,1,,,1,30,,505488,1,,,1,70,,505489,1,,,1,30,,505490,1,0,9 10,1,70,,505476,1,0,9 10,1,30,,505503,1,0,9 10,1,70,,505470,1,0,9 10,1,41,,505491,15,0,9 10,1,72,,505477,15,0,9 10,1,28,,505495,15,0,9 10,1
6101,'4-1',519,,505547,15,0,9 10,1,30,,505518,15,,,1,70,,505537,15,,,1,30,,505540,1,,,1,70,,505541,1,,,1,29,,505544,1,,,1,70,,505529,1,,,1,30,,505536,1,,,1,70,,505533,1,,,1,29,,505516,1,,,1,70,,505548,1,,,1,30,,505530,1,,,1,70,,505526,1,,,1,30,,505532,1,,,1,70,,505552,1,,,1,30,,505545,1,,,1,70,,505551,1,,,1,30,,505555,1,,,1,70,,505519,1,,,1,30,,505517,1,,,1,70,,505556,1,,,1,30,,505531,1,,,1,70,,505549,1,,,1,30,,505528,1,,,1,70,,505557,1,,,1,30,,505535,1,0,9 10,1,70,,505524,1,,,1,30,,505523,1,0,9 10,1,70,,505515,1,,,1,30,,505550,1,,,1,70,,505553,1,,,1,30,,505542,1,,,1,70,,505525,1,,,1,30,,505543,1,,,1,70,,505527,1,,,1,30,,505514,1,,,1,70,,505539,1,,,1,30,,505554,1,0,9 10,1,70,,505521,1,0,9 10,1,30,,505546,1,0,9 10,1,70,,505538,1,0,9 10,1,41,,505522,1,0,9 10,1,70,,505534,1,0,9 10,1,30,,505520,15,0,9 10,1
6101,'5-1',420,,505610,15,0,9 10,1,31,,505593,15,0,9 10,1,72,,505591,1,,,1,30,,505572,1,,,1,70,,505584,1,,,1,30,,505565,1,,,1,68,,505595,1,,,1,32,,505609,1,,,1,70,,505603,1,,,1,30,,505583,1,,,1,70,,505601,1,,,1,30,,505567,1,,,1,70,,505568,1,,,1,30,,505575,1,,,1,70,,505559,1,,,1,30,,505612,1,,,1,70,,505598,1,,,1,30,,505574,1,,,1,70,,505599,1,,,1,15,,505587,1,0,9 10,1,15,,505596,1,,,1,55,,505576,1,0,9 10,1,10,,505581,1,,,1,18,,505561,1,0,9 10,1,14,,505582,1,,,1,57,,505563,1,0,9 10,1,18,,505606,1,,,1,26,,505573,1,,,1,60,,505600,1,0,9 10,1,12,,505605,1,,,1,16,,505577,1,0,9 10,1,16,,505611,1,,,1,55,,505564,1,0,9 10,1,17,,505607,1,,,1,15,,505562,1,,,1,13,,505566,1,,,1,55,,505608,1,,,1,15,,505571,1,,,1,28,,505579,1,,,1,70,,505597,1,,,1,30,,505558,1,,,1,70,,505586,1,,,1,30,,505560,1,,,1,70,,505592,1,,,1,30,,505578,1,,,1,70,,505580,1,,,1,30,,505602,1,,,1,70,,505604,1,,,1,30,,505585,1,0,9 10,1,70,,505590,1,0,9 10,1,30,,505570,1,0,9 10,1,70,,505589,1,0,9 10,1,27,,505588,15,0,9 10,1,70,,505594,15,0,9 10,1,30,,505569,15,0,9 10,1
6101,'6-1',532,,505635,15,,,1,70,,505650,15,0,9 10,1,30,,505651,15,,,1,100,,505634,15,,,1,70,,505618,15,0,9 10,1,30,,505633,1,,,1,71,,505619,1,,,1,30,,505623,1,,,1,69,,505622,1,,,1,30,,505624,1,,,1,70,,505644,1,,,1,30,,505647,1,,,1,70,,505613,1,,,1,30,,505636,1,,,1,70,,505642,1,,,1,30,,505614,1,,,1,70,,505637,1,,,1,100,,505627,1,,,1,30,,505646,1,,,1,70,,505620,1,,,1,30,,505615,1,,,1,70,,505628,1,,,1,100,,505630,1,,,1,30,,505645,1,,,1,70,,505626,1,,,1,30,,505638,1,0,9 10,1,70,,505631,1,,,1,30,,505616,1,0,9 10,1,70,,505648,1,,,1,30,,505641,1,,,1,70,,505640,1,0,9 10,1,30,,505649,1,,,1,70,,505639,1,0,9 10,1,100,,505625,15,0,9 10,1,30,,505643,15,0,9 10,1,70,,505617,15,0,9 10,1,30,,505629,15,0,9 10,1,26,,505621,15,0,9 10,1,70,,505632,15,0,9 10,1
6101,'7-1',420,,505704,15,0,9 10,1,31,,505687,15,0,9 10,1,72,,505685,1,,,1,30,,505666,1,,,1,70,,505678,1,,,1,30,,505659,1,,,1,68,,505689,1,,,1,32,,505703,1,,,1,70,,505697,1,,,1,30,,505677,1,,,1,70,,505695,1,,,1,30,,505661,1,,,1,70,,505662,1,,,1,30,,505669,1,,,1,70,,505653,1,,,1,30,,505706,1,,,1,70,,505692,1,,,1,30,,505668,1,,,1,70,,505693,1,,,1,15,,505681,1,0,9 10,1,15,,505690,1,,,1,55,,505670,1,0,9 10,1,10,,505675,1,,,1,18,,505655,1,0,9 10,1,14,,505676,1,,,1,57,,505657,1,0,9 10,1,18,,505700,1,,,1,26,,505667,1,,,1,60,,505694,1,0,9 10,1,12,,505699,1,,,1,16,,505671,1,0,9 10,1,16,,505705,1,,,1,55,,505658,1,0,9 10,1,17,,505701,1,,,1,15,,505656,1,,,1,13,,505660,1,,,1,55,,505702,1,,,1,15,,505665,1,,,1,28,,505673,1,,,1,70,,505691,1,,,1,30,,505652,1,,,1,70,,505680,1,,,1,30,,505654,1,,,1,70,,505686,1,,,1,30,,505672,1,,,1,70,,505674,1,,,1,30,,505696,1,,,1,70,,505698,1,,,1,30,,505679,1,0,9 10,1,70,,505684,1,0,9 10,1,30,,505664,1,0,9 10,1,70,,505683,1,0,9 10,1,27,,505682,15,0,9 10,1,70,,505688,15,0,9 10,1,30,,505663,15,0,9 10,1
6101,'8-1',420,,505759,15,0,9 10,1,31,,505742,15,0,9 10,1,72,,505740,1,,,1,30,,505721,1,,,1,70,,505733,1,,,1,30,,505714,1,,,1,68,,505744,1,,,1,32,,505758,1,,,1,70,,505752,1,,,1,30,,505732,1,,,1,70,,505750,1,,,1,30,,505716,1,,,1,70,,505717,1,,,1,30,,505724,1,,,1,70,,505708,1,,,1,30,,505761,1,,,1,70,,505747,1,,,1,30,,505723,1,,,1,70,,505748,1,,,1,15,,505736,1,0,9 10,1,15,,505745,1,,,1,55,,505725,1,0,9 10,1,10,,505730,1,,,1,18,,505710,1,0,9 10,1,14,,505731,1,,,1,57,,505712,1,0,9 10,1,18,,505755,1,,,1,26,,505722,1,,,1,60,,505749,1,0,9 10,1,12,,505754,1,,,1,16,,505726,1,0,9 10,1,16,,505760,1,,,1,55,,505713,1,0,9 10,1,17,,505756,1,,,1,15,,505711,1,,,1,13,,505715,1,,,1,55,,505757,1,,,1,15,,505720,1,,,1,28,,505728,1,,,1,70,,505746,1,,,1,30,,505707,1,,,1,70,,505735,1,,,1,30,,505709,1,,,1,70,,505741,1,,,1,30,,505727,1,,,1,70,,505729,1,,,1,30,,505751,1,,,1,70,,505753,1,,,1,30,,505734,1,0,9 10,1,70,,505739,1,0,9 10,1,30,,505719,1,0,9 10,1,70,,505738,1,0,9 10,1,27,,505737,15,0,9 10,1,70,,505743,15,0,9 10,1,30,,505718,15,0,9 10,1
6101,'9-1',420,,505814,15,0,9 10,1,31,,505797,15,0,9 10,1,72,,505795,1,,,1,30,,505776,1,,,1,70,,505788,1,,,1,30,,505769,1,,,1,68,,505799,1,,,1,32,,505813,1,,,1,70,,505807,1,,,1,30,,505787,1,,,1,70,,505805,1,,,1,30,,505771,1,,,1,70,,505772,1,,,1,30,,505779,1,,,1,70,,505763,1,,,1,30,,505816,1,,,1,70,,505802,1,,,1,30,,505778,1,,,1,70,,505803,1,,,1,15,,505791,1,0,9 10,1,15,,505800,1,,,1,55,,505780,1,0,9 10,1,10,,505785,1,,,1,18,,505765,1,0,9 10,1,14,,505786,1,,,1,57,,505767,1,0,9 10,1,18,,505810,1,,,1,26,,505777,1,,,1,60,,505804,1,0,9 10,1,12,,505809,1,,,1,16,,505781,1,0,9 10,1,16,,505815,1,,,1,55,,505768,1,0,9 10,1,17,,505811,1,,,1,15,,505766,1,,,1,13,,505770,1,,,1,55,,505812,1,,,1,15,,505775,1,,,1,28,,505783,1,,,1,70,,505801,1,,,1,30,,505762,1,,,1,70,,505790,1,,,1,30,,505764,1,,,1,70,,505796,1,,,1,30,,505782,1,,,1,70,,505784,1,,,1,30,,505806,1,,,1,70,,505808,1,,,1,30,,505789,1,0,9 10,1,70,,505794,1,0,9 10,1,30,,505774,1,0,9 10,1,70,,505793,1,0,9 10,1,27,,505792,15,0,9 10,1,70,,505798,15,0,9 10,1,30,,505773,15,0,9 10,1
6200,'1-1',738,,505838,49,4,,1,83,,505842,49,4,,1,30,,505823,49,4,,1,68,,505845,49,4,,1,26,,505846,49,4,,1,70,,505827,49,4,,1,26,,505851,49,4,,1,70,,505850,49,4,,1,33,,505831,49,4,,1,70,,505840,49,4,,1,30,,505839,49,4,,1,64,,505836,48,4,,1,35,,505847,48,4,,1,70,,505843,48,4,,1,30,,505822,48,4,,1,71,,505824,48,4,,1,30,,505852,48,4,,1,74,,505821,48,4,,1,31,,505835,48,4,,1,74,,505819,48,4,,1,33,,505849,48,4,,1,71,,505834,48,4,,1,24,,505829,48,4,,1,70,,505841,48,4,,1,21,,505837,48,4,,1,68,,505825,48,4,,1,30,,505844,48,4,,1,72,,505818,49,4,,1,30,,505820,49,4,,1,70,,505817,49,4,,1,29,,505826,49,4,,1,70,,505833,49,4,,1,30,,505828,49,4,,1,66,,505830,49,4,,1,31,,505832,49,4,,1,67,,505848,49,4,,1
6200,'2-1',818,,505873,52,4,,1,30,,505857,52,4,,1,73,,505902,52,4,,1,30,,505894,52,4,,1,70,,505863,52,4,,1,30,,505856,52,4,,1,55,,505900,25,4,,1,15,,505872,52,4,,1,15,,505897,25,4,,1,15,,505868,52,4,,1,55,,505893,25,4,,1,15,,505895,52,4,,1,15,,505885,25,4,,1,15,,505906,52,4,,1,56,,505853,25,4,,1,15,,505859,52,4,,1,15,,505888,25,4,,1,15,,505892,52,4,,1,55,,505862,25,4,,1,15,,505861,52,4,,1,15,,505858,25,4,,1,15,,505871,52,4,,1,55,,505898,25,4,,1,15,,505878,52,4,,1,15,,505860,25,4,,1,15,,505876,52,4,,1,55,,505891,25,4,,1,15,,505890,52,4,,1,15,,505866,25,4,,1,15,,505870,52,4,,1,55,,505854,25,4,,1,15,,505903,52,4,,1,15,,505896,25,4,,1,15,,505884,52,4,,1,55,,505875,25,4,,1,15,,505905,52,4,,1,15,,505867,25,4,,1,15,,505865,52,4,,1,53,,505869,25,4,,1,15,,505899,52,4,,1,15,,505874,25,4,,1,15,,505879,52,4,,1,70,,505883,52,4,,1,30,,505889,52,4,,1,70,,505881,52,4,,1,30,,505882,52,4,,1,67,,505887,52,4,,1,30,,505901,52,4,,1,70,,505855,52,4,,1,30,,505904,52,4,,1,70,,505880,52,4,,1,30,,505877,52,4,,1,70,,505864,52,4,,1,30,,505886,52,4,,1
6200,'3-1',721,,505913,52,4,,1,36,,505930,52,4,,1,70,,505919,52,4,,1,30,,505924,52,4,,1,71,,505910,52,4,,1,30,,505928,52,4,,1,71,,505927,52,4,,1,30,,505918,52,4,,1,71,,505929,52,4,,1,70,,505922,52,4,,1,30,,505917,52,4,,1,70,,505912,52,4,,1,32,,505935,52,4,,1,70,,505934,52,4,,1,30,,505916,52,4,,1,70,,505915,52,4,,1,30,,505938,52,4,,1,70,,505931,52,4,,1,30,,505923,52,4,,1,70,,505911,52,4,,1,29,,505939,52,4,,1,70,,505920,52,4,,1,30,,505936,52,4,,1,70,,505937,52,4,,1,27,,505908,52,4,,1,30,,505925,52,4,,1,70,,505914,52,4,,1,30,,505926,52,4,,1,70,,505921,52,4,,1,30,,505909,52,4,,1,67,,505932,52,4,,1,30,,505933,52,4,,1,70,,505907,52,4,,1
6200,'4-1',721,,505942,52,4,,1,36,,505963,52,4,,1,70,,505966,52,4,,1,30,,505968,52,4,,1,71,,505972,52,4,,1,30,,505955,52,4,,1,71,,505962,52,4,,1,30,,505950,52,4,,1,71,,505969,52,4,,1,70,,505960,52,4,,1,30,,505970,52,4,,1,70,,505948,52,4,,1,32,,505957,52,4,,1,70,,505941,52,4,,1,30,,505945,52,4,,1,70,,505958,52,4,,1,30,,505956,52,4,,1,70,,505951,52,4,,1,30,,505954,52,4,,1,70,,505952,52,4,,1,29,,505940,52,4,,1,70,,505965,52,4,,1,30,,505946,52,4,,1,70,,505964,52,4,,1,27,,505959,52,4,,1,30,,505947,52,4,,1,70,,505944,52,4,,1,30,,505953,52,4,,1,70,,505967,52,4,,1,30,,505961,52,4,,1,67,,505943,52,4,,1,30,,505971,52,4,,1,70,,505949,52,4,,1
6200,'5-1',738,,505994,49,4,,1,83,,505998,49,4,,1,30,,505979,49,4,,1,68,,506001,49,4,,1,26,,506002,49,4,,1,70,,505983,49,4,,1,26,,506007,49,4,,1,70,,506006,49,4,,1,33,,505987,49,4,,1,70,,505996,49,4,,1,30,,505995,49,4,,1,64,,505992,48,4,,1,35,,506003,48,4,,1,70,,505999,48,4,,1,30,,505978,48,4,,1,71,,505980,48,4,,1,30,,506008,48,4,,1,74,,505977,48,4,,1,31,,505991,48,4,,1,74,,505975,48,4,,1,33,,506005,48,4,,1,71,,505990,48,4,,1,24,,505985,48,4,,1,70,,505997,48,4,,1,21,,505993,48,4,,1,68,,505981,48,4,,1,30,,506000,48,4,,1,72,,505974,49,4,,1,30,,505976,49,4,,1,70,,505973,49,4,,1,29,,505982,49,4,,1,70,,505989,49,4,,1,30,,505984,49,4,,1,66,,505986,49,4,,1,31,,505988,49,4,,1,67,,506004,49,4,,1
6200,'6-1',816,,506023,52,4,,1,30,,506010,52,4,,1,73,,506035,52,4,,1,30,,506028,52,4,,1,70,,506036,52,4,,1,30,,506016,52,4,,1,70,,506031,52,4,,1,30,,506015,52,4,,1,70,,506011,52,4,,1,30,,506030,52,4,,1,71,,506027,52,4,,1,30,,506032,52,4,,1,70,,506014,52,4,,1,30,,506020,52,4,,1,70,,506037,52,4,,1,30,,506034,52,4,,1,70,,506019,52,4,,1,30,,506013,52,4,,1,100,,506022,52,4,,1,70,,506033,52,4,,1,30,,506021,52,4,,1,68,,506018,52,4,,1,30,,506017,52,4,,1,100,,506026,52,4,,1,70,,506024,52,4,,1,30,,506025,52,4,,1,67,,506029,52,4,,1,30,,506012,52,4,,1,100,,506009,52,4,,1
6200,'7-1',738,,506059,49,4,,1,83,,506063,49,4,,1,30,,506044,49,4,,1,68,,506066,49,4,,1,26,,506067,49,4,,1,70,,506048,49,4,,1,26,,506072,49,4,,1,70,,506071,49,4,,1,33,,506052,49,4,,1,70,,506061,49,4,,1,30,,506060,49,4,,1,64,,506057,48,4,,1,35,,506068,48,4,,1,70,,506064,48,4,,1,30,,506043,48,4,,1,71,,506045,48,4,,1,30,,506073,48,4,,1,74,,506042,48,4,,1,31,,506056,48,4,,1,74,,506040,48,4,,1,33,,506070,48,4,,1,71,,506055,48,4,,1,24,,506050,48,4,,1,70,,506062,48,4,,1,21,,506058,48,4,,1,68,,506046,48,4,,1,30,,506065,48,4,,1,72,,506039,49,4,,1,30,,506041,49,4,,1,70,,506038,49,4,,1,29,,506047,49,4,,1,70,,506054,49,4,,1,30,,506049,49,4,,1,66,,506051,49,4,,1,31,,506053,49,4,,1,67,,506069,49,4,,1
6200,'8-1',738,,506095,49,4,,1,83,,506099,49,4,,1,30,,506080,49,4,,1,68,,506102,49,4,,1,26,,506103,49,4,,1,70,,506084,49,4,,1,26,,506108,49,4,,1,70,,506107,49,4,,1,33,,506088,49,4,,1,70,,506097,49,4,,1,30,,506096,49,4,,1,64,,506093,48,4,,1,35,,506104,48,4,,1,70,,506100,48,4,,1,30,,506079,48,4,,1,71,,506081,48,4,,1,30,,506109,48,4,,1,74,,506078,48,4,,1,31,,506092,48,4,,1,74,,506076,48,4,,1,33,,506106,48,4,,1,71,,506091,48,4,,1,24,,506086,48,4,,1,70,,506098,48,4,,1,21,,506094,48,4,,1,68,,506082,48,4,,1,30,,506101,48,4,,1,72,,506075,49,4,,1,30,,506077,49,4,,1,70,,506074,49,4,,1,29,,506083,49,4,,1,70,,506090,49,4,,1,30,,506085,49,4,,1,66,,506087,49,4,,1,31,,506089,49,4,,1,67,,506105,49,4,,1
6200,'9-1',738,,506131,49,4,,1,83,,506135,49,4,,1,30,,506116,49,4,,1,68,,506138,49,4,,1,26,,506139,49,4,,1,70,,506120,49,4,,1,26,,506144,49,4,,1,70,,506143,49,4,,1,33,,506124,49,4,,1,70,,506133,49,4,,1,30,,506132,49,4,,1,64,,506129,48,4,,1,35,,506140,48,4,,1,70,,506136,48,4,,1,30,,506115,48,4,,1,71,,506117,48,4,,1,30,,506145,48,4,,1,74,,506114,48,4,,1,31,,506128,48,4,,1,74,,506112,48,4,,1,33,,506142,48,4,,1,71,,506127,48,4,,1,24,,506122,48,4,,1,70,,506134,48,4,,1,21,,506130,48,4,,1,68,,506118,48,4,,1,30,,506137,48,4,,1,72,,506111,49,4,,1,30,,506113,49,4,,1,70,,506110,49,4,,1,29,,506119,49,4,,1,70,,506126,49,4,,1,30,,506121,49,4,,1,66,,506123,49,4,,1,31,,506125,49,4,,1,67,,506141,49,4,,1
6201,'1-1',524,,506156,1,,,1,28,,506149,1,,,1,74,,506158,1,,,1,30,,506170,1,,,1,70,,506148,1,,,1,32,,506179,1,,,1,69,,506180,1,,,1,29,,506165,1,,,1,70,,506146,1,,,1,30,,506168,1,,,1,70,,506162,1,,,1,30,,506155,1,,,1,65,,506154,1,,,1,30,,506159,1,,,1,70,,506167,1,,,1,30,,506178,1,,,1,70,,506152,1,,,1,30,,506169,1,,,1,70,,506153,1,,,1,28,,506157,1,,,1,70,,506175,1,,,1,30,,506147,1,,,1,70,,506174,1,,,1,30,,506171,1,,,1,70,,506150,1,,,1,30,,506151,1,,,1,70,,506166,1,,,1,30,,506164,1,,,1,76,,506181,1,,,1,30,,506163,1,,,1,70,,506176,1,,,1,30,,506161,1,,,1,70,,506177,1,,,1,30,,506173,1,,,1,68,,506172,1,,,1,32,,506182,1,,,1,70,,506160,1,,,1,75,,506183,1,,,1
6201,'2-1',745,,506229,1,,,1,70,,506194,1,,,1,30,,506188,1,,,1,70,,506203,1,,,1,30,,506214,1,,,1,70,,506225,1,,,1,15,,506231,1,0,9 10,1,15,,506198,1,,,1,55,,506219,1,0,9 10,1,15,,506184,1,,,1,15,,506227,1,0,9 10,1,15,,506221,1,,,1,55,,506233,1,0,9 10,1,15,,506213,1,,,1,15,,506224,1,0,9 10,1,15,,506193,1,,,1,55,,506202,1,0,9 10,1,15,,506200,1,,,1,15,,506216,1,0,9 10,1,15,,506204,1,,,1,55,,506190,1,0,9 10,1,15,,506196,1,,,1,15,,506199,1,0,9 10,1,15,,506220,1,,,1,55,,506206,1,0,9 10,1,15,,506222,1,,,1,15,,506201,1,0,9 10,1,15,,506226,1,,,1,55,,506205,1,0,9 10,1,15,,506234,1,,,1,15,,506211,1,0,9 10,1,15,,506192,1,,,1,55,,506215,1,0,9 10,1,15,,506189,1,,,1,15,,506217,1,0,9 10,1,15,,506208,1,,,1,55,,506207,1,0,9 10,1,15,,506223,1,,,1,15,,506197,1,0,9 10,1,15,,506228,1,,,1,70,,506212,1,,,1,30,,506187,1,,,1,70,,506195,1,,,1,30,,506191,1,,,1,70,,506230,2,,,1,30,,506186,2,,,1,70,,506232,2,,,1,30,,506209,2,,,1,70,,506210,2,,,1,30,,506185,1,,,1,70,,506218,1,,,1
6201,'3-1',704,,506245,1,,,1,30,,506248,1,,,1,69,,506253,1,,,1,30,,506244,1,,,1,70,,506262,1,,,1,30,,506263,1,,,1,69,,506258,1,,,1,30,,506250,1,,,1,70,,506264,1,,,1,30,,506235,1,,,1,70,,506241,1,,,1,30,,506247,1,,,1,70,,506237,1,,,1,30,,506251,1,,,1,70,,506252,1,,,1,30,,506259,1,,,1,70,,506249,1,,,1,30,,506239,1,,,1,70,,506246,1,,,1,30,,506265,1,,,1,70,,506266,1,,,1,30,,506261,1,,,1,70,,506257,1,,,1,30,,506243,1,,,1,70,,506236,1,,,1,30,,506260,1,,,1,70,,506240,1,,,1,30,,506256,1,,,1,70,,506242,1,,,1,30,,506238,1,,,1,70,,506254,1,,,1,30,,506255,1,,,1
6201,'4-1',704,,506288,1,,,1,30,,506279,1,,,1,69,,506289,1,,,1,30,,506272,1,,,1,70,,506285,1,,,1,30,,506290,1,,,1,69,,506276,1,,,1,30,,506293,1,,,1,70,,506297,1,,,1,30,,506278,1,,,1,70,,506286,1,,,1,30,,506273,1,,,1,70,,506294,1,,,1,30,,506291,1,,,1,70,,506287,1,,,1,30,,506267,1,,,1,70,,506271,1,,,1,30,,506282,1,,,1,70,,506295,1,,,1,30,,506268,1,,,1,70,,506298,1,,,1,30,,506283,1,,,1,70,,506270,1,,,1,30,,506280,1,,,1,70,,506292,1,,,1,30,,506277,1,,,1,70,,506296,1,,,1,30,,506274,1,,,1,70,,506275,1,,,1,30,,506281,1,,,1,70,,506269,1,,,1,30,,506284,1,,,1
6201,'5-1',524,,506309,1,,,1,28,,506302,1,,,1,74,,506311,1,,,1,30,,506323,1,,,1,70,,506301,1,,,1,32,,506332,1,,,1,69,,506333,1,,,1,29,,506318,1,,,1,70,,506299,1,,,1,30,,506321,1,,,1,70,,506315,1,,,1,30,,506308,1,,,1,65,,506307,1,,,1,30,,506312,1,,,1,70,,506320,1,,,1,30,,506331,1,,,1,70,,506305,1,,,1,30,,506322,1,,,1,70,,506306,1,,,1,28,,506310,1,,,1,70,,506328,1,,,1,30,,506300,1,,,1,70,,506327,1,,,1,30,,506324,1,,,1,70,,506303,1,,,1,30,,506304,1,,,1,70,,506319,1,,,1,30,,506317,1,,,1,76,,506334,1,,,1,30,,506316,1,,,1,70,,506329,1,,,1,30,,506314,1,,,1,70,,506330,1,,,1,30,,506326,1,,,1,68,,506325,1,,,1,32,,506335,1,,,1,70,,506313,1,,,1,75,,506336,1,,,1
6201,'6-1',747,,506352,1,,,1,70,,506338,1,,,1,30,,506360,1,,,1,70,,506343,1,,,1,30,,506342,1,,,1,70,,506349,1,,,1,30,,506361,1,,,1,100,,506358,1,,,1,70,,506355,1,,,1,30,,506340,1,,,1,100,,506341,1,,,1,100,,506337,1,,,1,70,,506350,1,,,1,30,,506353,1,,,1,100,,506359,1,,,1,70,,506345,1,,,1,30,,506357,1,,,1,70,,506354,1,,,1,30,,506351,1,,,1,70,,506344,1,,,1,30,,506346,1,,,1,70,,506347,1,,,1,30,,506356,1,,,1,70,,506339,1,,,1,30,,506348,1,,,1,70,,506362,1,,,1
6201,'7-1',524,,506373,1,,,1,28,,506366,1,,,1,74,,506375,1,,,1,30,,506387,1,,,1,70,,506365,1,,,1,32,,506396,1,,,1,69,,506397,1,,,1,29,,506382,1,,,1,70,,506363,1,,,1,30,,506385,1,,,1,70,,506379,1,,,1,30,,506372,1,,,1,65,,506371,1,,,1,30,,506376,1,,,1,70,,506384,1,,,1,30,,506395,1,,,1,70,,506369,1,,,1,30,,506386,1,,,1,70,,506370,1,,,1,28,,506374,1,,,1,70,,506392,1,,,1,30,,506364,1,,,1,70,,506391,1,,,1,30,,506388,1,,,1,70,,506367,1,,,1,30,,506368,1,,,1,70,,506383,1,,,1,30,,506381,1,,,1,76,,506398,1,,,1,30,,506380,1,,,1,70,,506393,1,,,1,30,,506378,1,,,1,70,,506394,1,,,1,30,,506390,1,,,1,68,,506389,1,,,1,32,,506399,1,,,1,70,,506377,1,,,1,75,,506400,1,,,1
6201,'8-1',524,,506411,1,,,1,28,,506404,1,,,1,74,,506413,1,,,1,30,,506425,1,,,1,70,,506403,1,,,1,32,,506434,1,,,1,69,,506435,1,,,1,29,,506420,1,,,1,70,,506401,1,,,1,30,,506423,1,,,1,70,,506417,1,,,1,30,,506410,1,,,1,65,,506409,1,,,1,30,,506414,1,,,1,70,,506422,1,,,1,30,,506433,1,,,1,70,,506407,1,,,1,30,,506424,1,,,1,70,,506408,1,,,1,28,,506412,1,,,1,70,,506430,1,,,1,30,,506402,1,,,1,70,,506429,1,,,1,30,,506426,1,,,1,70,,506405,1,,,1,30,,506406,1,,,1,70,,506421,1,,,1,30,,506419,1,,,1,76,,506436,1,,,1,30,,506418,1,,,1,70,,506431,1,,,1,30,,506416,1,,,1,70,,506432,1,,,1,30,,506428,1,,,1,68,,506427,1,,,1,32,,506437,1,,,1,70,,506415,1,,,1,75,,506438,1,,,1
6201,'9-1',524,,506449,1,,,1,28,,506442,1,,,1,74,,506451,1,,,1,30,,506463,1,,,1,70,,506441,1,,,1,32,,506472,1,,,1,69,,506473,1,,,1,29,,506458,1,,,1,70,,506439,1,,,1,30,,506461,1,,,1,70,,506455,1,,,1,30,,506448,1,,,1,65,,506447,1,,,1,30,,506452,1,,,1,70,,506460,1,,,1,30,,506471,1,,,1,70,,506445,1,,,1,30,,506462,1,,,1,70,,506446,1,,,1,28,,506450,1,,,1,70,,506468,1,,,1,30,,506440,1,,,1,70,,506467,1,,,1,30,,506464,1,,,1,70,,506443,1,,,1,30,,506444,1,,,1,70,,506459,1,,,1,30,,506457,1,,,1,76,,506474,1,,,1,30,,506456,1,,,1,70,,506469,1,,,1,30,,506454,1,,,1,70,,506470,1,,,1,30,,506466,1,,,1,68,,506465,1,,,1,32,,506475,1,,,1,70,,506453,1,,,1,75,,506476,1,,,1
6300,'1-1',457,,506493,1,,,1,74,,506497,1,,,1,70,,506481,1,,,1,15,,506494,1,,,1,15,,506511,1,,,1,15,,506488,1,,,1,55,,506498,1,,,1,15,,506492,1,,,1,15,,506517,1,,,1,15,,506523,1,,,1,70,,506485,1,,,1,30,,506522,1,,,1,70,,506506,1,,,1,30,,506477,1,,,1,70,,506512,1,,,1,30,,506514,1,,,1,70,,506499,1,,,1,30,,506509,1,,,1,70,,506503,1,,,1,30,,506516,1,,,1,70,,506479,1,,,1,30,,506484,1,,,1,70,,506520,1,,,1,30,,506487,1,,,1,55,,506486,1,,,1,15,,506490,1,,,1,13,,506502,1,,,1,17,,506501,1,,,1,55,,506495,1,,,1,15,,506480,1,,,1,15,,506513,1,,,1,15,,506515,1,,,1,70,,506500,1,,,1,17,,506491,1,,,1,13,,506496,1,,,1,55,,506478,1,,,1,30,,506521,1,,,1,70,,506518,1,,,1,30,,506510,1,,,1,70,,506507,1,,,1,30,,506519,1,,,1,70,,506505,1,,,1,30,,506504,1,,,1,70,,506489,1,,,1,30,,506482,1,,,1,70,,506508,1,,,1,30,,506483,1,,,1
6300,'2-1',717,,506549,1,,,1,103,,506552,1,,,1,100,,506553,1,,,1,100,,506547,1,,,1,30,,506528,1,,,1,70,,506542,1,,,1,30,,506536,1,,,1,70,,506526,1,,,1,30,,506545,1,,,1,70,,506529,1,,,1,30,,506524,1,,,1,70,,506532,1,,,1,30,,506550,1,,,1,70,,506543,1,,,1,30,,506537,1,,,1,70,,506534,1,,,1,30,,506548,1,,,1,70,,506544,1,,,1,30,,506527,1,,,1,70,,506535,1,,,1,30,,506540,1,,,1,70,,506551,1,,,1,30,,506554,1,,,1,70,,506533,1,,,1,30,,506530,1,,,1,70,,506546,2,0,149,0,30,,506531,1,,,1,70,,506538,2,,,1,30,,506541,1,,,1,70,,506539,2,,,1,30,,506555,1,0,149,0,70,,506525,1,,,1
6300,'3-1',630,,506574,1,,,1,70,,506560,1,,,1,30,,506558,1,,,1,70,,506565,1,,,1,30,,506575,1,,,1,70,,506589,1,,,1,30,,506557,1,,,1,70,,506582,1,,,1,30,,506573,1,,,1,70,,506587,1,,,1,30,,506572,1,,,1,70,,506583,1,,,1,30,,506584,1,,,1,70,,506585,1,,,1,30,,506567,1,,,1,70,,506562,1,,,1,30,,506576,1,,,1,70,,506571,1,,,1,30,,506569,1,,,1,70,,506581,1,,,1,30,,506564,1,,,1,70,,506579,1,,,1,30,,506588,1,,,1,70,,506578,1,,,1,30,,506556,1,,,1,70,,506563,1,,,1,30,,506561,1,,,1,70,,506580,1,,,1,30,,506568,1,,,1,70,,506566,1,,,1,30,,506570,1,,,1,70,,506586,1,,,1,30,,506559,1,,,1,70,,506577,1,,,1
6300,'4-1',630,,506598,1,,,1,70,,506614,1,,,1,30,,506617,1,,,1,70,,506620,1,,,1,30,,506599,1,,,1,70,,506592,1,,,1,30,,506601,1,,,1,70,,506615,1,,,1,30,,506603,1,,,1,70,,506594,1,,,1,30,,506607,1,,,1,100,,506619,1,,,1,70,,506590,1,,,1,30,,506618,1,,,1,70,,506609,1,,,1,30,,506604,1,,,1,70,,506608,1,,,1,30,,506597,1,,,1,70,,506602,1,,,1,30,,506612,1,,,1,70,,506593,1,,,1,30,,506613,1,,,1,70,,506605,1,,,1,30,,506611,1,,,1,70,,506596,1,,,1,30,,506591,1,,,1,70,,506595,1,,,1,30,,506621,1,,,1,100,,506606,1,,,1,70,,506610,1,,,1,30,,506616,1,,,1,70,,506600,1,,,1
6300,'5-1',457,,506638,1,,,1,74,,506642,1,,,1,70,,506626,1,,,1,15,,506639,1,,,1,15,,506656,1,,,1,15,,506633,1,,,1,55,,506643,1,,,1,15,,506637,1,,,1,15,,506662,1,,,1,15,,506668,1,,,1,70,,506630,1,,,1,30,,506667,1,,,1,70,,506651,1,,,1,30,,506622,1,,,1,70,,506657,1,,,1,30,,506659,1,,,1,70,,506644,1,,,1,30,,506654,1,,,1,70,,506648,1,,,1,30,,506661,1,,,1,70,,506624,1,,,1,30,,506629,1,,,1,70,,506665,1,,,1,30,,506632,1,,,1,55,,506631,1,,,1,15,,506635,1,,,1,13,,506647,1,,,1,17,,506646,1,,,1,55,,506640,1,,,1,15,,506625,1,,,1,15,,506658,1,,,1,15,,506660,1,,,1,70,,506645,1,,,1,17,,506636,1,,,1,13,,506641,1,,,1,55,,506623,1,,,1,30,,506666,1,,,1,70,,506663,1,,,1,30,,506655,1,,,1,70,,506652,1,,,1,30,,506664,1,,,1,70,,506650,1,,,1,30,,506649,1,,,1,70,,506634,1,,,1,30,,506627,1,,,1,70,,506653,1,,,1,30,,506628,1,,,1
6300,'6-1',717,,506687,1,,,1,103,,506692,1,,,1,100,,506672,1,,,1,100,,506678,1,,,1,100,,506677,1,,,1,30,,506686,1,,,1,70,,506680,1,,,1,30,,506670,1,,,1,70,,506676,1,,,1,30,,506683,1,,,1,70,,506673,1,,,1,30,,506684,1,,,1,70,,506679,1,,,1,30,,506690,1,,,1,70,,506669,1,,,1,30,,506691,1,,,1,200,,506674,1,,,1,70,,506685,1,,,1,30,,506675,1,,,1,70,,506688,1,,,1,100,,506671,1,,,1,30,,506681,1,,,1,70,,506689,1,,,1,100,,506682,1,,,1
6300,'7-1',457,,506709,1,,,1,74,,506713,1,,,1,70,,506697,1,,,1,15,,506710,1,,,1,15,,506727,1,,,1,15,,506704,1,,,1,55,,506714,1,,,1,15,,506708,1,,,1,15,,506733,1,,,1,15,,506739,1,,,1,70,,506701,1,,,1,30,,506738,1,,,1,70,,506722,1,,,1,30,,506693,1,,,1,70,,506728,1,,,1,30,,506730,1,,,1,70,,506715,1,,,1,30,,506725,1,,,1,70,,506719,1,,,1,30,,506732,1,,,1,70,,506695,1,,,1,30,,506700,1,,,1,70,,506736,1,,,1,30,,506703,1,,,1,55,,506702,1,,,1,15,,506706,1,,,1,13,,506718,1,,,1,17,,506717,1,,,1,55,,506711,1,,,1,15,,506696,1,,,1,15,,506729,1,,,1,15,,506731,1,,,1,70,,506716,1,,,1,17,,506707,1,,,1,13,,506712,1,,,1,55,,506694,1,,,1,30,,506737,1,,,1,70,,506734,1,,,1,30,,506726,1,,,1,70,,506723,1,,,1,30,,506735,1,,,1,70,,506721,1,,,1,30,,506720,1,,,1,70,,506705,1,,,1,30,,506698,1,,,1,70,,506724,1,,,1,30,,506699,1,,,1
6300,'8-1',457,,506756,1,,,1,74,,506760,1,,,1,70,,506744,1,,,1,15,,506757,1,,,1,15,,506774,1,,,1,15,,506751,1,,,1,55,,506761,1,,,1,15,,506755,1,,,1,15,,506780,1,,,1,15,,506786,1,,,1,70,,506748,1,,,1,30,,506785,1,,,1,70,,506769,1,,,1,30,,506740,1,,,1,70,,506775,1,,,1,30,,506777,1,,,1,70,,506762,1,,,1,30,,506772,1,,,1,70,,506766,1,,,1,30,,506779,1,,,1,70,,506742,1,,,1,30,,506747,1,,,1,70,,506783,1,,,1,30,,506750,1,,,1,55,,506749,1,,,1,15,,506753,1,,,1,13,,506765,1,,,1,17,,506764,1,,,1,55,,506758,1,,,1,15,,506743,1,,,1,15,,506776,1,,,1,15,,506778,1,,,1,70,,506763,1,,,1,17,,506754,1,,,1,13,,506759,1,,,1,55,,506741,1,,,1,30,,506784,1,,,1,70,,506781,1,,,1,30,,506773,1,,,1,70,,506770,1,,,1,30,,506782,1,,,1,70,,506768,1,,,1,30,,506767,1,,,1,70,,506752,1,,,1,30,,506745,1,,,1,70,,506771,1,,,1,30,,506746,1,,,1
6300,'9-1',457,,506803,1,,,1,74,,506807,1,,,1,70,,506791,1,,,1,15,,506804,1,,,1,15,,506821,1,,,1,15,,506798,1,,,1,55,,506808,1,,,1,15,,506802,1,,,1,15,,506827,1,,,1,15,,506833,1,,,1,70,,506795,1,,,1,30,,506832,1,,,1,70,,506816,1,,,1,30,,506787,1,,,1,70,,506822,1,,,1,30,,506824,1,,,1,70,,506809,1,,,1,30,,506819,1,,,1,70,,506813,1,,,1,30,,506826,1,,,1,70,,506789,1,,,1,30,,506794,1,,,1,70,,506830,1,,,1,30,,506797,1,,,1,55,,506796,1,,,1,15,,506800,1,,,1,13,,506812,1,,,1,17,,506811,1,,,1,55,,506805,1,,,1,15,,506790,1,,,1,15,,506823,1,,,1,15,,506825,1,,,1,70,,506810,1,,,1,17,,506801,1,,,1,13,,506806,1,,,1,55,,506788,1,,,1,30,,506831,1,,,1,70,,506828,1,,,1,30,,506820,1,,,1,70,,506817,1,,,1,30,,506829,1,,,1,70,,506815,1,,,1,30,,506814,1,,,1,70,,506799,1,,,1,30,,506792,1,,,1,70,,506818,1,,,1,30,,506793,1,,,1
6301,'1-1',613,,506878,45,4,,1,25,,506879,45,4,,1,15,,506843,45,4,,1,57,,506838,45,4,,1,21,,506848,45,4,,1,10,,506846,45,4,,1,14,,506877,45,4,,1,54,,506872,45,4,,1,19,,506844,45,4,,1,13,,506861,45,4,,1,17,,506855,45,4,,1,58,,506841,45,4,,1,15,,506875,45,4,,1,25,,506857,45,4,,1,70,,506874,45,4,,1,30,,506851,45,4,,1,69,,506845,45,4,,1,25,,506870,45,4,,1,71,,506882,45,4,,1,30,,506834,45,4,,1,69,,506880,45,4,,1,30,,506835,45,4,,1,70,,506869,45,4,,1,30,,506868,45,4,,1,76,,506862,45,4,,1,33,,506849,50,4,,1,69,,506865,50,4,,1,29,,506852,50,4,,1,57,,506856,50,4,,1,13,,506858,50,4,,1,18,,506842,50,4,,1,57,,506854,50,4,,1,12,,506863,50,4,,1,14,,506873,50,4,,1,15,,506867,50,4,,1,15,,506847,50,4,,1,69,,506864,50,4,,1,15,,506859,50,4,,1,10,,506883,50,4,,1,55,,506850,50,4,,1,30,,506839,50,4,,1,70,,506866,50,4,,1,30,,506836,50,4,,1,70,,506881,50,4,,1,32,,506876,50,4,,1,70,,506860,50,4,,1,30,,506840,50,4,,1,70,,506871,50,4,,1,30,,506837,50,4,,1,16,,506853,30,4,,1
6301,'2-1',809,,506905,45,4,,1,101,,506911,45,4,,1,100,,506913,45,4,,1,103,,506909,45,4,,1,30,,506902,45,4,,1,70,,506897,45,4,,1,30,,506914,45,4,,1,70,,506904,45,4,,1,30,,506895,45,4,,1,70,,506912,45,4,,1,30,,506906,45,4,,1,70,,506907,45,4,,1,30,,506891,45,4,,1,70,,506885,45,4,,1,30,,506884,45,4,,1,70,,506892,45,4,,1,30,,506903,45,4,,1,70,,506888,45,4,,1,28,,506915,45,4,,1,72,,506899,45,4,,1,30,,506901,45,4,,1,68,,506908,45,4,,1,30,,506894,45,4,,1,69,,506887,45,4,,1,30,,506898,45,4,,1,70,,506910,45,4,,1,30,,506889,45,4,,1,70,,506886,45,4,,0,30,,506900,45,4,,1,70,,506890,45,4,,1,30,,506896,45,4,,1,70,,506893,45,4,,1
6301,'3-1',610,,506945,45,4,,1,30,,506923,45,4,,1,70,,506930,45,4,,1,30,,506929,45,4,,1,70,,506939,45,4,,1,37,,506950,45,4,,1,71,,506931,45,4,,1,30,,506952,45,4,,1,70,,506944,45,4,,1,30,,506943,45,4,,1,72,,506948,45,4,,1,31,,506932,45,4,,1,70,,506947,45,4,,1,30,,506924,45,4,,1,70,,506933,45,4,,1,30,,506925,45,4,,1,70,,506935,45,4,,1,30,,506938,45,4,,1,70,,506951,45,4,,1,30,,506928,45,4,,1,70,,506917,45,4,,1,30,,506946,45,4,,1,70,,506916,45,4,,1,30,,506927,45,4,,1,70,,506937,45,4,,1,30,,506926,45,4,,1,70,,506936,45,4,,1,30,,506953,45,4,,1,68,,506919,45,4,,1,30,,506940,45,4,,1,69,,506949,45,4,,1,30,,506920,45,4,,1,70,,506922,45,4,,1,30,,506918,45,4,,1,70,,506942,45,4,,1,30,,506921,45,4,,1,70,,506941,45,4,,1,30,,506934,45,4,,1
6301,'4-1',810,,506978,45,4,,1,37,,506968,45,4,,1,71,,506974,45,4,,1,30,,506980,45,4,,1,70,,506954,45,4,,1,30,,506967,45,4,,1,72,,506985,45,4,,1,31,,506984,45,4,,1,70,,506955,45,4,,1,30,,506975,45,4,,1,70,,506963,45,4,,1,30,,506970,45,4,,1,100,,506979,45,4,,1,70,,506957,45,4,,1,30,,506964,45,4,,1,70,,506982,45,4,,1,30,,506977,45,4,,1,70,,506961,45,4,,1,30,,506966,45,4,,1,70,,506956,45,4,,1,30,,506971,45,4,,1,70,,506981,45,4,,1,30,,506972,45,4,,1,68,,506976,45,4,,1,30,,506969,45,4,,1,69,,506959,45,4,,1,30,,506958,45,4,,1,70,,506962,45,4,,1,30,,506965,45,4,,1,100,,506973,45,4,,1,70,,506983,45,4,,1,30,,506960,45,4,,1
6301,'5-1',613,,507030,45,4,,1,25,,507031,45,4,,1,15,,506995,45,4,,1,57,,506990,45,4,,1,21,,507000,45,4,,1,10,,506998,45,4,,1,14,,507029,45,4,,1,54,,507024,45,4,,1,19,,506996,45,4,,1,13,,507013,45,4,,1,17,,507007,45,4,,1,58,,506993,45,4,,1,15,,507027,45,4,,1,25,,507009,45,4,,1,70,,507026,45,4,,1,30,,507003,45,4,,1,69,,506997,45,4,,1,25,,507022,45,4,,1,71,,507034,45,4,,1,30,,506986,45,4,,1,69,,507032,45,4,,1,30,,506987,45,4,,1,70,,507021,45,4,,1,30,,507020,45,4,,1,76,,507014,45,4,,1,33,,507001,50,4,,1,69,,507017,50,4,,1,29,,507004,50,4,,1,57,,507008,50,4,,1,13,,507010,50,4,,1,18,,506994,50,4,,1,57,,507006,50,4,,1,12,,507015,50,4,,1,14,,507025,50,4,,1,15,,507019,50,4,,1,15,,506999,50,4,,1,69,,507016,50,4,,1,15,,507011,50,4,,1,10,,507035,50,4,,1,55,,507002,50,4,,1,30,,506991,50,4,,1,70,,507018,50,4,,1,30,,506988,50,4,,1,70,,507033,50,4,,1,32,,507028,50,4,,1,70,,507012,50,4,,1,30,,506992,50,4,,1,70,,507023,50,4,,1,30,,506989,50,4,,1,16,,507005,30,4,,1
6301,'6-1',809,,507060,45,4,,1,101,,507039,45,4,,1,100,,507047,45,4,,1,103,,507051,45,4,,1,30,,507048,45,4,,1,70,,507042,45,4,,1,30,,507055,45,4,,1,100,,507043,45,4,,1,70,,507037,45,4,,1,30,,507050,45,4,,1,70,,507044,45,4,,1,30,,507036,45,4,,1,70,,507045,45,4,,1,30,,507057,45,4,,1,70,,507053,45,4,,1,30,,507046,45,4,,1,70,,507059,45,4,,1,30,,507058,45,4,,1,70,,507040,45,4,,1,197,,507054,45,4,,1,30,,507052,45,4,,1,70,,507056,45,4,,1,30,,507049,45,4,,1,70,,507041,45,4,,1,100,,507038,45,4,,1
6301,'7-1',613,,507105,45,4,,1,25,,507106,45,4,,1,15,,507070,45,4,,1,57,,507065,45,4,,1,21,,507075,45,4,,1,10,,507073,45,4,,1,14,,507104,45,4,,1,54,,507099,45,4,,1,19,,507071,45,4,,1,13,,507088,45,4,,1,17,,507082,45,4,,1,58,,507068,45,4,,1,15,,507102,45,4,,1,25,,507084,45,4,,1,70,,507101,45,4,,1,30,,507078,45,4,,1,69,,507072,45,4,,1,25,,507097,45,4,,1,71,,507109,45,4,,1,30,,507061,45,4,,1,69,,507107,45,4,,1,30,,507062,45,4,,1,70,,507096,45,4,,1,30,,507095,45,4,,1,76,,507089,45,4,,1,33,,507076,50,4,,1,69,,507092,50,4,,1,29,,507079,50,4,,1,57,,507083,50,4,,1,13,,507085,50,4,,1,18,,507069,50,4,,1,57,,507081,50,4,,1,12,,507090,50,4,,1,14,,507100,50,4,,1,15,,507094,50,4,,1,15,,507074,50,4,,1,69,,507091,50,4,,1,15,,507086,50,4,,1,10,,507110,50,4,,1,55,,507077,50,4,,1,30,,507066,50,4,,1,70,,507093,50,4,,1,30,,507063,50,4,,1,70,,507108,50,4,,1,32,,507103,50,4,,1,70,,507087,50,4,,1,30,,507067,50,4,,1,70,,507098,50,4,,1,30,,507064,50,4,,1,16,,507080,30,4,,1
6301,'8-1',613,,507155,45,4,,1,25,,507156,45,4,,1,15,,507120,45,4,,1,57,,507115,45,4,,1,21,,507125,45,4,,1,10,,507123,45,4,,1,14,,507154,45,4,,1,54,,507149,45,4,,1,19,,507121,45,4,,1,13,,507138,45,4,,1,17,,507132,45,4,,1,58,,507118,45,4,,1,15,,507152,45,4,,1,25,,507134,45,4,,1,70,,507151,45,4,,1,30,,507128,45,4,,1,69,,507122,45,4,,1,25,,507147,45,4,,1,71,,507159,45,4,,1,30,,507111,45,4,,1,69,,507157,45,4,,1,30,,507112,45,4,,1,70,,507146,45,4,,1,30,,507145,45,4,,1,76,,507139,45,4,,1,33,,507126,50,4,,1,69,,507142,50,4,,1,29,,507129,50,4,,1,57,,507133,50,4,,1,13,,507135,50,4,,1,18,,507119,50,4,,1,57,,507131,50,4,,1,12,,507140,50,4,,1,14,,507150,50,4,,1,15,,507144,50,4,,1,15,,507124,50,4,,1,69,,507141,50,4,,1,15,,507136,50,4,,1,10,,507160,50,4,,1,55,,507127,50,4,,1,30,,507116,50,4,,1,70,,507143,50,4,,1,30,,507113,50,4,,1,70,,507158,50,4,,1,32,,507153,50,4,,1,70,,507137,50,4,,1,30,,507117,50,4,,1,70,,507148,50,4,,1,30,,507114,50,4,,1,16,,507130,30,4,,1
6301,'9-1',613,,507205,45,4,,1,25,,507206,45,4,,1,15,,507170,45,4,,1,57,,507165,45,4,,1,21,,507175,45,4,,1,10,,507173,45,4,,1,14,,507204,45,4,,1,54,,507199,45,4,,1,19,,507171,45,4,,1,13,,507188,45,4,,1,17,,507182,45,4,,1,58,,507168,45,4,,1,15,,507202,45,4,,1,25,,507184,45,4,,1,70,,507201,45,4,,1,30,,507178,45,4,,1,69,,507172,45,4,,1,25,,507197,45,4,,1,71,,507209,45,4,,1,30,,507161,45,4,,1,69,,507207,45,4,,1,30,,507162,45,4,,1,70,,507196,45,4,,1,30,,507195,45,4,,1,76,,507189,45,4,,1,33,,507176,50,4,,1,69,,507192,50,4,,1,29,,507179,50,4,,1,57,,507183,50,4,,1,13,,507185,50,4,,1,18,,507169,50,4,,1,57,,507181,50,4,,1,12,,507190,50,4,,1,14,,507200,50,4,,1,15,,507194,50,4,,1,15,,507174,50,4,,1,69,,507191,50,4,,1,15,,507186,50,4,,1,10,,507210,50,4,,1,55,,507177,50,4,,1,30,,507166,50,4,,1,70,,507193,50,4,,1,30,,507163,50,4,,1,70,,507208,50,4,,1,32,,507203,50,4,,1,70,,507187,50,4,,1,30,,507167,50,4,,1,70,,507198,50,4,,1,30,,507164,50,4,,1,16,,507180,30,4,,1
6600,'1-1',1447,,507220,27,4,,1,73,,507218,27,4,,1,30,,507214,27,4,,1,71,,507215,27,4,,1,30,,507216,27,4,,1,69,,507212,27,4,,1,29,,507213,27,4,,1,73,,507217,27,4,,1,19,,507219,27,4,,1,68,,507211,27,4,,1
6600,'5-1',1447,,507230,27,4,,1,73,,507228,27,4,,1,30,,507224,27,4,,1,71,,507225,27,4,,1,30,,507226,27,4,,1,69,,507222,27,4,,1,29,,507223,27,4,,1,73,,507227,27,4,,1,19,,507229,27,4,,1,68,,507221,27,4,,1
6600,'7-1',1447,,507240,27,4,,1,73,,507238,27,4,,1,30,,507234,27,4,,1,71,,507235,27,4,,1,30,,507236,27,4,,1,69,,507232,27,4,,1,29,,507233,27,4,,1,73,,507237,27,4,,1,19,,507239,27,4,,1,68,,507231,27,4,,1
6600,'8-1',1447,,507250,27,4,,1,73,,507248,27,4,,1,30,,507244,27,4,,1,71,,507245,27,4,,1,30,,507246,27,4,,1,69,,507242,27,4,,1,29,,507243,27,4,,1,73,,507247,27,4,,1,19,,507249,27,4,,1,68,,507241,27,4,,1
6600,'9-1',1447,,507260,27,4,,1,73,,507258,27,4,,1,30,,507254,27,4,,1,71,,507255,27,4,,1,30,,507256,27,4,,1,69,,507252,27,4,,1,29,,507253,27,4,,1,73,,507257,27,4,,1,19,,507259,27,4,,1,68,,507251,27,4,,1
6601,'1-1',531,,507264,1,,,1,70,,507265,1,,,1,30,,507261,1,,,1,28,,507263,1,,,1,72,,507266,1,,,1,13,,507267,1,,,1,74,,507268,1,,,1,28,,507262,1,,,1,61,,507269,1,,,1
6601,'5-1',531,,507273,1,,,1,70,,507274,1,,,1,30,,507270,1,,,1,28,,507272,1,,,1,72,,507275,1,,,1,13,,507276,1,,,1,74,,507277,1,,,1,28,,507271,1,,,1,61,,507278,1,,,1
6601,'7-1',531,,507282,1,,,1,70,,507283,1,,,1,30,,507279,1,,,1,28,,507281,1,,,1,72,,507284,1,,,1,13,,507285,1,,,1,74,,507286,1,,,1,28,,507280,1,,,1,61,,507287,1,,,1
6601,'8-1',531,,507291,1,,,1,70,,507292,1,,,1,30,,507288,1,,,1,28,,507290,1,,,1,72,,507293,1,,,1,13,,507294,1,,,1,74,,507295,1,,,1,28,,507289,1,,,1,61,,507296,1,,,1
6601,'9-1',531,,507300,1,,,1,70,,507301,1,,,1,30,,507297,1,,,1,28,,507299,1,,,1,72,,507302,1,,,1,13,,507303,1,,,1,74,,507304,1,,,1,28,,507298,1,,,1,61,,507305,1,,,1
6700,'1-1',641,,507316,32,4,,1,81,,507328,32,4,,1,35,,507310,32,4,,1,68,,507335,32,4,,1,30,,507332,32,4,,1,70,,507311,32,4,,1
6700,'5-1',641,,507415,32,4,,1,81,,507427,32,4,,1,35,,507409,32,4,,1,68,,507434,32,4,,1,30,,507431,32,4,,1,70,,507410,32,4,,1
6700,'7-1',641,,507463,32,4,,1,81,,507475,32,4,,1,35,,507457,32,4,,1,68,,507482,32,4,,1,30,,507479,32,4,,1,70,,507458,32,4,,1
6700,'8-1',641,,507494,32,4,,1,81,,507506,32,4,,1,35,,507488,32,4,,1,68,,507513,32,4,,1,30,,507510,32,4,,1,70,,507489,32,4,,1
6700,'9-1',641,,507525,32,4,,1,81,,507537,32,4,,1,35,,507519,32,4,,1,68,,507544,32,4,,1,30,,507541,32,4,,1,70,,507520,32,4,,1
6701,'1-1',1607,,507573,1,,,1,28,,507561,1,,,1,69,,507562,1,,,1,31,,507571,1,,,1,69,,507574,1,,,1,36,,507565,1,,,1
6701,'5-1',1607,,507670,1,,,1,28,,507658,1,,,1,69,,507659,1,,,1,31,,507668,1,,,1,69,,507671,1,,,1,36,,507662,1,,,1
6701,'7-1',1607,,507716,1,,,1,28,,507704,1,,,1,69,,507705,1,,,1,31,,507714,1,,,1,69,,507717,1,,,1,36,,507708,1,,,1
6701,'8-1',1607,,507745,1,,,1,28,,507733,1,,,1,69,,507734,1,,,1,31,,507743,1,,,1,69,,507746,1,,,1,36,,507737,1,,,1
6701,'9-1',1607,,507774,1,,,1,28,,507762,1,,,1,69,,507763,1,,,1,31,,507772,1,,,1,69,,507775,1,,,1,36,,507766,1,,,1
7300,'1-1',533,,509593,1,,,1,72,,509597,1,,,1,27,,509602,1,,,1,72,,509617,1,,,1,29,,509614,1,,,1,70,,509610,1,,,1,32,,509613,1,,,1,70,,509591,1,,,1
7300,'5-1',533,,509625,1,,,1,72,,509629,1,,,1,27,,509634,1,,,1,72,,509649,1,,,1,29,,509646,1,,,1,70,,509642,1,,,1,32,,509645,1,,,1,70,,509623,1,,,1
7300,'7-1',533,,509657,1,,,1,72,,509661,1,,,1,27,,509666,1,,,1,72,,509681,1,,,1,29,,509678,1,,,1,70,,509674,1,,,1,32,,509677,1,,,1,70,,509655,1,,,1
7300,'8-1',533,,509689,1,,,1,72,,509693,1,,,1,27,,509698,1,,,1,72,,509713,1,,,1,29,,509710,1,,,1,70,,509706,1,,,1,32,,509709,1,,,1,70,,509687,1,,,1
7300,'9-1',533,,509721,1,,,1,72,,509725,1,,,1,27,,509730,1,,,1,72,,509745,1,,,1,29,,509742,1,,,1,70,,509738,1,,,1,32,,509741,1,,,1,70,,509719,1,,,1
7301,'1-1',1523,,509780,47,4,,1,78,,509766,47,4,,1,32,,509763,47,4,,1,72,,509753,47,4,,1,30,,509759,47,4,,1,69,,509758,47,4,,1,27,,509751,47,4,,1,28,,509754,47,4,,1,61,,509765,42,4,,1
7301,'5-1',1523,,509813,47,4,,1,78,,509799,47,4,,1,32,,509796,47,4,,1,72,,509786,47,4,,1,30,,509792,47,4,,1,69,,509791,47,4,,1,27,,509784,47,4,,1,28,,509787,47,4,,1,61,,509798,42,4,,1
7301,'7-1',1523,,509846,47,4,,1,78,,509832,47,4,,1,32,,509829,47,4,,1,72,,509819,47,4,,1,30,,509825,47,4,,1,69,,509824,47,4,,1,27,,509817,47,4,,1,28,,509820,47,4,,1,61,,509831,42,4,,1
7301,'8-1',1523,,509879,47,4,,1,78,,509865,47,4,,1,32,,509862,47,4,,1,72,,509852,47,4,,1,30,,509858,47,4,,1,69,,509857,47,4,,1,27,,509850,47,4,,1,28,,509853,47,4,,1,61,,509864,42,4,,1
7301,'9-1',1523,,509912,47,4,,1,78,,509898,47,4,,1,32,,509895,47,4,,1,72,,509885,47,4,,1,30,,509891,47,4,,1,69,,509890,47,4,,1,27,,509883,47,4,,1,28,,509886,47,4,,1,61,,509897,42,4,,1
7400,'1-1',605,,509972,1,,,1,35,,509966,1,,,1,71,,509917,1,,,1,29,,509933,1,,,1,17,,509973,1,,,1,54,,509968,1,,,1,15,,509916,1,,,1,14,,509967,1,,,1,15,,509932,1,,,1,55,,509954,1,,,1,15,,509925,1,,,1,15,,509931,1,,,1,15,,509922,1,,,1,55,,509940,1,,,1,15,,509929,1,,,1,15,,509943,1,,,1,15,,509919,1,,,1,55,,509937,1,,,1,15,,509964,1,,,1,15,,509945,1,,,1,15,,509956,1,,,1,55,,509962,1,,,1,15,,509920,1,,,1,15,,509959,1,,,1,15,,509961,1,,,1,55,,509934,1,,,1,15,,509946,1,,,1,15,,509969,1,,,1,14,,509958,1,,,1,55,,509921,1,,,1,15,,509918,1,,,1,15,,509970,1,,,1,15,,509951,1,,,1,55,,509939,1,,,1,15,,509947,1,,,1,17,,509926,1,,,1,13,,509953,1,,,1,55,,509941,1,,,1,15,,509938,1,,,1,15,,509952,1,,,1,17,,509963,1,,,1,55,,509944,1,,,1,16,,509960,1,,,1,13,,509949,1,,,1,15,,509935,1,0,43,1,55,,509942,1,,,1,15,,509928,1,0,43,1,15,,509965,1,,,1,15,,509950,1,0,43,1,70,,509930,1,,,1,30,,509923,1,0,43,1,70,,509936,1,,,1,30,,509924,1,0,43,1,70,,509957,1,,,1,30,,509971,1,0,43,1,69,,509948,1,,,1
7400,'2-1',903,,510027,1,,,1,100,,509997,1,,,1,15,,510015,1,0,43,1,15,,509999,1,,,1,15,,510017,1,0,43,1,55,,510005,1,,,1,15,,510014,1,0,43,1,15,,509981,1,,,1,10,,510016,1,0,43,1,10,,509985,1,0,43,1,50,,510022,1,,,1,10,,510019,1,0,43,1,10,,510009,1,0,43,1,10,,509996,1,,,1,10,,509982,1,0,43,1,10,,510033,1,0,43,1,50,,509976,1,,,1,10,,509986,1,0,43,1,10,,509998,1,,,1,10,,510012,1,0,43,1,10,,510026,1,,,1,10,,509980,1,0,43,1,50,,510038,1,,,1,10,,510028,1,0,43,1,10,,509988,1,,,1,10,,510031,1,0,43,1,10,,510013,1,,,1,10,,510034,1,0,43,1,50,,509995,1,,,1,10,,510008,1,0,43,1,10,,509993,1,,,1,10,,509977,1,0,43,1,10,,509992,1,,,1,10,,509984,1,0,43,1,50,,510032,1,,,1,10,,509974,1,0,43,1,10,,510011,1,,,1,10,,510036,1,0,43,1,10,,509987,1,,,1,10,,510006,1,0,43,1,50,,510000,1,,,1,10,,509979,1,0,43,1,10,,509983,1,,,1,10,,510035,1,0,43,1,10,,510010,1,,,1,10,,510024,1,0,43,1,50,,510039,1,,,1,20,,510020,1,,,1,20,,510007,1,,,1,60,,509994,1,,,1,20,,509991,1,,,1,20,,510018,1,,,1,60,,510029,1,,,1,20,,510025,1,,,1,20,,510004,1,,,1,60,,510023,1,,,1,20,,510003,1,,,1,20,,509989,2,,,1,60,,509975,2,,,1,20,,510037,2,,,1,20,,509978,2,,,1,60,,510002,2,,,1,20,,509990,2,,,1,20,,510001,2,,,1
7400,'3-1',856,,510073,1,,,1,70,,510069,1,,,1,30,,510072,1,,,1,70,,510062,1,,,1,30,,510070,1,,,1,70,,510075,1,,,1,30,,510049,1,,,1,70,,510045,1,,,1,30,,510064,1,,,1,70,,510061,1,,,1,30,,510078,1,,,1,70,,510051,1,,,1,30,,510041,1,,,1,55,,510052,1,,,1,15,,510076,1,,,1,15,,510066,1,,,1,15,,510054,1,,,1,55,,510040,1,,,1,15,,510048,1,,,1,15,,510067,1,,,1,15,,510058,1,,,1,55,,510077,1,,,1,15,,510074,1,,,1,15,,510056,1,,,1,15,,510071,1,,,1,70,,510050,1,,,1,30,,510043,1,,,1,70,,510055,1,,,1,30,,510059,1,,,1,70,,510042,1,,,1,30,,510047,1,,,1,70,,510057,1,,,1
7400,'4-1',856,,510096,1,,,1,70,,510086,1,,,1,30,,510092,1,,,1,100,,510104,1,,,1,70,,510098,1,,,1,30,,510089,1,,,1,70,,510102,1,,,1,100,,510080,1,,,1,30,,510087,1,,,1,70,,510085,1,,,1,30,,510081,1,,,1,70,,510083,1,,,1,30,,510103,1,,,1,70,,510095,1,,,1,100,,510097,1,,,1,30,,510082,1,,,1,70,,510100,1,,,1,30,,510106,1,,,1,70,,510094,1,,,1,30,,510079,1,,,1,70,,510099,1,,,1,100,,510090,1,,,1
7400,'5-1',605,,510163,1,,,1,35,,510157,1,,,1,71,,510108,1,,,1,29,,510124,1,,,1,17,,510164,1,,,1,54,,510159,1,,,1,15,,510107,1,,,1,14,,510158,1,,,1,15,,510123,1,,,1,55,,510145,1,,,1,15,,510116,1,,,1,15,,510122,1,,,1,15,,510113,1,,,1,55,,510131,1,,,1,15,,510120,1,,,1,15,,510134,1,,,1,15,,510110,1,,,1,55,,510128,1,,,1,15,,510155,1,,,1,15,,510136,1,,,1,15,,510147,1,,,1,55,,510153,1,,,1,15,,510111,1,,,1,15,,510150,1,,,1,15,,510152,1,,,1,55,,510125,1,,,1,15,,510137,1,,,1,15,,510160,1,,,1,14,,510149,1,,,1,55,,510112,1,,,1,15,,510109,1,,,1,15,,510161,1,,,1,15,,510142,1,,,1,55,,510130,1,,,1,15,,510138,1,,,1,17,,510117,1,,,1,13,,510144,1,,,1,55,,510132,1,,,1,15,,510129,1,,,1,15,,510143,1,,,1,17,,510154,1,,,1,55,,510135,1,,,1,16,,510151,1,,,1,13,,510140,1,,,1,15,,510126,1,0,43,1,55,,510133,1,,,1,15,,510119,1,0,43,1,15,,510156,1,,,1,15,,510141,1,0,43,1,70,,510121,1,,,1,30,,510114,1,0,43,1,70,,510127,1,,,1,30,,510115,1,0,43,1,70,,510148,1,,,1,30,,510162,1,0,43,1,69,,510139,1,,,1
7400,'6-1',1003,,510176,1,,,1,30,,510174,1,,,1,70,,510180,1,,,1,30,,510185,1,,,1,70,,510169,1,,,1,30,,510184,1,,,1,70,,510173,1,,,1,30,,510171,1,,,1,70,,510187,1,,,1,30,,510170,1,,,1,70,,510166,1,,,1,30,,510178,1,,,1,70,,510188,1,,,1,30,,510177,1,,,1,70,,510167,1,,,1,30,,510165,1,,,1,70,,510175,1,,,1
7400,'7-1',605,,510245,1,,,1,35,,510239,1,,,1,71,,510190,1,,,1,29,,510206,1,,,1,17,,510246,1,,,1,54,,510241,1,,,1,15,,510189,1,,,1,14,,510240,1,,,1,15,,510205,1,,,1,55,,510227,1,,,1,15,,510198,1,,,1,15,,510204,1,,,1,15,,510195,1,,,1,55,,510213,1,,,1,15,,510202,1,,,1,15,,510216,1,,,1,15,,510192,1,,,1,55,,510210,1,,,1,15,,510237,1,,,1,15,,510218,1,,,1,15,,510229,1,,,1,55,,510235,1,,,1,15,,510193,1,,,1,15,,510232,1,,,1,15,,510234,1,,,1,55,,510207,1,,,1,15,,510219,1,,,1,15,,510242,1,,,1,14,,510231,1,,,1,55,,510194,1,,,1,15,,510191,1,,,1,15,,510243,1,,,1,15,,510224,1,,,1,55,,510212,1,,,1,15,,510220,1,,,1,17,,510199,1,,,1,13,,510226,1,,,1,55,,510214,1,,,1,15,,510211,1,,,1,15,,510225,1,,,1,17,,510236,1,,,1,55,,510217,1,,,1,16,,510233,1,,,1,13,,510222,1,,,1,15,,510208,1,0,43,1,55,,510215,1,,,1,15,,510201,1,0,43,1,15,,510238,1,,,1,15,,510223,1,0,43,1,70,,510203,1,,,1,30,,510196,1,0,43,1,70,,510209,1,,,1,30,,510197,1,0,43,1,70,,510230,1,,,1,30,,510244,1,0,43,1,69,,510221,1,,,1
7400,'8-1',605,,510303,1,,,1,35,,510297,1,,,1,71,,510248,1,,,1,29,,510264,1,,,1,17,,510304,1,,,1,54,,510299,1,,,1,15,,510247,1,,,1,14,,510298,1,,,1,15,,510263,1,,,1,55,,510285,1,,,1,15,,510256,1,,,1,15,,510262,1,,,1,15,,510253,1,,,1,55,,510271,1,,,1,15,,510260,1,,,1,15,,510274,1,,,1,15,,510250,1,,,1,55,,510268,1,,,1,15,,510295,1,,,1,15,,510276,1,,,1,15,,510287,1,,,1,55,,510293,1,,,1,15,,510251,1,,,1,15,,510290,1,,,1,15,,510292,1,,,1,55,,510265,1,,,1,15,,510277,1,,,1,15,,510300,1,,,1,14,,510289,1,,,1,55,,510252,1,,,1,15,,510249,1,,,1,15,,510301,1,,,1,15,,510282,1,,,1,55,,510270,1,,,1,15,,510278,1,,,1,17,,510257,1,,,1,13,,510284,1,,,1,55,,510272,1,,,1,15,,510269,1,,,1,15,,510283,1,,,1,17,,510294,1,,,1,55,,510275,1,,,1,16,,510291,1,,,1,13,,510280,1,,,1,15,,510266,1,0,43,1,55,,510273,1,,,1,15,,510259,1,0,43,1,15,,510296,1,,,1,15,,510281,1,0,43,1,70,,510261,1,,,1,30,,510254,1,0,43,1,70,,510267,1,,,1,30,,510255,1,0,43,1,70,,510288,1,,,1,30,,510302,1,0,43,1,69,,510279,1,,,1
7400,'9-1',605,,510361,1,,,1,35,,510355,1,,,1,71,,510306,1,,,1,29,,510322,1,,,1,17,,510362,1,,,1,54,,510357,1,,,1,15,,510305,1,,,1,14,,510356,1,,,1,15,,510321,1,,,1,55,,510343,1,,,1,15,,510314,1,,,1,15,,510320,1,,,1,15,,510311,1,,,1,55,,510329,1,,,1,15,,510318,1,,,1,15,,510332,1,,,1,15,,510308,1,,,1,55,,510326,1,,,1,15,,510353,1,,,1,15,,510334,1,,,1,15,,510345,1,,,1,55,,510351,1,,,1,15,,510309,1,,,1,15,,510348,1,,,1,15,,510350,1,,,1,55,,510323,1,,,1,15,,510335,1,,,1,15,,510358,1,,,1,14,,510347,1,,,1,55,,510310,1,,,1,15,,510307,1,,,1,15,,510359,1,,,1,15,,510340,1,,,1,55,,510328,1,,,1,15,,510336,1,,,1,17,,510315,1,,,1,13,,510342,1,,,1,55,,510330,1,,,1,15,,510327,1,,,1,15,,510341,1,,,1,17,,510352,1,,,1,55,,510333,1,,,1,16,,510349,1,,,1,13,,510338,1,,,1,15,,510324,1,0,43,1,55,,510331,1,,,1,15,,510317,1,0,43,1,15,,510354,1,,,1,15,,510339,1,0,43,1,70,,510319,1,,,1,30,,510312,1,0,43,1,70,,510325,1,,,1,30,,510313,1,0,43,1,70,,510346,1,,,1,30,,510360,1,0,43,1,69,,510337,1,,,1
7401,'1-1',635,,510389,34,4,,1,24,,510378,34,4,,1,59,,510402,34,4,,1,18,,510367,34,4,,1,15,,510369,34,4,,1,53,,510390,34,4,,1,13,,510411,34,4,,1,19,,510395,34,4,,1,16,,510363,34,4,,1,54,,510408,34,4,,1,15,,510385,34,4,,1,17,,510414,34,4,,1,15,,510386,34,4,,1,51,,510399,34,4,,1,15,,510400,34,4,,1,14,,510410,34,4,,1,15,,510416,34,4,,1,55,,510372,34,4,,1,16,,510375,34,4,,1,15,,510384,34,4,,1,15,,510366,34,4,,1,55,,510406,34,4,,1,15,,510388,34,4,,1,15,,510387,34,4,,1,15,,510365,34,4,,1,55,,510420,34,4,,1,15,,510407,34,4,,1,15,,510419,34,4,,1,15,,510415,34,4,,1,55,,510397,34,4,,1,15,,510368,34,4,,1,15,,510381,34,4,,1,15,,510364,34,4,,1,55,,510394,34,4,,1,15,,510398,34,4,,1,30,,510391,34,4,,1,60,,510370,34,4,,1,15,,510382,34,4,,1,15,,510380,34,4,,1,17,,510392,34,4,,1,58,,510373,34,4,,1,15,,510418,34,4,,1,17,,510412,34,4,,1,13,,510379,34,4,,1,55,,510409,34,4,,1,13,,510404,34,4,,1,11,,510374,34,4,,1,17,,510371,34,4,,1,66,,510396,34,4,,1,26,,510377,34,4,,1,70,,510401,34,4,,1,30,,510405,34,4,,1,68,,510417,34,4,,1,30,,510403,34,4,,1,70,,510376,34,4,,1
7401,'2-1',904,,510444,34,4,,1,100,,510465,34,4,,1,30,,510423,34,4,,1,16,,510448,15,4,,1,56,,510440,34,4,,1,15,,510455,15,4,,1,15,,510456,34,4,,1,10,,510460,15,4,,1,10,,510442,15,4,,1,50,,510459,34,4,,1,10,,510433,15,4,,1,10,,510464,15,4,,1,10,,510439,34,4,,1,11,,510481,15,4,,1,10,,510487,15,4,,1,50,,510489,34,4,,1,10,,510491,15,4,,1,10,,510462,15,4,,1,10,,510429,34,4,,1,10,,510430,15,4,,1,10,,510450,15,4,,1,50,,510482,34,4,,1,10,,510449,15,4,,1,10,,510422,15,4,,1,10,,510421,34,4,,1,10,,510461,15,4,,1,10,,510436,34,4,,1,50,,510477,15,4,,1,10,,510441,34,4,,1,10,,510471,15,4,,1,10,,510432,34,4,,1,10,,510478,15,4,,1,10,,510435,34,4,,1,50,,510473,15,4,,1,10,,510484,34,4,,1,10,,510447,15,4,,1,10,,510467,34,4,,1,10,,510479,15,4,,1,10,,510454,34,4,,1,50,,510490,15,4,,1,9,,510431,34,4,,1,10,,510428,15,4,,1,10,,510445,34,4,,1,10,,510452,15,4,,1,10,,510453,34,4,,1,50,,510427,15,4,,1,10,,510457,34,4,,1,10,,510475,15,4,,1,10,,510437,34,4,,1,10,,510476,15,4,,1,10,,510426,34,4,,1,50,,510434,15,4,,1,10,,510463,34,4,,1,20,,510472,34,4,,1,20,,510470,34,4,,1,60,,510485,34,4,,1,20,,510474,34,4,,1,20,,510483,34,4,,1,58,,510469,34,4,,1,20,,510424,34,4,,1,20,,510451,34,4,,1,60,,510438,34,4,,1,20,,510425,34,4,,1,20,,510443,34,4,,1,60,,510480,34,4,,1,20,,510446,34,4,,1,20,,510468,34,4,,1,60,,510458,34,4,,1,20,,510488,34,4,,1,100,,510466,34,4,,1,115,,510486,34,4,,1
7401,'3-1',658,,510503,34,4,,1,55,,510518,34,4,,1,15,,510496,34,4,,1,15,,510493,34,4,,1,15,,510516,34,4,,1,55,,510494,34,4,,1,15,,510492,34,4,,1,15,,510501,34,4,,1,15,,510512,34,4,,1,55,,510524,34,4,,1,15,,510506,34,4,,1,15,,510498,34,4,,1,16,,510530,34,4,,1,71,,510529,34,4,,1,72,,510520,34,4,,1,30,,510507,34,4,,1,70,,510500,34,4,,1,30,,510514,34,4,,1,71,,510517,34,4,,1,30,,510515,34,4,,1,70,,510495,34,4,,1,30,,510508,34,4,,1,70,,510527,34,4,,1,30,,510497,34,4,,1,70,,510511,34,4,,1,30,,510531,34,4,,1,69,,510513,34,4,,1,30,,510525,34,4,,1,68,,510499,34,4,,1,30,,510519,34,4,,1,70,,510521,34,4,,1,30,,510509,34,4,,1,70,,510526,34,4,,1,30,,510523,34,4,,1,28,,510522,34,4,,1,70,,510510,34,4,,1
7401,'4-1',858,,510555,34,4,,1,71,,510546,34,4,,1,30,,510558,34,4,,1,143,,510533,34,4,,1,30,,510544,34,4,,1,70,,510561,34,4,,1,101,,510553,34,4,,1,30,,510547,34,4,,1,70,,510550,34,4,,1,30,,510560,34,4,,1,100,,510536,34,4,,1,70,,510549,34,4,,1,30,,510539,34,4,,1,69,,510542,34,4,,1,30,,510556,34,4,,1,68,,510537,34,4,,1,30,,510562,34,4,,1,100,,510534,34,4,,1,70,,510543,34,4,,1,30,,510535,34,4,,1,28,,510548,34,4,,1,70,,510557,34,4,,1
7401,'5-1',635,,510589,34,4,,1,24,,510578,34,4,,1,59,,510602,34,4,,1,18,,510567,34,4,,1,15,,510569,34,4,,1,53,,510590,34,4,,1,13,,510611,34,4,,1,19,,510595,34,4,,1,16,,510563,34,4,,1,54,,510608,34,4,,1,15,,510585,34,4,,1,17,,510614,34,4,,1,15,,510586,34,4,,1,51,,510599,34,4,,1,15,,510600,34,4,,1,14,,510610,34,4,,1,15,,510616,34,4,,1,55,,510572,34,4,,1,16,,510575,34,4,,1,15,,510584,34,4,,1,15,,510566,34,4,,1,55,,510606,34,4,,1,15,,510588,34,4,,1,15,,510587,34,4,,1,15,,510565,34,4,,1,55,,510620,34,4,,1,15,,510607,34,4,,1,15,,510619,34,4,,1,15,,510615,34,4,,1,55,,510597,34,4,,1,15,,510568,34,4,,1,15,,510581,34,4,,1,15,,510564,34,4,,1,55,,510594,34,4,,1,15,,510598,34,4,,1,30,,510591,34,4,,1,60,,510570,34,4,,1,15,,510582,34,4,,1,15,,510580,34,4,,1,17,,510592,34,4,,1,58,,510573,34,4,,1,15,,510618,34,4,,1,17,,510612,34,4,,1,13,,510579,34,4,,1,55,,510609,34,4,,1,13,,510604,34,4,,1,11,,510574,34,4,,1,17,,510571,34,4,,1,66,,510596,34,4,,1,26,,510577,34,4,,1,70,,510601,34,4,,1,30,,510605,34,4,,1,68,,510617,34,4,,1,30,,510603,34,4,,1,70,,510576,34,4,,1
7401,'6-1',1109,,510632,34,4,,1,30,,510628,34,4,,1,70,,510641,34,4,,1,30,,510622,34,4,,1,71,,510630,34,4,,1,30,,510624,34,4,,1,70,,510623,34,4,,1,30,,510637,34,4,,1,70,,510629,34,4,,1,30,,510640,34,4,,1,70,,510626,34,4,,1,30,,510645,34,4,,1,69,,510621,34,4,,1,30,,510633,34,4,,1
7401,'7-1',635,,510672,34,4,,1,24,,510661,34,4,,1,59,,510685,34,4,,1,18,,510650,34,4,,1,15,,510652,34,4,,1,53,,510673,34,4,,1,13,,510694,34,4,,1,19,,510678,34,4,,1,16,,510646,34,4,,1,54,,510691,34,4,,1,15,,510668,34,4,,1,17,,510697,34,4,,1,15,,510669,34,4,,1,51,,510682,34,4,,1,15,,510683,34,4,,1,14,,510693,34,4,,1,15,,510699,34,4,,1,55,,510655,34,4,,1,16,,510658,34,4,,1,15,,510667,34,4,,1,15,,510649,34,4,,1,55,,510689,34,4,,1,15,,510671,34,4,,1,15,,510670,34,4,,1,15,,510648,34,4,,1,55,,510703,34,4,,1,15,,510690,34,4,,1,15,,510702,34,4,,1,15,,510698,34,4,,1,55,,510680,34,4,,1,15,,510651,34,4,,1,15,,510664,34,4,,1,15,,510647,34,4,,1,55,,510677,34,4,,1,15,,510681,34,4,,1,30,,510674,34,4,,1,60,,510653,34,4,,1,15,,510665,34,4,,1,15,,510663,34,4,,1,17,,510675,34,4,,1,58,,510656,34,4,,1,15,,510701,34,4,,1,17,,510695,34,4,,1,13,,510662,34,4,,1,55,,510692,34,4,,1,13,,510687,34,4,,1,11,,510657,34,4,,1,17,,510654,34,4,,1,66,,510679,34,4,,1,26,,510660,34,4,,1,70,,510684,34,4,,1,30,,510688,34,4,,1,68,,510700,34,4,,1,30,,510686,34,4,,1,70,,510659,34,4,,1
7401,'8-1',635,,510730,34,4,,1,24,,510719,34,4,,1,59,,510743,34,4,,1,18,,510708,34,4,,1,15,,510710,34,4,,1,53,,510731,34,4,,1,13,,510752,34,4,,1,19,,510736,34,4,,1,16,,510704,34,4,,1,54,,510749,34,4,,1,15,,510726,34,4,,1,17,,510755,34,4,,1,15,,510727,34,4,,1,51,,510740,34,4,,1,15,,510741,34,4,,1,14,,510751,34,4,,1,15,,510757,34,4,,1,55,,510713,34,4,,1,16,,510716,34,4,,1,15,,510725,34,4,,1,15,,510707,34,4,,1,55,,510747,34,4,,1,15,,510729,34,4,,1,15,,510728,34,4,,1,15,,510706,34,4,,1,55,,510761,34,4,,1,15,,510748,34,4,,1,15,,510760,34,4,,1,15,,510756,34,4,,1,55,,510738,34,4,,1,15,,510709,34,4,,1,15,,510722,34,4,,1,15,,510705,34,4,,1,55,,510735,34,4,,1,15,,510739,34,4,,1,30,,510732,34,4,,1,60,,510711,34,4,,1,15,,510723,34,4,,1,15,,510721,34,4,,1,17,,510733,34,4,,1,58,,510714,34,4,,1,15,,510759,34,4,,1,17,,510753,34,4,,1,13,,510720,34,4,,1,55,,510750,34,4,,1,13,,510745,34,4,,1,11,,510715,34,4,,1,17,,510712,34,4,,1,66,,510737,34,4,,1,26,,510718,34,4,,1,70,,510742,34,4,,1,30,,510746,34,4,,1,68,,510758,34,4,,1,30,,510744,34,4,,1,70,,510717,34,4,,1
7401,'9-1',635,,510788,34,4,,1,24,,510777,34,4,,1,59,,510801,34,4,,1,18,,510766,34,4,,1,15,,510768,34,4,,1,53,,510789,34,4,,1,13,,510810,34,4,,1,19,,510794,34,4,,1,16,,510762,34,4,,1,54,,510807,34,4,,1,15,,510784,34,4,,1,17,,510813,34,4,,1,15,,510785,34,4,,1,51,,510798,34,4,,1,15,,510799,34,4,,1,14,,510809,34,4,,1,15,,510815,34,4,,1,55,,510771,34,4,,1,16,,510774,34,4,,1,15,,510783,34,4,,1,15,,510765,34,4,,1,55,,510805,34,4,,1,15,,510787,34,4,,1,15,,510786,34,4,,1,15,,510764,34,4,,1,55,,510819,34,4,,1,15,,510806,34,4,,1,15,,510818,34,4,,1,15,,510814,34,4,,1,55,,510796,34,4,,1,15,,510767,34,4,,1,15,,510780,34,4,,1,15,,510763,34,4,,1,55,,510793,34,4,,1,15,,510797,34,4,,1,30,,510790,34,4,,1,60,,510769,34,4,,1,15,,510781,34,4,,1,15,,510779,34,4,,1,17,,510791,34,4,,1,58,,510772,34,4,,1,15,,510817,34,4,,1,17,,510811,34,4,,1,13,,510778,34,4,,1,55,,510808,34,4,,1,13,,510803,34,4,,1,11,,510773,34,4,,1,17,,510770,34,4,,1,66,,510795,34,4,,1,26,,510776,34,4,,1,70,,510800,34,4,,1,30,,510804,34,4,,1,68,,510816,34,4,,1,30,,510802,34,4,,1,70,,510775,34,4,,1
7500,'1-1',408,,510848,20,0,66 67,1,26,,510889,20,0,66 67,1,70,,510866,20,4,,1,33,,510868,20,4,,1,70,,510905,20,4,,1,12,,510901,20,4,,1,21,,510863,41,4,,1,14,,510904,20,4,,1,56,,510853,41,4,,1,11,,510860,20,4,,1,10,,510838,20,4,,1,10,,510821,41,4,,1,9,,510832,20,4,,1,4,,510845,41,4,,1,52,,510870,20,4,,1,7,,510822,41,4,,1,13,,510884,20,4,,1,13,,510834,41,4,,1,12,,510872,20,4,,1,50,,510842,41,4,,1,18,,510876,41,4,,1,20,,510831,41,4,,1,17,,510869,41,4,,1,52,,510885,41,4,,1,12,,510839,41,4,,1,14,,510898,41,4,,1,15,,510900,41,4,,1,55,,510836,41,4,,1,15,,510892,41,4,,1,15,,510894,41,4,,1,15,,510841,41,4,,1,55,,510865,41,4,,1,15,,510893,41,4,,1,15,,510846,41,4,,1,15,,510875,41,4,,1,55,,510858,41,4,,1,15,,510887,41,4,,1,15,,510899,41,4,,1,15,,510852,20,4,,1,55,,510851,41,4,,1,15,,510861,20,4,,1,15,,510879,41,4,,1,15,,510878,20,4,,1,55,,510883,41,4,,1,15,,510856,20,4,,1,15,,510895,41,4,,1,16,,510827,20,4,,1,60,,510862,41,4,,1,16,,510837,20,4,,1,20,,510849,41,4,,1,12,,510859,20,4,,1,54,,510843,41,4,,1,13,,510874,20,4,,1,15,,510830,41,4,,1,12,,510886,20,4,,1,58,,510835,41,4,,1,12,,510871,20,4,,1,13,,510864,41,4,,1,15,,510820,20,4,,1,55,,510825,41,4,,1,14,,510891,20,4,,1,17,,510877,41,4,,1,15,,510826,20,4,,1,59,,510844,41,4,,1,15,,510881,20,4,,1,16,,510823,41,4,,1,18,,510850,20,4,,1,53,,510855,41,4,,1,14,,510888,20,4,,1,16,,510902,41,4,,1,14,,510880,20,4,,1,54,,510847,41,4,,1,16,,510890,20,4,,1,18,,510882,41,4,,1,15,,510854,20,4,,1,55,,510857,41,4,,1,15,,510873,20,4,,1,14,,510828,41,4,,1,61,,510840,20,4,,1,30,,510903,20,4,,1,70,,510824,20,0,66 67,1,29,,510896,20,0,66 67,1,69,,510833,20,0,66 67,1,29,,510829,20,0,66 67,1,70,,510897,20,0,66 67,1,40,,510867,20,0,66 67,1
7500,'2-1',415,,511043,20,0,66 67,1,30,,510965,20,0,66 67,1,70,,510906,20,0,66 67,1,30,,510959,20,0,66 67,1,70,,511011,20,0,66 67,1,30,,511070,20,0,66 67,1,70,,510910,20,0,66 67,1,20,,510938,20,0,66 67,1,66,,511005,41,4,,1,30,,510933,20,4,,1,7,,511057,20,4,,1,8,,510970,20,4,,1,7,,510957,20,4,,1,48,,510917,41,4,,1,7,,510920,20,4,,1,8,,511058,20,4,,1,7,,511047,20,4,,1,8,,510984,20,4,,1,7,,511064,20,4,,1,8,,511063,20,4,,1,5,,510955,41,4,,1,5,,511006,20,4,,1,45,,511002,20,4,,1,5,,510979,41,4,,1,5,,510954,20,4,,1,5,,511030,20,4,,1,5,,510985,41,4,,1,5,,510913,20,4,,1,5,,510999,20,4,,1,5,,511062,41,4,,1,5,,510931,20,4,,1,6,,510982,20,4,,1,5,,510943,41,4,,1,5,,510964,20,4,,1,45,,510942,20,4,,1,5,,511029,41,4,,1,5,,511035,20,4,,1,5,,511042,20,4,,1,5,,511024,41,4,,1,5,,511048,20,4,,1,5,,510981,20,4,,1,5,,510928,41,4,,1,5,,511051,20,4,,1,5,,510996,20,4,,1,5,,510912,41,4,,1,5,,510918,20,4,,1,45,,511023,20,4,,1,5,,510911,41,4,,1,5,,511066,20,4,,1,5,,511003,20,4,,1,5,,511037,41,4,,1,5,,511082,20,4,,1,5,,511076,20,4,,1,5,,511060,41,4,,1,5,,510926,20,4,,1,6,,511044,20,4,,1,5,,511046,41,4,,1,5,,510966,20,4,,1,45,,511026,20,4,,1,5,,510997,41,4,,1,5,,511025,20,4,,1,5,,510988,20,4,,1,5,,510950,41,4,,1,5,,510937,20,4,,1,5,,510990,20,4,,1,5,,511007,41,4,,1,5,,510958,20,4,,1,5,,511059,20,4,,1,5,,510962,41,4,,1,5,,510961,20,4,,1,45,,510983,20,4,,1,5,,510980,41,4,,1,5,,511015,20,4,,1,5,,511071,20,4,,1,5,,511041,41,4,,1,5,,510929,20,4,,1,5,,510919,20,4,,1,5,,511078,41,4,,1,5,,510967,20,4,,1,5,,510976,20,4,,1,5,,510947,41,4,,1,5,,511020,20,4,,1,45,,510944,20,4,,1,5,,511084,41,4,,1,5,,510977,20,4,,1,5,,511077,20,4,,1,5,,510973,41,4,,1,5,,511000,20,4,,1,5,,510946,20,4,,1,5,,511038,41,4,,1,5,,511053,20,4,,1,5,,511001,20,4,,1,5,,511052,41,4,,1,5,,511083,20,4,,1,45,,510907,20,4,,1,5,,511045,41,4,,1,5,,510930,20,4,,1,5,,511018,20,4,,1,5,,510991,41,4,,1,5,,511004,20,4,,1,5,,510992,20,4,,1,5,,510916,41,4,,1,5,,511074,20,4,,1,5,,510998,20,4,,1,5,,510972,41,4,,1,5,,511036,20,4,,1,45,,510948,20,4,,1,5,,510987,41,4,,1,5,,510956,20,4,,1,5,,511032,20,4,,1,5,,511017,41,4,,1,5,,510949,20,4,,1,5,,510908,20,4,,1,5,,511027,41,4,,1,5,,510940,20,4,,1,5,,510936,20,4,,1,5,,511021,41,4,,1,5,,510989,20,4,,1,45,,511013,20,4,,1,5,,510994,41,4,,1,5,,510963,20,4,,1,5,,511008,20,4,,1,5,,510934,41,4,,1,5,,511061,20,4,,1,5,,510921,20,4,,1,5,,510941,41,4,,1,5,,510952,20,4,,1,5,,510922,20,4,,1,5,,510939,41,4,,1,5,,511069,20,4,,1,45,,511065,20,4,,1,5,,510986,41,4,,1,5,,510969,20,4,,1,5,,511039,20,4,,1,5,,511033,41,4,,1,5,,511010,20,4,,1,5,,511014,20,4,,1,5,,510960,41,4,,1,5,,511049,20,4,,1,5,,510978,20,4,,1,5,,511075,41,4,,1,5,,511034,20,4,,1,45,,510925,20,4,,1,5,,511056,41,4,,1,5,,510975,20,4,,1,5,,511067,20,4,,1,5,,511028,41,4,,1,5,,510993,20,4,,1,5,,510995,20,4,,1,5,,511080,41,4,,1,5,,511072,20,4,,1,5,,510971,20,4,,1,5,,510915,41,4,,1,5,,510923,20,4,,1,45,,510927,20,4,,1,5,,511031,41,4,,1,5,,510909,20,4,,1,5,,511040,20,4,,1,5,,511022,41,4,,1,5,,511079,20,4,,1,5,,510932,20,4,,1,5,,511019,41,4,,1,5,,510974,20,4,,1,60,,511055,41,4,,1,15,,510951,20,4,,1,15,,511068,41,4,,1,14,,511081,20,4,,1,55,,511050,41,4,,1,15,,510924,41,0,66 67,1,30,,511054,41,0,142 67,0,70,,511012,41,0,66 67,1,30,,510945,41,0,66 67,1,70,,511016,41,0,66 67,1,30,,510968,41,0,66 67,1,70,,511009,41,0,142 67,0,15,,511073,20,0,66 67,1,15,,510953,41,0,66 67,1,55,,510914,20,0,66 67,1,15,,510935,41,0,66 67,1
7500,'3-1',408,,511126,20,0,66 67,1,30,,511166,20,0,66 67,1,70,,511138,20,0,66 67,1,30,,511100,20,0,66 67,1,72,,511161,20,4,,1,28,,511159,20,4,,1,20,,511137,20,4,,1,60,,511167,20,4,,1,18,,511145,20,4,,1,18,,511109,20,4,,1,57,,511104,41,4,,1,13,,511092,20,4,,1,15,,511099,20,4,,1,15,,511144,20,4,,1,57,,511096,41,4,,1,14,,511113,20,4,,1,16,,511110,41,4,,1,14,,511093,20,4,,1,58,,511157,41,4,,1,12,,511163,20,4,,1,16,,511118,41,4,,1,15,,511165,20,4,,1,57,,511164,41,4,,1,13,,511121,20,4,,1,17,,511105,41,4,,1,13,,511120,20,4,,1,57,,511088,41,4,,1,13,,511156,20,4,,1,17,,511087,41,4,,1,14,,511135,20,4,,1,57,,511149,41,4,,1,15,,511094,41,4,,1,15,,511136,41,4,,1,15,,511141,41,4,,1,55,,511130,41,4,,1,13,,511151,20,4,,1,17,,511097,41,4,,1,13,,511162,20,4,,1,57,,511148,41,4,,1,13,,511114,20,4,,1,17,,511154,41,4,,1,13,,511124,20,4,,1,57,,511117,41,4,,1,13,,511098,20,4,,1,17,,511107,41,4,,1,15,,511119,41,4,,1,55,,511125,41,4,,1,15,,511102,41,4,,1,15,,511095,41,4,,1,13,,511153,20,4,,1,57,,511128,41,4,,1,10,,511127,20,4,,1,16,,511155,41,4,,1,13,,511090,20,4,,1,57,,511134,41,4,,1,13,,511147,20,4,,1,17,,511101,41,4,,1,13,,511158,20,4,,1,57,,511132,41,4,,1,13,,511112,20,4,,1,17,,511143,41,4,,1,13,,511139,20,4,,1,57,,511085,41,4,,1,12,,511160,20,4,,1,18,,511115,41,4,,1,11,,511142,20,4,,1,57,,511150,41,4,,1,13,,511129,20,4,,1,17,,511091,41,4,,1,13,,511108,20,4,,1,57,,511106,41,4,,1,13,,511146,20,4,,1,17,,511168,41,4,,1,13,,511089,20,4,,1,55,,511133,20,4,,1,15,,511131,20,4,,1,15,,511140,20,4,,1,15,,511116,20,4,,1,66,,511152,20,0,66 67,1,30,,511122,20,0,66 67,1,70,,511103,20,0,66 67,1,30,,511111,20,0,66 67,1,70,,511123,20,0,66 67,1,30,,511086,20,0,66 67,1
7500,'4-1',408,,511174,20,0,66 67,1,30,,511211,20,0,66 67,1,70,,511193,20,0,66 67,1,30,,511237,20,0,66 67,1,72,,511240,20,4,,1,28,,511232,20,4,,1,20,,511180,20,4,,1,60,,511190,20,4,,1,18,,511227,20,4,,1,18,,511202,20,4,,1,57,,511236,41,4,,1,13,,511219,20,4,,1,15,,511204,20,4,,1,15,,511201,20,4,,1,57,,511179,41,4,,1,14,,511207,20,4,,1,16,,511189,41,4,,1,14,,511176,20,4,,1,58,,511182,41,4,,1,12,,511222,20,4,,1,16,,511199,41,4,,1,15,,511212,20,4,,1,57,,511225,41,4,,1,30,,511231,41,4,,1,13,,511223,20,4,,1,57,,511224,41,4,,1,13,,511203,20,4,,1,31,,511247,20,4,,1,57,,511194,41,4,,1,15,,511210,41,4,,1,15,,511221,41,4,,1,15,,511169,41,4,,1,55,,511243,41,4,,1,13,,511230,20,4,,1,17,,511198,41,4,,1,13,,511229,20,4,,1,57,,511177,41,4,,1,13,,511245,20,4,,1,17,,511235,41,4,,1,13,,511215,20,4,,1,57,,511196,41,4,,1,13,,511191,20,4,,1,17,,511218,41,4,,1,15,,511183,41,4,,1,70,,511200,41,4,,1,15,,511175,41,4,,1,13,,511184,20,4,,1,57,,511178,41,4,,1,10,,511239,20,4,,1,16,,511181,41,4,,1,13,,511217,20,4,,1,57,,511195,41,4,,1,13,,511234,20,4,,1,17,,511209,41,4,,1,13,,511220,20,4,,1,57,,511213,41,4,,1,13,,511214,20,4,,1,17,,511171,41,4,,1,13,,511170,20,4,,1,57,,511226,41,4,,1,12,,511242,20,4,,1,29,,511205,20,4,,1,57,,511241,41,4,,1,13,,511206,20,4,,1,17,,511188,41,4,,1,13,,511197,20,4,,1,57,,511228,41,4,,1,30,,511216,41,4,,1,13,,511173,20,4,,1,55,,511187,20,4,,1,15,,511233,20,4,,1,15,,511185,20,4,,1,15,,511238,20,4,,1,66,,511246,20,4,,1,30,,511192,20,4,,1,70,,511186,20,0,66 67,1,30,,511172,20,0,66 67,1,70,,511208,20,0,66 67,1,30,,511244,20,0,66 67,1
7500,'5-1',408,,511276,20,0,66 67,1,26,,511317,20,0,66 67,1,70,,511294,20,4,,1,33,,511296,20,4,,1,70,,511333,20,4,,1,12,,511329,20,4,,1,21,,511291,41,4,,1,14,,511332,20,4,,1,56,,511281,41,4,,1,11,,511288,20,4,,1,10,,511266,20,4,,1,10,,511249,41,4,,1,9,,511260,20,4,,1,4,,511273,41,4,,1,52,,511298,20,4,,1,7,,511250,41,4,,1,13,,511312,20,4,,1,13,,511262,41,4,,1,12,,511300,20,4,,1,50,,511270,41,4,,1,18,,511304,41,4,,1,20,,511259,41,4,,1,17,,511297,41,4,,1,52,,511313,41,4,,1,12,,511267,41,4,,1,14,,511326,41,4,,1,15,,511328,41,4,,1,55,,511264,41,4,,1,15,,511320,41,4,,1,15,,511322,41,4,,1,15,,511269,41,4,,1,55,,511293,41,4,,1,15,,511321,41,4,,1,15,,511274,41,4,,1,15,,511303,41,4,,1,55,,511286,41,4,,1,15,,511315,41,4,,1,15,,511327,41,4,,1,15,,511280,20,4,,1,55,,511279,41,4,,1,15,,511289,20,4,,1,15,,511307,41,4,,1,15,,511306,20,4,,1,55,,511311,41,4,,1,15,,511284,20,4,,1,15,,511323,41,4,,1,16,,511255,20,4,,1,60,,511290,41,4,,1,16,,511265,20,4,,1,20,,511277,41,4,,1,12,,511287,20,4,,1,54,,511271,41,4,,1,13,,511302,20,4,,1,15,,511258,41,4,,1,12,,511314,20,4,,1,58,,511263,41,4,,1,12,,511299,20,4,,1,13,,511292,41,4,,1,15,,511248,20,4,,1,55,,511253,41,4,,1,14,,511319,20,4,,1,17,,511305,41,4,,1,15,,511254,20,4,,1,59,,511272,41,4,,1,15,,511309,20,4,,1,16,,511251,41,4,,1,18,,511278,20,4,,1,53,,511283,41,4,,1,14,,511316,20,4,,1,16,,511330,41,4,,1,14,,511308,20,4,,1,54,,511275,41,4,,1,16,,511318,20,4,,1,18,,511310,41,4,,1,15,,511282,20,4,,1,55,,511285,41,4,,1,15,,511301,20,4,,1,14,,511256,41,4,,1,61,,511268,20,4,,1,30,,511331,20,4,,1,70,,511252,20,0,66 67,1,29,,511324,20,0,66 67,1,69,,511261,20,0,66 67,1,29,,511257,20,0,66 67,1,70,,511325,20,0,66 67,1,40,,511295,20,0,66 67,1
7500,'6-1',414,,511345,20,0,66 67,1,31,,511378,20,0,66 67,1,70,,511348,20,0,66 67,1,30,,511400,20,0,66 67,1,70,,511355,20,0,66 67,1,30,,511362,20,0,66 67,1,70,,511372,20,0,66 67,1,20,,511354,20,0,66 67,1,66,,511339,41,4,,1,30,,511353,20,4,,1,70,,511346,41,4,,1,15,,511365,20,4,,1,15,,511387,20,4,,1,15,,511376,20,4,,1,55,,511382,41,4,,1,15,,511358,20,4,,1,15,,511352,41,4,,1,17,,511390,20,4,,1,55,,511380,41,4,,1,30,,511374,41,4,,1,15,,511370,20,4,,1,55,,511393,41,4,,1,15,,511377,20,4,,1,31,,511337,20,4,,1,55,,511336,41,4,,1,15,,511392,20,4,,1,15,,511385,41,4,,1,15,,511391,20,4,,1,55,,511404,41,4,,1,15,,511375,20,4,,1,15,,511373,41,4,,1,15,,511386,20,4,,1,55,,511361,41,4,,1,15,,511398,20,4,,1,15,,511379,41,4,,1,15,,511364,20,4,,1,55,,511366,41,4,,1,30,,511401,41,4,,1,15,,511389,20,4,,1,55,,511356,41,4,,1,15,,511403,20,4,,1,30,,511335,20,4,,1,55,,511340,41,4,,1,15,,511368,20,4,,1,15,,511363,41,4,,1,15,,511396,20,4,,1,55,,511381,41,4,,1,15,,511399,20,4,,1,30,,511384,20,4,,1,55,,511351,41,4,,1,15,,511349,20,4,,1,15,,511402,20,4,,1,15,,511369,20,4,,1,55,,511394,20,4,,1,15,,511360,20,4,,1,15,,511344,20,4,,1,14,,511371,20,4,,1,55,,511357,20,4,,1,15,,511338,20,4,,1,15,,511395,20,4,,1,14,,511342,20,4,,1,55,,511343,20,4,,1,15,,511367,20,0,66 67,1,30,,511388,20,0,66 67,1,70,,511397,20,0,66 67,1,30,,511341,20,0,66 67,1,70,,511347,20,0,66 67,1,30,,511359,20,0,66 67,1,70,,511350,20,0,66 67,1,30,,511334,20,0,66 67,1,70,,511383,20,0,66 67,1
7500,'7-1',408,,511433,20,0,66 67,1,26,,511474,20,0,66 67,1,70,,511451,20,4,,1,33,,511453,20,4,,1,70,,511490,20,4,,1,12,,511486,20,4,,1,21,,511448,41,4,,1,14,,511489,20,4,,1,56,,511438,41,4,,1,11,,511445,20,4,,1,10,,511423,20,4,,1,10,,511406,41,4,,1,9,,511417,20,4,,1,4,,511430,41,4,,1,52,,511455,20,4,,1,7,,511407,41,4,,1,13,,511469,20,4,,1,13,,511419,41,4,,1,12,,511457,20,4,,1,50,,511427,41,4,,1,18,,511461,41,4,,1,20,,511416,41,4,,1,17,,511454,41,4,,1,52,,511470,41,4,,1,12,,511424,41,4,,1,14,,511483,41,4,,1,15,,511485,41,4,,1,55,,511421,41,4,,1,15,,511477,41,4,,1,15,,511479,41,4,,1,15,,511426,41,4,,1,55,,511450,41,4,,1,15,,511478,41,4,,1,15,,511431,41,4,,1,15,,511460,41,4,,1,55,,511443,41,4,,1,15,,511472,41,4,,1,15,,511484,41,4,,1,15,,511437,20,4,,1,55,,511436,41,4,,1,15,,511446,20,4,,1,15,,511464,41,4,,1,15,,511463,20,4,,1,55,,511468,41,4,,1,15,,511441,20,4,,1,15,,511480,41,4,,1,16,,511412,20,4,,1,60,,511447,41,4,,1,16,,511422,20,4,,1,20,,511434,41,4,,1,12,,511444,20,4,,1,54,,511428,41,4,,1,13,,511459,20,4,,1,15,,511415,41,4,,1,12,,511471,20,4,,1,58,,511420,41,4,,1,12,,511456,20,4,,1,13,,511449,41,4,,1,15,,511405,20,4,,1,55,,511410,41,4,,1,14,,511476,20,4,,1,17,,511462,41,4,,1,15,,511411,20,4,,1,59,,511429,41,4,,1,15,,511466,20,4,,1,16,,511408,41,4,,1,18,,511435,20,4,,1,53,,511440,41,4,,1,14,,511473,20,4,,1,16,,511487,41,4,,1,14,,511465,20,4,,1,54,,511432,41,4,,1,16,,511475,20,4,,1,18,,511467,41,4,,1,15,,511439,20,4,,1,55,,511442,41,4,,1,15,,511458,20,4,,1,14,,511413,41,4,,1,61,,511425,20,4,,1,30,,511488,20,4,,1,70,,511409,20,0,66 67,1,29,,511481,20,0,66 67,1,69,,511418,20,0,66 67,1,29,,511414,20,0,66 67,1,70,,511482,20,0,66 67,1,40,,511452,20,0,66 67,1
7500,'8-1',408,,511519,20,0,66 67,1,26,,511560,20,0,66 67,1,70,,511537,20,4,,1,33,,511539,20,4,,1,70,,511576,20,4,,1,12,,511572,20,4,,1,21,,511534,41,4,,1,14,,511575,20,4,,1,56,,511524,41,4,,1,11,,511531,20,4,,1,10,,511509,20,4,,1,10,,511492,41,4,,1,9,,511503,20,4,,1,4,,511516,41,4,,1,52,,511541,20,4,,1,7,,511493,41,4,,1,13,,511555,20,4,,1,13,,511505,41,4,,1,12,,511543,20,4,,1,50,,511513,41,4,,1,18,,511547,41,4,,1,20,,511502,41,4,,1,17,,511540,41,4,,1,52,,511556,41,4,,1,12,,511510,41,4,,1,14,,511569,41,4,,1,15,,511571,41,4,,1,55,,511507,41,4,,1,15,,511563,41,4,,1,15,,511565,41,4,,1,15,,511512,41,4,,1,55,,511536,41,4,,1,15,,511564,41,4,,1,15,,511517,41,4,,1,15,,511546,41,4,,1,55,,511529,41,4,,1,15,,511558,41,4,,1,15,,511570,41,4,,1,15,,511523,20,4,,1,55,,511522,41,4,,1,15,,511532,20,4,,1,15,,511550,41,4,,1,15,,511549,20,4,,1,55,,511554,41,4,,1,15,,511527,20,4,,1,15,,511566,41,4,,1,16,,511498,20,4,,1,60,,511533,41,4,,1,16,,511508,20,4,,1,20,,511520,41,4,,1,12,,511530,20,4,,1,54,,511514,41,4,,1,13,,511545,20,4,,1,15,,511501,41,4,,1,12,,511557,20,4,,1,58,,511506,41,4,,1,12,,511542,20,4,,1,13,,511535,41,4,,1,15,,511491,20,4,,1,55,,511496,41,4,,1,14,,511562,20,4,,1,17,,511548,41,4,,1,15,,511497,20,4,,1,59,,511515,41,4,,1,15,,511552,20,4,,1,16,,511494,41,4,,1,18,,511521,20,4,,1,53,,511526,41,4,,1,14,,511559,20,4,,1,16,,511573,41,4,,1,14,,511551,20,4,,1,54,,511518,41,4,,1,16,,511561,20,4,,1,18,,511553,41,4,,1,15,,511525,20,4,,1,55,,511528,41,4,,1,15,,511544,20,4,,1,14,,511499,41,4,,1,61,,511511,20,4,,1,30,,511574,20,4,,1,70,,511495,20,0,66 67,1,29,,511567,20,0,66 67,1,69,,511504,20,0,66 67,1,29,,511500,20,0,66 67,1,70,,511568,20,0,66 67,1,40,,511538,20,0,66 67,1
7500,'9-1',408,,511605,20,0,66 67,1,26,,511646,20,0,66 67,1,70,,511623,20,4,,1,33,,511625,20,4,,1,70,,511662,20,4,,1,12,,511658,20,4,,1,21,,511620,41,4,,1,14,,511661,20,4,,1,56,,511610,41,4,,1,11,,511617,20,4,,1,10,,511595,20,4,,1,10,,511578,41,4,,1,9,,511589,20,4,,1,4,,511602,41,4,,1,52,,511627,20,4,,1,7,,511579,41,4,,1,13,,511641,20,4,,1,13,,511591,41,4,,1,12,,511629,20,4,,1,50,,511599,41,4,,1,18,,511633,41,4,,1,20,,511588,41,4,,1,17,,511626,41,4,,1,52,,511642,41,4,,1,12,,511596,41,4,,1,14,,511655,41,4,,1,15,,511657,41,4,,1,55,,511593,41,4,,1,15,,511649,41,4,,1,15,,511651,41,4,,1,15,,511598,41,4,,1,55,,511622,41,4,,1,15,,511650,41,4,,1,15,,511603,41,4,,1,15,,511632,41,4,,1,55,,511615,41,4,,1,15,,511644,41,4,,1,15,,511656,41,4,,1,15,,511609,20,4,,1,55,,511608,41,4,,1,15,,511618,20,4,,1,15,,511636,41,4,,1,15,,511635,20,4,,1,55,,511640,41,4,,1,15,,511613,20,4,,1,15,,511652,41,4,,1,16,,511584,20,4,,1,60,,511619,41,4,,1,16,,511594,20,4,,1,20,,511606,41,4,,1,12,,511616,20,4,,1,54,,511600,41,4,,1,13,,511631,20,4,,1,15,,511587,41,4,,1,12,,511643,20,4,,1,58,,511592,41,4,,1,12,,511628,20,4,,1,13,,511621,41,4,,1,15,,511577,20,4,,1,55,,511582,41,4,,1,14,,511648,20,4,,1,17,,511634,41,4,,1,15,,511583,20,4,,1,59,,511601,41,4,,1,15,,511638,20,4,,1,16,,511580,41,4,,1,18,,511607,20,4,,1,53,,511612,41,4,,1,14,,511645,20,4,,1,16,,511659,41,4,,1,14,,511637,20,4,,1,54,,511604,41,4,,1,16,,511647,20,4,,1,18,,511639,41,4,,1,15,,511611,20,4,,1,55,,511614,41,4,,1,15,,511630,20,4,,1,14,,511585,41,4,,1,61,,511597,20,4,,1,30,,511660,20,4,,1,70,,511581,20,0,66 67,1,29,,511653,20,0,66 67,1,69,,511590,20,0,66 67,1,29,,511586,20,0,66 67,1,70,,511654,20,0,66 67,1,40,,511624,20,0,66 67,1
7501,'1-1',320,,511670,15,0,64 140,1,28,,511715,15,0,64 140,1,72,,511754,15,0,64 140,1,25,,511747,15,,,1,79,,511704,1,,,1,29,,511705,1,,,1,56,,511695,1,0,64 140,1,14,,511749,1,,,1,16,,511687,1,0,64 140,1,14,,511731,1,,,1,52,,511675,1,0,64 140,1,21,,511737,1,,,1,15,,511730,1,0,64 140,1,10,,511686,1,,,1,65,,511671,1,0,64 140,1,10,,511752,1,,,1,15,,511745,1,0,64 140,1,14,,511716,1,,,1,57,,511701,1,,,1,15,,511667,1,,,1,15,,511734,1,,,1,15,,511676,1,,,1,55,,511699,1,,,1,15,,511725,1,,,1,15,,511735,1,,,1,15,,511739,1,,,1,55,,511709,1,,,1,15,,511727,1,,,1,15,,511751,1,,,1,15,,511672,1,,,1,55,,511698,1,0,64 140,1,15,,511742,1,,,1,15,,511681,1,0,64 140,1,15,,511748,1,,,1,55,,511721,1,0,64 140,1,15,,511707,1,,,1,15,,511743,1,0,64 140,1,15,,511703,1,,,1,55,,511669,1,,,1,15,,511736,1,,,1,14,,511683,1,,,1,15,,511710,1,,,1,50,,511677,1,0,64 140,1,10,,511694,1,,,1,8,,511692,1,0,64 140,1,8,,511753,1,,,1,6,,511673,1,0,64 140,1,9,,511740,1,,,1,7,,511718,1,0,64 140,1,48,,511755,1,,,1,6,,511688,1,0,64 140,1,9,,511729,1,,,1,9,,511733,1,,,1,7,,511738,1,0,64 140,1,6,,511706,1,,,1,8,,511750,1,0,64 140,1,7,,511708,1,,,1,48,,511678,1,0,64 140,1,6,,511717,1,,,1,9,,511689,1,0,64 140,1,7,,511728,1,,,1,10,,511680,1,0,64 140,1,4,,511719,1,,,1,9,,511685,1,0,64 140,1,5,,511664,1,,,1,50,,511684,1,,,1,5,,511666,1,0,64 140,1,10,,511696,1,,,1,5,,511690,1,0,64 140,1,10,,511720,1,,,1,15,,511744,1,,,1,56,,511693,1,0,64 140,1,14,,511702,1,,,1,14,,511746,1,0,64 140,1,16,,511724,1,,,1,55,,511674,1,0,64 140,1,16,,511732,1,,,1,14,,511713,1,0,64 140,1,16,,511711,1,,,1,54,,511697,1,0,64 140,1,16,,511691,1,,,1,14,,511723,1,0,64 140,1,16,,511700,1,,,1,73,,511726,1,,,1,31,,511665,1,,,1,65,,511668,1,0,64 140,1,30,,511714,1,0,64 140,1,72,,511679,1,0,64 140,1,35,,511722,1,0,64 140,1,67,,511712,1,0,64 140,1,30,,511741,15,0,64 140,1,68,,511663,15,0,64 140,1,30,,511682,15,0,64 140,1
7501,'2-1',328,,511845,15,0,64 140,1,30,,511904,15,0,64 140,1,70,,511835,15,0,64 140,1,31,,511849,15,0,64 140,1,69,,511924,15,0,64 140,1,30,,511867,15,0,64 140,1,65,,511862,15,,,1,35,,511772,15,0,64 140,1,70,,511878,15,,,1,7,,511857,1,0,64 140,1,8,,511930,1,0,64 140,1,7,,511792,1,0,64 140,1,8,,511873,15,,,1,47,,511859,1,0,64 140,1,8,,511815,15,0,64 140,1,7,,511807,1,0,64 140,1,8,,511846,1,,,1,7,,511799,1,0,64 140,1,8,,511910,1,0,64 140,1,7,,511874,1,0,64 140,1,8,,511834,1,,,1,45,,511852,1,0,64 140,1,5,,511827,1,0,64 140,1,5,,511809,1,,,1,5,,511934,1,0,64 140,1,5,,511901,1,0,64 140,1,5,,511902,1,,,1,5,,511800,1,0,64 140,1,5,,511880,1,0,64 140,1,5,,511806,1,,,1,5,,511813,1,0,64 140,1,5,,511759,1,0,64 140,1,5,,511782,1,,,1,45,,511820,1,0,64 140,1,5,,511922,1,0,64 140,1,5,,511899,1,,,1,5,,511789,1,0,64 140,1,5,,511882,1,0,64 140,1,5,,511858,1,,,1,5,,511935,1,0,64 140,1,5,,511891,1,0,64 140,1,5,,511828,1,,,1,5,,511770,1,0,64 140,1,5,,511879,1,0,64 140,1,5,,511777,1,,,1,45,,511896,1,0,64 140,1,5,,511796,1,0,64 140,1,5,,511794,1,,,1,5,,511883,1,0,64 140,1,5,,511763,1,0,64 140,1,5,,511920,1,,,1,5,,511769,1,0,64 140,1,5,,511905,1,0,64 140,1,5,,511871,1,,,1,5,,511805,1,0,64 140,1,5,,511850,1,0,64 140,1,5,,511837,1,,,1,45,,511890,1,0,64 140,1,5,,511839,1,0,64 140,1,5,,511887,1,,,1,5,,511811,1,0,64 140,1,5,,511822,1,0,64 140,1,5,,511872,1,,,1,5,,511786,1,0,64 140,1,5,,511829,1,0,64 140,1,5,,511836,1,,,1,5,,511774,1,0,64 140,1,5,,511913,1,0,64 140,1,5,,511893,1,,,1,45,,511819,1,0,64 140,1,5,,511848,1,0,64 140,1,5,,511797,1,,,1,5,,511847,1,0,64 140,1,5,,511923,1,0,64 140,1,5,,511868,1,,,1,5,,511788,1,0,64 140,1,5,,511886,1,0,64 140,1,5,,511803,1,,,1,5,,511914,1,0,64 140,1,5,,511842,1,0,64 140,1,5,,511931,1,,,1,45,,511870,1,0,64 140,1,5,,511892,1,0,64 140,1,5,,511911,1,,,1,5,,511818,1,0,64 140,1,5,,511801,1,0,64 140,1,5,,511838,1,,,1,5,,511767,1,0,64 140,1,5,,511783,1,0,64 140,1,5,,511881,1,,,1,5,,511888,1,0,64 140,1,5,,511795,1,0,64 140,1,5,,511885,1,,,1,45,,511894,1,0,64 140,1,5,,511798,1,0,64 140,1,5,,511841,1,,,1,5,,511816,1,0,64 140,1,5,,511907,1,0,64 140,1,5,,511917,1,,,1,5,,511825,1,0,64 140,1,5,,511928,1,0,64 140,1,5,,511906,1,,,1,5,,511773,1,0,64 140,1,5,,511760,1,0,64 140,1,5,,511927,1,,,1,45,,511919,1,0,64 140,1,5,,511897,1,0,64 140,1,5,,511817,1,,,1,5,,511821,1,0,64 140,1,5,,511840,1,0,64 140,1,5,,511808,1,,,1,5,,511768,1,0,64 140,1,5,,511929,1,0,64 140,1,5,,511830,1,,,1,5,,511758,1,0,64 140,1,5,,511895,1,0,64 140,1,5,,511853,1,,,1,45,,511903,1,0,64 140,1,5,,511908,1,0,64 140,1,5,,511918,1,,,1,5,,511933,1,0,64 140,1,5,,511804,1,0,64 140,1,5,,511912,1,,,1,5,,511793,1,0,64 140,1,5,,511762,1,0,64 140,1,5,,511864,1,,,1,5,,511832,1,0,64 140,1,5,,511909,1,0,64 140,1,5,,511778,1,,,1,45,,511787,1,0,64 140,1,5,,511779,1,0,64 140,1,5,,511810,1,,,1,5,,511866,1,0,64 140,1,5,,511790,1,0,64 140,1,5,,511869,1,,,1,5,,511823,1,0,64 140,1,5,,511863,1,0,64 140,1,5,,511854,1,,,1,5,,511884,1,0,64 140,1,5,,511833,1,0,64 140,1,5,,511791,1,,,1,45,,511860,1,0,64 140,1,5,,511757,1,0,64 140,1,5,,511776,1,,,1,5,,511936,1,0,64 140,1,5,,511875,1,0,64 140,1,5,,511781,1,,,1,5,,511761,1,0,64 140,1,5,,511775,1,0,64 140,1,5,,511921,1,,,1,5,,511802,1,0,64 140,1,5,,511851,1,0,64 140,1,5,,511826,1,,,1,45,,511932,1,0,64 140,1,5,,511785,1,0,64 140,1,5,,511916,1,,,1,5,,511814,1,0,64 140,1,5,,511844,1,0,64 140,1,5,,511900,1,,,1,5,,511831,1,0,64 140,1,5,,511861,1,0,64 140,1,5,,511771,1,,,1,5,,511898,1,0,64 140,1,5,,511764,1,0,64 140,1,5,,511865,1,,,1,56,,511877,1,0,64 140,1,15,,511926,7,,,0,15,,511780,7,,,1,15,,511784,7,,,1,70,,511855,7,,,1,30,,511856,7,,,1,70,,511843,7,,,1,30,,511756,15,0,142 108,0,70,,511766,15,,,1,30,,511876,15,,,1,70,,511765,15,,,1,30,,511925,15,,,1,55,,511824,15,0,64 140,1,15,,511915,15,0,64 140,1,15,,511812,15,0,64 140,1,15,,511889,15,0,64 140,1
7501,'3-1',325,,512013,15,0,64 140,1,30,,511983,15,0,64 140,1,70,,511954,15,0,64 140,1,30,,511991,15,0,64 140,1,70,,511977,15,0,64 140,1,30,,511979,15,,,1,60,,511984,1,0,64 140,1,15,,511992,1,0,64 140,1,15,,512005,1,,,1,55,,511981,1,0,64 140,1,15,,512004,1,0,64 140,1,15,,511946,1,,,1,15,,512002,1,0,64 140,1,55,,511974,1,,,1,15,,511966,1,0,64 140,1,15,,511989,1,,,1,15,,512008,1,0,64 140,1,55,,511944,1,,,1,15,,511961,1,0,64 140,1,15,,511996,1,,,1,15,,512019,1,0,64 140,1,55,,511948,1,,,1,15,,511940,1,0,64 140,1,15,,511945,1,,,1,15,,512018,1,0,64 140,1,55,,512011,1,,,1,15,,511949,1,0,64 140,1,15,,511980,1,,,1,15,,512016,1,,,1,55,,511994,1,,,1,15,,511941,1,,,1,15,,512000,1,,,1,15,,511969,1,0,64 140,1,55,,511962,1,,,1,15,,511982,1,0,64 140,1,15,,511956,1,,,1,15,,511939,1,0,64 140,1,55,,511959,1,,,1,15,,511995,1,0,64 140,1,15,,512012,1,,,1,15,,511950,1,,,1,55,,512015,1,,,1,15,,511943,1,,,1,15,,512010,1,,,1,15,,511967,1,0,64 140,1,55,,512017,1,,,1,15,,511998,1,0,64 140,1,15,,511993,1,,,1,15,,512014,1,0,64 140,1,55,,511972,1,,,1,15,,511988,1,0,64 140,1,15,,511986,1,,,1,15,,511999,1,0,64 140,1,55,,511985,1,,,1,15,,511975,1,0,64 140,1,15,,511968,1,,,1,15,,511964,1,0,64 140,1,55,,511957,1,,,1,15,,511971,1,0,64 140,1,15,,511947,1,,,1,15,,511952,1,0,64 140,1,55,,511937,1,,,1,15,,511997,1,0,64 140,1,15,,512007,1,,,1,15,,511973,1,0,64 140,1,55,,511958,1,,,1,15,,511960,1,0,64 140,1,15,,511963,1,,,1,15,,511953,1,0,64 140,1,55,,511976,1,0,64 140,1,15,,511970,1,0,64 140,1,15,,511987,1,0,64 140,1,15,,511965,1,0,64 140,1,55,,512009,1,0,64 140,1,15,,511990,1,0,64 140,1,15,,511955,1,0,64 140,1,23,,512001,1,0,64 140,1,70,,512006,1,0,64 140,1,30,,511951,1,0,64 140,1,70,,511942,1,0,64 140,1,30,,511978,15,0,64 140,1,70,,511938,15,0,64 140,1,34,,512003,15,0,64 140,1
7501,'4-1',325,,512046,15,0,64 140,1,30,,512093,15,0,64 140,1,70,,512067,15,0,64 140,1,30,,512031,15,0,64 140,1,70,,512077,15,0,64 140,1,30,,512030,15,,,1,60,,512074,1,0,64 140,1,15,,512028,1,0,64 140,1,15,,512086,1,,,1,55,,512083,1,0,64 140,1,15,,512045,1,0,64 140,1,15,,512038,1,,,1,15,,512087,1,0,64 140,1,55,,512027,1,,,1,15,,512060,1,0,64 140,1,15,,512042,1,,,1,15,,512097,1,0,64 140,1,55,,512058,1,,,1,15,,512054,1,0,64 140,1,15,,512061,1,,,1,70,,512029,1,,,1,15,,512050,1,0,64 140,1,15,,512047,1,,,1,15,,512037,1,0,64 140,1,55,,512033,1,,,1,15,,512048,1,0,64 140,1,15,,512034,1,,,1,15,,512056,1,,,1,55,,512092,1,,,1,15,,512095,1,,,1,15,,512026,1,,,1,15,,512032,1,0,64 140,1,55,,512059,1,,,1,15,,512035,1,0,64 140,1,15,,512090,1,,,1,15,,512039,1,0,64 140,1,55,,512088,1,,,1,15,,512082,1,0,64 140,1,15,,512052,1,,,1,15,,512096,1,,,1,70,,512036,1,,,1,15,,512040,1,,,1,15,,512068,1,0,64 140,1,55,,512041,1,,,1,15,,512044,1,0,64 140,1,15,,512023,1,,,1,15,,512043,1,0,64 140,1,55,,512070,1,,,1,15,,512091,1,0,64 140,1,30,,512021,1,0,64 140,1,55,,512080,1,,,1,15,,512049,1,0,64 140,1,15,,512084,1,,,1,15,,512076,1,0,64 140,1,55,,512072,1,,,1,15,,512094,1,0,64 140,1,30,,512073,1,0,64 140,1,55,,512064,1,,,1,15,,512065,1,0,64 140,1,15,,512024,1,,,1,15,,512020,1,0,64 140,1,55,,512055,1,,,1,15,,512069,1,0,64 140,1,15,,512025,1,,,1,70,,512053,1,0,64 140,1,15,,512063,1,0,64 140,1,15,,512062,1,0,64 140,1,15,,512089,1,0,64 140,1,55,,512085,1,0,64 140,1,15,,512057,1,0,64 140,1,15,,512051,1,0,64 140,1,23,,512081,1,0,64 140,1,70,,512022,1,0,64 140,1,30,,512079,1,0,64 140,1,70,,512078,1,0,64 140,1,30,,512071,1,0,64 140,1,70,,512066,1,0,64 140,1,34,,512075,15,0,64 140,1
7501,'5-1',320,,512105,15,0,64 140,1,28,,512150,15,0,64 140,1,72,,512189,15,0,64 140,1,25,,512182,15,,,1,79,,512139,1,,,1,29,,512140,1,,,1,56,,512130,1,0,64 140,1,14,,512184,1,,,1,16,,512122,1,0,64 140,1,14,,512166,1,,,1,52,,512110,1,0,64 140,1,21,,512172,1,,,1,15,,512165,1,0,64 140,1,10,,512121,1,,,1,65,,512106,1,0,64 140,1,10,,512187,1,,,1,15,,512180,1,0,64 140,1,14,,512151,1,,,1,57,,512136,1,,,1,15,,512102,1,,,1,15,,512169,1,,,1,15,,512111,1,,,1,55,,512134,1,,,1,15,,512160,1,,,1,15,,512170,1,,,1,15,,512174,1,,,1,55,,512144,1,,,1,15,,512162,1,,,1,15,,512186,1,,,1,15,,512107,1,,,1,55,,512133,1,0,64 140,1,15,,512177,1,,,1,15,,512116,1,0,64 140,1,15,,512183,1,,,1,55,,512156,1,0,64 140,1,15,,512142,1,,,1,15,,512178,1,0,64 140,1,15,,512138,1,,,1,55,,512104,1,,,1,15,,512171,1,,,1,14,,512118,1,,,1,15,,512145,1,,,1,50,,512112,1,0,64 140,1,10,,512129,1,,,1,8,,512127,1,0,64 140,1,8,,512188,1,,,1,6,,512108,1,0,64 140,1,9,,512175,1,,,1,7,,512153,1,0,64 140,1,48,,512190,1,,,1,6,,512123,1,0,64 140,1,9,,512164,1,,,1,9,,512168,1,,,1,7,,512173,1,0,64 140,1,6,,512141,1,,,1,8,,512185,1,0,64 140,1,7,,512143,1,,,1,48,,512113,1,0,64 140,1,6,,512152,1,,,1,9,,512124,1,0,64 140,1,7,,512163,1,,,1,10,,512115,1,0,64 140,1,4,,512154,1,,,1,9,,512120,1,0,64 140,1,5,,512099,1,,,1,50,,512119,1,,,1,5,,512101,1,0,64 140,1,10,,512131,1,,,1,5,,512125,1,0,64 140,1,10,,512155,1,,,1,15,,512179,1,,,1,56,,512128,1,0,64 140,1,14,,512137,1,,,1,14,,512181,1,0,64 140,1,16,,512159,1,,,1,55,,512109,1,0,64 140,1,16,,512167,1,,,1,14,,512148,1,0,64 140,1,16,,512146,1,,,1,54,,512132,1,0,64 140,1,16,,512126,1,,,1,14,,512158,1,0,64 140,1,16,,512135,1,,,1,73,,512161,1,,,1,31,,512100,1,,,1,65,,512103,1,0,64 140,1,30,,512149,1,0,64 140,1,72,,512114,1,0,64 140,1,35,,512157,1,0,64 140,1,67,,512147,1,0,64 140,1,30,,512176,15,0,64 140,1,68,,512098,15,0,64 140,1,30,,512117,15,0,64 140,1
7501,'6-1',328,,512212,15,0,64 140,1,30,,512235,15,0,64 140,1,70,,512254,15,0,64 140,1,30,,512259,15,0,64 140,1,70,,512249,15,0,64 140,1,30,,512197,15,0,64 140,1,65,,512204,15,,,1,35,,512220,15,0,64 140,1,70,,512226,15,,,1,30,,512208,15,0,64 140,1,55,,512199,15,0,64 140,1,15,,512240,1,,,1,15,,512225,1,0,64 140,1,15,,512194,1,,,1,55,,512261,1,0,64 140,1,15,,512201,1,,,1,15,,512252,1,0,64 140,1,70,,512257,1,0,64 140,1,15,,512237,1,,,1,15,,512256,1,0,64 140,1,15,,512205,1,,,1,55,,512228,1,0,64 140,1,30,,512193,1,0,64 140,1,15,,512206,1,,,1,55,,512241,1,0,64 140,1,15,,512215,1,,,1,15,,512211,1,0,64 140,1,15,,512221,1,,,1,55,,512232,1,0,64 140,1,15,,512214,1,,,1,15,,512200,1,0,64 140,1,15,,512191,1,,,1,55,,512238,1,0,64 140,1,15,,512222,1,,,1,30,,512216,1,,,1,55,,512195,1,0,64 140,1,15,,512227,1,,,1,15,,512229,1,0,64 140,1,15,,512260,1,,,1,55,,512242,1,0,64 140,1,15,,512209,1,,,1,15,,512202,1,0,64 140,1,15,,512245,1,,,1,55,,512239,1,0,64 140,1,15,,512246,1,,,1,30,,512236,1,,,1,55,,512248,1,0,64 140,1,15,,512217,1,,,1,15,,512251,1,0,64 140,1,15,,512244,1,0,64 140,1,55,,512255,1,0,64 140,1,16,,512247,1,0,64 140,1,15,,512233,1,0,64 140,1,15,,512219,1,0,64 140,1,55,,512231,1,0,64 140,1,15,,512234,1,0,64 140,1,15,,512253,1,0,64 140,1,15,,512198,1,0,64 140,1,55,,512203,1,0,64 140,1,15,,512207,1,0,64 140,1,15,,512258,1,0,64 140,1,60,,512196,1,0,64 140,1,25,,512250,1,0,64 140,1,30,,512192,1,0,64 140,1,70,,512210,1,0,64 140,1,30,,512230,15,0,64 140,1,70,,512262,15,0,64 140,1,30,,512223,15,0,64 140,1,70,,512218,15,0,64 140,1,30,,512243,15,0,64 140,1,70,,512224,15,0,64 140,1,30,,512213,15,0,64 140,1
7501,'7-1',320,,512270,15,0,64 140,1,28,,512315,15,0,64 140,1,72,,512354,15,0,64 140,1,25,,512347,15,,,1,79,,512304,1,,,1,29,,512305,1,,,1,56,,512295,1,0,64 140,1,14,,512349,1,,,1,16,,512287,1,0,64 140,1,14,,512331,1,,,1,52,,512275,1,0,64 140,1,21,,512337,1,,,1,15,,512330,1,0,64 140,1,10,,512286,1,,,1,65,,512271,1,0,64 140,1,10,,512352,1,,,1,15,,512345,1,0,64 140,1,14,,512316,1,,,1,57,,512301,1,,,1,15,,512267,1,,,1,15,,512334,1,,,1,15,,512276,1,,,1,55,,512299,1,,,1,15,,512325,1,,,1,15,,512335,1,,,1,15,,512339,1,,,1,55,,512309,1,,,1,15,,512327,1,,,1,15,,512351,1,,,1,15,,512272,1,,,1,55,,512298,1,0,64 140,1,15,,512342,1,,,1,15,,512281,1,0,64 140,1,15,,512348,1,,,1,55,,512321,1,0,64 140,1,15,,512307,1,,,1,15,,512343,1,0,64 140,1,15,,512303,1,,,1,55,,512269,1,,,1,15,,512336,1,,,1,14,,512283,1,,,1,15,,512310,1,,,1,50,,512277,1,0,64 140,1,10,,512294,1,,,1,8,,512292,1,0,64 140,1,8,,512353,1,,,1,6,,512273,1,0,64 140,1,9,,512340,1,,,1,7,,512318,1,0,64 140,1,48,,512355,1,,,1,6,,512288,1,0,64 140,1,9,,512329,1,,,1,9,,512333,1,,,1,7,,512338,1,0,64 140,1,6,,512306,1,,,1,8,,512350,1,0,64 140,1,7,,512308,1,,,1,48,,512278,1,0,64 140,1,6,,512317,1,,,1,9,,512289,1,0,64 140,1,7,,512328,1,,,1,10,,512280,1,0,64 140,1,4,,512319,1,,,1,9,,512285,1,0,64 140,1,5,,512264,1,,,1,50,,512284,1,,,1,5,,512266,1,0,64 140,1,10,,512296,1,,,1,5,,512290,1,0,64 140,1,10,,512320,1,,,1,15,,512344,1,,,1,56,,512293,1,0,64 140,1,14,,512302,1,,,1,14,,512346,1,0,64 140,1,16,,512324,1,,,1,55,,512274,1,0,64 140,1,16,,512332,1,,,1,14,,512313,1,0,64 140,1,16,,512311,1,,,1,54,,512297,1,0,64 140,1,16,,512291,1,,,1,14,,512323,1,0,64 140,1,16,,512300,1,,,1,73,,512326,1,,,1,31,,512265,1,,,1,65,,512268,1,0,64 140,1,30,,512314,1,0,64 140,1,72,,512279,1,0,64 140,1,35,,512322,1,0,64 140,1,67,,512312,1,0,64 140,1,30,,512341,15,0,64 140,1,68,,512263,15,0,64 140,1,30,,512282,15,0,64 140,1
7501,'8-1',320,,512363,15,0,64 140,1,28,,512408,15,0,64 140,1,72,,512447,15,0,64 140,1,25,,512440,15,,,1,79,,512397,1,,,1,29,,512398,1,,,1,56,,512388,1,0,64 140,1,14,,512442,1,,,1,16,,512380,1,0,64 140,1,14,,512424,1,,,1,52,,512368,1,0,64 140,1,21,,512430,1,,,1,15,,512423,1,0,64 140,1,10,,512379,1,,,1,65,,512364,1,0,64 140,1,10,,512445,1,,,1,15,,512438,1,0,64 140,1,14,,512409,1,,,1,57,,512394,1,,,1,15,,512360,1,,,1,15,,512427,1,,,1,15,,512369,1,,,1,55,,512392,1,,,1,15,,512418,1,,,1,15,,512428,1,,,1,15,,512432,1,,,1,55,,512402,1,,,1,15,,512420,1,,,1,15,,512444,1,,,1,15,,512365,1,,,1,55,,512391,1,0,64 140,1,15,,512435,1,,,1,15,,512374,1,0,64 140,1,15,,512441,1,,,1,55,,512414,1,0,64 140,1,15,,512400,1,,,1,15,,512436,1,0,64 140,1,15,,512396,1,,,1,55,,512362,1,,,1,15,,512429,1,,,1,14,,512376,1,,,1,15,,512403,1,,,1,50,,512370,1,0,64 140,1,10,,512387,1,,,1,8,,512385,1,0,64 140,1,8,,512446,1,,,1,6,,512366,1,0,64 140,1,9,,512433,1,,,1,7,,512411,1,0,64 140,1,48,,512448,1,,,1,6,,512381,1,0,64 140,1,9,,512422,1,,,1,9,,512426,1,,,1,7,,512431,1,0,64 140,1,6,,512399,1,,,1,8,,512443,1,0,64 140,1,7,,512401,1,,,1,48,,512371,1,0,64 140,1,6,,512410,1,,,1,9,,512382,1,0,64 140,1,7,,512421,1,,,1,10,,512373,1,0,64 140,1,4,,512412,1,,,1,9,,512378,1,0,64 140,1,5,,512357,1,,,1,50,,512377,1,,,1,5,,512359,1,0,64 140,1,10,,512389,1,,,1,5,,512383,1,0,64 140,1,10,,512413,1,,,1,15,,512437,1,,,1,56,,512386,1,0,64 140,1,14,,512395,1,,,1,14,,512439,1,0,64 140,1,16,,512417,1,,,1,55,,512367,1,0,64 140,1,16,,512425,1,,,1,14,,512406,1,0,64 140,1,16,,512404,1,,,1,54,,512390,1,0,64 140,1,16,,512384,1,,,1,14,,512416,1,0,64 140,1,16,,512393,1,,,1,73,,512419,1,,,1,31,,512358,1,,,1,65,,512361,1,0,64 140,1,30,,512407,1,0,64 140,1,72,,512372,1,0,64 140,1,35,,512415,1,0,64 140,1,67,,512405,1,0,64 140,1,30,,512434,15,0,64 140,1,68,,512356,15,0,64 140,1,30,,512375,15,0,64 140,1
7501,'9-1',320,,512456,15,0,64 140,1,28,,512501,15,0,64 140,1,72,,512540,15,0,64 140,1,25,,512533,15,,,1,79,,512490,1,,,1,29,,512491,1,,,1,56,,512481,1,0,64 140,1,14,,512535,1,,,1,16,,512473,1,0,64 140,1,14,,512517,1,,,1,52,,512461,1,0,64 140,1,21,,512523,1,,,1,15,,512516,1,0,64 140,1,10,,512472,1,,,1,65,,512457,1,0,64 140,1,10,,512538,1,,,1,15,,512531,1,0,64 140,1,14,,512502,1,,,1,57,,512487,1,,,1,15,,512453,1,,,1,15,,512520,1,,,1,15,,512462,1,,,1,55,,512485,1,,,1,15,,512511,1,,,1,15,,512521,1,,,1,15,,512525,1,,,1,55,,512495,1,,,1,15,,512513,1,,,1,15,,512537,1,,,1,15,,512458,1,,,1,55,,512484,1,0,64 140,1,15,,512528,1,,,1,15,,512467,1,0,64 140,1,15,,512534,1,,,1,55,,512507,1,0,64 140,1,15,,512493,1,,,1,15,,512529,1,0,64 140,1,15,,512489,1,,,1,55,,512455,1,,,1,15,,512522,1,,,1,14,,512469,1,,,1,15,,512496,1,,,1,50,,512463,1,0,64 140,1,10,,512480,1,,,1,8,,512478,1,0,64 140,1,8,,512539,1,,,1,6,,512459,1,0,64 140,1,9,,512526,1,,,1,7,,512504,1,0,64 140,1,48,,512541,1,,,1,6,,512474,1,0,64 140,1,9,,512515,1,,,1,9,,512519,1,,,1,7,,512524,1,0,64 140,1,6,,512492,1,,,1,8,,512536,1,0,64 140,1,7,,512494,1,,,1,48,,512464,1,0,64 140,1,6,,512503,1,,,1,9,,512475,1,0,64 140,1,7,,512514,1,,,1,10,,512466,1,0,64 140,1,4,,512505,1,,,1,9,,512471,1,0,64 140,1,5,,512450,1,,,1,50,,512470,1,,,1,5,,512452,1,0,64 140,1,10,,512482,1,,,1,5,,512476,1,0,64 140,1,10,,512506,1,,,1,15,,512530,1,,,1,56,,512479,1,0,64 140,1,14,,512488,1,,,1,14,,512532,1,0,64 140,1,16,,512510,1,,,1,55,,512460,1,0,64 140,1,16,,512518,1,,,1,14,,512499,1,0,64 140,1,16,,512497,1,,,1,54,,512483,1,0,64 140,1,16,,512477,1,,,1,14,,512509,1,0,64 140,1,16,,512486,1,,,1,73,,512512,1,,,1,31,,512451,1,,,1,65,,512454,1,0,64 140,1,30,,512500,1,0,64 140,1,72,,512465,1,0,64 140,1,35,,512508,1,0,64 140,1,67,,512498,1,0,64 140,1,30,,512527,15,0,64 140,1,68,,512449,15,0,64 140,1,30,,512468,15,0,64 140,1
8000,'1-1',444,,512577,1,0,139,1,70,,512549,1,0,139,1,30,,512566,1,,,1,15,,512542,1,0,19 20,1,55,,512544,1,,,1,15,,512545,1,0,19 20,1,15,,512547,1,,,1,15,,512594,1,0,19 20,1,55,,512543,1,,,1,13,,512597,1,0,19 20,1,17,,512590,1,,,1,57,,512559,1,0,19 20,1,14,,512555,1,,,1,14,,512567,1,0,19 20,1,16,,512591,1,,,1,56,,512561,1,0,19 20,1,16,,512572,1,,,1,16,,512602,1,0,19 20,1,15,,512605,1,,,1,54,,512553,1,0,19 20,1,14,,512571,1,,,1,14,,512593,1,0,19 20,1,14,,512582,1,,,1,15,,512586,1,0,19 20,1,55,,512581,1,,,1,15,,512600,1,0,19 20,1,15,,512560,1,,,1,15,,512551,1,0,19 20,1,56,,512601,1,,,1,16,,512569,1,0,19 20,1,15,,512570,1,,,1,54,,512604,1,0,19 20,1,14,,512568,1,,,1,15,,512574,1,0,19 20,1,15,,512584,1,,,1,15,,512550,1,0,19 20,1,55,,512575,1,,,1,13,,512596,1,0,19 20,1,17,,512583,1,,,1,56,,512552,1,0,19 20,1,15,,512576,1,,,1,16,,512603,1,0,19 20,1,17,,512588,1,,,1,54,,512595,1,0,19 20,1,12,,512565,1,,,1,15,,512589,1,0,19 20,1,16,,512606,1,,,1,56,,512579,1,0,19 20,1,15,,512587,1,,,1,17,,512564,1,0,19 20,1,14,,512563,1,,,1,56,,512562,1,0,19 20,1,16,,512580,1,,,1,16,,512607,1,0,19 20,1,15,,512578,1,,,1,70,,512558,1,,,1,30,,512546,1,,,1,70,,512585,1,,,1,30,,512556,1,,,1,70,,512554,1,,,1,30,,512599,1,,,1,70,,512557,1,,,1,30,,512598,1,,,1,70,,512592,1,,,1,29,,512548,1,,,1,70,,512573,1,,,1
8000,'2-1',710,,512630,1,,,1,100,,512613,1,,,1,100,,512615,1,,,1,100,,512631,1,,,1,30,,512618,1,,,1,70,,512627,1,,,1,30,,512609,1,,,1,70,,512621,1,,,1,30,,512614,1,,,1,70,,512616,1,,,1,30,,512626,1,,,1,70,,512625,1,,,1,30,,512619,1,,,1,70,,512612,1,,,1,30,,512624,1,,,1,70,,512622,1,,,1,30,,512623,1,,,1,105,,512629,1,,,1,100,,512632,1,,,1,100,,512617,1,,,1,100,,512620,1,,,1,100,,512610,1,,,1,100,,512611,1,,,1,100,,512628,1,,,1,100,,512608,1,,,1
8000,'3-1',602,,512644,1,,,1,100,,512660,1,,,1,35,,512648,1,,,1,70,,512668,1,,,1,30,,512636,1,,,1,70,,512641,1,,,1,30,,512666,1,,,1,70,,512640,1,,,1,30,,512643,1,,,1,70,,512647,1,,,1,30,,512638,1,,,1,70,,512649,1,,,1,30,,512637,1,,,1,70,,512635,1,,,1,30,,512665,1,,,1,70,,512634,1,,,1,30,,512661,1,,,1,70,,512654,1,,,1,30,,512655,1,,,1,70,,512659,1,,,1,30,,512656,1,,,1,70,,512653,1,,,1,30,,512645,1,,,1,70,,512651,1,,,1,30,,512642,1,,,1,68,,512639,1,,,1,32,,512652,1,,,1,70,,512664,1,,,1,25,,512667,1,,,1,70,,512646,1,,,1,30,,512657,1,,,1,70,,512663,1,,,1,30,,512650,1,,,1,70,,512658,1,,,1,30,,512662,1,,,1,70,,512633,1,,,1
8000,'4-1',602,,512697,1,,,1,100,,512694,1,,,1,105,,512670,1,,,1,30,,512682,1,,,1,70,,512692,1,,,1,30,,512684,1,,,1,70,,512675,1,,,1,100,,512680,1,,,1,30,,512690,1,,,1,100,,512669,1,,,1,70,,512689,1,,,1,30,,512681,1,,,1,70,,512687,1,,,1,30,,512686,1,,,1,100,,512695,1,,,1,70,,512691,1,,,1,30,,512685,1,,,1,70,,512683,1,,,1,30,,512688,1,,,1,70,,512693,1,,,1,30,,512672,1,,,1,68,,512679,1,,,1,102,,512671,1,,,1,25,,512678,1,,,1,70,,512696,1,,,1,30,,512674,1,,,1,100,,512677,1,,,1,100,,512676,1,,,1,70,,512673,1,,,1
8000,'5-1',444,,512733,1,0,139,1,70,,512705,1,0,139,1,30,,512722,1,,,1,15,,512698,1,0,19 20,1,55,,512700,1,,,1,15,,512701,1,0,19 20,1,15,,512703,1,,,1,15,,512750,1,0,19 20,1,55,,512699,1,,,1,13,,512753,1,0,19 20,1,17,,512746,1,,,1,57,,512715,1,0,19 20,1,14,,512711,1,,,1,14,,512723,1,0,19 20,1,16,,512747,1,,,1,56,,512717,1,0,19 20,1,16,,512728,1,,,1,16,,512758,1,0,19 20,1,15,,512761,1,,,1,54,,512709,1,0,19 20,1,14,,512727,1,,,1,14,,512749,1,0,19 20,1,14,,512738,1,,,1,15,,512742,1,0,19 20,1,55,,512737,1,,,1,15,,512756,1,0,19 20,1,15,,512716,1,,,1,15,,512707,1,0,19 20,1,56,,512757,1,,,1,16,,512725,1,0,19 20,1,15,,512726,1,,,1,54,,512760,1,0,19 20,1,14,,512724,1,,,1,15,,512730,1,0,19 20,1,15,,512740,1,,,1,15,,512706,1,0,19 20,1,55,,512731,1,,,1,13,,512752,1,0,19 20,1,17,,512739,1,,,1,56,,512708,1,0,19 20,1,15,,512732,1,,,1,16,,512759,1,0,19 20,1,17,,512744,1,,,1,54,,512751,1,0,19 20,1,12,,512721,1,,,1,15,,512745,1,0,19 20,1,16,,512762,1,,,1,56,,512735,1,0,19 20,1,15,,512743,1,,,1,17,,512720,1,0,19 20,1,14,,512719,1,,,1,56,,512718,1,0,19 20,1,16,,512736,1,,,1,16,,512763,1,0,19 20,1,15,,512734,1,,,1,70,,512714,1,,,1,30,,512702,1,,,1,70,,512741,1,,,1,30,,512712,1,,,1,70,,512710,1,,,1,30,,512755,1,,,1,70,,512713,1,,,1,30,,512754,1,,,1,70,,512748,1,,,1,29,,512704,1,,,1,70,,512729,1,,,1
8000,'6-1',710,,512775,1,,,1,100,,512772,1,,,1,100,,512767,1,,,1,100,,512766,1,,,1,30,,512777,1,,,1,100,,512770,1,,,1,70,,512774,1,,,1,30,,512778,1,,,1,100,,512765,1,,,1,100,,512769,1,,,1,70,,512780,1,,,1,30,,512771,1,,,1,70,,512773,1,,,1,130,,512779,1,,,1,100,,512768,1,,,1,100,,512776,1,,,1,100,,512764,1,,,1,100,,512782,1,,,1,105,,512781,1,,,1
8000,'7-1',444,,512818,1,0,139,1,70,,512790,1,0,139,1,30,,512807,1,,,1,15,,512783,1,0,19 20,1,55,,512785,1,,,1,15,,512786,1,0,19 20,1,15,,512788,1,,,1,15,,512835,1,0,19 20,1,55,,512784,1,,,1,13,,512838,1,0,19 20,1,17,,512831,1,,,1,57,,512800,1,0,19 20,1,14,,512796,1,,,1,14,,512808,1,0,19 20,1,16,,512832,1,,,1,56,,512802,1,0,19 20,1,16,,512813,1,,,1,16,,512843,1,0,19 20,1,15,,512846,1,,,1,54,,512794,1,0,19 20,1,14,,512812,1,,,1,14,,512834,1,0,19 20,1,14,,512823,1,,,1,15,,512827,1,0,19 20,1,55,,512822,1,,,1,15,,512841,1,0,19 20,1,15,,512801,1,,,1,15,,512792,1,0,19 20,1,56,,512842,1,,,1,16,,512810,1,0,19 20,1,15,,512811,1,,,1,54,,512845,1,0,19 20,1,14,,512809,1,,,1,15,,512815,1,0,19 20,1,15,,512825,1,,,1,15,,512791,1,0,19 20,1,55,,512816,1,,,1,13,,512837,1,0,19 20,1,17,,512824,1,,,1,56,,512793,1,0,19 20,1,15,,512817,1,,,1,16,,512844,1,0,19 20,1,17,,512829,1,,,1,54,,512836,1,0,19 20,1,12,,512806,1,,,1,15,,512830,1,0,19 20,1,16,,512847,1,,,1,56,,512820,1,0,19 20,1,15,,512828,1,,,1,17,,512805,1,0,19 20,1,14,,512804,1,,,1,56,,512803,1,0,19 20,1,16,,512821,1,,,1,16,,512848,1,0,19 20,1,15,,512819,1,,,1,70,,512799,1,,,1,30,,512787,1,,,1,70,,512826,1,,,1,30,,512797,1,,,1,70,,512795,1,,,1,30,,512840,1,,,1,70,,512798,1,,,1,30,,512839,1,,,1,70,,512833,1,,,1,29,,512789,1,,,1,70,,512814,1,,,1
8000,'8-1',444,,512884,1,0,139,1,70,,512856,1,0,139,1,30,,512873,1,,,1,15,,512849,1,0,19 20,1,55,,512851,1,,,1,15,,512852,1,0,19 20,1,15,,512854,1,,,1,15,,512901,1,0,19 20,1,55,,512850,1,,,1,13,,512904,1,0,19 20,1,17,,512897,1,,,1,57,,512866,1,0,19 20,1,14,,512862,1,,,1,14,,512874,1,0,19 20,1,16,,512898,1,,,1,56,,512868,1,0,19 20,1,16,,512879,1,,,1,16,,512909,1,0,19 20,1,15,,512912,1,,,1,54,,512860,1,0,19 20,1,14,,512878,1,,,1,14,,512900,1,0,19 20,1,14,,512889,1,,,1,15,,512893,1,0,19 20,1,55,,512888,1,,,1,15,,512907,1,0,19 20,1,15,,512867,1,,,1,15,,512858,1,0,19 20,1,56,,512908,1,,,1,16,,512876,1,0,19 20,1,15,,512877,1,,,1,54,,512911,1,0,19 20,1,14,,512875,1,,,1,15,,512881,1,0,19 20,1,15,,512891,1,,,1,15,,512857,1,0,19 20,1,55,,512882,1,,,1,13,,512903,1,0,19 20,1,17,,512890,1,,,1,56,,512859,1,0,19 20,1,15,,512883,1,,,1,16,,512910,1,0,19 20,1,17,,512895,1,,,1,54,,512902,1,0,19 20,1,12,,512872,1,,,1,15,,512896,1,0,19 20,1,16,,512913,1,,,1,56,,512886,1,0,19 20,1,15,,512894,1,,,1,17,,512871,1,0,19 20,1,14,,512870,1,,,1,56,,512869,1,0,19 20,1,16,,512887,1,,,1,16,,512914,1,0,19 20,1,15,,512885,1,,,1,70,,512865,1,,,1,30,,512853,1,,,1,70,,512892,1,,,1,30,,512863,1,,,1,70,,512861,1,,,1,30,,512906,1,,,1,70,,512864,1,,,1,30,,512905,1,,,1,70,,512899,1,,,1,29,,512855,1,,,1,70,,512880,1,,,1
8000,'9-1',444,,512950,1,0,139,1,70,,512922,1,0,139,1,30,,512939,1,,,1,15,,512915,1,0,19 20,1,55,,512917,1,,,1,15,,512918,1,0,19 20,1,15,,512920,1,,,1,15,,512967,1,0,19 20,1,55,,512916,1,,,1,13,,512970,1,0,19 20,1,17,,512963,1,,,1,57,,512932,1,0,19 20,1,14,,512928,1,,,1,14,,512940,1,0,19 20,1,16,,512964,1,,,1,56,,512934,1,0,19 20,1,16,,512945,1,,,1,16,,512975,1,0,19 20,1,15,,512978,1,,,1,54,,512926,1,0,19 20,1,14,,512944,1,,,1,14,,512966,1,0,19 20,1,14,,512955,1,,,1,15,,512959,1,0,19 20,1,55,,512954,1,,,1,15,,512973,1,0,19 20,1,15,,512933,1,,,1,15,,512924,1,0,19 20,1,56,,512974,1,,,1,16,,512942,1,0,19 20,1,15,,512943,1,,,1,54,,512977,1,0,19 20,1,14,,512941,1,,,1,15,,512947,1,0,19 20,1,15,,512957,1,,,1,15,,512923,1,0,19 20,1,55,,512948,1,,,1,13,,512969,1,0,19 20,1,17,,512956,1,,,1,56,,512925,1,0,19 20,1,15,,512949,1,,,1,16,,512976,1,0,19 20,1,17,,512961,1,,,1,54,,512968,1,0,19 20,1,12,,512938,1,,,1,15,,512962,1,0,19 20,1,16,,512979,1,,,1,56,,512952,1,0,19 20,1,15,,512960,1,,,1,17,,512937,1,0,19 20,1,14,,512936,1,,,1,56,,512935,1,0,19 20,1,16,,512953,1,,,1,16,,512980,1,0,19 20,1,15,,512951,1,,,1,70,,512931,1,,,1,30,,512919,1,,,1,70,,512958,1,,,1,30,,512929,1,,,1,70,,512927,1,,,1,30,,512972,1,,,1,70,,512930,1,,,1,30,,512971,1,,,1,70,,512965,1,,,1,29,,512921,1,,,1,70,,512946,1,,,1
8001,'1-1',515,,512998,41,4,,1,29,,513017,69,4,,1,71,,512993,69,4,,1,32,,513023,69,4,,1,55,,513040,60,4,,1,17,,513022,69,4,,1,17,,513013,60,4,,1,13,,512996,69,4,,1,61,,513014,60,4,,1,17,,513024,69,4,,1,18,,513044,60,4,,1,57,,513015,69,4,,1,17,,513008,60,4,,1,8,,512997,69,4,,1,15,,512981,60,4,,1,13,,513034,69,4,,1,55,,513031,60,4,,1,11,,513007,69,4,,1,15,,513019,60,4,,1,15,,513004,69,4,,1,55,,513006,60,4,,1,15,,513011,69,4,,1,17,,512982,60,4,,1,15,,513041,69,4,,1,58,,513039,60,4,,1,14,,513028,69,4,,1,13,,513010,60,4,,1,15,,513032,69,4,,1,54,,512989,60,4,,1,16,,513026,69,4,,1,15,,512987,60,4,,1,15,,513037,69,4,,1,55,,512990,60,4,,1,15,,513018,69,4,,1,15,,512994,60,4,,1,14,,512999,69,4,,1,58,,513025,60,4,,1,15,,512985,69,4,,1,15,,512986,60,4,,1,16,,513021,69,4,,1,67,,512992,60,4,,1,12,,513009,69,4,,1,19,,513035,60,4,,1,52,,513036,69,4,,1,13,,512988,60,4,,1,15,,512995,69,4,,1,15,,513038,60,4,,1,55,,512983,69,4,,1,15,,513043,60,4,,1,10,,513000,69,4,,1,15,,513029,60,4,,1,13,,512984,69,4,,1,55,,513033,60,4,,1,15,,513003,69,4,,1,15,,513016,60,4,,1,15,,513045,69,4,,1,73,,513012,69,4,,1,24,,512991,69,4,,1,65,,513030,69,4,,1,20,,513027,69,4,,1,71,,513020,69,4,,1,29,,513005,69,4,,1,71,,513001,69,4,,1,30,,513042,69,4,,1,72,,513002,69,4,,1
8001,'2-1',803,,513060,69,4,,1,100,,513069,69,4,,1,105,,513052,69,4,,1,102,,513065,69,4,,1,31,,513053,69,4,,1,71,,513049,69,4,,1,32,,513048,69,4,,1,70,,513047,69,4,,1,30,,513058,69,4,,1,70,,513050,69,4,,1,30,,513059,69,4,,1,70,,513054,69,4,,1,30,,513051,69,4,,1,70,,513061,69,4,,1,30,,513068,69,4,,1,70,,513064,69,4,,1,30,,513066,69,4,,1,97,,513067,69,4,,1,97,,513046,69,4,,1,99,,513056,69,4,,1,97,,513062,69,4,,1,99,,513063,69,4,,1,100,,513055,69,4,,1,100,,513057,69,4,,1
8001,'3-1',743,,513079,69,4,,1,70,,513073,69,4,,1,30,,513103,69,4,,1,74,,513089,69,4,,1,30,,513099,69,4,,1,71,,513090,69,4,,1,31,,513078,69,4,,1,72,,513082,69,4,,1,31,,513102,69,4,,1,71,,513098,69,4,,1,31,,513081,69,4,,1,70,,513083,69,4,,1,30,,513093,69,4,,1,70,,513091,69,4,,1,30,,513071,69,4,,1,70,,513087,69,4,,1,30,,513084,69,4,,1,70,,513074,69,4,,1,30,,513088,69,4,,1,70,,513077,69,4,,1,30,,513076,69,4,,1,69,,513092,69,4,,1,30,,513095,69,4,,1,68,,513085,69,4,,1,29,,513097,69,4,,1,69,,513072,69,4,,1,30,,513101,69,4,,1,68,,513075,69,4,,1,29,,513094,69,4,,1,69,,513096,69,4,,1,30,,513086,69,4,,1,70,,513070,69,4,,1,30,,513100,69,4,,1,70,,513080,69,4,,1,31,,513104,69,4,,1
8001,'4-1',743,,513128,69,4,,1,70,,513109,69,4,,1,30,,513127,69,4,,1,74,,513118,69,4,,1,101,,513125,69,4,,1,31,,513113,69,4,,1,72,,513115,69,4,,1,31,,513120,69,4,,1,71,,513107,69,4,,1,101,,513112,69,4,,1,30,,513132,69,4,,1,100,,513124,69,4,,1,70,,513110,69,4,,1,30,,513122,69,4,,1,70,,513117,69,4,,1,30,,513114,69,4,,1,100,,513108,69,4,,1,69,,513121,69,4,,1,30,,513131,69,4,,1,68,,513126,69,4,,1,29,,513129,69,4,,1,69,,513123,69,4,,1,30,,513133,69,4,,1,68,,513106,69,4,,1,98,,513119,69,4,,1,100,,513105,69,4,,1,30,,513116,69,4,,1,70,,513130,69,4,,1,31,,513111,69,4,,1
8001,'5-1',515,,513151,41,4,,1,29,,513170,69,4,,1,71,,513146,69,4,,1,32,,513176,69,4,,1,55,,513193,60,4,,1,17,,513175,69,4,,1,17,,513166,60,4,,1,13,,513149,69,4,,1,61,,513167,60,4,,1,17,,513177,69,4,,1,18,,513197,60,4,,1,57,,513168,69,4,,1,17,,513161,60,4,,1,8,,513150,69,4,,1,15,,513134,60,4,,1,13,,513187,69,4,,1,55,,513184,60,4,,1,11,,513160,69,4,,1,15,,513172,60,4,,1,15,,513157,69,4,,1,55,,513159,60,4,,1,15,,513164,69,4,,1,17,,513135,60,4,,1,15,,513194,69,4,,1,58,,513192,60,4,,1,14,,513181,69,4,,1,13,,513163,60,4,,1,15,,513185,69,4,,1,54,,513142,60,4,,1,16,,513179,69,4,,1,15,,513140,60,4,,1,15,,513190,69,4,,1,55,,513143,60,4,,1,15,,513171,69,4,,1,15,,513147,60,4,,1,14,,513152,69,4,,1,58,,513178,60,4,,1,15,,513138,69,4,,1,15,,513139,60,4,,1,16,,513174,69,4,,1,67,,513145,60,4,,1,12,,513162,69,4,,1,19,,513188,60,4,,1,52,,513189,69,4,,1,13,,513141,60,4,,1,15,,513148,69,4,,1,15,,513191,60,4,,1,55,,513136,69,4,,1,15,,513196,60,4,,1,10,,513153,69,4,,1,15,,513182,60,4,,1,13,,513137,69,4,,1,55,,513186,60,4,,1,15,,513156,69,4,,1,15,,513169,60,4,,1,15,,513198,69,4,,1,73,,513165,69,4,,1,24,,513144,69,4,,1,65,,513183,69,4,,1,20,,513180,69,4,,1,71,,513173,69,4,,1,29,,513158,69,4,,1,71,,513154,69,4,,1,30,,513195,69,4,,1,72,,513155,69,4,,1
8001,'6-1',803,,513201,69,4,,1,100,,513215,69,4,,1,105,,513208,69,4,,1,102,,513207,69,4,,1,31,,513202,69,4,,1,71,,513217,69,4,,1,32,,513209,69,4,,1,100,,513210,69,4,,1,70,,513199,69,4,,1,30,,513205,69,4,,1,100,,513206,69,4,,1,100,,513216,69,4,,1,70,,513212,69,4,,1,30,,513203,69,4,,1,196,,513211,69,4,,1,99,,513200,69,4,,1,97,,513204,69,4,,1,99,,513214,69,4,,1,100,,513213,69,4,,1
8001,'7-1',515,,513235,41,4,,1,29,,513254,69,4,,1,71,,513230,69,4,,1,32,,513260,69,4,,1,55,,513277,60,4,,1,17,,513259,69,4,,1,17,,513250,60,4,,1,13,,513233,69,4,,1,61,,513251,60,4,,1,17,,513261,69,4,,1,18,,513281,60,4,,1,57,,513252,69,4,,1,17,,513245,60,4,,1,8,,513234,69,4,,1,15,,513218,60,4,,1,13,,513271,69,4,,1,55,,513268,60,4,,1,11,,513244,69,4,,1,15,,513256,60,4,,1,15,,513241,69,4,,1,55,,513243,60,4,,1,15,,513248,69,4,,1,17,,513219,60,4,,1,15,,513278,69,4,,1,58,,513276,60,4,,1,14,,513265,69,4,,1,13,,513247,60,4,,1,15,,513269,69,4,,1,54,,513226,60,4,,1,16,,513263,69,4,,1,15,,513224,60,4,,1,15,,513274,69,4,,1,55,,513227,60,4,,1,15,,513255,69,4,,1,15,,513231,60,4,,1,14,,513236,69,4,,1,58,,513262,60,4,,1,15,,513222,69,4,,1,15,,513223,60,4,,1,16,,513258,69,4,,1,67,,513229,60,4,,1,12,,513246,69,4,,1,19,,513272,60,4,,1,52,,513273,69,4,,1,13,,513225,60,4,,1,15,,513232,69,4,,1,15,,513275,60,4,,1,55,,513220,69,4,,1,15,,513280,60,4,,1,10,,513237,69,4,,1,15,,513266,60,4,,1,13,,513221,69,4,,1,55,,513270,60,4,,1,15,,513240,69,4,,1,15,,513253,60,4,,1,15,,513282,69,4,,1,73,,513249,69,4,,1,24,,513228,69,4,,1,65,,513267,69,4,,1,20,,513264,69,4,,1,71,,513257,69,4,,1,29,,513242,69,4,,1,71,,513238,69,4,,1,30,,513279,69,4,,1,72,,513239,69,4,,1
8001,'8-1',515,,513300,41,4,,1,29,,513319,69,4,,1,71,,513295,69,4,,1,32,,513325,69,4,,1,55,,513342,60,4,,1,17,,513324,69,4,,1,17,,513315,60,4,,1,13,,513298,69,4,,1,61,,513316,60,4,,1,17,,513326,69,4,,1,18,,513346,60,4,,1,57,,513317,69,4,,1,17,,513310,60,4,,1,8,,513299,69,4,,1,15,,513283,60,4,,1,13,,513336,69,4,,1,55,,513333,60,4,,1,11,,513309,69,4,,1,15,,513321,60,4,,1,15,,513306,69,4,,1,55,,513308,60,4,,1,15,,513313,69,4,,1,17,,513284,60,4,,1,15,,513343,69,4,,1,58,,513341,60,4,,1,14,,513330,69,4,,1,13,,513312,60,4,,1,15,,513334,69,4,,1,54,,513291,60,4,,1,16,,513328,69,4,,1,15,,513289,60,4,,1,15,,513339,69,4,,1,55,,513292,60,4,,1,15,,513320,69,4,,1,15,,513296,60,4,,1,14,,513301,69,4,,1,58,,513327,60,4,,1,15,,513287,69,4,,1,15,,513288,60,4,,1,16,,513323,69,4,,1,67,,513294,60,4,,1,12,,513311,69,4,,1,19,,513337,60,4,,1,52,,513338,69,4,,1,13,,513290,60,4,,1,15,,513297,69,4,,1,15,,513340,60,4,,1,55,,513285,69,4,,1,15,,513345,60,4,,1,10,,513302,69,4,,1,15,,513331,60,4,,1,13,,513286,69,4,,1,55,,513335,60,4,,1,15,,513305,69,4,,1,15,,513318,60,4,,1,15,,513347,69,4,,1,73,,513314,69,4,,1,24,,513293,69,4,,1,65,,513332,69,4,,1,20,,513329,69,4,,1,71,,513322,69,4,,1,29,,513307,69,4,,1,71,,513303,69,4,,1,30,,513344,69,4,,1,72,,513304,69,4,,1
8001,'9-1',515,,513365,41,4,,1,29,,513384,69,4,,1,71,,513360,69,4,,1,32,,513390,69,4,,1,55,,513407,60,4,,1,17,,513389,69,4,,1,17,,513380,60,4,,1,13,,513363,69,4,,1,61,,513381,60,4,,1,17,,513391,69,4,,1,18,,513411,60,4,,1,57,,513382,69,4,,1,17,,513375,60,4,,1,8,,513364,69,4,,1,15,,513348,60,4,,1,13,,513401,69,4,,1,55,,513398,60,4,,1,11,,513374,69,4,,1,15,,513386,60,4,,1,15,,513371,69,4,,1,55,,513373,60,4,,1,15,,513378,69,4,,1,17,,513349,60,4,,1,15,,513408,69,4,,1,58,,513406,60,4,,1,14,,513395,69,4,,1,13,,513377,60,4,,1,15,,513399,69,4,,1,54,,513356,60,4,,1,16,,513393,69,4,,1,15,,513354,60,4,,1,15,,513404,69,4,,1,55,,513357,60,4,,1,15,,513385,69,4,,1,15,,513361,60,4,,1,14,,513366,69,4,,1,58,,513392,60,4,,1,15,,513352,69,4,,1,15,,513353,60,4,,1,16,,513388,69,4,,1,67,,513359,60,4,,1,12,,513376,69,4,,1,19,,513402,60,4,,1,52,,513403,69,4,,1,13,,513355,60,4,,1,15,,513362,69,4,,1,15,,513405,60,4,,1,55,,513350,69,4,,1,15,,513410,60,4,,1,10,,513367,69,4,,1,15,,513396,60,4,,1,13,,513351,69,4,,1,55,,513400,60,4,,1,15,,513370,69,4,,1,15,,513383,60,4,,1,15,,513412,69,4,,1,73,,513379,69,4,,1,24,,513358,69,4,,1,65,,513397,69,4,,1,20,,513394,69,4,,1,71,,513387,69,4,,1,29,,513372,69,4,,1,71,,513368,69,4,,1,30,,513409,69,4,,1,72,,513369,69,4,,1
8100,'1-1',630,,513413,83,4,,1,77,,513447,83,4,,1,33,,513444,83,4,,1,72,,513438,83,4,,1,31,,513437,83,4,,1,74,,513428,83,4,,1,24,,513445,83,4,,1,67,,513441,83,4,,1,29,,513425,83,4,,1,71,,513430,83,4,,1,30,,513433,83,4,,1,70,,513443,83,4,,1,30,,513421,83,4,,1,71,,513418,83,4,,1,30,,513435,83,4,,1,71,,513440,83,4,,1,32,,513432,83,4,,1,74,,513415,83,4,,1,33,,513427,83,4,,1,73,,513429,83,4,,1,35,,513439,83,4,,1,69,,513416,83,4,,1,26,,513414,83,4,,1,93,,513446,83,4,,1,64,,513426,83,4,,1,24,,513434,83,4,,1,68,,513424,83,4,,1,29,,513423,83,4,,1,29,,513420,83,4,,1,68,,513436,83,4,,1,30,,513417,83,4,,1,68,,513422,83,4,,1,29,,513419,83,4,,1,100,,513442,83,4,,1,89,,513431,83,4,,1
8100,'2-1',812,,513448,82,4,,1,30,,513457,82,4,,1,70,,513454,82,4,,1,30,,513472,82,4,,1,70,,513471,82,4,,1,30,,513451,82,4,,1,73,,513466,82,4,,1,30,,513475,82,4,,1,70,,513476,82,4,,1,30,,513456,82,4,,1,72,,513467,82,4,,1,30,,513468,82,4,,1,70,,513473,82,4,,1,30,,513465,82,4,,1,70,,513460,82,4,,1,30,,513458,82,4,,1,70,,513463,82,4,,1,30,,513469,82,4,,1,70,,513474,82,4,,1,30,,513470,82,4,,1,70,,513450,82,4,,1,30,,513449,82,4,,1,68,,513461,82,4,,1,100,,513452,82,4,,1,100,,513462,82,4,,1,97,,513464,82,4,,1,100,,513455,82,4,,1,100,,513459,82,4,,1,100,,513453,82,4,,1
8100,'3-1',815,,513499,82,4,,1,30,,513491,82,4,,1,70,,513494,82,4,,1,30,,513497,82,4,,1,70,,513487,82,4,,1,30,,513478,82,4,,1,73,,513503,82,4,,1,30,,513482,82,4,,1,70,,513495,82,4,,1,30,,513480,82,4,,1,72,,513488,82,4,,1,30,,513490,82,4,,1,70,,513504,82,4,,1,30,,513477,82,4,,1,70,,513486,82,4,,1,30,,513481,82,4,,1,70,,513492,82,4,,1,30,,513479,82,4,,1,70,,513505,82,4,,1,30,,513493,82,4,,1,70,,513496,82,4,,1,30,,513485,82,4,,1,68,,513501,82,4,,1,30,,513489,82,4,,1,70,,513498,82,4,,1,100,,513483,82,4,,1,97,,513500,82,4,,1,100,,513484,82,4,,1,100,,513502,82,4,,1
8100,'4-1',815,,513508,82,4,,1,30,,513524,82,4,,1,100,,513515,82,4,,1,70,,513511,82,4,,1,30,,513520,82,4,,1,103,,513506,82,4,,1,70,,513519,82,4,,1,30,,513507,82,4,,1,102,,513525,82,4,,1,70,,513512,82,4,,1,30,,513514,82,4,,1,100,,513527,82,4,,1,100,,513513,82,4,,1,100,,513517,82,4,,1,70,,513526,82,4,,1,30,,513518,82,4,,1,68,,513522,82,4,,1,30,,513523,82,4,,1,70,,513510,82,4,,1,100,,513509,82,4,,1,97,,513516,82,4,,1,100,,513528,82,4,,1,100,,513521,82,4,,1
8100,'5-1',630,,513529,83,4,,1,77,,513563,83,4,,1,33,,513560,83,4,,1,72,,513554,83,4,,1,31,,513553,83,4,,1,74,,513544,83,4,,1,24,,513561,83,4,,1,67,,513557,83,4,,1,29,,513541,83,4,,1,71,,513546,83,4,,1,30,,513549,83,4,,1,70,,513559,83,4,,1,30,,513537,83,4,,1,71,,513534,83,4,,1,30,,513551,83,4,,1,71,,513556,83,4,,1,32,,513548,83,4,,1,74,,513531,83,4,,1,33,,513543,83,4,,1,73,,513545,83,4,,1,35,,513555,83,4,,1,69,,513532,83,4,,1,26,,513530,83,4,,1,93,,513562,83,4,,1,64,,513542,83,4,,1,24,,513550,83,4,,1,68,,513540,83,4,,1,29,,513539,83,4,,1,29,,513536,83,4,,1,68,,513552,83,4,,1,30,,513533,83,4,,1,68,,513538,83,4,,1,29,,513535,83,4,,1,100,,513558,83,4,,1,89,,513547,83,4,,1
8100,'6-1',812,,513565,82,4,,1,30,,513571,82,4,,1,70,,513579,82,4,,1,30,,513569,82,4,,1,70,,513578,82,4,,1,30,,513580,82,4,,1,103,,513567,82,4,,1,100,,513577,82,4,,1,102,,513581,82,4,,1,70,,513574,82,4,,1,30,,513564,82,4,,1,70,,513566,82,4,,1,30,,513582,82,4,,1,70,,513587,82,4,,1,30,,513573,82,4,,1,70,,513568,82,4,,1,30,,513585,82,4,,1,70,,513576,82,4,,1,30,,513586,82,4,,1,68,,513570,82,4,,1,100,,513583,82,4,,1,100,,513575,82,4,,1,97,,513584,82,4,,1,100,,513572,82,4,,1
8100,'7-1',630,,513588,83,4,,1,77,,513622,83,4,,1,33,,513619,83,4,,1,72,,513613,83,4,,1,31,,513612,83,4,,1,74,,513603,83,4,,1,24,,513620,83,4,,1,67,,513616,83,4,,1,29,,513600,83,4,,1,71,,513605,83,4,,1,30,,513608,83,4,,1,70,,513618,83,4,,1,30,,513596,83,4,,1,71,,513593,83,4,,1,30,,513610,83,4,,1,71,,513615,83,4,,1,32,,513607,83,4,,1,74,,513590,83,4,,1,33,,513602,83,4,,1,73,,513604,83,4,,1,35,,513614,83,4,,1,69,,513591,83,4,,1,26,,513589,83,4,,1,93,,513621,83,4,,1,64,,513601,83,4,,1,24,,513609,83,4,,1,68,,513599,83,4,,1,29,,513598,83,4,,1,29,,513595,83,4,,1,68,,513611,83,4,,1,30,,513592,83,4,,1,68,,513597,83,4,,1,29,,513594,83,4,,1,100,,513617,83,4,,1,89,,513606,83,4,,1
8100,'8-1',630,,513623,83,4,,1,77,,513657,83,4,,1,33,,513654,83,4,,1,72,,513648,83,4,,1,31,,513647,83,4,,1,74,,513638,83,4,,1,24,,513655,83,4,,1,67,,513651,83,4,,1,29,,513635,83,4,,1,71,,513640,83,4,,1,30,,513643,83,4,,1,70,,513653,83,4,,1,30,,513631,83,4,,1,71,,513628,83,4,,1,30,,513645,83,4,,1,71,,513650,83,4,,1,32,,513642,83,4,,1,74,,513625,83,4,,1,33,,513637,83,4,,1,73,,513639,83,4,,1,35,,513649,83,4,,1,69,,513626,83,4,,1,26,,513624,83,4,,1,93,,513656,83,4,,1,64,,513636,83,4,,1,24,,513644,83,4,,1,68,,513634,83,4,,1,29,,513633,83,4,,1,29,,513630,83,4,,1,68,,513646,83,4,,1,30,,513627,83,4,,1,68,,513632,83,4,,1,29,,513629,83,4,,1,100,,513652,83,4,,1,89,,513641,83,4,,1
8100,'9-1',630,,513658,83,4,,1,77,,513692,83,4,,1,33,,513689,83,4,,1,72,,513683,83,4,,1,31,,513682,83,4,,1,74,,513673,83,4,,1,24,,513690,83,4,,1,67,,513686,83,4,,1,29,,513670,83,4,,1,71,,513675,83,4,,1,30,,513678,83,4,,1,70,,513688,83,4,,1,30,,513666,83,4,,1,71,,513663,83,4,,1,30,,513680,83,4,,1,71,,513685,83,4,,1,32,,513677,83,4,,1,74,,513660,83,4,,1,33,,513672,83,4,,1,73,,513674,83,4,,1,35,,513684,83,4,,1,69,,513661,83,4,,1,26,,513659,83,4,,1,93,,513691,83,4,,1,64,,513671,83,4,,1,24,,513679,83,4,,1,68,,513669,83,4,,1,29,,513668,83,4,,1,29,,513665,83,4,,1,68,,513681,83,4,,1,30,,513662,83,4,,1,68,,513667,83,4,,1,29,,513664,83,4,,1,100,,513687,83,4,,1,89,,513676,83,4,,1
8101,'1-1',609,,513709,1,,,1,25,,513706,1,,,1,72,,513712,1,,,1,28,,513720,1,,,1,73,,513724,1,,,1,30,,513699,1,,,1,69,,513726,1,,,1,30,,513707,1,,,1,70,,513723,1,,,1,29,,513704,1,,,1,69,,513711,1,,,1,29,,513721,1,,,1,70,,513705,1,,,1,30,,513698,1,,,1,70,,513713,1,,,1,30,,513718,1,,,1,70,,513697,1,,,1,29,,513719,1,,,1,69,,513701,1,,,1,30,,513696,1,,,1,99,,513715,1,,,1,71,,513722,1,,,1,29,,513700,1,,,1,70,,513702,1,,,1,30,,513725,1,,,1,70,,513703,1,,,1,30,,513710,1,,,1,70,,513716,1,,,1,30,,513714,1,,,1,70,,513695,1,,,1,30,,513694,1,,,1,70,,513693,1,,,1,30,,513708,1,,,1,109,,513717,1,,,1
8101,'2-1',825,,513734,1,,,1,30,,513730,1,,,1,70,,513752,1,,,1,30,,513743,1,,,1,70,,513729,1,,,1,30,,513739,1,,,1,70,,513748,1,,,1,30,,513736,1,,,1,70,,513737,1,,,1,30,,513738,1,,,1,70,,513746,1,,,1,30,,513728,1,,,1,70,,513731,1,,,1,30,,513753,1,,,1,70,,513742,1,,,1,30,,513745,1,,,1,70,,513744,1,,,1,30,,513735,1,,,1,70,,513741,1,,,1,30,,513750,1,,,1,70,,513727,1,,,1,100,,513747,1,,,1,100,,513740,1,,,1,100,,513733,1,,,1,100,,513751,1,,,1,100,,513749,1,,,1,100,,513732,1,,,1
8101,'3-1',627,,513784,1,,,1,100,,513778,1,,,1,30,,513770,1,,,1,70,,513777,1,,,1,30,,513775,1,,,1,70,,513779,1,,,1,30,,513763,1,,,1,70,,513756,1,,,1,30,,513762,1,,,1,70,,513761,1,,,1,30,,513757,1,,,1,70,,513760,1,,,1,30,,513758,1,,,1,70,,513780,1,,,1,30,,513764,1,,,1,70,,513767,1,,,1,30,,513768,1,,,1,70,,513754,1,,,1,30,,513766,1,,,1,70,,513759,1,,,1,30,,513765,1,,,1,70,,513771,1,,,1,30,,513772,1,,,1,70,,513769,1,,,1,30,,513783,1,,,1,70,,513782,1,,,1,100,,513781,1,,,1,100,,513776,1,,,1,100,,513755,1,,,1,100,,513773,1,,,1,100,,513774,1,,,1
8101,'4-1',627,,513797,1,,,1,100,,513808,1,,,1,30,,513798,1,,,1,70,,513788,1,,,1,30,,513785,1,,,1,100,,513786,1,,,1,70,,513802,1,,,1,30,,513792,1,,,1,100,,513793,1,,,1,70,,513799,1,,,1,30,,513791,1,,,1,100,,513794,1,,,1,100,,513803,1,,,1,100,,513787,1,,,1,70,,513804,1,,,1,30,,513801,1,,,1,70,,513805,1,,,1,30,,513809,1,,,1,70,,513806,1,,,1,30,,513790,1,,,1,70,,513807,1,,,1,100,,513789,1,,,1,100,,513796,1,,,1,100,,513810,1,,,1,100,,513795,1,,,1,100,,513800,1,,,1
8101,'5-1',609,,513827,1,,,1,25,,513824,1,,,1,72,,513830,1,,,1,28,,513838,1,,,1,73,,513842,1,,,1,30,,513817,1,,,1,69,,513844,1,,,1,30,,513825,1,,,1,70,,513841,1,,,1,29,,513822,1,,,1,69,,513829,1,,,1,29,,513839,1,,,1,70,,513823,1,,,1,30,,513816,1,,,1,70,,513831,1,,,1,30,,513836,1,,,1,70,,513815,1,,,1,29,,513837,1,,,1,69,,513819,1,,,1,30,,513814,1,,,1,99,,513833,1,,,1,71,,513840,1,,,1,29,,513818,1,,,1,70,,513820,1,,,1,30,,513843,1,,,1,70,,513821,1,,,1,30,,513828,1,,,1,70,,513834,1,,,1,30,,513832,1,,,1,70,,513813,1,,,1,30,,513812,1,,,1,70,,513811,1,,,1,30,,513826,1,,,1,109,,513835,1,,,1
8101,'6-1',825,,513846,1,,,1,30,,513845,1,,,1,70,,513853,1,,,1,30,,513855,1,,,1,100,,513858,1,,,1,100,,513848,1,,,1,100,,513847,1,,,1,100,,513851,1,,,1,70,,513861,1,,,1,30,,513854,1,,,1,70,,513850,1,,,1,30,,513859,1,,,1,70,,513849,1,,,1,30,,513863,1,,,1,70,,513864,1,,,1,30,,513865,1,,,1,70,,513857,1,,,1,100,,513862,1,,,1,100,,513860,1,,,1,100,,513866,1,,,1,100,,513856,1,,,1,100,,513852,1,,,1
8101,'7-1',609,,513883,1,,,1,25,,513880,1,,,1,72,,513886,1,,,1,28,,513894,1,,,1,73,,513898,1,,,1,30,,513873,1,,,1,69,,513900,1,,,1,30,,513881,1,,,1,70,,513897,1,,,1,29,,513878,1,,,1,69,,513885,1,,,1,29,,513895,1,,,1,70,,513879,1,,,1,30,,513872,1,,,1,70,,513887,1,,,1,30,,513892,1,,,1,70,,513871,1,,,1,29,,513893,1,,,1,69,,513875,1,,,1,30,,513870,1,,,1,99,,513889,1,,,1,71,,513896,1,,,1,29,,513874,1,,,1,70,,513876,1,,,1,30,,513899,1,,,1,70,,513877,1,,,1,30,,513884,1,,,1,70,,513890,1,,,1,30,,513888,1,,,1,70,,513869,1,,,1,30,,513868,1,,,1,70,,513867,1,,,1,30,,513882,1,,,1,109,,513891,1,,,1
8101,'8-1',609,,513917,1,,,1,25,,513914,1,,,1,72,,513920,1,,,1,28,,513928,1,,,1,73,,513932,1,,,1,30,,513907,1,,,1,69,,513934,1,,,1,30,,513915,1,,,1,70,,513931,1,,,1,29,,513912,1,,,1,69,,513919,1,,,1,29,,513929,1,,,1,70,,513913,1,,,1,30,,513906,1,,,1,70,,513921,1,,,1,30,,513926,1,,,1,70,,513905,1,,,1,29,,513927,1,,,1,69,,513909,1,,,1,30,,513904,1,,,1,99,,513923,1,,,1,71,,513930,1,,,1,29,,513908,1,,,1,70,,513910,1,,,1,30,,513933,1,,,1,70,,513911,1,,,1,30,,513918,1,,,1,70,,513924,1,,,1,30,,513922,1,,,1,70,,513903,1,,,1,30,,513902,1,,,1,70,,513901,1,,,1,30,,513916,1,,,1,109,,513925,1,,,1
8101,'9-1',609,,513951,1,,,1,25,,513948,1,,,1,72,,513954,1,,,1,28,,513962,1,,,1,73,,513966,1,,,1,30,,513941,1,,,1,69,,513968,1,,,1,30,,513949,1,,,1,70,,513965,1,,,1,29,,513946,1,,,1,69,,513953,1,,,1,29,,513963,1,,,1,70,,513947,1,,,1,30,,513940,1,,,1,70,,513955,1,,,1,30,,513960,1,,,1,70,,513939,1,,,1,29,,513961,1,,,1,69,,513943,1,,,1,30,,513938,1,,,1,99,,513957,1,,,1,71,,513964,1,,,1,29,,513942,1,,,1,70,,513944,1,,,1,30,,513967,1,,,1,70,,513945,1,,,1,30,,513952,1,,,1,70,,513958,1,,,1,30,,513956,1,,,1,70,,513937,1,,,1,30,,513936,1,,,1,70,,513935,1,,,1,30,,513950,1,,,1,109,,513959,1,,,1
8200,'1-1',1453,,513990,1,,,1,70,,513970,1,,,1,30,,513991,1,,,1,69,,513989,1,,,1,32,,513971,1,,,1,71,,513987,1,,,1,30,,513976,1,,,1
8200,'5-1',1453,,514111,1,,,1,70,,514091,1,,,1,30,,514112,1,,,1,69,,514110,1,,,1,32,,514092,1,,,1,71,,514108,1,,,1,30,,514097,1,,,1
8200,'7-1',1453,,514168,1,,,1,70,,514148,1,,,1,30,,514169,1,,,1,69,,514167,1,,,1,32,,514149,1,,,1,71,,514165,1,,,1,30,,514154,1,,,1
8200,'8-1',1453,,514201,1,,,1,70,,514181,1,,,1,30,,514202,1,,,1,69,,514200,1,,,1,32,,514182,1,,,1,71,,514198,1,,,1,30,,514187,1,,,1
8200,'9-1',1453,,514234,1,,,1,70,,514214,1,,,1,30,,514235,1,,,1,69,,514233,1,,,1,32,,514215,1,,,1,71,,514231,1,,,1,30,,514220,1,,,1
8201,'1-1',546,,514272,60,4,,1,84,,514246,60,4,,1,86,,514279,60,4,,1,41,,514251,60,4,,1,77,,514278,60,4,,1,70,,514258,60,4,,1,22,,514250,60,4,,1,20,,514249,60,4,,1
8201,'5-1',546,,514397,60,4,,1,84,,514371,60,4,,1,86,,514404,60,4,,1,41,,514376,60,4,,1,77,,514403,60,4,,1,70,,514383,60,4,,1,22,,514375,60,4,,1,20,,514374,60,4,,1
8201,'7-1',546,,514458,60,4,,1,84,,514432,60,4,,1,86,,514465,60,4,,1,41,,514437,60,4,,1,77,,514464,60,4,,1,70,,514444,60,4,,1,22,,514436,60,4,,1,20,,514435,60,4,,1
8201,'8-1',546,,514494,60,4,,1,84,,514468,60,4,,1,86,,514501,60,4,,1,41,,514473,60,4,,1,77,,514500,60,4,,1,70,,514480,60,4,,1,22,,514472,60,4,,1,20,,514471,60,4,,1
8201,'9-1',546,,514530,60,4,,1,84,,514504,60,4,,1,86,,514537,60,4,,1,41,,514509,60,4,,1,77,,514536,60,4,,1,70,,514516,60,4,,1,22,,514508,60,4,,1,20,,514507,60,4,,1
8600,'1-1',530,,515730,38,4,,1,90,,515689,38,4,,1,20,,515687,38,4,,1,14,,515696,37,4,,1,55,,515711,38,4,,1,16,,515733,37,4,,1,15,,515708,38,4,,1,19,,515698,37,4,,1,59,,515724,38,4,,1,17,,515707,37,4,,1,17,,515693,38,4,,1,51,,515723,37,4,,1,15,,515721,38,4,,1,15,,515726,37,4,,1,15,,515716,38,4,,1,55,,515709,38,4,,1,25,,515722,38,4,,1,30,,515695,38,4,,1,70,,515691,38,4,,1,72,,515732,38,4,,1,30,,515705,38,4,,1,70,,515717,38,4,,1,30,,515700,38,4,,1,70,,515701,38,4,,1,30,,515712,38,4,,1,70,,515690,38,4,,1,19,,515703,38,4,,1,15,,515728,37,4,,1,71,,515718,38,4,,1,15,,515704,37,4,,1,30,,515686,37,4,,1,54,,515731,38,4,,1,17,,515714,37,4,,1,16,,515719,38,4,,1,13,,515688,37,4,,1,55,,515692,38,4,,1,13,,515725,37,4,,1,15,,515699,38,4,,1,67,,515706,38,4,,1,27,,515729,38,4,,1,30,,515702,38,4,,1,70,,515713,38,4,,1,27,,515694,38,4,,1,70,,515710,38,4,,1,30,,515697,38,4,,1,70,,515715,38,4,,1,30,,515727,38,4,,1,100,,515720,38,4,,1
8600,'2-1',648,,515773,38,4,,1,100,,515741,38,4,,1,70,,515738,38,4,,1,34,,515736,38,4,,0,70,,515772,38,4,,1,30,,515760,38,4,,1,70,,515735,38,4,,1,15,,515757,38,4,,1,15,,515739,38,4,,1,55,,515787,38,4,,1,15,,515752,38,4,,1,15,,515745,38,4,,1,15,,515748,38,4,,1,55,,515763,38,4,,1,15,,515754,38,4,,1,15,,515753,38,4,,1,15,,515755,38,4,,1,55,,515788,38,4,,1,15,,515761,38,4,,1,15,,515742,38,4,,1,15,,515777,38,4,,1,55,,515780,38,4,,1,15,,515781,38,4,,1,15,,515785,38,4,,1,15,,515778,38,4,,1,55,,515775,38,4,,1,15,,515779,38,4,,1,15,,515756,38,4,,1,15,,515762,38,4,,1,55,,515769,38,4,,1,15,,515759,38,4,,1,15,,515746,38,4,,1,15,,515751,38,4,,1,55,,515734,38,4,,1,15,,515770,38,4,,1,15,,515767,38,4,,1,15,,515771,38,4,,1,55,,515782,38,4,,1,15,,515744,38,4,,1,15,,515786,38,4,,1,15,,515776,38,4,,1,55,,515747,38,4,,1,15,,515740,38,4,,1,15,,515768,38,4,,1,15,,515758,38,4,,1,55,,515784,38,4,,1,15,,515749,38,4,,1,30,,515737,38,4,,1,70,,515774,38,4,,1,26,,515764,38,4,,1,70,,515750,38,4,,1,30,,515765,38,4,,1,70,,515743,38,4,,1,100,,515766,38,4,,1,100,,515783,38,4,,1
8600,'3-1',648,,515790,38,4,,1,100,,515798,38,4,,1,104,,515791,38,4,,1,70,,515794,38,4,,1,30,,515800,38,4,,1,70,,515812,38,4,,1,30,,515817,38,4,,1,70,,515805,38,4,,1,30,,515801,38,4,,1,70,,515806,38,4,,1,30,,515808,38,4,,1,70,,515810,38,4,,1,30,,515811,38,4,,1,70,,515793,38,4,,1,30,,515818,38,4,,1,70,,515809,38,4,,1,30,,515797,38,4,,1,70,,515799,38,4,,1,30,,515804,38,4,,1,70,,515807,38,4,,1,30,,515792,38,4,,1,70,,515813,38,4,,1,30,,515802,38,4,,1,70,,515803,38,4,,1,30,,515795,38,4,,1,70,,515789,38,4,,1,30,,515815,38,4,,1,70,,515796,38,4,,1,26,,515819,38,4,,1,100,,515820,38,4,,1,100,,515816,38,4,,1,100,,515814,38,4,,1
8600,'4-1',648,,515829,38,4,,1,100,,515843,38,4,,1,104,,515835,38,4,,1,70,,515826,38,4,,1,30,,515824,38,4,,1,70,,515844,38,4,,1,30,,515839,38,4,,1,70,,515822,38,4,,1,30,,515833,38,4,,1,70,,515836,38,4,,1,30,,515842,38,4,,1,70,,515834,38,4,,1,30,,515841,38,4,,1,70,,515823,38,4,,1,30,,515825,38,4,,1,70,,515850,38,4,,1,30,,515830,38,4,,1,70,,515837,38,4,,1,30,,515840,38,4,,1,70,,515838,38,4,,1,30,,515831,38,4,,1,70,,515852,38,4,,1,30,,515847,38,4,,1,70,,515846,38,4,,1,30,,515848,38,4,,1,70,,515849,38,4,,1,30,,515827,38,4,,1,70,,515828,38,4,,1,26,,515851,38,4,,1,100,,515832,38,4,,1,100,,515821,38,4,,1,100,,515845,38,4,,1
8600,'5-1',530,,515897,38,4,,1,90,,515856,38,4,,1,20,,515854,38,4,,1,14,,515863,37,4,,1,55,,515878,38,4,,1,16,,515900,37,4,,1,15,,515875,38,4,,1,19,,515865,37,4,,1,59,,515891,38,4,,1,17,,515874,37,4,,1,17,,515860,38,4,,1,51,,515890,37,4,,1,15,,515888,38,4,,1,15,,515893,37,4,,1,15,,515883,38,4,,1,55,,515876,38,4,,1,25,,515889,38,4,,1,30,,515862,38,4,,1,70,,515858,38,4,,1,72,,515899,38,4,,1,30,,515872,38,4,,1,70,,515884,38,4,,1,30,,515867,38,4,,1,70,,515868,38,4,,1,30,,515879,38,4,,1,70,,515857,38,4,,1,19,,515870,38,4,,1,15,,515895,37,4,,1,71,,515885,38,4,,1,15,,515871,37,4,,1,30,,515853,37,4,,1,54,,515898,38,4,,1,17,,515881,37,4,,1,16,,515886,38,4,,1,13,,515855,37,4,,1,55,,515859,38,4,,1,13,,515892,37,4,,1,15,,515866,38,4,,1,67,,515873,38,4,,1,27,,515896,38,4,,1,30,,515869,38,4,,1,70,,515880,38,4,,1,27,,515861,38,4,,1,70,,515877,38,4,,1,30,,515864,38,4,,1,70,,515882,38,4,,1,30,,515894,38,4,,1,100,,515887,38,4,,1
8600,'6-1',648,,515921,38,4,,1,100,,515923,38,4,,1,70,,515927,38,4,,1,34,,515906,38,4,,1,70,,515914,38,4,,1,30,,515903,38,4,,1,70,,515904,38,4,,1,30,,515910,38,4,,1,70,,515920,38,4,,1,30,,515913,38,4,,1,70,,515912,38,4,,1,30,,515908,38,4,,1,100,,515905,38,4,,1,70,,515926,38,4,,1,30,,515922,38,4,,1,70,,515907,38,4,,1,30,,515919,38,4,,1,70,,515929,38,4,,1,30,,515909,38,4,,1,70,,515917,38,4,,1,30,,515916,38,4,,1,70,,515911,38,4,,1,30,,515902,38,4,,1,70,,515915,38,4,,1,30,,515925,38,4,,1,100,,515928,38,4,,1,70,,515918,38,4,,1,96,,515901,38,4,,1,100,,515924,38,4,,1
8600,'7-1',530,,515974,38,4,,1,90,,515933,38,4,,1,20,,515931,38,4,,1,14,,515940,37,4,,1,55,,515955,38,4,,1,16,,515977,37,4,,1,15,,515952,38,4,,1,19,,515942,37,4,,1,59,,515968,38,4,,1,17,,515951,37,4,,1,17,,515937,38,4,,1,51,,515967,37,4,,1,15,,515965,38,4,,1,15,,515970,37,4,,1,15,,515960,38,4,,1,55,,515953,38,4,,1,25,,515966,38,4,,1,30,,515939,38,4,,1,70,,515935,38,4,,1,72,,515976,38,4,,1,30,,515949,38,4,,1,70,,515961,38,4,,1,30,,515944,38,4,,1,70,,515945,38,4,,1,30,,515956,38,4,,1,70,,515934,38,4,,1,19,,515947,38,4,,1,15,,515972,37,4,,1,71,,515962,38,4,,1,15,,515948,37,4,,1,30,,515930,37,4,,1,54,,515975,38,4,,1,17,,515958,37,4,,1,16,,515963,38,4,,1,13,,515932,37,4,,1,55,,515936,38,4,,1,13,,515969,37,4,,1,15,,515943,38,4,,1,67,,515950,38,4,,1,27,,515973,38,4,,1,30,,515946,38,4,,1,70,,515957,38,4,,1,27,,515938,38,4,,1,70,,515954,38,4,,1,30,,515941,38,4,,1,70,,515959,38,4,,1,30,,515971,38,4,,1,100,,515964,38,4,,1
8600,'8-1',530,,516022,38,4,,1,90,,515981,38,4,,1,20,,515979,38,4,,1,14,,515988,37,4,,1,55,,516003,38,4,,1,16,,516025,37,4,,1,15,,516000,38,4,,1,19,,515990,37,4,,1,59,,516016,38,4,,1,17,,515999,37,4,,1,17,,515985,38,4,,1,51,,516015,37,4,,1,15,,516013,38,4,,1,15,,516018,37,4,,1,15,,516008,38,4,,1,55,,516001,38,4,,1,25,,516014,38,4,,1,30,,515987,38,4,,1,70,,515983,38,4,,1,72,,516024,38,4,,1,30,,515997,38,4,,1,70,,516009,38,4,,1,30,,515992,38,4,,1,70,,515993,38,4,,1,30,,516004,38,4,,1,70,,515982,38,4,,1,19,,515995,38,4,,1,15,,516020,37,4,,1,71,,516010,38,4,,1,15,,515996,37,4,,1,30,,515978,37,4,,1,54,,516023,38,4,,1,17,,516006,37,4,,1,16,,516011,38,4,,1,13,,515980,37,4,,1,55,,515984,38,4,,1,13,,516017,37,4,,1,15,,515991,38,4,,1,67,,515998,38,4,,1,27,,516021,38,4,,1,30,,515994,38,4,,1,70,,516005,38,4,,1,27,,515986,38,4,,1,70,,516002,38,4,,1,30,,515989,38,4,,1,70,,516007,38,4,,1,30,,516019,38,4,,1,100,,516012,38,4,,1
8600,'9-1',530,,516070,38,4,,1,90,,516029,38,4,,1,20,,516027,38,4,,1,14,,516036,37,4,,1,55,,516051,38,4,,1,16,,516073,37,4,,1,15,,516048,38,4,,1,19,,516038,37,4,,1,59,,516064,38,4,,1,17,,516047,37,4,,1,17,,516033,38,4,,1,51,,516063,37,4,,1,15,,516061,38,4,,1,15,,516066,37,4,,1,15,,516056,38,4,,1,55,,516049,38,4,,1,25,,516062,38,4,,1,30,,516035,38,4,,1,70,,516031,38,4,,1,72,,516072,38,4,,1,30,,516045,38,4,,1,70,,516057,38,4,,1,30,,516040,38,4,,1,70,,516041,38,4,,1,30,,516052,38,4,,1,70,,516030,38,4,,1,19,,516043,38,4,,1,15,,516068,37,4,,1,71,,516058,38,4,,1,15,,516044,37,4,,1,30,,516026,37,4,,1,54,,516071,38,4,,1,17,,516054,37,4,,1,16,,516059,38,4,,1,13,,516028,37,4,,1,55,,516032,38,4,,1,13,,516065,37,4,,1,15,,516039,38,4,,1,67,,516046,38,4,,1,27,,516069,38,4,,1,30,,516042,38,4,,1,70,,516053,38,4,,1,27,,516034,38,4,,1,70,,516050,38,4,,1,30,,516037,38,4,,1,70,,516055,38,4,,1,30,,516067,38,4,,1,100,,516060,38,4,,1
8601,'1-1',524,,516075,1,0,21 2 22,1,29,,516082,1,0,21 2 22,1,55,,516101,1,0,21 2 22,1,15,,516079,1,0,11 2 12,1,15,,516090,1,0,21 2 22,1,16,,516077,1,0,11 2 12,1,55,,516108,1,0,21 2 22,1,14,,516109,1,0,11 2 12,1,15,,516085,1,0,21 2 22,1,17,,516098,1,0,11 2 12,1,54,,516096,1,0,21 2 22,1,15,,516103,1,0,11 2 12,1,14,,516120,1,0,21 2 22,1,15,,516092,1,0,11 2 12,1,70,,516107,1,0,21 2 22,1,31,,516089,1,0,21 2 22,1,70,,516088,1,0,21 2 22,1,30,,516094,1,0,21 2 22,1,70,,516105,1,0,21 2 22,1,30,,516087,1,0,21 2 22,1,70,,516112,1,0,21 2 22,1,30,,516080,1,0,21 2 22,1,70,,516115,1,0,21 2 22,1,30,,516111,1,0,21 2 22,1,70,,516114,1,0,21 2 22,1,30,,516074,1,0,21 2 22,1,55,,516093,1,0,11 2 12,1,15,,516110,1,0,21 2 22,1,15,,516117,1,0,11 2 12,1,15,,516104,1,0,21 2 22,1,55,,516113,1,0,11 2 12,1,16,,516083,1,0,21 2 22,1,28,,516095,1,0,21 2 22,1,57,,516078,1,0,11 2 12,1,15,,516076,1,0,21 2 22,1,16,,516119,1,0,11 2 12,1,15,,516099,1,0,21 2 22,1,97,,516121,1,0,21 2 22,1,70,,516081,1,0,21 2 22,1,30,,516118,1,0,21 2 22,1,70,,516097,1,0,21 2 22,1,31,,516106,1,0,21 2 22,1,70,,516116,1,0,21 2 22,1,30,,516100,1,0,21 2 22,1,70,,516102,1,0,21 2 22,1,30,,516084,1,0,21 2 22,1,70,,516091,1,0,21 2 22,1,110,,516086,1,0,21 2 22,1
8601,'2-1',750,,516126,1,0,21 2 22,1,100,,516172,1,0,21 2 22,1,70,,516156,1,0,21 2 22,1,30,,516129,1,0,21 2 22,1,70,,516155,1,0,21 2 22,1,15,,516163,1,0,21 2 22,1,15,,516153,1,0,21 2 22,1,55,,516143,1,0,21 2 22,1,15,,516167,1,0,21 2 22,1,15,,516173,1,0,21 2 22,1,15,,516151,1,0,21 2 22,1,55,,516144,1,0,21 2 22,1,15,,516146,1,0,21 2 22,1,15,,516148,1,0,21 2 22,1,15,,516139,1,0,21 2 22,1,55,,516127,1,0,21 2 22,1,15,,516164,1,0,21 2 22,1,15,,516130,1,0,21 2 22,1,15,,516165,1,0,21 2 22,1,55,,516162,1,0,21 2 22,1,15,,516168,1,0,21 2 22,1,15,,516136,1,0,21 2 22,1,15,,516138,1,0,21 2 22,1,55,,516128,1,0,21 2 22,1,15,,516135,1,0,21 2 22,1,15,,516147,1,0,21 2 22,1,15,,516124,1,0,21 2 22,1,55,,516149,1,0,21 2 22,1,15,,516122,1,0,21 2 22,1,15,,516169,1,0,21 2 22,1,15,,516154,1,0,21 2 22,1,55,,516160,1,0,21 2 22,1,15,,516133,1,0,21 2 22,1,15,,516142,1,0,21 2 22,1,15,,516137,1,0,21 2 22,1,55,,516131,1,0,21 2 22,1,15,,516132,1,0,21 2 22,1,15,,516171,1,0,21 2 22,1,15,,516134,1,0,21 2 22,1,55,,516161,1,0,21 2 22,1,15,,516150,1,0,21 2 22,1,15,,516159,1,0,21 2 22,1,15,,516152,1,0,21 2 22,1,70,,516140,1,0,21 2 22,1,30,,516170,1,0,21 2 22,1,70,,516141,1,0,21 2 22,1,30,,516125,1,0,21 2 22,1,70,,516145,1,0,21 2 22,1,30,,516158,1,0,21 2 22,1,100,,516157,1,0,21 2 22,1,100,,516166,1,0,21 2 22,1,100,,516123,1,0,21 2 22,1
8601,'3-1',648,,516181,1,0,21 2 22,1,70,,516195,1,0,21 2 22,1,100,,516178,1,0,21 2 22,1,100,,516198,1,0,21 2 22,1,30,,516196,1,0,21 2 22,1,70,,516191,1,0,21 2 22,1,30,,516179,1,0,21 2 22,1,70,,516185,1,0,21 2 22,1,30,,516182,1,0,21 2 22,1,70,,516194,1,0,21 2 22,1,30,,516175,1,0,21 2 22,1,70,,516176,1,0,21 2 22,1,30,,516187,1,0,21 2 22,1,70,,516201,1,0,21 2 22,1,30,,516204,1,0,21 2 22,1,70,,516188,1,0,21 2 22,1,30,,516174,1,0,21 2 22,1,70,,516199,1,0,21 2 22,1,30,,516197,1,0,21 2 22,1,70,,516183,1,0,21 2 22,1,30,,516202,1,0,21 2 22,1,70,,516192,1,0,21 2 22,1,30,,516200,1,0,21 2 22,1,70,,516177,1,0,21 2 22,1,30,,516193,1,0,21 2 22,1,70,,516190,1,0,21 2 22,1,30,,516189,1,0,21 2 22,1,70,,516184,1,0,21 2 22,1,30,,516180,1,0,21 2 22,1,100,,516186,1,0,21 2 22,1,100,,516203,1,0,21 2 22,1
8601,'4-1',648,,516222,1,0,21 2 22,1,70,,516209,1,0,21 2 22,1,100,,516229,1,0,21 2 22,1,100,,516231,1,0,21 2 22,1,30,,516205,1,0,21 2 22,1,70,,516213,1,0,21 2 22,1,30,,516232,1,0,21 2 22,1,70,,516235,1,0,21 2 22,1,30,,516227,1,0,21 2 22,1,70,,516218,1,0,21 2 22,1,30,,516221,1,0,21 2 22,1,70,,516234,1,0,21 2 22,1,30,,516212,1,0,21 2 22,1,70,,516214,1,0,21 2 22,1,30,,516228,1,0,21 2 22,1,70,,516233,1,0,21 2 22,1,30,,516207,1,0,21 2 22,1,70,,516210,1,0,21 2 22,1,30,,516225,1,0,21 2 22,1,70,,516206,1,0,21 2 22,1,30,,516226,1,0,21 2 22,1,70,,516219,1,0,21 2 22,1,30,,516224,1,0,21 2 22,1,70,,516215,1,0,21 2 22,1,30,,516217,1,0,21 2 22,1,70,,516220,1,0,21 2 22,1,30,,516211,1,0,21 2 22,1,70,,516230,1,0,21 2 22,1,30,,516216,1,0,21 2 22,1,100,,516208,1,0,21 2 22,1,100,,516223,1,0,21 2 22,1
8601,'5-1',524,,516237,1,0,21 2 22,1,29,,516244,1,0,21 2 22,1,55,,516263,1,0,21 2 22,1,15,,516241,1,0,11 2 12,1,15,,516252,1,0,21 2 22,1,16,,516239,1,0,11 2 12,1,55,,516270,1,0,21 2 22,1,14,,516271,1,0,11 2 12,1,15,,516247,1,0,21 2 22,1,17,,516260,1,0,11 2 12,1,54,,516258,1,0,21 2 22,1,15,,516265,1,0,11 2 12,1,14,,516282,1,0,21 2 22,1,15,,516254,1,0,11 2 12,1,70,,516269,1,0,21 2 22,1,31,,516251,1,0,21 2 22,1,70,,516250,1,0,21 2 22,1,30,,516256,1,0,21 2 22,1,70,,516267,1,0,21 2 22,1,30,,516249,1,0,21 2 22,1,70,,516274,1,0,21 2 22,1,30,,516242,1,0,21 2 22,1,70,,516277,1,0,21 2 22,1,30,,516273,1,0,21 2 22,1,70,,516276,1,0,21 2 22,1,30,,516236,1,0,21 2 22,1,55,,516255,1,0,11 2 12,1,15,,516272,1,0,21 2 22,1,15,,516279,1,0,11 2 12,1,15,,516266,1,0,21 2 22,1,55,,516275,1,0,11 2 12,1,16,,516245,1,0,21 2 22,1,28,,516257,1,0,21 2 22,1,57,,516240,1,0,11 2 12,1,15,,516238,1,0,21 2 22,1,16,,516281,1,0,11 2 12,1,15,,516261,1,0,21 2 22,1,97,,516283,1,0,21 2 22,1,70,,516243,1,0,21 2 22,1,30,,516280,1,0,21 2 22,1,70,,516259,1,0,21 2 22,1,31,,516268,1,0,21 2 22,1,70,,516278,1,0,21 2 22,1,30,,516262,1,0,21 2 22,1,70,,516264,1,0,21 2 22,1,30,,516246,1,0,21 2 22,1,70,,516253,1,0,21 2 22,1,110,,516248,1,0,21 2 22,1
8601,'6-1',750,,516299,1,0,21 2 22,1,100,,516310,1,0,21 2 22,1,70,,516311,1,0,21 2 22,1,30,,516304,1,0,21 2 22,1,70,,516288,1,0,21 2 22,1,30,,516287,1,0,21 2 22,1,70,,516293,1,0,21 2 22,1,30,,516298,1,0,21 2 22,1,100,,516289,1,0,21 2 22,1,70,,516290,1,0,21 2 22,1,30,,516300,1,0,21 2 22,1,70,,516309,1,0,21 2 22,1,30,,516297,1,0,21 2 22,1,70,,516284,1,0,21 2 22,1,30,,516301,1,0,21 2 22,1,70,,516305,1,0,21 2 22,1,30,,516306,1,0,21 2 22,1,70,,516308,1,0,21 2 22,1,30,,516296,1,0,21 2 22,1,70,,516291,1,0,21 2 22,1,30,,516285,1,0,21 2 22,1,100,,516292,1,0,21 2 22,1,70,,516307,1,0,21 2 22,1,30,,516286,1,0,21 2 22,1,70,,516295,1,0,21 2 22,1,30,,516294,1,0,21 2 22,1,100,,516303,1,0,21 2 22,1,100,,516302,1,0,21 2 22,1
8601,'7-1',524,,516313,1,0,21 2 22,1,29,,516320,1,0,21 2 22,1,55,,516339,1,0,21 2 22,1,15,,516317,1,0,11 2 12,1,15,,516328,1,0,21 2 22,1,16,,516315,1,0,11 2 12,1,55,,516346,1,0,21 2 22,1,14,,516347,1,0,11 2 12,1,15,,516323,1,0,21 2 22,1,17,,516336,1,0,11 2 12,1,54,,516334,1,0,21 2 22,1,15,,516341,1,0,11 2 12,1,14,,516358,1,0,21 2 22,1,15,,516330,1,0,11 2 12,1,70,,516345,1,0,21 2 22,1,31,,516327,1,0,21 2 22,1,70,,516326,1,0,21 2 22,1,30,,516332,1,0,21 2 22,1,70,,516343,1,0,21 2 22,1,30,,516325,1,0,21 2 22,1,70,,516350,1,0,21 2 22,1,30,,516318,1,0,21 2 22,1,70,,516353,1,0,21 2 22,1,30,,516349,1,0,21 2 22,1,70,,516352,1,0,21 2 22,1,30,,516312,1,0,21 2 22,1,55,,516331,1,0,11 2 12,1,15,,516348,1,0,21 2 22,1,15,,516355,1,0,11 2 12,1,15,,516342,1,0,21 2 22,1,55,,516351,1,0,11 2 12,1,16,,516321,1,0,21 2 22,1,28,,516333,1,0,21 2 22,1,57,,516316,1,0,11 2 12,1,15,,516314,1,0,21 2 22,1,16,,516357,1,0,11 2 12,1,15,,516337,1,0,21 2 22,1,97,,516359,1,0,21 2 22,1,70,,516319,1,0,21 2 22,1,30,,516356,1,0,21 2 22,1,70,,516335,1,0,21 2 22,1,31,,516344,1,0,21 2 22,1,70,,516354,1,0,21 2 22,1,30,,516338,1,0,21 2 22,1,70,,516340,1,0,21 2 22,1,30,,516322,1,0,21 2 22,1,70,,516329,1,0,21 2 22,1,110,,516324,1,0,21 2 22,1
8601,'8-1',524,,516361,1,0,21 2 22,1,29,,516368,1,0,21 2 22,1,55,,516387,1,0,21 2 22,1,15,,516365,1,0,11 2 12,1,15,,516376,1,0,21 2 22,1,16,,516363,1,0,11 2 12,1,55,,516394,1,0,21 2 22,1,14,,516395,1,0,11 2 12,1,15,,516371,1,0,21 2 22,1,17,,516384,1,0,11 2 12,1,54,,516382,1,0,21 2 22,1,15,,516389,1,0,11 2 12,1,14,,516406,1,0,21 2 22,1,15,,516378,1,0,11 2 12,1,70,,516393,1,0,21 2 22,1,31,,516375,1,0,21 2 22,1,70,,516374,1,0,21 2 22,1,30,,516380,1,0,21 2 22,1,70,,516391,1,0,21 2 22,1,30,,516373,1,0,21 2 22,1,70,,516398,1,0,21 2 22,1,30,,516366,1,0,21 2 22,1,70,,516401,1,0,21 2 22,1,30,,516397,1,0,21 2 22,1,70,,516400,1,0,21 2 22,1,30,,516360,1,0,21 2 22,1,55,,516379,1,0,11 2 12,1,15,,516396,1,0,21 2 22,1,15,,516403,1,0,11 2 12,1,15,,516390,1,0,21 2 22,1,55,,516399,1,0,11 2 12,1,16,,516369,1,0,21 2 22,1,28,,516381,1,0,21 2 22,1,57,,516364,1,0,11 2 12,1,15,,516362,1,0,21 2 22,1,16,,516405,1,0,11 2 12,1,15,,516385,1,0,21 2 22,1,97,,516407,1,0,21 2 22,1,70,,516367,1,0,21 2 22,1,30,,516404,1,0,21 2 22,1,70,,516383,1,0,21 2 22,1,31,,516392,1,0,21 2 22,1,70,,516402,1,0,21 2 22,1,30,,516386,1,0,21 2 22,1,70,,516388,1,0,21 2 22,1,30,,516370,1,0,21 2 22,1,70,,516377,1,0,21 2 22,1,110,,516372,1,0,21 2 22,1
8601,'9-1',524,,516409,1,0,21 2 22,1,29,,516416,1,0,21 2 22,1,55,,516435,1,0,21 2 22,1,15,,516413,1,0,11 2 12,1,15,,516424,1,0,21 2 22,1,16,,516411,1,0,11 2 12,1,55,,516442,1,0,21 2 22,1,14,,516443,1,0,11 2 12,1,15,,516419,1,0,21 2 22,1,17,,516432,1,0,11 2 12,1,54,,516430,1,0,21 2 22,1,15,,516437,1,0,11 2 12,1,14,,516454,1,0,21 2 22,1,15,,516426,1,0,11 2 12,1,70,,516441,1,0,21 2 22,1,31,,516423,1,0,21 2 22,1,70,,516422,1,0,21 2 22,1,30,,516428,1,0,21 2 22,1,70,,516439,1,0,21 2 22,1,30,,516421,1,0,21 2 22,1,70,,516446,1,0,21 2 22,1,30,,516414,1,0,21 2 22,1,70,,516449,1,0,21 2 22,1,30,,516445,1,0,21 2 22,1,70,,516448,1,0,21 2 22,1,30,,516408,1,0,21 2 22,1,55,,516427,1,0,11 2 12,1,15,,516444,1,0,21 2 22,1,15,,516451,1,0,11 2 12,1,15,,516438,1,0,21 2 22,1,55,,516447,1,0,11 2 12,1,16,,516417,1,0,21 2 22,1,28,,516429,1,0,21 2 22,1,57,,516412,1,0,11 2 12,1,15,,516410,1,0,21 2 22,1,16,,516453,1,0,11 2 12,1,15,,516433,1,0,21 2 22,1,97,,516455,1,0,21 2 22,1,70,,516415,1,0,21 2 22,1,30,,516452,1,0,21 2 22,1,70,,516431,1,0,21 2 22,1,31,,516440,1,0,21 2 22,1,70,,516450,1,0,21 2 22,1,30,,516434,1,0,21 2 22,1,70,,516436,1,0,21 2 22,1,30,,516418,1,0,21 2 22,1,70,,516425,1,0,21 2 22,1,110,,516420,1,0,21 2 22,1
8700,'1-1',614,,516501,11,4,,1,30,,516475,11,4,,1,59,,516476,11,4,,1,17,,516481,11,4,,1,12,,516458,11,4,,1,16,,516482,11,4,,1,60,,516490,21,4,,1,13,,516471,11,4,,1,17,,516474,21,4,,1,17,,516480,21,4,,1,57,,516499,21,4,,1,15,,516506,21,4,,1,13,,516462,21,4,,1,15,,516468,21,4,,1,55,,516503,21,4,,1,15,,516472,21,4,,1,15,,516477,21,4,,1,15,,516466,21,4,,1,55,,516498,21,4,,1,15,,516479,21,4,,1,15,,516508,21,4,,1,15,,516456,21,4,,1,55,,516461,21,4,,1,15,,516464,21,4,,1,15,,516495,21,4,,1,15,,516494,21,4,,1,55,,516483,21,4,,1,16,,516478,21,4,,1,15,,516473,21,4,,1,15,,516484,21,4,,1,55,,516485,21,4,,1,15,,516470,21,4,,1,15,,516504,21,4,,1,15,,516486,21,4,,1,55,,516489,21,4,,1,15,,516463,21,4,,1,17,,516467,21,4,,1,15,,516493,21,4,,1,56,,516457,21,4,,1,15,,516497,21,4,,1,15,,516487,21,4,,1,15,,516496,21,4,,1,56,,516507,21,4,,1,29,,516459,21,4,,1,70,,516469,21,4,,1,27,,516502,21,4,,1,70,,516505,21,4,,1,29,,516500,21,4,,1,68,,516491,21,4,,1,33,,516492,21,4,,1,68,,516460,21,4,,1,30,,516465,21,4,,1,70,,516488,21,4,,1
8700,'2-1',1101,,516515,20,4,,1,30,,516516,20,4,,1,70,,516545,20,4,,1,30,,516534,20,4,,1,70,,516540,20,4,,1,30,,516531,20,4,,1,70,,516543,20,4,,1,30,,516528,20,4,,1,70,,516510,20,4,,1,30,,516539,20,4,,1,70,,516542,20,4,,1,30,,516532,20,4,,1,70,,516546,20,4,,1,29,,516530,20,4,,1,70,,516525,20,4,,1,29,,516533,20,4,,1,30,,516522,20,4,,1,55,,516523,20,4,,1,15,,516538,20,4,,1,15,,516544,20,4,,1,15,,516519,20,4,,1,55,,516511,20,4,,1,15,,516518,20,4,,1,15,,516547,20,4,,1,15,,516526,20,4,,1,55,,516535,20,4,,1,15,,516537,20,4,,1,15,,516536,20,4,,1,15,,516509,20,4,,1,55,,516527,20,4,,1,15,,516520,20,4,,1,15,,516529,20,4,,1,15,,516512,20,4,,1,55,,516513,20,4,,1,15,,516514,20,4,,1,15,,516524,20,4,,0,15,,516541,20,4,,1,55,,516521,20,4,,1,15,,516517,20,4,,1
8700,'3-1',805,,516567,10,4,,1,30,,516554,20,4,,1,71,,516556,20,4,,1,30,,516553,20,4,,1,70,,516564,20,4,,1,30,,516552,20,4,,1,70,,516569,20,4,,1,30,,516562,20,4,,1,70,,516559,20,4,,1,30,,516568,20,4,,1,70,,516561,20,4,,1,30,,516549,20,4,,1,71,,516557,20,4,,1,30,,516555,20,4,,1,70,,516560,20,4,,1,30,,516558,20,4,,1,70,,516550,20,4,,1,30,,516551,20,4,,1,70,,516570,20,4,,1,29,,516563,20,4,,1,70,,516548,20,4,,1,29,,516565,20,4,,1,70,,516566,20,4,,1
8700,'4-1',805,,516573,10,4,,1,30,,516579,20,4,,1,71,,516587,20,4,,1,30,,516580,20,4,,1,70,,516589,20,4,,1,30,,516581,20,4,,1,70,,516572,20,4,,1,30,,516584,20,4,,1,100,,516577,20,4,,1,70,,516583,20,4,,1,30,,516582,20,4,,1,71,,516592,20,4,,1,30,,516576,20,4,,1,70,,516575,20,4,,1,30,,516578,20,4,,1,70,,516591,20,4,,1,30,,516585,20,4,,1,70,,516571,20,4,,1,29,,516574,20,4,,1,70,,516590,20,4,,1,29,,516586,20,4,,1,70,,516588,20,4,,1
8700,'5-1',614,,516638,11,4,,1,30,,516612,11,4,,1,59,,516613,11,4,,1,17,,516618,11,4,,1,12,,516595,11,4,,1,16,,516619,11,4,,1,60,,516627,21,4,,1,13,,516608,11,4,,1,17,,516611,21,4,,1,17,,516617,21,4,,1,57,,516636,21,4,,1,15,,516643,21,4,,1,13,,516599,21,4,,1,15,,516605,21,4,,1,55,,516640,21,4,,1,15,,516609,21,4,,1,15,,516614,21,4,,1,15,,516603,21,4,,1,55,,516635,21,4,,1,15,,516616,21,4,,1,15,,516645,21,4,,1,15,,516593,21,4,,1,55,,516598,21,4,,1,15,,516601,21,4,,1,15,,516632,21,4,,1,15,,516631,21,4,,1,55,,516620,21,4,,1,16,,516615,21,4,,1,15,,516610,21,4,,1,15,,516621,21,4,,1,55,,516622,21,4,,1,15,,516607,21,4,,1,15,,516641,21,4,,1,15,,516623,21,4,,1,55,,516626,21,4,,1,15,,516600,21,4,,1,17,,516604,21,4,,1,15,,516630,21,4,,1,56,,516594,21,4,,1,15,,516634,21,4,,1,15,,516624,21,4,,1,15,,516633,21,4,,1,56,,516644,21,4,,1,29,,516596,21,4,,1,70,,516606,21,4,,1,27,,516639,21,4,,1,70,,516642,21,4,,1,29,,516637,21,4,,1,68,,516628,21,4,,1,33,,516629,21,4,,1,68,,516597,21,4,,1,30,,516602,21,4,,1,70,,516625,21,4,,1
8700,'6-1',1101,,516660,20,4,,1,30,,516657,20,4,,1,70,,516652,20,4,,1,30,,516646,20,4,,1,70,,516661,20,4,,1,30,,516651,20,4,,1,70,,516654,20,4,,1,30,,516649,20,4,,1,70,,516658,20,4,,1,30,,516648,20,4,,1,70,,516656,20,4,,1,30,,516659,20,4,,1,70,,516653,20,4,,1,29,,516650,20,4,,1,70,,516662,20,4,,1,29,,516647,20,4,,1,30,,516655,20,4,,1
8700,'7-1',614,,516708,11,4,,1,30,,516682,11,4,,1,59,,516683,11,4,,1,17,,516688,11,4,,1,12,,516665,11,4,,1,16,,516689,11,4,,1,60,,516697,21,4,,1,13,,516678,11,4,,1,17,,516681,21,4,,1,17,,516687,21,4,,1,57,,516706,21,4,,1,15,,516713,21,4,,1,13,,516669,21,4,,1,15,,516675,21,4,,1,55,,516710,21,4,,1,15,,516679,21,4,,1,15,,516684,21,4,,1,15,,516673,21,4,,1,55,,516705,21,4,,1,15,,516686,21,4,,1,15,,516715,21,4,,1,15,,516663,21,4,,1,55,,516668,21,4,,1,15,,516671,21,4,,1,15,,516702,21,4,,1,15,,516701,21,4,,1,55,,516690,21,4,,1,16,,516685,21,4,,1,15,,516680,21,4,,1,15,,516691,21,4,,1,55,,516692,21,4,,1,15,,516677,21,4,,1,15,,516711,21,4,,1,15,,516693,21,4,,1,55,,516696,21,4,,1,15,,516670,21,4,,1,17,,516674,21,4,,1,15,,516700,21,4,,1,56,,516664,21,4,,1,15,,516704,21,4,,1,15,,516694,21,4,,1,15,,516703,21,4,,1,56,,516714,21,4,,1,29,,516666,21,4,,1,70,,516676,21,4,,1,27,,516709,21,4,,1,70,,516712,21,4,,1,29,,516707,21,4,,1,68,,516698,21,4,,1,33,,516699,21,4,,1,68,,516667,21,4,,1,30,,516672,21,4,,1,70,,516695,21,4,,1
8700,'8-1',614,,516761,11,4,,1,30,,516735,11,4,,1,59,,516736,11,4,,1,17,,516741,11,4,,1,12,,516718,11,4,,1,16,,516742,11,4,,1,60,,516750,21,4,,1,13,,516731,11,4,,1,17,,516734,21,4,,1,17,,516740,21,4,,1,57,,516759,21,4,,1,15,,516766,21,4,,1,13,,516722,21,4,,1,15,,516728,21,4,,1,55,,516763,21,4,,1,15,,516732,21,4,,1,15,,516737,21,4,,1,15,,516726,21,4,,1,55,,516758,21,4,,1,15,,516739,21,4,,1,15,,516768,21,4,,1,15,,516716,21,4,,1,55,,516721,21,4,,1,15,,516724,21,4,,1,15,,516755,21,4,,1,15,,516754,21,4,,1,55,,516743,21,4,,1,16,,516738,21,4,,1,15,,516733,21,4,,1,15,,516744,21,4,,1,55,,516745,21,4,,1,15,,516730,21,4,,1,15,,516764,21,4,,1,15,,516746,21,4,,1,55,,516749,21,4,,1,15,,516723,21,4,,1,17,,516727,21,4,,1,15,,516753,21,4,,1,56,,516717,21,4,,1,15,,516757,21,4,,1,15,,516747,21,4,,1,15,,516756,21,4,,1,56,,516767,21,4,,1,29,,516719,21,4,,1,70,,516729,21,4,,1,27,,516762,21,4,,1,70,,516765,21,4,,1,29,,516760,21,4,,1,68,,516751,21,4,,1,33,,516752,21,4,,1,68,,516720,21,4,,1,30,,516725,21,4,,1,70,,516748,21,4,,1
8700,'9-1',614,,516814,11,4,,1,30,,516788,11,4,,1,59,,516789,11,4,,1,17,,516794,11,4,,1,12,,516771,11,4,,1,16,,516795,11,4,,1,60,,516803,21,4,,1,13,,516784,11,4,,1,17,,516787,21,4,,1,17,,516793,21,4,,1,57,,516812,21,4,,1,15,,516819,21,4,,1,13,,516775,21,4,,1,15,,516781,21,4,,1,55,,516816,21,4,,1,15,,516785,21,4,,1,15,,516790,21,4,,1,15,,516779,21,4,,1,55,,516811,21,4,,1,15,,516792,21,4,,1,15,,516821,21,4,,1,15,,516769,21,4,,1,55,,516774,21,4,,1,15,,516777,21,4,,1,15,,516808,21,4,,1,15,,516807,21,4,,1,55,,516796,21,4,,1,16,,516791,21,4,,1,15,,516786,21,4,,1,15,,516797,21,4,,1,55,,516798,21,4,,1,15,,516783,21,4,,1,15,,516817,21,4,,1,15,,516799,21,4,,1,55,,516802,21,4,,1,15,,516776,21,4,,1,17,,516780,21,4,,1,15,,516806,21,4,,1,56,,516770,21,4,,1,15,,516810,21,4,,1,15,,516800,21,4,,1,15,,516809,21,4,,1,56,,516820,21,4,,1,29,,516772,21,4,,1,70,,516782,21,4,,1,27,,516815,21,4,,1,70,,516818,21,4,,1,29,,516813,21,4,,1,68,,516804,21,4,,1,33,,516805,21,4,,1,68,,516773,21,4,,1,30,,516778,21,4,,1,70,,516801,21,4,,1
8701,'1-1',627,,516824,1,0,79,1,21,,516869,1,0,79,1,62,,516861,1,0,79,1,13,,516852,1,,,1,15,,516849,1,,,1,16,,516823,1,,,1,56,,516859,1,,,1,15,,516840,1,,,1,15,,516851,1,,,1,15,,516874,1,,,1,55,,516839,1,,,1,15,,516873,1,,,1,15,,516860,1,,,1,15,,516828,1,,,1,55,,516829,1,,,1,15,,516842,1,,,1,15,,516875,1,,,1,15,,516866,1,,,1,55,,516835,1,,,1,15,,516830,1,,,1,15,,516843,1,,,1,15,,516872,1,,,1,55,,516867,1,,,1,15,,516825,1,,,1,15,,516858,1,,,1,15,,516848,1,,,1,55,,516857,1,,,1,15,,516856,1,,,1,15,,516865,1,,,1,15,,516864,1,,,1,54,,516837,1,,,1,15,,516836,1,,,1,15,,516844,1,,,1,15,,516868,1,,,1,54,,516846,1,,,1,15,,516838,1,,,1,15,,516822,1,,,1,15,,516834,1,,,1,51,,516854,1,,,1,16,,516845,1,,,1,15,,516826,1,,,1,13,,516870,1,,,1,57,,516853,1,,,1,16,,516841,1,,,1,17,,516847,1,,,1,17,,516832,1,,,1,53,,516855,1,,,1,29,,516871,1,,,1,72,,516862,1,,,1,33,,516833,1,,,1,68,,516850,1,,,1,33,,516827,1,,,1,70,,516863,1,,,1,30,,516831,1,,,1
8701,'2-1',1106,,516896,1,,,1,30,,516903,1,,,1,70,,516905,1,,,1,30,,516904,1,,,1,70,,516885,1,,,1,30,,516882,1,,,1,70,,516908,1,,,1,30,,516897,1,,,1,70,,516894,1,,,1,30,,516886,1,,,1,70,,516902,1,,,1,30,,516883,1,,,1,70,,516881,1,,,1,30,,516911,1,,,1,70,,516880,1,,,1,30,,516892,1,,,1,70,,516907,1,,,1,15,,516901,1,,,1,15,,516890,1,,,1,15,,516899,1,,,1,55,,516879,1,,,1,15,,516909,1,,,1,15,,516906,1,,,1,15,,516891,1,,,1,55,,516888,1,,,1,15,,516876,1,,,1,15,,516900,1,,,1,15,,516878,1,,,1,55,,516889,1,,,1,15,,516912,1,,,1,15,,516893,1,,,1,15,,516895,1,,,1,55,,516910,1,,,1,15,,516898,1,,,1,15,,516877,1,,,1,15,,516887,1,,,0,55,,516884,1,,,1
8701,'3-1',818,,516929,1,,,1,30,,516922,1,,,1,70,,516923,1,,,1,30,,516921,1,,,1,70,,516919,1,,,1,30,,516915,1,,,1,70,,516924,1,,,1,30,,516918,1,,,1,70,,516930,1,,,1,30,,516914,1,,,1,70,,516913,1,,,1,30,,516927,1,,,1,70,,516917,1,,,1,30,,516928,1,,,1,70,,516933,1,,,1,30,,516931,1,,,1,70,,516925,1,,,1,30,,516916,1,,,1,70,,516934,1,,,1,30,,516920,1,,,1,70,,516932,1,,,1,30,,516926,1,,,1,70,,516935,1,,,1
8701,'4-1',818,,516937,1,,,1,30,,516941,1,,,1,70,,516939,1,,,1,30,,516957,1,,,1,70,,516946,1,,,1,30,,516956,1,,,1,70,,516945,1,,,1,30,,516950,1,,,1,100,,516943,1,,,1,70,,516942,1,,,1,30,,516940,1,,,1,70,,516955,1,,,1,30,,516951,1,,,1,70,,516949,1,,,1,30,,516952,1,,,1,70,,516944,1,,,1,30,,516954,1,,,1,70,,516953,1,,,1,30,,516938,1,,,1,70,,516948,1,,,1,30,,516936,1,,,1,70,,516947,1,,,1
8701,'5-1',627,,516960,1,0,79,1,21,,517005,1,0,79,1,62,,516997,1,0,79,1,13,,516988,1,,,1,15,,516985,1,,,1,16,,516959,1,,,1,56,,516995,1,,,1,15,,516976,1,,,1,15,,516987,1,,,1,15,,517010,1,,,1,55,,516975,1,,,1,15,,517009,1,,,1,15,,516996,1,,,1,15,,516964,1,,,1,55,,516965,1,,,1,15,,516978,1,,,1,15,,517011,1,,,1,15,,517002,1,,,1,55,,516971,1,,,1,15,,516966,1,,,1,15,,516979,1,,,1,15,,517008,1,,,1,55,,517003,1,,,1,15,,516961,1,,,1,15,,516994,1,,,1,15,,516984,1,,,1,55,,516993,1,,,1,15,,516992,1,,,1,15,,517001,1,,,1,15,,517000,1,,,1,54,,516973,1,,,1,15,,516972,1,,,1,15,,516980,1,,,1,15,,517004,1,,,1,54,,516982,1,,,1,15,,516974,1,,,1,15,,516958,1,,,1,15,,516970,1,,,1,51,,516990,1,,,1,16,,516981,1,,,1,15,,516962,1,,,1,13,,517006,1,,,1,57,,516989,1,,,1,16,,516977,1,,,1,17,,516983,1,,,1,17,,516968,1,,,1,53,,516991,1,,,1,29,,517007,1,,,1,72,,516998,1,,,1,33,,516969,1,,,1,68,,516986,1,,,1,33,,516963,1,,,1,70,,516999,1,,,1,30,,516967,1,,,1
8701,'6-1',1106,,517018,1,,,1,30,,517022,1,,,1,70,,517020,1,,,1,30,,517026,1,,,1,70,,517019,1,,,1,30,,517028,1,,,1,70,,517024,1,,,1,30,,517015,1,,,1,70,,517017,1,,,1,30,,517014,1,,,1,70,,517021,1,,,1,30,,517016,1,,,1,70,,517027,1,,,1,30,,517025,1,,,1,70,,517012,1,,,1,30,,517013,1,,,1,70,,517023,1,,,1
8701,'7-1',627,,517031,1,0,79,1,21,,517076,1,0,79,1,62,,517068,1,0,79,1,13,,517059,1,,,1,15,,517056,1,,,1,16,,517030,1,,,1,56,,517066,1,,,1,15,,517047,1,,,1,15,,517058,1,,,1,15,,517081,1,,,1,55,,517046,1,,,1,15,,517080,1,,,1,15,,517067,1,,,1,15,,517035,1,,,1,55,,517036,1,,,1,15,,517049,1,,,1,15,,517082,1,,,1,15,,517073,1,,,1,55,,517042,1,,,1,15,,517037,1,,,1,15,,517050,1,,,1,15,,517079,1,,,1,55,,517074,1,,,1,15,,517032,1,,,1,15,,517065,1,,,1,15,,517055,1,,,1,55,,517064,1,,,1,15,,517063,1,,,1,15,,517072,1,,,1,15,,517071,1,,,1,54,,517044,1,,,1,15,,517043,1,,,1,15,,517051,1,,,1,15,,517075,1,,,1,54,,517053,1,,,1,15,,517045,1,,,1,15,,517029,1,,,1,15,,517041,1,,,1,51,,517061,1,,,1,16,,517052,1,,,1,15,,517033,1,,,1,13,,517077,1,,,1,57,,517060,1,,,1,16,,517048,1,,,1,17,,517054,1,,,1,17,,517039,1,,,1,53,,517062,1,,,1,29,,517078,1,,,1,72,,517069,1,,,1,33,,517040,1,,,1,68,,517057,1,,,1,33,,517034,1,,,1,70,,517070,1,,,1,30,,517038,1,,,1
8701,'8-1',627,,517085,1,0,79,1,21,,517130,1,0,79,1,62,,517122,1,0,79,1,13,,517113,1,,,1,15,,517110,1,,,1,16,,517084,1,,,1,56,,517120,1,,,1,15,,517101,1,,,1,15,,517112,1,,,1,15,,517135,1,,,1,55,,517100,1,,,1,15,,517134,1,,,1,15,,517121,1,,,1,15,,517089,1,,,1,55,,517090,1,,,1,15,,517103,1,,,1,15,,517136,1,,,1,15,,517127,1,,,1,55,,517096,1,,,1,15,,517091,1,,,1,15,,517104,1,,,1,15,,517133,1,,,1,55,,517128,1,,,1,15,,517086,1,,,1,15,,517119,1,,,1,15,,517109,1,,,1,55,,517118,1,,,1,15,,517117,1,,,1,15,,517126,1,,,1,15,,517125,1,,,1,54,,517098,1,,,1,15,,517097,1,,,1,15,,517105,1,,,1,15,,517129,1,,,1,54,,517107,1,,,1,15,,517099,1,,,1,15,,517083,1,,,1,15,,517095,1,,,1,51,,517115,1,,,1,16,,517106,1,,,1,15,,517087,1,,,1,13,,517131,1,,,1,57,,517114,1,,,1,16,,517102,1,,,1,17,,517108,1,,,1,17,,517093,1,,,1,53,,517116,1,,,1,29,,517132,1,,,1,72,,517123,1,,,1,33,,517094,1,,,1,68,,517111,1,,,1,33,,517088,1,,,1,70,,517124,1,,,1,30,,517092,1,,,1
8701,'9-1',627,,517139,1,0,79,1,21,,517184,1,0,79,1,62,,517176,1,0,79,1,13,,517167,1,,,1,15,,517164,1,,,1,16,,517138,1,,,1,56,,517174,1,,,1,15,,517155,1,,,1,15,,517166,1,,,1,15,,517189,1,,,1,55,,517154,1,,,1,15,,517188,1,,,1,15,,517175,1,,,1,15,,517143,1,,,1,55,,517144,1,,,1,15,,517157,1,,,1,15,,517190,1,,,1,15,,517181,1,,,1,55,,517150,1,,,1,15,,517145,1,,,1,15,,517158,1,,,1,15,,517187,1,,,1,55,,517182,1,,,1,15,,517140,1,,,1,15,,517173,1,,,1,15,,517163,1,,,1,55,,517172,1,,,1,15,,517171,1,,,1,15,,517180,1,,,1,15,,517179,1,,,1,54,,517152,1,,,1,15,,517151,1,,,1,15,,517159,1,,,1,15,,517183,1,,,1,54,,517161,1,,,1,15,,517153,1,,,1,15,,517137,1,,,1,15,,517149,1,,,1,51,,517169,1,,,1,16,,517160,1,,,1,15,,517141,1,,,1,13,,517185,1,,,1,57,,517168,1,,,1,16,,517156,1,,,1,17,,517162,1,,,1,17,,517147,1,,,1,53,,517170,1,,,1,29,,517186,1,,,1,72,,517177,1,,,1,33,,517148,1,,,1,68,,517165,1,,,1,33,,517142,1,,,1,70,,517178,1,,,1,30,,517146,1,,,1
25600,'1-1',608,,529695,48,4,,1,30,,529692,48,4,,1,70,,529694,48,4,,1,30,,529693,48,4,,1,70,,529696,48,4,,1,30,,529697,48,4,,1,70,,529691,48,4,,1
25600,'5-1',608,,529702,48,4,,1,30,,529699,48,4,,1,70,,529701,48,4,,1,30,,529700,48,4,,1,70,,529703,48,4,,1,30,,529704,48,4,,1,70,,529698,48,4,,1
25600,'7-1',608,,529709,48,4,,1,30,,529706,48,4,,1,70,,529708,48,4,,1,30,,529707,48,4,,1,70,,529710,48,4,,1,30,,529711,48,4,,1,70,,529705,48,4,,1
25600,'8-1',608,,529716,48,4,,1,30,,529713,48,4,,1,70,,529715,48,4,,1,30,,529714,48,4,,1,70,,529717,48,4,,1,30,,529718,48,4,,1,70,,529712,48,4,,1
25600,'9-1',608,,529723,48,4,,1,30,,529720,48,4,,1,70,,529722,48,4,,1,30,,529721,48,4,,1,70,,529724,48,4,,1,30,,529725,48,4,,1,70,,529719,48,4,,1
25601,'1-1',1459,,529733,1,,,1,71,,529730,1,,,1,29,,529729,1,,,1,71,,529732,1,,,1,71,,529727,1,,,1,29,,529728,1,,,1,70,,529731,1,,,1,36,,529726,1,,,1
25601,'5-1',1459,,529741,1,,,1,71,,529738,1,,,1,29,,529737,1,,,1,71,,529740,1,,,1,71,,529735,1,,,1,29,,529736,1,,,1,70,,529739,1,,,1,36,,529734,1,,,1
25601,'7-1',1459,,529749,1,,,1,71,,529746,1,,,1,29,,529745,1,,,1,71,,529748,1,,,1,71,,529743,1,,,1,29,,529744,1,,,1,70,,529747,1,,,1,36,,529742,1,,,1
25601,'8-1',1459,,529757,1,,,1,71,,529754,1,,,1,29,,529753,1,,,1,71,,529756,1,,,1,71,,529751,1,,,1,29,,529752,1,,,1,70,,529755,1,,,1,36,,529750,1,,,1
25601,'9-1',1459,,529765,1,,,1,71,,529762,1,,,1,29,,529761,1,,,1,71,,529764,1,,,1,71,,529759,1,,,1,29,,529760,1,,,1,70,,529763,1,,,1,36,,529758,1,,,1
26100,'1-1',625,,529767,29,4,,1,89,,529769,29,4,,1,44,,529768,29,4,,1,95,,529766,29,4,,1
26100,'5-1',625,,529771,29,4,,1,89,,529773,29,4,,1,44,,529772,29,4,,1,95,,529770,29,4,,1
26100,'7-1',625,,529775,29,4,,1,89,,529777,29,4,,1,44,,529776,29,4,,1,95,,529774,29,4,,1
26100,'8-1',625,,529779,29,4,,1,89,,529781,29,4,,1,44,,529780,29,4,,1,95,,529778,29,4,,1
26100,'9-1',625,,529783,29,4,,1,89,,529785,29,4,,1,44,,529784,29,4,,1,95,,529782,29,4,,1
26101,'1-1',1523,,529789,1,,,1,90,,529787,1,,,1,95,,529786,1,,,1,108,,529788,1,,,1
26101,'5-1',1523,,529793,1,,,1,90,,529791,1,,,1,95,,529790,1,,,1,108,,529792,1,,,1
26101,'7-1',1523,,529797,1,,,1,90,,529795,1,,,1,95,,529794,1,,,1,108,,529796,1,,,1
26101,'8-1',1523,,529801,1,,,1,90,,529799,1,,,1,95,,529798,1,,,1,108,,529800,1,,,1
26101,'9-1',1523,,529805,1,,,1,90,,529803,1,,,1,95,,529802,1,,,1,108,,529804,1,,,1
26200,'1-1',618,,529808,29,4,,1,99,,529807,29,4,,1,29,,529809,29,4,,1,95,,529806,29,4,,1
26200,'5-1',618,,529812,29,4,,1,99,,529811,29,4,,1,29,,529813,29,4,,1,95,,529810,29,4,,1
26200,'7-1',618,,529816,29,4,,1,99,,529815,29,4,,1,29,,529817,29,4,,1,95,,529814,29,4,,1
26200,'8-1',618,,529820,29,4,,1,99,,529819,29,4,,1,29,,529821,29,4,,1,95,,529818,29,4,,1
26200,'9-1',618,,529824,29,4,,1,99,,529823,29,4,,1,29,,529825,29,4,,1,95,,529822,29,4,,1
26201,'1-1',1506,,529829,1,,,1,100,,529828,1,,,1,31,,529830,1,,,1,93,,529827,1,,,1,102,,529826,1,,,1
26201,'5-1',1506,,529834,1,,,1,100,,529833,1,,,1,31,,529835,1,,,1,93,,529832,1,,,1,102,,529831,1,,,1
26201,'7-1',1506,,529839,1,,,1,100,,529838,1,,,1,31,,529840,1,,,1,93,,529837,1,,,1,102,,529836,1,,,1
26201,'8-1',1506,,529844,1,,,1,100,,529843,1,,,1,31,,529845,1,,,1,93,,529842,1,,,1,102,,529841,1,,,1
26201,'9-1',1506,,529849,1,,,1,100,,529848,1,,,1,31,,529850,1,,,1,93,,529847,1,,,1,102,,529846,1,,,1
26300,'1-1',649,,529851,42,4,,1,108,,529853,42,4,,1,99,,529852,42,4,,1
26300,'5-1',649,,529854,42,4,,1,108,,529856,42,4,,1,99,,529855,42,4,,1
26300,'7-1',649,,529857,42,4,,1,108,,529859,42,4,,1,99,,529858,42,4,,1
26300,'8-1',649,,529860,42,4,,1,108,,529862,42,4,,1,99,,529861,42,4,,1
26300,'9-1',649,,529863,42,4,,1,108,,529865,42,4,,1,99,,529864,42,4,,1
26301,'1-1',1536,,529866,1,,,1,86,,529867,1,,,1,104,,529868,1,,,1,90,,529869,1,,,1
26301,'5-1',1536,,529870,1,,,1,86,,529871,1,,,1,104,,529872,1,,,1,90,,529873,1,,,1
26301,'7-1',1536,,529874,1,,,1,86,,529875,1,,,1,104,,529876,1,,,1,90,,529877,1,,,1
26301,'8-1',1536,,529878,1,,,1,86,,529879,1,,,1,104,,529880,1,,,1,90,,529881,1,,,1
26301,'9-1',1536,,529882,1,,,1,86,,529883,1,,,1,104,,529884,1,,,1,90,,529885,1,,,1
26500,'1-1',631,,529887,48,4,,1,75,,529892,48,4,,1,28,,529886,48,4,,1,73,,529888,48,4,,1,29,,529889,48,4,,1,71,,529891,48,4,,1,28,,529890,48,4,,1
26500,'5-1',631,,529894,48,4,,1,75,,529899,48,4,,1,28,,529893,48,4,,1,73,,529895,48,4,,1,29,,529896,48,4,,1,71,,529898,48,4,,1,28,,529897,48,4,,1
26500,'7-1',631,,529901,48,4,,1,75,,529906,48,4,,1,28,,529900,48,4,,1,73,,529902,48,4,,1,29,,529903,48,4,,1,71,,529905,48,4,,1,28,,529904,48,4,,1
26500,'8-1',631,,529908,48,4,,1,75,,529913,48,4,,1,28,,529907,48,4,,1,73,,529909,48,4,,1,29,,529910,48,4,,1,71,,529912,48,4,,1,28,,529911,48,4,,1
26500,'9-1',631,,529915,48,4,,1,75,,529920,48,4,,1,28,,529914,48,4,,1,73,,529916,48,4,,1,29,,529917,48,4,,1,71,,529919,48,4,,1,28,,529918,48,4,,1
26501,'1-1',1532,,529922,1,,,1,100,,529924,1,,,1,72,,529921,1,,,1,30,,529923,1,,,1,68,,529926,1,,,1,30,,529925,1,,,1
26501,'5-1',1532,,529928,1,,,1,100,,529930,1,,,1,72,,529927,1,,,1,30,,529929,1,,,1,68,,529932,1,,,1,30,,529931,1,,,1
26501,'7-1',1532,,529934,1,,,1,100,,529936,1,,,1,72,,529933,1,,,1,30,,529935,1,,,1,68,,529938,1,,,1,30,,529937,1,,,1
26501,'8-1',1532,,529940,1,,,1,100,,529942,1,,,1,72,,529939,1,,,1,30,,529941,1,,,1,68,,529944,1,,,1,30,,529943,1,,,1
26501,'9-1',1532,,529946,1,,,1,100,,529948,1,,,1,72,,529945,1,,,1,30,,529947,1,,,1,68,,529950,1,,,1,30,,529949,1,,,1
26600,'1-1',625,,529951,39,4,,1,85,,529953,39,4,,1,44,,529952,39,4,,1,102,,529954,39,4,,1
26600,'5-1',625,,529955,39,4,,1,85,,529957,39,4,,1,44,,529956,39,4,,1,102,,529958,39,4,,1
26600,'7-1',625,,529959,39,4,,1,85,,529961,39,4,,1,44,,529960,39,4,,1,102,,529962,39,4,,1
26600,'8-1',625,,529963,39,4,,1,85,,529965,39,4,,1,44,,529964,39,4,,1,102,,529966,39,4,,1
26600,'9-1',625,,529967,39,4,,1,85,,529969,39,4,,1,44,,529968,39,4,,1,102,,529970,39,4,,1
26601,'1-1',1523,,529972,1,,,1,90,,529974,1,,,1,95,,529971,1,,,1,108,,529973,1,,,1
26601,'5-1',1523,,529976,1,,,1,90,,529978,1,,,1,95,,529975,1,,,1,108,,529977,1,,,1
26601,'7-1',1523,,529980,1,,,1,90,,529982,1,,,1,95,,529979,1,,,1,108,,529981,1,,,1
26601,'8-1',1523,,529984,1,,,1,90,,529986,1,,,1,95,,529983,1,,,1,108,,529985,1,,,1
26601,'9-1',1523,,529988,1,,,1,90,,529990,1,,,1,95,,529987,1,,,1,108,,529989,1,,,1
27500,'1-1',632,,529992,35,4,,1,68,,529993,35,4,,1,32,,529995,35,4,,1,25,,529996,35,4,,1,73,,529994,35,4,,1,89,,529991,35,4,,1
27500,'5-1',632,,529998,35,4,,1,68,,529999,35,4,,1,32,,530001,35,4,,1,25,,530002,35,4,,1,73,,530000,35,4,,1,89,,529997,35,4,,1
27500,'7-1',632,,530004,35,4,,1,68,,530005,35,4,,1,32,,530007,35,4,,1,25,,530008,35,4,,1,73,,530006,35,4,,1,89,,530003,35,4,,1
27500,'8-1',632,,530010,35,4,,1,68,,530011,35,4,,1,32,,530013,35,4,,1,25,,530014,35,4,,1,73,,530012,35,4,,1,89,,530009,35,4,,1
27500,'9-1',632,,530016,35,4,,1,68,,530017,35,4,,1,32,,530019,35,4,,1,25,,530020,35,4,,1,73,,530018,35,4,,1,89,,530015,35,4,,1
27501,'1-1',1452,,530026,1,,,1,66,,530027,1,,,1,32,,530025,1,,,1,72,,530021,1,,,1,30,,530022,1,,,1,72,,530023,1,,,1,32,,530024,1,,,1
27501,'5-1',1452,,530033,1,,,1,66,,530034,1,,,1,32,,530032,1,,,1,72,,530028,1,,,1,30,,530029,1,,,1,72,,530030,1,,,1,32,,530031,1,,,1
27501,'7-1',1452,,530040,1,,,1,66,,530041,1,,,1,32,,530039,1,,,1,72,,530035,1,,,1,30,,530036,1,,,1,72,,530037,1,,,1,32,,530038,1,,,1
27501,'8-1',1452,,530047,1,,,1,66,,530048,1,,,1,32,,530046,1,,,1,72,,530042,1,,,1,30,,530043,1,,,1,72,,530044,1,,,1,32,,530045,1,,,1
27501,'9-1',1452,,530054,1,,,1,66,,530055,1,,,1,32,,530053,1,,,1,72,,530049,1,,,1,30,,530050,1,,,1,72,,530051,1,,,1,32,,530052,1,,,1
27700,'1-1',641,,530056,29,4,,1,72,,530059,29,4,,1,30,,530060,29,4,,1,72,,530061,29,4,,1,31,,530057,29,4,,1,83,,530058,29,4,,1
27700,'5-1',641,,530062,29,4,,1,72,,530065,29,4,,1,30,,530066,29,4,,1,72,,530067,29,4,,1,31,,530063,29,4,,1,83,,530064,29,4,,1
27700,'7-1',641,,530068,29,4,,1,72,,530071,29,4,,1,30,,530072,29,4,,1,72,,530073,29,4,,1,31,,530069,29,4,,1,83,,530070,29,4,,1
27700,'8-1',641,,530074,29,4,,1,72,,530077,29,4,,1,30,,530078,29,4,,1,72,,530079,29,4,,1,31,,530075,29,4,,1,83,,530076,29,4,,1
27700,'9-1',641,,530080,29,4,,1,72,,530083,29,4,,1,30,,530084,29,4,,1,72,,530085,29,4,,1,31,,530081,29,4,,1,83,,530082,29,4,,1
27701,'1-1',1458,,530086,1,,,1,69,,530089,1,,,1,32,,530090,1,,,1,69,,530091,1,,,1,31,,530088,1,,,1,100,,530087,1,,,1
27701,'5-1',1458,,530092,1,,,1,69,,530095,1,,,1,32,,530096,1,,,1,69,,530097,1,,,1,31,,530094,1,,,1,100,,530093,1,,,1
27701,'7-1',1458,,530098,1,,,1,69,,530101,1,,,1,32,,530102,1,,,1,69,,530103,1,,,1,31,,530100,1,,,1,100,,530099,1,,,1
27701,'8-1',1458,,530104,1,,,1,69,,530107,1,,,1,32,,530108,1,,,1,69,,530109,1,,,1,31,,530106,1,,,1,100,,530105,1,,,1
27701,'9-1',1458,,530110,1,,,1,69,,530113,1,,,1,32,,530114,1,,,1,69,,530115,1,,,1,31,,530112,1,,,1,100,,530111,1,,,1
27900,'1-1',708,,530118,45,4,,1,104,,530119,45,4,,1,101,,530117,45,4,,1
27900,'5-1',708,,530122,45,4,,1,104,,530123,45,4,,1,101,,530121,45,4,,1
27900,'7-1',708,,530126,45,4,,1,104,,530127,45,4,,1,101,,530125,45,4,,1
27900,'8-1',708,,530130,45,4,,1,104,,530131,45,4,,1,101,,530129,45,4,,1
27900,'9-1',708,,530134,45,4,,1,104,,530135,45,4,,1,101,,530133,45,4,,1
27901,'1-1',1510,,530136,1,,,1,102,,530139,1,,,1,101,,530137,1,,,1,99,,530138,1,,,1
27901,'5-1',1510,,530140,1,,,1,102,,530143,1,,,1,101,,530141,1,,,1,99,,530142,1,,,1
27901,'7-1',1510,,530144,1,,,1,102,,530147,1,,,1,101,,530145,1,,,1,99,,530146,1,,,1
27901,'8-1',1510,,530148,1,,,1,102,,530151,1,,,1,101,,530149,1,,,1,99,,530150,1,,,1
27901,'9-1',1510,,530152,1,,,1,102,,530155,1,,,1,101,,530153,1,,,1,99,,530154,1,,,1
