1100,'1-1',426,,569924,1,,,1,30,,569871,1,,,1,70,,569902,1,,,1,15,,569930,1,,,1,15,,569919,1,,,1,53,,569910,1,,,1,17,,569916,1,,,1,15,,569913,1,,,1,15,,569899,1,,,1,55,,569877,1,,,1,15,,569884,1,,,1,15,,569903,1,,,1,15,,569929,1,,,1,55,,569886,1,,,1,15,,569870,1,,,1,15,,569923,17,,,1,14,,569907,1,,,1,56,,569873,17,,,1,13,,569921,1,,,1,14,,569922,17,,,1,16,,569915,1,,,1,56,,569878,17,,,1,15,,569881,1,,,1,14,,569896,17,,,1,14,,569891,1,,,1,55,,569872,17,,,1,15,,569869,1,,,1,13,,569890,17,,,1,16,,569926,1,,,1,54,,569893,17,,,1,15,,569897,1,,,1,15,,569889,17,,,1,14,,569928,1,,,1,54,,569917,17,,,1,16,,569883,1,,,1,15,,569894,17,,,1,16,,569868,1,,,1,54,,569887,17,,,1,13,,569911,1,,,1,15,,569892,17,,,1,14,,569875,1,,,1,54,,569879,17,,,1,10,,569895,1,,,1,11,,569908,17,,,1,36,,569905,17,,,1,56,,569912,1,,,1,16,,569882,17,,,1,15,,569918,1,,,1,14,,569885,17,,,1,57,,569927,1,,,1,13,,569888,17,,,1,28,,569925,17,,,1,70,,569906,17,,,1,30,,569867,17,,,1,69,,569874,17,,,1,30,,569920,17,,,1,70,,569876,17,,,1,30,,569898,17,,,1,70,,569900,17,,,1,74,,569914,1,,,1,33,,569901,1,,,1,71,,569909,1,,,1,30,,569904,1,,,1,72,,569880,1,,,1
1100,'10-1',426,,569954,1,,,1,30,,569971,1,,,1,70,,569964,1,,,1,15,,569957,1,,,1,15,,569946,1,,,1,53,,569994,1,,,1,17,,569945,1,,,1,15,,569935,1,,,1,15,,569956,1,,,1,55,,569932,1,,,1,15,,569942,1,,,1,15,,569982,1,,,1,15,,569933,1,,,1,55,,569931,1,,,1,15,,569980,1,,,1,15,,569961,17,,,1,14,,569993,1,,,1,56,,569970,17,,,1,13,,569987,1,,,1,14,,569934,17,,,1,16,,569965,1,,,1,56,,569985,17,,,1,15,,569992,1,,,1,14,,569972,17,,,1,14,,569949,1,,,1,55,,569975,17,,,1,15,,569940,1,,,1,13,,569963,17,,,1,16,,569983,1,,,1,54,,569953,17,,,1,15,,569959,1,,,1,15,,569977,17,,,1,14,,569951,1,,,1,54,,569986,17,,,1,16,,569962,1,,,1,15,,569944,17,,,1,16,,569955,1,,,1,54,,569979,17,,,1,13,,569939,1,,,1,15,,569981,17,,,1,14,,569991,1,,,1,54,,569943,17,,,1,10,,569976,1,,,1,11,,569989,17,,,1,36,,569968,17,,,1,56,,569988,1,,,1,16,,569974,17,,,1,15,,569936,1,,,1,14,,569958,17,,,1,57,,569967,1,,,1,13,,569973,17,,,1,28,,569938,17,,,1,70,,569960,17,,,1,30,,569941,17,,,1,69,,569948,17,,,1,30,,569950,17,,,1,70,,569947,17,,,1,30,,569937,17,,,1,70,,569969,17,,,1,74,,569952,1,,,1,33,,569984,1,,,1,71,,569966,1,,,1,30,,569990,1,,,1,72,,569978,1,,,1
1100,'11-1',426,,570018,1,,,1,30,,570035,1,,,1,70,,570028,1,,,1,15,,570021,1,,,1,15,,570010,1,,,1,53,,570058,1,,,1,17,,570009,1,,,1,15,,569999,1,,,1,15,,570020,1,,,1,55,,569996,1,,,1,15,,570006,1,,,1,15,,570046,1,,,1,15,,569997,1,,,1,55,,569995,1,,,1,15,,570044,1,,,1,15,,570025,17,,,1,14,,570057,1,,,1,56,,570034,17,,,1,13,,570051,1,,,1,14,,569998,17,,,1,16,,570029,1,,,1,56,,570049,17,,,1,15,,570056,1,,,1,14,,570036,17,,,1,14,,570013,1,,,1,55,,570039,17,,,1,15,,570004,1,,,1,13,,570027,17,,,1,16,,570047,1,,,1,54,,570017,17,,,1,15,,570023,1,,,1,15,,570041,17,,,1,14,,570015,1,,,1,54,,570050,17,,,1,16,,570026,1,,,1,15,,570008,17,,,1,16,,570019,1,,,1,54,,570043,17,,,1,13,,570003,1,,,1,15,,570045,17,,,1,14,,570055,1,,,1,54,,570007,17,,,1,10,,570040,1,,,1,11,,570053,17,,,1,36,,570032,17,,,1,56,,570052,1,,,1,16,,570038,17,,,1,15,,570000,1,,,1,14,,570022,17,,,1,57,,570031,1,,,1,13,,570037,17,,,1,28,,570002,17,,,1,70,,570024,17,,,1,30,,570005,17,,,1,69,,570012,17,,,1,30,,570014,17,,,1,70,,570011,17,,,1,30,,570001,17,,,1,70,,570033,17,,,1,74,,570016,1,,,1,33,,570048,1,,,1,71,,570030,1,,,1,30,,570054,1,,,1,72,,570042,1,,,1
1100,'2-1',426,,570082,1,,,1,30,,570099,1,,,1,70,,570092,1,,,1,15,,570085,1,,,1,15,,570074,1,,,1,53,,570122,1,,,1,17,,570073,1,,,1,15,,570063,1,,,1,15,,570084,1,,,1,55,,570060,1,,,1,15,,570070,1,,,1,15,,570110,1,,,1,15,,570061,1,,,1,55,,570059,1,,,1,15,,570108,1,,,1,15,,570089,17,,,1,14,,570121,1,,,1,56,,570098,17,,,1,13,,570115,1,,,1,14,,570062,17,,,1,16,,570093,1,,,1,56,,570113,17,,,1,15,,570120,1,,,1,14,,570100,17,,,1,14,,570077,1,,,1,55,,570103,17,,,1,15,,570068,1,,,1,13,,570091,17,,,1,16,,570111,1,,,1,54,,570081,17,,,1,15,,570087,1,,,1,15,,570105,17,,,1,14,,570079,1,,,1,54,,570114,17,,,1,16,,570090,1,,,1,15,,570072,17,,,1,16,,570083,1,,,1,54,,570107,17,,,1,13,,570067,1,,,1,15,,570109,17,,,1,14,,570119,1,,,1,54,,570071,17,,,1,10,,570104,1,,,1,11,,570117,17,,,1,36,,570096,17,,,1,56,,570116,1,,,1,16,,570102,17,,,1,15,,570064,1,,,1,14,,570086,17,,,1,57,,570095,1,,,1,13,,570101,17,,,1,28,,570066,17,,,1,70,,570088,17,,,1,30,,570069,17,,,1,69,,570076,17,,,1,30,,570078,17,,,1,70,,570075,17,,,1,30,,570065,17,,,1,70,,570097,17,,,1,74,,570080,1,,,1,33,,570112,1,,,1,71,,570094,1,,,1,30,,570118,1,,,1,72,,570106,1,,,1
1100,'3-1',626,,570131,1,,,1,30,,570142,1,,,1,70,,570155,1,,,1,30,,570139,1,,,1,70,,570126,1,,,1,30,,570146,1,,,1,67,,570153,17,,,1,30,,570147,1,,,1,71,,570140,17,,,1,30,,570151,17,,,1,70,,570154,17,,,1,30,,570144,17,,,1,70,,570128,17,,,1,30,,570129,17,,,1,70,,570134,17,,,1,30,,570145,17,,,1,70,,570150,17,,,1,30,,570149,17,,,1,70,,570125,17,,,1,30,,570148,17,,,1,70,,570123,17,,,1,30,,570138,17,,,1,100,,570143,17,,,1,70,,570127,17,,,1,30,,570133,17,,,1,96,,570156,1,,,1,70,,570152,1,,,1,30,,570132,1,,,1,70,,570124,1,,,1,30,,570136,1,,,1,70,,570130,1,,,1,30,,570137,1,,,1,70,,570141,1,,,1,30,,570135,1,,,1
1100,'4-1',626,,570199,1,,,1,30,,570216,1,,,1,70,,570186,1,,,1,30,,570224,1,,,1,70,,570195,1,,,1,30,,570159,1,,,1,67,,570218,17,,,1,30,,570204,1,,,1,71,,570193,17,,,1,15,,570223,1,,,1,15,,570168,17,,,1,55,,570217,1,,,1,15,,570201,17,,,1,15,,570169,1,,,1,15,,570167,17,,,1,55,,570183,1,,,1,15,,570182,17,,,1,20,,570203,17,,,1,60,,570187,17,,,1,20,,570210,17,,,1,20,,570177,17,,,1,60,,570188,17,,,1,20,,570179,17,,,1,20,,570233,17,,,1,60,,570227,17,,,1,20,,570230,17,,,1,20,,570181,17,,,1,60,,570208,17,,,1,20,,570192,17,,,1,20,,570175,17,,,1,60,,570207,17,,,1,20,,570202,17,,,1,20,,570213,17,,,1,60,,570221,17,,,1,20,,570211,17,,,1,20,,570157,17,,,1,60,,570165,17,,,1,20,,570176,17,,,1,20,,570215,17,,,1,60,,570198,17,,,1,19,,570228,17,,,1,25,,570197,17,,,1,56,,570209,1,,,1,16,,570170,1,,,1,15,,570206,1,,,1,15,,570189,1,,,1,55,,570222,1,,,1,15,,570162,1,,,1,30,,570164,1,,,1,70,,570229,1,,,1,30,,570220,1,,,1,70,,570232,1,,,1
1100,'5-1',529,,570241,1,,,1,30,,570252,1,,,1,70,,570257,1,,,1,30,,570238,1,,,1,70,,570267,1,,,1,30,,570246,1,,,1,70,,570262,1,,,1,26,,570261,17,,,1,70,,570247,17,,,1,101,,570251,17,,,1,30,,570258,17,,,1,70,,570237,17,,,1,30,,570268,17,,,1,70,,570259,17,,,1,30,,570264,17,,,1,70,,570266,17,,,1,30,,570249,17,,,1,70,,570242,17,,,1,30,,570240,17,,,1,70,,570239,17,,,1,30,,570234,17,,,1,100,,570265,17,,,1,100,,570243,17,,,1,70,,570260,17,,,1,100,,570256,17,,,1,99,,570250,17,,,1,21,,570248,1,,,1,70,,570236,1,,,1,30,,570245,1,,,1,70,,570235,1,,,1,30,,570254,1,,,1,70,,570263,1,,,1,30,,570255,1,,,1,70,,570253,1,,,1,30,,570244,1,,,1
1100,'6-1',426,,570292,1,,,1,30,,570309,1,,,1,70,,570302,1,,,1,15,,570295,1,,,1,15,,570284,1,,,1,53,,570332,1,,,1,17,,570283,1,,,1,15,,570273,1,,,1,15,,570294,1,,,1,55,,570270,1,,,1,15,,570280,1,,,1,15,,570320,1,,,1,15,,570271,1,,,1,55,,570269,1,,,1,15,,570318,1,,,1,15,,570299,17,,,1,14,,570331,1,,,1,56,,570308,17,,,1,13,,570325,1,,,1,14,,570272,17,,,1,16,,570303,1,,,1,56,,570323,17,,,1,15,,570330,1,,,1,14,,570310,17,,,1,14,,570287,1,,,1,55,,570313,17,,,1,15,,570278,1,,,1,13,,570301,17,,,1,16,,570321,1,,,1,54,,570291,17,,,1,15,,570297,1,,,1,15,,570315,17,,,1,14,,570289,1,,,1,54,,570324,17,,,1,16,,570300,1,,,1,15,,570282,17,,,1,16,,570293,1,,,1,54,,570317,17,,,1,13,,570277,1,,,1,15,,570319,17,,,1,14,,570329,1,,,1,54,,570281,17,,,1,10,,570314,1,,,1,11,,570327,17,,,1,36,,570306,17,,,1,56,,570326,1,,,1,16,,570312,17,,,1,15,,570274,1,,,1,14,,570296,17,,,1,57,,570305,1,,,1,13,,570311,17,,,1,28,,570276,17,,,1,70,,570298,17,,,1,30,,570279,17,,,1,69,,570286,17,,,1,30,,570288,17,,,1,70,,570285,17,,,1,30,,570275,17,,,1,70,,570307,17,,,1,74,,570290,1,,,1,33,,570322,1,,,1,71,,570304,1,,,1,30,,570328,1,,,1,72,,570316,1,,,1
1100,'7-1',626,,570341,1,,,1,30,,570352,1,,,1,70,,570365,1,,,1,30,,570349,1,,,1,70,,570336,1,,,1,30,,570356,1,,,1,67,,570363,17,,,1,30,,570357,1,,,1,71,,570350,17,,,1,30,,570361,17,,,1,70,,570364,17,,,1,30,,570354,17,,,1,70,,570338,17,,,1,30,,570339,17,,,1,70,,570344,17,,,1,30,,570355,17,,,1,70,,570360,17,,,1,30,,570359,17,,,1,70,,570335,17,,,1,30,,570358,17,,,1,70,,570333,17,,,1,30,,570348,17,,,1,100,,570353,17,,,1,70,,570337,17,,,1,30,,570343,17,,,1,96,,570366,1,,,1,70,,570362,1,,,1,30,,570342,1,,,1,70,,570334,1,,,1,30,,570346,1,,,1,70,,570340,1,,,1,30,,570347,1,,,1,70,,570351,1,,,1,30,,570345,1,,,1
1100,'8-1',426,,570390,1,,,1,30,,570407,1,,,1,70,,570400,1,,,1,15,,570393,1,,,1,15,,570382,1,,,1,53,,570430,1,,,1,17,,570381,1,,,1,15,,570371,1,,,1,15,,570392,1,,,1,55,,570368,1,,,1,15,,570378,1,,,1,15,,570418,1,,,1,15,,570369,1,,,1,55,,570367,1,,,1,15,,570416,1,,,1,15,,570397,17,,,1,14,,570429,1,,,1,56,,570406,17,,,1,13,,570423,1,,,1,14,,570370,17,,,1,16,,570401,1,,,1,56,,570421,17,,,1,15,,570428,1,,,1,14,,570408,17,,,1,14,,570385,1,,,1,55,,570411,17,,,1,15,,570376,1,,,1,13,,570399,17,,,1,16,,570419,1,,,1,54,,570389,17,,,1,15,,570395,1,,,1,15,,570413,17,,,1,14,,570387,1,,,1,54,,570422,17,,,1,16,,570398,1,,,1,15,,570380,17,,,1,16,,570391,1,,,1,54,,570415,17,,,1,13,,570375,1,,,1,15,,570417,17,,,1,14,,570427,1,,,1,54,,570379,17,,,1,10,,570412,1,,,1,11,,570425,17,,,1,36,,570404,17,,,1,56,,570424,1,,,1,16,,570410,17,,,1,15,,570372,1,,,1,14,,570394,17,,,1,57,,570403,1,,,1,13,,570409,17,,,1,28,,570374,17,,,1,70,,570396,17,,,1,30,,570377,17,,,1,69,,570384,17,,,1,30,,570386,17,,,1,70,,570383,17,,,1,30,,570373,17,,,1,70,,570405,17,,,1,74,,570388,1,,,1,33,,570420,1,,,1,71,,570402,1,,,1,30,,570426,1,,,1,72,,570414,1,,,1
1100,'9-1',529,,570446,1,,,1,30,,570447,1,,,1,70,,570466,1,,,1,30,,570431,1,,,1,70,,570457,1,,,1,30,,570460,1,,,1,70,,570467,1,,,1,26,,570442,17,,,1,70,,570458,17,,,1,30,,570465,17,,,1,71,,570451,17,,,1,30,,570438,17,,,1,70,,570437,17,,,1,30,,570459,17,,,1,70,,570455,17,,,1,30,,570469,17,,,1,70,,570448,17,,,1,30,,570453,17,,,1,70,,570468,17,,,1,30,,570456,17,,,1,70,,570464,17,,,1,30,,570445,17,,,1,70,,570450,17,,,1,30,,570444,17,,,1,70,,570432,17,,,1,30,,570436,17,,,1,70,,570441,17,,,1,30,,570434,17,,,1,70,,570454,17,,,1,30,,570452,17,,,1,69,,570439,17,,,1,21,,570462,1,,,1,70,,570470,1,,,1,30,,570433,1,,,1,70,,570463,1,,,1,30,,570449,1,,,1,70,,570435,1,,,1,30,,570443,1,,,1,70,,570440,1,,,1,30,,570461,1,,,1
1101,'1-1',531,,570496,59,4,,1,74,,570479,59,4,,1,34,,570478,59,4,,1,73,,570482,59,4,,1,18,,570515,59,4,,1,17,,570476,59,4,,1,55,,570489,59,4,,1,22,,570499,59,4,,1,19,,570493,59,,,1,61,,570487,59,4,,1,20,,570511,59,,,1,17,,570508,59,4,,1,59,,570485,59,,,1,14,,570481,59,4,,1,15,,570472,59,,,1,11,,570498,59,4,,1,17,,570533,59,,,1,48,,570503,59,,,1,12,,570512,59,4,,1,17,,570475,59,4,,1,14,,570532,59,,,1,56,,570523,59,4,,1,16,,570473,59,,,1,17,,570477,59,4,,1,15,,570535,59,,,1,56,,570474,59,4,,1,19,,570495,59,,,1,16,,570531,59,4,,1,14,,570526,59,,,1,53,,570517,59,4,,1,12,,570492,59,,,1,15,,570471,59,4,,1,17,,570501,59,,,1,56,,570509,59,4,,1,19,,570521,59,,,1,17,,570486,59,4,,1,57,,570516,59,,,1,15,,570514,59,4,,1,19,,570520,59,,,1,18,,570529,59,4,,1,56,,570527,59,,,1,15,,570500,59,4,,1,12,,570524,59,,,1,15,,570519,59,4,,1,49,,570490,59,,,1,24,,570513,59,,,1,14,,570530,59,4,,1,11,,570488,59,,,1,55,,570504,59,4,,1,11,,570505,59,4,,1,15,,570502,59,,,1,16,,570528,59,,,1,64,,570525,59,,,1,25,,570480,59,,,1,63,,570491,59,,,1,24,,570494,59,4,,1,30,,570483,59,4,,1,63,,570506,59,4,,1,27,,570497,59,4,,1,70,,570510,59,4,,1,25,,570518,59,4,,1,65,,570522,59,4,,1,30,,570507,59,4,,1,70,,570534,59,4,,1,30,,570484,59,4,,1
1101,'10-1',531,,570580,59,4,,1,74,,570558,59,4,,1,34,,570577,59,4,,1,73,,570543,59,4,,1,18,,570561,59,4,,1,17,,570553,59,4,,1,55,,570536,59,4,,1,22,,570599,59,4,,1,19,,570583,59,,,1,61,,570559,59,4,,1,20,,570594,59,,,1,17,,570576,59,4,,1,59,,570600,59,,,1,14,,570548,59,4,,1,15,,570571,59,,,1,11,,570566,59,4,,1,17,,570557,59,,,1,48,,570538,59,,,1,12,,570572,59,4,,1,17,,570585,59,4,,1,14,,570596,59,,,1,56,,570549,59,4,,1,16,,570595,59,,,1,17,,570556,59,4,,1,15,,570544,59,,,1,56,,570587,59,4,,1,19,,570592,59,,,1,16,,570597,59,4,,1,14,,570555,59,,,1,53,,570550,59,4,,1,12,,570552,59,,,1,15,,570565,59,4,,1,17,,570588,59,,,1,56,,570586,59,4,,1,19,,570581,59,,,1,17,,570560,59,4,,1,57,,570568,59,,,1,15,,570584,59,4,,1,19,,570537,59,,,1,18,,570573,59,4,,1,56,,570554,59,,,1,15,,570562,59,4,,1,12,,570570,59,,,1,15,,570575,59,4,,1,49,,570547,59,,,1,24,,570591,59,,,1,14,,570589,59,4,,1,11,,570545,59,,,1,55,,570567,59,4,,1,11,,570569,59,4,,1,15,,570563,59,,,1,16,,570540,59,,,1,64,,570542,59,,,1,25,,570551,59,,,1,63,,570578,59,,,1,24,,570582,59,4,,1,30,,570546,59,4,,1,63,,570598,59,4,,1,27,,570564,59,4,,1,70,,570574,59,4,,1,25,,570541,59,4,,1,65,,570590,59,4,,1,30,,570579,59,4,,1,70,,570593,59,4,,1,30,,570539,59,4,,1
1101,'11-1',531,,570645,59,4,,1,74,,570623,59,4,,1,34,,570642,59,4,,1,73,,570608,59,4,,1,18,,570626,59,4,,1,17,,570618,59,4,,1,55,,570601,59,4,,1,22,,570664,59,4,,1,19,,570648,59,,,1,61,,570624,59,4,,1,20,,570659,59,,,1,17,,570641,59,4,,1,59,,570665,59,,,1,14,,570613,59,4,,1,15,,570636,59,,,1,11,,570631,59,4,,1,17,,570622,59,,,1,48,,570603,59,,,1,12,,570637,59,4,,1,17,,570650,59,4,,1,14,,570661,59,,,1,56,,570614,59,4,,1,16,,570660,59,,,1,17,,570621,59,4,,1,15,,570609,59,,,1,56,,570652,59,4,,1,19,,570657,59,,,1,16,,570662,59,4,,1,14,,570620,59,,,1,53,,570615,59,4,,1,12,,570617,59,,,1,15,,570630,59,4,,1,17,,570653,59,,,1,56,,570651,59,4,,1,19,,570646,59,,,1,17,,570625,59,4,,1,57,,570633,59,,,1,15,,570649,59,4,,1,19,,570602,59,,,1,18,,570638,59,4,,1,56,,570619,59,,,1,15,,570627,59,4,,1,12,,570635,59,,,1,15,,570640,59,4,,1,49,,570612,59,,,1,24,,570656,59,,,1,14,,570654,59,4,,1,11,,570610,59,,,1,55,,570632,59,4,,1,11,,570634,59,4,,1,15,,570628,59,,,1,16,,570605,59,,,1,64,,570607,59,,,1,25,,570616,59,,,1,63,,570643,59,,,1,24,,570647,59,4,,1,30,,570611,59,4,,1,63,,570663,59,4,,1,27,,570629,59,4,,1,70,,570639,59,4,,1,25,,570606,59,4,,1,65,,570655,59,4,,1,30,,570644,59,4,,1,70,,570658,59,4,,1,30,,570604,59,4,,1
1101,'2-1',531,,570710,59,4,,1,74,,570688,59,4,,1,34,,570707,59,4,,1,73,,570673,59,4,,1,18,,570691,59,4,,1,17,,570683,59,4,,1,55,,570666,59,4,,1,22,,570729,59,4,,1,19,,570713,59,,,1,61,,570689,59,4,,1,20,,570724,59,,,1,17,,570706,59,4,,1,59,,570730,59,,,1,14,,570678,59,4,,1,15,,570701,59,,,1,11,,570696,59,4,,1,17,,570687,59,,,1,48,,570668,59,,,1,12,,570702,59,4,,1,17,,570715,59,4,,1,14,,570726,59,,,1,56,,570679,59,4,,1,16,,570725,59,,,1,17,,570686,59,4,,1,15,,570674,59,,,1,56,,570717,59,4,,1,19,,570722,59,,,1,16,,570727,59,4,,1,14,,570685,59,,,1,53,,570680,59,4,,1,12,,570682,59,,,1,15,,570695,59,4,,1,17,,570718,59,,,1,56,,570716,59,4,,1,19,,570711,59,,,1,17,,570690,59,4,,1,57,,570698,59,,,1,15,,570714,59,4,,1,19,,570667,59,,,1,18,,570703,59,4,,1,56,,570684,59,,,1,15,,570692,59,4,,1,12,,570700,59,,,1,15,,570705,59,4,,1,49,,570677,59,,,1,24,,570721,59,,,1,14,,570719,59,4,,1,11,,570675,59,,,1,55,,570697,59,4,,1,11,,570699,59,4,,1,15,,570693,59,,,1,16,,570670,59,,,1,64,,570672,59,,,1,25,,570681,59,,,1,63,,570708,59,,,1,24,,570712,59,4,,1,30,,570676,59,4,,1,63,,570728,59,4,,1,27,,570694,59,4,,1,70,,570704,59,4,,1,25,,570671,59,4,,1,65,,570720,59,4,,1,30,,570709,59,4,,1,70,,570723,59,4,,1,30,,570669,59,4,,1
1101,'3-1',732,,570762,59,4,,1,71,,570763,59,4,,1,30,,570741,59,4,,1,74,,570745,59,,,1,30,,570754,59,,,1,72,,570732,59,,,1,30,,570761,59,,,1,73,,570755,59,,,1,32,,570758,59,,,1,70,,570756,59,,,1,30,,570735,59,,,1,70,,570737,59,,,1,30,,570736,59,,,1,70,,570742,59,,,1,30,,570753,59,,,1,70,,570747,59,,,1,30,,570748,59,,,1,70,,570760,59,,,1,30,,570750,59,,,1,68,,570731,59,,,1,30,,570738,59,,,1,70,,570757,59,,,1,30,,570743,59,4,,1,98,,570744,59,4,,1,69,,570764,59,4,,1,27,,570759,59,4,,1,70,,570751,59,4,,1,30,,570749,59,4,,1,70,,570765,59,4,,1,30,,570746,59,4,,1,69,,570739,59,4,,1,30,,570752,59,4,,1,70,,570734,59,4,,1,30,,570733,59,4,,1,70,,570740,59,4,,1
1101,'4-1',732,,570794,59,4,,1,71,,570795,59,4,,1,30,,570820,59,4,,1,74,,570788,59,,,1,30,,570808,59,,,1,72,,570830,59,,,1,30,,570767,59,,,1,73,,570779,59,,,1,32,,570815,59,,,1,15,,570840,59,4,,1,55,,570797,59,,,1,15,,570841,59,4,,1,15,,570828,59,,,1,15,,570819,59,4,,1,55,,570835,59,,,1,20,,570827,59,,,1,20,,570833,59,,,1,60,,570774,59,,,1,20,,570829,59,,,1,20,,570771,59,,,1,60,,570822,59,,,1,20,,570803,59,,,1,20,,570831,59,,,1,60,,570807,59,,,1,20,,570772,59,,,1,20,,570842,59,,,1,58,,570834,59,,,1,20,,570821,59,,,1,20,,570837,59,,,1,60,,570793,59,,,1,20,,570811,59,,,1,20,,570781,59,,,1,58,,570810,59,,,1,20,,570773,59,,,1,20,,570777,59,,,1,59,,570770,59,,,1,20,,570785,59,,,1,20,,570782,59,,,1,57,,570813,59,,,1,20,,570838,59,,,1,10,,570766,59,4,,1,15,,570826,59,4,,1,55,,570783,59,4,,1,15,,570836,59,4,,1,15,,570814,59,4,,1,14,,570800,59,4,,1,55,,570780,59,4,,1,15,,570784,59,4,,1,15,,570801,59,4,,1,70,,570816,59,4,,1,30,,570789,59,4,,1,70,,570812,59,4,,1
1101,'5-1',603,,570874,59,4,,1,30,,570864,59,4,,1,70,,570869,59,4,,1,30,,570848,59,4,,1,71,,570863,59,4,,1,30,,570856,59,,,1,74,,570857,59,,,1,30,,570852,59,,,1,72,,570855,59,,,1,30,,570871,59,,,1,73,,570868,59,,,1,104,,570849,59,,,1,30,,570862,59,,,1,70,,570847,59,,,1,30,,570859,59,,,1,70,,570854,59,,,1,30,,570867,59,,,1,70,,570844,59,,,1,100,,570850,59,,,1,98,,570858,59,,,1,30,,570851,59,,,1,100,,570845,59,,,1,98,,570846,59,,,1,69,,570866,59,,,1,102,,570872,59,4,,1,103,,570873,59,4,,1,30,,570875,59,4,,1,71,,570865,59,4,,1,31,,570861,59,4,,1,71,,570843,59,4,,1,31,,570853,59,4,,1,71,,570860,59,4,,1,30,,570870,59,4,,1
1101,'6-1',531,,570920,59,4,,1,74,,570898,59,4,,1,34,,570917,59,4,,1,73,,570883,59,4,,1,18,,570901,59,4,,1,17,,570893,59,4,,1,55,,570876,59,4,,1,22,,570939,59,4,,1,19,,570923,59,,,1,61,,570899,59,4,,1,20,,570934,59,,,1,17,,570916,59,4,,1,59,,570940,59,,,1,14,,570888,59,4,,1,15,,570911,59,,,1,11,,570906,59,4,,1,17,,570897,59,,,1,48,,570878,59,,,1,12,,570912,59,4,,1,17,,570925,59,4,,1,14,,570936,59,,,1,56,,570889,59,4,,1,16,,570935,59,,,1,17,,570896,59,4,,1,15,,570884,59,,,1,56,,570927,59,4,,1,19,,570932,59,,,1,16,,570937,59,4,,1,14,,570895,59,,,1,53,,570890,59,4,,1,12,,570892,59,,,1,15,,570905,59,4,,1,17,,570928,59,,,1,56,,570926,59,4,,1,19,,570921,59,,,1,17,,570900,59,4,,1,57,,570908,59,,,1,15,,570924,59,4,,1,19,,570877,59,,,1,18,,570913,59,4,,1,56,,570894,59,,,1,15,,570902,59,4,,1,12,,570910,59,,,1,15,,570915,59,4,,1,49,,570887,59,,,1,24,,570931,59,,,1,14,,570929,59,4,,1,11,,570885,59,,,1,55,,570907,59,4,,1,11,,570909,59,4,,1,15,,570903,59,,,1,16,,570880,59,,,1,64,,570882,59,,,1,25,,570891,59,,,1,63,,570918,59,,,1,24,,570922,59,4,,1,30,,570886,59,4,,1,63,,570938,59,4,,1,27,,570904,59,4,,1,70,,570914,59,4,,1,25,,570881,59,4,,1,65,,570930,59,4,,1,30,,570919,59,4,,1,70,,570933,59,4,,1,30,,570879,59,4,,1
1101,'7-1',732,,570972,59,4,,1,71,,570973,59,4,,1,30,,570951,59,4,,1,74,,570955,59,,,1,30,,570964,59,,,1,72,,570942,59,,,1,30,,570971,59,,,1,73,,570965,59,,,1,32,,570968,59,,,1,70,,570966,59,,,1,30,,570945,59,,,1,70,,570947,59,,,1,30,,570946,59,,,1,70,,570952,59,,,1,30,,570963,59,,,1,70,,570957,59,,,1,30,,570958,59,,,1,70,,570970,59,,,1,30,,570960,59,,,1,68,,570941,59,,,1,30,,570948,59,,,1,70,,570967,59,,,1,30,,570953,59,4,,1,98,,570954,59,4,,1,69,,570974,59,4,,1,27,,570969,59,4,,1,70,,570961,59,4,,1,30,,570959,59,4,,1,70,,570975,59,4,,1,30,,570956,59,4,,1,69,,570949,59,4,,1,30,,570962,59,4,,1,70,,570944,59,4,,1,30,,570943,59,4,,1,70,,570950,59,4,,1
1101,'8-1',531,,571020,59,4,,1,74,,570998,59,4,,1,34,,571017,59,4,,1,73,,570983,59,4,,1,18,,571001,59,4,,1,17,,570993,59,4,,1,55,,570976,59,4,,1,22,,571039,59,4,,1,19,,571023,59,,,1,61,,570999,59,4,,1,20,,571034,59,,,1,17,,571016,59,4,,1,59,,571040,59,,,1,14,,570988,59,4,,1,15,,571011,59,,,1,11,,571006,59,4,,1,17,,570997,59,,,1,48,,570978,59,,,1,12,,571012,59,4,,1,17,,571025,59,4,,1,14,,571036,59,,,1,56,,570989,59,4,,1,16,,571035,59,,,1,17,,570996,59,4,,1,15,,570984,59,,,1,56,,571027,59,4,,1,19,,571032,59,,,1,16,,571037,59,4,,1,14,,570995,59,,,1,53,,570990,59,4,,1,12,,570992,59,,,1,15,,571005,59,4,,1,17,,571028,59,,,1,56,,571026,59,4,,1,19,,571021,59,,,1,17,,571000,59,4,,1,57,,571008,59,,,1,15,,571024,59,4,,1,19,,570977,59,,,1,18,,571013,59,4,,1,56,,570994,59,,,1,15,,571002,59,4,,1,12,,571010,59,,,1,15,,571015,59,4,,1,49,,570987,59,,,1,24,,571031,59,,,1,14,,571029,59,4,,1,11,,570985,59,,,1,55,,571007,59,4,,1,11,,571009,59,4,,1,15,,571003,59,,,1,16,,570980,59,,,1,64,,570982,59,,,1,25,,570991,59,,,1,63,,571018,59,,,1,24,,571022,59,4,,1,30,,570986,59,4,,1,63,,571038,59,4,,1,27,,571004,59,4,,1,70,,571014,59,4,,1,25,,570981,59,4,,1,65,,571030,59,4,,1,30,,571019,59,4,,1,70,,571033,59,4,,1,30,,570979,59,4,,1
1101,'9-1',603,,571062,59,4,,1,30,,571060,59,4,,1,70,,571065,59,4,,1,30,,571046,59,4,,1,71,,571074,59,4,,1,30,,571049,59,,,1,74,,571079,59,,,1,30,,571071,59,,,1,72,,571044,59,,,1,30,,571069,59,,,1,73,,571073,59,,,1,33,,571047,59,,,1,71,,571061,59,,,1,30,,571076,59,,,1,70,,571055,59,,,1,30,,571054,59,,,1,70,,571077,59,,,1,30,,571053,59,,,1,70,,571050,59,,,1,30,,571064,59,,,1,70,,571066,59,,,1,30,,571056,59,,,1,68,,571057,59,,,1,30,,571068,59,,,1,70,,571051,59,,,1,30,,571052,59,,,1,68,,571041,59,,,1,30,,571043,59,,,1,69,,571075,59,,,1,35,,571067,59,4,,1,67,,571070,59,4,,1,32,,571045,59,4,,1,71,,571080,59,4,,1,30,,571042,59,4,,1,71,,571058,59,4,,1,31,,571048,59,4,,1,71,,571078,59,4,,1,31,,571072,59,4,,1,71,,571063,59,4,,1,30,,571059,59,4,,1
5100,'1-1',550,,592267,24,,,1,101,,592262,24,,,1,70,,592259,24,,,1,36,,592256,24,,,1,71,,592275,24,,,1,28,,592268,24,,,1,70,,592271,24,,,1,30,,592265,24,,,1,69,,592274,16,,,1,30,,592273,16,,,1,70,,592257,16,,,1,30,,592272,16,,,1,70,,592281,16,,,1,30,,592280,16,,,1,70,,592285,16,,,1,30,,592276,16,,,1,70,,592264,16,,,1,31,,592283,16,,,1,70,,592263,16,,,1,75,,592266,16,,,1,29,,592258,16,,,1,70,,592282,16,,,1,30,,592284,16,,,1,70,,592270,16,,,1,30,,592279,16,,,1,94,,592254,16,,,1,29,,592278,16,,,1,68,,592269,16,,,1,30,,592261,16,,,1,70,,592277,16,,,1,30,,592260,16,,,1,70,,592255,16,,,1
5100,'10-1',550,,592305,24,,,1,101,,592297,24,,,1,70,,592316,24,,,1,36,,592293,24,,,1,71,,592308,24,,,1,28,,592294,24,,,1,70,,592292,24,,,1,30,,592311,24,,,1,69,,592302,16,,,1,30,,592296,16,,,1,70,,592290,16,,,1,30,,592310,16,,,1,70,,592314,16,,,1,30,,592315,16,,,1,70,,592300,16,,,1,30,,592303,16,,,1,70,,592295,16,,,1,31,,592312,16,,,1,70,,592287,16,,,1,75,,592286,16,,,1,29,,592299,16,,,1,70,,592307,16,,,1,30,,592301,16,,,1,70,,592313,16,,,1,30,,592289,16,,,1,94,,592304,16,,,1,29,,592291,16,,,1,68,,592306,16,,,1,30,,592288,16,,,1,70,,592317,16,,,1,30,,592309,16,,,1,70,,592298,16,,,1
5100,'11-1',550,,592337,24,,,1,101,,592329,24,,,1,70,,592348,24,,,1,36,,592325,24,,,1,71,,592340,24,,,1,28,,592326,24,,,1,70,,592324,24,,,1,30,,592343,24,,,1,69,,592334,16,,,1,30,,592328,16,,,1,70,,592322,16,,,1,30,,592342,16,,,1,70,,592346,16,,,1,30,,592347,16,,,1,70,,592332,16,,,1,30,,592335,16,,,1,70,,592327,16,,,1,31,,592344,16,,,1,70,,592319,16,,,1,75,,592318,16,,,1,29,,592331,16,,,1,70,,592339,16,,,1,30,,592333,16,,,1,70,,592345,16,,,1,30,,592321,16,,,1,94,,592336,16,,,1,29,,592323,16,,,1,68,,592338,16,,,1,30,,592320,16,,,1,70,,592349,16,,,1,30,,592341,16,,,1,70,,592330,16,,,1
5100,'2-1',550,,592369,24,,,1,101,,592361,24,,,1,70,,592380,24,,,1,36,,592357,24,,,1,71,,592372,24,,,1,28,,592358,24,,,1,70,,592356,24,,,1,30,,592375,24,,,1,69,,592366,16,,,1,30,,592360,16,,,1,70,,592354,16,,,1,30,,592374,16,,,1,70,,592378,16,,,1,30,,592379,16,,,1,70,,592364,16,,,1,30,,592367,16,,,1,70,,592359,16,,,1,31,,592376,16,,,1,70,,592351,16,,,1,75,,592350,16,,,1,29,,592363,16,,,1,70,,592371,16,,,1,30,,592365,16,,,1,70,,592377,16,,,1,30,,592353,16,,,1,94,,592368,16,,,1,29,,592355,16,,,1,68,,592370,16,,,1,30,,592352,16,,,1,70,,592381,16,,,1,30,,592373,16,,,1,70,,592362,16,,,1
5100,'3-1',811,,592390,16,,,1,100,,592382,16,,,1,30,,592407,16,,,1,71,,592401,16,,,1,30,,592389,16,,,1,70,,592394,16,,,1,100,,592383,16,,,1,30,,592384,16,,,1,70,,592399,16,,,1,100,,592388,16,,,1,30,,592398,16,,,1,70,,592393,16,,,1,30,,592406,16,,,1,70,,592405,16,,,1,30,,592395,16,,,1,70,,592392,16,,,1,30,,592400,16,,,1,69,,592387,16,,,1,30,,592385,16,,,1,70,,592402,16,,,1,30,,592403,16,,,1,70,,592391,16,,,1,100,,592404,16,,,1,100,,592396,16,,,1,100,,592397,16,,,1
5100,'4-1',811,,592432,16,,,1,100,,592418,16,,,1,30,,592417,16,,,1,71,,592416,16,,,1,30,,592429,16,,,1,70,,592421,16,,,1,30,,592409,16,,,1,70,,592424,16,,,1,30,,592422,16,,,1,70,,592436,16,,,1,30,,592412,16,,,1,70,,592427,16,,,1,30,,592415,16,,,1,70,,592435,16,,,1,30,,592430,16,,,1,70,,592414,16,,,1,30,,592428,16,,,1,70,,592411,16,,,1,30,,592434,16,,,1,69,,592423,16,,,1,30,,592410,16,,,1,70,,592408,16,,,1,30,,592419,16,,,1,70,,592413,16,,,1,100,,592420,16,,,1,100,,592425,16,,,1,100,,592426,16,,,1,100,,592431,16,,,1
5100,'5-1',646,,592438,16,,,1,100,,592440,16,,,1,70,,592456,16,,,1,30,,592439,16,,,1,70,,592445,16,,,1,101,,592444,16,,,1,30,,592453,16,,,1,70,,592442,16,,,1,30,,592463,16,,,1,100,,592455,16,,,1,70,,592441,16,,,1,30,,592464,16,,,1,70,,592461,16,,,1,30,,592449,16,,,1,70,,592446,16,,,1,30,,592448,16,,,1,70,,592452,16,,,1,30,,592460,16,,,1,70,,592451,16,,,1,30,,592443,16,,,1,69,,592450,16,,,1,30,,592459,16,,,1,70,,592454,1,,,1,30,,592437,16,,,1,100,,592447,16,,,1,100,,592462,16,,,1,70,,592458,1,,,1,32,,592457,16,,,1
5100,'6-1',550,,592484,24,,,1,101,,592476,24,,,1,70,,592495,24,,,1,36,,592472,24,,,1,71,,592487,24,,,1,28,,592473,24,,,1,70,,592471,24,,,1,30,,592490,24,,,1,69,,592481,16,,,1,30,,592475,16,,,1,70,,592469,16,,,1,30,,592489,16,,,1,70,,592493,16,,,1,30,,592494,16,,,1,70,,592479,16,,,1,30,,592482,16,,,1,70,,592474,16,,,1,31,,592491,16,,,1,70,,592466,16,,,1,75,,592465,16,,,1,29,,592478,16,,,1,70,,592486,16,,,1,30,,592480,16,,,1,70,,592492,16,,,1,30,,592468,16,,,1,94,,592483,16,,,1,29,,592470,16,,,1,68,,592485,16,,,1,30,,592467,16,,,1,70,,592496,16,,,1,30,,592488,16,,,1,70,,592477,16,,,1
5100,'7-1',811,,592505,16,,,1,100,,592497,16,,,1,30,,592522,16,,,1,71,,592516,16,,,1,30,,592504,16,,,1,70,,592509,16,,,1,100,,592498,16,,,1,30,,592499,16,,,1,70,,592514,16,,,1,100,,592503,16,,,1,30,,592513,16,,,1,70,,592508,16,,,1,30,,592521,16,,,1,70,,592520,16,,,1,30,,592510,16,,,1,70,,592507,16,,,1,30,,592515,16,,,1,69,,592502,16,,,1,30,,592500,16,,,1,70,,592517,16,,,1,30,,592518,16,,,1,70,,592506,16,,,1,100,,592519,16,,,1,100,,592511,16,,,1,100,,592512,16,,,1
5100,'8-1',550,,592542,24,,,1,101,,592534,24,,,1,70,,592553,24,,,1,36,,592530,24,,,1,71,,592545,24,,,1,28,,592531,24,,,1,70,,592529,24,,,1,30,,592548,24,,,1,69,,592539,16,,,1,30,,592533,16,,,1,70,,592527,16,,,1,30,,592547,16,,,1,70,,592551,16,,,1,30,,592552,16,,,1,70,,592537,16,,,1,30,,592540,16,,,1,70,,592532,16,,,1,31,,592549,16,,,1,70,,592524,16,,,1,75,,592523,16,,,1,29,,592536,16,,,1,70,,592544,16,,,1,30,,592538,16,,,1,70,,592550,16,,,1,30,,592526,16,,,1,94,,592541,16,,,1,29,,592528,16,,,1,68,,592543,16,,,1,30,,592525,16,,,1,70,,592554,16,,,1,30,,592546,16,,,1,70,,592535,16,,,1
5100,'9-1',646,,592580,16,,,1,100,,592571,16,,,1,70,,592570,16,,,1,30,,592575,16,,,1,70,,592560,16,,,1,30,,592566,16,,,1,71,,592563,16,,,1,30,,592579,16,,,1,70,,592585,16,,,1,30,,592576,16,,,1,70,,592556,16,,,1,30,,592562,16,,,1,70,,592558,16,,,1,30,,592581,16,,,1,70,,592559,16,,,1,30,,592569,16,,,1,70,,592574,16,,,1,30,,592564,16,,,1,70,,592582,16,,,1,30,,592567,16,,,1,70,,592565,16,,,1,30,,592561,16,,,1,69,,592577,16,,,1,30,,592578,16,,,1,70,,592572,1,,,1,30,,592584,16,,,1,70,,592573,1,,,1,30,,592555,16,,,1,100,,592568,16,,,1,70,,592583,1,,,1,32,,592557,16,,,1
5101,'1-1',710,,592606,41,,,1,2,,592606,42,,,1,28,,592602,41,,,1,2,,592602,42,,,1,71,,592595,41,,,1,2,,592595,42,,,1,30,,592614,41,,,1,2,,592614,42,,,1,68,,592610,41,,,1,2,,592610,42,,,1,24,,592598,41,,,1,2,,592598,42,,,1,68,,592604,41,,,1,2,,592604,42,,,1,28,,592599,41,,,1,2,,592599,42,,,1,68,,592612,41,,,1,2,,592612,42,,,1,29,,592613,41,,,1,2,,592613,42,,,1,68,,592615,41,,,1,2,,592615,42,,,1,28,,592603,41,,,1,2,,592603,42,,,1,68,,592605,41,,,1,2,,592605,42,,,1,28,,592594,41,,,1,2,,592594,42,,,1,68,,592596,41,,,1,2,,592596,42,,,1,28,,592600,41,,,1,2,,592600,42,,,1,67,,592587,41,,,1,3,,592587,42,,,1,30,,592589,41,,,1,3,,592589,42,,,1,67,,592588,41,,,1,3,,592588,42,,,1,28,,592586,41,,,1,2,,592586,42,,,1,68,,592591,41,,,1,2,,592591,42,,,1,27,,592616,41,,,1,2,,592616,42,,,1,96,,592601,41,,,1,2,,592601,42,,,1,66,,592607,41,,,1,2,,592607,42,,,1,27,,592597,41,,,1,2,,592597,42,,,1,68,,592592,41,,,1,2,,592592,42,,,1,27,,592609,41,,,1,1,,592609,42,,,1,69,,592590,41,,,1,1,,592590,42,,,1,29,,592593,41,,,1,1,,592593,42,,,1,67,,592608,41,,,1,1,,592608,42,,,1,99,,592611,41,,,1,1,,592611,42,,,1
5101,'10-1',710,,592629,41,,,1,2,,592629,42,,,1,28,,592628,41,,,1,2,,592628,42,,,1,71,,592636,41,,,1,2,,592636,42,,,1,30,,592642,41,,,1,2,,592642,42,,,1,68,,592617,41,,,1,2,,592617,42,,,1,24,,592618,41,,,1,2,,592618,42,,,1,68,,592643,41,,,1,2,,592643,42,,,1,28,,592645,41,,,1,2,,592645,42,,,1,68,,592641,41,,,1,2,,592641,42,,,1,29,,592646,41,,,1,2,,592646,42,,,1,68,,592638,41,,,1,2,,592638,42,,,1,28,,592644,41,,,1,2,,592644,42,,,1,68,,592624,41,,,1,2,,592624,42,,,1,28,,592632,41,,,1,2,,592632,42,,,1,68,,592633,41,,,1,2,,592633,42,,,1,28,,592635,41,,,1,2,,592635,42,,,1,67,,592631,41,,,1,3,,592631,42,,,1,30,,592622,41,,,1,3,,592622,42,,,1,67,,592639,41,,,1,3,,592639,42,,,1,28,,592625,41,,,1,2,,592625,42,,,1,68,,592637,41,,,1,2,,592637,42,,,1,27,,592647,41,,,1,2,,592647,42,,,1,96,,592619,41,,,1,2,,592619,42,,,1,66,,592634,41,,,1,2,,592634,42,,,1,27,,592627,41,,,1,2,,592627,42,,,1,68,,592621,41,,,1,2,,592621,42,,,1,27,,592626,41,,,1,1,,592626,42,,,1,69,,592623,41,,,1,1,,592623,42,,,1,29,,592630,41,,,1,1,,592630,42,,,1,67,,592640,41,,,1,1,,592640,42,,,1,99,,592620,41,,,1,1,,592620,42,,,1
5101,'11-1',710,,592660,41,,,1,2,,592660,42,,,1,28,,592659,41,,,1,2,,592659,42,,,1,71,,592667,41,,,1,2,,592667,42,,,1,30,,592673,41,,,1,2,,592673,42,,,1,68,,592648,41,,,1,2,,592648,42,,,1,24,,592649,41,,,1,2,,592649,42,,,1,68,,592674,41,,,1,2,,592674,42,,,1,28,,592676,41,,,1,2,,592676,42,,,1,68,,592672,41,,,1,2,,592672,42,,,1,29,,592677,41,,,1,2,,592677,42,,,1,68,,592669,41,,,1,2,,592669,42,,,1,28,,592675,41,,,1,2,,592675,42,,,1,68,,592655,41,,,1,2,,592655,42,,,1,28,,592663,41,,,1,2,,592663,42,,,1,68,,592664,41,,,1,2,,592664,42,,,1,28,,592666,41,,,1,2,,592666,42,,,1,67,,592662,41,,,1,3,,592662,42,,,1,30,,592653,41,,,1,3,,592653,42,,,1,67,,592670,41,,,1,3,,592670,42,,,1,28,,592656,41,,,1,2,,592656,42,,,1,68,,592668,41,,,1,2,,592668,42,,,1,27,,592678,41,,,1,2,,592678,42,,,1,96,,592650,41,,,1,2,,592650,42,,,1,66,,592665,41,,,1,2,,592665,42,,,1,27,,592658,41,,,1,2,,592658,42,,,1,68,,592652,41,,,1,2,,592652,42,,,1,27,,592657,41,,,1,1,,592657,42,,,1,69,,592654,41,,,1,1,,592654,42,,,1,29,,592661,41,,,1,1,,592661,42,,,1,67,,592671,41,,,1,1,,592671,42,,,1,99,,592651,41,,,1,1,,592651,42,,,1
5101,'2-1',710,,592691,41,,,1,2,,592691,42,,,1,28,,592690,41,,,1,2,,592690,42,,,1,71,,592698,41,,,1,2,,592698,42,,,1,30,,592704,41,,,1,2,,592704,42,,,1,68,,592679,41,,,1,2,,592679,42,,,1,24,,592680,41,,,1,2,,592680,42,,,1,68,,592705,41,,,1,2,,592705,42,,,1,28,,592707,41,,,1,2,,592707,42,,,1,68,,592703,41,,,1,2,,592703,42,,,1,29,,592708,41,,,1,2,,592708,42,,,1,68,,592700,41,,,1,2,,592700,42,,,1,28,,592706,41,,,1,2,,592706,42,,,1,68,,592686,41,,,1,2,,592686,42,,,1,28,,592694,41,,,1,2,,592694,42,,,1,68,,592695,41,,,1,2,,592695,42,,,1,28,,592697,41,,,1,2,,592697,42,,,1,67,,592693,41,,,1,3,,592693,42,,,1,30,,592684,41,,,1,3,,592684,42,,,1,67,,592701,41,,,1,3,,592701,42,,,1,28,,592687,41,,,1,2,,592687,42,,,1,68,,592699,41,,,1,2,,592699,42,,,1,27,,592709,41,,,1,2,,592709,42,,,1,96,,592681,41,,,1,2,,592681,42,,,1,66,,592696,41,,,1,2,,592696,42,,,1,27,,592689,41,,,1,2,,592689,42,,,1,68,,592683,41,,,1,2,,592683,42,,,1,27,,592688,41,,,1,1,,592688,42,,,1,69,,592685,41,,,1,1,,592685,42,,,1,29,,592692,41,,,1,1,,592692,42,,,1,67,,592702,41,,,1,1,,592702,42,,,1,99,,592682,41,,,1,1,,592682,42,,,1
5101,'3-1',906,,592732,41,,,1,3,,592732,42,,,1,27,,592710,41,,,1,3,,592710,42,,,1,68,,592725,41,,,1,3,,592725,42,,,1,27,,592730,41,,,1,3,,592730,42,,,1,97,,592735,41,,,1,3,,592735,42,,,1,67,,592733,41,,,1,3,,592733,42,,,1,27,,592720,41,,,1,3,,592720,42,,,1,97,,592718,41,,,1,3,,592718,42,,,1,67,,592734,41,,,1,3,,592734,42,,,1,27,,592726,41,,,1,3,,592726,42,,,1,67,,592721,41,,,1,3,,592721,42,,,1,27,,592714,41,,,1,3,,592714,42,,,1,67,,592715,41,,,1,3,,592715,42,,,1,27,,592728,41,,,1,3,,592728,42,,,1,67,,592713,41,,,1,3,,592713,42,,,1,27,,592717,41,,,1,3,,592717,42,,,1,67,,592731,41,,,1,3,,592731,42,,,1,27,,592716,41,,,1,3,,592716,42,,,1,67,,592724,41,,,1,3,,592724,42,,,1,27,,592712,41,,,1,3,,592712,42,,,1,66,,592711,41,,,1,3,,592711,42,,,1,97,,592729,41,,,1,3,,592729,42,,,1,97,,592723,41,,,1,3,,592723,42,,,1,196,,592719,41,,,1,3,,592719,42,,,1
5101,'4-1',906,,592736,41,,,1,3,,592736,42,,,1,27,,592762,41,,,1,3,,592762,42,,,1,68,,592738,41,,,1,3,,592738,42,,,1,27,,592740,41,,,1,3,,592740,42,,,1,67,,592744,41,,,1,3,,592744,42,,,1,27,,592743,41,,,1,3,,592743,42,,,1,67,,592759,41,,,1,3,,592759,42,,,1,27,,592746,41,,,1,3,,592746,42,,,1,67,,592749,41,,,1,3,,592749,42,,,1,27,,592757,41,,,1,3,,592757,42,,,1,67,,592750,41,,,1,3,,592750,42,,,1,27,,592756,41,,,1,3,,592756,42,,,1,67,,592742,41,,,1,3,,592742,42,,,1,27,,592755,41,,,1,3,,592755,42,,,1,67,,592753,41,,,1,3,,592753,42,,,1,27,,592747,41,,,1,3,,592747,42,,,1,67,,592764,41,,,1,3,,592764,42,,,1,27,,592761,41,,,1,3,,592761,42,,,1,67,,592739,41,,,1,3,,592739,42,,,1,27,,592741,41,,,1,3,,592741,42,,,1,67,,592748,41,,,1,3,,592748,42,,,1,27,,592745,41,,,1,3,,592745,42,,,1,66,,592737,41,,,1,3,,592737,42,,,1,97,,592752,41,,,1,3,,592752,42,,,1,97,,592758,41,,,1,3,,592758,42,,,1,96,,592763,41,,,1,3,,592763,42,,,1,97,,592760,41,,,1,3,,592760,42,,,1,97,,592751,41,,,1,3,,592751,42,,,1
5101,'5-1',741,,592768,41,,,1,3,,592768,42,,,1,98,,592779,41,,,1,3,,592779,42,,,1,97,,592787,41,,,1,3,,592787,42,,,1,68,,592780,41,,,1,3,,592780,42,,,1,27,,592776,41,,,1,3,,592776,42,,,1,67,,592782,41,,,1,3,,592782,42,,,1,97,,592791,41,,,1,3,,592791,42,,,1,27,,592775,41,,,1,3,,592775,42,,,1,67,,592781,41,,,1,3,,592781,42,,,1,27,,592774,41,,,1,3,,592774,42,,,1,67,,592792,41,,,1,3,,592792,42,,,1,27,,592773,41,,,1,3,,592773,42,,,1,67,,592790,41,,,1,3,,592790,42,,,1,27,,592783,41,,,1,3,,592783,42,,,1,67,,592785,41,,,1,3,,592785,42,,,1,27,,592788,41,,,1,3,,592788,42,,,1,67,,592767,41,,,1,3,,592767,42,,,1,27,,592777,41,,,1,3,,592777,42,,,1,68,,592778,41,,,1,3,,592778,42,,,1,27,,592793,41,0,56 57,1,3,,592793,42,4,,1,67,,592789,41,,,1,3,,592789,42,,,1,96,,592771,41,,,1,3,,592771,42,,,1,27,,592766,41,0,56 57,1,3,,592766,42,4,,1,67,,592784,41,,,1,3,,592784,42,,,1,27,,592769,41,0,56 57,1,3,,592769,42,4,,1,67,,592786,41,,,1,3,,592786,42,,,1,96,,592772,41,,,1,3,,592772,42,,,1,97,,592770,41,,,1,3,,592770,42,,,1
5101,'6-1',710,,592806,41,,,1,2,,592806,42,,,1,28,,592805,41,,,1,2,,592805,42,,,1,71,,592813,41,,,1,2,,592813,42,,,1,30,,592819,41,,,1,2,,592819,42,,,1,68,,592794,41,,,1,2,,592794,42,,,1,24,,592795,41,,,1,2,,592795,42,,,1,68,,592820,41,,,1,2,,592820,42,,,1,28,,592822,41,,,1,2,,592822,42,,,1,68,,592818,41,,,1,2,,592818,42,,,1,29,,592823,41,,,1,2,,592823,42,,,1,68,,592815,41,,,1,2,,592815,42,,,1,28,,592821,41,,,1,2,,592821,42,,,1,68,,592801,41,,,1,2,,592801,42,,,1,28,,592809,41,,,1,2,,592809,42,,,1,68,,592810,41,,,1,2,,592810,42,,,1,28,,592812,41,,,1,2,,592812,42,,,1,67,,592808,41,,,1,3,,592808,42,,,1,30,,592799,41,,,1,3,,592799,42,,,1,67,,592816,41,,,1,3,,592816,42,,,1,28,,592802,41,,,1,2,,592802,42,,,1,68,,592814,41,,,1,2,,592814,42,,,1,27,,592824,41,,,1,2,,592824,42,,,1,96,,592796,41,,,1,2,,592796,42,,,1,66,,592811,41,,,1,2,,592811,42,,,1,27,,592804,41,,,1,2,,592804,42,,,1,68,,592798,41,,,1,2,,592798,42,,,1,27,,592803,41,,,1,1,,592803,42,,,1,69,,592800,41,,,1,1,,592800,42,,,1,29,,592807,41,,,1,1,,592807,42,,,1,67,,592817,41,,,1,1,,592817,42,,,1,99,,592797,41,,,1,1,,592797,42,,,1
5101,'7-1',906,,592847,41,,,1,3,,592847,42,,,1,27,,592825,41,,,1,3,,592825,42,,,1,68,,592840,41,,,1,3,,592840,42,,,1,27,,592845,41,,,1,3,,592845,42,,,1,97,,592850,41,,,1,3,,592850,42,,,1,67,,592848,41,,,1,3,,592848,42,,,1,27,,592835,41,,,1,3,,592835,42,,,1,97,,592833,41,,,1,3,,592833,42,,,1,67,,592849,41,,,1,3,,592849,42,,,1,27,,592841,41,,,1,3,,592841,42,,,1,67,,592836,41,,,1,3,,592836,42,,,1,27,,592829,41,,,1,3,,592829,42,,,1,67,,592830,41,,,1,3,,592830,42,,,1,27,,592843,41,,,1,3,,592843,42,,,1,67,,592828,41,,,1,3,,592828,42,,,1,27,,592832,41,,,1,3,,592832,42,,,1,67,,592846,41,,,1,3,,592846,42,,,1,27,,592831,41,,,1,3,,592831,42,,,1,67,,592839,41,,,1,3,,592839,42,,,1,27,,592827,41,,,1,3,,592827,42,,,1,66,,592826,41,,,1,3,,592826,42,,,1,97,,592844,41,,,1,3,,592844,42,,,1,97,,592838,41,,,1,3,,592838,42,,,1,196,,592834,41,,,1,3,,592834,42,,,1
5101,'8-1',710,,592863,41,,,1,2,,592863,42,,,1,28,,592862,41,,,1,2,,592862,42,,,1,71,,592870,41,,,1,2,,592870,42,,,1,30,,592876,41,,,1,2,,592876,42,,,1,68,,592851,41,,,1,2,,592851,42,,,1,24,,592852,41,,,1,2,,592852,42,,,1,68,,592877,41,,,1,2,,592877,42,,,1,28,,592879,41,,,1,2,,592879,42,,,1,68,,592875,41,,,1,2,,592875,42,,,1,29,,592880,41,,,1,2,,592880,42,,,1,68,,592872,41,,,1,2,,592872,42,,,1,28,,592878,41,,,1,2,,592878,42,,,1,68,,592858,41,,,1,2,,592858,42,,,1,28,,592866,41,,,1,2,,592866,42,,,1,68,,592867,41,,,1,2,,592867,42,,,1,28,,592869,41,,,1,2,,592869,42,,,1,67,,592865,41,,,1,3,,592865,42,,,1,30,,592856,41,,,1,3,,592856,42,,,1,67,,592873,41,,,1,3,,592873,42,,,1,28,,592859,41,,,1,2,,592859,42,,,1,68,,592871,41,,,1,2,,592871,42,,,1,27,,592881,41,,,1,2,,592881,42,,,1,96,,592853,41,,,1,2,,592853,42,,,1,66,,592868,41,,,1,2,,592868,42,,,1,27,,592861,41,,,1,2,,592861,42,,,1,68,,592855,41,,,1,2,,592855,42,,,1,27,,592860,41,,,1,1,,592860,42,,,1,69,,592857,41,,,1,1,,592857,42,,,1,29,,592864,41,,,1,1,,592864,42,,,1,67,,592874,41,,,1,1,,592874,42,,,1,99,,592854,41,,,1,1,,592854,42,,,1
5101,'9-1',741,,592886,41,,,1,3,,592886,42,,,1,98,,592887,41,,,1,3,,592887,42,,,1,67,,592884,41,,,1,3,,592884,42,,,1,27,,592885,41,,,1,3,,592885,42,,,1,68,,592903,41,,,1,3,,592903,42,,,1,27,,592895,41,,,1,3,,592895,42,,,1,67,,592904,41,,,1,3,,592904,42,,,1,27,,592900,41,,,1,3,,592900,42,,,1,67,,592906,41,,,1,3,,592906,42,,,1,27,,592894,41,,,1,3,,592894,42,,,1,67,,592899,41,,,1,3,,592899,42,,,1,27,,592891,41,,,1,3,,592891,42,,,1,67,,592898,41,,,1,3,,592898,42,,,1,27,,592889,41,,,1,3,,592889,42,,,1,67,,592909,41,,,1,3,,592909,42,,,1,27,,592907,41,,,1,3,,592907,42,,,1,67,,592888,41,,,1,3,,592888,42,,,1,27,,592897,41,,,1,3,,592897,42,,,1,67,,592905,41,,,1,3,,592905,42,,,1,27,,592910,41,,,1,3,,592910,42,,,1,68,,592893,41,,,1,3,,592893,42,,,1,27,,592908,41,0,56 57,1,3,,592908,42,4,,1,67,,592892,41,,,1,3,,592892,42,,,1,27,,592912,41,0,56 57,1,3,,592912,42,4,,1,66,,592896,41,,,1,3,,592896,42,,,1,27,,592882,41,0,56 57,1,3,,592882,42,4,,1,67,,592890,41,,,1,3,,592890,42,,,1,27,,592911,41,0,56 57,1,3,,592911,42,4,,1,67,,592902,41,,,1,3,,592902,42,,,1,96,,592883,41,,,1,3,,592883,42,,,1,97,,592901,41,,,1,3,,592901,42,,,1
5700,'1-1',508,,594743,15,0,15 16,1,1,,594743,16,0,15 16,1,30,,594768,15,0,15 16,1,1,,594768,16,0,15 16,1,68,,594736,15,0,15 16,1,1,,594736,16,0,15 16,1,1,,594736,17,0,15 16,1,14,,594734,15,0,15 16,1,1,,594734,16,0,15 16,1,1,,594734,17,0,15 16,1,26,,594763,49,0,15 16,1,1,,594763,50,0,15 16,1,1,,594763,51,0,15 16,1,53,,594775,15,0,15 16,1,1,,594775,16,0,15 16,1,1,,594775,17,0,15 16,1,14,,594771,49,0,15 16,1,1,,594771,50,0,15 16,1,1,,594771,51,0,15 16,1,32,,594745,49,0,15 16,1,1,,594745,50,0,15 16,1,1,,594745,51,0,15 16,1,68,,594773,49,0,15 16,1,1,,594773,50,0,15 16,1,1,,594773,51,0,15 16,1,29,,594740,49,0,15 16,1,1,,594740,50,0,15 16,1,41,,594740,51,0,15 16,1,31,,594737,49,0,15 16,1,1,,594737,50,0,15 16,1,1,,594737,51,0,15 16,1,67,,594732,49,0,15 16,1,1,,594732,50,0,15 16,1,1,,594732,51,0,15 16,1,27,,594769,49,0,15 16,1,1,,594769,50,0,15 16,1,1,,594769,51,0,15 16,1,25,,594733,49,0,15 16,1,1,,594733,50,0,15 16,1,1,,594733,51,0,15 16,1,68,,594756,49,0,15 16,1,1,,594756,50,0,15 16,1,1,,594756,51,0,15 16,1,29,,594744,49,0,15 16,1,1,,594744,50,0,15 16,1,1,,594744,51,0,15 16,1,68,,594731,49,0,15 16,1,1,,594731,50,0,15 16,1,1,,594731,51,0,15 16,1,29,,594746,49,0,15 16,1,1,,594746,50,0,15 16,1,41,,594746,51,0,15 16,1,28,,594754,49,0,15 16,1,1,,594754,50,0,15 16,1,1,,594754,51,0,15 16,1,71,,594761,49,0,15 16,1,1,,594761,50,0,15 16,1,1,,594761,51,0,15 16,1,28,,594755,49,0,15 16,1,1,,594755,50,0,15 16,1,1,,594755,51,0,15 16,1,68,,594752,49,0,15 16,1,1,,594752,50,0,15 16,1,1,,594752,51,0,15 16,1,29,,594776,49,0,15 16,1,1,,594776,50,0,15 16,1,1,,594776,51,0,15 16,1,15,,594741,49,0,15 16,1,1,,594741,50,0,15 16,1,1,,594741,51,0,15 16,1,54,,594777,49,0,15 16,1,1,,594777,50,0,15 16,1,1,,594777,51,0,15 16,1,14,,594729,49,0,15 16,1,1,,594729,50,0,15 16,1,1,,594729,51,0,15 16,1,13,,594767,49,0,15 16,1,1,,594767,50,0,15 16,1,1,,594767,51,0,15 16,1,10,,594735,49,0,15 16,1,1,,594735,50,0,15 16,1,1,,594735,51,0,15 16,1,54,,594751,49,0,15 16,1,1,,594751,50,0,15 16,1,1,,594751,51,0,15 16,1,12,,594748,49,0,15 16,1,1,,594748,50,0,15 16,1,1,,594748,51,0,15 16,1,15,,594762,49,0,15 16,1,1,,594762,50,0,15 16,1,1,,594762,51,0,15 16,1,11,,594760,49,0,15 16,1,1,,594760,50,0,15 16,1,1,,594760,51,0,15 16,1,54,,594753,49,0,15 16,1,1,,594753,50,0,15 16,1,1,,594753,51,0,15 16,1,14,,594759,49,0,15 16,1,1,,594759,50,0,15 16,1,1,,594759,51,0,15 16,1,11,,594739,49,0,15 16,1,1,,594739,50,0,15 16,1,1,,594739,51,0,15 16,1,66,,594747,49,0,15 16,1,1,,594747,50,0,15 16,1,1,,594747,51,0,15 16,1,25,,594742,49,0,15 16,1,1,,594742,50,0,15 16,1,1,,594742,51,0,15 16,1,27,,594750,49,0,15 16,1,1,,594750,50,0,15 16,1,1,,594750,51,0,15 16,1,63,,594749,49,0,15 16,1,1,,594749,50,0,15 16,1,1,,594749,51,0,15 16,1,28,,594728,49,0,15 16,1,1,,594728,50,0,15 16,1,1,,594728,51,0,15 16,1,68,,594738,49,0,15 16,1,1,,594738,50,0,15 16,1,1,,594738,51,0,15 16,1,27,,594774,49,0,15 16,1,1,,594774,50,0,15 16,1,1,,594774,51,0,15 16,1,68,,594758,49,0,15 16,1,1,,594758,50,0,15 16,1,26,,594766,49,0,15 16,1,1,,594766,50,0,15 16,1,65,,594765,49,0,15 16,1,1,,594765,50,0,15 16,1,32,,594772,49,0,15 16,1,1,,594772,50,0,15 16,1,73,,594770,49,0,15 16,1,1,,594770,50,0,15 16,1,25,,594757,15,,,1,1,,594757,16,,,1,69,,594764,15,,,1,1,,594764,16,,,1,29,,594730,15,,,1,1,,594730,16,,,1,74,,594778,15,,,1,1,,594778,16,,,1
5700,'10-1',508,,594786,15,0,15 16,1,1,,594786,16,0,15 16,1,30,,594819,15,0,15 16,1,1,,594819,16,0,15 16,1,68,,594795,15,0,15 16,1,1,,594795,16,0,15 16,1,1,,594795,17,0,15 16,1,14,,594782,15,0,15 16,1,1,,594782,16,0,15 16,1,1,,594782,17,0,15 16,1,26,,594823,49,0,15 16,1,1,,594823,50,0,15 16,1,1,,594823,51,0,15 16,1,53,,594792,15,0,15 16,1,1,,594792,16,0,15 16,1,1,,594792,17,0,15 16,1,14,,594797,49,0,15 16,1,1,,594797,50,0,15 16,1,1,,594797,51,0,15 16,1,32,,594784,49,0,15 16,1,1,,594784,50,0,15 16,1,1,,594784,51,0,15 16,1,68,,594826,49,0,15 16,1,1,,594826,50,0,15 16,1,1,,594826,51,0,15 16,1,29,,594811,49,0,15 16,1,1,,594811,50,0,15 16,1,41,,594811,51,0,15 16,1,31,,594816,49,0,15 16,1,1,,594816,50,0,15 16,1,1,,594816,51,0,15 16,1,67,,594810,49,0,15 16,1,1,,594810,50,0,15 16,1,1,,594810,51,0,15 16,1,27,,594812,49,0,15 16,1,1,,594812,50,0,15 16,1,1,,594812,51,0,15 16,1,25,,594793,49,0,15 16,1,1,,594793,50,0,15 16,1,1,,594793,51,0,15 16,1,68,,594783,49,0,15 16,1,1,,594783,50,0,15 16,1,1,,594783,51,0,15 16,1,29,,594789,49,0,15 16,1,1,,594789,50,0,15 16,1,1,,594789,51,0,15 16,1,68,,594780,49,0,15 16,1,1,,594780,50,0,15 16,1,1,,594780,51,0,15 16,1,29,,594781,49,0,15 16,1,1,,594781,50,0,15 16,1,41,,594781,51,0,15 16,1,28,,594800,49,0,15 16,1,1,,594800,50,0,15 16,1,1,,594800,51,0,15 16,1,71,,594801,49,0,15 16,1,1,,594801,50,0,15 16,1,1,,594801,51,0,15 16,1,28,,594827,49,0,15 16,1,1,,594827,50,0,15 16,1,1,,594827,51,0,15 16,1,68,,594825,49,0,15 16,1,1,,594825,50,0,15 16,1,1,,594825,51,0,15 16,1,29,,594805,49,0,15 16,1,1,,594805,50,0,15 16,1,1,,594805,51,0,15 16,1,15,,594803,49,0,15 16,1,1,,594803,50,0,15 16,1,1,,594803,51,0,15 16,1,54,,594779,49,0,15 16,1,1,,594779,50,0,15 16,1,1,,594779,51,0,15 16,1,14,,594818,49,0,15 16,1,1,,594818,50,0,15 16,1,1,,594818,51,0,15 16,1,13,,594788,49,0,15 16,1,1,,594788,50,0,15 16,1,1,,594788,51,0,15 16,1,10,,594804,49,0,15 16,1,1,,594804,50,0,15 16,1,1,,594804,51,0,15 16,1,54,,594787,49,0,15 16,1,1,,594787,50,0,15 16,1,1,,594787,51,0,15 16,1,12,,594824,49,0,15 16,1,1,,594824,50,0,15 16,1,1,,594824,51,0,15 16,1,15,,594785,49,0,15 16,1,1,,594785,50,0,15 16,1,1,,594785,51,0,15 16,1,11,,594794,49,0,15 16,1,1,,594794,50,0,15 16,1,1,,594794,51,0,15 16,1,54,,594807,49,0,15 16,1,1,,594807,50,0,15 16,1,1,,594807,51,0,15 16,1,14,,594790,49,0,15 16,1,1,,594790,50,0,15 16,1,1,,594790,51,0,15 16,1,11,,594815,49,0,15 16,1,1,,594815,50,0,15 16,1,1,,594815,51,0,15 16,1,66,,594799,49,0,15 16,1,1,,594799,50,0,15 16,1,1,,594799,51,0,15 16,1,25,,594814,49,0,15 16,1,1,,594814,50,0,15 16,1,1,,594814,51,0,15 16,1,27,,594798,49,0,15 16,1,1,,594798,50,0,15 16,1,1,,594798,51,0,15 16,1,63,,594796,49,0,15 16,1,1,,594796,50,0,15 16,1,1,,594796,51,0,15 16,1,28,,594813,49,0,15 16,1,1,,594813,50,0,15 16,1,1,,594813,51,0,15 16,1,68,,594822,49,0,15 16,1,1,,594822,50,0,15 16,1,1,,594822,51,0,15 16,1,27,,594820,49,0,15 16,1,1,,594820,50,0,15 16,1,1,,594820,51,0,15 16,1,68,,594802,49,0,15 16,1,1,,594802,50,0,15 16,1,26,,594808,49,0,15 16,1,1,,594808,50,0,15 16,1,65,,594829,49,0,15 16,1,1,,594829,50,0,15 16,1,32,,594817,49,0,15 16,1,1,,594817,50,0,15 16,1,73,,594821,49,0,15 16,1,1,,594821,50,0,15 16,1,25,,594828,15,,,1,1,,594828,16,,,1,69,,594791,15,,,1,1,,594791,16,,,1,29,,594806,15,,,1,1,,594806,16,,,1,74,,594809,15,,,1,1,,594809,16,,,1
5700,'11-1',508,,594837,15,0,15 16,1,1,,594837,16,0,15 16,1,30,,594870,15,0,15 16,1,1,,594870,16,0,15 16,1,68,,594846,15,0,15 16,1,1,,594846,16,0,15 16,1,1,,594846,17,0,15 16,1,14,,594833,15,0,15 16,1,1,,594833,16,0,15 16,1,1,,594833,17,0,15 16,1,26,,594874,49,0,15 16,1,1,,594874,50,0,15 16,1,1,,594874,51,0,15 16,1,53,,594843,15,0,15 16,1,1,,594843,16,0,15 16,1,1,,594843,17,0,15 16,1,14,,594848,49,0,15 16,1,1,,594848,50,0,15 16,1,1,,594848,51,0,15 16,1,32,,594835,49,0,15 16,1,1,,594835,50,0,15 16,1,1,,594835,51,0,15 16,1,68,,594877,49,0,15 16,1,1,,594877,50,0,15 16,1,1,,594877,51,0,15 16,1,29,,594862,49,0,15 16,1,1,,594862,50,0,15 16,1,41,,594862,51,0,15 16,1,31,,594867,49,0,15 16,1,1,,594867,50,0,15 16,1,1,,594867,51,0,15 16,1,67,,594861,49,0,15 16,1,1,,594861,50,0,15 16,1,1,,594861,51,0,15 16,1,27,,594863,49,0,15 16,1,1,,594863,50,0,15 16,1,1,,594863,51,0,15 16,1,25,,594844,49,0,15 16,1,1,,594844,50,0,15 16,1,1,,594844,51,0,15 16,1,68,,594834,49,0,15 16,1,1,,594834,50,0,15 16,1,1,,594834,51,0,15 16,1,29,,594840,49,0,15 16,1,1,,594840,50,0,15 16,1,1,,594840,51,0,15 16,1,68,,594831,49,0,15 16,1,1,,594831,50,0,15 16,1,1,,594831,51,0,15 16,1,29,,594832,49,0,15 16,1,1,,594832,50,0,15 16,1,41,,594832,51,0,15 16,1,28,,594851,49,0,15 16,1,1,,594851,50,0,15 16,1,1,,594851,51,0,15 16,1,71,,594852,49,0,15 16,1,1,,594852,50,0,15 16,1,1,,594852,51,0,15 16,1,28,,594878,49,0,15 16,1,1,,594878,50,0,15 16,1,1,,594878,51,0,15 16,1,68,,594876,49,0,15 16,1,1,,594876,50,0,15 16,1,1,,594876,51,0,15 16,1,29,,594856,49,0,15 16,1,1,,594856,50,0,15 16,1,1,,594856,51,0,15 16,1,15,,594854,49,0,15 16,1,1,,594854,50,0,15 16,1,1,,594854,51,0,15 16,1,54,,594830,49,0,15 16,1,1,,594830,50,0,15 16,1,1,,594830,51,0,15 16,1,14,,594869,49,0,15 16,1,1,,594869,50,0,15 16,1,1,,594869,51,0,15 16,1,13,,594839,49,0,15 16,1,1,,594839,50,0,15 16,1,1,,594839,51,0,15 16,1,10,,594855,49,0,15 16,1,1,,594855,50,0,15 16,1,1,,594855,51,0,15 16,1,54,,594838,49,0,15 16,1,1,,594838,50,0,15 16,1,1,,594838,51,0,15 16,1,12,,594875,49,0,15 16,1,1,,594875,50,0,15 16,1,1,,594875,51,0,15 16,1,15,,594836,49,0,15 16,1,1,,594836,50,0,15 16,1,1,,594836,51,0,15 16,1,11,,594845,49,0,15 16,1,1,,594845,50,0,15 16,1,1,,594845,51,0,15 16,1,54,,594858,49,0,15 16,1,1,,594858,50,0,15 16,1,1,,594858,51,0,15 16,1,14,,594841,49,0,15 16,1,1,,594841,50,0,15 16,1,1,,594841,51,0,15 16,1,11,,594866,49,0,15 16,1,1,,594866,50,0,15 16,1,1,,594866,51,0,15 16,1,66,,594850,49,0,15 16,1,1,,594850,50,0,15 16,1,1,,594850,51,0,15 16,1,25,,594865,49,0,15 16,1,1,,594865,50,0,15 16,1,1,,594865,51,0,15 16,1,27,,594849,49,0,15 16,1,1,,594849,50,0,15 16,1,1,,594849,51,0,15 16,1,63,,594847,49,0,15 16,1,1,,594847,50,0,15 16,1,1,,594847,51,0,15 16,1,28,,594864,49,0,15 16,1,1,,594864,50,0,15 16,1,1,,594864,51,0,15 16,1,68,,594873,49,0,15 16,1,1,,594873,50,0,15 16,1,1,,594873,51,0,15 16,1,27,,594871,49,0,15 16,1,1,,594871,50,0,15 16,1,1,,594871,51,0,15 16,1,68,,594853,49,0,15 16,1,1,,594853,50,0,15 16,1,26,,594859,49,0,15 16,1,1,,594859,50,0,15 16,1,65,,594880,49,0,15 16,1,1,,594880,50,0,15 16,1,32,,594868,49,0,15 16,1,1,,594868,50,0,15 16,1,73,,594872,49,0,15 16,1,1,,594872,50,0,15 16,1,25,,594879,15,,,1,1,,594879,16,,,1,69,,594842,15,,,1,1,,594842,16,,,1,29,,594857,15,,,1,1,,594857,16,,,1,74,,594860,15,,,1,1,,594860,16,,,1
5700,'2-1',508,,594888,15,0,15 16,1,1,,594888,16,0,15 16,1,30,,594921,15,0,15 16,1,1,,594921,16,0,15 16,1,68,,594897,15,0,15 16,1,1,,594897,16,0,15 16,1,1,,594897,17,0,15 16,1,14,,594884,15,0,15 16,1,1,,594884,16,0,15 16,1,1,,594884,17,0,15 16,1,26,,594925,49,0,15 16,1,1,,594925,50,0,15 16,1,1,,594925,51,0,15 16,1,53,,594894,15,0,15 16,1,1,,594894,16,0,15 16,1,1,,594894,17,0,15 16,1,14,,594899,49,0,15 16,1,1,,594899,50,0,15 16,1,1,,594899,51,0,15 16,1,32,,594886,49,0,15 16,1,1,,594886,50,0,15 16,1,1,,594886,51,0,15 16,1,68,,594928,49,0,15 16,1,1,,594928,50,0,15 16,1,1,,594928,51,0,15 16,1,29,,594913,49,0,15 16,1,1,,594913,50,0,15 16,1,41,,594913,51,0,15 16,1,31,,594918,49,0,15 16,1,1,,594918,50,0,15 16,1,1,,594918,51,0,15 16,1,67,,594912,49,0,15 16,1,1,,594912,50,0,15 16,1,1,,594912,51,0,15 16,1,27,,594914,49,0,15 16,1,1,,594914,50,0,15 16,1,1,,594914,51,0,15 16,1,25,,594895,49,0,15 16,1,1,,594895,50,0,15 16,1,1,,594895,51,0,15 16,1,68,,594885,49,0,15 16,1,1,,594885,50,0,15 16,1,1,,594885,51,0,15 16,1,29,,594891,49,0,15 16,1,1,,594891,50,0,15 16,1,1,,594891,51,0,15 16,1,68,,594882,49,0,15 16,1,1,,594882,50,0,15 16,1,1,,594882,51,0,15 16,1,29,,594883,49,0,15 16,1,1,,594883,50,0,15 16,1,41,,594883,51,0,15 16,1,28,,594902,49,0,15 16,1,1,,594902,50,0,15 16,1,1,,594902,51,0,15 16,1,71,,594903,49,0,15 16,1,1,,594903,50,0,15 16,1,1,,594903,51,0,15 16,1,28,,594929,49,0,15 16,1,1,,594929,50,0,15 16,1,1,,594929,51,0,15 16,1,68,,594927,49,0,15 16,1,1,,594927,50,0,15 16,1,1,,594927,51,0,15 16,1,29,,594907,49,0,15 16,1,1,,594907,50,0,15 16,1,1,,594907,51,0,15 16,1,15,,594905,49,0,15 16,1,1,,594905,50,0,15 16,1,1,,594905,51,0,15 16,1,54,,594881,49,0,15 16,1,1,,594881,50,0,15 16,1,1,,594881,51,0,15 16,1,14,,594920,49,0,15 16,1,1,,594920,50,0,15 16,1,1,,594920,51,0,15 16,1,13,,594890,49,0,15 16,1,1,,594890,50,0,15 16,1,1,,594890,51,0,15 16,1,10,,594906,49,0,15 16,1,1,,594906,50,0,15 16,1,1,,594906,51,0,15 16,1,54,,594889,49,0,15 16,1,1,,594889,50,0,15 16,1,1,,594889,51,0,15 16,1,12,,594926,49,0,15 16,1,1,,594926,50,0,15 16,1,1,,594926,51,0,15 16,1,15,,594887,49,0,15 16,1,1,,594887,50,0,15 16,1,1,,594887,51,0,15 16,1,11,,594896,49,0,15 16,1,1,,594896,50,0,15 16,1,1,,594896,51,0,15 16,1,54,,594909,49,0,15 16,1,1,,594909,50,0,15 16,1,1,,594909,51,0,15 16,1,14,,594892,49,0,15 16,1,1,,594892,50,0,15 16,1,1,,594892,51,0,15 16,1,11,,594917,49,0,15 16,1,1,,594917,50,0,15 16,1,1,,594917,51,0,15 16,1,66,,594901,49,0,15 16,1,1,,594901,50,0,15 16,1,1,,594901,51,0,15 16,1,25,,594916,49,0,15 16,1,1,,594916,50,0,15 16,1,1,,594916,51,0,15 16,1,27,,594900,49,0,15 16,1,1,,594900,50,0,15 16,1,1,,594900,51,0,15 16,1,63,,594898,49,0,15 16,1,1,,594898,50,0,15 16,1,1,,594898,51,0,15 16,1,28,,594915,49,0,15 16,1,1,,594915,50,0,15 16,1,1,,594915,51,0,15 16,1,68,,594924,49,0,15 16,1,1,,594924,50,0,15 16,1,1,,594924,51,0,15 16,1,27,,594922,49,0,15 16,1,1,,594922,50,0,15 16,1,1,,594922,51,0,15 16,1,68,,594904,49,0,15 16,1,1,,594904,50,0,15 16,1,26,,594910,49,0,15 16,1,1,,594910,50,0,15 16,1,65,,594931,49,0,15 16,1,1,,594931,50,0,15 16,1,32,,594919,49,0,15 16,1,1,,594919,50,0,15 16,1,73,,594923,49,0,15 16,1,1,,594923,50,0,15 16,1,25,,594930,15,,,1,1,,594930,16,,,1,69,,594893,15,,,1,1,,594893,16,,,1,29,,594908,15,,,1,1,,594908,16,,,1,74,,594911,15,,,1,1,,594911,16,,,1
5700,'3-1',613,,594944,15,,,1,1,,594944,16,,,1,29,,594937,15,,,1,1,,594937,16,,,1,69,,594955,15,,,1,1,,594955,16,,,1,29,,594949,15,0,15 16,1,1,,594949,16,0,15 16,1,69,,594943,15,0,15 16,1,1,,594943,16,0,15 16,1,29,,594945,15,0,15 16,1,1,,594945,16,0,15 16,1,69,,594948,15,0,15 16,1,1,,594948,16,0,15 16,1,28,,594952,49,0,15 16,1,1,,594952,50,0,15 16,1,100,,594953,49,0,15 16,1,1,,594953,50,0,15 16,1,100,,594939,49,0,15 16,1,1,,594939,50,0,15 16,1,101,,594933,49,0,15 16,1,1,,594933,50,0,15 16,1,99,,594938,49,0,15 16,1,1,,594938,50,0,15 16,1,99,,594936,49,0,15 16,1,1,,594936,50,0,15 16,1,99,,594956,49,0,15 16,1,1,,594956,50,0,15 16,1,97,,594932,49,0,15 16,1,1,,594932,50,0,15 16,1,99,,594954,49,0,15 16,1,1,,594954,50,0,15 16,1,99,,594935,49,0,15 16,1,1,,594935,50,0,15 16,1,101,,594934,15,0,15 16,1,1,,594934,16,0,15 16,1,69,,594947,15,0,15 16,1,1,,594947,16,0,15 16,1,28,,594950,15,0,15 16,1,1,,594950,16,0,15 16,1,69,,594951,15,0,15 16,1,1,,594951,16,0,15 16,1,29,,594946,15,0,15 16,1,1,,594946,16,0,15 16,1,69,,594942,15,0,15 16,1,1,,594942,16,0,15 16,1,28,,594941,15,0,15 16,1,1,,594941,16,0,15 16,1,69,,594940,15,,,1,1,,594940,16,,,1
5700,'4-1',613,,594986,15,,,1,1,,594986,16,,,1,29,,594970,15,,,1,1,,594970,16,,,1,69,,594990,15,,,1,1,,594990,16,,,1,29,,594969,15,0,15 16,1,1,,594969,16,0,15 16,1,69,,594974,15,0,15 16,1,1,,594974,16,0,15 16,1,29,,594975,15,0,15 16,1,1,,594975,16,0,15 16,1,69,,594981,15,0,15 16,1,1,,594981,16,0,15 16,1,25,,594982,49,0,15 16,1,1,,594982,50,0,15 16,1,101,,594992,49,0,15 16,1,1,,594992,50,0,15 16,1,99,,594983,49,0,15 16,1,1,,594983,50,0,15 16,1,101,,594963,49,0,15 16,1,1,,594963,50,0,15 16,1,99,,594959,49,0,15 16,1,1,,594959,50,0,15 16,1,99,,594957,49,0,15 16,1,1,,594957,50,0,15 16,1,99,,594960,49,0,15 16,1,1,,594960,50,0,15 16,1,97,,594989,49,0,15 16,1,1,,594989,50,0,15 16,1,99,,594979,49,0,15 16,1,1,,594979,50,0,15 16,1,99,,594972,49,0,15 16,1,1,,594972,50,0,15 16,1,97,,594967,49,0,15 16,1,1,,594967,50,0,15 16,1,69,,594978,49,0,15 16,1,1,,594978,50,0,15 16,1,28,,594984,49,0,15 16,1,1,,594984,50,0,15 16,1,73,,594980,15,0,15 16,1,1,,594980,16,0,15 16,1,29,,594991,15,0,15 16,1,1,,594991,16,0,15 16,1,69,,594958,15,0,15 16,1,1,,594958,16,0,15 16,1,28,,594962,15,0,15 16,1,1,,594962,16,0,15 16,1,69,,594966,15,,,1,1,,594966,16,,,1,29,,594988,15,,,1,1,,594988,16,,,1,69,,594968,15,,,1,1,,594968,16,,,1,29,,594961,15,,,1,1,,594961,16,,,1,69,,594973,15,,,1,1,,594973,16,,,1,14,,594987,15,,,0,1,,594987,16,,,0,14,,594976,15,,,1,1,,594976,16,,,1,14,,594977,15,,,1,1,,594977,16,,,1,54,,594964,15,,,1,1,,594964,16,,,1,14,,594971,15,,,1,1,,594971,16,,,1,14,,594985,15,,,1,1,,594985,16,,,1,14,,594965,15,,,1,1,,594965,16,,,1
5700,'5-1',509,,595011,15,,,1,1,,595011,16,,,1,35,,595009,15,0,15 16,1,1,,595009,16,0,15 16,1,69,,595007,15,0,15 16,1,1,,595007,16,0,15 16,1,29,,595005,15,0,15 16,1,1,,595005,16,0,15 16,1,99,,595010,15,0,15 16,1,1,,595010,16,0,15 16,1,69,,595002,15,0,15 16,1,1,,595002,16,0,15 16,1,24,,594994,44,0,15 16,1,1,,594994,45,0,15 16,1,98,,594996,49,0,15 16,1,1,,594996,50,0,15 16,1,101,,595000,49,0,15 16,1,1,,595000,50,0,15 16,1,99,,595012,49,0,15 16,1,1,,595012,50,0,15 16,1,101,,594998,49,0,15 16,1,1,,594998,50,0,15 16,1,99,,595006,49,0,15 16,1,1,,595006,50,0,15 16,1,99,,595003,49,0,15 16,1,1,,595003,50,0,15 16,1,99,,595008,49,0,15 16,1,1,,595008,50,0,15 16,1,97,,594993,49,0,15 16,1,1,,594993,50,0,15 16,1,99,,595004,49,0,15 16,1,1,,595004,50,0,15 16,1,99,,594997,49,0,15 16,1,1,,594997,50,0,15 16,1,97,,594999,49,0,15 16,1,1,,594999,50,0,15 16,1,98,,594995,49,0,15 16,1,1,,594995,50,0,15 16,1,99,,595013,49,0,15 16,1,1,,595013,50,0,15 16,1,97,,595001,49,0,15 16,1,1,,595001,50,0,15 16,1,102,,595014,15,0,15 16,1,1,,595014,16,0,15 16,1
5700,'6-1',508,,595022,15,0,15 16,1,1,,595022,16,0,15 16,1,30,,595055,15,0,15 16,1,1,,595055,16,0,15 16,1,68,,595031,15,0,15 16,1,1,,595031,16,0,15 16,1,1,,595031,17,0,15 16,1,14,,595018,15,0,15 16,1,1,,595018,16,0,15 16,1,1,,595018,17,0,15 16,1,26,,595059,49,0,15 16,1,1,,595059,50,0,15 16,1,1,,595059,51,0,15 16,1,53,,595028,15,0,15 16,1,1,,595028,16,0,15 16,1,1,,595028,17,0,15 16,1,14,,595033,49,0,15 16,1,1,,595033,50,0,15 16,1,1,,595033,51,0,15 16,1,32,,595020,49,0,15 16,1,1,,595020,50,0,15 16,1,1,,595020,51,0,15 16,1,68,,595062,49,0,15 16,1,1,,595062,50,0,15 16,1,1,,595062,51,0,15 16,1,29,,595047,49,0,15 16,1,1,,595047,50,0,15 16,1,41,,595047,51,0,15 16,1,31,,595052,49,0,15 16,1,1,,595052,50,0,15 16,1,1,,595052,51,0,15 16,1,67,,595046,49,0,15 16,1,1,,595046,50,0,15 16,1,1,,595046,51,0,15 16,1,27,,595048,49,0,15 16,1,1,,595048,50,0,15 16,1,1,,595048,51,0,15 16,1,25,,595029,49,0,15 16,1,1,,595029,50,0,15 16,1,1,,595029,51,0,15 16,1,68,,595019,49,0,15 16,1,1,,595019,50,0,15 16,1,1,,595019,51,0,15 16,1,29,,595025,49,0,15 16,1,1,,595025,50,0,15 16,1,1,,595025,51,0,15 16,1,68,,595016,49,0,15 16,1,1,,595016,50,0,15 16,1,1,,595016,51,0,15 16,1,29,,595017,49,0,15 16,1,1,,595017,50,0,15 16,1,41,,595017,51,0,15 16,1,28,,595036,49,0,15 16,1,1,,595036,50,0,15 16,1,1,,595036,51,0,15 16,1,71,,595037,49,0,15 16,1,1,,595037,50,0,15 16,1,1,,595037,51,0,15 16,1,28,,595063,49,0,15 16,1,1,,595063,50,0,15 16,1,1,,595063,51,0,15 16,1,68,,595061,49,0,15 16,1,1,,595061,50,0,15 16,1,1,,595061,51,0,15 16,1,29,,595041,49,0,15 16,1,1,,595041,50,0,15 16,1,1,,595041,51,0,15 16,1,15,,595039,49,0,15 16,1,1,,595039,50,0,15 16,1,1,,595039,51,0,15 16,1,54,,595015,49,0,15 16,1,1,,595015,50,0,15 16,1,1,,595015,51,0,15 16,1,14,,595054,49,0,15 16,1,1,,595054,50,0,15 16,1,1,,595054,51,0,15 16,1,13,,595024,49,0,15 16,1,1,,595024,50,0,15 16,1,1,,595024,51,0,15 16,1,10,,595040,49,0,15 16,1,1,,595040,50,0,15 16,1,1,,595040,51,0,15 16,1,54,,595023,49,0,15 16,1,1,,595023,50,0,15 16,1,1,,595023,51,0,15 16,1,12,,595060,49,0,15 16,1,1,,595060,50,0,15 16,1,1,,595060,51,0,15 16,1,15,,595021,49,0,15 16,1,1,,595021,50,0,15 16,1,1,,595021,51,0,15 16,1,11,,595030,49,0,15 16,1,1,,595030,50,0,15 16,1,1,,595030,51,0,15 16,1,54,,595043,49,0,15 16,1,1,,595043,50,0,15 16,1,1,,595043,51,0,15 16,1,14,,595026,49,0,15 16,1,1,,595026,50,0,15 16,1,1,,595026,51,0,15 16,1,11,,595051,49,0,15 16,1,1,,595051,50,0,15 16,1,1,,595051,51,0,15 16,1,66,,595035,49,0,15 16,1,1,,595035,50,0,15 16,1,1,,595035,51,0,15 16,1,25,,595050,49,0,15 16,1,1,,595050,50,0,15 16,1,1,,595050,51,0,15 16,1,27,,595034,49,0,15 16,1,1,,595034,50,0,15 16,1,1,,595034,51,0,15 16,1,63,,595032,49,0,15 16,1,1,,595032,50,0,15 16,1,1,,595032,51,0,15 16,1,28,,595049,49,0,15 16,1,1,,595049,50,0,15 16,1,1,,595049,51,0,15 16,1,68,,595058,49,0,15 16,1,1,,595058,50,0,15 16,1,1,,595058,51,0,15 16,1,27,,595056,49,0,15 16,1,1,,595056,50,0,15 16,1,1,,595056,51,0,15 16,1,68,,595038,49,0,15 16,1,1,,595038,50,0,15 16,1,26,,595044,49,0,15 16,1,1,,595044,50,0,15 16,1,65,,595065,49,0,15 16,1,1,,595065,50,0,15 16,1,32,,595053,49,0,15 16,1,1,,595053,50,0,15 16,1,73,,595057,49,0,15 16,1,1,,595057,50,0,15 16,1,25,,595064,15,,,1,1,,595064,16,,,1,69,,595027,15,,,1,1,,595027,16,,,1,29,,595042,15,,,1,1,,595042,16,,,1,74,,595045,15,,,1,1,,595045,16,,,1
5700,'7-1',613,,595078,15,,,1,1,,595078,16,,,1,29,,595071,15,,,1,1,,595071,16,,,1,69,,595089,15,,,1,1,,595089,16,,,1,29,,595083,15,0,15 16,1,1,,595083,16,0,15 16,1,69,,595077,15,0,15 16,1,1,,595077,16,0,15 16,1,29,,595079,15,0,15 16,1,1,,595079,16,0,15 16,1,69,,595082,15,0,15 16,1,1,,595082,16,0,15 16,1,28,,595086,49,0,15 16,1,1,,595086,50,0,15 16,1,100,,595087,49,0,15 16,1,1,,595087,50,0,15 16,1,100,,595073,49,0,15 16,1,1,,595073,50,0,15 16,1,101,,595067,49,0,15 16,1,1,,595067,50,0,15 16,1,99,,595072,49,0,15 16,1,1,,595072,50,0,15 16,1,99,,595070,49,0,15 16,1,1,,595070,50,0,15 16,1,99,,595090,49,0,15 16,1,1,,595090,50,0,15 16,1,97,,595066,49,0,15 16,1,1,,595066,50,0,15 16,1,99,,595088,49,0,15 16,1,1,,595088,50,0,15 16,1,99,,595069,49,0,15 16,1,1,,595069,50,0,15 16,1,101,,595068,15,0,15 16,1,1,,595068,16,0,15 16,1,69,,595081,15,0,15 16,1,1,,595081,16,0,15 16,1,28,,595084,15,0,15 16,1,1,,595084,16,0,15 16,1,69,,595085,15,0,15 16,1,1,,595085,16,0,15 16,1,29,,595080,15,0,15 16,1,1,,595080,16,0,15 16,1,69,,595076,15,0,15 16,1,1,,595076,16,0,15 16,1,28,,595075,15,0,15 16,1,1,,595075,16,0,15 16,1,69,,595074,15,,,1,1,,595074,16,,,1
5700,'8-1',508,,595098,15,0,15 16,1,1,,595098,16,0,15 16,1,30,,595131,15,0,15 16,1,1,,595131,16,0,15 16,1,68,,595107,15,0,15 16,1,1,,595107,16,0,15 16,1,1,,595107,17,0,15 16,1,14,,595094,15,0,15 16,1,1,,595094,16,0,15 16,1,1,,595094,17,0,15 16,1,26,,595135,49,0,15 16,1,1,,595135,50,0,15 16,1,1,,595135,51,0,15 16,1,53,,595104,15,0,15 16,1,1,,595104,16,0,15 16,1,1,,595104,17,0,15 16,1,14,,595109,49,0,15 16,1,1,,595109,50,0,15 16,1,1,,595109,51,0,15 16,1,32,,595096,49,0,15 16,1,1,,595096,50,0,15 16,1,1,,595096,51,0,15 16,1,68,,595138,49,0,15 16,1,1,,595138,50,0,15 16,1,1,,595138,51,0,15 16,1,29,,595123,49,0,15 16,1,1,,595123,50,0,15 16,1,41,,595123,51,0,15 16,1,31,,595128,49,0,15 16,1,1,,595128,50,0,15 16,1,1,,595128,51,0,15 16,1,67,,595122,49,0,15 16,1,1,,595122,50,0,15 16,1,1,,595122,51,0,15 16,1,27,,595124,49,0,15 16,1,1,,595124,50,0,15 16,1,1,,595124,51,0,15 16,1,25,,595105,49,0,15 16,1,1,,595105,50,0,15 16,1,1,,595105,51,0,15 16,1,68,,595095,49,0,15 16,1,1,,595095,50,0,15 16,1,1,,595095,51,0,15 16,1,29,,595101,49,0,15 16,1,1,,595101,50,0,15 16,1,1,,595101,51,0,15 16,1,68,,595092,49,0,15 16,1,1,,595092,50,0,15 16,1,1,,595092,51,0,15 16,1,29,,595093,49,0,15 16,1,1,,595093,50,0,15 16,1,41,,595093,51,0,15 16,1,28,,595112,49,0,15 16,1,1,,595112,50,0,15 16,1,1,,595112,51,0,15 16,1,71,,595113,49,0,15 16,1,1,,595113,50,0,15 16,1,1,,595113,51,0,15 16,1,28,,595139,49,0,15 16,1,1,,595139,50,0,15 16,1,1,,595139,51,0,15 16,1,68,,595137,49,0,15 16,1,1,,595137,50,0,15 16,1,1,,595137,51,0,15 16,1,29,,595117,49,0,15 16,1,1,,595117,50,0,15 16,1,1,,595117,51,0,15 16,1,15,,595115,49,0,15 16,1,1,,595115,50,0,15 16,1,1,,595115,51,0,15 16,1,54,,595091,49,0,15 16,1,1,,595091,50,0,15 16,1,1,,595091,51,0,15 16,1,14,,595130,49,0,15 16,1,1,,595130,50,0,15 16,1,1,,595130,51,0,15 16,1,13,,595100,49,0,15 16,1,1,,595100,50,0,15 16,1,1,,595100,51,0,15 16,1,10,,595116,49,0,15 16,1,1,,595116,50,0,15 16,1,1,,595116,51,0,15 16,1,54,,595099,49,0,15 16,1,1,,595099,50,0,15 16,1,1,,595099,51,0,15 16,1,12,,595136,49,0,15 16,1,1,,595136,50,0,15 16,1,1,,595136,51,0,15 16,1,15,,595097,49,0,15 16,1,1,,595097,50,0,15 16,1,1,,595097,51,0,15 16,1,11,,595106,49,0,15 16,1,1,,595106,50,0,15 16,1,1,,595106,51,0,15 16,1,54,,595119,49,0,15 16,1,1,,595119,50,0,15 16,1,1,,595119,51,0,15 16,1,14,,595102,49,0,15 16,1,1,,595102,50,0,15 16,1,1,,595102,51,0,15 16,1,11,,595127,49,0,15 16,1,1,,595127,50,0,15 16,1,1,,595127,51,0,15 16,1,66,,595111,49,0,15 16,1,1,,595111,50,0,15 16,1,1,,595111,51,0,15 16,1,25,,595126,49,0,15 16,1,1,,595126,50,0,15 16,1,1,,595126,51,0,15 16,1,27,,595110,49,0,15 16,1,1,,595110,50,0,15 16,1,1,,595110,51,0,15 16,1,63,,595108,49,0,15 16,1,1,,595108,50,0,15 16,1,1,,595108,51,0,15 16,1,28,,595125,49,0,15 16,1,1,,595125,50,0,15 16,1,1,,595125,51,0,15 16,1,68,,595134,49,0,15 16,1,1,,595134,50,0,15 16,1,1,,595134,51,0,15 16,1,27,,595132,49,0,15 16,1,1,,595132,50,0,15 16,1,1,,595132,51,0,15 16,1,68,,595114,49,0,15 16,1,1,,595114,50,0,15 16,1,26,,595120,49,0,15 16,1,1,,595120,50,0,15 16,1,65,,595141,49,0,15 16,1,1,,595141,50,0,15 16,1,32,,595129,49,0,15 16,1,1,,595129,50,0,15 16,1,73,,595133,49,0,15 16,1,1,,595133,50,0,15 16,1,25,,595140,15,,,1,1,,595140,16,,,1,69,,595103,15,,,1,1,,595103,16,,,1,29,,595118,15,,,1,1,,595118,16,,,1,74,,595121,15,,,1,1,,595121,16,,,1
5700,'9-1',509,,595163,15,,,1,1,,595163,16,,,1,35,,595158,15,0,15 16,1,1,,595158,16,0,15 16,1,69,,595156,15,0,15 16,1,1,,595156,16,0,15 16,1,29,,595155,15,0,15 16,1,1,,595155,16,0,15 16,1,69,,595142,15,0,15 16,1,1,,595142,16,0,15 16,1,29,,595162,15,0,15 16,1,1,,595162,16,0,15 16,1,69,,595146,15,0,15 16,1,1,,595146,16,0,15 16,1,24,,595152,44,0,15 16,1,1,,595152,45,0,15 16,1,98,,595143,49,0,15 16,1,1,,595143,50,0,15 16,1,101,,595151,49,0,15 16,1,1,,595151,50,0,15 16,1,99,,595154,49,0,15 16,1,1,,595154,50,0,15 16,1,101,,595148,49,0,15 16,1,1,,595148,50,0,15 16,1,99,,595164,49,0,15 16,1,1,,595164,50,0,15 16,1,99,,595160,49,0,15 16,1,1,,595160,50,0,15 16,1,99,,595165,49,0,15 16,1,1,,595165,50,0,15 16,1,97,,595159,49,0,15 16,1,1,,595159,50,0,15 16,1,99,,595149,49,0,15 16,1,1,,595149,50,0,15 16,1,99,,595145,49,0,15 16,1,1,,595145,50,0,15 16,1,97,,595157,49,0,15 16,1,1,,595157,50,0,15 16,1,98,,595153,49,0,15 16,1,1,,595153,50,0,15 16,1,99,,595144,49,0,15 16,1,1,,595144,50,0,15 16,1,97,,595161,49,0,15 16,1,1,,595161,50,0,15 16,1,72,,595150,15,0,15 16,1,1,,595150,16,0,15 16,1,29,,595147,15,0,15 16,1,1,,595147,16,0,15 16,1
5701,'1-1',605,,595194,4,,,1,3,,595194,5,,,1,10,,595203,4,,,1,15,,595190,4,,,1,15,,595197,4,,,1,55,,595188,4,,,1,15,,595191,4,,,1,14,,595171,4,,,1,13,,595175,4,,,1,55,,595172,4,,,1,18,,595168,4,,,1,13,,595169,4,,,1,70,,595174,4,,,1,32,,595166,4,,,1,70,,595214,4,,,1,30,,595181,4,,,1,70,,595183,4,,,1,30,,595196,4,,,1,70,,595173,4,,,1,28,,595192,4,,,1,70,,595204,4,,,1,30,,595208,4,,,1,69,,595170,4,,,1,30,,595182,4,,,1,29,,595209,4,,,1,69,,595179,4,,,1,31,,595201,4,,,1,71,,595205,4,,,1,70,,595167,4,,,1,30,,595184,4,,,1,72,,595180,4,,,1,33,,595177,4,,,1,68,,595211,4,,,1,30,,595207,4,,,1,70,,595186,4,,,1,30,,595199,4,,,1,70,,595195,4,,,1,30,,595193,4,,,1,70,,595200,4,,,1,32,,595206,4,,,1,3,,595206,5,,,1,71,,595185,4,,,1,3,,595185,5,,,1,34,,595202,4,,,1,3,,595202,5,,,1,67,,595176,4,0,76,1,3,,595176,5,0,76,1,27,,595213,4,0,76,1,3,,595213,5,0,76,1,67,,595178,4,0,76,1,3,,595178,5,0,76,1,32,,595212,4,0,76,1,3,,595212,5,0,76,1,66,,595198,18,0,76,1,3,,595198,19,0,76,1,27,,595210,18,0,76,1,3,,595210,19,0,76,1,67,,595189,18,0,76,1,3,,595189,19,0,76,1
5701,'10-1',605,,595238,4,,,1,3,,595238,5,,,1,10,,595230,4,,,1,15,,595221,4,,,1,15,,595219,4,,,1,55,,595225,4,,,1,15,,595236,4,,,1,14,,595244,4,,,1,13,,595222,4,,,1,55,,595255,4,,,1,18,,595224,4,,,1,13,,595216,4,,,1,70,,595218,4,,,1,32,,595226,4,,,1,70,,595254,4,,,1,30,,595233,4,,,1,70,,595228,4,,,1,30,,595232,4,,,1,70,,595243,4,,,1,28,,595240,4,,,1,70,,595215,4,,,1,30,,595237,4,,,1,69,,595253,4,,,1,30,,595260,4,,,1,29,,595263,4,,,1,69,,595258,4,,,1,31,,595231,4,,,1,71,,595259,4,,,1,70,,595223,4,,,1,30,,595217,4,,,1,72,,595251,4,,,1,33,,595257,4,,,1,68,,595261,4,,,1,30,,595235,4,,,1,70,,595245,4,,,1,30,,595247,4,,,1,70,,595250,4,,,1,30,,595220,4,,,1,70,,595249,4,,,1,32,,595241,4,,,1,3,,595241,5,,,1,71,,595246,4,,,1,3,,595246,5,,,1,34,,595252,4,,,1,3,,595252,5,,,1,67,,595234,4,0,76,1,3,,595234,5,0,76,1,27,,595242,4,0,76,1,3,,595242,5,0,76,1,67,,595229,4,0,76,1,3,,595229,5,0,76,1,32,,595248,4,0,76,1,3,,595248,5,0,76,1,66,,595262,18,0,76,1,3,,595262,19,0,76,1,27,,595227,18,0,76,1,3,,595227,19,0,76,1,67,,595256,18,0,76,1,3,,595256,19,0,76,1
5701,'11-1',605,,595287,4,,,1,3,,595287,5,,,1,10,,595279,4,,,1,15,,595270,4,,,1,15,,595268,4,,,1,55,,595274,4,,,1,15,,595285,4,,,1,14,,595293,4,,,1,13,,595271,4,,,1,55,,595304,4,,,1,18,,595273,4,,,1,13,,595265,4,,,1,70,,595267,4,,,1,32,,595275,4,,,1,70,,595303,4,,,1,30,,595282,4,,,1,70,,595277,4,,,1,30,,595281,4,,,1,70,,595292,4,,,1,28,,595289,4,,,1,70,,595264,4,,,1,30,,595286,4,,,1,69,,595302,4,,,1,30,,595309,4,,,1,29,,595312,4,,,1,69,,595307,4,,,1,31,,595280,4,,,1,71,,595308,4,,,1,70,,595272,4,,,1,30,,595266,4,,,1,72,,595300,4,,,1,33,,595306,4,,,1,68,,595310,4,,,1,30,,595284,4,,,1,70,,595294,4,,,1,30,,595296,4,,,1,70,,595299,4,,,1,30,,595269,4,,,1,70,,595298,4,,,1,32,,595290,4,,,1,3,,595290,5,,,1,71,,595295,4,,,1,3,,595295,5,,,1,34,,595301,4,,,1,3,,595301,5,,,1,67,,595283,4,0,76,1,3,,595283,5,0,76,1,27,,595291,4,0,76,1,3,,595291,5,0,76,1,67,,595278,4,0,76,1,3,,595278,5,0,76,1,32,,595297,4,0,76,1,3,,595297,5,0,76,1,66,,595311,18,0,76,1,3,,595311,19,0,76,1,27,,595276,18,0,76,1,3,,595276,19,0,76,1,67,,595305,18,0,76,1,3,,595305,19,0,76,1
5701,'2-1',605,,595336,4,,,1,3,,595336,5,,,1,10,,595328,4,,,1,15,,595319,4,,,1,15,,595317,4,,,1,55,,595323,4,,,1,15,,595334,4,,,1,14,,595342,4,,,1,13,,595320,4,,,1,55,,595353,4,,,1,18,,595322,4,,,1,13,,595314,4,,,1,70,,595316,4,,,1,32,,595324,4,,,1,70,,595352,4,,,1,30,,595331,4,,,1,70,,595326,4,,,1,30,,595330,4,,,1,70,,595341,4,,,1,28,,595338,4,,,1,70,,595313,4,,,1,30,,595335,4,,,1,69,,595351,4,,,1,30,,595358,4,,,1,29,,595361,4,,,1,69,,595356,4,,,1,31,,595329,4,,,1,71,,595357,4,,,1,70,,595321,4,,,1,30,,595315,4,,,1,72,,595349,4,,,1,33,,595355,4,,,1,68,,595359,4,,,1,30,,595333,4,,,1,70,,595343,4,,,1,30,,595345,4,,,1,70,,595348,4,,,1,30,,595318,4,,,1,70,,595347,4,,,1,32,,595339,4,,,1,3,,595339,5,,,1,71,,595344,4,,,1,3,,595344,5,,,1,34,,595350,4,,,1,3,,595350,5,,,1,67,,595332,4,0,76,1,3,,595332,5,0,76,1,27,,595340,4,0,76,1,3,,595340,5,0,76,1,67,,595327,4,0,76,1,3,,595327,5,0,76,1,32,,595346,4,0,76,1,3,,595346,5,0,76,1,66,,595360,18,0,76,1,3,,595360,19,0,76,1,27,,595325,18,0,76,1,3,,595325,19,0,76,1,67,,595354,18,0,76,1,3,,595354,19,0,76,1
5701,'3-1',612,,595368,18,0,76,1,2,,595368,19,0,76,1,28,,595382,18,0,76,1,2,,595382,19,0,76,1,68,,595389,18,0,76,1,2,,595389,19,0,76,1,28,,595377,18,0,76,1,2,,595377,19,0,76,1,69,,595374,18,0,76,1,2,,595374,19,0,76,1,28,,595371,4,0,76,1,2,,595371,5,0,76,1,68,,595380,4,,,1,2,,595380,5,,,1,98,,595362,4,,,1,2,,595362,5,,,1,99,,595385,4,,,1,2,,595385,5,,,1,98,,595364,4,,,1,2,,595364,5,,,1,98,,595379,4,,,1,2,,595379,5,,,1,98,,595375,4,,,1,2,,595375,5,,,1,98,,595366,4,,,1,2,,595366,5,,,1,98,,595367,4,,,1,2,,595367,5,,,1,98,,595373,4,,,1,2,,595373,5,,,1,98,,595372,4,0,76,1,2,,595372,5,0,76,1,98,,595387,4,0,76,1,2,,595387,5,0,76,1,27,,595388,4,0,76,1,2,,595388,5,0,76,1,68,,595370,4,0,76,1,2,,595370,5,0,76,1,28,,595384,4,0,76,1,2,,595384,5,0,76,1,68,,595369,4,0,76,1,2,,595369,5,0,76,1,28,,595383,4,0,76,1,2,,595383,5,0,76,1,68,,595381,4,0,76,1,2,,595381,5,0,76,1,27,,595363,4,0,76,1,2,,595363,5,0,76,1,68,,595378,4,0,76,1,2,,595378,5,0,76,1,31,,595386,18,0,76,1,2,,595386,19,0,76,1,68,,595376,18,0,76,1,2,,595376,19,0,76,1,28,,595365,18,0,76,1,2,,595365,19,0,76,1
5701,'4-1',612,,595403,18,0,76,1,2,,595403,19,0,76,1,28,,595422,18,0,76,1,2,,595422,19,0,76,1,68,,595397,18,0,76,1,2,,595397,19,0,76,1,28,,595390,18,0,76,1,2,,595390,19,0,76,1,69,,595406,18,0,76,1,2,,595406,19,0,76,1,28,,595391,4,0,76,1,2,,595391,5,0,76,1,68,,595419,4,,,1,2,,595419,5,,,1,98,,595409,4,,,1,2,,595409,5,,,1,99,,595408,4,,,1,2,,595408,5,,,1,98,,595426,4,,,1,2,,595426,5,,,1,98,,595392,4,,,1,2,,595392,5,,,1,98,,595411,4,,,1,2,,595411,5,,,1,98,,595393,4,,,1,2,,595393,5,,,1,98,,595414,4,,,1,2,,595414,5,,,1,98,,595405,4,,,1,2,,595405,5,,,1,98,,595420,4,,,1,2,,595420,5,,,1,98,,595424,4,,,1,2,,595424,5,,,1,27,,595423,4,,,1,2,,595423,5,,,1,68,,595396,4,,,1,2,,595396,5,,,1,28,,595410,4,,,1,2,,595410,5,,,1,68,,595415,4,,,1,2,,595415,5,,,1,28,,595395,10,0,76,1,2,,595395,11,0,76,1,13,,595400,10,0,76,1,42,,595400,11,0,76,1,13,,595407,10,,,1,2,,595407,11,,,1,13,,595428,10,0,76,1,2,,595428,11,0,76,1,12,,595404,10,0,76,1,2,,595404,11,0,76,1,13,,595398,10,0,76,1,2,,595398,11,0,76,1,56,,595427,10,,,1,2,,595427,11,,,1,28,,595401,18,0,76,1,2,,595401,19,0,76,1,68,,595413,18,0,76,1,2,,595413,19,0,76,1,28,,595421,18,0,76,0,2,,595421,19,0,76,0,68,,595418,18,0,76,1,2,,595418,19,0,76,1,13,,595425,18,0,76,1,2,,595425,19,0,76,1,13,,595416,18,0,76,1,2,,595416,19,0,76,1,53,,595394,18,0,76,1,2,,595394,19,0,76,1,13,,595402,18,0,76,1,2,,595402,19,0,76,1,13,,595417,18,0,76,1,2,,595417,19,0,76,1,13,,595399,18,0,76,0,2,,595399,19,0,76,0,53,,595412,18,0,76,1,2,,595412,19,0,76,1,13,,595429,18,0,76,1,2,,595429,19,0,76,1
5701,'5-1',618,,595444,18,0,76,1,2,,595444,19,0,76,1,96,,595441,4,0,76,1,2,,595441,5,0,76,1,28,,595435,4,0,59 60,1,2,,595435,5,0,59 60,1,69,,595447,4,,,1,2,,595447,5,,,1,98,,595446,4,,,1,2,,595446,5,,,1,98,,595433,4,,,1,2,,595433,5,,,1,99,,595450,4,,,1,2,,595450,5,,,1,98,,595432,4,,,1,2,,595432,5,,,1,98,,595430,4,,,1,2,,595430,5,,,1,98,,595445,4,,,1,2,,595445,5,,,1,98,,595440,4,,,1,2,,595440,5,,,1,98,,595442,4,,,1,2,,595442,5,,,1,98,,595431,4,,,1,2,,595431,5,,,1,98,,595437,4,,,1,2,,595437,5,,,1,98,,595451,4,,,1,2,,595451,5,,,1,97,,595443,4,,,1,2,,595443,5,,,1,98,,595438,4,,,1,2,,595438,5,,,1,28,,595448,4,0,76,1,2,,595448,5,0,76,1,68,,595439,4,,,1,2,,595439,5,,,1,27,,595436,4,0,76,1,2,,595436,5,0,76,1,68,,595449,4,0,76,1,2,,595449,5,0,76,1,98,,595434,4,0,76,1,2,,595434,5,0,76,1
5701,'6-1',605,,595475,4,,,1,3,,595475,5,,,1,10,,595467,4,,,1,15,,595458,4,,,1,15,,595456,4,,,1,55,,595462,4,,,1,15,,595473,4,,,1,14,,595481,4,,,1,13,,595459,4,,,1,55,,595492,4,,,1,18,,595461,4,,,1,13,,595453,4,,,1,70,,595455,4,,,1,32,,595463,4,,,1,70,,595491,4,,,1,30,,595470,4,,,1,70,,595465,4,,,1,30,,595469,4,,,1,70,,595480,4,,,1,28,,595477,4,,,1,70,,595452,4,,,1,30,,595474,4,,,1,69,,595490,4,,,1,30,,595497,4,,,1,29,,595500,4,,,1,69,,595495,4,,,1,31,,595468,4,,,1,71,,595496,4,,,1,70,,595460,4,,,1,30,,595454,4,,,1,72,,595488,4,,,1,33,,595494,4,,,1,68,,595498,4,,,1,30,,595472,4,,,1,70,,595482,4,,,1,30,,595484,4,,,1,70,,595487,4,,,1,30,,595457,4,,,1,70,,595486,4,,,1,32,,595478,4,,,1,3,,595478,5,,,1,71,,595483,4,,,1,3,,595483,5,,,1,34,,595489,4,,,1,3,,595489,5,,,1,67,,595471,4,0,76,1,3,,595471,5,0,76,1,27,,595479,4,0,76,1,3,,595479,5,0,76,1,67,,595466,4,0,76,1,3,,595466,5,0,76,1,32,,595485,4,0,76,1,3,,595485,5,0,76,1,66,,595499,18,0,76,1,3,,595499,19,0,76,1,27,,595464,18,0,76,1,3,,595464,19,0,76,1,67,,595493,18,0,76,1,3,,595493,19,0,76,1
5701,'7-1',612,,595507,18,0,76,1,2,,595507,19,0,76,1,28,,595521,18,0,76,1,2,,595521,19,0,76,1,68,,595528,18,0,76,1,2,,595528,19,0,76,1,28,,595516,18,0,76,1,2,,595516,19,0,76,1,69,,595513,18,0,76,1,2,,595513,19,0,76,1,28,,595510,4,0,76,1,2,,595510,5,0,76,1,68,,595519,4,,,1,2,,595519,5,,,1,98,,595501,4,,,1,2,,595501,5,,,1,99,,595524,4,,,1,2,,595524,5,,,1,98,,595503,4,,,1,2,,595503,5,,,1,98,,595518,4,,,1,2,,595518,5,,,1,98,,595514,4,,,1,2,,595514,5,,,1,98,,595505,4,,,1,2,,595505,5,,,1,98,,595506,4,,,1,2,,595506,5,,,1,98,,595512,4,,,1,2,,595512,5,,,1,98,,595511,4,0,76,1,2,,595511,5,0,76,1,98,,595526,4,0,76,1,2,,595526,5,0,76,1,27,,595527,4,0,76,1,2,,595527,5,0,76,1,68,,595509,4,0,76,1,2,,595509,5,0,76,1,28,,595523,4,0,76,1,2,,595523,5,0,76,1,68,,595508,4,0,76,1,2,,595508,5,0,76,1,28,,595522,4,0,76,1,2,,595522,5,0,76,1,68,,595520,4,0,76,1,2,,595520,5,0,76,1,27,,595502,4,0,76,1,2,,595502,5,0,76,1,68,,595517,4,0,76,1,2,,595517,5,0,76,1,31,,595525,18,0,76,1,2,,595525,19,0,76,1,68,,595515,18,0,76,1,2,,595515,19,0,76,1,28,,595504,18,0,76,1,2,,595504,19,0,76,1
5701,'8-1',605,,595552,4,,,1,3,,595552,5,,,1,10,,595544,4,,,1,15,,595535,4,,,1,15,,595533,4,,,1,55,,595539,4,,,1,15,,595550,4,,,1,14,,595558,4,,,1,13,,595536,4,,,1,55,,595569,4,,,1,18,,595538,4,,,1,13,,595530,4,,,1,70,,595532,4,,,1,32,,595540,4,,,1,70,,595568,4,,,1,30,,595547,4,,,1,70,,595542,4,,,1,30,,595546,4,,,1,70,,595557,4,,,1,28,,595554,4,,,1,70,,595529,4,,,1,30,,595551,4,,,1,69,,595567,4,,,1,30,,595574,4,,,1,29,,595577,4,,,1,69,,595572,4,,,1,31,,595545,4,,,1,71,,595573,4,,,1,70,,595537,4,,,1,30,,595531,4,,,1,72,,595565,4,,,1,33,,595571,4,,,1,68,,595575,4,,,1,30,,595549,4,,,1,70,,595559,4,,,1,30,,595561,4,,,1,70,,595564,4,,,1,30,,595534,4,,,1,70,,595563,4,,,1,32,,595555,4,,,1,3,,595555,5,,,1,71,,595560,4,,,1,3,,595560,5,,,1,34,,595566,4,,,1,3,,595566,5,,,1,67,,595548,4,0,76,1,3,,595548,5,0,76,1,27,,595556,4,0,76,1,3,,595556,5,0,76,1,67,,595543,4,0,76,1,3,,595543,5,0,76,1,32,,595562,4,0,76,1,3,,595562,5,0,76,1,66,,595576,18,0,76,1,3,,595576,19,0,76,1,27,,595541,18,0,76,1,3,,595541,19,0,76,1,67,,595570,18,0,76,1,3,,595570,19,0,76,1
5701,'9-1',618,,595586,18,0,76,1,2,,595586,19,0,76,1,26,,595585,4,0,76,1,2,,595585,5,0,76,1,68,,595600,4,0,76,1,2,,595600,5,0,76,1,28,,595587,4,0,59 60,1,2,,595587,5,0,59 60,1,69,,595591,4,,,1,2,,595591,5,,,1,98,,595578,4,,,1,2,,595578,5,,,1,98,,595592,4,,,1,2,,595592,5,,,1,99,,595590,4,,,1,2,,595590,5,,,1,98,,595582,4,,,1,2,,595582,5,,,1,98,,595594,4,,,1,2,,595594,5,,,1,98,,595598,4,,,1,2,,595598,5,,,1,98,,595596,4,,,1,2,,595596,5,,,1,98,,595597,4,,,1,2,,595597,5,,,1,98,,595581,4,,,1,2,,595581,5,,,1,98,,595588,4,,,1,2,,595588,5,,,1,98,,595601,4,,,1,2,,595601,5,,,1,97,,595583,4,,,1,2,,595583,5,,,1,98,,595580,4,,,1,2,,595580,5,,,1,28,,595589,4,0,76,1,2,,595589,5,0,76,1,68,,595584,4,,,1,2,,595584,5,,,1,27,,595593,4,0,76,1,2,,595593,5,0,76,1,68,,595595,4,0,76,1,2,,595595,5,0,76,1,28,,595579,4,0,76,1,2,,595579,5,0,76,1,68,,595599,4,0,76,1,2,,595599,5,0,76,1
5800,'1-1',848,,595635,4,0,77 78,1,70,,595620,4,0,77 78,1,30,,595611,4,0,77 78,1,70,,595604,4,0,77 78,1,30,,595617,4,0,77 78,1,70,,595630,4,0,77 78,1,29,,595614,4,0,77 78,1,70,,595626,4,0,77 78,1,30,,595610,4,0,77 78,1,70,,595608,4,0,77 78,1,30,,595616,4,0,77 78,1,70,,595612,4,0,77 78,1,30,,595627,4,0,77 78,1,69,,595633,4,,,1,30,,595605,4,,,1,71,,595602,4,,,1,30,,595634,4,0,77 78,1,70,,595613,4,0,77 78,1,31,,595623,4,0,77 78,1
5800,'10-1',848,,595659,4,0,77 78,1,70,,595661,4,0,77 78,1,30,,595667,4,0,77 78,1,70,,595660,4,0,77 78,1,30,,595647,4,0,77 78,1,70,,595658,4,0,77 78,1,29,,595640,4,0,77 78,1,70,,595645,4,0,77 78,1,30,,595649,4,0,77 78,1,70,,595666,4,0,77 78,1,30,,595657,4,0,77 78,1,70,,595650,4,0,77 78,1,30,,595637,4,0,77 78,1,69,,595669,4,,,1,30,,595668,4,,,1,71,,595646,4,,,1,30,,595652,4,0,77 78,1,70,,595670,4,0,77 78,1,31,,595642,4,0,77 78,1
5800,'11-1',848,,595694,4,0,77 78,1,70,,595696,4,0,77 78,1,30,,595702,4,0,77 78,1,70,,595695,4,0,77 78,1,30,,595682,4,0,77 78,1,70,,595693,4,0,77 78,1,29,,595675,4,0,77 78,1,70,,595680,4,0,77 78,1,30,,595684,4,0,77 78,1,70,,595701,4,0,77 78,1,30,,595692,4,0,77 78,1,70,,595685,4,0,77 78,1,30,,595672,4,0,77 78,1,69,,595704,4,,,1,30,,595703,4,,,1,71,,595681,4,,,1,30,,595687,4,0,77 78,1,70,,595705,4,0,77 78,1,31,,595677,4,0,77 78,1
5800,'2-1',848,,595729,4,0,77 78,1,70,,595731,4,0,77 78,1,30,,595737,4,0,77 78,1,70,,595730,4,0,77 78,1,30,,595717,4,0,77 78,1,70,,595728,4,0,77 78,1,29,,595710,4,0,77 78,1,70,,595715,4,0,77 78,1,30,,595719,4,0,77 78,1,70,,595736,4,0,77 78,1,30,,595727,4,0,77 78,1,70,,595720,4,0,77 78,1,30,,595707,4,0,77 78,1,69,,595739,4,,,1,30,,595738,4,,,1,71,,595716,4,,,1,30,,595722,4,0,77 78,1,70,,595740,4,0,77 78,1,31,,595712,4,0,77 78,1
5800,'3-1',947,,595757,4,0,77 78,1,99,,595762,4,0,77 78,1,100,,595755,4,0,77 78,1,100,,595760,4,0,77 78,1,100,,595750,4,0,77 78,1,100,,595742,4,0,77 78,1,100,,595743,4,0,77 78,1,100,,595751,4,0,77 78,1,101,,595747,4,0,77 78,1,100,,595754,4,0,77 78,1
5800,'4-1',945,,595787,4,0,77 78,1,99,,595777,4,0,77 78,1,100,,595785,4,0,77 78,1,100,,595784,4,0,77 78,1,100,,595765,4,0,77 78,1,100,,595780,4,0,77 78,1,100,,595779,4,0,77 78,1,100,,595763,4,0,77 78,1,101,,595786,4,0,77 78,1,101,,595778,4,0,77 78,1
5800,'5-1',904,,595796,4,0,77 78,1,100,,595795,4,0,77 78,1,101,,595809,4,0,77 78,1,100,,595805,4,0,77 78,1,100,,595792,4,0,77 78,1,100,,595789,4,0,77 78,1,100,,595794,4,0,77 78,1,100,,595802,4,0,77 78,1,100,,595808,4,0,77 78,1,99,,595799,4,0,77 78,1,100,,595790,4,0,77 78,1,100,,595803,4,0,77 78,1,100,,595793,4,0,77 78,1
5800,'6-1',848,,595832,4,0,77 78,1,70,,595834,4,0,77 78,1,30,,595840,4,0,77 78,1,70,,595833,4,0,77 78,1,30,,595820,4,0,77 78,1,70,,595831,4,0,77 78,1,29,,595813,4,0,77 78,1,70,,595818,4,0,77 78,1,30,,595822,4,0,77 78,1,70,,595839,4,0,77 78,1,30,,595830,4,0,77 78,1,70,,595823,4,0,77 78,1,30,,595810,4,0,77 78,1,69,,595842,4,,,1,30,,595841,4,,,1,71,,595819,4,,,1,30,,595825,4,0,77 78,1,70,,595843,4,0,77 78,1,31,,595815,4,0,77 78,1
5800,'7-1',947,,595860,4,0,77 78,1,99,,595865,4,0,77 78,1,100,,595858,4,0,77 78,1,100,,595863,4,0,77 78,1,100,,595853,4,0,77 78,1,100,,595845,4,0,77 78,1,100,,595846,4,0,77 78,1,100,,595854,4,0,77 78,1,101,,595850,4,0,77 78,1,100,,595857,4,0,77 78,1
5800,'8-1',848,,595888,4,0,77 78,1,70,,595890,4,0,77 78,1,30,,595896,4,0,77 78,1,70,,595889,4,0,77 78,1,30,,595876,4,0,77 78,1,70,,595887,4,0,77 78,1,29,,595869,4,0,77 78,1,70,,595874,4,0,77 78,1,30,,595878,4,0,77 78,1,70,,595895,4,0,77 78,1,30,,595886,4,0,77 78,1,70,,595879,4,0,77 78,1,30,,595866,4,0,77 78,1,69,,595898,4,,,1,30,,595897,4,,,1,71,,595875,4,,,1,30,,595881,4,0,77 78,1,70,,595899,4,0,77 78,1,31,,595871,4,0,77 78,1
5800,'9-1',904,,595903,4,0,77 78,1,100,,595916,4,0,77 78,1,101,,595904,4,0,77 78,1,100,,595901,4,0,77 78,1,100,,595917,4,0,77 78,1,100,,595909,4,0,77 78,1,100,,595912,4,0,77 78,1,100,,595911,4,0,77 78,1,100,,595910,4,0,77 78,1,99,,595920,4,0,77 78,1,100,,595908,4,0,77 78,1,100,,595902,4,0,77 78,1,100,,595927,4,0,77 78,1
5801,'1-1',650,,595959,35,,,1,1,,595959,36,,,1,92,,595944,40,,,1,1,,595944,41,,,1,71,,595935,40,,,1,1,,595935,41,,,1,32,,595942,40,,,1,1,,595942,41,,,1,69,,595941,40,,,1,1,,595941,41,,,1,17,,595931,35,,,1,1,,595931,36,,,1,67,,595939,35,,,1,1,,595939,36,,,1,31,,595963,35,,,1,1,,595963,36,,,1,69,,595943,35,,,1,1,,595943,36,,,1,29,,595957,35,,,1,1,,595957,36,,,1,69,,595933,35,,,1,1,,595933,36,,,1,30,,595955,35,,,1,1,,595955,36,,,1,69,,595951,35,,,1,1,,595951,36,,,1,29,,595953,35,,,1,1,,595953,36,,,1,69,,595936,35,,,1,1,,595936,36,,,1,29,,595956,35,,,1,1,,595956,36,,,1,70,,595948,35,,,1,1,,595948,36,,,1
5801,'10-1',650,,595994,35,,,1,1,,595994,36,,,1,92,,595990,40,,,1,1,,595990,41,,,1,71,,595967,40,,,1,1,,595967,41,,,1,32,,595982,40,,,1,1,,595982,41,,,1,69,,595991,40,,,1,1,,595991,41,,,1,17,,595978,35,,,1,1,,595978,36,,,1,67,,595983,35,,,1,1,,595983,36,,,1,31,,595972,35,,,1,1,,595972,36,,,1,69,,595997,35,,,1,1,,595997,36,,,1,29,,595973,35,,,1,1,,595973,36,,,1,69,,595971,35,,,1,1,,595971,36,,,1,30,,595995,35,,,1,1,,595995,36,,,1,69,,595988,35,,,1,1,,595988,36,,,1,29,,595976,35,,,1,1,,595976,36,,,1,69,,595965,35,,,1,1,,595965,36,,,1,29,,595996,35,,,1,1,,595996,36,,,1,70,,595975,35,,,1,1,,595975,36,,,1
5801,'11-1',650,,596028,35,,,1,1,,596028,36,,,1,92,,596024,40,,,1,1,,596024,41,,,1,71,,596001,40,,,1,1,,596001,41,,,1,32,,596016,40,,,1,1,,596016,41,,,1,69,,596025,40,,,1,1,,596025,41,,,1,17,,596012,35,,,1,1,,596012,36,,,1,67,,596017,35,,,1,1,,596017,36,,,1,31,,596006,35,,,1,1,,596006,36,,,1,69,,596031,35,,,1,1,,596031,36,,,1,29,,596007,35,,,1,1,,596007,36,,,1,69,,596005,35,,,1,1,,596005,36,,,1,30,,596029,35,,,1,1,,596029,36,,,1,69,,596022,35,,,1,1,,596022,36,,,1,29,,596010,35,,,1,1,,596010,36,,,1,69,,595999,35,,,1,1,,595999,36,,,1,29,,596030,35,,,1,1,,596030,36,,,1,70,,596009,35,,,1,1,,596009,36,,,1
5801,'2-1',650,,596062,35,,,1,1,,596062,36,,,1,92,,596058,40,,,1,1,,596058,41,,,1,71,,596035,40,,,1,1,,596035,41,,,1,32,,596050,40,,,1,1,,596050,41,,,1,69,,596059,40,,,1,1,,596059,41,,,1,17,,596046,35,,,1,1,,596046,36,,,1,67,,596051,35,,,1,1,,596051,36,,,1,31,,596040,35,,,1,1,,596040,36,,,1,69,,596065,35,,,1,1,,596065,36,,,1,29,,596041,35,,,1,1,,596041,36,,,1,69,,596039,35,,,1,1,,596039,36,,,1,30,,596063,35,,,1,1,,596063,36,,,1,69,,596056,35,,,1,1,,596056,36,,,1,29,,596044,35,,,1,1,,596044,36,,,1,69,,596033,35,,,1,1,,596033,36,,,1,29,,596064,35,,,1,1,,596064,36,,,1,70,,596043,35,,,1,1,,596043,36,,,1
5801,'3-1',1015,,596072,35,,,1,1,,596072,36,,,1,100,,596079,35,,,1,1,,596079,36,,,1,99,,596073,35,,,1,1,,596073,36,,,1,99,,596071,35,,,1,1,,596071,36,,,1,100,,596067,35,,,1,1,,596067,36,,,1,99,,596082,35,,,1,1,,596082,36,,,1,99,,596078,35,,,1,1,,596078,36,,,1,99,,596066,35,,,1,1,,596066,36,,,1,99,,596084,35,,,1,1,,596084,36,,,1,98,,596080,35,,,1,1,,596080,36,,,1
5801,'4-1',1010,,596108,35,,,1,1,,596108,36,,,1,100,,596096,35,,,1,1,,596096,36,,,1,99,,596102,35,,,1,1,,596102,36,,,1,99,,596099,35,,,1,1,,596099,36,,,1,100,,596092,35,,,1,1,,596092,36,,,1,99,,596090,35,,,1,1,,596090,36,,,1,99,,596106,35,,,1,1,,596106,36,,,1,99,,596097,35,,,1,1,,596097,36,,,1,99,,596110,35,,,1,1,,596110,36,,,1,98,,596089,35,,,1,1,,596089,36,,,1
5801,'5-1',859,,596119,35,,,1,41,,596119,36,,,1,59,,596125,35,,,1,41,,596125,36,,,1,100,,596122,35,,,1,1,,596122,36,,,1,99,,596123,35,,,1,1,,596123,36,,,1,99,,596126,35,,,1,1,,596126,36,,,1,100,,596114,35,,,1,1,,596114,36,,,1,99,,596130,35,,,1,1,,596130,36,,,1,99,,596128,35,,,1,1,,596128,36,,,1,99,,596113,35,,,1,1,,596113,36,,,1,99,,596117,35,,,1,1,,596117,36,,,1,98,,596115,35,,,1,1,,596115,36,,,1,99,,596131,35,,,1,1,,596131,36,,,1,58,,596118,35,,,1,41,,596118,36,,,1,59,,596129,35,,,1,41,,596129,36,,,1
5801,'6-1',650,,596162,35,,,1,1,,596162,36,,,1,92,,596158,40,,,1,1,,596158,41,,,1,71,,596135,40,,,1,1,,596135,41,,,1,32,,596150,40,,,1,1,,596150,41,,,1,69,,596159,40,,,1,1,,596159,41,,,1,17,,596146,35,,,1,1,,596146,36,,,1,67,,596151,35,,,1,1,,596151,36,,,1,31,,596140,35,,,1,1,,596140,36,,,1,69,,596165,35,,,1,1,,596165,36,,,1,29,,596141,35,,,1,1,,596141,36,,,1,69,,596139,35,,,1,1,,596139,36,,,1,30,,596163,35,,,1,1,,596163,36,,,1,69,,596156,35,,,1,1,,596156,36,,,1,29,,596144,35,,,1,1,,596144,36,,,1,69,,596133,35,,,1,1,,596133,36,,,1,29,,596164,35,,,1,1,,596164,36,,,1,70,,596143,35,,,1,1,,596143,36,,,1
5801,'7-1',1015,,596172,35,,,1,1,,596172,36,,,1,100,,596179,35,,,1,1,,596179,36,,,1,99,,596173,35,,,1,1,,596173,36,,,1,99,,596171,35,,,1,1,,596171,36,,,1,100,,596167,35,,,1,1,,596167,36,,,1,99,,596182,35,,,1,1,,596182,36,,,1,99,,596178,35,,,1,1,,596178,36,,,1,99,,596166,35,,,1,1,,596166,36,,,1,99,,596184,35,,,1,1,,596184,36,,,1,98,,596180,35,,,1,1,,596180,36,,,1
5801,'8-1',650,,596216,35,,,1,1,,596216,36,,,1,92,,596212,40,,,1,1,,596212,41,,,1,71,,596189,40,,,1,1,,596189,41,,,1,32,,596204,40,,,1,1,,596204,41,,,1,69,,596213,40,,,1,1,,596213,41,,,1,17,,596200,35,,,1,1,,596200,36,,,1,67,,596205,35,,,1,1,,596205,36,,,1,31,,596194,35,,,1,1,,596194,36,,,1,69,,596219,35,,,1,1,,596219,36,,,1,29,,596195,35,,,1,1,,596195,36,,,1,69,,596193,35,,,1,1,,596193,36,,,1,30,,596217,35,,,1,1,,596217,36,,,1,69,,596210,35,,,1,1,,596210,36,,,1,29,,596198,35,,,1,1,,596198,36,,,1,69,,596187,35,,,1,1,,596187,36,,,1,29,,596218,35,,,1,1,,596218,36,,,1,70,,596197,35,,,1,1,,596197,36,,,1
5801,'9-1',859,,596222,35,,,1,41,,596222,36,,,1,59,,596242,35,,,1,41,,596242,36,,,1,100,,596237,35,,,1,1,,596237,36,,,1,99,,596236,35,,,1,1,,596236,36,,,1,99,,596243,35,,,1,1,,596243,36,,,1,100,,596231,35,,,1,1,,596231,36,,,1,99,,596235,35,,,1,1,,596235,36,,,1,99,,596228,35,,,1,1,,596228,36,,,1,99,,596221,35,,,1,1,,596221,36,,,1,99,,596246,35,,,1,1,,596246,36,,,1,98,,596233,35,,,1,1,,596233,36,,,1,99,,596241,35,,,1,1,,596241,36,,,1,58,,596224,35,,,1,41,,596224,36,,,1,59,,596220,35,,,1,41,,596220,36,,,1
6000,'1-1',1529,,596264,4,,,1,74,,596272,4,,,1,30,,596267,4,,,1,67,,596263,4,,,1,29,,596270,4,,,1,72,,596260,4,,,1,31,,596265,4,,,1
6000,'10-1',1529,,596294,4,,,1,74,,596311,4,,,1,30,,596297,4,,,1,67,,596298,4,,,1,29,,596293,4,,,1,72,,596305,4,,,1,31,,596317,4,,,1
6000,'11-1',1529,,596329,4,,,1,74,,596346,4,,,1,30,,596332,4,,,1,67,,596333,4,,,1,29,,596328,4,,,1,72,,596340,4,,,1,31,,596352,4,,,1
6000,'2-1',1529,,596364,4,,,1,74,,596381,4,,,1,30,,596367,4,,,1,67,,596368,4,,,1,29,,596363,4,,,1,72,,596375,4,,,1,31,,596387,4,,,1
6000,'6-1',1529,,596399,4,,,1,74,,596416,4,,,1,30,,596402,4,,,1,67,,596403,4,,,1,29,,596398,4,,,1,72,,596410,4,,,1,31,,596422,4,,,1
6000,'8-1',1529,,596434,4,,,1,74,,596451,4,,,1,30,,596437,4,,,1,67,,596438,4,,,1,29,,596433,4,,,1,72,,596445,4,,,1,31,,596457,4,,,1
6001,'1-1',614,,596492,36,,,1,109,,596486,36,,,1,31,,596478,36,,,1,67,,596466,36,,,1,34,,596459,36,,,1
6001,'10-1',614,,596510,36,,,1,109,,596499,36,,,1,31,,596493,36,,,1,67,,596509,36,,,1,34,,596518,36,,,1
6001,'11-1',614,,596545,36,,,1,109,,596534,36,,,1,31,,596528,36,,,1,67,,596544,36,,,1,34,,596553,36,,,1
6001,'2-1',614,,596580,36,,,1,109,,596569,36,,,1,31,,596563,36,,,1,67,,596579,36,,,1,34,,596588,36,,,1
6001,'6-1',614,,596615,36,,,1,109,,596604,36,,,1,31,,596598,36,,,1,67,,596614,36,,,1,34,,596623,36,,,1
6001,'8-1',614,,596650,36,,,1,109,,596639,36,,,1,31,,596633,36,,,1,67,,596649,36,,,1,34,,596658,36,,,1
6100,'1-1',429,,596680,17,,,1,72,,596708,21,0,15 16,1,30,,596690,21,0,15 16,1,72,,596719,21,0,15 16,1,41,,596669,56,0,15 16,1,70,,596668,56,0,15 16,1,29,,596682,56,0,15 16,1,59,,596674,17,0,15 16,1,10,,596678,56,0,15 16,1,18,,596711,17,0,15 16,1,20,,596693,56,0,15 16,1,51,,596713,17,0,15 16,1,17,,596686,56,0,15 16,1,23,,596675,56,0,15 16,1,13,,596701,17,0,15 16,1,56,,596712,56,0,15 16,1,15,,596697,17,0,15 16,1,15,,596715,56,0,15 16,1,15,,596677,17,0,15 16,1,55,,596694,56,0,15 16,1,15,,596702,17,0,15 16,1,15,,596676,56,0,15 16,1,15,,596703,17,0,15 16,1,55,,596696,56,0,15 16,1,15,,596699,17,0,15 16,1,15,,596681,56,0,15 16,1,15,,596671,17,0,15 16,1,55,,596698,56,0,15 16,1,15,,596684,17,0,15 16,1,15,,596718,56,0,15 16,1,15,,596722,17,0,15 16,1,55,,596723,56,0,15 16,1,15,,596714,17,0,15 16,1,15,,596716,56,0,15 16,1,16,,596710,17,0,15 16,1,54,,596685,56,0,15 16,1,33,,596670,56,0,15 16,1,73,,596695,56,0,15 16,1,33,,596717,56,0,15 16,1,70,,596707,56,0,15 16,1,27,,596692,56,0,15 16,1,68,,596683,56,0,15 16,1,31,,596689,56,0,15 16,1,65,,596691,56,0,15 16,1,29,,596725,56,0,15 16,1,69,,596705,56,0,15 16,1,27,,596673,56,0,15 16,1,70,,596704,56,0,15 16,1,30,,596709,56,0,15 16,1,70,,596679,56,0,15 16,1,30,,596672,56,0,15 16,1,68,,596727,56,0,15 16,1,30,,596726,56,0,15 16,1,70,,596724,56,0,15 16,1,30,,596687,56,0,15 16,1,70,,596720,56,,,1,36,,596721,17,,,1,68,,596706,17,,,1,31,,596700,17,,,1,71,,596688,17,,,1
6100,'10-1',429,,596732,17,,,1,72,,596783,21,0,15 16,1,30,,596748,21,0,15 16,1,72,,596784,21,0,15 16,1,41,,596785,56,0,15 16,1,70,,596750,56,0,15 16,1,29,,596761,56,0,15 16,1,59,,596782,17,0,15 16,1,10,,596747,56,0,15 16,1,18,,596779,17,0,15 16,1,20,,596730,56,0,15 16,1,51,,596767,17,0,15 16,1,17,,596773,56,0,15 16,1,23,,596743,56,0,15 16,1,13,,596751,17,0,15 16,1,56,,596780,56,0,15 16,1,15,,596735,17,0,15 16,1,15,,596777,56,0,15 16,1,15,,596755,17,0,15 16,1,55,,596728,56,0,15 16,1,15,,596754,17,0,15 16,1,15,,596763,56,0,15 16,1,15,,596741,17,0,15 16,1,55,,596745,56,0,15 16,1,15,,596764,17,0,15 16,1,15,,596740,56,0,15 16,1,15,,596776,17,0,15 16,1,55,,596753,56,0,15 16,1,15,,596738,17,0,15 16,1,15,,596737,56,0,15 16,1,15,,596768,17,0,15 16,1,55,,596734,56,0,15 16,1,15,,596769,17,0,15 16,1,15,,596733,56,0,15 16,1,16,,596729,17,0,15 16,1,54,,596772,56,0,15 16,1,33,,596744,56,0,15 16,1,73,,596778,56,0,15 16,1,33,,596756,56,0,15 16,1,70,,596746,56,0,15 16,1,29,,596774,56,0,15 16,1,66,,596766,56,0,15 16,1,31,,596739,56,0,15 16,1,65,,596758,56,0,15 16,1,29,,596770,56,0,15 16,1,69,,596765,56,0,15 16,1,27,,596731,56,0,15 16,1,70,,596742,56,0,15 16,1,30,,596771,56,0,15 16,1,70,,596781,56,0,15 16,1,30,,596759,56,0,15 16,1,68,,596762,56,0,15 16,1,30,,596736,56,0,15 16,1,70,,596760,56,0,15 16,1,30,,596775,56,0,15 16,1,70,,596787,56,,,1,36,,596786,17,,,1,68,,596752,17,,,1,31,,596757,17,,,1,71,,596749,17,,,1
6100,'11-1',429,,596792,17,,,1,72,,596843,21,0,15 16,1,30,,596808,21,0,15 16,1,72,,596844,21,0,15 16,1,41,,596845,56,0,15 16,1,70,,596810,56,0,15 16,1,29,,596821,56,0,15 16,1,59,,596842,17,0,15 16,1,10,,596807,56,0,15 16,1,18,,596839,17,0,15 16,1,20,,596790,56,0,15 16,1,51,,596827,17,0,15 16,1,17,,596833,56,0,15 16,1,23,,596803,56,0,15 16,1,13,,596811,17,0,15 16,1,56,,596840,56,0,15 16,1,15,,596795,17,0,15 16,1,15,,596837,56,0,15 16,1,15,,596815,17,0,15 16,1,55,,596788,56,0,15 16,1,15,,596814,17,0,15 16,1,15,,596823,56,0,15 16,1,15,,596801,17,0,15 16,1,55,,596805,56,0,15 16,1,15,,596824,17,0,15 16,1,15,,596800,56,0,15 16,1,15,,596836,17,0,15 16,1,55,,596813,56,0,15 16,1,15,,596798,17,0,15 16,1,15,,596797,56,0,15 16,1,15,,596828,17,0,15 16,1,55,,596794,56,0,15 16,1,15,,596829,17,0,15 16,1,15,,596793,56,0,15 16,1,16,,596789,17,0,15 16,1,54,,596832,56,0,15 16,1,33,,596804,56,0,15 16,1,73,,596838,56,0,15 16,1,33,,596816,56,0,15 16,1,70,,596806,56,0,15 16,1,29,,596834,56,0,15 16,1,66,,596826,56,0,15 16,1,31,,596799,56,0,15 16,1,65,,596818,56,0,15 16,1,29,,596830,56,0,15 16,1,69,,596825,56,0,15 16,1,27,,596791,56,0,15 16,1,70,,596802,56,0,15 16,1,30,,596831,56,0,15 16,1,70,,596841,56,0,15 16,1,30,,596819,56,0,15 16,1,68,,596822,56,0,15 16,1,30,,596796,56,0,15 16,1,70,,596820,56,0,15 16,1,30,,596835,56,0,15 16,1,70,,596847,56,,,1,36,,596846,17,,,1,68,,596812,17,,,1,31,,596817,17,,,1,71,,596809,17,,,1
6100,'2-1',429,,596852,17,,,1,72,,596903,21,0,15 16,1,30,,596868,21,0,15 16,1,72,,596904,21,0,15 16,1,41,,596905,56,0,15 16,1,70,,596870,56,0,15 16,1,29,,596881,56,0,15 16,1,59,,596902,17,0,15 16,1,10,,596867,56,0,15 16,1,18,,596899,17,0,15 16,1,20,,596850,56,0,15 16,1,51,,596887,17,0,15 16,1,17,,596893,56,0,15 16,1,23,,596863,56,0,15 16,1,13,,596871,17,0,15 16,1,56,,596900,56,0,15 16,1,15,,596855,17,0,15 16,1,15,,596897,56,0,15 16,1,15,,596875,17,0,15 16,1,55,,596848,56,0,15 16,1,15,,596874,17,0,15 16,1,15,,596883,56,0,15 16,1,15,,596861,17,0,15 16,1,55,,596865,56,0,15 16,1,15,,596884,17,0,15 16,1,15,,596860,56,0,15 16,1,15,,596896,17,0,15 16,1,55,,596873,56,0,15 16,1,15,,596858,17,0,15 16,1,15,,596857,56,0,15 16,1,15,,596888,17,0,15 16,1,55,,596854,56,0,15 16,1,15,,596889,17,0,15 16,1,15,,596853,56,0,15 16,1,16,,596849,17,0,15 16,1,54,,596892,56,0,15 16,1,33,,596864,56,0,15 16,1,73,,596898,56,0,15 16,1,33,,596876,56,0,15 16,1,70,,596866,56,0,15 16,1,29,,596894,56,0,15 16,1,66,,596886,56,0,15 16,1,31,,596859,56,0,15 16,1,65,,596878,56,0,15 16,1,29,,596890,56,0,15 16,1,69,,596885,56,0,15 16,1,27,,596851,56,0,15 16,1,70,,596862,56,0,15 16,1,30,,596891,56,0,15 16,1,70,,596901,56,0,15 16,1,30,,596879,56,0,15 16,1,68,,596882,56,0,15 16,1,30,,596856,56,0,15 16,1,70,,596880,56,0,15 16,1,30,,596895,56,0,15 16,1,70,,596907,56,,,1,36,,596906,17,,,1,68,,596872,17,,,1,31,,596877,17,,,1,71,,596869,17,,,1
6100,'3-1',605,,596909,17,,,1,32,,596922,17,,,1,70,,596937,56,,,1,36,,596912,17,0,15 16,1,72,,596910,56,0,15 16,1,100,,596913,56,0,15 16,1,30,,596946,56,0,15 16,1,72,,596911,56,0,15 16,1,30,,596908,56,0,15 16,1,72,,596928,56,0,15 16,1,30,,596916,56,0,15 16,1,70,,596914,56,0,15 16,1,30,,596931,56,0,15 16,1,71,,596944,56,0,15 16,1,100,,596930,56,0,15 16,1,30,,596920,56,0,15 16,1,70,,596929,56,0,15 16,1,100,,596934,56,0,15 16,1,30,,596941,56,0,15 16,1,69,,596927,56,0,15 16,1,30,,596933,56,0,15 16,1,70,,596936,56,0,15 16,1,29,,596917,17,0,15 16,1,69,,596921,56,0,15 16,1,30,,596919,17,0,15 16,1,70,,596945,56,0,15 16,1,30,,596926,17,0,15 16,1,67,,596932,56,0,15 16,1,30,,596925,17,0,15 16,1,68,,596918,56,0,15 16,1,29,,596940,17,0,15 16,1,72,,596935,56,,,1,29,,596924,17,,,1,70,,596943,56,,,1,30,,596939,17,,,1,70,,596942,17,,,1,30,,596938,17,,,1,70,,596923,17,,,1,30,,596915,17,,,1
6100,'4-1',605,,596948,17,,,1,30,,596981,17,,,1,70,,596952,56,,,1,38,,596997,17,0,15 16,1,72,,596954,56,0,15 16,1,30,,596975,17,0,15 16,1,70,,597012,56,0,15 16,1,30,,597008,56,0,15 16,1,72,,596980,56,0,15 16,1,16,,596969,17,0,15 16,1,14,,596976,56,0,15 16,1,56,,597005,17,0,15 16,1,16,,597004,56,0,15 16,1,15,,596977,17,0,15 16,1,15,,596991,56,0,15 16,1,55,,597007,17,0,15 16,1,15,,596957,56,0,15 16,1,15,,597011,17,0,15 16,1,15,,596990,56,0,15 16,1,55,,597010,17,0,15 16,1,16,,597003,56,0,15 16,1,15,,596978,17,0,15 16,1,15,,597000,56,0,15 16,1,55,,596966,17,0,15 16,1,15,,596982,56,0,15 16,1,15,,596994,17,0,15 16,1,15,,596959,56,0,15 16,1,55,,596983,17,0,15 16,1,15,,596979,56,0,15 16,1,15,,596947,17,0,15 16,1,15,,596986,56,0,15 16,1,55,,596956,17,0,15 16,1,15,,596960,56,0,15 16,1,15,,596958,17,0,15 16,1,15,,596968,56,0,15 16,1,55,,596955,17,0,15 16,1,14,,596950,56,0,15 16,1,15,,596984,17,0,15 16,1,15,,596992,56,0,15 16,1,55,,596967,17,0,15 16,1,15,,596985,56,0,15 16,1,14,,596987,17,0,15 16,1,14,,596963,56,0,15 16,1,55,,596995,17,0,15 16,1,15,,596953,56,0,15 16,1,30,,596993,56,0,15 16,1,70,,596988,56,0,15 16,1,30,,597009,56,0,15 16,1,70,,596972,56,0,15 16,1,30,,596998,56,0,15 16,1,70,,597006,56,0,15 16,1,30,,596965,56,0,15 16,1,70,,596951,56,,,1,30,,596971,56,,,0,70,,596964,56,,,1,29,,596999,17,,,1,70,,596974,17,,,1,15,,596970,17,,,1,15,,596973,17,,,1,55,,596962,17,,,0,15,,596996,17,,,1,20,,596961,17,,,0,10,,597002,17,,,1,55,,596989,17,,,1,15,,596949,17,,,1,15,,597001,17,,,1
6100,'5-1',540,,597051,17,0,15 16,1,85,,597038,17,0,15 16,1,30,,597035,56,0,15 16,1,70,,597014,56,0,15 16,1,30,,597025,56,0,15 16,1,70,,597030,56,0,15 16,1,30,,597017,56,0,15 16,1,70,,597034,56,0,15 16,1,32,,597042,56,0,15 16,1,70,,597031,56,0,15 16,1,32,,597018,56,0,15 16,1,70,,597013,56,0,15 16,1,30,,597015,56,0,15 16,1,70,,597047,56,0,15 16,1,71,,597020,56,0,15 16,1,30,,597037,56,0,15 16,1,70,,597028,56,0,15 16,1,30,,597043,56,0,15 16,1,70,,597053,56,0,15 16,1,30,,597036,56,0,15 16,1,70,,597054,56,0,15 16,1,30,,597019,56,0,15 16,1,29,,597046,56,0,15 16,1,70,,597027,56,0,15 16,1,30,,597055,56,0,15 16,1,70,,597041,56,0,15 16,1,28,,597048,56,0,15 16,1,70,,597022,56,0,15 16,1,30,,597040,17,0,15 16,1,70,,597032,56,0,15 16,1,29,,597052,17,0,15 16,1,70,,597045,56,0,15 16,1,30,,597049,17,0,15 16,1,70,,597023,56,0,15 16,1,30,,597021,17,0,15 16,1,70,,597024,56,0,15 16,1,30,,597026,17,0,15 16,1,70,,597029,56,0,15 16,1,30,,597016,17,0,15 16,1,70,,597039,17,0,15 16,1,30,,597033,17,,,1,70,,597044,17,,,1,30,,597050,17,,,1
6100,'6-1',429,,597060,17,,,1,72,,597111,21,0,15 16,1,30,,597076,21,0,15 16,1,72,,597112,21,0,15 16,1,41,,597113,56,0,15 16,1,70,,597078,56,0,15 16,1,29,,597089,56,0,15 16,1,59,,597110,17,0,15 16,1,10,,597075,56,0,15 16,1,18,,597107,17,0,15 16,1,20,,597058,56,0,15 16,1,51,,597095,17,0,15 16,1,17,,597101,56,0,15 16,1,23,,597071,56,0,15 16,1,13,,597079,17,0,15 16,1,56,,597108,56,0,15 16,1,15,,597063,17,0,15 16,1,15,,597105,56,0,15 16,1,15,,597083,17,0,15 16,1,55,,597056,56,0,15 16,1,15,,597082,17,0,15 16,1,15,,597091,56,0,15 16,1,15,,597069,17,0,15 16,1,55,,597073,56,0,15 16,1,15,,597092,17,0,15 16,1,15,,597068,56,0,15 16,1,15,,597104,17,0,15 16,1,55,,597081,56,0,15 16,1,15,,597066,17,0,15 16,1,15,,597065,56,0,15 16,1,15,,597096,17,0,15 16,1,55,,597062,56,0,15 16,1,15,,597097,17,0,15 16,1,15,,597061,56,0,15 16,1,16,,597057,17,0,15 16,1,54,,597100,56,0,15 16,1,33,,597072,56,0,15 16,1,73,,597106,56,0,15 16,1,33,,597084,56,0,15 16,1,70,,597074,56,0,15 16,1,29,,597102,56,0,15 16,1,66,,597094,56,0,15 16,1,31,,597067,56,0,15 16,1,65,,597086,56,0,15 16,1,29,,597098,56,0,15 16,1,69,,597093,56,0,15 16,1,27,,597059,56,0,15 16,1,70,,597070,56,0,15 16,1,30,,597099,56,0,15 16,1,70,,597109,56,0,15 16,1,30,,597087,56,0,15 16,1,68,,597090,56,0,15 16,1,30,,597064,56,0,15 16,1,70,,597088,56,0,15 16,1,30,,597103,56,0,15 16,1,70,,597115,56,,,1,36,,597114,17,,,1,68,,597080,17,,,1,31,,597085,17,,,1,71,,597077,17,,,1
6100,'7-1',605,,597117,17,,,1,32,,597130,17,,,1,70,,597145,56,,,1,36,,597120,17,0,15 16,1,72,,597118,56,0,15 16,1,100,,597121,56,0,15 16,1,30,,597154,56,0,15 16,1,72,,597119,56,0,15 16,1,30,,597116,56,0,15 16,1,72,,597136,56,0,15 16,1,30,,597124,56,0,15 16,1,70,,597122,56,0,15 16,1,30,,597139,56,0,15 16,1,71,,597152,56,0,15 16,1,100,,597138,56,0,15 16,1,30,,597128,56,0,15 16,1,70,,597137,56,0,15 16,1,100,,597142,56,0,15 16,1,30,,597149,56,0,15 16,1,69,,597135,56,0,15 16,1,30,,597141,56,0,15 16,1,70,,597144,56,0,15 16,1,29,,597125,17,0,15 16,1,69,,597129,56,0,15 16,1,30,,597127,17,0,15 16,1,70,,597153,56,0,15 16,1,30,,597134,17,0,15 16,1,67,,597140,56,0,15 16,1,30,,597133,17,0,15 16,1,68,,597126,56,0,15 16,1,29,,597148,17,0,15 16,1,72,,597143,56,,,1,29,,597132,17,,,1,70,,597151,56,,,1,30,,597147,17,,,1,70,,597150,17,,,1,30,,597146,17,,,1,70,,597131,17,,,1,30,,597123,17,,,1
6100,'8-1',429,,597159,17,,,1,72,,597210,21,0,15 16,1,30,,597175,21,0,15 16,1,72,,597211,21,0,15 16,1,41,,597212,56,0,15 16,1,70,,597177,56,0,15 16,1,29,,597188,56,0,15 16,1,59,,597209,17,0,15 16,1,10,,597174,56,0,15 16,1,18,,597206,17,0,15 16,1,20,,597157,56,0,15 16,1,51,,597194,17,0,15 16,1,17,,597200,56,0,15 16,1,23,,597170,56,0,15 16,1,13,,597178,17,0,15 16,1,56,,597207,56,0,15 16,1,15,,597162,17,0,15 16,1,15,,597204,56,0,15 16,1,15,,597182,17,0,15 16,1,55,,597155,56,0,15 16,1,15,,597181,17,0,15 16,1,15,,597190,56,0,15 16,1,15,,597168,17,0,15 16,1,55,,597172,56,0,15 16,1,15,,597191,17,0,15 16,1,15,,597167,56,0,15 16,1,15,,597203,17,0,15 16,1,55,,597180,56,0,15 16,1,15,,597165,17,0,15 16,1,15,,597164,56,0,15 16,1,15,,597195,17,0,15 16,1,55,,597161,56,0,15 16,1,15,,597196,17,0,15 16,1,15,,597160,56,0,15 16,1,16,,597156,17,0,15 16,1,54,,597199,56,0,15 16,1,33,,597171,56,0,15 16,1,73,,597205,56,0,15 16,1,33,,597183,56,0,15 16,1,70,,597173,56,0,15 16,1,29,,597201,56,0,15 16,1,66,,597193,56,0,15 16,1,31,,597166,56,0,15 16,1,65,,597185,56,0,15 16,1,29,,597197,56,0,15 16,1,69,,597192,56,0,15 16,1,27,,597158,56,0,15 16,1,70,,597169,56,0,15 16,1,30,,597198,56,0,15 16,1,70,,597208,56,0,15 16,1,30,,597186,56,0,15 16,1,68,,597189,56,0,15 16,1,30,,597163,56,0,15 16,1,70,,597187,56,0,15 16,1,30,,597202,56,0,15 16,1,70,,597214,56,,,1,36,,597213,17,,,1,68,,597179,17,,,1,31,,597184,17,,,1,71,,597176,17,,,1
6100,'9-1',540,,597229,17,0,15 16,1,85,,597247,17,0,15 16,1,30,,597224,56,0,15 16,1,70,,597219,56,0,15 16,1,30,,597222,56,0,15 16,1,70,,597243,56,0,15 16,1,30,,597239,56,0,15 16,1,70,,597231,56,0,15 16,1,32,,597234,56,0,15 16,1,70,,597225,56,0,15 16,1,32,,597246,56,0,15 16,1,70,,597244,56,0,15 16,1,30,,597232,56,0,15 16,1,70,,597251,56,0,15 16,1,71,,597220,56,0,15 16,1,30,,597253,56,0,15 16,1,70,,597228,56,0,15 16,1,30,,597241,56,0,15 16,1,70,,597252,56,0,15 16,1,30,,597256,56,0,15 16,1,70,,597248,56,0,15 16,1,30,,597215,56,0,15 16,1,29,,597216,56,0,15 16,1,70,,597236,56,0,15 16,1,30,,597233,56,0,15 16,1,70,,597238,56,0,15 16,1,28,,597249,56,0,15 16,1,70,,597226,56,0,15 16,1,30,,597217,17,0,15 16,1,70,,597237,56,0,15 16,1,29,,597227,17,0,15 16,1,70,,597257,56,0,15 16,1,30,,597250,17,0,15 16,1,70,,597223,56,0,15 16,1,30,,597235,17,0,15 16,1,70,,597221,56,0,15 16,1,30,,597242,17,0,15 16,1,70,,597255,56,0,15 16,1,30,,597240,17,,,1,70,,597230,17,,,1,30,,597254,17,,,1,65,,597245,17,,,1,35,,597218,17,,,1
6101,'1-1',434,,597270,18,0,9 10,1,3,,597270,19,0,9 10,1,68,,597278,18,0,9 10,1,3,,597278,19,0,9 10,1,29,,597288,4,,,1,3,,597288,5,,,1,67,,597284,4,,,1,3,,597284,5,,,1,22,,597280,4,,,1,70,,597311,4,,,1,28,,597265,4,,,1,72,,597282,4,,,1,30,,597297,4,,,1,70,,597308,4,,,1,30,,597273,4,,,1,70,,597287,4,,,1,30,,597275,4,,,1,69,,597268,4,,,1,30,,597262,4,,,1,70,,597269,4,,,1,30,,597302,4,,,1,70,,597285,4,,,1,31,,597291,4,,,1,15,,597266,4,0,9 10,1,55,,597300,4,,,1,15,,597259,4,0,9 10,1,10,,597281,4,,,1,18,,597303,4,0,9 10,1,14,,597295,4,,,1,57,,597304,4,0,9 10,1,18,,597290,4,,,1,66,,597267,4,,,1,20,,597310,4,0,9 10,1,12,,597258,4,,,1,16,,597305,4,0,9 10,1,56,,597294,4,,,1,15,,597279,4,0,9 10,1,17,,597260,4,,,1,15,,597272,4,,,1,53,,597292,4,,,1,15,,597312,4,,,1,15,,597261,4,,,1,67,,597276,4,,,1,30,,597263,4,,,1,70,,597293,4,,,1,30,,597283,4,,,1,70,,597274,4,,,1,30,,597309,4,,,1,70,,597271,4,,,1,36,,597296,4,,,1,3,,597296,5,,,1,67,,597264,4,,,1,3,,597264,5,,,1,27,,597299,4,,,1,3,,597299,5,,,1,67,,597298,4,0,9 10,1,3,,597298,5,0,9 10,1,27,,597289,4,0,9 10,1,3,,597289,5,0,9 10,1,67,,597277,4,0,9 10,1,3,,597277,5,0,9 10,1,27,,597306,4,0,9 10,1,3,,597306,5,0,9 10,1,64,,597307,18,0,9 10,1,3,,597307,19,0,9 10,1,27,,597301,18,0,9 10,1,3,,597301,19,0,9 10,1,67,,597286,18,0,9 10,1,3,,597286,19,0,9 10,1
6101,'10-1',434,,597318,18,0,9 10,1,3,,597318,19,0,9 10,1,68,,597322,18,0,9 10,1,3,,597322,19,0,9 10,1,29,,597360,4,,,1,3,,597360,5,,,1,67,,597341,4,,,1,3,,597341,5,,,1,22,,597367,4,,,1,70,,597357,4,,,1,28,,597365,4,,,1,72,,597347,4,,,1,30,,597364,4,,,1,70,,597328,4,,,1,30,,597335,4,,,1,70,,597366,4,,,1,30,,597344,4,,,1,69,,597361,4,,,1,30,,597359,4,,,1,70,,597314,4,,,1,30,,597334,4,,,1,70,,597339,4,,,1,31,,597336,4,,,1,15,,597351,4,0,9 10,1,55,,597319,4,,,1,15,,597324,4,0,9 10,1,10,,597349,4,,,1,18,,597340,4,0,9 10,1,14,,597320,4,,,1,57,,597355,4,0,9 10,1,18,,597337,4,,,1,66,,597363,4,,,1,20,,597327,4,0,9 10,1,12,,597317,4,,,1,16,,597345,4,0,9 10,1,56,,597342,4,,,1,15,,597362,4,0,9 10,1,17,,597329,4,,,1,15,,597326,4,,,1,53,,597331,4,,,1,15,,597346,4,,,1,15,,597321,4,,,1,67,,597313,4,,,1,30,,597352,4,,,1,70,,597358,4,,,1,30,,597350,4,,,1,70,,597338,4,,,1,30,,597325,4,,,1,70,,597332,4,,,1,36,,597343,4,,,1,3,,597343,5,,,1,67,,597354,4,,,1,3,,597354,5,,,1,27,,597356,4,,,1,3,,597356,5,,,1,67,,597316,4,0,9 10,1,3,,597316,5,0,9 10,1,27,,597323,4,0,9 10,1,3,,597323,5,0,9 10,1,67,,597315,4,0,9 10,1,3,,597315,5,0,9 10,1,27,,597348,4,0,9 10,1,3,,597348,5,0,9 10,1,64,,597333,18,0,9 10,1,3,,597333,19,0,9 10,1,27,,597330,18,0,9 10,1,3,,597330,19,0,9 10,1,67,,597353,18,0,9 10,1,3,,597353,19,0,9 10,1
6101,'11-1',434,,597373,18,0,9 10,1,3,,597373,19,0,9 10,1,68,,597377,18,0,9 10,1,3,,597377,19,0,9 10,1,29,,597415,4,,,1,3,,597415,5,,,1,67,,597396,4,,,1,3,,597396,5,,,1,22,,597422,4,,,1,70,,597412,4,,,1,28,,597420,4,,,1,72,,597402,4,,,1,30,,597419,4,,,1,70,,597383,4,,,1,30,,597390,4,,,1,70,,597421,4,,,1,30,,597399,4,,,1,69,,597416,4,,,1,30,,597414,4,,,1,70,,597369,4,,,1,30,,597389,4,,,1,70,,597394,4,,,1,31,,597391,4,,,1,15,,597406,4,0,9 10,1,55,,597374,4,,,1,15,,597379,4,0,9 10,1,10,,597404,4,,,1,18,,597395,4,0,9 10,1,14,,597375,4,,,1,57,,597410,4,0,9 10,1,18,,597392,4,,,1,66,,597418,4,,,1,20,,597382,4,0,9 10,1,12,,597372,4,,,1,16,,597400,4,0,9 10,1,56,,597397,4,,,1,15,,597417,4,0,9 10,1,17,,597384,4,,,1,15,,597381,4,,,1,53,,597386,4,,,1,15,,597401,4,,,1,15,,597376,4,,,1,67,,597368,4,,,1,30,,597407,4,,,1,70,,597413,4,,,1,30,,597405,4,,,1,70,,597393,4,,,1,30,,597380,4,,,1,70,,597387,4,,,1,36,,597398,4,,,1,3,,597398,5,,,1,67,,597409,4,,,1,3,,597409,5,,,1,27,,597411,4,,,1,3,,597411,5,,,1,67,,597371,4,0,9 10,1,3,,597371,5,0,9 10,1,27,,597378,4,0,9 10,1,3,,597378,5,0,9 10,1,67,,597370,4,0,9 10,1,3,,597370,5,0,9 10,1,27,,597403,4,0,9 10,1,3,,597403,5,0,9 10,1,64,,597388,18,0,9 10,1,3,,597388,19,0,9 10,1,27,,597385,18,0,9 10,1,3,,597385,19,0,9 10,1,67,,597408,18,0,9 10,1,3,,597408,19,0,9 10,1
6101,'2-1',434,,597428,18,0,9 10,1,3,,597428,19,0,9 10,1,68,,597432,18,0,9 10,1,3,,597432,19,0,9 10,1,29,,597470,4,,,1,3,,597470,5,,,1,67,,597451,4,,,1,3,,597451,5,,,1,22,,597477,4,,,1,70,,597467,4,,,1,28,,597475,4,,,1,72,,597457,4,,,1,30,,597474,4,,,1,70,,597438,4,,,1,30,,597445,4,,,1,70,,597476,4,,,1,30,,597454,4,,,1,69,,597471,4,,,1,30,,597469,4,,,1,70,,597424,4,,,1,30,,597444,4,,,1,70,,597449,4,,,1,31,,597446,4,,,1,15,,597461,4,0,9 10,1,55,,597429,4,,,1,15,,597434,4,0,9 10,1,10,,597459,4,,,1,18,,597450,4,0,9 10,1,14,,597430,4,,,1,57,,597465,4,0,9 10,1,18,,597447,4,,,1,66,,597473,4,,,1,20,,597437,4,0,9 10,1,12,,597427,4,,,1,16,,597455,4,0,9 10,1,56,,597452,4,,,1,15,,597472,4,0,9 10,1,17,,597439,4,,,1,15,,597436,4,,,1,53,,597441,4,,,1,15,,597456,4,,,1,15,,597431,4,,,1,67,,597423,4,,,1,30,,597462,4,,,1,70,,597468,4,,,1,30,,597460,4,,,1,70,,597448,4,,,1,30,,597435,4,,,1,70,,597442,4,,,1,36,,597453,4,,,1,3,,597453,5,,,1,67,,597464,4,,,1,3,,597464,5,,,1,27,,597466,4,,,1,3,,597466,5,,,1,67,,597426,4,0,9 10,1,3,,597426,5,0,9 10,1,27,,597433,4,0,9 10,1,3,,597433,5,0,9 10,1,67,,597425,4,0,9 10,1,3,,597425,5,0,9 10,1,27,,597458,4,0,9 10,1,3,,597458,5,0,9 10,1,64,,597443,18,0,9 10,1,3,,597443,19,0,9 10,1,27,,597440,18,0,9 10,1,3,,597440,19,0,9 10,1,67,,597463,18,0,9 10,1,3,,597463,19,0,9 10,1
6101,'3-1',547,,597505,18,,,1,3,,597505,19,,,1,67,,597485,18,0,9 10,1,3,,597485,19,0,9 10,1,27,,597495,18,,,1,3,,597495,19,,,1,97,,597510,18,,,1,3,,597510,19,,,1,67,,597496,18,0,9 10,1,3,,597496,19,0,9 10,1,27,,597483,4,,,1,3,,597483,5,,,1,68,,597500,4,,,1,3,,597500,5,,,1,27,,597509,4,,,1,3,,597509,5,,,1,66,,597479,4,,,1,3,,597479,5,,,1,27,,597503,4,,,1,3,,597503,5,,,1,67,,597506,4,,,1,3,,597506,5,,,1,27,,597481,4,,,1,3,,597481,5,,,1,67,,597502,4,,,1,3,,597502,5,,,1,27,,597516,4,,,1,3,,597516,5,,,1,67,,597499,4,,,1,3,,597499,5,,,1,27,,597484,4,,,1,3,,597484,5,,,1,67,,597488,4,,,1,3,,597488,5,,,1,97,,597494,4,,,1,3,,597494,5,,,1,27,,597489,4,,,1,3,,597489,5,,,1,67,,597497,4,,,1,3,,597497,5,,,1,27,,597486,4,,,1,3,,597486,5,,,1,67,,597487,4,,,1,3,,597487,5,,,1,97,,597501,4,,,1,3,,597501,5,,,1,27,,597514,4,,,1,3,,597514,5,,,1,67,,597478,4,,,1,3,,597478,5,,,1,27,,597508,4,0,9 10,1,3,,597508,5,0,9 10,1,67,,597491,4,,,1,3,,597491,5,,,1,27,,597498,4,0,9 10,1,3,,597498,5,0,9 10,1,67,,597515,4,,,1,3,,597515,5,,,1,27,,597490,4,,,1,3,,597490,5,,,1,67,,597511,4,0,9 10,1,3,,597511,5,0,9 10,1,27,,597480,4,,,1,3,,597480,5,,,1,67,,597482,4,0,9 10,1,3,,597482,5,0,9 10,1,97,,597513,18,0,9 10,1,3,,597513,19,0,9 10,1,27,,597493,18,0,9 10,1,3,,597493,19,0,9 10,1,67,,597507,18,0,9 10,1,3,,597507,19,0,9 10,1,27,,597492,18,0,9 10,1,3,,597492,19,0,9 10,1,63,,597512,18,0,9 10,1,3,,597512,19,0,9 10,1,27,,597504,18,0,9 10,1,3,,597504,19,0,9 10,1
6101,'4-1',547,,597557,18,,,1,3,,597557,19,,,1,67,,597570,18,0,9 10,1,3,,597570,19,0,9 10,1,27,,597558,18,,,1,3,,597558,19,,,1,67,,597580,18,0,9 10,1,3,,597580,19,0,9 10,1,27,,597561,18,,,1,3,,597561,19,,,1,67,,597556,18,0,9 10,1,3,,597556,19,0,9 10,1,27,,597544,4,,,1,3,,597544,5,,,1,68,,597551,4,,,1,3,,597551,5,,,1,27,,597564,4,,,1,3,,597564,5,,,1,66,,597563,4,,,1,3,,597563,5,,,1,12,,597577,4,0,9 10,1,3,,597577,5,0,9 10,1,12,,597542,4,,,1,3,,597542,5,,,1,52,,597579,4,0,9 10,1,3,,597579,5,0,9 10,1,12,,597521,4,,,1,3,,597521,5,,,1,12,,597569,4,0,9 10,1,3,,597569,5,0,9 10,1,12,,597562,4,,,1,3,,597562,5,,,1,52,,597574,4,0,9 10,1,3,,597574,5,0,9 10,1,12,,597578,4,,,1,3,,597578,5,,,1,12,,597520,4,0,9 10,1,3,,597520,5,0,9 10,1,12,,597548,4,,,1,3,,597548,5,,,1,52,,597537,4,0,9 10,1,3,,597537,5,0,9 10,1,12,,597518,4,,,1,3,,597518,5,,,1,12,,597539,4,0,9 10,1,3,,597539,5,0,9 10,1,12,,597534,4,,,1,3,,597534,5,,,1,52,,597547,4,0,9 10,1,3,,597547,5,0,9 10,1,12,,597560,4,,,1,3,,597560,5,,,1,12,,597530,4,0,9 10,1,3,,597530,5,0,9 10,1,12,,597576,4,,,1,3,,597576,5,,,1,52,,597581,4,0,9 10,1,3,,597581,5,0,9 10,1,12,,597533,4,,,1,3,,597533,5,,,1,12,,597566,4,0,9 10,1,3,,597566,5,0,9 10,1,12,,597546,4,,,1,3,,597546,5,,,1,52,,597555,4,0,9 10,1,3,,597555,5,0,9 10,1,12,,597540,4,,,1,3,,597540,5,,,1,12,,597572,4,0,9 10,1,3,,597572,5,0,9 10,1,12,,597552,4,,,1,3,,597552,5,,,1,52,,597550,4,0,9 10,1,3,,597550,5,0,9 10,1,12,,597545,4,,,1,3,,597545,5,,,1,12,,597582,4,0,9 10,1,3,,597582,5,0,9 10,1,12,,597522,4,,,1,3,,597522,5,,,1,52,,597575,4,0,9 10,1,3,,597575,5,0,9 10,1,12,,597535,4,,,1,3,,597535,5,,,1,12,,597517,4,0,9 10,1,3,,597517,5,0,9 10,1,12,,597536,4,,,1,3,,597536,5,,,1,52,,597538,4,0,9 10,1,3,,597538,5,0,9 10,1,12,,597554,4,,,1,3,,597554,5,,,1,12,,597559,4,0,9 10,1,3,,597559,5,0,9 10,1,12,,597527,4,,,1,3,,597527,5,,,1,67,,597523,4,,,1,3,,597523,5,,,1,27,,597543,4,,,1,3,,597543,5,,,1,67,,597571,4,,,1,3,,597571,5,,,1,27,,597525,10,,,1,3,,597525,11,,,1,67,,597526,10,,,1,3,,597526,11,,,1,25,,597549,10,,,1,3,,597549,11,,,1,69,,597529,10,,,1,3,,597529,11,,,1,27,,597541,10,,,1,3,,597541,11,,,1,69,,597524,18,0,9 10,1,3,,597524,19,0,9 10,1,25,,597528,18,0,9 10,1,3,,597528,19,0,9 10,1,67,,597532,18,0,143 9 10,0,3,,597532,19,0,143 9 10,0,27,,597565,18,0,9 10,1,3,,597565,19,0,9 10,1,52,,597567,18,0,9 10,1,3,,597567,19,0,9 10,1,8,,597519,18,0,9 10,1,3,,597519,19,0,9 10,1,12,,597553,18,0,9 10,1,3,,597553,19,0,9 10,1,12,,597573,18,0,9 10,1,3,,597573,19,0,9 10,1,12,,597531,18,0,9 10,1,43,,597531,19,0,9 10,1,12,,597568,18,0,143 9 10,0,3,,597568,19,0,143 9 10,0,12,,597583,18,0,9 10,1,3,,597583,19,0,9 10,1
6101,'5-1',534,,597623,18,0,9 10,1,3,,597623,19,0,9 10,1,67,,597611,18,,,1,3,,597611,19,,,1,27,,597602,18,,,1,3,,597602,19,,,1,67,,597587,4,,,1,3,,597587,5,,,1,27,,597603,4,,,1,3,,597603,5,,,1,66,,597624,4,,,1,3,,597624,5,,,1,27,,597600,4,,,1,3,,597600,5,,,1,67,,597609,4,,,1,3,,597609,5,,,1,27,,597598,4,,,1,3,,597598,5,,,1,66,,597607,4,,,1,3,,597607,5,,,1,27,,597596,4,,,1,3,,597596,5,,,1,67,,597615,4,,,1,3,,597615,5,,,1,27,,597622,4,,,1,3,,597622,5,,,1,67,,597597,4,,,1,3,,597597,5,,,1,27,,597618,4,,,1,3,,597618,5,,,1,67,,597614,4,,,1,3,,597614,5,,,1,27,,597599,4,,,1,3,,597599,5,,,1,67,,597605,4,,,1,3,,597605,5,,,1,27,,597592,4,,,1,3,,597592,5,,,1,67,,597604,4,,,1,3,,597604,5,,,1,27,,597627,4,,,1,3,,597627,5,,,1,67,,597621,4,,,1,3,,597621,5,,,1,27,,597585,4,,,1,3,,597585,5,,,1,67,,597593,4,,,1,3,,597593,5,,,1,27,,597625,4,,,1,3,,597625,5,,,1,67,,597589,4,0,9 10,1,3,,597589,5,0,9 10,1,27,,597612,4,,,1,3,,597612,5,,,1,67,,597608,4,0,9 10,1,3,,597608,5,0,9 10,1,27,,597620,4,,,1,3,,597620,5,,,1,67,,597584,4,,,1,3,,597584,5,,,1,27,,597591,4,,,1,3,,597591,5,,,1,67,,597606,4,,,1,3,,597606,5,,,1,27,,597613,4,,,1,3,,597613,5,,,1,67,,597586,4,,,1,3,,597586,5,,,1,27,,597590,4,,,1,3,,597590,5,,,1,67,,597601,4,,,1,3,,597601,5,,,1,27,,597617,4,,,1,3,,597617,5,,,1,67,,597626,4,0,9 10,1,3,,597626,5,0,9 10,1,27,,597616,4,0,9 10,1,3,,597616,5,0,9 10,1,67,,597595,4,0,9 10,1,3,,597595,5,0,9 10,1,27,,597619,4,0,9 10,1,3,,597619,5,0,9 10,1,78,,597610,4,0,9 10,1,3,,597610,5,0,9 10,1,27,,597594,4,0,9 10,1,3,,597594,5,0,9 10,1,67,,597588,18,0,9 10,1,3,,597588,19,0,9 10,1
6101,'6-1',434,,597633,18,0,9 10,1,3,,597633,19,0,9 10,1,68,,597637,18,0,9 10,1,3,,597637,19,0,9 10,1,29,,597675,4,,,1,3,,597675,5,,,1,67,,597656,4,,,1,3,,597656,5,,,1,22,,597682,4,,,1,70,,597672,4,,,1,28,,597680,4,,,1,72,,597662,4,,,1,30,,597679,4,,,1,70,,597643,4,,,1,30,,597650,4,,,1,70,,597681,4,,,1,30,,597659,4,,,1,69,,597676,4,,,1,30,,597674,4,,,1,70,,597629,4,,,1,30,,597649,4,,,1,70,,597654,4,,,1,31,,597651,4,,,1,15,,597666,4,0,9 10,1,55,,597634,4,,,1,15,,597639,4,0,9 10,1,10,,597664,4,,,1,18,,597655,4,0,9 10,1,14,,597635,4,,,1,57,,597670,4,0,9 10,1,18,,597652,4,,,1,66,,597678,4,,,1,20,,597642,4,0,9 10,1,12,,597632,4,,,1,16,,597660,4,0,9 10,1,56,,597657,4,,,1,15,,597677,4,0,9 10,1,17,,597644,4,,,1,15,,597641,4,,,1,53,,597646,4,,,1,15,,597661,4,,,1,15,,597636,4,,,1,67,,597628,4,,,1,30,,597667,4,,,1,70,,597673,4,,,1,30,,597665,4,,,1,70,,597653,4,,,1,30,,597640,4,,,1,70,,597647,4,,,1,36,,597658,4,,,1,3,,597658,5,,,1,67,,597669,4,,,1,3,,597669,5,,,1,27,,597671,4,,,1,3,,597671,5,,,1,67,,597631,4,0,9 10,1,3,,597631,5,0,9 10,1,27,,597638,4,0,9 10,1,3,,597638,5,0,9 10,1,67,,597630,4,0,9 10,1,3,,597630,5,0,9 10,1,27,,597663,4,0,9 10,1,3,,597663,5,0,9 10,1,64,,597648,18,0,9 10,1,3,,597648,19,0,9 10,1,27,,597645,18,0,9 10,1,3,,597645,19,0,9 10,1,67,,597668,18,0,9 10,1,3,,597668,19,0,9 10,1
6101,'7-1',547,,597710,18,,,1,3,,597710,19,,,1,67,,597690,18,0,9 10,1,3,,597690,19,0,9 10,1,27,,597700,18,,,1,3,,597700,19,,,1,97,,597715,18,,,1,3,,597715,19,,,1,67,,597701,18,0,9 10,1,3,,597701,19,0,9 10,1,27,,597688,4,,,1,3,,597688,5,,,1,68,,597705,4,,,1,3,,597705,5,,,1,27,,597714,4,,,1,3,,597714,5,,,1,66,,597684,4,,,1,3,,597684,5,,,1,27,,597708,4,,,1,3,,597708,5,,,1,67,,597711,4,,,1,3,,597711,5,,,1,27,,597686,4,,,1,3,,597686,5,,,1,67,,597707,4,,,1,3,,597707,5,,,1,27,,597721,4,,,1,3,,597721,5,,,1,67,,597704,4,,,1,3,,597704,5,,,1,27,,597689,4,,,1,3,,597689,5,,,1,67,,597693,4,,,1,3,,597693,5,,,1,97,,597699,4,,,1,3,,597699,5,,,1,27,,597694,4,,,1,3,,597694,5,,,1,67,,597702,4,,,1,3,,597702,5,,,1,27,,597691,4,,,1,3,,597691,5,,,1,67,,597692,4,,,1,3,,597692,5,,,1,97,,597706,4,,,1,3,,597706,5,,,1,27,,597719,4,,,1,3,,597719,5,,,1,67,,597683,4,,,1,3,,597683,5,,,1,27,,597713,4,0,9 10,1,3,,597713,5,0,9 10,1,67,,597696,4,,,1,3,,597696,5,,,1,27,,597703,4,0,9 10,1,3,,597703,5,0,9 10,1,67,,597720,4,,,1,3,,597720,5,,,1,27,,597695,4,,,1,3,,597695,5,,,1,67,,597716,4,0,9 10,1,3,,597716,5,0,9 10,1,27,,597685,4,,,1,3,,597685,5,,,1,67,,597687,4,0,9 10,1,3,,597687,5,0,9 10,1,97,,597718,18,0,9 10,1,3,,597718,19,0,9 10,1,27,,597698,18,0,9 10,1,3,,597698,19,0,9 10,1,67,,597712,18,0,9 10,1,3,,597712,19,0,9 10,1,27,,597697,18,0,9 10,1,3,,597697,19,0,9 10,1,63,,597717,18,0,9 10,1,3,,597717,19,0,9 10,1,27,,597709,18,0,9 10,1,3,,597709,19,0,9 10,1
6101,'8-1',434,,597727,18,0,9 10,1,3,,597727,19,0,9 10,1,68,,597731,18,0,9 10,1,3,,597731,19,0,9 10,1,29,,597769,4,,,1,3,,597769,5,,,1,67,,597750,4,,,1,3,,597750,5,,,1,22,,597776,4,,,1,70,,597766,4,,,1,28,,597774,4,,,1,72,,597756,4,,,1,30,,597773,4,,,1,70,,597737,4,,,1,30,,597744,4,,,1,70,,597775,4,,,1,30,,597753,4,,,1,69,,597770,4,,,1,30,,597768,4,,,1,70,,597723,4,,,1,30,,597743,4,,,1,70,,597748,4,,,1,31,,597745,4,,,1,15,,597760,4,0,9 10,1,55,,597728,4,,,1,15,,597733,4,0,9 10,1,10,,597758,4,,,1,18,,597749,4,0,9 10,1,14,,597729,4,,,1,57,,597764,4,0,9 10,1,18,,597746,4,,,1,66,,597772,4,,,1,20,,597736,4,0,9 10,1,12,,597726,4,,,1,16,,597754,4,0,9 10,1,56,,597751,4,,,1,15,,597771,4,0,9 10,1,17,,597738,4,,,1,15,,597735,4,,,1,53,,597740,4,,,1,15,,597755,4,,,1,15,,597730,4,,,1,67,,597722,4,,,1,30,,597761,4,,,1,70,,597767,4,,,1,30,,597759,4,,,1,70,,597747,4,,,1,30,,597734,4,,,1,70,,597741,4,,,1,36,,597752,4,,,1,3,,597752,5,,,1,67,,597763,4,,,1,3,,597763,5,,,1,27,,597765,4,,,1,3,,597765,5,,,1,67,,597725,4,0,9 10,1,3,,597725,5,0,9 10,1,27,,597732,4,0,9 10,1,3,,597732,5,0,9 10,1,67,,597724,4,0,9 10,1,3,,597724,5,0,9 10,1,27,,597757,4,0,9 10,1,3,,597757,5,0,9 10,1,64,,597742,18,0,9 10,1,3,,597742,19,0,9 10,1,27,,597739,18,0,9 10,1,3,,597739,19,0,9 10,1,67,,597762,18,0,9 10,1,3,,597762,19,0,9 10,1
6101,'9-1',534,,597813,18,0,9 10,1,3,,597813,19,0,9 10,1,67,,597815,18,,,1,3,,597815,19,,,1,27,,597808,18,,,1,3,,597808,19,,,1,67,,597787,4,,,1,3,,597787,5,,,1,27,,597786,4,,,1,3,,597786,5,,,1,66,,597785,4,,,1,3,,597785,5,,,1,27,,597820,4,,,1,3,,597820,5,,,1,67,,597798,4,,,1,3,,597798,5,,,1,27,,597818,4,,,1,3,,597818,5,,,1,66,,597796,4,,,1,3,,597796,5,,,1,27,,597781,4,,,1,3,,597781,5,,,1,67,,597802,4,,,1,3,,597802,5,,,1,27,,597792,4,,,1,3,,597792,5,,,1,67,,597809,4,,,1,3,,597809,5,,,1,27,,597810,4,,,1,3,,597810,5,,,1,67,,597811,4,,,1,3,,597811,5,,,1,27,,597801,4,,,1,3,,597801,5,,,1,67,,597791,4,,,1,3,,597791,5,,,1,27,,597805,4,,,1,3,,597805,5,,,1,67,,597800,4,,,1,3,,597800,5,,,1,27,,597799,4,,,1,3,,597799,5,,,1,67,,597790,4,,,1,3,,597790,5,,,1,27,,597778,4,,,1,3,,597778,5,,,1,67,,597812,4,,,1,3,,597812,5,,,1,27,,597782,4,,,1,3,,597782,5,,,1,67,,597807,4,0,9 10,1,3,,597807,5,0,9 10,1,27,,597794,4,,,1,3,,597794,5,,,1,67,,597784,4,0,9 10,1,3,,597784,5,0,9 10,1,27,,597780,4,,,1,3,,597780,5,,,1,67,,597816,4,,,1,3,,597816,5,,,1,27,,597803,4,,,1,3,,597803,5,,,1,67,,597795,4,,,1,3,,597795,5,,,1,27,,597777,4,,,1,3,,597777,5,,,1,67,,597779,4,,,1,3,,597779,5,,,1,27,,597788,4,,,1,3,,597788,5,,,1,67,,597817,4,,,1,3,,597817,5,,,1,27,,597806,4,,,1,3,,597806,5,,,1,67,,597793,4,0,9 10,1,3,,597793,5,0,9 10,1,27,,597804,4,0,9 10,1,3,,597804,5,0,9 10,1,67,,597819,4,0,9 10,1,3,,597819,5,0,9 10,1,27,,597783,4,0,9 10,1,3,,597783,5,0,9 10,1,78,,597814,18,0,9 10,1,3,,597814,19,0,9 10,1,29,,597797,18,0,9 10,1,3,,597797,19,0,9 10,1,65,,597789,18,0,9 10,1,3,,597789,19,0,9 10,1
6200,'1-1',730,,597837,45,,,1,83,,597830,45,,,1,30,,597832,45,,,1,68,,597831,45,,,1,26,,597843,45,,,1,70,,597826,45,,,1,26,,597829,45,,,1,70,,597835,45,,,1,32,,597851,45,,,1,70,,597842,45,,,1,30,,597848,45,,,1,65,,597850,44,,,1,35,,597825,44,,,1,70,,597836,44,,,1,30,,597853,44,,,1,70,,597855,44,,,1,29,,597823,44,,,1,74,,597844,44,,,1,31,,597841,44,,,1,74,,597847,44,,,1,33,,597838,44,,,1,71,,597828,44,,,1,25,,597824,44,,,1,70,,597822,44,,,1,21,,597839,44,,,1,68,,597852,44,,,1,30,,597854,44,,,1,72,,597856,45,,,1,30,,597821,45,,,1,70,,597846,45,,,1,23,,597827,45,,,1,30,,597845,45,,,1,70,,597849,45,,,1,26,,597834,45,,,1,71,,597833,45,,,1,27,,597840,45,,,1
6200,'10-1',730,,597875,45,,,1,83,,597866,45,,,1,30,,597858,45,,,1,68,,597885,45,,,1,26,,597868,45,,,1,70,,597877,45,,,1,26,,597862,45,,,1,70,,597890,45,,,1,32,,597870,45,,,1,70,,597886,45,,,1,30,,597889,45,,,1,65,,597882,44,,,1,35,,597869,44,,,1,70,,597863,44,,,1,30,,597857,44,,,1,70,,597860,44,,,1,29,,597872,44,,,1,74,,597876,44,,,1,31,,597892,44,,,1,74,,597861,44,,,1,33,,597888,44,,,1,71,,597867,44,,,1,25,,597891,44,,,1,70,,597865,44,,,1,21,,597883,44,,,1,68,,597874,44,,,1,30,,597884,44,,,1,72,,597881,45,,,1,30,,597887,45,,,1,70,,597864,45,,,1,23,,597880,45,,,1,30,,597871,45,,,1,70,,597878,45,,,1,26,,597859,45,,,1,71,,597879,45,,,1,27,,597873,45,,,1
6200,'11-1',730,,597911,45,,,1,83,,597902,45,,,1,30,,597894,45,,,1,68,,597921,45,,,1,26,,597904,45,,,1,70,,597913,45,,,1,26,,597898,45,,,1,70,,597926,45,,,1,32,,597906,45,,,1,70,,597922,45,,,1,30,,597925,45,,,1,65,,597918,44,,,1,35,,597905,44,,,1,70,,597899,44,,,1,30,,597893,44,,,1,70,,597896,44,,,1,29,,597908,44,,,1,74,,597912,44,,,1,31,,597928,44,,,1,74,,597897,44,,,1,33,,597924,44,,,1,71,,597903,44,,,1,25,,597927,44,,,1,70,,597901,44,,,1,21,,597919,44,,,1,68,,597910,44,,,1,30,,597920,44,,,1,72,,597917,45,,,1,30,,597923,45,,,1,70,,597900,45,,,1,23,,597916,45,,,1,30,,597907,45,,,1,70,,597914,45,,,1,26,,597895,45,,,1,71,,597915,45,,,1,27,,597909,45,,,1
6200,'2-1',730,,597947,45,,,1,83,,597938,45,,,1,30,,597930,45,,,1,68,,597957,45,,,1,26,,597940,45,,,1,70,,597949,45,,,1,26,,597934,45,,,1,70,,597962,45,,,1,32,,597942,45,,,1,70,,597958,45,,,1,30,,597961,45,,,1,65,,597954,44,,,1,35,,597941,44,,,1,70,,597935,44,,,1,30,,597929,44,,,1,70,,597932,44,,,1,29,,597944,44,,,1,74,,597948,44,,,1,31,,597964,44,,,1,74,,597933,44,,,1,33,,597960,44,,,1,71,,597939,44,,,1,25,,597963,44,,,1,70,,597937,44,,,1,21,,597955,44,,,1,68,,597946,44,,,1,30,,597956,44,,,1,72,,597953,45,,,1,30,,597959,45,,,1,70,,597936,45,,,1,23,,597952,45,,,1,30,,597943,45,,,1,70,,597950,45,,,1,26,,597931,45,,,1,71,,597951,45,,,1,27,,597945,45,,,1
6200,'3-1',800,,597985,48,,,1,30,,597979,48,,,1,72,,597967,48,,,1,30,,597984,48,,,1,70,,597966,48,,,1,30,,597992,48,,,1,70,,597991,48,,,1,30,,597981,48,,,1,70,,597968,48,,,1,30,,597986,48,,,1,71,,597978,48,,,1,30,,597970,48,,,1,70,,597982,48,,,1,30,,597973,48,,,1,70,,597969,48,,,1,30,,597965,48,,,1,70,,597975,48,,,1,30,,597977,48,,,1,100,,597993,48,,,1,70,,597974,48,,,1,30,,597971,48,,,1,69,,597987,48,,,1,30,,597989,48,,,1,100,,597990,48,,,1,70,,597972,48,,,1,30,,597988,48,,,1,27,,597983,48,,,1,70,,597976,48,,,1,100,,597980,48,,,1
6200,'4-1',802,,598024,48,,,1,30,,598004,48,,,1,72,,597998,48,,,1,30,,598035,48,,,1,70,,597997,48,,,1,30,,598003,48,,,1,15,,598014,21,,,1,55,,598007,48,,,1,15,,598015,21,,,1,15,,598032,48,,,1,15,,597996,21,,,1,55,,598008,48,,,1,15,,598038,21,,,1,15,,598011,48,,,1,16,,598045,21,,,1,55,,598037,48,,,1,15,,598043,21,,,1,15,,598036,48,,,1,15,,598026,21,,,1,55,,598012,48,,,1,15,,598030,21,,,1,15,,598023,48,,,1,15,,597994,21,,,1,55,,598025,48,,,1,15,,598000,21,,,1,15,,598046,48,,,1,15,,598019,21,,,1,55,,598042,48,,,1,15,,598031,21,,,1,15,,598005,48,,,1,15,,598010,21,,,1,55,,598013,48,,,1,15,,598018,21,,,1,15,,598027,48,,,1,15,,598021,21,,,1,55,,598034,48,,,1,15,,598017,21,,,1,15,,598044,48,,,1,14,,598047,21,,,1,55,,598002,48,,,1,15,,598006,21,,,1,15,,598016,48,,,1,70,,598020,48,,,1,30,,598039,48,,,1,70,,597999,48,,,1,30,,597995,48,,,1,67,,598022,48,,,1,30,,598040,48,,,1,70,,598009,48,,,1,30,,598041,48,,,1,70,,598033,48,,,1,30,,598001,48,,,1,70,,598029,48,,,1,30,,598028,48,,,1
6200,'5-1',705,,598058,48,,,1,36,,598072,48,,,1,70,,598080,48,,,1,30,,598071,48,,,1,70,,598078,48,,,1,30,,598059,48,,,1,71,,598048,48,,,1,30,,598069,48,,,1,71,,598054,48,,,1,30,,598070,48,,,1,70,,598049,48,,,1,30,,598075,48,,,1,72,,598053,48,,,1,30,,598073,48,,,1,70,,598076,48,,,1,30,,598051,48,,,1,70,,598064,48,,,1,30,,598061,48,,,1,70,,598074,48,,,1,30,,598068,48,,,1,69,,598067,48,,,1,30,,598079,48,,,1,70,,598060,48,,,1,30,,598057,48,,,1,68,,598077,48,,,1,30,,598055,48,,,1,70,,598050,48,,,1,30,,598062,48,,,1,70,,598056,48,,,1,30,,598066,48,,,1,67,,598052,48,,,1,30,,598063,48,,,1,70,,598065,48,,,1
6200,'6-1',730,,598099,45,,,1,83,,598090,45,,,1,30,,598082,45,,,1,68,,598109,45,,,1,26,,598092,45,,,1,70,,598101,45,,,1,26,,598086,45,,,1,70,,598114,45,,,1,32,,598094,45,,,1,70,,598110,45,,,1,30,,598113,45,,,1,65,,598106,44,,,1,35,,598093,44,,,1,70,,598087,44,,,1,30,,598081,44,,,1,70,,598084,44,,,1,29,,598096,44,,,1,74,,598100,44,,,1,31,,598116,44,,,1,74,,598085,44,,,1,33,,598112,44,,,1,71,,598091,44,,,1,25,,598115,44,,,1,70,,598089,44,,,1,21,,598107,44,,,1,68,,598098,44,,,1,30,,598108,44,,,1,72,,598105,45,,,1,30,,598111,45,,,1,70,,598088,45,,,1,23,,598104,45,,,1,30,,598095,45,,,1,70,,598102,45,,,1,26,,598083,45,,,1,71,,598103,45,,,1,27,,598097,45,,,1
6200,'7-1',800,,598137,48,,,1,30,,598131,48,,,1,72,,598119,48,,,1,30,,598136,48,,,1,70,,598118,48,,,1,30,,598144,48,,,1,70,,598143,48,,,1,30,,598133,48,,,1,70,,598120,48,,,1,30,,598138,48,,,1,71,,598130,48,,,1,30,,598122,48,,,1,70,,598134,48,,,1,30,,598125,48,,,1,70,,598121,48,,,1,30,,598117,48,,,1,70,,598127,48,,,1,30,,598129,48,,,1,100,,598145,48,,,1,70,,598126,48,,,1,30,,598123,48,,,1,69,,598139,48,,,1,30,,598141,48,,,1,100,,598142,48,,,1,70,,598124,48,,,1,30,,598140,48,,,1,27,,598135,48,,,1,70,,598128,48,,,1,100,,598132,48,,,1
6200,'8-1',730,,598164,45,,,1,83,,598155,45,,,1,30,,598147,45,,,1,68,,598174,45,,,1,26,,598157,45,,,1,70,,598166,45,,,1,26,,598151,45,,,1,70,,598179,45,,,1,32,,598159,45,,,1,70,,598175,45,,,1,30,,598178,45,,,1,65,,598171,44,,,1,35,,598158,44,,,1,70,,598152,44,,,1,30,,598146,44,,,1,70,,598149,44,,,1,29,,598161,44,,,1,74,,598165,44,,,1,31,,598181,44,,,1,74,,598150,44,,,1,33,,598177,44,,,1,71,,598156,44,,,1,25,,598180,44,,,1,70,,598154,44,,,1,21,,598172,44,,,1,68,,598163,44,,,1,30,,598173,44,,,1,72,,598170,45,,,1,30,,598176,45,,,1,70,,598153,45,,,1,23,,598169,45,,,1,30,,598160,45,,,1,70,,598167,45,,,1,26,,598148,45,,,1,71,,598168,45,,,1,27,,598162,45,,,1
6200,'9-1',705,,598205,48,,,1,36,,598203,48,,,1,70,,598187,48,,,1,30,,598206,48,,,1,70,,598210,48,,,1,30,,598193,48,,,1,71,,598213,48,,,1,30,,598212,48,,,1,71,,598204,48,,,1,30,,598201,48,,,1,70,,598199,48,,,1,30,,598196,48,,,1,72,,598207,48,,,1,30,,598194,48,,,1,70,,598209,48,,,1,30,,598208,48,,,1,70,,598184,48,,,1,30,,598182,48,,,1,70,,598191,48,,,1,30,,598192,48,,,1,69,,598200,48,,,1,30,,598211,48,,,1,70,,598195,48,,,1,30,,598189,48,,,1,68,,598198,48,,,1,30,,598190,48,,,1,70,,598183,48,,,1,30,,598197,48,,,1,70,,598202,48,,,1,30,,598186,48,,,1,67,,598185,48,,,1,30,,598214,48,,,1,70,,598188,48,,,1
6201,'1-1',538,,598236,5,,,1,3,,598236,6,,,1,65,,598240,5,,,1,3,,598240,6,,,1,26,,598248,5,,,1,70,,598222,5,,,1,30,,598229,5,,,1,72,,598219,5,,,1,29,,598221,5,,,1,69,,598224,5,,,1,30,,598233,5,,,1,70,,598228,5,,,1,30,,598242,5,,,1,70,,598232,5,,,1,25,,598230,5,,,1,70,,598249,5,,,1,30,,598244,5,,,1,70,,598251,5,,,1,30,,598226,5,,,1,70,,598237,5,,,1,30,,598215,5,,,1,28,,598245,5,,,1,70,,598231,5,,,1,30,,598220,5,,,1,70,,598238,5,,,1,30,,598246,5,,,1,70,,598217,5,,,1,30,,598216,5,,,1,70,,598227,5,,,1,30,,598252,5,,,1,76,,598250,5,,,1,70,,598225,5,,,1,30,,598239,5,,,1,70,,598241,5,,,1,30,,598247,5,,,1,70,,598234,5,,,1,33,,598223,5,,,1,3,,598223,6,,,1,69,,598235,5,,,1,3,,598235,6,,,1,27,,598218,5,,,1,3,,598218,6,,,1,72,,598243,5,,,1,3,,598243,6,,,1
6201,'10-1',538,,598279,5,,,1,3,,598279,6,,,1,65,,598268,5,,,1,3,,598268,6,,,1,26,,598264,5,,,1,70,,598267,5,,,1,30,,598256,5,,,1,72,,598257,5,,,1,29,,598277,5,,,1,69,,598263,5,,,1,30,,598274,5,,,1,70,,598282,5,,,1,30,,598290,5,,,1,70,,598265,5,,,1,25,,598289,5,,,1,70,,598262,5,,,1,30,,598266,5,,,1,70,,598259,5,,,1,30,,598285,5,,,1,70,,598258,5,,,1,30,,598273,5,,,1,28,,598286,5,,,1,70,,598281,5,,,1,30,,598276,5,,,1,70,,598269,5,,,1,30,,598271,5,,,1,70,,598253,5,,,1,30,,598270,5,,,1,70,,598260,5,,,1,30,,598278,5,,,1,76,,598272,5,,,1,70,,598254,5,,,1,30,,598280,5,,,1,70,,598275,5,,,1,30,,598284,5,,,1,70,,598255,5,,,1,33,,598261,5,,,1,3,,598261,6,,,1,69,,598283,5,,,1,3,,598283,6,,,1,27,,598288,5,,,1,3,,598288,6,,,1,72,,598287,5,,,1,3,,598287,6,,,1
6201,'11-1',538,,598317,5,,,1,3,,598317,6,,,1,65,,598306,5,,,1,3,,598306,6,,,1,26,,598302,5,,,1,70,,598305,5,,,1,30,,598294,5,,,1,72,,598295,5,,,1,29,,598315,5,,,1,69,,598301,5,,,1,30,,598312,5,,,1,70,,598320,5,,,1,30,,598328,5,,,1,70,,598303,5,,,1,25,,598327,5,,,1,70,,598300,5,,,1,30,,598304,5,,,1,70,,598297,5,,,1,30,,598323,5,,,1,70,,598296,5,,,1,30,,598311,5,,,1,28,,598324,5,,,1,70,,598319,5,,,1,30,,598314,5,,,1,70,,598307,5,,,1,30,,598309,5,,,1,70,,598291,5,,,1,30,,598308,5,,,1,70,,598298,5,,,1,30,,598316,5,,,1,76,,598310,5,,,1,70,,598292,5,,,1,30,,598318,5,,,1,70,,598313,5,,,1,30,,598322,5,,,1,70,,598293,5,,,1,33,,598299,5,,,1,3,,598299,6,,,1,69,,598321,5,,,1,3,,598321,6,,,1,27,,598326,5,,,1,3,,598326,6,,,1,72,,598325,5,,,1,3,,598325,6,,,1
6201,'2-1',538,,598355,5,,,1,3,,598355,6,,,1,65,,598344,5,,,1,3,,598344,6,,,1,26,,598340,5,,,1,70,,598343,5,,,1,30,,598332,5,,,1,72,,598333,5,,,1,29,,598353,5,,,1,69,,598339,5,,,1,30,,598350,5,,,1,70,,598358,5,,,1,30,,598366,5,,,1,70,,598341,5,,,1,25,,598365,5,,,1,70,,598338,5,,,1,30,,598342,5,,,1,70,,598335,5,,,1,30,,598361,5,,,1,70,,598334,5,,,1,30,,598349,5,,,1,28,,598362,5,,,1,70,,598357,5,,,1,30,,598352,5,,,1,70,,598345,5,,,1,30,,598347,5,,,1,70,,598329,5,,,1,30,,598346,5,,,1,70,,598336,5,,,1,30,,598354,5,,,1,76,,598348,5,,,1,70,,598330,5,,,1,30,,598356,5,,,1,70,,598351,5,,,1,30,,598360,5,,,1,70,,598331,5,,,1,33,,598337,5,,,1,3,,598337,6,,,1,69,,598359,5,,,1,3,,598359,6,,,1,27,,598364,5,,,1,3,,598364,6,,,1,72,,598363,5,,,1,3,,598363,6,,,1
6201,'3-1',802,,598375,5,,,1,2,,598375,6,,,1,28,,598383,5,,,1,3,,598383,6,,,1,67,,598379,5,,,1,3,,598379,6,,,1,27,,598388,5,,,1,3,,598388,6,,,1,67,,598387,5,,,1,3,,598387,6,,,1,27,,598381,5,,,1,3,,598381,6,,,1,67,,598376,5,,,1,3,,598376,6,,,1,97,,598384,5,,,1,3,,598384,6,,,1,27,,598372,5,,,1,3,,598372,6,,,1,67,,598390,5,,,1,3,,598390,6,,,1,97,,598371,5,,,1,3,,598371,6,,,1,97,,598389,5,,,1,3,,598389,6,,,1,27,,598377,5,,,1,3,,598377,6,,,1,67,,598369,5,,,1,3,,598369,6,,,1,97,,598374,5,,,1,3,,598374,6,,,1,27,,598386,5,,,1,3,,598386,6,,,1,67,,598380,5,,,1,3,,598380,6,,,1,27,,598367,5,,,1,3,,598367,6,,,1,67,,598370,5,,,1,3,,598370,6,,,1,27,,598391,5,,,1,3,,598391,6,,,1,67,,598382,5,,,1,3,,598382,6,,,1,27,,598373,5,,,1,2,,598373,6,,,1,68,,598392,5,,,1,2,,598392,6,,,1,28,,598385,5,,,1,2,,598385,6,,,1,68,,598378,5,,,1,2,,598378,6,,,1,28,,598368,5,,,1,2,,598368,6,,,1
6201,'4-1',800,,598399,5,,,1,2,,598399,6,,,1,28,,598412,5,,,1,3,,598412,6,,,1,67,,598421,5,,,1,3,,598421,6,,,1,27,,598398,5,,,1,3,,598398,6,,,1,67,,598410,5,,,1,3,,598410,6,,,1,27,,598406,5,,,1,3,,598406,6,,,1,12,,598431,5,0,9 10,1,3,,598431,6,0,9 10,1,52,,598436,5,,,1,3,,598436,6,,,1,12,,598397,5,0,9 10,1,3,,598397,6,0,9 10,1,12,,598417,5,,,1,3,,598417,6,,,1,12,,598419,5,0,9 10,1,3,,598419,6,0,9 10,1,52,,598415,5,,,1,3,,598415,6,,,1,12,,598441,5,0,9 10,1,3,,598441,6,0,9 10,1,12,,598438,5,,,1,3,,598438,6,,,1,12,,598439,5,0,9 10,1,3,,598439,6,0,9 10,1,52,,598396,5,,,1,3,,598396,6,,,1,12,,598429,5,0,9 10,1,3,,598429,6,0,9 10,1,12,,598394,5,,,1,3,,598394,6,,,1,12,,598433,5,0,9 10,1,3,,598433,6,0,9 10,1,52,,598407,5,,,1,3,,598407,6,,,1,12,,598402,5,0,9 10,1,3,,598402,6,0,9 10,1,12,,598409,5,,,1,3,,598409,6,,,1,12,,598434,5,0,9 10,1,3,,598434,6,0,9 10,1,52,,598424,5,,,1,3,,598424,6,,,1,12,,598435,5,0,9 10,1,3,,598435,6,0,9 10,1,12,,598437,5,,,1,3,,598437,6,,,1,12,,598405,5,0,9 10,1,3,,598405,6,0,9 10,1,52,,598416,5,,,1,3,,598416,6,,,1,12,,598442,5,0,9 10,1,3,,598442,6,0,9 10,1,12,,598414,5,,,1,3,,598414,6,,,1,12,,598395,5,0,9 10,1,3,,598395,6,0,9 10,1,52,,598401,5,,,1,3,,598401,6,,,1,12,,598423,5,0,9 10,1,3,,598423,6,0,9 10,1,12,,598408,5,,,1,3,,598408,6,,,1,12,,598428,5,0,9 10,1,3,,598428,6,0,9 10,1,52,,598411,5,,,1,3,,598411,6,,,1,12,,598393,5,0,9 10,1,3,,598393,6,0,9 10,1,12,,598418,5,,,1,3,,598418,6,,,1,12,,598400,5,0,9 10,1,3,,598400,6,0,9 10,1,52,,598443,5,,,1,3,,598443,6,,,1,27,,598422,5,,,1,3,,598422,6,,,1,67,,598420,5,,,1,3,,598420,6,,,1,27,,598427,5,,,1,2,,598427,6,,,1,68,,598432,5,,,1,2,,598432,6,,,1,28,,598413,6,,,1,2,,598413,7,,,1,68,,598430,6,,,1,2,,598430,7,,,1,28,,598404,6,,,1,2,,598404,7,,,1,68,,598403,6,,,1,2,,598403,7,,,1,28,,598440,6,,,1,2,,598440,7,,,1,68,,598425,5,,,1,2,,598425,6,,,1,28,,598426,5,,,1,2,,598426,6,,,1
6201,'5-1',719,,598456,5,,,1,2,,598456,6,,,1,28,,598465,5,,,1,2,,598465,6,,,1,67,,598459,5,,,1,3,,598459,6,,,1,27,,598449,5,,,1,3,,598449,6,,,1,67,,598471,5,,,1,3,,598471,6,,,1,27,,598461,5,,,1,3,,598461,6,,,1,66,,598455,5,,,1,3,,598455,6,,,1,27,,598466,5,,,1,3,,598466,6,,,1,67,,598445,5,,,1,3,,598445,6,,,1,27,,598453,5,,,1,3,,598453,6,,,1,67,,598451,5,,,1,3,,598451,6,,,1,27,,598448,5,,,1,3,,598448,6,,,1,67,,598447,5,,,1,3,,598447,6,,,1,27,,598458,5,,,1,3,,598458,6,,,1,67,,598444,5,,,1,3,,598444,6,,,1,27,,598450,5,,,1,3,,598450,6,,,1,67,,598469,5,,,1,3,,598469,6,,,1,27,,598470,5,,,1,3,,598470,6,,,1,67,,598474,5,,,1,3,,598474,6,,,1,27,,598452,5,,,1,3,,598452,6,,,1,67,,598460,5,,,1,3,,598460,6,,,1,27,,598446,5,,,1,3,,598446,6,,,1,67,,598472,5,,,1,3,,598472,6,,,1,27,,598457,5,,,1,3,,598457,6,,,1,67,,598475,5,,,1,3,,598475,6,,,1,27,,598464,5,,,1,3,,598464,6,,,1,67,,598463,5,,,1,2,,598463,6,,,1,28,,598468,5,,,1,2,,598468,6,,,1,68,,598473,5,,,1,2,,598473,6,,,1,28,,598454,5,,,1,2,,598454,6,,,1,68,,598467,5,,,1,2,,598467,6,,,1,28,,598462,5,,,1,2,,598462,6,,,1
6201,'6-1',538,,598502,5,,,1,3,,598502,6,,,1,65,,598491,5,,,1,3,,598491,6,,,1,26,,598487,5,,,1,70,,598490,5,,,1,30,,598479,5,,,1,72,,598480,5,,,1,29,,598500,5,,,1,69,,598486,5,,,1,30,,598497,5,,,1,70,,598505,5,,,1,30,,598513,5,,,1,70,,598488,5,,,1,25,,598512,5,,,1,70,,598485,5,,,1,30,,598489,5,,,1,70,,598482,5,,,1,30,,598508,5,,,1,70,,598481,5,,,1,30,,598496,5,,,1,28,,598509,5,,,1,70,,598504,5,,,1,30,,598499,5,,,1,70,,598492,5,,,1,30,,598494,5,,,1,70,,598476,5,,,1,30,,598493,5,,,1,70,,598483,5,,,1,30,,598501,5,,,1,76,,598495,5,,,1,70,,598477,5,,,1,30,,598503,5,,,1,70,,598498,5,,,1,30,,598507,5,,,1,70,,598478,5,,,1,33,,598484,5,,,1,3,,598484,6,,,1,69,,598506,5,,,1,3,,598506,6,,,1,27,,598511,5,,,1,3,,598511,6,,,1,72,,598510,5,,,1,3,,598510,6,,,1
6201,'7-1',802,,598522,5,,,1,2,,598522,6,,,1,28,,598530,5,,,1,3,,598530,6,,,1,67,,598526,5,,,1,3,,598526,6,,,1,27,,598535,5,,,1,3,,598535,6,,,1,67,,598534,5,,,1,3,,598534,6,,,1,27,,598528,5,,,1,3,,598528,6,,,1,67,,598523,5,,,1,3,,598523,6,,,1,97,,598531,5,,,1,3,,598531,6,,,1,27,,598519,5,,,1,3,,598519,6,,,1,67,,598537,5,,,1,3,,598537,6,,,1,97,,598518,5,,,1,3,,598518,6,,,1,97,,598536,5,,,1,3,,598536,6,,,1,27,,598524,5,,,1,3,,598524,6,,,1,67,,598516,5,,,1,3,,598516,6,,,1,97,,598521,5,,,1,3,,598521,6,,,1,27,,598533,5,,,1,3,,598533,6,,,1,67,,598527,5,,,1,3,,598527,6,,,1,27,,598514,5,,,1,3,,598514,6,,,1,67,,598517,5,,,1,3,,598517,6,,,1,27,,598538,5,,,1,3,,598538,6,,,1,67,,598529,5,,,1,3,,598529,6,,,1,27,,598520,5,,,1,2,,598520,6,,,1,68,,598539,5,,,1,2,,598539,6,,,1,28,,598532,5,,,1,2,,598532,6,,,1,68,,598525,5,,,1,2,,598525,6,,,1,28,,598515,5,,,1,2,,598515,6,,,1
6201,'8-1',538,,598566,5,,,1,3,,598566,6,,,1,65,,598555,5,,,1,3,,598555,6,,,1,26,,598551,5,,,1,70,,598554,5,,,1,30,,598543,5,,,1,72,,598544,5,,,1,29,,598564,5,,,1,69,,598550,5,,,1,30,,598561,5,,,1,70,,598569,5,,,1,30,,598577,5,,,1,70,,598552,5,,,1,25,,598576,5,,,1,70,,598549,5,,,1,30,,598553,5,,,1,70,,598546,5,,,1,30,,598572,5,,,1,70,,598545,5,,,1,30,,598560,5,,,1,28,,598573,5,,,1,70,,598568,5,,,1,30,,598563,5,,,1,70,,598556,5,,,1,30,,598558,5,,,1,70,,598540,5,,,1,30,,598557,5,,,1,70,,598547,5,,,1,30,,598565,5,,,1,76,,598559,5,,,1,70,,598541,5,,,1,30,,598567,5,,,1,70,,598562,5,,,1,30,,598571,5,,,1,70,,598542,5,,,1,33,,598548,5,,,1,3,,598548,6,,,1,69,,598570,5,,,1,3,,598570,6,,,1,27,,598575,5,,,1,3,,598575,6,,,1,72,,598574,5,,,1,3,,598574,6,,,1
6201,'9-1',719,,598609,5,,,1,2,,598609,6,,,1,28,,598603,5,,,1,2,,598603,6,,,1,67,,598588,5,,,1,3,,598588,6,,,1,27,,598590,5,,,1,3,,598590,6,,,1,67,,598596,5,,,1,3,,598596,6,,,1,27,,598600,5,,,1,3,,598600,6,,,1,66,,598584,5,,,1,3,,598584,6,,,1,27,,598578,5,,,1,3,,598578,6,,,1,67,,598594,5,,,1,3,,598594,6,,,1,27,,598606,5,,,1,3,,598606,6,,,1,67,,598587,5,,,1,3,,598587,6,,,1,27,,598597,5,,,1,3,,598597,6,,,1,67,,598592,5,,,1,3,,598592,6,,,1,27,,598593,5,,,1,3,,598593,6,,,1,67,,598583,5,,,1,3,,598583,6,,,1,27,,598599,5,,,1,3,,598599,6,,,1,67,,598601,5,,,1,3,,598601,6,,,1,27,,598602,5,,,1,3,,598602,6,,,1,67,,598586,5,,,1,3,,598586,6,,,1,27,,598579,5,,,1,3,,598579,6,,,1,67,,598585,5,,,1,3,,598585,6,,,1,27,,598607,5,,,1,3,,598607,6,,,1,67,,598589,5,,,1,3,,598589,6,,,1,27,,598581,5,,,1,3,,598581,6,,,1,67,,598595,5,,,1,3,,598595,6,,,1,27,,598605,5,,,1,3,,598605,6,,,1,67,,598598,5,,,1,2,,598598,6,,,1,28,,598580,5,,,1,2,,598580,6,,,1,68,,598591,5,,,1,2,,598591,6,,,1,28,,598582,5,,,1,2,,598582,6,,,1,68,,598604,5,,,1,2,,598604,6,,,1,28,,598608,5,,,1,2,,598608,6,,,1
6300,'1-1',511,,598648,4,,,1,3,,598648,5,,,1,31,,598656,4,,,1,3,,598656,5,,,1,61,,598632,4,,,1,15,,598628,4,,,1,15,,598650,4,,,1,15,,598636,4,,,1,55,,598642,4,,,1,15,,598649,4,,,1,15,,598630,4,,,1,15,,598613,4,,,1,70,,598617,4,,,1,30,,598621,4,,,1,70,,598640,4,,,1,30,,598611,4,,,1,70,,598653,4,,,1,30,,598616,4,,,1,70,,598624,4,,,1,32,,598615,4,,,1,68,,598637,4,,,1,30,,598631,4,,,1,72,,598622,4,,,1,28,,598652,4,,,1,70,,598655,4,,,1,30,,598644,4,,,1,55,,598635,4,,,1,15,,598626,4,,,1,13,,598618,4,,,1,17,,598646,4,,,1,56,,598654,4,,,1,15,,598614,4,,,1,15,,598625,4,,,1,15,,598620,4,,,1,70,,598629,4,,,1,17,,598638,4,,,1,13,,598643,4,,,1,55,,598633,4,,,1,29,,598639,4,,,1,70,,598634,4,,,1,30,,598619,4,,,1,70,,598627,4,,,1,30,,598647,4,,,1,70,,598645,4,,,1,30,,598651,4,,,1,70,,598610,4,,,1,36,,598641,4,,,1,3,,598641,5,,,1,67,,598623,4,,,1,3,,598623,5,,,1,27,,598612,4,,,1,3,,598612,5,,,1
6300,'10-1',511,,598682,4,,,1,3,,598682,5,,,1,31,,598681,4,,,1,3,,598681,5,,,1,61,,598688,4,,,1,15,,598703,4,,,1,15,,598663,4,,,1,15,,598700,4,,,1,55,,598676,4,,,1,15,,598666,4,,,1,15,,598694,4,,,1,15,,598678,4,,,1,70,,598697,4,,,1,30,,598680,4,,,1,70,,598699,4,,,1,30,,598698,4,,,1,70,,598689,4,,,1,30,,598661,4,,,1,70,,598687,4,,,1,32,,598660,4,,,1,68,,598659,4,,,1,30,,598696,4,,,1,72,,598690,4,,,1,28,,598667,4,,,1,70,,598679,4,,,1,30,,598684,4,,,1,55,,598664,4,,,1,15,,598674,4,,,1,13,,598701,4,,,1,17,,598677,4,,,1,56,,598685,4,,,1,15,,598669,4,,,1,15,,598657,4,,,1,15,,598670,4,,,1,70,,598658,4,,,1,17,,598683,4,,,1,13,,598673,4,,,1,55,,598671,4,,,1,29,,598691,4,,,1,70,,598675,4,,,1,30,,598662,4,,,1,70,,598702,4,,,1,30,,598693,4,,,1,70,,598692,4,,,1,30,,598695,4,,,1,70,,598686,4,,,1,36,,598668,4,,,1,3,,598668,5,,,1,67,,598665,4,,,1,3,,598665,5,,,1,27,,598672,4,,,1,3,,598672,5,,,1
6300,'11-1',511,,598729,4,,,1,3,,598729,5,,,1,31,,598728,4,,,1,3,,598728,5,,,1,61,,598735,4,,,1,15,,598750,4,,,1,15,,598710,4,,,1,15,,598747,4,,,1,55,,598723,4,,,1,15,,598713,4,,,1,15,,598741,4,,,1,15,,598725,4,,,1,70,,598744,4,,,1,30,,598727,4,,,1,70,,598746,4,,,1,30,,598745,4,,,1,70,,598736,4,,,1,30,,598708,4,,,1,70,,598734,4,,,1,32,,598707,4,,,1,68,,598706,4,,,1,30,,598743,4,,,1,72,,598737,4,,,1,28,,598714,4,,,1,70,,598726,4,,,1,30,,598731,4,,,1,55,,598711,4,,,1,15,,598721,4,,,1,13,,598748,4,,,1,17,,598724,4,,,1,56,,598732,4,,,1,15,,598716,4,,,1,15,,598704,4,,,1,15,,598717,4,,,1,70,,598705,4,,,1,17,,598730,4,,,1,13,,598720,4,,,1,55,,598718,4,,,1,29,,598738,4,,,1,70,,598722,4,,,1,30,,598709,4,,,1,70,,598749,4,,,1,30,,598740,4,,,1,70,,598739,4,,,1,30,,598742,4,,,1,70,,598733,4,,,1,36,,598715,4,,,1,3,,598715,5,,,1,67,,598712,4,,,1,3,,598712,5,,,1,27,,598719,4,,,1,3,,598719,5,,,1
6300,'2-1',511,,598776,4,,,1,3,,598776,5,,,1,31,,598775,4,,,1,3,,598775,5,,,1,61,,598782,4,,,1,15,,598797,4,,,1,15,,598757,4,,,1,15,,598794,4,,,1,55,,598770,4,,,1,15,,598760,4,,,1,15,,598788,4,,,1,15,,598772,4,,,1,70,,598791,4,,,1,30,,598774,4,,,1,70,,598793,4,,,1,30,,598792,4,,,1,70,,598783,4,,,1,30,,598755,4,,,1,70,,598781,4,,,1,32,,598754,4,,,1,68,,598753,4,,,1,30,,598790,4,,,1,72,,598784,4,,,1,28,,598761,4,,,1,70,,598773,4,,,1,30,,598778,4,,,1,55,,598758,4,,,1,15,,598768,4,,,1,13,,598795,4,,,1,17,,598771,4,,,1,56,,598779,4,,,1,15,,598763,4,,,1,15,,598751,4,,,1,15,,598764,4,,,1,70,,598752,4,,,1,17,,598777,4,,,1,13,,598767,4,,,1,55,,598765,4,,,1,29,,598785,4,,,1,70,,598769,4,,,1,30,,598756,4,,,1,70,,598796,4,,,1,30,,598787,4,,,1,70,,598786,4,,,1,30,,598789,4,,,1,70,,598780,4,,,1,36,,598762,4,,,1,3,,598762,5,,,1,67,,598759,4,,,1,3,,598759,5,,,1,27,,598766,4,,,1,3,,598766,5,,,1
6300,'3-1',732,,598817,4,,,1,2,,598817,5,,,1,101,,598813,4,,,1,2,,598813,5,,,1,98,,598809,4,,,1,2,,598809,5,,,1,98,,598802,4,,,1,3,,598802,5,,,1,97,,598821,4,,,1,3,,598821,5,,,1,67,,598800,4,,,1,3,,598800,5,,,1,27,,598803,4,,,1,3,,598803,5,,,1,67,,598807,4,,,1,3,,598807,5,,,1,27,,598818,4,,,1,3,,598818,5,,,1,67,,598812,4,,,1,3,,598812,5,,,1,27,,598820,4,,,1,3,,598820,5,,,1,67,,598814,4,,,1,3,,598814,5,,,1,27,,598804,4,,,1,3,,598804,5,,,1,67,,598811,4,,,1,3,,598811,5,,,1,27,,598810,4,,,1,3,,598810,5,,,1,67,,598801,4,,,1,3,,598801,5,,,1,197,,598798,4,,,1,3,,598798,5,,,1,27,,598806,4,,,1,3,,598806,5,,,1,67,,598815,4,,,1,3,,598815,5,,,1,27,,598805,4,,,1,2,,598805,5,,,1,98,,598819,4,,,1,2,,598819,5,,,1,68,,598816,4,,,1,2,,598816,5,,,1,28,,598808,4,,,1,2,,598808,5,,,1,98,,598799,4,,,1,2,,598799,5,,,1
6300,'4-1',732,,598851,4,,,1,2,,598851,5,,,1,101,,598829,4,,,1,2,,598829,5,,,1,98,,598828,4,,,1,2,,598828,5,,,1,98,,598840,4,,,1,3,,598840,5,,,1,67,,598841,4,,,1,3,,598841,5,,,1,27,,598846,4,,,1,3,,598846,5,,,1,67,,598837,4,,,1,3,,598837,5,,,1,27,,598843,4,,,1,3,,598843,5,,,1,67,,598832,4,,,1,3,,598832,5,,,1,27,,598850,4,,,1,3,,598850,5,,,1,67,,598824,4,,,1,3,,598824,5,,,1,27,,598831,4,,,1,3,,598831,5,,,1,67,,598853,4,,,1,3,,598853,5,,,1,27,,598845,4,,,1,3,,598845,5,,,1,67,,598844,4,,,1,3,,598844,5,,,1,27,,598833,4,,,1,3,,598833,5,,,1,67,,598835,4,,,1,3,,598835,5,,,1,27,,598838,4,,,1,3,,598838,5,,,1,67,,598822,4,,,1,3,,598822,5,,,1,27,,598830,4,,,1,3,,598830,5,,,1,67,,598839,4,,,1,3,,598839,5,,,1,27,,598852,4,,,1,3,,598852,5,,,1,67,,598836,4,,,1,3,,598836,5,,,1,27,,598834,4,,,1,2,,598834,5,,,1,68,,598848,4,,,1,2,,598848,5,,,1,27,,598842,5,0,149,0,3,,598842,6,0,149,0,68,,598849,4,,,1,2,,598849,5,,,1,27,,598825,5,,,1,2,,598825,6,,,1,69,,598847,4,,,1,2,,598847,5,,,1,27,,598823,5,,,1,2,,598823,6,,,1,69,,598827,4,0,149,0,2,,598827,5,0,149,0,28,,598826,4,,,1,2,,598826,5,,,1
6300,'5-1',645,,598876,4,,,1,2,,598876,5,,,1,68,,598872,4,,,1,2,,598872,5,,,1,28,,598870,4,,,1,2,,598870,5,,,1,68,,598883,4,,,1,2,,598883,5,,,1,28,,598875,4,,,1,2,,598875,5,,,1,68,,598855,4,,,1,2,,598855,5,,,1,28,,598856,4,,,1,2,,598856,5,,,1,68,,598860,4,,,1,3,,598860,5,,,1,27,,598880,4,,,1,3,,598880,5,,,1,67,,598871,4,,,1,3,,598871,5,,,1,27,,598884,4,,,1,3,,598884,5,,,1,97,,598879,4,,,1,3,,598879,5,,,1,67,,598857,4,,,1,3,,598857,5,,,1,27,,598862,4,,,1,3,,598862,5,,,1,67,,598881,4,,,1,3,,598881,5,,,1,27,,598859,4,,,1,3,,598859,5,,,1,67,,598868,4,,,1,3,,598868,5,,,1,27,,598866,4,,,1,3,,598866,5,,,1,67,,598874,4,,,1,3,,598874,5,,,1,27,,598878,4,,,1,3,,598878,5,,,1,67,,598885,4,,,1,3,,598885,5,,,1,27,,598854,4,,,1,3,,598854,5,,,1,67,,598873,4,,,1,3,,598873,5,,,1,27,,598877,4,,,1,3,,598877,5,,,1,67,,598869,4,,,1,3,,598869,5,,,1,27,,598861,4,,,1,3,,598861,5,,,1,67,,598858,4,,,1,2,,598858,5,,,1,28,,598864,4,,,1,2,,598864,5,,,1,98,,598865,4,,,1,2,,598865,5,,,1,68,,598867,4,,,1,2,,598867,5,,,1,28,,598882,4,,,1,2,,598882,5,,,1,68,,598863,4,,,1,2,,598863,5,,,1
6300,'6-1',511,,598911,4,,,1,3,,598911,5,,,1,31,,598910,4,,,1,3,,598910,5,,,1,61,,598917,4,,,1,15,,598932,4,,,1,15,,598892,4,,,1,15,,598929,4,,,1,55,,598905,4,,,1,15,,598895,4,,,1,15,,598923,4,,,1,15,,598907,4,,,1,70,,598926,4,,,1,30,,598909,4,,,1,70,,598928,4,,,1,30,,598927,4,,,1,70,,598918,4,,,1,30,,598890,4,,,1,70,,598916,4,,,1,32,,598889,4,,,1,68,,598888,4,,,1,30,,598925,4,,,1,72,,598919,4,,,1,28,,598896,4,,,1,70,,598908,4,,,1,30,,598913,4,,,1,55,,598893,4,,,1,15,,598903,4,,,1,13,,598930,4,,,1,17,,598906,4,,,1,56,,598914,4,,,1,15,,598898,4,,,1,15,,598886,4,,,1,15,,598899,4,,,1,70,,598887,4,,,1,17,,598912,4,,,1,13,,598902,4,,,1,55,,598900,4,,,1,29,,598920,4,,,1,70,,598904,4,,,1,30,,598891,4,,,1,70,,598931,4,,,1,30,,598922,4,,,1,70,,598921,4,,,1,30,,598924,4,,,1,70,,598915,4,,,1,36,,598897,4,,,1,3,,598897,5,,,1,67,,598894,4,,,1,3,,598894,5,,,1,27,,598901,4,,,1,3,,598901,5,,,1
6300,'7-1',732,,598952,4,,,1,2,,598952,5,,,1,101,,598948,4,,,1,2,,598948,5,,,1,98,,598944,4,,,1,2,,598944,5,,,1,98,,598937,4,,,1,3,,598937,5,,,1,97,,598956,4,,,1,3,,598956,5,,,1,67,,598935,4,,,1,3,,598935,5,,,1,27,,598938,4,,,1,3,,598938,5,,,1,67,,598942,4,,,1,3,,598942,5,,,1,27,,598953,4,,,1,3,,598953,5,,,1,67,,598947,4,,,1,3,,598947,5,,,1,27,,598955,4,,,1,3,,598955,5,,,1,67,,598949,4,,,1,3,,598949,5,,,1,27,,598939,4,,,1,3,,598939,5,,,1,67,,598946,4,,,1,3,,598946,5,,,1,27,,598945,4,,,1,3,,598945,5,,,1,67,,598936,4,,,1,3,,598936,5,,,1,197,,598933,4,,,1,3,,598933,5,,,1,27,,598941,4,,,1,3,,598941,5,,,1,67,,598950,4,,,1,3,,598950,5,,,1,27,,598940,4,,,1,2,,598940,5,,,1,98,,598954,4,,,1,2,,598954,5,,,1,68,,598951,4,,,1,2,,598951,5,,,1,28,,598943,4,,,1,2,,598943,5,,,1,98,,598934,4,,,1,2,,598934,5,,,1
6300,'8-1',511,,598982,4,,,1,3,,598982,5,,,1,31,,598981,4,,,1,3,,598981,5,,,1,61,,598988,4,,,1,15,,599003,4,,,1,15,,598963,4,,,1,15,,599000,4,,,1,55,,598976,4,,,1,15,,598966,4,,,1,15,,598994,4,,,1,15,,598978,4,,,1,70,,598997,4,,,1,30,,598980,4,,,1,70,,598999,4,,,1,30,,598998,4,,,1,70,,598989,4,,,1,30,,598961,4,,,1,70,,598987,4,,,1,32,,598960,4,,,1,68,,598959,4,,,1,30,,598996,4,,,1,72,,598990,4,,,1,28,,598967,4,,,1,70,,598979,4,,,1,30,,598984,4,,,1,55,,598964,4,,,1,15,,598974,4,,,1,13,,599001,4,,,1,17,,598977,4,,,1,56,,598985,4,,,1,15,,598969,4,,,1,15,,598957,4,,,1,15,,598970,4,,,1,70,,598958,4,,,1,17,,598983,4,,,1,13,,598973,4,,,1,55,,598971,4,,,1,29,,598991,4,,,1,70,,598975,4,,,1,30,,598962,4,,,1,70,,599002,4,,,1,30,,598993,4,,,1,70,,598992,4,,,1,30,,598995,4,,,1,70,,598986,4,,,1,36,,598968,4,,,1,3,,598968,5,,,1,67,,598965,4,,,1,3,,598965,5,,,1,27,,598972,4,,,1,3,,598972,5,,,1
6300,'9-1',645,,599031,4,,,1,2,,599031,5,,,1,68,,599030,4,,,1,2,,599030,5,,,1,28,,599005,4,,,1,2,,599005,5,,,1,68,,599006,4,,,1,2,,599006,5,,,1,28,,599008,4,,,1,2,,599008,5,,,1,68,,599016,4,,,1,2,,599016,5,,,1,28,,599015,4,,,1,2,,599015,5,,,1,68,,599012,4,,,1,3,,599012,5,,,1,27,,599026,4,,,1,3,,599026,5,,,1,67,,599032,4,,,1,3,,599032,5,,,1,27,,599011,4,,,1,3,,599011,5,,,1,67,,599017,4,,,1,3,,599017,5,,,1,27,,599019,4,,,1,3,,599019,5,,,1,67,,599018,4,,,1,3,,599018,5,,,1,27,,599023,4,,,1,3,,599023,5,,,1,67,,599010,4,,,1,3,,599010,5,,,1,27,,599004,4,,,1,3,,599004,5,,,1,67,,599028,4,,,1,3,,599028,5,,,1,27,,599013,4,,,1,3,,599013,5,,,1,67,,599007,4,,,1,3,,599007,5,,,1,27,,599024,4,,,1,3,,599024,5,,,1,67,,599029,4,,,1,3,,599029,5,,,1,27,,599035,4,,,1,3,,599035,5,,,1,67,,599021,4,,,1,3,,599021,5,,,1,27,,599025,4,,,1,3,,599025,5,,,1,67,,599037,4,,,1,3,,599037,5,,,1,27,,599027,4,,,1,3,,599027,5,,,1,67,,599014,4,,,1,2,,599014,5,,,1,28,,599036,4,,,1,2,,599036,5,,,1,68,,599034,4,,,1,2,,599034,5,,,1,28,,599009,4,,,1,2,,599009,5,,,1,68,,599020,4,,,1,2,,599020,5,,,1,28,,599033,4,,,1,2,,599033,5,,,1,68,,599022,4,,,1,2,,599022,5,,,1
6301,'1-1',558,,599064,42,,,1,70,,599073,42,,,1,15,,599084,42,,,1,57,,599082,42,,,1,19,,599066,42,,,1,10,,599077,42,,,1,14,,599067,42,,,1,14,,599049,42,,,1,59,,599057,42,,,1,13,,599063,42,,,1,17,,599042,42,,,1,58,,599041,42,,,1,15,,599046,42,,,1,25,,599074,42,,,1,70,,599039,42,,,1,30,,599038,42,,,1,70,,599053,42,,,1,25,,599059,42,,,1,71,,599047,42,,,1,30,,599079,42,,,1,69,,599075,42,,,1,30,,599051,42,,,1,70,,599060,42,,,1,30,,599040,42,,,1,75,,599065,42,,,1,33,,599081,47,,,1,69,,599083,47,,,1,29,,599068,47,,,1,57,,599048,47,,,1,13,,599055,47,,,1,18,,599076,47,,,1,17,,599072,47,,,1,52,,599080,47,,,1,14,,599045,47,,,1,15,,599056,47,,,1,15,,599070,47,,,1,69,,599044,47,,,1,15,,599069,47,,,1,11,,599078,47,,,1,15,,599071,47,,,1,70,,599062,47,,,1,30,,599087,47,,,1,70,,599052,47,,,1,30,,599054,47,,,1,68,,599086,47,,,1,30,,599085,47,,,1,70,,599061,47,,,1,30,,599043,47,,,1,70,,599058,47,,,1,16,,599050,27,,,1
6301,'10-1',558,,599105,42,,,1,70,,599088,42,,,1,15,,599126,42,,,1,57,,599121,42,,,1,19,,599137,42,,,1,10,,599102,42,,,1,14,,599099,42,,,1,14,,599112,42,,,1,59,,599108,42,,,1,13,,599130,42,,,1,17,,599131,42,,,1,58,,599101,42,,,1,15,,599119,42,,,1,25,,599096,42,,,1,70,,599127,42,,,1,30,,599095,42,,,1,70,,599135,42,,,1,25,,599115,42,,,1,71,,599100,42,,,1,30,,599128,42,,,1,69,,599129,42,,,1,30,,599114,42,,,1,70,,599107,42,,,1,30,,599133,42,,,1,75,,599113,42,,,1,33,,599091,47,,,1,69,,599134,47,,,1,29,,599117,47,,,1,57,,599110,47,,,1,13,,599106,47,,,1,18,,599098,47,,,1,17,,599116,47,,,1,52,,599123,47,,,1,14,,599120,47,,,1,15,,599089,47,,,1,15,,599104,47,,,1,69,,599097,47,,,1,15,,599124,47,,,1,11,,599094,47,,,1,15,,599122,47,,,1,70,,599136,47,,,1,30,,599109,47,,,1,70,,599090,47,,,1,30,,599118,47,,,1,68,,599125,47,,,1,30,,599092,47,,,1,70,,599111,47,,,1,30,,599103,47,,,1,70,,599132,47,,,1,16,,599093,27,,,1
6301,'11-1',558,,599155,42,,,1,70,,599138,42,,,1,15,,599176,42,,,1,57,,599171,42,,,1,19,,599187,42,,,1,10,,599152,42,,,1,14,,599149,42,,,1,14,,599162,42,,,1,59,,599158,42,,,1,13,,599180,42,,,1,17,,599181,42,,,1,58,,599151,42,,,1,15,,599169,42,,,1,25,,599146,42,,,1,70,,599177,42,,,1,30,,599145,42,,,1,70,,599185,42,,,1,25,,599165,42,,,1,71,,599150,42,,,1,30,,599178,42,,,1,69,,599179,42,,,1,30,,599164,42,,,1,70,,599157,42,,,1,30,,599183,42,,,1,75,,599163,42,,,1,33,,599141,47,,,1,69,,599184,47,,,1,29,,599167,47,,,1,57,,599160,47,,,1,13,,599156,47,,,1,18,,599148,47,,,1,17,,599166,47,,,1,52,,599173,47,,,1,14,,599170,47,,,1,15,,599139,47,,,1,15,,599154,47,,,1,69,,599147,47,,,1,15,,599174,47,,,1,11,,599144,47,,,1,15,,599172,47,,,1,70,,599186,47,,,1,30,,599159,47,,,1,70,,599140,47,,,1,30,,599168,47,,,1,68,,599175,47,,,1,30,,599142,47,,,1,70,,599161,47,,,1,30,,599153,47,,,1,70,,599182,47,,,1,16,,599143,27,,,1
6301,'2-1',558,,599205,42,,,1,70,,599188,42,,,1,15,,599226,42,,,1,57,,599221,42,,,1,19,,599237,42,,,1,10,,599202,42,,,1,14,,599199,42,,,1,14,,599212,42,,,1,59,,599208,42,,,1,13,,599230,42,,,1,17,,599231,42,,,1,58,,599201,42,,,1,15,,599219,42,,,1,25,,599196,42,,,1,70,,599227,42,,,1,30,,599195,42,,,1,70,,599235,42,,,1,25,,599215,42,,,1,71,,599200,42,,,1,30,,599228,42,,,1,69,,599229,42,,,1,30,,599214,42,,,1,70,,599207,42,,,1,30,,599233,42,,,1,75,,599213,42,,,1,33,,599191,47,,,1,69,,599234,47,,,1,29,,599217,47,,,1,57,,599210,47,,,1,13,,599206,47,,,1,18,,599198,47,,,1,17,,599216,47,,,1,52,,599223,47,,,1,14,,599220,47,,,1,15,,599189,47,,,1,15,,599204,47,,,1,69,,599197,47,,,1,15,,599224,47,,,1,11,,599194,47,,,1,15,,599222,47,,,1,70,,599236,47,,,1,30,,599209,47,,,1,70,,599190,47,,,1,30,,599218,47,,,1,68,,599225,47,,,1,30,,599192,47,,,1,70,,599211,47,,,1,30,,599203,47,,,1,70,,599232,47,,,1,16,,599193,27,,,1
6301,'3-1',752,,599239,42,,,1,100,,599244,42,,,1,100,,599260,42,,,1,103,,599261,42,,,1,70,,599251,42,,,1,30,,599245,42,,,1,70,,599254,42,,,1,100,,599257,42,,,1,30,,599238,42,,,1,70,,599262,42,,,1,30,,599258,42,,,1,70,,599253,42,,,1,30,,599256,42,,,1,70,,599247,42,,,1,30,,599243,42,,,1,70,,599246,42,,,1,30,,599250,42,,,1,70,,599259,42,,,1,30,,599252,42,,,1,198,,599255,42,,,1,70,,599240,42,,,1,30,,599241,42,,,1,70,,599248,42,,,1,30,,599242,42,,,1,100,,599249,42,,,1
6301,'4-1',752,,599273,42,,,1,100,,599291,42,,,1,100,,599271,42,,,1,103,,599281,42,,,1,70,,599284,42,,,1,30,,599264,42,,,1,70,,599267,42,,,1,30,,599272,42,,,1,70,,599266,42,,,1,30,,599275,42,,,1,70,,599276,42,,,1,30,,599294,42,,,1,70,,599289,42,,,1,30,,599279,42,,,1,70,,599277,42,,,1,30,,599286,42,,,1,70,,599282,42,,,1,30,,599263,42,,,1,68,,599268,42,,,1,32,,599280,42,,,1,70,,599274,42,,,1,29,,599265,42,,,1,70,,599290,42,,,1,29,,599293,42,,,1,70,,599288,42,,,1,30,,599278,42,,,1,70,,599270,42,,,1,30,,599287,42,,,0,70,,599283,42,,,1,30,,599269,42,,,1,70,,599285,42,,,1,30,,599292,42,,,1
6301,'5-1',753,,599295,42,,,1,77,,599296,42,,,1,70,,599313,42,,,1,30,,599302,42,,,1,70,,599304,42,,,1,30,,599297,42,,,1,72,,599305,42,,,1,31,,599311,42,,,1,70,,599320,42,,,1,30,,599325,42,,,1,70,,599301,42,,,1,30,,599317,42,,,1,100,,599310,42,,,1,70,,599300,42,,,1,30,,599299,42,,,1,70,,599306,42,,,1,30,,599322,42,,,1,70,,599308,42,,,1,30,,599319,42,,,1,70,,599321,42,,,1,30,,599324,42,,,1,70,,599316,42,,,1,30,,599315,42,,,1,69,,599309,42,,,1,30,,599326,42,,,1,69,,599318,42,,,1,30,,599323,42,,,1,70,,599298,42,,,1,30,,599312,42,,,1,100,,599314,42,,,1,70,,599307,42,,,1,30,,599303,42,,,1
6301,'6-1',558,,599344,42,,,1,70,,599327,42,,,1,15,,599365,42,,,1,57,,599360,42,,,1,19,,599376,42,,,1,10,,599341,42,,,1,14,,599338,42,,,1,14,,599351,42,,,1,59,,599347,42,,,1,13,,599369,42,,,1,17,,599370,42,,,1,58,,599340,42,,,1,15,,599358,42,,,1,25,,599335,42,,,1,70,,599366,42,,,1,30,,599334,42,,,1,70,,599374,42,,,1,25,,599354,42,,,1,71,,599339,42,,,1,30,,599367,42,,,1,69,,599368,42,,,1,30,,599353,42,,,1,70,,599346,42,,,1,30,,599372,42,,,1,75,,599352,42,,,1,33,,599330,47,,,1,69,,599373,47,,,1,29,,599356,47,,,1,57,,599349,47,,,1,13,,599345,47,,,1,18,,599337,47,,,1,17,,599355,47,,,1,52,,599362,47,,,1,14,,599359,47,,,1,15,,599328,47,,,1,15,,599343,47,,,1,69,,599336,47,,,1,15,,599363,47,,,1,11,,599333,47,,,1,15,,599361,47,,,1,70,,599375,47,,,1,30,,599348,47,,,1,70,,599329,47,,,1,30,,599357,47,,,1,68,,599364,47,,,1,30,,599331,47,,,1,70,,599350,47,,,1,30,,599342,47,,,1,70,,599371,47,,,1,16,,599332,27,,,1
6301,'7-1',752,,599378,42,,,1,100,,599383,42,,,1,100,,599399,42,,,1,103,,599400,42,,,1,70,,599390,42,,,1,30,,599384,42,,,1,70,,599393,42,,,1,100,,599396,42,,,1,30,,599377,42,,,1,70,,599401,42,,,1,30,,599397,42,,,1,70,,599392,42,,,1,30,,599395,42,,,1,70,,599386,42,,,1,30,,599382,42,,,1,70,,599385,42,,,1,30,,599389,42,,,1,70,,599398,42,,,1,30,,599391,42,,,1,198,,599394,42,,,1,70,,599379,42,,,1,30,,599380,42,,,1,70,,599387,42,,,1,30,,599381,42,,,1,100,,599388,42,,,1
6301,'8-1',558,,599419,42,,,1,70,,599402,42,,,1,15,,599440,42,,,1,57,,599435,42,,,1,19,,599451,42,,,1,10,,599416,42,,,1,14,,599413,42,,,1,14,,599426,42,,,1,59,,599422,42,,,1,13,,599444,42,,,1,17,,599445,42,,,1,58,,599415,42,,,1,15,,599433,42,,,1,25,,599410,42,,,1,70,,599441,42,,,1,30,,599409,42,,,1,70,,599449,42,,,1,25,,599429,42,,,1,71,,599414,42,,,1,30,,599442,42,,,1,69,,599443,42,,,1,30,,599428,42,,,1,70,,599421,42,,,1,30,,599447,42,,,1,75,,599427,42,,,1,33,,599405,47,,,1,69,,599448,47,,,1,29,,599431,47,,,1,57,,599424,47,,,1,13,,599420,47,,,1,18,,599412,47,,,1,17,,599430,47,,,1,52,,599437,47,,,1,14,,599434,47,,,1,15,,599403,47,,,1,15,,599418,47,,,1,69,,599411,47,,,1,15,,599438,47,,,1,11,,599408,47,,,1,15,,599436,47,,,1,70,,599450,47,,,1,30,,599423,47,,,1,70,,599404,47,,,1,30,,599432,47,,,1,68,,599439,47,,,1,30,,599406,47,,,1,70,,599425,47,,,1,30,,599417,47,,,1,70,,599446,47,,,1,16,,599407,27,,,1
6301,'9-1',553,,599473,42,,,1,70,,599464,42,,,1,30,,599466,42,,,1,70,,599476,42,,,1,30,,599461,42,,,1,77,,599467,42,,,1,70,,599485,42,,,1,30,,599479,42,,,1,70,,599465,42,,,1,30,,599459,42,,,1,72,,599456,42,,,1,31,,599460,42,,,1,70,,599488,42,,,1,30,,599486,42,,,1,70,,599468,42,,,1,30,,599469,42,,,1,70,,599454,42,,,1,30,,599480,42,,,1,70,,599475,42,,,1,30,,599484,42,,,1,70,,599487,42,,,1,30,,599453,42,,,1,70,,599471,42,,,1,30,,599482,42,,,1,70,,599457,42,,,1,30,,599452,42,,,1,70,,599474,42,,,1,30,,599481,42,,,1,69,,599489,42,,,1,30,,599470,42,,,1,69,,599463,42,,,1,30,,599483,42,,,1,70,,599455,42,,,1,30,,599478,42,,,1,70,,599477,42,,,1,30,,599472,42,,,1,70,,599458,42,,,1,30,,599462,42,,,1
6600,'1-1',1440,,599496,24,,,1,73,,599497,24,,,1,30,,599490,24,,,1,70,,599495,24,,,1,30,,599493,24,,,1,69,,599494,24,,,1,29,,599499,24,,,1,73,,599498,24,,,1,19,,599492,24,,,1,68,,599491,24,,,1
6600,'10-1',1440,,599506,24,,,1,73,,599500,24,,,1,30,,599507,24,,,1,70,,599505,24,,,1,30,,599504,24,,,1,69,,599503,24,,,1,29,,599509,24,,,1,73,,599501,24,,,1,19,,599502,24,,,1,68,,599508,24,,,1
6600,'11-1',1440,,599516,24,,,1,73,,599510,24,,,1,30,,599517,24,,,1,70,,599515,24,,,1,30,,599514,24,,,1,69,,599513,24,,,1,29,,599519,24,,,1,73,,599511,24,,,1,19,,599512,24,,,1,68,,599518,24,,,1
6600,'2-1',1440,,599526,24,,,1,73,,599520,24,,,1,30,,599527,24,,,1,70,,599525,24,,,1,30,,599524,24,,,1,69,,599523,24,,,1,29,,599529,24,,,1,73,,599521,24,,,1,19,,599522,24,,,1,68,,599528,24,,,1
6600,'6-1',1440,,599536,24,,,1,73,,599530,24,,,1,30,,599537,24,,,1,70,,599535,24,,,1,30,,599534,24,,,1,69,,599533,24,,,1,29,,599539,24,,,1,73,,599531,24,,,1,19,,599532,24,,,1,68,,599538,24,,,1
6600,'8-1',1440,,599546,24,,,1,73,,599540,24,,,1,30,,599547,24,,,1,70,,599545,24,,,1,30,,599544,24,,,1,69,,599543,24,,,1,29,,599549,24,,,1,73,,599541,24,,,1,19,,599542,24,,,1,68,,599548,24,,,1
6601,'1-1',548,,599556,4,,,1,65,,599551,4,,,1,30,,599554,4,,,1,68,,599557,4,,,1,32,,599550,4,,,1,13,,599555,4,,,1,74,,599552,4,,,1,28,,599558,4,,,1,61,,599553,4,,,1
6601,'10-1',548,,599559,4,,,1,65,,599562,4,,,1,30,,599564,4,,,1,68,,599560,4,,,1,32,,599566,4,,,1,13,,599561,4,,,1,74,,599567,4,,,1,28,,599563,4,,,1,61,,599565,4,,,1
6601,'11-1',548,,599568,4,,,1,65,,599571,4,,,1,30,,599573,4,,,1,68,,599569,4,,,1,32,,599575,4,,,1,13,,599570,4,,,1,74,,599576,4,,,1,28,,599572,4,,,1,61,,599574,4,,,1
6601,'2-1',548,,599577,4,,,1,65,,599580,4,,,1,30,,599582,4,,,1,68,,599578,4,,,1,32,,599584,4,,,1,13,,599579,4,,,1,74,,599585,4,,,1,28,,599581,4,,,1,61,,599583,4,,,1
6601,'6-1',548,,599586,4,,,1,65,,599589,4,,,1,30,,599591,4,,,1,68,,599587,4,,,1,32,,599593,4,,,1,13,,599588,4,,,1,74,,599594,4,,,1,28,,599590,4,,,1,61,,599592,4,,,1
6601,'8-1',548,,599595,4,,,1,65,,599598,4,,,1,30,,599600,4,,,1,68,,599596,4,,,1,32,,599602,4,,,1,13,,599597,4,,,1,74,,599603,4,,,1,28,,599599,4,,,1,61,,599601,4,,,1
6700,'1-1',630,,599618,29,,,1,81,,599612,29,,,1,32,,599615,29,,,1,68,,599625,29,,,1,30,,599609,29,,,1,70,,599631,29,,,1
6700,'10-1',630,,599657,29,,,1,81,,599637,29,,,1,32,,599640,29,,,1,68,,599661,29,,,1,30,,599662,29,,,1,70,,599638,29,,,1
6700,'11-1',630,,599688,29,,,1,81,,599668,29,,,1,32,,599671,29,,,1,68,,599692,29,,,1,30,,599693,29,,,1,70,,599669,29,,,1
6700,'2-1',630,,599719,29,,,1,81,,599699,29,,,1,32,,599702,29,,,1,68,,599723,29,,,1,30,,599724,29,,,1,70,,599700,29,,,1
6700,'6-1',630,,599811,29,,,1,81,,599791,29,,,1,32,,599794,29,,,1,68,,599815,29,,,1,30,,599816,29,,,1,70,,599792,29,,,1
6700,'8-1',630,,599859,29,,,1,81,,599839,29,,,1,32,,599842,29,,,1,68,,599863,29,,,1,30,,599864,29,,,1,70,,599840,29,,,1
6701,'1-1',1621,,599912,4,,,1,28,,599916,4,,,1,71,,599896,4,,,1,31,,599910,4,,,1,69,,599919,4,,,1,33,,599897,4,,,1
6701,'10-1',1621,,599937,4,,,1,28,,599934,4,,,1,71,,599945,4,,,1,31,,599939,4,,,1,69,,599947,4,,,1,33,,599936,4,,,1
6701,'11-1',1621,,599966,4,,,1,28,,599963,4,,,1,71,,599974,4,,,1,31,,599968,4,,,1,69,,599976,4,,,1,33,,599965,4,,,1
6701,'2-1',1621,,599995,4,,,1,28,,599992,4,,,1,71,,600003,4,,,1,31,,599997,4,,,1,69,,600005,4,,,1,33,,599994,4,,,1
6701,'6-1',1621,,600085,4,,,1,28,,600082,4,,,1,71,,600093,4,,,1,31,,600087,4,,,1,69,,600095,4,,,1,33,,600084,4,,,1
6701,'8-1',1621,,600131,4,,,1,28,,600128,4,,,1,71,,600139,4,,,1,31,,600133,4,,,1,69,,600141,4,,,1,33,,600130,4,,,1
7300,'1-1',550,,602386,4,,,1,67,,602367,4,,,1,31,,602368,4,,,1,70,,602382,4,,,1,29,,602371,4,,,1,70,,602380,4,,,1,32,,602389,4,,,1,70,,602373,4,,,1
7300,'10-1',550,,602409,4,,,1,67,,602420,4,,,1,31,,602429,4,,,1,70,,602423,4,,,1,29,,602407,4,,,1,70,,602419,4,,,1,32,,602425,4,,,1,70,,602410,4,,,1
7300,'11-1',550,,602441,4,,,1,67,,602452,4,,,1,31,,602461,4,,,1,70,,602455,4,,,1,29,,602439,4,,,1,70,,602451,4,,,1,32,,602457,4,,,1,70,,602442,4,,,1
7300,'2-1',550,,602473,4,,,1,67,,602484,4,,,1,31,,602493,4,,,1,70,,602487,4,,,1,29,,602471,4,,,1,70,,602483,4,,,1,32,,602489,4,,,1,70,,602474,4,,,1
7300,'6-1',550,,602505,4,,,1,67,,602516,4,,,1,31,,602525,4,,,1,70,,602519,4,,,1,29,,602503,4,,,1,70,,602515,4,,,1,32,,602521,4,,,1,70,,602506,4,,,1
7300,'8-1',550,,602537,4,,,1,67,,602548,4,,,1,31,,602557,4,,,1,70,,602551,4,,,1,29,,602535,4,,,1,70,,602547,4,,,1,32,,602553,4,,,1,70,,602538,4,,,1
7301,'1-1',1513,,602589,44,,,1,38,,602586,44,,,1,71,,602590,44,,,1,31,,602577,44,,,1,69,,602568,44,,,1,30,,602569,44,,,1,68,,602572,44,,,1,28,,602561,44,,,1,62,,602584,39,,,1
7301,'10-1',1513,,602617,44,,,1,38,,602595,44,,,1,71,,602601,44,,,1,31,,602607,44,,,1,69,,602603,44,,,1,30,,602606,44,,,1,68,,602605,44,,,1,28,,602600,44,,,1,62,,602604,39,,,1
7301,'11-1',1513,,602650,44,,,1,38,,602628,44,,,1,71,,602634,44,,,1,31,,602640,44,,,1,69,,602636,44,,,1,30,,602639,44,,,1,68,,602638,44,,,1,28,,602633,44,,,1,62,,602637,39,,,1
7301,'2-1',1513,,602683,44,,,1,38,,602661,44,,,1,71,,602667,44,,,1,31,,602673,44,,,1,69,,602669,44,,,1,30,,602672,44,,,1,68,,602671,44,,,1,28,,602666,44,,,1,62,,602670,39,,,1
7301,'6-1',1513,,602716,44,,,1,38,,602694,44,,,1,71,,602700,44,,,1,31,,602706,44,,,1,69,,602702,44,,,1,30,,602705,44,,,1,68,,602704,44,,,1,28,,602699,44,,,1,62,,602703,39,,,1
7301,'8-1',1513,,602749,44,,,1,38,,602727,44,,,1,71,,602733,44,,,1,31,,602739,44,,,1,69,,602735,44,,,1,30,,602738,44,,,1,68,,602737,44,,,1,28,,602732,44,,,1,62,,602736,39,,,1
7400,'1-1',617,,602762,4,,,1,36,,602784,4,,,1,73,,602769,4,,,1,29,,602791,4,,,1,57,,602767,4,,,1,14,,602775,4,,,1,15,,602801,4,,,1,14,,602764,4,,,1,55,,602803,4,,,1,15,,602770,4,,,1,15,,602781,4,,,1,15,,602768,4,,,1,55,,602799,4,,,1,15,,602783,4,,,1,15,,602773,4,,,1,14,,602785,4,,,1,55,,602800,4,,,1,15,,602766,4,,,1,15,,602757,4,,,1,15,,602806,4,,,1,55,,602756,4,,,1,15,,602811,4,,,1,15,,602758,4,,,1,15,,602802,4,,,1,55,,602771,4,,,1,15,,602774,4,,,1,15,,602779,4,,,1,15,,602795,4,,,1,55,,602793,4,,,1,15,,602782,4,,,1,15,,602760,4,,,1,15,,602788,4,,,1,55,,602787,4,,,1,15,,602763,4,,,1,15,,602797,4,,,1,17,,602790,4,,,1,53,,602765,4,,,1,15,,602812,4,,,1,15,,602813,4,,,1,15,,602777,4,,,1,57,,602796,4,,,1,15,,602759,4,,,1,16,,602789,4,,,1,13,,602805,4,,,1,55,,602807,4,0,43,1,15,,602798,4,,,1,15,,602810,4,0,43,1,15,,602792,4,,,1,55,,602780,4,0,43,1,30,,602772,4,,,1,68,,602809,4,0,43,1,30,,602808,4,,,1,70,,602786,4,0,43,1,30,,602794,4,,,1,70,,602778,4,0,43,1,31,,602804,4,,,1,3,,602804,5,,,1
7400,'10-1',617,,602863,4,,,1,36,,602857,4,,,1,73,,602864,4,,,1,29,,602865,4,,,1,57,,602835,4,,,1,14,,602868,4,,,1,15,,602859,4,,,1,14,,602833,4,,,1,55,,602844,4,,,1,15,,602819,4,,,1,15,,602816,4,,,1,15,,602849,4,,,1,55,,602853,4,,,1,15,,602829,4,,,1,15,,602846,4,,,1,14,,602845,4,,,1,55,,602830,4,,,1,15,,602848,4,,,1,15,,602860,4,,,1,15,,602821,4,,,1,55,,602854,4,,,1,15,,602842,4,,,1,15,,602815,4,,,1,15,,602826,4,,,1,55,,602834,4,,,1,15,,602818,4,,,1,15,,602822,4,,,1,15,,602841,4,,,1,55,,602823,4,,,1,15,,602827,4,,,1,15,,602825,4,,,1,15,,602858,4,,,1,55,,602869,4,,,1,15,,602817,4,,,1,15,,602862,4,,,1,17,,602847,4,,,1,53,,602851,4,,,1,15,,602871,4,,,1,15,,602870,4,,,1,15,,602855,4,,,1,57,,602828,4,,,1,15,,602850,4,,,1,16,,602831,4,,,1,13,,602840,4,,,1,55,,602866,4,0,43,1,15,,602843,4,,,1,15,,602839,4,0,43,1,15,,602820,4,,,1,55,,602856,4,0,43,1,30,,602824,4,,,1,68,,602838,4,0,43,1,30,,602814,4,,,1,70,,602852,4,0,43,1,30,,602867,4,,,1,70,,602836,4,0,43,1,31,,602837,4,,,1,3,,602837,5,,,1
7400,'11-1',617,,602921,4,,,1,36,,602915,4,,,1,73,,602922,4,,,1,29,,602923,4,,,1,57,,602893,4,,,1,14,,602926,4,,,1,15,,602917,4,,,1,14,,602891,4,,,1,55,,602902,4,,,1,15,,602877,4,,,1,15,,602874,4,,,1,15,,602907,4,,,1,55,,602911,4,,,1,15,,602887,4,,,1,15,,602904,4,,,1,14,,602903,4,,,1,55,,602888,4,,,1,15,,602906,4,,,1,15,,602918,4,,,1,15,,602879,4,,,1,55,,602912,4,,,1,15,,602900,4,,,1,15,,602873,4,,,1,15,,602884,4,,,1,55,,602892,4,,,1,15,,602876,4,,,1,15,,602880,4,,,1,15,,602899,4,,,1,55,,602881,4,,,1,15,,602885,4,,,1,15,,602883,4,,,1,15,,602916,4,,,1,55,,602927,4,,,1,15,,602875,4,,,1,15,,602920,4,,,1,17,,602905,4,,,1,53,,602909,4,,,1,15,,602929,4,,,1,15,,602928,4,,,1,15,,602913,4,,,1,57,,602886,4,,,1,15,,602908,4,,,1,16,,602889,4,,,1,13,,602898,4,,,1,55,,602924,4,0,43,1,15,,602901,4,,,1,15,,602897,4,0,43,1,15,,602878,4,,,1,55,,602914,4,0,43,1,30,,602882,4,,,1,68,,602896,4,0,43,1,30,,602872,4,,,1,70,,602910,4,0,43,1,30,,602925,4,,,1,70,,602894,4,0,43,1,31,,602895,4,,,1,3,,602895,5,,,1
7400,'2-1',617,,602979,4,,,1,36,,602973,4,,,1,73,,602980,4,,,1,29,,602981,4,,,1,57,,602951,4,,,1,14,,602984,4,,,1,15,,602975,4,,,1,14,,602949,4,,,1,55,,602960,4,,,1,15,,602935,4,,,1,15,,602932,4,,,1,15,,602965,4,,,1,55,,602969,4,,,1,15,,602945,4,,,1,15,,602962,4,,,1,14,,602961,4,,,1,55,,602946,4,,,1,15,,602964,4,,,1,15,,602976,4,,,1,15,,602937,4,,,1,55,,602970,4,,,1,15,,602958,4,,,1,15,,602931,4,,,1,15,,602942,4,,,1,55,,602950,4,,,1,15,,602934,4,,,1,15,,602938,4,,,1,15,,602957,4,,,1,55,,602939,4,,,1,15,,602943,4,,,1,15,,602941,4,,,1,15,,602974,4,,,1,55,,602985,4,,,1,15,,602933,4,,,1,15,,602978,4,,,1,17,,602963,4,,,1,53,,602967,4,,,1,15,,602987,4,,,1,15,,602986,4,,,1,15,,602971,4,,,1,57,,602944,4,,,1,15,,602966,4,,,1,16,,602947,4,,,1,13,,602956,4,,,1,55,,602982,4,0,43,1,15,,602959,4,,,1,15,,602955,4,0,43,1,15,,602936,4,,,1,55,,602972,4,0,43,1,30,,602940,4,,,1,68,,602954,4,0,43,1,30,,602930,4,,,1,70,,602968,4,0,43,1,30,,602983,4,,,1,70,,602952,4,0,43,1,31,,602953,4,,,1,3,,602953,5,,,1
7400,'3-1',1017,,603005,4,,,1,3,,603005,5,,,1,27,,602990,4,,,1,3,,602990,5,,,1,67,,603000,4,,,1,3,,603000,5,,,1,27,,602996,4,,,1,3,,602996,5,,,1,67,,602988,4,,,1,3,,602988,5,,,1,27,,603003,4,,,1,3,,603003,5,,,1,67,,602989,4,,,1,3,,602989,5,,,1,27,,603007,4,,,1,3,,603007,5,,,1,67,,603010,4,,,1,3,,603010,5,,,1,27,,603001,4,,,1,3,,603001,5,,,1,67,,603004,4,,,1,3,,603004,5,,,1,27,,603002,4,,,1,3,,603002,5,,,1,67,,603009,4,,,1,3,,603009,5,,,1,27,,602991,4,,,1,3,,602991,5,,,1,67,,603011,4,,,1,3,,603011,5,,,1,27,,602998,4,,,1,3,,602998,5,,,1,67,,603006,4,,,1,3,,603006,5,,,1
7400,'4-1',917,,603028,4,,,1,3,,603028,5,,,1,97,,603030,4,,,1,3,,603030,5,,,1,12,,603051,4,0,43,1,3,,603051,5,0,43,1,12,,603074,4,,,1,3,,603074,5,,,1,52,,603057,4,0,43,1,3,,603057,5,0,43,1,12,,603059,4,,,1,3,,603059,5,,,1,12,,603058,4,0,43,1,3,,603058,5,0,43,1,12,,603072,4,,,1,3,,603072,5,,,1,7,,603040,4,0,43,1,43,,603040,5,0,43,1,7,,603032,4,0,43,1,3,,603032,5,0,43,1,7,,603069,4,,,1,3,,603069,5,,,1,7,,603065,4,0,43,1,3,,603065,5,0,43,1,7,,603052,4,0,43,1,3,,603052,5,0,43,1,7,,603018,4,,,1,3,,603018,5,,,1,7,,603060,4,0,43,1,43,,603060,5,0,43,1,7,,603053,4,0,43,1,3,,603053,5,0,43,1,7,,603066,4,,,1,3,,603066,5,,,1,7,,603034,4,0,43,1,3,,603034,5,0,43,1,7,,603068,4,,,1,3,,603068,5,,,1,7,,603025,4,0,43,1,3,,603025,5,0,43,1,7,,603046,4,,,1,43,,603046,5,,,1,7,,603026,4,0,43,1,3,,603026,5,0,43,1,7,,603076,4,,,1,3,,603076,5,,,1,7,,603064,4,0,43,1,3,,603064,5,0,43,1,7,,603055,4,,,1,3,,603055,5,,,1,7,,603013,4,0,43,1,3,,603013,5,0,43,1,7,,603045,4,,,1,43,,603045,5,,,1,7,,603014,4,0,43,1,3,,603014,5,0,43,1,7,,603021,4,,,1,3,,603021,5,,,1,7,,603020,4,0,43,1,3,,603020,5,0,43,1,7,,603048,4,,,1,3,,603048,5,,,1,7,,603073,4,0,43,1,3,,603073,5,0,43,1,7,,603036,4,,,1,43,,603036,5,,,1,7,,603015,4,0,43,1,3,,603015,5,0,43,1,7,,603047,4,,,1,3,,603047,5,,,1,7,,603041,4,0,43,1,3,,603041,5,0,43,1,7,,603054,4,,,1,3,,603054,5,,,1,7,,603061,4,0,43,1,3,,603061,5,0,43,1,7,,603022,4,,,1,43,,603022,5,,,1,7,,603049,4,0,43,1,3,,603049,5,0,43,1,7,,603070,4,,,1,3,,603070,5,,,1,7,,603023,4,0,43,1,3,,603023,5,0,43,1,7,,603024,4,,,1,3,,603024,5,,,1,7,,603062,4,0,43,1,3,,603062,5,0,43,1,7,,603017,4,,,1,43,,603017,5,,,1,7,,603027,4,0,43,1,3,,603027,5,0,43,1,7,,603029,4,,,1,3,,603029,5,,,1,17,,603075,4,,,1,3,,603075,5,,,1,17,,603019,4,,,1,43,,603019,5,,,1,17,,603044,4,,,1,3,,603044,5,,,1,17,,603077,4,,,1,3,,603077,5,,,1,17,,603035,4,,,1,43,,603035,5,,,1,17,,603016,4,,,1,3,,603016,5,,,1,17,,603012,4,,,1,3,,603012,5,,,1,17,,603039,4,,,1,43,,603039,5,,,1,17,,603031,4,,,1,3,,603031,5,,,1,17,,603056,4,,,1,3,,603056,5,,,1,17,,603050,5,,,1,43,,603050,6,,,1,17,,603033,5,,,1,3,,603033,6,,,1,17,,603071,5,,,1,3,,603071,6,,,1,17,,603037,5,,,1,43,,603037,6,,,1,17,,603067,5,,,1,3,,603067,6,,,1,17,,603042,5,,,1,3,,603042,6,,,1,17,,603043,5,,,1,43,,603043,6,,,1
7400,'5-1',910,,603095,4,,,1,3,,603095,5,,,1,27,,603082,4,,,1,3,,603082,5,,,1,67,,603087,4,,,1,3,,603087,5,,,1,97,,603079,4,,,1,3,,603079,5,,,1,27,,603096,4,,,1,3,,603096,5,,,1,67,,603098,4,,,1,3,,603098,5,,,1,27,,603097,4,,,1,3,,603097,5,,,1,97,,603104,4,,,1,3,,603104,5,,,1,67,,603105,4,,,1,3,,603105,5,,,1,27,,603102,4,,,1,3,,603102,5,,,1,67,,603083,4,,,1,3,,603083,5,,,1,27,,603081,4,,,1,3,,603081,5,,,1,67,,603099,4,,,1,3,,603099,5,,,1,27,,603089,4,,,1,3,,603089,5,,,1,97,,603093,4,,,1,3,,603093,5,,,1,67,,603086,4,,,1,3,,603086,5,,,1,27,,603078,4,,,1,3,,603078,5,,,1,67,,603101,4,,,1,3,,603101,5,,,1,27,,603084,4,,,1,3,,603084,5,,,1,67,,603094,4,,,1,3,,603094,5,,,1,27,,603091,4,,,1,3,,603091,5,,,1,97,,603100,4,,,1,3,,603100,5,,,1
7400,'6-1',617,,603155,4,,,1,36,,603149,4,,,1,73,,603156,4,,,1,29,,603157,4,,,1,57,,603127,4,,,1,14,,603160,4,,,1,15,,603151,4,,,1,14,,603125,4,,,1,55,,603136,4,,,1,15,,603111,4,,,1,15,,603108,4,,,1,15,,603141,4,,,1,55,,603145,4,,,1,15,,603121,4,,,1,15,,603138,4,,,1,14,,603137,4,,,1,55,,603122,4,,,1,15,,603140,4,,,1,15,,603152,4,,,1,15,,603113,4,,,1,55,,603146,4,,,1,15,,603134,4,,,1,15,,603107,4,,,1,15,,603118,4,,,1,55,,603126,4,,,1,15,,603110,4,,,1,15,,603114,4,,,1,15,,603133,4,,,1,55,,603115,4,,,1,15,,603119,4,,,1,15,,603117,4,,,1,15,,603150,4,,,1,55,,603161,4,,,1,15,,603109,4,,,1,15,,603154,4,,,1,17,,603139,4,,,1,53,,603143,4,,,1,15,,603163,4,,,1,15,,603162,4,,,1,15,,603147,4,,,1,57,,603120,4,,,1,15,,603142,4,,,1,16,,603123,4,,,1,13,,603132,4,,,1,55,,603158,4,0,43,1,15,,603135,4,,,1,15,,603131,4,0,43,1,15,,603112,4,,,1,55,,603148,4,0,43,1,30,,603116,4,,,1,68,,603130,4,0,43,1,30,,603106,4,,,1,70,,603144,4,0,43,1,30,,603159,4,,,1,70,,603128,4,0,43,1,31,,603129,4,,,1,3,,603129,5,,,1
7400,'7-1',1017,,603181,4,,,1,3,,603181,5,,,1,27,,603166,4,,,1,3,,603166,5,,,1,67,,603176,4,,,1,3,,603176,5,,,1,27,,603172,4,,,1,3,,603172,5,,,1,67,,603164,4,,,1,3,,603164,5,,,1,27,,603179,4,,,1,3,,603179,5,,,1,67,,603165,4,,,1,3,,603165,5,,,1,27,,603183,4,,,1,3,,603183,5,,,1,67,,603186,4,,,1,3,,603186,5,,,1,27,,603177,4,,,1,3,,603177,5,,,1,67,,603180,4,,,1,3,,603180,5,,,1,27,,603178,4,,,1,3,,603178,5,,,1,67,,603185,4,,,1,3,,603185,5,,,1,27,,603167,4,,,1,3,,603167,5,,,1,67,,603187,4,,,1,3,,603187,5,,,1,27,,603174,4,,,1,3,,603174,5,,,1,67,,603182,4,,,1,3,,603182,5,,,1
7400,'8-1',617,,603237,4,,,1,36,,603231,4,,,1,73,,603238,4,,,1,29,,603239,4,,,1,57,,603209,4,,,1,14,,603242,4,,,1,15,,603233,4,,,1,14,,603207,4,,,1,55,,603218,4,,,1,15,,603193,4,,,1,15,,603190,4,,,1,15,,603223,4,,,1,55,,603227,4,,,1,15,,603203,4,,,1,15,,603220,4,,,1,14,,603219,4,,,1,55,,603204,4,,,1,15,,603222,4,,,1,15,,603234,4,,,1,15,,603195,4,,,1,55,,603228,4,,,1,15,,603216,4,,,1,15,,603189,4,,,1,15,,603200,4,,,1,55,,603208,4,,,1,15,,603192,4,,,1,15,,603196,4,,,1,15,,603215,4,,,1,55,,603197,4,,,1,15,,603201,4,,,1,15,,603199,4,,,1,15,,603232,4,,,1,55,,603243,4,,,1,15,,603191,4,,,1,15,,603236,4,,,1,17,,603221,4,,,1,53,,603225,4,,,1,15,,603245,4,,,1,15,,603244,4,,,1,15,,603229,4,,,1,57,,603202,4,,,1,15,,603224,4,,,1,16,,603205,4,,,1,13,,603214,4,,,1,55,,603240,4,0,43,1,15,,603217,4,,,1,15,,603213,4,0,43,1,15,,603194,4,,,1,55,,603230,4,0,43,1,30,,603198,4,,,1,68,,603212,4,0,43,1,30,,603188,4,,,1,70,,603226,4,0,43,1,30,,603241,4,,,1,70,,603210,4,0,43,1,31,,603211,4,,,1,3,,603211,5,,,1
7400,'9-1',910,,603247,4,,,1,3,,603247,5,,,1,27,,603272,4,,,1,3,,603272,5,,,1,67,,603283,4,,,1,3,,603283,5,,,1,27,,603252,4,,,1,3,,603252,5,,,1,67,,603257,4,,,1,3,,603257,5,,,1,27,,603253,4,,,1,3,,603253,5,,,1,67,,603251,4,,,1,3,,603251,5,,,1,27,,603258,4,,,1,3,,603258,5,,,1,67,,603249,4,,,1,3,,603249,5,,,1,27,,603284,4,,,1,3,,603284,5,,,1,67,,603276,4,,,1,3,,603276,5,,,1,27,,603278,4,,,1,3,,603278,5,,,1,67,,603254,4,,,1,3,,603254,5,,,1,12,,603259,4,,,1,3,,603259,5,,,1,12,,603273,4,,,1,3,,603273,5,,,1,12,,603250,4,,,1,3,,603250,5,,,1,52,,603268,4,,,1,3,,603268,5,,,1,12,,603271,4,,,1,3,,603271,5,,,1,12,,603264,4,,,1,3,,603264,5,,,1,12,,603255,4,,,1,3,,603255,5,,,1,52,,603269,4,,,1,3,,603269,5,,,1,12,,603262,4,,,1,3,,603262,5,,,1,12,,603270,4,,,1,3,,603270,5,,,1,12,,603280,4,,,1,3,,603280,5,,,1,52,,603263,4,,,1,3,,603263,5,,,1,27,,603279,4,,,1,3,,603279,5,,,1,67,,603274,4,,,1,3,,603274,5,,,1,27,,603281,4,,,1,3,,603281,5,,,1,67,,603275,4,,,1,3,,603275,5,,,1,27,,603267,4,,,1,3,,603267,5,,,1,67,,603256,4,,,1,3,,603256,5,,,1,27,,603266,4,,,1,3,,603266,5,,,1
7401,'1-1',625,,603328,31,,,1,24,,603315,31,,,1,59,,603324,31,,,1,18,,603301,31,,,1,15,,603341,31,,,1,13,,603314,31,,,1,53,,603306,31,,,1,16,,603322,31,,,1,16,,603290,31,,,1,14,,603285,31,,,1,55,,603331,31,,,1,17,,603304,31,,,1,15,,603316,31,,,1,13,,603313,31,,,1,55,,603293,31,,,1,16,,603299,31,,,1,15,,603325,31,,,1,15,,603340,31,,,1,55,,603335,31,,,1,15,,603320,31,,,1,15,,603287,31,,,1,15,,603300,31,,,1,55,,603337,31,,,1,15,,603286,31,,,1,15,,603334,31,,,1,15,,603310,31,,,1,55,,603321,31,,,1,15,,603336,31,,,1,15,,603327,31,,,1,15,,603318,31,,,1,55,,603317,31,,,1,15,,603294,31,,,1,15,,603288,31,,,1,15,,603330,31,,,1,55,,603292,31,,,1,30,,603333,31,,,1,18,,603295,31,,,1,55,,603332,31,,,1,15,,603342,31,,,1,17,,603319,31,,,1,56,,603339,31,,,1,15,,603309,31,,,1,17,,603296,31,,,1,13,,603312,31,,,1,55,,603305,31,,,1,13,,603311,31,,,1,15,,603323,31,,,1,17,,603329,31,,,1,66,,603308,31,,,1,24,,603326,31,,,1,70,,603302,31,,,1,30,,603291,31,,,1,70,,603303,31,,,1,30,,603289,31,,,1,70,,603298,31,,,1
7401,'10-1',625,,603392,31,,,1,24,,603353,31,,,1,59,,603344,31,,,1,18,,603343,31,,,1,15,,603347,31,,,1,13,,603351,31,,,1,53,,603398,31,,,1,16,,603378,31,,,1,16,,603389,31,,,1,14,,603354,31,,,1,55,,603384,31,,,1,17,,603400,31,,,1,15,,603352,31,,,1,13,,603349,31,,,1,55,,603367,31,,,1,16,,603364,31,,,1,15,,603388,31,,,1,15,,603394,31,,,1,55,,603360,31,,,1,15,,603391,31,,,1,15,,603376,31,,,1,15,,603371,31,,,1,55,,603350,31,,,1,15,,603348,31,,,1,15,,603387,31,,,1,15,,603373,31,,,1,55,,603379,31,,,1,15,,603399,31,,,1,15,,603370,31,,,1,15,,603363,31,,,1,55,,603358,31,,,1,15,,603355,31,,,1,15,,603377,31,,,1,15,,603397,31,,,1,55,,603381,31,,,1,30,,603357,31,,,1,18,,603382,31,,,1,55,,603374,31,,,1,15,,603386,31,,,1,17,,603365,31,,,1,56,,603372,31,,,1,15,,603393,31,,,1,17,,603383,31,,,1,13,,603366,31,,,1,55,,603346,31,,,1,13,,603369,31,,,1,15,,603396,31,,,1,17,,603375,31,,,1,66,,603380,31,,,1,24,,603362,31,,,1,70,,603345,31,,,1,30,,603361,31,,,1,70,,603390,31,,,1,30,,603395,31,,,1,70,,603359,31,,,1
7401,'11-1',625,,603450,31,,,1,24,,603411,31,,,1,59,,603402,31,,,1,18,,603401,31,,,1,15,,603405,31,,,1,13,,603409,31,,,1,53,,603456,31,,,1,16,,603436,31,,,1,16,,603447,31,,,1,14,,603412,31,,,1,55,,603442,31,,,1,17,,603458,31,,,1,15,,603410,31,,,1,13,,603407,31,,,1,55,,603425,31,,,1,16,,603422,31,,,1,15,,603446,31,,,1,15,,603452,31,,,1,55,,603418,31,,,1,15,,603449,31,,,1,15,,603434,31,,,1,15,,603429,31,,,1,55,,603408,31,,,1,15,,603406,31,,,1,15,,603445,31,,,1,15,,603431,31,,,1,55,,603437,31,,,1,15,,603457,31,,,1,15,,603428,31,,,1,15,,603421,31,,,1,55,,603416,31,,,1,15,,603413,31,,,1,15,,603435,31,,,1,15,,603455,31,,,1,55,,603439,31,,,1,30,,603415,31,,,1,18,,603440,31,,,1,55,,603432,31,,,1,15,,603444,31,,,1,17,,603423,31,,,1,56,,603430,31,,,1,15,,603451,31,,,1,17,,603441,31,,,1,13,,603424,31,,,1,55,,603404,31,,,1,13,,603427,31,,,1,15,,603454,31,,,1,17,,603433,31,,,1,66,,603438,31,,,1,24,,603420,31,,,1,70,,603403,31,,,1,30,,603419,31,,,1,70,,603448,31,,,1,30,,603453,31,,,1,70,,603417,31,,,1
7401,'2-1',625,,603508,31,,,1,24,,603469,31,,,1,59,,603460,31,,,1,18,,603459,31,,,1,15,,603463,31,,,1,13,,603467,31,,,1,53,,603514,31,,,1,16,,603494,31,,,1,16,,603505,31,,,1,14,,603470,31,,,1,55,,603500,31,,,1,17,,603516,31,,,1,15,,603468,31,,,1,13,,603465,31,,,1,55,,603483,31,,,1,16,,603480,31,,,1,15,,603504,31,,,1,15,,603510,31,,,1,55,,603476,31,,,1,15,,603507,31,,,1,15,,603492,31,,,1,15,,603487,31,,,1,55,,603466,31,,,1,15,,603464,31,,,1,15,,603503,31,,,1,15,,603489,31,,,1,55,,603495,31,,,1,15,,603515,31,,,1,15,,603486,31,,,1,15,,603479,31,,,1,55,,603474,31,,,1,15,,603471,31,,,1,15,,603493,31,,,1,15,,603513,31,,,1,55,,603497,31,,,1,30,,603473,31,,,1,18,,603498,31,,,1,55,,603490,31,,,1,15,,603502,31,,,1,17,,603481,31,,,1,56,,603488,31,,,1,15,,603509,31,,,1,17,,603499,31,,,1,13,,603482,31,,,1,55,,603462,31,,,1,13,,603485,31,,,1,15,,603512,31,,,1,17,,603491,31,,,1,66,,603496,31,,,1,24,,603478,31,,,1,70,,603461,31,,,1,30,,603477,31,,,1,70,,603506,31,,,1,30,,603511,31,,,1,70,,603475,31,,,1
7401,'3-1',1049,,603540,31,,,1,70,,603530,31,,,1,30,,603533,31,,,1,70,,603534,31,,,1,30,,603536,31,,,1,70,,603525,31,,,1,30,,603524,31,,,1,70,,603518,31,,,1,30,,603538,31,,,1,70,,603520,31,,,1,30,,603535,31,,,1,70,,603519,31,,,1,29,,603537,31,,,1,70,,603527,31,,,1
7401,'4-1',845,,603586,31,,,1,100,,603581,31,,,1,70,,603549,31,,,1,15,,603591,12,,,1,16,,603612,31,,,1,55,,603582,12,,,1,15,,603580,31,,,1,10,,603561,12,,,1,10,,603574,12,,,1,10,,603583,31,,,1,10,,603606,12,,,1,50,,603554,12,,,1,10,,603579,31,,,1,10,,603610,12,,,1,10,,603559,12,,,1,10,,603563,31,,,1,10,,603599,12,,,1,50,,603544,12,,,1,10,,603566,31,,,1,10,,603594,12,,,1,10,,603595,12,,,1,10,,603562,31,,,1,10,,603589,12,,,1,50,,603588,12,,,1,10,,603570,31,,,1,10,,603555,12,,,1,10,,603548,31,,,1,10,,603596,12,,,1,10,,603564,31,,,1,50,,603598,12,,,1,10,,603593,31,,,1,10,,603545,12,,,1,10,,603556,31,,,1,10,,603546,12,,,1,10,,603602,31,,,1,50,,603569,12,,,1,10,,603578,31,,,1,10,,603587,12,,,1,10,,603547,31,,,1,10,,603565,12,,,1,9,,603567,31,,,1,50,,603553,12,,,1,10,,603542,31,,,1,10,,603604,12,,,1,10,,603603,31,,,1,10,,603592,12,,,1,10,,603590,31,,,1,50,,603600,12,,,1,10,,603601,31,,,1,10,,603568,12,,,1,10,,603552,31,,,1,10,,603585,12,,,1,10,,603575,31,,,1,60,,603558,31,,,1,20,,603543,31,,,1,20,,603571,31,,,1,60,,603611,31,,,1,20,,603608,31,,,1,20,,603576,31,,,1,60,,603607,31,,,1,20,,603550,31,,,1,20,,603577,31,,,1,60,,603560,31,,,1,20,,603609,31,,,1,20,,603597,31,,,1,60,,603605,31,,,1,20,,603557,31,,,1,20,,603551,31,,,1,60,,603573,31,,,1,100,,603572,31,,,1,115,,603584,31,,,1
7401,'5-1',839,,603621,31,,,1,71,,603616,31,,,1,30,,603629,31,,,1,102,,603614,31,,,1,70,,603613,31,,,1,30,,603638,31,,,1,100,,603641,31,,,1,70,,603635,31,,,1,30,,603615,31,,,1,70,,603633,31,,,1,100,,603642,31,,,1,30,,603620,31,,,1,70,,603631,31,,,1,29,,603632,31,,,1,70,,603618,31,,,1,28,,603627,31,,,1,70,,603626,31,,,1,100,,603617,31,,,1,30,,603623,31,,,1,70,,603636,31,,,1,30,,603622,31,,,1,70,,603625,31,,,1
7401,'6-1',625,,603692,31,,,1,24,,603653,31,,,1,59,,603644,31,,,1,18,,603643,31,,,1,15,,603647,31,,,1,13,,603651,31,,,1,53,,603698,31,,,1,16,,603678,31,,,1,16,,603689,31,,,1,14,,603654,31,,,1,55,,603684,31,,,1,17,,603700,31,,,1,15,,603652,31,,,1,13,,603649,31,,,1,55,,603667,31,,,1,16,,603664,31,,,1,15,,603688,31,,,1,15,,603694,31,,,1,55,,603660,31,,,1,15,,603691,31,,,1,15,,603676,31,,,1,15,,603671,31,,,1,55,,603650,31,,,1,15,,603648,31,,,1,15,,603687,31,,,1,15,,603673,31,,,1,55,,603679,31,,,1,15,,603699,31,,,1,15,,603670,31,,,1,15,,603663,31,,,1,55,,603658,31,,,1,15,,603655,31,,,1,15,,603677,31,,,1,15,,603697,31,,,1,55,,603681,31,,,1,30,,603657,31,,,1,18,,603682,31,,,1,55,,603674,31,,,1,15,,603686,31,,,1,17,,603665,31,,,1,56,,603672,31,,,1,15,,603693,31,,,1,17,,603683,31,,,1,13,,603666,31,,,1,55,,603646,31,,,1,13,,603669,31,,,1,15,,603696,31,,,1,17,,603675,31,,,1,66,,603680,31,,,1,24,,603662,31,,,1,70,,603645,31,,,1,30,,603661,31,,,1,70,,603690,31,,,1,30,,603695,31,,,1,70,,603659,31,,,1
7401,'7-1',1049,,603724,31,,,1,70,,603714,31,,,1,30,,603717,31,,,1,70,,603718,31,,,1,30,,603720,31,,,1,70,,603709,31,,,1,30,,603708,31,,,1,70,,603702,31,,,1,30,,603722,31,,,1,70,,603704,31,,,1,30,,603719,31,,,1,70,,603703,31,,,1,29,,603721,31,,,1,70,,603711,31,,,1
7401,'8-1',625,,603775,31,,,1,24,,603736,31,,,1,59,,603727,31,,,1,18,,603726,31,,,1,15,,603730,31,,,1,13,,603734,31,,,1,53,,603781,31,,,1,16,,603761,31,,,1,16,,603772,31,,,1,14,,603737,31,,,1,55,,603767,31,,,1,17,,603783,31,,,1,15,,603735,31,,,1,13,,603732,31,,,1,55,,603750,31,,,1,16,,603747,31,,,1,15,,603771,31,,,1,15,,603777,31,,,1,55,,603743,31,,,1,15,,603774,31,,,1,15,,603759,31,,,1,15,,603754,31,,,1,55,,603733,31,,,1,15,,603731,31,,,1,15,,603770,31,,,1,15,,603756,31,,,1,55,,603762,31,,,1,15,,603782,31,,,1,15,,603753,31,,,1,15,,603746,31,,,1,55,,603741,31,,,1,15,,603738,31,,,1,15,,603760,31,,,1,15,,603780,31,,,1,55,,603764,31,,,1,30,,603740,31,,,1,18,,603765,31,,,1,55,,603757,31,,,1,15,,603769,31,,,1,17,,603748,31,,,1,56,,603755,31,,,1,15,,603776,31,,,1,17,,603766,31,,,1,13,,603749,31,,,1,55,,603729,31,,,1,13,,603752,31,,,1,15,,603779,31,,,1,17,,603758,31,,,1,66,,603763,31,,,1,24,,603745,31,,,1,70,,603728,31,,,1,30,,603744,31,,,1,70,,603773,31,,,1,30,,603778,31,,,1,70,,603742,31,,,1
7401,'9-1',639,,603805,31,,,1,15,,603815,31,,,1,55,,603799,31,,,1,15,,603820,31,,,1,15,,603793,31,,,1,15,,603816,31,,,1,55,,603813,31,,,1,15,,603802,31,,,1,15,,603789,31,,,1,15,,603808,31,,,1,55,,603786,31,,,1,15,,603812,31,,,1,16,,603792,31,,,1,71,,603810,31,,,1,31,,603803,31,,,1,70,,603787,31,,,1,30,,603800,31,,,1,70,,603796,31,,,1,30,,603806,31,,,1,70,,603797,31,,,1,30,,603819,31,,,1,70,,603817,31,,,1,30,,603814,31,,,1,70,,603795,31,,,1,30,,603785,31,,,1,70,,603791,31,,,1,29,,603801,31,,,1,70,,603804,31,,,1,28,,603821,31,,,1,70,,603822,31,,,1,30,,603790,31,,,1,70,,603798,31,,,1,30,,603824,31,,,1,70,,603823,31,,,1,30,,603794,31,,,1,70,,603811,31,,,1
7500,'1-1',353,,603837,16,,,1,66,,603868,16,,,1,30,,603853,16,0,15 16,1,73,,603832,16,0,15 16,1,30,,603901,16,0,15 16,1,55,,603835,16,0,15 16,1,21,,603859,37,0,15 16,1,14,,603830,16,0,15 16,1,16,,603861,37,0,15 16,1,51,,603857,16,0,15 16,1,10,,603906,16,0,15 16,1,10,,603849,37,0,15 16,1,10,,603850,16,0,15 16,1,3,,603890,37,0,15 16,1,13,,603843,16,0,15 16,1,47,,603863,37,0,15 16,1,13,,603904,16,0,15 16,1,13,,603862,37,0,15 16,1,12,,603895,16,0,15 16,1,10,,603881,37,0,15 16,1,58,,603844,37,0,15 16,1,20,,603877,37,0,15 16,1,17,,603841,37,0,15 16,1,12,,603886,37,0,15 16,1,52,,603909,37,0,15 16,1,14,,603885,37,0,15 16,1,15,,603892,37,0,15 16,1,15,,603825,37,0,15 16,1,55,,603831,37,0,15 16,1,15,,603851,37,0,15 16,1,15,,603847,37,0,15 16,1,15,,603905,37,0,15 16,1,55,,603829,37,0,15 16,1,15,,603879,37,0,15 16,1,15,,603840,37,0,15 16,1,15,,603887,37,0,15 16,1,55,,603858,37,0,15 16,1,15,,603828,37,0,15 16,1,15,,603878,16,0,15 16,1,15,,603908,37,0,15 16,1,55,,603856,16,0,15 16,1,15,,603874,37,0,15 16,1,15,,603900,16,0,15 16,1,15,,603846,37,0,15 16,1,55,,603884,16,0,15 16,1,15,,603873,37,0,15 16,1,16,,603894,16,0,15 16,1,20,,603838,37,0,15 16,1,57,,603826,16,0,15 16,1,20,,603910,37,0,15 16,1,12,,603897,16,0,15 16,1,54,,603896,37,0,15 16,1,13,,603903,16,0,15 16,1,15,,603889,37,0,15 16,1,12,,603848,16,0,15 16,1,58,,603866,37,0,15 16,1,12,,603836,16,0,15 16,1,13,,603842,37,0,15 16,1,15,,603888,16,0,15 16,1,15,,603827,37,0,15 16,1,53,,603845,16,0,15 16,1,17,,603852,37,0,15 16,1,15,,603855,16,0,15 16,1,19,,603875,37,0,15 16,1,55,,603834,16,0,15 16,1,16,,603870,37,0,15 16,1,18,,603864,16,0,15 16,1,53,,603854,37,0,15 16,1,15,,603860,16,0,15 16,1,16,,603871,37,0,15 16,1,14,,603872,16,0,15 16,1,54,,603839,37,0,15 16,1,16,,603907,16,0,15 16,1,13,,603876,37,0,15 16,1,15,,603883,16,0,15 16,1,15,,603865,37,0,15 16,1,55,,603891,16,0,15 16,1,14,,603867,37,0,15 16,1,21,,603902,16,0,15 16,1,70,,603899,16,0,15 16,1,30,,603833,16,,,1,69,,603893,16,,,1,29,,603880,16,,,1,69,,603869,16,,,1,30,,603898,16,,,1,80,,603882,16,,,1
7500,'10-1',353,,603980,16,,,1,66,,603938,16,,,1,30,,603966,16,0,15 16,1,73,,603985,16,0,15 16,1,30,,603987,16,0,15 16,1,55,,603946,16,0,15 16,1,21,,603921,37,0,15 16,1,14,,603954,16,0,15 16,1,16,,603929,37,0,15 16,1,51,,603912,16,0,15 16,1,10,,603926,16,0,15 16,1,10,,603975,37,0,15 16,1,10,,603994,16,0,15 16,1,3,,603963,37,0,15 16,1,13,,603933,16,0,15 16,1,47,,603918,37,0,15 16,1,13,,603965,16,0,15 16,1,13,,603956,37,0,15 16,1,12,,603919,16,0,15 16,1,10,,603916,37,0,15 16,1,58,,603990,37,0,15 16,1,20,,603973,37,0,15 16,1,17,,603925,37,0,15 16,1,12,,603937,37,0,15 16,1,52,,603920,37,0,15 16,1,14,,603915,37,0,15 16,1,15,,603930,37,0,15 16,1,15,,603979,37,0,15 16,1,55,,603934,37,0,15 16,1,15,,603976,37,0,15 16,1,15,,603943,37,0,15 16,1,15,,603923,37,0,15 16,1,55,,603969,37,0,15 16,1,15,,603960,37,0,15 16,1,15,,603939,37,0,15 16,1,15,,603935,37,0,15 16,1,55,,603996,37,0,15 16,1,15,,603944,37,0,15 16,1,15,,603977,16,0,15 16,1,15,,603928,37,0,15 16,1,55,,603953,16,0,15 16,1,15,,603917,37,0,15 16,1,15,,603949,16,0,15 16,1,15,,603936,37,0,15 16,1,55,,603955,16,0,15 16,1,15,,603941,37,0,15 16,1,16,,603964,16,0,15 16,1,20,,603970,37,0,15 16,1,57,,603962,16,0,15 16,1,20,,603993,37,0,15 16,1,12,,603945,16,0,15 16,1,54,,603952,37,0,15 16,1,13,,603967,16,0,15 16,1,15,,603988,37,0,15 16,1,12,,603913,16,0,15 16,1,58,,603961,37,0,15 16,1,12,,603951,16,0,15 16,1,13,,603914,37,0,15 16,1,15,,603947,16,0,15 16,1,15,,603989,37,0,15 16,1,53,,603995,16,0,15 16,1,17,,603992,37,0,15 16,1,15,,603948,16,0,15 16,1,19,,603927,37,0,15 16,1,55,,603982,16,0,15 16,1,16,,603972,37,0,15 16,1,18,,603932,16,0,15 16,1,53,,603974,37,0,15 16,1,15,,603922,16,0,15 16,1,16,,603957,37,0,15 16,1,14,,603942,16,0,15 16,1,54,,603978,37,0,15 16,1,16,,603968,16,0,15 16,1,13,,603924,37,0,15 16,1,15,,603940,16,0,15 16,1,15,,603958,37,0,15 16,1,55,,603911,16,0,15 16,1,14,,603984,37,0,15 16,1,21,,603971,16,0,15 16,1,70,,603991,16,0,15 16,1,30,,603931,16,,,1,69,,603950,16,,,1,29,,603981,16,,,1,69,,603983,16,,,1,30,,603959,16,,,1,80,,603986,16,,,1
7500,'11-1',353,,604066,16,,,1,66,,604024,16,,,1,30,,604052,16,0,15 16,1,73,,604071,16,0,15 16,1,30,,604073,16,0,15 16,1,55,,604032,16,0,15 16,1,21,,604007,37,0,15 16,1,14,,604040,16,0,15 16,1,16,,604015,37,0,15 16,1,51,,603998,16,0,15 16,1,10,,604012,16,0,15 16,1,10,,604061,37,0,15 16,1,10,,604080,16,0,15 16,1,3,,604049,37,0,15 16,1,13,,604019,16,0,15 16,1,47,,604004,37,0,15 16,1,13,,604051,16,0,15 16,1,13,,604042,37,0,15 16,1,12,,604005,16,0,15 16,1,10,,604002,37,0,15 16,1,58,,604076,37,0,15 16,1,20,,604059,37,0,15 16,1,17,,604011,37,0,15 16,1,12,,604023,37,0,15 16,1,52,,604006,37,0,15 16,1,14,,604001,37,0,15 16,1,15,,604016,37,0,15 16,1,15,,604065,37,0,15 16,1,55,,604020,37,0,15 16,1,15,,604062,37,0,15 16,1,15,,604029,37,0,15 16,1,15,,604009,37,0,15 16,1,55,,604055,37,0,15 16,1,15,,604046,37,0,15 16,1,15,,604025,37,0,15 16,1,15,,604021,37,0,15 16,1,55,,604082,37,0,15 16,1,15,,604030,37,0,15 16,1,15,,604063,16,0,15 16,1,15,,604014,37,0,15 16,1,55,,604039,16,0,15 16,1,15,,604003,37,0,15 16,1,15,,604035,16,0,15 16,1,15,,604022,37,0,15 16,1,55,,604041,16,0,15 16,1,15,,604027,37,0,15 16,1,16,,604050,16,0,15 16,1,20,,604056,37,0,15 16,1,57,,604048,16,0,15 16,1,20,,604079,37,0,15 16,1,12,,604031,16,0,15 16,1,54,,604038,37,0,15 16,1,13,,604053,16,0,15 16,1,15,,604074,37,0,15 16,1,12,,603999,16,0,15 16,1,58,,604047,37,0,15 16,1,12,,604037,16,0,15 16,1,13,,604000,37,0,15 16,1,15,,604033,16,0,15 16,1,15,,604075,37,0,15 16,1,53,,604081,16,0,15 16,1,17,,604078,37,0,15 16,1,15,,604034,16,0,15 16,1,19,,604013,37,0,15 16,1,55,,604068,16,0,15 16,1,16,,604058,37,0,15 16,1,18,,604018,16,0,15 16,1,53,,604060,37,0,15 16,1,15,,604008,16,0,15 16,1,16,,604043,37,0,15 16,1,14,,604028,16,0,15 16,1,54,,604064,37,0,15 16,1,16,,604054,16,0,15 16,1,13,,604010,37,0,15 16,1,15,,604026,16,0,15 16,1,15,,604044,37,0,15 16,1,55,,603997,16,0,15 16,1,14,,604070,37,0,15 16,1,21,,604057,16,0,15 16,1,70,,604077,16,0,15 16,1,30,,604017,16,,,1,69,,604036,16,,,1,29,,604067,16,,,1,69,,604069,16,,,1,30,,604045,16,,,1,80,,604072,16,,,1
7500,'2-1',353,,604152,16,,,1,66,,604110,16,,,1,30,,604138,16,0,15 16,1,73,,604157,16,0,15 16,1,30,,604159,16,0,15 16,1,55,,604118,16,0,15 16,1,21,,604093,37,0,15 16,1,14,,604126,16,0,15 16,1,16,,604101,37,0,15 16,1,51,,604084,16,0,15 16,1,10,,604098,16,0,15 16,1,10,,604147,37,0,15 16,1,10,,604166,16,0,15 16,1,3,,604135,37,0,15 16,1,13,,604105,16,0,15 16,1,47,,604090,37,0,15 16,1,13,,604137,16,0,15 16,1,13,,604128,37,0,15 16,1,12,,604091,16,0,15 16,1,10,,604088,37,0,15 16,1,58,,604162,37,0,15 16,1,20,,604145,37,0,15 16,1,17,,604097,37,0,15 16,1,12,,604109,37,0,15 16,1,52,,604092,37,0,15 16,1,14,,604087,37,0,15 16,1,15,,604102,37,0,15 16,1,15,,604151,37,0,15 16,1,55,,604106,37,0,15 16,1,15,,604148,37,0,15 16,1,15,,604115,37,0,15 16,1,15,,604095,37,0,15 16,1,55,,604141,37,0,15 16,1,15,,604132,37,0,15 16,1,15,,604111,37,0,15 16,1,15,,604107,37,0,15 16,1,55,,604168,37,0,15 16,1,15,,604116,37,0,15 16,1,15,,604149,16,0,15 16,1,15,,604100,37,0,15 16,1,55,,604125,16,0,15 16,1,15,,604089,37,0,15 16,1,15,,604121,16,0,15 16,1,15,,604108,37,0,15 16,1,55,,604127,16,0,15 16,1,15,,604113,37,0,15 16,1,16,,604136,16,0,15 16,1,20,,604142,37,0,15 16,1,57,,604134,16,0,15 16,1,20,,604165,37,0,15 16,1,12,,604117,16,0,15 16,1,54,,604124,37,0,15 16,1,13,,604139,16,0,15 16,1,15,,604160,37,0,15 16,1,12,,604085,16,0,15 16,1,58,,604133,37,0,15 16,1,12,,604123,16,0,15 16,1,13,,604086,37,0,15 16,1,15,,604119,16,0,15 16,1,15,,604161,37,0,15 16,1,53,,604167,16,0,15 16,1,17,,604164,37,0,15 16,1,15,,604120,16,0,15 16,1,19,,604099,37,0,15 16,1,55,,604154,16,0,15 16,1,16,,604144,37,0,15 16,1,18,,604104,16,0,15 16,1,53,,604146,37,0,15 16,1,15,,604094,16,0,15 16,1,16,,604129,37,0,15 16,1,14,,604114,16,0,15 16,1,54,,604150,37,0,15 16,1,16,,604140,16,0,15 16,1,13,,604096,37,0,15 16,1,15,,604112,16,0,15 16,1,15,,604130,37,0,15 16,1,55,,604083,16,0,15 16,1,14,,604156,37,0,15 16,1,21,,604143,16,0,15 16,1,70,,604163,16,0,15 16,1,30,,604103,16,,,1,69,,604122,16,,,1,29,,604153,16,,,1,69,,604155,16,,,1,30,,604131,16,,,1,80,,604158,16,,,1
7500,'3-1',357,,604235,16,,,1,71,,604224,16,,,1,30,,604226,16,,,1,70,,604236,16,,,1,30,,604178,16,,,1,70,,604189,16,,,1,30,,604213,16,,,1,60,,604239,16,,,1,26,,604182,37,0,15 16,1,70,,604225,16,0,15 16,1,30,,604203,37,0,15 16,1,15,,604180,16,0,15 16,1,55,,604230,16,0,15 16,1,15,,604201,16,0,15 16,1,15,,604212,37,0,15 16,1,15,,604187,16,0,15 16,1,55,,604184,37,0,15 16,1,16,,604191,16,0,15 16,1,15,,604188,37,0,15 16,1,70,,604181,37,0,15 16,1,15,,604169,16,0,15 16,1,15,,604183,37,0,15 16,1,55,,604172,16,0,15 16,1,30,,604179,16,0,15 16,1,15,,604196,37,0,15 16,1,55,,604219,16,0,15 16,1,15,,604218,37,0,15 16,1,15,,604171,16,0,15 16,1,15,,604220,37,0,15 16,1,55,,604194,16,0,15 16,1,15,,604170,37,0,15 16,1,15,,604177,16,0,15 16,1,15,,604175,37,0,15 16,1,55,,604231,16,0,15 16,1,15,,604199,37,0,15 16,1,15,,604204,16,0,15 16,1,15,,604209,37,0,15 16,1,70,,604233,37,0,15 16,1,15,,604214,16,0,15 16,1,15,,604232,37,0,15 16,1,55,,604205,16,0,15 16,1,30,,604208,16,0,15 16,1,15,,604237,37,0,15 16,1,55,,604206,16,0,15 16,1,15,,604223,37,0,15 16,1,15,,604207,16,0,15 16,1,15,,604211,37,0,15 16,1,55,,604238,16,0,15 16,1,30,,604176,16,0,15 16,1,15,,604202,37,0,15 16,1,55,,604200,16,0,15 16,1,15,,604221,16,0,15 16,1,15,,604217,16,0,15 16,1,15,,604197,16,0,15 16,1,55,,604195,16,0,15 16,1,15,,604174,16,0,15 16,1,15,,604192,16,0,15 16,1,15,,604228,16,0,15 16,1,55,,604234,16,0,15 16,1,15,,604229,16,0,15 16,1,14,,604198,16,0,15 16,1,15,,604186,16,0,15 16,1,15,,604173,16,,,1,70,,604190,16,,,1,30,,604216,16,,,1,70,,604185,16,,,1,30,,604215,16,,,1,70,,604227,16,,,1,30,,604193,16,,,1,70,,604210,16,,,1,30,,604222,16,,,1
7500,'4-1',358,,604406,16,,,1,70,,604243,16,,,1,30,,604318,16,,,1,70,,604350,16,,,1,30,,604309,16,,,1,70,,604371,16,,,1,30,,604271,16,,,1,60,,604310,16,,,1,26,,604347,37,0,15 16,1,70,,604280,16,0,15 16,1,7,,604281,16,0,15 16,1,8,,604410,16,0,15 16,1,7,,604300,16,0,15 16,1,8,,604283,37,0,15 16,1,7,,604372,16,0,15 16,1,8,,604339,16,0,15 16,1,47,,604336,16,0,15 16,1,8,,604346,16,0,15 16,1,7,,604241,16,0,15 16,1,8,,604414,16,0,15 16,1,5,,604286,37,0,15 16,1,5,,604266,16,0,15 16,1,5,,604370,16,0,15 16,1,5,,604381,37,0,15 16,1,5,,604245,16,0,15 16,1,5,,604415,16,0,15 16,1,45,,604312,37,0,15 16,1,5,,604391,16,0,15 16,1,5,,604277,16,0,15 16,1,5,,604357,37,0,15 16,1,5,,604325,16,0,15 16,1,5,,604272,16,0,15 16,1,5,,604373,37,0,15 16,1,5,,604291,16,0,15 16,1,5,,604249,16,0,15 16,1,5,,604295,37,0,15 16,1,5,,604401,16,0,15 16,1,5,,604355,16,0,15 16,1,45,,604263,37,0,15 16,1,5,,604384,16,0,15 16,1,5,,604275,16,0,15 16,1,5,,604397,37,0,15 16,1,5,,604299,16,0,15 16,1,5,,604305,16,0,15 16,1,5,,604290,37,0,15 16,1,5,,604379,16,0,15 16,1,5,,604376,16,0,15 16,1,5,,604315,37,0,15 16,1,5,,604242,16,0,15 16,1,5,,604365,16,0,15 16,1,45,,604380,37,0,15 16,1,5,,604375,16,0,15 16,1,5,,604359,16,0,15 16,1,5,,604385,37,0,15 16,1,5,,604387,16,0,15 16,1,5,,604268,16,0,15 16,1,5,,604316,37,0,15 16,1,5,,604396,16,0,15 16,1,5,,604335,16,0,15 16,1,5,,604351,37,0,15 16,1,5,,604255,16,0,15 16,1,5,,604374,16,0,15 16,1,45,,604244,37,0,15 16,1,5,,604345,16,0,15 16,1,5,,604279,16,0,15 16,1,5,,604294,37,0,15 16,1,5,,604360,16,0,15 16,1,5,,604417,16,0,15 16,1,5,,604260,37,0,15 16,1,5,,604267,16,0,15 16,1,5,,604389,16,0,15 16,1,5,,604322,37,0,15 16,1,5,,604342,16,0,15 16,1,5,,604289,16,0,15 16,1,45,,604292,37,0,15 16,1,5,,604386,16,0,15 16,1,5,,604258,16,0,15 16,1,5,,604405,37,0,15 16,1,5,,604402,16,0,15 16,1,5,,604332,16,0,15 16,1,5,,604247,37,0,15 16,1,5,,604240,16,0,15 16,1,5,,604282,16,0,15 16,1,5,,604358,37,0,15 16,1,5,,604308,16,0,15 16,1,5,,604302,16,0,15 16,1,45,,604306,37,0,15 16,1,5,,604361,16,0,15 16,1,5,,604257,16,0,15 16,1,5,,604330,37,0,15 16,1,5,,604362,16,0,15 16,1,5,,604343,16,0,15 16,1,5,,604366,37,0,15 16,1,5,,604303,16,0,15 16,1,5,,604252,16,0,15 16,1,5,,604398,37,0,15 16,1,5,,604409,16,0,15 16,1,5,,604328,16,0,15 16,1,45,,604262,37,0,15 16,1,5,,604288,16,0,15 16,1,5,,604411,16,0,15 16,1,5,,604354,37,0,15 16,1,5,,604274,16,0,15 16,1,5,,604394,16,0,15 16,1,5,,604285,37,0,15 16,1,5,,604368,16,0,15 16,1,5,,604313,16,0,15 16,1,5,,604334,37,0,15 16,1,5,,604264,16,0,15 16,1,5,,604297,16,0,15 16,1,45,,604356,37,0,15 16,1,5,,604320,16,0,15 16,1,5,,604413,16,0,15 16,1,5,,604408,37,0,15 16,1,5,,604321,16,0,15 16,1,5,,604304,16,0,15 16,1,5,,604261,37,0,15 16,1,5,,604400,16,0,15 16,1,5,,604395,16,0,15 16,1,5,,604324,37,0,15 16,1,5,,604314,16,0,15 16,1,5,,604301,16,0,15 16,1,45,,604341,37,0,15 16,1,5,,604298,16,0,15 16,1,5,,604253,16,0,15 16,1,5,,604251,37,0,15 16,1,5,,604377,16,0,15 16,1,5,,604248,16,0,15 16,1,5,,604259,37,0,15 16,1,5,,604418,16,0,15 16,1,5,,604352,16,0,15 16,1,5,,604412,37,0,15 16,1,5,,604273,16,0,15 16,1,5,,604317,16,0,15 16,1,45,,604311,37,0,15 16,1,5,,604390,16,0,15 16,1,5,,604348,16,0,15 16,1,5,,604404,37,0,15 16,1,5,,604287,16,0,15 16,1,5,,604323,16,0,15 16,1,5,,604416,37,0,15 16,1,5,,604353,16,0,15 16,1,5,,604278,16,0,15 16,1,5,,604269,37,0,15 16,1,5,,604340,16,0,15 16,1,5,,604256,16,0,15 16,1,45,,604329,37,0,15 16,1,5,,604307,16,0,15 16,1,5,,604407,16,0,15 16,1,5,,604382,37,0,15 16,1,5,,604388,16,0,15 16,1,5,,604344,16,0,15 16,1,5,,604270,37,0,15 16,1,5,,604250,16,0,15 16,1,5,,604254,16,0,15 16,1,5,,604296,37,0,15 16,1,5,,604403,16,0,15 16,1,5,,604319,16,0,15 16,1,45,,604265,37,0,15 16,1,5,,604331,16,0,15 16,1,5,,604364,16,0,15 16,1,5,,604367,37,0,15 16,1,5,,604399,16,0,15 16,1,21,,604333,37,0,15 16,1,55,,604337,16,0,15 16,1,15,,604383,37,0,15 16,1,14,,604327,16,0,15 16,1,15,,604392,37,0,15 16,1,15,,604338,37,,,1,70,,604349,37,0,142 67,0,30,,604378,37,,,1,70,,604246,37,,,1,30,,604369,37,,,1,70,,604293,37,,,1,30,,604326,37,0,142 67,0,55,,604393,16,,,1,15,,604363,37,,,1,15,,604284,16,,,1,15,,604276,37,,,1
7500,'5-1',351,,604429,16,,,1,70,,604461,16,,,1,30,,604462,16,,,1,70,,604430,16,,,1,32,,604477,16,0,15 16,1,68,,604433,16,0,15 16,1,20,,604420,16,0,15 16,1,60,,604422,16,0,15 16,1,18,,604436,16,0,15 16,1,18,,604472,16,0,15 16,1,17,,604473,37,0,15 16,1,53,,604449,16,0,15 16,1,15,,604487,16,0,15 16,1,15,,604481,16,0,15 16,1,17,,604456,37,0,15 16,1,54,,604468,16,0,15 16,1,16,,604489,37,0,15 16,1,14,,604421,16,0,15 16,1,18,,604423,37,0,15 16,1,52,,604495,16,0,15 16,1,16,,604451,37,0,15 16,1,14,,604485,16,0,15 16,1,17,,604441,37,0,15 16,1,70,,604443,37,0,15 16,1,13,,604439,16,0,15 16,1,17,,604480,37,0,15 16,1,53,,604491,16,0,15 16,1,30,,604446,16,0,15 16,1,17,,604448,37,0,15 16,1,55,,604431,37,0,15 16,1,15,,604464,37,0,15 16,1,15,,604452,37,0,15 16,1,15,,604465,37,0,15 16,1,53,,604442,16,0,15 16,1,17,,604467,37,0,15 16,1,13,,604454,16,0,15 16,1,17,,604457,37,0,15 16,1,53,,604470,16,0,15 16,1,17,,604425,37,0,15 16,1,13,,604476,16,0,15 16,1,17,,604450,37,0,15 16,1,53,,604493,16,0,15 16,1,17,,604469,37,0,15 16,1,15,,604434,37,0,15 16,1,70,,604437,37,0,15 16,1,15,,604471,37,0,15 16,1,13,,604463,16,0,15 16,1,17,,604458,37,0,15 16,1,50,,604486,16,0,15 16,1,16,,604455,37,0,15 16,1,13,,604490,16,0,15 16,1,17,,604497,37,0,15 16,1,53,,604494,16,0,15 16,1,17,,604483,37,0,15 16,1,13,,604445,16,0,15 16,1,17,,604453,37,0,15 16,1,53,,604482,16,0,15 16,1,17,,604474,37,0,15 16,1,13,,604478,16,0,15 16,1,17,,604459,37,0,15 16,1,52,,604427,16,0,15 16,1,30,,604475,16,0,15 16,1,17,,604479,37,0,15 16,1,53,,604444,16,0,15 16,1,17,,604424,37,0,15 16,1,13,,604492,16,0,15 16,1,17,,604447,37,0,15 16,1,70,,604438,37,0,15 16,1,13,,604460,16,0,15 16,1,15,,604419,16,0,15 16,1,55,,604484,16,0,15 16,1,15,,604432,16,0,15 16,1,15,,604466,16,0,15 16,1,26,,604426,16,0,15 16,1,70,,604488,16,0,15 16,1,30,,604428,16,,,1,70,,604435,16,,,1,30,,604440,16,,,1,70,,604496,16,,,1
7500,'6-1',353,,604567,16,,,1,66,,604525,16,,,1,30,,604553,16,0,15 16,1,73,,604572,16,0,15 16,1,30,,604574,16,0,15 16,1,55,,604533,16,0,15 16,1,21,,604508,37,0,15 16,1,14,,604541,16,0,15 16,1,16,,604516,37,0,15 16,1,51,,604499,16,0,15 16,1,10,,604513,16,0,15 16,1,10,,604562,37,0,15 16,1,10,,604581,16,0,15 16,1,3,,604550,37,0,15 16,1,13,,604520,16,0,15 16,1,47,,604505,37,0,15 16,1,13,,604552,16,0,15 16,1,13,,604543,37,0,15 16,1,12,,604506,16,0,15 16,1,10,,604503,37,0,15 16,1,58,,604577,37,0,15 16,1,20,,604560,37,0,15 16,1,17,,604512,37,0,15 16,1,12,,604524,37,0,15 16,1,52,,604507,37,0,15 16,1,14,,604502,37,0,15 16,1,15,,604517,37,0,15 16,1,15,,604566,37,0,15 16,1,55,,604521,37,0,15 16,1,15,,604563,37,0,15 16,1,15,,604530,37,0,15 16,1,15,,604510,37,0,15 16,1,55,,604556,37,0,15 16,1,15,,604547,37,0,15 16,1,15,,604526,37,0,15 16,1,15,,604522,37,0,15 16,1,55,,604583,37,0,15 16,1,15,,604531,37,0,15 16,1,15,,604564,16,0,15 16,1,15,,604515,37,0,15 16,1,55,,604540,16,0,15 16,1,15,,604504,37,0,15 16,1,15,,604536,16,0,15 16,1,15,,604523,37,0,15 16,1,55,,604542,16,0,15 16,1,15,,604528,37,0,15 16,1,16,,604551,16,0,15 16,1,20,,604557,37,0,15 16,1,57,,604549,16,0,15 16,1,20,,604580,37,0,15 16,1,12,,604532,16,0,15 16,1,54,,604539,37,0,15 16,1,13,,604554,16,0,15 16,1,15,,604575,37,0,15 16,1,12,,604500,16,0,15 16,1,58,,604548,37,0,15 16,1,12,,604538,16,0,15 16,1,13,,604501,37,0,15 16,1,15,,604534,16,0,15 16,1,15,,604576,37,0,15 16,1,53,,604582,16,0,15 16,1,17,,604579,37,0,15 16,1,15,,604535,16,0,15 16,1,19,,604514,37,0,15 16,1,55,,604569,16,0,15 16,1,16,,604559,37,0,15 16,1,18,,604519,16,0,15 16,1,53,,604561,37,0,15 16,1,15,,604509,16,0,15 16,1,16,,604544,37,0,15 16,1,14,,604529,16,0,15 16,1,54,,604565,37,0,15 16,1,16,,604555,16,0,15 16,1,13,,604511,37,0,15 16,1,15,,604527,16,0,15 16,1,15,,604545,37,0,15 16,1,55,,604498,16,0,15 16,1,14,,604571,37,0,15 16,1,21,,604558,16,0,15 16,1,70,,604578,16,0,15 16,1,30,,604518,16,,,1,69,,604537,16,,,1,29,,604568,16,,,1,69,,604570,16,,,1,30,,604546,16,,,1,80,,604573,16,,,1
7500,'7-1',357,,604650,16,,,1,71,,604639,16,,,1,30,,604641,16,,,1,70,,604651,16,,,1,30,,604593,16,,,1,70,,604604,16,,,1,30,,604628,16,,,1,60,,604654,16,,,1,26,,604597,37,0,15 16,1,70,,604640,16,0,15 16,1,30,,604618,37,0,15 16,1,15,,604595,16,0,15 16,1,55,,604645,16,0,15 16,1,15,,604616,16,0,15 16,1,15,,604627,37,0,15 16,1,15,,604602,16,0,15 16,1,55,,604599,37,0,15 16,1,16,,604606,16,0,15 16,1,15,,604603,37,0,15 16,1,70,,604596,37,0,15 16,1,15,,604584,16,0,15 16,1,15,,604598,37,0,15 16,1,55,,604587,16,0,15 16,1,30,,604594,16,0,15 16,1,15,,604611,37,0,15 16,1,55,,604634,16,0,15 16,1,15,,604633,37,0,15 16,1,15,,604586,16,0,15 16,1,15,,604635,37,0,15 16,1,55,,604609,16,0,15 16,1,15,,604585,37,0,15 16,1,15,,604592,16,0,15 16,1,15,,604590,37,0,15 16,1,55,,604646,16,0,15 16,1,15,,604614,37,0,15 16,1,15,,604619,16,0,15 16,1,15,,604624,37,0,15 16,1,70,,604648,37,0,15 16,1,15,,604629,16,0,15 16,1,15,,604647,37,0,15 16,1,55,,604620,16,0,15 16,1,30,,604623,16,0,15 16,1,15,,604652,37,0,15 16,1,55,,604621,16,0,15 16,1,15,,604638,37,0,15 16,1,15,,604622,16,0,15 16,1,15,,604626,37,0,15 16,1,55,,604653,16,0,15 16,1,30,,604591,16,0,15 16,1,15,,604617,37,0,15 16,1,55,,604615,16,0,15 16,1,15,,604636,16,0,15 16,1,15,,604632,16,0,15 16,1,15,,604612,16,0,15 16,1,55,,604610,16,0,15 16,1,15,,604589,16,0,15 16,1,15,,604607,16,0,15 16,1,15,,604643,16,0,15 16,1,55,,604649,16,0,15 16,1,15,,604644,16,0,15 16,1,14,,604613,16,0,15 16,1,15,,604601,16,0,15 16,1,15,,604588,16,,,1,70,,604605,16,,,1,30,,604631,16,,,1,70,,604600,16,,,1,30,,604630,16,,,1,70,,604642,16,,,1,30,,604608,16,,,1,70,,604625,16,,,1,30,,604637,16,,,1
7500,'8-1',353,,604724,16,,,1,66,,604682,16,,,1,30,,604710,16,0,15 16,1,73,,604729,16,0,15 16,1,30,,604731,16,0,15 16,1,55,,604690,16,0,15 16,1,21,,604665,37,0,15 16,1,14,,604698,16,0,15 16,1,16,,604673,37,0,15 16,1,51,,604656,16,0,15 16,1,10,,604670,16,0,15 16,1,10,,604719,37,0,15 16,1,10,,604738,16,0,15 16,1,3,,604707,37,0,15 16,1,13,,604677,16,0,15 16,1,47,,604662,37,0,15 16,1,13,,604709,16,0,15 16,1,13,,604700,37,0,15 16,1,12,,604663,16,0,15 16,1,10,,604660,37,0,15 16,1,58,,604734,37,0,15 16,1,20,,604717,37,0,15 16,1,17,,604669,37,0,15 16,1,12,,604681,37,0,15 16,1,52,,604664,37,0,15 16,1,14,,604659,37,0,15 16,1,15,,604674,37,0,15 16,1,15,,604723,37,0,15 16,1,55,,604678,37,0,15 16,1,15,,604720,37,0,15 16,1,15,,604687,37,0,15 16,1,15,,604667,37,0,15 16,1,55,,604713,37,0,15 16,1,15,,604704,37,0,15 16,1,15,,604683,37,0,15 16,1,15,,604679,37,0,15 16,1,55,,604740,37,0,15 16,1,15,,604688,37,0,15 16,1,15,,604721,16,0,15 16,1,15,,604672,37,0,15 16,1,55,,604697,16,0,15 16,1,15,,604661,37,0,15 16,1,15,,604693,16,0,15 16,1,15,,604680,37,0,15 16,1,55,,604699,16,0,15 16,1,15,,604685,37,0,15 16,1,16,,604708,16,0,15 16,1,20,,604714,37,0,15 16,1,57,,604706,16,0,15 16,1,20,,604737,37,0,15 16,1,12,,604689,16,0,15 16,1,54,,604696,37,0,15 16,1,13,,604711,16,0,15 16,1,15,,604732,37,0,15 16,1,12,,604657,16,0,15 16,1,58,,604705,37,0,15 16,1,12,,604695,16,0,15 16,1,13,,604658,37,0,15 16,1,15,,604691,16,0,15 16,1,15,,604733,37,0,15 16,1,53,,604739,16,0,15 16,1,17,,604736,37,0,15 16,1,15,,604692,16,0,15 16,1,19,,604671,37,0,15 16,1,55,,604726,16,0,15 16,1,16,,604716,37,0,15 16,1,18,,604676,16,0,15 16,1,53,,604718,37,0,15 16,1,15,,604666,16,0,15 16,1,16,,604701,37,0,15 16,1,14,,604686,16,0,15 16,1,54,,604722,37,0,15 16,1,16,,604712,16,0,15 16,1,13,,604668,37,0,15 16,1,15,,604684,16,0,15 16,1,15,,604702,37,0,15 16,1,55,,604655,16,0,15 16,1,14,,604728,37,0,15 16,1,21,,604715,16,0,15 16,1,70,,604735,16,0,15 16,1,30,,604675,16,,,1,69,,604694,16,,,1,29,,604725,16,,,1,69,,604727,16,,,1,30,,604703,16,,,1,80,,604730,16,,,1
7500,'9-1',351,,604756,16,,,1,70,,604804,16,,,1,30,,604759,16,,,1,70,,604817,16,,,1,32,,604745,16,0,15 16,1,68,,604769,16,0,15 16,1,20,,604809,16,0,15 16,1,60,,604777,16,0,15 16,1,18,,604780,16,0,15 16,1,18,,604784,16,0,15 16,1,17,,604816,37,0,15 16,1,53,,604770,16,0,15 16,1,15,,604753,16,0,15 16,1,15,,604814,16,0,15 16,1,17,,604782,37,0,15 16,1,54,,604760,16,0,15 16,1,16,,604779,37,0,15 16,1,14,,604807,16,0,15 16,1,18,,604786,37,0,15 16,1,52,,604806,16,0,15 16,1,16,,604796,37,0,15 16,1,14,,604822,16,0,15 16,1,17,,604746,37,0,15 16,1,53,,604757,16,0,15 16,1,17,,604747,37,0,15 16,1,13,,604824,16,0,15 16,1,17,,604743,37,0,15 16,1,53,,604771,16,0,15 16,1,17,,604789,37,0,15 16,1,13,,604754,16,0,15 16,1,17,,604741,37,0,15 16,1,55,,604764,37,0,15 16,1,15,,604748,37,0,15 16,1,15,,604820,37,0,15 16,1,15,,604808,37,0,15 16,1,53,,604810,16,0,15 16,1,17,,604821,37,0,15 16,1,13,,604803,16,0,15 16,1,17,,604793,37,0,15 16,1,53,,604787,16,0,15 16,1,17,,604758,37,0,15 16,1,13,,604805,16,0,15 16,1,17,,604749,37,0,15 16,1,53,,604794,16,0,15 16,1,17,,604774,37,0,15 16,1,15,,604772,37,0,15 16,1,15,,604742,37,0,15 16,1,55,,604763,37,0,15 16,1,15,,604751,37,0,15 16,1,13,,604815,16,0,15 16,1,17,,604788,37,0,15 16,1,50,,604813,16,0,15 16,1,16,,604823,37,0,15 16,1,13,,604765,16,0,15 16,1,17,,604775,37,0,15 16,1,53,,604755,16,0,15 16,1,17,,604792,37,0,15 16,1,13,,604795,16,0,15 16,1,17,,604791,37,0,15 16,1,53,,604785,16,0,15 16,1,17,,604802,37,0,15 16,1,13,,604790,16,0,15 16,1,17,,604778,37,0,15 16,1,52,,604752,16,0,15 16,1,18,,604766,37,0,15 16,1,12,,604818,16,0,15 16,1,17,,604798,37,0,15 16,1,53,,604768,16,0,15 16,1,17,,604812,37,0,15 16,1,13,,604744,16,0,15 16,1,17,,604800,37,0,15 16,1,53,,604761,16,0,15 16,1,17,,604762,37,0,15 16,1,13,,604781,16,0,15 16,1,15,,604773,16,0,15 16,1,55,,604799,16,0,15 16,1,15,,604819,16,0,15 16,1,15,,604783,16,0,15 16,1,26,,604797,16,,,1,70,,604767,16,,,1,30,,604750,16,,,1,70,,604776,16,,,1,30,,604811,16,,,1,70,,604801,16,,,1
7501,'1-1',335,,604869,19,0,64 140,1,68,,604853,19,0,64 140,1,32,,604880,19,0,64 140,1,65,,604874,19,,,1,39,,604912,5,,,1,69,,604851,5,,,1,13,,604894,5,0,64 140,1,17,,604859,5,,,1,16,,604863,5,0,64 140,1,54,,604917,5,,,1,12,,604857,5,0,64 140,1,21,,604887,5,,,1,13,,604862,5,0,64 140,1,50,,604840,5,,,1,25,,604909,5,0,64 140,1,10,,604878,5,,,1,15,,604888,5,0,64 140,1,54,,604898,5,,,1,17,,604842,5,,,1,16,,604841,5,,,1,15,,604868,5,,,1,55,,604861,5,,,1,15,,604889,5,,,1,15,,604832,5,,,1,15,,604825,5,,,1,55,,604839,5,,,1,15,,604837,5,,,1,15,,604828,5,,,1,15,,604846,5,,,1,55,,604844,5,,,1,15,,604852,5,0,64 140,1,15,,604847,5,,,1,15,,604915,5,0,64 140,1,55,,604893,5,,,1,15,,604875,5,0,64 140,1,15,,604864,5,,,1,15,,604866,5,0,64 140,1,55,,604879,5,,,1,16,,604850,5,,,1,15,,604916,5,,,1,14,,604884,5,,,1,55,,604867,5,,,1,10,,604855,5,0,64 140,1,10,,604845,5,,,1,8,,604829,5,0,64 140,1,9,,604834,5,,,1,6,,604836,5,0,64 140,1,49,,604900,5,,,1,7,,604904,5,0,64 140,1,8,,604871,5,,,1,6,,604827,5,0,64 140,1,9,,604890,5,,,1,9,,604895,5,,,1,7,,604896,5,0,64 140,1,6,,604881,5,,,1,48,,604906,5,0,64 140,1,7,,604876,5,,,1,8,,604907,5,0,64 140,1,6,,604849,5,,,1,9,,604902,5,0,64 140,1,7,,604858,5,,,1,10,,604903,5,0,64 140,1,4,,604854,5,,,1,49,,604905,5,0,64 140,1,4,,604910,5,,,1,10,,604883,5,,,1,5,,604877,5,0,64 140,1,10,,604838,5,,,1,5,,604897,5,0,64 140,1,10,,604886,5,,,1,55,,604848,5,,,1,15,,604908,5,0,64 140,1,14,,604865,5,,,1,14,,604843,5,0,64 140,1,56,,604913,5,,,1,15,,604892,5,0,64 140,1,17,,604830,5,,,1,14,,604911,5,0,64 140,1,56,,604835,5,,,1,14,,604885,5,0,64 140,1,16,,604914,5,,,1,14,,604870,5,0,64 140,1,56,,604873,5,,,1,36,,604901,5,,,1,71,,604882,5,,,1,25,,604826,5,0,64 140,1,70,,604831,5,0,64 140,1,32,,604833,5,0,64 140,1,75,,604899,5,0,64 140,1,27,,604856,5,0,64 140,1,70,,604860,19,0,64 140,1,28,,604891,19,0,64 140,1,70,,604872,19,0,64 140,1
7501,'10-1',335,,604932,19,0,64 140,1,68,,604959,19,0,64 140,1,32,,604956,19,0,64 140,1,65,,604975,19,,,1,39,,604951,5,,,1,69,,604980,5,,,1,13,,604933,5,0,64 140,1,17,,604972,5,,,1,16,,605005,5,0,64 140,1,54,,604922,5,,,1,12,,604953,5,0,64 140,1,21,,604935,5,,,1,13,,604945,5,0,64 140,1,50,,604921,5,,,1,25,,604973,5,0,64 140,1,10,,604927,5,,,1,15,,604988,5,0,64 140,1,54,,604924,5,,,1,17,,605006,5,,,1,16,,604943,5,,,1,15,,604930,5,,,1,55,,605001,5,,,1,15,,604939,5,,,1,15,,604958,5,,,1,15,,604918,5,,,1,55,,604931,5,,,1,15,,604928,5,,,1,15,,604989,5,,,1,15,,604982,5,,,1,55,,604967,5,,,1,15,,604984,5,0,64 140,1,15,,604994,5,,,1,15,,604929,5,0,64 140,1,55,,604974,5,,,1,15,,604993,5,0,64 140,1,15,,604969,5,,,1,15,,604936,5,0,64 140,1,55,,604926,5,,,1,16,,604970,5,,,1,15,,604962,5,,,1,14,,604949,5,,,1,55,,604946,5,,,1,10,,604923,5,0,64 140,1,10,,604992,5,,,1,8,,604977,5,0,64 140,1,9,,604978,5,,,1,6,,605009,5,0,64 140,1,49,,604955,5,,,1,7,,604987,5,0,64 140,1,8,,604948,5,,,1,6,,604920,5,0,64 140,1,9,,605004,5,,,1,9,,604985,5,,,1,7,,604919,5,0,64 140,1,6,,604965,5,,,1,48,,605000,5,0,64 140,1,7,,604996,5,,,1,8,,604963,5,0,64 140,1,6,,604938,5,,,1,9,,605003,5,0,64 140,1,7,,604991,5,,,1,10,,604944,5,0,64 140,1,4,,604979,5,,,1,49,,604999,5,0,64 140,1,4,,604986,5,,,1,10,,604990,5,,,1,5,,604997,5,0,64 140,1,10,,604964,5,,,1,5,,604957,5,0,64 140,1,10,,604995,5,,,1,55,,604971,5,,,1,15,,604941,5,0,64 140,1,14,,604960,5,,,1,14,,604976,5,0,64 140,1,56,,604925,5,,,1,15,,605010,5,0,64 140,1,17,,604998,5,,,1,14,,604968,5,0,64 140,1,56,,604983,5,,,1,14,,604942,5,0,64 140,1,16,,604954,5,,,1,14,,604961,5,0,64 140,1,56,,604981,5,,,1,36,,604947,5,,,1,71,,604940,5,,,1,25,,605007,5,0,64 140,1,70,,604950,5,0,64 140,1,32,,604937,5,0,64 140,1,75,,604934,5,0,64 140,1,27,,605008,5,0,64 140,1,70,,604966,19,0,64 140,1,28,,605002,19,0,64 140,1,70,,604952,19,0,64 140,1
7501,'11-1',335,,605025,19,0,64 140,1,68,,605052,19,0,64 140,1,32,,605049,19,0,64 140,1,65,,605068,19,,,1,39,,605044,5,,,1,69,,605073,5,,,1,13,,605026,5,0,64 140,1,17,,605065,5,,,1,16,,605098,5,0,64 140,1,54,,605015,5,,,1,12,,605046,5,0,64 140,1,21,,605028,5,,,1,13,,605038,5,0,64 140,1,50,,605014,5,,,1,25,,605066,5,0,64 140,1,10,,605020,5,,,1,15,,605081,5,0,64 140,1,54,,605017,5,,,1,17,,605099,5,,,1,16,,605036,5,,,1,15,,605023,5,,,1,55,,605094,5,,,1,15,,605032,5,,,1,15,,605051,5,,,1,15,,605011,5,,,1,55,,605024,5,,,1,15,,605021,5,,,1,15,,605082,5,,,1,15,,605075,5,,,1,55,,605060,5,,,1,15,,605077,5,0,64 140,1,15,,605087,5,,,1,15,,605022,5,0,64 140,1,55,,605067,5,,,1,15,,605086,5,0,64 140,1,15,,605062,5,,,1,15,,605029,5,0,64 140,1,55,,605019,5,,,1,16,,605063,5,,,1,15,,605055,5,,,1,14,,605042,5,,,1,55,,605039,5,,,1,10,,605016,5,0,64 140,1,10,,605085,5,,,1,8,,605070,5,0,64 140,1,9,,605071,5,,,1,6,,605102,5,0,64 140,1,49,,605048,5,,,1,7,,605080,5,0,64 140,1,8,,605041,5,,,1,6,,605013,5,0,64 140,1,9,,605097,5,,,1,9,,605078,5,,,1,7,,605012,5,0,64 140,1,6,,605058,5,,,1,48,,605093,5,0,64 140,1,7,,605089,5,,,1,8,,605056,5,0,64 140,1,6,,605031,5,,,1,9,,605096,5,0,64 140,1,7,,605084,5,,,1,10,,605037,5,0,64 140,1,4,,605072,5,,,1,49,,605092,5,0,64 140,1,4,,605079,5,,,1,10,,605083,5,,,1,5,,605090,5,0,64 140,1,10,,605057,5,,,1,5,,605050,5,0,64 140,1,10,,605088,5,,,1,55,,605064,5,,,1,15,,605034,5,0,64 140,1,14,,605053,5,,,1,14,,605069,5,0,64 140,1,56,,605018,5,,,1,15,,605103,5,0,64 140,1,17,,605091,5,,,1,14,,605061,5,0,64 140,1,56,,605076,5,,,1,14,,605035,5,0,64 140,1,16,,605047,5,,,1,14,,605054,5,0,64 140,1,56,,605074,5,,,1,36,,605040,5,,,1,71,,605033,5,,,1,25,,605100,5,0,64 140,1,70,,605043,5,0,64 140,1,32,,605030,5,0,64 140,1,75,,605027,5,0,64 140,1,27,,605101,5,0,64 140,1,70,,605059,19,0,64 140,1,28,,605095,19,0,64 140,1,70,,605045,19,0,64 140,1
7501,'2-1',335,,605118,19,0,64 140,1,68,,605145,19,0,64 140,1,32,,605142,19,0,64 140,1,65,,605161,19,,,1,39,,605137,5,,,1,69,,605166,5,,,1,13,,605119,5,0,64 140,1,17,,605158,5,,,1,16,,605191,5,0,64 140,1,54,,605108,5,,,1,12,,605139,5,0,64 140,1,21,,605121,5,,,1,13,,605131,5,0,64 140,1,50,,605107,5,,,1,25,,605159,5,0,64 140,1,10,,605113,5,,,1,15,,605174,5,0,64 140,1,54,,605110,5,,,1,17,,605192,5,,,1,16,,605129,5,,,1,15,,605116,5,,,1,55,,605187,5,,,1,15,,605125,5,,,1,15,,605144,5,,,1,15,,605104,5,,,1,55,,605117,5,,,1,15,,605114,5,,,1,15,,605175,5,,,1,15,,605168,5,,,1,55,,605153,5,,,1,15,,605170,5,0,64 140,1,15,,605180,5,,,1,15,,605115,5,0,64 140,1,55,,605160,5,,,1,15,,605179,5,0,64 140,1,15,,605155,5,,,1,15,,605122,5,0,64 140,1,55,,605112,5,,,1,16,,605156,5,,,1,15,,605148,5,,,1,14,,605135,5,,,1,55,,605132,5,,,1,10,,605109,5,0,64 140,1,10,,605178,5,,,1,8,,605163,5,0,64 140,1,9,,605164,5,,,1,6,,605195,5,0,64 140,1,49,,605141,5,,,1,7,,605173,5,0,64 140,1,8,,605134,5,,,1,6,,605106,5,0,64 140,1,9,,605190,5,,,1,9,,605171,5,,,1,7,,605105,5,0,64 140,1,6,,605151,5,,,1,48,,605186,5,0,64 140,1,7,,605182,5,,,1,8,,605149,5,0,64 140,1,6,,605124,5,,,1,9,,605189,5,0,64 140,1,7,,605177,5,,,1,10,,605130,5,0,64 140,1,4,,605165,5,,,1,49,,605185,5,0,64 140,1,4,,605172,5,,,1,10,,605176,5,,,1,5,,605183,5,0,64 140,1,10,,605150,5,,,1,5,,605143,5,0,64 140,1,10,,605181,5,,,1,55,,605157,5,,,1,15,,605127,5,0,64 140,1,14,,605146,5,,,1,14,,605162,5,0,64 140,1,56,,605111,5,,,1,15,,605196,5,0,64 140,1,17,,605184,5,,,1,14,,605154,5,0,64 140,1,56,,605169,5,,,1,14,,605128,5,0,64 140,1,16,,605140,5,,,1,14,,605147,5,0,64 140,1,56,,605167,5,,,1,36,,605133,5,,,1,71,,605126,5,,,1,25,,605193,5,0,64 140,1,70,,605136,5,0,64 140,1,32,,605123,5,0,64 140,1,75,,605120,5,0,64 140,1,27,,605194,5,0,64 140,1,70,,605152,19,0,64 140,1,28,,605188,19,0,64 140,1,70,,605138,19,0,64 140,1
7501,'3-1',344,,605238,19,0,64 140,1,70,,605197,19,0,64 140,1,30,,605251,19,0,64 140,1,70,,605228,19,0,64 140,1,30,,605246,19,0,64 140,1,70,,605241,19,0,64 140,1,25,,605258,19,,,1,75,,605232,19,0,64 140,1,30,,605244,19,,,1,70,,605266,19,0,64 140,1,15,,605261,19,0,64 140,1,16,,605215,5,,,1,55,,605249,5,0,64 140,1,15,,605203,5,,,1,15,,605242,5,0,64 140,1,15,,605248,5,,,1,55,,605268,5,0,64 140,1,30,,605245,5,0,64 140,1,15,,605200,5,,,1,55,,605206,5,0,64 140,1,15,,605225,5,,,1,15,,605254,5,0,64 140,1,70,,605253,5,0,64 140,1,15,,605201,5,,,1,15,,605202,5,0,64 140,1,15,,605204,5,,,1,55,,605229,5,0,64 140,1,15,,605213,5,,,1,15,,605231,5,0,64 140,1,15,,605226,5,,,1,55,,605216,5,0,64 140,1,15,,605239,5,,,1,15,,605237,5,0,64 140,1,15,,605209,5,,,1,70,,605235,5,,,1,15,,605264,5,0,64 140,1,15,,605220,5,,,1,55,,605211,5,0,64 140,1,15,,605234,5,,,1,15,,605250,5,0,64 140,1,15,,605217,5,,,1,55,,605240,5,0,64 140,1,15,,605252,5,,,1,15,,605223,5,0,64 140,1,15,,605263,5,,,1,70,,605247,5,,,1,15,,605230,5,0,64 140,1,15,,605243,5,,,1,55,,605259,5,0,64 140,1,15,,605214,5,0,64 140,1,14,,605260,5,0,64 140,1,16,,605236,5,0,64 140,1,55,,605233,5,0,64 140,1,15,,605208,5,0,64 140,1,15,,605227,5,0,64 140,1,15,,605265,5,0,64 140,1,55,,605262,5,0,64 140,1,15,,605267,5,0,64 140,1,15,,605257,5,0,64 140,1,15,,605207,5,0,64 140,1,55,,605222,5,0,64 140,1,20,,605224,5,0,64 140,1,25,,605218,5,0,64 140,1,70,,605255,5,0,64 140,1,30,,605205,5,0,64 140,1,70,,605198,19,0,64 140,1,30,,605221,19,0,64 140,1,70,,605212,19,0,64 140,1,30,,605219,19,0,64 140,1,70,,605256,19,0,64 140,1,30,,605199,19,0,64 140,1,70,,605210,19,0,64 140,1
7501,'4-1',344,,605444,19,0,64 140,1,70,,605405,19,0,64 140,1,30,,605438,19,0,64 140,1,71,,605346,19,0,64 140,1,29,,605389,19,0,64 140,1,70,,605375,19,0,64 140,1,25,,605321,19,,,1,75,,605306,19,0,64 140,1,30,,605331,19,,,1,7,,605314,5,0,64 140,1,8,,605383,5,0,64 140,1,47,,605288,5,0,64 140,1,8,,605285,19,,,1,8,,605428,5,0,64 140,1,7,,605283,19,0,64 140,1,8,,605311,5,0,64 140,1,8,,605354,5,,,1,7,,605379,5,0,64 140,1,48,,605417,5,0,64 140,1,7,,605270,5,0,64 140,1,8,,605315,5,,,1,5,,605280,5,0,64 140,1,5,,605414,5,0,64 140,1,5,,605411,5,,,1,5,,605292,5,0,64 140,1,5,,605392,5,0,64 140,1,5,,605296,5,,,1,5,,605422,5,0,64 140,1,5,,605350,5,0,64 140,1,45,,605297,5,,,1,5,,605324,5,0,64 140,1,5,,605342,5,0,64 140,1,5,,605410,5,,,1,5,,605317,5,0,64 140,1,5,,605439,5,0,64 140,1,5,,605434,5,,,1,5,,605308,5,0,64 140,1,5,,605432,5,0,64 140,1,5,,605391,5,,,1,5,,605322,5,0,64 140,1,5,,605271,5,0,64 140,1,45,,605412,5,,,1,5,,605335,5,0,64 140,1,5,,605394,5,0,64 140,1,5,,605445,5,,,1,5,,605340,5,0,64 140,1,5,,605319,5,0,64 140,1,5,,605380,5,,,1,5,,605345,5,0,64 140,1,5,,605401,5,0,64 140,1,5,,605294,5,,,1,5,,605327,5,0,64 140,1,5,,605351,5,0,64 140,1,45,,605436,5,,,1,5,,605424,5,0,64 140,1,5,,605387,5,0,64 140,1,5,,605407,5,,,1,5,,605289,5,0,64 140,1,5,,605374,5,0,64 140,1,5,,605279,5,,,1,5,,605336,5,0,64 140,1,5,,605320,5,0,64 140,1,5,,605339,5,,,1,5,,605429,5,0,64 140,1,5,,605378,5,0,64 140,1,45,,605372,5,,,1,5,,605334,5,0,64 140,1,5,,605408,5,0,64 140,1,5,,605300,5,,,1,5,,605337,5,0,64 140,1,5,,605282,5,0,64 140,1,5,,605376,5,,,1,5,,605366,5,0,64 140,1,5,,605275,5,0,64 140,1,5,,605363,5,,,1,5,,605426,5,0,64 140,1,5,,605298,5,0,64 140,1,45,,605433,5,,,1,5,,605284,5,0,64 140,1,5,,605332,5,0,64 140,1,5,,605400,5,,,1,5,,605441,5,0,64 140,1,5,,605333,5,0,64 140,1,5,,605415,5,,,1,5,,605369,5,0,64 140,1,5,,605431,5,0,64 140,1,5,,605330,5,,,1,5,,605446,5,0,64 140,1,5,,605381,5,0,64 140,1,45,,605402,5,,,1,5,,605293,5,0,64 140,1,5,,605355,5,0,64 140,1,5,,605347,5,,,1,5,,605338,5,0,64 140,1,5,,605373,5,0,64 140,1,5,,605269,5,,,1,5,,605304,5,0,64 140,1,5,,605423,5,0,64 140,1,5,,605419,5,,,1,5,,605364,5,0,64 140,1,5,,605397,5,0,64 140,1,45,,605370,5,,,1,5,,605312,5,0,64 140,1,5,,605448,5,0,64 140,1,5,,605390,5,,,1,5,,605418,5,0,64 140,1,5,,605353,5,0,64 140,1,5,,605352,5,,,1,5,,605276,5,0,64 140,1,5,,605440,5,0,64 140,1,5,,605368,5,,,1,5,,605416,5,0,64 140,1,5,,605301,5,0,64 140,1,45,,605357,5,,,1,5,,605398,5,0,64 140,1,5,,605420,5,0,64 140,1,5,,605361,5,,,1,5,,605377,5,0,64 140,1,5,,605367,5,0,64 140,1,5,,605325,5,,,1,5,,605343,5,0,64 140,1,5,,605425,5,0,64 140,1,5,,605362,5,,,1,5,,605443,5,0,64 140,1,5,,605274,5,0,64 140,1,45,,605365,5,,,1,5,,605349,5,0,64 140,1,5,,605413,5,0,64 140,1,5,,605396,5,,,1,5,,605409,5,0,64 140,1,5,,605307,5,0,64 140,1,5,,605291,5,,,1,5,,605272,5,0,64 140,1,5,,605382,5,0,64 140,1,5,,605326,5,,,1,5,,605328,5,0,64 140,1,5,,605360,5,0,64 140,1,45,,605399,5,,,1,5,,605403,5,0,64 140,1,5,,605442,5,0,64 140,1,5,,605395,5,,,1,4,,605290,5,0,64 140,1,5,,605435,5,0,64 140,1,5,,605421,5,,,1,5,,605281,5,0,64 140,1,5,,605358,5,0,64 140,1,5,,605356,5,,,1,5,,605305,5,0,64 140,1,5,,605384,5,0,64 140,1,5,,605344,5,,,1,45,,605359,5,0,64 140,1,5,,605386,5,0,64 140,1,5,,605385,5,,,1,5,,605316,5,0,64 140,1,5,,605277,5,0,64 140,1,5,,605329,5,,,1,5,,605299,5,0,64 140,1,5,,605406,5,0,64 140,1,5,,605278,5,,,1,5,,605310,5,0,64 140,1,5,,605449,5,0,64 140,1,5,,605287,5,,,1,45,,605318,5,0,64 140,1,5,,605286,5,0,64 140,1,5,,605447,5,,,1,16,,605302,5,0,64 140,1,15,,605313,11,,,0,55,,605295,11,,,1,15,,605430,11,,,1,30,,605273,11,,,1,70,,605323,11,,,1,30,,605371,11,,,1,70,,605341,19,0,142 108,0,30,,605348,19,,,1,70,,605393,19,,,1,30,,605309,19,,,1,70,,605427,19,,,1,15,,605437,19,0,64 140,1,15,,605404,19,0,64 140,1,55,,605388,19,0,64 140,1,15,,605303,19,0,64 140,1
7501,'5-1',341,,605524,19,0,64 140,1,70,,605497,19,0,64 140,1,30,,605499,19,0,64 140,1,70,,605482,19,0,64 140,1,30,,605464,19,0,64 140,1,70,,605510,19,,,1,20,,605511,5,0,64 140,1,15,,605469,5,0,64 140,1,55,,605465,5,,,1,15,,605506,5,0,64 140,1,15,,605472,5,0,64 140,1,15,,605496,5,,,1,55,,605492,5,0,64 140,1,16,,605459,5,,,1,15,,605494,5,0,64 140,1,15,,605508,5,,,1,55,,605489,5,0,64 140,1,15,,605455,5,,,1,15,,605487,5,0,64 140,1,15,,605522,5,,,1,70,,605467,5,,,1,15,,605513,5,0,64 140,1,15,,605483,5,,,1,55,,605517,5,0,64 140,1,15,,605474,5,,,1,15,,605485,5,0,64 140,1,15,,605470,5,,,1,55,,605473,5,,,1,15,,605523,5,,,1,15,,605519,5,,,1,15,,605504,5,,,1,55,,605491,5,0,64 140,1,15,,605527,5,,,1,15,,605509,5,0,64 140,1,15,,605505,5,,,1,55,,605500,5,0,64 140,1,15,,605477,5,,,1,15,,605468,5,0,64 140,1,15,,605466,5,,,1,55,,605502,5,,,1,30,,605520,5,,,1,15,,605498,5,,,1,55,,605521,5,0,64 140,1,15,,605490,5,,,1,15,,605461,5,0,64 140,1,15,,605514,5,,,1,55,,605478,5,0,64 140,1,15,,605458,5,,,1,15,,605462,5,0,64 140,1,70,,605512,5,0,64 140,1,15,,605451,5,,,1,15,,605476,5,0,64 140,1,15,,605525,5,,,1,55,,605503,5,0,64 140,1,14,,605515,5,,,1,15,,605460,5,0,64 140,1,70,,605463,5,0,64 140,1,15,,605480,5,,,1,15,,605484,5,0,64 140,1,15,,605475,5,,,1,55,,605456,5,0,64 140,1,15,,605488,5,,,1,15,,605516,5,0,64 140,1,15,,605526,5,,,1,70,,605495,5,0,64 140,1,15,,605471,5,0,64 140,1,15,,605454,5,0,64 140,1,55,,605450,5,0,64 140,1,15,,605493,5,0,64 140,1,15,,605457,5,0,64 140,1,15,,605501,5,0,64 140,1,63,,605452,5,0,64 140,1,30,,605481,5,0,64 140,1,70,,605518,5,0,64 140,1,30,,605479,5,0,64 140,1,70,,605507,5,0,64 140,1,30,,605486,5,0,64 140,1,74,,605453,19,0,64 140,1
7501,'6-1',335,,605542,19,0,64 140,1,68,,605569,19,0,64 140,1,32,,605566,19,0,64 140,1,65,,605585,19,,,1,39,,605561,5,,,1,69,,605590,5,,,1,13,,605543,5,0,64 140,1,17,,605582,5,,,1,16,,605615,5,0,64 140,1,54,,605532,5,,,1,12,,605563,5,0,64 140,1,21,,605545,5,,,1,13,,605555,5,0,64 140,1,50,,605531,5,,,1,25,,605583,5,0,64 140,1,10,,605537,5,,,1,15,,605598,5,0,64 140,1,54,,605534,5,,,1,17,,605616,5,,,1,16,,605553,5,,,1,15,,605540,5,,,1,55,,605611,5,,,1,15,,605549,5,,,1,15,,605568,5,,,1,15,,605528,5,,,1,55,,605541,5,,,1,15,,605538,5,,,1,15,,605599,5,,,1,15,,605592,5,,,1,55,,605577,5,,,1,15,,605594,5,0,64 140,1,15,,605604,5,,,1,15,,605539,5,0,64 140,1,55,,605584,5,,,1,15,,605603,5,0,64 140,1,15,,605579,5,,,1,15,,605546,5,0,64 140,1,55,,605536,5,,,1,16,,605580,5,,,1,15,,605572,5,,,1,14,,605559,5,,,1,55,,605556,5,,,1,10,,605533,5,0,64 140,1,10,,605602,5,,,1,8,,605587,5,0,64 140,1,9,,605588,5,,,1,6,,605619,5,0,64 140,1,49,,605565,5,,,1,7,,605597,5,0,64 140,1,8,,605558,5,,,1,6,,605530,5,0,64 140,1,9,,605614,5,,,1,9,,605595,5,,,1,7,,605529,5,0,64 140,1,6,,605575,5,,,1,48,,605610,5,0,64 140,1,7,,605606,5,,,1,8,,605573,5,0,64 140,1,6,,605548,5,,,1,9,,605613,5,0,64 140,1,7,,605601,5,,,1,10,,605554,5,0,64 140,1,4,,605589,5,,,1,49,,605609,5,0,64 140,1,4,,605596,5,,,1,10,,605600,5,,,1,5,,605607,5,0,64 140,1,10,,605574,5,,,1,5,,605567,5,0,64 140,1,10,,605605,5,,,1,55,,605581,5,,,1,15,,605551,5,0,64 140,1,14,,605570,5,,,1,14,,605586,5,0,64 140,1,56,,605535,5,,,1,15,,605620,5,0,64 140,1,17,,605608,5,,,1,14,,605578,5,0,64 140,1,56,,605593,5,,,1,14,,605552,5,0,64 140,1,16,,605564,5,,,1,14,,605571,5,0,64 140,1,56,,605591,5,,,1,36,,605557,5,,,1,71,,605550,5,,,1,25,,605617,5,0,64 140,1,70,,605560,5,0,64 140,1,32,,605547,5,0,64 140,1,75,,605544,5,0,64 140,1,27,,605618,5,0,64 140,1,70,,605576,19,0,64 140,1,28,,605612,19,0,64 140,1,70,,605562,19,0,64 140,1
7501,'7-1',344,,605662,19,0,64 140,1,70,,605621,19,0,64 140,1,30,,605675,19,0,64 140,1,70,,605652,19,0,64 140,1,30,,605670,19,0,64 140,1,70,,605665,19,0,64 140,1,25,,605682,19,,,1,75,,605656,19,0,64 140,1,30,,605668,19,,,1,70,,605690,19,0,64 140,1,15,,605685,19,0,64 140,1,16,,605639,5,,,1,55,,605673,5,0,64 140,1,15,,605627,5,,,1,15,,605666,5,0,64 140,1,15,,605672,5,,,1,55,,605692,5,0,64 140,1,30,,605669,5,0,64 140,1,15,,605624,5,,,1,55,,605630,5,0,64 140,1,15,,605649,5,,,1,15,,605678,5,0,64 140,1,70,,605677,5,0,64 140,1,15,,605625,5,,,1,15,,605626,5,0,64 140,1,15,,605628,5,,,1,55,,605653,5,0,64 140,1,15,,605637,5,,,1,15,,605655,5,0,64 140,1,15,,605650,5,,,1,55,,605640,5,0,64 140,1,15,,605663,5,,,1,15,,605661,5,0,64 140,1,15,,605633,5,,,1,70,,605659,5,,,1,15,,605688,5,0,64 140,1,15,,605644,5,,,1,55,,605635,5,0,64 140,1,15,,605658,5,,,1,15,,605674,5,0,64 140,1,15,,605641,5,,,1,55,,605664,5,0,64 140,1,15,,605676,5,,,1,15,,605647,5,0,64 140,1,15,,605687,5,,,1,70,,605671,5,,,1,15,,605654,5,0,64 140,1,15,,605667,5,,,1,55,,605683,5,0,64 140,1,15,,605638,5,0,64 140,1,14,,605684,5,0,64 140,1,16,,605660,5,0,64 140,1,55,,605657,5,0,64 140,1,15,,605632,5,0,64 140,1,15,,605651,5,0,64 140,1,15,,605689,5,0,64 140,1,55,,605686,5,0,64 140,1,15,,605691,5,0,64 140,1,15,,605681,5,0,64 140,1,15,,605631,5,0,64 140,1,55,,605646,5,0,64 140,1,20,,605648,5,0,64 140,1,25,,605642,5,0,64 140,1,70,,605679,5,0,64 140,1,30,,605629,5,0,64 140,1,70,,605622,19,0,64 140,1,30,,605645,19,0,64 140,1,70,,605636,19,0,64 140,1,30,,605643,19,0,64 140,1,70,,605680,19,0,64 140,1,30,,605623,19,0,64 140,1,70,,605634,19,0,64 140,1
7501,'8-1',335,,605707,19,0,64 140,1,68,,605734,19,0,64 140,1,32,,605731,19,0,64 140,1,65,,605750,19,,,1,39,,605726,5,,,1,69,,605755,5,,,1,13,,605708,5,0,64 140,1,17,,605747,5,,,1,16,,605780,5,0,64 140,1,54,,605697,5,,,1,12,,605728,5,0,64 140,1,21,,605710,5,,,1,13,,605720,5,0,64 140,1,50,,605696,5,,,1,25,,605748,5,0,64 140,1,10,,605702,5,,,1,15,,605763,5,0,64 140,1,54,,605699,5,,,1,17,,605781,5,,,1,16,,605718,5,,,1,15,,605705,5,,,1,55,,605776,5,,,1,15,,605714,5,,,1,15,,605733,5,,,1,15,,605693,5,,,1,55,,605706,5,,,1,15,,605703,5,,,1,15,,605764,5,,,1,15,,605757,5,,,1,55,,605742,5,,,1,15,,605759,5,0,64 140,1,15,,605769,5,,,1,15,,605704,5,0,64 140,1,55,,605749,5,,,1,15,,605768,5,0,64 140,1,15,,605744,5,,,1,15,,605711,5,0,64 140,1,55,,605701,5,,,1,16,,605745,5,,,1,15,,605737,5,,,1,14,,605724,5,,,1,55,,605721,5,,,1,10,,605698,5,0,64 140,1,10,,605767,5,,,1,8,,605752,5,0,64 140,1,9,,605753,5,,,1,6,,605784,5,0,64 140,1,49,,605730,5,,,1,7,,605762,5,0,64 140,1,8,,605723,5,,,1,6,,605695,5,0,64 140,1,9,,605779,5,,,1,9,,605760,5,,,1,7,,605694,5,0,64 140,1,6,,605740,5,,,1,48,,605775,5,0,64 140,1,7,,605771,5,,,1,8,,605738,5,0,64 140,1,6,,605713,5,,,1,9,,605778,5,0,64 140,1,7,,605766,5,,,1,10,,605719,5,0,64 140,1,4,,605754,5,,,1,49,,605774,5,0,64 140,1,4,,605761,5,,,1,10,,605765,5,,,1,5,,605772,5,0,64 140,1,10,,605739,5,,,1,5,,605732,5,0,64 140,1,10,,605770,5,,,1,55,,605746,5,,,1,15,,605716,5,0,64 140,1,14,,605735,5,,,1,14,,605751,5,0,64 140,1,56,,605700,5,,,1,15,,605785,5,0,64 140,1,17,,605773,5,,,1,14,,605743,5,0,64 140,1,56,,605758,5,,,1,14,,605717,5,0,64 140,1,16,,605729,5,,,1,14,,605736,5,0,64 140,1,56,,605756,5,,,1,36,,605722,5,,,1,71,,605715,5,,,1,25,,605782,5,0,64 140,1,70,,605725,5,0,64 140,1,32,,605712,5,0,64 140,1,75,,605709,5,0,64 140,1,27,,605783,5,0,64 140,1,70,,605741,19,0,64 140,1,28,,605777,19,0,64 140,1,70,,605727,19,0,64 140,1
7501,'9-1',341,,605812,19,0,64 140,1,70,,605851,19,0,64 140,1,30,,605800,19,0,64 140,1,70,,605794,19,0,64 140,1,30,,605859,19,0,64 140,1,70,,605839,19,,,1,20,,605821,5,0,64 140,1,15,,605809,5,0,64 140,1,55,,605841,5,,,1,15,,605805,5,0,64 140,1,15,,605799,5,0,64 140,1,15,,605824,5,,,1,55,,605819,5,0,64 140,1,16,,605789,5,,,1,15,,605803,5,0,64 140,1,15,,605849,5,,,1,55,,605852,5,0,64 140,1,15,,605844,5,,,1,15,,605848,5,0,64 140,1,15,,605826,5,,,1,55,,605857,5,0,64 140,1,15,,605825,5,,,1,15,,605808,5,0,64 140,1,15,,605831,5,,,1,55,,605843,5,0,64 140,1,15,,605813,5,,,1,15,,605861,5,0,64 140,1,15,,605804,5,,,1,55,,605801,5,,,1,15,,605802,5,,,1,15,,605865,5,,,1,15,,605858,5,,,1,55,,605838,5,0,64 140,1,15,,605842,5,,,1,15,,605833,5,0,64 140,1,15,,605850,5,,,1,55,,605798,5,0,64 140,1,15,,605847,5,,,1,15,,605797,5,0,64 140,1,15,,605856,5,,,1,55,,605854,5,,,1,15,,605829,5,,,1,15,,605795,5,,,1,15,,605815,5,,,1,55,,605845,5,0,64 140,1,15,,605853,5,,,1,15,,605790,5,0,64 140,1,15,,605807,5,,,1,55,,605832,5,0,64 140,1,15,,605836,5,,,1,15,,605828,5,0,64 140,1,15,,605862,5,,,1,55,,605788,5,0,64 140,1,15,,605791,5,,,1,15,,605814,5,0,64 140,1,15,,605786,5,,,1,55,,605864,5,0,64 140,1,14,,605817,5,,,1,15,,605816,5,0,64 140,1,15,,605823,5,,,1,55,,605793,5,0,64 140,1,15,,605834,5,,,1,15,,605792,5,0,64 140,1,15,,605810,5,,,1,55,,605820,5,0,64 140,1,15,,605840,5,,,1,15,,605822,5,0,64 140,1,15,,605830,5,,,1,55,,605818,5,0,64 140,1,15,,605787,5,0,64 140,1,15,,605866,5,0,64 140,1,15,,605867,5,0,64 140,1,55,,605846,5,0,64 140,1,15,,605827,5,0,64 140,1,15,,605860,5,0,64 140,1,15,,605863,5,0,64 140,1,63,,605837,5,0,64 140,1,30,,605868,5,0,64 140,1,70,,605835,5,0,64 140,1,30,,605806,5,0,64 140,1,70,,605796,19,0,64 140,1,30,,605855,19,0,64 140,1,74,,605811,19,0,64 140,1
8200,'1-1',510,,607608,1,,,1,94,,607581,1,,,1,104,,607605,1,,,1,100,,607599,1,,,1,28,,607591,1,,,1,70,,607604,1,,,1,29,,607592,1,,,1,70,,607601,1,,,1,30,,607603,1,,,1,70,,607607,1,,,1,30,,607587,1,,,1,70,,607588,1,,,1,30,,607598,1,,,1,70,,607584,1,,,1,30,,607590,1,,,1,70,,607602,1,,,1,30,,607589,1,,,1,70,,607610,4,,,1,30,,607580,4,,,1,71,,607600,4,,,1,29,,607586,4,,,1,72,,607593,4,,,1,30,,607594,4,,,1,70,,607583,4,,,1,31,,607611,1,,,1,69,,607609,1,,,1,30,,607582,1,,,1,72,,607612,1,,,1,30,,607596,1,,,1,68,,607585,1,,,1,32,,607606,1,,,1,69,,607597,1,,,1,100,,607595,1,,,1
8200,'10-1',510,,607618,1,,,1,94,,607620,1,,,1,104,,607616,1,,,1,100,,607625,1,,,1,28,,607640,1,,,1,70,,607617,1,,,1,29,,607638,1,,,1,70,,607632,1,,,1,30,,607631,1,,,1,70,,607639,1,,,1,30,,607623,1,,,1,70,,607642,1,,,1,30,,607630,1,,,1,70,,607614,1,,,1,30,,607643,1,,,1,70,,607633,1,,,1,30,,607624,1,,,1,70,,607645,4,,,1,30,,607641,4,,,1,71,,607615,4,,,1,29,,607619,4,,,1,72,,607635,4,,,1,30,,607627,4,,,1,70,,607613,4,,,1,31,,607637,1,,,1,69,,607621,1,,,1,30,,607634,1,,,1,72,,607622,1,,,1,30,,607644,1,,,1,68,,607629,1,,,1,32,,607626,1,,,1,69,,607628,1,,,1,100,,607636,1,,,1
8200,'11-1',510,,607651,1,,,1,94,,607653,1,,,1,104,,607649,1,,,1,100,,607658,1,,,1,28,,607673,1,,,1,70,,607650,1,,,1,29,,607671,1,,,1,70,,607665,1,,,1,30,,607664,1,,,1,70,,607672,1,,,1,30,,607656,1,,,1,70,,607675,1,,,1,30,,607663,1,,,1,70,,607647,1,,,1,30,,607676,1,,,1,70,,607666,1,,,1,30,,607657,1,,,1,70,,607678,4,,,1,30,,607674,4,,,1,71,,607648,4,,,1,29,,607652,4,,,1,72,,607668,4,,,1,30,,607660,4,,,1,70,,607646,4,,,1,31,,607670,1,,,1,69,,607654,1,,,1,30,,607667,1,,,1,72,,607655,1,,,1,30,,607677,1,,,1,68,,607662,1,,,1,32,,607659,1,,,1,69,,607661,1,,,1,100,,607669,1,,,1
8200,'2-1',510,,607684,1,,,1,94,,607686,1,,,1,104,,607682,1,,,1,100,,607691,1,,,1,28,,607706,1,,,1,70,,607683,1,,,1,29,,607704,1,,,1,70,,607698,1,,,1,30,,607697,1,,,1,70,,607705,1,,,1,30,,607689,1,,,1,70,,607708,1,,,1,30,,607696,1,,,1,70,,607680,1,,,1,30,,607709,1,,,1,70,,607699,1,,,1,30,,607690,1,,,1,70,,607711,4,,,1,30,,607707,4,,,1,71,,607681,4,,,1,29,,607685,4,,,1,72,,607701,4,,,1,30,,607693,4,,,1,70,,607679,4,,,1,31,,607703,1,,,1,69,,607687,1,,,1,30,,607700,1,,,1,72,,607688,1,,,1,30,,607710,1,,,1,68,,607695,1,,,1,32,,607692,1,,,1,69,,607694,1,,,1,100,,607702,1,,,1
8200,'3-1',713,,607734,1,,,1,97,,607722,1,,,1,100,,607723,1,,,1,100,,607729,1,,,1,30,,607718,1,,,1,70,,607726,1,,,1,30,,607731,1,,,1,70,,607725,1,,,1,30,,607714,1,,,1,70,,607727,1,,,1,30,,607716,1,,,1,70,,607721,1,,,1,100,,607728,1,,,1,30,,607733,1,,,1,70,,607717,1,,,1,30,,607712,1,,,1,70,,607719,1,,,1,30,,607730,1,,,1,70,,607713,1,,,1,30,,607720,1,,,1,70,,607732,1,,,1,100,,607724,1,,,1,100,,607715,1,,,1,118,,607735,1,,,1
8200,'4-1',713,,607761,1,,,1,97,,607754,1,,,1,100,,607762,1,,,1,100,,607758,1,,,1,30,,607745,1,,,1,70,,607749,1,,,1,30,,607743,1,,,1,70,,607738,1,,,1,30,,607755,1,,,1,70,,607760,1,,,1,30,,607753,1,,,1,70,,607759,1,,,1,30,,607752,1,,,1,70,,607742,1,,,1,30,,607740,1,,,1,70,,607737,1,,,1,30,,607747,1,,,1,70,,607751,1,,,1,30,,607748,1,,,1,70,,607739,1,,,1,30,,607756,1,,,1,70,,607750,1,,,1,100,,607746,1,,,1,100,,607741,1,,,1,118,,607736,1,,,1,100,,607744,1,,,1,100,,607757,1,,,1
8200,'5-1',640,,607782,1,,,1,105,,607784,1,,,1,70,,607765,1,,,1,30,,607773,1,,,1,100,,607787,1,,,1,70,,607786,1,,,1,30,,607770,1,,,1,70,,607785,1,,,1,30,,607763,1,,,1,70,,607775,1,,,1,30,,607771,1,,,1,70,,607767,1,,,1,100,,607783,1,,,1,30,,607778,1,,,1,70,,607788,1,,,1,30,,607776,1,,,1,70,,607791,1,,,1,100,,607790,1,,,1,30,,607777,1,,,1,70,,607766,1,,,1,30,,607789,1,,,1,70,,607764,1,,,1,30,,607768,1,,,1,70,,607774,1,,,1,30,,607779,1,,,1,70,,607780,1,,,1,30,,607781,1,,,1,70,,607769,1,,,1,110,,607772,1,,,1
8200,'6-1',510,,607797,1,,,1,94,,607799,1,,,1,104,,607795,1,,,1,100,,607804,1,,,1,28,,607819,1,,,1,70,,607796,1,,,1,29,,607817,1,,,1,70,,607811,1,,,1,30,,607810,1,,,1,70,,607818,1,,,1,30,,607802,1,,,1,70,,607821,1,,,1,30,,607809,1,,,1,70,,607793,1,,,1,30,,607822,1,,,1,70,,607812,1,,,1,30,,607803,1,,,1,70,,607824,4,,,1,30,,607820,4,,,1,71,,607794,4,,,1,29,,607798,4,,,1,72,,607814,4,,,1,30,,607806,4,,,1,70,,607792,4,,,1,31,,607816,1,,,1,69,,607800,1,,,1,30,,607813,1,,,1,72,,607801,1,,,1,30,,607823,1,,,1,68,,607808,1,,,1,32,,607805,1,,,1,69,,607807,1,,,1,100,,607815,1,,,1
8200,'7-1',713,,607847,1,,,1,97,,607835,1,,,1,100,,607836,1,,,1,100,,607842,1,,,1,30,,607831,1,,,1,70,,607839,1,,,1,30,,607844,1,,,1,70,,607838,1,,,1,30,,607827,1,,,1,70,,607840,1,,,1,30,,607829,1,,,1,70,,607834,1,,,1,100,,607841,1,,,1,30,,607846,1,,,1,70,,607830,1,,,1,30,,607825,1,,,1,70,,607832,1,,,1,30,,607843,1,,,1,70,,607826,1,,,1,30,,607833,1,,,1,70,,607845,1,,,1,100,,607837,1,,,1,100,,607828,1,,,1,118,,607848,1,,,1
8200,'8-1',510,,607854,1,,,1,94,,607856,1,,,1,104,,607852,1,,,1,100,,607861,1,,,1,28,,607876,1,,,1,70,,607853,1,,,1,29,,607874,1,,,1,70,,607868,1,,,1,30,,607867,1,,,1,70,,607875,1,,,1,30,,607859,1,,,1,70,,607878,1,,,1,30,,607866,1,,,1,70,,607850,1,,,1,30,,607879,1,,,1,70,,607869,1,,,1,30,,607860,1,,,1,70,,607881,4,,,1,30,,607877,4,,,1,71,,607851,4,,,1,29,,607855,4,,,1,72,,607871,4,,,1,30,,607863,4,,,1,70,,607849,4,,,1,31,,607873,1,,,1,69,,607857,1,,,1,30,,607870,1,,,1,72,,607858,1,,,1,30,,607880,1,,,1,68,,607865,1,,,1,32,,607862,1,,,1,69,,607864,1,,,1,100,,607872,1,,,1
8200,'9-1',640,,607888,1,,,1,105,,607892,1,,,1,70,,607884,1,,,1,30,,607893,1,,,1,70,,607897,1,,,1,30,,607896,1,,,1,70,,607909,1,,,1,30,,607907,1,,,1,70,,607895,1,,,1,30,,607906,1,,,1,70,,607900,1,,,1,30,,607889,1,,,1,70,,607883,1,,,1,30,,607882,1,,,1,70,,607912,1,,,1,30,,607911,1,,,1,70,,607901,1,,,1,30,,607902,1,,,1,70,,607905,1,,,1,30,,607903,1,,,1,70,,607885,1,,,1,30,,607904,1,,,1,70,,607913,1,,,1,30,,607908,1,,,1,70,,607887,1,,,1,30,,607890,1,,,1,70,,607899,1,,,1,30,,607894,1,,,1,70,,607891,1,,,1,30,,607898,1,,,1,70,,607910,1,,,1,110,,607886,1,,,1
8201,'1-1',528,,607931,56,,,1,1,,607931,57,,,1,86,,607946,56,,,1,1,,607946,57,,,1,84,,607941,56,,,1,1,,607941,57,,,1,34,,607924,56,,,1,1,,607924,57,,,1,70,,607928,56,,,1,1,,607928,57,,,1,29,,607944,56,,,1,1,,607944,57,,,1,64,,607926,56,,,1,1,,607926,57,,,1,25,,607948,56,,,1,1,,607948,57,,,1,31,,607923,56,0,56 57,1,41,,607923,57,4,,1,30,,607915,57,4,,1,70,,607943,57,4,,1,30,,607919,57,4,,1,70,,607949,57,4,,1,30,,607914,57,4,,1,70,,607940,57,4,,1,30,,607927,57,4,,1,70,,607929,57,4,,1,30,,607933,57,4,,1,75,,607920,57,4,,1,105,,607916,57,4,,1,29,,607918,57,4,,1,71,,607922,57,4,,1,30,,607947,57,4,,1,66,,607921,57,4,,1,27,,607917,57,4,,1,69,,607945,57,4,,1,30,,607930,57,4,,1,72,,607932,57,4,,1,30,,607936,57,4,,1,68,,607925,57,4,,1,32,,607939,57,4,,1,68,,607935,57,4,,1,26,,607937,56,0,56 57,1,1,,607937,57,4,,1,26,,607942,56,0,56 57,1,1,,607942,57,4,,1,69,,607934,56,0,56 57,1,1,,607934,57,4,,1,92,,607938,56,0,56 57,1,1,,607938,57,4,,1
8201,'10-1',528,,607965,56,,,1,1,,607965,57,,,1,86,,607983,56,,,1,1,,607983,57,,,1,84,,607981,56,,,1,1,,607981,57,,,1,34,,607974,56,,,1,1,,607974,57,,,1,70,,607952,56,,,1,1,,607952,57,,,1,29,,607961,56,,,1,1,,607961,57,,,1,64,,607956,56,,,1,1,,607956,57,,,1,25,,607973,56,,,1,1,,607973,57,,,1,31,,607960,56,0,56 57,1,41,,607960,57,4,,1,30,,607953,57,4,,1,70,,607950,57,4,,1,30,,607977,57,4,,1,70,,607955,57,4,,1,30,,607971,57,4,,1,70,,607963,57,4,,1,30,,607984,57,4,,1,70,,607982,57,4,,1,30,,607976,57,4,,1,75,,607978,57,4,,1,105,,607975,57,4,,1,29,,607964,57,4,,1,71,,607962,57,4,,1,30,,607969,57,4,,1,66,,607966,57,4,,1,27,,607968,57,4,,1,69,,607954,57,4,,1,30,,607958,57,4,,1,72,,607959,57,4,,1,30,,607970,57,4,,1,68,,607967,57,4,,1,32,,607979,57,4,,1,68,,607957,57,4,,1,26,,607980,56,0,56 57,1,1,,607980,57,4,,1,26,,607951,56,0,56 57,1,1,,607951,57,4,,1,69,,607985,56,0,56 57,1,1,,607985,57,4,,1,92,,607972,56,0,56 57,1,1,,607972,57,4,,1
8201,'11-1',528,,608001,56,,,1,1,,608001,57,,,1,86,,608019,56,,,1,1,,608019,57,,,1,84,,608017,56,,,1,1,,608017,57,,,1,34,,608010,56,,,1,1,,608010,57,,,1,70,,607988,56,,,1,1,,607988,57,,,1,29,,607997,56,,,1,1,,607997,57,,,1,64,,607992,56,,,1,1,,607992,57,,,1,25,,608009,56,,,1,1,,608009,57,,,1,31,,607996,56,0,56 57,1,41,,607996,57,4,,1,30,,607989,57,4,,1,70,,607986,57,4,,1,30,,608013,57,4,,1,70,,607991,57,4,,1,30,,608007,57,4,,1,70,,607999,57,4,,1,30,,608020,57,4,,1,70,,608018,57,4,,1,30,,608012,57,4,,1,75,,608014,57,4,,1,105,,608011,57,4,,1,29,,608000,57,4,,1,71,,607998,57,4,,1,30,,608005,57,4,,1,66,,608002,57,4,,1,27,,608004,57,4,,1,69,,607990,57,4,,1,30,,607994,57,4,,1,72,,607995,57,4,,1,30,,608006,57,4,,1,68,,608003,57,4,,1,32,,608015,57,4,,1,68,,607993,57,4,,1,26,,608016,56,0,56 57,1,1,,608016,57,4,,1,26,,607987,56,0,56 57,1,1,,607987,57,4,,1,69,,608021,56,0,56 57,1,1,,608021,57,4,,1,92,,608008,56,0,56 57,1,1,,608008,57,4,,1
8201,'2-1',528,,608037,56,,,1,1,,608037,57,,,1,86,,608055,56,,,1,1,,608055,57,,,1,84,,608053,56,,,1,1,,608053,57,,,1,34,,608046,56,,,1,1,,608046,57,,,1,70,,608024,56,,,1,1,,608024,57,,,1,29,,608033,56,,,1,1,,608033,57,,,1,64,,608028,56,,,1,1,,608028,57,,,1,25,,608045,56,,,1,1,,608045,57,,,1,31,,608032,56,0,56 57,1,41,,608032,57,4,,1,30,,608025,57,4,,1,70,,608022,57,4,,1,30,,608049,57,4,,1,70,,608027,57,4,,1,30,,608043,57,4,,1,70,,608035,57,4,,1,30,,608056,57,4,,1,70,,608054,57,4,,1,30,,608048,57,4,,1,75,,608050,57,4,,1,105,,608047,57,4,,1,29,,608036,57,4,,1,71,,608034,57,4,,1,30,,608041,57,4,,1,66,,608038,57,4,,1,27,,608040,57,4,,1,69,,608026,57,4,,1,30,,608030,57,4,,1,72,,608031,57,4,,1,30,,608042,57,4,,1,68,,608039,57,4,,1,32,,608051,57,4,,1,68,,608029,57,4,,1,26,,608052,56,0,56 57,1,1,,608052,57,4,,1,26,,608023,56,0,56 57,1,1,,608023,57,4,,1,69,,608057,56,0,56 57,1,1,,608057,57,4,,1,92,,608044,56,0,56 57,1,1,,608044,57,4,,1
8201,'3-1',927,,608069,56,0,56 57,1,1,,608069,57,4,,1,99,,608080,56,0,56 57,1,1,,608080,57,4,,1,27,,608073,56,0,56 57,1,1,,608073,57,4,,1,72,,608067,57,4,,1,30,,608068,57,4,,1,70,,608078,57,4,,1,30,,608063,57,4,,1,70,,608076,57,4,,1,30,,608074,57,4,,1,100,,608077,57,4,,1,70,,608072,57,4,,1,30,,608058,57,4,,1,70,,608070,57,4,,1,30,,608065,57,4,,1,70,,608061,57,4,,1,30,,608066,57,4,,1,68,,608079,56,0,56 57,1,1,,608079,57,4,,1,29,,608075,56,0,56 57,1,1,,608075,57,4,,1,69,,608059,56,0,56 57,1,1,,608059,57,4,,1,29,,608071,56,0,56 57,1,1,,608071,57,4,,1,69,,608082,56,0,56 57,1,1,,608082,57,4,,1,99,,608081,56,0,56 57,1,1,,608081,57,4,,1,98,,608060,56,0,56 57,1,1,,608060,57,4,,1,99,,608064,56,0,56 57,1,1,,608064,57,4,,1,99,,608062,56,0,56 57,1,1,,608062,57,4,,1
8201,'4-1',927,,608106,56,0,56 57,1,1,,608106,57,4,,1,99,,608086,56,0,56 57,1,1,,608086,57,4,,1,27,,608094,56,0,56 57,1,1,,608094,57,4,,1,72,,608105,57,4,,1,30,,608104,57,4,,1,70,,608087,57,4,,1,30,,608084,57,4,,1,70,,608102,57,4,,1,30,,608091,57,4,,1,70,,608107,57,4,,1,30,,608101,57,4,,1,70,,608103,57,4,,1,30,,608083,57,4,,1,70,,608098,57,4,,1,30,,608095,57,4,,1,70,,608085,57,4,,1,30,,608092,57,4,,1,68,,608096,56,0,56 57,1,1,,608096,57,4,,1,29,,608093,56,0,56 57,1,1,,608093,57,4,,1,69,,608108,56,0,56 57,1,1,,608108,57,4,,1,29,,608097,56,0,56 57,1,1,,608097,57,4,,1,69,,608088,56,0,56 57,1,1,,608088,57,4,,1,99,,608109,56,0,56 57,1,1,,608109,57,4,,1,98,,608099,56,0,56 57,1,1,,608099,57,4,,1,99,,608090,56,0,56 57,1,1,,608090,57,4,,1,99,,608089,56,0,56 57,1,1,,608089,57,4,,1,99,,608100,56,0,56 57,1,1,,608100,57,4,,1
8201,'5-1',737,,608115,56,0,56 57,1,1,,608115,57,4,,1,99,,608116,56,0,56 57,1,1,,608116,57,4,,1,99,,608123,56,0,56 57,1,1,,608123,57,4,,1,69,,608126,57,4,,1,30,,608136,57,4,,1,70,,608119,57,4,,1,30,,608129,57,4,,1,70,,608132,57,4,,1,30,,608112,57,4,,1,70,,608118,57,4,,1,100,,608124,57,4,,1,30,,608128,57,4,,1,70,,608114,57,4,,1,30,,608125,57,4,,1,70,,608135,57,4,,1,100,,608131,57,4,,1,30,,608111,57,4,,1,70,,608137,57,4,,1,30,,608113,57,4,,1,70,,608117,57,4,,1,100,,608110,57,4,,1,30,,608133,57,4,,1,70,,608122,57,4,,1,30,,608120,57,4,,1,68,,608138,57,4,,1,29,,608121,56,0,56 57,1,1,,608121,57,4,,1,69,,608134,56,0,56 57,1,1,,608134,57,4,,1,99,,608130,56,0,56 57,1,1,,608130,57,4,,1,99,,608127,56,0,56 57,1,1,,608127,57,4,,1
8201,'6-1',528,,608154,56,,,1,1,,608154,57,,,1,86,,608172,56,,,1,1,,608172,57,,,1,84,,608170,56,,,1,1,,608170,57,,,1,34,,608163,56,,,1,1,,608163,57,,,1,70,,608141,56,,,1,1,,608141,57,,,1,29,,608150,56,,,1,1,,608150,57,,,1,64,,608145,56,,,1,1,,608145,57,,,1,25,,608162,56,,,1,1,,608162,57,,,1,31,,608149,56,0,56 57,1,41,,608149,57,4,,1,30,,608142,57,4,,1,70,,608139,57,4,,1,30,,608166,57,4,,1,70,,608144,57,4,,1,30,,608160,57,4,,1,70,,608152,57,4,,1,30,,608173,57,4,,1,70,,608171,57,4,,1,30,,608165,57,4,,1,75,,608167,57,4,,1,105,,608164,57,4,,1,29,,608153,57,4,,1,71,,608151,57,4,,1,30,,608158,57,4,,1,66,,608155,57,4,,1,27,,608157,57,4,,1,69,,608143,57,4,,1,30,,608147,57,4,,1,72,,608148,57,4,,1,30,,608159,57,4,,1,68,,608156,57,4,,1,32,,608168,57,4,,1,68,,608146,57,4,,1,26,,608169,56,0,56 57,1,1,,608169,57,4,,1,26,,608140,56,0,56 57,1,1,,608140,57,4,,1,69,,608174,56,0,56 57,1,1,,608174,57,4,,1,92,,608161,56,0,56 57,1,1,,608161,57,4,,1
8201,'7-1',927,,608186,56,0,56 57,1,1,,608186,57,4,,1,99,,608197,56,0,56 57,1,1,,608197,57,4,,1,27,,608190,56,0,56 57,1,1,,608190,57,4,,1,72,,608184,57,4,,1,30,,608185,57,4,,1,70,,608195,57,4,,1,30,,608180,57,4,,1,70,,608193,57,4,,1,30,,608191,57,4,,1,100,,608194,57,4,,1,70,,608189,57,4,,1,30,,608175,57,4,,1,70,,608187,57,4,,1,30,,608182,57,4,,1,70,,608178,57,4,,1,30,,608183,57,4,,1,68,,608196,56,0,56 57,1,1,,608196,57,4,,1,29,,608192,56,0,56 57,1,1,,608192,57,4,,1,69,,608176,56,0,56 57,1,1,,608176,57,4,,1,29,,608188,56,0,56 57,1,1,,608188,57,4,,1,69,,608199,56,0,56 57,1,1,,608199,57,4,,1,99,,608198,56,0,56 57,1,1,,608198,57,4,,1,98,,608177,56,0,56 57,1,1,,608177,57,4,,1,99,,608181,56,0,56 57,1,1,,608181,57,4,,1,99,,608179,56,0,56 57,1,1,,608179,57,4,,1
8201,'8-1',528,,608215,56,,,1,1,,608215,57,,,1,86,,608233,56,,,1,1,,608233,57,,,1,84,,608231,56,,,1,1,,608231,57,,,1,34,,608224,56,,,1,1,,608224,57,,,1,70,,608202,56,,,1,1,,608202,57,,,1,29,,608211,56,,,1,1,,608211,57,,,1,64,,608206,56,,,1,1,,608206,57,,,1,25,,608223,56,,,1,1,,608223,57,,,1,31,,608210,56,0,56 57,1,41,,608210,57,4,,1,30,,608203,57,4,,1,70,,608200,57,4,,1,30,,608227,57,4,,1,70,,608205,57,4,,1,30,,608221,57,4,,1,70,,608213,57,4,,1,30,,608234,57,4,,1,70,,608232,57,4,,1,30,,608226,57,4,,1,75,,608228,57,4,,1,105,,608225,57,4,,1,29,,608214,57,4,,1,71,,608212,57,4,,1,30,,608219,57,4,,1,66,,608216,57,4,,1,27,,608218,57,4,,1,69,,608204,57,4,,1,30,,608208,57,4,,1,72,,608209,57,4,,1,30,,608220,57,4,,1,68,,608217,57,4,,1,32,,608229,57,4,,1,68,,608207,57,4,,1,26,,608230,56,0,56 57,1,1,,608230,57,4,,1,26,,608201,56,0,56 57,1,1,,608201,57,4,,1,69,,608235,56,0,56 57,1,1,,608235,57,4,,1,92,,608222,56,0,56 57,1,1,,608222,57,4,,1
8201,'9-1',737,,608245,56,0,56 57,1,1,,608245,57,4,,1,99,,608255,56,0,56 57,1,1,,608255,57,4,,1,69,,608265,56,0,56 57,1,1,,608265,57,4,,1,29,,608247,56,0,56 57,1,1,,608247,57,4,,1,69,,608258,57,4,,1,30,,608267,57,4,,1,70,,608250,57,4,,1,30,,608249,57,4,,1,70,,608254,57,4,,1,30,,608237,57,4,,1,70,,608248,57,4,,1,30,,608246,57,4,,1,70,,608243,57,4,,1,30,,608257,57,4,,1,70,,608259,57,4,,1,30,,608244,57,4,,1,70,,608266,57,4,,1,30,,608252,57,4,,1,70,,608263,57,4,,1,30,,608262,57,4,,1,70,,608236,57,4,,1,30,,608238,57,4,,1,70,,608239,57,4,,1,30,,608242,57,4,,1,70,,608240,57,4,,1,30,,608256,57,4,,1,70,,608251,57,4,,1,30,,608264,57,4,,1,68,,608260,57,4,,1,29,,608253,56,0,56 57,1,1,,608253,57,4,,1,69,,608241,56,0,56 57,1,1,,608241,57,4,,1,99,,608261,56,0,56 57,1,1,,608261,57,4,,1,99,,608268,56,0,56 57,1,1,,608268,57,4,,1
8500,'1-1',428,,608366,18,,,1,73,,608343,18,,,1,30,,608374,18,,,1,15,,608404,18,,,1,55,,608357,18,,,1,17,,608395,18,,,1,15,,608375,18,,,1,15,,608377,18,,,1,55,,608393,18,,,1,13,,608352,18,,,1,18,,608384,18,,,1,17,,608345,18,,,1,55,,608400,18,,,1,15,,608373,18,,,1,15,,608353,18,,,1,14,,608372,18,,,1,54,,608349,18,,,1,15,,608386,18,,,1,15,,608362,18,,,1,15,,608347,18,,,1,55,,608356,18,,,1,15,,608405,18,,,1,15,,608379,18,,,1,15,,608365,18,,,1,55,,608344,18,,,1,15,,608401,18,,,1,15,,608385,18,,,1,15,,608348,18,,,1,55,,608367,18,,,1,15,,608380,18,,,1,15,,608394,18,,,1,15,,608383,18,,,1,55,,608368,18,,,1,15,,608363,18,,,1,15,,608351,18,,,1,15,,608378,18,,,1,56,,608350,18,,,1,15,,608376,18,,,1,30,,608364,18,,,1,55,,608398,18,,,1,16,,608396,18,,,1,16,,608346,18,,,1,69,,608355,18,,,1,14,,608381,18,,,1,15,,608402,18,,,1,15,,608399,18,,,1,56,,608354,18,,,1,15,,608392,18,,,1,15,,608382,18,,,1,15,,608397,18,,,1,55,,608358,18,,,1,15,,608391,18,,,1,14,,608387,18,,,1,72,,608390,18,,,1,29,,608342,18,,,1,71,,608370,18,,,1,30,,608388,18,,,1,69,,608389,18,,,1,29,,608403,18,,,1,69,,608341,18,,,1,29,,608361,18,,,1,70,,608359,18,,,1,29,,608369,18,,,1,70,,608371,18,,,1,39,,608360,18,,,1
8500,'10-1',428,,608427,18,,,1,73,,608431,18,,,1,30,,608456,18,,,1,15,,608408,18,,,1,55,,608469,18,,,1,17,,608425,18,,,1,15,,608452,18,,,1,15,,608437,18,,,1,55,,608438,18,,,1,13,,608409,18,,,1,18,,608462,18,,,1,17,,608411,18,,,1,55,,608423,18,,,1,15,,608422,18,,,1,15,,608467,18,,,1,14,,608430,18,,,1,54,,608450,18,,,1,15,,608464,18,,,1,15,,608428,18,,,1,15,,608433,18,,,1,55,,608460,18,,,1,15,,608459,18,,,1,15,,608444,18,,,1,15,,608449,18,,,1,55,,608465,18,,,1,15,,608434,18,,,1,15,,608421,18,,,1,15,,608439,18,,,1,55,,608436,18,,,1,15,,608412,18,,,1,15,,608466,18,,,1,15,,608424,18,,,1,55,,608445,18,,,1,15,,608440,18,,,1,15,,608442,18,,,1,15,,608447,18,,,1,56,,608455,18,,,1,15,,608470,18,,,1,30,,608415,18,,,1,55,,608457,18,,,1,16,,608413,18,,,1,16,,608414,18,,,1,69,,608407,18,,,1,14,,608429,18,,,1,15,,608419,18,,,1,15,,608454,18,,,1,56,,608416,18,,,1,15,,608453,18,,,1,15,,608458,18,,,1,15,,608468,18,,,1,55,,608443,18,,,1,15,,608432,18,,,1,14,,608448,18,,,1,72,,608417,18,,,1,29,,608435,18,,,1,71,,608406,18,,,1,30,,608426,18,,,1,69,,608461,18,,,1,29,,608446,18,,,1,69,,608420,18,,,1,29,,608410,18,,,1,70,,608418,18,,,1,29,,608451,18,,,1,70,,608441,18,,,1,39,,608463,18,,,1
8500,'11-1',428,,608492,18,,,1,73,,608496,18,,,1,30,,608521,18,,,1,15,,608473,18,,,1,55,,608534,18,,,1,17,,608490,18,,,1,15,,608517,18,,,1,15,,608502,18,,,1,55,,608503,18,,,1,13,,608474,18,,,1,18,,608527,18,,,1,17,,608476,18,,,1,55,,608488,18,,,1,15,,608487,18,,,1,15,,608532,18,,,1,14,,608495,18,,,1,54,,608515,18,,,1,15,,608529,18,,,1,15,,608493,18,,,1,15,,608498,18,,,1,55,,608525,18,,,1,15,,608524,18,,,1,15,,608509,18,,,1,15,,608514,18,,,1,55,,608530,18,,,1,15,,608499,18,,,1,15,,608486,18,,,1,15,,608504,18,,,1,55,,608501,18,,,1,15,,608477,18,,,1,15,,608531,18,,,1,15,,608489,18,,,1,55,,608510,18,,,1,15,,608505,18,,,1,15,,608507,18,,,1,15,,608512,18,,,1,56,,608520,18,,,1,15,,608535,18,,,1,30,,608480,18,,,1,55,,608522,18,,,1,16,,608478,18,,,1,16,,608479,18,,,1,69,,608472,18,,,1,14,,608494,18,,,1,15,,608484,18,,,1,15,,608519,18,,,1,56,,608481,18,,,1,15,,608518,18,,,1,15,,608523,18,,,1,15,,608533,18,,,1,55,,608508,18,,,1,15,,608497,18,,,1,14,,608513,18,,,1,72,,608482,18,,,1,29,,608500,18,,,1,71,,608471,18,,,1,30,,608491,18,,,1,69,,608526,18,,,1,29,,608511,18,,,1,69,,608485,18,,,1,29,,608475,18,,,1,70,,608483,18,,,1,29,,608516,18,,,1,70,,608506,18,,,1,39,,608528,18,,,1
8500,'2-1',428,,608557,18,,,1,73,,608561,18,,,1,30,,608586,18,,,1,15,,608538,18,,,1,55,,608599,18,,,1,17,,608555,18,,,1,15,,608582,18,,,1,15,,608567,18,,,1,55,,608568,18,,,1,13,,608539,18,,,1,18,,608592,18,,,1,17,,608541,18,,,1,55,,608553,18,,,1,15,,608552,18,,,1,15,,608597,18,,,1,14,,608560,18,,,1,54,,608580,18,,,1,15,,608594,18,,,1,15,,608558,18,,,1,15,,608563,18,,,1,55,,608590,18,,,1,15,,608589,18,,,1,15,,608574,18,,,1,15,,608579,18,,,1,55,,608595,18,,,1,15,,608564,18,,,1,15,,608551,18,,,1,15,,608569,18,,,1,55,,608566,18,,,1,15,,608542,18,,,1,15,,608596,18,,,1,15,,608554,18,,,1,55,,608575,18,,,1,15,,608570,18,,,1,15,,608572,18,,,1,15,,608577,18,,,1,56,,608585,18,,,1,15,,608600,18,,,1,30,,608545,18,,,1,55,,608587,18,,,1,16,,608543,18,,,1,16,,608544,18,,,1,69,,608537,18,,,1,14,,608559,18,,,1,15,,608549,18,,,1,15,,608584,18,,,1,56,,608546,18,,,1,15,,608583,18,,,1,15,,608588,18,,,1,15,,608598,18,,,1,55,,608573,18,,,1,15,,608562,18,,,1,14,,608578,18,,,1,72,,608547,18,,,1,29,,608565,18,,,1,71,,608536,18,,,1,30,,608556,18,,,1,69,,608591,18,,,1,29,,608576,18,,,1,69,,608550,18,,,1,29,,608540,18,,,1,70,,608548,18,,,1,29,,608581,18,,,1,70,,608571,18,,,1,39,,608593,18,,,1
8500,'3-1',525,,608636,18,,,1,31,,608639,18,,,1,70,,608635,18,,,1,30,,608628,18,,,1,71,,608641,18,,,1,30,,608617,18,,,1,70,,608631,18,,,1,30,,608644,18,,,1,61,,608605,18,,,1,20,,608621,18,,,1,80,,608627,18,,,1,20,,608604,18,,,1,20,,608612,18,,,1,61,,608610,18,,,1,20,,608618,18,,,1,20,,608637,18,,,1,60,,608642,18,,,1,20,,608638,18,,,1,20,,608608,18,,,1,75,,608611,18,,,1,15,,608606,18,,,1,55,,608643,18,,,1,15,,608609,18,,,1,15,,608640,18,,,1,15,,608626,18,,,1,55,,608602,18,,,1,15,,608601,18,,,1,30,,608633,18,,,1,55,,608625,18,,,1,15,,608620,18,,,1,15,,608629,18,,,1,18,,608645,18,,,1,58,,608623,18,,,1,29,,608615,18,,,1,69,,608632,18,,,1,30,,608613,18,,,1,70,,608634,18,,,1,29,,608619,18,,,1,70,,608607,18,,,1,30,,608624,18,,,1,100,,608622,18,,,1,70,,608630,18,,,1,30,,608616,18,,,1,69,,608614,18,,,1,39,,608603,18,,,1
8500,'4-1',528,,608659,18,0,105,1,31,,608711,18,0,105,1,70,,608650,18,0,105,1,30,,608693,18,0,105,1,71,,608686,18,0,105,1,70,,608692,18,0,105,1,30,,608664,18,0,105,1,70,,608681,18,0,105,1,21,,608668,18,0,105,1,20,,608688,18,0,105,1,60,,608653,18,0,105,1,20,,608689,18,0,105,1,10,,608669,18,0,105,1,10,,608702,18,0,105,1,10,,608701,18,0,105,1,50,,608720,18,0,105,1,10,,608684,18,0,105,1,11,,608717,18,0,105,1,10,,608651,18,0,105,1,10,,608660,18,0,105,1,10,,608673,18,0,105,1,50,,608718,18,0,105,1,10,,608687,18,0,105,1,10,,608657,18,0,105,1,10,,608652,18,0,105,1,10,,608694,18,0,105,1,10,,608712,18,0,105,1,50,,608722,18,0,105,1,10,,608685,18,0,105,1,10,,608709,18,0,105,1,10,,608707,18,0,105,1,10,,608675,18,0,105,1,10,,608666,18,0,105,1,50,,608667,18,0,105,1,10,,608713,18,0,105,1,10,,608670,18,0,105,1,10,,608697,18,0,105,1,10,,608705,18,0,105,1,10,,608714,18,0,105,1,50,,608661,18,0,105,1,10,,608679,18,0,105,1,10,,608671,18,0,105,1,10,,608656,18,0,105,1,10,,608721,18,0,105,1,10,,608676,18,0,105,1,50,,608719,18,0,105,1,10,,608682,18,0,105,1,10,,608708,18,0,105,1,10,,608700,18,0,105,1,10,,608706,18,0,105,1,10,,608654,18,0,105,1,50,,608678,18,0,105,1,10,,608715,18,0,105,1,10,,608655,18,0,105,1,10,,608710,18,0,105,1,10,,608716,18,0,105,1,10,,608695,18,0,105,1,50,,608699,18,0,105,1,10,,608690,18,0,105,1,10,,608704,18,0,105,1,10,,608649,18,0,105,1,10,,608665,18,0,105,1,10,,608674,18,0,105,1,55,,608691,18,0,105,1,15,,608658,18,0,105,1,14,,608672,18,0,105,1,15,,608677,18,0,105,1,55,,608648,18,0,105,1,15,,608680,18,0,105,1,15,,608683,18,0,105,1,70,,608647,18,0,105,1,30,,608703,18,0,105,1,70,,608646,18,0,105,1,30,,608662,18,0,105,1,69,,608698,18,0,105,1,40,,608663,18,0,105,1,70,,608696,18,0,105,1
8500,'5-1',520,,608758,18,,,1,30,,608741,18,,,1,100,,608765,18,,,1,71,,608735,18,,,1,30,,608724,18,,,1,100,,608725,18,,,1,71,,608729,18,,,1,19,,608736,18,,,1,15,,608732,18,,,1,55,,608756,18,,,1,30,,608753,18,,,1,15,,608723,18,,,1,55,,608752,18,,,1,31,,608750,18,,,1,15,,608746,18,,,1,55,,608763,18,,,1,15,,608740,18,,,1,30,,608754,18,,,1,55,,608737,18,,,1,15,,608757,18,,,1,15,,608745,18,,,1,70,,608739,18,,,1,30,,608726,18,,,1,15,,608760,18,,,1,55,,608755,18,,,1,15,,608738,18,,,1,30,,608747,18,,,1,70,,608727,18,,,1,30,,608730,18,,,1,55,,608759,18,,,1,15,,608764,18,,,1,17,,608761,18,,,1,70,,608743,18,,,1,30,,608748,18,,,1,70,,608744,18,,,1,29,,608749,18,,,1,70,,608742,18,,,1,100,,608733,18,,,1,30,,608734,18,,,1,100,,608751,18,,,1,69,,608762,18,,,1,30,,608728,18,,,1,70,,608731,18,,,1
8500,'6-1',428,,608787,18,,,1,73,,608791,18,,,1,30,,608816,18,,,1,15,,608768,18,,,1,55,,608829,18,,,1,17,,608785,18,,,1,15,,608812,18,,,1,15,,608797,18,,,1,55,,608798,18,,,1,13,,608769,18,,,1,18,,608822,18,,,1,17,,608771,18,,,1,55,,608783,18,,,1,15,,608782,18,,,1,15,,608827,18,,,1,14,,608790,18,,,1,54,,608810,18,,,1,15,,608824,18,,,1,15,,608788,18,,,1,15,,608793,18,,,1,55,,608820,18,,,1,15,,608819,18,,,1,15,,608804,18,,,1,15,,608809,18,,,1,55,,608825,18,,,1,15,,608794,18,,,1,15,,608781,18,,,1,15,,608799,18,,,1,55,,608796,18,,,1,15,,608772,18,,,1,15,,608826,18,,,1,15,,608784,18,,,1,55,,608805,18,,,1,15,,608800,18,,,1,15,,608802,18,,,1,15,,608807,18,,,1,56,,608815,18,,,1,15,,608830,18,,,1,30,,608775,18,,,1,55,,608817,18,,,1,16,,608773,18,,,1,16,,608774,18,,,1,69,,608767,18,,,1,14,,608789,18,,,1,15,,608779,18,,,1,15,,608814,18,,,1,56,,608776,18,,,1,15,,608813,18,,,1,15,,608818,18,,,1,15,,608828,18,,,1,55,,608803,18,,,1,15,,608792,18,,,1,14,,608808,18,,,1,72,,608777,18,,,1,29,,608795,18,,,1,71,,608766,18,,,1,30,,608786,18,,,1,69,,608821,18,,,1,29,,608806,18,,,1,69,,608780,18,,,1,29,,608770,18,,,1,70,,608778,18,,,1,29,,608811,18,,,1,70,,608801,18,,,1,39,,608823,18,,,1
8500,'7-1',525,,608866,18,,,1,31,,608869,18,,,1,70,,608865,18,,,1,30,,608858,18,,,1,71,,608871,18,,,1,30,,608847,18,,,1,70,,608861,18,,,1,30,,608874,18,,,1,61,,608835,18,,,1,20,,608851,18,,,1,80,,608857,18,,,1,20,,608834,18,,,1,20,,608842,18,,,1,61,,608840,18,,,1,20,,608848,18,,,1,20,,608867,18,,,1,60,,608872,18,,,1,20,,608868,18,,,1,20,,608838,18,,,1,75,,608841,18,,,1,15,,608836,18,,,1,55,,608873,18,,,1,15,,608839,18,,,1,15,,608870,18,,,1,15,,608856,18,,,1,55,,608832,18,,,1,15,,608831,18,,,1,30,,608863,18,,,1,55,,608855,18,,,1,15,,608850,18,,,1,15,,608859,18,,,1,18,,608875,18,,,1,58,,608853,18,,,1,29,,608845,18,,,1,69,,608862,18,,,1,30,,608843,18,,,1,70,,608864,18,,,1,29,,608849,18,,,1,70,,608837,18,,,1,30,,608854,18,,,1,100,,608852,18,,,1,70,,608860,18,,,1,30,,608846,18,,,1,69,,608844,18,,,1,39,,608833,18,,,1
8500,'8-1',428,,608897,18,,,1,73,,608901,18,,,1,30,,608926,18,,,1,15,,608878,18,,,1,55,,608939,18,,,1,17,,608895,18,,,1,15,,608922,18,,,1,15,,608907,18,,,1,55,,608908,18,,,1,13,,608879,18,,,1,18,,608932,18,,,1,17,,608881,18,,,1,55,,608893,18,,,1,15,,608892,18,,,1,15,,608937,18,,,1,14,,608900,18,,,1,54,,608920,18,,,1,15,,608934,18,,,1,15,,608898,18,,,1,15,,608903,18,,,1,55,,608930,18,,,1,15,,608929,18,,,1,15,,608914,18,,,1,15,,608919,18,,,1,55,,608935,18,,,1,15,,608904,18,,,1,15,,608891,18,,,1,15,,608909,18,,,1,55,,608906,18,,,1,15,,608882,18,,,1,15,,608936,18,,,1,15,,608894,18,,,1,55,,608915,18,,,1,15,,608910,18,,,1,15,,608912,18,,,1,15,,608917,18,,,1,56,,608925,18,,,1,15,,608940,18,,,1,30,,608885,18,,,1,55,,608927,18,,,1,16,,608883,18,,,1,16,,608884,18,,,1,69,,608877,18,,,1,14,,608899,18,,,1,15,,608889,18,,,1,15,,608924,18,,,1,56,,608886,18,,,1,15,,608923,18,,,1,15,,608928,18,,,1,15,,608938,18,,,1,55,,608913,18,,,1,15,,608902,18,,,1,14,,608918,18,,,1,72,,608887,18,,,1,29,,608905,18,,,1,71,,608876,18,,,1,30,,608896,18,,,1,69,,608931,18,,,1,29,,608916,18,,,1,69,,608890,18,,,1,29,,608880,18,,,1,70,,608888,18,,,1,29,,608921,18,,,1,70,,608911,18,,,1,39,,608933,18,,,1
8500,'9-1',520,,608941,18,,,1,30,,608961,18,,,1,70,,608971,18,,,1,30,,608975,18,,,1,71,,608972,18,,,1,30,,608988,18,,,1,70,,608949,18,,,1,30,,608982,18,,,1,71,,608995,18,,,1,19,,608980,18,,,1,15,,608993,18,,,1,55,,608970,18,,,1,15,,608992,18,,,1,15,,608955,18,,,1,15,,608960,18,,,1,55,,608968,18,,,1,16,,608986,18,,,1,15,,608981,18,,,1,15,,608967,18,,,1,55,,608948,18,,,1,15,,608946,18,,,1,15,,608974,18,,,1,15,,608964,18,,,1,55,,608979,18,,,1,15,,608965,18,,,1,15,,608958,18,,,1,15,,608969,18,,,1,55,,608959,18,,,1,15,,608950,18,,,1,15,,608987,18,,,1,15,,608947,18,,,1,55,,608989,18,,,1,15,,608956,18,,,1,15,,608994,18,,,1,15,,608945,18,,,1,55,,608963,18,,,1,15,,608983,18,,,1,15,,608991,18,,,1,15,,608985,18,,,1,55,,608990,18,,,1,15,,608943,18,,,1,17,,608976,18,,,1,70,,608973,18,,,1,30,,608984,18,,,1,70,,608977,18,,,1,29,,608966,18,,,1,70,,608942,18,,,1,30,,608952,18,,,1,70,,608954,18,,,1,30,,608951,18,,,1,70,,608953,18,,,1,30,,608962,18,,,1,69,,608957,18,,,1,30,,608944,18,,,1,70,,608978,18,,,1
8501,'1-1',512,,609039,51,,,1,3,,609039,52,,,1,27,,609005,51,,,1,3,,609005,52,,,1,71,,609043,51,,,1,4,,609043,52,,,1,30,,609007,51,,,1,4,,609007,52,,,1,51,,608996,51,,,1,4,,608996,52,,,1,11,,609045,51,,,1,4,,609045,52,,,1,11,,609044,51,,,1,4,,609044,52,,,1,12,,609046,51,,,1,4,,609046,52,,,1,49,,609052,51,,,1,4,,609052,52,,,1,18,,609029,51,,,1,4,,609029,52,,,1,11,,609051,51,,,1,4,,609051,52,,,1,11,,609002,51,,,1,44,,609002,52,,,1,12,,609015,51,,,1,4,,609015,52,,,1,11,,609050,51,,,1,4,,609050,52,,,1,9,,609041,51,,,1,4,,609041,52,,,1,9,,609016,51,,,1,4,,609016,52,,,1,51,,609048,51,,,1,4,,609048,52,,,1,11,,609047,51,,,1,4,,609047,52,,,1,11,,609019,51,,,1,4,,609019,52,,,1,11,,609001,51,,,1,4,,609001,52,,,1,50,,609035,51,,,1,4,,609035,52,,,1,11,,609030,51,,,1,4,,609030,52,,,1,11,,609014,51,,,1,4,,609014,52,,,1,11,,608998,51,,,1,4,,608998,52,,,1,51,,609023,51,,,1,4,,609023,52,,,1,11,,609033,51,,,1,4,,609033,52,,,1,13,,609037,51,,,1,4,,609037,52,,,1,13,,609024,51,,,1,44,,609024,52,,,1,11,,609009,51,,,1,4,,609009,52,,,1,11,,609020,51,,,1,4,,609020,52,,,1,11,,609004,51,,,1,4,,609004,52,,,1,11,,609040,51,,,1,44,,609040,52,,,1,11,,609013,51,,,1,4,,609013,52,,,1,11,,609000,51,,,1,4,,609000,52,,,1,13,,609057,51,,,1,4,,609057,52,,,1,9,,608999,51,,,1,44,,608999,52,,,1,13,,609026,51,,,1,4,,609026,52,,,1,11,,609006,51,,,1,4,,609006,52,,,1,11,,609025,51,,,1,4,,609025,52,,,1,54,,609056,51,,,1,5,,609056,52,,,1,10,,609036,51,,,1,5,,609036,52,,,1,10,,609021,51,,,1,5,,609021,52,,,1,10,,609017,51,,,1,5,,609017,52,,,1,49,,609008,51,,,1,4,,609008,52,,,1,12,,609034,51,,,1,4,,609034,52,,,1,13,,609055,51,,,1,4,,609055,52,,,1,63,,609010,51,,,1,4,,609010,52,,,1,9,,609032,51,,,1,4,,609032,52,,,1,7,,609027,51,,,1,4,,609027,52,,,1,11,,609059,51,,,1,4,,609059,52,,,1,63,,609049,51,,,1,4,,609049,52,,,1,27,,609003,51,,,1,4,,609003,52,,,1,68,,609031,51,,,1,4,,609031,52,,,1,22,,609022,51,,,1,4,,609022,52,,,1,65,,609053,51,,,1,4,,609053,52,,,1,25,,609038,51,,,1,4,,609038,52,,,1,64,,609028,51,,,1,4,,609028,52,,,1,26,,609018,51,,,1,4,,609018,52,,,1,65,,609058,51,,,1,4,,609058,52,,,1,26,,608997,51,,,1,4,,608997,52,,,1,66,,609012,51,,,1,4,,609012,52,,,1,26,,609042,51,,,1,4,,609042,52,,,1,66,,609054,51,,,1,4,,609054,52,,,1,28,,609011,51,,,1,4,,609011,52,,,1
8501,'10-1',512,,609109,51,,,1,3,,609109,52,,,1,27,,609113,51,,,1,3,,609113,52,,,1,71,,609097,51,,,1,4,,609097,52,,,1,30,,609065,51,,,1,4,,609065,52,,,1,51,,609072,51,,,1,4,,609072,52,,,1,11,,609064,51,,,1,4,,609064,52,,,1,11,,609100,51,,,1,4,,609100,52,,,1,12,,609080,51,,,1,4,,609080,52,,,1,49,,609103,51,,,1,4,,609103,52,,,1,18,,609107,51,,,1,4,,609107,52,,,1,11,,609081,51,,,1,4,,609081,52,,,1,11,,609069,51,,,1,44,,609069,52,,,1,12,,609105,51,,,1,4,,609105,52,,,1,11,,609074,51,,,1,4,,609074,52,,,1,9,,609087,51,,,1,4,,609087,52,,,1,9,,609117,51,,,1,4,,609117,52,,,1,51,,609118,51,,,1,4,,609118,52,,,1,11,,609079,51,,,1,4,,609079,52,,,1,11,,609076,51,,,1,4,,609076,52,,,1,11,,609073,51,,,1,4,,609073,52,,,1,50,,609101,51,,,1,4,,609101,52,,,1,11,,609102,51,,,1,4,,609102,52,,,1,11,,609060,51,,,1,4,,609060,52,,,1,11,,609115,51,,,1,4,,609115,52,,,1,51,,609104,51,,,1,4,,609104,52,,,1,11,,609114,51,,,1,4,,609114,52,,,1,13,,609092,51,,,1,4,,609092,52,,,1,13,,609108,51,,,1,44,,609108,52,,,1,11,,609122,51,,,1,4,,609122,52,,,1,11,,609121,51,,,1,4,,609121,52,,,1,11,,609098,51,,,1,4,,609098,52,,,1,11,,609078,51,,,1,44,,609078,52,,,1,11,,609088,51,,,1,4,,609088,52,,,1,11,,609090,51,,,1,4,,609090,52,,,1,13,,609071,51,,,1,4,,609071,52,,,1,9,,609062,51,,,1,44,,609062,52,,,1,13,,609119,51,,,1,4,,609119,52,,,1,11,,609077,51,,,1,4,,609077,52,,,1,11,,609068,51,,,1,4,,609068,52,,,1,54,,609063,51,,,1,5,,609063,52,,,1,10,,609085,51,,,1,5,,609085,52,,,1,10,,609120,51,,,1,5,,609120,52,,,1,10,,609082,51,,,1,5,,609082,52,,,1,49,,609083,51,,,1,4,,609083,52,,,1,12,,609116,51,,,1,4,,609116,52,,,1,13,,609086,51,,,1,4,,609086,52,,,1,63,,609095,51,,,1,4,,609095,52,,,1,9,,609070,51,,,1,4,,609070,52,,,1,7,,609066,51,,,1,4,,609066,52,,,1,11,,609106,51,,,1,4,,609106,52,,,1,63,,609110,51,,,1,4,,609110,52,,,1,27,,609096,51,,,1,4,,609096,52,,,1,68,,609061,51,,,1,4,,609061,52,,,1,22,,609067,51,,,1,4,,609067,52,,,1,65,,609093,51,,,1,4,,609093,52,,,1,25,,609111,51,,,1,4,,609111,52,,,1,64,,609089,51,,,1,4,,609089,52,,,1,26,,609112,51,,,1,4,,609112,52,,,1,65,,609099,51,,,1,4,,609099,52,,,1,26,,609094,51,,,1,4,,609094,52,,,1,66,,609091,51,,,1,4,,609091,52,,,1,26,,609084,51,,,1,4,,609084,52,,,1,66,,609123,51,,,1,4,,609123,52,,,1,28,,609075,51,,,1,4,,609075,52,,,1
8501,'11-1',512,,609173,51,,,1,3,,609173,52,,,1,27,,609177,51,,,1,3,,609177,52,,,1,71,,609161,51,,,1,4,,609161,52,,,1,30,,609129,51,,,1,4,,609129,52,,,1,51,,609136,51,,,1,4,,609136,52,,,1,11,,609128,51,,,1,4,,609128,52,,,1,11,,609164,51,,,1,4,,609164,52,,,1,12,,609144,51,,,1,4,,609144,52,,,1,49,,609167,51,,,1,4,,609167,52,,,1,18,,609171,51,,,1,4,,609171,52,,,1,11,,609145,51,,,1,4,,609145,52,,,1,11,,609133,51,,,1,44,,609133,52,,,1,12,,609169,51,,,1,4,,609169,52,,,1,11,,609138,51,,,1,4,,609138,52,,,1,9,,609151,51,,,1,4,,609151,52,,,1,9,,609181,51,,,1,4,,609181,52,,,1,51,,609182,51,,,1,4,,609182,52,,,1,11,,609143,51,,,1,4,,609143,52,,,1,11,,609140,51,,,1,4,,609140,52,,,1,11,,609137,51,,,1,4,,609137,52,,,1,50,,609165,51,,,1,4,,609165,52,,,1,11,,609166,51,,,1,4,,609166,52,,,1,11,,609124,51,,,1,4,,609124,52,,,1,11,,609179,51,,,1,4,,609179,52,,,1,51,,609168,51,,,1,4,,609168,52,,,1,11,,609178,51,,,1,4,,609178,52,,,1,13,,609156,51,,,1,4,,609156,52,,,1,13,,609172,51,,,1,44,,609172,52,,,1,11,,609186,51,,,1,4,,609186,52,,,1,11,,609185,51,,,1,4,,609185,52,,,1,11,,609162,51,,,1,4,,609162,52,,,1,11,,609142,51,,,1,44,,609142,52,,,1,11,,609152,51,,,1,4,,609152,52,,,1,11,,609154,51,,,1,4,,609154,52,,,1,13,,609135,51,,,1,4,,609135,52,,,1,9,,609126,51,,,1,44,,609126,52,,,1,13,,609183,51,,,1,4,,609183,52,,,1,11,,609141,51,,,1,4,,609141,52,,,1,11,,609132,51,,,1,4,,609132,52,,,1,54,,609127,51,,,1,5,,609127,52,,,1,10,,609149,51,,,1,5,,609149,52,,,1,10,,609184,51,,,1,5,,609184,52,,,1,10,,609146,51,,,1,5,,609146,52,,,1,49,,609147,51,,,1,4,,609147,52,,,1,12,,609180,51,,,1,4,,609180,52,,,1,13,,609150,51,,,1,4,,609150,52,,,1,63,,609159,51,,,1,4,,609159,52,,,1,9,,609134,51,,,1,4,,609134,52,,,1,7,,609130,51,,,1,4,,609130,52,,,1,11,,609170,51,,,1,4,,609170,52,,,1,63,,609174,51,,,1,4,,609174,52,,,1,27,,609160,51,,,1,4,,609160,52,,,1,68,,609125,51,,,1,4,,609125,52,,,1,22,,609131,51,,,1,4,,609131,52,,,1,65,,609157,51,,,1,4,,609157,52,,,1,25,,609175,51,,,1,4,,609175,52,,,1,64,,609153,51,,,1,4,,609153,52,,,1,26,,609176,51,,,1,4,,609176,52,,,1,65,,609163,51,,,1,4,,609163,52,,,1,26,,609158,51,,,1,4,,609158,52,,,1,66,,609155,51,,,1,4,,609155,52,,,1,26,,609148,51,,,1,4,,609148,52,,,1,66,,609187,51,,,1,4,,609187,52,,,1,28,,609139,51,,,1,4,,609139,52,,,1
8501,'2-1',512,,609237,51,,,1,3,,609237,52,,,1,27,,609241,51,,,1,3,,609241,52,,,1,71,,609225,51,,,1,4,,609225,52,,,1,30,,609193,51,,,1,4,,609193,52,,,1,51,,609200,51,,,1,4,,609200,52,,,1,11,,609192,51,,,1,4,,609192,52,,,1,11,,609228,51,,,1,4,,609228,52,,,1,12,,609208,51,,,1,4,,609208,52,,,1,49,,609231,51,,,1,4,,609231,52,,,1,18,,609235,51,,,1,4,,609235,52,,,1,11,,609209,51,,,1,4,,609209,52,,,1,11,,609197,51,,,1,44,,609197,52,,,1,12,,609233,51,,,1,4,,609233,52,,,1,11,,609202,51,,,1,4,,609202,52,,,1,9,,609215,51,,,1,4,,609215,52,,,1,9,,609245,51,,,1,4,,609245,52,,,1,51,,609246,51,,,1,4,,609246,52,,,1,11,,609207,51,,,1,4,,609207,52,,,1,11,,609204,51,,,1,4,,609204,52,,,1,11,,609201,51,,,1,4,,609201,52,,,1,50,,609229,51,,,1,4,,609229,52,,,1,11,,609230,51,,,1,4,,609230,52,,,1,11,,609188,51,,,1,4,,609188,52,,,1,11,,609243,51,,,1,4,,609243,52,,,1,51,,609232,51,,,1,4,,609232,52,,,1,11,,609242,51,,,1,4,,609242,52,,,1,13,,609220,51,,,1,4,,609220,52,,,1,13,,609236,51,,,1,44,,609236,52,,,1,11,,609250,51,,,1,4,,609250,52,,,1,11,,609249,51,,,1,4,,609249,52,,,1,11,,609226,51,,,1,4,,609226,52,,,1,11,,609206,51,,,1,44,,609206,52,,,1,11,,609216,51,,,1,4,,609216,52,,,1,11,,609218,51,,,1,4,,609218,52,,,1,13,,609199,51,,,1,4,,609199,52,,,1,9,,609190,51,,,1,44,,609190,52,,,1,13,,609247,51,,,1,4,,609247,52,,,1,11,,609205,51,,,1,4,,609205,52,,,1,11,,609196,51,,,1,4,,609196,52,,,1,54,,609191,51,,,1,5,,609191,52,,,1,10,,609213,51,,,1,5,,609213,52,,,1,10,,609248,51,,,1,5,,609248,52,,,1,10,,609210,51,,,1,5,,609210,52,,,1,49,,609211,51,,,1,4,,609211,52,,,1,12,,609244,51,,,1,4,,609244,52,,,1,13,,609214,51,,,1,4,,609214,52,,,1,63,,609223,51,,,1,4,,609223,52,,,1,9,,609198,51,,,1,4,,609198,52,,,1,7,,609194,51,,,1,4,,609194,52,,,1,11,,609234,51,,,1,4,,609234,52,,,1,63,,609238,51,,,1,4,,609238,52,,,1,27,,609224,51,,,1,4,,609224,52,,,1,68,,609189,51,,,1,4,,609189,52,,,1,22,,609195,51,,,1,4,,609195,52,,,1,65,,609221,51,,,1,4,,609221,52,,,1,25,,609239,51,,,1,4,,609239,52,,,1,64,,609217,51,,,1,4,,609217,52,,,1,26,,609240,51,,,1,4,,609240,52,,,1,65,,609227,51,,,1,4,,609227,52,,,1,26,,609222,51,,,1,4,,609222,52,,,1,66,,609219,51,,,1,4,,609219,52,,,1,26,,609212,51,,,1,4,,609212,52,,,1,66,,609251,51,,,1,4,,609251,52,,,1,28,,609203,51,,,1,4,,609203,52,,,1
8501,'3-1',715,,609262,51,,,1,3,,609262,52,,,1,28,,609284,51,,,1,3,,609284,52,,,1,67,,609275,51,,,1,3,,609275,52,,,1,28,,609252,51,,,1,4,,609252,52,,,1,66,,609281,51,,,1,4,,609281,52,,,1,30,,609272,51,,,1,4,,609272,52,,,1,66,,609277,51,,,1,4,,609277,52,,,1,26,,609266,51,,,1,4,,609266,52,,,1,66,,609254,51,,,1,4,,609254,52,,,1,26,,609255,51,,,1,4,,609255,52,,,1,59,,609263,51,,,1,4,,609263,52,,,1,16,,609274,51,,,1,4,,609274,52,,,1,16,,609292,51,,,1,4,,609292,52,,,1,56,,609257,51,,,1,4,,609257,52,,,1,16,,609271,51,,,1,4,,609271,52,,,1,11,,609289,51,,,1,4,,609289,52,,,1,51,,609259,51,,,1,4,,609259,52,,,1,11,,609265,51,,,1,4,,609265,52,,,1,11,,609290,51,,,1,4,,609290,52,,,1,66,,609291,51,,,1,4,,609291,52,,,1,11,,609283,51,,,1,4,,609283,52,,,1,11,,609276,51,,,1,4,,609276,52,,,1,10,,609287,51,,,1,4,,609287,52,,,1,51,,609261,51,,,1,4,,609261,52,,,1,11,,609268,51,,,1,4,,609268,52,,,1,11,,609288,51,,,1,4,,609288,52,,,1,11,,609256,51,,,1,4,,609256,52,,,1,69,,609279,51,,,1,4,,609279,52,,,1,14,,609264,51,,,1,4,,609264,52,,,1,57,,609280,51,,,1,3,,609280,52,,,1,28,,609273,51,,,1,3,,609273,52,,,1,67,,609282,51,,,1,3,,609282,52,,,1,27,,609258,51,,,1,3,,609258,52,,,1,67,,609253,51,,,1,3,,609253,52,,,1,97,,609267,51,,,1,3,,609267,52,,,1,27,,609293,51,,,1,3,,609293,52,,,1,66,,609278,51,,,1,3,,609278,52,,,1,97,,609270,51,,,1,3,,609270,52,,,1,27,,609269,51,,,1,3,,609269,52,,,1,67,,609285,51,,,1,3,,609285,52,,,1,27,,609286,51,,,1,3,,609286,52,,,1,67,,609260,51,,,1,3,,609260,52,,,1
8501,'4-1',714,,609305,48,,,1,3,,609305,49,,,1,27,,609299,48,,,1,3,,609299,49,,,1,67,,609317,48,,,1,3,,609317,49,,,1,28,,609312,48,,,1,3,,609312,49,,,1,67,,609333,48,,,1,3,,609333,49,,,1,28,,609314,48,,,1,4,,609314,49,,,1,66,,609323,48,,,1,4,,609323,49,,,1,29,,609349,48,,,1,4,,609349,49,,,1,6,,609365,48,,,1,44,,609365,49,,,1,6,,609351,48,,,1,4,,609351,49,,,1,6,,609346,48,,,1,4,,609346,49,,,1,6,,609327,48,,,1,4,,609327,49,,,1,6,,609360,48,,,1,4,,609360,49,,,1,6,,609301,48,,,1,4,,609301,49,,,1,6,,609300,48,,,1,44,,609300,49,,,1,6,,609340,48,,,1,4,,609340,49,,,1,6,,609296,48,,,1,4,,609296,49,,,1,6,,609306,48,,,1,4,,609306,49,,,1,6,,609366,48,,,1,4,,609366,49,,,1,6,,609341,48,,,1,4,,609341,49,,,1,6,,609357,48,,,1,44,,609357,49,,,1,6,,609358,48,,,1,4,,609358,49,,,1,6,,609353,48,,,1,4,,609353,49,,,1,6,,609295,48,,,1,4,,609295,49,,,1,6,,609350,48,,,1,4,,609350,49,,,1,6,,609345,48,,,1,4,,609345,49,,,1,6,,609297,48,,,1,44,,609297,49,,,1,6,,609343,48,,,1,4,,609343,49,,,1,6,,609356,48,,,1,4,,609356,49,,,1,6,,609315,48,,,1,4,,609315,49,,,1,6,,609347,48,,,1,4,,609347,49,,,1,6,,609344,48,,,1,4,,609344,49,,,1,6,,609348,48,,,1,44,,609348,49,,,1,6,,609355,48,,,1,4,,609355,49,,,1,6,,609308,48,,,1,4,,609308,49,,,1,6,,609335,48,,,1,4,,609335,49,,,1,6,,609326,48,,,1,4,,609326,49,,,1,6,,609363,48,,,1,4,,609363,49,,,1,6,,609298,48,,,1,44,,609298,49,,,1,6,,609332,48,,,1,4,,609332,49,,,1,6,,609325,48,,,1,4,,609325,49,,,1,6,,609352,48,,,1,4,,609352,49,,,1,5,,609310,48,,,1,4,,609310,49,,,1,6,,609319,48,,,1,4,,609319,49,,,1,6,,609304,48,,,1,44,,609304,49,,,1,6,,609342,48,,,1,4,,609342,49,,,1,6,,609364,48,,,1,4,,609364,49,,,1,6,,609338,48,,,1,4,,609338,49,,,1,6,,609354,48,,,1,4,,609354,49,,,1,6,,609362,48,,,1,4,,609362,49,,,1,6,,609329,48,,,1,44,,609329,49,,,1,6,,609316,48,,,1,4,,609316,49,,,1,6,,609294,48,,,1,4,,609294,49,,,1,6,,609320,48,,,1,4,,609320,49,,,1,4,,609303,48,,,1,3,,609303,49,,,1,7,,609330,48,,,1,3,,609330,49,,,1,7,,609336,48,,,1,3,,609336,49,,,1,47,,609361,48,,,1,3,,609361,49,,,1,7,,609321,48,,,1,3,,609321,49,,,1,7,,609368,48,,,1,3,,609368,49,,,1,12,,609307,48,,,1,3,,609307,49,,,1,12,,609309,48,,,1,3,,609309,49,,,1,52,,609359,48,,,1,3,,609359,49,,,1,12,,609313,48,,,1,3,,609313,49,,,1,12,,609328,48,,,1,3,,609328,49,,,1,12,,609302,48,,,1,3,,609302,49,,,1,67,,609339,48,,,1,3,,609339,49,,,1,27,,609324,48,,,1,3,,609324,49,,,1,67,,609337,48,,,1,3,,609337,49,,,1,26,,609318,48,,,1,3,,609318,49,,,1,67,,609322,48,,,1,3,,609322,49,,,1,27,,609311,48,,,1,3,,609311,49,,,1,67,,609334,48,,,1,3,,609334,49,,,1,29,,609367,48,,,1,43,,609367,49,,,1,27,,609331,48,,,1,3,,609331,49,,,1
8501,'5-1',535,,609411,51,,,1,3,,609411,52,,,1,70,,609377,51,,,1,3,,609377,52,,,1,27,,609386,51,,,1,3,,609386,52,,,1,67,,609409,51,,,1,3,,609409,52,,,1,98,,609412,51,,,1,3,,609412,52,,,1,27,,609371,51,,,1,3,,609371,52,,,1,68,,609393,51,,,1,4,,609393,52,,,1,98,,609383,51,,,1,4,,609383,52,,,1,11,,609413,51,,,1,4,,609413,52,,,1,26,,609410,51,,,1,44,,609410,52,,,1,11,,609374,51,,,1,4,,609374,52,,,1,11,,609401,51,,,1,4,,609401,52,,,1,11,,609376,51,,,1,4,,609376,52,,,1,66,,609379,51,,,1,4,,609379,52,,,1,11,,609388,51,,,1,4,,609388,52,,,1,11,,609381,51,,,1,4,,609381,52,,,1,66,,609384,51,,,1,4,,609384,52,,,1,11,,609385,51,,,1,4,,609385,52,,,1,11,,609382,51,,,1,4,,609382,52,,,1,11,,609398,51,,,1,44,,609398,52,,,1,26,,609395,51,,,1,4,,609395,52,,,1,11,,609375,51,,,1,4,,609375,52,,,1,11,,609380,51,,,1,44,,609380,52,,,1,11,,609389,51,,,1,4,,609389,52,,,1,25,,609402,51,,,1,4,,609402,52,,,1,66,,609399,51,,,1,4,,609399,52,,,1,11,,609397,51,,,1,4,,609397,52,,,1,10,,609373,51,,,1,4,,609373,52,,,1,11,,609369,51,,,1,4,,609369,52,,,1,66,,609392,51,,,1,4,,609392,52,,,1,24,,609396,51,,,1,3,,609396,52,,,1,67,,609408,51,,,1,3,,609408,52,,,1,12,,609370,51,,,1,3,,609370,52,,,1,61,,609405,51,,,1,3,,609405,52,,,1,28,,609391,51,,,1,3,,609391,52,,,1,97,,609406,51,,,1,3,,609406,52,,,1,67,,609404,51,,,1,3,,609404,52,,,1,27,,609394,51,,,1,3,,609394,52,,,1,96,,609407,51,,,1,3,,609407,52,,,1,67,,609390,51,,,1,3,,609390,52,,,1,97,,609400,51,,,1,3,,609400,52,,,1,27,,609387,51,,,1,3,,609387,52,,,1,67,,609372,51,,,1,3,,609372,52,,,1,27,,609378,51,,,1,3,,609378,52,,,1,67,,609403,51,,,1,3,,609403,52,,,1
8501,'6-1',512,,609463,51,,,1,3,,609463,52,,,1,27,,609467,51,,,1,3,,609467,52,,,1,71,,609451,51,,,1,4,,609451,52,,,1,30,,609419,51,,,1,4,,609419,52,,,1,51,,609426,51,,,1,4,,609426,52,,,1,11,,609418,51,,,1,4,,609418,52,,,1,11,,609454,51,,,1,4,,609454,52,,,1,12,,609434,51,,,1,4,,609434,52,,,1,49,,609457,51,,,1,4,,609457,52,,,1,18,,609461,51,,,1,4,,609461,52,,,1,11,,609435,51,,,1,4,,609435,52,,,1,11,,609423,51,,,1,44,,609423,52,,,1,12,,609459,51,,,1,4,,609459,52,,,1,11,,609428,51,,,1,4,,609428,52,,,1,9,,609441,51,,,1,4,,609441,52,,,1,9,,609471,51,,,1,4,,609471,52,,,1,51,,609472,51,,,1,4,,609472,52,,,1,11,,609433,51,,,1,4,,609433,52,,,1,11,,609430,51,,,1,4,,609430,52,,,1,11,,609427,51,,,1,4,,609427,52,,,1,50,,609455,51,,,1,4,,609455,52,,,1,11,,609456,51,,,1,4,,609456,52,,,1,11,,609414,51,,,1,4,,609414,52,,,1,11,,609469,51,,,1,4,,609469,52,,,1,51,,609458,51,,,1,4,,609458,52,,,1,11,,609468,51,,,1,4,,609468,52,,,1,13,,609446,51,,,1,4,,609446,52,,,1,13,,609462,51,,,1,44,,609462,52,,,1,11,,609476,51,,,1,4,,609476,52,,,1,11,,609475,51,,,1,4,,609475,52,,,1,11,,609452,51,,,1,4,,609452,52,,,1,11,,609432,51,,,1,44,,609432,52,,,1,11,,609442,51,,,1,4,,609442,52,,,1,11,,609444,51,,,1,4,,609444,52,,,1,13,,609425,51,,,1,4,,609425,52,,,1,9,,609416,51,,,1,44,,609416,52,,,1,13,,609473,51,,,1,4,,609473,52,,,1,11,,609431,51,,,1,4,,609431,52,,,1,11,,609422,51,,,1,4,,609422,52,,,1,54,,609417,51,,,1,5,,609417,52,,,1,10,,609439,51,,,1,5,,609439,52,,,1,10,,609474,51,,,1,5,,609474,52,,,1,10,,609436,51,,,1,5,,609436,52,,,1,49,,609437,51,,,1,4,,609437,52,,,1,12,,609470,51,,,1,4,,609470,52,,,1,13,,609440,51,,,1,4,,609440,52,,,1,63,,609449,51,,,1,4,,609449,52,,,1,9,,609424,51,,,1,4,,609424,52,,,1,7,,609420,51,,,1,4,,609420,52,,,1,11,,609460,51,,,1,4,,609460,52,,,1,63,,609464,51,,,1,4,,609464,52,,,1,27,,609450,51,,,1,4,,609450,52,,,1,68,,609415,51,,,1,4,,609415,52,,,1,22,,609421,51,,,1,4,,609421,52,,,1,65,,609447,51,,,1,4,,609447,52,,,1,25,,609465,51,,,1,4,,609465,52,,,1,64,,609443,51,,,1,4,,609443,52,,,1,26,,609466,51,,,1,4,,609466,52,,,1,65,,609453,51,,,1,4,,609453,52,,,1,26,,609448,51,,,1,4,,609448,52,,,1,66,,609445,51,,,1,4,,609445,52,,,1,26,,609438,51,,,1,4,,609438,52,,,1,66,,609477,51,,,1,4,,609477,52,,,1,28,,609429,51,,,1,4,,609429,52,,,1
8501,'7-1',715,,609488,51,,,1,3,,609488,52,,,1,28,,609510,51,,,1,3,,609510,52,,,1,67,,609501,51,,,1,3,,609501,52,,,1,28,,609478,51,,,1,4,,609478,52,,,1,66,,609507,51,,,1,4,,609507,52,,,1,30,,609498,51,,,1,4,,609498,52,,,1,66,,609503,51,,,1,4,,609503,52,,,1,26,,609492,51,,,1,4,,609492,52,,,1,66,,609480,51,,,1,4,,609480,52,,,1,26,,609481,51,,,1,4,,609481,52,,,1,59,,609489,51,,,1,4,,609489,52,,,1,16,,609500,51,,,1,4,,609500,52,,,1,16,,609518,51,,,1,4,,609518,52,,,1,56,,609483,51,,,1,4,,609483,52,,,1,16,,609497,51,,,1,4,,609497,52,,,1,11,,609515,51,,,1,4,,609515,52,,,1,51,,609485,51,,,1,4,,609485,52,,,1,11,,609491,51,,,1,4,,609491,52,,,1,11,,609516,51,,,1,4,,609516,52,,,1,66,,609517,51,,,1,4,,609517,52,,,1,11,,609509,51,,,1,4,,609509,52,,,1,11,,609502,51,,,1,4,,609502,52,,,1,10,,609513,51,,,1,4,,609513,52,,,1,51,,609487,51,,,1,4,,609487,52,,,1,11,,609494,51,,,1,4,,609494,52,,,1,11,,609514,51,,,1,4,,609514,52,,,1,11,,609482,51,,,1,4,,609482,52,,,1,69,,609505,51,,,1,4,,609505,52,,,1,14,,609490,51,,,1,4,,609490,52,,,1,57,,609506,51,,,1,3,,609506,52,,,1,28,,609499,51,,,1,3,,609499,52,,,1,67,,609508,51,,,1,3,,609508,52,,,1,27,,609484,51,,,1,3,,609484,52,,,1,67,,609479,51,,,1,3,,609479,52,,,1,97,,609493,51,,,1,3,,609493,52,,,1,27,,609519,51,,,1,3,,609519,52,,,1,66,,609504,51,,,1,3,,609504,52,,,1,97,,609496,51,,,1,3,,609496,52,,,1,27,,609495,51,,,1,3,,609495,52,,,1,67,,609511,51,,,1,3,,609511,52,,,1,27,,609512,51,,,1,3,,609512,52,,,1,67,,609486,51,,,1,3,,609486,52,,,1
8501,'8-1',512,,609569,51,,,1,3,,609569,52,,,1,27,,609573,51,,,1,3,,609573,52,,,1,71,,609557,51,,,1,4,,609557,52,,,1,30,,609525,51,,,1,4,,609525,52,,,1,51,,609532,51,,,1,4,,609532,52,,,1,11,,609524,51,,,1,4,,609524,52,,,1,11,,609560,51,,,1,4,,609560,52,,,1,12,,609540,51,,,1,4,,609540,52,,,1,49,,609563,51,,,1,4,,609563,52,,,1,18,,609567,51,,,1,4,,609567,52,,,1,11,,609541,51,,,1,4,,609541,52,,,1,11,,609529,51,,,1,44,,609529,52,,,1,12,,609565,51,,,1,4,,609565,52,,,1,11,,609534,51,,,1,4,,609534,52,,,1,9,,609547,51,,,1,4,,609547,52,,,1,9,,609577,51,,,1,4,,609577,52,,,1,51,,609578,51,,,1,4,,609578,52,,,1,11,,609539,51,,,1,4,,609539,52,,,1,11,,609536,51,,,1,4,,609536,52,,,1,11,,609533,51,,,1,4,,609533,52,,,1,50,,609561,51,,,1,4,,609561,52,,,1,11,,609562,51,,,1,4,,609562,52,,,1,11,,609520,51,,,1,4,,609520,52,,,1,11,,609575,51,,,1,4,,609575,52,,,1,51,,609564,51,,,1,4,,609564,52,,,1,11,,609574,51,,,1,4,,609574,52,,,1,13,,609552,51,,,1,4,,609552,52,,,1,13,,609568,51,,,1,44,,609568,52,,,1,11,,609582,51,,,1,4,,609582,52,,,1,11,,609581,51,,,1,4,,609581,52,,,1,11,,609558,51,,,1,4,,609558,52,,,1,11,,609538,51,,,1,44,,609538,52,,,1,11,,609548,51,,,1,4,,609548,52,,,1,11,,609550,51,,,1,4,,609550,52,,,1,13,,609531,51,,,1,4,,609531,52,,,1,9,,609522,51,,,1,44,,609522,52,,,1,13,,609579,51,,,1,4,,609579,52,,,1,11,,609537,51,,,1,4,,609537,52,,,1,11,,609528,51,,,1,4,,609528,52,,,1,54,,609523,51,,,1,5,,609523,52,,,1,10,,609545,51,,,1,5,,609545,52,,,1,10,,609580,51,,,1,5,,609580,52,,,1,10,,609542,51,,,1,5,,609542,52,,,1,49,,609543,51,,,1,4,,609543,52,,,1,12,,609576,51,,,1,4,,609576,52,,,1,13,,609546,51,,,1,4,,609546,52,,,1,63,,609555,51,,,1,4,,609555,52,,,1,9,,609530,51,,,1,4,,609530,52,,,1,7,,609526,51,,,1,4,,609526,52,,,1,11,,609566,51,,,1,4,,609566,52,,,1,63,,609570,51,,,1,4,,609570,52,,,1,27,,609556,51,,,1,4,,609556,52,,,1,68,,609521,51,,,1,4,,609521,52,,,1,22,,609527,51,,,1,4,,609527,52,,,1,65,,609553,51,,,1,4,,609553,52,,,1,25,,609571,51,,,1,4,,609571,52,,,1,64,,609549,51,,,1,4,,609549,52,,,1,26,,609572,51,,,1,4,,609572,52,,,1,65,,609559,51,,,1,4,,609559,52,,,1,26,,609554,51,,,1,4,,609554,52,,,1,66,,609551,51,,,1,4,,609551,52,,,1,26,,609544,51,,,1,4,,609544,52,,,1,66,,609583,51,,,1,4,,609583,52,,,1,28,,609535,51,,,1,4,,609535,52,,,1
8501,'9-1',535,,609622,51,,,1,3,,609622,52,,,1,70,,609620,51,,,1,3,,609620,52,,,1,27,,609623,51,,,1,3,,609623,52,,,1,67,,609637,51,,,1,3,,609637,52,,,1,27,,609590,51,,,1,3,,609590,52,,,1,68,,609629,51,,,1,3,,609629,52,,,1,27,,609586,51,,,1,3,,609586,52,,,1,68,,609639,51,,,1,4,,609639,52,,,1,26,,609608,51,,,1,4,,609608,52,,,1,68,,609599,51,,,1,4,,609599,52,,,1,11,,609627,51,,,1,4,,609627,52,,,1,11,,609587,51,,,1,4,,609587,52,,,1,11,,609607,51,,,1,44,,609607,52,,,1,11,,609591,51,,,1,4,,609591,52,,,1,11,,609613,51,,,1,4,,609613,52,,,1,11,,609611,51,,,1,4,,609611,52,,,1,11,,609593,51,,,1,44,,609593,52,,,1,11,,609601,51,,,1,4,,609601,52,,,1,11,,609592,51,,,1,4,,609592,52,,,1,11,,609610,51,,,1,4,,609610,52,,,1,11,,609640,51,,,1,44,,609640,52,,,1,11,,609625,51,,,1,4,,609625,52,,,1,11,,609631,51,,,1,4,,609631,52,,,1,11,,609621,51,,,1,4,,609621,52,,,1,11,,609619,51,,,1,44,,609619,52,,,1,11,,609635,51,,,1,4,,609635,52,,,1,11,,609616,51,,,1,4,,609616,52,,,1,11,,609602,51,,,1,4,,609602,52,,,1,11,,609634,51,,,1,44,,609634,52,,,1,11,,609636,51,,,1,4,,609636,52,,,1,11,,609603,51,,,1,4,,609603,52,,,1,10,,609597,51,,,1,4,,609597,52,,,1,11,,609638,51,,,1,44,,609638,52,,,1,11,,609624,51,,,1,4,,609624,52,,,1,11,,609585,51,,,1,4,,609585,52,,,1,10,,609605,51,,,1,4,,609605,52,,,1,11,,609606,51,,,1,4,,609606,52,,,1,51,,609633,51,,,1,4,,609633,52,,,1,11,,609632,51,,,1,4,,609632,52,,,1,10,,609642,51,,,1,4,,609642,52,,,1,10,,609618,51,,,1,3,,609618,52,,,1,52,,609614,51,,,1,3,,609614,52,,,1,12,,609630,51,,,1,3,,609630,52,,,1,12,,609589,51,,,1,3,,609589,52,,,1,61,,609641,51,,,1,3,,609641,52,,,1,28,,609609,51,,,1,3,,609609,52,,,1,67,,609596,51,,,1,3,,609596,52,,,1,27,,609594,51,,,1,3,,609594,52,,,1,67,,609595,51,,,1,3,,609595,52,,,1,27,,609612,51,,,1,3,,609612,52,,,1,66,,609617,51,,,1,3,,609617,52,,,1,27,,609598,51,,,1,3,,609598,52,,,1,67,,609626,51,,,1,3,,609626,52,,,1,27,,609584,51,,,1,3,,609584,52,,,1,67,,609604,51,,,1,3,,609604,52,,,1,27,,609600,51,,,1,3,,609600,52,,,1,67,,609615,51,,,1,3,,609615,52,,,1,27,,609588,51,,,1,3,,609588,52,,,1,67,,609628,51,,,1,3,,609628,52,,,1
15300,'1-1',800,,621687,1,,,1,209,,621681,1,,,1,98,,621685,1,,,1,102,,621679,1,,,1,97,,621682,1,,,1,101,,621683,1,,,1,196,,621686,1,,,1,206,,621680,1,,,1,91,,621684,1,,,1
15300,'10-1',800,,621695,1,,,1,209,,621694,1,,,1,98,,621688,1,,,1,102,,621696,1,,,1,97,,621692,1,,,1,101,,621691,1,,,1,196,,621690,1,,,1,206,,621693,1,,,1,91,,621689,1,,,1
15300,'11-1',800,,621704,1,,,1,209,,621703,1,,,1,98,,621697,1,,,1,102,,621705,1,,,1,97,,621701,1,,,1,101,,621700,1,,,1,196,,621699,1,,,1,206,,621702,1,,,1,91,,621698,1,,,1
15300,'2-1',800,,621713,1,,,1,209,,621712,1,,,1,98,,621706,1,,,1,102,,621714,1,,,1,97,,621710,1,,,1,101,,621709,1,,,1,196,,621708,1,,,1,206,,621711,1,,,1,91,,621707,1,,,1
15300,'3-1',1005,,621716,1,,,1,200,,621717,1,,,1,200,,621715,1,,,1,200,,621718,1,,,1
15300,'4-1',1005,,621722,1,,,1,200,,621719,1,,,1,200,,621721,1,,,1,200,,621720,1,,,1
15300,'5-1',1005,,621723,1,,,1,200,,621726,1,,,1,200,,621725,1,,,1,200,,621724,1,,,1
15300,'6-1',800,,621734,1,,,1,209,,621733,1,,,1,98,,621727,1,,,1,102,,621735,1,,,1,97,,621731,1,,,1,101,,621730,1,,,1,196,,621729,1,,,1,206,,621732,1,,,1,91,,621728,1,,,1
15300,'7-1',1005,,621737,1,,,1,200,,621738,1,,,1,200,,621736,1,,,1,200,,621739,1,,,1
15300,'8-1',800,,621747,1,,,1,209,,621746,1,,,1,98,,621740,1,,,1,102,,621748,1,,,1,97,,621744,1,,,1,101,,621743,1,,,1,196,,621742,1,,,1,206,,621745,1,,,1,91,,621741,1,,,1
15300,'9-1',1005,,621749,1,,,1,200,,621750,1,,,1,200,,621751,1,,,1,200,,621752,1,,,1
15301,'1-1',900,,621759,19,4,,1,240,,621756,19,4,,1,102,,621754,19,4,,1,97,,621758,19,4,,1,103,,621753,19,4,,1,99,,621755,19,4,,1,203,,621760,19,4,,1,194,,621757,19,4,,1
15301,'10-1',900,,621767,19,4,,1,240,,621762,19,4,,1,102,,621768,19,4,,1,97,,621765,19,4,,1,103,,621763,19,4,,1,99,,621766,19,4,,1,203,,621764,19,4,,1,194,,621761,19,4,,1
15301,'11-1',900,,621775,19,4,,1,240,,621770,19,4,,1,102,,621776,19,4,,1,97,,621773,19,4,,1,103,,621771,19,4,,1,99,,621774,19,4,,1,203,,621772,19,4,,1,194,,621769,19,4,,1
15301,'2-1',900,,621783,19,4,,1,240,,621778,19,4,,1,102,,621784,19,4,,1,97,,621781,19,4,,1,103,,621779,19,4,,1,99,,621782,19,4,,1,203,,621780,19,4,,1,194,,621777,19,4,,1
15301,'3-1',1046,,621786,19,4,,1,200,,621788,19,4,,1,200,,621785,19,4,,1,200,,621787,19,4,,1
15301,'4-1',1046,,621792,19,4,,1,200,,621789,19,4,,1,200,,621791,19,4,,1,200,,621790,19,4,,1
15301,'5-1',1046,,621795,19,4,,1,200,,621793,19,4,,1,200,,621794,19,4,,1,200,,621796,19,4,,1
15301,'6-1',900,,621803,19,4,,1,240,,621798,19,4,,1,102,,621804,19,4,,1,97,,621801,19,4,,1,103,,621799,19,4,,1,99,,621802,19,4,,1,203,,621800,19,4,,1,194,,621797,19,4,,1
15301,'7-1',1046,,621806,19,4,,1,200,,621808,19,4,,1,200,,621805,19,4,,1,200,,621807,19,4,,1
15301,'8-1',900,,621815,19,4,,1,240,,621810,19,4,,1,102,,621816,19,4,,1,97,,621813,19,4,,1,103,,621811,19,4,,1,99,,621814,19,4,,1,203,,621812,19,4,,1,194,,621809,19,4,,1
15301,'9-1',1046,,621817,19,4,,1,200,,621819,19,4,,1,200,,621820,19,4,,1,200,,621818,19,4,,1
25600,'1-1',557,,626517,45,4,,1,72,,626512,45,4,,1,30,,626513,45,4,,1,69,,626511,45,4,,1,30,,626514,45,4,,1,69,,626515,45,4,,1,31,,626516,45,4,,1
25600,'10-1',557,,626520,45,4,,1,72,,626524,45,4,,1,30,,626521,45,4,,1,69,,626519,45,4,,1,30,,626523,45,4,,1,69,,626522,45,4,,1,31,,626518,45,4,,1
25600,'11-1',557,,626527,45,4,,1,72,,626531,45,4,,1,30,,626528,45,4,,1,69,,626526,45,4,,1,30,,626530,45,4,,1,69,,626529,45,4,,1,31,,626525,45,4,,1
25600,'2-1',557,,626534,45,4,,1,72,,626538,45,4,,1,30,,626535,45,4,,1,69,,626533,45,4,,1,30,,626537,45,4,,1,69,,626536,45,4,,1,31,,626532,45,4,,1
25600,'6-1',557,,626541,45,4,,1,72,,626545,45,4,,1,30,,626542,45,4,,1,69,,626540,45,4,,1,30,,626544,45,4,,1,69,,626543,45,4,,1,31,,626539,45,4,,1
25600,'8-1',557,,626548,45,4,,1,72,,626552,45,4,,1,30,,626549,45,4,,1,69,,626547,45,4,,1,30,,626551,45,4,,1,69,,626550,45,4,,1,31,,626546,45,4,,1
25601,'1-1',1511,,626557,4,,,1,32,,626555,4,,,1,70,,626558,4,,,1,31,,626554,4,,,1,70,,626556,4,,,1,29,,626559,4,,,1,70,,626560,4,,,1,36,,626553,4,,,1
25601,'10-1',1511,,626564,4,,,1,32,,626565,4,,,1,69,,626567,4,,,1,32,,626566,4,,,1,70,,626561,4,,,1,29,,626563,4,,,1,70,,626562,4,,,1,36,,626568,4,,,1
25601,'11-1',1511,,626572,4,,,1,32,,626573,4,,,1,69,,626575,4,,,1,32,,626574,4,,,1,70,,626569,4,,,1,29,,626571,4,,,1,70,,626570,4,,,1,36,,626576,4,,,1
25601,'2-1',1511,,626580,4,,,1,32,,626581,4,,,1,69,,626583,4,,,1,32,,626582,4,,,1,70,,626577,4,,,1,29,,626579,4,,,1,70,,626578,4,,,1,36,,626584,4,,,1
25601,'6-1',1511,,626588,4,,,1,32,,626589,4,,,1,69,,626591,4,,,1,32,,626590,4,,,1,70,,626585,4,,,1,29,,626587,4,,,1,70,,626586,4,,,1,36,,626592,4,,,1
25601,'8-1',1511,,626596,4,,,1,32,,626597,4,,,1,69,,626599,4,,,1,32,,626598,4,,,1,70,,626593,4,,,1,29,,626595,4,,,1,70,,626594,4,,,1,36,,626600,4,,,1
26100,'1-1',617,,626601,26,4,,1,88,,626603,26,4,,1,42,,626602,26,4,,1,96,,626604,26,4,,1
26100,'10-1',617,,626605,26,4,,1,88,,626607,26,4,,1,42,,626606,26,4,,1,96,,626608,26,4,,1
26100,'11-1',617,,626609,26,4,,1,88,,626611,26,4,,1,42,,626610,26,4,,1,96,,626612,26,4,,1
26100,'2-1',617,,626613,26,4,,1,88,,626615,26,4,,1,42,,626614,26,4,,1,96,,626616,26,4,,1
26100,'6-1',617,,626617,26,4,,1,88,,626619,26,4,,1,42,,626618,26,4,,1,96,,626620,26,4,,1
26100,'8-1',617,,626621,26,4,,1,88,,626623,26,4,,1,42,,626622,26,4,,1,96,,626624,26,4,,1
26101,'1-1',1532,,626627,4,,,1,91,,626628,4,,,1,95,,626626,4,,,1,106,,626625,4,,,1
26101,'10-1',1532,,626631,4,,,1,91,,626632,4,,,1,95,,626629,4,,,1,106,,626630,4,,,1
26101,'11-1',1532,,626635,4,,,1,91,,626636,4,,,1,95,,626633,4,,,1,106,,626634,4,,,1
26101,'2-1',1532,,626639,4,,,1,91,,626640,4,,,1,95,,626637,4,,,1,106,,626638,4,,,1
26101,'6-1',1532,,626643,4,,,1,91,,626644,4,,,1,95,,626641,4,,,1,106,,626642,4,,,1
26101,'8-1',1532,,626647,4,,,1,91,,626648,4,,,1,95,,626645,4,,,1,106,,626646,4,,,1
26200,'1-1',610,,626652,26,4,,1,99,,626651,26,4,,1,28,,626649,26,4,,1,94,,626650,26,4,,1
26200,'10-1',610,,626655,26,4,,1,99,,626656,26,4,,1,28,,626654,26,4,,1,94,,626653,26,4,,1
26200,'11-1',610,,626659,26,4,,1,99,,626660,26,4,,1,28,,626658,26,4,,1,94,,626657,26,4,,1
26200,'2-1',610,,626663,26,4,,1,99,,626664,26,4,,1,28,,626662,26,4,,1,94,,626661,26,4,,1
26200,'6-1',610,,626667,26,4,,1,99,,626668,26,4,,1,28,,626666,26,4,,1,94,,626665,26,4,,1
26200,'8-1',610,,626671,26,4,,1,99,,626672,26,4,,1,28,,626670,26,4,,1,94,,626669,26,4,,1
26201,'1-1',1517,,626673,4,,,1,100,,626674,4,,,1,31,,626677,4,,,1,94,,626675,4,,,1,102,,626676,4,,,1
26201,'10-1',1517,,626678,4,,,1,100,,626679,4,,,1,31,,626682,4,,,1,94,,626680,4,,,1,102,,626681,4,,,1
26201,'11-1',1517,,626683,4,,,1,100,,626684,4,,,1,31,,626687,4,,,1,94,,626685,4,,,1,102,,626686,4,,,1
26201,'2-1',1517,,626688,4,,,1,100,,626689,4,,,1,31,,626692,4,,,1,94,,626690,4,,,1,102,,626691,4,,,1
26201,'6-1',1517,,626693,4,,,1,100,,626694,4,,,1,31,,626697,4,,,1,94,,626695,4,,,1,102,,626696,4,,,1
26201,'8-1',1517,,626698,4,,,1,100,,626699,4,,,1,31,,626702,4,,,1,94,,626700,4,,,1,102,,626701,4,,,1
26300,'1-1',640,,626703,42,4,,1,108,,626705,42,4,,1,99,,626704,42,4,,1
26300,'10-1',640,,626706,42,4,,1,108,,626707,42,4,,1,99,,626708,42,4,,1
26300,'11-1',640,,626709,42,4,,1,108,,626710,42,4,,1,99,,626711,42,4,,1
26300,'2-1',640,,626712,42,4,,1,108,,626713,42,4,,1,99,,626714,42,4,,1
26300,'6-1',640,,626715,42,4,,1,108,,626716,42,4,,1,99,,626717,42,4,,1
26300,'8-1',640,,626718,42,4,,1,108,,626719,42,4,,1,99,,626720,42,4,,1
26301,'1-1',1547,,626724,4,,,1,86,,626721,4,,,1,105,,626723,4,,,1,90,,626722,4,,,1
26301,'10-1',1547,,626726,4,,,1,86,,626725,4,,,1,105,,626728,4,,,1,90,,626727,4,,,1
26301,'11-1',1547,,626730,4,,,1,86,,626729,4,,,1,105,,626732,4,,,1,90,,626731,4,,,1
26301,'2-1',1547,,626734,4,,,1,86,,626733,4,,,1,105,,626736,4,,,1,90,,626735,4,,,1
26301,'6-1',1547,,626738,4,,,1,86,,626737,4,,,1,105,,626740,4,,,1,90,,626739,4,,,1
26301,'8-1',1547,,626742,4,,,1,86,,626741,4,,,1,105,,626744,4,,,1,90,,626743,4,,,1
26500,'1-1',622,,626750,45,4,,1,34,,626749,45,4,,1,68,,626745,45,4,,1,31,,626751,45,4,,1,69,,626748,45,4,,1,31,,626746,45,4,,1,71,,626747,45,4,,1
26500,'10-1',622,,626758,45,4,,1,34,,626752,45,4,,1,68,,626756,45,4,,1,31,,626755,45,4,,1,69,,626754,45,4,,1,31,,626753,45,4,,1,71,,626757,45,4,,1
26500,'11-1',622,,626765,45,4,,1,34,,626759,45,4,,1,68,,626763,45,4,,1,31,,626762,45,4,,1,69,,626761,45,4,,1,31,,626760,45,4,,1,71,,626764,45,4,,1
26500,'2-1',622,,626772,45,4,,1,34,,626766,45,4,,1,68,,626770,45,4,,1,31,,626769,45,4,,1,69,,626768,45,4,,1,31,,626767,45,4,,1,71,,626771,45,4,,1
26500,'6-1',622,,626779,45,4,,1,34,,626773,45,4,,1,68,,626777,45,4,,1,31,,626776,45,4,,1,69,,626775,45,4,,1,31,,626774,45,4,,1,71,,626778,45,4,,1
26500,'8-1',622,,626786,45,4,,1,34,,626780,45,4,,1,68,,626784,45,4,,1,31,,626783,45,4,,1,69,,626782,45,4,,1,31,,626781,45,4,,1,71,,626785,45,4,,1
26501,'1-1',1541,,626787,4,,,1,100,,626788,4,,,1,72,,626789,4,,,1,30,,626790,4,,,1,68,,626791,4,,,1,30,,626792,4,,,1
26501,'10-1',1541,,626796,4,,,1,100,,626797,4,,,1,72,,626798,4,,,1,30,,626794,4,,,1,68,,626795,4,,,1,30,,626793,4,,,1
26501,'11-1',1541,,626802,4,,,1,100,,626803,4,,,1,72,,626804,4,,,1,30,,626800,4,,,1,68,,626801,4,,,1,30,,626799,4,,,1
26501,'2-1',1541,,626808,4,,,1,100,,626809,4,,,1,72,,626810,4,,,1,30,,626806,4,,,1,68,,626807,4,,,1,30,,626805,4,,,1
26501,'6-1',1541,,626814,4,,,1,100,,626815,4,,,1,72,,626816,4,,,1,30,,626812,4,,,1,68,,626813,4,,,1,30,,626811,4,,,1
26501,'8-1',1541,,626820,4,,,1,100,,626821,4,,,1,72,,626822,4,,,1,30,,626818,4,,,1,68,,626819,4,,,1,30,,626817,4,,,1
26600,'1-1',615,,626824,36,4,,1,85,,626823,36,4,,1,43,,626826,36,4,,1,102,,626825,36,4,,1
26600,'10-1',615,,626829,36,4,,1,85,,626827,36,4,,1,43,,626830,36,4,,1,102,,626828,36,4,,1
26600,'11-1',615,,626833,36,4,,1,85,,626831,36,4,,1,43,,626834,36,4,,1,102,,626832,36,4,,1
26600,'2-1',615,,626837,36,4,,1,85,,626835,36,4,,1,43,,626838,36,4,,1,102,,626836,36,4,,1
26600,'6-1',615,,626841,36,4,,1,85,,626839,36,4,,1,43,,626842,36,4,,1,102,,626840,36,4,,1
26600,'8-1',615,,626845,36,4,,1,85,,626843,36,4,,1,43,,626846,36,4,,1,102,,626844,36,4,,1
26601,'1-1',1534,,626847,4,,,1,90,,626850,4,,,1,95,,626849,4,,,1,109,,626848,4,,,1
26601,'10-1',1534,,626853,4,,,1,90,,626851,4,,,1,95,,626852,4,,,1,109,,626854,4,,,1
26601,'11-1',1534,,626857,4,,,1,90,,626855,4,,,1,95,,626856,4,,,1,109,,626858,4,,,1
26601,'2-1',1534,,626861,4,,,1,90,,626859,4,,,1,95,,626860,4,,,1,109,,626862,4,,,1
26601,'6-1',1534,,626865,4,,,1,90,,626863,4,,,1,95,,626864,4,,,1,109,,626866,4,,,1
26601,'8-1',1534,,626869,4,,,1,90,,626867,4,,,1,95,,626868,4,,,1,109,,626870,4,,,1
27500,'1-1',618,,626872,32,4,,1,27,,626873,32,4,,1,72,,626875,32,4,,1,25,,626876,32,4,,1,73,,626871,32,4,,1,89,,626874,32,4,,1
27500,'10-1',618,,626877,32,4,,1,27,,626878,32,4,,1,72,,626880,32,4,,1,25,,626881,32,4,,1,73,,626879,32,4,,1,89,,626882,32,4,,1
27500,'11-1',618,,626883,32,4,,1,27,,626884,32,4,,1,72,,626886,32,4,,1,25,,626887,32,4,,1,73,,626885,32,4,,1,89,,626888,32,4,,1
27500,'2-1',618,,626889,32,4,,1,27,,626890,32,4,,1,72,,626892,32,4,,1,25,,626893,32,4,,1,73,,626891,32,4,,1,89,,626894,32,4,,1
27500,'6-1',618,,626895,32,4,,1,27,,626896,32,4,,1,72,,626898,32,4,,1,25,,626899,32,4,,1,73,,626897,32,4,,1,89,,626900,32,4,,1
27500,'8-1',618,,626901,32,4,,1,27,,626902,32,4,,1,72,,626904,32,4,,1,25,,626905,32,4,,1,73,,626903,32,4,,1,89,,626906,32,4,,1
27700,'1-1',629,,626950,26,4,,1,71,,626954,26,4,,1,30,,626953,26,4,,1,72,,626952,26,4,,1,30,,626951,26,4,,1,84,,626949,26,4,,1
27700,'10-1',629,,626957,26,4,,1,71,,626956,26,4,,1,30,,626958,26,4,,1,72,,626960,26,4,,1,30,,626959,26,4,,1,84,,626955,26,4,,1
27700,'11-1',629,,626963,26,4,,1,71,,626962,26,4,,1,30,,626964,26,4,,1,72,,626966,26,4,,1,30,,626965,26,4,,1,84,,626961,26,4,,1
27700,'2-1',629,,626969,26,4,,1,71,,626968,26,4,,1,30,,626970,26,4,,1,72,,626972,26,4,,1,30,,626971,26,4,,1,84,,626967,26,4,,1
27700,'6-1',629,,626975,26,4,,1,71,,626974,26,4,,1,30,,626976,26,4,,1,72,,626978,26,4,,1,30,,626977,26,4,,1,84,,626973,26,4,,1
27700,'8-1',629,,626981,26,4,,1,71,,626980,26,4,,1,30,,626982,26,4,,1,72,,626984,26,4,,1,30,,626983,26,4,,1,84,,626979,26,4,,1
27900,'1-1',653,,627021,42,4,,1,104,,627023,42,4,,1,101,,627022,42,4,,1
27900,'10-1',653,,627025,42,4,,1,104,,627024,42,4,,1,101,,627026,42,4,,1
27900,'11-1',653,,627028,42,4,,1,104,,627027,42,4,,1,101,,627029,42,4,,1
27900,'2-1',653,,627031,42,4,,1,104,,627030,42,4,,1,101,,627032,42,4,,1
27900,'6-1',653,,627034,42,4,,1,104,,627033,42,4,,1,101,,627035,42,4,,1
27900,'8-1',653,,627037,42,4,,1,104,,627036,42,4,,1,101,,627038,42,4,,1
30100,'11-1',955,,627183,80,0,79,1
30100,'9-1',955,,627185,80,,,0
30101,'11-1',1432,,627186,8,0,80,1,2,,627186,9,0,80,1
30101,'9-1',1432,,627188,8,0,80,1,2,,627188,9,0,80,1
30300,'2-1',955,,627191,55,,,1
30300,'4-1',955,,627192,55,,,1
30301,'2-1',1432,,627193,8,,,1,2,,627193,9,,,1
30301,'4-1',1432,,627194,8,,,1,2,,627194,9,,,1
30500,'1-1',1045,,627197,55,,,1
30500,'6-1',1045,,627198,55,,,1
30501,'1-1',1433,,627199,8,,,1
30501,'6-1',1433,,627200,8,,,1
