5,500,'CanDay26-Sunday-12-1',530447,530448,530449,530450,530451,530452,530453,530454,530455,530456,530457,530458,530459,530460,530461,530462,530463,530464,530465,530466,530467,530468,530469,530470,530471,530472,530473,530474,530475,530476,530477,530478,530479,530480,530481,530482
5,500,'CivHol26-Saturday-07-1',530483,530484,530485,530486,530487,530488,530489,530490,530491,530492,530493,530494,530495,530496,530497,530498,530499,530500,530501,530502,530503,530504,530505,530506,530507,530508,530509,530510,530511,530512,530513,530514,530515,530516
5,500,'JUNDA26-Weekday-06-1',530517,530518,530519,530520,530521,530522,530523,530524,530525,530526,530527,530528,530529,530530,530531,530532,530533,530534,530535,530536,530537,530538,530539,530540,530541,530542,530543,530544,530545,530546,530547,530548,530549,530550,530551,530552,530553,530554,530555,530556,530557,530558,530559,530560,530561,530562,530563,530564,530565,530566,530567,530568,530569,530570,530571,530572,530573,530574,530575,530576,530577,530578
5,500,'JUNSA26-Saturday-07-1',530579,530580,530581,530582,530583,530584,530585,530586,530587,530588,530589,530590,530591,530592,530593,530594,530595,530596,530597,530598,530599,530600,530601,530602,530603,530604,530605,530606,530607,530608,530609
5,500,'JUNSU26-Sunday-05-1',530610,530611,530612,530613,530614,530615,530616,530617,530618,530619,530620,530621,530622,530623,530624,530625,530626,530627,530628,530629,530630,530631,530632,530633,530634,530635,530636
5,500,'RBJul03-Weekday-01-1',530637,530638,530639,530640,530641,530642,530643,530644,530645,530646,530647,530648,530649,530650,530651,530652,530653,530654,530655,530656,530657,530658,530659,530660,530661,530662,530663,530664,530665,530666,530667,530668,530669,530670,530671,530672,530673,530674,530675,530676,530677,530678,530679,530680,530681,530682,530683,530684,530685,530686,530687,530688,530689,530690,530691,530692,530693,530694,530695,530696,530697,530698
5,501,'CanDay26-Sunday-12-1',530699,530700,530701,530702,530703,530704,530705,530706,530707,530708,530709,530710,530711,530712,530713,530714,530715,530716,530717,530718,530719,530720,530721,530722,530723,530724,530725,530726,530727,530728,530729,530730,530731,530732,530733
5,501,'CivHol26-Saturday-07-1',530734,530735,530736,530737,530738,530739,530740,530741,530742,530743,530744,530745,530746,530747,530748,530749,530750,530751,530752,530753,530754,530755,530756,530757,530758,530759,530760,530761,530762,530763,530764,530765,530766,530767,530768
5,501,'JUNDA26-Weekday-06-1',530769,530770,530771,530772,530773,530774,530775,530776,530777,530778,530779,530780,530781,530782,530783,530784,530785,530786,530787,530788,530789,530790,530791,530792,530793,530794,530795,530796,530797,530798,530799,530800,530801,530802,530803,530804,530805,530806,530807,530808,530809,530810,530811,530812,530813,530814,530815,530816,530817,530818,530819,530820,530821,530822,530823,530824,530825,530826,530827,530828,530829
5,501,'JUNSA26-Saturday-07-1',530830,530831,530832,530833,530834,530835,530836,530837,530838,530839,530840,530841,530842,530843,530844,530845,530846,530847,530848,530849,530850,530851,530852,530853,530854,530855,530856,530857,530858,530859,530860,530861
5,501,'JUNSU26-Sunday-05-1',530862,530863,530864,530865,530866,530867,530868,530869,530870,530871,530872,530873,530874,530875,530876,530877,530878,530879,530880,530881,530882,530883,530884,530885,530886,530887,530888
5,501,'RBJul03-Weekday-01-1',530889,530890,530891,530892,530893,530894,530895,530896,530897,530898,530899,530900,530901,530902,530903,530904,530905,530906,530907,530908,530909,530910,530911,530912,530913,530914,530915,530916,530917,530918,530919,530920,530921,530922,530923,530924,530925,530926,530927,530928,530929,530930,530931,530932,530933,530934,530935,530936,530937,530938,530939,530940,530941,530942,530943,530944,530945,530946,530947,530948,530949
6,600,'CanDay26-Sunday-12-1',530950,530951,530952,530953,530954,530955,530956,530957,530958,530959,530960,530961,530962,530963,530964,530965,530966,530967,530968,530969,530970,530971,530972,530973,530974,530975,530976,530977,530978,530979,530980,530981,530982,530983,530984,530985,530986,530987,530988,530989,530990,530991,530992,530993,530994,530995,530996,530997,530998,530999,531000,531001,531002,531003,531004,531005,531006,531007,531008,531009,531010,531011,531012,531013,531014
6,600,'CivHol26-Saturday-07-1',531015,531016,531017,531018,531019,531020,531021,531022,531023,531024,531025,531026,531027,531028,531029,531030,531031,531032,531033,531034,531035,531036,531037,531038,531039,531040,531041,531042,531043,531044,531045,531046,531047,531048,531049,531050,531051,531052,531053,531054,531055,531056,531057,531058,531059,531060,531061,531062,531063,531064,531065,531066,531067,531068,531069,531070,531071,531072,531073,531074,531075,531076,531077,531078,531079,531080,531081,531082,531083,531084,531085,531086,531087,531088
6,600,'ESCSU28-Sunday-01-1',531089,531090,531091,531092,531093,531094,531095,531096,531097,531098,531099,531100,531101,531102,531103,531104,531105,531106,531107,531108,531109,531110,531111,531112,531113,531114,531115
6,600,'JUNDA26-Weekday-06-1',531116,531117,531118,531119,531120,531121,531122,531123,531124,531125,531126,531127,531128,531129,531130,531131,531132,531133,531134,531135,531136,531137,531138,531139,531140,531141,531142,531143,531144,531145,531146,531147,531148,531149,531150,531151,531152,531153,531154,531155,531156,531157,531158,531159,531160,531161,531162,531163,531164,531165,531166,531167,531168,531169,531170,531171,531172,531173,531174,531175,531176,531177,531178,531179,531180,531181,531182,531183,531184,531185,531186,531187,531188,531189,531190,531191,531192,531193
6,600,'JUNSA26-Saturday-07-1',531194,531195,531196,531197,531198,531199,531200,531201,531202,531203,531204,531205,531206,531207,531208,531209,531210,531211,531212,531213,531214,531215,531216,531217,531218,531219,531220,531221,531222,531223,531224,531225,531226,531227,531228,531229,531230,531231,531232,531233,531234,531235,531236,531237,531238,531239,531240,531241,531242,531243,531244,531245,531246,531247,531248,531249,531250,531251,531252,531253,531254,531255,531256,531257,531258,531259,531260,531261,531262,531263,531264
6,600,'JUNSU26-Sunday-05-1',531265,531266,531267,531268,531269,531270,531271,531272,531273,531274,531275,531276,531277,531278,531279,531280,531281,531282,531283,531284,531285,531286,531287,531288,531289,531290,531291,531292,531293,531294,531295,531296,531297,531298,531299,531300,531301,531302,531303,531304,531305,531306,531307,531308,531309,531310,531311,531312,531313,531314,531315,531316,531317,531318,531319,531320
6,600,'RBJul03-Weekday-01-1',531321,531322,531323,531324,531325,531326,531327,531328,531329,531330,531331,531332,531333,531334,531335,531336,531337,531338,531339,531340,531341,531342,531343,531344,531345,531346,531347,531348,531349,531350,531351,531352,531353,531354,531355,531356,531357,531358,531359,531360,531361,531362,531363,531364,531365,531366,531367,531368,531369,531370,531371,531372,531373,531374,531375,531376,531377,531378,531379,531380,531381,531382,531383,531384,531385,531386,531387,531388,531389,531390,531391,531392,531393,531394,531395,531396,531397,531398
6,601,'CanDay26-Sunday-12-1',531399,531400,531401,531402,531403,531404,531405,531406,531407,531408,531409,531410,531411,531412,531413,531414,531415,531416,531417,531418,531419,531420,531421,531422,531423,531424,531425,531426,531427,531428,531429,531430,531431,531432,531433,531434,531435,531436,531437,531438,531439,531440,531441,531442,531443,531444,531445,531446,531447,531448,531449,531450,531451,531452,531453,531454,531455,531456,531457,531458,531459,531460,531461,531462,531463,531464,531465,531466
6,601,'CivHol26-Saturday-07-1',531467,531468,531469,531470,531471,531472,531473,531474,531475,531476,531477,531478,531479,531480,531481,531482,531483,531484,531485,531486,531487,531488,531489,531490,531491,531492,531493,531494,531495,531496,531497,531498,531499,531500,531501,531502,531503,531504,531505,531506,531507,531508,531509,531510,531511,531512,531513,531514,531515,531516,531517,531518,531519,531520,531521,531522,531523,531524,531525,531526,531527,531528,531529,531530,531531,531532,531533,531534,531535,531536,531537,531538,531539,531540
6,601,'ESCSU28-Sunday-01-1',531541,531542,531543,531544,531545,531546,531547,531548,531549,531550,531551,531552,531553,531554,531555,531556,531557,531558,531559,531560,531561,531562,531563
6,601,'JUNDA26-Weekday-06-1',531564,531565,531566,531567,531568,531569,531570,531571,531572,531573,531574,531575,531576,531577,531578,531579,531580,531581,531582,531583,531584,531585,531586,531587,531588,531589,531590,531591,531592,531593,531594,531595,531596,531597,531598,531599,531600,531601,531602,531603,531604,531605,531606,531607,531608,531609,531610,531611,531612,531613,531614,531615,531616,531617,531618,531619,531620,531621,531622,531623,531624,531625,531626,531627,531628,531629,531630,531631,531632,531633,531634,531635,531636,531637,531638,531639
6,601,'JUNSA26-Saturday-07-1',531640,531641,531642,531643,531644,531645,531646,531647,531648,531649,531650,531651,531652,531653,531654,531655,531656,531657,531658,531659,531660,531661,531662,531663,531664,531665,531666,531667,531668,531669,531670,531671,531672,531673,531674,531675,531676,531677,531678,531679,531680,531681,531682,531683,531684,531685,531686,531687,531688,531689,531690,531691,531692,531693,531694,531695,531696,531697,531698,531699,531700,531701,531702,531703,531704,531705,531706,531707,531708,531709,531710
6,601,'JUNSU26-Sunday-05-1',531711,531712,531713,531714,531715,531716,531717,531718,531719,531720,531721,531722,531723,531724,531725,531726,531727,531728,531729,531730,531731,531732,531733,531734,531735,531736,531737,531738,531739,531740,531741,531742,531743,531744,531745,531746,531747,531748,531749,531750,531751,531752,531753,531754,531755,531756,531757,531758,531759,531760,531761,531762,531763,531764,531765
6,601,'RBJul03-Weekday-01-1',531766,531767,531768,531769,531770,531771,531772,531773,531774,531775,531776,531777,531778,531779,531780,531781,531782,531783,531784,531785,531786,531787,531788,531789,531790,531791,531792,531793,531794,531795,531796,531797,531798,531799,531800,531801,531802,531803,531804,531805,531806,531807,531808,531809,531810,531811,531812,531813,531814,531815,531816,531817,531818,531819,531820,531821,531822,531823,531824,531825,531826,531827,531828,531829,531830,531831,531832,531833,531834,531835,531836,531837,531838,531839,531840,531841
7,700,'CanDay26-Sunday-12-1',531842,531843,531844,531845,531846,531847,531848,531849,531850,531851,531852,531853,531854,531855,531856,531857,531858,531859,531860,531861,531862,531863,531864,531865,531866,531867,531868,531869,531870,531871,531872,531873,531874,531875,531876,531877,531878,531879,531880,531881,531882,531883,531884,531885,531886,531887,531888,531889,531890,531891,531892,531893,531894,531895,531896,531897,531898,531899,531900,531901,531902,531903,531904,531905,531906,531907,531908,531909,531910,531911,531912,531913,531914,531915,531916,531917,531918,531919,531920,531921,531922,531923
7,700,'CivHol26-Saturday-07-1',531924,531925,531926,531927,531928,531929,531930,531931,531932,531933,531934,531935,531936,531937,531938,531939,531940,531941,531942,531943,531944,531945,531946,531947,531948,531949,531950,531951,531952,531953,531954,531955,531956,531957,531958,531959,531960,531961,531962,531963,531964,531965,531966,531967,531968,531969,531970,531971,531972,531973,531974,531975,531976,531977,531978,531979,531980,531981,531982,531983,531984,531985,531986,531987,531988,531989,531990,531991,531992,531993
7,700,'JUNDA26-Weekday-06-1',531994,531995,531996,531997,531998,531999,532000,532001,532002,532003,532004,532005,532006,532007,532008,532009,532010,532011,532012,532013,532014,532015,532016,532017,532018,532019,532020,532021,532022,532023,532024,532025,532026,532027,532028,532029,532030,532031,532032,532033,532034,532035,532036,532037,532038,532039,532040,532041,532042,532043,532044,532045,532046,532047,532048,532049,532050,532051,532052,532053,532054,532055,532056,532057,532058,532059,532060
7,700,'JUNSA26-Saturday-07-1',532061,532062,532063,532064,532065,532066,532067,532068,532069,532070,532071,532072,532073,532074,532075,532076,532077,532078,532079,532080,532081,532082,532083,532084,532085,532086,532087,532088,532089,532090,532091,532092,532093,532094,532095,532096,532097,532098,532099,532100,532101,532102,532103,532104,532105,532106,532107,532108,532109,532110,532111,532112,532113,532114,532115,532116,532117,532118,532119,532120,532121,532122,532123,532124,532125,532126,532127,532128,532129
7,700,'JUNSU26-Sunday-05-1',532130,532131,532132,532133,532134,532135,532136,532137,532138,532139,532140,532141,532142,532143,532144,532145,532146,532147,532148,532149,532150,532151,532152,532153,532154,532155,532156,532157,532158,532159,532160,532161,532162,532163,532164,532165,532166,532167,532168,532169,532170,532171,532172,532173,532174,532175,532176,532177,532178,532179,532180,532181,532182,532183,532184
7,700,'RBJul03-Weekday-01-1',532185,532186,532187,532188,532189,532190,532191,532192,532193,532194,532195,532196,532197,532198,532199,532200,532201,532202,532203,532204,532205,532206,532207,532208,532209,532210,532211,532212,532213,532214,532215,532216,532217,532218,532219,532220,532221,532222,532223,532224,532225,532226,532227,532228,532229,532230,532231,532232,532233,532234,532235,532236,532237,532238,532239,532240,532241,532242,532243,532244,532245,532246,532247,532248,532249,532250,532251
7,701,'CanDay26-Sunday-12-1',532252,532253,532254,532255,532256,532257,532258,532259,532260,532261,532262,532263,532264,532265,532266,532267,532268,532269,532270,532271,532272,532273,532274,532275,532276,532277,532278,532279,532280,532281,532282,532283,532284,532285,532286,532287,532288,532289,532290,532291,532292,532293,532294,532295,532296,532297,532298,532299,532300,532301,532302,532303,532304,532305,532306,532307,532308,532309,532310,532311,532312,532313,532314,532315,532316,532317,532318,532319,532320,532321,532322,532323,532324,532325,532326,532327,532328,532329
7,701,'CivHol26-Saturday-07-1',532330,532331,532332,532333,532334,532335,532336,532337,532338,532339,532340,532341,532342,532343,532344,532345,532346,532347,532348,532349,532350,532351,532352,532353,532354,532355,532356,532357,532358,532359,532360,532361,532362,532363,532364,532365,532366,532367,532368,532369,532370,532371,532372,532373,532374,532375,532376,532377,532378,532379,532380,532381,532382,532383,532384,532385,532386,532387,532388,532389,532390,532391,532392,532393,532394,532395,532396,532397,532398,532399,532400,532401
7,701,'JUNDA26-Weekday-06-1',532402,532403,532404,532405,532406,532407,532408,532409,532410,532411,532412,532413,532414,532415,532416,532417,532418,532419,532420,532421,532422,532423,532424,532425,532426,532427,532428,532429,532430,532431,532432,532433,532434,532435,532436,532437,532438,532439,532440,532441,532442,532443,532444,532445,532446,532447,532448,532449,532450,532451,532452,532453,532454,532455,532456,532457,532458,532459,532460,532461,532462,532463,532464,532465,532466,532467,532468
7,701,'JUNSA26-Saturday-07-1',532469,532470,532471,532472,532473,532474,532475,532476,532477,532478,532479,532480,532481,532482,532483,532484,532485,532486,532487,532488,532489,532490,532491,532492,532493,532494,532495,532496,532497,532498,532499,532500,532501,532502,532503,532504,532505,532506,532507,532508,532509,532510,532511,532512,532513,532514,532515,532516,532517,532518,532519,532520,532521,532522,532523,532524,532525,532526,532527,532528,532529,532530,532531,532532,532533,532534,532535,532536,532537,532538,532539
7,701,'JUNSU26-Sunday-05-1',532540,532541,532542,532543,532544,532545,532546,532547,532548,532549,532550,532551,532552,532553,532554,532555,532556,532557,532558,532559,532560,532561,532562,532563,532564,532565,532566,532567,532568,532569,532570,532571,532572,532573,532574,532575,532576,532577,532578,532579,532580,532581,532582,532583,532584,532585,532586,532587,532588,532589,532590,532591
7,701,'RBJul03-Weekday-01-1',532592,532593,532594,532595,532596,532597,532598,532599,532600,532601,532602,532603,532604,532605,532606,532607,532608,532609,532610,532611,532612,532613,532614,532615,532616,532617,532618,532619,532620,532621,532622,532623,532624,532625,532626,532627,532628,532629,532630,532631,532632,532633,532634,532635,532636,532637,532638,532639,532640,532641,532642,532643,532644,532645,532646,532647,532648,532649,532650,532651,532652,532653,532654,532655,532656,532657,532658
8,800,'CanDay26-Sunday-12-1',532659,532660,532661,532662,532663,532664,532665,532666,532667,532668,532669,532670,532671,532672,532673,532674,532675,532676,532677,532678,532679,532680,532681,532682,532683,532684,532685,532686,532687,532688,532689,532690,532691
8,800,'CivHol26-Saturday-07-1',532692,532693,532694,532695,532696,532697,532698,532699,532700,532701,532702,532703,532704,532705,532706,532707,532708,532709,532710,532711,532712,532713,532714,532715,532716,532717,532718,532719,532720,532721,532722,532723,532724,532725,532726,532727
8,800,'JUNDA26-Weekday-06-1',532728,532729,532730,532731,532732,532733,532734,532735,532736,532737,532738,532739,532740,532741,532742,532743,532744,532745,532746,532747,532748,532749,532750,532751,532752,532753,532754,532755,532756,532757,532758,532759,532760,532761,532762,532763,532764
8,800,'JUNSA26-Saturday-07-1',532765,532766,532767,532768,532769,532770,532771,532772,532773,532774,532775,532776,532777,532778,532779,532780,532781,532782,532783,532784,532785,532786,532787,532788,532789,532790,532791,532792,532793,532794,532795,532796
8,800,'JUNSU26-Sunday-05-1',532797,532798,532799,532800,532801,532802,532803,532804,532805,532806,532807,532808,532809,532810,532811,532812,532813,532814,532815,532816,532817,532818,532819,532820
8,800,'RBJul03-Weekday-01-1',532821,532822,532823,532824,532825,532826,532827,532828,532829,532830,532831,532832,532833,532834,532835,532836,532837,532838,532839,532840,532841,532842,532843,532844,532845,532846,532847,532848,532849,532850,532851,532852,532853,532854,532855,532856,532857
8,801,'CanDay26-Sunday-12-1',532858,532859,532860,532861,532862,532863,532864,532865,532866,532867,532868,532869,532870,532871,532872,532873,532874,532875,532876,532877,532878,532879,532880,532881,532882,532883,532884,532885,532886,532887,532888,532889,532890
8,801,'CivHol26-Saturday-07-1',532891,532892,532893,532894,532895,532896,532897,532898,532899,532900,532901,532902,532903,532904,532905,532906,532907,532908,532909,532910,532911,532912,532913,532914,532915,532916,532917,532918,532919,532920,532921,532922,532923,532924,532925,532926,532927,532928,532929
8,801,'JUNDA26-Weekday-06-1',532930,532931,532932,532933,532934,532935,532936,532937,532938,532939,532940,532941,532942,532943,532944,532945,532946,532947,532948,532949,532950,532951,532952,532953,532954,532955,532956,532957,532958,532959,532960,532961,532962,532963,532964,532965,532966,532967
8,801,'JUNSA26-Saturday-07-1',532968,532969,532970,532971,532972,532973,532974,532975,532976,532977,532978,532979,532980,532981,532982,532983,532984,532985,532986,532987,532988,532989,532990,532991,532992,532993,532994,532995,532996,532997,532998,532999,533000,533001
8,801,'JUNSU26-Sunday-05-1',533002,533003,533004,533005,533006,533007,533008,533009,533010,533011,533012,533013,533014,533015,533016,533017,533018,533019,533020,533021,533022,533023,533024,533025
8,801,'RBJul03-Weekday-01-1',533026,533027,533028,533029,533030,533031,533032,533033,533034,533035,533036,533037,533038,533039,533040,533041,533042,533043,533044,533045,533046,533047,533048,533049,533050,533051,533052,533053,533054,533055,533056,533057,533058,533059,533060,533061,533062,533063
9,900,'CanDay26-Sunday-12-1',533064,533065,533066,533067,533068,533069,533070,533071,533072,533073,533074,533075,533076,533077,533078,533079,533080,533081,533082,533083,533084,533085,533086,533087,533088,533089,533090,533091,533092,533093,533094,533095,533096,533097
9,900,'CivHol26-Saturday-07-1',533098,533099,533100,533101,533102,533103,533104,533105,533106,533107,533108,533109,533110,533111,533112,533113,533114,533115,533116,533117,533118,533119,533120,533121,533122,533123,533124,533125,533126,533127,533128
9,900,'JUNDA26-Weekday-06-1',533129,533130,533131,533132,533133,533134,533135,533136,533137,533138,533139,533140,533141,533142,533143,533144,533145,533146,533147,533148,533149,533150,533151,533152,533153,533154,533155,533156,533157,533158,533159,533160,533161,533162,533163
9,900,'JUNSA26-Saturday-07-1',533164,533165,533166,533167,533168,533169,533170,533171,533172,533173,533174,533175,533176,533177,533178,533179,533180,533181,533182,533183,533184,533185,533186,533187,533188,533189,533190
9,900,'JUNSU26-Sunday-05-1',533191,533192,533193,533194,533195,533196,533197,533198,533199,533200,533201,533202,533203,533204,533205,533206,533207,533208
9,900,'RBJul03-Weekday-01-1',533209,533210,533211,533212,533213,533214,533215,533216,533217,533218,533219,533220,533221,533222,533223,533224,533225,533226,533227,533228,533229,533230,533231,533232,533233,533234,533235,533236,533237,533238,533239,533240,533241,533242,533243
9,901,'CanDay26-Sunday-12-1',533244,533245,533246,533247,533248,533249,533250,533251,533252,533253,533254,533255,533256,533257,533258,533259,533260,533261,533262,533263,533264,533265,533266,533267,533268,533269,533270,533271,533272,533273,533274,533275,533276
9,901,'CivHol26-Saturday-07-1',533277,533278,533279,533280,533281,533282,533283,533284,533285,533286,533287,533288,533289,533290,533291,533292,533293,533294,533295,533296,533297,533298,533299,533300,533301,533302,533303,533304,533305,533306,533307
9,901,'JUNDA26-Weekday-06-1',533308,533309,533310,533311,533312,533313,533314,533315,533316,533317,533318,533319,533320,533321,533322,533323,533324,533325,533326,533327,533328,533329,533330,533331,533332,533333,533334,533335,533336,533337,533338,533339,533340,533341,533342,533343
9,901,'JUNSA26-Saturday-07-1',533344,533345,533346,533347,533348,533349,533350,533351,533352,533353,533354,533355,533356,533357,533358,533359,533360,533361,533362,533363,533364,533365,533366,533367,533368,533369,533370
9,901,'JUNSU26-Sunday-05-1',533371,533372,533373,533374,533375,533376,533377,533378,533379,533380,533381,533382,533383,533384,533385,533386,533387,533388,533389
9,901,'RBJul03-Weekday-01-1',533390,533391,533392,533393,533394,533395,533396,533397,533398,533399,533400,533401,533402,533403,533404,533405,533406,533407,533408,533409,533410,533411,533412,533413,533414,533415,533416,533417,533418,533419,533420,533421,533422,533423,533424,533425
10,1000,'CanDay26-Sunday-12-1',533426,533427,533428,533429,533430,533431,533432,533433,533434,533435,533436,533437,533438,533439,533440,533441,533442,533443,533444,533445,533446,533447,533448,533449,533450,533451,533452,533453,533454,533455,533456,533457,533458,533459,533460,533461,533462,533463,533464,533465,533466,533467,533468,533469,533470,533471,533472,533473,533474,533475,533476,533477,533478,533479,533480,533481,533482,533483,533484,533485,533486,533487,533488
10,1000,'CivHol26-Saturday-07-1',533489,533490,533491,533492,533493,533494,533495,533496,533497,533498,533499,533500,533501,533502,533503,533504,533505,533506,533507,533508,533509,533510,533511,533512,533513,533514,533515,533516,533517,533518,533519,533520,533521,533522,533523,533524,533525,533526,533527,533528,533529
10,1000,'JUNDA26-Weekday-06-1',533530,533531,533532,533533,533534,533535,533536,533537,533538,533539,533540,533541,533542,533543,533544,533545,533546,533547,533548,533549,533550,533551,533552,533553,533554,533555,533556,533557,533558,533559,533560,533561,533562,533563,533564,533565,533566,533567,533568,533569,533570,533571,533572,533573,533574,533575,533576,533577,533578,533579,533580,533581,533582,533583,533584,533585,533586,533587,533588,533589,533590
10,1000,'JUNSA26-Saturday-07-1',533591,533592,533593,533594,533595,533596,533597,533598,533599,533600,533601,533602,533603,533604,533605,533606,533607,533608,533609,533610,533611,533612,533613,533614,533615,533616,533617,533618,533619,533620,533621,533622,533623,533624,533625,533626,533627
10,1000,'JUNSU26-Sunday-05-1',533628,533629,533630,533631,533632,533633,533634,533635,533636,533637,533638,533639,533640,533641,533642,533643,533644,533645,533646,533647,533648,533649,533650,533651,533652,533653,533654,533655,533656,533657,533658,533659,533660
10,1000,'RBJul03-Weekday-01-1',533661,533662,533663,533664,533665,533666,533667,533668,533669,533670,533671,533672,533673,533674,533675,533676,533677,533678,533679,533680,533681,533682,533683,533684,533685,533686,533687,533688,533689,533690,533691,533692,533693,533694,533695,533696,533697,533698,533699,533700,533701,533702,533703,533704,533705,533706,533707,533708,533709,533710,533711,533712,533713,533714,533715,533716,533717,533718,533719,533720,533721
10,1001,'CanDay26-Sunday-12-1',533722,533723,533724,533725,533726,533727,533728,533729,533730,533731,533732,533733,533734,533735,533736,533737,533738,533739,533740,533741,533742,533743,533744,533745,533746,533747,533748,533749,533750,533751,533752,533753,533754,533755,533756,533757,533758,533759,533760,533761,533762,533763,533764,533765,533766,533767,533768,533769,533770,533771,533772,533773,533774,533775,533776,533777,533778,533779
10,1001,'CivHol26-Saturday-07-1',533780,533781,533782,533783,533784,533785,533786,533787,533788,533789,533790,533791,533792,533793,533794,533795,533796,533797,533798,533799,533800,533801,533802,533803,533804,533805,533806,533807,533808,533809,533810,533811,533812,533813,533814,533815,533816,533817,533818
10,1001,'JUNDA26-Weekday-06-1',533819,533820,533821,533822,533823,533824,533825,533826,533827,533828,533829,533830,533831,533832,533833,533834,533835,533836,533837,533838,533839,533840,533841,533842,533843,533844,533845,533846,533847,533848,533849,533850,533851,533852,533853,533854,533855,533856,533857,533858,533859,533860,533861,533862,533863,533864,533865,533866,533867,533868,533869,533870,533871,533872,533873,533874,533875,533876,533877
10,1001,'JUNSA26-Saturday-07-1',533878,533879,533880,533881,533882,533883,533884,533885,533886,533887,533888,533889,533890,533891,533892,533893,533894,533895,533896,533897,533898,533899,533900,533901,533902,533903,533904,533905,533906,533907,533908,533909,533910,533911
10,1001,'JUNSU26-Sunday-05-1',533912,533913,533914,533915,533916,533917,533918,533919,533920,533921,533922,533923,533924,533925,533926,533927,533928,533929,533930,533931,533932,533933,533934,533935,533936,533937,533938,533939,533940,533941,533942
10,1001,'RBJul03-Weekday-01-1',533943,533944,533945,533946,533947,533948,533949,533950,533951,533952,533953,533954,533955,533956,533957,533958,533959,533960,533961,533962,533963,533964,533965,533966,533967,533968,533969,533970,533971,533972,533973,533974,533975,533976,533977,533978,533979,533980,533981,533982,533983,533984,533985,533986,533987,533988,533989,533990,533991,533992,533993,533994,533995,533996,533997,533998,533999,534000,534001
11,1100,'CanDay26-Sunday-12-1',534002,534003,534004,534005,534006,534007,534008,534009,534010,534011,534012,534013,534014,534015,534016,534017,534018,534019,534020,534021,534022,534023,534024,534025,534026,534027,534028,534029,534030,534031,534032,534033,534034,534035,534036,534037,534038,534039,534040,534041,534042,534043,534044,534045,534046,534047,534048,534049,534050,534051,534052,534053,534054,534055,534056,534057,534058,534059,534060,534061,534062,534063,534064,534065,534066,534067,534068,534069,534070,534071,534072,534073,534074,534075,534076,534077,534078
11,1100,'CivHol26-Saturday-07-1',534079,534080,534081,534082,534083,534084,534085,534086,534087,534088,534089,534090,534091,534092,534093,534094,534095,534096,534097,534098,534099,534100,534101,534102,534103,534104,534105,534106,534107,534108,534109,534110,534111,534112,534113,534114,534115,534116,534117,534118
11,1100,'JUNDA26-Weekday-06-1',534119,534120,534121,534122,534123,534124,534125,534126,534127,534128,534129,534130,534131,534132,534133,534134,534135,534136,534137,534138,534139,534140,534141,534142,534143,534144,534145,534146,534147,534148,534149,534150,534151,534152,534153,534154,534155,534156,534157,534158,534159,534160,534161,534162,534163,534164,534165,534166,534167,534168,534169,534170,534171,534172,534173,534174,534175,534176,534177,534178,534179,534180,534181,534182
11,1100,'JUNSA26-Saturday-07-1',534183,534184,534185,534186,534187,534188,534189,534190,534191,534192,534193,534194,534195,534196,534197,534198,534199,534200,534201,534202,534203,534204,534205,534206,534207,534208,534209,534210,534211,534212,534213,534214,534215,534216,534217
11,1100,'JUNSU26-Sunday-05-1',534218,534219,534220,534221,534222,534223,534224,534225,534226,534227,534228,534229,534230,534231,534232,534233,534234,534235,534236,534237,534238,534239,534240,534241,534242,534243,534244,534245,534246,534247,534248,534249,534250,534251
11,1100,'RBJul03-Weekday-01-1',534252,534253,534254,534255,534256,534257,534258,534259,534260,534261,534262,534263,534264,534265,534266,534267,534268,534269,534270,534271,534272,534273,534274,534275,534276,534277,534278,534279,534280,534281,534282,534283,534284,534285,534286,534287,534288,534289,534290,534291,534292,534293,534294,534295,534296,534297,534298,534299,534300,534301,534302,534303,534304,534305,534306,534307,534308,534309,534310,534311,534312,534313,534314,534315
11,1101,'CanDay26-Sunday-12-1',534316,534317,534318,534319,534320,534321,534322,534323,534324,534325,534326,534327,534328,534329,534330,534331,534332,534333,534334,534335,534336,534337,534338,534339,534340,534341,534342,534343,534344,534345,534346,534347,534348,534349,534350,534351,534352,534353,534354,534355,534356,534357,534358,534359,534360,534361,534362,534363,534364,534365,534366,534367,534368,534369,534370,534371,534372,534373,534374,534375,534376,534377,534378,534379,534380,534381,534382,534383,534384,534385,534386,534387,534388,534389,534390,534391,534392
11,1101,'CivHol26-Saturday-07-1',534393,534394,534395,534396,534397,534398,534399,534400,534401,534402,534403,534404,534405,534406,534407,534408,534409,534410,534411,534412,534413,534414,534415,534416,534417,534418,534419,534420,534421,534422,534423,534424,534425,534426,534427,534428,534429,534430,534431,534432
11,1101,'JUNDA26-Weekday-06-1',534433,534434,534435,534436,534437,534438,534439,534440,534441,534442,534443,534444,534445,534446,534447,534448,534449,534450,534451,534452,534453,534454,534455,534456,534457,534458,534459,534460,534461,534462,534463,534464,534465,534466,534467,534468,534469,534470,534471,534472,534473,534474,534475,534476,534477,534478,534479,534480,534481,534482,534483,534484,534485,534486,534487,534488,534489,534490,534491,534492,534493,534494,534495,534496,534497
11,1101,'JUNSA26-Saturday-07-1',534498,534499,534500,534501,534502,534503,534504,534505,534506,534507,534508,534509,534510,534511,534512,534513,534514,534515,534516,534517,534518,534519,534520,534521,534522,534523,534524,534525,534526,534527,534528,534529,534530
11,1101,'JUNSU26-Sunday-05-1',534531,534532,534533,534534,534535,534536,534537,534538,534539,534540,534541,534542,534543,534544,534545,534546,534547,534548,534549,534550,534551,534552,534553,534554,534555,534556,534557,534558,534559,534560,534561,534562,534563,534564,534565
11,1101,'RBJul03-Weekday-01-1',534566,534567,534568,534569,534570,534571,534572,534573,534574,534575,534576,534577,534578,534579,534580,534581,534582,534583,534584,534585,534586,534587,534588,534589,534590,534591,534592,534593,534594,534595,534596,534597,534598,534599,534600,534601,534602,534603,534604,534605,534606,534607,534608,534609,534610,534611,534612,534613,534614,534615,534616,534617,534618,534619,534620,534621,534622,534623,534624,534625,534626,534627,534628,534629,534630
12,1200,'CanDay26-Sunday-12-1',534631,534632,534633,534634,534635,534636,534637,534638,534639,534640,534641,534642,534643,534644,534645,534646,534647,534648,534649,534650,534651,534652,534653,534654,534655,534656,534657,534658,534659,534660,534661,534662,534663,534664,534665,534666,534667,534668,534669,534670,534671,534672,534673,534674,534675,534676,534677,534678,534679,534680,534681,534682,534683,534684,534685,534686,534687,534688,534689,534690,534691,534692,534693,534694,534695,534696,534697,534698,534699,534700,534701,534702,534703,534704,534705,534706,534707,534708,534709,534710,534711
12,1200,'CivHol26-Saturday-07-1',534712,534713,534714,534715,534716,534717,534718,534719,534720,534721,534722,534723,534724,534725,534726,534727,534728,534729,534730,534731,534732,534733,534734,534735,534736,534737,534738,534739,534740,534741,534742,534743,534744,534745,534746,534747,534748,534749,534750,534751,534752,534753,534754,534755,534756,534757,534758,534759,534760,534761,534762,534763,534764,534765,534766,534767,534768,534769,534770,534771,534772,534773,534774,534775,534776,534777,534778,534779
12,1200,'JUNDA26-Weekday-06-1',534780,534781,534782,534783,534784,534785,534786,534787,534788,534789,534790,534791,534792,534793,534794,534795,534796,534797,534798,534799,534800,534801,534802,534803,534804,534805,534806,534807,534808,534809,534810,534811,534812,534813,534814,534815,534816,534817,534818,534819,534820,534821,534822,534823,534824,534825,534826,534827,534828,534829,534830,534831,534832,534833,534834,534835,534836,534837,534838,534839,534840,534841,534842,534843,534844,534845,534846,534847,534848,534849,534850,534851,534852,534853,534854,534855,534856
12,1200,'JUNSA26-Saturday-07-1',534857,534858,534859,534860,534861,534862,534863,534864,534865,534866,534867,534868,534869,534870,534871,534872,534873,534874,534875,534876,534877,534878,534879,534880,534881,534882,534883,534884,534885,534886,534887,534888,534889,534890,534891,534892,534893,534894,534895,534896,534897,534898,534899,534900,534901,534902,534903,534904,534905,534906,534907,534908,534909,534910,534911,534912,534913,534914,534915,534916,534917,534918,534919,534920,534921,534922,534923
12,1200,'JUNSU26-Sunday-05-1',534924,534925,534926,534927,534928,534929,534930,534931,534932,534933,534934,534935,534936,534937,534938,534939,534940,534941,534942,534943,534944,534945,534946,534947,534948,534949,534950,534951,534952,534953,534954,534955,534956,534957,534958,534959,534960,534961,534962,534963,534964,534965,534966,534967,534968,534969,534970,534971,534972,534973
12,1200,'RBJul03-Weekday-01-1',534974,534975,534976,534977,534978,534979,534980,534981,534982,534983,534984,534985,534986,534987,534988,534989,534990,534991,534992,534993,534994,534995,534996,534997,534998,534999,535000,535001,535002,535003,535004,535005,535006,535007,535008,535009,535010,535011,535012,535013,535014,535015,535016,535017,535018,535019,535020,535021,535022,535023,535024,535025,535026,535027,535028,535029,535030,535031,535032,535033,535034,535035,535036,535037,535038,535039,535040,535041,535042,535043,535044,535045,535046,535047,535048,535049,535050
12,1201,'CanDay26-Sunday-12-1',535051,535052,535053,535054,535055,535056,535057,535058,535059,535060,535061,535062,535063,535064,535065,535066,535067,535068,535069,535070,535071,535072,535073,535074,535075,535076,535077,535078,535079,535080,535081,535082,535083,535084,535085,535086,535087,535088,535089,535090,535091,535092,535093,535094,535095,535096,535097,535098,535099,535100,535101,535102,535103,535104,535105,535106,535107,535108,535109,535110,535111,535112,535113,535114,535115,535116,535117,535118,535119,535120,535121,535122,535123,535124,535125,535126,535127,535128,535129,535130,535131
12,1201,'CivHol26-Saturday-07-1',535132,535133,535134,535135,535136,535137,535138,535139,535140,535141,535142,535143,535144,535145,535146,535147,535148,535149,535150,535151,535152,535153,535154,535155,535156,535157,535158,535159,535160,535161,535162,535163,535164,535165,535166,535167,535168,535169,535170,535171,535172,535173,535174,535175,535176,535177,535178,535179,535180,535181,535182,535183,535184,535185,535186,535187,535188,535189,535190,535191,535192,535193,535194,535195,535196,535197,535198
12,1201,'JUNDA26-Weekday-06-1',535199,535200,535201,535202,535203,535204,535205,535206,535207,535208,535209,535210,535211,535212,535213,535214,535215,535216,535217,535218,535219,535220,535221,535222,535223,535224,535225,535226,535227,535228,535229,535230,535231,535232,535233,535234,535235,535236,535237,535238,535239,535240,535241,535242,535243,535244,535245,535246,535247,535248,535249,535250,535251,535252,535253,535254,535255,535256,535257,535258,535259,535260,535261,535262,535263,535264,535265,535266,535267,535268,535269,535270,535271,535272,535273,535274,535275
12,1201,'JUNSA26-Saturday-07-1',535276,535277,535278,535279,535280,535281,535282,535283,535284,535285,535286,535287,535288,535289,535290,535291,535292,535293,535294,535295,535296,535297,535298,535299,535300,535301,535302,535303,535304,535305,535306,535307,535308,535309,535310,535311,535312,535313,535314,535315,535316,535317,535318,535319,535320,535321,535322,535323,535324,535325,535326,535327,535328,535329,535330,535331,535332,535333,535334,535335,535336,535337,535338,535339,535340
12,1201,'JUNSU26-Sunday-05-1',535341,535342,535343,535344,535345,535346,535347,535348,535349,535350,535351,535352,535353,535354,535355,535356,535357,535358,535359,535360,535361,535362,535363,535364,535365,535366,535367,535368,535369,535370,535371,535372,535373,535374,535375,535376,535377,535378,535379,535380,535381,535382,535383,535384,535385,535386,535387,535388,535389
12,1201,'RBJul03-Weekday-01-1',535390,535391,535392,535393,535394,535395,535396,535397,535398,535399,535400,535401,535402,535403,535404,535405,535406,535407,535408,535409,535410,535411,535412,535413,535414,535415,535416,535417,535418,535419,535420,535421,535422,535423,535424,535425,535426,535427,535428,535429,535430,535431,535432,535433,535434,535435,535436,535437,535438,535439,535440,535441,535442,535443,535444,535445,535446,535447,535448,535449,535450,535451,535452,535453,535454,535455,535456,535457,535458,535459,535460,535461,535462,535463,535464,535465,535466
13,1300,'CivHol26-Saturday-07-1',535467,535468,535469,535470,535471,535472,535473,535474,535475,535476,535477,535478,535479,535480,535481,535482,535483,535484,535485,535486,535487,535488,535489,535490,535491,535492,535493,535494,535495,535496,535497
13,1300,'JUNDA26-Weekday-06-1',535498,535499,535500,535501,535502,535503,535504,535505,535506,535507,535508,535509,535510,535511,535512,535513,535514,535515,535516,535517,535518,535519,535520,535521,535522,535523,535524,535525,535526,535527,535528
13,1300,'RBJul03-Weekday-01-1',535529,535530,535531,535532,535533,535534,535535,535536,535537,535538,535539,535540,535541,535542,535543,535544,535545,535546,535547,535548,535549,535550,535551,535552,535553,535554,535555,535556,535557,535558,535559
13,1301,'CivHol26-Saturday-07-1',535560,535561,535562,535563,535564,535565,535566,535567,535568,535569,535570,535571,535572,535573,535574,535575,535576,535577,535578,535579,535580,535581,535582,535583,535584,535585,535586,535587
13,1301,'JUNDA26-Weekday-06-1',535588,535589,535590,535591,535592,535593,535594,535595,535596,535597,535598,535599,535600,535601,535602,535603,535604,535605,535606,535607,535608,535609,535610,535611,535612,535613,535614,535615
13,1301,'RBJul03-Weekday-01-1',535616,535617,535618,535619,535620,535621,535622,535623,535624,535625,535626,535627,535628,535629,535630,535631,535632,535633,535634,535635,535636,535637,535638,535639,535640,535641,535642,535643
14,1400,'CanDay26-Sunday-12-1',535644,535645,535646,535647,535648,535649,535650,535651,535652,535653,535654,535655,535656,535657,535658,535659,535660,535661,535662,535663,535664,535665,535666,535667,535668,535669,535670,535671,535672,535673,535674,535675,535676,535677,535678
14,1400,'CivHol26-Saturday-07-1',535679,535680,535681,535682,535683,535684,535685,535686,535687,535688,535689,535690,535691,535692,535693,535694,535695,535696,535697,535698,535699,535700,535701,535702,535703,535704,535705,535706,535707,535708,535709,535710,535711,535712,535713,535714,535715,535716,535717,535718,535719,535720,535721,535722,535723,535724,535725,535726,535727,535728,535729
14,1400,'JUNDA26-Weekday-06-1',535730,535731,535732,535733,535734,535735,535736,535737,535738,535739,535740,535741,535742,535743,535744,535745,535746,535747,535748,535749,535750,535751,535752,535753,535754,535755,535756,535757,535758,535759,535760,535761,535762,535763,535764,535765,535766,535767,535768,535769,535770,535771,535772,535773,535774,535775,535776,535777,535778,535779,535780,535781,535782,535783,535784,535785,535786,535787,535788,535789,535790,535791
14,1400,'JUNSA26-Saturday-07-1',535792,535793,535794,535795,535796,535797,535798,535799,535800,535801,535802,535803,535804,535805,535806,535807,535808,535809,535810,535811,535812,535813,535814,535815,535816,535817,535818,535819,535820,535821,535822,535823,535824,535825,535826,535827,535828,535829,535830,535831,535832,535833,535834,535835,535836,535837,535838
14,1400,'JUNSU26-Sunday-05-1',535839,535840,535841,535842,535843,535844,535845,535846,535847,535848,535849,535850,535851,535852,535853,535854,535855,535856,535857,535858,535859,535860,535861,535862,535863,535864
14,1400,'RBJul03-Weekday-01-1',535865,535866,535867,535868,535869,535870,535871,535872,535873,535874,535875,535876,535877,535878,535879,535880,535881,535882,535883,535884,535885,535886,535887,535888,535889,535890,535891,535892,535893,535894,535895,535896,535897,535898,535899,535900,535901,535902,535903,535904,535905,535906,535907,535908,535909,535910,535911,535912,535913,535914,535915,535916,535917,535918,535919,535920,535921,535922,535923,535924,535925,535926
14,1401,'CanDay26-Sunday-12-1',535927,535928,535929,535930,535931,535932,535933,535934,535935,535936,535937,535938,535939,535940,535941,535942,535943,535944,535945,535946,535947,535948,535949,535950,535951,535952,535953,535954,535955,535956,535957,535958,535959,535960
14,1401,'CivHol26-Saturday-07-1',535961,535962,535963,535964,535965,535966,535967,535968,535969,535970,535971,535972,535973,535974,535975,535976,535977,535978,535979,535980,535981,535982,535983,535984,535985,535986,535987,535988,535989,535990,535991,535992,535993,535994,535995,535996,535997,535998,535999,536000,536001,536002,536003,536004,536005,536006,536007
14,1401,'JUNDA26-Weekday-06-1',536008,536009,536010,536011,536012,536013,536014,536015,536016,536017,536018,536019,536020,536021,536022,536023,536024,536025,536026,536027,536028,536029,536030,536031,536032,536033,536034,536035,536036,536037,536038,536039,536040,536041,536042,536043,536044,536045,536046,536047,536048,536049,536050,536051,536052,536053,536054,536055,536056,536057,536058,536059,536060,536061,536062,536063,536064,536065,536066,536067,536068
14,1401,'JUNSA26-Saturday-07-1',536069,536070,536071,536072,536073,536074,536075,536076,536077,536078,536079,536080,536081,536082,536083,536084,536085,536086,536087,536088,536089,536090,536091,536092,536093,536094,536095,536096,536097,536098,536099,536100,536101,536102,536103,536104,536105,536106,536107,536108,536109,536110,536111,536112
14,1401,'JUNSU26-Sunday-05-1',536113,536114,536115,536116,536117,536118,536119,536120,536121,536122,536123,536124,536125,536126,536127,536128,536129,536130,536131,536132,536133,536134,536135,536136,536137,536138,536139
14,1401,'RBJul03-Weekday-01-1',536140,536141,536142,536143,536144,536145,536146,536147,536148,536149,536150,536151,536152,536153,536154,536155,536156,536157,536158,536159,536160,536161,536162,536163,536164,536165,536166,536167,536168,536169,536170,536171,536172,536173,536174,536175,536176,536177,536178,536179,536180,536181,536182,536183,536184,536185,536186,536187,536188,536189,536190,536191,536192,536193,536194,536195,536196,536197,536198,536199,536200
15,1500,'JUNDA26-Weekday-06-1',536201,536202,536203,536204,536205,536206,536207,536208,536209,536210,536211,536212,536213,536214,536215,536216,536217,536218,536219,536220,536221,536222,536223,536224
15,1500,'RBJul03-Weekday-01-1',536225,536226,536227,536228,536229,536230,536231,536232,536233,536234,536235,536236,536237,536238,536239,536240,536241,536242,536243,536244,536245,536246,536247,536248
15,1501,'JUNDA26-Weekday-06-1',536249,536250,536251,536252,536253,536254,536255,536256,536257,536258,536259,536260,536261,536262,536263,536264,536265,536266,536267,536268,536269,536270,536271,536272,536273
15,1501,'RBJul03-Weekday-01-1',536274,536275,536276,536277,536278,536279,536280,536281,536282,536283,536284,536285,536286,536287,536288,536289,536290,536291,536292,536293,536294,536295,536296,536297,536298
17,1700,'JUNDA26-Weekday-06-1',536299,536300,536301,536302,536303,536304
17,1700,'RBJul03-Weekday-01-1',536305,536306,536307,536308,536309,536310
17,1701,'JUNDA26-Weekday-06-1',536311,536312,536313,536314,536315,536316
17,1701,'RBJul03-Weekday-01-1',536317,536318,536319,536320,536321,536322
18,1800,'CanDay26-Sunday-12-1',536323,536324,536325,536326,536327,536328,536329,536330,536331,536332,536333,536334,536335,536336,536337,536338,536339,536340,536341,536342,536343,536344,536345,536346,536347,536348,536349,536350,536351,536352,536353,536354
18,1800,'CivHol26-Saturday-07-1',536355,536356,536357,536358,536359,536360,536361,536362,536363,536364,536365,536366,536367,536368,536369,536370,536371,536372,536373,536374,536375,536376,536377,536378,536379,536380,536381,536382,536383,536384,536385,536386,536387
18,1800,'JUNDA26-Weekday-06-1',536388,536389,536390,536391,536392,536393,536394,536395,536396,536397,536398,536399,536400,536401,536402,536403,536404,536405,536406,536407,536408,536409,536410,536411,536412,536413,536414,536415,536416,536417,536418,536419,536420,536421,536422,536423,536424
18,1800,'JUNSA26-Saturday-07-1',536425,536426,536427,536428,536429,536430,536431,536432,536433,536434,536435,536436,536437,536438,536439,536440,536441,536442,536443,536444,536445,536446,536447,536448,536449,536450,536451
18,1800,'JUNSU26-Sunday-05-1',536452,536453,536454,536455,536456,536457,536458,536459,536460,536461,536462,536463,536464,536465,536466,536467,536468,536469,536470,536471,536472,536473,536474
18,1800,'RBJul03-Weekday-01-1',536475,536476,536477,536478,536479,536480,536481,536482,536483,536484,536485,536486,536487,536488,536489,536490,536491,536492,536493,536494,536495,536496,536497,536498,536499,536500,536501,536502,536503,536504,536505,536506,536507,536508,536509,536510,536511
18,1801,'CanDay26-Sunday-12-1',536512,536513,536514,536515,536516,536517,536518,536519,536520,536521,536522,536523,536524,536525,536526,536527,536528,536529,536530,536531,536532,536533,536534,536535,536536,536537,536538,536539,536540,536541,536542,536543,536544
18,1801,'CivHol26-Saturday-07-1',536545,536546,536547,536548,536549,536550,536551,536552,536553,536554,536555,536556,536557,536558,536559,536560,536561,536562,536563,536564,536565,536566,536567,536568,536569,536570,536571,536572,536573,536574,536575,536576
18,1801,'JUNDA26-Weekday-06-1',536577,536578,536579,536580,536581,536582,536583,536584,536585,536586,536587,536588,536589,536590,536591,536592,536593,536594,536595,536596,536597,536598,536599,536600,536601,536602,536603,536604,536605,536606,536607,536608,536609,536610,536611,536612
18,1801,'JUNSA26-Saturday-07-1',536613,536614,536615,536616,536617,536618,536619,536620,536621,536622,536623,536624,536625,536626,536627,536628,536629,536630,536631,536632,536633,536634,536635,536636,536637,536638
18,1801,'JUNSU26-Sunday-05-1',536639,536640,536641,536642,536643,536644,536645,536646,536647,536648,536649,536650,536651,536652,536653,536654,536655,536656,536657,536658,536659,536660,536661,536662,536663
18,1801,'RBJul03-Weekday-01-1',536664,536665,536666,536667,536668,536669,536670,536671,536672,536673,536674,536675,536676,536677,536678,536679,536680,536681,536682,536683,536684,536685,536686,536687,536688,536689,536690,536691,536692,536693,536694,536695,536696,536697,536698,536699
19,1900,'CanDay26-Sunday-12-1',536700,536701,536702,536703,536704,536705,536706,536707,536708,536709,536710,536711,536712,536713,536714,536715,536716,536717,536718,536719,536720,536721,536722,536723,536724,536725,536726,536727,536728,536729,536730,536731
19,1900,'CivHol26-Saturday-07-1',536732,536733,536734,536735,536736,536737,536738,536739,536740,536741,536742,536743,536744,536745,536746,536747,536748,536749,536750,536751,536752,536753,536754,536755,536756,536757,536758,536759,536760,536761,536762,536763,536764
19,1900,'JUNDA26-Weekday-06-1',536765,536766,536767,536768,536769,536770,536771,536772,536773,536774,536775,536776,536777,536778,536779,536780,536781,536782,536783,536784,536785,536786,536787,536788,536789,536790,536791,536792,536793,536794,536795,536796,536797,536798,536799
19,1900,'JUNSA26-Saturday-07-1',536800,536801,536802,536803,536804,536805,536806,536807,536808,536809,536810,536811,536812,536813,536814,536815,536816,536817,536818,536819,536820,536821,536822,536823,536824,536825,536826,536827,536828
19,1900,'JUNSU26-Sunday-05-1',536829,536830,536831,536832,536833,536834,536835,536836,536837,536838,536839,536840,536841,536842,536843,536844,536845,536846,536847,536848,536849,536850
19,1900,'RBJul03-Weekday-01-1',536851,536852,536853,536854,536855,536856,536857,536858,536859,536860,536861,536862,536863,536864,536865,536866,536867,536868,536869,536870,536871,536872,536873,536874,536875,536876,536877,536878,536879,536880,536881,536882,536883,536884,536885
19,1901,'CanDay26-Sunday-12-1',536886,536887,536888,536889,536890,536891,536892,536893,536894,536895,536896,536897,536898,536899,536900,536901,536902,536903,536904,536905,536906,536907,536908,536909,536910,536911,536912,536913,536914,536915,536916,536917,536918
19,1901,'CivHol26-Saturday-07-1',536919,536920,536921,536922,536923,536924,536925,536926,536927,536928,536929,536930,536931,536932,536933,536934,536935,536936,536937,536938,536939,536940,536941,536942,536943,536944,536945,536946,536947,536948
19,1901,'JUNDA26-Weekday-06-1',536949,536950,536951,536952,536953,536954,536955,536956,536957,536958,536959,536960,536961,536962,536963,536964,536965,536966,536967,536968,536969,536970,536971,536972,536973,536974,536975,536976,536977,536978,536979,536980,536981,536982,536983
19,1901,'JUNSA26-Saturday-07-1',536984,536985,536986,536987,536988,536989,536990,536991,536992,536993,536994,536995,536996,536997,536998,536999,537000,537001,537002,537003,537004,537005,537006,537007,537008,537009
19,1901,'JUNSU26-Sunday-05-1',537010,537011,537012,537013,537014,537015,537016,537017,537018,537019,537020,537021,537022,537023,537024,537025,537026,537027,537028,537029,537030,537031
19,1901,'RBJul03-Weekday-01-1',537032,537033,537034,537035,537036,537037,537038,537039,537040,537041,537042,537043,537044,537045,537046,537047,537048,537049,537050,537051,537052,537053,537054,537055,537056,537057,537058,537059,537060,537061,537062,537063,537064,537065,537066
20,2000,'CanDay26-Sunday-12-1',537067,537068,537069,537070,537071,537072,537073,537074,537075,537076,537077,537078,537079,537080,537081,537082,537083,537084,537085,537086,537087,537088,537089,537090,537091,537092,537093,537094,537095,537096,537097,537098,537099
20,2000,'CivHol26-Saturday-07-1',537100,537101,537102,537103,537104,537105,537106,537107,537108,537109,537110,537111,537112,537113,537114,537115,537116,537117,537118,537119,537120,537121,537122,537123,537124,537125,537126,537127,537128,537129
20,2000,'JUNDA26-Weekday-06-1',537130,537131,537132,537133,537134,537135,537136,537137,537138,537139,537140,537141,537142,537143,537144,537145,537146,537147,537148,537149,537150,537151,537152,537153,537154,537155,537156,537157,537158,537159,537160,537161,537162,537163,537164
20,2000,'JUNSA26-Saturday-07-1',537165,537166,537167,537168,537169,537170,537171,537172,537173,537174,537175,537176,537177,537178,537179,537180,537181,537182,537183,537184,537185,537186,537187
20,2000,'JUNSU26-Sunday-05-1',537188,537189,537190,537191,537192,537193,537194,537195,537196,537197,537198,537199,537200,537201,537202,537203,537204,537205,537206,537207,537208,537209
20,2000,'RBJul03-Weekday-01-1',537210,537211,537212,537213,537214,537215,537216,537217,537218,537219,537220,537221,537222,537223,537224,537225,537226,537227,537228,537229,537230,537231,537232,537233,537234,537235,537236,537237,537238,537239,537240,537241,537242,537243,537244
20,2001,'CanDay26-Sunday-12-1',537245,537246,537247,537248,537249,537250,537251,537252,537253,537254,537255,537256,537257,537258,537259,537260,537261,537262,537263,537264,537265,537266,537267,537268,537269,537270,537271,537272,537273,537274,537275,537276,537277,537278
20,2001,'CivHol26-Saturday-07-1',537279,537280,537281,537282,537283,537284,537285,537286,537287,537288,537289,537290,537291,537292,537293,537294,537295,537296,537297,537298,537299,537300,537301,537302,537303,537304,537305,537306,537307,537308
20,2001,'JUNDA26-Weekday-06-1',537309,537310,537311,537312,537313,537314,537315,537316,537317,537318,537319,537320,537321,537322,537323,537324,537325,537326,537327,537328,537329,537330,537331,537332,537333,537334,537335,537336,537337,537338,537339,537340,537341,537342
20,2001,'JUNSA26-Saturday-07-1',537343,537344,537345,537346,537347,537348,537349,537350,537351,537352,537353,537354,537355,537356,537357,537358,537359,537360,537361,537362,537363
20,2001,'JUNSU26-Sunday-05-1',537364,537365,537366,537367,537368,537369,537370,537371,537372,537373,537374,537375,537376,537377,537378,537379,537380,537381,537382,537383,537384,537385,537386,537387
20,2001,'RBJul03-Weekday-01-1',537388,537389,537390,537391,537392,537393,537394,537395,537396,537397,537398,537399,537400,537401,537402,537403,537404,537405,537406,537407,537408,537409,537410,537411,537412,537413,537414,537415,537416,537417,537418,537419,537420,537421
21,2100,'JUNDA26-Weekday-06-1',537422,537423,537424
21,2100,'RBJul03-Weekday-01-1',537425,537426,537427
21,2101,'JUNDA26-Weekday-06-1',537428,537429
21,2101,'RBJul03-Weekday-01-1',537430,537431
23,2300,'JUNDA26-Weekday-06-1',537432,537433,537434,537435,537436,537437,537438,537439
23,2300,'RBJul03-Weekday-01-1',537440,537441,537442,537443,537444,537445,537446,537447
24,2400,'CanDay26-Sunday-12-1',537448,537449,537450,537451,537452,537453,537454,537455,537456,537457,537458,537459,537460,537461,537462,537463,537464,537465,537466,537467,537468,537469,537470,537471,537472,537473,537474
24,2400,'CivHol26-Saturday-07-1',537475,537476,537477,537478,537479,537480,537481,537482,537483,537484,537485,537486,537487,537488,537489,537490,537491,537492,537493,537494,537495,537496,537497,537498,537499,537500,537501,537502,537503,537504,537505
24,2400,'JUNDA26-Weekday-06-1',537506,537507,537508,537509,537510,537511,537512,537513,537514,537515,537516,537517,537518,537519,537520,537521,537522,537523,537524,537525,537526,537527,537528,537529,537530,537531,537532,537533,537534,537535,537536,537537,537538,537539,537540,537541,537542,537543,537544,537545,537546,537547,537548,537549,537550
24,2400,'JUNSA26-Saturday-07-1',537551,537552,537553,537554,537555,537556,537557,537558,537559,537560,537561,537562,537563,537564,537565,537566,537567,537568,537569,537570,537571,537572,537573,537574,537575,537576,537577
24,2400,'JUNSU26-Sunday-05-1',537578,537579,537580,537581,537582,537583,537584,537585,537586,537587,537588,537589,537590,537591,537592,537593,537594,537595,537596,537597,537598,537599
24,2400,'RBJul03-Weekday-01-1',537600,537601,537602,537603,537604,537605,537606,537607,537608,537609,537610,537611,537612,537613,537614,537615,537616,537617,537618,537619,537620,537621,537622,537623,537624,537625,537626,537627,537628,537629,537630,537631,537632,537633,537634,537635,537636,537637,537638,537639,537640,537641,537642,537643,537644
24,2401,'CanDay26-Sunday-12-1',537645,537646,537647,537648,537649,537650,537651,537652,537653,537654,537655,537656,537657,537658,537659,537660,537661,537662,537663,537664,537665,537666,537667,537668,537669,537670,537671,537672
24,2401,'CivHol26-Saturday-07-1',537673,537674,537675,537676,537677,537678,537679,537680,537681,537682,537683,537684,537685,537686,537687,537688,537689,537690,537691,537692,537693,537694,537695,537696,537697,537698,537699,537700,537701,537702,537703,537704
24,2401,'JUNDA26-Weekday-06-1',537705,537706,537707,537708,537709,537710,537711,537712,537713,537714,537715,537716,537717,537718,537719,537720,537721,537722,537723,537724,537725,537726,537727,537728,537729,537730,537731,537732,537733,537734,537735,537736,537737,537738,537739,537740,537741,537742,537743,537744,537745,537746,537747,537748,537749,537750
24,2401,'JUNSA26-Saturday-07-1',537751,537752,537753,537754,537755,537756,537757,537758,537759,537760,537761,537762,537763,537764,537765,537766,537767,537768,537769,537770,537771,537772,537773,537774,537775,537776,537777,537778,537779
24,2401,'JUNSU26-Sunday-05-1',537780,537781,537782,537783,537784,537785,537786,537787,537788,537789,537790,537791,537792,537793,537794,537795,537796,537797,537798,537799,537800,537801,537802,537803
24,2401,'RBJul03-Weekday-01-1',537804,537805,537806,537807,537808,537809,537810,537811,537812,537813,537814,537815,537816,537817,537818,537819,537820,537821,537822,537823,537824,537825,537826,537827,537828,537829,537830,537831,537832,537833,537834,537835,537836,537837,537838,537839,537840,537841,537842,537843,537844,537845,537846,537847,537848,537849
25,2500,'CanDay26-Sunday-12-1',537850,537851,537852,537853,537854,537855,537856,537857,537858,537859,537860,537861,537862,537863,537864,537865,537866,537867,537868,537869,537870,537871,537872,537873,537874,537875,537876,537877,537878,537879,537880,537881,537882,537883,537884,537885,537886,537887,537888,537889,537890,537891,537892,537893,537894,537895,537896,537897,537898,537899,537900,537901,537902,537903,537904,537905,537906,537907,537908,537909,537910,537911,537912
25,2500,'CivHol26-Saturday-07-1',537913,537914,537915,537916,537917,537918,537919,537920,537921,537922,537923,537924,537925,537926,537927,537928,537929,537930,537931,537932,537933,537934,537935,537936,537937,537938,537939,537940,537941,537942,537943,537944,537945,537946,537947,537948,537949,537950,537951,537952,537953,537954,537955,537956,537957,537958,537959
25,2500,'JUNDA26-Weekday-06-1',537960,537961,537962,537963,537964,537965,537966,537967,537968,537969,537970,537971,537972,537973,537974,537975,537976,537977,537978,537979,537980,537981,537982,537983,537984,537985,537986,537987,537988,537989,537990,537991,537992,537993,537994,537995,537996,537997,537998,537999,538000,538001,538002,538003,538004,538005,538006,538007,538008,538009,538010,538011,538012,538013,538014,538015,538016,538017,538018,538019,538020,538021,538022,538023,538024
25,2500,'JUNSA26-Saturday-07-1',538025,538026,538027,538028,538029,538030,538031,538032,538033,538034,538035,538036,538037,538038,538039,538040,538041,538042,538043,538044,538045,538046,538047,538048,538049,538050,538051,538052,538053,538054,538055,538056
25,2500,'JUNSU26-Sunday-05-1',538057,538058,538059,538060,538061,538062,538063,538064,538065,538066,538067,538068,538069,538070,538071,538072,538073,538074,538075,538076,538077,538078,538079,538080,538081,538082,538083,538084,538085,538086,538087,538088,538089
25,2500,'RBJul03-Weekday-01-1',538090,538091,538092,538093,538094,538095,538096,538097,538098,538099,538100,538101,538102,538103,538104,538105,538106,538107,538108,538109,538110,538111,538112,538113,538114,538115,538116,538117,538118,538119,538120,538121,538122,538123,538124,538125,538126,538127,538128,538129,538130,538131,538132,538133,538134,538135,538136,538137,538138,538139,538140,538141,538142,538143,538144,538145,538146,538147,538148,538149,538150,538151,538152,538153,538154
25,2501,'CanDay26-Sunday-12-1',538155,538156,538157,538158,538159,538160,538161,538162,538163,538164,538165,538166,538167,538168,538169,538170,538171,538172,538173,538174,538175,538176,538177,538178,538179,538180,538181,538182,538183,538184,538185,538186,538187,538188,538189,538190,538191,538192,538193,538194,538195,538196,538197,538198,538199,538200,538201,538202,538203,538204,538205,538206,538207,538208,538209,538210,538211,538212,538213,538214,538215,538216,538217
25,2501,'CivHol26-Saturday-07-1',538218,538219,538220,538221,538222,538223,538224,538225,538226,538227,538228,538229,538230,538231,538232,538233,538234,538235,538236,538237,538238,538239,538240,538241,538242,538243,538244,538245,538246,538247,538248,538249,538250,538251,538252,538253,538254,538255,538256,538257,538258,538259,538260
25,2501,'JUNDA26-Weekday-06-1',538261,538262,538263,538264,538265,538266,538267,538268,538269,538270,538271,538272,538273,538274,538275,538276,538277,538278,538279,538280,538281,538282,538283,538284,538285,538286,538287,538288,538289,538290,538291,538292,538293,538294,538295,538296,538297,538298,538299,538300,538301,538302,538303,538304,538305,538306,538307,538308,538309,538310,538311,538312,538313,538314,538315,538316,538317,538318,538319
25,2501,'JUNSA26-Saturday-07-1',538320,538321,538322,538323,538324,538325,538326,538327,538328,538329,538330,538331,538332,538333,538334,538335,538336,538337,538338,538339,538340,538341,538342,538343,538344,538345,538346,538347,538348
25,2501,'JUNSU26-Sunday-05-1',538349,538350,538351,538352,538353,538354,538355,538356,538357,538358,538359,538360,538361,538362,538363,538364,538365,538366,538367,538368,538369,538370,538371,538372,538373,538374,538375,538376,538377,538378,538379,538380,538381,538382
25,2501,'RBJul03-Weekday-01-1',538383,538384,538385,538386,538387,538388,538389,538390,538391,538392,538393,538394,538395,538396,538397,538398,538399,538400,538401,538402,538403,538404,538405,538406,538407,538408,538409,538410,538411,538412,538413,538414,538415,538416,538417,538418,538419,538420,538421,538422,538423,538424,538425,538426,538427,538428,538429,538430,538431,538432,538433,538434,538435,538436,538437,538438,538439,538440,538441
26,2600,'JUNDA26-Weekday-06-1',538442,538443,538444,538445,538446,538447,538448,538449,538450,538451,538452,538453,538454,538455,538456,538457,538458
26,2600,'RBJul03-Weekday-01-1',538459,538460,538461,538462,538463,538464,538465,538466,538467,538468,538469,538470,538471,538472,538473,538474,538475
26,2601,'JUNDA26-Weekday-06-1',538476,538477,538478,538479,538480,538481,538482,538483,538484,538485,538486,538487,538488,538489,538490,538491,538492
26,2601,'RBJul03-Weekday-01-1',538493,538494,538495,538496,538497,538498,538499,538500,538501,538502,538503,538504,538505,538506,538507,538508,538509
30,3000,'CanDay26-Sunday-12-1',538510,538511,538512,538513,538514,538515,538516,538517,538518,538519,538520,538521,538522,538523,538524,538525,538526,538527,538528,538529,538530,538531,538532,538533,538534,538535,538536,538537,538538
30,3000,'CivHol26-Saturday-07-1',538539,538540,538541,538542,538543,538544,538545,538546,538547,538548,538549,538550,538551,538552,538553,538554,538555,538556,538557,538558,538559,538560,538561,538562,538563,538564,538565,538566,538567
30,3000,'JUNDA26-Weekday-06-1',538568,538569,538570,538571,538572,538573,538574,538575,538576,538577,538578,538579,538580,538581,538582,538583,538584,538585,538586,538587,538588,538589,538590,538591,538592,538593,538594,538595,538596,538597,538598,538599,538600,538601,538602,538603,538604,538605
30,3000,'JUNSA26-Saturday-07-1',538606,538607,538608,538609,538610,538611,538612,538613,538614,538615,538616,538617,538618,538619,538620,538621,538622,538623,538624,538625,538626,538627,538628,538629
30,3000,'JUNSU26-Sunday-05-1',538630,538631,538632,538633,538634,538635,538636,538637,538638,538639,538640,538641,538642,538643,538644,538645,538646,538647,538648,538649,538650,538651,538652
30,3000,'RBJul03-Weekday-01-1',538653,538654,538655,538656,538657,538658,538659,538660,538661,538662,538663,538664,538665,538666,538667,538668,538669,538670,538671,538672,538673,538674,538675,538676,538677,538678,538679,538680,538681,538682,538683,538684,538685,538686,538687,538688,538689,538690
30,3001,'CanDay26-Sunday-12-1',538691,538692,538693,538694,538695,538696,538697,538698,538699,538700,538701,538702,538703,538704,538705,538706,538707,538708,538709,538710,538711,538712,538713,538714,538715,538716,538717,538718
30,3001,'CivHol26-Saturday-07-1',538719,538720,538721,538722,538723,538724,538725,538726,538727,538728,538729,538730,538731,538732,538733,538734,538735,538736,538737,538738,538739,538740,538741,538742,538743,538744,538745,538746,538747
30,3001,'JUNDA26-Weekday-06-1',538748,538749,538750,538751,538752,538753,538754,538755,538756,538757,538758,538759,538760,538761,538762,538763,538764,538765,538766,538767,538768,538769,538770,538771,538772,538773,538774,538775,538776,538777,538778,538779,538780,538781,538782,538783,538784,538785,538786,538787,538788
30,3001,'JUNSA26-Saturday-07-1',538789,538790,538791,538792,538793,538794,538795,538796,538797,538798,538799,538800,538801,538802,538803,538804,538805,538806,538807,538808,538809,538810,538811,538812
30,3001,'JUNSU26-Sunday-05-1',538813,538814,538815,538816,538817,538818,538819,538820,538821,538822,538823,538824,538825,538826,538827,538828,538829,538830,538831,538832,538833
30,3001,'RBJul03-Weekday-01-1',538834,538835,538836,538837,538838,538839,538840,538841,538842,538843,538844,538845,538846,538847,538848,538849,538850,538851,538852,538853,538854,538855,538856,538857,538858,538859,538860,538861,538862,538863,538864,538865,538866,538867,538868,538869,538870,538871,538872,538873,538874
31,3100,'CanDay26-Sunday-12-1',538875,538876,538877,538878,538879,538880,538881,538882,538883,538884,538885,538886,538887,538888,538889,538890,538891,538892,538893,538894,538895,538896,538897,538898,538899,538900
31,3100,'CivHol26-Saturday-07-1',538901,538902,538903,538904,538905,538906,538907,538908,538909,538910,538911,538912,538913,538914,538915,538916,538917,538918,538919,538920,538921,538922,538923,538924,538925,538926,538927,538928,538929,538930,538931,538932,538933
31,3100,'JUNDA26-Weekday-06-1',538934,538935,538936,538937,538938,538939,538940,538941,538942,538943,538944,538945,538946,538947,538948,538949,538950,538951,538952,538953,538954,538955,538956,538957,538958,538959,538960,538961,538962,538963,538964,538965
31,3100,'JUNSA26-Saturday-07-1',538966,538967,538968,538969,538970,538971,538972,538973,538974,538975,538976,538977,538978,538979,538980,538981,538982,538983,538984,538985,538986,538987,538988,538989
31,3100,'JUNSU26-Sunday-05-1',538990,538991,538992,538993,538994,538995,538996,538997,538998,538999,539000,539001,539002,539003,539004,539005,539006,539007,539008,539009,539010,539011
31,3100,'RBJul03-Weekday-01-1',539012,539013,539014,539015,539016,539017,539018,539019,539020,539021,539022,539023,539024,539025,539026,539027,539028,539029,539030,539031,539032,539033,539034,539035,539036,539037,539038,539039,539040,539041,539042,539043
31,3101,'CanDay26-Sunday-12-1',539044,539045,539046,539047,539048,539049,539050,539051,539052,539053,539054,539055,539056,539057,539058,539059,539060,539061,539062,539063,539064,539065,539066,539067,539068,539069
31,3101,'CivHol26-Saturday-07-1',539070,539071,539072,539073,539074,539075,539076,539077,539078,539079,539080,539081,539082,539083,539084,539085,539086,539087,539088,539089,539090,539091,539092,539093,539094,539095,539096,539097,539098,539099,539100,539101,539102,539103
31,3101,'JUNDA26-Weekday-06-1',539104,539105,539106,539107,539108,539109,539110,539111,539112,539113,539114,539115,539116,539117,539118,539119,539120,539121,539122,539123,539124,539125,539126,539127,539128,539129,539130,539131,539132,539133,539134,539135,539136
31,3101,'JUNSA26-Saturday-07-1',539137,539138,539139,539140,539141,539142,539143,539144,539145,539146,539147,539148,539149,539150,539151,539152,539153,539154,539155,539156,539157,539158,539159,539160,539161,539162
31,3101,'JUNSU26-Sunday-05-1',539163,539164,539165,539166,539167,539168,539169,539170,539171,539172,539173,539174,539175,539176,539177,539178,539179,539180,539181,539182,539183,539184
31,3101,'RBJul03-Weekday-01-1',539185,539186,539187,539188,539189,539190,539191,539192,539193,539194,539195,539196,539197,539198,539199,539200,539201,539202,539203,539204,539205,539206,539207,539208,539209,539210,539211,539212,539213,539214,539215,539216,539217
32,3200,'JUNDA26-Weekday-06-1',539218,539219,539220,539221,539222,539223,539224,539225
32,3200,'RBJul03-Weekday-01-1',539226,539227,539228,539229,539230,539231,539232,539233
32,3201,'JUNDA26-Weekday-06-1',539234,539235,539236,539237,539238,539239,539240
32,3201,'RBJul03-Weekday-01-1',539241,539242,539243,539244,539245,539246,539247
33,3300,'CanDay26-Sunday-12-1',539248,539249,539250,539251,539252,539253,539254,539255,539256,539257,539258,539259,539260,539261,539262,539263,539264,539265,539266,539267,539268,539269,539270,539271,539272,539273
33,3300,'CivHol26-Saturday-07-1',539274,539275,539276,539277,539278,539279,539280,539281,539282,539283,539284,539285,539286,539287,539288,539289,539290,539291,539292,539293,539294,539295,539296,539297,539298,539299,539300,539301,539302,539303,539304
33,3300,'JUNDA26-Weekday-06-1',539305,539306,539307,539308,539309,539310,539311,539312,539313,539314,539315,539316,539317,539318,539319,539320,539321,539322,539323,539324,539325,539326,539327,539328,539329,539330,539331,539332,539333,539334,539335,539336,539337,539338,539339,539340
33,3300,'JUNSA26-Saturday-07-1',539341,539342,539343,539344,539345,539346,539347,539348,539349,539350,539351,539352,539353,539354,539355,539356,539357,539358,539359,539360,539361,539362,539363,539364
33,3300,'JUNSU26-Sunday-05-1',539365,539366,539367,539368,539369,539370,539371,539372,539373,539374,539375,539376,539377,539378,539379,539380,539381,539382,539383,539384
33,3300,'RBJul03-Weekday-01-1',539385,539386,539387,539388,539389,539390,539391,539392,539393,539394,539395,539396,539397,539398,539399,539400,539401,539402,539403,539404,539405,539406,539407,539408,539409,539410,539411,539412,539413,539414,539415,539416,539417,539418,539419,539420
33,3301,'CanDay26-Sunday-12-1',539421,539422,539423,539424,539425,539426,539427,539428,539429,539430,539431,539432,539433,539434,539435,539436,539437,539438,539439,539440,539441,539442,539443,539444,539445,539446,539447
33,3301,'CivHol26-Saturday-07-1',539448,539449,539450,539451,539452,539453,539454,539455,539456,539457,539458,539459,539460,539461,539462,539463,539464,539465,539466,539467,539468,539469,539470,539471,539472,539473,539474,539475,539476,539477,539478
33,3301,'JUNDA26-Weekday-06-1',539479,539480,539481,539482,539483,539484,539485,539486,539487,539488,539489,539490,539491,539492,539493,539494,539495,539496,539497,539498,539499,539500,539501,539502,539503,539504,539505,539506,539507,539508,539509,539510,539511
33,3301,'JUNSA26-Saturday-07-1',539512,539513,539514,539515,539516,539517,539518,539519,539520,539521,539522,539523,539524,539525,539526,539527,539528,539529,539530,539531,539532,539533,539534,539535
33,3301,'JUNSU26-Sunday-05-1',539536,539537,539538,539539,539540,539541,539542,539543,539544,539545,539546,539547,539548,539549,539550,539551,539552,539553,539554,539555
33,3301,'RBJul03-Weekday-01-1',539556,539557,539558,539559,539560,539561,539562,539563,539564,539565,539566,539567,539568,539569,539570,539571,539572,539573,539574,539575,539576,539577,539578,539579,539580,539581,539582,539583,539584,539585,539586,539587,539588
34,3400,'CanDay26-Sunday-12-1',539589,539590,539591,539592,539593,539594,539595,539596,539597,539598,539599,539600,539601,539602,539603,539604,539605,539606,539607,539608,539609,539610,539611,539612,539613,539614,539615
34,3400,'CivHol26-Saturday-07-1',539616,539617,539618,539619,539620,539621,539622,539623,539624,539625,539626,539627,539628,539629,539630,539631,539632,539633,539634,539635,539636,539637,539638,539639,539640,539641
34,3400,'JUNDA26-Weekday-06-1',539642,539643,539644,539645,539646,539647,539648,539649,539650,539651,539652,539653,539654,539655,539656,539657,539658,539659,539660,539661,539662,539663,539664,539665,539666,539667,539668,539669,539670,539671,539672,539673,539674
34,3400,'JUNSA26-Saturday-07-1',539675,539676,539677,539678,539679,539680,539681,539682,539683,539684,539685,539686,539687,539688,539689,539690,539691,539692,539693,539694,539695,539696
34,3400,'JUNSU26-Sunday-05-1',539697,539698,539699,539700,539701,539702,539703,539704,539705,539706,539707,539708,539709,539710,539711,539712,539713,539714
34,3400,'RBJul03-Weekday-01-1',539715,539716,539717,539718,539719,539720,539721,539722,539723,539724,539725,539726,539727,539728,539729,539730,539731,539732,539733,539734,539735,539736,539737,539738,539739,539740,539741,539742,539743,539744,539745,539746,539747
34,3401,'CanDay26-Sunday-12-1',539748,539749,539750,539751,539752,539753,539754,539755,539756,539757,539758,539759,539760,539761,539762,539763,539764,539765,539766,539767,539768,539769,539770,539771,539772,539773,539774,539775
34,3401,'CivHol26-Saturday-07-1',539776,539777,539778,539779,539780,539781,539782,539783,539784,539785,539786,539787,539788,539789,539790,539791,539792,539793,539794,539795,539796,539797,539798,539799,539800
34,3401,'JUNDA26-Weekday-06-1',539801,539802,539803,539804,539805,539806,539807,539808,539809,539810,539811,539812,539813,539814,539815,539816,539817,539818,539819,539820,539821,539822,539823,539824,539825,539826,539827,539828,539829,539830,539831,539832,539833
34,3401,'JUNSA26-Saturday-07-1',539834,539835,539836,539837,539838,539839,539840,539841,539842,539843,539844,539845,539846,539847,539848,539849,539850,539851,539852,539853,539854,539855
34,3401,'JUNSU26-Sunday-05-1',539856,539857,539858,539859,539860,539861,539862,539863,539864,539865,539866,539867,539868,539869,539870,539871,539872,539873
34,3401,'RBJul03-Weekday-01-1',539874,539875,539876,539877,539878,539879,539880,539881,539882,539883,539884,539885,539886,539887,539888,539889,539890,539891,539892,539893,539894,539895,539896,539897,539898,539899,539900,539901,539902,539903,539904,539905,539906
35,3500,'CanDay26-Sunday-12-1',539907,539908,539909,539910,539911,539912,539913,539914,539915,539916,539917,539918,539919,539920,539921,539922,539923,539924,539925,539926,539927,539928,539929,539930,539931,539932
35,3500,'CivHol26-Saturday-07-1',539933,539934,539935,539936,539937,539938,539939,539940,539941,539942,539943,539944,539945,539946,539947,539948,539949,539950,539951,539952,539953,539954,539955,539956,539957,539958,539959,539960,539961,539962
35,3500,'JUNDA26-Weekday-06-1',539963,539964,539965,539966,539967,539968,539969,539970,539971,539972,539973,539974,539975,539976,539977,539978,539979,539980,539981,539982,539983,539984,539985,539986,539987,539988,539989,539990,539991,539992,539993,539994,539995
35,3500,'JUNSA26-Saturday-07-1',539996,539997,539998,539999,540000,540001,540002,540003,540004,540005,540006,540007,540008,540009,540010,540011,540012,540013,540014,540015,540016,540017,540018
35,3500,'JUNSU26-Sunday-05-1',540019,540020,540021,540022,540023,540024,540025,540026,540027,540028,540029,540030,540031,540032,540033,540034,540035,540036,540037,540038
35,3500,'RBJul03-Weekday-01-1',540039,540040,540041,540042,540043,540044,540045,540046,540047,540048,540049,540050,540051,540052,540053,540054,540055,540056,540057,540058,540059,540060,540061,540062,540063,540064,540065,540066,540067,540068,540069,540070,540071
35,3501,'CanDay26-Sunday-12-1',540072,540073,540074,540075,540076,540077,540078,540079,540080,540081,540082,540083,540084,540085,540086,540087,540088,540089,540090,540091,540092,540093,540094,540095
35,3501,'CivHol26-Saturday-07-1',540096,540097,540098,540099,540100,540101,540102,540103,540104,540105,540106,540107,540108,540109,540110,540111,540112,540113,540114,540115,540116,540117,540118,540119,540120,540121,540122,540123,540124,540125
35,3501,'JUNDA26-Weekday-06-1',540126,540127,540128,540129,540130,540131,540132,540133,540134,540135,540136,540137,540138,540139,540140,540141,540142,540143,540144,540145,540146,540147,540148,540149,540150,540151,540152,540153,540154,540155,540156,540157,540158
35,3501,'JUNSA26-Saturday-07-1',540159,540160,540161,540162,540163,540164,540165,540166,540167,540168,540169,540170,540171,540172,540173,540174,540175,540176,540177,540178,540179,540180,540181
35,3501,'JUNSU26-Sunday-05-1',540182,540183,540184,540185,540186,540187,540188,540189,540190,540191,540192,540193,540194,540195,540196,540197,540198,540199,540200,540201
35,3501,'RBJul03-Weekday-01-1',540202,540203,540204,540205,540206,540207,540208,540209,540210,540211,540212,540213,540214,540215,540216,540217,540218,540219,540220,540221,540222,540223,540224,540225,540226,540227,540228,540229,540230,540231,540232,540233,540234
36,3600,'CanDay26-Sunday-12-1',540235,540236,540237,540238,540239,540240,540241,540242,540243,540244,540245,540246,540247,540248,540249,540250,540251,540252,540253,540254,540255,540256,540257,540258,540259,540260,540261,540262
36,3600,'CivHol26-Saturday-07-1',540263,540264,540265,540266,540267,540268,540269,540270,540271,540272,540273,540274,540275,540276,540277,540278,540279,540280,540281,540282,540283,540284,540285,540286,540287,540288,540289,540290,540291,540292
36,3600,'JUNDA26-Weekday-06-1',540293,540294,540295,540296,540297,540298,540299,540300,540301,540302,540303,540304,540305,540306,540307,540308,540309,540310,540311,540312,540313,540314,540315,540316,540317,540318,540319,540320,540321,540322,540323,540324,540325,540326,540327
36,3600,'JUNSA26-Saturday-07-1',540328,540329,540330,540331,540332,540333,540334,540335,540336,540337,540338,540339,540340,540341,540342,540343,540344,540345,540346,540347,540348
36,3600,'JUNSU26-Sunday-05-1',540349,540350,540351,540352,540353,540354,540355,540356,540357,540358,540359,540360,540361,540362,540363,540364,540365,540366,540367,540368,540369,540370,540371,540372
36,3600,'RBJul03-Weekday-01-1',540373,540374,540375,540376,540377,540378,540379,540380,540381,540382,540383,540384,540385,540386,540387,540388,540389,540390,540391,540392,540393,540394,540395,540396,540397,540398,540399,540400,540401,540402,540403,540404,540405,540406,540407
36,3601,'CanDay26-Sunday-12-1',540408,540409,540410,540411,540412,540413,540414,540415,540416,540417,540418,540419,540420,540421,540422,540423,540424,540425,540426,540427,540428,540429,540430,540431,540432,540433,540434
36,3601,'CivHol26-Saturday-07-1',540435,540436,540437,540438,540439,540440,540441,540442,540443,540444,540445,540446,540447,540448,540449,540450,540451,540452,540453,540454,540455,540456,540457,540458,540459,540460,540461,540462,540463,540464,540465
36,3601,'JUNDA26-Weekday-06-1',540466,540467,540468,540469,540470,540471,540472,540473,540474,540475,540476,540477,540478,540479,540480,540481,540482,540483,540484,540485,540486,540487,540488,540489,540490,540491,540492,540493,540494,540495,540496,540497,540498
36,3601,'JUNSA26-Saturday-07-1',540499,540500,540501,540502,540503,540504,540505,540506,540507,540508,540509,540510,540511,540512,540513,540514,540515,540516,540517,540518,540519,540520
36,3601,'JUNSU26-Sunday-05-1',540521,540522,540523,540524,540525,540526,540527,540528,540529,540530,540531,540532,540533,540534,540535,540536,540537,540538,540539,540540,540541
36,3601,'RBJul03-Weekday-01-1',540542,540543,540544,540545,540546,540547,540548,540549,540550,540551,540552,540553,540554,540555,540556,540557,540558,540559,540560,540561,540562,540563,540564,540565,540566,540567,540568,540569,540570,540571,540572,540573,540574
38,3800,'CanDay26-Sunday-12-1',540575,540576,540577,540578,540579,540580,540581,540582,540583,540584,540585,540586,540587,540588,540589,540590,540591,540592,540593,540594,540595,540596,540597,540598,540599,540600,540601
38,3800,'CivHol26-Saturday-07-1',540602,540603,540604,540605,540606,540607,540608,540609,540610,540611,540612,540613,540614,540615,540616,540617,540618,540619,540620,540621,540622,540623,540624,540625,540626,540627,540628,540629,540630,540631,540632,540633
38,3800,'JUNDA26-Weekday-06-1',540634,540635,540636,540637,540638,540639,540640,540641,540642,540643,540644,540645,540646,540647,540648,540649,540650,540651,540652,540653,540654,540655,540656,540657,540658,540659,540660,540661,540662,540663,540664,540665,540666,540667,540668,540669
38,3800,'JUNSA26-Saturday-07-1',540670,540671,540672,540673,540674,540675,540676,540677,540678,540679,540680,540681,540682,540683,540684,540685,540686,540687,540688,540689,540690,540691,540692,540693,540694,540695,540696
38,3800,'JUNSU26-Sunday-05-1',540697,540698,540699,540700,540701,540702,540703,540704,540705,540706,540707,540708,540709,540710,540711,540712,540713,540714,540715,540716,540717
38,3800,'RBJul03-Weekday-01-1',540718,540719,540720,540721,540722,540723,540724,540725,540726,540727,540728,540729,540730,540731,540732,540733,540734,540735,540736,540737,540738,540739,540740,540741,540742,540743,540744,540745,540746,540747,540748,540749,540750,540751,540752,540753
38,3801,'CanDay26-Sunday-12-1',540754,540755,540756,540757,540758,540759,540760,540761,540762,540763,540764,540765,540766,540767,540768,540769,540770,540771,540772,540773,540774,540775,540776,540777,540778,540779,540780,540781,540782
38,3801,'CivHol26-Saturday-07-1',540783,540784,540785,540786,540787,540788,540789,540790,540791,540792,540793,540794,540795,540796,540797,540798,540799,540800,540801,540802,540803,540804,540805,540806,540807,540808,540809,540810,540811,540812,540813,540814,540815,540816
38,3801,'JUNDA26-Weekday-06-1',540817,540818,540819,540820,540821,540822,540823,540824,540825,540826,540827,540828,540829,540830,540831,540832,540833,540834,540835,540836,540837,540838,540839,540840,540841,540842,540843,540844,540845,540846,540847,540848,540849
38,3801,'JUNSA26-Saturday-07-1',540850,540851,540852,540853,540854,540855,540856,540857,540858,540859,540860,540861,540862,540863,540864,540865,540866,540867,540868,540869,540870,540871,540872,540873,540874,540875,540876,540877,540878
38,3801,'JUNSU26-Sunday-05-1',540879,540880,540881,540882,540883,540884,540885,540886,540887,540888,540889,540890,540891,540892,540893,540894,540895,540896,540897,540898,540899
38,3801,'RBJul03-Weekday-01-1',540900,540901,540902,540903,540904,540905,540906,540907,540908,540909,540910,540911,540912,540913,540914,540915,540916,540917,540918,540919,540920,540921,540922,540923,540924,540925,540926,540927,540928,540929,540930,540931,540932
39,3900,'CanDay26-Sunday-12-1',540933,540934,540935,540936,540937,540938,540939,540940,540941,540942,540943,540944,540945,540946,540947,540948,540949,540950,540951,540952,540953,540954,540955,540956,540957,540958,540959,540960,540961,540962,540963,540964,540965,540966,540967,540968,540969,540970,540971,540972,540973,540974,540975,540976,540977,540978,540979,540980,540981,540982,540983,540984,540985,540986,540987,540988,540989,540990,540991,540992,540993,540994,540995,540996,540997,540998,540999,541000,541001,541002,541003,541004,541005,541006,541007,541008,541009,541010,541011,541012,541013,541014,541015,541016,541017,541018,541019,541020,541021,541022,541023,541024,541025,541026,541027,541028,541029,541030,541031,541032,541033,541034,541035,541036,541037,541038,541039,541040,541041,541042,541043,541044,541045,541046,541047,541048,541049,541050,541051,541052,541053,541054,541055,541056,541057,541058,541059,541060,541061,541062,541063,541064,541065,541066,541067,541068,541069,541070,541071,541072,541073,541074,541075,541076,541077,541078,541079,541080,541081,541082,541083,541084,541085,541086,541087,541088,541089,541090,541091,541092,541093,541094,541095,541096,541097,541098,541099,541100,541101,541102,541103,541104,541105,541106,541107,541108,541109,541110,541111,541112,541113,541114,541115,541116
39,3900,'CivHol26-Saturday-07-1',541117,541118,541119,541120,541121,541122,541123,541124,541125,541126,541127,541128,541129,541130,541131,541132,541133,541134,541135,541136,541137,541138,541139,541140,541141,541142,541143,541144,541145,541146,541147,541148,541149,541150,541151,541152,541153,541154,541155,541156,541157,541158,541159,541160,541161,541162,541163,541164,541165,541166,541167,541168,541169,541170,541171,541172,541173,541174,541175,541176,541177,541178,541179,541180,541181,541182,541183,541184,541185,541186,541187,541188,541189,541190,541191,541192,541193,541194,541195,541196
39,3900,'JUNDA26-Weekday-06-1',541197,541198,541199,541200,541201,541202,541203,541204,541205,541206,541207,541208,541209,541210,541211,541212,541213,541214,541215,541216,541217,541218,541219,541220,541221,541222,541223,541224,541225,541226,541227,541228,541229,541230,541231,541232,541233,541234,541235,541236,541237,541238,541239,541240,541241,541242,541243,541244,541245,541246,541247,541248,541249,541250,541251,541252,541253,541254,541255,541256,541257,541258,541259,541260,541261,541262,541263,541264,541265,541266,541267,541268,541269,541270,541271,541272,541273,541274,541275,541276,541277,541278,541279
39,3900,'JUNSA26-Saturday-07-1',541280,541281,541282,541283,541284,541285,541286,541287,541288,541289,541290,541291,541292,541293,541294,541295,541296,541297,541298,541299,541300,541301,541302,541303,541304,541305,541306,541307,541308,541309,541310,541311,541312,541313,541314,541315,541316,541317,541318,541319,541320,541321,541322,541323,541324,541325,541326,541327,541328,541329,541330,541331,541332,541333,541334,541335,541336,541337,541338,541339,541340,541341,541342,541343,541344,541345,541346
39,3900,'JUNSU26-Sunday-05-1',541347,541348,541349,541350,541351,541352,541353,541354,541355,541356,541357,541358,541359,541360,541361,541362,541363,541364,541365,541366,541367,541368,541369,541370,541371,541372,541373,541374,541375,541376,541377,541378,541379,541380,541381,541382,541383,541384,541385,541386,541387,541388,541389,541390,541391,541392,541393,541394,541395,541396,541397,541398,541399,541400,541401,541402,541403,541404,541405,541406,541407,541408,541409,541410,541411
39,3900,'RBJul03-Weekday-01-1',541412,541413,541414,541415,541416,541417,541418,541419,541420,541421,541422,541423,541424,541425,541426,541427,541428,541429,541430,541431,541432,541433,541434,541435,541436,541437,541438,541439,541440,541441,541442,541443,541444,541445,541446,541447,541448,541449,541450,541451,541452,541453,541454,541455,541456,541457,541458,541459,541460,541461,541462,541463,541464,541465,541466,541467,541468,541469,541470,541471,541472,541473,541474,541475,541476,541477,541478,541479,541480,541481,541482,541483,541484,541485,541486,541487,541488,541489,541490,541491,541492,541493,541494
39,3901,'CanDay26-Sunday-12-1',541495,541496,541497,541498,541499,541500,541501,541502,541503,541504,541505,541506,541507,541508,541509,541510,541511,541512,541513,541514,541515,541516,541517,541518,541519,541520,541521,541522,541523,541524,541525,541526,541527,541528,541529,541530,541531,541532,541533,541534,541535,541536,541537,541538,541539,541540,541541,541542,541543,541544,541545,541546,541547,541548,541549,541550,541551,541552,541553,541554,541555,541556,541557,541558,541559,541560,541561,541562,541563,541564,541565,541566,541567,541568,541569,541570,541571,541572,541573,541574,541575,541576,541577,541578,541579,541580,541581,541582,541583,541584,541585,541586,541587,541588,541589,541590,541591,541592,541593,541594,541595,541596,541597,541598,541599,541600,541601,541602,541603,541604,541605,541606,541607,541608,541609,541610,541611,541612,541613,541614,541615,541616,541617,541618,541619,541620,541621,541622,541623,541624,541625,541626,541627,541628,541629,541630,541631,541632,541633,541634,541635,541636,541637,541638,541639,541640,541641,541642,541643,541644,541645,541646,541647,541648,541649,541650,541651,541652,541653,541654,541655,541656,541657,541658,541659,541660,541661,541662,541663,541664,541665,541666,541667,541668,541669,541670,541671,541672,541673,541674,541675,541676
39,3901,'CivHol26-Saturday-07-1',541677,541678,541679,541680,541681,541682,541683,541684,541685,541686,541687,541688,541689,541690,541691,541692,541693,541694,541695,541696,541697,541698,541699,541700,541701,541702,541703,541704,541705,541706,541707,541708,541709,541710,541711,541712,541713,541714,541715,541716,541717,541718,541719,541720,541721,541722,541723,541724,541725,541726,541727,541728,541729,541730,541731,541732,541733,541734,541735,541736,541737,541738,541739,541740,541741,541742,541743,541744,541745,541746,541747,541748,541749,541750,541751,541752,541753,541754
39,3901,'JUNDA26-Weekday-06-1',541755,541756,541757,541758,541759,541760,541761,541762,541763,541764,541765,541766,541767,541768,541769,541770,541771,541772,541773,541774,541775,541776,541777,541778,541779,541780,541781,541782,541783,541784,541785,541786,541787,541788,541789,541790,541791,541792,541793,541794,541795,541796,541797,541798,541799,541800,541801,541802,541803,541804,541805,541806,541807,541808,541809,541810,541811,541812,541813,541814,541815,541816,541817,541818,541819,541820,541821,541822,541823,541824,541825,541826,541827,541828,541829,541830,541831,541832,541833,541834
39,3901,'JUNSA26-Saturday-07-1',541835,541836,541837,541838,541839,541840,541841,541842,541843,541844,541845,541846,541847,541848,541849,541850,541851,541852,541853,541854,541855,541856,541857,541858,541859,541860,541861,541862,541863,541864,541865,541866,541867,541868,541869,541870,541871,541872,541873,541874,541875,541876,541877,541878,541879,541880,541881,541882,541883,541884,541885,541886,541887,541888,541889,541890,541891,541892,541893,541894,541895,541896,541897,541898,541899,541900
39,3901,'JUNSU26-Sunday-05-1',541901,541902,541903,541904,541905,541906,541907,541908,541909,541910,541911,541912,541913,541914,541915,541916,541917,541918,541919,541920,541921,541922,541923,541924,541925,541926,541927,541928,541929,541930,541931,541932,541933,541934,541935,541936,541937,541938,541939,541940,541941,541942,541943,541944,541945,541946,541947,541948,541949,541950,541951,541952,541953,541954,541955,541956,541957,541958,541959,541960,541961,541962
39,3901,'RBJul03-Weekday-01-1',541963,541964,541965,541966,541967,541968,541969,541970,541971,541972,541973,541974,541975,541976,541977,541978,541979,541980,541981,541982,541983,541984,541985,541986,541987,541988,541989,541990,541991,541992,541993,541994,541995,541996,541997,541998,541999,542000,542001,542002,542003,542004,542005,542006,542007,542008,542009,542010,542011,542012,542013,542014,542015,542016,542017,542018,542019,542020,542021,542022,542023,542024,542025,542026,542027,542028,542029,542030,542031,542032,542033,542034,542035,542036,542037,542038,542039,542040,542041,542042
40,4000,'CanDay26-Sunday-12-1',542043,542044,542045,542046,542047,542048,542049,542050,542051,542052,542053,542054,542055,542056,542057,542058,542059,542060,542061,542062,542063,542064,542065,542066,542067,542068,542069,542070,542071,542072,542073,542074,542075,542076,542077,542078,542079,542080
40,4000,'CivHol26-Saturday-07-1',542081,542082,542083,542084,542085,542086,542087,542088,542089,542090,542091,542092,542093,542094,542095,542096,542097,542098,542099,542100,542101,542102,542103,542104,542105,542106,542107,542108,542109,542110,542111,542112,542113,542114,542115,542116,542117,542118,542119,542120,542121
40,4000,'JUNDA26-Weekday-06-1',542122,542123,542124,542125,542126,542127,542128,542129,542130,542131,542132,542133,542134,542135,542136,542137,542138,542139,542140,542141,542142,542143,542144,542145,542146,542147,542148,542149,542150,542151,542152,542153,542154,542155,542156,542157,542158,542159,542160,542161,542162,542163,542164,542165,542166,542167,542168,542169,542170,542171,542172,542173,542174,542175,542176,542177,542178,542179,542180,542181,542182,542183,542184,542185,542186,542187
40,4000,'JUNSA26-Saturday-07-1',542188,542189,542190,542191,542192,542193,542194,542195,542196,542197,542198,542199,542200,542201,542202,542203,542204,542205,542206,542207,542208,542209,542210,542211,542212,542213,542214,542215,542216,542217,542218,542219,542220
40,4000,'JUNSU26-Sunday-05-1',542221,542222,542223,542224,542225,542226,542227,542228,542229,542230,542231,542232,542233,542234,542235,542236,542237,542238,542239,542240,542241,542242,542243,542244,542245,542246
40,4000,'RBJul03-Weekday-01-1',542247,542248,542249,542250,542251,542252,542253,542254,542255,542256,542257,542258,542259,542260,542261,542262,542263,542264,542265,542266,542267,542268,542269,542270,542271,542272,542273,542274,542275,542276,542277,542278,542279,542280,542281,542282,542283,542284,542285,542286,542287,542288,542289,542290,542291,542292,542293,542294,542295,542296,542297,542298,542299,542300,542301,542302,542303,542304,542305,542306,542307,542308,542309,542310,542311,542312
40,4001,'CanDay26-Sunday-12-1',542313,542314,542315,542316,542317,542318,542319,542320,542321,542322,542323,542324,542325,542326,542327,542328,542329,542330,542331,542332,542333,542334,542335,542336,542337,542338,542339,542340,542341,542342,542343,542344,542345,542346,542347,542348,542349,542350
40,4001,'CivHol26-Saturday-07-1',542351,542352,542353,542354,542355,542356,542357,542358,542359,542360,542361,542362,542363,542364,542365,542366,542367,542368,542369,542370,542371,542372,542373,542374,542375,542376,542377,542378,542379,542380,542381,542382,542383,542384,542385,542386,542387,542388,542389,542390
40,4001,'JUNDA26-Weekday-06-1',542391,542392,542393,542394,542395,542396,542397,542398,542399,542400,542401,542402,542403,542404,542405,542406,542407,542408,542409,542410,542411,542412,542413,542414,542415,542416,542417,542418,542419,542420,542421,542422,542423,542424,542425,542426,542427,542428,542429,542430,542431,542432,542433,542434,542435,542436,542437,542438,542439,542440,542441,542442,542443,542444,542445,542446,542447,542448,542449,542450,542451,542452,542453,542454,542455,542456,542457
40,4001,'JUNSA26-Saturday-07-1',542458,542459,542460,542461,542462,542463,542464,542465,542466,542467,542468,542469,542470,542471,542472,542473,542474,542475,542476,542477,542478,542479,542480,542481,542482,542483,542484,542485,542486,542487,542488,542489,542490,542491,542492
40,4001,'JUNSU26-Sunday-05-1',542493,542494,542495,542496,542497,542498,542499,542500,542501,542502,542503,542504,542505,542506,542507,542508,542509,542510,542511,542512,542513,542514,542515,542516,542517,542518,542519,542520
40,4001,'RBJul03-Weekday-01-1',542521,542522,542523,542524,542525,542526,542527,542528,542529,542530,542531,542532,542533,542534,542535,542536,542537,542538,542539,542540,542541,542542,542543,542544,542545,542546,542547,542548,542549,542550,542551,542552,542553,542554,542555,542556,542557,542558,542559,542560,542561,542562,542563,542564,542565,542566,542567,542568,542569,542570,542571,542572,542573,542574,542575,542576,542577,542578,542579,542580,542581,542582,542583,542584,542585,542586,542587
41,4100,'CanDay26-Sunday-12-1',542588,542589,542590,542591,542592,542593,542594,542595,542596,542597,542598,542599,542600,542601,542602,542603,542604,542605,542606,542607,542608,542609,542610,542611,542612,542613,542614,542615,542616,542617,542618
41,4100,'CivHol26-Saturday-07-1',542619,542620,542621,542622,542623,542624,542625,542626,542627,542628,542629,542630,542631,542632,542633,542634,542635,542636,542637,542638,542639,542640,542641,542642,542643,542644,542645,542646,542647,542648,542649,542650,542651,542652,542653,542654,542655,542656,542657
41,4100,'JUNDA26-Weekday-06-1',542658,542659,542660,542661,542662,542663,542664,542665,542666,542667,542668,542669,542670,542671,542672,542673,542674,542675,542676,542677,542678,542679,542680,542681,542682,542683,542684,542685,542686,542687,542688,542689,542690,542691,542692,542693,542694,542695,542696,542697,542698,542699,542700,542701,542702,542703,542704,542705,542706,542707,542708,542709,542710,542711,542712,542713,542714,542715,542716,542717,542718,542719,542720,542721,542722
41,4100,'JUNSA26-Saturday-07-1',542723,542724,542725,542726,542727,542728,542729,542730,542731,542732,542733,542734,542735,542736,542737,542738,542739,542740,542741,542742,542743,542744,542745,542746,542747,542748,542749,542750,542751,542752,542753,542754,542755
41,4100,'JUNSU26-Sunday-05-1',542756,542757,542758,542759,542760,542761,542762,542763,542764,542765,542766,542767,542768,542769,542770,542771,542772,542773,542774,542775,542776,542777,542778,542779,542780,542781,542782
41,4100,'RBJul03-Weekday-01-1',542783,542784,542785,542786,542787,542788,542789,542790,542791,542792,542793,542794,542795,542796,542797,542798,542799,542800,542801,542802,542803,542804,542805,542806,542807,542808,542809,542810,542811,542812,542813,542814,542815,542816,542817,542818,542819,542820,542821,542822,542823,542824,542825,542826,542827,542828,542829,542830,542831,542832,542833,542834,542835,542836,542837,542838,542839,542840,542841,542842,542843,542844,542845,542846,542847
41,4101,'CanDay26-Sunday-12-1',542848,542849,542850,542851,542852,542853,542854,542855,542856,542857,542858,542859,542860,542861,542862,542863,542864,542865,542866,542867,542868,542869,542870,542871,542872,542873,542874,542875,542876,542877,542878,542879,542880
41,4101,'CivHol26-Saturday-07-1',542881,542882,542883,542884,542885,542886,542887,542888,542889,542890,542891,542892,542893,542894,542895,542896,542897,542898,542899,542900,542901,542902,542903,542904,542905,542906,542907,542908,542909,542910,542911,542912,542913,542914,542915,542916,542917,542918,542919,542920
41,4101,'JUNDA26-Weekday-06-1',542921,542922,542923,542924,542925,542926,542927,542928,542929,542930,542931,542932,542933,542934,542935,542936,542937,542938,542939,542940,542941,542942,542943,542944,542945,542946,542947,542948,542949,542950,542951,542952,542953,542954,542955,542956,542957,542958,542959,542960,542961,542962,542963,542964,542965,542966,542967,542968,542969,542970,542971,542972,542973,542974,542975,542976,542977,542978,542979,542980,542981,542982,542983,542984,542985,542986,542987,542988,542989
41,4101,'JUNSA26-Saturday-07-1',542990,542991,542992,542993,542994,542995,542996,542997,542998,542999,543000,543001,543002,543003,543004,543005,543006,543007,543008,543009,543010,543011,543012,543013,543014,543015,543016,543017,543018,543019,543020,543021,543022,543023,543024
41,4101,'JUNSU26-Sunday-05-1',543025,543026,543027,543028,543029,543030,543031,543032,543033,543034,543035,543036,543037,543038,543039,543040,543041,543042,543043,543044,543045,543046,543047,543048,543049,543050,543051,543052
41,4101,'RBJul03-Weekday-01-1',543053,543054,543055,543056,543057,543058,543059,543060,543061,543062,543063,543064,543065,543066,543067,543068,543069,543070,543071,543072,543073,543074,543075,543076,543077,543078,543079,543080,543081,543082,543083,543084,543085,543086,543087,543088,543089,543090,543091,543092,543093,543094,543095,543096,543097,543098,543099,543100,543101,543102,543103,543104,543105,543106,543107,543108,543109,543110,543111,543112,543113,543114,543115,543116,543117,543118,543119,543120,543121
42,4200,'CanDay26-Sunday-12-1',543122,543123,543124,543125,543126,543127,543128,543129,543130,543131,543132,543133,543134,543135,543136,543137,543138,543139,543140,543141
42,4200,'CivHol26-Saturday-07-1',543142,543143,543144,543145,543146,543147,543148,543149,543150,543151,543152,543153,543154,543155,543156,543157,543158,543159,543160,543161,543162,543163,543164,543165,543166
42,4200,'JUNDA26-Weekday-06-1',543167,543168,543169,543170,543171,543172,543173,543174,543175,543176,543177,543178,543179,543180,543181,543182,543183,543184,543185,543186,543187,543188,543189,543190,543191,543192,543193,543194,543195,543196,543197
42,4200,'JUNSA26-Saturday-07-1',543198,543199,543200,543201,543202,543203,543204,543205,543206,543207,543208,543209,543210,543211,543212,543213,543214,543215,543216,543217,543218,543219,543220
42,4200,'JUNSU26-Sunday-05-1',543221,543222,543223,543224,543225,543226,543227,543228,543229,543230,543231,543232,543233,543234,543235,543236
42,4200,'RBJul03-Weekday-01-1',543237,543238,543239,543240,543241,543242,543243,543244,543245,543246,543247,543248,543249,543250,543251,543252,543253,543254,543255,543256,543257,543258,543259,543260,543261,543262,543263,543264,543265,543266,543267
42,4201,'CanDay26-Sunday-12-1',543268,543269,543270,543271,543272,543273,543274,543275,543276,543277,543278,543279,543280,543281,543282,543283,543284,543285,543286,543287
42,4201,'CivHol26-Saturday-07-1',543288,543289,543290,543291,543292,543293,543294,543295,543296,543297,543298,543299,543300,543301,543302,543303,543304,543305,543306,543307,543308,543309,543310,543311,543312
42,4201,'JUNDA26-Weekday-06-1',543313,543314,543315,543316,543317,543318,543319,543320,543321,543322,543323,543324,543325,543326,543327,543328,543329,543330,543331,543332,543333,543334,543335,543336,543337,543338,543339,543340,543341,543342,543343,543344
42,4201,'JUNSA26-Saturday-07-1',543345,543346,543347,543348,543349,543350,543351,543352,543353,543354,543355,543356,543357,543358,543359,543360,543361,543362,543363,543364,543365,543366
42,4201,'JUNSU26-Sunday-05-1',543367,543368,543369,543370,543371,543372,543373,543374,543375,543376,543377,543378,543379,543380,543381,543382
42,4201,'RBJul03-Weekday-01-1',543383,543384,543385,543386,543387,543388,543389,543390,543391,543392,543393,543394,543395,543396,543397,543398,543399,543400,543401,543402,543403,543404,543405,543406,543407,543408,543409,543410,543411,543412,543413,543414
43,4300,'JUNDA26-Weekday-06-1',543415,543416,543417,543418,543419,543420,543421,543422,543423,543424,543425,543426,543427,543428,543429,543430,543431,543432
43,4300,'RBJul03-Weekday-01-1',543433,543434,543435,543436,543437,543438,543439,543440,543441,543442,543443,543444,543445,543446,543447,543448,543449,543450
43,4301,'JUNDA26-Weekday-06-1',543451,543452,543453,543454,543455,543456,543457,543458,543459,543460,543461,543462,543463,543464,543465,543466,543467,543468,543469
43,4301,'RBJul03-Weekday-01-1',543470,543471,543472,543473,543474,543475,543476,543477,543478,543479,543480,543481,543482,543483,543484,543485,543486,543487,543488
44,4400,'CanDay26-Sunday-12-1',543489,543490,543491,543492,543493,543494,543495,543496,543497,543498,543499,543500,543501,543502,543503,543504,543505,543506,543507,543508,543509,543510,543511,543512,543513,543514,543515,543516,543517,543518,543519,543520,543521,543522,543523,543524,543525,543526,543527,543528,543529,543530,543531,543532,543533,543534,543535,543536,543537,543538,543539
44,4400,'CivHol26-Saturday-07-1',543540,543541,543542,543543,543544,543545,543546,543547,543548,543549,543550,543551,543552,543553,543554,543555,543556,543557,543558,543559,543560,543561,543562,543563,543564,543565,543566,543567,543568,543569,543570,543571,543572,543573,543574,543575,543576,543577
44,4400,'JUNDA26-Weekday-06-1',543578,543579,543580,543581,543582,543583,543584,543585,543586,543587,543588,543589,543590,543591,543592,543593,543594,543595,543596,543597,543598,543599,543600,543601,543602,543603,543604,543605,543606,543607,543608,543609,543610,543611,543612,543613,543614,543615,543616,543617,543618,543619,543620,543621,543622,543623,543624,543625,543626,543627,543628,543629,543630,543631,543632,543633,543634,543635,543636,543637,543638,543639,543640,543641,543642,543643
44,4400,'JUNSA26-Saturday-07-1',543644,543645,543646,543647,543648,543649,543650,543651,543652,543653,543654,543655,543656,543657,543658,543659,543660,543661,543662,543663,543664,543665,543666,543667,543668,543669,543670,543671,543672,543673
44,4400,'JUNSU26-Sunday-05-1',543674,543675,543676,543677,543678,543679,543680,543681,543682,543683,543684,543685,543686,543687,543688,543689,543690,543691,543692,543693,543694,543695,543696,543697,543698,543699,543700,543701,543702
44,4400,'RBJul03-Weekday-01-1',543703,543704,543705,543706,543707,543708,543709,543710,543711,543712,543713,543714,543715,543716,543717,543718,543719,543720,543721,543722,543723,543724,543725,543726,543727,543728,543729,543730,543731,543732,543733,543734,543735,543736,543737,543738,543739,543740,543741,543742,543743,543744,543745,543746,543747,543748,543749,543750,543751,543752,543753,543754,543755,543756,543757,543758,543759,543760,543761,543762,543763,543764,543765,543766,543767,543768
44,4401,'CanDay26-Sunday-12-1',543769,543770,543771,543772,543773,543774,543775,543776,543777,543778,543779,543780,543781,543782,543783,543784,543785,543786,543787,543788,543789,543790,543791,543792,543793,543794,543795,543796,543797,543798,543799,543800,543801,543802,543803,543804,543805,543806,543807,543808,543809,543810,543811,543812,543813,543814,543815,543816,543817,543818,543819
44,4401,'CivHol26-Saturday-07-1',543820,543821,543822,543823,543824,543825,543826,543827,543828,543829,543830,543831,543832,543833,543834,543835,543836,543837,543838,543839,543840,543841,543842,543843,543844,543845,543846,543847,543848,543849,543850,543851,543852,543853,543854,543855,543856,543857
44,4401,'JUNDA26-Weekday-06-1',543858,543859,543860,543861,543862,543863,543864,543865,543866,543867,543868,543869,543870,543871,543872,543873,543874,543875,543876,543877,543878,543879,543880,543881,543882,543883,543884,543885,543886,543887,543888,543889,543890,543891,543892,543893,543894,543895,543896,543897,543898,543899,543900,543901,543902,543903,543904,543905,543906,543907,543908,543909,543910,543911,543912,543913,543914,543915,543916,543917,543918,543919,543920,543921,543922
44,4401,'JUNSA26-Saturday-07-1',543923,543924,543925,543926,543927,543928,543929,543930,543931,543932,543933,543934,543935,543936,543937,543938,543939,543940,543941,543942,543943,543944,543945,543946,543947,543948,543949,543950,543951,543952,543953,543954
44,4401,'JUNSU26-Sunday-05-1',543955,543956,543957,543958,543959,543960,543961,543962,543963,543964,543965,543966,543967,543968,543969,543970,543971,543972,543973,543974,543975,543976,543977,543978,543979,543980,543981,543982,543983
44,4401,'RBJul03-Weekday-01-1',543984,543985,543986,543987,543988,543989,543990,543991,543992,543993,543994,543995,543996,543997,543998,543999,544000,544001,544002,544003,544004,544005,544006,544007,544008,544009,544010,544011,544012,544013,544014,544015,544016,544017,544018,544019,544020,544021,544022,544023,544024,544025,544026,544027,544028,544029,544030,544031,544032,544033,544034,544035,544036,544037,544038,544039,544040,544041,544042,544043,544044,544045,544046,544047,544048
45,4500,'CanDay26-Sunday-12-1',544049,544050,544051,544052,544053,544054,544055,544056,544057,544058,544059,544060,544061,544062,544063,544064,544065,544066,544067,544068,544069,544070,544071,544072,544073,544074,544075,544076,544077,544078,544079,544080,544081,544082,544083,544084,544085,544086,544087,544088,544089,544090,544091
45,4500,'CivHol26-Saturday-07-1',544092,544093,544094,544095,544096,544097,544098,544099,544100,544101,544102,544103,544104,544105,544106,544107,544108,544109,544110,544111,544112,544113,544114,544115,544116,544117,544118,544119,544120,544121,544122,544123,544124,544125,544126,544127,544128,544129,544130,544131,544132,544133,544134,544135
45,4500,'JUNDA26-Weekday-06-1',544136,544137,544138,544139,544140,544141,544142,544143,544144,544145,544146,544147,544148,544149,544150,544151,544152,544153,544154,544155,544156,544157,544158,544159,544160,544161,544162,544163,544164,544165,544166,544167,544168,544169,544170,544171,544172,544173,544174,544175,544176,544177,544178,544179,544180,544181,544182,544183,544184,544185,544186,544187,544188,544189,544190,544191,544192,544193,544194,544195,544196,544197,544198,544199,544200,544201,544202,544203,544204,544205,544206,544207,544208
45,4500,'JUNSA26-Saturday-07-1',544209,544210,544211,544212,544213,544214,544215,544216,544217,544218,544219,544220,544221,544222,544223,544224,544225,544226,544227,544228,544229,544230,544231,544232,544233,544234,544235,544236,544237,544238,544239,544240,544241,544242,544243,544244,544245,544246,544247,544248,544249,544250,544251,544252
45,4500,'JUNSU26-Sunday-05-1',544253,544254,544255,544256,544257,544258,544259,544260,544261,544262,544263,544264,544265,544266,544267,544268,544269,544270,544271,544272,544273,544274,544275,544276,544277,544278,544279,544280,544281,544282,544283,544284,544285,544286,544287,544288,544289,544290,544291,544292,544293,544294,544295
45,4500,'RBJul03-Weekday-01-1',544296,544297,544298,544299,544300,544301,544302,544303,544304,544305,544306,544307,544308,544309,544310,544311,544312,544313,544314,544315,544316,544317,544318,544319,544320,544321,544322,544323,544324,544325,544326,544327,544328,544329,544330,544331,544332,544333,544334,544335,544336,544337,544338,544339,544340,544341,544342,544343,544344,544345,544346,544347,544348,544349,544350,544351,544352,544353,544354,544355,544356,544357,544358,544359,544360,544361,544362,544363,544364,544365,544366,544367,544368
45,4501,'CanDay26-Sunday-12-1',544369,544370,544371,544372,544373,544374,544375,544376,544377,544378,544379,544380,544381,544382,544383,544384,544385,544386,544387,544388,544389,544390,544391,544392,544393,544394,544395,544396,544397,544398,544399,544400,544401,544402,544403,544404,544405,544406,544407,544408,544409,544410,544411
45,4501,'CivHol26-Saturday-07-1',544412,544413,544414,544415,544416,544417,544418,544419,544420,544421,544422,544423,544424,544425,544426,544427,544428,544429,544430,544431,544432,544433,544434,544435,544436,544437,544438,544439,544440,544441,544442,544443,544444,544445,544446,544447,544448,544449,544450,544451,544452,544453,544454,544455
45,4501,'JUNDA26-Weekday-06-1',544456,544457,544458,544459,544460,544461,544462,544463,544464,544465,544466,544467,544468,544469,544470,544471,544472,544473,544474,544475,544476,544477,544478,544479,544480,544481,544482,544483,544484,544485,544486,544487,544488,544489,544490,544491,544492,544493,544494,544495,544496,544497,544498,544499,544500,544501,544502,544503,544504,544505,544506,544507,544508,544509,544510,544511,544512,544513,544514,544515,544516,544517,544518,544519,544520,544521,544522,544523,544524,544525,544526,544527,544528
45,4501,'JUNSA26-Saturday-07-1',544529,544530,544531,544532,544533,544534,544535,544536,544537,544538,544539,544540,544541,544542,544543,544544,544545,544546,544547,544548,544549,544550,544551,544552,544553,544554,544555,544556,544557,544558,544559,544560,544561,544562,544563,544564,544565,544566,544567,544568,544569,544570,544571,544572
45,4501,'JUNSU26-Sunday-05-1',544573,544574,544575,544576,544577,544578,544579,544580,544581,544582,544583,544584,544585,544586,544587,544588,544589,544590,544591,544592,544593,544594,544595,544596,544597,544598,544599,544600,544601,544602,544603,544604,544605,544606,544607,544608,544609,544610,544611,544612,544613,544614,544615
45,4501,'RBJul03-Weekday-01-1',544616,544617,544618,544619,544620,544621,544622,544623,544624,544625,544626,544627,544628,544629,544630,544631,544632,544633,544634,544635,544636,544637,544638,544639,544640,544641,544642,544643,544644,544645,544646,544647,544648,544649,544650,544651,544652,544653,544654,544655,544656,544657,544658,544659,544660,544661,544662,544663,544664,544665,544666,544667,544668,544669,544670,544671,544672,544673,544674,544675,544676,544677,544678,544679,544680,544681,544682,544683,544684,544685,544686,544687,544688
47,4700,'CanDay26-Sunday-12-1',544689
47,4700,'CivHol26-Saturday-07-1',544690
47,4700,'JUNDA26-Weekday-06-1',544691,544692,544693,544694,544695,544696,544697,544698
47,4700,'JUNSA26-Saturday-07-1',544699
47,4700,'JUNSU26-Sunday-05-1',544700
47,4700,'RBJul03-Weekday-01-1',544701,544702,544703,544704,544705,544706,544707,544708
47,4701,'CanDay26-Sunday-12-1',544709
47,4701,'CivHol26-Saturday-07-1',544710
47,4701,'JUNDA26-Weekday-06-1',544711,544712,544713,544714,544715,544716,544717,544718
47,4701,'JUNSA26-Saturday-07-1',544719
47,4701,'JUNSU26-Sunday-05-1',544720
47,4701,'RBJul03-Weekday-01-1',544721,544722,544723,544724,544725,544726,544727,544728
48,4800,'CanDay26-Sunday-12-1',544729,544730,544731,544732,544733,544734,544735,544736,544737,544738,544739,544740,544741,544742,544743,544744,544745,544746,544747,544748,544749,544750,544751,544752,544753,544754,544755,544756,544757,544758,544759
48,4800,'CivHol26-Saturday-07-1',544760,544761,544762,544763,544764,544765,544766,544767,544768,544769,544770,544771,544772,544773,544774,544775,544776,544777,544778,544779,544780,544781,544782,544783,544784,544785,544786,544787,544788,544789,544790,544791,544792,544793,544794
48,4800,'JUNDA26-Weekday-06-1',544795,544796,544797,544798,544799,544800,544801,544802,544803,544804,544805,544806,544807,544808,544809,544810,544811,544812,544813,544814,544815,544816,544817,544818,544819,544820,544821,544822,544823,544824,544825,544826,544827,544828,544829,544830,544831,544832,544833,544834,544835,544836,544837,544838,544839,544840,544841,544842,544843
48,4800,'JUNSA26-Saturday-07-1',544844,544845,544846,544847,544848,544849,544850,544851,544852,544853,544854,544855,544856,544857,544858,544859,544860,544861,544862,544863,544864,544865,544866,544867,544868,544869,544870,544871,544872
48,4800,'JUNSU26-Sunday-05-1',544873,544874,544875,544876,544877,544878,544879,544880,544881,544882,544883,544884,544885,544886,544887,544888,544889,544890,544891,544892,544893,544894,544895,544896,544897,544898
48,4800,'RBJul03-Weekday-01-1',544899,544900,544901,544902,544903,544904,544905,544906,544907,544908,544909,544910,544911,544912,544913,544914,544915,544916,544917,544918,544919,544920,544921,544922,544923,544924,544925,544926,544927,544928,544929,544930,544931,544932,544933,544934,544935,544936,544937,544938,544939,544940,544941,544942,544943,544944,544945,544946,544947
48,4801,'CanDay26-Sunday-12-1',544948,544949,544950,544951,544952,544953,544954,544955,544956,544957,544958,544959,544960,544961,544962,544963,544964,544965,544966,544967,544968,544969,544970,544971,544972,544973,544974,544975,544976,544977,544978
48,4801,'CivHol26-Saturday-07-1',544979,544980,544981,544982,544983,544984,544985,544986,544987,544988,544989,544990,544991,544992,544993,544994,544995,544996,544997,544998,544999,545000,545001,545002,545003,545004,545005,545006,545007,545008,545009,545010,545011,545012,545013,545014
48,4801,'JUNDA26-Weekday-06-1',545015,545016,545017,545018,545019,545020,545021,545022,545023,545024,545025,545026,545027,545028,545029,545030,545031,545032,545033,545034,545035,545036,545037,545038,545039,545040,545041,545042,545043,545044,545045,545046,545047,545048,545049,545050,545051,545052,545053,545054,545055,545056,545057,545058,545059,545060,545061
48,4801,'JUNSA26-Saturday-07-1',545062,545063,545064,545065,545066,545067,545068,545069,545070,545071,545072,545073,545074,545075,545076,545077,545078,545079,545080,545081,545082,545083,545084,545085,545086,545087,545088,545089,545090,545091
48,4801,'JUNSU26-Sunday-05-1',545092,545093,545094,545095,545096,545097,545098,545099,545100,545101,545102,545103,545104,545105,545106,545107,545108,545109,545110,545111,545112,545113,545114,545115,545116,545117
48,4801,'RBJul03-Weekday-01-1',545118,545119,545120,545121,545122,545123,545124,545125,545126,545127,545128,545129,545130,545131,545132,545133,545134,545135,545136,545137,545138,545139,545140,545141,545142,545143,545144,545145,545146,545147,545148,545149,545150,545151,545152,545153,545154,545155,545156,545157,545158,545159,545160,545161,545162,545163,545164
49,4900,'CanDay26-Sunday-12-1',545165,545166,545167,545168,545169,545170,545171,545172,545173,545174,545175,545176,545177,545178,545179,545180
49,4900,'CivHol26-Saturday-07-1',545181,545182,545183,545184,545185,545186,545187,545188,545189,545190
49,4900,'JUNDA26-Weekday-06-1',545191,545192,545193,545194,545195,545196,545197,545198,545199,545200,545201,545202,545203,545204,545205,545206
49,4900,'JUNSA26-Saturday-07-1',545207,545208,545209,545210,545211,545212,545213,545214,545215,545216
49,4900,'JUNSU26-Sunday-05-1',545217,545218,545219,545220,545221,545222,545223,545224,545225
49,4900,'RBJul03-Weekday-01-1',545226,545227,545228,545229,545230,545231,545232,545233,545234,545235,545236,545237,545238,545239,545240,545241
49,4901,'CanDay26-Sunday-12-1',545242,545243,545244,545245,545246,545247,545248,545249,545250,545251,545252,545253,545254,545255,545256,545257,545258
49,4901,'CivHol26-Saturday-07-1',545259,545260,545261,545262,545263,545264,545265,545266,545267,545268
49,4901,'JUNDA26-Weekday-06-1',545269,545270,545271,545272,545273,545274,545275,545276,545277,545278,545279,545280,545281,545282,545283,545284,545285,545286,545287
49,4901,'JUNSA26-Saturday-07-1',545288,545289,545290,545291,545292,545293,545294,545295,545296,545297
49,4901,'JUNSU26-Sunday-05-1',545298,545299,545300,545301,545302,545303,545304,545305,545306,545307
49,4901,'RBJul03-Weekday-01-1',545308,545309,545310,545311,545312,545313,545314,545315,545316,545317,545318,545319,545320,545321,545322,545323,545324,545325,545326
51,5100,'CanDay26-Sunday-12-1',545327,545328,545329,545330,545331,545332,545333,545334,545335,545336,545337,545338,545339,545340,545341,545342,545343,545344,545345,545346,545347,545348,545349,545350,545351,545352,545353,545354,545355
51,5100,'CivHol26-Saturday-07-1',545356,545357,545358,545359,545360,545361,545362,545363,545364,545365,545366,545367,545368,545369,545370,545371,545372,545373,545374,545375,545376,545377,545378,545379,545380,545381,545382,545383,545384,545385,545386
51,5100,'JUNDA26-Weekday-06-1',545387,545388,545389,545390,545391,545392,545393,545394,545395,545396,545397,545398,545399,545400,545401,545402,545403,545404,545405,545406,545407,545408,545409,545410,545411,545412,545413,545414,545415,545416,545417,545418
51,5100,'JUNSA26-Saturday-07-1',545419,545420,545421,545422,545423,545424,545425,545426,545427,545428,545429,545430,545431,545432,545433,545434,545435,545436,545437,545438,545439,545440,545441,545442,545443,545444,545445,545446
51,5100,'JUNSU26-Sunday-05-1',545447,545448,545449,545450,545451,545452,545453,545454,545455,545456,545457,545458,545459,545460,545461,545462,545463,545464,545465,545466,545467,545468,545469,545470,545471,545472
51,5100,'RBJul03-Weekday-01-1',545473,545474,545475,545476,545477,545478,545479,545480,545481,545482,545483,545484,545485,545486,545487,545488,545489,545490,545491,545492,545493,545494,545495,545496,545497,545498,545499,545500,545501,545502,545503,545504
51,5101,'CanDay26-Sunday-12-1',545505,545506,545507,545508,545509,545510,545511,545512,545513,545514,545515,545516,545517,545518,545519,545520,545521,545522,545523,545524,545525,545526,545527,545528,545529,545530,545531,545532,545533,545534
51,5101,'CivHol26-Saturday-07-1',545535,545536,545537,545538,545539,545540,545541,545542,545543,545544,545545,545546,545547,545548,545549,545550,545551,545552,545553,545554,545555,545556,545557,545558,545559,545560,545561,545562,545563,545564,545565
51,5101,'JUNDA26-Weekday-06-1',545566,545567,545568,545569,545570,545571,545572,545573,545574,545575,545576,545577,545578,545579,545580,545581,545582,545583,545584,545585,545586,545587,545588,545589,545590,545591,545592,545593,545594,545595,545596
51,5101,'JUNSA26-Saturday-07-1',545597,545598,545599,545600,545601,545602,545603,545604,545605,545606,545607,545608,545609,545610,545611,545612,545613,545614,545615,545616,545617,545618,545619,545620,545621,545622,545623,545624
51,5101,'JUNSU26-Sunday-05-1',545625,545626,545627,545628,545629,545630,545631,545632,545633,545634,545635,545636,545637,545638,545639,545640,545641,545642,545643,545644,545645,545646,545647,545648,545649,545650
51,5101,'RBJul03-Weekday-01-1',545651,545652,545653,545654,545655,545656,545657,545658,545659,545660,545661,545662,545663,545664,545665,545666,545667,545668,545669,545670,545671,545672,545673,545674,545675,545676,545677,545678,545679,545680,545681
53,5300,'CanDay26-Sunday-12-1',545682,545683,545684,545685,545686,545687,545688,545689,545690,545691,545692,545693,545694,545695,545696,545697,545698,545699,545700,545701,545702,545703,545704,545705,545706,545707,545708,545709,545710,545711,545712,545713,545714
53,5300,'CivHol26-Saturday-07-1',545715,545716,545717,545718,545719,545720,545721,545722,545723,545724,545725,545726,545727,545728,545729,545730,545731,545732,545733,545734,545735,545736,545737,545738,545739,545740,545741,545742,545743,545744,545745,545746,545747,545748,545749
53,5300,'JUNDA26-Weekday-06-1',545750,545751,545752,545753,545754,545755,545756,545757,545758,545759,545760,545761,545762,545763,545764,545765,545766,545767,545768,545769,545770,545771,545772,545773,545774,545775,545776,545777,545778,545779,545780,545781,545782,545783,545784,545785,545786,545787,545788,545789,545790,545791,545792,545793,545794,545795,545796,545797,545798
53,5300,'JUNSA26-Saturday-07-1',545799,545800,545801,545802,545803,545804,545805,545806,545807,545808,545809,545810,545811,545812,545813,545814,545815,545816,545817,545818,545819,545820,545821,545822,545823,545824,545825,545826
53,5300,'JUNSU26-Sunday-05-1',545827,545828,545829,545830,545831,545832,545833,545834,545835,545836,545837,545838,545839,545840,545841,545842,545843,545844,545845,545846,545847,545848,545849,545850,545851,545852,545853,545854
53,5300,'RBJul03-Weekday-01-1',545855,545856,545857,545858,545859,545860,545861,545862,545863,545864,545865,545866,545867,545868,545869,545870,545871,545872,545873,545874,545875,545876,545877,545878,545879,545880,545881,545882,545883,545884,545885,545886,545887,545888,545889,545890,545891,545892,545893,545894,545895,545896,545897,545898,545899,545900,545901,545902,545903
53,5301,'CanDay26-Sunday-12-1',545904,545905,545906,545907,545908,545909,545910,545911,545912,545913,545914,545915,545916,545917,545918,545919,545920,545921,545922,545923,545924,545925,545926,545927,545928,545929,545930,545931,545932,545933,545934,545935,545936,545937
53,5301,'CivHol26-Saturday-07-1',545938,545939,545940,545941,545942,545943,545944,545945,545946,545947,545948,545949,545950,545951,545952,545953,545954,545955,545956,545957,545958,545959,545960,545961,545962,545963,545964,545965,545966,545967,545968,545969,545970,545971,545972
53,5301,'JUNDA26-Weekday-06-1',545973,545974,545975,545976,545977,545978,545979,545980,545981,545982,545983,545984,545985,545986,545987,545988,545989,545990,545991,545992,545993,545994,545995,545996,545997,545998,545999,546000,546001,546002,546003,546004,546005,546006,546007,546008,546009,546010,546011,546012,546013,546014,546015,546016,546017,546018,546019,546020,546021,546022
53,5301,'JUNSA26-Saturday-07-1',546023,546024,546025,546026,546027,546028,546029,546030,546031,546032,546033,546034,546035,546036,546037,546038,546039,546040,546041,546042,546043,546044,546045,546046,546047,546048,546049,546050
53,5301,'JUNSU26-Sunday-05-1',546051,546052,546053,546054,546055,546056,546057,546058,546059,546060,546061,546062,546063,546064,546065,546066,546067,546068,546069,546070,546071,546072,546073,546074,546075,546076,546077,546078,546079,546080
53,5301,'RBJul03-Weekday-01-1',546081,546082,546083,546084,546085,546086,546087,546088,546089,546090,546091,546092,546093,546094,546095,546096,546097,546098,546099,546100,546101,546102,546103,546104,546105,546106,546107,546108,546109,546110,546111,546112,546113,546114,546115,546116,546117,546118,546119,546120,546121,546122,546123,546124,546125,546126,546127,546128,546129,546130
56,5600,'CanDay26-Sunday-12-1',546131,546132,546133,546134,546135,546136,546137,546138,546139,546140,546141,546142,546143,546144,546145,546146,546147,546148,546149,546150,546151,546152,546153,546154,546155,546156,546157,546158,546159,546160,546161,546162
56,5600,'CivHol26-Saturday-07-1',546163,546164,546165,546166,546167,546168,546169,546170,546171,546172,546173,546174,546175,546176,546177,546178,546179,546180,546181,546182,546183,546184,546185,546186,546187,546188,546189,546190,546191,546192,546193,546194,546195
56,5600,'JUNDA26-Weekday-06-1',546196,546197,546198,546199,546200,546201,546202,546203,546204,546205,546206,546207,546208,546209,546210,546211,546212,546213,546214,546215,546216,546217,546218,546219,546220,546221,546222,546223,546224,546225,546226,546227,546228,546229,546230,546231,546232,546233,546234,546235,546236,546237,546238,546239,546240,546241,546242,546243,546244,546245
56,5600,'JUNSA26-Saturday-07-1',546246,546247,546248,546249,546250,546251,546252,546253,546254,546255,546256,546257,546258,546259,546260,546261,546262,546263,546264,546265,546266,546267,546268,546269,546270,546271,546272,546273,546274,546275,546276,546277,546278
56,5600,'JUNSU26-Sunday-05-1',546279,546280,546281,546282,546283,546284,546285,546286,546287,546288,546289,546290,546291,546292,546293,546294,546295,546296,546297,546298,546299,546300,546301,546302,546303,546304,546305,546306,546307,546308,546309
56,5600,'RBJul03-Weekday-01-1',546310,546311,546312,546313,546314,546315,546316,546317,546318,546319,546320,546321,546322,546323,546324,546325,546326,546327,546328,546329,546330,546331,546332,546333,546334,546335,546336,546337,546338,546339,546340,546341,546342,546343,546344,546345,546346,546347,546348,546349,546350,546351,546352,546353,546354,546355,546356,546357,546358,546359
56,5601,'CanDay26-Sunday-12-1',546360,546361,546362,546363,546364,546365,546366,546367,546368,546369,546370,546371,546372,546373,546374,546375,546376,546377,546378,546379,546380,546381,546382,546383,546384,546385,546386,546387,546388,546389,546390,546391
56,5601,'CivHol26-Saturday-07-1',546392,546393,546394,546395,546396,546397,546398,546399,546400,546401,546402,546403,546404,546405,546406,546407,546408,546409,546410,546411,546412,546413,546414,546415,546416,546417,546418,546419,546420,546421,546422,546423,546424,546425,546426
56,5601,'JUNDA26-Weekday-06-1',546427,546428,546429,546430,546431,546432,546433,546434,546435,546436,546437,546438,546439,546440,546441,546442,546443,546444,546445,546446,546447,546448,546449,546450,546451,546452,546453,546454,546455,546456,546457,546458,546459,546460,546461,546462,546463,546464,546465,546466,546467,546468,546469,546470,546471,546472,546473,546474
56,5601,'JUNSA26-Saturday-07-1',546475,546476,546477,546478,546479,546480,546481,546482,546483,546484,546485,546486,546487,546488,546489,546490,546491,546492,546493,546494,546495,546496,546497,546498,546499,546500,546501,546502,546503,546504,546505,546506,546507,546508,546509
56,5601,'JUNSU26-Sunday-05-1',546510,546511,546512,546513,546514,546515,546516,546517,546518,546519,546520,546521,546522,546523,546524,546525,546526,546527,546528,546529,546530,546531,546532,546533,546534,546535,546536,546537,546538,546539,546540
56,5601,'RBJul03-Weekday-01-1',546541,546542,546543,546544,546545,546546,546547,546548,546549,546550,546551,546552,546553,546554,546555,546556,546557,546558,546559,546560,546561,546562,546563,546564,546565,546566,546567,546568,546569,546570,546571,546572,546573,546574,546575,546576,546577,546578,546579,546580,546581,546582,546583,546584,546585,546586,546587,546588
57,5700,'CanDay26-Sunday-12-1',546589,546590,546591,546592,546593,546594,546595,546596,546597,546598,546599,546600,546601,546602,546603,546604,546605,546606,546607,546608,546609,546610,546611,546612,546613,546614,546615,546616,546617,546618,546619,546620,546621,546622,546623
57,5700,'CivHol26-Saturday-07-1',546624,546625,546626,546627,546628,546629,546630,546631,546632,546633,546634,546635,546636,546637,546638,546639,546640,546641,546642,546643,546644,546645,546646,546647
57,5700,'JUNDA26-Weekday-06-1',546648,546649,546650,546651,546652,546653,546654,546655,546656,546657,546658,546659,546660,546661,546662,546663,546664,546665,546666,546667,546668,546669,546670,546671,546672,546673,546674,546675,546676,546677,546678,546679,546680,546681,546682,546683,546684,546685,546686,546687,546688,546689,546690,546691,546692,546693,546694,546695,546696,546697,546698
57,5700,'JUNSA26-Saturday-07-1',546699,546700,546701,546702,546703,546704,546705,546706,546707,546708,546709,546710,546711,546712,546713,546714,546715,546716,546717,546718,546719,546720
57,5700,'JUNSU26-Sunday-05-1',546721,546722,546723,546724,546725,546726,546727,546728,546729,546730,546731,546732,546733,546734,546735,546736,546737,546738,546739,546740,546741,546742,546743,546744,546745
57,5700,'RBJul03-Weekday-01-1',546746,546747,546748,546749,546750,546751,546752,546753,546754,546755,546756,546757,546758,546759,546760,546761,546762,546763,546764,546765,546766,546767,546768,546769,546770,546771,546772,546773,546774,546775,546776,546777,546778,546779,546780,546781,546782,546783,546784,546785,546786,546787,546788,546789,546790,546791,546792,546793,546794,546795,546796
57,5701,'CanDay26-Sunday-12-1',546797,546798,546799,546800,546801,546802,546803,546804,546805,546806,546807,546808,546809,546810,546811,546812,546813,546814,546815,546816,546817,546818,546819,546820,546821,546822,546823,546824,546825,546826,546827,546828,546829,546830,546831,546832,546833,546834
57,5701,'CivHol26-Saturday-07-1',546835,546836,546837,546838,546839,546840,546841,546842,546843,546844,546845,546846,546847,546848,546849,546850,546851,546852,546853,546854,546855,546856,546857,546858
57,5701,'JUNDA26-Weekday-06-1',546859,546860,546861,546862,546863,546864,546865,546866,546867,546868,546869,546870,546871,546872,546873,546874,546875,546876,546877,546878,546879,546880,546881,546882,546883,546884,546885,546886,546887,546888,546889,546890,546891,546892,546893,546894,546895,546896,546897,546898,546899,546900,546901,546902,546903,546904,546905,546906,546907
57,5701,'JUNSA26-Saturday-07-1',546908,546909,546910,546911,546912,546913,546914,546915,546916,546917,546918,546919,546920,546921,546922,546923,546924,546925,546926,546927,546928,546929
57,5701,'JUNSU26-Sunday-05-1',546930,546931,546932,546933,546934,546935,546936,546937,546938,546939,546940,546941,546942,546943,546944,546945,546946,546947,546948,546949,546950,546951,546952,546953,546954,546955,546956,546957
57,5701,'RBJul03-Weekday-01-1',546958,546959,546960,546961,546962,546963,546964,546965,546966,546967,546968,546969,546970,546971,546972,546973,546974,546975,546976,546977,546978,546979,546980,546981,546982,546983,546984,546985,546986,546987,546988,546989,546990,546991,546992,546993,546994,546995,546996,546997,546998,546999,547000,547001,547002,547003,547004,547005,547006
58,5800,'CanDay26-Sunday-12-1',547007,547008,547009,547010,547011,547012,547013,547014,547015,547016,547017,547018,547019,547020,547021,547022,547023,547024,547025,547026,547027,547028,547029,547030,547031,547032
58,5800,'CivHol26-Saturday-07-1',547033,547034,547035,547036,547037,547038,547039,547040,547041,547042,547043,547044,547045,547046,547047,547048,547049,547050,547051,547052,547053,547054,547055,547056,547057,547058,547059,547060,547061
58,5800,'JUNDA26-Weekday-06-1',547062,547063,547064,547065,547066,547067,547068,547069,547070,547071,547072,547073,547074,547075,547076,547077,547078,547079,547080,547081,547082,547083,547084,547085,547086,547087,547088,547089,547090,547091,547092,547093,547094,547095,547096
58,5800,'JUNSA26-Saturday-07-1',547097,547098,547099,547100,547101,547102,547103,547104,547105,547106,547107,547108,547109,547110,547111,547112,547113,547114,547115,547116,547117
58,5800,'JUNSU26-Sunday-05-1',547118,547119,547120,547121,547122,547123,547124,547125,547126,547127,547128,547129,547130,547131,547132,547133,547134,547135,547136,547137,547138
58,5800,'RBJul03-Weekday-01-1',547139,547140,547141,547142,547143,547144,547145,547146,547147,547148,547149,547150,547151,547152,547153,547154,547155,547156,547157,547158,547159,547160,547161,547162,547163,547164,547165,547166,547167,547168,547169,547170,547171,547172,547173
58,5801,'CanDay26-Sunday-12-1',547174,547175,547176,547177,547178,547179,547180,547181,547182,547183,547184,547185,547186,547187,547188,547189,547190,547191,547192,547193,547194,547195,547196,547197,547198,547199
58,5801,'CivHol26-Saturday-07-1',547200,547201,547202,547203,547204,547205,547206,547207,547208,547209,547210,547211,547212,547213,547214,547215,547216,547217,547218,547219,547220,547221,547222,547223,547224,547225,547226,547227
58,5801,'JUNDA26-Weekday-06-1',547228,547229,547230,547231,547232,547233,547234,547235,547236,547237,547238,547239,547240,547241,547242,547243,547244,547245,547246,547247,547248,547249,547250,547251,547252,547253,547254,547255,547256,547257,547258,547259,547260,547261
58,5801,'JUNSA26-Saturday-07-1',547262,547263,547264,547265,547266,547267,547268,547269,547270,547271,547272,547273,547274,547275,547276,547277,547278,547279,547280,547281
58,5801,'JUNSU26-Sunday-05-1',547282,547283,547284,547285,547286,547287,547288,547289,547290,547291,547292,547293,547294,547295,547296,547297,547298,547299,547300,547301
58,5801,'RBJul03-Weekday-01-1',547302,547303,547304,547305,547306,547307,547308,547309,547310,547311,547312,547313,547314,547315,547316,547317,547318,547319,547320,547321,547322,547323,547324,547325,547326,547327,547328,547329,547330,547331,547332,547333,547334,547335
60,6000,'JUNDA26-Weekday-06-1',547336,547337,547338,547339,547340,547341,547342,547343,547344,547345,547346,547347,547348,547349,547350,547351,547352,547353,547354,547355,547356,547357,547358,547359,547360,547361,547362,547363,547364,547365,547366,547367,547368,547369,547370
60,6000,'RBJul03-Weekday-01-1',547371,547372,547373,547374,547375,547376,547377,547378,547379,547380,547381,547382,547383,547384,547385,547386,547387,547388,547389,547390,547391,547392,547393,547394,547395,547396,547397,547398,547399,547400,547401,547402,547403,547404,547405
60,6001,'JUNDA26-Weekday-06-1',547406,547407,547408,547409,547410,547411,547412,547413,547414,547415,547416,547417,547418,547419,547420,547421,547422,547423,547424,547425,547426,547427,547428,547429,547430,547431,547432,547433,547434,547435,547436,547437,547438,547439,547440
60,6001,'RBJul03-Weekday-01-1',547441,547442,547443,547444,547445,547446,547447,547448,547449,547450,547451,547452,547453,547454,547455,547456,547457,547458,547459,547460,547461,547462,547463,547464,547465,547466,547467,547468,547469,547470,547471,547472,547473,547474,547475
61,6100,'CanDay26-Sunday-12-1',547476,547477,547478,547479,547480,547481,547482,547483,547484,547485,547486,547487,547488,547489,547490,547491,547492,547493,547494,547495,547496,547497,547498,547499,547500,547501,547502,547503,547504,547505,547506,547507,547508,547509,547510,547511,547512,547513,547514,547515,547516,547517,547518,547519,547520,547521,547522,547523,547524,547525,547526,547527,547528,547529,547530,547531,547532,547533,547534,547535,547536,547537,547538
61,6100,'CivHol26-Saturday-07-1',547539,547540,547541,547542,547543,547544,547545,547546,547547,547548,547549,547550,547551,547552,547553,547554,547555,547556,547557,547558,547559,547560,547561,547562,547563,547564,547565,547566,547567,547568,547569,547570,547571,547572,547573,547574,547575,547576,547577,547578,547579,547580,547581
61,6100,'JUNDA26-Weekday-06-1',547582,547583,547584,547585,547586,547587,547588,547589,547590,547591,547592,547593,547594,547595,547596,547597,547598,547599,547600,547601,547602,547603,547604,547605,547606,547607,547608,547609,547610,547611,547612,547613,547614,547615,547616,547617,547618,547619,547620,547621,547622,547623,547624,547625,547626,547627,547628,547629,547630,547631,547632,547633,547634,547635,547636,547637,547638,547639,547640,547641
61,6100,'JUNSA26-Saturday-07-1',547642,547643,547644,547645,547646,547647,547648,547649,547650,547651,547652,547653,547654,547655,547656,547657,547658,547659,547660,547661,547662,547663,547664,547665,547666,547667,547668,547669,547670,547671,547672,547673,547674,547675,547676,547677,547678,547679,547680,547681,547682,547683,547684
61,6100,'JUNSU26-Sunday-05-1',547685,547686,547687,547688,547689,547690,547691,547692,547693,547694,547695,547696,547697,547698,547699,547700,547701,547702,547703,547704,547705,547706,547707,547708,547709,547710,547711,547712,547713,547714,547715,547716,547717,547718,547719,547720,547721,547722,547723
61,6100,'RBJul03-Weekday-01-1',547724,547725,547726,547727,547728,547729,547730,547731,547732,547733,547734,547735,547736,547737,547738,547739,547740,547741,547742,547743,547744,547745,547746,547747,547748,547749,547750,547751,547752,547753,547754,547755,547756,547757,547758,547759,547760,547761,547762,547763,547764,547765,547766,547767,547768,547769,547770,547771,547772,547773,547774,547775,547776,547777,547778,547779,547780,547781,547782,547783
61,6101,'CanDay26-Sunday-12-1',547784,547785,547786,547787,547788,547789,547790,547791,547792,547793,547794,547795,547796,547797,547798,547799,547800,547801,547802,547803,547804,547805,547806,547807,547808,547809,547810,547811,547812,547813,547814,547815,547816,547817,547818,547819,547820,547821,547822,547823,547824,547825,547826,547827,547828,547829,547830,547831,547832,547833,547834,547835,547836,547837,547838,547839,547840,547841,547842,547843,547844,547845,547846,547847,547848
61,6101,'CivHol26-Saturday-07-1',547849,547850,547851,547852,547853,547854,547855,547856,547857,547858,547859,547860,547861,547862,547863,547864,547865,547866,547867,547868,547869,547870,547871,547872,547873,547874,547875,547876,547877,547878,547879,547880,547881,547882,547883,547884,547885,547886,547887,547888,547889,547890,547891,547892
61,6101,'JUNDA26-Weekday-06-1',547893,547894,547895,547896,547897,547898,547899,547900,547901,547902,547903,547904,547905,547906,547907,547908,547909,547910,547911,547912,547913,547914,547915,547916,547917,547918,547919,547920,547921,547922,547923,547924,547925,547926,547927,547928,547929,547930,547931,547932,547933,547934,547935,547936,547937,547938,547939,547940,547941,547942,547943,547944,547945,547946,547947
61,6101,'JUNSA26-Saturday-07-1',547948,547949,547950,547951,547952,547953,547954,547955,547956,547957,547958,547959,547960,547961,547962,547963,547964,547965,547966,547967,547968,547969,547970,547971,547972,547973,547974,547975,547976,547977,547978,547979,547980,547981,547982,547983,547984,547985,547986,547987,547988,547989,547990,547991
61,6101,'JUNSU26-Sunday-05-1',547992,547993,547994,547995,547996,547997,547998,547999,548000,548001,548002,548003,548004,548005,548006,548007,548008,548009,548010,548011,548012,548013,548014,548015,548016,548017,548018,548019,548020,548021,548022,548023,548024,548025,548026,548027,548028,548029,548030
61,6101,'RBJul03-Weekday-01-1',548031,548032,548033,548034,548035,548036,548037,548038,548039,548040,548041,548042,548043,548044,548045,548046,548047,548048,548049,548050,548051,548052,548053,548054,548055,548056,548057,548058,548059,548060,548061,548062,548063,548064,548065,548066,548067,548068,548069,548070,548071,548072,548073,548074,548075,548076,548077,548078,548079,548080,548081,548082,548083,548084,548085
62,6200,'CanDay26-Sunday-12-1',548086,548087,548088,548089,548090,548091,548092,548093,548094,548095,548096,548097,548098,548099,548100,548101,548102,548103,548104,548105,548106,548107,548108,548109,548110,548111,548112,548113,548114,548115,548116,548117,548118,548119,548120,548121,548122,548123,548124,548125,548126,548127,548128,548129,548130,548131,548132,548133,548134,548135,548136,548137,548138,548139
62,6200,'CivHol26-Saturday-07-1',548140,548141,548142,548143,548144,548145,548146,548147,548148,548149,548150,548151,548152,548153,548154,548155,548156,548157,548158,548159,548160,548161,548162,548163,548164,548165,548166,548167,548168,548169,548170,548171,548172
62,6200,'JUNDA26-Weekday-06-1',548173,548174,548175,548176,548177,548178,548179,548180,548181,548182,548183,548184,548185,548186,548187,548188,548189,548190,548191,548192,548193,548194,548195,548196,548197,548198,548199,548200,548201,548202,548203,548204,548205,548206,548207,548208
62,6200,'JUNSA26-Saturday-07-1',548209,548210,548211,548212,548213,548214,548215,548216,548217,548218,548219,548220,548221,548222,548223,548224,548225,548226,548227,548228,548229,548230,548231,548232,548233,548234,548235,548236,548237,548238,548239,548240,548241
62,6200,'JUNSU26-Sunday-05-1',548242,548243,548244,548245,548246,548247,548248,548249,548250,548251,548252,548253,548254,548255,548256,548257,548258,548259,548260,548261,548262,548263,548264,548265,548266,548267,548268,548269,548270
62,6200,'RBJul03-Weekday-01-1',548271,548272,548273,548274,548275,548276,548277,548278,548279,548280,548281,548282,548283,548284,548285,548286,548287,548288,548289,548290,548291,548292,548293,548294,548295,548296,548297,548298,548299,548300,548301,548302,548303,548304,548305,548306
62,6201,'CanDay26-Sunday-12-1',548307,548308,548309,548310,548311,548312,548313,548314,548315,548316,548317,548318,548319,548320,548321,548322,548323,548324,548325,548326,548327,548328,548329,548330,548331,548332,548333,548334,548335,548336,548337,548338,548339,548340,548341,548342,548343,548344,548345,548346,548347,548348,548349,548350,548351,548352,548353,548354,548355,548356,548357
62,6201,'CivHol26-Saturday-07-1',548358,548359,548360,548361,548362,548363,548364,548365,548366,548367,548368,548369,548370,548371,548372,548373,548374,548375,548376,548377,548378,548379,548380,548381,548382,548383,548384,548385,548386,548387,548388,548389
62,6201,'JUNDA26-Weekday-06-1',548390,548391,548392,548393,548394,548395,548396,548397,548398,548399,548400,548401,548402,548403,548404,548405,548406,548407,548408,548409,548410,548411,548412,548413,548414,548415,548416,548417,548418,548419,548420,548421,548422,548423,548424,548425,548426,548427
62,6201,'JUNSA26-Saturday-07-1',548428,548429,548430,548431,548432,548433,548434,548435,548436,548437,548438,548439,548440,548441,548442,548443,548444,548445,548446,548447,548448,548449,548450,548451,548452,548453,548454,548455,548456,548457,548458,548459
62,6201,'JUNSU26-Sunday-05-1',548460,548461,548462,548463,548464,548465,548466,548467,548468,548469,548470,548471,548472,548473,548474,548475,548476,548477,548478,548479,548480,548481,548482,548483,548484,548485
62,6201,'RBJul03-Weekday-01-1',548486,548487,548488,548489,548490,548491,548492,548493,548494,548495,548496,548497,548498,548499,548500,548501,548502,548503,548504,548505,548506,548507,548508,548509,548510,548511,548512,548513,548514,548515,548516,548517,548518,548519,548520,548521,548522,548523
63,6300,'CanDay26-Sunday-12-1',548524,548525,548526,548527,548528,548529,548530,548531,548532,548533,548534,548535,548536,548537,548538,548539,548540,548541,548542,548543,548544,548545,548546,548547,548548,548549,548550,548551,548552,548553
63,6300,'CivHol26-Saturday-07-1',548554,548555,548556,548557,548558,548559,548560,548561,548562,548563,548564,548565,548566,548567,548568,548569,548570,548571,548572,548573,548574,548575,548576,548577,548578,548579,548580,548581,548582,548583,548584,548585,548586,548587
63,6300,'JUNDA26-Weekday-06-1',548588,548589,548590,548591,548592,548593,548594,548595,548596,548597,548598,548599,548600,548601,548602,548603,548604,548605,548606,548607,548608,548609,548610,548611,548612,548613,548614,548615,548616,548617,548618,548619,548620,548621,548622,548623,548624,548625,548626,548627,548628,548629,548630,548631,548632,548633,548634
63,6300,'JUNSA26-Saturday-07-1',548635,548636,548637,548638,548639,548640,548641,548642,548643,548644,548645,548646,548647,548648,548649,548650,548651,548652,548653,548654,548655,548656,548657,548658,548659,548660,548661,548662,548663,548664,548665,548666
63,6300,'JUNSU26-Sunday-05-1',548667,548668,548669,548670,548671,548672,548673,548674,548675,548676,548677,548678,548679,548680,548681,548682,548683,548684,548685,548686,548687,548688,548689,548690
63,6300,'RBJul03-Weekday-01-1',548691,548692,548693,548694,548695,548696,548697,548698,548699,548700,548701,548702,548703,548704,548705,548706,548707,548708,548709,548710,548711,548712,548713,548714,548715,548716,548717,548718,548719,548720,548721,548722,548723,548724,548725,548726,548727,548728,548729,548730,548731,548732,548733,548734,548735,548736,548737
63,6301,'CanDay26-Sunday-12-1',548738,548739,548740,548741,548742,548743,548744,548745,548746,548747,548748,548749,548750,548751,548752,548753,548754,548755,548756,548757,548758,548759,548760,548761,548762,548763,548764,548765,548766,548767,548768
63,6301,'CivHol26-Saturday-07-1',548769,548770,548771,548772,548773,548774,548775,548776,548777,548778,548779,548780,548781,548782,548783,548784,548785,548786,548787,548788,548789,548790,548791,548792,548793,548794,548795,548796,548797,548798,548799,548800,548801,548802,548803,548804,548805,548806
63,6301,'JUNDA26-Weekday-06-1',548807,548808,548809,548810,548811,548812,548813,548814,548815,548816,548817,548818,548819,548820,548821,548822,548823,548824,548825,548826,548827,548828,548829,548830,548831,548832,548833,548834,548835,548836,548837,548838,548839,548840,548841,548842,548843,548844,548845,548846,548847,548848,548849,548850,548851,548852,548853,548854,548855,548856
63,6301,'JUNSA26-Saturday-07-1',548857,548858,548859,548860,548861,548862,548863,548864,548865,548866,548867,548868,548869,548870,548871,548872,548873,548874,548875,548876,548877,548878,548879,548880,548881,548882,548883,548884,548885,548886,548887,548888
63,6301,'JUNSU26-Sunday-05-1',548889,548890,548891,548892,548893,548894,548895,548896,548897,548898,548899,548900,548901,548902,548903,548904,548905,548906,548907,548908,548909,548910,548911,548912,548913
63,6301,'RBJul03-Weekday-01-1',548914,548915,548916,548917,548918,548919,548920,548921,548922,548923,548924,548925,548926,548927,548928,548929,548930,548931,548932,548933,548934,548935,548936,548937,548938,548939,548940,548941,548942,548943,548944,548945,548946,548947,548948,548949,548950,548951,548952,548953,548954,548955,548956,548957,548958,548959,548960,548961,548962,548963
66,6600,'JUNDA26-Weekday-06-1',548964,548965,548966,548967,548968,548969,548970,548971,548972,548973
66,6600,'RBJul03-Weekday-01-1',548974,548975,548976,548977,548978,548979,548980,548981,548982,548983
66,6601,'JUNDA26-Weekday-06-1',548984,548985,548986,548987,548988,548989,548990,548991,548992
66,6601,'RBJul03-Weekday-01-1',548993,548994,548995,548996,548997,548998,548999,549000,549001
67,6700,'CanDay26-Sunday-12-1',549002,549003,549004,549005,549006,549007,549008,549009,549010,549011,549012,549013,549014,549015,549016,549017,549018,549019,549020,549021
67,6700,'CivHol26-Saturday-07-1',549022,549023,549024,549025,549026,549027,549028,549029,549030,549031,549032,549033,549034,549035,549036,549037,549038,549039,549040,549041,549042,549043,549044,549045
67,6700,'JUNDA26-Weekday-06-1',549046,549047,549048,549049,549050,549051,549052,549053,549054,549055,549056,549057,549058,549059,549060,549061,549062,549063,549064,549065,549066,549067,549068,549069,549070,549071,549072,549073,549074,549075,549076
67,6700,'JUNSA26-Saturday-07-1',549077,549078,549079,549080,549081,549082,549083,549084,549085,549086,549087,549088,549089,549090,549091,549092,549093,549094,549095,549096,549097,549098,549099,549100
67,6700,'JUNSU26-Sunday-05-1',549101,549102,549103,549104,549105,549106,549107,549108,549109,549110,549111,549112,549113,549114,549115,549116,549117
67,6700,'RBJul03-Weekday-01-1',549118,549119,549120,549121,549122,549123,549124,549125,549126,549127,549128,549129,549130,549131,549132,549133,549134,549135,549136,549137,549138,549139,549140,549141,549142,549143,549144,549145,549146,549147,549148
67,6701,'CanDay26-Sunday-12-1',549149,549150,549151,549152,549153,549154,549155,549156,549157,549158,549159,549160,549161,549162,549163,549164,549165,549166,549167,549168
67,6701,'CivHol26-Saturday-07-1',549169,549170,549171,549172,549173,549174,549175,549176,549177,549178,549179,549180,549181,549182,549183,549184,549185,549186,549187,549188,549189,549190,549191,549192
67,6701,'JUNDA26-Weekday-06-1',549193,549194,549195,549196,549197,549198,549199,549200,549201,549202,549203,549204,549205,549206,549207,549208,549209,549210,549211,549212,549213,549214,549215,549216,549217,549218,549219,549220,549221
67,6701,'JUNSA26-Saturday-07-1',549222,549223,549224,549225,549226,549227,549228,549229,549230,549231,549232,549233,549234,549235,549236,549237,549238,549239,549240,549241,549242,549243,549244,549245
67,6701,'JUNSU26-Sunday-05-1',549246,549247,549248,549249,549250,549251,549252,549253,549254,549255,549256,549257,549258,549259,549260,549261,549262
67,6701,'RBJul03-Weekday-01-1',549263,549264,549265,549266,549267,549268,549269,549270,549271,549272,549273,549274,549275,549276,549277,549278,549279,549280,549281,549282,549283,549284,549285,549286,549287,549288,549289,549290,549291
68,6800,'CanDay26-Sunday-12-1',549292,549293,549294,549295,549296,549297,549298,549299,549300,549301,549302,549303,549304,549305,549306,549307,549308,549309,549310,549311,549312,549313,549314,549315,549316,549317,549318,549319,549320,549321,549322,549323,549324,549325,549326,549327,549328,549329,549330,549331,549332,549333
68,6800,'CivHol26-Saturday-07-1',549334,549335,549336,549337,549338,549339,549340,549341,549342,549343,549344,549345,549346,549347,549348,549349,549350,549351,549352,549353,549354,549355,549356,549357,549358,549359,549360,549361,549362,549363,549364,549365,549366,549367,549368,549369,549370,549371,549372,549373,549374,549375,549376,549377,549378,549379,549380,549381,549382,549383,549384,549385,549386,549387,549388,549389
68,6800,'JUNDA26-Weekday-06-1',549390,549391,549392,549393,549394,549395,549396,549397,549398,549399,549400,549401,549402,549403,549404,549405,549406,549407,549408,549409,549410,549411,549412,549413,549414,549415,549416,549417,549418,549419,549420,549421,549422,549423,549424,549425,549426,549427,549428,549429,549430,549431,549432,549433,549434,549435,549436,549437,549438,549439,549440,549441,549442,549443,549444,549445,549446,549447,549448,549449,549450,549451,549452,549453,549454,549455,549456,549457,549458,549459
68,6800,'JUNSA26-Saturday-07-1',549460,549461,549462,549463,549464,549465,549466,549467,549468,549469,549470,549471,549472,549473,549474,549475,549476,549477,549478,549479,549480,549481,549482,549483,549484,549485,549486,549487,549488,549489,549490,549491,549492,549493,549494,549495,549496,549497,549498,549499,549500,549501,549502,549503,549504,549505
68,6800,'JUNSU26-Sunday-05-1',549506,549507,549508,549509,549510,549511,549512,549513,549514,549515,549516,549517,549518,549519,549520,549521,549522,549523,549524,549525,549526,549527,549528,549529,549530,549531,549532,549533,549534,549535,549536,549537,549538,549539,549540,549541,549542,549543,549544,549545,549546,549547
68,6800,'RBJul03-Weekday-01-1',549548,549549,549550,549551,549552,549553,549554,549555,549556,549557,549558,549559,549560,549561,549562,549563,549564,549565,549566,549567,549568,549569,549570,549571,549572,549573,549574,549575,549576,549577,549578,549579,549580,549581,549582,549583,549584,549585,549586,549587,549588,549589,549590,549591,549592,549593,549594,549595,549596,549597,549598,549599,549600,549601,549602,549603,549604,549605,549606,549607,549608,549609,549610,549611,549612,549613,549614,549615,549616,549617
68,6801,'CanDay26-Sunday-12-1',549618,549619,549620,549621,549622,549623,549624,549625,549626,549627,549628,549629,549630,549631,549632,549633,549634,549635,549636,549637,549638,549639,549640,549641,549642,549643,549644,549645,549646,549647,549648,549649,549650,549651,549652,549653,549654,549655,549656,549657,549658,549659
68,6801,'CivHol26-Saturday-07-1',549660,549661,549662,549663,549664,549665,549666,549667,549668,549669,549670,549671,549672,549673,549674,549675,549676,549677,549678,549679,549680,549681,549682,549683,549684,549685,549686,549687,549688,549689,549690,549691,549692,549693,549694,549695,549696,549697,549698,549699,549700,549701,549702,549703,549704,549705,549706,549707,549708,549709,549710
68,6801,'JUNDA26-Weekday-06-1',549711,549712,549713,549714,549715,549716,549717,549718,549719,549720,549721,549722,549723,549724,549725,549726,549727,549728,549729,549730,549731,549732,549733,549734,549735,549736,549737,549738,549739,549740,549741,549742,549743,549744,549745,549746,549747,549748,549749,549750,549751,549752,549753,549754,549755,549756,549757,549758,549759,549760,549761,549762,549763,549764,549765,549766,549767,549768,549769,549770,549771,549772,549773,549774,549775,549776,549777,549778,549779,549780
68,6801,'JUNSA26-Saturday-07-1',549781,549782,549783,549784,549785,549786,549787,549788,549789,549790,549791,549792,549793,549794,549795,549796,549797,549798,549799,549800,549801,549802,549803,549804,549805,549806,549807,549808,549809,549810,549811,549812,549813,549814,549815,549816,549817,549818,549819,549820,549821
68,6801,'JUNSU26-Sunday-05-1',549822,549823,549824,549825,549826,549827,549828,549829,549830,549831,549832,549833,549834,549835,549836,549837,549838,549839,549840,549841,549842,549843,549844,549845,549846,549847,549848,549849,549850,549851,549852,549853,549854,549855,549856,549857,549858,549859,549860,549861,549862,549863
68,6801,'RBJul03-Weekday-01-1',549864,549865,549866,549867,549868,549869,549870,549871,549872,549873,549874,549875,549876,549877,549878,549879,549880,549881,549882,549883,549884,549885,549886,549887,549888,549889,549890,549891,549892,549893,549894,549895,549896,549897,549898,549899,549900,549901,549902,549903,549904,549905,549906,549907,549908,549909,549910,549911,549912,549913,549914,549915,549916,549917,549918,549919,549920,549921,549922,549923,549924,549925,549926,549927,549928,549929,549930,549931,549932,549933
70,7000,'CanDay26-Sunday-12-1',549934,549935,549936,549937,549938,549939,549940,549941,549942,549943,549944,549945,549946,549947,549948,549949,549950,549951,549952,549953,549954,549955,549956,549957,549958,549959,549960,549961,549962,549963,549964,549965,549966,549967
70,7000,'CivHol26-Saturday-07-1',549968,549969,549970,549971,549972,549973,549974,549975,549976,549977,549978,549979,549980,549981,549982,549983,549984,549985,549986,549987,549988,549989,549990,549991,549992,549993,549994,549995,549996,549997,549998,549999,550000,550001
70,7000,'JUNDA26-Weekday-06-1',550002,550003,550004,550005,550006,550007,550008,550009,550010,550011,550012,550013,550014,550015,550016,550017,550018,550019,550020,550021,550022,550023,550024,550025,550026,550027,550028,550029,550030,550031,550032,550033,550034,550035,550036,550037,550038,550039,550040,550041,550042,550043,550044,550045,550046,550047,550048,550049,550050
70,7000,'JUNSA26-Saturday-07-1',550051,550052,550053,550054,550055,550056,550057,550058,550059,550060,550061,550062,550063,550064,550065,550066,550067,550068,550069,550070,550071,550072,550073,550074,550075,550076,550077,550078,550079,550080,550081,550082,550083
70,7000,'JUNSU26-Sunday-05-1',550084,550085,550086,550087,550088,550089,550090,550091,550092,550093,550094,550095,550096,550097,550098,550099,550100,550101,550102,550103,550104,550105,550106,550107,550108,550109,550110,550111,550112,550113
70,7000,'RBJul03-Weekday-01-1',550114,550115,550116,550117,550118,550119,550120,550121,550122,550123,550124,550125,550126,550127,550128,550129,550130,550131,550132,550133,550134,550135,550136,550137,550138,550139,550140,550141,550142,550143,550144,550145,550146,550147,550148,550149,550150,550151,550152,550153,550154,550155,550156,550157,550158,550159,550160,550161,550162
70,7001,'CanDay26-Sunday-12-1',550163,550164,550165,550166,550167,550168,550169,550170,550171,550172,550173,550174,550175,550176,550177,550178,550179,550180,550181,550182,550183,550184,550185,550186,550187,550188,550189,550190,550191,550192,550193,550194,550195
70,7001,'CivHol26-Saturday-07-1',550196,550197,550198,550199,550200,550201,550202,550203,550204,550205,550206,550207,550208,550209,550210,550211,550212,550213,550214,550215,550216,550217,550218,550219,550220,550221,550222,550223,550224,550225,550226,550227,550228
70,7001,'JUNDA26-Weekday-06-1',550229,550230,550231,550232,550233,550234,550235,550236,550237,550238,550239,550240,550241,550242,550243,550244,550245,550246,550247,550248,550249,550250,550251,550252,550253,550254,550255,550256,550257,550258,550259,550260,550261,550262,550263,550264,550265,550266,550267,550268,550269,550270,550271,550272,550273,550274,550275,550276,550277
70,7001,'JUNSA26-Saturday-07-1',550278,550279,550280,550281,550282,550283,550284,550285,550286,550287,550288,550289,550290,550291,550292,550293,550294,550295,550296,550297,550298,550299,550300,550301,550302,550303,550304,550305,550306,550307,550308,550309
70,7001,'JUNSU26-Sunday-05-1',550310,550311,550312,550313,550314,550315,550316,550317,550318,550319,550320,550321,550322,550323,550324,550325,550326,550327,550328,550329,550330,550331,550332,550333,550334,550335,550336,550337,550338,550339,550340
70,7001,'RBJul03-Weekday-01-1',550341,550342,550343,550344,550345,550346,550347,550348,550349,550350,550351,550352,550353,550354,550355,550356,550357,550358,550359,550360,550361,550362,550363,550364,550365,550366,550367,550368,550369,550370,550371,550372,550373,550374,550375,550376,550377,550378,550379,550380,550381,550382,550383,550384,550385,550386,550387,550388,550389
73,7300,'JUNDA26-Weekday-06-1',550390,550391,550392,550393,550394,550395,550396,550397,550398,550399,550400,550401,550402,550403,550404,550405,550406,550407,550408,550409,550410,550411,550412,550413,550414,550415,550416,550417,550418,550419,550420,550421
73,7300,'RBJul03-Weekday-01-1',550422,550423,550424,550425,550426,550427,550428,550429,550430,550431,550432,550433,550434,550435,550436,550437,550438,550439,550440,550441,550442,550443,550444,550445,550446,550447,550448,550449,550450,550451,550452,550453
73,7301,'JUNDA26-Weekday-06-1',550454,550455,550456,550457,550458,550459,550460,550461,550462,550463,550464,550465,550466,550467,550468,550469,550470,550471,550472,550473,550474,550475,550476,550477,550478,550479,550480,550481,550482,550483,550484,550485,550486
73,7301,'RBJul03-Weekday-01-1',550487,550488,550489,550490,550491,550492,550493,550494,550495,550496,550497,550498,550499,550500,550501,550502,550503,550504,550505,550506,550507,550508,550509,550510,550511,550512,550513,550514,550515,550516,550517,550518,550519
74,7400,'CanDay26-Sunday-12-1',550520,550521,550522,550523,550524,550525,550526,550527,550528,550529,550530,550531,550532,550533,550534,550535,550536,550537,550538,550539,550540,550541,550542,550543,550544,550545,550546,550547,550548,550549,550550,550551,550552,550553,550554,550555,550556,550557,550558,550559,550560,550561,550562,550563,550564,550565,550566,550567,550568,550569,550570,550571,550572,550573,550574,550575,550576,550577,550578,550579,550580,550581,550582,550583,550584,550585
74,7400,'CivHol26-Saturday-07-1',550586,550587,550588,550589,550590,550591,550592,550593,550594,550595,550596,550597,550598,550599,550600,550601,550602,550603,550604,550605,550606,550607,550608,550609,550610,550611,550612,550613,550614,550615,550616,550617,550618,550619,550620,550621,550622,550623,550624
74,7400,'JUNDA26-Weekday-06-1',550625,550626,550627,550628,550629,550630,550631,550632,550633,550634,550635,550636,550637,550638,550639,550640,550641,550642,550643,550644,550645,550646,550647,550648,550649,550650,550651,550652,550653,550654,550655,550656,550657,550658,550659,550660,550661,550662,550663,550664,550665,550666,550667,550668,550669,550670,550671,550672,550673,550674,550675,550676,550677,550678,550679,550680,550681,550682
74,7400,'JUNSA26-Saturday-07-1',550683,550684,550685,550686,550687,550688,550689,550690,550691,550692,550693,550694,550695,550696,550697,550698,550699,550700,550701,550702,550703,550704,550705,550706,550707,550708,550709,550710
74,7400,'JUNSU26-Sunday-05-1',550711,550712,550713,550714,550715,550716,550717,550718,550719,550720,550721,550722,550723,550724,550725,550726,550727,550728,550729,550730,550731,550732,550733,550734
74,7400,'RBJul03-Weekday-01-1',550735,550736,550737,550738,550739,550740,550741,550742,550743,550744,550745,550746,550747,550748,550749,550750,550751,550752,550753,550754,550755,550756,550757,550758,550759,550760,550761,550762,550763,550764,550765,550766,550767,550768,550769,550770,550771,550772,550773,550774,550775,550776,550777,550778,550779,550780,550781,550782,550783,550784,550785,550786,550787,550788,550789,550790,550791,550792
74,7401,'CanDay26-Sunday-12-1',550793,550794,550795,550796,550797,550798,550799,550800,550801,550802,550803,550804,550805,550806,550807,550808,550809,550810,550811,550812,550813,550814,550815,550816,550817,550818,550819,550820,550821,550822,550823,550824,550825,550826,550827,550828,550829,550830,550831,550832,550833,550834,550835,550836,550837,550838,550839,550840,550841,550842,550843,550844,550845,550846,550847,550848,550849,550850,550851,550852,550853,550854,550855,550856,550857,550858,550859,550860,550861,550862,550863
74,7401,'CivHol26-Saturday-07-1',550864,550865,550866,550867,550868,550869,550870,550871,550872,550873,550874,550875,550876,550877,550878,550879,550880,550881,550882,550883,550884,550885,550886,550887,550888,550889,550890,550891,550892,550893,550894,550895,550896,550897,550898,550899,550900,550901,550902,550903,550904
74,7401,'JUNDA26-Weekday-06-1',550905,550906,550907,550908,550909,550910,550911,550912,550913,550914,550915,550916,550917,550918,550919,550920,550921,550922,550923,550924,550925,550926,550927,550928,550929,550930,550931,550932,550933,550934,550935,550936,550937,550938,550939,550940,550941,550942,550943,550944,550945,550946,550947,550948,550949,550950,550951,550952,550953,550954,550955,550956,550957,550958,550959,550960,550961,550962
74,7401,'JUNSA26-Saturday-07-1',550963,550964,550965,550966,550967,550968,550969,550970,550971,550972,550973,550974,550975,550976,550977,550978,550979,550980,550981,550982,550983,550984,550985,550986,550987,550988,550989,550990,550991,550992
74,7401,'JUNSU26-Sunday-05-1',550993,550994,550995,550996,550997,550998,550999,551000,551001,551002,551003,551004,551005,551006,551007,551008,551009,551010,551011,551012,551013,551014,551015,551016,551017
74,7401,'RBJul03-Weekday-01-1',551018,551019,551020,551021,551022,551023,551024,551025,551026,551027,551028,551029,551030,551031,551032,551033,551034,551035,551036,551037,551038,551039,551040,551041,551042,551043,551044,551045,551046,551047,551048,551049,551050,551051,551052,551053,551054,551055,551056,551057,551058,551059,551060,551061,551062,551063,551064,551065,551066,551067,551068,551069,551070,551071,551072,551073,551074,551075
75,7500,'CanDay26-Sunday-12-1',551076,551077,551078,551079,551080,551081,551082,551083,551084,551085,551086,551087,551088,551089,551090,551091,551092,551093,551094,551095,551096,551097,551098,551099,551100,551101,551102,551103,551104,551105,551106,551107,551108,551109,551110,551111,551112,551113,551114,551115,551116,551117,551118,551119,551120,551121,551122,551123,551124,551125,551126,551127,551128,551129,551130,551131,551132,551133,551134,551135,551136,551137,551138,551139,551140,551141,551142,551143,551144,551145,551146,551147,551148,551149,551150,551151,551152,551153,551154,551155,551156,551157,551158,551159,551160,551161,551162,551163,551164,551165,551166,551167,551168,551169,551170,551171,551172,551173,551174,551175,551176,551177,551178,551179,551180,551181,551182,551183,551184,551185,551186,551187,551188,551189,551190,551191,551192,551193,551194,551195,551196,551197,551198,551199,551200,551201,551202,551203,551204,551205,551206,551207,551208,551209,551210,551211,551212,551213,551214,551215,551216,551217,551218,551219,551220,551221,551222,551223,551224,551225,551226,551227,551228,551229,551230,551231,551232,551233,551234,551235,551236,551237,551238,551239,551240,551241,551242,551243,551244,551245,551246,551247,551248,551249,551250,551251,551252
75,7500,'CivHol26-Saturday-07-1',551253,551254,551255,551256,551257,551258,551259,551260,551261,551262,551263,551264,551265,551266,551267,551268,551269,551270,551271,551272,551273,551274,551275,551276,551277,551278,551279,551280,551281,551282,551283,551284,551285,551286,551287,551288,551289,551290,551291,551292,551293,551294,551295,551296,551297,551298,551299,551300,551301,551302,551303,551304,551305,551306,551307,551308,551309,551310,551311,551312,551313,551314,551315,551316,551317,551318,551319,551320,551321,551322,551323,551324,551325,551326,551327,551328,551329,551330,551331,551332,551333,551334,551335,551336
75,7500,'JUNDA26-Weekday-06-1',551337,551338,551339,551340,551341,551342,551343,551344,551345,551346,551347,551348,551349,551350,551351,551352,551353,551354,551355,551356,551357,551358,551359,551360,551361,551362,551363,551364,551365,551366,551367,551368,551369,551370,551371,551372,551373,551374,551375,551376,551377,551378,551379,551380,551381,551382,551383,551384,551385,551386,551387,551388,551389,551390,551391,551392,551393,551394,551395,551396,551397,551398,551399,551400,551401,551402,551403,551404,551405,551406,551407,551408,551409,551410,551411,551412,551413,551414,551415,551416,551417,551418,551419,551420,551421,551422
75,7500,'JUNSA26-Saturday-07-1',551423,551424,551425,551426,551427,551428,551429,551430,551431,551432,551433,551434,551435,551436,551437,551438,551439,551440,551441,551442,551443,551444,551445,551446,551447,551448,551449,551450,551451,551452,551453,551454,551455,551456,551457,551458,551459,551460,551461,551462,551463,551464,551465,551466,551467,551468,551469,551470,551471,551472,551473,551474,551475,551476,551477,551478,551479,551480,551481,551482,551483,551484,551485,551486,551487,551488,551489,551490,551491,551492,551493,551494,551495,551496,551497,551498,551499,551500,551501
75,7500,'JUNSU26-Sunday-05-1',551502,551503,551504,551505,551506,551507,551508,551509,551510,551511,551512,551513,551514,551515,551516,551517,551518,551519,551520,551521,551522,551523,551524,551525,551526,551527,551528,551529,551530,551531,551532,551533,551534,551535,551536,551537,551538,551539,551540,551541,551542,551543,551544,551545,551546,551547,551548,551549,551550,551551,551552,551553,551554,551555,551556,551557,551558,551559,551560,551561,551562,551563,551564,551565,551566,551567,551568,551569,551570,551571,551572
75,7500,'RBJul03-Weekday-01-1',551573,551574,551575,551576,551577,551578,551579,551580,551581,551582,551583,551584,551585,551586,551587,551588,551589,551590,551591,551592,551593,551594,551595,551596,551597,551598,551599,551600,551601,551602,551603,551604,551605,551606,551607,551608,551609,551610,551611,551612,551613,551614,551615,551616,551617,551618,551619,551620,551621,551622,551623,551624,551625,551626,551627,551628,551629,551630,551631,551632,551633,551634,551635,551636,551637,551638,551639,551640,551641,551642,551643,551644,551645,551646,551647,551648,551649,551650,551651,551652,551653,551654,551655,551656,551657,551658
75,7501,'CanDay26-Sunday-12-1',551659,551660,551661,551662,551663,551664,551665,551666,551667,551668,551669,551670,551671,551672,551673,551674,551675,551676,551677,551678,551679,551680,551681,551682,551683,551684,551685,551686,551687,551688,551689,551690,551691,551692,551693,551694,551695,551696,551697,551698,551699,551700,551701,551702,551703,551704,551705,551706,551707,551708,551709,551710,551711,551712,551713,551714,551715,551716,551717,551718,551719,551720,551721,551722,551723,551724,551725,551726,551727,551728,551729,551730,551731,551732,551733,551734,551735,551736,551737,551738,551739,551740,551741,551742,551743,551744,551745,551746,551747,551748,551749,551750,551751,551752,551753,551754,551755,551756,551757,551758,551759,551760,551761,551762,551763,551764,551765,551766,551767,551768,551769,551770,551771,551772,551773,551774,551775,551776,551777,551778,551779,551780,551781,551782,551783,551784,551785,551786,551787,551788,551789,551790,551791,551792,551793,551794,551795,551796,551797,551798,551799,551800,551801,551802,551803,551804,551805,551806,551807,551808,551809,551810,551811,551812,551813,551814,551815,551816,551817,551818,551819,551820,551821,551822,551823,551824,551825,551826,551827,551828,551829,551830,551831,551832,551833,551834,551835,551836,551837
75,7501,'CivHol26-Saturday-07-1',551838,551839,551840,551841,551842,551843,551844,551845,551846,551847,551848,551849,551850,551851,551852,551853,551854,551855,551856,551857,551858,551859,551860,551861,551862,551863,551864,551865,551866,551867,551868,551869,551870,551871,551872,551873,551874,551875,551876,551877,551878,551879,551880,551881,551882,551883,551884,551885,551886,551887,551888,551889,551890,551891,551892,551893,551894,551895,551896,551897,551898,551899,551900,551901,551902,551903,551904,551905,551906,551907,551908,551909,551910,551911,551912,551913,551914,551915,551916,551917,551918,551919,551920
75,7501,'JUNDA26-Weekday-06-1',551921,551922,551923,551924,551925,551926,551927,551928,551929,551930,551931,551932,551933,551934,551935,551936,551937,551938,551939,551940,551941,551942,551943,551944,551945,551946,551947,551948,551949,551950,551951,551952,551953,551954,551955,551956,551957,551958,551959,551960,551961,551962,551963,551964,551965,551966,551967,551968,551969,551970,551971,551972,551973,551974,551975,551976,551977,551978,551979,551980,551981,551982,551983,551984,551985,551986,551987,551988,551989,551990,551991,551992,551993,551994,551995,551996,551997,551998,551999,552000,552001,552002,552003,552004,552005,552006,552007,552008,552009,552010,552011,552012,552013
75,7501,'JUNSA26-Saturday-07-1',552014,552015,552016,552017,552018,552019,552020,552021,552022,552023,552024,552025,552026,552027,552028,552029,552030,552031,552032,552033,552034,552035,552036,552037,552038,552039,552040,552041,552042,552043,552044,552045,552046,552047,552048,552049,552050,552051,552052,552053,552054,552055,552056,552057,552058,552059,552060,552061,552062,552063,552064,552065,552066,552067,552068,552069,552070,552071,552072,552073,552074,552075,552076,552077,552078,552079,552080,552081,552082,552083,552084,552085,552086,552087,552088,552089,552090,552091
75,7501,'JUNSU26-Sunday-05-1',552092,552093,552094,552095,552096,552097,552098,552099,552100,552101,552102,552103,552104,552105,552106,552107,552108,552109,552110,552111,552112,552113,552114,552115,552116,552117,552118,552119,552120,552121,552122,552123,552124,552125,552126,552127,552128,552129,552130,552131,552132,552133,552134,552135,552136,552137,552138,552139,552140,552141,552142,552143,552144,552145,552146,552147,552148,552149,552150,552151,552152,552153,552154,552155,552156,552157,552158,552159,552160,552161,552162,552163
75,7501,'RBJul03-Weekday-01-1',552164,552165,552166,552167,552168,552169,552170,552171,552172,552173,552174,552175,552176,552177,552178,552179,552180,552181,552182,552183,552184,552185,552186,552187,552188,552189,552190,552191,552192,552193,552194,552195,552196,552197,552198,552199,552200,552201,552202,552203,552204,552205,552206,552207,552208,552209,552210,552211,552212,552213,552214,552215,552216,552217,552218,552219,552220,552221,552222,552223,552224,552225,552226,552227,552228,552229,552230,552231,552232,552233,552234,552235,552236,552237,552238,552239,552240,552241,552242,552243,552244,552245,552246,552247,552248,552249,552250,552251,552252,552253,552254,552255,552256
80,8000,'CanDay26-Sunday-12-1',552257,552258,552259,552260,552261,552262,552263,552264,552265,552266,552267,552268,552269,552270,552271,552272,552273,552274,552275,552276,552277,552278,552279,552280,552281
80,8000,'CivHol26-Saturday-07-1',552282,552283,552284,552285,552286,552287,552288,552289,552290,552291,552292,552293,552294,552295,552296,552297,552298,552299,552300,552301,552302,552303,552304,552305,552306,552307,552308,552309,552310,552311,552312,552313,552314,552315,552316,552317
80,8000,'JUNDA26-Weekday-06-1',552318,552319,552320,552321,552322,552323,552324,552325,552326,552327,552328,552329,552330,552331,552332,552333,552334,552335,552336,552337,552338,552339,552340,552341,552342,552343,552344,552345,552346,552347,552348,552349,552350,552351,552352,552353,552354,552355,552356,552357,552358,552359,552360,552361,552362,552363,552364,552365,552366,552367,552368,552369,552370,552371,552372,552373,552374,552375,552376,552377,552378,552379,552380,552381,552382,552383
80,8000,'JUNSA26-Saturday-07-1',552384,552385,552386,552387,552388,552389,552390,552391,552392,552393,552394,552395,552396,552397,552398,552399,552400,552401,552402,552403,552404,552405,552406,552407,552408,552409,552410,552411,552412
80,8000,'JUNSU26-Sunday-05-1',552413,552414,552415,552416,552417,552418,552419,552420,552421,552422,552423,552424,552425,552426,552427,552428,552429,552430,552431
80,8000,'RBJul03-Weekday-01-1',552432,552433,552434,552435,552436,552437,552438,552439,552440,552441,552442,552443,552444,552445,552446,552447,552448,552449,552450,552451,552452,552453,552454,552455,552456,552457,552458,552459,552460,552461,552462,552463,552464,552465,552466,552467,552468,552469,552470,552471,552472,552473,552474,552475,552476,552477,552478,552479,552480,552481,552482,552483,552484,552485,552486,552487,552488,552489,552490,552491,552492,552493,552494,552495,552496,552497
80,8001,'CanDay26-Sunday-12-1',552498,552499,552500,552501,552502,552503,552504,552505,552506,552507,552508,552509,552510,552511,552512,552513,552514,552515,552516,552517,552518,552519,552520,552521
80,8001,'CivHol26-Saturday-07-1',552522,552523,552524,552525,552526,552527,552528,552529,552530,552531,552532,552533,552534,552535,552536,552537,552538,552539,552540,552541,552542,552543,552544,552545,552546,552547,552548,552549,552550,552551,552552,552553,552554,552555,552556
80,8001,'JUNDA26-Weekday-06-1',552557,552558,552559,552560,552561,552562,552563,552564,552565,552566,552567,552568,552569,552570,552571,552572,552573,552574,552575,552576,552577,552578,552579,552580,552581,552582,552583,552584,552585,552586,552587,552588,552589,552590,552591,552592,552593,552594,552595,552596,552597,552598,552599,552600,552601,552602,552603,552604,552605,552606,552607,552608,552609,552610,552611,552612,552613,552614,552615,552616,552617,552618,552619,552620,552621
80,8001,'JUNSA26-Saturday-07-1',552622,552623,552624,552625,552626,552627,552628,552629,552630,552631,552632,552633,552634,552635,552636,552637,552638,552639,552640,552641,552642,552643,552644,552645,552646,552647,552648,552649,552650
80,8001,'JUNSU26-Sunday-05-1',552651,552652,552653,552654,552655,552656,552657,552658,552659,552660,552661,552662,552663,552664,552665,552666,552667,552668,552669
80,8001,'RBJul03-Weekday-01-1',552670,552671,552672,552673,552674,552675,552676,552677,552678,552679,552680,552681,552682,552683,552684,552685,552686,552687,552688,552689,552690,552691,552692,552693,552694,552695,552696,552697,552698,552699,552700,552701,552702,552703,552704,552705,552706,552707,552708,552709,552710,552711,552712,552713,552714,552715,552716,552717,552718,552719,552720,552721,552722,552723,552724,552725,552726,552727,552728,552729,552730,552731,552732,552733,552734
81,8100,'CanDay26-Sunday-12-1',552735,552736,552737,552738,552739,552740,552741,552742,552743,552744,552745,552746,552747,552748,552749,552750,552751,552752,552753,552754,552755,552756,552757,552758,552759,552760,552761,552762,552763
81,8100,'CivHol26-Saturday-07-1',552764,552765,552766,552767,552768,552769,552770,552771,552772,552773,552774,552775,552776,552777,552778,552779,552780,552781,552782,552783,552784,552785,552786,552787,552788,552789,552790,552791,552792
81,8100,'JUNDA26-Weekday-06-1',552793,552794,552795,552796,552797,552798,552799,552800,552801,552802,552803,552804,552805,552806,552807,552808,552809,552810,552811,552812,552813,552814,552815,552816,552817,552818,552819,552820,552821,552822,552823,552824,552825,552826,552827
81,8100,'JUNSA26-Saturday-07-1',552828,552829,552830,552831,552832,552833,552834,552835,552836,552837,552838,552839,552840,552841,552842,552843,552844,552845,552846,552847,552848,552849,552850
81,8100,'JUNSU26-Sunday-05-1',552851,552852,552853,552854,552855,552856,552857,552858,552859,552860,552861,552862,552863,552864,552865,552866,552867,552868,552869,552870,552871,552872,552873,552874
81,8100,'RBJul03-Weekday-01-1',552875,552876,552877,552878,552879,552880,552881,552882,552883,552884,552885,552886,552887,552888,552889,552890,552891,552892,552893,552894,552895,552896,552897,552898,552899,552900,552901,552902,552903,552904,552905,552906,552907,552908,552909
81,8101,'CanDay26-Sunday-12-1',552910,552911,552912,552913,552914,552915,552916,552917,552918,552919,552920,552921,552922,552923,552924,552925,552926,552927,552928,552929,552930,552931,552932,552933,552934,552935,552936
81,8101,'CivHol26-Saturday-07-1',552937,552938,552939,552940,552941,552942,552943,552944,552945,552946,552947,552948,552949,552950,552951,552952,552953,552954,552955,552956,552957,552958,552959,552960,552961,552962,552963,552964,552965,552966,552967
81,8101,'JUNDA26-Weekday-06-1',552968,552969,552970,552971,552972,552973,552974,552975,552976,552977,552978,552979,552980,552981,552982,552983,552984,552985,552986,552987,552988,552989,552990,552991,552992,552993,552994,552995,552996,552997,552998,552999,553000,553001
81,8101,'JUNSA26-Saturday-07-1',553002,553003,553004,553005,553006,553007,553008,553009,553010,553011,553012,553013,553014,553015,553016,553017,553018,553019,553020,553021,553022,553023,553024,553025,553026,553027
81,8101,'JUNSU26-Sunday-05-1',553028,553029,553030,553031,553032,553033,553034,553035,553036,553037,553038,553039,553040,553041,553042,553043,553044,553045,553046,553047,553048,553049
81,8101,'RBJul03-Weekday-01-1',553050,553051,553052,553053,553054,553055,553056,553057,553058,553059,553060,553061,553062,553063,553064,553065,553066,553067,553068,553069,553070,553071,553072,553073,553074,553075,553076,553077,553078,553079,553080,553081,553082,553083
82,8200,'CanDay26-Sunday-12-1',553084,553085,553086,553087,553088,553089,553090,553091,553092,553093,553094,553095,553096,553097,553098,553099,553100,553101,553102,553103,553104,553105,553106,553107,553108,553109,553110
82,8200,'CivHol26-Saturday-07-1',553111,553112,553113,553114,553115,553116,553117,553118,553119,553120,553121,553122,553123,553124,553125,553126,553127,553128,553129,553130,553131,553132,553133,553134,553135,553136,553137,553138,553139,553140,553141,553142
82,8200,'JUNDA26-Weekday-06-1',553143,553144,553145,553146,553147,553148,553149,553150,553151,553152,553153,553154,553155,553156,553157,553158,553159,553160,553161,553162,553163,553164,553165,553166,553167,553168,553169,553170,553171,553172,553173,553174,553175
82,8200,'JUNSA26-Saturday-07-1',553176,553177,553178,553179,553180,553181,553182,553183,553184,553185,553186,553187,553188,553189,553190,553191,553192,553193,553194,553195,553196,553197,553198,553199,553200,553201,553202,553203,553204
82,8200,'JUNSU26-Sunday-05-1',553205,553206,553207,553208,553209,553210,553211,553212,553213,553214,553215,553216,553217,553218,553219,553220,553221,553222,553223,553224,553225,553226,553227,553228
82,8200,'RBJul03-Weekday-01-1',553229,553230,553231,553232,553233,553234,553235,553236,553237,553238,553239,553240,553241,553242,553243,553244,553245,553246,553247,553248,553249,553250,553251,553252,553253,553254,553255,553256,553257,553258,553259,553260,553261
82,8201,'CanDay26-Sunday-12-1',553262,553263,553264,553265,553266,553267,553268,553269,553270,553271,553272,553273,553274,553275,553276,553277,553278,553279,553280,553281,553282,553283,553284,553285,553286,553287,553288
82,8201,'CivHol26-Saturday-07-1',553289,553290,553291,553292,553293,553294,553295,553296,553297,553298,553299,553300,553301,553302,553303,553304,553305,553306,553307,553308,553309,553310,553311,553312,553313,553314,553315,553316,553317,553318,553319,553320,553321
82,8201,'JUNDA26-Weekday-06-1',553322,553323,553324,553325,553326,553327,553328,553329,553330,553331,553332,553333,553334,553335,553336,553337,553338,553339,553340,553341,553342,553343,553344,553345,553346,553347,553348,553349,553350,553351,553352,553353,553354,553355,553356,553357
82,8201,'JUNSA26-Saturday-07-1',553358,553359,553360,553361,553362,553363,553364,553365,553366,553367,553368,553369,553370,553371,553372,553373,553374,553375,553376,553377,553378,553379,553380,553381,553382,553383,553384,553385,553386
82,8201,'JUNSU26-Sunday-05-1',553387,553388,553389,553390,553391,553392,553393,553394,553395,553396,553397,553398,553399,553400,553401,553402,553403,553404,553405,553406,553407,553408,553409,553410,553411
82,8201,'RBJul03-Weekday-01-1',553412,553413,553414,553415,553416,553417,553418,553419,553420,553421,553422,553423,553424,553425,553426,553427,553428,553429,553430,553431,553432,553433,553434,553435,553436,553437,553438,553439,553440,553441,553442,553443,553444,553445,553446,553447
84,8400,'JUNDA26-Weekday-06-1',553448,553449,553450,553451,553452,553453
84,8400,'RBJul03-Weekday-01-1',553454,553455,553456,553457,553458,553459
84,8401,'JUNDA26-Weekday-06-1',553460,553461,553462,553463,553464,553465
84,8401,'RBJul03-Weekday-01-1',553466,553467,553468,553469,553470,553471
85,8500,'CanDay26-Sunday-12-1',553472,553473,553474,553475,553476,553477,553478,553479,553480,553481,553482,553483,553484,553485,553486,553487,553488,553489,553490,553491,553492,553493,553494,553495,553496,553497,553498,553499,553500,553501,553502,553503,553504,553505,553506,553507,553508,553509,553510,553511,553512,553513,553514,553515,553516,553517,553518,553519,553520,553521,553522,553523,553524,553525,553526,553527,553528,553529,553530,553531,553532,553533,553534,553535,553536,553537,553538,553539,553540,553541,553542,553543,553544,553545,553546,553547,553548
85,8500,'CivHol26-Saturday-07-1',553549,553550,553551,553552,553553,553554,553555,553556,553557,553558,553559,553560,553561,553562,553563,553564,553565,553566,553567,553568,553569,553570,553571,553572,553573,553574,553575,553576,553577,553578,553579,553580,553581,553582,553583,553584,553585,553586,553587,553588,553589,553590,553591,553592,553593,553594,553595,553596,553597,553598,553599,553600,553601,553602,553603
85,8500,'JUNDA26-Weekday-06-1',553604,553605,553606,553607,553608,553609,553610,553611,553612,553613,553614,553615,553616,553617,553618,553619,553620,553621,553622,553623,553624,553625,553626,553627,553628,553629,553630,553631,553632,553633,553634,553635,553636,553637,553638,553639,553640,553641,553642,553643,553644,553645,553646,553647,553648,553649,553650,553651,553652,553653,553654,553655,553656,553657,553658,553659,553660,553661,553662,553663,553664,553665,553666,553667,553668
85,8500,'JUNSA26-Saturday-07-1',553669,553670,553671,553672,553673,553674,553675,553676,553677,553678,553679,553680,553681,553682,553683,553684,553685,553686,553687,553688,553689,553690,553691,553692,553693,553694,553695,553696,553697,553698,553699,553700,553701,553702,553703,553704,553705,553706,553707,553708,553709,553710,553711
85,8500,'JUNSU26-Sunday-05-1',553712,553713,553714,553715,553716,553717,553718,553719,553720,553721,553722,553723,553724,553725,553726,553727,553728,553729,553730,553731,553732,553733,553734,553735,553736,553737,553738,553739,553740,553741,553742,553743,553744,553745,553746,553747,553748,553749,553750,553751,553752,553753,553754,553755,553756
85,8500,'RBJul03-Weekday-01-1',553757,553758,553759,553760,553761,553762,553763,553764,553765,553766,553767,553768,553769,553770,553771,553772,553773,553774,553775,553776,553777,553778,553779,553780,553781,553782,553783,553784,553785,553786,553787,553788,553789,553790,553791,553792,553793,553794,553795,553796,553797,553798,553799,553800,553801,553802,553803,553804,553805,553806,553807,553808,553809,553810,553811,553812,553813,553814,553815,553816,553817,553818,553819,553820,553821
85,8501,'CanDay26-Sunday-12-1',553822,553823,553824,553825,553826,553827,553828,553829,553830,553831,553832,553833,553834,553835,553836,553837,553838,553839,553840,553841,553842,553843,553844,553845,553846,553847,553848,553849,553850,553851,553852,553853,553854,553855,553856,553857,553858,553859,553860,553861,553862,553863,553864,553865,553866,553867,553868,553869,553870,553871,553872,553873,553874,553875,553876,553877,553878,553879,553880,553881,553882,553883,553884,553885,553886,553887,553888,553889,553890,553891,553892,553893,553894,553895,553896
85,8501,'CivHol26-Saturday-07-1',553897,553898,553899,553900,553901,553902,553903,553904,553905,553906,553907,553908,553909,553910,553911,553912,553913,553914,553915,553916,553917,553918,553919,553920,553921,553922,553923,553924,553925,553926,553927,553928,553929,553930,553931,553932,553933,553934,553935,553936,553937,553938,553939,553940,553941,553942,553943,553944,553945,553946,553947,553948,553949,553950,553951,553952,553953,553954,553955
85,8501,'JUNDA26-Weekday-06-1',553956,553957,553958,553959,553960,553961,553962,553963,553964,553965,553966,553967,553968,553969,553970,553971,553972,553973,553974,553975,553976,553977,553978,553979,553980,553981,553982,553983,553984,553985,553986,553987,553988,553989,553990,553991,553992,553993,553994,553995,553996,553997,553998,553999,554000,554001,554002,554003,554004,554005,554006,554007,554008,554009,554010,554011,554012,554013,554014,554015,554016,554017,554018,554019
85,8501,'JUNSA26-Saturday-07-1',554020,554021,554022,554023,554024,554025,554026,554027,554028,554029,554030,554031,554032,554033,554034,554035,554036,554037,554038,554039,554040,554041,554042,554043,554044,554045,554046,554047,554048,554049,554050,554051,554052,554053,554054,554055,554056,554057,554058,554059,554060,554061,554062,554063,554064
85,8501,'JUNSU26-Sunday-05-1',554065,554066,554067,554068,554069,554070,554071,554072,554073,554074,554075,554076,554077,554078,554079,554080,554081,554082,554083,554084,554085,554086,554087,554088,554089,554090,554091,554092,554093,554094,554095,554096,554097,554098,554099,554100,554101,554102,554103,554104,554105,554106
85,8501,'RBJul03-Weekday-01-1',554107,554108,554109,554110,554111,554112,554113,554114,554115,554116,554117,554118,554119,554120,554121,554122,554123,554124,554125,554126,554127,554128,554129,554130,554131,554132,554133,554134,554135,554136,554137,554138,554139,554140,554141,554142,554143,554144,554145,554146,554147,554148,554149,554150,554151,554152,554153,554154,554155,554156,554157,554158,554159,554160,554161,554162,554163,554164,554165,554166,554167,554168,554169,554170
86,8600,'CanDay26-Sunday-12-1',554171,554172,554173,554174,554175,554176,554177,554178,554179,554180,554181,554182,554183,554184,554185,554186,554187,554188,554189,554190,554191,554192,554193,554194,554195,554196,554197,554198,554199,554200,554201,554202,554203,554204,554205,554206,554207,554208,554209,554210,554211,554212,554213,554214,554215,554216,554217,554218,554219,554220,554221,554222,554223,554224
86,8600,'CivHol26-Saturday-07-1',554225,554226,554227,554228,554229,554230,554231,554232,554233,554234,554235,554236,554237,554238,554239,554240,554241,554242,554243,554244,554245,554246,554247,554248,554249,554250,554251,554252,554253,554254,554255,554256
86,8600,'JUNDA26-Weekday-06-1',554257,554258,554259,554260,554261,554262,554263,554264,554265,554266,554267,554268,554269,554270,554271,554272,554273,554274,554275,554276,554277,554278,554279,554280,554281,554282,554283,554284,554285,554286,554287,554288,554289,554290,554291,554292,554293,554294,554295,554296,554297,554298,554299,554300,554301,554302,554303,554304
86,8600,'JUNSA26-Saturday-07-1',554305,554306,554307,554308,554309,554310,554311,554312,554313,554314,554315,554316,554317,554318,554319,554320,554321,554322,554323,554324,554325,554326,554327,554328,554329,554330,554331,554332,554333,554334,554335,554336
86,8600,'JUNSU26-Sunday-05-1',554337,554338,554339,554340,554341,554342,554343,554344,554345,554346,554347,554348,554349,554350,554351,554352,554353,554354,554355,554356,554357,554358,554359,554360,554361,554362,554363,554364,554365
86,8600,'RBJul03-Weekday-01-1',554366,554367,554368,554369,554370,554371,554372,554373,554374,554375,554376,554377,554378,554379,554380,554381,554382,554383,554384,554385,554386,554387,554388,554389,554390,554391,554392,554393,554394,554395,554396,554397,554398,554399,554400,554401,554402,554403,554404,554405,554406,554407,554408,554409,554410,554411,554412,554413
86,8601,'CanDay26-Sunday-12-1',554414,554415,554416,554417,554418,554419,554420,554421,554422,554423,554424,554425,554426,554427,554428,554429,554430,554431,554432,554433,554434,554435,554436,554437,554438,554439,554440,554441,554442,554443,554444,554445,554446,554447,554448,554449,554450,554451,554452,554453,554454,554455,554456,554457,554458,554459,554460,554461,554462,554463,554464,554465
86,8601,'CivHol26-Saturday-07-1',554466,554467,554468,554469,554470,554471,554472,554473,554474,554475,554476,554477,554478,554479,554480,554481,554482,554483,554484,554485,554486,554487,554488,554489,554490,554491,554492,554493,554494,554495,554496
86,8601,'JUNDA26-Weekday-06-1',554497,554498,554499,554500,554501,554502,554503,554504,554505,554506,554507,554508,554509,554510,554511,554512,554513,554514,554515,554516,554517,554518,554519,554520,554521,554522,554523,554524,554525,554526,554527,554528,554529,554530,554531,554532,554533,554534,554535,554536,554537,554538,554539,554540,554541,554542,554543,554544
86,8601,'JUNSA26-Saturday-07-1',554545,554546,554547,554548,554549,554550,554551,554552,554553,554554,554555,554556,554557,554558,554559,554560,554561,554562,554563,554564,554565,554566,554567,554568,554569,554570,554571,554572,554573,554574,554575
86,8601,'JUNSU26-Sunday-05-1',554576,554577,554578,554579,554580,554581,554582,554583,554584,554585,554586,554587,554588,554589,554590,554591,554592,554593,554594,554595,554596,554597,554598,554599,554600,554601,554602,554603
86,8601,'RBJul03-Weekday-01-1',554604,554605,554606,554607,554608,554609,554610,554611,554612,554613,554614,554615,554616,554617,554618,554619,554620,554621,554622,554623,554624,554625,554626,554627,554628,554629,554630,554631,554632,554633,554634,554635,554636,554637,554638,554639,554640,554641,554642,554643,554644,554645,554646,554647,554648,554649,554650,554651
87,8700,'CanDay26-Sunday-12-1',554652,554653,554654,554655,554656,554657,554658,554659,554660,554661,554662,554663,554664,554665,554666,554667,554668,554669,554670,554671,554672,554673,554674,554675,554676,554677,554678,554679,554680,554681,554682,554683,554684,554685,554686,554687,554688,554689
87,8700,'CivHol26-Saturday-07-1',554690,554691,554692,554693,554694,554695,554696,554697,554698,554699,554700,554701,554702,554703,554704,554705,554706,554707,554708,554709,554710,554711,554712
87,8700,'JUNDA26-Weekday-06-1',554713,554714,554715,554716,554717,554718,554719,554720,554721,554722,554723,554724,554725,554726,554727,554728,554729,554730,554731,554732,554733,554734,554735,554736,554737,554738,554739,554740,554741,554742,554743,554744,554745,554746,554747,554748,554749,554750,554751,554752,554753,554754,554755,554756,554757,554758,554759,554760,554761,554762,554763,554764,554765
87,8700,'JUNSA26-Saturday-07-1',554766,554767,554768,554769,554770,554771,554772,554773,554774,554775,554776,554777,554778,554779,554780,554781,554782,554783,554784,554785,554786,554787
87,8700,'JUNSU26-Sunday-05-1',554788,554789,554790,554791,554792,554793,554794,554795,554796,554797,554798,554799,554800,554801,554802,554803,554804
87,8700,'RBJul03-Weekday-01-1',554805,554806,554807,554808,554809,554810,554811,554812,554813,554814,554815,554816,554817,554818,554819,554820,554821,554822,554823,554824,554825,554826,554827,554828,554829,554830,554831,554832,554833,554834,554835,554836,554837,554838,554839,554840,554841,554842,554843,554844,554845,554846,554847,554848,554849,554850,554851,554852,554853,554854,554855,554856,554857
87,8701,'CanDay26-Sunday-12-1',554858,554859,554860,554861,554862,554863,554864,554865,554866,554867,554868,554869,554870,554871,554872,554873,554874,554875,554876,554877,554878,554879,554880,554881,554882,554883,554884,554885,554886,554887,554888,554889,554890,554891,554892,554893
87,8701,'CivHol26-Saturday-07-1',554894,554895,554896,554897,554898,554899,554900,554901,554902,554903,554904,554905,554906,554907,554908,554909,554910,554911,554912,554913,554914,554915,554916
87,8701,'JUNDA26-Weekday-06-1',554917,554918,554919,554920,554921,554922,554923,554924,554925,554926,554927,554928,554929,554930,554931,554932,554933,554934,554935,554936,554937,554938,554939,554940,554941,554942,554943,554944,554945,554946,554947,554948,554949,554950,554951,554952,554953,554954,554955,554956,554957,554958,554959,554960,554961,554962,554963,554964,554965,554966,554967,554968,554969,554970
87,8701,'JUNSA26-Saturday-07-1',554971,554972,554973,554974,554975,554976,554977,554978,554979,554980,554981,554982,554983,554984,554985,554986,554987,554988,554989,554990,554991,554992
87,8701,'JUNSU26-Sunday-05-1',554993,554994,554995,554996,554997,554998,554999,555000,555001,555002,555003,555004,555005,555006,555007,555008,555009
87,8701,'RBJul03-Weekday-01-1',555010,555011,555012,555013,555014,555015,555016,555017,555018,555019,555020,555021,555022,555023,555024,555025,555026,555027,555028,555029,555030,555031,555032,555033,555034,555035,555036,555037,555038,555039,555040,555041,555042,555043,555044,555045,555046,555047,555048,555049,555050,555051,555052,555053,555054,555055,555056,555057,555058,555059,555060,555061,555062,555063
88,8800,'CanDay26-Sunday-12-1',555064,555065,555066,555067,555068,555069,555070,555071,555072,555073,555074,555075,555076,555077,555078,555079,555080,555081,555082,555083,555084,555085,555086,555087,555088,555089,555090,555091,555092,555093,555094,555095,555096,555097,555098,555099,555100,555101,555102,555103,555104,555105,555106,555107,555108,555109,555110,555111,555112
88,8800,'CivHol26-Saturday-07-1',555113,555114,555115,555116,555117,555118,555119,555120,555121,555122,555123,555124,555125,555126,555127,555128,555129,555130,555131,555132,555133,555134,555135,555136,555137,555138,555139,555140,555141,555142,555143,555144,555145,555146,555147,555148,555149,555150,555151,555152,555153,555154,555155,555156,555157,555158,555159,555160,555161,555162,555163,555164,555165,555166,555167,555168,555169,555170,555171,555172,555173,555174
88,8800,'JUNDA26-Weekday-06-1',555175,555176,555177,555178,555179,555180,555181,555182,555183,555184,555185,555186,555187,555188,555189,555190,555191,555192,555193,555194,555195,555196,555197,555198,555199,555200,555201,555202,555203,555204,555205,555206,555207,555208,555209,555210,555211,555212,555213,555214,555215,555216,555217,555218,555219,555220,555221,555222,555223,555224,555225,555226,555227,555228,555229,555230,555231,555232,555233,555234,555235,555236,555237,555238,555239,555240,555241,555242,555243,555244,555245,555246,555247,555248
88,8800,'JUNSA26-Saturday-07-1',555249,555250,555251,555252,555253,555254,555255,555256,555257,555258,555259,555260,555261,555262,555263,555264,555265,555266,555267,555268,555269,555270,555271,555272,555273,555274,555275,555276,555277,555278,555279,555280,555281,555282,555283,555284,555285,555286,555287,555288,555289,555290,555291,555292,555293,555294,555295,555296,555297,555298,555299,555300,555301,555302,555303,555304,555305,555306,555307,555308,555309
88,8800,'JUNSU26-Sunday-05-1',555310,555311,555312,555313,555314,555315,555316,555317,555318,555319,555320,555321,555322,555323,555324,555325,555326,555327,555328,555329,555330,555331,555332,555333,555334,555335,555336,555337,555338,555339,555340,555341,555342,555343,555344,555345,555346,555347
88,8800,'RBJul03-Weekday-01-1',555348,555349,555350,555351,555352,555353,555354,555355,555356,555357,555358,555359,555360,555361,555362,555363,555364,555365,555366,555367,555368,555369,555370,555371,555372,555373,555374,555375,555376,555377,555378,555379,555380,555381,555382,555383,555384,555385,555386,555387,555388,555389,555390,555391,555392,555393,555394,555395,555396,555397,555398,555399,555400,555401,555402,555403,555404,555405,555406,555407,555408,555409,555410,555411,555412,555413,555414,555415,555416,555417,555418,555419,555420,555421
88,8801,'CanDay26-Sunday-12-1',555422,555423,555424,555425,555426,555427,555428,555429,555430,555431,555432,555433,555434,555435,555436,555437,555438,555439,555440,555441,555442,555443,555444,555445,555446,555447,555448,555449,555450,555451,555452,555453,555454,555455,555456,555457,555458,555459,555460,555461,555462,555463,555464
88,8801,'CivHol26-Saturday-07-1',555465,555466,555467,555468,555469,555470,555471,555472,555473,555474,555475,555476,555477,555478,555479,555480,555481,555482,555483,555484,555485,555486,555487,555488,555489,555490,555491,555492,555493,555494,555495,555496,555497,555498,555499,555500,555501,555502,555503,555504,555505,555506,555507,555508,555509,555510,555511,555512,555513,555514,555515,555516,555517,555518,555519,555520,555521,555522,555523,555524,555525
88,8801,'JUNDA26-Weekday-06-1',555526,555527,555528,555529,555530,555531,555532,555533,555534,555535,555536,555537,555538,555539,555540,555541,555542,555543,555544,555545,555546,555547,555548,555549,555550,555551,555552,555553,555554,555555,555556,555557,555558,555559,555560,555561,555562,555563,555564,555565,555566,555567,555568,555569,555570,555571,555572,555573,555574,555575,555576,555577,555578,555579,555580,555581,555582,555583,555584,555585,555586,555587,555588,555589,555590,555591,555592,555593,555594,555595,555596,555597
88,8801,'JUNSA26-Saturday-07-1',555598,555599,555600,555601,555602,555603,555604,555605,555606,555607,555608,555609,555610,555611,555612,555613,555614,555615,555616,555617,555618,555619,555620,555621,555622,555623,555624,555625,555626,555627,555628,555629,555630,555631,555632,555633,555634,555635,555636,555637,555638,555639,555640,555641,555642,555643,555644,555645,555646,555647,555648,555649,555650,555651,555652,555653,555654,555655,555656,555657
88,8801,'JUNSU26-Sunday-05-1',555658,555659,555660,555661,555662,555663,555664,555665,555666,555667,555668,555669,555670,555671,555672,555673,555674,555675,555676,555677,555678,555679,555680,555681,555682,555683,555684,555685,555686,555687,555688,555689,555690,555691,555692,555693,555694
88,8801,'RBJul03-Weekday-01-1',555695,555696,555697,555698,555699,555700,555701,555702,555703,555704,555705,555706,555707,555708,555709,555710,555711,555712,555713,555714,555715,555716,555717,555718,555719,555720,555721,555722,555723,555724,555725,555726,555727,555728,555729,555730,555731,555732,555733,555734,555735,555736,555737,555738,555739,555740,555741,555742,555743,555744,555745,555746,555747,555748,555749,555750,555751,555752,555753,555754,555755,555756,555757,555758,555759,555760,555761,555762,555763,555764,555765,555766
90,9000,'CanDay26-Sunday-12-1',555767,555768,555769,555770,555771,555772,555773,555774,555775,555776,555777,555778,555779,555780,555781,555782,555783,555784,555785,555786,555787,555788,555789,555790,555791,555792,555793,555794,555795,555796,555797,555798,555799,555800,555801,555802,555803,555804,555805,555806,555807,555808,555809,555810,555811,555812,555813,555814,555815,555816,555817,555818,555819,555820,555821,555822,555823,555824,555825,555826,555827
90,9000,'CivHol26-Saturday-07-1',555828,555829,555830,555831,555832,555833,555834,555835,555836,555837,555838,555839,555840,555841,555842,555843,555844,555845,555846,555847,555848,555849,555850,555851,555852,555853,555854,555855,555856,555857,555858,555859,555860,555861
90,9000,'JUNDA26-Weekday-06-1',555862,555863,555864,555865,555866,555867,555868,555869,555870,555871,555872,555873,555874,555875,555876,555877,555878,555879,555880,555881,555882,555883,555884,555885,555886,555887,555888,555889,555890,555891,555892,555893,555894,555895,555896,555897,555898,555899,555900,555901,555902,555903,555904,555905,555906,555907,555908,555909,555910,555911,555912,555913,555914,555915,555916,555917,555918,555919,555920,555921,555922
90,9000,'JUNSA26-Saturday-07-1',555923,555924,555925,555926,555927,555928,555929,555930,555931,555932,555933,555934,555935,555936,555937,555938,555939,555940,555941,555942,555943,555944,555945,555946,555947,555948,555949,555950,555951,555952,555953
90,9000,'JUNSU26-Sunday-05-1',555954,555955,555956,555957,555958,555959,555960,555961,555962,555963,555964,555965,555966,555967,555968,555969,555970,555971,555972,555973,555974,555975,555976,555977,555978,555979,555980,555981,555982,555983
90,9000,'RBJul03-Weekday-01-1',555984,555985,555986,555987,555988,555989,555990,555991,555992,555993,555994,555995,555996,555997,555998,555999,556000,556001,556002,556003,556004,556005,556006,556007,556008,556009,556010,556011,556012,556013,556014,556015,556016,556017,556018,556019,556020,556021,556022,556023,556024,556025,556026,556027,556028,556029,556030,556031,556032,556033,556034,556035,556036,556037,556038,556039,556040,556041,556042,556043,556044
90,9001,'CanDay26-Sunday-12-1',556045,556046,556047,556048,556049,556050,556051,556052,556053,556054,556055,556056,556057,556058,556059,556060,556061,556062,556063,556064,556065,556066,556067,556068,556069,556070,556071,556072,556073,556074,556075,556076,556077,556078,556079,556080,556081,556082,556083,556084,556085,556086,556087,556088,556089,556090,556091,556092,556093,556094,556095,556096,556097,556098,556099,556100,556101,556102,556103,556104,556105
90,9001,'CivHol26-Saturday-07-1',556106,556107,556108,556109,556110,556111,556112,556113,556114,556115,556116,556117,556118,556119,556120,556121,556122,556123,556124,556125,556126,556127,556128,556129,556130,556131,556132,556133,556134,556135,556136,556137,556138,556139,556140,556141,556142
90,9001,'JUNDA26-Weekday-06-1',556143,556144,556145,556146,556147,556148,556149,556150,556151,556152,556153,556154,556155,556156,556157,556158,556159,556160,556161,556162,556163,556164,556165,556166,556167,556168,556169,556170,556171,556172,556173,556174,556175,556176,556177,556178,556179,556180,556181,556182,556183,556184,556185,556186,556187,556188,556189,556190,556191,556192,556193,556194,556195,556196,556197,556198,556199,556200,556201,556202,556203,556204,556205
90,9001,'JUNSA26-Saturday-07-1',556206,556207,556208,556209,556210,556211,556212,556213,556214,556215,556216,556217,556218,556219,556220,556221,556222,556223,556224,556225,556226,556227,556228,556229,556230,556231,556232,556233,556234,556235,556236,556237,556238,556239,556240
90,9001,'JUNSU26-Sunday-05-1',556241,556242,556243,556244,556245,556246,556247,556248,556249,556250,556251,556252,556253,556254,556255,556256,556257,556258,556259,556260,556261,556262,556263,556264,556265,556266,556267,556268,556269,556270,556271
90,9001,'RBJul03-Weekday-01-1',556272,556273,556274,556275,556276,556277,556278,556279,556280,556281,556282,556283,556284,556285,556286,556287,556288,556289,556290,556291,556292,556293,556294,556295,556296,556297,556298,556299,556300,556301,556302,556303,556304,556305,556306,556307,556308,556309,556310,556311,556312,556313,556314,556315,556316,556317,556318,556319,556320,556321,556322,556323,556324,556325,556326,556327,556328,556329,556330,556331,556332,556333,556334
92,9200,'JUNDA26-Weekday-06-1',556335,556336,556337,556338,556339,556340,556341,556342,556343,556344,556345,556346,556347,556348,556349,556350,556351,556352,556353
92,9200,'RBJul03-Weekday-01-1',556354,556355,556356,556357,556358,556359,556360,556361,556362,556363,556364,556365,556366,556367,556368,556369,556370,556371,556372
92,9201,'JUNDA26-Weekday-06-1',556373,556374,556375,556376,556377,556378,556379,556380,556381,556382,556383,556384,556385,556386,556387,556388,556389,556390
92,9201,'RBJul03-Weekday-01-1',556391,556392,556393,556394,556395,556396,556397,556398,556399,556400,556401,556402,556403,556404,556405,556406,556407,556408
93,9300,'CanDay26-Sunday-12-1',556409,556410,556411,556412,556413,556414,556415,556416,556417,556418,556419,556420,556421,556422,556423,556424,556425,556426,556427,556428,556429,556430,556431,556432,556433,556434,556435,556436,556437,556438,556439,556440
93,9300,'CivHol26-Saturday-07-1',556441,556442,556443,556444,556445,556446,556447,556448,556449,556450,556451,556452,556453,556454,556455,556456,556457,556458,556459,556460,556461,556462,556463,556464,556465,556466,556467,556468,556469,556470,556471,556472,556473
93,9300,'JUNDA26-Weekday-06-1',556474,556475,556476,556477,556478,556479,556480,556481,556482,556483,556484,556485,556486,556487,556488,556489,556490,556491,556492,556493,556494,556495,556496,556497,556498,556499,556500,556501,556502,556503,556504,556505,556506,556507,556508,556509
93,9300,'JUNSA26-Saturday-07-1',556510,556511,556512,556513,556514,556515,556516,556517,556518,556519,556520,556521,556522,556523,556524,556525,556526,556527,556528,556529,556530,556531,556532,556533,556534,556535,556536,556537,556538,556539
93,9300,'JUNSU26-Sunday-05-1',556540,556541,556542,556543,556544,556545,556546,556547,556548,556549,556550,556551,556552,556553,556554,556555,556556,556557,556558,556559,556560,556561,556562,556563,556564,556565,556566,556567
93,9300,'RBJul03-Weekday-01-1',556568,556569,556570,556571,556572,556573,556574,556575,556576,556577,556578,556579,556580,556581,556582,556583,556584,556585,556586,556587,556588,556589,556590,556591,556592,556593,556594,556595,556596,556597,556598,556599,556600,556601,556602,556603
93,9301,'CanDay26-Sunday-12-1',556604,556605,556606,556607,556608,556609,556610,556611,556612,556613,556614,556615,556616,556617,556618,556619,556620,556621,556622,556623,556624,556625,556626,556627,556628,556629,556630,556631,556632,556633,556634,556635
93,9301,'CivHol26-Saturday-07-1',556636,556637,556638,556639,556640,556641,556642,556643,556644,556645,556646,556647,556648,556649,556650,556651,556652,556653,556654,556655,556656,556657,556658,556659,556660,556661,556662,556663,556664,556665,556666,556667,556668
93,9301,'JUNDA26-Weekday-06-1',556669,556670,556671,556672,556673,556674,556675,556676,556677,556678,556679,556680,556681,556682,556683,556684,556685,556686,556687,556688,556689,556690,556691,556692,556693,556694,556695,556696,556697,556698,556699,556700,556701,556702,556703,556704
93,9301,'JUNSA26-Saturday-07-1',556705,556706,556707,556708,556709,556710,556711,556712,556713,556714,556715,556716,556717,556718,556719,556720,556721,556722,556723,556724,556725,556726,556727,556728,556729,556730,556731,556732,556733,556734
93,9301,'JUNSU26-Sunday-05-1',556735,556736,556737,556738,556739,556740,556741,556742,556743,556744,556745,556746,556747,556748,556749,556750,556751,556752,556753,556754,556755,556756,556757,556758,556759,556760,556761,556762
93,9301,'RBJul03-Weekday-01-1',556763,556764,556765,556766,556767,556768,556769,556770,556771,556772,556773,556774,556775,556776,556777,556778,556779,556780,556781,556782,556783,556784,556785,556786,556787,556788,556789,556790,556791,556792,556793,556794,556795,556796,556797,556798
94,9400,'JUNDA26-Weekday-06-1',556799,556800,556801,556802,556803,556804
94,9400,'RBJul03-Weekday-01-1',556805,556806,556807,556808,556809,556810
94,9401,'JUNDA26-Weekday-06-1',556811,556812,556813,556814,556815,556816
94,9401,'RBJul03-Weekday-01-1',556817,556818,556819,556820,556821,556822
98,9800,'CanDay26-Sunday-12-1',556823,556824,556825,556826,556827,556828,556829,556830,556831,556832,556833,556834,556835,556836,556837,556838,556839,556840,556841,556842,556843,556844,556845,556846,556847,556848,556849,556850,556851,556852,556853,556854,556855,556856,556857,556858,556859,556860,556861,556862,556863,556864,556865,556866,556867,556868,556869,556870,556871,556872,556873,556874,556875,556876,556877,556878,556879,556880,556881,556882,556883,556884,556885,556886,556887,556888,556889,556890,556891,556892,556893,556894,556895,556896,556897,556898,556899,556900,556901,556902,556903,556904,556905,556906
98,9800,'CivHol26-Saturday-07-1',556907,556908,556909,556910,556911,556912,556913,556914,556915,556916,556917,556918,556919,556920,556921,556922,556923,556924,556925,556926,556927,556928,556929,556930,556931,556932,556933,556934,556935,556936,556937,556938,556939,556940,556941,556942
98,9800,'JUNDA26-Weekday-06-1',556943,556944,556945,556946,556947,556948,556949,556950,556951,556952,556953,556954,556955,556956,556957,556958,556959,556960,556961,556962,556963,556964,556965,556966,556967,556968,556969,556970,556971,556972,556973,556974,556975,556976,556977,556978,556979,556980,556981,556982,556983,556984,556985,556986,556987,556988,556989,556990,556991,556992,556993,556994,556995,556996,556997,556998,556999,557000,557001,557002,557003,557004,557005,557006,557007,557008,557009,557010,557011,557012,557013
98,9800,'JUNSA26-Saturday-07-1',557014,557015,557016,557017,557018,557019,557020,557021,557022,557023,557024,557025,557026,557027,557028,557029,557030,557031,557032,557033,557034,557035,557036,557037,557038,557039,557040,557041,557042,557043,557044,557045,557046,557047,557048,557049
98,9800,'JUNSU26-Sunday-05-1',557050,557051,557052,557053,557054,557055,557056,557057,557058,557059,557060,557061,557062,557063,557064,557065,557066,557067,557068,557069,557070,557071,557072,557073,557074,557075,557076,557077,557078,557079,557080,557081,557082,557083
98,9800,'RBJul03-Weekday-01-1',557084,557085,557086,557087,557088,557089,557090,557091,557092,557093,557094,557095,557096,557097,557098,557099,557100,557101,557102,557103,557104,557105,557106,557107,557108,557109,557110,557111,557112,557113,557114,557115,557116,557117,557118,557119,557120,557121,557122,557123,557124,557125,557126,557127,557128,557129,557130,557131,557132,557133,557134,557135,557136,557137,557138,557139,557140,557141,557142,557143,557144,557145,557146,557147,557148,557149,557150,557151,557152,557153,557154
98,9801,'CanDay26-Sunday-12-1',557155,557156,557157,557158,557159,557160,557161,557162,557163,557164,557165,557166,557167,557168,557169,557170,557171,557172,557173,557174,557175,557176,557177,557178,557179,557180,557181,557182,557183,557184,557185,557186,557187,557188,557189,557190,557191,557192,557193,557194,557195,557196,557197,557198,557199,557200,557201,557202,557203,557204,557205,557206,557207,557208,557209,557210,557211,557212,557213,557214,557215,557216,557217,557218,557219,557220,557221,557222,557223,557224,557225,557226,557227,557228,557229,557230,557231,557232,557233,557234,557235,557236
98,9801,'CivHol26-Saturday-07-1',557237,557238,557239,557240,557241,557242,557243,557244,557245,557246,557247,557248,557249,557250,557251,557252,557253,557254,557255,557256,557257,557258,557259,557260,557261,557262,557263,557264,557265,557266,557267,557268,557269,557270,557271,557272,557273
98,9801,'JUNDA26-Weekday-06-1',557274,557275,557276,557277,557278,557279,557280,557281,557282,557283,557284,557285,557286,557287,557288,557289,557290,557291,557292,557293,557294,557295,557296,557297,557298,557299,557300,557301,557302,557303,557304,557305,557306,557307,557308,557309,557310,557311,557312,557313,557314,557315,557316,557317,557318,557319,557320,557321,557322,557323,557324,557325,557326,557327,557328,557329,557330,557331,557332,557333,557334,557335,557336,557337,557338,557339,557340,557341
98,9801,'JUNSA26-Saturday-07-1',557342,557343,557344,557345,557346,557347,557348,557349,557350,557351,557352,557353,557354,557355,557356,557357,557358,557359,557360,557361,557362,557363,557364,557365,557366,557367,557368,557369,557370,557371,557372,557373,557374,557375,557376,557377,557378
98,9801,'JUNSU26-Sunday-05-1',557379,557380,557381,557382,557383,557384,557385,557386,557387,557388,557389,557390,557391,557392,557393,557394,557395,557396,557397,557398,557399,557400,557401,557402,557403,557404,557405,557406,557407,557408,557409,557410
98,9801,'RBJul03-Weekday-01-1',557411,557412,557413,557414,557415,557416,557417,557418,557419,557420,557421,557422,557423,557424,557425,557426,557427,557428,557429,557430,557431,557432,557433,557434,557435,557436,557437,557438,557439,557440,557441,557442,557443,557444,557445,557446,557447,557448,557449,557450,557451,557452,557453,557454,557455,557456,557457,557458,557459,557460,557461,557462,557463,557464,557465,557466,557467,557468,557469,557470,557471,557472,557473,557474,557475,557476,557477,557478
99,9900,'CanDay26-Sunday-12-1',557479,557480,557481,557482,557483,557484,557485,557486,557487,557488,557489,557490,557491,557492,557493,557494,557495,557496,557497,557498,557499,557500,557501,557502,557503,557504,557505,557506,557507,557508,557509
99,9900,'CivHol26-Saturday-07-1',557510,557511,557512,557513,557514,557515,557516,557517,557518,557519,557520,557521,557522,557523,557524,557525,557526,557527,557528,557529,557530,557531,557532,557533,557534,557535,557536,557537,557538,557539,557540,557541,557542
99,9900,'JUNDA26-Weekday-06-1',557543,557544,557545,557546,557547,557548,557549,557550,557551,557552,557553,557554,557555,557556,557557,557558,557559,557560,557561,557562,557563,557564,557565,557566,557567,557568,557569,557570,557571,557572,557573,557574,557575,557576,557577,557578
99,9900,'JUNSA26-Saturday-07-1',557579,557580,557581,557582,557583,557584,557585,557586,557587,557588,557589,557590,557591,557592,557593,557594,557595,557596,557597,557598,557599,557600,557601,557602,557603,557604,557605,557606,557607,557608,557609,557610,557611
99,9900,'JUNSU26-Sunday-05-1',557612,557613,557614,557615,557616,557617,557618,557619,557620,557621,557622,557623,557624,557625,557626,557627,557628,557629,557630,557631,557632,557633,557634
99,9900,'RBJul03-Weekday-01-1',557635,557636,557637,557638,557639,557640,557641,557642,557643,557644,557645,557646,557647,557648,557649,557650,557651,557652,557653,557654,557655,557656,557657,557658,557659,557660,557661,557662,557663,557664,557665,557666,557667,557668,557669,557670
99,9901,'CanDay26-Sunday-12-1',557671,557672,557673,557674,557675,557676,557677,557678,557679,557680,557681,557682,557683,557684,557685,557686,557687,557688,557689,557690,557691,557692,557693,557694,557695,557696,557697,557698,557699,557700
99,9901,'CivHol26-Saturday-07-1',557701,557702,557703,557704,557705,557706,557707,557708,557709,557710,557711,557712,557713,557714,557715,557716,557717,557718,557719,557720,557721,557722,557723,557724,557725,557726,557727,557728,557729,557730,557731,557732,557733
99,9901,'JUNDA26-Weekday-06-1',557734,557735,557736,557737,557738,557739,557740,557741,557742,557743,557744,557745,557746,557747,557748,557749,557750,557751,557752,557753,557754,557755,557756,557757,557758,557759,557760,557761,557762,557763,557764,557765,557766,557767,557768,557769,557770
99,9901,'JUNSA26-Saturday-07-1',557771,557772,557773,557774,557775,557776,557777,557778,557779,557780,557781,557782,557783,557784,557785,557786,557787,557788,557789,557790,557791,557792,557793,557794,557795,557796,557797,557798,557799,557800,557801,557802,557803
99,9901,'JUNSU26-Sunday-05-1',557804,557805,557806,557807,557808,557809,557810,557811,557812,557813,557814,557815,557816,557817,557818,557819,557820,557821,557822,557823,557824,557825,557826,557827
99,9901,'RBJul03-Weekday-01-1',557828,557829,557830,557831,557832,557833,557834,557835,557836,557837,557838,557839,557840,557841,557842,557843,557844,557845,557846,557847,557848,557849,557850,557851,557852,557853,557854,557855,557856,557857,557858,557859,557860,557861,557862,557863,557864
105,10500,'CanDay26-Sunday-12-1',557865,557866,557867,557868,557869,557870,557871,557872,557873,557874,557875,557876,557877,557878,557879,557880,557881,557882,557883,557884,557885,557886,557887,557888,557889,557890,557891,557892,557893,557894,557895,557896,557897,557898,557899,557900,557901,557902,557903,557904,557905,557906,557907,557908,557909,557910,557911,557912,557913,557914,557915,557916,557917
105,10500,'CivHol26-Saturday-07-1',557918,557919,557920,557921,557922,557923,557924,557925,557926,557927,557928,557929,557930,557931,557932,557933,557934,557935,557936,557937,557938,557939,557940,557941,557942,557943,557944,557945,557946,557947,557948,557949,557950,557951,557952,557953,557954,557955,557956,557957,557958,557959,557960,557961,557962,557963,557964,557965
105,10500,'JUNDA26-Weekday-06-1',557966,557967,557968,557969,557970,557971,557972,557973,557974,557975,557976,557977,557978,557979,557980,557981,557982,557983,557984,557985,557986,557987,557988,557989,557990,557991,557992,557993,557994,557995,557996,557997,557998,557999,558000,558001,558002,558003,558004,558005,558006,558007,558008,558009,558010,558011,558012,558013,558014
105,10500,'JUNSA26-Saturday-07-1',558015,558016,558017,558018,558019,558020,558021,558022,558023,558024,558025,558026,558027,558028,558029,558030,558031,558032,558033,558034,558035,558036,558037,558038,558039,558040,558041,558042,558043,558044,558045,558046,558047,558048,558049,558050,558051,558052,558053,558054,558055,558056,558057,558058,558059,558060,558061,558062
105,10500,'JUNSU26-Sunday-05-1',558063,558064,558065,558066,558067,558068,558069,558070,558071,558072,558073,558074,558075,558076,558077,558078,558079,558080,558081,558082,558083,558084,558085,558086,558087,558088,558089,558090,558091,558092,558093,558094,558095,558096,558097,558098,558099,558100,558101,558102,558103,558104,558105,558106,558107,558108,558109,558110
105,10500,'RBJul03-Weekday-01-1',558111,558112,558113,558114,558115,558116,558117,558118,558119,558120,558121,558122,558123,558124,558125,558126,558127,558128,558129,558130,558131,558132,558133,558134,558135,558136,558137,558138,558139,558140,558141,558142,558143,558144,558145,558146,558147,558148,558149,558150,558151,558152,558153,558154,558155,558156,558157,558158,558159
105,10501,'CanDay26-Sunday-12-1',558160,558161,558162,558163,558164,558165,558166,558167,558168,558169,558170,558171,558172,558173,558174,558175,558176,558177,558178,558179,558180,558181,558182,558183,558184,558185,558186,558187,558188,558189,558190,558191,558192,558193,558194,558195,558196,558197,558198,558199,558200,558201,558202,558203,558204,558205,558206,558207,558208,558209,558210,558211,558212,558213
105,10501,'CivHol26-Saturday-07-1',558214,558215,558216,558217,558218,558219,558220,558221,558222,558223,558224,558225,558226,558227,558228,558229,558230,558231,558232,558233,558234,558235,558236,558237,558238,558239,558240,558241,558242,558243,558244,558245,558246,558247,558248,558249,558250,558251,558252,558253,558254,558255,558256,558257,558258,558259,558260,558261
105,10501,'JUNDA26-Weekday-06-1',558262,558263,558264,558265,558266,558267,558268,558269,558270,558271,558272,558273,558274,558275,558276,558277,558278,558279,558280,558281,558282,558283,558284,558285,558286,558287,558288,558289,558290,558291,558292,558293,558294,558295,558296,558297,558298,558299,558300,558301,558302,558303,558304,558305,558306,558307,558308,558309
105,10501,'JUNSA26-Saturday-07-1',558310,558311,558312,558313,558314,558315,558316,558317,558318,558319,558320,558321,558322,558323,558324,558325,558326,558327,558328,558329,558330,558331,558332,558333,558334,558335,558336,558337,558338,558339,558340,558341,558342,558343,558344,558345,558346,558347,558348,558349,558350,558351,558352,558353,558354,558355,558356,558357
105,10501,'JUNSU26-Sunday-05-1',558358,558359,558360,558361,558362,558363,558364,558365,558366,558367,558368,558369,558370,558371,558372,558373,558374,558375,558376,558377,558378,558379,558380,558381,558382,558383,558384,558385,558386,558387,558388,558389,558390,558391,558392,558393,558394,558395,558396,558397,558398,558399,558400,558401,558402,558403,558404,558405,558406
105,10501,'RBJul03-Weekday-01-1',558407,558408,558409,558410,558411,558412,558413,558414,558415,558416,558417,558418,558419,558420,558421,558422,558423,558424,558425,558426,558427,558428,558429,558430,558431,558432,558433,558434,558435,558436,558437,558438,558439,558440,558441,558442,558443,558444,558445,558446,558447,558448,558449,558450,558451,558452,558453,558454
110,11000,'CanDay26-Sunday-12-1',558455,558456,558457,558458,558459,558460
110,11000,'CivHol26-Saturday-07-1',558461,558462,558463,558464,558465,558466
110,11000,'JUNDA26-Weekday-06-1',558467,558468,558469,558470,558471,558472,558473,558474,558475,558476,558477,558478,558479,558480,558481,558482,558483,558484,558485,558486,558487,558488,558489,558490,558491,558492,558493,558494,558495,558496,558497,558498
110,11000,'JUNSA26-Saturday-07-1',558499,558500,558501,558502,558503,558504
110,11000,'JUNSU26-Sunday-05-1',558505,558506,558507,558508,558509,558510
110,11000,'RBJul03-Weekday-01-1',558511,558512,558513,558514,558515,558516,558517,558518,558519,558520,558521,558522,558523,558524,558525,558526,558527,558528,558529,558530,558531,558532,558533,558534,558535,558536,558537,558538,558539,558540,558541,558542
110,11001,'CanDay26-Sunday-12-1',558543,558544,558545,558546,558547,558548
110,11001,'CivHol26-Saturday-07-1',558549,558550,558551,558552,558553,558554
110,11001,'JUNDA26-Weekday-06-1',558555,558556,558557,558558,558559,558560,558561,558562,558563,558564,558565,558566,558567,558568,558569,558570,558571,558572,558573,558574,558575,558576,558577,558578,558579,558580,558581,558582,558583,558584,558585,558586,558587
110,11001,'JUNSA26-Saturday-07-1',558588,558589,558590,558591,558592,558593
110,11001,'JUNSU26-Sunday-05-1',558594,558595,558596,558597,558598,558599
110,11001,'RBJul03-Weekday-01-1',558600,558601,558602,558603,558604,558605,558606,558607,558608,558609,558610,558611,558612,558613,558614,558615,558616,558617,558618,558619,558620,558621,558622,558623,558624,558625,558626,558627,558628,558629,558630,558631,558632
111,11100,'CanDay26-Sunday-12-1',558633,558634,558635,558636,558637,558638,558639,558640,558641,558642,558643,558644,558645,558646,558647,558648,558649,558650,558651,558652,558653,558654,558655,558656,558657,558658,558659,558660,558661,558662,558663,558664,558665,558666
111,11100,'CivHol26-Saturday-07-1',558667,558668,558669,558670,558671,558672,558673,558674,558675,558676,558677,558678,558679,558680,558681,558682,558683,558684,558685,558686,558687,558688,558689,558690,558691,558692,558693,558694,558695,558696,558697,558698,558699,558700,558701,558702,558703,558704
111,11100,'JUNDA26-Weekday-06-1',558705,558706,558707,558708,558709,558710,558711,558712,558713,558714,558715,558716,558717,558718,558719,558720,558721,558722,558723,558724,558725,558726,558727,558728,558729,558730,558731,558732,558733,558734,558735,558736,558737,558738,558739,558740,558741,558742,558743,558744,558745,558746,558747,558748,558749,558750,558751,558752,558753,558754,558755,558756,558757,558758,558759,558760,558761,558762,558763,558764,558765,558766,558767,558768,558769,558770,558771,558772,558773,558774
111,11100,'JUNSA26-Saturday-07-1',558775,558776,558777,558778,558779,558780,558781,558782,558783,558784,558785,558786,558787,558788,558789,558790,558791,558792,558793,558794,558795,558796,558797,558798,558799,558800,558801,558802,558803,558804,558805,558806,558807,558808,558809
111,11100,'JUNSU26-Sunday-05-1',558810,558811,558812,558813,558814,558815,558816,558817,558818,558819,558820,558821,558822,558823,558824,558825,558826,558827,558828,558829,558830,558831,558832,558833,558834,558835,558836,558837,558838,558839
111,11100,'RBJul03-Weekday-01-1',558840,558841,558842,558843,558844,558845,558846,558847,558848,558849,558850,558851,558852,558853,558854,558855,558856,558857,558858,558859,558860,558861,558862,558863,558864,558865,558866,558867,558868,558869,558870,558871,558872,558873,558874,558875,558876,558877,558878,558879,558880,558881,558882,558883,558884,558885,558886,558887,558888,558889,558890,558891,558892,558893,558894,558895,558896,558897,558898,558899,558900,558901,558902,558903,558904,558905,558906,558907,558908,558909
111,11101,'CanDay26-Sunday-12-1',558910,558911,558912,558913,558914,558915,558916,558917,558918,558919,558920,558921,558922,558923,558924,558925,558926,558927,558928,558929,558930,558931,558932,558933,558934,558935,558936,558937,558938,558939,558940,558941,558942
111,11101,'CivHol26-Saturday-07-1',558943,558944,558945,558946,558947,558948,558949,558950,558951,558952,558953,558954,558955,558956,558957,558958,558959,558960,558961,558962,558963,558964,558965,558966,558967,558968,558969,558970,558971,558972,558973,558974,558975,558976,558977,558978,558979
111,11101,'JUNDA26-Weekday-06-1',558980,558981,558982,558983,558984,558985,558986,558987,558988,558989,558990,558991,558992,558993,558994,558995,558996,558997,558998,558999,559000,559001,559002,559003,559004,559005,559006,559007,559008,559009,559010,559011,559012,559013,559014,559015,559016,559017,559018,559019,559020,559021,559022,559023,559024,559025,559026,559027,559028,559029,559030,559031,559032,559033,559034,559035,559036,559037,559038,559039,559040,559041,559042,559043,559044,559045,559046,559047,559048,559049
111,11101,'JUNSA26-Saturday-07-1',559050,559051,559052,559053,559054,559055,559056,559057,559058,559059,559060,559061,559062,559063,559064,559065,559066,559067,559068,559069,559070,559071,559072,559073,559074,559075,559076,559077,559078,559079,559080,559081,559082,559083
111,11101,'JUNSU26-Sunday-05-1',559084,559085,559086,559087,559088,559089,559090,559091,559092,559093,559094,559095,559096,559097,559098,559099,559100,559101,559102,559103,559104,559105,559106,559107,559108,559109,559110,559111,559112
111,11101,'RBJul03-Weekday-01-1',559113,559114,559115,559116,559117,559118,559119,559120,559121,559122,559123,559124,559125,559126,559127,559128,559129,559130,559131,559132,559133,559134,559135,559136,559137,559138,559139,559140,559141,559142,559143,559144,559145,559146,559147,559148,559149,559150,559151,559152,559153,559154,559155,559156,559157,559158,559159,559160,559161,559162,559163,559164,559165,559166,559167,559168,559169,559170,559171,559172,559173,559174,559175,559176,559177,559178,559179,559180,559181,559182
112,11200,'CanDay26-Sunday-12-1',559183,559184,559185,559186,559187,559188,559189,559190,559191,559192,559193,559194,559195,559196,559197,559198,559199,559200,559201,559202,559203,559204,559205,559206,559207,559208,559209,559210,559211,559212,559213,559214
112,11200,'CivHol26-Saturday-07-1',559215,559216,559217,559218,559219,559220,559221,559222,559223,559224,559225,559226,559227,559228,559229,559230,559231,559232,559233,559234,559235,559236,559237,559238,559239,559240,559241,559242,559243,559244,559245,559246,559247
112,11200,'JUNDA26-Weekday-06-1',559248,559249,559250,559251,559252,559253,559254,559255,559256,559257,559258,559259,559260,559261,559262,559263,559264,559265,559266,559267,559268,559269,559270,559271,559272,559273,559274,559275,559276,559277,559278,559279,559280,559281,559282
112,11200,'JUNSA26-Saturday-07-1',559283,559284,559285,559286,559287,559288,559289,559290,559291,559292,559293,559294,559295,559296,559297,559298,559299,559300,559301,559302,559303,559304,559305,559306,559307,559308,559309,559310
112,11200,'JUNSU26-Sunday-05-1',559311,559312,559313,559314,559315,559316,559317,559318,559319,559320,559321,559322,559323,559324,559325,559326,559327,559328,559329,559330,559331,559332,559333,559334,559335,559336,559337,559338,559339
112,11200,'RBJul03-Weekday-01-1',559340,559341,559342,559343,559344,559345,559346,559347,559348,559349,559350,559351,559352,559353,559354,559355,559356,559357,559358,559359,559360,559361,559362,559363,559364,559365,559366,559367,559368,559369,559370,559371,559372,559373,559374
112,11201,'CanDay26-Sunday-12-1',559375,559376,559377,559378,559379,559380,559381,559382,559383,559384,559385,559386,559387,559388,559389,559390,559391,559392,559393,559394,559395,559396,559397,559398,559399,559400,559401,559402,559403,559404,559405
112,11201,'CivHol26-Saturday-07-1',559406,559407,559408,559409,559410,559411,559412,559413,559414,559415,559416,559417,559418,559419,559420,559421,559422,559423,559424,559425,559426,559427,559428,559429,559430,559431,559432,559433,559434,559435,559436,559437,559438,559439,559440
112,11201,'JUNDA26-Weekday-06-1',559441,559442,559443,559444,559445,559446,559447,559448,559449,559450,559451,559452,559453,559454,559455,559456,559457,559458,559459,559460,559461,559462,559463,559464,559465,559466,559467,559468,559469,559470,559471,559472,559473,559474,559475,559476
112,11201,'JUNSA26-Saturday-07-1',559477,559478,559479,559480,559481,559482,559483,559484,559485,559486,559487,559488,559489,559490,559491,559492,559493,559494,559495,559496,559497,559498,559499,559500,559501,559502,559503,559504,559505
112,11201,'JUNSU26-Sunday-05-1',559506,559507,559508,559509,559510,559511,559512,559513,559514,559515,559516,559517,559518,559519,559520,559521,559522,559523,559524,559525,559526,559527,559528,559529,559530,559531,559532
112,11201,'RBJul03-Weekday-01-1',559533,559534,559535,559536,559537,559538,559539,559540,559541,559542,559543,559544,559545,559546,559547,559548,559549,559550,559551,559552,559553,559554,559555,559556,559557,559558,559559,559560,559561,559562,559563,559564,559565,559566,559567,559568
116,11600,'CanDay26-Sunday-12-1',559569,559570,559571,559572,559573,559574,559575,559576,559577,559578,559579,559580,559581,559582,559583,559584,559585,559586,559587,559588,559589,559590
116,11600,'CivHol26-Saturday-07-1',559591,559592,559593,559594,559595,559596,559597,559598,559599,559600,559601,559602,559603,559604,559605,559606,559607,559608,559609,559610,559611,559612,559613,559614
116,11600,'JUNDA26-Weekday-06-1',559615,559616,559617,559618,559619,559620,559621,559622,559623,559624,559625,559626,559627,559628,559629,559630,559631,559632,559633,559634
116,11600,'JUNSA26-Saturday-07-1',559635,559636,559637,559638,559639,559640,559641,559642,559643,559644,559645,559646,559647,559648,559649,559650,559651,559652,559653,559654,559655,559656
116,11600,'JUNSU26-Sunday-05-1',559657,559658,559659,559660,559661,559662,559663,559664,559665,559666,559667,559668,559669,559670,559671,559672,559673,559674
116,11600,'RBJul03-Weekday-01-1',559675,559676,559677,559678,559679,559680,559681,559682,559683,559684,559685,559686,559687,559688,559689,559690,559691,559692,559693,559694
116,11601,'CanDay26-Sunday-12-1',559695,559696,559697,559698,559699,559700,559701,559702,559703,559704,559705,559706,559707,559708,559709,559710,559711,559712,559713,559714,559715,559716,559717
116,11601,'CivHol26-Saturday-07-1',559718,559719,559720,559721,559722,559723,559724,559725,559726,559727,559728,559729,559730,559731,559732,559733,559734,559735,559736,559737,559738,559739
116,11601,'JUNDA26-Weekday-06-1',559740,559741,559742,559743,559744,559745,559746,559747,559748,559749,559750,559751,559752,559753,559754,559755,559756,559757,559758,559759
116,11601,'JUNSA26-Saturday-07-1',559760,559761,559762,559763,559764,559765,559766,559767,559768,559769,559770,559771,559772,559773,559774,559775,559776,559777,559778,559779
116,11601,'JUNSU26-Sunday-05-1',559780,559781,559782,559783,559784,559785,559786,559787,559788,559789,559790,559791,559792,559793,559794,559795,559796,559797,559798,559799,559800
116,11601,'RBJul03-Weekday-01-1',559801,559802,559803,559804,559805,559806,559807,559808,559809,559810,559811,559812,559813,559814,559815,559816,559817,559818,559819,559820
117,11700,'JUNDA26-Weekday-06-1',559821,559822,559823,559824
117,11700,'RBJul03-Weekday-01-1',559825,559826,559827,559828
117,11701,'JUNDA26-Weekday-06-1',559829,559830,559831,559832,559833
117,11701,'RBJul03-Weekday-01-1',559834,559835,559836,559837,559838
125,12500,'CanDay26-Sunday-12-1',559839,559840,559841,559842,559843,559844,559845,559846,559847,559848,559849,559850,559851,559852,559853,559854,559855,559856
125,12500,'CivHol26-Saturday-07-1',559857,559858,559859,559860,559861,559862,559863,559864,559865,559866,559867,559868,559869,559870,559871,559872,559873,559874
125,12500,'JUNSA26-Saturday-07-1',559875,559876,559877,559878,559879,559880,559881,559882,559883,559884,559885,559886,559887,559888,559889,559890,559891,559892
125,12500,'JUNSU26-Sunday-05-1',559893,559894,559895,559896,559897,559898,559899,559900,559901,559902,559903,559904,559905,559906,559907
125,12501,'CanDay26-Sunday-12-1',559908,559909,559910,559911,559912,559913,559914,559915,559916,559917,559918,559919,559920,559921,559922,559923,559924,559925
125,12501,'CivHol26-Saturday-07-1',559926,559927,559928,559929,559930,559931,559932,559933,559934,559935,559936,559937,559938,559939,559940,559941,559942,559943
125,12501,'JUNSA26-Saturday-07-1',559944,559945,559946,559947,559948,559949,559950,559951,559952,559953,559954,559955,559956,559957,559958,559959,559960,559961
125,12501,'JUNSU26-Sunday-05-1',559962,559963,559964,559965,559966,559967,559968,559969,559970,559971,559972,559973,559974,559975,559976
138,13800,'CanDay26-Sunday-12-1',559977,559978,559979,559980,559981,559982,559983,559984,559985,559986,559987,559988
138,13800,'CivHol26-Saturday-07-1',559989,559990,559991,559992,559993,559994,559995,559996,559997,559998,559999,560000,560001,560002,560003,560004
138,13800,'JUNDA26-Weekday-06-1',560005,560006,560007,560008,560009,560010,560011,560012,560013,560014,560015,560016,560017,560018,560019,560020,560021,560022,560023,560024,560025,560026,560027,560028
138,13800,'JUNSA26-Saturday-07-1',560029,560030,560031,560032,560033,560034,560035,560036,560037,560038,560039,560040,560041,560042,560043,560044
138,13800,'JUNSU26-Sunday-05-1',560045,560046,560047,560048,560049,560050,560051,560052,560053,560054,560055,560056
138,13800,'RBJul03-Weekday-01-1',560057,560058,560059,560060,560061,560062,560063,560064,560065,560066,560067,560068,560069,560070,560071,560072,560073,560074,560075,560076,560077,560078,560079,560080
138,13801,'CanDay26-Sunday-12-1',560081,560082,560083,560084,560085,560086,560087,560088,560089,560090,560091,560092,560093
138,13801,'CivHol26-Saturday-07-1',560094,560095,560096,560097,560098,560099,560100,560101,560102,560103,560104,560105,560106,560107,560108,560109
138,13801,'JUNDA26-Weekday-06-1',560110,560111,560112,560113,560114,560115,560116,560117,560118,560119,560120,560121,560122,560123,560124,560125,560126,560127,560128,560129,560130,560131,560132,560133
138,13801,'JUNSA26-Saturday-07-1',560134,560135,560136,560137,560138,560139,560140,560141,560142,560143,560144,560145,560146,560147,560148,560149
138,13801,'JUNSU26-Sunday-05-1',560150,560151,560152,560153,560154,560155,560156,560157,560158,560159,560160,560161,560162
138,13801,'RBJul03-Weekday-01-1',560163,560164,560165,560166,560167,560168,560169,560170,560171,560172,560173,560174,560175,560176,560177,560178,560179,560180,560181,560182,560183,560184,560185,560186
139,13900,'CanDay26-Sunday-12-1',560187,560188,560189,560190,560191,560192,560193,560194,560195,560196,560197,560198,560199,560200,560201,560202,560203,560204,560205,560206
139,13900,'CivHol26-Saturday-07-1',560207,560208,560209,560210,560211,560212,560213,560214,560215,560216,560217,560218,560219,560220,560221,560222,560223,560224,560225,560226
139,13900,'JUNSA26-Saturday-07-1',560227,560228,560229,560230,560231,560232,560233,560234,560235,560236,560237,560238,560239,560240,560241,560242,560243,560244,560245
139,13900,'JUNSU26-Sunday-05-1',560246,560247,560248,560249,560250,560251,560252,560253,560254,560255,560256,560257,560258,560259,560260,560261,560262,560263,560264,560265
139,13901,'CanDay26-Sunday-12-1',560266,560267,560268,560269,560270,560271,560272,560273,560274,560275,560276,560277,560278,560279,560280,560281,560282,560283,560284,560285
139,13901,'CivHol26-Saturday-07-1',560286,560287,560288,560289,560290,560291,560292,560293,560294,560295,560296,560297,560298,560299,560300,560301,560302,560303,560304,560305
139,13901,'JUNSA26-Saturday-07-1',560306,560307,560308,560309,560310,560311,560312,560313,560314,560315,560316,560317,560318,560319,560320,560321,560322,560323,560324
139,13901,'JUNSU26-Sunday-05-1',560325,560326,560327,560328,560329,560330,560331,560332,560333,560334,560335,560336,560337,560338,560339,560340,560341,560342,560343,560344
153,15300,'CanDay26-Sunday-12-1',560345,560346,560347,560348
153,15300,'CivHol26-Saturday-07-1',560349,560350,560351,560352
153,15300,'JUNDA26-Weekday-06-1',560353,560354,560355,560356,560357,560358,560359,560360,560361
153,15300,'JUNSA26-Saturday-07-1',560362,560363,560364,560365
153,15300,'JUNSU26-Sunday-05-1',560366,560367,560368,560369
153,15300,'RBJul03-Weekday-01-1',560370,560371,560372,560373,560374,560375,560376,560377,560378
153,15301,'CanDay26-Sunday-12-1',560379,560380,560381,560382
153,15301,'CivHol26-Saturday-07-1',560383,560384,560385,560386
153,15301,'JUNDA26-Weekday-06-1',560387,560388,560389,560390,560391,560392,560393,560394
153,15301,'JUNSA26-Saturday-07-1',560395,560396,560397,560398
153,15301,'JUNSU26-Sunday-05-1',560399,560400,560401,560402
153,15301,'RBJul03-Weekday-01-1',560403,560404,560405,560406,560407,560408,560409,560410
158,15800,'JUNDA26-Weekday-06-1',560411,560412
158,15800,'RBJul03-Weekday-01-1',560413,560414
158,15801,'JUNDA26-Weekday-06-1',560415,560416
158,15801,'RBJul03-Weekday-01-1',560417,560418
161,16100,'CanDay26-Sunday-12-1',560419,560420,560421,560422,560423,560424,560425,560426,560427,560428,560429,560430,560431,560432,560433,560434,560435,560436,560437
161,16100,'CivHol26-Saturday-07-1',560438,560439,560440,560441,560442,560443,560444,560445,560446,560447,560448,560449,560450,560451,560452,560453
161,16100,'JUNDA26-Weekday-06-1',560454,560455,560456,560457,560458,560459,560460,560461,560462,560463,560464,560465,560466,560467,560468,560469,560470,560471,560472,560473,560474,560475,560476,560477,560478,560479,560480,560481,560482,560483,560484,560485,560486,560487
161,16100,'JUNSA26-Saturday-07-1',560488,560489,560490,560491,560492,560493,560494,560495,560496,560497,560498,560499,560500,560501,560502,560503
161,16100,'JUNSU26-Sunday-05-1',560504,560505,560506,560507,560508,560509,560510,560511,560512,560513,560514,560515,560516,560517,560518,560519
161,16100,'RBJul03-Weekday-01-1',560520,560521,560522,560523,560524,560525,560526,560527,560528,560529,560530,560531,560532,560533,560534,560535,560536,560537,560538,560539,560540,560541,560542,560543,560544,560545,560546,560547,560548,560549,560550,560551,560552,560553
161,16101,'CanDay26-Sunday-12-1',560554,560555,560556,560557,560558,560559,560560,560561,560562,560563,560564,560565,560566,560567,560568,560569,560570,560571,560572
161,16101,'CivHol26-Saturday-07-1',560573,560574,560575,560576,560577,560578,560579,560580,560581,560582,560583,560584,560585,560586,560587,560588,560589
161,16101,'JUNDA26-Weekday-06-1',560590,560591,560592,560593,560594,560595,560596,560597,560598,560599,560600,560601,560602,560603,560604,560605,560606,560607,560608,560609,560610,560611,560612,560613,560614,560615,560616,560617,560618,560619,560620,560621,560622,560623,560624
161,16101,'JUNSA26-Saturday-07-1',560625,560626,560627,560628,560629,560630,560631,560632,560633,560634,560635,560636,560637,560638,560639,560640,560641
161,16101,'JUNSU26-Sunday-05-1',560642,560643,560644,560645,560646,560647,560648,560649,560650,560651,560652,560653,560654,560655,560656,560657,560658
161,16101,'RBJul03-Weekday-01-1',560659,560660,560661,560662,560663,560664,560665,560666,560667,560668,560669,560670,560671,560672,560673,560674,560675,560676,560677,560678,560679,560680,560681,560682,560683,560684,560685,560686,560687,560688,560689,560690,560691,560692,560693
162,16200,'CanDay26-Sunday-12-1',560694,560695,560696,560697,560698,560699,560700,560701,560702,560703,560704,560705,560706,560707,560708,560709
162,16200,'CivHol26-Saturday-07-1',560710,560711,560712,560713,560714,560715,560716,560717,560718,560719,560720,560721,560722,560723,560724,560725,560726
162,16200,'JUNDA26-Weekday-06-1',560727,560728,560729,560730,560731,560732,560733,560734,560735,560736,560737,560738,560739,560740,560741,560742,560743,560744,560745,560746,560747,560748
162,16200,'JUNSA26-Saturday-07-1',560749,560750,560751,560752,560753,560754,560755,560756,560757,560758,560759,560760,560761,560762,560763,560764,560765
162,16200,'JUNSU26-Sunday-05-1',560766,560767,560768,560769,560770,560771,560772,560773,560774,560775,560776,560777,560778,560779,560780,560781
162,16200,'RBJul03-Weekday-01-1',560782,560783,560784,560785,560786,560787,560788,560789,560790,560791,560792,560793,560794,560795,560796,560797,560798,560799,560800,560801,560802,560803
162,16201,'CanDay26-Sunday-12-1',560804,560805,560806,560807,560808,560809,560810,560811,560812,560813,560814,560815,560816,560817,560818,560819
162,16201,'CivHol26-Saturday-07-1',560820,560821,560822,560823,560824,560825,560826,560827,560828,560829,560830,560831,560832,560833,560834,560835,560836
162,16201,'JUNDA26-Weekday-06-1',560837,560838,560839,560840,560841,560842,560843,560844,560845,560846,560847,560848,560849,560850,560851,560852,560853,560854,560855,560856,560857,560858
162,16201,'JUNSA26-Saturday-07-1',560859,560860,560861,560862,560863,560864,560865,560866,560867,560868,560869,560870,560871,560872,560873,560874,560875
162,16201,'JUNSU26-Sunday-05-1',560876,560877,560878,560879,560880,560881,560882,560883,560884,560885,560886,560887,560888,560889,560890,560891
162,16201,'RBJul03-Weekday-01-1',560892,560893,560894,560895,560896,560897,560898,560899,560900,560901,560902,560903,560904,560905,560906,560907,560908,560909,560910,560911,560912,560913
163,16300,'CanDay26-Sunday-12-1',560914,560915,560916,560917,560918,560919,560920,560921,560922,560923,560924,560925,560926,560927,560928,560929,560930,560931,560932,560933,560934,560935
163,16300,'CivHol26-Saturday-07-1',560936,560937,560938,560939,560940,560941,560942,560943,560944,560945,560946,560947,560948,560949,560950,560951,560952,560953,560954,560955,560956,560957,560958,560959,560960,560961
163,16300,'JUNDA26-Weekday-06-1',560962,560963,560964,560965,560966,560967,560968,560969,560970,560971,560972,560973,560974,560975,560976,560977,560978,560979,560980,560981,560982,560983,560984,560985,560986,560987,560988,560989,560990,560991,560992,560993
163,16300,'JUNSA26-Saturday-07-1',560994,560995,560996,560997,560998,560999,561000,561001,561002,561003,561004,561005,561006,561007,561008,561009,561010,561011,561012,561013,561014,561015,561016,561017
163,16300,'JUNSU26-Sunday-05-1',561018,561019,561020,561021,561022,561023,561024,561025,561026,561027,561028,561029,561030,561031,561032,561033,561034,561035
163,16300,'RBJul03-Weekday-01-1',561036,561037,561038,561039,561040,561041,561042,561043,561044,561045,561046,561047,561048,561049,561050,561051,561052,561053,561054,561055,561056,561057,561058,561059,561060,561061,561062,561063,561064,561065,561066,561067
163,16301,'CanDay26-Sunday-12-1',561068,561069,561070,561071,561072,561073,561074,561075,561076,561077,561078,561079,561080,561081,561082,561083,561084,561085,561086,561087,561088
163,16301,'CivHol26-Saturday-07-1',561089,561090,561091,561092,561093,561094,561095,561096,561097,561098,561099,561100,561101,561102,561103,561104,561105,561106,561107,561108,561109,561110,561111,561112,561113
163,16301,'JUNDA26-Weekday-06-1',561114,561115,561116,561117,561118,561119,561120,561121,561122,561123,561124,561125,561126,561127,561128,561129,561130,561131,561132,561133,561134,561135,561136,561137,561138,561139,561140,561141,561142,561143,561144
163,16301,'JUNSA26-Saturday-07-1',561145,561146,561147,561148,561149,561150,561151,561152,561153,561154,561155,561156,561157,561158,561159,561160,561161,561162,561163,561164,561165,561166,561167
163,16301,'JUNSU26-Sunday-05-1',561168,561169,561170,561171,561172,561173,561174,561175,561176,561177,561178,561179,561180,561181,561182,561183,561184
163,16301,'RBJul03-Weekday-01-1',561185,561186,561187,561188,561189,561190,561191,561192,561193,561194,561195,561196,561197,561198,561199,561200,561201,561202,561203,561204,561205,561206,561207,561208,561209,561210,561211,561212,561213,561214,561215
165,16500,'CanDay26-Sunday-12-1',561216,561217,561218,561219,561220,561221,561222,561223,561224,561225,561226
165,16500,'CivHol26-Saturday-07-1',561227,561228,561229,561230,561231,561232,561233,561234,561235,561236,561237,561238,561239,561240,561241,561242
165,16500,'JUNDA26-Weekday-06-1',561243,561244,561245,561246,561247,561248,561249,561250,561251,561252,561253,561254,561255,561256,561257,561258,561259,561260,561261,561262,561263,561264,561265,561266
165,16500,'JUNSA26-Saturday-07-1',561267,561268,561269,561270,561271,561272,561273,561274,561275,561276,561277,561278,561279,561280,561281,561282
165,16500,'JUNSU26-Sunday-05-1',561283,561284,561285,561286,561287,561288,561289,561290,561291,561292,561293
165,16500,'RBJul03-Weekday-01-1',561294,561295,561296,561297,561298,561299,561300,561301,561302,561303,561304,561305,561306,561307,561308,561309,561310,561311,561312,561313,561314,561315,561316,561317
165,16501,'CanDay26-Sunday-12-1',561318,561319,561320,561321,561322,561323,561324,561325,561326,561327,561328,561329
165,16501,'CivHol26-Saturday-07-1',561330,561331,561332,561333,561334,561335,561336,561337,561338,561339,561340,561341,561342,561343,561344,561345
165,16501,'JUNDA26-Weekday-06-1',561346,561347,561348,561349,561350,561351,561352,561353,561354,561355,561356,561357,561358,561359,561360,561361,561362,561363,561364,561365,561366,561367,561368,561369,561370
165,16501,'JUNSA26-Saturday-07-1',561371,561372,561373,561374,561375,561376,561377,561378,561379,561380,561381,561382,561383,561384,561385,561386
165,16501,'JUNSU26-Sunday-05-1',561387,561388,561389,561390,561391,561392,561393,561394,561395,561396,561397,561398
165,16501,'RBJul03-Weekday-01-1',561399,561400,561401,561402,561403,561404,561405,561406,561407,561408,561409,561410,561411,561412,561413,561414,561415,561416,561417,561418,561419,561420,561421,561422,561423
168,16800,'CanDay26-Sunday-12-1',561424,561425,561426,561427,561428,561429,561430,561431,561432,561433,561434,561435,561436,561437,561438,561439,561440,561441,561442,561443,561444,561445,561446,561447,561448,561449,561450,561451,561452
168,16800,'CivHol26-Saturday-07-1',561453,561454,561455,561456,561457,561458,561459,561460,561461,561462,561463,561464,561465,561466,561467,561468,561469,561470,561471,561472,561473,561474,561475,561476,561477,561478,561479,561480,561481,561482,561483,561484
168,16800,'JUNDA26-Weekday-06-1',561485,561486,561487,561488,561489,561490,561491,561492,561493,561494,561495,561496,561497,561498,561499,561500,561501,561502,561503,561504,561505,561506,561507,561508,561509,561510,561511,561512,561513,561514,561515,561516,561517,561518,561519
168,16800,'JUNSA26-Saturday-07-1',561520,561521,561522,561523,561524,561525,561526,561527,561528,561529,561530,561531,561532,561533,561534,561535,561536,561537,561538,561539,561540,561541,561542,561543,561544,561545,561546,561547
168,16800,'JUNSU26-Sunday-05-1',561548,561549,561550,561551,561552,561553,561554,561555,561556,561557,561558,561559,561560,561561,561562,561563,561564,561565,561566,561567,561568,561569,561570,561571,561572
168,16800,'RBJul03-Weekday-01-1',561573,561574,561575,561576,561577,561578,561579,561580,561581,561582,561583,561584,561585,561586,561587,561588,561589,561590,561591,561592,561593,561594,561595,561596,561597,561598,561599,561600,561601,561602,561603,561604,561605,561606,561607
168,16801,'CanDay26-Sunday-12-1',561608,561609,561610,561611,561612,561613,561614,561615,561616,561617,561618,561619,561620,561621,561622,561623,561624,561625,561626,561627,561628,561629,561630,561631,561632,561633,561634,561635,561636,561637,561638
168,16801,'CivHol26-Saturday-07-1',561639,561640,561641,561642,561643,561644,561645,561646,561647,561648,561649,561650,561651,561652,561653,561654,561655,561656,561657,561658,561659,561660,561661,561662,561663,561664,561665,561666,561667,561668,561669,561670
168,16801,'JUNDA26-Weekday-06-1',561671,561672,561673,561674,561675,561676,561677,561678,561679,561680,561681,561682,561683,561684,561685,561686,561687,561688,561689,561690,561691,561692,561693,561694,561695,561696,561697,561698,561699,561700,561701,561702,561703,561704,561705,561706
168,16801,'JUNSA26-Saturday-07-1',561707,561708,561709,561710,561711,561712,561713,561714,561715,561716,561717,561718,561719,561720,561721,561722,561723,561724,561725,561726,561727,561728,561729,561730,561731,561732,561733,561734
168,16801,'JUNSU26-Sunday-05-1',561735,561736,561737,561738,561739,561740,561741,561742,561743,561744,561745,561746,561747,561748,561749,561750,561751,561752,561753,561754,561755,561756,561757,561758,561759,561760
168,16801,'RBJul03-Weekday-01-1',561761,561762,561763,561764,561765,561766,561767,561768,561769,561770,561771,561772,561773,561774,561775,561776,561777,561778,561779,561780,561781,561782,561783,561784,561785,561786,561787,561788,561789,561790,561791,561792,561793,561794,561795,561796
173,17300,'CanDay26-Sunday-12-1',561797,561798,561799,561800,561801,561802,561803,561804,561805,561806,561807,561808,561809,561810,561811,561812,561813,561814,561815,561816,561817,561818,561819,561820,561821,561822,561823,561824,561825
173,17300,'CivHol26-Saturday-07-1',561826,561827,561828,561829,561830,561831,561832,561833,561834,561835,561836,561837,561838,561839,561840,561841,561842,561843,561844,561845,561846,561847,561848,561849,561850,561851,561852,561853,561854,561855,561856,561857
173,17300,'JUNDA26-Weekday-06-1',561858,561859,561860,561861,561862,561863,561864,561865,561866,561867,561868,561869,561870,561871,561872,561873,561874,561875,561876,561877,561878,561879,561880,561881,561882,561883,561884,561885,561886,561887,561888,561889,561890
173,17300,'JUNSA26-Saturday-07-1',561891,561892,561893,561894,561895,561896,561897,561898,561899,561900,561901,561902,561903,561904,561905,561906,561907,561908,561909,561910,561911,561912,561913,561914,561915,561916,561917,561918,561919,561920,561921
173,17300,'JUNSU26-Sunday-05-1',561922,561923,561924,561925,561926,561927,561928,561929,561930,561931,561932,561933,561934,561935,561936,561937,561938,561939,561940,561941,561942,561943,561944,561945,561946,561947,561948,561949
173,17300,'RBJul03-Weekday-01-1',561950,561951,561952,561953,561954,561955,561956,561957,561958,561959,561960,561961,561962,561963,561964,561965,561966,561967,561968,561969,561970,561971,561972,561973,561974,561975,561976,561977,561978,561979,561980,561981,561982
173,17301,'CanDay26-Sunday-12-1',561983,561984,561985,561986,561987,561988,561989,561990,561991,561992,561993,561994,561995,561996,561997,561998,561999,562000,562001,562002,562003,562004,562005,562006,562007,562008,562009,562010,562011,562012
173,17301,'CivHol26-Saturday-07-1',562013,562014,562015,562016,562017,562018,562019,562020,562021,562022,562023,562024,562025,562026,562027,562028,562029,562030,562031,562032,562033,562034,562035,562036,562037,562038,562039,562040,562041,562042,562043,562044,562045
173,17301,'JUNDA26-Weekday-06-1',562046,562047,562048,562049,562050,562051,562052,562053,562054,562055,562056,562057,562058,562059,562060,562061,562062,562063,562064,562065,562066,562067,562068,562069,562070,562071,562072,562073,562074,562075,562076,562077,562078,562079
173,17301,'JUNSA26-Saturday-07-1',562080,562081,562082,562083,562084,562085,562086,562087,562088,562089,562090,562091,562092,562093,562094,562095,562096,562097,562098,562099,562100,562101,562102,562103,562104,562105,562106,562107,562108,562109,562110,562111
173,17301,'JUNSU26-Sunday-05-1',562112,562113,562114,562115,562116,562117,562118,562119,562120,562121,562122,562123,562124,562125,562126,562127,562128,562129,562130,562131,562132,562133,562134,562135,562136,562137,562138,562139
173,17301,'RBJul03-Weekday-01-1',562140,562141,562142,562143,562144,562145,562146,562147,562148,562149,562150,562151,562152,562153,562154,562155,562156,562157,562158,562159,562160,562161,562162,562163,562164,562165,562166,562167,562168,562169,562170,562171,562172,562173
187,18700,'JUNDA26-Weekday-06-1',562174,562175,562176,562177
187,18700,'RBJul03-Weekday-01-1',562178,562179,562180,562181
187,18701,'JUNDA26-Weekday-06-1',562182,562183,562184,562185,562186
187,18701,'RBJul03-Weekday-01-1',562187,562188,562189,562190,562191
189,18900,'CanDay26-Sunday-12-1',562192,562193,562194,562195,562196,562197,562198,562199,562200,562201,562202,562203,562204,562205
189,18900,'CivHol26-Saturday-07-1',562206,562207,562208,562209,562210,562211,562212,562213,562214,562215,562216,562217,562218
189,18900,'JUNDA26-Weekday-06-1',562219,562220,562221,562222,562223,562224,562225,562226,562227,562228,562229,562230,562231,562232,562233,562234,562235,562236,562237,562238,562239,562240,562241,562242,562243,562244,562245,562246,562247,562248,562249,562250,562251,562252,562253,562254,562255
189,18900,'JUNSA26-Saturday-07-1',562256,562257,562258,562259,562260,562261,562262,562263,562264,562265,562266,562267,562268
189,18900,'JUNSU26-Sunday-05-1',562269,562270,562271,562272,562273,562274,562275,562276,562277,562278,562279,562280,562281,562282
189,18900,'RBJul03-Weekday-01-1',562283,562284,562285,562286,562287,562288,562289,562290,562291,562292,562293,562294,562295,562296,562297,562298,562299,562300,562301,562302,562303,562304,562305,562306,562307,562308,562309,562310,562311,562312,562313,562314,562315,562316,562317,562318,562319
189,18901,'CanDay26-Sunday-12-1',562320,562321,562322,562323,562324,562325,562326,562327,562328,562329,562330,562331,562332,562333
189,18901,'CivHol26-Saturday-07-1',562334,562335,562336,562337,562338,562339,562340,562341,562342,562343,562344,562345,562346
189,18901,'JUNDA26-Weekday-06-1',562347,562348,562349,562350,562351,562352,562353,562354,562355,562356,562357,562358,562359,562360,562361,562362,562363,562364,562365,562366,562367,562368,562369,562370,562371,562372,562373,562374,562375,562376,562377,562378,562379,562380,562381,562382,562383,562384,562385
189,18901,'JUNSA26-Saturday-07-1',562386,562387,562388,562389,562390,562391,562392,562393,562394,562395,562396,562397,562398
189,18901,'JUNSU26-Sunday-05-1',562399,562400,562401,562402,562403,562404,562405,562406,562407,562408,562409,562410,562411,562412
189,18901,'RBJul03-Weekday-01-1',562413,562414,562415,562416,562417,562418,562419,562420,562421,562422,562423,562424,562425,562426,562427,562428,562429,562430,562431,562432,562433,562434,562435,562436,562437,562438,562439,562440,562441,562442,562443,562444,562445,562446,562447,562448,562449,562450,562451
197,19700,'CanDay26-Sunday-12-1',562452,562453,562454,562455,562456,562457,562458,562459,562460,562461,562462,562463,562464,562465,562466,562467,562468
197,19700,'CivHol26-Saturday-07-1',562469,562470,562471,562472,562473,562474,562475,562476,562477,562478,562479
197,19700,'JUNDA26-Weekday-06-1',562480,562481,562482,562483,562484,562485,562486,562487,562488,562489,562490,562491,562492,562493,562494,562495,562496,562497,562498,562499,562500,562501
197,19700,'JUNSA26-Saturday-07-1',562502,562503,562504,562505,562506,562507,562508,562509,562510,562511,562512
197,19700,'JUNSU26-Sunday-05-1',562513,562514,562515,562516,562517,562518,562519,562520,562521,562522,562523
197,19700,'RBJul03-Weekday-01-1',562524,562525,562526,562527,562528,562529,562530,562531,562532,562533,562534,562535,562536,562537,562538,562539,562540,562541,562542,562543,562544,562545
198,19800,'JUNDA26-Weekday-06-1',562546,562547,562548,562549,562550
198,19800,'RBJul03-Weekday-01-1',562551,562552,562553,562554,562555
198,19801,'JUNDA26-Weekday-06-1',562556,562557,562558,562559,562560,562561
198,19801,'RBJul03-Weekday-01-1',562562,562563,562564,562565,562566,562567
221,22100,'JUNDA26-Weekday-06-1',562568,562569,562570,562571
221,22100,'RBJul03-Weekday-01-1',562572,562573,562574,562575
221,22101,'JUNDA26-Weekday-06-1',562576,562577,562578
221,22101,'RBJul03-Weekday-01-1',562579,562580,562581
222,22200,'JUNDA26-Weekday-06-1',562582,562583,562584
222,22200,'RBJul03-Weekday-01-1',562585,562586,562587
222,22201,'JUNDA26-Weekday-06-1',562588,562589,562590
222,22201,'RBJul03-Weekday-01-1',562591,562592,562593
226,22600,'JUNDA26-Weekday-06-1',562594,562595,562596,562597,562598,562599,562600
226,22600,'RBJul03-Weekday-01-1',562601,562602,562603,562604,562605,562606,562607
226,22601,'JUNDA26-Weekday-06-1',562608,562609,562610,562611,562612,562613,562614
226,22601,'RBJul03-Weekday-01-1',562615,562616,562617,562618,562619,562620,562621
228,22800,'JUNDA26-Weekday-06-1',562622,562623,562624
228,22800,'RBJul03-Weekday-01-1',562625,562626,562627
228,22801,'JUNDA26-Weekday-06-1',562628,562629,562630
228,22801,'RBJul03-Weekday-01-1',562631,562632,562633
234,23400,'JUNDA26-Weekday-06-1',562634,562635,562636,562637,562638,562639
234,23400,'RBJul03-Weekday-01-1',562640,562641,562642,562643,562644,562645
234,23401,'JUNDA26-Weekday-06-1',562646,562647,562648,562649,562650,562651,562652
234,23401,'RBJul03-Weekday-01-1',562653,562654,562655,562656,562657,562658,562659
237,23700,'JUNDA26-Weekday-06-1',562660,562661,562662,562663
237,23700,'RBJul03-Weekday-01-1',562664,562665,562666,562667
237,23701,'JUNDA26-Weekday-06-1',562668,562669,562670,562671
237,23701,'RBJul03-Weekday-01-1',562672,562673,562674,562675
256,25600,'JUNDA26-Weekday-06-1',562676,562677,562678,562679,562680,562681,562682
256,25600,'RBJul03-Weekday-01-1',562683,562684,562685,562686,562687,562688,562689
256,25601,'JUNDA26-Weekday-06-1',562690,562691,562692,562693,562694,562695,562696,562697
256,25601,'RBJul03-Weekday-01-1',562698,562699,562700,562701,562702,562703,562704,562705
261,26100,'JUNDA26-Weekday-06-1',562706,562707,562708,562709
261,26100,'RBJul03-Weekday-01-1',562710,562711,562712,562713
261,26101,'JUNDA26-Weekday-06-1',562714,562715,562716,562717
261,26101,'RBJul03-Weekday-01-1',562718,562719,562720,562721
262,26200,'JUNDA26-Weekday-06-1',562722,562723,562724,562725
262,26200,'RBJul03-Weekday-01-1',562726,562727,562728,562729
262,26201,'JUNDA26-Weekday-06-1',562730,562731,562732,562733,562734
262,26201,'RBJul03-Weekday-01-1',562735,562736,562737,562738,562739
263,26300,'JUNDA26-Weekday-06-1',562740,562741,562742
263,26300,'RBJul03-Weekday-01-1',562743,562744,562745
263,26301,'JUNDA26-Weekday-06-1',562746,562747,562748,562749
263,26301,'RBJul03-Weekday-01-1',562750,562751,562752,562753
265,26500,'JUNDA26-Weekday-06-1',562754,562755,562756,562757,562758,562759,562760
265,26500,'RBJul03-Weekday-01-1',562761,562762,562763,562764,562765,562766,562767
265,26501,'JUNDA26-Weekday-06-1',562768,562769,562770,562771,562772,562773
265,26501,'RBJul03-Weekday-01-1',562774,562775,562776,562777,562778,562779
266,26600,'JUNDA26-Weekday-06-1',562780,562781,562782,562783
266,26600,'RBJul03-Weekday-01-1',562784,562785,562786,562787
266,26601,'JUNDA26-Weekday-06-1',562788,562789,562790,562791
266,26601,'RBJul03-Weekday-01-1',562792,562793,562794,562795
275,27500,'JUNDA26-Weekday-06-1',562796,562797,562798,562799,562800,562801
275,27500,'RBJul03-Weekday-01-1',562802,562803,562804,562805,562806,562807
275,27501,'JUNDA26-Weekday-06-1',562808,562809,562810,562811,562812,562813,562814
275,27501,'RBJul03-Weekday-01-1',562815,562816,562817,562818,562819,562820,562821
277,27700,'JUNDA26-Weekday-06-1',562822,562823,562824,562825,562826,562827
277,27700,'RBJul03-Weekday-01-1',562828,562829,562830,562831,562832,562833
277,27701,'JUNDA26-Weekday-06-1',562834,562835,562836,562837,562838,562839
277,27701,'RBJul03-Weekday-01-1',562840,562841,562842,562843,562844,562845
279,27900,'JUNDA26-Weekday-06-1',562846,562847,562848
279,27900,'RBJul03-Weekday-01-1',562849,562850,562851
279,27901,'JUNDA26-Weekday-06-1',562852,562853,562854,562855
279,27901,'RBJul03-Weekday-01-1',562856,562857,562858,562859
283,28300,'JUNDA26-Weekday-06-1',562860,562861,562862
283,28300,'RBJul03-Weekday-01-1',562863,562864,562865
283,28301,'JUNDA26-Weekday-06-1',562866,562867,562868,562869
283,28301,'RBJul03-Weekday-01-1',562870,562871,562872,562873
294,29400,'JUNDA26-Weekday-06-1',562874,562875,562876,562877,562878
294,29400,'RBJul03-Weekday-01-1',562879,562880,562881,562882,562883
294,29401,'JUNDA26-Weekday-06-1',562884,562885,562886,562887
294,29401,'RBJul03-Weekday-01-1',562888,562889,562890,562891
299,29900,'JUNDA26-Weekday-06-1',562892,562893
299,29900,'RBJul03-Weekday-01-1',562894,562895
299,29901,'JUNDA26-Weekday-06-1',562896,562897
299,29901,'RBJul03-Weekday-01-1',562898,562899
301,30100,'301Shop-Weekday-01-1',562900
301,30101,'301Shop-Weekday-01-1',562901
302,30200,'302Shop-Weekday-01-1',562902
302,30201,'302Shop-Weekday-01-1',562903
303,30300,'303Shop-Weekday-01-1',562904
303,30301,'303Shop-Weekday-01-1',562905
304,30400,'304Shop-Weekday-01-1',562906
304,30401,'304Shop-Weekday-01-1',562907
305,30500,'305Shop-Weekday-01-1',562908
305,30501,'305Shop-Weekday-01-1',562909
450,45000,'RBJul03-Weekday-01-1',562910,562911,562912,562913,562914,562915,562916
451,45100,'RBJul03-Weekday-01-1',562917,562918,562919,562920,562921,562922
452,45200,'RBJul03-Weekday-01-1',562923,562924,562925,562926,562927,562928,562929,562930
454,45400,'RBJul03-Weekday-01-1',562931,562932,562933,562934,562935,562936,562937,562938,562939,562940,562941
455,45500,'RBJul03-Weekday-01-1',562942,562943,562944,562945,562946,562947,562948,562949,562950,562951,562952
456,45600,'RBJul03-Weekday-01-1',562953,562954,562955,562956,562957,562958,562959,562960,562961
899,89901,'JUNDA26-Weekday-06-1',562962
899,89901,'RBJul03-Weekday-01-1',562963
5000001,500000100,'JUNDA26-Weekday-06-1',562964,562965,562966,562967,562968,562969,562970,562971,562972,562973,562974,562975,562976,562977,562978,562979
5000001,500000100,'RBJul03-Weekday-01-1',562980,562981,562982,562983,562984,562985,562986,562987,562988,562989,562990,562991,562992,562993,562994,562995
5000001,500000101,'JUNDA26-Weekday-06-1',562996,562997,562998,562999,563000,563001,563002,563003,563004,563005,563006,563007,563008,563009,563010,563011,563012,563013,563014
5000001,500000101,'RBJul03-Weekday-01-1',563015,563016,563017,563018,563019,563020,563021,563022,563023,563024,563025,563026,563027,563028,563029,563030,563031,563032,563033
18000001,1800000100,'R1-Jun28-Sunday-01-1',563034,563035,563036,563037,563038,563039,563040,563041,563042,563043,563044,563045,563046,563047,563048,563049,563050,563051,563052,563053,563054,563055,563056,563057,563058,563059,563060,563061,563062,563063,563064,563065,563066,563067,563068,563069,563070,563071,563072,563073,563074,563075,563076,563077,563078,563079,563080,563081,563082,563083,563084,563085,563086,563087,563088,563089,563090,563091,563092,563093,563094,563095,563096,563097,563098,563099,563100,563101,563102
18000001,1800000101,'R1-Jun28-Sunday-01-1',563103,563104,563105,563106,563107,563108,563109,563110,563111,563112,563113,563114,563115,563116,563117,563118,563119,563120,563121,563122,563123,563124,563125,563126,563127,563128,563129,563130,563131,563132,563133,563134,563135,563136,563137,563138,563139,563140,563141,563142,563143,563144,563145,563146,563147,563148,563149,563150,563151,563152,563153,563154,563155,563156,563157,563158,563159,563160,563161,563162,563163,563164,563165,563166,563167,563168,563169,563170,563171
