700,'1',652,,1107771,65,4,,1,73,,1107774,65,4,,1,17,,979575,65,4,,1,17,,1107784,65,4,,1,61,,1107803,65,4,,1,20,,1101778,65,4,,1,61,,1107796,65,4,,1,21,,1107759,65,4,,1,8,,1107813,65,4,,1,7,,1107776,65,4,,1,7,,1107815,65,4,,1,12,,1107766,65,4,,1,55,,1107763,65,4,,1,9,,1107801,65,4,,1,11,,1100553,65,4,,1,11,,1107782,65,4,,1,13,,1107760,65,4,,1,65,,1107773,65,4,,1,16,,1107793,65,4,,1,15,,1107802,65,4,,1,56,,1107778,65,4,,1,16,,1107785,65,4,,1,16,,1107775,65,4,,1,16,,1107791,65,4,,1,59,,1107777,65,4,,1,14,,1102166,65,4,,1,16,,1107790,65,4,,1,15,,1107762,65,4,,1,55,,1107786,65,4,,1,15,,1107797,65,4,,1,15,,1107798,65,4,,1,15,,1107765,65,4,,1,57,,1107808,65,4,,1,18,,1107783,65,4,,1,18,,1107817,65,4,,1,58,,1099018,65,4,,1,19,,1107800,65,4,,1,20,,1107795,65,4,,1,10,,1107816,65,4,,1,52,,1107812,65,4,,1,14,,1107768,65,4,,1,29,,1107761,65,4,,1,48,,1107794,65,4,,1,27,,1107792,65,4,,1,16,,1107806,65,4,,1,9,,1107787,65,4,,1,54,,1107764,65,4,,1,11,,1107788,65,4,,1,13,,1107814,65,4,,1,16,,1107767,65,4,,1,65,,1107780,65,4,,1,22,,1107810,65,4,,1,66,,1107789,65,4,,1,27,,1107770,65,4,,1,30,,1107805,65,4,,1,68,,1107769,65,4,,1,30,,1107799,65,4,,1,69,,935697,65,4,,1,29,,1107811,65,4,,1,66,,1107809,65,4,,1,26,,1107807,65,4,,1,87,,1107779,65,4,,1
700,'10',652,,1107830,65,4,,1,73,,1107833,65,4,,1,17,,979330,65,4,,1,17,,1107843,65,4,,1,61,,1107862,65,4,,1,20,,1101677,65,4,,1,61,,1107855,65,4,,1,21,,1107818,65,4,,1,8,,1107872,65,4,,1,7,,1107835,65,4,,1,7,,1107874,65,4,,1,12,,1107825,65,4,,1,55,,1107822,65,4,,1,9,,1107860,65,4,,1,11,,1100475,65,4,,1,11,,1107841,65,4,,1,13,,1107819,65,4,,1,65,,1107832,65,4,,1,16,,1107852,65,4,,1,15,,1107861,65,4,,1,56,,1107837,65,4,,1,16,,1107844,65,4,,1,16,,1107834,65,4,,1,16,,1107850,65,4,,1,59,,1107836,65,4,,1,14,,1102151,65,4,,1,16,,1107849,65,4,,1,15,,1107821,65,4,,1,55,,1107845,65,4,,1,15,,1107856,65,4,,1,15,,1107857,65,4,,1,15,,1107824,65,4,,1,57,,1107867,65,4,,1,18,,1107842,65,4,,1,18,,1107876,65,4,,1,58,,1098928,65,4,,1,19,,1107859,65,4,,1,20,,1107854,65,4,,1,10,,1107875,65,4,,1,52,,1107871,65,4,,1,14,,1107827,65,4,,1,29,,1107820,65,4,,1,48,,1107853,65,4,,1,27,,1107851,65,4,,1,16,,1107865,65,4,,1,9,,1107846,65,4,,1,54,,1107823,65,4,,1,11,,1107847,65,4,,1,13,,1107873,65,4,,1,16,,1107826,65,4,,1,65,,1107839,65,4,,1,22,,1107869,65,4,,1,66,,1107848,65,4,,1,27,,1107829,65,4,,1,30,,1107864,65,4,,1,68,,1107828,65,4,,1,30,,1107858,65,4,,1,69,,935417,65,4,,1,29,,1107870,65,4,,1,66,,1107868,65,4,,1,26,,1107866,65,4,,1,87,,1107838,65,4,,1
700,'11',652,,1107889,65,4,,1,73,,1107892,65,4,,1,17,,979536,65,4,,1,17,,1107902,65,4,,1,61,,1107921,65,4,,1,20,,1101809,65,4,,1,61,,1107914,65,4,,1,21,,1107877,65,4,,1,8,,1107931,65,4,,1,7,,1107894,65,4,,1,7,,1107933,65,4,,1,12,,1107884,65,4,,1,55,,1107881,65,4,,1,9,,1107919,65,4,,1,11,,1100574,65,4,,1,11,,1107900,65,4,,1,13,,1107878,65,4,,1,65,,1107891,65,4,,1,16,,1107911,65,4,,1,15,,1107920,65,4,,1,56,,1107896,65,4,,1,16,,1107903,65,4,,1,16,,1107893,65,4,,1,16,,1107909,65,4,,1,59,,1107895,65,4,,1,14,,1102171,65,4,,1,16,,1107908,65,4,,1,15,,1107880,65,4,,1,55,,1107904,65,4,,1,15,,1107915,65,4,,1,15,,1107916,65,4,,1,15,,1107883,65,4,,1,57,,1107926,65,4,,1,18,,1107901,65,4,,1,18,,1107935,65,4,,1,58,,1099048,65,4,,1,19,,1107918,65,4,,1,20,,1107913,65,4,,1,10,,1107934,65,4,,1,52,,1107930,65,4,,1,14,,1107886,65,4,,1,29,,1107879,65,4,,1,48,,1107912,65,4,,1,27,,1107910,65,4,,1,16,,1107924,65,4,,1,9,,1107905,65,4,,1,54,,1107882,65,4,,1,11,,1107906,65,4,,1,13,,1107932,65,4,,1,16,,1107885,65,4,,1,65,,1107898,65,4,,1,22,,1107928,65,4,,1,66,,1107907,65,4,,1,27,,1107888,65,4,,1,30,,1107923,65,4,,1,68,,1107887,65,4,,1,30,,1107917,65,4,,1,69,,935644,65,4,,1,29,,1107929,65,4,,1,66,,1107927,65,4,,1,26,,1107925,65,4,,1,87,,1107897,65,4,,1
700,'12',652,,1107950,65,4,,1,73,,1107946,65,4,,1,17,,1107966,65,4,,1,17,,1107977,65,4,,1,61,,1107958,65,4,,1,20,,1107951,65,4,,1,61,,1107968,65,4,,1,21,,1107965,65,4,,1,8,,1107980,65,4,,1,7,,1107947,65,4,,1,7,,1107939,65,4,,1,12,,1107941,65,4,,1,55,,1107952,65,4,,1,9,,1107955,65,4,,1,11,,1107982,65,4,,1,11,,1107987,65,4,,1,13,,1107981,65,4,,1,65,,1107991,65,4,,1,16,,1107960,65,4,,1,15,,1107996,65,4,,1,56,,1064643,65,4,,1,16,,1107970,65,4,,1,16,,1107974,65,4,,1,16,,1107990,65,4,,1,59,,1107961,65,4,,1,14,,1101585,65,4,,1,16,,1107984,65,4,,1,15,,1107937,65,4,,1,55,,1107963,65,4,,1,15,,1107943,65,4,,1,15,,1107936,65,4,,1,15,,1107948,65,4,,1,57,,1107979,65,4,,1,18,,1107983,65,4,,1,18,,1107992,65,4,,1,58,,1107975,65,4,,1,19,,1043781,65,4,,1,20,,1093292,65,4,,1,10,,1107942,65,4,,1,52,,1107994,65,4,,1,14,,1107959,65,4,,1,29,,1107962,65,4,,1,48,,1107956,65,4,,1,27,,1107973,65,4,,1,16,,1107993,65,4,,1,9,,1107957,65,4,,1,54,,1107986,65,4,,1,11,,1107976,65,4,,1,13,,1107988,65,4,,1,16,,1107949,65,4,,1,65,,1107978,65,4,,1,22,,1107995,65,4,,1,66,,1107967,65,4,,1,27,,1107972,65,4,,1,30,,1107940,65,4,,1,68,,1107938,65,4,,1,30,,1107969,65,4,,1,69,,1107944,65,4,,1,29,,1107954,65,4,,1,66,,1107964,65,4,,1,26,,1107985,65,4,,1,87,,1107945,65,4,,1
700,'13',627,,1108046,65,4,,1,30,,1108023,65,4,,1,70,,1108033,65,4,,1,30,,1100512,65,4,,1,70,,1108049,65,4,,1,73,,1108006,65,4,,1,23,,1108029,65,4,,1,16,,1108045,25,4,,1,15,,1108048,65,4,,1,55,,1108030,25,4,,1,15,,1108038,65,4,,1,17,,1077436,25,4,,1,15,,1108041,65,4,,1,56,,1108008,25,4,,1,15,,1108027,65,4,,1,16,,1108011,25,4,,1,15,,1108010,65,4,,1,55,,1108028,25,4,,1,15,,1108037,65,4,,1,16,,1107999,25,4,,1,15,,1108015,65,4,,1,55,,1108009,25,4,,1,15,,1108022,65,4,,1,15,,1108007,25,4,,1,15,,1108034,65,4,,1,55,,1108005,25,4,,1,15,,1108032,65,4,,1,15,,1108012,25,4,,1,15,,1092728,65,4,,1,55,,1108026,25,4,,1,15,,1088584,65,4,,1,15,,1107997,25,4,,1,15,,1107998,65,4,,1,52,,1108000,25,4,,1,12,,1108042,65,4,,1,12,,1108050,25,4,,1,12,,1108035,65,4,,1,12,,1108003,25,4,,1,52,,985007,65,4,,1,12,,1108025,25,4,,1,12,,1108031,65,4,,1,11,,1108040,25,4,,1,12,,1108053,65,4,,1,54,,1066795,25,4,,1,15,,1108018,65,4,,1,14,,1108004,25,4,,1,15,,1108021,65,4,,1,55,,1108024,25,4,,1,15,,1108002,65,4,,1,15,,1108051,25,4,,1,15,,1108052,65,4,,1,55,,1108001,25,4,,1,15,,1108013,65,4,,1,13,,1108047,25,4,,1,12,,1108043,65,4,,1,56,,1108016,65,4,,1,25,,1108017,65,4,,1,70,,1108019,65,4,,1,30,,1108020,65,4,,1,26,,1108039,65,4,,1,70,,1108036,65,4,,1,30,,1108014,65,4,,1,70,,1108044,65,4,,1
700,'14',652,,1108070,65,4,,1,73,,1108073,65,4,,1,17,,1108113,65,4,,1,17,,1108083,65,4,,1,61,,1108102,65,4,,1,20,,1108059,65,4,,1,61,,1108095,65,4,,1,21,,1108057,65,4,,1,8,,1108112,65,4,,1,7,,1108075,65,4,,1,7,,1108115,65,4,,1,12,,1108065,65,4,,1,55,,1108062,65,4,,1,9,,1108100,65,4,,1,11,,1108116,65,4,,1,11,,1108081,65,4,,1,13,,1108058,65,4,,1,65,,1108072,65,4,,1,16,,1108092,65,4,,1,15,,1108101,65,4,,1,56,,1108077,65,4,,1,16,,1108084,65,4,,1,16,,1108074,65,4,,1,16,,1108090,65,4,,1,59,,1108076,65,4,,1,14,,1108055,65,4,,1,16,,1108089,65,4,,1,15,,1108061,65,4,,1,55,,1108085,65,4,,1,15,,1108096,65,4,,1,15,,1108097,65,4,,1,15,,1108064,65,4,,1,57,,1108107,65,4,,1,18,,1108082,65,4,,1,18,,1108118,65,4,,1,58,,1108056,65,4,,1,19,,1108099,65,4,,1,20,,1108094,65,4,,1,10,,1108117,65,4,,1,52,,1108111,65,4,,1,14,,1108067,65,4,,1,29,,1108060,65,4,,1,48,,1108093,65,4,,1,27,,1108091,65,4,,1,16,,1108105,65,4,,1,9,,1108086,65,4,,1,54,,1108063,65,4,,1,11,,1108087,65,4,,1,13,,1108114,65,4,,1,16,,1108066,65,4,,1,65,,1108079,65,4,,1,22,,1108109,65,4,,1,66,,1108088,65,4,,1,27,,1108069,65,4,,1,30,,1108104,65,4,,1,68,,1108068,65,4,,1,30,,1108098,65,4,,1,69,,1108054,65,4,,1,29,,1108110,65,4,,1,66,,1108108,65,4,,1,26,,1108106,65,4,,1,87,,1108078,65,4,,1
700,'15',652,,1108125,65,4,,1,73,,1108152,65,4,,1,17,,1108161,65,4,,1,17,,1108150,65,4,,1,61,,1108133,65,4,,1,20,,1108165,65,4,,1,61,,1108139,65,4,,1,21,,1108124,65,4,,1,8,,1108120,65,4,,1,7,,1108155,65,4,,1,7,,1108166,65,4,,1,12,,1108175,65,4,,1,55,,1108163,65,4,,1,9,,1108178,65,4,,1,11,,1108179,65,4,,1,11,,1108137,65,4,,1,13,,1108169,65,4,,1,65,,1108121,65,4,,1,16,,1108132,65,4,,1,15,,1108157,65,4,,1,56,,1108176,65,4,,1,16,,1108172,65,4,,1,16,,1108136,65,4,,1,16,,1108148,65,4,,1,59,,1108158,65,4,,1,14,,1108156,65,4,,1,16,,1108138,65,4,,1,15,,1108130,65,4,,1,55,,1108149,65,4,,1,15,,1108170,65,4,,1,15,,1108126,65,4,,1,15,,1108174,65,4,,1,57,,1108167,65,4,,1,18,,1108173,65,4,,1,18,,1108146,65,4,,1,58,,1108123,65,4,,1,19,,1108181,65,4,,1,20,,1108147,65,4,,1,10,,1108131,65,4,,1,52,,1108145,65,4,,1,14,,1108141,65,4,,1,29,,1108143,65,4,,1,48,,1108164,65,4,,1,27,,1108168,65,4,,1,16,,1108162,65,4,,1,9,,1108127,65,4,,1,54,,1108154,65,4,,1,11,,1108142,65,4,,1,13,,1108160,65,4,,1,16,,1108153,65,4,,1,65,,1108135,65,4,,1,22,,1108180,65,4,,1,66,,1108129,65,4,,1,27,,1108119,65,4,,1,30,,1108182,65,4,,1,68,,1108159,65,4,,1,30,,1108171,65,4,,1,69,,1108183,65,4,,1,29,,1108144,65,4,,1,66,,1108151,65,4,,1,26,,1108177,65,4,,1,87,,1108122,65,4,,1
700,'16',652,,1108195,65,4,,1,73,,997723,65,4,,1,17,,1108211,65,4,,1,17,,1108221,65,4,,1,61,,1108203,65,4,,1,20,,1108196,65,4,,1,61,,1108213,65,4,,1,21,,1108210,65,4,,1,8,,1108224,65,4,,1,7,,1108192,65,4,,1,7,,1108188,65,4,,1,12,,1065161,65,4,,1,55,,1108197,65,4,,1,9,,1108200,65,4,,1,11,,1108226,65,4,,1,11,,1108231,65,4,,1,13,,1108225,65,4,,1,65,,1108236,65,4,,1,16,,1108205,65,4,,1,15,,1108240,65,4,,1,56,,1108187,65,4,,1,16,,1108215,65,4,,1,16,,1108219,65,4,,1,16,,1108235,65,4,,1,59,,1108206,65,4,,1,14,,1108232,65,4,,1,16,,1108228,65,4,,1,15,,1108185,65,4,,1,55,,1108208,65,4,,1,15,,1082251,65,4,,1,15,,1108184,65,4,,1,15,,1108194,65,4,,1,57,,1108223,65,4,,1,18,,1108227,65,4,,1,18,,1094629,65,4,,1,58,,1108220,65,4,,1,19,,1108193,65,4,,1,20,,1108186,65,4,,1,10,,1108190,65,4,,1,52,,1108238,65,4,,1,14,,1108204,65,4,,1,29,,1108207,65,4,,1,48,,1108201,65,4,,1,27,,1108218,65,4,,1,16,,1108237,65,4,,1,9,,1108202,65,4,,1,54,,1108230,65,4,,1,11,,1070976,65,4,,1,13,,1108233,65,4,,1,16,,1086076,65,4,,1,65,,1108222,65,4,,1,22,,1108239,65,4,,1,66,,1108212,65,4,,1,27,,1108217,65,4,,1,30,,1108189,65,4,,1,68,,1088817,65,4,,1,30,,1108214,65,4,,1,69,,1043068,65,4,,1,29,,1108199,65,4,,1,66,,1108209,65,4,,1,26,,1108229,65,4,,1,87,,1108191,65,4,,1
700,'17',627,,1108292,65,4,,1,30,,1108268,65,4,,1,70,,1108278,65,4,,1,30,,1108302,65,4,,1,70,,1108295,65,4,,1,73,,1108250,65,4,,1,23,,1108274,65,4,,1,16,,1108291,25,4,,1,15,,1108294,65,4,,1,55,,1108275,25,4,,1,15,,1108284,65,4,,1,17,,1108297,25,4,,1,15,,1108287,65,4,,1,56,,1108252,25,4,,1,15,,1108272,65,4,,1,16,,1108256,25,4,,1,15,,1108255,65,4,,1,55,,1108273,25,4,,1,15,,1108283,65,4,,1,16,,1108243,25,4,,1,15,,1108260,65,4,,1,55,,1108254,25,4,,1,15,,1108267,65,4,,1,15,,1108251,25,4,,1,15,,1108280,65,4,,1,55,,1108249,25,4,,1,15,,1108277,65,4,,1,15,,1108257,25,4,,1,15,,1108298,65,4,,1,55,,1108271,25,4,,1,15,,1108301,65,4,,1,15,,1108241,25,4,,1,15,,1108242,65,4,,1,52,,1108244,25,4,,1,12,,1108288,65,4,,1,12,,1108296,25,4,,1,12,,1108281,65,4,,1,12,,1108247,25,4,,1,52,,1108279,65,4,,1,12,,1108270,25,4,,1,12,,1108276,65,4,,1,11,,1108286,25,4,,1,12,,1108303,65,4,,1,54,,1108253,25,4,,1,15,,1108263,65,4,,1,14,,1108248,25,4,,1,15,,1108266,65,4,,1,55,,1108269,25,4,,1,15,,1108246,65,4,,1,15,,1108299,25,4,,1,15,,1108300,65,4,,1,55,,1108245,25,4,,1,15,,1108258,65,4,,1,13,,1108293,25,4,,1,12,,1108289,65,4,,1,56,,1108261,65,4,,1,25,,1108262,65,4,,1,70,,1108264,65,4,,1,30,,1108265,65,4,,1,26,,1108285,65,4,,1,70,,1108282,65,4,,1,30,,1108259,65,4,,1,70,,1108290,65,4,,1
700,'2',659,,1108344,65,4,,1,70,,1108331,65,4,,1,30,,1108340,65,4,,1,70,,1108322,65,4,,1,76,,1108318,65,4,,1,30,,1108334,65,4,,1,16,,1108335,25,4,,1,55,,1108357,65,4,,1,15,,1108359,25,4,,1,14,,1108316,65,4,,1,13,,1108347,25,4,,1,52,,1108324,65,4,,1,12,,1073958,25,4,,1,12,,1108305,65,4,,1,13,,1108326,25,4,,1,11,,1108356,65,4,,1,53,,1108355,25,4,,1,12,,1108337,65,4,,1,13,,1108332,25,4,,1,11,,1108353,65,4,,1,13,,1108315,25,4,,1,53,,1011227,65,4,,1,12,,1108327,65,4,,1,12,,1108325,65,4,,1,12,,1108320,65,4,,1,12,,1108341,65,4,,1,52,,1108330,65,4,,1,12,,1108308,65,4,,1,12,,1108342,65,4,,1,12,,1108333,65,4,,1,11,,1088413,65,4,,1,52,,1108351,65,4,,1,12,,1108304,65,4,,1,12,,1108361,65,4,,1,12,,1108363,65,4,,1,12,,1108339,65,4,,1,52,,1108336,65,4,,1,12,,1108317,65,4,,1,12,,1108313,65,4,,1,12,,1108311,65,4,,1,12,,1108348,65,4,,1,52,,1101077,65,4,,1,12,,1108323,65,4,,1,12,,1108312,65,4,,1,12,,1108364,65,4,,1,12,,1108346,65,4,,1,51,,1108352,65,4,,1,12,,1108306,65,4,,1,12,,1108314,65,4,,1,12,,1108360,65,4,,1,14,,1108309,65,4,,1,53,,1108328,25,4,,1,15,,1108321,65,4,,1,15,,1108319,25,4,,1,15,,1108343,65,4,,1,55,,930334,25,4,,1,15,,940564,65,4,,1,13,,1108345,25,4,,1,17,,1108329,65,4,,1,51,,1076477,25,4,,1,14,,1108362,65,4,,1,30,,1108350,65,4,,1,70,,1108349,65,4,,1,30,,1094713,65,4,,1,66,,1108307,65,4,,1,30,,1108338,65,4,,1,70,,1108310,65,4,,1,30,,1070768,65,4,,1,70,,1108358,65,4,,1,30,,1108354,65,4,,1
700,'3',627,,1108416,65,4,,1,30,,1108392,65,4,,1,70,,1108402,65,4,,1,30,,1108426,65,4,,1,70,,1108419,65,4,,1,73,,1108374,65,4,,1,23,,1108398,65,4,,1,16,,1108415,25,4,,1,15,,1108418,65,4,,1,55,,1108399,25,4,,1,15,,1108408,65,4,,1,17,,1108421,25,4,,1,15,,1108411,65,4,,1,56,,1108376,25,4,,1,15,,1108396,65,4,,1,16,,1108380,25,4,,1,15,,1108379,65,4,,1,55,,1108397,25,4,,1,15,,1108407,65,4,,1,16,,1108367,25,4,,1,15,,1108384,65,4,,1,55,,1108378,25,4,,1,15,,1108391,65,4,,1,15,,1108375,25,4,,1,15,,1108404,65,4,,1,55,,1108373,25,4,,1,15,,1108401,65,4,,1,15,,1108381,25,4,,1,15,,1108422,65,4,,1,55,,1108395,25,4,,1,15,,1108425,65,4,,1,15,,1108365,25,4,,1,15,,1108366,65,4,,1,52,,1108368,25,4,,1,12,,1108412,65,4,,1,12,,1108420,25,4,,1,12,,1108405,65,4,,1,12,,1108371,25,4,,1,52,,1108403,65,4,,1,12,,1108394,25,4,,1,12,,1108400,65,4,,1,11,,1108410,25,4,,1,12,,1108427,65,4,,1,54,,1108377,25,4,,1,15,,1108387,65,4,,1,14,,1108372,25,4,,1,15,,1108390,65,4,,1,55,,1108393,25,4,,1,15,,1108370,65,4,,1,15,,1108423,25,4,,1,15,,1108424,65,4,,1,55,,1108369,25,4,,1,15,,1108382,65,4,,1,13,,1108417,25,4,,1,12,,1108413,65,4,,1,56,,1108385,65,4,,1,25,,1108386,65,4,,1,70,,1108388,65,4,,1,30,,1108389,65,4,,1,26,,1108409,65,4,,1,70,,1108406,65,4,,1,30,,1108383,65,4,,1,70,,1108414,65,4,,1
700,'4',627,,1108477,65,4,,1,30,,1108474,65,4,,1,70,,1108457,65,4,,1,30,,1108447,65,4,,1,70,,1108467,65,4,,1,73,,1108451,65,4,,1,23,,1100907,65,4,,1,16,,1108483,25,4,,1,15,,1108480,65,4,,1,55,,1108470,25,4,,1,15,,1108438,65,4,,1,17,,1108468,25,4,,1,15,,1108469,65,4,,1,56,,1096676,25,4,,1,15,,1108456,65,4,,1,16,,1108481,25,4,,1,15,,1108430,65,4,,1,55,,1108482,25,4,,1,15,,1108463,65,4,,1,16,,1108436,25,4,,1,15,,1108454,65,4,,1,55,,1108432,25,4,,1,15,,1062983,65,4,,1,15,,1050729,25,4,,1,15,,1108461,65,4,,1,55,,1108428,25,4,,1,15,,1108478,65,4,,1,15,,1108462,25,4,,1,15,,1108437,65,4,,1,55,,1108476,25,4,,1,15,,1108435,65,4,,1,15,,1108450,25,4,,1,15,,1108433,65,4,,1,52,,1067287,25,4,,1,12,,1108466,65,4,,1,12,,1108479,25,4,,1,12,,1108471,65,4,,1,12,,1108429,25,4,,1,52,,1108443,65,4,,1,12,,1108458,25,4,,1,12,,995098,65,4,,1,11,,1108459,25,4,,1,12,,1108442,65,4,,1,54,,1108464,25,4,,1,15,,1108444,65,4,,1,14,,1108431,25,4,,1,15,,1108453,65,4,,1,55,,1108439,25,4,,1,15,,1108448,65,4,,1,15,,1108434,25,4,,1,15,,1108455,65,4,,1,55,,1108472,25,4,,1,15,,1108440,65,4,,1,13,,1108445,25,4,,1,12,,1108473,65,4,,1,56,,1108452,65,4,,1,25,,1108484,65,4,,1,70,,1108460,65,4,,1,30,,1108449,65,4,,1,26,,1108446,65,4,,1,70,,1108465,65,4,,1,30,,1108441,65,4,,1,70,,1108475,65,4,,1
700,'5',652,,1108497,65,4,,1,73,,1108500,65,4,,1,17,,979707,65,4,,1,17,,1108510,65,4,,1,61,,1108529,65,4,,1,20,,1101758,65,4,,1,61,,1108522,65,4,,1,21,,1108485,65,4,,1,8,,1108539,65,4,,1,7,,1108502,65,4,,1,7,,1108541,65,4,,1,12,,1108492,65,4,,1,55,,1108489,65,4,,1,9,,1108527,65,4,,1,11,,1100540,65,4,,1,11,,1108508,65,4,,1,13,,1108486,65,4,,1,65,,1108499,65,4,,1,16,,1108519,65,4,,1,15,,1108528,65,4,,1,56,,1108504,65,4,,1,16,,1108511,65,4,,1,16,,1108501,65,4,,1,16,,1108517,65,4,,1,59,,1108503,65,4,,1,14,,1102161,65,4,,1,16,,1108516,65,4,,1,15,,1108488,65,4,,1,55,,1108512,65,4,,1,15,,1108523,65,4,,1,15,,1108524,65,4,,1,15,,1108491,65,4,,1,57,,1108534,65,4,,1,18,,1108509,65,4,,1,18,,1108543,65,4,,1,58,,1099001,65,4,,1,19,,1108526,65,4,,1,20,,1108521,65,4,,1,10,,1108542,65,4,,1,52,,1108538,65,4,,1,14,,1108494,65,4,,1,29,,1108487,65,4,,1,48,,1108520,65,4,,1,27,,1108518,65,4,,1,16,,1108532,65,4,,1,9,,1108513,65,4,,1,54,,1108490,65,4,,1,11,,1108514,65,4,,1,13,,1108540,65,4,,1,16,,1108493,65,4,,1,65,,1108506,65,4,,1,22,,1108536,65,4,,1,66,,1108515,65,4,,1,27,,1108496,65,4,,1,30,,1108531,65,4,,1,68,,1108495,65,4,,1,30,,1108525,65,4,,1,69,,935863,65,4,,1,29,,1108537,65,4,,1,66,,1108535,65,4,,1,26,,1108533,65,4,,1,87,,1108505,65,4,,1
700,'6',652,,1108553,65,4,,1,73,,1108550,65,4,,1,17,,1108569,65,4,,1,17,,1108580,65,4,,1,61,,1108561,65,4,,1,20,,1108554,65,4,,1,61,,1108571,65,4,,1,21,,1108568,65,4,,1,8,,1108582,65,4,,1,7,,1031860,65,4,,1,7,,1079350,65,4,,1,12,,1108547,65,4,,1,55,,1108555,65,4,,1,9,,1108558,65,4,,1,11,,1108584,65,4,,1,11,,1017115,65,4,,1,13,,1108583,65,4,,1,65,,1108590,65,4,,1,16,,1108563,65,4,,1,15,,1094352,65,4,,1,56,,1108546,65,4,,1,16,,1108573,65,4,,1,16,,1108577,65,4,,1,16,,1007854,65,4,,1,59,,1108564,65,4,,1,14,,1108589,65,4,,1,16,,1108586,65,4,,1,15,,1039247,65,4,,1,55,,1108566,65,4,,1,15,,1108548,65,4,,1,15,,1089287,65,4,,1,15,,1014789,65,4,,1,57,,1108581,65,4,,1,18,,1108585,65,4,,1,18,,1108591,65,4,,1,58,,1108578,65,4,,1,19,,1108551,65,4,,1,20,,1108545,65,4,,1,10,,1013971,65,4,,1,52,,1068503,65,4,,1,14,,1108562,65,4,,1,29,,1108565,65,4,,1,48,,1108559,65,4,,1,27,,1108576,65,4,,1,16,,1061205,65,4,,1,9,,1108560,65,4,,1,54,,1108588,65,4,,1,11,,1108579,65,4,,1,13,,1098439,65,4,,1,16,,1108552,65,4,,1,65,,999988,65,4,,1,22,,1089624,65,4,,1,66,,1108570,65,4,,1,27,,1108575,65,4,,1,30,,1048272,65,4,,1,68,,1108544,65,4,,1,30,,1108572,65,4,,1,69,,1108549,65,4,,1,29,,1108557,65,4,,1,66,,1108567,65,4,,1,26,,1108587,65,4,,1,87,,1080020,65,4,,1
700,'7',659,,1108639,65,4,,1,70,,1108609,65,4,,1,30,,1108628,65,4,,1,70,,1108644,65,4,,1,76,,1108601,65,4,,1,30,,1108638,65,4,,1,16,,1108602,25,4,,1,55,,1108607,65,4,,1,15,,1108612,25,4,,1,14,,1108652,65,4,,1,13,,1108597,25,4,,1,52,,1108625,65,4,,1,12,,1108608,25,4,,1,12,,1108592,65,4,,1,13,,1108615,25,4,,1,11,,1108619,65,4,,1,53,,1108600,25,4,,1,12,,1108635,65,4,,1,13,,1108616,25,4,,1,11,,1108595,65,4,,1,13,,1108646,25,4,,1,53,,1108626,65,4,,1,12,,1108648,65,4,,1,12,,1108599,65,4,,1,12,,1108649,65,4,,1,12,,1108613,65,4,,1,52,,1108650,65,4,,1,12,,1108630,65,4,,1,12,,1108629,65,4,,1,12,,1108593,65,4,,1,11,,1108634,65,4,,1,52,,1108654,65,4,,1,12,,1108647,65,4,,1,12,,1108636,65,4,,1,12,,1108656,65,4,,1,12,,1108658,65,4,,1,52,,1108605,65,4,,1,12,,1108624,65,4,,1,12,,1108623,65,4,,1,12,,1108659,65,4,,1,12,,1108641,65,4,,1,52,,1108660,65,4,,1,12,,1108598,65,4,,1,12,,1108620,65,4,,1,12,,1108604,65,4,,1,12,,1108622,65,4,,1,51,,1108640,65,4,,1,12,,1108637,65,4,,1,12,,1108643,65,4,,1,12,,1108653,65,4,,1,14,,1108617,65,4,,1,53,,1108621,25,4,,1,15,,1108596,65,4,,1,15,,1108618,25,4,,1,15,,1108611,65,4,,1,55,,1108631,25,4,,1,15,,1108603,65,4,,1,13,,1108645,25,4,,1,17,,1108606,65,4,,1,51,,1108614,25,4,,1,14,,1108594,65,4,,1,30,,1108655,65,4,,1,70,,1108627,65,4,,1,30,,1108651,65,4,,1,66,,1108657,65,4,,1,30,,1108632,65,4,,1,70,,1108610,65,4,,1,30,,1108661,65,4,,1,70,,1108642,65,4,,1,30,,1108633,65,4,,1
700,'8',652,,1108679,65,4,,1,73,,1108674,65,4,,1,17,,1108695,65,4,,1,17,,1108706,65,4,,1,61,,1108687,65,4,,1,20,,1108680,65,4,,1,61,,1108697,65,4,,1,21,,1108694,65,4,,1,8,,1108709,65,4,,1,7,,1108675,65,4,,1,7,,1108667,65,4,,1,12,,1108669,65,4,,1,55,,1108681,65,4,,1,9,,1108684,65,4,,1,11,,1108711,65,4,,1,11,,1108716,65,4,,1,13,,1108710,65,4,,1,65,,1108721,65,4,,1,16,,1108689,65,4,,1,15,,1108726,65,4,,1,56,,1108666,65,4,,1,16,,1108699,65,4,,1,16,,1108703,65,4,,1,16,,1108720,65,4,,1,59,,1108690,65,4,,1,14,,1108717,65,4,,1,16,,1108713,65,4,,1,15,,1108663,65,4,,1,55,,1108692,65,4,,1,15,,1108671,65,4,,1,15,,1108662,65,4,,1,15,,1108677,65,4,,1,57,,1108708,65,4,,1,18,,1108712,65,4,,1,18,,1108722,65,4,,1,58,,1108704,65,4,,1,19,,1108676,65,4,,1,20,,1108665,65,4,,1,10,,1108670,65,4,,1,52,,1108724,65,4,,1,14,,1108688,65,4,,1,29,,1108691,65,4,,1,48,,1108685,65,4,,1,27,,1108702,65,4,,1,16,,1108723,65,4,,1,9,,1108686,65,4,,1,54,,1108715,65,4,,1,11,,1108705,65,4,,1,13,,1108718,65,4,,1,16,,1108678,65,4,,1,65,,1108707,65,4,,1,22,,1108725,65,4,,1,66,,1108696,65,4,,1,27,,1108701,65,4,,1,30,,1108668,65,4,,1,68,,1108664,65,4,,1,30,,1108698,65,4,,1,69,,1108672,65,4,,1,29,,1108683,65,4,,1,66,,1108693,65,4,,1,26,,1108714,65,4,,1,87,,1108673,65,4,,1
700,'9',652,,1108739,65,4,,1,73,,1108742,65,4,,1,17,,979668,65,4,,1,17,,1108752,65,4,,1,61,,1108771,65,4,,1,20,,1101707,65,4,,1,61,,1108764,65,4,,1,21,,1108727,65,4,,1,8,,1108781,65,4,,1,7,,1108744,65,4,,1,7,,1108783,65,4,,1,12,,1108734,65,4,,1,55,,1108731,65,4,,1,9,,1108769,65,4,,1,11,,1100503,65,4,,1,11,,1108750,65,4,,1,13,,1108728,65,4,,1,65,,1108741,65,4,,1,16,,1108761,65,4,,1,15,,1108770,65,4,,1,56,,1108746,65,4,,1,16,,1108753,65,4,,1,16,,1108743,65,4,,1,16,,1108759,65,4,,1,59,,1108745,65,4,,1,14,,1102156,65,4,,1,16,,1108758,65,4,,1,15,,1108730,65,4,,1,55,,1108754,65,4,,1,15,,1108765,65,4,,1,15,,1108766,65,4,,1,15,,1108733,65,4,,1,57,,1108776,65,4,,1,18,,1108751,65,4,,1,18,,1108785,65,4,,1,58,,1098958,65,4,,1,19,,1108768,65,4,,1,20,,1108763,65,4,,1,10,,1108784,65,4,,1,52,,1108780,65,4,,1,14,,1108736,65,4,,1,29,,1108729,65,4,,1,48,,1108762,65,4,,1,27,,1108760,65,4,,1,16,,1108774,65,4,,1,9,,1108755,65,4,,1,54,,1108732,65,4,,1,11,,1108756,65,4,,1,13,,1108782,65,4,,1,16,,1108735,65,4,,1,65,,1108748,65,4,,1,22,,1108778,65,4,,1,66,,1108757,65,4,,1,27,,1108738,65,4,,1,30,,1108773,65,4,,1,68,,1108737,65,4,,1,30,,1108767,65,4,,1,69,,935810,65,4,,1,29,,1108779,65,4,,1,66,,1108777,65,4,,1,26,,1108775,65,4,,1,87,,1108747,65,4,,1
701,'1',614,,1044925,1,,,1,1,,1044925,2,,,1,23,,1108819,1,,,1,1,,1108819,2,,,1,14,,1108799,1,,,1,1,,1108799,2,,,1,52,,1108840,1,,,1,1,,1108840,2,,,1,14,,1108795,1,,,1,2,,1108795,2,,,1,16,,1108827,1,,,1,2,,1108827,2,,,1,12,,1108809,1,,,1,2,,1108809,2,,,1,57,,1108836,1,,,1,2,,1108836,2,,,1,10,,1108805,1,,,1,2,,1108805,2,,,1,15,,1108813,1,,,1,2,,1108813,2,,,1,15,,1108825,1,,,1,42,,1108825,2,,,1,13,,1108815,1,,,1,2,,1108815,2,,,1,14,,1108793,1,,,1,1,,1108793,2,,,1,11,,1095914,1,,,1,1,,1095914,2,,,1,14,,1063626,1,,,1,1,,1063626,2,,,1,54,,1108830,1,,,1,1,,1108830,2,,,1,14,,1108831,1,,,1,1,,1108831,2,,,1,16,,1108820,1,,,1,1,,1108820,2,,,1,14,,1079148,1,,,1,1,,1079148,2,,,1,54,,1108839,1,,,1,1,,1108839,2,,,1,14,,1108838,1,,,1,1,,1108838,2,,,1,15,,1095911,1,,,1,1,,1095911,2,,,1,13,,1086975,1,,,1,1,,1086975,2,,,1,54,,1108835,1,,,1,1,,1108835,2,,,1,15,,1108807,1,,,1,1,,1108807,2,,,1,14,,1108800,1,,,1,1,,1108800,2,,,1,14,,1045540,1,,,1,41,,1045540,2,,,1,14,,1108792,1,,,1,1,,1108792,2,,,1,14,,1108822,1,,,1,2,,1108822,2,,,1,12,,1108821,1,,,1,2,,1108821,2,,,1,13,,1108829,1,,,1,42,,1108829,2,,,1,15,,1005227,1,,,1,2,,1005227,2,,,1,13,,1108828,1,,,1,2,,1108828,2,,,1,68,,1108794,1,,,1,2,,1108794,2,,,1,12,,1029469,1,,,1,2,,1029469,2,,,1,16,,1108833,1,,,1,2,,1108833,2,,,1,12,,1108834,1,,,1,2,,1108834,2,,,1,53,,1108803,1,,,1,2,,1108803,2,,,1,14,,1108788,1,,,1,2,,1108788,2,,,1,12,,1108823,1,,,1,2,,1108823,2,,,1,13,,1079575,1,,,1,2,,1079575,2,,,1,53,,1108806,1,,,1,2,,1108806,2,,,1,13,,1108786,1,,,1,2,,1108786,2,,,1,12,,1108812,1,,,1,2,,1108812,2,,,1,13,,1108804,1,,,1,2,,1108804,2,,,1,12,,1108797,1,,,1,42,,1108797,2,,,1,13,,1108816,1,,,1,2,,1108816,2,,,1,10,,1108808,1,,,1,2,,1108808,2,,,1,14,,1108789,1,,,1,2,,1108789,2,,,1,12,,1108798,1,,,1,2,,1108798,2,,,1,53,,1108790,1,,,1,2,,1108790,2,,,1,12,,1087586,1,,,1,2,,1087586,2,,,1,20,,1108811,1,,,1,2,,1108811,2,,,1,68,,1108810,1,,,1,2,,1108810,2,,,1,27,,1108826,1,,,1,2,,1108826,2,,,1,56,,1108796,1,0,67,1,2,,1108796,2,0,67,1,9,,1108824,1,,,1,2,,1108824,2,,,1,28,,1108814,1,,,1,1,,1108814,2,,,1,64,,1108818,1,,,1,1,,1108818,2,,,1,30,,1108791,1,,,1,1,,1108791,2,,,1,70,,1051516,1,,,1,1,,1051516,2,,,1,33,,1108787,1,,,1,1,,1108787,2,,,1,64,,1108802,1,,,1,1,,1108802,2,,,1,29,,1019419,1,,,1,1,,1019419,2,,,1,69,,1108817,1,,,1,1,,1108817,2,,,1
701,'10',614,,1045082,1,,,1,1,,1045082,2,,,1,23,,1108874,1,,,1,1,,1108874,2,,,1,14,,1108854,1,,,1,1,,1108854,2,,,1,52,,1108895,1,,,1,1,,1108895,2,,,1,14,,1108850,1,,,1,2,,1108850,2,,,1,16,,1108882,1,,,1,2,,1108882,2,,,1,12,,1108864,1,,,1,2,,1108864,2,,,1,57,,1108891,1,,,1,2,,1108891,2,,,1,10,,1108860,1,,,1,2,,1108860,2,,,1,15,,1108868,1,,,1,2,,1108868,2,,,1,15,,1108880,1,,,1,42,,1108880,2,,,1,13,,1108870,1,,,1,2,,1108870,2,,,1,14,,1108848,1,,,1,1,,1108848,2,,,1,11,,1095772,1,,,1,1,,1095772,2,,,1,14,,1063322,1,,,1,1,,1063322,2,,,1,54,,1108885,1,,,1,1,,1108885,2,,,1,14,,1108886,1,,,1,1,,1108886,2,,,1,16,,1108875,1,,,1,1,,1108875,2,,,1,14,,1078894,1,,,1,1,,1078894,2,,,1,54,,1108894,1,,,1,1,,1108894,2,,,1,14,,1108893,1,,,1,1,,1108893,2,,,1,15,,1095769,1,,,1,1,,1095769,2,,,1,13,,1086918,1,,,1,1,,1086918,2,,,1,54,,1108890,1,,,1,1,,1108890,2,,,1,15,,1108862,1,,,1,1,,1108862,2,,,1,14,,1108855,1,,,1,1,,1108855,2,,,1,14,,1045703,1,,,1,41,,1045703,2,,,1,14,,1108847,1,,,1,1,,1108847,2,,,1,14,,1108877,1,,,1,2,,1108877,2,,,1,12,,1108876,1,,,1,2,,1108876,2,,,1,13,,1108884,1,,,1,42,,1108884,2,,,1,15,,1005321,1,,,1,2,,1005321,2,,,1,13,,1108883,1,,,1,2,,1108883,2,,,1,68,,1108849,1,,,1,2,,1108849,2,,,1,12,,1029563,1,,,1,2,,1029563,2,,,1,16,,1108888,1,,,1,2,,1108888,2,,,1,12,,1108889,1,,,1,2,,1108889,2,,,1,53,,1108858,1,,,1,2,,1108858,2,,,1,14,,1108843,1,,,1,2,,1108843,2,,,1,12,,1108878,1,,,1,2,,1108878,2,,,1,13,,1079383,1,,,1,2,,1079383,2,,,1,53,,1108861,1,,,1,2,,1108861,2,,,1,13,,1108841,1,,,1,2,,1108841,2,,,1,12,,1108867,1,,,1,2,,1108867,2,,,1,13,,1108859,1,,,1,2,,1108859,2,,,1,12,,1108852,1,,,1,42,,1108852,2,,,1,13,,1108871,1,,,1,2,,1108871,2,,,1,10,,1108863,1,,,1,2,,1108863,2,,,1,14,,1108844,1,,,1,2,,1108844,2,,,1,12,,1108853,1,,,1,2,,1108853,2,,,1,53,,1108845,1,,,1,2,,1108845,2,,,1,12,,1087376,1,,,1,2,,1087376,2,,,1,20,,1108866,1,,,1,2,,1108866,2,,,1,68,,1108865,1,,,1,2,,1108865,2,,,1,27,,1108881,1,,,1,2,,1108881,2,,,1,56,,1108851,1,0,67,1,2,,1108851,2,0,67,1,9,,1108879,1,,,1,2,,1108879,2,,,1,28,,1108869,1,,,1,1,,1108869,2,,,1,64,,1108873,1,,,1,1,,1108873,2,,,1,30,,1108846,1,,,1,1,,1108846,2,,,1,70,,1051695,1,,,1,1,,1051695,2,,,1,33,,1108842,1,,,1,1,,1108842,2,,,1,64,,1108857,1,,,1,1,,1108857,2,,,1,29,,1019459,1,,,1,1,,1019459,2,,,1,69,,1108872,1,,,1,1,,1108872,2,,,1
701,'11',614,,1044877,1,,,1,1,,1044877,2,,,1,23,,1108929,1,,,1,1,,1108929,2,,,1,14,,1108909,1,,,1,1,,1108909,2,,,1,52,,1108950,1,,,1,1,,1108950,2,,,1,14,,1108905,1,,,1,2,,1108905,2,,,1,16,,1108937,1,,,1,2,,1108937,2,,,1,12,,1108919,1,,,1,2,,1108919,2,,,1,57,,1108946,1,,,1,2,,1108946,2,,,1,10,,1108915,1,,,1,2,,1108915,2,,,1,15,,1108923,1,,,1,2,,1108923,2,,,1,15,,1108935,1,,,1,42,,1108935,2,,,1,13,,1108925,1,,,1,2,,1108925,2,,,1,14,,1108903,1,,,1,1,,1108903,2,,,1,11,,1095950,1,,,1,1,,1095950,2,,,1,14,,1063718,1,,,1,1,,1063718,2,,,1,54,,1108940,1,,,1,1,,1108940,2,,,1,14,,1108941,1,,,1,1,,1108941,2,,,1,16,,1108930,1,,,1,1,,1108930,2,,,1,14,,1079228,1,,,1,1,,1079228,2,,,1,54,,1108949,1,,,1,1,,1108949,2,,,1,14,,1108948,1,,,1,1,,1108948,2,,,1,15,,1095947,1,,,1,1,,1095947,2,,,1,13,,1086994,1,,,1,1,,1086994,2,,,1,54,,1108945,1,,,1,1,,1108945,2,,,1,15,,1108917,1,,,1,1,,1108917,2,,,1,14,,1108910,1,,,1,1,,1108910,2,,,1,14,,1045491,1,,,1,41,,1045491,2,,,1,14,,1108902,1,,,1,1,,1108902,2,,,1,14,,1108932,1,,,1,2,,1108932,2,,,1,12,,1108931,1,,,1,2,,1108931,2,,,1,13,,1108939,1,,,1,42,,1108939,2,,,1,15,,1005199,1,,,1,2,,1005199,2,,,1,13,,1108938,1,,,1,2,,1108938,2,,,1,68,,1108904,1,,,1,2,,1108904,2,,,1,12,,1029440,1,,,1,2,,1029440,2,,,1,16,,1108943,1,,,1,2,,1108943,2,,,1,12,,1108944,1,,,1,2,,1108944,2,,,1,53,,1108913,1,,,1,2,,1108913,2,,,1,14,,1108898,1,,,1,2,,1108898,2,,,1,12,,1108933,1,,,1,2,,1108933,2,,,1,13,,1079634,1,,,1,2,,1079634,2,,,1,53,,1108916,1,,,1,2,,1108916,2,,,1,13,,1108896,1,,,1,2,,1108896,2,,,1,12,,1108922,1,,,1,2,,1108922,2,,,1,13,,1108914,1,,,1,2,,1108914,2,,,1,12,,1108907,1,,,1,42,,1108907,2,,,1,13,,1108926,1,,,1,2,,1108926,2,,,1,10,,1108918,1,,,1,2,,1108918,2,,,1,14,,1108899,1,,,1,2,,1108899,2,,,1,12,,1108908,1,,,1,2,,1108908,2,,,1,53,,1108900,1,,,1,2,,1108900,2,,,1,12,,1087650,1,,,1,2,,1087650,2,,,1,20,,1108921,1,,,1,2,,1108921,2,,,1,68,,1108920,1,,,1,2,,1108920,2,,,1,27,,1108936,1,,,1,2,,1108936,2,,,1,56,,1108906,1,0,67,1,2,,1108906,2,0,67,1,9,,1108934,1,,,1,2,,1108934,2,,,1,28,,1108924,1,,,1,1,,1108924,2,,,1,64,,1108928,1,,,1,1,,1108928,2,,,1,30,,1108901,1,,,1,1,,1108901,2,,,1,70,,1051463,1,,,1,1,,1051463,2,,,1,33,,1108897,1,,,1,1,,1108897,2,,,1,64,,1108912,1,,,1,1,,1108912,2,,,1,29,,1019408,1,,,1,1,,1019408,2,,,1,69,,1108927,1,,,1,1,,1108927,2,,,1
701,'12',614,,1108970,1,,,1,1,,1108970,2,,,1,23,,1109006,1,,,1,1,,1109006,2,,,1,14,,1108987,1,,,1,1,,1108987,2,,,1,52,,1108985,1,,,1,1,,1108985,2,,,1,14,,1108994,1,,,1,2,,1108994,2,,,1,16,,1108978,1,,,1,2,,1108978,2,,,1,12,,1108966,1,,,1,2,,1108966,2,,,1,57,,1109007,1,,,1,2,,1109007,2,,,1,10,,1108968,1,,,1,2,,1108968,2,,,1,15,,1108988,1,,,1,2,,1108988,2,,,1,15,,1108996,1,,,1,42,,1108996,2,,,1,13,,1095538,1,,,1,2,,1095538,2,,,1,14,,1109012,1,,,1,1,,1109012,2,,,1,11,,1108975,1,,,1,1,,1108975,2,,,1,14,,1108958,1,,,1,1,,1108958,2,,,1,54,,1108951,1,,,1,1,,1108951,2,,,1,14,,1108972,1,,,1,1,,1108972,2,,,1,16,,1108979,1,,,1,1,,1108979,2,,,1,14,,1108963,1,,,1,1,,1108963,2,,,1,54,,1109009,1,,,1,1,,1109009,2,,,1,14,,1108999,1,,,1,1,,1108999,2,,,1,15,,1108956,1,,,1,1,,1108956,2,,,1,13,,1108982,1,,,1,1,,1108982,2,,,1,54,,1094572,1,,,1,1,,1094572,2,,,1,15,,1108964,1,,,1,1,,1108964,2,,,1,14,,1108957,1,,,1,1,,1108957,2,,,1,14,,1109011,1,,,1,41,,1109011,2,,,1,14,,1108981,1,,,1,1,,1108981,2,,,1,14,,1108965,1,,,1,2,,1108965,2,,,1,12,,1108984,1,,,1,2,,1108984,2,,,1,13,,1108953,1,,,1,42,,1108953,2,,,1,15,,1083852,1,,,1,2,,1083852,2,,,1,13,,1108989,1,,,1,2,,1108989,2,,,1,68,,1109002,1,,,1,2,,1109002,2,,,1,12,,1108974,1,,,1,2,,1108974,2,,,1,16,,1109005,1,,,1,2,,1109005,2,,,1,12,,1108980,1,,,1,2,,1108980,2,,,1,53,,1108955,1,,,1,2,,1108955,2,,,1,14,,1108961,1,,,1,2,,1108961,2,,,1,12,,1108990,1,,,1,2,,1108990,2,,,1,13,,1108959,1,,,1,2,,1108959,2,,,1,53,,1109010,1,,,1,2,,1109010,2,,,1,13,,1108962,1,,,1,2,,1108962,2,,,1,12,,1108973,1,,,1,2,,1108973,2,,,1,13,,1108971,1,,,1,2,,1108971,2,,,1,12,,1108997,1,,,1,42,,1108997,2,,,1,13,,1108992,1,,,1,2,,1108992,2,,,1,10,,1109008,1,,,1,2,,1109008,2,,,1,14,,1108991,1,,,1,2,,1108991,2,,,1,12,,1108977,1,,,1,2,,1108977,2,,,1,53,,1109000,1,,,1,2,,1109000,2,,,1,12,,1109001,1,,,1,2,,1109001,2,,,1,20,,1108954,1,,,1,2,,1108954,2,,,1,68,,1084113,1,,,1,2,,1084113,2,,,1,27,,1108993,1,,,1,2,,1108993,2,,,1,56,,1108983,1,0,67,1,2,,1108983,2,0,67,1,9,,1108952,1,,,1,2,,1108952,2,,,1,28,,1108969,1,,,1,1,,1108969,2,,,1,64,,1108967,1,,,1,1,,1108967,2,,,1,30,,1109004,1,,,1,1,,1109004,2,,,1,70,,1108960,1,,,1,1,,1108960,2,,,1,33,,1062989,1,,,1,1,,1062989,2,,,1,64,,1109003,1,,,1,1,,1109003,2,,,1,29,,1108995,1,,,1,1,,1108995,2,,,1,69,,1108986,1,,,1,1,,1108986,2,,,1
701,'13',641,,1109052,1,,,1,1,,1109052,2,,,1,64,,1109042,1,,,1,1,,1109042,2,,,1,29,,1109050,1,,,1,1,,1109050,2,,,1,69,,1109061,1,,,1,1,,1109061,2,,,1,29,,1109066,1,,,1,1,,1109066,2,,,1,69,,1109022,1,,,1,1,,1109022,2,,,1,19,,1109033,1,0,67,1,1,,1109033,2,0,67,1,19,,1109036,1,,,1,1,,1109036,2,,,1,55,,1109026,1,0,67,1,1,,1109026,2,0,67,1,14,,1109053,1,,,1,1,,1109053,2,,,1,14,,1109065,1,0,67,1,1,,1109065,2,0,67,1,14,,1109017,1,,,1,1,,1109017,2,,,1,54,,1109014,1,0,67,1,1,,1109014,2,0,67,1,14,,1109032,1,,,1,1,,1109032,2,,,1,14,,1109035,1,0,67,1,1,,1109035,2,0,67,1,14,,1109047,1,,,1,1,,1109047,2,,,1,54,,1109059,1,0,67,1,1,,1109059,2,0,67,1,14,,1109063,1,,,1,1,,1109063,2,,,1,14,,1109067,1,0,67,1,1,,1109067,2,0,67,1,14,,1109044,1,,,1,1,,1109044,2,,,1,54,,1109048,1,0,67,1,1,,1109048,2,0,67,1,14,,1109062,1,,,1,1,,1109062,2,,,1,14,,1109056,1,0,67,1,1,,1109056,2,0,67,1,14,,1109016,1,,,1,1,,1109016,2,,,1,54,,1109055,1,0,67,1,1,,1109055,2,0,67,1,14,,1109027,1,,,1,1,,1109027,2,,,1,11,,1109068,1,0,67,1,1,,1109068,2,0,67,1,11,,1109013,1,,,1,1,,1109013,2,,,1,11,,1109049,1,0,67,1,1,,1109049,2,0,67,1,51,,1078198,1,,,1,1,,1078198,2,,,1,11,,1109057,1,0,67,1,1,,1109057,2,0,67,1,11,,1109024,1,,,1,1,,1109024,2,,,1,11,,1109045,1,0,67,1,1,,1109045,2,0,67,1,11,,1109058,1,,,1,1,,1109058,2,,,1,51,,1109020,1,0,67,1,1,,1109020,2,0,67,1,11,,1109051,1,,,1,1,,1109051,2,,,1,11,,1109031,1,0,67,1,1,,1109031,2,0,67,1,11,,981957,1,,,1,1,,981957,2,,,1,11,,1109030,1,0,67,1,1,,1109030,2,0,67,1,51,,1109025,1,,,1,1,,1109025,2,,,1,11,,1109041,1,0,67,1,1,,1109041,2,0,67,1,11,,1109038,1,,,1,1,,1109038,2,,,1,11,,1101099,1,0,67,1,1,,1101099,2,0,67,1,11,,1109015,1,,,1,1,,1109015,2,,,1,51,,1109046,1,0,67,1,1,,1109046,2,0,67,1,11,,1109054,1,,,1,1,,1109054,2,,,1,14,,1015822,1,0,67,1,1,,1015822,2,0,67,1,14,,1109039,1,,,1,1,,1109039,2,,,1,54,,1109021,1,0,67,1,1,,1109021,2,0,67,1,14,,1109018,1,,,1,1,,1109018,2,,,1,14,,1109064,1,0,67,1,1,,1109064,2,0,67,1,14,,1077222,1,,,1,1,,1077222,2,,,1,54,,1109034,1,0,67,1,1,,1109034,2,0,67,1,14,,1109019,1,,,1,1,,1109019,2,,,1,22,,1109060,1,,,1,1,,1109060,2,,,1,69,,1109040,1,,,1,1,,1109040,2,,,1,29,,1109023,1,,,1,1,,1109023,2,,,1,69,,1109029,1,,,1,1,,1109029,2,,,1,29,,1109043,1,,,1,1,,1109043,2,,,1,69,,1109037,1,,,1,1,,1109037,2,,,1,29,,1109028,1,,,1,1,,1109028,2,,,1
701,'14',614,,1109092,1,,,1,1,,1109092,2,,,1,23,,1109107,1,,,1,1,,1109107,2,,,1,14,,1109086,1,,,1,1,,1109086,2,,,1,52,,1109136,1,,,1,1,,1109136,2,,,1,14,,1109081,1,,,1,2,,1109081,2,,,1,16,,1109116,1,,,1,2,,1109116,2,,,1,12,,1109097,1,,,1,2,,1109097,2,,,1,57,,1109127,1,,,1,2,,1109127,2,,,1,10,,1109093,1,,,1,2,,1109093,2,,,1,15,,1109101,1,,,1,2,,1109101,2,,,1,15,,1109114,1,,,1,42,,1109114,2,,,1,13,,1109103,1,,,1,2,,1109103,2,,,1,14,,1109078,1,,,1,1,,1109078,2,,,1,11,,1109082,1,,,1,1,,1109082,2,,,1,14,,1109123,1,,,1,1,,1109123,2,,,1,54,,1109119,1,,,1,1,,1109119,2,,,1,14,,1109120,1,,,1,1,,1109120,2,,,1,16,,1109108,1,,,1,1,,1109108,2,,,1,14,,1109110,1,,,1,1,,1109110,2,,,1,54,,1109133,1,,,1,1,,1109133,2,,,1,14,,1109132,1,,,1,1,,1109132,2,,,1,15,,1109076,1,,,1,1,,1109076,2,,,1,13,,1109129,1,,,1,1,,1109129,2,,,1,54,,1109125,1,,,1,1,,1109125,2,,,1,15,,1109095,1,,,1,1,,1109095,2,,,1,14,,1109087,1,,,1,1,,1109087,2,,,1,14,,1109135,1,,,1,41,,1109135,2,,,1,14,,1109077,1,,,1,1,,1109077,2,,,1,14,,1109111,1,,,1,2,,1109111,2,,,1,12,,1109109,1,,,1,2,,1109109,2,,,1,13,,1109118,1,,,1,42,,1109118,2,,,1,15,,1109126,1,,,1,2,,1109126,2,,,1,13,,1109117,1,,,1,2,,1109117,2,,,1,68,,1109080,1,,,1,2,,1109080,2,,,1,12,,1109079,1,,,1,2,,1109079,2,,,1,16,,1109122,1,,,1,2,,1109122,2,,,1,12,,1109124,1,,,1,2,,1109124,2,,,1,53,,1109090,1,,,1,2,,1109090,2,,,1,14,,1109071,1,,,1,2,,1109071,2,,,1,12,,1109112,1,,,1,2,,1109112,2,,,1,13,,1109130,1,,,1,2,,1109130,2,,,1,53,,1109094,1,,,1,2,,1109094,2,,,1,13,,1109069,1,,,1,2,,1109069,2,,,1,12,,1109100,1,,,1,2,,1109100,2,,,1,13,,1109091,1,,,1,2,,1109091,2,,,1,12,,1109084,1,,,1,42,,1109084,2,,,1,13,,1109104,1,,,1,2,,1109104,2,,,1,10,,1109096,1,,,1,2,,1109096,2,,,1,14,,1109072,1,,,1,2,,1109072,2,,,1,12,,1109085,1,,,1,2,,1109085,2,,,1,53,,1109073,1,,,1,2,,1109073,2,,,1,12,,1109131,1,,,1,2,,1109131,2,,,1,20,,1109099,1,,,1,2,,1109099,2,,,1,68,,1109098,1,,,1,2,,1109098,2,,,1,27,,1109115,1,,,1,2,,1109115,2,,,1,56,,1109083,1,0,67,1,2,,1109083,2,0,67,1,9,,1109113,1,,,1,2,,1109113,2,,,1,28,,1109102,1,,,1,1,,1109102,2,,,1,64,,1109106,1,,,1,1,,1109106,2,,,1,30,,1109075,1,,,1,1,,1109075,2,,,1,70,,1109134,1,,,1,1,,1109134,2,,,1,33,,1109070,1,,,1,1,,1109070,2,,,1,64,,1109089,1,,,1,1,,1109089,2,,,1,29,,1109074,1,,,1,1,,1109074,2,,,1,69,,1109105,1,,,1,1,,1109105,2,,,1
701,'15',614,,1109202,1,,,1,1,,1109202,2,,,1,23,,1109194,1,,,1,1,,1109194,2,,,1,14,,1109181,1,,,1,1,,1109181,2,,,1,52,,1109160,1,,,1,1,,1109160,2,,,1,14,,1109190,1,,,1,2,,1109190,2,,,1,16,,1109162,1,,,1,2,,1109162,2,,,1,12,,1109155,1,,,1,2,,1109155,2,,,1,57,,1109193,1,,,1,2,,1109193,2,,,1,10,,1109184,1,,,1,2,,1109184,2,,,1,15,,1109169,1,,,1,2,,1109169,2,,,1,15,,1109189,1,,,1,42,,1109189,2,,,1,13,,1109201,1,,,1,2,,1109201,2,,,1,14,,1109147,1,,,1,1,,1109147,2,,,1,11,,1109187,1,,,1,1,,1109187,2,,,1,14,,1109173,1,,,1,1,,1109173,2,,,1,54,,1109199,1,,,1,1,,1109199,2,,,1,14,,1109176,1,,,1,1,,1109176,2,,,1,16,,1109195,1,,,1,1,,1109195,2,,,1,14,,1109144,1,,,1,1,,1109144,2,,,1,54,,1109172,1,,,1,1,,1109172,2,,,1,14,,1109182,1,,,1,1,,1109182,2,,,1,15,,1109145,1,,,1,1,,1109145,2,,,1,13,,1109200,1,,,1,1,,1109200,2,,,1,54,,1109192,1,,,1,1,,1109192,2,,,1,15,,1109141,1,,,1,1,,1109141,2,,,1,14,,1109154,1,,,1,1,,1109154,2,,,1,14,,1109163,1,,,1,41,,1109163,2,,,1,14,,1109139,1,,,1,1,,1109139,2,,,1,14,,1109137,1,,,1,2,,1109137,2,,,1,12,,1109177,1,,,1,2,,1109177,2,,,1,13,,1109188,1,,,1,42,,1109188,2,,,1,15,,1109171,1,,,1,2,,1109171,2,,,1,13,,1109178,1,,,1,2,,1109178,2,,,1,68,,1109191,1,,,1,2,,1109191,2,,,1,12,,1109186,1,,,1,2,,1109186,2,,,1,16,,1109167,1,,,1,2,,1109167,2,,,1,12,,1109148,1,,,1,2,,1109148,2,,,1,53,,1109179,1,,,1,2,,1109179,2,,,1,14,,1109159,1,,,1,2,,1109159,2,,,1,12,,1109183,1,,,1,2,,1109183,2,,,1,13,,1109151,1,,,1,2,,1109151,2,,,1,53,,1109165,1,,,1,2,,1109165,2,,,1,13,,1109164,1,,,1,2,,1109164,2,,,1,12,,1109138,1,,,1,2,,1109138,2,,,1,13,,1109140,1,,,1,2,,1109140,2,,,1,12,,1109157,1,,,1,42,,1109157,2,,,1,13,,1109180,1,,,1,2,,1109180,2,,,1,10,,1109197,1,,,1,2,,1109197,2,,,1,14,,1109174,1,,,1,2,,1109174,2,,,1,12,,1109196,1,,,1,2,,1109196,2,,,1,53,,1109158,1,,,1,2,,1109158,2,,,1,12,,1109153,1,,,1,2,,1109153,2,,,1,20,,1109161,1,,,1,2,,1109161,2,,,1,68,,1109150,1,,,1,2,,1109150,2,,,1,27,,1109175,1,,,1,2,,1109175,2,,,1,56,,1109156,1,0,67,1,2,,1109156,2,0,67,1,9,,1109143,1,,,1,2,,1109143,2,,,1,28,,1109170,1,,,1,1,,1109170,2,,,1,64,,1109152,1,,,1,1,,1109152,2,,,1,30,,1109198,1,,,1,1,,1109198,2,,,1,70,,1109203,1,,,1,1,,1109203,2,,,1,33,,1109146,1,,,1,1,,1109146,2,,,1,64,,1109185,1,,,1,1,,1109185,2,,,1,29,,1109204,1,,,1,1,,1109204,2,,,1,69,,1109166,1,,,1,1,,1109166,2,,,1
701,'16',614,,1109223,1,,,1,1,,1109223,2,,,1,23,,1034003,1,,,1,1,,1034003,2,,,1,14,,1109238,1,,,1,1,,1109238,2,,,1,52,,1109236,1,,,1,1,,1109236,2,,,1,14,,1109245,1,,,1,2,,1109245,2,,,1,16,,1109230,1,,,1,2,,1109230,2,,,1,12,,1109219,1,,,1,2,,1109219,2,,,1,57,,1109257,1,,,1,2,,1109257,2,,,1,10,,1109221,1,,,1,2,,1109221,2,,,1,15,,1109239,1,,,1,2,,1109239,2,,,1,15,,1109247,1,,,1,42,,1109247,2,,,1,13,,1109218,1,,,1,2,,1109218,2,,,1,14,,1109262,1,,,1,1,,1109262,2,,,1,11,,1079187,1,,,1,1,,1079187,2,,,1,14,,1064705,1,,,1,1,,1064705,2,,,1,54,,1069836,1,,,1,1,,1069836,2,,,1,14,,1109225,1,,,1,1,,1109225,2,,,1,16,,1109231,1,,,1,1,,1109231,2,,,1,14,,1109216,1,,,1,1,,1109216,2,,,1,54,,1109259,1,,,1,1,,1109259,2,,,1,14,,1109250,1,,,1,1,,1109250,2,,,1,15,,1109211,1,,,1,1,,1109211,2,,,1,13,,1109234,1,,,1,1,,1109234,2,,,1,54,,1109261,1,,,1,1,,1109261,2,,,1,15,,1098164,1,,,1,1,,1098164,2,,,1,14,,1096803,1,,,1,1,,1096803,2,,,1,14,,1082673,1,,,1,41,,1082673,2,,,1,14,,1109233,1,,,1,1,,1109233,2,,,1,14,,1109217,1,,,1,2,,1109217,2,,,1,12,,946010,1,,,1,2,,946010,2,,,1,13,,1109207,1,,,1,42,,1109207,2,,,1,15,,1109215,1,,,1,2,,1109215,2,,,1,13,,1109240,1,,,1,2,,1109240,2,,,1,68,,1109253,1,,,1,2,,1109253,2,,,1,12,,1109227,1,,,1,2,,1109227,2,,,1,16,,1109256,1,,,1,2,,1109256,2,,,1,12,,1109232,1,,,1,2,,1109232,2,,,1,53,,1109210,1,,,1,2,,1109210,2,,,1,14,,1109213,1,,,1,2,,1109213,2,,,1,12,,1109241,1,,,1,2,,1109241,2,,,1,13,,1013893,1,,,1,2,,1013893,2,,,1,53,,999876,1,,,1,2,,999876,2,,,1,13,,1109214,1,,,1,2,,1109214,2,,,1,12,,1109226,1,,,1,2,,1109226,2,,,1,13,,1109224,1,,,1,2,,1109224,2,,,1,12,,1109248,1,,,1,42,,1109248,2,,,1,13,,1109243,1,,,1,2,,1109243,2,,,1,10,,1109258,1,,,1,2,,1109258,2,,,1,14,,1109242,1,,,1,2,,1109242,2,,,1,12,,1109229,1,,,1,2,,1109229,2,,,1,53,,1109251,1,,,1,2,,1109251,2,,,1,12,,1109252,1,,,1,2,,1109252,2,,,1,20,,1109209,1,,,1,2,,1109209,2,,,1,68,,1109260,1,,,1,2,,1109260,2,,,1,27,,1109244,1,,,1,2,,1109244,2,,,1,56,,1109235,1,0,67,1,2,,1109235,2,0,67,1,9,,1109206,1,,,1,2,,1109206,2,,,1,28,,1109222,1,,,1,1,,1109222,2,,,1,64,,1109220,1,,,1,1,,1109220,2,,,1,30,,1109255,1,,,1,1,,1109255,2,,,1,70,,1109212,1,,,1,1,,1109212,2,,,1,33,,1109208,1,,,1,1,,1109208,2,,,1,64,,1109254,1,,,1,1,,1109254,2,,,1,29,,1109246,1,,,1,1,,1109246,2,,,1,69,,1109237,1,,,1,1,,1109237,2,,,1
701,'17',641,,1109327,1,,,1,1,,1109327,2,,,1,64,,1109313,1,,,1,1,,1109313,2,,,1,29,,1109324,1,,,1,1,,1109324,2,,,1,69,,1109343,1,,,1,1,,1109343,2,,,1,29,,1109352,1,,,1,1,,1109352,2,,,1,69,,1109285,1,,,1,1,,1109285,2,,,1,19,,1109302,1,0,67,1,1,,1109302,2,0,67,1,19,,1109306,1,,,1,1,,1109306,2,,,1,55,,1109292,1,0,67,1,1,,1109292,2,0,67,1,14,,1109328,1,,,1,1,,1109328,2,,,1,5,,1109351,1,0,147,1,1,,1109351,2,0,147,1,4,,1109341,1,0,147,1,1,,1109341,2,0,147,1,3,,1109349,1,0,67,1,1,,1109267,1,0,147,1,0,,1109349,2,0,67,1,1,,1109267,2,0,147,1,4,,1109269,1,0,147,1,1,,1109269,2,0,147,1,4,,1109342,1,0,147,1,1,,1109342,2,0,147,1,3,,1109275,1,,,1,1,,1109307,1,0,147,1,0,,1109275,2,,,1,1,,1109307,2,0,147,1,4,,1109322,1,0,147,1,1,,1109322,2,0,147,1,4,,1109276,1,0,147,1,1,,1109276,2,0,147,1,43,,1109270,1,0,67,1,1,,1109303,1,0,147,1,0,,1109270,2,0,67,1,1,,1109303,2,0,147,1,4,,1109288,1,0,147,1,1,,1109288,2,0,147,1,4,,1109294,1,0,147,1,1,,1109294,2,0,147,1,3,,1109300,1,,,1,1,,1109333,1,0,147,1,0,,1109300,2,,,1,1,,1109333,2,0,147,1,4,,1109350,1,0,147,1,1,,1109350,2,0,147,1,4,,1109336,1,0,147,1,1,,1109336,2,0,147,1,3,,1109305,1,0,67,1,1,,1109354,1,0,147,1,0,,1109305,2,0,67,1,1,,1109354,2,0,147,1,4,,1109282,1,0,147,1,1,,1109282,2,0,147,1,4,,1109281,1,0,147,1,1,,1109281,2,0,147,1,3,,1109319,1,,,1,1,,1109301,1,0,147,1,0,,1109319,2,,,1,1,,1109301,2,0,147,1,4,,1109339,1,0,147,1,1,,1109339,2,0,147,1,4,,1109268,1,0,147,1,1,,1109268,2,0,147,1,43,,1109338,1,0,67,1,1,,1109286,1,0,147,1,0,,1109338,2,0,67,1,1,,1109286,2,0,147,1,4,,1109289,1,0,147,1,1,,1109289,2,0,147,1,4,,1109271,1,0,147,1,1,,1109271,2,0,147,1,3,,1109345,1,,,1,1,,1109337,1,0,147,1,0,,1109345,2,,,1,1,,1109337,2,0,147,1,4,,1109317,1,0,147,1,1,,1109317,2,0,147,1,4,,1109346,1,0,147,1,1,,1109346,2,0,147,1,3,,1109353,1,0,67,1,1,,1109278,1,0,147,1,0,,1109353,2,0,67,1,1,,1109278,2,0,147,1,4,,1109329,1,0,147,1,1,,1109329,2,0,147,1,4,,1109348,1,0,147,1,1,,1109348,2,0,147,1,3,,1109315,1,,,1,1,,1109265,1,0,147,1,0,,1109315,2,,,1,1,,1109265,2,0,147,1,4,,1109323,1,0,147,1,1,,1109323,2,0,147,1,4,,1109326,1,0,147,1,1,,1109326,2,0,147,1,43,,1109320,1,0,67,1,1,,1109320,2,0,67,1,14,,1109344,1,,,1,1,,1109344,2,,,1,14,,1109332,1,0,67,1,1,,1109332,2,0,67,1,14,,1109274,1,,,1,1,,1109274,2,,,1,54,,1109331,1,0,67,1,1,,1109331,2,0,67,1,14,,1109293,1,,,1,1,,1109293,2,,,1,11,,1109355,1,0,67,1,1,,1109355,2,0,67,1,11,,1109263,1,,,1,1,,1109263,2,,,1,11,,1109321,1,0,67,1,1,,1109321,2,0,67,1,51,,1109295,1,,,1,1,,1109295,2,,,1,11,,1109334,1,0,67,1,1,,1109334,2,0,67,1,11,,1109290,1,,,1,1,,1109290,2,,,1,11,,1109316,1,0,67,1,1,,1109316,2,0,67,1,11,,1109335,1,,,1,1,,1109335,2,,,1,51,,1109283,1,0,67,1,1,,1109283,2,0,67,1,11,,1109325,1,,,1,1,,1109325,2,,,1,11,,1109299,1,0,67,1,1,,1109299,2,0,67,1,11,,1109272,1,,,1,1,,1109272,2,,,1,11,,1109298,1,0,67,1,1,,1109298,2,0,67,1,51,,1109291,1,,,1,1,,1109291,2,,,1,11,,1109312,1,0,67,1,1,,1109312,2,0,67,1,11,,1109309,1,,,1,1,,1109309,2,,,1,11,,1109264,1,0,67,1,1,,1109264,2,0,67,1,11,,1109273,1,,,1,1,,1109273,2,,,1,51,,1109318,1,0,67,1,1,,1109318,2,0,67,1,11,,1109330,1,,,1,1,,1109330,2,,,1,14,,1109266,1,0,67,1,1,,1109266,2,0,67,1,14,,1109310,1,,,1,1,,1109310,2,,,1,54,,1109284,1,0,67,1,1,,1109284,2,0,67,1,14,,1109279,1,,,1,1,,1109279,2,,,1,14,,1109347,1,0,67,1,1,,1109347,2,0,67,1,14,,1109277,1,,,1,1,,1109277,2,,,1,54,,1109304,1,0,67,1,1,,1109304,2,0,67,1,14,,1109280,1,,,1,1,,1109280,2,,,1,22,,1109340,1,,,1,1,,1109340,2,,,1,69,,1109311,1,,,1,1,,1109311,2,,,1,29,,1109287,1,,,1,1,,1109287,2,,,1,69,,1109297,1,,,1,1,,1109297,2,,,1,29,,1109314,1,,,1,1,,1109314,2,,,1,69,,1109308,1,,,1,1,,1109308,2,,,1,29,,1109296,1,,,1,1,,1109296,2,,,1
701,'2',648,,1070763,1,,,1,1,,1070763,2,,,1,69,,1109412,1,,,1,1,,1109412,2,,,1,29,,1109369,1,,,1,1,,1109369,2,,,1,69,,1109387,1,,,1,1,,1109387,2,,,1,29,,1109395,1,,,1,1,,1109395,2,,,1,69,,1109399,1,,,1,1,,1109399,2,,,1,29,,1109382,1,,,1,1,,1109382,2,,,1,54,,1109404,1,0,67,1,1,,1109404,2,0,67,1,13,,1109364,1,,,1,1,,1109364,2,,,1,12,,1109407,1,0,67,1,1,,1109407,2,0,67,1,11,,1109360,1,,,1,1,,1109360,2,,,1,11,,1109356,1,0,67,1,1,,1109356,2,0,67,1,51,,1109378,1,,,1,1,,1109378,2,,,1,11,,1109403,1,0,67,1,1,,1109403,2,0,67,1,11,,1109411,1,,,1,1,,1109411,2,,,1,11,,1109376,1,0,67,1,1,,1109376,2,0,67,1,11,,1109386,1,,,1,1,,1109386,2,,,1,51,,1109391,1,,,1,1,,1109391,2,,,1,11,,1109358,1,,,1,1,,1109358,2,,,1,11,,1109368,1,,,1,1,,1109368,2,,,1,12,,1035733,1,,,1,1,,1035733,2,,,1,11,,1091482,1,,,1,1,,1091482,2,,,1,52,,1109409,1,,,1,1,,1109409,2,,,1,11,,1109374,1,,,1,1,,1109374,2,,,1,11,,1109384,1,,,1,1,,1109384,2,,,1,11,,1109388,1,,,1,1,,1109388,2,,,1,11,,1109366,1,,,1,1,,1109366,2,,,1,51,,1109365,1,,,1,1,,1109365,2,,,1,11,,1109393,1,,,1,1,,1109393,2,,,1,11,,1109396,1,,,1,1,,1109396,2,,,1,11,,1109400,1,,,1,1,,1109400,2,,,1,11,,1109363,1,,,1,1,,1109363,2,,,1,51,,1084297,1,,,1,1,,1084297,2,,,1,11,,1109361,1,,,1,1,,1109361,2,,,1,11,,1109417,1,,,1,1,,1109417,2,,,1,11,,1109414,1,,,1,1,,1109414,2,,,1,11,,1109413,1,,,1,1,,1109413,2,,,1,52,,1109373,1,,,1,1,,1109373,2,,,1,11,,1109418,1,,,1,1,,1109418,2,,,1,11,,1109415,1,,,1,1,,1109415,2,,,1,11,,997289,1,,,1,1,,997289,2,,,1,11,,1109362,1,,,1,1,,1109362,2,,,1,51,,1109385,1,,,1,1,,1109385,2,,,1,11,,1109359,1,,,1,1,,1109359,2,,,1,11,,1109394,1,,,1,1,,1109394,2,,,1,11,,1109401,1,,,1,1,,1109401,2,,,1,11,,1069469,1,,,1,1,,1069469,2,,,1,50,,1109397,1,,,1,1,,1109397,2,,,1,11,,1109398,1,0,67,1,1,,1109398,2,0,67,1,11,,1109389,1,,,1,1,,1109389,2,,,1,11,,1109367,1,0,67,1,1,,1109367,2,0,67,1,11,,1109390,1,,,1,1,,1109390,2,,,1,53,,1109406,1,0,67,1,1,,1109406,2,0,67,1,14,,1109392,1,,,1,1,,1109392,2,,,1,14,,1109383,1,0,67,1,1,,1109383,2,0,67,1,14,,1109381,1,,,1,1,,1109381,2,,,1,54,,1109357,1,0,67,1,1,,1109357,2,0,67,1,14,,1109375,1,,,1,1,,1109375,2,,,1,14,,1109377,1,,,1,1,,1109377,2,,,1,14,,1098008,1,,,1,1,,1098008,2,,,1,54,,1088461,1,,,1,1,,1088461,2,,,1,14,,1109371,1,,,1,1,,1109371,2,,,1,23,,1109379,1,,,1,1,,1109379,2,,,1,69,,1109372,1,,,1,1,,1109372,2,,,1,29,,1109408,1,,,1,1,,1109408,2,,,1,69,,1109402,1,,,1,1,,1109402,2,,,1,29,,1056176,1,,,1,1,,1056176,2,,,1,69,,1109405,1,,,1,1,,1109405,2,,,1,35,,1109370,1,,,1,1,,1109370,2,,,1
701,'3',641,,1109463,1,,,1,1,,1109463,2,,,1,64,,1109453,1,,,1,1,,1109453,2,,,1,29,,1109461,1,,,1,1,,1109461,2,,,1,69,,1109472,1,,,1,1,,1109472,2,,,1,29,,1109477,1,,,1,1,,1109477,2,,,1,69,,1109432,1,,,1,1,,1109432,2,,,1,19,,1109444,1,0,67,1,1,,1109444,2,0,67,1,19,,1109447,1,,,1,1,,1109447,2,,,1,55,,1109436,1,0,67,1,1,,1109436,2,0,67,1,14,,1109464,1,,,1,1,,1109464,2,,,1,14,,1109476,1,0,67,1,1,,1109476,2,0,67,1,14,,1109426,1,,,1,1,,1109426,2,,,1,54,,1109422,1,0,67,1,1,,1109422,2,0,67,1,14,,1109443,1,,,1,1,,1109443,2,,,1,14,,1109446,1,0,67,1,1,,1109446,2,0,67,1,14,,1109458,1,,,1,1,,1109458,2,,,1,54,,1109470,1,0,67,1,1,,1109470,2,0,67,1,14,,1109474,1,,,1,1,,1109474,2,,,1,14,,1109478,1,0,67,1,1,,1109478,2,0,67,1,14,,1109455,1,,,1,1,,1109455,2,,,1,54,,1109459,1,0,67,1,1,,1109459,2,0,67,1,14,,1109473,1,,,1,1,,1109473,2,,,1,14,,1109467,1,0,67,1,1,,1109467,2,0,67,1,14,,1109425,1,,,1,1,,1109425,2,,,1,54,,1109466,1,0,67,1,1,,1109466,2,0,67,1,14,,1109437,1,,,1,1,,1109437,2,,,1,11,,1109479,1,0,67,1,1,,1109479,2,0,67,1,11,,1109419,1,,,1,1,,1109419,2,,,1,11,,1109460,1,0,67,1,1,,1109460,2,0,67,1,51,,1109438,1,,,1,1,,1109438,2,,,1,11,,1109468,1,0,67,1,1,,1109468,2,0,67,1,11,,1109434,1,,,1,1,,1109434,2,,,1,11,,1109456,1,0,67,1,1,,1109456,2,0,67,1,11,,1109469,1,,,1,1,,1109469,2,,,1,51,,1109430,1,0,67,1,1,,1109430,2,0,67,1,11,,1109462,1,,,1,1,,1109462,2,,,1,11,,1109442,1,0,67,1,1,,1109442,2,0,67,1,11,,1109423,1,,,1,1,,1109423,2,,,1,11,,1109441,1,0,67,1,1,,1109441,2,0,67,1,51,,1109435,1,,,1,1,,1109435,2,,,1,11,,1109452,1,0,67,1,1,,1109452,2,0,67,1,11,,1109449,1,,,1,1,,1109449,2,,,1,11,,1109420,1,0,67,1,1,,1109420,2,0,67,1,11,,1109424,1,,,1,1,,1109424,2,,,1,51,,1109457,1,0,67,1,1,,1109457,2,0,67,1,11,,1109465,1,,,1,1,,1109465,2,,,1,14,,1109421,1,0,67,1,1,,1109421,2,0,67,1,14,,1109450,1,,,1,1,,1109450,2,,,1,54,,1109431,1,0,67,1,1,,1109431,2,0,67,1,14,,1109428,1,,,1,1,,1109428,2,,,1,14,,1109475,1,0,67,1,1,,1109475,2,0,67,1,14,,1109427,1,,,1,1,,1109427,2,,,1,54,,1109445,1,0,67,1,1,,1109445,2,0,67,1,14,,1109429,1,,,1,1,,1109429,2,,,1,22,,1109471,1,,,1,1,,1109471,2,,,1,69,,1109451,1,,,1,1,,1109451,2,,,1,29,,1109433,1,,,1,1,,1109433,2,,,1,69,,1109440,1,,,1,1,,1109440,2,,,1,29,,1109454,1,,,1,1,,1109454,2,,,1,69,,1109448,1,,,1,1,,1109448,2,,,1,29,,1109439,1,,,1,1,,1109439,2,,,1
701,'4',641,,1109534,1,,,1,1,,1109534,2,,,1,64,,1109517,1,,,1,1,,1109517,2,,,1,29,,1109526,1,,,1,1,,1109526,2,,,1,69,,1109486,1,,,1,1,,1109486,2,,,1,29,,1109499,1,,,1,1,,1109499,2,,,1,69,,1109481,1,,,1,1,,1109481,2,,,1,19,,1109504,1,0,67,1,1,,1109504,2,0,67,1,19,,1109507,1,,,1,1,,1109507,2,,,1,55,,1072557,1,0,67,1,1,,1072557,2,0,67,1,14,,1109516,1,,,1,1,,1109516,2,,,1,14,,1109510,1,0,67,1,1,,1109510,2,0,67,1,14,,1109519,1,,,1,1,,1109519,2,,,1,54,,1109483,1,0,67,1,1,,1109483,2,0,67,1,14,,1109520,1,,,1,1,,1109520,2,,,1,14,,1109532,1,0,67,1,1,,1109532,2,0,67,1,14,,1091835,1,,,1,1,,1091835,2,,,1,54,,1109487,1,0,67,1,1,,1109487,2,0,67,1,14,,1109508,1,,,1,1,,1109508,2,,,1,14,,1109525,1,0,67,1,1,,1109525,2,0,67,1,14,,1109489,1,,,1,1,,1109489,2,,,1,54,,1109503,1,0,67,1,1,,1109503,2,0,67,1,14,,1109485,1,,,1,1,,1109485,2,,,1,14,,1109531,1,0,67,1,1,,1109531,2,0,67,1,14,,1109501,1,,,1,1,,1109501,2,,,1,54,,1109488,1,0,67,1,1,,1109488,2,0,67,1,14,,1109518,1,,,1,1,,1109518,2,,,1,11,,1109496,1,0,67,1,1,,1109496,2,0,67,1,11,,1109511,1,,,1,1,,1109511,2,,,1,11,,1109529,1,0,67,1,1,,1109529,2,0,67,1,51,,1109514,1,,,1,1,,1109514,2,,,1,11,,1109521,1,0,67,1,1,,1109521,2,0,67,1,11,,1109502,1,,,1,1,,1109502,2,,,1,11,,1000079,1,0,67,1,1,,1000079,2,0,67,1,11,,1109528,1,,,1,1,,1109528,2,,,1,51,,1109506,1,0,67,1,1,,1109506,2,0,67,1,11,,1109527,1,,,1,1,,1109527,2,,,1,11,,1109533,1,0,67,1,1,,1109533,2,0,67,1,11,,1109492,1,,,1,1,,1109492,2,,,1,11,,1109480,1,0,67,1,1,,1109480,2,0,67,1,51,,1109494,1,,,1,1,,1109494,2,,,1,11,,1109497,1,0,67,1,1,,1109497,2,0,67,1,11,,1109490,1,,,1,1,,1109490,2,,,1,11,,1109493,1,0,67,1,1,,1109493,2,0,67,1,11,,1109509,1,,,1,1,,1109509,2,,,1,51,,1109512,1,0,67,1,1,,1109512,2,0,67,1,11,,1109522,1,,,1,1,,1109522,2,,,1,14,,1109524,1,0,67,1,1,,1109524,2,0,67,1,14,,1109482,1,,,1,1,,1109482,2,,,1,54,,1109495,1,0,67,1,1,,1109495,2,0,67,1,14,,1052288,1,,,1,1,,1052288,2,,,1,14,,1109515,1,0,67,1,1,,1109515,2,0,67,1,14,,1109530,1,,,1,1,,1109530,2,,,1,54,,1109498,1,0,67,1,1,,1109498,2,0,67,1,14,,1050080,1,,,1,1,,1050080,2,,,1,22,,1109505,1,,,1,1,,1109505,2,,,1,69,,1109491,1,,,1,1,,1109491,2,,,1,29,,1109484,1,,,1,1,,1109484,2,,,1,69,,1109523,1,,,1,1,,1109523,2,,,1,29,,1098655,1,,,1,1,,1098655,2,,,1,69,,1109513,1,,,1,1,,1109513,2,,,1,29,,1109500,1,,,1,1,,1109500,2,,,1
701,'5',614,,1044678,1,,,1,1,,1044678,2,,,1,23,,1109568,1,,,1,1,,1109568,2,,,1,14,,1109548,1,,,1,1,,1109548,2,,,1,52,,1109589,1,,,1,1,,1109589,2,,,1,14,,1109544,1,,,1,2,,1109544,2,,,1,16,,1109576,1,,,1,2,,1109576,2,,,1,12,,1109558,1,,,1,2,,1109558,2,,,1,57,,1109585,1,,,1,2,,1109585,2,,,1,10,,1109554,1,,,1,2,,1109554,2,,,1,15,,1109562,1,,,1,2,,1109562,2,,,1,15,,1109574,1,,,1,42,,1109574,2,,,1,13,,1109564,1,,,1,2,,1109564,2,,,1,14,,1109542,1,,,1,1,,1109542,2,,,1,11,,1095895,1,,,1,1,,1095895,2,,,1,14,,1063586,1,,,1,1,,1063586,2,,,1,54,,1109579,1,,,1,1,,1109579,2,,,1,14,,1109580,1,,,1,1,,1109580,2,,,1,16,,1109569,1,,,1,1,,1109569,2,,,1,14,,1079103,1,,,1,1,,1079103,2,,,1,54,,1109588,1,,,1,1,,1109588,2,,,1,14,,1109587,1,,,1,1,,1109587,2,,,1,15,,1095892,1,,,1,1,,1095892,2,,,1,13,,1086956,1,,,1,1,,1086956,2,,,1,54,,1109584,1,,,1,1,,1109584,2,,,1,15,,1109556,1,,,1,1,,1109556,2,,,1,14,,1109549,1,,,1,1,,1109549,2,,,1,14,,1045274,1,,,1,41,,1045274,2,,,1,14,,1109541,1,,,1,1,,1109541,2,,,1,14,,1109571,1,,,1,2,,1109571,2,,,1,12,,1109570,1,,,1,2,,1109570,2,,,1,13,,1109578,1,,,1,42,,1109578,2,,,1,15,,1005064,1,,,1,2,,1005064,2,,,1,13,,1109577,1,,,1,2,,1109577,2,,,1,68,,1109543,1,,,1,2,,1109543,2,,,1,12,,1029295,1,,,1,2,,1029295,2,,,1,16,,1109582,1,,,1,2,,1109582,2,,,1,12,,1109583,1,,,1,2,,1109583,2,,,1,53,,1109552,1,,,1,2,,1109552,2,,,1,14,,1109537,1,,,1,2,,1109537,2,,,1,12,,1109572,1,,,1,2,,1109572,2,,,1,13,,1079541,1,,,1,2,,1079541,2,,,1,53,,1109555,1,,,1,2,,1109555,2,,,1,13,,1109535,1,,,1,2,,1109535,2,,,1,12,,1109561,1,,,1,2,,1109561,2,,,1,13,,1109553,1,,,1,2,,1109553,2,,,1,12,,1109546,1,,,1,42,,1109546,2,,,1,13,,1109565,1,,,1,2,,1109565,2,,,1,10,,1109557,1,,,1,2,,1109557,2,,,1,14,,1109538,1,,,1,2,,1109538,2,,,1,12,,1109547,1,,,1,2,,1109547,2,,,1,53,,1109539,1,,,1,2,,1109539,2,,,1,12,,1087543,1,,,1,2,,1087543,2,,,1,20,,1109560,1,,,1,2,,1109560,2,,,1,68,,1109559,1,,,1,2,,1109559,2,,,1,27,,1109575,1,,,1,2,,1109575,2,,,1,56,,1109545,1,0,67,1,2,,1109545,2,0,67,1,9,,1109573,1,,,1,2,,1109573,2,,,1,28,,1109563,1,,,1,1,,1109563,2,,,1,64,,1109567,1,,,1,1,,1109567,2,,,1,30,,1109540,1,,,1,1,,1109540,2,,,1,70,,1051233,1,,,1,1,,1051233,2,,,1,33,,1109536,1,,,1,1,,1109536,2,,,1,64,,1109551,1,,,1,1,,1109551,2,,,1,29,,1019365,1,,,1,1,,1019365,2,,,1,69,,1109566,1,,,1,1,,1109566,2,,,1
701,'6',614,,1109608,1,,,1,1,,1109608,2,,,1,23,,1109643,1,,,1,1,,1109643,2,,,1,14,,1109624,1,,,1,1,,1109624,2,,,1,52,,1109622,1,,,1,1,,1109622,2,,,1,14,,1109631,1,,,1,2,,1109631,2,,,1,16,,1109616,1,,,1,2,,1109616,2,,,1,12,,1109604,1,,,1,2,,1109604,2,,,1,57,,1109644,1,,,1,2,,1109644,2,,,1,10,,1109606,1,,,1,2,,1109606,2,,,1,15,,1109625,1,,,1,2,,1109625,2,,,1,15,,1109633,1,,,1,42,,1109633,2,,,1,13,,1109603,1,,,1,2,,1109603,2,,,1,14,,1109650,1,,,1,1,,1109650,2,,,1,11,,1109613,1,,,1,1,,1109613,2,,,1,14,,1109596,1,,,1,1,,1109596,2,,,1,54,,1109590,1,,,1,1,,1109590,2,,,1,14,,1109610,1,,,1,1,,1109610,2,,,1,16,,1025658,1,,,1,1,,1025658,2,,,1,14,,1068482,1,,,1,1,,1068482,2,,,1,54,,1091711,1,,,1,1,,1091711,2,,,1,14,,1109636,1,,,1,1,,1109636,2,,,1,15,,1109594,1,,,1,1,,1109594,2,,,1,13,,1109619,1,,,1,1,,1109619,2,,,1,54,,1109649,1,,,1,1,,1109649,2,,,1,15,,1109602,1,,,1,1,,1109602,2,,,1,14,,1109595,1,,,1,1,,1109595,2,,,1,14,,1109648,1,,,1,41,,1109648,2,,,1,14,,1109618,1,,,1,1,,1109618,2,,,1,14,,1097958,1,,,1,2,,1097958,2,,,1,12,,1109621,1,,,1,2,,1109621,2,,,1,13,,994377,1,,,1,42,,994377,2,,,1,15,,1109601,1,,,1,2,,1109601,2,,,1,13,,1109626,1,,,1,2,,1109626,2,,,1,68,,1109639,1,,,1,2,,1109639,2,,,1,12,,1109612,1,,,1,2,,1109612,2,,,1,16,,1109642,1,,,1,2,,1109642,2,,,1,12,,1109617,1,,,1,2,,1109617,2,,,1,53,,973660,1,,,1,2,,973660,2,,,1,14,,1109599,1,,,1,2,,1109599,2,,,1,12,,1109627,1,,,1,2,,1109627,2,,,1,13,,1109597,1,,,1,2,,1109597,2,,,1,53,,1109647,1,,,1,2,,1109647,2,,,1,13,,1109600,1,,,1,2,,1109600,2,,,1,12,,1109611,1,,,1,2,,1109611,2,,,1,13,,1109609,1,,,1,2,,1109609,2,,,1,12,,1109634,1,,,1,42,,1109634,2,,,1,13,,1109629,1,,,1,2,,1109629,2,,,1,10,,1109645,1,,,1,2,,1109645,2,,,1,14,,1109628,1,,,1,2,,1109628,2,,,1,12,,1109615,1,,,1,2,,1109615,2,,,1,53,,1109637,1,,,1,2,,1109637,2,,,1,12,,1109638,1,,,1,2,,1109638,2,,,1,20,,1068469,1,,,1,2,,1068469,2,,,1,68,,1109646,1,,,1,2,,1109646,2,,,1,27,,1109630,1,,,1,2,,1109630,2,,,1,56,,1109620,1,0,67,1,2,,1109620,2,0,67,1,9,,1109592,1,,,1,2,,1109592,2,,,1,28,,1109607,1,,,1,1,,1109607,2,,,1,64,,1109605,1,,,1,1,,1109605,2,,,1,30,,1109641,1,,,1,1,,1109641,2,,,1,70,,1109598,1,,,1,1,,1109598,2,,,1,33,,1109593,1,,,1,1,,1109593,2,,,1,64,,1109640,1,,,1,1,,1109640,2,,,1,29,,1109632,1,,,1,1,,1109632,2,,,1,69,,1109623,1,,,1,1,,1109623,2,,,1
701,'7',648,,1109659,1,,,1,1,,1109659,2,,,1,69,,1109697,1,,,1,1,,1109697,2,,,1,29,,1109670,1,,,1,1,,1109670,2,,,1,69,,1109651,1,,,1,1,,1109651,2,,,1,29,,1109709,1,,,1,1,,1109709,2,,,1,69,,1109715,1,,,1,1,,1109715,2,,,1,29,,1109695,1,,,1,1,,1109695,2,,,1,54,,1109689,1,0,67,1,1,,1109689,2,0,67,1,13,,1109686,1,,,1,1,,1109686,2,,,1,12,,1109713,1,0,67,1,1,,1109713,2,0,67,1,11,,1109683,1,,,1,1,,1109683,2,,,1,11,,1109696,1,0,67,1,1,,1109696,2,0,67,1,51,,1109655,1,,,1,1,,1109655,2,,,1,11,,1109671,1,0,67,1,1,,1109671,2,0,67,1,11,,1109720,1,,,1,1,,1109720,2,,,1,11,,1109662,1,0,67,1,1,,1109662,2,0,67,1,11,,1109661,1,,,1,1,,1109661,2,,,1,51,,1109687,1,,,1,1,,1109687,2,,,1,11,,1109708,1,,,1,1,,1109708,2,,,1,11,,1109706,1,,,1,1,,1109706,2,,,1,12,,1109664,1,,,1,1,,1109664,2,,,1,11,,1109704,1,,,1,1,,1109704,2,,,1,52,,1109712,1,,,1,1,,1109712,2,,,1,11,,1109680,1,,,1,1,,1109680,2,,,1,11,,1109714,1,,,1,1,,1109714,2,,,1,11,,1109676,1,,,1,1,,1109676,2,,,1,11,,1109711,1,,,1,1,,1109711,2,,,1,51,,1109672,1,,,1,1,,1109672,2,,,1,11,,1109660,1,,,1,1,,1109660,2,,,1,11,,1109693,1,,,1,1,,1109693,2,,,1,11,,1109690,1,,,1,1,,1109690,2,,,1,11,,1109675,1,,,1,1,,1109675,2,,,1,51,,1109663,1,,,1,1,,1109663,2,,,1,11,,1109716,1,,,1,1,,1109716,2,,,1,11,,1109673,1,,,1,1,,1109673,2,,,1,11,,1109692,1,,,1,1,,1109692,2,,,1,11,,1109710,1,,,1,1,,1109710,2,,,1,52,,1109657,1,,,1,1,,1109657,2,,,1,11,,1109684,1,,,1,1,,1109684,2,,,1,11,,1109656,1,,,1,1,,1109656,2,,,1,11,,1109685,1,,,1,1,,1109685,2,,,1,11,,1109719,1,,,1,1,,1109719,2,,,1,51,,1109653,1,,,1,1,,1109653,2,,,1,11,,1109688,1,,,1,1,,1109688,2,,,1,11,,1109705,1,,,1,1,,1109705,2,,,1,11,,1109722,1,,,1,1,,1109722,2,,,1,11,,1109665,1,,,1,1,,1109665,2,,,1,50,,1109717,1,,,1,1,,1109717,2,,,1,11,,1109658,1,0,67,1,1,,1109658,2,0,67,1,11,,1109654,1,,,1,1,,1109654,2,,,1,11,,1109667,1,0,67,1,1,,1109667,2,0,67,1,11,,1109674,1,,,1,1,,1109674,2,,,1,53,,1109652,1,0,67,1,1,,1109652,2,0,67,1,14,,1109707,1,,,1,1,,1109707,2,,,1,14,,1109694,1,0,67,1,1,,1109694,2,0,67,1,14,,1109699,1,,,1,1,,1109699,2,,,1,54,,1109682,1,0,67,1,1,,1109682,2,0,67,1,14,,1109668,1,,,1,1,,1109668,2,,,1,14,,1109677,1,,,1,1,,1109677,2,,,1,14,,1109666,1,,,1,1,,1109666,2,,,1,54,,1109701,1,,,1,1,,1109701,2,,,1,14,,1109669,1,,,1,1,,1109669,2,,,1,23,,1109681,1,,,1,1,,1109681,2,,,1,69,,1109691,1,,,1,1,,1109691,2,,,1,29,,1109721,1,,,1,1,,1109721,2,,,1,69,,1109678,1,,,1,1,,1109678,2,,,1,29,,1109718,1,,,1,1,,1109718,2,,,1,69,,1109700,1,,,1,1,,1109700,2,,,1,35,,1109702,1,,,1,1,,1109702,2,,,1
701,'8',614,,1109746,1,,,1,1,,1109746,2,,,1,23,,1109782,1,,,1,1,,1109782,2,,,1,14,,1109763,1,,,1,1,,1109763,2,,,1,52,,1109761,1,,,1,1,,1109761,2,,,1,14,,1109770,1,,,1,2,,1109770,2,,,1,16,,1109754,1,,,1,2,,1109754,2,,,1,12,,1109742,1,,,1,2,,1109742,2,,,1,57,,1109783,1,,,1,2,,1109783,2,,,1,10,,1109744,1,,,1,2,,1109744,2,,,1,15,,1109764,1,,,1,2,,1109764,2,,,1,15,,1109772,1,,,1,42,,1109772,2,,,1,13,,1109741,1,,,1,2,,1109741,2,,,1,14,,1109790,1,,,1,1,,1109790,2,,,1,11,,1109751,1,,,1,1,,1109751,2,,,1,14,,1109732,1,,,1,1,,1109732,2,,,1,54,,1109723,1,,,1,1,,1109723,2,,,1,14,,1109748,1,,,1,1,,1109748,2,,,1,16,,1109755,1,,,1,1,,1109755,2,,,1,14,,1109738,1,,,1,1,,1109738,2,,,1,54,,1109785,1,,,1,1,,1109785,2,,,1,14,,1109775,1,,,1,1,,1109775,2,,,1,15,,1109730,1,,,1,1,,1109730,2,,,1,13,,1109758,1,,,1,1,,1109758,2,,,1,54,,1109789,1,,,1,1,,1109789,2,,,1,15,,1109739,1,,,1,1,,1109739,2,,,1,14,,1109731,1,,,1,1,,1109731,2,,,1,14,,1109788,1,,,1,41,,1109788,2,,,1,14,,1109757,1,,,1,1,,1109757,2,,,1,14,,1109740,1,,,1,2,,1109740,2,,,1,12,,1109760,1,,,1,2,,1109760,2,,,1,13,,1109726,1,,,1,42,,1109726,2,,,1,15,,1109737,1,,,1,2,,1109737,2,,,1,13,,1109765,1,,,1,2,,1109765,2,,,1,68,,1109778,1,,,1,2,,1109778,2,,,1,12,,1109750,1,,,1,2,,1109750,2,,,1,16,,1109781,1,,,1,2,,1109781,2,,,1,12,,1109756,1,,,1,2,,1109756,2,,,1,53,,1109729,1,,,1,2,,1109729,2,,,1,14,,1109735,1,,,1,2,,1109735,2,,,1,12,,1109766,1,,,1,2,,1109766,2,,,1,13,,1109733,1,,,1,2,,1109733,2,,,1,53,,1109787,1,,,1,2,,1109787,2,,,1,13,,1109736,1,,,1,2,,1109736,2,,,1,12,,1109749,1,,,1,2,,1109749,2,,,1,13,,1109747,1,,,1,2,,1109747,2,,,1,12,,1109773,1,,,1,42,,1109773,2,,,1,13,,1109768,1,,,1,2,,1109768,2,,,1,10,,1109784,1,,,1,2,,1109784,2,,,1,14,,1109767,1,,,1,2,,1109767,2,,,1,12,,1109753,1,,,1,2,,1109753,2,,,1,53,,1109776,1,,,1,2,,1109776,2,,,1,12,,1109777,1,,,1,2,,1109777,2,,,1,20,,1109728,1,,,1,2,,1109728,2,,,1,68,,1109786,1,,,1,2,,1109786,2,,,1,27,,1109769,1,,,1,2,,1109769,2,,,1,56,,1109759,1,0,67,1,2,,1109759,2,0,67,1,9,,1109725,1,,,1,2,,1109725,2,,,1,28,,1109745,1,,,1,1,,1109745,2,,,1,64,,1109743,1,,,1,1,,1109743,2,,,1,30,,1109780,1,,,1,1,,1109780,2,,,1,70,,1109734,1,,,1,1,,1109734,2,,,1,33,,1109727,1,,,1,1,,1109727,2,,,1,64,,1109779,1,,,1,1,,1109779,2,,,1,29,,1109771,1,,,1,1,,1109771,2,,,1,69,,1109762,1,,,1,1,,1109762,2,,,1
701,'9',614,,1044973,1,,,1,1,,1044973,2,,,1,23,,1109824,1,,,1,1,,1109824,2,,,1,14,,1109804,1,,,1,1,,1109804,2,,,1,52,,1109845,1,,,1,1,,1109845,2,,,1,14,,1109800,1,,,1,2,,1109800,2,,,1,16,,1109832,1,,,1,2,,1109832,2,,,1,12,,1109814,1,,,1,2,,1109814,2,,,1,57,,1109841,1,,,1,2,,1109841,2,,,1,10,,1109810,1,,,1,2,,1109810,2,,,1,15,,1109818,1,,,1,2,,1109818,2,,,1,15,,1109830,1,,,1,42,,1109830,2,,,1,13,,1109820,1,,,1,2,,1109820,2,,,1,14,,1109798,1,,,1,1,,1109798,2,,,1,11,,1095813,1,,,1,1,,1095813,2,,,1,14,,1063415,1,,,1,1,,1063415,2,,,1,54,,1109835,1,,,1,1,,1109835,2,,,1,14,,1109836,1,,,1,1,,1109836,2,,,1,16,,1109825,1,,,1,1,,1109825,2,,,1,14,,1078970,1,,,1,1,,1078970,2,,,1,54,,1109844,1,,,1,1,,1109844,2,,,1,14,,1109843,1,,,1,1,,1109843,2,,,1,15,,1095810,1,,,1,1,,1095810,2,,,1,13,,1086937,1,,,1,1,,1086937,2,,,1,54,,1109840,1,,,1,1,,1109840,2,,,1,15,,1109812,1,,,1,1,,1109812,2,,,1,14,,1109805,1,,,1,1,,1109805,2,,,1,14,,1045589,1,,,1,41,,1045589,2,,,1,14,,1109797,1,,,1,1,,1109797,2,,,1,14,,1109827,1,,,1,2,,1109827,2,,,1,12,,1109826,1,,,1,2,,1109826,2,,,1,13,,1109834,1,,,1,42,,1109834,2,,,1,15,,1005255,1,,,1,2,,1005255,2,,,1,13,,1109833,1,,,1,2,,1109833,2,,,1,68,,1109799,1,,,1,2,,1109799,2,,,1,12,,1029498,1,,,1,2,,1029498,2,,,1,16,,1109838,1,,,1,2,,1109838,2,,,1,12,,1109839,1,,,1,2,,1109839,2,,,1,53,,1109808,1,,,1,2,,1109808,2,,,1,14,,1109793,1,,,1,2,,1109793,2,,,1,12,,1109828,1,,,1,2,,1109828,2,,,1,13,,1079442,1,,,1,2,,1079442,2,,,1,53,,1109811,1,,,1,2,,1109811,2,,,1,13,,1109791,1,,,1,2,,1109791,2,,,1,12,,1109817,1,,,1,2,,1109817,2,,,1,13,,1109809,1,,,1,2,,1109809,2,,,1,12,,1109802,1,,,1,42,,1109802,2,,,1,13,,1109821,1,,,1,2,,1109821,2,,,1,10,,1109813,1,,,1,2,,1109813,2,,,1,14,,1109794,1,,,1,2,,1109794,2,,,1,12,,1109803,1,,,1,2,,1109803,2,,,1,53,,1109795,1,,,1,2,,1109795,2,,,1,12,,1087443,1,,,1,2,,1087443,2,,,1,20,,1109816,1,,,1,2,,1109816,2,,,1,68,,1109815,1,,,1,2,,1109815,2,,,1,27,,1109831,1,,,1,2,,1109831,2,,,1,56,,1109801,1,0,67,1,2,,1109801,2,0,67,1,9,,1109829,1,,,1,2,,1109829,2,,,1,28,,1109819,1,,,1,1,,1109819,2,,,1,64,,1109823,1,,,1,1,,1109823,2,,,1,30,,1109796,1,,,1,1,,1109796,2,,,1,70,,1051569,1,,,1,1,,1051569,2,,,1,33,,1109792,1,,,1,1,,1109792,2,,,1,64,,1109807,1,,,1,1,,1109807,2,,,1,29,,1019430,1,,,1,1,,1019430,2,,,1,69,,1109822,1,,,1,1,,1109822,2,,,1
1000,'1',611,,1112043,16,,,1,34,,1111997,40,,,1,59,,1025825,16,,,1,15,,1111998,40,,,1,25,,1112032,16,,,1,12,,1067741,40,,,1,61,,1112024,16,,,1,16,,1112008,40,,,1,16,,1112030,16,,,1,57,,1112018,40,,,1,16,,1112040,16,,,1,16,,1112041,40,,,1,8,,1112001,16,,,1,56,,1063122,40,,,1,13,,1112009,16,,,1,14,,1112010,40,,,1,13,,1112015,16,,,1,15,,1112042,40,,,1,56,,1112036,16,,,1,15,,1112017,40,,,1,16,,1112037,16,,,1,14,,1112003,40,,,1,55,,953334,16,,,1,15,,1112038,40,,,1,14,,1112031,16,,,1,16,,1112022,40,,,1,56,,1084446,16,,,1,17,,1112033,40,,,1,15,,1112026,16,,,1,55,,1111996,40,,,1,16,,1084756,16,,,1,16,,1112028,40,,,1,19,,1112039,16,,,1,54,,1112000,40,,,1,19,,1111999,16,,,1,11,,1112012,40,,,1,21,,1071928,16,,,1,54,,1112005,40,,,1,14,,1111993,16,,,1,18,,1112021,40,,,1,16,,1093427,16,,,1,57,,1112006,40,,,1,15,,1112002,16,,,1,15,,1112016,40,,,1,13,,1112007,16,,,1,56,,1112035,40,,,1,10,,1094606,16,,,1,14,,1112029,40,,,1,67,,1112020,40,,,1,31,,1112027,40,,,1,22,,1112011,40,,,1,70,,1112019,40,,,1,28,,1112034,40,,,1,68,,1111994,40,,,1,30,,1112014,40,,,1,70,,1111992,40,,,1,29,,1112025,40,,,1,67,,1112004,40,,,1,25,,1112023,40,,,1,59,,1111995,16,,,1
1000,'10',611,,1112095,16,,,1,34,,1112049,40,,,1,59,,1025941,16,,,1,15,,1112050,40,,,1,25,,1112084,16,,,1,12,,1067690,40,,,1,61,,1112076,16,,,1,16,,1112060,40,,,1,16,,1112082,16,,,1,57,,1112070,40,,,1,16,,1112092,16,,,1,16,,1112093,40,,,1,8,,1112053,16,,,1,56,,1062780,40,,,1,13,,1112061,16,,,1,14,,1112062,40,,,1,13,,1112067,16,,,1,15,,1112094,40,,,1,56,,1112088,16,,,1,15,,1112069,40,,,1,16,,1112089,16,,,1,14,,1112055,40,,,1,55,,953160,16,,,1,15,,1112090,40,,,1,14,,1112083,16,,,1,16,,1112074,40,,,1,56,,1084262,16,,,1,17,,1112085,40,,,1,15,,1112078,16,,,1,55,,1112048,40,,,1,16,,1084585,16,,,1,16,,1112080,40,,,1,19,,1112091,16,,,1,54,,1112052,40,,,1,19,,1112051,16,,,1,11,,1112064,40,,,1,21,,1071782,16,,,1,54,,1112057,40,,,1,14,,1112045,16,,,1,18,,1112073,40,,,1,16,,1093111,16,,,1,57,,1112058,40,,,1,15,,1112054,16,,,1,15,,1112068,40,,,1,13,,1112059,16,,,1,56,,1112087,40,,,1,10,,1094436,16,,,1,14,,1112081,40,,,1,67,,1112072,40,,,1,31,,1112079,40,,,1,22,,1112063,40,,,1,70,,1112071,40,,,1,28,,1112086,40,,,1,68,,1112046,40,,,1,30,,1112066,40,,,1,70,,1112044,40,,,1,29,,1112077,40,,,1,67,,1112056,40,,,1,25,,1112075,40,,,1,59,,1112047,16,,,1
1000,'11',611,,1112147,16,,,1,34,,1112101,40,,,1,59,,1025792,16,,,1,15,,1112102,40,,,1,25,,1112136,16,,,1,12,,1067758,40,,,1,61,,1112128,16,,,1,16,,1112112,40,,,1,16,,1112134,16,,,1,57,,1112122,40,,,1,16,,1112144,16,,,1,16,,1112145,40,,,1,8,,1112105,16,,,1,56,,1063223,40,,,1,13,,1112113,16,,,1,14,,1112114,40,,,1,13,,1112119,16,,,1,15,,1112146,40,,,1,56,,1112140,16,,,1,15,,1112121,40,,,1,16,,1112141,16,,,1,14,,1112107,40,,,1,55,,953306,16,,,1,15,,1112142,40,,,1,14,,1112135,16,,,1,16,,1112126,40,,,1,56,,1084502,16,,,1,17,,1112137,40,,,1,15,,1112130,16,,,1,55,,1112100,40,,,1,16,,1084809,16,,,1,16,,1112132,40,,,1,19,,1112143,16,,,1,54,,1112104,40,,,1,19,,1112103,16,,,1,11,,1112116,40,,,1,21,,1071974,16,,,1,54,,1112109,40,,,1,14,,1112097,16,,,1,18,,1112125,40,,,1,16,,1093518,16,,,1,57,,1112110,40,,,1,15,,1112106,16,,,1,15,,1112120,40,,,1,13,,1112111,16,,,1,56,,1112139,40,,,1,10,,1094648,16,,,1,14,,1112133,40,,,1,67,,1112124,40,,,1,31,,1112131,40,,,1,22,,1112115,40,,,1,70,,1112123,40,,,1,28,,1112138,40,,,1,68,,1112098,40,,,1,30,,1112118,40,,,1,70,,1112096,40,,,1,29,,1112129,40,,,1,67,,1112108,40,,,1,25,,1112127,40,,,1,59,,1112099,16,,,1
1000,'12',611,,1112163,16,,,1,34,,1112192,40,,,1,59,,1112186,16,,,1,15,,1112180,40,,,1,25,,995471,16,,,1,12,,1112176,40,,,1,61,,1112158,16,,,1,16,,1112148,40,,,1,16,,1112153,16,,,1,57,,1112175,40,,,1,16,,1112173,16,,,1,16,,1112167,40,,,1,8,,1112195,16,,,1,56,,1002218,40,,,1,13,,1112190,16,,,1,14,,1112169,40,,,1,13,,1112184,16,,,1,15,,1112149,40,,,1,56,,1112181,16,,,1,15,,1112183,40,,,1,16,,1112197,16,,,1,14,,1112200,40,,,1,55,,1112171,16,,,1,15,,1112157,40,,,1,14,,1112154,16,,,1,16,,1112198,40,,,1,56,,1112179,16,,,1,17,,1112159,40,,,1,15,,1112165,16,,,1,55,,1112150,40,,,1,16,,1112155,16,,,1,16,,1112196,40,,,1,19,,1074031,16,,,1,54,,1112187,40,,,1,19,,1112168,16,,,1,11,,1112151,40,,,1,21,,1112182,16,,,1,54,,1112188,40,,,1,14,,1112191,16,,,1,18,,1112164,40,,,1,16,,1037308,16,,,1,57,,1112166,40,,,1,15,,1112178,16,,,1,15,,1112177,40,,,1,13,,1112172,16,,,1,56,,1112194,40,,,1,10,,1112185,16,,,1,14,,1112156,40,,,1,67,,1023118,40,,,1,31,,1112170,40,,,1,22,,1112199,40,,,1,70,,1112201,40,,,1,28,,1060814,40,,,1,68,,1112161,40,,,1,30,,1087160,40,,,1,70,,1112162,40,,,1,29,,1112152,40,,,1,67,,1067952,40,,,1,25,,1112160,40,,,1,59,,1112193,16,,,1
1000,'13',546,,1112230,16,4,,1,70,,1112206,16,4,,1,30,,1112219,16,4,,1,72,,1112218,16,4,,1,32,,1112213,16,,,1,64,,1048726,40,,,1,30,,1112209,40,,,1,70,,1112226,40,,,1,30,,1112202,40,,,1,70,,1112204,40,,,1,33,,1084664,40,,,1,70,,1112207,40,,,1,30,,1112214,40,,,1,70,,1112225,40,,,1,30,,1112232,40,,,1,70,,1064845,40,,,1,30,,1067888,40,,,1,70,,1112231,40,,,1,30,,1112228,40,,,1,70,,1112216,40,,,1,30,,1112223,40,,,1,70,,1112221,40,,,1,30,,1063463,40,,,1,70,,1112229,40,,,1,30,,1112222,40,,,1,70,,1112215,40,,,1,30,,1074443,40,,,1,80,,1112203,16,,,1,30,,1112224,16,,,1,70,,1112211,16,,,1,30,,1112208,16,,,1,70,,1112227,16,,,1,30,,1112212,16,,,1,68,,1112217,16,,,1,29,,1112220,16,,,1,70,,1112205,16,,,1,30,,1112210,16,,,1,70,,1050772,16,,,1
1000,'14',611,,1112292,16,,,1,34,,1112244,40,,,1,59,,1112238,16,,,1,15,,1112245,40,,,1,25,,1112280,16,,,1,12,,1112246,40,,,1,61,,1112272,16,,,1,16,,1112256,40,,,1,16,,1112278,16,,,1,57,,1112266,40,,,1,16,,1112289,16,,,1,16,,1112290,40,,,1,8,,1112249,16,,,1,56,,1112285,40,,,1,13,,1112257,16,,,1,14,,1112258,40,,,1,13,,1112263,16,,,1,15,,1112291,40,,,1,56,,1112284,16,,,1,15,,1112265,40,,,1,16,,1112286,16,,,1,14,,1112251,40,,,1,55,,1112234,16,,,1,15,,1112287,40,,,1,14,,1112279,16,,,1,16,,1112270,40,,,1,56,,1112239,16,,,1,17,,1112281,40,,,1,15,,1112274,16,,,1,55,,1112243,40,,,1,16,,1112294,16,,,1,16,,1112276,40,,,1,19,,1112288,16,,,1,54,,1112248,40,,,1,19,,1112247,16,,,1,11,,1112260,40,,,1,21,,1112236,16,,,1,54,,1112253,40,,,1,14,,1112240,16,,,1,18,,1112269,40,,,1,16,,1112293,16,,,1,57,,1112254,40,,,1,15,,1112250,16,,,1,15,,1112264,40,,,1,13,,1112255,16,,,1,56,,1112283,40,,,1,10,,1112235,16,,,1,14,,1112277,40,,,1,67,,1112268,40,,,1,31,,1112275,40,,,1,22,,1112259,40,,,1,70,,1112267,40,,,1,28,,1112282,40,,,1,68,,1112241,40,,,1,30,,1112262,40,,,1,70,,1112233,40,,,1,29,,1112273,40,,,1,67,,1112252,40,,,1,25,,1112271,40,,,1,59,,1112242,16,,,1
1000,'15',611,,1112353,16,,,1,34,,1112300,40,,,1,59,,1112354,16,,,1,15,,1112314,40,,,1,25,,1112305,16,,,1,12,,1112341,40,,,1,61,,1112349,16,,,1,16,,1112318,40,,,1,16,,1112336,16,,,1,57,,1112339,40,,,1,16,,1112301,16,,,1,16,,1112337,40,,,1,8,,1112345,16,,,1,56,,1112326,40,,,1,13,,1112325,16,,,1,14,,1112333,40,,,1,13,,1112346,16,,,1,15,,1112310,40,,,1,56,,1112329,16,,,1,15,,1112334,40,,,1,16,,1112343,16,,,1,14,,1112313,40,,,1,55,,1112350,16,,,1,15,,1112328,40,,,1,14,,1112296,16,,,1,16,,1112322,40,,,1,56,,1112309,16,,,1,17,,1112335,40,,,1,15,,1112331,16,,,1,55,,1112308,40,,,1,16,,1112316,16,,,1,16,,1112295,40,,,1,19,,1112302,16,,,1,54,,1112355,40,,,1,19,,1112311,16,,,1,11,,1112332,40,,,1,21,,1112319,16,,,1,54,,1112303,40,,,1,14,,1112342,16,,,1,18,,1112344,40,,,1,16,,1112327,16,,,1,57,,1112324,40,,,1,15,,1112330,16,,,1,15,,1112315,40,,,1,13,,1112323,16,,,1,56,,1112351,40,,,1,10,,1112356,16,,,1,14,,1112317,40,,,1,67,,1112338,40,,,1,31,,1112306,40,,,1,22,,1112320,40,,,1,70,,1112348,40,,,1,28,,1112347,40,,,1,68,,1112340,40,,,1,30,,1112307,40,,,1,70,,1112299,40,,,1,29,,1112298,40,,,1,67,,1112304,40,,,1,25,,1112297,40,,,1,59,,1112321,16,,,1
1000,'16',611,,1112377,16,,,1,34,,1112408,40,,,1,59,,1112401,16,,,1,15,,1112395,40,,,1,25,,1112358,16,,,1,12,,1112391,40,,,1,61,,1112372,16,,,1,16,,1112359,40,,,1,16,,1112366,16,,,1,57,,1112390,40,,,1,16,,1112388,16,,,1,16,,1112382,40,,,1,8,,1112411,16,,,1,56,,1112357,40,,,1,13,,1112406,16,,,1,14,,1112384,40,,,1,13,,1112399,16,,,1,15,,1112360,40,,,1,56,,1112396,16,,,1,15,,1112398,40,,,1,16,,1112413,16,,,1,14,,1112415,40,,,1,55,,1112386,16,,,1,15,,1112371,40,,,1,14,,1100054,16,,,1,16,,1112414,40,,,1,56,,1112394,16,,,1,17,,1112373,40,,,1,15,,1112380,16,,,1,55,,1112361,40,,,1,16,,1112369,16,,,1,16,,1112412,40,,,1,19,,1112363,16,,,1,54,,1112402,40,,,1,19,,1112383,16,,,1,11,,1112364,40,,,1,21,,1112397,16,,,1,54,,1112403,40,,,1,14,,1112407,16,,,1,18,,1112379,40,,,1,16,,1112362,16,,,1,57,,1112381,40,,,1,15,,1112393,16,,,1,15,,1112392,40,,,1,13,,1112387,16,,,1,56,,1112410,40,,,1,10,,1112400,16,,,1,14,,1112370,40,,,1,67,,1112404,40,,,1,31,,1112385,40,,,1,22,,1000396,40,,,1,70,,1112416,40,,,1,28,,1112368,40,,,1,68,,1112375,40,,,1,30,,1112378,40,,,1,70,,1112376,40,,,1,29,,1112365,40,,,1,67,,1112367,40,,,1,25,,1112374,40,,,1,59,,1112409,16,,,1
1000,'17',546,,1112450,16,4,,1,70,,1112424,16,4,,1,30,,1112437,16,4,,1,72,,1112436,16,4,,1,32,,1112431,16,,,1,64,,1112421,40,,,1,30,,1112427,40,,,1,70,,1112444,40,,,1,30,,1112418,40,,,1,70,,1112420,40,,,1,33,,1112454,40,,,1,70,,1112425,40,,,1,30,,1112432,40,,,1,70,,1112443,40,,,1,30,,1112452,40,,,1,70,,1112448,40,,,1,30,,1112417,40,,,1,70,,1112451,40,,,1,30,,1112447,40,,,1,70,,1112434,40,,,1,30,,1112441,40,,,1,70,,1112439,40,,,1,30,,1112446,40,,,1,70,,1112449,40,,,1,30,,1112440,40,,,1,70,,1112433,40,,,1,30,,1112422,40,,,1,80,,1112419,16,,,1,30,,1112442,16,,,1,70,,1112429,16,,,1,30,,1112426,16,,,1,70,,1112445,16,,,1,30,,1112430,16,,,1,68,,1112435,16,,,1,29,,1112438,16,,,1,70,,1112423,16,,,1,30,,1112428,16,,,1,70,,1112453,16,,,1
1000,'2',541,,1112460,16,4,,1,70,,1112468,16,4,,1,28,,1112456,16,4,,1,72,,1112476,16,,,1,32,,1112464,16,,,1,66,,1112483,40,,,1,30,,1112477,40,,,1,70,,1112484,40,,,1,30,,1011566,40,,,1,70,,1112478,40,,,1,33,,1112455,40,,,1,70,,1078927,40,,,1,30,,1112463,40,,,1,70,,1112462,40,,,1,30,,1112490,40,,,1,70,,1112485,40,,,1,30,,1112491,40,,,1,70,,1112488,40,,,1,30,,1112487,40,,,1,70,,1112474,40,,,1,30,,1017772,40,,,1,70,,1112480,40,,,1,30,,1112473,40,,,1,70,,1112467,40,,,1,30,,1112489,40,,,1,70,,1072927,40,,,1,30,,1112482,40,,,1,70,,1112469,40,,,1,30,,1112459,40,,,1,70,,1112481,40,,,1,30,,1112457,40,,,1,70,,1112479,40,,,1,30,,1112471,40,,,1,70,,1112475,40,,,1,28,,1112486,40,,,1,68,,1112466,40,,,1,30,,1112461,40,,,1,73,,1112458,16,,,1,30,,1112465,16,,,1,70,,1112472,16,,,1,40,,1112470,16,,,1
1000,'3',546,,1112525,16,4,,1,70,,1112499,16,4,,1,30,,1112512,16,4,,1,72,,1112511,16,4,,1,32,,1112506,16,,,1,64,,1112496,40,,,1,30,,1112502,40,,,1,70,,1112519,40,,,1,30,,1112493,40,,,1,70,,1112495,40,,,1,33,,1112529,40,,,1,70,,1112500,40,,,1,30,,1112507,40,,,1,70,,1112518,40,,,1,30,,1112527,40,,,1,70,,1112523,40,,,1,30,,1112492,40,,,1,70,,1112526,40,,,1,30,,1112522,40,,,1,70,,1112509,40,,,1,30,,1112516,40,,,1,70,,1112514,40,,,1,30,,1112521,40,,,1,70,,1112524,40,,,1,30,,1112515,40,,,1,70,,1112508,40,,,1,30,,1112497,40,,,1,80,,1112494,16,,,1,30,,1112517,16,,,1,70,,1112504,16,,,1,30,,1112501,16,,,1,70,,1112520,16,,,1,30,,1112505,16,,,1,68,,1112510,16,,,1,29,,1112513,16,,,1,70,,1112498,16,,,1,30,,1112503,16,,,1,70,,1112528,16,,,1
1000,'4',546,,1112532,16,4,,1,70,,1112545,16,4,,1,30,,1112548,16,4,,1,72,,1112551,16,4,,1,32,,1112541,16,,,1,64,,1112531,40,,,1,30,,1112550,40,,,1,70,,1112561,40,,,1,30,,1112562,40,,,1,70,,1112566,40,,,1,33,,1112539,40,,,1,70,,1112537,40,,,1,30,,1112543,40,,,1,70,,1112534,40,,,1,30,,1112535,40,,,1,70,,1112547,40,,,1,30,,1112557,40,,,1,70,,1112565,40,,,1,30,,1112563,40,,,1,70,,1112546,40,,,1,30,,1112554,40,,,1,70,,1112555,40,,,1,30,,1112549,40,,,1,70,,1112560,40,,,1,30,,1112542,40,,,1,70,,1112544,40,,,1,30,,1112559,40,,,1,80,,1112538,16,,,1,30,,1112552,16,,,1,70,,1112556,16,,,1,30,,1112530,16,,,1,70,,1112536,16,,,1,30,,1112553,16,,,1,68,,1112533,16,,,1,29,,1112540,16,,,1,70,,1043363,16,,,1,30,,1112558,16,,,1,70,,1112564,16,,,1
1000,'5',611,,1112618,16,,,1,34,,1112572,40,,,1,59,,1025621,16,,,1,15,,1112573,40,,,1,25,,1112607,16,,,1,12,,1067724,40,,,1,61,,1112599,16,,,1,16,,1112583,40,,,1,16,,1112605,16,,,1,57,,1112593,40,,,1,16,,1112615,16,,,1,16,,1112616,40,,,1,8,,1112576,16,,,1,56,,1063068,40,,,1,13,,1112584,16,,,1,14,,1112585,40,,,1,13,,1112590,16,,,1,15,,1112617,40,,,1,56,,1112611,16,,,1,15,,1112592,40,,,1,16,,1112612,16,,,1,14,,1112578,40,,,1,55,,953418,16,,,1,15,,1112613,40,,,1,14,,1112606,16,,,1,16,,1112597,40,,,1,56,,1084413,16,,,1,17,,1112608,40,,,1,15,,1112601,16,,,1,55,,1112571,40,,,1,16,,1084727,16,,,1,16,,1112603,40,,,1,19,,1112614,16,,,1,54,,1112575,40,,,1,19,,1112574,16,,,1,11,,1112587,40,,,1,21,,1071904,16,,,1,54,,1112580,40,,,1,14,,1112568,16,,,1,18,,1112596,40,,,1,16,,1093372,16,,,1,57,,1112581,40,,,1,15,,1112577,16,,,1,15,,1112591,40,,,1,13,,1112582,16,,,1,56,,1112610,40,,,1,10,,1094583,16,,,1,14,,1112604,40,,,1,67,,1112595,40,,,1,31,,1112602,40,,,1,22,,1112586,40,,,1,70,,1112594,40,,,1,28,,1112609,40,,,1,68,,1112569,40,,,1,30,,1112589,40,,,1,70,,1112567,40,,,1,29,,1112600,40,,,1,67,,1112579,40,,,1,25,,1112598,40,,,1,59,,1112570,16,,,1
1000,'6',611,,1112632,16,,,1,34,,1112662,40,,,1,59,,1112655,16,,,1,15,,1112650,40,,,1,25,,1112620,16,,,1,12,,1112646,40,,,1,61,,1112627,16,,,1,16,,1102992,40,,,1,16,,1023560,16,,,1,57,,1112645,40,,,1,16,,1112643,16,,,1,16,,1112637,40,,,1,8,,1112665,16,,,1,56,,1112619,40,,,1,13,,1112660,16,,,1,14,,1112639,40,,,1,13,,1112653,16,,,1,15,,1005076,40,,,1,56,,1112651,16,,,1,15,,1112652,40,,,1,16,,1096525,16,,,1,14,,1112667,40,,,1,55,,1112641,16,,,1,15,,1112626,40,,,1,14,,1112623,16,,,1,16,,1081459,40,,,1,56,,1112649,16,,,1,17,,1112628,40,,,1,15,,1112635,16,,,1,55,,929183,40,,,1,16,,1088962,16,,,1,16,,1088319,40,,,1,19,,1112622,16,,,1,54,,1112656,40,,,1,19,,1112638,16,,,1,11,,1100099,40,,,1,21,,1083719,16,,,1,54,,1112657,40,,,1,14,,1112661,16,,,1,18,,1112634,40,,,1,16,,1112621,16,,,1,57,,1112636,40,,,1,15,,1112648,16,,,1,15,,1112647,40,,,1,13,,1112642,16,,,1,56,,1112664,40,,,1,10,,1112654,16,,,1,14,,1068101,40,,,1,67,,1112658,40,,,1,31,,1112640,40,,,1,22,,1112666,40,,,1,70,,1027716,40,,,1,28,,1112625,40,,,1,68,,1112630,40,,,1,30,,1112633,40,,,1,70,,1112631,40,,,1,29,,1061840,40,,,1,67,,1112624,40,,,1,25,,1112629,40,,,1,59,,1112663,16,,,1
1000,'7',541,,1112706,16,4,,1,70,,1112693,16,4,,1,28,,1112690,16,4,,1,72,,1112683,16,,,1,32,,1112676,16,,,1,66,,1112698,40,,,1,30,,1112675,40,,,1,70,,1112689,40,,,1,30,,1112691,40,,,1,70,,1112692,40,,,1,33,,1112686,40,,,1,70,,1112668,40,,,1,30,,1112684,40,,,1,70,,1112705,40,,,1,30,,1112707,40,,,1,70,,1112694,40,,,1,30,,1112704,40,,,1,70,,1112687,40,,,1,30,,1112671,40,,,1,70,,1112697,40,,,1,30,,1112669,40,,,1,70,,1112670,40,,,1,30,,1112682,40,,,1,70,,1112696,40,,,1,30,,1112688,40,,,1,70,,1112703,40,,,1,30,,1112708,40,,,1,70,,1112685,40,,,1,30,,1112699,40,,,1,70,,1112672,40,,,1,30,,1112700,40,,,1,70,,1112679,40,,,1,30,,1112673,40,,,1,70,,1112695,40,,,1,28,,1112681,40,,,1,68,,1112677,40,,,1,30,,1112680,40,,,1,73,,1112674,16,,,1,30,,1112678,16,,,1,70,,1112702,16,,,1,40,,1112701,16,,,1
1000,'8',611,,1112730,16,,,1,34,,1112761,40,,,1,59,,1112754,16,,,1,15,,1112748,40,,,1,25,,1112710,16,,,1,12,,1112744,40,,,1,61,,1112725,16,,,1,16,,1112711,40,,,1,16,,1112718,16,,,1,57,,1112743,40,,,1,16,,1112741,16,,,1,16,,1112735,40,,,1,8,,1112764,16,,,1,56,,1112709,40,,,1,13,,1112759,16,,,1,14,,1112737,40,,,1,13,,1112752,16,,,1,15,,1112712,40,,,1,56,,1112749,16,,,1,15,,1112751,40,,,1,16,,1112766,16,,,1,14,,1112769,40,,,1,55,,1112739,16,,,1,15,,1112724,40,,,1,14,,1112719,16,,,1,16,,1112767,40,,,1,56,,1112747,16,,,1,17,,1112726,40,,,1,15,,1112733,16,,,1,55,,1112713,40,,,1,16,,1112722,16,,,1,16,,1112765,40,,,1,19,,1112715,16,,,1,54,,1112755,40,,,1,19,,1112736,16,,,1,11,,1112716,40,,,1,21,,1112750,16,,,1,54,,1112756,40,,,1,14,,1112760,16,,,1,18,,1112732,40,,,1,16,,1112714,16,,,1,57,,1112734,40,,,1,15,,1112746,16,,,1,15,,1112745,40,,,1,13,,1112740,16,,,1,56,,1112763,40,,,1,10,,1112753,16,,,1,14,,1112723,40,,,1,67,,1112757,40,,,1,31,,1112738,40,,,1,22,,1112768,40,,,1,70,,1112770,40,,,1,28,,1112721,40,,,1,68,,1112728,40,,,1,30,,1112731,40,,,1,70,,1112729,40,,,1,29,,1112717,40,,,1,67,,1112720,40,,,1,25,,1112727,40,,,1,59,,1112762,16,,,1
1000,'9',611,,1112822,16,,,1,34,,1112776,40,,,1,59,,1025858,16,,,1,15,,1112777,40,,,1,25,,1112811,16,,,1,12,,1067707,40,,,1,61,,1112803,16,,,1,16,,1112787,40,,,1,16,,1112809,16,,,1,57,,1112797,40,,,1,16,,1112819,16,,,1,16,,1112820,40,,,1,8,,1112780,16,,,1,56,,1062892,40,,,1,13,,1112788,16,,,1,14,,1112789,40,,,1,13,,1112794,16,,,1,15,,1112821,40,,,1,56,,1112815,16,,,1,15,,1112796,40,,,1,16,,1112816,16,,,1,14,,1112782,40,,,1,55,,953390,16,,,1,15,,1112817,40,,,1,14,,1112810,16,,,1,16,,1112801,40,,,1,56,,1084323,16,,,1,17,,1112812,40,,,1,15,,1112805,16,,,1,55,,1112775,40,,,1,16,,1084639,16,,,1,16,,1112807,40,,,1,19,,1112818,16,,,1,54,,1112779,40,,,1,19,,1112778,16,,,1,11,,1112791,40,,,1,21,,1071832,16,,,1,54,,1112784,40,,,1,14,,1112772,16,,,1,18,,1112800,40,,,1,16,,1093216,16,,,1,57,,1112785,40,,,1,15,,1112781,16,,,1,15,,1112795,40,,,1,13,,1112786,16,,,1,56,,1112814,40,,,1,10,,1094486,16,,,1,14,,1112808,40,,,1,67,,1112799,40,,,1,31,,1112806,40,,,1,22,,1112790,40,,,1,70,,1112798,40,,,1,28,,1112813,40,,,1,68,,1112773,40,,,1,30,,1112793,40,,,1,70,,1112771,40,,,1,29,,1112804,40,,,1,67,,1112783,40,,,1,25,,1112802,40,,,1,59,,1112774,16,,,1
1001,'1',537,,1112869,12,0,82,1,71,,1112830,12,,,1,36,,1112849,12,,,1,15,,1112826,12,0,82,1,55,,1072359,12,,,1,15,,1112832,12,0,82,1,15,,1112842,12,,,1,14,,1112829,12,0,82,1,56,,1112824,12,,,1,17,,1112850,12,0,82,1,12,,1112837,12,,,1,13,,1112868,12,0,82,1,54,,1077939,12,,,1,15,,1112848,12,0,82,1,16,,1112833,12,,,1,15,,1112853,12,0,82,1,55,,1112839,12,,,1,15,,1112864,12,0,82,1,15,,1112860,12,,,1,15,,1112866,12,0,82,1,54,,1112854,12,,,1,15,,1112831,12,0,82,1,15,,1112862,12,,,1,16,,1080081,12,0,82,1,55,,1112823,12,,,1,15,,1112852,12,0,82,1,15,,1112867,12,,,1,15,,1112859,12,0,82,1,56,,1112841,12,,,1,15,,1112825,12,0,82,1,15,,1112861,12,,,1,16,,1112857,12,0,82,1,56,,1112856,12,,,1,15,,1112858,12,0,82,1,13,,951843,12,,,1,15,,1112845,12,0,82,1,56,,1112863,12,,,1,15,,1112835,12,0,82,1,15,,1077933,12,,,1,57,,1112840,12,0,82,1,14,,1031295,12,,,1,15,,1082906,12,0,82,1,15,,1112846,12,,,1,15,,1018468,12,0,82,1,55,,1112844,12,,,1,15,,1112827,12,0,82,1,17,,1066531,12,,,1,54,,1112865,12,0,82,1,28,,1112851,12,,,1,30,,1112847,12,,,1,70,,1112834,12,,,1,30,,1053778,12,,,1,70,,1112828,12,,,1,30,,1101621,12,,,1,69,,1112843,12,,,1,30,,1112838,12,,,1,70,,1112836,12,,,1,28,,1112855,12,,,1,67,,1083606,12,,,1
1001,'10',537,,1112916,12,0,82,1,71,,1112877,12,,,1,36,,1112896,12,,,1,15,,1112873,12,0,82,1,55,,1072213,12,,,1,15,,1112879,12,0,82,1,15,,1112889,12,,,1,14,,1112876,12,0,82,1,56,,1112871,12,,,1,17,,1112897,12,0,82,1,12,,1112884,12,,,1,13,,1112915,12,0,82,1,54,,1077730,12,,,1,15,,1112895,12,0,82,1,16,,1112880,12,,,1,15,,1112900,12,0,82,1,55,,1112886,12,,,1,15,,1112911,12,0,82,1,15,,1112907,12,,,1,15,,1112913,12,0,82,1,54,,1112901,12,,,1,15,,1112878,12,0,82,1,15,,1112909,12,,,1,16,,1080026,12,0,82,1,55,,1112870,12,,,1,15,,1112899,12,0,82,1,15,,1112914,12,,,1,15,,1112906,12,0,82,1,56,,1112888,12,,,1,15,,1112872,12,0,82,1,15,,1112908,12,,,1,16,,1112904,12,0,82,1,56,,1112903,12,,,1,15,,1112905,12,0,82,1,13,,951665,12,,,1,15,,1112892,12,0,82,1,56,,1112910,12,,,1,15,,1112882,12,0,82,1,15,,1077724,12,,,1,57,,1112887,12,0,82,1,14,,1031379,12,,,1,15,,1082846,12,0,82,1,15,,1112893,12,,,1,15,,1018623,12,0,82,1,55,,1112891,12,,,1,15,,1112874,12,0,82,1,17,,1066309,12,,,1,54,,1112912,12,0,82,1,28,,1112898,12,,,1,30,,1112894,12,,,1,70,,1112881,12,,,1,30,,1053871,12,,,1,70,,1112875,12,,,1,30,,1101529,12,,,1,69,,1112890,12,,,1,30,,1112885,12,,,1,70,,1112883,12,,,1,28,,1112902,12,,,1,67,,1083367,12,,,1
1001,'11',537,,1112963,12,0,82,1,71,,1112924,12,,,1,36,,1112943,12,,,1,15,,1112920,12,0,82,1,55,,1072395,12,,,1,15,,1112926,12,0,82,1,15,,1112936,12,,,1,14,,1112923,12,0,82,1,56,,1112918,12,,,1,17,,1112944,12,0,82,1,12,,1112931,12,,,1,13,,1112962,12,0,82,1,54,,1078002,12,,,1,15,,1112942,12,0,82,1,16,,1112927,12,,,1,15,,1112947,12,0,82,1,55,,1112933,12,,,1,15,,1112958,12,0,82,1,15,,1112954,12,,,1,15,,1112960,12,0,82,1,54,,1112948,12,,,1,15,,1112925,12,0,82,1,15,,1112956,12,,,1,16,,1080099,12,0,82,1,55,,1112917,12,,,1,15,,1112946,12,0,82,1,15,,1112961,12,,,1,15,,1112953,12,0,82,1,56,,1112935,12,,,1,15,,1112919,12,0,82,1,15,,1112955,12,,,1,16,,1112951,12,0,82,1,56,,1112950,12,,,1,15,,1112952,12,0,82,1,13,,951814,12,,,1,15,,1112939,12,0,82,1,56,,1112957,12,,,1,15,,1112929,12,0,82,1,15,,1077996,12,,,1,57,,1112934,12,0,82,1,14,,1031269,12,,,1,15,,1082926,12,0,82,1,15,,1112940,12,,,1,15,,1018423,12,0,82,1,55,,1112938,12,,,1,15,,1112921,12,0,82,1,17,,1066598,12,,,1,54,,1112959,12,0,82,1,28,,1112945,12,,,1,30,,1112941,12,,,1,70,,1112928,12,,,1,30,,1053750,12,,,1,70,,1112922,12,,,1,30,,1101649,12,,,1,69,,1112937,12,,,1,30,,1112932,12,,,1,70,,1112930,12,,,1,28,,1112949,12,,,1,67,,1083676,12,,,1
1001,'12',537,,1113004,12,0,82,1,71,,1112997,12,,,1,36,,1112983,12,,,1,15,,1112979,12,0,82,1,55,,1112974,12,,,1,15,,1112987,12,0,82,1,15,,1112972,12,,,1,14,,1112977,12,0,82,1,56,,1113014,12,,,1,17,,1112990,12,0,82,1,12,,1112992,12,,,1,13,,1113006,12,0,82,1,54,,1112999,12,,,1,15,,1113013,12,0,82,1,16,,1112973,12,,,1,15,,1112968,12,0,82,1,55,,1113011,12,,,1,15,,1113010,12,0,82,1,15,,1112976,12,,,1,15,,1112991,12,0,82,1,54,,1113002,12,,,1,15,,1112988,12,0,82,1,15,,1112996,12,,,1,16,,1112965,12,0,82,1,55,,1113009,12,,,1,15,,1112986,12,0,82,1,15,,1112966,12,,,1,15,,1112970,12,0,82,1,56,,1113007,12,,,1,15,,1112985,12,0,82,1,15,,1112995,12,,,1,16,,1113015,12,0,82,1,56,,1112982,12,,,1,15,,1067955,12,0,82,1,13,,1047520,12,,,1,15,,1113003,12,0,82,1,56,,1032356,12,,,1,15,,1113008,12,0,82,1,15,,1113016,12,,,1,57,,1079509,12,0,82,1,14,,1112980,12,,,1,15,,1112978,12,0,82,1,15,,1113012,12,,,1,15,,1113001,12,0,82,1,55,,1112969,12,,,1,15,,1112998,12,0,82,1,17,,1112989,12,,,1,54,,1112994,12,0,82,1,28,,1112984,12,,,1,30,,1112967,12,,,1,70,,1113000,12,,,1,30,,1026015,12,,,1,70,,1112964,12,,,1,30,,1112971,12,,,1,69,,1112975,12,,,1,30,,1112981,12,,,1,70,,1113005,12,,,1,28,,1076936,12,,,1,67,,1112993,12,,,1
1001,'13',549,,1113033,1,0,82,1,70,,1113043,1,0,82,1,30,,1113024,1,0,82,1,70,,1113032,12,0,82,1,30,,1113027,12,0,82,1,73,,1113040,12,,,1,30,,1113046,12,,,1,70,,1113017,12,,,1,30,,1113047,12,,,1,70,,1113023,12,,,1,30,,1063913,12,,,1,70,,1113038,12,,,1,30,,1113020,12,,,1,70,,1113037,12,,,1,30,,1113022,12,,,1,70,,1113042,12,,,1,30,,1113044,12,,,1,70,,1113021,12,,,1,30,,1113031,12,,,1,70,,1113035,12,,,1,30,,1113048,12,,,1,70,,1113045,12,,,1,30,,1113039,12,,,1,70,,1070813,12,,,1,30,,1091149,12,,,1,70,,1113034,12,,,1,30,,1113026,12,0,82,1,70,,1113019,12,0,82,1,28,,1113018,12,0,82,1,72,,1113041,12,0,82,1,30,,1113028,12,0,82,1,70,,1078199,12,0,82,1,30,,1113036,12,0,82,1,70,,1113025,12,0,82,1,30,,1113029,12,0,82,1,70,,1113030,12,0,82,1
1001,'14',537,,1113104,12,0,82,1,71,,1113063,12,,,1,36,,1113082,12,,,1,15,,1113058,12,0,82,1,55,,1113107,12,,,1,15,,1113065,12,0,82,1,15,,1113075,12,,,1,14,,1113061,12,0,82,1,56,,1113051,12,,,1,17,,1113083,12,0,82,1,12,,1113070,12,,,1,13,,1113103,12,0,82,1,54,,1113056,12,,,1,15,,1113081,12,0,82,1,16,,1113066,12,,,1,15,,1113086,12,0,82,1,55,,1113072,12,,,1,15,,1113097,12,0,82,1,15,,1113093,12,,,1,15,,1113099,12,0,82,1,54,,1113087,12,,,1,15,,1113064,12,0,82,1,15,,1113095,12,,,1,16,,1113054,12,0,82,1,55,,1113050,12,,,1,15,,1113085,12,0,82,1,15,,1113100,12,,,1,15,,1113092,12,0,82,1,56,,1113074,12,,,1,15,,1113055,12,0,82,1,15,,1113094,12,,,1,16,,1113090,12,0,82,1,56,,1113089,12,,,1,15,,1113091,12,0,82,1,13,,1113106,12,,,1,15,,1113078,12,0,82,1,56,,1113096,12,,,1,15,,1113068,12,0,82,1,15,,1113053,12,,,1,57,,1113073,12,0,82,1,14,,1113049,12,,,1,15,,1113057,12,0,82,1,15,,1113079,12,,,1,15,,1113101,12,0,82,1,55,,1113077,12,,,1,15,,1113059,12,0,82,1,17,,1113102,12,,,1,54,,1113098,12,0,82,1,28,,1113084,12,,,1,30,,1113080,12,,,1,70,,1113067,12,,,1,30,,1113052,12,,,1,70,,1113060,12,,,1,30,,1113105,12,,,1,69,,1113076,12,,,1,30,,1113071,12,,,1,70,,1113069,12,,,1,28,,1113088,12,,,1,67,,1113062,12,,,1
1001,'15',537,,1113142,12,0,82,1,71,,1113152,12,,,1,36,,1113116,12,,,1,15,,1113136,12,0,82,1,55,,1113108,12,,,1,15,,1113155,12,0,82,1,15,,1113135,12,,,1,14,,1113111,12,0,82,1,56,,1113110,12,,,1,17,,1113148,12,0,82,1,12,,1113139,12,,,1,13,,1113131,12,0,82,1,54,,1113133,12,,,1,15,,1113123,12,0,82,1,16,,1113109,12,,,1,15,,1113121,12,0,82,1,55,,1113112,12,,,1,15,,1113125,12,0,82,1,15,,1113144,12,,,1,15,,1113146,12,0,82,1,54,,1113156,12,,,1,15,,1113159,12,0,82,1,15,,1113130,12,,,1,16,,1113128,12,0,82,1,55,,1113126,12,,,1,15,,1113154,12,0,82,1,15,,1113115,12,,,1,15,,1113138,12,0,82,1,56,,1113158,12,,,1,15,,1113141,12,0,82,1,15,,1113127,12,,,1,16,,1113140,12,0,82,1,56,,1113145,12,,,1,15,,1113119,12,0,82,1,13,,1113124,12,,,1,15,,1113160,12,0,82,1,56,,1113157,12,,,1,15,,1113151,12,0,82,1,15,,1113163,12,,,1,57,,1113147,12,0,82,1,14,,1113161,12,,,1,15,,1113162,12,0,82,1,15,,1113143,12,,,1,15,,1113149,12,0,82,1,55,,1113134,12,,,1,15,,1113165,12,0,82,1,17,,1113113,12,,,1,54,,1113153,12,0,82,1,28,,1113132,12,,,1,30,,1113150,12,,,1,70,,1113166,12,,,1,30,,1113122,12,,,1,70,,1113129,12,,,1,30,,1113137,12,,,1,69,,1113117,12,,,1,30,,1113120,12,,,1,70,,1113114,12,,,1,28,,1113164,12,,,1,67,,1113118,12,,,1
1001,'16',537,,1113208,12,0,82,1,71,,1113201,12,,,1,36,,1113187,12,,,1,15,,1113183,12,0,82,1,55,,1113178,12,,,1,15,,1113191,12,0,82,1,15,,1113176,12,,,1,14,,1113181,12,0,82,1,56,,1046424,12,,,1,17,,1113194,12,0,82,1,12,,1113196,12,,,1,13,,1113210,12,0,82,1,54,,1113203,12,,,1,15,,1113216,12,0,82,1,16,,1113177,12,,,1,15,,1113171,12,0,82,1,55,,1113214,12,,,1,15,,1063175,12,0,82,1,15,,1113180,12,,,1,15,,1113195,12,0,82,1,54,,1113206,12,,,1,15,,1113192,12,0,82,1,15,,1113200,12,,,1,16,,1113167,12,0,82,1,55,,1113213,12,,,1,15,,1113190,12,0,82,1,15,,945323,12,,,1,15,,1113173,12,0,82,1,56,,1113211,12,,,1,15,,1113189,12,0,82,1,15,,1113199,12,,,1,16,,1113217,12,0,82,1,56,,1113186,12,,,1,15,,1113174,12,0,82,1,13,,1113169,12,,,1,15,,1113207,12,0,82,1,56,,1113168,12,,,1,15,,1113212,12,0,82,1,15,,1113218,12,,,1,57,,1113219,12,0,82,1,14,,1113184,12,,,1,15,,1113182,12,0,82,1,15,,1113215,12,,,1,15,,1113205,12,0,82,1,55,,1073874,12,,,1,15,,1113202,12,0,82,1,17,,1113193,12,,,1,54,,1113198,12,0,82,1,28,,1113188,12,,,1,30,,1113170,12,,,1,70,,1113204,12,,,1,30,,1113220,12,,,1,70,,1099697,12,,,1,30,,1113175,12,,,1,69,,1113179,12,,,1,30,,1113185,12,,,1,70,,1113209,12,,,1,28,,1113172,12,,,1,67,,1113197,12,,,1
1001,'17',549,,1113240,1,0,82,1,70,,1113251,1,0,82,1,30,,1113230,1,0,82,1,70,,1113239,12,0,82,1,30,,1113233,12,0,82,1,73,,1113248,12,,,1,30,,1113254,12,,,1,70,,1113223,12,,,1,30,,1113255,12,,,1,70,,1113229,12,,,1,30,,1113222,12,,,1,70,,1113245,12,,,1,30,,1113226,12,,,1,70,,1113244,12,,,1,30,,1113228,12,,,1,70,,1113250,12,,,1,30,,1113252,12,,,1,70,,1113227,12,,,1,30,,1113238,12,,,1,70,,1113242,12,,,1,30,,1113256,12,,,1,70,,1113253,12,,,1,30,,1113247,12,,,1,70,,1113221,12,,,1,30,,1113236,12,,,1,70,,1113241,12,,,1,30,,1113232,12,0,82,1,70,,1113225,12,0,82,1,28,,1113224,12,0,82,1,72,,1113249,12,0,82,1,30,,1113234,12,0,82,1,70,,1113246,12,0,82,1,30,,1113243,12,0,82,1,70,,1113231,12,0,82,1,30,,1113235,12,0,82,1,70,,1113237,12,0,82,1
1001,'2',543,,1113267,1,0,82,1,70,,1074184,1,0,82,1,30,,1113277,1,0,82,1,71,,1113272,12,0,82,1,35,,1113264,12,0,82,1,71,,1113288,12,0,82,1,30,,1113273,12,,,1,70,,1113279,12,,,1,30,,1113282,12,,,1,70,,1113266,12,,,1,30,,1113260,12,,,1,70,,1113283,12,,,1,30,,1113289,12,,,1,70,,1113259,12,,,1,30,,1113284,12,,,1,70,,1113287,12,,,1,30,,1099907,12,,,1,70,,1113269,12,,,1,30,,1113257,12,,,1,70,,1001732,12,,,1,30,,1113262,12,,,1,70,,1113275,12,,,1,30,,1113271,12,,,1,70,,1113290,12,,,1,30,,1113270,12,,,1,70,,1113281,12,,,1,30,,1113274,12,,,1,70,,1113276,12,,,1,30,,1113285,12,,,1,70,,1113286,12,,,1,30,,1113258,12,,,1,70,,1113263,12,,,1,30,,1113265,12,,,1,70,,1113268,12,,,1,30,,1113261,12,,,1,65,,1077775,12,0,82,1,28,,1049105,12,0,82,1,70,,1113280,12,0,82,1,30,,1113278,12,0,82,1
1001,'3',549,,1113310,1,0,82,1,70,,1113321,1,0,82,1,30,,1113300,1,0,82,1,70,,1113309,12,0,82,1,30,,1113303,12,0,82,1,73,,1113318,12,,,1,30,,1113324,12,,,1,70,,1113293,12,,,1,30,,1113325,12,,,1,70,,1113299,12,,,1,30,,1113292,12,,,1,70,,1113315,12,,,1,30,,1113296,12,,,1,70,,1113314,12,,,1,30,,1113298,12,,,1,70,,1113320,12,,,1,30,,1113322,12,,,1,70,,1113297,12,,,1,30,,1113308,12,,,1,70,,1113312,12,,,1,30,,1113326,12,,,1,70,,1113323,12,,,1,30,,1113317,12,,,1,70,,1113291,12,,,1,30,,1113306,12,,,1,70,,1113311,12,,,1,30,,1113302,12,0,82,1,70,,1113295,12,0,82,1,28,,1113294,12,0,82,1,72,,1113319,12,0,82,1,30,,1113304,12,0,82,1,70,,1113316,12,0,82,1,30,,1113313,12,0,82,1,70,,1113301,12,0,82,1,30,,1113305,12,0,82,1,70,,1113307,12,0,82,1
1001,'4',549,,1113351,1,0,82,1,70,,1113341,1,0,82,1,30,,1113327,1,0,82,1,70,,1113347,12,0,82,1,30,,1113330,12,0,82,1,73,,1113352,12,,,1,30,,1113346,12,,,1,70,,1113331,12,,,1,30,,1113349,12,,,1,70,,1113353,12,,,1,30,,1097747,12,,,1,70,,1113356,12,,,1,30,,1063977,12,,,1,70,,1113348,12,,,1,30,,1084076,12,,,1,70,,1113339,12,,,1,30,,1113357,12,,,1,70,,1113340,12,,,1,30,,1113334,12,,,1,70,,1113336,12,,,1,30,,1113354,12,,,1,70,,1113329,12,,,1,30,,1113342,12,,,1,70,,1113333,12,,,1,30,,1096337,12,,,1,70,,1113338,12,,,1,30,,1113355,12,0,82,1,70,,1113328,12,0,82,1,28,,1113344,12,0,82,1,72,,1113345,12,0,82,1,30,,1113343,12,0,82,1,70,,1113350,12,0,82,1,30,,1113335,12,0,82,1,70,,1113337,12,0,82,1,30,,1113332,12,0,82,1,70,,1051391,12,0,82,1
1001,'5',537,,1113404,12,0,82,1,71,,1113365,12,,,1,36,,1113384,12,,,1,15,,1113361,12,0,82,1,55,,1072338,12,,,1,15,,1113367,12,0,82,1,15,,1113377,12,,,1,14,,1113364,12,0,82,1,56,,1113359,12,,,1,17,,1113385,12,0,82,1,12,,1113372,12,,,1,13,,1113403,12,0,82,1,54,,1077900,12,,,1,15,,1113383,12,0,82,1,16,,1113368,12,,,1,15,,1113388,12,0,82,1,55,,1113374,12,,,1,15,,1113399,12,0,82,1,15,,1113395,12,,,1,15,,1113401,12,0,82,1,54,,1113389,12,,,1,15,,1113366,12,0,82,1,15,,1113397,12,,,1,16,,1080072,12,0,82,1,55,,1113358,12,,,1,15,,1113387,12,0,82,1,15,,1113402,12,,,1,15,,1113394,12,0,82,1,56,,1113376,12,,,1,15,,1113360,12,0,82,1,15,,1113396,12,,,1,16,,1113392,12,0,82,1,56,,1113391,12,,,1,15,,1113393,12,0,82,1,13,,951932,12,,,1,15,,1113380,12,0,82,1,56,,1113398,12,,,1,15,,1113370,12,0,82,1,15,,1077894,12,,,1,57,,1113375,12,0,82,1,14,,1031165,12,,,1,15,,1082886,12,0,82,1,15,,1113381,12,,,1,15,,1018236,12,0,82,1,55,,1113379,12,,,1,15,,1113362,12,0,82,1,17,,1066492,12,,,1,54,,1113400,12,0,82,1,28,,1113386,12,,,1,30,,1113382,12,,,1,70,,1113369,12,,,1,30,,1053629,12,,,1,70,,1113363,12,,,1,30,,1101604,12,,,1,69,,1113378,12,,,1,30,,1113373,12,,,1,70,,1113371,12,,,1,28,,1113390,12,,,1,67,,1083567,12,,,1
1001,'6',537,,1113447,12,0,82,1,71,,1113440,12,,,1,36,,1113426,12,,,1,15,,1113422,12,0,82,1,55,,1113417,12,,,1,15,,1113430,12,0,82,1,15,,1113415,12,,,1,14,,1113420,12,0,82,1,56,,1113453,12,,,1,17,,1113433,12,0,82,1,12,,1113435,12,,,1,13,,1113449,12,0,82,1,54,,1113442,12,,,1,15,,1085724,12,0,82,1,16,,1113416,12,,,1,15,,1067517,12,0,82,1,55,,1039263,12,,,1,15,,1113452,12,0,82,1,15,,1113419,12,,,1,15,,1113434,12,0,82,1,54,,1113445,12,,,1,15,,1113431,12,0,82,1,15,,1113439,12,,,1,16,,1113406,12,0,82,1,55,,1113451,12,,,1,15,,1113429,12,0,82,1,15,,1113408,12,,,1,15,,1065207,12,0,82,1,56,,1007847,12,,,1,15,,1113428,12,0,82,1,15,,1113438,12,,,1,16,,1087015,12,0,82,1,56,,1113425,12,,,1,15,,1113413,12,0,82,1,13,,1113409,12,,,1,15,,1113446,12,0,82,1,56,,1113407,12,,,1,15,,1113450,12,0,82,1,15,,1019505,12,,,1,57,,1113454,12,0,82,1,14,,1113423,12,,,1,15,,1113421,12,0,82,1,15,,1019713,12,,,1,15,,1113444,12,0,82,1,55,,1113412,12,,,1,15,,1113441,12,0,82,1,17,,1113432,12,,,1,54,,1113437,12,0,82,1,28,,1113427,12,,,1,30,,1113410,12,,,1,70,,1113443,12,,,1,30,,1113455,12,,,1,70,,1113405,12,,,1,30,,1113414,12,,,1,69,,1113418,12,,,1,30,,1113424,12,,,1,70,,1113448,12,,,1,28,,1113411,12,,,1,67,,1113436,12,,,1
1001,'7',543,,1113480,1,0,82,1,70,,1113466,1,0,82,1,30,,1113459,1,0,82,1,71,,1113482,12,0,82,1,35,,1113481,12,0,82,1,71,,1113485,12,0,82,1,30,,1113461,12,,,1,70,,1113462,12,,,1,30,,1113457,12,,,1,70,,1113486,12,,,1,30,,1113465,12,,,1,70,,1113456,12,,,1,30,,1113471,12,,,1,70,,1113472,12,,,1,30,,1113475,12,,,1,70,,1113491,12,,,1,30,,1113479,12,,,1,70,,1113488,12,,,1,30,,1113487,12,,,1,70,,1113469,12,,,1,30,,1113473,12,,,1,70,,1113467,12,,,1,30,,1113458,12,,,1,70,,1113493,12,,,1,30,,1113477,12,,,1,70,,1113474,12,,,1,30,,1113464,12,,,1,70,,1113470,12,,,1,30,,1113468,12,,,1,70,,1113492,12,,,1,30,,1113484,12,,,1,70,,1113460,12,,,1,30,,1113478,12,,,1,70,,1113494,12,,,1,30,,1113490,12,,,1,65,,1113489,12,0,82,1,28,,1113476,12,0,82,1,70,,1113483,12,0,82,1,30,,1113463,12,0,82,1
1001,'8',537,,1113539,12,0,82,1,71,,1113532,12,,,1,36,,1113518,12,,,1,15,,1113514,12,0,82,1,55,,1113509,12,,,1,15,,1113522,12,0,82,1,15,,1113507,12,,,1,14,,1113512,12,0,82,1,56,,1113549,12,,,1,17,,1113525,12,0,82,1,12,,1113527,12,,,1,13,,1113541,12,0,82,1,54,,1113534,12,,,1,15,,1113548,12,0,82,1,16,,1113508,12,,,1,15,,1113501,12,0,82,1,55,,1113546,12,,,1,15,,1113545,12,0,82,1,15,,1113511,12,,,1,15,,1113526,12,0,82,1,54,,1113537,12,,,1,15,,1113523,12,0,82,1,15,,1113531,12,,,1,16,,1113496,12,0,82,1,55,,1113544,12,,,1,15,,1113521,12,0,82,1,15,,1113498,12,,,1,15,,1113504,12,0,82,1,56,,1113542,12,,,1,15,,1113520,12,0,82,1,15,,1113530,12,,,1,16,,1113550,12,0,82,1,56,,1113517,12,,,1,15,,1113505,12,0,82,1,13,,1113499,12,,,1,15,,1113538,12,0,82,1,56,,1113497,12,,,1,15,,1113543,12,0,82,1,15,,1113551,12,,,1,57,,1113552,12,0,82,1,14,,1113515,12,,,1,15,,1113513,12,0,82,1,15,,1113547,12,,,1,15,,1113536,12,0,82,1,55,,1113503,12,,,1,15,,1113533,12,0,82,1,17,,1113524,12,,,1,54,,1113529,12,0,82,1,28,,1113519,12,,,1,30,,1113500,12,,,1,70,,1113535,12,,,1,30,,1113553,12,,,1,70,,1113495,12,,,1,30,,1113506,12,,,1,69,,1113510,12,,,1,30,,1113516,12,,,1,70,,1113540,12,,,1,28,,1113502,12,,,1,67,,1113528,12,,,1
1001,'9',537,,1113600,12,0,82,1,71,,1113561,12,,,1,36,,1113580,12,,,1,15,,1113557,12,0,82,1,55,,1072260,12,,,1,15,,1113563,12,0,82,1,15,,1113573,12,,,1,14,,1113560,12,0,82,1,56,,1113555,12,,,1,17,,1113581,12,0,82,1,12,,1113568,12,,,1,13,,1113599,12,0,82,1,54,,1077799,12,,,1,15,,1113579,12,0,82,1,16,,1113564,12,,,1,15,,1113584,12,0,82,1,55,,1113570,12,,,1,15,,1113595,12,0,82,1,15,,1113591,12,,,1,15,,1113597,12,0,82,1,54,,1113585,12,,,1,15,,1113562,12,0,82,1,15,,1113593,12,,,1,16,,1080043,12,0,82,1,55,,1113554,12,,,1,15,,1113583,12,0,82,1,15,,1113598,12,,,1,15,,1113590,12,0,82,1,56,,1113572,12,,,1,15,,1113556,12,0,82,1,15,,1113592,12,,,1,16,,1113588,12,0,82,1,56,,1113587,12,,,1,15,,1113589,12,0,82,1,13,,951903,12,,,1,15,,1113576,12,0,82,1,56,,1113594,12,,,1,15,,1113566,12,0,82,1,15,,1077793,12,,,1,57,,1113571,12,0,82,1,14,,1031321,12,,,1,15,,1082866,12,0,82,1,15,,1113577,12,,,1,15,,1018513,12,0,82,1,55,,1113575,12,,,1,15,,1113558,12,0,82,1,17,,1066376,12,,,1,54,,1113596,12,0,82,1,28,,1113582,12,,,1,30,,1113578,12,,,1,70,,1113565,12,,,1,30,,1053806,12,,,1,70,,1113559,12,,,1,30,,1101556,12,,,1,69,,1113574,12,,,1,30,,1113569,12,,,1,70,,1113567,12,,,1,28,,1113586,12,,,1,67,,1083438,12,,,1
4800,'1',554,,1144744,1,,,1,55,,1144767,1,,,1,15,,1144753,1,,,1,15,,1144751,1,,,1,14,,1144758,1,,,1,50,,1144755,1,,,1,10,,1144776,1,,,1,16,,1144757,1,,,1,17,,1144768,1,,,1,59,,1144750,1,,,1,15,,1144756,1,,,1,16,,1144775,1,,,1,14,,1144764,1,,,1,68,,1144771,1,,,1,30,,1081363,1,,,1,68,,1144749,1,,,1,29,,1144783,1,,,1,70,,1144786,1,,,1,30,,1144752,1,,,1,70,,1144747,1,,,1,30,,1144773,1,,,1,70,,1144770,1,,,1,30,,1144774,1,,,1,71,,1144772,1,,,1,33,,1144769,1,,,1,56,,1015997,1,,,1,16,,1144765,1,,,1,17,,1144748,1,,,1,15,,1144762,1,,,1,56,,1144782,1,,,1,15,,1144781,1,,,1,15,,1144746,1,,,1,15,,1144778,1,,,1,53,,1144784,1,,,1,14,,1144777,1,,,1,15,,1144785,1,,,1,15,,1144766,1,,,1,69,,1097458,1,,,1,27,,1144759,1,,,1,67,,1144761,1,,,1,30,,1144760,1,,,1,68,,1071696,1,,,1,30,,1013729,1,,,1,72,,1144779,1,,,1
4800,'10',554,,1144787,1,,,1,55,,1144810,1,,,1,15,,1144796,1,,,1,15,,1144794,1,,,1,14,,1144801,1,,,1,50,,1144798,1,,,1,10,,1144819,1,,,1,16,,1144800,1,,,1,17,,1144811,1,,,1,59,,1144793,1,,,1,15,,1144799,1,,,1,16,,1144818,1,,,1,14,,1144807,1,,,1,68,,1144814,1,,,1,30,,1081160,1,,,1,68,,1144792,1,,,1,29,,1144826,1,,,1,70,,1144829,1,,,1,30,,1144795,1,,,1,70,,1144790,1,,,1,30,,1144816,1,,,1,70,,1144813,1,,,1,30,,1144817,1,,,1,71,,1144815,1,,,1,33,,1144812,1,,,1,56,,1016197,1,,,1,16,,1144808,1,,,1,17,,1144791,1,,,1,15,,1144805,1,,,1,56,,1144825,1,,,1,15,,1144824,1,,,1,15,,1144789,1,,,1,15,,1144821,1,,,1,53,,1144827,1,,,1,14,,1144820,1,,,1,15,,1144828,1,,,1,15,,1144809,1,,,1,69,,1097221,1,,,1,27,,1144802,1,,,1,67,,1144804,1,,,1,30,,1144803,1,,,1,68,,1071547,1,,,1,30,,1013817,1,,,1,72,,1144822,1,,,1
4800,'11',554,,1144830,1,,,1,55,,1144853,1,,,1,15,,1144839,1,,,1,15,,1144837,1,,,1,14,,1144844,1,,,1,50,,1144841,1,,,1,10,,1144862,1,,,1,16,,1144843,1,,,1,17,,1144854,1,,,1,59,,1144836,1,,,1,15,,1144842,1,,,1,16,,1144861,1,,,1,14,,1144850,1,,,1,68,,1144857,1,,,1,30,,1081415,1,,,1,68,,1144835,1,,,1,29,,1144869,1,,,1,70,,1144872,1,,,1,30,,1144838,1,,,1,70,,1144833,1,,,1,30,,1144859,1,,,1,70,,1144856,1,,,1,30,,1144860,1,,,1,71,,1144858,1,,,1,33,,1144855,1,,,1,56,,1015937,1,,,1,16,,1144851,1,,,1,17,,1144834,1,,,1,15,,1144848,1,,,1,56,,1144868,1,,,1,15,,1144867,1,,,1,15,,1144832,1,,,1,15,,1144864,1,,,1,53,,1144870,1,,,1,14,,1144863,1,,,1,15,,1144871,1,,,1,15,,1144852,1,,,1,69,,1097527,1,,,1,27,,1144845,1,,,1,67,,1144847,1,,,1,30,,1144846,1,,,1,68,,1071738,1,,,1,30,,1013702,1,,,1,72,,1144865,1,,,1
4800,'12',554,,1144904,1,,,1,55,,1144894,1,,,1,15,,1020177,1,,,1,15,,1144889,1,,,1,14,,1144873,1,,,1,50,,1144879,1,,,1,10,,1144885,1,,,1,16,,1144890,1,,,1,17,,1144883,1,,,1,59,,1144901,1,,,1,15,,1144908,1,,,1,16,,1144880,1,,,1,14,,1144881,1,,,1,68,,1144891,1,,,1,30,,1144909,1,,,1,68,,1144892,1,,,1,29,,1144912,1,,,1,70,,1144902,1,,,1,30,,1144888,1,,,1,70,,1144905,1,,,1,30,,1144910,1,,,1,70,,1144906,1,,,1,30,,1144898,1,,,1,71,,1144897,1,,,1,33,,1144887,1,,,1,56,,1144884,1,,,1,16,,1144914,1,,,1,17,,1144896,1,,,1,15,,1144877,1,,,1,56,,1093322,1,,,1,15,,1144900,1,,,1,15,,1144874,1,,,1,15,,1098996,1,,,1,53,,1144882,1,,,1,14,,1075454,1,,,1,15,,1144895,1,,,1,15,,1144899,1,,,1,69,,1144893,1,,,1,27,,1144911,1,,,1,67,,1009273,1,,,1,30,,1144886,1,,,1,68,,1144878,1,,,1,30,,1144876,1,,,1,72,,1144903,1,,,1
4800,'13',810,,1144938,1,,,1,100,,1144941,1,,,1,30,,1084654,1,,,1,70,,1144934,1,,,1,30,,1144932,1,,,1,70,,1144931,1,,,1,30,,1073357,1,,,1,70,,1066809,1,,,1,31,,1144920,1,,,1,71,,1144919,1,,,1,30,,1144921,1,,,1,70,,1144930,1,,,1,30,,1144942,1,,,1,70,,1144935,1,,,1,30,,1144929,1,,,1,70,,1144916,1,,,1,30,,1144925,1,,,1,69,,1144928,1,,,1,29,,1144933,1,,,1,70,,1144923,1,,,1,30,,1144940,1,,,1,70,,1144936,1,,,1
4800,'14',554,,1144943,1,,,1,55,,1144971,1,,,1,15,,1144957,1,,,1,15,,1144954,1,,,1,14,,1144962,1,,,1,50,,1144959,1,,,1,10,,1144980,1,,,1,16,,1144961,1,,,1,17,,1144972,1,,,1,59,,1144952,1,,,1,15,,1144960,1,,,1,16,,1144979,1,,,1,14,,1144968,1,,,1,68,,1144975,1,,,1,30,,1144953,1,,,1,68,,1144950,1,,,1,29,,1144987,1,,,1,70,,1144990,1,,,1,30,,1144956,1,,,1,70,,1144946,1,,,1,30,,1144977,1,,,1,70,,1144974,1,,,1,30,,1144978,1,,,1,71,,1144976,1,,,1,33,,1144973,1,,,1,56,,1144991,1,,,1,16,,1144969,1,,,1,17,,1144948,1,,,1,15,,1144966,1,,,1,56,,1144986,1,,,1,15,,1144985,1,,,1,15,,1144945,1,,,1,15,,1144982,1,,,1,53,,1144988,1,,,1,14,,1144981,1,,,1,15,,1144989,1,,,1,15,,1144970,1,,,1,69,,1144955,1,,,1,27,,1144963,1,,,1,67,,1144965,1,,,1,30,,1144964,1,,,1,68,,1144951,1,,,1,30,,1144947,1,,,1,72,,1144983,1,,,1
4800,'15',554,,1145029,1,,,1,55,,1144995,1,,,1,15,,1145021,1,,,1,15,,1144992,1,,,1,14,,1145023,1,,,1,50,,1145025,1,,,1,10,,1145017,1,,,1,16,,1145036,1,,,1,17,,1145015,1,,,1,59,,1145037,1,,,1,15,,1145038,1,,,1,16,,1145031,1,,,1,14,,1144996,1,,,1,68,,1144999,1,,,1,30,,1145019,1,,,1,68,,1145004,1,,,1,29,,1145032,1,,,1,70,,1145006,1,,,1,30,,1145002,1,,,1,70,,1145011,1,,,1,30,,1145000,1,,,1,70,,1145033,1,,,1,30,,1145026,1,,,1,71,,1145022,1,,,1,33,,1145013,1,,,1,56,,1145012,1,,,1,16,,1145014,1,,,1,17,,1145035,1,,,1,15,,1145040,1,,,1,56,,1144997,1,,,1,15,,1145027,1,,,1,15,,1144993,1,,,1,15,,1144998,1,,,1,53,,1145018,1,,,1,14,,1145020,1,,,1,15,,1144994,1,,,1,15,,1145005,1,,,1,69,,1145010,1,,,1,27,,1145030,1,,,1,67,,1145008,1,,,1,30,,1145039,1,,,1,68,,1145016,1,,,1,30,,1145028,1,,,1,72,,1145001,1,,,1
4800,'16',554,,1145074,1,,,1,55,,1145064,1,,,1,15,,1145085,1,,,1,15,,1145060,1,,,1,14,,1145041,1,,,1,50,,1145047,1,,,1,10,,1145056,1,,,1,16,,1145061,1,,,1,17,,1145054,1,,,1,59,,1145071,1,,,1,15,,1145078,1,,,1,16,,1145048,1,,,1,14,,1145049,1,,,1,68,,1145062,1,,,1,30,,1145079,1,,,1,68,,1145063,1,,,1,29,,1145082,1,,,1,70,,1145072,1,,,1,30,,1145059,1,,,1,70,,1145075,1,,,1,30,,1145080,1,,,1,70,,1145076,1,,,1,30,,1145068,1,,,1,71,,1145067,1,,,1,33,,1145058,1,,,1,56,,1145055,1,,,1,16,,1053216,1,,,1,17,,1145066,1,,,1,15,,1145045,1,,,1,56,,1145086,1,,,1,15,,1145070,1,,,1,15,,1145042,1,,,1,15,,1145084,1,,,1,53,,1145053,1,,,1,14,,1145052,1,,,1,15,,1145065,1,,,1,15,,1145069,1,,,1,69,,1066992,1,,,1,27,,1145081,1,,,1,67,,1145051,1,,,1,30,,1145057,1,,,1,68,,1145046,1,,,1,30,,1145044,1,,,1,72,,1145073,1,,,1
4800,'17',810,,1145111,1,,,1,100,,1145114,1,,,1,30,,1145094,1,,,1,70,,1145107,1,,,1,30,,1145105,1,,,1,70,,1145104,1,,,1,30,,1145087,1,,,1,70,,1145116,1,,,1,31,,1145092,1,,,1,71,,1145091,1,,,1,30,,1145093,1,,,1,70,,1145103,1,,,1,30,,1145115,1,,,1,70,,1145108,1,,,1,30,,1145102,1,,,1,70,,1145088,1,,,1,30,,1145098,1,,,1,69,,1145101,1,,,1,29,,1145106,1,,,1,70,,1145096,1,,,1,30,,1145113,1,,,1,70,,1145109,1,,,1
4800,'2',734,,1145132,1,,,1,70,,1145118,1,,,1,30,,1145130,1,,,1,70,,1145129,1,,,1,30,,1145135,1,,,1,70,,1145137,1,,,1,30,,1145145,1,,,1,70,,1145139,1,,,1,30,,1145119,1,,,1,70,,1145142,1,,,1,30,,1145141,1,,,1,70,,1145128,1,,,1,30,,1051308,1,,,1,70,,1145117,1,,,1,30,,1065626,1,,,1,70,,1145121,1,,,1,30,,1145138,1,,,1,70,,1145140,1,,,1,30,,1145134,1,,,1,70,,1145125,1,,,1,30,,1145146,1,,,1,70,,1023377,1,,,1,30,,1145131,1,,,1,70,,1145133,1,,,1,30,,1145136,1,,,1,70,,1145122,1,,,1,30,,1088409,1,,,1,70,,1145124,1,,,1,30,,1145126,1,,,1,70,,1145120,1,,,1
4800,'3',810,,1145171,1,,,1,100,,1145174,1,,,1,30,,1145154,1,,,1,70,,1145167,1,,,1,30,,1145165,1,,,1,70,,1145164,1,,,1,30,,1145147,1,,,1,70,,1145176,1,,,1,31,,1145152,1,,,1,71,,1145151,1,,,1,30,,1145153,1,,,1,70,,1145163,1,,,1,30,,1145175,1,,,1,70,,1145168,1,,,1,30,,1145162,1,,,1,70,,1145148,1,,,1,30,,1145158,1,,,1,69,,1145161,1,,,1,29,,1145166,1,,,1,70,,1145156,1,,,1,30,,1145173,1,,,1,70,,1145169,1,,,1
4800,'4',810,,1145200,1,,,1,100,,1004693,1,,,1,30,,1145180,1,,,1,70,,1145195,1,,,1,30,,1145194,1,,,1,70,,1145199,1,,,1,30,,1145186,1,,,1,70,,1145183,1,,,1,31,,1145182,1,,,1,71,,1145177,1,,,1,30,,1145185,1,,,1,70,,1145203,1,,,1,30,,1145181,1,,,1,70,,1145191,1,,,1,30,,1145204,1,,,1,70,,1145187,1,,,1,30,,1145192,1,,,1,69,,1061646,1,,,1,29,,1145202,1,,,1,70,,1145189,1,,,1,30,,1145179,1,,,1,70,,1145178,1,,,1
4800,'5',554,,1145205,1,,,1,55,,1145228,1,,,1,15,,1145214,1,,,1,15,,1145212,1,,,1,14,,1145219,1,,,1,50,,1145216,1,,,1,10,,1145237,1,,,1,16,,1145218,1,,,1,17,,1145229,1,,,1,59,,1145211,1,,,1,15,,1145217,1,,,1,16,,1145236,1,,,1,14,,1145225,1,,,1,68,,1145232,1,,,1,30,,1081327,1,,,1,68,,1145210,1,,,1,29,,1145244,1,,,1,70,,1145247,1,,,1,30,,1145213,1,,,1,70,,1145208,1,,,1,30,,1145234,1,,,1,70,,1145231,1,,,1,30,,1145235,1,,,1,71,,1145233,1,,,1,33,,1145230,1,,,1,56,,1015631,1,,,1,16,,1145226,1,,,1,17,,1145209,1,,,1,15,,1145223,1,,,1,56,,1145243,1,,,1,15,,1145242,1,,,1,15,,1145207,1,,,1,15,,1145239,1,,,1,53,,1145245,1,,,1,14,,1145238,1,,,1,15,,1145246,1,,,1,15,,1145227,1,,,1,69,,1097412,1,,,1,27,,1145220,1,,,1,67,,1145222,1,,,1,30,,1145221,1,,,1,68,,1071672,1,,,1,30,,1013575,1,,,1,72,,1145240,1,,,1
4800,'6',554,,1145276,1,,,1,55,,1145266,1,,,1,15,,1145287,1,,,1,15,,1145261,1,,,1,14,,1145248,1,,,1,50,,1011087,1,,,1,10,,1145257,1,,,1,16,,1145262,1,,,1,17,,1145255,1,,,1,59,,1145273,1,,,1,15,,1099075,1,,,1,16,,1040766,1,,,1,14,,1145250,1,,,1,68,,1145263,1,,,1,30,,1145280,1,,,1,68,,1145264,1,,,1,29,,1145283,1,,,1,70,,1145274,1,,,1,30,,1145260,1,,,1,70,,1145277,1,,,1,30,,1145281,1,,,1,70,,1145278,1,,,1,30,,1145270,1,,,1,71,,1145269,1,,,1,33,,1145259,1,,,1,56,,1145256,1,,,1,16,,1145284,1,,,1,17,,1145268,1,,,1,15,,1094343,1,,,1,56,,1145288,1,,,1,15,,1145272,1,,,1,15,,944620,1,,,1,15,,1145285,1,,,1,53,,1145254,1,,,1,14,,1145253,1,,,1,15,,1145267,1,,,1,15,,1145271,1,,,1,69,,1145265,1,,,1,27,,1145282,1,,,1,67,,1145252,1,,,1,30,,1145258,1,,,1,68,,954510,1,,,1,30,,1058876,1,,,1,72,,1145275,1,,,1
4800,'7',734,,1145301,1,,,1,70,,1145320,1,,,1,30,,1145293,1,,,1,70,,1145291,1,,,1,30,,1145321,1,,,1,70,,1145310,1,,,1,30,,1145295,1,,,1,70,,1145313,1,,,1,30,,1145302,1,,,1,70,,1145312,1,,,1,30,,1145318,1,,,1,70,,1145290,1,,,1,30,,1145303,1,,,1,70,,1145305,1,,,1,30,,1145298,1,,,1,70,,1145306,1,,,1,30,,1145300,1,,,1,70,,1145322,1,,,1,30,,1145292,1,,,1,70,,1145314,1,,,1,30,,1145308,1,,,1,70,,1145311,1,,,1,30,,1145309,1,,,1,70,,1145296,1,,,1,30,,1145323,1,,,1,70,,1145319,1,,,1,30,,1145317,1,,,1,70,,1145304,1,,,1,30,,1145315,1,,,1,70,,1145294,1,,,1
4800,'8',554,,1145358,1,,,1,55,,1145348,1,,,1,15,,1145371,1,,,1,15,,1145343,1,,,1,14,,1145324,1,,,1,50,,1145330,1,,,1,10,,1145339,1,,,1,16,,1145344,1,,,1,17,,1145337,1,,,1,59,,1145355,1,,,1,15,,1145362,1,,,1,16,,1145331,1,,,1,14,,1145332,1,,,1,68,,1145345,1,,,1,30,,1145363,1,,,1,68,,1145346,1,,,1,29,,1145366,1,,,1,70,,1145356,1,,,1,30,,1145342,1,,,1,70,,1145359,1,,,1,30,,1145364,1,,,1,70,,1145360,1,,,1,30,,1145352,1,,,1,71,,1145351,1,,,1,33,,1145341,1,,,1,56,,1145338,1,,,1,16,,1145368,1,,,1,17,,1145350,1,,,1,15,,1145328,1,,,1,56,,1145372,1,,,1,15,,1145354,1,,,1,15,,1145325,1,,,1,15,,1145369,1,,,1,53,,1145336,1,,,1,14,,1145335,1,,,1,15,,1145349,1,,,1,15,,1145353,1,,,1,69,,1145347,1,,,1,27,,1145365,1,,,1,67,,1145334,1,,,1,30,,1145340,1,,,1,68,,1145329,1,,,1,30,,1145327,1,,,1,72,,1145357,1,,,1
4800,'9',554,,1145373,1,,,1,55,,1145396,1,,,1,15,,1145382,1,,,1,15,,1145380,1,,,1,14,,1145387,1,,,1,50,,1145384,1,,,1,10,,1145405,1,,,1,16,,1145386,1,,,1,17,,1145397,1,,,1,59,,1145379,1,,,1,15,,1145385,1,,,1,16,,1145404,1,,,1,14,,1145393,1,,,1,68,,1145400,1,,,1,30,,1081220,1,,,1,68,,1145378,1,,,1,29,,1145412,1,,,1,70,,1145415,1,,,1,30,,1145381,1,,,1,70,,1145376,1,,,1,30,,1145402,1,,,1,70,,1145399,1,,,1,30,,1145403,1,,,1,71,,1145401,1,,,1,33,,1145398,1,,,1,56,,1016057,1,,,1,16,,1145394,1,,,1,17,,1145377,1,,,1,15,,1145391,1,,,1,56,,1145411,1,,,1,15,,1145410,1,,,1,15,,1145375,1,,,1,15,,1145407,1,,,1,53,,1145413,1,,,1,14,,1145406,1,,,1,15,,1145414,1,,,1,15,,1145395,1,,,1,69,,1097296,1,,,1,27,,1145388,1,,,1,67,,1145390,1,,,1,30,,1145389,1,,,1,68,,1071595,1,,,1,30,,1013756,1,,,1,72,,1145408,1,,,1
4801,'1',646,,1145446,52,,,1,4,,1145446,55,4,,1,54,,1145419,52,,,1,4,,1145419,55,4,,1,13,,1102523,52,,,1,5,,1102523,55,4,,1,12,,961535,52,,,1,5,,961535,55,4,,1,11,,993977,52,,,1,5,,993977,55,4,,1,52,,1089533,52,,,1,6,,1089533,55,4,,1,10,,1145417,52,,,1,6,,1145417,55,4,,1,9,,1145420,52,,,1,5,,1145420,55,4,,1,10,,1145438,52,,,1,45,,1145438,55,4,,1,8,,990637,52,,,1,5,,990637,55,4,,1,10,,998383,52,,,1,5,,998383,55,4,,1,10,,1145443,52,,,1,5,,1145443,55,4,,1,63,,1145445,52,,,1,5,,1145445,55,4,,1,24,,1145440,52,,,1,5,,1145440,55,4,,1,65,,942152,52,,,1,5,,942152,55,4,,1,25,,1145435,52,,,1,5,,1145435,55,4,,1,65,,1080478,52,,,1,5,,1080478,55,4,,1,25,,1145430,52,,,1,5,,1145430,55,4,,1,65,,1145418,52,,,1,5,,1145418,55,4,,1,25,,1024932,52,,,1,5,,1024932,55,4,,1,67,,1069587,52,,,1,5,,1069587,55,4,,1,26,,1145434,52,,,1,6,,1145434,55,4,,1,66,,1086025,52,,,1,6,,1086025,55,4,,1,26,,1145437,52,,,1,6,,1145437,55,4,,1,50,,1145431,52,,,1,6,,1145431,55,4,,1,9,,1145447,52,,,1,6,,1145447,55,4,,1,11,,1145416,52,,,1,6,,1145416,55,4,,1,7,,1145442,52,,,1,6,,1145442,55,4,,1,7,,1145448,52,,,1,46,,1145448,55,4,,1,8,,1145433,52,,,1,6,,1145433,55,4,,1,9,,1145429,52,,,1,6,,1145429,55,4,,1,9,,1145439,52,,,1,6,,1145439,55,4,,1,9,,1145441,52,,,1,46,,1145441,55,4,,1,6,,1145432,52,,,1,6,,1145432,55,4,,1,9,,1145425,52,,,1,6,,1145425,55,4,,1,8,,1145421,52,,,1,6,,1145421,55,4,,1,62,,1145427,52,,,1,5,,1145427,55,4,,1,25,,1145423,52,,,1,5,,1145423,55,4,,1,63,,1145436,52,,,1,5,,1145436,55,4,,1,25,,1145422,52,,,1,5,,1145422,55,4,,1,63,,976249,52,,,1,5,,976249,55,4,,1,25,,1075528,52,,,1,5,,1075528,55,4,,1,65,,1022957,52,,,1,5,,1022957,55,4,,1
4801,'10',646,,1145479,52,,,1,4,,1145479,55,4,,1,54,,1145452,52,,,1,4,,1145452,55,4,,1,13,,1102508,52,,,1,5,,1102508,55,4,,1,12,,961350,52,,,1,5,,961350,55,4,,1,11,,994159,52,,,1,5,,994159,55,4,,1,52,,1089349,52,,,1,6,,1089349,55,4,,1,10,,1145450,52,,,1,6,,1145450,55,4,,1,9,,1145453,52,,,1,5,,1145453,55,4,,1,10,,1145471,52,,,1,45,,1145471,55,4,,1,8,,990501,52,,,1,5,,990501,55,4,,1,10,,998475,52,,,1,5,,998475,55,4,,1,10,,1145476,52,,,1,5,,1145476,55,4,,1,63,,1145478,52,,,1,5,,1145478,55,4,,1,24,,1145473,52,,,1,5,,1145473,55,4,,1,65,,941876,52,,,1,5,,941876,55,4,,1,25,,1145468,52,,,1,5,,1145468,55,4,,1,65,,1080332,52,,,1,5,,1080332,55,4,,1,25,,1145463,52,,,1,5,,1145463,55,4,,1,65,,1145451,52,,,1,5,,1145451,55,4,,1,25,,1025044,52,,,1,5,,1025044,55,4,,1,67,,1069436,52,,,1,5,,1069436,55,4,,1,26,,1145467,52,,,1,6,,1145467,55,4,,1,66,,1085741,52,,,1,6,,1085741,55,4,,1,26,,1145470,52,,,1,6,,1145470,55,4,,1,50,,1145464,52,,,1,6,,1145464,55,4,,1,9,,1145480,52,,,1,6,,1145480,55,4,,1,11,,1145449,52,,,1,6,,1145449,55,4,,1,7,,1145475,52,,,1,6,,1145475,55,4,,1,7,,1145481,52,,,1,46,,1145481,55,4,,1,8,,1145466,52,,,1,6,,1145466,55,4,,1,9,,1145462,52,,,1,6,,1145462,55,4,,1,9,,1145472,52,,,1,6,,1145472,55,4,,1,9,,1145474,52,,,1,46,,1145474,55,4,,1,6,,1145465,52,,,1,6,,1145465,55,4,,1,9,,1145458,52,,,1,6,,1145458,55,4,,1,8,,1145454,52,,,1,6,,1145454,55,4,,1,62,,1145460,52,,,1,5,,1145460,55,4,,1,25,,1145456,52,,,1,5,,1145456,55,4,,1,63,,1145469,52,,,1,5,,1145469,55,4,,1,25,,1145455,52,,,1,5,,1145455,55,4,,1,63,,975922,52,,,1,5,,975922,55,4,,1,25,,1075192,52,,,1,5,,1075192,55,4,,1,65,,1023071,52,,,1,5,,1023071,55,4,,1
4801,'11',646,,1145512,52,,,1,4,,1145512,55,4,,1,54,,1145485,52,,,1,4,,1145485,55,4,,1,13,,1102528,52,,,1,5,,1102528,55,4,,1,12,,961505,52,,,1,5,,961505,55,4,,1,11,,993921,52,,,1,5,,993921,55,4,,1,52,,1089584,52,,,1,6,,1089584,55,4,,1,10,,1145483,52,,,1,6,,1145483,55,4,,1,9,,1145486,52,,,1,5,,1145486,55,4,,1,10,,1145504,52,,,1,45,,1145504,55,4,,1,8,,990607,52,,,1,5,,990607,55,4,,1,10,,998356,52,,,1,5,,998356,55,4,,1,10,,1145509,52,,,1,5,,1145509,55,4,,1,63,,1145511,52,,,1,5,,1145511,55,4,,1,24,,1145506,52,,,1,5,,1145506,55,4,,1,65,,942104,52,,,1,5,,942104,55,4,,1,25,,1145501,52,,,1,5,,1145501,55,4,,1,65,,1080522,52,,,1,5,,1080522,55,4,,1,25,,1145496,52,,,1,5,,1145496,55,4,,1,65,,1145484,52,,,1,5,,1145484,55,4,,1,25,,1024901,52,,,1,5,,1024901,55,4,,1,67,,1069633,52,,,1,5,,1069633,55,4,,1,26,,1145500,52,,,1,6,,1145500,55,4,,1,66,,1086107,52,,,1,6,,1086107,55,4,,1,26,,1145503,52,,,1,6,,1145503,55,4,,1,50,,1145497,52,,,1,6,,1145497,55,4,,1,9,,1145513,52,,,1,6,,1145513,55,4,,1,11,,1145482,52,,,1,6,,1145482,55,4,,1,7,,1145508,52,,,1,6,,1145508,55,4,,1,7,,1145514,52,,,1,46,,1145514,55,4,,1,8,,1145499,52,,,1,6,,1145499,55,4,,1,9,,1145495,52,,,1,6,,1145495,55,4,,1,9,,1145505,52,,,1,6,,1145505,55,4,,1,9,,1145507,52,,,1,46,,1145507,55,4,,1,6,,1145498,52,,,1,6,,1145498,55,4,,1,9,,1145491,52,,,1,6,,1145491,55,4,,1,8,,1145487,52,,,1,6,,1145487,55,4,,1,62,,1145493,52,,,1,5,,1145493,55,4,,1,25,,1145489,52,,,1,5,,1145489,55,4,,1,63,,1145502,52,,,1,5,,1145502,55,4,,1,25,,1145488,52,,,1,5,,1145488,55,4,,1,63,,976201,52,,,1,5,,976201,55,4,,1,25,,1075620,52,,,1,5,,1075620,55,4,,1,65,,1022924,52,,,1,5,,1022924,55,4,,1
4801,'12',646,,1145534,52,,,1,4,,1145534,55,4,,1,54,,1145519,52,,,1,4,,1145519,55,4,,1,13,,1145535,52,,,1,5,,1145535,55,4,,1,12,,1075871,52,,,1,5,,1075871,55,4,,1,11,,1145528,52,,,1,5,,1145528,55,4,,1,52,,1145539,52,,,1,6,,1145539,55,4,,1,10,,1145525,52,,,1,6,,1145525,55,4,,1,9,,1145537,52,,,1,5,,1145537,55,4,,1,10,,1145520,52,,,1,45,,1145520,55,4,,1,8,,1145529,52,,,1,5,,1145529,55,4,,1,10,,1145555,52,,,1,5,,1145555,55,4,,1,10,,1145526,52,,,1,5,,1145526,55,4,,1,63,,1145540,52,,,1,5,,1145540,55,4,,1,24,,1145532,52,,,1,5,,1145532,55,4,,1,65,,994271,52,,,1,5,,994271,55,4,,1,25,,1062512,52,,,1,5,,1062512,55,4,,1,65,,1145549,52,,,1,5,,1145549,55,4,,1,25,,1076943,52,,,1,5,,1076943,55,4,,1,65,,1145543,52,,,1,5,,1145543,55,4,,1,25,,1145542,52,,,1,5,,1145542,55,4,,1,67,,1145553,52,,,1,5,,1145553,55,4,,1,26,,1145530,52,,,1,6,,1145530,55,4,,1,66,,1145544,52,,,1,6,,1145544,55,4,,1,26,,1145551,52,,,1,6,,1145551,55,4,,1,50,,1145538,52,,,1,6,,1145538,55,4,,1,9,,1145546,52,,,1,6,,1145546,55,4,,1,11,,1023311,52,,,1,6,,1023311,55,4,,1,7,,1145516,52,,,1,6,,1145516,55,4,,1,7,,1083523,52,,,1,46,,1083523,55,4,,1,8,,1145548,52,,,1,6,,1145548,55,4,,1,9,,1075435,52,,,1,6,,1075435,55,4,,1,9,,1145524,52,,,1,6,,1145524,55,4,,1,9,,1145515,52,,,1,46,,1145515,55,4,,1,6,,1145518,52,,,1,6,,1145518,55,4,,1,9,,1145536,52,,,1,6,,1145536,55,4,,1,8,,1145521,52,,,1,6,,1145521,55,4,,1,62,,1145554,52,,,1,5,,1145554,55,4,,1,25,,1145523,52,,,1,5,,1145523,55,4,,1,63,,1145552,52,,,1,5,,1145552,55,4,,1,25,,1145517,52,,,1,5,,1145517,55,4,,1,63,,1145533,52,,,1,5,,1145533,55,4,,1,25,,1145541,52,,,1,5,,1145541,55,4,,1,65,,1145527,52,,,1,5,,1145527,55,4,,1
4801,'13',827,,1145570,52,,,1,4,,1145570,55,4,,1,96,,1145567,52,,,1,4,,1145567,55,4,,1,26,,1145575,52,,,1,44,,1145575,55,4,,1,26,,1145556,52,,,1,4,,1145556,55,4,,1,71,,1145566,52,,,1,4,,1145566,55,4,,1,26,,1145581,52,,,1,4,,1145581,55,4,,1,66,,1145578,52,,,1,4,,1145578,55,4,,1,26,,1145557,52,,,1,4,,1145557,55,4,,1,69,,1145574,52,,,1,4,,1145574,55,4,,1,26,,1145579,52,,,1,4,,1145579,55,4,,1,66,,1145580,52,,,1,4,,1145580,55,4,,1,26,,1145569,52,,,1,4,,1145569,55,4,,1,66,,1145558,52,,,1,4,,1145558,55,4,,1,26,,1145561,52,,,1,4,,1145561,55,4,,1,66,,1087911,52,,,1,4,,1087911,55,4,,1,26,,1145576,52,,,1,4,,1145576,55,4,,1,66,,1069513,52,,,1,4,,1069513,55,4,,1,26,,1039340,52,,,1,4,,1039340,55,4,,1,66,,1145571,52,,,1,4,,1145571,55,4,,1,26,,1145563,52,,,1,4,,1145563,55,4,,1,65,,1145562,52,,,1,4,,1145562,55,4,,1,26,,1065352,52,,,1,4,,1065352,55,4,,1
4801,'14',646,,1145625,52,,,1,4,,1145625,55,4,,1,54,,1145589,52,,,1,4,,1145589,55,4,,1,13,,1145622,52,,,1,5,,1145622,55,4,,1,12,,1145593,52,,,1,5,,1145593,55,4,,1,11,,1145594,52,,,1,5,,1145594,55,4,,1,52,,1145621,52,,,1,6,,1145621,55,4,,1,10,,1145583,52,,,1,6,,1145583,55,4,,1,9,,1145590,52,,,1,5,,1145590,55,4,,1,10,,1145615,52,,,1,45,,1145615,55,4,,1,8,,1145588,52,,,1,5,,1145588,55,4,,1,10,,1145604,52,,,1,5,,1145604,55,4,,1,10,,1145620,52,,,1,5,,1145620,55,4,,1,63,,1145624,52,,,1,5,,1145624,55,4,,1,24,,1145617,52,,,1,5,,1145617,55,4,,1,65,,1145586,52,,,1,5,,1145586,55,4,,1,25,,1145612,52,,,1,5,,1145612,55,4,,1,65,,1145596,52,,,1,5,,1145596,55,4,,1,25,,1145607,52,,,1,5,,1145607,55,4,,1,65,,1145584,52,,,1,5,,1145584,55,4,,1,25,,1145628,52,,,1,5,,1145628,55,4,,1,67,,1145595,52,,,1,5,,1145595,55,4,,1,26,,1145611,52,,,1,6,,1145611,55,4,,1,66,,1145592,52,,,1,6,,1145592,55,4,,1,26,,1145614,52,,,1,6,,1145614,55,4,,1,50,,1145608,52,,,1,6,,1145608,55,4,,1,9,,1145626,52,,,1,6,,1145626,55,4,,1,11,,1145582,52,,,1,6,,1145582,55,4,,1,7,,1145619,52,,,1,6,,1145619,55,4,,1,7,,1145629,52,,,1,46,,1145629,55,4,,1,8,,1145610,52,,,1,6,,1145610,55,4,,1,9,,1145606,52,,,1,6,,1145606,55,4,,1,9,,1145616,52,,,1,6,,1145616,55,4,,1,9,,1145618,52,,,1,46,,1145618,55,4,,1,6,,1145609,52,,,1,6,,1145609,55,4,,1,9,,1145601,52,,,1,6,,1145601,55,4,,1,8,,1145591,52,,,1,6,,1145591,55,4,,1,62,,1145603,52,,,1,5,,1145603,55,4,,1,25,,1145598,52,,,1,5,,1145598,55,4,,1,63,,1145613,52,,,1,5,,1145613,55,4,,1,25,,1145597,52,,,1,5,,1145597,55,4,,1,63,,1145587,52,,,1,5,,1145587,55,4,,1,25,,1145585,52,,,1,5,,1145585,55,4,,1,65,,1145627,52,,,1,5,,1145627,55,4,,1
4801,'15',646,,1145635,52,,,1,4,,1145635,55,4,,1,54,,1145651,52,,,1,4,,1145651,55,4,,1,13,,1145674,52,,,1,5,,1145674,55,4,,1,12,,1145671,52,,,1,5,,1145671,55,4,,1,11,,1145659,52,,,1,5,,1145659,55,4,,1,52,,1145665,52,,,1,6,,1145665,55,4,,1,10,,1145630,52,,,1,6,,1145630,55,4,,1,9,,1145647,52,,,1,5,,1145647,55,4,,1,10,,1145660,52,,,1,45,,1145660,55,4,,1,8,,1145655,52,,,1,5,,1145655,55,4,,1,10,,1145642,52,,,1,5,,1145642,55,4,,1,10,,1145656,52,,,1,5,,1145656,55,4,,1,63,,1145640,52,,,1,5,,1145640,55,4,,1,24,,1145667,52,,,1,5,,1145667,55,4,,1,65,,1145668,52,,,1,5,,1145668,55,4,,1,25,,1145646,52,,,1,5,,1145646,55,4,,1,65,,1145637,52,,,1,5,,1145637,55,4,,1,25,,1145632,52,,,1,5,,1145632,55,4,,1,65,,1145652,52,,,1,5,,1145652,55,4,,1,25,,1145666,52,,,1,5,,1145666,55,4,,1,67,,1145639,52,,,1,5,,1145639,55,4,,1,26,,1145676,52,,,1,6,,1145676,55,4,,1,66,,1145675,52,,,1,6,,1145675,55,4,,1,26,,1145663,52,,,1,6,,1145663,55,4,,1,50,,1145670,52,,,1,6,,1145670,55,4,,1,9,,1145661,52,,,1,6,,1145661,55,4,,1,11,,1145650,52,,,1,6,,1145650,55,4,,1,7,,1145631,52,,,1,6,,1145631,55,4,,1,7,,1145649,52,,,1,46,,1145649,55,4,,1,8,,1145664,52,,,1,6,,1145664,55,4,,1,9,,1145672,52,,,1,6,,1145672,55,4,,1,9,,1145657,52,,,1,6,,1145657,55,4,,1,9,,1145662,52,,,1,46,,1145662,55,4,,1,6,,1145633,52,,,1,6,,1145633,55,4,,1,9,,1145645,52,,,1,6,,1145645,55,4,,1,8,,1145648,52,,,1,6,,1145648,55,4,,1,62,,1145636,52,,,1,5,,1145636,55,4,,1,25,,1145638,52,,,1,5,,1145638,55,4,,1,63,,1145658,52,,,1,5,,1145658,55,4,,1,25,,1145653,52,,,1,5,,1145653,55,4,,1,63,,1145644,52,,,1,5,,1145644,55,4,,1,25,,1145634,52,,,1,5,,1145634,55,4,,1,65,,1145669,52,,,1,5,,1145669,55,4,,1
4801,'16',646,,1145697,52,,,1,4,,1145697,55,4,,1,54,,1145684,52,,,1,4,,1145684,55,4,,1,13,,1145698,52,,,1,5,,1145698,55,4,,1,12,,1145710,52,,,1,5,,1145710,55,4,,1,11,,1145691,52,,,1,5,,1145691,55,4,,1,52,,1145702,52,,,1,6,,1145702,55,4,,1,10,,1145688,52,,,1,6,,1145688,55,4,,1,9,,1145700,52,,,1,5,,1145700,55,4,,1,10,,1145685,52,,,1,45,,1145685,55,4,,1,8,,1145692,52,,,1,5,,1145692,55,4,,1,10,,1145721,52,,,1,5,,1145721,55,4,,1,10,,1145689,52,,,1,5,,1145689,55,4,,1,63,,1145703,52,,,1,5,,1145703,55,4,,1,24,,1145695,52,,,1,5,,1145695,55,4,,1,65,,1145716,52,,,1,5,,1145716,55,4,,1,25,,1145682,52,,,1,5,,1145682,55,4,,1,65,,1145714,52,,,1,5,,1145714,55,4,,1,25,,1145708,52,,,1,5,,1145708,55,4,,1,65,,1145706,52,,,1,5,,1145706,55,4,,1,25,,1145705,52,,,1,5,,1145705,55,4,,1,67,,1145719,52,,,1,5,,1145719,55,4,,1,26,,1145693,52,,,1,6,,1145693,55,4,,1,66,,1145707,52,,,1,6,,1145707,55,4,,1,26,,1145717,52,,,1,6,,1145717,55,4,,1,50,,1145701,52,,,1,6,,1145701,55,4,,1,9,,1145711,52,,,1,6,,1145711,55,4,,1,11,,1145679,52,,,1,6,,1145679,55,4,,1,7,,1069838,52,,,1,6,,1069838,55,4,,1,7,,1145680,52,,,1,46,,1145680,55,4,,1,8,,1145713,52,,,1,6,,1145713,55,4,,1,9,,1145681,52,,,1,6,,1145681,55,4,,1,9,,1145687,52,,,1,6,,1145687,55,4,,1,9,,1145678,52,,,1,46,,1145678,55,4,,1,6,,1145683,52,,,1,6,,1145683,55,4,,1,9,,1145699,52,,,1,6,,1145699,55,4,,1,8,,1070056,52,,,1,6,,1070056,55,4,,1,62,,1145720,52,,,1,5,,1145720,55,4,,1,25,,1145686,52,,,1,5,,1145686,55,4,,1,63,,1145718,52,,,1,5,,1145718,55,4,,1,25,,1087595,52,,,1,5,,1087595,55,4,,1,63,,1145696,52,,,1,5,,1145696,55,4,,1,25,,1145704,52,,,1,5,,1145704,55,4,,1,65,,1145690,52,,,1,5,,1145690,55,4,,1
4801,'17',827,,1145737,52,,,1,4,,1145737,55,4,,1,96,,1145734,52,,,1,4,,1145734,55,4,,1,26,,1145742,52,,,1,44,,1145742,55,4,,1,26,,1145722,52,,,1,4,,1145722,55,4,,1,71,,1145733,52,,,1,4,,1145733,55,4,,1,26,,1145750,52,,,1,4,,1145750,55,4,,1,66,,1145747,52,,,1,4,,1145747,55,4,,1,26,,1145723,52,,,1,4,,1145723,55,4,,1,69,,1145741,52,,,1,4,,1145741,55,4,,1,26,,1145748,52,,,1,4,,1145748,55,4,,1,66,,1145749,52,,,1,4,,1145749,55,4,,1,26,,1145736,52,,,1,4,,1145736,55,4,,1,66,,1145724,52,,,1,4,,1145724,55,4,,1,26,,1145728,52,,,1,4,,1145728,55,4,,1,66,,1145725,52,,,1,4,,1145725,55,4,,1,26,,1145743,52,,,1,4,,1145743,55,4,,1,66,,1145746,52,,,1,4,,1145746,55,4,,1,26,,1145744,52,,,1,4,,1145744,55,4,,1,66,,1145738,52,,,1,4,,1145738,55,4,,1,26,,1145730,52,,,1,4,,1145730,55,4,,1,65,,1145729,52,,,1,4,,1145729,55,4,,1,26,,1145751,52,,,1,4,,1145751,55,4,,1
4801,'2',715,,1145778,52,,,1,4,,1145778,55,4,,1,96,,1145753,52,,,1,4,,1145753,55,4,,1,26,,1145762,52,,,1,4,,1145762,55,4,,1,66,,1145758,52,,,1,4,,1145758,55,4,,1,26,,1145765,52,,,1,4,,1145765,55,4,,1,66,,1145779,52,,,1,4,,1145779,55,4,,1,31,,1145772,52,,,1,4,,1145772,55,4,,1,66,,1067825,52,,,1,4,,1067825,55,4,,1,26,,1062797,52,,,1,4,,1062797,55,4,,1,66,,1145773,52,,,1,4,,1145773,55,4,,1,29,,1145777,52,,,1,4,,1145777,55,4,,1,66,,1145761,52,,,1,4,,1145761,55,4,,1,26,,1035720,52,,,1,4,,1035720,55,4,,1,66,,1145770,52,,,1,4,,1145770,55,4,,1,26,,1145769,52,,,1,4,,1145769,55,4,,1,66,,1145760,52,,,1,4,,1145760,55,4,,1,26,,1145775,52,,,1,4,,1145775,55,4,,1,66,,1145763,52,,,1,4,,1145763,55,4,,1,26,,1145782,52,,,1,4,,1145782,55,4,,1,66,,1145783,52,,,1,4,,1145783,55,4,,1,26,,1145754,52,,,1,4,,1145754,55,4,,1,66,,1145764,52,,,1,4,,1145764,55,4,,1,25,,1145756,52,,,1,4,,1145756,55,4,,1,66,,1145757,52,,,1,4,,1145757,55,4,,1,26,,1145780,52,,,1,4,,1145780,55,4,,1,66,,1145774,52,,,1,4,,1145774,55,4,,1,24,,1145752,52,,,1,4,,1145752,55,4,,1,66,,1145776,52,,,1,4,,1145776,55,4,,1,26,,1145768,52,,,1,4,,1145768,55,4,,1,66,,1145766,52,,,1,4,,1145766,55,4,,1
4801,'3',827,,1145799,52,,,1,4,,1145799,55,4,,1,96,,1145796,52,,,1,4,,1145796,55,4,,1,26,,1145804,52,,,1,44,,1145804,55,4,,1,26,,1145784,52,,,1,4,,1145784,55,4,,1,71,,1145795,52,,,1,4,,1145795,55,4,,1,26,,1145812,52,,,1,4,,1145812,55,4,,1,66,,1145809,52,,,1,4,,1145809,55,4,,1,26,,1145785,52,,,1,4,,1145785,55,4,,1,69,,1145803,52,,,1,4,,1145803,55,4,,1,26,,1145810,52,,,1,4,,1145810,55,4,,1,66,,1145811,52,,,1,4,,1145811,55,4,,1,26,,1145798,52,,,1,4,,1145798,55,4,,1,66,,1145786,52,,,1,4,,1145786,55,4,,1,26,,1145790,52,,,1,4,,1145790,55,4,,1,66,,1145787,52,,,1,4,,1145787,55,4,,1,26,,1145805,52,,,1,4,,1145805,55,4,,1,66,,1145808,52,,,1,4,,1145808,55,4,,1,26,,1145806,52,,,1,4,,1145806,55,4,,1,66,,1145800,52,,,1,4,,1145800,55,4,,1,26,,1145792,52,,,1,4,,1145792,55,4,,1,65,,1145791,52,,,1,4,,1145791,55,4,,1,26,,1145813,52,,,1,4,,1145813,55,4,,1
4801,'4',827,,1145841,52,,,1,4,,1145841,55,4,,1,96,,1145817,52,,,1,4,,1145817,55,4,,1,26,,1145819,52,,,1,44,,1145819,55,4,,1,26,,1145839,52,,,1,4,,1145839,55,4,,1,71,,1145816,52,,,1,4,,1145816,55,4,,1,26,,1145835,52,,,1,4,,1145835,55,4,,1,66,,1145834,52,,,1,4,,1145834,55,4,,1,26,,1145840,52,,,1,4,,1145840,55,4,,1,69,,1145815,52,,,1,4,,1145815,55,4,,1,26,,1145828,52,,,1,4,,1145828,55,4,,1,66,,1145820,52,,,1,4,,1145820,55,4,,1,26,,1145832,52,,,1,4,,1145832,55,4,,1,66,,1145826,52,,,1,4,,1145826,55,4,,1,26,,1145822,52,,,1,4,,1145822,55,4,,1,66,,1145818,52,,,1,4,,1145818,55,4,,1,26,,1145830,52,,,1,4,,1145830,55,4,,1,66,,1096067,52,,,1,4,,1096067,55,4,,1,26,,1145833,52,,,1,4,,1145833,55,4,,1,66,,1145814,52,,,1,4,,1145814,55,4,,1,26,,1145823,52,,,1,4,,1145823,55,4,,1,65,,1145825,52,,,1,4,,1145825,55,4,,1,26,,1145829,52,,,1,4,,1145829,55,4,,1
4801,'5',646,,1145872,52,,,1,4,,1145872,55,4,,1,54,,1145845,52,,,1,4,,1145845,55,4,,1,13,,1102518,52,,,1,5,,1102518,55,4,,1,12,,961620,52,,,1,5,,961620,55,4,,1,11,,993693,52,,,1,5,,993693,55,4,,1,52,,1089498,52,,,1,6,,1089498,55,4,,1,10,,1145843,52,,,1,6,,1145843,55,4,,1,9,,1145846,52,,,1,5,,1145846,55,4,,1,10,,1145864,52,,,1,45,,1145864,55,4,,1,8,,990727,52,,,1,5,,990727,55,4,,1,10,,998207,52,,,1,5,,998207,55,4,,1,10,,1145869,52,,,1,5,,1145869,55,4,,1,63,,1145871,52,,,1,5,,1145871,55,4,,1,24,,1145866,52,,,1,5,,1145866,55,4,,1,65,,942304,52,,,1,5,,942304,55,4,,1,25,,1145861,52,,,1,5,,1145861,55,4,,1,65,,1080456,52,,,1,5,,1080456,55,4,,1,25,,1145856,52,,,1,5,,1145856,55,4,,1,65,,1145844,52,,,1,5,,1145844,55,4,,1,25,,1024722,52,,,1,5,,1024722,55,4,,1,67,,1069564,52,,,1,5,,1069564,55,4,,1,26,,1145860,52,,,1,6,,1145860,55,4,,1,66,,1085974,52,,,1,6,,1085974,55,4,,1,26,,1145863,52,,,1,6,,1145863,55,4,,1,50,,1145857,52,,,1,6,,1145857,55,4,,1,9,,1145873,52,,,1,6,,1145873,55,4,,1,11,,1145842,52,,,1,6,,1145842,55,4,,1,7,,1145868,52,,,1,6,,1145868,55,4,,1,7,,1145874,52,,,1,46,,1145874,55,4,,1,8,,1145859,52,,,1,6,,1145859,55,4,,1,9,,1145855,52,,,1,6,,1145855,55,4,,1,9,,1145865,52,,,1,6,,1145865,55,4,,1,9,,1145867,52,,,1,46,,1145867,55,4,,1,6,,1145858,52,,,1,6,,1145858,55,4,,1,9,,1145851,52,,,1,6,,1145851,55,4,,1,8,,1145847,52,,,1,6,,1145847,55,4,,1,62,,1145853,52,,,1,5,,1145853,55,4,,1,25,,1145849,52,,,1,5,,1145849,55,4,,1,63,,1145862,52,,,1,5,,1145862,55,4,,1,25,,1145848,52,,,1,5,,1145848,55,4,,1,63,,976404,52,,,1,5,,976404,55,4,,1,25,,1075486,52,,,1,5,,1075486,55,4,,1,65,,1022755,52,,,1,5,,1022755,55,4,,1
4801,'6',646,,1145893,52,,,1,4,,1145893,55,4,,1,54,,1067665,52,,,1,4,,1067665,55,4,,1,13,,1145894,52,,,1,5,,1145894,55,4,,1,12,,1145905,52,,,1,5,,1145905,55,4,,1,11,,1145888,52,,,1,5,,1145888,55,4,,1,52,,1145897,52,,,1,6,,1145897,55,4,,1,10,,1068943,52,,,1,6,,1068943,55,4,,1,9,,1145896,52,,,1,5,,1145896,55,4,,1,10,,1145881,52,,,1,45,,1145881,55,4,,1,8,,1145889,52,,,1,5,,1145889,55,4,,1,10,,1145912,52,,,1,5,,1145912,55,4,,1,10,,1145886,52,,,1,5,,1145886,55,4,,1,63,,1145898,52,,,1,5,,1145898,55,4,,1,24,,1145892,52,,,1,5,,1145892,55,4,,1,65,,1145910,52,,,1,5,,1145910,55,4,,1,25,,1145880,52,,,1,5,,1145880,55,4,,1,65,,1082709,52,,,1,5,,1082709,55,4,,1,25,,1145903,52,,,1,5,,1145903,55,4,,1,65,,1145901,52,,,1,5,,1145901,55,4,,1,25,,1145900,52,,,1,5,,1145900,55,4,,1,67,,1097585,52,,,1,5,,1097585,55,4,,1,26,,1145890,52,,,1,6,,1145890,55,4,,1,66,,1145902,52,,,1,6,,1145902,55,4,,1,26,,1145911,52,,,1,6,,1145911,55,4,,1,50,,1022782,52,,,1,6,,1022782,55,4,,1,9,,1145906,52,,,1,6,,1145906,55,4,,1,11,,1145875,52,,,1,6,,1145875,55,4,,1,7,,1145878,52,,,1,6,,1145878,55,4,,1,7,,1145876,52,,,1,46,,1145876,55,4,,1,8,,1145908,52,,,1,6,,1145908,55,4,,1,9,,1145877,52,,,1,6,,1145877,55,4,,1,9,,1145885,52,,,1,6,,1145885,55,4,,1,9,,1043182,52,,,1,46,,1043182,55,4,,1,6,,1063253,52,,,1,6,,1063253,55,4,,1,9,,1145895,52,,,1,6,,1145895,55,4,,1,8,,1145882,52,,,1,6,,1145882,55,4,,1,62,,1093570,52,,,1,5,,1093570,55,4,,1,25,,1145884,52,,,1,5,,1145884,55,4,,1,63,,1042728,52,,,1,5,,1042728,55,4,,1,25,,1145879,52,,,1,5,,1145879,55,4,,1,63,,1098433,52,,,1,5,,1098433,55,4,,1,25,,1145899,52,,,1,5,,1145899,55,4,,1,65,,1145887,52,,,1,5,,1145887,55,4,,1
4801,'7',715,,1145941,52,,,1,4,,1145941,55,4,,1,96,,1145946,52,,,1,4,,1145946,55,4,,1,26,,1145929,52,,,1,4,,1145929,55,4,,1,66,,1145917,52,,,1,4,,1145917,55,4,,1,26,,1145925,52,,,1,4,,1145925,55,4,,1,66,,1145913,52,,,1,4,,1145913,55,4,,1,31,,1145918,52,,,1,4,,1145918,55,4,,1,66,,1145915,52,,,1,4,,1145915,55,4,,1,26,,1145947,52,,,1,4,,1145947,55,4,,1,66,,1145928,52,,,1,4,,1145928,55,4,,1,29,,1145926,52,,,1,4,,1145926,55,4,,1,66,,1145935,52,,,1,4,,1145935,55,4,,1,26,,1145936,52,,,1,4,,1145936,55,4,,1,66,,1145921,52,,,1,4,,1145921,55,4,,1,26,,1145943,52,,,1,4,,1145943,55,4,,1,66,,1145914,52,,,1,4,,1145914,55,4,,1,26,,1145931,52,,,1,4,,1145931,55,4,,1,66,,1145938,52,,,1,4,,1145938,55,4,,1,26,,1145937,52,,,1,4,,1145937,55,4,,1,66,,1145932,52,,,1,4,,1145932,55,4,,1,26,,1145922,52,,,1,4,,1145922,55,4,,1,66,,1145940,52,,,1,4,,1145940,55,4,,1,25,,1145948,52,,,1,4,,1145948,55,4,,1,66,,1145944,52,,,1,4,,1145944,55,4,,1,26,,1145919,52,,,1,4,,1145919,55,4,,1,66,,1145930,52,,,1,4,,1145930,55,4,,1,24,,1145934,52,,,1,4,,1145934,55,4,,1,66,,1145924,52,,,1,4,,1145924,55,4,,1,26,,1145942,52,,,1,4,,1145942,55,4,,1,66,,1145927,52,,,1,4,,1145927,55,4,,1
4801,'8',646,,1145972,52,,,1,4,,1145972,55,4,,1,54,,1145957,52,,,1,4,,1145957,55,4,,1,13,,1145973,52,,,1,5,,1145973,55,4,,1,12,,1145985,52,,,1,5,,1145985,55,4,,1,11,,1145966,52,,,1,5,,1145966,55,4,,1,52,,1145977,52,,,1,6,,1145977,55,4,,1,10,,1145963,52,,,1,6,,1145963,55,4,,1,9,,1145975,52,,,1,5,,1145975,55,4,,1,10,,1145958,52,,,1,45,,1145958,55,4,,1,8,,1145967,52,,,1,5,,1145967,55,4,,1,10,,1145996,52,,,1,5,,1145996,55,4,,1,10,,1145964,52,,,1,5,,1145964,55,4,,1,63,,1145978,52,,,1,5,,1145978,55,4,,1,24,,1145970,52,,,1,5,,1145970,55,4,,1,65,,1145991,52,,,1,5,,1145991,55,4,,1,25,,1145955,52,,,1,5,,1145955,55,4,,1,65,,1145989,52,,,1,5,,1145989,55,4,,1,25,,1145983,52,,,1,5,,1145983,55,4,,1,65,,1145981,52,,,1,5,,1145981,55,4,,1,25,,1145980,52,,,1,5,,1145980,55,4,,1,67,,1145994,52,,,1,5,,1145994,55,4,,1,26,,1145968,52,,,1,6,,1145968,55,4,,1,66,,1145982,52,,,1,6,,1145982,55,4,,1,26,,1145992,52,,,1,6,,1145992,55,4,,1,50,,1145976,52,,,1,6,,1145976,55,4,,1,9,,1145986,52,,,1,6,,1145986,55,4,,1,11,,1145950,52,,,1,6,,1145950,55,4,,1,7,,1145953,52,,,1,6,,1145953,55,4,,1,7,,1145951,52,,,1,46,,1145951,55,4,,1,8,,1145988,52,,,1,6,,1145988,55,4,,1,9,,1145952,52,,,1,6,,1145952,55,4,,1,9,,1145962,52,,,1,6,,1145962,55,4,,1,9,,1145949,52,,,1,46,,1145949,55,4,,1,6,,1145956,52,,,1,6,,1145956,55,4,,1,9,,1145974,52,,,1,6,,1145974,55,4,,1,8,,1145959,52,,,1,6,,1145959,55,4,,1,62,,1145995,52,,,1,5,,1145995,55,4,,1,25,,1145961,52,,,1,5,,1145961,55,4,,1,63,,1145993,52,,,1,5,,1145993,55,4,,1,25,,1145954,52,,,1,5,,1145954,55,4,,1,63,,1145971,52,,,1,5,,1145971,55,4,,1,25,,1145979,52,,,1,5,,1145979,55,4,,1,65,,1145965,52,,,1,5,,1145965,55,4,,1
4801,'9',646,,1146027,52,,,1,4,,1146027,55,4,,1,54,,1146000,52,,,1,4,,1146000,55,4,,1,13,,1102513,52,,,1,5,,1102513,55,4,,1,12,,961590,52,,,1,5,,961590,55,4,,1,11,,994033,52,,,1,5,,994033,55,4,,1,52,,1089413,52,,,1,6,,1089413,55,4,,1,10,,1145998,52,,,1,6,,1145998,55,4,,1,9,,1146001,52,,,1,5,,1146001,55,4,,1,10,,1146019,52,,,1,45,,1146019,55,4,,1,8,,990697,52,,,1,5,,990697,55,4,,1,10,,998410,52,,,1,5,,998410,55,4,,1,10,,1146024,52,,,1,5,,1146024,55,4,,1,63,,1146026,52,,,1,5,,1146026,55,4,,1,24,,1146021,52,,,1,5,,1146021,55,4,,1,65,,942256,52,,,1,5,,942256,55,4,,1,25,,1146016,52,,,1,5,,1146016,55,4,,1,65,,1080383,52,,,1,5,,1080383,55,4,,1,25,,1146011,52,,,1,5,,1146011,55,4,,1,65,,1145999,52,,,1,5,,1145999,55,4,,1,25,,1024963,52,,,1,5,,1024963,55,4,,1,67,,1069484,52,,,1,5,,1069484,55,4,,1,26,,1146015,52,,,1,6,,1146015,55,4,,1,66,,1085828,52,,,1,6,,1085828,55,4,,1,26,,1146018,52,,,1,6,,1146018,55,4,,1,50,,1146012,52,,,1,6,,1146012,55,4,,1,9,,1146028,52,,,1,6,,1146028,55,4,,1,11,,1145997,52,,,1,6,,1145997,55,4,,1,7,,1146023,52,,,1,6,,1146023,55,4,,1,7,,1146029,52,,,1,46,,1146029,55,4,,1,8,,1146014,52,,,1,6,,1146014,55,4,,1,9,,1146010,52,,,1,6,,1146010,55,4,,1,9,,1146020,52,,,1,6,,1146020,55,4,,1,9,,1146022,52,,,1,46,,1146022,55,4,,1,6,,1146013,52,,,1,6,,1146013,55,4,,1,9,,1146006,52,,,1,6,,1146006,55,4,,1,8,,1146002,52,,,1,6,,1146002,55,4,,1,62,,1146008,52,,,1,5,,1146008,55,4,,1,25,,1146004,52,,,1,5,,1146004,55,4,,1,63,,1146017,52,,,1,5,,1146017,55,4,,1,25,,1146003,52,,,1,5,,1146003,55,4,,1,63,,976356,52,,,1,5,,976356,55,4,,1,25,,1075290,52,,,1,5,,1075290,55,4,,1,65,,1022990,52,,,1,5,,1022990,55,4,,1
11100,'1',652,,996770,36,,,1,3,,996770,39,4,,1,69,,1185446,36,,,1,3,,1185446,39,4,,1,27,,1185410,36,,,1,3,,1185410,39,4,,1,72,,1185418,36,,,1,3,,1185418,39,4,,1,22,,1185411,36,,,1,3,,1185411,39,4,,1,63,,1185439,36,,,1,3,,1185439,39,4,,1,27,,1090490,36,,,1,3,,1090490,39,4,,1,72,,1185455,36,,,1,3,,1185455,39,4,,1,27,,1185459,36,,,1,3,,1185459,39,4,,1,67,,1185454,36,,,1,3,,1185454,39,4,,1,27,,1062119,36,,,1,3,,1062119,39,4,,1,67,,1185435,36,,,1,3,,1185435,39,4,,1,27,,1185409,36,,,1,3,,1185409,39,4,,1,67,,1185426,36,,,1,3,,1185426,39,4,,1,27,,1185412,36,,,1,3,,1185412,39,4,,1,64,,1032823,36,,,1,3,,1032823,39,4,,1,32,,1185450,36,,,1,43,,1185450,39,4,,1,27,,1185423,36,,,1,3,,1185423,39,4,,1,70,,1185433,36,,,1,3,,1185433,39,4,,1,27,,1185417,36,,,1,3,,1185417,39,4,,1,69,,1185429,36,,,1,3,,1185429,39,4,,1,27,,1185432,36,,,1,3,,1185432,39,4,,1,66,,1092441,36,,,1,3,,1092441,39,4,,1,27,,1185451,36,,,1,3,,1185451,39,4,,1,22,,1185425,36,,,1,3,,1185425,39,4,,1,67,,1185452,36,,,1,3,,1185452,39,4,,1,22,,1185458,36,,,1,3,,1185458,39,4,,1,67,,1185441,36,,,1,3,,1185441,39,4,,1,27,,1185438,36,,,1,3,,1185438,39,4,,1,67,,1185415,36,,,1,3,,1185415,39,4,,1,27,,1185448,36,,,1,3,,1185448,39,4,,1,67,,1185427,36,,,1,3,,1185427,39,4,,1
11100,'10',652,,996919,36,,,1,3,,996919,39,4,,1,69,,1185502,36,,,1,3,,1185502,39,4,,1,27,,1185466,36,,,1,3,,1185466,39,4,,1,72,,1185474,36,,,1,3,,1185474,39,4,,1,22,,1185467,36,,,1,3,,1185467,39,4,,1,63,,1185495,36,,,1,3,,1185495,39,4,,1,27,,1090333,36,,,1,3,,1090333,39,4,,1,72,,1185511,36,,,1,3,,1185511,39,4,,1,27,,1185515,36,,,1,3,,1185515,39,4,,1,67,,1185510,36,,,1,3,,1185510,39,4,,1,27,,1061886,36,,,1,3,,1061886,39,4,,1,67,,1185491,36,,,1,3,,1185491,39,4,,1,27,,1185465,36,,,1,3,,1185465,39,4,,1,67,,1185482,36,,,1,3,,1185482,39,4,,1,27,,1185468,36,,,1,3,,1185468,39,4,,1,64,,1033000,36,,,1,3,,1033000,39,4,,1,32,,1185506,36,,,1,43,,1185506,39,4,,1,27,,1185479,36,,,1,3,,1185479,39,4,,1,70,,1185489,36,,,1,3,,1185489,39,4,,1,27,,1185473,36,,,1,3,,1185473,39,4,,1,69,,1185485,36,,,1,3,,1185485,39,4,,1,27,,1185488,36,,,1,3,,1185488,39,4,,1,66,,1092285,36,,,1,3,,1092285,39,4,,1,27,,1185507,36,,,1,3,,1185507,39,4,,1,22,,1185481,36,,,1,3,,1185481,39,4,,1,67,,1185508,36,,,1,3,,1185508,39,4,,1,22,,1185514,36,,,1,3,,1185514,39,4,,1,67,,1185497,36,,,1,3,,1185497,39,4,,1,27,,1185494,36,,,1,3,,1185494,39,4,,1,67,,1185471,36,,,1,3,,1185471,39,4,,1,27,,1185504,36,,,1,3,,1185504,39,4,,1,67,,1185483,36,,,1,3,,1185483,39,4,,1
11100,'11',652,,996728,36,,,1,3,,996728,39,4,,1,69,,1185558,36,,,1,3,,1185558,39,4,,1,27,,1185522,36,,,1,3,,1185522,39,4,,1,72,,1185530,36,,,1,3,,1185530,39,4,,1,22,,1185523,36,,,1,3,,1185523,39,4,,1,63,,1185551,36,,,1,3,,1185551,39,4,,1,27,,1090533,36,,,1,3,,1090533,39,4,,1,72,,1185567,36,,,1,3,,1185567,39,4,,1,27,,1185571,36,,,1,3,,1185571,39,4,,1,67,,1185566,36,,,1,3,,1185566,39,4,,1,27,,1062194,36,,,1,3,,1062194,39,4,,1,67,,1185547,36,,,1,3,,1185547,39,4,,1,27,,1185521,36,,,1,3,,1185521,39,4,,1,67,,1185538,36,,,1,3,,1185538,39,4,,1,27,,1185524,36,,,1,3,,1185524,39,4,,1,64,,1032771,36,,,1,3,,1032771,39,4,,1,32,,1185562,36,,,1,43,,1185562,39,4,,1,27,,1185535,36,,,1,3,,1185535,39,4,,1,70,,1185545,36,,,1,3,,1185545,39,4,,1,27,,1185529,36,,,1,3,,1185529,39,4,,1,69,,1185541,36,,,1,3,,1185541,39,4,,1,27,,1185544,36,,,1,3,,1185544,39,4,,1,66,,1092488,36,,,1,3,,1092488,39,4,,1,27,,1185563,36,,,1,3,,1185563,39,4,,1,22,,1185537,36,,,1,3,,1185537,39,4,,1,67,,1185564,36,,,1,3,,1185564,39,4,,1,22,,1185570,36,,,1,3,,1185570,39,4,,1,67,,1185553,36,,,1,3,,1185553,39,4,,1,27,,1185550,36,,,1,3,,1185550,39,4,,1,67,,1185527,36,,,1,3,,1185527,39,4,,1,27,,1185560,36,,,1,3,,1185560,39,4,,1,67,,1185539,36,,,1,3,,1185539,39,4,,1
11100,'12',652,,1185583,36,,,1,3,,1185583,39,4,,1,69,,1185584,36,,,1,3,,1185584,39,4,,1,27,,1185599,36,,,1,3,,1185599,39,4,,1,72,,1185605,36,,,1,3,,1185605,39,4,,1,22,,1185579,36,,,1,3,,1185579,39,4,,1,63,,1099283,36,,,1,3,,1099283,39,4,,1,27,,1037301,36,,,1,3,,1037301,39,4,,1,72,,1185578,36,,,1,3,,1185578,39,4,,1,27,,1185577,36,,,1,3,,1185577,39,4,,1,67,,1185580,36,,,1,3,,1185580,39,4,,1,27,,1185634,36,,,1,3,,1185634,39,4,,1,67,,1095130,36,,,1,3,,1095130,39,4,,1,27,,1185608,36,,,1,3,,1185608,39,4,,1,67,,1185575,36,,,1,3,,1185575,39,4,,1,27,,1185609,36,,,1,3,,1185609,39,4,,1,64,,1185573,36,,,1,3,,1185573,39,4,,1,32,,1185632,36,,,1,43,,1185632,39,4,,1,27,,1185618,36,,,1,3,,1185618,39,4,,1,70,,1185626,36,,,1,3,,1185626,39,4,,1,27,,1185612,36,,,1,3,,1185612,39,4,,1,69,,1062524,36,,,1,3,,1062524,39,4,,1,27,,1185597,36,,,1,3,,1185597,39,4,,1,66,,1185582,36,,,1,3,,1185582,39,4,,1,27,,1185633,36,,,1,3,,1185633,39,4,,1,22,,1185617,36,,,1,3,,1185617,39,4,,1,67,,1185595,36,,,1,3,,1185595,39,4,,1,22,,1185616,36,,,1,3,,1185616,39,4,,1,67,,1185627,36,,,1,3,,1185627,39,4,,1,27,,1185585,36,,,1,3,,1185585,39,4,,1,67,,1185588,36,,,1,3,,1185588,39,4,,1,27,,1022088,36,,,1,3,,1022088,39,4,,1,67,,1185601,36,,,1,3,,1185601,39,4,,1
11100,'14',652,,1185718,36,,,1,3,,1185718,39,4,,1,69,,1185717,36,,,1,3,,1185717,39,4,,1,27,,1185673,36,,,1,3,,1185673,39,4,,1,72,,1185688,36,,,1,3,,1185688,39,4,,1,22,,1185677,36,,,1,3,,1185677,39,4,,1,63,,1185710,36,,,1,3,,1185710,39,4,,1,27,,1185685,36,,,1,3,,1185685,39,4,,1,72,,1185727,36,,,1,3,,1185727,39,4,,1,27,,1185735,36,,,1,3,,1185735,39,4,,1,67,,1185726,36,,,1,3,,1185726,39,4,,1,27,,1185672,36,,,1,3,,1185672,39,4,,1,67,,1185706,36,,,1,3,,1185706,39,4,,1,27,,1185671,36,,,1,3,,1185671,39,4,,1,67,,1185697,36,,,1,3,,1185697,39,4,,1,27,,1185681,36,,,1,3,,1185681,39,4,,1,64,,1185689,36,,,1,3,,1185689,39,4,,1,32,,1185722,36,,,1,43,,1185722,39,4,,1,27,,1185694,36,,,1,3,,1185694,39,4,,1,70,,1185704,36,,,1,3,,1185704,39,4,,1,27,,1185687,36,,,1,3,,1185687,39,4,,1,69,,1185700,36,,,1,3,,1185700,39,4,,1,27,,1185703,36,,,1,3,,1185703,39,4,,1,66,,1185680,36,,,1,3,,1185680,39,4,,1,27,,1185723,36,,,1,3,,1185723,39,4,,1,22,,1185696,36,,,1,3,,1185696,39,4,,1,67,,1185724,36,,,1,3,,1185724,39,4,,1,22,,1185730,36,,,1,3,,1185730,39,4,,1,67,,1185712,36,,,1,3,,1185712,39,4,,1,27,,1185709,36,,,1,3,,1185709,39,4,,1,67,,1185684,36,,,1,3,,1185684,39,4,,1,27,,1185720,36,,,1,3,,1185720,39,4,,1,67,,1185698,36,,,1,3,,1185698,39,4,,1
11100,'15',652,,1185805,36,,,1,3,,1185805,39,4,,1,69,,1185740,36,,,1,3,,1185740,39,4,,1,27,,1185780,36,,,1,3,,1185780,39,4,,1,72,,1185750,36,,,1,3,,1185750,39,4,,1,22,,1185804,36,,,1,3,,1185804,39,4,,1,63,,1185739,36,,,1,3,,1185739,39,4,,1,27,,1185749,36,,,1,3,,1185749,39,4,,1,72,,1185738,36,,,1,3,,1185738,39,4,,1,27,,1185794,36,,,1,3,,1185794,39,4,,1,67,,1185806,36,,,1,3,,1185806,39,4,,1,27,,1185747,36,,,1,3,,1185747,39,4,,1,67,,1185760,36,,,1,3,,1185760,39,4,,1,27,,1185781,36,,,1,3,,1185781,39,4,,1,67,,1185772,36,,,1,3,,1185772,39,4,,1,27,,1185796,36,,,1,3,,1185796,39,4,,1,64,,1185765,36,,,1,3,,1185765,39,4,,1,32,,1185786,36,,,1,43,,1185786,39,4,,1,27,,1185789,36,,,1,3,,1185789,39,4,,1,70,,1185748,36,,,1,3,,1185748,39,4,,1,27,,1185787,36,,,1,3,,1185787,39,4,,1,69,,1185799,36,,,1,3,,1185799,39,4,,1,27,,1185783,36,,,1,3,,1185783,39,4,,1,66,,1185808,36,,,1,3,,1185808,39,4,,1,27,,1185771,36,,,1,3,,1185771,39,4,,1,22,,1185779,36,,,1,3,,1185779,39,4,,1,67,,1185754,36,,,1,3,,1185754,39,4,,1,22,,1185798,36,,,1,3,,1185798,39,4,,1,67,,1185775,36,,,1,3,,1185775,39,4,,1,27,,1185764,36,,,1,3,,1185764,39,4,,1,67,,1185743,36,,,1,3,,1185743,39,4,,1,27,,1185753,36,,,1,3,,1185753,39,4,,1,67,,1185774,36,,,1,3,,1185774,39,4,,1
11100,'16',652,,1062645,36,,,1,3,,1062645,39,4,,1,69,,1185823,36,,,1,3,,1185823,39,4,,1,27,,1185838,36,,,1,3,,1185838,39,4,,1,72,,1185844,36,,,1,3,,1185844,39,4,,1,22,,1081384,36,,,1,3,,1081384,39,4,,1,63,,1185860,36,,,1,3,,1185860,39,4,,1,27,,1185810,36,,,1,3,,1185810,39,4,,1,72,,1089234,36,,,1,3,,1089234,39,4,,1,27,,1185813,36,,,1,3,,1185813,39,4,,1,67,,1185815,36,,,1,3,,1185815,39,4,,1,27,,1185870,36,,,1,3,,1185870,39,4,,1,67,,1185822,36,,,1,3,,1185822,39,4,,1,27,,1185847,36,,,1,3,,1185847,39,4,,1,67,,1185811,36,,,1,3,,1185811,39,4,,1,27,,1185848,36,,,1,3,,1185848,39,4,,1,64,,1185809,36,,,1,3,,1185809,39,4,,1,32,,1185869,36,,,1,43,,1185869,39,4,,1,27,,1185856,36,,,1,3,,1185856,39,4,,1,70,,1185865,36,,,1,3,,1185865,39,4,,1,27,,1185851,36,,,1,3,,1185851,39,4,,1,69,,1185821,36,,,1,3,,1185821,39,4,,1,27,,1185836,36,,,1,3,,1185836,39,4,,1,66,,1185819,36,,,1,3,,1185819,39,4,,1,27,,1094187,36,,,1,3,,1094187,39,4,,1,22,,1185855,36,,,1,3,,1185855,39,4,,1,67,,1185834,36,,,1,3,,1185834,39,4,,1,22,,1185854,36,,,1,3,,1185854,39,4,,1,67,,1185866,36,,,1,3,,1185866,39,4,,1,27,,1185824,36,,,1,3,,1185824,39,4,,1,67,,1185827,36,,,1,3,,1185827,39,4,,1,27,,1185858,36,,,1,3,,1185858,39,4,,1,67,,1185840,36,,,1,3,,1185840,39,4,,1
11100,'5',652,,996462,36,,,1,3,,996462,39,4,,1,69,,1186043,36,,,1,3,,1186043,39,4,,1,27,,1186007,36,,,1,3,,1186007,39,4,,1,72,,1186015,36,,,1,3,,1186015,39,4,,1,22,,1186008,36,,,1,3,,1186008,39,4,,1,63,,1186036,36,,,1,3,,1186036,39,4,,1,27,,1090466,36,,,1,3,,1090466,39,4,,1,72,,1186052,36,,,1,3,,1186052,39,4,,1,27,,1186056,36,,,1,3,,1186056,39,4,,1,67,,1186051,36,,,1,3,,1186051,39,4,,1,27,,1062071,36,,,1,3,,1062071,39,4,,1,67,,1186032,36,,,1,3,,1186032,39,4,,1,27,,1186006,36,,,1,3,,1186006,39,4,,1,67,,1186023,36,,,1,3,,1186023,39,4,,1,27,,1186009,36,,,1,3,,1186009,39,4,,1,64,,1032521,36,,,1,3,,1032521,39,4,,1,32,,1186047,36,,,1,43,,1186047,39,4,,1,27,,1186020,36,,,1,3,,1186020,39,4,,1,70,,1186030,36,,,1,3,,1186030,39,4,,1,27,,1186014,36,,,1,3,,1186014,39,4,,1,69,,1186026,36,,,1,3,,1186026,39,4,,1,27,,1186029,36,,,1,3,,1186029,39,4,,1,66,,1092408,36,,,1,3,,1092408,39,4,,1,27,,1186048,36,,,1,3,,1186048,39,4,,1,22,,1186022,36,,,1,3,,1186022,39,4,,1,67,,1186049,36,,,1,3,,1186049,39,4,,1,22,,1186055,36,,,1,3,,1186055,39,4,,1,67,,1186038,36,,,1,3,,1186038,39,4,,1,27,,1186035,36,,,1,3,,1186035,39,4,,1,67,,1186012,36,,,1,3,,1186012,39,4,,1,27,,1186045,36,,,1,3,,1186045,39,4,,1,67,,1186024,36,,,1,3,,1186024,39,4,,1
11100,'6',652,,1186072,36,,,1,3,,1186072,39,4,,1,69,,1186073,36,,,1,3,,1186073,39,4,,1,27,,1186088,36,,,1,3,,1186088,39,4,,1,72,,1186094,36,,,1,3,,1186094,39,4,,1,22,,1186064,36,,,1,3,,1186064,39,4,,1,63,,1186109,36,,,1,3,,1186109,39,4,,1,27,,1186059,36,,,1,3,,1186059,39,4,,1,72,,1186062,36,,,1,3,,1186062,39,4,,1,27,,1083314,36,,,1,3,,1083314,39,4,,1,67,,1013968,36,,,1,3,,1013968,39,4,,1,27,,1090564,36,,,1,3,,1090564,39,4,,1,67,,1186071,36,,,1,3,,1186071,39,4,,1,27,,1186096,36,,,1,3,,1186096,39,4,,1,67,,1186061,36,,,1,3,,1186061,39,4,,1,27,,1186097,36,,,1,3,,1186097,39,4,,1,64,,1186058,36,,,1,3,,1186058,39,4,,1,32,,1034297,36,,,1,43,,1034297,39,4,,1,27,,1186105,36,,,1,3,,1186105,39,4,,1,70,,1071461,36,,,1,3,,1071461,39,4,,1,27,,1186099,36,,,1,3,,1186099,39,4,,1,69,,1186070,36,,,1,3,,1186070,39,4,,1,27,,1186086,36,,,1,3,,1186086,39,4,,1,66,,1186068,36,,,1,3,,1186068,39,4,,1,27,,1186117,36,,,1,3,,1186117,39,4,,1,22,,1186104,36,,,1,3,,1186104,39,4,,1,67,,1186084,36,,,1,3,,1186084,39,4,,1,22,,1186103,36,,,1,3,,1186103,39,4,,1,67,,1063282,36,,,1,3,,1063282,39,4,,1,27,,1186074,36,,,1,3,,1186074,39,4,,1,67,,1186077,36,,,1,3,,1186077,39,4,,1,27,,1186106,36,,,1,3,,1186106,39,4,,1,67,,1186090,36,,,1,3,,1186090,39,4,,1
11100,'8',652,,1186173,36,,,1,3,,1186173,39,4,,1,69,,1186174,36,,,1,3,,1186174,39,4,,1,27,,1186189,36,,,1,3,,1186189,39,4,,1,72,,1186195,36,,,1,3,,1186195,39,4,,1,22,,1186164,36,,,1,3,,1186164,39,4,,1,63,,1186213,36,,,1,3,,1186213,39,4,,1,27,,1186157,36,,,1,3,,1186157,39,4,,1,72,,1186162,36,,,1,3,,1186162,39,4,,1,27,,1186161,36,,,1,3,,1186161,39,4,,1,67,,1186165,36,,,1,3,,1186165,39,4,,1,27,,1186227,36,,,1,3,,1186227,39,4,,1,67,,1186172,36,,,1,3,,1186172,39,4,,1,27,,1186198,36,,,1,3,,1186198,39,4,,1,67,,1186159,36,,,1,3,,1186159,39,4,,1,27,,1186199,36,,,1,3,,1186199,39,4,,1,64,,1186156,36,,,1,3,,1186156,39,4,,1,32,,1186225,36,,,1,43,,1186225,39,4,,1,27,,1186208,36,,,1,3,,1186208,39,4,,1,70,,1186219,36,,,1,3,,1186219,39,4,,1,27,,1186202,36,,,1,3,,1186202,39,4,,1,69,,1186171,36,,,1,3,,1186171,39,4,,1,27,,1186187,36,,,1,3,,1186187,39,4,,1,66,,1186169,36,,,1,3,,1186169,39,4,,1,27,,1186226,36,,,1,3,,1186226,39,4,,1,22,,1186207,36,,,1,3,,1186207,39,4,,1,67,,1186185,36,,,1,3,,1186185,39,4,,1,22,,1186206,36,,,1,3,,1186206,39,4,,1,67,,1186220,36,,,1,3,,1186220,39,4,,1,27,,1186175,36,,,1,3,,1186175,39,4,,1,67,,1186178,36,,,1,3,,1186178,39,4,,1,27,,1186210,36,,,1,3,,1186210,39,4,,1,67,,1186191,36,,,1,3,,1186191,39,4,,1
11100,'9',652,,996812,36,,,1,3,,996812,39,4,,1,69,,1186269,36,,,1,3,,1186269,39,4,,1,27,,1186233,36,,,1,3,,1186233,39,4,,1,72,,1186241,36,,,1,3,,1186241,39,4,,1,22,,1186234,36,,,1,3,,1186234,39,4,,1,63,,1186262,36,,,1,3,,1186262,39,4,,1,27,,1090384,36,,,1,3,,1090384,39,4,,1,72,,1186278,36,,,1,3,,1186278,39,4,,1,27,,1186282,36,,,1,3,,1186282,39,4,,1,67,,1186277,36,,,1,3,,1186277,39,4,,1,27,,1061960,36,,,1,3,,1061960,39,4,,1,67,,1186258,36,,,1,3,,1186258,39,4,,1,27,,1186232,36,,,1,3,,1186232,39,4,,1,67,,1186249,36,,,1,3,,1186249,39,4,,1,27,,1186235,36,,,1,3,,1186235,39,4,,1,64,,1032875,36,,,1,3,,1032875,39,4,,1,32,,1186273,36,,,1,43,,1186273,39,4,,1,27,,1186246,36,,,1,3,,1186246,39,4,,1,70,,1186256,36,,,1,3,,1186256,39,4,,1,27,,1186240,36,,,1,3,,1186240,39,4,,1,69,,1186252,36,,,1,3,,1186252,39,4,,1,27,,1186255,36,,,1,3,,1186255,39,4,,1,66,,1092334,36,,,1,3,,1092334,39,4,,1,27,,1186274,36,,,1,3,,1186274,39,4,,1,22,,1186248,36,,,1,3,,1186248,39,4,,1,67,,1186275,36,,,1,3,,1186275,39,4,,1,22,,1186281,36,,,1,3,,1186281,39,4,,1,67,,1186264,36,,,1,3,,1186264,39,4,,1,27,,1186261,36,,,1,3,,1186261,39,4,,1,67,,1186238,36,,,1,3,,1186238,39,4,,1,27,,1186271,36,,,1,3,,1186271,39,4,,1,67,,1186250,36,,,1,3,,1186250,39,4,,1
11101,'1',736,,1186328,1,,,1,75,,1186334,1,,,1,30,,1075944,1,,,1,68,,1186337,1,,,1,25,,1186309,1,,,1,70,,1186313,1,,,1,30,,1186335,1,,,1,70,,1186315,1,,,1,30,,1186326,1,,,1,70,,1186341,1,,,1,30,,1186317,1,,,1,70,,1186287,1,,,1,30,,1186327,1,,,1,70,,1097834,1,,,1,30,,1186323,1,,,1,105,,1008012,1,,,1,71,,1186333,1,,,1,30,,1186298,1,,,1,70,,1186297,1,,,1,30,,1186322,1,,,1,69,,1186310,1,,,1,30,,1013035,1,,,1,67,,1186306,1,,,1,30,,1186324,1,,,1,65,,1100045,1,,,1,30,,1186293,1,,,1,70,,1036006,1,,,1,31,,1186288,1,,,1,89,,1186300,1,,,1
11101,'10',736,,1186388,1,,,1,75,,1186394,1,,,1,30,,1075719,1,,,1,68,,1186397,1,,,1,25,,1186369,1,,,1,70,,1186373,1,,,1,30,,1186395,1,,,1,70,,1186375,1,,,1,30,,1186386,1,,,1,70,,1186401,1,,,1,30,,1186377,1,,,1,70,,1186347,1,,,1,30,,1186387,1,,,1,70,,1097610,1,,,1,30,,1186383,1,,,1,105,,1008137,1,,,1,71,,1186393,1,,,1,30,,1186358,1,,,1,70,,1186357,1,,,1,30,,1186382,1,,,1,69,,1186370,1,,,1,30,,1013126,1,,,1,67,,1186366,1,,,1,30,,1186384,1,,,1,65,,1099901,1,,,1,30,,1186353,1,,,1,70,,1036224,1,,,1,31,,1186348,1,,,1,89,,1186360,1,,,1
11101,'11',736,,1186448,1,,,1,75,,1186454,1,,,1,30,,1076014,1,,,1,68,,1186457,1,,,1,25,,1186429,1,,,1,70,,1186433,1,,,1,30,,1186455,1,,,1,70,,1186435,1,,,1,30,,1186446,1,,,1,70,,1186461,1,,,1,30,,1186437,1,,,1,70,,1186407,1,,,1,30,,1186447,1,,,1,70,,1097902,1,,,1,30,,1186443,1,,,1,105,,1007976,1,,,1,71,,1186453,1,,,1,30,,1186418,1,,,1,70,,1186417,1,,,1,30,,1186442,1,,,1,69,,1186430,1,,,1,30,,1013008,1,,,1,67,,1186426,1,,,1,30,,1186444,1,,,1,65,,1100089,1,,,1,30,,1186413,1,,,1,70,,1035943,1,,,1,31,,1186408,1,,,1,89,,1186420,1,,,1
11101,'12',736,,1186483,1,,,1,75,,1186476,1,,,1,30,,1186519,1,,,1,68,,1186474,1,,,1,25,,1186504,1,,,1,70,,1186510,1,,,1,30,,1186494,1,,,1,70,,1186527,1,,,1,30,,1186509,1,,,1,70,,1186526,1,,,1,30,,1080068,1,,,1,70,,1186501,1,,,1,30,,1186481,1,,,1,70,,1063014,1,,,1,30,,1186520,1,,,1,105,,1186529,1,,,1,71,,1186522,1,,,1,30,,1186468,1,,,1,70,,1186513,1,,,1,30,,1186480,1,,,1,69,,1186475,1,,,1,30,,1186487,1,,,1,67,,1186508,1,,,1,30,,1186486,1,,,1,65,,1186499,1,,,1,30,,1186505,1,,,1,70,,1186465,1,,,1,31,,1186497,1,,,1,89,,1186467,1,,,1
11101,'14',736,,1186611,1,,,1,75,,1186617,1,,,1,30,,1186581,1,,,1,68,,1186620,1,,,1,25,,1186591,1,,,1,70,,1186595,1,,,1,30,,1186618,1,,,1,70,,1186597,1,,,1,30,,1186609,1,,,1,70,,1186626,1,,,1,30,,1186599,1,,,1,70,,1186563,1,,,1,30,,1186610,1,,,1,70,,1186562,1,,,1,30,,1186606,1,,,1,105,,1186623,1,,,1,71,,1186616,1,,,1,30,,1186578,1,,,1,70,,1186577,1,,,1,30,,1186604,1,,,1,69,,1186592,1,,,1,30,,1186605,1,,,1,67,,1186587,1,,,1,30,,1186607,1,,,1,65,,1186628,1,,,1,30,,1186573,1,,,1,70,,1186566,1,,,1,31,,1186564,1,,,1,89,,1186580,1,,,1
11101,'15',736,,1186659,1,,,1,75,,1186686,1,,,1,30,,1186652,1,,,1,68,,1186689,1,,,1,25,,1186682,1,,,1,70,,1186660,1,,,1,30,,1186636,1,,,1,70,,1186661,1,,,1,30,,1186635,1,,,1,70,,1186681,1,,,1,30,,1186669,1,,,1,70,,1186655,1,,,1,30,,1186703,1,,,1,70,,1186694,1,,,1,30,,1186654,1,,,1,105,,1186639,1,,,1,71,,1186642,1,,,1,30,,1186665,1,,,1,70,,1186667,1,,,1,30,,1186692,1,,,1,69,,1186698,1,,,1,30,,1186657,1,,,1,67,,1186638,1,,,1,30,,1186693,1,,,1,65,,1186673,1,,,1,30,,1186632,1,,,1,70,,1186679,1,,,1,31,,1186644,1,,,1,89,,1186688,1,,,1
11101,'16',736,,1186724,1,,,1,75,,1186718,1,,,1,30,,1186761,1,,,1,68,,1186714,1,,,1,25,,1186746,1,,,1,70,,1186752,1,,,1,30,,1186734,1,,,1,70,,1061787,1,,,1,30,,1186751,1,,,1,70,,1186766,1,,,1,30,,1186715,1,,,1,70,,1186742,1,,,1,30,,1026031,1,,,1,70,,1186743,1,,,1,30,,1186762,1,,,1,105,,1075079,1,,,1,71,,1186764,1,,,1,30,,1186711,1,,,1,70,,1186755,1,,,1,30,,1186722,1,,,1,69,,1186716,1,,,1,30,,1186727,1,,,1,67,,1186750,1,,,1,30,,1099705,1,,,1,65,,1186740,1,,,1,30,,1186747,1,,,1,70,,1186705,1,,,1,31,,1186738,1,,,1,89,,1186710,1,,,1
11101,'5',736,,1186935,1,,,1,75,,1186941,1,,,1,30,,1075905,1,,,1,68,,1186944,1,,,1,25,,1186916,1,,,1,70,,1186920,1,,,1,30,,1186942,1,,,1,70,,1186922,1,,,1,30,,1186933,1,,,1,70,,1186948,1,,,1,30,,1186924,1,,,1,70,,1186894,1,,,1,30,,1186934,1,,,1,70,,1097789,1,,,1,30,,1186930,1,,,1,105,,1007809,1,,,1,71,,1186940,1,,,1,30,,1186905,1,,,1,70,,1186904,1,,,1,30,,1186929,1,,,1,69,,1186917,1,,,1,30,,1012872,1,,,1,67,,1186913,1,,,1,30,,1186931,1,,,1,65,,1100019,1,,,1,30,,1186900,1,,,1,70,,1035599,1,,,1,31,,1186895,1,,,1,89,,1186907,1,,,1
11101,'6',736,,1186969,1,,,1,75,,1186962,1,,,1,30,,1187006,1,,,1,68,,1186959,1,,,1,25,,1186992,1,,,1,70,,1186998,1,,,1,30,,1186980,1,,,1,70,,1187012,1,,,1,30,,1186997,1,,,1,70,,1084554,1,,,1,30,,1186960,1,,,1,70,,1186988,1,,,1,30,,1186967,1,,,1,70,,1186989,1,,,1,30,,1187007,1,,,1,105,,1187013,1,,,1,71,,1187009,1,,,1,30,,911823,1,,,1,70,,1187000,1,,,1,30,,1186966,1,,,1,69,,1034047,1,,,1,30,,1186973,1,,,1,67,,1186996,1,,,1,30,,1186972,1,,,1,65,,1186986,1,,,1,30,,1186993,1,,,1,70,,1186952,1,,,1,31,,1186984,1,,,1,89,,1098203,1,,,1
11101,'8',736,,1187075,1,,,1,75,,1187068,1,,,1,30,,1187113,1,,,1,68,,1187064,1,,,1,25,,1187098,1,,,1,70,,1187104,1,,,1,30,,1187086,1,,,1,70,,1187121,1,,,1,30,,1187103,1,,,1,70,,1187120,1,,,1,30,,1187065,1,,,1,70,,1187094,1,,,1,30,,1187073,1,,,1,70,,1187095,1,,,1,30,,1187114,1,,,1,105,,1187123,1,,,1,71,,1187116,1,,,1,30,,1187058,1,,,1,70,,1187107,1,,,1,30,,1187072,1,,,1,69,,1187066,1,,,1,30,,1187079,1,,,1,67,,1187102,1,,,1,30,,1187078,1,,,1,65,,1187092,1,,,1,30,,1187099,1,,,1,70,,1187052,1,,,1,31,,1187090,1,,,1,89,,1187057,1,,,1
11101,'9',736,,1187168,1,,,1,75,,1187174,1,,,1,30,,1075786,1,,,1,68,,1187177,1,,,1,25,,1187149,1,,,1,70,,1187153,1,,,1,30,,1187175,1,,,1,70,,1187155,1,,,1,30,,1187166,1,,,1,70,,1187181,1,,,1,30,,1187157,1,,,1,70,,1187127,1,,,1,30,,1187167,1,,,1,70,,1097678,1,,,1,30,,1187163,1,,,1,105,,1008048,1,,,1,71,,1187173,1,,,1,30,,1187138,1,,,1,70,,1187137,1,,,1,30,,1187162,1,,,1,69,,1187150,1,,,1,30,,1013062,1,,,1,67,,1187146,1,,,1,30,,1187164,1,,,1,65,,1099949,1,,,1,30,,1187133,1,,,1,70,,1036069,1,,,1,31,,1187128,1,,,1,89,,1187140,1,,,1
