5300,'1',530,,1075543,1,,,1,70,,1147537,1,,,1,15,,1147514,1,,,1,15,,1147507,1,,,1,15,,1095636,1,,,1,14,,1147517,1,,,1,54,,1147528,1,,,1,17,,1147542,1,,,1,1,,1147538,1,0,17,1,13,,1147545,1,,,1,56,,1147520,1,,,1,15,,1147508,1,,,1,17,,1147526,1,,,1,13,,1147510,1,,,1,60,,1147546,1,,,1,25,,1147509,1,,,1,70,,1147530,1,,,1,30,,1147535,1,,,1,70,,1147544,1,,,1,30,,1147523,1,,,1,70,,1147515,1,,,1,29,,1054571,1,,,1,71,,1055890,1,,,1,30,,1147506,1,,,1,70,,1147534,1,,,1,29,,1147513,1,,,1,28,,1147518,1,,,1,55,,1147527,1,,,1,16,,1147540,1,,,1,16,,1147539,1,,,1,56,,1147512,1,,,1,12,,1147541,1,,,1,15,,1147529,1,,,1,14,,1147543,1,,,1,60,,1147516,1,,,1,15,,1092160,1,,,1,17,,1147532,1,,,1,14,,1076659,1,,,1,54,,1147505,1,,,1,19,,1147521,1,,,1,20,,1084468,1,,,1,68,,1147522,1,,,1,32,,1147511,1,,,1,70,,1147525,1,,,1,30,,1062600,1,,,1,68,,1147519,1,,,1,30,,1147531,1,,,1,70,,1147524,1,,,1,100,,1147536,1,,,1,100,,1147533,1,,,1
5300,'10',530,,1075207,1,,,1,70,,1147579,1,,,1,15,,1147556,1,,,1,15,,1147549,1,,,1,15,,1095402,1,,,1,14,,1147559,1,,,1,54,,1147570,1,,,1,17,,1147584,1,,,1,1,,1147580,1,0,17,1,13,,1147587,1,,,1,56,,1147562,1,,,1,15,,1147550,1,,,1,17,,1147568,1,,,1,13,,1147552,1,,,1,60,,1147588,1,,,1,25,,1147551,1,,,1,70,,1147572,1,,,1,30,,1147577,1,,,1,70,,1147586,1,,,1,30,,1147565,1,,,1,70,,1147557,1,,,1,29,,1054623,1,,,1,71,,1055983,1,,,1,30,,1147548,1,,,1,70,,1147576,1,,,1,29,,1147555,1,,,1,28,,1147560,1,,,1,55,,1147569,1,,,1,16,,1147582,1,,,1,16,,1147581,1,,,1,56,,1147554,1,,,1,12,,1147583,1,,,1,15,,1147571,1,,,1,14,,1147585,1,,,1,60,,1147558,1,,,1,15,,1091999,1,,,1,17,,1147574,1,,,1,14,,1076453,1,,,1,54,,1147547,1,,,1,19,,1147563,1,,,1,20,,1084284,1,,,1,68,,1147564,1,,,1,32,,1147553,1,,,1,70,,1147567,1,,,1,30,,1062290,1,,,1,68,,1147561,1,,,1,30,,1147573,1,,,1,70,,1147566,1,,,1,100,,1147578,1,,,1,100,,1147575,1,,,1
5300,'11',530,,1075635,1,,,1,70,,1147621,1,,,1,15,,1147598,1,,,1,15,,1147591,1,,,1,15,,1095709,1,,,1,14,,1147601,1,,,1,54,,1147612,1,,,1,17,,1147626,1,,,1,1,,1147622,1,0,17,1,13,,1147629,1,,,1,56,,1147604,1,,,1,15,,1147592,1,,,1,17,,1147610,1,,,1,13,,1147594,1,,,1,60,,1147630,1,,,1,25,,1147593,1,,,1,70,,1147614,1,,,1,30,,1147619,1,,,1,70,,1147628,1,,,1,30,,1147607,1,,,1,70,,1147599,1,,,1,29,,1054556,1,,,1,71,,1055861,1,,,1,30,,1147590,1,,,1,70,,1147618,1,,,1,29,,1147597,1,,,1,28,,1147602,1,,,1,55,,1147611,1,,,1,16,,1147624,1,,,1,16,,1147623,1,,,1,56,,1147596,1,,,1,12,,1147625,1,,,1,15,,1147613,1,,,1,14,,1147627,1,,,1,60,,1147600,1,,,1,15,,1092205,1,,,1,17,,1147616,1,,,1,14,,1076723,1,,,1,54,,1147589,1,,,1,19,,1147605,1,,,1,20,,1084524,1,,,1,68,,1147606,1,,,1,32,,1147595,1,,,1,70,,1147609,1,,,1,30,,1062678,1,,,1,68,,1147603,1,,,1,30,,1147615,1,,,1,70,,1147608,1,,,1,100,,1147620,1,,,1,100,,1147617,1,,,1
5300,'12',530,,1147647,1,,,1,70,,1147658,1,,,1,15,,1147671,1,,,1,15,,1096729,1,,,1,15,,1147649,1,,,1,14,,1147674,1,,,1,54,,1147673,1,,,1,17,,1147664,1,,,1,1,,1147666,1,0,17,1,13,,1147667,1,,,1,56,,1147653,1,,,1,15,,1147645,1,,,1,17,,1147638,1,,,1,13,,1147640,1,,,1,60,,1147642,1,,,1,25,,1147665,1,,,1,70,,1147661,1,,,1,30,,1070870,1,,,1,70,,1147669,1,,,1,30,,1147662,1,,,1,70,,1147632,1,,,1,29,,1147648,1,,,1,71,,1038818,1,,,1,30,,938929,1,,,1,70,,1147652,1,,,1,29,,1147633,1,,,1,28,,1147644,1,,,1,55,,1147637,1,,,1,16,,1147639,1,,,1,16,,1147654,1,,,1,56,,1147655,1,,,1,12,,1147668,1,,,1,15,,1147631,1,,,1,14,,1147672,1,,,1,60,,1147656,1,,,1,15,,1147676,1,,,1,17,,1147636,1,,,1,14,,1147635,1,,,1,54,,1147641,1,,,1,19,,1147651,1,,,1,20,,1147675,1,,,1,68,,1147663,1,,,1,32,,1147634,1,,,1,70,,1147660,1,,,1,30,,1147670,1,,,1,68,,1147643,1,,,1,30,,1147650,1,,,1,70,,1147657,1,,,1,100,,1147646,1,,,1,100,,1147659,1,,,1
5300,'13',626,,1147698,1,,,1,100,,1147693,1,,,1,100,,1147700,1,,,1,30,,1088534,1,,,1,70,,1147692,1,,,1,28,,1147701,1,,,1,70,,1147684,1,,,1,30,,1147703,1,,,1,68,,1147688,1,0,5 6 7,1,2,,1147696,1,,,1,30,,1147699,1,,,1,70,,1147704,1,,,1,30,,1147682,1,,,1,70,,1094030,1,,,1,30,,1147689,1,,,1,70,,1147702,1,,,1,30,,1147686,1,,,1,70,,1072542,1,,,1,30,,1147679,1,,,1,70,,1147695,1,,,1,30,,1147685,1,,,1,70,,1147677,1,,,1,30,,1147680,1,,,1,70,,1147678,1,,,1,30,,1147683,1,,,1,70,,1147687,1,,,1,30,,1147705,1,,,1,70,,1147691,1,,,1,30,,1147690,1,,,1,70,,1147697,1,,,1,30,,1147681,1,,,1,79,,1147694,1,,,1
5300,'14',530,,1147718,1,,,1,70,,1147743,1,,,1,15,,1147719,1,,,1,15,,1147709,1,,,1,15,,1147749,1,,,1,14,,1147722,1,,,1,54,,1147734,1,,,1,17,,1147748,1,,,1,1,,1147744,1,0,17,1,13,,1147752,1,,,1,56,,1147726,1,,,1,15,,1147711,1,,,1,17,,1147732,1,,,1,13,,1147713,1,,,1,60,,1147755,1,,,1,25,,1147712,1,,,1,70,,1147736,1,,,1,30,,1147741,1,,,1,70,,1147751,1,,,1,30,,1147729,1,,,1,70,,1147720,1,,,1,29,,1147707,1,,,1,71,,1147723,1,,,1,30,,1147708,1,,,1,70,,1147740,1,,,1,29,,1147717,1,,,1,28,,1147724,1,,,1,55,,1147733,1,,,1,16,,1147746,1,,,1,16,,1147745,1,,,1,56,,1147716,1,,,1,12,,1147747,1,,,1,15,,1147735,1,,,1,14,,1147750,1,,,1,60,,1147721,1,,,1,15,,1147710,1,,,1,17,,1147738,1,,,1,14,,1147754,1,,,1,54,,1147706,1,,,1,19,,1147727,1,,,1,20,,1147753,1,,,1,68,,1147728,1,,,1,32,,1147715,1,,,1,70,,1147731,1,,,1,30,,1147714,1,,,1,68,,1147725,1,,,1,30,,1147737,1,,,1,70,,1147730,1,,,1,100,,1147742,1,,,1,100,,1147739,1,,,1
5300,'15',530,,1147779,1,,,1,70,,1147793,1,,,1,15,,1147801,1,,,1,15,,1147776,1,,,1,15,,1147757,1,,,1,14,,1147791,1,,,1,54,,1147758,1,,,1,17,,1147775,1,,,1,1,,1147802,1,0,17,1,13,,1147763,1,,,1,56,,1147770,1,,,1,15,,1147797,1,,,1,17,,1147762,1,,,1,13,,1147786,1,,,1,60,,1147794,1,,,1,25,,1147788,1,,,1,70,,1147781,1,,,1,30,,1147772,1,,,1,70,,1147798,1,,,1,30,,1147783,1,,,1,70,,1147759,1,,,1,29,,1147768,1,,,1,71,,1147765,1,,,1,30,,1147764,1,,,1,70,,1147796,1,,,1,29,,1147785,1,,,1,28,,1147767,1,,,1,55,,1147773,1,,,1,16,,1147766,1,,,1,16,,1147804,1,,,1,56,,1147803,1,,,1,12,,1147777,1,,,1,15,,1147787,1,,,1,14,,1147778,1,,,1,60,,1147784,1,,,1,15,,1147780,1,,,1,17,,1147756,1,,,1,14,,1147760,1,,,1,54,,1147800,1,,,1,19,,1147771,1,,,1,20,,1147769,1,,,1,68,,1147782,1,,,1,32,,1147792,1,,,1,70,,1147789,1,,,1,30,,1147795,1,,,1,68,,1147790,1,,,1,30,,1147799,1,,,1,70,,1147774,1,,,1,100,,1147761,1,,,1,100,,1147805,1,,,1
5300,'16',530,,1147821,1,,,1,70,,1147833,1,,,1,15,,1147845,1,,,1,15,,1147844,1,,,1,15,,1147823,1,,,1,14,,1147847,1,,,1,54,,1147846,1,,,1,17,,1147839,1,,,1,1,,1147841,1,0,17,1,13,,1028682,1,,,1,56,,1147828,1,,,1,15,,1147819,1,,,1,17,,944949,1,,,1,13,,1147813,1,,,1,60,,1147815,1,,,1,25,,1147840,1,,,1,70,,1147836,1,,,1,30,,1147826,1,,,1,70,,1147843,1,,,1,30,,1147837,1,,,1,70,,1091319,1,,,1,29,,1147822,1,,,1,71,,1147816,1,,,1,30,,1147842,1,,,1,70,,1147827,1,,,1,29,,1147807,1,,,1,28,,1147818,1,,,1,55,,1147811,1,,,1,16,,1147812,1,,,1,16,,1147829,1,,,1,56,,1147830,1,,,1,12,,1029645,1,,,1,15,,1147806,1,,,1,14,,1064946,1,,,1,60,,1147831,1,,,1,15,,1100998,1,,,1,17,,1147810,1,,,1,14,,1147809,1,,,1,54,,1147814,1,,,1,19,,1147825,1,,,1,20,,1147848,1,,,1,68,,1147838,1,,,1,32,,1147808,1,,,1,70,,1147835,1,,,1,30,,1065170,1,,,1,68,,1147817,1,,,1,30,,1147824,1,,,1,70,,1147832,1,,,1,100,,1147820,1,,,1,100,,1147834,1,,,1
5300,'17',626,,1147873,1,,,1,100,,1147868,1,,,1,100,,1147875,1,,,1,30,,1147849,1,,,1,70,,1147867,1,,,1,28,,1147876,1,,,1,70,,1147859,1,,,1,30,,1147878,1,,,1,68,,1147863,1,0,5 6 7,1,2,,1147871,1,,,1,30,,1147874,1,,,1,70,,1147879,1,,,1,30,,1147857,1,,,1,70,,1147856,1,,,1,30,,1147864,1,,,1,70,,1147877,1,,,1,30,,1147861,1,,,1,70,,1147853,1,,,1,30,,1147852,1,,,1,70,,1147870,1,,,1,30,,1147860,1,,,1,70,,1147850,1,,,1,30,,1147854,1,,,1,70,,1147851,1,,,1,30,,1147858,1,,,1,70,,1147862,1,,,1,30,,1147880,1,,,1,70,,1147866,1,,,1,30,,1147865,1,,,1,70,,1147872,1,,,1,30,,1147855,1,,,1,79,,1147869,1,,,1
5300,'2',540,,1147896,1,,,1,80,,1147897,1,,,1,30,,1147909,1,,,1,70,,1147892,1,,,1,30,,1147894,1,,,1,70,,1147904,1,,,1,30,,1147890,1,,,1,70,,1147895,1,,,1,30,,1147908,1,,,1,70,,1147902,1,,,1,30,,1147899,1,,,1,70,,1147886,1,,,1,30,,1147900,1,,,1,70,,1147881,1,,,1,30,,1147887,1,,,1,70,,1147910,1,,,1,30,,1147888,1,,,1,70,,1147907,1,,,1,30,,1068975,1,,,1,70,,1147891,1,,,1,30,,1147906,1,,,1,70,,1147903,1,,,1,30,,1096586,1,,,1,70,,1147893,1,,,1,30,,1147884,1,,,1,70,,1147901,1,,,1,30,,1147889,1,,,1,70,,1080905,1,,,1,30,,1091747,1,,,1,70,,1147905,1,,,1,36,,1147898,1,,,1,70,,1011584,1,,,1,30,,1147883,1,,,1,70,,1147885,1,,,1,100,,1147882,1,,,1
5300,'3',626,,1147935,1,,,1,100,,1147930,1,,,1,100,,1147937,1,,,1,30,,1147911,1,,,1,70,,1147929,1,,,1,28,,1147938,1,,,1,70,,1147921,1,,,1,30,,1147940,1,,,1,68,,1147925,1,0,5 6 7,1,2,,1147933,1,,,1,30,,1147936,1,,,1,70,,1147941,1,,,1,30,,1147919,1,,,1,70,,1147918,1,,,1,30,,1147926,1,,,1,70,,1147939,1,,,1,30,,1147923,1,,,1,70,,1147915,1,,,1,30,,1147914,1,,,1,70,,1147932,1,,,1,30,,1147922,1,,,1,70,,1147912,1,,,1,30,,1147916,1,,,1,70,,1147913,1,,,1,30,,1147920,1,,,1,70,,1147924,1,,,1,30,,1147942,1,,,1,70,,1147928,1,,,1,30,,1147927,1,,,1,70,,1147934,1,,,1,30,,1147917,1,,,1,79,,1147931,1,,,1
5300,'4',626,,1147953,1,,,1,100,,1147959,1,,,1,100,,1147954,1,,,1,30,,1147951,1,,,1,70,,1098664,1,,,1,28,,1147950,1,,,1,70,,1147969,1,,,1,30,,1147967,1,,,1,68,,1147962,1,0,5 6 7,1,2,,1147949,1,,,1,30,,1076925,1,,,1,70,,1147957,1,,,1,30,,1147965,1,,,1,70,,1076214,1,,,1,30,,1147964,1,,,1,70,,1147947,1,,,1,30,,1147956,1,,,1,70,,1147955,1,,,1,30,,1147946,1,,,1,70,,1012580,1,,,1,30,,1147952,1,,,1,70,,1147943,1,,,1,30,,1147961,1,,,1,70,,1147960,1,,,1,30,,1147968,1,,,1,70,,1147944,1,,,1,30,,1147945,1,,,1,70,,1147963,1,,,1,30,,1063487,1,,,1,70,,1147958,1,,,1,30,,1147948,1,,,1,79,,1147966,1,,,1
5300,'5',530,,1075501,1,,,1,70,,1148002,1,,,1,15,,1147979,1,,,1,15,,1147972,1,,,1,15,,1095589,1,,,1,14,,1147982,1,,,1,54,,1147993,1,,,1,17,,1148007,1,,,1,1,,1148003,1,0,17,1,13,,1148010,1,,,1,56,,1147985,1,,,1,15,,1147973,1,,,1,17,,1147991,1,,,1,13,,1147975,1,,,1,60,,1148011,1,,,1,25,,1147974,1,,,1,70,,1147995,1,,,1,30,,1148000,1,,,1,70,,1148009,1,,,1,30,,1147988,1,,,1,70,,1147980,1,,,1,29,,1054487,1,,,1,71,,1055719,1,,,1,30,,1147971,1,,,1,70,,1147999,1,,,1,29,,1147978,1,,,1,28,,1147983,1,,,1,55,,1147992,1,,,1,16,,1148005,1,,,1,16,,1148004,1,,,1,56,,1147977,1,,,1,12,,1148006,1,,,1,15,,1147994,1,,,1,14,,1148008,1,,,1,60,,1147981,1,,,1,15,,1092127,1,,,1,17,,1147997,1,,,1,14,,1076619,1,,,1,54,,1147970,1,,,1,19,,1147986,1,,,1,20,,1084435,1,,,1,68,,1147987,1,,,1,32,,1147976,1,,,1,70,,1147990,1,,,1,30,,1062561,1,,,1,68,,1147984,1,,,1,30,,1147996,1,,,1,70,,1147989,1,,,1,100,,1148001,1,,,1,100,,1147998,1,,,1
5300,'6',530,,1148023,1,,,1,70,,1148035,1,,,1,15,,1082040,1,,,1,15,,1148048,1,,,1,15,,1148025,1,,,1,14,,1148051,1,,,1,54,,1148050,1,,,1,17,,1148041,1,,,1,1,,1148043,1,0,17,1,13,,1148045,1,,,1,56,,1148030,1,,,1,15,,1148021,1,,,1,17,,1148016,1,,,1,13,,1088300,1,,,1,60,,1088951,1,,,1,25,,1148042,1,,,1,70,,1148038,1,,,1,30,,1148028,1,,,1,70,,1010398,1,,,1,30,,1148039,1,,,1,70,,1148012,1,,,1,29,,1148024,1,,,1,71,,1148018,1,,,1,30,,1148044,1,,,1,70,,1148029,1,,,1,29,,1023555,1,,,1,28,,1148020,1,,,1,55,,1148015,1,,,1,16,,1148017,1,,,1,16,,1148031,1,,,1,56,,1148032,1,,,1,12,,1148046,1,,,1,15,,1103283,1,,,1,14,,1148049,1,,,1,60,,1148033,1,,,1,15,,1148052,1,,,1,17,,1148014,1,,,1,14,,1094669,1,,,1,54,,1092515,1,,,1,19,,1148027,1,,,1,20,,1090567,1,,,1,68,,1148040,1,,,1,32,,1148013,1,,,1,70,,1148037,1,,,1,30,,1148047,1,,,1,68,,1148019,1,,,1,30,,1148026,1,,,1,70,,1148034,1,,,1,100,,1148022,1,,,1,100,,1148036,1,,,1
5300,'7',540,,1148085,1,,,1,80,,1148087,1,,,1,30,,1148081,1,,,1,70,,1148057,1,,,1,30,,1148078,1,,,1,70,,1148071,1,,,1,30,,1148065,1,,,1,70,,1148059,1,,,1,30,,1148076,1,,,1,70,,1148083,1,,,1,30,,1148075,1,,,1,70,,1148073,1,,,1,30,,1148070,1,,,1,70,,1148061,1,,,1,30,,1148054,1,,,1,70,,1148080,1,,,1,30,,1148069,1,,,1,70,,1148055,1,,,1,30,,1148056,1,,,1,70,,1148062,1,,,1,30,,1148077,1,,,1,70,,1148082,1,,,1,30,,1148068,1,,,1,70,,1148072,1,,,1,30,,1148086,1,,,1,70,,1148063,1,,,1,30,,1148074,1,,,1,70,,1148064,1,,,1,30,,1148084,1,,,1,70,,1148060,1,,,1,36,,1148053,1,,,1,70,,1148079,1,,,1,30,,1148066,1,,,1,70,,1148058,1,,,1,100,,1148067,1,,,1
5300,'8',530,,1148105,1,,,1,70,,1148117,1,,,1,15,,1148132,1,,,1,15,,1148131,1,,,1,15,,1148107,1,,,1,14,,1148135,1,,,1,54,,1148134,1,,,1,17,,1148123,1,,,1,1,,1148125,1,0,17,1,13,,1148127,1,,,1,56,,1148112,1,,,1,15,,1148103,1,,,1,17,,1148095,1,,,1,13,,1148097,1,,,1,60,,1148099,1,,,1,25,,1148124,1,,,1,70,,1148120,1,,,1,30,,1148110,1,,,1,70,,1148129,1,,,1,30,,1148121,1,,,1,70,,1148089,1,,,1,29,,1148106,1,,,1,71,,1148100,1,,,1,30,,1148126,1,,,1,70,,1148111,1,,,1,29,,1148090,1,,,1,28,,1148102,1,,,1,55,,1148094,1,,,1,16,,1148096,1,,,1,16,,1148113,1,,,1,56,,1148114,1,,,1,12,,1148128,1,,,1,15,,1148088,1,,,1,14,,1148133,1,,,1,60,,1148115,1,,,1,15,,1148137,1,,,1,17,,1148093,1,,,1,14,,1148092,1,,,1,54,,1148098,1,,,1,19,,1148109,1,,,1,20,,1148136,1,,,1,68,,1148122,1,,,1,32,,1148091,1,,,1,70,,1148119,1,,,1,30,,1148130,1,,,1,68,,1148101,1,,,1,30,,1148108,1,,,1,70,,1148116,1,,,1,100,,1148104,1,,,1,100,,1148118,1,,,1
5300,'9',530,,1075305,1,,,1,70,,1148170,1,,,1,15,,1148147,1,,,1,15,,1148140,1,,,1,15,,1095477,1,,,1,14,,1148150,1,,,1,54,,1148161,1,,,1,17,,1148175,1,,,1,1,,1148171,1,0,17,1,13,,1148178,1,,,1,56,,1148153,1,,,1,15,,1148141,1,,,1,17,,1148159,1,,,1,13,,1148143,1,,,1,60,,1148179,1,,,1,25,,1148142,1,,,1,70,,1148163,1,,,1,30,,1148168,1,,,1,70,,1148177,1,,,1,30,,1148156,1,,,1,70,,1148148,1,,,1,29,,1054586,1,,,1,71,,1055919,1,,,1,30,,1148139,1,,,1,70,,1148167,1,,,1,29,,1148146,1,,,1,28,,1148151,1,,,1,55,,1148160,1,,,1,16,,1148173,1,,,1,16,,1148172,1,,,1,56,,1148145,1,,,1,12,,1148174,1,,,1,15,,1148162,1,,,1,14,,1148176,1,,,1,60,,1148149,1,,,1,15,,1092053,1,,,1,17,,1148165,1,,,1,14,,1076519,1,,,1,54,,1148138,1,,,1,19,,1148154,1,,,1,20,,1084345,1,,,1,68,,1148155,1,,,1,32,,1148144,1,,,1,70,,1148158,1,,,1,30,,1062389,1,,,1,68,,1148152,1,,,1,30,,1148164,1,,,1,70,,1148157,1,,,1,100,,1148169,1,,,1,100,,1148166,1,,,1
5301,'1',556,,1148187,14,4,,1,69,,1087231,14,4,,1,27,,1148207,14,4,,1,70,,1148206,14,4,,1,9,,1148202,59,4,,1,17,,1148216,59,4,,1,57,,1103236,59,4,,1,20,,1148217,59,4,,1,20,,1148213,59,4,,1,57,,1148201,59,4,,1,19,,1148219,59,4,,1,14,,1148209,59,4,,1,14,,1148195,59,4,,1,54,,1148190,59,4,,1,20,,1148210,59,4,,1,20,,1148208,59,4,,1,71,,1148212,59,4,,1,32,,1148194,59,4,,1,71,,1148204,59,4,,1,33,,1148211,59,4,,1,70,,1148200,59,4,,1,30,,1093779,59,4,,1,70,,1099192,59,4,,1,32,,1148181,59,4,,1,73,,1005979,59,4,,1,16,,1018480,59,4,,1,16,,1148185,59,4,,1,59,,1148215,59,4,,1,16,,1148205,59,4,,1,15,,1148191,59,4,,1,54,,1148198,59,4,,1,17,,1148182,59,4,,1,13,,1086687,59,4,,1,16,,1148197,59,4,,1,54,,1148218,59,4,,1,13,,1148186,59,4,,1,13,,1148192,59,4,,1,9,,1148203,59,4,,1,18,,1148180,59,4,,1,66,,1148196,59,4,,1,29,,1148214,59,4,,1,72,,1148184,59,4,,1,27,,1148188,59,4,,1,67,,1091894,59,4,,1,30,,1148199,59,4,,1,70,,1102376,59,4,,1,30,,1148193,59,4,,1,95,,1030777,59,4,,1,97,,1148183,59,4,,1,99,,1148189,59,4,,1
5301,'10',556,,1148227,14,4,,1,69,,1087040,14,4,,1,27,,1148247,14,4,,1,70,,1148246,14,4,,1,9,,1148242,59,4,,1,17,,1148256,59,4,,1,57,,1103233,59,4,,1,20,,1148257,59,4,,1,20,,1148253,59,4,,1,57,,1148241,59,4,,1,19,,1148259,59,4,,1,14,,1148249,59,4,,1,14,,1148235,59,4,,1,54,,1148230,59,4,,1,20,,1148250,59,4,,1,20,,1148248,59,4,,1,71,,1148252,59,4,,1,32,,1148234,59,4,,1,71,,1148244,59,4,,1,33,,1148251,59,4,,1,70,,1148240,59,4,,1,30,,1093579,59,4,,1,70,,1099186,59,4,,1,32,,1148221,59,4,,1,73,,1006076,59,4,,1,16,,1018635,59,4,,1,16,,1148225,59,4,,1,59,,1148255,59,4,,1,16,,1148245,59,4,,1,15,,1148231,59,4,,1,54,,1148238,59,4,,1,17,,1148222,59,4,,1,13,,1086517,59,4,,1,16,,1148237,59,4,,1,54,,1148258,59,4,,1,13,,1148226,59,4,,1,13,,1148232,59,4,,1,9,,1148243,59,4,,1,18,,1148220,59,4,,1,66,,1148236,59,4,,1,29,,1148254,59,4,,1,72,,1148224,59,4,,1,27,,1148228,59,4,,1,67,,1091725,59,4,,1,30,,1148239,59,4,,1,70,,1102367,59,4,,1,30,,1148233,59,4,,1,95,,1030917,59,4,,1,97,,1148223,59,4,,1,99,,1148229,59,4,,1
5301,'11',556,,1148267,14,4,,1,69,,1087286,14,4,,1,27,,1148287,14,4,,1,70,,1148286,14,4,,1,9,,1148282,59,4,,1,17,,1148296,59,4,,1,57,,1103237,59,4,,1,20,,1148297,59,4,,1,20,,1148293,59,4,,1,57,,1148281,59,4,,1,19,,1148299,59,4,,1,14,,1148289,59,4,,1,14,,1148275,59,4,,1,54,,1148270,59,4,,1,20,,1148290,59,4,,1,20,,1148288,59,4,,1,71,,1148292,59,4,,1,32,,1148274,59,4,,1,71,,1148284,59,4,,1,33,,1148291,59,4,,1,70,,1148280,59,4,,1,30,,1093839,59,4,,1,70,,1099194,59,4,,1,32,,1148261,59,4,,1,73,,1005949,59,4,,1,16,,1018435,59,4,,1,16,,1148265,59,4,,1,59,,1148295,59,4,,1,16,,1148285,59,4,,1,15,,1148271,59,4,,1,54,,1148278,59,4,,1,17,,1148262,59,4,,1,13,,1086742,59,4,,1,16,,1148277,59,4,,1,54,,1148298,59,4,,1,13,,1148266,59,4,,1,13,,1148272,59,4,,1,9,,1148283,59,4,,1,18,,1148260,59,4,,1,66,,1148276,59,4,,1,29,,1148294,59,4,,1,72,,1148264,59,4,,1,27,,1148268,59,4,,1,67,,1091946,59,4,,1,30,,1148279,59,4,,1,70,,1102379,59,4,,1,30,,1148273,59,4,,1,95,,1030734,59,4,,1,97,,1148263,59,4,,1,99,,1148269,59,4,,1
5301,'12',556,,1148310,14,4,,1,69,,1148313,14,4,,1,27,,1148300,14,4,,1,70,,1064869,14,4,,1,9,,1148330,59,4,,1,17,,1148326,59,4,,1,57,,1148329,59,4,,1,20,,1148338,59,4,,1,20,,1148340,59,4,,1,57,,1148342,59,4,,1,19,,1148332,59,4,,1,14,,1148306,59,4,,1,14,,1148331,59,4,,1,54,,1148309,59,4,,1,20,,1148322,59,4,,1,20,,1148328,59,4,,1,71,,1148325,59,4,,1,32,,1148323,59,4,,1,71,,1053926,59,4,,1,33,,1148315,59,4,,1,70,,1148301,59,4,,1,30,,1148317,59,4,,1,70,,1148302,59,4,,1,32,,1148337,59,4,,1,73,,1148316,59,4,,1,16,,1148336,59,4,,1,16,,1148327,59,4,,1,59,,1085943,59,4,,1,16,,1148339,59,4,,1,15,,1148312,59,4,,1,54,,1148324,59,4,,1,17,,1018141,59,4,,1,13,,1080435,59,4,,1,16,,1148319,59,4,,1,54,,1148304,59,4,,1,13,,1148333,59,4,,1,13,,1148321,59,4,,1,9,,1148341,59,4,,1,18,,1148314,59,4,,1,66,,1148303,59,4,,1,29,,1078234,59,4,,1,72,,1148343,59,4,,1,27,,1148308,59,4,,1,67,,1148334,59,4,,1,30,,1148307,59,4,,1,70,,1148305,59,4,,1,30,,1148335,59,4,,1,95,,1148318,59,4,,1,97,,1148311,59,4,,1,99,,1148320,59,4,,1
5301,'13',845,,1148348,59,4,,1,100,,1069032,59,4,,1,70,,1148366,59,4,,1,32,,1148361,59,4,,1,70,,1087899,59,4,,1,30,,1148345,59,4,,1,70,,1148351,59,4,,1,32,,1148362,59,4,,1,70,,1148354,59,4,,1,30,,1148363,59,4,,1,65,,1148365,20,4,,1,5,,1148360,59,4,,1,30,,1148368,59,4,,1,70,,1148349,59,4,,1,30,,1005550,59,4,,1,70,,1148367,59,4,,1,28,,1148359,59,4,,1,70,,1096063,59,4,,1,30,,1148344,59,4,,1,70,,1148357,59,4,,1,28,,1064837,59,4,,1,70,,1148370,59,4,,1,30,,1148369,59,4,,1,70,,1148371,59,4,,1,30,,1148350,59,4,,1,70,,1148353,59,4,,1,30,,1148352,59,4,,1,70,,1148347,59,4,,1,30,,1148364,59,4,,1,70,,1148346,59,4,,1,30,,1148356,59,4,,1,70,,1148355,59,4,,1,30,,1148358,59,4,,1
5301,'14',556,,1148384,14,4,,1,69,,1148411,14,4,,1,27,,1148405,14,4,,1,70,,1148404,14,4,,1,9,,1148400,59,4,,1,17,,1148416,59,4,,1,57,,1148376,59,4,,1,20,,1148417,59,4,,1,20,,1148412,59,4,,1,57,,1148399,59,4,,1,19,,1148421,59,4,,1,14,,1148407,59,4,,1,14,,1148392,59,4,,1,54,,1148387,59,4,,1,20,,1148408,59,4,,1,20,,1148406,59,4,,1,71,,1148410,59,4,,1,32,,1148391,59,4,,1,71,,1148402,59,4,,1,33,,1148409,59,4,,1,70,,1148398,59,4,,1,30,,1148372,59,4,,1,70,,1148395,59,4,,1,32,,1148375,59,4,,1,73,,1148373,59,4,,1,16,,1148420,59,4,,1,16,,1148382,59,4,,1,59,,1148414,59,4,,1,16,,1148403,59,4,,1,15,,1148388,59,4,,1,54,,1148396,59,4,,1,17,,1148377,59,4,,1,13,,1148380,59,4,,1,16,,1148394,59,4,,1,54,,1148419,59,4,,1,13,,1148383,59,4,,1,13,,1148389,59,4,,1,9,,1148401,59,4,,1,18,,1148374,59,4,,1,66,,1148393,59,4,,1,29,,1148413,59,4,,1,72,,1148381,59,4,,1,27,,1148385,59,4,,1,67,,1148378,59,4,,1,30,,1148397,59,4,,1,70,,1148415,59,4,,1,30,,1148390,59,4,,1,95,,1148418,59,4,,1,97,,1148379,59,4,,1,99,,1148386,59,4,,1
5301,'15',556,,1148442,14,4,,1,69,,1148440,14,4,,1,27,,1148441,14,4,,1,70,,1148469,14,4,,1,9,,1148453,59,4,,1,17,,1148468,59,4,,1,57,,1148431,59,4,,1,20,,1148452,59,4,,1,20,,1148426,59,4,,1,57,,1148430,59,4,,1,19,,1148437,59,4,,1,14,,1148444,59,4,,1,14,,1148446,59,4,,1,54,,1148461,59,4,,1,20,,1148457,59,4,,1,20,,1148451,59,4,,1,71,,1148455,59,4,,1,32,,1148449,59,4,,1,71,,1148450,59,4,,1,33,,1148433,59,4,,1,70,,1148436,59,4,,1,30,,1148438,59,4,,1,70,,1148448,59,4,,1,32,,1148434,59,4,,1,73,,1148422,59,4,,1,16,,1148439,59,4,,1,16,,1148423,59,4,,1,59,,1148454,59,4,,1,16,,1148460,59,4,,1,15,,1148427,59,4,,1,54,,1148429,59,4,,1,17,,1148465,59,4,,1,13,,1148459,59,4,,1,16,,1148464,59,4,,1,54,,1148458,59,4,,1,13,,1148463,59,4,,1,13,,1148443,59,4,,1,9,,1148470,59,4,,1,18,,1148428,59,4,,1,66,,1148467,59,4,,1,29,,1148471,59,4,,1,72,,1148456,59,4,,1,27,,1148462,59,4,,1,67,,1148447,59,4,,1,30,,1148445,59,4,,1,70,,1148425,59,4,,1,30,,1148435,59,4,,1,95,,1148424,59,4,,1,97,,1148466,59,4,,1,99,,1148432,59,4,,1
5301,'16',556,,1148483,14,4,,1,69,,1148486,14,4,,1,27,,1148472,14,4,,1,70,,1148478,14,4,,1,9,,1148504,59,4,,1,17,,1148500,59,4,,1,57,,1148503,59,4,,1,20,,1148512,59,4,,1,20,,1148514,59,4,,1,57,,1148516,59,4,,1,19,,1148506,59,4,,1,14,,1148477,59,4,,1,14,,1148505,59,4,,1,54,,1148482,59,4,,1,20,,1148496,59,4,,1,20,,1148502,59,4,,1,71,,1148499,59,4,,1,32,,1148497,59,4,,1,71,,1148479,59,4,,1,33,,1148488,59,4,,1,70,,1148473,59,4,,1,30,,1148491,59,4,,1,70,,1090025,59,4,,1,32,,1148511,59,4,,1,73,,1148489,59,4,,1,16,,1148510,59,4,,1,16,,1148501,59,4,,1,59,,1148490,59,4,,1,16,,1148513,59,4,,1,15,,1148485,59,4,,1,54,,1148498,59,4,,1,17,,1148517,59,4,,1,13,,1148475,59,4,,1,16,,1148493,59,4,,1,54,,1062163,59,4,,1,13,,1148507,59,4,,1,13,,1148495,59,4,,1,9,,1148515,59,4,,1,18,,1148487,59,4,,1,66,,1064134,59,4,,1,29,,1148474,59,4,,1,72,,1148518,59,4,,1,27,,1148481,59,4,,1,67,,1148508,59,4,,1,30,,1148480,59,4,,1,70,,1148476,59,4,,1,30,,1148509,59,4,,1,95,,1148492,59,4,,1,97,,1148484,59,4,,1,99,,1148494,59,4,,1
5301,'17',845,,1148526,59,4,,1,100,,1148547,59,4,,1,70,,1148544,59,4,,1,32,,1148539,59,4,,1,70,,1148520,59,4,,1,30,,1148521,59,4,,1,70,,1148529,59,4,,1,32,,1148540,59,4,,1,70,,1148532,59,4,,1,30,,1148541,59,4,,1,65,,1148543,20,4,,1,5,,1148538,59,4,,1,30,,1148546,59,4,,1,70,,1148527,59,4,,1,30,,1148522,59,4,,1,70,,1148545,59,4,,1,28,,1148537,59,4,,1,70,,1148550,59,4,,1,30,,1148519,59,4,,1,70,,1148535,59,4,,1,28,,1148525,59,4,,1,70,,1148549,59,4,,1,30,,1148548,59,4,,1,70,,1148551,59,4,,1,30,,1148528,59,4,,1,70,,1148531,59,4,,1,30,,1148530,59,4,,1,70,,1148524,59,4,,1,30,,1148542,59,4,,1,70,,1148523,59,4,,1,30,,1148534,59,4,,1,70,,1148533,59,4,,1,30,,1148536,59,4,,1
5301,'2',640,,1148564,14,4,,1,100,,1090353,59,4,,1,70,,1148558,59,4,,1,30,,1148581,59,4,,1,70,,1148579,59,4,,1,30,,1148556,59,4,,1,70,,1148575,59,4,,1,32,,1148554,59,4,,1,70,,1148566,59,4,,1,30,,1148573,59,4,,1,70,,1148555,59,4,,1,32,,1148562,59,4,,1,70,,1148568,59,4,,1,30,,1148560,59,4,,1,70,,1148578,59,4,,1,30,,1148557,59,4,,1,70,,1148582,59,4,,1,30,,1148565,59,4,,1,70,,1148570,59,4,,1,28,,1148567,59,4,,1,70,,1148569,59,4,,1,30,,1148552,59,4,,1,70,,1148574,59,4,,1,28,,1148576,59,4,,1,70,,1148580,59,4,,1,30,,1148584,59,4,,1,70,,1148577,59,4,,1,30,,1099923,59,4,,1,70,,1148563,59,4,,1,30,,1148559,59,4,,1,70,,1148571,59,4,,1,30,,1148553,59,4,,1,100,,1148561,59,4,,1,100,,1148583,59,4,,1,100,,1148572,59,4,,1
5301,'3',845,,1148592,59,4,,1,100,,1148613,59,4,,1,70,,1148610,59,4,,1,32,,1148605,59,4,,1,70,,1148586,59,4,,1,30,,1148587,59,4,,1,70,,1148595,59,4,,1,32,,1148606,59,4,,1,70,,1148598,59,4,,1,30,,1148607,59,4,,1,65,,1148609,20,4,,1,5,,1148604,59,4,,1,30,,1148612,59,4,,1,70,,1148593,59,4,,1,30,,1148588,59,4,,1,70,,1148611,59,4,,1,28,,1148603,59,4,,1,70,,1148616,59,4,,1,30,,1148585,59,4,,1,70,,1148601,59,4,,1,28,,1148591,59,4,,1,70,,1148615,59,4,,1,30,,1148614,59,4,,1,70,,1148617,59,4,,1,30,,1148594,59,4,,1,70,,1148597,59,4,,1,30,,1148596,59,4,,1,70,,1148590,59,4,,1,30,,1148608,59,4,,1,70,,1148589,59,4,,1,30,,1148600,59,4,,1,70,,1148599,59,4,,1,30,,1148602,59,4,,1
5301,'4',845,,1148627,59,4,,1,100,,1079783,59,4,,1,70,,1148621,59,4,,1,32,,1148623,59,4,,1,70,,1148620,59,4,,1,30,,1148622,59,4,,1,70,,1148642,59,4,,1,32,,1148634,59,4,,1,70,,1148625,59,4,,1,30,,1148619,59,4,,1,65,,1148626,20,4,,1,5,,1148639,59,4,,1,30,,1148633,59,4,,1,70,,1148635,59,4,,1,30,,1148624,59,4,,1,70,,1148629,59,4,,1,28,,1148637,59,4,,1,70,,1148632,59,4,,1,30,,1148643,59,4,,1,70,,1148630,59,4,,1,28,,1148631,59,4,,1,70,,1148636,59,4,,1,30,,1013328,59,4,,1,70,,1148645,59,4,,1,30,,1148618,59,4,,1,70,,1089450,59,4,,1,30,,995059,59,4,,1,70,,1148628,59,4,,1,30,,1148641,59,4,,1,70,,1148644,59,4,,1,30,,1148640,59,4,,1,70,,1029379,59,4,,1,30,,1148638,59,4,,1
5301,'5',556,,1148653,14,4,,1,69,,1087193,14,4,,1,27,,1148673,14,4,,1,70,,1148672,14,4,,1,9,,1148668,59,4,,1,17,,1148682,59,4,,1,57,,1103235,59,4,,1,20,,1148683,59,4,,1,20,,1148679,59,4,,1,57,,1148667,59,4,,1,19,,1148685,59,4,,1,14,,1148675,59,4,,1,14,,1148661,59,4,,1,54,,1148656,59,4,,1,20,,1148676,59,4,,1,20,,1148674,59,4,,1,71,,1148678,59,4,,1,32,,1148660,59,4,,1,71,,1148670,59,4,,1,33,,1148677,59,4,,1,70,,1148666,59,4,,1,30,,1093744,59,4,,1,70,,1099190,59,4,,1,32,,1148647,59,4,,1,73,,1005808,59,4,,1,16,,1018248,59,4,,1,16,,1148651,59,4,,1,59,,1148681,59,4,,1,16,,1148671,59,4,,1,15,,1148657,59,4,,1,54,,1148664,59,4,,1,17,,1148648,59,4,,1,13,,1086661,59,4,,1,16,,1148663,59,4,,1,54,,1148684,59,4,,1,13,,1148652,59,4,,1,13,,1148658,59,4,,1,9,,1148669,59,4,,1,18,,1148646,59,4,,1,66,,1148662,59,4,,1,29,,1148680,59,4,,1,72,,1148650,59,4,,1,27,,1148654,59,4,,1,67,,1091864,59,4,,1,30,,1148665,59,4,,1,70,,1102373,59,4,,1,30,,1148659,59,4,,1,95,,1030547,59,4,,1,97,,1148649,59,4,,1,99,,1148655,59,4,,1
5301,'6',556,,1148698,14,4,,1,69,,1148701,14,4,,1,27,,1148686,14,4,,1,70,,1148693,14,4,,1,9,,1148718,59,4,,1,17,,1148714,59,4,,1,57,,1148717,59,4,,1,20,,1148723,59,4,,1,20,,1059105,59,4,,1,57,,1148724,59,4,,1,19,,1148720,59,4,,1,14,,1079257,59,4,,1,14,,1148719,59,4,,1,54,,1148697,59,4,,1,20,,1148710,59,4,,1,20,,1148716,59,4,,1,71,,1148713,59,4,,1,32,,1148711,59,4,,1,71,,1148694,59,4,,1,33,,1148702,59,4,,1,70,,1084527,59,4,,1,30,,1148705,59,4,,1,70,,1148687,59,4,,1,32,,1080838,59,4,,1,73,,1148703,59,4,,1,16,,1101037,59,4,,1,16,,1148715,59,4,,1,59,,1148704,59,4,,1,16,,997838,59,4,,1,15,,1148700,59,4,,1,54,,1148712,59,4,,1,17,,1148725,59,4,,1,13,,1148690,59,4,,1,16,,1148707,59,4,,1,54,,1148691,59,4,,1,13,,1148721,59,4,,1,13,,1148709,59,4,,1,9,,1090988,59,4,,1,18,,1062254,59,4,,1,66,,1148689,59,4,,1,29,,1148688,59,4,,1,72,,1148726,59,4,,1,27,,1148696,59,4,,1,67,,1148722,59,4,,1,30,,1148695,59,4,,1,70,,1148692,59,4,,1,30,,1100459,59,4,,1,95,,1148706,59,4,,1,97,,1148699,59,4,,1,99,,1148708,59,4,,1
5301,'7',640,,1148737,14,4,,1,100,,1148745,59,4,,1,70,,1148755,59,4,,1,30,,1148734,59,4,,1,70,,1148753,59,4,,1,30,,1148746,59,4,,1,70,,1148735,59,4,,1,32,,1148729,59,4,,1,70,,1148758,59,4,,1,30,,1148727,59,4,,1,70,,1148751,59,4,,1,32,,1148749,59,4,,1,70,,1148731,59,4,,1,30,,1148750,59,4,,1,70,,1148732,59,4,,1,30,,1148728,59,4,,1,70,,1148739,59,4,,1,30,,1148754,59,4,,1,70,,1148743,59,4,,1,28,,1148740,59,4,,1,70,,1148738,59,4,,1,30,,1148742,59,4,,1,70,,1148733,59,4,,1,28,,1148761,59,4,,1,70,,1148747,59,4,,1,30,,1148730,59,4,,1,70,,1148748,59,4,,1,30,,1148741,59,4,,1,70,,1148736,59,4,,1,30,,1148757,59,4,,1,70,,1148744,59,4,,1,30,,1148759,59,4,,1,100,,1148752,59,4,,1,100,,1148756,59,4,,1,100,,1148760,59,4,,1
5301,'8',556,,1148776,14,4,,1,69,,1148779,14,4,,1,27,,1148762,14,4,,1,70,,1148771,14,4,,1,9,,1148797,59,4,,1,17,,1148793,59,4,,1,57,,1148796,59,4,,1,20,,1148805,59,4,,1,20,,1148807,59,4,,1,57,,1148809,59,4,,1,19,,1148799,59,4,,1,14,,1148770,59,4,,1,14,,1148798,59,4,,1,54,,1148775,59,4,,1,20,,1148789,59,4,,1,20,,1148795,59,4,,1,71,,1148792,59,4,,1,32,,1148790,59,4,,1,71,,1148772,59,4,,1,33,,1148781,59,4,,1,70,,1148763,59,4,,1,30,,1148784,59,4,,1,70,,1148764,59,4,,1,32,,1148804,59,4,,1,73,,1148782,59,4,,1,16,,1148803,59,4,,1,16,,1148794,59,4,,1,59,,1148783,59,4,,1,16,,1148806,59,4,,1,15,,1148778,59,4,,1,54,,1148791,59,4,,1,17,,1148810,59,4,,1,13,,1148767,59,4,,1,16,,1148786,59,4,,1,54,,1148768,59,4,,1,13,,1148800,59,4,,1,13,,1148788,59,4,,1,9,,1148808,59,4,,1,18,,1148780,59,4,,1,66,,1148766,59,4,,1,29,,1148765,59,4,,1,72,,1148811,59,4,,1,27,,1148774,59,4,,1,67,,1148801,59,4,,1,30,,1148773,59,4,,1,70,,1148769,59,4,,1,30,,1148802,59,4,,1,95,,1148785,59,4,,1,97,,1148777,59,4,,1,99,,1148787,59,4,,1
5301,'9',556,,1148819,14,4,,1,69,,1087102,14,4,,1,27,,1148839,14,4,,1,70,,1148838,14,4,,1,9,,1148834,59,4,,1,17,,1148848,59,4,,1,57,,1103234,59,4,,1,20,,1148849,59,4,,1,20,,1148845,59,4,,1,57,,1148833,59,4,,1,19,,1148851,59,4,,1,14,,1148841,59,4,,1,14,,1148827,59,4,,1,54,,1148822,59,4,,1,20,,1148842,59,4,,1,20,,1148840,59,4,,1,71,,1148844,59,4,,1,32,,1148826,59,4,,1,71,,1148836,59,4,,1,33,,1148843,59,4,,1,70,,1148832,59,4,,1,30,,1093635,59,4,,1,70,,1099188,59,4,,1,32,,1148813,59,4,,1,73,,1006009,59,4,,1,16,,1018525,59,4,,1,16,,1148817,59,4,,1,59,,1148847,59,4,,1,16,,1148837,59,4,,1,15,,1148823,59,4,,1,54,,1148830,59,4,,1,17,,1148814,59,4,,1,13,,1086573,59,4,,1,16,,1148829,59,4,,1,54,,1148850,59,4,,1,13,,1148818,59,4,,1,13,,1148824,59,4,,1,9,,1148835,59,4,,1,18,,1148812,59,4,,1,66,,1148828,59,4,,1,29,,1148846,59,4,,1,72,,1148816,59,4,,1,27,,1148820,59,4,,1,67,,1091781,59,4,,1,30,,1148831,59,4,,1,70,,1102370,59,4,,1,30,,1148825,59,4,,1,95,,1030820,59,4,,1,97,,1148815,59,4,,1,99,,1148821,59,4,,1
6800,'1',507,,1158324,56,4,,1,21,,1158305,56,4,,1,22,,1158315,50,4,,1,57,,1158312,29,4,,1,10,,1158307,50,4,,1,18,,1158279,29,4,,1,13,,1158297,50,4,,1,52,,1088137,29,4,,1,6,,1158292,50,4,,1,19,,1158296,29,4,,1,15,,1045534,50,4,,1,9,,1158287,29,4,,1,53,,1158323,50,4,,1,10,,1015962,29,4,,1,13,,1158306,50,4,,1,12,,1158316,29,4,,1,15,,1158276,50,4,,1,6,,1158322,29,4,,1,51,,1032824,50,4,,1,12,,1158300,50,4,,1,15,,1158299,50,4,,1,15,,1158318,50,4,,1,55,,1158325,50,4,,1,15,,1158280,50,4,,1,15,,1158319,50,4,,1,15,,1158321,50,4,,1,55,,1158313,50,4,,1,17,,1158328,50,4,,1,15,,1158277,50,4,,1,15,,1064915,50,4,,1,55,,1158271,50,4,,1,16,,1158273,50,4,,1,16,,1158310,50,4,,1,15,,1158282,50,4,,1,55,,1158272,50,4,,1,12,,1090858,50,4,,1,14,,1158311,50,4,,1,15,,1158304,50,4,,1,55,,1158281,50,4,,1,17,,1158329,50,4,,1,17,,1158302,50,4,,1,62,,1158308,50,4,,1,42,,1158294,50,4,,1,63,,1158283,50,4,,1,18,,1158289,50,4,,1,18,,1158270,50,4,,1,63,,1158286,50,4,,1,21,,1026771,50,4,,1,17,,1158290,50,4,,1,57,,1158285,50,4,,1,16,,1158314,50,4,,1,21,,1158293,50,4,,1,16,,1158327,50,4,,1,56,,1158274,50,4,,1,15,,1158309,50,4,,1,13,,1158275,50,4,,1,16,,1158295,50,4,,1,55,,1019207,50,4,,1,15,,1158291,50,4,,1,14,,1158326,50,4,,1,15,,1158317,50,4,,1,60,,1158298,50,4,,1,20,,1024069,50,4,,1,20,,936900,50,4,,1,60,,1158303,50,4,,1,20,,1158278,50,4,,1,24,,1158284,50,4,,1,66,,1158320,50,4,,1,30,,1158301,50,4,,1,75,,1084733,50,4,,1,31,,1158288,50,4,,1
6800,'10',507,,1158384,56,4,,1,21,,1158365,56,4,,1,22,,1158375,50,4,,1,57,,1158372,29,4,,1,10,,1158367,50,4,,1,18,,1158339,29,4,,1,13,,1158357,50,4,,1,52,,1087729,29,4,,1,6,,1158352,50,4,,1,19,,1158356,29,4,,1,15,,1045697,50,4,,1,9,,1158347,29,4,,1,53,,1158383,50,4,,1,10,,1016162,29,4,,1,13,,1158366,50,4,,1,12,,1158376,29,4,,1,15,,1158336,50,4,,1,6,,1158382,29,4,,1,51,,1033001,50,4,,1,12,,1158360,50,4,,1,15,,1158359,50,4,,1,15,,1158378,50,4,,1,55,,1158385,50,4,,1,15,,1158340,50,4,,1,15,,1158379,50,4,,1,15,,1158381,50,4,,1,55,,1158373,50,4,,1,17,,1158388,50,4,,1,15,,1158337,50,4,,1,15,,1064780,50,4,,1,55,,1158331,50,4,,1,16,,1158333,50,4,,1,16,,1158370,50,4,,1,15,,1158342,50,4,,1,55,,1158332,50,4,,1,12,,1090617,50,4,,1,14,,1158371,50,4,,1,15,,1158364,50,4,,1,55,,1158341,50,4,,1,17,,1158389,50,4,,1,17,,1158362,50,4,,1,62,,1158368,50,4,,1,42,,1158354,50,4,,1,63,,1158343,50,4,,1,18,,1158349,50,4,,1,18,,1158330,50,4,,1,63,,1158346,50,4,,1,21,,1026886,50,4,,1,17,,1158350,50,4,,1,57,,1158345,50,4,,1,16,,1158374,50,4,,1,21,,1158353,50,4,,1,16,,1158387,50,4,,1,56,,1158334,50,4,,1,15,,1158369,50,4,,1,13,,1158335,50,4,,1,16,,1158355,50,4,,1,55,,1019290,50,4,,1,15,,1158351,50,4,,1,14,,1158386,50,4,,1,15,,1158377,50,4,,1,60,,1158358,50,4,,1,20,,1024152,50,4,,1,20,,936518,50,4,,1,60,,1158363,50,4,,1,20,,1158338,50,4,,1,24,,1158344,50,4,,1,66,,1158380,50,4,,1,30,,1158361,50,4,,1,75,,1084562,50,4,,1,31,,1158348,50,4,,1
6800,'11',507,,1158444,56,4,,1,21,,1158425,56,4,,1,22,,1158435,50,4,,1,57,,1158432,29,4,,1,10,,1158427,50,4,,1,18,,1158399,29,4,,1,13,,1158417,50,4,,1,52,,1088249,29,4,,1,6,,1158412,50,4,,1,19,,1158416,29,4,,1,15,,1045485,50,4,,1,9,,1158407,29,4,,1,53,,1158443,50,4,,1,10,,1015902,29,4,,1,13,,1158426,50,4,,1,12,,1158436,29,4,,1,15,,1158396,50,4,,1,6,,1158442,29,4,,1,51,,1032772,50,4,,1,12,,1158420,50,4,,1,15,,1158419,50,4,,1,15,,1158438,50,4,,1,55,,1158445,50,4,,1,15,,1158400,50,4,,1,15,,1158439,50,4,,1,15,,1158441,50,4,,1,55,,1158433,50,4,,1,17,,1158448,50,4,,1,15,,1158397,50,4,,1,15,,1064960,50,4,,1,55,,1158391,50,4,,1,16,,1158393,50,4,,1,16,,1158430,50,4,,1,15,,1158402,50,4,,1,55,,1158392,50,4,,1,12,,1090929,50,4,,1,14,,1158431,50,4,,1,15,,1158424,50,4,,1,55,,1158401,50,4,,1,17,,1158449,50,4,,1,17,,1158422,50,4,,1,62,,1158428,50,4,,1,42,,1158414,50,4,,1,63,,1158403,50,4,,1,18,,1158409,50,4,,1,18,,1158390,50,4,,1,63,,1158406,50,4,,1,21,,1026738,50,4,,1,17,,1158410,50,4,,1,57,,1158405,50,4,,1,16,,1158434,50,4,,1,21,,1158413,50,4,,1,16,,1158447,50,4,,1,56,,1158394,50,4,,1,15,,1158429,50,4,,1,13,,1158395,50,4,,1,16,,1158415,50,4,,1,55,,1019182,50,4,,1,15,,1158411,50,4,,1,14,,1158446,50,4,,1,15,,1158437,50,4,,1,60,,1158418,50,4,,1,20,,1024044,50,4,,1,20,,936847,50,4,,1,60,,1158423,50,4,,1,20,,1158398,50,4,,1,24,,1158404,50,4,,1,66,,1158440,50,4,,1,30,,1158421,50,4,,1,75,,1084786,50,4,,1,31,,1158408,50,4,,1
6800,'12',507,,1158467,56,4,,1,21,,1158472,56,4,,1,22,,1158456,50,4,,1,57,,1158466,29,4,,1,10,,1158450,50,4,,1,18,,1158512,29,4,,1,13,,1158475,50,4,,1,52,,1158473,29,4,,1,6,,1158478,50,4,,1,19,,1158457,29,4,,1,15,,1158453,50,4,,1,9,,1158468,29,4,,1,53,,1158471,50,4,,1,10,,1158479,29,4,,1,13,,1158454,50,4,,1,12,,1052137,29,4,,1,15,,1158452,50,4,,1,6,,1158494,29,4,,1,51,,1158465,50,4,,1,12,,1158491,50,4,,1,15,,1158493,50,4,,1,15,,1158464,50,4,,1,55,,1158481,50,4,,1,15,,1158474,50,4,,1,15,,1158509,50,4,,1,15,,1158510,50,4,,1,55,,1158515,50,4,,1,17,,1084688,50,4,,1,15,,1158516,50,4,,1,15,,1158498,50,4,,1,55,,1158477,50,4,,1,16,,1158506,50,4,,1,16,,1039155,50,4,,1,15,,1158459,50,4,,1,55,,1158463,50,4,,1,12,,1158511,50,4,,1,14,,1158499,50,4,,1,15,,1158496,50,4,,1,55,,1158497,50,4,,1,17,,1158505,50,4,,1,17,,1158508,50,4,,1,62,,1158490,50,4,,1,42,,1158495,50,4,,1,63,,1158489,50,4,,1,18,,1158507,50,4,,1,18,,1158458,50,4,,1,63,,1158460,50,4,,1,21,,1158461,50,4,,1,17,,1158482,50,4,,1,57,,1158504,50,4,,1,16,,1158483,50,4,,1,21,,1158487,50,4,,1,16,,1158486,50,4,,1,56,,1158514,50,4,,1,15,,1158484,50,4,,1,13,,1158470,50,4,,1,16,,1158492,50,4,,1,55,,1158485,50,4,,1,15,,1158451,50,4,,1,14,,1158476,50,4,,1,15,,1158500,50,4,,1,60,,1158488,50,4,,1,20,,1158480,50,4,,1,20,,1158469,50,4,,1,60,,1085931,50,4,,1,20,,1158503,50,4,,1,24,,1158462,50,4,,1,66,,1158513,50,4,,1,30,,1158502,50,4,,1,75,,1158501,50,4,,1,31,,1158455,50,4,,1
6800,'13',602,,1158523,50,4,,1,100,,1158522,50,4,,1,30,,1158541,50,4,,1,70,,1158539,50,4,,1,30,,1158550,50,4,,1,72,,1158534,50,4,,1,30,,1075379,50,4,,1,70,,1158519,50,4,,1,30,,1080404,50,4,,1,72,,1158543,50,4,,1,20,,1158525,50,4,,1,20,,974442,50,4,,1,60,,1158520,50,4,,1,20,,1158531,50,4,,1,22,,1158554,50,4,,1,60,,1158544,50,4,,1,20,,1158545,50,4,,1,20,,1158536,50,4,,1,60,,1158540,50,4,,1,20,,1158537,50,4,,1,20,,1158529,50,4,,1,60,,1158526,50,4,,1,20,,1158524,50,4,,1,20,,1158530,50,4,,1,60,,1158547,50,4,,1,20,,1158533,50,4,,1,19,,1158553,50,4,,1,60,,1158546,50,4,,1,20,,1158552,50,4,,1,23,,1158551,50,4,,1,70,,1158521,50,4,,1,30,,1086588,50,4,,1,70,,1158548,50,4,,1,30,,1158517,50,4,,1,70,,1158549,50,4,,1,28,,1158518,50,4,,1,70,,1158538,50,4,,1,30,,1158532,50,4,,1,70,,1158527,50,4,,1,28,,1158535,50,4,,1,70,,1158528,50,4,,1,30,,1158542,50,4,,1
6800,'14',507,,1158619,56,4,,1,21,,1158596,56,4,,1,22,,1158606,50,4,,1,57,,1158603,29,4,,1,10,,1158598,50,4,,1,18,,1158568,29,4,,1,13,,1158588,50,4,,1,52,,1158581,29,4,,1,6,,1158583,50,4,,1,19,,1158587,29,4,,1,15,,1158618,50,4,,1,9,,1158576,29,4,,1,53,,1158614,50,4,,1,10,,1158565,29,4,,1,13,,1158597,50,4,,1,12,,1158607,29,4,,1,15,,1158564,50,4,,1,6,,1158613,29,4,,1,51,,1158582,50,4,,1,12,,1158591,50,4,,1,15,,1158590,50,4,,1,15,,1158609,50,4,,1,55,,1158620,50,4,,1,15,,1158569,50,4,,1,15,,1158610,50,4,,1,15,,1158612,50,4,,1,55,,1158604,50,4,,1,17,,1158623,50,4,,1,15,,1158566,50,4,,1,15,,1158617,50,4,,1,55,,1158558,50,4,,1,16,,1158560,50,4,,1,16,,1158601,50,4,,1,15,,1158571,50,4,,1,55,,1158559,50,4,,1,12,,1158556,50,4,,1,14,,1158602,50,4,,1,15,,1158595,50,4,,1,55,,1158570,50,4,,1,17,,1158625,50,4,,1,17,,1158593,50,4,,1,62,,1158599,50,4,,1,42,,1158585,50,4,,1,63,,1158572,50,4,,1,18,,1158578,50,4,,1,18,,1158555,50,4,,1,63,,1158575,50,4,,1,21,,1158616,50,4,,1,17,,1158579,50,4,,1,57,,1158574,50,4,,1,16,,1158605,50,4,,1,21,,1158584,50,4,,1,16,,1158622,50,4,,1,56,,1158561,50,4,,1,15,,1158600,50,4,,1,13,,1158563,50,4,,1,16,,1158586,50,4,,1,55,,1158562,50,4,,1,15,,1158580,50,4,,1,14,,1158621,50,4,,1,15,,1158608,50,4,,1,60,,1158589,50,4,,1,20,,1158624,50,4,,1,20,,1158615,50,4,,1,60,,1158594,50,4,,1,20,,1158567,50,4,,1,24,,1158573,50,4,,1,66,,1158611,50,4,,1,30,,1158592,50,4,,1,75,,1158557,50,4,,1,31,,1158577,50,4,,1
6800,'15',507,,1158646,56,4,,1,21,,1158630,56,4,,1,22,,1158683,50,4,,1,57,,1158680,29,4,,1,10,,1158685,50,4,,1,18,,1158690,29,4,,1,13,,1158652,50,4,,1,52,,1158665,29,4,,1,6,,1158669,50,4,,1,19,,1158664,29,4,,1,15,,1158629,50,4,,1,9,,1158692,29,4,,1,53,,1158627,50,4,,1,10,,1158678,29,4,,1,13,,1158688,50,4,,1,12,,1158632,29,4,,1,15,,1158675,50,4,,1,6,,1158662,29,4,,1,51,,1158631,50,4,,1,12,,1158694,50,4,,1,15,,1158673,50,4,,1,15,,1158671,50,4,,1,55,,1158670,50,4,,1,15,,1158666,50,4,,1,15,,1158643,50,4,,1,15,,1158656,50,4,,1,55,,1158674,50,4,,1,17,,1158628,50,4,,1,15,,1158689,50,4,,1,15,,1158657,50,4,,1,55,,1158649,50,4,,1,16,,1158679,50,4,,1,16,,1158651,50,4,,1,15,,1158691,50,4,,1,55,,1158658,50,4,,1,12,,1158663,50,4,,1,14,,1158677,50,4,,1,15,,1158655,50,4,,1,55,,1158654,50,4,,1,17,,1158682,50,4,,1,17,,1158640,50,4,,1,62,,1158633,50,4,,1,42,,1158676,50,4,,1,63,,1158634,50,4,,1,18,,1158693,50,4,,1,18,,1158661,50,4,,1,63,,1158644,50,4,,1,21,,1158660,50,4,,1,17,,1158636,50,4,,1,57,,1158696,50,4,,1,16,,1158638,50,4,,1,21,,1158642,50,4,,1,16,,1158639,50,4,,1,56,,1158637,50,4,,1,15,,1158635,50,4,,1,13,,1158672,50,4,,1,16,,1158653,50,4,,1,55,,1158667,50,4,,1,15,,1158659,50,4,,1,14,,1158650,50,4,,1,15,,1158645,50,4,,1,60,,1158684,50,4,,1,20,,1158695,50,4,,1,20,,1158647,50,4,,1,60,,1158687,50,4,,1,20,,1158668,50,4,,1,24,,1158641,50,4,,1,66,,1158626,50,4,,1,30,,1158681,50,4,,1,75,,1158648,50,4,,1,31,,1158686,50,4,,1
6800,'16',507,,1158716,56,4,,1,21,,1158721,56,4,,1,22,,1158704,50,4,,1,57,,1158715,29,4,,1,10,,1158697,50,4,,1,18,,1158761,29,4,,1,13,,1158724,50,4,,1,52,,1158722,29,4,,1,6,,1158727,50,4,,1,19,,1158706,29,4,,1,15,,1158702,50,4,,1,9,,1158717,29,4,,1,53,,1158720,50,4,,1,10,,1158728,29,4,,1,13,,1081978,50,4,,1,12,,1158758,29,4,,1,15,,1158701,50,4,,1,6,,1158742,29,4,,1,51,,1158714,50,4,,1,12,,1158739,50,4,,1,15,,1158741,50,4,,1,15,,1158713,50,4,,1,55,,1158730,50,4,,1,15,,1158723,50,4,,1,15,,1158757,50,4,,1,15,,1158759,50,4,,1,55,,1064477,50,4,,1,17,,1158705,50,4,,1,15,,997072,50,4,,1,15,,1158746,50,4,,1,55,,1158726,50,4,,1,16,,1158754,50,4,,1,16,,1158698,50,4,,1,15,,1158708,50,4,,1,55,,1158712,50,4,,1,12,,1158760,50,4,,1,14,,1158747,50,4,,1,15,,1158744,50,4,,1,55,,1158745,50,4,,1,17,,1158753,50,4,,1,17,,1158756,50,4,,1,62,,1158738,50,4,,1,42,,1158743,50,4,,1,63,,1158737,50,4,,1,18,,1158755,50,4,,1,18,,1158707,50,4,,1,63,,1158709,50,4,,1,21,,1158710,50,4,,1,17,,1158731,50,4,,1,57,,1158752,50,4,,1,16,,1158732,50,4,,1,21,,1158735,50,4,,1,16,,1062651,50,4,,1,56,,1094186,50,4,,1,15,,1158733,50,4,,1,13,,1158719,50,4,,1,16,,1158740,50,4,,1,55,,1158734,50,4,,1,15,,1158700,50,4,,1,14,,1158725,50,4,,1,15,,1158748,50,4,,1,60,,1158736,50,4,,1,20,,1158729,50,4,,1,20,,1158718,50,4,,1,60,,1158699,50,4,,1,20,,1158751,50,4,,1,24,,1158711,50,4,,1,66,,1158762,50,4,,1,30,,1158750,50,4,,1,75,,1158749,50,4,,1,31,,1158703,50,4,,1
6800,'17',602,,1158771,50,4,,1,100,,1158770,50,4,,1,30,,1158790,50,4,,1,70,,1158788,50,4,,1,30,,1158799,50,4,,1,72,,1158783,50,4,,1,30,,1158804,50,4,,1,70,,1158767,50,4,,1,30,,1158773,50,4,,1,72,,1158792,50,4,,1,20,,1158774,50,4,,1,20,,1158763,50,4,,1,60,,1158768,50,4,,1,20,,1158780,50,4,,1,22,,1158803,50,4,,1,60,,1158793,50,4,,1,20,,1158794,50,4,,1,20,,1158785,50,4,,1,60,,1158789,50,4,,1,20,,1158786,50,4,,1,20,,1158778,50,4,,1,60,,1158775,50,4,,1,20,,1158772,50,4,,1,20,,1158779,50,4,,1,60,,1158796,50,4,,1,20,,1158782,50,4,,1,19,,1158802,50,4,,1,60,,1158795,50,4,,1,20,,1158801,50,4,,1,23,,1158800,50,4,,1,70,,1158769,50,4,,1,30,,1158764,50,4,,1,70,,1158797,50,4,,1,30,,1158765,50,4,,1,70,,1158798,50,4,,1,28,,1158766,50,4,,1,70,,1158787,50,4,,1,30,,1158781,50,4,,1,70,,1158776,50,4,,1,28,,1158784,50,4,,1,70,,1158777,50,4,,1,30,,1158791,50,4,,1
6800,'2',509,,1158826,28,4,,1,30,,1158831,28,4,,1,61,,1158851,50,4,,1,30,,1158820,50,4,,1,70,,1158805,50,4,,1,30,,1158809,50,4,,1,70,,1158807,50,4,,1,30,,1158817,50,4,,1,72,,1158821,50,4,,1,30,,1064307,50,4,,1,70,,1158830,50,4,,1,20,,1158844,50,4,,1,15,,1158812,50,4,,1,17,,1158822,50,4,,1,55,,1158823,50,4,,1,15,,1158845,50,4,,1,15,,1087773,50,4,,1,15,,1158839,50,4,,1,55,,1158819,50,4,,1,15,,1023964,50,4,,1,15,,1158838,50,4,,1,17,,1158811,50,4,,1,55,,1158832,50,4,,1,15,,1158840,50,4,,1,15,,1158825,50,4,,1,15,,1158816,50,4,,1,55,,1158824,50,4,,1,15,,1158827,50,4,,1,15,,1051900,50,4,,1,15,,1158836,50,4,,1,55,,1158818,50,4,,1,15,,1158833,50,4,,1,15,,1158834,50,4,,1,15,,1090365,50,4,,1,55,,1158843,50,4,,1,15,,1158852,50,4,,1,15,,1158847,50,4,,1,14,,1080362,50,4,,1,55,,1158849,50,4,,1,15,,1158835,50,4,,1,15,,1158846,50,4,,1,15,,1158806,50,4,,1,59,,1158842,50,4,,1,30,,1078492,50,4,,1,70,,1158808,50,4,,1,30,,1158829,50,4,,1,70,,1158850,50,4,,1,28,,1158828,50,4,,1,70,,1158848,50,4,,1,30,,1158810,50,4,,1,70,,1158841,50,4,,1,28,,1158813,50,4,,1,70,,1158814,50,4,,1,30,,1158837,50,4,,1,70,,1158853,50,4,,1,30,,1158815,50,4,,1
6800,'3',602,,1158862,50,4,,1,100,,1158861,50,4,,1,30,,1158881,50,4,,1,70,,1158879,50,4,,1,30,,1158890,50,4,,1,72,,1158874,50,4,,1,30,,1158895,50,4,,1,70,,1158858,50,4,,1,30,,1158864,50,4,,1,72,,1158883,50,4,,1,20,,1158865,50,4,,1,20,,1158854,50,4,,1,60,,1158859,50,4,,1,20,,1158871,50,4,,1,22,,1158894,50,4,,1,60,,1158884,50,4,,1,20,,1158885,50,4,,1,20,,1158876,50,4,,1,60,,1158880,50,4,,1,20,,1158877,50,4,,1,20,,1158869,50,4,,1,60,,1158866,50,4,,1,20,,1158863,50,4,,1,20,,1158870,50,4,,1,60,,1158887,50,4,,1,20,,1158873,50,4,,1,19,,1158893,50,4,,1,60,,1158886,50,4,,1,20,,1158892,50,4,,1,23,,1158891,50,4,,1,70,,1158860,50,4,,1,30,,1158855,50,4,,1,70,,1158888,50,4,,1,30,,1158856,50,4,,1,70,,1158889,50,4,,1,28,,1158857,50,4,,1,70,,1158878,50,4,,1,30,,1158872,50,4,,1,70,,1158867,50,4,,1,28,,1158875,50,4,,1,70,,1158868,50,4,,1,30,,1158882,50,4,,1
6800,'4',602,,1086320,50,4,,1,100,,1158920,50,4,,1,30,,1062462,50,4,,1,70,,1158898,50,4,,1,30,,1158903,50,4,,1,72,,1158912,50,4,,1,30,,1158925,50,4,,1,70,,1158926,50,4,,1,30,,1034314,50,4,,1,72,,1158921,50,4,,1,20,,1158931,50,4,,1,20,,1158906,50,4,,1,60,,1158897,50,4,,1,20,,1158902,50,4,,1,22,,1158932,50,4,,1,60,,1158899,50,4,,1,20,,1158928,50,4,,1,20,,1158916,50,4,,1,60,,1158918,50,4,,1,20,,1158905,50,4,,1,20,,1158929,50,4,,1,60,,1158923,50,4,,1,20,,1158930,50,4,,1,20,,1158910,50,4,,1,60,,1158915,50,4,,1,20,,1158911,50,4,,1,19,,1158914,50,4,,1,60,,1089726,50,4,,1,20,,1158917,50,4,,1,23,,1158922,50,4,,1,70,,1026203,50,4,,1,30,,1158904,50,4,,1,70,,1158901,50,4,,1,30,,1158896,50,4,,1,70,,1158927,50,4,,1,28,,1158907,50,4,,1,70,,1158900,50,4,,1,30,,1158913,50,4,,1,70,,1158909,50,4,,1,28,,1158908,50,4,,1,70,,1158919,50,4,,1,30,,1158924,50,4,,1
6800,'5',507,,1158987,56,4,,1,21,,1158968,56,4,,1,22,,1158978,50,4,,1,57,,1158975,29,4,,1,10,,1158970,50,4,,1,18,,1158942,29,4,,1,13,,1158960,50,4,,1,52,,1088076,29,4,,1,6,,1158955,50,4,,1,19,,1158959,29,4,,1,15,,1045268,50,4,,1,9,,1158950,29,4,,1,53,,1158986,50,4,,1,10,,1015596,29,4,,1,13,,1158969,50,4,,1,12,,1158979,29,4,,1,15,,1158939,50,4,,1,6,,1158985,29,4,,1,51,,1032522,50,4,,1,12,,1158963,50,4,,1,15,,1158962,50,4,,1,15,,1158981,50,4,,1,55,,1158988,50,4,,1,15,,1158943,50,4,,1,15,,1158982,50,4,,1,15,,1158984,50,4,,1,55,,1158976,50,4,,1,17,,1158991,50,4,,1,15,,1158940,50,4,,1,15,,1064896,50,4,,1,55,,1158934,50,4,,1,16,,1158936,50,4,,1,16,,1158973,50,4,,1,15,,1158945,50,4,,1,55,,1158935,50,4,,1,12,,1090824,50,4,,1,14,,1158974,50,4,,1,15,,1158967,50,4,,1,55,,1158944,50,4,,1,17,,1158992,50,4,,1,17,,1158965,50,4,,1,62,,1158971,50,4,,1,42,,1158957,50,4,,1,63,,1158946,50,4,,1,18,,1158952,50,4,,1,18,,1158933,50,4,,1,63,,1158949,50,4,,1,21,,1026567,50,4,,1,17,,1158953,50,4,,1,57,,1158948,50,4,,1,16,,1158977,50,4,,1,21,,1158956,50,4,,1,16,,1158990,50,4,,1,56,,1158937,50,4,,1,15,,1158972,50,4,,1,13,,1158938,50,4,,1,16,,1158958,50,4,,1,55,,1019070,50,4,,1,15,,1158954,50,4,,1,14,,1158989,50,4,,1,15,,1158980,50,4,,1,60,,1158961,50,4,,1,20,,1023925,50,4,,1,20,,937069,50,4,,1,60,,1158966,50,4,,1,20,,1158941,50,4,,1,24,,1158947,50,4,,1,66,,1158983,50,4,,1,30,,1158964,50,4,,1,75,,1084704,50,4,,1,31,,1158951,50,4,,1
6800,'6',507,,1159008,56,4,,1,21,,1159013,56,4,,1,22,,1158997,50,4,,1,57,,1159007,29,4,,1,10,,1034275,50,4,,1,18,,1046830,29,4,,1,13,,1159016,50,4,,1,52,,1159014,29,4,,1,6,,1159019,50,4,,1,19,,1080022,29,4,,1,15,,1100789,50,4,,1,9,,1159009,29,4,,1,53,,1159012,50,4,,1,10,,1159020,29,4,,1,13,,1158996,50,4,,1,12,,1159051,29,4,,1,15,,1158995,50,4,,1,6,,1159035,29,4,,1,51,,1159006,50,4,,1,12,,1159032,50,4,,1,15,,1159034,50,4,,1,15,,1159005,50,4,,1,55,,1159022,50,4,,1,15,,1159015,50,4,,1,15,,1159050,50,4,,1,15,,1159052,50,4,,1,55,,1159056,50,4,,1,17,,1158998,50,4,,1,15,,1159057,50,4,,1,15,,1159039,50,4,,1,55,,1159018,50,4,,1,16,,1159047,50,4,,1,16,,1158993,50,4,,1,15,,1159000,50,4,,1,55,,1159004,50,4,,1,12,,1159053,50,4,,1,14,,1159040,50,4,,1,15,,1159037,50,4,,1,55,,1159038,50,4,,1,17,,1159046,50,4,,1,17,,1159049,50,4,,1,62,,1159031,50,4,,1,42,,1159036,50,4,,1,63,,1159030,50,4,,1,18,,1159048,50,4,,1,18,,1158999,50,4,,1,63,,1159001,50,4,,1,21,,1159002,50,4,,1,17,,1159023,50,4,,1,57,,1159045,50,4,,1,16,,1159024,50,4,,1,21,,1159028,50,4,,1,16,,1159027,50,4,,1,56,,1159055,50,4,,1,15,,1159025,50,4,,1,13,,1159011,50,4,,1,16,,1159033,50,4,,1,55,,1159026,50,4,,1,15,,1019683,50,4,,1,14,,1159017,50,4,,1,15,,1159041,50,4,,1,60,,1159029,50,4,,1,20,,1159021,50,4,,1,20,,1159010,50,4,,1,60,,1158994,50,4,,1,20,,1159044,50,4,,1,24,,1159003,50,4,,1,66,,1159054,50,4,,1,30,,1159043,50,4,,1,75,,1159042,50,4,,1,31,,1076047,50,4,,1
6800,'7',509,,1159089,28,4,,1,30,,1159066,28,4,,1,61,,1159061,50,4,,1,30,,1159069,50,4,,1,70,,1159067,50,4,,1,30,,1159108,50,4,,1,70,,1159097,50,4,,1,30,,1159081,50,4,,1,72,,1159065,50,4,,1,30,,1159111,50,4,,1,70,,1159109,50,4,,1,20,,1159077,50,4,,1,15,,1159072,50,4,,1,17,,1159100,50,4,,1,55,,1159103,50,4,,1,15,,1159088,50,4,,1,15,,1159076,50,4,,1,15,,1159098,50,4,,1,55,,1159094,50,4,,1,15,,1159060,50,4,,1,15,,1159058,50,4,,1,17,,1159068,50,4,,1,55,,1159064,50,4,,1,15,,1159075,50,4,,1,15,,1159070,50,4,,1,15,,1159095,50,4,,1,55,,1159101,50,4,,1,15,,1159106,50,4,,1,15,,1159112,50,4,,1,15,,1159085,50,4,,1,55,,1159082,50,4,,1,15,,1159063,50,4,,1,15,,1159102,50,4,,1,15,,1159093,50,4,,1,55,,1159083,50,4,,1,15,,1159080,50,4,,1,15,,1159086,50,4,,1,14,,1159073,50,4,,1,55,,1159078,50,4,,1,15,,1159062,50,4,,1,15,,1159071,50,4,,1,15,,1159091,50,4,,1,59,,1159096,50,4,,1,30,,1159079,50,4,,1,70,,1159087,50,4,,1,30,,1159105,50,4,,1,70,,1159099,50,4,,1,28,,1159059,50,4,,1,70,,1159084,50,4,,1,30,,1159113,50,4,,1,70,,1159090,50,4,,1,28,,1159104,50,4,,1,70,,1159092,50,4,,1,30,,1159074,50,4,,1,70,,1159107,50,4,,1,30,,1159110,50,4,,1
6800,'8',507,,1159134,56,4,,1,21,,1159139,56,4,,1,22,,1159122,50,4,,1,57,,1159133,29,4,,1,10,,1159114,50,4,,1,18,,1159180,29,4,,1,13,,1159142,50,4,,1,52,,1159140,29,4,,1,6,,1159145,50,4,,1,19,,1159124,29,4,,1,15,,1159119,50,4,,1,9,,1159135,29,4,,1,53,,1159138,50,4,,1,10,,1159146,29,4,,1,13,,1159120,50,4,,1,12,,1159177,29,4,,1,15,,1159118,50,4,,1,6,,1159161,29,4,,1,51,,1159132,50,4,,1,12,,1159158,50,4,,1,15,,1159160,50,4,,1,15,,1159131,50,4,,1,55,,1159148,50,4,,1,15,,1159141,50,4,,1,15,,1159176,50,4,,1,15,,1159178,50,4,,1,55,,1159183,50,4,,1,17,,1159123,50,4,,1,15,,1159184,50,4,,1,15,,1159165,50,4,,1,55,,1159144,50,4,,1,16,,1159173,50,4,,1,16,,1159115,50,4,,1,15,,1159126,50,4,,1,55,,1159130,50,4,,1,12,,1159179,50,4,,1,14,,1159166,50,4,,1,15,,1159163,50,4,,1,55,,1159164,50,4,,1,17,,1159172,50,4,,1,17,,1159175,50,4,,1,62,,1159157,50,4,,1,42,,1159162,50,4,,1,63,,1159156,50,4,,1,18,,1159174,50,4,,1,18,,1159125,50,4,,1,63,,1159127,50,4,,1,21,,1159128,50,4,,1,17,,1159149,50,4,,1,57,,1159171,50,4,,1,16,,1159150,50,4,,1,21,,1159154,50,4,,1,16,,1159153,50,4,,1,56,,1159182,50,4,,1,15,,1159151,50,4,,1,13,,1159137,50,4,,1,16,,1159159,50,4,,1,55,,1159152,50,4,,1,15,,1159117,50,4,,1,14,,1159143,50,4,,1,15,,1159167,50,4,,1,60,,1159155,50,4,,1,20,,1159147,50,4,,1,20,,1159136,50,4,,1,60,,1159116,50,4,,1,20,,1159170,50,4,,1,24,,1159129,50,4,,1,66,,1159181,50,4,,1,30,,1159169,50,4,,1,75,,1159168,50,4,,1,31,,1159121,50,4,,1
6800,'9',507,,1159239,56,4,,1,21,,1159220,56,4,,1,22,,1159230,50,4,,1,57,,1159227,29,4,,1,10,,1159222,50,4,,1,18,,1159194,29,4,,1,13,,1159212,50,4,,1,52,,1087859,29,4,,1,6,,1159207,50,4,,1,19,,1159211,29,4,,1,15,,1045583,50,4,,1,9,,1159202,29,4,,1,53,,1159238,50,4,,1,10,,1016022,29,4,,1,13,,1159221,50,4,,1,12,,1159231,29,4,,1,15,,1159191,50,4,,1,6,,1159237,29,4,,1,51,,1032876,50,4,,1,12,,1159215,50,4,,1,15,,1159214,50,4,,1,15,,1159233,50,4,,1,55,,1159240,50,4,,1,15,,1159195,50,4,,1,15,,1159234,50,4,,1,15,,1159236,50,4,,1,55,,1159228,50,4,,1,17,,1159243,50,4,,1,15,,1159192,50,4,,1,15,,1064822,50,4,,1,55,,1159186,50,4,,1,16,,1159188,50,4,,1,16,,1159225,50,4,,1,15,,1159197,50,4,,1,55,,1159187,50,4,,1,12,,1090689,50,4,,1,14,,1159226,50,4,,1,15,,1159219,50,4,,1,55,,1159196,50,4,,1,17,,1159244,50,4,,1,17,,1159217,50,4,,1,62,,1159223,50,4,,1,42,,1159209,50,4,,1,63,,1159198,50,4,,1,18,,1159204,50,4,,1,18,,1159185,50,4,,1,63,,1159201,50,4,,1,21,,1026804,50,4,,1,17,,1159205,50,4,,1,57,,1159200,50,4,,1,16,,1159229,50,4,,1,21,,1159208,50,4,,1,16,,1159242,50,4,,1,56,,1159189,50,4,,1,15,,1159224,50,4,,1,13,,1159190,50,4,,1,16,,1159210,50,4,,1,55,,1019232,50,4,,1,15,,1159206,50,4,,1,14,,1159241,50,4,,1,15,,1159232,50,4,,1,60,,1159213,50,4,,1,20,,1024094,50,4,,1,20,,937016,50,4,,1,60,,1159218,50,4,,1,20,,1159193,50,4,,1,24,,1159199,50,4,,1,66,,1159235,50,4,,1,30,,1159216,50,4,,1,75,,1084616,50,4,,1,31,,1159203,50,4,,1
6801,'1',445,,1095222,1,,,1,70,,1159245,1,,,1,32,,1159280,1,,,1,69,,1159287,1,,,1,22,,1159268,1,,,1,16,,1021166,1,,,1,55,,1159264,1,,,1,19,,1159249,1,,,1,23,,1159296,1,,,1,57,,1159246,1,,,1,21,,1159257,1,,,1,21,,1159288,1,,,1,60,,1159293,1,,,1,15,,1159275,1,,,1,15,,1063602,1,,,1,14,,1159299,1,,,1,55,,1159281,1,,,1,15,,1159294,1,,,1,15,,1159290,1,,,1,15,,1159284,1,,,1,55,,1159269,1,,,1,17,,1159250,1,,,1,15,,1159297,1,,,1,15,,1159258,1,,,1,55,,1159260,1,,,1,16,,1071505,1,,,1,16,,1159283,1,,,1,15,,1100248,1,,,1,55,,1159253,1,,,1,15,,1159276,1,,,1,15,,1159292,1,,,1,16,,1159286,1,,,1,55,,1067410,1,,,1,13,,1159256,1,,,1,17,,1159259,1,,,1,15,,1081056,1,,,1,52,,1159303,1,,,1,24,,1159278,1,0,59 60,1,12,,1159302,1,,,1,11,,1159298,1,0,59 60,1,52,,1159270,1,,,1,12,,1159304,1,0,59 60,1,12,,1159277,1,,,1,12,,1159300,1,0,59 60,1,12,,1159301,1,,,1,52,,1159255,1,0,59 60,1,12,,1159291,1,,,1,12,,1159305,1,0,59 60,1,13,,1101608,1,,,1,11,,1159306,1,0,59 60,1,52,,1159266,1,,,1,12,,1159248,1,,,1,12,,1159282,1,,,1,19,,1159279,1,,,1,59,,1159289,1,,,1,19,,1159285,1,,,1,20,,1086696,1,,,1,60,,1159261,1,,,1,20,,1070933,1,,,1,20,,1159295,1,,,1,60,,1159254,1,,,1,20,,1159262,1,,,1,19,,1159267,1,,,1,58,,1159263,1,,,1,20,,1159271,1,,,1,20,,1093432,1,,,1,60,,1159247,1,,,1,26,,1159273,1,,,1,66,,1159265,1,,,1,30,,1159274,1,,,1,71,,1159251,1,,,1,29,,1159252,1,,,1
6801,'10',445,,1094976,1,,,1,70,,1159307,1,,,1,32,,1159342,1,,,1,69,,1159349,1,,,1,22,,1159330,1,,,1,16,,1021335,1,,,1,55,,1159326,1,,,1,19,,1159311,1,,,1,23,,1159358,1,,,1,57,,1159308,1,,,1,21,,1159319,1,,,1,21,,1159350,1,,,1,60,,1159355,1,,,1,15,,1159337,1,,,1,15,,1063298,1,,,1,14,,1159361,1,,,1,55,,1159343,1,,,1,15,,1159356,1,,,1,15,,1159352,1,,,1,15,,1159346,1,,,1,55,,1159331,1,,,1,17,,1159312,1,,,1,15,,1159359,1,,,1,15,,1159320,1,,,1,55,,1159322,1,,,1,16,,1071469,1,,,1,16,,1159345,1,,,1,15,,1100122,1,,,1,55,,1159315,1,,,1,15,,1159338,1,,,1,15,,1159354,1,,,1,16,,1159348,1,,,1,55,,1067118,1,,,1,13,,1159318,1,,,1,17,,1159321,1,,,1,15,,1080874,1,,,1,52,,1159365,1,,,1,24,,1159340,1,0,59 60,1,12,,1159364,1,,,1,11,,1159360,1,0,59 60,1,52,,1159332,1,,,1,12,,1159366,1,0,59 60,1,12,,1159339,1,,,1,12,,1159362,1,0,59 60,1,12,,1159363,1,,,1,52,,1159317,1,0,59 60,1,12,,1159353,1,,,1,12,,1159367,1,0,59 60,1,13,,1101516,1,,,1,11,,1159368,1,0,59 60,1,52,,1159328,1,,,1,12,,1159310,1,,,1,12,,1159344,1,,,1,19,,1159341,1,,,1,59,,1159351,1,,,1,19,,1159347,1,,,1,20,,1086526,1,,,1,60,,1159323,1,,,1,20,,1070719,1,,,1,20,,1159357,1,,,1,60,,1159316,1,,,1,20,,1159324,1,,,1,19,,1159329,1,,,1,58,,1159325,1,,,1,20,,1159333,1,,,1,20,,1093116,1,,,1,60,,1159309,1,,,1,26,,1159335,1,,,1,66,,1159327,1,,,1,30,,1159336,1,,,1,71,,1159313,1,,,1,29,,1159314,1,,,1
6801,'11',445,,1095296,1,,,1,70,,1159369,1,,,1,32,,1159404,1,,,1,69,,1159411,1,,,1,22,,1159392,1,,,1,16,,1021118,1,,,1,55,,1159388,1,,,1,19,,1159373,1,,,1,23,,1159420,1,,,1,57,,1159370,1,,,1,21,,1159381,1,,,1,21,,1159412,1,,,1,60,,1159417,1,,,1,15,,1159399,1,,,1,15,,1063694,1,,,1,14,,1159423,1,,,1,55,,1159405,1,,,1,15,,1159418,1,,,1,15,,1159414,1,,,1,15,,1159408,1,,,1,55,,1159393,1,,,1,17,,1159374,1,,,1,15,,1159421,1,,,1,15,,1159382,1,,,1,55,,1159384,1,,,1,16,,1071517,1,,,1,16,,1159407,1,,,1,15,,1100285,1,,,1,55,,1159377,1,,,1,15,,1159400,1,,,1,15,,1159416,1,,,1,16,,1159410,1,,,1,55,,1067492,1,,,1,13,,1159380,1,,,1,17,,1159383,1,,,1,15,,1081110,1,,,1,52,,1159427,1,,,1,24,,1159402,1,0,59 60,1,12,,1159426,1,,,1,11,,1159422,1,0,59 60,1,52,,1159394,1,,,1,12,,1159428,1,0,59 60,1,12,,1159401,1,,,1,12,,1159424,1,0,59 60,1,12,,1159425,1,,,1,52,,1159379,1,0,59 60,1,12,,1159415,1,,,1,12,,1159429,1,0,59 60,1,13,,1101636,1,,,1,11,,1159430,1,0,59 60,1,52,,1159390,1,,,1,12,,1159372,1,,,1,12,,1159406,1,,,1,19,,1159403,1,,,1,59,,1159413,1,,,1,19,,1159409,1,,,1,20,,1086751,1,,,1,60,,1159385,1,,,1,20,,1070998,1,,,1,20,,1159419,1,,,1,60,,1159378,1,,,1,20,,1159386,1,,,1,19,,1159391,1,,,1,58,,1159387,1,,,1,20,,1159395,1,,,1,20,,1093523,1,,,1,60,,1159371,1,,,1,26,,1159397,1,,,1,66,,1159389,1,,,1,30,,1159398,1,,,1,71,,1159375,1,,,1,29,,1159376,1,,,1
6801,'12',445,,1064022,1,,,1,70,,1074899,1,,,1,32,,1159431,1,,,1,69,,1159482,1,,,1,22,,1159458,1,,,1,16,,1159456,1,,,1,55,,1159489,1,,,1,19,,1159450,1,,,1,23,,1159464,1,,,1,57,,1159442,1,,,1,21,,1159479,1,,,1,21,,1098848,1,,,1,60,,1159452,1,,,1,15,,1159461,1,,,1,15,,1159444,1,,,1,14,,1159474,1,,,1,55,,1159447,1,,,1,15,,1159449,1,,,1,15,,1159481,1,,,1,15,,1159443,1,,,1,55,,1159451,1,,,1,17,,1159438,1,,,1,15,,1159457,1,,,1,15,,1159448,1,,,1,55,,1087164,1,,,1,16,,1159468,1,,,1,16,,1159434,1,,,1,15,,1159466,1,,,1,55,,1159490,1,,,1,15,,1159439,1,,,1,15,,1159454,1,,,1,16,,1159484,1,,,1,55,,1159436,1,,,1,13,,1159433,1,,,1,17,,1159477,1,,,1,15,,1159470,1,,,1,52,,1071220,1,,,1,24,,1159491,1,0,59 60,1,12,,1159472,1,,,1,11,,1006881,1,0,59 60,1,52,,1159485,1,,,1,12,,1159486,1,0,59 60,1,12,,1159446,1,,,1,12,,945148,1,0,59 60,1,12,,1014591,1,,,1,52,,1159476,1,0,59 60,1,12,,1092377,1,,,1,12,,1159488,1,0,59 60,1,13,,1159478,1,,,1,11,,1159462,1,0,59 60,1,52,,1159483,1,,,1,12,,1011785,1,,,1,12,,1159441,1,,,1,19,,1159463,1,,,1,59,,1159460,1,,,1,19,,1159475,1,,,1,20,,1159465,1,,,1,60,,1159480,1,,,1,20,,1159453,1,,,1,20,,1159471,1,,,1,60,,1159459,1,,,1,20,,1030951,1,,,1,19,,1159473,1,,,1,58,,1159455,1,,,1,20,,1159437,1,,,1,20,,1159440,1,,,1,60,,1159445,1,,,1,26,,1159469,1,,,1,66,,1159435,1,,,1,30,,1159432,1,,,1,71,,1159467,1,,,1,29,,938901,1,,,1
6801,'13',642,,1159508,1,,,1,70,,1085435,1,,,1,30,,1159518,1,,,1,70,,1159525,1,,,1,30,,1159521,1,,,1,70,,1159502,1,,,1,30,,1159528,1,,,1,70,,1159527,1,,,1,30,,1159498,1,,,1,70,,1159501,1,,,1,21,,1090414,1,,,1,20,,1159524,1,,,1,60,,1159493,1,,,1,20,,1077834,1,,,1,20,,1159516,1,,,1,60,,1159500,1,,,1,20,,1159520,1,,,1,20,,1159496,1,,,1,60,,1159522,1,,,1,20,,1159529,1,,,1,20,,1159504,1,,,1,60,,1159506,1,,,1,20,,1159511,1,,,1,20,,1159515,1,,,1,60,,1159495,1,,,1,20,,1159494,1,,,1,20,,1159507,1,,,1,60,,1159499,1,,,1,20,,1159517,1,,,1,67,,1159510,1,,,1,30,,1159509,1,,,1,70,,1159526,1,,,1,30,,1159492,1,,,1,70,,1159519,1,,,1,30,,1159514,1,,,1,70,,1159497,1,,,1,30,,1087925,1,,,1,70,,1159503,1,,,1,30,,1159523,1,,,1,70,,1159512,1,,,1,30,,1159513,1,,,1,70,,1159505,1,,,1
6801,'14',445,,1159595,1,,,1,70,,1159530,1,,,1,32,,1159571,1,,,1,69,,1159578,1,,,1,22,,1159559,1,,,1,16,,1159543,1,,,1,55,,1159555,1,,,1,19,,1159537,1,,,1,23,,1159587,1,,,1,57,,1159532,1,,,1,21,,1159548,1,,,1,21,,1159579,1,,,1,60,,1159584,1,,,1,15,,1159566,1,,,1,15,,1159533,1,,,1,14,,1159590,1,,,1,55,,1159572,1,,,1,15,,1159585,1,,,1,15,,1159581,1,,,1,15,,1159575,1,,,1,55,,1159560,1,,,1,17,,1159539,1,,,1,15,,1159588,1,,,1,15,,1159549,1,,,1,55,,1159551,1,,,1,16,,1159544,1,,,1,16,,1159574,1,,,1,15,,1159535,1,,,1,55,,1159542,1,,,1,15,,1159567,1,,,1,15,,1159583,1,,,1,16,,1159577,1,,,1,55,,1159593,1,,,1,13,,1159547,1,,,1,17,,1159550,1,,,1,15,,1159601,1,,,1,52,,1159597,1,,,1,24,,1159569,1,0,59 60,1,12,,1159596,1,,,1,11,,1159589,1,0,59 60,1,52,,1159561,1,,,1,12,,1159598,1,0,59 60,1,12,,1159568,1,,,1,12,,1159591,1,0,59 60,1,12,,1159592,1,,,1,52,,1159546,1,0,59 60,1,12,,1159582,1,,,1,12,,1159599,1,0,59 60,1,13,,1159531,1,,,1,11,,1159600,1,0,59 60,1,52,,1159557,1,,,1,12,,1159536,1,,,1,12,,1159573,1,,,1,19,,1159570,1,,,1,59,,1159580,1,,,1,19,,1159576,1,,,1,20,,1159594,1,,,1,60,,1159552,1,,,1,20,,1159538,1,,,1,20,,1159586,1,,,1,60,,1159545,1,,,1,20,,1159553,1,,,1,19,,1159558,1,,,1,58,,1159554,1,,,1,20,,1159562,1,,,1,20,,1159602,1,,,1,60,,1159534,1,,,1,26,,1159564,1,,,1,66,,1159556,1,,,1,30,,1159565,1,,,1,71,,1159540,1,,,1,29,,1159541,1,,,1
6801,'15',445,,1159645,1,,,1,70,,1159604,1,,,1,32,,1159668,1,,,1,69,,1159652,1,,,1,22,,1159616,1,,,1,16,,1159650,1,,,1,55,,1159658,1,,,1,19,,1159673,1,,,1,23,,1159640,1,,,1,57,,1159624,1,,,1,21,,1159637,1,,,1,21,,1159605,1,,,1,60,,1159622,1,,,1,15,,1159655,1,,,1,15,,1159663,1,,,1,14,,1159618,1,,,1,55,,1159660,1,,,1,15,,1159607,1,,,1,15,,1159647,1,,,1,15,,1159625,1,,,1,55,,1159621,1,,,1,17,,1159666,1,,,1,15,,1159661,1,,,1,15,,1159629,1,,,1,55,,1159646,1,,,1,16,,1159611,1,,,1,16,,1159644,1,,,1,15,,1159631,1,,,1,55,,1159669,1,,,1,15,,1159608,1,,,1,15,,1159619,1,,,1,16,,1159649,1,,,1,55,,1159632,1,,,1,13,,1159653,1,,,1,17,,1159664,1,,,1,15,,1159617,1,,,1,52,,1159636,1,,,1,24,,1159656,1,0,59 60,1,12,,1159612,1,,,1,11,,1159672,1,0,59 60,1,52,,1159657,1,,,1,12,,1159638,1,0,59 60,1,12,,1159633,1,,,1,12,,1159630,1,0,59 60,1,12,,1159670,1,,,1,52,,1159654,1,0,59 60,1,12,,1159667,1,,,1,12,,1159641,1,0,59 60,1,13,,1159648,1,,,1,11,,1159671,1,0,59 60,1,52,,1159659,1,,,1,12,,1159626,1,,,1,12,,1159613,1,,,1,19,,1159665,1,,,1,59,,1159639,1,,,1,19,,1159609,1,,,1,20,,1159623,1,,,1,60,,1159662,1,,,1,20,,1159628,1,,,1,20,,1159651,1,,,1,60,,1159615,1,,,1,20,,1159642,1,,,1,19,,1159635,1,,,1,58,,1159675,1,,,1,20,,1159643,1,,,1,20,,1159674,1,,,1,60,,1159620,1,,,1,26,,1159614,1,,,1,66,,1159606,1,,,1,30,,1159610,1,,,1,71,,1159603,1,,,1,29,,1159634,1,,,1
6801,'16',445,,1159719,1,,,1,70,,1159687,1,,,1,32,,1075027,1,,,1,69,,1159728,1,,,1,22,,1159705,1,,,1,16,,1159703,1,,,1,55,,1159735,1,,,1,19,,1159695,1,,,1,23,,1159711,1,,,1,57,,1091332,1,,,1,21,,1159725,1,,,1,21,,1159738,1,,,1,60,,1159698,1,,,1,15,,1159708,1,,,1,15,,1159689,1,,,1,14,,1091340,1,,,1,55,,1159692,1,,,1,15,,1159694,1,,,1,15,,1159727,1,,,1,15,,1073876,1,,,1,55,,1159697,1,,,1,17,,1159682,1,,,1,15,,1159704,1,,,1,15,,1159693,1,,,1,55,,1159736,1,,,1,16,,1159715,1,,,1,16,,1159679,1,,,1,15,,1159713,1,,,1,55,,1091656,1,,,1,15,,1088180,1,,,1,15,,1159700,1,,,1,16,,1159731,1,,,1,55,,1065487,1,,,1,13,,1159678,1,,,1,17,,978188,1,,,1,15,,1159717,1,,,1,52,,1159729,1,,,1,24,,1052163,1,0,59 60,1,12,,1159720,1,,,1,11,,1159696,1,0,59 60,1,52,,1159732,1,,,1,12,,1159733,1,0,59 60,1,12,,1159691,1,,,1,12,,1159737,1,0,59 60,1,12,,1159688,1,,,1,52,,1159723,1,0,59 60,1,12,,1159686,1,,,1,12,,1159734,1,0,59 60,1,13,,1159724,1,,,1,11,,1159709,1,0,59 60,1,52,,1159730,1,,,1,12,,1159702,1,,,1,12,,1159685,1,,,1,19,,1159710,1,,,1,59,,1159707,1,,,1,19,,1159722,1,,,1,20,,1159712,1,,,1,60,,1159726,1,,,1,20,,1159699,1,,,1,20,,1159718,1,,,1,60,,1159706,1,,,1,20,,1159676,1,,,1,19,,1159721,1,,,1,58,,1159701,1,,,1,20,,1159681,1,,,1,20,,1159684,1,,,1,60,,1159690,1,,,1,26,,1159716,1,,,1,66,,1159680,1,,,1,30,,1159677,1,,,1,71,,1159714,1,,,1,29,,1159683,1,,,1
6801,'17',642,,1159758,1,,,1,70,,1159741,1,,,1,30,,1159768,1,,,1,70,,1159775,1,,,1,30,,1159771,1,,,1,70,,1159752,1,,,1,30,,1159779,1,,,1,70,,1159777,1,,,1,30,,1159748,1,,,1,70,,1159751,1,,,1,21,,1159778,1,,,1,20,,1159774,1,,,1,60,,1159742,1,,,1,20,,1159740,1,,,1,20,,1159766,1,,,1,60,,1159750,1,,,1,20,,1159770,1,,,1,20,,1159746,1,,,1,60,,1159772,1,,,1,20,,1159780,1,,,1,20,,1159754,1,,,1,60,,1159756,1,,,1,20,,1159761,1,,,1,20,,1159765,1,,,1,60,,1159745,1,,,1,20,,1159743,1,,,1,20,,1159757,1,,,1,60,,1159749,1,,,1,20,,1159767,1,,,1,67,,1159760,1,,,1,30,,1159759,1,,,1,70,,1159776,1,,,1,30,,1159739,1,,,1,70,,1159769,1,,,1,30,,1159764,1,,,1,70,,1159747,1,,,1,30,,1159744,1,,,1,70,,1159753,1,,,1,30,,1159773,1,,,1,70,,1159762,1,,,1,30,,1159763,1,,,1,70,,1159755,1,,,1
6801,'2',645,,1159792,1,,,1,70,,1159824,1,,,1,30,,1159820,1,,,1,70,,1159825,1,,,1,31,,1159815,1,,,1,70,,1159811,1,,,1,30,,1159800,1,,,1,70,,1159822,1,,,1,31,,1159814,1,,,1,71,,1159812,1,,,1,30,,1159810,1,,,1,55,,1159781,1,,,1,15,,1159802,1,,,1,15,,1159786,1,,,1,15,,1159799,1,,,1,55,,1159793,1,,,1,15,,1019764,1,,,1,15,,1159809,1,,,1,15,,1159805,1,,,1,55,,1159808,1,,,1,15,,1159794,1,,,1,15,,1159803,1,,,1,15,,1159804,1,,,1,55,,1067144,1,,,1,15,,1159813,1,,,1,15,,1159823,1,,,1,15,,1159796,1,,,1,55,,1159818,1,,,1,15,,1159783,1,,,1,15,,1159782,1,,,1,15,,1036726,1,,,1,55,,1159821,1,,,1,15,,1073325,1,,,1,15,,1159798,1,,,1,15,,1159787,1,,,1,55,,1159788,1,,,1,15,,1159785,1,,,1,15,,1159797,1,,,1,15,,1159817,1,,,1,70,,1159791,1,,,1,30,,1159806,1,,,1,70,,1076125,1,,,1,30,,1159789,1,,,1,70,,1159819,1,,,1,30,,1159807,1,,,1,70,,1159801,1,,,1,30,,1159816,1,,,1,70,,1159790,1,,,1,30,,1068747,1,,,1,70,,1159784,1,,,1,30,,1159795,1,,,1
6801,'3',642,,1159845,1,,,1,70,,1159828,1,,,1,30,,1159855,1,,,1,70,,1159862,1,,,1,30,,1159858,1,,,1,70,,1159839,1,,,1,30,,1159866,1,,,1,70,,1159864,1,,,1,30,,1159835,1,,,1,70,,1159838,1,,,1,21,,1159865,1,,,1,20,,1159861,1,,,1,60,,1159829,1,,,1,20,,1159827,1,,,1,20,,1159853,1,,,1,60,,1159837,1,,,1,20,,1159857,1,,,1,20,,1159833,1,,,1,60,,1159859,1,,,1,20,,1159867,1,,,1,20,,1159841,1,,,1,60,,1159843,1,,,1,20,,1159848,1,,,1,20,,1159852,1,,,1,60,,1159832,1,,,1,20,,1159830,1,,,1,20,,1159844,1,,,1,60,,1159836,1,,,1,20,,1159854,1,,,1,67,,1159847,1,,,1,30,,1159846,1,,,1,70,,1159863,1,,,1,30,,1159826,1,,,1,70,,1159856,1,,,1,30,,1159851,1,,,1,70,,1159834,1,,,1,30,,1159831,1,,,1,70,,1159840,1,,,1,30,,1159860,1,,,1,70,,1159849,1,,,1,30,,1159850,1,,,1,70,,1159842,1,,,1
6801,'4',642,,1060793,1,,,1,70,,1159876,1,,,1,30,,1088617,1,,,1,70,,1063969,1,,,1,30,,1159880,1,,,1,70,,1159897,1,,,1,30,,1159883,1,,,1,70,,1159882,1,,,1,30,,1159873,1,,,1,70,,1159879,1,,,1,21,,1159885,1,,,1,20,,1159881,1,,,1,60,,1159896,1,,,1,20,,1047805,1,,,1,20,,1159893,1,,,1,60,,1159878,1,,,1,20,,1159892,1,,,1,20,,1159877,1,,,1,60,,1159887,1,,,1,20,,1159870,1,,,1,20,,1159898,1,,,1,60,,1159884,1,,,1,20,,1159888,1,,,1,20,,1159868,1,,,1,60,,1159875,1,,,1,20,,1159872,1,,,1,20,,1057682,1,,,1,60,,1159900,1,,,1,20,,1159894,1,,,1,67,,1159902,1,,,1,30,,1159874,1,,,1,70,,1159899,1,,,1,30,,1159889,1,,,1,70,,1159890,1,,,1,30,,1159901,1,,,1,70,,1069759,1,,,1,30,,1159871,1,,,1,70,,1159869,1,,,1,30,,1159886,1,,,1,70,,1159895,1,,,1,30,,1159891,1,,,1,70,,1059060,1,,,1
6801,'5',445,,1095174,1,,,1,70,,1159903,1,,,1,32,,1159938,1,,,1,69,,1159945,1,,,1,22,,1159926,1,,,1,16,,1020882,1,,,1,55,,1159922,1,,,1,19,,1159907,1,,,1,23,,1159954,1,,,1,57,,1159904,1,,,1,21,,1159915,1,,,1,21,,1159946,1,,,1,60,,1159951,1,,,1,15,,1159933,1,,,1,15,,1063562,1,,,1,14,,1159957,1,,,1,55,,1159939,1,,,1,15,,1159952,1,,,1,15,,1159948,1,,,1,15,,1159942,1,,,1,55,,1159927,1,,,1,17,,1159908,1,,,1,15,,1159955,1,,,1,15,,1159916,1,,,1,55,,1159918,1,,,1,16,,1071493,1,,,1,16,,1159941,1,,,1,15,,1100228,1,,,1,55,,1159911,1,,,1,15,,1159934,1,,,1,15,,1159950,1,,,1,16,,1159944,1,,,1,55,,1067368,1,,,1,13,,1159914,1,,,1,17,,1159917,1,,,1,15,,1081027,1,,,1,52,,1159961,1,,,1,24,,1159936,1,0,59 60,1,12,,1159960,1,,,1,11,,1159956,1,0,59 60,1,52,,1159928,1,,,1,12,,1159962,1,0,59 60,1,12,,1159935,1,,,1,12,,1159958,1,0,59 60,1,12,,1159959,1,,,1,52,,1159913,1,0,59 60,1,12,,1159949,1,,,1,12,,1159963,1,0,59 60,1,13,,1101591,1,,,1,11,,1159964,1,0,59 60,1,52,,1159924,1,,,1,12,,1159906,1,,,1,12,,1159940,1,,,1,19,,1159937,1,,,1,59,,1159947,1,,,1,19,,1159943,1,,,1,20,,1086670,1,,,1,60,,1159919,1,,,1,20,,1070894,1,,,1,20,,1159953,1,,,1,60,,1159912,1,,,1,20,,1159920,1,,,1,19,,1159925,1,,,1,58,,1159921,1,,,1,20,,1159929,1,,,1,20,,1093377,1,,,1,60,,1159905,1,,,1,26,,1159931,1,,,1,66,,1159923,1,,,1,30,,1159932,1,,,1,71,,1159909,1,,,1,29,,1159910,1,,,1
6801,'6',445,,1160006,1,,,1,70,,1159974,1,,,1,32,,1159965,1,,,1,69,,1160017,1,,,1,22,,1159992,1,,,1,16,,1159990,1,,,1,55,,1088983,1,,,1,19,,1159982,1,,,1,23,,1159998,1,,,1,57,,1159971,1,,,1,21,,1160014,1,,,1,21,,1160025,1,,,1,60,,1159985,1,,,1,15,,1159995,1,,,1,15,,1159976,1,,,1,14,,1160009,1,,,1,55,,1159979,1,,,1,15,,1159981,1,,,1,15,,1160016,1,,,1,15,,1159973,1,,,1,55,,1159984,1,,,1,17,,1038908,1,,,1,15,,1159991,1,,,1,15,,1159980,1,,,1,55,,1160023,1,,,1,16,,1160002,1,,,1,16,,1071751,1,,,1,15,,1160000,1,,,1,55,,1160026,1,,,1,15,,1159969,1,,,1,15,,1159987,1,,,1,16,,1160020,1,,,1,55,,1159968,1,,,1,13,,1043190,1,,,1,17,,1160012,1,,,1,15,,1160004,1,,,1,52,,1160018,1,,,1,24,,1160027,1,0,59 60,1,12,,1160007,1,,,1,11,,1159983,1,0,59 60,1,52,,1160021,1,,,1,12,,998987,1,0,59 60,1,12,,1159978,1,,,1,12,,1160024,1,0,59 60,1,12,,1159975,1,,,1,52,,1160011,1,0,59 60,1,12,,1159972,1,,,1,12,,1068501,1,0,59 60,1,13,,1160013,1,,,1,11,,1159996,1,0,59 60,1,52,,1160019,1,,,1,12,,1159989,1,,,1,12,,1026125,1,,,1,19,,1159997,1,,,1,59,,1159994,1,,,1,19,,1160010,1,,,1,20,,1159999,1,,,1,60,,1160015,1,,,1,20,,1159986,1,,,1,20,,1160005,1,,,1,60,,1159993,1,,,1,20,,1159966,1,,,1,19,,1160008,1,,,1,58,,1159988,1,,,1,20,,1073682,1,,,1,20,,1101657,1,,,1,60,,1159977,1,,,1,26,,1160003,1,,,1,66,,988787,1,,,1,30,,1159967,1,,,1,71,,1160001,1,,,1,29,,1159970,1,,,1
6801,'7',645,,1160048,1,,,1,70,,1160044,1,,,1,30,,1160057,1,,,1,70,,1160046,1,,,1,31,,1160028,1,,,1,70,,1160069,1,,,1,30,,1160040,1,,,1,70,,1160042,1,,,1,31,,1160039,1,,,1,71,,1160060,1,,,1,30,,1160054,1,,,1,55,,1160050,1,,,1,15,,1160032,1,,,1,15,,1160062,1,,,1,15,,1160077,1,,,1,55,,1160053,1,,,1,15,,1160056,1,,,1,15,,1160068,1,,,1,15,,1160038,1,,,1,55,,1160078,1,,,1,15,,1160058,1,,,1,15,,1160041,1,,,1,15,,1160067,1,,,1,55,,1160035,1,,,1,15,,1160037,1,,,1,15,,1160073,1,,,1,15,,1160031,1,,,1,55,,1160047,1,,,1,15,,1160034,1,,,1,15,,1160071,1,,,1,15,,1160049,1,,,1,55,,1160064,1,,,1,15,,1160075,1,,,1,15,,1160076,1,,,1,15,,1160059,1,,,1,55,,1160065,1,,,1,15,,1160029,1,,,1,15,,1160036,1,,,1,15,,1160070,1,,,1,70,,1160072,1,,,1,30,,1160066,1,,,1,70,,1160061,1,,,1,30,,1160055,1,,,1,70,,1160030,1,,,1,30,,1160074,1,,,1,70,,1160051,1,,,1,30,,1160063,1,,,1,70,,1160052,1,,,1,30,,1160033,1,,,1,70,,1160043,1,,,1,30,,1160045,1,,,1
6801,'8',445,,1160127,1,,,1,70,,1160095,1,,,1,32,,1160079,1,,,1,69,,1160138,1,,,1,22,,1160113,1,,,1,16,,1160111,1,,,1,55,,1160146,1,,,1,19,,1160103,1,,,1,23,,1160119,1,,,1,57,,1160092,1,,,1,21,,1160135,1,,,1,21,,1160149,1,,,1,60,,1160106,1,,,1,15,,1160116,1,,,1,15,,1160097,1,,,1,14,,1160130,1,,,1,55,,1160100,1,,,1,15,,1160102,1,,,1,15,,1160137,1,,,1,15,,1160094,1,,,1,55,,1160105,1,,,1,17,,1160087,1,,,1,15,,1160112,1,,,1,15,,1160101,1,,,1,55,,1160147,1,,,1,16,,1160123,1,,,1,16,,1160083,1,,,1,15,,1160121,1,,,1,55,,1160150,1,,,1,15,,1160088,1,,,1,15,,1160108,1,,,1,16,,1160141,1,,,1,55,,1160085,1,,,1,13,,1160082,1,,,1,17,,1160133,1,,,1,15,,1160125,1,,,1,52,,1160139,1,,,1,24,,1160151,1,0,59 60,1,12,,1160128,1,,,1,11,,1160104,1,0,59 60,1,52,,1160142,1,,,1,12,,1160143,1,0,59 60,1,12,,1160099,1,,,1,12,,1160148,1,0,59 60,1,12,,1160096,1,,,1,52,,1160132,1,0,59 60,1,12,,1160093,1,,,1,12,,1160145,1,0,59 60,1,13,,1160134,1,,,1,11,,1160117,1,0,59 60,1,52,,1160140,1,,,1,12,,1160110,1,,,1,12,,1160091,1,,,1,19,,1160118,1,,,1,59,,1160115,1,,,1,19,,1160131,1,,,1,20,,1160120,1,,,1,60,,1160136,1,,,1,20,,1160107,1,,,1,20,,1160126,1,,,1,60,,1160114,1,,,1,20,,1160080,1,,,1,19,,1160129,1,,,1,58,,1160109,1,,,1,20,,1160086,1,,,1,20,,1160090,1,,,1,60,,1160098,1,,,1,26,,1160124,1,,,1,66,,1160084,1,,,1,30,,1160081,1,,,1,71,,1160122,1,,,1,29,,1160089,1,,,1
6801,'9',445,,1095050,1,,,1,70,,1160152,1,,,1,32,,1160187,1,,,1,69,,1160194,1,,,1,22,,1160175,1,,,1,16,,1021214,1,,,1,55,,1160171,1,,,1,19,,1160156,1,,,1,23,,1160203,1,,,1,57,,1160153,1,,,1,21,,1160164,1,,,1,21,,1160195,1,,,1,60,,1160200,1,,,1,15,,1160182,1,,,1,15,,1063391,1,,,1,14,,1160206,1,,,1,55,,1160188,1,,,1,15,,1160201,1,,,1,15,,1160197,1,,,1,15,,1160191,1,,,1,55,,1160176,1,,,1,17,,1160157,1,,,1,15,,1160204,1,,,1,15,,1160165,1,,,1,55,,1160167,1,,,1,16,,1071481,1,,,1,16,,1160190,1,,,1,15,,1100160,1,,,1,55,,1160160,1,,,1,15,,1160183,1,,,1,15,,1160199,1,,,1,16,,1160193,1,,,1,55,,1067210,1,,,1,13,,1160163,1,,,1,17,,1160166,1,,,1,15,,1080935,1,,,1,52,,1160210,1,,,1,24,,1160185,1,0,59 60,1,12,,1160209,1,,,1,11,,1160205,1,0,59 60,1,52,,1160177,1,,,1,12,,1160211,1,0,59 60,1,12,,1160184,1,,,1,12,,1160207,1,0,59 60,1,12,,1160208,1,,,1,52,,1160162,1,0,59 60,1,12,,1160198,1,,,1,12,,1160212,1,0,59 60,1,13,,1101543,1,,,1,11,,1160213,1,0,59 60,1,52,,1160173,1,,,1,12,,1160155,1,,,1,12,,1160189,1,,,1,19,,1160186,1,,,1,59,,1160196,1,,,1,19,,1160192,1,,,1,20,,1086582,1,,,1,60,,1160168,1,,,1,20,,1070786,1,,,1,20,,1160202,1,,,1,60,,1160161,1,,,1,20,,1160169,1,,,1,19,,1160174,1,,,1,58,,1160170,1,,,1,20,,1160178,1,,,1,20,,1093221,1,,,1,60,,1160154,1,,,1,26,,1160180,1,,,1,66,,1160172,1,,,1,30,,1160181,1,,,1,71,,1160158,1,,,1,29,,1160159,1,,,1
7300,'1',559,,1161561,7,,,1,67,,1161544,7,,,1,29,,1161540,7,,,1,71,,1161542,7,,,1,30,,1161546,7,,,1,72,,1161552,7,,,1,30,,1070957,7,,,1,70,,1161566,7,,,1
7300,'10',559,,1161590,7,,,1,67,,1161573,7,,,1,29,,1161569,7,,,1,71,,1161571,7,,,1,30,,1161575,7,,,1,72,,1161581,7,,,1,30,,1070743,7,,,1,70,,1161595,7,,,1
7300,'11',559,,1161619,7,,,1,67,,1161602,7,,,1,29,,1161598,7,,,1,71,,1161600,7,,,1,30,,1161604,7,,,1,72,,1161610,7,,,1,30,,1071022,7,,,1,70,,1161624,7,,,1
7300,'12',559,,1161635,7,,,1,67,,1161643,7,,,1,29,,1161646,7,,,1,71,,1161642,7,,,1,30,,1161641,7,,,1,72,,1161637,7,,,1,30,,1161650,7,,,1,70,,1161658,7,,,1
7300,'14',559,,1161683,7,,,1,67,,1161666,7,,,1,29,,1161659,7,,,1,71,,1161663,7,,,1,30,,1161668,7,,,1,72,,1161674,7,,,1,30,,1161690,7,,,1,70,,1161688,7,,,1
7300,'15',559,,1161706,7,,,1,67,,1161696,7,,,1,29,,1161704,7,,,1,71,,1161714,7,,,1,30,,1161713,7,,,1,72,,1161705,7,,,1,30,,1161693,7,,,1,70,,1161719,7,,,1
7300,'16',559,,1161731,7,,,1,67,,1161739,7,,,1,29,,1161742,7,,,1,71,,1161738,7,,,1,30,,1161737,7,,,1,72,,1161733,7,,,1,30,,1161746,7,,,1,70,,1099045,7,,,1
7300,'5',559,,1161775,7,,,1,67,,1161758,7,,,1,29,,1161754,7,,,1,71,,1161756,7,,,1,30,,1161760,7,,,1,72,,1161766,7,,,1,30,,1070918,7,,,1,70,,1161780,7,,,1
7300,'6',559,,1161789,7,,,1,67,,1161796,7,,,1,29,,1161799,7,,,1,71,,1161795,7,,,1,30,,999984,7,,,1,72,,1161791,7,,,1,30,,1161802,7,,,1,70,,1161810,7,,,1
7300,'8',559,,1161819,7,,,1,67,,1161827,7,,,1,29,,1161830,7,,,1,71,,1161826,7,,,1,30,,1161825,7,,,1,72,,1161821,7,,,1,30,,1161834,7,,,1,70,,1161843,7,,,1
7300,'9',559,,1161865,7,,,1,67,,1161848,7,,,1,29,,1161844,7,,,1,71,,1161846,7,,,1,30,,1161850,7,,,1,72,,1161856,7,,,1,30,,1070810,7,,,1,70,,1161870,7,,,1
7301,'1',1520,,1161896,41,,,1,33,,1161884,41,,,1,76,,1161900,41,,,1,30,,1161899,41,,,1,70,,1161877,41,,,1,30,,1161875,41,,,1,68,,1161874,41,,,1,28,,1161901,41,,,1,71,,1161891,36,,,1
7301,'10',1520,,1161926,41,,,1,33,,1161914,41,,,1,76,,1161930,41,,,1,30,,1161929,41,,,1,70,,1161907,41,,,1,30,,1161905,41,,,1,68,,1161904,41,,,1,28,,1161931,41,,,1,71,,1161921,36,,,1
7301,'11',1520,,1161956,41,,,1,33,,1161944,41,,,1,76,,1161960,41,,,1,30,,1161959,41,,,1,70,,1161937,41,,,1,30,,1161935,41,,,1,68,,1161934,41,,,1,28,,1161961,41,,,1,71,,1161951,36,,,1
7301,'12',1520,,1161968,41,,,1,33,,1161967,41,,,1,76,,1161976,41,,,1,30,,1161991,41,,,1,70,,1161973,41,,,1,30,,1161977,41,,,1,68,,1161964,41,,,1,28,,1161980,41,,,1,71,,1161978,36,,,1
7301,'14',1520,,1162019,41,,,1,33,,1162007,41,,,1,76,,1162023,41,,,1,30,,1162022,41,,,1,70,,1162000,41,,,1,30,,1161998,41,,,1,68,,1161997,41,,,1,28,,1162024,41,,,1,71,,1162014,36,,,1
7301,'15',1520,,1162049,41,,,1,33,,1162052,41,,,1,76,,1162045,41,,,1,30,,1162061,41,,,1,70,,1162031,41,,,1,30,,1162038,41,,,1,68,,1162051,41,,,1,28,,1162042,41,,,1,71,,1162034,36,,,1
7301,'16',1520,,1162066,41,,,1,33,,1162065,41,,,1,76,,1162074,41,,,1,30,,1075991,41,,,1,70,,1065496,41,,,1,30,,1162075,41,,,1,68,,1065826,41,,,1,28,,1162078,41,,,1,71,,1162076,36,,,1
7301,'5',1520,,1162114,41,,,1,33,,1162102,41,,,1,76,,1162118,41,,,1,30,,1162117,41,,,1,70,,1162095,41,,,1,30,,1162093,41,,,1,68,,1162092,41,,,1,28,,1162119,41,,,1,71,,1162109,36,,,1
7301,'6',1520,,1162123,41,,,1,33,,1013966,41,,,1,76,,1162132,41,,,1,30,,1162146,41,,,1,70,,1162128,41,,,1,30,,1162133,41,,,1,68,,1162122,41,,,1,28,,1162136,41,,,1,71,,1162134,36,,,1
7301,'8',1520,,1162153,41,,,1,33,,1162152,41,,,1,76,,1162163,41,,,1,30,,1162178,41,,,1,70,,1162159,41,,,1,30,,1162164,41,,,1,68,,1162149,41,,,1,28,,1162167,41,,,1,71,,1162165,36,,,1
7301,'9',1520,,1162205,41,,,1,33,,1162193,41,,,1,76,,1162209,41,,,1,30,,1162208,41,,,1,70,,1162186,41,,,1,30,,1162184,41,,,1,68,,1162183,41,,,1,28,,1162210,41,,,1,71,,1162200,36,,,1
7400,'1',624,,1162249,7,,,1,76,,1162254,7,,,1,35,,1162251,7,,,1,70,,1162250,7,,,1,17,,1087214,7,,,1,15,,1162260,7,,,1,13,,1162227,7,,,1,55,,1162259,7,,,1,15,,1162234,7,,,1,15,,1162253,7,,,1,15,,1162212,7,,,1,54,,1162233,7,,,1,15,,1071704,7,,,1,15,,1162264,7,,,1,15,,1162240,7,,,1,54,,1162231,7,,,1,15,,1162248,7,,,1,15,,1162229,7,,,1,15,,1162216,7,,,1,55,,1100549,7,,,1,15,,1162263,7,,,1,15,,1162235,7,,,1,15,,1162237,7,,,1,55,,1162213,7,,,1,15,,1092176,7,,,1,15,,1162222,7,,,1,15,,1162218,7,,,1,55,,1162225,7,,,1,15,,1162219,7,,,1,15,,1003799,7,,,1,15,,1162215,7,,,1,55,,1162245,7,,,1,17,,1162221,7,,,1,15,,952146,7,,,1,17,,1162232,7,,,1,57,,1162217,7,,,1,12,,1162241,7,,,1,16,,1162252,7,,,1,5,,1162220,20,0,19 20,1,10,,1162261,7,,,1,55,,1162214,7,,,1,15,,1162238,7,,,1,14,,1162223,7,,,1,15,,1162230,7,,,1,55,,1162247,7,,,1,15,,1162256,7,0,43,1,12,,1162243,7,,,1,15,,1162257,7,0,43,1,55,,1162242,7,,,1,15,,1162239,7,0,43,1,30,,1162244,7,,,1,69,,1162224,7,0,43,1,30,,1162255,7,,,1,70,,1162226,7,0,43,1,30,,1162262,7,,,1,70,,1162236,7,0,43,1,34,,1162258,8,,,1
7400,'10',624,,1162302,7,,,1,76,,1162307,7,,,1,35,,1162304,7,,,1,70,,1162303,7,,,1,17,,1087023,7,,,1,15,,1162313,7,,,1,13,,1162280,7,,,1,55,,1162312,7,,,1,15,,1162287,7,,,1,15,,1162306,7,,,1,15,,1162265,7,,,1,54,,1162286,7,,,1,15,,1071555,7,,,1,15,,1162317,7,,,1,15,,1162293,7,,,1,54,,1162284,7,,,1,15,,1162301,7,,,1,15,,1162282,7,,,1,15,,1162269,7,,,1,55,,1100471,7,,,1,15,,1162316,7,,,1,15,,1162288,7,,,1,15,,1162290,7,,,1,55,,1162266,7,,,1,15,,1092015,7,,,1,15,,1162275,7,,,1,15,,1162271,7,,,1,55,,1162278,7,,,1,15,,1162272,7,,,1,15,,1003956,7,,,1,15,,1162268,7,,,1,55,,1162298,7,,,1,17,,1162274,7,,,1,15,,951977,7,,,1,17,,1162285,7,,,1,57,,1162270,7,,,1,12,,1162294,7,,,1,16,,1162305,7,,,1,5,,1162273,20,0,19 20,1,10,,1162314,7,,,1,55,,1162267,7,,,1,15,,1162291,7,,,1,14,,1162276,7,,,1,15,,1162283,7,,,1,55,,1162300,7,,,1,15,,1162309,7,0,43,1,12,,1162296,7,,,1,15,,1162310,7,0,43,1,55,,1162295,7,,,1,15,,1162292,7,0,43,1,30,,1162297,7,,,1,69,,1162277,7,0,43,1,30,,1162308,7,,,1,70,,1162279,7,0,43,1,30,,1162315,7,,,1,70,,1162289,7,0,43,1,34,,1162311,8,,,1
7400,'11',624,,1162355,7,,,1,76,,1162360,7,,,1,35,,1162357,7,,,1,70,,1162356,7,,,1,17,,1087269,7,,,1,15,,1162366,7,,,1,13,,1162333,7,,,1,55,,1162365,7,,,1,15,,1162340,7,,,1,15,,1162359,7,,,1,15,,1162318,7,,,1,54,,1162339,7,,,1,15,,1071746,7,,,1,15,,1162370,7,,,1,15,,1162346,7,,,1,54,,1162337,7,,,1,15,,1162354,7,,,1,15,,1162335,7,,,1,15,,1162322,7,,,1,55,,1100570,7,,,1,15,,1162369,7,,,1,15,,1162341,7,,,1,15,,1162343,7,,,1,55,,1162319,7,,,1,15,,1092221,7,,,1,15,,1162328,7,,,1,15,,1162324,7,,,1,55,,1162331,7,,,1,15,,1162325,7,,,1,15,,1003751,7,,,1,15,,1162321,7,,,1,55,,1162351,7,,,1,17,,1162327,7,,,1,15,,952118,7,,,1,17,,1162338,7,,,1,57,,1162323,7,,,1,12,,1162347,7,,,1,16,,1162358,7,,,1,5,,1162326,20,0,19 20,1,10,,1162367,7,,,1,55,,1162320,7,,,1,15,,1162344,7,,,1,14,,1162329,7,,,1,15,,1162336,7,,,1,55,,1162353,7,,,1,15,,1162362,7,0,43,1,12,,1162349,7,,,1,15,,1162363,7,0,43,1,55,,1162348,7,,,1,15,,1162345,7,0,43,1,30,,1162350,7,,,1,69,,1162330,7,0,43,1,30,,1162361,7,,,1,70,,1162332,7,0,43,1,30,,1162368,7,,,1,70,,1162342,7,0,43,1,34,,1162364,8,,,1
7400,'12',624,,1162397,7,,,1,76,,1162379,7,,,1,35,,1162384,7,,,1,70,,1034236,7,,,1,17,,1162401,7,,,1,15,,1162394,7,,,1,13,,1088681,7,,,1,55,,1162371,7,,,1,15,,1162388,7,,,1,15,,1162387,7,,,1,15,,1162398,7,,,1,54,,1162404,7,,,1,15,,1162402,7,,,1,15,,1162408,7,,,1,15,,1162393,7,,,1,54,,1162405,7,,,1,15,,1162414,7,,,1,15,,1162410,7,,,1,15,,1162378,7,,,1,55,,1162399,7,,,1,15,,1162412,7,,,1,15,,1162400,7,,,1,15,,1162374,7,,,1,55,,1162418,7,,,1,15,,1162415,7,,,1,15,,1162411,7,,,1,15,,1162403,7,,,1,55,,1162421,7,,,1,15,,1162377,7,,,1,15,,927274,7,,,1,15,,1162390,7,,,1,55,,999848,7,,,1,17,,1162380,7,,,1,15,,1087169,7,,,1,17,,1032373,7,,,1,57,,1162385,7,,,1,12,,1162373,7,,,1,16,,1162381,7,,,1,5,,1079796,20,0,19 20,1,10,,1162406,7,,,1,55,,1162417,7,,,1,15,,1162386,7,,,1,14,,1162382,7,,,1,15,,1162372,7,,,1,55,,1162391,7,,,1,15,,1162413,7,0,43,1,12,,1162375,7,,,1,15,,1162407,7,0,43,1,55,,1162416,7,,,1,15,,1162389,7,0,43,1,30,,1162383,7,,,1,69,,1162419,7,0,43,1,30,,1065100,7,,,1,70,,1162409,7,0,43,1,30,,1162376,7,,,1,70,,1162395,7,0,43,1,34,,1162392,8,,,1
7400,'13',1029,,1162430,8,,,1,30,,1162439,8,,,1,70,,1162426,8,,,1,30,,1162432,8,,,1,70,,1162440,8,,,1,30,,1162427,8,,,1,70,,1162422,8,,,1,30,,1162444,8,,,1,70,,1162423,8,,,1,30,,1162443,8,,,1,70,,1162424,8,,,1,30,,1162435,8,,,1,70,,1162428,8,,,1,30,,1162442,8,,,1,70,,1162425,8,,,1,30,,1162438,8,,,1,70,,1162433,8,,,1
7400,'14',624,,1162487,7,,,1,76,,1162492,7,,,1,35,,1162489,7,,,1,70,,1162488,7,,,1,17,,1162449,7,,,1,15,,1162499,7,,,1,13,,1162463,7,,,1,55,,1162497,7,,,1,15,,1162470,7,,,1,15,,1162491,7,,,1,15,,1162446,7,,,1,54,,1162469,7,,,1,15,,1162498,7,,,1,15,,1162504,7,,,1,15,,1162477,7,,,1,54,,1162467,7,,,1,15,,1162486,7,,,1,15,,1162465,7,,,1,15,,1162451,7,,,1,55,,1162478,7,,,1,15,,1162502,7,,,1,15,,1162471,7,,,1,15,,1162473,7,,,1,55,,1162447,7,,,1,15,,1162476,7,,,1,15,,1162458,7,,,1,15,,1162453,7,,,1,55,,1162461,7,,,1,15,,1162454,7,,,1,15,,1162456,7,,,1,15,,1162450,7,,,1,55,,1162483,7,,,1,17,,1162457,7,,,1,15,,1162503,7,,,1,17,,1162468,7,,,1,57,,1162452,7,,,1,12,,1162479,7,,,1,16,,1162490,7,,,1,5,,1162455,20,0,19 20,1,10,,1162500,7,,,1,55,,1162448,7,,,1,15,,1162474,7,,,1,14,,1162459,7,,,1,15,,1162466,7,,,1,55,,1162485,7,,,1,15,,1162494,7,0,43,1,12,,1162481,7,,,1,15,,1162495,7,0,43,1,55,,1162480,7,,,1,15,,1162475,7,0,43,1,30,,1162482,7,,,1,69,,1162460,7,0,43,1,30,,1162493,7,,,1,70,,1162462,7,0,43,1,30,,1162501,7,,,1,70,,1162472,7,0,43,1,34,,1162496,8,,,1
7400,'15',624,,1162558,7,,,1,76,,1162555,7,,,1,35,,1162551,7,,,1,70,,1162541,7,,,1,17,,1162556,7,,,1,15,,1162530,7,,,1,13,,1162512,7,,,1,55,,1162562,7,,,1,15,,1162515,7,,,1,15,,1162526,7,,,1,15,,1162517,7,,,1,54,,1162542,7,,,1,15,,1162557,7,,,1,15,,1162521,7,,,1,15,,1162520,7,,,1,54,,1162509,7,,,1,15,,1162506,7,,,1,15,,1162540,7,,,1,15,,1162535,7,,,1,55,,1162524,7,,,1,15,,1162545,7,,,1,15,,1162527,7,,,1,15,,1162563,7,,,1,55,,1162561,7,,,1,15,,1162544,7,,,1,15,,1162513,7,,,1,15,,1162532,7,,,1,55,,1162528,7,,,1,15,,1162523,7,,,1,15,,1162549,7,,,1,15,,1162538,7,,,1,55,,1162537,7,,,1,17,,1162550,7,,,1,15,,1162507,7,,,1,17,,1162514,7,,,1,57,,1162522,7,,,1,12,,1162519,7,,,1,16,,1162533,7,,,1,5,,1162552,20,0,19 20,1,10,,1162553,7,,,1,55,,1162516,7,,,1,15,,1162546,7,,,1,14,,1162536,7,,,1,15,,1162560,7,,,1,55,,1162543,7,,,1,15,,1162531,7,0,43,1,12,,1162518,7,,,1,15,,1162505,7,0,43,1,55,,1162525,7,,,1,15,,1162511,7,0,43,1,30,,1162534,7,,,1,69,,1162508,7,0,43,1,30,,1162554,7,,,1,70,,1162548,7,0,43,1,30,,1162529,7,,,1,70,,1162547,7,0,43,1,34,,1162539,8,,,1
7400,'16',624,,1162586,7,,,1,76,,1162569,7,,,1,35,,1162574,7,,,1,70,,1162608,7,,,1,17,,1162590,7,,,1,15,,1162583,7,,,1,13,,1162615,7,,,1,55,,1162564,7,,,1,15,,1162578,7,,,1,15,,1162577,7,,,1,15,,1162587,7,,,1,54,,1162593,7,,,1,15,,1162591,7,,,1,15,,1162597,7,,,1,15,,1162582,7,,,1,54,,1162594,7,,,1,15,,1162603,7,,,1,15,,1162599,7,,,1,15,,1162568,7,,,1,55,,1162588,7,,,1,15,,1162601,7,,,1,15,,1162589,7,,,1,15,,1092914,7,,,1,55,,1162607,7,,,1,15,,1162604,7,,,1,15,,1162600,7,,,1,15,,1162592,7,,,1,55,,1162613,7,,,1,15,,1088814,7,,,1,15,,1162610,7,,,1,15,,1101207,7,,,1,55,,1162612,7,,,1,17,,1162570,7,,,1,15,,1162614,7,,,1,17,,1162571,7,,,1,57,,1162575,7,,,1,12,,1094170,7,,,1,16,,1162572,7,,,1,5,,1162573,20,0,19 20,1,10,,1162595,7,,,1,55,,1162606,7,,,1,15,,1162576,7,,,1,14,,1026026,7,,,1,15,,1162565,7,,,1,55,,1162580,7,,,1,15,,1162602,7,0,43,1,12,,1066181,7,,,1,15,,1162596,7,0,43,1,55,,1162605,7,,,1,15,,1162579,7,0,43,1,30,,1046809,7,,,1,69,,1162609,7,0,43,1,30,,1162566,7,,,1,70,,1162598,7,0,43,1,30,,1162567,7,,,1,70,,1162584,7,0,43,1,34,,1162581,8,,,1
7400,'17',1029,,1162624,8,,,1,30,,1162633,8,,,1,70,,1162620,8,,,1,30,,1162626,8,,,1,70,,1162634,8,,,1,30,,1162621,8,,,1,70,,1162616,8,,,1,30,,1162638,8,,,1,70,,1162617,8,,,1,30,,1162637,8,,,1,70,,1162618,8,,,1,30,,1162629,8,,,1,70,,1162622,8,,,1,30,,1162636,8,,,1,70,,1162619,8,,,1,30,,1162632,8,,,1,70,,1162627,8,,,1
7400,'2',922,,1162669,8,,,1,30,,1162661,8,,,1,70,,1162646,8,,,1,30,,1162664,8,,,1,70,,1162652,8,,,1,30,,1162654,8,,,1,70,,1162640,8,,,1,30,,1162647,8,,,1,70,,1162670,8,,,1,30,,1162641,8,,,1,70,,1162663,8,,,1,30,,1096258,8,,,1,70,,1162643,8,,,1,30,,1162666,8,,,1,70,,1162642,8,,,1,30,,1162653,8,,,1,70,,1162668,8,,,1,30,,1088406,8,,,1,70,,1162657,8,,,1,30,,1162645,8,,,1,70,,1162655,8,,,1,30,,1162667,8,,,1,70,,1162650,8,,,1,30,,1162660,8,,,1,70,,1162644,8,,,1,30,,1162662,8,,,1
7400,'3',1029,,1162679,8,,,1,30,,1162688,8,,,1,70,,1162675,8,,,1,30,,1162681,8,,,1,70,,1162689,8,,,1,30,,1162676,8,,,1,70,,1162671,8,,,1,30,,1162693,8,,,1,70,,1162672,8,,,1,30,,1162692,8,,,1,70,,1162673,8,,,1,30,,1162684,8,,,1,70,,1162677,8,,,1,30,,1162691,8,,,1,70,,1162674,8,,,1,30,,1162687,8,,,1,70,,1162682,8,,,1
7400,'4',1029,,1162697,8,,,1,30,,1162699,8,,,1,70,,1162702,8,,,1,30,,1162696,8,,,1,70,,1162715,8,,,1,30,,1010083,8,,,1,70,,1162712,8,,,1,30,,1162704,8,,,1,70,,1162695,8,,,1,30,,1162713,8,,,1,70,,1162706,8,,,1,30,,1162711,8,,,1,70,,1162716,8,,,1,30,,1162717,8,,,1,70,,1162700,8,,,1,30,,1162714,8,,,1,70,,1162709,8,,,1
7400,'5',624,,1162755,7,,,1,76,,1162760,7,,,1,35,,1162757,7,,,1,70,,1162756,7,,,1,17,,1087176,7,,,1,15,,1162766,7,,,1,13,,1162733,7,,,1,55,,1162765,7,,,1,15,,1162740,7,,,1,15,,1162759,7,,,1,15,,1162718,7,,,1,54,,1162739,7,,,1,15,,1071680,7,,,1,15,,1162770,7,,,1,15,,1162746,7,,,1,54,,1162737,7,,,1,15,,1162754,7,,,1,15,,1162735,7,,,1,15,,1162722,7,,,1,55,,1100536,7,,,1,15,,1162769,7,,,1,15,,1162741,7,,,1,15,,1162743,7,,,1,55,,1162719,7,,,1,15,,1092143,7,,,1,15,,1162728,7,,,1,15,,1162724,7,,,1,55,,1162731,7,,,1,15,,1162725,7,,,1,15,,1003531,7,,,1,15,,1162721,7,,,1,55,,1162751,7,,,1,17,,1162727,7,,,1,15,,952234,7,,,1,17,,1162738,7,,,1,57,,1162723,7,,,1,12,,1162747,7,,,1,16,,1162758,7,,,1,5,,1162726,20,0,19 20,1,10,,1162767,7,,,1,55,,1162720,7,,,1,15,,1162744,7,,,1,14,,1162729,7,,,1,15,,1162736,7,,,1,55,,1162753,7,,,1,15,,1162762,7,0,43,1,12,,1162749,7,,,1,15,,1162763,7,0,43,1,55,,1162748,7,,,1,15,,1162745,7,0,43,1,30,,1162750,7,,,1,69,,1162730,7,0,43,1,30,,1162761,7,,,1,70,,1162732,7,0,43,1,30,,1162768,7,,,1,70,,1162742,7,0,43,1,34,,1162764,8,,,1
7400,'6',624,,1162794,7,,,1,76,,1036605,7,,,1,35,,1162781,7,,,1,70,,1162813,7,,,1,17,,1162797,7,,,1,15,,1162791,7,,,1,13,,1162817,7,,,1,55,,1046489,7,,,1,15,,1162785,7,,,1,15,,1162784,7,,,1,15,,1162795,7,,,1,54,,1162800,7,,,1,15,,1162798,7,,,1,15,,1162803,7,,,1,15,,1162790,7,,,1,54,,1162801,7,,,1,15,,1162808,7,,,1,15,,1072409,7,,,1,15,,1101655,7,,,1,55,,1066268,7,,,1,15,,1162806,7,,,1,15,,1162796,7,,,1,15,,1162772,7,,,1,55,,1162812,7,,,1,15,,1162809,7,,,1,15,,1162805,7,,,1,15,,1162799,7,,,1,55,,1083342,7,,,1,15,,1162775,7,,,1,15,,1162814,7,,,1,15,,1162787,7,,,1,55,,1162815,7,,,1,17,,1162776,7,,,1,15,,1162816,7,,,1,17,,1162777,7,,,1,57,,1162782,7,,,1,12,,1162771,7,,,1,16,,1079657,7,,,1,5,,1162779,20,0,19 20,1,10,,1079269,7,,,1,55,,1162811,7,,,1,15,,1162783,7,,,1,14,,1162778,7,,,1,15,,962634,7,,,1,55,,1162788,7,,,1,15,,1162807,7,0,43,1,12,,1162773,7,,,1,15,,1162802,7,0,43,1,55,,1162810,7,,,1,15,,1162786,7,0,43,1,30,,1162780,7,,,1,69,,1063280,7,0,43,1,30,,1162774,7,,,1,70,,1162804,7,0,43,1,30,,1073913,7,,,1,70,,1162792,7,0,43,1,34,,1162789,8,,,1
7400,'7',922,,1162818,8,,,1,30,,1162819,8,,,1,70,,1162841,8,,,1,30,,1162839,8,,,1,70,,1162834,8,,,1,30,,1162828,8,,,1,70,,1162842,8,,,1,30,,1162840,8,,,1,70,,1162832,8,,,1,30,,1162825,8,,,1,70,,1162822,8,,,1,30,,1162848,8,,,1,70,,1162823,8,,,1,30,,1162833,8,,,1,70,,1162844,8,,,1,30,,1162849,8,,,1,70,,1162821,8,,,1,30,,1162831,8,,,1,70,,1162820,8,,,1,30,,1162850,8,,,1,70,,1162835,8,,,1,30,,1162827,8,,,1,70,,1162845,8,,,1,30,,1162824,8,,,1,70,,1162826,8,,,1,30,,1162830,8,,,1
7400,'8',624,,1162880,7,,,1,76,,1162860,7,,,1,35,,1162867,7,,,1,70,,1162902,7,,,1,17,,1162884,7,,,1,15,,1162877,7,,,1,13,,1162909,7,,,1,55,,1162851,7,,,1,15,,1162871,7,,,1,15,,1162870,7,,,1,15,,1162881,7,,,1,54,,1162887,7,,,1,15,,1162885,7,,,1,15,,1162891,7,,,1,15,,1162876,7,,,1,54,,1162888,7,,,1,15,,1162897,7,,,1,15,,1162893,7,,,1,15,,1162859,7,,,1,55,,1162882,7,,,1,15,,1162895,7,,,1,15,,1162883,7,,,1,15,,1162854,7,,,1,55,,1162901,7,,,1,15,,1162898,7,,,1,15,,1162894,7,,,1,15,,1162886,7,,,1,55,,1162907,7,,,1,15,,1162858,7,,,1,15,,1162904,7,,,1,15,,1162873,7,,,1,55,,1162906,7,,,1,17,,1162861,7,,,1,15,,1162908,7,,,1,17,,1162862,7,,,1,57,,1162868,7,,,1,12,,1162853,7,,,1,16,,1162863,7,,,1,5,,1162865,20,0,19 20,1,10,,1162889,7,,,1,55,,1162900,7,,,1,15,,1162869,7,,,1,14,,1162864,7,,,1,15,,1162852,7,,,1,55,,1162874,7,,,1,15,,1162896,7,0,43,1,12,,1162855,7,,,1,15,,1162890,7,0,43,1,55,,1162899,7,,,1,15,,1162872,7,0,43,1,30,,1162866,7,,,1,69,,1162903,7,0,43,1,30,,1162856,7,,,1,70,,1162892,7,0,43,1,30,,1162857,7,,,1,70,,1162878,7,0,43,1,34,,1162875,8,,,1
7400,'9',624,,1162947,7,,,1,76,,1162952,7,,,1,35,,1162949,7,,,1,70,,1162948,7,,,1,17,,1087085,7,,,1,15,,1162958,7,,,1,13,,1162925,7,,,1,55,,1162957,7,,,1,15,,1162932,7,,,1,15,,1162951,7,,,1,15,,1162910,7,,,1,54,,1162931,7,,,1,15,,1071603,7,,,1,15,,1162962,7,,,1,15,,1162938,7,,,1,54,,1162929,7,,,1,15,,1162946,7,,,1,15,,1162927,7,,,1,15,,1162914,7,,,1,55,,1100499,7,,,1,15,,1162961,7,,,1,15,,1162933,7,,,1,15,,1162935,7,,,1,55,,1162911,7,,,1,15,,1092069,7,,,1,15,,1162920,7,,,1,15,,1162916,7,,,1,55,,1162923,7,,,1,15,,1162917,7,,,1,15,,1003847,7,,,1,15,,1162913,7,,,1,55,,1162943,7,,,1,17,,1162919,7,,,1,15,,952206,7,,,1,17,,1162930,7,,,1,57,,1162915,7,,,1,12,,1162939,7,,,1,16,,1162950,7,,,1,5,,1162918,20,0,19 20,1,10,,1162959,7,,,1,55,,1162912,7,,,1,15,,1162936,7,,,1,14,,1162921,7,,,1,15,,1162928,7,,,1,55,,1162945,7,,,1,15,,1162954,7,0,43,1,12,,1162941,7,,,1,15,,1162955,7,0,43,1,55,,1162940,7,,,1,15,,1162937,7,0,43,1,30,,1162942,7,,,1,69,,1162922,7,0,43,1,30,,1162953,7,,,1,70,,1162924,7,0,43,1,30,,1162960,7,,,1,70,,1162934,7,0,43,1,34,,1162956,8,,,1
7401,'1',616,,1103761,28,,,1,24,,1162967,28,,,1,18,,1163009,28,,,1,57,,1162983,28,,,1,13,,1162993,28,,,1,10,,1162975,18,,,1,5,,1162999,28,,,1,12,,1162965,28,,,1,58,,1162986,28,,,1,16,,1005990,28,,,1,14,,1162973,28,,,1,15,,1163000,28,,,1,57,,1003156,28,,,1,15,,1162970,28,,,1,14,,1162995,28,,,1,15,,1162976,28,,,1,56,,1163004,28,,,1,15,,1162994,28,,,1,15,,1162979,28,,,1,55,,1096134,28,,,1,14,,1088158,28,,,1,15,,1163006,28,,,1,15,,1162981,28,,,1,15,,1162992,28,,,1,55,,1162998,28,,,1,15,,1005233,28,,,1,15,,1098140,28,,,1,15,,1162985,28,,,1,55,,1162977,28,,,1,15,,1162980,28,,,1,15,,1162978,28,,,1,15,,1162972,28,,,1,55,,1162974,28,,,1,15,,1162997,28,,,1,15,,1162988,28,,,1,15,,1162982,28,,,1,55,,1162966,28,,,1,15,,1062140,28,,,1,16,,1162968,28,,,1,55,,1072344,28,,,1,15,,1072632,28,,,1,17,,1162969,28,,,1,16,,1162987,28,,,1,57,,1162964,28,,,1,13,,1163008,28,,,1,15,,1162984,28,,,1,15,,1162989,28,,,1,55,,1163007,28,,,1,15,,1089226,28,,,1,15,,1046245,28,,,1,68,,1163001,28,,,1,26,,1162990,28,,,1,30,,1163002,28,,,1,70,,1163005,28,,,1,30,,1163003,28,,,1,70,,1162963,28,,,1,30,,1162971,28,,,1
7401,'10',616,,1103734,28,,,1,24,,1163014,28,,,1,18,,1163056,28,,,1,57,,1163030,28,,,1,13,,1163040,28,,,1,10,,1163022,18,,,1,5,,1163046,28,,,1,12,,1163012,28,,,1,58,,1163033,28,,,1,16,,1006087,28,,,1,14,,1163020,28,,,1,15,,1163047,28,,,1,57,,1003233,28,,,1,15,,1163017,28,,,1,14,,1163042,28,,,1,15,,1163023,28,,,1,56,,1163051,28,,,1,15,,1163041,28,,,1,15,,1163026,28,,,1,55,,1095991,28,,,1,14,,1087750,28,,,1,15,,1163053,28,,,1,15,,1163028,28,,,1,15,,1163039,28,,,1,55,,1163045,28,,,1,15,,1005327,28,,,1,15,,1097990,28,,,1,15,,1163032,28,,,1,55,,1163024,28,,,1,15,,1163027,28,,,1,15,,1163025,28,,,1,15,,1163019,28,,,1,55,,1163021,28,,,1,15,,1163044,28,,,1,15,,1163035,28,,,1,15,,1163029,28,,,1,55,,1163013,28,,,1,15,,1061907,28,,,1,16,,1163015,28,,,1,55,,1072198,28,,,1,15,,1072485,28,,,1,17,,1163016,28,,,1,16,,1163034,28,,,1,57,,1163011,28,,,1,13,,1163055,28,,,1,15,,1163031,28,,,1,15,,1163036,28,,,1,55,,1163054,28,,,1,15,,1089031,28,,,1,15,,1046333,28,,,1,68,,1163048,28,,,1,26,,1163037,28,,,1,30,,1163049,28,,,1,70,,1163052,28,,,1,30,,1163050,28,,,1,70,,1163010,28,,,1,30,,1163018,28,,,1
7401,'11',616,,1103770,28,,,1,24,,1163061,28,,,1,18,,1163103,28,,,1,57,,1163077,28,,,1,13,,1163087,28,,,1,10,,1163069,18,,,1,5,,1163093,28,,,1,12,,1163059,28,,,1,58,,1163080,28,,,1,16,,1005960,28,,,1,14,,1163067,28,,,1,15,,1163094,28,,,1,57,,1003136,28,,,1,15,,1163064,28,,,1,14,,1163089,28,,,1,15,,1163070,28,,,1,56,,1163098,28,,,1,15,,1163088,28,,,1,15,,1163073,28,,,1,55,,1096177,28,,,1,14,,1088270,28,,,1,15,,1163100,28,,,1,15,,1163075,28,,,1,15,,1163086,28,,,1,55,,1163092,28,,,1,15,,1005205,28,,,1,15,,1098185,28,,,1,15,,1163079,28,,,1,55,,1163071,28,,,1,15,,1163074,28,,,1,15,,1163072,28,,,1,15,,1163066,28,,,1,55,,1163068,28,,,1,15,,1163091,28,,,1,15,,1163082,28,,,1,15,,1163076,28,,,1,55,,1163060,28,,,1,15,,1062215,28,,,1,16,,1163062,28,,,1,55,,1072380,28,,,1,15,,1072673,28,,,1,17,,1163063,28,,,1,16,,1163081,28,,,1,57,,1163058,28,,,1,13,,1163102,28,,,1,15,,1163078,28,,,1,15,,1163083,28,,,1,55,,1163101,28,,,1,15,,1089281,28,,,1,15,,1046219,28,,,1,68,,1163095,28,,,1,26,,1163084,28,,,1,30,,1163096,28,,,1,70,,1163099,28,,,1,30,,1163097,28,,,1,70,,1163057,28,,,1,30,,1163065,28,,,1
7401,'12',616,,1163144,28,,,1,24,,1163150,28,,,1,18,,1163143,28,,,1,57,,1163129,28,,,1,13,,1163154,28,,,1,10,,1163106,18,,,1,5,,1163122,28,,,1,12,,1163148,28,,,1,58,,1163125,28,,,1,16,,1163132,28,,,1,14,,1163112,28,,,1,15,,1163113,28,,,1,57,,1163114,28,,,1,15,,1163120,28,,,1,14,,1163109,28,,,1,15,,1163108,28,,,1,56,,1163121,28,,,1,15,,1163141,28,,,1,15,,1163118,28,,,1,55,,1163124,28,,,1,14,,1163158,28,,,1,15,,1163140,28,,,1,15,,1163135,28,,,1,15,,1163119,28,,,1,55,,1163151,28,,,1,15,,1163138,28,,,1,15,,1096372,28,,,1,15,,1163115,28,,,1,55,,1163137,28,,,1,15,,1020172,28,,,1,15,,1163128,28,,,1,15,,1163123,28,,,1,55,,1163117,28,,,1,15,,1163156,28,,,1,15,,1163126,28,,,1,15,,1163133,28,,,1,55,,1070267,28,,,1,15,,1038829,28,,,1,16,,1163110,28,,,1,55,,1163107,28,,,1,15,,1163155,28,,,1,17,,1163127,28,,,1,16,,1163146,28,,,1,57,,1163104,28,,,1,13,,1163153,28,,,1,15,,1163152,28,,,1,15,,1163149,28,,,1,55,,1163147,28,,,1,15,,1163105,28,,,1,15,,1163159,28,,,1,68,,1163142,28,,,1,26,,1163139,28,,,1,30,,1163145,28,,,1,70,,1163130,28,,,1,30,,1163136,28,,,1,70,,1163116,28,,,1,30,,1163134,28,,,1
7401,'13',1008,,1163182,28,,,1,31,,1163172,28,,,1,70,,1163177,28,,,1,30,,1163161,28,,,1,70,,1163170,28,,,1,30,,1163184,28,,,1,70,,1163171,28,,,1,30,,1163167,28,,,1,70,,1163168,28,,,1,30,,1163179,28,,,1,70,,1163181,28,,,1,30,,1163183,28,,,1,70,,1163166,28,,,1,29,,1163174,28,,,1,70,,1163164,28,,,1
7401,'14',616,,1163192,28,,,1,24,,1163191,28,,,1,18,,1163242,28,,,1,57,,1163212,28,,,1,13,,1163222,28,,,1,10,,1163203,18,,,1,5,,1163228,28,,,1,12,,1163187,28,,,1,58,,1163215,28,,,1,16,,1163194,28,,,1,14,,1163201,28,,,1,15,,1163229,28,,,1,57,,1163188,28,,,1,15,,1163198,28,,,1,14,,1163224,28,,,1,15,,1163204,28,,,1,56,,1163234,28,,,1,15,,1163223,28,,,1,15,,1163207,28,,,1,55,,1163237,28,,,1,14,,1163239,28,,,1,15,,1163236,28,,,1,15,,1163209,28,,,1,15,,1163221,28,,,1,55,,1163227,28,,,1,15,,1163244,28,,,1,15,,1163195,28,,,1,15,,1163214,28,,,1,55,,1163205,28,,,1,15,,1163208,28,,,1,15,,1163206,28,,,1,15,,1163200,28,,,1,55,,1163202,28,,,1,15,,1163226,28,,,1,15,,1163217,28,,,1,15,,1163211,28,,,1,55,,1163190,28,,,1,15,,1163231,28,,,1,16,,1163193,28,,,1,55,,1163189,28,,,1,15,,1163241,28,,,1,17,,1163196,28,,,1,16,,1163216,28,,,1,57,,1163186,28,,,1,13,,1163240,28,,,1,15,,1163213,28,,,1,15,,1163218,28,,,1,55,,1163238,28,,,1,15,,1163243,28,,,1,15,,1163197,28,,,1,68,,1163230,28,,,1,26,,1163219,28,,,1,30,,1163232,28,,,1,70,,1163235,28,,,1,30,,1163233,28,,,1,70,,1163185,28,,,1,30,,1163199,28,,,1
7401,'15',616,,1163265,28,,,1,24,,1163295,28,,,1,18,,1163268,28,,,1,57,,1163288,28,,,1,13,,1163256,28,,,1,10,,1163260,18,,,1,5,,1163247,28,,,1,12,,1163274,28,,,1,58,,1163250,28,,,1,16,,1163246,28,,,1,14,,1163266,28,,,1,15,,1163280,28,,,1,57,,1163302,28,,,1,15,,1163248,28,,,1,14,,1163262,28,,,1,15,,1163301,28,,,1,56,,1163267,28,,,1,15,,1163272,28,,,1,15,,1163275,28,,,1,55,,1163303,28,,,1,14,,1163277,28,,,1,15,,1163289,28,,,1,15,,1163285,28,,,1,15,,1163251,28,,,1,55,,1163279,28,,,1,15,,1163278,28,,,1,15,,1163254,28,,,1,15,,1163264,28,,,1,55,,1163263,28,,,1,15,,1163249,28,,,1,15,,1163294,28,,,1,15,,1163257,28,,,1,55,,1163292,28,,,1,15,,1163283,28,,,1,15,,1163287,28,,,1,15,,1163253,28,,,1,55,,1163276,28,,,1,15,,1163300,28,,,1,16,,1163269,28,,,1,55,,1163252,28,,,1,15,,1163290,28,,,1,17,,1163261,28,,,1,16,,1163258,28,,,1,57,,1163270,28,,,1,13,,1163284,28,,,1,15,,1163281,28,,,1,15,,1163282,28,,,1,55,,1163298,28,,,1,15,,1163291,28,,,1,15,,1163286,28,,,1,68,,1163296,28,,,1,26,,1163304,28,,,1,30,,1163297,28,,,1,70,,1163259,28,,,1,30,,1163273,28,,,1,70,,1163255,28,,,1,30,,1163293,28,,,1
7401,'16',616,,1163338,28,,,1,24,,1163344,28,,,1,18,,1163337,28,,,1,57,,1163323,28,,,1,13,,1163347,28,,,1,10,,1087593,18,,,1,5,,1163317,28,,,1,12,,1163342,28,,,1,58,,1163319,28,,,1,16,,1163326,28,,,1,14,,1074546,28,,,1,15,,1052153,28,,,1,57,,1163310,28,,,1,15,,1163315,28,,,1,14,,1163309,28,,,1,15,,1071304,28,,,1,56,,1163316,28,,,1,15,,1163335,28,,,1,15,,1163313,28,,,1,55,,1163318,28,,,1,14,,1095937,28,,,1,15,,1163334,28,,,1,15,,1163329,28,,,1,15,,1163314,28,,,1,55,,1163345,28,,,1,15,,1163332,28,,,1,15,,1163308,28,,,1,15,,1037978,28,,,1,55,,1163331,28,,,1,15,,1163346,28,,,1,15,,1163322,28,,,1,15,,1079880,28,,,1,55,,1163312,28,,,1,15,,1163349,28,,,1,15,,1163320,28,,,1,15,,1163327,28,,,1,55,,1163306,28,,,1,15,,1163350,28,,,1,16,,1070967,28,,,1,55,,1163307,28,,,1,15,,1163348,28,,,1,17,,1163321,28,,,1,16,,1163340,28,,,1,57,,1163305,28,,,1,13,,1090515,28,,,1,15,,1052155,28,,,1,15,,1163343,28,,,1,55,,1163341,28,,,1,15,,1064133,28,,,1,15,,1163351,28,,,1,68,,1163336,28,,,1,26,,1163333,28,,,1,30,,1163339,28,,,1,70,,1163324,28,,,1,30,,1163330,28,,,1,70,,1163311,28,,,1,30,,1163328,28,,,1
7401,'17',1008,,1163375,28,,,1,31,,1163365,28,,,1,70,,1163370,28,,,1,30,,1163354,28,,,1,70,,1163363,28,,,1,30,,1163377,28,,,1,70,,1163364,28,,,1,30,,1163360,28,,,1,70,,1163361,28,,,1,30,,1163372,28,,,1,70,,1163374,28,,,1,30,,1163376,28,,,1,70,,1163359,28,,,1,29,,1163367,28,,,1,70,,1163357,28,,,1
7401,'2',829,,1163396,28,,,1,71,,1163403,28,,,1,30,,1163383,28,,,1,71,,1163382,28,,,1,31,,1163398,28,,,1,70,,1163391,28,,,1,30,,1163399,28,,,1,70,,1017152,28,,,1,30,,1163385,28,,,1,70,,1163390,28,,,1,30,,1163388,28,,,1,70,,1163380,28,,,1,30,,1163381,28,,,1,70,,1163393,28,,,1,30,,1163408,28,,,1,70,,1163407,28,,,1,29,,1163378,28,,,1,70,,1163404,28,,,1,28,,1163401,28,,,1,30,,1098245,28,,,1,70,,1163397,28,,,1,30,,1163402,28,,,1,70,,1163386,28,,,1,30,,1163379,28,,,1,70,,1163387,28,,,1,30,,1063375,28,,,1
7401,'3',1008,,1163432,28,,,1,31,,1163422,28,,,1,70,,1163427,28,,,1,30,,1163411,28,,,1,70,,1163420,28,,,1,30,,1163434,28,,,1,70,,1163421,28,,,1,30,,1163417,28,,,1,70,,1163418,28,,,1,30,,1163429,28,,,1,70,,1163431,28,,,1,30,,1163433,28,,,1,70,,1163416,28,,,1,29,,1163424,28,,,1,70,,1163414,28,,,1
7401,'4',1008,,1163447,28,,,1,31,,1163455,28,,,1,70,,1163454,28,,,1,30,,1163437,28,,,1,70,,1163435,28,,,1,30,,1163456,28,,,1,70,,1163459,28,,,1,30,,1163443,28,,,1,70,,1163439,28,,,1,30,,1163440,28,,,1,70,,1163444,28,,,1,30,,1163438,28,,,1,70,,1163441,28,,,1,29,,1163446,28,,,1,70,,1163449,28,,,1
7401,'5',616,,1103752,28,,,1,24,,1163464,28,,,1,18,,1163506,28,,,1,57,,1163480,28,,,1,13,,1163490,28,,,1,10,,1163472,18,,,1,5,,1163496,28,,,1,12,,1163462,28,,,1,58,,1163483,28,,,1,16,,1005819,28,,,1,14,,1163470,28,,,1,15,,1163497,28,,,1,57,,1003046,28,,,1,15,,1163467,28,,,1,14,,1163492,28,,,1,15,,1163473,28,,,1,56,,1163501,28,,,1,15,,1163491,28,,,1,15,,1163476,28,,,1,55,,1096114,28,,,1,14,,1088097,28,,,1,15,,1163503,28,,,1,15,,1163478,28,,,1,15,,1163489,28,,,1,55,,1163495,28,,,1,15,,1005070,28,,,1,15,,1098118,28,,,1,15,,1163482,28,,,1,55,,1163474,28,,,1,15,,1163477,28,,,1,15,,1163475,28,,,1,15,,1163469,28,,,1,55,,1163471,28,,,1,15,,1163494,28,,,1,15,,1163485,28,,,1,15,,1163479,28,,,1,55,,1163463,28,,,1,15,,1062092,28,,,1,16,,1163465,28,,,1,55,,1072323,28,,,1,15,,1072610,28,,,1,17,,1163466,28,,,1,16,,1163484,28,,,1,57,,1163461,28,,,1,13,,1163505,28,,,1,15,,1163481,28,,,1,15,,1163486,28,,,1,55,,1163504,28,,,1,15,,1089188,28,,,1,15,,1046091,28,,,1,68,,1163498,28,,,1,26,,1163487,28,,,1,30,,1163499,28,,,1,70,,1163502,28,,,1,30,,1163500,28,,,1,70,,1163460,28,,,1,30,,1163468,28,,,1
7401,'6',616,,1163546,28,,,1,24,,1163551,28,,,1,18,,1163545,28,,,1,57,,1163531,28,,,1,13,,1163556,28,,,1,10,,1163509,18,,,1,5,,1163524,28,,,1,12,,1163549,28,,,1,58,,1163527,28,,,1,16,,1163534,28,,,1,14,,1163515,28,,,1,15,,1163516,28,,,1,57,,965696,28,,,1,15,,1163522,28,,,1,14,,1103028,28,,,1,15,,1163511,28,,,1,56,,1163523,28,,,1,15,,1163543,28,,,1,15,,1163520,28,,,1,55,,1163526,28,,,1,14,,1163559,28,,,1,15,,1163542,28,,,1,15,,1163537,28,,,1,15,,1163521,28,,,1,55,,1163552,28,,,1,15,,1163540,28,,,1,15,,1163512,28,,,1,15,,1163517,28,,,1,55,,1163539,28,,,1,15,,1163553,28,,,1,15,,1163530,28,,,1,15,,1163525,28,,,1,55,,1163519,28,,,1,15,,1014334,28,,,1,15,,1163528,28,,,1,15,,1163535,28,,,1,55,,1163510,28,,,1,15,,1163557,28,,,1,16,,1163513,28,,,1,55,,1082497,28,,,1,15,,1082715,28,,,1,17,,1163529,28,,,1,16,,1163548,28,,,1,57,,1163507,28,,,1,13,,1163555,28,,,1,15,,1163554,28,,,1,15,,1163550,28,,,1,55,,1004987,28,,,1,15,,1163508,28,,,1,15,,1097596,28,,,1,68,,1163544,28,,,1,26,,1163541,28,,,1,30,,1163547,28,,,1,70,,1163532,28,,,1,30,,1163538,28,,,1,70,,1163518,28,,,1,30,,1163536,28,,,1
7401,'7',829,,1163588,28,,,1,71,,1163581,28,,,1,30,,1163586,28,,,1,71,,1163569,28,,,1,31,,1163579,28,,,1,70,,1163563,28,,,1,30,,1163580,28,,,1,70,,1163592,28,,,1,30,,1163585,28,,,1,70,,1163571,28,,,1,30,,1163566,28,,,1,70,,1163593,28,,,1,30,,1163583,28,,,1,70,,1163590,28,,,1,30,,1163561,28,,,1,70,,1163584,28,,,1,29,,1163564,28,,,1,70,,1163576,28,,,1,28,,1163567,28,,,1,30,,1163589,28,,,1,70,,1163587,28,,,1,30,,1163582,28,,,1,70,,1163562,28,,,1,30,,1163577,28,,,1,70,,1163591,28,,,1,30,,1163575,28,,,1
7401,'8',616,,1163636,28,,,1,24,,1163642,28,,,1,18,,1163635,28,,,1,57,,1163621,28,,,1,13,,1163647,28,,,1,10,,1163596,18,,,1,5,,1163614,28,,,1,12,,1163640,28,,,1,58,,1163617,28,,,1,16,,1163624,28,,,1,14,,1163604,28,,,1,15,,1163605,28,,,1,57,,1163606,28,,,1,15,,1163612,28,,,1,14,,1163601,28,,,1,15,,1163599,28,,,1,56,,1163613,28,,,1,15,,1163633,28,,,1,15,,1163610,28,,,1,55,,1163616,28,,,1,14,,1163652,28,,,1,15,,1163632,28,,,1,15,,1163627,28,,,1,15,,1163611,28,,,1,55,,1163643,28,,,1,15,,1163630,28,,,1,15,,1163600,28,,,1,15,,1163607,28,,,1,55,,1163629,28,,,1,15,,1163644,28,,,1,15,,1163620,28,,,1,15,,1163615,28,,,1,55,,1163609,28,,,1,15,,1163649,28,,,1,15,,1163618,28,,,1,15,,1163625,28,,,1,55,,1163597,28,,,1,15,,1163650,28,,,1,16,,1163602,28,,,1,55,,1163598,28,,,1,15,,1163648,28,,,1,17,,1163619,28,,,1,16,,1163638,28,,,1,57,,1163594,28,,,1,13,,1163646,28,,,1,15,,1163645,28,,,1,15,,1163641,28,,,1,55,,1163639,28,,,1,15,,1163595,28,,,1,15,,1163653,28,,,1,68,,1163634,28,,,1,26,,1163631,28,,,1,30,,1163637,28,,,1,70,,1163622,28,,,1,30,,1163628,28,,,1,70,,1163608,28,,,1,30,,1163626,28,,,1
7401,'9',616,,1103743,28,,,1,24,,1163658,28,,,1,18,,1163700,28,,,1,57,,1163674,28,,,1,13,,1163684,28,,,1,10,,1163666,18,,,1,5,,1163690,28,,,1,12,,1163656,28,,,1,58,,1163677,28,,,1,16,,1006020,28,,,1,14,,1163664,28,,,1,15,,1163691,28,,,1,57,,1003176,28,,,1,15,,1163661,28,,,1,14,,1163686,28,,,1,15,,1163667,28,,,1,56,,1163695,28,,,1,15,,1163685,28,,,1,15,,1163670,28,,,1,55,,1096037,28,,,1,14,,1087880,28,,,1,15,,1163697,28,,,1,15,,1163672,28,,,1,15,,1163683,28,,,1,55,,1163689,28,,,1,15,,1005261,28,,,1,15,,1098034,28,,,1,15,,1163676,28,,,1,55,,1163668,28,,,1,15,,1163671,28,,,1,15,,1163669,28,,,1,15,,1163663,28,,,1,55,,1163665,28,,,1,15,,1163688,28,,,1,15,,1163679,28,,,1,15,,1163673,28,,,1,55,,1163657,28,,,1,15,,1061981,28,,,1,16,,1163659,28,,,1,55,,1072245,28,,,1,15,,1072533,28,,,1,17,,1163660,28,,,1,16,,1163678,28,,,1,57,,1163655,28,,,1,13,,1163699,28,,,1,15,,1163675,28,,,1,15,,1163680,28,,,1,55,,1163698,28,,,1,15,,1089094,28,,,1,15,,1046271,28,,,1,68,,1163692,28,,,1,26,,1163681,28,,,1,30,,1163693,28,,,1,70,,1163696,28,,,1,30,,1163694,28,,,1,70,,1163654,28,,,1,30,,1163662,28,,,1
7500,'1',344,,1060869,13,,,1,66,,1089192,13,,,1,30,,1022446,13,0,15 16,1,74,,1163712,13,0,15 16,1,28,,1163703,13,0,15 16,1,15,,1163747,13,0,15 16,1,59,,1163710,34,0,15 16,1,14,,1163708,13,0,15 16,1,15,,1163715,34,0,15 16,1,14,,1163765,13,0,15 16,1,45,,1163704,13,0,15 16,1,5,,1163741,13,0,15 16,1,6,,1163742,34,0,15 16,1,10,,1163746,13,0,15 16,1,5,,1163701,34,0,15 16,1,7,,1163768,13,0,15 16,1,4,,1163702,13,0,15 16,1,9,,1163759,34,0,15 16,1,2,,1163767,13,0,15 16,1,3,,1163707,13,0,15 16,1,48,,1047250,13,0,15 16,1,10,,1069815,34,0,15 16,1,7,,1163705,13,4,,1,2,,1163714,13,0,15 16,1,5,,1163758,13,0,15 16,1,8,,1163750,34,0,15 16,1,23,,1163731,34,0,15 16,1,53,,1163729,34,0,15 16,1,15,,1163711,34,0,15 16,1,16,,1163709,34,0,15 16,1,15,,1163762,34,0,15 16,1,54,,1163740,34,0,15 16,1,15,,1163754,34,0,15 16,1,14,,1163771,34,0,15 16,1,15,,1163720,34,0,15 16,1,55,,1163775,34,0,15 16,1,15,,1163772,34,0,15 16,1,15,,1092911,34,0,15 16,1,15,,1163734,34,0,15 16,1,55,,1163730,34,0,15 16,1,15,,1163738,34,0,15 16,1,15,,1163753,34,0,15 16,1,15,,936910,34,0,15 16,1,55,,1078317,34,0,15 16,1,16,,1163725,13,0,15 16,1,14,,1163779,34,0,15 16,1,17,,1163749,13,0,15 16,1,54,,1163761,34,0,15 16,1,16,,1163756,13,0,15 16,1,15,,1163744,34,0,15 16,1,15,,1163716,13,0,15 16,1,55,,1163745,34,0,15 16,1,17,,1003385,13,0,15 16,1,16,,1163733,34,0,15 16,1,59,,1163743,13,0,15 16,1,18,,1163727,34,0,15 16,1,13,,1163722,13,0,15 16,1,14,,1163776,34,0,15 16,1,54,,1163755,13,0,15 16,1,14,,1163713,34,0,15 16,1,15,,1163718,13,0,15 16,1,16,,1079845,34,0,15 16,1,11,,1163732,13,0,15 16,1,53,,1163766,34,0,15 16,1,15,,1163777,13,0,15 16,1,13,,1163735,34,0,15 16,1,17,,1163751,13,0,15 16,1,55,,1163706,34,0,15 16,1,17,,1163774,13,0,15 16,1,17,,1163737,34,0,15 16,1,57,,1163724,13,0,15 16,1,15,,1163728,34,0,15 16,1,19,,1163736,13,0,15 16,1,12,,1163717,34,0,15 16,1,56,,1163721,13,0,15 16,1,17,,1163764,34,0,15 16,1,14,,1163723,13,0,15 16,1,13,,1163748,34,0,15 16,1,56,,1163757,13,0,15 16,1,16,,977867,34,0,15 16,1,12,,1163760,13,0,15 16,1,18,,1163778,34,0,15 16,1,52,,1092858,13,0,15 16,1,14,,1163770,34,0,15 16,1,21,,1163773,13,0,15 16,1,70,,1163769,13,0,15 16,1,30,,1163739,13,,,1,69,,1163726,13,,,1,29,,1003826,13,,,1,69,,1163719,13,,,1,30,,1163763,13,,,1,80,,1163752,13,,,1
7500,'10',344,,1060875,13,,,1,66,,1088997,13,,,1,30,,1022573,13,0,15 16,1,74,,1163791,13,0,15 16,1,28,,1163782,13,0,15 16,1,15,,1163826,13,0,15 16,1,59,,1163789,34,0,15 16,1,14,,1163787,13,0,15 16,1,15,,1163794,34,0,15 16,1,14,,1163844,13,0,15 16,1,45,,1163783,13,0,15 16,1,5,,1163820,13,0,15 16,1,6,,1163821,34,0,15 16,1,10,,1163825,13,0,15 16,1,5,,1163780,34,0,15 16,1,7,,1163847,13,0,15 16,1,4,,1163781,13,0,15 16,1,9,,1163838,34,0,15 16,1,2,,1163846,13,0,15 16,1,3,,1163786,13,0,15 16,1,48,,1047431,13,0,15 16,1,10,,1069670,34,0,15 16,1,7,,1163784,13,4,,1,2,,1163793,13,0,15 16,1,5,,1163837,13,0,15 16,1,8,,1163829,34,0,15 16,1,23,,1163810,34,0,15 16,1,53,,1163808,34,0,15 16,1,15,,1163790,34,0,15 16,1,16,,1163788,34,0,15 16,1,15,,1163841,34,0,15 16,1,54,,1163819,34,0,15 16,1,15,,1163833,34,0,15 16,1,14,,1163850,34,0,15 16,1,15,,1163799,34,0,15 16,1,55,,1163854,34,0,15 16,1,15,,1163851,34,0,15 16,1,15,,1092593,34,0,15 16,1,15,,1163813,34,0,15 16,1,55,,1163809,34,0,15 16,1,15,,1163817,34,0,15 16,1,15,,1163832,34,0,15 16,1,15,,936528,34,0,15 16,1,55,,1078105,34,0,15 16,1,16,,1163804,13,0,15 16,1,14,,1163858,34,0,15 16,1,17,,1163828,13,0,15 16,1,54,,1163840,34,0,15 16,1,16,,1163835,13,0,15 16,1,15,,1163823,34,0,15 16,1,15,,1163795,13,0,15 16,1,55,,1163824,34,0,15 16,1,17,,1003461,13,0,15 16,1,16,,1163812,34,0,15 16,1,59,,1163822,13,0,15 16,1,18,,1163806,34,0,15 16,1,13,,1163801,13,0,15 16,1,14,,1163855,34,0,15 16,1,54,,1163834,13,0,15 16,1,14,,1163792,34,0,15 16,1,15,,1163797,13,0,15 16,1,16,,1079682,34,0,15 16,1,11,,1163811,13,0,15 16,1,53,,1163845,34,0,15 16,1,15,,1163856,13,0,15 16,1,13,,1163814,34,0,15 16,1,17,,1163830,13,0,15 16,1,55,,1163785,34,0,15 16,1,17,,1163853,13,0,15 16,1,17,,1163816,34,0,15 16,1,57,,1163803,13,0,15 16,1,15,,1163807,34,0,15 16,1,19,,1163815,13,0,15 16,1,12,,1163796,34,0,15 16,1,56,,1163800,13,0,15 16,1,17,,1163843,34,0,15 16,1,14,,1163802,13,0,15 16,1,13,,1163827,34,0,15 16,1,56,,1163836,13,0,15 16,1,16,,977670,34,0,15 16,1,12,,1163839,13,0,15 16,1,18,,1163857,34,0,15 16,1,52,,1092541,13,0,15 16,1,14,,1163849,34,0,15 16,1,21,,1163852,13,0,15 16,1,70,,1163848,13,0,15 16,1,30,,1163818,13,,,1,69,,1163805,13,,,1,29,,1003983,13,,,1,69,,1163798,13,,,1,30,,1163842,13,,,1,80,,1163831,13,,,1
7500,'11',344,,1060867,13,,,1,66,,1089247,13,,,1,30,,1022407,13,0,15 16,1,74,,1163870,13,0,15 16,1,28,,1163861,13,0,15 16,1,15,,1163905,13,0,15 16,1,59,,1163868,34,0,15 16,1,14,,1163866,13,0,15 16,1,15,,1163873,34,0,15 16,1,14,,1163923,13,0,15 16,1,45,,1163862,13,0,15 16,1,5,,1163899,13,0,15 16,1,6,,1163900,34,0,15 16,1,10,,1163904,13,0,15 16,1,5,,1163859,34,0,15 16,1,7,,1163926,13,0,15 16,1,4,,1163860,13,0,15 16,1,9,,1163917,34,0,15 16,1,2,,1163925,13,0,15 16,1,3,,1163865,13,0,15 16,1,48,,1047198,13,0,15 16,1,10,,1069859,34,0,15 16,1,7,,1163863,13,4,,1,2,,1163872,13,0,15 16,1,5,,1163916,13,0,15 16,1,8,,1163908,34,0,15 16,1,23,,1163889,34,0,15 16,1,53,,1163887,34,0,15 16,1,15,,1163869,34,0,15 16,1,16,,1163867,34,0,15 16,1,15,,1163920,34,0,15 16,1,54,,1163898,34,0,15 16,1,15,,1163912,34,0,15 16,1,14,,1163929,34,0,15 16,1,15,,1163878,34,0,15 16,1,55,,1163933,34,0,15 16,1,15,,1163930,34,0,15 16,1,15,,1093001,34,0,15 16,1,15,,1163892,34,0,15 16,1,55,,1163888,34,0,15 16,1,15,,1163896,34,0,15 16,1,15,,1163911,34,0,15 16,1,15,,936857,34,0,15 16,1,55,,1078379,34,0,15 16,1,16,,1163883,13,0,15 16,1,14,,1163937,34,0,15 16,1,17,,1163907,13,0,15 16,1,54,,1163919,34,0,15 16,1,16,,1163914,13,0,15 16,1,15,,1163902,34,0,15 16,1,15,,1163874,13,0,15 16,1,55,,1163903,34,0,15 16,1,17,,1003362,13,0,15 16,1,16,,1163891,34,0,15 16,1,59,,1163901,13,0,15 16,1,18,,1163885,34,0,15 16,1,13,,1163880,13,0,15 16,1,14,,1163934,34,0,15 16,1,54,,1163913,13,0,15 16,1,14,,1163871,34,0,15 16,1,15,,1163876,13,0,15 16,1,16,,1079891,34,0,15 16,1,11,,1163890,13,0,15 16,1,53,,1163924,34,0,15 16,1,15,,1163935,13,0,15 16,1,13,,1163893,34,0,15 16,1,17,,1163909,13,0,15 16,1,55,,1163864,34,0,15 16,1,17,,1163932,13,0,15 16,1,17,,1163895,34,0,15 16,1,57,,1163882,13,0,15 16,1,15,,1163886,34,0,15 16,1,19,,1163894,13,0,15 16,1,12,,1163875,34,0,15 16,1,56,,1163879,13,0,15 16,1,17,,1163922,34,0,15 16,1,14,,1163881,13,0,15 16,1,13,,1163906,34,0,15 16,1,56,,1163915,13,0,15 16,1,16,,977826,34,0,15 16,1,12,,1163918,13,0,15 16,1,18,,1163936,34,0,15 16,1,52,,1092948,13,0,15 16,1,14,,1163928,34,0,15 16,1,21,,1163931,13,0,15 16,1,70,,1163927,13,0,15 16,1,30,,1163897,13,,,1,69,,1163884,13,,,1,29,,1003778,13,,,1,69,,1163877,13,,,1,30,,1163921,13,,,1,80,,1163910,13,,,1
7500,'12',344,,1163952,13,,,1,66,,1163949,13,,,1,30,,1163951,13,0,15 16,1,74,,1164014,13,0,15 16,1,28,,1164006,13,0,15 16,1,15,,1164013,13,0,15 16,1,59,,1164007,34,0,15 16,1,14,,1164004,13,0,15 16,1,15,,1163984,34,0,15 16,1,14,,1164015,13,0,15 16,1,45,,1163942,13,0,15 16,1,5,,1163965,13,0,15 16,1,6,,1163995,34,0,15 16,1,10,,1163955,13,0,15 16,1,5,,1163957,34,0,15 16,1,7,,1163974,13,0,15 16,1,4,,1163989,13,0,15 16,1,9,,1163972,34,0,15 16,1,2,,1068290,13,0,15 16,1,3,,1099000,13,0,15 16,1,48,,1163985,13,0,15 16,1,10,,1163997,34,0,15 16,1,7,,1163993,13,4,,1,2,,1164008,13,0,15 16,1,5,,1163966,13,0,15 16,1,8,,1163996,34,0,15 16,1,23,,1163983,34,0,15 16,1,53,,1164011,34,0,15 16,1,15,,1164022,34,0,15 16,1,16,,1164016,34,0,15 16,1,15,,1163954,34,0,15 16,1,54,,1164020,34,0,15 16,1,15,,1163994,34,0,15 16,1,14,,1163962,34,0,15 16,1,15,,1163968,34,0,15 16,1,55,,1163939,34,0,15 16,1,15,,1163941,34,0,15 16,1,15,,1163967,34,0,15 16,1,15,,1164021,34,0,15 16,1,55,,1163998,34,0,15 16,1,15,,1163948,34,0,15 16,1,15,,1034234,34,0,15 16,1,15,,1164019,34,0,15 16,1,55,,1164012,34,0,15 16,1,16,,1163943,13,0,15 16,1,14,,1058959,34,0,15 16,1,17,,1163973,13,0,15 16,1,54,,1163958,34,0,15 16,1,16,,1164017,13,0,15 16,1,15,,1163959,34,0,15 16,1,15,,1163945,13,0,15 16,1,55,,1163979,34,0,15 16,1,17,,1163980,13,0,15 16,1,16,,1007706,34,0,15 16,1,59,,1164000,13,0,15 16,1,18,,1163987,34,0,15 16,1,13,,1163963,13,0,15 16,1,14,,1163960,34,0,15 16,1,54,,1163964,13,0,15 16,1,14,,1164018,34,0,15 16,1,15,,1164005,13,0,15 16,1,16,,1164003,34,0,15 16,1,11,,1163991,13,0,15 16,1,53,,1163977,34,0,15 16,1,15,,1163976,13,0,15 16,1,13,,1163969,34,0,15 16,1,17,,1163946,13,0,15 16,1,55,,1163988,34,0,15 16,1,17,,1057163,13,0,15 16,1,17,,1163971,34,0,15 16,1,57,,1163990,13,0,15 16,1,15,,1163953,34,0,15 16,1,19,,1163956,13,0,15 16,1,12,,1163938,34,0,15 16,1,56,,1163981,13,0,15 16,1,17,,1164009,34,0,15 16,1,14,,1163986,13,0,15 16,1,13,,1164002,34,0,15 16,1,56,,1163975,13,0,15 16,1,16,,1163999,34,0,15 16,1,12,,1164010,13,0,15 16,1,18,,1163992,34,0,15 16,1,52,,1163978,13,0,15 16,1,14,,1080683,34,0,15 16,1,21,,1163982,13,0,15 16,1,70,,1163961,13,0,15 16,1,30,,1163947,13,,,1,69,,1164001,13,,,1,29,,1163940,13,,,1,69,,1163944,13,,,1,30,,1163970,13,,,1,80,,1163950,13,,,1
7500,'13',347,,1164077,13,,,1,71,,1164023,13,,,1,30,,1164071,13,,,1,70,,1164080,13,,,1,30,,1164079,13,,,1,70,,1164058,13,,,1,30,,1164027,13,,,1,60,,1164031,13,,,1,26,,1164044,34,0,15 16,1,70,,1164083,13,0,15 16,1,30,,1087953,34,0,15 16,1,15,,1164057,13,0,15 16,1,55,,1164047,13,0,15 16,1,15,,1164038,13,0,15 16,1,15,,1070818,34,0,15 16,1,15,,1164040,13,0,15 16,1,55,,1164043,34,0,15 16,1,16,,1164037,13,0,15 16,1,15,,1164059,34,0,15 16,1,15,,1164035,13,0,15 16,1,55,,1164084,34,0,15 16,1,15,,1164072,13,0,15 16,1,15,,1164060,34,0,15 16,1,15,,1164078,13,0,15 16,1,55,,1164054,34,0,15 16,1,15,,1164049,13,0,15 16,1,15,,1164070,34,0,15 16,1,15,,1164036,13,0,15 16,1,55,,1063946,34,0,15 16,1,15,,1164075,13,0,15 16,1,15,,1164064,34,0,15 16,1,15,,1164089,13,0,15 16,1,55,,1164062,34,0,15 16,1,15,,1094023,13,0,15 16,1,15,,1164081,34,0,15 16,1,15,,1164042,13,0,15 16,1,55,,1164024,34,0,15 16,1,15,,1164025,13,0,15 16,1,15,,1164068,34,0,15 16,1,15,,1164041,13,0,15 16,1,55,,1164061,34,0,15 16,1,15,,1164050,13,0,15 16,1,15,,1164039,34,0,15 16,1,15,,1164069,13,0,15 16,1,53,,1164034,34,0,15 16,1,17,,1164029,13,0,15 16,1,15,,1164091,34,0,15 16,1,15,,1164065,13,0,15 16,1,55,,1055841,34,0,15 16,1,15,,1164082,13,0,15 16,1,15,,1164048,34,0,15 16,1,15,,1067251,13,0,15 16,1,55,,1164052,13,0,15 16,1,15,,1164053,13,0,15 16,1,15,,1164046,34,0,15 16,1,15,,1164073,13,0,15 16,1,55,,1164074,13,0,15 16,1,15,,1164056,13,0,15 16,1,15,,1164051,13,0,15 16,1,15,,1164055,13,0,15 16,1,55,,1164028,13,0,15 16,1,15,,1164063,13,0,15 16,1,15,,1164026,13,0,15 16,1,15,,1164033,13,0,15 16,1,55,,1164088,13,0,15 16,1,14,,1164066,13,0,15 16,1,15,,1164067,13,0,15 16,1,15,,1164030,13,,,1,70,,1164085,13,,,1,30,,1164045,13,,,1,70,,1164032,13,,,1,30,,993894,13,,,1,70,,1164090,13,,,1,30,,1164076,13,,,1,70,,1164087,13,,,1,30,,1164086,13,,,1
7500,'14',344,,1164159,13,,,1,66,,1164096,13,,,1,30,,1164092,13,0,15 16,1,74,,1164109,13,0,15 16,1,28,,1164097,13,0,15 16,1,15,,1164144,13,0,15 16,1,59,,1164105,34,0,15 16,1,14,,1164103,13,0,15 16,1,15,,1164112,34,0,15 16,1,14,,1164163,13,0,15 16,1,45,,1164098,13,0,15 16,1,5,,1164138,13,0,15 16,1,6,,1164139,34,0,15 16,1,10,,1164143,13,0,15 16,1,5,,1164093,34,0,15 16,1,7,,1164166,13,0,15 16,1,4,,1164095,13,0,15 16,1,9,,1164156,34,0,15 16,1,2,,1164165,13,0,15 16,1,3,,1164102,13,0,15 16,1,48,,1164101,13,0,15 16,1,10,,1164106,34,0,15 16,1,7,,1164099,13,4,,1,2,,1164111,13,0,15 16,1,5,,1164155,13,0,15 16,1,8,,1164147,34,0,15 16,1,23,,1164128,34,0,15 16,1,53,,1164126,34,0,15 16,1,15,,1164108,34,0,15 16,1,16,,1164104,34,0,15 16,1,15,,1164160,34,0,15 16,1,54,,1164137,34,0,15 16,1,15,,1164151,34,0,15 16,1,14,,1164169,34,0,15 16,1,15,,1164117,34,0,15 16,1,55,,1164174,34,0,15 16,1,15,,1164170,34,0,15 16,1,15,,1164182,34,0,15 16,1,15,,1164131,34,0,15 16,1,55,,1164127,34,0,15 16,1,15,,1164135,34,0,15 16,1,15,,1164150,34,0,15 16,1,15,,1164178,34,0,15 16,1,55,,1164173,34,0,15 16,1,16,,1164122,13,0,15 16,1,14,,1164183,34,0,15 16,1,17,,1164146,13,0,15 16,1,54,,1164158,34,0,15 16,1,16,,1164153,13,0,15 16,1,15,,1164141,34,0,15 16,1,15,,1164113,13,0,15 16,1,55,,1164142,34,0,15 16,1,17,,1164175,13,0,15 16,1,16,,1164130,34,0,15 16,1,59,,1164140,13,0,15 16,1,18,,1164124,34,0,15 16,1,13,,1164119,13,0,15 16,1,14,,1164177,34,0,15 16,1,54,,1164152,13,0,15 16,1,14,,1164110,34,0,15 16,1,15,,1164115,13,0,15 16,1,16,,1164107,34,0,15 16,1,11,,1164129,13,0,15 16,1,53,,1164164,34,0,15 16,1,15,,1164179,13,0,15 16,1,13,,1164132,34,0,15 16,1,17,,1164148,13,0,15 16,1,55,,1164100,34,0,15 16,1,17,,1164172,13,0,15 16,1,17,,1164134,34,0,15 16,1,57,,1164121,13,0,15 16,1,15,,1164125,34,0,15 16,1,19,,1164133,13,0,15 16,1,12,,1164114,34,0,15 16,1,56,,1164118,13,0,15 16,1,17,,1164162,34,0,15 16,1,14,,1164120,13,0,15 16,1,13,,1164145,34,0,15 16,1,56,,1164154,13,0,15 16,1,16,,1164181,34,0,15 16,1,12,,1164157,13,0,15 16,1,18,,1164180,34,0,15 16,1,52,,1164094,13,0,15 16,1,14,,1164168,34,0,15 16,1,21,,1164171,13,0,15 16,1,70,,1164167,13,0,15 16,1,30,,1164136,13,,,1,69,,1164123,13,,,1,29,,1164176,13,,,1,69,,1164116,13,,,1,30,,1164161,13,,,1,80,,1164149,13,,,1
7500,'15',344,,1164190,13,,,1,66,,1164254,13,,,1,30,,1164265,13,0,15 16,1,74,,1164262,13,0,15 16,1,28,,1164192,13,0,15 16,1,15,,1164244,13,0,15 16,1,59,,1164235,34,0,15 16,1,14,,1164224,13,0,15 16,1,15,,1164186,34,0,15 16,1,14,,1164257,13,0,15 16,1,45,,1164247,13,0,15 16,1,5,,1164241,13,0,15 16,1,6,,1164268,34,0,15 16,1,10,,1164233,13,0,15 16,1,5,,1164242,34,0,15 16,1,7,,1164274,13,0,15 16,1,4,,1164187,13,0,15 16,1,9,,1164206,34,0,15 16,1,2,,1164202,13,0,15 16,1,3,,1164204,13,0,15 16,1,48,,1164236,13,0,15 16,1,10,,1164271,34,0,15 16,1,7,,1164219,13,4,,1,2,,1164245,13,0,15 16,1,5,,1164195,13,0,15 16,1,8,,1164234,34,0,15 16,1,23,,1164246,34,0,15 16,1,53,,1164270,34,0,15 16,1,15,,1164191,34,0,15 16,1,16,,1164237,34,0,15 16,1,15,,1164211,34,0,15 16,1,54,,1164210,34,0,15 16,1,15,,1164225,34,0,15 16,1,14,,1164227,34,0,15 16,1,15,,1164261,34,0,15 16,1,55,,1164252,34,0,15 16,1,15,,1164193,34,0,15 16,1,15,,1164251,34,0,15 16,1,15,,1164221,34,0,15 16,1,55,,1164189,34,0,15 16,1,15,,1164229,34,0,15 16,1,15,,1164232,34,0,15 16,1,15,,1164273,34,0,15 16,1,55,,1164205,34,0,15 16,1,16,,1164275,13,0,15 16,1,14,,1164201,34,0,15 16,1,17,,1164239,13,0,15 16,1,54,,1164216,34,0,15 16,1,16,,1164203,13,0,15 16,1,15,,1164259,34,0,15 16,1,15,,1164231,13,0,15 16,1,55,,1164222,34,0,15 16,1,17,,1164212,13,0,15 16,1,16,,1164200,34,0,15 16,1,59,,1164188,13,0,15 16,1,18,,1164269,34,0,15 16,1,13,,1164263,13,0,15 16,1,14,,1164220,34,0,15 16,1,54,,1164255,13,0,15 16,1,14,,1164198,34,0,15 16,1,15,,1164207,13,0,15 16,1,16,,1164226,34,0,15 16,1,11,,1164256,13,0,15 16,1,53,,1164243,34,0,15 16,1,15,,1164250,13,0,15 16,1,13,,1164230,34,0,15 16,1,17,,1164185,13,0,15 16,1,55,,1164217,34,0,15 16,1,17,,1164214,13,0,15 16,1,17,,1164258,34,0,15 16,1,57,,1164223,13,0,15 16,1,15,,1164228,34,0,15 16,1,19,,1164253,13,0,15 16,1,12,,1164197,34,0,15 16,1,56,,1164249,13,0,15 16,1,17,,1164209,34,0,15 16,1,14,,1164213,13,0,15 16,1,13,,1164260,34,0,15 16,1,56,,1164266,13,0,15 16,1,16,,1164218,34,0,15 16,1,12,,1164248,13,0,15 16,1,18,,1164264,34,0,15 16,1,52,,1164215,13,0,15 16,1,14,,1164199,34,0,15 16,1,21,,1164194,13,0,15 16,1,70,,1164267,13,0,15 16,1,30,,1164196,13,,,1,69,,1164184,13,,,1,29,,1164238,13,,,1,69,,1164240,13,,,1,30,,1164272,13,,,1,80,,1164208,13,,,1
7500,'16',344,,1164291,13,,,1,66,,1164288,13,,,1,30,,1164290,13,0,15 16,1,74,,1164351,13,0,15 16,1,28,,1164344,13,0,15 16,1,15,,1164350,13,0,15 16,1,59,,1164345,34,0,15 16,1,14,,1164342,13,0,15 16,1,15,,1164323,34,0,15 16,1,14,,1164352,13,0,15 16,1,45,,1164281,13,0,15 16,1,5,,1164304,13,0,15 16,1,6,,1164333,34,0,15 16,1,10,,1164294,13,0,15 16,1,5,,1164296,34,0,15 16,1,7,,1164313,13,0,15 16,1,4,,1164327,13,0,15 16,1,9,,1164311,34,0,15 16,1,2,,1164280,13,0,15 16,1,3,,1164360,13,0,15 16,1,48,,1164324,13,0,15 16,1,10,,1164335,34,0,15 16,1,7,,1164331,13,4,,1,2,,1164346,13,0,15 16,1,5,,1095652,13,0,15 16,1,8,,1164334,34,0,15 16,1,23,,1164322,34,0,15 16,1,53,,1164349,34,0,15 16,1,15,,1164359,34,0,15 16,1,16,,1164353,34,0,15 16,1,15,,1164293,34,0,15 16,1,54,,1065843,34,0,15 16,1,15,,1164332,34,0,15 16,1,14,,1164301,34,0,15 16,1,15,,1164306,34,0,15 16,1,55,,1164276,34,0,15 16,1,15,,1164279,34,0,15 16,1,15,,1164305,34,0,15 16,1,15,,1164358,34,0,15 16,1,55,,1164336,34,0,15 16,1,15,,1164287,34,0,15 16,1,15,,1164309,34,0,15 16,1,15,,1094190,34,0,15 16,1,55,,1067444,34,0,15 16,1,16,,1164282,13,0,15 16,1,14,,1164356,34,0,15 16,1,17,,1164312,13,0,15 16,1,54,,1164297,34,0,15 16,1,16,,1164355,13,0,15 16,1,15,,1164298,34,0,15 16,1,15,,1164284,13,0,15 16,1,55,,1164318,34,0,15 16,1,17,,1164319,13,0,15 16,1,16,,1164277,34,0,15 16,1,59,,1164338,13,0,15 16,1,18,,1164326,34,0,15 16,1,13,,1164302,13,0,15 16,1,14,,1164299,34,0,15 16,1,54,,1164303,13,0,15 16,1,14,,1164357,34,0,15 16,1,15,,1164343,13,0,15 16,1,16,,1164341,34,0,15 16,1,11,,1164329,13,0,15 16,1,53,,1164316,34,0,15 16,1,15,,1164315,13,0,15 16,1,13,,1164307,34,0,15 16,1,17,,1164285,13,0,15 16,1,55,,1075067,34,0,15 16,1,17,,1164354,13,0,15 16,1,17,,1164310,34,0,15 16,1,57,,1164328,13,0,15 16,1,15,,1164292,34,0,15 16,1,19,,1164295,13,0,15 16,1,12,,1069361,34,0,15 16,1,56,,1164320,13,0,15 16,1,17,,1164347,34,0,15 16,1,14,,1164325,13,0,15 16,1,13,,1164340,34,0,15 16,1,56,,1164314,13,0,15 16,1,16,,1164337,34,0,15 16,1,12,,1164348,13,0,15 16,1,18,,1164330,34,0,15 16,1,52,,1164317,13,0,15 16,1,14,,1164278,34,0,15 16,1,21,,1164321,13,0,15 16,1,70,,1164300,13,0,15 16,1,30,,1164286,13,,,1,69,,1164339,13,,,1,29,,1073043,13,,,1,69,,1164283,13,,,1,30,,1164308,13,,,1,80,,1164289,13,,,1
7500,'17',347,,1164417,13,,,1,71,,1164361,13,,,1,30,,1164411,13,,,1,70,,1164420,13,,,1,30,,1164419,13,,,1,70,,1164398,13,,,1,30,,1164365,13,,,1,60,,1164371,13,,,1,26,,1164384,34,0,15 16,1,70,,1164423,13,0,15 16,1,30,,1164436,34,0,15 16,1,15,,1164397,13,0,15 16,1,55,,1164387,13,0,15 16,1,15,,1164378,13,0,15 16,1,15,,1164367,34,0,15 16,1,15,,1164380,13,0,15 16,1,55,,1164383,34,0,15 16,1,16,,1164377,13,0,15 16,1,15,,1164399,34,0,15 16,1,15,,1164375,13,0,15 16,1,55,,1164424,34,0,15 16,1,15,,1164412,13,0,15 16,1,15,,1164400,34,0,15 16,1,15,,1164418,13,0,15 16,1,55,,1164394,34,0,15 16,1,15,,1164389,13,0,15 16,1,15,,1164410,34,0,15 16,1,15,,1164376,13,0,15 16,1,55,,1164428,34,0,15 16,1,15,,1164415,13,0,15 16,1,15,,1164404,34,0,15 16,1,15,,1164433,13,0,15 16,1,55,,1164402,34,0,15 16,1,15,,1164369,13,0,15 16,1,15,,1164421,34,0,15 16,1,15,,1164382,13,0,15 16,1,55,,1164362,34,0,15 16,1,15,,1164363,13,0,15 16,1,15,,1164408,34,0,15 16,1,15,,1164381,13,0,15 16,1,55,,1164401,34,0,15 16,1,15,,1164390,13,0,15 16,1,15,,1164379,34,0,15 16,1,15,,1164409,13,0,15 16,1,53,,1164374,34,0,15 16,1,17,,1164368,13,0,15 16,1,15,,1164435,34,0,15 16,1,15,,1164405,13,0,15 16,1,55,,1164431,34,0,15 16,1,15,,1164422,13,0,15 16,1,15,,1164388,34,0,15 16,1,15,,1164426,13,0,15 16,1,55,,1164392,13,0,15 16,1,15,,1164393,13,0,15 16,1,15,,1164386,34,0,15 16,1,15,,1164413,13,0,15 16,1,55,,1164414,13,0,15 16,1,15,,1164396,13,0,15 16,1,15,,1164391,13,0,15 16,1,15,,1164395,13,0,15 16,1,55,,1164366,13,0,15 16,1,15,,1164403,13,0,15 16,1,15,,1164364,13,0,15 16,1,15,,1164373,13,0,15 16,1,55,,1164432,13,0,15 16,1,14,,1164406,13,0,15 16,1,15,,1164407,13,0,15 16,1,15,,1164370,13,,,1,70,,1164425,13,,,1,30,,1164385,13,,,1,70,,1164372,13,,,1,30,,1164427,13,,,1,70,,1164434,13,,,1,30,,1164416,13,,,1,70,,1164430,13,,,1,30,,1164429,13,,,1
7500,'2',341,,1164474,13,,,1,70,,1164489,13,,,1,30,,1164484,13,,,1,70,,1164483,13,,,1,32,,1164449,13,0,15 16,1,68,,1164503,13,0,15 16,1,20,,1081198,13,0,15 16,1,20,,1164444,13,0,15 16,1,58,,1164485,13,0,15 16,1,18,,1164448,13,0,15 16,1,17,,1164456,34,0,15 16,1,13,,1164467,13,0,15 16,1,55,,1164475,13,0,15 16,1,15,,1164495,13,0,15 16,1,17,,1164451,34,0,15 16,1,14,,1164482,13,0,15 16,1,56,,1164502,34,0,15 16,1,14,,1164506,13,0,15 16,1,18,,1164480,34,0,15 16,1,12,,1164441,13,0,15 16,1,56,,1164509,34,0,15 16,1,14,,1164447,13,0,15 16,1,17,,1164470,34,0,15 16,1,13,,1164497,13,0,15 16,1,57,,1164469,34,0,15 16,1,13,,1164494,13,0,15 16,1,17,,1164501,34,0,15 16,1,13,,1164458,13,0,15 16,1,57,,1164488,34,0,15 16,1,13,,1164504,13,0,15 16,1,17,,1164443,34,0,15 16,1,55,,1164472,34,0,15 16,1,15,,1164465,34,0,15 16,1,15,,1164491,34,0,15 16,1,15,,1164500,34,0,15 16,1,13,,1164457,13,0,15 16,1,57,,1164479,34,0,15 16,1,13,,1164453,13,0,15 16,1,17,,1085788,34,0,15 16,1,13,,1164486,13,0,15 16,1,57,,1098468,34,0,15 16,1,13,,1164490,13,0,15 16,1,17,,1164492,34,0,15 16,1,13,,1164455,13,0,15 16,1,57,,1164476,34,0,15 16,1,15,,1164438,34,0,15 16,1,15,,1164473,34,0,15 16,1,55,,1164439,34,0,15 16,1,15,,1164452,34,0,15 16,1,13,,1164477,13,0,15 16,1,17,,1164499,34,0,15 16,1,10,,1164496,13,0,15 16,1,56,,1069471,34,0,15 16,1,13,,1164466,13,0,15 16,1,17,,1164437,34,0,15 16,1,13,,1164507,13,0,15 16,1,57,,995804,34,0,15 16,1,13,,1164481,13,0,15 16,1,17,,1044056,34,0,15 16,1,13,,1164511,13,0,15 16,1,57,,1088442,34,0,15 16,1,13,,1101292,13,0,15 16,1,17,,1164478,34,0,15 16,1,12,,1164471,13,0,15 16,1,58,,1164445,34,0,15 16,1,12,,1164454,13,0,15 16,1,17,,1164505,34,0,15 16,1,13,,1164461,13,0,15 16,1,57,,1164463,34,0,15 16,1,13,,1164462,13,0,15 16,1,17,,1164460,34,0,15 16,1,13,,1164450,13,0,15 16,1,57,,1164446,34,0,15 16,1,13,,1164468,13,0,15 16,1,15,,1164487,13,0,15 16,1,15,,1164440,13,0,15 16,1,55,,1097253,13,0,15 16,1,15,,1164464,13,0,15 16,1,26,,1164508,13,0,15 16,1,70,,1164498,13,0,15 16,1,30,,1164459,13,,,1,70,,1164510,13,,,1,30,,1164493,13,,,1,70,,1164442,13,,,1
7500,'3',347,,1164568,13,,,1,71,,1164512,13,,,1,30,,1164562,13,,,1,70,,1164571,13,,,1,30,,1164570,13,,,1,70,,1164549,13,,,1,30,,1164516,13,,,1,60,,1164522,13,,,1,26,,1164535,34,0,15 16,1,70,,1164574,13,0,15 16,1,30,,1164587,34,0,15 16,1,15,,1164548,13,0,15 16,1,55,,1164538,13,0,15 16,1,15,,1164529,13,0,15 16,1,15,,1164518,34,0,15 16,1,15,,1164531,13,0,15 16,1,55,,1164534,34,0,15 16,1,16,,1164528,13,0,15 16,1,15,,1164550,34,0,15 16,1,15,,1164526,13,0,15 16,1,55,,1164575,34,0,15 16,1,15,,1164563,13,0,15 16,1,15,,1164551,34,0,15 16,1,15,,1164569,13,0,15 16,1,55,,1164545,34,0,15 16,1,15,,1164540,13,0,15 16,1,15,,1164561,34,0,15 16,1,15,,1164527,13,0,15 16,1,55,,1164579,34,0,15 16,1,15,,1164566,13,0,15 16,1,15,,1164555,34,0,15 16,1,15,,1164584,13,0,15 16,1,55,,1164553,34,0,15 16,1,15,,1164520,13,0,15 16,1,15,,1164572,34,0,15 16,1,15,,1164533,13,0,15 16,1,55,,1164513,34,0,15 16,1,15,,1164514,13,0,15 16,1,15,,1164559,34,0,15 16,1,15,,1164532,13,0,15 16,1,55,,1164552,34,0,15 16,1,15,,1164541,13,0,15 16,1,15,,1164530,34,0,15 16,1,15,,1164560,13,0,15 16,1,53,,1164525,34,0,15 16,1,17,,1164519,13,0,15 16,1,15,,1164586,34,0,15 16,1,15,,1164556,13,0,15 16,1,55,,1164582,34,0,15 16,1,15,,1164573,13,0,15 16,1,15,,1164539,34,0,15 16,1,15,,1164577,13,0,15 16,1,55,,1164543,13,0,15 16,1,15,,1164544,13,0,15 16,1,15,,1164537,34,0,15 16,1,15,,1164564,13,0,15 16,1,55,,1164565,13,0,15 16,1,15,,1164547,13,0,15 16,1,15,,1164542,13,0,15 16,1,15,,1164546,13,0,15 16,1,55,,1164517,13,0,15 16,1,15,,1164554,13,0,15 16,1,15,,1164515,13,0,15 16,1,15,,1164524,13,0,15 16,1,55,,1164583,13,0,15 16,1,14,,1164557,13,0,15 16,1,15,,1164558,13,0,15 16,1,15,,1164521,13,,,1,70,,1164576,13,,,1,30,,1164536,13,,,1,70,,1164523,13,,,1,30,,1164578,13,,,1,70,,1164585,13,,,1,30,,1164567,13,,,1,70,,1164581,13,,,1,30,,1164580,13,,,1
7500,'4',347,,1164644,13,,,1,71,,1164626,13,,,1,30,,1164597,13,,,1,70,,1164615,13,,,1,30,,1164651,13,,,1,70,,1164622,13,,,1,30,,1164653,13,,,1,60,,1164621,13,,,1,26,,1164640,34,0,15 16,1,70,,1164619,13,0,15 16,1,30,,1164632,34,0,15 16,1,15,,1164604,13,0,15 16,1,55,,1164625,13,0,15 16,1,15,,1164647,13,0,15 16,1,15,,1164645,34,0,15 16,1,15,,1164612,13,0,15 16,1,55,,1164624,34,0,15 16,1,16,,1072293,13,0,15 16,1,15,,1164594,34,0,15 16,1,15,,1164637,13,0,15 16,1,55,,1090770,34,0,15 16,1,15,,1164649,13,0,15 16,1,15,,1164605,34,0,15 16,1,15,,1164639,13,0,15 16,1,55,,1164629,34,0,15 16,1,15,,1164607,13,0,15 16,1,15,,1164599,34,0,15 16,1,15,,1164641,13,0,15 16,1,55,,1164635,34,0,15 16,1,15,,1164634,13,0,15 16,1,15,,1164595,34,0,15 16,1,15,,1164601,13,0,15 16,1,55,,1164642,34,0,15 16,1,15,,1164602,13,0,15 16,1,15,,1164654,34,0,15 16,1,15,,1164643,13,0,15 16,1,55,,1010456,34,0,15 16,1,15,,1164638,13,0,15 16,1,15,,1164592,34,0,15 16,1,15,,1164610,13,0,15 16,1,55,,1164648,34,0,15 16,1,15,,1164616,13,0,15 16,1,15,,1164614,34,0,15 16,1,15,,1164596,13,0,15 16,1,53,,1164591,34,0,15 16,1,17,,1164603,13,0,15 16,1,15,,1062024,34,0,15 16,1,15,,1164606,13,0,15 16,1,55,,1164655,34,0,15 16,1,15,,1164611,13,0,15 16,1,15,,1164590,34,0,15 16,1,15,,1164609,13,0,15 16,1,55,,1164589,13,0,15 16,1,15,,1164613,13,0,15 16,1,15,,1164623,34,0,15 16,1,15,,972303,13,0,15 16,1,55,,1164620,13,0,15 16,1,15,,1164652,13,0,15 16,1,15,,1017779,13,0,15 16,1,15,,1164618,13,0,15 16,1,55,,1164646,13,0,15 16,1,15,,1164617,13,0,15 16,1,15,,1048333,13,0,15 16,1,15,,1164608,13,0,15 16,1,55,,1164593,13,0,15 16,1,14,,1164636,13,0,15 16,1,15,,1164650,13,0,15 16,1,15,,1164627,13,,,1,70,,1164598,13,,,1,30,,1164600,13,,,1,70,,1164633,13,,,1,30,,1164588,13,,,1,70,,1164631,13,,,1,30,,1164630,13,,,1,70,,1164628,13,,,1,30,,1079033,13,,,1
7500,'5',344,,1060861,13,,,1,66,,1089154,13,,,1,30,,1022243,13,0,15 16,1,74,,1164667,13,0,15 16,1,28,,1164658,13,0,15 16,1,15,,1164702,13,0,15 16,1,59,,1164665,34,0,15 16,1,14,,1164663,13,0,15 16,1,15,,1164670,34,0,15 16,1,14,,1164720,13,0,15 16,1,45,,1164659,13,0,15 16,1,5,,1164696,13,0,15 16,1,6,,1164697,34,0,15 16,1,10,,1164701,13,0,15 16,1,5,,1164656,34,0,15 16,1,7,,1164723,13,0,15 16,1,4,,1164657,13,0,15 16,1,9,,1164714,34,0,15 16,1,2,,1164722,13,0,15 16,1,3,,1164662,13,0,15 16,1,48,,1046946,13,0,15 16,1,10,,1069792,34,0,15 16,1,7,,1164660,13,4,,1,2,,1164669,13,0,15 16,1,5,,1164713,13,0,15 16,1,8,,1164705,34,0,15 16,1,23,,1164686,34,0,15 16,1,53,,1164684,34,0,15 16,1,15,,1164666,34,0,15 16,1,16,,1164664,34,0,15 16,1,15,,1164717,34,0,15 16,1,54,,1164695,34,0,15 16,1,15,,1164709,34,0,15 16,1,14,,1164726,34,0,15 16,1,15,,1164675,34,0,15 16,1,55,,1164730,34,0,15 16,1,15,,1164727,34,0,15 16,1,15,,1092853,34,0,15 16,1,15,,1164689,34,0,15 16,1,55,,1164685,34,0,15 16,1,15,,1164693,34,0,15 16,1,15,,1164708,34,0,15 16,1,15,,937079,34,0,15 16,1,55,,1078279,34,0,15 16,1,16,,1164680,13,0,15 16,1,14,,1164734,34,0,15 16,1,17,,1164704,13,0,15 16,1,54,,1164716,34,0,15 16,1,16,,1164711,13,0,15 16,1,15,,1164699,34,0,15 16,1,15,,1164671,13,0,15 16,1,55,,1164700,34,0,15 16,1,17,,1003287,13,0,15 16,1,16,,1164688,34,0,15 16,1,59,,1164698,13,0,15 16,1,18,,1164682,34,0,15 16,1,13,,1164677,13,0,15 16,1,14,,1164731,34,0,15 16,1,54,,1164710,13,0,15 16,1,14,,1164668,34,0,15 16,1,15,,1164673,13,0,15 16,1,16,,1079822,34,0,15 16,1,11,,1164687,13,0,15 16,1,53,,1164721,34,0,15 16,1,15,,1164732,13,0,15 16,1,13,,1164690,34,0,15 16,1,17,,1164706,13,0,15 16,1,55,,1164661,34,0,15 16,1,17,,1164729,13,0,15 16,1,17,,1164692,34,0,15 16,1,57,,1164679,13,0,15 16,1,15,,1164683,34,0,15 16,1,19,,1164691,13,0,15 16,1,12,,1164672,34,0,15 16,1,56,,1164676,13,0,15 16,1,17,,1164719,34,0,15 16,1,14,,1164678,13,0,15 16,1,13,,1164703,34,0,15 16,1,56,,1164712,13,0,15 16,1,16,,977997,34,0,15 16,1,12,,1164715,13,0,15 16,1,18,,1164733,34,0,15 16,1,52,,1092800,13,0,15 16,1,14,,1164725,34,0,15 16,1,21,,1164728,13,0,15 16,1,70,,1164724,13,0,15 16,1,30,,1164694,13,,,1,69,,1164681,13,,,1,29,,1003557,13,,,1,69,,1164674,13,,,1,30,,1164718,13,,,1,80,,1164707,13,,,1
7500,'6',344,,1164746,13,,,1,66,,1164743,13,,,1,30,,1164745,13,0,15 16,1,74,,1083970,13,0,15 16,1,28,,1164801,13,0,15 16,1,15,,1164805,13,0,15 16,1,59,,1164802,34,0,15 16,1,14,,1164799,13,0,15 16,1,15,,1164779,34,0,15 16,1,14,,1079282,13,0,15 16,1,45,,1063257,13,0,15 16,1,5,,1164759,13,0,15 16,1,6,,1164790,34,0,15 16,1,10,,1164749,13,0,15 16,1,5,,1164751,34,0,15 16,1,7,,1164769,13,0,15 16,1,4,,1164784,13,0,15 16,1,9,,1164767,34,0,15 16,1,2,,1164739,13,0,15 16,1,3,,1164811,13,0,15 16,1,48,,1164780,13,0,15 16,1,10,,1164792,34,0,15 16,1,7,,1164788,13,4,,1,2,,1164803,13,0,15 16,1,5,,1164760,13,0,15 16,1,8,,1164791,34,0,15 16,1,23,,1164778,34,0,15 16,1,53,,1099132,34,0,15 16,1,15,,1081781,34,0,15 16,1,16,,1024322,34,0,15 16,1,15,,1164748,34,0,15 16,1,54,,1164810,34,0,15 16,1,15,,1164789,34,0,15 16,1,14,,1164756,34,0,15 16,1,15,,1164762,34,0,15 16,1,55,,1093017,34,0,15 16,1,15,,1005081,34,0,15 16,1,15,,1164761,34,0,15 16,1,15,,1103112,34,0,15 16,1,55,,1164793,34,0,15 16,1,15,,1164742,34,0,15 16,1,15,,1164765,34,0,15 16,1,15,,1164809,34,0,15 16,1,55,,1164804,34,0,15 16,1,16,,1061388,13,0,15 16,1,14,,1164808,34,0,15 16,1,17,,1164768,13,0,15 16,1,54,,1164752,34,0,15 16,1,16,,1164807,13,0,15 16,1,15,,1164753,34,0,15 16,1,15,,994968,13,0,15 16,1,55,,1164774,34,0,15 16,1,17,,1164775,13,0,15 16,1,16,,1164737,34,0,15 16,1,59,,1164795,13,0,15 16,1,18,,1164782,34,0,15 16,1,13,,1164757,13,0,15 16,1,14,,1164754,34,0,15 16,1,54,,1164758,13,0,15 16,1,14,,1005482,34,0,15 16,1,15,,1164800,13,0,15 16,1,16,,1164798,34,0,15 16,1,11,,1164786,13,0,15 16,1,53,,1164772,34,0,15 16,1,15,,1164771,13,0,15 16,1,13,,1164763,34,0,15 16,1,17,,1164740,13,0,15 16,1,55,,1164783,34,0,15 16,1,17,,1164806,13,0,15 16,1,17,,1164766,34,0,15 16,1,57,,1164785,13,0,15 16,1,15,,1164747,34,0,15 16,1,19,,1164750,13,0,15 16,1,12,,1164735,34,0,15 16,1,56,,1164776,13,0,15 16,1,17,,925880,34,0,15 16,1,14,,1164781,13,0,15 16,1,13,,1164797,34,0,15 16,1,56,,1164770,13,0,15 16,1,16,,1164794,34,0,15 16,1,12,,1009642,13,0,15 16,1,18,,1164787,34,0,15 16,1,52,,1164773,13,0,15 16,1,14,,1164738,34,0,15 16,1,21,,1164777,13,0,15 16,1,70,,1164755,13,0,15 16,1,30,,1164741,13,,,1,69,,1164796,13,,,1,29,,1164736,13,,,1,69,,1064754,13,,,1,30,,1164764,13,,,1,80,,1164744,13,,,1
7500,'7',341,,1164850,13,,,1,70,,1164886,13,,,1,30,,1164877,13,,,1,70,,1164864,13,,,1,32,,1164862,13,0,15 16,1,68,,1164842,13,0,15 16,1,20,,1164869,13,0,15 16,1,20,,1164852,13,0,15 16,1,58,,1164815,13,0,15 16,1,18,,1164892,13,0,15 16,1,17,,1164820,34,0,15 16,1,13,,1164868,13,0,15 16,1,55,,1164867,13,0,15 16,1,15,,1164857,13,0,15 16,1,17,,1164858,34,0,15 16,1,14,,1164893,13,0,15 16,1,56,,1164883,34,0,15 16,1,14,,1164849,13,0,15 16,1,18,,1164887,34,0,15 16,1,12,,1164855,13,0,15 16,1,56,,1164879,34,0,15 16,1,14,,1164837,13,0,15 16,1,17,,1164882,34,0,15 16,1,13,,1164826,13,0,15 16,1,57,,1164871,34,0,15 16,1,13,,1164843,13,0,15 16,1,17,,1164832,34,0,15 16,1,13,,1164881,13,0,15 16,1,57,,1164876,34,0,15 16,1,13,,1164848,13,0,15 16,1,17,,1164836,34,0,15 16,1,55,,1164816,34,0,15 16,1,15,,1164853,34,0,15 16,1,15,,1164856,34,0,15 16,1,15,,1164812,34,0,15 16,1,13,,1164825,13,0,15 16,1,57,,1164851,34,0,15 16,1,13,,1164891,13,0,15 16,1,17,,1164830,34,0,15 16,1,13,,1164839,13,0,15 16,1,57,,1164824,34,0,15 16,1,13,,1164866,13,0,15 16,1,17,,1164838,34,0,15 16,1,13,,1164884,13,0,15 16,1,57,,1164872,34,0,15 16,1,15,,1164828,34,0,15 16,1,15,,1164846,34,0,15 16,1,55,,1164890,34,0,15 16,1,15,,1164819,34,0,15 16,1,13,,1164873,13,0,15 16,1,17,,1164817,34,0,15 16,1,10,,1164841,13,0,15 16,1,56,,1164875,34,0,15 16,1,13,,1164823,13,0,15 16,1,17,,1164834,34,0,15 16,1,13,,1164822,13,0,15 16,1,57,,1164829,34,0,15 16,1,13,,1164814,13,0,15 16,1,17,,1164861,34,0,15 16,1,13,,1164878,13,0,15 16,1,57,,1164845,34,0,15 16,1,13,,1164835,13,0,15 16,1,17,,1164859,34,0,15 16,1,12,,1164813,13,0,15 16,1,58,,1164831,34,0,15 16,1,12,,1164863,13,0,15 16,1,17,,1164844,34,0,15 16,1,13,,1164885,13,0,15 16,1,57,,1164870,34,0,15 16,1,13,,1164894,13,0,15 16,1,17,,1164818,34,0,15 16,1,13,,1164833,13,0,15 16,1,57,,1164874,34,0,15 16,1,13,,1164865,13,0,15 16,1,15,,1164854,13,0,15 16,1,15,,1164880,13,0,15 16,1,55,,1164860,13,0,15 16,1,15,,1164821,13,0,15 16,1,26,,1164889,13,0,15 16,1,70,,1164827,13,0,15 16,1,30,,1164888,13,,,1,70,,1164840,13,,,1,30,,1164847,13,,,1,70,,1164895,13,,,1
7500,'8',344,,1164913,13,,,1,66,,1164910,13,,,1,30,,1164912,13,0,15 16,1,74,,1164976,13,0,15 16,1,28,,1164968,13,0,15 16,1,15,,1164975,13,0,15 16,1,59,,1164969,34,0,15 16,1,14,,1164966,13,0,15 16,1,15,,1164946,34,0,15 16,1,14,,1164977,13,0,15 16,1,45,,1164903,13,0,15 16,1,5,,1164926,13,0,15 16,1,6,,1164957,34,0,15 16,1,10,,1164916,13,0,15 16,1,5,,1164918,34,0,15 16,1,7,,1164936,13,0,15 16,1,4,,1164951,13,0,15 16,1,9,,1164934,34,0,15 16,1,2,,1164902,13,0,15 16,1,3,,1164987,13,0,15 16,1,48,,1164947,13,0,15 16,1,10,,1164959,34,0,15 16,1,7,,1164955,13,4,,1,2,,1164970,13,0,15 16,1,5,,1164927,13,0,15 16,1,8,,1164958,34,0,15 16,1,23,,1164945,34,0,15 16,1,53,,1164973,34,0,15 16,1,15,,1164986,34,0,15 16,1,16,,1164978,34,0,15 16,1,15,,1164915,34,0,15 16,1,54,,1164984,34,0,15 16,1,15,,1164956,34,0,15 16,1,14,,1164923,34,0,15 16,1,15,,1164929,34,0,15 16,1,55,,1164897,34,0,15 16,1,15,,1164901,34,0,15 16,1,15,,1164928,34,0,15 16,1,15,,1164985,34,0,15 16,1,55,,1164960,34,0,15 16,1,15,,1164909,34,0,15 16,1,15,,1164932,34,0,15 16,1,15,,1164983,34,0,15 16,1,55,,1164974,34,0,15 16,1,16,,1164904,13,0,15 16,1,14,,1164981,34,0,15 16,1,17,,1164935,13,0,15 16,1,54,,1164919,34,0,15 16,1,16,,1164980,13,0,15 16,1,15,,1164920,34,0,15 16,1,15,,1164906,13,0,15 16,1,55,,1164941,34,0,15 16,1,17,,1164942,13,0,15 16,1,16,,1164899,34,0,15 16,1,59,,1164962,13,0,15 16,1,18,,1164949,34,0,15 16,1,13,,1164924,13,0,15 16,1,14,,1164921,34,0,15 16,1,54,,1164925,13,0,15 16,1,14,,1164982,34,0,15 16,1,15,,1164967,13,0,15 16,1,16,,1164965,34,0,15 16,1,11,,1164953,13,0,15 16,1,53,,1164939,34,0,15 16,1,15,,1164938,13,0,15 16,1,13,,1164930,34,0,15 16,1,17,,1164907,13,0,15 16,1,55,,1164950,34,0,15 16,1,17,,1164979,13,0,15 16,1,17,,1164933,34,0,15 16,1,57,,1164952,13,0,15 16,1,15,,1164914,34,0,15 16,1,19,,1164917,13,0,15 16,1,12,,1164896,34,0,15 16,1,56,,1164943,13,0,15 16,1,17,,1164971,34,0,15 16,1,14,,1164948,13,0,15 16,1,13,,1164964,34,0,15 16,1,56,,1164937,13,0,15 16,1,16,,1164961,34,0,15 16,1,12,,1164972,13,0,15 16,1,18,,1164954,34,0,15 16,1,52,,1164940,13,0,15 16,1,14,,1164900,34,0,15 16,1,21,,1164944,13,0,15 16,1,70,,1164922,13,0,15 16,1,30,,1164908,13,,,1,69,,1164963,13,,,1,29,,1164898,13,,,1,69,,1164905,13,,,1,30,,1164931,13,,,1,80,,1164911,13,,,1
7500,'9',344,,1060871,13,,,1,66,,1089060,13,,,1,30,,1022485,13,0,15 16,1,74,,1164999,13,0,15 16,1,28,,1164990,13,0,15 16,1,15,,1165034,13,0,15 16,1,59,,1164997,34,0,15 16,1,14,,1164995,13,0,15 16,1,15,,1165002,34,0,15 16,1,14,,1165052,13,0,15 16,1,45,,1164991,13,0,15 16,1,5,,1165028,13,0,15 16,1,6,,1165029,34,0,15 16,1,10,,1165033,13,0,15 16,1,5,,1164988,34,0,15 16,1,7,,1165055,13,0,15 16,1,4,,1164989,13,0,15 16,1,9,,1165046,34,0,15 16,1,2,,1165054,13,0,15 16,1,3,,1164994,13,0,15 16,1,48,,1047302,13,0,15 16,1,10,,1069716,34,0,15 16,1,7,,1164992,13,4,,1,2,,1165001,13,0,15 16,1,5,,1165045,13,0,15 16,1,8,,1165037,34,0,15 16,1,23,,1165018,34,0,15 16,1,53,,1165016,34,0,15 16,1,15,,1164998,34,0,15 16,1,16,,1164996,34,0,15 16,1,15,,1165049,34,0,15 16,1,54,,1165027,34,0,15 16,1,15,,1165041,34,0,15 16,1,14,,1165058,34,0,15 16,1,15,,1165007,34,0,15 16,1,55,,1165062,34,0,15 16,1,15,,1165059,34,0,15 16,1,15,,1092700,34,0,15 16,1,15,,1165021,34,0,15 16,1,55,,1165017,34,0,15 16,1,15,,1165025,34,0,15 16,1,15,,1165040,34,0,15 16,1,15,,937026,34,0,15 16,1,55,,1078175,34,0,15 16,1,16,,1165012,13,0,15 16,1,14,,1165066,34,0,15 16,1,17,,1165036,13,0,15 16,1,54,,1165048,34,0,15 16,1,16,,1165043,13,0,15 16,1,15,,1165031,34,0,15 16,1,15,,1165003,13,0,15 16,1,55,,1165032,34,0,15 16,1,17,,1003408,13,0,15 16,1,16,,1165020,34,0,15 16,1,59,,1165030,13,0,15 16,1,18,,1165014,34,0,15 16,1,13,,1165009,13,0,15 16,1,14,,1165063,34,0,15 16,1,54,,1165042,13,0,15 16,1,14,,1165000,34,0,15 16,1,15,,1165005,13,0,15 16,1,16,,1079733,34,0,15 16,1,11,,1165019,13,0,15 16,1,53,,1165053,34,0,15 16,1,15,,1165064,13,0,15 16,1,13,,1165022,34,0,15 16,1,17,,1165038,13,0,15 16,1,55,,1164993,34,0,15 16,1,17,,1165061,13,0,15 16,1,17,,1165024,34,0,15 16,1,57,,1165011,13,0,15 16,1,15,,1165015,34,0,15 16,1,19,,1165023,13,0,15 16,1,12,,1165004,34,0,15 16,1,56,,1165008,13,0,15 16,1,17,,1165051,34,0,15 16,1,14,,1165010,13,0,15 16,1,13,,1165035,34,0,15 16,1,56,,1165044,13,0,15 16,1,16,,977956,34,0,15 16,1,12,,1165047,13,0,15 16,1,18,,1165065,34,0,15 16,1,52,,1092647,13,0,15 16,1,14,,1165057,34,0,15 16,1,21,,1165060,13,0,15 16,1,70,,1165056,13,0,15 16,1,30,,1165026,13,,,1,69,,1165013,13,,,1,29,,1003874,13,,,1,69,,1165006,13,,,1,30,,1165050,13,,,1,80,,1165039,13,,,1
7501,'1',341,,1165133,22,0,64 139,1,70,,1070600,22,0,64 139,1,32,,1093387,22,0,64 139,1,65,,1165090,22,,,1,41,,1165123,8,,,1,69,,1165109,8,,,1,12,,1165100,8,0,64 139,1,12,,1165131,8,,,1,62,,1165072,8,0,64 139,1,14,,1097833,8,,,1,15,,1165138,8,0,64 139,1,16,,1165099,8,,,1,57,,1165078,8,0,64 139,1,16,,1165139,8,,,1,12,,1059903,8,0,64 139,1,15,,1165083,8,,,1,56,,1165125,8,0,64 139,1,14,,1165085,8,,,1,14,,1077005,8,,,1,15,,1165103,8,,,1,55,,1165121,8,,,1,15,,1165081,8,,,1,15,,1102319,8,,,1,15,,1165112,8,,,1,55,,1165098,8,,,1,15,,1165075,8,,,1,15,,1165119,8,,,1,15,,1165127,8,,,1,55,,1165140,8,,,1,15,,1165143,8,,,1,15,,1165080,8,0,64 139,1,15,,1165093,8,,,1,55,,1165124,8,0,64 139,1,15,,1165068,8,,,1,15,,1165073,8,0,64 139,1,15,,1165137,8,,,1,57,,1165128,8,0,64 139,1,15,,1165074,8,,,1,14,,1165104,8,,,1,16,,1165129,8,,,1,56,,1165071,8,,,1,14,,1165142,8,,,1,10,,1165144,8,0,64 139,1,10,,1165146,8,,,1,8,,1165132,8,0,64 139,1,6,,1165070,1,0,64 139,1,2,,1165110,8,,,1,47,,1165147,8,0,64 139,1,3,,1165082,21,0,64 139,1,5,,1057002,8,,,1,9,,1165076,8,0,64 139,1,7,,971935,8,,,1,6,,1165088,8,0,64 139,1,3,,1165108,21,0,64 139,1,6,,1165130,8,,,1,8,,1165089,8,,,1,8,,1165115,8,0,64 139,1,46,,1165105,8,,,1,8,,1165079,8,0,64 139,1,7,,1165111,8,,,1,7,,1165102,8,0,64 139,1,6,,1165113,8,,,1,9,,1165126,8,0,64 139,1,7,,1165084,8,,,1,8,,1165092,8,0,64 139,1,45,,1073030,8,,,1,10,,1165094,8,0,64 139,1,5,,1165116,8,,,1,8,,1063131,8,,,1,5,,1165096,8,0,64 139,1,10,,1165136,8,,,1,5,,1165117,8,0,64 139,1,10,,1165069,8,,,1,55,,1085031,8,,,1,15,,1165141,8,0,64 139,1,14,,1165145,8,,,1,14,,1165106,8,0,64 139,1,56,,1098871,8,,,1,15,,1165118,8,0,64 139,1,16,,1165120,8,,,1,14,,1165086,8,0,64 139,1,56,,1165095,8,,,1,14,,1165122,8,0,64 139,1,16,,1165077,8,,,1,14,,1165134,8,0,64 139,1,56,,1165107,8,,,1,39,,1165114,8,,,1,71,,1165087,8,,,1,25,,1165067,8,0,64 139,1,70,,1165097,8,0,64 139,1,32,,1165091,8,0,64 139,1,75,,1032130,8,0,64 139,1,27,,1165101,8,0,64 139,1,72,,1100412,22,0,64 139,1,28,,1165135,22,0,64 139,1,70,,1165148,22,0,64 139,1
7501,'10',341,,1165215,22,0,64 139,1,70,,1070414,22,0,64 139,1,32,,1093071,22,0,64 139,1,65,,1165172,22,,,1,41,,1165205,8,,,1,69,,1165191,8,,,1,12,,1165182,8,0,64 139,1,12,,1165213,8,,,1,62,,1165154,8,0,64 139,1,14,,1097609,8,,,1,15,,1165220,8,0,64 139,1,16,,1165181,8,,,1,57,,1165160,8,0,64 139,1,16,,1165221,8,,,1,12,,1059906,8,0,64 139,1,15,,1165165,8,,,1,56,,1165207,8,0,64 139,1,14,,1165167,8,,,1,14,,1076781,8,,,1,15,,1165185,8,,,1,55,,1165203,8,,,1,15,,1165163,8,,,1,15,,1102313,8,,,1,15,,1165194,8,,,1,55,,1165180,8,,,1,15,,1165157,8,,,1,15,,1165201,8,,,1,15,,1165209,8,,,1,55,,1165222,8,,,1,15,,1165225,8,,,1,15,,1165162,8,0,64 139,1,15,,1165175,8,,,1,55,,1165206,8,0,64 139,1,15,,1165150,8,,,1,15,,1165155,8,0,64 139,1,15,,1165219,8,,,1,57,,1165210,8,0,64 139,1,15,,1165156,8,,,1,14,,1165186,8,,,1,16,,1165211,8,,,1,56,,1165153,8,,,1,14,,1165224,8,,,1,10,,1165226,8,0,64 139,1,10,,1165228,8,,,1,8,,1165214,8,0,64 139,1,6,,1165152,1,0,64 139,1,2,,1165192,8,,,1,47,,1165229,8,0,64 139,1,3,,1165164,21,0,64 139,1,5,,1057098,8,,,1,9,,1165158,8,0,64 139,1,7,,971452,8,,,1,6,,1165170,8,0,64 139,1,3,,1165190,21,0,64 139,1,6,,1165212,8,,,1,8,,1165171,8,,,1,8,,1165197,8,0,64 139,1,46,,1165187,8,,,1,8,,1165161,8,0,64 139,1,7,,1165193,8,,,1,7,,1165184,8,0,64 139,1,6,,1165195,8,,,1,9,,1165208,8,0,64 139,1,7,,1165166,8,,,1,8,,1165174,8,0,64 139,1,45,,1072911,8,,,1,10,,1165176,8,0,64 139,1,5,,1165198,8,,,1,8,,1062789,8,,,1,5,,1165178,8,0,64 139,1,10,,1165218,8,,,1,5,,1165199,8,0,64 139,1,10,,1165151,8,,,1,55,,1084906,8,,,1,15,,1165223,8,0,64 139,1,14,,1165227,8,,,1,14,,1165188,8,0,64 139,1,56,,1098780,8,,,1,15,,1165200,8,0,64 139,1,16,,1165202,8,,,1,14,,1165168,8,0,64 139,1,56,,1165177,8,,,1,14,,1165204,8,0,64 139,1,16,,1165159,8,,,1,14,,1165216,8,0,64 139,1,56,,1165189,8,,,1,39,,1165196,8,,,1,71,,1165169,8,,,1,25,,1165149,8,0,64 139,1,70,,1165179,8,0,64 139,1,32,,1165173,8,0,64 139,1,75,,1032309,8,0,64 139,1,27,,1165183,8,0,64 139,1,72,,1100327,22,0,64 139,1,28,,1165217,22,0,64 139,1,70,,1165230,22,0,64 139,1
7501,'11',341,,1165297,22,0,64 139,1,70,,1070654,22,0,64 139,1,32,,1093478,22,0,64 139,1,65,,1165254,22,,,1,41,,1165287,8,,,1,69,,1165273,8,,,1,12,,1165264,8,0,64 139,1,12,,1165295,8,,,1,62,,1165236,8,0,64 139,1,14,,1097901,8,,,1,15,,1165302,8,0,64 139,1,16,,1165263,8,,,1,57,,1165242,8,0,64 139,1,16,,1165303,8,,,1,12,,1059902,8,0,64 139,1,15,,1165247,8,,,1,56,,1165289,8,0,64 139,1,14,,1165249,8,,,1,14,,1077071,8,,,1,15,,1165267,8,,,1,55,,1165285,8,,,1,15,,1165245,8,,,1,15,,1102321,8,,,1,15,,1165276,8,,,1,55,,1165262,8,,,1,15,,1165239,8,,,1,15,,1165283,8,,,1,15,,1165291,8,,,1,55,,1165304,8,,,1,15,,1165307,8,,,1,15,,1165244,8,0,64 139,1,15,,1165257,8,,,1,55,,1165288,8,0,64 139,1,15,,1165232,8,,,1,15,,1165237,8,0,64 139,1,15,,1165301,8,,,1,57,,1165292,8,0,64 139,1,15,,1165238,8,,,1,14,,1165268,8,,,1,16,,1165293,8,,,1,56,,1165235,8,,,1,14,,1165306,8,,,1,10,,1165308,8,0,64 139,1,10,,1165310,8,,,1,8,,1165296,8,0,64 139,1,6,,1165234,1,0,64 139,1,2,,1165274,8,,,1,47,,1165311,8,0,64 139,1,3,,1165246,21,0,64 139,1,5,,1056972,8,,,1,9,,1165240,8,0,64 139,1,7,,971865,8,,,1,6,,1165252,8,0,64 139,1,3,,1165272,21,0,64 139,1,6,,1165294,8,,,1,8,,1165253,8,,,1,8,,1165279,8,0,64 139,1,46,,1165269,8,,,1,8,,1165243,8,0,64 139,1,7,,1165275,8,,,1,7,,1165266,8,0,64 139,1,6,,1165277,8,,,1,9,,1165290,8,0,64 139,1,7,,1165248,8,,,1,8,,1165256,8,0,64 139,1,45,,1073068,8,,,1,10,,1165258,8,0,64 139,1,5,,1165280,8,,,1,8,,1063232,8,,,1,5,,1165260,8,0,64 139,1,10,,1165300,8,,,1,5,,1165281,8,0,64 139,1,10,,1165233,8,,,1,55,,1085065,8,,,1,15,,1165305,8,0,64 139,1,14,,1165309,8,,,1,14,,1165270,8,0,64 139,1,56,,1098899,8,,,1,15,,1165282,8,0,64 139,1,16,,1165284,8,,,1,14,,1165250,8,0,64 139,1,56,,1165259,8,,,1,14,,1165286,8,0,64 139,1,16,,1165241,8,,,1,14,,1165298,8,0,64 139,1,56,,1165271,8,,,1,39,,1165278,8,,,1,71,,1165251,8,,,1,25,,1165231,8,0,64 139,1,70,,1165261,8,0,64 139,1,32,,1165255,8,0,64 139,1,75,,1032076,8,0,64 139,1,27,,1165265,8,0,64 139,1,72,,1100436,22,0,64 139,1,28,,1165299,22,0,64 139,1,70,,1165312,22,0,64 139,1
7501,'12',341,,1165380,22,0,64 139,1,70,,1165377,22,0,64 139,1,32,,1165364,22,0,64 139,1,65,,1165383,22,,,1,41,,1165313,8,,,1,69,,1165315,8,,,1,12,,1165359,8,0,64 139,1,12,,1165370,8,,,1,62,,1165337,8,0,64 139,1,14,,1165345,8,,,1,15,,1165339,8,0,64 139,1,16,,1165334,8,,,1,57,,1165323,8,0,64 139,1,16,,1165329,8,,,1,12,,1165368,8,0,64 139,1,15,,1165357,8,,,1,56,,1165395,8,0,64 139,1,14,,1165388,8,,,1,14,,1165381,8,,,1,15,,1165351,8,,,1,55,,1165397,8,,,1,15,,1165367,8,,,1,15,,1165327,8,,,1,15,,1165330,8,,,1,55,,1165353,8,,,1,15,,1165392,8,,,1,15,,1165355,8,,,1,15,,1165340,8,,,1,55,,1165361,8,,,1,15,,1165331,8,,,1,15,,1021424,8,0,64 139,1,15,,1165400,8,,,1,55,,1165333,8,0,64 139,1,15,,1165358,8,,,1,15,,1165396,8,0,64 139,1,15,,967388,8,,,1,57,,1165346,8,0,64 139,1,15,,1165335,8,,,1,14,,1004583,8,,,1,16,,1165321,8,,,1,56,,1165320,8,,,1,14,,1165336,8,,,1,10,,1165384,8,0,64 139,1,10,,1165369,8,,,1,8,,1165326,8,0,64 139,1,6,,1165382,1,0,64 139,1,2,,1165387,8,,,1,47,,1165362,8,0,64 139,1,3,,1165332,21,0,64 139,1,5,,1165374,8,,,1,9,,1049461,8,0,64 139,1,7,,1165349,8,,,1,6,,1165348,8,0,64 139,1,3,,1165347,21,0,64 139,1,6,,1165319,8,,,1,8,,1165325,8,,,1,8,,1165376,8,0,64 139,1,46,,1165366,8,,,1,8,,1165372,8,0,64 139,1,7,,1165363,8,,,1,7,,1165390,8,0,64 139,1,6,,1165393,8,,,1,9,,1165341,8,0,64 139,1,7,,1165391,8,,,1,8,,1165385,8,0,64 139,1,45,,1165375,8,,,1,10,,1102714,8,0,64 139,1,5,,1165314,8,,,1,8,,1165401,8,,,1,5,,1165398,8,0,64 139,1,10,,1165354,8,,,1,5,,1165386,8,0,64 139,1,10,,1165350,8,,,1,55,,1165356,8,,,1,15,,1165373,8,0,64 139,1,14,,1165317,8,,,1,14,,1165342,8,0,64 139,1,56,,1165343,8,,,1,15,,1165316,8,0,64 139,1,16,,1165322,8,,,1,14,,989477,8,0,64 139,1,56,,1165379,8,,,1,14,,1165360,8,0,64 139,1,16,,1165389,8,,,1,14,,1165344,8,0,64 139,1,56,,1165338,8,,,1,39,,1165328,8,,,1,71,,1165371,8,,,1,25,,1165394,8,0,64 139,1,70,,1165378,8,0,64 139,1,32,,1165352,8,0,64 139,1,75,,1165365,8,0,64 139,1,27,,1165324,8,0,64 139,1,72,,1165399,22,0,64 139,1,28,,1044545,22,0,64 139,1,70,,1165318,22,0,64 139,1
7501,'13',353,,1165425,22,0,64 139,1,70,,1165403,22,0,64 139,1,30,,1165466,22,0,64 139,1,70,,1165465,22,0,64 139,1,30,,1165433,22,0,64 139,1,70,,1165469,22,0,64 139,1,25,,1165410,22,,,1,75,,1071863,22,0,64 139,1,30,,1165411,22,,,1,70,,1165463,22,0,64 139,1,15,,1165448,22,0,64 139,1,16,,1165473,8,,,1,55,,1165413,8,0,64 139,1,15,,1165439,8,,,1,15,,1165436,8,0,64 139,1,15,,1165437,8,,,1,55,,1165450,8,0,64 139,1,15,,1165447,8,,,1,15,,1165412,8,0,64 139,1,15,,1165426,8,,,1,55,,1165471,8,0,64 139,1,15,,1165417,8,,,1,15,,1165443,8,0,64 139,1,15,,1165449,8,,,1,55,,1165451,8,0,64 139,1,15,,1165456,8,,,1,15,,1165434,8,0,64 139,1,15,,1165428,8,,,1,55,,1165472,8,0,64 139,1,15,,1165470,8,,,1,15,,1165468,8,0,64 139,1,15,,1165405,8,,,1,55,,1165423,8,0,64 139,1,15,,1165402,8,,,1,15,,1165454,8,0,64 139,1,15,,1165430,8,,,1,55,,1165431,8,0,64 139,1,15,,1165444,8,,,1,15,,1165442,8,0,64 139,1,15,,1165453,8,,,1,55,,1165420,8,0,64 139,1,15,,1165427,8,,,1,15,,1165441,8,0,64 139,1,15,,1165452,8,,,1,55,,1165414,8,0,64 139,1,15,,1165460,8,,,1,15,,1165438,8,0,64 139,1,15,,1165446,8,,,1,55,,1165419,8,0,64 139,1,15,,1074789,8,,,1,15,,1165432,8,0,64 139,1,15,,1165407,8,,,1,55,,1165415,8,0,64 139,1,15,,1165435,8,0,64 139,1,14,,1165455,8,0,64 139,1,16,,1165421,8,0,64 139,1,55,,1087464,8,0,64 139,1,15,,1165461,8,0,64 139,1,15,,1165424,8,0,64 139,1,15,,1062916,8,0,64 139,1,55,,1165404,8,0,64 139,1,15,,1165409,8,0,64 139,1,15,,1165440,8,0,64 139,1,15,,1165458,8,0,64 139,1,55,,1165445,8,0,64 139,1,20,,1165416,8,0,64 139,1,25,,1165464,8,0,64 139,1,70,,1165422,8,0,64 139,1,30,,1165457,8,0,64 139,1,70,,1165462,22,0,64 139,1,30,,1165429,22,0,64 139,1,70,,1165408,22,0,64 139,1,30,,1165418,22,0,64 139,1,70,,1165459,22,0,64 139,1,30,,1165467,22,0,64 139,1,70,,1165406,22,0,64 139,1
7501,'14',341,,1165550,22,0,64 139,1,70,,1165500,22,0,64 139,1,32,,1165485,22,0,64 139,1,65,,1165505,22,,,1,41,,1165540,8,,,1,69,,1165525,8,,,1,12,,1165516,8,0,64 139,1,12,,1165548,8,,,1,62,,1165479,8,0,64 139,1,14,,1165489,8,,,1,15,,1165555,8,0,64 139,1,16,,1165515,8,,,1,57,,1165488,8,0,64 139,1,16,,1165556,8,,,1,12,,1165484,8,0,64 139,1,15,,1165495,8,,,1,56,,1165542,8,0,64 139,1,14,,1165498,8,,,1,14,,1165499,8,,,1,15,,1165519,8,,,1,55,,1165538,8,,,1,15,,1165492,8,,,1,15,,1165568,8,,,1,15,,1165528,8,,,1,55,,1165514,8,,,1,15,,1165482,8,,,1,15,,1165536,8,,,1,15,,1165544,8,,,1,55,,1165557,8,,,1,15,,1165561,8,,,1,15,,1165491,8,0,64 139,1,15,,1165508,8,,,1,55,,1165541,8,0,64 139,1,15,,1165475,8,,,1,15,,1165480,8,0,64 139,1,15,,1165554,8,,,1,57,,1165545,8,0,64 139,1,15,,1165481,8,,,1,14,,1165520,8,,,1,16,,1165546,8,,,1,56,,1165478,8,,,1,14,,1165559,8,,,1,10,,1165563,8,0,64 139,1,10,,1165566,8,,,1,8,,1165549,8,0,64 139,1,6,,1165477,1,0,64 139,1,2,,1165526,8,,,1,47,,1165567,8,0,64 139,1,3,,1165494,21,0,64 139,1,5,,1165493,8,,,1,9,,1165483,8,0,64 139,1,7,,1165562,8,,,1,6,,1165503,8,0,64 139,1,3,,1165524,21,0,64 139,1,6,,1165547,8,,,1,8,,1165504,8,,,1,8,,1165531,8,0,64 139,1,46,,1165521,8,,,1,8,,1165490,8,0,64 139,1,7,,1165527,8,,,1,7,,1165518,8,0,64 139,1,6,,1165529,8,,,1,9,,1165543,8,0,64 139,1,7,,1165496,8,,,1,8,,1165507,8,0,64 139,1,45,,1165511,8,,,1,10,,1165509,8,0,64 139,1,5,,1165533,8,,,1,8,,1165565,8,,,1,5,,1165512,8,0,64 139,1,10,,1165553,8,,,1,5,,1165534,8,0,64 139,1,10,,1165476,8,,,1,55,,1165532,8,,,1,15,,1165558,8,0,64 139,1,14,,1165564,8,,,1,14,,1165522,8,0,64 139,1,56,,1165497,8,,,1,15,,1165535,8,0,64 139,1,16,,1165537,8,,,1,14,,1165501,8,0,64 139,1,56,,1165510,8,,,1,14,,1165539,8,0,64 139,1,16,,1165486,8,,,1,14,,1165551,8,0,64 139,1,56,,1165523,8,,,1,39,,1165530,8,,,1,71,,1165502,8,,,1,25,,1165474,8,0,64 139,1,70,,1165513,8,0,64 139,1,32,,1165506,8,0,64 139,1,75,,1165560,8,0,64 139,1,27,,1165517,8,0,64 139,1,72,,1165487,22,0,64 139,1,28,,1165552,22,0,64 139,1,70,,1165569,22,0,64 139,1
7501,'15',341,,1165642,22,0,64 139,1,70,,1165588,22,0,64 139,1,32,,1165662,22,0,64 139,1,65,,1165598,22,,,1,41,,1165637,8,,,1,69,,1165630,8,,,1,12,,1165609,8,0,64 139,1,12,,1165634,8,,,1,62,,1165607,8,0,64 139,1,14,,1165620,8,,,1,15,,1165635,8,0,64 139,1,16,,1165603,8,,,1,57,,1165664,8,0,64 139,1,16,,1165593,8,,,1,12,,1165582,8,0,64 139,1,15,,1165590,8,,,1,56,,1165643,8,0,64 139,1,14,,1165621,8,,,1,14,,1165615,8,,,1,15,,1165574,8,,,1,55,,1165665,8,,,1,15,,1165570,8,,,1,15,,1165654,8,,,1,15,,1165577,8,,,1,55,,1165636,8,,,1,15,,1165656,8,,,1,15,,1165586,8,,,1,15,,1165633,8,,,1,55,,1165608,8,,,1,15,,1165644,8,,,1,15,,1165660,8,0,64 139,1,15,,1165623,8,,,1,55,,1165624,8,0,64 139,1,15,,1165657,8,,,1,15,,1165580,8,0,64 139,1,15,,1165612,8,,,1,57,,1165616,8,0,64 139,1,15,,1165587,8,,,1,14,,1165572,8,,,1,16,,1165639,8,,,1,56,,1165592,8,,,1,14,,1165591,8,,,1,10,,1165600,8,0,64 139,1,10,,1165583,8,,,1,8,,1165640,8,0,64 139,1,6,,1165648,1,0,64 139,1,2,,1165647,8,,,1,47,,1165655,8,0,64 139,1,3,,1165613,21,0,64 139,1,5,,1165627,8,,,1,9,,1165629,8,0,64 139,1,7,,1165659,8,,,1,6,,1165619,8,0,64 139,1,3,,1165652,21,0,64 139,1,6,,1165596,8,,,1,8,,1165604,8,,,1,8,,1165595,8,0,64 139,1,46,,1165581,8,,,1,8,,1165584,8,0,64 139,1,7,,1165578,8,,,1,7,,1165614,8,0,64 139,1,6,,1165650,8,,,1,9,,1165638,8,0,64 139,1,7,,1165571,8,,,1,8,,1165575,8,0,64 139,1,45,,1165626,8,,,1,10,,1165628,8,0,64 139,1,5,,1165632,8,,,1,8,,1165605,8,,,1,5,,1165589,8,0,64 139,1,10,,1165646,8,,,1,5,,1165661,8,0,64 139,1,10,,1165653,8,,,1,55,,1165617,8,,,1,15,,1165658,8,0,64 139,1,14,,1165663,8,,,1,14,,1165597,8,0,64 139,1,56,,1165611,8,,,1,15,,1165649,8,0,64 139,1,16,,1165610,8,,,1,14,,1165573,8,0,64 139,1,56,,1165625,8,,,1,14,,1165606,8,0,64 139,1,16,,1165579,8,,,1,14,,1165622,8,0,64 139,1,56,,1165585,8,,,1,39,,1165618,8,,,1,71,,1165631,8,,,1,25,,1165594,8,0,64 139,1,70,,1165601,8,0,64 139,1,32,,1165602,8,0,64 139,1,75,,1165651,8,0,64 139,1,27,,1165641,8,0,64 139,1,72,,1165645,22,0,64 139,1,28,,1165599,22,0,64 139,1,70,,1165576,22,0,64 139,1
7501,'16',341,,1165729,22,0,64 139,1,70,,1165726,22,0,64 139,1,32,,1072863,22,0,64 139,1,65,,1165732,22,,,1,41,,1061764,8,,,1,69,,1068032,8,,,1,12,,1165708,8,0,64 139,1,12,,1165719,8,,,1,62,,1165687,8,0,64 139,1,14,,1165695,8,,,1,15,,1165689,8,0,64 139,1,16,,1165684,8,,,1,57,,1084767,8,0,64 139,1,16,,1165678,8,,,1,12,,1165717,8,0,64 139,1,15,,1165706,8,,,1,56,,1165744,8,0,64 139,1,14,,1165737,8,,,1,14,,1165730,8,,,1,15,,1165700,8,,,1,55,,1165745,8,,,1,15,,1165716,8,,,1,15,,1165674,8,,,1,15,,1165679,8,,,1,55,,1165702,8,,,1,15,,1083257,8,,,1,15,,1165704,8,,,1,15,,1165690,8,,,1,55,,1165711,8,,,1,15,,1165681,8,,,1,15,,1165709,8,0,64 139,1,15,,1165747,8,,,1,55,,1165683,8,0,64 139,1,15,,1165707,8,,,1,15,,1095261,8,0,64 139,1,15,,1165749,8,,,1,57,,1165696,8,0,64 139,1,15,,1165685,8,,,1,14,,1165675,8,,,1,16,,1165670,8,,,1,56,,1165669,8,,,1,14,,1165686,8,,,1,10,,1165733,8,0,64 139,1,10,,1165718,8,,,1,8,,1091334,8,0,64 139,1,6,,1165731,1,0,64 139,1,2,,1165736,8,,,1,47,,1165712,8,0,64 139,1,3,,1165682,21,0,64 139,1,5,,1165723,8,,,1,9,,1165743,8,0,64 139,1,7,,1165698,8,,,1,6,,1165697,8,0,64 139,1,3,,1083642,21,0,64 139,1,6,,1098159,8,,,1,8,,1165672,8,,,1,8,,1165725,8,0,64 139,1,46,,1165715,8,,,1,8,,1165721,8,0,64 139,1,7,,1165713,8,,,1,7,,1165739,8,0,64 139,1,6,,1165741,8,,,1,9,,1165691,8,0,64 139,1,7,,1165740,8,,,1,8,,1165734,8,0,64 139,1,45,,1165724,8,,,1,10,,1165676,8,0,64 139,1,5,,1165666,8,,,1,8,,1165748,8,,,1,5,,1165746,8,0,64 139,1,10,,1165703,8,,,1,5,,1165735,8,0,64 139,1,10,,1165699,8,,,1,55,,1165705,8,,,1,15,,1165722,8,0,64 139,1,14,,1165667,8,,,1,14,,1165692,8,0,64 139,1,56,,1165693,8,,,1,15,,1080766,8,0,64 139,1,16,,1165671,8,,,1,14,,1165673,8,0,64 139,1,56,,1165728,8,,,1,14,,1165710,8,0,64 139,1,16,,1165738,8,,,1,14,,1165694,8,0,64 139,1,56,,1165688,8,,,1,39,,1165677,8,,,1,71,,1165720,8,,,1,25,,1165742,8,0,64 139,1,70,,1165727,8,0,64 139,1,32,,1165701,8,0,64 139,1,75,,1165714,8,0,64 139,1,27,,1083635,8,0,64 139,1,72,,965681,22,0,64 139,1,28,,1165680,22,0,64 139,1,70,,1165668,22,0,64 139,1
7501,'17',353,,1165775,22,0,64 139,1,70,,1165751,22,0,64 139,1,30,,1165817,22,0,64 139,1,70,,1165816,22,0,64 139,1,30,,1165784,22,0,64 139,1,70,,1165821,22,0,64 139,1,25,,1165760,22,,,1,75,,1165781,22,0,64 139,1,30,,1165761,22,,,1,70,,1165814,22,0,64 139,1,15,,1165799,22,0,64 139,1,16,,1165825,8,,,1,55,,1165763,8,0,64 139,1,15,,1165790,8,,,1,15,,1165787,8,0,64 139,1,15,,1165788,8,,,1,55,,1165801,8,0,64 139,1,15,,1165798,8,,,1,15,,1165762,8,0,64 139,1,15,,1165776,8,,,1,55,,1165823,8,0,64 139,1,15,,1165767,8,,,1,15,,1165794,8,0,64 139,1,15,,1165800,8,,,1,55,,1165802,8,0,64 139,1,15,,1165807,8,,,1,15,,1165785,8,0,64 139,1,15,,1165778,8,,,1,55,,1165824,8,0,64 139,1,15,,1165822,8,,,1,15,,1165819,8,0,64 139,1,15,,1165754,8,,,1,55,,1165773,8,0,64 139,1,15,,1165750,8,,,1,15,,1165805,8,0,64 139,1,15,,1165780,8,,,1,55,,1165782,8,0,64 139,1,15,,1165795,8,,,1,15,,1165793,8,0,64 139,1,15,,1165804,8,,,1,55,,1165770,8,0,64 139,1,15,,1165777,8,,,1,15,,1165792,8,0,64 139,1,15,,1165803,8,,,1,55,,1165764,8,0,64 139,1,15,,1165811,8,,,1,15,,1165789,8,0,64 139,1,15,,1165797,8,,,1,55,,1165769,8,0,64 139,1,15,,1165757,8,,,1,15,,1165783,8,0,64 139,1,15,,1165756,8,,,1,55,,1165765,8,0,64 139,1,15,,1165786,8,0,64 139,1,14,,1165806,8,0,64 139,1,16,,1165771,8,0,64 139,1,55,,1165820,8,0,64 139,1,15,,1165812,8,0,64 139,1,15,,1165774,8,0,64 139,1,15,,1165752,8,0,64 139,1,55,,1165753,8,0,64 139,1,15,,1165759,8,0,64 139,1,15,,1165791,8,0,64 139,1,15,,1165809,8,0,64 139,1,55,,1165796,8,0,64 139,1,20,,1165766,8,0,64 139,1,25,,1165815,8,0,64 139,1,70,,1165772,8,0,64 139,1,30,,1165808,8,0,64 139,1,70,,1165813,22,0,64 139,1,30,,1165779,22,0,64 139,1,70,,1165758,22,0,64 139,1,30,,1165768,22,0,64 139,1,70,,1165810,22,0,64 139,1,30,,1165818,22,0,64 139,1,70,,1165755,22,0,64 139,1
7501,'2',350,,1165886,22,0,64 139,1,70,,1165883,22,0,64 139,1,30,,1165850,22,0,64 139,1,70,,1165858,22,0,64 139,1,30,,1100490,22,0,64 139,1,70,,1165893,22,,,1,20,,1165871,8,0,64 139,1,15,,1165884,8,0,64 139,1,55,,1165888,8,,,1,15,,1165895,8,0,64 139,1,15,,1165857,8,0,64 139,1,15,,1165872,8,,,1,55,,1165867,8,0,64 139,1,16,,1165832,8,,,1,15,,1165860,8,0,64 139,1,15,,1165878,8,,,1,55,,1165863,8,0,64 139,1,15,,1165833,8,,,1,15,,1165829,8,0,64 139,1,15,,1165843,8,,,1,55,,1165894,8,0,64 139,1,15,,1165861,8,,,1,15,,1089889,8,0,64 139,1,15,,1165882,8,,,1,55,,1165849,8,0,64 139,1,15,,1165877,8,,,1,15,,1165842,8,0,64 139,1,15,,1165841,8,,,1,55,,1066334,8,,,1,15,,1165865,8,,,1,15,,1165859,8,,,1,15,,1165835,8,,,1,55,,1165892,8,0,64 139,1,15,,1165890,8,,,1,15,,1165826,8,0,64 139,1,15,,1165876,8,,,1,55,,1072239,8,0,64 139,1,15,,1087760,8,,,1,15,,1165827,8,0,64 139,1,15,,1165881,8,,,1,55,,1165875,8,,,1,15,,1165891,8,,,1,15,,1165874,8,,,1,15,,1165834,8,,,1,55,,1165831,8,0,64 139,1,15,,1165856,8,,,1,15,,1165887,8,0,64 139,1,15,,1072030,8,,,1,55,,1165864,8,0,64 139,1,15,,1165855,8,,,1,15,,1165838,8,0,64 139,1,15,,1165847,8,,,1,55,,1165854,8,0,64 139,1,15,,1165898,8,,,1,15,,1165837,8,0,64 139,1,15,,1165862,8,,,1,55,,1165828,8,0,64 139,1,14,,1165845,8,,,1,15,,1165853,8,0,64 139,1,15,,1165879,8,,,1,55,,1065979,8,0,64 139,1,15,,1165839,8,,,1,15,,1165836,8,0,64 139,1,15,,1090670,8,,,1,55,,1165889,8,0,64 139,1,15,,1165873,8,,,1,15,,1165866,8,0,64 139,1,15,,1165844,8,,,1,55,,1165846,8,0,64 139,1,15,,1165896,8,0,64 139,1,15,,1165869,8,0,64 139,1,15,,1165868,8,0,64 139,1,55,,1165830,8,0,64 139,1,15,,1165880,8,0,64 139,1,15,,1165851,8,0,64 139,1,15,,1165870,8,0,64 139,1,63,,1165840,8,0,64 139,1,30,,1066341,8,0,64 139,1,70,,1165885,8,0,64 139,1,30,,1089376,8,0,64 139,1,70,,1165852,8,0,64 139,1,30,,1165848,8,0,64 139,1,74,,1165897,22,0,64 139,1
7501,'3',353,,1165924,22,0,64 139,1,70,,1165900,22,0,64 139,1,30,,1165966,22,0,64 139,1,70,,1165965,22,0,64 139,1,30,,1165933,22,0,64 139,1,70,,1165970,22,0,64 139,1,25,,1165909,22,,,1,75,,1165930,22,0,64 139,1,30,,1165910,22,,,1,70,,1165963,22,0,64 139,1,15,,1165948,22,0,64 139,1,16,,1165974,8,,,1,55,,1165912,8,0,64 139,1,15,,1165939,8,,,1,15,,1165936,8,0,64 139,1,15,,1165937,8,,,1,55,,1165950,8,0,64 139,1,15,,1165947,8,,,1,15,,1165911,8,0,64 139,1,15,,1165925,8,,,1,55,,1165972,8,0,64 139,1,15,,1165916,8,,,1,15,,1165943,8,0,64 139,1,15,,1165949,8,,,1,55,,1165951,8,0,64 139,1,15,,1165956,8,,,1,15,,1165934,8,0,64 139,1,15,,1165927,8,,,1,55,,1165973,8,0,64 139,1,15,,1165971,8,,,1,15,,1165968,8,0,64 139,1,15,,1165903,8,,,1,55,,1165922,8,0,64 139,1,15,,1165899,8,,,1,15,,1165954,8,0,64 139,1,15,,1165929,8,,,1,55,,1165931,8,0,64 139,1,15,,1165944,8,,,1,15,,1165942,8,0,64 139,1,15,,1165953,8,,,1,55,,1165919,8,0,64 139,1,15,,1165926,8,,,1,15,,1165941,8,0,64 139,1,15,,1165952,8,,,1,55,,1165913,8,0,64 139,1,15,,1165960,8,,,1,15,,1165938,8,0,64 139,1,15,,1165946,8,,,1,55,,1165918,8,0,64 139,1,15,,1165906,8,,,1,15,,1165932,8,0,64 139,1,15,,1165905,8,,,1,55,,1165914,8,0,64 139,1,15,,1165935,8,0,64 139,1,14,,1165955,8,0,64 139,1,16,,1165920,8,0,64 139,1,55,,1165969,8,0,64 139,1,15,,1165961,8,0,64 139,1,15,,1165923,8,0,64 139,1,15,,1165901,8,0,64 139,1,55,,1165902,8,0,64 139,1,15,,1165908,8,0,64 139,1,15,,1165940,8,0,64 139,1,15,,1165958,8,0,64 139,1,55,,1165945,8,0,64 139,1,20,,1165915,8,0,64 139,1,25,,1165964,8,0,64 139,1,70,,1165921,8,0,64 139,1,30,,1165957,8,0,64 139,1,70,,1165962,22,0,64 139,1,30,,1165928,22,0,64 139,1,70,,1165907,22,0,64 139,1,30,,1165917,22,0,64 139,1,70,,1165959,22,0,64 139,1,30,,1165967,22,0,64 139,1,70,,1165904,22,0,64 139,1
7501,'4',353,,1166041,22,0,64 139,1,70,,1165981,22,0,64 139,1,30,,1166040,22,0,64 139,1,70,,1165991,22,0,64 139,1,30,,1166018,22,0,64 139,1,70,,1166031,22,0,64 139,1,25,,1166011,22,,,1,75,,1044778,22,0,64 139,1,30,,1166029,22,,,1,70,,1166013,22,0,64 139,1,15,,1166027,22,0,64 139,1,16,,1166015,8,,,1,55,,1069984,8,0,64 139,1,15,,1165978,8,,,1,15,,1165989,8,0,64 139,1,15,,1165992,8,,,1,55,,1166035,8,0,64 139,1,15,,1166003,8,,,1,15,,1166026,8,0,64 139,1,15,,1166030,8,,,1,55,,1166000,8,0,64 139,1,15,,1165993,8,,,1,15,,1165999,8,0,64 139,1,15,,1166004,8,,,1,55,,1165987,8,0,64 139,1,15,,1166016,8,,,1,15,,1166028,8,0,64 139,1,15,,1166045,8,,,1,55,,1165984,8,0,64 139,1,15,,1166001,8,,,1,15,,1166002,8,0,64 139,1,15,,1165983,8,,,1,55,,1165975,8,0,64 139,1,15,,1099977,8,,,1,15,,1166025,8,0,64 139,1,15,,1166044,8,,,1,55,,1090775,8,0,64 139,1,15,,1166033,8,,,1,15,,1166043,8,0,64 139,1,15,,1166007,8,,,1,55,,1165977,8,0,64 139,1,15,,1166020,8,,,1,15,,1165988,8,0,64 139,1,15,,1166042,8,,,1,55,,1165976,8,0,64 139,1,15,,1166006,8,,,1,15,,1166014,8,0,64 139,1,15,,1166023,8,,,1,55,,1166005,8,0,64 139,1,15,,1166032,8,,,1,15,,1166024,8,0,64 139,1,15,,1165994,8,,,1,55,,1166039,8,0,64 139,1,15,,1165995,8,0,64 139,1,14,,1166010,8,0,64 139,1,16,,1166037,8,0,64 139,1,55,,1166009,8,0,64 139,1,15,,1165996,8,0,64 139,1,15,,1165979,8,0,64 139,1,15,,1166022,8,0,64 139,1,55,,1166019,8,0,64 139,1,15,,1165986,8,0,64 139,1,15,,1166017,8,0,64 139,1,15,,1068812,8,0,64 139,1,55,,1166012,8,0,64 139,1,20,,1165998,8,0,64 139,1,25,,1166034,8,0,64 139,1,70,,1165997,8,0,64 139,1,30,,1165980,8,0,64 139,1,70,,1165990,22,0,64 139,1,30,,1165982,22,0,64 139,1,70,,1166021,22,0,64 139,1,30,,1166038,22,0,64 139,1,70,,1166008,22,0,64 139,1,30,,1166036,22,0,64 139,1,70,,1165985,22,0,64 139,1
7501,'5',341,,1166112,22,0,64 139,1,70,,1070564,22,0,64 139,1,32,,1093332,22,0,64 139,1,65,,1166069,22,,,1,41,,1166102,8,,,1,69,,1166088,8,,,1,12,,1166079,8,0,64 139,1,12,,1166110,8,,,1,62,,1166051,8,0,64 139,1,14,,1097788,8,,,1,15,,1166117,8,0,64 139,1,16,,1166078,8,,,1,57,,1166057,8,0,64 139,1,16,,1166118,8,,,1,12,,1059899,8,0,64 139,1,15,,1166062,8,,,1,56,,1166104,8,0,64 139,1,14,,1166064,8,,,1,14,,1076961,8,,,1,15,,1166082,8,,,1,55,,1166100,8,,,1,15,,1166060,8,,,1,15,,1102317,8,,,1,15,,1166091,8,,,1,55,,1166077,8,,,1,15,,1166054,8,,,1,15,,1166098,8,,,1,15,,1166106,8,,,1,55,,1166119,8,,,1,15,,1166122,8,,,1,15,,1166059,8,0,64 139,1,15,,1166072,8,,,1,55,,1166103,8,0,64 139,1,15,,1166047,8,,,1,15,,1166052,8,0,64 139,1,15,,1166116,8,,,1,57,,1166107,8,0,64 139,1,15,,1166053,8,,,1,14,,1166083,8,,,1,16,,1166108,8,,,1,56,,1166050,8,,,1,14,,1166121,8,,,1,10,,1166123,8,0,64 139,1,10,,1166125,8,,,1,8,,1166111,8,0,64 139,1,6,,1166049,1,0,64 139,1,2,,1166089,8,,,1,47,,1166126,8,0,64 139,1,3,,1166061,21,0,64 139,1,5,,1056838,8,,,1,9,,1166055,8,0,64 139,1,7,,972152,8,,,1,6,,1166067,8,0,64 139,1,3,,1166087,21,0,64 139,1,6,,1166109,8,,,1,8,,1166068,8,,,1,8,,1166094,8,0,64 139,1,46,,1166084,8,,,1,8,,1166058,8,0,64 139,1,7,,1166090,8,,,1,7,,1166081,8,0,64 139,1,6,,1166092,8,,,1,9,,1166105,8,0,64 139,1,7,,1166063,8,,,1,8,,1166071,8,0,64 139,1,45,,1073011,8,,,1,10,,1166073,8,0,64 139,1,5,,1166095,8,,,1,8,,1063077,8,,,1,5,,1166075,8,0,64 139,1,10,,1166115,8,,,1,5,,1166096,8,0,64 139,1,10,,1166048,8,,,1,55,,1085011,8,,,1,15,,1166120,8,0,64 139,1,14,,1166124,8,,,1,14,,1166085,8,0,64 139,1,56,,1098854,8,,,1,15,,1166097,8,0,64 139,1,16,,1166099,8,,,1,14,,1166065,8,0,64 139,1,56,,1166074,8,,,1,14,,1166101,8,0,64 139,1,16,,1166056,8,,,1,14,,1166113,8,0,64 139,1,56,,1166086,8,,,1,39,,1166093,8,,,1,71,,1166066,8,,,1,25,,1166046,8,0,64 139,1,70,,1166076,8,0,64 139,1,32,,1166070,8,0,64 139,1,75,,1031823,8,0,64 139,1,27,,1166080,8,0,64 139,1,72,,1100396,22,0,64 139,1,28,,1166114,22,0,64 139,1,70,,1166127,22,0,64 139,1
7501,'6',341,,1166194,22,0,64 139,1,70,,1166191,22,0,64 139,1,32,,1166178,22,0,64 139,1,65,,1166197,22,,,1,41,,1166128,8,,,1,69,,1166129,8,,,1,12,,1166172,8,0,64 139,1,12,,1166184,8,,,1,62,,1166150,8,0,64 139,1,14,,1166158,8,,,1,15,,1166152,8,0,64 139,1,16,,1166147,8,,,1,57,,1166134,8,0,64 139,1,16,,1166141,8,,,1,12,,1166182,8,0,64 139,1,15,,1166170,8,,,1,56,,1072192,8,0,64 139,1,14,,1166202,8,,,1,14,,1166195,8,,,1,15,,1166164,8,,,1,55,,1076064,8,,,1,15,,1166181,8,,,1,15,,1072001,8,,,1,15,,1166142,8,,,1,55,,1166166,8,,,1,15,,1166203,8,,,1,15,,1166168,8,,,1,15,,1166153,8,,,1,55,,1166175,8,,,1,15,,1166144,8,,,1,15,,1166173,8,0,64 139,1,15,,1023953,8,,,1,55,,1166146,8,0,64 139,1,15,,1166171,8,,,1,15,,1166205,8,0,64 139,1,15,,1166207,8,,,1,57,,1166159,8,0,64 139,1,15,,1166148,8,,,1,14,,1166138,8,,,1,16,,955693,8,,,1,56,,1100098,8,,,1,14,,1166149,8,,,1,10,,1166198,8,0,64 139,1,10,,1166183,8,,,1,8,,1166136,8,0,64 139,1,6,,1166196,1,0,64 139,1,2,,1166201,8,,,1,47,,1166176,8,0,64 139,1,3,,1166145,21,0,64 139,1,5,,1166188,8,,,1,9,,1166204,8,0,64 139,1,7,,1166162,8,,,1,6,,1166161,8,0,64 139,1,3,,1166160,21,0,64 139,1,6,,1166132,8,,,1,8,,1079311,8,,,1,8,,1166190,8,0,64 139,1,46,,1166180,8,,,1,8,,1166186,8,0,64 139,1,7,,1166177,8,,,1,7,,1092257,8,0,64 139,1,6,,1045837,8,,,1,9,,1166154,8,0,64 139,1,7,,1101974,8,,,1,8,,1166199,8,0,64 139,1,45,,1166189,8,,,1,10,,1166139,8,0,64 139,1,5,,1040092,8,,,1,8,,1075183,8,,,1,5,,1008342,8,0,64 139,1,10,,1166167,8,,,1,5,,1166200,8,0,64 139,1,10,,1166163,8,,,1,55,,1166169,8,,,1,15,,1166187,8,0,64 139,1,14,,1166131,8,,,1,14,,1166155,8,0,64 139,1,56,,1166156,8,,,1,15,,1166130,8,0,64 139,1,16,,1166133,8,,,1,14,,1166137,8,0,64 139,1,56,,1166193,8,,,1,14,,1166174,8,0,64 139,1,16,,1083724,8,,,1,14,,1166157,8,0,64 139,1,56,,1166151,8,,,1,39,,1166140,8,,,1,71,,1166185,8,,,1,25,,1067071,8,0,64 139,1,70,,1166192,8,0,64 139,1,32,,1166165,8,0,64 139,1,75,,1166179,8,0,64 139,1,27,,1166135,8,0,64 139,1,72,,1166206,22,0,64 139,1,28,,1166143,22,0,64 139,1,70,,1052221,22,0,64 139,1
7501,'7',350,,1166267,22,0,64 139,1,70,,1166282,22,0,64 139,1,30,,1166276,22,0,64 139,1,70,,1166219,22,0,64 139,1,30,,1166266,22,0,64 139,1,70,,1166265,22,,,1,20,,1166271,8,0,64 139,1,15,,1166241,8,0,64 139,1,55,,1166270,8,,,1,15,,1166236,8,0,64 139,1,15,,1166238,8,0,64 139,1,15,,1166212,8,,,1,55,,1166250,8,0,64 139,1,16,,1166229,8,,,1,15,,1166249,8,0,64 139,1,15,,1166255,8,,,1,55,,1166251,8,0,64 139,1,15,,1166226,8,,,1,15,,1166288,8,0,64 139,1,15,,1166280,8,,,1,55,,1166260,8,0,64 139,1,15,,1166277,8,,,1,15,,1166257,8,0,64 139,1,15,,1166254,8,,,1,55,,1166225,8,0,64 139,1,15,,1166222,8,,,1,15,,1166224,8,0,64 139,1,15,,1166261,8,,,1,55,,1166228,8,,,1,15,,1166283,8,,,1,15,,1166290,8,,,1,15,,1166248,8,,,1,55,,1166256,8,0,64 139,1,15,,1166209,8,,,1,15,,1166262,8,0,64 139,1,15,,1166252,8,,,1,55,,1166286,8,0,64 139,1,15,,1166287,8,,,1,15,,1166284,8,0,64 139,1,15,,1166211,8,,,1,55,,1166259,8,,,1,15,,1166258,8,,,1,15,,1166227,8,,,1,15,,1166289,8,,,1,55,,1166279,8,0,64 139,1,15,,1166217,8,,,1,15,,1166221,8,0,64 139,1,15,,1166208,8,,,1,55,,1166247,8,0,64 139,1,15,,1166263,8,,,1,15,,1166213,8,0,64 139,1,15,,1166218,8,,,1,55,,1166232,8,0,64 139,1,15,,1166272,8,,,1,15,,1166239,8,0,64 139,1,15,,1166244,8,,,1,55,,1166237,8,0,64 139,1,14,,1166210,8,,,1,15,,1166223,8,0,64 139,1,15,,1166278,8,,,1,55,,1166268,8,0,64 139,1,15,,1166235,8,,,1,15,,1166214,8,0,64 139,1,15,,1166230,8,,,1,55,,1166243,8,0,64 139,1,15,,1166215,8,,,1,15,,1166242,8,0,64 139,1,15,,1166285,8,,,1,55,,1166274,8,0,64 139,1,15,,1166253,8,0,64 139,1,15,,1166281,8,0,64 139,1,15,,1166275,8,0,64 139,1,55,,1166234,8,0,64 139,1,15,,1166231,8,0,64 139,1,15,,1166264,8,0,64 139,1,15,,1166269,8,0,64 139,1,63,,1166233,8,0,64 139,1,30,,1166273,8,0,64 139,1,70,,1166240,8,0,64 139,1,30,,1166216,8,0,64 139,1,70,,1166220,8,0,64 139,1,30,,1166246,8,0,64 139,1,74,,1166245,22,0,64 139,1
7501,'8',341,,1166363,22,0,64 139,1,70,,1166360,22,0,64 139,1,32,,1166347,22,0,64 139,1,65,,1166366,22,,,1,41,,1166291,8,,,1,69,,1166293,8,,,1,12,,1166341,8,0,64 139,1,12,,1166353,8,,,1,62,,1166319,8,0,64 139,1,14,,1166327,8,,,1,15,,1166321,8,0,64 139,1,16,,1166316,8,,,1,57,,1166301,8,0,64 139,1,16,,1166310,8,,,1,12,,1166351,8,0,64 139,1,15,,1166339,8,,,1,56,,1166379,8,0,64 139,1,14,,1166371,8,,,1,14,,1166364,8,,,1,15,,1166333,8,,,1,55,,1166381,8,,,1,15,,1166350,8,,,1,15,,1166306,8,,,1,15,,1166311,8,,,1,55,,1166335,8,,,1,15,,1166375,8,,,1,15,,1166337,8,,,1,15,,1166322,8,,,1,55,,1166344,8,,,1,15,,1166313,8,,,1,15,,1166342,8,0,64 139,1,15,,1166384,8,,,1,55,,1166315,8,0,64 139,1,15,,1166340,8,,,1,15,,1166380,8,0,64 139,1,15,,1166386,8,,,1,57,,1166328,8,0,64 139,1,15,,1166317,8,,,1,14,,1166307,8,,,1,16,,1166299,8,,,1,56,,1166298,8,,,1,14,,1166318,8,,,1,10,,1166367,8,0,64 139,1,10,,1166352,8,,,1,8,,1166304,8,0,64 139,1,6,,1166365,1,0,64 139,1,2,,1166370,8,,,1,47,,1166345,8,0,64 139,1,3,,1166314,21,0,64 139,1,5,,1166357,8,,,1,9,,1166378,8,0,64 139,1,7,,1166331,8,,,1,6,,1166330,8,0,64 139,1,3,,1166329,21,0,64 139,1,6,,1166297,8,,,1,8,,1166303,8,,,1,8,,1166359,8,0,64 139,1,46,,1166349,8,,,1,8,,1166355,8,0,64 139,1,7,,1166346,8,,,1,7,,1166373,8,0,64 139,1,6,,1166376,8,,,1,9,,1166323,8,0,64 139,1,7,,1166374,8,,,1,8,,1166368,8,0,64 139,1,45,,1166358,8,,,1,10,,1166308,8,0,64 139,1,5,,1166292,8,,,1,8,,1166385,8,,,1,5,,1166382,8,0,64 139,1,10,,1166336,8,,,1,5,,1166369,8,0,64 139,1,10,,1166332,8,,,1,55,,1166338,8,,,1,15,,1166356,8,0,64 139,1,14,,1166295,8,,,1,14,,1166324,8,0,64 139,1,56,,1166325,8,,,1,15,,1166294,8,0,64 139,1,16,,1166300,8,,,1,14,,1166305,8,0,64 139,1,56,,1166362,8,,,1,14,,1166343,8,0,64 139,1,16,,1166372,8,,,1,14,,1166326,8,0,64 139,1,56,,1166320,8,,,1,39,,1166309,8,,,1,71,,1166354,8,,,1,25,,1166377,8,0,64 139,1,70,,1166361,8,0,64 139,1,32,,1166334,8,0,64 139,1,75,,1166348,8,0,64 139,1,27,,1166302,8,0,64 139,1,72,,1166383,22,0,64 139,1,28,,1166312,22,0,64 139,1,70,,1166296,22,0,64 139,1
7501,'9',341,,1166453,22,0,64 139,1,70,,1070473,22,0,64 139,1,32,,1093176,22,0,64 139,1,65,,1166410,22,,,1,41,,1166443,8,,,1,69,,1166429,8,,,1,12,,1166420,8,0,64 139,1,12,,1166451,8,,,1,62,,1166392,8,0,64 139,1,14,,1097677,8,,,1,15,,1166458,8,0,64 139,1,16,,1166419,8,,,1,57,,1166398,8,0,64 139,1,16,,1166459,8,,,1,12,,1059904,8,0,64 139,1,15,,1166403,8,,,1,56,,1166445,8,0,64 139,1,14,,1166405,8,,,1,14,,1076856,8,,,1,15,,1166423,8,,,1,55,,1166441,8,,,1,15,,1166401,8,,,1,15,,1102315,8,,,1,15,,1166432,8,,,1,55,,1166418,8,,,1,15,,1166395,8,,,1,15,,1166439,8,,,1,15,,1166447,8,,,1,55,,1166460,8,,,1,15,,1166463,8,,,1,15,,1166400,8,0,64 139,1,15,,1166413,8,,,1,55,,1166444,8,0,64 139,1,15,,1166388,8,,,1,15,,1166393,8,0,64 139,1,15,,1166457,8,,,1,57,,1166448,8,0,64 139,1,15,,1166394,8,,,1,14,,1166424,8,,,1,16,,1166449,8,,,1,56,,1166391,8,,,1,14,,1166462,8,,,1,10,,1166464,8,0,64 139,1,10,,1166466,8,,,1,8,,1166452,8,0,64 139,1,6,,1166390,1,0,64 139,1,2,,1166430,8,,,1,47,,1166467,8,0,64 139,1,3,,1166402,21,0,64 139,1,5,,1057032,8,,,1,9,,1166396,8,0,64 139,1,7,,972082,8,,,1,6,,1166408,8,0,64 139,1,3,,1166428,21,0,64 139,1,6,,1166450,8,,,1,8,,1166409,8,,,1,8,,1166435,8,0,64 139,1,46,,1166425,8,,,1,8,,1166399,8,0,64 139,1,7,,1166431,8,,,1,7,,1166422,8,0,64 139,1,6,,1166433,8,,,1,9,,1166446,8,0,64 139,1,7,,1166404,8,,,1,8,,1166412,8,0,64 139,1,45,,1072950,8,,,1,10,,1166414,8,0,64 139,1,5,,1166436,8,,,1,8,,1062901,8,,,1,5,,1166416,8,0,64 139,1,10,,1166456,8,,,1,5,,1166437,8,0,64 139,1,10,,1166389,8,,,1,55,,1084944,8,,,1,15,,1166461,8,0,64 139,1,14,,1166465,8,,,1,14,,1166426,8,0,64 139,1,56,,1098810,8,,,1,15,,1166438,8,0,64 139,1,16,,1166440,8,,,1,14,,1166406,8,0,64 139,1,56,,1166415,8,,,1,14,,1166442,8,0,64 139,1,16,,1166397,8,,,1,14,,1166454,8,0,64 139,1,56,,1166427,8,,,1,39,,1166434,8,,,1,71,,1166407,8,,,1,25,,1166387,8,0,64 139,1,70,,1166417,8,0,64 139,1,32,,1166411,8,0,64 139,1,75,,1032184,8,0,64 139,1,27,,1166421,8,0,64 139,1,72,,1100355,22,0,64 139,1,28,,1166455,22,0,64 139,1,70,,1166468,22,0,64 139,1
8200,'1',545,,1169133,50,4,,1,104,,1169126,50,4,,1,151,,1169144,50,4,,1,101,,1049262,50,4,,1,24,,1169136,52,4,,1,30,,1169127,52,4,,1,69,,1169145,52,4,,1,30,,1169155,52,4,,1,70,,1169142,52,4,,1,30,,1169154,52,4,,1,70,,1169153,52,4,,1,30,,1169141,52,4,,1,71,,1169151,52,4,,1,31,,1169139,52,4,,1,71,,1169124,52,4,,1,23,,1169134,36,4,,1,9,,935104,52,4,,1,73,,1169132,52,4,,1,13,,1169140,16,4,,1,8,,1084883,16,4,,1,49,,1169131,55,4,,1,31,,1169152,55,4,,1,73,,1169130,55,4,,1,31,,1169128,55,4,,1,66,,1169129,55,4,,1,26,,1169148,55,4,,1,27,,1169147,55,4,,1,68,,1169149,52,4,,1,29,,1169135,52,4,,1,68,,1169125,52,4,,1,32,,1169146,52,4,,1,70,,1169150,52,4,,1,26,,1169143,52,4,,1,70,,1169137,50,4,,1,29,,1169138,50,4,,1,97,,1011665,50,4,,1
8200,'10',545,,1169165,50,4,,1,104,,1169158,50,4,,1,151,,1169176,50,4,,1,101,,1049379,50,4,,1,24,,1169168,52,4,,1,30,,1169159,52,4,,1,69,,1169177,52,4,,1,30,,1169187,52,4,,1,70,,1169174,52,4,,1,30,,1169186,52,4,,1,70,,1169185,52,4,,1,30,,1169173,52,4,,1,71,,1169183,52,4,,1,31,,1169171,52,4,,1,71,,1169156,52,4,,1,23,,1169166,36,4,,1,9,,935106,52,4,,1,73,,1169164,52,4,,1,13,,1169172,16,4,,1,8,,1084868,16,4,,1,49,,1169163,55,4,,1,31,,1169184,55,4,,1,73,,1169162,55,4,,1,31,,1169160,55,4,,1,66,,1169161,55,4,,1,26,,1169180,55,4,,1,27,,1169179,55,4,,1,68,,1169181,52,4,,1,29,,1169167,52,4,,1,68,,1169157,52,4,,1,32,,1169178,52,4,,1,70,,1169182,52,4,,1,26,,1169175,52,4,,1,70,,1169169,50,4,,1,29,,1169170,50,4,,1,97,,1011742,50,4,,1
8200,'11',545,,1169197,50,4,,1,104,,1169190,50,4,,1,151,,1169208,50,4,,1,101,,1049228,50,4,,1,24,,1169200,52,4,,1,30,,1169191,52,4,,1,69,,1169209,52,4,,1,30,,1169219,52,4,,1,70,,1169206,52,4,,1,30,,1169218,52,4,,1,70,,1169217,52,4,,1,30,,1169205,52,4,,1,71,,1169215,52,4,,1,31,,1169203,52,4,,1,71,,1169188,52,4,,1,23,,1169198,36,4,,1,9,,935102,52,4,,1,73,,1169196,52,4,,1,13,,1169204,16,4,,1,8,,1084888,16,4,,1,49,,1169195,55,4,,1,31,,1169216,55,4,,1,73,,1169194,55,4,,1,31,,1169192,55,4,,1,66,,1169193,55,4,,1,26,,1169212,55,4,,1,27,,1169211,55,4,,1,68,,1169213,52,4,,1,29,,1169199,52,4,,1,68,,1169189,52,4,,1,32,,1169210,52,4,,1,70,,1169214,52,4,,1,26,,1169207,52,4,,1,70,,1169201,50,4,,1,29,,1169202,50,4,,1,97,,1011644,50,4,,1
8200,'12',545,,1169251,50,4,,1,104,,1169243,50,4,,1,151,,1169230,50,4,,1,101,,1169237,50,4,,1,24,,1169234,52,4,,1,30,,1169232,52,4,,1,69,,1169250,52,4,,1,30,,1169224,52,4,,1,70,,1169227,52,4,,1,30,,1169229,52,4,,1,70,,1169245,52,4,,1,30,,1070536,52,4,,1,71,,1169220,52,4,,1,31,,1169226,52,4,,1,71,,1169228,52,4,,1,23,,1169246,36,4,,1,9,,1169241,52,4,,1,73,,1169233,52,4,,1,13,,1169239,16,4,,1,8,,1169236,16,4,,1,49,,1169244,55,4,,1,31,,1169249,55,4,,1,73,,1169247,55,4,,1,31,,1169231,55,4,,1,66,,1169223,55,4,,1,26,,1169235,55,4,,1,27,,1169225,55,4,,1,68,,1169240,52,4,,1,29,,969575,52,4,,1,68,,1169242,52,4,,1,32,,1169238,52,4,,1,70,,981099,52,4,,1,26,,1169222,52,4,,1,70,,1078639,50,4,,1,29,,1169248,50,4,,1,97,,1169221,50,4,,1
8200,'13',750,,1169259,50,4,,1,97,,1098823,50,4,,1,100,,1078986,50,4,,1,106,,1169269,52,4,,1,70,,1169253,52,4,,1,30,,1169266,52,4,,1,70,,1169270,52,4,,1,30,,1169257,52,4,,1,70,,1169252,52,4,,1,30,,1169267,52,4,,1,70,,1071625,52,4,,1,30,,1169268,52,4,,1,70,,1169271,52,4,,1,30,,1169258,52,4,,1,70,,1169272,52,4,,1,30,,1169255,52,4,,1,70,,1169260,52,4,,1,30,,1169254,52,4,,1,70,,1169264,52,4,,1,27,,1169256,50,4,,1,70,,1169265,50,4,,1,30,,1169263,50,4,,1,100,,974156,50,4,,1,97,,1169261,50,4,,1,158,,1169262,50,4,,1
8200,'14',545,,1169284,50,4,,1,104,,1169276,50,4,,1,151,,1169295,50,4,,1,101,,1169306,50,4,,1,24,,1169287,52,4,,1,30,,1169278,52,4,,1,69,,1169296,52,4,,1,30,,1169308,52,4,,1,70,,1169293,52,4,,1,30,,1169305,52,4,,1,70,,1169304,52,4,,1,30,,1169292,52,4,,1,71,,1169302,52,4,,1,31,,1169290,52,4,,1,71,,1169274,52,4,,1,23,,1169285,36,4,,1,9,,1169273,52,4,,1,73,,1169283,52,4,,1,13,,1169291,16,4,,1,8,,1169307,16,4,,1,49,,1169282,55,4,,1,31,,1169303,55,4,,1,73,,1169281,55,4,,1,31,,1169279,55,4,,1,66,,1169280,55,4,,1,26,,1169299,55,4,,1,27,,1169298,55,4,,1,68,,1169300,52,4,,1,29,,1169286,52,4,,1,68,,1169275,52,4,,1,32,,1169297,52,4,,1,70,,1169301,52,4,,1,26,,1169294,52,4,,1,70,,1169288,50,4,,1,29,,1169289,50,4,,1,97,,1169277,50,4,,1
8200,'15',545,,1169333,50,4,,1,104,,1169322,50,4,,1,151,,1169316,50,4,,1,101,,1169314,50,4,,1,24,,1169342,52,4,,1,30,,1169328,52,4,,1,69,,1169321,52,4,,1,30,,1169313,52,4,,1,70,,1169329,52,4,,1,30,,1169336,52,4,,1,70,,1169338,52,4,,1,30,,1169318,52,4,,1,71,,1169334,52,4,,1,31,,1169335,52,4,,1,71,,1169330,52,4,,1,23,,1169317,36,4,,1,9,,1169309,52,4,,1,73,,1169320,52,4,,1,13,,1169343,16,4,,1,8,,1169323,16,4,,1,49,,1169341,55,4,,1,31,,1169327,55,4,,1,73,,1169319,55,4,,1,31,,1169339,55,4,,1,66,,1169326,55,4,,1,26,,1169312,55,4,,1,27,,1169324,55,4,,1,68,,1169332,52,4,,1,29,,1169311,52,4,,1,68,,1169310,52,4,,1,32,,1169340,52,4,,1,70,,1169344,52,4,,1,26,,1169331,52,4,,1,70,,1169337,50,4,,1,29,,1169325,50,4,,1,97,,1169315,50,4,,1
8200,'16',545,,1070345,50,4,,1,104,,1169369,50,4,,1,151,,1169356,50,4,,1,101,,1169363,50,4,,1,24,,1169360,52,4,,1,30,,1169358,52,4,,1,69,,997744,52,4,,1,30,,1169350,52,4,,1,70,,1169353,52,4,,1,30,,1169355,52,4,,1,70,,1169371,52,4,,1,30,,1169348,52,4,,1,71,,1075043,52,4,,1,31,,1169352,52,4,,1,71,,1169354,52,4,,1,23,,1169373,36,4,,1,9,,1169367,52,4,,1,73,,1169359,52,4,,1,13,,1169365,16,4,,1,8,,1169362,16,4,,1,49,,1169370,55,4,,1,31,,1169376,55,4,,1,73,,1169374,55,4,,1,31,,1169357,55,4,,1,66,,1169349,55,4,,1,26,,1169361,55,4,,1,27,,1169351,55,4,,1,68,,1169366,52,4,,1,29,,1169345,52,4,,1,68,,1169368,52,4,,1,32,,1169364,52,4,,1,70,,1169372,52,4,,1,26,,1169347,52,4,,1,70,,1169377,50,4,,1,29,,1169375,50,4,,1,97,,1169346,50,4,,1
8200,'17',750,,1169387,50,4,,1,97,,1169379,50,4,,1,100,,1169378,50,4,,1,106,,1169397,52,4,,1,70,,1169381,52,4,,1,30,,1169394,52,4,,1,70,,1169400,52,4,,1,30,,1169385,52,4,,1,70,,1169380,52,4,,1,30,,1169395,52,4,,1,70,,1169398,52,4,,1,30,,1169396,52,4,,1,70,,1169401,52,4,,1,30,,1169386,52,4,,1,70,,1169402,52,4,,1,30,,1169383,52,4,,1,70,,1169388,52,4,,1,30,,1169382,52,4,,1,70,,1169392,52,4,,1,27,,1169384,50,4,,1,70,,1169393,50,4,,1,30,,1169391,50,4,,1,100,,1169399,50,4,,1,97,,1169389,50,4,,1,158,,1169390,50,4,,1
8200,'2',717,,1169425,50,4,,1,105,,1169427,50,4,,1,30,,1169410,50,4,,1,70,,1169428,50,4,,1,33,,1169419,52,4,,1,73,,1169405,52,4,,1,30,,1169424,52,4,,1,70,,1169406,52,4,,1,30,,1169431,52,4,,1,70,,1093971,52,4,,1,30,,1169414,52,4,,1,70,,1169426,52,4,,1,30,,1169407,52,4,,1,70,,1169423,52,4,,1,30,,1169404,52,4,,1,70,,1169420,52,4,,1,30,,1169416,52,4,,1,70,,1169418,52,4,,1,30,,1169412,52,4,,1,70,,1169432,52,4,,1,30,,1169415,52,4,,1,70,,1169413,52,4,,1,30,,1169409,52,4,,1,70,,1169417,52,4,,1,30,,1169411,52,4,,1,70,,1169429,52,4,,1,30,,1169403,52,4,,1,70,,1074668,52,4,,1,27,,1169430,52,4,,1,67,,1169421,50,4,,1,30,,1169422,50,4,,1,150,,1169408,50,4,,1
8200,'3',750,,1169442,50,4,,1,97,,1169434,50,4,,1,100,,1169433,50,4,,1,106,,1169452,52,4,,1,70,,1169436,52,4,,1,30,,1169449,52,4,,1,70,,1169455,52,4,,1,30,,1169440,52,4,,1,70,,1169435,52,4,,1,30,,1169450,52,4,,1,70,,1169453,52,4,,1,30,,1169451,52,4,,1,70,,1169456,52,4,,1,30,,1169441,52,4,,1,70,,1169457,52,4,,1,30,,1169438,52,4,,1,70,,1169443,52,4,,1,30,,1169437,52,4,,1,70,,1169447,52,4,,1,27,,1169439,50,4,,1,70,,1169448,50,4,,1,30,,1169446,50,4,,1,100,,1169454,50,4,,1,97,,1169444,50,4,,1,158,,1169445,50,4,,1
8200,'4',750,,1169462,50,4,,1,97,,1169468,50,4,,1,100,,1062496,50,4,,1,106,,1169473,52,4,,1,70,,1169474,52,4,,1,30,,1169466,52,4,,1,70,,1169476,52,4,,1,30,,1169463,52,4,,1,70,,1169469,52,4,,1,30,,1169478,52,4,,1,70,,1169472,52,4,,1,30,,1169460,52,4,,1,70,,1169480,52,4,,1,30,,1169475,52,4,,1,70,,1169459,52,4,,1,30,,1169479,52,4,,1,70,,1169464,52,4,,1,30,,1169465,52,4,,1,70,,1169461,52,4,,1,27,,1169458,50,4,,1,70,,1169470,50,4,,1,30,,1169467,50,4,,1,100,,1169471,50,4,,1,97,,1169477,50,4,,1,158,,1074235,50,4,,1
8200,'5',545,,1169490,50,4,,1,104,,1169483,50,4,,1,151,,1169501,50,4,,1,101,,1049029,50,4,,1,24,,1169493,52,4,,1,30,,1169484,52,4,,1,69,,1169502,52,4,,1,30,,1169512,52,4,,1,70,,1169499,52,4,,1,30,,1169511,52,4,,1,70,,1169510,52,4,,1,30,,1169498,52,4,,1,71,,1169508,52,4,,1,31,,1169496,52,4,,1,71,,1169481,52,4,,1,23,,1169491,36,4,,1,9,,935110,52,4,,1,73,,1169489,52,4,,1,13,,1169497,16,4,,1,8,,1084878,16,4,,1,49,,1169488,55,4,,1,31,,1169509,55,4,,1,73,,1169487,55,4,,1,31,,1169485,55,4,,1,66,,1169486,55,4,,1,26,,1169505,55,4,,1,27,,1169504,55,4,,1,68,,1169506,52,4,,1,29,,1169492,52,4,,1,68,,1169482,52,4,,1,32,,1169503,52,4,,1,70,,1169507,52,4,,1,26,,1169500,52,4,,1,70,,1169494,50,4,,1,29,,1169495,50,4,,1,97,,1011514,50,4,,1
8200,'6',545,,1169546,50,4,,1,104,,1169537,50,4,,1,151,,1169524,50,4,,1,101,,1169531,50,4,,1,24,,1169528,52,4,,1,30,,1169526,52,4,,1,69,,1169545,52,4,,1,30,,1169518,52,4,,1,70,,1169521,52,4,,1,30,,1169523,52,4,,1,70,,1169539,52,4,,1,30,,1169517,52,4,,1,71,,1169514,52,4,,1,31,,1169520,52,4,,1,71,,1169522,52,4,,1,23,,1169541,36,4,,1,9,,1169535,52,4,,1,73,,1169527,52,4,,1,13,,1169533,16,4,,1,8,,1169530,16,4,,1,49,,1169538,55,4,,1,31,,1169544,55,4,,1,73,,1169542,55,4,,1,31,,1169525,55,4,,1,66,,1003589,55,4,,1,26,,1169529,55,4,,1,27,,1169519,55,4,,1,68,,1169534,52,4,,1,29,,1169513,52,4,,1,68,,1169536,52,4,,1,32,,1169532,52,4,,1,70,,1169540,52,4,,1,26,,1169516,52,4,,1,70,,1169547,50,4,,1,29,,1169543,50,4,,1,97,,1169515,50,4,,1
8200,'7',717,,1169570,50,4,,1,105,,1169550,50,4,,1,30,,1169551,50,4,,1,70,,1169549,50,4,,1,33,,1169576,52,4,,1,73,,1169555,52,4,,1,30,,1169579,52,4,,1,70,,1169572,52,4,,1,30,,1169554,52,4,,1,70,,1169558,52,4,,1,30,,1169560,52,4,,1,70,,1169552,52,4,,1,30,,1169569,52,4,,1,70,,1169564,52,4,,1,30,,1169578,52,4,,1,70,,1169565,52,4,,1,30,,1169575,52,4,,1,70,,1169568,52,4,,1,30,,1169556,52,4,,1,70,,1169577,52,4,,1,30,,1169566,52,4,,1,70,,1169561,52,4,,1,30,,1169557,52,4,,1,70,,1169567,52,4,,1,30,,1169563,52,4,,1,70,,1169553,52,4,,1,30,,1169562,52,4,,1,70,,1169548,52,4,,1,27,,1169574,52,4,,1,67,,1169573,50,4,,1,30,,1169571,50,4,,1,150,,1169559,50,4,,1
8200,'8',545,,1169614,50,4,,1,104,,1169605,50,4,,1,151,,1169592,50,4,,1,101,,1169599,50,4,,1,24,,1169596,52,4,,1,30,,1169594,52,4,,1,69,,1169613,52,4,,1,30,,1169586,52,4,,1,70,,1169589,52,4,,1,30,,1169591,52,4,,1,70,,1169607,52,4,,1,30,,1169584,52,4,,1,71,,1169581,52,4,,1,31,,1169588,52,4,,1,71,,1169590,52,4,,1,23,,1169609,36,4,,1,9,,1169603,52,4,,1,73,,1169595,52,4,,1,13,,1169601,16,4,,1,8,,1169598,16,4,,1,49,,1169606,55,4,,1,31,,1169612,55,4,,1,73,,1169610,55,4,,1,31,,1169593,55,4,,1,66,,1169585,55,4,,1,26,,1169597,55,4,,1,27,,1169587,55,4,,1,68,,1169602,52,4,,1,29,,1169580,52,4,,1,68,,1169604,52,4,,1,32,,1169600,52,4,,1,70,,1169608,52,4,,1,26,,1169583,52,4,,1,70,,1169615,50,4,,1,29,,1169611,50,4,,1,97,,1169582,50,4,,1
8200,'9',545,,1169625,50,4,,1,104,,1169618,50,4,,1,151,,1169636,50,4,,1,101,,1049296,50,4,,1,24,,1169628,52,4,,1,30,,1169619,52,4,,1,69,,1169637,52,4,,1,30,,1169647,52,4,,1,70,,1169634,52,4,,1,30,,1169646,52,4,,1,70,,1169645,52,4,,1,30,,1169633,52,4,,1,71,,1169643,52,4,,1,31,,1169631,52,4,,1,71,,1169616,52,4,,1,23,,1169626,36,4,,1,9,,935108,52,4,,1,73,,1169624,52,4,,1,13,,1169632,16,4,,1,8,,1084873,16,4,,1,49,,1169623,55,4,,1,31,,1169644,55,4,,1,73,,1169622,55,4,,1,31,,1169620,55,4,,1,66,,1169621,55,4,,1,26,,1169640,55,4,,1,27,,1169639,55,4,,1,68,,1169641,52,4,,1,29,,1169627,52,4,,1,68,,1169617,52,4,,1,32,,1169638,52,4,,1,70,,1169642,52,4,,1,26,,1169635,52,4,,1,70,,1169629,50,4,,1,29,,1169630,50,4,,1,97,,1011686,50,4,,1
8201,'1',453,,1169682,1,,,1,85,,1169648,1,,,1,79,,1169668,1,,,1,30,,1169673,1,,,1,71,,1169662,1,,,1,29,,1169660,1,,,1,64,,1169677,1,0,96 97 98,1,6,,1169679,1,,,1,30,,1169675,1,,,1,69,,1169657,1,0,56 57,1,31,,1036036,1,0,56 57,1,70,,1084148,1,0,56 57,1,30,,1169665,1,0,56 57,1,70,,1169663,1,0,56 57,1,27,,1169670,1,0,56 57,1,70,,1169656,1,0,56 57,1,30,,1169680,1,0,56 57,1,69,,1028995,1,0,56 57,1,30,,1169678,1,0,56 57,1,74,,1169658,1,0,56 57,1,100,,1169681,1,0,56 57,1,31,,1169674,1,0,56 57,1,69,,1169659,1,0,56 57,1,30,,1169664,1,0,56 57,1,70,,1169652,1,0,56 57,1,27,,1169655,1,0,56 57,1,74,,1169667,1,0,56 57,1,30,,1169653,1,0,56 57,1,72,,1169676,1,0,56 57,1,32,,1169661,1,0,56 57,1,69,,1169649,1,0,56 57,1,32,,1169650,1,0,56 57,1,70,,1169672,1,0,56 57,1,31,,1169651,1,0,56 57,1,69,,1169669,1,0,56 57,1,30,,1169671,1,0,56 57,1,94,,1169654,1,0,56 57,1
8201,'10',453,,1169717,1,,,1,85,,1169683,1,,,1,79,,1169703,1,,,1,30,,1169708,1,,,1,71,,1169697,1,,,1,29,,1169695,1,,,1,64,,1169712,1,0,96 97 98,1,6,,1169714,1,,,1,30,,1169710,1,,,1,69,,1169692,1,0,56 57,1,31,,1036254,1,0,56 57,1,70,,1083976,1,0,56 57,1,30,,1169700,1,0,56 57,1,70,,1169698,1,0,56 57,1,27,,1169705,1,0,56 57,1,70,,1169691,1,0,56 57,1,30,,1169715,1,0,56 57,1,69,,1029125,1,0,56 57,1,30,,1169713,1,0,56 57,1,74,,1169693,1,0,56 57,1,100,,1169716,1,0,56 57,1,31,,1169709,1,0,56 57,1,69,,1169694,1,0,56 57,1,30,,1169699,1,0,56 57,1,70,,1169687,1,0,56 57,1,27,,1169690,1,0,56 57,1,74,,1169702,1,0,56 57,1,30,,1169688,1,0,56 57,1,72,,1169711,1,0,56 57,1,32,,1169696,1,0,56 57,1,69,,1169684,1,0,56 57,1,32,,1169685,1,0,56 57,1,70,,1169707,1,0,56 57,1,31,,1169686,1,0,56 57,1,69,,1169704,1,0,56 57,1,30,,1169706,1,0,56 57,1,94,,1169689,1,0,56 57,1
8201,'11',453,,1169752,1,,,1,85,,1169718,1,,,1,79,,1169738,1,,,1,30,,1169743,1,,,1,71,,1169732,1,,,1,29,,1169730,1,,,1,64,,1169747,1,0,96 97 98,1,6,,1169749,1,,,1,30,,1169745,1,,,1,69,,1169727,1,0,56 57,1,31,,1035973,1,0,56 57,1,70,,1084202,1,0,56 57,1,30,,1169735,1,0,56 57,1,70,,1169733,1,0,56 57,1,27,,1169740,1,0,56 57,1,70,,1169726,1,0,56 57,1,30,,1169750,1,0,56 57,1,69,,1028958,1,0,56 57,1,30,,1169748,1,0,56 57,1,74,,1169728,1,0,56 57,1,100,,1169751,1,0,56 57,1,31,,1169744,1,0,56 57,1,69,,1169729,1,0,56 57,1,30,,1169734,1,0,56 57,1,70,,1169722,1,0,56 57,1,27,,1169725,1,0,56 57,1,74,,1169737,1,0,56 57,1,30,,1169723,1,0,56 57,1,72,,1169746,1,0,56 57,1,32,,1169731,1,0,56 57,1,69,,1169719,1,0,56 57,1,32,,1169720,1,0,56 57,1,70,,1169742,1,0,56 57,1,31,,1169721,1,0,56 57,1,69,,1169739,1,0,56 57,1,30,,1169741,1,0,56 57,1,94,,1169724,1,0,56 57,1
8201,'12',453,,1169773,1,,,1,85,,1169754,1,,,1,79,,1169759,1,,,1,30,,948827,1,,,1,71,,1169760,1,,,1,29,,1074474,1,,,1,64,,1169779,1,0,96 97 98,1,6,,1169776,1,,,1,30,,1169777,1,,,1,69,,1169775,1,0,56 57,1,31,,967348,1,0,56 57,1,70,,1059144,1,0,56 57,1,30,,1044527,1,0,56 57,1,70,,1169770,1,0,56 57,1,27,,1076235,1,0,56 57,1,70,,1169771,1,0,56 57,1,30,,1088015,1,0,56 57,1,69,,1169763,1,0,56 57,1,30,,1169762,1,0,56 57,1,74,,1169769,1,0,56 57,1,100,,1169756,1,0,56 57,1,31,,1169764,1,0,56 57,1,69,,1169772,1,0,56 57,1,30,,1169761,1,0,56 57,1,70,,1169757,1,0,56 57,1,27,,1169774,1,0,56 57,1,74,,1169753,1,0,56 57,1,30,,1169765,1,0,56 57,1,72,,1169768,1,0,56 57,1,32,,1169755,1,0,56 57,1,69,,1169780,1,0,56 57,1,32,,1169767,1,0,56 57,1,70,,1096378,1,0,56 57,1,31,,1169766,1,0,56 57,1,69,,1169758,1,0,56 57,1,30,,994804,1,0,56 57,1,94,,1098673,1,0,56 57,1
8201,'13',850,,1169793,1,0,56 57,1,100,,1169802,1,0,56 57,1,68,,1169801,1,0,56 57,1,30,,1169782,1,0,56 57,1,70,,1169799,1,0,56 57,1,30,,1169795,1,0,56 57,1,70,,1169781,1,0,56 57,1,30,,1169783,1,0,56 57,1,70,,1169789,1,0,56 57,1,30,,1169786,1,0,56 57,1,70,,1169788,1,0,56 57,1,30,,1169784,1,0,56 57,1,70,,1169785,1,0,56 57,1,30,,1169800,1,0,56 57,1,70,,1169794,1,0,56 57,1,30,,1169798,1,0,56 57,1,70,,1169803,1,0,56 57,1,30,,1169790,1,0,56 57,1,70,,1169796,1,0,56 57,1,30,,1169791,1,0,56 57,1,70,,1069023,1,0,56 57,1,30,,1057992,1,0,56 57,1,100,,1169787,1,0,56 57,1,100,,1169797,1,0,56 57,1,100,,1169792,1,0,56 57,1,100,,1169804,1,0,56 57,1
8201,'14',453,,1169842,1,,,1,85,,1169805,1,,,1,79,,1169827,1,,,1,30,,1169832,1,,,1,71,,1169821,1,,,1,29,,1169819,1,,,1,64,,1169836,1,0,96 97 98,1,6,,1169838,1,,,1,30,,1169834,1,,,1,69,,1169816,1,0,56 57,1,31,,1169841,1,0,56 57,1,70,,1169806,1,0,56 57,1,30,,1169824,1,0,56 57,1,70,,1169822,1,0,56 57,1,27,,1169829,1,0,56 57,1,70,,1169815,1,0,56 57,1,30,,1169839,1,0,56 57,1,69,,1169810,1,0,56 57,1,30,,1169837,1,0,56 57,1,74,,1169817,1,0,56 57,1,100,,1169840,1,0,56 57,1,31,,1169833,1,0,56 57,1,69,,1169818,1,0,56 57,1,30,,1169823,1,0,56 57,1,70,,1169811,1,0,56 57,1,27,,1169814,1,0,56 57,1,74,,1169826,1,0,56 57,1,30,,1169812,1,0,56 57,1,72,,1169835,1,0,56 57,1,32,,1169820,1,0,56 57,1,69,,1169807,1,0,56 57,1,32,,1169808,1,0,56 57,1,70,,1169831,1,0,56 57,1,31,,1169809,1,0,56 57,1,69,,1169828,1,0,56 57,1,30,,1169830,1,0,56 57,1,94,,1169813,1,0,56 57,1
8201,'15',453,,1169875,1,,,1,85,,1169868,1,,,1,79,,1169856,1,,,1,30,,1169858,1,,,1,71,,1169861,1,,,1,29,,1169870,1,,,1,64,,1169880,1,0,96 97 98,1,6,,1169867,1,,,1,30,,1169874,1,,,1,69,,1169843,1,0,56 57,1,31,,1169863,1,0,56 57,1,70,,1169879,1,0,56 57,1,30,,1169878,1,0,56 57,1,70,,1169859,1,0,56 57,1,27,,1169855,1,0,56 57,1,70,,1169864,1,0,56 57,1,30,,1169854,1,0,56 57,1,69,,1169866,1,0,56 57,1,30,,1169865,1,0,56 57,1,74,,1169877,1,0,56 57,1,100,,1169873,1,0,56 57,1,31,,1169845,1,0,56 57,1,69,,1169869,1,0,56 57,1,30,,1169849,1,0,56 57,1,70,,1169853,1,0,56 57,1,27,,1169857,1,0,56 57,1,74,,1169851,1,0,56 57,1,30,,1169847,1,0,56 57,1,72,,1169844,1,0,56 57,1,32,,1169848,1,0,56 57,1,69,,1169846,1,0,56 57,1,32,,1169850,1,0,56 57,1,70,,1169871,1,0,56 57,1,31,,1169872,1,0,56 57,1,69,,1169852,1,0,56 57,1,30,,1169876,1,0,56 57,1,94,,1169860,1,0,56 57,1
8201,'16',453,,1169907,1,,,1,85,,1169882,1,,,1,79,,1169893,1,,,1,30,,1169884,1,,,1,71,,1169894,1,,,1,29,,1169886,1,,,1,64,,1169915,1,0,96 97 98,1,6,,1169911,1,,,1,30,,1169912,1,,,1,69,,1169910,1,0,56 57,1,31,,1169883,1,0,56 57,1,70,,1169881,1,0,56 57,1,30,,1169887,1,0,56 57,1,70,,1169904,1,0,56 57,1,27,,1169909,1,0,56 57,1,70,,1169905,1,0,56 57,1,30,,1169889,1,0,56 57,1,69,,1169897,1,0,56 57,1,30,,1085046,1,0,56 57,1,74,,1169903,1,0,56 57,1,100,,1169890,1,0,56 57,1,31,,1169898,1,0,56 57,1,69,,1169906,1,0,56 57,1,30,,1169895,1,0,56 57,1,70,,1169891,1,0,56 57,1,27,,1169908,1,0,56 57,1,74,,1080764,1,0,56 57,1,30,,1169899,1,0,56 57,1,72,,1169902,1,0,56 57,1,32,,1169885,1,0,56 57,1,69,,1169916,1,0,56 57,1,32,,1169901,1,0,56 57,1,70,,1169896,1,0,56 57,1,31,,1169900,1,0,56 57,1,69,,1169892,1,0,56 57,1,30,,1169914,1,0,56 57,1,94,,1169888,1,0,56 57,1
8201,'17',850,,1169931,1,0,56 57,1,100,,1169940,1,0,56 57,1,68,,1169939,1,0,56 57,1,30,,1169919,1,0,56 57,1,70,,1169937,1,0,56 57,1,30,,1169933,1,0,56 57,1,70,,1169918,1,0,56 57,1,30,,1169921,1,0,56 57,1,70,,1169927,1,0,56 57,1,30,,1169924,1,0,56 57,1,70,,1169926,1,0,56 57,1,30,,1169922,1,0,56 57,1,70,,1169923,1,0,56 57,1,30,,1169938,1,0,56 57,1,70,,1169932,1,0,56 57,1,30,,1169936,1,0,56 57,1,70,,1169941,1,0,56 57,1,30,,1169928,1,0,56 57,1,70,,1169934,1,0,56 57,1,30,,1169929,1,0,56 57,1,70,,1169920,1,0,56 57,1,30,,1169917,1,0,56 57,1,100,,1169925,1,0,56 57,1,100,,1169935,1,0,56 57,1,100,,1169930,1,0,56 57,1,100,,1169942,1,0,56 57,1
8201,'2',700,,1169951,1,0,56 57,1,100,,1169950,1,0,56 57,1,30,,1169958,1,0,56 57,1,70,,1169957,1,0,56 57,1,29,,1169955,1,0,56 57,1,30,,1169960,1,0,56 57,1,70,,1169959,1,0,56 57,1,28,,1169969,1,0,56 57,1,70,,1169945,1,0,56 57,1,30,,1169947,1,0,56 57,1,70,,1169953,1,0,56 57,1,30,,1169946,1,0,56 57,1,70,,1169948,1,0,56 57,1,30,,1169967,1,0,56 57,1,70,,1169952,1,0,56 57,1,30,,1169963,1,0,56 57,1,70,,1169971,1,0,56 57,1,30,,1090674,1,0,56 57,1,70,,1169966,1,0,56 57,1,30,,1169968,1,0,56 57,1,70,,1061539,1,0,56 57,1,30,,1169944,1,0,56 57,1,70,,1169943,1,0,56 57,1,30,,1169970,1,0,56 57,1,70,,1169949,1,0,56 57,1,30,,1169964,1,0,56 57,1,70,,1169962,1,0,56 57,1,30,,1101291,1,0,56 57,1,70,,1169961,1,0,56 57,1,30,,1169965,1,0,56 57,1,70,,1169956,1,0,56 57,1,100,,1169954,1,0,56 57,1,100,,1081820,1,0,56 57,1
8201,'3',850,,1169986,1,0,56 57,1,100,,1169995,1,0,56 57,1,68,,1169994,1,0,56 57,1,30,,1169974,1,0,56 57,1,70,,1169992,1,0,56 57,1,30,,1169988,1,0,56 57,1,70,,1169973,1,0,56 57,1,30,,1169976,1,0,56 57,1,70,,1169982,1,0,56 57,1,30,,1169979,1,0,56 57,1,70,,1169981,1,0,56 57,1,30,,1169977,1,0,56 57,1,70,,1169978,1,0,56 57,1,30,,1169993,1,0,56 57,1,70,,1169987,1,0,56 57,1,30,,1169991,1,0,56 57,1,70,,1169996,1,0,56 57,1,30,,1169983,1,0,56 57,1,70,,1169989,1,0,56 57,1,30,,1169984,1,0,56 57,1,70,,1169975,1,0,56 57,1,30,,1169972,1,0,56 57,1,100,,1169980,1,0,56 57,1,100,,1169990,1,0,56 57,1,100,,1169985,1,0,56 57,1,100,,1169997,1,0,56 57,1
8201,'4',850,,1170001,1,0,56 57,1,100,,1169998,1,0,56 57,1,68,,1170015,1,0,56 57,1,30,,1170000,1,0,56 57,1,70,,1170009,1,0,56 57,1,30,,1170017,1,0,56 57,1,70,,1170010,1,0,56 57,1,30,,1084971,1,0,56 57,1,70,,1170016,1,0,56 57,1,30,,1169999,1,0,56 57,1,70,,1170003,1,0,56 57,1,30,,1170018,1,0,56 57,1,70,,1170013,1,0,56 57,1,30,,1170012,1,0,56 57,1,70,,1170007,1,0,56 57,1,30,,1170011,1,0,56 57,1,70,,1170005,1,0,56 57,1,30,,1170014,1,0,56 57,1,70,,1075842,1,0,56 57,1,30,,1170004,1,0,56 57,1,70,,988981,1,0,56 57,1,30,,1170002,1,0,56 57,1,100,,1085182,1,0,56 57,1,100,,1170019,1,0,56 57,1,100,,1170006,1,0,56 57,1,100,,1170008,1,0,56 57,1
8201,'5',453,,1170054,1,,,1,85,,1170020,1,,,1,79,,1170040,1,,,1,30,,1170045,1,,,1,71,,1170034,1,,,1,29,,1170032,1,,,1,64,,1170049,1,0,96 97 98,1,6,,1170051,1,,,1,30,,1170047,1,,,1,69,,1170029,1,0,56 57,1,31,,1035629,1,0,56 57,1,70,,1084121,1,0,56 57,1,30,,1170037,1,0,56 57,1,70,,1170035,1,0,56 57,1,27,,1170042,1,0,56 57,1,70,,1170028,1,0,56 57,1,30,,1170052,1,0,56 57,1,69,,1028749,1,0,56 57,1,30,,1170050,1,0,56 57,1,74,,1170030,1,0,56 57,1,100,,1170053,1,0,56 57,1,31,,1170046,1,0,56 57,1,69,,1170031,1,0,56 57,1,30,,1170036,1,0,56 57,1,70,,1170024,1,0,56 57,1,27,,1170027,1,0,56 57,1,74,,1170039,1,0,56 57,1,30,,1170025,1,0,56 57,1,72,,1170048,1,0,56 57,1,32,,1170033,1,0,56 57,1,69,,1170021,1,0,56 57,1,32,,1170022,1,0,56 57,1,70,,1170044,1,0,56 57,1,31,,1170023,1,0,56 57,1,69,,1170041,1,0,56 57,1,30,,1170043,1,0,56 57,1,94,,1170026,1,0,56 57,1
8201,'6',453,,1170080,1,,,1,85,,1095721,1,,,1,79,,1170065,1,,,1,30,,1170058,1,,,1,71,,1170066,1,,,1,29,,1170059,1,,,1,64,,1170088,1,0,96 97 98,1,6,,1170084,1,,,1,30,,1170085,1,,,1,69,,1170083,1,0,56 57,1,31,,1170057,1,0,56 57,1,70,,1170055,1,0,56 57,1,30,,1170060,1,0,56 57,1,70,,1170077,1,0,56 57,1,27,,1170082,1,0,56 57,1,70,,1170078,1,0,56 57,1,30,,1170062,1,0,56 57,1,69,,1170070,1,0,56 57,1,30,,1170068,1,0,56 57,1,74,,1170076,1,0,56 57,1,100,,1170063,1,0,56 57,1,31,,1170071,1,0,56 57,1,69,,1170079,1,0,56 57,1,30,,1170067,1,0,56 57,1,70,,1101474,1,0,56 57,1,27,,1170081,1,0,56 57,1,74,,1170056,1,0,56 57,1,30,,1170072,1,0,56 57,1,72,,1170075,1,0,56 57,1,32,,1067505,1,0,56 57,1,69,,1036660,1,0,56 57,1,32,,1170074,1,0,56 57,1,70,,1170069,1,0,56 57,1,31,,1170073,1,0,56 57,1,69,,1170064,1,0,56 57,1,30,,1170087,1,0,56 57,1,94,,1170061,1,0,56 57,1
8201,'7',700,,1170103,1,0,56 57,1,100,,1170102,1,0,56 57,1,30,,1170114,1,0,56 57,1,70,,1170109,1,0,56 57,1,29,,1170099,1,0,56 57,1,30,,1170117,1,0,56 57,1,70,,1170094,1,0,56 57,1,28,,1170105,1,0,56 57,1,70,,1170106,1,0,56 57,1,30,,1170115,1,0,56 57,1,70,,1170096,1,0,56 57,1,30,,1170112,1,0,56 57,1,70,,1170111,1,0,56 57,1,30,,1170095,1,0,56 57,1,70,,1170089,1,0,56 57,1,30,,1170097,1,0,56 57,1,70,,1170098,1,0,56 57,1,30,,1170121,1,0,56 57,1,70,,1170092,1,0,56 57,1,30,,1170090,1,0,56 57,1,70,,1170101,1,0,56 57,1,30,,1170119,1,0,56 57,1,70,,1170093,1,0,56 57,1,30,,1170116,1,0,56 57,1,70,,1170107,1,0,56 57,1,30,,1170091,1,0,56 57,1,70,,1170120,1,0,56 57,1,30,,1170113,1,0,56 57,1,70,,1170118,1,0,56 57,1,30,,1170108,1,0,56 57,1,70,,1170100,1,0,56 57,1,100,,1170104,1,0,56 57,1,100,,1170110,1,0,56 57,1
8201,'8',453,,1170150,1,,,1,85,,1170124,1,,,1,79,,1170135,1,,,1,30,,1170126,1,,,1,71,,1170136,1,,,1,29,,1170128,1,,,1,64,,1170158,1,0,96 97 98,1,6,,1170154,1,,,1,30,,1170155,1,,,1,69,,1170153,1,0,56 57,1,31,,1170125,1,0,56 57,1,70,,1170122,1,0,56 57,1,30,,1170129,1,0,56 57,1,70,,1170147,1,0,56 57,1,27,,1170152,1,0,56 57,1,70,,1170148,1,0,56 57,1,30,,1170131,1,0,56 57,1,69,,1170140,1,0,56 57,1,30,,1170138,1,0,56 57,1,74,,1170146,1,0,56 57,1,100,,1170132,1,0,56 57,1,31,,1170141,1,0,56 57,1,69,,1170149,1,0,56 57,1,30,,1170137,1,0,56 57,1,70,,1170133,1,0,56 57,1,27,,1170151,1,0,56 57,1,74,,1170123,1,0,56 57,1,30,,1170142,1,0,56 57,1,72,,1170145,1,0,56 57,1,32,,1170127,1,0,56 57,1,69,,1170159,1,0,56 57,1,32,,1170144,1,0,56 57,1,70,,1170139,1,0,56 57,1,31,,1170143,1,0,56 57,1,69,,1170134,1,0,56 57,1,30,,1170157,1,0,56 57,1,94,,1170130,1,0,56 57,1
8201,'9',453,,1170194,1,,,1,85,,1170160,1,,,1,79,,1170180,1,,,1,30,,1170185,1,,,1,71,,1170174,1,,,1,29,,1170172,1,,,1,64,,1170189,1,0,96 97 98,1,6,,1170191,1,,,1,30,,1170187,1,,,1,69,,1170169,1,0,56 57,1,31,,1036099,1,0,56 57,1,70,,1084030,1,0,56 57,1,30,,1170177,1,0,56 57,1,70,,1170175,1,0,56 57,1,27,,1170182,1,0,56 57,1,70,,1170168,1,0,56 57,1,30,,1170192,1,0,56 57,1,69,,1029032,1,0,56 57,1,30,,1170190,1,0,56 57,1,74,,1170170,1,0,56 57,1,100,,1170193,1,0,56 57,1,31,,1170186,1,0,56 57,1,69,,1170171,1,0,56 57,1,30,,1170176,1,0,56 57,1,70,,1170164,1,0,56 57,1,27,,1170167,1,0,56 57,1,74,,1170179,1,0,56 57,1,30,,1170165,1,0,56 57,1,72,,1170188,1,0,56 57,1,32,,1170173,1,0,56 57,1,69,,1170161,1,0,56 57,1,32,,1170162,1,0,56 57,1,70,,1170184,1,0,56 57,1,31,,1170163,1,0,56 57,1,69,,1170181,1,0,56 57,1,30,,1170183,1,0,56 57,1,94,,1170166,1,0,56 57,1
8400,'1',600,,1170200,1,,,1,100,,1170198,1,,,1,101,,1170197,1,,,1,699,,1170199,1,,,1,100,,1170196,1,,,1,100,,1170195,1,,,1
8400,'10',600,,1170206,1,,,1,100,,1170204,1,,,1,101,,1170203,1,,,1,699,,1170205,1,,,1,100,,1170202,1,,,1,100,,1170201,1,,,1
8400,'11',600,,1170212,1,,,1,100,,1170210,1,,,1,101,,1170209,1,,,1,699,,1170211,1,,,1,100,,1170208,1,,,1,100,,1170207,1,,,1
8400,'12',600,,1170214,1,,,1,100,,1101580,1,,,1,101,,1170217,1,,,1,699,,1170213,1,,,1,100,,1170216,1,,,1,100,,1170215,1,,,1
8400,'14',600,,1170223,1,,,1,100,,1170221,1,,,1,101,,1170220,1,,,1,699,,1170222,1,,,1,100,,1170219,1,,,1,100,,1170218,1,,,1
8400,'15',600,,1170225,1,,,1,100,,1170224,1,,,1,101,,1170226,1,,,1,699,,1170229,1,,,1,100,,1170228,1,,,1,100,,1170227,1,,,1
8400,'16',600,,1170232,1,,,1,100,,1170230,1,,,1,101,,1170235,1,,,1,699,,1170231,1,,,1,100,,1170234,1,,,1,100,,1170233,1,,,1
8400,'5',600,,1170241,1,,,1,100,,1170239,1,,,1,101,,1170238,1,,,1,699,,1170240,1,,,1,100,,1170237,1,,,1,100,,1170236,1,,,1
8400,'6',600,,1170243,1,,,1,100,,1170242,1,,,1,101,,1024313,1,,,1,699,,1054282,1,,,1,100,,1170245,1,,,1,100,,1170244,1,,,1
8400,'8',600,,1170248,1,,,1,100,,1170246,1,,,1,101,,1170251,1,,,1,699,,1170247,1,,,1,100,,1170250,1,,,1,100,,1170249,1,,,1
8400,'9',600,,1170257,1,,,1,100,,1170255,1,,,1,101,,1170254,1,,,1,699,,1170256,1,,,1,100,,1170253,1,,,1,100,,1170252,1,,,1
8401,'1',613,,1170259,13,4,,1,104,,1006001,13,4,,1,101,,1022190,13,4,,1,698,,1170261,13,4,,1,100,,1170258,13,4,,1,100,,1170260,13,4,,1
8401,'10',613,,1170263,13,4,,1,104,,1006098,13,4,,1,101,,1022206,13,4,,1,698,,1170265,13,4,,1,100,,1170262,13,4,,1,100,,1170264,13,4,,1
8401,'11',613,,1170267,13,4,,1,104,,1005971,13,4,,1,101,,1022186,13,4,,1,698,,1170269,13,4,,1,100,,1170266,13,4,,1,100,,1170268,13,4,,1
8401,'12',613,,1170274,13,4,,1,104,,1170272,13,4,,1,101,,1170275,13,4,,1,698,,1170270,13,4,,1,100,,1170271,13,4,,1,100,,1170273,13,4,,1
8401,'14',613,,1170277,13,4,,1,104,,1170279,13,4,,1,101,,1170281,13,4,,1,698,,1170280,13,4,,1,100,,1170276,13,4,,1,100,,1170278,13,4,,1
8401,'15',613,,1170284,13,4,,1,104,,1170287,13,4,,1,101,,1170285,13,4,,1,698,,1170282,13,4,,1,100,,1170286,13,4,,1,100,,1170283,13,4,,1
8401,'16',613,,1170292,13,4,,1,104,,1170290,13,4,,1,101,,1170293,13,4,,1,698,,1170288,13,4,,1,100,,1170289,13,4,,1,100,,1170291,13,4,,1
8401,'5',613,,1170295,13,4,,1,104,,1005830,13,4,,1,101,,1022166,13,4,,1,698,,1170297,13,4,,1,100,,1170294,13,4,,1,100,,1170296,13,4,,1
8401,'6',613,,1170301,13,4,,1,104,,1170299,13,4,,1,101,,1170302,13,4,,1,698,,1170298,13,4,,1,100,,1063750,13,4,,1,100,,1170300,13,4,,1
8401,'8',613,,1170307,13,4,,1,104,,1170305,13,4,,1,101,,1170308,13,4,,1,698,,1170303,13,4,,1,100,,1170304,13,4,,1,100,,1170306,13,4,,1
8401,'9',613,,1170310,13,4,,1,104,,1006031,13,4,,1,101,,1022194,13,4,,1,698,,1170312,13,4,,1,100,,1170309,13,4,,1,100,,1170311,13,4,,1
8700,'1',739,,1173569,1,,,1,70,,1173582,1,,,1,17,,1173593,1,,,1,16,,1173558,1,,,1,15,,1173591,1,,,1,55,,1173571,1,,,1,15,,1173556,1,,,1,15,,1173585,1,,,1,15,,1173561,1,,,1,55,,1085578,1,,,1,15,,1173576,1,,,1,15,,1173580,1,,,1,15,,1034751,1,,,1,55,,1173559,1,,,1,15,,1173577,1,,,1,15,,1173567,1,,,1,15,,1173565,1,,,1,55,,1173586,1,,,1,15,,1173564,1,,,1,15,,1009386,1,,,1,15,,1173587,1,,,1,55,,1173554,1,,,1,15,,1173590,1,,,1,15,,1173592,1,,,1,15,,1173596,1,,,1,55,,1103228,1,,,1,15,,1173579,1,,,1,15,,1173568,1,,,1,15,,1173551,1,,,1,55,,1013392,1,,,1,15,,1173570,1,,,1,16,,1173581,1,,,1,15,,1173589,1,,,1,55,,1173560,1,,,1,15,,1173578,1,,,1,16,,1173574,1,,,1,69,,1173594,1,,,1,30,,1173583,1,,,1,70,,1173566,1,,,1,30,,1173588,1,,,1,69,,1173562,1,,,1,28,,1173575,1,,,1,73,,1173563,1,,,1,30,,1173552,1,,,1,70,,1173595,1,,,1,32,,1173573,1,,,1
8700,'10',739,,1173616,1,,,1,70,,1173629,1,,,1,17,,1173640,1,,,1,16,,1173605,1,,,1,15,,1173638,1,,,1,55,,1173618,1,,,1,15,,1173603,1,,,1,15,,1173632,1,,,1,15,,1173608,1,,,1,55,,1085321,1,,,1,15,,1173623,1,,,1,15,,1173627,1,,,1,15,,1034886,1,,,1,55,,1173606,1,,,1,15,,1173624,1,,,1,15,,1173614,1,,,1,15,,1173612,1,,,1,55,,1173633,1,,,1,15,,1173611,1,,,1,15,,1009433,1,,,1,15,,1173634,1,,,1,55,,1173601,1,,,1,15,,1173637,1,,,1,15,,1173639,1,,,1,15,,1173643,1,,,1,55,,1103222,1,,,1,15,,1173626,1,,,1,15,,1173615,1,,,1,15,,1173598,1,,,1,55,,1013475,1,,,1,15,,1173617,1,,,1,16,,1173628,1,,,1,15,,1173636,1,,,1,55,,1173607,1,,,1,15,,1173625,1,,,1,16,,1173621,1,,,1,69,,1173641,1,,,1,30,,1173630,1,,,1,70,,1173613,1,,,1,30,,1173635,1,,,1,69,,1173609,1,,,1,28,,1173622,1,,,1,73,,1173610,1,,,1,30,,1173599,1,,,1,70,,1173642,1,,,1,32,,1173620,1,,,1
8700,'11',739,,1173663,1,,,1,70,,1173676,1,,,1,17,,1173687,1,,,1,16,,1173652,1,,,1,15,,1173685,1,,,1,55,,1173665,1,,,1,15,,1173650,1,,,1,15,,1173679,1,,,1,15,,1173655,1,,,1,55,,1085658,1,,,1,15,,1173670,1,,,1,15,,1173674,1,,,1,15,,1034713,1,,,1,55,,1173653,1,,,1,15,,1173671,1,,,1,15,,1173661,1,,,1,15,,1173659,1,,,1,55,,1173680,1,,,1,15,,1173658,1,,,1,15,,1009372,1,,,1,15,,1173681,1,,,1,55,,1173648,1,,,1,15,,1173684,1,,,1,15,,1173686,1,,,1,15,,1173690,1,,,1,55,,1103230,1,,,1,15,,1173673,1,,,1,15,,1173662,1,,,1,15,,1173645,1,,,1,55,,1013368,1,,,1,15,,1173664,1,,,1,16,,1173675,1,,,1,15,,1173683,1,,,1,55,,1173654,1,,,1,15,,1173672,1,,,1,16,,1173668,1,,,1,69,,1173688,1,,,1,30,,1173677,1,,,1,70,,1173660,1,,,1,30,,1173682,1,,,1,69,,1173656,1,,,1,28,,1173669,1,,,1,73,,1173657,1,,,1,30,,1173646,1,,,1,70,,1173689,1,,,1,32,,1173667,1,,,1
8700,'12',739,,1173704,1,,,1,70,,1173721,1,,,1,17,,1173727,1,,,1,16,,1173738,1,,,1,15,,1173720,1,,,1,55,,1173701,1,,,1,15,,1173709,1,,,1,15,,1173733,1,,,1,15,,1173698,1,,,1,55,,1173716,1,,,1,15,,1173737,1,,,1,15,,1173723,1,,,1,15,,1173734,1,,,1,55,,1173740,1,,,1,15,,1173703,1,,,1,15,,1173717,1,,,1,15,,1173739,1,,,1,55,,1173725,1,,,1,15,,1173705,1,,,1,15,,1173728,1,,,1,15,,1173708,1,,,1,55,,1173735,1,,,1,15,,1173719,1,,,1,15,,1173693,1,,,1,15,,1173713,1,,,1,55,,1173731,1,,,1,15,,1173718,1,,,1,15,,1064400,1,,,1,15,,1173699,1,,,1,55,,1173697,1,,,1,15,,1095135,1,,,1,16,,1173707,1,,,1,15,,1173702,1,,,1,55,,1173730,1,,,1,15,,1173729,1,,,1,16,,1173700,1,,,1,69,,1173695,1,,,1,30,,1173736,1,,,1,70,,1173712,1,,,1,30,,1173726,1,,,1,69,,1173706,1,,,1,28,,1173694,1,,,1,73,,1173692,1,,,1,30,,1173722,1,,,1,70,,1173710,1,,,1,32,,1173714,1,,,1
8700,'13',1032,,1173742,1,,,1,70,,1173748,1,,,1,30,,1173745,1,,,1,70,,1173749,1,,,1,30,,1173751,1,,,1,70,,1087909,1,,,1,30,,1074004,1,,,1,70,,1173741,1,,,1,30,,1087459,1,,,1,70,,1173743,1,,,1,30,,1173754,1,,,1,70,,1173753,1,,,1,30,,1173750,1,,,1,70,,1173747,1,,,1,30,,1173746,1,,,1,70,,1173744,1,,,1,30,,1173752,1,,,1
8700,'14',739,,1173777,1,,,1,70,,1173790,1,,,1,17,,1173801,1,,,1,16,,1173763,1,,,1,15,,1173799,1,,,1,55,,1173779,1,,,1,15,,1173761,1,,,1,15,,1173793,1,,,1,15,,1173768,1,,,1,55,,1173759,1,,,1,15,,1173784,1,,,1,15,,1173788,1,,,1,15,,1173767,1,,,1,55,,1173764,1,,,1,15,,1173785,1,,,1,15,,1173775,1,,,1,15,,1173773,1,,,1,55,,1173794,1,,,1,15,,1173772,1,,,1,15,,1173769,1,,,1,15,,1173795,1,,,1,55,,1173758,1,,,1,15,,1173798,1,,,1,15,,1173800,1,,,1,15,,1173806,1,,,1,55,,1173804,1,,,1,15,,1173787,1,,,1,15,,1173776,1,,,1,15,,1173755,1,,,1,55,,1173765,1,,,1,15,,1173778,1,,,1,16,,1173789,1,,,1,15,,1173797,1,,,1,55,,1173766,1,,,1,15,,1173786,1,,,1,16,,1173782,1,,,1,69,,1173802,1,,,1,30,,1173791,1,,,1,70,,1173774,1,,,1,30,,1173796,1,,,1,69,,1173770,1,,,1,28,,1173783,1,,,1,73,,1173771,1,,,1,30,,1173756,1,,,1,70,,1173805,1,,,1,32,,1173781,1,,,1
8700,'15',739,,1173850,1,,,1,70,,1173830,1,,,1,17,,1173824,1,,,1,16,,1173816,1,,,1,15,,1173857,1,,,1,55,,1173811,1,,,1,15,,1173834,1,,,1,15,,1173855,1,,,1,15,,1173813,1,,,1,55,,1173856,1,,,1,15,,1173818,1,,,1,15,,1173814,1,,,1,15,,1173848,1,,,1,55,,1173828,1,,,1,15,,1173852,1,,,1,15,,1173821,1,,,1,15,,1173846,1,,,1,55,,1173810,1,,,1,15,,1173854,1,,,1,15,,1173832,1,,,1,15,,1173843,1,,,1,55,,1173860,1,,,1,15,,1173820,1,,,1,15,,1173836,1,,,1,15,,1173831,1,,,1,55,,1173844,1,,,1,15,,1173858,1,,,1,15,,1173837,1,,,1,15,,1173842,1,,,1,55,,1173826,1,,,1,15,,1173845,1,,,1,16,,1173812,1,,,1,15,,1173823,1,,,1,55,,1173849,1,,,1,15,,1173822,1,,,1,16,,1173817,1,,,1,69,,1173838,1,,,1,30,,1173825,1,,,1,70,,1173819,1,,,1,30,,1173835,1,,,1,69,,1173853,1,,,1,28,,1173840,1,,,1,73,,1173847,1,,,1,30,,1173829,1,,,1,70,,1173827,1,,,1,32,,1173815,1,,,1
8700,'16',739,,1173870,1,,,1,70,,1173888,1,,,1,17,,1173894,1,,,1,16,,1173903,1,,,1,15,,1173887,1,,,1,55,,1173867,1,,,1,15,,1173876,1,,,1,15,,1173900,1,,,1,15,,1173864,1,,,1,55,,1173883,1,,,1,15,,960090,1,,,1,15,,1173890,1,,,1,15,,1173901,1,,,1,55,,1095935,1,,,1,15,,1173869,1,,,1,15,,1173884,1,,,1,15,,1173904,1,,,1,55,,1173892,1,,,1,15,,1173871,1,,,1,15,,1173895,1,,,1,15,,1173875,1,,,1,55,,1012145,1,,,1,15,,1173886,1,,,1,15,,1173862,1,,,1,15,,1173880,1,,,1,55,,1173898,1,,,1,15,,1173885,1,,,1,15,,1173906,1,,,1,15,,1098702,1,,,1,55,,1099036,1,,,1,15,,1173905,1,,,1,16,,1173873,1,,,1,15,,1173868,1,,,1,55,,1173897,1,,,1,15,,1173896,1,,,1,16,,1173865,1,,,1,69,,1075968,1,,,1,30,,1173902,1,,,1,70,,1173879,1,,,1,30,,1173893,1,,,1,69,,1173872,1,,,1,28,,919114,1,,,1,73,,1173861,1,,,1,30,,1173889,1,,,1,70,,1173877,1,,,1,32,,1173881,1,,,1
8700,'17',1032,,1173909,1,,,1,70,,1173916,1,,,1,30,,1173913,1,,,1,70,,1173917,1,,,1,30,,1173919,1,,,1,70,,1173907,1,,,1,30,,1173923,1,,,1,70,,1173908,1,,,1,30,,1173912,1,,,1,70,,1173910,1,,,1,30,,1173922,1,,,1,70,,1173921,1,,,1,30,,1173918,1,,,1,70,,1173915,1,,,1,30,,1173914,1,,,1,70,,1173911,1,,,1,30,,1173920,1,,,1
8700,'2',810,,1173931,1,,,1,30,,1173930,1,,,1,70,,1173927,1,,,1,30,,1173935,1,,,1,69,,1061946,1,,,1,30,,1173932,1,,,1,70,,1173933,1,,,1,30,,1173925,1,,,1,70,,1087811,1,,,1,30,,1173929,1,,,1,70,,1173928,1,,,1,31,,1173939,1,,,1,70,,1173936,1,,,1,30,,1173924,1,,,1,70,,1074178,1,,,1,30,,1173940,1,,,1,70,,1173926,1,,,1,30,,1100826,1,,,1,70,,1075743,1,,,1,30,,1173937,1,,,1,70,,1173938,1,,,1,30,,1098248,1,,,1
8700,'3',1032,,1173943,1,,,1,70,,1173950,1,,,1,30,,1173947,1,,,1,70,,1173951,1,,,1,30,,1173953,1,,,1,70,,1173941,1,,,1,30,,1173957,1,,,1,70,,1173942,1,,,1,30,,1173946,1,,,1,70,,1173944,1,,,1,30,,1173956,1,,,1,70,,1173955,1,,,1,30,,1173952,1,,,1,70,,1173949,1,,,1,30,,1173948,1,,,1,70,,1173945,1,,,1,30,,1173954,1,,,1
8700,'4',1032,,1173965,1,,,1,70,,1173959,1,,,1,30,,1173960,1,,,1,70,,1173970,1,,,1,30,,1173958,1,,,1,70,,1173967,1,,,1,30,,1054534,1,,,1,70,,948600,1,,,1,30,,1173964,1,,,1,70,,1173962,1,,,1,30,,1173969,1,,,1,70,,1173971,1,,,1,30,,1173961,1,,,1,70,,1173972,1,,,1,30,,1173968,1,,,1,70,,1173963,1,,,1,30,,1173966,1,,,1
8700,'5',739,,1173991,1,,,1,70,,1174004,1,,,1,17,,1174015,1,,,1,16,,1173980,1,,,1,15,,1174013,1,,,1,55,,1173993,1,,,1,15,,1173978,1,,,1,15,,1174007,1,,,1,15,,1173983,1,,,1,55,,1085534,1,,,1,15,,1173998,1,,,1,15,,1174002,1,,,1,15,,1034531,1,,,1,55,,1173981,1,,,1,15,,1173999,1,,,1,15,,1173989,1,,,1,15,,1173987,1,,,1,55,,1174008,1,,,1,15,,1173986,1,,,1,15,,1009326,1,,,1,15,,1174009,1,,,1,55,,1173976,1,,,1,15,,1174012,1,,,1,15,,1174014,1,,,1,15,,1174018,1,,,1,55,,1103226,1,,,1,15,,1174001,1,,,1,15,,1173990,1,,,1,15,,1173973,1,,,1,55,,1013237,1,,,1,15,,1173992,1,,,1,16,,1174003,1,,,1,15,,1174011,1,,,1,55,,1173982,1,,,1,15,,1174000,1,,,1,16,,1173996,1,,,1,69,,1174016,1,,,1,30,,1174005,1,,,1,70,,1173988,1,,,1,30,,1174010,1,,,1,69,,1173984,1,,,1,28,,1173997,1,,,1,73,,1173985,1,,,1,30,,1173974,1,,,1,70,,1174017,1,,,1,32,,1173995,1,,,1
8700,'6',739,,1174029,1,,,1,70,,1174046,1,,,1,17,,1174051,1,,,1,16,,1174061,1,,,1,15,,949284,1,,,1,55,,1174026,1,,,1,15,,1174035,1,,,1,15,,1174057,1,,,1,15,,1075671,1,,,1,55,,1174042,1,,,1,15,,1174060,1,,,1,15,,1174047,1,,,1,15,,1174058,1,,,1,55,,1174063,1,,,1,15,,1174028,1,,,1,15,,1174043,1,,,1,15,,966794,1,,,1,55,,1174049,1,,,1,15,,1174030,1,,,1,15,,1174052,1,,,1,15,,1174034,1,,,1,55,,1174059,1,,,1,15,,1174045,1,,,1,15,,1093531,1,,,1,15,,1174039,1,,,1,55,,1174055,1,,,1,15,,1174044,1,,,1,15,,1174064,1,,,1,15,,1174024,1,,,1,55,,1174023,1,,,1,15,,1174062,1,,,1,16,,1174032,1,,,1,15,,1174027,1,,,1,55,,1174054,1,,,1,15,,1174053,1,,,1,16,,1100313,1,,,1,69,,1174021,1,,,1,30,,1064519,1,,,1,70,,1174038,1,,,1,30,,1174050,1,,,1,69,,1174031,1,,,1,28,,1174020,1,,,1,73,,1060370,1,,,1,30,,1031872,1,,,1,70,,1174036,1,,,1,32,,1174040,1,,,1
8700,'7',810,,1174076,1,,,1,30,,1174085,1,,,1,70,,1174087,1,,,1,30,,1174068,1,,,1,69,,1174086,1,,,1,30,,1174070,1,,,1,70,,1174071,1,,,1,30,,1174080,1,,,1,70,,1174077,1,,,1,30,,1174074,1,,,1,70,,1174069,1,,,1,31,,1174081,1,,,1,70,,1174075,1,,,1,30,,1174079,1,,,1,70,,1174067,1,,,1,30,,1174078,1,,,1,70,,1174084,1,,,1,30,,1174083,1,,,1,70,,1174065,1,,,1,30,,1174066,1,,,1,70,,1174082,1,,,1,30,,1174073,1,,,1
8700,'8',739,,1174101,1,,,1,70,,1174119,1,,,1,17,,1174125,1,,,1,16,,1174136,1,,,1,15,,1174118,1,,,1,55,,1174098,1,,,1,15,,1174107,1,,,1,15,,1174131,1,,,1,15,,1174094,1,,,1,55,,1174114,1,,,1,15,,1174135,1,,,1,15,,1174121,1,,,1,15,,1174132,1,,,1,55,,1174139,1,,,1,15,,1174100,1,,,1,15,,1174115,1,,,1,15,,1174137,1,,,1,55,,1174123,1,,,1,15,,1174102,1,,,1,15,,1174126,1,,,1,15,,1174106,1,,,1,55,,1174133,1,,,1,15,,1174117,1,,,1,15,,1174089,1,,,1,15,,1174111,1,,,1,55,,1174129,1,,,1,15,,1174116,1,,,1,15,,1174140,1,,,1,15,,1174095,1,,,1,55,,1174093,1,,,1,15,,1174138,1,,,1,16,,1174104,1,,,1,15,,1174099,1,,,1,55,,1174128,1,,,1,15,,1174127,1,,,1,16,,1174096,1,,,1,69,,1174091,1,,,1,30,,1174134,1,,,1,70,,1174110,1,,,1,30,,1174124,1,,,1,69,,1174103,1,,,1,28,,1174090,1,,,1,73,,1174088,1,,,1,30,,1174120,1,,,1,70,,1174108,1,,,1,32,,1174112,1,,,1
8700,'9',739,,1174159,1,,,1,70,,1174172,1,,,1,17,,1174183,1,,,1,16,,1174148,1,,,1,15,,1174181,1,,,1,55,,1174161,1,,,1,15,,1174146,1,,,1,15,,1174175,1,,,1,15,,1174151,1,,,1,55,,1085403,1,,,1,15,,1174166,1,,,1,15,,1174170,1,,,1,15,,1034789,1,,,1,55,,1174149,1,,,1,15,,1174167,1,,,1,15,,1174157,1,,,1,15,,1174155,1,,,1,55,,1174176,1,,,1,15,,1174154,1,,,1,15,,1009400,1,,,1,15,,1174177,1,,,1,55,,1174144,1,,,1,15,,1174180,1,,,1,15,,1174182,1,,,1,15,,1174186,1,,,1,55,,1103224,1,,,1,15,,1174169,1,,,1,15,,1174158,1,,,1,15,,1174141,1,,,1,55,,1013416,1,,,1,15,,1174160,1,,,1,16,,1174171,1,,,1,15,,1174179,1,,,1,55,,1174150,1,,,1,15,,1174168,1,,,1,16,,1174164,1,,,1,69,,1174184,1,,,1,30,,1174173,1,,,1,70,,1174156,1,,,1,30,,1174178,1,,,1,69,,1174152,1,,,1,28,,1174165,1,,,1,73,,1174153,1,,,1,30,,1174142,1,,,1,70,,1174185,1,,,1,32,,1174163,1,,,1
8701,'1',752,,1174220,20,4,,1,55,,1174221,20,4,,1,17,,998746,20,4,,1,15,,1174206,20,4,,1,15,,1174229,20,4,,1,55,,1174223,20,4,,1,15,,1174197,20,4,,1,15,,1174205,20,4,,1,15,,1174232,20,4,,1,55,,1077493,20,4,,1,15,,1174192,20,4,,1,15,,1174208,20,4,,1,15,,1174218,20,4,,1,55,,1174214,20,4,,1,15,,1174198,20,4,,1,15,,1174188,20,4,,1,15,,1174226,20,4,,1,55,,1174224,20,4,,1,15,,1174212,20,4,,1,15,,1043520,20,4,,1,15,,1174200,20,4,,1,55,,1174203,20,4,,1,15,,1090871,20,4,,1,15,,1174230,20,4,,1,15,,1174202,20,4,,1,55,,1174219,20,4,,1,15,,1174194,20,4,,1,16,,1174196,20,4,,1,15,,1174207,20,4,,1,55,,1174199,20,4,,1,13,,1174215,20,4,,1,18,,1088152,20,4,,1,15,,1174217,20,4,,1,55,,1174227,20,4,,1,14,,1174216,20,4,,1,17,,1089213,20,4,,1,14,,1174209,20,4,,1,55,,1174201,20,4,,1,15,,991444,20,4,,1,15,,1174195,20,4,,1,16,,1174189,20,4,,1,53,,1174210,20,4,,1,16,,1174193,20,4,,1,15,,1174191,20,4,,1,69,,1174231,20,4,,1,28,,1064121,20,4,,1,70,,1174222,20,4,,1,28,,1174204,20,4,,1,73,,1174213,20,4,,1,30,,1174228,20,4,,1,70,,975281,20,4,,1
8701,'10',752,,1174265,20,4,,1,55,,1174266,20,4,,1,17,,998825,20,4,,1,15,,1174251,20,4,,1,15,,1174274,20,4,,1,55,,1174268,20,4,,1,15,,1174242,20,4,,1,15,,1174250,20,4,,1,15,,1174277,20,4,,1,55,,1077380,20,4,,1,15,,1174237,20,4,,1,15,,1174253,20,4,,1,15,,1174263,20,4,,1,55,,1174259,20,4,,1,15,,1174243,20,4,,1,15,,1174233,20,4,,1,15,,1174271,20,4,,1,55,,1174269,20,4,,1,15,,1174257,20,4,,1,15,,1043723,20,4,,1,15,,1174245,20,4,,1,55,,1174248,20,4,,1,15,,1090630,20,4,,1,15,,1174275,20,4,,1,15,,1174247,20,4,,1,55,,1174264,20,4,,1,15,,1174239,20,4,,1,16,,1174241,20,4,,1,15,,1174252,20,4,,1,55,,1174244,20,4,,1,13,,1174260,20,4,,1,18,,1087744,20,4,,1,15,,1174262,20,4,,1,55,,1174272,20,4,,1,14,,1174261,20,4,,1,17,,1089018,20,4,,1,14,,1174254,20,4,,1,55,,1174246,20,4,,1,15,,991433,20,4,,1,15,,1174240,20,4,,1,16,,1174234,20,4,,1,53,,1174255,20,4,,1,16,,1174238,20,4,,1,15,,1174236,20,4,,1,69,,1174276,20,4,,1,28,,1063808,20,4,,1,70,,1174267,20,4,,1,28,,1174249,20,4,,1,73,,1174258,20,4,,1,30,,1174273,20,4,,1,70,,975264,20,4,,1
8701,'11',752,,1174310,20,4,,1,55,,1174311,20,4,,1,17,,998724,20,4,,1,15,,1174296,20,4,,1,15,,1174319,20,4,,1,55,,1174313,20,4,,1,15,,1174287,20,4,,1,15,,1174295,20,4,,1,15,,1174322,20,4,,1,55,,1077526,20,4,,1,15,,1174282,20,4,,1,15,,1174298,20,4,,1,15,,1174308,20,4,,1,55,,1174304,20,4,,1,15,,1174288,20,4,,1,15,,1174278,20,4,,1,15,,1174316,20,4,,1,55,,1174314,20,4,,1,15,,1174302,20,4,,1,15,,1043461,20,4,,1,15,,1174290,20,4,,1,55,,1174293,20,4,,1,15,,1090942,20,4,,1,15,,1174320,20,4,,1,15,,1174292,20,4,,1,55,,1174309,20,4,,1,15,,1174284,20,4,,1,16,,1174286,20,4,,1,15,,1174297,20,4,,1,55,,1174289,20,4,,1,13,,1174305,20,4,,1,18,,1088264,20,4,,1,15,,1174307,20,4,,1,55,,1174317,20,4,,1,14,,1174306,20,4,,1,17,,1089268,20,4,,1,14,,1174299,20,4,,1,55,,1174291,20,4,,1,15,,991440,20,4,,1,15,,1174285,20,4,,1,16,,1174279,20,4,,1,53,,1174300,20,4,,1,16,,1174283,20,4,,1,15,,1174281,20,4,,1,69,,1174321,20,4,,1,28,,1064214,20,4,,1,70,,1174312,20,4,,1,28,,1174294,20,4,,1,73,,1174303,20,4,,1,30,,1174318,20,4,,1,70,,975275,20,4,,1
8701,'12',752,,1174338,20,4,,1,55,,1174340,20,4,,1,17,,1174358,20,4,,1,15,,1174339,20,4,,1,15,,1174354,20,4,,1,55,,1007719,20,4,,1,15,,1174348,20,4,,1,15,,1174334,20,4,,1,15,,1174349,20,4,,1,55,,1174356,20,4,,1,15,,1174363,20,4,,1,15,,1174326,20,4,,1,15,,1174355,20,4,,1,55,,1174324,20,4,,1,15,,1174366,20,4,,1,15,,1063013,20,4,,1,15,,1174343,20,4,,1,55,,1174345,20,4,,1,15,,1174344,20,4,,1,15,,1049464,20,4,,1,15,,1174337,20,4,,1,55,,1174331,20,4,,1,15,,1174328,20,4,,1,15,,1048538,20,4,,1,15,,1174342,20,4,,1,55,,1174365,20,4,,1,15,,1174347,20,4,,1,16,,1174351,20,4,,1,15,,1174359,20,4,,1,55,,1174352,20,4,,1,13,,1174367,20,4,,1,18,,1174332,20,4,,1,15,,1174360,20,4,,1,55,,1174323,20,4,,1,14,,1174325,20,4,,1,17,,1174336,20,4,,1,14,,1174368,20,4,,1,55,,1174329,20,4,,1,15,,950012,20,4,,1,15,,1174350,20,4,,1,16,,1174335,20,4,,1,53,,1174357,20,4,,1,16,,1174330,20,4,,1,15,,1174361,20,4,,1,69,,1088641,20,4,,1,28,,986370,20,4,,1,70,,1174362,20,4,,1,28,,1174333,20,4,,1,73,,1097388,20,4,,1,30,,1174346,20,4,,1,70,,1174341,20,4,,1
8701,'13',1139,,1174382,19,4,,1,70,,1174383,19,4,,1,30,,1174384,19,4,,1,70,,1099954,19,4,,1,30,,1174378,19,4,,1,70,,1174370,19,4,,1,30,,1174375,19,4,,1,70,,1174381,19,4,,1,30,,1174376,19,4,,1,70,,1174373,19,4,,1,30,,1174374,19,4,,1,70,,1174369,19,4,,1,30,,1174372,19,4,,1,70,,1174379,19,4,,1,29,,1174371,19,4,,1,70,,1174380,19,4,,1,30,,1174377,19,4,,1
8701,'14',752,,1174422,20,4,,1,55,,1174423,20,4,,1,17,,1174391,20,4,,1,15,,1174408,20,4,,1,15,,1174432,20,4,,1,55,,1174426,20,4,,1,15,,1174399,20,4,,1,15,,1174407,20,4,,1,15,,1174437,20,4,,1,55,,1174388,20,4,,1,15,,1174393,20,4,,1,15,,1174410,20,4,,1,15,,1174420,20,4,,1,55,,1174416,20,4,,1,15,,1174400,20,4,,1,15,,1174385,20,4,,1,15,,1174429,20,4,,1,55,,1174427,20,4,,1,15,,1174414,20,4,,1,15,,1174438,20,4,,1,15,,1174402,20,4,,1,55,,1174405,20,4,,1,15,,1174397,20,4,,1,15,,1174433,20,4,,1,15,,1174404,20,4,,1,55,,1174421,20,4,,1,15,,1174395,20,4,,1,16,,1174398,20,4,,1,15,,1174409,20,4,,1,55,,1174401,20,4,,1,13,,1174417,20,4,,1,18,,1174435,20,4,,1,15,,1174419,20,4,,1,55,,1174430,20,4,,1,14,,1174418,20,4,,1,17,,1174425,20,4,,1,14,,1174411,20,4,,1,55,,1174403,20,4,,1,15,,1174389,20,4,,1,15,,1174396,20,4,,1,16,,1174386,20,4,,1,53,,1174412,20,4,,1,16,,1174394,20,4,,1,15,,1174390,20,4,,1,69,,1174434,20,4,,1,28,,1174436,20,4,,1,70,,1174424,20,4,,1,28,,1174406,20,4,,1,73,,1174415,20,4,,1,30,,1174431,20,4,,1,70,,1174392,20,4,,1
8701,'15',752,,1174483,20,4,,1,55,,1174456,20,4,,1,17,,1174475,20,4,,1,15,,1174471,20,4,,1,15,,1174490,20,4,,1,55,,1174445,20,4,,1,15,,1174477,20,4,,1,15,,1174460,20,4,,1,15,,1174479,20,4,,1,55,,1174450,20,4,,1,15,,1174476,20,4,,1,15,,1174444,20,4,,1,15,,1174478,20,4,,1,55,,1174453,20,4,,1,15,,1174454,20,4,,1,15,,1174443,20,4,,1,15,,1174482,20,4,,1,55,,1174469,20,4,,1,15,,1174446,20,4,,1,15,,1174464,20,4,,1,15,,1174449,20,4,,1,55,,1174489,20,4,,1,15,,1174492,20,4,,1,15,,1174472,20,4,,1,15,,1174451,20,4,,1,55,,1174485,20,4,,1,15,,1174484,20,4,,1,16,,1174461,20,4,,1,15,,1174488,20,4,,1,55,,1174439,20,4,,1,13,,1174480,20,4,,1,18,,1174442,20,4,,1,15,,1174455,20,4,,1,55,,1174486,20,4,,1,14,,1174467,20,4,,1,17,,1174459,20,4,,1,14,,1174462,20,4,,1,55,,1174468,20,4,,1,15,,1174481,20,4,,1,15,,1174491,20,4,,1,16,,1174448,20,4,,1,53,,1174474,20,4,,1,16,,1174441,20,4,,1,15,,1174466,20,4,,1,69,,1174452,20,4,,1,28,,1174470,20,4,,1,70,,1174440,20,4,,1,28,,1174463,20,4,,1,73,,1174465,20,4,,1,30,,1174457,20,4,,1,70,,1174473,20,4,,1
8701,'16',752,,1174508,20,4,,1,55,,1174510,20,4,,1,17,,1174528,20,4,,1,15,,1174509,20,4,,1,15,,1174525,20,4,,1,55,,1174536,20,4,,1,15,,1174519,20,4,,1,15,,1174503,20,4,,1,15,,1174520,20,4,,1,55,,1174527,20,4,,1,15,,1174533,20,4,,1,15,,1174495,20,4,,1,15,,1174526,20,4,,1,55,,1085609,20,4,,1,15,,1174538,20,4,,1,15,,1174515,20,4,,1,15,,1174513,20,4,,1,55,,1174516,20,4,,1,15,,1174514,20,4,,1,15,,1174541,20,4,,1,15,,1174507,20,4,,1,55,,1071955,20,4,,1,15,,1174497,20,4,,1,15,,1174504,20,4,,1,15,,1174512,20,4,,1,55,,1174535,20,4,,1,15,,1174518,20,4,,1,16,,1174522,20,4,,1,15,,1174529,20,4,,1,55,,1174523,20,4,,1,13,,1174539,20,4,,1,18,,1174501,20,4,,1,15,,1174530,20,4,,1,55,,979821,20,4,,1,14,,1174494,20,4,,1,17,,1174506,20,4,,1,14,,1065173,20,4,,1,55,,1174498,20,4,,1,15,,1174499,20,4,,1,15,,1174521,20,4,,1,16,,1174505,20,4,,1,53,,1075065,20,4,,1,16,,1174500,20,4,,1,15,,1174531,20,4,,1,69,,1174493,20,4,,1,28,,1174540,20,4,,1,70,,1174532,20,4,,1,28,,1174502,20,4,,1,73,,1174537,20,4,,1,30,,1174517,20,4,,1,70,,1174511,20,4,,1
8701,'17',1139,,1174556,19,4,,1,70,,1174557,19,4,,1,30,,1174558,19,4,,1,70,,1174542,19,4,,1,30,,1174552,19,4,,1,70,,1174544,19,4,,1,30,,1174549,19,4,,1,70,,1174555,19,4,,1,30,,1174550,19,4,,1,70,,1174547,19,4,,1,30,,1174548,19,4,,1,70,,1174543,19,4,,1,30,,1174546,19,4,,1,70,,1174553,19,4,,1,29,,1174545,19,4,,1,70,,1174554,19,4,,1,30,,1174551,19,4,,1
8701,'2',851,,1174571,19,4,,1,70,,1174567,19,4,,1,30,,1174562,19,4,,1,70,,1174577,19,4,,1,30,,1174570,19,4,,1,70,,1174568,19,4,,1,30,,1174564,19,4,,1,70,,1174574,19,4,,1,30,,1174565,19,4,,1,70,,1082093,19,4,,1,30,,1174580,19,4,,1,70,,1174573,19,4,,1,30,,1174579,19,4,,1,70,,1174563,19,4,,1,30,,1174572,19,4,,1,70,,1174560,19,4,,1,30,,1174569,19,4,,1,70,,1174576,19,4,,1,30,,1174578,19,4,,1,70,,1174575,19,4,,1,29,,1174561,19,4,,1,70,,1174559,19,4,,1,30,,1174566,19,4,,1
8701,'3',1139,,1174595,19,4,,1,70,,1174596,19,4,,1,30,,1174597,19,4,,1,70,,1174581,19,4,,1,30,,1174591,19,4,,1,70,,1174583,19,4,,1,30,,1174588,19,4,,1,70,,1174594,19,4,,1,30,,1174589,19,4,,1,70,,1174586,19,4,,1,30,,1174587,19,4,,1,70,,1174582,19,4,,1,30,,1174585,19,4,,1,70,,1174592,19,4,,1,29,,1174584,19,4,,1,70,,1174593,19,4,,1,30,,1174590,19,4,,1
8701,'4',1139,,1174604,19,4,,1,70,,1174606,19,4,,1,30,,1174612,19,4,,1,70,,1038962,19,4,,1,30,,1174605,19,4,,1,70,,1174609,19,4,,1,30,,1174610,19,4,,1,70,,1174600,19,4,,1,30,,1174611,19,4,,1,70,,1174607,19,4,,1,30,,1174602,19,4,,1,70,,1174598,19,4,,1,30,,1174603,19,4,,1,70,,1174608,19,4,,1,29,,1174599,19,4,,1,70,,1174601,19,4,,1,30,,1006702,19,4,,1
8701,'5',752,,1174645,20,4,,1,55,,1174646,20,4,,1,17,,998592,20,4,,1,15,,1174631,20,4,,1,15,,1174654,20,4,,1,55,,1174648,20,4,,1,15,,1174622,20,4,,1,15,,1174630,20,4,,1,15,,1174657,20,4,,1,55,,1077475,20,4,,1,15,,1174617,20,4,,1,15,,1174633,20,4,,1,15,,1174643,20,4,,1,55,,1174639,20,4,,1,15,,1174623,20,4,,1,15,,1174613,20,4,,1,15,,1174651,20,4,,1,55,,1174649,20,4,,1,15,,1174637,20,4,,1,15,,1043179,20,4,,1,15,,1174625,20,4,,1,55,,1174628,20,4,,1,15,,1090837,20,4,,1,15,,1174655,20,4,,1,15,,1174627,20,4,,1,55,,1174644,20,4,,1,15,,1174619,20,4,,1,16,,1174621,20,4,,1,15,,1174632,20,4,,1,55,,1174624,20,4,,1,13,,1174640,20,4,,1,18,,1088091,20,4,,1,15,,1174642,20,4,,1,55,,1174652,20,4,,1,14,,1174641,20,4,,1,17,,1089175,20,4,,1,14,,1174634,20,4,,1,55,,1174626,20,4,,1,15,,991455,20,4,,1,15,,1174620,20,4,,1,16,,1174614,20,4,,1,53,,1174635,20,4,,1,16,,1174618,20,4,,1,15,,1174616,20,4,,1,69,,1174656,20,4,,1,28,,1064076,20,4,,1,70,,1174647,20,4,,1,28,,1174629,20,4,,1,73,,1174638,20,4,,1,30,,1174653,20,4,,1,70,,975298,20,4,,1
8701,'6',752,,1174668,20,4,,1,55,,1174670,20,4,,1,17,,1174688,20,4,,1,15,,1174669,20,4,,1,15,,1079267,20,4,,1,55,,1174696,20,4,,1,15,,1174679,20,4,,1,15,,1033632,20,4,,1,15,,1174680,20,4,,1,55,,1174686,20,4,,1,15,,1174693,20,4,,1,15,,998967,20,4,,1,15,,1174685,20,4,,1,55,,1174659,20,4,,1,15,,1087328,20,4,,1,15,,1174675,20,4,,1,15,,1174673,20,4,,1,55,,1174676,20,4,,1,15,,1174674,20,4,,1,15,,1174699,20,4,,1,15,,1174667,20,4,,1,55,,1174663,20,4,,1,15,,1001675,20,4,,1,15,,1174664,20,4,,1,15,,1174672,20,4,,1,55,,1174695,20,4,,1,15,,1174678,20,4,,1,16,,1174682,20,4,,1,15,,1174689,20,4,,1,55,,1174683,20,4,,1,13,,1074133,20,4,,1,18,,943210,20,4,,1,15,,1174690,20,4,,1,55,,1174658,20,4,,1,14,,976589,20,4,,1,17,,1174666,20,4,,1,14,,1174700,20,4,,1,55,,1095965,20,4,,1,15,,1174662,20,4,,1,15,,1174681,20,4,,1,16,,1174665,20,4,,1,53,,1174687,20,4,,1,16,,1062248,20,4,,1,15,,1174691,20,4,,1,69,,1174660,20,4,,1,28,,1174698,20,4,,1,70,,1174692,20,4,,1,28,,1077121,20,4,,1,73,,1174697,20,4,,1,30,,1174677,20,4,,1,70,,1174671,20,4,,1
8701,'7',851,,1174723,19,4,,1,70,,1174719,19,4,,1,30,,1174704,19,4,,1,70,,1174712,19,4,,1,30,,1174713,19,4,,1,70,,1174709,19,4,,1,30,,1174720,19,4,,1,70,,1174717,19,4,,1,30,,1174701,19,4,,1,70,,1174718,19,4,,1,30,,1174707,19,4,,1,70,,1174715,19,4,,1,30,,1174703,19,4,,1,70,,1174708,19,4,,1,30,,1174716,19,4,,1,70,,1174706,19,4,,1,30,,1174710,19,4,,1,70,,1174722,19,4,,1,30,,1174705,19,4,,1,70,,1174711,19,4,,1,29,,1174714,19,4,,1,70,,1174702,19,4,,1,30,,1174721,19,4,,1
8701,'8',752,,1174742,20,4,,1,55,,1174744,20,4,,1,17,,1174763,20,4,,1,15,,1174743,20,4,,1,15,,1174759,20,4,,1,55,,1174771,20,4,,1,15,,1174753,20,4,,1,15,,1174737,20,4,,1,15,,1174754,20,4,,1,55,,1174761,20,4,,1,15,,1174768,20,4,,1,15,,1174728,20,4,,1,15,,1174760,20,4,,1,55,,1174725,20,4,,1,15,,1174773,20,4,,1,15,,1174749,20,4,,1,15,,1174747,20,4,,1,55,,1174750,20,4,,1,15,,1174748,20,4,,1,15,,1174776,20,4,,1,15,,1174741,20,4,,1,55,,1174734,20,4,,1,15,,1174730,20,4,,1,15,,1174738,20,4,,1,15,,1174746,20,4,,1,55,,1174770,20,4,,1,15,,1174752,20,4,,1,16,,1174756,20,4,,1,15,,1174764,20,4,,1,55,,1174757,20,4,,1,13,,1174774,20,4,,1,18,,1174735,20,4,,1,15,,1174765,20,4,,1,55,,1174724,20,4,,1,14,,1174727,20,4,,1,17,,1174740,20,4,,1,14,,1174777,20,4,,1,55,,1174731,20,4,,1,15,,1174732,20,4,,1,15,,1174755,20,4,,1,16,,1174739,20,4,,1,53,,1174762,20,4,,1,16,,1174733,20,4,,1,15,,1174766,20,4,,1,69,,1174726,20,4,,1,28,,1174775,20,4,,1,70,,1174767,20,4,,1,28,,1174736,20,4,,1,73,,1174772,20,4,,1,30,,1174751,20,4,,1,70,,1174745,20,4,,1
8701,'9',752,,1174810,20,4,,1,55,,1174811,20,4,,1,17,,998768,20,4,,1,15,,1174796,20,4,,1,15,,1174819,20,4,,1,55,,1174813,20,4,,1,15,,1174787,20,4,,1,15,,1174795,20,4,,1,15,,1174822,20,4,,1,55,,1077413,20,4,,1,15,,1174782,20,4,,1,15,,1174798,20,4,,1,15,,1174808,20,4,,1,55,,1174804,20,4,,1,15,,1174788,20,4,,1,15,,1174778,20,4,,1,15,,1174816,20,4,,1,55,,1174814,20,4,,1,15,,1174802,20,4,,1,15,,1043579,20,4,,1,15,,1174790,20,4,,1,55,,1174793,20,4,,1,15,,1090702,20,4,,1,15,,1174820,20,4,,1,15,,1174792,20,4,,1,55,,1174809,20,4,,1,15,,1174784,20,4,,1,16,,1174786,20,4,,1,15,,1174797,20,4,,1,55,,1174789,20,4,,1,13,,1174805,20,4,,1,18,,1087874,20,4,,1,15,,1174807,20,4,,1,55,,1174817,20,4,,1,14,,1174806,20,4,,1,17,,1089081,20,4,,1,14,,1174799,20,4,,1,55,,1174791,20,4,,1,15,,991451,20,4,,1,15,,1174785,20,4,,1,16,,1174779,20,4,,1,53,,1174800,20,4,,1,16,,1174783,20,4,,1,15,,1174781,20,4,,1,69,,1174821,20,4,,1,28,,1063905,20,4,,1,70,,1174812,20,4,,1,28,,1174794,20,4,,1,73,,1174803,20,4,,1,30,,1174818,20,4,,1,70,,975292,20,4,,1
8800,'1',431,,1174862,19,,,1,74,,1174875,19,,,1,31,,1174863,19,,,1,68,,1174868,19,,,1,15,,1174872,19,,,1,17,,1174844,19,,,1,11,,1174849,19,,,1,11,,888757,19,,,1,50,,1174842,19,,,1,11,,1174869,19,,,1,10,,1174874,19,,,1,10,,1174890,19,,,1,10,,1174858,19,,,1,51,,1174873,19,,,1,15,,1174831,19,,,1,17,,1174836,19,,,1,15,,1174832,19,,,1,55,,1061751,19,,,1,14,,1174827,19,,,1,14,,1174880,19,,,1,16,,1174833,1,,,1,54,,1174865,19,,,1,16,,1174879,1,,,1,14,,1174867,19,,,1,15,,1174877,1,,,1,55,,1174886,19,,,1,15,,1174835,1,,,1,15,,1174839,19,,,1,15,,1090240,1,,,1,55,,1174889,19,,,1,15,,1174824,1,,,1,15,,1174823,19,,,1,15,,1174882,1,,,1,55,,1096445,19,,,1,15,,1174888,1,,,1,15,,1174881,19,,,1,15,,1174826,1,,,1,11,,1174855,19,,,1,50,,1174846,1,,,1,4,,1174840,1,,,1,21,,1085599,19,,,1,10,,1174845,1,,,1,8,,1174850,1,,,1,52,,1174876,19,,,1,11,,1174852,1,,,1,11,,1174825,1,,,1,9,,1174841,19,,,1,12,,1103097,19,,,1,3,,1174885,16,4,,1,7,,1174856,19,,,1,48,,1174834,19,,,1,10,,1066538,19,,,1,7,,1174891,19,,,1,10,,1174843,19,,,1,13,,1174853,19,,,1,17,,1094154,19,,,1,53,,1174848,19,,,1,6,,1090866,19,,,1,10,,1097853,19,,,1,9,,1174851,19,,,1,11,,1174892,19,,,1,58,,1174859,19,,,1,14,,1174871,19,,,1,11,,1078296,19,,,1,19,,1174887,19,,,1,56,,1174884,1,,,1,13,,925009,19,,,1,15,,1174854,1,,,1,15,,1174893,19,,,1,55,,1079305,1,,,1,15,,1174838,19,,,1,13,,1174866,1,,,1,15,,1174828,19,,,1,55,,1174894,19,,,1,20,,1174857,19,,,1,20,,1174837,19,,,1,15,,1174847,19,,,1,64,,1174830,19,,,1,20,,1174870,19,,,1,60,,1174878,19,,,1,26,,1174860,19,,,1,29,,1174861,19,,,1,73,,1174864,19,,,1,30,,1174883,19,,,1
8800,'10',431,,1174934,19,,,1,74,,1174947,19,,,1,31,,1174935,19,,,1,68,,1174940,19,,,1,15,,1174944,19,,,1,17,,1174916,19,,,1,11,,1174921,19,,,1,11,,888807,19,,,1,50,,1174914,19,,,1,11,,1174941,19,,,1,10,,1174946,19,,,1,10,,1174962,19,,,1,10,,1174930,19,,,1,51,,1174945,19,,,1,15,,1174903,19,,,1,17,,1174908,19,,,1,15,,1174904,19,,,1,55,,1061526,19,,,1,14,,1174899,19,,,1,14,,1174952,19,,,1,16,,1174905,1,,,1,54,,1174937,19,,,1,16,,1174951,1,,,1,14,,1174939,19,,,1,15,,1174949,1,,,1,55,,1174958,19,,,1,15,,1174907,1,,,1,15,,1174911,19,,,1,15,,1090096,1,,,1,55,,1174961,19,,,1,15,,1174896,1,,,1,15,,1174895,19,,,1,15,,1174954,1,,,1,55,,1096229,19,,,1,15,,1174960,1,,,1,15,,1174953,19,,,1,15,,1174898,1,,,1,11,,1174927,19,,,1,50,,1174918,1,,,1,4,,1174912,1,,,1,21,,1085342,19,,,1,10,,1174917,1,,,1,8,,1174922,1,,,1,52,,1174948,19,,,1,11,,1174924,1,,,1,11,,1174897,1,,,1,9,,1174913,19,,,1,12,,1103079,19,,,1,3,,1174957,16,4,,1,7,,1174928,19,,,1,48,,1174906,19,,,1,10,,1066316,19,,,1,7,,1174963,19,,,1,10,,1174915,19,,,1,13,,1174925,19,,,1,17,,1093934,19,,,1,53,,1174920,19,,,1,6,,1090625,19,,,1,10,,1097629,19,,,1,9,,1174923,19,,,1,11,,1174964,19,,,1,58,,1174931,19,,,1,14,,1174943,19,,,1,11,,1078084,19,,,1,19,,1174959,19,,,1,56,,1174956,1,,,1,13,,925060,19,,,1,15,,1174926,1,,,1,15,,1174965,19,,,1,55,,1079291,1,,,1,15,,1174910,19,,,1,13,,1174938,1,,,1,15,,1174900,19,,,1,55,,1174966,19,,,1,20,,1174929,19,,,1,20,,1174909,19,,,1,15,,1174919,19,,,1,64,,1174902,19,,,1,20,,1174942,19,,,1,60,,1174950,19,,,1,26,,1174932,19,,,1,29,,1174933,19,,,1,73,,1174936,19,,,1,30,,1174955,19,,,1
8800,'11',431,,1175006,19,,,1,74,,1175019,19,,,1,31,,1175007,19,,,1,68,,1175012,19,,,1,15,,1175016,19,,,1,17,,1174988,19,,,1,11,,1174993,19,,,1,11,,888649,19,,,1,50,,1174986,19,,,1,11,,1175013,19,,,1,10,,1175018,19,,,1,10,,1175034,19,,,1,10,,1175002,19,,,1,51,,1175017,19,,,1,15,,1174975,19,,,1,17,,1174980,19,,,1,15,,1174976,19,,,1,55,,1061818,19,,,1,14,,1174971,19,,,1,14,,1175024,19,,,1,16,,1174977,1,,,1,54,,1175009,19,,,1,16,,1175023,1,,,1,14,,1175011,19,,,1,15,,1175021,1,,,1,55,,1175030,19,,,1,15,,1174979,1,,,1,15,,1174983,19,,,1,15,,1090284,1,,,1,55,,1175033,19,,,1,15,,1174968,1,,,1,15,,1174967,19,,,1,15,,1175026,1,,,1,55,,1096504,19,,,1,15,,1175032,1,,,1,15,,1175025,19,,,1,15,,1174970,1,,,1,11,,1174999,19,,,1,50,,1174990,1,,,1,4,,1174984,1,,,1,21,,1085679,19,,,1,10,,1174989,1,,,1,8,,1174994,1,,,1,52,,1175020,19,,,1,11,,1174996,1,,,1,11,,1174969,1,,,1,9,,1174985,19,,,1,12,,1103103,19,,,1,3,,1175029,16,4,,1,7,,1175000,19,,,1,48,,1174978,19,,,1,10,,1066605,19,,,1,7,,1175035,19,,,1,10,,1174987,19,,,1,13,,1174997,19,,,1,17,,1094217,19,,,1,53,,1174992,19,,,1,6,,1090937,19,,,1,10,,1097921,19,,,1,9,,1174995,19,,,1,11,,1175036,19,,,1,58,,1175003,19,,,1,14,,1175015,19,,,1,11,,1078358,19,,,1,19,,1175031,19,,,1,56,,1175028,1,,,1,13,,924898,19,,,1,15,,1174998,1,,,1,15,,1175037,19,,,1,55,,1079310,1,,,1,15,,1174982,19,,,1,13,,1175010,1,,,1,15,,1174972,19,,,1,55,,1175038,19,,,1,20,,1175001,19,,,1,20,,1174981,19,,,1,15,,1174991,19,,,1,64,,1174974,19,,,1,20,,1175014,19,,,1,60,,1175022,19,,,1,26,,1175004,19,,,1,29,,1175005,19,,,1,73,,1175008,19,,,1,30,,1175027,19,,,1
8800,'12',431,,1175101,19,,,1,74,,1175108,19,,,1,31,,1175053,19,,,1,68,,1175084,19,,,1,15,,1175104,19,,,1,17,,1100935,19,,,1,11,,1175066,19,,,1,11,,1175074,19,,,1,50,,1175049,19,,,1,11,,1175107,19,,,1,10,,1175096,19,,,1,10,,1175052,19,,,1,10,,1175060,19,,,1,51,,1175048,19,,,1,15,,1175040,19,,,1,17,,1175070,19,,,1,15,,1175071,19,,,1,55,,1175059,19,,,1,14,,1095863,19,,,1,14,,1175073,19,,,1,16,,1175095,1,,,1,54,,1175091,19,,,1,16,,916390,1,,,1,14,,1175050,19,,,1,15,,1175057,1,,,1,55,,1081292,19,,,1,15,,1175081,1,,,1,15,,1175069,19,,,1,15,,1175056,1,,,1,55,,1175082,19,,,1,15,,1175075,1,,,1,15,,1175076,19,,,1,15,,1175078,1,,,1,55,,1175085,19,,,1,15,,1175065,1,,,1,15,,1175055,19,,,1,15,,1175051,1,,,1,11,,1175109,19,,,1,50,,1175043,1,,,1,4,,1175063,1,,,1,21,,1175099,19,,,1,10,,1033979,1,,,1,8,,1175072,1,,,1,52,,1175062,19,,,1,11,,1175080,1,,,1,11,,1092384,1,,,1,9,,1175045,19,,,1,12,,1175042,19,,,1,3,,1175097,16,4,,1,7,,1175047,19,,,1,48,,1175079,19,,,1,10,,1175077,19,,,1,7,,1175089,19,,,1,10,,1175093,19,,,1,13,,1091212,19,,,1,17,,1175054,19,,,1,53,,1175102,19,,,1,6,,1175094,19,,,1,10,,1072797,19,,,1,9,,1175039,19,,,1,11,,1175067,19,,,1,58,,1175064,19,,,1,14,,1175090,19,,,1,11,,1175088,19,,,1,19,,1175092,19,,,1,56,,1036325,1,,,1,13,,1175100,19,,,1,15,,1175103,1,,,1,15,,1175098,19,,,1,55,,1175087,1,,,1,15,,1074472,19,,,1,13,,1065750,1,,,1,15,,1080434,19,,,1,55,,1175105,19,,,1,20,,1073392,19,,,1,20,,1175058,19,,,1,15,,1175086,19,,,1,64,,1175061,19,,,1,20,,1175044,19,,,1,60,,1175068,19,,,1,26,,1096087,19,,,1,29,,1175041,19,,,1,73,,1175083,19,,,1,30,,1175046,19,,,1
8800,'13',608,,1175113,19,,,1,30,,1175125,19,,,1,70,,1175133,19,,,1,30,,1175141,19,,,1,70,,1175135,19,,,1,30,,1175136,19,,,1,70,,1062928,19,,,1,30,,1175110,19,,,1,70,,1175139,19,,,1,31,,1175131,19,,,1,70,,1175129,19,,,1,22,,1175117,19,,,1,20,,1175144,19,,,1,60,,1175122,19,,,1,20,,1175134,19,,,1,20,,1175145,19,,,1,60,,1175132,19,,,1,20,,1175120,19,,,1,20,,1175138,19,,,1,60,,1094758,19,,,1,21,,1175128,19,,,1,20,,1175142,19,,,1,60,,1175127,19,,,1,20,,1175112,19,,,1,20,,1175116,19,,,1,60,,1175124,19,,,1,20,,1175123,19,,,1,20,,1175137,19,,,1,60,,1092089,19,,,1,20,,1175118,19,,,1,21,,1175140,19,,,1,69,,1175114,19,,,1,30,,1175147,19,,,1,70,,1175130,19,,,1,30,,1175149,19,,,1,70,,1175126,19,,,1,30,,1175121,19,,,1,70,,1175119,19,,,1,30,,1175111,19,,,1,69,,1175148,19,,,1,30,,1175143,19,,,1,70,,1175115,19,,,1,30,,1175146,19,,,1
8800,'14',431,,1175195,19,,,1,74,,1175209,19,,,1,31,,1175196,19,,,1,68,,1175201,19,,,1,15,,1175205,19,,,1,17,,1175177,19,,,1,11,,1175182,19,,,1,11,,1175164,19,,,1,50,,1175175,19,,,1,11,,1175202,19,,,1,10,,1175208,19,,,1,10,,1175226,19,,,1,10,,1175191,19,,,1,51,,1175207,19,,,1,15,,1175162,19,,,1,17,,1175169,19,,,1,15,,1175163,19,,,1,55,,1175223,19,,,1,14,,1175156,19,,,1,14,,1175214,19,,,1,16,,1175166,1,,,1,54,,1175198,19,,,1,16,,1175213,1,,,1,14,,1175200,19,,,1,15,,1175211,1,,,1,55,,1175220,19,,,1,15,,1175168,1,,,1,15,,1175172,19,,,1,15,,1175165,1,,,1,55,,1175225,19,,,1,15,,1175151,1,,,1,15,,1175150,19,,,1,15,,1175216,1,,,1,55,,1175234,19,,,1,15,,1175222,1,,,1,15,,1175215,19,,,1,15,,1175154,1,,,1,11,,1175188,19,,,1,50,,1175179,1,,,1,4,,1175173,1,,,1,21,,1175224,19,,,1,10,,1175178,1,,,1,8,,1175183,1,,,1,52,,1175210,19,,,1,11,,1175185,1,,,1,11,,1175152,1,,,1,9,,1175174,19,,,1,12,,1175159,19,,,1,3,,1175219,16,4,,1,7,,1175189,19,,,1,48,,1175167,19,,,1,10,,1175229,19,,,1,7,,1175228,19,,,1,10,,1175176,19,,,1,13,,1175186,19,,,1,17,,1175227,19,,,1,53,,1175181,19,,,1,6,,1175158,19,,,1,10,,1175206,19,,,1,9,,1175184,19,,,1,11,,1175230,19,,,1,58,,1175192,19,,,1,14,,1175204,19,,,1,11,,1175155,19,,,1,19,,1175221,19,,,1,56,,1175218,1,,,1,13,,1175153,19,,,1,15,,1175187,1,,,1,15,,1175232,19,,,1,55,,1175231,1,,,1,15,,1175171,19,,,1,13,,1175199,1,,,1,15,,1175157,19,,,1,55,,1175233,19,,,1,20,,1175190,19,,,1,20,,1175170,19,,,1,15,,1175180,19,,,1,64,,1175161,19,,,1,20,,1175203,19,,,1,60,,1175212,19,,,1,26,,1175193,19,,,1,29,,1175194,19,,,1,73,,1175197,19,,,1,30,,1175217,19,,,1
8800,'15',431,,1175298,19,,,1,74,,1175282,19,,,1,31,,1175308,19,,,1,68,,1175248,19,,,1,15,,1175264,19,,,1,17,,1175265,19,,,1,11,,1175268,19,,,1,11,,1175263,19,,,1,50,,1175312,19,,,1,11,,1175292,19,,,1,10,,1175244,19,,,1,10,,1175314,19,,,1,10,,1175294,19,,,1,51,,1175238,19,,,1,15,,1175283,19,,,1,17,,1175304,19,,,1,15,,1175236,19,,,1,55,,1175269,19,,,1,14,,1175290,19,,,1,14,,1175277,19,,,1,16,,1175285,1,,,1,54,,1175276,19,,,1,16,,1175307,1,,,1,14,,1175309,19,,,1,15,,1175289,1,,,1,55,,1175251,19,,,1,15,,1175256,1,,,1,15,,1175293,19,,,1,15,,1175271,1,,,1,55,,1175261,19,,,1,15,,1175258,1,,,1,15,,1175257,19,,,1,15,,1175280,1,,,1,55,,1175313,19,,,1,15,,1175237,1,,,1,15,,1175249,19,,,1,15,,1175317,1,,,1,11,,1175306,19,,,1,50,,1175281,1,,,1,4,,1175315,1,,,1,21,,1175252,19,,,1,10,,1175301,1,,,1,8,,1175245,1,,,1,52,,1175296,19,,,1,11,,1175266,1,,,1,11,,1175275,1,,,1,9,,1175262,19,,,1,12,,1175310,19,,,1,3,,1175305,16,4,,1,7,,1175319,19,,,1,48,,1175302,19,,,1,10,,1175297,19,,,1,7,,1175254,19,,,1,10,,1175318,19,,,1,13,,1175274,19,,,1,17,,1175303,19,,,1,53,,1175291,19,,,1,6,,1175255,19,,,1,10,,1175287,19,,,1,9,,1175242,19,,,1,11,,1175286,19,,,1,58,,1175278,19,,,1,14,,1175259,19,,,1,11,,1175253,19,,,1,19,,1175240,19,,,1,56,,1175272,1,,,1,13,,1175279,19,,,1,15,,1175243,1,,,1,15,,1175239,19,,,1,55,,1175300,1,,,1,15,,1175316,19,,,1,13,,1175246,1,,,1,15,,1175295,19,,,1,55,,1175260,19,,,1,20,,1175273,19,,,1,20,,1175311,19,,,1,15,,1175270,19,,,1,64,,1175241,19,,,1,20,,1175235,19,,,1,60,,1175250,19,,,1,26,,1175267,19,,,1,29,,1175288,19,,,1,73,,1175299,19,,,1,30,,1175247,19,,,1
8800,'16',431,,1175390,19,,,1,74,,1175396,19,,,1,31,,1175345,19,,,1,68,,1175375,19,,,1,15,,1175392,19,,,1,17,,1175388,19,,,1,11,,1175358,19,,,1,11,,1175365,19,,,1,50,,1175341,19,,,1,11,,1068049,19,,,1,10,,1175387,19,,,1,10,,1175344,19,,,1,10,,1175352,19,,,1,51,,1175340,19,,,1,15,,1175330,19,,,1,17,,1085628,19,,,1,15,,1175362,19,,,1,55,,1175351,19,,,1,14,,1175321,19,,,1,14,,1175364,19,,,1,16,,1175386,1,,,1,54,,1175382,19,,,1,16,,1175326,1,,,1,14,,1175342,19,,,1,15,,1175349,1,,,1,55,,1175325,19,,,1,15,,1175372,1,,,1,15,,1175361,19,,,1,15,,1175348,1,,,1,55,,1175373,19,,,1,15,,1175366,1,,,1,15,,1175367,19,,,1,15,,1175369,1,,,1,55,,1175376,19,,,1,15,,1175357,1,,,1,15,,1175347,19,,,1,15,,1175343,1,,,1,11,,1083655,19,,,1,50,,1175332,1,,,1,4,,1175355,1,,,1,21,,1175389,19,,,1,10,,1175337,1,,,1,8,,1175363,1,,,1,52,,1175354,19,,,1,11,,1175371,1,,,1,11,,1175334,1,,,1,9,,1175336,19,,,1,12,,1175331,19,,,1,3,,1006909,16,4,,1,7,,1175339,19,,,1,48,,1175370,19,,,1,10,,1175368,19,,,1,7,,1175380,19,,,1,10,,1175384,19,,,1,13,,1175335,19,,,1,17,,1175346,19,,,1,53,,1175391,19,,,1,6,,1175385,19,,,1,10,,1175322,19,,,1,9,,1175323,19,,,1,11,,1175359,19,,,1,58,,1175356,19,,,1,14,,1175381,19,,,1,11,,1175379,19,,,1,19,,1175383,19,,,1,56,,1175320,1,,,1,13,,984123,19,,,1,15,,1071315,1,,,1,15,,1063675,19,,,1,55,,1175378,1,,,1,15,,1175327,19,,,1,13,,1175393,1,,,1,15,,1175329,19,,,1,55,,1175394,19,,,1,20,,1175324,19,,,1,20,,1175350,19,,,1,15,,1175377,19,,,1,64,,1175353,19,,,1,20,,1175333,19,,,1,60,,1175360,19,,,1,26,,1175328,19,,,1,29,,1072854,19,,,1,73,,1175374,19,,,1,30,,1175338,19,,,1
8800,'17',608,,1175400,19,,,1,30,,1175414,19,,,1,70,,1175422,19,,,1,30,,1175430,19,,,1,70,,1175424,19,,,1,30,,1175425,19,,,1,70,,1175407,19,,,1,30,,1175397,19,,,1,70,,1175428,19,,,1,31,,1175420,19,,,1,70,,1175418,19,,,1,22,,1175405,19,,,1,20,,1175433,19,,,1,60,,1175411,19,,,1,20,,1175423,19,,,1,20,,1175434,19,,,1,60,,1175421,19,,,1,20,,1175409,19,,,1,20,,1175427,19,,,1,60,,1175435,19,,,1,21,,1175417,19,,,1,20,,1175431,19,,,1,60,,1175416,19,,,1,20,,1175399,19,,,1,20,,1175404,19,,,1,60,,1175413,19,,,1,20,,1175412,19,,,1,20,,1175426,19,,,1,60,,1175401,19,,,1,20,,1175406,19,,,1,21,,1175429,19,,,1,69,,1175402,19,,,1,30,,1175437,19,,,1,70,,1175419,19,,,1,30,,1175439,19,,,1,70,,1175415,19,,,1,30,,1175410,19,,,1,70,,1175408,19,,,1,30,,1175398,19,,,1,69,,1175438,19,,,1,30,,1175432,19,,,1,70,,1175403,19,,,1,30,,1175436,19,,,1
8800,'2',517,,1175482,19,,,1,28,,1175462,19,,,1,70,,1175486,19,,,1,30,,1088422,19,,,1,70,,1175445,19,,,1,30,,1175451,19,,,1,70,,1175456,19,,,1,30,,1175481,19,,,1,70,,1175443,19,,,1,16,,1092317,1,,,1,16,,1175458,19,,,1,57,,1175444,1,,,1,16,,1175488,19,,,1,15,,1175479,1,,,1,15,,1175492,19,,,1,55,,1175442,1,,,1,16,,1175487,19,,,1,15,,1175483,1,,,1,15,,1175472,19,,,1,55,,1001143,1,,,1,16,,1175463,19,,,1,15,,1175449,1,,,1,17,,1175475,19,,,1,55,,1175469,1,,,1,15,,1175450,19,,,1,15,,1175496,1,,,1,15,,1175455,19,,,1,55,,1089900,1,,,1,16,,1175467,19,,,1,15,,1175494,1,,,1,15,,1175477,19,,,1,55,,1175441,1,,,1,15,,1175447,19,,,1,15,,1175461,1,,,1,15,,1175452,19,,,1,55,,1175459,1,,,1,15,,1175471,19,,,1,15,,1175480,1,,,1,15,,1175485,19,,,1,55,,1175440,1,,,1,15,,1175466,19,,,1,15,,1175473,1,,,1,15,,1175454,19,,,1,55,,1175468,1,,,1,14,,1175453,19,,,1,15,,1175489,1,,,1,15,,1175490,19,,,1,55,,1175478,1,,,1,15,,1175460,19,,,1,15,,1175446,1,,,1,15,,1175470,19,,,1,55,,1175464,1,,,1,15,,1175474,19,,,1,30,,1175476,19,,,1,70,,1175495,19,,,1,30,,1175457,19,,,1,69,,1175493,19,,,1,30,,1175465,19,,,1,70,,1175448,19,,,1,30,,1175491,19,,,1,70,,1094457,19,,,1,81,,1175484,19,,,1
8800,'3',608,,1175500,19,,,1,30,,1175514,19,,,1,70,,1175522,19,,,1,30,,1175530,19,,,1,70,,1175524,19,,,1,30,,1175525,19,,,1,70,,1175507,19,,,1,30,,1175497,19,,,1,70,,1175528,19,,,1,31,,1175520,19,,,1,70,,1175518,19,,,1,22,,1175505,19,,,1,20,,1175533,19,,,1,60,,1175511,19,,,1,20,,1175523,19,,,1,20,,1175534,19,,,1,60,,1175521,19,,,1,20,,1175509,19,,,1,20,,1175527,19,,,1,60,,1175535,19,,,1,21,,1175517,19,,,1,20,,1175531,19,,,1,60,,1175516,19,,,1,20,,1175499,19,,,1,20,,1175504,19,,,1,60,,1175513,19,,,1,20,,1175512,19,,,1,20,,1175526,19,,,1,60,,1175501,19,,,1,20,,1175506,19,,,1,21,,1175529,19,,,1,69,,1175502,19,,,1,30,,1175537,19,,,1,70,,1175519,19,,,1,30,,1175539,19,,,1,70,,1175515,19,,,1,30,,1175510,19,,,1,70,,1175508,19,,,1,30,,1175498,19,,,1,69,,1175538,19,,,1,30,,1175532,19,,,1,70,,1175503,19,,,1,30,,1175536,19,,,1
8800,'4',608,,1175565,19,,,1,30,,1175556,19,,,1,70,,1175575,19,,,1,30,,1073785,19,,,1,70,,1175545,19,,,1,30,,1175570,19,,,1,70,,1175577,19,,,1,30,,1175572,19,,,1,70,,1175551,19,,,1,31,,1175540,19,,,1,70,,1175541,19,,,1,22,,1175564,19,,,1,20,,1175547,19,,,1,60,,1175554,19,,,1,20,,1175580,19,,,1,20,,1175567,19,,,1,60,,1175574,19,,,1,20,,1175563,19,,,1,20,,1175550,19,,,1,60,,1175555,19,,,1,21,,1175566,19,,,1,20,,1175560,19,,,1,60,,1175579,19,,,1,20,,1175571,19,,,1,20,,1175553,19,,,1,60,,1175569,19,,,1,20,,1175561,19,,,1,20,,1175559,19,,,1,60,,1175573,19,,,1,20,,1175542,19,,,1,21,,1175562,19,,,1,69,,1175576,19,,,1,30,,1175568,19,,,1,70,,1175548,19,,,1,30,,1175578,19,,,1,70,,1175549,19,,,1,30,,1175543,19,,,1,70,,1175552,19,,,1,30,,1080430,19,,,1,69,,1175557,19,,,1,30,,1175558,19,,,1,70,,1175546,19,,,1,30,,1175544,19,,,1
8800,'5',431,,1175620,19,,,1,74,,1175633,19,,,1,31,,1175621,19,,,1,68,,1175626,19,,,1,15,,1175630,19,,,1,17,,1175602,19,,,1,11,,1175607,19,,,1,11,,888973,19,,,1,50,,1175600,19,,,1,11,,1175627,19,,,1,10,,1175632,19,,,1,10,,1175648,19,,,1,10,,1175616,19,,,1,51,,1175631,19,,,1,15,,1175589,19,,,1,17,,1175594,19,,,1,15,,1175590,19,,,1,55,,1061709,19,,,1,14,,1175585,19,,,1,14,,1175638,19,,,1,16,,1175591,1,,,1,54,,1175623,19,,,1,16,,1175637,1,,,1,14,,1175625,19,,,1,15,,1175635,1,,,1,55,,1175644,19,,,1,15,,1175593,1,,,1,15,,1175597,19,,,1,15,,1090217,1,,,1,55,,1175647,19,,,1,15,,1175582,1,,,1,15,,1175581,19,,,1,15,,1175640,1,,,1,55,,1096418,19,,,1,15,,1175646,1,,,1,15,,1175639,19,,,1,15,,1175584,1,,,1,11,,1175613,19,,,1,50,,1175604,1,,,1,4,,1175598,1,,,1,21,,1085555,19,,,1,10,,1175603,1,,,1,8,,1175608,1,,,1,52,,1175634,19,,,1,11,,1175610,1,,,1,11,,1175583,1,,,1,9,,1175599,19,,,1,12,,1103091,19,,,1,3,,1175643,16,4,,1,7,,1175614,19,,,1,48,,1175592,19,,,1,10,,1066499,19,,,1,7,,1175649,19,,,1,10,,1175601,19,,,1,13,,1175611,19,,,1,17,,1094115,19,,,1,53,,1175606,19,,,1,6,,1090832,19,,,1,10,,1097808,19,,,1,9,,1175609,19,,,1,11,,1175650,19,,,1,58,,1175617,19,,,1,14,,1175629,19,,,1,11,,1078258,19,,,1,19,,1175645,19,,,1,56,,1175642,1,,,1,13,,925214,19,,,1,15,,1175612,1,,,1,15,,1175651,19,,,1,55,,1079301,1,,,1,15,,1175596,19,,,1,13,,1175624,1,,,1,15,,1175586,19,,,1,55,,1175652,19,,,1,20,,1175615,19,,,1,20,,1175595,19,,,1,15,,1175605,19,,,1,64,,1175588,19,,,1,20,,1175628,19,,,1,60,,1175636,19,,,1,26,,1175618,19,,,1,29,,1175619,19,,,1,73,,1175622,19,,,1,30,,1175641,19,,,1
8800,'6',431,,1078856,19,,,1,74,,1050649,19,,,1,31,,1175675,19,,,1,68,,1175703,19,,,1,15,,1102908,19,,,1,17,,1175714,19,,,1,11,,1175686,19,,,1,11,,1175693,19,,,1,50,,1175671,19,,,1,11,,1175720,19,,,1,10,,1088977,19,,,1,10,,1175674,19,,,1,10,,1175682,19,,,1,51,,1175670,19,,,1,15,,1071525,19,,,1,17,,1175689,19,,,1,15,,1175690,19,,,1,55,,1175681,19,,,1,14,,1175654,19,,,1,14,,1175692,19,,,1,16,,1175713,1,,,1,54,,1175710,19,,,1,16,,1175659,1,,,1,14,,1175672,19,,,1,15,,1175679,1,,,1,55,,1175658,19,,,1,15,,1175700,1,,,1,15,,1175688,19,,,1,15,,1175678,1,,,1,55,,1175701,19,,,1,15,,1175694,1,,,1,15,,1175695,19,,,1,15,,1175697,1,,,1,55,,1175704,19,,,1,15,,1085718,1,,,1,15,,1175677,19,,,1,15,,1175673,1,,,1,11,,1175721,19,,,1,50,,1089842,1,,,1,4,,1175685,1,,,1,21,,1025226,19,,,1,10,,1175667,1,,,1,8,,1175691,1,,,1,52,,1175684,19,,,1,11,,1175699,1,,,1,11,,1175665,1,,,1,9,,1012897,19,,,1,12,,1043977,19,,,1,3,,1175715,16,4,,1,7,,1175669,19,,,1,48,,1175698,19,,,1,10,,1175696,19,,,1,7,,1175708,19,,,1,10,,1175711,19,,,1,13,,1175666,19,,,1,17,,1175676,19,,,1,53,,1076757,19,,,1,6,,1175712,19,,,1,10,,1175655,19,,,1,9,,1175656,19,,,1,11,,1098729,19,,,1,58,,1077715,19,,,1,14,,1175709,19,,,1,11,,1175707,19,,,1,19,,995736,19,,,1,56,,1175653,1,,,1,13,,1175717,19,,,1,15,,1175718,1,,,1,15,,1175716,19,,,1,55,,1175706,1,,,1,15,,1175660,19,,,1,13,,1175719,1,,,1,15,,1175662,19,,,1,55,,1068586,19,,,1,20,,1175657,19,,,1,20,,1175680,19,,,1,15,,1175705,19,,,1,64,,1175683,19,,,1,20,,1175664,19,,,1,60,,1175687,19,,,1,26,,1175661,19,,,1,29,,1175663,19,,,1,73,,1175702,19,,,1,30,,1175668,19,,,1
8800,'7',517,,1175764,19,,,1,28,,1175780,19,,,1,70,,1175768,19,,,1,30,,1175743,19,,,1,70,,1175725,19,,,1,30,,1175782,19,,,1,70,,1175734,19,,,1,30,,1175766,19,,,1,70,,1175729,19,,,1,16,,1175749,1,,,1,16,,1175760,19,,,1,57,,1175751,1,,,1,16,,1175732,19,,,1,15,,1175733,1,,,1,15,,1175731,19,,,1,55,,1175726,1,,,1,16,,1175730,19,,,1,15,,1175744,1,,,1,15,,1175753,19,,,1,55,,1175774,1,,,1,16,,1175747,19,,,1,15,,1175761,1,,,1,17,,1175754,19,,,1,55,,1175778,1,,,1,15,,1175750,19,,,1,15,,1175736,1,,,1,15,,1175758,19,,,1,55,,1175763,1,,,1,16,,1175781,19,,,1,15,,1175775,1,,,1,15,,1175735,19,,,1,55,,1175727,1,,,1,15,,1175722,19,,,1,15,,1175772,1,,,1,15,,1175724,19,,,1,55,,1175756,1,,,1,15,,1175770,19,,,1,15,,1175741,1,,,1,15,,1175776,19,,,1,55,,1175769,1,,,1,15,,1175748,19,,,1,15,,1175777,1,,,1,15,,1175728,19,,,1,55,,1175783,1,,,1,14,,1175762,19,,,1,15,,1175752,1,,,1,15,,1175746,19,,,1,55,,1175742,1,,,1,15,,1175767,19,,,1,15,,1175745,1,,,1,15,,1175740,19,,,1,55,,1175738,1,,,1,15,,1175723,19,,,1,30,,1175757,19,,,1,70,,1175773,19,,,1,30,,1175737,19,,,1,69,,1175765,19,,,1,30,,1175759,19,,,1,70,,1175739,19,,,1,30,,1175771,19,,,1,70,,1175779,19,,,1,81,,1175755,19,,,1
8800,'8',431,,1175859,19,,,1,74,,1175867,19,,,1,31,,1175810,19,,,1,68,,1175841,19,,,1,15,,1175862,19,,,1,17,,1175854,19,,,1,11,,1175823,19,,,1,11,,1175831,19,,,1,50,,1175806,19,,,1,11,,1175866,19,,,1,10,,1175853,19,,,1,10,,1175809,19,,,1,10,,1175817,19,,,1,51,,1175805,19,,,1,15,,1175794,19,,,1,17,,1175827,19,,,1,15,,1175828,19,,,1,55,,1175816,19,,,1,14,,1175785,19,,,1,14,,1175830,19,,,1,16,,1175852,1,,,1,54,,1175848,19,,,1,16,,1175790,1,,,1,14,,1175807,19,,,1,15,,1175814,1,,,1,55,,1175789,19,,,1,15,,1175838,1,,,1,15,,1175826,19,,,1,15,,1175813,1,,,1,55,,1175839,19,,,1,15,,1175832,1,,,1,15,,1175833,19,,,1,15,,1175835,1,,,1,55,,1175842,19,,,1,15,,1175822,1,,,1,15,,1175812,19,,,1,15,,1175808,1,,,1,11,,1175868,19,,,1,50,,1175797,1,,,1,4,,1175820,1,,,1,21,,1175857,19,,,1,10,,1175802,1,,,1,8,,1175829,1,,,1,52,,1175819,19,,,1,11,,1175837,1,,,1,11,,1175799,1,,,1,9,,1175801,19,,,1,12,,1175796,19,,,1,3,,1175855,16,4,,1,7,,1175804,19,,,1,48,,1175836,19,,,1,10,,1175834,19,,,1,7,,1175846,19,,,1,10,,1175850,19,,,1,13,,1175800,19,,,1,17,,1175811,19,,,1,53,,1175860,19,,,1,6,,1175851,19,,,1,10,,1175786,19,,,1,9,,1175787,19,,,1,11,,1175824,19,,,1,58,,1175821,19,,,1,14,,1175847,19,,,1,11,,1175845,19,,,1,19,,1175849,19,,,1,56,,1175784,1,,,1,13,,1175858,19,,,1,15,,1175861,1,,,1,15,,1175856,19,,,1,55,,1175844,1,,,1,15,,1175791,19,,,1,13,,1175863,1,,,1,15,,1175793,19,,,1,55,,1175864,19,,,1,20,,1175788,19,,,1,20,,1175815,19,,,1,15,,1175843,19,,,1,64,,1175818,19,,,1,20,,1175798,19,,,1,60,,1175825,19,,,1,26,,1175792,19,,,1,29,,1175795,19,,,1,73,,1175840,19,,,1,30,,1175803,19,,,1
8800,'9',431,,1175908,19,,,1,74,,1175921,19,,,1,31,,1175909,19,,,1,68,,1175914,19,,,1,15,,1175918,19,,,1,17,,1175890,19,,,1,11,,1175895,19,,,1,11,,888857,19,,,1,50,,1175888,19,,,1,11,,1175915,19,,,1,10,,1175920,19,,,1,10,,1175936,19,,,1,10,,1175904,19,,,1,51,,1175919,19,,,1,15,,1175877,19,,,1,17,,1175882,19,,,1,15,,1175878,19,,,1,55,,1061594,19,,,1,14,,1175873,19,,,1,14,,1175926,19,,,1,16,,1175879,1,,,1,54,,1175911,19,,,1,16,,1175925,1,,,1,14,,1175913,19,,,1,15,,1175923,1,,,1,55,,1175932,19,,,1,15,,1175881,1,,,1,15,,1175885,19,,,1,15,,1090144,1,,,1,55,,1175935,19,,,1,15,,1175870,1,,,1,15,,1175869,19,,,1,15,,1175928,1,,,1,55,,1096291,19,,,1,15,,1175934,1,,,1,15,,1175927,19,,,1,15,,1175872,1,,,1,11,,1175901,19,,,1,50,,1175892,1,,,1,4,,1175886,1,,,1,21,,1085424,19,,,1,10,,1175891,1,,,1,8,,1175896,1,,,1,52,,1175922,19,,,1,11,,1175898,1,,,1,11,,1175871,1,,,1,9,,1175887,19,,,1,12,,1103085,19,,,1,3,,1175931,16,4,,1,7,,1175902,19,,,1,48,,1175880,19,,,1,10,,1066383,19,,,1,7,,1175937,19,,,1,10,,1175889,19,,,1,13,,1175899,19,,,1,17,,1094004,19,,,1,53,,1175894,19,,,1,6,,1090697,19,,,1,10,,1097697,19,,,1,9,,1175897,19,,,1,11,,1175938,19,,,1,58,,1175905,19,,,1,14,,1175917,19,,,1,11,,1078154,19,,,1,19,,1175933,19,,,1,56,,1175930,1,,,1,13,,925111,19,,,1,15,,1175900,1,,,1,15,,1175939,19,,,1,55,,1079295,1,,,1,15,,1175884,19,,,1,13,,1175912,1,,,1,15,,1175874,19,,,1,55,,1175940,19,,,1,20,,1175903,19,,,1,20,,1175883,19,,,1,15,,1175893,19,,,1,64,,1175876,19,,,1,20,,1175916,19,,,1,60,,1175924,19,,,1,26,,1175906,19,,,1,29,,1175907,19,,,1,73,,1175910,19,,,1,30,,1175929,19,,,1
8801,'1',438,,1175943,30,0,76,1,70,,891210,30,0,76,1,31,,1049769,30,0,76,1,72,,1175957,30,0,76,1,18,,1175981,30,0,76,1,14,,1175991,30,0,76,1,57,,1175985,31,0,76,1,10,,1175970,31,0,76,1,12,,1175999,31,0,76,1,12,,1175946,31,0,76,1,8,,1175976,31,0,76,1,10,,1175996,31,0,76,1,54,,1175964,31,0,76,1,7,,1175961,31,0,76,1,12,,1175956,31,0,76,1,3,,1053342,1,,,1,9,,1175983,31,0,76,1,16,,1175990,31,0,76,1,53,,1033801,31,4,,1,14,,1175947,31,0,76,1,14,,1175949,31,4,,1,14,,1175952,31,0,76,1,55,,1176008,31,4,,1,14,,1175955,31,0,76,1,15,,1175959,31,4,,1,15,,1069344,31,0,76,1,55,,1175987,31,4,,1,15,,1175980,31,0,76,1,15,,1175998,31,4,,1,15,,1095237,31,0,76,1,55,,1175968,31,4,,1,15,,1175982,31,0,76,1,15,,1064432,31,4,,1,15,,1175969,31,0,76,1,55,,1175954,31,4,,1,16,,1176010,31,0,76,1,16,,1175960,31,4,,1,15,,1175965,31,0,76,1,55,,1175975,31,4,,1,16,,1175992,31,0,76,1,16,,1175977,31,4,,1,11,,1175989,31,0,76,1,8,,1175984,31,0,76,1,50,,1176001,31,0,76,1,13,,1097484,31,0,76,1,10,,1175942,31,0,76,1,11,,1176006,31,0,76,1,20,,1175994,31,0,76,1,54,,1175978,31,0,76,1,7,,1175986,31,0,76,1,10,,1175941,31,0,76,1,10,,1176011,31,0,76,1,10,,1176002,31,0,76,1,50,,1175972,31,0,76,1,10,,1176003,31,0,76,1,10,,1175993,31,0,76,1,10,,1175988,31,0,76,1,14,,1176005,31,0,76,1,13,,1176009,31,0,76,1,54,,1175971,31,0,76,1,15,,1175962,31,0,76,1,14,,1175963,31,0,76,1,14,,1175997,31,0,76,1,55,,1175974,31,0,76,1,14,,1067628,31,0,76,1,19,,1175979,31,0,76,1,59,,1175945,31,0,76,1,21,,1175973,31,0,76,1,19,,1175995,31,0,76,1,59,,1175958,31,0,76,1,18,,1176000,31,0,76,1,22,,1175966,31,0,76,1,60,,1175953,31,0,76,1,20,,1176004,31,0,76,1,20,,1175950,31,0,76,1,16,,1060640,30,0,76,1,68,,1176007,30,0,76,1,29,,1175951,30,0,76,1,69,,1032821,30,0,76,1,30,,1175967,30,0,76,1,70,,1175948,30,0,76,1
8801,'10',438,,1176014,30,0,76,1,70,,891258,30,0,76,1,31,,1049883,30,0,76,1,72,,1176028,30,0,76,1,18,,1176052,30,0,76,1,14,,1176062,30,0,76,1,57,,1176056,31,0,76,1,10,,1176041,31,0,76,1,12,,1176070,31,0,76,1,12,,1176017,31,0,76,1,8,,1176047,31,0,76,1,10,,1176067,31,0,76,1,54,,1176035,31,0,76,1,7,,1176032,31,0,76,1,12,,1176027,31,0,76,1,3,,1053400,1,,,1,9,,1176054,31,0,76,1,16,,1176061,31,0,76,1,53,,1033920,31,4,,1,14,,1176018,31,0,76,1,14,,1176020,31,4,,1,14,,1176023,31,0,76,1,55,,1176079,31,4,,1,14,,1176026,31,0,76,1,15,,1176030,31,4,,1,15,,1069187,31,0,76,1,55,,1176058,31,4,,1,15,,1176051,31,0,76,1,15,,1176069,31,4,,1,15,,1094991,31,0,76,1,55,,1176039,31,4,,1,15,,1176053,31,0,76,1,15,,1064271,31,4,,1,15,,1176040,31,0,76,1,55,,1176025,31,4,,1,16,,1176081,31,0,76,1,16,,1176031,31,4,,1,15,,1176036,31,0,76,1,55,,1176046,31,4,,1,16,,1176063,31,0,76,1,16,,1176048,31,4,,1,11,,1176060,31,0,76,1,8,,1176055,31,0,76,1,50,,1176072,31,0,76,1,13,,1097247,31,0,76,1,10,,1176013,31,0,76,1,11,,1176077,31,0,76,1,20,,1176065,31,0,76,1,54,,1176049,31,0,76,1,7,,1176057,31,0,76,1,10,,1176012,31,0,76,1,10,,1176082,31,0,76,1,10,,1176073,31,0,76,1,50,,1176043,31,0,76,1,10,,1176074,31,0,76,1,10,,1176064,31,0,76,1,10,,1176059,31,0,76,1,14,,1176076,31,0,76,1,13,,1176080,31,0,76,1,54,,1176042,31,0,76,1,15,,1176033,31,0,76,1,14,,1176034,31,0,76,1,14,,1176068,31,0,76,1,55,,1176045,31,0,76,1,14,,1067559,31,0,76,1,19,,1176050,31,0,76,1,59,,1176016,31,0,76,1,21,,1176044,31,0,76,1,19,,1176066,31,0,76,1,59,,1176029,31,0,76,1,18,,1176071,31,0,76,1,22,,1176037,31,0,76,1,60,,1176024,31,0,76,1,20,,1176075,31,0,76,1,20,,1176021,31,0,76,1,16,,1060650,30,0,76,1,68,,1176078,30,0,76,1,29,,1176022,30,0,76,1,69,,1032998,30,0,76,1,30,,1176038,30,0,76,1,70,,1176019,30,0,76,1
8801,'11',438,,1176085,30,0,76,1,70,,891114,30,0,76,1,31,,1049736,30,0,76,1,72,,1176099,30,0,76,1,18,,1176123,30,0,76,1,14,,1176133,30,0,76,1,57,,1176127,31,0,76,1,10,,1176112,31,0,76,1,12,,1176141,31,0,76,1,12,,1176088,31,0,76,1,8,,1176118,31,0,76,1,10,,1176138,31,0,76,1,54,,1176106,31,0,76,1,7,,1176103,31,0,76,1,12,,1176098,31,0,76,1,3,,1053325,1,,,1,9,,1176125,31,0,76,1,16,,1176132,31,0,76,1,53,,1033766,31,4,,1,14,,1176089,31,0,76,1,14,,1176091,31,4,,1,14,,1176094,31,0,76,1,55,,1176150,31,4,,1,14,,1176097,31,0,76,1,15,,1176101,31,4,,1,15,,1069383,31,0,76,1,55,,1176129,31,4,,1,15,,1176122,31,0,76,1,15,,1176140,31,4,,1,15,,1095311,31,0,76,1,55,,1176110,31,4,,1,15,,1176124,31,0,76,1,15,,1064484,31,4,,1,15,,1176111,31,0,76,1,55,,1176096,31,4,,1,16,,1176152,31,0,76,1,16,,1176102,31,4,,1,15,,1176107,31,0,76,1,55,,1176117,31,4,,1,16,,1176134,31,0,76,1,16,,1176119,31,4,,1,11,,1176131,31,0,76,1,8,,1176126,31,0,76,1,50,,1176143,31,0,76,1,13,,1097553,31,0,76,1,10,,1176084,31,0,76,1,11,,1176148,31,0,76,1,20,,1176136,31,0,76,1,54,,1176120,31,0,76,1,7,,1176128,31,0,76,1,10,,1176083,31,0,76,1,10,,1176153,31,0,76,1,10,,1176144,31,0,76,1,50,,1176114,31,0,76,1,10,,1176145,31,0,76,1,10,,1176135,31,0,76,1,10,,1176130,31,0,76,1,14,,1176147,31,0,76,1,13,,1176151,31,0,76,1,54,,1176113,31,0,76,1,15,,1176104,31,0,76,1,14,,1176105,31,0,76,1,14,,1176139,31,0,76,1,55,,1176116,31,0,76,1,14,,1067651,31,0,76,1,19,,1176121,31,0,76,1,59,,1176087,31,0,76,1,21,,1176115,31,0,76,1,19,,1176137,31,0,76,1,59,,1176100,31,0,76,1,18,,1176142,31,0,76,1,22,,1176108,31,0,76,1,60,,1176095,31,0,76,1,20,,1176146,31,0,76,1,20,,1176092,31,0,76,1,16,,1060637,30,0,76,1,68,,1176149,30,0,76,1,29,,1176093,30,0,76,1,69,,1032769,30,0,76,1,30,,1176109,30,0,76,1,70,,1176090,30,0,76,1
8801,'12',438,,1176178,30,0,76,1,70,,1176170,30,0,76,1,31,,1176172,30,0,76,1,72,,1176202,30,0,76,1,18,,1176196,30,0,76,1,14,,930563,30,0,76,1,57,,1069534,31,0,76,1,10,,1176156,31,0,76,1,12,,1176176,31,0,76,1,12,,1176217,31,0,76,1,8,,1176165,31,0,76,1,10,,1084685,31,0,76,1,54,,1176193,31,0,76,1,7,,1176194,31,0,76,1,12,,1176158,31,0,76,1,3,,1176182,1,,,1,9,,1100937,31,0,76,1,16,,1176171,31,0,76,1,53,,1176208,31,4,,1,14,,1176219,31,0,76,1,14,,1176187,31,4,,1,14,,1176159,31,0,76,1,55,,1176188,31,4,,1,14,,1176192,31,0,76,1,15,,1176164,31,4,,1,15,,1020762,31,0,76,1,55,,1176166,31,4,,1,15,,1176221,31,0,76,1,15,,1176198,31,4,,1,15,,1176154,31,0,76,1,55,,1059984,31,4,,1,15,,1176169,31,0,76,1,15,,979588,31,4,,1,15,,1176179,31,0,76,1,55,,1176175,31,4,,1,16,,1176209,31,0,76,1,16,,1176218,31,4,,1,15,,1079071,31,0,76,1,55,,1176199,31,4,,1,16,,1176210,31,0,76,1,16,,1176204,31,4,,1,11,,1176206,31,0,76,1,8,,1176203,31,0,76,1,50,,1176184,31,0,76,1,13,,1176191,31,0,76,1,10,,1176215,31,0,76,1,11,,1058639,31,0,76,1,20,,1176186,31,0,76,1,54,,1176223,31,0,76,1,7,,1176160,31,0,76,1,10,,1176207,31,0,76,1,10,,1176173,31,0,76,1,10,,1176214,31,0,76,1,50,,1176167,31,0,76,1,10,,1176222,31,0,76,1,10,,1176190,31,0,76,1,10,,1176216,31,0,76,1,14,,1176200,31,0,76,1,13,,1176211,31,0,76,1,54,,1176220,31,0,76,1,15,,1176189,31,0,76,1,14,,1176174,31,0,76,1,14,,1176195,31,0,76,1,55,,1176177,31,0,76,1,14,,1176168,31,0,76,1,19,,1176224,31,0,76,1,59,,1176163,31,0,76,1,21,,1176180,31,0,76,1,19,,1176213,31,0,76,1,59,,1176197,31,0,76,1,18,,1176162,31,0,76,1,22,,1176155,31,0,76,1,60,,1176205,31,0,76,1,20,,1176183,31,0,76,1,20,,1090203,31,0,76,1,16,,1176185,30,0,76,1,68,,1176157,30,0,76,1,29,,1176212,30,0,76,1,69,,1176161,30,0,76,1,30,,1176201,30,0,76,1,70,,1176181,30,0,76,1
8801,'13',636,,1176245,30,0,76,1,70,,1176257,30,0,76,1,30,,1176242,30,0,76,1,70,,1176248,30,0,76,1,31,,1176228,30,0,76,1,70,,1176227,30,0,76,1,30,,1176263,30,0,76,1,70,,1176255,30,0,76,1,32,,1176229,30,0,76,1,70,,1176251,30,0,76,1,22,,1176238,30,0,76,1,20,,1176252,30,0,76,1,60,,1100506,30,0,76,1,20,,1176241,30,0,76,1,20,,1176235,30,0,76,1,60,,1176265,30,0,76,1,20,,1176226,30,0,76,1,20,,1099784,30,0,76,1,60,,1176259,30,0,76,1,20,,1176247,30,0,76,1,20,,1176234,30,0,76,1,60,,1176244,30,0,76,1,20,,1176232,30,0,76,1,20,,1176231,30,0,76,1,60,,1176240,30,0,76,1,20,,1176249,30,0,76,1,20,,1176250,30,0,76,1,60,,1176243,30,0,76,1,20,,1176262,30,0,76,1,26,,1176233,30,0,76,1,70,,1176230,30,0,76,1,30,,1176253,30,0,76,1,70,,1176256,30,0,76,1,30,,1176261,30,0,76,1,70,,1176236,30,0,76,1,29,,1176258,30,0,76,1,70,,1176254,30,0,76,1,30,,1176237,30,0,76,1,70,,1176264,30,0,76,1,29,,1176246,30,0,76,1,70,,1176239,30,0,76,1,98,,1176260,30,0,76,1
8801,'14',438,,1176269,30,0,76,1,70,,1176339,30,0,76,1,31,,1176267,30,0,76,1,72,,1176286,30,0,76,1,18,,1176313,30,0,76,1,14,,1176323,30,0,76,1,57,,1176317,31,0,76,1,10,,1176300,31,0,76,1,12,,1176332,31,0,76,1,12,,1176274,31,0,76,1,8,,1176307,31,0,76,1,10,,1176329,31,0,76,1,54,,1176294,31,0,76,1,7,,1176291,31,0,76,1,12,,1176285,31,0,76,1,3,,1176312,1,,,1,9,,1176315,31,0,76,1,16,,1176322,31,0,76,1,53,,1176327,31,4,,1,14,,1176275,31,0,76,1,14,,1176277,31,4,,1,14,,1176281,31,0,76,1,55,,1176342,31,4,,1,14,,1176284,31,0,76,1,15,,1176289,31,4,,1,15,,1176270,31,0,76,1,55,,1176319,31,4,,1,15,,1176311,31,0,76,1,15,,1176331,31,4,,1,15,,1176347,31,0,76,1,55,,1176298,31,4,,1,15,,1176314,31,0,76,1,15,,1176273,31,4,,1,15,,1176299,31,0,76,1,55,,1176283,31,4,,1,16,,1176344,31,0,76,1,16,,1176290,31,4,,1,15,,1176295,31,0,76,1,55,,1176306,31,4,,1,16,,1176324,31,0,76,1,16,,1176308,31,4,,1,11,,1176321,31,0,76,1,8,,1176316,31,0,76,1,50,,1176334,31,0,76,1,13,,1176346,31,0,76,1,10,,1176268,31,0,76,1,11,,1176340,31,0,76,1,20,,1176326,31,0,76,1,54,,1176309,31,0,76,1,7,,1176318,31,0,76,1,10,,1176266,31,0,76,1,10,,1176345,31,0,76,1,10,,1176335,31,0,76,1,50,,1176302,31,0,76,1,10,,1176336,31,0,76,1,10,,1176325,31,0,76,1,10,,1176320,31,0,76,1,14,,1176338,31,0,76,1,13,,1176343,31,0,76,1,54,,1176301,31,0,76,1,15,,1176292,31,0,76,1,14,,1176293,31,0,76,1,14,,1176330,31,0,76,1,55,,1176305,31,0,76,1,14,,1176304,31,0,76,1,19,,1176310,31,0,76,1,59,,1176272,31,0,76,1,21,,1176303,31,0,76,1,19,,1176328,31,0,76,1,59,,1176288,31,0,76,1,18,,1176333,31,0,76,1,22,,1176296,31,0,76,1,60,,1176282,31,0,76,1,20,,1176337,31,0,76,1,20,,1176279,31,0,76,1,16,,1176278,30,0,76,1,68,,1176341,30,0,76,1,29,,1176280,30,0,76,1,69,,1176287,30,0,76,1,30,,1176297,30,0,76,1,70,,1176276,30,0,76,1
8801,'15',438,,1176402,30,0,76,1,70,,1176376,30,0,76,1,31,,1176351,30,0,76,1,72,,1176360,30,0,76,1,18,,1176407,30,0,76,1,14,,1176350,30,0,76,1,57,,1176417,31,0,76,1,10,,1176370,31,0,76,1,12,,1176410,31,0,76,1,12,,1176352,31,0,76,1,8,,1176368,31,0,76,1,10,,1176415,31,0,76,1,54,,1176386,31,0,76,1,7,,1176424,31,0,76,1,12,,1176389,31,0,76,1,3,,1176377,1,,,1,9,,1176427,31,0,76,1,16,,1176374,31,0,76,1,53,,1176426,31,4,,1,14,,1176356,31,0,76,1,14,,1176355,31,4,,1,14,,1176401,31,0,76,1,55,,1176384,31,4,,1,14,,1176372,31,0,76,1,15,,1176422,31,4,,1,15,,1176398,31,0,76,1,55,,1176348,31,4,,1,15,,1176371,31,0,76,1,15,,1176404,31,4,,1,15,,1176406,31,0,76,1,55,,1176418,31,4,,1,15,,1176414,31,0,76,1,15,,1176393,31,4,,1,15,,1176409,31,0,76,1,55,,1176357,31,4,,1,16,,1176413,31,0,76,1,16,,1176411,31,4,,1,15,,1176397,31,0,76,1,55,,1176385,31,4,,1,16,,1176388,31,0,76,1,16,,1176394,31,4,,1,11,,1176375,31,0,76,1,8,,1176421,31,0,76,1,50,,1176361,31,0,76,1,13,,1176387,31,0,76,1,10,,1176363,31,0,76,1,11,,1176378,31,0,76,1,20,,1176399,31,0,76,1,54,,1176392,31,0,76,1,7,,1176367,31,0,76,1,10,,1176390,31,0,76,1,10,,1176358,31,0,76,1,10,,1176364,31,0,76,1,50,,1176354,31,0,76,1,10,,1176381,31,0,76,1,10,,1176429,31,0,76,1,10,,1176373,31,0,76,1,14,,1176428,31,0,76,1,13,,1176396,31,0,76,1,54,,1176419,31,0,76,1,15,,1176425,31,0,76,1,14,,1176403,31,0,76,1,14,,1176353,31,0,76,1,55,,1176379,31,0,76,1,14,,1176395,31,0,76,1,19,,1176423,31,0,76,1,59,,1176349,31,0,76,1,21,,1176369,31,0,76,1,19,,1176405,31,0,76,1,59,,1176365,31,0,76,1,18,,1176416,31,0,76,1,22,,1176400,31,0,76,1,60,,1176366,31,0,76,1,20,,1176420,31,0,76,1,20,,1176408,31,0,76,1,16,,1176362,30,0,76,1,68,,1176383,30,0,76,1,29,,1176380,30,0,76,1,69,,1176391,30,0,76,1,30,,1176412,30,0,76,1,70,,1176382,30,0,76,1
8801,'16',438,,1176456,30,0,76,1,70,,1176448,30,0,76,1,31,,1176450,30,0,76,1,72,,1176479,30,0,76,1,18,,1176473,30,0,76,1,14,,1176494,30,0,76,1,57,,1176432,31,0,76,1,10,,1176433,31,0,76,1,12,,1176454,31,0,76,1,12,,1064719,31,0,76,1,8,,1176443,31,0,76,1,10,,1176438,31,0,76,1,54,,1176470,31,0,76,1,7,,1176471,31,0,76,1,12,,1176434,31,0,76,1,3,,1176460,1,,,1,9,,1176495,31,0,76,1,16,,1176449,31,0,76,1,53,,1176485,31,4,,1,14,,1176497,31,0,76,1,14,,1176465,31,4,,1,14,,1176435,31,0,76,1,55,,1176466,31,4,,1,14,,1176469,31,0,76,1,15,,1176442,31,4,,1,15,,1176440,31,0,76,1,55,,1176444,31,4,,1,15,,1176499,31,0,76,1,15,,1176475,31,4,,1,15,,1176430,31,0,76,1,55,,1176431,31,4,,1,15,,1176447,31,0,76,1,15,,1176441,31,4,,1,15,,1176457,31,0,76,1,55,,1176453,31,4,,1,16,,1176486,31,0,76,1,16,,1176496,31,4,,1,15,,1176498,31,0,76,1,55,,1176476,31,4,,1,16,,1176487,31,0,76,1,16,,1176481,31,4,,1,11,,1176483,31,0,76,1,8,,1176480,31,0,76,1,50,,1176462,31,0,76,1,13,,1092929,31,0,76,1,10,,1176492,31,0,76,1,11,,1176501,31,0,76,1,20,,1176464,31,0,76,1,54,,1176502,31,0,76,1,7,,1176436,31,0,76,1,10,,1176484,31,0,76,1,10,,1176451,31,0,76,1,10,,1176491,31,0,76,1,50,,1176445,31,0,76,1,10,,1176500,31,0,76,1,10,,1176468,31,0,76,1,10,,1066996,31,0,76,1,14,,1176477,31,0,76,1,13,,1176488,31,0,76,1,54,,1026037,31,0,76,1,15,,1176467,31,0,76,1,14,,1176452,31,0,76,1,14,,1176472,31,0,76,1,55,,1176455,31,0,76,1,14,,1176446,31,0,76,1,19,,1176503,31,0,76,1,59,,1176439,31,0,76,1,21,,1176458,31,0,76,1,19,,1176490,31,0,76,1,59,,1176474,31,0,76,1,18,,1093442,31,0,76,1,22,,1088811,31,0,76,1,60,,1176482,31,0,76,1,20,,1176461,31,0,76,1,20,,1176493,31,0,76,1,16,,1176463,30,0,76,1,68,,924331,30,0,76,1,29,,1176489,30,0,76,1,69,,1176437,30,0,76,1,30,,1176478,30,0,76,1,70,,1176459,30,0,76,1
8801,'17',636,,1176526,30,0,76,1,70,,1176538,30,0,76,1,30,,1176523,30,0,76,1,70,,1176529,30,0,76,1,31,,1176508,30,0,76,1,70,,1176507,30,0,76,1,30,,1176544,30,0,76,1,70,,1176536,30,0,76,1,32,,1176510,30,0,76,1,70,,1176532,30,0,76,1,22,,1176519,30,0,76,1,20,,1176533,30,0,76,1,60,,1176505,30,0,76,1,20,,1176522,30,0,76,1,20,,1176516,30,0,76,1,60,,1176546,30,0,76,1,20,,1176506,30,0,76,1,20,,1176509,30,0,76,1,60,,1176540,30,0,76,1,20,,1176528,30,0,76,1,20,,1176515,30,0,76,1,60,,1176525,30,0,76,1,20,,1176513,30,0,76,1,20,,1176512,30,0,76,1,60,,1176521,30,0,76,1,20,,1176530,30,0,76,1,20,,1176531,30,0,76,1,60,,1176524,30,0,76,1,20,,1176543,30,0,76,1,26,,1176514,30,0,76,1,70,,1176511,30,0,76,1,30,,1176534,30,0,76,1,70,,1176537,30,0,76,1,30,,1176542,30,0,76,1,70,,1176517,30,0,76,1,29,,1176539,30,0,76,1,70,,1176535,30,0,76,1,30,,1176518,30,0,76,1,70,,1176545,30,0,76,1,29,,1176527,30,0,76,1,70,,1176520,30,0,76,1,98,,1176541,30,0,76,1
8801,'2',642,,1088412,30,0,76,1,70,,1176554,30,0,76,1,30,,1176599,30,0,76,1,70,,1176563,30,0,76,1,31,,1176572,30,0,76,1,15,,1176582,30,4,,1,55,,1176596,30,0,76,1,15,,1176570,30,4,,1,15,,1176598,30,0,76,1,15,,1099614,30,4,,1,55,,1176587,30,0,76,1,17,,1176574,30,4,,1,16,,893928,30,0,76,1,55,,1176551,30,4,,1,15,,1176600,30,0,76,1,15,,1176583,30,4,,1,15,,1176589,30,0,76,1,55,,1176548,30,4,,1,15,,1176553,30,0,76,1,15,,1176552,30,4,,1,15,,1176588,30,0,76,1,55,,1176559,30,4,,1,15,,1176556,30,0,76,1,15,,1176560,30,4,,1,15,,1065966,30,0,76,1,55,,1176585,30,4,,1,15,,1176592,30,0,76,1,15,,1176558,30,4,,1,15,,1176550,30,0,76,1,55,,1176568,30,4,,1,15,,1176584,30,0,76,1,15,,1176575,30,4,,1,15,,1176586,30,0,76,1,55,,1176555,30,4,,1,15,,1176561,30,0,76,1,15,,1176578,30,4,,1,15,,1176580,30,0,76,1,55,,1071123,30,4,,1,15,,1176593,30,0,76,1,15,,1176597,30,4,,1,15,,1176595,30,0,76,1,55,,1176567,30,4,,1,15,,1176566,30,0,76,1,15,,1176579,30,4,,1,15,,1176565,30,0,76,1,55,,1176591,30,4,,1,15,,1176547,30,0,76,1,15,,1176573,30,4,,1,15,,1176590,30,0,76,1,55,,1176571,30,4,,1,15,,1079707,30,0,76,1,14,,1176562,30,4,,1,16,,1176569,30,0,76,1,69,,1176564,30,0,76,1,30,,1176576,30,0,76,1,70,,1176577,30,0,76,1,29,,1176581,30,0,76,1,70,,1176594,30,0,76,1,30,,1176549,30,0,76,1,70,,1176601,30,0,76,1,30,,1176557,30,0,76,1
8801,'3',636,,1176623,30,0,76,1,70,,1176635,30,0,76,1,30,,1176620,30,0,76,1,70,,1176626,30,0,76,1,31,,1176605,30,0,76,1,70,,1176604,30,0,76,1,30,,1176641,30,0,76,1,70,,1176633,30,0,76,1,32,,1176607,30,0,76,1,70,,1176629,30,0,76,1,22,,1176616,30,0,76,1,20,,1176630,30,0,76,1,60,,1176602,30,0,76,1,20,,1176619,30,0,76,1,20,,1176613,30,0,76,1,60,,1176643,30,0,76,1,20,,1176603,30,0,76,1,20,,1176606,30,0,76,1,60,,1176637,30,0,76,1,20,,1176625,30,0,76,1,20,,1176612,30,0,76,1,60,,1176622,30,0,76,1,20,,1176610,30,0,76,1,20,,1176609,30,0,76,1,60,,1176618,30,0,76,1,20,,1176627,30,0,76,1,20,,1176628,30,0,76,1,60,,1176621,30,0,76,1,20,,1176640,30,0,76,1,26,,1176611,30,0,76,1,70,,1176608,30,0,76,1,30,,1176631,30,0,76,1,70,,1176634,30,0,76,1,30,,1176639,30,0,76,1,70,,1176614,30,0,76,1,29,,1176636,30,0,76,1,70,,1176632,30,0,76,1,30,,1176615,30,0,76,1,70,,1176642,30,0,76,1,29,,1176624,30,0,76,1,70,,1176617,30,0,76,1,98,,1176638,30,0,76,1
8801,'4',636,,1176668,30,0,76,1,70,,1176675,30,0,76,1,30,,1176665,30,0,76,1,70,,1176647,30,0,76,1,31,,1176670,30,0,76,1,70,,1078210,30,0,76,1,30,,1176672,30,0,76,1,70,,1176679,30,0,76,1,32,,1176646,30,0,76,1,70,,1176678,30,0,76,1,22,,1176658,30,0,76,1,20,,1176650,30,0,76,1,60,,1176649,30,0,76,1,20,,1176660,30,0,76,1,20,,1176659,30,0,76,1,60,,1176656,30,0,76,1,20,,1176657,30,0,76,1,20,,1176653,30,0,76,1,60,,1176664,30,0,76,1,20,,1176644,30,0,76,1,20,,1176652,30,0,76,1,60,,1176655,30,0,76,1,20,,1176673,30,0,76,1,20,,1176680,30,0,76,1,60,,1176667,30,0,76,1,20,,1176677,30,0,76,1,20,,1176681,30,0,76,1,60,,1071203,30,0,76,1,20,,1176666,30,0,76,1,26,,1176676,30,0,76,1,70,,1176669,30,0,76,1,30,,1176654,30,0,76,1,70,,1176651,30,0,76,1,30,,1176674,30,0,76,1,70,,1176645,30,0,76,1,29,,1176648,30,0,76,1,70,,1176662,30,0,76,1,30,,1176671,30,0,76,1,70,,1176661,30,0,76,1,29,,1176663,30,0,76,1,70,,1176682,30,0,76,1,98,,1032687,30,0,76,1
8801,'5',438,,1176685,30,0,76,1,70,,891408,30,0,76,1,31,,1049553,30,0,76,1,72,,1176699,30,0,76,1,18,,1176723,30,0,76,1,14,,1176733,30,0,76,1,57,,1176727,31,0,76,1,10,,1176712,31,0,76,1,12,,1176741,31,0,76,1,12,,1176688,31,0,76,1,8,,1176718,31,0,76,1,10,,1176738,31,0,76,1,54,,1176706,31,0,76,1,7,,1176703,31,0,76,1,12,,1176698,31,0,76,1,3,,1053247,1,,,1,9,,1176725,31,0,76,1,16,,1176732,31,0,76,1,53,,1033601,31,4,,1,14,,1176689,31,0,76,1,14,,1176691,31,4,,1,14,,1176694,31,0,76,1,55,,1176750,31,4,,1,14,,1176697,31,0,76,1,15,,1176701,31,4,,1,15,,1069320,31,0,76,1,55,,1176729,31,4,,1,15,,1176722,31,0,76,1,15,,1176740,31,4,,1,15,,1095189,31,0,76,1,55,,1176710,31,4,,1,15,,1176724,31,0,76,1,15,,1064407,31,4,,1,15,,1176711,31,0,76,1,55,,1176696,31,4,,1,16,,1176752,31,0,76,1,16,,1176702,31,4,,1,15,,1176707,31,0,76,1,55,,1176717,31,4,,1,16,,1176734,31,0,76,1,16,,1176719,31,4,,1,11,,1176731,31,0,76,1,8,,1176726,31,0,76,1,50,,1176743,31,0,76,1,13,,1097438,31,0,76,1,10,,1176684,31,0,76,1,11,,1176748,31,0,76,1,20,,1176736,31,0,76,1,54,,1176720,31,0,76,1,7,,1176728,31,0,76,1,10,,1176683,31,0,76,1,10,,1176753,31,0,76,1,10,,1176744,31,0,76,1,50,,1176714,31,0,76,1,10,,1176745,31,0,76,1,10,,1176735,31,0,76,1,10,,1176730,31,0,76,1,14,,1176747,31,0,76,1,13,,1176751,31,0,76,1,54,,1176713,31,0,76,1,15,,1176704,31,0,76,1,14,,1176705,31,0,76,1,14,,1176739,31,0,76,1,55,,1176716,31,0,76,1,14,,1067605,31,0,76,1,19,,1176721,31,0,76,1,59,,1176687,31,0,76,1,21,,1176715,31,0,76,1,19,,1176737,31,0,76,1,59,,1176700,31,0,76,1,18,,1176742,31,0,76,1,22,,1176708,31,0,76,1,60,,1176695,31,0,76,1,20,,1176746,31,0,76,1,20,,1176692,31,0,76,1,16,,1060630,30,0,76,1,68,,1176749,30,0,76,1,29,,1176693,30,0,76,1,69,,1032519,30,0,76,1,30,,1176709,30,0,76,1,70,,1176690,30,0,76,1
8801,'6',438,,1176779,30,0,76,1,70,,1176771,30,0,76,1,31,,1176773,30,0,76,1,72,,1176801,30,0,76,1,18,,1176797,30,0,76,1,14,,1176816,30,0,76,1,57,,1176756,31,0,76,1,10,,1176757,31,0,76,1,12,,1176777,31,0,76,1,12,,1176817,31,0,76,1,8,,1176766,31,0,76,1,10,,1176763,31,0,76,1,54,,1176794,31,0,76,1,7,,1176795,31,0,76,1,12,,1176759,31,0,76,1,3,,1176783,1,,,1,9,,1176818,31,0,76,1,16,,1176772,31,0,76,1,53,,1176807,31,4,,1,14,,1176819,31,0,76,1,14,,1176788,31,4,,1,14,,1176760,31,0,76,1,55,,1176789,31,4,,1,14,,1176793,31,0,76,1,15,,945697,31,4,,1,15,,1176764,31,0,76,1,55,,1176767,31,4,,1,15,,1034596,31,0,76,1,15,,1176799,31,4,,1,15,,1025192,31,0,76,1,55,,1176754,31,4,,1,15,,1176770,31,0,76,1,15,,1176765,31,4,,1,15,,1176780,31,0,76,1,55,,1176776,31,4,,1,16,,1005861,31,0,76,1,16,,1078853,31,4,,1,15,,1176821,31,0,76,1,55,,1176800,31,4,,1,16,,1176808,31,0,76,1,16,,1176803,31,4,,1,11,,1176805,31,0,76,1,8,,1176802,31,0,76,1,50,,1176785,31,0,76,1,13,,1176792,31,0,76,1,10,,1176813,31,0,76,1,11,,1176822,31,0,76,1,20,,1176787,31,0,76,1,54,,1055032,31,0,76,1,7,,1068940,31,0,76,1,10,,1176806,31,0,76,1,10,,1176774,31,0,76,1,10,,1176812,31,0,76,1,50,,1176768,31,0,76,1,10,,1086779,31,0,76,1,10,,1176791,31,0,76,1,10,,1176814,31,0,76,1,14,,1076409,31,0,76,1,13,,1176809,31,0,76,1,54,,1176820,31,0,76,1,15,,1176790,31,0,76,1,14,,1176775,31,0,76,1,14,,1176796,31,0,76,1,55,,1176778,31,0,76,1,14,,1176769,31,0,76,1,19,,1176823,31,0,76,1,59,,1061847,31,0,76,1,21,,1176781,31,0,76,1,19,,1176811,31,0,76,1,59,,1176798,31,0,76,1,18,,1176762,31,0,76,1,22,,1176755,31,0,76,1,60,,1176804,31,0,76,1,20,,1176784,31,0,76,1,20,,1176815,31,0,76,1,16,,1176786,30,0,76,1,68,,1176758,30,0,76,1,29,,1176810,30,0,76,1,69,,1176761,30,0,76,1,30,,1038559,30,0,76,1,70,,1176782,30,0,76,1
8801,'7',642,,1176838,30,0,76,1,70,,1176876,30,0,76,1,30,,1176878,30,0,76,1,70,,1176869,30,0,76,1,31,,1176877,30,0,76,1,15,,1176825,30,4,,1,55,,1176842,30,0,76,1,15,,1176832,30,4,,1,15,,1176880,30,0,76,1,15,,1176863,30,4,,1,55,,1176858,30,0,76,1,17,,1176881,30,4,,1,16,,1176831,30,0,76,1,55,,1176873,30,4,,1,15,,1176854,30,0,76,1,15,,1176824,30,4,,1,15,,1176835,30,0,76,1,55,,1176864,30,4,,1,15,,1176845,30,0,76,1,15,,1176875,30,4,,1,15,,1176851,30,0,76,1,55,,1176827,30,4,,1,15,,1176843,30,0,76,1,15,,1176856,30,4,,1,15,,1176826,30,0,76,1,55,,1176841,30,4,,1,15,,1176839,30,0,76,1,15,,1176866,30,4,,1,15,,1176883,30,0,76,1,55,,1176830,30,4,,1,15,,1176833,30,0,76,1,15,,1176857,30,4,,1,15,,1176840,30,0,76,1,55,,1176829,30,4,,1,15,,1176861,30,0,76,1,15,,1176849,30,4,,1,15,,1176837,30,0,76,1,55,,1176862,30,4,,1,15,,1176874,30,0,76,1,15,,1176855,30,4,,1,15,,1176860,30,0,76,1,55,,1176828,30,4,,1,15,,1176847,30,0,76,1,15,,1176852,30,4,,1,15,,1176859,30,0,76,1,55,,1176872,30,4,,1,15,,1176870,30,0,76,1,15,,1176867,30,4,,1,15,,1176882,30,0,76,1,55,,1176848,30,4,,1,15,,1176844,30,0,76,1,14,,1176836,30,4,,1,16,,1176846,30,0,76,1,69,,1176853,30,0,76,1,30,,1176879,30,0,76,1,70,,1176865,30,0,76,1,29,,1176884,30,0,76,1,70,,1176868,30,0,76,1,30,,1176850,30,0,76,1,70,,1176871,30,0,76,1,30,,1176834,30,0,76,1
8801,'8',438,,1176914,30,0,76,1,70,,1176906,30,0,76,1,31,,1176908,30,0,76,1,72,,1176938,30,0,76,1,18,,1176932,30,0,76,1,14,,1176954,30,0,76,1,57,,1176888,31,0,76,1,10,,1176889,31,0,76,1,12,,1176912,31,0,76,1,12,,1176955,31,0,76,1,8,,1176901,31,0,76,1,10,,1176896,31,0,76,1,54,,1176929,31,0,76,1,7,,1176930,31,0,76,1,12,,1176891,31,0,76,1,3,,1176918,1,,,1,9,,1176956,31,0,76,1,16,,1176907,31,0,76,1,53,,1176944,31,4,,1,14,,1176958,31,0,76,1,14,,1176923,31,4,,1,14,,1176892,31,0,76,1,55,,1176924,31,4,,1,14,,1176928,31,0,76,1,15,,1176900,31,4,,1,15,,1176898,31,0,76,1,55,,1176902,31,4,,1,15,,1176961,31,0,76,1,15,,1176934,31,4,,1,15,,1176885,31,0,76,1,55,,1176886,31,4,,1,15,,1176905,31,0,76,1,15,,1176899,31,4,,1,15,,1176915,31,0,76,1,55,,1176911,31,4,,1,16,,1176945,31,0,76,1,16,,1176957,31,4,,1,15,,1176960,31,0,76,1,55,,1176935,31,4,,1,16,,1176946,31,0,76,1,16,,1176940,31,4,,1,11,,1176942,31,0,76,1,8,,1176939,31,0,76,1,50,,1176920,31,0,76,1,13,,1176927,31,0,76,1,10,,1176951,31,0,76,1,11,,1176963,31,0,76,1,20,,1176922,31,0,76,1,54,,1176964,31,0,76,1,7,,1176893,31,0,76,1,10,,1176943,31,0,76,1,10,,1176909,31,0,76,1,10,,1176950,31,0,76,1,50,,1176903,31,0,76,1,10,,1176962,31,0,76,1,10,,1176926,31,0,76,1,10,,1176952,31,0,76,1,14,,1176936,31,0,76,1,13,,1176947,31,0,76,1,54,,1176959,31,0,76,1,15,,1176925,31,0,76,1,14,,1176910,31,0,76,1,14,,1176931,31,0,76,1,55,,1176913,31,0,76,1,14,,1176904,31,0,76,1,19,,1176965,31,0,76,1,59,,1176897,31,0,76,1,21,,1176916,31,0,76,1,19,,1176949,31,0,76,1,59,,1176933,31,0,76,1,18,,1176895,31,0,76,1,22,,1176887,31,0,76,1,60,,1176941,31,0,76,1,20,,1176919,31,0,76,1,20,,1176953,31,0,76,1,16,,1176921,30,0,76,1,68,,1176890,30,0,76,1,29,,1176948,30,0,76,1,69,,1176894,30,0,76,1,30,,1176937,30,0,76,1,70,,1176917,30,0,76,1
8801,'9',438,,1176969,30,0,76,1,70,,891306,30,0,76,1,31,,1049802,30,0,76,1,72,,1176983,30,0,76,1,18,,1177007,30,0,76,1,14,,1177017,30,0,76,1,57,,1177011,31,0,76,1,10,,1176996,31,0,76,1,12,,1177025,31,0,76,1,12,,1176972,31,0,76,1,8,,1177002,31,0,76,1,10,,1177022,31,0,76,1,54,,1176990,31,0,76,1,7,,1176987,31,0,76,1,12,,1176982,31,0,76,1,3,,1053359,1,,,1,9,,1177009,31,0,76,1,16,,1177016,31,0,76,1,53,,1033836,31,4,,1,14,,1176973,31,0,76,1,14,,1176975,31,4,,1,14,,1176978,31,0,76,1,55,,1177034,31,4,,1,14,,1176981,31,0,76,1,15,,1176985,31,4,,1,15,,1069235,31,0,76,1,55,,1177013,31,4,,1,15,,1177006,31,0,76,1,15,,1177024,31,4,,1,15,,1095065,31,0,76,1,55,,1176994,31,4,,1,15,,1177008,31,0,76,1,15,,1064318,31,4,,1,15,,1176995,31,0,76,1,55,,1176980,31,4,,1,16,,1177036,31,0,76,1,16,,1176986,31,4,,1,15,,1176991,31,0,76,1,55,,1177001,31,4,,1,16,,1177018,31,0,76,1,16,,1177003,31,4,,1,11,,1177015,31,0,76,1,8,,1177010,31,0,76,1,50,,1177027,31,0,76,1,13,,1097322,31,0,76,1,10,,1176968,31,0,76,1,11,,1177032,31,0,76,1,20,,1177020,31,0,76,1,54,,1177004,31,0,76,1,7,,1177012,31,0,76,1,10,,1176967,31,0,76,1,10,,1177037,31,0,76,1,10,,1177028,31,0,76,1,50,,1176998,31,0,76,1,10,,1177029,31,0,76,1,10,,1177019,31,0,76,1,10,,1177014,31,0,76,1,14,,1177031,31,0,76,1,13,,1177035,31,0,76,1,54,,1176997,31,0,76,1,15,,1176988,31,0,76,1,14,,1176989,31,0,76,1,14,,1177023,31,0,76,1,55,,1177000,31,0,76,1,14,,1067582,31,0,76,1,19,,1177005,31,0,76,1,59,,1176971,31,0,76,1,21,,1176999,31,0,76,1,19,,1177021,31,0,76,1,59,,1176984,31,0,76,1,18,,1177026,31,0,76,1,22,,1176992,31,0,76,1,60,,1176979,31,0,76,1,20,,1177030,31,0,76,1,20,,1176976,31,0,76,1,16,,1060643,30,0,76,1,68,,1177033,30,0,76,1,29,,1176977,30,0,76,1,69,,1032873,30,0,76,1,30,,1176993,30,0,76,1,70,,1176974,30,0,76,1
11100,'1',511,,1185453,1,0,86 87,1,44,,1185413,1,0,86 87,1,55,,1185422,1,0,86 87,1,15,,996770,1,,,1,15,,1185442,1,0,86 87,1,15,,1185446,1,,,1,55,,1185460,1,0,86 87,1,15,,1185410,1,,,1,16,,1185420,1,0,86 87,1,15,,1185418,1,,,1,47,,1083586,1,0,86 87,1,18,,1185411,1,,,1,14,,1185443,1,0,86 87,1,15,,1185439,1,,,1,55,,1185440,1,0,86 87,1,15,,1090490,1,,,1,15,,1017932,1,0,86 87,1,20,,1185455,1,,,1,55,,1185428,1,0,86 87,1,15,,1185459,1,,,1,15,,1093792,1,0,86 87,1,15,,1185454,1,,,1,55,,1185424,1,0,86 87,1,15,,1062119,1,,,1,15,,1185419,1,0,86 87,1,15,,1185435,1,,,1,55,,1185406,1,0,86 87,1,15,,1185409,1,,,1,15,,1068642,1,0,86 87,1,15,,1185426,1,,,1,55,,1185457,1,0,86 87,1,15,,1185412,1,,,1,12,,1185436,1,0,86 87,1,15,,1032823,1,,,1,55,,1185444,1,0,86 87,1,15,,1185450,1,,,1,14,,1185421,1,0,86 87,1,16,,1185423,1,,,1,55,,1064678,1,0,86 87,1,15,,1185433,1,,,1,15,,1185437,1,0,86 87,1,16,,1185417,1,,,1,57,,1185408,1,0,86 87,1,15,,1185429,1,,,1,15,,1185434,1,0,86 87,1,15,,1185432,1,,,1,55,,1185447,1,0,86 87,1,15,,1092441,1,,,1,15,,1185414,1,0,86 87,1,15,,1185451,1,,,1,70,,1185425,1,,,1,15,,1185407,1,0,86 87,1,15,,1185452,1,,,1,55,,1185416,1,0,86 87,1,15,,1185458,1,,,1,15,,1014100,1,0,86 87,1,15,,1185441,1,,,1,55,,1092169,1,0,86 87,1,15,,1185438,1,,,1,15,,1185456,1,0,86 87,1,15,,1185415,1,,,1,55,,1003375,1,0,86 87,1,15,,1185448,1,,,1,15,,1185405,1,0,86 87,1,15,,1185427,1,,,1,55,,1185431,1,0,86 87,1,20,,1185445,1,0,86 87,1,20,,1039387,1,0,86 87,1,72,,1100551,1,0,86 87,1,78,,1185430,1,0,86 87,1
11100,'10',511,,1185509,1,0,86 87,1,44,,1185469,1,0,86 87,1,55,,1185478,1,0,86 87,1,15,,996919,1,,,1,15,,1185498,1,0,86 87,1,15,,1185502,1,,,1,55,,1185516,1,0,86 87,1,15,,1185466,1,,,1,16,,1185476,1,0,86 87,1,15,,1185474,1,,,1,47,,1083347,1,0,86 87,1,18,,1185467,1,,,1,14,,1185499,1,0,86 87,1,15,,1185495,1,,,1,55,,1185496,1,0,86 87,1,15,,1090333,1,,,1,15,,1018075,1,0,86 87,1,20,,1185511,1,,,1,55,,1185484,1,0,86 87,1,15,,1185515,1,,,1,15,,1093592,1,0,86 87,1,15,,1185510,1,,,1,55,,1185480,1,0,86 87,1,15,,1061886,1,,,1,15,,1185475,1,0,86 87,1,15,,1185491,1,,,1,55,,1185462,1,0,86 87,1,15,,1185465,1,,,1,15,,1068597,1,0,86 87,1,15,,1185482,1,,,1,55,,1185513,1,0,86 87,1,15,,1185468,1,,,1,12,,1185492,1,0,86 87,1,15,,1033000,1,,,1,55,,1185500,1,0,86 87,1,15,,1185506,1,,,1,14,,1185477,1,0,86 87,1,16,,1185479,1,,,1,55,,1064529,1,0,86 87,1,15,,1185489,1,,,1,15,,1185493,1,0,86 87,1,16,,1185473,1,,,1,57,,1185464,1,0,86 87,1,15,,1185485,1,,,1,15,,1185490,1,0,86 87,1,15,,1185488,1,,,1,55,,1185503,1,0,86 87,1,15,,1092285,1,,,1,15,,1185470,1,0,86 87,1,15,,1185507,1,,,1,70,,1185481,1,,,1,15,,1185463,1,0,86 87,1,15,,1185508,1,,,1,55,,1185472,1,0,86 87,1,15,,1185514,1,,,1,15,,1014180,1,0,86 87,1,15,,1185497,1,,,1,55,,1092008,1,0,86 87,1,15,,1185494,1,,,1,15,,1185512,1,0,86 87,1,15,,1185471,1,,,1,55,,1003451,1,0,86 87,1,15,,1185504,1,,,1,15,,1185461,1,0,86 87,1,15,,1185483,1,,,1,55,,1185487,1,0,86 87,1,20,,1185501,1,0,86 87,1,20,,1039471,1,0,86 87,1,72,,1100473,1,0,86 87,1,78,,1185486,1,0,86 87,1
11100,'11',511,,1185565,1,0,86 87,1,44,,1185525,1,0,86 87,1,55,,1185534,1,0,86 87,1,15,,996728,1,,,1,15,,1185554,1,0,86 87,1,15,,1185558,1,,,1,55,,1185572,1,0,86 87,1,15,,1185522,1,,,1,16,,1185532,1,0,86 87,1,15,,1185530,1,,,1,47,,1083656,1,0,86 87,1,18,,1185523,1,,,1,14,,1185555,1,0,86 87,1,15,,1185551,1,,,1,55,,1185552,1,0,86 87,1,15,,1090533,1,,,1,15,,1017891,1,0,86 87,1,20,,1185567,1,,,1,55,,1185540,1,0,86 87,1,15,,1185571,1,,,1,15,,1093852,1,0,86 87,1,15,,1185566,1,,,1,55,,1185536,1,0,86 87,1,15,,1062194,1,,,1,15,,1185531,1,0,86 87,1,15,,1185547,1,,,1,55,,1185518,1,0,86 87,1,15,,1185521,1,,,1,15,,1068657,1,0,86 87,1,15,,1185538,1,,,1,55,,1185569,1,0,86 87,1,15,,1185524,1,,,1,12,,1185548,1,0,86 87,1,15,,1032771,1,,,1,55,,1185556,1,0,86 87,1,15,,1185562,1,,,1,14,,1185533,1,0,86 87,1,16,,1185535,1,,,1,55,,1064725,1,0,86 87,1,15,,1185545,1,,,1,15,,1185549,1,0,86 87,1,16,,1185529,1,,,1,57,,1185520,1,0,86 87,1,15,,1185541,1,,,1,15,,1185546,1,0,86 87,1,15,,1185544,1,,,1,55,,1185559,1,0,86 87,1,15,,1092488,1,,,1,15,,1185526,1,0,86 87,1,15,,1185563,1,,,1,70,,1185537,1,,,1,15,,1185519,1,0,86 87,1,15,,1185564,1,,,1,55,,1185528,1,0,86 87,1,15,,1185570,1,,,1,15,,1014078,1,0,86 87,1,15,,1185553,1,,,1,55,,1092214,1,0,86 87,1,15,,1185550,1,,,1,15,,1185568,1,0,86 87,1,15,,1185527,1,,,1,55,,1003352,1,0,86 87,1,15,,1185560,1,,,1,15,,1185517,1,0,86 87,1,15,,1185539,1,,,1,55,,1185543,1,0,86 87,1,20,,1185557,1,0,86 87,1,20,,1039363,1,0,86 87,1,72,,1100572,1,0,86 87,1,78,,1185542,1,0,86 87,1
11100,'12',511,,1185603,1,0,86 87,1,44,,1185607,1,0,86 87,1,55,,1185598,1,0,86 87,1,15,,1185583,1,,,1,15,,1185581,1,0,86 87,1,15,,1185584,1,,,1,55,,1185590,1,0,86 87,1,15,,1185599,1,,,1,16,,1063521,1,0,86 87,1,15,,1185605,1,,,1,47,,1185592,1,0,86 87,1,18,,1185579,1,,,1,14,,1185619,1,0,86 87,1,15,,1099283,1,,,1,55,,1065391,1,0,86 87,1,15,,1037301,1,,,1,15,,1185589,1,0,86 87,1,20,,1185578,1,,,1,55,,1185576,1,0,86 87,1,15,,1185577,1,,,1,15,,1185620,1,0,86 87,1,15,,1185580,1,,,1,55,,1185574,1,0,86 87,1,15,,1185634,1,,,1,15,,1185586,1,0,86 87,1,15,,1095130,1,,,1,55,,1076228,1,0,86 87,1,15,,1185608,1,,,1,15,,1185615,1,0,86 87,1,15,,1185575,1,,,1,55,,1185629,1,0,86 87,1,15,,1185609,1,,,1,12,,1185611,1,0,86 87,1,15,,1185573,1,,,1,55,,1185600,1,0,86 87,1,15,,1185632,1,,,1,14,,1185596,1,0,86 87,1,16,,1185618,1,,,1,55,,1185593,1,0,86 87,1,15,,1185626,1,,,1,15,,1185628,1,0,86 87,1,16,,1185612,1,,,1,57,,1185614,1,0,86 87,1,15,,1062524,1,,,1,15,,1185602,1,0,86 87,1,15,,1185597,1,,,1,55,,1185587,1,0,86 87,1,15,,1185582,1,,,1,15,,1185624,1,0,86 87,1,15,,1185633,1,,,1,70,,1185617,1,,,1,15,,1185622,1,0,86 87,1,15,,1185595,1,,,1,55,,1185613,1,0,86 87,1,15,,1185616,1,,,1,15,,1185604,1,0,86 87,1,15,,1185627,1,,,1,55,,1185623,1,0,86 87,1,15,,1185585,1,,,1,15,,1185631,1,0,86 87,1,15,,1185588,1,,,1,55,,1062053,1,0,86 87,1,15,,1022088,1,,,1,15,,1083132,1,0,86 87,1,15,,1185601,1,,,1,55,,1185625,1,0,86 87,1,20,,1185606,1,0,86 87,1,20,,1185630,1,0,86 87,1,72,,1185591,1,0,86 87,1,78,,1185594,1,0,86 87,1
11100,'13',620,,1185661,1,0,86 87,1,100,,1185638,1,0,86 87,1,100,,1094760,1,0,86 87,1,30,,1185654,1,0,86 87,1,70,,1185664,1,0,86 87,1,30,,1185640,1,0,86 87,1,70,,1185650,1,0,86 87,1,30,,1185653,1,0,86 87,1,70,,1185651,1,0,86 87,1,30,,1185658,1,0,86 87,1,70,,1185645,1,0,86 87,1,30,,1185636,1,0,86 87,1,70,,1185647,1,0,86 87,1,30,,1185643,1,0,86 87,1,70,,1185652,1,0,86 87,1,30,,995916,1,0,86 87,1,70,,1185639,1,0,86 87,1,30,,1185637,1,0,86 87,1,70,,1185657,1,0,86 87,1,30,,1185649,1,0,86 87,1,70,,1185660,1,0,86 87,1,30,,1185656,1,0,86 87,1,70,,1185659,1,0,86 87,1,30,,1185646,1,0,86 87,1,70,,1185635,1,0,86 87,1,30,,1185641,1,0,86 87,1,70,,1185655,1,0,86 87,1,30,,1185662,1,0,86 87,1,70,,1185663,1,0,86 87,1,30,,1185644,1,0,86 87,1,70,,1185648,1,0,86 87,1,35,,1185642,1,0,86 87,1
11100,'14',511,,1185725,1,0,86 87,1,44,,1185682,1,0,86 87,1,55,,1185693,1,0,86 87,1,15,,1185718,1,,,1,15,,1185713,1,0,86 87,1,15,,1185717,1,,,1,55,,1185736,1,0,86 87,1,15,,1185673,1,,,1,16,,1185691,1,0,86 87,1,15,,1185688,1,,,1,47,,1185665,1,0,86 87,1,18,,1185677,1,,,1,14,,1185714,1,0,86 87,1,15,,1185710,1,,,1,55,,1185711,1,0,86 87,1,15,,1185685,1,,,1,15,,1185734,1,0,86 87,1,20,,1185727,1,,,1,55,,1185699,1,0,86 87,1,15,,1185735,1,,,1,15,,1185676,1,0,86 87,1,15,,1185726,1,,,1,55,,1185695,1,0,86 87,1,15,,1185672,1,,,1,15,,1185690,1,0,86 87,1,15,,1185706,1,,,1,55,,1185668,1,0,86 87,1,15,,1185671,1,,,1,15,,1185679,1,0,86 87,1,15,,1185697,1,,,1,55,,1185729,1,0,86 87,1,15,,1185681,1,,,1,12,,1185707,1,0,86 87,1,15,,1185689,1,,,1,55,,1185715,1,0,86 87,1,15,,1185722,1,,,1,14,,1185692,1,0,86 87,1,16,,1185694,1,,,1,55,,1185667,1,0,86 87,1,15,,1185704,1,,,1,15,,1185708,1,0,86 87,1,16,,1185687,1,,,1,57,,1185670,1,0,86 87,1,15,,1185700,1,,,1,15,,1185705,1,0,86 87,1,15,,1185703,1,,,1,55,,1185719,1,0,86 87,1,15,,1185680,1,,,1,15,,1185683,1,0,86 87,1,15,,1185723,1,,,1,70,,1185696,1,,,1,15,,1185669,1,0,86 87,1,15,,1185724,1,,,1,55,,1185686,1,0,86 87,1,15,,1185730,1,,,1,15,,1185674,1,0,86 87,1,15,,1185712,1,,,1,55,,1185675,1,0,86 87,1,15,,1185709,1,,,1,15,,1185728,1,0,86 87,1,15,,1185684,1,,,1,55,,1185678,1,0,86 87,1,15,,1185720,1,,,1,15,,1185666,1,0,86 87,1,15,,1185698,1,,,1,55,,1185702,1,0,86 87,1,20,,1185716,1,0,86 87,1,20,,1185732,1,0,86 87,1,72,,1185733,1,0,86 87,1,78,,1185701,1,0,86 87,1
11100,'15',511,,1185790,1,0,86 87,1,44,,1185777,1,0,86 87,1,55,,1185745,1,0,86 87,1,15,,1185805,1,,,1,15,,1185792,1,0,86 87,1,15,,1185740,1,,,1,55,,1185751,1,0,86 87,1,15,,1185780,1,,,1,16,,1185788,1,0,86 87,1,15,,1185750,1,,,1,47,,1185769,1,0,86 87,1,18,,1185804,1,,,1,14,,1185801,1,0,86 87,1,15,,1185739,1,,,1,55,,1185807,1,0,86 87,1,15,,1185749,1,,,1,15,,1185800,1,0,86 87,1,20,,1185738,1,,,1,55,,1185762,1,0,86 87,1,15,,1185794,1,,,1,15,,1185741,1,0,86 87,1,15,,1185806,1,,,1,55,,1185761,1,0,86 87,1,15,,1185747,1,,,1,15,,1185784,1,0,86 87,1,15,,1185760,1,,,1,55,,1185802,1,0,86 87,1,15,,1185781,1,,,1,15,,1185773,1,0,86 87,1,15,,1185772,1,,,1,55,,1185785,1,0,86 87,1,15,,1185796,1,,,1,12,,1185766,1,0,86 87,1,15,,1185765,1,,,1,55,,1185795,1,0,86 87,1,15,,1185786,1,,,1,14,,1185778,1,0,86 87,1,16,,1185789,1,,,1,55,,1185803,1,0,86 87,1,15,,1185748,1,,,1,15,,1185737,1,0,86 87,1,16,,1185787,1,,,1,57,,1185752,1,0,86 87,1,15,,1185799,1,,,1,15,,1185757,1,0,86 87,1,15,,1185783,1,,,1,55,,1185793,1,0,86 87,1,15,,1185808,1,,,1,15,,1185746,1,0,86 87,1,15,,1185771,1,,,1,70,,1185779,1,,,1,15,,1185767,1,0,86 87,1,15,,1185754,1,,,1,55,,1185763,1,0,86 87,1,15,,1185798,1,,,1,15,,1185742,1,0,86 87,1,15,,1185775,1,,,1,55,,1185759,1,0,86 87,1,15,,1185764,1,,,1,15,,1185776,1,0,86 87,1,15,,1185743,1,,,1,55,,1185782,1,0,86 87,1,15,,1185753,1,,,1,15,,1185770,1,0,86 87,1,15,,1185774,1,,,1,55,,1185744,1,0,86 87,1,20,,1185758,1,0,86 87,1,20,,1185755,1,0,86 87,1,72,,1185756,1,0,86 87,1,78,,1185797,1,0,86 87,1
11100,'16',511,,1185842,1,0,86 87,1,44,,1185846,1,0,86 87,1,55,,1185837,1,0,86 87,1,15,,1062645,1,,,1,15,,1185816,1,0,86 87,1,15,,1185823,1,,,1,55,,1185829,1,0,86 87,1,15,,1185838,1,,,1,16,,1185814,1,0,86 87,1,15,,1185844,1,,,1,47,,1185831,1,0,86 87,1,18,,1081384,1,,,1,14,,1185857,1,0,86 87,1,15,,1185860,1,,,1,55,,1185817,1,0,86 87,1,15,,1185810,1,,,1,15,,1185828,1,0,86 87,1,20,,1089234,1,,,1,55,,1185812,1,0,86 87,1,15,,1185813,1,,,1,15,,1077988,1,0,86 87,1,15,,1185815,1,,,1,55,,1038832,1,0,86 87,1,15,,1185870,1,,,1,15,,1185825,1,0,86 87,1,15,,1185822,1,,,1,55,,1185818,1,0,86 87,1,15,,1185847,1,,,1,15,,1185853,1,0,86 87,1,15,,1185811,1,,,1,55,,1185867,1,0,86 87,1,15,,1185848,1,,,1,12,,1185850,1,0,86 87,1,15,,1185809,1,,,1,55,,1185839,1,0,86 87,1,15,,1185869,1,,,1,14,,1185835,1,0,86 87,1,16,,1185856,1,,,1,55,,1185832,1,0,86 87,1,15,,1185865,1,,,1,15,,1078345,1,0,86 87,1,16,,1185851,1,,,1,57,,1090911,1,0,86 87,1,15,,1185821,1,,,1,15,,1185841,1,0,86 87,1,15,,1185836,1,,,1,55,,1185826,1,0,86 87,1,15,,1185819,1,,,1,15,,1067442,1,0,86 87,1,15,,1094187,1,,,1,70,,1185855,1,,,1,15,,1185861,1,0,86 87,1,15,,1185834,1,,,1,55,,1185852,1,0,86 87,1,15,,1185854,1,,,1,15,,1185843,1,0,86 87,1,15,,1185866,1,,,1,55,,1185862,1,0,86 87,1,15,,1185824,1,,,1,15,,1185868,1,0,86 87,1,15,,1185827,1,,,1,55,,1185863,1,0,86 87,1,15,,1185858,1,,,1,15,,1185820,1,0,86 87,1,15,,1185840,1,,,1,55,,1185864,1,0,86 87,1,20,,1185845,1,0,86 87,1,20,,981319,1,0,86 87,1,72,,1185830,1,0,86 87,1,78,,1185833,1,0,86 87,1
11100,'17',620,,1185897,1,0,86 87,1,100,,1185874,1,0,86 87,1,100,,1185900,1,0,86 87,1,30,,1185890,1,0,86 87,1,70,,1185902,1,0,86 87,1,30,,1185876,1,0,86 87,1,70,,1185886,1,0,86 87,1,30,,1185889,1,0,86 87,1,70,,1185887,1,0,86 87,1,30,,1185894,1,0,86 87,1,70,,1185881,1,0,86 87,1,30,,1185872,1,0,86 87,1,70,,1185883,1,0,86 87,1,30,,1185879,1,0,86 87,1,70,,1185888,1,0,86 87,1,30,,1185898,1,0,86 87,1,70,,1185875,1,0,86 87,1,30,,1185873,1,0,86 87,1,70,,1185893,1,0,86 87,1,30,,1185885,1,0,86 87,1,70,,1185896,1,0,86 87,1,30,,1185892,1,0,86 87,1,70,,1185895,1,0,86 87,1,30,,1185882,1,0,86 87,1,70,,1185871,1,0,86 87,1,30,,1185877,1,0,86 87,1,70,,1185891,1,0,86 87,1,30,,1185899,1,0,86 87,1,70,,1185901,1,0,86 87,1,30,,1185880,1,0,86 87,1,70,,1185884,1,0,86 87,1,35,,1185878,1,0,86 87,1
11100,'2',535,,1185919,1,0,86 87,1,70,,1185903,1,0,86 87,1,30,,1185935,1,0,86 87,1,70,,1185931,1,0,86 87,1,30,,1185937,1,0,86 87,1,70,,1185908,1,0,86 87,1,30,,1185927,1,0,86 87,1,70,,1185920,1,0,86 87,1,30,,1185923,1,0,86 87,1,70,,1185922,1,0,86 87,1,30,,1185906,1,0,86 87,1,70,,1185924,1,0,86 87,1,30,,1185926,1,0,86 87,1,70,,1185910,1,0,86 87,1,30,,1185917,1,0,86 87,1,70,,1086547,1,0,86 87,1,30,,1185921,1,0,86 87,1,70,,1185930,1,0,86 87,1,30,,1185916,1,0,86 87,1,70,,1185904,1,0,86 87,1,30,,1185932,1,0,86 87,1,70,,1185907,1,0,86 87,1,30,,1185915,1,0,86 87,1,70,,1185936,1,0,86 87,1,30,,1087076,1,0,86 87,1,70,,1185914,1,0,86 87,1,30,,1185909,1,0,86 87,1,70,,1185938,1,0,86 87,1,30,,1185933,1,0,86 87,1,70,,1185911,1,0,86 87,1,30,,1185913,1,0,86 87,1,70,,1185905,1,0,86 87,1,30,,1185912,1,0,86 87,1,70,,1185925,1,0,86 87,1,30,,1185918,1,0,86 87,1,70,,1185934,1,0,86 87,1,30,,1185929,1,0,86 87,1,85,,1185928,1,0,86 87,1
11100,'3',620,,1185965,1,0,86 87,1,100,,1185942,1,0,86 87,1,100,,1185968,1,0,86 87,1,30,,1185958,1,0,86 87,1,70,,1185970,1,0,86 87,1,30,,1185944,1,0,86 87,1,70,,1185954,1,0,86 87,1,30,,1185957,1,0,86 87,1,70,,1185955,1,0,86 87,1,30,,1185962,1,0,86 87,1,70,,1185949,1,0,86 87,1,30,,1185940,1,0,86 87,1,70,,1185951,1,0,86 87,1,30,,1185947,1,0,86 87,1,70,,1185956,1,0,86 87,1,30,,1185966,1,0,86 87,1,70,,1185943,1,0,86 87,1,30,,1185941,1,0,86 87,1,70,,1185961,1,0,86 87,1,30,,1185953,1,0,86 87,1,70,,1185964,1,0,86 87,1,30,,1185960,1,0,86 87,1,70,,1185963,1,0,86 87,1,30,,1185950,1,0,86 87,1,70,,1185939,1,0,86 87,1,30,,1185945,1,0,86 87,1,70,,1185959,1,0,86 87,1,30,,1185967,1,0,86 87,1,70,,1185969,1,0,86 87,1,30,,1185948,1,0,86 87,1,70,,1185952,1,0,86 87,1,35,,1185946,1,0,86 87,1
11100,'4',620,,1186001,1,0,86 87,1,100,,1185984,1,0,86 87,1,100,,1185990,1,0,86 87,1,30,,1185986,1,0,86 87,1,70,,1185973,1,0,86 87,1,30,,1070854,1,0,86 87,1,70,,1185987,1,0,86 87,1,30,,1185995,1,0,86 87,1,70,,1185996,1,0,86 87,1,30,,1185975,1,0,86 87,1,70,,1185993,1,0,86 87,1,30,,1185998,1,0,86 87,1,70,,1185979,1,0,86 87,1,30,,1185983,1,0,86 87,1,70,,1185991,1,0,86 87,1,30,,1185977,1,0,86 87,1,70,,1185982,1,0,86 87,1,30,,1185971,1,0,86 87,1,70,,1185972,1,0,86 87,1,30,,1186000,1,0,86 87,1,70,,1185981,1,0,86 87,1,30,,1185989,1,0,86 87,1,70,,1185994,1,0,86 87,1,30,,1185999,1,0,86 87,1,70,,1185974,1,0,86 87,1,30,,1185992,1,0,86 87,1,70,,1185985,1,0,86 87,1,30,,1185976,1,0,86 87,1,70,,1185988,1,0,86 87,1,30,,1185978,1,0,86 87,1,70,,1185997,1,0,86 87,1,35,,1185980,1,0,86 87,1
11100,'5',511,,1186050,1,0,86 87,1,44,,1186010,1,0,86 87,1,55,,1186019,1,0,86 87,1,15,,996462,1,,,1,15,,1186039,1,0,86 87,1,15,,1186043,1,,,1,55,,1186057,1,0,86 87,1,15,,1186007,1,,,1,16,,1186017,1,0,86 87,1,15,,1186015,1,,,1,47,,1083547,1,0,86 87,1,18,,1186008,1,,,1,14,,1186040,1,0,86 87,1,15,,1186036,1,,,1,55,,1186037,1,0,86 87,1,15,,1090466,1,,,1,15,,1017684,1,0,86 87,1,20,,1186052,1,,,1,55,,1186025,1,0,86 87,1,15,,1186056,1,,,1,15,,1093757,1,0,86 87,1,15,,1186051,1,,,1,55,,1186021,1,0,86 87,1,15,,1062071,1,,,1,15,,1186016,1,0,86 87,1,15,,1186032,1,,,1,55,,1186003,1,0,86 87,1,15,,1186006,1,,,1,15,,1068627,1,0,86 87,1,15,,1186023,1,,,1,55,,1186054,1,0,86 87,1,15,,1186009,1,,,1,12,,1186033,1,0,86 87,1,15,,1032521,1,,,1,55,,1186041,1,0,86 87,1,15,,1186047,1,,,1,14,,1186018,1,0,86 87,1,16,,1186020,1,,,1,55,,1064657,1,0,86 87,1,15,,1186030,1,,,1,15,,1186034,1,0,86 87,1,16,,1186014,1,,,1,57,,1186005,1,0,86 87,1,15,,1186026,1,,,1,15,,1186031,1,0,86 87,1,15,,1186029,1,,,1,55,,1186044,1,0,86 87,1,15,,1092408,1,,,1,15,,1186011,1,0,86 87,1,15,,1186048,1,,,1,70,,1186022,1,,,1,15,,1186004,1,0,86 87,1,15,,1186049,1,,,1,55,,1186013,1,0,86 87,1,15,,1186055,1,,,1,15,,1013944,1,0,86 87,1,15,,1186038,1,,,1,55,,1092136,1,0,86 87,1,15,,1186035,1,,,1,15,,1186053,1,0,86 87,1,15,,1186012,1,,,1,55,,1003277,1,0,86 87,1,15,,1186045,1,,,1,15,,1186002,1,0,86 87,1,15,,1186024,1,,,1,55,,1186028,1,0,86 87,1,20,,1186042,1,0,86 87,1,20,,1039238,1,0,86 87,1,72,,1100538,1,0,86 87,1,78,,1186027,1,0,86 87,1
11100,'6',511,,1186092,1,0,86 87,1,44,,1186095,1,0,86 87,1,55,,1186087,1,0,86 87,1,15,,1186072,1,,,1,15,,1186065,1,0,86 87,1,15,,1186073,1,,,1,55,,1186079,1,0,86 87,1,15,,1186088,1,,,1,16,,1186063,1,0,86 87,1,15,,1186094,1,,,1,47,,1186081,1,0,86 87,1,18,,1186064,1,,,1,14,,994976,1,0,86 87,1,15,,1186109,1,,,1,55,,1186066,1,0,86 87,1,15,,1186059,1,,,1,15,,1186078,1,0,86 87,1,20,,1186062,1,,,1,55,,1056861,1,0,86 87,1,15,,1083314,1,,,1,15,,1186107,1,0,86 87,1,15,,1013968,1,,,1,55,,1186060,1,0,86 87,1,15,,1090564,1,,,1,15,,1186075,1,0,86 87,1,15,,1186071,1,,,1,55,,1186067,1,0,86 87,1,15,,1186096,1,,,1,15,,1186102,1,0,86 87,1,15,,1186061,1,,,1,55,,1067678,1,0,86 87,1,15,,1186097,1,,,1,12,,1068494,1,0,86 87,1,15,,1186058,1,,,1,55,,1186089,1,0,86 87,1,15,,1034297,1,,,1,14,,1186085,1,0,86 87,1,16,,1186105,1,,,1,55,,1186082,1,0,86 87,1,15,,1071461,1,,,1,15,,1186115,1,0,86 87,1,16,,1186099,1,,,1,57,,1186101,1,0,86 87,1,15,,1186070,1,,,1,15,,1186091,1,0,86 87,1,15,,1186086,1,,,1,55,,1186076,1,0,86 87,1,15,,1186068,1,,,1,15,,1186112,1,0,86 87,1,15,,1186117,1,,,1,70,,1186104,1,,,1,15,,1186110,1,0,86 87,1,15,,1186084,1,,,1,55,,1186100,1,0,86 87,1,15,,1186103,1,,,1,15,,1186093,1,0,86 87,1,15,,1063282,1,,,1,55,,1186111,1,0,86 87,1,15,,1186074,1,,,1,15,,1092534,1,0,86 87,1,15,,1186077,1,,,1,55,,1186113,1,0,86 87,1,15,,1186106,1,,,1,15,,1186069,1,0,86 87,1,15,,1186090,1,,,1,55,,1186114,1,0,86 87,1,20,,994405,1,0,86 87,1,20,,1186116,1,0,86 87,1,72,,1186080,1,0,86 87,1,78,,1186083,1,0,86 87,1
11100,'7',535,,1186144,1,0,86 87,1,70,,1186140,1,0,86 87,1,30,,1186152,1,0,86 87,1,70,,1186139,1,0,86 87,1,30,,1186119,1,0,86 87,1,70,,1186154,1,0,86 87,1,30,,1186142,1,0,86 87,1,70,,1186122,1,0,86 87,1,30,,1186118,1,0,86 87,1,70,,1186136,1,0,86 87,1,30,,1186131,1,0,86 87,1,70,,1186148,1,0,86 87,1,30,,1186146,1,0,86 87,1,70,,1186143,1,0,86 87,1,30,,1186141,1,0,86 87,1,70,,1186120,1,0,86 87,1,30,,1186150,1,0,86 87,1,70,,1186121,1,0,86 87,1,30,,1186151,1,0,86 87,1,70,,1186126,1,0,86 87,1,30,,1186149,1,0,86 87,1,70,,1186127,1,0,86 87,1,30,,1186132,1,0,86 87,1,70,,1186134,1,0,86 87,1,30,,1186133,1,0,86 87,1,70,,1186145,1,0,86 87,1,30,,1186130,1,0,86 87,1,70,,1186125,1,0,86 87,1,30,,1186135,1,0,86 87,1,70,,1186123,1,0,86 87,1,30,,1186155,1,0,86 87,1,70,,1186153,1,0,86 87,1,30,,1186124,1,0,86 87,1,70,,1186147,1,0,86 87,1,30,,1186129,1,0,86 87,1,70,,1186128,1,0,86 87,1,30,,1186138,1,0,86 87,1,85,,1186137,1,0,86 87,1
11100,'8',511,,1186193,1,0,86 87,1,44,,1186197,1,0,86 87,1,55,,1186188,1,0,86 87,1,15,,1186173,1,,,1,15,,1186166,1,0,86 87,1,15,,1186174,1,,,1,55,,1186180,1,0,86 87,1,15,,1186189,1,,,1,16,,1186163,1,0,86 87,1,15,,1186195,1,,,1,47,,1186182,1,0,86 87,1,18,,1186164,1,,,1,14,,1186209,1,0,86 87,1,15,,1186213,1,,,1,55,,1186167,1,0,86 87,1,15,,1186157,1,,,1,15,,1186179,1,0,86 87,1,20,,1186162,1,,,1,55,,1186160,1,0,86 87,1,15,,1186161,1,,,1,15,,1186211,1,0,86 87,1,15,,1186165,1,,,1,55,,1186158,1,0,86 87,1,15,,1186227,1,,,1,15,,1186176,1,0,86 87,1,15,,1186172,1,,,1,55,,1186168,1,0,86 87,1,15,,1186198,1,,,1,15,,1186205,1,0,86 87,1,15,,1186159,1,,,1,55,,1186222,1,0,86 87,1,15,,1186199,1,,,1,12,,1186201,1,0,86 87,1,15,,1186156,1,,,1,55,,1186190,1,0,86 87,1,15,,1186225,1,,,1,14,,1186186,1,0,86 87,1,16,,1186208,1,,,1,55,,1186183,1,0,86 87,1,15,,1186219,1,,,1,15,,1186221,1,0,86 87,1,16,,1186202,1,,,1,57,,1186204,1,0,86 87,1,15,,1186171,1,,,1,15,,1186192,1,0,86 87,1,15,,1186187,1,,,1,55,,1186177,1,0,86 87,1,15,,1186169,1,,,1,15,,1186216,1,0,86 87,1,15,,1186226,1,,,1,70,,1186207,1,,,1,15,,1186214,1,0,86 87,1,15,,1186185,1,,,1,55,,1186203,1,0,86 87,1,15,,1186206,1,,,1,15,,1186194,1,0,86 87,1,15,,1186220,1,,,1,55,,1186215,1,0,86 87,1,15,,1186175,1,,,1,15,,1186224,1,0,86 87,1,15,,1186178,1,,,1,55,,1186217,1,0,86 87,1,15,,1186210,1,,,1,15,,1186170,1,0,86 87,1,15,,1186191,1,,,1,55,,1186218,1,0,86 87,1,20,,1186196,1,0,86 87,1,20,,1186223,1,0,86 87,1,72,,1186181,1,0,86 87,1,78,,1186184,1,0,86 87,1
11100,'9',511,,1186276,1,0,86 87,1,44,,1186236,1,0,86 87,1,55,,1186245,1,0,86 87,1,15,,996812,1,,,1,15,,1186265,1,0,86 87,1,15,,1186269,1,,,1,55,,1186283,1,0,86 87,1,15,,1186233,1,,,1,16,,1186243,1,0,86 87,1,15,,1186241,1,,,1,47,,1083418,1,0,86 87,1,18,,1186234,1,,,1,14,,1186266,1,0,86 87,1,15,,1186262,1,,,1,55,,1186263,1,0,86 87,1,15,,1090384,1,,,1,15,,1017973,1,0,86 87,1,20,,1186278,1,,,1,55,,1186251,1,0,86 87,1,15,,1186282,1,,,1,15,,1093648,1,0,86 87,1,15,,1186277,1,,,1,55,,1186247,1,0,86 87,1,15,,1061960,1,,,1,15,,1186242,1,0,86 87,1,15,,1186258,1,,,1,55,,1186229,1,0,86 87,1,15,,1186232,1,,,1,15,,1068612,1,0,86 87,1,15,,1186249,1,,,1,55,,1186280,1,0,86 87,1,15,,1186235,1,,,1,12,,1186259,1,0,86 87,1,15,,1032875,1,,,1,55,,1186267,1,0,86 87,1,15,,1186273,1,,,1,14,,1186244,1,0,86 87,1,16,,1186246,1,,,1,55,,1064576,1,0,86 87,1,15,,1186256,1,,,1,15,,1186260,1,0,86 87,1,16,,1186240,1,,,1,57,,1186231,1,0,86 87,1,15,,1186252,1,,,1,15,,1186257,1,0,86 87,1,15,,1186255,1,,,1,55,,1186270,1,0,86 87,1,15,,1092334,1,,,1,15,,1186237,1,0,86 87,1,15,,1186274,1,,,1,70,,1186248,1,,,1,15,,1186230,1,0,86 87,1,15,,1186275,1,,,1,55,,1186239,1,0,86 87,1,15,,1186281,1,,,1,15,,1014122,1,0,86 87,1,15,,1186264,1,,,1,55,,1092062,1,0,86 87,1,15,,1186261,1,,,1,15,,1186279,1,0,86 87,1,15,,1186238,1,,,1,55,,1003398,1,0,86 87,1,15,,1186271,1,,,1,15,,1186228,1,0,86 87,1,15,,1186250,1,,,1,55,,1186254,1,0,86 87,1,20,,1186268,1,0,86 87,1,20,,1039411,1,0,86 87,1,72,,1100501,1,0,86 87,1,78,,1186253,1,0,86 87,1
11101,'1',543,,1015100,38,4,,1,72,,1186303,38,4,,1,21,,1186316,38,4,,1,16,,1186330,38,4,,1,56,,1186325,38,4,,1,16,,1186331,38,4,,1,15,,1186343,38,4,,1,15,,1186307,38,4,,1,58,,1186328,40,4,,1,18,,1078713,38,4,,1,17,,1186334,40,4,,1,55,,1186319,38,4,,1,15,,1075944,40,4,,1,13,,1186302,38,4,,1,12,,1186337,40,4,,1,11,,1186332,38,4,,1,54,,1186309,40,4,,1,15,,1011666,38,4,,1,15,,1186313,40,4,,1,15,,1186342,38,4,,1,55,,1186335,40,4,,1,15,,1186340,38,4,,1,15,,1186315,40,4,,1,15,,1186329,38,4,,1,55,,1186326,40,4,,1,15,,1186339,38,4,,1,15,,1186341,40,4,,1,15,,1186299,38,4,,1,55,,1186317,40,4,,1,18,,1027517,38,4,,1,16,,1186287,40,4,,1,15,,1186286,38,4,,1,55,,1186327,40,4,,1,15,,1186338,38,4,,1,19,,1097834,40,4,,1,55,,1186321,38,4,,1,15,,1186323,40,4,,1,3,,1085039,31,4,,1,12,,1186314,38,4,,1,77,,1186285,38,4,,1,13,,1008012,40,4,,1,15,,1186305,38,4,,1,16,,1186333,40,4,,1,55,,1186289,38,4,,1,15,,1186298,40,4,,1,15,,1186290,38,4,,1,15,,1186297,40,4,,1,70,,1186322,40,4,,1,12,,1186308,38,4,,1,14,,1186310,40,4,,1,55,,1186295,38,4,,1,15,,1013035,40,4,,1,10,,1186304,38,4,,1,13,,1186306,40,4,,1,15,,1186318,38,4,,1,55,,1186324,40,4,,1,15,,1068015,38,4,,1,10,,1100045,40,4,,1,15,,1186292,38,4,,1,55,,1186293,40,4,,1,15,,1186301,38,4,,1,15,,1036006,40,4,,1,15,,1186336,38,4,,1,9,,1186288,40,4,,1,60,,1186320,38,4,,1,29,,1186300,40,4,,1,89,,1186294,38,4,,1,70,,1186291,38,4,,1,38,,1186311,38,4,,1,66,,966895,38,4,,1
11101,'10',543,,1015291,38,4,,1,72,,1186363,38,4,,1,21,,1186376,38,4,,1,16,,1186390,38,4,,1,56,,1186385,38,4,,1,16,,1186391,38,4,,1,15,,1186403,38,4,,1,15,,1186367,38,4,,1,58,,1186388,40,4,,1,18,,1078449,38,4,,1,17,,1186394,40,4,,1,55,,1186379,38,4,,1,15,,1075719,40,4,,1,13,,1186362,38,4,,1,12,,1186397,40,4,,1,11,,1186392,38,4,,1,54,,1186369,40,4,,1,15,,1011743,38,4,,1,15,,1186373,40,4,,1,15,,1186402,38,4,,1,55,,1186395,40,4,,1,15,,1186400,38,4,,1,15,,1186375,40,4,,1,15,,1186389,38,4,,1,55,,1186386,40,4,,1,15,,1186399,38,4,,1,15,,1186401,40,4,,1,15,,1186359,38,4,,1,55,,1186377,40,4,,1,18,,1027599,38,4,,1,16,,1186347,40,4,,1,15,,1186346,38,4,,1,55,,1186387,40,4,,1,15,,1186398,38,4,,1,19,,1097610,40,4,,1,55,,1186381,38,4,,1,15,,1186383,40,4,,1,3,,1084914,31,4,,1,12,,1186374,38,4,,1,77,,1186345,38,4,,1,13,,1008137,40,4,,1,15,,1186365,38,4,,1,16,,1186393,40,4,,1,55,,1186349,38,4,,1,15,,1186358,40,4,,1,15,,1186350,38,4,,1,15,,1186357,40,4,,1,70,,1186382,40,4,,1,12,,1186368,38,4,,1,14,,1186370,40,4,,1,55,,1186355,38,4,,1,15,,1013126,40,4,,1,10,,1186364,38,4,,1,13,,1186366,40,4,,1,15,,1186378,38,4,,1,55,,1186384,40,4,,1,15,,1067799,38,4,,1,10,,1099901,40,4,,1,15,,1186352,38,4,,1,55,,1186353,40,4,,1,15,,1186361,38,4,,1,15,,1036224,40,4,,1,15,,1186396,38,4,,1,9,,1186348,40,4,,1,60,,1186380,38,4,,1,29,,1186360,40,4,,1,89,,1186354,38,4,,1,70,,1186351,38,4,,1,38,,1186371,38,4,,1,66,,966672,38,4,,1
11101,'11',543,,1015046,38,4,,1,72,,1186423,38,4,,1,21,,1186436,38,4,,1,16,,1186450,38,4,,1,56,,1186445,38,4,,1,16,,1186451,38,4,,1,15,,1186463,38,4,,1,15,,1186427,38,4,,1,58,,1186448,40,4,,1,18,,1078793,38,4,,1,17,,1186454,40,4,,1,55,,1186439,38,4,,1,15,,1076014,40,4,,1,13,,1186422,38,4,,1,12,,1186457,40,4,,1,11,,1186452,38,4,,1,54,,1186429,40,4,,1,15,,1011645,38,4,,1,15,,1186433,40,4,,1,15,,1186462,38,4,,1,55,,1186455,40,4,,1,15,,1186460,38,4,,1,15,,1186435,40,4,,1,15,,1186449,38,4,,1,55,,1186446,40,4,,1,15,,1186459,38,4,,1,15,,1186461,40,4,,1,15,,1186419,38,4,,1,55,,1186437,40,4,,1,18,,1027493,38,4,,1,16,,1186407,40,4,,1,15,,1186406,38,4,,1,55,,1186447,40,4,,1,15,,1186458,38,4,,1,19,,1097902,40,4,,1,55,,1186441,38,4,,1,15,,1186443,40,4,,1,3,,1085073,31,4,,1,12,,1186434,38,4,,1,77,,1186405,38,4,,1,13,,1007976,40,4,,1,15,,1186425,38,4,,1,16,,1186453,40,4,,1,55,,1186409,38,4,,1,15,,1186418,40,4,,1,15,,1186410,38,4,,1,15,,1186417,40,4,,1,70,,1186442,40,4,,1,12,,1186428,38,4,,1,14,,1186430,40,4,,1,55,,1186415,38,4,,1,15,,1013008,40,4,,1,10,,1186424,38,4,,1,13,,1186426,40,4,,1,15,,1186438,38,4,,1,55,,1186444,40,4,,1,15,,1068069,38,4,,1,10,,1100089,40,4,,1,15,,1186412,38,4,,1,55,,1186413,40,4,,1,15,,1186421,38,4,,1,15,,1035943,40,4,,1,15,,1186456,38,4,,1,9,,1186408,40,4,,1,60,,1186440,38,4,,1,29,,1186420,40,4,,1,89,,1186414,38,4,,1,70,,1186411,38,4,,1,38,,1186431,38,4,,1,66,,966857,38,4,,1
11101,'12',543,,1076223,38,4,,1,72,,1016297,38,4,,1,21,,1186523,38,4,,1,16,,1186500,38,4,,1,56,,1186503,38,4,,1,16,,1186479,38,4,,1,15,,1186524,38,4,,1,15,,1186473,38,4,,1,58,,1186483,40,4,,1,18,,1186484,38,4,,1,17,,1186476,40,4,,1,55,,1186515,38,4,,1,15,,1186519,40,4,,1,13,,1186477,38,4,,1,12,,1186474,40,4,,1,11,,1186514,38,4,,1,54,,1186504,40,4,,1,15,,1186498,38,4,,1,15,,1186510,40,4,,1,15,,1186506,38,4,,1,55,,1186494,40,4,,1,15,,1186502,38,4,,1,15,,1186527,40,4,,1,15,,1186511,38,4,,1,55,,1186509,40,4,,1,15,,1186491,38,4,,1,15,,1186526,40,4,,1,15,,1186470,38,4,,1,55,,1080068,40,4,,1,18,,1186482,38,4,,1,16,,1186501,40,4,,1,15,,1186517,38,4,,1,55,,1186481,40,4,,1,15,,1186489,38,4,,1,19,,1063014,40,4,,1,55,,1186464,38,4,,1,15,,1186520,40,4,,1,3,,1186478,31,4,,1,12,,1094078,38,4,,1,77,,1186490,38,4,,1,13,,1186529,40,4,,1,15,,1186512,38,4,,1,16,,1186522,40,4,,1,55,,1186471,38,4,,1,15,,1186468,40,4,,1,15,,1186469,38,4,,1,15,,1186513,40,4,,1,70,,1186480,40,4,,1,12,,1186521,38,4,,1,14,,1186475,40,4,,1,55,,1186466,38,4,,1,15,,1186487,40,4,,1,10,,1024183,38,4,,1,13,,1186508,40,4,,1,15,,1186525,38,4,,1,55,,1186486,40,4,,1,15,,1186493,38,4,,1,10,,1186499,40,4,,1,15,,1186485,38,4,,1,55,,1186505,40,4,,1,15,,1186495,38,4,,1,15,,1186465,40,4,,1,15,,1186488,38,4,,1,9,,1186497,40,4,,1,60,,1186496,38,4,,1,29,,1186467,40,4,,1,89,,1186528,38,4,,1,70,,1186518,38,4,,1,38,,1186516,38,4,,1,66,,1186507,38,4,,1
11101,'13',817,,1186552,38,4,,1,30,,1186541,38,4,,1,70,,1186530,38,4,,1,33,,1072077,38,4,,1,70,,1186540,38,4,,1,30,,1186544,38,4,,1,70,,1186546,38,4,,1,32,,1186545,38,4,,1,70,,1186547,38,4,,1,30,,1186537,38,4,,1,70,,1186556,38,4,,1,30,,1186533,38,4,,1,70,,1186543,38,4,,1,30,,1027104,38,4,,1,70,,1186557,38,4,,1,31,,1186555,38,4,,1,70,,1186539,38,4,,1,30,,1186553,38,4,,1,70,,1186551,38,4,,1,30,,1186542,38,4,,1,70,,1186535,38,4,,1,28,,1186534,38,4,,1,70,,1186549,38,4,,1,30,,1186538,38,4,,1,70,,1186548,38,4,,1,29,,1186550,38,4,,1,70,,1186531,38,4,,1,30,,1101340,38,4,,1,70,,1186536,38,4,,1,30,,1186554,38,4,,1,100,,1186532,38,4,,1
11101,'14',543,,1186565,38,4,,1,72,,1186584,38,4,,1,21,,1186598,38,4,,1,16,,1186613,38,4,,1,56,,1186608,38,4,,1,16,,1186614,38,4,,1,15,,1186630,38,4,,1,15,,1186588,38,4,,1,58,,1186611,40,4,,1,18,,1186589,38,4,,1,17,,1186617,40,4,,1,55,,1186601,38,4,,1,15,,1186581,40,4,,1,13,,1186583,38,4,,1,12,,1186620,40,4,,1,11,,1186615,38,4,,1,54,,1186591,40,4,,1,15,,1186568,38,4,,1,15,,1186595,40,4,,1,15,,1186627,38,4,,1,55,,1186618,40,4,,1,15,,1186624,38,4,,1,15,,1186597,40,4,,1,15,,1186612,38,4,,1,55,,1186609,40,4,,1,15,,1186622,38,4,,1,15,,1186626,40,4,,1,15,,1186579,38,4,,1,55,,1186599,40,4,,1,18,,1186625,38,4,,1,16,,1186563,40,4,,1,15,,1186561,38,4,,1,55,,1186610,40,4,,1,15,,1186621,38,4,,1,19,,1186562,40,4,,1,55,,1186603,38,4,,1,15,,1186606,40,4,,1,3,,1186629,31,4,,1,12,,1186596,38,4,,1,77,,1186560,38,4,,1,13,,1186623,40,4,,1,15,,1186586,38,4,,1,16,,1186616,40,4,,1,55,,1186567,38,4,,1,15,,1186578,40,4,,1,15,,1186570,38,4,,1,15,,1186577,40,4,,1,70,,1186604,40,4,,1,12,,1186590,38,4,,1,14,,1186592,40,4,,1,55,,1186575,38,4,,1,15,,1186605,40,4,,1,10,,1186585,38,4,,1,13,,1186587,40,4,,1,15,,1186600,38,4,,1,55,,1186607,40,4,,1,15,,1186569,38,4,,1,10,,1186628,40,4,,1,15,,1186572,38,4,,1,55,,1186573,40,4,,1,15,,1186582,38,4,,1,15,,1186566,40,4,,1,15,,1186619,38,4,,1,9,,1186564,40,4,,1,60,,1186602,38,4,,1,29,,1186580,40,4,,1,89,,1186574,38,4,,1,70,,1186571,38,4,,1,38,,1186593,38,4,,1,66,,1186558,38,4,,1
11101,'15',543,,1186666,38,4,,1,72,,1186640,38,4,,1,21,,1186672,38,4,,1,16,,1186648,38,4,,1,56,,1186653,38,4,,1,16,,1186683,38,4,,1,15,,1186691,38,4,,1,15,,1186680,38,4,,1,58,,1186659,40,4,,1,18,,1186695,38,4,,1,17,,1186686,40,4,,1,55,,1186684,38,4,,1,15,,1186652,40,4,,1,13,,1186696,38,4,,1,12,,1186689,40,4,,1,11,,1186650,38,4,,1,54,,1186682,40,4,,1,15,,1186656,38,4,,1,15,,1186660,40,4,,1,15,,1186690,38,4,,1,55,,1186636,40,4,,1,15,,1186649,38,4,,1,15,,1186661,40,4,,1,15,,1186646,38,4,,1,55,,1186635,40,4,,1,15,,1186685,38,4,,1,15,,1186681,40,4,,1,15,,1186676,38,4,,1,55,,1186669,40,4,,1,18,,1186671,38,4,,1,16,,1186655,40,4,,1,15,,1186651,38,4,,1,55,,1186703,40,4,,1,15,,1186662,38,4,,1,19,,1186694,40,4,,1,55,,1186631,38,4,,1,15,,1186654,40,4,,1,3,,1186674,31,4,,1,12,,1186701,38,4,,1,77,,1186643,38,4,,1,13,,1186639,40,4,,1,15,,1186678,38,4,,1,16,,1186642,40,4,,1,55,,1186697,38,4,,1,15,,1186665,40,4,,1,15,,1186641,38,4,,1,15,,1186667,40,4,,1,70,,1186692,40,4,,1,12,,1186668,38,4,,1,14,,1186698,40,4,,1,55,,1186670,38,4,,1,15,,1186657,40,4,,1,10,,1186647,38,4,,1,13,,1186638,40,4,,1,15,,1186702,38,4,,1,55,,1186693,40,4,,1,15,,1186700,38,4,,1,10,,1186673,40,4,,1,15,,1186645,38,4,,1,55,,1186632,40,4,,1,15,,1186699,38,4,,1,15,,1186679,40,4,,1,15,,1186664,38,4,,1,9,,1186644,40,4,,1,60,,1186663,38,4,,1,29,,1186688,40,4,,1,89,,1186633,38,4,,1,70,,1186637,38,4,,1,38,,1186634,38,4,,1,66,,1186677,38,4,,1
11101,'16',543,,1186709,38,4,,1,72,,1186717,38,4,,1,21,,1084188,38,4,,1,16,,1186741,38,4,,1,56,,1186745,38,4,,1,16,,1186721,38,4,,1,15,,1186765,38,4,,1,15,,1186713,38,4,,1,58,,1186724,40,4,,1,18,,1186725,38,4,,1,17,,1186718,40,4,,1,55,,1186757,38,4,,1,15,,1186761,40,4,,1,13,,1186719,38,4,,1,12,,1186714,40,4,,1,11,,1186756,38,4,,1,54,,1186746,40,4,,1,15,,1186739,38,4,,1,15,,1186752,40,4,,1,15,,1186748,38,4,,1,55,,1186734,40,4,,1,15,,1186744,38,4,,1,15,,1061787,40,4,,1,15,,1186753,38,4,,1,55,,1186751,40,4,,1,15,,1186731,38,4,,1,15,,1186766,40,4,,1,15,,1090898,38,4,,1,55,,1186715,40,4,,1,18,,1186723,38,4,,1,16,,1186742,40,4,,1,15,,1186759,38,4,,1,55,,1026031,40,4,,1,15,,1186729,38,4,,1,19,,1186743,40,4,,1,55,,1186704,38,4,,1,15,,1186762,40,4,,1,3,,1186720,31,4,,1,12,,1186737,38,4,,1,77,,1186730,38,4,,1,13,,1075079,40,4,,1,15,,1186754,38,4,,1,16,,1186764,40,4,,1,55,,1072639,38,4,,1,15,,1186711,40,4,,1,15,,1186712,38,4,,1,15,,1186755,40,4,,1,70,,1186722,40,4,,1,12,,1186763,38,4,,1,14,,1186716,40,4,,1,55,,1186707,38,4,,1,15,,1186727,40,4,,1,10,,1186708,38,4,,1,13,,1186750,40,4,,1,15,,1052156,38,4,,1,55,,1099705,40,4,,1,15,,1186733,38,4,,1,10,,1186740,40,4,,1,15,,1186726,38,4,,1,55,,1186747,40,4,,1,15,,1186735,38,4,,1,15,,1186705,40,4,,1,15,,1186728,38,4,,1,9,,1186738,40,4,,1,60,,1186736,38,4,,1,29,,1186710,40,4,,1,89,,1186767,38,4,,1,70,,1186760,38,4,,1,38,,1186758,38,4,,1,66,,1186749,38,4,,1
11101,'17',817,,1186791,38,4,,1,30,,1186780,38,4,,1,70,,1186768,38,4,,1,33,,1186792,38,4,,1,70,,1186779,38,4,,1,30,,1186783,38,4,,1,70,,1186785,38,4,,1,32,,1186784,38,4,,1,70,,1186786,38,4,,1,30,,1186776,38,4,,1,70,,1186797,38,4,,1,30,,1186772,38,4,,1,70,,1186782,38,4,,1,30,,1186769,38,4,,1,70,,1186798,38,4,,1,31,,1186795,38,4,,1,70,,1186778,38,4,,1,30,,1186793,38,4,,1,70,,1186790,38,4,,1,30,,1186781,38,4,,1,70,,1186774,38,4,,1,28,,1186773,38,4,,1,70,,1186788,38,4,,1,30,,1186777,38,4,,1,70,,1186787,38,4,,1,29,,1186789,38,4,,1,70,,1186770,38,4,,1,30,,1186796,38,4,,1,70,,1186775,38,4,,1,30,,1186794,38,4,,1,100,,1186771,38,4,,1
11101,'2',558,,1186821,38,4,,1,70,,1065023,38,4,,1,30,,1186812,38,4,,1,70,,1186828,38,4,,1,30,,1090364,38,4,,1,70,,1186805,38,4,,1,30,,1186817,38,4,,1,73,,1186826,38,4,,1,70,,1186825,38,4,,1,30,,1186806,38,4,,1,70,,1186814,38,4,,1,32,,1186802,38,4,,1,70,,1186816,38,4,,1,30,,1186804,38,4,,1,70,,1186799,38,4,,1,30,,1186822,38,4,,1,70,,1186809,38,4,,1,30,,1186819,38,4,,1,70,,1186807,38,4,,1,31,,1186801,38,4,,1,70,,1186811,38,4,,1,30,,1186827,38,4,,1,70,,1076113,38,4,,1,30,,1186824,38,4,,1,70,,1186810,38,4,,1,28,,1186813,38,4,,1,70,,1186829,38,4,,1,32,,1186830,38,4,,1,70,,1186808,38,4,,1,29,,1186818,38,4,,1,70,,1186820,38,4,,1,30,,1186803,38,4,,1,70,,1001760,38,4,,1,30,,1074657,38,4,,1,70,,1186823,38,4,,1,30,,1186815,38,4,,1,90,,1186800,38,4,,1
11101,'3',817,,1186854,38,4,,1,30,,1186843,38,4,,1,70,,1186831,38,4,,1,33,,1186855,38,4,,1,70,,1186842,38,4,,1,30,,1186846,38,4,,1,70,,1186848,38,4,,1,32,,1186847,38,4,,1,70,,1186849,38,4,,1,30,,1186839,38,4,,1,70,,1186860,38,4,,1,30,,1186835,38,4,,1,70,,1186845,38,4,,1,30,,1186832,38,4,,1,70,,1186861,38,4,,1,31,,1186858,38,4,,1,70,,1186841,38,4,,1,30,,1186856,38,4,,1,70,,1186853,38,4,,1,30,,1186844,38,4,,1,70,,1186837,38,4,,1,28,,1186836,38,4,,1,70,,1186851,38,4,,1,30,,1186840,38,4,,1,70,,1186850,38,4,,1,29,,1186852,38,4,,1,70,,1186833,38,4,,1,30,,1186859,38,4,,1,70,,1186838,38,4,,1,30,,1186857,38,4,,1,100,,1186834,38,4,,1
11101,'4',817,,1186868,38,4,,1,30,,1186890,38,4,,1,70,,1186881,38,4,,1,33,,1186864,38,4,,1,70,,1095114,38,4,,1,30,,1186885,38,4,,1,70,,1186879,38,4,,1,32,,1186877,38,4,,1,70,,1186870,38,4,,1,30,,1186871,38,4,,1,70,,1186872,38,4,,1,30,,1186862,38,4,,1,70,,1186888,38,4,,1,30,,1186889,38,4,,1,70,,1090419,38,4,,1,31,,1186875,38,4,,1,70,,1186874,38,4,,1,30,,1186882,38,4,,1,70,,1186866,38,4,,1,30,,1186865,38,4,,1,70,,1186863,38,4,,1,28,,1186880,38,4,,1,70,,1186886,38,4,,1,30,,1186869,38,4,,1,70,,1186876,38,4,,1,29,,1186878,38,4,,1,70,,1186873,38,4,,1,30,,1186883,38,4,,1,70,,1186887,38,4,,1,30,,1186867,38,4,,1,100,,1186884,38,4,,1
11101,'5',543,,1014719,38,4,,1,72,,1186910,38,4,,1,21,,1186923,38,4,,1,16,,1186937,38,4,,1,56,,1186932,38,4,,1,16,,1186938,38,4,,1,15,,1186950,38,4,,1,15,,1186914,38,4,,1,58,,1186935,40,4,,1,18,,1078665,38,4,,1,17,,1186941,40,4,,1,55,,1186926,38,4,,1,15,,1075905,40,4,,1,13,,1186909,38,4,,1,12,,1186944,40,4,,1,11,,1186939,38,4,,1,54,,1186916,40,4,,1,15,,1011515,38,4,,1,15,,1186920,40,4,,1,15,,1186949,38,4,,1,55,,1186942,40,4,,1,15,,1186947,38,4,,1,15,,1186922,40,4,,1,15,,1186936,38,4,,1,55,,1186933,40,4,,1,15,,1186946,38,4,,1,15,,1186948,40,4,,1,15,,1186906,38,4,,1,55,,1186924,40,4,,1,18,,1027374,38,4,,1,16,,1186894,40,4,,1,15,,1186893,38,4,,1,55,,1186934,40,4,,1,15,,1186945,38,4,,1,19,,1097789,40,4,,1,55,,1186928,38,4,,1,15,,1186930,40,4,,1,3,,1085019,31,4,,1,12,,1186921,38,4,,1,77,,1186892,38,4,,1,13,,1007809,40,4,,1,15,,1186912,38,4,,1,16,,1186940,40,4,,1,55,,1186896,38,4,,1,15,,1186905,40,4,,1,15,,1186897,38,4,,1,15,,1186904,40,4,,1,70,,1186929,40,4,,1,12,,1186915,38,4,,1,14,,1186917,40,4,,1,55,,1186902,38,4,,1,15,,1012872,40,4,,1,10,,1186911,38,4,,1,13,,1186913,40,4,,1,15,,1186925,38,4,,1,55,,1186931,40,4,,1,15,,1067982,38,4,,1,10,,1100019,40,4,,1,15,,1186899,38,4,,1,55,,1186900,40,4,,1,15,,1186908,38,4,,1,15,,1035599,40,4,,1,15,,1186943,38,4,,1,9,,1186895,40,4,,1,60,,1186927,38,4,,1,29,,1186907,40,4,,1,89,,1186901,38,4,,1,70,,1186898,38,4,,1,38,,1186918,38,4,,1,66,,967016,38,4,,1
11101,'6',543,,1186955,38,4,,1,72,,1186961,38,4,,1,21,,1187010,38,4,,1,16,,1186987,38,4,,1,56,,1186991,38,4,,1,16,,1186965,38,4,,1,15,,946034,38,4,,1,15,,1089299,38,4,,1,58,,1186969,40,4,,1,18,,1186970,38,4,,1,17,,1186962,40,4,,1,55,,1187002,38,4,,1,15,,1187006,40,4,,1,13,,1186963,38,4,,1,12,,1186959,40,4,,1,11,,1187001,38,4,,1,54,,1186992,40,4,,1,15,,1186985,38,4,,1,15,,1186998,40,4,,1,15,,1186994,38,4,,1,55,,1186980,40,4,,1,15,,1186990,38,4,,1,15,,1187012,40,4,,1,15,,1085294,38,4,,1,55,,1186997,40,4,,1,15,,1186977,38,4,,1,15,,1084554,40,4,,1,15,,1186956,38,4,,1,55,,1186960,40,4,,1,18,,1186968,38,4,,1,16,,1186988,40,4,,1,15,,1187004,38,4,,1,55,,1186967,40,4,,1,15,,1186975,38,4,,1,19,,1186989,40,4,,1,55,,1186951,38,4,,1,15,,1187007,40,4,,1,3,,1186964,31,4,,1,12,,1186983,38,4,,1,77,,1186976,38,4,,1,13,,1187013,40,4,,1,15,,1186999,38,4,,1,16,,1187009,40,4,,1,55,,1186957,38,4,,1,15,,911823,40,4,,1,15,,1079650,38,4,,1,15,,1187000,40,4,,1,70,,1186966,40,4,,1,12,,1187008,38,4,,1,14,,1034047,40,4,,1,55,,1101231,38,4,,1,15,,1186973,40,4,,1,10,,1186954,38,4,,1,13,,1186996,40,4,,1,15,,1187011,38,4,,1,55,,1186972,40,4,,1,15,,1186979,38,4,,1,10,,1186986,40,4,,1,15,,1186971,38,4,,1,55,,1186993,40,4,,1,15,,1186981,38,4,,1,15,,1186952,40,4,,1,15,,1186974,38,4,,1,9,,1186984,40,4,,1,60,,1186982,38,4,,1,29,,1098203,40,4,,1,89,,1009646,38,4,,1,70,,1187005,38,4,,1,38,,1187003,38,4,,1,66,,1186995,38,4,,1
11101,'7',558,,1187036,38,4,,1,70,,1187041,38,4,,1,30,,1187046,38,4,,1,70,,1187022,38,4,,1,30,,1187027,38,4,,1,70,,1187039,38,4,,1,30,,1187023,38,4,,1,73,,1187025,38,4,,1,70,,1187018,38,4,,1,30,,1187033,38,4,,1,70,,1187024,38,4,,1,32,,1187032,38,4,,1,70,,1187026,38,4,,1,30,,1187016,38,4,,1,70,,1187043,38,4,,1,30,,1187044,38,4,,1,70,,1187047,38,4,,1,30,,1187038,38,4,,1,70,,1187037,38,4,,1,31,,1187034,38,4,,1,70,,1187042,38,4,,1,30,,1187014,38,4,,1,70,,1187040,38,4,,1,30,,1187045,38,4,,1,70,,1187048,38,4,,1,28,,1187021,38,4,,1,70,,1187028,38,4,,1,32,,1187031,38,4,,1,70,,1187035,38,4,,1,29,,1187049,38,4,,1,70,,1187030,38,4,,1,30,,1187019,38,4,,1,70,,1187029,38,4,,1,30,,1187050,38,4,,1,70,,1187020,38,4,,1,30,,1187017,38,4,,1,90,,1187015,38,4,,1
11101,'8',543,,1187056,38,4,,1,72,,1187067,38,4,,1,21,,1187117,38,4,,1,16,,1187093,38,4,,1,56,,1187097,38,4,,1,16,,1187071,38,4,,1,15,,1187118,38,4,,1,15,,1187063,38,4,,1,58,,1187075,40,4,,1,18,,1187076,38,4,,1,17,,1187068,40,4,,1,55,,1187109,38,4,,1,15,,1187113,40,4,,1,13,,1187069,38,4,,1,12,,1187064,40,4,,1,11,,1187108,38,4,,1,54,,1187098,40,4,,1,15,,1187091,38,4,,1,15,,1187104,40,4,,1,15,,1187100,38,4,,1,55,,1187086,40,4,,1,15,,1187096,38,4,,1,15,,1187121,40,4,,1,15,,1187105,38,4,,1,55,,1187103,40,4,,1,15,,1187083,38,4,,1,15,,1187120,40,4,,1,15,,1187060,38,4,,1,55,,1187065,40,4,,1,18,,1187074,38,4,,1,16,,1187094,40,4,,1,15,,1187111,38,4,,1,55,,1187073,40,4,,1,15,,1187081,38,4,,1,19,,1187095,40,4,,1,55,,1187051,38,4,,1,15,,1187114,40,4,,1,3,,1187070,31,4,,1,12,,1187089,38,4,,1,77,,1187082,38,4,,1,13,,1187123,40,4,,1,15,,1187106,38,4,,1,16,,1187116,40,4,,1,55,,1187061,38,4,,1,15,,1187058,40,4,,1,15,,1187059,38,4,,1,15,,1187107,40,4,,1,70,,1187072,40,4,,1,12,,1187115,38,4,,1,14,,1187066,40,4,,1,55,,1187054,38,4,,1,15,,1187079,40,4,,1,10,,1187055,38,4,,1,13,,1187102,40,4,,1,15,,1187119,38,4,,1,55,,1187078,40,4,,1,15,,1187085,38,4,,1,10,,1187092,40,4,,1,15,,1187077,38,4,,1,55,,1187099,40,4,,1,15,,1187087,38,4,,1,15,,1187052,40,4,,1,15,,1187080,38,4,,1,9,,1187090,40,4,,1,60,,1187088,38,4,,1,29,,1187057,40,4,,1,89,,1187122,38,4,,1,70,,1187112,38,4,,1,38,,1187110,38,4,,1,66,,1187101,38,4,,1
11101,'9',543,,1015154,38,4,,1,72,,1187143,38,4,,1,21,,1187156,38,4,,1,16,,1187170,38,4,,1,56,,1187165,38,4,,1,16,,1187171,38,4,,1,15,,1187183,38,4,,1,15,,1187147,38,4,,1,58,,1187168,40,4,,1,18,,1078530,38,4,,1,17,,1187174,40,4,,1,55,,1187159,38,4,,1,15,,1075786,40,4,,1,13,,1187142,38,4,,1,12,,1187177,40,4,,1,11,,1187172,38,4,,1,54,,1187149,40,4,,1,15,,1011687,38,4,,1,15,,1187153,40,4,,1,15,,1187182,38,4,,1,55,,1187175,40,4,,1,15,,1187180,38,4,,1,15,,1187155,40,4,,1,15,,1187169,38,4,,1,55,,1187166,40,4,,1,15,,1187179,38,4,,1,15,,1187181,40,4,,1,15,,1187139,38,4,,1,55,,1187157,40,4,,1,18,,1027541,38,4,,1,16,,1187127,40,4,,1,15,,1187126,38,4,,1,55,,1187167,40,4,,1,15,,1187178,38,4,,1,19,,1097678,40,4,,1,55,,1187161,38,4,,1,15,,1187163,40,4,,1,3,,1084952,31,4,,1,12,,1187154,38,4,,1,77,,1187125,38,4,,1,13,,1008048,40,4,,1,15,,1187145,38,4,,1,16,,1187173,40,4,,1,55,,1187129,38,4,,1,15,,1187138,40,4,,1,15,,1187130,38,4,,1,15,,1187137,40,4,,1,70,,1187162,40,4,,1,12,,1187148,38,4,,1,14,,1187150,40,4,,1,55,,1187135,38,4,,1,15,,1013062,40,4,,1,10,,1187144,38,4,,1,13,,1187146,40,4,,1,15,,1187158,38,4,,1,55,,1187164,40,4,,1,15,,1067871,38,4,,1,10,,1099949,40,4,,1,15,,1187132,38,4,,1,55,,1187133,40,4,,1,15,,1187141,38,4,,1,15,,1036069,40,4,,1,15,,1187176,38,4,,1,9,,1187128,40,4,,1,60,,1187160,38,4,,1,29,,1187140,40,4,,1,89,,1187134,38,4,,1,70,,1187131,38,4,,1,38,,1187151,38,4,,1,66,,966978,38,4,,1
11200,'1',453,,1187212,1,,,1,100,,1187194,1,,,1,70,,1187215,1,,,1,30,,1187208,1,,,1,70,,1187203,1,,,1,30,,1187213,1,,,1,72,,1046877,1,,,1,28,,1187202,1,,,1,70,,1187207,1,,,1,30,,1187185,1,,,1,70,,1187201,1,,,1,30,,1187186,1,,,1,70,,1187209,1,,,1,30,,1187204,1,,,1,70,,1187214,1,,,1,30,,1187200,1,,,1,70,,1187192,1,,,1,30,,1187193,1,,,1,70,,1187206,1,,,1,30,,1187198,1,,,1,72,,1187199,1,,,1,28,,1187188,1,,,1,70,,1187195,1,,,1,30,,1187211,1,,,1,70,,1065141,1,,,1,30,,1187197,1,,,1,70,,1187210,1,,,1,30,,1187190,1,,,1,70,,1187184,1,,,1,30,,1187187,1,,,1,70,,1187191,1,,,1,30,,1187196,1,,,1,70,,1080730,1,,,1,30,,1187205,1,,,1,100,,1187189,1,,,1
11200,'10',453,,1187244,1,,,1,100,,1187226,1,,,1,70,,1187247,1,,,1,30,,1187240,1,,,1,70,,1187235,1,,,1,30,,1187245,1,,,1,72,,1046893,1,,,1,28,,1187234,1,,,1,70,,1187239,1,,,1,30,,1187217,1,,,1,70,,1187233,1,,,1,30,,1187218,1,,,1,70,,1187241,1,,,1,30,,1187236,1,,,1,70,,1187246,1,,,1,30,,1187232,1,,,1,70,,1187224,1,,,1,30,,1187225,1,,,1,70,,1187238,1,,,1,30,,1187230,1,,,1,72,,1187231,1,,,1,28,,1187220,1,,,1,70,,1187227,1,,,1,30,,1187243,1,,,1,70,,1064991,1,,,1,30,,1187229,1,,,1,70,,1187242,1,,,1,30,,1187222,1,,,1,70,,1187216,1,,,1,30,,1187219,1,,,1,70,,1187223,1,,,1,30,,1187228,1,,,1,70,,1080557,1,,,1,30,,1187237,1,,,1,100,,1187221,1,,,1
11200,'11',453,,1187276,1,,,1,100,,1187258,1,,,1,70,,1187279,1,,,1,30,,1187272,1,,,1,70,,1187267,1,,,1,30,,1187277,1,,,1,72,,1046872,1,,,1,28,,1187266,1,,,1,70,,1187271,1,,,1,30,,1187249,1,,,1,70,,1187265,1,,,1,30,,1187250,1,,,1,70,,1187273,1,,,1,30,,1187268,1,,,1,70,,1187278,1,,,1,30,,1187264,1,,,1,70,,1187256,1,,,1,30,,1187257,1,,,1,70,,1187270,1,,,1,30,,1187262,1,,,1,72,,1187263,1,,,1,28,,1187252,1,,,1,70,,1187259,1,,,1,30,,1187275,1,,,1,70,,1065180,1,,,1,30,,1187261,1,,,1,70,,1187274,1,,,1,30,,1187254,1,,,1,70,,1187248,1,,,1,30,,1187251,1,,,1,70,,1187255,1,,,1,30,,1187260,1,,,1,70,,1080787,1,,,1,30,,1187269,1,,,1,100,,1187253,1,,,1
11200,'12',453,,1187290,1,,,1,100,,1064393,1,,,1,70,,1187301,1,,,1,30,,1187293,1,,,1,70,,1187309,1,,,1,30,,1187298,1,,,1,72,,1187280,1,,,1,28,,1187285,1,,,1,70,,1187308,1,,,1,30,,1187299,1,,,1,70,,1187286,1,,,1,30,,1187289,1,,,1,70,,1187294,1,,,1,30,,1187296,1,,,1,70,,1187287,1,,,1,30,,1187292,1,,,1,70,,1187291,1,,,1,30,,1187284,1,,,1,70,,1187304,1,,,1,30,,1187282,1,,,1,72,,1187305,1,,,1,28,,1187297,1,,,1,70,,1187281,1,,,1,30,,1187311,1,,,1,70,,1187303,1,,,1,30,,1187307,1,,,1,70,,1187300,1,,,1,30,,1187306,1,,,1,70,,1187310,1,,,1,30,,1187283,1,,,1,70,,1187288,1,,,1,30,,1187295,1,,,1,70,,1187312,1,,,1,30,,1187302,1,,,1,100,,1095132,1,,,1
11200,'13',655,,1187334,1,,,1,100,,1187333,1,,,1,100,,1187320,1,,,1,70,,1187316,1,,,1,30,,1187325,1,,,1,70,,1187338,1,,,1,30,,1187313,1,,,1,70,,1187331,1,,,1,30,,1187318,1,,,1,70,,1187324,1,,,1,30,,1187336,1,,,1,70,,1187329,1,,,1,30,,1187327,1,,,1,70,,1187337,1,,,1,30,,1187315,1,,,1,70,,1187326,1,,,1,30,,1187319,1,,,1,70,,1187322,1,,,1,30,,1187339,1,,,1,70,,1187330,1,,,1,30,,1092090,1,,,1,70,,1187317,1,,,1,30,,1187340,1,,,1,70,,1187332,1,,,1,30,,1187335,1,,,1,70,,1187328,1,,,1,30,,1187321,1,,,1,70,,1080400,1,,,1,100,,1187314,1,,,1,30,,1187323,1,,,1
11200,'14',453,,1187372,1,,,1,100,,1187354,1,,,1,70,,1187375,1,,,1,30,,1187368,1,,,1,70,,1187363,1,,,1,30,,1187373,1,,,1,72,,1187342,1,,,1,28,,1187362,1,,,1,70,,1187367,1,,,1,30,,1187345,1,,,1,70,,1187361,1,,,1,30,,1187346,1,,,1,70,,1187369,1,,,1,30,,1187364,1,,,1,70,,1187374,1,,,1,30,,1187360,1,,,1,70,,1187352,1,,,1,30,,1187353,1,,,1,70,,1187366,1,,,1,30,,1187358,1,,,1,72,,1187359,1,,,1,28,,1187348,1,,,1,70,,1187355,1,,,1,30,,1187371,1,,,1,70,,1187343,1,,,1,30,,1187357,1,,,1,70,,1187370,1,,,1,30,,1187350,1,,,1,70,,1187344,1,,,1,30,,1187347,1,,,1,70,,1187351,1,,,1,30,,1187356,1,,,1,70,,1187341,1,,,1,30,,1187365,1,,,1,100,,1187349,1,,,1
11200,'15',453,,1187384,1,,,1,100,,1187383,1,,,1,70,,1187407,1,,,1,30,,1187401,1,,,1,70,,1187388,1,,,1,30,,1187389,1,,,1,72,,1187405,1,,,1,28,,1187379,1,,,1,70,,1187385,1,,,1,30,,1187403,1,,,1,70,,1187380,1,,,1,30,,1187400,1,,,1,70,,1187408,1,,,1,30,,1187392,1,,,1,70,,1187391,1,,,1,30,,1187397,1,,,1,70,,1187406,1,,,1,30,,1187404,1,,,1,70,,1187378,1,,,1,30,,1187409,1,,,1,72,,1187393,1,,,1,28,,1187398,1,,,1,70,,1187381,1,,,1,30,,1187410,1,,,1,70,,1187377,1,,,1,30,,1187394,1,,,1,70,,1187387,1,,,1,30,,1187386,1,,,1,70,,1187399,1,,,1,30,,1187396,1,,,1,70,,1187395,1,,,1,30,,1187402,1,,,1,70,,1187376,1,,,1,30,,1187382,1,,,1,100,,1187390,1,,,1
11200,'16',453,,1187419,1,,,1,100,,1187443,1,,,1,70,,1187430,1,,,1,30,,1187422,1,,,1,70,,1187439,1,,,1,30,,1187427,1,,,1,72,,1029219,1,,,1,28,,1187414,1,,,1,70,,1187438,1,,,1,30,,1187428,1,,,1,70,,1187415,1,,,1,30,,1187418,1,,,1,70,,1187423,1,,,1,30,,1187425,1,,,1,70,,1187416,1,,,1,30,,1187421,1,,,1,70,,1187420,1,,,1,30,,1088190,1,,,1,70,,1187433,1,,,1,30,,1187412,1,,,1,72,,1187434,1,,,1,28,,1187426,1,,,1,70,,1187411,1,,,1,30,,1187441,1,,,1,70,,1187432,1,,,1,30,,1187437,1,,,1,70,,1187429,1,,,1,30,,1187436,1,,,1,70,,1187440,1,,,1,30,,1187413,1,,,1,70,,1187417,1,,,1,30,,1187424,1,,,1,70,,1187442,1,,,1,30,,1187431,1,,,1,100,,1187435,1,,,1
11200,'17',655,,1187467,1,,,1,100,,1187466,1,,,1,100,,1187453,1,,,1,70,,1187449,1,,,1,30,,1187458,1,,,1,70,,1187471,1,,,1,30,,1187445,1,,,1,70,,1187464,1,,,1,30,,1187451,1,,,1,70,,1187457,1,,,1,30,,1187469,1,,,1,70,,1187462,1,,,1,30,,1187460,1,,,1,70,,1187470,1,,,1,30,,1187448,1,,,1,70,,1187459,1,,,1,30,,1187452,1,,,1,70,,1187455,1,,,1,30,,1187472,1,,,1,70,,1187463,1,,,1,30,,1187446,1,,,1,70,,1187450,1,,,1,30,,1187473,1,,,1,70,,1187465,1,,,1,30,,1187468,1,,,1,70,,1187461,1,,,1,30,,1187454,1,,,1,70,,1187444,1,,,1,100,,1187447,1,,,1,30,,1187456,1,,,1
11200,'2',606,,1187484,1,,,1,100,,1187492,1,,,1,100,,1187501,1,,,1,30,,1187488,1,,,1,70,,1187500,1,,,1,30,,1080357,1,,,1,70,,1187489,1,,,1,30,,1187498,1,,,1,70,,1187477,1,,,1,30,,1187481,1,,,1,70,,1187503,1,,,1,30,,1187497,1,,,1,70,,1187476,1,,,1,30,,1187483,1,,,1,70,,1187482,1,,,1,30,,1187499,1,,,1,70,,1099611,1,,,1,30,,1187494,1,,,1,70,,1187491,1,,,1,30,,1187487,1,,,1,70,,1187475,1,,,1,30,,1187485,1,,,1,70,,1187502,1,,,1,30,,1187493,1,,,1,70,,1187480,1,,,1,30,,1187474,1,,,1,70,,1187490,1,,,1,30,,1187478,1,,,1,70,,1187495,1,,,1,30,,1187486,1,,,1,70,,1187479,1,,,1,100,,1187496,1,,,1,100,,1072497,1,,,1
11200,'3',655,,1187527,1,,,1,100,,1187526,1,,,1,100,,1187513,1,,,1,70,,1187509,1,,,1,30,,1187518,1,,,1,70,,1187531,1,,,1,30,,1187505,1,,,1,70,,1187524,1,,,1,30,,1187511,1,,,1,70,,1187517,1,,,1,30,,1187529,1,,,1,70,,1187522,1,,,1,30,,1187520,1,,,1,70,,1187530,1,,,1,30,,1187508,1,,,1,70,,1187519,1,,,1,30,,1187512,1,,,1,70,,1187515,1,,,1,30,,1187532,1,,,1,70,,1187523,1,,,1,30,,1187506,1,,,1,70,,1187510,1,,,1,30,,1187533,1,,,1,70,,1187525,1,,,1,30,,1187528,1,,,1,70,,1187521,1,,,1,30,,1187514,1,,,1,70,,1187504,1,,,1,100,,1187507,1,,,1,30,,1187516,1,,,1
11200,'4',655,,1187546,1,,,1,100,,1187547,1,,,1,100,,1187558,1,,,1,70,,1060200,1,,,1,30,,1187538,1,,,1,70,,1187550,1,,,1,30,,1187537,1,,,1,70,,1187549,1,,,1,30,,1187544,1,,,1,70,,1187553,1,,,1,30,,1187548,1,,,1,70,,1187542,1,,,1,30,,1187554,1,,,1,70,,1187543,1,,,1,30,,1096362,1,,,1,70,,1187534,1,,,1,30,,1187556,1,,,1,70,,1187539,1,,,1,30,,1187552,1,,,1,70,,1187545,1,,,1,30,,1187555,1,,,1,70,,1187541,1,,,1,30,,1187540,1,,,1,70,,1187559,1,,,1,30,,1187535,1,,,1,70,,1187536,1,,,1,30,,1187560,1,,,1,70,,1081287,1,,,1,100,,1187551,1,,,1,30,,1187557,1,,,1
11200,'5',453,,1187589,1,,,1,100,,1187571,1,,,1,70,,1187592,1,,,1,30,,1187585,1,,,1,70,,1187580,1,,,1,30,,1187590,1,,,1,72,,1046859,1,,,1,28,,1187579,1,,,1,70,,1187584,1,,,1,30,,1187562,1,,,1,70,,1187578,1,,,1,30,,1187563,1,,,1,70,,1187586,1,,,1,30,,1187581,1,,,1,70,,1187591,1,,,1,30,,1187577,1,,,1,70,,1187569,1,,,1,30,,1187570,1,,,1,70,,1187583,1,,,1,30,,1187575,1,,,1,72,,1187576,1,,,1,28,,1187565,1,,,1,70,,1187572,1,,,1,30,,1187588,1,,,1,70,,1065119,1,,,1,30,,1187574,1,,,1,70,,1187587,1,,,1,30,,1187567,1,,,1,70,,1187561,1,,,1,30,,1187564,1,,,1,70,,1187568,1,,,1,30,,1187573,1,,,1,70,,1080700,1,,,1,30,,1187582,1,,,1,100,,1187566,1,,,1
11200,'6',453,,1187601,1,,,1,100,,1187624,1,,,1,70,,1187612,1,,,1,30,,1187604,1,,,1,70,,1187621,1,,,1,30,,1187609,1,,,1,72,,1187593,1,,,1,28,,1187596,1,,,1,70,,1187620,1,,,1,30,,1187610,1,,,1,70,,1187597,1,,,1,30,,1187600,1,,,1,70,,1187605,1,,,1,30,,1187607,1,,,1,70,,1187598,1,,,1,30,,1187603,1,,,1,70,,1187602,1,,,1,30,,1187595,1,,,1,70,,1187615,1,,,1,30,,1046492,1,,,1,72,,1187616,1,,,1,28,,1187608,1,,,1,70,,1062233,1,,,1,30,,1187623,1,,,1,70,,1187614,1,,,1,30,,1187619,1,,,1,70,,1187611,1,,,1,30,,1187618,1,,,1,70,,1187622,1,,,1,30,,1187594,1,,,1,70,,1187599,1,,,1,30,,1187606,1,,,1,70,,1082317,1,,,1,30,,1187613,1,,,1,100,,1187617,1,,,1
11200,'7',606,,1187650,1,,,1,100,,1187639,1,,,1,100,,1187640,1,,,1,30,,1187649,1,,,1,70,,1187634,1,,,1,30,,1187655,1,,,1,70,,1187629,1,,,1,30,,1187626,1,,,1,70,,1187638,1,,,1,30,,1187633,1,,,1,70,,1187636,1,,,1,30,,1187627,1,,,1,70,,1187652,1,,,1,30,,1187632,1,,,1,70,,1187637,1,,,1,30,,1187654,1,,,1,70,,1187648,1,,,1,30,,1187641,1,,,1,70,,1187642,1,,,1,30,,1187643,1,,,1,70,,1187635,1,,,1,30,,1187645,1,,,1,70,,1187646,1,,,1,30,,1187647,1,,,1,70,,1187653,1,,,1,30,,1187631,1,,,1,70,,1187656,1,,,1,30,,1187625,1,,,1,70,,1187651,1,,,1,30,,1187628,1,,,1,70,,1187644,1,,,1,100,,1187657,1,,,1,100,,1187630,1,,,1
11200,'8',453,,1187668,1,,,1,100,,1187692,1,,,1,70,,1187679,1,,,1,30,,1187671,1,,,1,70,,1187688,1,,,1,30,,1187676,1,,,1,72,,1187658,1,,,1,28,,1187663,1,,,1,70,,1187687,1,,,1,30,,1187677,1,,,1,70,,1187664,1,,,1,30,,1187667,1,,,1,70,,1187672,1,,,1,30,,1187674,1,,,1,70,,1187665,1,,,1,30,,1187670,1,,,1,70,,1187669,1,,,1,30,,1187662,1,,,1,70,,1187682,1,,,1,30,,1187660,1,,,1,72,,1187683,1,,,1,28,,1187675,1,,,1,70,,1187659,1,,,1,30,,1187690,1,,,1,70,,1187681,1,,,1,30,,1187686,1,,,1,70,,1187678,1,,,1,30,,1187685,1,,,1,70,,1187689,1,,,1,30,,1187661,1,,,1,70,,1187666,1,,,1,30,,1187673,1,,,1,70,,1187691,1,,,1,30,,1187680,1,,,1,100,,1187684,1,,,1
11200,'9',453,,1187721,1,,,1,100,,1187703,1,,,1,70,,1187724,1,,,1,30,,1187717,1,,,1,70,,1187712,1,,,1,30,,1187722,1,,,1,72,,1046882,1,,,1,28,,1187711,1,,,1,70,,1187716,1,,,1,30,,1187694,1,,,1,70,,1187710,1,,,1,30,,1187695,1,,,1,70,,1187718,1,,,1,30,,1187713,1,,,1,70,,1187723,1,,,1,30,,1187709,1,,,1,70,,1187701,1,,,1,30,,1187702,1,,,1,70,,1187715,1,,,1,30,,1187707,1,,,1,72,,1187708,1,,,1,28,,1187697,1,,,1,70,,1187704,1,,,1,30,,1187720,1,,,1,70,,1065040,1,,,1,30,,1187706,1,,,1,70,,1187719,1,,,1,30,,1187699,1,,,1,70,,1187693,1,,,1,30,,1187696,1,,,1,70,,1187700,1,,,1,30,,1187705,1,,,1,70,,1080611,1,,,1,30,,1187714,1,,,1,100,,1187698,1,,,1
11201,'1',602,,1187748,42,4,,1,30,,1187733,42,4,,1,72,,979075,42,4,,1,30,,1187744,42,4,,1,76,,1187747,42,4,,1,30,,1187740,42,4,,1,67,,1187734,42,4,,1,30,,1187745,42,4,,1,70,,1071699,42,4,,1,30,,1187743,42,4,,1,70,,1089196,42,4,,1,30,,1187735,42,4,,1,70,,1187738,42,4,,1,32,,1187729,42,4,,1,69,,1187731,42,4,,1,29,,1187737,42,4,,1,70,,1187739,42,4,,1,33,,1187727,42,4,,1,71,,1035994,42,4,,1,30,,1187728,42,4,,1,70,,1041011,42,4,,1,32,,1187726,42,4,,1,70,,1187742,42,4,,1,30,,1187750,42,4,,1,70,,1187732,42,4,,1,27,,1187752,42,4,,1,70,,1187730,42,4,,1,27,,1187749,42,4,,1,70,,1187746,42,4,,1,24,,1187725,42,4,,1,70,,1039389,42,4,,1,30,,1187751,42,4,,1,27,,1187741,42,4,,1,68,,1057230,42,4,,1,30,,1187736,42,4,,1,100,,996026,42,4,,1
11201,'10',602,,1187776,42,4,,1,30,,1187761,42,4,,1,72,,978733,42,4,,1,30,,1187772,42,4,,1,76,,1187775,42,4,,1,30,,1187768,42,4,,1,67,,1187762,42,4,,1,30,,1187773,42,4,,1,70,,1071550,42,4,,1,30,,1187771,42,4,,1,70,,1089001,42,4,,1,30,,1187763,42,4,,1,70,,1187766,42,4,,1,32,,1187757,42,4,,1,69,,1187759,42,4,,1,29,,1187765,42,4,,1,70,,1187767,42,4,,1,33,,1187755,42,4,,1,71,,1036212,42,4,,1,30,,1187756,42,4,,1,70,,1041158,42,4,,1,32,,1187754,42,4,,1,70,,1187770,42,4,,1,30,,1187778,42,4,,1,70,,1187760,42,4,,1,27,,1187780,42,4,,1,70,,1187758,42,4,,1,27,,1187777,42,4,,1,70,,1187774,42,4,,1,24,,1187753,42,4,,1,70,,1039473,42,4,,1,30,,1187779,42,4,,1,27,,1187769,42,4,,1,68,,1057248,42,4,,1,30,,1187764,42,4,,1,100,,996203,42,4,,1
11201,'11',602,,1187804,42,4,,1,30,,1187789,42,4,,1,72,,979018,42,4,,1,30,,1187800,42,4,,1,76,,1187803,42,4,,1,30,,1187796,42,4,,1,67,,1187790,42,4,,1,30,,1187801,42,4,,1,70,,1071741,42,4,,1,30,,1187799,42,4,,1,70,,1089251,42,4,,1,30,,1187791,42,4,,1,70,,1187794,42,4,,1,32,,1187785,42,4,,1,69,,1187787,42,4,,1,29,,1187793,42,4,,1,70,,1187795,42,4,,1,33,,1187783,42,4,,1,71,,1035931,42,4,,1,30,,1187784,42,4,,1,70,,1040972,42,4,,1,32,,1187782,42,4,,1,70,,1187798,42,4,,1,30,,1187806,42,4,,1,70,,1187788,42,4,,1,27,,1187808,42,4,,1,70,,1187786,42,4,,1,27,,1187805,42,4,,1,70,,1187802,42,4,,1,24,,1187781,42,4,,1,70,,1039365,42,4,,1,30,,1187807,42,4,,1,27,,1187797,42,4,,1,68,,1057224,42,4,,1,30,,1187792,42,4,,1,100,,995975,42,4,,1
11201,'12',602,,1187813,42,4,,1,30,,1187836,42,4,,1,72,,947893,42,4,,1,30,,1187837,42,4,,1,76,,1187818,42,4,,1,30,,1082420,42,4,,1,67,,1187821,42,4,,1,30,,1187810,42,4,,1,70,,1187819,42,4,,1,30,,1187839,42,4,,1,70,,1187830,42,4,,1,30,,1068836,42,4,,1,70,,1187815,42,4,,1,32,,1187832,42,4,,1,69,,1187828,42,4,,1,29,,886394,42,4,,1,70,,1187820,42,4,,1,33,,1187829,42,4,,1,71,,1187811,42,4,,1,30,,1187831,42,4,,1,70,,1187835,42,4,,1,32,,1187834,42,4,,1,70,,1187838,42,4,,1,30,,1187827,42,4,,1,70,,1187833,42,4,,1,27,,1187816,42,4,,1,70,,1187814,42,4,,1,27,,1187809,42,4,,1,70,,1187826,42,4,,1,24,,1187824,42,4,,1,70,,1187825,42,4,,1,30,,1187812,42,4,,1,27,,1187823,42,4,,1,68,,1187822,42,4,,1,30,,1187840,42,4,,1,100,,1187817,42,4,,1
11201,'13',830,,1187855,42,4,,1,102,,1187863,42,4,,1,70,,1187851,42,4,,1,30,,1187852,42,4,,1,70,,1187843,42,4,,1,32,,1006712,42,4,,1,70,,1187864,42,4,,1,30,,1187844,42,4,,1,70,,1187845,42,4,,1,30,,1187862,42,4,,1,70,,1080415,42,4,,1,30,,1004321,42,4,,1,70,,1187842,42,4,,1,30,,1187861,42,4,,1,70,,1187850,42,4,,1,30,,1187846,42,4,,1,70,,1187854,42,4,,1,30,,1187859,42,4,,1,70,,1187856,42,4,,1,30,,1097330,42,4,,1,70,,1187858,42,4,,1,29,,1187849,42,4,,1,70,,1187857,42,4,,1,28,,1187865,42,4,,1,70,,1187860,42,4,,1,30,,1187853,42,4,,1,70,,1187848,42,4,,1,30,,1187847,42,4,,1,110,,1187841,42,4,,1
11201,'14',602,,1187894,42,4,,1,30,,1187876,42,4,,1,72,,1187895,42,4,,1,30,,1187889,42,4,,1,76,,1187892,42,4,,1,30,,1187884,42,4,,1,67,,1187877,42,4,,1,30,,1187890,42,4,,1,70,,1187882,42,4,,1,30,,1187888,42,4,,1,70,,1187867,42,4,,1,30,,1187878,42,4,,1,70,,1187881,42,4,,1,32,,1187872,42,4,,1,69,,1187874,42,4,,1,29,,1187880,42,4,,1,70,,1187883,42,4,,1,33,,1187870,42,4,,1,71,,1187868,42,4,,1,30,,1187871,42,4,,1,70,,1187887,42,4,,1,32,,1187869,42,4,,1,70,,1187886,42,4,,1,30,,1187898,42,4,,1,70,,1187875,42,4,,1,27,,1187901,42,4,,1,70,,1187873,42,4,,1,27,,1187897,42,4,,1,70,,1187891,42,4,,1,24,,1187866,42,4,,1,70,,1187896,42,4,,1,30,,1187899,42,4,,1,27,,1187885,42,4,,1,68,,1187893,42,4,,1,30,,1187879,42,4,,1,100,,1187900,42,4,,1
11201,'15',602,,1187914,42,4,,1,30,,1187902,42,4,,1,72,,1187912,42,4,,1,30,,1187932,42,4,,1,76,,1187910,42,4,,1,30,,1187913,42,4,,1,67,,1187920,42,4,,1,30,,1187928,42,4,,1,70,,1187911,42,4,,1,30,,1187917,42,4,,1,70,,1187915,42,4,,1,30,,1187937,42,4,,1,70,,1187929,42,4,,1,32,,1187903,42,4,,1,69,,1187906,42,4,,1,29,,1187933,42,4,,1,70,,1187921,42,4,,1,33,,1187927,42,4,,1,71,,1187904,42,4,,1,30,,1187916,42,4,,1,70,,1187918,42,4,,1,32,,1187908,42,4,,1,70,,1187907,42,4,,1,30,,1187934,42,4,,1,70,,1187905,42,4,,1,27,,1187936,42,4,,1,70,,1187931,42,4,,1,27,,1187922,42,4,,1,70,,1187923,42,4,,1,24,,1187926,42,4,,1,70,,1187925,42,4,,1,30,,1187909,42,4,,1,27,,1187930,42,4,,1,68,,1187935,42,4,,1,30,,1187924,42,4,,1,100,,1187919,42,4,,1
11201,'16',602,,1187945,42,4,,1,30,,1187968,42,4,,1,72,,1187944,42,4,,1,30,,1187969,42,4,,1,76,,1187950,42,4,,1,30,,1187943,42,4,,1,67,,1187953,42,4,,1,30,,1187939,42,4,,1,70,,1187951,42,4,,1,30,,1187971,42,4,,1,70,,1187962,42,4,,1,30,,1187940,42,4,,1,70,,1187947,42,4,,1,32,,1187964,42,4,,1,69,,1187960,42,4,,1,29,,1187942,42,4,,1,70,,1187952,42,4,,1,33,,1187961,42,4,,1,71,,1083913,42,4,,1,30,,1187963,42,4,,1,70,,1187967,42,4,,1,32,,1187966,42,4,,1,70,,1187970,42,4,,1,30,,1187959,42,4,,1,70,,1187965,42,4,,1,27,,1187948,42,4,,1,70,,1187946,42,4,,1,27,,1187938,42,4,,1,70,,1187958,42,4,,1,24,,1187956,42,4,,1,70,,1187957,42,4,,1,30,,1187941,42,4,,1,27,,1187955,42,4,,1,68,,1187954,42,4,,1,30,,1187972,42,4,,1,100,,1187949,42,4,,1
11201,'17',830,,1187990,42,4,,1,102,,1187998,42,4,,1,70,,1187986,42,4,,1,30,,1187987,42,4,,1,70,,1187977,42,4,,1,32,,1187973,42,4,,1,70,,1187999,42,4,,1,30,,1187978,42,4,,1,70,,1187980,42,4,,1,30,,1187997,42,4,,1,70,,1188001,42,4,,1,30,,1187979,42,4,,1,70,,1187976,42,4,,1,30,,1187996,42,4,,1,70,,1187985,42,4,,1,30,,1187981,42,4,,1,70,,1187989,42,4,,1,30,,1187994,42,4,,1,70,,1187991,42,4,,1,30,,1187975,42,4,,1,70,,1187993,42,4,,1,29,,1187984,42,4,,1,70,,1187992,42,4,,1,28,,1188000,42,4,,1,70,,1187995,42,4,,1,30,,1187988,42,4,,1,70,,1187983,42,4,,1,30,,1187982,42,4,,1,110,,1187974,42,4,,1
11201,'2',550,,1188028,42,4,,1,90,,1188026,42,4,,1,100,,1188017,42,4,,1,70,,1188009,42,4,,1,30,,1188023,42,4,,1,70,,1188006,42,4,,1,32,,1188013,42,4,,1,70,,1188004,42,4,,1,30,,1188003,42,4,,1,70,,1188016,42,4,,1,32,,1188018,42,4,,1,70,,1188011,42,4,,1,30,,1188035,42,4,,1,70,,1188010,42,4,,1,30,,1188031,42,4,,1,70,,1188012,42,4,,1,30,,1188014,42,4,,1,70,,1188025,42,4,,1,30,,1188021,42,4,,1,70,,1188032,42,4,,1,30,,1188029,42,4,,1,70,,1188005,42,4,,1,30,,1188002,42,4,,1,70,,1188024,42,4,,1,30,,1188027,42,4,,1,70,,1188030,42,4,,1,29,,1188034,42,4,,1,70,,1188007,42,4,,1,28,,1188019,42,4,,1,70,,1188022,42,4,,1,30,,1188008,42,4,,1,70,,1188036,42,4,,1,30,,1188015,42,4,,1,70,,1188020,42,4,,1,110,,1188033,42,4,,1
11201,'3',830,,1188054,42,4,,1,102,,1188062,42,4,,1,70,,1188050,42,4,,1,30,,1188051,42,4,,1,70,,1188041,42,4,,1,32,,1188037,42,4,,1,70,,1188063,42,4,,1,30,,1188042,42,4,,1,70,,1188044,42,4,,1,30,,1188061,42,4,,1,70,,1188065,42,4,,1,30,,1188043,42,4,,1,70,,1188040,42,4,,1,30,,1188060,42,4,,1,70,,1188049,42,4,,1,30,,1188045,42,4,,1,70,,1188053,42,4,,1,30,,1188058,42,4,,1,70,,1188055,42,4,,1,30,,1188039,42,4,,1,70,,1188057,42,4,,1,29,,1188048,42,4,,1,70,,1188056,42,4,,1,28,,1188064,42,4,,1,70,,1188059,42,4,,1,30,,1188052,42,4,,1,70,,1188047,42,4,,1,30,,1188046,42,4,,1,110,,1188038,42,4,,1
11201,'4',830,,1188088,42,4,,1,102,,1188068,42,4,,1,70,,1188069,42,4,,1,30,,1188080,42,4,,1,70,,1188067,42,4,,1,32,,940943,42,4,,1,70,,1188066,42,4,,1,30,,1188078,42,4,,1,70,,1188091,42,4,,1,30,,1188071,42,4,,1,70,,1188084,42,4,,1,30,,1188081,42,4,,1,70,,1188077,42,4,,1,30,,1188092,42,4,,1,70,,1188087,42,4,,1,30,,1188089,42,4,,1,70,,1188082,42,4,,1,30,,1053287,42,4,,1,70,,1188086,42,4,,1,30,,1188075,42,4,,1,70,,1188073,42,4,,1,29,,1188070,42,4,,1,70,,1188079,42,4,,1,28,,1188072,42,4,,1,70,,1188074,42,4,,1,30,,1188090,42,4,,1,70,,1188085,42,4,,1,30,,1188076,42,4,,1,110,,1188083,42,4,,1
11201,'5',602,,1188116,42,4,,1,30,,1188101,42,4,,1,72,,979259,42,4,,1,30,,1188112,42,4,,1,76,,1188115,42,4,,1,30,,1188108,42,4,,1,67,,1188102,42,4,,1,30,,1188113,42,4,,1,70,,1071675,42,4,,1,30,,1188111,42,4,,1,70,,1089158,42,4,,1,30,,1188103,42,4,,1,70,,1188106,42,4,,1,32,,1188097,42,4,,1,69,,1188099,42,4,,1,29,,1188105,42,4,,1,70,,1188107,42,4,,1,33,,1188095,42,4,,1,71,,1035587,42,4,,1,30,,1188096,42,4,,1,70,,1040735,42,4,,1,32,,1188094,42,4,,1,70,,1188110,42,4,,1,30,,1188118,42,4,,1,70,,1188100,42,4,,1,27,,1188120,42,4,,1,70,,1188098,42,4,,1,27,,1188117,42,4,,1,70,,1188114,42,4,,1,24,,1188093,42,4,,1,70,,1039240,42,4,,1,30,,1188119,42,4,,1,27,,1188109,42,4,,1,68,,1057210,42,4,,1,30,,1188104,42,4,,1,100,,995683,42,4,,1
11201,'6',602,,1188126,42,4,,1,30,,1188149,42,4,,1,72,,1188125,42,4,,1,30,,1101243,42,4,,1,76,,1188131,42,4,,1,30,,1188124,42,4,,1,67,,1188134,42,4,,1,30,,1017692,42,4,,1,70,,1188132,42,4,,1,30,,1100113,42,4,,1,70,,1188143,42,4,,1,30,,1188121,42,4,,1,70,,1188128,42,4,,1,32,,1188145,42,4,,1,69,,1188141,42,4,,1,29,,1188123,42,4,,1,70,,1188133,42,4,,1,33,,1188142,42,4,,1,71,,1188122,42,4,,1,30,,1188144,42,4,,1,70,,1188148,42,4,,1,32,,1188147,42,4,,1,70,,1188150,42,4,,1,30,,1188140,42,4,,1,70,,1188146,42,4,,1,27,,1188129,42,4,,1,70,,1188127,42,4,,1,27,,1084813,42,4,,1,70,,1188139,42,4,,1,24,,1188137,42,4,,1,70,,1188138,42,4,,1,30,,1102998,42,4,,1,27,,1188136,42,4,,1,68,,1188135,42,4,,1,30,,1188151,42,4,,1,100,,1188130,42,4,,1
11201,'7',550,,1188170,42,4,,1,90,,1188174,42,4,,1,100,,1188153,42,4,,1,70,,1188178,42,4,,1,30,,1188165,42,4,,1,70,,1188181,42,4,,1,32,,1188162,42,4,,1,70,,1188173,42,4,,1,30,,1188180,42,4,,1,70,,1188158,42,4,,1,32,,1188161,42,4,,1,70,,1188177,42,4,,1,30,,1188172,42,4,,1,70,,1188155,42,4,,1,30,,1188175,42,4,,1,70,,1188163,42,4,,1,30,,1188186,42,4,,1,70,,1188185,42,4,,1,30,,1188184,42,4,,1,70,,1188152,42,4,,1,30,,1188159,42,4,,1,70,,1188169,42,4,,1,30,,1188154,42,4,,1,70,,1188164,42,4,,1,30,,1188156,42,4,,1,70,,1188166,42,4,,1,29,,1188171,42,4,,1,70,,1188179,42,4,,1,28,,1188167,42,4,,1,70,,1188160,42,4,,1,30,,1188183,42,4,,1,70,,1188157,42,4,,1,30,,1188168,42,4,,1,70,,1188182,42,4,,1,110,,1188176,42,4,,1
11201,'8',602,,1188195,42,4,,1,30,,1188218,42,4,,1,72,,1188194,42,4,,1,30,,1188219,42,4,,1,76,,1188200,42,4,,1,30,,1188193,42,4,,1,67,,1188203,42,4,,1,30,,1188188,42,4,,1,70,,1188201,42,4,,1,30,,1188221,42,4,,1,70,,1188212,42,4,,1,30,,1188189,42,4,,1,70,,1188197,42,4,,1,32,,1188214,42,4,,1,69,,1188210,42,4,,1,29,,1188192,42,4,,1,70,,1188202,42,4,,1,33,,1188211,42,4,,1,71,,1188190,42,4,,1,30,,1188213,42,4,,1,70,,1188217,42,4,,1,32,,1188216,42,4,,1,70,,1188220,42,4,,1,30,,1188209,42,4,,1,70,,1188215,42,4,,1,27,,1188198,42,4,,1,70,,1188196,42,4,,1,27,,1188187,42,4,,1,70,,1188208,42,4,,1,24,,1188206,42,4,,1,70,,1188207,42,4,,1,30,,1188191,42,4,,1,27,,1188205,42,4,,1,68,,1188204,42,4,,1,30,,1188222,42,4,,1,100,,1188199,42,4,,1
11201,'9',602,,1188246,42,4,,1,30,,1188231,42,4,,1,72,,979202,42,4,,1,30,,1188242,42,4,,1,76,,1188245,42,4,,1,30,,1188238,42,4,,1,67,,1188232,42,4,,1,30,,1188243,42,4,,1,70,,1071598,42,4,,1,30,,1188241,42,4,,1,70,,1089064,42,4,,1,30,,1188233,42,4,,1,70,,1188236,42,4,,1,32,,1188227,42,4,,1,69,,1188229,42,4,,1,29,,1188235,42,4,,1,70,,1188237,42,4,,1,33,,1188225,42,4,,1,71,,1036057,42,4,,1,30,,1188226,42,4,,1,70,,1041050,42,4,,1,32,,1188224,42,4,,1,70,,1188240,42,4,,1,30,,1188248,42,4,,1,70,,1188230,42,4,,1,27,,1188250,42,4,,1,70,,1188228,42,4,,1,27,,1188247,42,4,,1,70,,1188244,42,4,,1,24,,1188223,42,4,,1,70,,1039413,42,4,,1,30,,1188249,42,4,,1,27,,1188239,42,4,,1,68,,1057236,42,4,,1,30,,1188234,42,4,,1,100,,996077,42,4,,1
11600,'1',637,,1003808,1,,,1,100,,1188253,1,,,1,100,,1188260,1,,,1,100,,1188259,1,,,1,100,,1188263,1,,,1,100,,1188257,1,,,1,100,,1188252,1,,,1,70,,1011993,1,,,1,45,,1188258,1,,,1,70,,1188255,1,,,1,100,,1188254,1,,,1,30,,1074528,1,,,1,70,,1188262,1,,,1,30,,1083594,1,,,1,84,,1188264,1,,,1,100,,1188265,1,,,1,100,,1188251,1,,,1,100,,1094602,1,,,1,100,,1188256,1,,,1,100,,1188261,1,,,1
11600,'10',637,,1003965,1,,,1,100,,1188268,1,,,1,100,,1188275,1,,,1,100,,1188274,1,,,1,100,,1188278,1,,,1,100,,1188272,1,,,1,100,,1188267,1,,,1,70,,1012080,1,,,1,45,,1188273,1,,,1,70,,1188270,1,,,1,100,,1188269,1,,,1,30,,1074381,1,,,1,70,,1188277,1,,,1,30,,1083355,1,,,1,84,,1188279,1,,,1,100,,1188280,1,,,1,100,,1188266,1,,,1,100,,1094432,1,,,1,100,,1188271,1,,,1,100,,1188276,1,,,1
11600,'11',637,,1003760,1,,,1,100,,1188283,1,,,1,100,,1188290,1,,,1,100,,1188289,1,,,1,100,,1188293,1,,,1,100,,1188287,1,,,1,100,,1188282,1,,,1,70,,1011967,1,,,1,45,,1188288,1,,,1,70,,1188285,1,,,1,100,,1188284,1,,,1,30,,1074571,1,,,1,70,,1188292,1,,,1,30,,1083664,1,,,1,84,,1188294,1,,,1,100,,1188295,1,,,1,100,,1188281,1,,,1,100,,1094644,1,,,1,100,,1188286,1,,,1,100,,1188291,1,,,1
11600,'12',637,,1188301,1,,,1,100,,1063996,1,,,1,100,,1188309,1,,,1,100,,1188297,1,,,1,100,,1188303,1,,,1,100,,1188298,1,,,1,100,,1188300,1,,,1,70,,1188302,1,,,1,45,,1188310,1,,,1,70,,1188307,1,,,1,100,,1188304,1,,,1,30,,1188314,1,,,1,70,,1188299,1,,,1,30,,1188306,1,,,1,84,,1188313,1,,,1,100,,1188311,1,,,1,100,,1188296,1,,,1,100,,1188305,1,,,1,100,,1188308,1,,,1,100,,1188312,1,,,1
11600,'13',840,,1188323,1,,,1,100,,1188318,1,,,1,100,,1188328,1,,,1,100,,1188320,1,,,1,100,,1188315,1,,,1,70,,1188331,1,,,1,30,,1188317,1,,,1,70,,1188322,1,,,1,30,,1188329,1,,,1,70,,1081247,1,,,1,30,,1188319,1,,,1,70,,1072770,1,,,1,30,,1188326,1,,,1,70,,1188327,1,,,1,30,,1188325,1,,,1,70,,1188330,1,,,1,100,,1092738,1,,,1,100,,1188321,1,,,1,100,,1188324,1,,,1,100,,1188316,1,,,1
11600,'14',637,,1188343,1,,,1,100,,1188337,1,,,1,100,,1188345,1,,,1,100,,1188344,1,,,1,100,,1188348,1,,,1,100,,1188341,1,,,1,100,,1188335,1,,,1,70,,1188350,1,,,1,45,,1188342,1,,,1,70,,1188339,1,,,1,100,,1188338,1,,,1,30,,1188336,1,,,1,70,,1188347,1,,,1,30,,1188333,1,,,1,84,,1188349,1,,,1,100,,1188351,1,,,1,100,,1188332,1,,,1,100,,1188334,1,,,1,100,,1188340,1,,,1,100,,1188346,1,,,1
11600,'15',637,,1188359,1,,,1,100,,1188352,1,,,1,100,,1188354,1,,,1,100,,1188356,1,,,1,100,,1188365,1,,,1,100,,1188371,1,,,1,100,,1188361,1,,,1,70,,1188368,1,,,1,45,,1188367,1,,,1,70,,1188364,1,,,1,100,,1188357,1,,,1,30,,1188360,1,,,1,70,,1188358,1,,,1,30,,1188363,1,,,1,84,,1188362,1,,,1,100,,1188355,1,,,1,100,,1188353,1,,,1,100,,1188370,1,,,1,100,,1188366,1,,,1,100,,1188369,1,,,1
11600,'16',637,,1188377,1,,,1,100,,1188373,1,,,1,100,,1188385,1,,,1,100,,1073644,1,,,1,100,,1188379,1,,,1,100,,1188374,1,,,1,100,,1188376,1,,,1,70,,1188378,1,,,1,45,,1188386,1,,,1,70,,1188383,1,,,1,100,,1188380,1,,,1,30,,1188390,1,,,1,70,,1188375,1,,,1,30,,1188382,1,,,1,84,,1188389,1,,,1,100,,1188387,1,,,1,100,,1188372,1,,,1,100,,1188381,1,,,1,100,,1188384,1,,,1,100,,1188388,1,,,1
11600,'17',840,,1188401,1,,,1,100,,1188396,1,,,1,100,,1188406,1,,,1,100,,1188398,1,,,1,100,,1188391,1,,,1,70,,1188409,1,,,1,30,,1188395,1,,,1,70,,1188400,1,,,1,30,,1188407,1,,,1,70,,1188393,1,,,1,30,,1188397,1,,,1,70,,1188394,1,,,1,30,,1188404,1,,,1,70,,1188405,1,,,1,30,,1188403,1,,,1,70,,1188408,1,,,1,100,,1188410,1,,,1,100,,1188399,1,,,1,100,,1188402,1,,,1,100,,1188392,1,,,1
11600,'2',700,,1188418,1,,,1,100,,1188417,1,,,1,100,,1188416,1,,,1,100,,1188421,1,,,1,100,,1188429,1,,,1,30,,1188413,1,,,1,70,,1188422,1,,,1,30,,1188423,1,,,1,70,,1188424,1,,,1,30,,978250,1,,,1,70,,1188412,1,,,1,30,,1075757,1,,,1,70,,1188419,1,,,1,30,,1188420,1,,,1,70,,1188411,1,,,1,30,,1188425,1,,,1,70,,1093616,1,,,1,30,,1093153,1,,,1,70,,1188415,1,,,1,30,,1188414,1,,,1,100,,1188427,1,,,1,100,,1188428,1,,,1,100,,1188426,1,,,1,100,,1076825,1,,,1
11600,'3',840,,1188440,1,,,1,100,,1188435,1,,,1,100,,1188445,1,,,1,100,,1188437,1,,,1,100,,1188430,1,,,1,70,,1188448,1,,,1,30,,1188434,1,,,1,70,,1188439,1,,,1,30,,1188446,1,,,1,70,,1188432,1,,,1,30,,1188436,1,,,1,70,,1188433,1,,,1,30,,1188443,1,,,1,70,,1188444,1,,,1,30,,1188442,1,,,1,70,,1188447,1,,,1,100,,1188449,1,,,1,100,,1188438,1,,,1,100,,1188441,1,,,1,100,,1188431,1,,,1
11600,'4',840,,1188468,1,,,1,100,,1188460,1,,,1,100,,1188462,1,,,1,100,,1188465,1,,,1,100,,1188457,1,,,1,70,,1188452,1,,,1,30,,1078216,1,,,1,70,,1188466,1,,,1,30,,1188456,1,,,1,70,,1188455,1,,,1,30,,1188451,1,,,1,70,,1188461,1,,,1,30,,1188467,1,,,1,70,,1188458,1,,,1,30,,1188453,1,,,1,70,,1188463,1,,,1,100,,1188459,1,,,1,100,,1188464,1,,,1,100,,1188454,1,,,1,100,,1188450,1,,,1
11600,'5',637,,1003539,1,,,1,100,,1188471,1,,,1,100,,1188478,1,,,1,100,,1188477,1,,,1,100,,1188481,1,,,1,100,,1188475,1,,,1,100,,1188470,1,,,1,70,,1011854,1,,,1,45,,1188476,1,,,1,70,,1188473,1,,,1,100,,1188472,1,,,1,30,,1074506,1,,,1,70,,1188480,1,,,1,30,,1083555,1,,,1,84,,1188482,1,,,1,100,,1188483,1,,,1,100,,1188469,1,,,1,100,,1094579,1,,,1,100,,1188474,1,,,1,100,,1188479,1,,,1
11600,'6',637,,1010735,1,,,1,100,,1188484,1,,,1,100,,1188494,1,,,1,100,,1188485,1,,,1,100,,1188488,1,,,1,100,,1033620,1,,,1,100,,1188486,1,,,1,70,,1188487,1,,,1,45,,1188495,1,,,1,70,,1188492,1,,,1,100,,1188489,1,,,1,30,,1188499,1,,,1,70,,1101920,1,,,1,30,,1188491,1,,,1,84,,1188498,1,,,1,100,,1188496,1,,,1,100,,1078388,1,,,1,100,,1188490,1,,,1,100,,1188493,1,,,1,100,,1188497,1,,,1
11600,'7',700,,1188502,1,,,1,100,,1188503,1,,,1,100,,1188517,1,,,1,100,,1188500,1,,,1,100,,1188511,1,,,1,30,,1188514,1,,,1,70,,1188501,1,,,1,30,,1188508,1,,,1,70,,1188523,1,,,1,30,,1188516,1,,,1,70,,1188513,1,,,1,30,,1188504,1,,,1,70,,1188519,1,,,1,30,,1188506,1,,,1,70,,1188509,1,,,1,30,,1188522,1,,,1,70,,1188510,1,,,1,30,,1188512,1,,,1,70,,1188515,1,,,1,30,,1188505,1,,,1,100,,1188521,1,,,1,100,,1188520,1,,,1,100,,1188507,1,,,1,100,,1188518,1,,,1
11600,'8',637,,1188530,1,,,1,100,,1188525,1,,,1,100,,1188538,1,,,1,100,,1188526,1,,,1,100,,1188532,1,,,1,100,,1188527,1,,,1,100,,1188529,1,,,1,70,,1188531,1,,,1,45,,1188539,1,,,1,70,,1188536,1,,,1,100,,1188533,1,,,1,30,,1188543,1,,,1,70,,1188528,1,,,1,30,,1188535,1,,,1,84,,1188542,1,,,1,100,,1188540,1,,,1,100,,1188524,1,,,1,100,,1188534,1,,,1,100,,1188537,1,,,1,100,,1188541,1,,,1
11600,'9',637,,1003856,1,,,1,100,,1188546,1,,,1,100,,1188553,1,,,1,100,,1188552,1,,,1,100,,1188556,1,,,1,100,,1188550,1,,,1,100,,1188545,1,,,1,70,,1012019,1,,,1,45,,1188551,1,,,1,70,,1188548,1,,,1,100,,1188547,1,,,1,30,,1074425,1,,,1,70,,1188555,1,,,1,30,,1083426,1,,,1,84,,1188557,1,,,1,100,,1188558,1,,,1,100,,1188544,1,,,1,100,,1094482,1,,,1,100,,1188549,1,,,1,100,,1188554,1,,,1
11601,'1',543,,1188562,24,4,,1,70,,1081683,24,4,,1,34,,1188569,24,4,,1,70,,1188573,24,4,,1,33,,1188574,24,4,,1,69,,1088790,24,4,,1,103,,1070952,24,4,,1,27,,1188570,24,4,,1,70,,1188564,24,4,,1,100,,1188568,24,4,,1,100,,1188559,24,4,,1,102,,1188560,24,4,,1,104,,1188566,24,4,,1,98,,1188567,24,4,,1,106,,1188561,24,4,,1,100,,1047255,24,4,,1,98,,1188563,24,4,,1,94,,1188571,24,4,,1,100,,1188565,24,4,,1,97,,1188572,24,4,,1
11601,'10',543,,1188578,24,4,,1,70,,1081491,24,4,,1,34,,1188585,24,4,,1,70,,1188589,24,4,,1,33,,1188590,24,4,,1,69,,1088385,24,4,,1,103,,1070738,24,4,,1,27,,1188586,24,4,,1,70,,1188580,24,4,,1,100,,1188584,24,4,,1,100,,1188575,24,4,,1,102,,1188576,24,4,,1,104,,1188582,24,4,,1,98,,1188583,24,4,,1,106,,1188577,24,4,,1,100,,1047436,24,4,,1,98,,1188579,24,4,,1,94,,1188587,24,4,,1,100,,1188581,24,4,,1,97,,1188588,24,4,,1
11601,'11',543,,1188594,24,4,,1,70,,1081740,24,4,,1,34,,1188601,24,4,,1,70,,1188605,24,4,,1,33,,1188606,24,4,,1,69,,1088911,24,4,,1,103,,1071017,24,4,,1,27,,1188602,24,4,,1,70,,1188596,24,4,,1,100,,1188600,24,4,,1,100,,1188591,24,4,,1,102,,1188592,24,4,,1,104,,1188598,24,4,,1,98,,1188599,24,4,,1,106,,1188593,24,4,,1,100,,1047203,24,4,,1,98,,1188595,24,4,,1,94,,1188603,24,4,,1,100,,1188597,24,4,,1,97,,1188604,24,4,,1
11601,'12',543,,1188613,24,4,,1,70,,1188611,24,4,,1,34,,1188617,24,4,,1,70,,1188610,24,4,,1,33,,1188621,24,4,,1,69,,1188623,24,4,,1,103,,1188612,24,4,,1,27,,1188615,24,4,,1,70,,1188622,24,4,,1,100,,1188607,24,4,,1,100,,1188618,24,4,,1,102,,1188609,24,4,,1,104,,1075453,24,4,,1,98,,1188608,24,4,,1,106,,1042173,24,4,,1,100,,1188620,24,4,,1,98,,1188619,24,4,,1,94,,1188614,24,4,,1,100,,1188616,24,4,,1,97,,1188624,24,4,,1
11601,'13',835,,1188633,24,4,,1,100,,1188639,24,4,,1,103,,1188625,24,4,,1,100,,1188637,24,4,,1,102,,1188632,24,4,,1,70,,1188634,24,4,,1,30,,1188641,24,4,,1,70,,1188635,24,4,,1,30,,1188643,24,4,,1,70,,1188638,24,4,,1,30,,1188640,24,4,,1,70,,1002637,24,4,,1,30,,1188626,24,4,,1,70,,1188627,24,4,,1,30,,1188636,24,4,,1,70,,1188629,24,4,,1,38,,1188630,24,4,,1,100,,996644,24,4,,1,99,,1188631,24,4,,1,100,,1188628,24,4,,1,99,,1188642,24,4,,1
11601,'14',543,,1188648,24,4,,1,70,,1188658,24,4,,1,34,,1188655,24,4,,1,70,,1188661,24,4,,1,33,,1188662,24,4,,1,69,,1188657,24,4,,1,103,,1188663,24,4,,1,27,,1188656,24,4,,1,70,,1188650,24,4,,1,100,,1188654,24,4,,1,100,,1188644,24,4,,1,102,,1188645,24,4,,1,104,,1188652,24,4,,1,98,,1188653,24,4,,1,106,,1188647,24,4,,1,100,,1188646,24,4,,1,98,,1188649,24,4,,1,94,,1188659,24,4,,1,100,,1188651,24,4,,1,97,,1188660,24,4,,1
11601,'15',543,,1188676,24,4,,1,70,,1188681,24,4,,1,34,,1188666,24,4,,1,70,,1188678,24,4,,1,33,,1188677,24,4,,1,69,,1188669,24,4,,1,103,,1188670,24,4,,1,27,,1188671,24,4,,1,70,,1188668,24,4,,1,100,,1188674,24,4,,1,100,,1188664,24,4,,1,102,,1188673,24,4,,1,104,,1188665,24,4,,1,98,,1188683,24,4,,1,106,,1188675,24,4,,1,100,,1188680,24,4,,1,98,,1188679,24,4,,1,94,,1188682,24,4,,1,100,,1188667,24,4,,1,97,,1188672,24,4,,1
11601,'16',543,,1188690,24,4,,1,70,,1188688,24,4,,1,34,,1188694,24,4,,1,70,,1188686,24,4,,1,33,,1188698,24,4,,1,69,,1048214,24,4,,1,103,,1188689,24,4,,1,27,,1188692,24,4,,1,70,,1188699,24,4,,1,100,,1188684,24,4,,1,100,,1188695,24,4,,1,102,,1078744,24,4,,1,104,,1188687,24,4,,1,98,,1069601,24,4,,1,106,,1188685,24,4,,1,100,,1188697,24,4,,1,98,,1188696,24,4,,1,94,,1188691,24,4,,1,100,,1188693,24,4,,1,97,,1188700,24,4,,1
11601,'17',835,,1188710,24,4,,1,100,,1188716,24,4,,1,103,,1188702,24,4,,1,100,,1188714,24,4,,1,102,,1188709,24,4,,1,70,,1188711,24,4,,1,30,,1188718,24,4,,1,70,,1188712,24,4,,1,30,,1188721,24,4,,1,70,,1188715,24,4,,1,30,,1188717,24,4,,1,70,,1188719,24,4,,1,30,,1188703,24,4,,1,70,,1188704,24,4,,1,30,,1188713,24,4,,1,70,,1188706,24,4,,1,38,,1188707,24,4,,1,100,,1188701,24,4,,1,99,,1188708,24,4,,1,100,,1188705,24,4,,1,99,,1188720,24,4,,1
11601,'2',752,,1188727,24,4,,1,100,,1188733,24,4,,1,100,,1188742,24,4,,1,103,,1188732,24,4,,1,100,,1188730,24,4,,1,72,,1188739,24,4,,1,30,,1188726,24,4,,1,70,,1188735,24,4,,1,30,,1188722,24,4,,1,70,,1188737,24,4,,1,30,,1188725,24,4,,1,70,,1188724,24,4,,1,30,,1188728,24,4,,1,70,,1188740,24,4,,1,30,,1188731,24,4,,1,70,,1188723,24,4,,1,30,,1188734,24,4,,1,68,,1188738,24,4,,1,100,,1079699,24,4,,1,99,,1188741,24,4,,1,100,,1188729,24,4,,1,99,,1188736,24,4,,1
11601,'3',835,,1188752,24,4,,1,100,,1188758,24,4,,1,103,,1188744,24,4,,1,100,,1188756,24,4,,1,102,,1188751,24,4,,1,70,,1188753,24,4,,1,30,,1188760,24,4,,1,70,,1188754,24,4,,1,30,,1188763,24,4,,1,70,,1188757,24,4,,1,30,,1188759,24,4,,1,70,,1188761,24,4,,1,30,,1188745,24,4,,1,70,,1188746,24,4,,1,30,,1188755,24,4,,1,70,,1188748,24,4,,1,38,,1188749,24,4,,1,100,,1188743,24,4,,1,99,,1188750,24,4,,1,100,,1188747,24,4,,1,99,,1188762,24,4,,1
11601,'4',835,,1188774,24,4,,1,100,,1188766,24,4,,1,103,,1188782,24,4,,1,100,,1188779,24,4,,1,102,,1188770,24,4,,1,70,,1188765,24,4,,1,30,,1188767,24,4,,1,70,,1188775,24,4,,1,30,,1188777,24,4,,1,70,,1188773,24,4,,1,30,,1188780,24,4,,1,70,,1188772,24,4,,1,30,,1188768,24,4,,1,70,,1188783,24,4,,1,30,,1188764,24,4,,1,70,,1188776,24,4,,1,38,,1188769,24,4,,1,100,,1188778,24,4,,1,99,,1014037,24,4,,1,100,,1188781,24,4,,1,99,,1188771,24,4,,1
11601,'5',543,,1188787,24,4,,1,70,,1081650,24,4,,1,34,,1188794,24,4,,1,70,,1188798,24,4,,1,33,,1188799,24,4,,1,69,,1088726,24,4,,1,103,,1070913,24,4,,1,27,,1188795,24,4,,1,70,,1188789,24,4,,1,100,,1188793,24,4,,1,100,,1188784,24,4,,1,102,,1188785,24,4,,1,104,,1188791,24,4,,1,98,,1188792,24,4,,1,106,,1188786,24,4,,1,100,,1046951,24,4,,1,98,,1188788,24,4,,1,94,,1188796,24,4,,1,100,,1188790,24,4,,1,97,,1188797,24,4,,1
11601,'6',543,,1188806,24,4,,1,70,,1188804,24,4,,1,34,,1188810,24,4,,1,70,,1042283,24,4,,1,33,,1188814,24,4,,1,69,,1188816,24,4,,1,103,,1188805,24,4,,1,27,,1188808,24,4,,1,70,,1188815,24,4,,1,100,,1078821,24,4,,1,100,,1188811,24,4,,1,102,,1188802,24,4,,1,104,,1188803,24,4,,1,98,,1188800,24,4,,1,106,,1188801,24,4,,1,100,,1188813,24,4,,1,98,,1188812,24,4,,1,94,,1188807,24,4,,1,100,,1188809,24,4,,1,97,,1072413,24,4,,1
11601,'7',752,,1188822,24,4,,1,100,,1188823,24,4,,1,100,,1188821,24,4,,1,103,,1188820,24,4,,1,100,,1188829,24,4,,1,72,,1188824,24,4,,1,30,,1188838,24,4,,1,70,,1188831,24,4,,1,30,,1188830,24,4,,1,70,,1188836,24,4,,1,30,,1188834,24,4,,1,70,,1188825,24,4,,1,30,,1188837,24,4,,1,70,,1188835,24,4,,1,30,,1188826,24,4,,1,70,,1188819,24,4,,1,30,,1188828,24,4,,1,68,,1188817,24,4,,1,100,,1188818,24,4,,1,99,,1188827,24,4,,1,100,,1188832,24,4,,1,99,,1188833,24,4,,1
11601,'8',543,,1188847,24,4,,1,70,,1188845,24,4,,1,34,,1188851,24,4,,1,70,,1188843,24,4,,1,33,,1188855,24,4,,1,69,,1188857,24,4,,1,103,,1188846,24,4,,1,27,,1188849,24,4,,1,70,,1188856,24,4,,1,100,,1188839,24,4,,1,100,,1188852,24,4,,1,102,,1188842,24,4,,1,104,,1188844,24,4,,1,98,,1188840,24,4,,1,106,,1188841,24,4,,1,100,,1188854,24,4,,1,98,,1188853,24,4,,1,94,,1188848,24,4,,1,100,,1188850,24,4,,1,97,,1188858,24,4,,1
11601,'9',543,,1188862,24,4,,1,70,,1081548,24,4,,1,34,,1188869,24,4,,1,70,,1188873,24,4,,1,33,,1188874,24,4,,1,69,,1088511,24,4,,1,103,,1070805,24,4,,1,27,,1188870,24,4,,1,70,,1188864,24,4,,1,100,,1188868,24,4,,1,100,,1188859,24,4,,1,102,,1188860,24,4,,1,104,,1188866,24,4,,1,98,,1188867,24,4,,1,106,,1188861,24,4,,1,100,,1047307,24,4,,1,98,,1188863,24,4,,1,94,,1188871,24,4,,1,100,,1188865,24,4,,1,97,,1188872,24,4,,1
11700,'1',659,,1188876,42,4,,1,70,,1188877,42,4,,1,27,,1188875,42,4,,1,73,,1099309,42,4,,1
11700,'10',659,,1188879,42,4,,1,70,,1188880,42,4,,1,27,,1188878,42,4,,1,73,,1099197,42,4,,1
11700,'11',659,,1188882,42,4,,1,70,,1188883,42,4,,1,27,,1188881,42,4,,1,73,,1099347,42,4,,1
11700,'12',659,,1188885,42,4,,1,70,,1188884,42,4,,1,27,,1070880,42,4,,1,73,,1188886,42,4,,1
11700,'14',659,,1188889,42,4,,1,70,,1188890,42,4,,1,27,,1188888,42,4,,1,73,,1188887,42,4,,1
11700,'15',659,,1188894,42,4,,1,70,,1188891,42,4,,1,27,,1188892,42,4,,1,73,,1188893,42,4,,1
11700,'16',659,,1188896,42,4,,1,70,,1188895,42,4,,1,27,,1188897,42,4,,1,73,,1086728,42,4,,1
11700,'5',659,,1188899,42,4,,1,70,,1188900,42,4,,1,27,,1188898,42,4,,1,73,,1099286,42,4,,1
11700,'6',659,,1188902,42,4,,1,70,,1188901,42,4,,1,27,,1188904,42,4,,1,73,,1188903,42,4,,1
11700,'8',659,,1188906,42,4,,1,70,,1188905,42,4,,1,27,,1188908,42,4,,1,73,,1188907,42,4,,1
11700,'9',659,,1188910,42,4,,1,70,,1188911,42,4,,1,27,,1188909,42,4,,1,73,,1099232,42,4,,1
11701,'1',1540,,1188914,1,,,1,70,,1093378,1,,,1,30,,1188912,1,,,1,70,,1188913,1,,,1,30,,1062138,1,,,1
11701,'10',1540,,1188917,1,,,1,70,,1093062,1,,,1,30,,1188915,1,,,1,70,,1188916,1,,,1,30,,1061905,1,,,1
11701,'11',1540,,1188920,1,,,1,70,,1093469,1,,,1,30,,1188918,1,,,1,70,,1188919,1,,,1,30,,1062213,1,,,1
11701,'12',1540,,1188921,1,,,1,70,,1188924,1,,,1,30,,1188922,1,,,1,70,,1188925,1,,,1,30,,1188923,1,,,1
11701,'14',1540,,1188930,1,,,1,70,,1188926,1,,,1,30,,1188927,1,,,1,70,,1188929,1,,,1,30,,1188928,1,,,1
11701,'15',1540,,1188934,1,,,1,70,,1188931,1,,,1,30,,1188933,1,,,1,70,,1188935,1,,,1,30,,1188932,1,,,1
11701,'16',1540,,1188936,1,,,1,70,,1188939,1,,,1,30,,1188937,1,,,1,70,,1188940,1,,,1,30,,1188938,1,,,1
11701,'5',1540,,1188943,1,,,1,70,,1093323,1,,,1,30,,1188941,1,,,1,70,,1188942,1,,,1,30,,1062090,1,,,1
11701,'6',1540,,1188944,1,,,1,70,,1188947,1,,,1,30,,1188945,1,,,1,70,,1068952,1,,,1,30,,1188946,1,,,1
11701,'8',1540,,1188948,1,,,1,70,,1188951,1,,,1,30,,1188949,1,,,1,70,,1188952,1,,,1,30,,1188950,1,,,1
11701,'9',1540,,1188955,1,,,1,70,,1093167,1,,,1,30,,1188953,1,,,1,70,,1188954,1,,,1,30,,1061979,1,,,1
18700,'1',659,,1093418,28,4,,1,70,,1086035,28,4,,1,28,,1194940,28,4,,1,72,,1194939,28,4,,1
18700,'10',659,,1093102,28,4,,1,70,,1085751,28,4,,1,28,,1194942,28,4,,1,72,,1194941,28,4,,1
18700,'11',659,,1093509,28,4,,1,70,,1086117,28,4,,1,28,,1194944,28,4,,1,72,,1194943,28,4,,1
18700,'12',659,,935767,28,4,,1,70,,1194946,28,4,,1,28,,1194947,28,4,,1,72,,1194945,28,4,,1
18700,'14',659,,1194951,28,4,,1,70,,1194949,28,4,,1,28,,1194950,28,4,,1,72,,1194948,28,4,,1
18700,'15',659,,1194953,28,4,,1,70,,1194954,28,4,,1,28,,1194952,28,4,,1,72,,1194955,28,4,,1
18700,'16',659,,1194957,28,4,,1,70,,1194958,28,4,,1,28,,1194959,28,4,,1,72,,1194956,28,4,,1
18700,'5',659,,1093363,28,4,,1,70,,1085984,28,4,,1,28,,1194961,28,4,,1,72,,1194960,28,4,,1
18700,'6',659,,1194962,28,4,,1,70,,1194963,28,4,,1,28,,1194964,28,4,,1,72,,1055275,28,4,,1
18700,'8',659,,1194966,28,4,,1,70,,1194967,28,4,,1,28,,1194968,28,4,,1,72,,1194965,28,4,,1
18700,'9',659,,1093207,28,4,,1,70,,1085838,28,4,,1,28,,1194970,28,4,,1,72,,1194969,28,4,,1
18701,'1',1440,,1194974,1,,,1,100,,1194975,1,,,1,69,,992255,1,,,1,33,,1194973,1,,,1,68,,1194972,1,,,1,41,,1194971,1,,,1
18701,'10',1440,,1194979,1,,,1,100,,1194980,1,,,1,69,,992221,1,,,1,33,,1194978,1,,,1,68,,1194977,1,,,1,41,,1194976,1,,,1
18701,'11',1440,,1194984,1,,,1,100,,1194985,1,,,1,69,,992244,1,,,1,33,,1194983,1,,,1,68,,1194982,1,,,1,41,,1194981,1,,,1
18701,'12',1440,,1194991,1,,,1,100,,1194990,1,,,1,69,,1194988,1,,,1,33,,1194986,1,,,1,68,,1194987,1,,,1,41,,1194989,1,,,1
18701,'14',1440,,1194996,1,,,1,100,,1194997,1,,,1,69,,1194992,1,,,1,33,,1194995,1,,,1,68,,1194994,1,,,1,41,,1194993,1,,,1
18701,'15',1440,,1194998,1,,,1,100,,1195000,1,,,1,69,,1195002,1,,,1,33,,1194999,1,,,1,68,,1195001,1,,,1,41,,1195003,1,,,1
18701,'16',1440,,1195008,1,,,1,100,,1195007,1,,,1,69,,1195005,1,,,1,33,,1064933,1,,,1,68,,1195004,1,,,1,41,,1195006,1,,,1
18701,'5',1440,,1195012,1,,,1,100,,1195013,1,,,1,69,,992289,1,,,1,33,,1195011,1,,,1,68,,1195010,1,,,1,41,,1195009,1,,,1
18701,'6',1440,,1195018,1,,,1,100,,1195017,1,,,1,69,,1195015,1,,,1,33,,1195014,1,,,1,68,,1069889,1,,,1,41,,1195016,1,,,1
18701,'8',1440,,1195024,1,,,1,100,,1195023,1,,,1,69,,1195021,1,,,1,33,,1195019,1,,,1,68,,1195020,1,,,1,41,,1195022,1,,,1
18701,'9',1440,,1195028,1,,,1,100,,1195029,1,,,1,69,,992278,1,,,1,33,,1195027,1,,,1,68,,1195026,1,,,1,41,,1195025,1,,,1
18900,'1',520,,1195053,1,,,1,100,,1195038,1,,,1,30,,1195047,1,0,11 2 12,1,70,,1019539,1,,,1,30,,1195048,1,0,11 2 12,1,70,,1103420,1,,,1,30,,1195044,1,,,1,70,,1069826,1,,,1,30,,1195031,1,,,1,70,,1195039,1,,,1,30,,1195054,1,,,1,71,,1195040,1,,,1,30,,1195057,1,,,1,69,,1195034,1,,,1,30,,1087218,1,,,1,70,,1195043,1,,,1,30,,1195041,1,,,1,70,,1195052,1,,,1,30,,1195045,1,,,1,70,,1195036,1,,,1,30,,1195046,1,,,1,70,,1089223,1,,,1,30,,1195032,1,,,1,70,,1057758,1,,,1,30,,1195056,1,,,1,70,,1195050,1,,,1,30,,1195058,1,,,1,70,,1195035,1,,,1,30,,1064122,1,,,1,70,,1195051,1,,,1,30,,1195037,1,,,1,70,,1195033,1,,,1,30,,1080732,1,,,1,70,,1195049,1,,,1,30,,1195055,1,,,1,70,,1195042,1,,,1,100,,1195030,1,,,1
18900,'10',520,,1195082,1,,,1,100,,1195067,1,,,1,30,,1195076,1,0,11 2 12,1,70,,1019578,1,,,1,30,,1195077,1,0,11 2 12,1,70,,1103414,1,,,1,30,,1195073,1,,,1,70,,1069681,1,,,1,30,,1195060,1,,,1,70,,1195068,1,,,1,30,,1195083,1,,,1,71,,1195069,1,,,1,30,,1195086,1,,,1,69,,1195063,1,,,1,30,,1087027,1,,,1,70,,1195072,1,,,1,30,,1195070,1,,,1,70,,1195081,1,,,1,30,,1195074,1,,,1,70,,1195065,1,,,1,30,,1195075,1,,,1,70,,1089028,1,,,1,30,,1195061,1,,,1,70,,1057858,1,,,1,30,,1195085,1,,,1,70,,1195079,1,,,1,30,,1195087,1,,,1,70,,1195064,1,,,1,30,,1063809,1,,,1,70,,1195080,1,,,1,30,,1195066,1,,,1,70,,1195062,1,,,1,30,,1080559,1,,,1,70,,1195078,1,,,1,30,,1195084,1,,,1,70,,1195071,1,,,1,100,,1195059,1,,,1
18900,'11',520,,1195111,1,,,1,100,,1195096,1,,,1,30,,1195105,1,0,11 2 12,1,70,,1019529,1,,,1,30,,1195106,1,0,11 2 12,1,70,,1103422,1,,,1,30,,1195102,1,,,1,70,,1069870,1,,,1,30,,1195089,1,,,1,70,,1195097,1,,,1,30,,1195112,1,,,1,71,,1195098,1,,,1,30,,1195115,1,,,1,69,,1195092,1,,,1,30,,1087273,1,,,1,70,,1195101,1,,,1,30,,1195099,1,,,1,70,,1195110,1,,,1,30,,1195103,1,,,1,70,,1195094,1,,,1,30,,1195104,1,,,1,70,,1089278,1,,,1,30,,1195090,1,,,1,70,,1057727,1,,,1,30,,1195114,1,,,1,70,,1195108,1,,,1,30,,1195116,1,,,1,70,,1195093,1,,,1,30,,1064215,1,,,1,70,,1195109,1,,,1,30,,1195095,1,,,1,70,,1195091,1,,,1,30,,1080789,1,,,1,70,,1195107,1,,,1,30,,1195113,1,,,1,70,,1195100,1,,,1,100,,1195088,1,,,1
18900,'12',520,,1195120,1,,,1,100,,1195129,1,,,1,30,,1195132,1,0,11 2 12,1,70,,1195125,1,,,1,30,,1195133,1,0,11 2 12,1,70,,1195135,1,,,1,30,,1195148,1,,,1,70,,1195145,1,,,1,30,,1195142,1,,,1,70,,1195122,1,,,1,30,,1195136,1,,,1,71,,1195119,1,,,1,30,,1195143,1,,,1,69,,1195127,1,,,1,30,,1195139,1,,,1,70,,1195144,1,,,1,30,,1091556,1,,,1,70,,1195150,1,,,1,30,,1195118,1,,,1,70,,1195134,1,,,1,30,,1195149,1,,,1,70,,1195128,1,,,1,30,,1195117,1,,,1,70,,1195141,1,,,1,30,,1195121,1,,,1,70,,1195124,1,,,1,30,,1195126,1,,,1,70,,1195137,1,,,1,30,,1195147,1,,,1,70,,1195146,1,,,1,30,,1195138,1,,,1,70,,1195130,1,,,1,30,,1195131,1,,,1,70,,1089468,1,,,1,30,,1195140,1,,,1,70,,1195151,1,,,1,100,,1195123,1,,,1
18900,'13',700,,1195155,1,0,11 2 12,1,100,,1195157,1,0,11 2 12,1,100,,1195152,1,0,11 2 12,1,100,,1195156,1,0,11 2 12,1,100,,1195160,1,0,11 2 12,1,100,,1195164,1,0,11 2 12,1,100,,1195161,1,0,11 2 12,1,100,,1195159,1,0,11 2 12,1,100,,1101718,1,0,11 2 12,1,100,,1195163,1,0,11 2 12,1,100,,1195154,1,0,11 2 12,1,100,,1195158,1,0,11 2 12,1,100,,1195162,1,0,11 2 12,1,100,,1195153,1,0,11 2 12,1
18900,'14',520,,1195192,1,,,1,100,,1195176,1,,,1,30,,1195186,1,0,11 2 12,1,70,,1195173,1,,,1,30,,1195187,1,0,11 2 12,1,70,,1195199,1,,,1,30,,1195182,1,,,1,70,,1195183,1,,,1,30,,1195167,1,,,1,70,,1195177,1,,,1,30,,1195193,1,,,1,71,,1195178,1,,,1,30,,1195196,1,,,1,69,,1195171,1,,,1,30,,1195170,1,,,1,70,,1195181,1,,,1,30,,1195179,1,,,1,70,,1195191,1,,,1,30,,1195184,1,,,1,70,,1195174,1,,,1,30,,1195185,1,,,1,70,,1195201,1,,,1,30,,1195168,1,,,1,70,,1195197,1,,,1,30,,1195195,1,,,1,70,,1195189,1,,,1,30,,1195198,1,,,1,70,,1195172,1,,,1,30,,1195200,1,,,1,70,,1195190,1,,,1,30,,1195175,1,,,1,70,,1195169,1,,,1,30,,1195165,1,,,1,70,,1195188,1,,,1,30,,1195194,1,,,1,70,,1195180,1,,,1,100,,1195166,1,,,1
18900,'15',520,,1195216,1,,,1,100,,1195217,1,,,1,30,,1195215,1,0,11 2 12,1,70,,1195236,1,,,1,30,,1195226,1,0,11 2 12,1,70,,1195230,1,,,1,30,,1195238,1,,,1,70,,1195210,1,,,1,30,,1195223,1,,,1,70,,1195211,1,,,1,30,,1195213,1,,,1,71,,1195224,1,,,1,30,,1195228,1,,,1,69,,1195231,1,,,1,30,,1195234,1,,,1,70,,1195219,1,,,1,30,,1195221,1,,,1,70,,1195227,1,,,1,30,,1195207,1,,,1,70,,1195235,1,,,1,30,,1195220,1,,,1,70,,1195233,1,,,1,30,,1195203,1,,,1,70,,1195202,1,,,1,30,,1195205,1,,,1,70,,1195214,1,,,1,30,,1195232,1,,,1,70,,1195222,1,,,1,30,,1195212,1,,,1,70,,1195208,1,,,1,30,,1195218,1,,,1,70,,1195206,1,,,1,30,,1195229,1,,,1,70,,1195225,1,,,1,30,,1195237,1,,,1,70,,1195209,1,,,1,100,,1195204,1,,,1
18900,'16',520,,1037975,1,,,1,100,,1195249,1,,,1,30,,1195252,1,0,11 2 12,1,70,,1195245,1,,,1,30,,1195253,1,0,11 2 12,1,70,,1195255,1,,,1,30,,1090920,1,,,1,70,,1195265,1,,,1,30,,1195262,1,,,1,70,,1101200,1,,,1,30,,1195256,1,,,1,71,,1195242,1,,,1,30,,1195263,1,,,1,69,,1195247,1,,,1,30,,1195259,1,,,1,70,,1195264,1,,,1,30,,1195241,1,,,1,70,,1195269,1,,,1,30,,1195240,1,,,1,70,,1195254,1,,,1,30,,1195268,1,,,1,70,,1195248,1,,,1,30,,1195239,1,,,1,70,,1195261,1,,,1,30,,1195243,1,,,1,70,,1195244,1,,,1,30,,1195246,1,,,1,70,,1195257,1,,,1,30,,1195267,1,,,1,70,,1195266,1,,,1,30,,1195258,1,,,1,70,,1195250,1,,,1,30,,1195251,1,,,1,70,,1195270,1,,,1,30,,1195260,1,,,1,70,,1195271,1,,,1,100,,1093822,1,,,1
18900,'17',700,,1195276,1,0,11 2 12,1,100,,1195278,1,0,11 2 12,1,100,,1195273,1,0,11 2 12,1,100,,1195277,1,0,11 2 12,1,100,,1195281,1,0,11 2 12,1,100,,1195285,1,0,11 2 12,1,100,,1195282,1,0,11 2 12,1,100,,1195280,1,0,11 2 12,1,100,,1195272,1,0,11 2 12,1,100,,1195284,1,0,11 2 12,1,100,,1195275,1,0,11 2 12,1,100,,1195279,1,0,11 2 12,1,100,,1195283,1,0,11 2 12,1,100,,1195274,1,0,11 2 12,1
18900,'2',700,,1195292,1,0,11 2 12,1,100,,1195296,1,0,11 2 12,1,100,,1195288,1,0,11 2 12,1,100,,1087071,1,0,11 2 12,1,100,,1195295,1,0,11 2 12,1,100,,1195289,1,0,11 2 12,1,100,,1195290,1,0,11 2 12,1,100,,1195286,1,0,11 2 12,1,100,,1195291,1,0,11 2 12,1,100,,1195294,1,0,11 2 12,1,100,,1195287,1,0,11 2 12,1,100,,1074706,1,0,11 2 12,1,100,,1195293,1,0,11 2 12,1
18900,'3',700,,1195301,1,0,11 2 12,1,100,,1195303,1,0,11 2 12,1,100,,1195298,1,0,11 2 12,1,100,,1195302,1,0,11 2 12,1,100,,1195306,1,0,11 2 12,1,100,,1195310,1,0,11 2 12,1,100,,1195307,1,0,11 2 12,1,100,,1195305,1,0,11 2 12,1,100,,1195297,1,0,11 2 12,1,100,,1195309,1,0,11 2 12,1,100,,1195300,1,0,11 2 12,1,100,,1195304,1,0,11 2 12,1,100,,1195308,1,0,11 2 12,1,100,,1195299,1,0,11 2 12,1
18900,'4',700,,1195320,1,0,11 2 12,1,100,,1195318,1,0,11 2 12,1,100,,1195317,1,0,11 2 12,1,100,,1024840,1,0,11 2 12,1,100,,1195312,1,0,11 2 12,1,100,,1195316,1,0,11 2 12,1,100,,1195321,1,0,11 2 12,1,100,,1195314,1,0,11 2 12,1,100,,1195322,1,0,11 2 12,1,100,,1195323,1,0,11 2 12,1,100,,1195319,1,0,11 2 12,1,100,,1195311,1,0,11 2 12,1,100,,1195315,1,0,11 2 12,1,100,,1195313,1,0,11 2 12,1
18900,'5',520,,1195347,1,,,1,100,,1195332,1,,,1,30,,1195341,1,0,11 2 12,1,70,,1019483,1,,,1,30,,1195342,1,0,11 2 12,1,70,,1103418,1,,,1,30,,1195338,1,,,1,70,,1069803,1,,,1,30,,1195325,1,,,1,70,,1195333,1,,,1,30,,1195348,1,,,1,71,,1195334,1,,,1,30,,1195351,1,,,1,69,,1195328,1,,,1,30,,1087180,1,,,1,70,,1195337,1,,,1,30,,1195335,1,,,1,70,,1195346,1,,,1,30,,1195339,1,,,1,70,,1195330,1,,,1,30,,1195340,1,,,1,70,,1089185,1,,,1,30,,1195326,1,,,1,70,,1057608,1,,,1,30,,1195350,1,,,1,70,,1195344,1,,,1,30,,1195352,1,,,1,70,,1195329,1,,,1,30,,1064077,1,,,1,70,,1195345,1,,,1,30,,1195331,1,,,1,70,,1195327,1,,,1,30,,1080702,1,,,1,70,,1195343,1,,,1,30,,1195349,1,,,1,70,,1195336,1,,,1,100,,1195324,1,,,1
18900,'6',520,,1195356,1,,,1,100,,1195365,1,,,1,30,,1195368,1,0,11 2 12,1,70,,1195361,1,,,1,30,,1195369,1,0,11 2 12,1,70,,1195371,1,,,1,30,,1195383,1,,,1,70,,1195381,1,,,1,30,,1195378,1,,,1,70,,1195358,1,,,1,30,,1195372,1,,,1,71,,942562,1,,,1,30,,1195379,1,,,1,69,,1195363,1,,,1,30,,1195375,1,,,1,70,,1195380,1,,,1,30,,1195355,1,,,1,70,,1097591,1,,,1,30,,1195354,1,,,1,70,,1195370,1,,,1,30,,1062270,1,,,1,70,,1195364,1,,,1,30,,1195353,1,,,1,70,,1195377,1,,,1,30,,1195357,1,,,1,70,,1195360,1,,,1,30,,1195362,1,,,1,70,,1195373,1,,,1,30,,922086,1,,,1,70,,1195382,1,,,1,30,,1195374,1,,,1,70,,1195366,1,,,1,30,,1195367,1,,,1,70,,1195384,1,,,1,30,,1195376,1,,,1,70,,1195385,1,,,1,100,,1195359,1,,,1
18900,'7',700,,1195393,1,0,11 2 12,1,100,,1195391,1,0,11 2 12,1,100,,1195389,1,0,11 2 12,1,100,,1195394,1,0,11 2 12,1,100,,1195387,1,0,11 2 12,1,100,,1195398,1,0,11 2 12,1,100,,1195396,1,0,11 2 12,1,100,,1195390,1,0,11 2 12,1,100,,1195386,1,0,11 2 12,1,100,,1195388,1,0,11 2 12,1,100,,1195397,1,0,11 2 12,1,100,,1195395,1,0,11 2 12,1,100,,1195392,1,0,11 2 12,1
18900,'8',520,,1195403,1,,,1,100,,1195412,1,,,1,30,,1195415,1,0,11 2 12,1,70,,1195408,1,,,1,30,,1195416,1,0,11 2 12,1,70,,1195418,1,,,1,30,,1195431,1,,,1,70,,1195428,1,,,1,30,,1195425,1,,,1,70,,1195405,1,,,1,30,,1195419,1,,,1,71,,1195402,1,,,1,30,,1195426,1,,,1,69,,1195410,1,,,1,30,,1195422,1,,,1,70,,1195427,1,,,1,30,,1195401,1,,,1,70,,1195433,1,,,1,30,,1195400,1,,,1,70,,1195417,1,,,1,30,,1195432,1,,,1,70,,1195411,1,,,1,30,,1195399,1,,,1,70,,1195424,1,,,1,30,,1195404,1,,,1,70,,1195407,1,,,1,30,,1195409,1,,,1,70,,1195420,1,,,1,30,,1195430,1,,,1,70,,1195429,1,,,1,30,,1195421,1,,,1,70,,1195413,1,,,1,30,,1195414,1,,,1,70,,1195434,1,,,1,30,,1195423,1,,,1,70,,1195435,1,,,1,100,,1195406,1,,,1
18900,'9',520,,1195459,1,,,1,100,,1195444,1,,,1,30,,1195453,1,0,11 2 12,1,70,,1019549,1,,,1,30,,1195454,1,0,11 2 12,1,70,,1103416,1,,,1,30,,1195450,1,,,1,70,,1069727,1,,,1,30,,1195437,1,,,1,70,,1195445,1,,,1,30,,1195460,1,,,1,71,,1195446,1,,,1,30,,1195463,1,,,1,69,,1195440,1,,,1,30,,1087089,1,,,1,70,,1195449,1,,,1,30,,1195447,1,,,1,70,,1195458,1,,,1,30,,1195451,1,,,1,70,,1195442,1,,,1,30,,1195452,1,,,1,70,,1089091,1,,,1,30,,1195438,1,,,1,70,,1057789,1,,,1,30,,1195462,1,,,1,70,,1195456,1,,,1,30,,1195464,1,,,1,70,,1195441,1,,,1,30,,1063906,1,,,1,70,,1195457,1,,,1,30,,1195443,1,,,1,70,,1195439,1,,,1,30,,1080613,1,,,1,70,,1195455,1,,,1,30,,1195461,1,,,1,70,,1195448,1,,,1,100,,1195436,1,,,1
18901,'1',525,,1195484,39,4,,1,83,,1195483,39,4,,1,36,,1195472,39,4,,1,70,,1195471,39,4,,1,30,,1195489,39,4,,1,78,,1195488,39,4,,1,30,,1024462,39,4,,1,67,,1195482,39,4,,1,25,,1195494,39,4,,1,70,,1195468,39,4,,1,30,,1195474,39,4,,1,74,,1195477,39,4,,1,30,,1095217,39,4,,1,69,,1195487,39,4,,1,30,,1092164,39,4,,1,70,,1195496,39,4,,1,30,,1195490,39,4,,1,70,,1195493,39,4,,1,36,,1195476,39,4,,1,102,,1195469,39,4,,1,70,,1195491,39,4,,1,30,,1195480,39,4,,1,70,,1195470,39,4,,1,30,,1195479,39,4,,1,70,,1195465,39,4,,1,27,,1195473,39,4,,1,65,,1004375,39,4,,1,30,,1195495,39,4,,1,70,,1195467,39,4,,1,30,,1195475,39,4,,1,70,,1195481,39,4,,1,30,,1195478,39,4,,1,66,,1029461,39,4,,1,27,,1195486,39,4,,1,70,,1195485,39,4,,1,30,,1195497,39,4,,1,65,,1195466,39,4,,1,95,,1195492,39,4,,1
18901,'10',525,,1195517,39,4,,1,83,,1195516,39,4,,1,36,,1195505,39,4,,1,70,,1195504,39,4,,1,30,,1195522,39,4,,1,78,,1195521,39,4,,1,30,,1024570,39,4,,1,67,,1195515,39,4,,1,25,,1195527,39,4,,1,70,,1195501,39,4,,1,30,,1195507,39,4,,1,74,,1195510,39,4,,1,30,,1094971,39,4,,1,69,,1195520,39,4,,1,30,,1092003,39,4,,1,70,,1195529,39,4,,1,30,,1195523,39,4,,1,70,,1195526,39,4,,1,36,,1195509,39,4,,1,102,,1195502,39,4,,1,70,,1195524,39,4,,1,30,,1195513,39,4,,1,70,,1195503,39,4,,1,30,,1195512,39,4,,1,70,,1195498,39,4,,1,27,,1195506,39,4,,1,65,,1004511,39,4,,1,30,,1195528,39,4,,1,70,,1195500,39,4,,1,30,,1195508,39,4,,1,70,,1195514,39,4,,1,30,,1195511,39,4,,1,66,,1029555,39,4,,1,27,,1195519,39,4,,1,70,,1195518,39,4,,1,30,,1195530,39,4,,1,65,,1195499,39,4,,1,95,,1195525,39,4,,1
18901,'11',525,,1195550,39,4,,1,83,,1195549,39,4,,1,36,,1195538,39,4,,1,70,,1195537,39,4,,1,30,,1195555,39,4,,1,78,,1195554,39,4,,1,30,,1024433,39,4,,1,67,,1195548,39,4,,1,25,,1195560,39,4,,1,70,,1195534,39,4,,1,30,,1195540,39,4,,1,74,,1195543,39,4,,1,30,,1095291,39,4,,1,69,,1195553,39,4,,1,30,,1092209,39,4,,1,70,,1195562,39,4,,1,30,,1195556,39,4,,1,70,,1195559,39,4,,1,36,,1195542,39,4,,1,102,,1195535,39,4,,1,70,,1195557,39,4,,1,30,,1195546,39,4,,1,70,,1195536,39,4,,1,30,,1195545,39,4,,1,70,,1195531,39,4,,1,27,,1195539,39,4,,1,65,,1004337,39,4,,1,30,,1195561,39,4,,1,70,,1195533,39,4,,1,30,,1195541,39,4,,1,70,,1195547,39,4,,1,30,,1195544,39,4,,1,66,,1029432,39,4,,1,27,,1195552,39,4,,1,70,,1195551,39,4,,1,30,,1195563,39,4,,1,65,,1195532,39,4,,1,95,,1195558,39,4,,1
18901,'12',525,,1195592,39,4,,1,83,,1195594,39,4,,1,36,,1195587,39,4,,1,70,,1195585,39,4,,1,30,,1195568,39,4,,1,78,,1195588,39,4,,1,30,,1195567,39,4,,1,67,,1195583,39,4,,1,25,,1195569,39,4,,1,70,,1195570,39,4,,1,30,,1195574,39,4,,1,74,,924444,39,4,,1,30,,1195589,39,4,,1,69,,1062504,39,4,,1,30,,1195578,39,4,,1,70,,1195590,39,4,,1,30,,1195576,39,4,,1,70,,1195571,39,4,,1,36,,1195579,39,4,,1,102,,1195565,39,4,,1,70,,962799,39,4,,1,30,,1195564,39,4,,1,70,,1195581,39,4,,1,30,,1195591,39,4,,1,70,,1195597,39,4,,1,27,,1195586,39,4,,1,65,,1195593,39,4,,1,30,,1195584,39,4,,1,70,,1195573,39,4,,1,30,,1033051,39,4,,1,70,,1195596,39,4,,1,30,,1195595,39,4,,1,66,,1195575,39,4,,1,27,,1195572,39,4,,1,70,,1195577,39,4,,1,30,,1195566,39,4,,1,65,,1195580,39,4,,1,95,,1195582,39,4,,1
18901,'13',653,,1195601,39,4,,1,100,,1195610,39,4,,1,102,,1195608,39,4,,1,100,,1195598,39,4,,1,100,,1195600,39,4,,1,100,,1195609,39,4,,1,100,,1195599,39,4,,1,100,,1195602,39,4,,1,100,,1195611,39,4,,1,100,,1195603,39,4,,1,100,,1195607,39,4,,1,100,,1195605,39,4,,1,98,,1195606,39,4,,1,100,,1195604,39,4,,1
18901,'14',525,,1195636,39,4,,1,83,,1195635,39,4,,1,36,,1195623,39,4,,1,70,,1195622,39,4,,1,30,,1195641,39,4,,1,78,,1195640,39,4,,1,30,,1195620,39,4,,1,67,,1195633,39,4,,1,25,,1195646,39,4,,1,70,,1195618,39,4,,1,30,,1195625,39,4,,1,74,,1195628,39,4,,1,30,,1195634,39,4,,1,69,,1195639,39,4,,1,30,,1195615,39,4,,1,70,,1195648,39,4,,1,30,,1195642,39,4,,1,70,,1195645,39,4,,1,36,,1195627,39,4,,1,102,,1195619,39,4,,1,70,,1195643,39,4,,1,30,,1195631,39,4,,1,70,,1195621,39,4,,1,30,,1195630,39,4,,1,70,,1195612,39,4,,1,27,,1195624,39,4,,1,65,,1195613,39,4,,1,30,,1195647,39,4,,1,70,,1195617,39,4,,1,30,,1195626,39,4,,1,70,,1195632,39,4,,1,30,,1195629,39,4,,1,66,,1195616,39,4,,1,27,,1195638,39,4,,1,70,,1195637,39,4,,1,30,,1195649,39,4,,1,65,,1195614,39,4,,1,95,,1195644,39,4,,1
18901,'15',525,,1195669,39,4,,1,83,,1195671,39,4,,1,36,,1195681,39,4,,1,70,,1195684,39,4,,1,30,,1195650,39,4,,1,78,,1195672,39,4,,1,30,,1195682,39,4,,1,67,,1195673,39,4,,1,25,,1195683,39,4,,1,70,,1195662,39,4,,1,30,,1195654,39,4,,1,74,,1195680,39,4,,1,30,,1195668,39,4,,1,69,,1195679,39,4,,1,30,,1195678,39,4,,1,70,,1195674,39,4,,1,30,,1195656,39,4,,1,70,,1195661,39,4,,1,36,,1195657,39,4,,1,102,,1195660,39,4,,1,70,,1195685,39,4,,1,30,,1195651,39,4,,1,70,,1195666,39,4,,1,30,,1195664,39,4,,1,70,,1195655,39,4,,1,27,,1195675,39,4,,1,65,,1195670,39,4,,1,30,,1195653,39,4,,1,70,,1195663,39,4,,1,30,,1195687,39,4,,1,70,,1195652,39,4,,1,30,,1195665,39,4,,1,66,,1195676,39,4,,1,27,,1195667,39,4,,1,70,,1195677,39,4,,1,30,,1195686,39,4,,1,65,,1195658,39,4,,1,95,,1195659,39,4,,1
18901,'16',525,,1195717,39,4,,1,83,,1097886,39,4,,1,36,,1195712,39,4,,1,70,,1195710,39,4,,1,30,,1195694,39,4,,1,78,,1195713,39,4,,1,30,,1195693,39,4,,1,67,,1195708,39,4,,1,25,,1195695,39,4,,1,70,,1077979,39,4,,1,30,,1195699,39,4,,1,74,,1195718,39,4,,1,30,,1195714,39,4,,1,69,,1195690,39,4,,1,30,,1195703,39,4,,1,70,,1195715,39,4,,1,30,,1195701,39,4,,1,70,,1195696,39,4,,1,36,,1195704,39,4,,1,102,,1195691,39,4,,1,70,,1195688,39,4,,1,30,,1099531,39,4,,1,70,,1195706,39,4,,1,30,,1195716,39,4,,1,70,,1195720,39,4,,1,27,,1195711,39,4,,1,65,,1077516,39,4,,1,30,,1195709,39,4,,1,70,,1195698,39,4,,1,30,,1195689,39,4,,1,70,,1195719,39,4,,1,30,,1045806,39,4,,1,66,,1195700,39,4,,1,27,,1195697,39,4,,1,70,,1195702,39,4,,1,30,,1195692,39,4,,1,65,,1195705,39,4,,1,95,,1195707,39,4,,1
18901,'17',653,,1195724,39,4,,1,100,,1195733,39,4,,1,102,,1195731,39,4,,1,100,,1195721,39,4,,1,100,,1195723,39,4,,1,100,,1195732,39,4,,1,100,,1195722,39,4,,1,100,,1195725,39,4,,1,100,,1195734,39,4,,1,100,,1195726,39,4,,1,100,,1195730,39,4,,1,100,,1195728,39,4,,1,98,,1195729,39,4,,1,100,,1195727,39,4,,1
18901,'2',653,,967671,39,4,,1,100,,1195736,39,4,,1,102,,1195735,39,4,,1,100,,1195744,39,4,,1,100,,1195738,39,4,,1,100,,1195745,39,4,,1,100,,1195737,39,4,,1,100,,1195746,39,4,,1,100,,1195739,39,4,,1,100,,1195740,39,4,,1,100,,1195743,39,4,,1,100,,1195742,39,4,,1,98,,1195741,39,4,,1
18901,'3',653,,1195750,39,4,,1,100,,1195759,39,4,,1,102,,1195757,39,4,,1,100,,1195747,39,4,,1,100,,1195749,39,4,,1,100,,1195758,39,4,,1,100,,1195748,39,4,,1,100,,1195751,39,4,,1,100,,1195760,39,4,,1,100,,1195752,39,4,,1,100,,1195756,39,4,,1,100,,1195754,39,4,,1,98,,1195755,39,4,,1,100,,1195753,39,4,,1
18901,'4',653,,1195771,39,4,,1,100,,1093277,39,4,,1,102,,1075402,39,4,,1,100,,1195769,39,4,,1,100,,1195766,39,4,,1,100,,1195761,39,4,,1,100,,1195765,39,4,,1,100,,1195762,39,4,,1,100,,1195767,39,4,,1,100,,1195770,39,4,,1,100,,1195764,39,4,,1,100,,1195768,39,4,,1,98,,1195763,39,4,,1,100,,1195772,39,4,,1
18901,'5',525,,1195792,39,4,,1,83,,1195791,39,4,,1,36,,1195780,39,4,,1,70,,1195779,39,4,,1,30,,1195797,39,4,,1,78,,1195796,39,4,,1,30,,1024269,39,4,,1,67,,1195790,39,4,,1,25,,1195802,39,4,,1,70,,1195776,39,4,,1,30,,1195782,39,4,,1,74,,1195785,39,4,,1,30,,1095169,39,4,,1,69,,1195795,39,4,,1,30,,1092131,39,4,,1,70,,1195804,39,4,,1,30,,1195798,39,4,,1,70,,1195801,39,4,,1,36,,1195784,39,4,,1,102,,1195777,39,4,,1,70,,1195799,39,4,,1,30,,1195788,39,4,,1,70,,1195778,39,4,,1,30,,1195787,39,4,,1,70,,1195773,39,4,,1,27,,1195781,39,4,,1,65,,1004133,39,4,,1,30,,1195803,39,4,,1,70,,1195775,39,4,,1,30,,1195783,39,4,,1,70,,1195789,39,4,,1,30,,1195786,39,4,,1,66,,1029287,39,4,,1,27,,1195794,39,4,,1,70,,1195793,39,4,,1,30,,1195805,39,4,,1,65,,1195774,39,4,,1,95,,1195800,39,4,,1
18901,'6',525,,1195831,39,4,,1,83,,1195834,39,4,,1,36,,1195826,39,4,,1,70,,1195824,39,4,,1,30,,1195810,39,4,,1,78,,1195827,39,4,,1,30,,1035058,39,4,,1,67,,1195822,39,4,,1,25,,1023188,39,4,,1,70,,1195811,39,4,,1,30,,1195813,39,4,,1,74,,1195833,39,4,,1,30,,1195828,39,4,,1,69,,1195809,39,4,,1,30,,1195817,39,4,,1,70,,1195829,39,4,,1,30,,1195815,39,4,,1,70,,1084821,39,4,,1,36,,1195818,39,4,,1,102,,1062709,39,4,,1,70,,1195806,39,4,,1,30,,1195808,39,4,,1,70,,1195820,39,4,,1,30,,1195830,39,4,,1,70,,1027714,39,4,,1,27,,1195825,39,4,,1,65,,1195832,39,4,,1,30,,1195823,39,4,,1,70,,1083707,39,4,,1,30,,1195807,39,4,,1,70,,1195836,39,4,,1,30,,1195835,39,4,,1,66,,1195814,39,4,,1,27,,1195812,39,4,,1,70,,1195816,39,4,,1,30,,1096867,39,4,,1,65,,1195819,39,4,,1,95,,1195821,39,4,,1
18901,'7',653,,1195843,39,4,,1,100,,1195842,39,4,,1,102,,1195847,39,4,,1,100,,1195845,39,4,,1,100,,1195838,39,4,,1,100,,1195837,39,4,,1,100,,1195848,39,4,,1,100,,1195841,39,4,,1,100,,1195839,39,4,,1,100,,1195849,39,4,,1,100,,1195840,39,4,,1,100,,1195846,39,4,,1,98,,1195844,39,4,,1
18901,'8',525,,1195881,39,4,,1,83,,1195884,39,4,,1,36,,1195876,39,4,,1,70,,1195874,39,4,,1,30,,1195857,39,4,,1,78,,1195877,39,4,,1,30,,1195856,39,4,,1,67,,1195872,39,4,,1,25,,1195858,39,4,,1,70,,1195859,39,4,,1,30,,1195863,39,4,,1,74,,1195883,39,4,,1,30,,1195878,39,4,,1,69,,1195853,39,4,,1,30,,1195867,39,4,,1,70,,1195879,39,4,,1,30,,1195865,39,4,,1,70,,1195860,39,4,,1,36,,1195868,39,4,,1,102,,1195854,39,4,,1,70,,1195850,39,4,,1,30,,1195852,39,4,,1,70,,1195870,39,4,,1,30,,1195880,39,4,,1,70,,1195887,39,4,,1,27,,1195875,39,4,,1,65,,1195882,39,4,,1,30,,1195873,39,4,,1,70,,1195862,39,4,,1,30,,1195851,39,4,,1,70,,1195886,39,4,,1,30,,1195885,39,4,,1,66,,1195864,39,4,,1,27,,1195861,39,4,,1,70,,1195866,39,4,,1,30,,1195855,39,4,,1,65,,1195869,39,4,,1,95,,1195871,39,4,,1
18901,'9',525,,1195907,39,4,,1,83,,1195906,39,4,,1,36,,1195895,39,4,,1,70,,1195894,39,4,,1,30,,1195912,39,4,,1,78,,1195911,39,4,,1,30,,1024491,39,4,,1,67,,1195905,39,4,,1,25,,1195917,39,4,,1,70,,1195891,39,4,,1,30,,1195897,39,4,,1,74,,1195900,39,4,,1,30,,1095045,39,4,,1,69,,1195910,39,4,,1,30,,1092057,39,4,,1,70,,1195919,39,4,,1,30,,1195913,39,4,,1,70,,1195916,39,4,,1,36,,1195899,39,4,,1,102,,1195892,39,4,,1,70,,1195914,39,4,,1,30,,1195903,39,4,,1,70,,1195893,39,4,,1,30,,1195902,39,4,,1,70,,1195888,39,4,,1,27,,1195896,39,4,,1,65,,1004413,39,4,,1,30,,1195918,39,4,,1,70,,1195890,39,4,,1,30,,1195898,39,4,,1,70,,1195904,39,4,,1,30,,1195901,39,4,,1,66,,1029490,39,4,,1,27,,1195909,39,4,,1,70,,1195908,39,4,,1,30,,1195920,39,4,,1,65,,1195889,39,4,,1,95,,1195915,39,4,,1
27500,'1',612,,1197595,29,4,,1,27,,1197596,29,4,,1,71,,1197594,29,4,,1,25,,999104,29,4,,1,75,,1197597,29,4,,1,45,,1197593,29,4,,1
27500,'10',612,,1197600,29,4,,1,27,,1197601,29,4,,1,71,,1197599,29,4,,1,25,,999184,29,4,,1,75,,1197602,29,4,,1,45,,1197598,29,4,,1
27500,'11',612,,1197605,29,4,,1,27,,1197606,29,4,,1,71,,1197604,29,4,,1,25,,999082,29,4,,1,75,,1197607,29,4,,1,45,,1197603,29,4,,1
27500,'12',612,,1197609,29,4,,1,27,,1197608,29,4,,1,71,,1197611,29,4,,1,25,,1197610,29,4,,1,75,,1197613,29,4,,1,45,,1197612,29,4,,1
27500,'14',612,,1197617,29,4,,1,27,,1197618,29,4,,1,71,,1197616,29,4,,1,25,,1197615,29,4,,1,75,,1197619,29,4,,1,45,,1197614,29,4,,1
27500,'15',612,,1197621,29,4,,1,27,,1197623,29,4,,1,71,,1197620,29,4,,1,25,,1197624,29,4,,1,75,,1197625,29,4,,1,45,,1197622,29,4,,1
27500,'16',612,,1197627,29,4,,1,27,,1197626,29,4,,1,71,,1197629,29,4,,1,25,,1197628,29,4,,1,75,,1197631,29,4,,1,45,,1197630,29,4,,1
27500,'5',612,,1197634,29,4,,1,27,,1197635,29,4,,1,71,,1197633,29,4,,1,25,,998945,29,4,,1,75,,1197636,29,4,,1,45,,1197632,29,4,,1
27500,'6',612,,1035674,29,4,,1,27,,1050602,29,4,,1,71,,1197638,29,4,,1,25,,1197637,29,4,,1,75,,1197640,29,4,,1,45,,1197639,29,4,,1
27500,'8',612,,1197642,29,4,,1,27,,1197641,29,4,,1,71,,1197644,29,4,,1,25,,1197643,29,4,,1,75,,1197646,29,4,,1,45,,1197645,29,4,,1
27500,'9',612,,1197649,29,4,,1,27,,1197650,29,4,,1,71,,1197648,29,4,,1,25,,999126,29,4,,1,75,,1197651,29,4,,1,45,,1197647,29,4,,1
27700,'1',623,,1197728,23,4,,1,30,,1197730,23,4,,1,70,,1197727,23,4,,1,32,,1079553,23,4,,1,70,,1197731,23,4,,1,84,,1197729,23,4,,1
27700,'10',623,,1197733,23,4,,1,30,,1197735,23,4,,1,70,,1197732,23,4,,1,32,,1079361,23,4,,1,70,,1197736,23,4,,1,84,,1197734,23,4,,1
27700,'11',623,,1197738,23,4,,1,30,,1197740,23,4,,1,70,,1197737,23,4,,1,32,,1079612,23,4,,1,70,,1197741,23,4,,1,84,,1197739,23,4,,1
27700,'12',623,,1197746,23,4,,1,30,,1197744,23,4,,1,70,,1197742,23,4,,1,32,,1197743,23,4,,1,70,,1197745,23,4,,1,84,,1197747,23,4,,1
27700,'14',623,,1197750,23,4,,1,30,,1197752,23,4,,1,70,,1197748,23,4,,1,32,,1197749,23,4,,1,70,,1197753,23,4,,1,84,,1197751,23,4,,1
27700,'15',623,,1197758,23,4,,1,30,,1197754,23,4,,1,70,,1197759,23,4,,1,32,,1197756,23,4,,1,70,,1197757,23,4,,1,84,,1197755,23,4,,1
27700,'16',623,,1197763,23,4,,1,30,,1197762,23,4,,1,70,,1197760,23,4,,1,32,,1197761,23,4,,1,70,,1083249,23,4,,1,84,,1197764,23,4,,1
27700,'5',623,,1197766,23,4,,1,30,,1197768,23,4,,1,70,,1197765,23,4,,1,32,,1079519,23,4,,1,70,,1197769,23,4,,1,84,,1197767,23,4,,1
27700,'6',623,,1197774,23,4,,1,30,,1197772,23,4,,1,70,,1197770,23,4,,1,32,,1197771,23,4,,1,70,,1197773,23,4,,1,84,,1197775,23,4,,1
27700,'8',623,,1197780,23,4,,1,30,,1197778,23,4,,1,70,,1197776,23,4,,1,32,,1197777,23,4,,1,70,,1197779,23,4,,1,84,,1197781,23,4,,1
27700,'9',623,,1197783,23,4,,1,30,,1197785,23,4,,1,70,,1197782,23,4,,1,32,,1079420,23,4,,1,70,,1197786,23,4,,1,84,,1197784,23,4,,1
27900,'1',646,,1100962,39,4,,1,104,,1197853,39,4,,1,101,,1197854,39,4,,1
27900,'10',646,,1100801,39,4,,1,104,,1197855,39,4,,1,101,,1197856,39,4,,1
27900,'11',646,,1100999,39,4,,1,104,,1197857,39,4,,1,101,,1197858,39,4,,1
27900,'12',646,,1197861,39,4,,1,104,,1197860,39,4,,1,101,,1197859,39,4,,1
27900,'14',646,,1197862,39,4,,1,104,,1197863,39,4,,1,101,,1197864,39,4,,1
27900,'15',646,,1197865,39,4,,1,104,,1197866,39,4,,1,101,,1197867,39,4,,1
27900,'16',646,,1197869,39,4,,1,104,,1197868,39,4,,1,101,,1078738,39,4,,1
27900,'5',646,,1100940,39,4,,1,104,,1197870,39,4,,1,101,,1197871,39,4,,1
27900,'6',646,,1197874,39,4,,1,104,,1197873,39,4,,1,101,,1197872,39,4,,1
27900,'8',646,,1197877,39,4,,1,104,,1197876,39,4,,1,101,,1197875,39,4,,1
27900,'9',646,,1100849,39,4,,1,104,,1197878,39,4,,1,101,,1197879,39,4,,1
30500,'11',1039,,1198197,52,,,1
30500,'15',1039,,1198198,52,,,1
30501,'11',1439,,1198199,11,,,1
30501,'15',1439,,1198200,11,,,1
40600,'14',1753,,1198212,30,,,1
40600,'15',1753,,1198213,30,,,1
45600,'15',1651,,1198257,13,,,1,52,,1198265,13,,,1,12,,1198263,13,,,1,12,,1198261,13,,,1,12,,1198260,13,,,1,12,,1198259,13,,,1,55,,1198264,13,,,1,12,,1198262,13,,,1,12,,1198258,13,,,1
61000,'1',738,,1198911,1,,,1
61000,'10',738,,1198912,1,,,1
61000,'11',738,,1198913,1,,,1
61000,'12',738,,1078614,1,,,1
61000,'14',738,,1198914,1,,,1
61000,'15',738,,1198915,1,,,1
61000,'16',738,,1198916,1,,,1
61000,'5',738,,1198917,1,,,1
61000,'6',738,,1198918,1,,,1
61000,'8',738,,1198919,1,,,1
61000,'9',738,,1198920,1,,,1
61001,'1',1525,,1198921,44,4,,1
61001,'10',1525,,1198922,44,4,,1
61001,'11',1525,,1198923,44,4,,1
61001,'12',1525,,1198924,44,4,,1
61001,'14',1525,,1198925,44,4,,1
61001,'15',1525,,1198926,44,4,,1
61001,'16',1525,,1198927,44,4,,1
61001,'5',1525,,1198928,44,4,,1
61001,'6',1525,,1198929,44,4,,1
61001,'8',1525,,1198930,44,4,,1
61001,'9',1525,,1198931,44,4,,1
64600,'1',805,,1199503,50,,,1
64600,'10',805,,1199505,50,,,1
64600,'11',805,,1199507,50,,,1
64600,'12',805,,1199509,50,,,1
64600,'14',805,,1199511,50,,,1
64600,'15',805,,1199513,50,,,1
64600,'16',805,,1199515,50,,,1
64600,'5',805,,1199517,50,,,1
64600,'6',805,,1199519,50,,,1
64600,'8',805,,1199521,50,,,1
64600,'9',805,,1199523,50,,,1
64601,'1',1613,,1199525,49,,,1
64601,'10',1613,,1199527,49,,,1
64601,'11',1613,,1199529,49,,,1
64601,'12',1613,,1199530,49,,,1
64601,'14',1613,,1199532,49,,,1
64601,'15',1613,,1199534,49,,,1
64601,'16',1613,,1199536,49,,,1
64601,'5',1613,,1199538,49,,,1
64601,'6',1613,,1199540,49,,,1
64601,'8',1613,,1199542,49,,,1
64601,'9',1613,,1199544,49,,,1
68601,'1',1541,,1200521,23,4,,1
68601,'10',1541,,1200522,23,4,,1
68601,'11',1541,,1200523,23,4,,1
68601,'12',1541,,1200524,23,4,,1
68601,'14',1541,,1200525,23,4,,1
68601,'15',1541,,1200526,23,4,,1
68601,'16',1541,,1200527,23,4,,1
68601,'5',1541,,1200528,23,4,,1
68601,'6',1541,,1200529,23,4,,1
68601,'8',1541,,1200530,23,4,,1
68601,'9',1541,,1200531,23,4,,1
68800,'1',741,,1200554,50,,,1
68800,'10',741,,1200555,50,,,1
68800,'11',741,,1200556,50,,,1
68800,'12',741,,1200558,50,,,1
68800,'14',741,,1200559,50,,,1
68800,'15',741,,1200561,50,,,1
68800,'16',741,,1200564,50,,,1
68800,'5',741,,1200565,50,,,1
68800,'6',741,,1200566,50,,,1
68800,'8',741,,1200568,50,,,1
68800,'9',741,,1200569,50,,,1
68801,'1',1438,,1200571,17,,,1
68801,'10',1438,,1200573,17,,,1
68801,'11',1438,,1200575,17,,,1
68801,'12',1438,,1200578,17,,,1
68801,'14',1438,,1200581,17,,,1
68801,'15',1438,,1200584,17,,,1
68801,'16',1438,,1200587,17,,,1
68801,'5',1438,,1200589,17,,,1
68801,'6',1438,,1200592,17,,,1
68801,'8',1438,,1200595,17,,,1
68801,'9',1438,,1200597,17,,,1
