3100,'1',636,,1127903,1,,,1,70,,1127880,1,,,1,30,,1127879,1,,,1,70,,1127887,1,,,1,30,,1127901,1,,,1,70,,1127900,1,,,1,30,,1127889,1,,,1,70,,1127899,1,,,1,30,,1127885,1,,,1,70,,1127904,1,,,1,30,,1127883,1,,,1,70,,1127898,1,,,1,30,,1127902,1,,,1,70,,1127891,1,,,1,30,,1127878,1,,,1,70,,1054841,1,,,1,100,,1127888,1,,,1,30,,1127886,1,,,1,100,,1127895,1,,,1,70,,1127893,1,,,1,30,,1127890,1,,,1,70,,1127884,1,,,1,30,,1086857,1,,,1,70,,1075016,1,,,1,30,,950269,1,,,1,70,,1127894,1,,,1,30,,1127881,1,,,1,70,,991385,1,,,1,30,,1127896,1,,,1,100,,1127882,1,,,1
3100,'10',636,,1127930,1,,,1,70,,1127907,1,,,1,30,,1127906,1,,,1,70,,1127914,1,,,1,30,,1127928,1,,,1,70,,1127927,1,,,1,30,,1127916,1,,,1,70,,1127926,1,,,1,30,,1127912,1,,,1,70,,1127931,1,,,1,30,,1127910,1,,,1,70,,1127925,1,,,1,30,,1127929,1,,,1,70,,1127918,1,,,1,30,,1127905,1,,,1,70,,1054907,1,,,1,100,,1127915,1,,,1,30,,1127913,1,,,1,100,,1127922,1,,,1,70,,1127920,1,,,1,30,,1127917,1,,,1,70,,1127911,1,,,1,30,,1086797,1,,,1,70,,1074644,1,,,1,30,,950103,1,,,1,70,,1127921,1,,,1,30,,1127908,1,,,1,70,,991360,1,,,1,30,,1127923,1,,,1,100,,1127909,1,,,1
3100,'11',636,,1127957,1,,,1,70,,1127934,1,,,1,30,,1127933,1,,,1,70,,1127941,1,,,1,30,,1127955,1,,,1,70,,1127954,1,,,1,30,,1127943,1,,,1,70,,1127953,1,,,1,30,,1127939,1,,,1,70,,1127958,1,,,1,30,,1127937,1,,,1,70,,1127952,1,,,1,30,,1127956,1,,,1,70,,1127945,1,,,1,30,,1127932,1,,,1,70,,1054824,1,,,1,100,,1127942,1,,,1,30,,1127940,1,,,1,100,,1127949,1,,,1,70,,1127947,1,,,1,30,,1127944,1,,,1,70,,1127938,1,,,1,30,,1086877,1,,,1,70,,1075122,1,,,1,30,,950243,1,,,1,70,,1127948,1,,,1,30,,1127935,1,,,1,70,,991376,1,,,1,30,,1127950,1,,,1,100,,1127936,1,,,1
3100,'12',636,,1127971,1,,,1,70,,1127978,1,,,1,30,,1127964,1,,,1,70,,1127967,1,,,1,30,,1127969,1,,,1,70,,1127972,1,,,1,30,,1127983,1,,,1,70,,1127981,1,,,1,30,,1127966,1,,,1,70,,1127980,1,,,1,30,,1101379,1,,,1,70,,1127961,1,,,1,30,,1127977,1,,,1,70,,1127962,1,,,1,30,,1127959,1,,,1,70,,1098101,1,,,1,100,,1073401,1,,,1,30,,948394,1,,,1,100,,1127986,1,,,1,70,,1127968,1,,,1,30,,1127975,1,,,1,70,,1127970,1,,,1,30,,1127979,1,,,1,70,,1127973,1,,,1,30,,1127963,1,,,1,70,,1127965,1,,,1,30,,1127960,1,,,1,70,,1127985,1,,,1,30,,1127974,1,,,1,100,,1127984,1,,,1
3100,'13',740,,1127991,1,,,1,100,,1127987,1,,,1,100,,1127994,1,,,1,70,,1128001,1,,,1,30,,1127999,1,,,1,70,,1127993,1,,,1,30,,1128002,1,,,1,70,,1127998,1,,,1,30,,1128008,1,,,1,70,,1128007,1,,,1,30,,1127989,1,,,1,70,,1127995,1,,,1,30,,1127996,1,,,1,70,,1128003,1,,,1,30,,1127997,1,,,1,70,,1128004,1,,,1,30,,1127992,1,,,1,70,,1127990,1,,,1,30,,1128006,1,,,1,100,,1128000,1,,,1,100,,1128005,1,,,1,100,,1127988,1,,,1,100,,1128009,1,,,1,100,,1005548,1,,,1
3100,'14',636,,1128038,1,,,1,70,,1128013,1,,,1,30,,1128011,1,,,1,70,,1128021,1,,,1,30,,1128036,1,,,1,70,,1128035,1,,,1,30,,1128023,1,,,1,70,,1128034,1,,,1,30,,1128019,1,,,1,70,,1128039,1,,,1,30,,1128016,1,,,1,70,,1128033,1,,,1,30,,1128037,1,,,1,70,,1128025,1,,,1,30,,1128010,1,,,1,70,,1128017,1,,,1,100,,1128022,1,,,1,30,,1128020,1,,,1,100,,1128029,1,,,1,70,,1128027,1,,,1,30,,1128024,1,,,1,70,,1128018,1,,,1,30,,1128041,1,,,1,70,,1128040,1,,,1,30,,1128032,1,,,1,70,,1128028,1,,,1,30,,1128014,1,,,1,70,,1128012,1,,,1,30,,1128030,1,,,1,100,,1128015,1,,,1
3100,'15',636,,1128058,1,,,1,70,,1128069,1,,,1,30,,1128050,1,,,1,70,,1128042,1,,,1,30,,1128044,1,,,1,70,,1128056,1,,,1,30,,1128062,1,,,1,70,,1128047,1,,,1,30,,1128046,1,,,1,70,,1128052,1,,,1,30,,1128068,1,,,1,70,,1128061,1,,,1,30,,1128065,1,,,1,70,,1128071,1,,,1,30,,1128060,1,,,1,70,,1128057,1,,,1,100,,1128055,1,,,1,30,,1128059,1,,,1,100,,1128045,1,,,1,70,,1128049,1,,,1,30,,1128053,1,,,1,70,,1128043,1,,,1,30,,1128073,1,,,1,70,,1128064,1,,,1,30,,1128051,1,,,1,70,,1128066,1,,,1,30,,1128067,1,,,1,70,,1128063,1,,,1,30,,1128048,1,,,1,100,,1128070,1,,,1
3100,'16',636,,1128084,1,,,1,70,,1128090,1,,,1,30,,1128078,1,,,1,70,,1128080,1,,,1,30,,1128082,1,,,1,70,,1128085,1,,,1,30,,1128096,1,,,1,70,,1128094,1,,,1,30,,1064463,1,,,1,70,,1128093,1,,,1,30,,1128102,1,,,1,70,,1128075,1,,,1,30,,1128089,1,,,1,70,,1128076,1,,,1,30,,1128074,1,,,1,70,,1128099,1,,,1,100,,1128092,1,,,1,30,,1128101,1,,,1,100,,1128100,1,,,1,70,,1128081,1,,,1,30,,1128087,1,,,1,70,,1128083,1,,,1,30,,1128091,1,,,1,70,,1087260,1,,,1,30,,1128077,1,,,1,70,,1128079,1,,,1,30,,1086066,1,,,1,70,,1128098,1,,,1,30,,1128086,1,,,1,100,,1128097,1,,,1
3100,'17',740,,1128108,1,,,1,100,,1128103,1,,,1,100,,1128111,1,,,1,70,,1128118,1,,,1,30,,1128116,1,,,1,70,,1128110,1,,,1,30,,1128119,1,,,1,70,,1128115,1,,,1,30,,1128125,1,,,1,70,,1128124,1,,,1,30,,1128105,1,,,1,70,,1128112,1,,,1,30,,1128113,1,,,1,70,,1128120,1,,,1,30,,1128114,1,,,1,70,,1128121,1,,,1,30,,1128109,1,,,1,70,,1128107,1,,,1,30,,1128123,1,,,1,100,,1128117,1,,,1,100,,1128122,1,,,1,100,,1128104,1,,,1,100,,1128126,1,,,1,100,,1128106,1,,,1
3100,'2',707,,1128150,1,,,1,30,,1096004,1,,,1,70,,1128151,1,,,1,30,,1128145,1,,,1,70,,1128127,1,,,1,30,,1128152,1,,,1,70,,1128148,1,,,1,30,,1055039,1,,,1,70,,1128128,1,,,1,30,,1087793,1,,,1,70,,1128147,1,,,1,30,,1128136,1,,,1,70,,1128140,1,,,1,30,,1128129,1,,,1,70,,1128155,1,,,1,30,,1128154,1,,,1,70,,1128149,1,,,1,30,,1128135,1,,,1,70,,1128143,1,,,1,30,,1128134,1,,,1,70,,1128131,1,,,1,30,,1128144,1,,,1,70,,1128130,1,,,1,30,,1064560,1,,,1,70,,1128138,1,,,1,30,,1128137,1,,,1,70,,1128132,1,,,1,30,,1128139,1,,,1,70,,1128142,1,,,1,30,,1128133,1,,,1,70,,1128141,1,,,1,30,,1128146,1,,,1,70,,1128153,1,,,1
3100,'3',740,,1128161,1,,,1,100,,1128156,1,,,1,100,,1128164,1,,,1,70,,1128171,1,,,1,30,,1128169,1,,,1,70,,1128163,1,,,1,30,,1128172,1,,,1,70,,1128168,1,,,1,30,,1128178,1,,,1,70,,1128177,1,,,1,30,,1128158,1,,,1,70,,1128165,1,,,1,30,,1128166,1,,,1,70,,1128173,1,,,1,30,,1128167,1,,,1,70,,1128174,1,,,1,30,,1128162,1,,,1,70,,1128160,1,,,1,30,,1128176,1,,,1,100,,1128170,1,,,1,100,,1128175,1,,,1,100,,1128157,1,,,1,100,,1128179,1,,,1,100,,1128159,1,,,1
3100,'4',740,,1128200,1,,,1,100,,1128196,1,,,1,100,,1100898,1,,,1,70,,1128183,1,,,1,30,,1128190,1,,,1,70,,1071205,1,,,1,30,,1128192,1,,,1,70,,1128201,1,,,1,30,,1128198,1,,,1,70,,1128197,1,,,1,30,,1128187,1,,,1,70,,1128195,1,,,1,30,,1128182,1,,,1,70,,1128191,1,,,1,30,,1128189,1,,,1,70,,1128184,1,,,1,30,,1128199,1,,,1,70,,1128181,1,,,1,30,,1128194,1,,,1,100,,1128188,1,,,1,100,,1128186,1,,,1,100,,1128180,1,,,1,100,,1128185,1,,,1,100,,1128193,1,,,1
3100,'5',636,,1128227,1,,,1,70,,1128204,1,,,1,30,,1128203,1,,,1,70,,1128211,1,,,1,30,,1128225,1,,,1,70,,1128224,1,,,1,30,,1128213,1,,,1,70,,1128223,1,,,1,30,,1128209,1,,,1,70,,1128228,1,,,1,30,,1128207,1,,,1,70,,1128222,1,,,1,30,,1128226,1,,,1,70,,1128215,1,,,1,30,,1128202,1,,,1,70,,1054708,1,,,1,100,,1128212,1,,,1,30,,1128210,1,,,1,100,,1128219,1,,,1,70,,1128217,1,,,1,30,,1128214,1,,,1,70,,1128208,1,,,1,30,,1086837,1,,,1,70,,1074964,1,,,1,30,,950353,1,,,1,70,,1128218,1,,,1,30,,1128205,1,,,1,70,,991410,1,,,1,30,,1128220,1,,,1,100,,1128206,1,,,1
3100,'6',636,,1128238,1,,,1,70,,1128245,1,,,1,30,,1128231,1,,,1,70,,1128234,1,,,1,30,,1128236,1,,,1,70,,1128239,1,,,1,30,,1128251,1,,,1,70,,1128249,1,,,1,30,,1128233,1,,,1,70,,1128248,1,,,1,30,,1128257,1,,,1,70,,1094344,1,,,1,30,,1128244,1,,,1,70,,1049056,1,,,1,30,,1095724,1,,,1,70,,1128254,1,,,1,100,,1128247,1,,,1,30,,1128256,1,,,1,100,,1128255,1,,,1,70,,1128235,1,,,1,30,,1128242,1,,,1,70,,1128237,1,,,1,30,,1128246,1,,,1,70,,1128240,1,,,1,30,,1128230,1,,,1,70,,1128232,1,,,1,30,,1128229,1,,,1,70,,1128253,1,,,1,30,,1128241,1,,,1,100,,1128252,1,,,1
3100,'7',707,,1128280,1,,,1,30,,1128278,1,,,1,70,,1128268,1,,,1,30,,1128281,1,,,1,70,,1128271,1,,,1,30,,1128269,1,,,1,70,,1128274,1,,,1,30,,1128276,1,,,1,70,,1128282,1,,,1,30,,1128286,1,,,1,70,,1128277,1,,,1,30,,1128285,1,,,1,70,,1128275,1,,,1,30,,1128284,1,,,1,70,,1128262,1,,,1,30,,1128258,1,,,1,70,,1128289,1,,,1,30,,1128290,1,,,1,70,,1128272,1,,,1,30,,1128273,1,,,1,70,,1128267,1,,,1,30,,1128266,1,,,1,70,,1128283,1,,,1,30,,1128279,1,,,1,70,,1128287,1,,,1,30,,1128288,1,,,1,70,,1128270,1,,,1,30,,1128261,1,,,1,70,,1128265,1,,,1,30,,1128260,1,,,1,70,,1128263,1,,,1,30,,1128259,1,,,1,70,,1128264,1,,,1
3100,'8',636,,1128303,1,,,1,70,,1128310,1,,,1,30,,1128296,1,,,1,70,,1128299,1,,,1,30,,1128301,1,,,1,70,,1128304,1,,,1,30,,1128316,1,,,1,70,,1128314,1,,,1,30,,1128298,1,,,1,70,,1128313,1,,,1,30,,1128322,1,,,1,70,,1128293,1,,,1,30,,1128309,1,,,1,70,,1128294,1,,,1,30,,1128291,1,,,1,70,,1128319,1,,,1,100,,1128312,1,,,1,30,,1128321,1,,,1,100,,1128320,1,,,1,70,,1128300,1,,,1,30,,1128307,1,,,1,70,,1128302,1,,,1,30,,1128311,1,,,1,70,,1128305,1,,,1,30,,1128295,1,,,1,70,,1128297,1,,,1,30,,1128292,1,,,1,70,,1128318,1,,,1,30,,1128306,1,,,1,100,,1128317,1,,,1
3100,'9',636,,1128348,1,,,1,70,,1128325,1,,,1,30,,1128324,1,,,1,70,,1128332,1,,,1,30,,1128346,1,,,1,70,,1128345,1,,,1,30,,1128334,1,,,1,70,,1128344,1,,,1,30,,1128330,1,,,1,70,,1128349,1,,,1,30,,1128328,1,,,1,70,,1128343,1,,,1,30,,1128347,1,,,1,70,,1128336,1,,,1,30,,1128323,1,,,1,70,,1054858,1,,,1,100,,1128333,1,,,1,30,,1128331,1,,,1,100,,1128340,1,,,1,70,,1128338,1,,,1,30,,1128335,1,,,1,70,,1128329,1,,,1,30,,1086817,1,,,1,70,,1074758,1,,,1,30,,950327,1,,,1,70,,1128339,1,,,1,30,,1128326,1,,,1,70,,991401,1,,,1,30,,1128341,1,,,1,100,,1128327,1,,,1
3101,'1',634,,1128363,51,4,,1,79,,1128375,51,4,,1,30,,1128372,51,4,,1,70,,1128367,51,4,,1,33,,1128369,51,4,,1,67,,1128366,51,4,,1,25,,1128364,51,4,,1,70,,1128357,51,4,,1,30,,1128358,51,4,,1,70,,1128352,51,4,,1,30,,1128377,51,4,,1,70,,1128359,51,4,,1,31,,1128379,51,4,,1,70,,1128374,51,4,,1,30,,1128378,51,4,,1,70,,1128362,51,4,,1,30,,1128376,51,4,,1,74,,1128350,51,4,,1,103,,1128353,51,4,,1,29,,1128380,51,4,,1,71,,1128355,51,4,,1,29,,1001979,51,4,,1,70,,1128373,51,4,,1,27,,1128354,51,4,,1,66,,1128360,51,4,,1,27,,1066953,51,4,,1,70,,1128361,51,4,,1,28,,1128370,51,4,,1,70,,1128351,51,4,,1,29,,1128356,51,4,,1,70,,1128368,51,4,,1,23,,1128365,51,4,,1
3101,'10',634,,1128394,51,4,,1,79,,1128406,51,4,,1,30,,1128403,51,4,,1,70,,1128398,51,4,,1,33,,1128400,51,4,,1,67,,1128397,51,4,,1,25,,1128395,51,4,,1,70,,1128388,51,4,,1,30,,1128389,51,4,,1,70,,1128383,51,4,,1,30,,1128408,51,4,,1,70,,1128390,51,4,,1,31,,1128410,51,4,,1,70,,1128405,51,4,,1,30,,1128409,51,4,,1,70,,1128393,51,4,,1,30,,1128407,51,4,,1,74,,1128381,51,4,,1,103,,1128384,51,4,,1,29,,1128411,51,4,,1,71,,1128386,51,4,,1,29,,1002160,51,4,,1,70,,1128404,51,4,,1,27,,1128385,51,4,,1,66,,1128391,51,4,,1,27,,1066670,51,4,,1,70,,1128392,51,4,,1,28,,1128401,51,4,,1,70,,1128382,51,4,,1,29,,1128387,51,4,,1,70,,1128399,51,4,,1,23,,1128396,51,4,,1
3101,'11',634,,1128425,51,4,,1,79,,1128437,51,4,,1,30,,1128434,51,4,,1,70,,1128429,51,4,,1,33,,1128431,51,4,,1,67,,1128428,51,4,,1,25,,1128426,51,4,,1,70,,1128419,51,4,,1,30,,1128420,51,4,,1,70,,1128414,51,4,,1,30,,1128439,51,4,,1,70,,1128421,51,4,,1,31,,1128441,51,4,,1,70,,1128436,51,4,,1,30,,1128440,51,4,,1,70,,1128424,51,4,,1,30,,1128438,51,4,,1,74,,1128412,51,4,,1,103,,1128415,51,4,,1,29,,1128442,51,4,,1,71,,1128417,51,4,,1,29,,1001926,51,4,,1,70,,1128435,51,4,,1,27,,1128416,51,4,,1,66,,1128422,51,4,,1,27,,1067029,51,4,,1,70,,1128423,51,4,,1,28,,1128432,51,4,,1,70,,1128413,51,4,,1,29,,1128418,51,4,,1,70,,1128430,51,4,,1,23,,1128427,51,4,,1
3101,'12',634,,1128445,51,4,,1,79,,1128464,51,4,,1,30,,1128452,51,4,,1,70,,1128456,51,4,,1,33,,1128453,51,4,,1,67,,1128470,51,4,,1,25,,1128459,51,4,,1,70,,1128469,51,4,,1,30,,1128461,51,4,,1,70,,1128462,51,4,,1,30,,1128448,51,4,,1,70,,1128455,51,4,,1,31,,1128471,51,4,,1,70,,1128463,51,4,,1,30,,1128458,51,4,,1,70,,1128457,51,4,,1,30,,1128460,51,4,,1,74,,1128467,51,4,,1,103,,1079788,51,4,,1,29,,1128451,51,4,,1,71,,1128446,51,4,,1,29,,1128465,51,4,,1,70,,1128444,51,4,,1,27,,1128468,51,4,,1,66,,1128466,51,4,,1,27,,1023834,51,4,,1,70,,1128454,51,4,,1,28,,1083524,51,4,,1,70,,1075851,51,4,,1,29,,1128443,51,4,,1,70,,1128447,51,4,,1,23,,1128472,51,4,,1
3101,'13',843,,1128479,51,4,,1,102,,1128485,51,4,,1,100,,1128495,51,4,,1,72,,1128476,51,4,,1,30,,1128478,51,4,,1,70,,1128480,51,4,,1,31,,1128473,51,4,,1,70,,1128494,51,4,,1,30,,1128482,51,4,,1,70,,1128484,51,4,,1,30,,1128493,51,4,,1,70,,1128474,51,4,,1,30,,1128496,51,4,,1,70,,1101868,51,4,,1,30,,1128487,51,4,,1,70,,1128492,51,4,,1,30,,1128483,51,4,,1,70,,1128475,51,4,,1,27,,1128489,51,4,,1,70,,1128477,51,4,,1,30,,1128481,51,4,,1,98,,1128486,51,4,,1,100,,1128490,51,4,,1,100,,1128491,51,4,,1,100,,1128488,51,4,,1
3101,'14',634,,1128510,51,4,,1,79,,1128523,51,4,,1,30,,1128520,51,4,,1,70,,1128514,51,4,,1,33,,1128516,51,4,,1,67,,1128513,51,4,,1,25,,1128511,51,4,,1,70,,1128504,51,4,,1,30,,1128505,51,4,,1,70,,1128499,51,4,,1,30,,1128525,51,4,,1,70,,1128506,51,4,,1,31,,1128528,51,4,,1,70,,1128522,51,4,,1,30,,1128526,51,4,,1,70,,1128509,51,4,,1,30,,1128524,51,4,,1,74,,1128497,51,4,,1,103,,1128500,51,4,,1,29,,1128529,51,4,,1,71,,1128502,51,4,,1,29,,1128527,51,4,,1,70,,1128521,51,4,,1,27,,1128501,51,4,,1,66,,1128507,51,4,,1,27,,1128517,51,4,,1,70,,1128508,51,4,,1,28,,1128518,51,4,,1,70,,1128498,51,4,,1,29,,1128503,51,4,,1,70,,1128515,51,4,,1,23,,1128512,51,4,,1
3101,'15',634,,1128542,51,4,,1,79,,1128552,51,4,,1,30,,1128553,51,4,,1,70,,1128538,51,4,,1,33,,1128563,51,4,,1,67,,1128559,51,4,,1,25,,1128560,51,4,,1,70,,1128539,51,4,,1,30,,1128534,51,4,,1,70,,1128558,51,4,,1,30,,1128554,51,4,,1,70,,1128544,51,4,,1,31,,1128532,51,4,,1,70,,1128545,51,4,,1,30,,1128540,51,4,,1,70,,1128548,51,4,,1,30,,1128561,51,4,,1,74,,1128541,51,4,,1,103,,1128533,51,4,,1,29,,1128562,51,4,,1,71,,1128531,51,4,,1,29,,1128546,51,4,,1,70,,1128537,51,4,,1,27,,1128555,51,4,,1,66,,1128551,51,4,,1,27,,1128556,51,4,,1,70,,1128543,51,4,,1,28,,1128550,51,4,,1,70,,1128536,51,4,,1,29,,1128557,51,4,,1,70,,1128549,51,4,,1,23,,1128535,51,4,,1
3101,'16',634,,1073248,51,4,,1,79,,1128587,51,4,,1,30,,1128575,51,4,,1,70,,1128579,51,4,,1,33,,1128576,51,4,,1,67,,1128593,51,4,,1,25,,1128582,51,4,,1,70,,1128592,51,4,,1,30,,1128584,51,4,,1,70,,1128585,51,4,,1,30,,1128571,51,4,,1,70,,1128578,51,4,,1,31,,1128594,51,4,,1,70,,1128586,51,4,,1,30,,1128581,51,4,,1,70,,1128580,51,4,,1,30,,1128583,51,4,,1,74,,1128590,51,4,,1,103,,1128565,51,4,,1,29,,1128574,51,4,,1,71,,1128570,51,4,,1,29,,1128588,51,4,,1,70,,1128567,51,4,,1,27,,1128591,51,4,,1,66,,1128589,51,4,,1,27,,1128569,51,4,,1,70,,1128577,51,4,,1,28,,1128568,51,4,,1,70,,1128566,51,4,,1,29,,1083909,51,4,,1,70,,1018715,51,4,,1,23,,1070630,51,4,,1
3101,'17',843,,1128602,51,4,,1,102,,1128608,51,4,,1,100,,1128618,51,4,,1,72,,1128598,51,4,,1,30,,1128601,51,4,,1,70,,1128603,51,4,,1,31,,1128595,51,4,,1,70,,1128617,51,4,,1,30,,1128605,51,4,,1,70,,1128607,51,4,,1,30,,1128616,51,4,,1,70,,1128596,51,4,,1,30,,1128619,51,4,,1,70,,1128599,51,4,,1,30,,1128610,51,4,,1,70,,1128615,51,4,,1,30,,1128606,51,4,,1,70,,1128597,51,4,,1,27,,1128612,51,4,,1,70,,1128600,51,4,,1,30,,1128604,51,4,,1,98,,1128609,51,4,,1,100,,1128613,51,4,,1,100,,1128614,51,4,,1,100,,1128611,51,4,,1
3101,'2',708,,1128643,51,4,,1,30,,1128637,51,4,,1,70,,1128620,51,4,,1,30,,1128628,51,4,,1,72,,1128652,51,4,,1,30,,1128632,51,4,,1,70,,1128633,51,4,,1,30,,1128646,51,4,,1,72,,1128634,51,4,,1,30,,1128622,51,4,,1,70,,1128629,51,4,,1,39,,1128636,51,4,,1,62,,1128650,51,4,,1,30,,1128644,51,4,,1,70,,1128639,51,4,,1,30,,1128640,51,4,,1,70,,1128653,51,4,,1,30,,1128625,51,4,,1,78,,1128642,51,4,,1,22,,1128635,51,4,,1,70,,1128631,51,4,,1,30,,1128630,51,4,,1,70,,1128649,51,4,,1,27,,1128645,51,4,,1,70,,1128621,51,4,,1,30,,1128624,51,4,,1,70,,1128648,51,4,,1,28,,1128651,51,4,,1,70,,1128627,51,4,,1,30,,1128626,51,4,,1,70,,1128623,51,4,,1,30,,1128647,51,4,,1,70,,1128641,51,4,,1,100,,1128638,51,4,,1
3101,'3',843,,1128661,51,4,,1,102,,1128667,51,4,,1,100,,1128677,51,4,,1,72,,1128657,51,4,,1,30,,1128660,51,4,,1,70,,1128662,51,4,,1,31,,1128654,51,4,,1,70,,1128676,51,4,,1,30,,1128664,51,4,,1,70,,1128666,51,4,,1,30,,1128675,51,4,,1,70,,1128655,51,4,,1,30,,1128678,51,4,,1,70,,1128658,51,4,,1,30,,1128669,51,4,,1,70,,1128674,51,4,,1,30,,1128665,51,4,,1,70,,1128656,51,4,,1,27,,1128671,51,4,,1,70,,1128659,51,4,,1,30,,1128663,51,4,,1,98,,1128668,51,4,,1,100,,1128672,51,4,,1,100,,1128673,51,4,,1,100,,1128670,51,4,,1
3101,'4',843,,1128694,51,4,,1,102,,1128697,51,4,,1,100,,1128688,51,4,,1,72,,1128680,51,4,,1,30,,1128701,51,4,,1,70,,1128684,51,4,,1,31,,1128687,51,4,,1,70,,1009676,51,4,,1,30,,1128685,51,4,,1,70,,1128690,51,4,,1,30,,1128699,51,4,,1,70,,1128686,51,4,,1,30,,1128702,51,4,,1,70,,1128682,51,4,,1,30,,1128698,51,4,,1,70,,1128693,51,4,,1,30,,1128692,51,4,,1,70,,1128681,51,4,,1,27,,1128700,51,4,,1,70,,1128696,51,4,,1,30,,1128689,51,4,,1,98,,1128691,51,4,,1,100,,1128695,51,4,,1,100,,1128683,51,4,,1,100,,1128679,51,4,,1
3101,'5',634,,1128716,51,4,,1,79,,1128728,51,4,,1,30,,1128725,51,4,,1,70,,1128720,51,4,,1,33,,1128722,51,4,,1,67,,1128719,51,4,,1,25,,1128717,51,4,,1,70,,1128710,51,4,,1,30,,1128711,51,4,,1,70,,1128705,51,4,,1,30,,1128730,51,4,,1,70,,1128712,51,4,,1,31,,1128732,51,4,,1,70,,1128727,51,4,,1,30,,1128731,51,4,,1,70,,1128715,51,4,,1,30,,1128729,51,4,,1,74,,1128703,51,4,,1,103,,1128706,51,4,,1,29,,1128733,51,4,,1,71,,1128708,51,4,,1,29,,1001652,51,4,,1,70,,1128726,51,4,,1,27,,1128707,51,4,,1,66,,1128713,51,4,,1,27,,1066917,51,4,,1,70,,1128714,51,4,,1,28,,1128723,51,4,,1,70,,1128704,51,4,,1,29,,1128709,51,4,,1,70,,1128721,51,4,,1,23,,1128718,51,4,,1
3101,'6',634,,1128739,51,4,,1,79,,1128756,51,4,,1,30,,1128745,51,4,,1,70,,1128749,51,4,,1,33,,1128746,51,4,,1,67,,1128762,51,4,,1,25,,1128751,51,4,,1,70,,1128761,51,4,,1,30,,1128753,51,4,,1,70,,1128754,51,4,,1,30,,1128742,51,4,,1,70,,1128748,51,4,,1,31,,1066276,51,4,,1,70,,1128755,51,4,,1,30,,1074595,51,4,,1,70,,1128750,51,4,,1,30,,1128752,51,4,,1,74,,1128759,51,4,,1,103,,1128734,51,4,,1,29,,1043987,51,4,,1,71,,1128740,51,4,,1,29,,1128757,51,4,,1,70,,1065880,51,4,,1,27,,1128760,51,4,,1,66,,1128758,51,4,,1,27,,1128738,51,4,,1,70,,1128747,51,4,,1,28,,1128737,51,4,,1,70,,1128736,51,4,,1,29,,1128735,51,4,,1,70,,1128741,51,4,,1,23,,1128763,51,4,,1
3101,'7',708,,1128780,51,4,,1,30,,1128783,51,4,,1,70,,1128777,51,4,,1,30,,1128768,51,4,,1,72,,1128779,51,4,,1,30,,1128791,51,4,,1,70,,1128775,51,4,,1,30,,1128785,51,4,,1,72,,1128771,51,4,,1,30,,1128778,51,4,,1,70,,1128788,51,4,,1,39,,1128786,51,4,,1,62,,1128794,51,4,,1,30,,1128784,51,4,,1,70,,1128767,51,4,,1,30,,1128789,51,4,,1,70,,1128792,51,4,,1,30,,1128764,51,4,,1,78,,1128796,51,4,,1,22,,1128770,51,4,,1,70,,1128787,51,4,,1,30,,1128769,51,4,,1,70,,1128782,51,4,,1,27,,1128774,51,4,,1,70,,1128766,51,4,,1,30,,1128790,51,4,,1,70,,1128781,51,4,,1,28,,1128795,51,4,,1,70,,1128773,51,4,,1,30,,1128776,51,4,,1,70,,1128797,51,4,,1,30,,1128793,51,4,,1,70,,1128765,51,4,,1,100,,1128772,51,4,,1
3101,'8',634,,1128804,51,4,,1,79,,1128823,51,4,,1,30,,1128811,51,4,,1,70,,1128815,51,4,,1,33,,1128812,51,4,,1,67,,1128829,51,4,,1,25,,1128818,51,4,,1,70,,1128828,51,4,,1,30,,1128820,51,4,,1,70,,1128821,51,4,,1,30,,1128807,51,4,,1,70,,1128814,51,4,,1,31,,1128830,51,4,,1,70,,1128822,51,4,,1,30,,1128817,51,4,,1,70,,1128816,51,4,,1,30,,1128819,51,4,,1,74,,1128826,51,4,,1,103,,1128798,51,4,,1,29,,1128810,51,4,,1,71,,1128805,51,4,,1,29,,1128824,51,4,,1,70,,1128801,51,4,,1,27,,1128827,51,4,,1,66,,1128825,51,4,,1,27,,1128803,51,4,,1,70,,1128813,51,4,,1,28,,1128802,51,4,,1,70,,1128800,51,4,,1,29,,1128799,51,4,,1,70,,1128806,51,4,,1,23,,1128831,51,4,,1
3101,'9',634,,1128845,51,4,,1,79,,1128857,51,4,,1,30,,1128854,51,4,,1,70,,1128849,51,4,,1,33,,1128851,51,4,,1,67,,1128848,51,4,,1,25,,1128846,51,4,,1,70,,1128839,51,4,,1,30,,1128840,51,4,,1,70,,1128834,51,4,,1,30,,1128859,51,4,,1,70,,1128841,51,4,,1,31,,1128861,51,4,,1,70,,1128856,51,4,,1,30,,1128860,51,4,,1,70,,1128844,51,4,,1,30,,1128858,51,4,,1,74,,1128832,51,4,,1,103,,1128835,51,4,,1,29,,1128862,51,4,,1,71,,1128837,51,4,,1,29,,1002032,51,4,,1,70,,1128855,51,4,,1,27,,1128836,51,4,,1,66,,1128842,51,4,,1,27,,1066756,51,4,,1,70,,1128843,51,4,,1,28,,1128852,51,4,,1,70,,1128833,51,4,,1,29,,1128838,51,4,,1,70,,1128850,51,4,,1,23,,1128847,51,4,,1
3200,'1',604,,1128866,32,,,1,30,,1128870,32,,,1,68,,1128864,32,,,1,30,,1128869,32,,,1,70,,1128867,32,,,1,30,,1128868,32,,,1,24,,1128863,32,,,1,582,,1128865,32,,,1
3200,'10',604,,1128874,32,,,1,30,,1128878,32,,,1,68,,1128872,32,,,1,30,,1128877,32,,,1,70,,1128875,32,,,1,30,,1128876,32,,,1,24,,1128871,32,,,1,582,,1128873,32,,,1
3200,'11',604,,1128882,32,,,1,30,,1128886,32,,,1,68,,1128880,32,,,1,30,,1128885,32,,,1,70,,1128883,32,,,1,30,,1128884,32,,,1,24,,1128879,32,,,1,582,,1128881,32,,,1
3200,'12',604,,1128890,32,,,1,30,,1128891,32,,,1,68,,1128888,32,,,1,30,,1128894,32,,,1,70,,1128893,32,,,1,30,,1128887,32,,,1,24,,1128889,32,,,1,582,,1128892,32,,,1
3200,'14',604,,1128898,32,,,1,30,,1128902,32,,,1,68,,1128896,32,,,1,30,,1128901,32,,,1,70,,1128899,32,,,1,30,,1128900,32,,,1,24,,1128895,32,,,1,582,,1128897,32,,,1
3200,'15',604,,1128903,32,,,1,30,,1128905,32,,,1,68,,1128906,32,,,1,30,,1128908,32,,,1,70,,1128910,32,,,1,30,,1128909,32,,,1,24,,1128904,32,,,1,582,,1128907,32,,,1
3200,'16',604,,1128914,32,,,1,30,,1128915,32,,,1,68,,1128912,32,,,1,30,,1128918,32,,,1,70,,1128917,32,,,1,30,,1128911,32,,,1,24,,1128913,32,,,1,582,,1128916,32,,,1
3200,'5',604,,1128922,32,,,1,30,,1128926,32,,,1,68,,1128920,32,,,1,30,,1128925,32,,,1,70,,1128923,32,,,1,30,,1128924,32,,,1,24,,1128919,32,,,1,582,,1128921,32,,,1
3200,'6',604,,1128929,32,,,1,30,,1128930,32,,,1,68,,1062724,32,,,1,30,,1128933,32,,,1,70,,1128932,32,,,1,30,,1128927,32,,,1,24,,1128928,32,,,1,582,,1128931,32,,,1
3200,'8',604,,1128937,32,,,1,30,,1128938,32,,,1,68,,1128935,32,,,1,30,,1128941,32,,,1,70,,1128940,32,,,1,30,,1128934,32,,,1,24,,1128936,32,,,1,582,,1128939,32,,,1
3200,'9',604,,1128945,32,,,1,30,,1128949,32,,,1,68,,1128943,32,,,1,30,,1128948,32,,,1,70,,1128946,32,,,1,30,,1128947,32,,,1,24,,1128942,32,,,1,582,,1128944,32,,,1
3201,'1',1514,,1128957,4,,,1,31,,1128952,4,,,1,70,,1128953,4,,,1,32,,1128954,4,,,1,70,,1128955,4,,,1,29,,1128956,4,,,1,68,,1128950,4,,,1,34,,1128951,4,,,1
3201,'10',1514,,1128965,4,,,1,31,,1128960,4,,,1,70,,1128961,4,,,1,32,,1128962,4,,,1,70,,1128963,4,,,1,29,,1128964,4,,,1,68,,1128958,4,,,1,34,,1128959,4,,,1
3201,'11',1514,,1128973,4,,,1,31,,1128968,4,,,1,70,,1128969,4,,,1,32,,1128970,4,,,1,70,,1128971,4,,,1,29,,1128972,4,,,1,68,,1128966,4,,,1,34,,1128967,4,,,1
3201,'12',1514,,1128979,4,,,1,31,,1128981,4,,,1,70,,1128980,4,,,1,32,,1128977,4,,,1,70,,1128975,4,,,1,29,,1128976,4,,,1,68,,1128978,4,,,1,34,,1128974,4,,,1
3201,'14',1514,,1128989,4,,,1,31,,1128984,4,,,1,70,,1128985,4,,,1,32,,1128986,4,,,1,70,,1128987,4,,,1,29,,1128988,4,,,1,68,,1128982,4,,,1,34,,1128983,4,,,1
3201,'15',1514,,1128996,4,,,1,31,,1128991,4,,,1,70,,1128994,4,,,1,32,,1128992,4,,,1,70,,1128990,4,,,1,29,,1128997,4,,,1,68,,1128993,4,,,1,34,,1128995,4,,,1
3201,'16',1514,,1129003,4,,,1,31,,1129005,4,,,1,70,,1129004,4,,,1,32,,1129001,4,,,1,70,,1128999,4,,,1,29,,1129000,4,,,1,68,,1129002,4,,,1,34,,1128998,4,,,1
3201,'5',1514,,1129013,4,,,1,31,,1129008,4,,,1,70,,1129009,4,,,1,32,,1129010,4,,,1,70,,1129011,4,,,1,29,,1129012,4,,,1,68,,1129006,4,,,1,34,,1129007,4,,,1
3201,'6',1514,,1129018,4,,,1,31,,1129019,4,,,1,70,,1064253,4,,,1,32,,1129016,4,,,1,70,,1129015,4,,,1,29,,1034581,4,,,1,68,,1129017,4,,,1,34,,1129014,4,,,1
3201,'8',1514,,1129025,4,,,1,31,,1129027,4,,,1,70,,1129026,4,,,1,32,,1129023,4,,,1,70,,1129021,4,,,1,29,,1129022,4,,,1,68,,1129024,4,,,1,34,,1129020,4,,,1
3201,'9',1514,,1129035,4,,,1,31,,1129030,4,,,1,70,,1129031,4,,,1,32,,1129032,4,,,1,70,,1129033,4,,,1,29,,1129034,4,,,1,68,,1129028,4,,,1,34,,1129029,4,,,1
3300,'1',534,,1129050,41,,,1,100,,1129045,41,,,1,22,,1129047,41,,,1,55,,1129063,41,,,1,15,,1071269,41,,,1,15,,1129056,41,,,1,13,,1129066,41,,,1,67,,1129053,41,,,1,30,,1129061,41,,,1,70,,1084454,41,4,,1,30,,1040366,41,4,,1,70,,1129039,41,4,,1,30,,1129059,41,4,,1,70,,1129054,41,4,,1,30,,1129037,41,4,,1,70,,1129042,41,4,,1,30,,1129036,41,4,,1,71,,1129065,41,4,,1,30,,1129060,41,4,,1,74,,1129051,41,4,,1,9,,1129055,24,4,,1,22,,1129062,41,4,,1,70,,982496,41,,,1,31,,1129049,41,,,1,70,,1129040,41,,,1,30,,1129048,41,,,1,70,,1070943,41,,,1,30,,1088808,41,,,1,70,,1129041,41,,,1,30,,1129038,41,,,1,68,,1129057,41,,,1,30,,1129052,41,,,1,69,,1129046,41,,,1,30,,1129064,41,,,1,70,,1129043,41,,,1,100,,1129044,41,,,1,110,,1129058,41,,,1
3300,'10',534,,1129081,41,,,1,100,,1129076,41,,,1,22,,1129078,41,,,1,55,,1129094,41,,,1,15,,1071072,41,,,1,15,,1129087,41,,,1,13,,1129097,41,,,1,67,,1129084,41,,,1,30,,1129092,41,,,1,70,,1084270,41,4,,1,30,,1040523,41,4,,1,70,,1129070,41,4,,1,30,,1129090,41,4,,1,70,,1129085,41,4,,1,30,,1129068,41,4,,1,70,,1129073,41,4,,1,30,,1129067,41,4,,1,71,,1129096,41,4,,1,30,,1129091,41,4,,1,74,,1129082,41,4,,1,9,,1129086,24,4,,1,22,,1129093,41,4,,1,70,,982315,41,,,1,31,,1129080,41,,,1,70,,1129071,41,,,1,30,,1129079,41,,,1,70,,1070729,41,,,1,30,,1088403,41,,,1,70,,1129072,41,,,1,30,,1129069,41,,,1,68,,1129088,41,,,1,30,,1129083,41,,,1,69,,1129077,41,,,1,30,,1129095,41,,,1,70,,1129074,41,,,1,100,,1129075,41,,,1,110,,1129089,41,,,1
3300,'11',534,,1129112,41,,,1,100,,1129107,41,,,1,22,,1129109,41,,,1,55,,1129125,41,,,1,15,,1071331,41,,,1,15,,1129118,41,,,1,13,,1129128,41,,,1,67,,1129115,41,,,1,30,,1129123,41,,,1,70,,1084510,41,4,,1,30,,1040321,41,4,,1,70,,1129101,41,4,,1,30,,1129121,41,4,,1,70,,1129116,41,4,,1,30,,1129099,41,4,,1,70,,1129104,41,4,,1,30,,1129098,41,4,,1,71,,1129127,41,4,,1,30,,1129122,41,4,,1,74,,1129113,41,4,,1,9,,1129117,24,4,,1,22,,1129124,41,4,,1,70,,982465,41,,,1,31,,1129111,41,,,1,70,,1129102,41,,,1,30,,1129110,41,,,1,70,,1071008,41,,,1,30,,1088929,41,,,1,70,,1129103,41,,,1,30,,1129100,41,,,1,68,,1129119,41,,,1,30,,1129114,41,,,1,69,,1129108,41,,,1,30,,1129126,41,,,1,70,,1129105,41,,,1,100,,1129106,41,,,1,110,,1129120,41,,,1
3300,'12',534,,1129145,41,,,1,100,,1129141,41,,,1,22,,1129129,41,,,1,55,,1129142,41,,,1,15,,1129157,41,,,1,15,,1129139,41,,,1,13,,1129152,41,,,1,67,,1075868,41,,,1,30,,1129148,41,,,1,70,,1129161,41,4,,1,30,,1129146,41,4,,1,70,,1129132,41,4,,1,30,,1083539,41,4,,1,70,,1129134,41,4,,1,30,,1129151,41,4,,1,70,,1129133,41,4,,1,30,,1129130,41,4,,1,71,,1129143,41,4,,1,30,,1129158,41,4,,1,74,,1129156,41,4,,1,9,,1129131,24,4,,1,22,,1091849,41,4,,1,70,,1129150,41,,,1,31,,1129138,41,,,1,70,,1129137,41,,,1,30,,1129136,41,,,1,70,,1129155,41,,,1,30,,1129144,41,,,1,70,,1090819,41,,,1,30,,1129160,41,,,1,68,,1129140,41,,,1,30,,1129149,41,,,1,69,,1129159,41,,,1,30,,1129147,41,,,1,70,,1129135,41,,,1,100,,1129153,41,,,1,110,,1129154,41,,,1
3300,'13',757,,1129178,41,4,,1,100,,1129172,41,4,,1,100,,1129166,41,4,,1,72,,1129168,41,4,,1,30,,1129183,41,4,,1,70,,1129175,41,4,,1,30,,1129163,41,4,,1,72,,1129171,41,4,,1,70,,1129169,41,4,,1,30,,1129179,41,4,,1,70,,1129174,41,4,,1,30,,1129177,41,4,,1,70,,1073564,41,4,,1,30,,1129182,41,4,,1,70,,1129181,41,4,,1,30,,1129170,41,4,,1,70,,1129162,41,4,,1,30,,1129176,41,4,,1,70,,1129164,41,4,,1,28,,1129180,41,4,,1,100,,1129167,41,4,,1,98,,1129165,41,4,,1,100,,1129173,41,4,,1,100,,1022401,41,4,,1
3300,'14',534,,1129200,41,,,1,100,,1129195,41,,,1,22,,1129197,41,,,1,55,,1129214,41,,,1,15,,1129185,41,,,1,15,,1129206,41,,,1,13,,1129220,41,,,1,67,,1129203,41,,,1,30,,1129211,41,,,1,70,,1129212,41,4,,1,30,,1129216,41,4,,1,70,,1129188,41,4,,1,30,,1129209,41,4,,1,70,,1129204,41,4,,1,30,,1129186,41,4,,1,70,,1129192,41,4,,1,30,,1129184,41,4,,1,71,,1129218,41,4,,1,30,,1129210,41,4,,1,74,,1129201,41,4,,1,9,,1129205,24,4,,1,22,,1129213,41,4,,1,70,,1129215,41,,,1,31,,1129199,41,,,1,70,,1129190,41,,,1,30,,1129198,41,,,1,70,,1129189,41,,,1,30,,1129219,41,,,1,70,,1129191,41,,,1,30,,1129187,41,,,1,68,,1129207,41,,,1,30,,1129202,41,,,1,69,,1129196,41,,,1,30,,1129217,41,,,1,70,,1129193,41,,,1,100,,1129194,41,,,1,110,,1129208,41,,,1
3300,'15',534,,1129237,41,,,1,100,,1129248,41,,,1,22,,1129244,41,,,1,55,,1129236,41,,,1,15,,1129252,41,,,1,15,,1129255,41,,,1,13,,1129223,41,,,1,67,,1129222,41,,,1,30,,1129224,41,,,1,70,,1129246,41,4,,1,30,,1129253,41,4,,1,70,,1129232,41,4,,1,30,,1129239,41,4,,1,70,,1129233,41,4,,1,30,,1129229,41,4,,1,70,,1129240,41,4,,1,30,,1129234,41,4,,1,71,,1129231,41,4,,1,30,,1129228,41,4,,1,74,,1129242,41,4,,1,9,,1129256,24,4,,1,22,,1129250,41,4,,1,70,,1129245,41,,,1,31,,1129249,41,,,1,70,,1129243,41,,,1,30,,1129254,41,,,1,70,,1129226,41,,,1,30,,1129235,41,,,1,70,,1129247,41,,,1,30,,1129238,41,,,1,68,,1129251,41,,,1,30,,1129230,41,,,1,69,,1129227,41,,,1,30,,1129257,41,,,1,70,,1129241,41,,,1,100,,1129225,41,,,1,110,,1129221,41,,,1
3300,'16',534,,1129271,41,,,1,100,,1129267,41,,,1,22,,1013891,41,,,1,55,,1129268,41,,,1,15,,1129283,41,,,1,15,,1129265,41,,,1,13,,1129278,41,,,1,67,,1129261,41,,,1,30,,1129274,41,,,1,70,,1129289,41,4,,1,30,,1129272,41,4,,1,70,,1010664,41,4,,1,30,,1129285,41,4,,1,70,,1015476,41,4,,1,30,,1129277,41,4,,1,70,,1065166,41,4,,1,30,,1129258,41,4,,1,71,,1129269,41,4,,1,30,,1129284,41,4,,1,74,,1129282,41,4,,1,9,,1129259,24,4,,1,22,,1129287,41,4,,1,70,,1129276,41,,,1,31,,1129264,41,,,1,70,,1129263,41,,,1,30,,1129262,41,,,1,70,,1129281,41,,,1,30,,1129270,41,,,1,70,,1129288,41,,,1,30,,1049488,41,,,1,68,,1129266,41,,,1,30,,1129275,41,,,1,69,,1129286,41,,,1,30,,1129273,41,,,1,70,,1129260,41,,,1,100,,1129279,41,,,1,110,,1129280,41,,,1
3300,'17',757,,1129308,41,4,,1,100,,1129302,41,4,,1,100,,1129296,41,4,,1,72,,1129298,41,4,,1,30,,1129313,41,4,,1,70,,1129305,41,4,,1,30,,1129291,41,4,,1,72,,1129301,41,4,,1,70,,1129299,41,4,,1,30,,1129309,41,4,,1,70,,1129304,41,4,,1,30,,1129307,41,4,,1,70,,1129292,41,4,,1,30,,1129312,41,4,,1,70,,1129311,41,4,,1,30,,1129300,41,4,,1,70,,1129290,41,4,,1,30,,1129306,41,4,,1,70,,1129293,41,4,,1,28,,1129310,41,4,,1,100,,1129297,41,4,,1,98,,1129295,41,4,,1,100,,1129303,41,4,,1,100,,1129294,41,4,,1
3300,'2',722,,1129338,41,4,,1,100,,1075261,41,4,,1,30,,1129335,41,4,,1,70,,1129321,41,4,,1,30,,1082544,41,4,,1,72,,1129326,41,4,,1,30,,1129324,41,4,,1,70,,1129339,41,4,,1,30,,1129315,41,4,,1,72,,1129322,41,4,,1,30,,1129329,41,4,,1,70,,1129336,41,4,,1,30,,1129341,41,4,,1,70,,1129327,41,4,,1,30,,1129325,41,4,,1,70,,1129328,41,4,,1,30,,1129319,41,4,,1,70,,1129317,41,4,,1,30,,1129316,41,4,,1,70,,1129331,41,4,,1,30,,1129340,41,4,,1,68,,1129342,41,4,,1,30,,1129318,41,4,,1,70,,1129337,41,4,,1,30,,1129333,41,4,,1,68,,1129332,41,4,,1,30,,1129334,41,4,,1,70,,1129330,41,4,,1,30,,1129320,41,4,,1,100,,1129323,41,4,,1,100,,1129314,41,4,,1
3300,'3',757,,1129361,41,4,,1,100,,1129355,41,4,,1,100,,1129349,41,4,,1,72,,1129351,41,4,,1,30,,1129366,41,4,,1,70,,1129358,41,4,,1,30,,1129344,41,4,,1,72,,1129354,41,4,,1,70,,1129352,41,4,,1,30,,1129362,41,4,,1,70,,1129357,41,4,,1,30,,1129360,41,4,,1,70,,1129345,41,4,,1,30,,1129365,41,4,,1,70,,1129364,41,4,,1,30,,1129353,41,4,,1,70,,1129343,41,4,,1,30,,1129359,41,4,,1,70,,1129346,41,4,,1,28,,1129363,41,4,,1,100,,1129350,41,4,,1,98,,1129348,41,4,,1,100,,1129356,41,4,,1,100,,1129347,41,4,,1
3300,'4',757,,1129383,41,4,,1,100,,1129378,41,4,,1,100,,1082400,41,4,,1,72,,1129370,41,4,,1,30,,1129373,41,4,,1,70,,1129382,41,4,,1,30,,1129377,41,4,,1,72,,1129385,41,4,,1,70,,1129369,41,4,,1,30,,1129388,41,4,,1,70,,1129372,41,4,,1,30,,1129389,41,4,,1,70,,1129367,41,4,,1,30,,1129379,41,4,,1,70,,1129386,41,4,,1,30,,1129381,41,4,,1,70,,1129376,41,4,,1,30,,1129368,41,4,,1,70,,1129387,41,4,,1,28,,1129371,41,4,,1,100,,1129375,41,4,,1,98,,1129384,41,4,,1,100,,1129374,41,4,,1,100,,1129380,41,4,,1
3300,'5',534,,1129404,41,,,1,100,,1129399,41,,,1,22,,1129401,41,,,1,55,,1129417,41,,,1,15,,1071235,41,,,1,15,,1129410,41,,,1,13,,1129420,41,,,1,67,,1129407,41,,,1,30,,1129415,41,,,1,70,,1084421,41,4,,1,30,,1040073,41,4,,1,70,,1129393,41,4,,1,30,,1129413,41,4,,1,70,,1129408,41,4,,1,30,,1129391,41,4,,1,70,,1129396,41,4,,1,30,,1129390,41,4,,1,71,,1129419,41,4,,1,30,,1129414,41,4,,1,74,,1129405,41,4,,1,9,,1129409,24,4,,1,22,,1129416,41,4,,1,70,,982589,41,,,1,31,,1129403,41,,,1,70,,1129394,41,,,1,30,,1129402,41,,,1,70,,1070904,41,,,1,30,,1088744,41,,,1,70,,1129395,41,,,1,30,,1129392,41,,,1,68,,1129411,41,,,1,30,,1129406,41,,,1,69,,1129400,41,,,1,30,,1129418,41,,,1,70,,1129397,41,,,1,100,,1129398,41,,,1,110,,1129412,41,,,1
3300,'6',534,,1129436,41,,,1,100,,1129432,41,,,1,22,,1129421,41,,,1,55,,1129433,41,,,1,15,,1098774,41,,,1,15,,1129430,41,,,1,13,,1129443,41,,,1,67,,1129426,41,,,1,30,,1129439,41,,,1,70,,1061869,41,4,,1,30,,1129437,41,4,,1,70,,1129422,41,4,,1,30,,1129449,41,4,,1,70,,1129424,41,4,,1,30,,1129442,41,4,,1,70,,1129423,41,4,,1,30,,945359,41,4,,1,71,,1129434,41,4,,1,30,,1129448,41,4,,1,74,,1129447,41,4,,1,9,,997817,24,4,,1,22,,1129451,41,4,,1,70,,1129441,41,,,1,31,,1129429,41,,,1,70,,1129428,41,,,1,30,,1129427,41,,,1,70,,1129446,41,,,1,30,,1129435,41,,,1,70,,1129452,41,,,1,30,,1129450,41,,,1,68,,1129431,41,,,1,30,,1129440,41,,,1,69,,1095755,41,,,1,30,,1129438,41,,,1,70,,1129425,41,,,1,100,,1129444,41,,,1,110,,1129445,41,,,1
3300,'7',722,,1129464,41,4,,1,100,,1129481,41,4,,1,30,,1129475,41,4,,1,70,,1129457,41,4,,1,30,,1129468,41,4,,1,72,,1129462,41,4,,1,30,,1129469,41,4,,1,70,,1129482,41,4,,1,30,,1129483,41,4,,1,72,,1129458,41,4,,1,30,,1129479,41,4,,1,70,,1129480,41,4,,1,30,,1129465,41,4,,1,70,,1129476,41,4,,1,30,,1129478,41,4,,1,70,,1129454,41,4,,1,30,,1129453,41,4,,1,70,,1129463,41,4,,1,30,,1129470,41,4,,1,70,,1129459,41,4,,1,30,,1129474,41,4,,1,68,,1129471,41,4,,1,30,,1129455,41,4,,1,70,,1129477,41,4,,1,30,,1129456,41,4,,1,68,,1129472,41,4,,1,30,,1129473,41,4,,1,70,,1129461,41,4,,1,30,,1129460,41,4,,1,100,,1129466,41,4,,1,100,,1129467,41,4,,1
3300,'8',534,,1129501,41,,,1,100,,1129497,41,,,1,22,,1129484,41,,,1,55,,1129498,41,,,1,15,,1129513,41,,,1,15,,1129495,41,,,1,13,,1129508,41,,,1,67,,1129491,41,,,1,30,,1129504,41,,,1,70,,1129520,41,4,,1,30,,1129502,41,4,,1,70,,1129487,41,4,,1,30,,1129515,41,4,,1,70,,1129489,41,4,,1,30,,1129507,41,4,,1,70,,1129488,41,4,,1,30,,1129485,41,4,,1,71,,1129499,41,4,,1,30,,1129514,41,4,,1,74,,1129512,41,4,,1,9,,1129486,24,4,,1,22,,1129518,41,4,,1,70,,1129506,41,,,1,31,,1129494,41,,,1,70,,1129493,41,,,1,30,,1129492,41,,,1,70,,1129511,41,,,1,30,,1129500,41,,,1,70,,1129519,41,,,1,30,,1129517,41,,,1,68,,1129496,41,,,1,30,,1129505,41,,,1,69,,1129516,41,,,1,30,,1129503,41,,,1,70,,1129490,41,,,1,100,,1129509,41,,,1,110,,1129510,41,,,1
3300,'9',534,,1129535,41,,,1,100,,1129530,41,,,1,22,,1129532,41,,,1,55,,1129548,41,,,1,15,,1071134,41,,,1,15,,1129541,41,,,1,13,,1129551,41,,,1,67,,1129538,41,,,1,30,,1129546,41,,,1,70,,1084331,41,4,,1,30,,1040411,41,4,,1,70,,1129524,41,4,,1,30,,1129544,41,4,,1,70,,1129539,41,4,,1,30,,1129522,41,4,,1,70,,1129527,41,4,,1,30,,1129521,41,4,,1,71,,1129550,41,4,,1,30,,1129545,41,4,,1,74,,1129536,41,4,,1,9,,1129540,24,4,,1,22,,1129547,41,4,,1,70,,982558,41,,,1,31,,1129534,41,,,1,70,,1129525,41,,,1,30,,1129533,41,,,1,70,,1070796,41,,,1,30,,1088529,41,,,1,70,,1129526,41,,,1,30,,1129523,41,,,1,68,,1129542,41,,,1,30,,1129537,41,,,1,69,,1129531,41,,,1,30,,1129549,41,,,1,70,,1129528,41,,,1,100,,1129529,41,,,1,110,,1129543,41,,,1
3301,'1',634,,1129569,4,,,1,70,,1103468,4,,,1,18,,1129567,1,0,23 30,1,5,,1129573,4,,,1,30,,1129560,4,,,1,71,,1045531,4,,,1,30,,1129553,4,,,1,75,,1129561,1,,,1,70,,1094396,1,,,1,30,,1129554,1,,,1,70,,1129558,1,,,1,30,,1129574,1,,,1,70,,1129571,1,,,1,30,,1129566,1,,,1,70,,1129568,1,,,1,30,,1129559,1,,,1,70,,1129576,1,,,1,34,,1129577,1,,,1,66,,1129575,1,,,1,30,,1129570,1,,,1,26,,1129580,4,,,1,70,,1129564,4,,,1,30,,1129556,4,,,1,71,,1129555,4,,,1,77,,1129562,4,,,1,30,,1129578,4,,,1,70,,1129557,4,,,1,29,,1129565,4,,,1,70,,1129563,4,,,1,30,,1075932,4,,,1,76,,1086045,4,,,1,30,,1129552,4,,,1,100,,1129579,4,,,1,101,,1129572,4,,,1
3301,'10',634,,1129598,4,,,1,70,,1103456,4,,,1,18,,1129596,1,0,23 30,1,5,,1129602,4,,,1,30,,1129589,4,,,1,71,,1045694,4,,,1,30,,1129582,4,,,1,75,,1129590,1,,,1,70,,1094360,1,,,1,30,,1129583,1,,,1,70,,1129587,1,,,1,30,,1129603,1,,,1,70,,1129600,1,,,1,30,,1129595,1,,,1,70,,1129597,1,,,1,30,,1129588,1,,,1,70,,1129605,1,,,1,34,,1129606,1,,,1,66,,1129604,1,,,1,30,,1129599,1,,,1,26,,1129609,4,,,1,70,,1129593,4,,,1,30,,1129585,4,,,1,71,,1129584,4,,,1,77,,1129591,4,,,1,30,,1129607,4,,,1,70,,1129586,4,,,1,29,,1129594,4,,,1,70,,1129592,4,,,1,30,,1075707,4,,,1,76,,1085761,4,,,1,30,,1129581,4,,,1,100,,1129608,4,,,1,101,,1129601,4,,,1
3301,'11',634,,1129627,4,,,1,70,,1103472,4,,,1,18,,1129625,1,0,23 30,1,5,,1129631,4,,,1,30,,1129618,4,,,1,71,,1045482,4,,,1,30,,1129611,4,,,1,75,,1129619,1,,,1,70,,1094408,1,,,1,30,,1129612,1,,,1,70,,1129616,1,,,1,30,,1129632,1,,,1,70,,1129629,1,,,1,30,,1129624,1,,,1,70,,1129626,1,,,1,30,,1129617,1,,,1,70,,1129634,1,,,1,34,,1129635,1,,,1,66,,1129633,1,,,1,30,,1129628,1,,,1,26,,1129638,4,,,1,70,,1129622,4,,,1,30,,1129614,4,,,1,71,,1129613,4,,,1,77,,1129620,4,,,1,30,,1129636,4,,,1,70,,1129615,4,,,1,29,,1129623,4,,,1,70,,1129621,4,,,1,30,,1076002,4,,,1,76,,1086127,4,,,1,30,,1129610,4,,,1,100,,1129637,4,,,1,101,,1129630,4,,,1
3301,'12',634,,1129652,4,,,1,70,,1129662,4,,,1,18,,1067314,1,0,23 30,1,5,,1129665,4,,,1,30,,1129648,4,,,1,71,,1129649,4,,,1,30,,1129660,4,,,1,75,,1129669,1,,,1,70,,1129658,1,,,1,30,,1129645,1,,,1,70,,1016290,1,,,1,30,,1129657,1,,,1,70,,1129670,1,,,1,30,,1129661,1,,,1,70,,1097778,1,,,1,30,,1129659,1,,,1,70,,1129639,1,,,1,34,,1129651,1,,,1,66,,1129667,1,,,1,30,,1129646,1,,,1,26,,1129650,4,,,1,70,,1129656,4,,,1,30,,1129643,4,,,1,71,,1129664,4,,,1,77,,1129653,4,,,1,30,,1129654,4,,,1,70,,1129644,4,,,1,29,,1129642,4,,,1,70,,1129647,4,,,1,30,,1129666,4,,,1,76,,1129640,4,,,1,30,,1129641,4,,,1,100,,1129655,4,,,1,101,,1129668,4,,,1
3301,'13',805,,1129682,1,,,1,100,,1129685,1,,,1,100,,1129691,1,,,1,30,,1095091,1,,,1,70,,1129675,1,,,1,30,,1129686,1,,,1,70,,1129688,1,,,1,30,,1129679,1,,,1,70,,1129677,1,,,1,30,,1129673,1,,,1,70,,1129680,1,,,1,30,,1129672,1,,,1,70,,1097335,1,,,1,30,,1129684,1,,,1,70,,1129678,1,,,1,30,,1129690,1,,,1,70,,1129676,1,,,1,30,,1129687,1,,,1,70,,1129671,1,,,1,30,,1129692,1,,,1,70,,1129674,1,,,1,30,,1129681,1,,,1,100,,1129689,1,,,1,100,,1129683,1,,,1
3301,'14',634,,1129713,4,,,1,70,,1129727,4,,,1,18,,1129711,1,0,23 30,1,5,,1129718,4,,,1,30,,1129704,4,,,1,71,,1129717,4,,,1,30,,1129695,4,,,1,75,,1129705,1,,,1,70,,1129702,1,,,1,30,,1129696,1,,,1,70,,1129701,1,,,1,30,,1129719,1,,,1,70,,1129715,1,,,1,30,,1129710,1,,,1,70,,1129712,1,,,1,30,,1129703,1,,,1,70,,1129721,1,,,1,34,,1129723,1,,,1,66,,1129720,1,,,1,30,,1129714,1,,,1,26,,1129726,4,,,1,70,,1129708,4,,,1,30,,1129698,4,,,1,71,,1129697,4,,,1,77,,1129706,4,,,1,30,,1129724,4,,,1,70,,1129700,4,,,1,29,,1129709,4,,,1,70,,1129707,4,,,1,30,,1129699,4,,,1,76,,1129722,4,,,1,30,,1129694,4,,,1,100,,1129725,4,,,1,101,,1129716,4,,,1
3301,'15',634,,1129742,4,,,1,70,,1129736,4,,,1,18,,1129733,1,0,23 30,1,5,,1129752,4,,,1,30,,1129735,4,,,1,71,,1129734,4,,,1,30,,1129731,4,,,1,75,,1129737,1,,,1,70,,1129757,1,,,1,30,,1129729,1,,,1,70,,1129728,1,,,1,30,,1129741,1,,,1,70,,1129748,1,,,1,30,,1129756,1,,,1,70,,1129730,1,,,1,30,,1129747,1,,,1,70,,1129745,1,,,1,34,,1129762,1,,,1,66,,1129755,1,,,1,30,,1129738,1,,,1,26,,1129749,4,,,1,70,,1129740,4,,,1,30,,1129754,4,,,1,71,,1129739,4,,,1,77,,1129760,4,,,1,30,,1129758,4,,,1,70,,1129746,4,,,1,29,,1129759,4,,,1,70,,1129751,4,,,1,30,,1129732,4,,,1,76,,1129753,4,,,1,30,,1129744,4,,,1,100,,1129761,4,,,1,101,,1129743,4,,,1
3301,'16',634,,1129778,4,,,1,70,,1129788,4,,,1,18,,1129766,1,0,23 30,1,5,,1129791,4,,,1,30,,1129774,4,,,1,71,,1129775,4,,,1,30,,1129786,4,,,1,75,,1129793,1,,,1,70,,1129784,1,,,1,30,,1129771,1,,,1,70,,1129767,1,,,1,30,,1129783,1,,,1,70,,1087611,1,,,1,30,,1129787,1,,,1,70,,1129794,1,,,1,30,,1129785,1,,,1,70,,1129763,1,,,1,34,,1129777,1,,,1,66,,1090918,1,,,1,30,,1129772,1,,,1,26,,1129776,4,,,1,70,,1129782,4,,,1,30,,1129769,4,,,1,71,,1129790,4,,,1,77,,1129779,4,,,1,30,,1129780,4,,,1,70,,1129770,4,,,1,29,,1129768,4,,,1,70,,1129773,4,,,1,30,,1129792,4,,,1,76,,1129764,4,,,1,30,,1129765,4,,,1,100,,1129781,4,,,1,101,,1091651,4,,,1
3301,'17',805,,1129807,1,,,1,100,,1129810,1,,,1,100,,1129816,1,,,1,30,,1129817,1,,,1,70,,1129799,1,,,1,30,,1129811,1,,,1,70,,1129813,1,,,1,30,,1129804,1,,,1,70,,1129802,1,,,1,30,,1129797,1,,,1,70,,1129805,1,,,1,30,,1129796,1,,,1,70,,1129801,1,,,1,30,,1129809,1,,,1,70,,1129803,1,,,1,30,,1129815,1,,,1,70,,1129800,1,,,1,30,,1129812,1,,,1,70,,1129795,1,,,1,30,,1129818,1,,,1,70,,1129798,1,,,1,30,,1129806,1,,,1,100,,1129814,1,,,1,100,,1129808,1,,,1
3301,'2',631,,1129843,1,,,1,100,,1129821,1,,,1,70,,1129832,1,,,1,30,,1129845,1,,,1,70,,1129842,1,,,1,30,,1129829,1,,,1,70,,1093626,1,,,1,30,,1129824,1,,,1,70,,1129841,1,,,1,30,,1129820,1,,,1,70,,1129835,1,,,1,30,,1129840,1,,,1,70,,1129839,1,,,1,30,,1129828,1,,,1,70,,1129833,1,,,1,30,,1129844,1,,,1,70,,1098797,1,,,1,30,,1129826,1,,,1,70,,1129834,1,,,1,30,,1129819,1,,,1,70,,1129837,1,,,1,30,,1129830,1,,,1,70,,1129825,1,,,1,30,,1129836,1,,,1,70,,1129831,1,,,1,30,,1129838,1,,,1,70,,1014858,1,,,1,30,,1129822,1,,,1,70,,1129846,1,,,1,100,,1129823,1,,,1,100,,1129827,1,,,1
3301,'3',805,,1129859,1,,,1,100,,1129862,1,,,1,100,,1129868,1,,,1,30,,1129869,1,,,1,70,,1129851,1,,,1,30,,1129863,1,,,1,70,,1129865,1,,,1,30,,1129856,1,,,1,70,,1129854,1,,,1,30,,1129849,1,,,1,70,,1129857,1,,,1,30,,1129848,1,,,1,70,,1129853,1,,,1,30,,1129861,1,,,1,70,,1129855,1,,,1,30,,1129867,1,,,1,70,,1129852,1,,,1,30,,1129864,1,,,1,70,,1129847,1,,,1,30,,1129870,1,,,1,70,,1129850,1,,,1,30,,1129858,1,,,1,100,,1129866,1,,,1,100,,1129860,1,,,1
3301,'4',805,,1026195,1,,,1,100,,1129885,1,,,1,100,,1129872,1,,,1,30,,1129888,1,,,1,70,,1129874,1,,,1,30,,1129887,1,,,1,70,,1129880,1,,,1,30,,1129875,1,,,1,70,,1129884,1,,,1,30,,1129871,1,,,1,70,,1129890,1,,,1,30,,1129879,1,,,1,70,,1129876,1,,,1,30,,1129891,1,,,1,70,,1129882,1,,,1,30,,1129892,1,,,1,70,,1129878,1,,,1,30,,1129881,1,,,1,70,,1129886,1,,,1,30,,1129873,1,,,1,70,,1129877,1,,,1,30,,1129893,1,,,1,100,,1129889,1,,,1,100,,1129883,1,,,1
3301,'5',634,,1129911,4,,,1,70,,1103464,4,,,1,18,,1129909,1,0,23 30,1,5,,1129915,4,,,1,30,,1129902,4,,,1,71,,1045265,4,,,1,30,,1129895,4,,,1,75,,1129903,1,,,1,70,,1094384,1,,,1,30,,1129896,1,,,1,70,,1129900,1,,,1,30,,1129916,1,,,1,70,,1129913,1,,,1,30,,1129908,1,,,1,70,,1129910,1,,,1,30,,1129901,1,,,1,70,,1129918,1,,,1,34,,1129919,1,,,1,66,,1129917,1,,,1,30,,1129912,1,,,1,26,,1129922,4,,,1,70,,1129906,4,,,1,30,,1129898,4,,,1,71,,1129897,4,,,1,77,,1129904,4,,,1,30,,1129920,4,,,1,70,,1129899,4,,,1,29,,1129907,4,,,1,70,,1129905,4,,,1,30,,1075893,4,,,1,76,,1085994,4,,,1,30,,1129894,4,,,1,100,,1129921,4,,,1,101,,1129914,4,,,1
3301,'6',634,,1129933,4,,,1,70,,1129943,4,,,1,18,,1129923,1,0,23 30,1,5,,1129945,4,,,1,30,,1129929,4,,,1,71,,1129930,4,,,1,30,,1129941,4,,,1,75,,1129949,1,,,1,70,,1129939,1,,,1,30,,1129927,1,,,1,70,,1129924,1,,,1,30,,1129938,1,,,1,70,,1129951,1,,,1,30,,1129942,1,,,1,70,,1129950,1,,,1,30,,1129940,1,,,1,70,,1086474,1,,,1,34,,1129932,1,,,1,66,,1129947,1,,,1,30,,1090595,1,,,1,26,,1129931,4,,,1,70,,1129937,4,,,1,30,,1129925,4,,,1,71,,1092525,4,,,1,77,,1129934,4,,,1,30,,1129935,4,,,1,70,,1129926,4,,,1,29,,1036631,4,,,1,70,,1129928,4,,,1,30,,1129946,4,,,1,76,,1064225,4,,,1,30,,1082942,4,,,1,100,,1129936,4,,,1,101,,1129948,4,,,1
3301,'7',631,,1129973,1,,,1,100,,1129978,1,,,1,70,,1129974,1,,,1,30,,1129957,1,,,1,70,,1129956,1,,,1,30,,1129971,1,,,1,70,,1129972,1,,,1,30,,1129966,1,,,1,70,,1129953,1,,,1,30,,1129959,1,,,1,70,,1129976,1,,,1,30,,1129964,1,,,1,70,,1129962,1,,,1,30,,1129963,1,,,1,70,,1129979,1,,,1,30,,1129970,1,,,1,70,,1129965,1,,,1,30,,1129977,1,,,1,70,,1129981,1,,,1,30,,1129960,1,,,1,70,,1129980,1,,,1,30,,1129954,1,,,1,70,,1129952,1,,,1,30,,1129968,1,,,1,70,,1129958,1,,,1,30,,1129982,1,,,1,70,,1129955,1,,,1,30,,1129969,1,,,1,70,,1129975,1,,,1,100,,1129967,1,,,1,100,,1129961,1,,,1
3301,'8',634,,1129998,4,,,1,70,,1130008,4,,,1,18,,1129986,1,0,23 30,1,5,,1130011,4,,,1,30,,1129994,4,,,1,71,,1129995,4,,,1,30,,1130006,4,,,1,75,,1130015,1,,,1,70,,1130004,1,,,1,30,,1129991,1,,,1,70,,1129987,1,,,1,30,,1130003,1,,,1,70,,1130017,1,,,1,30,,1130007,1,,,1,70,,1130016,1,,,1,30,,1130005,1,,,1,70,,1129983,1,,,1,34,,1129997,1,,,1,66,,1130013,1,,,1,30,,1129992,1,,,1,26,,1129996,4,,,1,70,,1130002,4,,,1,30,,1129989,4,,,1,71,,1130010,4,,,1,77,,1129999,4,,,1,30,,1130000,4,,,1,70,,1129990,4,,,1,29,,1129988,4,,,1,70,,1129993,4,,,1,30,,1130012,4,,,1,76,,1129984,4,,,1,30,,1129985,4,,,1,100,,1130001,4,,,1,101,,1130014,4,,,1
3301,'9',634,,1130035,4,,,1,70,,1103460,4,,,1,18,,1130033,1,0,23 30,1,5,,1130039,4,,,1,30,,1130026,4,,,1,71,,1045580,4,,,1,30,,1130019,4,,,1,75,,1130027,1,,,1,70,,1094372,1,,,1,30,,1130020,1,,,1,70,,1130024,1,,,1,30,,1130040,1,,,1,70,,1130037,1,,,1,30,,1130032,1,,,1,70,,1130034,1,,,1,30,,1130025,1,,,1,70,,1130042,1,,,1,34,,1130043,1,,,1,66,,1130041,1,,,1,30,,1130036,1,,,1,26,,1130046,4,,,1,70,,1130030,4,,,1,30,,1130022,4,,,1,71,,1130021,4,,,1,77,,1130028,4,,,1,30,,1130044,4,,,1,70,,1130023,4,,,1,29,,1130031,4,,,1,70,,1130029,4,,,1,30,,1075774,4,,,1,76,,1085848,4,,,1,30,,1130018,4,,,1,100,,1130045,4,,,1,101,,1130038,4,,,1
3500,'1',601,,1131004,34,0,29,1,100,,1039385,34,0,29,1,30,,1130997,34,0,29,1,70,,1131018,34,0,29,1,30,,1131000,34,0,29,1,2,,1131003,31,,,1,69,,1131001,34,0,29,1,29,,1131010,34,4,,1,72,,1131015,34,4,,1,27,,1131013,34,4,,1,28,,1130996,34,4,,1,70,,1131008,34,4,,1,30,,1131009,34,4,,1,70,,1131012,34,4,,1,30,,1054581,34,4,,1,70,,1101416,34,4,,1,30,,1131005,34,4,,1,70,,1131022,34,4,,1,21,,1131016,26,4,,1,51,,1077303,34,0,29,1,31,,1131002,34,0,29,1,72,,1131020,34,0,29,1,30,,849653,34,0,29,1,70,,1131006,34,0,29,1,30,,1130998,34,0,29,1,70,,1131021,34,0,29,1,30,,1069112,34,4,,1,24,,1131014,34,4,,1,70,,1131011,34,4,,1,30,,1090865,34,4,,1,70,,1131019,34,4,,1,30,,1130999,34,4,,1,70,,1131007,34,4,,1,30,,1131017,34,4,,1,100,,1070583,34,4,,1
3500,'10',601,,1131032,34,0,29,1,100,,1039469,34,0,29,1,30,,1131025,34,0,29,1,70,,1131046,34,0,29,1,30,,1131028,34,0,29,1,2,,1131031,31,,,1,69,,1131029,34,0,29,1,29,,1131038,34,4,,1,72,,1131043,34,4,,1,27,,1131041,34,4,,1,28,,1131024,34,4,,1,70,,1131036,34,4,,1,30,,1131037,34,4,,1,70,,1131040,34,4,,1,30,,1054633,34,4,,1,70,,1101262,34,4,,1,30,,1131033,34,4,,1,70,,1131050,34,4,,1,21,,1131044,26,4,,1,51,,1077165,34,0,29,1,31,,1131030,34,0,29,1,72,,1131048,34,0,29,1,30,,849688,34,0,29,1,70,,1131034,34,0,29,1,30,,1131026,34,0,29,1,70,,1131049,34,0,29,1,30,,1068967,34,4,,1,24,,1131042,34,4,,1,70,,1131039,34,4,,1,30,,1090624,34,4,,1,70,,1131047,34,4,,1,30,,1131027,34,4,,1,70,,1131035,34,4,,1,30,,1131045,34,4,,1,100,,1070397,34,4,,1
3500,'11',601,,1131060,34,0,29,1,100,,1039361,34,0,29,1,30,,1131053,34,0,29,1,70,,1131074,34,0,29,1,30,,1131056,34,0,29,1,2,,1131059,31,,,1,69,,1131057,34,0,29,1,29,,1131066,34,4,,1,72,,1131071,34,4,,1,27,,1131069,34,4,,1,28,,1131052,34,4,,1,70,,1131064,34,4,,1,30,,1131065,34,4,,1,70,,1131068,34,4,,1,30,,1054566,34,4,,1,70,,1101457,34,4,,1,30,,1131061,34,4,,1,70,,1131078,34,4,,1,21,,1131072,26,4,,1,51,,1077343,34,0,29,1,31,,1131058,34,0,29,1,72,,1131076,34,0,29,1,30,,849618,34,0,29,1,70,,1131062,34,0,29,1,30,,1131054,34,0,29,1,70,,1131077,34,0,29,1,30,,1069154,34,4,,1,24,,1131070,34,4,,1,70,,1131067,34,4,,1,30,,1090936,34,4,,1,70,,1131075,34,4,,1,30,,1131055,34,4,,1,70,,1131063,34,4,,1,30,,1131073,34,4,,1,100,,1070637,34,4,,1
3500,'12',601,,1131102,34,0,29,1,100,,1131085,34,0,29,1,30,,1131111,34,0,29,1,70,,1131094,34,0,29,1,30,,1131091,34,0,29,1,2,,1131107,31,,,1,69,,1131092,34,0,29,1,29,,1131089,34,4,,1,72,,1131110,34,4,,1,27,,1131097,34,4,,1,28,,1043775,34,4,,1,70,,1131088,34,4,,1,30,,1131090,34,4,,1,70,,1131087,34,4,,1,30,,1131105,34,4,,1,70,,1131083,34,4,,1,30,,1131113,34,4,,1,70,,1131098,34,4,,1,21,,1131081,26,4,,1,51,,1131103,34,0,29,1,31,,1131093,34,0,29,1,72,,1131099,34,0,29,1,30,,1131101,34,0,29,1,70,,1131096,34,0,29,1,30,,1009289,34,0,29,1,70,,1131084,34,0,29,1,30,,1131086,34,4,,1,24,,1131100,34,4,,1,70,,1131082,34,4,,1,30,,1131109,34,4,,1,70,,1131112,34,4,,1,30,,1131106,34,4,,1,70,,1131104,34,4,,1,30,,1131095,34,4,,1,100,,1131108,34,4,,1
3500,'13',949,,1096669,34,0,29,1,70,,1131133,34,0,29,1,30,,1131119,34,0,29,1,70,,1131114,34,0,29,1,30,,1131125,34,0,29,1,70,,1131129,34,0,29,1,30,,1131120,34,0,29,1,70,,1131126,34,0,29,1,30,,1131134,34,0,29,1,70,,1131116,34,0,29,1,30,,1131130,34,0,29,1,70,,1131124,34,0,29,1,30,,1052837,34,0,29,1,70,,1131123,34,0,29,1,30,,1131128,34,0,29,1,70,,1096660,34,0,29,1,30,,1131118,34,0,29,1,70,,1131131,34,0,29,1,30,,1131127,34,0,29,1,100,,1131132,34,0,29,1,100,,1131122,34,0,29,1,100,,1131115,34,0,29,1,100,,1131121,34,0,29,1,100,,1131117,34,0,29,1
3500,'14',601,,1131145,34,0,29,1,100,,1131163,34,0,29,1,30,,1131137,34,0,29,1,70,,1131160,34,0,29,1,30,,1131141,34,0,29,1,2,,1131144,31,,,1,69,,1131142,34,0,29,1,29,,1131151,34,4,,1,72,,1131157,34,4,,1,27,,1131155,34,4,,1,28,,1131136,34,4,,1,70,,1131149,34,4,,1,30,,1131150,34,4,,1,70,,1131153,34,4,,1,30,,1131162,34,4,,1,70,,1131154,34,4,,1,30,,1131146,34,4,,1,70,,1131169,34,4,,1,21,,1131158,26,4,,1,51,,1131165,34,0,29,1,31,,1131143,34,0,29,1,72,,1131166,34,0,29,1,30,,1131164,34,0,29,1,70,,1131147,34,0,29,1,30,,1131138,34,0,29,1,70,,1131168,34,0,29,1,30,,1131167,34,4,,1,24,,1131156,34,4,,1,70,,1131152,34,4,,1,30,,1131139,34,4,,1,70,,1131161,34,4,,1,30,,1131140,34,4,,1,70,,1131148,34,4,,1,30,,1131159,34,4,,1,100,,1131135,34,4,,1
3500,'15',601,,1131188,34,0,29,1,100,,1131192,34,0,29,1,30,,1131195,34,0,29,1,70,,1131175,34,0,29,1,30,,1131189,34,0,29,1,2,,1131172,31,,,1,69,,1131206,34,0,29,1,29,,1131197,34,4,,1,72,,1131173,34,4,,1,27,,1131191,34,4,,1,28,,1131181,34,4,,1,70,,1131182,34,4,,1,30,,1131183,34,4,,1,70,,1131177,34,4,,1,30,,1131186,34,4,,1,70,,1131196,34,4,,1,30,,1131179,34,4,,1,70,,1131184,34,4,,1,21,,1131198,26,4,,1,51,,1131200,34,0,29,1,31,,1131187,34,0,29,1,72,,1131174,34,0,29,1,30,,1131176,34,0,29,1,70,,1131180,34,0,29,1,30,,1131185,34,0,29,1,70,,1131204,34,0,29,1,30,,1131178,34,4,,1,24,,1131171,34,4,,1,70,,1131193,34,4,,1,30,,1131194,34,4,,1,70,,1131203,34,4,,1,30,,1131190,34,4,,1,70,,1131199,34,4,,1,30,,1131201,34,4,,1,100,,1131202,34,4,,1
3500,'16',601,,1069613,34,0,29,1,100,,1131210,34,0,29,1,30,,1131236,34,0,29,1,70,,1131220,34,0,29,1,30,,1131217,34,0,29,1,2,,1131232,31,,,1,69,,1131218,34,0,29,1,29,,1131215,34,4,,1,72,,1131235,34,4,,1,27,,1131223,34,4,,1,28,,1131211,34,4,,1,70,,1131214,34,4,,1,30,,1131216,34,4,,1,70,,1131213,34,4,,1,30,,1131230,34,4,,1,70,,1131209,34,4,,1,30,,1131239,34,4,,1,70,,1131224,34,4,,1,21,,1131207,26,4,,1,51,,1131228,34,0,29,1,31,,1131219,34,0,29,1,72,,1131225,34,0,29,1,30,,1131227,34,0,29,1,70,,1131222,34,0,29,1,30,,1131238,34,0,29,1,70,,1023861,34,0,29,1,30,,1131212,34,4,,1,24,,1131226,34,4,,1,70,,1131208,34,4,,1,30,,1131234,34,4,,1,70,,1131237,34,4,,1,30,,1131231,34,4,,1,70,,1131229,34,4,,1,30,,1131221,34,4,,1,100,,1131233,34,4,,1
3500,'17',949,,1131263,34,0,29,1,70,,1131261,34,0,29,1,30,,1131245,34,0,29,1,70,,1131240,34,0,29,1,30,,1131252,34,0,29,1,70,,1131257,34,0,29,1,30,,1131246,34,0,29,1,70,,1131253,34,0,29,1,30,,1131262,34,0,29,1,70,,1131242,34,0,29,1,30,,1131258,34,0,29,1,70,,1131251,34,0,29,1,30,,1131248,34,0,29,1,70,,1131250,34,0,29,1,30,,1131255,34,0,29,1,70,,1131256,34,0,29,1,30,,1131244,34,0,29,1,70,,1131259,34,0,29,1,30,,1131254,34,0,29,1,100,,1131260,34,0,29,1,100,,1131249,34,0,29,1,100,,1131241,34,0,29,1,100,,1131247,34,0,29,1,100,,1131243,34,0,29,1
3500,'2',850,,1131288,34,0,29,1,70,,1131280,34,0,29,1,30,,1131264,34,0,29,1,70,,1131271,34,0,29,1,30,,1131289,34,0,29,1,70,,1131279,34,0,29,1,30,,1131268,34,0,29,1,70,,1131287,34,0,29,1,30,,1131284,34,0,29,1,70,,1131276,34,0,29,1,30,,1094468,34,0,29,1,70,,1131277,34,0,29,1,30,,1131281,34,0,29,1,70,,1131267,34,0,29,1,30,,1131285,34,0,29,1,70,,1131286,34,0,29,1,30,,1030602,34,0,29,1,70,,1131273,34,0,29,1,30,,1131283,34,0,29,1,70,,1131274,34,0,29,1,30,,1101853,34,0,29,1,70,,1131269,34,0,29,1,30,,1131272,34,0,29,1,70,,1131278,34,0,29,1,30,,1131275,34,0,29,1,70,,1073728,34,0,29,1,30,,1131270,34,0,29,1,70,,1131266,34,0,29,1,100,,1131265,34,0,29,1,103,,1131282,34,0,29,1
3500,'3',949,,1131313,34,0,29,1,70,,1131311,34,0,29,1,30,,1131295,34,0,29,1,70,,1131290,34,0,29,1,30,,1131302,34,0,29,1,70,,1131307,34,0,29,1,30,,1131296,34,0,29,1,70,,1131303,34,0,29,1,30,,1131312,34,0,29,1,70,,1131292,34,0,29,1,30,,1131308,34,0,29,1,70,,1131301,34,0,29,1,30,,1131298,34,0,29,1,70,,1131300,34,0,29,1,30,,1131305,34,0,29,1,70,,1131306,34,0,29,1,30,,1131294,34,0,29,1,70,,1131309,34,0,29,1,30,,1131304,34,0,29,1,100,,1131310,34,0,29,1,100,,1131299,34,0,29,1,100,,1131291,34,0,29,1,100,,1131297,34,0,29,1,100,,1131293,34,0,29,1
3500,'4',949,,1099274,34,0,29,1,70,,1074226,34,0,29,1,30,,1131321,34,0,29,1,70,,1131314,34,0,29,1,30,,1017163,34,0,29,1,70,,1131331,34,0,29,1,30,,1131315,34,0,29,1,70,,1131318,34,0,29,1,30,,1131322,34,0,29,1,70,,1131316,34,0,29,1,30,,1131328,34,0,29,1,70,,1131317,34,0,29,1,30,,1131333,34,0,29,1,70,,1131326,34,0,29,1,30,,1131319,34,0,29,1,70,,1131320,34,0,29,1,30,,1131324,34,0,29,1,70,,1095849,34,0,29,1,30,,1131327,34,0,29,1,100,,1131323,34,0,29,1,100,,1131330,34,0,29,1,100,,1131332,34,0,29,1,100,,1131329,34,0,29,1,100,,1131325,34,0,29,1
3500,'5',601,,1131342,34,0,29,1,100,,1039236,34,0,29,1,30,,1131335,34,0,29,1,70,,1131356,34,0,29,1,30,,1131338,34,0,29,1,2,,1131341,31,,,1,69,,1131339,34,0,29,1,29,,1131348,34,4,,1,72,,1131353,34,4,,1,27,,1131351,34,4,,1,28,,1131334,34,4,,1,70,,1131346,34,4,,1,30,,1131347,34,4,,1,70,,1131350,34,4,,1,30,,1054497,34,4,,1,70,,1101395,34,4,,1,30,,1131343,34,4,,1,70,,1131360,34,4,,1,21,,1131354,26,4,,1,51,,1077278,34,0,29,1,31,,1131340,34,0,29,1,72,,1131358,34,0,29,1,30,,849758,34,0,29,1,70,,1131344,34,0,29,1,30,,1131336,34,0,29,1,70,,1131359,34,0,29,1,30,,1069092,34,4,,1,24,,1131352,34,4,,1,70,,1131349,34,4,,1,30,,1090831,34,4,,1,70,,1131357,34,4,,1,30,,1131337,34,4,,1,70,,1131345,34,4,,1,30,,1131355,34,4,,1,100,,1070547,34,4,,1
3500,'6',601,,1131379,34,0,29,1,100,,1131364,34,0,29,1,30,,1082038,34,0,29,1,70,,1131371,34,0,29,1,30,,1131370,34,0,29,1,2,,1131384,31,,,1,69,,1073490,34,0,29,1,29,,1131368,34,4,,1,72,,1131387,34,4,,1,27,,1131374,34,4,,1,28,,1131365,34,4,,1,70,,1003080,34,4,,1,30,,1131369,34,4,,1,70,,1131367,34,4,,1,30,,1131382,34,4,,1,70,,1042274,34,4,,1,30,,1008898,34,4,,1,70,,1131375,34,4,,1,21,,1101467,26,4,,1,51,,1131380,34,0,29,1,31,,1003594,34,0,29,1,72,,1131376,34,0,29,1,30,,1131378,34,0,29,1,70,,1131373,34,0,29,1,30,,1131388,34,0,29,1,70,,1131363,34,0,29,1,30,,1131366,34,4,,1,24,,1131377,34,4,,1,70,,1078822,34,4,,1,30,,1131386,34,4,,1,70,,1003092,34,4,,1,30,,1131383,34,4,,1,70,,1131381,34,4,,1,30,,1131372,34,4,,1,100,,1131385,34,4,,1
3500,'7',850,,1131400,34,0,29,1,70,,1131405,34,0,29,1,30,,1131397,34,0,29,1,70,,1131412,34,0,29,1,30,,1131392,34,0,29,1,70,,1131406,34,0,29,1,30,,1131401,34,0,29,1,70,,1131411,34,0,29,1,30,,1131403,34,0,29,1,70,,1131410,34,0,29,1,30,,1131395,34,0,29,1,70,,1131407,34,0,29,1,30,,1131417,34,0,29,1,70,,1131393,34,0,29,1,30,,1131409,34,0,29,1,70,,1131399,34,0,29,1,30,,1131413,34,0,29,1,70,,1131408,34,0,29,1,30,,1131418,34,0,29,1,70,,1131414,34,0,29,1,30,,1131404,34,0,29,1,70,,1131415,34,0,29,1,30,,1131396,34,0,29,1,70,,1131416,34,0,29,1,30,,1131394,34,0,29,1,70,,1131389,34,0,29,1,30,,1131398,34,0,29,1,70,,1131391,34,0,29,1,100,,1131402,34,0,29,1,103,,1131390,34,0,29,1
3500,'8',601,,1131442,34,0,29,1,100,,1131424,34,0,29,1,30,,1131451,34,0,29,1,70,,1131434,34,0,29,1,30,,1131431,34,0,29,1,2,,1131447,31,,,1,69,,1131432,34,0,29,1,29,,1131429,34,4,,1,72,,1131450,34,4,,1,27,,1131437,34,4,,1,28,,1131425,34,4,,1,70,,1131428,34,4,,1,30,,1131430,34,4,,1,70,,1131427,34,4,,1,30,,1131445,34,4,,1,70,,1131422,34,4,,1,30,,1131454,34,4,,1,70,,1131438,34,4,,1,21,,1131420,26,4,,1,51,,1131443,34,0,29,1,31,,1131433,34,0,29,1,72,,1131439,34,0,29,1,30,,1131441,34,0,29,1,70,,1131436,34,0,29,1,30,,1131453,34,0,29,1,70,,1131423,34,0,29,1,30,,1131426,34,4,,1,24,,1131440,34,4,,1,70,,1131421,34,4,,1,30,,1131449,34,4,,1,70,,1131452,34,4,,1,30,,1131446,34,4,,1,70,,1131444,34,4,,1,30,,1131435,34,4,,1,100,,1131448,34,4,,1
3500,'9',601,,1131463,34,0,29,1,100,,1039409,34,0,29,1,30,,1131456,34,0,29,1,70,,1131477,34,0,29,1,30,,1131459,34,0,29,1,2,,1131462,31,,,1,69,,1131460,34,0,29,1,29,,1131469,34,4,,1,72,,1131474,34,4,,1,27,,1131472,34,4,,1,28,,1131455,34,4,,1,70,,1131467,34,4,,1,30,,1131468,34,4,,1,70,,1131471,34,4,,1,30,,1054596,34,4,,1,70,,1101308,34,4,,1,30,,1131464,34,4,,1,70,,1131481,34,4,,1,21,,1131475,26,4,,1,51,,1077207,34,0,29,1,31,,1131461,34,0,29,1,72,,1131479,34,0,29,1,30,,849723,34,0,29,1,70,,1131465,34,0,29,1,30,,1131457,34,0,29,1,70,,1131480,34,0,29,1,30,,1069008,34,4,,1,24,,1131473,34,4,,1,70,,1131470,34,4,,1,30,,1090696,34,4,,1,70,,1131478,34,4,,1,30,,1131458,34,4,,1,70,,1131466,34,4,,1,30,,1131476,34,4,,1,100,,1070456,34,4,,1
3501,'1',624,,1131484,4,,,1,89,,1131514,1,0,52 53,1,12,,1131486,4,,,1,103,,1131483,4,,,1,30,,1131503,4,,,1,71,,1131507,1,,,1,30,,1131513,1,,,1,70,,1088778,1,,,1,71,,1131501,1,,,1,29,,1055356,1,,,1,30,,1131502,1,,,1,70,,1131493,1,,,1,29,,1131489,1,,,1,69,,1131496,1,,,1,29,,1131505,1,,,1,70,,1080469,1,,,1,28,,1131488,1,,,1,70,,1131492,4,,,1,27,,1131499,19,0,33 34,1,3,,1131500,4,,,1,70,,1131509,4,,,1,30,,1131495,4,,,1,70,,1131487,4,,,1,34,,1131497,4,,,1,70,,1131494,4,,,1,30,,1049780,1,,,1,70,,1131511,1,,,1,30,,1131498,1,,,1,70,,1077000,1,,,1,30,,1131485,1,,,1,71,,1131506,1,,,1,72,,1131508,1,,,1,28,,1131512,1,,,1,97,,1131504,1,,,1,97,,1131510,1,,,1
3501,'10',624,,1131516,4,,,1,89,,1131546,1,0,52 53,1,12,,1131518,4,,,1,103,,1131515,4,,,1,30,,1131535,4,,,1,71,,1131539,1,,,1,30,,1131545,1,,,1,70,,1088373,1,,,1,71,,1131533,1,,,1,29,,1055408,1,,,1,30,,1131534,1,,,1,70,,1131525,1,,,1,29,,1131521,1,,,1,69,,1131528,1,,,1,29,,1131537,1,,,1,70,,1080323,1,,,1,28,,1131520,1,,,1,70,,1131524,4,,,1,27,,1131531,19,0,33 34,1,3,,1131532,4,,,1,70,,1131541,4,,,1,30,,1131527,4,,,1,70,,1131519,4,,,1,34,,1131529,4,,,1,70,,1131526,4,,,1,30,,1049894,1,,,1,70,,1131543,1,,,1,30,,1131530,1,,,1,70,,1076776,1,,,1,30,,1131517,1,,,1,71,,1131538,1,,,1,72,,1131540,1,,,1,28,,1131544,1,,,1,97,,1131536,1,,,1,97,,1131542,1,,,1
3501,'11',624,,1131548,4,,,1,89,,1131578,1,0,52 53,1,12,,1131550,4,,,1,103,,1131547,4,,,1,30,,1131567,4,,,1,71,,1131571,1,,,1,30,,1131577,1,,,1,70,,1088899,1,,,1,71,,1131565,1,,,1,29,,1055342,1,,,1,30,,1131566,1,,,1,70,,1131557,1,,,1,29,,1131553,1,,,1,69,,1131560,1,,,1,29,,1131569,1,,,1,70,,1080513,1,,,1,28,,1131552,1,,,1,70,,1131556,4,,,1,27,,1131563,19,0,33 34,1,3,,1131564,4,,,1,70,,1131573,4,,,1,30,,1131559,4,,,1,70,,1131551,4,,,1,34,,1131561,4,,,1,70,,1131558,4,,,1,30,,1049747,1,,,1,70,,1131575,1,,,1,30,,1131562,1,,,1,70,,1077066,1,,,1,30,,1131549,1,,,1,71,,1131570,1,,,1,72,,1131572,1,,,1,28,,1131576,1,,,1,97,,1131568,1,,,1,97,,1131574,1,,,1
3501,'12',624,,1131604,4,,,1,89,,1131602,1,0,52 53,1,12,,1131606,4,,,1,103,,1131587,4,,,1,30,,1097384,4,,,1,71,,1131580,1,,,1,30,,1131595,1,,,1,70,,1131594,1,,,1,71,,1062544,1,,,1,29,,1131589,1,,,1,30,,1131581,1,,,1,70,,1101154,1,,,1,29,,1131586,1,,,1,69,,1131591,1,,,1,29,,1131588,1,,,1,70,,1131584,1,,,1,28,,1089737,1,,,1,70,,1131592,4,,,1,27,,1131609,19,0,33 34,1,3,,1131599,4,,,1,70,,1131593,4,,,1,30,,1131607,4,,,1,70,,1131608,4,,,1,34,,1131605,4,,,1,70,,1131600,4,,,1,30,,1131582,1,,,1,70,,1131590,1,,,1,30,,1131610,1,,,1,70,,1131585,1,,,1,30,,1131583,1,,,1,71,,1131597,1,,,1,72,,1131601,1,,,1,28,,1131603,1,,,1,97,,1088013,1,,,1,97,,1131596,1,,,1
3501,'13',950,,1131613,4,,,1,71,,1131623,4,,,1,30,,1131614,4,,,1,70,,1131615,4,,,1,30,,1131618,4,,,1,71,,1131624,4,,,1,30,,1131628,4,,,1,70,,1131612,4,,,1,30,,1070832,4,,,1,70,,1131617,4,,,1,30,,1131622,4,,,1,70,,1131621,4,,,1,30,,1131619,4,,,1,70,,1131616,4,,,1,30,,1131626,4,,,1,70,,1131630,4,,,1,30,,1131620,4,,,1,99,,1131611,4,,,1,100,,1131629,4,,,1,100,,1131627,4,,,1,100,,1073997,4,,,1,100,,1131625,4,,,1
3501,'14',624,,1131633,4,,,1,89,,1131667,1,0,52 53,1,12,,1131635,4,,,1,103,,1131632,4,,,1,30,,1131656,4,,,1,71,,1131660,1,,,1,30,,1131666,1,,,1,70,,1131641,1,,,1,71,,1131654,1,,,1,29,,1131638,1,,,1,30,,1131655,1,,,1,70,,1131646,1,,,1,29,,1131642,1,,,1,69,,1131649,1,,,1,29,,1131658,1,,,1,70,,1131631,1,,,1,28,,1131639,1,,,1,70,,1131645,4,,,1,27,,1131652,19,0,33 34,1,3,,1131653,4,,,1,70,,1131662,4,,,1,30,,1131648,4,,,1,70,,1131637,4,,,1,34,,1131650,4,,,1,70,,1131647,4,,,1,30,,1131640,1,,,1,70,,1131664,1,,,1,30,,1131651,1,,,1,70,,1131636,1,,,1,30,,1131634,1,,,1,71,,1131659,1,,,1,72,,1131661,1,,,1,28,,1131665,1,,,1,97,,1131657,1,,,1,97,,1131663,1,,,1
3501,'15',624,,1131682,4,,,1,89,,1131677,1,0,52 53,1,12,,1131699,4,,,1,103,,1131690,4,,,1,30,,1131701,4,,,1,71,,1131687,1,,,1,30,,1131703,1,,,1,70,,1131668,1,,,1,71,,1131700,1,,,1,29,,1131670,1,,,1,30,,1131696,1,,,1,70,,1131669,1,,,1,29,,1131674,1,,,1,69,,1131692,1,,,1,29,,1131704,1,,,1,70,,1131683,1,,,1,28,,1131698,1,,,1,70,,1131686,4,,,1,27,,1131689,19,0,33 34,1,3,,1131676,4,,,1,70,,1131694,4,,,1,30,,1131684,4,,,1,70,,1131691,4,,,1,34,,1131685,4,,,1,70,,1131693,4,,,1,30,,1131673,1,,,1,70,,1131672,1,,,1,30,,1131697,1,,,1,70,,1131688,1,,,1,30,,1131680,1,,,1,71,,1131679,1,,,1,72,,1131695,1,,,1,28,,1131681,1,,,1,97,,1131671,1,,,1,97,,1131675,1,,,1
3501,'16',624,,1131731,4,,,1,89,,1131729,1,0,52 53,1,12,,1131733,4,,,1,103,,1131714,4,,,1,30,,1131735,4,,,1,71,,1131706,1,,,1,30,,1131722,1,,,1,70,,1131721,1,,,1,71,,1131738,1,,,1,29,,1131716,1,,,1,30,,1131707,1,,,1,70,,1131737,1,,,1,29,,1131713,1,,,1,69,,1131718,1,,,1,29,,1131715,1,,,1,70,,1131711,1,,,1,28,,1131708,1,,,1,70,,1131719,4,,,1,27,,1062660,19,0,33 34,1,3,,1131726,4,,,1,70,,1131720,4,,,1,30,,1131734,4,,,1,70,,1131736,4,,,1,34,,1131732,4,,,1,70,,1131727,4,,,1,30,,1079870,1,,,1,70,,1131717,1,,,1,30,,1131739,1,,,1,70,,1131712,1,,,1,30,,1131710,1,,,1,71,,1131724,1,,,1,72,,1131728,1,,,1,28,,1131730,1,,,1,97,,1131709,1,,,1,97,,1131723,1,,,1
3501,'17',950,,1131743,4,,,1,71,,1131753,4,,,1,30,,1131744,4,,,1,70,,1131745,4,,,1,30,,1131748,4,,,1,71,,1131754,4,,,1,30,,1131759,4,,,1,70,,1131741,4,,,1,30,,1131758,4,,,1,70,,1131747,4,,,1,30,,1131752,4,,,1,70,,1131751,4,,,1,30,,1131749,4,,,1,70,,1131746,4,,,1,30,,1131756,4,,,1,70,,1131761,4,,,1,30,,1131750,4,,,1,99,,1131740,4,,,1,100,,1131760,4,,,1,100,,1131757,4,,,1,100,,1131742,4,,,1,100,,1131755,4,,,1
3501,'2',823,,1074398,4,,,1,30,,1131783,4,,,1,70,,1073735,4,,,1,30,,1131764,4,,,1,70,,1131768,4,,,1,30,,1131780,4,,,1,70,,1131766,4,,,1,30,,1131771,4,,,1,70,,1131767,4,,,1,30,,1131777,4,,,1,70,,1131762,4,,,1,30,,937424,4,,,1,70,,1131763,4,,,1,30,,1080143,4,,,1,70,,1131772,4,,,1,30,,1131775,4,,,1,70,,1131779,4,,,1,30,,1131765,4,,,1,70,,1084598,4,,,1,30,,1131774,4,,,1,70,,1131769,4,,,1,30,,1131784,4,,,1,70,,1131778,4,,,1,30,,1131773,4,,,1,70,,1131770,4,,,1,30,,1131781,4,,,1,70,,1131785,4,,,1,30,,1092622,4,,,1,100,,1131776,4,,,1,154,,1131782,4,,,1
3501,'3',950,,1131789,4,,,1,71,,1131799,4,,,1,30,,1131790,4,,,1,70,,1131791,4,,,1,30,,1131794,4,,,1,71,,1131800,4,,,1,30,,1131805,4,,,1,70,,1131787,4,,,1,30,,1131804,4,,,1,70,,1131793,4,,,1,30,,1131798,4,,,1,70,,1131797,4,,,1,30,,1131795,4,,,1,70,,1131792,4,,,1,30,,1131802,4,,,1,70,,1131807,4,,,1,30,,1131796,4,,,1,99,,1131786,4,,,1,100,,1131806,4,,,1,100,,1131803,4,,,1,100,,1131788,4,,,1,100,,1131801,4,,,1
3501,'4',950,,1131811,4,,,1,71,,1131817,4,,,1,30,,1131819,4,,,1,70,,1131824,4,,,1,30,,1096068,4,,,1,71,,1131825,4,,,1,30,,1131823,4,,,1,70,,1131814,4,,,1,30,,1131820,4,,,1,70,,1131815,4,,,1,30,,1131809,4,,,1,70,,1131810,4,,,1,30,,1131828,4,,,1,70,,1131812,4,,,1,30,,1131818,4,,,1,70,,1131822,4,,,1,30,,1131808,4,,,1,99,,1131813,4,,,1,100,,1131827,4,,,1,100,,1131816,4,,,1,100,,1131821,4,,,1,100,,1131826,4,,,1
3501,'5',624,,1131830,4,,,1,89,,1131860,1,0,52 53,1,12,,1131832,4,,,1,103,,1131829,4,,,1,30,,1131849,4,,,1,71,,1131853,1,,,1,30,,1131859,1,,,1,70,,1088714,1,,,1,71,,1131847,1,,,1,29,,1055264,1,,,1,30,,1131848,1,,,1,70,,1131839,1,,,1,29,,1131835,1,,,1,69,,1131842,1,,,1,29,,1131851,1,,,1,70,,1080447,1,,,1,28,,1131834,1,,,1,70,,1131838,4,,,1,27,,1131845,19,0,33 34,1,3,,1131846,4,,,1,70,,1131855,4,,,1,30,,1131841,4,,,1,70,,1131833,4,,,1,34,,1131843,4,,,1,70,,1131840,4,,,1,30,,1049564,1,,,1,70,,1131857,1,,,1,30,,1131844,1,,,1,70,,1076956,1,,,1,30,,1131831,1,,,1,71,,1131852,1,,,1,72,,1131854,1,,,1,28,,1131858,1,,,1,97,,1131850,1,,,1,97,,1131856,1,,,1
3501,'6',624,,1131886,4,,,1,89,,1131884,1,0,52 53,1,12,,1131888,4,,,1,103,,1131869,4,,,1,30,,1131889,4,,,1,71,,1131862,1,,,1,30,,1131877,1,,,1,70,,1131876,1,,,1,71,,1131892,1,,,1,29,,1131871,1,,,1,30,,1100579,1,,,1,70,,1131890,1,,,1,29,,1131868,1,,,1,69,,1131873,1,,,1,29,,1131870,1,,,1,70,,1131866,1,,,1,28,,1131864,1,,,1,70,,1131874,4,,,1,27,,1131891,19,0,33 34,1,3,,1131881,4,,,1,70,,1131875,4,,,1,30,,1076752,4,,,1,70,,1081131,4,,,1,34,,1131887,4,,,1,70,,1131882,4,,,1,30,,1131863,1,,,1,70,,1131872,1,,,1,30,,1036669,1,,,1,70,,1131867,1,,,1,30,,1031198,1,,,1,71,,1131879,1,,,1,72,,1131883,1,,,1,28,,1131885,1,,,1,97,,1131865,1,,,1,97,,1131878,1,,,1
3501,'7',823,,1131918,4,,,1,30,,1131909,4,,,1,70,,1131908,4,,,1,30,,1131897,4,,,1,70,,1131898,4,,,1,30,,1131907,4,,,1,70,,1131905,4,,,1,30,,1131903,4,,,1,70,,1131901,4,,,1,30,,1131920,4,,,1,70,,1131912,4,,,1,30,,1131904,4,,,1,70,,1131896,4,,,1,30,,1131919,4,,,1,70,,1131922,4,,,1,30,,1131914,4,,,1,70,,1131900,4,,,1,30,,1131910,4,,,1,70,,1131921,4,,,1,30,,1131894,4,,,1,70,,1131917,4,,,1,30,,1131902,4,,,1,70,,1131895,4,,,1,30,,1131916,4,,,1,70,,1131915,4,,,1,30,,1131913,4,,,1,70,,1131906,4,,,1,30,,1131899,4,,,1,100,,1131911,4,,,1,154,,1131893,4,,,1
3501,'8',624,,1131950,4,,,1,89,,1131948,1,0,52 53,1,12,,1131952,4,,,1,103,,1131933,4,,,1,30,,1131954,4,,,1,71,,1131924,1,,,1,30,,1131941,1,,,1,70,,1131940,1,,,1,71,,1131958,1,,,1,29,,1131935,1,,,1,30,,1131925,1,,,1,70,,1131956,1,,,1,29,,1131932,1,,,1,69,,1131937,1,,,1,29,,1131934,1,,,1,70,,1131930,1,,,1,28,,1131927,1,,,1,70,,1131938,4,,,1,27,,1131957,19,0,33 34,1,3,,1131945,4,,,1,70,,1131939,4,,,1,30,,1131953,4,,,1,70,,1131955,4,,,1,34,,1131951,4,,,1,70,,1131946,4,,,1,30,,1131926,1,,,1,70,,1131936,1,,,1,30,,1131959,1,,,1,70,,1131931,1,,,1,30,,1131929,1,,,1,71,,1131943,1,,,1,72,,1131947,1,,,1,28,,1131949,1,,,1,97,,1131928,1,,,1,97,,1131942,1,,,1
3501,'9',624,,1131961,4,,,1,89,,1131991,1,0,52 53,1,12,,1131963,4,,,1,103,,1131960,4,,,1,30,,1131980,4,,,1,71,,1131984,1,,,1,30,,1131990,1,,,1,70,,1088499,1,,,1,71,,1131978,1,,,1,29,,1055370,1,,,1,30,,1131979,1,,,1,70,,1131970,1,,,1,29,,1131966,1,,,1,69,,1131973,1,,,1,29,,1131982,1,,,1,70,,1080374,1,,,1,28,,1131965,1,,,1,70,,1131969,4,,,1,27,,1131976,19,0,33 34,1,3,,1131977,4,,,1,70,,1131986,4,,,1,30,,1131972,4,,,1,70,,1131964,4,,,1,34,,1131974,4,,,1,70,,1131971,4,,,1,30,,1049813,1,,,1,70,,1131988,1,,,1,30,,1131975,1,,,1,70,,1076851,1,,,1,30,,1131962,1,,,1,71,,1131983,1,,,1,72,,1131985,1,,,1,28,,1131989,1,,,1,97,,1131981,1,,,1,97,,1131987,1,,,1
3600,'1',528,,1132001,36,4,,1,100,,1131995,36,4,,1,31,,1131996,36,4,,1,76,,1132004,36,4,,1,69,,1132018,36,4,,1,28,,1089227,36,4,,1,68,,1131994,36,4,,1,27,,1132013,36,4,,1,30,,1132003,36,4,,1,70,,1065138,36,4,,1,30,,1039939,36,4,,1,70,,1132014,36,4,,1,30,,990971,36,4,,1,70,,1131993,36,4,,1,30,,1086853,36,4,,1,70,,1132017,36,4,,1,30,,1132007,36,4,,1,70,,1132002,36,4,,1,75,,1132015,36,4,,1,30,,1132011,36,4,,1,70,,1132016,36,4,,1,32,,1131997,36,4,,1,71,,1131992,36,4,,1,30,,972778,36,4,,1,68,,985108,36,4,,1,27,,1132010,36,4,,1,70,,1132008,36,4,,1,30,,1084458,36,4,,1,27,,1131998,36,4,,1,70,,1132000,36,4,,1,30,,1132006,36,4,,1,69,,1132009,36,4,,1,30,,1132012,36,4,,1,67,,1132005,36,4,,1,97,,1131999,36,4,,1
3600,'10',528,,1132028,36,4,,1,100,,1132022,36,4,,1,31,,1132023,36,4,,1,76,,1132031,36,4,,1,69,,1132045,36,4,,1,28,,1089032,36,4,,1,68,,1132021,36,4,,1,27,,1132040,36,4,,1,30,,1132030,36,4,,1,70,,1064988,36,4,,1,30,,1039953,36,4,,1,70,,1132041,36,4,,1,30,,990959,36,4,,1,70,,1132020,36,4,,1,30,,1086793,36,4,,1,70,,1132044,36,4,,1,30,,1132034,36,4,,1,70,,1132029,36,4,,1,75,,1132042,36,4,,1,30,,1132038,36,4,,1,70,,1132043,36,4,,1,32,,1132024,36,4,,1,71,,1132019,36,4,,1,30,,972285,36,4,,1,68,,984835,36,4,,1,27,,1132037,36,4,,1,70,,1132035,36,4,,1,30,,1084274,36,4,,1,27,,1132025,36,4,,1,70,,1132027,36,4,,1,30,,1132033,36,4,,1,69,,1132036,36,4,,1,30,,1132039,36,4,,1,67,,1132032,36,4,,1,97,,1132026,36,4,,1
3600,'11',528,,1132055,36,4,,1,100,,1132049,36,4,,1,31,,1132050,36,4,,1,76,,1132058,36,4,,1,69,,1132072,36,4,,1,28,,1089282,36,4,,1,68,,1132048,36,4,,1,27,,1132067,36,4,,1,30,,1132057,36,4,,1,70,,1065177,36,4,,1,30,,1039935,36,4,,1,70,,1132068,36,4,,1,30,,990968,36,4,,1,70,,1132047,36,4,,1,30,,1086873,36,4,,1,70,,1132071,36,4,,1,30,,1132061,36,4,,1,70,,1132056,36,4,,1,75,,1132069,36,4,,1,30,,1132065,36,4,,1,70,,1132070,36,4,,1,32,,1132051,36,4,,1,71,,1132046,36,4,,1,30,,972710,36,4,,1,68,,985052,36,4,,1,27,,1132064,36,4,,1,70,,1132062,36,4,,1,30,,1084514,36,4,,1,27,,1132052,36,4,,1,70,,1132054,36,4,,1,30,,1132060,36,4,,1,69,,1132063,36,4,,1,30,,1132066,36,4,,1,67,,1132059,36,4,,1,97,,1132053,36,4,,1
3600,'12',528,,1064008,36,4,,1,100,,1132102,36,4,,1,31,,1132089,36,4,,1,76,,1132098,36,4,,1,69,,1132093,36,4,,1,28,,1132087,36,4,,1,68,,1132075,36,4,,1,27,,1132076,36,4,,1,30,,1132080,36,4,,1,70,,1132097,36,4,,1,30,,1132095,36,4,,1,70,,1132085,36,4,,1,30,,1132103,36,4,,1,70,,1132090,36,4,,1,30,,1132082,36,4,,1,70,,1132096,36,4,,1,30,,1132101,36,4,,1,70,,1132073,36,4,,1,75,,1096723,36,4,,1,30,,1132099,36,4,,1,70,,1132078,36,4,,1,32,,1132100,36,4,,1,71,,1132084,36,4,,1,30,,1132092,36,4,,1,68,,1089743,36,4,,1,27,,1132077,36,4,,1,70,,1132081,36,4,,1,30,,1132086,36,4,,1,27,,1032360,36,4,,1,70,,1132091,36,4,,1,30,,1132088,36,4,,1,69,,1132074,36,4,,1,30,,1132079,36,4,,1,67,,1132094,36,4,,1,97,,1132083,36,4,,1
3600,'13',754,,1132106,36,4,,1,104,,1132115,36,4,,1,100,,1132113,36,4,,1,70,,1087892,36,4,,1,30,,1132121,36,4,,1,70,,1132118,36,4,,1,30,,1132105,36,4,,1,70,,1132120,36,4,,1,30,,1132108,36,4,,1,70,,1132114,36,4,,1,30,,1132122,36,4,,1,70,,1132110,36,4,,1,30,,1132123,36,4,,1,70,,1132119,36,4,,1,30,,1132116,36,4,,1,70,,1132124,36,4,,1,30,,1132125,36,4,,1,70,,1098981,36,4,,1,30,,1132112,36,4,,1,70,,1132126,36,4,,1,30,,1132117,36,4,,1,70,,1132111,36,4,,1,100,,1132109,36,4,,1,100,,1132104,36,4,,1,96,,1132107,36,4,,1,100,,1132127,36,4,,1
3600,'14',528,,1132141,36,4,,1,100,,1132134,36,4,,1,31,,1132135,36,4,,1,76,,1132144,36,4,,1,69,,1132161,36,4,,1,28,,1132162,36,4,,1,68,,1132132,36,4,,1,27,,1132154,36,4,,1,30,,1132143,36,4,,1,70,,1132130,36,4,,1,30,,1132128,36,4,,1,70,,1132155,36,4,,1,30,,1132133,36,4,,1,70,,1132131,36,4,,1,30,,1132147,36,4,,1,70,,1132159,36,4,,1,30,,1132148,36,4,,1,70,,1132142,36,4,,1,75,,1132156,36,4,,1,30,,1132152,36,4,,1,70,,1132158,36,4,,1,32,,1132137,36,4,,1,71,,1132129,36,4,,1,30,,1132157,36,4,,1,68,,1132136,36,4,,1,27,,1132151,36,4,,1,70,,1132149,36,4,,1,30,,1132160,36,4,,1,27,,1132138,36,4,,1,70,,1132140,36,4,,1,30,,1132146,36,4,,1,69,,1132150,36,4,,1,30,,1132153,36,4,,1,67,,1132145,36,4,,1,97,,1132139,36,4,,1
3600,'15',528,,1132185,36,4,,1,100,,1132167,36,4,,1,31,,1132194,36,4,,1,76,,1132191,36,4,,1,69,,1132190,36,4,,1,28,,1132174,36,4,,1,68,,1132169,36,4,,1,27,,1132188,36,4,,1,30,,1132193,36,4,,1,70,,1132182,36,4,,1,30,,1132172,36,4,,1,70,,1132163,36,4,,1,30,,1132179,36,4,,1,70,,1132189,36,4,,1,30,,1132184,36,4,,1,70,,1132175,36,4,,1,30,,1132176,36,4,,1,70,,1132180,36,4,,1,75,,1132166,36,4,,1,30,,1132196,36,4,,1,70,,1132181,36,4,,1,32,,1132165,36,4,,1,71,,1132177,36,4,,1,30,,1132186,36,4,,1,68,,1132195,36,4,,1,27,,1132164,36,4,,1,70,,1132178,36,4,,1,30,,1132168,36,4,,1,27,,1132192,36,4,,1,70,,1132171,36,4,,1,30,,1132187,36,4,,1,69,,1132173,36,4,,1,30,,1132197,36,4,,1,67,,1132170,36,4,,1,97,,1132183,36,4,,1
3600,'16',528,,1132208,36,4,,1,100,,1132228,36,4,,1,31,,1132215,36,4,,1,76,,1132224,36,4,,1,69,,1132219,36,4,,1,28,,1132213,36,4,,1,68,,1132201,36,4,,1,27,,1132202,36,4,,1,30,,1132206,36,4,,1,70,,1132223,36,4,,1,30,,1132221,36,4,,1,70,,1132211,36,4,,1,30,,1132229,36,4,,1,70,,1132216,36,4,,1,30,,1132209,36,4,,1,70,,1132222,36,4,,1,30,,1132227,36,4,,1,70,,1132198,36,4,,1,75,,1132230,36,4,,1,30,,1132225,36,4,,1,70,,1132204,36,4,,1,32,,1132226,36,4,,1,71,,1011804,36,4,,1,30,,1132218,36,4,,1,68,,1132231,36,4,,1,27,,1132203,36,4,,1,70,,1132207,36,4,,1,30,,1132212,36,4,,1,27,,1132200,36,4,,1,70,,1132217,36,4,,1,30,,1132214,36,4,,1,69,,1132199,36,4,,1,30,,1132205,36,4,,1,67,,1132220,36,4,,1,97,,1132210,36,4,,1
3600,'17',754,,1132235,36,4,,1,104,,1132244,36,4,,1,100,,1132242,36,4,,1,70,,1132232,36,4,,1,30,,1132250,36,4,,1,70,,1132247,36,4,,1,30,,1132234,36,4,,1,70,,1132249,36,4,,1,30,,1132237,36,4,,1,70,,1132243,36,4,,1,30,,1132252,36,4,,1,70,,1132239,36,4,,1,30,,1132253,36,4,,1,70,,1132248,36,4,,1,30,,1132245,36,4,,1,70,,1132254,36,4,,1,30,,1132255,36,4,,1,70,,1132251,36,4,,1,30,,1132241,36,4,,1,70,,1132256,36,4,,1,30,,1132246,36,4,,1,70,,1132240,36,4,,1,100,,1132238,36,4,,1,100,,1132233,36,4,,1,96,,1132236,36,4,,1,100,,1132257,36,4,,1
3600,'2',749,,1132258,36,4,,1,104,,1132275,36,4,,1,70,,1132283,36,4,,1,30,,1132277,36,4,,1,70,,1132262,36,4,,1,30,,1132278,36,4,,1,70,,1132260,36,4,,1,30,,1132281,36,4,,1,70,,1132259,36,4,,1,30,,1132280,36,4,,1,70,,1132276,36,4,,1,30,,1132265,36,4,,1,70,,1132271,36,4,,1,30,,1132261,36,4,,1,70,,1132284,36,4,,1,30,,1132273,36,4,,1,70,,1132264,36,4,,1,30,,1132285,36,4,,1,70,,1132270,36,4,,1,30,,1132266,36,4,,1,70,,1132272,36,4,,1,30,,1132286,36,4,,1,70,,1132279,36,4,,1,30,,1132267,36,4,,1,70,,1132274,36,4,,1,30,,1076458,36,4,,1,70,,1132268,36,4,,1,30,,1132282,36,4,,1,96,,1132269,36,4,,1,100,,1132263,36,4,,1
3600,'3',754,,1132290,36,4,,1,104,,1132299,36,4,,1,100,,1132297,36,4,,1,70,,1132287,36,4,,1,30,,1132305,36,4,,1,70,,1132302,36,4,,1,30,,1132289,36,4,,1,70,,1132304,36,4,,1,30,,1132292,36,4,,1,70,,1132298,36,4,,1,30,,1132307,36,4,,1,70,,1132294,36,4,,1,30,,1132308,36,4,,1,70,,1132303,36,4,,1,30,,1132300,36,4,,1,70,,1132309,36,4,,1,30,,1132310,36,4,,1,70,,1132306,36,4,,1,30,,1132296,36,4,,1,70,,1132311,36,4,,1,30,,1132301,36,4,,1,70,,1132295,36,4,,1,100,,1132293,36,4,,1,100,,1132288,36,4,,1,96,,1132291,36,4,,1,100,,1132312,36,4,,1
3600,'4',754,,1132315,36,4,,1,104,,1132335,36,4,,1,100,,1132334,36,4,,1,70,,1132330,36,4,,1,30,,1132325,36,4,,1,70,,1132318,36,4,,1,30,,1132313,36,4,,1,70,,1132332,36,4,,1,30,,1132317,36,4,,1,70,,1132324,36,4,,1,30,,1132329,36,4,,1,70,,1074867,36,4,,1,30,,1010081,36,4,,1,70,,1132316,36,4,,1,30,,1132314,36,4,,1,70,,1132333,36,4,,1,30,,1132321,36,4,,1,70,,1132322,36,4,,1,30,,1132327,36,4,,1,70,,1132326,36,4,,1,30,,1036760,36,4,,1,70,,1132323,36,4,,1,100,,1132328,36,4,,1,100,,1132319,36,4,,1,96,,1132331,36,4,,1,100,,1132320,36,4,,1
3600,'5',528,,1132345,36,4,,1,100,,1132339,36,4,,1,31,,1132340,36,4,,1,76,,1132348,36,4,,1,69,,1132362,36,4,,1,28,,1089189,36,4,,1,68,,1132338,36,4,,1,27,,1132357,36,4,,1,30,,1132347,36,4,,1,70,,1065116,36,4,,1,30,,1039921,36,4,,1,70,,1132358,36,4,,1,30,,990983,36,4,,1,70,,1132337,36,4,,1,30,,1086833,36,4,,1,70,,1132361,36,4,,1,30,,1132351,36,4,,1,70,,1132346,36,4,,1,75,,1132359,36,4,,1,30,,1132355,36,4,,1,70,,1132360,36,4,,1,32,,1132341,36,4,,1,71,,1132336,36,4,,1,30,,973000,36,4,,1,68,,985278,36,4,,1,27,,1132354,36,4,,1,70,,1132352,36,4,,1,30,,1084425,36,4,,1,27,,1132342,36,4,,1,70,,1132344,36,4,,1,30,,1132350,36,4,,1,69,,1132353,36,4,,1,30,,1132356,36,4,,1,67,,1132349,36,4,,1,97,,1132343,36,4,,1
3600,'6',528,,1132367,36,4,,1,100,,1132387,36,4,,1,31,,1132374,36,4,,1,76,,1132383,36,4,,1,69,,1132378,36,4,,1,28,,1132372,36,4,,1,68,,1037501,36,4,,1,27,,1071997,36,4,,1,30,,1098598,36,4,,1,70,,1132382,36,4,,1,30,,1132380,36,4,,1,70,,1132370,36,4,,1,30,,1132388,36,4,,1,70,,1132375,36,4,,1,30,,986215,36,4,,1,70,,1132381,36,4,,1,30,,1132386,36,4,,1,70,,1054503,36,4,,1,75,,1132389,36,4,,1,30,,1132384,36,4,,1,70,,1091700,36,4,,1,32,,1132385,36,4,,1,71,,1132369,36,4,,1,30,,1132377,36,4,,1,68,,1132390,36,4,,1,27,,1132364,36,4,,1,70,,1132366,36,4,,1,30,,1132371,36,4,,1,27,,1132363,36,4,,1,70,,1132376,36,4,,1,30,,1132373,36,4,,1,69,,1060278,36,4,,1,30,,1132365,36,4,,1,67,,1132379,36,4,,1,97,,1132368,36,4,,1
3600,'7',749,,1132419,36,4,,1,104,,1132417,36,4,,1,70,,1132393,36,4,,1,30,,1132397,36,4,,1,70,,1132392,36,4,,1,30,,1132403,36,4,,1,70,,1132402,36,4,,1,30,,1132412,36,4,,1,70,,1132410,36,4,,1,30,,1132416,36,4,,1,70,,1132396,36,4,,1,30,,1132407,36,4,,1,70,,1132395,36,4,,1,30,,1132391,36,4,,1,70,,1132405,36,4,,1,30,,1132398,36,4,,1,70,,1132401,36,4,,1,30,,1132406,36,4,,1,70,,1132399,36,4,,1,30,,1132418,36,4,,1,70,,1132413,36,4,,1,30,,1132409,36,4,,1,70,,1132408,36,4,,1,30,,1132415,36,4,,1,70,,1132420,36,4,,1,30,,1132400,36,4,,1,70,,1132394,36,4,,1,30,,1132404,36,4,,1,96,,1132414,36,4,,1,100,,1132411,36,4,,1
3600,'8',528,,1132431,36,4,,1,100,,1132452,36,4,,1,31,,1132439,36,4,,1,76,,1132448,36,4,,1,69,,1132443,36,4,,1,28,,1132437,36,4,,1,68,,1132424,36,4,,1,27,,1132425,36,4,,1,30,,1132429,36,4,,1,70,,1132447,36,4,,1,30,,1132445,36,4,,1,70,,1132435,36,4,,1,30,,1132453,36,4,,1,70,,1132440,36,4,,1,30,,1132432,36,4,,1,70,,1132446,36,4,,1,30,,1132451,36,4,,1,70,,1132421,36,4,,1,75,,1132454,36,4,,1,30,,1132449,36,4,,1,70,,1132427,36,4,,1,32,,1132450,36,4,,1,71,,1132434,36,4,,1,30,,1132442,36,4,,1,68,,1132455,36,4,,1,27,,1132426,36,4,,1,70,,1132430,36,4,,1,30,,1132436,36,4,,1,27,,1132423,36,4,,1,70,,1132441,36,4,,1,30,,1132438,36,4,,1,69,,1132422,36,4,,1,30,,1132428,36,4,,1,67,,1132444,36,4,,1,97,,1132433,36,4,,1
3600,'9',528,,1132465,36,4,,1,100,,1132459,36,4,,1,31,,1132460,36,4,,1,76,,1132468,36,4,,1,69,,1132482,36,4,,1,28,,1089095,36,4,,1,68,,1132458,36,4,,1,27,,1132477,36,4,,1,30,,1132467,36,4,,1,70,,1065037,36,4,,1,30,,1039943,36,4,,1,70,,1132478,36,4,,1,30,,990980,36,4,,1,70,,1132457,36,4,,1,30,,1086813,36,4,,1,70,,1132481,36,4,,1,30,,1132471,36,4,,1,70,,1132466,36,4,,1,75,,1132479,36,4,,1,30,,1132475,36,4,,1,70,,1132480,36,4,,1,32,,1132461,36,4,,1,71,,1132456,36,4,,1,30,,972932,36,4,,1,68,,985222,36,4,,1,27,,1132474,36,4,,1,70,,1132472,36,4,,1,30,,1084335,36,4,,1,27,,1132462,36,4,,1,70,,1132464,36,4,,1,30,,1132470,36,4,,1,69,,1132473,36,4,,1,30,,1132476,36,4,,1,67,,1132469,36,4,,1,97,,1132463,36,4,,1
3601,'1',633,,1132497,1,,,1,70,,1132489,1,,,1,29,,1132510,1,,,1,71,,1076636,1,,,1,30,,1132503,1,,,1,70,,1084167,1,,,1,30,,1132499,1,,,1,70,,1132490,1,,,1,30,,1132509,1,,,1,70,,1132508,1,,,1,30,,1132498,1,,,1,70,,1132500,1,,,1,30,,1132501,1,,,1,70,,1132487,1,,,1,30,,1132486,1,,,1,70,,1132494,1,,,1,30,,1132512,1,,,1,70,,934986,1,,,1,30,,1132493,1,,,1,70,,1132506,1,,,1,30,,1132495,1,,,1,70,,1132483,1,,,1,30,,1132504,1,,,1,70,,1132507,1,,,1,30,,1132492,1,,,1,70,,1132513,1,,,1,30,,1132485,1,,,1,70,,1132505,1,,,1,30,,1132488,1,,,1,70,,1132496,1,,,1,30,,1132511,1,,,1,100,,1132502,1,,,1,100,,1132484,1,,,1
3601,'10',633,,1132528,1,,,1,70,,1132520,1,,,1,29,,1132541,1,,,1,71,,1076430,1,,,1,30,,1132534,1,,,1,70,,1083995,1,,,1,30,,1132530,1,,,1,70,,1132521,1,,,1,30,,1132540,1,,,1,70,,1132539,1,,,1,30,,1132529,1,,,1,70,,1132531,1,,,1,30,,1132532,1,,,1,70,,1132518,1,,,1,30,,1132517,1,,,1,70,,1132525,1,,,1,30,,1132543,1,,,1,70,,934991,1,,,1,30,,1132524,1,,,1,70,,1132537,1,,,1,30,,1132526,1,,,1,70,,1132514,1,,,1,30,,1132535,1,,,1,70,,1132538,1,,,1,30,,1132523,1,,,1,70,,1132544,1,,,1,30,,1132516,1,,,1,70,,1132536,1,,,1,30,,1132519,1,,,1,70,,1132527,1,,,1,30,,1132542,1,,,1,100,,1132533,1,,,1,100,,1132515,1,,,1
3601,'11',633,,1132559,1,,,1,70,,1132551,1,,,1,29,,1132572,1,,,1,71,,1076700,1,,,1,30,,1132565,1,,,1,70,,1084221,1,,,1,30,,1132561,1,,,1,70,,1132552,1,,,1,30,,1132571,1,,,1,70,,1132570,1,,,1,30,,1132560,1,,,1,70,,1132562,1,,,1,30,,1132563,1,,,1,70,,1132549,1,,,1,30,,1132548,1,,,1,70,,1132556,1,,,1,30,,1132574,1,,,1,70,,934981,1,,,1,30,,1132555,1,,,1,70,,1132568,1,,,1,30,,1132557,1,,,1,70,,1132545,1,,,1,30,,1132566,1,,,1,70,,1132569,1,,,1,30,,1132554,1,,,1,70,,1132575,1,,,1,30,,1132547,1,,,1,70,,1132567,1,,,1,30,,1132550,1,,,1,70,,1132558,1,,,1,30,,1132573,1,,,1,100,,1132564,1,,,1,100,,1132546,1,,,1
3601,'12',633,,1132603,1,,,1,70,,1091567,1,,,1,29,,1132595,1,,,1,71,,1079495,1,,,1,30,,1132585,1,,,1,70,,1132602,1,,,1,30,,1132577,1,,,1,70,,1132605,1,,,1,30,,1132580,1,,,1,70,,1132581,1,,,1,30,,1132578,1,,,1,70,,1132586,1,,,1,30,,1132596,1,,,1,70,,1132587,1,,,1,30,,1132584,1,,,1,70,,1132591,1,,,1,30,,1132576,1,,,1,70,,1132579,1,,,1,30,,1132589,1,,,1,70,,1132598,1,,,1,30,,1132600,1,,,1,70,,1132597,1,,,1,30,,1132604,1,,,1,70,,961947,1,,,1,30,,1132601,1,,,1,70,,1132583,1,,,1,30,,1132593,1,,,1,70,,1132588,1,,,1,30,,1055429,1,,,1,70,,1132599,1,,,1,30,,1132582,1,,,1,100,,1132592,1,,,1,100,,1132594,1,,,1
3601,'13',810,,1132607,1,,,1,100,,1132608,1,,,1,100,,1084059,1,,,1,30,,1132620,1,,,1,70,,957123,1,,,1,30,,1066400,1,,,1,70,,1132614,1,,,1,30,,1132621,1,,,1,70,,1132610,1,,,1,30,,1132613,1,,,1,70,,1132618,1,,,1,30,,1132616,1,,,1,70,,1073166,1,,,1,30,,1132615,1,,,1,70,,1132617,1,,,1,30,,1132611,1,,,1,70,,1132609,1,,,1,30,,1132612,1,,,1,70,,1132619,1,,,1,30,,1015859,1,,,1,70,,1132606,1,,,1,30,,1132623,1,,,1,100,,1132622,1,,,1
3601,'14',633,,1132639,1,,,1,70,,1132631,1,,,1,29,,1132652,1,,,1,71,,1132628,1,,,1,30,,1132645,1,,,1,70,,1132655,1,,,1,30,,1132641,1,,,1,70,,1132632,1,,,1,30,,1132651,1,,,1,70,,1132650,1,,,1,30,,1132640,1,,,1,70,,1132642,1,,,1,30,,1132643,1,,,1,70,,1132629,1,,,1,30,,1132627,1,,,1,70,,1132636,1,,,1,30,,1132654,1,,,1,70,,1132657,1,,,1,30,,1132635,1,,,1,70,,1132648,1,,,1,30,,1132637,1,,,1,70,,1132624,1,,,1,30,,1132646,1,,,1,70,,1132649,1,,,1,30,,1132634,1,,,1,70,,1132656,1,,,1,30,,1132626,1,,,1,70,,1132647,1,,,1,30,,1132630,1,,,1,70,,1132638,1,,,1,30,,1132653,1,,,1,100,,1132644,1,,,1,100,,1132625,1,,,1
3601,'15',633,,1132660,1,,,1,70,,1132687,1,,,1,29,,1132662,1,,,1,71,,1132691,1,,,1,30,,1132683,1,,,1,70,,1132680,1,,,1,30,,1132671,1,,,1,70,,1132658,1,,,1,30,,1132688,1,,,1,70,,1132664,1,,,1,30,,1132690,1,,,1,70,,1132673,1,,,1,30,,1132670,1,,,1,70,,1132674,1,,,1,30,,1132689,1,,,1,70,,1132682,1,,,1,30,,1132686,1,,,1,70,,1132685,1,,,1,30,,1132661,1,,,1,70,,1132677,1,,,1,30,,1132684,1,,,1,70,,1132665,1,,,1,30,,1132676,1,,,1,70,,1132659,1,,,1,30,,1132667,1,,,1,70,,1132679,1,,,1,30,,1132666,1,,,1,70,,1132678,1,,,1,30,,1132681,1,,,1,70,,1132663,1,,,1,30,,1132669,1,,,1,100,,1132668,1,,,1,100,,1132672,1,,,1
3601,'16',633,,1132721,1,,,1,70,,1132724,1,,,1,29,,1132713,1,,,1,71,,1132698,1,,,1,30,,1132704,1,,,1,70,,1132720,1,,,1,30,,1132694,1,,,1,70,,1132723,1,,,1,30,,1132699,1,,,1,70,,1132700,1,,,1,30,,1132695,1,,,1,70,,1132705,1,,,1,30,,1132714,1,,,1,70,,1132706,1,,,1,30,,1132703,1,,,1,70,,1132710,1,,,1,30,,1132692,1,,,1,70,,1132697,1,,,1,30,,1132708,1,,,1,70,,1132716,1,,,1,30,,1132718,1,,,1,70,,1132715,1,,,1,30,,1132722,1,,,1,70,,1132693,1,,,1,30,,1132719,1,,,1,70,,1132702,1,,,1,30,,1064465,1,,,1,70,,1132707,1,,,1,30,,1132696,1,,,1,70,,1132717,1,,,1,30,,1132701,1,,,1,100,,1132711,1,,,1,100,,1132712,1,,,1
3601,'17',810,,1132727,1,,,1,100,,1132728,1,,,1,100,,1132729,1,,,1,30,,1132744,1,,,1,70,,1132738,1,,,1,30,,1132726,1,,,1,70,,1132736,1,,,1,30,,1132745,1,,,1,70,,1132731,1,,,1,30,,1132735,1,,,1,70,,1132741,1,,,1,30,,1132739,1,,,1,70,,1132734,1,,,1,30,,1132737,1,,,1,70,,1132740,1,,,1,30,,1132732,1,,,1,70,,1132730,1,,,1,30,,1132733,1,,,1,70,,1132742,1,,,1,30,,1132743,1,,,1,70,,1132725,1,,,1,30,,1132747,1,,,1,100,,1132746,1,,,1
3601,'2',635,,1132749,1,,,1,100,,1132771,1,,,1,70,,1099229,1,,,1,30,,1132754,1,,,1,70,,1132759,1,,,1,30,,1132765,1,,,1,70,,1132752,1,,,1,30,,1132772,1,,,1,70,,1132764,1,,,1,30,,1132748,1,,,1,70,,1132751,1,,,1,30,,1132768,1,,,1,70,,1132753,1,,,1,30,,1132775,1,,,1,70,,1132776,1,,,1,30,,1072490,1,,,1,70,,1132770,1,,,1,30,,1132755,1,,,1,70,,1132750,1,,,1,30,,1132762,1,,,1,70,,1132758,1,,,1,30,,1132763,1,,,1,70,,1132760,1,,,1,30,,1132756,1,,,1,70,,1132773,1,,,1,30,,1132766,1,,,1,70,,1132769,1,,,1,30,,1132761,1,,,1,70,,1132774,1,,,1,100,,1132767,1,,,1,100,,1132757,1,,,1
3601,'3',810,,1132779,1,,,1,100,,1132780,1,,,1,100,,1132781,1,,,1,30,,1132796,1,,,1,70,,1132790,1,,,1,30,,1132778,1,,,1,70,,1132788,1,,,1,30,,1132797,1,,,1,70,,1132783,1,,,1,30,,1132787,1,,,1,70,,1132793,1,,,1,30,,1132791,1,,,1,70,,1132786,1,,,1,30,,1132789,1,,,1,70,,1132792,1,,,1,30,,1132784,1,,,1,70,,1132782,1,,,1,30,,1132785,1,,,1,70,,1132794,1,,,1,30,,1132795,1,,,1,70,,1132777,1,,,1,30,,1132799,1,,,1,100,,1132798,1,,,1
3601,'4',810,,1132811,1,,,1,100,,1132809,1,,,1,100,,1132800,1,,,1,30,,1132804,1,,,1,70,,1132807,1,,,1,30,,1086630,1,,,1,70,,1132815,1,,,1,30,,1132801,1,,,1,70,,1132818,1,,,1,30,,1132802,1,,,1,70,,1132803,1,,,1,30,,1132806,1,,,1,70,,1132814,1,,,1,30,,1132819,1,,,1,70,,1132813,1,,,1,30,,1132805,1,,,1,70,,1075833,1,,,1,30,,1132810,1,,,1,70,,1067291,1,,,1,30,,1132816,1,,,1,70,,1132812,1,,,1,30,,1132808,1,,,1,100,,1132817,1,,,1
3601,'5',633,,1132834,1,,,1,70,,1132826,1,,,1,29,,1132847,1,,,1,71,,1076596,1,,,1,30,,1132840,1,,,1,70,,1084140,1,,,1,30,,1132836,1,,,1,70,,1132827,1,,,1,30,,1132846,1,,,1,70,,1132845,1,,,1,30,,1132835,1,,,1,70,,1132837,1,,,1,30,,1132838,1,,,1,70,,1132824,1,,,1,30,,1132823,1,,,1,70,,1132831,1,,,1,30,,1132849,1,,,1,70,,935001,1,,,1,30,,1132830,1,,,1,70,,1132843,1,,,1,30,,1132832,1,,,1,70,,1132820,1,,,1,30,,1132841,1,,,1,70,,1132844,1,,,1,30,,1132829,1,,,1,70,,1132850,1,,,1,30,,1132822,1,,,1,70,,1132842,1,,,1,30,,1132825,1,,,1,70,,1132833,1,,,1,30,,1132848,1,,,1,100,,1132839,1,,,1,100,,1132821,1,,,1
3601,'6',633,,1132878,1,,,1,70,,1132881,1,,,1,29,,1132870,1,,,1,71,,1132854,1,,,1,30,,1132860,1,,,1,70,,1132877,1,,,1,30,,1040100,1,,,1,70,,1132880,1,,,1,30,,1132855,1,,,1,70,,1132856,1,,,1,30,,1103568,1,,,1,70,,1132861,1,,,1,30,,1132871,1,,,1,70,,1132862,1,,,1,30,,1132859,1,,,1,70,,1132866,1,,,1,30,,1132851,1,,,1,70,,1095729,1,,,1,30,,1132864,1,,,1,70,,1132873,1,,,1,30,,1132875,1,,,1,70,,1132872,1,,,1,30,,1132879,1,,,1,70,,1132852,1,,,1,30,,1132876,1,,,1,70,,1132858,1,,,1,30,,1132868,1,,,1,70,,1132863,1,,,1,30,,1132853,1,,,1,70,,1132874,1,,,1,30,,1132857,1,,,1,100,,1132867,1,,,1,100,,1132869,1,,,1
3601,'7',635,,1132893,1,,,1,100,,1132908,1,,,1,70,,1132892,1,,,1,30,,1132897,1,,,1,70,,1132888,1,,,1,30,,1132896,1,,,1,70,,1132890,1,,,1,30,,1132883,1,,,1,70,,1132884,1,,,1,30,,1132886,1,,,1,70,,1132885,1,,,1,30,,1132912,1,,,1,70,,1132891,1,,,1,30,,1132901,1,,,1,70,,1132894,1,,,1,30,,1132907,1,,,1,70,,1132911,1,,,1,30,,1132904,1,,,1,70,,1132910,1,,,1,30,,1132905,1,,,1,70,,1132902,1,,,1,30,,1132899,1,,,1,70,,1132906,1,,,1,30,,1132895,1,,,1,70,,1132909,1,,,1,30,,1132903,1,,,1,70,,1132889,1,,,1,30,,1132898,1,,,1,70,,1132900,1,,,1,100,,1132887,1,,,1,100,,1132882,1,,,1
3601,'8',633,,1132943,1,,,1,70,,1132946,1,,,1,29,,1132935,1,,,1,71,,1132919,1,,,1,30,,1132925,1,,,1,70,,1132942,1,,,1,30,,1132915,1,,,1,70,,1132945,1,,,1,30,,1132920,1,,,1,70,,1132921,1,,,1,30,,1132916,1,,,1,70,,1132926,1,,,1,30,,1132936,1,,,1,70,,1132927,1,,,1,30,,1132924,1,,,1,70,,1132931,1,,,1,30,,1132913,1,,,1,70,,1132918,1,,,1,30,,1132929,1,,,1,70,,1132938,1,,,1,30,,1132940,1,,,1,70,,1132937,1,,,1,30,,1132944,1,,,1,70,,1132914,1,,,1,30,,1132941,1,,,1,70,,1132923,1,,,1,30,,1132933,1,,,1,70,,1132928,1,,,1,30,,1132917,1,,,1,70,,1132939,1,,,1,30,,1132922,1,,,1,100,,1132932,1,,,1,100,,1132934,1,,,1
3601,'9',633,,1132961,1,,,1,70,,1132953,1,,,1,29,,1132974,1,,,1,71,,1076497,1,,,1,30,,1132967,1,,,1,70,,1084049,1,,,1,30,,1132963,1,,,1,70,,1132954,1,,,1,30,,1132973,1,,,1,70,,1132972,1,,,1,30,,1132962,1,,,1,70,,1132964,1,,,1,30,,1132965,1,,,1,70,,1132951,1,,,1,30,,1132950,1,,,1,70,,1132958,1,,,1,30,,1132976,1,,,1,70,,934996,1,,,1,30,,1132957,1,,,1,70,,1132970,1,,,1,30,,1132959,1,,,1,70,,1132947,1,,,1,30,,1132968,1,,,1,70,,1132971,1,,,1,30,,1132956,1,,,1,70,,1132977,1,,,1,30,,1132949,1,,,1,70,,1132969,1,,,1,30,,1132952,1,,,1,70,,1132960,1,,,1,30,,1132975,1,,,1,100,,1132966,1,,,1,100,,1132948,1,,,1
3800,'1',448,,1133007,18,,,1,367,,1133001,17,0,23 39,1,41,,1132994,18,,,1,76,,1024061,18,,,1,75,,1132986,18,,,1,30,,1132983,18,,,1,70,,1132978,18,,,1,31,,1133003,18,,,1,70,,1050850,18,,,1,30,,1132987,18,,,1,71,,1132980,18,,,1,30,,1133006,18,,,1,70,,1133005,18,,,1,32,,1132991,18,,,1,101,,1132982,18,,,1,70,,1132996,18,,,1,30,,1132979,18,,,1,68,,1132988,18,,,1,30,,1132985,18,,,1,70,,1132992,18,,,1,29,,1132998,18,,,1,65,,1132989,18,,,1,25,,1133002,18,,,1,30,,1052648,18,,,1,70,,1132999,18,,,1,30,,1132995,18,,,1,70,,1132984,18,,,1,30,,1132981,18,,,1,70,,1133000,18,,,1,30,,1086852,18,,,1
3800,'10',448,,1133038,18,,,1,367,,1133032,17,0,23 39,1,41,,1133025,18,,,1,76,,1024144,18,,,1,75,,1133017,18,,,1,30,,1133014,18,,,1,70,,1133009,18,,,1,31,,1133034,18,,,1,70,,1051026,18,,,1,30,,1133018,18,,,1,71,,1133011,18,,,1,30,,1133037,18,,,1,70,,1133036,18,,,1,32,,1133022,18,,,1,101,,1133013,18,,,1,70,,1133027,18,,,1,30,,1133010,18,,,1,68,,1133019,18,,,1,30,,1133016,18,,,1,70,,1133023,18,,,1,29,,1133029,18,,,1,65,,1133020,18,,,1,25,,1133033,18,,,1,30,,1052694,18,,,1,70,,1133030,18,,,1,30,,1133026,18,,,1,70,,1133015,18,,,1,30,,1133012,18,,,1,70,,1133031,18,,,1,30,,1086792,18,,,1
3800,'11',448,,1133069,18,,,1,367,,1133063,17,0,23 39,1,41,,1133056,18,,,1,76,,1024036,18,,,1,75,,1133048,18,,,1,30,,1133045,18,,,1,70,,1133040,18,,,1,31,,1133065,18,,,1,70,,1050798,18,,,1,30,,1133049,18,,,1,71,,1133042,18,,,1,30,,1133068,18,,,1,70,,1133067,18,,,1,32,,1133053,18,,,1,101,,1133044,18,,,1,70,,1133058,18,,,1,30,,1133041,18,,,1,68,,1133050,18,,,1,30,,1133047,18,,,1,70,,1133054,18,,,1,29,,1133060,18,,,1,65,,1133051,18,,,1,25,,1133064,18,,,1,30,,1052635,18,,,1,70,,1133061,18,,,1,30,,1133057,18,,,1,70,,1133046,18,,,1,30,,1133043,18,,,1,70,,1133062,18,,,1,30,,1086872,18,,,1
3800,'12',448,,1133090,18,,,1,367,,989492,17,0,23 39,1,41,,1133077,18,,,1,76,,1133082,18,,,1,75,,1133091,18,,,1,30,,1094566,18,,,1,70,,1133074,18,,,1,31,,1133071,18,,,1,70,,1133080,18,,,1,30,,1133073,18,,,1,71,,1133092,18,,,1,30,,1133089,18,,,1,70,,1066865,18,,,1,32,,1133079,18,,,1,101,,1133100,18,,,1,70,,1133103,18,,,1,30,,1133075,18,,,1,68,,1133083,18,,,1,30,,1133088,18,,,1,70,,1133081,18,,,1,29,,1133095,18,,,1,65,,1133096,18,,,1,25,,1133101,18,,,1,30,,1133093,18,,,1,70,,1133076,18,,,1,30,,1133098,18,,,1,70,,1133072,18,,,1,30,,1133084,18,,,1,70,,1133086,18,,,1,30,,1133097,18,,,1
3800,'13',758,,1133119,18,,,1,100,,1133107,18,,,1,67,,1133121,18,,,1,30,,1133117,18,,,1,70,,1133118,18,,,1,30,,1008982,18,,,1,70,,1133112,18,,,1,30,,1133106,18,,,1,70,,1133116,18,,,1,30,,1133109,18,,,1,70,,1133111,18,,,1,30,,1133110,18,,,1,70,,1081569,18,,,1,30,,1062457,18,,,1,70,,1133108,18,,,1,30,,1133104,18,,,1,70,,1133114,18,,,1,30,,1133115,18,,,1,70,,1077428,18,,,1,30,,1133123,18,,,1,100,,1133122,18,,,1,100,,1133105,18,,,1,100,,1133120,18,,,1,100,,1133113,18,,,1
3800,'14',448,,1133158,18,,,1,367,,1133150,17,0,23 39,1,41,,1133143,18,,,1,76,,1133138,18,,,1,75,,1133133,18,,,1,30,,1133130,18,,,1,70,,1133124,18,,,1,31,,1133153,18,,,1,70,,1133134,18,,,1,30,,1133135,18,,,1,71,,1133126,18,,,1,30,,1133156,18,,,1,70,,1133155,18,,,1,32,,1133140,18,,,1,101,,1133129,18,,,1,70,,1133145,18,,,1,30,,1133125,18,,,1,68,,1133136,18,,,1,30,,1133132,18,,,1,70,,1133141,18,,,1,29,,1133147,18,,,1,65,,1133137,18,,,1,25,,1133151,18,,,1,30,,1133157,18,,,1,70,,1133148,18,,,1,30,,1133144,18,,,1,70,,1133131,18,,,1,30,,1133128,18,,,1,70,,1133149,18,,,1,30,,1133127,18,,,1
3800,'15',448,,1133183,18,,,1,367,,1133170,17,0,23 39,1,41,,1133179,18,,,1,76,,1133188,18,,,1,75,,1133182,18,,,1,30,,1133160,18,,,1,70,,1133169,18,,,1,31,,1133194,18,,,1,70,,1133192,18,,,1,30,,1133190,18,,,1,71,,1133166,18,,,1,30,,1133193,18,,,1,70,,1133191,18,,,1,32,,1133181,18,,,1,101,,1133172,18,,,1,70,,1133178,18,,,1,30,,1133168,18,,,1,68,,1133161,18,,,1,30,,1133163,18,,,1,70,,1133167,18,,,1,29,,1133173,18,,,1,65,,1133187,18,,,1,25,,1133165,18,,,1,30,,1133180,18,,,1,70,,1133162,18,,,1,30,,1133189,18,,,1,70,,1133184,18,,,1,30,,1133177,18,,,1,70,,1133174,18,,,1,30,,1133175,18,,,1
3800,'16',448,,1133216,18,,,1,367,,1133229,17,0,23 39,1,41,,1133203,18,,,1,76,,1133208,18,,,1,75,,1133217,18,,,1,30,,1133228,18,,,1,70,,1133200,18,,,1,31,,1133196,18,,,1,70,,1133206,18,,,1,30,,1133199,18,,,1,71,,1133218,18,,,1,30,,1133215,18,,,1,70,,1133197,18,,,1,32,,1133205,18,,,1,101,,1133226,18,,,1,70,,977735,18,,,1,30,,1133201,18,,,1,68,,1133209,18,,,1,30,,1133214,18,,,1,70,,1133207,18,,,1,29,,1133221,18,,,1,65,,1133222,18,,,1,25,,1133227,18,,,1,30,,1133219,18,,,1,70,,1133202,18,,,1,30,,1133224,18,,,1,70,,1133198,18,,,1,30,,1133210,18,,,1,70,,1133212,18,,,1,30,,1133223,18,,,1
3800,'17',758,,1133249,18,,,1,100,,1133237,18,,,1,67,,1133251,18,,,1,30,,1133247,18,,,1,70,,1133248,18,,,1,30,,1133232,18,,,1,70,,1133242,18,,,1,30,,1133234,18,,,1,70,,1133246,18,,,1,30,,1133239,18,,,1,70,,1133241,18,,,1,30,,1133240,18,,,1,70,,1133236,18,,,1,30,,1133253,18,,,1,70,,1133238,18,,,1,30,,1133231,18,,,1,70,,1133244,18,,,1,30,,1133245,18,,,1,70,,1133235,18,,,1,30,,1133254,18,,,1,100,,1133252,18,,,1,100,,1133233,18,,,1,100,,1133250,18,,,1,100,,1133243,18,,,1
3800,'2',716,,1133257,18,,,1,96,,1133273,18,,,1,28,,1133255,18,,,1,70,,1133258,18,,,1,30,,1040143,18,,,1,70,,1133261,18,,,1,30,,1133278,18,,,1,70,,1133260,18,,,1,30,,1133271,18,,,1,70,,1049095,18,,,1,30,,1133276,18,,,1,70,,1005493,18,,,1,30,,1069449,18,,,1,70,,1133263,18,,,1,30,,1133262,18,,,1,70,,1133256,18,,,1,30,,1133268,18,,,1,70,,1133272,18,,,1,30,,1133267,18,,,1,70,,1133275,18,,,1,30,,1077175,18,,,1,70,,1133264,18,,,1,30,,1133265,18,,,1,70,,1133277,18,,,1,30,,1133266,18,,,1,70,,1133274,18,,,1,30,,1133270,18,,,1,70,,1133279,18,,,1,30,,1015726,18,,,1,70,,1077764,18,,,1,99,,1133269,1,,,1,100,,1133259,1,,,1
3800,'3',758,,1133298,18,,,1,100,,1133286,18,,,1,67,,1133300,18,,,1,30,,1133296,18,,,1,70,,1133297,18,,,1,30,,1133281,18,,,1,70,,1133291,18,,,1,30,,1133283,18,,,1,70,,1133295,18,,,1,30,,1133288,18,,,1,70,,1133290,18,,,1,30,,1133289,18,,,1,70,,1133285,18,,,1,30,,1133302,18,,,1,70,,1133287,18,,,1,30,,1133280,18,,,1,70,,1133293,18,,,1,30,,1133294,18,,,1,70,,1133284,18,,,1,30,,1133303,18,,,1,100,,1133301,18,,,1,100,,1133282,18,,,1,100,,1133299,18,,,1,100,,1133292,18,,,1
3800,'4',758,,1133322,18,,,1,100,,1133316,18,,,1,67,,1133310,18,,,1,30,,1133311,18,,,1,70,,1133323,18,,,1,30,,1037580,18,,,1,70,,1133306,18,,,1,30,,1133314,18,,,1,70,,1133318,18,,,1,30,,1133321,18,,,1,70,,1133320,18,,,1,30,,1074231,18,,,1,70,,1133307,18,,,1,30,,1133312,18,,,1,70,,1133304,18,,,1,30,,1065725,18,,,1,70,,1133317,18,,,1,30,,1133308,18,,,1,70,,1133319,18,,,1,30,,1133309,18,,,1,100,,1133315,18,,,1,100,,1133313,18,,,1,100,,1133305,18,,,1,100,,1069987,18,,,1
3800,'5',448,,1133353,18,,,1,367,,1133347,17,0,23 39,1,41,,1133340,18,,,1,76,,1023917,18,,,1,75,,1133332,18,,,1,30,,1133329,18,,,1,70,,1133324,18,,,1,31,,1133349,18,,,1,70,,1050561,18,,,1,30,,1133333,18,,,1,71,,1133326,18,,,1,30,,1133352,18,,,1,70,,1133351,18,,,1,32,,1133337,18,,,1,101,,1133328,18,,,1,70,,1133342,18,,,1,30,,1133325,18,,,1,68,,1133334,18,,,1,30,,1133331,18,,,1,70,,1133338,18,,,1,29,,1133344,18,,,1,65,,1133335,18,,,1,25,,1133348,18,,,1,30,,1052552,18,,,1,70,,1133345,18,,,1,30,,1133341,18,,,1,70,,1133330,18,,,1,30,,1133327,18,,,1,70,,1133346,18,,,1,30,,1086832,18,,,1
3800,'6',448,,1133370,18,,,1,367,,1133383,17,0,23 39,1,41,,1008870,18,,,1,76,,1076744,18,,,1,75,,1133371,18,,,1,30,,1133382,18,,,1,70,,1094922,18,,,1,31,,1056858,18,,,1,70,,1133361,18,,,1,30,,1066627,18,,,1,71,,1133372,18,,,1,30,,1133369,18,,,1,70,,1133355,18,,,1,32,,1133360,18,,,1,101,,1133380,18,,,1,70,,1133385,18,,,1,30,,1133357,18,,,1,68,,1133363,18,,,1,30,,1133368,18,,,1,70,,1133362,18,,,1,29,,1133375,18,,,1,65,,1133376,18,,,1,25,,1133381,18,,,1,30,,1133373,18,,,1,70,,1133358,18,,,1,30,,1133378,18,,,1,70,,1133356,18,,,1,30,,1133364,18,,,1,70,,1133366,18,,,1,30,,1133377,18,,,1
3800,'7',716,,1133396,18,,,1,96,,1133397,18,,,1,28,,1133408,18,,,1,70,,1133409,18,,,1,30,,1133399,18,,,1,70,,1133404,18,,,1,30,,1133393,18,,,1,70,,1133414,18,,,1,30,,1133410,18,,,1,70,,1133413,18,,,1,30,,1133405,18,,,1,70,,1133389,18,,,1,30,,1133387,18,,,1,70,,1133417,18,,,1,30,,1133411,18,,,1,70,,1133402,18,,,1,30,,1133395,18,,,1,70,,1133398,18,,,1,30,,1133394,18,,,1,70,,1133392,18,,,1,30,,1133407,18,,,1,70,,1133403,18,,,1,30,,1133415,18,,,1,70,,1133390,18,,,1,30,,1133391,18,,,1,70,,1133412,18,,,1,30,,1133386,18,,,1,70,,1133401,18,,,1,30,,1133388,18,,,1,70,,1133400,18,,,1,99,,1133406,1,,,1,100,,1133416,1,,,1
3800,'8',448,,1133438,18,,,1,367,,1133451,17,0,23 39,1,41,,1133425,18,,,1,76,,1133430,18,,,1,75,,1133439,18,,,1,30,,1133450,18,,,1,70,,1133422,18,,,1,31,,1133418,18,,,1,70,,1133428,18,,,1,30,,1133421,18,,,1,71,,1133440,18,,,1,30,,1133437,18,,,1,70,,1133419,18,,,1,32,,1133427,18,,,1,101,,1133448,18,,,1,70,,1133453,18,,,1,30,,1133423,18,,,1,68,,1133431,18,,,1,30,,1133436,18,,,1,70,,1133429,18,,,1,29,,1133443,18,,,1,65,,1133444,18,,,1,25,,1133449,18,,,1,30,,1133441,18,,,1,70,,1133424,18,,,1,30,,1133446,18,,,1,70,,1133420,18,,,1,30,,1133432,18,,,1,70,,1133434,18,,,1,30,,1133445,18,,,1
3800,'9',448,,1133483,18,,,1,367,,1133477,17,0,23 39,1,41,,1133470,18,,,1,76,,1024086,18,,,1,75,,1133462,18,,,1,30,,1133459,18,,,1,70,,1133454,18,,,1,31,,1133479,18,,,1,70,,1050902,18,,,1,30,,1133463,18,,,1,71,,1133456,18,,,1,30,,1133482,18,,,1,70,,1133481,18,,,1,32,,1133467,18,,,1,101,,1133458,18,,,1,70,,1133472,18,,,1,30,,1133455,18,,,1,68,,1133464,18,,,1,30,,1133461,18,,,1,70,,1133468,18,,,1,29,,1133474,18,,,1,65,,1133465,18,,,1,25,,1133478,18,,,1,30,,1052661,18,,,1,70,,1133475,18,,,1,30,,1133471,18,,,1,70,,1133460,18,,,1,30,,1133457,18,,,1,70,,1133476,18,,,1,30,,1086812,18,,,1
3801,'1',618,,1133487,17,,,1,87,,1133505,17,,,1,32,,1133494,17,,,1,69,,1133508,17,,,1,32,,1133485,17,,,1,68,,1133500,17,,,1,28,,1095617,17,,,1,70,,1133499,17,,,1,30,,1021151,17,,,1,71,,1133504,17,,,1,30,,1133501,17,,,1,70,,1133502,17,,,1,30,,1133491,17,,,1,70,,1074991,17,,,1,31,,1133506,17,,,1,71,,1133493,17,,,1,30,,1133492,17,,,1,22,,1133488,8,,,1,46,,1133509,17,,,1,347,,1080473,17,,,1,70,,1079837,17,,,1,30,,1133486,17,,,1,70,,1133496,17,,,1,30,,1133489,17,,,1,70,,980647,17,,,1,30,,1133498,17,,,1,70,,1090867,17,,,1,97,,1133503,17,,,1
3801,'10',618,,1133512,17,,,1,87,,1133530,17,,,1,32,,1133519,17,,,1,69,,1133533,17,,,1,32,,1133510,17,,,1,68,,1133525,17,,,1,28,,1095383,17,,,1,70,,1133524,17,,,1,30,,1021320,17,,,1,71,,1133529,17,,,1,30,,1133526,17,,,1,70,,1133527,17,,,1,30,,1133516,17,,,1,70,,1074619,17,,,1,31,,1133531,17,,,1,71,,1133518,17,,,1,30,,1133517,17,,,1,22,,1133513,8,,,1,46,,1133534,17,,,1,347,,1080327,17,,,1,70,,1079674,17,,,1,30,,1133511,17,,,1,70,,1133521,17,,,1,30,,1133514,17,,,1,70,,980449,17,,,1,30,,1133523,17,,,1,70,,1090626,17,,,1,97,,1133528,17,,,1
3801,'11',618,,1133537,17,,,1,87,,1133555,17,,,1,32,,1133544,17,,,1,69,,1133558,17,,,1,32,,1133535,17,,,1,68,,1133550,17,,,1,28,,1095690,17,,,1,70,,1133549,17,,,1,30,,1021103,17,,,1,71,,1133554,17,,,1,30,,1133551,17,,,1,70,,1133552,17,,,1,30,,1133541,17,,,1,70,,1075097,17,,,1,31,,1133556,17,,,1,71,,1133543,17,,,1,30,,1133542,17,,,1,22,,1133538,8,,,1,46,,1133559,17,,,1,347,,1080517,17,,,1,70,,1079883,17,,,1,30,,1133536,17,,,1,70,,1133546,17,,,1,30,,1133539,17,,,1,70,,980622,17,,,1,30,,1133548,17,,,1,70,,1090938,17,,,1,97,,1133553,17,,,1
3801,'12',618,,1133581,17,,,1,87,,1133587,17,,,1,32,,1133580,17,,,1,69,,1133584,17,,,1,32,,1133561,17,,,1,68,,1133574,17,,,1,28,,1133562,17,,,1,70,,1133586,17,,,1,30,,1053423,17,,,1,71,,1133589,17,,,1,30,,1133575,17,,,1,70,,1133583,17,,,1,30,,1133568,17,,,1,70,,1133560,17,,,1,31,,1133569,17,,,1,71,,1133578,17,,,1,30,,1133577,17,,,1,22,,1133573,8,,,1,46,,1060599,17,,,1,347,,1133571,17,,,1,70,,1133572,17,,,1,30,,1133564,17,,,1,70,,1133576,17,,,1,30,,1133567,17,,,1,70,,1133582,17,,,1,30,,1133563,17,,,1,70,,1133570,17,,,1,97,,1133565,17,,,1
3801,'13',856,,1133602,17,,,1,70,,1133604,17,,,1,30,,1133593,17,,,1,70,,1133598,17,,,1,30,,1133611,17,,,1,70,,1133609,17,,,1,30,,1133613,17,,,1,70,,1133600,17,,,1,30,,1133607,17,,,1,70,,1133592,17,,,1,30,,1133610,17,,,1,70,,1133595,17,,,1,30,,1133591,17,,,1,70,,1133603,17,,,1,30,,1133590,17,,,1,70,,1133612,17,,,1,30,,1133597,17,,,1,70,,1133599,17,,,1,30,,1093226,17,,,1,70,,1133605,17,,,1,30,,1133594,17,,,1,70,,1133601,17,,,1,30,,1133608,17,,,1,69,,1133596,17,,,1,100,,1133606,17,,,1
3801,'14',618,,1133623,17,,,1,87,,1133642,17,,,1,32,,1133631,17,,,1,69,,1133645,17,,,1,32,,1133615,17,,,1,68,,1133637,17,,,1,28,,1133622,17,,,1,70,,1133636,17,,,1,30,,1133616,17,,,1,71,,1133641,17,,,1,30,,1133638,17,,,1,70,,1133639,17,,,1,30,,1133628,17,,,1,70,,1133618,17,,,1,31,,1133643,17,,,1,71,,1133630,17,,,1,30,,1133629,17,,,1,22,,1133625,8,,,1,46,,1133646,17,,,1,347,,1133617,17,,,1,70,,1133614,17,,,1,30,,1133621,17,,,1,70,,1133633,17,,,1,30,,1133626,17,,,1,70,,1133620,17,,,1,30,,1133635,17,,,1,70,,1133619,17,,,1,97,,1133640,17,,,1
3801,'15',618,,1133654,17,,,1,87,,1133666,17,,,1,32,,1133671,17,,,1,69,,1133658,17,,,1,32,,1133678,17,,,1,68,,1133652,17,,,1,28,,1133670,17,,,1,70,,1133674,17,,,1,30,,1133657,17,,,1,71,,1133649,17,,,1,30,,1133669,17,,,1,70,,1133667,17,,,1,30,,1133664,17,,,1,70,,1133659,17,,,1,31,,1133651,17,,,1,71,,1133677,17,,,1,30,,1133661,17,,,1,22,,1133662,8,,,1,46,,1133648,17,,,1,347,,1133679,17,,,1,70,,1133668,17,,,1,30,,1133673,17,,,1,70,,1133660,17,,,1,30,,1133681,17,,,1,70,,1133663,17,,,1,30,,1133655,17,,,1,70,,1133650,17,,,1,97,,1133680,17,,,1
3801,'16',618,,1133703,17,,,1,87,,1133709,17,,,1,32,,1068418,17,,,1,69,,1133706,17,,,1,32,,1133683,17,,,1,68,,1133697,17,,,1,28,,1133686,17,,,1,70,,1133708,17,,,1,30,,1133685,17,,,1,71,,1091657,17,,,1,30,,1133698,17,,,1,70,,1133705,17,,,1,30,,1133691,17,,,1,70,,1133682,17,,,1,31,,1133692,17,,,1,71,,1133701,17,,,1,30,,1133700,17,,,1,22,,1133696,8,,,1,46,,1133710,17,,,1,347,,1133694,17,,,1,70,,1133695,17,,,1,30,,1133687,17,,,1,70,,1133699,17,,,1,30,,1133690,17,,,1,70,,1133704,17,,,1,30,,1076676,17,,,1,70,,1133693,17,,,1,97,,1133688,17,,,1
3801,'17',856,,1133726,17,,,1,70,,1133728,17,,,1,30,,1133717,17,,,1,70,,1133722,17,,,1,30,,1133735,17,,,1,70,,1133733,17,,,1,30,,1133737,17,,,1,70,,1133724,17,,,1,30,,1133731,17,,,1,70,,1133716,17,,,1,30,,1133734,17,,,1,70,,1133719,17,,,1,30,,1133715,17,,,1,70,,1133727,17,,,1,30,,1133714,17,,,1,70,,1133736,17,,,1,30,,1133721,17,,,1,70,,1133723,17,,,1,30,,1133713,17,,,1,70,,1133729,17,,,1,30,,1133718,17,,,1,70,,1133725,17,,,1,30,,1133732,17,,,1,69,,1133720,17,,,1,100,,1133730,17,,,1
3801,'2',640,,1063852,17,,,1,100,,1133755,17,,,1,70,,1133757,17,,,1,31,,1133746,17,,,1,70,,1133767,17,,,1,30,,1133763,17,,,1,70,,1133766,17,,,1,30,,1133740,17,,,1,70,,1133762,17,,,1,30,,1133750,17,,,1,70,,1072037,17,,,1,30,,1133754,17,,,1,70,,1133761,17,,,1,30,,1133752,17,,,1,70,,1133748,17,,,1,30,,1133739,17,,,1,70,,1133758,17,,,1,30,,1094705,17,,,1,70,,1133759,17,,,1,30,,1133760,17,,,1,70,,1133745,17,,,1,30,,1133742,17,,,1,70,,1133741,17,,,1,30,,1133738,17,,,1,70,,1133749,17,,,1,30,,1133743,17,,,1,70,,1133764,17,,,1,29,,1008357,17,,,1,70,,1133753,17,,,1,30,,1133765,17,,,1,70,,1133756,17,,,1,100,,1133751,17,4,,1,30,,1133747,17,4,,1,70,,1133744,17,4,,1
3801,'3',856,,1133781,17,,,1,70,,1133783,17,,,1,30,,1133772,17,,,1,70,,1133777,17,,,1,30,,1133790,17,,,1,70,,1133788,17,,,1,30,,1133792,17,,,1,70,,1133779,17,,,1,30,,1133786,17,,,1,70,,1133771,17,,,1,30,,1133789,17,,,1,70,,1133774,17,,,1,30,,1133770,17,,,1,70,,1133782,17,,,1,30,,1133769,17,,,1,70,,1133791,17,,,1,30,,1133776,17,,,1,70,,1133778,17,,,1,30,,1133768,17,,,1,70,,1133784,17,,,1,30,,1133773,17,,,1,70,,1133780,17,,,1,30,,1133787,17,,,1,69,,1133775,17,,,1,100,,1133785,17,,,1
3801,'4',856,,1133806,17,,,1,70,,1133811,17,,,1,30,,1133799,17,,,1,70,,1133808,17,,,1,30,,1133804,17,,,1,70,,1081889,17,,,1,30,,1133798,17,,,1,70,,1133807,17,,,1,30,,1133815,17,,,1,70,,1133795,17,,,1,30,,1133793,17,,,1,70,,1133814,17,,,1,30,,1100680,17,,,1,70,,1133800,17,,,1,30,,1133802,17,,,1,70,,1133813,17,,,1,30,,1133794,17,,,1,70,,1133810,17,,,1,30,,1133809,17,,,1,70,,1133796,17,,,1,30,,1133805,17,,,1,70,,1133797,17,,,1,30,,1133803,17,,,1,69,,1133812,17,,,1,100,,1133801,17,,,1
3801,'5',618,,1133818,17,,,1,87,,1133836,17,,,1,32,,1133825,17,,,1,69,,1133839,17,,,1,32,,1133816,17,,,1,68,,1133831,17,,,1,28,,1095570,17,,,1,70,,1133830,17,,,1,30,,1020867,17,,,1,71,,1133835,17,,,1,30,,1133832,17,,,1,70,,1133833,17,,,1,30,,1133822,17,,,1,70,,1074939,17,,,1,31,,1133837,17,,,1,71,,1133824,17,,,1,30,,1133823,17,,,1,22,,1133819,8,,,1,46,,1133840,17,,,1,347,,1080451,17,,,1,70,,1079814,17,,,1,30,,1133817,17,,,1,70,,1133827,17,,,1,30,,1133820,17,,,1,70,,980730,17,,,1,30,,1133829,17,,,1,70,,1090833,17,,,1,97,,1133834,17,,,1
3801,'6',618,,1133862,17,,,1,87,,1016501,17,,,1,32,,1133861,17,,,1,69,,1133865,17,,,1,32,,1133841,17,,,1,68,,1133855,17,,,1,28,,1089601,17,,,1,70,,1133867,17,,,1,30,,1133843,17,,,1,71,,1133869,17,,,1,30,,1133856,17,,,1,70,,1133864,17,,,1,30,,1133849,17,,,1,70,,956652,17,,,1,31,,1133850,17,,,1,71,,1133859,17,,,1,30,,1133858,17,,,1,22,,1133854,8,,,1,46,,1133868,17,,,1,347,,1133852,17,,,1,70,,1133853,17,,,1,30,,1133845,17,,,1,70,,1133857,17,,,1,30,,1133848,17,,,1,70,,1133863,17,,,1,30,,1133844,17,,,1,70,,1133851,17,,,1,97,,1133846,17,,,1
3801,'7',640,,1133903,17,,,1,100,,1133899,17,,,1,70,,1133875,17,,,1,31,,1133890,17,,,1,70,,1133885,17,,,1,30,,1133901,17,,,1,70,,1133887,17,,,1,30,,1133882,17,,,1,70,,1133879,17,,,1,30,,1133900,17,,,1,70,,1133876,17,,,1,30,,1133897,17,,,1,70,,1133896,17,,,1,30,,1133874,17,,,1,70,,1133895,17,,,1,30,,1133880,17,,,1,70,,1133891,17,,,1,30,,1133873,17,,,1,70,,1133884,17,,,1,30,,1133872,17,,,1,70,,1133892,17,,,1,30,,1133898,17,,,1,70,,1133904,17,,,1,30,,1133878,17,,,1,70,,1133894,17,,,1,30,,1133886,17,,,1,70,,1133881,17,,,1,29,,1133883,17,,,1,70,,1133902,17,,,1,30,,1133889,17,,,1,70,,1133871,17,,,1,100,,1133877,17,4,,1,30,,1133888,17,4,,1,70,,1133893,17,4,,1
3801,'8',618,,1133928,17,,,1,87,,1133934,17,,,1,32,,1133927,17,,,1,69,,1133931,17,,,1,32,,1133906,17,,,1,68,,1133921,17,,,1,28,,1133909,17,,,1,70,,1133933,17,,,1,30,,1133908,17,,,1,71,,1133937,17,,,1,30,,1133922,17,,,1,70,,1133930,17,,,1,30,,1133915,17,,,1,70,,1133905,17,,,1,31,,1133916,17,,,1,71,,1133925,17,,,1,30,,1133924,17,,,1,22,,1133920,8,,,1,46,,1133935,17,,,1,347,,1133918,17,,,1,70,,1133919,17,,,1,30,,1133911,17,,,1,70,,1133923,17,,,1,30,,1133914,17,,,1,70,,1133929,17,,,1,30,,1133910,17,,,1,70,,1133917,17,,,1,97,,1133912,17,,,1
3801,'9',618,,1133941,17,,,1,87,,1133959,17,,,1,32,,1133948,17,,,1,69,,1133962,17,,,1,32,,1133939,17,,,1,68,,1133954,17,,,1,28,,1095458,17,,,1,70,,1133953,17,,,1,30,,1021199,17,,,1,71,,1133958,17,,,1,30,,1133955,17,,,1,70,,1133956,17,,,1,30,,1133945,17,,,1,70,,1074733,17,,,1,31,,1133960,17,,,1,71,,1133947,17,,,1,30,,1133946,17,,,1,22,,1133942,8,,,1,46,,1133963,17,,,1,347,,1080378,17,,,1,70,,1079725,17,,,1,30,,1133940,17,,,1,70,,1133950,17,,,1,30,,1133943,17,,,1,70,,980705,17,,,1,30,,1133952,17,,,1,70,,1090698,17,,,1,97,,1133957,17,,,1
3900,'1',323,,1134022,1,,,1,25,,1133987,1,,,1,67,,1133988,1,,,1,31,,1134017,2,0,93,1,69,,1134005,2,0,29,1,25,,1134028,2,0,29,1,16,,1134008,25,0,29,1,55,,1133970,25,0,29,1,16,,1134012,25,0,29,1,16,,1133994,25,0,29,1,15,,1134035,25,0,29,1,55,,1133992,25,0,29,1,14,,1133999,25,0,29,1,18,,1012672,25,0,29,1,14,,1133998,25,0,29,1,57,,1133975,25,0,29,1,7,,1134002,9,0,29,1,5,,1134031,25,0,29,1,17,,1074068,25,0,29,1,14,,1133973,25,0,29,1,54,,1133972,25,0,29,1,7,,1133981,9,0,29,1,10,,1133978,29,0,29,1,13,,1133985,2,0,29,1,15,,1134004,29,0,29,1,53,,1134015,2,0,29,1,14,,1133991,29,0,29,1,16,,1134018,2,0,29,1,15,,1134011,29,0,29,1,55,,1134010,2,0,29,1,15,,1133968,29,0,29,1,14,,1047284,2,0,29,1,15,,1061744,29,0,29,1,56,,1133989,2,0,29,1,16,,1134000,29,0,29,1,16,,1133995,2,0,29,1,15,,1134013,29,0,29,1,56,,1133974,2,0,29,1,16,,1134027,29,0,29,1,16,,1134020,2,0,29,1,56,,1134026,29,0,29,1,16,,1134009,2,0,29,1,16,,1133965,29,0,29,1,15,,1134025,2,0,29,1,56,,1134032,29,0,29,1,14,,1133964,2,0,29,1,16,,1133986,29,0,29,1,15,,1133969,2,0,29,1,57,,1134036,29,0,29,1,13,,957156,2,0,29,1,15,,1133979,29,0,29,1,14,,1134029,2,0,29,1,55,,1133996,29,0,29,1,15,,1133997,2,0,29,1,15,,1097849,29,0,29,1,15,,1088114,2,0,29,1,55,,1134007,29,0,29,1,15,,1134023,2,0,29,1,14,,1133971,29,0,29,1,14,,1134014,2,0,29,1,55,,1134033,29,0,29,1,15,,1134006,2,0,29,1,16,,1134019,29,0,29,1,15,,1042882,2,0,29,1,55,,1134021,29,0,29,1,15,,1134024,2,0,29,1,15,,1133982,29,0,29,1,15,,1133966,2,0,29,1,55,,1133990,29,0,29,1,15,,1133993,2,0,29,1,15,,1133983,29,0,29,1,15,,1078689,2,0,29,1,56,,1133976,29,0,29,1,15,,1134001,2,0,29,1,15,,1085236,29,0,29,1,68,,1134034,29,0,29,1,30,,1133984,2,0,29,1,70,,1134003,2,0,29,1,30,,1133977,2,0,29,1,70,,1133967,2,,,1,30,,1134030,2,,,1,70,,1134016,2,,,1,31,,1133980,2,,,1
3900,'10',323,,1134095,1,,,1,25,,1134060,1,,,1,67,,1134061,1,,,1,31,,1134090,2,0,93,1,69,,1134078,2,0,29,1,25,,1134101,2,0,29,1,16,,1134081,25,0,29,1,55,,1134043,25,0,29,1,16,,1134085,25,0,29,1,16,,1134067,25,0,29,1,15,,1134108,25,0,29,1,55,,1134065,25,0,29,1,14,,1134072,25,0,29,1,18,,1012758,25,0,29,1,14,,1134071,25,0,29,1,57,,1134048,25,0,29,1,7,,1134075,9,0,29,1,5,,1134104,25,0,29,1,17,,1073938,25,0,29,1,14,,1134046,25,0,29,1,54,,1134045,25,0,29,1,7,,1134054,9,0,29,1,10,,1134051,29,0,29,1,13,,1134058,2,0,29,1,15,,1134077,29,0,29,1,53,,1134088,2,0,29,1,14,,1134064,29,0,29,1,16,,1134091,2,0,29,1,15,,1134084,29,0,29,1,55,,1134083,2,0,29,1,15,,1134041,29,0,29,1,14,,1047465,2,0,29,1,15,,1061519,29,0,29,1,56,,1134062,2,0,29,1,16,,1134073,29,0,29,1,16,,1134068,2,0,29,1,15,,1134086,29,0,29,1,56,,1134047,2,0,29,1,16,,1134100,29,0,29,1,16,,1134093,2,0,29,1,56,,1134099,29,0,29,1,16,,1134082,2,0,29,1,16,,1134038,29,0,29,1,15,,1134098,2,0,29,1,56,,1134105,29,0,29,1,14,,1134037,2,0,29,1,16,,1134059,29,0,29,1,15,,1134042,2,0,29,1,57,,1134109,29,0,29,1,13,,957010,2,0,29,1,15,,1134052,29,0,29,1,14,,1134102,2,0,29,1,55,,1134069,29,0,29,1,15,,1134070,2,0,29,1,15,,1097625,29,0,29,1,15,,1087706,2,0,29,1,55,,1134080,29,0,29,1,15,,1134096,2,0,29,1,14,,1134044,29,0,29,1,14,,1134087,2,0,29,1,55,,1134106,29,0,29,1,15,,1134079,2,0,29,1,16,,1134092,29,0,29,1,15,,1043006,2,0,29,1,55,,1134094,29,0,29,1,15,,1134097,2,0,29,1,15,,1134055,29,0,29,1,15,,1134039,2,0,29,1,55,,1134063,29,0,29,1,15,,1134066,2,0,29,1,15,,1134056,29,0,29,1,15,,1078425,2,0,29,1,56,,1134049,29,0,29,1,15,,1134074,2,0,29,1,15,,1085107,29,0,29,1,68,,1134107,29,0,29,1,30,,1134057,2,0,29,1,70,,1134076,2,0,29,1,30,,1134050,2,0,29,1,70,,1134040,2,,,1,30,,1134103,2,,,1,70,,1134089,2,,,1,31,,1134053,2,,,1
3900,'11',323,,1134168,1,,,1,25,,1134133,1,,,1,67,,1134134,1,,,1,31,,1134163,2,0,93,1,69,,1134151,2,0,29,1,25,,1134174,2,0,29,1,16,,1134154,25,0,29,1,55,,1134116,25,0,29,1,16,,1134158,25,0,29,1,16,,1134140,25,0,29,1,15,,1134181,25,0,29,1,55,,1134138,25,0,29,1,14,,1134145,25,0,29,1,18,,1012647,25,0,29,1,14,,1134144,25,0,29,1,57,,1134121,25,0,29,1,7,,1134148,9,0,29,1,5,,1134177,25,0,29,1,17,,1074103,25,0,29,1,14,,1134119,25,0,29,1,54,,1134118,25,0,29,1,7,,1134127,9,0,29,1,10,,1134124,29,0,29,1,13,,1134131,2,0,29,1,15,,1134150,29,0,29,1,53,,1134161,2,0,29,1,14,,1134137,29,0,29,1,16,,1134164,2,0,29,1,15,,1134157,29,0,29,1,55,,1134156,2,0,29,1,15,,1134114,29,0,29,1,14,,1047232,2,0,29,1,15,,1061811,29,0,29,1,56,,1134135,2,0,29,1,16,,1134146,29,0,29,1,16,,1134141,2,0,29,1,15,,1134159,29,0,29,1,56,,1134120,2,0,29,1,16,,1134173,29,0,29,1,16,,1134166,2,0,29,1,56,,1134172,29,0,29,1,16,,1134155,2,0,29,1,16,,1134111,29,0,29,1,15,,1134171,2,0,29,1,56,,1134178,29,0,29,1,14,,1134110,2,0,29,1,16,,1134132,29,0,29,1,15,,1134115,2,0,29,1,57,,1134182,29,0,29,1,13,,957135,2,0,29,1,15,,1134125,29,0,29,1,14,,1134175,2,0,29,1,55,,1134142,29,0,29,1,15,,1134143,2,0,29,1,15,,1097917,29,0,29,1,15,,1088226,2,0,29,1,55,,1134153,29,0,29,1,15,,1134169,2,0,29,1,14,,1134117,29,0,29,1,14,,1134160,2,0,29,1,55,,1134179,29,0,29,1,15,,1134152,2,0,29,1,16,,1134165,29,0,29,1,15,,1042847,2,0,29,1,55,,1134167,29,0,29,1,15,,1134170,2,0,29,1,15,,1134128,29,0,29,1,15,,1134112,2,0,29,1,55,,1134136,29,0,29,1,15,,1134139,2,0,29,1,15,,1134129,29,0,29,1,15,,1078769,2,0,29,1,56,,1134122,29,0,29,1,15,,1134147,2,0,29,1,15,,1085271,29,0,29,1,68,,1134180,29,0,29,1,30,,1134130,2,0,29,1,70,,1134149,2,0,29,1,30,,1134123,2,0,29,1,70,,1134113,2,,,1,30,,1134176,2,,,1,70,,1134162,2,,,1,31,,1134126,2,,,1
3900,'12',323,,949401,1,,,1,25,,1134251,1,,,1,67,,1134196,1,,,1,31,,1134202,2,0,93,1,69,,1134185,2,0,29,1,25,,1134255,2,0,29,1,16,,1134191,25,0,29,1,55,,1134241,25,0,29,1,16,,1134183,25,0,29,1,16,,1134210,25,0,29,1,15,,1134249,25,0,29,1,55,,1134237,25,0,29,1,14,,1134200,25,0,29,1,18,,1134246,25,0,29,1,14,,1134204,25,0,29,1,57,,1041242,25,0,29,1,7,,1134212,9,0,29,1,5,,1134220,25,0,29,1,17,,1134239,25,0,29,1,14,,1134218,25,0,29,1,54,,1134248,25,0,29,1,7,,1074243,9,0,29,1,10,,1134192,29,0,29,1,13,,1134190,2,0,29,1,15,,1134234,29,0,29,1,53,,1134224,2,0,29,1,14,,1134197,29,0,29,1,16,,1134201,2,0,29,1,15,,1134187,29,0,29,1,55,,1134186,2,0,29,1,15,,1134232,29,0,29,1,14,,1134254,2,0,29,1,15,,1134243,29,0,29,1,56,,1134223,2,0,29,1,16,,1134244,29,0,29,1,16,,1134229,2,0,29,1,15,,1091842,29,0,29,1,56,,1134231,2,0,29,1,16,,1134188,29,0,29,1,16,,1134233,2,0,29,1,56,,1134235,29,0,29,1,16,,1134205,2,0,29,1,16,,1134226,29,0,29,1,15,,1134252,2,0,29,1,56,,1134199,29,0,29,1,14,,1134206,2,0,29,1,16,,1134213,29,0,29,1,15,,1134227,2,0,29,1,57,,1134236,29,0,29,1,13,,1134189,2,0,29,1,15,,1134198,29,0,29,1,14,,1134240,2,0,29,1,55,,1134215,29,0,29,1,15,,1064027,2,0,29,1,15,,1134228,29,0,29,1,15,,1134207,2,0,29,1,55,,1134184,29,0,29,1,15,,1134209,2,0,29,1,14,,1134245,29,0,29,1,14,,1134225,2,0,29,1,55,,1134211,29,0,29,1,15,,1072795,2,0,29,1,16,,1134242,29,0,29,1,15,,1064390,2,0,29,1,55,,1134208,29,0,29,1,15,,1134222,2,0,29,1,15,,1134203,29,0,29,1,15,,1134250,2,0,29,1,55,,1134253,29,0,29,1,15,,1134217,2,0,29,1,15,,1134238,29,0,29,1,15,,1134193,2,0,29,1,56,,1134194,29,0,29,1,15,,1134195,2,0,29,1,15,,1073607,29,0,29,1,68,,1134221,29,0,29,1,30,,1134219,2,0,29,1,70,,1001508,2,0,29,1,30,,1134230,2,0,29,1,70,,1134247,2,,,1,30,,1134214,2,,,1,70,,1134216,2,,,1,31,,1134256,2,,,1
3900,'13',325,,1134285,1,,,1,30,,1134277,1,,,1,70,,1134258,1,,,1,30,,1134323,1,,,1,70,,1134298,1,,,1,30,,1134257,1,,,1,70,,1134280,1,,,1,30,,1134322,1,,,1,70,,1134295,1,,,1,30,,1134307,1,0,29,1,58,,1134328,1,0,29,1,15,,1134291,1,0,29,1,15,,1134283,1,0,29,1,15,,1134260,1,0,29,1,55,,1134306,1,0,29,1,16,,1134281,1,0,29,1,16,,1067255,29,0,29,1,55,,1134317,1,0,29,1,15,,1134309,29,0,29,1,15,,1134288,1,0,29,1,15,,1134261,29,0,29,1,55,,1134284,1,0,29,1,15,,1134308,29,0,29,1,15,,1134297,1,0,29,1,15,,1134292,29,0,29,1,55,,1134259,1,0,29,1,15,,1134265,29,0,29,1,15,,1134276,1,0,29,1,15,,1134299,29,0,29,1,55,,1068260,1,0,29,1,15,,1134324,29,0,29,1,15,,1134279,1,0,29,1,15,,1134273,29,0,29,1,55,,1134275,1,0,29,1,15,,1134319,29,0,29,1,15,,1134287,1,0,29,1,15,,1134315,29,0,29,1,55,,1134305,1,0,29,1,15,,1134302,29,0,29,1,15,,1134311,1,0,29,1,15,,1134314,29,0,29,1,55,,1134327,1,0,29,1,15,,1134289,29,0,29,1,15,,1134294,1,0,29,1,15,,1134267,29,0,29,1,55,,1134286,1,0,29,1,15,,1134321,29,0,29,1,15,,1134264,1,0,29,1,15,,1134320,29,0,29,1,55,,1134272,1,0,29,1,15,,1134312,29,0,29,1,15,,1134290,1,0,29,1,15,,1134278,29,0,29,1,55,,1134300,1,0,29,1,15,,1134274,29,0,29,1,15,,1134271,1,0,29,1,15,,1134313,29,0,29,1,55,,1134318,1,0,29,1,15,,1134310,29,0,29,1,15,,1134282,1,0,29,1,15,,1134329,29,0,29,1,55,,1134325,1,0,29,1,15,,1134262,29,0,29,1,15,,1134263,1,0,29,1,15,,1134316,29,0,29,1,55,,1134330,1,0,29,1,30,,1134296,1,0,29,1,70,,1134293,1,,,1,30,,1134326,1,,,1,70,,1134266,1,,,1,30,,1134270,1,,,1,70,,1134303,1,,,1,30,,1134269,1,,,1,70,,1134268,1,,,1,30,,1134304,1,,,1,70,,1134301,1,,,1
3900,'14',323,,1134396,1,,,1,25,,1134360,1,,,1,67,,1134361,1,,,1,31,,1134391,2,0,93,1,69,,1134379,2,0,29,1,25,,1134402,2,0,29,1,16,,1134382,25,0,29,1,55,,1134340,25,0,29,1,16,,1134386,25,0,29,1,16,,1134367,25,0,29,1,15,,1134410,25,0,29,1,55,,1134365,25,0,29,1,14,,1134373,25,0,29,1,18,,1134411,25,0,29,1,14,,1134372,25,0,29,1,57,,1134346,25,0,29,1,7,,1134376,9,0,29,1,5,,1134405,25,0,29,1,17,,1134337,25,0,29,1,14,,1134343,25,0,29,1,54,,1134342,25,0,29,1,7,,1134354,9,0,29,1,10,,1134351,29,0,29,1,13,,1134358,2,0,29,1,15,,1134378,29,0,29,1,53,,1134389,2,0,29,1,14,,1134364,29,0,29,1,16,,1134392,2,0,29,1,15,,1134385,29,0,29,1,55,,1134384,2,0,29,1,15,,1134338,29,0,29,1,14,,1134413,2,0,29,1,15,,1134347,29,0,29,1,56,,1134362,2,0,29,1,16,,1134374,29,0,29,1,16,,1134368,2,0,29,1,15,,1134387,29,0,29,1,56,,1134345,2,0,29,1,16,,1134401,29,0,29,1,16,,1134394,2,0,29,1,56,,1134400,29,0,29,1,16,,1134383,2,0,29,1,16,,1134334,29,0,29,1,15,,1134399,2,0,29,1,56,,1134407,29,0,29,1,14,,1134332,2,0,29,1,16,,1134359,29,0,29,1,15,,1134339,2,0,29,1,57,,1134412,29,0,29,1,13,,1134344,2,0,29,1,15,,1134352,29,0,29,1,14,,1134403,2,0,29,1,55,,1134369,29,0,29,1,15,,1134371,2,0,29,1,15,,1134350,29,0,29,1,15,,1134333,2,0,29,1,55,,1134381,29,0,29,1,15,,1134397,2,0,29,1,14,,1134341,29,0,29,1,14,,1134388,2,0,29,1,55,,1134408,29,0,29,1,15,,1134380,2,0,29,1,16,,1134393,29,0,29,1,15,,1134406,2,0,29,1,55,,1134395,29,0,29,1,15,,1134398,2,0,29,1,15,,1134355,29,0,29,1,15,,1134335,2,0,29,1,55,,1134363,29,0,29,1,15,,1134366,2,0,29,1,15,,1134356,29,0,29,1,15,,1134331,2,0,29,1,56,,1134348,29,0,29,1,15,,1134375,2,0,29,1,15,,1134370,29,0,29,1,68,,1134409,29,0,29,1,30,,1134357,2,0,29,1,70,,1134377,2,0,29,1,30,,1134349,2,0,29,1,70,,1134336,2,,,1,30,,1134404,2,,,1,70,,1134390,2,,,1,31,,1134353,2,,,1
3900,'15',323,,1134438,1,,,1,25,,1134418,1,,,1,67,,1134472,1,,,1,31,,1134429,2,0,93,1,69,,1134459,2,0,29,1,25,,1134494,2,0,29,1,16,,1134489,25,0,29,1,55,,1134493,25,0,29,1,16,,1134450,25,0,29,1,16,,1134421,25,0,29,1,15,,1134449,25,0,29,1,55,,1134417,25,0,29,1,14,,1134445,25,0,29,1,18,,1134471,25,0,29,1,14,,1134473,25,0,29,1,57,,1134470,25,0,29,1,7,,1134431,9,0,29,1,5,,1134460,25,0,29,1,17,,1134453,25,0,29,1,14,,1134414,25,0,29,1,54,,1134435,25,0,29,1,7,,1134442,9,0,29,1,10,,1134496,29,0,29,1,13,,1134465,2,0,29,1,15,,1134448,29,0,29,1,53,,1134437,2,0,29,1,14,,1134469,29,0,29,1,16,,1134479,2,0,29,1,15,,1134480,29,0,29,1,55,,1134456,2,0,29,1,15,,1134416,29,0,29,1,14,,1134423,2,0,29,1,15,,1134492,29,0,29,1,56,,1134476,2,0,29,1,16,,1134486,29,0,29,1,16,,1134424,2,0,29,1,15,,1134428,29,0,29,1,56,,1134482,2,0,29,1,16,,1134443,29,0,29,1,16,,1134430,2,0,29,1,56,,1134491,29,0,29,1,16,,1134468,2,0,29,1,16,,1134426,29,0,29,1,15,,1134419,2,0,29,1,56,,1134452,29,0,29,1,14,,1134433,2,0,29,1,16,,1134488,29,0,29,1,15,,1134485,2,0,29,1,57,,1134466,29,0,29,1,13,,1134447,2,0,29,1,15,,1134432,29,0,29,1,14,,1134462,2,0,29,1,55,,1134451,29,0,29,1,15,,1134434,2,0,29,1,15,,1134461,29,0,29,1,15,,1134444,2,0,29,1,55,,1134454,29,0,29,1,15,,1134483,2,0,29,1,14,,1134455,29,0,29,1,14,,1134422,2,0,29,1,55,,1134495,29,0,29,1,15,,1134427,2,0,29,1,16,,1134446,29,0,29,1,15,,1134478,2,0,29,1,55,,1134477,29,0,29,1,15,,1134475,2,0,29,1,15,,1134440,29,0,29,1,15,,1134415,2,0,29,1,55,,1134481,29,0,29,1,15,,1134457,2,0,29,1,15,,1134458,29,0,29,1,15,,1134420,2,0,29,1,56,,1134441,29,0,29,1,15,,1134439,2,0,29,1,15,,1134425,29,0,29,1,68,,1134484,29,0,29,1,30,,1134490,2,0,29,1,70,,1134487,2,0,29,1,30,,1134467,2,0,29,1,70,,1134474,2,,,1,30,,1134436,2,,,1,70,,1134463,2,,,1,31,,1134464,2,,,1
3900,'16',323,,1134499,1,,,1,25,,1100278,1,,,1,67,,1134513,1,,,1,31,,1134519,2,0,93,1,69,,1134500,2,0,29,1,25,,1099709,2,0,29,1,16,,1134508,25,0,29,1,55,,1134556,25,0,29,1,16,,1085247,25,0,29,1,16,,1134528,25,0,29,1,15,,1134564,25,0,29,1,55,,1134553,25,0,29,1,14,,1134517,25,0,29,1,18,,1134561,25,0,29,1,14,,1134522,25,0,29,1,57,,1134570,25,0,29,1,7,,1134529,9,0,29,1,5,,1134536,25,0,29,1,17,,1134554,25,0,29,1,14,,1134534,25,0,29,1,54,,1134563,25,0,29,1,7,,1134502,9,0,29,1,10,,1134509,29,0,29,1,13,,1134507,2,0,29,1,15,,1134550,29,0,29,1,53,,1134540,2,0,29,1,14,,1134514,29,0,29,1,16,,1134518,2,0,29,1,15,,1134504,29,0,29,1,55,,1000961,2,0,29,1,15,,1134548,29,0,29,1,14,,1134569,2,0,29,1,15,,1134558,29,0,29,1,56,,1134539,2,0,29,1,16,,1134559,29,0,29,1,16,,1134545,2,0,29,1,15,,1134501,29,0,29,1,56,,1134547,2,0,29,1,16,,1134505,29,0,29,1,16,,1134549,2,0,29,1,56,,1134551,29,0,29,1,16,,1134523,2,0,29,1,16,,1134542,29,0,29,1,15,,1134566,2,0,29,1,56,,1134516,29,0,29,1,14,,1134524,2,0,29,1,16,,1134530,29,0,29,1,15,,1134543,2,0,29,1,57,,1134552,29,0,29,1,13,,1134506,2,0,29,1,15,,1134515,29,0,29,1,14,,1134555,2,0,29,1,55,,1134532,29,0,29,1,15,,1134567,2,0,29,1,15,,1134544,29,0,29,1,15,,1134525,2,0,29,1,55,,1134498,29,0,29,1,15,,1134527,2,0,29,1,14,,1134560,29,0,29,1,14,,1134541,2,0,29,1,55,,1083251,29,0,29,1,15,,1134497,2,0,29,1,16,,1134557,29,0,29,1,15,,1134520,2,0,29,1,55,,1134526,29,0,29,1,15,,1134538,2,0,29,1,15,,1134521,29,0,29,1,15,,1134565,2,0,29,1,55,,1134568,29,0,29,1,15,,1134533,2,0,29,1,15,,1048567,29,0,29,1,15,,1134510,2,0,29,1,56,,1134511,29,0,29,1,15,,1134512,2,0,29,1,15,,1134571,29,0,29,1,68,,1134537,29,0,29,1,30,,1134535,2,0,29,1,70,,1134503,2,0,29,1,30,,1134546,2,0,29,1,70,,1134562,2,,,1,30,,1134531,2,,,1,70,,1082259,2,,,1,31,,1134572,2,,,1
3900,'17',325,,1134601,1,,,1,30,,1134593,1,,,1,70,,1134574,1,,,1,30,,1134639,1,,,1,70,,1134614,1,,,1,30,,1134573,1,,,1,70,,1134596,1,,,1,30,,1134638,1,,,1,70,,1134611,1,,,1,30,,1134623,1,0,29,1,58,,1134646,1,0,29,1,15,,1134607,1,0,29,1,15,,1134599,1,0,29,1,15,,1134576,1,0,29,1,55,,1134622,1,0,29,1,16,,1134597,1,0,29,1,16,,1134640,29,0,29,1,55,,1134633,1,0,29,1,15,,1134625,29,0,29,1,15,,1134604,1,0,29,1,15,,1134577,29,0,29,1,55,,1134600,1,0,29,1,15,,1134624,29,0,29,1,15,,1134613,1,0,29,1,15,,1134608,29,0,29,1,55,,1134575,1,0,29,1,15,,1134581,29,0,29,1,15,,1134592,1,0,29,1,15,,1134615,29,0,29,1,55,,1134645,1,0,29,1,15,,1134641,29,0,29,1,15,,1134595,1,0,29,1,15,,1134589,29,0,29,1,55,,1134591,1,0,29,1,15,,1134635,29,0,29,1,15,,1134603,1,0,29,1,15,,1134631,29,0,29,1,55,,1134621,1,0,29,1,15,,1134618,29,0,29,1,15,,1134627,1,0,29,1,15,,1134630,29,0,29,1,55,,1134644,1,0,29,1,15,,1134605,29,0,29,1,15,,1134610,1,0,29,1,15,,1134583,29,0,29,1,55,,1134602,1,0,29,1,15,,1134637,29,0,29,1,15,,1134580,1,0,29,1,15,,1134636,29,0,29,1,55,,1134588,1,0,29,1,15,,1134628,29,0,29,1,15,,1134606,1,0,29,1,15,,1134594,29,0,29,1,55,,1134616,1,0,29,1,15,,1134590,29,0,29,1,15,,1134587,1,0,29,1,15,,1134629,29,0,29,1,55,,1134634,1,0,29,1,15,,1134626,29,0,29,1,15,,1134598,1,0,29,1,15,,1134647,29,0,29,1,55,,1134642,1,0,29,1,15,,1134578,29,0,29,1,15,,1134579,1,0,29,1,15,,1134632,29,0,29,1,55,,1134648,1,0,29,1,30,,1134612,1,0,29,1,70,,1134609,1,,,1,30,,1134643,1,,,1,70,,1134582,1,,,1,30,,1134586,1,,,1,70,,1134619,1,,,1,30,,1134585,1,,,1,70,,1134584,1,,,1,30,,1134620,1,,,1,70,,1134617,1,,,1
3900,'2',316,,1134684,1,,,1,20,,1134674,1,,,1,70,,1134649,1,,,1,30,,1134663,1,,,1,70,,1134655,1,,,1,30,,1134680,1,,,1,22,,1134676,1,0,29,1,58,,1134707,1,0,29,1,16,,1134709,1,0,29,1,15,,1134679,1,0,29,1,55,,1134677,1,0,29,1,15,,1134650,1,0,29,1,15,,1134668,1,0,29,1,15,,1134712,1,0,29,1,55,,1134675,1,0,29,1,15,,1134661,1,0,29,1,15,,1134708,1,0,29,1,15,,1134719,29,0,29,1,55,,1076820,1,0,29,1,15,,1134701,29,0,29,1,15,,1134705,1,0,29,1,15,,1134666,29,0,29,1,55,,1012926,1,0,29,1,15,,1134651,29,0,29,1,15,,1134682,1,0,29,1,15,,1134664,29,0,29,1,55,,1134689,1,0,29,1,15,,1134694,29,0,29,1,15,,1134688,1,0,29,1,15,,1134692,29,0,29,1,55,,1134686,1,0,29,1,15,,1134654,29,0,29,1,15,,1134672,1,0,29,1,15,,1134693,29,0,29,1,55,,1134665,1,0,29,1,15,,1134658,29,0,29,1,15,,1134683,1,0,29,1,15,,1134722,29,0,29,1,55,,1134681,1,0,29,1,15,,1134716,29,0,29,1,15,,1134656,1,0,29,1,15,,1134659,29,0,29,1,55,,1134653,1,0,29,1,15,,1134691,29,0,29,1,15,,1134685,1,0,29,1,15,,1134715,29,0,29,1,55,,1134697,1,0,29,1,15,,1134700,29,0,29,1,15,,1134714,1,0,29,1,15,,1134721,29,0,29,1,55,,1134695,1,0,29,1,15,,1134711,29,0,29,1,15,,1134696,1,0,29,1,15,,1134652,29,0,29,1,55,,1074667,1,0,29,1,15,,1134673,29,0,29,1,15,,1134670,1,0,29,1,15,,1134720,29,0,29,1,55,,1134657,1,0,29,1,15,,1134702,29,0,29,1,15,,1134706,1,0,29,1,15,,1134662,29,0,29,1,55,,1134698,1,0,29,1,15,,1134703,29,0,29,1,15,,1134671,1,0,29,1,15,,1134660,29,0,29,1,55,,1078922,1,0,29,1,15,,1134718,29,0,29,1,15,,1134669,1,0,29,1,15,,1134678,29,0,29,1,70,,1134690,29,0,29,1,31,,1134704,1,0,29,1,72,,1134710,1,0,29,1,31,,1134687,1,0,29,1,70,,1134717,1,0,29,1,30,,1134699,1,0,29,1,70,,1084294,1,0,29,1,35,,1087403,1,,,1,70,,1134713,1,,,1,30,,1134667,1,,,1
3900,'3',325,,1134751,1,,,1,30,,1134743,1,,,1,70,,1134724,1,,,1,30,,1134789,1,,,1,70,,1134764,1,,,1,30,,1134723,1,,,1,70,,1134746,1,,,1,30,,1134788,1,,,1,70,,1134761,1,,,1,30,,1134773,1,0,29,1,58,,1134796,1,0,29,1,15,,1134757,1,0,29,1,15,,1134749,1,0,29,1,15,,1134726,1,0,29,1,55,,1134772,1,0,29,1,16,,1134747,1,0,29,1,16,,1134790,29,0,29,1,55,,1134783,1,0,29,1,15,,1134775,29,0,29,1,15,,1134754,1,0,29,1,15,,1134727,29,0,29,1,55,,1134750,1,0,29,1,15,,1134774,29,0,29,1,15,,1134763,1,0,29,1,15,,1134758,29,0,29,1,55,,1134725,1,0,29,1,15,,1134731,29,0,29,1,15,,1134742,1,0,29,1,15,,1134765,29,0,29,1,55,,1134795,1,0,29,1,15,,1134791,29,0,29,1,15,,1134745,1,0,29,1,15,,1134739,29,0,29,1,55,,1134741,1,0,29,1,15,,1134785,29,0,29,1,15,,1134753,1,0,29,1,15,,1134781,29,0,29,1,55,,1134771,1,0,29,1,15,,1134768,29,0,29,1,15,,1134777,1,0,29,1,15,,1134780,29,0,29,1,55,,1134794,1,0,29,1,15,,1134755,29,0,29,1,15,,1134760,1,0,29,1,15,,1134733,29,0,29,1,55,,1134752,1,0,29,1,15,,1134787,29,0,29,1,15,,1134730,1,0,29,1,15,,1134786,29,0,29,1,55,,1134738,1,0,29,1,15,,1134778,29,0,29,1,15,,1134756,1,0,29,1,15,,1134744,29,0,29,1,55,,1134766,1,0,29,1,15,,1134740,29,0,29,1,15,,1134737,1,0,29,1,15,,1134779,29,0,29,1,55,,1134784,1,0,29,1,15,,1134776,29,0,29,1,15,,1134748,1,0,29,1,15,,1134797,29,0,29,1,55,,1134792,1,0,29,1,15,,1134728,29,0,29,1,15,,1134729,1,0,29,1,15,,1134782,29,0,29,1,55,,1134798,1,0,29,1,30,,1134762,1,0,29,1,70,,1134759,1,,,1,30,,1134793,1,,,1,70,,1134732,1,,,1,30,,1134736,1,,,1,70,,1134769,1,,,1,30,,1134735,1,,,1,70,,1134734,1,,,1,30,,1134770,1,,,1,70,,1134767,1,,,1
3900,'4',325,,1134846,1,,,1,30,,1134800,1,,,1,70,,1134863,1,,,1,30,,1134830,1,,,1,70,,1134823,1,,,1,30,,1134815,1,,,1,70,,1134845,1,,,1,30,,1134840,1,,,1,70,,1134812,1,,,1,30,,1134804,1,0,29,1,58,,1134806,1,0,29,1,15,,1134842,1,0,29,1,15,,1134817,1,0,29,1,15,,1134837,1,0,29,1,55,,1134847,1,0,29,1,16,,1134865,1,0,29,1,16,,1134871,29,0,29,1,55,,1134855,1,0,29,1,15,,1134818,29,0,29,1,15,,1134827,1,0,29,1,15,,1134872,29,0,29,1,55,,1134813,1,0,29,1,15,,1134867,29,0,29,1,15,,1134866,1,0,29,1,15,,1134809,29,0,29,1,55,,1134811,1,0,29,1,15,,1134808,29,0,29,1,15,,1134822,1,0,29,1,15,,1134858,29,0,29,1,55,,1134820,1,0,29,1,15,,1134862,29,0,29,1,15,,1134873,1,0,29,1,15,,1134825,29,0,29,1,55,,1084384,1,0,29,1,15,,1134844,29,0,29,1,15,,1134848,1,0,29,1,15,,1134803,29,0,29,1,55,,1134859,1,0,29,1,15,,1134838,29,0,29,1,15,,1134828,1,0,29,1,15,,1134835,29,0,29,1,55,,1134850,1,0,29,1,15,,1134853,29,0,29,1,15,,1134826,1,0,29,1,15,,1134807,29,0,29,1,55,,1134868,1,0,29,1,15,,1134856,29,0,29,1,15,,1134819,1,0,29,1,15,,1134854,29,0,29,1,55,,1134816,1,0,29,1,15,,1134832,29,0,29,1,15,,1134849,1,0,29,1,15,,1134805,29,0,29,1,55,,1134833,1,0,29,1,15,,1134839,29,0,29,1,15,,1134836,1,0,29,1,15,,1134824,29,0,29,1,55,,1134799,1,0,29,1,15,,1134829,29,0,29,1,15,,1134802,1,0,29,1,15,,1134860,29,0,29,1,55,,1134861,1,0,29,1,15,,1134841,29,0,29,1,15,,1134801,1,0,29,1,15,,1134851,29,0,29,1,55,,1134834,1,0,29,1,30,,1134814,1,0,29,1,70,,1134810,1,,,1,30,,1134857,1,,,1,70,,1134821,1,,,1,30,,1134869,1,,,1,70,,1134843,1,,,1,30,,1134870,1,,,1,70,,1134831,1,,,1,30,,1134852,1,,,1,70,,1134864,1,,,1
3900,'5',323,,1134932,1,,,1,25,,1134897,1,,,1,67,,1134898,1,,,1,31,,1134927,2,0,93,1,69,,1134915,2,0,29,1,25,,1134938,2,0,29,1,16,,1134918,25,0,29,1,55,,1134880,25,0,29,1,16,,1134922,25,0,29,1,16,,1134904,25,0,29,1,15,,1134945,25,0,29,1,55,,1134902,25,0,29,1,14,,1134909,25,0,29,1,18,,1012518,25,0,29,1,14,,1134908,25,0,29,1,57,,1134885,25,0,29,1,7,,1134912,9,0,29,1,5,,1134941,25,0,29,1,17,,1074049,25,0,29,1,14,,1134883,25,0,29,1,54,,1134882,25,0,29,1,7,,1134891,9,0,29,1,10,,1134888,29,0,29,1,13,,1134895,2,0,29,1,15,,1134914,29,0,29,1,53,,1134925,2,0,29,1,14,,1134901,29,0,29,1,16,,1134928,2,0,29,1,15,,1134921,29,0,29,1,55,,1134920,2,0,29,1,15,,1134878,29,0,29,1,14,,1046980,2,0,29,1,15,,1061702,29,0,29,1,56,,1134899,2,0,29,1,16,,1134910,29,0,29,1,16,,1134905,2,0,29,1,15,,1134923,29,0,29,1,56,,1134884,2,0,29,1,16,,1134937,29,0,29,1,16,,1134930,2,0,29,1,56,,1134936,29,0,29,1,16,,1134919,2,0,29,1,16,,1134875,29,0,29,1,15,,1134935,2,0,29,1,56,,1134942,29,0,29,1,14,,1134874,2,0,29,1,16,,1134896,29,0,29,1,15,,1134879,2,0,29,1,57,,1134946,29,0,29,1,13,,957228,2,0,29,1,15,,1134889,29,0,29,1,14,,1134939,2,0,29,1,55,,1134906,29,0,29,1,15,,1134907,2,0,29,1,15,,1097804,29,0,29,1,15,,1088053,2,0,29,1,55,,1134917,29,0,29,1,15,,1134933,2,0,29,1,14,,1134881,29,0,29,1,14,,1134924,2,0,29,1,55,,1134943,29,0,29,1,15,,1134916,2,0,29,1,16,,1134929,29,0,29,1,15,,1042685,2,0,29,1,55,,1134931,29,0,29,1,15,,1134934,2,0,29,1,15,,1134892,29,0,29,1,15,,1134876,2,0,29,1,55,,1134900,29,0,29,1,15,,1134903,2,0,29,1,15,,1134893,29,0,29,1,15,,1078641,2,0,29,1,56,,1134886,29,0,29,1,15,,1134911,2,0,29,1,15,,1085214,29,0,29,1,68,,1134944,29,0,29,1,30,,1134894,2,0,29,1,70,,1134913,2,0,29,1,30,,1134887,2,0,29,1,70,,1134877,2,,,1,30,,1134940,2,,,1,70,,1134926,2,,,1,31,,1134890,2,,,1
3900,'6',323,,1134950,1,,,1,25,,1135014,1,,,1,67,,1134961,1,,,1,31,,1134967,2,0,93,1,69,,1066622,2,0,29,1,25,,1135019,2,0,29,1,16,,1134956,25,0,29,1,55,,1135005,25,0,29,1,16,,1134948,25,0,29,1,16,,1134976,25,0,29,1,15,,1135013,25,0,29,1,55,,1135001,25,0,29,1,14,,1134965,25,0,29,1,18,,1135010,25,0,29,1,14,,1134970,25,0,29,1,57,,1135017,25,0,29,1,7,,1134978,9,0,29,1,5,,1134985,25,0,29,1,17,,1135003,25,0,29,1,14,,1134984,25,0,29,1,54,,1135012,25,0,29,1,7,,1134953,9,0,29,1,10,,1134957,29,0,29,1,13,,1134955,2,0,29,1,15,,1134999,29,0,29,1,53,,1134989,2,0,29,1,14,,1134962,29,0,29,1,16,,1134966,2,0,29,1,15,,1072892,29,0,29,1,55,,1134952,2,0,29,1,15,,1134997,29,0,29,1,14,,1135016,2,0,29,1,15,,1135007,29,0,29,1,56,,1134988,2,0,29,1,16,,1135008,29,0,29,1,16,,1134994,2,0,29,1,15,,1134951,29,0,29,1,56,,1134996,2,0,29,1,16,,1065205,29,0,29,1,16,,1134998,2,0,29,1,56,,1102604,29,0,29,1,16,,1134971,2,0,29,1,16,,1134991,29,0,29,1,15,,960507,2,0,29,1,56,,1134964,29,0,29,1,14,,1134972,2,0,29,1,16,,1134979,29,0,29,1,15,,1134992,2,0,29,1,57,,1135000,29,0,29,1,13,,1012898,2,0,29,1,15,,1134963,29,0,29,1,14,,1135004,2,0,29,1,55,,1134981,29,0,29,1,15,,1135015,2,0,29,1,15,,1134993,29,0,29,1,15,,1134973,2,0,29,1,55,,1134949,29,0,29,1,15,,1134975,2,0,29,1,14,,1135009,29,0,29,1,14,,1134990,2,0,29,1,55,,1134977,29,0,29,1,15,,1134947,2,0,29,1,16,,1135006,29,0,29,1,15,,1134968,2,0,29,1,55,,1134974,29,0,29,1,15,,1134987,2,0,29,1,15,,1134969,29,0,29,1,15,,1044734,2,0,29,1,55,,1035092,29,0,29,1,15,,1134983,2,0,29,1,15,,1135002,29,0,29,1,15,,1134958,2,0,29,1,56,,1134959,29,0,29,1,15,,1134960,2,0,29,1,15,,1135018,29,0,29,1,68,,1134986,29,0,29,1,30,,1080313,2,0,29,1,70,,1134954,2,0,29,1,30,,1134995,2,0,29,1,70,,1135011,2,,,1,30,,1134980,2,,,1,70,,1134982,2,,,1,31,,1096200,2,,,1
3900,'7',316,,1135052,1,,,1,20,,1135076,1,,,1,70,,1135074,1,,,1,30,,1135065,1,,,1,70,,1135032,1,,,1,30,,1135096,1,,,1,22,,1135080,1,0,29,1,58,,1135038,1,0,29,1,16,,1135086,1,0,29,1,15,,1135042,1,0,29,1,55,,1135094,1,0,29,1,15,,1135035,1,0,29,1,15,,1135045,1,0,29,1,15,,1135072,1,0,29,1,55,,1135064,1,0,29,1,15,,1135057,1,0,29,1,15,,1135020,1,0,29,1,15,,1135066,29,0,29,1,55,,1135059,1,0,29,1,15,,1135083,29,0,29,1,15,,1135023,1,0,29,1,15,,1135036,29,0,29,1,55,,1135067,1,0,29,1,15,,1135091,29,0,29,1,15,,1135049,1,0,29,1,15,,1135026,29,0,29,1,55,,1135053,1,0,29,1,15,,1135055,29,0,29,1,15,,1135089,1,0,29,1,15,,1135097,29,0,29,1,55,,1135058,1,0,29,1,15,,1135088,29,0,29,1,15,,1135081,1,0,29,1,15,,1135061,29,0,29,1,55,,1135027,1,0,29,1,15,,1135077,29,0,29,1,15,,1135033,1,0,29,1,15,,1135039,29,0,29,1,55,,1135028,1,0,29,1,15,,1135047,29,0,29,1,15,,1135034,1,0,29,1,15,,1135044,29,0,29,1,55,,1135099,1,0,29,1,15,,1135043,29,0,29,1,15,,1135050,1,0,29,1,15,,1135060,29,0,29,1,55,,1135022,1,0,29,1,15,,1135073,29,0,29,1,15,,1135078,1,0,29,1,15,,1135051,29,0,29,1,55,,1135087,1,0,29,1,15,,1135095,29,0,29,1,15,,1135054,1,0,29,1,15,,1135069,29,0,29,1,55,,1135025,1,0,29,1,15,,1135075,29,0,29,1,15,,1135046,1,0,29,1,15,,1135071,29,0,29,1,55,,1135040,1,0,29,1,15,,1135037,29,0,29,1,15,,1135085,1,0,29,1,15,,1135084,29,0,29,1,55,,1135021,1,0,29,1,15,,1135090,29,0,29,1,15,,1135093,1,0,29,1,15,,1135070,29,0,29,1,55,,1135063,1,0,29,1,15,,1135068,29,0,29,1,15,,1135056,1,0,29,1,15,,1135079,29,0,29,1,70,,1135092,29,0,29,1,31,,1135048,1,0,29,1,72,,1135031,1,0,29,1,31,,1135029,1,0,29,1,70,,1135041,1,0,29,1,30,,1135024,1,0,29,1,70,,1135062,1,0,29,1,35,,1135082,1,,,1,70,,1135030,1,,,1,30,,1135098,1,,,1
3900,'8',323,,1135103,1,,,1,25,,1135174,1,,,1,67,,1135118,1,,,1,31,,1135124,2,0,93,1,69,,1135104,2,0,29,1,25,,1135181,2,0,29,1,16,,1135113,25,0,29,1,55,,1135164,25,0,29,1,16,,1135101,25,0,29,1,16,,1135133,25,0,29,1,15,,1135172,25,0,29,1,55,,1135160,25,0,29,1,14,,1135122,25,0,29,1,18,,1135169,25,0,29,1,14,,1135127,25,0,29,1,57,,1135179,25,0,29,1,7,,1135135,9,0,29,1,5,,1135143,25,0,29,1,17,,1135162,25,0,29,1,14,,1135141,25,0,29,1,54,,1135171,25,0,29,1,7,,1135107,9,0,29,1,10,,1135114,29,0,29,1,13,,1135112,2,0,29,1,15,,1135157,29,0,29,1,53,,1135147,2,0,29,1,14,,1135119,29,0,29,1,16,,1135123,2,0,29,1,15,,1135109,29,0,29,1,55,,1135106,2,0,29,1,15,,1135155,29,0,29,1,14,,1135178,2,0,29,1,15,,1135166,29,0,29,1,56,,1135146,2,0,29,1,16,,1135167,29,0,29,1,16,,1135152,2,0,29,1,15,,1135105,29,0,29,1,56,,1135154,2,0,29,1,16,,1135110,29,0,29,1,16,,1135156,2,0,29,1,56,,1135158,29,0,29,1,16,,1135128,2,0,29,1,16,,1135149,29,0,29,1,15,,1135175,2,0,29,1,56,,1135121,29,0,29,1,14,,1135129,2,0,29,1,16,,1135136,29,0,29,1,15,,1135150,2,0,29,1,57,,1135159,29,0,29,1,13,,1135111,2,0,29,1,15,,1135120,29,0,29,1,14,,1135163,2,0,29,1,55,,1135138,29,0,29,1,15,,1135176,2,0,29,1,15,,1135151,29,0,29,1,15,,1135130,2,0,29,1,55,,1135102,29,0,29,1,15,,1135132,2,0,29,1,14,,1135168,29,0,29,1,14,,1135148,2,0,29,1,55,,1135134,29,0,29,1,15,,1135100,2,0,29,1,16,,1135165,29,0,29,1,15,,1135125,2,0,29,1,55,,1135131,29,0,29,1,15,,1135145,2,0,29,1,15,,1135126,29,0,29,1,15,,1135173,2,0,29,1,55,,1135177,29,0,29,1,15,,1135140,2,0,29,1,15,,1135161,29,0,29,1,15,,1135115,2,0,29,1,56,,1135116,29,0,29,1,15,,1135117,2,0,29,1,15,,1135180,29,0,29,1,68,,1135144,29,0,29,1,30,,1135142,2,0,29,1,70,,1135108,2,0,29,1,30,,1135153,2,0,29,1,70,,1135170,2,,,1,30,,1135137,2,,,1,70,,1135139,2,,,1,31,,1135182,2,,,1
3900,'9',323,,1135241,1,,,1,25,,1135206,1,,,1,67,,1135207,1,,,1,31,,1135236,2,0,93,1,69,,1135224,2,0,29,1,25,,1135247,2,0,29,1,16,,1135227,25,0,29,1,55,,1135189,25,0,29,1,16,,1135231,25,0,29,1,16,,1135213,25,0,29,1,15,,1135254,25,0,29,1,55,,1135211,25,0,29,1,14,,1135218,25,0,29,1,18,,1012697,25,0,29,1,14,,1135217,25,0,29,1,57,,1135194,25,0,29,1,7,,1135221,9,0,29,1,5,,1135250,25,0,29,1,17,,1073972,25,0,29,1,14,,1135192,25,0,29,1,54,,1135191,25,0,29,1,7,,1135200,9,0,29,1,10,,1135197,29,0,29,1,13,,1135204,2,0,29,1,15,,1135223,29,0,29,1,53,,1135234,2,0,29,1,14,,1135210,29,0,29,1,16,,1135237,2,0,29,1,15,,1135230,29,0,29,1,55,,1135229,2,0,29,1,15,,1135187,29,0,29,1,14,,1047336,2,0,29,1,15,,1061587,29,0,29,1,56,,1135208,2,0,29,1,16,,1135219,29,0,29,1,16,,1135214,2,0,29,1,15,,1135232,29,0,29,1,56,,1135193,2,0,29,1,16,,1135246,29,0,29,1,16,,1135239,2,0,29,1,56,,1135245,29,0,29,1,16,,1135228,2,0,29,1,16,,1135184,29,0,29,1,15,,1135244,2,0,29,1,56,,1135251,29,0,29,1,14,,1135183,2,0,29,1,16,,1135205,29,0,29,1,15,,1135188,2,0,29,1,57,,1135255,29,0,29,1,13,,957207,2,0,29,1,15,,1135198,29,0,29,1,14,,1135248,2,0,29,1,55,,1135215,29,0,29,1,15,,1135216,2,0,29,1,15,,1097693,29,0,29,1,15,,1087836,2,0,29,1,55,,1135226,29,0,29,1,15,,1135242,2,0,29,1,14,,1135190,29,0,29,1,14,,1135233,2,0,29,1,55,,1135252,29,0,29,1,15,,1135225,2,0,29,1,16,,1135238,29,0,29,1,15,,1042917,2,0,29,1,55,,1135240,29,0,29,1,15,,1135243,2,0,29,1,15,,1135201,29,0,29,1,15,,1135185,2,0,29,1,55,,1135209,29,0,29,1,15,,1135212,2,0,29,1,15,,1135202,29,0,29,1,15,,1078506,2,0,29,1,56,,1135195,29,0,29,1,15,,1135220,2,0,29,1,15,,1085147,29,0,29,1,68,,1135253,29,0,29,1,30,,1135203,2,0,29,1,70,,1135222,2,0,29,1,30,,1135196,2,0,29,1,70,,1135186,2,,,1,30,,1135249,2,,,1,70,,1135235,2,,,1,31,,1135199,2,,,1
3901,'1',411,,1135282,37,4,,1,30,,1057405,37,4,,1,65,,1091611,37,4,,1,36,,1135302,4,,,1,73,,1135290,4,,,1,21,,1135307,4,,,1,16,,1092905,4,0,73,1,56,,1068638,4,,,1,14,,1135266,4,0,73,1,15,,1084752,4,,,1,14,,1062590,4,0,73,1,54,,1135314,4,,,1,18,,1135276,4,0,73,1,15,,1070954,4,,,1,13,,1135287,4,0,73,1,55,,1135308,4,,,1,15,,1135256,4,0,73,1,15,,1135297,4,,,1,15,,1135291,4,0,73,1,55,,1135300,4,,,1,15,,1089197,4,0,73,1,15,,1135274,4,,,1,15,,1102612,4,0,73,1,55,,1135298,4,,,1,15,,1135272,4,0,73,1,15,,1135279,4,,,1,15,,1135301,4,0,73,1,55,,950258,4,,,1,15,,1031044,4,0,73,1,15,,1135265,4,,,1,15,,1135258,4,0,73,1,55,,1135281,4,,,1,15,,1135257,4,0,73,1,15,,1135315,4,,,1,15,,1135283,4,0,73,1,55,,1135284,4,,,1,15,,1135296,4,0,73,1,15,,1135273,4,,,1,15,,1102972,4,0,73,1,55,,1135278,4,,,1,17,,1135310,4,,,1,13,,1135262,4,,,1,7,,1135312,4,0,73,1,12,,1135261,4,,,1,52,,1135295,4,,,1,16,,1135303,4,,,1,14,,1135267,4,,,1,16,,1063109,4,,,1,55,,1135299,4,,,1,15,,1135306,4,,,1,14,,1135292,4,,,1,15,,1135264,4,,,1,55,,1135289,4,,,1,15,,1135271,4,,,1,15,,1032814,4,,,1,12,,1027996,4,0,73,1,55,,1135293,4,,,1,15,,1135268,4,0,73,1,15,,1135311,4,,,1,15,,1079551,4,0,73,1,55,,1135277,4,,,1,15,,1135270,4,0,73,1,15,,1135275,4,,,1,15,,1067748,4,0,73,1,55,,1135286,4,,,1,13,,1135304,4,0,73,1,15,,1135285,4,,,1,15,,1085223,4,0,73,1,55,,1135260,4,,,1,30,,1135280,4,,,1,70,,1135269,4,0,73,1,37,,1135313,16,0,73,1,70,,1135305,16,0,73,1,30,,1071284,16,0,73,1,72,,1003818,16,0,73,1,30,,1135263,16,0,73,1,75,,1135259,44,0,73,1,33,,1135288,44,0,73,1,70,,1135294,44,0,73,1,30,,1135309,44,0,73,1
3901,'10',411,,1135342,37,4,,1,30,,1057496,37,4,,1,65,,1091442,37,4,,1,36,,1135362,4,,,1,73,,1135350,4,,,1,21,,1135367,4,,,1,16,,1092587,4,0,73,1,56,,1068593,4,,,1,14,,1135326,4,0,73,1,15,,1084581,4,,,1,14,,1062280,4,0,73,1,54,,1135374,4,,,1,18,,1135336,4,0,73,1,15,,1070740,4,,,1,13,,1135347,4,0,73,1,55,,1135368,4,,,1,15,,1135316,4,0,73,1,15,,1135357,4,,,1,15,,1135351,4,0,73,1,55,,1135360,4,,,1,15,,1089002,4,0,73,1,15,,1135334,4,,,1,15,,1102606,4,0,73,1,55,,1135358,4,,,1,15,,1135332,4,0,73,1,15,,1135339,4,,,1,15,,1135361,4,0,73,1,55,,950092,4,,,1,15,,1031066,4,0,73,1,15,,1135325,4,,,1,15,,1135318,4,0,73,1,55,,1135341,4,,,1,15,,1135317,4,0,73,1,15,,1135375,4,,,1,15,,1135343,4,0,73,1,55,,1135344,4,,,1,15,,1135356,4,0,73,1,15,,1135333,4,,,1,15,,1102969,4,0,73,1,55,,1135338,4,,,1,17,,1135370,4,,,1,13,,1135322,4,,,1,7,,1135372,4,0,73,1,12,,1135321,4,,,1,52,,1135355,4,,,1,16,,1135363,4,,,1,14,,1135327,4,,,1,16,,1062767,4,,,1,55,,1135359,4,,,1,15,,1135366,4,,,1,14,,1135352,4,,,1,15,,1135324,4,,,1,55,,1135349,4,,,1,15,,1135331,4,,,1,15,,1032991,4,,,1,12,,1028083,4,0,73,1,55,,1135353,4,,,1,15,,1135328,4,0,73,1,15,,1135371,4,,,1,15,,1079359,4,0,73,1,55,,1135337,4,,,1,15,,1135330,4,0,73,1,15,,1135335,4,,,1,15,,1067697,4,0,73,1,55,,1135346,4,,,1,13,,1135364,4,0,73,1,15,,1135345,4,,,1,15,,1085094,4,0,73,1,55,,1135320,4,,,1,30,,1135340,4,,,1,70,,1135329,4,0,73,1,37,,1135373,16,0,73,1,70,,1135365,16,0,73,1,30,,1071087,16,0,73,1,72,,1003975,16,0,73,1,30,,1135323,16,0,73,1,75,,1135319,44,0,73,1,33,,1135348,44,0,73,1,70,,1135354,44,0,73,1,30,,1135369,44,0,73,1
3901,'11',411,,1135402,37,4,,1,30,,1057378,37,4,,1,65,,1091668,37,4,,1,36,,1135422,4,,,1,73,,1135410,4,,,1,21,,1135427,4,,,1,16,,1092995,4,0,73,1,56,,1068653,4,,,1,14,,1135386,4,0,73,1,15,,1084805,4,,,1,14,,1062668,4,0,73,1,54,,1135434,4,,,1,18,,1135396,4,0,73,1,15,,1071019,4,,,1,13,,1135407,4,0,73,1,55,,1135428,4,,,1,15,,1135376,4,0,73,1,15,,1135417,4,,,1,15,,1135411,4,0,73,1,55,,1135420,4,,,1,15,,1089252,4,0,73,1,15,,1135394,4,,,1,15,,1102614,4,0,73,1,55,,1135418,4,,,1,15,,1135392,4,0,73,1,15,,1135399,4,,,1,15,,1135421,4,0,73,1,55,,950232,4,,,1,15,,1031038,4,0,73,1,15,,1135385,4,,,1,15,,1135378,4,0,73,1,55,,1135401,4,,,1,15,,1135377,4,0,73,1,15,,1135435,4,,,1,15,,1135403,4,0,73,1,55,,1135404,4,,,1,15,,1135416,4,0,73,1,15,,1135393,4,,,1,15,,1102973,4,0,73,1,55,,1135398,4,,,1,17,,1135430,4,,,1,13,,1135382,4,,,1,7,,1135432,4,0,73,1,12,,1135381,4,,,1,52,,1135415,4,,,1,16,,1135423,4,,,1,14,,1135387,4,,,1,16,,1063210,4,,,1,55,,1135419,4,,,1,15,,1135426,4,,,1,14,,1135412,4,,,1,15,,1135384,4,,,1,55,,1135409,4,,,1,15,,1135391,4,,,1,15,,1032762,4,,,1,12,,1027970,4,0,73,1,55,,1135413,4,,,1,15,,1135388,4,0,73,1,15,,1135431,4,,,1,15,,1079610,4,0,73,1,55,,1135397,4,,,1,15,,1135390,4,0,73,1,15,,1135395,4,,,1,15,,1067765,4,0,73,1,55,,1135406,4,,,1,13,,1135424,4,0,73,1,15,,1135405,4,,,1,15,,1085258,4,0,73,1,55,,1135380,4,,,1,30,,1135400,4,,,1,70,,1135389,4,0,73,1,37,,1135433,16,0,73,1,70,,1135425,16,0,73,1,30,,1071346,16,0,73,1,72,,1003770,16,0,73,1,30,,1135383,16,0,73,1,75,,1135379,44,0,73,1,33,,1135408,44,0,73,1,70,,1135414,44,0,73,1,30,,1135429,44,0,73,1
3901,'12',411,,1135471,37,4,,1,30,,1135450,37,4,,1,65,,1135490,37,4,,1,36,,1135479,4,,,1,73,,1135460,4,,,1,21,,1135451,4,,,1,16,,1135505,4,0,73,1,56,,1135488,4,,,1,14,,1135467,4,0,73,1,15,,1135446,4,,,1,14,,1135492,4,0,73,1,54,,1135484,4,,,1,18,,1135507,4,0,73,1,15,,1135469,4,,,1,13,,1135501,4,0,73,1,55,,1135445,4,,,1,15,,1135491,4,0,73,1,15,,1093717,4,,,1,15,,1135487,4,0,73,1,55,,1135489,4,,,1,15,,1135459,4,0,73,1,15,,1135485,4,,,1,15,,1135472,4,0,73,1,55,,1135453,4,,,1,15,,1135449,4,0,73,1,15,,1135496,4,,,1,15,,1135476,4,0,73,1,55,,1135456,4,,,1,15,,1135448,4,0,73,1,15,,1135481,4,,,1,15,,1135508,4,0,73,1,55,,1135478,4,,,1,15,,1135503,4,0,73,1,15,,1135464,4,,,1,15,,1033071,4,0,73,1,55,,1135443,4,,,1,15,,1135439,4,0,73,1,15,,1135447,4,,,1,15,,1135498,4,0,73,1,55,,1135437,4,,,1,17,,1135474,4,,,1,13,,1135452,4,,,1,7,,1135457,4,0,73,1,12,,1135497,4,,,1,52,,1135494,4,,,1,16,,1135509,4,,,1,14,,1135506,4,,,1,16,,1135454,4,,,1,55,,1135475,4,,,1,15,,1135477,4,,,1,14,,1135510,4,,,1,15,,1135438,4,,,1,55,,1135436,4,,,1,15,,1135486,4,,,1,15,,1135493,4,,,1,12,,1135466,4,0,73,1,55,,1135465,4,,,1,15,,1135483,4,0,73,1,15,,1135500,4,,,1,15,,1135504,4,0,73,1,55,,1050491,4,,,1,15,,1135455,4,0,73,1,15,,1135442,4,,,1,15,,1135502,4,0,73,1,55,,1135499,4,,,1,13,,1135441,4,0,73,1,15,,1135461,4,,,1,15,,1135440,4,0,73,1,55,,1135482,4,,,1,30,,1135480,4,,,1,70,,1135473,4,0,73,1,37,,1135462,16,0,73,1,70,,1135444,16,0,73,1,30,,959729,16,0,73,1,72,,1135458,16,0,73,1,30,,1135470,16,0,73,1,75,,1135468,44,0,73,1,33,,1135495,44,0,73,1,70,,1083858,44,0,73,1,30,,1135463,44,0,73,1
3901,'13',418,,1135561,37,4,,1,30,,1135518,37,4,,1,70,,1135575,37,4,,1,30,,1135512,37,4,,1,70,,1135511,37,4,,1,31,,1135536,37,4,,1,72,,1135527,37,4,,1,30,,1135529,37,4,,1,70,,1135554,37,4,,1,17,,1135565,32,4,,1,15,,1135579,4,4,,1,55,,1135513,4,4,,1,15,,1135538,4,,,1,15,,1083487,4,4,,1,15,,1135534,4,,,1,55,,1135551,4,4,,1,15,,1135577,4,,,1,15,,1135548,4,4,,1,15,,1135549,4,,,1,55,,1135569,4,4,,1,15,,1096307,4,,,1,15,,1135578,4,4,,1,15,,1135519,4,,,1,55,,1072965,4,4,,1,15,,1135521,4,,,1,15,,1135517,4,4,,1,15,,1135542,4,,,1,55,,1135568,4,4,,1,15,,1135523,4,,,1,15,,1135547,4,4,,1,15,,1135541,4,,,1,55,,1135570,4,4,,1,15,,1135558,4,,,1,15,,1135543,4,4,,1,15,,1135562,4,,,1,55,,1135532,4,4,,1,15,,1135526,4,,,1,15,,1135557,4,4,,1,15,,1135574,4,,,1,55,,1135573,4,4,,1,15,,1075326,4,,,1,15,,1135563,4,4,,1,15,,1135528,4,,,1,55,,1135544,4,4,,1,15,,1135553,4,,,1,15,,1135571,4,4,,1,15,,1135560,4,,,1,55,,1135515,4,4,,1,15,,1014996,4,,,1,15,,1135546,4,4,,1,15,,1135550,4,,,1,55,,1135514,4,4,,1,15,,1135524,4,,,1,15,,1135564,4,4,,1,15,,1135520,4,,,1,55,,1135556,4,4,,1,15,,1135545,4,,,1,15,,1135535,4,4,,1,15,,1135540,4,,,1,55,,1135555,4,4,,1,15,,1135530,4,4,,1,15,,1080647,4,4,,1,15,,1135567,4,4,,1,55,,1135531,4,4,,1,15,,1135552,4,4,,1,30,,1135559,4,4,,1,70,,1135516,4,4,,1,30,,1135576,4,4,,1,73,,1135522,44,4,,1,30,,1135525,44,4,,1,70,,1135539,44,4,,1,30,,1135566,44,4,,1,70,,1135533,44,4,,1,30,,1135572,44,4,,1,70,,1135537,44,4,,1
3901,'14',411,,1135619,37,4,,1,30,,1135582,37,4,,1,65,,1135595,37,4,,1,36,,1135639,4,,,1,73,,1135627,4,,,1,21,,1135644,4,,,1,16,,1135656,4,0,73,1,56,,1135593,4,,,1,14,,1135599,4,0,73,1,15,,1135652,4,,,1,14,,1135588,4,0,73,1,54,,1135657,4,,,1,18,,1135613,4,0,73,1,15,,1135653,4,,,1,13,,1135624,4,0,73,1,55,,1135645,4,,,1,15,,1135580,4,0,73,1,15,,1135634,4,,,1,15,,1135628,4,0,73,1,55,,1135637,4,,,1,15,,1135592,4,0,73,1,15,,1135611,4,,,1,15,,1135650,4,0,73,1,55,,1135635,4,,,1,15,,1135609,4,0,73,1,15,,1135616,4,,,1,15,,1135638,4,0,73,1,55,,1135602,4,,,1,15,,1135596,4,0,73,1,15,,1135598,4,,,1,15,,1135584,4,0,73,1,55,,1135618,4,,,1,15,,1135581,4,0,73,1,15,,1135659,4,,,1,15,,1135620,4,0,73,1,55,,1135621,4,,,1,15,,1135633,4,0,73,1,15,,1135610,4,,,1,15,,1135604,4,0,73,1,55,,1135615,4,,,1,17,,1135647,4,,,1,13,,1135589,4,,,1,7,,1135654,4,0,73,1,12,,1135587,4,,,1,52,,1135632,4,,,1,16,,1135640,4,,,1,14,,1135603,4,,,1,16,,1135601,4,,,1,55,,1135636,4,,,1,15,,1135643,4,,,1,14,,1135629,4,,,1,15,,1135594,4,,,1,55,,1135626,4,,,1,15,,1135608,4,,,1,15,,1135600,4,,,1,12,,1135597,4,0,73,1,55,,1135630,4,,,1,15,,1135605,4,0,73,1,15,,1135649,4,,,1,15,,1135590,4,0,73,1,55,,1135614,4,,,1,15,,1135607,4,0,73,1,15,,1135612,4,,,1,15,,1135658,4,0,73,1,55,,1135623,4,,,1,13,,1135641,4,0,73,1,15,,1135622,4,,,1,15,,1135583,4,0,73,1,55,,1135586,4,,,1,30,,1135617,4,,,1,70,,1135606,4,0,73,1,37,,1135655,16,0,73,1,70,,1135642,16,0,73,1,30,,1135651,16,0,73,1,72,,1135648,16,0,73,1,30,,1135591,16,0,73,1,75,,1135585,44,0,73,1,33,,1135625,44,0,73,1,70,,1135631,44,0,73,1,30,,1135646,44,0,73,1
3901,'15',411,,1135683,37,4,,1,30,,1135728,37,4,,1,65,,1135704,37,4,,1,36,,1135699,4,,,1,73,,1135674,4,,,1,21,,1135711,4,,,1,16,,1135727,4,0,73,1,56,,1135675,4,,,1,14,,1135677,4,0,73,1,15,,1135668,4,,,1,14,,1135706,4,0,73,1,54,,1135666,4,,,1,18,,1135714,4,0,73,1,15,,1135671,4,,,1,13,,1135696,4,0,73,1,55,,1135713,4,,,1,15,,1135692,4,0,73,1,15,,1135672,4,,,1,15,,1135697,4,0,73,1,55,,1135721,4,,,1,15,,1135735,4,0,73,1,15,,1135717,4,,,1,15,,1135660,4,0,73,1,55,,1135667,4,,,1,15,,1135689,4,0,73,1,15,,1135662,4,,,1,15,,1135712,4,0,73,1,55,,1135682,4,,,1,15,,1135724,4,0,73,1,15,,1135691,4,,,1,15,,1135707,4,0,73,1,55,,1135718,4,,,1,15,,1135738,4,0,73,1,15,,1135669,4,,,1,15,,1135676,4,0,73,1,55,,1135670,4,,,1,15,,1135685,4,0,73,1,15,,1135690,4,,,1,15,,1135729,4,0,73,1,55,,1135694,4,,,1,17,,1135716,4,,,1,13,,1135701,4,,,1,7,,1135663,4,0,73,1,12,,1135715,4,,,1,52,,1135661,4,,,1,16,,1135684,4,,,1,14,,1135681,4,,,1,16,,1135722,4,,,1,55,,1135680,4,,,1,15,,1135726,4,,,1,14,,1135665,4,,,1,15,,1135719,4,,,1,55,,1135733,4,,,1,15,,1135700,4,,,1,15,,1135709,4,,,1,12,,1135739,4,0,73,1,55,,1135737,4,,,1,15,,1135736,4,0,73,1,15,,1135703,4,,,1,15,,1135734,4,0,73,1,55,,1135698,4,,,1,15,,1135723,4,0,73,1,15,,1135678,4,,,1,15,,1135708,4,0,73,1,55,,1135687,4,,,1,13,,1135702,4,0,73,1,15,,1135730,4,,,1,15,,1135695,4,0,73,1,55,,1135731,4,,,1,30,,1135693,4,,,1,70,,1135686,4,0,73,1,37,,1135720,16,0,73,1,70,,1135688,16,0,73,1,30,,1135679,16,0,73,1,72,,1135705,16,0,73,1,30,,1135664,16,0,73,1,75,,1135732,44,0,73,1,33,,1135673,44,0,73,1,70,,1135710,44,0,73,1,30,,1135725,44,0,73,1
3901,'16',411,,1135772,37,4,,1,30,,1135754,37,4,,1,65,,1135791,37,4,,1,36,,1135780,4,,,1,73,,1135761,4,,,1,21,,1041269,4,,,1,16,,1135807,4,0,73,1,56,,1135789,4,,,1,14,,1135768,4,0,73,1,15,,1135748,4,,,1,14,,1135794,4,0,73,1,54,,1135785,4,,,1,18,,1009937,4,0,73,1,15,,1135770,4,,,1,13,,1135803,4,0,73,1,55,,1135747,4,,,1,15,,1135793,4,0,73,1,15,,1135740,4,,,1,15,,1135788,4,0,73,1,55,,1135790,4,,,1,15,,1135760,4,0,73,1,15,,1135786,4,,,1,15,,1135773,4,0,73,1,55,,1135756,4,,,1,15,,1135751,4,0,73,1,15,,1135798,4,,,1,15,,1135777,4,0,73,1,55,,1092926,4,,,1,15,,1135750,4,0,73,1,15,,1135782,4,,,1,15,,1135810,4,0,73,1,55,,1135779,4,,,1,15,,1135805,4,0,73,1,15,,1135765,4,,,1,15,,1135753,4,0,73,1,55,,1135745,4,,,1,15,,1135743,4,0,73,1,15,,1135749,4,,,1,15,,1135800,4,0,73,1,55,,1135741,4,,,1,17,,1135775,4,,,1,13,,1135755,4,,,1,7,,1069849,4,0,73,1,12,,1135799,4,,,1,52,,1135796,4,,,1,16,,1062663,4,,,1,14,,1135809,4,,,1,16,,1135757,4,,,1,55,,1135776,4,,,1,15,,1135778,4,,,1,14,,1135811,4,,,1,15,,1135742,4,,,1,55,,1073245,4,,,1,15,,1135787,4,,,1,15,,1135795,4,,,1,12,,1135767,4,0,73,1,55,,1135766,4,,,1,15,,1135784,4,0,73,1,15,,1135802,4,,,1,15,,1135806,4,0,73,1,55,,1135792,4,,,1,15,,1135758,4,0,73,1,15,,1086706,4,,,1,15,,1135804,4,0,73,1,55,,1135801,4,,,1,13,,1079864,4,0,73,1,15,,1135762,4,,,1,15,,1135744,4,0,73,1,55,,1135783,4,,,1,30,,1135781,4,,,1,70,,1135774,4,0,73,1,37,,1135763,16,0,73,1,70,,1135746,16,0,73,1,30,,1135752,16,0,73,1,72,,1135759,16,0,73,1,30,,1135771,16,0,73,1,75,,1135769,44,0,73,1,33,,1135797,44,0,73,1,70,,1135808,44,0,73,1,30,,1135764,44,0,73,1
3901,'17',418,,1135867,37,4,,1,30,,1135820,37,4,,1,70,,1135881,37,4,,1,30,,1135814,37,4,,1,70,,1135812,37,4,,1,31,,1135842,37,4,,1,72,,1135832,37,4,,1,30,,1135835,37,4,,1,70,,1135860,37,4,,1,17,,1135871,32,4,,1,15,,1135886,4,4,,1,55,,1135815,4,4,,1,15,,1135844,4,,,1,15,,1135884,4,4,,1,15,,1135840,4,,,1,55,,1135857,4,4,,1,15,,1135883,4,,,1,15,,1135854,4,4,,1,15,,1135855,4,,,1,55,,1135875,4,4,,1,15,,1135824,4,,,1,15,,1135885,4,4,,1,15,,1135821,4,,,1,55,,1135823,4,4,,1,15,,1135826,4,,,1,15,,1135819,4,4,,1,15,,1135848,4,,,1,55,,1135874,4,4,,1,15,,1135828,4,,,1,15,,1135853,4,4,,1,15,,1135847,4,,,1,55,,1135876,4,4,,1,15,,1135864,4,,,1,15,,1135849,4,4,,1,15,,1135868,4,,,1,55,,1135838,4,4,,1,15,,1135831,4,,,1,15,,1135863,4,4,,1,15,,1135880,4,,,1,55,,1135879,4,4,,1,15,,1135813,4,,,1,15,,1135869,4,4,,1,15,,1135834,4,,,1,55,,1135850,4,4,,1,15,,1135859,4,,,1,15,,1135877,4,4,,1,15,,1135866,4,,,1,55,,1135817,4,4,,1,15,,1135833,4,,,1,15,,1135852,4,4,,1,15,,1135856,4,,,1,55,,1135816,4,4,,1,15,,1135829,4,,,1,15,,1135870,4,4,,1,15,,1135825,4,,,1,55,,1135862,4,4,,1,15,,1135851,4,,,1,15,,1135841,4,4,,1,15,,1135846,4,,,1,55,,1135861,4,4,,1,15,,1135836,4,4,,1,15,,1135822,4,4,,1,15,,1135873,4,4,,1,55,,1135837,4,4,,1,15,,1135858,4,4,,1,30,,1135865,4,4,,1,70,,1135818,4,4,,1,30,,1135882,4,4,,1,73,,1135827,44,4,,1,30,,1135830,44,4,,1,70,,1135845,44,4,,1,30,,1135872,44,4,,1,70,,1135839,44,4,,1,30,,1135878,44,4,,1,70,,1135843,44,4,,1
3901,'2',420,,1135916,37,4,,1,30,,1135933,37,4,,1,70,,1135894,37,4,,1,30,,1135906,37,4,,1,70,,1135895,37,4,,1,29,,1135890,4,4,,1,58,,1135903,4,4,,1,15,,1135914,4,4,,1,15,,1135907,4,4,,1,15,,1135918,4,4,,1,55,,1135948,4,4,,1,15,,1135930,4,,,1,15,,1135928,4,4,,1,15,,1135904,4,,,1,55,,1135925,4,4,,1,15,,1135917,4,,,1,15,,1135939,4,4,,1,15,,1135955,4,,,1,55,,1135899,4,4,,1,15,,1135905,4,,,1,15,,1135911,4,4,,1,15,,1135940,4,,,1,55,,1135938,4,4,,1,15,,1135888,4,,,1,15,,1135896,4,4,,1,15,,1028832,4,,,1,55,,1135949,4,4,,1,15,,1056531,4,,,1,15,,1135919,4,4,,1,15,,1135887,4,,,1,55,,1135923,4,4,,1,15,,1024348,4,,,1,15,,1092048,4,4,,1,15,,1135898,4,,,1,55,,1135891,4,4,,1,15,,1135901,4,,,1,15,,1135931,4,4,,1,15,,1135908,4,,,1,55,,1135950,4,4,,1,15,,1094471,4,,,1,15,,1135910,4,4,,1,15,,1135954,4,,,1,55,,1135902,4,4,,1,15,,1135941,4,,,1,15,,1022329,4,4,,1,15,,1135935,4,,,1,55,,1135927,4,4,,1,15,,1135920,4,,,1,15,,1069690,4,4,,1,15,,1135897,4,,,1,55,,1135945,4,4,,1,15,,1135936,4,,,1,15,,1068768,4,4,,1,15,,1135912,4,,,1,55,,1135934,4,4,,1,15,,1135892,4,,,1,15,,1135889,4,4,,1,15,,1135924,4,,,1,55,,1135952,4,4,,1,15,,1135913,4,,,1,15,,1135953,4,4,,1,15,,1135946,4,,,1,55,,1135951,4,4,,1,15,,1135932,4,,,1,15,,1135921,4,4,,1,15,,1135937,4,,,1,55,,1135915,4,4,,1,17,,1135909,4,4,,1,30,,1135942,4,4,,1,70,,1135929,4,4,,1,30,,1135893,4,4,,1,70,,1135944,16,4,,1,30,,1135947,16,4,,1,70,,1135900,16,4,,1,30,,1135943,16,4,,1,70,,1008927,16,4,,1,84,,1135922,44,4,,1,31,,1135926,44,4,,1
3901,'3',418,,1136011,37,4,,1,30,,1135964,37,4,,1,70,,1136025,37,4,,1,30,,1135958,37,4,,1,70,,1135956,37,4,,1,31,,1135986,37,4,,1,72,,1135976,37,4,,1,30,,1135979,37,4,,1,70,,1136004,37,4,,1,17,,1136015,32,4,,1,15,,1136030,4,4,,1,55,,1135959,4,4,,1,15,,1135988,4,,,1,15,,1136028,4,4,,1,15,,1135984,4,,,1,55,,1136001,4,4,,1,15,,1136027,4,,,1,15,,1135998,4,4,,1,15,,1135999,4,,,1,55,,1136019,4,4,,1,15,,1135968,4,,,1,15,,1136029,4,4,,1,15,,1135965,4,,,1,55,,1135967,4,4,,1,15,,1135970,4,,,1,15,,1135963,4,4,,1,15,,1135992,4,,,1,55,,1136018,4,4,,1,15,,1135972,4,,,1,15,,1135997,4,4,,1,15,,1135991,4,,,1,55,,1136020,4,4,,1,15,,1136008,4,,,1,15,,1135993,4,4,,1,15,,1136012,4,,,1,55,,1135982,4,4,,1,15,,1135975,4,,,1,15,,1136007,4,4,,1,15,,1136024,4,,,1,55,,1136023,4,4,,1,15,,1135957,4,,,1,15,,1136013,4,4,,1,15,,1135978,4,,,1,55,,1135994,4,4,,1,15,,1136003,4,,,1,15,,1136021,4,4,,1,15,,1136010,4,,,1,55,,1135961,4,4,,1,15,,1135977,4,,,1,15,,1135996,4,4,,1,15,,1136000,4,,,1,55,,1135960,4,4,,1,15,,1135973,4,,,1,15,,1136014,4,4,,1,15,,1135969,4,,,1,55,,1136006,4,4,,1,15,,1135995,4,,,1,15,,1135985,4,4,,1,15,,1135990,4,,,1,55,,1136005,4,4,,1,15,,1135980,4,4,,1,15,,1135966,4,4,,1,15,,1136017,4,4,,1,55,,1135981,4,4,,1,15,,1136002,4,4,,1,30,,1136009,4,4,,1,70,,1135962,4,4,,1,30,,1136026,4,4,,1,73,,1135971,44,4,,1,30,,1135974,44,4,,1,70,,1135989,44,4,,1,30,,1136016,44,4,,1,70,,1135983,44,4,,1,30,,1136022,44,4,,1,70,,1135987,44,4,,1
3901,'4',418,,1136037,37,4,,1,30,,1136031,37,4,,1,70,,1136085,37,4,,1,30,,1136074,37,4,,1,70,,1096069,37,4,,1,31,,1053723,37,4,,1,72,,1136059,37,4,,1,30,,1136055,37,4,,1,70,,1136044,37,4,,1,17,,1136061,32,4,,1,15,,1136067,4,4,,1,55,,1136051,4,4,,1,15,,1136033,4,,,1,15,,1136063,4,4,,1,15,,1136076,4,,,1,55,,1036761,4,4,,1,15,,1136058,4,,,1,15,,1136069,4,4,,1,15,,1065726,4,,,1,55,,1136078,4,4,,1,15,,1136032,4,,,1,15,,1136052,4,4,,1,15,,1055304,4,,,1,55,,1136035,4,4,,1,15,,1136043,4,,,1,15,,1136084,4,4,,1,15,,1095513,4,,,1,55,,1136060,4,4,,1,15,,1136046,4,,,1,15,,1066837,4,4,,1,15,,1136047,4,,,1,55,,1136036,4,4,,1,15,,1136050,4,,,1,15,,1136038,4,4,,1,15,,1136056,4,,,1,55,,1136089,4,4,,1,15,,1136049,4,,,1,15,,1136087,4,4,,1,15,,1136080,4,,,1,55,,1136040,4,4,,1,15,,1100906,4,,,1,15,,1136045,4,4,,1,15,,1136065,4,,,1,55,,1136077,4,4,,1,15,,1136075,4,,,1,15,,935472,4,4,,1,15,,1136071,4,,,1,55,,1093263,4,4,,1,15,,1136062,4,,,1,15,,976526,4,4,,1,15,,1036802,4,,,1,55,,1136086,4,4,,1,15,,1136054,4,,,1,15,,1136088,4,4,,1,15,,1136072,4,,,1,55,,1136068,4,4,,1,15,,1136082,4,,,1,15,,1136039,4,4,,1,15,,1136083,4,,,1,55,,1136066,4,4,,1,15,,1136048,4,4,,1,15,,1136073,4,4,,1,15,,1024818,4,4,,1,55,,1136081,4,4,,1,15,,1136079,4,4,,1,30,,1136053,4,4,,1,70,,1136034,4,4,,1,30,,1136057,4,4,,1,73,,1136042,44,4,,1,30,,1097746,44,4,,1,70,,1069982,44,4,,1,30,,1136090,44,4,,1,70,,1136041,44,4,,1,30,,1136064,44,4,,1,70,,1136070,44,4,,1
3901,'5',411,,1136117,37,4,,1,30,,1057270,37,4,,1,65,,1091582,37,4,,1,36,,1136137,4,,,1,73,,1136125,4,,,1,21,,1136142,4,,,1,16,,1092847,4,0,73,1,56,,1068623,4,,,1,14,,1136101,4,0,73,1,15,,1084723,4,,,1,14,,1062551,4,0,73,1,54,,1136149,4,,,1,18,,1136111,4,0,73,1,15,,1070915,4,,,1,13,,1136122,4,0,73,1,55,,1136143,4,,,1,15,,1136091,4,0,73,1,15,,1136132,4,,,1,15,,1136126,4,0,73,1,55,,1136135,4,,,1,15,,1089159,4,0,73,1,15,,1136109,4,,,1,15,,1102610,4,0,73,1,55,,1136133,4,,,1,15,,1136107,4,0,73,1,15,,1136114,4,,,1,15,,1136136,4,0,73,1,55,,950342,4,,,1,15,,1031018,4,0,73,1,15,,1136100,4,,,1,15,,1136093,4,0,73,1,55,,1136116,4,,,1,15,,1136092,4,0,73,1,15,,1136150,4,,,1,15,,1136118,4,0,73,1,55,,1136119,4,,,1,15,,1136131,4,0,73,1,15,,1136108,4,,,1,15,,1102971,4,0,73,1,55,,1136113,4,,,1,17,,1136145,4,,,1,13,,1136097,4,,,1,7,,1136147,4,0,73,1,12,,1136096,4,,,1,52,,1136130,4,,,1,16,,1136138,4,,,1,14,,1136102,4,,,1,16,,1063055,4,,,1,55,,1136134,4,,,1,15,,1136141,4,,,1,14,,1136127,4,,,1,15,,1136099,4,,,1,55,,1136124,4,,,1,15,,1136106,4,,,1,15,,1032512,4,,,1,12,,1027892,4,0,73,1,55,,1136128,4,,,1,15,,1136103,4,0,73,1,15,,1136146,4,,,1,15,,1079517,4,0,73,1,55,,1136112,4,,,1,15,,1136105,4,0,73,1,15,,1136110,4,,,1,15,,1067731,4,0,73,1,55,,1136121,4,,,1,13,,1136139,4,0,73,1,15,,1136120,4,,,1,15,,1085201,4,0,73,1,55,,1136095,4,,,1,30,,1136115,4,,,1,70,,1136104,4,0,73,1,37,,1136148,16,0,73,1,70,,1136140,16,0,73,1,30,,1071250,16,0,73,1,72,,1003549,16,0,73,1,30,,1136098,16,0,73,1,75,,1136094,44,0,73,1,33,,1136123,44,0,73,1,70,,1136129,44,0,73,1,30,,1136144,44,0,73,1
3901,'6',411,,1136177,37,4,,1,30,,1136159,37,4,,1,65,,1136196,37,4,,1,36,,1136185,4,,,1,73,,1136167,4,,,1,21,,1136160,4,,,1,16,,1088324,4,0,73,1,56,,1136194,4,,,1,14,,1094675,4,0,73,1,15,,1051253,4,,,1,14,,1136199,4,0,73,1,54,,1136190,4,,,1,18,,1136207,4,0,73,1,15,,1136175,4,,,1,13,,1136204,4,0,73,1,55,,1087661,4,,,1,15,,1136198,4,0,73,1,15,,1136151,4,,,1,15,,1136193,4,0,73,1,55,,1136195,4,,,1,15,,1136166,4,0,73,1,15,,1136191,4,,,1,15,,1136178,4,0,73,1,55,,1136161,4,,,1,15,,1002446,4,0,73,1,15,,1136201,4,,,1,15,,1136182,4,0,73,1,55,,1136163,4,,,1,15,,1065888,4,0,73,1,15,,1136187,4,,,1,15,,1136208,4,0,73,1,55,,1136184,4,,,1,15,,1081458,4,0,73,1,15,,1136171,4,,,1,15,,1136158,4,0,73,1,55,,1070375,4,,,1,15,,1011529,4,0,73,1,15,,1020307,4,,,1,15,,1080835,4,0,73,1,55,,1071028,4,,,1,17,,1136180,4,,,1,13,,958939,4,,,1,7,,1136164,4,0,73,1,12,,1082708,4,,,1,52,,1091983,4,,,1,16,,1136209,4,,,1,14,,1022137,4,,,1,16,,966130,4,,,1,55,,1136181,4,,,1,15,,1136183,4,,,1,14,,1059780,4,,,1,15,,1066247,4,,,1,55,,1136152,4,,,1,15,,1136192,4,,,1,15,,1067066,4,,,1,12,,1136173,4,0,73,1,55,,1136172,4,,,1,15,,1136189,4,0,73,1,15,,1136203,4,,,1,15,,957082,4,0,73,1,55,,1136197,4,,,1,15,,1136162,4,0,73,1,15,,1136155,4,,,1,15,,1136205,4,0,73,1,55,,1136202,4,,,1,13,,1136154,4,0,73,1,15,,1136168,4,,,1,15,,1136153,4,0,73,1,55,,1136188,4,,,1,30,,1136186,4,,,1,70,,1136179,4,0,73,1,37,,1136169,16,0,73,1,70,,1136156,16,0,73,1,30,,1136157,16,0,73,1,72,,1136165,16,0,73,1,30,,1136176,16,0,73,1,75,,1136174,44,0,73,1,33,,1136200,44,0,73,1,70,,1136206,44,0,73,1,30,,1136170,44,0,73,1
3901,'7',420,,1136266,37,4,,1,30,,1136241,37,4,,1,70,,1136280,37,4,,1,30,,1136247,37,4,,1,70,,1136256,37,4,,1,29,,1136221,4,4,,1,58,,1136232,4,4,,1,15,,1136233,4,4,,1,15,,1136242,4,4,,1,15,,1136231,4,4,,1,55,,1136264,4,4,,1,15,,1136275,4,,,1,15,,1136223,4,4,,1,15,,1136230,4,,,1,55,,1136278,4,4,,1,15,,1136265,4,,,1,15,,1136262,4,4,,1,15,,1136270,4,,,1,55,,1136271,4,4,,1,15,,1136249,4,,,1,15,,1136214,4,4,,1,15,,1136216,4,,,1,55,,1136257,4,4,,1,15,,1136272,4,,,1,15,,1136273,4,4,,1,15,,1136213,4,,,1,55,,1136269,4,4,,1,15,,1136219,4,,,1,15,,1136236,4,4,,1,15,,1136212,4,,,1,55,,1136268,4,4,,1,15,,1136248,4,,,1,15,,1136281,4,4,,1,15,,1136229,4,,,1,55,,1136261,4,4,,1,15,,1136252,4,,,1,15,,1136285,4,4,,1,15,,1136263,4,,,1,55,,1136240,4,4,,1,15,,1136259,4,,,1,15,,1136215,4,4,,1,15,,1136222,4,,,1,55,,1136235,4,4,,1,15,,1136224,4,,,1,15,,1136276,4,4,,1,15,,1136225,4,,,1,55,,1136227,4,4,,1,15,,1136284,4,,,1,15,,1136258,4,4,,1,15,,1136246,4,,,1,55,,1136250,4,4,,1,15,,1136217,4,,,1,15,,1136226,4,4,,1,15,,1136238,4,,,1,55,,1136260,4,4,,1,15,,1136282,4,,,1,15,,1136253,4,4,,1,15,,1136251,4,,,1,55,,1136245,4,4,,1,15,,1136286,4,,,1,15,,1136279,4,4,,1,15,,1136283,4,,,1,55,,1136254,4,4,,1,15,,1136287,4,,,1,15,,1136267,4,4,,1,15,,1136218,4,,,1,55,,1136234,4,4,,1,17,,1136220,4,4,,1,30,,1136228,4,4,,1,70,,1136237,4,4,,1,30,,1136243,4,4,,1,70,,1136210,16,4,,1,30,,1136277,16,4,,1,70,,1136211,16,4,,1,30,,1136274,16,4,,1,70,,1136255,16,4,,1,84,,1136244,44,4,,1,31,,1136239,44,4,,1
3901,'8',411,,1136326,37,4,,1,30,,1136305,37,4,,1,65,,1136345,37,4,,1,36,,1136334,4,,,1,73,,1136315,4,,,1,21,,1136306,4,,,1,16,,1136361,4,0,73,1,56,,1136343,4,,,1,14,,1136322,4,0,73,1,15,,1136299,4,,,1,14,,1136348,4,0,73,1,54,,1136339,4,,,1,18,,1136364,4,0,73,1,15,,1136324,4,,,1,13,,1136357,4,0,73,1,55,,1136298,4,,,1,15,,1136347,4,0,73,1,15,,1136288,4,,,1,15,,1136342,4,0,73,1,55,,1136344,4,,,1,15,,1136314,4,0,73,1,15,,1136340,4,,,1,15,,1136327,4,0,73,1,55,,1136308,4,,,1,15,,1136302,4,0,73,1,15,,1136352,4,,,1,15,,1136331,4,0,73,1,55,,1136311,4,,,1,15,,1136301,4,0,73,1,15,,1136336,4,,,1,15,,1136365,4,0,73,1,55,,1136333,4,,,1,15,,1136359,4,0,73,1,15,,1136319,4,,,1,15,,1136304,4,0,73,1,55,,1136296,4,,,1,15,,1136292,4,0,73,1,15,,1136300,4,,,1,15,,1136354,4,0,73,1,55,,1136290,4,,,1,17,,1136329,4,,,1,13,,1136307,4,,,1,7,,1136312,4,0,73,1,12,,1136353,4,,,1,52,,1136350,4,,,1,16,,1136366,4,,,1,14,,1136363,4,,,1,16,,1136309,4,,,1,55,,1136330,4,,,1,15,,1136332,4,,,1,14,,1136367,4,,,1,15,,1136291,4,,,1,55,,1136289,4,,,1,15,,1136341,4,,,1,15,,1136349,4,,,1,12,,1136321,4,0,73,1,55,,1136320,4,,,1,15,,1136338,4,0,73,1,15,,1136356,4,,,1,15,,1136360,4,0,73,1,55,,1136346,4,,,1,15,,1136310,4,0,73,1,15,,1136295,4,,,1,15,,1136358,4,0,73,1,55,,1136355,4,,,1,13,,1136294,4,0,73,1,15,,1136316,4,,,1,15,,1136293,4,0,73,1,55,,1136337,4,,,1,30,,1136335,4,,,1,70,,1136328,4,0,73,1,37,,1136317,16,0,73,1,70,,1136297,16,0,73,1,30,,1136303,16,0,73,1,72,,1136313,16,0,73,1,30,,1136325,16,0,73,1,75,,1136323,44,0,73,1,33,,1136351,44,0,73,1,70,,1136362,44,0,73,1,30,,1136318,44,0,73,1
3901,'9',411,,1136394,37,4,,1,30,,1057432,37,4,,1,65,,1091493,37,4,,1,36,,1136414,4,,,1,73,,1136402,4,,,1,21,,1136419,4,,,1,16,,1092694,4,0,73,1,56,,1068608,4,,,1,14,,1136378,4,0,73,1,15,,1084635,4,,,1,14,,1062379,4,0,73,1,54,,1136426,4,,,1,18,,1136388,4,0,73,1,15,,1070807,4,,,1,13,,1136399,4,0,73,1,55,,1136420,4,,,1,15,,1136368,4,0,73,1,15,,1136409,4,,,1,15,,1136403,4,0,73,1,55,,1136412,4,,,1,15,,1089065,4,0,73,1,15,,1136386,4,,,1,15,,1102608,4,0,73,1,55,,1136410,4,,,1,15,,1136384,4,0,73,1,15,,1136391,4,,,1,15,,1136413,4,0,73,1,55,,950316,4,,,1,15,,1031050,4,0,73,1,15,,1136377,4,,,1,15,,1136370,4,0,73,1,55,,1136393,4,,,1,15,,1136369,4,0,73,1,15,,1136427,4,,,1,15,,1136395,4,0,73,1,55,,1136396,4,,,1,15,,1136408,4,0,73,1,15,,1136385,4,,,1,15,,1102970,4,0,73,1,55,,1136390,4,,,1,17,,1136422,4,,,1,13,,1136374,4,,,1,7,,1136424,4,0,73,1,12,,1136373,4,,,1,52,,1136407,4,,,1,16,,1136415,4,,,1,14,,1136379,4,,,1,16,,1062879,4,,,1,55,,1136411,4,,,1,15,,1136418,4,,,1,14,,1136404,4,,,1,15,,1136376,4,,,1,55,,1136401,4,,,1,15,,1136383,4,,,1,15,,1032866,4,,,1,12,,1028022,4,0,73,1,55,,1136405,4,,,1,15,,1136380,4,0,73,1,15,,1136423,4,,,1,15,,1079418,4,0,73,1,55,,1136389,4,,,1,15,,1136382,4,0,73,1,15,,1136387,4,,,1,15,,1067714,4,0,73,1,55,,1136398,4,,,1,13,,1136416,4,0,73,1,15,,1136397,4,,,1,15,,1085134,4,0,73,1,55,,1136372,4,,,1,30,,1136392,4,,,1,70,,1136381,4,0,73,1,37,,1136425,16,0,73,1,70,,1136417,16,0,73,1,30,,1071149,16,0,73,1,72,,1003866,16,0,73,1,30,,1136375,16,0,73,1,75,,1136371,44,0,73,1,33,,1136400,44,0,73,1,70,,1136406,44,0,73,1,30,,1136421,44,0,73,1
13800,'1',624,,1188958,23,4,,1,30,,1188965,23,4,,1,73,,1188967,23,4,,1,30,,1188962,23,4,,1,70,,1188966,23,4,,1,27,,1188970,23,4,,1,70,,1188973,23,4,,1,95,,1188964,23,4,,1,100,,1188963,23,4,,1,100,,1188974,23,4,,1,100,,1068880,23,4,,1,100,,1188968,23,4,,1,108,,1188975,26,4,,1,30,,1188960,26,4,,1,70,,989460,26,4,,1,30,,1188959,26,4,,1,70,,1188972,26,4,,1,30,,1188976,26,4,,1,70,,1188956,23,4,,1,98,,1188961,23,4,,1,96,,1101496,23,4,,1,95,,1188957,23,4,,1,100,,1188971,23,4,,1,100,,1188969,23,4,,1
13800,'10',624,,1188979,23,4,,1,30,,1188986,23,4,,1,73,,1188988,23,4,,1,30,,1188983,23,4,,1,70,,1188987,23,4,,1,27,,1188991,23,4,,1,70,,1188994,23,4,,1,95,,1188985,23,4,,1,100,,1188984,23,4,,1,100,,1188995,23,4,,1,100,,1068735,23,4,,1,100,,1188989,23,4,,1,108,,1188996,26,4,,1,30,,1188981,26,4,,1,70,,989272,26,4,,1,30,,1188980,26,4,,1,70,,1188993,26,4,,1,30,,1188997,26,4,,1,70,,1188977,23,4,,1,98,,1188982,23,4,,1,96,,1101484,23,4,,1,95,,1188978,23,4,,1,100,,1188992,23,4,,1,100,,1188990,23,4,,1
13800,'11',624,,1189000,23,4,,1,30,,1189007,23,4,,1,73,,1189009,23,4,,1,30,,1189004,23,4,,1,70,,1189008,23,4,,1,27,,1189012,23,4,,1,70,,1189015,23,4,,1,95,,1189006,23,4,,1,100,,1189005,23,4,,1,100,,1189016,23,4,,1,100,,1068922,23,4,,1,100,,1189010,23,4,,1,108,,1189017,26,4,,1,30,,1189002,26,4,,1,70,,989432,26,4,,1,30,,1189001,26,4,,1,70,,1189014,26,4,,1,30,,1189018,26,4,,1,70,,1188998,23,4,,1,98,,1189003,23,4,,1,96,,1101500,23,4,,1,95,,1188999,23,4,,1,100,,1189013,23,4,,1,100,,1189011,23,4,,1
13800,'12',624,,1189028,23,4,,1,30,,1189020,23,4,,1,73,,1189019,23,4,,1,30,,1189035,23,4,,1,70,,964967,23,4,,1,27,,1189031,23,4,,1,70,,1189022,23,4,,1,95,,1189033,23,4,,1,100,,1189034,23,4,,1,100,,1189029,23,4,,1,100,,1189021,23,4,,1,100,,1100688,23,4,,1,108,,1189023,26,4,,1,30,,1189030,26,4,,1,70,,1189039,26,4,,1,30,,1189037,26,4,,1,70,,1189024,26,4,,1,30,,1189027,26,4,,1,70,,1094791,23,4,,1,98,,1189032,23,4,,1,96,,1189036,23,4,,1,95,,1189038,23,4,,1,100,,1189026,23,4,,1,100,,1189025,23,4,,1
13800,'13',917,,1189042,23,4,,1,120,,1189051,23,4,,1,100,,1189040,23,4,,1,101,,1189049,23,4,,1,100,,1189041,23,4,,1,100,,1189048,23,4,,1,100,,1189043,23,4,,1,100,,1189047,23,4,,1,100,,1189044,23,4,,1,103,,1189050,23,4,,1,97,,1189046,23,4,,1,100,,1189045,23,4,,1
13800,'14',624,,1189056,23,4,,1,30,,1189063,23,4,,1,73,,1189066,23,4,,1,30,,1189060,23,4,,1,70,,1189065,23,4,,1,27,,1189069,23,4,,1,70,,1189072,23,4,,1,95,,1189062,23,4,,1,100,,1189061,23,4,,1,100,,1189073,23,4,,1,100,,1189055,23,4,,1,100,,1189067,23,4,,1,108,,1189074,26,4,,1,30,,1189058,26,4,,1,70,,1189064,26,4,,1,30,,1189057,26,4,,1,70,,1189071,26,4,,1,30,,1189075,26,4,,1,70,,1189052,23,4,,1,98,,1189059,23,4,,1,96,,1189053,23,4,,1,95,,1189054,23,4,,1,100,,1189070,23,4,,1,100,,1189068,23,4,,1
13800,'15',624,,1189097,23,4,,1,30,,1189096,23,4,,1,73,,1189090,23,4,,1,30,,1189094,23,4,,1,70,,1189092,23,4,,1,27,,1189080,23,4,,1,70,,1189078,23,4,,1,95,,1189076,23,4,,1,100,,1189083,23,4,,1,100,,1189093,23,4,,1,100,,1189088,23,4,,1,100,,1189095,23,4,,1,108,,1189082,26,4,,1,30,,1189087,26,4,,1,70,,1189098,26,4,,1,30,,1189077,26,4,,1,70,,1189081,26,4,,1,30,,1189079,26,4,,1,70,,1189099,23,4,,1,98,,1189091,23,4,,1,96,,1189085,23,4,,1,95,,1189089,23,4,,1,100,,1189084,23,4,,1,100,,1189086,23,4,,1
13800,'16',624,,1189111,23,4,,1,30,,1189103,23,4,,1,73,,1189101,23,4,,1,30,,1189118,23,4,,1,70,,1189120,23,4,,1,27,,1189114,23,4,,1,70,,1189105,23,4,,1,95,,1189116,23,4,,1,100,,1189117,23,4,,1,100,,1189112,23,4,,1,100,,1189104,23,4,,1,100,,1189100,23,4,,1,108,,1189106,26,4,,1,30,,1189113,26,4,,1,70,,1189123,26,4,,1,30,,1189121,26,4,,1,70,,1189107,26,4,,1,30,,1189110,26,4,,1,70,,1189102,23,4,,1,98,,1189115,23,4,,1,96,,1189119,23,4,,1,95,,1189122,23,4,,1,100,,1189109,23,4,,1,100,,1189108,23,4,,1
13800,'17',917,,1189126,23,4,,1,120,,1189135,23,4,,1,100,,1189124,23,4,,1,101,,1189133,23,4,,1,100,,1189125,23,4,,1,100,,1189132,23,4,,1,100,,1189127,23,4,,1,100,,1189131,23,4,,1,100,,1189128,23,4,,1,103,,1189134,23,4,,1,97,,1189130,23,4,,1,100,,1189129,23,4,,1
13800,'2',735,,1189138,23,4,,1,100,,1067176,23,4,,1,100,,1189141,23,4,,1,102,,1189139,23,4,,1,100,,1189145,23,4,,1,101,,1189136,23,4,,1,100,,1189142,23,4,,1,100,,1189148,23,4,,1,100,,1189143,23,4,,1,100,,1189144,23,4,,1,100,,1005490,23,4,,1,100,,1189146,23,4,,1,100,,1189140,23,4,,1,100,,1189137,23,4,,1,98,,1189149,23,4,,1,100,,1189147,23,4,,1
13800,'3',917,,1189152,23,4,,1,120,,1189161,23,4,,1,100,,1189150,23,4,,1,101,,1189159,23,4,,1,100,,1189151,23,4,,1,100,,1189158,23,4,,1,100,,1189153,23,4,,1,100,,1189157,23,4,,1,100,,1189154,23,4,,1,103,,1189160,23,4,,1,97,,1189156,23,4,,1,100,,1189155,23,4,,1
13800,'4',917,,1189168,23,4,,1,120,,997331,23,4,,1,100,,1189172,23,4,,1,101,,1189167,23,4,,1,100,,1189162,23,4,,1,100,,1189171,23,4,,1,100,,1189164,23,4,,1,100,,1189166,23,4,,1,100,,1189170,23,4,,1,103,,1189165,23,4,,1,97,,1189169,23,4,,1,100,,1189163,23,4,,1
13800,'5',624,,1189175,23,4,,1,30,,1189182,23,4,,1,73,,1189184,23,4,,1,30,,1189179,23,4,,1,70,,1189183,23,4,,1,27,,1189187,23,4,,1,70,,1189190,23,4,,1,95,,1189181,23,4,,1,100,,1189180,23,4,,1,100,,1189191,23,4,,1,100,,1068860,23,4,,1,100,,1189185,23,4,,1,108,,1189192,26,4,,1,30,,1189177,26,4,,1,70,,989547,26,4,,1,30,,1189176,26,4,,1,70,,1189189,26,4,,1,30,,1189193,26,4,,1,70,,1189173,23,4,,1,98,,1189178,23,4,,1,96,,1101492,23,4,,1,95,,1189174,23,4,,1,100,,1189188,23,4,,1,100,,1189186,23,4,,1
13800,'6',624,,1189204,23,4,,1,30,,1189196,23,4,,1,73,,1090974,23,4,,1,30,,1189211,23,4,,1,70,,1189212,23,4,,1,27,,1189207,23,4,,1,70,,1189198,23,4,,1,95,,1189209,23,4,,1,100,,1189210,23,4,,1,100,,1189205,23,4,,1,100,,1189197,23,4,,1,100,,1189194,23,4,,1,108,,1189199,26,4,,1,30,,1189206,26,4,,1,70,,1078862,26,4,,1,30,,1058546,26,4,,1,70,,1189200,26,4,,1,30,,1189203,26,4,,1,70,,1189195,23,4,,1,98,,1189208,23,4,,1,96,,1026606,23,4,,1,95,,1030129,23,4,,1,100,,1189202,23,4,,1,100,,1189201,23,4,,1
13800,'7',735,,1189216,23,4,,1,100,,1189215,23,4,,1,100,,1189221,23,4,,1,102,,1189213,23,4,,1,100,,1189214,23,4,,1,101,,1189223,23,4,,1,100,,1189222,23,4,,1,100,,1189218,23,4,,1,100,,1189225,23,4,,1,100,,1189226,23,4,,1,100,,1189220,23,4,,1,100,,1189227,23,4,,1,100,,1189217,23,4,,1,100,,1189224,23,4,,1,98,,1189228,23,4,,1,100,,1189219,23,4,,1
13800,'8',624,,1189240,23,4,,1,30,,1189232,23,4,,1,73,,1189230,23,4,,1,30,,1189247,23,4,,1,70,,1189249,23,4,,1,27,,1189243,23,4,,1,70,,1189234,23,4,,1,95,,1189245,23,4,,1,100,,1189246,23,4,,1,100,,1189241,23,4,,1,100,,1189233,23,4,,1,100,,1189229,23,4,,1,108,,1189235,26,4,,1,30,,1189242,26,4,,1,70,,1189252,26,4,,1,30,,1189250,26,4,,1,70,,1189236,26,4,,1,30,,1189239,26,4,,1,70,,1189231,23,4,,1,98,,1189244,23,4,,1,96,,1189248,23,4,,1,95,,1189251,23,4,,1,100,,1189238,23,4,,1,100,,1189237,23,4,,1
13800,'9',624,,1189255,23,4,,1,30,,1189262,23,4,,1,73,,1189264,23,4,,1,30,,1189259,23,4,,1,70,,1189263,23,4,,1,27,,1189267,23,4,,1,70,,1189270,23,4,,1,95,,1189261,23,4,,1,100,,1189260,23,4,,1,100,,1189271,23,4,,1,100,,1068778,23,4,,1,100,,1189265,23,4,,1,108,,1189272,26,4,,1,30,,1189257,26,4,,1,70,,989519,26,4,,1,30,,1189256,26,4,,1,70,,1189269,26,4,,1,30,,1189273,26,4,,1,70,,1189253,23,4,,1,98,,1189258,23,4,,1,96,,1101488,23,4,,1,95,,1189254,23,4,,1,100,,1189268,23,4,,1,100,,1189266,23,4,,1
13801,'1',540,,1189286,1,,,1,70,,1189280,1,,,1,30,,1090018,1,,,1,70,,1189289,1,,,1,30,,1074299,1,,,1,70,,1189274,1,,,1,30,,1189279,1,,,1,100,,1189290,1,,,1,100,,1189277,1,,,1,100,,1095230,1,,,1,100,,1189275,1,,,1,100,,1189285,1,,,1,100,,1189283,1,,,1,70,,1189281,1,,,1,30,,1189288,1,,,1,70,,1075933,1,,,1,30,,1048779,1,,,1,70,,1189291,1,,,1,31,,1189287,1,,,1,99,,1189292,1,,,1,100,,1189278,1,,,1,100,,1189282,1,,,1,100,,1189284,1,,,1,100,,1189276,1,,,1
13801,'10',540,,1189305,1,,,1,70,,1189299,1,,,1,30,,1089876,1,,,1,70,,1189308,1,,,1,30,,1074157,1,,,1,70,,1189293,1,,,1,30,,1189298,1,,,1,100,,1189309,1,,,1,100,,1189296,1,,,1,100,,1094984,1,,,1,100,,1189294,1,,,1,100,,1189304,1,,,1,100,,1189302,1,,,1,70,,1189300,1,,,1,30,,1189307,1,,,1,70,,1075708,1,,,1,30,,1048873,1,,,1,70,,1189310,1,,,1,31,,1189306,1,,,1,99,,1189311,1,,,1,100,,1189297,1,,,1,100,,1189301,1,,,1,100,,1189303,1,,,1,100,,1189295,1,,,1
13801,'11',540,,1189324,1,,,1,70,,1189318,1,,,1,30,,1090061,1,,,1,70,,1189327,1,,,1,30,,1074342,1,,,1,70,,1189312,1,,,1,30,,1189317,1,,,1,100,,1189328,1,,,1,100,,1189315,1,,,1,100,,1095304,1,,,1,100,,1189313,1,,,1,100,,1189323,1,,,1,100,,1189321,1,,,1,70,,1189319,1,,,1,30,,1189326,1,,,1,70,,1076003,1,,,1,30,,1048751,1,,,1,70,,1189329,1,,,1,31,,1189325,1,,,1,99,,1189330,1,,,1,100,,1189316,1,,,1,100,,1189320,1,,,1,100,,1189322,1,,,1,100,,1189314,1,,,1
13801,'12',540,,1189344,1,,,1,70,,1189345,1,,,1,30,,1189337,1,,,1,70,,1189338,1,,,1,30,,1067315,1,,,1,70,,1189340,1,,,1,30,,1189348,1,,,1,100,,1189334,1,,,1,100,,1189333,1,,,1,100,,1189351,1,,,1,100,,1189335,1,,,1,100,,1189342,1,,,1,100,,1189350,1,,,1,70,,1189343,1,,,1,30,,1189339,1,,,1,70,,1189341,1,,,1,30,,1189332,1,,,1,70,,1189352,1,,,1,31,,1189346,1,,,1,99,,1189331,1,,,1,100,,1189349,1,,,1,100,,1189336,1,,,1,100,,1189347,1,,,1,100,,1079804,1,,,1
13801,'13',841,,1189360,1,,,1,159,,1189361,1,,,1,100,,1189364,1,,,1,100,,1189358,1,,,1,100,,1189354,1,,,1,100,,1189356,1,,,1,100,,1189359,1,,,1,100,,1189353,1,,,1,100,,1035890,1,,,1,57,,1189357,1,,,1,143,,1189362,1,,,1,100,,1189363,1,,,1,100,,1189355,1,,,1
13801,'14',540,,1189379,1,,,1,70,,1189373,1,,,1,30,,1189385,1,,,1,70,,1189382,1,,,1,30,,1189387,1,,,1,70,,1189365,1,,,1,30,,1189372,1,,,1,100,,1189383,1,,,1,100,,1189369,1,,,1,100,,1189388,1,,,1,100,,1189366,1,,,1,100,,1189378,1,,,1,100,,1189376,1,,,1,70,,1189374,1,,,1,30,,1189381,1,,,1,70,,1189367,1,,,1,30,,1189370,1,,,1,70,,1189384,1,,,1,31,,1189380,1,,,1,99,,1189386,1,,,1,100,,1189371,1,,,1,100,,1189375,1,,,1,100,,1189377,1,,,1,100,,1189368,1,,,1
13801,'15',540,,1189406,1,,,1,70,,1189399,1,,,1,30,,1189409,1,,,1,70,,1189389,1,,,1,30,,1189397,1,,,1,70,,1189391,1,,,1,30,,1189390,1,,,1,100,,1189407,1,,,1,100,,1189400,1,,,1,100,,1189405,1,,,1,100,,1189412,1,,,1,100,,1189402,1,,,1,100,,1189393,1,,,1,70,,1189396,1,,,1,30,,1189403,1,,,1,70,,1189404,1,,,1,30,,1189410,1,,,1,70,,1189408,1,,,1,31,,1189401,1,,,1,99,,1189394,1,,,1,100,,1189392,1,,,1,100,,1189398,1,,,1,100,,1189395,1,,,1,100,,1189411,1,,,1
13801,'16',540,,1189426,1,,,1,70,,1189427,1,,,1,30,,1189419,1,,,1,70,,1189420,1,,,1,30,,1189414,1,,,1,70,,1189422,1,,,1,30,,1189430,1,,,1,100,,1189416,1,,,1,100,,1189415,1,,,1,100,,1189433,1,,,1,100,,1189417,1,,,1,100,,1189424,1,,,1,100,,967645,1,,,1,70,,1189425,1,,,1,30,,1189421,1,,,1,70,,1189423,1,,,1,30,,1068899,1,,,1,70,,1093829,1,,,1,31,,1189428,1,,,1,99,,1189413,1,,,1,100,,1189431,1,,,1,100,,1189418,1,,,1,100,,1189429,1,,,1,100,,1189432,1,,,1
13801,'17',841,,1189442,1,,,1,159,,1189443,1,,,1,100,,1189446,1,,,1,100,,1189440,1,,,1,100,,1189436,1,,,1,100,,1189438,1,,,1,100,,1189441,1,,,1,100,,1189434,1,,,1,100,,1189435,1,,,1,57,,1189439,1,,,1,143,,1189444,1,,,1,100,,1189445,1,,,1,100,,1189437,1,,,1
13801,'2',800,,1189458,1,,,1,100,,1189459,1,,,1,100,,1189448,1,,,1,100,,1189457,1,,,1,100,,1189450,1,,,1,100,,1189460,1,,,1,100,,1189452,1,,,1,100,,1189447,1,,,1,100,,1063381,1,,,1,100,,1189454,1,,,1,100,,1189455,1,,,1,100,,1189451,1,,,1,100,,1189453,1,,,1,100,,1189461,1,,,1,100,,1189449,1,,,1,100,,1189456,1,,,1
13801,'3',841,,1189470,1,,,1,159,,1189471,1,,,1,100,,1189474,1,,,1,100,,1189468,1,,,1,100,,1189464,1,,,1,100,,1189466,1,,,1,100,,1189469,1,,,1,100,,1189462,1,,,1,100,,1189463,1,,,1,57,,1189467,1,,,1,143,,1189472,1,,,1,100,,1189473,1,,,1,100,,1189465,1,,,1
13801,'4',841,,1189483,1,,,1,159,,1050720,1,,,1,100,,1189478,1,,,1,100,,1189482,1,,,1,100,,1041927,1,,,1,100,,1189477,1,,,1,100,,1189481,1,,,1,100,,1189479,1,,,1,100,,1189475,1,,,1,57,,1189476,1,,,1,143,,1189480,1,,,1,100,,1096073,1,,,1,100,,1189484,1,,,1
13801,'5',540,,1189497,1,,,1,70,,1189491,1,,,1,30,,1089996,1,,,1,70,,1189500,1,,,1,30,,1074276,1,,,1,70,,1189485,1,,,1,30,,1189490,1,,,1,100,,1189501,1,,,1,100,,1189488,1,,,1,100,,1095182,1,,,1,100,,1189486,1,,,1,100,,1189496,1,,,1,100,,1189494,1,,,1,70,,1189492,1,,,1,30,,1189499,1,,,1,70,,1075894,1,,,1,30,,1048613,1,,,1,70,,1189502,1,,,1,31,,1189498,1,,,1,99,,1189503,1,,,1,100,,1189489,1,,,1,100,,1189493,1,,,1,100,,1189495,1,,,1,100,,1189487,1,,,1
13801,'6',540,,1189518,1,,,1,70,,1189519,1,,,1,30,,1189511,1,,,1,70,,1189512,1,,,1,30,,1189506,1,,,1,70,,1189514,1,,,1,30,,1189522,1,,,1,100,,1189508,1,,,1,100,,1189507,1,,,1,100,,1189526,1,,,1,100,,1189509,1,,,1,100,,1189516,1,,,1,100,,1189525,1,,,1,70,,1189517,1,,,1,30,,1189513,1,,,1,70,,1189515,1,,,1,30,,1189505,1,,,1,70,,1189527,1,,,1,31,,1189520,1,,,1,99,,1189504,1,,,1,100,,1189523,1,,,1,100,,1189510,1,,,1,100,,1189521,1,,,1,100,,1189524,1,,,1
13801,'7',800,,1189537,1,,,1,100,,1189534,1,,,1,100,,1189541,1,,,1,100,,1189536,1,,,1,100,,1189532,1,,,1,100,,1189529,1,,,1,100,,1189542,1,,,1,100,,1189528,1,,,1,100,,1189535,1,,,1,100,,1189531,1,,,1,100,,1189533,1,,,1,100,,1189530,1,,,1,100,,1189540,1,,,1,100,,1189539,1,,,1,100,,1189538,1,,,1,100,,1189543,1,,,1
13801,'8',540,,1189558,1,,,1,70,,1189559,1,,,1,30,,1189551,1,,,1,70,,1189552,1,,,1,30,,1189546,1,,,1,70,,1189554,1,,,1,30,,1189562,1,,,1,100,,1189548,1,,,1,100,,1189547,1,,,1,100,,1189566,1,,,1,100,,1189549,1,,,1,100,,1189556,1,,,1,100,,1189565,1,,,1,70,,1189557,1,,,1,30,,1189553,1,,,1,70,,1189555,1,,,1,30,,1189545,1,,,1,70,,1189567,1,,,1,31,,1189560,1,,,1,99,,1189544,1,,,1,100,,1189563,1,,,1,100,,1189550,1,,,1,100,,1189561,1,,,1,100,,1189564,1,,,1
13801,'9',540,,1189580,1,,,1,70,,1189574,1,,,1,30,,1089921,1,,,1,70,,1189583,1,,,1,30,,1074204,1,,,1,70,,1189568,1,,,1,30,,1189573,1,,,1,100,,1189584,1,,,1,100,,1189571,1,,,1,100,,1095058,1,,,1,100,,1189569,1,,,1,100,,1189579,1,,,1,100,,1189577,1,,,1,70,,1189575,1,,,1,30,,1189582,1,,,1,70,,1075775,1,,,1,30,,1048807,1,,,1,70,,1189585,1,,,1,31,,1189581,1,,,1,99,,1189586,1,,,1,100,,1189572,1,,,1,100,,1189576,1,,,1,100,,1189578,1,,,1,100,,1189570,1,,,1
22101,'1',1509,,1196345,1,0,8,1,107,,1196342,2,0,8,1,21,,1196343,2,,,1,99,,1196344,2,,,1
22101,'10',1509,,1196349,1,0,8,1,107,,1196346,2,0,8,1,21,,1196347,2,,,1,99,,1196348,2,,,1
22101,'11',1509,,1196353,1,0,8,1,107,,1196350,2,0,8,1,21,,1196351,2,,,1,99,,1196352,2,,,1
22101,'12',1509,,1196354,1,0,8,1,107,,1196355,2,0,8,1,21,,1196356,2,,,1,99,,1196357,2,,,1
22101,'14',1509,,1196361,1,0,8,1,107,,1196358,2,0,8,1,21,,1196359,2,,,1,99,,1196360,2,,,1
22101,'15',1509,,1196362,1,0,8,1,107,,1196363,2,0,8,1,21,,1196364,2,,,1,99,,1196365,2,,,1
22101,'16',1509,,1196366,1,0,8,1,107,,1196367,2,0,8,1,21,,1196368,2,,,1,99,,1196369,2,,,1
22101,'5',1509,,1196373,1,0,8,1,107,,1196370,2,0,8,1,21,,1196371,2,,,1,99,,1196372,2,,,1
22101,'6',1509,,1028224,1,0,8,1,107,,1196374,2,0,8,1,21,,1196375,2,,,1,99,,1196376,2,,,1
22101,'8',1509,,1196377,1,0,8,1,107,,1196378,2,0,8,1,21,,1196379,2,,,1,99,,1196380,2,,,1
22101,'9',1509,,1196384,1,0,8,1,107,,1196381,2,0,8,1,21,,1196382,2,,,1,99,,1196383,2,,,1
23401,'1',1542,,1196814,3,,,1,70,,1196815,3,,,1,30,,1055878,3,,,1,69,,1196812,3,,,1,30,,1041995,3,,,1,70,,1196813,3,,,1,31,,1196811,3,,,1
23401,'10',1542,,1196819,3,,,1,70,,1196820,3,,,1,30,,1055971,3,,,1,69,,1196817,3,,,1,30,,1042107,3,,,1,70,,1196818,3,,,1,31,,1196816,3,,,1
23401,'11',1542,,1196824,3,,,1,70,,1196825,3,,,1,30,,1055849,3,,,1,69,,1196822,3,,,1,30,,1041964,3,,,1,70,,1196823,3,,,1,31,,1196821,3,,,1
23401,'12',1542,,1196828,3,,,1,70,,1196830,3,,,1,30,,1196829,3,,,1,69,,1196827,3,,,1,30,,1196832,3,,,1,70,,1196831,3,,,1,31,,1196826,3,,,1
23401,'14',1542,,1196838,3,,,1,70,,1196839,3,,,1,30,,1196834,3,,,1,69,,1196836,3,,,1,30,,1196833,3,,,1,70,,1196837,3,,,1,31,,1196835,3,,,1
23401,'15',1542,,1196846,3,,,1,70,,1196841,3,,,1,30,,1196840,3,,,1,69,,1196844,3,,,1,30,,1196843,3,,,1,70,,1196845,3,,,1,31,,1196842,3,,,1
23401,'16',1542,,1196848,3,,,1,70,,1196850,3,,,1,30,,1196849,3,,,1,69,,1072366,3,,,1,30,,1196852,3,,,1,70,,1196851,3,,,1,31,,1196847,3,,,1
23401,'5',1542,,1196856,3,,,1,70,,1196857,3,,,1,30,,1055707,3,,,1,69,,1196854,3,,,1,30,,1041795,3,,,1,70,,1196855,3,,,1,31,,1196853,3,,,1
23401,'6',1542,,1196859,3,,,1,70,,1196861,3,,,1,30,,1196860,3,,,1,69,,1196858,3,,,1,30,,1196863,3,,,1,70,,1196862,3,,,1,31,,1093011,3,,,1
23401,'8',1542,,1196866,3,,,1,70,,1196868,3,,,1,30,,1196867,3,,,1,69,,1196865,3,,,1,30,,1196870,3,,,1,70,,1196869,3,,,1,31,,1196864,3,,,1
23401,'9',1542,,1196874,3,,,1,70,,1196875,3,,,1,30,,1055907,3,,,1,69,,1196872,3,,,1,30,,1042026,3,,,1,70,,1196873,3,,,1,31,,1196871,3,,,1
23700,'1',555,,1196877,1,,,1,92,,1097442,1,,,1,68,,1196878,1,,,1,102,,1196876,1,,,1
23700,'10',555,,1196880,1,,,1,92,,1097205,1,,,1,68,,1196881,1,,,1,102,,1196879,1,,,1
23700,'11',555,,1196883,1,,,1,92,,1097511,1,,,1,68,,1196884,1,,,1,102,,1196882,1,,,1
23700,'12',555,,1196887,1,,,1,92,,1196885,1,,,1,68,,1196888,1,,,1,102,,1196886,1,,,1
23700,'14',555,,1196891,1,,,1,92,,1196889,1,,,1,68,,1196892,1,,,1,102,,1196890,1,,,1
23700,'15',555,,1196895,1,,,1,92,,1196896,1,,,1,68,,1196893,1,,,1,102,,1196894,1,,,1
23700,'16',555,,1196899,1,,,1,92,,1196897,1,,,1,68,,1196900,1,,,1,102,,1196898,1,,,1
23700,'5',555,,1196902,1,,,1,92,,1097396,1,,,1,68,,1196903,1,,,1,102,,1196901,1,,,1
23700,'6',555,,1196906,1,,,1,92,,1196904,1,,,1,68,,1196907,1,,,1,102,,1196905,1,,,1
23700,'8',555,,1196910,1,,,1,92,,1196908,1,,,1,68,,1196911,1,,,1,102,,1196909,1,,,1
23700,'9',555,,1196913,1,,,1,92,,1097280,1,,,1,68,,1196914,1,,,1,102,,1196912,1,,,1
23701,'1',1603,,1196916,32,4,,1,55,,1052002,32,4,,1,95,,1196917,32,4,,1,100,,1196915,32,4,,1
23701,'10',1603,,1196919,32,4,,1,55,,1052081,32,4,,1,95,,1196920,32,4,,1,100,,1196918,32,4,,1
23701,'11',1603,,1196922,32,4,,1,55,,1051980,32,4,,1,95,,1196923,32,4,,1,100,,1196921,32,4,,1
23701,'12',1603,,1026951,32,4,,1,55,,1196924,32,4,,1,95,,1196925,32,4,,1,100,,1196926,32,4,,1
23701,'14',1603,,1196929,32,4,,1,55,,1196927,32,4,,1,95,,1196930,32,4,,1,100,,1196928,32,4,,1
23701,'15',1603,,1196931,32,4,,1,55,,1196933,32,4,,1,95,,1196932,32,4,,1,100,,1196934,32,4,,1
23701,'16',1603,,1196938,32,4,,1,55,,1196935,32,4,,1,95,,1196936,32,4,,1,100,,1196937,32,4,,1
23701,'5',1603,,1196940,32,4,,1,55,,1051845,32,4,,1,95,,1196941,32,4,,1,100,,1196939,32,4,,1
23701,'6',1603,,1196945,32,4,,1,55,,1196942,32,4,,1,95,,1196943,32,4,,1,100,,1196944,32,4,,1
23701,'8',1603,,1196949,32,4,,1,55,,1196946,32,4,,1,95,,1196947,32,4,,1,100,,1196948,32,4,,1
23701,'9',1603,,1196951,32,4,,1,55,,1052024,32,4,,1,95,,1196952,32,4,,1,100,,1196950,32,4,,1
30200,'12',943,,1011075,63,,,1
30200,'5',943,,1198184,63,,,1
30201,'12',1445,,1198185,3,,,1
30201,'5',1445,,1198186,3,,,1
40500,'14',1721,,1198210,2,,,1,5,,1198208,2,,,1,10,,1198209,2,,,1
40500,'15',1725,,1198211,2,,,1
45500,'15',1658,,1198248,2,,,1,50,,1198253,2,,,1,8,,1198252,2,,,1,8,,1198249,2,,,1,8,,1198250,2,,,1,8,,1198255,2,,,1,7,,1198247,2,,,1,7,,1198254,2,,,1,48,,1198256,2,,,1,10,,1198246,2,,,1,10,,1198251,2,,,1
53900,'1',1515,,1198365,2,,,1,130,,1198363,2,,,1,165,,1198364,2,,,1
53900,'10',1515,,1198368,2,,,1,130,,1198366,2,,,1,165,,1198367,2,,,1
53900,'11',1515,,1198371,2,,,1,130,,1198369,2,,,1,165,,1198370,2,,,1
53900,'12',1515,,1198374,2,,,1,130,,1198372,2,,,1,165,,1198373,2,,,1
53900,'14',1515,,1198377,2,,,1,130,,1198375,2,,,1,165,,1198376,2,,,1
53900,'15',1515,,1198380,2,,,1,130,,1198379,2,,,1,165,,1198378,2,,,1
53900,'16',1515,,1198383,2,,,1,130,,1198381,2,,,1,165,,1198382,2,,,1
53900,'5',1515,,1198386,2,,,1,130,,1198384,2,,,1,165,,1198385,2,,,1
53900,'6',1515,,1070106,2,,,1,130,,1088282,2,,,1,165,,1198387,2,,,1
53900,'8',1515,,1198390,2,,,1,130,,1198388,2,,,1,165,,1198389,2,,,1
53900,'9',1515,,1198393,2,,,1,130,,1198391,2,,,1,165,,1198392,2,,,1
63400,'1',708,,1199352,1,,,1
63400,'10',708,,1199353,1,,,1
63400,'11',708,,1199354,1,,,1
63400,'12',708,,1199355,1,,,1
63400,'14',708,,1199356,1,,,1
63400,'15',708,,1199357,1,,,1
63400,'16',708,,1199358,1,,,1
63400,'5',708,,1199359,1,,,1
63400,'6',708,,1070683,1,,,1
63400,'8',708,,1199360,1,,,1
63400,'9',708,,1199361,1,,,1
63401,'1',1459,,1199362,43,4,,1
63401,'10',1459,,1199363,43,4,,1
63401,'11',1459,,1199364,43,4,,1
63401,'12',1459,,1064009,43,4,,1
63401,'14',1459,,1199365,43,4,,1
63401,'15',1459,,1199366,43,4,,1
63401,'16',1459,,1199367,43,4,,1
63401,'5',1459,,1199368,43,4,,1
63401,'6',1459,,1199369,43,4,,1
63401,'8',1459,,1199370,43,4,,1
63401,'9',1459,,1199371,43,4,,1
67800,'1',804,,1200348,14,,,1
67800,'10',804,,1200349,14,,,1
67800,'11',804,,1200350,14,,,1
67800,'12',804,,1200351,14,,,1
67800,'14',804,,1200352,14,,,1
67800,'15',804,,1200353,14,,,1
67800,'16',804,,1089228,14,,,1
67800,'5',804,,1200354,14,,,1
67800,'6',804,,1200355,14,,,1
67800,'8',804,,1200356,14,,,1
67800,'9',804,,1200357,14,,,1
67801,'1',1524,,1200358,28,,,1
67801,'10',1524,,1200359,28,,,1
67801,'11',1524,,1200360,28,,,1
67801,'12',1524,,1200361,28,,,1
67801,'14',1524,,1200362,28,,,1
67801,'15',1524,,1200363,28,,,1
67801,'16',1524,,1073863,28,,,1
67801,'5',1524,,1200364,28,,,1
67801,'6',1524,,1200365,28,,,1
67801,'8',1524,,1200366,28,,,1
67801,'9',1524,,1200367,28,,,1
