6000,'1',603,,1152489,1,,,1,30,,1152483,1,,,1,70,,1152493,1,,,1,30,,1152482,1,,,1,71,,1152494,1,,,1,29,,1152486,1,,,1,70,,1152499,1,,,1,30,,1093801,1,,,1,70,,1152481,1,,,1,30,,1152491,1,,,1,68,,1152502,1,,,1,30,,1152508,1,,,1,70,,1152495,1,,,1,30,,1152497,1,,,1,70,,1095917,1,,,1,30,,1152492,1,,,1,70,,1152479,1,,,1,32,,1069595,1,,,1,70,,1152503,1,,,1,30,,1152496,1,,,1,68,,1152490,17,,,1,34,,1152504,17,,,1,70,,1152500,17,,,1,26,,1152484,17,,,1,70,,1152509,17,,,1,30,,1088750,17,,,1,72,,1152505,17,,,1,30,,1152487,1,,,1,70,,1152506,1,,,1,30,,1152501,1,,,1,70,,1152498,1,,,1,30,,1152488,1,,,1,70,,1152507,1,,,1,100,,1152485,1,,,1,100,,1152480,1,,,1
6000,'10',603,,1152520,1,,,1,30,,1152514,1,,,1,70,,1152524,1,,,1,30,,1152513,1,,,1,71,,1152525,1,,,1,29,,1152517,1,,,1,70,,1152530,1,,,1,30,,1093601,1,,,1,70,,1152512,1,,,1,30,,1152522,1,,,1,68,,1152533,1,,,1,30,,1152539,1,,,1,70,,1152526,1,,,1,30,,1152528,1,,,1,70,,1095775,1,,,1,30,,1152523,1,,,1,70,,1152510,1,,,1,32,,1069444,1,,,1,70,,1152534,1,,,1,30,,1152527,1,,,1,68,,1152521,17,,,1,34,,1152535,17,,,1,70,,1152531,17,,,1,26,,1152515,17,,,1,70,,1152540,17,,,1,30,,1088345,17,,,1,72,,1152536,17,,,1,30,,1152518,1,,,1,70,,1152537,1,,,1,30,,1152532,1,,,1,70,,1152529,1,,,1,30,,1152519,1,,,1,70,,1152538,1,,,1,100,,1152516,1,,,1,100,,1152511,1,,,1
6000,'11',603,,1152551,1,,,1,30,,1152545,1,,,1,70,,1152555,1,,,1,30,,1152544,1,,,1,71,,1152556,1,,,1,29,,1152548,1,,,1,70,,1152561,1,,,1,30,,1093861,1,,,1,70,,1152543,1,,,1,30,,1152553,1,,,1,68,,1152564,1,,,1,30,,1152570,1,,,1,70,,1152557,1,,,1,30,,1152559,1,,,1,70,,1095953,1,,,1,30,,1152554,1,,,1,70,,1152541,1,,,1,32,,1069641,1,,,1,70,,1152565,1,,,1,30,,1152558,1,,,1,68,,1152552,17,,,1,34,,1152566,17,,,1,70,,1152562,17,,,1,26,,1152546,17,,,1,70,,1152571,17,,,1,30,,1088871,17,,,1,72,,1152567,17,,,1,30,,1152549,1,,,1,70,,1152568,1,,,1,30,,1152563,1,,,1,70,,1152560,1,,,1,30,,1152550,1,,,1,70,,1152569,1,,,1,100,,1152547,1,,,1,100,,1152542,1,,,1
6000,'12',603,,1043776,1,,,1,30,,1152601,1,,,1,70,,1152598,1,,,1,30,,1070856,1,,,1,71,,1152583,1,,,1,29,,1152581,1,,,1,70,,1152599,1,,,1,30,,1152587,1,,,1,70,,1152574,1,,,1,30,,974829,1,,,1,68,,1152596,1,,,1,30,,1152582,1,,,1,70,,1152577,1,,,1,30,,1152579,1,,,1,70,,1152595,1,,,1,30,,1152575,1,,,1,70,,1152573,1,,,1,32,,1152591,1,,,1,70,,1152593,1,,,1,30,,1152585,1,,,1,68,,1152597,17,,,1,34,,1152600,17,,,1,70,,1152586,17,,,1,26,,1152576,17,,,1,70,,1152572,17,,,1,30,,1152578,17,,,1,72,,1152589,17,,,1,30,,1152584,1,,,1,70,,1152594,1,,,1,30,,1152588,1,,,1,70,,1152590,1,,,1,30,,1152592,1,,,1,70,,1101136,1,,,1,100,,1152580,1,,,1,100,,1152602,1,,,1
6000,'14',603,,1152614,1,,,1,30,,1152608,1,,,1,70,,1152619,1,,,1,30,,1152607,1,,,1,71,,1152620,1,,,1,29,,1152611,1,,,1,70,,1152625,1,,,1,30,,1152615,1,,,1,70,,1152606,1,,,1,30,,1152617,1,,,1,68,,1152628,1,,,1,30,,1152635,1,,,1,70,,1152621,1,,,1,30,,1152623,1,,,1,70,,1152634,1,,,1,30,,1152618,1,,,1,70,,1152603,1,,,1,32,,1152636,1,,,1,70,,1152629,1,,,1,30,,1152622,1,,,1,68,,1152616,17,,,1,34,,1152630,17,,,1,70,,1152626,17,,,1,26,,1152609,17,,,1,70,,1152637,17,,,1,30,,1152604,17,,,1,72,,1152631,17,,,1,30,,1152612,1,,,1,70,,1152632,1,,,1,30,,1152627,1,,,1,70,,1152624,1,,,1,30,,1152613,1,,,1,70,,1152633,1,,,1,100,,1152610,1,,,1,100,,1152605,1,,,1
6000,'15',603,,1152668,1,,,1,30,,1152669,1,,,1,70,,1152639,1,,,1,30,,1152648,1,,,1,71,,1152653,1,,,1,29,,1152661,1,,,1,70,,1152645,1,,,1,30,,1152665,1,,,1,70,,1152667,1,,,1,30,,1152671,1,,,1,68,,1152655,1,,,1,30,,1152646,1,,,1,70,,1152650,1,,,1,30,,1152664,1,,,1,70,,1152640,1,,,1,30,,1152660,1,,,1,70,,1152672,1,,,1,32,,1152652,1,,,1,70,,1152642,1,,,1,30,,1152647,1,,,1,68,,1152657,17,,,1,34,,1152651,17,,,1,70,,1152641,17,,,1,26,,1152654,17,,,1,70,,1152643,17,,,1,30,,1152670,17,,,1,72,,1152666,17,,,1,30,,1152663,1,,,1,70,,1152656,1,,,1,30,,1152638,1,,,1,70,,1152644,1,,,1,30,,1152649,1,,,1,70,,1152662,1,,,1,100,,1152659,1,,,1,100,,1152658,1,,,1
6000,'16',603,,1152680,1,,,1,30,,1152704,1,,,1,70,,1152700,1,,,1,30,,1152674,1,,,1,71,,1152685,1,,,1,29,,1152683,1,,,1,70,,1152701,1,,,1,30,,1152689,1,,,1,70,,1152676,1,,,1,30,,1152702,1,,,1,68,,1152698,1,,,1,30,,1152684,1,,,1,70,,1152678,1,,,1,30,,1152681,1,,,1,70,,1152697,1,,,1,30,,1152677,1,,,1,70,,1152675,1,,,1,32,,1152693,1,,,1,70,,1152695,1,,,1,30,,1152687,1,,,1,68,,1152699,17,,,1,34,,1152703,17,,,1,70,,1152688,17,,,1,26,,1097879,17,,,1,70,,1063141,17,,,1,30,,1152679,17,,,1,72,,1152691,17,,,1,30,,1152686,1,,,1,70,,1152696,1,,,1,30,,1152690,1,,,1,70,,1152692,1,,,1,30,,1152694,1,,,1,70,,1152673,1,,,1,100,,1152682,1,,,1,100,,1152705,1,,,1
6000,'5',603,,1152716,1,,,1,30,,1152710,1,,,1,70,,1152720,1,,,1,30,,1152709,1,,,1,71,,1152721,1,,,1,29,,1152713,1,,,1,70,,1152726,1,,,1,30,,1093766,1,,,1,70,,1152708,1,,,1,30,,1152718,1,,,1,68,,1152729,1,,,1,30,,1152735,1,,,1,70,,1152722,1,,,1,30,,1152724,1,,,1,70,,1095898,1,,,1,30,,1152719,1,,,1,70,,1152706,1,,,1,32,,1069572,1,,,1,70,,1152730,1,,,1,30,,1152723,1,,,1,68,,1152717,17,,,1,34,,1152731,17,,,1,70,,1152727,17,,,1,26,,1152711,17,,,1,70,,1152736,17,,,1,30,,1088686,17,,,1,72,,1152732,17,,,1,30,,1152714,1,,,1,70,,1152733,1,,,1,30,,1152728,1,,,1,70,,1152725,1,,,1,30,,1152715,1,,,1,70,,1152734,1,,,1,100,,1152712,1,,,1,100,,1152707,1,,,1
6000,'6',603,,1152742,1,,,1,30,,1086186,1,,,1,70,,1152761,1,,,1,30,,1152738,1,,,1,71,,1152747,1,,,1,29,,1152745,1,,,1,70,,1152762,1,,,1,30,,1152751,1,,,1,70,,1067511,1,,,1,30,,1152763,1,,,1,68,,1152759,1,,,1,30,,1152746,1,,,1,70,,1101030,1,,,1,30,,1152743,1,,,1,70,,1152758,1,,,1,30,,1056867,1,,,1,70,,1152740,1,,,1,32,,1089305,1,,,1,70,,1152756,1,,,1,30,,1152749,1,,,1,68,,1152760,17,,,1,34,,1064760,17,,,1,70,,1152750,17,,,1,26,,1152741,17,,,1,70,,1152739,17,,,1,30,,919585,17,,,1,72,,1152753,17,,,1,30,,1152748,1,,,1,70,,1152757,1,,,1,30,,1152752,1,,,1,70,,1152754,1,,,1,30,,1152755,1,,,1,70,,1152737,1,,,1,100,,1152744,1,,,1,100,,1071384,1,,,1
6000,'8',603,,1152773,1,,,1,30,,1152797,1,,,1,70,,1152793,1,,,1,30,,1152765,1,,,1,71,,1152778,1,,,1,29,,1152776,1,,,1,70,,1152794,1,,,1,30,,1152782,1,,,1,70,,1152768,1,,,1,30,,1152795,1,,,1,68,,1152791,1,,,1,30,,1152777,1,,,1,70,,1152771,1,,,1,30,,1152774,1,,,1,70,,1152790,1,,,1,30,,1152769,1,,,1,70,,1152767,1,,,1,32,,1152786,1,,,1,70,,1152788,1,,,1,30,,1152780,1,,,1,68,,1152792,17,,,1,34,,1152796,17,,,1,70,,1152781,17,,,1,26,,1152770,17,,,1,70,,1152766,17,,,1,30,,1152772,17,,,1,72,,1152784,17,,,1,30,,1152779,1,,,1,70,,1152789,1,,,1,30,,1152783,1,,,1,70,,1152785,1,,,1,30,,1152787,1,,,1,70,,1152764,1,,,1,100,,1152775,1,,,1,100,,1152798,1,,,1
6000,'9',603,,1152809,1,,,1,30,,1152803,1,,,1,70,,1152813,1,,,1,30,,1152802,1,,,1,71,,1152814,1,,,1,29,,1152806,1,,,1,70,,1152819,1,,,1,30,,1093657,1,,,1,70,,1152801,1,,,1,30,,1152811,1,,,1,68,,1152822,1,,,1,30,,1152828,1,,,1,70,,1152815,1,,,1,30,,1152817,1,,,1,70,,1095816,1,,,1,30,,1152812,1,,,1,70,,1152799,1,,,1,32,,1069492,1,,,1,70,,1152823,1,,,1,30,,1152816,1,,,1,68,,1152810,17,,,1,34,,1152824,17,,,1,70,,1152820,17,,,1,26,,1152804,17,,,1,70,,1152829,17,,,1,30,,1088471,17,,,1,72,,1152825,17,,,1,30,,1152807,1,,,1,70,,1152826,1,,,1,30,,1152821,1,,,1,70,,1152818,1,,,1,30,,1152808,1,,,1,70,,1152827,1,,,1,100,,1152805,1,,,1,100,,1152800,1,,,1
6001,'1',548,,1152832,29,,,1,103,,1021834,29,,,1,70,,1152852,29,,,1,29,,1152837,29,,,1,71,,1152840,29,,,1,29,,1152842,22,4,,1,69,,1152841,22,4,,1,30,,1152843,22,4,,1,69,,1152833,22,4,,1,30,,1152830,22,4,,1,69,,1075531,22,4,,1,30,,1152834,22,4,,1,70,,1152835,22,4,,1,30,,1152850,22,4,,1,70,,1152839,22,4,,1,30,,1152846,22,4,,1,70,,1152856,22,4,,1,32,,1152851,22,4,,1,73,,1152847,22,4,,1,29,,1152848,22,4,,1,70,,1013387,22,4,,1,27,,1152855,22,4,,1,76,,1152854,22,4,,1,31,,1152849,22,4,,1,65,,1152836,22,4,,1,29,,1152858,22,4,,1,70,,1152838,22,4,,1,25,,1152845,22,4,,1,70,,1152853,22,4,,1,30,,1152857,22,4,,1,70,,1064684,22,4,,1,30,,1152831,22,4,,1,70,,1152859,22,4,,1,100,,1152844,22,4,,1,100,,1095599,22,4,,1
6001,'10',548,,1152862,29,,,1,103,,1022003,29,,,1,70,,1152882,29,,,1,29,,1152867,29,,,1,71,,1152870,29,,,1,29,,1152872,22,4,,1,69,,1152871,22,4,,1,30,,1152873,22,4,,1,69,,1152863,22,4,,1,30,,1152860,22,4,,1,69,,1075195,22,4,,1,30,,1152864,22,4,,1,70,,1152865,22,4,,1,30,,1152880,22,4,,1,70,,1152869,22,4,,1,30,,1152876,22,4,,1,70,,1152886,22,4,,1,32,,1152881,22,4,,1,73,,1152877,22,4,,1,29,,1152878,22,4,,1,70,,1013470,22,4,,1,27,,1152885,22,4,,1,76,,1152884,22,4,,1,31,,1152879,22,4,,1,65,,1152866,22,4,,1,29,,1152888,22,4,,1,70,,1152868,22,4,,1,25,,1152875,22,4,,1,70,,1152883,22,4,,1,30,,1152887,22,4,,1,70,,1064535,22,4,,1,30,,1152861,22,4,,1,70,,1152889,22,4,,1,100,,1152874,22,4,,1,100,,1095365,22,4,,1
6001,'11',548,,1152892,29,,,1,103,,1021786,29,,,1,70,,1152912,29,,,1,29,,1152897,29,,,1,71,,1152900,29,,,1,29,,1152902,22,4,,1,69,,1152901,22,4,,1,30,,1152903,22,4,,1,69,,1152893,22,4,,1,30,,1152890,22,4,,1,69,,1075623,22,4,,1,30,,1152894,22,4,,1,70,,1152895,22,4,,1,30,,1152910,22,4,,1,70,,1152899,22,4,,1,30,,1152906,22,4,,1,70,,1152916,22,4,,1,32,,1152911,22,4,,1,73,,1152907,22,4,,1,29,,1152908,22,4,,1,70,,1013363,22,4,,1,27,,1152915,22,4,,1,76,,1152914,22,4,,1,31,,1152909,22,4,,1,65,,1152896,22,4,,1,29,,1152918,22,4,,1,70,,1152898,22,4,,1,25,,1152905,22,4,,1,70,,1152913,22,4,,1,30,,1152917,22,4,,1,70,,1064731,22,4,,1,30,,1152891,22,4,,1,70,,1152919,22,4,,1,100,,1152904,22,4,,1,100,,1095672,22,4,,1
6001,'12',548,,1152948,29,,,1,103,,1152937,29,,,1,70,,1152949,29,,,1,29,,1152929,29,,,1,71,,1152946,29,,,1,29,,1152954,22,4,,1,69,,1152951,22,4,,1,30,,1152945,22,4,,1,69,,1152922,22,4,,1,30,,1152952,22,4,,1,69,,1152923,22,4,,1,30,,1152928,22,4,,1,70,,1152920,22,4,,1,30,,1152933,22,4,,1,70,,1152931,22,4,,1,30,,1152921,22,4,,1,70,,1152924,22,4,,1,32,,1152947,22,4,,1,73,,1152943,22,4,,1,29,,1152940,22,4,,1,70,,1152926,22,4,,1,27,,1152938,22,4,,1,76,,1152944,22,4,,1,31,,1152953,22,4,,1,65,,1152930,22,4,,1,29,,1152935,22,4,,1,70,,1152942,22,4,,1,25,,1152932,22,4,,1,70,,1152939,22,4,,1,30,,1152925,22,4,,1,70,,1152936,22,4,,1,30,,1152941,22,4,,1,70,,1152927,22,4,,1,100,,1152950,22,4,,1,100,,1152934,22,4,,1
6001,'14',548,,1152961,29,,,1,103,,1152982,29,,,1,70,,1152981,29,,,1,29,,1152966,29,,,1,71,,1152969,29,,,1,29,,1152971,22,4,,1,69,,1152970,22,4,,1,30,,1152972,22,4,,1,69,,1152962,22,4,,1,30,,1152958,22,4,,1,69,,1152956,22,4,,1,30,,1152963,22,4,,1,70,,1152964,22,4,,1,30,,1152979,22,4,,1,70,,1152968,22,4,,1,30,,1152975,22,4,,1,70,,1152986,22,4,,1,32,,1152980,22,4,,1,73,,1152976,22,4,,1,29,,1152977,22,4,,1,70,,1152957,22,4,,1,27,,1152985,22,4,,1,76,,1152984,22,4,,1,31,,1152978,22,4,,1,65,,1152965,22,4,,1,29,,1152988,22,4,,1,70,,1152967,22,4,,1,25,,1152974,22,4,,1,70,,1152983,22,4,,1,30,,1152987,22,4,,1,70,,1152959,22,4,,1,30,,1152960,22,4,,1,70,,1152989,22,4,,1,100,,1152973,22,4,,1,100,,1152955,22,4,,1
6001,'15',548,,1153004,29,,,1,103,,1153020,29,,,1,70,,1152996,29,,,1,29,,1153019,29,,,1,71,,1153008,29,,,1,29,,1153012,22,4,,1,69,,1153011,22,4,,1,30,,1153014,22,4,,1,69,,1153010,22,4,,1,30,,1152991,22,4,,1,69,,1153021,22,4,,1,30,,1153013,22,4,,1,70,,1152997,22,4,,1,30,,1153006,22,4,,1,70,,1153003,22,4,,1,30,,1153022,22,4,,1,70,,1152999,22,4,,1,32,,1153005,22,4,,1,73,,1152992,22,4,,1,29,,1152990,22,4,,1,70,,1152998,22,4,,1,27,,1153016,22,4,,1,76,,1153015,22,4,,1,31,,1153009,22,4,,1,65,,1153024,22,4,,1,29,,1152995,22,4,,1,70,,1152993,22,4,,1,25,,1153000,22,4,,1,70,,1153007,22,4,,1,30,,1153001,22,4,,1,70,,1153002,22,4,,1,30,,1152994,22,4,,1,70,,1153018,22,4,,1,100,,1153017,22,4,,1,100,,1153023,22,4,,1
6001,'16',548,,1153049,29,,,1,103,,1153039,29,,,1,70,,1153050,29,,,1,29,,1153031,29,,,1,71,,1153047,29,,,1,29,,1073058,22,4,,1,69,,1153052,22,4,,1,30,,1153046,22,4,,1,69,,1080494,22,4,,1,30,,1153053,22,4,,1,69,,1153026,22,4,,1,30,,1153030,22,4,,1,70,,1153025,22,4,,1,30,,1153035,22,4,,1,70,,1153033,22,4,,1,30,,1095642,22,4,,1,70,,1153027,22,4,,1,32,,1153048,22,4,,1,73,,1153044,22,4,,1,29,,1153041,22,4,,1,70,,1153028,22,4,,1,27,,1153040,22,4,,1,76,,1153045,22,4,,1,31,,1153054,22,4,,1,65,,1153032,22,4,,1,29,,1153037,22,4,,1,70,,1153043,22,4,,1,25,,1153034,22,4,,1,70,,1069133,22,4,,1,30,,1071719,22,4,,1,70,,1153038,22,4,,1,30,,1153042,22,4,,1,70,,1153029,22,4,,1,100,,1153051,22,4,,1,100,,1153036,22,4,,1
6001,'5',548,,1153057,29,,,1,103,,1021541,29,,,1,70,,1153077,29,,,1,29,,1153062,29,,,1,71,,1153065,29,,,1,29,,1153067,22,4,,1,69,,1153066,22,4,,1,30,,1153068,22,4,,1,69,,1153058,22,4,,1,30,,1153055,22,4,,1,69,,1075489,22,4,,1,30,,1153059,22,4,,1,70,,1153060,22,4,,1,30,,1153075,22,4,,1,70,,1153064,22,4,,1,30,,1153071,22,4,,1,70,,1153081,22,4,,1,32,,1153076,22,4,,1,73,,1153072,22,4,,1,29,,1153073,22,4,,1,70,,1013232,22,4,,1,27,,1153080,22,4,,1,76,,1153079,22,4,,1,31,,1153074,22,4,,1,65,,1153061,22,4,,1,29,,1153083,22,4,,1,70,,1153063,22,4,,1,25,,1153070,22,4,,1,70,,1153078,22,4,,1,30,,1153082,22,4,,1,70,,1064663,22,4,,1,30,,1153056,22,4,,1,70,,1153084,22,4,,1,100,,1153069,22,4,,1,100,,1095552,22,4,,1
6001,'6',548,,1153108,29,,,1,103,,1153097,29,,,1,70,,1153109,29,,,1,29,,1153091,29,,,1,71,,1153106,29,,,1,29,,1153113,22,4,,1,69,,1153111,22,4,,1,30,,1153105,22,4,,1,69,,1153087,22,4,,1,30,,1153112,22,4,,1,69,,1057619,22,4,,1,30,,1153090,22,4,,1,70,,1153085,22,4,,1,30,,1153094,22,4,,1,70,,1096521,22,4,,1,30,,1153086,22,4,,1,70,,1153088,22,4,,1,32,,1153107,22,4,,1,73,,1153103,22,4,,1,29,,1153100,22,4,,1,70,,1071454,22,4,,1,27,,1153098,22,4,,1,76,,1153104,22,4,,1,31,,1055292,22,4,,1,65,,1153092,22,4,,1,29,,1068583,22,4,,1,70,,1153102,22,4,,1,25,,1153093,22,4,,1,70,,1153099,22,4,,1,30,,1153089,22,4,,1,70,,1153096,22,4,,1,30,,1153101,22,4,,1,70,,1033204,22,4,,1,100,,1153110,22,4,,1,100,,1153095,22,4,,1
6001,'8',548,,1153142,29,,,1,103,,1153131,29,,,1,70,,1153143,29,,,1,29,,1153123,29,,,1,71,,1153140,29,,,1,29,,1153148,22,4,,1,69,,1153145,22,4,,1,30,,1153139,22,4,,1,69,,1153116,22,4,,1,30,,1153146,22,4,,1,69,,1153117,22,4,,1,30,,1153122,22,4,,1,70,,1153114,22,4,,1,30,,1153127,22,4,,1,70,,1153125,22,4,,1,30,,1153115,22,4,,1,70,,1153118,22,4,,1,32,,1153141,22,4,,1,73,,1153137,22,4,,1,29,,1153134,22,4,,1,70,,1153120,22,4,,1,27,,1153132,22,4,,1,76,,1153138,22,4,,1,31,,1153147,22,4,,1,65,,1153124,22,4,,1,29,,1153129,22,4,,1,70,,1153136,22,4,,1,25,,1153126,22,4,,1,70,,1153133,22,4,,1,30,,1153119,22,4,,1,70,,1153130,22,4,,1,30,,1153135,22,4,,1,70,,1153121,22,4,,1,100,,1153144,22,4,,1,100,,1153128,22,4,,1
6001,'9',548,,1153151,29,,,1,103,,1021882,29,,,1,70,,1153171,29,,,1,29,,1153156,29,,,1,71,,1153159,29,,,1,29,,1153161,22,4,,1,69,,1153160,22,4,,1,30,,1153162,22,4,,1,69,,1153152,22,4,,1,30,,1153149,22,4,,1,69,,1075293,22,4,,1,30,,1153153,22,4,,1,70,,1153154,22,4,,1,30,,1153169,22,4,,1,70,,1153158,22,4,,1,30,,1153165,22,4,,1,70,,1153175,22,4,,1,32,,1153170,22,4,,1,73,,1153166,22,4,,1,29,,1153167,22,4,,1,70,,1013411,22,4,,1,27,,1153174,22,4,,1,76,,1153173,22,4,,1,31,,1153168,22,4,,1,65,,1153155,22,4,,1,29,,1153177,22,4,,1,70,,1153157,22,4,,1,25,,1153164,22,4,,1,70,,1153172,22,4,,1,30,,1153176,22,4,,1,70,,1064582,22,4,,1,30,,1153150,22,4,,1,70,,1153178,22,4,,1,100,,1153163,22,4,,1,100,,1095440,22,4,,1
6100,'1',354,,1153219,1,,,1,70,,1153188,1,0,15 16,1,30,,1153226,1,0,15 16,1,69,,1153181,1,0,15 16,1,89,,1086974,40,0,15 16,1,32,,1153201,40,0,15 16,1,69,,1153195,40,0,15 16,1,10,,1153190,1,0,15 16,1,22,,1153211,40,0,15 16,1,6,,1153213,1,0,15 16,1,66,,1087226,40,0,15 16,1,4,,1153227,1,0,15 16,1,27,,1153220,40,0,15 16,1,64,,1100033,1,0,15 16,1,6,,1153208,40,0,15 16,1,16,,1153206,1,0,15 16,1,14,,1153187,40,0,15 16,1,56,,1101511,1,0,15 16,1,14,,1153222,40,0,15 16,1,15,,1153179,1,0,15 16,1,14,,1078304,40,0,15 16,1,55,,1153183,1,0,15 16,1,13,,1153203,40,0,15 16,1,16,,1153196,1,0,15 16,1,12,,1153184,40,0,15 16,1,57,,1153193,1,0,15 16,1,15,,1153186,40,0,15 16,1,15,,1153224,1,0,15 16,1,13,,1153194,40,0,15 16,1,57,,1153209,1,0,15 16,1,15,,1065804,40,0,15 16,1,17,,1153207,1,0,15 16,1,13,,1153217,40,0,15 16,1,59,,1153197,1,0,15 16,1,12,,1153202,40,0,15 16,1,31,,1097847,40,0,15 16,1,73,,1153198,40,0,15 16,1,31,,1153225,40,0,15 16,1,72,,1057018,40,0,15 16,1,32,,1153185,40,0,15 16,1,71,,1153191,40,0,15 16,1,30,,1153180,40,0,15 16,1,69,,1153223,40,0,15 16,1,27,,1078724,40,0,15 16,1,66,,1153216,40,0,15 16,1,28,,1153214,40,0,15 16,1,66,,1095229,40,0,15 16,1,27,,1153210,40,0,15 16,1,69,,1153182,40,0,15 16,1,31,,1078286,40,0,15 16,1,69,,1153212,40,0,15 16,1,29,,1153192,40,0,15 16,1,70,,1153189,40,0,15 16,1,30,,1153199,40,0,15 16,1,74,,1153218,40,0,15 16,1,30,,1153205,40,,,1,72,,1153204,1,,,1,30,,1153200,1,,,1,70,,1153221,1,,,1,28,,1153215,1,,,1
6100,'10',354,,1153268,1,,,1,70,,1153237,1,0,15 16,1,30,,1153275,1,0,15 16,1,69,,1153230,1,0,15 16,1,89,,1086917,40,0,15 16,1,32,,1153250,40,0,15 16,1,69,,1153244,40,0,15 16,1,10,,1153239,1,0,15 16,1,22,,1153260,40,0,15 16,1,6,,1153262,1,0,15 16,1,66,,1087035,40,0,15 16,1,4,,1153276,1,0,15 16,1,27,,1153269,40,0,15 16,1,64,,1099889,1,0,15 16,1,6,,1153257,40,0,15 16,1,16,,1153255,1,0,15 16,1,14,,1153236,40,0,15 16,1,56,,1101508,1,0,15 16,1,14,,1153271,40,0,15 16,1,15,,1153228,1,0,15 16,1,14,,1078092,40,0,15 16,1,55,,1153232,1,0,15 16,1,13,,1153252,40,0,15 16,1,16,,1153245,1,0,15 16,1,12,,1153233,40,0,15 16,1,57,,1153242,1,0,15 16,1,15,,1153235,40,0,15 16,1,15,,1153273,1,0,15 16,1,13,,1153243,40,0,15 16,1,57,,1153258,1,0,15 16,1,15,,1065600,40,0,15 16,1,17,,1153256,1,0,15 16,1,13,,1153266,40,0,15 16,1,59,,1153246,1,0,15 16,1,12,,1153251,40,0,15 16,1,31,,1097623,40,0,15 16,1,73,,1153247,40,0,15 16,1,31,,1153274,40,0,15 16,1,72,,1057114,40,0,15 16,1,32,,1153234,40,0,15 16,1,71,,1153240,40,0,15 16,1,30,,1153229,40,0,15 16,1,69,,1153272,40,0,15 16,1,27,,1078460,40,0,15 16,1,66,,1153265,40,0,15 16,1,28,,1153263,40,0,15 16,1,66,,1094983,40,0,15 16,1,27,,1153259,40,0,15 16,1,69,,1153231,40,0,15 16,1,31,,1078074,40,0,15 16,1,69,,1153261,40,0,15 16,1,29,,1153241,40,0,15 16,1,70,,1153238,40,0,15 16,1,30,,1153248,40,0,15 16,1,74,,1153267,40,0,15 16,1,30,,1153254,40,,,1,72,,1153253,1,,,1,30,,1153249,1,,,1,70,,1153270,1,,,1,28,,1153264,1,,,1
6100,'11',354,,1153317,1,,,1,70,,1153286,1,0,15 16,1,30,,1153324,1,0,15 16,1,69,,1153279,1,0,15 16,1,89,,1086993,40,0,15 16,1,32,,1153299,40,0,15 16,1,69,,1153293,40,0,15 16,1,10,,1153288,1,0,15 16,1,22,,1153309,40,0,15 16,1,6,,1153311,1,0,15 16,1,66,,1087281,40,0,15 16,1,4,,1153325,1,0,15 16,1,27,,1153318,40,0,15 16,1,64,,1100077,1,0,15 16,1,6,,1153306,40,0,15 16,1,16,,1153304,1,0,15 16,1,14,,1153285,40,0,15 16,1,56,,1101512,1,0,15 16,1,14,,1153320,40,0,15 16,1,15,,1153277,1,0,15 16,1,14,,1078366,40,0,15 16,1,55,,1153281,1,0,15 16,1,13,,1153301,40,0,15 16,1,16,,1153294,1,0,15 16,1,12,,1153282,40,0,15 16,1,57,,1153291,1,0,15 16,1,15,,1153284,40,0,15 16,1,15,,1153322,1,0,15 16,1,13,,1153292,40,0,15 16,1,57,,1153307,1,0,15 16,1,15,,1065863,40,0,15 16,1,17,,1153305,1,0,15 16,1,13,,1153315,40,0,15 16,1,59,,1153295,1,0,15 16,1,12,,1153300,40,0,15 16,1,31,,1097915,40,0,15 16,1,73,,1153296,40,0,15 16,1,31,,1153323,40,0,15 16,1,72,,1056988,40,0,15 16,1,32,,1153283,40,0,15 16,1,71,,1153289,40,0,15 16,1,30,,1153278,40,0,15 16,1,69,,1153321,40,0,15 16,1,27,,1078804,40,0,15 16,1,66,,1153314,40,0,15 16,1,28,,1153312,40,0,15 16,1,66,,1095303,40,0,15 16,1,27,,1153308,40,0,15 16,1,69,,1153280,40,0,15 16,1,31,,1078348,40,0,15 16,1,69,,1153310,40,0,15 16,1,29,,1153290,40,0,15 16,1,70,,1153287,40,0,15 16,1,30,,1153297,40,0,15 16,1,74,,1153316,40,0,15 16,1,30,,1153303,40,,,1,72,,1153302,1,,,1,30,,1153298,1,,,1,70,,1153319,1,,,1,28,,1153313,1,,,1
6100,'12',354,,1153360,1,,,1,70,,1153361,1,0,15 16,1,30,,1153339,1,0,15 16,1,69,,1153334,1,0,15 16,1,89,,1153337,40,0,15 16,1,32,,1153347,40,0,15 16,1,69,,1153341,40,0,15 16,1,10,,1153348,1,0,15 16,1,22,,1153363,40,0,15 16,1,6,,1153345,1,0,15 16,1,66,,1153371,40,0,15 16,1,4,,1153357,1,0,15 16,1,27,,1085927,40,0,15 16,1,64,,1076563,1,0,15 16,1,6,,1153353,40,0,15 16,1,16,,1153376,1,0,15 16,1,14,,1153359,40,0,15 16,1,56,,1153336,1,0,15 16,1,14,,1153333,40,0,15 16,1,15,,1153374,1,0,15 16,1,14,,1153369,40,0,15 16,1,55,,1153331,1,0,15 16,1,13,,1153342,40,0,15 16,1,16,,1153366,1,0,15 16,1,12,,1153350,40,0,15 16,1,57,,1153338,1,0,15 16,1,15,,1153344,40,0,15 16,1,15,,1153358,1,0,15 16,1,13,,1153362,40,0,15 16,1,57,,1153379,1,0,15 16,1,15,,1153355,40,0,15 16,1,17,,1153370,1,0,15 16,1,13,,1153329,40,0,15 16,1,59,,1153372,1,0,15 16,1,12,,1153354,40,0,15 16,1,31,,1102737,40,0,15 16,1,73,,1153368,40,0,15 16,1,31,,1153373,40,0,15 16,1,72,,1153367,40,0,15 16,1,32,,1153327,40,0,15 16,1,71,,1098999,40,0,15 16,1,30,,1153378,40,0,15 16,1,69,,1153332,40,0,15 16,1,27,,1153326,40,0,15 16,1,66,,1153375,40,0,15 16,1,28,,1086344,40,0,15 16,1,66,,1153330,40,0,15 16,1,27,,1153340,40,0,15 16,1,69,,1153365,40,0,15 16,1,31,,1153352,40,0,15 16,1,69,,1153346,40,0,15 16,1,29,,1153328,40,0,15 16,1,70,,1068288,40,0,15 16,1,30,,1153377,40,0,15 16,1,74,,1153349,40,0,15 16,1,30,,1153364,40,,,1,72,,1153335,1,,,1,30,,1153343,1,,,1,70,,1153356,1,,,1,28,,1153351,1,,,1
6100,'13',535,,1153401,1,,,1,72,,1153400,1,,,1,30,,1153407,40,,,1,76,,941090,1,0,15 16,1,32,,1153388,40,0,15 16,1,70,,1153395,1,0,15 16,1,30,,1153382,40,0,15 16,1,70,,1153413,40,0,15 16,1,31,,1005942,40,0,15 16,1,70,,1153411,40,0,15 16,1,31,,1153409,40,0,15 16,1,70,,1153416,40,0,15 16,1,30,,1153390,40,0,15 16,1,70,,1153410,40,0,15 16,1,31,,1153399,40,0,15 16,1,70,,1078985,40,0,15 16,1,30,,1153394,40,0,15 16,1,70,,1153402,40,0,15 16,1,30,,1100883,40,0,15 16,1,70,,1153386,40,0,15 16,1,30,,1153385,40,0,15 16,1,70,,1153397,40,0,15 16,1,29,,1153393,40,0,15 16,1,70,,1076540,40,0,15 16,1,30,,1153391,40,0,15 16,1,70,,1153408,1,0,15 16,1,29,,1153383,40,0,15 16,1,70,,1153392,1,0,15 16,1,30,,1153414,40,0,15 16,1,70,,1153405,1,0,15 16,1,27,,1153404,40,0,15 16,1,70,,1153384,1,0,15 16,1,28,,1153387,40,0,15 16,1,69,,1153381,1,0,15 16,1,32,,1153396,40,,,1,69,,1153389,1,,,1,30,,1153403,40,,,1,70,,1153398,1,,,1,30,,1153415,1,,,1,70,,1153380,1,,,1,30,,1153412,1,,,1,70,,1153406,1,,,1
6100,'14',354,,1153463,1,,,1,70,,1153429,1,0,15 16,1,30,,1153472,1,0,15 16,1,69,,1153420,1,0,15 16,1,89,,1153470,40,0,15 16,1,32,,1153443,40,0,15 16,1,69,,1153437,40,0,15 16,1,10,,1153432,1,0,15 16,1,22,,1153455,40,0,15 16,1,6,,1153457,1,0,15 16,1,66,,1153431,40,0,15 16,1,4,,1153475,1,0,15 16,1,27,,1153464,40,0,15 16,1,64,,1153444,1,0,15 16,1,6,,1153452,40,0,15 16,1,16,,1153450,1,0,15 16,1,14,,1153426,40,0,15 16,1,56,,1153474,1,0,15 16,1,14,,1153466,40,0,15 16,1,15,,1153418,1,0,15 16,1,14,,1153427,40,0,15 16,1,55,,1153422,1,0,15 16,1,13,,1153447,40,0,15 16,1,16,,1153438,1,0,15 16,1,12,,1153423,40,0,15 16,1,57,,1153435,1,0,15 16,1,15,,1153425,40,0,15 16,1,15,,1153468,1,0,15 16,1,13,,1153436,40,0,15 16,1,57,,1153453,1,0,15 16,1,15,,1153445,40,0,15 16,1,17,,1153451,1,0,15 16,1,13,,1153461,40,0,15 16,1,59,,1153439,1,0,15 16,1,12,,1153446,40,0,15 16,1,31,,1153428,40,0,15 16,1,73,,1153440,40,0,15 16,1,31,,1153471,40,0,15 16,1,72,,1153476,40,0,15 16,1,32,,1153424,40,0,15 16,1,71,,1153433,40,0,15 16,1,30,,1153419,40,0,15 16,1,69,,1153467,40,0,15 16,1,27,,1153469,40,0,15 16,1,66,,1153460,40,0,15 16,1,28,,1153458,40,0,15 16,1,66,,1153473,40,0,15 16,1,27,,1153454,40,0,15 16,1,69,,1153421,40,0,15 16,1,31,,1153417,40,0,15 16,1,69,,1153456,40,0,15 16,1,29,,1153434,40,0,15 16,1,70,,1153430,40,0,15 16,1,30,,1153441,40,0,15 16,1,74,,1153462,40,0,15 16,1,30,,1153449,40,,,1,72,,1153448,1,,,1,30,,1153442,1,,,1,70,,1153465,1,,,1,28,,1153459,1,,,1
6100,'15',354,,1153513,1,,,1,70,,1153485,1,0,15 16,1,30,,1153510,1,0,15 16,1,69,,1153520,1,0,15 16,1,89,,1153487,40,0,15 16,1,32,,1153530,40,0,15 16,1,69,,1153499,40,0,15 16,1,10,,1153504,1,0,15 16,1,22,,1153505,40,0,15 16,1,6,,1153503,1,0,15 16,1,66,,1153491,40,0,15 16,1,4,,1153490,1,0,15 16,1,27,,1153496,40,0,15 16,1,64,,1153478,1,0,15 16,1,6,,1153523,40,0,15 16,1,16,,1153479,1,0,15 16,1,14,,1153514,40,0,15 16,1,56,,1153516,1,0,15 16,1,14,,1153517,40,0,15 16,1,15,,1153506,1,0,15 16,1,14,,1153480,40,0,15 16,1,55,,1153489,1,0,15 16,1,13,,1153488,40,0,15 16,1,16,,1153502,1,0,15 16,1,12,,1153481,40,0,15 16,1,57,,1153493,1,0,15 16,1,15,,1153500,40,0,15 16,1,15,,1153522,1,0,15 16,1,13,,1153482,40,0,15 16,1,57,,1153511,1,0,15 16,1,15,,1153518,40,0,15 16,1,17,,1153526,1,0,15 16,1,13,,1153525,40,0,15 16,1,59,,1153524,1,0,15 16,1,12,,1153519,40,0,15 16,1,31,,1153494,40,0,15 16,1,73,,1153534,40,0,15 16,1,31,,1153532,40,0,15 16,1,72,,1153484,40,0,15 16,1,32,,1153533,40,0,15 16,1,71,,1153495,40,0,15 16,1,30,,1153483,40,0,15 16,1,69,,1153531,40,0,15 16,1,27,,1153536,40,0,15 16,1,66,,1153515,40,0,15 16,1,28,,1153507,40,0,15 16,1,66,,1153527,40,0,15 16,1,27,,1153497,40,0,15 16,1,69,,1153529,40,0,15 16,1,31,,1153509,40,0,15 16,1,69,,1153521,40,0,15 16,1,29,,1153492,40,0,15 16,1,70,,1153512,40,0,15 16,1,30,,1153535,40,0,15 16,1,74,,1153477,40,0,15 16,1,30,,1153501,40,,,1,72,,1153486,1,,,1,30,,1153508,1,,,1,70,,1153498,1,,,1,28,,1153528,1,,,1
6100,'16',354,,1153570,1,,,1,70,,1153571,1,0,15 16,1,30,,1153549,1,0,15 16,1,69,,1068041,1,0,15 16,1,89,,1153547,40,0,15 16,1,32,,1153557,40,0,15 16,1,69,,1153551,40,0,15 16,1,10,,1153558,1,0,15 16,1,22,,1153573,40,0,15 16,1,6,,1153555,1,0,15 16,1,66,,1153580,40,0,15 16,1,4,,1153567,1,0,15 16,1,27,,1153541,40,0,15 16,1,64,,1153540,1,0,15 16,1,6,,1064153,40,0,15 16,1,16,,1153585,1,0,15 16,1,14,,1153569,40,0,15 16,1,56,,1153545,1,0,15 16,1,14,,1079183,40,0,15 16,1,15,,1153583,1,0,15 16,1,14,,977367,40,0,15 16,1,55,,1153543,1,0,15 16,1,13,,1153552,40,0,15 16,1,16,,1153576,1,0,15 16,1,12,,1153560,40,0,15 16,1,57,,1153548,1,0,15 16,1,15,,1153554,40,0,15 16,1,15,,1153568,1,0,15 16,1,13,,1153572,40,0,15 16,1,57,,1153589,1,0,15 16,1,15,,1153565,40,0,15 16,1,17,,1153579,1,0,15 16,1,13,,1153539,40,0,15 16,1,59,,1153581,1,0,15 16,1,12,,1153564,40,0,15 16,1,31,,1153546,40,0,15 16,1,73,,1153578,40,0,15 16,1,31,,1153582,40,0,15 16,1,72,,1153577,40,0,15 16,1,32,,1153538,40,0,15 16,1,71,,1153588,40,0,15 16,1,30,,1153587,40,0,15 16,1,69,,1153544,40,0,15 16,1,27,,1153537,40,0,15 16,1,66,,1153584,40,0,15 16,1,28,,1153562,40,0,15 16,1,66,,958861,40,0,15 16,1,27,,1153550,40,0,15 16,1,69,,1153575,40,0,15 16,1,31,,1153563,40,0,15 16,1,69,,1153556,40,0,15 16,1,29,,1066552,40,0,15 16,1,70,,1153542,40,0,15 16,1,30,,1153586,40,0,15 16,1,74,,1153559,40,0,15 16,1,30,,1153574,40,,,1,72,,1087599,1,,,1,30,,1153553,1,,,1,70,,1153566,1,,,1,28,,1153561,1,,,1
6100,'17',535,,1153613,1,,,1,72,,1153612,1,,,1,30,,1153619,40,,,1,76,,1153631,1,0,15 16,1,32,,1153599,40,0,15 16,1,70,,1153607,1,0,15 16,1,30,,1153593,40,0,15 16,1,70,,1153625,40,0,15 16,1,31,,1153628,40,0,15 16,1,70,,1153623,40,0,15 16,1,31,,1153621,40,0,15 16,1,70,,1153630,40,0,15 16,1,30,,1153601,40,0,15 16,1,70,,1153622,40,0,15 16,1,31,,1153611,40,0,15 16,1,70,,1153590,40,0,15 16,1,30,,1153606,40,0,15 16,1,70,,1153614,40,0,15 16,1,30,,1153603,40,0,15 16,1,70,,1153597,40,0,15 16,1,30,,1153596,40,0,15 16,1,70,,1153609,40,0,15 16,1,29,,1153605,40,0,15 16,1,70,,1153629,40,0,15 16,1,30,,1153602,40,0,15 16,1,70,,1153620,1,0,15 16,1,29,,1153594,40,0,15 16,1,70,,1153604,1,0,15 16,1,30,,1153626,40,0,15 16,1,70,,1153617,1,0,15 16,1,27,,1153616,40,0,15 16,1,70,,1153595,1,0,15 16,1,28,,1153598,40,0,15 16,1,69,,1153592,1,0,15 16,1,32,,1153608,40,,,1,69,,1153600,1,,,1,30,,1153615,40,,,1,70,,1153610,1,,,1,30,,1153627,1,,,1,70,,1153591,1,,,1,30,,1153624,1,,,1,70,,1153618,1,,,1
6100,'2',510,,1096582,1,0,15 16,1,45,,1153641,1,0,15 16,1,70,,1153646,40,0,15 16,1,30,,1153640,40,0,15 16,1,70,,1153668,40,0,15 16,1,30,,1153634,40,0,15 16,1,70,,1153667,40,0,15 16,1,30,,1153658,40,0,15 16,1,71,,1153657,40,0,15 16,1,30,,1153643,40,0,15 16,1,71,,1153632,40,0,15 16,1,30,,1153636,40,0,15 16,1,70,,1153645,40,0,15 16,1,30,,1153660,40,0,15 16,1,71,,1153666,40,0,15 16,1,30,,1153648,40,0,15 16,1,70,,1153655,40,0,15 16,1,30,,1153664,40,0,15 16,1,70,,1153669,40,0,15 16,1,30,,1153651,40,0,15 16,1,70,,1032624,40,0,15 16,1,30,,1153639,40,0,15 16,1,69,,1153633,40,0,15 16,1,30,,1153656,40,0,15 16,1,70,,1098025,40,0,15 16,1,30,,1153644,40,0,15 16,1,69,,1153663,40,0,15 16,1,30,,1153654,40,0,15 16,1,70,,1153661,1,0,15 16,1,30,,1153662,40,0,15 16,1,69,,1153638,1,0,15 16,1,30,,1153647,40,0,15 16,1,70,,1153635,1,0,15 16,1,30,,1153659,40,0,15 16,1,70,,1153652,1,0,15 16,1,30,,1090126,40,0,15 16,1,70,,1098955,1,0,15 16,1,30,,1153650,40,0,15 16,1,70,,1153653,1,0,15 16,1,30,,1153642,1,0,15 16,1,70,,1153665,1,,,1,30,,1153649,1,,,1,70,,1153637,1,,,1
6100,'3',535,,1153693,1,,,1,72,,1153692,1,,,1,30,,1153699,40,,,1,76,,1153711,1,0,15 16,1,32,,1153679,40,0,15 16,1,70,,1153687,1,0,15 16,1,30,,1153673,40,0,15 16,1,70,,1153705,40,0,15 16,1,31,,1153708,40,0,15 16,1,70,,1153703,40,0,15 16,1,31,,1153701,40,0,15 16,1,70,,1153710,40,0,15 16,1,30,,1153681,40,0,15 16,1,70,,1153702,40,0,15 16,1,31,,1153691,40,0,15 16,1,70,,1153670,40,0,15 16,1,30,,1153686,40,0,15 16,1,70,,1153694,40,0,15 16,1,30,,1153683,40,0,15 16,1,70,,1153677,40,0,15 16,1,30,,1153676,40,0,15 16,1,70,,1153689,40,0,15 16,1,29,,1153685,40,0,15 16,1,70,,1153709,40,0,15 16,1,30,,1153682,40,0,15 16,1,70,,1153700,1,0,15 16,1,29,,1153674,40,0,15 16,1,70,,1153684,1,0,15 16,1,30,,1153706,40,0,15 16,1,70,,1153697,1,0,15 16,1,27,,1153696,40,0,15 16,1,70,,1153675,1,0,15 16,1,28,,1153678,40,0,15 16,1,69,,1153672,1,0,15 16,1,32,,1153688,40,,,1,69,,1153680,1,,,1,30,,1153695,40,,,1,70,,1153690,1,,,1,30,,1153707,1,,,1,70,,1153671,1,,,1,30,,1153704,1,,,1,70,,1153698,1,,,1
6100,'4',535,,1153737,1,,,1,72,,1153747,1,,,1,30,,1153735,40,,,1,76,,1153714,1,0,15 16,1,32,,1153719,40,0,15 16,1,70,,1153744,1,0,15 16,1,30,,1153745,40,0,15 16,1,70,,1153723,40,0,15 16,1,31,,1153742,40,0,15 16,1,70,,1153736,40,0,15 16,1,31,,1153724,40,0,15 16,1,70,,1153739,40,0,15 16,1,30,,1153712,40,0,15 16,1,70,,1153738,40,0,15 16,1,31,,1153730,40,0,15 16,1,70,,1153734,40,0,15 16,1,30,,1153731,40,0,15 16,1,70,,1153732,40,0,15 16,1,30,,1153748,40,0,15 16,1,70,,1153725,40,0,15 16,1,30,,1153720,40,0,15 16,1,70,,1153726,40,0,15 16,1,29,,1153718,40,0,15 16,1,70,,1153727,40,0,15 16,1,30,,1153750,40,0,15 16,1,70,,1153749,1,0,15 16,1,29,,1153740,40,0,15 16,1,70,,1010073,1,0,15 16,1,30,,1153717,40,0,15 16,1,70,,1153728,1,0,15 16,1,27,,1153746,40,0,15 16,1,70,,1153716,1,0,15 16,1,28,,1153721,40,0,15 16,1,69,,1153741,1,0,15 16,1,32,,1153729,40,,,1,69,,1153733,1,,,1,30,,1153722,40,,,1,70,,1153715,1,,,1,30,,1092367,1,,,1,70,,1153743,1,,,1,30,,1153713,1,,,1,70,,1073178,1,,,1
6100,'5',354,,1153791,1,,,1,70,,1153760,1,0,15 16,1,30,,1153798,1,0,15 16,1,69,,1153753,1,0,15 16,1,89,,1086955,40,0,15 16,1,32,,1153773,40,0,15 16,1,69,,1153767,40,0,15 16,1,10,,1153762,1,0,15 16,1,22,,1153783,40,0,15 16,1,6,,1153785,1,0,15 16,1,66,,1087188,40,0,15 16,1,4,,1153799,1,0,15 16,1,27,,1153792,40,0,15 16,1,64,,1100007,1,0,15 16,1,6,,1153780,40,0,15 16,1,16,,1153778,1,0,15 16,1,14,,1153759,40,0,15 16,1,56,,1101510,1,0,15 16,1,14,,1153794,40,0,15 16,1,15,,1153751,1,0,15 16,1,14,,1078266,40,0,15 16,1,55,,1153755,1,0,15 16,1,13,,1153775,40,0,15 16,1,16,,1153768,1,0,15 16,1,12,,1153756,40,0,15 16,1,57,,1153765,1,0,15 16,1,15,,1153758,40,0,15 16,1,15,,1153796,1,0,15 16,1,13,,1153766,40,0,15 16,1,57,,1153781,1,0,15 16,1,15,,1065770,40,0,15 16,1,17,,1153779,1,0,15 16,1,13,,1153789,40,0,15 16,1,59,,1153769,1,0,15 16,1,12,,1153774,40,0,15 16,1,31,,1097802,40,0,15 16,1,73,,1153770,40,0,15 16,1,31,,1153797,40,0,15 16,1,72,,1056854,40,0,15 16,1,32,,1153757,40,0,15 16,1,71,,1153763,40,0,15 16,1,30,,1153752,40,0,15 16,1,69,,1153795,40,0,15 16,1,27,,1078676,40,0,15 16,1,66,,1153788,40,0,15 16,1,28,,1153786,40,0,15 16,1,66,,1095181,40,0,15 16,1,27,,1153782,40,0,15 16,1,69,,1153754,40,0,15 16,1,31,,1078248,40,0,15 16,1,69,,1153784,40,0,15 16,1,29,,1153764,40,0,15 16,1,70,,1153761,40,0,15 16,1,30,,1153771,40,0,15 16,1,74,,1153790,40,0,15 16,1,30,,1153777,40,,,1,72,,1153776,1,,,1,30,,1153772,1,,,1,70,,1153793,1,,,1,28,,1153787,1,,,1
6100,'6',354,,1153833,1,,,1,70,,1153834,1,0,15 16,1,30,,1153813,1,0,15 16,1,69,,1153808,1,0,15 16,1,89,,1153811,40,0,15 16,1,32,,1153820,40,0,15 16,1,69,,1153815,40,0,15 16,1,10,,1087679,1,0,15 16,1,22,,1153836,40,0,15 16,1,6,,1078409,1,0,15 16,1,66,,1153844,40,0,15 16,1,4,,1153830,1,0,15 16,1,27,,1153804,40,0,15 16,1,64,,1153803,1,0,15 16,1,6,,1153826,40,0,15 16,1,16,,1153849,1,0,15 16,1,14,,1153832,40,0,15 16,1,56,,1091705,1,0,15 16,1,14,,1153807,40,0,15 16,1,15,,1153847,1,0,15 16,1,14,,1153842,40,0,15 16,1,55,,1075661,1,0,15 16,1,13,,1153816,40,0,15 16,1,16,,1153839,1,0,15 16,1,12,,1153822,40,0,15 16,1,57,,1153812,1,0,15 16,1,15,,1153818,40,0,15 16,1,15,,1153831,1,0,15 16,1,13,,1153835,40,0,15 16,1,57,,1037538,1,0,15 16,1,15,,1153828,40,0,15 16,1,17,,1153843,1,0,15 16,1,13,,1153801,40,0,15 16,1,59,,1153845,1,0,15 16,1,12,,1153827,40,0,15 16,1,31,,1153810,40,0,15 16,1,73,,1153841,40,0,15 16,1,31,,1153846,40,0,15 16,1,72,,1153840,40,0,15 16,1,32,,1003066,40,0,15 16,1,71,,1153851,40,0,15 16,1,30,,1088982,40,0,15 16,1,69,,1153806,40,0,15 16,1,27,,1090297,40,0,15 16,1,66,,1153848,40,0,15 16,1,28,,1153824,40,0,15 16,1,66,,1153802,40,0,15 16,1,27,,1153814,40,0,15 16,1,69,,1153838,40,0,15 16,1,31,,1153825,40,0,15 16,1,69,,1153819,40,0,15 16,1,29,,1153800,40,0,15 16,1,70,,1153805,40,0,15 16,1,30,,1153850,40,0,15 16,1,74,,1153821,40,0,15 16,1,30,,1153837,40,,,1,72,,1153809,1,,,1,30,,1153817,1,,,1,70,,1153829,1,,,1,28,,1153823,1,,,1
6100,'7',510,,1153856,1,0,15 16,1,45,,1153893,1,0,15 16,1,70,,1153869,40,0,15 16,1,30,,1153861,40,0,15 16,1,70,,1153867,40,0,15 16,1,30,,1153870,40,0,15 16,1,70,,1153876,40,0,15 16,1,30,,1153874,40,0,15 16,1,71,,1153888,40,0,15 16,1,30,,1153889,40,0,15 16,1,71,,1153873,40,0,15 16,1,30,,1153858,40,0,15 16,1,70,,1153885,40,0,15 16,1,30,,1153883,40,0,15 16,1,71,,1153862,40,0,15 16,1,30,,1153865,40,0,15 16,1,70,,1153877,40,0,15 16,1,30,,1153860,40,0,15 16,1,70,,1153859,40,0,15 16,1,30,,1153864,40,0,15 16,1,70,,1153890,40,0,15 16,1,30,,1153892,40,0,15 16,1,69,,1153863,40,0,15 16,1,30,,1153868,40,0,15 16,1,70,,1153855,40,0,15 16,1,30,,1153871,40,0,15 16,1,69,,1153881,40,0,15 16,1,30,,1153879,40,0,15 16,1,70,,1153894,1,0,15 16,1,30,,1153854,40,0,15 16,1,69,,1153872,1,0,15 16,1,30,,1153884,40,0,15 16,1,70,,1153886,1,0,15 16,1,30,,1153878,40,0,15 16,1,70,,1153891,1,0,15 16,1,30,,1153866,40,0,15 16,1,70,,1153887,1,0,15 16,1,30,,1153882,40,0,15 16,1,70,,1153852,1,0,15 16,1,30,,1153857,1,0,15 16,1,70,,1153880,1,,,1,30,,1153853,1,,,1,70,,1153875,1,,,1
6100,'8',354,,1153934,1,,,1,70,,1153935,1,0,15 16,1,30,,1153912,1,0,15 16,1,69,,1153906,1,0,15 16,1,89,,1153910,40,0,15 16,1,32,,1153920,40,0,15 16,1,69,,1153914,40,0,15 16,1,10,,1153921,1,0,15 16,1,22,,1153937,40,0,15 16,1,6,,1153918,1,0,15 16,1,66,,1153945,40,0,15 16,1,4,,1153931,1,0,15 16,1,27,,1153901,40,0,15 16,1,64,,1153900,1,0,15 16,1,6,,1153927,40,0,15 16,1,16,,1153950,1,0,15 16,1,14,,1153933,40,0,15 16,1,56,,1153908,1,0,15 16,1,14,,1153905,40,0,15 16,1,15,,1153948,1,0,15 16,1,14,,1153943,40,0,15 16,1,55,,1153903,1,0,15 16,1,13,,1153915,40,0,15 16,1,16,,1153940,1,0,15 16,1,12,,1153923,40,0,15 16,1,57,,1153911,1,0,15 16,1,15,,1153917,40,0,15 16,1,15,,1153932,1,0,15 16,1,13,,1153936,40,0,15 16,1,57,,1153954,1,0,15 16,1,15,,1153929,40,0,15 16,1,17,,1153944,1,0,15 16,1,13,,1153898,40,0,15 16,1,59,,1153946,1,0,15 16,1,12,,1153928,40,0,15 16,1,31,,1153909,40,0,15 16,1,73,,1153942,40,0,15 16,1,31,,1153947,40,0,15 16,1,72,,1153941,40,0,15 16,1,32,,1153896,40,0,15 16,1,71,,1153953,40,0,15 16,1,30,,1153952,40,0,15 16,1,69,,1153904,40,0,15 16,1,27,,1153895,40,0,15 16,1,66,,1153949,40,0,15 16,1,28,,1153925,40,0,15 16,1,66,,1153899,40,0,15 16,1,27,,1153913,40,0,15 16,1,69,,1153939,40,0,15 16,1,31,,1153926,40,0,15 16,1,69,,1153919,40,0,15 16,1,29,,1153897,40,0,15 16,1,70,,1153902,40,0,15 16,1,30,,1153951,40,0,15 16,1,74,,1153922,40,0,15 16,1,30,,1153938,40,,,1,72,,1153907,1,,,1,30,,1153916,1,,,1,70,,1153930,1,,,1,28,,1153924,1,,,1
6100,'9',354,,1153995,1,,,1,70,,1153964,1,0,15 16,1,30,,1154002,1,0,15 16,1,69,,1153957,1,0,15 16,1,89,,1086936,40,0,15 16,1,32,,1153977,40,0,15 16,1,69,,1153971,40,0,15 16,1,10,,1153966,1,0,15 16,1,22,,1153987,40,0,15 16,1,6,,1153989,1,0,15 16,1,66,,1087097,40,0,15 16,1,4,,1154003,1,0,15 16,1,27,,1153996,40,0,15 16,1,64,,1099937,1,0,15 16,1,6,,1153984,40,0,15 16,1,16,,1153982,1,0,15 16,1,14,,1153963,40,0,15 16,1,56,,1101509,1,0,15 16,1,14,,1153998,40,0,15 16,1,15,,1153955,1,0,15 16,1,14,,1078162,40,0,15 16,1,55,,1153959,1,0,15 16,1,13,,1153979,40,0,15 16,1,16,,1153972,1,0,15 16,1,12,,1153960,40,0,15 16,1,57,,1153969,1,0,15 16,1,15,,1153962,40,0,15 16,1,15,,1154000,1,0,15 16,1,13,,1153970,40,0,15 16,1,57,,1153985,1,0,15 16,1,15,,1065663,40,0,15 16,1,17,,1153983,1,0,15 16,1,13,,1153993,40,0,15 16,1,59,,1153973,1,0,15 16,1,12,,1153978,40,0,15 16,1,31,,1097691,40,0,15 16,1,73,,1153974,40,0,15 16,1,31,,1154001,40,0,15 16,1,72,,1057048,40,0,15 16,1,32,,1153961,40,0,15 16,1,71,,1153967,40,0,15 16,1,30,,1153956,40,0,15 16,1,69,,1153999,40,0,15 16,1,27,,1078541,40,0,15 16,1,66,,1153992,40,0,15 16,1,28,,1153990,40,0,15 16,1,66,,1095057,40,0,15 16,1,27,,1153986,40,0,15 16,1,69,,1153958,40,0,15 16,1,31,,1078144,40,0,15 16,1,69,,1153988,40,0,15 16,1,29,,1153968,40,0,15 16,1,70,,1153965,40,0,15 16,1,30,,1153975,40,0,15 16,1,74,,1153994,40,0,15 16,1,30,,1153981,40,,,1,72,,1153980,1,,,1,30,,1153976,1,,,1,70,,1153997,1,,,1,28,,1153991,1,,,1
6101,'1',502,,1092889,37,4,,1,31,,1154014,37,4,,1,74,,1154026,23,,,1,31,,1154029,23,,,1,64,,1154005,22,,,1,26,,1154051,18,,,1,72,,1154038,18,,,1,30,,935738,18,,,1,70,,1154010,18,,,1,32,,1154009,18,,,1,27,,1154033,18,,,1,71,,1065807,18,,,1,29,,1154024,18,,,1,70,,1154049,18,,,1,71,,1006390,18,,,1,30,,1083597,18,,,1,71,,1154008,18,,,1,30,,1154040,18,,,1,71,,1154034,18,,,1,18,,1154017,18,4,,1,13,,972751,18,,,1,17,,1154013,18,4,,1,55,,1154007,18,,,1,17,,1154022,18,4,,1,15,,1154018,18,,,1,16,,1154011,18,4,,1,54,,1154019,18,,,1,17,,1154050,18,4,,1,15,,1154037,18,,,1,15,,1154012,18,4,,1,56,,1154031,18,,,1,14,,1154023,18,4,,1,16,,1154039,18,,,1,14,,1154047,18,4,,1,54,,1154015,18,,,1,14,,1154016,18,,,1,15,,1154032,18,,,1,12,,1088141,18,,,1,56,,1154035,18,,,1,26,,1154028,18,,,1,69,,1154021,18,,,1,30,,1154020,18,,,1,29,,1154048,18,,,1,70,,1154030,18,,,1,28,,1154045,18,,,1,70,,1154043,18,,,1,75,,1154042,19,,,1,30,,1154044,19,,,1,70,,1154046,19,,,1,30,,1154041,19,4,,1,70,,1154004,19,4,,1,30,,1076307,19,4,,1,70,,1154027,19,4,,1,29,,1154025,33,4,,1,70,,1154036,33,4,,1,30,,1154006,33,4,,1
6101,'10',502,,1092571,37,4,,1,31,,1154062,37,4,,1,74,,1154074,23,,,1,31,,1154077,23,,,1,64,,1154053,22,,,1,26,,1154099,18,,,1,72,,1154086,18,,,1,30,,935458,18,,,1,70,,1154058,18,,,1,32,,1154057,18,,,1,27,,1154081,18,,,1,71,,1065603,18,,,1,29,,1154072,18,,,1,70,,1154097,18,,,1,71,,1006486,18,,,1,30,,1083358,18,,,1,71,,1154056,18,,,1,30,,1154088,18,,,1,71,,1154082,18,,,1,18,,1154065,18,4,,1,13,,972258,18,,,1,17,,1154061,18,4,,1,55,,1154055,18,,,1,17,,1154070,18,4,,1,15,,1154066,18,,,1,16,,1154059,18,4,,1,54,,1154067,18,,,1,17,,1154098,18,4,,1,15,,1154085,18,,,1,15,,1154060,18,4,,1,56,,1154079,18,,,1,14,,1154071,18,4,,1,16,,1154087,18,,,1,14,,1154095,18,4,,1,54,,1154063,18,,,1,14,,1154064,18,,,1,15,,1154080,18,,,1,12,,1087733,18,,,1,56,,1154083,18,,,1,26,,1154076,18,,,1,69,,1154069,18,,,1,30,,1154068,18,,,1,29,,1154096,18,,,1,70,,1154078,18,,,1,28,,1154093,18,,,1,70,,1154091,18,,,1,75,,1154090,19,,,1,30,,1154092,19,,,1,70,,1154094,19,,,1,30,,1154089,19,4,,1,70,,1154052,19,4,,1,30,,1076096,19,4,,1,70,,1154075,19,4,,1,29,,1154073,33,4,,1,70,,1154084,33,4,,1,30,,1154054,33,4,,1
6101,'11',502,,1092979,37,4,,1,31,,1154110,37,4,,1,74,,1154122,23,,,1,31,,1154125,23,,,1,64,,1154101,22,,,1,26,,1154147,18,,,1,72,,1154134,18,,,1,30,,935685,18,,,1,70,,1154106,18,,,1,32,,1154105,18,,,1,27,,1154129,18,,,1,71,,1065866,18,,,1,29,,1154120,18,,,1,70,,1154145,18,,,1,71,,1006360,18,,,1,30,,1083667,18,,,1,71,,1154104,18,,,1,30,,1154136,18,,,1,71,,1154130,18,,,1,18,,1154113,18,4,,1,13,,972683,18,,,1,17,,1154109,18,4,,1,55,,1154103,18,,,1,17,,1154118,18,4,,1,15,,1154114,18,,,1,16,,1154107,18,4,,1,54,,1154115,18,,,1,17,,1154146,18,4,,1,15,,1154133,18,,,1,15,,1154108,18,4,,1,56,,1154127,18,,,1,14,,1154119,18,4,,1,16,,1154135,18,,,1,14,,1154143,18,4,,1,54,,1154111,18,,,1,14,,1154112,18,,,1,15,,1154128,18,,,1,12,,1088253,18,,,1,56,,1154131,18,,,1,26,,1154124,18,,,1,69,,1154117,18,,,1,30,,1154116,18,,,1,29,,1154144,18,,,1,70,,1154126,18,,,1,28,,1154141,18,,,1,70,,1154139,18,,,1,75,,1154138,19,,,1,30,,1154140,19,,,1,70,,1154142,19,,,1,30,,1154137,19,4,,1,70,,1154100,19,4,,1,30,,1076372,19,4,,1,70,,1154123,19,4,,1,29,,1154121,33,4,,1,70,,1154132,33,4,,1,30,,1154102,33,4,,1
6101,'12',502,,1154167,37,4,,1,31,,1154159,37,4,,1,74,,1154148,23,,,1,31,,1154153,23,,,1,64,,1154200,22,,,1,26,,1154189,18,,,1,72,,1154156,18,,,1,30,,1154157,18,,,1,70,,1154198,18,,,1,32,,1154152,18,,,1,27,,1154155,18,,,1,71,,1154162,18,,,1,29,,1154197,18,,,1,70,,1154166,18,,,1,71,,1154201,18,,,1,30,,1154174,18,,,1,71,,1154199,18,,,1,30,,1061496,18,,,1,71,,1154149,18,,,1,18,,1154170,18,4,,1,13,,1154150,18,,,1,17,,1154179,18,4,,1,55,,1154177,18,,,1,17,,1154194,18,4,,1,15,,1154181,18,,,1,16,,1154192,18,4,,1,54,,1154169,18,,,1,17,,1154190,18,4,,1,15,,1154180,18,,,1,15,,1154175,18,4,,1,56,,1154183,18,,,1,14,,1154176,18,4,,1,16,,1154184,18,,,1,14,,1154158,18,4,,1,54,,1154161,18,,,1,14,,1154186,18,,,1,15,,1154173,18,,,1,12,,1154182,18,,,1,56,,1154165,18,,,1,26,,1154172,18,,,1,69,,1154193,18,,,1,30,,1154168,18,,,1,29,,1154188,18,,,1,70,,1154171,18,,,1,28,,1154187,18,,,1,70,,942214,18,,,1,75,,1154196,19,,,1,30,,1154178,19,,,1,70,,1154195,19,,,1,30,,1154191,19,4,,1,70,,1154160,19,4,,1,30,,1154164,19,4,,1,70,,1154163,19,4,,1,29,,1154154,33,4,,1,70,,1154151,33,4,,1,30,,1154185,33,4,,1
6101,'13',616,,1073366,33,,,1,30,,1154205,33,4,,1,70,,1154223,33,,,1,30,,1154216,33,4,,1,70,,1154225,33,,,1,30,,1154237,33,4,,1,71,,1154220,19,,,1,31,,1047837,19,,,1,70,,1154211,19,,,1,29,,1154213,19,,,1,70,,1154206,19,,,1,30,,1154233,19,,,1,70,,1154212,19,,,1,30,,1154207,19,,,1,70,,1154221,19,,,1,30,,1154209,19,,,1,70,,1154232,19,,,1,30,,1154234,19,,,1,70,,1154204,19,,,1,30,,1154222,19,,,1,70,,1154214,19,,,1,30,,1154224,19,,,1,70,,1154231,19,,,1,30,,1098050,19,,,1,70,,1074794,19,,,1,30,,1154226,19,,,1,70,,1154235,19,,,1,30,,1154238,19,,,1,70,,1154236,19,4,,1,29,,1154219,19,,,1,70,,1089703,19,4,,1,30,,1154217,19,,,1,70,,1154228,19,,,1,30,,1154210,19,4,,1,70,,1154230,19,,,1,30,,1154229,19,4,,1,70,,1154203,19,4,,1,30,,1154227,33,4,,1,70,,1154202,33,4,,1,30,,1154208,33,4,,1,70,,1154215,33,4,,1,26,,1154218,33,4,,1,70,,955270,33,4,,1
6101,'14',502,,1154247,37,4,,1,31,,1154253,37,4,,1,74,,1154265,23,,,1,31,,1154268,23,,,1,64,,1154240,22,,,1,26,,1154294,18,,,1,72,,1154279,18,,,1,30,,1154293,18,,,1,70,,1154249,18,,,1,32,,1154248,18,,,1,27,,1154274,18,,,1,71,,1154281,18,,,1,29,,1154263,18,,,1,70,,1154291,18,,,1,71,,1154243,18,,,1,30,,1154242,18,,,1,71,,1154245,18,,,1,30,,1154282,18,,,1,71,,1154275,18,,,1,18,,1154256,18,4,,1,13,,1154246,18,,,1,17,,1154252,18,4,,1,55,,1154244,18,,,1,17,,1154261,18,4,,1,15,,1154257,18,,,1,16,,1154250,18,4,,1,54,,1154258,18,,,1,17,,1154292,18,4,,1,15,,1154278,18,,,1,15,,1154251,18,4,,1,56,,1154272,18,,,1,14,,1154262,18,4,,1,16,,1154280,18,,,1,14,,1154289,18,4,,1,54,,1154254,18,,,1,14,,1154255,18,,,1,15,,1154273,18,,,1,12,,1154271,18,,,1,56,,1154276,18,,,1,26,,1154267,18,,,1,69,,1154260,18,,,1,30,,1154259,18,,,1,29,,1154290,18,,,1,70,,1154270,18,,,1,28,,1154287,18,,,1,70,,1154285,18,,,1,75,,1154284,19,,,1,30,,1154286,19,,,1,70,,1154288,19,,,1,30,,1154283,19,4,,1,70,,1154239,19,4,,1,30,,1154269,19,4,,1,70,,1154266,19,4,,1,29,,1154264,33,4,,1,70,,1154277,33,4,,1,30,,1154241,33,4,,1
6101,'15',502,,1154328,37,4,,1,31,,1154300,37,4,,1,74,,1154316,23,,,1,31,,1154310,23,,,1,64,,1154331,22,,,1,26,,1154344,18,,,1,72,,1154337,18,,,1,30,,1154307,18,,,1,70,,1154312,18,,,1,32,,1154299,18,,,1,27,,1154349,18,,,1,71,,1154340,18,,,1,29,,1154303,18,,,1,70,,1154329,18,,,1,71,,1154301,18,,,1,30,,1154339,18,,,1,71,,1154345,18,,,1,30,,1154296,18,,,1,71,,1154321,18,,,1,18,,1154343,18,4,,1,13,,1154297,18,,,1,17,,1154327,18,4,,1,55,,1154298,18,,,1,17,,1154332,18,4,,1,15,,1154341,18,,,1,16,,1154318,18,4,,1,54,,1154323,18,,,1,17,,1154350,18,4,,1,15,,1154305,18,,,1,15,,1154348,18,4,,1,56,,1154347,18,,,1,14,,1154335,18,4,,1,16,,1154320,18,,,1,14,,1154308,18,4,,1,54,,1154306,18,,,1,14,,1154346,18,,,1,15,,1154322,18,,,1,12,,1154336,18,,,1,56,,1154302,18,,,1,26,,1154311,18,,,1,69,,1154333,18,,,1,30,,1154330,18,,,1,29,,1154325,18,,,1,70,,1154309,18,,,1,28,,1154317,18,,,1,70,,1154313,18,,,1,75,,1154334,19,,,1,30,,1154315,19,,,1,70,,1154324,19,,,1,30,,1154342,19,4,,1,70,,1154295,19,4,,1,30,,1154304,19,4,,1,70,,1154314,19,4,,1,29,,1154319,33,4,,1,70,,1154338,33,4,,1,30,,1154326,33,4,,1
6101,'16',502,,1154368,37,4,,1,31,,1154359,37,4,,1,74,,1089540,23,,,1,31,,1154353,23,,,1,64,,1154396,22,,,1,26,,1154389,18,,,1,72,,1154356,18,,,1,30,,1154357,18,,,1,70,,1154395,18,,,1,32,,1036392,18,,,1,27,,1154355,18,,,1,71,,1154362,18,,,1,29,,1154394,18,,,1,70,,1154367,18,,,1,71,,1154398,18,,,1,30,,1154375,18,,,1,71,,1080096,18,,,1,30,,1154397,18,,,1,71,,1093434,18,,,1,18,,1154371,18,4,,1,13,,1154351,18,,,1,17,,1154380,18,4,,1,55,,1154378,18,,,1,17,,1101797,18,4,,1,15,,1154382,18,,,1,16,,1045193,18,4,,1,54,,1154370,18,,,1,17,,1154390,18,4,,1,15,,1154381,18,,,1,15,,1154376,18,4,,1,56,,1154384,18,,,1,14,,1154377,18,4,,1,16,,950535,18,,,1,14,,1154358,18,4,,1,54,,1154361,18,,,1,14,,1154386,18,,,1,15,,1154374,18,,,1,12,,1154383,18,,,1,56,,1154366,18,,,1,26,,1154373,18,,,1,69,,1083260,18,,,1,30,,1154369,18,,,1,29,,1154388,18,,,1,70,,1154372,18,,,1,28,,1154387,18,,,1,70,,1154363,18,,,1,75,,1154393,19,,,1,30,,1154379,19,,,1,70,,1154392,19,,,1,30,,1154391,19,4,,1,70,,1154360,19,4,,1,30,,1154365,19,4,,1,70,,1154364,19,4,,1,29,,1154354,33,4,,1,70,,1154352,33,4,,1,30,,1154385,33,4,,1
6101,'17',616,,1154431,33,,,1,30,,1154402,33,4,,1,70,,1154423,33,,,1,30,,1154416,33,4,,1,70,,1154425,33,,,1,30,,1154438,33,4,,1,71,,1154420,19,,,1,31,,1154439,19,,,1,70,,1154411,19,,,1,29,,1154413,19,,,1,70,,1154403,19,,,1,30,,1154434,19,,,1,70,,1154412,19,,,1,30,,1154405,19,,,1,70,,1154421,19,,,1,30,,1154407,19,,,1,70,,1154433,19,,,1,30,,1154435,19,,,1,70,,1154401,19,,,1,30,,1154422,19,,,1,70,,1154414,19,,,1,30,,1154424,19,,,1,70,,1154432,19,,,1,30,,1154404,19,,,1,70,,1154410,19,,,1,30,,1154426,19,,,1,70,,1154436,19,,,1,30,,1154440,19,,,1,70,,1154437,19,4,,1,29,,1154419,19,,,1,70,,1154409,19,4,,1,30,,1154417,19,,,1,70,,1154428,19,,,1,30,,1154408,19,4,,1,70,,1154430,19,,,1,30,,1154429,19,4,,1,70,,1154400,19,4,,1,30,,1154427,33,4,,1,70,,1154399,33,4,,1,30,,1154406,33,4,,1,70,,1154415,33,4,,1,26,,1154418,33,4,,1,70,,1154441,33,4,,1
6101,'2',603,,1154464,33,4,,1,30,,1154461,33,,,1,70,,1154476,33,,,1,30,,1154474,19,,,1,70,,1154448,19,,,1,29,,1154460,19,,,1,71,,1154471,19,,,1,30,,1101275,19,,,1,70,,1154465,19,,,1,29,,1095785,19,,,1,70,,1154454,19,,,1,30,,1154455,19,,,1,70,,1154473,19,,,1,30,,1154453,19,,,1,70,,1154444,19,,,1,30,,1154472,19,,,1,70,,1154443,19,,,1,30,,1154475,19,,,1,70,,1154452,19,,,1,30,,995769,19,,,1,70,,1154445,19,,,1,30,,1154470,19,,,1,70,,1154459,19,,,1,30,,1154451,19,,,1,70,,1154477,19,,,1,30,,1154468,19,4,,1,70,,1154480,19,,,1,30,,1154469,19,4,,1,70,,1154446,19,,,1,30,,1154449,19,,,1,69,,1154442,19,,,1,30,,1154478,19,,,1,70,,1154463,19,,,1,30,,1090369,19,,,1,70,,1154467,19,,,1,30,,1154462,19,,,1,70,,1154447,19,,,1,30,,1154450,19,4,,1,70,,1154466,19,4,,1,30,,1154457,19,4,,1,70,,1154479,19,4,,1,41,,1154458,19,4,,1,70,,999019,19,4,,1,30,,1154456,33,4,,1
6101,'3',616,,1154513,33,,,1,30,,1154484,33,4,,1,70,,1154505,33,,,1,30,,1154498,33,4,,1,70,,1154507,33,,,1,30,,1154520,33,4,,1,71,,1154502,19,,,1,31,,1154521,19,,,1,70,,1154493,19,,,1,29,,1154495,19,,,1,70,,1154485,19,,,1,30,,1154516,19,,,1,70,,1154494,19,,,1,30,,1154487,19,,,1,70,,1154503,19,,,1,30,,1154489,19,,,1,70,,1154515,19,,,1,30,,1154517,19,,,1,70,,1154483,19,,,1,30,,1154504,19,,,1,70,,1154496,19,,,1,30,,1154506,19,,,1,70,,1154514,19,,,1,30,,1154486,19,,,1,70,,1154492,19,,,1,30,,1154508,19,,,1,70,,1154518,19,,,1,30,,1154522,19,,,1,70,,1154519,19,4,,1,29,,1154501,19,,,1,70,,1154491,19,4,,1,30,,1154499,19,,,1,70,,1154510,19,,,1,30,,1154490,19,4,,1,70,,1154512,19,,,1,30,,1154511,19,4,,1,70,,1154482,19,4,,1,30,,1154509,33,4,,1,70,,1154481,33,4,,1,30,,1154488,33,4,,1,70,,1154497,33,4,,1,26,,1154500,33,4,,1,70,,1154523,33,4,,1
6101,'4',616,,1154531,33,,,1,30,,983037,33,4,,1,70,,1154544,33,,,1,30,,1154530,33,4,,1,70,,1154560,33,,,1,30,,1154548,33,4,,1,71,,1154562,19,,,1,31,,1154558,19,,,1,70,,1154540,19,,,1,29,,1074233,19,,,1,70,,1154556,19,,,1,30,,1154549,19,,,1,70,,1021707,19,,,1,30,,1154525,19,,,1,70,,1154537,19,,,1,30,,1154534,19,,,1,70,,1154542,19,,,1,30,,1154552,19,,,1,70,,1154535,19,,,1,30,,1154550,19,,,1,70,,1154538,19,,,1,30,,1154528,19,,,1,70,,1154532,19,,,1,30,,1154526,19,,,1,70,,1154547,19,,,1,30,,1154554,19,,,1,70,,1154527,19,,,1,30,,1154551,19,,,1,70,,1154557,19,4,,1,29,,1154553,19,,,1,70,,1154539,19,4,,1,30,,1154524,19,,,1,70,,1154543,19,,,1,30,,1154541,19,4,,1,70,,1154536,19,,,1,30,,1154545,19,4,,1,70,,1154559,19,4,,1,30,,1154533,33,4,,1,70,,1154546,33,4,,1,30,,1154561,33,4,,1,70,,1154555,33,4,,1,26,,1154529,33,4,,1,70,,1154563,33,4,,1
6101,'5',502,,1092831,37,4,,1,31,,1154574,37,4,,1,74,,1154586,23,,,1,31,,1154589,23,,,1,64,,1154565,22,,,1,26,,1154611,18,,,1,72,,1154598,18,,,1,30,,935904,18,,,1,70,,1154570,18,,,1,32,,1154569,18,,,1,27,,1154593,18,,,1,71,,1065773,18,,,1,29,,1154584,18,,,1,70,,1154609,18,,,1,71,,1006223,18,,,1,30,,1083558,18,,,1,71,,1154568,18,,,1,30,,1154600,18,,,1,71,,1154594,18,,,1,18,,1154577,18,4,,1,13,,972973,18,,,1,17,,1154573,18,4,,1,55,,1154567,18,,,1,17,,1154582,18,4,,1,15,,1154578,18,,,1,16,,1154571,18,4,,1,54,,1154579,18,,,1,17,,1154610,18,4,,1,15,,1154597,18,,,1,15,,1154572,18,4,,1,56,,1154591,18,,,1,14,,1154583,18,4,,1,16,,1154599,18,,,1,14,,1154607,18,4,,1,54,,1154575,18,,,1,14,,1154576,18,,,1,15,,1154592,18,,,1,12,,1088080,18,,,1,56,,1154595,18,,,1,26,,1154588,18,,,1,69,,1154581,18,,,1,30,,1154580,18,,,1,29,,1154608,18,,,1,70,,1154590,18,,,1,28,,1154605,18,,,1,70,,1154603,18,,,1,75,,1154602,19,,,1,30,,1154604,19,,,1,70,,1154606,19,,,1,30,,1154601,19,4,,1,70,,1154564,19,4,,1,30,,1076271,19,4,,1,70,,1154587,19,4,,1,29,,1154585,33,4,,1,70,,1154596,33,4,,1,30,,1154566,33,4,,1
6101,'6',502,,1154623,37,4,,1,31,,1027029,37,4,,1,74,,1154612,23,,,1,31,,1154616,23,,,1,64,,1154650,22,,,1,26,,1154645,18,,,1,72,,1067058,18,,,1,30,,1071039,18,,,1,70,,1068504,18,,,1,32,,1154615,18,,,1,27,,1007830,18,,,1,71,,1154617,18,,,1,29,,1011885,18,,,1,70,,1154622,18,,,1,71,,1154652,18,,,1,30,,1154630,18,,,1,71,,1154649,18,,,1,30,,1154651,18,,,1,71,,1154613,18,,,1,18,,1154626,18,4,,1,13,,1154614,18,,,1,17,,1154635,18,4,,1,55,,1154633,18,,,1,17,,1154648,18,4,,1,15,,1154637,18,,,1,16,,1154646,18,4,,1,54,,1154625,18,,,1,17,,908400,18,4,,1,15,,1154636,18,,,1,15,,1154631,18,4,,1,56,,1154639,18,,,1,14,,1154632,18,4,,1,16,,1154640,18,,,1,14,,1082825,18,4,,1,54,,1059057,18,,,1,14,,1154642,18,,,1,15,,1154629,18,,,1,12,,1154638,18,,,1,56,,1154621,18,,,1,26,,1154628,18,,,1,69,,1154647,18,,,1,30,,1154624,18,,,1,29,,1154644,18,,,1,70,,1154627,18,,,1,28,,1154643,18,,,1,70,,1154618,18,,,1,75,,941523,19,,,1,30,,1154634,19,,,1,70,,1062733,19,,,1,30,,1033215,19,4,,1,70,,1086772,19,4,,1,30,,1154620,19,4,,1,70,,1154619,19,4,,1,29,,1078824,33,4,,1,70,,1063244,33,4,,1,30,,1154641,33,4,,1
6101,'7',603,,1154674,33,4,,1,30,,1154660,33,,,1,70,,1154682,33,,,1,30,,1154670,19,,,1,70,,1154675,19,,,1,29,,1154679,19,,,1,71,,1154692,19,,,1,30,,1154667,19,,,1,70,,1154690,19,,,1,29,,1154696,19,,,1,70,,1154680,19,,,1,30,,1154665,19,,,1,70,,1154687,19,,,1,30,,1154657,19,,,1,70,,1154684,19,,,1,30,,1154681,19,,,1,70,,1154663,19,,,1,30,,1154659,19,,,1,70,,1154694,19,,,1,30,,1154685,19,,,1,70,,1154654,19,,,1,30,,1154671,19,,,1,70,,1154693,19,,,1,30,,1154678,19,,,1,70,,1154658,19,,,1,30,,1154691,19,4,,1,70,,1154664,19,,,1,30,,1154656,19,4,,1,70,,1154688,19,,,1,30,,1154672,19,,,1,69,,1154689,19,,,1,30,,1154662,19,,,1,70,,1154668,19,,,1,30,,1154669,19,,,1,70,,1154695,19,,,1,30,,1154673,19,,,1,70,,1154653,19,,,1,30,,1154683,19,4,,1,70,,1154676,19,4,,1,30,,1154686,19,4,,1,70,,1154661,19,4,,1,41,,1154666,19,4,,1,70,,1154655,19,4,,1,30,,1154677,33,4,,1
6101,'8',502,,1154717,37,4,,1,31,,1154708,37,4,,1,74,,1154697,23,,,1,31,,1154702,23,,,1,64,,1154750,22,,,1,26,,1154739,18,,,1,72,,1154705,18,,,1,30,,1154706,18,,,1,70,,1154748,18,,,1,32,,1154701,18,,,1,27,,1154704,18,,,1,71,,1154711,18,,,1,29,,1154747,18,,,1,70,,1154716,18,,,1,71,,1154752,18,,,1,30,,1154724,18,,,1,71,,1154749,18,,,1,30,,1154751,18,,,1,71,,1154698,18,,,1,18,,1154720,18,4,,1,13,,1154699,18,,,1,17,,1154729,18,4,,1,55,,1154727,18,,,1,17,,1154744,18,4,,1,15,,1154731,18,,,1,16,,1154742,18,4,,1,54,,1154719,18,,,1,17,,1154740,18,4,,1,15,,1154730,18,,,1,15,,1154725,18,4,,1,56,,1154733,18,,,1,14,,1154726,18,4,,1,16,,1154734,18,,,1,14,,1154707,18,4,,1,54,,1154710,18,,,1,14,,1154736,18,,,1,15,,1154723,18,,,1,12,,1154732,18,,,1,56,,1154715,18,,,1,26,,1154722,18,,,1,69,,1154743,18,,,1,30,,1154718,18,,,1,29,,1154738,18,,,1,70,,1154721,18,,,1,28,,1154737,18,,,1,70,,1154712,18,,,1,75,,1154746,19,,,1,30,,1154728,19,,,1,70,,1154745,19,,,1,30,,1154741,19,4,,1,70,,1154709,19,4,,1,30,,1154714,19,4,,1,70,,1154713,19,4,,1,29,,1154703,33,4,,1,70,,1154700,33,4,,1,30,,1154735,33,4,,1
6101,'9',502,,1092678,37,4,,1,31,,1154763,37,4,,1,74,,1154775,23,,,1,31,,1154778,23,,,1,64,,1154754,22,,,1,26,,1154800,18,,,1,72,,1154787,18,,,1,30,,935851,18,,,1,70,,1154759,18,,,1,32,,1154758,18,,,1,27,,1154782,18,,,1,71,,1065666,18,,,1,29,,1154773,18,,,1,70,,1154798,18,,,1,71,,1006420,18,,,1,30,,1083429,18,,,1,71,,1154757,18,,,1,30,,1154789,18,,,1,71,,1154783,18,,,1,18,,1154766,18,4,,1,13,,972905,18,,,1,17,,1154762,18,4,,1,55,,1154756,18,,,1,17,,1154771,18,4,,1,15,,1154767,18,,,1,16,,1154760,18,4,,1,54,,1154768,18,,,1,17,,1154799,18,4,,1,15,,1154786,18,,,1,15,,1154761,18,4,,1,56,,1154780,18,,,1,14,,1154772,18,4,,1,16,,1154788,18,,,1,14,,1154796,18,4,,1,54,,1154764,18,,,1,14,,1154765,18,,,1,15,,1154781,18,,,1,12,,1087863,18,,,1,56,,1154784,18,,,1,26,,1154777,18,,,1,69,,1154770,18,,,1,30,,1154769,18,,,1,29,,1154797,18,,,1,70,,1154779,18,,,1,28,,1154794,18,,,1,70,,1154792,18,,,1,75,,1154791,19,,,1,30,,1154793,19,,,1,70,,1154795,19,,,1,30,,1154790,19,4,,1,70,,1154753,19,4,,1,30,,1076160,19,4,,1,70,,1154776,19,4,,1,29,,1154774,33,4,,1,70,,1154785,33,4,,1,30,,1154755,33,4,,1
6200,'1',659,,1154806,25,,,1,72,,1154830,25,,,1,70,,1154831,25,,,1,30,,1154823,25,,,1,69,,1154824,25,,,1,30,,1154815,25,,,1,27,,1154818,25,,,1,70,,1154809,25,,,1,31,,942785,25,,,1,70,,1154807,25,,,1,30,,1154802,25,,,1,65,,1154810,24,,,1,35,,1154819,24,,,1,70,,1154812,24,,,1,30,,1154826,24,,,1,71,,1154820,24,,,1,30,,1154803,24,,,1,72,,1154816,24,,,1,70,,1154801,24,,,1,33,,1154821,24,,,1,72,,1154808,24,,,1,30,,1154811,24,,,1,68,,1067388,24,,,1,30,,1154817,24,,,1,23,,1154804,24,,,1,70,,1081684,24,,,1,30,,1154827,24,,,1,72,,1154814,25,,,1,30,,1064689,25,,,1,70,,1154813,25,,,1,23,,1094132,25,,,1,70,,1154828,25,,,1,30,,1154822,25,,,1,68,,1154805,25,,,1,31,,1154825,25,,,1,68,,1154829,25,,,1
6200,'10',659,,1154837,25,,,1,72,,1154861,25,,,1,70,,1154862,25,,,1,30,,1154854,25,,,1,69,,1154855,25,,,1,30,,1154846,25,,,1,27,,1154849,25,,,1,70,,1154840,25,,,1,31,,942422,25,,,1,70,,1154838,25,,,1,30,,1154833,25,,,1,65,,1154841,24,,,1,35,,1154850,24,,,1,70,,1154843,24,,,1,30,,1154857,24,,,1,71,,1154851,24,,,1,30,,1154834,24,,,1,72,,1154847,24,,,1,70,,1154832,24,,,1,33,,1154852,24,,,1,72,,1154839,24,,,1,30,,1154842,24,,,1,68,,1067096,24,,,1,30,,1154848,24,,,1,23,,1154835,24,,,1,70,,1081492,24,,,1,30,,1154858,24,,,1,72,,1154845,25,,,1,30,,1064540,25,,,1,70,,1154844,25,,,1,23,,1093912,25,,,1,70,,1154859,25,,,1,30,,1154853,25,,,1,68,,1154836,25,,,1,31,,1154856,25,,,1,68,,1154860,25,,,1
6200,'11',659,,1154868,25,,,1,72,,1154892,25,,,1,70,,1154893,25,,,1,30,,1154885,25,,,1,69,,1154886,25,,,1,30,,1154877,25,,,1,27,,1154880,25,,,1,70,,1154871,25,,,1,31,,942729,25,,,1,70,,1154869,25,,,1,30,,1154864,25,,,1,65,,1154872,24,,,1,35,,1154881,24,,,1,70,,1154874,24,,,1,30,,1154888,24,,,1,71,,1154882,24,,,1,30,,1154865,24,,,1,72,,1154878,24,,,1,70,,1154863,24,,,1,33,,1154883,24,,,1,72,,1154870,24,,,1,30,,1154873,24,,,1,68,,1067470,24,,,1,30,,1154879,24,,,1,23,,1154866,24,,,1,70,,1081741,24,,,1,30,,1154889,24,,,1,72,,1154876,25,,,1,30,,1064736,25,,,1,70,,1154875,25,,,1,23,,1094195,25,,,1,70,,1154890,25,,,1,30,,1154884,25,,,1,68,,1154867,25,,,1,31,,1154887,25,,,1,68,,1154891,25,,,1
6200,'12',659,,1154920,25,,,1,72,,1154895,25,,,1,70,,1063545,25,,,1,30,,1154924,25,,,1,69,,1154910,25,,,1,30,,1154917,25,,,1,27,,1154898,25,,,1,70,,1154916,25,,,1,31,,1154909,25,,,1,70,,1154900,25,,,1,30,,1154899,25,,,1,65,,1154896,24,,,1,35,,950031,24,,,1,70,,1154919,24,,,1,30,,1154923,24,,,1,71,,1154905,24,,,1,30,,1154902,24,,,1,72,,1154915,24,,,1,70,,1154911,24,,,1,33,,1024617,24,,,1,72,,1154894,24,,,1,30,,1154908,24,,,1,68,,1154921,24,,,1,30,,1154914,24,,,1,23,,1062042,24,,,1,70,,1154906,24,,,1,30,,1154904,24,,,1,72,,1154918,25,,,1,30,,1154901,25,,,1,70,,1154903,25,,,1,23,,1154925,25,,,1,70,,1154913,25,,,1,30,,1154912,25,,,1,68,,1154922,25,,,1,31,,1154897,25,,,1,68,,1154907,25,,,1
6200,'13',729,,1154945,28,,,1,30,,1089104,28,,,1,72,,1154949,28,,,1,70,,1154955,28,,,1,30,,1154931,28,,,1,70,,1154943,28,,,1,30,,1154953,28,,,1,70,,1154937,28,,,1,30,,1154939,28,,,1,70,,1154948,28,,,1,30,,1154930,28,,,1,70,,1154934,28,,,1,30,,1154933,28,,,1,70,,1077218,28,,,1,30,,1154942,28,,,1,70,,1154927,28,,,1,30,,1154941,28,,,1,70,,1154950,28,,,1,30,,1154928,28,,,1,70,,1154936,28,,,1,30,,1154940,28,,,1,70,,1154932,28,,,1,30,,1154944,28,,,1,70,,1154947,28,,,1,30,,1154946,28,,,1,70,,1154951,28,,,1,30,,1154929,28,,,1,70,,1154938,28,,,1,28,,1154954,28,,,1,30,,1154926,28,,,1,70,,1154935,28,,,1,30,,1154952,28,,,1
6200,'14',659,,1154963,25,,,1,72,,1154989,25,,,1,70,,1154991,25,,,1,30,,1154982,25,,,1,69,,1154983,25,,,1,30,,1154973,25,,,1,27,,1154976,25,,,1,70,,1154966,25,,,1,31,,1154979,25,,,1,70,,1154964,25,,,1,30,,1154959,25,,,1,65,,1154967,24,,,1,35,,1154977,24,,,1,70,,1154969,24,,,1,30,,1154985,24,,,1,71,,1154978,24,,,1,30,,1154960,24,,,1,72,,1154974,24,,,1,70,,1154956,24,,,1,33,,1154980,24,,,1,72,,1154965,24,,,1,30,,1154968,24,,,1,68,,1154958,24,,,1,30,,1154975,24,,,1,23,,1154961,24,,,1,70,,1154990,24,,,1,30,,1154986,24,,,1,72,,1154971,25,,,1,30,,1154972,25,,,1,70,,1154970,25,,,1,23,,1154957,25,,,1,70,,1154987,25,,,1,30,,1154981,25,,,1,68,,1154962,25,,,1,31,,1154984,25,,,1,68,,1154988,25,,,1
6200,'15',659,,1155015,25,,,1,72,,1155001,25,,,1,70,,1155014,25,,,1,30,,1155006,25,,,1,69,,1155007,25,,,1,30,,1155026,25,,,1,27,,1154997,25,,,1,70,,1155021,25,,,1,31,,1154999,25,,,1,70,,1155009,25,,,1,30,,1155008,25,,,1,65,,1154994,24,,,1,35,,1155024,24,,,1,70,,1155017,24,,,1,30,,1155027,24,,,1,71,,1154996,24,,,1,30,,1154992,24,,,1,72,,1155025,24,,,1,70,,1155016,24,,,1,33,,1155005,24,,,1,72,,1154995,24,,,1,30,,1155012,24,,,1,68,,1155023,24,,,1,30,,1155022,24,,,1,23,,1154993,24,,,1,70,,1155019,24,,,1,30,,1155003,24,,,1,72,,1155002,25,,,1,30,,1154998,25,,,1,70,,1155018,25,,,1,23,,1155000,25,,,1,70,,1155010,25,,,1,30,,1155011,25,,,1,68,,1155013,25,,,1,31,,1155020,25,,,1,68,,1155004,25,,,1
6200,'16',659,,1155055,25,,,1,72,,1155029,25,,,1,70,,1155058,25,,,1,30,,1155059,25,,,1,69,,1155045,25,,,1,30,,1155052,25,,,1,27,,1155034,25,,,1,70,,1155051,25,,,1,31,,1155044,25,,,1,70,,1155036,25,,,1,30,,1155035,25,,,1,65,,1155032,24,,,1,35,,1155060,24,,,1,70,,1155054,24,,,1,30,,1070984,24,,,1,71,,1155041,24,,,1,30,,1155038,24,,,1,72,,1155050,24,,,1,70,,1155046,24,,,1,33,,1155031,24,,,1,72,,1155028,24,,,1,30,,1155043,24,,,1,68,,1155056,24,,,1,30,,1155049,24,,,1,23,,1155030,24,,,1,70,,1062168,24,,,1,30,,1155040,24,,,1,72,,1155053,25,,,1,30,,1155037,25,,,1,70,,1155039,25,,,1,23,,1077993,25,,,1,70,,1155048,25,,,1,30,,1155047,25,,,1,68,,1155057,25,,,1,31,,1155033,25,,,1,68,,1155042,25,,,1
6200,'17',729,,1155082,28,,,1,30,,1155069,28,,,1,72,,1155086,28,,,1,70,,1155092,28,,,1,30,,1155067,28,,,1,70,,1155080,28,,,1,30,,1155090,28,,,1,70,,1155074,28,,,1,30,,1155076,28,,,1,70,,1155085,28,,,1,30,,1155065,28,,,1,70,,1155071,28,,,1,30,,1155070,28,,,1,70,,1155066,28,,,1,30,,1155079,28,,,1,70,,1155062,28,,,1,30,,1155078,28,,,1,70,,1155087,28,,,1,30,,1155063,28,,,1,70,,1155073,28,,,1,30,,1155077,28,,,1,70,,1155068,28,,,1,30,,1155081,28,,,1,70,,1155084,28,,,1,30,,1155083,28,,,1,70,,1155088,28,,,1,30,,1155064,28,,,1,70,,1155075,28,,,1,28,,1155091,28,,,1,30,,1155061,28,,,1,70,,1155072,28,,,1,30,,1155089,28,,,1
6200,'2',634,,1155094,28,,,1,76,,1155120,28,,,1,30,,1155119,28,,,1,70,,1155114,28,,,1,30,,1155096,28,,,1,70,,1155108,28,,,1,31,,1155095,28,,,1,70,,1155099,28,,,1,31,,1155097,28,,,1,70,,1155107,28,,,1,30,,1155105,28,,,1,70,,1155115,28,,,1,31,,1087065,28,,,1,70,,1155109,28,,,1,30,,1097267,28,,,1,70,,1155098,28,,,1,30,,1155104,28,,,1,70,,1155118,28,,,1,30,,1072230,28,,,1,70,,1155106,28,,,1,29,,1155093,28,,,1,70,,1155101,28,,,1,30,,1155100,28,,,1,70,,1155116,28,,,1,29,,1155121,28,,,1,70,,1155103,28,,,1,30,,1155113,28,,,1,70,,1155112,28,,,1,30,,1155122,28,,,1,70,,1155111,28,,,1,28,,1155110,28,,,1,70,,1155117,28,,,1,30,,1155102,28,,,1
6200,'3',729,,1155144,28,,,1,30,,1155131,28,,,1,72,,1155148,28,,,1,70,,1155154,28,,,1,30,,1155129,28,,,1,70,,1155142,28,,,1,30,,1155152,28,,,1,70,,1155136,28,,,1,30,,1155138,28,,,1,70,,1155147,28,,,1,30,,1155127,28,,,1,70,,1155133,28,,,1,30,,1155132,28,,,1,70,,1155128,28,,,1,30,,1155141,28,,,1,70,,1155124,28,,,1,30,,1155140,28,,,1,70,,1155149,28,,,1,30,,1155125,28,,,1,70,,1155135,28,,,1,30,,1155139,28,,,1,70,,1155130,28,,,1,30,,1155143,28,,,1,70,,1155146,28,,,1,30,,1155145,28,,,1,70,,1155150,28,,,1,30,,1155126,28,,,1,70,,1155137,28,,,1,28,,1155153,28,,,1,30,,1155123,28,,,1,70,,1155134,28,,,1,30,,1155151,28,,,1
6200,'4',729,,1155179,28,,,1,30,,1155171,28,,,1,72,,1155158,28,,,1,70,,1155159,28,,,1,30,,1155165,28,,,1,70,,1155178,28,,,1,30,,1155167,28,,,1,70,,1155169,28,,,1,30,,1155161,28,,,1,70,,1155174,28,,,1,30,,1155164,28,,,1,70,,1155175,28,,,1,30,,1155168,28,,,1,70,,1155155,28,,,1,30,,1155176,28,,,1,70,,1155162,28,,,1,30,,1155181,28,,,1,70,,1155166,28,,,1,30,,1155183,28,,,1,70,,1155157,28,,,1,30,,1155156,28,,,1,70,,1155177,28,,,1,30,,1155160,28,,,1,70,,1048354,28,,,1,30,,1155185,28,,,1,70,,1155170,28,,,1,30,,1155173,28,,,1,70,,1155163,28,,,1,28,,1155172,28,,,1,30,,1155182,28,,,1,70,,1155180,28,,,1,30,,1155184,28,,,1
6200,'5',659,,1155191,25,,,1,72,,1155215,25,,,1,70,,1155216,25,,,1,30,,1155208,25,,,1,69,,1155209,25,,,1,30,,1155200,25,,,1,27,,1155203,25,,,1,70,,1155194,25,,,1,31,,942957,25,,,1,70,,1155192,25,,,1,30,,1155187,25,,,1,65,,1155195,24,,,1,35,,1155204,24,,,1,70,,1155197,24,,,1,30,,1155211,24,,,1,71,,1155205,24,,,1,30,,1155188,24,,,1,72,,1155201,24,,,1,70,,1155186,24,,,1,33,,1155206,24,,,1,72,,1155193,24,,,1,30,,1155196,24,,,1,68,,1067347,24,,,1,30,,1155202,24,,,1,23,,1155189,24,,,1,70,,1081651,24,,,1,30,,1155212,24,,,1,72,,1155199,25,,,1,30,,1064668,25,,,1,70,,1155198,25,,,1,23,,1094093,25,,,1,70,,1155213,25,,,1,30,,1155207,25,,,1,68,,1155190,25,,,1,31,,1155210,25,,,1,68,,1155214,25,,,1
6200,'6',659,,1155241,25,,,1,72,,1068473,25,,,1,70,,1155244,25,,,1,30,,1072693,25,,,1,69,,1155231,25,,,1,30,,1155238,25,,,1,27,,1155220,25,,,1,70,,1155237,25,,,1,31,,1155230,25,,,1,70,,1155222,25,,,1,30,,1155221,25,,,1,65,,961127,24,,,1,35,,1155247,24,,,1,70,,1155240,24,,,1,30,,1155245,24,,,1,71,,1155227,24,,,1,30,,1155224,24,,,1,72,,1155236,24,,,1,70,,1155232,24,,,1,33,,1155218,24,,,1,72,,1076386,24,,,1,30,,1155229,24,,,1,68,,1155242,24,,,1,30,,1155235,24,,,1,23,,1155217,24,,,1,70,,1155228,24,,,1,30,,1155226,24,,,1,72,,1155239,25,,,1,30,,1155223,25,,,1,70,,1155225,25,,,1,23,,1155246,25,,,1,70,,1155234,25,,,1,30,,1155233,25,,,1,68,,1155243,25,,,1,31,,1155219,25,,,1,68,,1101239,25,,,1
6200,'7',634,,1155254,28,,,1,76,,1155265,28,,,1,30,,1155264,28,,,1,70,,1155266,28,,,1,30,,1155248,28,,,1,70,,1155258,28,,,1,31,,1155257,28,,,1,70,,1155267,28,,,1,31,,1155252,28,,,1,70,,1155274,28,,,1,30,,1155270,28,,,1,70,,1155256,28,,,1,31,,1155272,28,,,1,70,,1155277,28,,,1,30,,1155262,28,,,1,70,,1155279,28,,,1,30,,1155259,28,,,1,70,,1155249,28,,,1,30,,1155250,28,,,1,70,,1155268,28,,,1,29,,1155280,28,,,1,70,,1155255,28,,,1,30,,1155273,28,,,1,70,,1155251,28,,,1,29,,1155278,28,,,1,70,,1155263,28,,,1,30,,1155276,28,,,1,70,,1155261,28,,,1,30,,1155275,28,,,1,70,,1155260,28,,,1,28,,1155269,28,,,1,70,,1155271,28,,,1,30,,1155253,28,,,1
6200,'8',659,,1155309,25,,,1,72,,1155282,25,,,1,70,,1155312,25,,,1,30,,1155314,25,,,1,69,,1155299,25,,,1,30,,1155306,25,,,1,27,,1155287,25,,,1,70,,1155305,25,,,1,31,,1155298,25,,,1,70,,1155289,25,,,1,30,,1155288,25,,,1,65,,1155285,24,,,1,35,,1155316,24,,,1,70,,1155308,24,,,1,30,,1155313,24,,,1,71,,1155294,24,,,1,30,,1155291,24,,,1,72,,1155304,24,,,1,70,,1155300,24,,,1,33,,1155284,24,,,1,72,,1155281,24,,,1,30,,1155297,24,,,1,68,,1155310,24,,,1,30,,1155303,24,,,1,23,,1155283,24,,,1,70,,1155295,24,,,1,30,,1155293,24,,,1,72,,1155307,25,,,1,30,,1155290,25,,,1,70,,1155292,25,,,1,23,,1155315,25,,,1,70,,1155302,25,,,1,30,,1155301,25,,,1,68,,1155311,25,,,1,31,,1155286,25,,,1,68,,1155296,25,,,1
6200,'9',659,,1155322,25,,,1,72,,1155346,25,,,1,70,,1155347,25,,,1,30,,1155339,25,,,1,69,,1155340,25,,,1,30,,1155331,25,,,1,27,,1155334,25,,,1,70,,1155325,25,,,1,31,,942901,25,,,1,70,,1155323,25,,,1,30,,1155318,25,,,1,65,,1155326,24,,,1,35,,1155335,24,,,1,70,,1155328,24,,,1,30,,1155342,24,,,1,71,,1155336,24,,,1,30,,1155319,24,,,1,72,,1155332,24,,,1,70,,1155317,24,,,1,33,,1155337,24,,,1,72,,1155324,24,,,1,30,,1155327,24,,,1,68,,1067188,24,,,1,30,,1155333,24,,,1,23,,1155320,24,,,1,70,,1081549,24,,,1,30,,1155343,24,,,1,72,,1155330,25,,,1,30,,1064587,25,,,1,70,,1155329,25,,,1,23,,1093982,25,,,1,70,,1155344,25,,,1,30,,1155338,25,,,1,68,,1155321,25,,,1,31,,1155341,25,,,1,68,,1155345,25,,,1
6201,'1',607,,1155363,23,,,1,28,,1155371,23,,,1,66,,1155364,22,,,1,30,,938243,22,,,1,70,,1155358,22,,,1,33,,1155350,22,,,1,68,,1155356,22,,,1,30,,1155359,22,,,1,70,,1155366,22,,,1,30,,1155353,22,,,1,70,,1155373,22,,,1,30,,1155377,22,,,1,25,,1155375,22,,,1,70,,1155374,22,,,1,30,,1074978,22,,,1,71,,1155379,22,,,1,30,,1155368,22,,,1,70,,1155376,22,,,1,30,,1155378,22,,,1,70,,1155365,22,,,1,31,,1155370,22,,,1,70,,1155352,22,,,1,29,,1064916,22,,,1,70,,944323,22,,,1,28,,1090886,22,,,1,70,,1155372,22,,,1,30,,1155369,22,,,1,70,,1155349,22,,,1,32,,1155348,22,,,1,70,,1155361,22,,,1,30,,1155351,22,,,1,70,,1155357,22,,,1,30,,962785,22,,,1,69,,1155355,22,,,1,76,,1155354,23,,,1,30,,1155367,23,,,1,70,,1155362,23,,,1,35,,1155360,23,,,1
6201,'10',607,,1155395,23,,,1,28,,1155403,23,,,1,66,,1155396,22,,,1,30,,937875,22,,,1,70,,1155390,22,,,1,33,,1155382,22,,,1,68,,1155388,22,,,1,30,,1155391,22,,,1,70,,1155398,22,,,1,30,,1155385,22,,,1,70,,1155405,22,,,1,30,,1155409,22,,,1,25,,1155407,22,,,1,70,,1155406,22,,,1,30,,1074606,22,,,1,71,,1155411,22,,,1,30,,1155400,22,,,1,70,,1155408,22,,,1,30,,1155410,22,,,1,70,,1155397,22,,,1,31,,1155402,22,,,1,70,,1155384,22,,,1,29,,1064781,22,,,1,70,,944058,22,,,1,28,,1090645,22,,,1,70,,1155404,22,,,1,30,,1155401,22,,,1,70,,1155381,22,,,1,32,,1155380,22,,,1,70,,1155393,22,,,1,30,,1155383,22,,,1,70,,1155389,22,,,1,30,,962549,22,,,1,69,,1155387,22,,,1,76,,1155386,23,,,1,30,,1155399,23,,,1,70,,1155394,23,,,1,35,,1155392,23,,,1
6201,'11',607,,1155427,23,,,1,28,,1155435,23,,,1,66,,1155428,22,,,1,30,,938197,22,,,1,70,,1155422,22,,,1,33,,1155414,22,,,1,68,,1155420,22,,,1,30,,1155423,22,,,1,70,,1155430,22,,,1,30,,1155417,22,,,1,70,,1155437,22,,,1,30,,1155441,22,,,1,25,,1155439,22,,,1,70,,1155438,22,,,1,30,,1075084,22,,,1,71,,1155443,22,,,1,30,,1155432,22,,,1,70,,1155440,22,,,1,30,,1155442,22,,,1,70,,1155429,22,,,1,31,,1155434,22,,,1,70,,1155416,22,,,1,29,,1064961,22,,,1,70,,944275,22,,,1,28,,1090957,22,,,1,70,,1155436,22,,,1,30,,1155433,22,,,1,70,,1155413,22,,,1,32,,1155412,22,,,1,70,,1155425,22,,,1,30,,1155415,22,,,1,70,,1155421,22,,,1,30,,962743,22,,,1,69,,1155419,22,,,1,76,,1155418,23,,,1,30,,1155431,23,,,1,70,,1155426,23,,,1,35,,1155424,23,,,1
6201,'12',607,,1155463,23,,,1,28,,1155458,23,,,1,66,,1155452,22,,,1,30,,1155456,22,,,1,70,,1155450,22,,,1,33,,1155448,22,,,1,68,,1155462,22,,,1,30,,1155465,22,,,1,70,,1155472,22,,,1,30,,1155445,22,,,1,70,,1155453,22,,,1,30,,1155469,22,,,1,25,,1155457,22,,,1,70,,1155471,22,,,1,30,,1155474,22,,,1,71,,1155473,22,,,1,30,,1084985,22,,,1,70,,1155444,22,,,1,30,,1155446,22,,,1,70,,1155447,22,,,1,31,,1155467,22,,,1,70,,1155459,22,,,1,29,,1155455,22,,,1,70,,1016321,22,,,1,28,,997690,22,,,1,70,,1155476,22,,,1,30,,1155475,22,,,1,70,,1155470,22,,,1,32,,1155466,22,,,1,70,,1155449,22,,,1,30,,1072315,22,,,1,70,,1155461,22,,,1,30,,1155460,22,,,1,69,,1155468,22,,,1,76,,1155454,23,,,1,30,,1155451,23,,,1,70,,1073800,23,,,1,35,,1155464,23,,,1
6201,'13',829,,1155480,23,,,1,71,,1155479,23,,,1,30,,1155494,23,,,1,70,,1155498,23,,,1,30,,1155504,23,,,1,71,,1083097,23,,,1,30,,1155500,23,,,1,70,,1155497,23,,,1,30,,1155492,23,,,1,70,,1155505,23,,,1,30,,1155489,23,,,1,70,,1155502,23,,,1,30,,1155484,23,,,1,70,,1155486,23,,,1,30,,1155485,23,,,1,70,,1155503,23,,,1,30,,1155488,23,,,1,70,,1155496,23,,,1,30,,1155501,23,,,1,70,,1155495,23,,,1,30,,1155490,23,,,1,70,,1155499,23,,,1,30,,1155493,23,,,1,70,,1155491,23,,,1,30,,1155487,23,,,1,28,,1155483,23,,,1,70,,1155481,23,,,1,30,,1155482,23,,,1,70,,1155477,23,,,1,30,,1155478,23,,,1
6201,'14',607,,1155522,23,,,1,28,,1155530,23,,,1,66,,1155523,22,,,1,30,,1155543,22,,,1,70,,1155517,22,,,1,33,,1155509,22,,,1,68,,1155515,22,,,1,30,,1155518,22,,,1,70,,1155525,22,,,1,30,,1155512,22,,,1,70,,1155532,22,,,1,30,,1155536,22,,,1,25,,1155534,22,,,1,70,,1155533,22,,,1,30,,1155506,22,,,1,71,,1155542,22,,,1,30,,1155527,22,,,1,70,,1155535,22,,,1,30,,1155540,22,,,1,70,,1155524,22,,,1,31,,1155529,22,,,1,70,,1155511,22,,,1,29,,1155539,22,,,1,70,,1155537,22,,,1,28,,1155541,22,,,1,70,,1155531,22,,,1,30,,1155528,22,,,1,70,,1155508,22,,,1,32,,1155507,22,,,1,70,,1155520,22,,,1,30,,1155510,22,,,1,70,,1155516,22,,,1,30,,1155538,22,,,1,69,,1155514,22,,,1,76,,1155513,23,,,1,30,,1155526,23,,,1,70,,1155521,23,,,1,35,,1155519,23,,,1
6201,'15',607,,1155554,23,,,1,28,,1155577,23,,,1,66,,1155560,22,,,1,30,,1155544,22,,,1,70,,1155561,22,,,1,33,,1155555,22,,,1,68,,1155567,22,,,1,30,,1155548,22,,,1,70,,1155565,22,,,1,30,,1155557,22,,,1,70,,1155574,22,,,1,30,,1155558,22,,,1,25,,1155552,22,,,1,70,,1155569,22,,,1,30,,1155559,22,,,1,71,,1155547,22,,,1,30,,1155553,22,,,1,70,,1155568,22,,,1,30,,1155550,22,,,1,70,,1155549,22,,,1,31,,1155579,22,,,1,70,,1155571,22,,,1,29,,1155578,22,,,1,70,,1155556,22,,,1,28,,1155580,22,,,1,70,,1155576,22,,,1,30,,1155546,22,,,1,70,,1155563,22,,,1,32,,1155575,22,,,1,70,,1155572,22,,,1,30,,1155566,22,,,1,70,,1155581,22,,,1,30,,1155564,22,,,1,69,,1155562,22,,,1,76,,1155545,23,,,1,30,,1155573,23,,,1,70,,1155570,23,,,1,35,,1155551,23,,,1
6201,'16',607,,1155601,23,,,1,28,,1155596,23,,,1,66,,1155590,22,,,1,30,,1155594,22,,,1,70,,1085626,22,,,1,33,,1155588,22,,,1,68,,1155600,22,,,1,30,,1070339,22,,,1,70,,1155608,22,,,1,30,,953204,22,,,1,70,,1155591,22,,,1,30,,1155605,22,,,1,25,,1155595,22,,,1,70,,1155607,22,,,1,30,,1155610,22,,,1,71,,1155609,22,,,1,30,,1155582,22,,,1,70,,1155583,22,,,1,30,,1155584,22,,,1,70,,1155587,22,,,1,31,,1155604,22,,,1,70,,1155597,22,,,1,29,,1155593,22,,,1,70,,1155613,22,,,1,28,,1155586,22,,,1,70,,1155611,22,,,1,30,,1061785,22,,,1,70,,1155606,22,,,1,32,,1155603,22,,,1,70,,1155589,22,,,1,30,,1155612,22,,,1,70,,1155599,22,,,1,30,,1155598,22,,,1,69,,1066191,22,,,1,76,,1155592,23,,,1,30,,1061776,23,,,1,70,,1155585,23,,,1,35,,1155602,23,,,1
6201,'17',829,,1155617,23,,,1,71,,1155616,23,,,1,30,,1155631,23,,,1,70,,1155635,23,,,1,30,,1155641,23,,,1,71,,1155643,23,,,1,30,,1155637,23,,,1,70,,1155634,23,,,1,30,,1155629,23,,,1,70,,1155642,23,,,1,30,,1155626,23,,,1,70,,1155639,23,,,1,30,,1155621,23,,,1,70,,1155623,23,,,1,30,,1155622,23,,,1,70,,1155640,23,,,1,30,,1155625,23,,,1,70,,1155633,23,,,1,30,,1155638,23,,,1,70,,1155632,23,,,1,30,,1155627,23,,,1,70,,1155636,23,,,1,30,,1155630,23,,,1,70,,1155628,23,,,1,30,,1155624,23,,,1,28,,1155620,23,,,1,70,,1155618,23,,,1,30,,1155619,23,,,1,70,,1155614,23,,,1,30,,1155615,23,,,1
6201,'2',746,,1155658,23,,,1,70,,1155645,23,,,1,30,,1155672,23,,,1,70,,1155660,23,,,1,30,,1068163,23,,,1,70,,1155664,23,,,1,30,,1155670,23,,,1,70,,1155651,23,,,1,30,,1008920,23,,,1,70,,1155644,23,,,1,30,,1155666,23,,,1,70,,1155659,23,,,1,30,,1155673,23,,,1,70,,1155661,23,,,1,30,,1155654,23,,,1,70,,1155650,23,,,1,30,,1155669,23,,,1,70,,1155648,23,,,1,30,,1155655,23,,,1,70,,1155662,23,,,1,30,,1155652,23,,,1,70,,1155665,23,,,1,30,,1155671,23,,,1,70,,1155653,23,,,1,30,,1155663,23,,,1,70,,1155668,23,,,1,28,,1155667,23,,,1,70,,1155657,23,,,1,30,,1155647,23,,,1,70,,1155646,23,,,1,30,,1155649,23,,,1,70,,1155656,23,,,1
6201,'3',829,,1155677,23,,,1,71,,1155676,23,,,1,30,,1155691,23,,,1,70,,1155695,23,,,1,30,,1155701,23,,,1,71,,1155703,23,,,1,30,,1155697,23,,,1,70,,1155694,23,,,1,30,,1155689,23,,,1,70,,1155702,23,,,1,30,,1155686,23,,,1,70,,1155699,23,,,1,30,,1155681,23,,,1,70,,1155683,23,,,1,30,,1155682,23,,,1,70,,1155700,23,,,1,30,,1155685,23,,,1,70,,1155693,23,,,1,30,,1155698,23,,,1,70,,1155692,23,,,1,30,,1155687,23,,,1,70,,1155696,23,,,1,30,,1155690,23,,,1,70,,1155688,23,,,1,30,,1155684,23,,,1,28,,1155680,23,,,1,70,,1155678,23,,,1,30,,1155679,23,,,1,70,,1155674,23,,,1,30,,1155675,23,,,1
6201,'4',829,,1155709,23,,,1,71,,1155730,23,,,1,30,,1155715,23,,,1,70,,1155717,23,,,1,30,,1090786,23,,,1,71,,1155704,23,,,1,30,,1155713,23,,,1,70,,1155728,23,,,1,30,,1155718,23,,,1,70,,1155731,23,,,1,30,,1155714,23,,,1,70,,1155727,23,,,1,30,,1155724,23,,,1,70,,1155725,23,,,1,30,,1155710,23,,,1,70,,1155719,23,,,1,30,,1155716,23,,,1,70,,1155706,23,,,1,30,,1155720,23,,,1,70,,1155722,23,,,1,30,,1155708,23,,,1,70,,1155721,23,,,1,30,,1155726,23,,,1,70,,858542,23,,,1,30,,1155712,23,,,1,28,,1155711,23,,,1,70,,1155707,23,,,1,30,,1155705,23,,,1,70,,1155729,23,,,1,30,,1155723,23,,,1
6201,'5',607,,1155747,23,,,1,28,,1155755,23,,,1,66,,1155748,22,,,1,30,,938399,22,,,1,70,,1155742,22,,,1,33,,1155734,22,,,1,68,,1155740,22,,,1,30,,1155743,22,,,1,70,,1155750,22,,,1,30,,1155737,22,,,1,70,,1155757,22,,,1,30,,1155761,22,,,1,25,,1155759,22,,,1,70,,1155758,22,,,1,30,,1074926,22,,,1,71,,1155763,22,,,1,30,,1155752,22,,,1,70,,1155760,22,,,1,30,,1155762,22,,,1,70,,1155749,22,,,1,31,,1155754,22,,,1,70,,1155736,22,,,1,29,,1064897,22,,,1,70,,944470,22,,,1,28,,1090852,22,,,1,70,,1155756,22,,,1,30,,1155753,22,,,1,70,,1155733,22,,,1,32,,1155732,22,,,1,70,,1155745,22,,,1,30,,1155735,22,,,1,70,,1155741,22,,,1,30,,962911,22,,,1,69,,1155739,22,,,1,76,,1155738,23,,,1,30,,1155751,23,,,1,70,,1155746,23,,,1,35,,1155744,23,,,1
6201,'6',607,,1155782,23,,,1,28,,1155777,23,,,1,66,,1155772,22,,,1,30,,1155775,22,,,1,70,,1155770,22,,,1,33,,1065204,22,,,1,68,,1155781,22,,,1,30,,1155784,22,,,1,70,,1155791,22,,,1,30,,1155766,22,,,1,70,,1155773,22,,,1,30,,1155788,22,,,1,25,,1155776,22,,,1,70,,1155790,22,,,1,30,,1155793,22,,,1,71,,1155792,22,,,1,30,,1155764,22,,,1,70,,1155765,22,,,1,30,,1066623,22,,,1,70,,1094238,22,,,1,31,,1155786,22,,,1,70,,1155778,22,,,1,29,,1155774,22,,,1,70,,1155796,22,,,1,28,,1155768,22,,,1,70,,1055289,22,,,1,30,,1155794,22,,,1,70,,1155789,22,,,1,32,,1155785,22,,,1,70,,1155769,22,,,1,30,,1155795,22,,,1,70,,1155780,22,,,1,30,,1155779,22,,,1,69,,1155787,22,,,1,76,,1049603,23,,,1,30,,1155771,23,,,1,70,,1155767,23,,,1,35,,1155783,23,,,1
6201,'7',746,,1155809,23,,,1,70,,1155802,23,,,1,30,,1155827,23,,,1,70,,1155818,23,,,1,30,,1155806,23,,,1,70,,1155817,23,,,1,30,,1155824,23,,,1,70,,1155803,23,,,1,30,,1155805,23,,,1,70,,1155825,23,,,1,30,,1155812,23,,,1,70,,1155826,23,,,1,30,,1155819,23,,,1,70,,1155801,23,,,1,30,,1155814,23,,,1,70,,1155800,23,,,1,30,,1155822,23,,,1,70,,1155815,23,,,1,30,,1155828,23,,,1,70,,1155820,23,,,1,30,,1155798,23,,,1,70,,1155804,23,,,1,30,,1155813,23,,,1,70,,1155808,23,,,1,30,,1155823,23,,,1,70,,1155816,23,,,1,28,,1155807,23,,,1,70,,1155821,23,,,1,30,,1155799,23,,,1,70,,1155811,23,,,1,30,,1155797,23,,,1,70,,1155810,23,,,1
6201,'8',607,,1155851,23,,,1,28,,1155846,23,,,1,66,,1155840,22,,,1,30,,1155844,22,,,1,70,,1155838,22,,,1,33,,1155836,22,,,1,68,,1155850,22,,,1,30,,1155853,22,,,1,70,,1155860,22,,,1,30,,1155831,22,,,1,70,,1155841,22,,,1,30,,1155857,22,,,1,25,,1155845,22,,,1,70,,1155859,22,,,1,30,,1155862,22,,,1,71,,1155861,22,,,1,30,,1155829,22,,,1,70,,1155830,22,,,1,30,,1155832,22,,,1,70,,1155835,22,,,1,31,,1155855,22,,,1,70,,1155847,22,,,1,29,,1155843,22,,,1,70,,1155866,22,,,1,28,,1155834,22,,,1,70,,1155864,22,,,1,30,,1155863,22,,,1,70,,1155858,22,,,1,32,,1155854,22,,,1,70,,1155837,22,,,1,30,,1155865,22,,,1,70,,1155849,22,,,1,30,,1155848,22,,,1,69,,1155856,22,,,1,76,,1155842,23,,,1,30,,1155839,23,,,1,70,,1155833,23,,,1,35,,1155852,23,,,1
6201,'9',607,,1155882,23,,,1,28,,1155890,23,,,1,66,,1155883,22,,,1,30,,938353,22,,,1,70,,1155877,22,,,1,33,,1155869,22,,,1,68,,1155875,22,,,1,30,,1155878,22,,,1,70,,1155885,22,,,1,30,,1155872,22,,,1,70,,1155892,22,,,1,30,,1155896,22,,,1,25,,1155894,22,,,1,70,,1155893,22,,,1,30,,1074720,22,,,1,71,,1155898,22,,,1,30,,1155887,22,,,1,70,,1155895,22,,,1,30,,1155897,22,,,1,70,,1155884,22,,,1,31,,1155889,22,,,1,70,,1155871,22,,,1,29,,1064823,22,,,1,70,,944422,22,,,1,28,,1090717,22,,,1,70,,1155891,22,,,1,30,,1155888,22,,,1,70,,1155868,22,,,1,32,,1155867,22,,,1,70,,1155880,22,,,1,30,,1155870,22,,,1,70,,1155876,22,,,1,30,,962869,22,,,1,69,,1155874,22,,,1,76,,1155873,23,,,1,30,,1155886,23,,,1,70,,1155881,23,,,1,35,,1155879,23,,,1
6700,'1',732,,1157405,24,4,,1,189,,1157415,25,4,,1,29,,1157410,25,4,,1,70,,1157428,25,4,,1,30,,1157401,25,4,,1,70,,1157420,25,4,,1,28,,1157416,25,4,,1,70,,1157407,25,4,,1,31,,1157426,25,4,,1,70,,1157408,25,4,,1,30,,1157413,25,4,,1,70,,1157425,25,4,,1,31,,1157430,25,4,,1,71,,1157422,25,4,,1,31,,1157412,25,4,,1,70,,1157417,25,4,,1,30,,1157403,25,4,,1,75,,1157409,25,4,,1,30,,1157423,25,4,,1,71,,1157431,25,4,,1,30,,1157406,25,4,,1,70,,1157421,25,4,,1,29,,1157402,25,4,,1,68,,1157427,25,4,,1,25,,1157424,25,4,,1,100,,1157414,25,4,,1
6700,'10',732,,1157437,24,4,,1,189,,1157447,25,4,,1,29,,1157442,25,4,,1,70,,1157460,25,4,,1,30,,1157433,25,4,,1,70,,1157452,25,4,,1,28,,1157448,25,4,,1,70,,1157439,25,4,,1,31,,1157458,25,4,,1,70,,1157440,25,4,,1,30,,1157445,25,4,,1,70,,1157457,25,4,,1,31,,1157462,25,4,,1,71,,1157454,25,4,,1,31,,1157444,25,4,,1,70,,1157449,25,4,,1,30,,1157435,25,4,,1,75,,1157441,25,4,,1,30,,1157455,25,4,,1,71,,1157463,25,4,,1,30,,1157438,25,4,,1,70,,1157453,25,4,,1,29,,1157434,25,4,,1,68,,1157459,25,4,,1,25,,1157456,25,4,,1,100,,1157446,25,4,,1
6700,'11',732,,1157469,24,4,,1,189,,1157479,25,4,,1,29,,1157474,25,4,,1,70,,1157492,25,4,,1,30,,1157465,25,4,,1,70,,1157484,25,4,,1,28,,1157480,25,4,,1,70,,1157471,25,4,,1,31,,1157490,25,4,,1,70,,1157472,25,4,,1,30,,1157477,25,4,,1,70,,1157489,25,4,,1,31,,1157494,25,4,,1,71,,1157486,25,4,,1,31,,1157476,25,4,,1,70,,1157481,25,4,,1,30,,1157467,25,4,,1,75,,1157473,25,4,,1,30,,1157487,25,4,,1,71,,1157495,25,4,,1,30,,1157470,25,4,,1,70,,1157485,25,4,,1,29,,1157466,25,4,,1,68,,1157491,25,4,,1,25,,1157488,25,4,,1,100,,1157478,25,4,,1
6700,'12',732,,1157509,24,4,,1,189,,1021443,25,4,,1,29,,1157508,25,4,,1,70,,1157502,25,4,,1,30,,1157522,25,4,,1,70,,1157503,25,4,,1,28,,1157505,25,4,,1,70,,1157510,25,4,,1,31,,1157518,25,4,,1,70,,1157521,25,4,,1,30,,1157500,25,4,,1,70,,1157512,25,4,,1,31,,1157511,25,4,,1,71,,1028658,25,4,,1,31,,1157506,25,4,,1,70,,1054229,25,4,,1,30,,1157514,25,4,,1,75,,1157520,25,4,,1,30,,1157499,25,4,,1,71,,1157513,25,4,,1,30,,1157515,25,4,,1,70,,1030001,25,4,,1,29,,1157507,25,4,,1,68,,1157523,25,4,,1,25,,1064882,25,4,,1,100,,1157501,25,4,,1
6700,'13',755,,1157532,25,4,,1,100,,1157535,25,4,,1,100,,1157531,25,4,,1,70,,1157537,25,4,,1,30,,1157524,25,4,,1,70,,1157540,25,4,,1,30,,1157529,25,4,,1,70,,1157527,25,4,,1,30,,1157526,25,4,,1,70,,1157536,25,4,,1,30,,1157534,25,4,,1,70,,1157533,25,4,,1,30,,1157525,25,4,,1,70,,1157538,25,4,,1,30,,1095072,25,4,,1,70,,1157539,25,4,,1,30,,1091530,25,4,,1,70,,1157528,25,4,,1,100,,1157530,25,4,,1,100,,1046208,25,4,,1
6700,'14',732,,1157545,24,4,,1,189,,1157555,25,4,,1,29,,1157550,25,4,,1,70,,1157568,25,4,,1,30,,1157541,25,4,,1,70,,1157560,25,4,,1,28,,1157556,25,4,,1,70,,1157547,25,4,,1,31,,1157566,25,4,,1,70,,1157548,25,4,,1,30,,1157553,25,4,,1,70,,1157565,25,4,,1,31,,1157570,25,4,,1,71,,1157562,25,4,,1,31,,1157552,25,4,,1,70,,1157557,25,4,,1,30,,1157543,25,4,,1,75,,1157549,25,4,,1,30,,1157563,25,4,,1,71,,1157571,25,4,,1,30,,1157546,25,4,,1,70,,1157561,25,4,,1,29,,1157542,25,4,,1,68,,1157567,25,4,,1,25,,1157564,25,4,,1,100,,1157554,25,4,,1
6700,'15',732,,1157576,24,4,,1,189,,1157591,25,4,,1,29,,1157585,25,4,,1,70,,1157583,25,4,,1,30,,1157587,25,4,,1,70,,1157589,25,4,,1,28,,1157578,25,4,,1,70,,1157577,25,4,,1,31,,1157595,25,4,,1,70,,1157604,25,4,,1,30,,1157575,25,4,,1,70,,1157590,25,4,,1,31,,1157596,25,4,,1,71,,1157574,25,4,,1,31,,1157592,25,4,,1,70,,1157573,25,4,,1,30,,1157597,25,4,,1,75,,1157601,25,4,,1,30,,1157580,25,4,,1,71,,1157579,25,4,,1,30,,1157598,25,4,,1,70,,1157593,25,4,,1,29,,1157581,25,4,,1,68,,1157599,25,4,,1,25,,1157600,25,4,,1,100,,1157586,25,4,,1
6700,'16',732,,1157615,24,4,,1,189,,1157633,25,4,,1,29,,1157614,25,4,,1,70,,1084483,25,4,,1,30,,1157629,25,4,,1,70,,1157609,25,4,,1,28,,1157611,25,4,,1,70,,1157616,25,4,,1,31,,1157624,25,4,,1,70,,1157627,25,4,,1,30,,1157607,25,4,,1,70,,1157618,25,4,,1,31,,1157617,25,4,,1,71,,1157631,25,4,,1,31,,1157612,25,4,,1,70,,1157628,25,4,,1,30,,1157620,25,4,,1,75,,1157626,25,4,,1,30,,1079593,25,4,,1,71,,1157619,25,4,,1,30,,1157621,25,4,,1,70,,1157606,25,4,,1,29,,1157613,25,4,,1,68,,1157630,25,4,,1,25,,1157632,25,4,,1,100,,1157608,25,4,,1
6700,'17',755,,1157643,25,4,,1,100,,1157646,25,4,,1,100,,1157642,25,4,,1,70,,1157648,25,4,,1,30,,1157634,25,4,,1,70,,1157653,25,4,,1,30,,1157640,25,4,,1,70,,1157637,25,4,,1,30,,1157636,25,4,,1,70,,1157647,25,4,,1,30,,1157645,25,4,,1,70,,1157644,25,4,,1,30,,1157635,25,4,,1,70,,1157649,25,4,,1,30,,1157638,25,4,,1,70,,1157650,25,4,,1,30,,1157651,25,4,,1,70,,1157639,25,4,,1,100,,1157641,25,4,,1,100,,1157652,25,4,,1
6700,'2',728,,1157658,25,4,,1,100,,1157663,25,4,,1,30,,1157673,25,4,,1,70,,1157656,25,4,,1,30,,1157657,25,4,,1,70,,1157662,25,4,,1,30,,1157670,25,4,,1,70,,1157665,25,4,,1,30,,1157659,25,4,,1,70,,1157667,25,4,,1,30,,1157672,25,4,,1,70,,1157664,25,4,,1,30,,1157668,25,4,,1,70,,1157654,25,4,,1,30,,1005876,25,4,,1,70,,1157675,25,4,,1,30,,1157671,25,4,,1,70,,1157674,25,4,,1,30,,1157660,25,4,,1,70,,1157669,25,4,,1,100,,1157666,25,4,,1,100,,1157661,25,4,,1,100,,1157655,25,4,,1,100,,1011233,25,4,,1
6700,'3',755,,1157685,25,4,,1,100,,1157688,25,4,,1,100,,1157684,25,4,,1,70,,1157690,25,4,,1,30,,1157676,25,4,,1,70,,1157695,25,4,,1,30,,1157682,25,4,,1,70,,1157679,25,4,,1,30,,1157678,25,4,,1,70,,1157689,25,4,,1,30,,1157687,25,4,,1,70,,1157686,25,4,,1,30,,1157677,25,4,,1,70,,1157691,25,4,,1,30,,1157680,25,4,,1,70,,1157692,25,4,,1,30,,1157693,25,4,,1,70,,1157681,25,4,,1,100,,1157683,25,4,,1,100,,1157694,25,4,,1
6700,'4',755,,1157710,25,4,,1,100,,1157713,25,4,,1,100,,1157701,25,4,,1,70,,1157704,25,4,,1,30,,1157696,25,4,,1,70,,1157709,25,4,,1,30,,1157699,25,4,,1,70,,1157697,25,4,,1,30,,1157705,25,4,,1,70,,1157711,25,4,,1,30,,1157702,25,4,,1,70,,1157708,25,4,,1,30,,1157706,25,4,,1,70,,1157700,25,4,,1,30,,1157707,25,4,,1,70,,1003106,25,4,,1,30,,1157698,25,4,,1,70,,1157703,25,4,,1,100,,1157712,25,4,,1,100,,1091179,25,4,,1
6700,'5',732,,1157718,24,4,,1,189,,1157728,25,4,,1,29,,1157723,25,4,,1,70,,1157741,25,4,,1,30,,1157714,25,4,,1,70,,1157733,25,4,,1,28,,1157729,25,4,,1,70,,1157720,25,4,,1,31,,1157739,25,4,,1,70,,1157721,25,4,,1,30,,1157726,25,4,,1,70,,1157738,25,4,,1,31,,1157743,25,4,,1,71,,1157735,25,4,,1,31,,1157725,25,4,,1,70,,1157730,25,4,,1,30,,1157716,25,4,,1,75,,1157722,25,4,,1,30,,1157736,25,4,,1,71,,1157744,25,4,,1,30,,1157719,25,4,,1,70,,1157734,25,4,,1,29,,1157715,25,4,,1,68,,1157740,25,4,,1,25,,1157737,25,4,,1,100,,1157727,25,4,,1
6700,'6',732,,1157756,24,4,,1,189,,1157773,25,4,,1,29,,1157755,25,4,,1,70,,1157749,25,4,,1,30,,920164,25,4,,1,70,,1157750,25,4,,1,28,,1157752,25,4,,1,70,,1157757,25,4,,1,31,,1157765,25,4,,1,70,,1157768,25,4,,1,30,,1040779,25,4,,1,70,,1157759,25,4,,1,31,,1157758,25,4,,1,71,,1157771,25,4,,1,31,,1157753,25,4,,1,70,,1157769,25,4,,1,30,,1157761,25,4,,1,75,,1157767,25,4,,1,30,,1157747,25,4,,1,71,,1157760,25,4,,1,30,,1157762,25,4,,1,70,,1157748,25,4,,1,29,,1157754,25,4,,1,68,,1157770,25,4,,1,25,,1157772,25,4,,1,100,,1087675,25,4,,1
6700,'7',728,,1157794,25,4,,1,100,,1157781,25,4,,1,30,,1157782,25,4,,1,70,,1157776,25,4,,1,30,,1157791,25,4,,1,70,,1157788,25,4,,1,30,,1157795,25,4,,1,70,,1157796,25,4,,1,30,,1157779,25,4,,1,70,,1157793,25,4,,1,30,,1157797,25,4,,1,70,,1157778,25,4,,1,30,,1157790,25,4,,1,70,,1157787,25,4,,1,30,,1157786,25,4,,1,70,,1157780,25,4,,1,30,,1157783,25,4,,1,70,,1157789,25,4,,1,30,,1157785,25,4,,1,70,,1157774,25,4,,1,100,,1157784,25,4,,1,100,,1157777,25,4,,1,100,,1157792,25,4,,1,100,,1157775,25,4,,1
6700,'8',732,,1157811,24,4,,1,189,,1157829,25,4,,1,29,,1157810,25,4,,1,70,,1157804,25,4,,1,30,,1157825,25,4,,1,70,,1157805,25,4,,1,28,,1157807,25,4,,1,70,,1157812,25,4,,1,31,,1157820,25,4,,1,70,,1157823,25,4,,1,30,,1157802,25,4,,1,70,,1157814,25,4,,1,31,,1157813,25,4,,1,71,,1157827,25,4,,1,31,,1157808,25,4,,1,70,,1157824,25,4,,1,30,,1157816,25,4,,1,75,,1157822,25,4,,1,30,,1157800,25,4,,1,71,,1157815,25,4,,1,30,,1157817,25,4,,1,70,,1157801,25,4,,1,29,,1157809,25,4,,1,68,,1157826,25,4,,1,25,,1157828,25,4,,1,100,,1157803,25,4,,1
6700,'9',732,,1157834,24,4,,1,189,,1157844,25,4,,1,29,,1157839,25,4,,1,70,,1157857,25,4,,1,30,,1157830,25,4,,1,70,,1157849,25,4,,1,28,,1157845,25,4,,1,70,,1157836,25,4,,1,31,,1157855,25,4,,1,70,,1157837,25,4,,1,30,,1157842,25,4,,1,70,,1157854,25,4,,1,31,,1157859,25,4,,1,71,,1157851,25,4,,1,31,,1157841,25,4,,1,70,,1157846,25,4,,1,30,,1157832,25,4,,1,75,,1157838,25,4,,1,30,,1157852,25,4,,1,71,,1157860,25,4,,1,30,,1157835,25,4,,1,70,,1157850,25,4,,1,29,,1157831,25,4,,1,68,,1157856,25,4,,1,25,,1157853,25,4,,1,100,,1157843,25,4,,1
6701,'1',638,,1157882,1,,,1,70,,1157863,1,,,1,30,,1091308,1,,,1,71,,1157867,1,,,1,29,,1157877,1,,,1,70,,1068561,1,,,1,30,,1157874,1,,,1,70,,1157871,1,,,1,30,,1157866,1,,,1,70,,1007574,1,,,1,30,,1077690,1,,,1,70,,1157879,1,,,1,30,,1157883,1,,,1,70,,1157872,1,,,1,30,,1157884,1,,,1,70,,1157875,1,,,1,30,,1157869,1,,,1,70,,1157862,1,,,1,30,,1157881,1,,,1,70,,1157870,1,,,1,336,,1157880,1,,,1,68,,1157868,1,,,1,100,,941152,1,,,1
6701,'10',638,,1157905,1,,,1,70,,1157886,1,,,1,30,,1091031,1,,,1,71,,1157890,1,,,1,29,,1157900,1,,,1,70,,1068522,1,,,1,30,,1157897,1,,,1,70,,1157894,1,,,1,30,,1157889,1,,,1,70,,1007680,1,,,1,30,,1077648,1,,,1,70,,1157902,1,,,1,30,,1157906,1,,,1,70,,1157895,1,,,1,30,,1157907,1,,,1,70,,1157898,1,,,1,30,,1157892,1,,,1,70,,1157885,1,,,1,30,,1157904,1,,,1,70,,1157893,1,,,1,336,,1157903,1,,,1,68,,1157891,1,,,1,100,,940879,1,,,1
6701,'11',638,,1157928,1,,,1,70,,1157909,1,,,1,30,,1091382,1,,,1,71,,1157913,1,,,1,29,,1157923,1,,,1,70,,1068574,1,,,1,30,,1157920,1,,,1,70,,1157917,1,,,1,30,,1157912,1,,,1,70,,1007545,1,,,1,30,,1077704,1,,,1,70,,1157925,1,,,1,30,,1157929,1,,,1,70,,1157918,1,,,1,30,,1157930,1,,,1,70,,1157921,1,,,1,30,,1157915,1,,,1,70,,1157908,1,,,1,30,,1157927,1,,,1,70,,1157916,1,,,1,336,,1157926,1,,,1,68,,1157914,1,,,1,100,,941104,1,,,1
6701,'12',638,,1157942,1,,,1,70,,1099284,1,,,1,30,,1157948,1,,,1,71,,1157932,1,,,1,29,,1157933,1,,,1,70,,1157943,1,,,1,30,,1157957,1,,,1,70,,1157934,1,,,1,30,,1157941,1,,,1,70,,1157938,1,,,1,30,,1157950,1,,,1,70,,1157949,1,,,1,30,,1157955,1,,,1,70,,1157936,1,,,1,30,,1157945,1,,,1,70,,1027870,1,,,1,30,,1157952,1,,,1,70,,1157931,1,,,1,30,,1157951,1,,,1,70,,1157940,1,,,1,336,,1157946,1,,,1,68,,1157954,1,,,1,100,,1157937,1,,,1
6701,'13',714,,1157975,1,,,1,100,,1157962,1,,,1,100,,1073777,1,,,1,30,,1157965,1,,,1,70,,1099265,1,,,1,30,,1157964,1,,,1,70,,1157973,1,,,1,30,,1157970,1,,,1,70,,1157961,1,,,1,30,,1072966,1,,,1,70,,1157971,1,,,1,30,,1157966,1,,,1,70,,1157963,1,,,1,30,,1157959,1,,,1,70,,1157972,1,,,1,30,,1157974,1,,,1,70,,1157968,1,,,1,30,,1157960,1,,,1,100,,1157967,1,,,1,100,,1157969,1,,,1
6701,'14',638,,1157998,1,,,1,70,,1157977,1,,,1,30,,1158001,1,,,1,71,,1157983,1,,,1,29,,1157993,1,,,1,70,,1158004,1,,,1,30,,1157990,1,,,1,70,,1157987,1,,,1,30,,1157982,1,,,1,70,,1158003,1,,,1,30,,1158000,1,,,1,70,,1157995,1,,,1,30,,1158002,1,,,1,70,,1157988,1,,,1,30,,1158005,1,,,1,70,,1157991,1,,,1,30,,1157985,1,,,1,70,,1157976,1,,,1,30,,1157997,1,,,1,70,,1157986,1,,,1,336,,1157996,1,,,1,68,,1157984,1,,,1,100,,1157978,1,,,1
6701,'15',638,,1158026,1,,,1,70,,1158025,1,,,1,30,,1158017,1,,,1,71,,1158009,1,,,1,29,,1158027,1,,,1,70,,1158021,1,,,1,30,,1158032,1,,,1,70,,1158024,1,,,1,30,,1158012,1,,,1,70,,1158015,1,,,1,30,,1158020,1,,,1,70,,1158010,1,,,1,30,,1158035,1,,,1,70,,1158011,1,,,1,30,,1158030,1,,,1,70,,1158022,1,,,1,30,,1158031,1,,,1,70,,1158019,1,,,1,30,,1158028,1,,,1,70,,1158016,1,,,1,336,,1158033,1,,,1,68,,1158007,1,,,1,100,,1158018,1,,,1
6701,'16',638,,1158046,1,,,1,70,,1158060,1,,,1,30,,1158052,1,,,1,71,,1075571,1,,,1,29,,1158036,1,,,1,70,,1158047,1,,,1,30,,1081985,1,,,1,70,,1158038,1,,,1,30,,1158045,1,,,1,70,,1158042,1,,,1,30,,1158054,1,,,1,70,,1158053,1,,,1,30,,1158059,1,,,1,70,,1158040,1,,,1,30,,1158049,1,,,1,70,,1158037,1,,,1,30,,1158056,1,,,1,70,,1085246,1,,,1,30,,1158055,1,,,1,70,,1158044,1,,,1,336,,1158050,1,,,1,68,,1158058,1,,,1,100,,1158041,1,,,1
6701,'17',714,,1158080,1,,,1,100,,1158066,1,,,1,100,,1158078,1,,,1,30,,1158069,1,,,1,70,,1158064,1,,,1,30,,1158068,1,,,1,70,,1158077,1,,,1,30,,1158074,1,,,1,70,,1158065,1,,,1,30,,1158062,1,,,1,70,,1158075,1,,,1,30,,1158070,1,,,1,70,,1158067,1,,,1,30,,1158061,1,,,1,70,,1158076,1,,,1,30,,1158079,1,,,1,70,,1158072,1,,,1,30,,1158063,1,,,1,100,,1158071,1,,,1,100,,1158073,1,,,1
6701,'2',647,,1158082,1,,,1,100,,1158097,1,,,1,70,,1158090,1,,,1,30,,1158094,1,,,1,70,,1158099,1,,,1,30,,1158095,1,,,1,70,,1158092,1,,,1,30,,1158101,1,,,1,70,,1158103,1,,,1,30,,1158102,1,,,1,70,,1158100,1,,,1,30,,1158086,1,,,1,70,,1158081,1,,,1,30,,1158085,1,,,1,70,,1158096,1,,,1,30,,1158093,1,,,1,70,,1158083,1,,,1,30,,1158088,1,,,1,70,,1158089,1,,,1,30,,1094721,1,,,1,100,,1158087,1,,,1,100,,1158098,1,,,1,100,,1158084,1,,,1,100,,1158091,1,,,1
6701,'3',714,,1158123,1,,,1,100,,1158109,1,,,1,100,,1158121,1,,,1,30,,1158112,1,,,1,70,,1158107,1,,,1,30,,1158111,1,,,1,70,,1158120,1,,,1,30,,1158117,1,,,1,70,,1158108,1,,,1,30,,1158105,1,,,1,70,,1158118,1,,,1,30,,1158113,1,,,1,70,,1158110,1,,,1,30,,1158104,1,,,1,70,,1158119,1,,,1,30,,1158122,1,,,1,70,,1158115,1,,,1,30,,1158106,1,,,1,100,,1158114,1,,,1,100,,1158116,1,,,1
6701,'4',714,,1158140,1,,,1,100,,1158125,1,,,1,100,,1069533,1,,,1,30,,1158133,1,,,1,70,,1158124,1,,,1,30,,1158132,1,,,1,70,,1158134,1,,,1,30,,1158130,1,,,1,70,,1158137,1,,,1,30,,1158139,1,,,1,70,,1158129,1,,,1,30,,1158138,1,,,1,70,,1158135,1,,,1,30,,1158141,1,,,1,70,,1158142,1,,,1,30,,1158131,1,,,1,70,,1158136,1,,,1,30,,1158127,1,,,1,100,,1158126,1,,,1,100,,1158128,1,,,1
6701,'5',638,,1158163,1,,,1,70,,1158144,1,,,1,30,,1091265,1,,,1,71,,1158148,1,,,1,29,,1158158,1,,,1,70,,1068548,1,,,1,30,,1158155,1,,,1,70,,1158152,1,,,1,30,,1158147,1,,,1,70,,1007394,1,,,1,30,,1077676,1,,,1,70,,1158160,1,,,1,30,,1158164,1,,,1,70,,1158153,1,,,1,30,,1158165,1,,,1,70,,1158156,1,,,1,30,,1158150,1,,,1,70,,1158143,1,,,1,30,,1158162,1,,,1,70,,1158151,1,,,1,336,,1158161,1,,,1,68,,1158149,1,,,1,100,,941297,1,,,1
6701,'6',638,,1158176,1,,,1,70,,1158190,1,,,1,30,,1158181,1,,,1,71,,1158167,1,,,1,29,,1158168,1,,,1,70,,1158177,1,,,1,30,,1158191,1,,,1,70,,1008867,1,,,1,30,,1158175,1,,,1,70,,1158172,1,,,1,30,,1158183,1,,,1,70,,1158182,1,,,1,30,,1158188,1,,,1,70,,1158170,1,,,1,30,,1158179,1,,,1,70,,1158169,1,,,1,30,,1158185,1,,,1,70,,1158166,1,,,1,30,,1158184,1,,,1,70,,1158174,1,,,1,336,,1053535,1,,,1,68,,1158187,1,,,1,100,,1158171,1,,,1
6701,'7',647,,1158196,1,,,1,100,,1158193,1,,,1,70,,1158203,1,,,1,30,,1158210,1,,,1,70,,1158195,1,,,1,30,,1158206,1,,,1,70,,1158200,1,,,1,30,,1158209,1,,,1,70,,1158214,1,,,1,30,,1158211,1,,,1,70,,1158213,1,,,1,30,,1158197,1,,,1,70,,1158215,1,,,1,30,,1158205,1,,,1,70,,1158194,1,,,1,30,,1158207,1,,,1,70,,1158198,1,,,1,30,,1158208,1,,,1,70,,1158202,1,,,1,30,,1158199,1,,,1,100,,1158204,1,,,1,100,,1158216,1,,,1,100,,1158201,1,,,1,100,,1158212,1,,,1
6701,'8',638,,1158229,1,,,1,70,,1158244,1,,,1,30,,1158235,1,,,1,71,,1158218,1,,,1,29,,1158219,1,,,1,70,,1158230,1,,,1,30,,1158245,1,,,1,70,,1158221,1,,,1,30,,1158228,1,,,1,70,,1158225,1,,,1,30,,1158237,1,,,1,70,,1158236,1,,,1,30,,1158242,1,,,1,70,,1158223,1,,,1,30,,1158232,1,,,1,70,,1158220,1,,,1,30,,1158239,1,,,1,70,,1158217,1,,,1,30,,1158238,1,,,1,70,,1158227,1,,,1,336,,1158233,1,,,1,68,,1158241,1,,,1,100,,1158224,1,,,1
6701,'9',638,,1158267,1,,,1,70,,1158248,1,,,1,30,,1091115,1,,,1,71,,1158252,1,,,1,29,,1158262,1,,,1,70,,1068535,1,,,1,30,,1158259,1,,,1,70,,1158256,1,,,1,30,,1158251,1,,,1,70,,1007603,1,,,1,30,,1077662,1,,,1,70,,1158264,1,,,1,30,,1158268,1,,,1,70,,1158257,1,,,1,30,,1158269,1,,,1,70,,1158260,1,,,1,30,,1158254,1,,,1,70,,1158247,1,,,1,30,,1158266,1,,,1,70,,1158255,1,,,1,336,,1158265,1,,,1,68,,1158253,1,,,1,100,,941249,1,,,1
6800,'1',429,,1158324,1,,,1,21,,1158305,1,,,1,70,,1158315,1,,,1,25,,1158307,1,,,1,66,,1158297,1,,,1,18,,1158292,1,,,1,29,,1045534,1,,,1,62,,1158323,1,,,1,23,,1158306,1,,,1,67,,1158276,1,,,1,17,,1032824,1,,,1,13,,1158300,1,,,1,15,,1158299,1,,,1,55,,1158318,1,,,1,15,,1158325,1,,,1,15,,1158280,1,,,1,15,,1158319,1,,,1,55,,1158321,1,,,1,15,,1158313,1,,,1,14,,1158328,1,,,1,15,,1158277,1,,,1,55,,1064915,1,,,1,15,,1158271,1,,,1,16,,1158273,1,,,1,16,,1158310,1,,,1,55,,1158282,1,,,1,15,,1158272,1,,,1,14,,1090858,1,,,1,14,,1158311,1,,,1,55,,1158304,1,,,1,15,,1158281,1,,,1,15,,1158329,1,,,1,17,,1158302,1,,,1,59,,1158308,1,,,1,40,,1158294,1,,,1,63,,1158283,1,,,1,18,,1158289,1,,,1,18,,1158270,1,,,1,63,,1158286,1,,,1,21,,1026771,1,,,1,17,,1158290,1,,,1,61,,1158285,1,,,1,21,,1158314,1,,,1,21,,1158293,1,,,1,56,,1158327,1,,,1,16,,1158274,1,,,1,15,,1158309,1,,,1,55,,1158275,1,,,1,16,,1158295,1,,,1,15,,1019207,1,,,1,15,,1158291,1,,,1,55,,1158326,1,,,1,15,,1158317,1,,,1,20,,1158298,1,,,1,20,,1024069,1,,,1,60,,936900,1,,,1,20,,1158303,1,,,1,20,,1158278,1,,,1,64,,1158284,1,,,1,30,,1158320,1,,,1,70,,1158301,1,,,1,35,,1084733,1,,,1,71,,1158288,1,,,1
6800,'10',429,,1158384,1,,,1,21,,1158365,1,,,1,70,,1158375,1,,,1,25,,1158367,1,,,1,66,,1158357,1,,,1,18,,1158352,1,,,1,29,,1045697,1,,,1,62,,1158383,1,,,1,23,,1158366,1,,,1,67,,1158336,1,,,1,17,,1033001,1,,,1,13,,1158360,1,,,1,15,,1158359,1,,,1,55,,1158378,1,,,1,15,,1158385,1,,,1,15,,1158340,1,,,1,15,,1158379,1,,,1,55,,1158381,1,,,1,15,,1158373,1,,,1,14,,1158388,1,,,1,15,,1158337,1,,,1,55,,1064780,1,,,1,15,,1158331,1,,,1,16,,1158333,1,,,1,16,,1158370,1,,,1,55,,1158342,1,,,1,15,,1158332,1,,,1,14,,1090617,1,,,1,14,,1158371,1,,,1,55,,1158364,1,,,1,15,,1158341,1,,,1,15,,1158389,1,,,1,17,,1158362,1,,,1,59,,1158368,1,,,1,40,,1158354,1,,,1,63,,1158343,1,,,1,18,,1158349,1,,,1,18,,1158330,1,,,1,63,,1158346,1,,,1,21,,1026886,1,,,1,17,,1158350,1,,,1,61,,1158345,1,,,1,21,,1158374,1,,,1,21,,1158353,1,,,1,56,,1158387,1,,,1,16,,1158334,1,,,1,15,,1158369,1,,,1,55,,1158335,1,,,1,16,,1158355,1,,,1,15,,1019290,1,,,1,15,,1158351,1,,,1,55,,1158386,1,,,1,15,,1158377,1,,,1,20,,1158358,1,,,1,20,,1024152,1,,,1,60,,936518,1,,,1,20,,1158363,1,,,1,20,,1158338,1,,,1,64,,1158344,1,,,1,30,,1158380,1,,,1,70,,1158361,1,,,1,35,,1084562,1,,,1,71,,1158348,1,,,1
6800,'11',429,,1158444,1,,,1,21,,1158425,1,,,1,70,,1158435,1,,,1,25,,1158427,1,,,1,66,,1158417,1,,,1,18,,1158412,1,,,1,29,,1045485,1,,,1,62,,1158443,1,,,1,23,,1158426,1,,,1,67,,1158396,1,,,1,17,,1032772,1,,,1,13,,1158420,1,,,1,15,,1158419,1,,,1,55,,1158438,1,,,1,15,,1158445,1,,,1,15,,1158400,1,,,1,15,,1158439,1,,,1,55,,1158441,1,,,1,15,,1158433,1,,,1,14,,1158448,1,,,1,15,,1158397,1,,,1,55,,1064960,1,,,1,15,,1158391,1,,,1,16,,1158393,1,,,1,16,,1158430,1,,,1,55,,1158402,1,,,1,15,,1158392,1,,,1,14,,1090929,1,,,1,14,,1158431,1,,,1,55,,1158424,1,,,1,15,,1158401,1,,,1,15,,1158449,1,,,1,17,,1158422,1,,,1,59,,1158428,1,,,1,40,,1158414,1,,,1,63,,1158403,1,,,1,18,,1158409,1,,,1,18,,1158390,1,,,1,63,,1158406,1,,,1,21,,1026738,1,,,1,17,,1158410,1,,,1,61,,1158405,1,,,1,21,,1158434,1,,,1,21,,1158413,1,,,1,56,,1158447,1,,,1,16,,1158394,1,,,1,15,,1158429,1,,,1,55,,1158395,1,,,1,16,,1158415,1,,,1,15,,1019182,1,,,1,15,,1158411,1,,,1,55,,1158446,1,,,1,15,,1158437,1,,,1,20,,1158418,1,,,1,20,,1024044,1,,,1,60,,936847,1,,,1,20,,1158423,1,,,1,20,,1158398,1,,,1,64,,1158404,1,,,1,30,,1158440,1,,,1,70,,1158421,1,,,1,35,,1084786,1,,,1,71,,1158408,1,,,1
6800,'12',429,,1158467,1,,,1,21,,1158472,1,,,1,70,,1158456,1,,,1,25,,1158450,1,,,1,66,,1158475,1,,,1,18,,1158478,1,,,1,29,,1158453,1,,,1,62,,1158471,1,,,1,23,,1158454,1,,,1,67,,1158452,1,,,1,17,,1158465,1,,,1,13,,1158491,1,,,1,15,,1158493,1,,,1,55,,1158464,1,,,1,15,,1158481,1,,,1,15,,1158474,1,,,1,15,,1158509,1,,,1,55,,1158510,1,,,1,15,,1158515,1,,,1,14,,1084688,1,,,1,15,,1158516,1,,,1,55,,1158498,1,,,1,15,,1158477,1,,,1,16,,1158506,1,,,1,16,,1039155,1,,,1,55,,1158459,1,,,1,15,,1158463,1,,,1,14,,1158511,1,,,1,14,,1158499,1,,,1,55,,1158496,1,,,1,15,,1158497,1,,,1,15,,1158505,1,,,1,17,,1158508,1,,,1,59,,1158490,1,,,1,40,,1158495,1,,,1,63,,1158489,1,,,1,18,,1158507,1,,,1,18,,1158458,1,,,1,63,,1158460,1,,,1,21,,1158461,1,,,1,17,,1158482,1,,,1,61,,1158504,1,,,1,21,,1158483,1,,,1,21,,1158487,1,,,1,56,,1158486,1,,,1,16,,1158514,1,,,1,15,,1158484,1,,,1,55,,1158470,1,,,1,16,,1158492,1,,,1,15,,1158485,1,,,1,15,,1158451,1,,,1,55,,1158476,1,,,1,15,,1158500,1,,,1,20,,1158488,1,,,1,20,,1158480,1,,,1,60,,1158469,1,,,1,20,,1085931,1,,,1,20,,1158503,1,,,1,64,,1158462,1,,,1,30,,1158513,1,,,1,70,,1158502,1,,,1,35,,1158501,1,,,1,71,,1158455,1,,,1
6800,'13',530,,1158523,1,,,1,100,,1158522,1,,,1,70,,1158541,1,,,1,30,,1158539,1,,,1,70,,1158550,1,,,1,30,,1158534,1,,,1,70,,1075379,1,,,1,30,,1158519,1,,,1,70,,1080404,1,,,1,30,,1158543,1,,,1,20,,1158525,1,,,1,60,,974442,1,,,1,20,,1158520,1,,,1,20,,1158531,1,,,1,60,,1158554,1,,,1,20,,1158544,1,,,1,20,,1158545,1,,,1,60,,1158536,1,,,1,20,,1158540,1,,,1,20,,1158537,1,,,1,60,,1158529,1,,,1,20,,1158526,1,,,1,20,,1158524,1,,,1,60,,1158530,1,,,1,20,,1158547,1,,,1,20,,1158533,1,,,1,60,,1158553,1,,,1,20,,1158546,1,,,1,20,,1158552,1,,,1,63,,1158551,1,,,1,30,,1158521,1,,,1,70,,1086588,1,,,1,30,,1158548,1,,,1,70,,1158517,1,,,1,30,,1158549,1,,,1,70,,1158518,1,,,1,30,,1158538,1,,,1,70,,1158532,1,,,1,30,,1158527,1,,,1,70,,1158535,1,,,1,30,,1158528,1,,,1,70,,1158542,1,,,1
6800,'14',429,,1158619,1,,,1,21,,1158596,1,,,1,70,,1158606,1,,,1,25,,1158598,1,,,1,66,,1158588,1,,,1,18,,1158583,1,,,1,29,,1158618,1,,,1,62,,1158614,1,,,1,23,,1158597,1,,,1,67,,1158564,1,,,1,17,,1158582,1,,,1,13,,1158591,1,,,1,15,,1158590,1,,,1,55,,1158609,1,,,1,15,,1158620,1,,,1,15,,1158569,1,,,1,15,,1158610,1,,,1,55,,1158612,1,,,1,15,,1158604,1,,,1,14,,1158623,1,,,1,15,,1158566,1,,,1,55,,1158617,1,,,1,15,,1158558,1,,,1,16,,1158560,1,,,1,16,,1158601,1,,,1,55,,1158571,1,,,1,15,,1158559,1,,,1,14,,1158556,1,,,1,14,,1158602,1,,,1,55,,1158595,1,,,1,15,,1158570,1,,,1,15,,1158625,1,,,1,17,,1158593,1,,,1,59,,1158599,1,,,1,40,,1158585,1,,,1,63,,1158572,1,,,1,18,,1158578,1,,,1,18,,1158555,1,,,1,63,,1158575,1,,,1,21,,1158616,1,,,1,17,,1158579,1,,,1,61,,1158574,1,,,1,21,,1158605,1,,,1,21,,1158584,1,,,1,56,,1158622,1,,,1,16,,1158561,1,,,1,15,,1158600,1,,,1,55,,1158563,1,,,1,16,,1158586,1,,,1,15,,1158562,1,,,1,15,,1158580,1,,,1,55,,1158621,1,,,1,15,,1158608,1,,,1,20,,1158589,1,,,1,20,,1158624,1,,,1,60,,1158615,1,,,1,20,,1158594,1,,,1,20,,1158567,1,,,1,64,,1158573,1,,,1,30,,1158611,1,,,1,70,,1158592,1,,,1,35,,1158557,1,,,1,71,,1158577,1,,,1
6800,'15',429,,1158646,1,,,1,21,,1158630,1,,,1,70,,1158683,1,,,1,25,,1158685,1,,,1,66,,1158652,1,,,1,18,,1158669,1,,,1,29,,1158629,1,,,1,62,,1158627,1,,,1,23,,1158688,1,,,1,67,,1158675,1,,,1,17,,1158631,1,,,1,13,,1158694,1,,,1,15,,1158673,1,,,1,55,,1158671,1,,,1,15,,1158670,1,,,1,15,,1158666,1,,,1,15,,1158643,1,,,1,55,,1158656,1,,,1,15,,1158674,1,,,1,14,,1158628,1,,,1,15,,1158689,1,,,1,55,,1158657,1,,,1,15,,1158649,1,,,1,16,,1158679,1,,,1,16,,1158651,1,,,1,55,,1158691,1,,,1,15,,1158658,1,,,1,14,,1158663,1,,,1,14,,1158677,1,,,1,55,,1158655,1,,,1,15,,1158654,1,,,1,15,,1158682,1,,,1,17,,1158640,1,,,1,59,,1158633,1,,,1,40,,1158676,1,,,1,63,,1158634,1,,,1,18,,1158693,1,,,1,18,,1158661,1,,,1,63,,1158644,1,,,1,21,,1158660,1,,,1,17,,1158636,1,,,1,61,,1158696,1,,,1,21,,1158638,1,,,1,21,,1158642,1,,,1,56,,1158639,1,,,1,16,,1158637,1,,,1,15,,1158635,1,,,1,55,,1158672,1,,,1,16,,1158653,1,,,1,15,,1158667,1,,,1,15,,1158659,1,,,1,55,,1158650,1,,,1,15,,1158645,1,,,1,20,,1158684,1,,,1,20,,1158695,1,,,1,60,,1158647,1,,,1,20,,1158687,1,,,1,20,,1158668,1,,,1,64,,1158641,1,,,1,30,,1158626,1,,,1,70,,1158681,1,,,1,35,,1158648,1,,,1,71,,1158686,1,,,1
6800,'16',429,,1158716,1,,,1,21,,1158721,1,,,1,70,,1158704,1,,,1,25,,1158697,1,,,1,66,,1158724,1,,,1,18,,1158727,1,,,1,29,,1158702,1,,,1,62,,1158720,1,,,1,23,,1081978,1,,,1,67,,1158701,1,,,1,17,,1158714,1,,,1,13,,1158739,1,,,1,15,,1158741,1,,,1,55,,1158713,1,,,1,15,,1158730,1,,,1,15,,1158723,1,,,1,15,,1158757,1,,,1,55,,1158759,1,,,1,15,,1064477,1,,,1,14,,1158705,1,,,1,15,,997072,1,,,1,55,,1158746,1,,,1,15,,1158726,1,,,1,16,,1158754,1,,,1,16,,1158698,1,,,1,55,,1158708,1,,,1,15,,1158712,1,,,1,14,,1158760,1,,,1,14,,1158747,1,,,1,55,,1158744,1,,,1,15,,1158745,1,,,1,15,,1158753,1,,,1,17,,1158756,1,,,1,59,,1158738,1,,,1,40,,1158743,1,,,1,63,,1158737,1,,,1,18,,1158755,1,,,1,18,,1158707,1,,,1,63,,1158709,1,,,1,21,,1158710,1,,,1,17,,1158731,1,,,1,61,,1158752,1,,,1,21,,1158732,1,,,1,21,,1158735,1,,,1,56,,1062651,1,,,1,16,,1094186,1,,,1,15,,1158733,1,,,1,55,,1158719,1,,,1,16,,1158740,1,,,1,15,,1158734,1,,,1,15,,1158700,1,,,1,55,,1158725,1,,,1,15,,1158748,1,,,1,20,,1158736,1,,,1,20,,1158729,1,,,1,60,,1158718,1,,,1,20,,1158699,1,,,1,20,,1158751,1,,,1,64,,1158711,1,,,1,30,,1158762,1,,,1,70,,1158750,1,,,1,35,,1158749,1,,,1,71,,1158703,1,,,1
6800,'17',530,,1158771,1,,,1,100,,1158770,1,,,1,70,,1158790,1,,,1,30,,1158788,1,,,1,70,,1158799,1,,,1,30,,1158783,1,,,1,70,,1158804,1,,,1,30,,1158767,1,,,1,70,,1158773,1,,,1,30,,1158792,1,,,1,20,,1158774,1,,,1,60,,1158763,1,,,1,20,,1158768,1,,,1,20,,1158780,1,,,1,60,,1158803,1,,,1,20,,1158793,1,,,1,20,,1158794,1,,,1,60,,1158785,1,,,1,20,,1158789,1,,,1,20,,1158786,1,,,1,60,,1158778,1,,,1,20,,1158775,1,,,1,20,,1158772,1,,,1,60,,1158779,1,,,1,20,,1158796,1,,,1,20,,1158782,1,,,1,60,,1158802,1,,,1,20,,1158795,1,,,1,20,,1158801,1,,,1,63,,1158800,1,,,1,30,,1158769,1,,,1,70,,1158764,1,,,1,30,,1158797,1,,,1,70,,1158765,1,,,1,30,,1158798,1,,,1,70,,1158766,1,,,1,30,,1158787,1,,,1,70,,1158781,1,,,1,30,,1158776,1,,,1,70,,1158784,1,,,1,30,,1158777,1,,,1,70,,1158791,1,,,1
6800,'2',528,,1158851,1,,,1,30,,1158820,1,,,1,70,,1158805,1,,,1,30,,1158809,1,,,1,70,,1158807,1,,,1,30,,1158817,1,,,1,70,,1158821,1,,,1,30,,1064307,1,,,1,70,,1158830,1,,,1,20,,1158844,1,,,1,55,,1158812,1,,,1,15,,1158822,1,,,1,15,,1158823,1,,,1,15,,1158845,1,,,1,55,,1087773,1,,,1,15,,1158839,1,,,1,15,,1158819,1,,,1,15,,1023964,1,,,1,55,,1158838,1,,,1,15,,1158811,1,,,1,15,,1158832,1,,,1,15,,1158840,1,,,1,55,,1158825,1,,,1,15,,1158816,1,,,1,15,,1158824,1,,,1,15,,1158827,1,,,1,55,,1051900,1,,,1,15,,1158836,1,,,1,15,,1158818,1,,,1,15,,1158833,1,,,1,55,,1158834,1,,,1,15,,1090365,1,,,1,15,,1158843,1,,,1,15,,1158852,1,,,1,55,,1158847,1,,,1,15,,1080362,1,,,1,15,,1158849,1,,,1,15,,1158835,1,,,1,55,,1158846,1,,,1,15,,1158806,1,,,1,19,,1158842,1,,,1,70,,1078492,1,,,1,30,,1158808,1,,,1,70,,1158829,1,,,1,30,,1158850,1,,,1,70,,1158828,1,,,1,30,,1158848,1,,,1,70,,1158810,1,,,1,30,,1158841,1,,,1,70,,1158813,1,,,1,30,,1158814,1,,,1,70,,1158837,1,,,1,30,,1158853,1,,,1,70,,1158815,1,,,1
6800,'3',530,,1158862,1,,,1,100,,1158861,1,,,1,70,,1158881,1,,,1,30,,1158879,1,,,1,70,,1158890,1,,,1,30,,1158874,1,,,1,70,,1158895,1,,,1,30,,1158858,1,,,1,70,,1158864,1,,,1,30,,1158883,1,,,1,20,,1158865,1,,,1,60,,1158854,1,,,1,20,,1158859,1,,,1,20,,1158871,1,,,1,60,,1158894,1,,,1,20,,1158884,1,,,1,20,,1158885,1,,,1,60,,1158876,1,,,1,20,,1158880,1,,,1,20,,1158877,1,,,1,60,,1158869,1,,,1,20,,1158866,1,,,1,20,,1158863,1,,,1,60,,1158870,1,,,1,20,,1158887,1,,,1,20,,1158873,1,,,1,60,,1158893,1,,,1,20,,1158886,1,,,1,20,,1158892,1,,,1,63,,1158891,1,,,1,30,,1158860,1,,,1,70,,1158855,1,,,1,30,,1158888,1,,,1,70,,1158856,1,,,1,30,,1158889,1,,,1,70,,1158857,1,,,1,30,,1158878,1,,,1,70,,1158872,1,,,1,30,,1158867,1,,,1,70,,1158875,1,,,1,30,,1158868,1,,,1,70,,1158882,1,,,1
6800,'4',530,,1086320,1,,,1,100,,1158920,1,,,1,70,,1062462,1,,,1,30,,1158898,1,,,1,70,,1158903,1,,,1,30,,1158912,1,,,1,70,,1158925,1,,,1,30,,1158926,1,,,1,70,,1034314,1,,,1,30,,1158921,1,,,1,20,,1158931,1,,,1,60,,1158906,1,,,1,20,,1158897,1,,,1,20,,1158902,1,,,1,60,,1158932,1,,,1,20,,1158899,1,,,1,20,,1158928,1,,,1,60,,1158916,1,,,1,20,,1158918,1,,,1,20,,1158905,1,,,1,60,,1158929,1,,,1,20,,1158923,1,,,1,20,,1158930,1,,,1,60,,1158910,1,,,1,20,,1158915,1,,,1,20,,1158911,1,,,1,60,,1158914,1,,,1,20,,1089726,1,,,1,20,,1158917,1,,,1,63,,1158922,1,,,1,30,,1026203,1,,,1,70,,1158904,1,,,1,30,,1158901,1,,,1,70,,1158896,1,,,1,30,,1158927,1,,,1,70,,1158907,1,,,1,30,,1158900,1,,,1,70,,1158913,1,,,1,30,,1158909,1,,,1,70,,1158908,1,,,1,30,,1158919,1,,,1,70,,1158924,1,,,1
6800,'5',429,,1158987,1,,,1,21,,1158968,1,,,1,70,,1158978,1,,,1,25,,1158970,1,,,1,66,,1158960,1,,,1,18,,1158955,1,,,1,29,,1045268,1,,,1,62,,1158986,1,,,1,23,,1158969,1,,,1,67,,1158939,1,,,1,17,,1032522,1,,,1,13,,1158963,1,,,1,15,,1158962,1,,,1,55,,1158981,1,,,1,15,,1158988,1,,,1,15,,1158943,1,,,1,15,,1158982,1,,,1,55,,1158984,1,,,1,15,,1158976,1,,,1,14,,1158991,1,,,1,15,,1158940,1,,,1,55,,1064896,1,,,1,15,,1158934,1,,,1,16,,1158936,1,,,1,16,,1158973,1,,,1,55,,1158945,1,,,1,15,,1158935,1,,,1,14,,1090824,1,,,1,14,,1158974,1,,,1,55,,1158967,1,,,1,15,,1158944,1,,,1,15,,1158992,1,,,1,17,,1158965,1,,,1,59,,1158971,1,,,1,40,,1158957,1,,,1,63,,1158946,1,,,1,18,,1158952,1,,,1,18,,1158933,1,,,1,63,,1158949,1,,,1,21,,1026567,1,,,1,17,,1158953,1,,,1,61,,1158948,1,,,1,21,,1158977,1,,,1,21,,1158956,1,,,1,56,,1158990,1,,,1,16,,1158937,1,,,1,15,,1158972,1,,,1,55,,1158938,1,,,1,16,,1158958,1,,,1,15,,1019070,1,,,1,15,,1158954,1,,,1,55,,1158989,1,,,1,15,,1158980,1,,,1,20,,1158961,1,,,1,20,,1023925,1,,,1,60,,937069,1,,,1,20,,1158966,1,,,1,20,,1158941,1,,,1,64,,1158947,1,,,1,30,,1158983,1,,,1,70,,1158964,1,,,1,35,,1084704,1,,,1,71,,1158951,1,,,1
6800,'6',429,,1159008,1,,,1,21,,1159013,1,,,1,70,,1158997,1,,,1,25,,1034275,1,,,1,66,,1159016,1,,,1,18,,1159019,1,,,1,29,,1100789,1,,,1,62,,1159012,1,,,1,23,,1158996,1,,,1,67,,1158995,1,,,1,17,,1159006,1,,,1,13,,1159032,1,,,1,15,,1159034,1,,,1,55,,1159005,1,,,1,15,,1159022,1,,,1,15,,1159015,1,,,1,15,,1159050,1,,,1,55,,1159052,1,,,1,15,,1159056,1,,,1,14,,1158998,1,,,1,15,,1159057,1,,,1,55,,1159039,1,,,1,15,,1159018,1,,,1,16,,1159047,1,,,1,16,,1158993,1,,,1,55,,1159000,1,,,1,15,,1159004,1,,,1,14,,1159053,1,,,1,14,,1159040,1,,,1,55,,1159037,1,,,1,15,,1159038,1,,,1,15,,1159046,1,,,1,17,,1159049,1,,,1,59,,1159031,1,,,1,40,,1159036,1,,,1,63,,1159030,1,,,1,18,,1159048,1,,,1,18,,1158999,1,,,1,63,,1159001,1,,,1,21,,1159002,1,,,1,17,,1159023,1,,,1,61,,1159045,1,,,1,21,,1159024,1,,,1,21,,1159028,1,,,1,56,,1159027,1,,,1,16,,1159055,1,,,1,15,,1159025,1,,,1,55,,1159011,1,,,1,16,,1159033,1,,,1,15,,1159026,1,,,1,15,,1019683,1,,,1,55,,1159017,1,,,1,15,,1159041,1,,,1,20,,1159029,1,,,1,20,,1159021,1,,,1,60,,1159010,1,,,1,20,,1158994,1,,,1,20,,1159044,1,,,1,64,,1159003,1,,,1,30,,1159054,1,,,1,70,,1159043,1,,,1,35,,1159042,1,,,1,71,,1076047,1,,,1
6800,'7',528,,1159061,1,,,1,30,,1159069,1,,,1,70,,1159067,1,,,1,30,,1159108,1,,,1,70,,1159097,1,,,1,30,,1159081,1,,,1,70,,1159065,1,,,1,30,,1159111,1,,,1,70,,1159109,1,,,1,20,,1159077,1,,,1,55,,1159072,1,,,1,15,,1159100,1,,,1,15,,1159103,1,,,1,15,,1159088,1,,,1,55,,1159076,1,,,1,15,,1159098,1,,,1,15,,1159094,1,,,1,15,,1159060,1,,,1,55,,1159058,1,,,1,15,,1159068,1,,,1,15,,1159064,1,,,1,15,,1159075,1,,,1,55,,1159070,1,,,1,15,,1159095,1,,,1,15,,1159101,1,,,1,15,,1159106,1,,,1,55,,1159112,1,,,1,15,,1159085,1,,,1,15,,1159082,1,,,1,15,,1159063,1,,,1,55,,1159102,1,,,1,15,,1159093,1,,,1,15,,1159083,1,,,1,15,,1159080,1,,,1,55,,1159086,1,,,1,15,,1159073,1,,,1,15,,1159078,1,,,1,15,,1159062,1,,,1,55,,1159071,1,,,1,15,,1159091,1,,,1,19,,1159096,1,,,1,70,,1159079,1,,,1,30,,1159087,1,,,1,70,,1159105,1,,,1,30,,1159099,1,,,1,70,,1159059,1,,,1,30,,1159084,1,,,1,70,,1159113,1,,,1,30,,1159090,1,,,1,70,,1159104,1,,,1,30,,1159092,1,,,1,70,,1159074,1,,,1,30,,1159107,1,,,1,70,,1159110,1,,,1
6800,'8',429,,1159134,1,,,1,21,,1159139,1,,,1,70,,1159122,1,,,1,25,,1159114,1,,,1,66,,1159142,1,,,1,18,,1159145,1,,,1,29,,1159119,1,,,1,62,,1159138,1,,,1,23,,1159120,1,,,1,67,,1159118,1,,,1,17,,1159132,1,,,1,13,,1159158,1,,,1,15,,1159160,1,,,1,55,,1159131,1,,,1,15,,1159148,1,,,1,15,,1159141,1,,,1,15,,1159176,1,,,1,55,,1159178,1,,,1,15,,1159183,1,,,1,14,,1159123,1,,,1,15,,1159184,1,,,1,55,,1159165,1,,,1,15,,1159144,1,,,1,16,,1159173,1,,,1,16,,1159115,1,,,1,55,,1159126,1,,,1,15,,1159130,1,,,1,14,,1159179,1,,,1,14,,1159166,1,,,1,55,,1159163,1,,,1,15,,1159164,1,,,1,15,,1159172,1,,,1,17,,1159175,1,,,1,59,,1159157,1,,,1,40,,1159162,1,,,1,63,,1159156,1,,,1,18,,1159174,1,,,1,18,,1159125,1,,,1,63,,1159127,1,,,1,21,,1159128,1,,,1,17,,1159149,1,,,1,61,,1159171,1,,,1,21,,1159150,1,,,1,21,,1159154,1,,,1,56,,1159153,1,,,1,16,,1159182,1,,,1,15,,1159151,1,,,1,55,,1159137,1,,,1,16,,1159159,1,,,1,15,,1159152,1,,,1,15,,1159117,1,,,1,55,,1159143,1,,,1,15,,1159167,1,,,1,20,,1159155,1,,,1,20,,1159147,1,,,1,60,,1159136,1,,,1,20,,1159116,1,,,1,20,,1159170,1,,,1,64,,1159129,1,,,1,30,,1159181,1,,,1,70,,1159169,1,,,1,35,,1159168,1,,,1,71,,1159121,1,,,1
6800,'9',429,,1159239,1,,,1,21,,1159220,1,,,1,70,,1159230,1,,,1,25,,1159222,1,,,1,66,,1159212,1,,,1,18,,1159207,1,,,1,29,,1045583,1,,,1,62,,1159238,1,,,1,23,,1159221,1,,,1,67,,1159191,1,,,1,17,,1032876,1,,,1,13,,1159215,1,,,1,15,,1159214,1,,,1,55,,1159233,1,,,1,15,,1159240,1,,,1,15,,1159195,1,,,1,15,,1159234,1,,,1,55,,1159236,1,,,1,15,,1159228,1,,,1,14,,1159243,1,,,1,15,,1159192,1,,,1,55,,1064822,1,,,1,15,,1159186,1,,,1,16,,1159188,1,,,1,16,,1159225,1,,,1,55,,1159197,1,,,1,15,,1159187,1,,,1,14,,1090689,1,,,1,14,,1159226,1,,,1,55,,1159219,1,,,1,15,,1159196,1,,,1,15,,1159244,1,,,1,17,,1159217,1,,,1,59,,1159223,1,,,1,40,,1159209,1,,,1,63,,1159198,1,,,1,18,,1159204,1,,,1,18,,1159185,1,,,1,63,,1159201,1,,,1,21,,1026804,1,,,1,17,,1159205,1,,,1,61,,1159200,1,,,1,21,,1159229,1,,,1,21,,1159208,1,,,1,56,,1159242,1,,,1,16,,1159189,1,,,1,15,,1159224,1,,,1,55,,1159190,1,,,1,16,,1159210,1,,,1,15,,1019232,1,,,1,15,,1159206,1,,,1,55,,1159241,1,,,1,15,,1159232,1,,,1,20,,1159213,1,,,1,20,,1024094,1,,,1,60,,937016,1,,,1,20,,1159218,1,,,1,20,,1159193,1,,,1,64,,1159199,1,,,1,30,,1159235,1,,,1,70,,1159216,1,,,1,35,,1084616,1,,,1,71,,1159203,1,,,1
6801,'1',517,,1095222,55,4,,1,30,,1159245,55,4,,1,72,,1159280,55,4,,1,37,,1159287,50,4,,1,62,,1159268,50,4,,1,16,,1021166,50,4,,1,15,,1159264,50,4,,1,59,,1159249,50,4,,1,27,,1159296,50,4,,1,17,,1159246,50,4,,1,61,,1159257,50,4,,1,19,,1159288,50,4,,1,20,,1159293,50,4,,1,55,,1159275,50,4,,1,15,,1063602,50,4,,1,14,,1159299,50,4,,1,15,,1159281,50,4,,1,55,,1159294,50,4,,1,15,,1159290,50,4,,1,15,,1159284,50,4,,1,17,,1159269,50,4,,1,57,,1159250,50,4,,1,15,,1159297,50,4,,1,15,,1159258,50,4,,1,15,,1159260,50,4,,1,56,,1071505,50,4,,1,16,,1159283,50,4,,1,15,,1100248,50,4,,1,15,,1159253,50,4,,1,56,,1159276,50,4,,1,15,,1159292,50,4,,1,19,,1159286,50,4,,1,55,,1067410,50,4,,1,13,,1159256,50,4,,1,17,,1159259,50,4,,1,15,,1081056,50,4,,1,55,,1159303,50,4,,1,36,,1159302,50,4,,1,21,,1159270,50,4,,1,64,,1159277,50,4,,1,24,,1159301,50,4,,1,58,,1159291,50,4,,1,25,,1101608,50,4,,1,23,,1159266,50,4,,1,52,,1159248,50,4,,1,12,,1159282,50,4,,1,18,,1159279,50,4,,1,19,,1159289,50,4,,1,57,,1159285,50,4,,1,20,,1086696,50,4,,1,20,,1159261,50,4,,1,60,,1070933,50,4,,1,20,,1159295,50,4,,1,20,,1159254,50,4,,1,60,,1159262,50,4,,1,19,,1159267,50,4,,1,18,,1159263,50,4,,1,60,,1159271,50,4,,1,20,,1093432,50,4,,1,16,,1159247,50,4,,1,61,,1159273,50,4,,1,27,,1159265,50,4,,1,70,,1159274,50,4,,1,31,,1159251,50,4,,1,69,,1159252,50,4,,1
6801,'10',517,,1094976,55,4,,1,30,,1159307,55,4,,1,72,,1159342,55,4,,1,37,,1159349,50,4,,1,62,,1159330,50,4,,1,16,,1021335,50,4,,1,15,,1159326,50,4,,1,59,,1159311,50,4,,1,27,,1159358,50,4,,1,17,,1159308,50,4,,1,61,,1159319,50,4,,1,19,,1159350,50,4,,1,20,,1159355,50,4,,1,55,,1159337,50,4,,1,15,,1063298,50,4,,1,14,,1159361,50,4,,1,15,,1159343,50,4,,1,55,,1159356,50,4,,1,15,,1159352,50,4,,1,15,,1159346,50,4,,1,17,,1159331,50,4,,1,57,,1159312,50,4,,1,15,,1159359,50,4,,1,15,,1159320,50,4,,1,15,,1159322,50,4,,1,56,,1071469,50,4,,1,16,,1159345,50,4,,1,15,,1100122,50,4,,1,15,,1159315,50,4,,1,56,,1159338,50,4,,1,15,,1159354,50,4,,1,19,,1159348,50,4,,1,55,,1067118,50,4,,1,13,,1159318,50,4,,1,17,,1159321,50,4,,1,15,,1080874,50,4,,1,55,,1159365,50,4,,1,36,,1159364,50,4,,1,21,,1159332,50,4,,1,64,,1159339,50,4,,1,24,,1159363,50,4,,1,58,,1159353,50,4,,1,25,,1101516,50,4,,1,23,,1159328,50,4,,1,52,,1159310,50,4,,1,12,,1159344,50,4,,1,18,,1159341,50,4,,1,19,,1159351,50,4,,1,57,,1159347,50,4,,1,20,,1086526,50,4,,1,20,,1159323,50,4,,1,60,,1070719,50,4,,1,20,,1159357,50,4,,1,20,,1159316,50,4,,1,60,,1159324,50,4,,1,19,,1159329,50,4,,1,18,,1159325,50,4,,1,60,,1159333,50,4,,1,20,,1093116,50,4,,1,16,,1159309,50,4,,1,61,,1159335,50,4,,1,27,,1159327,50,4,,1,70,,1159336,50,4,,1,31,,1159313,50,4,,1,69,,1159314,50,4,,1
6801,'11',517,,1095296,55,4,,1,30,,1159369,55,4,,1,72,,1159404,55,4,,1,37,,1159411,50,4,,1,62,,1159392,50,4,,1,16,,1021118,50,4,,1,15,,1159388,50,4,,1,59,,1159373,50,4,,1,27,,1159420,50,4,,1,17,,1159370,50,4,,1,61,,1159381,50,4,,1,19,,1159412,50,4,,1,20,,1159417,50,4,,1,55,,1159399,50,4,,1,15,,1063694,50,4,,1,14,,1159423,50,4,,1,15,,1159405,50,4,,1,55,,1159418,50,4,,1,15,,1159414,50,4,,1,15,,1159408,50,4,,1,17,,1159393,50,4,,1,57,,1159374,50,4,,1,15,,1159421,50,4,,1,15,,1159382,50,4,,1,15,,1159384,50,4,,1,56,,1071517,50,4,,1,16,,1159407,50,4,,1,15,,1100285,50,4,,1,15,,1159377,50,4,,1,56,,1159400,50,4,,1,15,,1159416,50,4,,1,19,,1159410,50,4,,1,55,,1067492,50,4,,1,13,,1159380,50,4,,1,17,,1159383,50,4,,1,15,,1081110,50,4,,1,55,,1159427,50,4,,1,36,,1159426,50,4,,1,21,,1159394,50,4,,1,64,,1159401,50,4,,1,24,,1159425,50,4,,1,58,,1159415,50,4,,1,25,,1101636,50,4,,1,23,,1159390,50,4,,1,52,,1159372,50,4,,1,12,,1159406,50,4,,1,18,,1159403,50,4,,1,19,,1159413,50,4,,1,57,,1159409,50,4,,1,20,,1086751,50,4,,1,20,,1159385,50,4,,1,60,,1070998,50,4,,1,20,,1159419,50,4,,1,20,,1159378,50,4,,1,60,,1159386,50,4,,1,19,,1159391,50,4,,1,18,,1159387,50,4,,1,60,,1159395,50,4,,1,20,,1093523,50,4,,1,16,,1159371,50,4,,1,61,,1159397,50,4,,1,27,,1159389,50,4,,1,70,,1159398,50,4,,1,31,,1159375,50,4,,1,69,,1159376,50,4,,1
6801,'12',517,,1064022,55,4,,1,30,,1074899,55,4,,1,72,,1159431,55,4,,1,37,,1159482,50,4,,1,62,,1159458,50,4,,1,16,,1159456,50,4,,1,15,,1159489,50,4,,1,59,,1159450,50,4,,1,27,,1159464,50,4,,1,17,,1159442,50,4,,1,61,,1159479,50,4,,1,19,,1098848,50,4,,1,20,,1159452,50,4,,1,55,,1159461,50,4,,1,15,,1159444,50,4,,1,14,,1159474,50,4,,1,15,,1159447,50,4,,1,55,,1159449,50,4,,1,15,,1159481,50,4,,1,15,,1159443,50,4,,1,17,,1159451,50,4,,1,57,,1159438,50,4,,1,15,,1159457,50,4,,1,15,,1159448,50,4,,1,15,,1087164,50,4,,1,56,,1159468,50,4,,1,16,,1159434,50,4,,1,15,,1159466,50,4,,1,15,,1159490,50,4,,1,56,,1159439,50,4,,1,15,,1159454,50,4,,1,19,,1159484,50,4,,1,55,,1159436,50,4,,1,13,,1159433,50,4,,1,17,,1159477,50,4,,1,15,,1159470,50,4,,1,55,,1071220,50,4,,1,36,,1159472,50,4,,1,21,,1159485,50,4,,1,64,,1159446,50,4,,1,24,,1014591,50,4,,1,58,,1092377,50,4,,1,25,,1159478,50,4,,1,23,,1159483,50,4,,1,52,,1011785,50,4,,1,12,,1159441,50,4,,1,18,,1159463,50,4,,1,19,,1159460,50,4,,1,57,,1159475,50,4,,1,20,,1159465,50,4,,1,20,,1159480,50,4,,1,60,,1159453,50,4,,1,20,,1159471,50,4,,1,20,,1159459,50,4,,1,60,,1030951,50,4,,1,19,,1159473,50,4,,1,18,,1159455,50,4,,1,60,,1159437,50,4,,1,20,,1159440,50,4,,1,16,,1159445,50,4,,1,61,,1159469,50,4,,1,27,,1159435,50,4,,1,70,,1159432,50,4,,1,31,,1159467,50,4,,1,69,,938901,50,4,,1
6801,'13',716,,1159508,50,4,,1,30,,1085435,50,4,,1,70,,1159518,50,4,,1,33,,1159525,50,4,,1,70,,1159521,50,4,,1,30,,1159502,50,4,,1,70,,1159528,50,4,,1,31,,1159527,50,4,,1,70,,1159498,50,4,,1,31,,1159501,50,4,,1,61,,1090414,50,4,,1,20,,1159524,50,4,,1,20,,1159493,50,4,,1,60,,1077834,50,4,,1,20,,1159516,50,4,,1,20,,1159500,50,4,,1,60,,1159520,50,4,,1,20,,1159496,50,4,,1,20,,1159522,50,4,,1,60,,1159529,50,4,,1,20,,1159504,50,4,,1,20,,1159506,50,4,,1,60,,1159511,50,4,,1,20,,1159515,50,4,,1,19,,1159495,50,4,,1,60,,1159494,50,4,,1,20,,1159507,50,4,,1,20,,1159499,50,4,,1,60,,1159517,50,4,,1,27,,1159510,50,4,,1,70,,1159509,50,4,,1,30,,1159526,50,4,,1,70,,1159492,50,4,,1,30,,1159519,50,4,,1,68,,1159514,50,4,,1,30,,1159497,50,4,,1,70,,1087925,50,4,,1,30,,1159503,50,4,,1,68,,1159523,50,4,,1,30,,1159512,50,4,,1,70,,1159513,50,4,,1,30,,1159505,50,4,,1
6801,'14',517,,1159595,55,4,,1,30,,1159530,55,4,,1,72,,1159571,55,4,,1,37,,1159578,50,4,,1,62,,1159559,50,4,,1,16,,1159543,50,4,,1,15,,1159555,50,4,,1,59,,1159537,50,4,,1,27,,1159587,50,4,,1,17,,1159532,50,4,,1,61,,1159548,50,4,,1,19,,1159579,50,4,,1,20,,1159584,50,4,,1,55,,1159566,50,4,,1,15,,1159533,50,4,,1,14,,1159590,50,4,,1,15,,1159572,50,4,,1,55,,1159585,50,4,,1,15,,1159581,50,4,,1,15,,1159575,50,4,,1,17,,1159560,50,4,,1,57,,1159539,50,4,,1,15,,1159588,50,4,,1,15,,1159549,50,4,,1,15,,1159551,50,4,,1,56,,1159544,50,4,,1,16,,1159574,50,4,,1,15,,1159535,50,4,,1,15,,1159542,50,4,,1,56,,1159567,50,4,,1,15,,1159583,50,4,,1,19,,1159577,50,4,,1,55,,1159593,50,4,,1,13,,1159547,50,4,,1,17,,1159550,50,4,,1,15,,1159601,50,4,,1,55,,1159597,50,4,,1,36,,1159596,50,4,,1,21,,1159561,50,4,,1,64,,1159568,50,4,,1,24,,1159592,50,4,,1,58,,1159582,50,4,,1,25,,1159531,50,4,,1,23,,1159557,50,4,,1,52,,1159536,50,4,,1,12,,1159573,50,4,,1,18,,1159570,50,4,,1,19,,1159580,50,4,,1,57,,1159576,50,4,,1,20,,1159594,50,4,,1,20,,1159552,50,4,,1,60,,1159538,50,4,,1,20,,1159586,50,4,,1,20,,1159545,50,4,,1,60,,1159553,50,4,,1,19,,1159558,50,4,,1,18,,1159554,50,4,,1,60,,1159562,50,4,,1,20,,1159602,50,4,,1,16,,1159534,50,4,,1,61,,1159564,50,4,,1,27,,1159556,50,4,,1,70,,1159565,50,4,,1,31,,1159540,50,4,,1,69,,1159541,50,4,,1
6801,'15',517,,1159645,55,4,,1,30,,1159604,55,4,,1,72,,1159668,55,4,,1,37,,1159652,50,4,,1,62,,1159616,50,4,,1,16,,1159650,50,4,,1,15,,1159658,50,4,,1,59,,1159673,50,4,,1,27,,1159640,50,4,,1,17,,1159624,50,4,,1,61,,1159637,50,4,,1,19,,1159605,50,4,,1,20,,1159622,50,4,,1,55,,1159655,50,4,,1,15,,1159663,50,4,,1,14,,1159618,50,4,,1,15,,1159660,50,4,,1,55,,1159607,50,4,,1,15,,1159647,50,4,,1,15,,1159625,50,4,,1,17,,1159621,50,4,,1,57,,1159666,50,4,,1,15,,1159661,50,4,,1,15,,1159629,50,4,,1,15,,1159646,50,4,,1,56,,1159611,50,4,,1,16,,1159644,50,4,,1,15,,1159631,50,4,,1,15,,1159669,50,4,,1,56,,1159608,50,4,,1,15,,1159619,50,4,,1,19,,1159649,50,4,,1,55,,1159632,50,4,,1,13,,1159653,50,4,,1,17,,1159664,50,4,,1,15,,1159617,50,4,,1,55,,1159636,50,4,,1,36,,1159612,50,4,,1,21,,1159657,50,4,,1,64,,1159633,50,4,,1,24,,1159670,50,4,,1,58,,1159667,50,4,,1,25,,1159648,50,4,,1,23,,1159659,50,4,,1,52,,1159626,50,4,,1,12,,1159613,50,4,,1,18,,1159665,50,4,,1,19,,1159639,50,4,,1,57,,1159609,50,4,,1,20,,1159623,50,4,,1,20,,1159662,50,4,,1,60,,1159628,50,4,,1,20,,1159651,50,4,,1,20,,1159615,50,4,,1,60,,1159642,50,4,,1,19,,1159635,50,4,,1,18,,1159675,50,4,,1,60,,1159643,50,4,,1,20,,1159674,50,4,,1,16,,1159620,50,4,,1,61,,1159614,50,4,,1,27,,1159606,50,4,,1,70,,1159610,50,4,,1,31,,1159603,50,4,,1,69,,1159634,50,4,,1
6801,'16',517,,1159719,55,4,,1,30,,1159687,55,4,,1,72,,1075027,55,4,,1,37,,1159728,50,4,,1,62,,1159705,50,4,,1,16,,1159703,50,4,,1,15,,1159735,50,4,,1,59,,1159695,50,4,,1,27,,1159711,50,4,,1,17,,1091332,50,4,,1,61,,1159725,50,4,,1,19,,1159738,50,4,,1,20,,1159698,50,4,,1,55,,1159708,50,4,,1,15,,1159689,50,4,,1,14,,1091340,50,4,,1,15,,1159692,50,4,,1,55,,1159694,50,4,,1,15,,1159727,50,4,,1,15,,1073876,50,4,,1,17,,1159697,50,4,,1,57,,1159682,50,4,,1,15,,1159704,50,4,,1,15,,1159693,50,4,,1,15,,1159736,50,4,,1,56,,1159715,50,4,,1,16,,1159679,50,4,,1,15,,1159713,50,4,,1,15,,1091656,50,4,,1,56,,1088180,50,4,,1,15,,1159700,50,4,,1,19,,1159731,50,4,,1,55,,1065487,50,4,,1,13,,1159678,50,4,,1,17,,978188,50,4,,1,15,,1159717,50,4,,1,55,,1159729,50,4,,1,36,,1159720,50,4,,1,21,,1159732,50,4,,1,64,,1159691,50,4,,1,24,,1159688,50,4,,1,58,,1159686,50,4,,1,25,,1159724,50,4,,1,23,,1159730,50,4,,1,52,,1159702,50,4,,1,12,,1159685,50,4,,1,18,,1159710,50,4,,1,19,,1159707,50,4,,1,57,,1159722,50,4,,1,20,,1159712,50,4,,1,20,,1159726,50,4,,1,60,,1159699,50,4,,1,20,,1159718,50,4,,1,20,,1159706,50,4,,1,60,,1159676,50,4,,1,19,,1159721,50,4,,1,18,,1159701,50,4,,1,60,,1159681,50,4,,1,20,,1159684,50,4,,1,16,,1159690,50,4,,1,61,,1159716,50,4,,1,27,,1159680,50,4,,1,70,,1159677,50,4,,1,31,,1159714,50,4,,1,69,,1159683,50,4,,1
6801,'17',716,,1159758,50,4,,1,30,,1159741,50,4,,1,70,,1159768,50,4,,1,33,,1159775,50,4,,1,70,,1159771,50,4,,1,30,,1159752,50,4,,1,70,,1159779,50,4,,1,31,,1159777,50,4,,1,70,,1159748,50,4,,1,31,,1159751,50,4,,1,61,,1159778,50,4,,1,20,,1159774,50,4,,1,20,,1159742,50,4,,1,60,,1159740,50,4,,1,20,,1159766,50,4,,1,20,,1159750,50,4,,1,60,,1159770,50,4,,1,20,,1159746,50,4,,1,20,,1159772,50,4,,1,60,,1159780,50,4,,1,20,,1159754,50,4,,1,20,,1159756,50,4,,1,60,,1159761,50,4,,1,20,,1159765,50,4,,1,19,,1159745,50,4,,1,60,,1159743,50,4,,1,20,,1159757,50,4,,1,20,,1159749,50,4,,1,60,,1159767,50,4,,1,27,,1159760,50,4,,1,70,,1159759,50,4,,1,30,,1159776,50,4,,1,70,,1159739,50,4,,1,30,,1159769,50,4,,1,68,,1159764,50,4,,1,30,,1159747,50,4,,1,70,,1159744,50,4,,1,30,,1159753,50,4,,1,68,,1159773,50,4,,1,30,,1159762,50,4,,1,70,,1159763,50,4,,1,30,,1159755,50,4,,1
6801,'2',719,,1159792,50,4,,1,30,,1159824,50,4,,1,70,,1159820,50,4,,1,33,,1159825,50,4,,1,71,,1159815,50,4,,1,30,,1159811,50,4,,1,70,,1159800,50,4,,1,31,,1159822,50,4,,1,71,,1159814,50,4,,1,32,,1159812,50,4,,1,70,,1159810,50,4,,1,15,,1159781,50,4,,1,15,,1159802,50,4,,1,55,,1159786,50,4,,1,15,,1159799,50,4,,1,15,,1159793,50,4,,1,15,,1019764,50,4,,1,55,,1159809,50,4,,1,15,,1159805,50,4,,1,15,,1159808,50,4,,1,15,,1159794,50,4,,1,55,,1159803,50,4,,1,15,,1159804,50,4,,1,15,,1067144,50,4,,1,15,,1159813,50,4,,1,55,,1159823,50,4,,1,15,,1159796,50,4,,1,15,,1159818,50,4,,1,14,,1159783,50,4,,1,55,,1159782,50,4,,1,15,,1036726,50,4,,1,15,,1159821,50,4,,1,15,,1073325,50,4,,1,55,,1159798,50,4,,1,15,,1159787,50,4,,1,15,,1159788,50,4,,1,15,,1159785,50,4,,1,55,,1159797,50,4,,1,15,,1159817,50,4,,1,30,,1159791,50,4,,1,70,,1159806,50,4,,1,28,,1076125,50,4,,1,70,,1159789,50,4,,1,30,,1159819,50,4,,1,70,,1159807,50,4,,1,28,,1159801,50,4,,1,70,,1159816,50,4,,1,30,,1159790,50,4,,1,70,,1068747,50,4,,1,30,,1159784,50,4,,1,70,,1159795,50,4,,1
6801,'3',716,,1159845,50,4,,1,30,,1159828,50,4,,1,70,,1159855,50,4,,1,33,,1159862,50,4,,1,70,,1159858,50,4,,1,30,,1159839,50,4,,1,70,,1159866,50,4,,1,31,,1159864,50,4,,1,70,,1159835,50,4,,1,31,,1159838,50,4,,1,61,,1159865,50,4,,1,20,,1159861,50,4,,1,20,,1159829,50,4,,1,60,,1159827,50,4,,1,20,,1159853,50,4,,1,20,,1159837,50,4,,1,60,,1159857,50,4,,1,20,,1159833,50,4,,1,20,,1159859,50,4,,1,60,,1159867,50,4,,1,20,,1159841,50,4,,1,20,,1159843,50,4,,1,60,,1159848,50,4,,1,20,,1159852,50,4,,1,19,,1159832,50,4,,1,60,,1159830,50,4,,1,20,,1159844,50,4,,1,20,,1159836,50,4,,1,60,,1159854,50,4,,1,27,,1159847,50,4,,1,70,,1159846,50,4,,1,30,,1159863,50,4,,1,70,,1159826,50,4,,1,30,,1159856,50,4,,1,68,,1159851,50,4,,1,30,,1159834,50,4,,1,70,,1159831,50,4,,1,30,,1159840,50,4,,1,68,,1159860,50,4,,1,30,,1159849,50,4,,1,70,,1159850,50,4,,1,30,,1159842,50,4,,1
6801,'4',716,,1060793,50,4,,1,30,,1159876,50,4,,1,70,,1088617,50,4,,1,33,,1063969,50,4,,1,70,,1159880,50,4,,1,30,,1159897,50,4,,1,70,,1159883,50,4,,1,31,,1159882,50,4,,1,70,,1159873,50,4,,1,31,,1159879,50,4,,1,61,,1159885,50,4,,1,20,,1159881,50,4,,1,20,,1159896,50,4,,1,60,,1047805,50,4,,1,20,,1159893,50,4,,1,20,,1159878,50,4,,1,60,,1159892,50,4,,1,20,,1159877,50,4,,1,20,,1159887,50,4,,1,60,,1159870,50,4,,1,20,,1159898,50,4,,1,20,,1159884,50,4,,1,60,,1159888,50,4,,1,20,,1159868,50,4,,1,19,,1159875,50,4,,1,60,,1159872,50,4,,1,20,,1057682,50,4,,1,20,,1159900,50,4,,1,60,,1159894,50,4,,1,27,,1159902,50,4,,1,70,,1159874,50,4,,1,30,,1159899,50,4,,1,70,,1159889,50,4,,1,30,,1159890,50,4,,1,68,,1159901,50,4,,1,30,,1069759,50,4,,1,70,,1159871,50,4,,1,30,,1159869,50,4,,1,68,,1159886,50,4,,1,30,,1159895,50,4,,1,70,,1159891,50,4,,1,30,,1059060,50,4,,1
6801,'5',517,,1095174,55,4,,1,30,,1159903,55,4,,1,72,,1159938,55,4,,1,37,,1159945,50,4,,1,62,,1159926,50,4,,1,16,,1020882,50,4,,1,15,,1159922,50,4,,1,59,,1159907,50,4,,1,27,,1159954,50,4,,1,17,,1159904,50,4,,1,61,,1159915,50,4,,1,19,,1159946,50,4,,1,20,,1159951,50,4,,1,55,,1159933,50,4,,1,15,,1063562,50,4,,1,14,,1159957,50,4,,1,15,,1159939,50,4,,1,55,,1159952,50,4,,1,15,,1159948,50,4,,1,15,,1159942,50,4,,1,17,,1159927,50,4,,1,57,,1159908,50,4,,1,15,,1159955,50,4,,1,15,,1159916,50,4,,1,15,,1159918,50,4,,1,56,,1071493,50,4,,1,16,,1159941,50,4,,1,15,,1100228,50,4,,1,15,,1159911,50,4,,1,56,,1159934,50,4,,1,15,,1159950,50,4,,1,19,,1159944,50,4,,1,55,,1067368,50,4,,1,13,,1159914,50,4,,1,17,,1159917,50,4,,1,15,,1081027,50,4,,1,55,,1159961,50,4,,1,36,,1159960,50,4,,1,21,,1159928,50,4,,1,64,,1159935,50,4,,1,24,,1159959,50,4,,1,58,,1159949,50,4,,1,25,,1101591,50,4,,1,23,,1159924,50,4,,1,52,,1159906,50,4,,1,12,,1159940,50,4,,1,18,,1159937,50,4,,1,19,,1159947,50,4,,1,57,,1159943,50,4,,1,20,,1086670,50,4,,1,20,,1159919,50,4,,1,60,,1070894,50,4,,1,20,,1159953,50,4,,1,20,,1159912,50,4,,1,60,,1159920,50,4,,1,19,,1159925,50,4,,1,18,,1159921,50,4,,1,60,,1159929,50,4,,1,20,,1093377,50,4,,1,16,,1159905,50,4,,1,61,,1159931,50,4,,1,27,,1159923,50,4,,1,70,,1159932,50,4,,1,31,,1159909,50,4,,1,69,,1159910,50,4,,1
6801,'6',517,,1160006,55,4,,1,30,,1159974,55,4,,1,72,,1159965,55,4,,1,37,,1160017,50,4,,1,62,,1159992,50,4,,1,16,,1159990,50,4,,1,15,,1088983,50,4,,1,59,,1159982,50,4,,1,27,,1159998,50,4,,1,17,,1159971,50,4,,1,61,,1160014,50,4,,1,19,,1160025,50,4,,1,20,,1159985,50,4,,1,55,,1159995,50,4,,1,15,,1159976,50,4,,1,14,,1160009,50,4,,1,15,,1159979,50,4,,1,55,,1159981,50,4,,1,15,,1160016,50,4,,1,15,,1159973,50,4,,1,17,,1159984,50,4,,1,57,,1038908,50,4,,1,15,,1159991,50,4,,1,15,,1159980,50,4,,1,15,,1160023,50,4,,1,56,,1160002,50,4,,1,16,,1071751,50,4,,1,15,,1160000,50,4,,1,15,,1160026,50,4,,1,56,,1159969,50,4,,1,15,,1159987,50,4,,1,19,,1160020,50,4,,1,55,,1159968,50,4,,1,13,,1043190,50,4,,1,17,,1160012,50,4,,1,15,,1160004,50,4,,1,55,,1160018,50,4,,1,36,,1160007,50,4,,1,21,,1160021,50,4,,1,64,,1159978,50,4,,1,24,,1159975,50,4,,1,58,,1159972,50,4,,1,25,,1160013,50,4,,1,23,,1160019,50,4,,1,52,,1159989,50,4,,1,12,,1026125,50,4,,1,18,,1159997,50,4,,1,19,,1159994,50,4,,1,57,,1160010,50,4,,1,20,,1159999,50,4,,1,20,,1160015,50,4,,1,60,,1159986,50,4,,1,20,,1160005,50,4,,1,20,,1159993,50,4,,1,60,,1159966,50,4,,1,19,,1160008,50,4,,1,18,,1159988,50,4,,1,60,,1073682,50,4,,1,20,,1101657,50,4,,1,16,,1159977,50,4,,1,61,,1160003,50,4,,1,27,,988787,50,4,,1,70,,1159967,50,4,,1,31,,1160001,50,4,,1,69,,1159970,50,4,,1
6801,'7',719,,1160048,50,4,,1,30,,1160044,50,4,,1,70,,1160057,50,4,,1,33,,1160046,50,4,,1,71,,1160028,50,4,,1,30,,1160069,50,4,,1,70,,1160040,50,4,,1,31,,1160042,50,4,,1,71,,1160039,50,4,,1,32,,1160060,50,4,,1,70,,1160054,50,4,,1,15,,1160050,50,4,,1,15,,1160032,50,4,,1,55,,1160062,50,4,,1,15,,1160077,50,4,,1,15,,1160053,50,4,,1,15,,1160056,50,4,,1,55,,1160068,50,4,,1,15,,1160038,50,4,,1,15,,1160078,50,4,,1,15,,1160058,50,4,,1,55,,1160041,50,4,,1,15,,1160067,50,4,,1,15,,1160035,50,4,,1,15,,1160037,50,4,,1,55,,1160073,50,4,,1,15,,1160031,50,4,,1,15,,1160047,50,4,,1,14,,1160034,50,4,,1,55,,1160071,50,4,,1,15,,1160049,50,4,,1,15,,1160064,50,4,,1,15,,1160075,50,4,,1,55,,1160076,50,4,,1,15,,1160059,50,4,,1,15,,1160065,50,4,,1,15,,1160029,50,4,,1,55,,1160036,50,4,,1,15,,1160070,50,4,,1,30,,1160072,50,4,,1,70,,1160066,50,4,,1,28,,1160061,50,4,,1,70,,1160055,50,4,,1,30,,1160030,50,4,,1,70,,1160074,50,4,,1,28,,1160051,50,4,,1,70,,1160063,50,4,,1,30,,1160052,50,4,,1,70,,1160033,50,4,,1,30,,1160043,50,4,,1,70,,1160045,50,4,,1
6801,'8',517,,1160127,55,4,,1,30,,1160095,55,4,,1,72,,1160079,55,4,,1,37,,1160138,50,4,,1,62,,1160113,50,4,,1,16,,1160111,50,4,,1,15,,1160146,50,4,,1,59,,1160103,50,4,,1,27,,1160119,50,4,,1,17,,1160092,50,4,,1,61,,1160135,50,4,,1,19,,1160149,50,4,,1,20,,1160106,50,4,,1,55,,1160116,50,4,,1,15,,1160097,50,4,,1,14,,1160130,50,4,,1,15,,1160100,50,4,,1,55,,1160102,50,4,,1,15,,1160137,50,4,,1,15,,1160094,50,4,,1,17,,1160105,50,4,,1,57,,1160087,50,4,,1,15,,1160112,50,4,,1,15,,1160101,50,4,,1,15,,1160147,50,4,,1,56,,1160123,50,4,,1,16,,1160083,50,4,,1,15,,1160121,50,4,,1,15,,1160150,50,4,,1,56,,1160088,50,4,,1,15,,1160108,50,4,,1,19,,1160141,50,4,,1,55,,1160085,50,4,,1,13,,1160082,50,4,,1,17,,1160133,50,4,,1,15,,1160125,50,4,,1,55,,1160139,50,4,,1,36,,1160128,50,4,,1,21,,1160142,50,4,,1,64,,1160099,50,4,,1,24,,1160096,50,4,,1,58,,1160093,50,4,,1,25,,1160134,50,4,,1,23,,1160140,50,4,,1,52,,1160110,50,4,,1,12,,1160091,50,4,,1,18,,1160118,50,4,,1,19,,1160115,50,4,,1,57,,1160131,50,4,,1,20,,1160120,50,4,,1,20,,1160136,50,4,,1,60,,1160107,50,4,,1,20,,1160126,50,4,,1,20,,1160114,50,4,,1,60,,1160080,50,4,,1,19,,1160129,50,4,,1,18,,1160109,50,4,,1,60,,1160086,50,4,,1,20,,1160090,50,4,,1,16,,1160098,50,4,,1,61,,1160124,50,4,,1,27,,1160084,50,4,,1,70,,1160081,50,4,,1,31,,1160122,50,4,,1,69,,1160089,50,4,,1
6801,'9',517,,1095050,55,4,,1,30,,1160152,55,4,,1,72,,1160187,55,4,,1,37,,1160194,50,4,,1,62,,1160175,50,4,,1,16,,1021214,50,4,,1,15,,1160171,50,4,,1,59,,1160156,50,4,,1,27,,1160203,50,4,,1,17,,1160153,50,4,,1,61,,1160164,50,4,,1,19,,1160195,50,4,,1,20,,1160200,50,4,,1,55,,1160182,50,4,,1,15,,1063391,50,4,,1,14,,1160206,50,4,,1,15,,1160188,50,4,,1,55,,1160201,50,4,,1,15,,1160197,50,4,,1,15,,1160191,50,4,,1,17,,1160176,50,4,,1,57,,1160157,50,4,,1,15,,1160204,50,4,,1,15,,1160165,50,4,,1,15,,1160167,50,4,,1,56,,1071481,50,4,,1,16,,1160190,50,4,,1,15,,1100160,50,4,,1,15,,1160160,50,4,,1,56,,1160183,50,4,,1,15,,1160199,50,4,,1,19,,1160193,50,4,,1,55,,1067210,50,4,,1,13,,1160163,50,4,,1,17,,1160166,50,4,,1,15,,1080935,50,4,,1,55,,1160210,50,4,,1,36,,1160209,50,4,,1,21,,1160177,50,4,,1,64,,1160184,50,4,,1,24,,1160208,50,4,,1,58,,1160198,50,4,,1,25,,1101543,50,4,,1,23,,1160173,50,4,,1,52,,1160155,50,4,,1,12,,1160189,50,4,,1,18,,1160186,50,4,,1,19,,1160196,50,4,,1,57,,1160192,50,4,,1,20,,1086582,50,4,,1,20,,1160168,50,4,,1,60,,1070786,50,4,,1,20,,1160202,50,4,,1,20,,1160161,50,4,,1,60,,1160169,50,4,,1,19,,1160174,50,4,,1,18,,1160170,50,4,,1,60,,1160178,50,4,,1,20,,1093221,50,4,,1,16,,1160154,50,4,,1,61,,1160180,50,4,,1,27,,1160172,50,4,,1,70,,1160181,50,4,,1,31,,1160158,50,4,,1,69,,1160159,50,4,,1
16100,'1',530,,1189841,1,0,44,1,70,,1189846,1,0,44,1,15,,1189852,1,0,44,1,30,,1189847,1,0,44,1,70,,1189848,1,0,44,1,30,,941636,1,0,44,1,71,,1189831,1,0,44,1,29,,1189829,1,0,44,1,70,,1189826,1,0,44,1,30,,1189827,1,0,44,1,70,,1189833,1,0,44,1,30,,1189834,1,0,44,1,70,,1189849,1,0,44,1,30,,1189840,1,0,44,1,70,,1189830,1,0,44,1,30,,1050835,1,0,44,1,70,,1189837,1,0,44,1,30,,1189851,1,0,44,1,70,,1005998,1,0,44,1,30,,1189843,1,0,44,1,64,,1189842,13,0,44,1,6,,1189850,1,0,44,1,4,,1189838,13,0,44,1,28,,1189844,1,,,1,68,,1069825,1,,,1,30,,1063611,1,,,1,70,,1189836,1,,,1,30,,1189845,1,,,1,70,,1189832,1,,,1,30,,1189835,1,,,1,70,,1036010,1,0,44,1,30,,1007270,1,0,44,1,70,,1189839,1,0,44,1,30,,1189853,1,0,44,1,70,,1189828,1,0,44,1,30,,1098875,1,0,44,1,100,,1069814,1,0,44,1
16100,'10',530,,1189869,1,0,44,1,70,,1189874,1,0,44,1,15,,1189880,1,0,44,1,30,,1189875,1,0,44,1,70,,1189876,1,0,44,1,30,,941363,1,0,44,1,71,,1189859,1,0,44,1,29,,1189857,1,0,44,1,70,,1189854,1,0,44,1,30,,1189855,1,0,44,1,70,,1189861,1,0,44,1,30,,1189862,1,0,44,1,70,,1189877,1,0,44,1,30,,1189868,1,0,44,1,70,,1189858,1,0,44,1,30,,1051011,1,0,44,1,70,,1189865,1,0,44,1,30,,1189879,1,0,44,1,70,,1006095,1,0,44,1,30,,1189871,1,0,44,1,64,,1189870,13,0,44,1,6,,1189878,1,0,44,1,4,,1189866,13,0,44,1,28,,1189872,1,,,1,68,,1069680,1,,,1,30,,1063307,1,,,1,70,,1189864,1,,,1,30,,1189873,1,,,1,70,,1189860,1,,,1,30,,1189863,1,,,1,70,,1036228,1,0,44,1,30,,1007279,1,0,44,1,70,,1189867,1,0,44,1,30,,1189881,1,0,44,1,70,,1189856,1,0,44,1,30,,1098784,1,0,44,1,100,,1069669,1,0,44,1
16100,'11',530,,1189897,1,0,44,1,70,,1189902,1,0,44,1,15,,1189908,1,0,44,1,30,,1189903,1,0,44,1,70,,1189904,1,0,44,1,30,,941586,1,0,44,1,71,,1189887,1,0,44,1,29,,1189885,1,0,44,1,70,,1189882,1,0,44,1,30,,1189883,1,0,44,1,70,,1189889,1,0,44,1,30,,1189890,1,0,44,1,70,,1189905,1,0,44,1,30,,1189896,1,0,44,1,70,,1189886,1,0,44,1,30,,1050783,1,0,44,1,70,,1189893,1,0,44,1,30,,1189907,1,0,44,1,70,,1005968,1,0,44,1,30,,1189899,1,0,44,1,64,,1189898,13,0,44,1,6,,1189906,1,0,44,1,4,,1189894,13,0,44,1,28,,1189900,1,,,1,68,,1069869,1,,,1,30,,1063703,1,,,1,70,,1189892,1,,,1,30,,1189901,1,,,1,70,,1189888,1,,,1,30,,1189891,1,,,1,70,,1035947,1,0,44,1,30,,1007267,1,0,44,1,70,,1189895,1,0,44,1,30,,1189909,1,0,44,1,70,,1189884,1,0,44,1,30,,1098903,1,0,44,1,100,,1069858,1,0,44,1
16100,'12',530,,1189916,1,0,44,1,70,,1091851,1,0,44,1,15,,1189911,1,0,44,1,30,,1097767,1,0,44,1,70,,1189914,1,0,44,1,30,,1189936,1,0,44,1,71,,1189931,1,0,44,1,29,,1189910,1,0,44,1,70,,1189928,1,0,44,1,30,,1189923,1,0,44,1,70,,1189940,1,0,44,1,30,,1189915,1,0,44,1,70,,1189933,1,0,44,1,30,,1189932,1,0,44,1,70,,1081296,1,0,44,1,30,,975741,1,0,44,1,70,,1189913,1,0,44,1,30,,1189922,1,0,44,1,70,,983286,1,0,44,1,30,,1096374,1,0,44,1,64,,1189939,13,0,44,1,6,,1189938,1,0,44,1,4,,1189926,13,0,44,1,28,,1189934,1,,,1,68,,1189930,1,,,1,30,,1189924,1,,,1,70,,1189920,1,,,1,30,,1189925,1,,,1,70,,1189917,1,,,1,30,,1189919,1,,,1,70,,1189929,1,0,44,1,30,,1189918,1,0,44,1,70,,1189937,1,0,44,1,30,,1189912,1,0,44,1,70,,1189927,1,0,44,1,30,,1189935,1,0,44,1,100,,1189921,1,0,44,1
16100,'13',705,,1189944,1,0,44,1,100,,1189947,1,0,44,1,100,,1085156,1,0,44,1,100,,1069259,1,0,44,1,100,,1189943,1,0,44,1,100,,1189948,1,0,44,1,100,,1189941,1,0,44,1,100,,1189953,1,0,44,1,100,,1189951,1,0,44,1,100,,1189955,1,0,44,1,100,,1189949,1,0,44,1,100,,1189945,1,0,44,1,100,,1189946,1,0,44,1,100,,1189942,1,0,44,1,100,,1189952,1,0,44,1,100,,1189954,1,0,44,1,100,,1189950,1,0,44,1
16100,'14',530,,1189980,1,0,44,1,70,,1189985,1,0,44,1,15,,1189991,1,0,44,1,30,,1189986,1,0,44,1,70,,1189987,1,0,44,1,30,,1189956,1,0,44,1,71,,1189969,1,0,44,1,29,,1189966,1,0,44,1,70,,1189957,1,0,44,1,30,,1189961,1,0,44,1,70,,1189971,1,0,44,1,30,,1189972,1,0,44,1,70,,1189988,1,0,44,1,30,,1189979,1,0,44,1,70,,1189968,1,0,44,1,30,,1189959,1,0,44,1,70,,1189975,1,0,44,1,30,,1189990,1,0,44,1,70,,1189965,1,0,44,1,30,,1189982,1,0,44,1,64,,1189981,13,0,44,1,6,,1189989,1,0,44,1,4,,1189977,13,0,44,1,28,,1189983,1,,,1,68,,1189976,1,,,1,30,,1189963,1,,,1,70,,1189974,1,,,1,30,,1189984,1,,,1,70,,1189970,1,,,1,30,,1189973,1,,,1,70,,1189964,1,0,44,1,30,,1189960,1,0,44,1,70,,1189978,1,0,44,1,30,,1189992,1,0,44,1,70,,1189962,1,0,44,1,30,,1189967,1,0,44,1,100,,1189958,1,0,44,1
16100,'15',530,,1190017,1,0,44,1,70,,1189994,1,0,44,1,15,,1190022,1,0,44,1,30,,1189993,1,0,44,1,70,,1190011,1,0,44,1,30,,1190016,1,0,44,1,71,,1190023,1,0,44,1,29,,1190010,1,0,44,1,70,,1190003,1,0,44,1,30,,1190018,1,0,44,1,70,,1190012,1,0,44,1,30,,1190025,1,0,44,1,70,,1190019,1,0,44,1,30,,1190027,1,0,44,1,70,,1190007,1,0,44,1,30,,1189997,1,0,44,1,70,,1190005,1,0,44,1,30,,1190014,1,0,44,1,70,,1190001,1,0,44,1,30,,1190026,1,0,44,1,64,,1190002,13,0,44,1,6,,1190029,1,0,44,1,4,,1190028,13,0,44,1,28,,1189995,1,,,1,68,,1190004,1,,,1,30,,1190021,1,,,1,70,,1190020,1,,,1,30,,1190000,1,,,1,70,,1190015,1,,,1,30,,1190009,1,,,1,70,,1190013,1,0,44,1,30,,1190006,1,0,44,1,70,,1189999,1,0,44,1,30,,1189998,1,0,44,1,70,,1190024,1,0,44,1,30,,1190008,1,0,44,1,100,,1189996,1,0,44,1
16100,'16',530,,1190037,1,0,44,1,70,,1190060,1,0,44,1,15,,1086708,1,0,44,1,30,,1190032,1,0,44,1,70,,1190033,1,0,44,1,30,,1190056,1,0,44,1,71,,1190051,1,0,44,1,29,,1089230,1,0,44,1,70,,1190049,1,0,44,1,30,,1190044,1,0,44,1,70,,1022127,1,0,44,1,30,,1013538,1,0,44,1,70,,1190053,1,0,44,1,30,,1190052,1,0,44,1,70,,1190035,1,0,44,1,30,,1190036,1,0,44,1,70,,922163,1,0,44,1,30,,1190043,1,0,44,1,70,,1190030,1,0,44,1,30,,1190034,1,0,44,1,64,,1190059,13,0,44,1,6,,1190058,1,0,44,1,4,,1190047,13,0,44,1,28,,1190054,1,,,1,68,,1190050,1,,,1,30,,1190045,1,,,1,70,,1190041,1,,,1,30,,1190046,1,,,1,70,,1190038,1,,,1,30,,1190040,1,,,1,70,,1078754,1,0,44,1,30,,1190039,1,0,44,1,70,,1190057,1,0,44,1,30,,1190031,1,0,44,1,70,,1190048,1,0,44,1,30,,1190055,1,0,44,1,100,,1190042,1,0,44,1
16100,'17',705,,1190066,1,0,44,1,100,,1190069,1,0,44,1,100,,1190061,1,0,44,1,100,,1190064,1,0,44,1,100,,1190065,1,0,44,1,100,,1190070,1,0,44,1,100,,1190062,1,0,44,1,100,,1190075,1,0,44,1,100,,1190073,1,0,44,1,100,,1190077,1,0,44,1,100,,1190071,1,0,44,1,100,,1190067,1,0,44,1,100,,1190068,1,0,44,1,100,,1190063,1,0,44,1,100,,1190074,1,0,44,1,100,,1190076,1,0,44,1,100,,1190072,1,0,44,1
16100,'2',700,,1190084,1,0,44,1,100,,1190085,1,0,44,1,100,,1190088,1,0,44,1,100,,1190082,1,0,44,1,100,,1190089,1,0,44,1,100,,1190081,1,0,44,1,100,,1190091,1,0,44,1,100,,1190086,1,0,44,1,100,,1190083,1,0,44,1,100,,1094709,1,0,44,1,100,,1190078,1,0,44,1,100,,1190079,1,0,44,1,100,,1098264,1,0,44,1,100,,1190087,1,0,44,1,100,,1190080,1,0,44,1,100,,1190090,1,0,44,1
16100,'3',705,,1190097,1,0,44,1,100,,1190100,1,0,44,1,100,,1190092,1,0,44,1,100,,1190095,1,0,44,1,100,,1190096,1,0,44,1,100,,1190101,1,0,44,1,100,,1190093,1,0,44,1,100,,1190106,1,0,44,1,100,,1190104,1,0,44,1,100,,1190108,1,0,44,1,100,,1190102,1,0,44,1,100,,1190098,1,0,44,1,100,,1190099,1,0,44,1,100,,1190094,1,0,44,1,100,,1190105,1,0,44,1,100,,1190107,1,0,44,1,100,,1190103,1,0,44,1
16100,'4',705,,1190111,1,0,44,1,100,,1190116,1,0,44,1,100,,1190120,1,0,44,1,100,,1190119,1,0,44,1,100,,1190122,1,0,44,1,100,,1190112,1,0,44,1,100,,1190113,1,0,44,1,100,,1190123,1,0,44,1,100,,1190110,1,0,44,1,100,,1190117,1,0,44,1,100,,1190118,1,0,44,1,100,,1190115,1,0,44,1,100,,1190114,1,0,44,1,100,,1190109,1,0,44,1,100,,1190124,1,0,44,1,100,,1070852,1,0,44,1,100,,1190121,1,0,44,1
16100,'5',530,,1190140,1,0,44,1,70,,1190145,1,0,44,1,15,,1190151,1,0,44,1,30,,1190146,1,0,44,1,70,,1190147,1,0,44,1,30,,941788,1,0,44,1,71,,1190130,1,0,44,1,29,,1190128,1,0,44,1,70,,1190125,1,0,44,1,30,,1190126,1,0,44,1,70,,1190132,1,0,44,1,30,,1190133,1,0,44,1,70,,1190148,1,0,44,1,30,,1190139,1,0,44,1,70,,1190129,1,0,44,1,30,,1050546,1,0,44,1,70,,1190136,1,0,44,1,30,,1190150,1,0,44,1,70,,1005827,1,0,44,1,30,,1190142,1,0,44,1,64,,1190141,13,0,44,1,6,,1190149,1,0,44,1,4,,1190137,13,0,44,1,28,,1190143,1,,,1,68,,1069802,1,,,1,30,,1063571,1,,,1,70,,1190135,1,,,1,30,,1190144,1,,,1,70,,1190131,1,,,1,30,,1190134,1,,,1,70,,1035603,1,0,44,1,30,,1007258,1,0,44,1,70,,1190138,1,0,44,1,30,,1190152,1,0,44,1,70,,1190127,1,0,44,1,30,,1098858,1,0,44,1,100,,1069791,1,0,44,1
16100,'6',530,,1190163,1,0,44,1,70,,1190187,1,0,44,1,15,,1190154,1,0,44,1,30,,1190157,1,0,44,1,70,,1190158,1,0,44,1,30,,1190183,1,0,44,1,71,,1190178,1,0,44,1,29,,1190153,1,0,44,1,70,,1190175,1,0,44,1,30,,1190170,1,0,44,1,70,,1190188,1,0,44,1,30,,1190159,1,0,44,1,70,,1190180,1,0,44,1,30,,1190179,1,0,44,1,70,,1190161,1,0,44,1,30,,1190162,1,0,44,1,70,,1190156,1,0,44,1,30,,1190169,1,0,44,1,70,,1190155,1,0,44,1,30,,1190160,1,0,44,1,64,,1190186,13,0,44,1,6,,1190185,1,0,44,1,4,,1190173,13,0,44,1,28,,1190181,1,,,1,68,,1190177,1,,,1,30,,1190171,1,,,1,70,,1190167,1,,,1,30,,1190172,1,,,1,70,,1190164,1,,,1,30,,1190166,1,,,1,70,,1190176,1,0,44,1,30,,1190165,1,0,44,1,70,,1190184,1,0,44,1,30,,1081118,1,0,44,1,70,,1190174,1,0,44,1,30,,1190182,1,0,44,1,100,,1190168,1,0,44,1
16100,'7',700,,1190190,1,0,44,1,100,,1190198,1,0,44,1,100,,1190191,1,0,44,1,100,,1190193,1,0,44,1,100,,1190204,1,0,44,1,100,,1190192,1,0,44,1,100,,1190196,1,0,44,1,100,,1190202,1,0,44,1,100,,1190194,1,0,44,1,100,,1190200,1,0,44,1,100,,1190201,1,0,44,1,100,,1190189,1,0,44,1,100,,1190199,1,0,44,1,100,,1190195,1,0,44,1,100,,1190197,1,0,44,1,100,,1190203,1,0,44,1
16100,'8',530,,1190216,1,0,44,1,70,,1190240,1,0,44,1,15,,1190206,1,0,44,1,30,,1190210,1,0,44,1,70,,1190211,1,0,44,1,30,,1190236,1,0,44,1,71,,1190231,1,0,44,1,29,,1190205,1,0,44,1,70,,1190228,1,0,44,1,30,,1190223,1,0,44,1,70,,1190241,1,0,44,1,30,,1190212,1,0,44,1,70,,1190233,1,0,44,1,30,,1190232,1,0,44,1,70,,1190214,1,0,44,1,30,,1190215,1,0,44,1,70,,1190209,1,0,44,1,30,,1190222,1,0,44,1,70,,1190207,1,0,44,1,30,,1190213,1,0,44,1,64,,1190239,13,0,44,1,6,,1190238,1,0,44,1,4,,1190226,13,0,44,1,28,,1190234,1,,,1,68,,1190230,1,,,1,30,,1190224,1,,,1,70,,1190220,1,,,1,30,,1190225,1,,,1,70,,1190217,1,,,1,30,,1190219,1,,,1,70,,1190229,1,0,44,1,30,,1190218,1,0,44,1,70,,1190237,1,0,44,1,30,,1190208,1,0,44,1,70,,1190227,1,0,44,1,30,,1190235,1,0,44,1,100,,1190221,1,0,44,1
16100,'9',530,,1190257,1,0,44,1,70,,1190262,1,0,44,1,15,,1190268,1,0,44,1,30,,1190263,1,0,44,1,70,,1190264,1,0,44,1,30,,941738,1,0,44,1,71,,1190247,1,0,44,1,29,,1190245,1,0,44,1,70,,1190242,1,0,44,1,30,,1190243,1,0,44,1,70,,1190249,1,0,44,1,30,,1190250,1,0,44,1,70,,1190265,1,0,44,1,30,,1190256,1,0,44,1,70,,1190246,1,0,44,1,30,,1050887,1,0,44,1,70,,1190253,1,0,44,1,30,,1190267,1,0,44,1,70,,1006028,1,0,44,1,30,,1190259,1,0,44,1,64,,1190258,13,0,44,1,6,,1190266,1,0,44,1,4,,1190254,13,0,44,1,28,,1190260,1,,,1,68,,1069726,1,,,1,30,,1063400,1,,,1,70,,1190252,1,,,1,30,,1190261,1,,,1,70,,1190248,1,,,1,30,,1190251,1,,,1,70,,1036073,1,0,44,1,30,,1007273,1,0,44,1,70,,1190255,1,0,44,1,30,,1190269,1,0,44,1,70,,1190244,1,0,44,1,30,,1098814,1,0,44,1,100,,1069715,1,0,44,1
16101,'1',557,,1054365,49,4,,1,67,,1190287,61,4,,1,30,,938231,61,4,,1,70,,1190283,61,4,,1,30,,1190278,61,4,,1,52,,1190275,15,,,1,16,,1190285,61,4,,1,31,,1190272,61,4,,1,73,,1190276,49,4,,1,29,,1190280,49,4,,1,70,,1190284,49,4,,1,30,,1190288,49,4,,1,70,,1084748,49,4,,1,30,,1190277,49,4,,1,70,,1190289,49,4,,1,30,,1190291,49,4,,1,70,,1190286,49,4,,1,30,,1190298,49,4,,1,70,,1190295,49,4,,1,30,,1190294,49,4,,1,70,,1190271,49,4,,1,33,,1190299,49,4,,1,70,,1190274,49,4,,1,28,,1190270,49,4,,1,72,,1190282,49,4,,1,30,,1190297,49,4,,1,70,,1190301,49,4,,1,28,,1190281,49,4,,1,70,,1190273,49,4,,1,29,,1190292,49,4,,1,70,,1190279,49,4,,1,30,,1052367,49,4,,1,70,,1190293,49,4,,1,30,,1190296,49,4,,1,70,,1190290,49,4,,1,31,,1190300,49,4,,1
16101,'10',557,,1054422,49,4,,1,67,,1190319,61,4,,1,30,,937863,61,4,,1,70,,1190315,61,4,,1,30,,1190310,61,4,,1,52,,1190307,15,,,1,16,,1190317,61,4,,1,31,,1190304,61,4,,1,73,,1190308,49,4,,1,29,,1190312,49,4,,1,70,,1190316,49,4,,1,30,,1190320,49,4,,1,70,,1084577,49,4,,1,30,,1190309,49,4,,1,70,,1190321,49,4,,1,30,,1190323,49,4,,1,70,,1190318,49,4,,1,30,,1190330,49,4,,1,70,,1190327,49,4,,1,30,,1190326,49,4,,1,70,,1190303,49,4,,1,33,,1190331,49,4,,1,70,,1190306,49,4,,1,28,,1190302,49,4,,1,72,,1190314,49,4,,1,30,,1190329,49,4,,1,70,,1190333,49,4,,1,28,,1190313,49,4,,1,70,,1190305,49,4,,1,29,,1190324,49,4,,1,70,,1190311,49,4,,1,30,,1052447,49,4,,1,70,,1190325,49,4,,1,30,,1190328,49,4,,1,70,,1190322,49,4,,1,31,,1190332,49,4,,1
16101,'11',557,,1054348,49,4,,1,67,,1190351,61,4,,1,30,,938185,61,4,,1,70,,1190347,61,4,,1,30,,1190342,61,4,,1,52,,1190339,15,,,1,16,,1190349,61,4,,1,31,,1190336,61,4,,1,73,,1190340,49,4,,1,29,,1190344,49,4,,1,70,,1190348,49,4,,1,30,,1190352,49,4,,1,70,,1084801,49,4,,1,30,,1190341,49,4,,1,70,,1190353,49,4,,1,30,,1190355,49,4,,1,70,,1190350,49,4,,1,30,,1190362,49,4,,1,70,,1190359,49,4,,1,30,,1190358,49,4,,1,70,,1190335,49,4,,1,33,,1190363,49,4,,1,70,,1190338,49,4,,1,28,,1190334,49,4,,1,72,,1190346,49,4,,1,30,,1190361,49,4,,1,70,,1190365,49,4,,1,28,,1190345,49,4,,1,70,,1190337,49,4,,1,29,,1190356,49,4,,1,70,,1190343,49,4,,1,30,,1052345,49,4,,1,70,,1190357,49,4,,1,30,,1190360,49,4,,1,70,,1190354,49,4,,1,31,,1190364,49,4,,1
16101,'12',557,,1190375,49,4,,1,67,,1190393,61,4,,1,30,,1190388,61,4,,1,70,,1048151,61,4,,1,30,,1190380,61,4,,1,52,,1190370,15,,,1,16,,1083534,61,4,,1,31,,1190390,61,4,,1,73,,1190394,49,4,,1,29,,1190377,49,4,,1,70,,1190391,49,4,,1,30,,1190371,49,4,,1,70,,1190395,49,4,,1,30,,1190396,49,4,,1,70,,1190392,49,4,,1,30,,1190382,49,4,,1,70,,1190376,49,4,,1,30,,1190367,49,4,,1,70,,1190385,49,4,,1,30,,1190389,49,4,,1,70,,1190386,49,4,,1,33,,1190378,49,4,,1,70,,1190366,49,4,,1,28,,1190373,49,4,,1,72,,1190372,49,4,,1,30,,1190383,49,4,,1,70,,1190379,49,4,,1,28,,1190369,49,4,,1,70,,1190374,49,4,,1,29,,1190384,49,4,,1,70,,1018671,49,4,,1,30,,1190387,49,4,,1,70,,1085192,49,4,,1,30,,1190368,49,4,,1,70,,984656,49,4,,1,31,,1190381,49,4,,1
16101,'13',715,,1190402,49,4,,1,100,,1190399,49,4,,1,100,,1190401,49,4,,1,100,,1190409,49,4,,1,102,,1190404,49,4,,1,100,,1190400,49,4,,1,102,,1032720,49,4,,1,100,,1190410,49,4,,1,100,,1090174,49,4,,1,100,,1190398,49,4,,1,100,,1190408,49,4,,1,100,,1190407,49,4,,1,98,,1095843,49,4,,1,100,,1190405,49,4,,1,100,,1190411,49,4,,1,98,,1190403,49,4,,1,100,,1190406,49,4,,1,100,,1190397,49,4,,1
16101,'14',557,,1190414,49,4,,1,67,,1190431,61,4,,1,30,,1190425,61,4,,1,70,,1190427,61,4,,1,30,,1190421,61,4,,1,52,,1190418,15,,,1,16,,1190429,61,4,,1,31,,1190415,61,4,,1,73,,1190419,49,4,,1,29,,1190423,49,4,,1,70,,1190428,49,4,,1,30,,1190432,49,4,,1,70,,1190436,49,4,,1,30,,1190420,49,4,,1,70,,1190433,49,4,,1,30,,1190435,49,4,,1,70,,1190430,49,4,,1,30,,1190443,49,4,,1,70,,1190440,49,4,,1,30,,1190439,49,4,,1,70,,1190413,49,4,,1,33,,1190444,49,4,,1,70,,1190417,49,4,,1,28,,1190412,49,4,,1,72,,1190426,49,4,,1,30,,1190442,49,4,,1,70,,1190446,49,4,,1,28,,1190424,49,4,,1,70,,1190416,49,4,,1,29,,1190437,49,4,,1,70,,1190422,49,4,,1,30,,1190447,49,4,,1,70,,1190438,49,4,,1,30,,1190441,49,4,,1,70,,1190434,49,4,,1,31,,1190445,49,4,,1
16101,'15',557,,1190471,49,4,,1,67,,1190468,61,4,,1,30,,1190467,61,4,,1,70,,1190470,61,4,,1,30,,1190477,61,4,,1,52,,1190481,15,,,1,16,,1190448,61,4,,1,31,,1190482,61,4,,1,73,,1190462,49,4,,1,29,,1190461,49,4,,1,70,,1190454,49,4,,1,30,,1190483,49,4,,1,70,,1190449,49,4,,1,30,,1190456,49,4,,1,70,,1190469,49,4,,1,30,,1190464,49,4,,1,70,,1190473,49,4,,1,30,,1190480,49,4,,1,70,,1190465,49,4,,1,30,,1190451,49,4,,1,70,,1190455,49,4,,1,33,,1190463,49,4,,1,70,,1190458,49,4,,1,28,,1190459,49,4,,1,72,,1190475,49,4,,1,30,,1190478,49,4,,1,70,,1190460,49,4,,1,28,,1190450,49,4,,1,70,,1190457,49,4,,1,29,,1190476,49,4,,1,70,,1190479,49,4,,1,30,,1190472,49,4,,1,70,,1190453,49,4,,1,30,,1190474,49,4,,1,70,,1190466,49,4,,1,31,,1190452,49,4,,1
16101,'16',557,,1190493,49,4,,1,67,,1190513,61,4,,1,30,,1190508,61,4,,1,70,,1190486,61,4,,1,30,,1190499,61,4,,1,52,,1016334,15,,,1,16,,1190498,61,4,,1,31,,1190510,61,4,,1,73,,1190514,49,4,,1,29,,1190495,49,4,,1,70,,1190511,49,4,,1,30,,1064139,49,4,,1,70,,1061781,49,4,,1,30,,1063688,49,4,,1,70,,1190512,49,4,,1,30,,1190501,49,4,,1,70,,1190494,49,4,,1,30,,1073247,49,4,,1,70,,1190504,49,4,,1,30,,1190509,49,4,,1,70,,1190505,49,4,,1,33,,1190496,49,4,,1,70,,1190484,49,4,,1,28,,1190491,49,4,,1,72,,1190488,49,4,,1,30,,1190502,49,4,,1,70,,1190497,49,4,,1,28,,1190487,49,4,,1,70,,1190492,49,4,,1,29,,1190503,49,4,,1,70,,1190489,49,4,,1,30,,1190507,49,4,,1,70,,1190490,49,4,,1,30,,1190485,49,4,,1,70,,1190506,49,4,,1,31,,1190500,49,4,,1
16101,'17',715,,1190521,49,4,,1,100,,1190517,49,4,,1,100,,1190520,49,4,,1,100,,1190529,49,4,,1,102,,1190523,49,4,,1,100,,1190519,49,4,,1,102,,1190518,49,4,,1,100,,1190531,49,4,,1,100,,1190526,49,4,,1,100,,1190516,49,4,,1,100,,1190528,49,4,,1,100,,1190527,49,4,,1,98,,1190530,49,4,,1,100,,1190524,49,4,,1,100,,1190532,49,4,,1,98,,1190522,49,4,,1,100,,1190525,49,4,,1,100,,1190515,49,4,,1
16101,'2',714,,1100623,49,4,,1,100,,1190536,49,4,,1,100,,1190537,49,4,,1,100,,1190533,49,4,,1,102,,1190540,49,4,,1,100,,1190548,49,4,,1,102,,1190546,49,4,,1,100,,1190535,49,4,,1,100,,1190542,49,4,,1,100,,1190543,49,4,,1,100,,1190545,49,4,,1,100,,1190538,49,4,,1,98,,1190539,49,4,,1,100,,1190541,49,4,,1,100,,1190547,49,4,,1,98,,1190544,49,4,,1,100,,1190534,49,4,,1
16101,'3',715,,1190555,49,4,,1,100,,1190551,49,4,,1,100,,1190554,49,4,,1,100,,1190563,49,4,,1,102,,1190557,49,4,,1,100,,1190553,49,4,,1,102,,1190552,49,4,,1,100,,1190565,49,4,,1,100,,1190560,49,4,,1,100,,1190550,49,4,,1,100,,1190562,49,4,,1,100,,1190561,49,4,,1,98,,1190564,49,4,,1,100,,1190558,49,4,,1,100,,1190566,49,4,,1,98,,1190556,49,4,,1,100,,1190559,49,4,,1,100,,1190549,49,4,,1
16101,'4',715,,1190579,49,4,,1,100,,1190575,49,4,,1,100,,1190570,49,4,,1,100,,1067921,49,4,,1,102,,1190568,49,4,,1,100,,1190577,49,4,,1,102,,1190576,49,4,,1,100,,1190567,49,4,,1,100,,1190583,49,4,,1,100,,1190569,49,4,,1,100,,1190572,49,4,,1,100,,1190578,49,4,,1,98,,1190573,49,4,,1,100,,1190571,49,4,,1,100,,1190580,49,4,,1,98,,1190582,49,4,,1,100,,1190574,49,4,,1,100,,1190581,49,4,,1
16101,'5',557,,1054267,49,4,,1,67,,1190601,61,4,,1,30,,938387,61,4,,1,70,,1190597,61,4,,1,30,,1190592,61,4,,1,52,,1190589,15,,,1,16,,1190599,61,4,,1,31,,1190586,61,4,,1,73,,1190590,49,4,,1,29,,1190594,49,4,,1,70,,1190598,49,4,,1,30,,1190602,49,4,,1,70,,1084719,49,4,,1,30,,1190591,49,4,,1,70,,1190603,49,4,,1,30,,1190605,49,4,,1,70,,1190600,49,4,,1,30,,1190612,49,4,,1,70,,1190609,49,4,,1,30,,1190608,49,4,,1,70,,1190585,49,4,,1,33,,1190613,49,4,,1,70,,1190588,49,4,,1,28,,1190584,49,4,,1,72,,1190596,49,4,,1,30,,1190611,49,4,,1,70,,1190615,49,4,,1,28,,1190595,49,4,,1,70,,1190587,49,4,,1,29,,1190606,49,4,,1,70,,1190593,49,4,,1,30,,1052215,49,4,,1,70,,1190607,49,4,,1,30,,1190610,49,4,,1,70,,1190604,49,4,,1,31,,1190614,49,4,,1
16101,'6',557,,1190623,49,4,,1,67,,1190643,61,4,,1,30,,1190638,61,4,,1,70,,1190617,61,4,,1,30,,1190629,61,4,,1,52,,1190618,15,,,1,16,,1190628,61,4,,1,31,,1190640,61,4,,1,73,,1190644,49,4,,1,29,,1190625,49,4,,1,70,,1190641,49,4,,1,30,,1190619,49,4,,1,70,,1190645,49,4,,1,30,,1190646,49,4,,1,70,,1190642,49,4,,1,30,,1190631,49,4,,1,70,,1190624,49,4,,1,30,,1190616,49,4,,1,70,,1190634,49,4,,1,30,,1190639,49,4,,1,70,,1190635,49,4,,1,33,,1190626,49,4,,1,70,,1093004,49,4,,1,28,,1005085,49,4,,1,72,,1190620,49,4,,1,30,,1190632,49,4,,1,70,,1190627,49,4,,1,28,,1101826,49,4,,1,70,,1099378,49,4,,1,29,,1190633,49,4,,1,70,,1190621,49,4,,1,30,,1190637,49,4,,1,70,,1190622,49,4,,1,30,,1069162,49,4,,1,70,,1190636,49,4,,1,31,,1190630,49,4,,1
16101,'7',714,,1190647,49,4,,1,100,,1190651,49,4,,1,100,,1190648,49,4,,1,100,,1190661,49,4,,1,102,,1190650,49,4,,1,100,,1190649,49,4,,1,102,,1190656,49,4,,1,100,,1190659,49,4,,1,100,,1190662,49,4,,1,100,,1190658,49,4,,1,100,,1190653,49,4,,1,100,,1190663,49,4,,1,98,,1190654,49,4,,1,100,,1190660,49,4,,1,100,,1190655,49,4,,1,98,,1190652,49,4,,1,100,,1190657,49,4,,1
16101,'8',557,,1190676,49,4,,1,67,,1190696,61,4,,1,30,,1190691,61,4,,1,70,,1190667,61,4,,1,30,,1190682,61,4,,1,52,,1190669,15,,,1,16,,1190681,61,4,,1,31,,1190693,61,4,,1,73,,1190697,49,4,,1,29,,1190678,49,4,,1,70,,1190694,49,4,,1,30,,1190670,49,4,,1,70,,1190698,49,4,,1,30,,1190699,49,4,,1,70,,1190695,49,4,,1,30,,1190684,49,4,,1,70,,1190677,49,4,,1,30,,1190665,49,4,,1,70,,1190687,49,4,,1,30,,1190692,49,4,,1,70,,1190688,49,4,,1,33,,1190679,49,4,,1,70,,1190664,49,4,,1,28,,1190674,49,4,,1,72,,1190671,49,4,,1,30,,1190685,49,4,,1,70,,1190680,49,4,,1,28,,1190668,49,4,,1,70,,1190675,49,4,,1,29,,1190686,49,4,,1,70,,1190672,49,4,,1,30,,1190690,49,4,,1,70,,1190673,49,4,,1,30,,1190666,49,4,,1,70,,1190689,49,4,,1,31,,1190683,49,4,,1
16101,'9',557,,1054382,49,4,,1,67,,1190717,61,4,,1,30,,938341,61,4,,1,70,,1190713,61,4,,1,30,,1190708,61,4,,1,52,,1190705,15,,,1,16,,1190715,61,4,,1,31,,1190702,61,4,,1,73,,1190706,49,4,,1,29,,1190710,49,4,,1,70,,1190714,49,4,,1,30,,1190718,49,4,,1,70,,1084631,49,4,,1,30,,1190707,49,4,,1,70,,1190719,49,4,,1,30,,1190721,49,4,,1,70,,1190716,49,4,,1,30,,1190728,49,4,,1,70,,1190725,49,4,,1,30,,1190724,49,4,,1,70,,1190701,49,4,,1,33,,1190729,49,4,,1,70,,1190704,49,4,,1,28,,1190700,49,4,,1,72,,1190712,49,4,,1,30,,1190727,49,4,,1,70,,1190731,49,4,,1,28,,1190711,49,4,,1,70,,1190703,49,4,,1,29,,1190722,49,4,,1,70,,1190709,49,4,,1,30,,1052389,49,4,,1,70,,1190723,49,4,,1,30,,1190726,49,4,,1,70,,1190720,49,4,,1,31,,1190730,49,4,,1
16200,'1',630,,1190735,1,,,1,70,,1190746,1,,,1,29,,1190748,1,,,1,71,,1190736,1,,,1,30,,1190747,1,,,1,70,,1190743,1,,,1,100,,1190752,1,,,1,100,,1190737,1,,,1,100,,1190733,1,,,1,100,,1190732,1,,,1,100,,1190740,1,,,1,100,,1093396,1,,,1,30,,1190739,1,,,1,11,,1190744,14,,,1,17,,1190734,1,,,1,72,,1190750,1,,,1,70,,1190742,1,,,1,30,,1095626,1,,,1,70,,1190745,1,,,1,100,,1190741,1,,,1,100,,1190751,1,,,1,100,,1190738,1,,,1,100,,1190749,1,,,1
16200,'10',630,,1190756,1,,,1,70,,1190767,1,,,1,29,,1190769,1,,,1,71,,1190757,1,,,1,30,,1190768,1,,,1,70,,1190764,1,,,1,100,,1190773,1,,,1,100,,1190758,1,,,1,100,,1190754,1,,,1,100,,1190753,1,,,1,100,,1190761,1,,,1,100,,1093080,1,,,1,30,,1190760,1,,,1,11,,1190765,14,,,1,17,,1190755,1,,,1,72,,1190771,1,,,1,70,,1190763,1,,,1,30,,1095392,1,,,1,70,,1190766,1,,,1,100,,1190762,1,,,1,100,,1190772,1,,,1,100,,1190759,1,,,1,100,,1190770,1,,,1
16200,'11',630,,1190777,1,,,1,70,,1190788,1,,,1,29,,1190790,1,,,1,71,,1190778,1,,,1,30,,1190789,1,,,1,70,,1190785,1,,,1,100,,1190794,1,,,1,100,,1190779,1,,,1,100,,1190775,1,,,1,100,,1190774,1,,,1,100,,1190782,1,,,1,100,,1093487,1,,,1,30,,1190781,1,,,1,11,,1190786,14,,,1,17,,1190776,1,,,1,72,,1190792,1,,,1,70,,1190784,1,,,1,30,,1095699,1,,,1,70,,1190787,1,,,1,100,,1190783,1,,,1,100,,1190793,1,,,1,100,,1190780,1,,,1,100,,1190791,1,,,1
16200,'12',630,,1190808,1,,,1,70,,1190809,1,,,1,29,,1190806,1,,,1,71,,1190807,1,,,1,30,,1190804,1,,,1,70,,1190801,1,,,1,100,,1190802,1,,,1,100,,1190816,1,,,1,100,,1190811,1,,,1,100,,1190803,1,,,1,100,,1190796,1,,,1,100,,1190797,1,,,1,30,,1190814,1,,,1,11,,1190812,14,,,1,17,,1190800,1,,,1,72,,1190799,1,,,1,70,,1190815,1,,,1,30,,1190810,1,,,1,70,,1062998,1,,,1,100,,1190798,1,,,1,100,,1190805,1,,,1,100,,1190813,1,,,1,100,,1190795,1,,,1
16200,'13',800,,1190827,1,,,1,100,,1190829,1,,,1,100,,1190828,1,,,1,100,,1190823,1,,,1,100,,1190826,1,,,1,100,,1081561,1,,,1,100,,1190824,1,,,1,100,,1190821,1,,,1,100,,1072964,1,,,1,100,,1190817,1,,,1,100,,1190822,1,,,1,100,,1190825,1,,,1,100,,1190820,1,,,1,100,,1190818,1,,,1,100,,1082577,1,,,1,100,,1190819,1,,,1
16200,'14',630,,1190834,1,,,1,70,,1190846,1,,,1,29,,1190848,1,,,1,71,,1190835,1,,,1,30,,1190847,1,,,1,70,,1190843,1,,,1,100,,1190852,1,,,1,100,,1190836,1,,,1,100,,1190831,1,,,1,100,,1190830,1,,,1,100,,1190840,1,,,1,100,,1190832,1,,,1,30,,1190839,1,,,1,11,,1190844,14,,,1,17,,1190833,1,,,1,72,,1190850,1,,,1,70,,1190842,1,,,1,30,,1190837,1,,,1,70,,1190845,1,,,1,100,,1190841,1,,,1,100,,1190851,1,,,1,100,,1190838,1,,,1,100,,1190849,1,,,1
16200,'15',630,,1190855,1,,,1,70,,1190861,1,,,1,29,,1190866,1,,,1,71,,1190862,1,,,1,30,,1190853,1,,,1,70,,1190860,1,,,1,100,,1190871,1,,,1,100,,1190863,1,,,1,100,,1190874,1,,,1,100,,1190867,1,,,1,100,,1190857,1,,,1,100,,1190868,1,,,1,30,,1190865,1,,,1,11,,1190869,14,,,1,17,,1190875,1,,,1,72,,1190854,1,,,1,70,,1190872,1,,,1,30,,1190859,1,,,1,70,,1190858,1,,,1,100,,1190870,1,,,1,100,,1190873,1,,,1,100,,1190856,1,,,1,100,,1190864,1,,,1
16200,'16',630,,1190889,1,,,1,70,,1190890,1,,,1,29,,1190887,1,,,1,71,,1190888,1,,,1,30,,1190885,1,,,1,70,,1190882,1,,,1,100,,1190883,1,,,1,100,,1190896,1,,,1,100,,1190892,1,,,1,100,,1190884,1,,,1,100,,1099535,1,,,1,100,,1190878,1,,,1,30,,1100280,1,,,1,11,,1190893,14,,,1,17,,1190881,1,,,1,72,,1190880,1,,,1,70,,1190895,1,,,1,30,,1190891,1,,,1,70,,1190877,1,,,1,100,,1190879,1,,,1,100,,1190886,1,,,1,100,,1190894,1,,,1,100,,1190876,1,,,1
16200,'17',800,,1190910,1,,,1,100,,1190912,1,,,1,100,,1190911,1,,,1,100,,1190906,1,,,1,100,,1190909,1,,,1,100,,1190897,1,,,1,100,,1190907,1,,,1,100,,1190904,1,,,1,100,,1190898,1,,,1,100,,1190900,1,,,1,100,,1190905,1,,,1,100,,1190908,1,,,1,100,,1190903,1,,,1,100,,1190901,1,,,1,100,,1190899,1,,,1,100,,1190902,1,,,1
16200,'2',730,,1190926,1,,,1,100,,1190929,1,,,1,100,,1190922,1,,,1,100,,1190915,1,,,1,100,,1190920,1,,,1,100,,1190925,1,,,1,100,,1190916,1,,,1,100,,1190917,1,,,1,100,,1190913,1,,,1,100,,1190927,1,,,1,100,,1190921,1,,,1,100,,1190923,1,,,1,100,,1190919,1,,,1,100,,1190914,1,,,1,100,,1190928,1,,,1,83,,1190918,1,,,1,39,,1190924,1,,,1
16200,'3',800,,1190943,1,,,1,100,,1190945,1,,,1,100,,1190944,1,,,1,100,,1190939,1,,,1,100,,1190942,1,,,1,100,,1190930,1,,,1,100,,1190940,1,,,1,100,,1190937,1,,,1,100,,1190931,1,,,1,100,,1190933,1,,,1,100,,1190938,1,,,1,100,,1190941,1,,,1,100,,1190936,1,,,1,100,,1190934,1,,,1,100,,1190932,1,,,1,100,,1190935,1,,,1
16200,'4',800,,1190952,1,,,1,100,,1190960,1,,,1,100,,1190953,1,,,1,100,,1190959,1,,,1,100,,1190949,1,,,1,100,,1190947,1,,,1,100,,1190951,1,,,1,100,,1190955,1,,,1,100,,1190948,1,,,1,100,,1190956,1,,,1,100,,1190950,1,,,1,100,,1190954,1,,,1,100,,1190946,1,,,1,100,,1190958,1,,,1,100,,1100687,1,,,1,100,,1190957,1,,,1
16200,'5',630,,1190964,1,,,1,70,,1190975,1,,,1,29,,1190977,1,,,1,71,,1190965,1,,,1,30,,1190976,1,,,1,70,,1190972,1,,,1,100,,1190981,1,,,1,100,,1190966,1,,,1,100,,1190962,1,,,1,100,,1190961,1,,,1,100,,1190969,1,,,1,100,,1093341,1,,,1,30,,1190968,1,,,1,11,,1190973,14,,,1,17,,1190963,1,,,1,72,,1190979,1,,,1,70,,1190971,1,,,1,30,,1095579,1,,,1,70,,1190974,1,,,1,100,,1190970,1,,,1,100,,1190980,1,,,1,100,,1190967,1,,,1,100,,1190978,1,,,1
16200,'6',630,,1190993,1,,,1,70,,1190994,1,,,1,29,,1190991,1,,,1,71,,1190992,1,,,1,30,,1190989,1,,,1,70,,1190986,1,,,1,100,,1190987,1,,,1,100,,1045339,1,,,1,100,,1190996,1,,,1,100,,1190988,1,,,1,100,,1190983,1,,,1,100,,1103382,1,,,1,30,,1190999,1,,,1,11,,1190997,14,,,1,17,,1190985,1,,,1,72,,1190984,1,,,1,70,,1065576,1,,,1,30,,1190995,1,,,1,70,,1190982,1,,,1,100,,1086487,1,,,1,100,,1190990,1,,,1,100,,1190998,1,,,1,100,,1091969,1,,,1
16200,'7',730,,1191006,1,,,1,100,,1191007,1,,,1,100,,1191010,1,,,1,100,,1191004,1,,,1,100,,1191005,1,,,1,100,,1191003,1,,,1,100,,1191012,1,,,1,100,,1191000,1,,,1,100,,1191015,1,,,1,100,,1191009,1,,,1,100,,1191002,1,,,1,100,,1191011,1,,,1,100,,1191008,1,,,1,100,,1191013,1,,,1,100,,1191014,1,,,1,83,,1191016,1,,,1,39,,1191001,1,,,1
16200,'8',630,,1191031,1,,,1,70,,1191032,1,,,1,29,,1191029,1,,,1,71,,1191030,1,,,1,30,,1191027,1,,,1,70,,1191024,1,,,1,100,,1191025,1,,,1,100,,1191039,1,,,1,100,,1191034,1,,,1,100,,1191026,1,,,1,100,,1191019,1,,,1,100,,1191020,1,,,1,30,,1191037,1,,,1,11,,1191035,14,,,1,17,,1191023,1,,,1,72,,1191022,1,,,1,70,,1191038,1,,,1,30,,1191033,1,,,1,70,,1191018,1,,,1,100,,1191021,1,,,1,100,,1191028,1,,,1,100,,1191036,1,,,1,100,,1191017,1,,,1
16200,'9',630,,1191043,1,,,1,70,,1191054,1,,,1,29,,1191056,1,,,1,71,,1191044,1,,,1,30,,1191055,1,,,1,70,,1191051,1,,,1,100,,1191060,1,,,1,100,,1191045,1,,,1,100,,1191041,1,,,1,100,,1191040,1,,,1,100,,1191048,1,,,1,100,,1093185,1,,,1,30,,1191047,1,,,1,11,,1191052,14,,,1,17,,1191042,1,,,1,72,,1191058,1,,,1,70,,1191050,1,,,1,30,,1095467,1,,,1,70,,1191053,1,,,1,100,,1191049,1,,,1,100,,1191059,1,,,1,100,,1191046,1,,,1,100,,1191057,1,,,1
16201,'1',703,,1191062,22,4,,1,30,,1050858,22,4,,1,69,,1191072,22,4,,1,31,,1191075,22,4,,1,70,,1191074,22,4,,1,30,,1081042,22,4,,1,100,,1012657,22,4,,1,100,,1191070,22,4,,1,100,,1191071,22,4,,1,100,,1191068,22,4,,1,100,,1091298,22,4,,1,105,,1191069,22,4,,1,70,,1191065,22,4,,1,28,,1191073,22,4,,1,72,,1191064,22,4,,1,30,,1191063,22,4,,1,70,,1191076,22,4,,1,30,,1191061,22,4,,1,100,,1090881,22,4,,1,94,,1035260,22,4,,1,99,,1191067,22,4,,1,99,,1191066,22,4,,1
16201,'10',703,,1191078,22,4,,1,30,,1051034,22,4,,1,69,,1191088,22,4,,1,31,,1191091,22,4,,1,70,,1191090,22,4,,1,30,,1080860,22,4,,1,100,,1012743,22,4,,1,100,,1191086,22,4,,1,100,,1191087,22,4,,1,100,,1191084,22,4,,1,100,,1091021,22,4,,1,105,,1191085,22,4,,1,70,,1191081,22,4,,1,28,,1191089,22,4,,1,72,,1191080,22,4,,1,30,,1191079,22,4,,1,70,,1191092,22,4,,1,30,,1191077,22,4,,1,100,,1090640,22,4,,1,94,,1035402,22,4,,1,99,,1191083,22,4,,1,99,,1191082,22,4,,1
16201,'11',703,,1191094,22,4,,1,30,,1050806,22,4,,1,69,,1191104,22,4,,1,31,,1191107,22,4,,1,70,,1191106,22,4,,1,30,,1081096,22,4,,1,100,,1012632,22,4,,1,100,,1191102,22,4,,1,100,,1191103,22,4,,1,100,,1191100,22,4,,1,100,,1091372,22,4,,1,105,,1191101,22,4,,1,70,,1191097,22,4,,1,28,,1191105,22,4,,1,72,,1191096,22,4,,1,30,,1191095,22,4,,1,70,,1191108,22,4,,1,30,,1191093,22,4,,1,100,,1090952,22,4,,1,94,,1035219,22,4,,1,99,,1191099,22,4,,1,99,,1191098,22,4,,1
16201,'12',703,,1191110,22,4,,1,30,,1191119,22,4,,1,69,,1191124,22,4,,1,31,,1191126,22,4,,1,70,,1021420,22,4,,1,30,,1191111,22,4,,1,100,,1191109,22,4,,1,100,,1191118,22,4,,1,100,,1090434,22,4,,1,100,,1191125,22,4,,1,100,,1191121,22,4,,1,105,,1191112,22,4,,1,70,,1191116,22,4,,1,28,,1191117,22,4,,1,72,,1191114,22,4,,1,30,,1191113,22,4,,1,70,,1191115,22,4,,1,30,,1101138,22,4,,1,100,,1191122,22,4,,1,94,,959770,22,4,,1,99,,1191120,22,4,,1,99,,1191123,22,4,,1
16201,'13',736,,1072264,22,4,,1,100,,1191140,22,4,,1,100,,1191130,22,4,,1,101,,1191141,22,4,,1,100,,1191139,22,4,,1,100,,1191138,22,4,,1,100,,1191132,22,4,,1,100,,1191129,22,4,,1,100,,1191136,22,4,,1,100,,1191128,22,4,,1,100,,1191134,22,4,,1,99,,1191137,22,4,,1,100,,1191135,22,4,,1,100,,1191127,22,4,,1,100,,1191133,22,4,,1,100,,1191131,22,4,,1
16201,'14',703,,1191144,22,4,,1,30,,1191163,22,4,,1,69,,1191155,22,4,,1,31,,1191159,22,4,,1,70,,1191157,22,4,,1,30,,1191148,22,4,,1,100,,1191143,22,4,,1,100,,1191153,22,4,,1,100,,1191154,22,4,,1,100,,1191151,22,4,,1,100,,1191158,22,4,,1,105,,1191152,22,4,,1,70,,1191147,22,4,,1,28,,1191156,22,4,,1,72,,1191146,22,4,,1,30,,1191145,22,4,,1,70,,1191160,22,4,,1,30,,1191142,22,4,,1,100,,1191162,22,4,,1,94,,1191161,22,4,,1,99,,1191150,22,4,,1,99,,1191149,22,4,,1
16201,'15',703,,1191174,22,4,,1,30,,1191171,22,4,,1,69,,1191175,22,4,,1,31,,1191169,22,4,,1,70,,1191179,22,4,,1,30,,1191165,22,4,,1,100,,1191178,22,4,,1,100,,1191180,22,4,,1,100,,1191167,22,4,,1,100,,1191168,22,4,,1,100,,1191184,22,4,,1,105,,1191177,22,4,,1,70,,1191173,22,4,,1,28,,1191164,22,4,,1,72,,1191170,22,4,,1,30,,1191166,22,4,,1,70,,1191181,22,4,,1,30,,1191183,22,4,,1,100,,1191185,22,4,,1,94,,1191172,22,4,,1,99,,1191176,22,4,,1,99,,1191182,22,4,,1
16201,'16',703,,1064926,22,4,,1,30,,1191198,22,4,,1,69,,1191203,22,4,,1,31,,1191205,22,4,,1,70,,1191190,22,4,,1,30,,1191189,22,4,,1,100,,1191186,22,4,,1,100,,1191197,22,4,,1,100,,1191188,22,4,,1,100,,1191204,22,4,,1,100,,1191200,22,4,,1,105,,1191191,22,4,,1,70,,1191195,22,4,,1,28,,1191196,22,4,,1,72,,1191193,22,4,,1,30,,1191192,22,4,,1,70,,1191194,22,4,,1,30,,1191187,22,4,,1,100,,1191201,22,4,,1,94,,1191206,22,4,,1,99,,1191199,22,4,,1,99,,1191202,22,4,,1
16201,'17',736,,1191207,22,4,,1,100,,1191221,22,4,,1,100,,1191211,22,4,,1,101,,1191222,22,4,,1,100,,1191220,22,4,,1,100,,1191219,22,4,,1,100,,1191213,22,4,,1,100,,1191210,22,4,,1,100,,1191217,22,4,,1,100,,1191209,22,4,,1,100,,1191215,22,4,,1,99,,1191218,22,4,,1,100,,1191216,22,4,,1,100,,1191208,22,4,,1,100,,1191214,22,4,,1,100,,1191212,22,4,,1
16201,'2',706,,1191225,22,4,,1,100,,1191229,22,4,,1,100,,1073117,22,4,,1,100,,1191234,22,4,,1,101,,1191223,22,4,,1,100,,1191227,22,4,,1,100,,1097276,22,4,,1,100,,1191226,22,4,,1,100,,1191236,22,4,,1,100,,1191231,22,4,,1,100,,1191235,22,4,,1,100,,1191224,22,4,,1,99,,1191228,22,4,,1,100,,1191233,22,4,,1,100,,1191230,22,4,,1,100,,1191237,22,4,,1,43,,1191232,22,4,,1
16201,'3',736,,1191238,22,4,,1,100,,1191252,22,4,,1,100,,1191242,22,4,,1,101,,1191253,22,4,,1,100,,1191251,22,4,,1,100,,1191250,22,4,,1,100,,1191244,22,4,,1,100,,1191241,22,4,,1,100,,1191248,22,4,,1,100,,1191240,22,4,,1,100,,1191246,22,4,,1,99,,1191249,22,4,,1,100,,1191247,22,4,,1,100,,1191239,22,4,,1,100,,1191245,22,4,,1,100,,1191243,22,4,,1
16201,'4',736,,1096700,22,4,,1,100,,1191256,22,4,,1,100,,1191257,22,4,,1,101,,1191262,22,4,,1,100,,1191261,22,4,,1,100,,989604,22,4,,1,100,,1044807,22,4,,1,100,,1191260,22,4,,1,100,,1191254,22,4,,1,100,,1191264,22,4,,1,100,,1027451,22,4,,1,99,,1191255,22,4,,1,100,,1191263,22,4,,1,100,,1191259,22,4,,1,100,,1089727,22,4,,1,100,,1191258,22,4,,1
16201,'5',703,,1191266,22,4,,1,30,,1050569,22,4,,1,69,,1191276,22,4,,1,31,,1191279,22,4,,1,70,,1191278,22,4,,1,30,,1081013,22,4,,1,100,,1012503,22,4,,1,100,,1191274,22,4,,1,100,,1191275,22,4,,1,100,,1191272,22,4,,1,100,,1091255,22,4,,1,105,,1191273,22,4,,1,70,,1191269,22,4,,1,28,,1191277,22,4,,1,72,,1191268,22,4,,1,30,,1191267,22,4,,1,70,,1191280,22,4,,1,30,,1191265,22,4,,1,100,,1090847,22,4,,1,94,,1035040,22,4,,1,99,,1191271,22,4,,1,99,,1191270,22,4,,1
16201,'6',703,,1191283,22,4,,1,30,,1191293,22,4,,1,69,,1191298,22,4,,1,31,,1191300,22,4,,1,70,,1191286,22,4,,1,30,,1191285,22,4,,1,100,,1191281,22,4,,1,100,,1191292,22,4,,1,100,,1191284,22,4,,1,100,,1191299,22,4,,1,100,,1191295,22,4,,1,105,,1191287,22,4,,1,70,,1191290,22,4,,1,28,,1191291,22,4,,1,72,,1073692,22,4,,1,30,,1191288,22,4,,1,70,,1191289,22,4,,1,30,,1191282,22,4,,1,100,,1191296,22,4,,1,94,,1191301,22,4,,1,99,,1191294,22,4,,1,99,,1191297,22,4,,1
16201,'7',706,,1191314,22,4,,1,100,,1191316,22,4,,1,100,,1191317,22,4,,1,100,,1191303,22,4,,1,101,,1191304,22,4,,1,100,,1191305,22,4,,1,100,,1191308,22,4,,1,100,,1191311,22,4,,1,100,,1191318,22,4,,1,100,,1191306,22,4,,1,100,,1191315,22,4,,1,100,,1191313,22,4,,1,99,,1191309,22,4,,1,100,,1191307,22,4,,1,100,,1191302,22,4,,1,100,,1191310,22,4,,1,43,,1191312,22,4,,1
16201,'8',703,,1191321,22,4,,1,30,,1191332,22,4,,1,69,,1191337,22,4,,1,31,,1191339,22,4,,1,70,,1191324,22,4,,1,30,,1191323,22,4,,1,100,,1191319,22,4,,1,100,,1191331,22,4,,1,100,,1191322,22,4,,1,100,,1191338,22,4,,1,100,,1191334,22,4,,1,105,,1191325,22,4,,1,70,,1191329,22,4,,1,28,,1191330,22,4,,1,72,,1191327,22,4,,1,30,,1191326,22,4,,1,70,,1191328,22,4,,1,30,,1191320,22,4,,1,100,,1191335,22,4,,1,94,,1191340,22,4,,1,99,,1191333,22,4,,1,99,,1191336,22,4,,1
16201,'9',703,,1191342,22,4,,1,30,,1050910,22,4,,1,69,,1191352,22,4,,1,31,,1191355,22,4,,1,70,,1191354,22,4,,1,30,,1080921,22,4,,1,100,,1012682,22,4,,1,100,,1191350,22,4,,1,100,,1191351,22,4,,1,100,,1191348,22,4,,1,100,,1091105,22,4,,1,105,,1191349,22,4,,1,70,,1191345,22,4,,1,28,,1191353,22,4,,1,72,,1191344,22,4,,1,30,,1191343,22,4,,1,70,,1191356,22,4,,1,30,,1191341,22,4,,1,100,,1090712,22,4,,1,94,,1035301,22,4,,1,99,,1191347,22,4,,1,99,,1191346,22,4,,1
16300,'1',631,,1036983,38,4,,1,79,,1191377,38,4,,1,30,,1191361,38,4,,1,74,,1191368,38,4,,1,31,,1191367,38,4,,1,64,,1191363,38,4,,1,31,,1069356,38,4,,1,68,,1191362,38,4,,1,28,,1191357,38,4,,1,70,,1191365,38,4,,1,30,,1191359,38,4,,1,70,,1191366,38,4,,1,30,,1191376,38,4,,1,72,,1191372,38,4,,1,30,,1070590,38,4,,1,70,,1067740,38,4,,1,31,,1103812,38,4,,1,74,,1191381,38,4,,1,32,,1191374,38,4,,1,74,,1191371,38,4,,1,30,,1191380,38,4,,1,69,,1191364,38,4,,1,29,,1191378,38,4,,1,69,,1191370,38,4,,1,26,,1191360,38,4,,1,68,,1072353,38,4,,1,29,,1191369,38,4,,1,69,,1191375,38,4,,1,28,,1191358,38,4,,1,71,,1058031,38,4,,1,100,,1191379,38,4,,1,100,,1191373,38,4,,1
16300,'10',631,,1037213,38,4,,1,79,,1191402,38,4,,1,30,,1191386,38,4,,1,74,,1191393,38,4,,1,31,,1191392,38,4,,1,64,,1191388,38,4,,1,31,,1069199,38,4,,1,68,,1191387,38,4,,1,28,,1191382,38,4,,1,70,,1191390,38,4,,1,30,,1191384,38,4,,1,70,,1191391,38,4,,1,30,,1191401,38,4,,1,72,,1191397,38,4,,1,30,,1070404,38,4,,1,70,,1067689,38,4,,1,31,,1103785,38,4,,1,74,,1191406,38,4,,1,32,,1191399,38,4,,1,74,,1191396,38,4,,1,30,,1191405,38,4,,1,69,,1191389,38,4,,1,29,,1191403,38,4,,1,69,,1191395,38,4,,1,26,,1191385,38,4,,1,68,,1072207,38,4,,1,29,,1191394,38,4,,1,69,,1191400,38,4,,1,28,,1191383,38,4,,1,71,,1058085,38,4,,1,100,,1191404,38,4,,1,100,,1191398,38,4,,1
16300,'11',631,,1036916,38,4,,1,79,,1191427,38,4,,1,30,,1191411,38,4,,1,74,,1191418,38,4,,1,31,,1191417,38,4,,1,64,,1191413,38,4,,1,31,,1069395,38,4,,1,68,,1191412,38,4,,1,28,,1191407,38,4,,1,70,,1191415,38,4,,1,30,,1191409,38,4,,1,70,,1191416,38,4,,1,30,,1191426,38,4,,1,72,,1191422,38,4,,1,30,,1070644,38,4,,1,70,,1067757,38,4,,1,31,,1103821,38,4,,1,74,,1191431,38,4,,1,32,,1191424,38,4,,1,74,,1191421,38,4,,1,30,,1191430,38,4,,1,69,,1191414,38,4,,1,29,,1191428,38,4,,1,69,,1191420,38,4,,1,26,,1191410,38,4,,1,68,,1072389,38,4,,1,29,,1191419,38,4,,1,69,,1191425,38,4,,1,28,,1191408,38,4,,1,71,,1058015,38,4,,1,100,,1191429,38,4,,1,100,,1191423,38,4,,1
16300,'12',631,,1191439,38,4,,1,79,,1191441,38,4,,1,30,,1191444,38,4,,1,74,,1191447,38,4,,1,31,,1191436,38,4,,1,64,,1191446,38,4,,1,31,,1022062,38,4,,1,68,,1191454,38,4,,1,28,,1191457,38,4,,1,70,,1191458,38,4,,1,30,,1191448,38,4,,1,70,,1191453,38,4,,1,30,,1191440,38,4,,1,72,,1191438,38,4,,1,30,,1191432,38,4,,1,70,,1191433,38,4,,1,31,,1056764,38,4,,1,74,,1191437,38,4,,1,32,,1191450,38,4,,1,74,,1191443,38,4,,1,30,,1033096,38,4,,1,69,,1191435,38,4,,1,29,,1079503,38,4,,1,69,,1037932,38,4,,1,26,,1191451,38,4,,1,68,,1191445,38,4,,1,29,,1191449,38,4,,1,69,,1191455,38,4,,1,28,,1191452,38,4,,1,71,,1191456,38,4,,1,100,,1191442,38,4,,1,100,,1191434,38,4,,1
16300,'13',748,,1191479,38,4,,1,70,,1191474,38,4,,1,100,,1191472,38,4,,1,30,,1191478,38,4,,1,70,,1191468,38,4,,1,32,,1191460,38,4,,1,70,,1191463,38,4,,1,30,,1191466,38,4,,1,70,,1191471,38,4,,1,31,,1191475,38,4,,1,70,,1191480,38,4,,1,30,,1191462,38,4,,1,70,,1191461,38,4,,1,30,,1191467,38,4,,1,70,,1191473,38,4,,1,30,,1191476,38,4,,1,70,,1191464,38,4,,1,30,,1191465,38,4,,1,70,,1191477,38,4,,1,30,,1191469,38,4,,1,99,,1191459,38,4,,1,100,,1191470,38,4,,1
16300,'14',631,,1191496,38,4,,1,79,,1191505,38,4,,1,30,,1191488,38,4,,1,74,,1191495,38,4,,1,31,,1191494,38,4,,1,64,,1191490,38,4,,1,31,,1191510,38,4,,1,68,,1191489,38,4,,1,28,,1191481,38,4,,1,70,,1191492,38,4,,1,30,,1191485,38,4,,1,70,,1191493,38,4,,1,30,,1191504,38,4,,1,72,,1191500,38,4,,1,30,,1191483,38,4,,1,70,,1191486,38,4,,1,31,,1191482,38,4,,1,74,,1191512,38,4,,1,32,,1191502,38,4,,1,74,,1191499,38,4,,1,30,,1191509,38,4,,1,69,,1191491,38,4,,1,29,,1191506,38,4,,1,69,,1191498,38,4,,1,26,,1191487,38,4,,1,68,,1191507,38,4,,1,29,,1191497,38,4,,1,69,,1191503,38,4,,1,28,,1191484,38,4,,1,71,,1191511,38,4,,1,100,,1191508,38,4,,1,100,,1191501,38,4,,1
16300,'15',631,,1191536,38,4,,1,79,,1191529,38,4,,1,30,,1191540,38,4,,1,74,,1191528,38,4,,1,31,,1191524,38,4,,1,64,,1191541,38,4,,1,31,,1191537,38,4,,1,68,,1191525,38,4,,1,28,,1191522,38,4,,1,70,,1191542,38,4,,1,30,,1191526,38,4,,1,70,,1191517,38,4,,1,30,,1191518,38,4,,1,72,,1191530,38,4,,1,30,,1191543,38,4,,1,70,,1191532,38,4,,1,31,,1191527,38,4,,1,74,,1191516,38,4,,1,32,,1191539,38,4,,1,74,,1191523,38,4,,1,30,,1191534,38,4,,1,69,,1191514,38,4,,1,29,,1191515,38,4,,1,69,,1191513,38,4,,1,26,,1191544,38,4,,1,68,,1191538,38,4,,1,29,,1191533,38,4,,1,69,,1191519,38,4,,1,28,,1191531,38,4,,1,71,,1191535,38,4,,1,100,,1191521,38,4,,1,100,,1191520,38,4,,1
16300,'16',631,,1191551,38,4,,1,79,,1191552,38,4,,1,30,,1191555,38,4,,1,74,,1191558,38,4,,1,31,,955645,38,4,,1,64,,1191557,38,4,,1,31,,1191546,38,4,,1,68,,1191565,38,4,,1,28,,1191569,38,4,,1,70,,1191570,38,4,,1,30,,1191559,38,4,,1,70,,1191564,38,4,,1,30,,1090906,38,4,,1,72,,1191550,38,4,,1,30,,1079861,38,4,,1,70,,1191545,38,4,,1,31,,1191549,38,4,,1,74,,1191548,38,4,,1,32,,1191561,38,4,,1,74,,1191554,38,4,,1,30,,1191571,38,4,,1,69,,944582,38,4,,1,29,,1191567,38,4,,1,69,,1191547,38,4,,1,26,,1191562,38,4,,1,68,,1191556,38,4,,1,29,,1191560,38,4,,1,69,,1191566,38,4,,1,28,,1191563,38,4,,1,71,,1191568,38,4,,1,100,,1191553,38,4,,1,100,,1075039,38,4,,1
16300,'17',748,,1191592,38,4,,1,70,,1191587,38,4,,1,100,,1191585,38,4,,1,30,,1191591,38,4,,1,70,,1191581,38,4,,1,32,,1191573,38,4,,1,70,,1191576,38,4,,1,30,,1191579,38,4,,1,70,,1191584,38,4,,1,31,,1191588,38,4,,1,70,,1191593,38,4,,1,30,,1191575,38,4,,1,70,,1191574,38,4,,1,30,,1191580,38,4,,1,70,,1191586,38,4,,1,30,,1191589,38,4,,1,70,,1191577,38,4,,1,30,,1191578,38,4,,1,70,,1191590,38,4,,1,30,,1191582,38,4,,1,99,,1191572,38,4,,1,100,,1191583,38,4,,1
16300,'2',718,,1074165,38,4,,1,100,,1191605,38,4,,1,30,,1022817,38,4,,1,70,,1191615,38,4,,1,30,,1191612,38,4,,1,70,,1191604,38,4,,1,32,,1191602,38,4,,1,70,,1191610,38,4,,1,30,,1191607,38,4,,1,70,,1191603,38,4,,1,31,,1191611,38,4,,1,70,,1191597,38,4,,1,30,,1191595,38,4,,1,70,,1191609,38,4,,1,30,,1191596,38,4,,1,70,,1191614,38,4,,1,30,,1191606,38,4,,1,70,,1191608,38,4,,1,30,,1191599,38,4,,1,70,,1191601,38,4,,1,30,,1191613,38,4,,1,99,,1191594,38,4,,1,100,,1191598,38,4,,1,100,,1191600,38,4,,1,98,,1014009,38,4,,1,100,,1094997,38,4,,1
16300,'3',748,,1191636,38,4,,1,70,,1191631,38,4,,1,100,,1191629,38,4,,1,30,,1191635,38,4,,1,70,,1191625,38,4,,1,32,,1191617,38,4,,1,70,,1191620,38,4,,1,30,,1191623,38,4,,1,70,,1191628,38,4,,1,31,,1191632,38,4,,1,70,,1191637,38,4,,1,30,,1191619,38,4,,1,70,,1191618,38,4,,1,30,,1191624,38,4,,1,70,,1191630,38,4,,1,30,,1191633,38,4,,1,70,,1191621,38,4,,1,30,,1191622,38,4,,1,70,,1191634,38,4,,1,30,,1191626,38,4,,1,99,,1191616,38,4,,1,100,,1191627,38,4,,1
16300,'4',748,,1191638,38,4,,1,70,,1191654,38,4,,1,100,,1191644,38,4,,1,30,,1191657,38,4,,1,70,,1191655,38,4,,1,32,,1191641,38,4,,1,70,,1191646,38,4,,1,30,,1191640,38,4,,1,70,,1191652,38,4,,1,31,,1191649,38,4,,1,70,,1191642,38,4,,1,30,,1191648,38,4,,1,70,,1191639,38,4,,1,30,,1191643,38,4,,1,70,,1191653,38,4,,1,30,,1191658,38,4,,1,70,,1191647,38,4,,1,30,,938526,38,4,,1,70,,1191650,38,4,,1,30,,1191645,38,4,,1,99,,1191656,38,4,,1,100,,1191651,38,4,,1
16300,'5',631,,1036568,38,4,,1,79,,1191679,38,4,,1,30,,1191663,38,4,,1,74,,1191670,38,4,,1,31,,1191669,38,4,,1,64,,1191665,38,4,,1,31,,1069332,38,4,,1,68,,1191664,38,4,,1,28,,1191659,38,4,,1,70,,1191667,38,4,,1,30,,1191661,38,4,,1,70,,1191668,38,4,,1,30,,1191678,38,4,,1,72,,1191674,38,4,,1,30,,1070554,38,4,,1,70,,1067723,38,4,,1,31,,1103803,38,4,,1,74,,1191683,38,4,,1,32,,1191676,38,4,,1,74,,1191673,38,4,,1,30,,1191682,38,4,,1,69,,1191666,38,4,,1,29,,1191680,38,4,,1,69,,1191672,38,4,,1,26,,1191662,38,4,,1,68,,1072332,38,4,,1,29,,1191671,38,4,,1,69,,1191677,38,4,,1,28,,1191660,38,4,,1,71,,1057939,38,4,,1,100,,1191681,38,4,,1,100,,1191675,38,4,,1
16300,'6',631,,1191692,38,4,,1,79,,1191694,38,4,,1,30,,1191697,38,4,,1,74,,1191700,38,4,,1,31,,1191689,38,4,,1,64,,1191699,38,4,,1,31,,1191685,38,4,,1,68,,1191704,38,4,,1,28,,1088326,38,4,,1,70,,961143,38,4,,1,30,,1191701,38,4,,1,70,,1103130,38,4,,1,30,,1191693,38,4,,1,72,,1191691,38,4,,1,30,,1191684,38,4,,1,70,,1004808,38,4,,1,31,,1191690,38,4,,1,74,,1076739,38,4,,1,32,,1077716,38,4,,1,74,,1191696,38,4,,1,30,,1191707,38,4,,1,69,,1191688,38,4,,1,29,,1191706,38,4,,1,69,,1191687,38,4,,1,26,,1087009,38,4,,1,68,,1191698,38,4,,1,29,,1191702,38,4,,1,69,,1191705,38,4,,1,28,,1191703,38,4,,1,71,,1070700,38,4,,1,100,,1191695,38,4,,1,100,,1191686,38,4,,1
16300,'7',718,,1191715,38,4,,1,100,,1191709,38,4,,1,30,,1191723,38,4,,1,70,,1191732,38,4,,1,30,,1191725,38,4,,1,70,,1191733,38,4,,1,32,,1191718,38,4,,1,70,,1191722,38,4,,1,30,,1191728,38,4,,1,70,,1191717,38,4,,1,31,,1191714,38,4,,1,70,,1191713,38,4,,1,30,,1191710,38,4,,1,70,,1191716,38,4,,1,30,,1191724,38,4,,1,70,,1191712,38,4,,1,30,,1191719,38,4,,1,70,,1191729,38,4,,1,30,,1191726,38,4,,1,70,,1191720,38,4,,1,30,,1191731,38,4,,1,99,,1191711,38,4,,1,100,,1191708,38,4,,1,100,,1191730,38,4,,1,98,,1191727,38,4,,1,100,,1191721,38,4,,1
16300,'8',631,,1191744,38,4,,1,79,,1191746,38,4,,1,30,,1191749,38,4,,1,74,,1191752,38,4,,1,31,,1191740,38,4,,1,64,,1191751,38,4,,1,31,,1191736,38,4,,1,68,,1191759,38,4,,1,28,,1191763,38,4,,1,70,,1191764,38,4,,1,30,,1191753,38,4,,1,70,,1191758,38,4,,1,30,,1191745,38,4,,1,72,,1191743,38,4,,1,30,,1191734,38,4,,1,70,,1191735,38,4,,1,31,,1191742,38,4,,1,74,,1191741,38,4,,1,32,,1191755,38,4,,1,74,,1191748,38,4,,1,30,,1191765,38,4,,1,69,,1191739,38,4,,1,29,,1191761,38,4,,1,69,,1191738,38,4,,1,26,,1191756,38,4,,1,68,,1191750,38,4,,1,29,,1191754,38,4,,1,69,,1191760,38,4,,1,28,,1191757,38,4,,1,71,,1191762,38,4,,1,100,,1191747,38,4,,1,100,,1191737,38,4,,1
16300,'9',631,,1037050,38,4,,1,79,,1191786,38,4,,1,30,,1191770,38,4,,1,74,,1191777,38,4,,1,31,,1191776,38,4,,1,64,,1191772,38,4,,1,31,,1069247,38,4,,1,68,,1191771,38,4,,1,28,,1191766,38,4,,1,70,,1191774,38,4,,1,30,,1191768,38,4,,1,70,,1191775,38,4,,1,30,,1191785,38,4,,1,72,,1191781,38,4,,1,30,,1070463,38,4,,1,70,,1067706,38,4,,1,31,,1103794,38,4,,1,74,,1191790,38,4,,1,32,,1191783,38,4,,1,74,,1191780,38,4,,1,30,,1191789,38,4,,1,69,,1191773,38,4,,1,29,,1191787,38,4,,1,69,,1191779,38,4,,1,26,,1191769,38,4,,1,68,,1072254,38,4,,1,29,,1191778,38,4,,1,69,,1191784,38,4,,1,28,,1191767,38,4,,1,71,,1058047,38,4,,1,100,,1191788,38,4,,1,100,,1191782,38,4,,1
16301,'1',600,,1191796,1,,,1,30,,1191806,1,,,1,70,,1100030,1,,,1,30,,1191794,1,,,1,70,,1191816,1,,,1,31,,1191793,1,,,1,69,,1191814,1,,,1,30,,1191803,1,,,1,70,,1191817,1,,,1,30,,1191818,1,,,1,70,,1068374,1,,,1,30,,1191805,1,,,1,70,,1191807,1,,,1,30,,1191815,1,,,1,70,,1191792,1,,,1,30,,1191801,1,,,1,70,,1191808,1,,,1,30,,1191798,1,,,1,70,,1191810,1,,,1,30,,1191795,1,,,1,70,,1191791,1,,,1,30,,1191809,1,,,1,70,,1191800,1,,,1,30,,1191811,1,,,1,70,,1191812,1,,,1,30,,1191813,1,,,1,70,,1191802,1,,,1,30,,1191804,1,,,1,70,,1077024,1,,,1,100,,1191799,1,,,1,100,,1191797,1,,,1
16301,'10',600,,1191824,1,,,1,30,,1191834,1,,,1,70,,1099886,1,,,1,30,,1191822,1,,,1,70,,1191844,1,,,1,31,,1191821,1,,,1,69,,1191842,1,,,1,30,,1191831,1,,,1,70,,1191845,1,,,1,30,,1191846,1,,,1,70,,1068133,1,,,1,30,,1191833,1,,,1,70,,1191835,1,,,1,30,,1191843,1,,,1,70,,1191820,1,,,1,30,,1191829,1,,,1,70,,1191836,1,,,1,30,,1191826,1,,,1,70,,1191838,1,,,1,30,,1191823,1,,,1,70,,1191819,1,,,1,30,,1191837,1,,,1,70,,1191828,1,,,1,30,,1191839,1,,,1,70,,1191840,1,,,1,30,,1191841,1,,,1,70,,1191830,1,,,1,30,,1191832,1,,,1,70,,1076800,1,,,1,100,,1191827,1,,,1,100,,1191825,1,,,1
16301,'11',600,,1191852,1,,,1,30,,1191862,1,,,1,70,,1100074,1,,,1,30,,1191850,1,,,1,70,,1191872,1,,,1,31,,1191849,1,,,1,69,,1191870,1,,,1,30,,1191859,1,,,1,70,,1191873,1,,,1,30,,1191874,1,,,1,70,,1068438,1,,,1,30,,1191861,1,,,1,70,,1191863,1,,,1,30,,1191871,1,,,1,70,,1191848,1,,,1,30,,1191857,1,,,1,70,,1191864,1,,,1,30,,1191854,1,,,1,70,,1191866,1,,,1,30,,1191851,1,,,1,70,,1191847,1,,,1,30,,1191865,1,,,1,70,,1191856,1,,,1,30,,1191867,1,,,1,70,,1191868,1,,,1,30,,1191869,1,,,1,70,,1191858,1,,,1,30,,1191860,1,,,1,70,,1077090,1,,,1,100,,1191855,1,,,1,100,,1191853,1,,,1
16301,'12',600,,1191900,1,,,1,30,,1191879,1,,,1,70,,1191883,1,,,1,30,,1191902,1,,,1,70,,1191901,1,,,1,31,,1191893,1,,,1,69,,1191885,1,,,1,30,,1191895,1,,,1,70,,1191888,1,,,1,30,,1191894,1,,,1,70,,1191886,1,,,1,30,,1191876,1,,,1,70,,1191896,1,,,1,30,,1191889,1,,,1,70,,1191897,1,,,1,30,,1191881,1,,,1,70,,1081626,1,,,1,30,,1191884,1,,,1,70,,1191878,1,,,1,30,,1191880,1,,,1,70,,1191899,1,,,1,30,,1191875,1,,,1,70,,1081288,1,,,1,30,,1191887,1,,,1,70,,1191891,1,,,1,30,,1063002,1,,,1,70,,1191877,1,,,1,30,,1191898,1,,,1,70,,1191890,1,,,1,100,,1191882,1,,,1,100,,1191892,1,,,1
16301,'13',730,,1085171,1,,,1,100,,1191907,1,,,1,70,,1191906,1,,,1,30,,1191905,1,,,1,70,,1191909,1,,,1,30,,1191916,1,,,1,70,,1101569,1,,,1,30,,1191915,1,,,1,70,,1191908,1,,,1,30,,1191910,1,,,1,70,,1191921,1,,,1,30,,1191913,1,,,1,70,,1191912,1,,,1,30,,1191918,1,,,1,70,,1191911,1,,,1,30,,1191920,1,,,1,70,,1191919,1,,,1,30,,1191903,1,,,1,70,,1191914,1,,,1,100,,1191904,1,,,1,100,,1191917,1,,,1
16301,'14',600,,1191929,1,,,1,30,,1191939,1,,,1,70,,1191923,1,,,1,30,,1191927,1,,,1,70,,1191949,1,,,1,31,,1191926,1,,,1,69,,1191947,1,,,1,30,,1191936,1,,,1,70,,1191950,1,,,1,30,,1191952,1,,,1,70,,1191924,1,,,1,30,,1191938,1,,,1,70,,1191940,1,,,1,30,,1191948,1,,,1,70,,1191925,1,,,1,30,,1191934,1,,,1,70,,1191941,1,,,1,30,,1191931,1,,,1,70,,1191943,1,,,1,30,,1191928,1,,,1,70,,1191922,1,,,1,30,,1191942,1,,,1,70,,1191933,1,,,1,30,,1191944,1,,,1,70,,1191945,1,,,1,30,,1191946,1,,,1,70,,1191935,1,,,1,30,,1191937,1,,,1,70,,1191951,1,,,1,100,,1191932,1,,,1,100,,1191930,1,,,1
16301,'15',600,,1191976,1,,,1,30,,1191982,1,,,1,70,,1191969,1,,,1,30,,1191980,1,,,1,70,,1191966,1,,,1,31,,1191960,1,,,1,69,,1191970,1,,,1,30,,1191973,1,,,1,70,,1191972,1,,,1,30,,1191963,1,,,1,70,,1191983,1,,,1,30,,1191979,1,,,1,70,,1191981,1,,,1,30,,1191975,1,,,1,70,,1191962,1,,,1,30,,1191953,1,,,1,70,,1191964,1,,,1,30,,1191971,1,,,1,70,,1191958,1,,,1,30,,1191956,1,,,1,70,,1191965,1,,,1,30,,1191959,1,,,1,70,,1191954,1,,,1,30,,1191977,1,,,1,70,,1191961,1,,,1,30,,1191974,1,,,1,70,,1191968,1,,,1,30,,1191978,1,,,1,70,,1191957,1,,,1,100,,1191955,1,,,1,100,,1191967,1,,,1
16301,'16',600,,1192011,1,,,1,30,,1191990,1,,,1,70,,1191994,1,,,1,30,,1192014,1,,,1,70,,1192012,1,,,1,31,,1192004,1,,,1,69,,1191996,1,,,1,30,,1192006,1,,,1,70,,1191999,1,,,1,30,,1192005,1,,,1,70,,1191997,1,,,1,30,,1191986,1,,,1,70,,1192007,1,,,1,30,,1192000,1,,,1,70,,1192008,1,,,1,30,,1191992,1,,,1,70,,1192013,1,,,1,30,,1191995,1,,,1,70,,1191988,1,,,1,30,,1191991,1,,,1,70,,1192010,1,,,1,30,,1191985,1,,,1,70,,1191984,1,,,1,30,,1191998,1,,,1,70,,1192002,1,,,1,30,,1191989,1,,,1,70,,1191987,1,,,1,30,,1192009,1,,,1,70,,1192001,1,,,1,100,,1191993,1,,,1,100,,1192003,1,,,1
16301,'17',730,,1192032,1,,,1,100,,1192019,1,,,1,70,,1192018,1,,,1,30,,1192017,1,,,1,70,,1192021,1,,,1,30,,1192028,1,,,1,70,,1192035,1,,,1,30,,1192027,1,,,1,70,,1192020,1,,,1,30,,1192022,1,,,1,70,,1192034,1,,,1,30,,1192025,1,,,1,70,,1192024,1,,,1,30,,1192030,1,,,1,70,,1192023,1,,,1,30,,1192033,1,,,1,70,,1192031,1,,,1,30,,1192015,1,,,1,70,,1192026,1,,,1,100,,1192016,1,,,1,100,,1192029,1,,,1
16301,'2',730,,1192040,1,,,1,70,,1192045,1,,,1,30,,1192042,1,,,1,70,,1192049,1,,,1,30,,1192051,1,,,1,70,,1079710,1,,,1,30,,1192043,1,,,1,70,,1192044,1,,,1,30,,1192037,1,,,1,70,,1192057,1,,,1,30,,1192055,1,,,1,70,,1192038,1,,,1,30,,1192046,1,,,1,70,,1192039,1,,,1,30,,1192052,1,,,1,70,,1192050,1,,,1,30,,1192056,1,,,1,70,,1192054,1,,,1,30,,1192053,1,,,1,70,,1192036,1,,,1,100,,1192041,1,,,1,100,,1192047,1,,,1,100,,1192058,1,,,1,100,,1192048,1,,,1,100,,1192059,1,,,1
16301,'3',730,,1192077,1,,,1,100,,1192064,1,,,1,70,,1192063,1,,,1,30,,1192062,1,,,1,70,,1192066,1,,,1,30,,1192073,1,,,1,70,,1192080,1,,,1,30,,1192072,1,,,1,70,,1192065,1,,,1,30,,1192067,1,,,1,70,,1192079,1,,,1,30,,1192070,1,,,1,70,,1192069,1,,,1,30,,1192075,1,,,1,70,,1192068,1,,,1,30,,1192078,1,,,1,70,,1192076,1,,,1,30,,1192060,1,,,1,70,,1192071,1,,,1,100,,1192061,1,,,1,100,,1192074,1,,,1
16301,'4',730,,1192097,1,,,1,100,,1192084,1,,,1,70,,1192090,1,,,1,30,,1192091,1,,,1,70,,1192095,1,,,1,30,,1192093,1,,,1,70,,1192099,1,,,1,30,,1192094,1,,,1,70,,1192088,1,,,1,30,,1192092,1,,,1,70,,1192098,1,,,1,30,,1192082,1,,,1,70,,1192101,1,,,1,30,,1192100,1,,,1,70,,1192089,1,,,1,30,,1192087,1,,,1,70,,1192081,1,,,1,30,,1192096,1,,,1,70,,1192086,1,,,1,100,,1192083,1,,,1,100,,1192085,1,,,1
16301,'5',600,,1192107,1,,,1,30,,1192117,1,,,1,70,,1100004,1,,,1,30,,1192105,1,,,1,70,,1192127,1,,,1,31,,1192104,1,,,1,69,,1192125,1,,,1,30,,1192114,1,,,1,70,,1192128,1,,,1,30,,1192129,1,,,1,70,,1068331,1,,,1,30,,1192116,1,,,1,70,,1192118,1,,,1,30,,1192126,1,,,1,70,,1192103,1,,,1,30,,1192112,1,,,1,70,,1192119,1,,,1,30,,1192109,1,,,1,70,,1192121,1,,,1,30,,1192106,1,,,1,70,,1192102,1,,,1,30,,1192120,1,,,1,70,,1192111,1,,,1,30,,1192122,1,,,1,70,,1192123,1,,,1,30,,1192124,1,,,1,70,,1192113,1,,,1,30,,1192115,1,,,1,70,,1076980,1,,,1,100,,1192110,1,,,1,100,,1192108,1,,,1
16301,'6',600,,1094260,1,,,1,30,,1192135,1,,,1,70,,1192137,1,,,1,30,,1097202,1,,,1,70,,1064526,1,,,1,31,,1192147,1,,,1,69,,1192139,1,,,1,30,,1192149,1,,,1,70,,1192142,1,,,1,30,,1192148,1,,,1,70,,1192140,1,,,1,30,,1099730,1,,,1,70,,1192150,1,,,1,30,,1192143,1,,,1,70,,1192151,1,,,1,30,,1054508,1,,,1,70,,1192153,1,,,1,30,,1192138,1,,,1,70,,1192133,1,,,1,30,,1076402,1,,,1,70,,1098922,1,,,1,30,,1192131,1,,,1,70,,1192130,1,,,1,30,,1192141,1,,,1,70,,1192145,1,,,1,30,,1192134,1,,,1,70,,1192132,1,,,1,30,,1192152,1,,,1,70,,1192144,1,,,1,100,,1192136,1,,,1,100,,1192146,1,,,1
16301,'7',730,,1192176,1,,,1,70,,1192172,1,,,1,30,,1192169,1,,,1,70,,1192178,1,,,1,30,,1192160,1,,,1,70,,1192168,1,,,1,30,,1192164,1,,,1,70,,1192171,1,,,1,30,,1192163,1,,,1,70,,1192159,1,,,1,30,,1192177,1,,,1,70,,1192166,1,,,1,30,,1192154,1,,,1,70,,1192170,1,,,1,30,,1192161,1,,,1,70,,1192158,1,,,1,30,,1192155,1,,,1,70,,1192167,1,,,1,30,,1192156,1,,,1,70,,1192162,1,,,1,100,,1192165,1,,,1,100,,1192174,1,,,1,100,,1192157,1,,,1,100,,1192173,1,,,1,100,,1192175,1,,,1
16301,'8',600,,1192206,1,,,1,30,,1192185,1,,,1,70,,1192189,1,,,1,30,,1192209,1,,,1,70,,1192207,1,,,1,31,,1192199,1,,,1,69,,1192191,1,,,1,30,,1192201,1,,,1,70,,1192194,1,,,1,30,,1192200,1,,,1,70,,1192192,1,,,1,30,,1192181,1,,,1,70,,1192202,1,,,1,30,,1192195,1,,,1,70,,1192203,1,,,1,30,,1192187,1,,,1,70,,1192208,1,,,1,30,,1192190,1,,,1,70,,1192183,1,,,1,30,,1192186,1,,,1,70,,1192205,1,,,1,30,,1192180,1,,,1,70,,1192179,1,,,1,30,,1192193,1,,,1,70,,1192197,1,,,1,30,,1192184,1,,,1,70,,1192182,1,,,1,30,,1192204,1,,,1,70,,1192196,1,,,1,100,,1192188,1,,,1,100,,1192198,1,,,1
16301,'9',600,,1192215,1,,,1,30,,1192225,1,,,1,70,,1099934,1,,,1,30,,1192213,1,,,1,70,,1192235,1,,,1,31,,1192212,1,,,1,69,,1192233,1,,,1,30,,1192222,1,,,1,70,,1192236,1,,,1,30,,1192237,1,,,1,70,,1068210,1,,,1,30,,1192224,1,,,1,70,,1192226,1,,,1,30,,1192234,1,,,1,70,,1192211,1,,,1,30,,1192220,1,,,1,70,,1192227,1,,,1,30,,1192217,1,,,1,70,,1192229,1,,,1,30,,1192214,1,,,1,70,,1192210,1,,,1,30,,1192228,1,,,1,70,,1192219,1,,,1,30,,1192230,1,,,1,70,,1192231,1,,,1,30,,1192232,1,,,1,70,,1192221,1,,,1,30,,1192223,1,,,1,70,,1076875,1,,,1,100,,1192218,1,,,1,100,,1192216,1,,,1
16500,'1',600,,1192239,1,,,1,30,,1192246,1,,,1,70,,1102147,1,,,1,30,,1192252,1,,,1,70,,1192255,1,,,1,30,,1192242,1,,,1,70,,1192256,1,,,1,30,,1041542,1,,,1,100,,1029474,1,,,1,100,,1192247,1,,,1,100,,1192257,1,,,1,100,,1192241,1,,,1,100,,1192251,1,,,1,70,,1192253,1,,,1,32,,1192254,1,,,1,68,,1077300,1,,,1,30,,1192250,1,,,1,70,,1192249,1,,,1,30,,1192245,1,,,1,70,,1192248,1,,,1,100,,1192243,1,,,1,100,,1192238,1,,,1,100,,1192244,1,,,1,100,,1192240,1,,,1
16500,'10',600,,1192259,1,,,1,30,,1192266,1,,,1,70,,1102144,1,,,1,30,,1192272,1,,,1,70,,1192275,1,,,1,30,,1192262,1,,,1,70,,1192276,1,,,1,30,,1041665,1,,,1,100,,1029568,1,,,1,100,,1192267,1,,,1,100,,1192277,1,,,1,100,,1192261,1,,,1,100,,1192271,1,,,1,70,,1192273,1,,,1,32,,1192274,1,,,1,68,,1077162,1,,,1,30,,1192270,1,,,1,70,,1192269,1,,,1,30,,1192265,1,,,1,70,,1192268,1,,,1,100,,1192263,1,,,1,100,,1192258,1,,,1,100,,1192264,1,,,1,100,,1192260,1,,,1
16500,'11',600,,1192279,1,,,1,30,,1192286,1,,,1,70,,1102148,1,,,1,30,,1192292,1,,,1,70,,1192295,1,,,1,30,,1192282,1,,,1,70,,1192296,1,,,1,30,,1041505,1,,,1,100,,1029445,1,,,1,100,,1192287,1,,,1,100,,1192297,1,,,1,100,,1192281,1,,,1,100,,1192291,1,,,1,70,,1192293,1,,,1,32,,1192294,1,,,1,68,,1077340,1,,,1,30,,1192290,1,,,1,70,,1192289,1,,,1,30,,1192285,1,,,1,70,,1192288,1,,,1,100,,1192283,1,,,1,100,,1192278,1,,,1,100,,1192284,1,,,1,100,,1192280,1,,,1
16500,'12',600,,1192309,1,,,1,30,,1192306,1,,,1,70,,1192319,1,,,1,30,,1192304,1,,,1,70,,1192311,1,,,1,30,,1192302,1,,,1,70,,1192303,1,,,1,30,,1192310,1,,,1,100,,1192321,1,,,1,100,,1192308,1,,,1,100,,1192318,1,,,1,100,,1192312,1,,,1,100,,1192301,1,,,1,70,,1192314,1,,,1,32,,1192320,1,,,1,68,,1192316,1,,,1,30,,1192300,1,,,1,70,,1192317,1,,,1,30,,1192313,1,,,1,70,,1192299,1,,,1,100,,1192307,1,,,1,100,,1192298,1,,,1,100,,1192315,1,,,1,100,,1192305,1,,,1
16500,'13',858,,1192331,1,,,1,100,,1192324,1,,,1,100,,1192325,1,,,1,100,,1192327,1,,,1,100,,1192323,1,,,1,100,,1192322,1,,,1,100,,1192329,1,,,1,100,,1192330,1,,,1,100,,1065344,1,,,1,100,,1192328,1,,,1,100,,1192326,1,,,1
16500,'14',600,,1192334,1,,,1,30,,1192342,1,,,1,70,,1192332,1,,,1,30,,1192349,1,,,1,70,,1192352,1,,,1,30,,1192338,1,,,1,70,,1192353,1,,,1,30,,1192336,1,,,1,100,,1192355,1,,,1,100,,1192343,1,,,1,100,,1192354,1,,,1,100,,1192337,1,,,1,100,,1192347,1,,,1,70,,1192350,1,,,1,32,,1192351,1,,,1,68,,1192348,1,,,1,30,,1192346,1,,,1,70,,1192345,1,,,1,30,,1192341,1,,,1,70,,1192344,1,,,1,100,,1192339,1,,,1,100,,1192333,1,,,1,100,,1192340,1,,,1,100,,1192335,1,,,1
16500,'15',600,,1192368,1,,,1,30,,1192357,1,,,1,70,,1192376,1,,,1,30,,1192377,1,,,1,70,,1192363,1,,,1,30,,1192379,1,,,1,70,,1192378,1,,,1,30,,1192359,1,,,1,100,,1192362,1,,,1,100,,1192358,1,,,1,100,,1192369,1,,,1,100,,1192372,1,,,1,100,,1192360,1,,,1,70,,1192370,1,,,1,32,,1192371,1,,,1,68,,1192374,1,,,1,30,,1192365,1,,,1,70,,1192361,1,,,1,30,,1192356,1,,,1,70,,1192373,1,,,1,100,,1192367,1,,,1,100,,1192375,1,,,1,100,,1192364,1,,,1,100,,1192366,1,,,1
16500,'16',600,,1192388,1,,,1,30,,1192385,1,,,1,70,,1192397,1,,,1,30,,1192383,1,,,1,70,,1192390,1,,,1,30,,1098566,1,,,1,70,,1192382,1,,,1,30,,1192389,1,,,1,100,,1192399,1,,,1,100,,1192387,1,,,1,100,,1192396,1,,,1,100,,1192391,1,,,1,100,,1073448,1,,,1,70,,1192392,1,,,1,32,,1192398,1,,,1,68,,1192394,1,,,1,30,,1192381,1,,,1,70,,1192395,1,,,1,30,,997056,1,,,1,70,,1192380,1,,,1,100,,1192386,1,,,1,100,,1096446,1,,,1,100,,1192393,1,,,1,100,,1192384,1,,,1
16500,'17',858,,1192410,1,,,1,100,,1192402,1,,,1,100,,1192404,1,,,1,100,,1192406,1,,,1,100,,1192401,1,,,1,100,,1192400,1,,,1,100,,1192408,1,,,1,100,,1192409,1,,,1,100,,1192403,1,,,1,100,,1192407,1,,,1,100,,1192405,1,,,1
16500,'2',711,,1192420,1,,,1,100,,1192413,1,,,1,100,,1192417,1,,,1,100,,1192425,1,,,1,100,,1192415,1,,,1,100,,1192414,1,,,1,100,,1192421,1,,,1,100,,1031917,1,,,1,100,,1192416,1,,,1,100,,1192411,1,,,1,100,,1192412,1,,,1,100,,1192422,1,,,1,100,,1192419,1,,,1,100,,1192423,1,,,1,100,,1192424,1,,,1,100,,1192418,1,,,1
16500,'3',858,,1192436,1,,,1,100,,1192428,1,,,1,100,,1192430,1,,,1,100,,1192432,1,,,1,100,,1192427,1,,,1,100,,1192426,1,,,1,100,,1192434,1,,,1,100,,1192435,1,,,1,100,,1192429,1,,,1,100,,1192433,1,,,1,100,,1192431,1,,,1
16500,'4',858,,1192441,1,,,1,100,,1192444,1,,,1,100,,1192442,1,,,1,100,,994468,1,,,1,100,,1192440,1,,,1,100,,1192443,1,,,1,100,,1062979,1,,,1,100,,1192439,1,,,1,100,,1192445,1,,,1,100,,1192438,1,,,1,100,,1192437,1,,,1
16500,'5',600,,1192447,1,,,1,30,,1192454,1,,,1,70,,1102146,1,,,1,30,,1192460,1,,,1,70,,1192463,1,,,1,30,,1192450,1,,,1,70,,1192464,1,,,1,30,,1041339,1,,,1,100,,1029300,1,,,1,100,,1192455,1,,,1,100,,1192465,1,,,1,100,,1192449,1,,,1,100,,1192459,1,,,1,70,,1192461,1,,,1,32,,1192462,1,,,1,68,,1077275,1,,,1,30,,1192458,1,,,1,70,,1192457,1,,,1,30,,1192453,1,,,1,70,,1192456,1,,,1,100,,1192451,1,,,1,100,,1192446,1,,,1,100,,1192452,1,,,1,100,,1192448,1,,,1
16500,'6',600,,1192475,1,,,1,30,,1192472,1,,,1,70,,1077636,1,,,1,30,,1192470,1,,,1,70,,1192477,1,,,1,30,,1192468,1,,,1,70,,1192469,1,,,1,30,,1192476,1,,,1,100,,1192484,1,,,1,100,,1192474,1,,,1,100,,1192483,1,,,1,100,,1029728,1,,,1,100,,1192467,1,,,1,70,,1192479,1,,,1,32,,1101927,1,,,1,68,,1192481,1,,,1,30,,1090066,1,,,1,70,,1192482,1,,,1,30,,1192478,1,,,1,70,,1064967,1,,,1,100,,1192473,1,,,1,100,,1192466,1,,,1,100,,1192480,1,,,1,100,,1192471,1,,,1
16500,'7',711,,1192499,1,,,1,100,,1192492,1,,,1,100,,1192496,1,,,1,100,,1192490,1,,,1,100,,1192489,1,,,1,100,,1192497,1,,,1,100,,1192491,1,,,1,100,,1192485,1,,,1,100,,1192494,1,,,1,100,,1192488,1,,,1,100,,1192498,1,,,1,100,,1192487,1,,,1,100,,1192495,1,,,1,100,,1192486,1,,,1,100,,1192500,1,,,1,100,,1192493,1,,,1
16500,'8',600,,1192512,1,,,1,30,,1192509,1,,,1,70,,1192522,1,,,1,30,,1192507,1,,,1,70,,1192514,1,,,1,30,,1192505,1,,,1,70,,1192506,1,,,1,30,,1192513,1,,,1,100,,1192524,1,,,1,100,,1192511,1,,,1,100,,1192521,1,,,1,100,,1192515,1,,,1,100,,1192504,1,,,1,70,,1192517,1,,,1,32,,1192523,1,,,1,68,,1192519,1,,,1,30,,1192503,1,,,1,70,,1192520,1,,,1,30,,1192516,1,,,1,70,,1192502,1,,,1,100,,1192510,1,,,1,100,,1192501,1,,,1,100,,1192518,1,,,1,100,,1192508,1,,,1
16500,'9',600,,1192526,1,,,1,30,,1192533,1,,,1,70,,1102145,1,,,1,30,,1192539,1,,,1,70,,1192542,1,,,1,30,,1192529,1,,,1,70,,1192543,1,,,1,30,,1041579,1,,,1,100,,1029503,1,,,1,100,,1192534,1,,,1,100,,1192544,1,,,1,100,,1192528,1,,,1,100,,1192538,1,,,1,70,,1192540,1,,,1,32,,1192541,1,,,1,68,,1077204,1,,,1,30,,1192537,1,,,1,70,,1192536,1,,,1,30,,1192532,1,,,1,70,,1192535,1,,,1,100,,1192530,1,,,1,100,,1192525,1,,,1,100,,1192531,1,,,1,100,,1192527,1,,,1
16501,'1',539,,1192548,17,4,,1,97,,1027153,17,4,,1,70,,1192551,17,4,,1,30,,1192563,17,4,,1,68,,1192562,17,4,,1,32,,1036007,17,4,,1,70,,1091278,17,4,,1,29,,1192555,17,4,,1,70,,1063601,17,4,,1,100,,1192553,17,4,,1,100,,1192545,17,4,,1,100,,1192546,17,4,,1,100,,1072627,17,4,,1,99,,1192549,17,4,,1,32,,1192564,17,4,,1,72,,1192561,17,4,,1,28,,1192558,17,4,,1,70,,1192556,17,4,,1,30,,1192560,17,4,,1,70,,1192552,17,4,,1,30,,1192557,17,4,,1,100,,1192554,17,4,,1,100,,1192559,17,4,,1,100,,1192550,17,4,,1,100,,1192547,17,4,,1
16501,'10',539,,1192568,17,4,,1,97,,1027246,17,4,,1,70,,1192571,17,4,,1,30,,1192583,17,4,,1,68,,1192582,17,4,,1,32,,1036225,17,4,,1,70,,1091001,17,4,,1,29,,1192575,17,4,,1,70,,1063297,17,4,,1,100,,1192573,17,4,,1,100,,1192565,17,4,,1,100,,1192566,17,4,,1,100,,1072480,17,4,,1,99,,1192569,17,4,,1,32,,1192584,17,4,,1,72,,1192581,17,4,,1,28,,1192578,17,4,,1,70,,1192576,17,4,,1,30,,1192580,17,4,,1,70,,1192572,17,4,,1,30,,1192577,17,4,,1,100,,1192574,17,4,,1,100,,1192579,17,4,,1,100,,1192570,17,4,,1,100,,1192567,17,4,,1
16501,'11',539,,1192588,17,4,,1,97,,1027124,17,4,,1,70,,1192591,17,4,,1,30,,1192603,17,4,,1,68,,1192602,17,4,,1,32,,1035944,17,4,,1,70,,1091352,17,4,,1,29,,1192595,17,4,,1,70,,1063693,17,4,,1,100,,1192593,17,4,,1,100,,1192585,17,4,,1,100,,1192586,17,4,,1,100,,1072668,17,4,,1,99,,1192589,17,4,,1,32,,1192604,17,4,,1,72,,1192601,17,4,,1,28,,1192598,17,4,,1,70,,1192596,17,4,,1,30,,1192600,17,4,,1,70,,1192592,17,4,,1,30,,1192597,17,4,,1,100,,1192594,17,4,,1,100,,1192599,17,4,,1,100,,1192590,17,4,,1,100,,1192587,17,4,,1
16501,'12',539,,1192612,17,4,,1,97,,1192613,17,4,,1,70,,1192619,17,4,,1,30,,1192620,17,4,,1,68,,1192618,17,4,,1,32,,1192606,17,4,,1,70,,1192617,17,4,,1,29,,1192607,17,4,,1,70,,1192622,17,4,,1,100,,1192615,17,4,,1,100,,1192605,17,4,,1,100,,1192609,17,4,,1,100,,1192611,17,4,,1,99,,1192623,17,4,,1,32,,973406,17,4,,1,72,,1192614,17,4,,1,28,,1192616,17,4,,1,70,,1053204,17,4,,1,30,,1075879,17,4,,1,70,,1081295,17,4,,1,30,,1030445,17,4,,1,100,,1192621,17,4,,1,100,,1192624,17,4,,1,100,,1192608,17,4,,1,100,,1192610,17,4,,1
16501,'13',837,,1192626,17,4,,1,100,,1192629,17,4,,1,102,,1192628,17,4,,1,100,,1192627,17,4,,1,101,,1192633,17,4,,1,100,,1192630,17,4,,1,100,,1192636,17,4,,1,100,,1192625,17,4,,1,100,,1192635,17,4,,1,100,,1192632,17,4,,1,99,,1192631,17,4,,1,100,,1192634,17,4,,1
16501,'14',539,,1192643,17,4,,1,97,,1192639,17,4,,1,70,,1192647,17,4,,1,30,,1192659,17,4,,1,68,,1192658,17,4,,1,32,,1192644,17,4,,1,70,,1192640,17,4,,1,29,,1192651,17,4,,1,70,,1192642,17,4,,1,100,,1192649,17,4,,1,100,,1192637,17,4,,1,100,,1192638,17,4,,1,100,,1192660,17,4,,1,99,,1192645,17,4,,1,32,,1192661,17,4,,1,72,,1192657,17,4,,1,28,,1192654,17,4,,1,70,,1192652,17,4,,1,30,,1192656,17,4,,1,70,,1192648,17,4,,1,30,,1192653,17,4,,1,100,,1192650,17,4,,1,100,,1192655,17,4,,1,100,,1192646,17,4,,1,100,,1192641,17,4,,1
16501,'15',539,,1192662,17,4,,1,97,,1192667,17,4,,1,70,,1192670,17,4,,1,30,,1192681,17,4,,1,68,,1192664,17,4,,1,32,,1192665,17,4,,1,70,,1192676,17,4,,1,29,,1192685,17,4,,1,70,,1192680,17,4,,1,100,,1192673,17,4,,1,100,,1192677,17,4,,1,100,,1192675,17,4,,1,100,,1192679,17,4,,1,99,,1192686,17,4,,1,32,,1192666,17,4,,1,72,,1192669,17,4,,1,28,,1192672,17,4,,1,70,,1192674,17,4,,1,30,,1192671,17,4,,1,70,,1192668,17,4,,1,30,,1192684,17,4,,1,100,,1192678,17,4,,1,100,,1192683,17,4,,1,100,,1192682,17,4,,1,100,,1192663,17,4,,1
16501,'16',539,,1088197,17,4,,1,97,,1192695,17,4,,1,70,,1192702,17,4,,1,30,,1192703,17,4,,1,68,,1192701,17,4,,1,32,,1192688,17,4,,1,70,,1192700,17,4,,1,29,,1192689,17,4,,1,70,,1192705,17,4,,1,100,,1192697,17,4,,1,100,,1066976,17,4,,1,100,,1192692,17,4,,1,100,,1192694,17,4,,1,99,,1081711,17,4,,1,32,,1192706,17,4,,1,72,,1192696,17,4,,1,28,,1192698,17,4,,1,70,,1192690,17,4,,1,30,,1192707,17,4,,1,70,,1192687,17,4,,1,30,,1192699,17,4,,1,100,,1192704,17,4,,1,100,,1192708,17,4,,1,100,,1192691,17,4,,1,100,,1192693,17,4,,1
16501,'17',837,,1192710,17,4,,1,100,,1192713,17,4,,1,102,,1192712,17,4,,1,100,,1192711,17,4,,1,101,,1192717,17,4,,1,100,,1192714,17,4,,1,100,,1192720,17,4,,1,100,,1192709,17,4,,1,100,,1192719,17,4,,1,100,,1192716,17,4,,1,99,,1192715,17,4,,1,100,,1192718,17,4,,1
16501,'2',649,,1192725,17,4,,1,100,,1192721,17,4,,1,100,,1192723,17,4,,1,100,,1087804,17,4,,1,102,,1192732,17,4,,1,100,,1091065,17,4,,1,101,,1192729,17,4,,1,100,,1192724,17,4,,1,100,,1192731,17,4,,1,100,,1192733,17,4,,1,100,,1192726,17,4,,1,100,,1192727,17,4,,1,99,,1192722,17,4,,1,100,,1192728,17,4,,1,100,,1192730,17,4,,1,98,,1192734,17,4,,1
16501,'3',837,,1192736,17,4,,1,100,,1192739,17,4,,1,102,,1192738,17,4,,1,100,,1192737,17,4,,1,101,,1192743,17,4,,1,100,,1192740,17,4,,1,100,,1192746,17,4,,1,100,,1192735,17,4,,1,100,,1192745,17,4,,1,100,,1192742,17,4,,1,99,,1192741,17,4,,1,100,,1192744,17,4,,1
16501,'4',837,,1192747,17,4,,1,100,,1049155,17,4,,1,102,,1192748,17,4,,1,100,,1097749,17,4,,1,101,,1192752,17,4,,1,100,,1192749,17,4,,1,100,,1192756,17,4,,1,100,,1192750,17,4,,1,100,,1192754,17,4,,1,100,,1192755,17,4,,1,99,,1192753,17,4,,1,100,,1192751,17,4,,1
16501,'5',539,,1192760,17,4,,1,97,,1026994,17,4,,1,70,,1192763,17,4,,1,30,,1192775,17,4,,1,68,,1192774,17,4,,1,32,,1035600,17,4,,1,70,,1091235,17,4,,1,29,,1192767,17,4,,1,70,,1063561,17,4,,1,100,,1192765,17,4,,1,100,,1192757,17,4,,1,100,,1192758,17,4,,1,100,,1072605,17,4,,1,99,,1192761,17,4,,1,32,,1192776,17,4,,1,72,,1192773,17,4,,1,28,,1192770,17,4,,1,70,,1192768,17,4,,1,30,,1192772,17,4,,1,70,,1192764,17,4,,1,30,,1192769,17,4,,1,100,,1192766,17,4,,1,100,,1192771,17,4,,1,100,,1192762,17,4,,1,100,,1192759,17,4,,1
16501,'6',539,,1192784,17,4,,1,97,,1192785,17,4,,1,70,,1192792,17,4,,1,30,,1024757,17,4,,1,68,,1192791,17,4,,1,32,,1018266,17,4,,1,70,,1192790,17,4,,1,29,,1016489,17,4,,1,70,,1079284,17,4,,1,100,,1192787,17,4,,1,100,,1192777,17,4,,1,100,,1192781,17,4,,1,100,,1192783,17,4,,1,99,,1192794,17,4,,1,32,,1192795,17,4,,1,72,,1192786,17,4,,1,28,,1192788,17,4,,1,70,,1192779,17,4,,1,30,,1192796,17,4,,1,70,,1192778,17,4,,1,30,,1192789,17,4,,1,100,,1192793,17,4,,1,100,,1192797,17,4,,1,100,,1192780,17,4,,1,100,,1192782,17,4,,1
16501,'7',649,,1192801,17,4,,1,100,,1192808,17,4,,1,100,,1192800,17,4,,1,100,,1192812,17,4,,1,102,,1192813,17,4,,1,100,,1192799,17,4,,1,101,,1192809,17,4,,1,100,,1192803,17,4,,1,100,,1192811,17,4,,1,100,,1192805,17,4,,1,100,,1192802,17,4,,1,100,,1192804,17,4,,1,99,,1192798,17,4,,1,100,,1192807,17,4,,1,100,,1192810,17,4,,1,98,,1192806,17,4,,1
16501,'8',539,,1192823,17,4,,1,97,,1192824,17,4,,1,70,,1192831,17,4,,1,30,,1192832,17,4,,1,68,,1192830,17,4,,1,32,,1192816,17,4,,1,70,,1192829,17,4,,1,29,,1192817,17,4,,1,70,,1192834,17,4,,1,100,,1192826,17,4,,1,100,,1192814,17,4,,1,100,,1192820,17,4,,1,100,,1192822,17,4,,1,99,,1192835,17,4,,1,32,,1192836,17,4,,1,72,,1192825,17,4,,1,28,,1192827,17,4,,1,70,,1192818,17,4,,1,30,,1192837,17,4,,1,70,,1192815,17,4,,1,30,,1192828,17,4,,1,100,,1192833,17,4,,1,100,,1192838,17,4,,1,100,,1192819,17,4,,1,100,,1192821,17,4,,1
16501,'9',539,,1192842,17,4,,1,97,,1027182,17,4,,1,70,,1192845,17,4,,1,30,,1192857,17,4,,1,68,,1192856,17,4,,1,32,,1036070,17,4,,1,70,,1091085,17,4,,1,29,,1192849,17,4,,1,70,,1063390,17,4,,1,100,,1192847,17,4,,1,100,,1192839,17,4,,1,100,,1192840,17,4,,1,100,,1072528,17,4,,1,99,,1192843,17,4,,1,32,,1192858,17,4,,1,72,,1192855,17,4,,1,28,,1192852,17,4,,1,70,,1192850,17,4,,1,30,,1192854,17,4,,1,70,,1192846,17,4,,1,30,,1192851,17,4,,1,100,,1192848,17,4,,1,100,,1192853,17,4,,1,100,,1192844,17,4,,1,100,,1192841,17,4,,1
16800,'1',516,,1192869,1,,,1,30,,1192863,1,,,1,68,,1192874,1,,,1,30,,1017304,1,,,1,67,,1192881,1,,,1,29,,1083600,1,,,1,70,,1012320,1,,,1,31,,1192859,1,,,1,71,,1192883,1,,,1,30,,942790,1,,,1,70,,1192867,1,,,1,30,,1192871,1,,,1,70,,1192861,1,,,1,30,,1192878,1,,,1,70,,1192860,1,,,1,30,,1192884,1,,,1,70,,1031308,1,,,1,30,,1192879,1,,,1,70,,1192864,1,,,1,27,,1192882,1,,,1,70,,1192872,1,,,1,32,,1192868,1,,,1,70,,1192862,1,,,1,30,,1192877,1,,,1,70,,1078721,1,,,1,30,,1192866,1,,,1,70,,1022454,1,,,1,30,,1012322,1,,,1,70,,1192875,1,,,1,30,,1090236,1,,,1,70,,1192870,1,,,1,30,,1192873,1,,,1,70,,1192865,1,,,1,104,,1192880,1,,,1,120,,1192876,1,,,1
16800,'10',516,,1192895,1,,,1,30,,1192889,1,,,1,68,,1192900,1,,,1,30,,1017472,1,,,1,67,,1192907,1,,,1,29,,1083361,1,,,1,70,,1012403,1,,,1,31,,1192885,1,,,1,71,,1192909,1,,,1,30,,942427,1,,,1,70,,1192893,1,,,1,30,,1192897,1,,,1,70,,1192887,1,,,1,30,,1192904,1,,,1,70,,1192886,1,,,1,30,,1192910,1,,,1,70,,1031392,1,,,1,30,,1192905,1,,,1,70,,1192890,1,,,1,27,,1192908,1,,,1,70,,1192898,1,,,1,32,,1192894,1,,,1,70,,1192888,1,,,1,30,,1192903,1,,,1,70,,1078457,1,,,1,30,,1192892,1,,,1,70,,1022581,1,,,1,30,,1012405,1,,,1,70,,1192901,1,,,1,30,,1090092,1,,,1,70,,1192896,1,,,1,30,,1192899,1,,,1,70,,1192891,1,,,1,104,,1192906,1,,,1,120,,1192902,1,,,1
16800,'11',516,,1192921,1,,,1,30,,1192915,1,,,1,68,,1192926,1,,,1,30,,1017253,1,,,1,67,,1192933,1,,,1,29,,1083670,1,,,1,70,,1012297,1,,,1,31,,1192911,1,,,1,71,,1192935,1,,,1,30,,942734,1,,,1,70,,1192919,1,,,1,30,,1192923,1,,,1,70,,1192913,1,,,1,30,,1192930,1,,,1,70,,1192912,1,,,1,30,,1192936,1,,,1,70,,1031282,1,,,1,30,,1192931,1,,,1,70,,1192916,1,,,1,27,,1192934,1,,,1,70,,1192924,1,,,1,32,,1192920,1,,,1,70,,1192914,1,,,1,30,,1192929,1,,,1,70,,1078801,1,,,1,30,,1192918,1,,,1,70,,1022415,1,,,1,30,,1012299,1,,,1,70,,1192927,1,,,1,30,,1090280,1,,,1,70,,1192922,1,,,1,30,,1192925,1,,,1,70,,1192917,1,,,1,104,,1192932,1,,,1,120,,1192928,1,,,1
16800,'12',516,,1192960,1,,,1,30,,1192942,1,,,1,68,,1192948,1,,,1,30,,1192954,1,,,1,67,,1192953,1,,,1,29,,1192963,1,,,1,70,,1192941,1,,,1,31,,1192951,1,,,1,71,,1192943,1,,,1,30,,1192959,1,,,1,70,,1037950,1,,,1,30,,1192961,1,,,1,70,,1192945,1,,,1,30,,1192947,1,,,1,70,,1192955,1,,,1,30,,1192938,1,,,1,70,,1192952,1,,,1,30,,1192962,1,,,1,70,,1192946,1,,,1,27,,1192950,1,,,1,70,,1052122,1,,,1,32,,1101373,1,,,1,70,,1192964,1,,,1,30,,942200,1,,,1,70,,1192944,1,,,1,30,,1192937,1,,,1,70,,1192958,1,,,1,30,,1192940,1,,,1,70,,1192957,1,,,1,30,,1192939,1,,,1,70,,1060551,1,,,1,30,,1192956,1,,,1,70,,1068847,1,,,1,104,,1192949,1,,,1,120,,1192965,1,,,1
16800,'13',630,,1080180,1,,,1,100,,1192969,1,,,1,100,,1192982,1,,,1,70,,1192966,1,,,1,31,,1192973,1,,,1,69,,1192987,1,,,1,30,,1192984,1,,,1,70,,1192970,1,,,1,30,,1192975,1,,,1,70,,1192983,1,,,1,30,,1192980,1,,,1,70,,1192985,1,,,1,30,,1192981,1,,,1,70,,1084963,1,,,1,30,,1192967,1,,,1,70,,1192971,1,,,1,30,,1192990,1,,,1,70,,1192979,1,,,1,30,,1192976,1,,,1,70,,1192974,1,,,1,30,,1192988,1,,,1,70,,1192972,1,,,1,30,,1192986,1,,,1,100,,1192968,1,,,1,100,,1064338,1,,,1,100,,1192989,1,,,1,100,,1192978,1,,,1,113,,1192977,1,,,1
16800,'14',516,,1193008,1,,,1,30,,1193002,1,,,1,68,,1193013,1,,,1,30,,1192992,1,,,1,67,,1193020,1,,,1,29,,1192999,1,,,1,70,,1192996,1,,,1,31,,1192991,1,,,1,71,,1193024,1,,,1,30,,1193022,1,,,1,70,,1193006,1,,,1,30,,1193010,1,,,1,70,,1192998,1,,,1,30,,1193017,1,,,1,70,,1192994,1,,,1,30,,1193025,1,,,1,70,,1193001,1,,,1,30,,1193018,1,,,1,70,,1193003,1,,,1,27,,1193023,1,,,1,70,,1193011,1,,,1,32,,1193007,1,,,1,70,,1193000,1,,,1,30,,1193016,1,,,1,70,,1193021,1,,,1,30,,1193005,1,,,1,70,,1192993,1,,,1,30,,1192997,1,,,1,70,,1193014,1,,,1,30,,1192995,1,,,1,70,,1193009,1,,,1,30,,1193012,1,,,1,70,,1193004,1,,,1,104,,1193019,1,,,1,120,,1193015,1,,,1
16800,'15',516,,1193033,1,,,1,30,,1193037,1,,,1,68,,1193046,1,,,1,30,,1193041,1,,,1,67,,1193047,1,,,1,29,,1193048,1,,,1,70,,1193032,1,,,1,31,,1193028,1,,,1,71,,1193038,1,,,1,30,,1193058,1,,,1,70,,1193060,1,,,1,30,,1193055,1,,,1,70,,1193059,1,,,1,30,,1193031,1,,,1,70,,1193036,1,,,1,30,,1193029,1,,,1,70,,1193030,1,,,1,30,,1193054,1,,,1,70,,1193045,1,,,1,27,,1193057,1,,,1,70,,1193052,1,,,1,32,,1193039,1,,,1,70,,1193027,1,,,1,30,,1193056,1,,,1,70,,1193050,1,,,1,30,,1193051,1,,,1,70,,1193053,1,,,1,30,,1193044,1,,,1,70,,1193043,1,,,1,30,,1193040,1,,,1,70,,1193042,1,,,1,30,,1193049,1,,,1,70,,1193034,1,,,1,104,,1193026,1,,,1,120,,1193035,1,,,1
16800,'16',516,,1090270,1,,,1,30,,1193070,1,,,1,68,,1193076,1,,,1,30,,1193082,1,,,1,67,,1193081,1,,,1,29,,1193092,1,,,1,70,,1193069,1,,,1,31,,1193079,1,,,1,71,,1193071,1,,,1,30,,1193087,1,,,1,70,,1193068,1,,,1,30,,1193088,1,,,1,70,,1193073,1,,,1,30,,1193075,1,,,1,70,,1193083,1,,,1,30,,1193064,1,,,1,70,,1193080,1,,,1,30,,1193089,1,,,1,70,,1193074,1,,,1,27,,1193078,1,,,1,70,,1193062,1,,,1,32,,1193090,1,,,1,70,,1083927,1,,,1,30,,1193061,1,,,1,70,,1193072,1,,,1,30,,1193063,1,,,1,70,,1193086,1,,,1,30,,1193067,1,,,1,70,,1193085,1,,,1,30,,1193066,1,,,1,70,,1193065,1,,,1,30,,1193084,1,,,1,70,,1193091,1,,,1,104,,1193077,1,,,1,120,,1193093,1,,,1
16800,'17',630,,1193097,1,,,1,100,,1193099,1,,,1,100,,1193112,1,,,1,70,,1193095,1,,,1,31,,1193103,1,,,1,69,,1193118,1,,,1,30,,1193115,1,,,1,70,,1193100,1,,,1,30,,1193105,1,,,1,70,,1193113,1,,,1,30,,1193110,1,,,1,70,,1193116,1,,,1,30,,1193111,1,,,1,70,,1193114,1,,,1,30,,1193096,1,,,1,70,,1193101,1,,,1,30,,1193121,1,,,1,70,,1193109,1,,,1,30,,1193106,1,,,1,70,,1193104,1,,,1,30,,1193119,1,,,1,70,,1193102,1,,,1,30,,1193117,1,,,1,100,,1193098,1,,,1,100,,1193094,1,,,1,100,,1193120,1,,,1,100,,1193108,1,,,1,113,,1193107,1,,,1
16800,'2',632,,1193127,1,,,1,100,,1193141,1,,,1,70,,1193132,1,,,1,30,,1193147,1,,,1,70,,1193142,1,,,1,30,,1193136,1,,,1,70,,1193124,1,,,1,30,,1193123,1,,,1,70,,1193149,1,,,1,30,,1193139,1,,,1,70,,1037542,1,,,1,30,,1193130,1,,,1,70,,1193126,1,,,1,30,,1193143,1,,,1,70,,1193145,1,,,1,30,,1193128,1,,,1,70,,1193144,1,,,1,30,,1193125,1,,,1,70,,1193133,1,,,1,30,,1193135,1,,,1,70,,1193140,1,,,1,30,,1193134,1,,,1,70,,1193131,1,,,1,30,,1090115,1,,,1,70,,1193129,1,,,1,30,,1086560,1,,,1,70,,1193137,1,,,1,30,,1193146,1,,,1,70,,1193150,1,,,1,30,,1193138,1,,,1,100,,1193122,1,,,1,120,,1193148,1,,,1
16800,'3',630,,1193154,1,,,1,100,,1193156,1,,,1,100,,1193169,1,,,1,70,,1193152,1,,,1,31,,1193160,1,,,1,69,,1193175,1,,,1,30,,1193172,1,,,1,70,,1193157,1,,,1,30,,1193162,1,,,1,70,,1193170,1,,,1,30,,1193167,1,,,1,70,,1193173,1,,,1,30,,1193168,1,,,1,70,,1193171,1,,,1,30,,1193153,1,,,1,70,,1193158,1,,,1,30,,1193178,1,,,1,70,,1193166,1,,,1,30,,1193163,1,,,1,70,,1193161,1,,,1,30,,1193176,1,,,1,70,,1193159,1,,,1,30,,1193174,1,,,1,100,,1193155,1,,,1,100,,1193151,1,,,1,100,,1193177,1,,,1,100,,1193165,1,,,1,113,,1193164,1,,,1
16800,'4',630,,1193184,1,,,1,100,,1193187,1,,,1,100,,1193192,1,,,1,70,,1193189,1,,,1,31,,1193198,1,,,1,69,,1193199,1,,,1,30,,1193190,1,,,1,70,,1193204,1,,,1,30,,1193201,1,,,1,70,,1193182,1,,,1,30,,1193203,1,,,1,70,,1193205,1,,,1,30,,1193194,1,,,1,70,,1193186,1,,,1,30,,1193181,1,,,1,70,,1193179,1,,,1,30,,1193193,1,,,1,70,,1193185,1,,,1,30,,1193180,1,,,1,70,,1193183,1,,,1,30,,1193196,1,,,1,70,,1193188,1,,,1,30,,1076211,1,,,1,100,,1193197,1,,,1,100,,1193200,1,,,1,100,,1193202,1,,,1,100,,1193195,1,,,1,113,,1193191,1,,,1
16800,'5',516,,1193216,1,,,1,30,,1193210,1,,,1,68,,1193221,1,,,1,30,,1017037,1,,,1,67,,1193228,1,,,1,29,,1083561,1,,,1,70,,1012176,1,,,1,31,,1193206,1,,,1,71,,1193230,1,,,1,30,,942962,1,,,1,70,,1193214,1,,,1,30,,1193218,1,,,1,70,,1193208,1,,,1,30,,1193225,1,,,1,70,,1193207,1,,,1,30,,1193231,1,,,1,70,,1031178,1,,,1,30,,1193226,1,,,1,70,,1193211,1,,,1,27,,1193229,1,,,1,70,,1193219,1,,,1,32,,1193215,1,,,1,70,,1193209,1,,,1,30,,1193224,1,,,1,70,,1078673,1,,,1,30,,1193213,1,,,1,70,,1022251,1,,,1,30,,1012178,1,,,1,70,,1193222,1,,,1,30,,1090213,1,,,1,70,,1193217,1,,,1,30,,1193220,1,,,1,70,,1193212,1,,,1,104,,1193227,1,,,1,120,,1193223,1,,,1
16800,'6',516,,1193255,1,,,1,30,,1193239,1,,,1,68,,1193243,1,,,1,30,,1193249,1,,,1,67,,1193248,1,,,1,29,,1102563,1,,,1,70,,1193238,1,,,1,31,,1193246,1,,,1,71,,1193240,1,,,1,30,,1193254,1,,,1,70,,1193237,1,,,1,30,,1041385,1,,,1,70,,1193241,1,,,1,30,,1193242,1,,,1,70,,1193250,1,,,1,30,,1193234,1,,,1,70,,1193247,1,,,1,30,,1020954,1,,,1,70,,972494,1,,,1,27,,1193245,1,,,1,70,,1193233,1,,,1,32,,1193256,1,,,1,70,,1193258,1,,,1,30,,1193232,1,,,1,70,,1092252,1,,,1,30,,1071758,1,,,1,70,,1193253,1,,,1,30,,1193236,1,,,1,70,,1193252,1,,,1,30,,1039604,1,,,1,70,,1193235,1,,,1,30,,1193251,1,,,1,70,,1193257,1,,,1,104,,1193244,1,,,1,120,,1042741,1,,,1
16800,'7',632,,1193277,1,,,1,100,,1193283,1,,,1,70,,1193270,1,,,1,30,,1193273,1,,,1,70,,1193271,1,,,1,30,,1193287,1,,,1,70,,1193265,1,,,1,30,,1193268,1,,,1,70,,1193286,1,,,1,30,,1193260,1,,,1,70,,1193282,1,,,1,30,,1193288,1,,,1,70,,1193272,1,,,1,30,,1193261,1,,,1,70,,1193259,1,,,1,30,,1193290,1,,,1,70,,1193285,1,,,1,30,,1193262,1,,,1,70,,1193267,1,,,1,30,,1193275,1,,,1,70,,1193280,1,,,1,30,,1193281,1,,,1,70,,1193289,1,,,1,30,,1193263,1,,,1,70,,1193266,1,,,1,30,,1193269,1,,,1,70,,1193284,1,,,1,30,,1193274,1,,,1,70,,1193264,1,,,1,30,,1193276,1,,,1,100,,1193279,1,,,1,120,,1193278,1,,,1
16800,'8',516,,1193318,1,,,1,30,,1193300,1,,,1,68,,1193306,1,,,1,30,,1193312,1,,,1,67,,1193311,1,,,1,29,,1193323,1,,,1,70,,1193299,1,,,1,31,,1193309,1,,,1,71,,1193301,1,,,1,30,,1193317,1,,,1,70,,1193298,1,,,1,30,,1193319,1,,,1,70,,1193303,1,,,1,30,,1193305,1,,,1,70,,1193313,1,,,1,30,,1193294,1,,,1,70,,1193310,1,,,1,30,,1193320,1,,,1,70,,1193304,1,,,1,27,,1193308,1,,,1,70,,1193292,1,,,1,32,,1193321,1,,,1,70,,1193324,1,,,1,30,,1193291,1,,,1,70,,1193302,1,,,1,30,,1193293,1,,,1,70,,1193316,1,,,1,30,,1193297,1,,,1,70,,1193315,1,,,1,30,,1193296,1,,,1,70,,1193295,1,,,1,30,,1193314,1,,,1,70,,1193322,1,,,1,104,,1193307,1,,,1,120,,1193325,1,,,1
16800,'9',516,,1193336,1,,,1,30,,1193330,1,,,1,68,,1193341,1,,,1,30,,1017355,1,,,1,67,,1193348,1,,,1,29,,1083432,1,,,1,70,,1012343,1,,,1,31,,1193326,1,,,1,71,,1193350,1,,,1,30,,942906,1,,,1,70,,1193334,1,,,1,30,,1193338,1,,,1,70,,1193328,1,,,1,30,,1193345,1,,,1,70,,1193327,1,,,1,30,,1193351,1,,,1,70,,1031334,1,,,1,30,,1193346,1,,,1,70,,1193331,1,,,1,27,,1193349,1,,,1,70,,1193339,1,,,1,32,,1193335,1,,,1,70,,1193329,1,,,1,30,,1193344,1,,,1,70,,1078538,1,,,1,30,,1193333,1,,,1,70,,1022493,1,,,1,30,,1012345,1,,,1,70,,1193342,1,,,1,30,,1090140,1,,,1,70,,1193337,1,,,1,30,,1193340,1,,,1,70,,1193332,1,,,1,104,,1193347,1,,,1,120,,1193343,1,,,1
16801,'1',605,,1193357,62,4,,1,48,,1193383,62,4,,1,74,,1193366,62,4,,1,32,,1086845,62,4,,1,69,,1193369,62,4,,1,27,,1193363,62,4,,1,70,,1193372,62,4,,1,29,,1193354,62,4,,1,68,,1193384,62,4,,1,29,,1193373,62,4,,1,72,,1193360,62,4,,1,30,,1193358,62,4,,1,70,,1193379,62,4,,1,30,,1193377,62,4,,1,70,,1193370,62,4,,1,30,,1193362,62,4,,1,70,,1193368,62,4,,1,34,,1193375,62,4,,1,72,,1193356,62,4,,1,75,,1193365,62,4,,1,39,,1193359,62,4,,1,68,,1193374,62,4,,1,27,,1193378,62,4,,1,68,,1193355,62,4,,1,28,,1193367,62,4,,1,66,,1193371,62,4,,1,24,,1193381,62,4,,1,27,,1033361,62,4,,1,69,,1193353,62,4,,1,28,,1193376,62,4,,1,67,,1193364,62,4,,1,28,,1193382,62,4,,1,68,,1063137,62,4,,1,32,,1193380,62,4,,1,100,,1193352,62,4,,1,116,,1193361,62,4,,1
16801,'10',605,,1193390,62,4,,1,48,,1193416,62,4,,1,74,,1193399,62,4,,1,32,,1086785,62,4,,1,69,,1193402,62,4,,1,27,,1193396,62,4,,1,70,,1193405,62,4,,1,29,,1193387,62,4,,1,68,,1193417,62,4,,1,29,,1193406,62,4,,1,72,,1193393,62,4,,1,30,,1193391,62,4,,1,70,,1193412,62,4,,1,30,,1193410,62,4,,1,70,,1193403,62,4,,1,30,,1193395,62,4,,1,70,,1193401,62,4,,1,34,,1193408,62,4,,1,72,,1193389,62,4,,1,75,,1193398,62,4,,1,39,,1193392,62,4,,1,68,,1193407,62,4,,1,27,,1193411,62,4,,1,68,,1193388,62,4,,1,28,,1193400,62,4,,1,66,,1193404,62,4,,1,24,,1193414,62,4,,1,27,,1033462,62,4,,1,69,,1193386,62,4,,1,28,,1193409,62,4,,1,67,,1193397,62,4,,1,28,,1193415,62,4,,1,68,,1062795,62,4,,1,32,,1193413,62,4,,1,100,,1193385,62,4,,1,116,,1193394,62,4,,1
16801,'11',605,,1193423,62,4,,1,48,,1193449,62,4,,1,74,,1193432,62,4,,1,32,,1086865,62,4,,1,69,,1193435,62,4,,1,27,,1193429,62,4,,1,70,,1193438,62,4,,1,29,,1193420,62,4,,1,68,,1193450,62,4,,1,29,,1193439,62,4,,1,72,,1193426,62,4,,1,30,,1193424,62,4,,1,70,,1193445,62,4,,1,30,,1193443,62,4,,1,70,,1193436,62,4,,1,30,,1193428,62,4,,1,70,,1193434,62,4,,1,34,,1193441,62,4,,1,72,,1193422,62,4,,1,75,,1193431,62,4,,1,39,,1193425,62,4,,1,68,,1193440,62,4,,1,27,,1193444,62,4,,1,68,,1193421,62,4,,1,28,,1193433,62,4,,1,66,,1193437,62,4,,1,24,,1193447,62,4,,1,27,,1033335,62,4,,1,69,,1193419,62,4,,1,28,,1193442,62,4,,1,67,,1193430,62,4,,1,28,,1193448,62,4,,1,68,,1063238,62,4,,1,32,,1193446,62,4,,1,100,,1193418,62,4,,1,116,,1193427,62,4,,1
16801,'12',605,,1193451,62,4,,1,48,,1193476,62,4,,1,74,,1193467,62,4,,1,32,,1193474,62,4,,1,69,,1193471,62,4,,1,27,,1072097,62,4,,1,70,,1193483,62,4,,1,29,,1193458,62,4,,1,68,,1193456,62,4,,1,29,,1193468,62,4,,1,72,,1193481,62,4,,1,30,,1193475,62,4,,1,70,,1193460,62,4,,1,30,,1193469,62,4,,1,70,,1193480,62,4,,1,30,,1193454,62,4,,1,70,,1193462,62,4,,1,34,,1193457,62,4,,1,72,,1193463,62,4,,1,75,,1193477,62,4,,1,39,,1193453,62,4,,1,68,,1193466,62,4,,1,27,,1193464,62,4,,1,68,,1193461,62,4,,1,28,,1193478,62,4,,1,66,,968579,62,4,,1,24,,1193482,62,4,,1,27,,1193470,62,4,,1,69,,1193465,62,4,,1,28,,1015412,62,4,,1,67,,1193455,62,4,,1,28,,1193452,62,4,,1,68,,1193472,62,4,,1,32,,1193479,62,4,,1,100,,1193473,62,4,,1,116,,1193459,62,4,,1
16801,'13',659,,1193499,62,4,,1,100,,1193496,62,4,,1,100,,1193487,62,4,,1,72,,1193500,62,4,,1,70,,1193501,62,4,,1,30,,1017846,62,4,,1,74,,1193491,62,4,,1,30,,1193494,62,4,,1,70,,1076171,62,4,,1,30,,1193492,62,4,,1,73,,1193504,62,4,,1,30,,1085436,62,4,,1,70,,1193493,62,4,,1,30,,1193488,62,4,,1,70,,1193486,62,4,,1,30,,1193498,62,4,,1,70,,1193503,62,4,,1,30,,1193502,62,4,,1,70,,1193495,62,4,,1,30,,1193490,62,4,,1,70,,1078570,62,4,,1,30,,1193497,62,4,,1,69,,1193484,62,4,,1,30,,1082136,62,4,,1,70,,1193505,62,4,,1,98,,1193506,62,4,,1,98,,1193485,62,4,,1,97,,1069497,62,4,,1,100,,1193489,62,4,,1
16801,'14',605,,1193513,62,4,,1,48,,1193539,62,4,,1,74,,1193522,62,4,,1,32,,1193507,62,4,,1,69,,1193525,62,4,,1,27,,1193519,62,4,,1,70,,1193528,62,4,,1,29,,1193510,62,4,,1,68,,1193541,62,4,,1,29,,1193529,62,4,,1,72,,1193516,62,4,,1,30,,1193514,62,4,,1,70,,1193535,62,4,,1,30,,1193533,62,4,,1,70,,1193526,62,4,,1,30,,1193518,62,4,,1,70,,1193524,62,4,,1,34,,1193531,62,4,,1,72,,1193512,62,4,,1,75,,1193521,62,4,,1,39,,1193515,62,4,,1,68,,1193530,62,4,,1,27,,1193534,62,4,,1,68,,1193511,62,4,,1,28,,1193523,62,4,,1,66,,1193527,62,4,,1,24,,1193537,62,4,,1,27,,1193540,62,4,,1,69,,1193509,62,4,,1,28,,1193532,62,4,,1,67,,1193520,62,4,,1,28,,1193538,62,4,,1,68,,1193542,62,4,,1,32,,1193536,62,4,,1,100,,1193508,62,4,,1,116,,1193517,62,4,,1
16801,'15',605,,1193557,62,4,,1,48,,1193560,62,4,,1,74,,1193559,62,4,,1,32,,1193573,62,4,,1,69,,1193548,62,4,,1,27,,1193551,62,4,,1,70,,1193556,62,4,,1,29,,1193558,62,4,,1,68,,1193545,62,4,,1,29,,1193550,62,4,,1,72,,1193577,62,4,,1,30,,1193566,62,4,,1,70,,1193575,62,4,,1,30,,1193543,62,4,,1,70,,1193564,62,4,,1,30,,1193572,62,4,,1,70,,1193567,62,4,,1,34,,1193544,62,4,,1,72,,1193576,62,4,,1,75,,1193569,62,4,,1,39,,1193562,62,4,,1,68,,1193578,62,4,,1,27,,1193549,62,4,,1,68,,1193570,62,4,,1,28,,1193571,62,4,,1,66,,1193552,62,4,,1,24,,1193546,62,4,,1,27,,1193553,62,4,,1,69,,1193555,62,4,,1,28,,1193565,62,4,,1,67,,1193563,62,4,,1,28,,1193547,62,4,,1,68,,1193554,62,4,,1,32,,1193561,62,4,,1,100,,1193568,62,4,,1,116,,1193574,62,4,,1
16801,'16',605,,1193579,62,4,,1,48,,1193606,62,4,,1,74,,1193596,62,4,,1,32,,1193603,62,4,,1,69,,1193600,62,4,,1,27,,1193580,62,4,,1,70,,1193612,62,4,,1,29,,1193588,62,4,,1,68,,1193586,62,4,,1,29,,1193597,62,4,,1,72,,1193610,62,4,,1,30,,1193604,62,4,,1,70,,1193590,62,4,,1,30,,1193598,62,4,,1,70,,1193609,62,4,,1,30,,1193584,62,4,,1,70,,1064468,62,4,,1,34,,1193587,62,4,,1,72,,1193592,62,4,,1,75,,1193607,62,4,,1,39,,1193583,62,4,,1,68,,1193595,62,4,,1,27,,1193593,62,4,,1,68,,1193591,62,4,,1,28,,1193608,62,4,,1,66,,1193605,62,4,,1,24,,1193611,62,4,,1,27,,1193599,62,4,,1,69,,1193594,62,4,,1,28,,1193582,62,4,,1,67,,1193585,62,4,,1,28,,1193581,62,4,,1,68,,1193601,62,4,,1,32,,1090921,62,4,,1,100,,1193602,62,4,,1,116,,1193589,62,4,,1
16801,'17',659,,1193634,62,4,,1,100,,1193629,62,4,,1,100,,1193620,62,4,,1,72,,1193635,62,4,,1,70,,1193636,62,4,,1,30,,1193632,62,4,,1,74,,1193624,62,4,,1,30,,1193627,62,4,,1,70,,1193613,62,4,,1,30,,1193625,62,4,,1,73,,1193639,62,4,,1,30,,1193615,62,4,,1,70,,1193626,62,4,,1,30,,1193621,62,4,,1,70,,1193619,62,4,,1,30,,1193633,62,4,,1,70,,1193638,62,4,,1,30,,1193637,62,4,,1,70,,1193628,62,4,,1,30,,1193623,62,4,,1,70,,1193631,62,4,,1,30,,1193630,62,4,,1,69,,1193614,62,4,,1,30,,1193617,62,4,,1,70,,1193640,62,4,,1,98,,1193641,62,4,,1,98,,1193618,62,4,,1,97,,1193616,62,4,,1,100,,1193622,62,4,,1
16801,'2',654,,1193660,62,4,,1,150,,1193655,62,4,,1,100,,1073321,62,4,,1,30,,1193645,62,4,,1,70,,1193659,62,4,,1,30,,1033667,62,4,,1,74,,1062353,62,4,,1,30,,1193665,62,4,,1,70,,1193646,62,4,,1,30,,1193650,62,4,,1,73,,1193658,62,4,,1,30,,1193661,62,4,,1,70,,1193664,62,4,,1,30,,1193651,62,4,,1,70,,1193644,62,4,,1,30,,1193657,62,4,,1,70,,1098255,62,4,,1,30,,1193643,62,4,,1,70,,1193647,62,4,,1,30,,1193667,62,4,,1,70,,1193666,62,4,,1,30,,1193653,62,4,,1,69,,1193662,62,4,,1,30,,1193656,62,4,,1,70,,1193642,62,4,,1,30,,1025256,62,4,,1,68,,1193648,62,4,,1,30,,1193649,62,4,,1,70,,1193654,62,4,,1,30,,1193663,62,4,,1,67,,1088420,62,4,,1,100,,1193652,62,4,,1
16801,'3',659,,1193689,62,4,,1,100,,1193684,62,4,,1,100,,1193675,62,4,,1,72,,1193690,62,4,,1,70,,1193691,62,4,,1,30,,1193687,62,4,,1,74,,1193679,62,4,,1,30,,1193682,62,4,,1,70,,1193668,62,4,,1,30,,1193680,62,4,,1,73,,1193694,62,4,,1,30,,1193670,62,4,,1,70,,1193681,62,4,,1,30,,1193676,62,4,,1,70,,1193674,62,4,,1,30,,1193688,62,4,,1,70,,1193693,62,4,,1,30,,1193692,62,4,,1,70,,1193683,62,4,,1,30,,1193678,62,4,,1,70,,1193686,62,4,,1,30,,1193685,62,4,,1,69,,1193669,62,4,,1,30,,1193672,62,4,,1,70,,1193695,62,4,,1,98,,1193696,62,4,,1,98,,1193673,62,4,,1,97,,1193671,62,4,,1,100,,1193677,62,4,,1
16801,'4',659,,1066838,62,4,,1,100,,1193703,62,4,,1,100,,1193722,62,4,,1,72,,1193721,62,4,,1,70,,1193711,62,4,,1,30,,1193702,62,4,,1,74,,1045840,62,4,,1,30,,1193720,62,4,,1,70,,1193712,62,4,,1,30,,1193717,62,4,,1,73,,1193705,62,4,,1,30,,1193699,62,4,,1,70,,1193700,62,4,,1,30,,1193719,62,4,,1,70,,1193713,62,4,,1,30,,1193701,62,4,,1,70,,1193698,62,4,,1,30,,985356,62,4,,1,70,,1193718,62,4,,1,30,,1193715,62,4,,1,70,,1193708,62,4,,1,30,,1193697,62,4,,1,69,,1193709,62,4,,1,30,,1193716,62,4,,1,70,,1193714,62,4,,1,98,,1193704,62,4,,1,98,,1193710,62,4,,1,97,,1193706,62,4,,1,100,,1193707,62,4,,1
16801,'5',605,,1193728,62,4,,1,48,,1193754,62,4,,1,74,,1193737,62,4,,1,32,,1086825,62,4,,1,69,,1193740,62,4,,1,27,,1193734,62,4,,1,70,,1193743,62,4,,1,29,,1193725,62,4,,1,68,,1193755,62,4,,1,29,,1193744,62,4,,1,72,,1193731,62,4,,1,30,,1193729,62,4,,1,70,,1193750,62,4,,1,30,,1193748,62,4,,1,70,,1193741,62,4,,1,30,,1193733,62,4,,1,70,,1193739,62,4,,1,34,,1193746,62,4,,1,72,,1193727,62,4,,1,75,,1193736,62,4,,1,39,,1193730,62,4,,1,68,,1193745,62,4,,1,27,,1193749,62,4,,1,68,,1193726,62,4,,1,28,,1193738,62,4,,1,66,,1193742,62,4,,1,24,,1193752,62,4,,1,27,,1033186,62,4,,1,69,,1193724,62,4,,1,28,,1193747,62,4,,1,67,,1193735,62,4,,1,28,,1193753,62,4,,1,68,,1063083,62,4,,1,32,,1193751,62,4,,1,100,,1193723,62,4,,1,116,,1193732,62,4,,1
16801,'6',605,,1094941,62,4,,1,48,,1193782,62,4,,1,74,,1193772,62,4,,1,32,,1193779,62,4,,1,69,,1193776,62,4,,1,27,,1193756,62,4,,1,70,,1063288,62,4,,1,29,,1193763,62,4,,1,68,,1193761,62,4,,1,29,,1193773,62,4,,1,72,,1087332,62,4,,1,30,,1193780,62,4,,1,70,,1193765,62,4,,1,30,,1193774,62,4,,1,70,,1069420,62,4,,1,30,,1193759,62,4,,1,70,,1193767,62,4,,1,34,,1193762,62,4,,1,72,,1193768,62,4,,1,75,,1099876,62,4,,1,39,,1090552,62,4,,1,68,,1193771,62,4,,1,27,,1193769,62,4,,1,68,,1193766,62,4,,1,28,,1083726,62,4,,1,66,,1193781,62,4,,1,24,,1193784,62,4,,1,27,,1193775,62,4,,1,69,,1193770,62,4,,1,28,,1193758,62,4,,1,67,,1193760,62,4,,1,28,,1193757,62,4,,1,68,,1193777,62,4,,1,32,,1193783,62,4,,1,100,,1193778,62,4,,1,116,,1193764,62,4,,1
16801,'7',654,,1193785,62,4,,1,150,,1193809,62,4,,1,100,,1193811,62,4,,1,30,,1193791,62,4,,1,70,,1193802,62,4,,1,30,,1193816,62,4,,1,74,,1193801,62,4,,1,30,,1193806,62,4,,1,70,,1193787,62,4,,1,30,,1193796,62,4,,1,73,,1193813,62,4,,1,30,,1193797,62,4,,1,70,,1193808,62,4,,1,30,,1193795,62,4,,1,70,,1193793,62,4,,1,30,,1193800,62,4,,1,70,,1193814,62,4,,1,30,,1193798,62,4,,1,70,,1193805,62,4,,1,30,,1193803,62,4,,1,70,,1193799,62,4,,1,30,,1193792,62,4,,1,69,,1193812,62,4,,1,30,,1193810,62,4,,1,70,,1193788,62,4,,1,30,,1193807,62,4,,1,68,,1193815,62,4,,1,30,,1193790,62,4,,1,70,,1193804,62,4,,1,30,,1193794,62,4,,1,67,,1193789,62,4,,1,100,,1193786,62,4,,1
16801,'8',605,,1193817,62,4,,1,48,,1193845,62,4,,1,74,,1193835,62,4,,1,32,,1193842,62,4,,1,69,,1193839,62,4,,1,27,,1193818,62,4,,1,70,,1193852,62,4,,1,29,,1193826,62,4,,1,68,,1193824,62,4,,1,29,,1193836,62,4,,1,72,,1193850,62,4,,1,30,,1193843,62,4,,1,70,,1193828,62,4,,1,30,,1193837,62,4,,1,70,,1193849,62,4,,1,30,,1193822,62,4,,1,70,,1193830,62,4,,1,34,,1193825,62,4,,1,72,,1193831,62,4,,1,75,,1193846,62,4,,1,39,,1193821,62,4,,1,68,,1193834,62,4,,1,27,,1193832,62,4,,1,68,,1193829,62,4,,1,28,,1193847,62,4,,1,66,,1193844,62,4,,1,24,,1193851,62,4,,1,27,,1193838,62,4,,1,69,,1193833,62,4,,1,28,,1193820,62,4,,1,67,,1193823,62,4,,1,28,,1193819,62,4,,1,68,,1193840,62,4,,1,32,,1193848,62,4,,1,100,,1193841,62,4,,1,116,,1193827,62,4,,1
16801,'9',605,,1193858,62,4,,1,48,,1193884,62,4,,1,74,,1193867,62,4,,1,32,,1086805,62,4,,1,69,,1193870,62,4,,1,27,,1193864,62,4,,1,70,,1193873,62,4,,1,29,,1193855,62,4,,1,68,,1193885,62,4,,1,29,,1193874,62,4,,1,72,,1193861,62,4,,1,30,,1193859,62,4,,1,70,,1193880,62,4,,1,30,,1193878,62,4,,1,70,,1193871,62,4,,1,30,,1193863,62,4,,1,70,,1193869,62,4,,1,34,,1193876,62,4,,1,72,,1193857,62,4,,1,75,,1193866,62,4,,1,39,,1193860,62,4,,1,68,,1193875,62,4,,1,27,,1193879,62,4,,1,68,,1193856,62,4,,1,28,,1193868,62,4,,1,66,,1193872,62,4,,1,24,,1193882,62,4,,1,27,,1033387,62,4,,1,69,,1193854,62,4,,1,28,,1193877,62,4,,1,67,,1193865,62,4,,1,28,,1193883,62,4,,1,68,,1062907,62,4,,1,32,,1193881,62,4,,1,100,,1193853,62,4,,1,116,,1193862,62,4,,1
26500,'1',537,,1197378,1,,,1,68,,1197376,1,,,1,28,,1197375,1,,,1,68,,1197377,1,,,1,28,,1197373,1,,,1,71,,1197374,1,,,1,37,,907099,1,,,1
26500,'10',537,,1197384,1,,,1,68,,1197382,1,,,1,28,,1197381,1,,,1,68,,1197383,1,,,1,28,,1197379,1,,,1,71,,1197380,1,,,1,37,,907139,1,,,1
26500,'11',537,,1197390,1,,,1,68,,1197388,1,,,1,28,,1197387,1,,,1,68,,1197389,1,,,1,28,,1197385,1,,,1,71,,1197386,1,,,1,37,,907011,1,,,1
26500,'12',537,,1197391,1,,,1,68,,1197392,1,,,1,28,,1197396,1,,,1,68,,1080441,1,,,1,28,,1197395,1,,,1,71,,1197394,1,,,1,37,,1197393,1,,,1
26500,'14',537,,1197403,1,,,1,68,,1197401,1,,,1,28,,1197400,1,,,1,68,,1197402,1,,,1,28,,1197398,1,,,1,71,,1197399,1,,,1,37,,1197397,1,,,1
26500,'15',537,,1197404,1,,,1,68,,1197409,1,,,1,28,,1197406,1,,,1,68,,1197410,1,,,1,28,,1197407,1,,,1,71,,1197408,1,,,1,37,,1197405,1,,,1
26500,'16',537,,1197412,1,,,1,68,,1197413,1,,,1,28,,1197417,1,,,1,68,,1197411,1,,,1,28,,1197416,1,,,1,71,,1197415,1,,,1,37,,1197414,1,,,1
26500,'5',537,,1197423,1,,,1,68,,1197421,1,,,1,28,,1197420,1,,,1,68,,1197422,1,,,1,28,,1197418,1,,,1,71,,1197419,1,,,1,37,,907279,1,,,1
26500,'6',537,,1197425,1,,,1,68,,1197426,1,,,1,28,,1066284,1,,,1,68,,1197424,1,,,1,28,,1088988,1,,,1,71,,1046511,1,,,1,37,,1197427,1,,,1
26500,'8',537,,1197429,1,,,1,68,,1197430,1,,,1,28,,1197434,1,,,1,68,,1197428,1,,,1,28,,1197433,1,,,1,71,,1197432,1,,,1,37,,1197431,1,,,1
26500,'9',537,,1197440,1,,,1,68,,1197438,1,,,1,28,,1197437,1,,,1,68,,1197439,1,,,1,28,,1197435,1,,,1,71,,1197436,1,,,1,37,,907179,1,,,1
26501,'1',1634,,1197442,46,4,,1,72,,1197443,46,4,,1,30,,1197444,46,4,,1,70,,1197441,46,4,,1,31,,1197445,46,4,,1,69,,1066958,46,4,,1,25,,1197446,46,4,,1
26501,'10',1634,,1197448,46,4,,1,72,,1197449,46,4,,1,30,,1197450,46,4,,1,70,,1197447,46,4,,1,31,,1197451,46,4,,1,69,,1066675,46,4,,1,25,,1197452,46,4,,1
26501,'11',1634,,1197454,46,4,,1,72,,1197455,46,4,,1,30,,1197456,46,4,,1,70,,1197453,46,4,,1,31,,1197457,46,4,,1,69,,1067034,46,4,,1,25,,1197458,46,4,,1
26501,'12',1634,,1197462,46,4,,1,72,,1197465,46,4,,1,30,,1197459,46,4,,1,70,,1197461,46,4,,1,31,,1197460,46,4,,1,69,,1197464,46,4,,1,25,,1197463,46,4,,1
26501,'14',1634,,1197467,46,4,,1,72,,1197468,46,4,,1,30,,1197469,46,4,,1,70,,1197466,46,4,,1,31,,1197470,46,4,,1,69,,1197472,46,4,,1,25,,1197471,46,4,,1
26501,'15',1634,,1197477,46,4,,1,72,,1197473,46,4,,1,30,,1197479,46,4,,1,70,,1197475,46,4,,1,31,,1197474,46,4,,1,69,,1197478,46,4,,1,25,,1197476,46,4,,1
26501,'16',1634,,1197483,46,4,,1,72,,1197486,46,4,,1,30,,1197480,46,4,,1,70,,1197482,46,4,,1,31,,1197481,46,4,,1,69,,1197485,46,4,,1,25,,1197484,46,4,,1
26501,'5',1634,,1197488,46,4,,1,72,,1197489,46,4,,1,30,,1197490,46,4,,1,70,,1197487,46,4,,1,31,,1197491,46,4,,1,69,,1066922,46,4,,1,25,,1197492,46,4,,1
26501,'6',1634,,1197496,46,4,,1,72,,1097198,46,4,,1,30,,1197493,46,4,,1,70,,1197495,46,4,,1,31,,1197494,46,4,,1,69,,1197498,46,4,,1,25,,1197497,46,4,,1
26501,'8',1634,,1197502,46,4,,1,72,,1197505,46,4,,1,30,,1197499,46,4,,1,70,,1197501,46,4,,1,31,,1197500,46,4,,1,69,,1197504,46,4,,1,25,,1197503,46,4,,1
26501,'9',1634,,1197507,46,4,,1,72,,1197508,46,4,,1,30,,1197509,46,4,,1,70,,1197506,46,4,,1,31,,1197510,46,4,,1,69,,1066761,46,4,,1,25,,1197511,46,4,,1
30100,'10',934,,1198178,63,,,1
30100,'3',934,,1198179,63,,,1
30100,'6',934,,1198180,63,,,1
30101,'10',1455,,1198181,23,,,1
30101,'3',1455,,1198182,23,,,1
30101,'6',1455,,1198183,23,,,1
30300,'16',934,,1198187,38,,,1
30300,'9',934,,1198188,38,,,1
30301,'16',1455,,1198189,23,,,1
30301,'9',1455,,1198190,23,,,1
40400,'14',1743,,1198201,11,,,1,78,,1198204,11,,,1
40400,'15',1743,,1198205,11,,,1,73,,1198207,11,,,1
45400,'15',1658,,1198237,1,,,1,48,,1198244,1,,,1,8,,1198243,1,,,1,8,,1198235,1,,,1,5,,1198245,1,,,1,8,,1198239,1,,,1,8,,1198242,1,,,1,8,,1198240,1,,,1,8,,1198241,1,,,1,48,,1198236,1,,,1,8,,1198238,1,,,1
56100,'1',1720,,1198420,25,4,,1
56100,'10',1720,,1198421,25,4,,1
56100,'11',1720,,1198422,25,4,,1
56100,'12',1720,,1198423,25,4,,1
56100,'14',1720,,1198424,25,4,,1
56100,'15',1720,,1198425,25,4,,1
56100,'16',1720,,1198426,25,4,,1
56100,'5',1720,,1198427,25,4,,1
56100,'6',1720,,1198428,25,4,,1
56100,'8',1720,,1198429,25,4,,1
56100,'9',1720,,1198430,25,4,,1
56101,'1',734,,1198431,1,,,1
56101,'10',734,,1198432,1,,,1
56101,'11',734,,1198433,1,,,1
56101,'12',734,,1198434,1,,,1
56101,'14',734,,1198435,1,,,1
56101,'15',734,,1198436,1,,,1
56101,'16',734,,1198437,1,,,1
56101,'5',734,,1198438,1,,,1
56101,'6',734,,1198439,1,,,1
56101,'8',734,,1198440,1,,,1
56101,'9',734,,1198441,1,,,1
56200,'1',746,,1076315,1,,,1
56200,'10',746,,1076104,1,,,1
56200,'11',746,,1076380,1,,,1
56200,'12',746,,1198442,1,,,1
56200,'14',746,,1198443,1,,,1
56200,'15',746,,1198444,1,,,1
56200,'16',746,,1198445,1,,,1
56200,'5',746,,1076279,1,,,1
56200,'6',746,,1010747,1,,,1
56200,'8',746,,1198446,1,,,1
56200,'9',746,,1076168,1,,,1
56201,'1',1604,,1198447,19,4,,1
56201,'10',1604,,1198448,19,4,,1
56201,'11',1604,,1198449,19,4,,1
56201,'12',1604,,1198450,19,4,,1
56201,'14',1604,,1198451,19,4,,1
56201,'15',1604,,1198452,19,4,,1
56201,'16',1604,,1198453,19,4,,1
56201,'5',1604,,1198454,19,4,,1
56201,'6',1604,,1198455,19,4,,1
56201,'8',1604,,1198456,19,4,,1
56201,'9',1604,,1198457,19,4,,1
56500,'1',600,,1198478,2,,,1,100,,1198479,2,,,1
56500,'10',600,,1198480,2,,,1,100,,1198481,2,,,1
56500,'11',600,,1198482,2,,,1,100,,1198483,2,,,1
56500,'12',600,,1198485,2,,,1,100,,1198484,2,,,1
56500,'14',600,,1198486,2,,,1,100,,1198487,2,,,1
56500,'15',600,,1198488,2,,,1,100,,1198489,2,,,1
56500,'16',600,,1198491,2,,,1,100,,1198490,2,,,1
56500,'5',600,,1198492,2,,,1,100,,1198493,2,,,1
56500,'6',600,,1094678,2,,,1,100,,1198494,2,,,1
56500,'8',600,,1198496,2,,,1,100,,1198495,2,,,1
56500,'9',600,,1198497,2,,,1,100,,1198498,2,,,1
56501,'1',1530,,1198500,5,,,1,100,,1198499,5,,,1
56501,'10',1530,,1198502,5,,,1,100,,1198501,5,,,1
56501,'11',1530,,1198504,5,,,1,100,,1198503,5,,,1
56501,'12',1530,,1198505,5,,,1,100,,1198506,5,,,1
56501,'14',1530,,1198508,5,,,1,100,,1198507,5,,,1
56501,'15',1530,,1198509,5,,,1,100,,1198510,5,,,1
56501,'16',1530,,1198511,5,,,1,100,,1198512,5,,,1
56501,'5',1530,,1198514,5,,,1,100,,1198513,5,,,1
56501,'6',1530,,1098208,5,,,1,100,,1198515,5,,,1
56501,'8',1530,,1198516,5,,,1,100,,1198517,5,,,1
56501,'9',1530,,1198519,5,,,1,100,,1198518,5,,,1
64600,'1',730,,1199503,1,,,1
64600,'10',730,,1199505,1,,,1
64600,'11',730,,1199507,1,,,1
64600,'12',730,,1199509,1,,,1
64600,'14',730,,1199511,1,,,1
64600,'15',730,,1199513,1,,,1
64600,'16',730,,1199515,1,,,1
64600,'5',730,,1199517,1,,,1
64600,'6',730,,1199519,1,,,1
64600,'8',730,,1199521,1,,,1
64600,'9',730,,1199523,1,,,1
64601,'1',1658,,1199525,98,4,,1
64601,'10',1658,,1199527,98,4,,1
64601,'11',1658,,1199529,98,4,,1
64601,'12',1658,,1199530,98,4,,1
64601,'14',1658,,1199532,98,4,,1
64601,'15',1658,,1199534,98,4,,1
64601,'16',1658,,1199536,98,4,,1
64601,'5',1658,,1199538,98,4,,1
64601,'6',1658,,1199540,98,4,,1
64601,'8',1658,,1199542,98,4,,1
64601,'9',1658,,1199544,98,4,,1
66300,'1',755,,1199741,1,,,1,2,,1199742,1,,,1,43,,1199738,1,,,1
66300,'10',755,,1199747,1,,,1,2,,1199748,1,,,1,43,,1199744,1,,,1
66300,'11',755,,1199753,1,,,1,2,,1199754,1,,,1,43,,1199750,1,,,1
66300,'12',755,,1199760,1,,,1,2,,1199759,1,,,1,43,,1199757,1,,,1
66300,'14',755,,1199765,1,,,1,2,,1199766,1,,,1,43,,1199762,1,,,1
66300,'15',755,,1199770,1,,,1,2,,1199771,1,,,1,43,,1199772,1,,,1
66300,'16',755,,1199777,1,,,1,2,,1199776,1,,,1,43,,1199774,1,,,1
66300,'5',755,,1199782,1,,,1,2,,1199783,1,,,1,43,,1199779,1,,,1
66300,'6',755,,1094267,1,,,1,2,,1199788,1,,,1,43,,1199786,1,,,1
66300,'8',755,,1199794,1,,,1,2,,1199793,1,,,1,43,,1199791,1,,,1
66300,'9',755,,1199799,1,,,1,2,,1199800,1,,,1,43,,1199796,1,,,1
66301,'1',1522,,1199804,37,4,,1,10,,1199802,37,4,,1,1,,1199805,37,4,,1
66301,'10',1522,,1199809,37,4,,1,10,,1199807,37,4,,1,1,,1199810,37,4,,1
66301,'11',1522,,1199814,37,4,,1,10,,1199812,37,4,,1,1,,1199815,37,4,,1
66301,'12',1522,,1199817,37,4,,1,10,,1199820,37,4,,1,1,,1199819,37,4,,1
66301,'14',1522,,1199824,37,4,,1,10,,1199822,37,4,,1,1,,1199825,37,4,,1
66301,'15',1522,,1199827,37,4,,1,10,,1199829,37,4,,1,1,,1199830,37,4,,1
66301,'16',1522,,1199832,37,4,,1,10,,1199835,37,4,,1,1,,1199834,37,4,,1
66301,'5',1522,,1199839,37,4,,1,10,,1199837,37,4,,1,1,,1199840,37,4,,1
66301,'6',1522,,1199842,37,4,,1,10,,1199845,37,4,,1,1,,1199844,37,4,,1
66301,'8',1522,,1199847,37,4,,1,10,,1199850,37,4,,1,1,,1199849,37,4,,1
66301,'9',1522,,1199854,37,4,,1,10,,1199852,37,4,,1,1,,1199855,37,4,,1
68800,'1',705,,1200554,1,,,1
68800,'10',705,,1200555,1,,,1
68800,'11',705,,1200556,1,,,1
68800,'12',705,,1200558,1,,,1
68800,'14',705,,1200559,1,,,1
68800,'15',705,,1200561,1,,,1
68800,'16',705,,1200564,1,,,1
68800,'5',705,,1200565,1,,,1
68800,'6',705,,1200566,1,,,1
68800,'8',705,,1200568,1,,,1
68800,'9',705,,1200569,1,,,1
68801,'1',1522,,1200571,65,4,,1
68801,'10',1522,,1200573,65,4,,1
68801,'11',1522,,1200575,65,4,,1
68801,'12',1522,,1200578,65,4,,1
68801,'14',1522,,1200581,65,4,,1
68801,'15',1522,,1200584,65,4,,1
68801,'16',1522,,1200587,65,4,,1
68801,'5',1522,,1200589,65,4,,1
68801,'6',1522,,1200592,65,4,,1
68801,'8',1522,,1200595,65,4,,1
68801,'9',1522,,1200597,65,4,,1
