1000,'1',617,,1112043,23,,,1,34,,1111997,47,,,1,59,,1025825,23,,,1,15,,1111998,47,,,1,26,,1112032,23,,,1,51,,1067741,47,,,1,22,,1112024,23,,,1,16,,1112008,47,,,1,16,,1112030,23,,,1,57,,1112018,47,,,1,16,,1112040,23,,,1,16,,1112041,47,,,1,8,,1112001,23,,,1,56,,1063122,47,,,1,13,,1112009,23,,,1,14,,1112010,47,,,1,13,,1112015,23,,,1,55,,1112042,47,,,1,16,,1112036,23,,,1,15,,1112017,47,,,1,16,,1112037,23,,,1,54,,1112003,47,,,1,15,,953334,23,,,1,15,,1112038,47,,,1,14,,1112031,23,,,1,56,,1112022,47,,,1,16,,1084446,23,,,1,17,,1112033,47,,,1,15,,1112026,23,,,1,55,,1111996,47,,,1,16,,1084756,23,,,1,16,,1112028,47,,,1,60,,1112039,23,,,1,14,,1112000,47,,,1,19,,1111999,23,,,1,11,,1112012,47,,,1,61,,1071928,23,,,1,14,,1112005,47,,,1,14,,1111993,23,,,1,18,,1112021,47,,,1,56,,1093427,23,,,1,17,,1112006,47,,,1,15,,1112002,23,,,1,15,,1112016,47,,,1,52,,1112007,23,,,1,17,,1112035,47,,,1,9,,1094606,23,,,1,14,,1112029,47,,,1,67,,1112020,47,,,1,31,,1112027,47,,,1,62,,1112011,47,,,1,30,,1112019,47,,,1,68,,1112034,47,,,1,28,,1111994,47,,,1,70,,1112014,47,,,1,30,,1111992,47,,,1,69,,1112025,47,,,1,27,,1112004,47,,,1,25,,1112023,47,,,1,59,,1111995,23,,,1
1000,'10',617,,1112095,23,,,1,34,,1112049,47,,,1,59,,1025941,23,,,1,15,,1112050,47,,,1,26,,1112084,23,,,1,51,,1067690,47,,,1,22,,1112076,23,,,1,16,,1112060,47,,,1,16,,1112082,23,,,1,57,,1112070,47,,,1,16,,1112092,23,,,1,16,,1112093,47,,,1,8,,1112053,23,,,1,56,,1062780,47,,,1,13,,1112061,23,,,1,14,,1112062,47,,,1,13,,1112067,23,,,1,55,,1112094,47,,,1,16,,1112088,23,,,1,15,,1112069,47,,,1,16,,1112089,23,,,1,54,,1112055,47,,,1,15,,953160,23,,,1,15,,1112090,47,,,1,14,,1112083,23,,,1,56,,1112074,47,,,1,16,,1084262,23,,,1,17,,1112085,47,,,1,15,,1112078,23,,,1,55,,1112048,47,,,1,16,,1084585,23,,,1,16,,1112080,47,,,1,60,,1112091,23,,,1,14,,1112052,47,,,1,19,,1112051,23,,,1,11,,1112064,47,,,1,61,,1071782,23,,,1,14,,1112057,47,,,1,14,,1112045,23,,,1,18,,1112073,47,,,1,56,,1093111,23,,,1,17,,1112058,47,,,1,15,,1112054,23,,,1,15,,1112068,47,,,1,52,,1112059,23,,,1,17,,1112087,47,,,1,9,,1094436,23,,,1,14,,1112081,47,,,1,67,,1112072,47,,,1,31,,1112079,47,,,1,62,,1112063,47,,,1,30,,1112071,47,,,1,68,,1112086,47,,,1,28,,1112046,47,,,1,70,,1112066,47,,,1,30,,1112044,47,,,1,69,,1112077,47,,,1,27,,1112056,47,,,1,25,,1112075,47,,,1,59,,1112047,23,,,1
1000,'11',617,,1112147,23,,,1,34,,1112101,47,,,1,59,,1025792,23,,,1,15,,1112102,47,,,1,26,,1112136,23,,,1,51,,1067758,47,,,1,22,,1112128,23,,,1,16,,1112112,47,,,1,16,,1112134,23,,,1,57,,1112122,47,,,1,16,,1112144,23,,,1,16,,1112145,47,,,1,8,,1112105,23,,,1,56,,1063223,47,,,1,13,,1112113,23,,,1,14,,1112114,47,,,1,13,,1112119,23,,,1,55,,1112146,47,,,1,16,,1112140,23,,,1,15,,1112121,47,,,1,16,,1112141,23,,,1,54,,1112107,47,,,1,15,,953306,23,,,1,15,,1112142,47,,,1,14,,1112135,23,,,1,56,,1112126,47,,,1,16,,1084502,23,,,1,17,,1112137,47,,,1,15,,1112130,23,,,1,55,,1112100,47,,,1,16,,1084809,23,,,1,16,,1112132,47,,,1,60,,1112143,23,,,1,14,,1112104,47,,,1,19,,1112103,23,,,1,11,,1112116,47,,,1,61,,1071974,23,,,1,14,,1112109,47,,,1,14,,1112097,23,,,1,18,,1112125,47,,,1,56,,1093518,23,,,1,17,,1112110,47,,,1,15,,1112106,23,,,1,15,,1112120,47,,,1,52,,1112111,23,,,1,17,,1112139,47,,,1,9,,1094648,23,,,1,14,,1112133,47,,,1,67,,1112124,47,,,1,31,,1112131,47,,,1,62,,1112115,47,,,1,30,,1112123,47,,,1,68,,1112138,47,,,1,28,,1112098,47,,,1,70,,1112118,47,,,1,30,,1112096,47,,,1,69,,1112129,47,,,1,27,,1112108,47,,,1,25,,1112127,47,,,1,59,,1112099,23,,,1
1000,'12',617,,1112163,23,,,1,34,,1112192,47,,,1,59,,1112186,23,,,1,15,,1112180,47,,,1,26,,995471,23,,,1,51,,1112176,47,,,1,22,,1112158,23,,,1,16,,1112148,47,,,1,16,,1112153,23,,,1,57,,1112175,47,,,1,16,,1112173,23,,,1,16,,1112167,47,,,1,8,,1112195,23,,,1,56,,1002218,47,,,1,13,,1112190,23,,,1,14,,1112169,47,,,1,13,,1112184,23,,,1,55,,1112149,47,,,1,16,,1112181,23,,,1,15,,1112183,47,,,1,16,,1112197,23,,,1,54,,1112200,47,,,1,15,,1112171,23,,,1,15,,1112157,47,,,1,14,,1112154,23,,,1,56,,1112198,47,,,1,16,,1112179,23,,,1,17,,1112159,47,,,1,15,,1112165,23,,,1,55,,1112150,47,,,1,16,,1112155,23,,,1,16,,1112196,47,,,1,60,,1074031,23,,,1,14,,1112187,47,,,1,19,,1112168,23,,,1,11,,1112151,47,,,1,61,,1112182,23,,,1,14,,1112188,47,,,1,14,,1112191,23,,,1,18,,1112164,47,,,1,56,,1037308,23,,,1,17,,1112166,47,,,1,15,,1112178,23,,,1,15,,1112177,47,,,1,52,,1112172,23,,,1,17,,1112194,47,,,1,9,,1112185,23,,,1,14,,1112156,47,,,1,67,,1023118,47,,,1,31,,1112170,47,,,1,62,,1112199,47,,,1,30,,1112201,47,,,1,68,,1060814,47,,,1,28,,1112161,47,,,1,70,,1087160,47,,,1,30,,1112162,47,,,1,69,,1112152,47,,,1,27,,1067952,47,,,1,25,,1112160,47,,,1,59,,1112193,23,,,1
1000,'13',757,,1112213,23,,,1,64,,1048726,47,,,1,30,,1112209,47,,,1,70,,1112226,47,,,1,30,,1112202,47,,,1,70,,1112204,47,,,1,34,,1084664,47,,,1,70,,1112207,47,,,1,30,,1112214,47,,,1,70,,1112225,47,,,1,30,,1112232,47,,,1,70,,1064845,47,,,1,30,,1067888,47,,,1,70,,1112231,47,,,1,30,,1112228,47,,,1,70,,1112216,47,,,1,30,,1112223,47,,,1,70,,1112221,47,,,1,30,,1063463,47,,,1,70,,1112229,47,,,1,30,,1112222,47,,,1,70,,1112215,47,,,1,30,,1074443,47,,,1,80,,1112203,23,,,1,70,,1112224,23,,,1,30,,1112211,23,,,1,70,,1112208,23,,,1,30,,1112227,23,,,1,70,,1112212,23,,,1,27,,1112217,23,,,1,69,,1112220,23,,,1,30,,1112205,23,,,1,70,,1112210,23,,,1,30,,1050772,23,,,1
1000,'14',617,,1112292,23,,,1,34,,1112244,47,,,1,59,,1112238,23,,,1,15,,1112245,47,,,1,26,,1112280,23,,,1,51,,1112246,47,,,1,22,,1112272,23,,,1,16,,1112256,47,,,1,16,,1112278,23,,,1,57,,1112266,47,,,1,16,,1112289,23,,,1,16,,1112290,47,,,1,8,,1112249,23,,,1,56,,1112285,47,,,1,13,,1112257,23,,,1,14,,1112258,47,,,1,13,,1112263,23,,,1,55,,1112291,47,,,1,16,,1112284,23,,,1,15,,1112265,47,,,1,16,,1112286,23,,,1,54,,1112251,47,,,1,15,,1112234,23,,,1,15,,1112287,47,,,1,14,,1112279,23,,,1,56,,1112270,47,,,1,16,,1112239,23,,,1,17,,1112281,47,,,1,15,,1112274,23,,,1,55,,1112243,47,,,1,16,,1112294,23,,,1,16,,1112276,47,,,1,60,,1112288,23,,,1,14,,1112248,47,,,1,19,,1112247,23,,,1,11,,1112260,47,,,1,61,,1112236,23,,,1,14,,1112253,47,,,1,14,,1112240,23,,,1,18,,1112269,47,,,1,56,,1112293,23,,,1,17,,1112254,47,,,1,15,,1112250,23,,,1,15,,1112264,47,,,1,52,,1112255,23,,,1,17,,1112283,47,,,1,9,,1112235,23,,,1,14,,1112277,47,,,1,67,,1112268,47,,,1,31,,1112275,47,,,1,62,,1112259,47,,,1,30,,1112267,47,,,1,68,,1112282,47,,,1,28,,1112241,47,,,1,70,,1112262,47,,,1,30,,1112233,47,,,1,69,,1112273,47,,,1,27,,1112252,47,,,1,25,,1112271,47,,,1,59,,1112242,23,,,1
1000,'15',617,,1112353,23,,,1,34,,1112300,47,,,1,59,,1112354,23,,,1,15,,1112314,47,,,1,26,,1112305,23,,,1,51,,1112341,47,,,1,22,,1112349,23,,,1,16,,1112318,47,,,1,16,,1112336,23,,,1,57,,1112339,47,,,1,16,,1112301,23,,,1,16,,1112337,47,,,1,8,,1112345,23,,,1,56,,1112326,47,,,1,13,,1112325,23,,,1,14,,1112333,47,,,1,13,,1112346,23,,,1,55,,1112310,47,,,1,16,,1112329,23,,,1,15,,1112334,47,,,1,16,,1112343,23,,,1,54,,1112313,47,,,1,15,,1112350,23,,,1,15,,1112328,47,,,1,14,,1112296,23,,,1,56,,1112322,47,,,1,16,,1112309,23,,,1,17,,1112335,47,,,1,15,,1112331,23,,,1,55,,1112308,47,,,1,16,,1112316,23,,,1,16,,1112295,47,,,1,60,,1112302,23,,,1,14,,1112355,47,,,1,19,,1112311,23,,,1,11,,1112332,47,,,1,61,,1112319,23,,,1,14,,1112303,47,,,1,14,,1112342,23,,,1,18,,1112344,47,,,1,56,,1112327,23,,,1,17,,1112324,47,,,1,15,,1112330,23,,,1,15,,1112315,47,,,1,52,,1112323,23,,,1,17,,1112351,47,,,1,9,,1112356,23,,,1,14,,1112317,47,,,1,67,,1112338,47,,,1,31,,1112306,47,,,1,62,,1112320,47,,,1,30,,1112348,47,,,1,68,,1112347,47,,,1,28,,1112340,47,,,1,70,,1112307,47,,,1,30,,1112299,47,,,1,69,,1112298,47,,,1,27,,1112304,47,,,1,25,,1112297,47,,,1,59,,1112321,23,,,1
1000,'16',617,,1112377,23,,,1,34,,1112408,47,,,1,59,,1112401,23,,,1,15,,1112395,47,,,1,26,,1112358,23,,,1,51,,1112391,47,,,1,22,,1112372,23,,,1,16,,1112359,47,,,1,16,,1112366,23,,,1,57,,1112390,47,,,1,16,,1112388,23,,,1,16,,1112382,47,,,1,8,,1112411,23,,,1,56,,1112357,47,,,1,13,,1112406,23,,,1,14,,1112384,47,,,1,13,,1112399,23,,,1,55,,1112360,47,,,1,16,,1112396,23,,,1,15,,1112398,47,,,1,16,,1112413,23,,,1,54,,1112415,47,,,1,15,,1112386,23,,,1,15,,1112371,47,,,1,14,,1100054,23,,,1,56,,1112414,47,,,1,16,,1112394,23,,,1,17,,1112373,47,,,1,15,,1112380,23,,,1,55,,1112361,47,,,1,16,,1112369,23,,,1,16,,1112412,47,,,1,60,,1112363,23,,,1,14,,1112402,47,,,1,19,,1112383,23,,,1,11,,1112364,47,,,1,61,,1112397,23,,,1,14,,1112403,47,,,1,14,,1112407,23,,,1,18,,1112379,47,,,1,56,,1112362,23,,,1,17,,1112381,47,,,1,15,,1112393,23,,,1,15,,1112392,47,,,1,52,,1112387,23,,,1,17,,1112410,47,,,1,9,,1112400,23,,,1,14,,1112370,47,,,1,67,,1112404,47,,,1,31,,1112385,47,,,1,62,,1000396,47,,,1,30,,1112416,47,,,1,68,,1112368,47,,,1,28,,1112375,47,,,1,70,,1112378,47,,,1,30,,1112376,47,,,1,69,,1112365,47,,,1,27,,1112367,47,,,1,25,,1112374,47,,,1,59,,1112409,23,,,1
1000,'17',757,,1112431,23,,,1,64,,1112421,47,,,1,30,,1112427,47,,,1,70,,1112444,47,,,1,30,,1112418,47,,,1,70,,1112420,47,,,1,34,,1112454,47,,,1,70,,1112425,47,,,1,30,,1112432,47,,,1,70,,1112443,47,,,1,30,,1112452,47,,,1,70,,1112448,47,,,1,30,,1112417,47,,,1,70,,1112451,47,,,1,30,,1112447,47,,,1,70,,1112434,47,,,1,30,,1112441,47,,,1,70,,1112439,47,,,1,30,,1112446,47,,,1,70,,1112449,47,,,1,30,,1112440,47,,,1,70,,1112433,47,,,1,30,,1112422,47,,,1,80,,1112419,23,,,1,70,,1112442,23,,,1,30,,1112429,23,,,1,70,,1112426,23,,,1,30,,1112445,23,,,1,70,,1112430,23,,,1,27,,1112435,23,,,1,69,,1112438,23,,,1,30,,1112423,23,,,1,70,,1112428,23,,,1,30,,1112453,23,,,1
1000,'2',718,,1112476,23,,,1,32,,1112464,23,,,1,66,,1112483,47,,,1,30,,1112477,47,,,1,70,,1112484,47,,,1,30,,1011566,47,,,1,70,,1112478,47,,,1,34,,1112455,47,,,1,70,,1078927,47,,,1,30,,1112463,47,,,1,70,,1112462,47,,,1,30,,1112490,47,,,1,70,,1112485,47,,,1,30,,1112491,47,,,1,70,,1112488,47,,,1,30,,1112487,47,,,1,70,,1112474,47,,,1,30,,1017772,47,,,1,70,,1112480,47,,,1,30,,1112473,47,,,1,70,,1112467,47,,,1,30,,1112489,47,,,1,70,,1072927,47,,,1,30,,1112482,47,,,1,70,,1112469,47,,,1,30,,1112459,47,,,1,70,,1112481,47,,,1,30,,1112457,47,,,1,70,,1112479,47,,,1,30,,1112471,47,,,1,70,,1112475,47,,,1,27,,1112486,47,,,1,68,,1112466,47,,,1,30,,1112461,47,,,1,73,,1112458,23,,,1,30,,1112465,23,,,1,70,,1112472,23,,,1,40,,1112470,23,,,1
1000,'3',757,,1112506,23,,,1,64,,1112496,47,,,1,30,,1112502,47,,,1,70,,1112519,47,,,1,30,,1112493,47,,,1,70,,1112495,47,,,1,34,,1112529,47,,,1,70,,1112500,47,,,1,30,,1112507,47,,,1,70,,1112518,47,,,1,30,,1112527,47,,,1,70,,1112523,47,,,1,30,,1112492,47,,,1,70,,1112526,47,,,1,30,,1112522,47,,,1,70,,1112509,47,,,1,30,,1112516,47,,,1,70,,1112514,47,,,1,30,,1112521,47,,,1,70,,1112524,47,,,1,30,,1112515,47,,,1,70,,1112508,47,,,1,30,,1112497,47,,,1,80,,1112494,23,,,1,70,,1112517,23,,,1,30,,1112504,23,,,1,70,,1112501,23,,,1,30,,1112520,23,,,1,70,,1112505,23,,,1,27,,1112510,23,,,1,69,,1112513,23,,,1,30,,1112498,23,,,1,70,,1112503,23,,,1,30,,1112528,23,,,1
1000,'4',757,,1112541,23,,,1,64,,1112531,47,,,1,30,,1112550,47,,,1,70,,1112561,47,,,1,30,,1112562,47,,,1,70,,1112566,47,,,1,34,,1112539,47,,,1,70,,1112537,47,,,1,30,,1112543,47,,,1,70,,1112534,47,,,1,30,,1112535,47,,,1,70,,1112547,47,,,1,30,,1112557,47,,,1,70,,1112565,47,,,1,30,,1112563,47,,,1,70,,1112546,47,,,1,30,,1112554,47,,,1,70,,1112555,47,,,1,30,,1112549,47,,,1,70,,1112560,47,,,1,30,,1112542,47,,,1,70,,1112544,47,,,1,30,,1112559,47,,,1,80,,1112538,23,,,1,70,,1112552,23,,,1,30,,1112556,23,,,1,70,,1112530,23,,,1,30,,1112536,23,,,1,70,,1112553,23,,,1,27,,1112533,23,,,1,69,,1112540,23,,,1,30,,1043363,23,,,1,70,,1112558,23,,,1,30,,1112564,23,,,1
1000,'5',617,,1112618,23,,,1,34,,1112572,47,,,1,59,,1025621,23,,,1,15,,1112573,47,,,1,26,,1112607,23,,,1,51,,1067724,47,,,1,22,,1112599,23,,,1,16,,1112583,47,,,1,16,,1112605,23,,,1,57,,1112593,47,,,1,16,,1112615,23,,,1,16,,1112616,47,,,1,8,,1112576,23,,,1,56,,1063068,47,,,1,13,,1112584,23,,,1,14,,1112585,47,,,1,13,,1112590,23,,,1,55,,1112617,47,,,1,16,,1112611,23,,,1,15,,1112592,47,,,1,16,,1112612,23,,,1,54,,1112578,47,,,1,15,,953418,23,,,1,15,,1112613,47,,,1,14,,1112606,23,,,1,56,,1112597,47,,,1,16,,1084413,23,,,1,17,,1112608,47,,,1,15,,1112601,23,,,1,55,,1112571,47,,,1,16,,1084727,23,,,1,16,,1112603,47,,,1,60,,1112614,23,,,1,14,,1112575,47,,,1,19,,1112574,23,,,1,11,,1112587,47,,,1,61,,1071904,23,,,1,14,,1112580,47,,,1,14,,1112568,23,,,1,18,,1112596,47,,,1,56,,1093372,23,,,1,17,,1112581,47,,,1,15,,1112577,23,,,1,15,,1112591,47,,,1,52,,1112582,23,,,1,17,,1112610,47,,,1,9,,1094583,23,,,1,14,,1112604,47,,,1,67,,1112595,47,,,1,31,,1112602,47,,,1,62,,1112586,47,,,1,30,,1112594,47,,,1,68,,1112609,47,,,1,28,,1112569,47,,,1,70,,1112589,47,,,1,30,,1112567,47,,,1,69,,1112600,47,,,1,27,,1112579,47,,,1,25,,1112598,47,,,1,59,,1112570,23,,,1
1000,'6',617,,1112632,23,,,1,34,,1112662,47,,,1,59,,1112655,23,,,1,15,,1112650,47,,,1,26,,1112620,23,,,1,51,,1112646,47,,,1,22,,1112627,23,,,1,16,,1102992,47,,,1,16,,1023560,23,,,1,57,,1112645,47,,,1,16,,1112643,23,,,1,16,,1112637,47,,,1,8,,1112665,23,,,1,56,,1112619,47,,,1,13,,1112660,23,,,1,14,,1112639,47,,,1,13,,1112653,23,,,1,55,,1005076,47,,,1,16,,1112651,23,,,1,15,,1112652,47,,,1,16,,1096525,23,,,1,54,,1112667,47,,,1,15,,1112641,23,,,1,15,,1112626,47,,,1,14,,1112623,23,,,1,56,,1081459,47,,,1,16,,1112649,23,,,1,17,,1112628,47,,,1,15,,1112635,23,,,1,55,,929183,47,,,1,16,,1088962,23,,,1,16,,1088319,47,,,1,60,,1112622,23,,,1,14,,1112656,47,,,1,19,,1112638,23,,,1,11,,1100099,47,,,1,61,,1083719,23,,,1,14,,1112657,47,,,1,14,,1112661,23,,,1,18,,1112634,47,,,1,56,,1112621,23,,,1,17,,1112636,47,,,1,15,,1112648,23,,,1,15,,1112647,47,,,1,52,,1112642,23,,,1,17,,1112664,47,,,1,9,,1112654,23,,,1,14,,1068101,47,,,1,67,,1112658,47,,,1,31,,1112640,47,,,1,62,,1112666,47,,,1,30,,1027716,47,,,1,68,,1112625,47,,,1,28,,1112630,47,,,1,70,,1112633,47,,,1,30,,1112631,47,,,1,69,,1061840,47,,,1,27,,1112624,47,,,1,25,,1112629,47,,,1,59,,1112663,23,,,1
1000,'7',718,,1112683,23,,,1,32,,1112676,23,,,1,66,,1112698,47,,,1,30,,1112675,47,,,1,70,,1112689,47,,,1,30,,1112691,47,,,1,70,,1112692,47,,,1,34,,1112686,47,,,1,70,,1112668,47,,,1,30,,1112684,47,,,1,70,,1112705,47,,,1,30,,1112707,47,,,1,70,,1112694,47,,,1,30,,1112704,47,,,1,70,,1112687,47,,,1,30,,1112671,47,,,1,70,,1112697,47,,,1,30,,1112669,47,,,1,70,,1112670,47,,,1,30,,1112682,47,,,1,70,,1112696,47,,,1,30,,1112688,47,,,1,70,,1112703,47,,,1,30,,1112708,47,,,1,70,,1112685,47,,,1,30,,1112699,47,,,1,70,,1112672,47,,,1,30,,1112700,47,,,1,70,,1112679,47,,,1,30,,1112673,47,,,1,70,,1112695,47,,,1,27,,1112681,47,,,1,68,,1112677,47,,,1,30,,1112680,47,,,1,73,,1112674,23,,,1,30,,1112678,23,,,1,70,,1112702,23,,,1,40,,1112701,23,,,1
1000,'8',617,,1112730,23,,,1,34,,1112761,47,,,1,59,,1112754,23,,,1,15,,1112748,47,,,1,26,,1112710,23,,,1,51,,1112744,47,,,1,22,,1112725,23,,,1,16,,1112711,47,,,1,16,,1112718,23,,,1,57,,1112743,47,,,1,16,,1112741,23,,,1,16,,1112735,47,,,1,8,,1112764,23,,,1,56,,1112709,47,,,1,13,,1112759,23,,,1,14,,1112737,47,,,1,13,,1112752,23,,,1,55,,1112712,47,,,1,16,,1112749,23,,,1,15,,1112751,47,,,1,16,,1112766,23,,,1,54,,1112769,47,,,1,15,,1112739,23,,,1,15,,1112724,47,,,1,14,,1112719,23,,,1,56,,1112767,47,,,1,16,,1112747,23,,,1,17,,1112726,47,,,1,15,,1112733,23,,,1,55,,1112713,47,,,1,16,,1112722,23,,,1,16,,1112765,47,,,1,60,,1112715,23,,,1,14,,1112755,47,,,1,19,,1112736,23,,,1,11,,1112716,47,,,1,61,,1112750,23,,,1,14,,1112756,47,,,1,14,,1112760,23,,,1,18,,1112732,47,,,1,56,,1112714,23,,,1,17,,1112734,47,,,1,15,,1112746,23,,,1,15,,1112745,47,,,1,52,,1112740,23,,,1,17,,1112763,47,,,1,9,,1112753,23,,,1,14,,1112723,47,,,1,67,,1112757,47,,,1,31,,1112738,47,,,1,62,,1112768,47,,,1,30,,1112770,47,,,1,68,,1112721,47,,,1,28,,1112728,47,,,1,70,,1112731,47,,,1,30,,1112729,47,,,1,69,,1112717,47,,,1,27,,1112720,47,,,1,25,,1112727,47,,,1,59,,1112762,23,,,1
1000,'9',617,,1112822,23,,,1,34,,1112776,47,,,1,59,,1025858,23,,,1,15,,1112777,47,,,1,26,,1112811,23,,,1,51,,1067707,47,,,1,22,,1112803,23,,,1,16,,1112787,47,,,1,16,,1112809,23,,,1,57,,1112797,47,,,1,16,,1112819,23,,,1,16,,1112820,47,,,1,8,,1112780,23,,,1,56,,1062892,47,,,1,13,,1112788,23,,,1,14,,1112789,47,,,1,13,,1112794,23,,,1,55,,1112821,47,,,1,16,,1112815,23,,,1,15,,1112796,47,,,1,16,,1112816,23,,,1,54,,1112782,47,,,1,15,,953390,23,,,1,15,,1112817,47,,,1,14,,1112810,23,,,1,56,,1112801,47,,,1,16,,1084323,23,,,1,17,,1112812,47,,,1,15,,1112805,23,,,1,55,,1112775,47,,,1,16,,1084639,23,,,1,16,,1112807,47,,,1,60,,1112818,23,,,1,14,,1112779,47,,,1,19,,1112778,23,,,1,11,,1112791,47,,,1,61,,1071832,23,,,1,14,,1112784,47,,,1,14,,1112772,23,,,1,18,,1112800,47,,,1,56,,1093216,23,,,1,17,,1112785,47,,,1,15,,1112781,23,,,1,15,,1112795,47,,,1,52,,1112786,23,,,1,17,,1112814,47,,,1,9,,1094486,23,,,1,14,,1112808,47,,,1,67,,1112799,47,,,1,31,,1112806,47,,,1,62,,1112790,47,,,1,30,,1112798,47,,,1,68,,1112813,47,,,1,28,,1112773,47,,,1,70,,1112793,47,,,1,30,,1112771,47,,,1,69,,1112804,47,,,1,27,,1112783,47,,,1,25,,1112802,47,,,1,59,,1112774,23,,,1
1001,'1',528,,1112869,5,0,82,1,31,,1112830,5,,,1,76,,1112849,5,,,1,15,,1112826,5,0,82,1,55,,1072359,5,,,1,15,,1112832,5,0,82,1,14,,1112842,5,,,1,13,,1112829,5,0,82,1,55,,1112824,5,,,1,17,,1112850,5,0,82,1,12,,1112837,5,,,1,15,,1112868,5,0,82,1,54,,1077939,5,,,1,15,,1112848,5,0,82,1,16,,1112833,5,,,1,15,,1112853,5,0,82,1,55,,1112839,5,,,1,15,,1112864,5,0,82,1,15,,1112860,5,,,1,15,,1112866,5,0,82,1,54,,1112854,5,,,1,15,,1112831,5,0,82,1,15,,1112862,5,,,1,16,,1080081,5,0,82,1,55,,1112823,5,,,1,15,,1112852,5,0,82,1,15,,1112867,5,,,1,15,,1112859,5,0,82,1,56,,1112841,5,,,1,14,,1112825,5,0,82,1,15,,1112861,5,,,1,16,,1112857,5,0,82,1,56,,1112856,5,,,1,15,,1112858,5,0,82,1,13,,951843,5,,,1,15,,1112845,5,0,82,1,56,,1112863,5,,,1,15,,1112835,5,0,82,1,15,,1077933,5,,,1,16,,1112840,5,0,82,1,54,,1031295,5,,,1,15,,1082906,5,0,82,1,15,,1112846,5,,,1,15,,1018468,5,0,82,1,55,,1112844,5,,,1,15,,1112827,5,0,82,1,17,,1066531,5,,,1,14,,1112865,5,0,82,1,69,,1112851,5,,,1,30,,1112847,5,,,1,70,,1112834,5,,,1,30,,1053778,5,,,1,70,,1112828,5,,,1,30,,1101621,5,,,1,70,,1112843,5,,,1,30,,1112838,5,,,1,70,,1112836,5,,,1,30,,1112855,5,,,1,67,,1083606,5,,,1
1001,'10',528,,1112916,5,0,82,1,31,,1112877,5,,,1,76,,1112896,5,,,1,15,,1112873,5,0,82,1,55,,1072213,5,,,1,15,,1112879,5,0,82,1,14,,1112889,5,,,1,13,,1112876,5,0,82,1,55,,1112871,5,,,1,17,,1112897,5,0,82,1,12,,1112884,5,,,1,15,,1112915,5,0,82,1,54,,1077730,5,,,1,15,,1112895,5,0,82,1,16,,1112880,5,,,1,15,,1112900,5,0,82,1,55,,1112886,5,,,1,15,,1112911,5,0,82,1,15,,1112907,5,,,1,15,,1112913,5,0,82,1,54,,1112901,5,,,1,15,,1112878,5,0,82,1,15,,1112909,5,,,1,16,,1080026,5,0,82,1,55,,1112870,5,,,1,15,,1112899,5,0,82,1,15,,1112914,5,,,1,15,,1112906,5,0,82,1,56,,1112888,5,,,1,14,,1112872,5,0,82,1,15,,1112908,5,,,1,16,,1112904,5,0,82,1,56,,1112903,5,,,1,15,,1112905,5,0,82,1,13,,951665,5,,,1,15,,1112892,5,0,82,1,56,,1112910,5,,,1,15,,1112882,5,0,82,1,15,,1077724,5,,,1,16,,1112887,5,0,82,1,54,,1031379,5,,,1,15,,1082846,5,0,82,1,15,,1112893,5,,,1,15,,1018623,5,0,82,1,55,,1112891,5,,,1,15,,1112874,5,0,82,1,17,,1066309,5,,,1,14,,1112912,5,0,82,1,69,,1112898,5,,,1,30,,1112894,5,,,1,70,,1112881,5,,,1,30,,1053871,5,,,1,70,,1112875,5,,,1,30,,1101529,5,,,1,70,,1112890,5,,,1,30,,1112885,5,,,1,70,,1112883,5,,,1,30,,1112902,5,,,1,67,,1083367,5,,,1
1001,'11',528,,1112963,5,0,82,1,31,,1112924,5,,,1,76,,1112943,5,,,1,15,,1112920,5,0,82,1,55,,1072395,5,,,1,15,,1112926,5,0,82,1,14,,1112936,5,,,1,13,,1112923,5,0,82,1,55,,1112918,5,,,1,17,,1112944,5,0,82,1,12,,1112931,5,,,1,15,,1112962,5,0,82,1,54,,1078002,5,,,1,15,,1112942,5,0,82,1,16,,1112927,5,,,1,15,,1112947,5,0,82,1,55,,1112933,5,,,1,15,,1112958,5,0,82,1,15,,1112954,5,,,1,15,,1112960,5,0,82,1,54,,1112948,5,,,1,15,,1112925,5,0,82,1,15,,1112956,5,,,1,16,,1080099,5,0,82,1,55,,1112917,5,,,1,15,,1112946,5,0,82,1,15,,1112961,5,,,1,15,,1112953,5,0,82,1,56,,1112935,5,,,1,14,,1112919,5,0,82,1,15,,1112955,5,,,1,16,,1112951,5,0,82,1,56,,1112950,5,,,1,15,,1112952,5,0,82,1,13,,951814,5,,,1,15,,1112939,5,0,82,1,56,,1112957,5,,,1,15,,1112929,5,0,82,1,15,,1077996,5,,,1,16,,1112934,5,0,82,1,54,,1031269,5,,,1,15,,1082926,5,0,82,1,15,,1112940,5,,,1,15,,1018423,5,0,82,1,55,,1112938,5,,,1,15,,1112921,5,0,82,1,17,,1066598,5,,,1,14,,1112959,5,0,82,1,69,,1112945,5,,,1,30,,1112941,5,,,1,70,,1112928,5,,,1,30,,1053750,5,,,1,70,,1112922,5,,,1,30,,1101649,5,,,1,70,,1112937,5,,,1,30,,1112932,5,,,1,70,,1112930,5,,,1,30,,1112949,5,,,1,67,,1083676,5,,,1
1001,'12',528,,1113004,5,0,82,1,31,,1112997,5,,,1,76,,1112983,5,,,1,15,,1112979,5,0,82,1,55,,1112974,5,,,1,15,,1112987,5,0,82,1,14,,1112972,5,,,1,13,,1112977,5,0,82,1,55,,1113014,5,,,1,17,,1112990,5,0,82,1,12,,1112992,5,,,1,15,,1113006,5,0,82,1,54,,1112999,5,,,1,15,,1113013,5,0,82,1,16,,1112973,5,,,1,15,,1112968,5,0,82,1,55,,1113011,5,,,1,15,,1113010,5,0,82,1,15,,1112976,5,,,1,15,,1112991,5,0,82,1,54,,1113002,5,,,1,15,,1112988,5,0,82,1,15,,1112996,5,,,1,16,,1112965,5,0,82,1,55,,1113009,5,,,1,15,,1112986,5,0,82,1,15,,1112966,5,,,1,15,,1112970,5,0,82,1,56,,1113007,5,,,1,14,,1112985,5,0,82,1,15,,1112995,5,,,1,16,,1113015,5,0,82,1,56,,1112982,5,,,1,15,,1067955,5,0,82,1,13,,1047520,5,,,1,15,,1113003,5,0,82,1,56,,1032356,5,,,1,15,,1113008,5,0,82,1,15,,1113016,5,,,1,16,,1079509,5,0,82,1,54,,1112980,5,,,1,15,,1112978,5,0,82,1,15,,1113012,5,,,1,15,,1113001,5,0,82,1,55,,1112969,5,,,1,15,,1112998,5,0,82,1,17,,1112989,5,,,1,14,,1112994,5,0,82,1,69,,1112984,5,,,1,30,,1112967,5,,,1,70,,1113000,5,,,1,30,,1026015,5,,,1,70,,1112964,5,,,1,30,,1112971,5,,,1,70,,1112975,5,,,1,30,,1112981,5,,,1,70,,1113005,5,,,1,30,,1076936,5,,,1,67,,1112993,5,,,1
1001,'13',711,,1113032,5,0,82,1,30,,1113027,5,0,82,1,72,,1113040,5,,,1,30,,1113046,5,,,1,70,,1113017,5,,,1,30,,1113047,5,,,1,70,,1113023,5,,,1,30,,1063913,5,,,1,70,,1113038,5,,,1,30,,1113020,5,,,1,70,,1113037,5,,,1,30,,1113022,5,,,1,70,,1113042,5,,,1,30,,1113044,5,,,1,70,,1113021,5,,,1,30,,1113031,5,,,1,70,,1113035,5,,,1,30,,1113048,5,,,1,70,,1113045,5,,,1,30,,1113039,5,,,1,70,,1070813,5,,,1,30,,1091149,5,,,1,70,,1113034,5,,,1,30,,1113026,5,0,82,1,70,,1113019,5,0,82,1,28,,1113018,5,0,82,1,72,,1113041,5,0,82,1,30,,1113028,5,0,82,1,70,,1078199,5,0,82,1,30,,1113036,5,0,82,1,70,,1113025,5,0,82,1,30,,1113029,5,0,82,1,70,,1113030,5,0,82,1
1001,'14',528,,1113104,5,0,82,1,31,,1113063,5,,,1,76,,1113082,5,,,1,15,,1113058,5,0,82,1,55,,1113107,5,,,1,15,,1113065,5,0,82,1,14,,1113075,5,,,1,13,,1113061,5,0,82,1,55,,1113051,5,,,1,17,,1113083,5,0,82,1,12,,1113070,5,,,1,15,,1113103,5,0,82,1,54,,1113056,5,,,1,15,,1113081,5,0,82,1,16,,1113066,5,,,1,15,,1113086,5,0,82,1,55,,1113072,5,,,1,15,,1113097,5,0,82,1,15,,1113093,5,,,1,15,,1113099,5,0,82,1,54,,1113087,5,,,1,15,,1113064,5,0,82,1,15,,1113095,5,,,1,16,,1113054,5,0,82,1,55,,1113050,5,,,1,15,,1113085,5,0,82,1,15,,1113100,5,,,1,15,,1113092,5,0,82,1,56,,1113074,5,,,1,14,,1113055,5,0,82,1,15,,1113094,5,,,1,16,,1113090,5,0,82,1,56,,1113089,5,,,1,15,,1113091,5,0,82,1,13,,1113106,5,,,1,15,,1113078,5,0,82,1,56,,1113096,5,,,1,15,,1113068,5,0,82,1,15,,1113053,5,,,1,16,,1113073,5,0,82,1,54,,1113049,5,,,1,15,,1113057,5,0,82,1,15,,1113079,5,,,1,15,,1113101,5,0,82,1,55,,1113077,5,,,1,15,,1113059,5,0,82,1,17,,1113102,5,,,1,14,,1113098,5,0,82,1,69,,1113084,5,,,1,30,,1113080,5,,,1,70,,1113067,5,,,1,30,,1113052,5,,,1,70,,1113060,5,,,1,30,,1113105,5,,,1,70,,1113076,5,,,1,30,,1113071,5,,,1,70,,1113069,5,,,1,30,,1113088,5,,,1,67,,1113062,5,,,1
1001,'15',528,,1113142,5,0,82,1,31,,1113152,5,,,1,76,,1113116,5,,,1,15,,1113136,5,0,82,1,55,,1113108,5,,,1,15,,1113155,5,0,82,1,14,,1113135,5,,,1,13,,1113111,5,0,82,1,55,,1113110,5,,,1,17,,1113148,5,0,82,1,12,,1113139,5,,,1,15,,1113131,5,0,82,1,54,,1113133,5,,,1,15,,1113123,5,0,82,1,16,,1113109,5,,,1,15,,1113121,5,0,82,1,55,,1113112,5,,,1,15,,1113125,5,0,82,1,15,,1113144,5,,,1,15,,1113146,5,0,82,1,54,,1113156,5,,,1,15,,1113159,5,0,82,1,15,,1113130,5,,,1,16,,1113128,5,0,82,1,55,,1113126,5,,,1,15,,1113154,5,0,82,1,15,,1113115,5,,,1,15,,1113138,5,0,82,1,56,,1113158,5,,,1,14,,1113141,5,0,82,1,15,,1113127,5,,,1,16,,1113140,5,0,82,1,56,,1113145,5,,,1,15,,1113119,5,0,82,1,13,,1113124,5,,,1,15,,1113160,5,0,82,1,56,,1113157,5,,,1,15,,1113151,5,0,82,1,15,,1113163,5,,,1,16,,1113147,5,0,82,1,54,,1113161,5,,,1,15,,1113162,5,0,82,1,15,,1113143,5,,,1,15,,1113149,5,0,82,1,55,,1113134,5,,,1,15,,1113165,5,0,82,1,17,,1113113,5,,,1,14,,1113153,5,0,82,1,69,,1113132,5,,,1,30,,1113150,5,,,1,70,,1113166,5,,,1,30,,1113122,5,,,1,70,,1113129,5,,,1,30,,1113137,5,,,1,70,,1113117,5,,,1,30,,1113120,5,,,1,70,,1113114,5,,,1,30,,1113164,5,,,1,67,,1113118,5,,,1
1001,'16',528,,1113208,5,0,82,1,31,,1113201,5,,,1,76,,1113187,5,,,1,15,,1113183,5,0,82,1,55,,1113178,5,,,1,15,,1113191,5,0,82,1,14,,1113176,5,,,1,13,,1113181,5,0,82,1,55,,1046424,5,,,1,17,,1113194,5,0,82,1,12,,1113196,5,,,1,15,,1113210,5,0,82,1,54,,1113203,5,,,1,15,,1113216,5,0,82,1,16,,1113177,5,,,1,15,,1113171,5,0,82,1,55,,1113214,5,,,1,15,,1063175,5,0,82,1,15,,1113180,5,,,1,15,,1113195,5,0,82,1,54,,1113206,5,,,1,15,,1113192,5,0,82,1,15,,1113200,5,,,1,16,,1113167,5,0,82,1,55,,1113213,5,,,1,15,,1113190,5,0,82,1,15,,945323,5,,,1,15,,1113173,5,0,82,1,56,,1113211,5,,,1,14,,1113189,5,0,82,1,15,,1113199,5,,,1,16,,1113217,5,0,82,1,56,,1113186,5,,,1,15,,1113174,5,0,82,1,13,,1113169,5,,,1,15,,1113207,5,0,82,1,56,,1113168,5,,,1,15,,1113212,5,0,82,1,15,,1113218,5,,,1,16,,1113219,5,0,82,1,54,,1113184,5,,,1,15,,1113182,5,0,82,1,15,,1113215,5,,,1,15,,1113205,5,0,82,1,55,,1073874,5,,,1,15,,1113202,5,0,82,1,17,,1113193,5,,,1,14,,1113198,5,0,82,1,69,,1113188,5,,,1,30,,1113170,5,,,1,70,,1113204,5,,,1,30,,1113220,5,,,1,70,,1099697,5,,,1,30,,1113175,5,,,1,70,,1113179,5,,,1,30,,1113185,5,,,1,70,,1113209,5,,,1,30,,1113172,5,,,1,67,,1113197,5,,,1
1001,'17',711,,1113239,5,0,82,1,30,,1113233,5,0,82,1,72,,1113248,5,,,1,30,,1113254,5,,,1,70,,1113223,5,,,1,30,,1113255,5,,,1,70,,1113229,5,,,1,30,,1113222,5,,,1,70,,1113245,5,,,1,30,,1113226,5,,,1,70,,1113244,5,,,1,30,,1113228,5,,,1,70,,1113250,5,,,1,30,,1113252,5,,,1,70,,1113227,5,,,1,30,,1113238,5,,,1,70,,1113242,5,,,1,30,,1113256,5,,,1,70,,1113253,5,,,1,30,,1113247,5,,,1,70,,1113221,5,,,1,30,,1113236,5,,,1,70,,1113241,5,,,1,30,,1113232,5,0,82,1,70,,1113225,5,0,82,1,28,,1113224,5,0,82,1,72,,1113249,5,0,82,1,30,,1113234,5,0,82,1,70,,1113246,5,0,82,1,30,,1113243,5,0,82,1,70,,1113231,5,0,82,1,30,,1113235,5,0,82,1,70,,1113237,5,0,82,1
1001,'2',706,,1113272,5,0,82,1,35,,1113264,5,0,82,1,70,,1113288,5,0,82,1,30,,1113273,5,,,1,70,,1113279,5,,,1,30,,1113282,5,,,1,70,,1113266,5,,,1,30,,1113260,5,,,1,70,,1113283,5,,,1,30,,1113289,5,,,1,70,,1113259,5,,,1,30,,1113284,5,,,1,70,,1113287,5,,,1,30,,1099907,5,,,1,70,,1113269,5,,,1,30,,1113257,5,,,1,70,,1001732,5,,,1,30,,1113262,5,,,1,70,,1113275,5,,,1,30,,1113271,5,,,1,70,,1113290,5,,,1,30,,1113270,5,,,1,70,,1113281,5,,,1,30,,1113274,5,,,1,70,,1113276,5,,,1,30,,1113285,5,,,1,70,,1113286,5,,,1,30,,1113258,5,,,1,70,,1113263,5,,,1,30,,1113265,5,,,1,70,,1113268,5,,,1,30,,1113261,5,,,1,65,,1077775,5,0,82,1,29,,1049105,5,0,82,1,70,,1113280,5,0,82,1,30,,1113278,5,0,82,1
1001,'3',711,,1113309,5,0,82,1,30,,1113303,5,0,82,1,72,,1113318,5,,,1,30,,1113324,5,,,1,70,,1113293,5,,,1,30,,1113325,5,,,1,70,,1113299,5,,,1,30,,1113292,5,,,1,70,,1113315,5,,,1,30,,1113296,5,,,1,70,,1113314,5,,,1,30,,1113298,5,,,1,70,,1113320,5,,,1,30,,1113322,5,,,1,70,,1113297,5,,,1,30,,1113308,5,,,1,70,,1113312,5,,,1,30,,1113326,5,,,1,70,,1113323,5,,,1,30,,1113317,5,,,1,70,,1113291,5,,,1,30,,1113306,5,,,1,70,,1113311,5,,,1,30,,1113302,5,0,82,1,70,,1113295,5,0,82,1,28,,1113294,5,0,82,1,72,,1113319,5,0,82,1,30,,1113304,5,0,82,1,70,,1113316,5,0,82,1,30,,1113313,5,0,82,1,70,,1113301,5,0,82,1,30,,1113305,5,0,82,1,70,,1113307,5,0,82,1
1001,'4',711,,1113347,5,0,82,1,30,,1113330,5,0,82,1,72,,1113352,5,,,1,30,,1113346,5,,,1,70,,1113331,5,,,1,30,,1113349,5,,,1,70,,1113353,5,,,1,30,,1097747,5,,,1,70,,1113356,5,,,1,30,,1063977,5,,,1,70,,1113348,5,,,1,30,,1084076,5,,,1,70,,1113339,5,,,1,30,,1113357,5,,,1,70,,1113340,5,,,1,30,,1113334,5,,,1,70,,1113336,5,,,1,30,,1113354,5,,,1,70,,1113329,5,,,1,30,,1113342,5,,,1,70,,1113333,5,,,1,30,,1096337,5,,,1,70,,1113338,5,,,1,30,,1113355,5,0,82,1,70,,1113328,5,0,82,1,28,,1113344,5,0,82,1,72,,1113345,5,0,82,1,30,,1113343,5,0,82,1,70,,1113350,5,0,82,1,30,,1113335,5,0,82,1,70,,1113337,5,0,82,1,30,,1113332,5,0,82,1,70,,1051391,5,0,82,1
1001,'5',528,,1113404,5,0,82,1,31,,1113365,5,,,1,76,,1113384,5,,,1,15,,1113361,5,0,82,1,55,,1072338,5,,,1,15,,1113367,5,0,82,1,14,,1113377,5,,,1,13,,1113364,5,0,82,1,55,,1113359,5,,,1,17,,1113385,5,0,82,1,12,,1113372,5,,,1,15,,1113403,5,0,82,1,54,,1077900,5,,,1,15,,1113383,5,0,82,1,16,,1113368,5,,,1,15,,1113388,5,0,82,1,55,,1113374,5,,,1,15,,1113399,5,0,82,1,15,,1113395,5,,,1,15,,1113401,5,0,82,1,54,,1113389,5,,,1,15,,1113366,5,0,82,1,15,,1113397,5,,,1,16,,1080072,5,0,82,1,55,,1113358,5,,,1,15,,1113387,5,0,82,1,15,,1113402,5,,,1,15,,1113394,5,0,82,1,56,,1113376,5,,,1,14,,1113360,5,0,82,1,15,,1113396,5,,,1,16,,1113392,5,0,82,1,56,,1113391,5,,,1,15,,1113393,5,0,82,1,13,,951932,5,,,1,15,,1113380,5,0,82,1,56,,1113398,5,,,1,15,,1113370,5,0,82,1,15,,1077894,5,,,1,16,,1113375,5,0,82,1,54,,1031165,5,,,1,15,,1082886,5,0,82,1,15,,1113381,5,,,1,15,,1018236,5,0,82,1,55,,1113379,5,,,1,15,,1113362,5,0,82,1,17,,1066492,5,,,1,14,,1113400,5,0,82,1,69,,1113386,5,,,1,30,,1113382,5,,,1,70,,1113369,5,,,1,30,,1053629,5,,,1,70,,1113363,5,,,1,30,,1101604,5,,,1,70,,1113378,5,,,1,30,,1113373,5,,,1,70,,1113371,5,,,1,30,,1113390,5,,,1,67,,1083567,5,,,1
1001,'6',528,,1113447,5,0,82,1,31,,1113440,5,,,1,76,,1113426,5,,,1,15,,1113422,5,0,82,1,55,,1113417,5,,,1,15,,1113430,5,0,82,1,14,,1113415,5,,,1,13,,1113420,5,0,82,1,55,,1113453,5,,,1,17,,1113433,5,0,82,1,12,,1113435,5,,,1,15,,1113449,5,0,82,1,54,,1113442,5,,,1,15,,1085724,5,0,82,1,16,,1113416,5,,,1,15,,1067517,5,0,82,1,55,,1039263,5,,,1,15,,1113452,5,0,82,1,15,,1113419,5,,,1,15,,1113434,5,0,82,1,54,,1113445,5,,,1,15,,1113431,5,0,82,1,15,,1113439,5,,,1,16,,1113406,5,0,82,1,55,,1113451,5,,,1,15,,1113429,5,0,82,1,15,,1113408,5,,,1,15,,1065207,5,0,82,1,56,,1007847,5,,,1,14,,1113428,5,0,82,1,15,,1113438,5,,,1,16,,1087015,5,0,82,1,56,,1113425,5,,,1,15,,1113413,5,0,82,1,13,,1113409,5,,,1,15,,1113446,5,0,82,1,56,,1113407,5,,,1,15,,1113450,5,0,82,1,15,,1019505,5,,,1,16,,1113454,5,0,82,1,54,,1113423,5,,,1,15,,1113421,5,0,82,1,15,,1019713,5,,,1,15,,1113444,5,0,82,1,55,,1113412,5,,,1,15,,1113441,5,0,82,1,17,,1113432,5,,,1,14,,1113437,5,0,82,1,69,,1113427,5,,,1,30,,1113410,5,,,1,70,,1113443,5,,,1,30,,1113455,5,,,1,70,,1113405,5,,,1,30,,1113414,5,,,1,70,,1113418,5,,,1,30,,1113424,5,,,1,70,,1113448,5,,,1,30,,1113411,5,,,1,67,,1113436,5,,,1
1001,'7',706,,1113482,5,0,82,1,35,,1113481,5,0,82,1,70,,1113485,5,0,82,1,30,,1113461,5,,,1,70,,1113462,5,,,1,30,,1113457,5,,,1,70,,1113486,5,,,1,30,,1113465,5,,,1,70,,1113456,5,,,1,30,,1113471,5,,,1,70,,1113472,5,,,1,30,,1113475,5,,,1,70,,1113491,5,,,1,30,,1113479,5,,,1,70,,1113488,5,,,1,30,,1113487,5,,,1,70,,1113469,5,,,1,30,,1113473,5,,,1,70,,1113467,5,,,1,30,,1113458,5,,,1,70,,1113493,5,,,1,30,,1113477,5,,,1,70,,1113474,5,,,1,30,,1113464,5,,,1,70,,1113470,5,,,1,30,,1113468,5,,,1,70,,1113492,5,,,1,30,,1113484,5,,,1,70,,1113460,5,,,1,30,,1113478,5,,,1,70,,1113494,5,,,1,30,,1113490,5,,,1,65,,1113489,5,0,82,1,29,,1113476,5,0,82,1,70,,1113483,5,0,82,1,30,,1113463,5,0,82,1
1001,'8',528,,1113539,5,0,82,1,31,,1113532,5,,,1,76,,1113518,5,,,1,15,,1113514,5,0,82,1,55,,1113509,5,,,1,15,,1113522,5,0,82,1,14,,1113507,5,,,1,13,,1113512,5,0,82,1,55,,1113549,5,,,1,17,,1113525,5,0,82,1,12,,1113527,5,,,1,15,,1113541,5,0,82,1,54,,1113534,5,,,1,15,,1113548,5,0,82,1,16,,1113508,5,,,1,15,,1113501,5,0,82,1,55,,1113546,5,,,1,15,,1113545,5,0,82,1,15,,1113511,5,,,1,15,,1113526,5,0,82,1,54,,1113537,5,,,1,15,,1113523,5,0,82,1,15,,1113531,5,,,1,16,,1113496,5,0,82,1,55,,1113544,5,,,1,15,,1113521,5,0,82,1,15,,1113498,5,,,1,15,,1113504,5,0,82,1,56,,1113542,5,,,1,14,,1113520,5,0,82,1,15,,1113530,5,,,1,16,,1113550,5,0,82,1,56,,1113517,5,,,1,15,,1113505,5,0,82,1,13,,1113499,5,,,1,15,,1113538,5,0,82,1,56,,1113497,5,,,1,15,,1113543,5,0,82,1,15,,1113551,5,,,1,16,,1113552,5,0,82,1,54,,1113515,5,,,1,15,,1113513,5,0,82,1,15,,1113547,5,,,1,15,,1113536,5,0,82,1,55,,1113503,5,,,1,15,,1113533,5,0,82,1,17,,1113524,5,,,1,14,,1113529,5,0,82,1,69,,1113519,5,,,1,30,,1113500,5,,,1,70,,1113535,5,,,1,30,,1113553,5,,,1,70,,1113495,5,,,1,30,,1113506,5,,,1,70,,1113510,5,,,1,30,,1113516,5,,,1,70,,1113540,5,,,1,30,,1113502,5,,,1,67,,1113528,5,,,1
1001,'9',528,,1113600,5,0,82,1,31,,1113561,5,,,1,76,,1113580,5,,,1,15,,1113557,5,0,82,1,55,,1072260,5,,,1,15,,1113563,5,0,82,1,14,,1113573,5,,,1,13,,1113560,5,0,82,1,55,,1113555,5,,,1,17,,1113581,5,0,82,1,12,,1113568,5,,,1,15,,1113599,5,0,82,1,54,,1077799,5,,,1,15,,1113579,5,0,82,1,16,,1113564,5,,,1,15,,1113584,5,0,82,1,55,,1113570,5,,,1,15,,1113595,5,0,82,1,15,,1113591,5,,,1,15,,1113597,5,0,82,1,54,,1113585,5,,,1,15,,1113562,5,0,82,1,15,,1113593,5,,,1,16,,1080043,5,0,82,1,55,,1113554,5,,,1,15,,1113583,5,0,82,1,15,,1113598,5,,,1,15,,1113590,5,0,82,1,56,,1113572,5,,,1,14,,1113556,5,0,82,1,15,,1113592,5,,,1,16,,1113588,5,0,82,1,56,,1113587,5,,,1,15,,1113589,5,0,82,1,13,,951903,5,,,1,15,,1113576,5,0,82,1,56,,1113594,5,,,1,15,,1113566,5,0,82,1,15,,1077793,5,,,1,16,,1113571,5,0,82,1,54,,1031321,5,,,1,15,,1082866,5,0,82,1,15,,1113577,5,,,1,15,,1018513,5,0,82,1,55,,1113575,5,,,1,15,,1113558,5,0,82,1,17,,1066376,5,,,1,14,,1113596,5,0,82,1,69,,1113582,5,,,1,30,,1113578,5,,,1,70,,1113565,5,,,1,30,,1053806,5,,,1,70,,1113559,5,,,1,30,,1101556,5,,,1,70,,1113574,5,,,1,30,,1113569,5,,,1,70,,1113567,5,,,1,30,,1113586,5,,,1,67,,1083438,5,,,1
4900,'1',805,,1146044,6,,,1,28,,1146030,6,,,1,72,,1146036,6,,,1,100,,1146033,6,,,1,200,,1146042,6,,,1,200,,1146040,6,,,1,99,,1093404,6,,,1,32,,1146043,6,,,1,70,,1146034,6,,,1,30,,1146035,6,,,1,70,,1146039,6,,,1,29,,1146041,6,,,1,77,,1146031,6,,,1,42,,1146032,6,,,1,100,,1146038,6,,,1,268,,1146037,6,,,1
4900,'10',805,,1146059,6,,,1,28,,1146045,6,,,1,72,,1146051,6,,,1,100,,1146048,6,,,1,200,,1146057,6,,,1,200,,1146055,6,,,1,99,,1093088,6,,,1,32,,1146058,6,,,1,70,,1146049,6,,,1,30,,1146050,6,,,1,70,,1146054,6,,,1,29,,1146056,6,,,1,77,,1146046,6,,,1,42,,1146047,6,,,1,100,,1146053,6,,,1,268,,1146052,6,,,1
4900,'11',805,,1146074,6,,,1,28,,1146060,6,,,1,72,,1146066,6,,,1,100,,1146063,6,,,1,200,,1146072,6,,,1,200,,1146070,6,,,1,99,,1093495,6,,,1,32,,1146073,6,,,1,70,,1146064,6,,,1,30,,1146065,6,,,1,70,,1146069,6,,,1,29,,1146071,6,,,1,77,,1146061,6,,,1,42,,1146062,6,,,1,100,,1146068,6,,,1,268,,1146067,6,,,1
4900,'12',805,,1146087,6,,,1,28,,1146082,6,,,1,72,,1146081,6,,,1,100,,1146086,6,,,1,200,,1146080,6,,,1,200,,994781,6,,,1,99,,1146085,6,,,1,32,,1146076,6,,,1,70,,1063019,6,,,1,30,,1146078,6,,,1,70,,1146075,6,,,1,29,,1146084,6,,,1,77,,1146077,6,,,1,42,,1072808,6,,,1,100,,1146079,6,,,1,268,,1146083,6,,,1
4900,'13',929,,1146091,6,,,1,100,,1146093,6,,,1,100,,1146090,6,,,1,100,,1094507,6,,,1,100,,1146095,6,,,1,100,,1146089,6,,,1,100,,1146088,6,,,1,100,,1146092,6,,,1,100,,1146094,6,,,1
4900,'14',805,,1146111,6,,,1,28,,1146096,6,,,1,72,,1146103,6,,,1,100,,1146100,6,,,1,200,,1146109,6,,,1,200,,1146107,6,,,1,99,,1146098,6,,,1,32,,1146110,6,,,1,70,,1146101,6,,,1,30,,1146102,6,,,1,70,,1146106,6,,,1,29,,1146108,6,,,1,77,,1146097,6,,,1,42,,1146099,6,,,1,100,,1146105,6,,,1,268,,1146104,6,,,1
4900,'15',805,,1146121,6,,,1,28,,1146118,6,,,1,72,,1146114,6,,,1,100,,1146112,6,,,1,200,,1146126,6,,,1,200,,1146119,6,,,1,99,,1146113,6,,,1,32,,1146117,6,,,1,70,,1146124,6,,,1,30,,1146115,6,,,1,70,,1146123,6,,,1,29,,1146116,6,,,1,77,,1146122,6,,,1,42,,1146125,6,,,1,100,,1146120,6,,,1,268,,1146127,6,,,1
4900,'16',805,,1146143,6,,,1,28,,1146137,6,,,1,72,,1146136,6,,,1,100,,1146142,6,,,1,200,,1146135,6,,,1,200,,1146128,6,,,1,99,,1146141,6,,,1,32,,1146130,6,,,1,70,,1146140,6,,,1,30,,1146132,6,,,1,70,,1146129,6,,,1,29,,1146139,6,,,1,77,,1146131,6,,,1,42,,1146134,6,,,1,100,,1146133,6,,,1,268,,1146138,6,,,1
4900,'17',929,,1146148,6,,,1,100,,1146150,6,,,1,100,,1146147,6,,,1,100,,1146146,6,,,1,100,,1146152,6,,,1,100,,1146145,6,,,1,100,,1146144,6,,,1,100,,1146149,6,,,1,100,,1146151,6,,,1
4900,'2',950,,1146153,6,,,1,100,,1146156,6,,,1,100,,1146154,6,,,1,100,,1146157,6,,,1,100,,1146161,6,,,1,100,,1146159,6,,,1,100,,1146155,6,,,1,100,,1146160,6,,,1,100,,836709,6,,,1,100,,1146158,6,,,1
4900,'3',929,,1146166,6,,,1,100,,1146168,6,,,1,100,,1146165,6,,,1,100,,1146164,6,,,1,100,,1146170,6,,,1,100,,1146163,6,,,1,100,,1146162,6,,,1,100,,1146167,6,,,1,100,,1146169,6,,,1
4900,'4',929,,1146177,6,,,1,100,,1146175,6,,,1,100,,1146172,6,,,1,100,,1146178,6,,,1,100,,1146176,6,,,1,100,,1087964,6,,,1,100,,1146173,6,,,1,100,,1146174,6,,,1,100,,1146171,6,,,1
4900,'5',805,,1146193,6,,,1,28,,1146179,6,,,1,72,,1146185,6,,,1,100,,1146182,6,,,1,200,,1146191,6,,,1,200,,1146189,6,,,1,99,,1093349,6,,,1,32,,1146192,6,,,1,70,,1146183,6,,,1,30,,1146184,6,,,1,70,,1146188,6,,,1,29,,1146190,6,,,1,77,,1146180,6,,,1,42,,1146181,6,,,1,100,,1146187,6,,,1,268,,1146186,6,,,1
4900,'6',805,,1146206,6,,,1,28,,1146203,6,,,1,72,,1146202,6,,,1,100,,1065578,6,,,1,200,,1146201,6,,,1,200,,1146194,6,,,1,99,,1092527,6,,,1,32,,1146196,6,,,1,70,,1146205,6,,,1,30,,1146198,6,,,1,70,,1146195,6,,,1,29,,1036649,6,,,1,77,,1146197,6,,,1,42,,1146200,6,,,1,100,,1146199,6,,,1,268,,1146204,6,,,1
4900,'7',950,,1146210,6,,,1,100,,1146212,6,,,1,100,,1146209,6,,,1,100,,1146207,6,,,1,100,,1146214,6,,,1,100,,1146208,6,,,1,100,,1146216,6,,,1,100,,1146215,6,,,1,100,,1146213,6,,,1,100,,1146211,6,,,1
4900,'8',805,,1146232,6,,,1,28,,1146226,6,,,1,72,,1146225,6,,,1,100,,1146231,6,,,1,200,,1146224,6,,,1,200,,1146217,6,,,1,99,,1146230,6,,,1,32,,1146219,6,,,1,70,,1146229,6,,,1,30,,1146221,6,,,1,70,,1146218,6,,,1,29,,1146228,6,,,1,77,,1146220,6,,,1,42,,1146223,6,,,1,100,,1146222,6,,,1,268,,1146227,6,,,1
4900,'9',805,,1146247,6,,,1,28,,1146233,6,,,1,72,,1146239,6,,,1,100,,1146236,6,,,1,200,,1146245,6,,,1,200,,1146243,6,,,1,99,,1093193,6,,,1,32,,1146246,6,,,1,70,,1146237,6,,,1,30,,1146238,6,,,1,70,,1146242,6,,,1,29,,1146244,6,,,1,77,,1146234,6,,,1,42,,1146235,6,,,1,100,,1146241,6,,,1,268,,1146240,6,,,1
4901,'1',618,,1146248,16,,,1,30,,1146261,16,,,1,70,,1103492,16,,,1,31,,1146258,16,,,1,60,,1146265,16,,,1,21,,1146255,16,,,1,29,,1146259,16,,,1,173,,1146254,16,,,1,200,,1146250,16,,,1,200,,1146256,16,,,1,68,,1146257,16,,,1,34,,1146264,16,,,1,71,,1146252,16,,,1,31,,1146263,16,,,1,69,,1146249,16,,,1,30,,1146251,16,,,1,68,,1146253,16,,,1,35,,1146260,16,,,1,82,,1146262,16,,,1
4901,'10',618,,1146266,16,,,1,30,,1146279,16,,,1,70,,1103486,16,,,1,31,,1146276,16,,,1,60,,1146283,16,,,1,21,,1146273,16,,,1,29,,1146277,16,,,1,173,,1146272,16,,,1,200,,1146268,16,,,1,200,,1146274,16,,,1,68,,1146275,16,,,1,34,,1146282,16,,,1,71,,1146270,16,,,1,31,,1146281,16,,,1,69,,1146267,16,,,1,30,,1146269,16,,,1,68,,1146271,16,,,1,35,,1146278,16,,,1,82,,1146280,16,,,1
4901,'11',618,,1146284,16,,,1,30,,1146297,16,,,1,70,,1103494,16,,,1,31,,1146294,16,,,1,60,,1146301,16,,,1,21,,1146291,16,,,1,29,,1146295,16,,,1,173,,1146290,16,,,1,200,,1146286,16,,,1,200,,1146292,16,,,1,68,,1146293,16,,,1,34,,1146300,16,,,1,71,,1146288,16,,,1,31,,1146299,16,,,1,69,,1146285,16,,,1,30,,1146287,16,,,1,68,,1146289,16,,,1,35,,1146296,16,,,1,82,,1146298,16,,,1
4901,'12',618,,1146314,16,,,1,30,,1146307,16,,,1,70,,1146317,16,,,1,31,,1146304,16,,,1,60,,1146308,16,,,1,21,,1066081,16,,,1,29,,1146306,16,,,1,173,,1049960,16,,,1,200,,1045164,16,,,1,200,,1146310,16,,,1,68,,1146316,16,,,1,34,,1146309,16,,,1,71,,1146312,16,,,1,31,,1146313,16,,,1,69,,1146305,16,,,1,30,,1146311,16,,,1,68,,1146315,16,,,1,35,,1146302,16,,,1,82,,1146303,16,,,1
4901,'13',852,,1146325,16,,,1,100,,1091127,16,,,1,100,,1146318,16,,,1,100,,1146322,16,,,1,100,,1146323,16,,,1,100,,1146319,16,,,1,100,,1146321,16,,,1,100,,1146324,16,,,1,100,,1146326,16,,,1,100,,1146320,16,,,1
4901,'14',618,,1146327,16,,,1,30,,1146341,16,,,1,70,,1146331,16,,,1,31,,1146338,16,,,1,60,,1146345,16,,,1,21,,1146335,16,,,1,29,,1146339,16,,,1,173,,1146334,16,,,1,200,,1146329,16,,,1,200,,1146336,16,,,1,68,,1146337,16,,,1,34,,1146344,16,,,1,71,,1146332,16,,,1,31,,1146343,16,,,1,69,,1146328,16,,,1,30,,1146330,16,,,1,68,,1146333,16,,,1,35,,1146340,16,,,1,82,,1146342,16,,,1
4901,'15',618,,1146348,16,,,1,30,,1146361,16,,,1,70,,1146354,16,,,1,31,,1146351,16,,,1,60,,1146350,16,,,1,21,,1146346,16,,,1,29,,1146352,16,,,1,173,,1146363,16,,,1,200,,1146358,16,,,1,200,,1146359,16,,,1,68,,1146347,16,,,1,34,,1146364,16,,,1,71,,1146362,16,,,1,31,,1146353,16,,,1,69,,1146349,16,,,1,30,,1146360,16,,,1,68,,1146356,16,,,1,35,,1146355,16,,,1,82,,1146357,16,,,1
4901,'16',618,,1146379,16,,,1,30,,1146371,16,,,1,70,,1146380,16,,,1,31,,1146368,16,,,1,60,,1146372,16,,,1,21,,1146367,16,,,1,29,,1146370,16,,,1,173,,1146366,16,,,1,200,,1146377,16,,,1,200,,1146374,16,,,1,68,,1066571,16,,,1,34,,1146373,16,,,1,71,,1146376,16,,,1,31,,1146378,16,,,1,69,,1146369,16,,,1,30,,1146375,16,,,1,68,,1088205,16,,,1,35,,1146365,16,,,1,82,,1066982,16,,,1
4901,'17',852,,1146389,16,,,1,100,,1146381,16,,,1,100,,1146382,16,,,1,100,,1146386,16,,,1,100,,1146387,16,,,1,100,,1146383,16,,,1,100,,1146385,16,,,1,100,,1146388,16,,,1,100,,1146390,16,,,1,100,,1146384,16,,,1
4901,'2',913,,1146398,16,,,1,100,,1146391,16,,,1,100,,1146397,16,,,1,100,,1146396,16,,,1,100,,1146392,16,,,1,100,,1146393,16,,,1,100,,1146394,16,,,1,100,,1146400,16,,,1,100,,1146399,16,,,1,100,,1146395,16,,,1
4901,'3',852,,1146409,16,,,1,100,,1146401,16,,,1,100,,1146402,16,,,1,100,,1146406,16,,,1,100,,1146407,16,,,1,100,,1146403,16,,,1,100,,1146405,16,,,1,100,,1146408,16,,,1,100,,1146410,16,,,1,100,,1146404,16,,,1
4901,'4',852,,1146414,16,,,1,100,,1146417,16,,,1,100,,1146412,16,,,1,100,,1146415,16,,,1,100,,1146411,16,,,1,100,,1146416,16,,,1,100,,1037604,16,,,1,100,,1146413,16,,,1,100,,1146418,16,,,1,100,,1146419,16,,,1
4901,'5',618,,1146420,16,,,1,30,,1146433,16,,,1,70,,1103490,16,,,1,31,,1146430,16,,,1,60,,1146437,16,,,1,21,,1146427,16,,,1,29,,1146431,16,,,1,173,,1146426,16,,,1,200,,1146422,16,,,1,200,,1146428,16,,,1,68,,1146429,16,,,1,34,,1146436,16,,,1,71,,1146424,16,,,1,31,,1146435,16,,,1,69,,1146421,16,,,1,30,,1146423,16,,,1,68,,1146425,16,,,1,35,,1146432,16,,,1,82,,1146434,16,,,1
4901,'6',618,,1146451,16,,,1,30,,1146444,16,,,1,70,,1089621,16,,,1,31,,1146441,16,,,1,60,,1146445,16,,,1,21,,1146440,16,,,1,29,,1146443,16,,,1,173,,1146438,16,,,1,200,,1146449,16,,,1,200,,1146447,16,,,1,68,,1146453,16,,,1,34,,1146446,16,,,1,71,,1146448,16,,,1,31,,1146450,16,,,1,69,,1146442,16,,,1,30,,999985,16,,,1,68,,1146452,16,,,1,35,,1081432,16,,,1,82,,1146439,16,,,1
4901,'7',913,,1146458,16,,,1,100,,1146459,16,,,1,100,,1146454,16,,,1,100,,1146455,16,,,1,100,,1146461,16,,,1,100,,1146457,16,,,1,100,,1146456,16,,,1,100,,1146462,16,,,1,100,,1146460,16,,,1,100,,1146463,16,,,1
4901,'8',618,,1146479,16,,,1,30,,1146471,16,,,1,70,,1146482,16,,,1,31,,1146468,16,,,1,60,,1146472,16,,,1,21,,1146467,16,,,1,29,,1146470,16,,,1,173,,1146465,16,,,1,200,,1146477,16,,,1,200,,1146474,16,,,1,68,,1146481,16,,,1,34,,1146473,16,,,1,71,,1146476,16,,,1,31,,1146478,16,,,1,69,,1146469,16,,,1,30,,1146475,16,,,1,68,,1146480,16,,,1,35,,1146464,16,,,1,82,,1146466,16,,,1
4901,'9',618,,1146483,16,,,1,30,,1146496,16,,,1,70,,1103488,16,,,1,31,,1146493,16,,,1,60,,1146500,16,,,1,21,,1146490,16,,,1,29,,1146494,16,,,1,173,,1146489,16,,,1,200,,1146485,16,,,1,200,,1146491,16,,,1,68,,1146492,16,,,1,34,,1146499,16,,,1,71,,1146487,16,,,1,31,,1146498,16,,,1,69,,1146484,16,,,1,30,,1146486,16,,,1,68,,1146488,16,,,1,35,,1146495,16,,,1,82,,1146497,16,,,1
8800,'1',452,,1174862,44,,,1,74,,1174875,44,,,1,31,,1174863,44,,,1,71,,1174868,44,,,1,17,,1174872,44,,,1,57,,1174844,44,,,1,15,,1174849,44,,,1,11,,888757,45,,,1,12,,1174842,45,,,1,11,,1174869,45,,,1,50,,1174874,45,,,1,10,,1174890,45,,,1,10,,1174858,45,,,1,11,,1174873,45,,,1,15,,1174831,45,,,1,57,,1174836,45,,,1,14,,1174832,45,,,1,15,,1061751,45,,,1,14,,1174827,45,,,1,54,,1174880,45,,,1,15,,1174833,27,,,1,14,,1174865,45,,,1,16,,1174879,27,,,1,54,,1174867,45,,,1,15,,1174877,27,,,1,15,,1174886,45,,,1,15,,1174835,27,,,1,55,,1174839,45,,,1,15,,1090240,27,,,1,15,,1174889,45,,,1,15,,1174824,27,,,1,55,,1174823,45,,,1,15,,1174882,27,,,1,15,,1096445,45,,,1,15,,1174888,27,,,1,55,,1174881,45,,,1,16,,1174826,27,,,1,10,,1174855,45,,,1,13,,1174846,27,,,1,4,,1174840,27,,,1,61,,1085599,45,,,1,10,,1174845,27,,,1,8,,1174850,27,,,1,12,,1174876,45,,,1,12,,1174852,27,,,1,11,,1174825,27,,,1,49,,1174841,45,,,1,12,,1103097,45,,,1,10,,1174856,45,,,1,8,,1174834,45,,,1,10,,1066538,45,,,1,7,,1174891,45,,,1,50,,1174843,45,,,1,13,,1174853,45,,,1,17,,1094154,45,,,1,13,,1174848,45,,,1,6,,1090866,45,,,1,49,,1097853,45,,,1,8,,1174851,45,,,1,11,,1174892,45,,,1,18,,1174859,45,,,1,13,,1174871,45,,,1,50,,1078296,45,,,1,19,,1174887,45,,,1,14,,1174884,27,,,1,13,,925009,45,,,1,54,,1174854,27,,,1,15,,1174893,45,,,1,13,,1079305,27,,,1,15,,1174838,45,,,1,13,,1174866,27,,,1,55,,1174828,45,,,1,15,,1174894,45,,,1,20,,1174857,45,,,1,60,,1174837,45,,,1,14,,1174847,45,,,1,24,,1174830,45,,,1,58,,1174870,44,,,1,21,,1174878,44,,,1,26,,1174860,44,,,1,69,,1174861,44,,,1,33,,1174864,44,,,1,70,,1174883,44,,,1
8800,'10',452,,1174934,44,,,1,74,,1174947,44,,,1,31,,1174935,44,,,1,71,,1174940,44,,,1,17,,1174944,44,,,1,57,,1174916,44,,,1,15,,1174921,44,,,1,11,,888807,45,,,1,12,,1174914,45,,,1,11,,1174941,45,,,1,50,,1174946,45,,,1,10,,1174962,45,,,1,10,,1174930,45,,,1,11,,1174945,45,,,1,15,,1174903,45,,,1,57,,1174908,45,,,1,14,,1174904,45,,,1,15,,1061526,45,,,1,14,,1174899,45,,,1,54,,1174952,45,,,1,15,,1174905,27,,,1,14,,1174937,45,,,1,16,,1174951,27,,,1,54,,1174939,45,,,1,15,,1174949,27,,,1,15,,1174958,45,,,1,15,,1174907,27,,,1,55,,1174911,45,,,1,15,,1090096,27,,,1,15,,1174961,45,,,1,15,,1174896,27,,,1,55,,1174895,45,,,1,15,,1174954,27,,,1,15,,1096229,45,,,1,15,,1174960,27,,,1,55,,1174953,45,,,1,16,,1174898,27,,,1,10,,1174927,45,,,1,13,,1174918,27,,,1,4,,1174912,27,,,1,61,,1085342,45,,,1,10,,1174917,27,,,1,8,,1174922,27,,,1,12,,1174948,45,,,1,12,,1174924,27,,,1,11,,1174897,27,,,1,49,,1174913,45,,,1,12,,1103079,45,,,1,10,,1174928,45,,,1,8,,1174906,45,,,1,10,,1066316,45,,,1,7,,1174963,45,,,1,50,,1174915,45,,,1,13,,1174925,45,,,1,17,,1093934,45,,,1,13,,1174920,45,,,1,6,,1090625,45,,,1,49,,1097629,45,,,1,8,,1174923,45,,,1,11,,1174964,45,,,1,18,,1174931,45,,,1,13,,1174943,45,,,1,50,,1078084,45,,,1,19,,1174959,45,,,1,14,,1174956,27,,,1,13,,925060,45,,,1,54,,1174926,27,,,1,15,,1174965,45,,,1,13,,1079291,27,,,1,15,,1174910,45,,,1,13,,1174938,27,,,1,55,,1174900,45,,,1,15,,1174966,45,,,1,20,,1174929,45,,,1,60,,1174909,45,,,1,14,,1174919,45,,,1,24,,1174902,45,,,1,58,,1174942,44,,,1,21,,1174950,44,,,1,26,,1174932,44,,,1,69,,1174933,44,,,1,33,,1174936,44,,,1,70,,1174955,44,,,1
8800,'11',452,,1175006,44,,,1,74,,1175019,44,,,1,31,,1175007,44,,,1,71,,1175012,44,,,1,17,,1175016,44,,,1,57,,1174988,44,,,1,15,,1174993,44,,,1,11,,888649,45,,,1,12,,1174986,45,,,1,11,,1175013,45,,,1,50,,1175018,45,,,1,10,,1175034,45,,,1,10,,1175002,45,,,1,11,,1175017,45,,,1,15,,1174975,45,,,1,57,,1174980,45,,,1,14,,1174976,45,,,1,15,,1061818,45,,,1,14,,1174971,45,,,1,54,,1175024,45,,,1,15,,1174977,27,,,1,14,,1175009,45,,,1,16,,1175023,27,,,1,54,,1175011,45,,,1,15,,1175021,27,,,1,15,,1175030,45,,,1,15,,1174979,27,,,1,55,,1174983,45,,,1,15,,1090284,27,,,1,15,,1175033,45,,,1,15,,1174968,27,,,1,55,,1174967,45,,,1,15,,1175026,27,,,1,15,,1096504,45,,,1,15,,1175032,27,,,1,55,,1175025,45,,,1,16,,1174970,27,,,1,10,,1174999,45,,,1,13,,1174990,27,,,1,4,,1174984,27,,,1,61,,1085679,45,,,1,10,,1174989,27,,,1,8,,1174994,27,,,1,12,,1175020,45,,,1,12,,1174996,27,,,1,11,,1174969,27,,,1,49,,1174985,45,,,1,12,,1103103,45,,,1,10,,1175000,45,,,1,8,,1174978,45,,,1,10,,1066605,45,,,1,7,,1175035,45,,,1,50,,1174987,45,,,1,13,,1174997,45,,,1,17,,1094217,45,,,1,13,,1174992,45,,,1,6,,1090937,45,,,1,49,,1097921,45,,,1,8,,1174995,45,,,1,11,,1175036,45,,,1,18,,1175003,45,,,1,13,,1175015,45,,,1,50,,1078358,45,,,1,19,,1175031,45,,,1,14,,1175028,27,,,1,13,,924898,45,,,1,54,,1174998,27,,,1,15,,1175037,45,,,1,13,,1079310,27,,,1,15,,1174982,45,,,1,13,,1175010,27,,,1,55,,1174972,45,,,1,15,,1175038,45,,,1,20,,1175001,45,,,1,60,,1174981,45,,,1,14,,1174991,45,,,1,24,,1174974,45,,,1,58,,1175014,44,,,1,21,,1175022,44,,,1,26,,1175004,44,,,1,69,,1175005,44,,,1,33,,1175008,44,,,1,70,,1175027,44,,,1
8800,'12',452,,1175101,44,,,1,74,,1175108,44,,,1,31,,1175053,44,,,1,71,,1175084,44,,,1,17,,1175104,44,,,1,57,,1100935,44,,,1,15,,1175066,44,,,1,11,,1175074,45,,,1,12,,1175049,45,,,1,11,,1175107,45,,,1,50,,1175096,45,,,1,10,,1175052,45,,,1,10,,1175060,45,,,1,11,,1175048,45,,,1,15,,1175040,45,,,1,57,,1175070,45,,,1,14,,1175071,45,,,1,15,,1175059,45,,,1,14,,1095863,45,,,1,54,,1175073,45,,,1,15,,1175095,27,,,1,14,,1175091,45,,,1,16,,916390,27,,,1,54,,1175050,45,,,1,15,,1175057,27,,,1,15,,1081292,45,,,1,15,,1175081,27,,,1,55,,1175069,45,,,1,15,,1175056,27,,,1,15,,1175082,45,,,1,15,,1175075,27,,,1,55,,1175076,45,,,1,15,,1175078,27,,,1,15,,1175085,45,,,1,15,,1175065,27,,,1,55,,1175055,45,,,1,16,,1175051,27,,,1,10,,1175109,45,,,1,13,,1175043,27,,,1,4,,1175063,27,,,1,61,,1175099,45,,,1,10,,1033979,27,,,1,8,,1175072,27,,,1,12,,1175062,45,,,1,12,,1175080,27,,,1,11,,1092384,27,,,1,49,,1175045,45,,,1,12,,1175042,45,,,1,10,,1175047,45,,,1,8,,1175079,45,,,1,10,,1175077,45,,,1,7,,1175089,45,,,1,50,,1175093,45,,,1,13,,1091212,45,,,1,17,,1175054,45,,,1,13,,1175102,45,,,1,6,,1175094,45,,,1,49,,1072797,45,,,1,8,,1175039,45,,,1,11,,1175067,45,,,1,18,,1175064,45,,,1,13,,1175090,45,,,1,50,,1175088,45,,,1,19,,1175092,45,,,1,14,,1036325,27,,,1,13,,1175100,45,,,1,54,,1175103,27,,,1,15,,1175098,45,,,1,13,,1175087,27,,,1,15,,1074472,45,,,1,13,,1065750,27,,,1,55,,1080434,45,,,1,15,,1175105,45,,,1,20,,1073392,45,,,1,60,,1175058,45,,,1,14,,1175086,45,,,1,24,,1175061,45,,,1,58,,1175044,44,,,1,21,,1175068,44,,,1,26,,1096087,44,,,1,69,,1175041,44,,,1,33,,1175083,44,,,1,70,,1175046,44,,,1
8800,'13',630,,1175113,44,,,1,70,,1175125,44,,,1,30,,1175133,44,,,1,70,,1175141,44,,,1,30,,1175135,44,,,1,71,,1175136,44,,,1,30,,1062928,44,,,1,70,,1175110,44,,,1,30,,1175139,44,,,1,72,,1175131,44,,,1,30,,1175129,44,,,1,22,,1175117,44,,,1,60,,1175144,44,,,1,20,,1175122,44,,,1,20,,1175134,44,,,1,60,,1175145,44,,,1,20,,1175132,44,,,1,20,,1175120,44,,,1,60,,1175138,44,,,1,20,,1094758,44,,,1,22,,1175128,44,,,1,60,,1175142,44,,,1,20,,1175127,44,,,1,20,,1175112,44,,,1,60,,1175116,44,,,1,20,,1175124,44,,,1,19,,1175123,44,,,1,60,,1175137,44,,,1,20,,1092089,44,,,1,20,,1175118,44,,,1,61,,1175140,44,,,1,28,,1175114,44,,,1,70,,1175147,44,,,1,30,,1175130,44,,,1,70,,1175149,44,,,1,30,,1175126,44,,,1,70,,1175121,44,,,1,30,,1175119,44,,,1,70,,1175111,44,,,1,28,,1175148,44,,,1,70,,1175143,44,,,1,30,,1175115,44,,,1,70,,1175146,44,,,1
8800,'14',452,,1175195,44,,,1,74,,1175209,44,,,1,31,,1175196,44,,,1,71,,1175201,44,,,1,17,,1175205,44,,,1,57,,1175177,44,,,1,15,,1175182,44,,,1,11,,1175164,45,,,1,12,,1175175,45,,,1,11,,1175202,45,,,1,50,,1175208,45,,,1,10,,1175226,45,,,1,10,,1175191,45,,,1,11,,1175207,45,,,1,15,,1175162,45,,,1,57,,1175169,45,,,1,14,,1175163,45,,,1,15,,1175223,45,,,1,14,,1175156,45,,,1,54,,1175214,45,,,1,15,,1175166,27,,,1,14,,1175198,45,,,1,16,,1175213,27,,,1,54,,1175200,45,,,1,15,,1175211,27,,,1,15,,1175220,45,,,1,15,,1175168,27,,,1,55,,1175172,45,,,1,15,,1175165,27,,,1,15,,1175225,45,,,1,15,,1175151,27,,,1,55,,1175150,45,,,1,15,,1175216,27,,,1,15,,1175234,45,,,1,15,,1175222,27,,,1,55,,1175215,45,,,1,16,,1175154,27,,,1,10,,1175188,45,,,1,13,,1175179,27,,,1,4,,1175173,27,,,1,61,,1175224,45,,,1,10,,1175178,27,,,1,8,,1175183,27,,,1,12,,1175210,45,,,1,12,,1175185,27,,,1,11,,1175152,27,,,1,49,,1175174,45,,,1,12,,1175159,45,,,1,10,,1175189,45,,,1,8,,1175167,45,,,1,10,,1175229,45,,,1,7,,1175228,45,,,1,50,,1175176,45,,,1,13,,1175186,45,,,1,17,,1175227,45,,,1,13,,1175181,45,,,1,6,,1175158,45,,,1,49,,1175206,45,,,1,8,,1175184,45,,,1,11,,1175230,45,,,1,18,,1175192,45,,,1,13,,1175204,45,,,1,50,,1175155,45,,,1,19,,1175221,45,,,1,14,,1175218,27,,,1,13,,1175153,45,,,1,54,,1175187,27,,,1,15,,1175232,45,,,1,13,,1175231,27,,,1,15,,1175171,45,,,1,13,,1175199,27,,,1,55,,1175157,45,,,1,15,,1175233,45,,,1,20,,1175190,45,,,1,60,,1175170,45,,,1,14,,1175180,45,,,1,24,,1175161,45,,,1,58,,1175203,44,,,1,21,,1175212,44,,,1,26,,1175193,44,,,1,69,,1175194,44,,,1,33,,1175197,44,,,1,70,,1175217,44,,,1
8800,'15',452,,1175298,44,,,1,74,,1175282,44,,,1,31,,1175308,44,,,1,71,,1175248,44,,,1,17,,1175264,44,,,1,57,,1175265,44,,,1,15,,1175268,44,,,1,11,,1175263,45,,,1,12,,1175312,45,,,1,11,,1175292,45,,,1,50,,1175244,45,,,1,10,,1175314,45,,,1,10,,1175294,45,,,1,11,,1175238,45,,,1,15,,1175283,45,,,1,57,,1175304,45,,,1,14,,1175236,45,,,1,15,,1175269,45,,,1,14,,1175290,45,,,1,54,,1175277,45,,,1,15,,1175285,27,,,1,14,,1175276,45,,,1,16,,1175307,27,,,1,54,,1175309,45,,,1,15,,1175289,27,,,1,15,,1175251,45,,,1,15,,1175256,27,,,1,55,,1175293,45,,,1,15,,1175271,27,,,1,15,,1175261,45,,,1,15,,1175258,27,,,1,55,,1175257,45,,,1,15,,1175280,27,,,1,15,,1175313,45,,,1,15,,1175237,27,,,1,55,,1175249,45,,,1,16,,1175317,27,,,1,10,,1175306,45,,,1,13,,1175281,27,,,1,4,,1175315,27,,,1,61,,1175252,45,,,1,10,,1175301,27,,,1,8,,1175245,27,,,1,12,,1175296,45,,,1,12,,1175266,27,,,1,11,,1175275,27,,,1,49,,1175262,45,,,1,12,,1175310,45,,,1,10,,1175319,45,,,1,8,,1175302,45,,,1,10,,1175297,45,,,1,7,,1175254,45,,,1,50,,1175318,45,,,1,13,,1175274,45,,,1,17,,1175303,45,,,1,13,,1175291,45,,,1,6,,1175255,45,,,1,49,,1175287,45,,,1,8,,1175242,45,,,1,11,,1175286,45,,,1,18,,1175278,45,,,1,13,,1175259,45,,,1,50,,1175253,45,,,1,19,,1175240,45,,,1,14,,1175272,27,,,1,13,,1175279,45,,,1,54,,1175243,27,,,1,15,,1175239,45,,,1,13,,1175300,27,,,1,15,,1175316,45,,,1,13,,1175246,27,,,1,55,,1175295,45,,,1,15,,1175260,45,,,1,20,,1175273,45,,,1,60,,1175311,45,,,1,14,,1175270,45,,,1,24,,1175241,45,,,1,58,,1175235,44,,,1,21,,1175250,44,,,1,26,,1175267,44,,,1,69,,1175288,44,,,1,33,,1175299,44,,,1,70,,1175247,44,,,1
8800,'16',452,,1175390,44,,,1,74,,1175396,44,,,1,31,,1175345,44,,,1,71,,1175375,44,,,1,17,,1175392,44,,,1,57,,1175388,44,,,1,15,,1175358,44,,,1,11,,1175365,45,,,1,12,,1175341,45,,,1,11,,1068049,45,,,1,50,,1175387,45,,,1,10,,1175344,45,,,1,10,,1175352,45,,,1,11,,1175340,45,,,1,15,,1175330,45,,,1,57,,1085628,45,,,1,14,,1175362,45,,,1,15,,1175351,45,,,1,14,,1175321,45,,,1,54,,1175364,45,,,1,15,,1175386,27,,,1,14,,1175382,45,,,1,16,,1175326,27,,,1,54,,1175342,45,,,1,15,,1175349,27,,,1,15,,1175325,45,,,1,15,,1175372,27,,,1,55,,1175361,45,,,1,15,,1175348,27,,,1,15,,1175373,45,,,1,15,,1175366,27,,,1,55,,1175367,45,,,1,15,,1175369,27,,,1,15,,1175376,45,,,1,15,,1175357,27,,,1,55,,1175347,45,,,1,16,,1175343,27,,,1,10,,1083655,45,,,1,13,,1175332,27,,,1,4,,1175355,27,,,1,61,,1175389,45,,,1,10,,1175337,27,,,1,8,,1175363,27,,,1,12,,1175354,45,,,1,12,,1175371,27,,,1,11,,1175334,27,,,1,49,,1175336,45,,,1,12,,1175331,45,,,1,10,,1175339,45,,,1,8,,1175370,45,,,1,10,,1175368,45,,,1,7,,1175380,45,,,1,50,,1175384,45,,,1,13,,1175335,45,,,1,17,,1175346,45,,,1,13,,1175391,45,,,1,6,,1175385,45,,,1,49,,1175322,45,,,1,8,,1175323,45,,,1,11,,1175359,45,,,1,18,,1175356,45,,,1,13,,1175381,45,,,1,50,,1175379,45,,,1,19,,1175383,45,,,1,14,,1175320,27,,,1,13,,984123,45,,,1,54,,1071315,27,,,1,15,,1063675,45,,,1,13,,1175378,27,,,1,15,,1175327,45,,,1,13,,1175393,27,,,1,55,,1175329,45,,,1,15,,1175394,45,,,1,20,,1175324,45,,,1,60,,1175350,45,,,1,14,,1175377,45,,,1,24,,1175353,45,,,1,58,,1175333,44,,,1,21,,1175360,44,,,1,26,,1175328,44,,,1,69,,1072854,44,,,1,33,,1175374,44,,,1,70,,1175338,44,,,1
8800,'17',630,,1175400,44,,,1,70,,1175414,44,,,1,30,,1175422,44,,,1,70,,1175430,44,,,1,30,,1175424,44,,,1,71,,1175425,44,,,1,30,,1175407,44,,,1,70,,1175397,44,,,1,30,,1175428,44,,,1,72,,1175420,44,,,1,30,,1175418,44,,,1,22,,1175405,44,,,1,60,,1175433,44,,,1,20,,1175411,44,,,1,20,,1175423,44,,,1,60,,1175434,44,,,1,20,,1175421,44,,,1,20,,1175409,44,,,1,60,,1175427,44,,,1,20,,1175435,44,,,1,22,,1175417,44,,,1,60,,1175431,44,,,1,20,,1175416,44,,,1,20,,1175399,44,,,1,60,,1175404,44,,,1,20,,1175413,44,,,1,19,,1175412,44,,,1,60,,1175426,44,,,1,20,,1175401,44,,,1,20,,1175406,44,,,1,61,,1175429,44,,,1,28,,1175402,44,,,1,70,,1175437,44,,,1,30,,1175419,44,,,1,70,,1175439,44,,,1,30,,1175415,44,,,1,70,,1175410,44,,,1,30,,1175408,44,,,1,70,,1175398,44,,,1,28,,1175438,44,,,1,70,,1175432,44,,,1,30,,1175403,44,,,1,70,,1175436,44,,,1
8800,'2',539,,1175482,44,,,1,68,,1175462,44,,,1,30,,1175486,44,,,1,70,,1088422,44,,,1,30,,1175445,44,,,1,70,,1175451,44,,,1,30,,1175456,44,,,1,71,,1175481,44,,,1,30,,1175443,44,,,1,16,,1092317,26,,,1,56,,1175458,44,,,1,17,,1175444,26,,,1,17,,1175488,44,,,1,15,,1175479,26,,,1,55,,1175492,44,,,1,15,,1175442,26,,,1,16,,1175487,44,,,1,55,,1175483,26,,,1,15,,1175472,44,,,1,15,,1001143,26,,,1,16,,1175463,44,,,1,55,,1175449,26,,,1,17,,1175475,44,,,1,15,,1175469,26,,,1,15,,1175450,44,,,1,55,,1175496,26,,,1,15,,1175455,44,,,1,16,,1089900,26,,,1,16,,1175467,44,,,1,55,,1175494,26,,,1,15,,1175477,44,,,1,15,,1175441,26,,,1,15,,1175447,44,,,1,55,,1175461,26,,,1,15,,1175452,44,,,1,14,,1175459,26,,,1,15,,1175471,44,,,1,55,,1175480,26,,,1,15,,1175485,44,,,1,15,,1175440,26,,,1,15,,1175466,44,,,1,55,,1175473,26,,,1,15,,1175454,44,,,1,14,,1175468,26,,,1,14,,1175453,44,,,1,55,,1175489,26,,,1,15,,1175490,44,,,1,15,,1175478,26,,,1,15,,1175460,44,,,1,55,,1175446,26,,,1,15,,1175470,44,,,1,15,,1175464,26,,,1,15,,1175474,44,,,1,70,,1175476,44,,,1,30,,1175495,44,,,1,70,,1175457,44,,,1,28,,1175493,44,,,1,70,,1175465,44,,,1,30,,1175448,44,,,1,70,,1175491,44,,,1,30,,1094457,44,,,1,81,,1175484,44,,,1
8800,'3',630,,1175500,44,,,1,70,,1175514,44,,,1,30,,1175522,44,,,1,70,,1175530,44,,,1,30,,1175524,44,,,1,71,,1175525,44,,,1,30,,1175507,44,,,1,70,,1175497,44,,,1,30,,1175528,44,,,1,72,,1175520,44,,,1,30,,1175518,44,,,1,22,,1175505,44,,,1,60,,1175533,44,,,1,20,,1175511,44,,,1,20,,1175523,44,,,1,60,,1175534,44,,,1,20,,1175521,44,,,1,20,,1175509,44,,,1,60,,1175527,44,,,1,20,,1175535,44,,,1,22,,1175517,44,,,1,60,,1175531,44,,,1,20,,1175516,44,,,1,20,,1175499,44,,,1,60,,1175504,44,,,1,20,,1175513,44,,,1,19,,1175512,44,,,1,60,,1175526,44,,,1,20,,1175501,44,,,1,20,,1175506,44,,,1,61,,1175529,44,,,1,28,,1175502,44,,,1,70,,1175537,44,,,1,30,,1175519,44,,,1,70,,1175539,44,,,1,30,,1175515,44,,,1,70,,1175510,44,,,1,30,,1175508,44,,,1,70,,1175498,44,,,1,28,,1175538,44,,,1,70,,1175532,44,,,1,30,,1175503,44,,,1,70,,1175536,44,,,1
8800,'4',630,,1175565,44,,,1,70,,1175556,44,,,1,30,,1175575,44,,,1,70,,1073785,44,,,1,30,,1175545,44,,,1,71,,1175570,44,,,1,30,,1175577,44,,,1,70,,1175572,44,,,1,30,,1175551,44,,,1,72,,1175540,44,,,1,30,,1175541,44,,,1,22,,1175564,44,,,1,60,,1175547,44,,,1,20,,1175554,44,,,1,20,,1175580,44,,,1,60,,1175567,44,,,1,20,,1175574,44,,,1,20,,1175563,44,,,1,60,,1175550,44,,,1,20,,1175555,44,,,1,22,,1175566,44,,,1,60,,1175560,44,,,1,20,,1175579,44,,,1,20,,1175571,44,,,1,60,,1175553,44,,,1,20,,1175569,44,,,1,19,,1175561,44,,,1,60,,1175559,44,,,1,20,,1175573,44,,,1,20,,1175542,44,,,1,61,,1175562,44,,,1,28,,1175576,44,,,1,70,,1175568,44,,,1,30,,1175548,44,,,1,70,,1175578,44,,,1,30,,1175549,44,,,1,70,,1175543,44,,,1,30,,1175552,44,,,1,70,,1080430,44,,,1,28,,1175557,44,,,1,70,,1175558,44,,,1,30,,1175546,44,,,1,70,,1175544,44,,,1
8800,'5',452,,1175620,44,,,1,74,,1175633,44,,,1,31,,1175621,44,,,1,71,,1175626,44,,,1,17,,1175630,44,,,1,57,,1175602,44,,,1,15,,1175607,44,,,1,11,,888973,45,,,1,12,,1175600,45,,,1,11,,1175627,45,,,1,50,,1175632,45,,,1,10,,1175648,45,,,1,10,,1175616,45,,,1,11,,1175631,45,,,1,15,,1175589,45,,,1,57,,1175594,45,,,1,14,,1175590,45,,,1,15,,1061709,45,,,1,14,,1175585,45,,,1,54,,1175638,45,,,1,15,,1175591,27,,,1,14,,1175623,45,,,1,16,,1175637,27,,,1,54,,1175625,45,,,1,15,,1175635,27,,,1,15,,1175644,45,,,1,15,,1175593,27,,,1,55,,1175597,45,,,1,15,,1090217,27,,,1,15,,1175647,45,,,1,15,,1175582,27,,,1,55,,1175581,45,,,1,15,,1175640,27,,,1,15,,1096418,45,,,1,15,,1175646,27,,,1,55,,1175639,45,,,1,16,,1175584,27,,,1,10,,1175613,45,,,1,13,,1175604,27,,,1,4,,1175598,27,,,1,61,,1085555,45,,,1,10,,1175603,27,,,1,8,,1175608,27,,,1,12,,1175634,45,,,1,12,,1175610,27,,,1,11,,1175583,27,,,1,49,,1175599,45,,,1,12,,1103091,45,,,1,10,,1175614,45,,,1,8,,1175592,45,,,1,10,,1066499,45,,,1,7,,1175649,45,,,1,50,,1175601,45,,,1,13,,1175611,45,,,1,17,,1094115,45,,,1,13,,1175606,45,,,1,6,,1090832,45,,,1,49,,1097808,45,,,1,8,,1175609,45,,,1,11,,1175650,45,,,1,18,,1175617,45,,,1,13,,1175629,45,,,1,50,,1078258,45,,,1,19,,1175645,45,,,1,14,,1175642,27,,,1,13,,925214,45,,,1,54,,1175612,27,,,1,15,,1175651,45,,,1,13,,1079301,27,,,1,15,,1175596,45,,,1,13,,1175624,27,,,1,55,,1175586,45,,,1,15,,1175652,45,,,1,20,,1175615,45,,,1,60,,1175595,45,,,1,14,,1175605,45,,,1,24,,1175588,45,,,1,58,,1175628,44,,,1,21,,1175636,44,,,1,26,,1175618,44,,,1,69,,1175619,44,,,1,33,,1175622,44,,,1,70,,1175641,44,,,1
8800,'6',452,,1078856,44,,,1,74,,1050649,44,,,1,31,,1175675,44,,,1,71,,1175703,44,,,1,17,,1102908,44,,,1,57,,1175714,44,,,1,15,,1175686,44,,,1,11,,1175693,45,,,1,12,,1175671,45,,,1,11,,1175720,45,,,1,50,,1088977,45,,,1,10,,1175674,45,,,1,10,,1175682,45,,,1,11,,1175670,45,,,1,15,,1071525,45,,,1,57,,1175689,45,,,1,14,,1175690,45,,,1,15,,1175681,45,,,1,14,,1175654,45,,,1,54,,1175692,45,,,1,15,,1175713,27,,,1,14,,1175710,45,,,1,16,,1175659,27,,,1,54,,1175672,45,,,1,15,,1175679,27,,,1,15,,1175658,45,,,1,15,,1175700,27,,,1,55,,1175688,45,,,1,15,,1175678,27,,,1,15,,1175701,45,,,1,15,,1175694,27,,,1,55,,1175695,45,,,1,15,,1175697,27,,,1,15,,1175704,45,,,1,15,,1085718,27,,,1,55,,1175677,45,,,1,16,,1175673,27,,,1,10,,1175721,45,,,1,13,,1089842,27,,,1,4,,1175685,27,,,1,61,,1025226,45,,,1,10,,1175667,27,,,1,8,,1175691,27,,,1,12,,1175684,45,,,1,12,,1175699,27,,,1,11,,1175665,27,,,1,49,,1012897,45,,,1,12,,1043977,45,,,1,10,,1175669,45,,,1,8,,1175698,45,,,1,10,,1175696,45,,,1,7,,1175708,45,,,1,50,,1175711,45,,,1,13,,1175666,45,,,1,17,,1175676,45,,,1,13,,1076757,45,,,1,6,,1175712,45,,,1,49,,1175655,45,,,1,8,,1175656,45,,,1,11,,1098729,45,,,1,18,,1077715,45,,,1,13,,1175709,45,,,1,50,,1175707,45,,,1,19,,995736,45,,,1,14,,1175653,27,,,1,13,,1175717,45,,,1,54,,1175718,27,,,1,15,,1175716,45,,,1,13,,1175706,27,,,1,15,,1175660,45,,,1,13,,1175719,27,,,1,55,,1175662,45,,,1,15,,1068586,45,,,1,20,,1175657,45,,,1,60,,1175680,45,,,1,14,,1175705,45,,,1,24,,1175683,45,,,1,58,,1175664,44,,,1,21,,1175687,44,,,1,26,,1175661,44,,,1,69,,1175663,44,,,1,33,,1175702,44,,,1,70,,1175668,44,,,1
8800,'7',539,,1175764,44,,,1,68,,1175780,44,,,1,30,,1175768,44,,,1,70,,1175743,44,,,1,30,,1175725,44,,,1,70,,1175782,44,,,1,30,,1175734,44,,,1,71,,1175766,44,,,1,30,,1175729,44,,,1,16,,1175749,26,,,1,56,,1175760,44,,,1,17,,1175751,26,,,1,17,,1175732,44,,,1,15,,1175733,26,,,1,55,,1175731,44,,,1,15,,1175726,26,,,1,16,,1175730,44,,,1,55,,1175744,26,,,1,15,,1175753,44,,,1,15,,1175774,26,,,1,16,,1175747,44,,,1,55,,1175761,26,,,1,17,,1175754,44,,,1,15,,1175778,26,,,1,15,,1175750,44,,,1,55,,1175736,26,,,1,15,,1175758,44,,,1,16,,1175763,26,,,1,16,,1175781,44,,,1,55,,1175775,26,,,1,15,,1175735,44,,,1,15,,1175727,26,,,1,15,,1175722,44,,,1,55,,1175772,26,,,1,15,,1175724,44,,,1,14,,1175756,26,,,1,15,,1175770,44,,,1,55,,1175741,26,,,1,15,,1175776,44,,,1,15,,1175769,26,,,1,15,,1175748,44,,,1,55,,1175777,26,,,1,15,,1175728,44,,,1,14,,1175783,26,,,1,14,,1175762,44,,,1,55,,1175752,26,,,1,15,,1175746,44,,,1,15,,1175742,26,,,1,15,,1175767,44,,,1,55,,1175745,26,,,1,15,,1175740,44,,,1,15,,1175738,26,,,1,15,,1175723,44,,,1,70,,1175757,44,,,1,30,,1175773,44,,,1,70,,1175737,44,,,1,28,,1175765,44,,,1,70,,1175759,44,,,1,30,,1175739,44,,,1,70,,1175771,44,,,1,30,,1175779,44,,,1,81,,1175755,44,,,1
8800,'8',452,,1175859,44,,,1,74,,1175867,44,,,1,31,,1175810,44,,,1,71,,1175841,44,,,1,17,,1175862,44,,,1,57,,1175854,44,,,1,15,,1175823,44,,,1,11,,1175831,45,,,1,12,,1175806,45,,,1,11,,1175866,45,,,1,50,,1175853,45,,,1,10,,1175809,45,,,1,10,,1175817,45,,,1,11,,1175805,45,,,1,15,,1175794,45,,,1,57,,1175827,45,,,1,14,,1175828,45,,,1,15,,1175816,45,,,1,14,,1175785,45,,,1,54,,1175830,45,,,1,15,,1175852,27,,,1,14,,1175848,45,,,1,16,,1175790,27,,,1,54,,1175807,45,,,1,15,,1175814,27,,,1,15,,1175789,45,,,1,15,,1175838,27,,,1,55,,1175826,45,,,1,15,,1175813,27,,,1,15,,1175839,45,,,1,15,,1175832,27,,,1,55,,1175833,45,,,1,15,,1175835,27,,,1,15,,1175842,45,,,1,15,,1175822,27,,,1,55,,1175812,45,,,1,16,,1175808,27,,,1,10,,1175868,45,,,1,13,,1175797,27,,,1,4,,1175820,27,,,1,61,,1175857,45,,,1,10,,1175802,27,,,1,8,,1175829,27,,,1,12,,1175819,45,,,1,12,,1175837,27,,,1,11,,1175799,27,,,1,49,,1175801,45,,,1,12,,1175796,45,,,1,10,,1175804,45,,,1,8,,1175836,45,,,1,10,,1175834,45,,,1,7,,1175846,45,,,1,50,,1175850,45,,,1,13,,1175800,45,,,1,17,,1175811,45,,,1,13,,1175860,45,,,1,6,,1175851,45,,,1,49,,1175786,45,,,1,8,,1175787,45,,,1,11,,1175824,45,,,1,18,,1175821,45,,,1,13,,1175847,45,,,1,50,,1175845,45,,,1,19,,1175849,45,,,1,14,,1175784,27,,,1,13,,1175858,45,,,1,54,,1175861,27,,,1,15,,1175856,45,,,1,13,,1175844,27,,,1,15,,1175791,45,,,1,13,,1175863,27,,,1,55,,1175793,45,,,1,15,,1175864,45,,,1,20,,1175788,45,,,1,60,,1175815,45,,,1,14,,1175843,45,,,1,24,,1175818,45,,,1,58,,1175798,44,,,1,21,,1175825,44,,,1,26,,1175792,44,,,1,69,,1175795,44,,,1,33,,1175840,44,,,1,70,,1175803,44,,,1
8800,'9',452,,1175908,44,,,1,74,,1175921,44,,,1,31,,1175909,44,,,1,71,,1175914,44,,,1,17,,1175918,44,,,1,57,,1175890,44,,,1,15,,1175895,44,,,1,11,,888857,45,,,1,12,,1175888,45,,,1,11,,1175915,45,,,1,50,,1175920,45,,,1,10,,1175936,45,,,1,10,,1175904,45,,,1,11,,1175919,45,,,1,15,,1175877,45,,,1,57,,1175882,45,,,1,14,,1175878,45,,,1,15,,1061594,45,,,1,14,,1175873,45,,,1,54,,1175926,45,,,1,15,,1175879,27,,,1,14,,1175911,45,,,1,16,,1175925,27,,,1,54,,1175913,45,,,1,15,,1175923,27,,,1,15,,1175932,45,,,1,15,,1175881,27,,,1,55,,1175885,45,,,1,15,,1090144,27,,,1,15,,1175935,45,,,1,15,,1175870,27,,,1,55,,1175869,45,,,1,15,,1175928,27,,,1,15,,1096291,45,,,1,15,,1175934,27,,,1,55,,1175927,45,,,1,16,,1175872,27,,,1,10,,1175901,45,,,1,13,,1175892,27,,,1,4,,1175886,27,,,1,61,,1085424,45,,,1,10,,1175891,27,,,1,8,,1175896,27,,,1,12,,1175922,45,,,1,12,,1175898,27,,,1,11,,1175871,27,,,1,49,,1175887,45,,,1,12,,1103085,45,,,1,10,,1175902,45,,,1,8,,1175880,45,,,1,10,,1066383,45,,,1,7,,1175937,45,,,1,50,,1175889,45,,,1,13,,1175899,45,,,1,17,,1094004,45,,,1,13,,1175894,45,,,1,6,,1090697,45,,,1,49,,1097697,45,,,1,8,,1175897,45,,,1,11,,1175938,45,,,1,18,,1175905,45,,,1,13,,1175917,45,,,1,50,,1078154,45,,,1,19,,1175933,45,,,1,14,,1175930,27,,,1,13,,925111,45,,,1,54,,1175900,27,,,1,15,,1175939,45,,,1,13,,1079295,27,,,1,15,,1175884,45,,,1,13,,1175912,27,,,1,55,,1175874,45,,,1,15,,1175940,45,,,1,20,,1175903,45,,,1,60,,1175883,45,,,1,14,,1175893,45,,,1,24,,1175876,45,,,1,58,,1175916,44,,,1,21,,1175924,44,,,1,26,,1175906,44,,,1,69,,1175907,44,,,1,33,,1175910,44,,,1,70,,1175929,44,,,1
8801,'1',418,,1175943,5,0,76,1,30,,891210,5,0,76,1,70,,1049769,5,0,76,1,30,,1175957,5,0,76,1,55,,1175981,5,0,76,1,14,,1175991,5,0,76,1,16,,1175985,5,0,76,1,10,,1175970,5,0,76,1,12,,1175999,5,0,76,1,51,,1175946,5,0,76,1,7,,1175976,5,0,76,1,10,,1175996,5,0,76,1,13,,1175964,5,0,76,1,7,,1175961,5,0,76,1,12,,1175956,5,0,76,1,52,,1175983,5,0,76,1,17,,1175990,5,0,76,1,13,,1033801,5,0,14,1,15,,1175947,5,0,76,1,54,,1175949,5,0,14,1,14,,1175952,5,0,76,1,15,,1176008,5,0,14,1,14,,1175955,5,0,76,1,55,,1175959,5,0,14,1,15,,1069344,5,0,76,1,15,,1175987,5,0,14,1,15,,1175980,5,0,76,1,55,,1175998,5,0,14,1,15,,1095237,5,0,76,1,15,,1175968,5,0,14,1,15,,1175982,5,0,76,1,55,,1064432,5,0,14,1,15,,1175969,5,0,76,1,15,,1175954,5,0,14,1,15,,1176010,5,0,76,1,55,,1175960,5,0,14,1,15,,1175965,5,0,76,1,15,,1175975,5,0,14,1,15,,1175992,5,0,76,1,55,,1175977,5,0,14,1,10,,1175989,5,0,76,1,8,,1175984,5,0,76,1,10,,1176001,5,0,76,1,12,,1097484,5,0,76,1,10,,1175942,5,0,76,1,50,,1176006,5,0,76,1,20,,1175994,5,0,76,1,13,,1175978,5,0,76,1,7,,1175986,5,0,76,1,10,,1175941,5,0,76,1,50,,1176011,5,0,76,1,10,,1176002,5,0,76,1,10,,1175972,5,0,76,1,10,,1176003,5,0,76,1,10,,1175993,5,0,76,1,10,,1175988,5,0,76,1,55,,1176005,5,0,76,1,15,,1176009,5,0,76,1,15,,1175971,5,0,76,1,15,,1175962,5,0,76,1,55,,1175963,5,0,76,1,15,,1175997,5,0,76,1,15,,1175974,5,0,76,1,15,,1067628,5,0,76,1,60,,1175979,5,0,76,1,20,,1175945,5,0,76,1,21,,1175973,5,0,76,1,59,,1175995,5,0,76,1,20,,1175958,5,0,76,1,18,,1176000,5,0,76,1,62,,1175966,5,0,76,1,20,,1175953,5,0,76,1,20,,1176004,5,0,76,1,60,,1175950,5,0,76,1,20,,1060640,5,0,76,1,69,,1176007,5,0,76,1,30,,1175951,5,0,76,1,70,,1032821,5,0,76,1,30,,1175967,5,0,76,1,70,,1175948,5,0,76,1
8801,'10',418,,1176014,5,0,76,1,30,,891258,5,0,76,1,70,,1049883,5,0,76,1,30,,1176028,5,0,76,1,55,,1176052,5,0,76,1,14,,1176062,5,0,76,1,16,,1176056,5,0,76,1,10,,1176041,5,0,76,1,12,,1176070,5,0,76,1,51,,1176017,5,0,76,1,7,,1176047,5,0,76,1,10,,1176067,5,0,76,1,13,,1176035,5,0,76,1,7,,1176032,5,0,76,1,12,,1176027,5,0,76,1,52,,1176054,5,0,76,1,17,,1176061,5,0,76,1,13,,1033920,5,0,14,1,15,,1176018,5,0,76,1,54,,1176020,5,0,14,1,14,,1176023,5,0,76,1,15,,1176079,5,0,14,1,14,,1176026,5,0,76,1,55,,1176030,5,0,14,1,15,,1069187,5,0,76,1,15,,1176058,5,0,14,1,15,,1176051,5,0,76,1,55,,1176069,5,0,14,1,15,,1094991,5,0,76,1,15,,1176039,5,0,14,1,15,,1176053,5,0,76,1,55,,1064271,5,0,14,1,15,,1176040,5,0,76,1,15,,1176025,5,0,14,1,15,,1176081,5,0,76,1,55,,1176031,5,0,14,1,15,,1176036,5,0,76,1,15,,1176046,5,0,14,1,15,,1176063,5,0,76,1,55,,1176048,5,0,14,1,10,,1176060,5,0,76,1,8,,1176055,5,0,76,1,10,,1176072,5,0,76,1,12,,1097247,5,0,76,1,10,,1176013,5,0,76,1,50,,1176077,5,0,76,1,20,,1176065,5,0,76,1,13,,1176049,5,0,76,1,7,,1176057,5,0,76,1,10,,1176012,5,0,76,1,50,,1176082,5,0,76,1,10,,1176073,5,0,76,1,10,,1176043,5,0,76,1,10,,1176074,5,0,76,1,10,,1176064,5,0,76,1,10,,1176059,5,0,76,1,55,,1176076,5,0,76,1,15,,1176080,5,0,76,1,15,,1176042,5,0,76,1,15,,1176033,5,0,76,1,55,,1176034,5,0,76,1,15,,1176068,5,0,76,1,15,,1176045,5,0,76,1,15,,1067559,5,0,76,1,60,,1176050,5,0,76,1,20,,1176016,5,0,76,1,21,,1176044,5,0,76,1,59,,1176066,5,0,76,1,20,,1176029,5,0,76,1,18,,1176071,5,0,76,1,62,,1176037,5,0,76,1,20,,1176024,5,0,76,1,20,,1176075,5,0,76,1,60,,1176021,5,0,76,1,20,,1060650,5,0,76,1,69,,1176078,5,0,76,1,30,,1176022,5,0,76,1,70,,1032998,5,0,76,1,30,,1176038,5,0,76,1,70,,1176019,5,0,76,1
8801,'11',418,,1176085,5,0,76,1,30,,891114,5,0,76,1,70,,1049736,5,0,76,1,30,,1176099,5,0,76,1,55,,1176123,5,0,76,1,14,,1176133,5,0,76,1,16,,1176127,5,0,76,1,10,,1176112,5,0,76,1,12,,1176141,5,0,76,1,51,,1176088,5,0,76,1,7,,1176118,5,0,76,1,10,,1176138,5,0,76,1,13,,1176106,5,0,76,1,7,,1176103,5,0,76,1,12,,1176098,5,0,76,1,52,,1176125,5,0,76,1,17,,1176132,5,0,76,1,13,,1033766,5,0,14,1,15,,1176089,5,0,76,1,54,,1176091,5,0,14,1,14,,1176094,5,0,76,1,15,,1176150,5,0,14,1,14,,1176097,5,0,76,1,55,,1176101,5,0,14,1,15,,1069383,5,0,76,1,15,,1176129,5,0,14,1,15,,1176122,5,0,76,1,55,,1176140,5,0,14,1,15,,1095311,5,0,76,1,15,,1176110,5,0,14,1,15,,1176124,5,0,76,1,55,,1064484,5,0,14,1,15,,1176111,5,0,76,1,15,,1176096,5,0,14,1,15,,1176152,5,0,76,1,55,,1176102,5,0,14,1,15,,1176107,5,0,76,1,15,,1176117,5,0,14,1,15,,1176134,5,0,76,1,55,,1176119,5,0,14,1,10,,1176131,5,0,76,1,8,,1176126,5,0,76,1,10,,1176143,5,0,76,1,12,,1097553,5,0,76,1,10,,1176084,5,0,76,1,50,,1176148,5,0,76,1,20,,1176136,5,0,76,1,13,,1176120,5,0,76,1,7,,1176128,5,0,76,1,10,,1176083,5,0,76,1,50,,1176153,5,0,76,1,10,,1176144,5,0,76,1,10,,1176114,5,0,76,1,10,,1176145,5,0,76,1,10,,1176135,5,0,76,1,10,,1176130,5,0,76,1,55,,1176147,5,0,76,1,15,,1176151,5,0,76,1,15,,1176113,5,0,76,1,15,,1176104,5,0,76,1,55,,1176105,5,0,76,1,15,,1176139,5,0,76,1,15,,1176116,5,0,76,1,15,,1067651,5,0,76,1,60,,1176121,5,0,76,1,20,,1176087,5,0,76,1,21,,1176115,5,0,76,1,59,,1176137,5,0,76,1,20,,1176100,5,0,76,1,18,,1176142,5,0,76,1,62,,1176108,5,0,76,1,20,,1176095,5,0,76,1,20,,1176146,5,0,76,1,60,,1176092,5,0,76,1,20,,1060637,5,0,76,1,69,,1176149,5,0,76,1,30,,1176093,5,0,76,1,70,,1032769,5,0,76,1,30,,1176109,5,0,76,1,70,,1176090,5,0,76,1
8801,'12',418,,1176178,5,0,76,1,30,,1176170,5,0,76,1,70,,1176172,5,0,76,1,30,,1176202,5,0,76,1,55,,1176196,5,0,76,1,14,,930563,5,0,76,1,16,,1069534,5,0,76,1,10,,1176156,5,0,76,1,12,,1176176,5,0,76,1,51,,1176217,5,0,76,1,7,,1176165,5,0,76,1,10,,1084685,5,0,76,1,13,,1176193,5,0,76,1,7,,1176194,5,0,76,1,12,,1176158,5,0,76,1,52,,1100937,5,0,76,1,17,,1176171,5,0,76,1,13,,1176208,5,0,14,1,15,,1176219,5,0,76,1,54,,1176187,5,0,14,1,14,,1176159,5,0,76,1,15,,1176188,5,0,14,1,14,,1176192,5,0,76,1,55,,1176164,5,0,14,1,15,,1020762,5,0,76,1,15,,1176166,5,0,14,1,15,,1176221,5,0,76,1,55,,1176198,5,0,14,1,15,,1176154,5,0,76,1,15,,1059984,5,0,14,1,15,,1176169,5,0,76,1,55,,979588,5,0,14,1,15,,1176179,5,0,76,1,15,,1176175,5,0,14,1,15,,1176209,5,0,76,1,55,,1176218,5,0,14,1,15,,1079071,5,0,76,1,15,,1176199,5,0,14,1,15,,1176210,5,0,76,1,55,,1176204,5,0,14,1,10,,1176206,5,0,76,1,8,,1176203,5,0,76,1,10,,1176184,5,0,76,1,12,,1176191,5,0,76,1,10,,1176215,5,0,76,1,50,,1058639,5,0,76,1,20,,1176186,5,0,76,1,13,,1176223,5,0,76,1,7,,1176160,5,0,76,1,10,,1176207,5,0,76,1,50,,1176173,5,0,76,1,10,,1176214,5,0,76,1,10,,1176167,5,0,76,1,10,,1176222,5,0,76,1,10,,1176190,5,0,76,1,10,,1176216,5,0,76,1,55,,1176200,5,0,76,1,15,,1176211,5,0,76,1,15,,1176220,5,0,76,1,15,,1176189,5,0,76,1,55,,1176174,5,0,76,1,15,,1176195,5,0,76,1,15,,1176177,5,0,76,1,15,,1176168,5,0,76,1,60,,1176224,5,0,76,1,20,,1176163,5,0,76,1,21,,1176180,5,0,76,1,59,,1176213,5,0,76,1,20,,1176197,5,0,76,1,18,,1176162,5,0,76,1,62,,1176155,5,0,76,1,20,,1176205,5,0,76,1,20,,1176183,5,0,76,1,60,,1090203,5,0,76,1,20,,1176185,5,0,76,1,69,,1176157,5,0,76,1,30,,1176212,5,0,76,1,70,,1176161,5,0,76,1,30,,1176201,5,0,76,1,70,,1176181,5,0,76,1
8801,'13',613,,1176245,5,0,76,1,30,,1176257,5,0,76,1,70,,1176242,5,0,76,1,30,,1176248,5,0,76,1,70,,1176228,5,0,76,1,30,,1176227,5,0,76,1,70,,1176263,5,0,76,1,30,,1176255,5,0,76,1,70,,1176229,5,0,76,1,30,,1176251,5,0,76,1,62,,1176238,5,0,76,1,20,,1176252,5,0,76,1,20,,1100506,5,0,76,1,60,,1176241,5,0,76,1,20,,1176235,5,0,76,1,20,,1176265,5,0,76,1,60,,1176226,5,0,76,1,20,,1099784,5,0,76,1,20,,1176259,5,0,76,1,60,,1176247,5,0,76,1,20,,1176234,5,0,76,1,20,,1176244,5,0,76,1,60,,1176232,5,0,76,1,20,,1176231,5,0,76,1,20,,1176240,5,0,76,1,60,,1176249,5,0,76,1,20,,1176250,5,0,76,1,20,,1176243,5,0,76,1,60,,1176262,5,0,76,1,26,,1176233,5,0,76,1,70,,1176230,5,0,76,1,30,,1176253,5,0,76,1,70,,1176256,5,0,76,1,30,,1176261,5,0,76,1,70,,1176236,5,0,76,1,30,,1176258,5,0,76,1,70,,1176254,5,0,76,1,30,,1176237,5,0,76,1,70,,1176264,5,0,76,1,30,,1176246,5,0,76,1,70,,1176239,5,0,76,1,58,,1176260,5,0,76,1
8801,'14',418,,1176269,5,0,76,1,30,,1176339,5,0,76,1,70,,1176267,5,0,76,1,30,,1176286,5,0,76,1,55,,1176313,5,0,76,1,14,,1176323,5,0,76,1,16,,1176317,5,0,76,1,10,,1176300,5,0,76,1,12,,1176332,5,0,76,1,51,,1176274,5,0,76,1,7,,1176307,5,0,76,1,10,,1176329,5,0,76,1,13,,1176294,5,0,76,1,7,,1176291,5,0,76,1,12,,1176285,5,0,76,1,52,,1176315,5,0,76,1,17,,1176322,5,0,76,1,13,,1176327,5,0,14,1,15,,1176275,5,0,76,1,54,,1176277,5,0,14,1,14,,1176281,5,0,76,1,15,,1176342,5,0,14,1,14,,1176284,5,0,76,1,55,,1176289,5,0,14,1,15,,1176270,5,0,76,1,15,,1176319,5,0,14,1,15,,1176311,5,0,76,1,55,,1176331,5,0,14,1,15,,1176347,5,0,76,1,15,,1176298,5,0,14,1,15,,1176314,5,0,76,1,55,,1176273,5,0,14,1,15,,1176299,5,0,76,1,15,,1176283,5,0,14,1,15,,1176344,5,0,76,1,55,,1176290,5,0,14,1,15,,1176295,5,0,76,1,15,,1176306,5,0,14,1,15,,1176324,5,0,76,1,55,,1176308,5,0,14,1,10,,1176321,5,0,76,1,8,,1176316,5,0,76,1,10,,1176334,5,0,76,1,12,,1176346,5,0,76,1,10,,1176268,5,0,76,1,50,,1176340,5,0,76,1,20,,1176326,5,0,76,1,13,,1176309,5,0,76,1,7,,1176318,5,0,76,1,10,,1176266,5,0,76,1,50,,1176345,5,0,76,1,10,,1176335,5,0,76,1,10,,1176302,5,0,76,1,10,,1176336,5,0,76,1,10,,1176325,5,0,76,1,10,,1176320,5,0,76,1,55,,1176338,5,0,76,1,15,,1176343,5,0,76,1,15,,1176301,5,0,76,1,15,,1176292,5,0,76,1,55,,1176293,5,0,76,1,15,,1176330,5,0,76,1,15,,1176305,5,0,76,1,15,,1176304,5,0,76,1,60,,1176310,5,0,76,1,20,,1176272,5,0,76,1,21,,1176303,5,0,76,1,59,,1176328,5,0,76,1,20,,1176288,5,0,76,1,18,,1176333,5,0,76,1,62,,1176296,5,0,76,1,20,,1176282,5,0,76,1,20,,1176337,5,0,76,1,60,,1176279,5,0,76,1,20,,1176278,5,0,76,1,69,,1176341,5,0,76,1,30,,1176280,5,0,76,1,70,,1176287,5,0,76,1,30,,1176297,5,0,76,1,70,,1176276,5,0,76,1
8801,'15',418,,1176402,5,0,76,1,30,,1176376,5,0,76,1,70,,1176351,5,0,76,1,30,,1176360,5,0,76,1,55,,1176407,5,0,76,1,14,,1176350,5,0,76,1,16,,1176417,5,0,76,1,10,,1176370,5,0,76,1,12,,1176410,5,0,76,1,51,,1176352,5,0,76,1,7,,1176368,5,0,76,1,10,,1176415,5,0,76,1,13,,1176386,5,0,76,1,7,,1176424,5,0,76,1,12,,1176389,5,0,76,1,52,,1176427,5,0,76,1,17,,1176374,5,0,76,1,13,,1176426,5,0,14,1,15,,1176356,5,0,76,1,54,,1176355,5,0,14,1,14,,1176401,5,0,76,1,15,,1176384,5,0,14,1,14,,1176372,5,0,76,1,55,,1176422,5,0,14,1,15,,1176398,5,0,76,1,15,,1176348,5,0,14,1,15,,1176371,5,0,76,1,55,,1176404,5,0,14,1,15,,1176406,5,0,76,1,15,,1176418,5,0,14,1,15,,1176414,5,0,76,1,55,,1176393,5,0,14,1,15,,1176409,5,0,76,1,15,,1176357,5,0,14,1,15,,1176413,5,0,76,1,55,,1176411,5,0,14,1,15,,1176397,5,0,76,1,15,,1176385,5,0,14,1,15,,1176388,5,0,76,1,55,,1176394,5,0,14,1,10,,1176375,5,0,76,1,8,,1176421,5,0,76,1,10,,1176361,5,0,76,1,12,,1176387,5,0,76,1,10,,1176363,5,0,76,1,50,,1176378,5,0,76,1,20,,1176399,5,0,76,1,13,,1176392,5,0,76,1,7,,1176367,5,0,76,1,10,,1176390,5,0,76,1,50,,1176358,5,0,76,1,10,,1176364,5,0,76,1,10,,1176354,5,0,76,1,10,,1176381,5,0,76,1,10,,1176429,5,0,76,1,10,,1176373,5,0,76,1,55,,1176428,5,0,76,1,15,,1176396,5,0,76,1,15,,1176419,5,0,76,1,15,,1176425,5,0,76,1,55,,1176403,5,0,76,1,15,,1176353,5,0,76,1,15,,1176379,5,0,76,1,15,,1176395,5,0,76,1,60,,1176423,5,0,76,1,20,,1176349,5,0,76,1,21,,1176369,5,0,76,1,59,,1176405,5,0,76,1,20,,1176365,5,0,76,1,18,,1176416,5,0,76,1,62,,1176400,5,0,76,1,20,,1176366,5,0,76,1,20,,1176420,5,0,76,1,60,,1176408,5,0,76,1,20,,1176362,5,0,76,1,69,,1176383,5,0,76,1,30,,1176380,5,0,76,1,70,,1176391,5,0,76,1,30,,1176412,5,0,76,1,70,,1176382,5,0,76,1
8801,'16',418,,1176456,5,0,76,1,30,,1176448,5,0,76,1,70,,1176450,5,0,76,1,30,,1176479,5,0,76,1,55,,1176473,5,0,76,1,14,,1176494,5,0,76,1,16,,1176432,5,0,76,1,10,,1176433,5,0,76,1,12,,1176454,5,0,76,1,51,,1064719,5,0,76,1,7,,1176443,5,0,76,1,10,,1176438,5,0,76,1,13,,1176470,5,0,76,1,7,,1176471,5,0,76,1,12,,1176434,5,0,76,1,52,,1176495,5,0,76,1,17,,1176449,5,0,76,1,13,,1176485,5,0,14,1,15,,1176497,5,0,76,1,54,,1176465,5,0,14,1,14,,1176435,5,0,76,1,15,,1176466,5,0,14,1,14,,1176469,5,0,76,1,55,,1176442,5,0,14,1,15,,1176440,5,0,76,1,15,,1176444,5,0,14,1,15,,1176499,5,0,76,1,55,,1176475,5,0,14,1,15,,1176430,5,0,76,1,15,,1176431,5,0,14,1,15,,1176447,5,0,76,1,55,,1176441,5,0,14,1,15,,1176457,5,0,76,1,15,,1176453,5,0,14,1,15,,1176486,5,0,76,1,55,,1176496,5,0,14,1,15,,1176498,5,0,76,1,15,,1176476,5,0,14,1,15,,1176487,5,0,76,1,55,,1176481,5,0,14,1,10,,1176483,5,0,76,1,8,,1176480,5,0,76,1,10,,1176462,5,0,76,1,12,,1092929,5,0,76,1,10,,1176492,5,0,76,1,50,,1176501,5,0,76,1,20,,1176464,5,0,76,1,13,,1176502,5,0,76,1,7,,1176436,5,0,76,1,10,,1176484,5,0,76,1,50,,1176451,5,0,76,1,10,,1176491,5,0,76,1,10,,1176445,5,0,76,1,10,,1176500,5,0,76,1,10,,1176468,5,0,76,1,10,,1066996,5,0,76,1,55,,1176477,5,0,76,1,15,,1176488,5,0,76,1,15,,1026037,5,0,76,1,15,,1176467,5,0,76,1,55,,1176452,5,0,76,1,15,,1176472,5,0,76,1,15,,1176455,5,0,76,1,15,,1176446,5,0,76,1,60,,1176503,5,0,76,1,20,,1176439,5,0,76,1,21,,1176458,5,0,76,1,59,,1176490,5,0,76,1,20,,1176474,5,0,76,1,18,,1093442,5,0,76,1,62,,1088811,5,0,76,1,20,,1176482,5,0,76,1,20,,1176461,5,0,76,1,60,,1176493,5,0,76,1,20,,1176463,5,0,76,1,69,,924331,5,0,76,1,30,,1176489,5,0,76,1,70,,1176437,5,0,76,1,30,,1176478,5,0,76,1,70,,1176459,5,0,76,1
8801,'17',613,,1176526,5,0,76,1,30,,1176538,5,0,76,1,70,,1176523,5,0,76,1,30,,1176529,5,0,76,1,70,,1176508,5,0,76,1,30,,1176507,5,0,76,1,70,,1176544,5,0,76,1,30,,1176536,5,0,76,1,70,,1176510,5,0,76,1,30,,1176532,5,0,76,1,62,,1176519,5,0,76,1,20,,1176533,5,0,76,1,20,,1176505,5,0,76,1,60,,1176522,5,0,76,1,20,,1176516,5,0,76,1,20,,1176546,5,0,76,1,60,,1176506,5,0,76,1,20,,1176509,5,0,76,1,20,,1176540,5,0,76,1,60,,1176528,5,0,76,1,20,,1176515,5,0,76,1,20,,1176525,5,0,76,1,60,,1176513,5,0,76,1,20,,1176512,5,0,76,1,20,,1176521,5,0,76,1,60,,1176530,5,0,76,1,20,,1176531,5,0,76,1,20,,1176524,5,0,76,1,60,,1176543,5,0,76,1,26,,1176514,5,0,76,1,70,,1176511,5,0,76,1,30,,1176534,5,0,76,1,70,,1176537,5,0,76,1,30,,1176542,5,0,76,1,70,,1176517,5,0,76,1,30,,1176539,5,0,76,1,70,,1176535,5,0,76,1,30,,1176518,5,0,76,1,70,,1176545,5,0,76,1,30,,1176527,5,0,76,1,70,,1176520,5,0,76,1,58,,1176541,5,0,76,1
8801,'2',619,,1088412,5,0,76,1,30,,1176554,5,0,76,1,70,,1176599,5,0,76,1,30,,1176563,5,0,76,1,70,,1176572,5,0,76,1,15,,1176582,5,0,14,1,15,,1176596,5,0,76,1,55,,1176570,5,0,14,1,15,,1176598,5,0,76,1,15,,1099614,5,0,14,1,15,,1176587,5,0,76,1,55,,1176574,5,0,14,1,16,,893928,5,0,76,1,15,,1176551,5,0,14,1,15,,1176600,5,0,76,1,55,,1176583,5,0,14,1,15,,1176589,5,0,76,1,15,,1176548,5,0,14,1,15,,1176553,5,0,76,1,55,,1176552,5,0,14,1,15,,1176588,5,0,76,1,15,,1176559,5,0,14,1,15,,1176556,5,0,76,1,55,,1176560,5,0,14,1,15,,1065966,5,0,76,1,15,,1176585,5,0,14,1,15,,1176592,5,0,76,1,55,,1176558,5,0,14,1,15,,1176550,5,0,76,1,15,,1176568,5,0,14,1,15,,1176584,5,0,76,1,55,,1176575,5,0,14,1,15,,1176586,5,0,76,1,15,,1176555,5,0,14,1,15,,1176561,5,0,76,1,55,,1176578,5,0,14,1,15,,1176580,5,0,76,1,15,,1071123,5,0,14,1,15,,1176593,5,0,76,1,55,,1176597,5,0,14,1,15,,1176595,5,0,76,1,15,,1176567,5,0,14,1,15,,1176566,5,0,76,1,55,,1176579,5,0,14,1,15,,1176565,5,0,76,1,15,,1176591,5,0,14,1,15,,1176547,5,0,76,1,55,,1176573,5,0,14,1,15,,1176590,5,0,76,1,15,,1176571,5,0,14,1,15,,1079707,5,0,76,1,55,,1176562,5,0,14,1,15,,1176569,5,0,76,1,30,,1176564,5,0,76,1,70,,1176576,5,0,76,1,30,,1176577,5,0,76,1,70,,1176581,5,0,76,1,30,,1176594,5,0,76,1,70,,1176549,5,0,76,1,30,,1176601,5,0,76,1,70,,1176557,5,0,76,1
8801,'3',613,,1176623,5,0,76,1,30,,1176635,5,0,76,1,70,,1176620,5,0,76,1,30,,1176626,5,0,76,1,70,,1176605,5,0,76,1,30,,1176604,5,0,76,1,70,,1176641,5,0,76,1,30,,1176633,5,0,76,1,70,,1176607,5,0,76,1,30,,1176629,5,0,76,1,62,,1176616,5,0,76,1,20,,1176630,5,0,76,1,20,,1176602,5,0,76,1,60,,1176619,5,0,76,1,20,,1176613,5,0,76,1,20,,1176643,5,0,76,1,60,,1176603,5,0,76,1,20,,1176606,5,0,76,1,20,,1176637,5,0,76,1,60,,1176625,5,0,76,1,20,,1176612,5,0,76,1,20,,1176622,5,0,76,1,60,,1176610,5,0,76,1,20,,1176609,5,0,76,1,20,,1176618,5,0,76,1,60,,1176627,5,0,76,1,20,,1176628,5,0,76,1,20,,1176621,5,0,76,1,60,,1176640,5,0,76,1,26,,1176611,5,0,76,1,70,,1176608,5,0,76,1,30,,1176631,5,0,76,1,70,,1176634,5,0,76,1,30,,1176639,5,0,76,1,70,,1176614,5,0,76,1,30,,1176636,5,0,76,1,70,,1176632,5,0,76,1,30,,1176615,5,0,76,1,70,,1176642,5,0,76,1,30,,1176624,5,0,76,1,70,,1176617,5,0,76,1,58,,1176638,5,0,76,1
8801,'4',613,,1176668,5,0,76,1,30,,1176675,5,0,76,1,70,,1176665,5,0,76,1,30,,1176647,5,0,76,1,70,,1176670,5,0,76,1,30,,1078210,5,0,76,1,70,,1176672,5,0,76,1,30,,1176679,5,0,76,1,70,,1176646,5,0,76,1,30,,1176678,5,0,76,1,62,,1176658,5,0,76,1,20,,1176650,5,0,76,1,20,,1176649,5,0,76,1,60,,1176660,5,0,76,1,20,,1176659,5,0,76,1,20,,1176656,5,0,76,1,60,,1176657,5,0,76,1,20,,1176653,5,0,76,1,20,,1176664,5,0,76,1,60,,1176644,5,0,76,1,20,,1176652,5,0,76,1,20,,1176655,5,0,76,1,60,,1176673,5,0,76,1,20,,1176680,5,0,76,1,20,,1176667,5,0,76,1,60,,1176677,5,0,76,1,20,,1176681,5,0,76,1,20,,1071203,5,0,76,1,60,,1176666,5,0,76,1,26,,1176676,5,0,76,1,70,,1176669,5,0,76,1,30,,1176654,5,0,76,1,70,,1176651,5,0,76,1,30,,1176674,5,0,76,1,70,,1176645,5,0,76,1,30,,1176648,5,0,76,1,70,,1176662,5,0,76,1,30,,1176671,5,0,76,1,70,,1176661,5,0,76,1,30,,1176663,5,0,76,1,70,,1176682,5,0,76,1,58,,1032687,5,0,76,1
8801,'5',418,,1176685,5,0,76,1,30,,891408,5,0,76,1,70,,1049553,5,0,76,1,30,,1176699,5,0,76,1,55,,1176723,5,0,76,1,14,,1176733,5,0,76,1,16,,1176727,5,0,76,1,10,,1176712,5,0,76,1,12,,1176741,5,0,76,1,51,,1176688,5,0,76,1,7,,1176718,5,0,76,1,10,,1176738,5,0,76,1,13,,1176706,5,0,76,1,7,,1176703,5,0,76,1,12,,1176698,5,0,76,1,52,,1176725,5,0,76,1,17,,1176732,5,0,76,1,13,,1033601,5,0,14,1,15,,1176689,5,0,76,1,54,,1176691,5,0,14,1,14,,1176694,5,0,76,1,15,,1176750,5,0,14,1,14,,1176697,5,0,76,1,55,,1176701,5,0,14,1,15,,1069320,5,0,76,1,15,,1176729,5,0,14,1,15,,1176722,5,0,76,1,55,,1176740,5,0,14,1,15,,1095189,5,0,76,1,15,,1176710,5,0,14,1,15,,1176724,5,0,76,1,55,,1064407,5,0,14,1,15,,1176711,5,0,76,1,15,,1176696,5,0,14,1,15,,1176752,5,0,76,1,55,,1176702,5,0,14,1,15,,1176707,5,0,76,1,15,,1176717,5,0,14,1,15,,1176734,5,0,76,1,55,,1176719,5,0,14,1,10,,1176731,5,0,76,1,8,,1176726,5,0,76,1,10,,1176743,5,0,76,1,12,,1097438,5,0,76,1,10,,1176684,5,0,76,1,50,,1176748,5,0,76,1,20,,1176736,5,0,76,1,13,,1176720,5,0,76,1,7,,1176728,5,0,76,1,10,,1176683,5,0,76,1,50,,1176753,5,0,76,1,10,,1176744,5,0,76,1,10,,1176714,5,0,76,1,10,,1176745,5,0,76,1,10,,1176735,5,0,76,1,10,,1176730,5,0,76,1,55,,1176747,5,0,76,1,15,,1176751,5,0,76,1,15,,1176713,5,0,76,1,15,,1176704,5,0,76,1,55,,1176705,5,0,76,1,15,,1176739,5,0,76,1,15,,1176716,5,0,76,1,15,,1067605,5,0,76,1,60,,1176721,5,0,76,1,20,,1176687,5,0,76,1,21,,1176715,5,0,76,1,59,,1176737,5,0,76,1,20,,1176700,5,0,76,1,18,,1176742,5,0,76,1,62,,1176708,5,0,76,1,20,,1176695,5,0,76,1,20,,1176746,5,0,76,1,60,,1176692,5,0,76,1,20,,1060630,5,0,76,1,69,,1176749,5,0,76,1,30,,1176693,5,0,76,1,70,,1032519,5,0,76,1,30,,1176709,5,0,76,1,70,,1176690,5,0,76,1
8801,'6',418,,1176779,5,0,76,1,30,,1176771,5,0,76,1,70,,1176773,5,0,76,1,30,,1176801,5,0,76,1,55,,1176797,5,0,76,1,14,,1176816,5,0,76,1,16,,1176756,5,0,76,1,10,,1176757,5,0,76,1,12,,1176777,5,0,76,1,51,,1176817,5,0,76,1,7,,1176766,5,0,76,1,10,,1176763,5,0,76,1,13,,1176794,5,0,76,1,7,,1176795,5,0,76,1,12,,1176759,5,0,76,1,52,,1176818,5,0,76,1,17,,1176772,5,0,76,1,13,,1176807,5,0,14,1,15,,1176819,5,0,76,1,54,,1176788,5,0,14,1,14,,1176760,5,0,76,1,15,,1176789,5,0,14,1,14,,1176793,5,0,76,1,55,,945697,5,0,14,1,15,,1176764,5,0,76,1,15,,1176767,5,0,14,1,15,,1034596,5,0,76,1,55,,1176799,5,0,14,1,15,,1025192,5,0,76,1,15,,1176754,5,0,14,1,15,,1176770,5,0,76,1,55,,1176765,5,0,14,1,15,,1176780,5,0,76,1,15,,1176776,5,0,14,1,15,,1005861,5,0,76,1,55,,1078853,5,0,14,1,15,,1176821,5,0,76,1,15,,1176800,5,0,14,1,15,,1176808,5,0,76,1,55,,1176803,5,0,14,1,10,,1176805,5,0,76,1,8,,1176802,5,0,76,1,10,,1176785,5,0,76,1,12,,1176792,5,0,76,1,10,,1176813,5,0,76,1,50,,1176822,5,0,76,1,20,,1176787,5,0,76,1,13,,1055032,5,0,76,1,7,,1068940,5,0,76,1,10,,1176806,5,0,76,1,50,,1176774,5,0,76,1,10,,1176812,5,0,76,1,10,,1176768,5,0,76,1,10,,1086779,5,0,76,1,10,,1176791,5,0,76,1,10,,1176814,5,0,76,1,55,,1076409,5,0,76,1,15,,1176809,5,0,76,1,15,,1176820,5,0,76,1,15,,1176790,5,0,76,1,55,,1176775,5,0,76,1,15,,1176796,5,0,76,1,15,,1176778,5,0,76,1,15,,1176769,5,0,76,1,60,,1176823,5,0,76,1,20,,1061847,5,0,76,1,21,,1176781,5,0,76,1,59,,1176811,5,0,76,1,20,,1176798,5,0,76,1,18,,1176762,5,0,76,1,62,,1176755,5,0,76,1,20,,1176804,5,0,76,1,20,,1176784,5,0,76,1,60,,1176815,5,0,76,1,20,,1176786,5,0,76,1,69,,1176758,5,0,76,1,30,,1176810,5,0,76,1,70,,1176761,5,0,76,1,30,,1038559,5,0,76,1,70,,1176782,5,0,76,1
8801,'7',619,,1176838,5,0,76,1,30,,1176876,5,0,76,1,70,,1176878,5,0,76,1,30,,1176869,5,0,76,1,70,,1176877,5,0,76,1,15,,1176825,5,0,14,1,15,,1176842,5,0,76,1,55,,1176832,5,0,14,1,15,,1176880,5,0,76,1,15,,1176863,5,0,14,1,15,,1176858,5,0,76,1,55,,1176881,5,0,14,1,16,,1176831,5,0,76,1,15,,1176873,5,0,14,1,15,,1176854,5,0,76,1,55,,1176824,5,0,14,1,15,,1176835,5,0,76,1,15,,1176864,5,0,14,1,15,,1176845,5,0,76,1,55,,1176875,5,0,14,1,15,,1176851,5,0,76,1,15,,1176827,5,0,14,1,15,,1176843,5,0,76,1,55,,1176856,5,0,14,1,15,,1176826,5,0,76,1,15,,1176841,5,0,14,1,15,,1176839,5,0,76,1,55,,1176866,5,0,14,1,15,,1176883,5,0,76,1,15,,1176830,5,0,14,1,15,,1176833,5,0,76,1,55,,1176857,5,0,14,1,15,,1176840,5,0,76,1,15,,1176829,5,0,14,1,15,,1176861,5,0,76,1,55,,1176849,5,0,14,1,15,,1176837,5,0,76,1,15,,1176862,5,0,14,1,15,,1176874,5,0,76,1,55,,1176855,5,0,14,1,15,,1176860,5,0,76,1,15,,1176828,5,0,14,1,15,,1176847,5,0,76,1,55,,1176852,5,0,14,1,15,,1176859,5,0,76,1,15,,1176872,5,0,14,1,15,,1176870,5,0,76,1,55,,1176867,5,0,14,1,15,,1176882,5,0,76,1,15,,1176848,5,0,14,1,15,,1176844,5,0,76,1,55,,1176836,5,0,14,1,15,,1176846,5,0,76,1,30,,1176853,5,0,76,1,70,,1176879,5,0,76,1,30,,1176865,5,0,76,1,70,,1176884,5,0,76,1,30,,1176868,5,0,76,1,70,,1176850,5,0,76,1,30,,1176871,5,0,76,1,70,,1176834,5,0,76,1
8801,'8',418,,1176914,5,0,76,1,30,,1176906,5,0,76,1,70,,1176908,5,0,76,1,30,,1176938,5,0,76,1,55,,1176932,5,0,76,1,14,,1176954,5,0,76,1,16,,1176888,5,0,76,1,10,,1176889,5,0,76,1,12,,1176912,5,0,76,1,51,,1176955,5,0,76,1,7,,1176901,5,0,76,1,10,,1176896,5,0,76,1,13,,1176929,5,0,76,1,7,,1176930,5,0,76,1,12,,1176891,5,0,76,1,52,,1176956,5,0,76,1,17,,1176907,5,0,76,1,13,,1176944,5,0,14,1,15,,1176958,5,0,76,1,54,,1176923,5,0,14,1,14,,1176892,5,0,76,1,15,,1176924,5,0,14,1,14,,1176928,5,0,76,1,55,,1176900,5,0,14,1,15,,1176898,5,0,76,1,15,,1176902,5,0,14,1,15,,1176961,5,0,76,1,55,,1176934,5,0,14,1,15,,1176885,5,0,76,1,15,,1176886,5,0,14,1,15,,1176905,5,0,76,1,55,,1176899,5,0,14,1,15,,1176915,5,0,76,1,15,,1176911,5,0,14,1,15,,1176945,5,0,76,1,55,,1176957,5,0,14,1,15,,1176960,5,0,76,1,15,,1176935,5,0,14,1,15,,1176946,5,0,76,1,55,,1176940,5,0,14,1,10,,1176942,5,0,76,1,8,,1176939,5,0,76,1,10,,1176920,5,0,76,1,12,,1176927,5,0,76,1,10,,1176951,5,0,76,1,50,,1176963,5,0,76,1,20,,1176922,5,0,76,1,13,,1176964,5,0,76,1,7,,1176893,5,0,76,1,10,,1176943,5,0,76,1,50,,1176909,5,0,76,1,10,,1176950,5,0,76,1,10,,1176903,5,0,76,1,10,,1176962,5,0,76,1,10,,1176926,5,0,76,1,10,,1176952,5,0,76,1,55,,1176936,5,0,76,1,15,,1176947,5,0,76,1,15,,1176959,5,0,76,1,15,,1176925,5,0,76,1,55,,1176910,5,0,76,1,15,,1176931,5,0,76,1,15,,1176913,5,0,76,1,15,,1176904,5,0,76,1,60,,1176965,5,0,76,1,20,,1176897,5,0,76,1,21,,1176916,5,0,76,1,59,,1176949,5,0,76,1,20,,1176933,5,0,76,1,18,,1176895,5,0,76,1,62,,1176887,5,0,76,1,20,,1176941,5,0,76,1,20,,1176919,5,0,76,1,60,,1176953,5,0,76,1,20,,1176921,5,0,76,1,69,,1176890,5,0,76,1,30,,1176948,5,0,76,1,70,,1176894,5,0,76,1,30,,1176937,5,0,76,1,70,,1176917,5,0,76,1
8801,'9',418,,1176969,5,0,76,1,30,,891306,5,0,76,1,70,,1049802,5,0,76,1,30,,1176983,5,0,76,1,55,,1177007,5,0,76,1,14,,1177017,5,0,76,1,16,,1177011,5,0,76,1,10,,1176996,5,0,76,1,12,,1177025,5,0,76,1,51,,1176972,5,0,76,1,7,,1177002,5,0,76,1,10,,1177022,5,0,76,1,13,,1176990,5,0,76,1,7,,1176987,5,0,76,1,12,,1176982,5,0,76,1,52,,1177009,5,0,76,1,17,,1177016,5,0,76,1,13,,1033836,5,0,14,1,15,,1176973,5,0,76,1,54,,1176975,5,0,14,1,14,,1176978,5,0,76,1,15,,1177034,5,0,14,1,14,,1176981,5,0,76,1,55,,1176985,5,0,14,1,15,,1069235,5,0,76,1,15,,1177013,5,0,14,1,15,,1177006,5,0,76,1,55,,1177024,5,0,14,1,15,,1095065,5,0,76,1,15,,1176994,5,0,14,1,15,,1177008,5,0,76,1,55,,1064318,5,0,14,1,15,,1176995,5,0,76,1,15,,1176980,5,0,14,1,15,,1177036,5,0,76,1,55,,1176986,5,0,14,1,15,,1176991,5,0,76,1,15,,1177001,5,0,14,1,15,,1177018,5,0,76,1,55,,1177003,5,0,14,1,10,,1177015,5,0,76,1,8,,1177010,5,0,76,1,10,,1177027,5,0,76,1,12,,1097322,5,0,76,1,10,,1176968,5,0,76,1,50,,1177032,5,0,76,1,20,,1177020,5,0,76,1,13,,1177004,5,0,76,1,7,,1177012,5,0,76,1,10,,1176967,5,0,76,1,50,,1177037,5,0,76,1,10,,1177028,5,0,76,1,10,,1176998,5,0,76,1,10,,1177029,5,0,76,1,10,,1177019,5,0,76,1,10,,1177014,5,0,76,1,55,,1177031,5,0,76,1,15,,1177035,5,0,76,1,15,,1176997,5,0,76,1,15,,1176988,5,0,76,1,55,,1176989,5,0,76,1,15,,1177023,5,0,76,1,15,,1177000,5,0,76,1,15,,1067582,5,0,76,1,60,,1177005,5,0,76,1,20,,1176971,5,0,76,1,21,,1176999,5,0,76,1,59,,1177021,5,0,76,1,20,,1176984,5,0,76,1,18,,1177026,5,0,76,1,62,,1176992,5,0,76,1,20,,1176979,5,0,76,1,20,,1177030,5,0,76,1,60,,1176976,5,0,76,1,20,,1060643,5,0,76,1,69,,1177033,5,0,76,1,30,,1176977,5,0,76,1,70,,1032873,5,0,76,1,30,,1176993,5,0,76,1,70,,1176974,5,0,76,1
9000,'1',618,,1177074,5,0,41,1,29,,1177089,5,0,41,1,55,,1177092,5,0,41,1,15,,1177049,5,0,41,1,15,,1177090,5,0,41,1,14,,1177082,5,0,41,1,55,,1177058,5,0,41,1,15,,1177087,5,0,41,1,15,,1177070,5,0,41,1,15,,1177073,5,0,41,1,55,,1177075,5,0,41,1,15,,1177076,5,0,41,1,15,,1012330,5,0,41,1,15,,1177045,5,0,41,1,55,,1177065,5,0,41,1,15,,1177059,5,0,41,1,15,,1177054,5,0,41,1,15,,1177053,5,0,41,1,55,,1177051,5,0,41,1,15,,1177086,5,0,41,1,15,,1177050,5,0,41,1,15,,1080755,5,0,41,1,55,,1177091,5,0,41,1,15,,1177079,5,0,41,1,15,,1177046,5,0,41,1,15,,1177088,5,0,41,1,55,,1177083,5,0,41,1,15,,1177081,5,0,41,1,15,,1177084,5,0,41,1,15,,1177042,5,0,41,1,55,,1177048,5,0,41,1,15,,1177077,5,0,41,1,15,,1177061,5,0,41,1,70,,1045867,5,0,41,1,17,,1177072,5,0,41,1,13,,1177052,5,0,41,1,17,,1177062,5,0,41,1,53,,1177043,5,0,41,1,17,,1177041,5,0,41,1,15,,1177057,5,0,41,1,15,,1177044,5,0,41,1,55,,1177063,5,0,41,1,13,,1177039,5,0,41,1,14,,1177040,5,0,41,1,14,,1177066,5,0,41,1,14,,1177038,5,0,41,1,54,,1177071,5,0,41,1,14,,1177047,5,0,41,1,30,,1177060,5,0,41,1,70,,1177068,5,0,41,1,30,,1177080,5,0,41,1,70,,1177085,5,0,41,1,30,,1177078,5,0,41,1,70,,1071925,5,0,41,1,30,,1081660,5,0,41,1,70,,1177069,5,0,41,1,30,,1177055,5,0,41,1,75,,957167,5,0,41,1,70,,1177056,5,0,41,1,30,,1177067,5,0,41,1
9000,'10',618,,1177129,5,0,41,1,29,,1177144,5,0,41,1,55,,1177147,5,0,41,1,15,,1177104,5,0,41,1,15,,1177145,5,0,41,1,14,,1177137,5,0,41,1,55,,1177113,5,0,41,1,15,,1177142,5,0,41,1,15,,1177125,5,0,41,1,15,,1177128,5,0,41,1,55,,1177130,5,0,41,1,15,,1177131,5,0,41,1,15,,1012413,5,0,41,1,15,,1177100,5,0,41,1,55,,1177120,5,0,41,1,15,,1177114,5,0,41,1,15,,1177109,5,0,41,1,15,,1177108,5,0,41,1,55,,1177106,5,0,41,1,15,,1177141,5,0,41,1,15,,1177105,5,0,41,1,15,,1080582,5,0,41,1,55,,1177146,5,0,41,1,15,,1177134,5,0,41,1,15,,1177101,5,0,41,1,15,,1177143,5,0,41,1,55,,1177138,5,0,41,1,15,,1177136,5,0,41,1,15,,1177139,5,0,41,1,15,,1177097,5,0,41,1,55,,1177103,5,0,41,1,15,,1177132,5,0,41,1,15,,1177116,5,0,41,1,70,,1045910,5,0,41,1,17,,1177127,5,0,41,1,13,,1177107,5,0,41,1,17,,1177117,5,0,41,1,53,,1177098,5,0,41,1,17,,1177096,5,0,41,1,15,,1177112,5,0,41,1,15,,1177099,5,0,41,1,55,,1177118,5,0,41,1,13,,1177094,5,0,41,1,14,,1177095,5,0,41,1,14,,1177121,5,0,41,1,14,,1177093,5,0,41,1,54,,1177126,5,0,41,1,14,,1177102,5,0,41,1,30,,1177115,5,0,41,1,70,,1177123,5,0,41,1,30,,1177135,5,0,41,1,70,,1177140,5,0,41,1,30,,1177133,5,0,41,1,70,,1071779,5,0,41,1,30,,1081468,5,0,41,1,70,,1177124,5,0,41,1,30,,1177110,5,0,41,1,75,,957021,5,0,41,1,70,,1177111,5,0,41,1,30,,1177122,5,0,41,1
9000,'11',618,,1177184,5,0,41,1,29,,1177199,5,0,41,1,55,,1177202,5,0,41,1,15,,1177159,5,0,41,1,15,,1177200,5,0,41,1,14,,1177192,5,0,41,1,55,,1177168,5,0,41,1,15,,1177197,5,0,41,1,15,,1177180,5,0,41,1,15,,1177183,5,0,41,1,55,,1177185,5,0,41,1,15,,1177186,5,0,41,1,15,,1012307,5,0,41,1,15,,1177155,5,0,41,1,55,,1177175,5,0,41,1,15,,1177169,5,0,41,1,15,,1177164,5,0,41,1,15,,1177163,5,0,41,1,55,,1177161,5,0,41,1,15,,1177196,5,0,41,1,15,,1177160,5,0,41,1,15,,1080812,5,0,41,1,55,,1177201,5,0,41,1,15,,1177189,5,0,41,1,15,,1177156,5,0,41,1,15,,1177198,5,0,41,1,55,,1177193,5,0,41,1,15,,1177191,5,0,41,1,15,,1177194,5,0,41,1,15,,1177152,5,0,41,1,55,,1177158,5,0,41,1,15,,1177187,5,0,41,1,15,,1177171,5,0,41,1,70,,1045856,5,0,41,1,17,,1177182,5,0,41,1,13,,1177162,5,0,41,1,17,,1177172,5,0,41,1,53,,1177153,5,0,41,1,17,,1177151,5,0,41,1,15,,1177167,5,0,41,1,15,,1177154,5,0,41,1,55,,1177173,5,0,41,1,13,,1177149,5,0,41,1,14,,1177150,5,0,41,1,14,,1177176,5,0,41,1,14,,1177148,5,0,41,1,54,,1177181,5,0,41,1,14,,1177157,5,0,41,1,30,,1177170,5,0,41,1,70,,1177178,5,0,41,1,30,,1177190,5,0,41,1,70,,1177195,5,0,41,1,30,,1177188,5,0,41,1,70,,1071971,5,0,41,1,30,,1081717,5,0,41,1,70,,1177179,5,0,41,1,30,,1177165,5,0,41,1,75,,957146,5,0,41,1,70,,1177166,5,0,41,1,30,,1177177,5,0,41,1
9000,'12',618,,1177208,5,0,41,1,29,,1177236,5,0,41,1,55,,1177239,5,0,41,1,15,,1177234,5,0,41,1,15,,1177245,5,0,41,1,14,,1177251,5,0,41,1,55,,1177228,5,0,41,1,15,,1177217,5,0,41,1,15,,1085926,5,0,41,1,15,,1177223,5,0,41,1,55,,1177237,5,0,41,1,15,,1177241,5,0,41,1,15,,1177238,5,0,41,1,15,,1177248,5,0,41,1,55,,1177250,5,0,41,1,15,,1177246,5,0,41,1,15,,1177226,5,0,41,1,15,,1094079,5,0,41,1,55,,1177215,5,0,41,1,15,,1001500,5,0,41,1,15,,1177218,5,0,41,1,15,,1177242,5,0,41,1,55,,1177229,5,0,41,1,15,,1177225,5,0,41,1,15,,1177233,5,0,41,1,15,,1177205,5,0,41,1,55,,1177206,5,0,41,1,15,,1080439,5,0,41,1,15,,1177211,5,0,41,1,15,,1177219,5,0,41,1,55,,1177207,5,0,41,1,15,,1096099,5,0,41,1,15,,1072801,5,0,41,1,70,,1100209,5,0,41,1,17,,1177255,5,0,41,1,13,,1177203,5,0,41,1,17,,1177232,5,0,41,1,53,,1177230,5,0,41,1,17,,1177224,5,0,41,1,15,,1177243,5,0,41,1,15,,1177227,5,0,41,1,55,,1177247,5,0,41,1,13,,1177210,5,0,41,1,14,,1177204,5,0,41,1,14,,1177214,5,0,41,1,14,,1177253,5,0,41,1,54,,1177254,5,0,41,1,14,,1177252,5,0,41,1,30,,1177220,5,0,41,1,70,,1177209,5,0,41,1,30,,1177244,5,0,41,1,70,,1177231,5,0,41,1,30,,1177249,5,0,41,1,70,,1177240,5,0,41,1,30,,1177235,5,0,41,1,70,,1177222,5,0,41,1,30,,1008172,5,0,41,1,75,,1177213,5,0,41,1,70,,1177216,5,0,41,1,30,,1177212,5,0,41,1
9000,'13',706,,1177272,5,0,41,1,30,,1177261,5,0,41,1,70,,1177259,5,0,41,1,30,,1177269,5,0,41,1,70,,1024002,5,0,41,1,30,,1177257,5,0,41,1,70,,1177281,5,0,41,1,30,,1177274,5,0,41,1,70,,1177278,5,0,41,1,30,,1177263,5,0,41,1,70,,1177265,5,0,41,1,30,,1177273,5,0,41,1,70,,1177267,5,0,41,1,30,,1177280,5,0,41,1,70,,1177282,5,0,41,1,30,,1177271,5,0,41,1,70,,1030204,5,0,41,1,30,,1101325,5,0,41,1,70,,1044844,5,0,41,1,30,,1177264,5,0,41,1,70,,1177275,5,0,41,1,30,,1177260,5,0,41,1,70,,1177268,5,0,41,1,30,,1177270,5,0,41,1,70,,1177258,5,0,41,1,30,,1177266,5,0,41,1,70,,1177277,5,0,41,1,30,,1177276,5,0,41,1,70,,1177283,5,0,41,1,30,,1073560,5,0,41,1,70,,1177256,5,0,41,1,30,,1177262,5,0,41,1,70,,1177279,5,0,41,1
9000,'14',618,,1177323,5,0,41,1,29,,1177338,5,0,41,1,55,,1177344,5,0,41,1,15,,1177298,5,0,41,1,15,,1177340,5,0,41,1,14,,1177331,5,0,41,1,55,,1177307,5,0,41,1,15,,1177336,5,0,41,1,15,,1177319,5,0,41,1,15,,1177322,5,0,41,1,55,,1177324,5,0,41,1,15,,1177325,5,0,41,1,15,,1177339,5,0,41,1,15,,1177294,5,0,41,1,55,,1177314,5,0,41,1,15,,1177308,5,0,41,1,15,,1177303,5,0,41,1,15,,1177302,5,0,41,1,55,,1177300,5,0,41,1,15,,1177335,5,0,41,1,15,,1177299,5,0,41,1,15,,1177342,5,0,41,1,55,,1177341,5,0,41,1,15,,1177328,5,0,41,1,15,,1177295,5,0,41,1,15,,1177337,5,0,41,1,55,,1177332,5,0,41,1,15,,1177330,5,0,41,1,15,,1177333,5,0,41,1,15,,1177291,5,0,41,1,55,,1177297,5,0,41,1,15,,1177326,5,0,41,1,15,,1177310,5,0,41,1,70,,1177284,5,0,41,1,17,,1177321,5,0,41,1,13,,1177301,5,0,41,1,17,,1177311,5,0,41,1,53,,1177292,5,0,41,1,17,,1177289,5,0,41,1,15,,1177306,5,0,41,1,15,,1177293,5,0,41,1,55,,1177312,5,0,41,1,13,,1177287,5,0,41,1,14,,1177288,5,0,41,1,14,,1177315,5,0,41,1,14,,1177286,5,0,41,1,54,,1177320,5,0,41,1,14,,1177296,5,0,41,1,30,,1177309,5,0,41,1,70,,1177317,5,0,41,1,30,,1177329,5,0,41,1,70,,1177334,5,0,41,1,30,,1177327,5,0,41,1,70,,1177290,5,0,41,1,30,,1177285,5,0,41,1,70,,1177318,5,0,41,1,30,,1177304,5,0,41,1,75,,1177343,5,0,41,1,70,,1177305,5,0,41,1,30,,1177316,5,0,41,1
9000,'15',618,,1177402,5,0,41,1,29,,1177404,5,0,41,1,55,,1177368,5,0,41,1,15,,1177367,5,0,41,1,15,,1177359,5,0,41,1,14,,1177348,5,0,41,1,55,,1177371,5,0,41,1,15,,1177384,5,0,41,1,15,,1177387,5,0,41,1,15,,1177365,5,0,41,1,55,,1177354,5,0,41,1,15,,1177388,5,0,41,1,15,,1177378,5,0,41,1,15,,1177351,5,0,41,1,55,,1177375,5,0,41,1,15,,1177345,5,0,41,1,15,,1177366,5,0,41,1,15,,1177397,5,0,41,1,55,,1177390,5,0,41,1,15,,1177373,5,0,41,1,15,,1177396,5,0,41,1,15,,1177398,5,0,41,1,55,,1177353,5,0,41,1,15,,1177380,5,0,41,1,15,,1177355,5,0,41,1,15,,1177401,5,0,41,1,55,,1177395,5,0,41,1,15,,1177377,5,0,41,1,15,,1177352,5,0,41,1,15,,1177403,5,0,41,1,55,,1177358,5,0,41,1,15,,1177383,5,0,41,1,15,,1177405,5,0,41,1,70,,1177389,5,0,41,1,17,,1177346,5,0,41,1,13,,1177372,5,0,41,1,17,,1177399,5,0,41,1,53,,1177386,5,0,41,1,17,,1177369,5,0,41,1,15,,1177361,5,0,41,1,15,,1177381,5,0,41,1,55,,1177376,5,0,41,1,13,,1177394,5,0,41,1,14,,1177362,5,0,41,1,14,,1177379,5,0,41,1,14,,1177347,5,0,41,1,54,,1177349,5,0,41,1,14,,1177391,5,0,41,1,30,,1177393,5,0,41,1,70,,1177392,5,0,41,1,30,,1177370,5,0,41,1,70,,1177363,5,0,41,1,30,,1177374,5,0,41,1,70,,1177364,5,0,41,1,30,,1177385,5,0,41,1,70,,1177400,5,0,41,1,30,,1177350,5,0,41,1,75,,1177357,5,0,41,1,70,,1177360,5,0,41,1,30,,1177382,5,0,41,1
9000,'16',618,,1177414,5,0,41,1,29,,1177439,5,0,41,1,55,,1177443,5,0,41,1,15,,1177437,5,0,41,1,15,,1177449,5,0,41,1,14,,1177455,5,0,41,1,55,,1064155,5,0,41,1,15,,1177421,5,0,41,1,15,,1177406,5,0,41,1,15,,1177427,5,0,41,1,55,,1177440,5,0,41,1,15,,1177445,5,0,41,1,15,,1177441,5,0,41,1,15,,1177452,5,0,41,1,55,,1177454,5,0,41,1,15,,1177450,5,0,41,1,15,,1177430,5,0,41,1,15,,1177442,5,0,41,1,55,,1177419,5,0,41,1,15,,1177410,5,0,41,1,15,,1177422,5,0,41,1,15,,1177446,5,0,41,1,55,,1177432,5,0,41,1,15,,1177429,5,0,41,1,15,,1177436,5,0,41,1,15,,1079869,5,0,41,1,55,,1177412,5,0,41,1,15,,1177415,5,0,41,1,15,,956132,5,0,41,1,15,,1177423,5,0,41,1,55,,1177413,5,0,41,1,15,,1177460,5,0,41,1,15,,1177411,5,0,41,1,70,,1177409,5,0,41,1,17,,1177459,5,0,41,1,13,,1068408,5,0,41,1,17,,1177435,5,0,41,1,53,,1177433,5,0,41,1,17,,1177428,5,0,41,1,15,,1177447,5,0,41,1,15,,1177431,5,0,41,1,55,,1177451,5,0,41,1,13,,1177417,5,0,41,1,14,,1177408,5,0,41,1,14,,1072645,5,0,41,1,14,,1177457,5,0,41,1,54,,1177458,5,0,41,1,14,,1177456,5,0,41,1,30,,1177424,5,0,41,1,70,,1177416,5,0,41,1,30,,1177448,5,0,41,1,70,,1177434,5,0,41,1,30,,1177453,5,0,41,1,70,,1177444,5,0,41,1,30,,1177438,5,0,41,1,70,,1177426,5,0,41,1,30,,1177407,5,0,41,1,75,,1076678,5,0,41,1,70,,1177420,5,0,41,1,30,,1177418,5,0,41,1
9000,'17',706,,1177481,5,0,41,1,30,,1177469,5,0,41,1,70,,1177467,5,0,41,1,30,,1177478,5,0,41,1,70,,1177461,5,0,41,1,30,,1177465,5,0,41,1,70,,1177490,5,0,41,1,30,,1177483,5,0,41,1,70,,1177487,5,0,41,1,30,,1177471,5,0,41,1,70,,1177473,5,0,41,1,30,,1177482,5,0,41,1,70,,1177476,5,0,41,1,30,,1177489,5,0,41,1,70,,1177491,5,0,41,1,30,,1177480,5,0,41,1,70,,1177462,5,0,41,1,30,,1177474,5,0,41,1,70,,1177492,5,0,41,1,30,,1177472,5,0,41,1,70,,1177484,5,0,41,1,30,,1177468,5,0,41,1,70,,1177477,5,0,41,1,30,,1177479,5,0,41,1,70,,1177466,5,0,41,1,30,,1177475,5,0,41,1,70,,1177486,5,0,41,1,30,,1177485,5,0,41,1,70,,1177493,5,0,41,1,30,,1177463,5,0,41,1,70,,1177464,5,0,41,1,30,,1177470,5,0,41,1,70,,1177488,5,0,41,1
9000,'2',727,,1177495,5,0,41,1,30,,1177517,5,0,41,1,70,,1073739,5,0,41,1,30,,1177510,5,0,41,1,70,,1177503,5,0,41,1,30,,1177506,5,0,41,1,71,,1177518,5,0,41,1,30,,1177520,5,0,41,1,70,,1177497,5,0,41,1,30,,1177523,5,0,41,1,70,,1177507,5,0,41,1,30,,1177498,5,0,41,1,70,,1177522,5,0,41,1,30,,1100844,5,0,41,1,70,,1177513,5,0,41,1,30,,1177519,5,0,41,1,70,,1177496,5,0,41,1,30,,1177502,5,0,41,1,70,,1177509,5,0,41,1,30,,1177521,5,0,41,1,70,,1177501,5,0,41,1,30,,1177508,5,0,41,1,70,,1177504,5,0,41,1,30,,1021648,5,0,41,1,70,,1177524,5,0,41,1,30,,1177516,5,0,41,1,70,,1177499,5,0,41,1,30,,1177511,5,0,41,1,70,,1177505,5,0,41,1,30,,1177500,5,0,41,1,70,,1177514,5,0,41,1,30,,1177512,5,0,41,1,70,,1177494,5,0,41,1,30,,1177515,5,0,41,1
9000,'3',706,,1177545,5,0,41,1,30,,1177533,5,0,41,1,70,,1177531,5,0,41,1,30,,1177542,5,0,41,1,70,,1177525,5,0,41,1,30,,1177529,5,0,41,1,70,,1177554,5,0,41,1,30,,1177547,5,0,41,1,70,,1177551,5,0,41,1,30,,1177535,5,0,41,1,70,,1177537,5,0,41,1,30,,1177546,5,0,41,1,70,,1177540,5,0,41,1,30,,1177553,5,0,41,1,70,,1177555,5,0,41,1,30,,1177544,5,0,41,1,70,,1177526,5,0,41,1,30,,1177538,5,0,41,1,70,,1177556,5,0,41,1,30,,1177536,5,0,41,1,70,,1177548,5,0,41,1,30,,1177532,5,0,41,1,70,,1177541,5,0,41,1,30,,1177543,5,0,41,1,70,,1177530,5,0,41,1,30,,1177539,5,0,41,1,70,,1177550,5,0,41,1,30,,1177549,5,0,41,1,70,,1177557,5,0,41,1,30,,1177527,5,0,41,1,70,,1177528,5,0,41,1,30,,1177534,5,0,41,1,70,,1177552,5,0,41,1
9000,'4',706,,1177571,5,0,41,1,30,,1177574,5,0,41,1,70,,1177572,5,0,41,1,30,,1177563,5,0,41,1,70,,1177564,5,0,41,1,30,,1177569,5,0,41,1,70,,1177579,5,0,41,1,30,,1177580,5,0,41,1,70,,1177576,5,0,41,1,30,,1177559,5,0,41,1,70,,995812,5,0,41,1,30,,1177570,5,0,41,1,70,,1177568,5,0,41,1,30,,1055317,5,0,41,1,70,,1177566,5,0,41,1,30,,1177578,5,0,41,1,70,,1177582,5,0,41,1,30,,1037593,5,0,41,1,70,,1177558,5,0,41,1,30,,1177565,5,0,41,1,70,,1177577,5,0,41,1,30,,1177584,5,0,41,1,70,,1177575,5,0,41,1,30,,1177560,5,0,41,1,70,,1177583,5,0,41,1,30,,997298,5,0,41,1,70,,996619,5,0,41,1,30,,1177573,5,0,41,1,70,,1177567,5,0,41,1,30,,1177581,5,0,41,1,70,,1177562,5,0,41,1,30,,1177561,5,0,41,1,70,,1177585,5,0,41,1
9000,'5',618,,1177622,5,0,41,1,29,,1177637,5,0,41,1,55,,1177640,5,0,41,1,15,,1177597,5,0,41,1,15,,1177638,5,0,41,1,14,,1177630,5,0,41,1,55,,1177606,5,0,41,1,15,,1177635,5,0,41,1,15,,1177618,5,0,41,1,15,,1177621,5,0,41,1,55,,1177623,5,0,41,1,15,,1177624,5,0,41,1,15,,1012186,5,0,41,1,15,,1177593,5,0,41,1,55,,1177613,5,0,41,1,15,,1177607,5,0,41,1,15,,1177602,5,0,41,1,15,,1177601,5,0,41,1,55,,1177599,5,0,41,1,15,,1177634,5,0,41,1,15,,1177598,5,0,41,1,15,,1080725,5,0,41,1,55,,1177639,5,0,41,1,15,,1177627,5,0,41,1,15,,1177594,5,0,41,1,15,,1177636,5,0,41,1,55,,1177631,5,0,41,1,15,,1177629,5,0,41,1,15,,1177632,5,0,41,1,15,,1177590,5,0,41,1,55,,1177596,5,0,41,1,15,,1177625,5,0,41,1,15,,1177609,5,0,41,1,70,,1045813,5,0,41,1,17,,1177620,5,0,41,1,13,,1177600,5,0,41,1,17,,1177610,5,0,41,1,53,,1177591,5,0,41,1,17,,1177589,5,0,41,1,15,,1177605,5,0,41,1,15,,1177592,5,0,41,1,55,,1177611,5,0,41,1,13,,1177587,5,0,41,1,14,,1177588,5,0,41,1,14,,1177614,5,0,41,1,14,,1177586,5,0,41,1,54,,1177619,5,0,41,1,14,,1177595,5,0,41,1,30,,1177608,5,0,41,1,70,,1177616,5,0,41,1,30,,1177628,5,0,41,1,70,,1177633,5,0,41,1,30,,1177626,5,0,41,1,70,,1071901,5,0,41,1,30,,1081627,5,0,41,1,70,,1177617,5,0,41,1,30,,1177603,5,0,41,1,75,,957239,5,0,41,1,70,,1177604,5,0,41,1,30,,1177615,5,0,41,1
9000,'6',618,,1040112,5,0,41,1,29,,1177674,5,0,41,1,55,,1177678,5,0,41,1,15,,1177672,5,0,41,1,15,,1177684,5,0,41,1,14,,1177690,5,0,41,1,55,,1177666,5,0,41,1,15,,1177656,5,0,41,1,15,,1177641,5,0,41,1,15,,1096522,5,0,41,1,55,,1177675,5,0,41,1,15,,1177680,5,0,41,1,15,,1177676,5,0,41,1,15,,1177687,5,0,41,1,55,,1177689,5,0,41,1,15,,1177685,5,0,41,1,15,,1177664,5,0,41,1,15,,1177677,5,0,41,1,55,,1177654,5,0,41,1,15,,1177646,5,0,41,1,15,,1177657,5,0,41,1,15,,1177681,5,0,41,1,55,,1177667,5,0,41,1,15,,1177663,5,0,41,1,15,,1177671,5,0,41,1,15,,1177644,5,0,41,1,55,,1177648,5,0,41,1,15,,1177649,5,0,41,1,15,,1177651,5,0,41,1,15,,1177658,5,0,41,1,55,,1003580,5,0,41,1,15,,1177695,5,0,41,1,15,,1177647,5,0,41,1,70,,1177645,5,0,41,1,17,,1177694,5,0,41,1,13,,1177642,5,0,41,1,17,,1177670,5,0,41,1,53,,1177668,5,0,41,1,17,,1177662,5,0,41,1,15,,1177682,5,0,41,1,15,,1177665,5,0,41,1,55,,1177686,5,0,41,1,13,,1073486,5,0,41,1,14,,1083316,5,0,41,1,14,,1177653,5,0,41,1,14,,1177692,5,0,41,1,54,,1177693,5,0,41,1,14,,1177691,5,0,41,1,30,,1177659,5,0,41,1,70,,1177650,5,0,41,1,30,,1177683,5,0,41,1,70,,1177669,5,0,41,1,30,,1177688,5,0,41,1,70,,1177679,5,0,41,1,30,,1177673,5,0,41,1,70,,1177661,5,0,41,1,30,,1177643,5,0,41,1,75,,1177652,5,0,41,1,70,,1177655,5,0,41,1,30,,1004815,5,0,41,1
9000,'7',727,,1177714,5,0,41,1,30,,1177729,5,0,41,1,70,,1177704,5,0,41,1,30,,1177725,5,0,41,1,70,,1177712,5,0,41,1,30,,1177696,5,0,41,1,71,,1177703,5,0,41,1,30,,1177717,5,0,41,1,70,,1177702,5,0,41,1,30,,1177707,5,0,41,1,70,,1177727,5,0,41,1,30,,1177719,5,0,41,1,70,,1177726,5,0,41,1,30,,1177722,5,0,41,1,70,,1177701,5,0,41,1,30,,1177728,5,0,41,1,70,,1177700,5,0,41,1,30,,1177721,5,0,41,1,70,,1177705,5,0,41,1,30,,1177710,5,0,41,1,70,,1177715,5,0,41,1,30,,1177698,5,0,41,1,70,,1177718,5,0,41,1,30,,1177716,5,0,41,1,70,,1177720,5,0,41,1,30,,1177711,5,0,41,1,70,,1177708,5,0,41,1,30,,1177713,5,0,41,1,70,,1177706,5,0,41,1,30,,1177723,5,0,41,1,70,,1177697,5,0,41,1,30,,1177699,5,0,41,1,70,,1177724,5,0,41,1,30,,1177709,5,0,41,1
9000,'8',618,,1177740,5,0,41,1,29,,1177769,5,0,41,1,55,,1177773,5,0,41,1,15,,1177767,5,0,41,1,15,,1177779,5,0,41,1,14,,1177785,5,0,41,1,55,,1177761,5,0,41,1,15,,1177750,5,0,41,1,15,,1177730,5,0,41,1,15,,1177756,5,0,41,1,55,,1177770,5,0,41,1,15,,1177775,5,0,41,1,15,,1177771,5,0,41,1,15,,1177782,5,0,41,1,55,,1177784,5,0,41,1,15,,1177780,5,0,41,1,15,,1177759,5,0,41,1,15,,1177772,5,0,41,1,55,,1177748,5,0,41,1,15,,1177736,5,0,41,1,15,,1177751,5,0,41,1,15,,1177776,5,0,41,1,55,,1177762,5,0,41,1,15,,1177758,5,0,41,1,15,,1177766,5,0,41,1,15,,1177734,5,0,41,1,55,,1177738,5,0,41,1,15,,1177741,5,0,41,1,15,,1177744,5,0,41,1,15,,1177752,5,0,41,1,55,,1177739,5,0,41,1,15,,1177790,5,0,41,1,15,,1177737,5,0,41,1,70,,1177735,5,0,41,1,17,,1177789,5,0,41,1,13,,1177731,5,0,41,1,17,,1177765,5,0,41,1,53,,1177763,5,0,41,1,17,,1177757,5,0,41,1,15,,1177777,5,0,41,1,15,,1177760,5,0,41,1,55,,1177781,5,0,41,1,13,,1177743,5,0,41,1,14,,1177733,5,0,41,1,14,,1177747,5,0,41,1,14,,1177787,5,0,41,1,54,,1177788,5,0,41,1,14,,1177786,5,0,41,1,30,,1177753,5,0,41,1,70,,1177742,5,0,41,1,30,,1177778,5,0,41,1,70,,1177764,5,0,41,1,30,,1177783,5,0,41,1,70,,1177774,5,0,41,1,30,,1177768,5,0,41,1,70,,1177755,5,0,41,1,30,,1177732,5,0,41,1,75,,1177746,5,0,41,1,70,,1177749,5,0,41,1,30,,1177745,5,0,41,1
9000,'9',618,,1177827,5,0,41,1,29,,1177842,5,0,41,1,55,,1177845,5,0,41,1,15,,1177802,5,0,41,1,15,,1177843,5,0,41,1,14,,1177835,5,0,41,1,55,,1177811,5,0,41,1,15,,1177840,5,0,41,1,15,,1177823,5,0,41,1,15,,1177826,5,0,41,1,55,,1177828,5,0,41,1,15,,1177829,5,0,41,1,15,,1012353,5,0,41,1,15,,1177798,5,0,41,1,55,,1177818,5,0,41,1,15,,1177812,5,0,41,1,15,,1177807,5,0,41,1,15,,1177806,5,0,41,1,55,,1177804,5,0,41,1,15,,1177839,5,0,41,1,15,,1177803,5,0,41,1,15,,1080636,5,0,41,1,55,,1177844,5,0,41,1,15,,1177832,5,0,41,1,15,,1177799,5,0,41,1,15,,1177841,5,0,41,1,55,,1177836,5,0,41,1,15,,1177834,5,0,41,1,15,,1177837,5,0,41,1,15,,1177795,5,0,41,1,55,,1177801,5,0,41,1,15,,1177830,5,0,41,1,15,,1177814,5,0,41,1,70,,1045878,5,0,41,1,17,,1177825,5,0,41,1,13,,1177805,5,0,41,1,17,,1177815,5,0,41,1,53,,1177796,5,0,41,1,17,,1177794,5,0,41,1,15,,1177810,5,0,41,1,15,,1177797,5,0,41,1,55,,1177816,5,0,41,1,13,,1177792,5,0,41,1,14,,1177793,5,0,41,1,14,,1177819,5,0,41,1,14,,1177791,5,0,41,1,54,,1177824,5,0,41,1,14,,1177800,5,0,41,1,30,,1177813,5,0,41,1,70,,1177821,5,0,41,1,30,,1177833,5,0,41,1,70,,1177838,5,0,41,1,30,,1177831,5,0,41,1,70,,1071829,5,0,41,1,30,,1081525,5,0,41,1,70,,1177822,5,0,41,1,30,,1177808,5,0,41,1,75,,957218,5,0,41,1,70,,1177809,5,0,41,1,30,,1177820,5,0,41,1
9001,'1',439,,1177874,46,,,1,100,,1177878,46,,,1,19,,1177852,46,,,1,59,,1177853,46,,,1,16,,1075925,46,,,1,15,,1015103,46,,,1,55,,1177884,46,,,1,15,,1177857,46,,,1,25,,1177854,46,,,1,16,,1039384,46,,,1,53,,1071707,46,,,1,15,,1177876,46,,,1,17,,1177858,46,,,1,57,,1177865,46,,,1,13,,1177892,46,,,1,12,,1177850,46,,,1,15,,1177873,46,,,1,15,,1177883,46,,,1,55,,1177849,46,,,1,15,,1177888,46,,,1,15,,1177867,46,,,1,15,,1177846,46,,,1,55,,1177864,46,,,1,15,,1177889,46,,,1,15,,1177887,46,,,1,16,,1177881,46,,,1,55,,1021156,46,,,1,15,,1177869,46,,,1,15,,1177877,46,,,1,15,,1177891,46,,,1,55,,1045874,46,,,1,15,,1097479,46,,,1,15,,1177871,46,,,1,15,,1177890,46,,,1,55,,1177870,46,,,1,15,,1177879,46,,,1,15,,1177866,46,,,1,15,,1177860,46,,,1,55,,1064696,46,,,1,9,,1177895,10,,,1,9,,1177848,46,,,1,15,,1101401,46,,,1,55,,1177863,46,,,1,15,,1177875,46,,,1,15,,1177894,46,,,1,15,,1098371,46,,,1,55,,1177893,46,,,1,15,,1177862,46,,,1,15,,1177859,46,,,1,12,,1177861,46,,,1,15,,1098380,46,,,1,57,,1177868,46,,,1,30,,1177872,46,,,1,71,,1177856,46,,,1,32,,1177847,46,,,1,70,,877364,46,,,1,27,,974806,46,,,1,70,,1002708,46,,,1,30,,1177886,46,,,1,70,,1039043,46,,,1,29,,1177880,46,,,1,70,,1177885,46,,,1,30,,1177851,46,,,1,63,,1177882,46,,,1
9001,'10',439,,1177924,46,,,1,100,,1177928,46,,,1,19,,1177902,46,,,1,59,,1177903,46,,,1,16,,1075700,46,,,1,15,,1015294,46,,,1,55,,1177934,46,,,1,15,,1177907,46,,,1,25,,1177904,46,,,1,16,,1039468,46,,,1,53,,1071558,46,,,1,15,,1177926,46,,,1,17,,1177908,46,,,1,57,,1177915,46,,,1,13,,1177942,46,,,1,12,,1177900,46,,,1,15,,1177923,46,,,1,15,,1177933,46,,,1,55,,1177899,46,,,1,15,,1177938,46,,,1,15,,1177917,46,,,1,15,,1177896,46,,,1,55,,1177914,46,,,1,15,,1177939,46,,,1,15,,1177937,46,,,1,16,,1177931,46,,,1,55,,1021325,46,,,1,15,,1177919,46,,,1,15,,1177927,46,,,1,15,,1177941,46,,,1,55,,1045917,46,,,1,15,,1097242,46,,,1,15,,1177921,46,,,1,15,,1177940,46,,,1,55,,1177920,46,,,1,15,,1177929,46,,,1,15,,1177916,46,,,1,15,,1177910,46,,,1,55,,1064547,46,,,1,9,,1177945,10,,,1,9,,1177898,46,,,1,15,,1101247,46,,,1,55,,1177913,46,,,1,15,,1177925,46,,,1,15,,1177944,46,,,1,15,,1098225,46,,,1,55,,1177943,46,,,1,15,,1177912,46,,,1,15,,1177909,46,,,1,12,,1177911,46,,,1,15,,1098234,46,,,1,57,,1177918,46,,,1,30,,1177922,46,,,1,71,,1177906,46,,,1,32,,1177897,46,,,1,70,,877388,46,,,1,27,,974632,46,,,1,70,,1002878,46,,,1,30,,1177936,46,,,1,70,,1039124,46,,,1,29,,1177930,46,,,1,70,,1177935,46,,,1,30,,1177901,46,,,1,63,,1177932,46,,,1
9001,'11',439,,1177974,46,,,1,100,,1177978,46,,,1,19,,1177952,46,,,1,59,,1177953,46,,,1,16,,1075995,46,,,1,15,,1015049,46,,,1,55,,1177984,46,,,1,15,,1177957,46,,,1,25,,1177954,46,,,1,16,,1039360,46,,,1,53,,1071749,46,,,1,15,,1177976,46,,,1,17,,1177958,46,,,1,57,,1177965,46,,,1,13,,1177992,46,,,1,12,,1177950,46,,,1,15,,1177973,46,,,1,15,,1177983,46,,,1,55,,1177949,46,,,1,15,,1177988,46,,,1,15,,1177967,46,,,1,15,,1177946,46,,,1,55,,1177964,46,,,1,15,,1177989,46,,,1,15,,1177987,46,,,1,16,,1177981,46,,,1,55,,1021108,46,,,1,15,,1177969,46,,,1,15,,1177977,46,,,1,15,,1177991,46,,,1,55,,1045863,46,,,1,15,,1097548,46,,,1,15,,1177971,46,,,1,15,,1177990,46,,,1,55,,1177970,46,,,1,15,,1177979,46,,,1,15,,1177966,46,,,1,15,,1177960,46,,,1,55,,1064743,46,,,1,9,,1177995,10,,,1,9,,1177948,46,,,1,15,,1101442,46,,,1,55,,1177963,46,,,1,15,,1177975,46,,,1,15,,1177994,46,,,1,15,,1098411,46,,,1,55,,1177993,46,,,1,15,,1177962,46,,,1,15,,1177959,46,,,1,12,,1177961,46,,,1,15,,1098420,46,,,1,57,,1177968,46,,,1,30,,1177972,46,,,1,71,,1177956,46,,,1,32,,1177947,46,,,1,70,,877318,46,,,1,27,,974780,46,,,1,70,,1002661,46,,,1,30,,1177986,46,,,1,70,,1039020,46,,,1,29,,1177980,46,,,1,70,,1177985,46,,,1,30,,1177951,46,,,1,63,,1177982,46,,,1
9001,'12',439,,1178033,46,,,1,100,,1178054,46,,,1,19,,1050489,46,,,1,59,,1178032,46,,,1,16,,1071654,46,,,1,15,,1178021,46,,,1,55,,1178013,46,,,1,15,,1178045,46,,,1,25,,1178016,46,,,1,16,,1098993,46,,,1,53,,1085948,46,,,1,15,,1178014,46,,,1,17,,1178017,46,,,1,57,,1178000,46,,,1,13,,1178052,46,,,1,12,,1178012,46,,,1,15,,1178010,46,,,1,15,,1178006,46,,,1,55,,1178050,46,,,1,15,,1079512,46,,,1,15,,1178002,46,,,1,15,,1177997,46,,,1,55,,1178003,46,,,1,15,,1178048,46,,,1,15,,1177998,46,,,1,16,,1178023,46,,,1,55,,1178043,46,,,1,15,,1177996,46,,,1,15,,1178022,46,,,1,15,,1178031,46,,,1,55,,1178040,46,,,1,15,,1178005,46,,,1,15,,1178041,46,,,1,15,,1178034,46,,,1,55,,1178038,46,,,1,15,,1178008,46,,,1,15,,1178018,46,,,1,15,,1178004,46,,,1,55,,1178015,46,,,1,9,,1178047,10,,,1,9,,1178042,46,,,1,15,,1178011,46,,,1,55,,1178024,46,,,1,15,,1178044,46,,,1,15,,1178030,46,,,1,15,,1178019,46,,,1,55,,1178009,46,,,1,15,,1178020,46,,,1,15,,1178036,46,,,1,12,,1178039,46,,,1,15,,1178007,46,,,1,57,,1178025,46,,,1,30,,1178028,46,,,1,71,,1178053,46,,,1,32,,1178035,46,,,1,70,,1178029,46,,,1,27,,1178046,46,,,1,70,,1178049,46,,,1,30,,1178037,46,,,1,70,,1178051,46,,,1,29,,1178026,46,,,1,70,,997019,46,,,1,30,,1178001,46,,,1,63,,1178027,46,,,1
9001,'13',736,,1178074,46,,,1,70,,1178058,46,,,1,31,,1178082,46,,,1,70,,1178066,46,,,1,30,,1178055,46,,,1,70,,1178084,46,,,1,30,,1178079,46,,,1,70,,1178075,46,,,1,30,,1178062,46,,,1,70,,1178060,46,,,1,31,,1178063,46,,,1,70,,1178064,46,,,1,30,,1178069,46,,,1,70,,1178076,46,,,1,30,,1178059,46,,,1,70,,1074449,46,,,1,30,,1178081,46,,,1,70,,1178072,46,,,1,30,,1178057,46,,,1,70,,1178071,46,,,1,30,,1083460,46,,,1,70,,1178083,46,,,1,29,,1178080,46,,,1,70,,1178068,46,,,1,30,,1178078,46,,,1,70,,1178056,46,,,1,29,,1178067,46,,,1,70,,1178061,46,,,1,29,,1178070,46,,,1,70,,1068800,46,,,1,30,,1178077,46,,,1,70,,1178065,46,,,1,30,,1178073,46,,,1
9001,'14',439,,1178121,46,,,1,100,,1178125,46,,,1,19,,1178096,46,,,1,59,,1178097,46,,,1,16,,1178088,46,,,1,15,,1178098,46,,,1,55,,1178131,46,,,1,15,,1178103,46,,,1,25,,1178099,46,,,1,16,,1178139,46,,,1,53,,1178146,46,,,1,15,,1178123,46,,,1,17,,1178104,46,,,1,57,,1178112,46,,,1,13,,1178142,46,,,1,12,,1178091,46,,,1,15,,1178120,46,,,1,15,,1178130,46,,,1,55,,1178090,46,,,1,15,,1178135,46,,,1,15,,1178114,46,,,1,15,,1178085,46,,,1,55,,1178111,46,,,1,15,,1178136,46,,,1,15,,1178134,46,,,1,16,,1178128,46,,,1,55,,1178093,46,,,1,15,,1178116,46,,,1,15,,1178124,46,,,1,15,,1178138,46,,,1,55,,1178101,46,,,1,15,,1178148,46,,,1,15,,1178118,46,,,1,15,,1178137,46,,,1,55,,1178117,46,,,1,15,,1178126,46,,,1,15,,1178113,46,,,1,15,,1178106,46,,,1,55,,1178147,46,,,1,9,,1178149,10,,,1,9,,1178089,46,,,1,15,,1178086,46,,,1,55,,1178110,46,,,1,15,,1178122,46,,,1,15,,1178144,46,,,1,15,,1178092,46,,,1,55,,1178143,46,,,1,15,,1178109,46,,,1,15,,1178105,46,,,1,12,,1178108,46,,,1,15,,1178140,46,,,1,57,,1178115,46,,,1,30,,1178119,46,,,1,71,,1178102,46,,,1,32,,1178087,46,,,1,70,,1178107,46,,,1,27,,1178145,46,,,1,70,,1178095,46,,,1,30,,1178133,46,,,1,70,,1178141,46,,,1,29,,1178127,46,,,1,70,,1178132,46,,,1,30,,1178094,46,,,1,63,,1178129,46,,,1
9001,'15',439,,1178189,46,,,1,100,,1178159,46,,,1,19,,1178162,46,,,1,59,,1178170,46,,,1,16,,1178167,46,,,1,15,,1178195,46,,,1,55,,1178154,46,,,1,15,,1178152,46,,,1,25,,1178204,46,,,1,16,,1178214,46,,,1,53,,1178198,46,,,1,15,,1178212,46,,,1,17,,1178193,46,,,1,57,,1178151,46,,,1,13,,1178177,46,,,1,12,,1178169,46,,,1,15,,1178156,46,,,1,15,,1178180,46,,,1,55,,1178185,46,,,1,15,,1178153,46,,,1,15,,1178186,46,,,1,15,,1178174,46,,,1,55,,1178210,46,,,1,15,,1178192,46,,,1,15,,1178184,46,,,1,16,,1178187,46,,,1,55,,1178171,46,,,1,15,,1178161,46,,,1,15,,1178150,46,,,1,15,,1178155,46,,,1,55,,1178163,46,,,1,15,,1178172,46,,,1,15,,1178196,46,,,1,15,,1178168,46,,,1,55,,1178209,46,,,1,15,,1178157,46,,,1,15,,1178191,46,,,1,15,,1178178,46,,,1,55,,1178200,46,,,1,9,,1178203,10,,,1,9,,1178176,46,,,1,15,,1178190,46,,,1,55,,1178183,46,,,1,15,,1178164,46,,,1,15,,1178199,46,,,1,15,,1178160,46,,,1,55,,1178206,46,,,1,15,,1178188,46,,,1,15,,1178179,46,,,1,12,,1178211,46,,,1,15,,1178208,46,,,1,57,,1178202,46,,,1,30,,1178213,46,,,1,71,,1178165,46,,,1,32,,1178197,46,,,1,70,,1178181,46,,,1,27,,1178166,46,,,1,70,,1178207,46,,,1,30,,1178173,46,,,1,70,,1178175,46,,,1,29,,1178194,46,,,1,70,,1178201,46,,,1,30,,1178158,46,,,1,63,,1178205,46,,,1
9001,'16',439,,1178249,46,,,1,100,,1094865,46,,,1,19,,1178252,46,,,1,59,,1178248,46,,,1,16,,1178261,46,,,1,15,,1178238,46,,,1,55,,1178229,46,,,1,15,,1178263,46,,,1,25,,1178232,46,,,1,16,,1178234,46,,,1,53,,1178269,46,,,1,15,,1178230,46,,,1,17,,1178233,46,,,1,57,,1071710,46,,,1,13,,1178271,46,,,1,12,,1178228,46,,,1,15,,1178226,46,,,1,15,,1178222,46,,,1,55,,1178268,46,,,1,15,,1178273,46,,,1,15,,1065159,46,,,1,15,,1178216,46,,,1,55,,1178220,46,,,1,15,,1178266,46,,,1,15,,1178217,46,,,1,16,,1178240,46,,,1,55,,1178262,46,,,1,15,,1178215,46,,,1,15,,1178239,46,,,1,15,,1178247,46,,,1,55,,1178257,46,,,1,15,,1178221,46,,,1,15,,1178259,46,,,1,15,,1178250,46,,,1,55,,1178255,46,,,1,15,,1178224,46,,,1,15,,1178235,46,,,1,15,,1066560,46,,,1,55,,1178231,46,,,1,9,,1178265,10,,,1,9,,1178260,46,,,1,15,,1178227,46,,,1,55,,1178241,46,,,1,15,,1073457,46,,,1,15,,1178246,46,,,1,15,,1178236,46,,,1,55,,1178225,46,,,1,15,,1178237,46,,,1,15,,1178253,46,,,1,12,,1178256,46,,,1,15,,1178223,46,,,1,57,,1178242,46,,,1,30,,1178244,46,,,1,71,,1178272,46,,,1,32,,1178251,46,,,1,70,,1178245,46,,,1,27,,1178264,46,,,1,70,,1178267,46,,,1,30,,1178254,46,,,1,70,,1178270,46,,,1,29,,1178243,46,,,1,70,,1178258,46,,,1,30,,1178219,46,,,1,63,,1064941,46,,,1
9001,'17',736,,1178294,46,,,1,70,,1178278,46,,,1,31,,1178303,46,,,1,70,,1178286,46,,,1,30,,1178274,46,,,1,70,,1178305,46,,,1,30,,1178299,46,,,1,70,,1178295,46,,,1,30,,1178282,46,,,1,70,,1178280,46,,,1,31,,1178283,46,,,1,70,,1178284,46,,,1,30,,1178289,46,,,1,70,,1178296,46,,,1,30,,1178279,46,,,1,70,,1178306,46,,,1,30,,1178301,46,,,1,70,,1178292,46,,,1,30,,1178277,46,,,1,70,,1178291,46,,,1,30,,1178276,46,,,1,70,,1178304,46,,,1,29,,1178300,46,,,1,70,,1178288,46,,,1,30,,1178298,46,,,1,70,,1178275,46,,,1,29,,1178287,46,,,1,70,,1178281,46,,,1,29,,1178290,46,,,1,70,,1178302,46,,,1,30,,1178297,46,,,1,70,,1178285,46,,,1,30,,1178293,46,,,1
9001,'2',542,,1178320,46,,,1,70,,1178310,46,,,1,30,,1178313,46,,,1,70,,1049108,46,,,1,30,,1178307,46,,,1,70,,1178324,46,,,1,31,,1178321,46,,,1,70,,1178334,46,,,1,30,,1089661,46,,,1,70,,1178312,46,,,1,30,,1178318,46,,,1,70,,1069447,46,,,1,30,,1178331,46,,,1,70,,1178309,46,,,1,31,,1178329,46,,,1,70,,1178330,46,,,1,30,,1178308,46,,,1,70,,1085350,46,,,1,30,,1178325,46,,,1,70,,1178333,46,,,1,30,,1178311,46,,,1,70,,1178315,46,,,1,30,,1178335,46,,,1,70,,1178336,46,,,1,30,,1178328,46,,,1,70,,1178319,46,,,1,29,,1178323,46,,,1,70,,1178317,46,,,1,30,,1178332,46,,,1,70,,1099925,46,,,1,29,,1178316,46,,,1,70,,1178326,46,,,1,29,,1178327,46,,,1,70,,1178322,46,,,1,30,,1079722,46,,,1,70,,1178314,46,,,1,30,,1178337,46,,,1
9001,'3',736,,1178358,46,,,1,70,,1178342,46,,,1,31,,1178367,46,,,1,70,,1178350,46,,,1,30,,1178338,46,,,1,70,,1178369,46,,,1,30,,1178363,46,,,1,70,,1178359,46,,,1,30,,1178346,46,,,1,70,,1178344,46,,,1,31,,1178347,46,,,1,70,,1178348,46,,,1,30,,1178353,46,,,1,70,,1178360,46,,,1,30,,1178343,46,,,1,70,,1178370,46,,,1,30,,1178365,46,,,1,70,,1178356,46,,,1,30,,1178341,46,,,1,70,,1178355,46,,,1,30,,1178340,46,,,1,70,,1178368,46,,,1,29,,1178364,46,,,1,70,,1178352,46,,,1,30,,1178362,46,,,1,70,,1178339,46,,,1,29,,1178351,46,,,1,70,,1178345,46,,,1,29,,1178354,46,,,1,70,,1178366,46,,,1,30,,1178361,46,,,1,70,,1178349,46,,,1,30,,1178357,46,,,1
9001,'4',736,,1178383,46,,,1,70,,1178399,46,,,1,31,,1178388,46,,,1,70,,1178378,46,,,1,30,,1178375,46,,,1,70,,1178380,46,,,1,30,,1178384,46,,,1,70,,1178394,46,,,1,30,,1178381,46,,,1,70,,1178392,46,,,1,31,,1178385,46,,,1,70,,1178396,46,,,1,30,,1092756,46,,,1,70,,1178379,46,,,1,30,,1178377,46,,,1,70,,1178402,46,,,1,30,,1178398,46,,,1,70,,1178391,46,,,1,30,,1178397,46,,,1,70,,1178382,46,,,1,30,,1178395,46,,,1,70,,1178389,46,,,1,29,,1178374,46,,,1,70,,1178400,46,,,1,30,,1178376,46,,,1,70,,1178373,46,,,1,29,,1178386,46,,,1,70,,1178393,46,,,1,29,,1178372,46,,,1,70,,1178387,46,,,1,30,,1178371,46,,,1,70,,1178390,46,,,1,30,,1178401,46,,,1
9001,'5',439,,1178431,46,,,1,100,,1178435,46,,,1,19,,1178409,46,,,1,59,,1178410,46,,,1,16,,1075886,46,,,1,15,,1014722,46,,,1,55,,1178441,46,,,1,15,,1178414,46,,,1,25,,1178411,46,,,1,16,,1039235,46,,,1,53,,1071683,46,,,1,15,,1178433,46,,,1,17,,1178415,46,,,1,57,,1178422,46,,,1,13,,1178449,46,,,1,12,,1178407,46,,,1,15,,1178430,46,,,1,15,,1178440,46,,,1,55,,1178406,46,,,1,15,,1178445,46,,,1,15,,1178424,46,,,1,15,,1178403,46,,,1,55,,1178421,46,,,1,15,,1178446,46,,,1,15,,1178444,46,,,1,16,,1178438,46,,,1,55,,1020872,46,,,1,15,,1178426,46,,,1,15,,1178434,46,,,1,15,,1178448,46,,,1,55,,1045820,46,,,1,15,,1097433,46,,,1,15,,1178428,46,,,1,15,,1178447,46,,,1,55,,1178427,46,,,1,15,,1178436,46,,,1,15,,1178423,46,,,1,15,,1178417,46,,,1,55,,1064675,46,,,1,9,,1178452,10,,,1,9,,1178405,46,,,1,15,,1101380,46,,,1,55,,1178420,46,,,1,15,,1178432,46,,,1,15,,1178451,46,,,1,15,,1098353,46,,,1,55,,1178450,46,,,1,15,,1178419,46,,,1,15,,1178416,46,,,1,12,,1178418,46,,,1,15,,1098362,46,,,1,57,,1178425,46,,,1,30,,1178429,46,,,1,71,,1178413,46,,,1,32,,1178404,46,,,1,70,,877458,46,,,1,27,,974887,46,,,1,70,,1002389,46,,,1,30,,1178443,46,,,1,70,,1038892,46,,,1,29,,1178437,46,,,1,70,,1178442,46,,,1,30,,1178408,46,,,1,63,,1178439,46,,,1
9001,'6',439,,1178488,46,,,1,100,,1178506,46,,,1,19,,1178491,46,,,1,59,,1178487,46,,,1,16,,1178499,46,,,1,15,,1178476,46,,,1,55,,1178467,46,,,1,15,,1178502,46,,,1,25,,1178470,46,,,1,16,,1178472,46,,,1,53,,1178504,46,,,1,15,,1178468,46,,,1,17,,1178471,46,,,1,57,,1178454,46,,,1,13,,1027410,46,,,1,12,,1178466,46,,,1,15,,1178464,46,,,1,15,,1178460,46,,,1,55,,1066641,46,,,1,15,,1178507,46,,,1,15,,1178456,46,,,1,15,,1079244,46,,,1,55,,1178457,46,,,1,15,,1178503,46,,,1,15,,1093008,46,,,1,16,,1178478,46,,,1,55,,1178500,46,,,1,15,,1091391,46,,,1,15,,1178477,46,,,1,15,,1178486,46,,,1,55,,1178495,46,,,1,15,,1178459,46,,,1,15,,1178497,46,,,1,15,,1178489,46,,,1,55,,1178493,46,,,1,15,,1178462,46,,,1,15,,1178473,46,,,1,15,,1178458,46,,,1,55,,1178469,46,,,1,9,,1052237,10,,,1,9,,1178498,46,,,1,15,,1178465,46,,,1,55,,1178479,46,,,1,15,,1178501,46,,,1,15,,1178485,46,,,1,15,,1178474,46,,,1,55,,1178463,46,,,1,15,,1178475,46,,,1,15,,1031871,46,,,1,12,,1178494,46,,,1,15,,1178461,46,,,1,57,,1178480,46,,,1,30,,1178483,46,,,1,71,,960122,46,,,1,32,,1178490,46,,,1,70,,1178484,46,,,1,27,,1040126,46,,,1,70,,1087691,46,,,1,30,,1178492,46,,,1,70,,1178505,46,,,1,29,,1178481,46,,,1,70,,1178496,46,,,1,30,,1178455,46,,,1,63,,1178482,46,,,1
9001,'7',542,,1178520,46,,,1,70,,1178514,46,,,1,30,,1178509,46,,,1,70,,1178538,46,,,1,30,,1178521,46,,,1,70,,1178534,46,,,1,31,,1178525,46,,,1,70,,1178515,46,,,1,30,,1178541,46,,,1,70,,1178542,46,,,1,30,,1178528,46,,,1,70,,1178522,46,,,1,30,,1178540,46,,,1,70,,1178535,46,,,1,31,,1178527,46,,,1,70,,1178526,46,,,1,30,,1178532,46,,,1,70,,1178512,46,,,1,30,,1178544,46,,,1,70,,1178539,46,,,1,30,,1178510,46,,,1,70,,1178523,46,,,1,30,,1178543,46,,,1,70,,1178524,46,,,1,30,,1178519,46,,,1,70,,1178531,46,,,1,29,,1178508,46,,,1,70,,1178533,46,,,1,30,,1178518,46,,,1,70,,1178517,46,,,1,29,,1178529,46,,,1,70,,1178536,46,,,1,29,,1178530,46,,,1,70,,1178516,46,,,1,30,,1178513,46,,,1,70,,1178537,46,,,1,30,,1178511,46,,,1
9001,'8',439,,1178583,46,,,1,100,,1178608,46,,,1,19,,1178586,46,,,1,59,,1178582,46,,,1,16,,1178595,46,,,1,15,,1178571,46,,,1,55,,1178562,46,,,1,15,,1178598,46,,,1,25,,1178565,46,,,1,16,,1178567,46,,,1,53,,1178604,46,,,1,15,,1178563,46,,,1,17,,1178566,46,,,1,57,,1178549,46,,,1,13,,1178606,46,,,1,12,,1178561,46,,,1,15,,1178559,46,,,1,15,,1178555,46,,,1,55,,1178603,46,,,1,15,,1178609,46,,,1,15,,1178551,46,,,1,15,,1178546,46,,,1,55,,1178552,46,,,1,15,,1178601,46,,,1,15,,1178547,46,,,1,16,,1178573,46,,,1,55,,1178596,46,,,1,15,,1178545,46,,,1,15,,1178572,46,,,1,15,,1178581,46,,,1,55,,1178591,46,,,1,15,,1178554,46,,,1,15,,1178593,46,,,1,15,,1178584,46,,,1,55,,1178589,46,,,1,15,,1178557,46,,,1,15,,1178568,46,,,1,15,,1178553,46,,,1,55,,1178564,46,,,1,9,,1178600,10,,,1,9,,1178594,46,,,1,15,,1178560,46,,,1,55,,1178574,46,,,1,15,,1178597,46,,,1,15,,1178580,46,,,1,15,,1178569,46,,,1,55,,1178558,46,,,1,15,,1178570,46,,,1,15,,1178587,46,,,1,12,,1178590,46,,,1,15,,1178556,46,,,1,57,,1178575,46,,,1,30,,1178578,46,,,1,71,,1178607,46,,,1,32,,1178585,46,,,1,70,,1178579,46,,,1,27,,1178599,46,,,1,70,,1178602,46,,,1,30,,1178588,46,,,1,70,,1178605,46,,,1,29,,1178576,46,,,1,70,,1178592,46,,,1,30,,1178550,46,,,1,63,,1178577,46,,,1
9001,'9',439,,1178638,46,,,1,100,,1178642,46,,,1,19,,1178616,46,,,1,59,,1178617,46,,,1,16,,1075767,46,,,1,15,,1015157,46,,,1,55,,1178648,46,,,1,15,,1178621,46,,,1,25,,1178618,46,,,1,16,,1039408,46,,,1,53,,1071606,46,,,1,15,,1178640,46,,,1,17,,1178622,46,,,1,57,,1178629,46,,,1,13,,1178656,46,,,1,12,,1178614,46,,,1,15,,1178637,46,,,1,15,,1178647,46,,,1,55,,1178613,46,,,1,15,,1178652,46,,,1,15,,1178631,46,,,1,15,,1178610,46,,,1,55,,1178628,46,,,1,15,,1178653,46,,,1,15,,1178651,46,,,1,16,,1178645,46,,,1,55,,1021204,46,,,1,15,,1178633,46,,,1,15,,1178641,46,,,1,15,,1178655,46,,,1,55,,1045885,46,,,1,15,,1097317,46,,,1,15,,1178635,46,,,1,15,,1178654,46,,,1,55,,1178634,46,,,1,15,,1178643,46,,,1,15,,1178630,46,,,1,15,,1178624,46,,,1,55,,1064594,46,,,1,9,,1178659,10,,,1,9,,1178612,46,,,1,15,,1101293,46,,,1,55,,1178627,46,,,1,15,,1178639,46,,,1,15,,1178658,46,,,1,15,,1098273,46,,,1,55,,1178657,46,,,1,15,,1178626,46,,,1,15,,1178623,46,,,1,12,,1178625,46,,,1,15,,1098282,46,,,1,57,,1178632,46,,,1,30,,1178636,46,,,1,71,,1178620,46,,,1,32,,1178611,46,,,1,70,,877412,46,,,1,27,,974861,46,,,1,70,,1002755,46,,,1,30,,1178650,46,,,1,70,,1039066,46,,,1,29,,1178644,46,,,1,70,,1178649,46,,,1,30,,1178615,46,,,1,63,,1178646,46,,,1
9200,'1',1505,,1178669,5,0,41,1,32,,1178674,5,0,41,1,70,,1178661,5,0,41,1,30,,1178673,5,0,41,1,68,,1178676,5,0,41,1,30,,1178660,5,0,41,1
9200,'10',1505,,1178686,5,0,41,1,32,,1178691,5,0,41,1,70,,1178678,5,0,41,1,30,,1178690,5,0,41,1,68,,1178693,5,0,41,1,30,,1178677,5,0,41,1
9200,'11',1505,,1178703,5,0,41,1,32,,1178708,5,0,41,1,70,,1178695,5,0,41,1,30,,1178707,5,0,41,1,68,,1178710,5,0,41,1,30,,1178694,5,0,41,1
9200,'12',1505,,1178717,5,0,41,1,32,,1178713,5,0,41,1,70,,1178718,5,0,41,1,30,,1178714,5,0,41,1,68,,1178711,5,0,41,1,30,,1178722,5,0,41,1
9200,'14',1505,,1178741,5,0,41,1,32,,1178746,5,0,41,1,70,,1178732,5,0,41,1,30,,1178745,5,0,41,1,68,,1178749,5,0,41,1,30,,1178729,5,0,41,1
9200,'15',1505,,1178754,5,0,41,1,32,,1178767,5,0,41,1,70,,1178769,5,0,41,1,30,,1178750,5,0,41,1,68,,1178751,5,0,41,1,30,,1178765,5,0,41,1
9200,'16',1505,,1178777,5,0,41,1,32,,1178773,5,0,41,1,70,,1178778,5,0,41,1,30,,1178774,5,0,41,1,68,,1178771,5,0,41,1,30,,1178782,5,0,41,1
9200,'5',1505,,1178799,5,0,41,1,32,,1178804,5,0,41,1,70,,1178791,5,0,41,1,30,,1178803,5,0,41,1,68,,1178806,5,0,41,1,30,,1178790,5,0,41,1
9200,'6',1505,,1178812,5,0,41,1,32,,1178808,5,0,41,1,70,,1178813,5,0,41,1,30,,1178809,5,0,41,1,68,,1031023,5,0,41,1,30,,1178817,5,0,41,1
9200,'8',1505,,1178832,5,0,41,1,32,,1178828,5,0,41,1,70,,1178833,5,0,41,1,30,,1178829,5,0,41,1,68,,1178826,5,0,41,1,30,,1178837,5,0,41,1
9200,'9',1505,,1178856,5,0,41,1,32,,1178861,5,0,41,1,70,,1178848,5,0,41,1,30,,1178860,5,0,41,1,68,,1178863,5,0,41,1,30,,1178847,5,0,41,1
9201,'1',646,,1052870,65,,,1,71,,1075009,65,,,1,33,,1178872,65,,,1,62,,1178876,65,,,1,40,,1178867,65,,,1,70,,1100418,65,,,1
9201,'10',646,,1052916,65,,,1,71,,1074637,65,,,1,33,,1178886,65,,,1,62,,1178890,65,,,1,40,,1178881,65,,,1,70,,1100333,65,,,1
9201,'11',646,,1052857,65,,,1,71,,1075115,65,,,1,33,,1178900,65,,,1,62,,1178904,65,,,1,40,,1178895,65,,,1,70,,1100442,65,,,1
9201,'12',646,,1178922,65,,,1,71,,1178910,65,,,1,33,,1178906,65,,,1,62,,1178917,65,,,1,40,,1178907,65,,,1,70,,1178920,65,,,1
9201,'14',646,,1178932,65,,,1,71,,1178936,65,,,1,33,,1178934,65,,,1,62,,1178940,65,,,1,40,,1178927,65,,,1,70,,1178933,65,,,1
9201,'15',646,,1178949,65,,,1,71,,1178952,65,,,1,33,,1178944,65,,,1,62,,1178957,65,,,1,40,,1178958,65,,,1,70,,1178946,65,,,1
9201,'16',646,,1034985,65,,,1,71,,1178965,65,,,1,33,,1178961,65,,,1,62,,1178974,65,,,1,40,,1178962,65,,,1,70,,1178976,65,,,1
9201,'5',646,,1052769,65,,,1,71,,1074957,65,,,1,33,,1178986,65,,,1,62,,1178990,65,,,1,40,,1178981,65,,,1,70,,1100402,65,,,1
9201,'6',646,,1179005,65,,,1,71,,1102298,65,,,1,33,,1178992,65,,,1,62,,1179000,65,,,1,40,,1178993,65,,,1,70,,1179003,65,,,1
9201,'8',646,,1179024,65,,,1,71,,1179010,65,,,1,33,,1179006,65,,,1,62,,1179019,65,,,1,40,,1179007,65,,,1,70,,1179022,65,,,1
9201,'9',646,,1052883,65,,,1,71,,1074751,65,,,1,33,,1179033,65,,,1,62,,1179037,65,,,1,40,,1179028,65,,,1,70,,1100361,65,,,1
9800,'1',556,,1180257,5,,,1,50,,1180274,5,0,50 141 102 103,1,20,,1180264,5,,,1,29,,1180238,5,,,1,50,,1180279,5,0,50 141 102 103,1,18,,1180236,5,,,1,12,,1180246,5,0,50 141 102 103,1,18,,1180285,5,,,1,53,,1180266,5,0,50 141 102 103,1,17,,1180247,5,,,1,13,,1180288,5,0,50 141 102 103,1,16,,1180289,5,,,1,50,,1180249,5,0,50 141 102 103,1,16,,1180255,5,,,1,15,,1180292,5,,,1,15,,1180278,5,,,1,55,,1180248,5,,,1,15,,1180267,5,,,1,15,,1080258,5,,,1,15,,1180294,5,,,1,55,,1103140,5,,,1,15,,1180241,5,,,1,15,,1180298,5,,,1,15,,1066539,5,,,1,55,,1180275,5,,,1,15,,1180268,5,,,1,15,,1180290,5,,,1,15,,1180253,5,,,1,55,,1180251,5,,,1,15,,1180244,5,,,1,15,,1180245,5,,,1,15,,1180293,5,,,1,55,,1180235,5,,,1,15,,1019424,5,,,1,14,,1180263,5,,,1,7,,1180258,5,0,50 141 102 103,1,9,,1180284,5,,,1,55,,1180295,5,,,1,7,,1180280,5,0,50 141 102 103,1,10,,1180270,5,,,1,5,,1088775,5,0,50 141 102 103,1,8,,1180291,5,,,1,9,,1023712,5,,,1,8,,1180265,5,,,1,7,,1180261,5,0,50 141 102 103,1,47,,1180286,5,,,1,14,,1180234,5,,,1,8,,1180277,5,0,50 141 102 103,1,7,,1180273,5,,,1,8,,1180256,5,0,50 141 102 103,1,7,,1094612,5,,,1,8,,1180283,5,0,50 141 102 103,1,47,,1180237,5,,,1,15,,1180287,5,,,1,8,,1180239,5,0,50 141 102 103,1,3,,1180269,5,0,50 141 102 103,1,4,,1180260,5,,,1,15,,1180232,5,,,1,8,,1180250,5,0,50 141 102 103,1,47,,1180272,5,,,1,8,,1180233,5,0,50 141 102 103,1,7,,1180297,5,0,50 141 102 103,1,8,,1180262,5,0,50 141 102 103,1,7,,1180243,5,,,1,15,,1180276,5,0,50 141 102 103,1,8,,1180271,5,0,50 141 102 103,1,47,,1180242,5,,,1,30,,1180240,5,,,1,25,,1180281,5,,,1,70,,954039,5,,,1,30,,1180259,5,,,1,70,,970716,5,,,1,30,,1180282,5,,,1,70,,1180254,5,,,1,30,,1180252,5,,,1,70,,1083587,5,,,1,73,,1180296,5,,,1
9800,'10',556,,1180324,5,,,1,50,,1180341,5,0,50 141 102 103,1,20,,1180331,5,,,1,29,,1180305,5,,,1,50,,1180346,5,0,50 141 102 103,1,18,,1180303,5,,,1,12,,1180313,5,0,50 141 102 103,1,18,,1180352,5,,,1,53,,1180333,5,0,50 141 102 103,1,17,,1180314,5,,,1,13,,1180355,5,0,50 141 102 103,1,16,,1180356,5,,,1,50,,1180316,5,0,50 141 102 103,1,16,,1180322,5,,,1,15,,1180359,5,,,1,15,,1180345,5,,,1,55,,1180315,5,,,1,15,,1180334,5,,,1,15,,1080123,5,,,1,15,,1180361,5,,,1,55,,1103137,5,,,1,15,,1180308,5,,,1,15,,1180365,5,,,1,15,,1066317,5,,,1,55,,1180342,5,,,1,15,,1180335,5,,,1,15,,1180357,5,,,1,15,,1180320,5,,,1,55,,1180318,5,,,1,15,,1180311,5,,,1,15,,1180312,5,,,1,15,,1180360,5,,,1,55,,1180302,5,,,1,15,,1019464,5,,,1,14,,1180330,5,,,1,7,,1180325,5,0,50 141 102 103,1,9,,1180351,5,,,1,55,,1180362,5,,,1,7,,1180347,5,0,50 141 102 103,1,10,,1180337,5,,,1,5,,1088370,5,0,50 141 102 103,1,8,,1180358,5,,,1,9,,1023798,5,,,1,8,,1180332,5,,,1,7,,1180328,5,0,50 141 102 103,1,47,,1180353,5,,,1,14,,1180301,5,,,1,8,,1180344,5,0,50 141 102 103,1,7,,1180340,5,,,1,8,,1180323,5,0,50 141 102 103,1,7,,1094442,5,,,1,8,,1180350,5,0,50 141 102 103,1,47,,1180304,5,,,1,15,,1180354,5,,,1,8,,1180306,5,0,50 141 102 103,1,3,,1180336,5,0,50 141 102 103,1,4,,1180327,5,,,1,15,,1180299,5,,,1,8,,1180317,5,0,50 141 102 103,1,47,,1180339,5,,,1,8,,1180300,5,0,50 141 102 103,1,7,,1180364,5,0,50 141 102 103,1,8,,1180329,5,0,50 141 102 103,1,7,,1180310,5,,,1,15,,1180343,5,0,50 141 102 103,1,8,,1180338,5,0,50 141 102 103,1,47,,1180309,5,,,1,30,,1180307,5,,,1,25,,1180348,5,,,1,70,,953567,5,,,1,30,,1180326,5,,,1,70,,970486,5,,,1,30,,1180349,5,,,1,70,,1180321,5,,,1,30,,1180319,5,,,1,70,,1083348,5,,,1,73,,1180363,5,,,1
9800,'11',556,,1180391,5,,,1,50,,1180408,5,0,50 141 102 103,1,20,,1180398,5,,,1,29,,1180372,5,,,1,50,,1180413,5,0,50 141 102 103,1,18,,1180370,5,,,1,12,,1180380,5,0,50 141 102 103,1,18,,1180419,5,,,1,53,,1180400,5,0,50 141 102 103,1,17,,1180381,5,,,1,13,,1180422,5,0,50 141 102 103,1,16,,1180423,5,,,1,50,,1180383,5,0,50 141 102 103,1,16,,1180389,5,,,1,15,,1180426,5,,,1,15,,1180412,5,,,1,55,,1180382,5,,,1,15,,1180401,5,,,1,15,,1080295,5,,,1,15,,1180428,5,,,1,55,,1103141,5,,,1,15,,1180375,5,,,1,15,,1180432,5,,,1,15,,1066606,5,,,1,55,,1180409,5,,,1,15,,1180402,5,,,1,15,,1180424,5,,,1,15,,1180387,5,,,1,55,,1180385,5,,,1,15,,1180378,5,,,1,15,,1180379,5,,,1,15,,1180427,5,,,1,55,,1180369,5,,,1,15,,1019413,5,,,1,14,,1180397,5,,,1,7,,1180392,5,0,50 141 102 103,1,9,,1180418,5,,,1,55,,1180429,5,,,1,7,,1180414,5,0,50 141 102 103,1,10,,1180404,5,,,1,5,,1088896,5,0,50 141 102 103,1,8,,1180425,5,,,1,9,,1023686,5,,,1,8,,1180399,5,,,1,7,,1180395,5,0,50 141 102 103,1,47,,1180420,5,,,1,14,,1180368,5,,,1,8,,1180411,5,0,50 141 102 103,1,7,,1180407,5,,,1,8,,1180390,5,0,50 141 102 103,1,7,,1094654,5,,,1,8,,1180417,5,0,50 141 102 103,1,47,,1180371,5,,,1,15,,1180421,5,,,1,8,,1180373,5,0,50 141 102 103,1,3,,1180403,5,0,50 141 102 103,1,4,,1180394,5,,,1,15,,1180366,5,,,1,8,,1180384,5,0,50 141 102 103,1,47,,1180406,5,,,1,8,,1180367,5,0,50 141 102 103,1,7,,1180431,5,0,50 141 102 103,1,8,,1180396,5,0,50 141 102 103,1,7,,1180377,5,,,1,15,,1180410,5,0,50 141 102 103,1,8,,1180405,5,0,50 141 102 103,1,47,,1180376,5,,,1,30,,1180374,5,,,1,25,,1180415,5,,,1,70,,953972,5,,,1,30,,1180393,5,,,1,70,,970673,5,,,1,30,,1180416,5,,,1,70,,1180388,5,,,1,30,,1180386,5,,,1,70,,1083657,5,,,1,73,,1180430,5,,,1
9800,'12',556,,1180457,5,,,1,50,,1180463,5,0,50 141 102 103,1,20,,1180451,5,,,1,29,,1180474,5,,,1,50,,1180445,5,0,50 141 102 103,1,18,,1180472,5,,,1,12,,1180493,5,0,50 141 102 103,1,18,,1180435,5,,,1,53,,1180447,5,0,50 141 102 103,1,17,,1180487,5,,,1,13,,1180465,5,0,50 141 102 103,1,16,,1180464,5,,,1,50,,1180499,5,0,50 141 102 103,1,16,,1067936,5,,,1,15,,1180468,5,,,1,15,,1048172,5,,,1,55,,1180467,5,,,1,15,,1088002,5,,,1,15,,1180458,5,,,1,15,,1180485,5,,,1,55,,1180478,5,,,1,15,,1180439,5,,,1,15,,1180482,5,,,1,15,,1180461,5,,,1,55,,1180446,5,,,1,15,,1051113,5,,,1,15,,1180462,5,,,1,15,,1180469,5,,,1,55,,1180440,5,,,1,15,,1180477,5,,,1,15,,1180488,5,,,1,15,,1180459,5,,,1,55,,1180442,5,,,1,15,,1180476,5,,,1,14,,1180456,5,,,1,7,,1180471,5,0,50 141 102 103,1,9,,1180470,5,,,1,55,,1180486,5,,,1,7,,1180496,5,0,50 141 102 103,1,10,,1180491,5,,,1,5,,1180473,5,0,50 141 102 103,1,8,,1180437,5,,,1,9,,1180449,5,,,1,8,,1068844,5,,,1,7,,1180450,5,0,50 141 102 103,1,47,,1180433,5,,,1,14,,1180475,5,,,1,8,,1180483,5,0,50 141 102 103,1,7,,1180454,5,,,1,8,,882729,5,0,50 141 102 103,1,7,,1180444,5,,,1,8,,1180452,5,0,50 141 102 103,1,47,,1180498,5,,,1,15,,1180443,5,,,1,8,,1180492,5,0,50 141 102 103,1,3,,1180489,5,0,50 141 102 103,1,4,,1180453,5,,,1,15,,1180490,5,,,1,8,,1180479,5,0,50 141 102 103,1,47,,1180455,5,,,1,8,,1180434,5,0,50 141 102 103,1,7,,1180460,5,0,50 141 102 103,1,8,,1180495,5,0,50 141 102 103,1,7,,1180480,5,,,1,15,,1180448,5,0,50 141 102 103,1,8,,1022658,5,0,50 141 102 103,1,47,,1180441,5,,,1,30,,1180466,5,,,1,25,,1180438,5,,,1,70,,1073600,5,,,1,30,,1180484,5,,,1,70,,1047543,5,,,1,30,,1180481,5,,,1,70,,1180494,5,,,1,30,,1180497,5,,,1,70,,1069299,5,,,1,73,,1180436,5,,,1
9800,'13',645,,1180502,5,,,1,70,,1064352,5,,,1,30,,1180514,5,,,1,70,,1180511,5,,,1,30,,1180509,5,,,1,70,,1180504,5,,,1,30,,1180510,5,,,1,70,,1180529,5,,,1,30,,1180521,5,,,1,70,,1180526,5,,,1,30,,1040947,5,,,1,70,,1180519,5,,,1,30,,1180530,5,,,1,70,,1180501,5,,,1,29,,1180518,5,,,1,69,,1180516,5,,,1,30,,1180524,5,,,1,70,,1180523,5,,,1,30,,1080196,5,,,1,70,,1180513,5,,,1,30,,1180527,5,,,1,70,,1180525,5,,,1,30,,1180503,5,,,1,70,,1180522,5,,,1,30,,1180520,5,,,1,70,,1180517,5,,,1,30,,1180515,5,,,1,70,,1180506,5,,,1,30,,1180505,5,,,1,70,,1180512,5,,,1,30,,1180528,5,,,1,70,,1180507,5,,,1,30,,1180500,5,,,1,70,,1180508,5,,,1
9800,'14',556,,1180560,5,,,1,50,,1180578,5,0,50 141 102 103,1,20,,1180567,5,,,1,29,,1180538,5,,,1,50,,1180583,5,0,50 141 102 103,1,18,,1180536,5,,,1,12,,1180548,5,0,50 141 102 103,1,18,,1180590,5,,,1,53,,1180570,5,0,50 141 102 103,1,17,,1180549,5,,,1,13,,1180593,5,0,50 141 102 103,1,16,,1180594,5,,,1,50,,1180552,5,0,50 141 102 103,1,16,,1180558,5,,,1,15,,1180598,5,,,1,15,,1180582,5,,,1,55,,1180551,5,,,1,15,,1180571,5,,,1,15,,1180568,5,,,1,15,,1180601,5,,,1,55,,1180539,5,,,1,15,,1180542,5,,,1,15,,1180607,5,,,1,15,,1180600,5,,,1,55,,1180579,5,,,1,15,,1180572,5,,,1,15,,1180595,5,,,1,15,,1180556,5,,,1,55,,1180554,5,,,1,15,,1180545,5,,,1,15,,1180546,5,,,1,15,,1180599,5,,,1,55,,1180535,5,,,1,15,,1180597,5,,,1,14,,1180566,5,,,1,7,,1180561,5,0,50 141 102 103,1,9,,1180589,5,,,1,55,,1180602,5,,,1,7,,1180585,5,0,50 141 102 103,1,10,,1180574,5,,,1,5,,1180547,5,0,50 141 102 103,1,8,,1180596,5,,,1,9,,1180605,5,,,1,8,,1180569,5,,,1,7,,1180564,5,0,50 141 102 103,1,47,,1180591,5,,,1,14,,1180534,5,,,1,8,,1180581,5,0,50 141 102 103,1,7,,1180577,5,,,1,8,,1180559,5,0,50 141 102 103,1,7,,1180584,5,,,1,8,,1180588,5,0,50 141 102 103,1,47,,1180537,5,,,1,15,,1180592,5,,,1,8,,1180540,5,0,50 141 102 103,1,3,,1180573,5,0,50 141 102 103,1,4,,1180563,5,,,1,15,,1180532,5,,,1,8,,1180553,5,0,50 141 102 103,1,47,,1180576,5,,,1,8,,1180533,5,0,50 141 102 103,1,7,,1180606,5,0,50 141 102 103,1,8,,1180565,5,0,50 141 102 103,1,7,,1180544,5,,,1,15,,1180580,5,0,50 141 102 103,1,8,,1180575,5,0,50 141 102 103,1,47,,1180543,5,,,1,30,,1180541,5,,,1,25,,1180586,5,,,1,70,,1180604,5,,,1,30,,1180562,5,,,1,70,,1180550,5,,,1,30,,1180587,5,,,1,70,,1180557,5,,,1,30,,1180555,5,,,1,70,,1180531,5,,,1,73,,1180603,5,,,1
9800,'15',556,,1180681,5,,,1,50,,1180640,5,0,50 141 102 103,1,20,,1180680,5,,,1,29,,1180661,5,,,1,50,,1180674,5,0,50 141 102 103,1,18,,1180653,5,,,1,12,,1180667,5,0,50 141 102 103,1,18,,1180630,5,,,1,53,,1180675,5,0,50 141 102 103,1,17,,1180615,5,,,1,13,,1180677,5,0,50 141 102 103,1,16,,1180662,5,,,1,50,,1180682,5,0,50 141 102 103,1,16,,1180678,5,,,1,15,,1180611,5,,,1,15,,1180665,5,,,1,55,,1180626,5,,,1,15,,1180639,5,,,1,15,,1180645,5,,,1,15,,1180621,5,,,1,55,,1180637,5,,,1,15,,1180642,5,,,1,15,,1180660,5,,,1,15,,1180622,5,,,1,55,,1180670,5,,,1,15,,1180624,5,,,1,15,,1180666,5,,,1,15,,1180644,5,,,1,55,,1180612,5,,,1,15,,1180656,5,,,1,15,,1180663,5,,,1,15,,1180659,5,,,1,55,,1180683,5,,,1,15,,1180633,5,,,1,14,,1180669,5,,,1,7,,1180673,5,0,50 141 102 103,1,9,,1180651,5,,,1,55,,1180618,5,,,1,7,,1180648,5,0,50 141 102 103,1,10,,1180646,5,,,1,5,,1180672,5,0,50 141 102 103,1,8,,1180679,5,,,1,9,,1180684,5,,,1,8,,1180641,5,,,1,7,,1180616,5,0,50 141 102 103,1,47,,1180643,5,,,1,14,,1180647,5,,,1,8,,1180629,5,0,50 141 102 103,1,7,,1180609,5,,,1,8,,1180650,5,0,50 141 102 103,1,7,,1180617,5,,,1,8,,1180652,5,0,50 141 102 103,1,47,,1180676,5,,,1,15,,1180619,5,,,1,8,,1180658,5,0,50 141 102 103,1,3,,1180668,5,0,50 141 102 103,1,4,,1180671,5,,,1,15,,1180655,5,,,1,8,,1180608,5,0,50 141 102 103,1,47,,1180649,5,,,1,8,,1180636,5,0,50 141 102 103,1,7,,1180631,5,0,50 141 102 103,1,8,,1180610,5,0,50 141 102 103,1,7,,1180654,5,,,1,15,,1180664,5,0,50 141 102 103,1,8,,1180614,5,0,50 141 102 103,1,47,,1180620,5,,,1,30,,1180613,5,,,1,25,,1180635,5,,,1,70,,1180627,5,,,1,30,,1180657,5,,,1,70,,1180634,5,,,1,30,,1180625,5,,,1,70,,1180628,5,,,1,30,,1180623,5,,,1,70,,1180638,5,,,1,73,,1180632,5,,,1
9800,'16',556,,1180708,5,,,1,50,,1180716,5,0,50 141 102 103,1,20,,1180702,5,,,1,29,,1180728,5,,,1,50,,1180697,5,0,50 141 102 103,1,18,,1180726,5,,,1,12,,1180746,5,0,50 141 102 103,1,18,,1180687,5,,,1,53,,1101627,5,0,50 141 102 103,1,17,,1180740,5,,,1,13,,1180718,5,0,50 141 102 103,1,16,,1180717,5,,,1,50,,1180756,5,0,50 141 102 103,1,16,,1180686,5,,,1,15,,1180721,5,,,1,15,,1180711,5,,,1,55,,1180720,5,,,1,15,,1180688,5,,,1,15,,1180709,5,,,1,15,,1081075,5,,,1,55,,1180732,5,,,1,15,,1180691,5,,,1,15,,1180736,5,,,1,15,,1180713,5,,,1,55,,1180698,5,,,1,15,,1180751,5,,,1,15,,1180715,5,,,1,15,,1180722,5,,,1,55,,1180692,5,,,1,15,,1180731,5,,,1,15,,1180741,5,,,1,15,,1180710,5,,,1,55,,1096811,5,,,1,15,,1180730,5,,,1,14,,1180707,5,,,1,7,,1180725,5,0,50 141 102 103,1,9,,1180724,5,,,1,55,,1180739,5,,,1,7,,1180752,5,0,50 141 102 103,1,10,,1180744,5,,,1,5,,1180727,5,0,50 141 102 103,1,8,,1180689,5,,,1,9,,1180700,5,,,1,8,,1180750,5,,,1,7,,1180701,5,0,50 141 102 103,1,47,,1180685,5,,,1,14,,1180729,5,,,1,8,,1180737,5,0,50 141 102 103,1,7,,1180705,5,,,1,8,,1180749,5,0,50 141 102 103,1,7,,1180695,5,,,1,8,,1180703,5,0,50 141 102 103,1,47,,1180755,5,,,1,15,,1180694,5,,,1,8,,1180745,5,0,50 141 102 103,1,3,,1180742,5,0,50 141 102 103,1,4,,1180704,5,,,1,15,,1180743,5,,,1,8,,1180733,5,0,50 141 102 103,1,47,,1180706,5,,,1,8,,1037365,5,0,50 141 102 103,1,7,,1180712,5,0,50 141 102 103,1,8,,1180748,5,0,50 141 102 103,1,7,,1180734,5,,,1,15,,1180699,5,0,50 141 102 103,1,8,,1180723,5,0,50 141 102 103,1,47,,1180693,5,,,1,30,,1180719,5,,,1,25,,1180690,5,,,1,70,,1180714,5,,,1,30,,1180738,5,,,1,70,,1180753,5,,,1,30,,1180735,5,,,1,70,,1180747,5,,,1,30,,1180754,5,,,1,70,,1180696,5,,,1,73,,1068409,5,,,1
9800,'17',645,,1180759,5,,,1,70,,1180771,5,,,1,30,,1180772,5,,,1,70,,1180768,5,,,1,30,,1180766,5,,,1,70,,1180761,5,,,1,30,,1180767,5,,,1,70,,1180789,5,,,1,30,,1180779,5,,,1,70,,1180784,5,,,1,30,,1180788,5,,,1,70,,1180777,5,,,1,30,,1180790,5,,,1,70,,1180758,5,,,1,29,,1180776,5,,,1,69,,1180774,5,,,1,30,,1180782,5,,,1,70,,1180781,5,,,1,30,,1180787,5,,,1,70,,1180770,5,,,1,30,,1180785,5,,,1,70,,1180783,5,,,1,30,,1180760,5,,,1,70,,1180780,5,,,1,30,,1180778,5,,,1,70,,1180775,5,,,1,30,,1180773,5,,,1,70,,1180763,5,,,1,30,,1180762,5,,,1,70,,1180769,5,,,1,30,,1180786,5,,,1,70,,1180764,5,,,1,30,,1180757,5,,,1,70,,1180765,5,,,1
9800,'2',637,,1180813,5,,,1,70,,1180820,5,,,1,30,,1180797,5,,,1,70,,1180805,5,,,1,30,,1180794,5,,,1,70,,1180814,5,,,1,30,,1180800,5,,,1,70,,1180803,5,,,1,30,,1180795,5,,,1,70,,1180815,5,,,1,30,,1180816,5,,,1,70,,1180807,5,,,1,30,,1180823,5,,,1,70,,1068987,5,,,1,30,,1180806,5,,,1,70,,1180793,5,,,1,30,,1180810,5,,,1,70,,1180796,5,,,1,30,,1180821,5,,,1,70,,1180801,5,,,1,30,,1180798,5,,,1,70,,1180818,5,,,1,30,,1031906,5,,,1,70,,1180811,5,,,1,30,,1180812,5,,,1,70,,1180819,5,,,1,31,,1180824,5,,,1,70,,1180791,5,,,1,30,,1180822,5,,,1,70,,1180809,5,,,1,30,,1180792,5,,,1,70,,1180817,5,,,1,30,,1180802,5,,,1,70,,1180799,5,,,1,30,,1180804,5,,,1,70,,1180808,5,,,1
9800,'3',645,,1180827,5,,,1,70,,1180839,5,,,1,30,,1180840,5,,,1,70,,1180836,5,,,1,30,,1180834,5,,,1,70,,1180829,5,,,1,30,,1180835,5,,,1,70,,1180857,5,,,1,30,,1180847,5,,,1,70,,1180852,5,,,1,30,,1180856,5,,,1,70,,1180845,5,,,1,30,,1180858,5,,,1,70,,1180826,5,,,1,29,,1180844,5,,,1,69,,1180842,5,,,1,30,,1180850,5,,,1,70,,1180849,5,,,1,30,,1180855,5,,,1,70,,1180838,5,,,1,30,,1180853,5,,,1,70,,1180851,5,,,1,30,,1180828,5,,,1,70,,1180848,5,,,1,30,,1180846,5,,,1,70,,1180843,5,,,1,30,,1180841,5,,,1,70,,1180831,5,,,1,30,,1180830,5,,,1,70,,1180837,5,,,1,30,,1180854,5,,,1,70,,1180832,5,,,1,30,,1180825,5,,,1,70,,1180833,5,,,1
9800,'4',645,,1180869,5,,,1,70,,1084092,5,,,1,30,,1180884,5,,,1,70,,1180876,5,,,1,30,,1091167,5,,,1,70,,1180870,5,,,1,30,,1180860,5,,,1,70,,1180871,5,,,1,30,,1180879,5,,,1,70,,1180886,5,,,1,30,,1180890,5,,,1,70,,1180861,5,,,1,30,,1180878,5,,,1,70,,1180864,5,,,1,29,,1180865,5,,,1,69,,1180881,5,,,1,30,,1180868,5,,,1,70,,1180873,5,,,1,30,,1180859,5,,,1,70,,1180887,5,,,1,30,,1180866,5,,,1,70,,1180872,5,,,1,30,,1180862,5,,,1,70,,1180882,5,,,1,30,,1180888,5,,,1,70,,1180885,5,,,1,30,,1180867,5,,,1,70,,1180863,5,,,1,30,,1180889,5,,,1,70,,1180874,5,,,1,30,,1180875,5,,,1,70,,1180877,5,,,1,30,,1180880,5,,,1,70,,1180883,5,,,1
9800,'5',556,,1180916,5,,,1,50,,1180933,5,0,50 141 102 103,1,20,,1180923,5,,,1,29,,1180897,5,,,1,50,,1180938,5,0,50 141 102 103,1,18,,1180895,5,,,1,12,,1180905,5,0,50 141 102 103,1,18,,1180944,5,,,1,53,,1180925,5,0,50 141 102 103,1,17,,1180906,5,,,1,13,,1180947,5,0,50 141 102 103,1,16,,1180948,5,,,1,50,,1180908,5,0,50 141 102 103,1,16,,1180914,5,,,1,15,,1180951,5,,,1,15,,1180937,5,,,1,55,,1180907,5,,,1,15,,1180926,5,,,1,15,,1080241,5,,,1,15,,1180953,5,,,1,55,,1103139,5,,,1,15,,1180900,5,,,1,15,,1180957,5,,,1,15,,1066500,5,,,1,55,,1180934,5,,,1,15,,1180927,5,,,1,15,,1180949,5,,,1,15,,1180912,5,,,1,55,,1180910,5,,,1,15,,1180903,5,,,1,15,,1180904,5,,,1,15,,1180952,5,,,1,55,,1180894,5,,,1,15,,1019370,5,,,1,14,,1180922,5,,,1,7,,1180917,5,0,50 141 102 103,1,9,,1180943,5,,,1,55,,1180954,5,,,1,7,,1180939,5,0,50 141 102 103,1,10,,1180929,5,,,1,5,,1088711,5,0,50 141 102 103,1,8,,1180950,5,,,1,9,,1023552,5,,,1,8,,1180924,5,,,1,7,,1180920,5,0,50 141 102 103,1,47,,1180945,5,,,1,14,,1180893,5,,,1,8,,1180936,5,0,50 141 102 103,1,7,,1180932,5,,,1,8,,1180915,5,0,50 141 102 103,1,7,,1094589,5,,,1,8,,1180942,5,0,50 141 102 103,1,47,,1180896,5,,,1,15,,1180946,5,,,1,8,,1180898,5,0,50 141 102 103,1,3,,1180928,5,0,50 141 102 103,1,4,,1180919,5,,,1,15,,1180891,5,,,1,8,,1180909,5,0,50 141 102 103,1,47,,1180931,5,,,1,8,,1180892,5,0,50 141 102 103,1,7,,1180956,5,0,50 141 102 103,1,8,,1180921,5,0,50 141 102 103,1,7,,1180902,5,,,1,15,,1180935,5,0,50 141 102 103,1,8,,1180930,5,0,50 141 102 103,1,47,,1180901,5,,,1,30,,1180899,5,,,1,25,,1180940,5,,,1,70,,954242,5,,,1,30,,1180918,5,,,1,70,,970856,5,,,1,30,,1180941,5,,,1,70,,1180913,5,,,1,30,,1180911,5,,,1,70,,1083548,5,,,1,73,,1180955,5,,,1
9800,'6',556,,1180974,5,,,1,50,,1180982,5,0,50 141 102 103,1,20,,1086891,5,,,1,29,,1180994,5,,,1,50,,1095739,5,0,50 141 102 103,1,18,,1180992,5,,,1,12,,1181011,5,0,50 141 102 103,1,18,,1067767,5,,,1,53,,1180966,5,0,50 141 102 103,1,17,,1181005,5,,,1,13,,1180984,5,0,50 141 102 103,1,16,,1180983,5,,,1,50,,1032597,5,0,50 141 102 103,1,16,,1180959,5,,,1,15,,1180987,5,,,1,15,,1180977,5,,,1,55,,1180986,5,,,1,15,,1180960,5,,,1,15,,1180975,5,,,1,15,,1181003,5,,,1,55,,1097965,5,,,1,15,,1180962,5,,,1,15,,1181000,5,,,1,15,,1180979,5,,,1,55,,1032569,5,,,1,15,,1181016,5,,,1,15,,1180981,5,,,1,15,,1180988,5,,,1,55,,1022769,5,,,1,15,,1180997,5,,,1,15,,1181006,5,,,1,15,,1180976,5,,,1,55,,1180964,5,,,1,15,,1180996,5,,,1,14,,1180973,5,,,1,7,,1180991,5,0,50 141 102 103,1,9,,1180990,5,,,1,55,,1181004,5,,,1,7,,1181017,5,0,50 141 102 103,1,10,,1181009,5,,,1,5,,1180993,5,0,50 141 102 103,1,8,,1087665,5,,,1,9,,1180967,5,,,1,8,,1181015,5,,,1,7,,1180968,5,0,50 141 102 103,1,47,,1076383,5,,,1,14,,1180995,5,,,1,8,,1181001,5,0,50 141 102 103,1,7,,1180971,5,,,1,8,,1181014,5,0,50 141 102 103,1,7,,1036619,5,,,1,8,,1180969,5,0,50 141 102 103,1,47,,1181019,5,,,1,15,,1006635,5,,,1,8,,1181010,5,0,50 141 102 103,1,3,,1181007,5,0,50 141 102 103,1,4,,1180970,5,,,1,15,,1181008,5,,,1,8,,963075,5,0,50 141 102 103,1,47,,1180972,5,,,1,8,,1180958,5,0,50 141 102 103,1,7,,1180978,5,0,50 141 102 103,1,8,,1181013,5,0,50 141 102 103,1,7,,1180998,5,,,1,15,,1086890,5,0,50 141 102 103,1,8,,1180989,5,0,50 141 102 103,1,47,,1180963,5,,,1,30,,1180985,5,,,1,25,,1072890,5,,,1,70,,1180980,5,,,1,30,,1181002,5,,,1,70,,1181018,5,,,1,30,,1180999,5,,,1,70,,1181012,5,,,1,30,,1090989,5,,,1,70,,1180965,5,,,1,73,,1180961,5,,,1
9800,'7',637,,1181047,5,,,1,70,,1181032,5,,,1,30,,1181026,5,,,1,70,,1181033,5,,,1,30,,1181042,5,,,1,70,,1181043,5,,,1,30,,1181041,5,,,1,70,,1181050,5,,,1,30,,1181045,5,,,1,70,,1181036,5,,,1,30,,1181046,5,,,1,70,,1181022,5,,,1,30,,1181023,5,,,1,70,,1181027,5,,,1,30,,1181025,5,,,1,70,,1181044,5,,,1,30,,1181037,5,,,1,70,,1181030,5,,,1,30,,1181024,5,,,1,70,,1181051,5,,,1,30,,1181034,5,,,1,70,,1181049,5,,,1,30,,1181055,5,,,1,70,,1181054,5,,,1,30,,1181048,5,,,1,70,,1181035,5,,,1,31,,1181039,5,,,1,70,,1181020,5,,,1,30,,1181021,5,,,1,70,,1181038,5,,,1,30,,1181031,5,,,1,70,,1181029,5,,,1,30,,1181028,5,,,1,70,,1181052,5,,,1,30,,1181040,5,,,1,70,,1181053,5,,,1
9800,'8',556,,1181083,5,,,1,50,,1181091,5,0,50 141 102 103,1,20,,1181077,5,,,1,29,,1181103,5,,,1,50,,1181071,5,0,50 141 102 103,1,18,,1181101,5,,,1,12,,1181122,5,0,50 141 102 103,1,18,,1181059,5,,,1,53,,1181073,5,0,50 141 102 103,1,17,,1181116,5,,,1,13,,1181093,5,0,50 141 102 103,1,16,,1181092,5,,,1,50,,1181132,5,0,50 141 102 103,1,16,,1181058,5,,,1,15,,1181096,5,,,1,15,,1181086,5,,,1,55,,1181095,5,,,1,15,,1181060,5,,,1,15,,1181084,5,,,1,15,,1181114,5,,,1,55,,1181107,5,,,1,15,,1181064,5,,,1,15,,1181111,5,,,1,15,,1181088,5,,,1,55,,1181072,5,,,1,15,,1181127,5,,,1,15,,1181090,5,,,1,15,,1181097,5,,,1,55,,1181065,5,,,1,15,,1181106,5,,,1,15,,1181117,5,,,1,15,,1181085,5,,,1,55,,1181067,5,,,1,15,,1181105,5,,,1,14,,1181082,5,,,1,7,,1181100,5,0,50 141 102 103,1,9,,1181099,5,,,1,55,,1181115,5,,,1,7,,1181128,5,0,50 141 102 103,1,10,,1181120,5,,,1,5,,1181102,5,0,50 141 102 103,1,8,,1181062,5,,,1,9,,1181075,5,,,1,8,,1181126,5,,,1,7,,1181076,5,0,50 141 102 103,1,47,,1181056,5,,,1,14,,1181104,5,,,1,8,,1181112,5,0,50 141 102 103,1,7,,1181080,5,,,1,8,,1181125,5,0,50 141 102 103,1,7,,1181069,5,,,1,8,,1181078,5,0,50 141 102 103,1,47,,1181131,5,,,1,15,,1181068,5,,,1,8,,1181121,5,0,50 141 102 103,1,3,,1181118,5,0,50 141 102 103,1,4,,1181079,5,,,1,15,,1181119,5,,,1,8,,1181108,5,0,50 141 102 103,1,47,,1181081,5,,,1,8,,1181057,5,0,50 141 102 103,1,7,,1181087,5,0,50 141 102 103,1,8,,1181124,5,0,50 141 102 103,1,7,,1181109,5,,,1,15,,1181074,5,0,50 141 102 103,1,8,,1181098,5,0,50 141 102 103,1,47,,1181066,5,,,1,30,,1181094,5,,,1,25,,1181063,5,,,1,70,,1181089,5,,,1,30,,1181113,5,,,1,70,,1181129,5,,,1,30,,1181110,5,,,1,70,,1181123,5,,,1,30,,1181130,5,,,1,70,,1181070,5,,,1,73,,1181061,5,,,1
9800,'9',556,,1181158,5,,,1,50,,1181175,5,0,50 141 102 103,1,20,,1181165,5,,,1,29,,1181139,5,,,1,50,,1181180,5,0,50 141 102 103,1,18,,1181137,5,,,1,12,,1181147,5,0,50 141 102 103,1,18,,1181186,5,,,1,53,,1181167,5,0,50 141 102 103,1,17,,1181148,5,,,1,13,,1181189,5,0,50 141 102 103,1,16,,1181190,5,,,1,50,,1181150,5,0,50 141 102 103,1,16,,1181156,5,,,1,15,,1181193,5,,,1,15,,1181179,5,,,1,55,,1181149,5,,,1,15,,1181168,5,,,1,15,,1080166,5,,,1,15,,1181195,5,,,1,55,,1103138,5,,,1,15,,1181142,5,,,1,15,,1181199,5,,,1,15,,1066384,5,,,1,55,,1181176,5,,,1,15,,1181169,5,,,1,15,,1181191,5,,,1,15,,1181154,5,,,1,55,,1181152,5,,,1,15,,1181145,5,,,1,15,,1181146,5,,,1,15,,1181194,5,,,1,55,,1181136,5,,,1,15,,1019435,5,,,1,14,,1181164,5,,,1,7,,1181159,5,0,50 141 102 103,1,9,,1181185,5,,,1,55,,1181196,5,,,1,7,,1181181,5,0,50 141 102 103,1,10,,1181171,5,,,1,5,,1088496,5,0,50 141 102 103,1,8,,1181192,5,,,1,9,,1023738,5,,,1,8,,1181166,5,,,1,7,,1181162,5,0,50 141 102 103,1,47,,1181187,5,,,1,14,,1181135,5,,,1,8,,1181178,5,0,50 141 102 103,1,7,,1181174,5,,,1,8,,1181157,5,0,50 141 102 103,1,7,,1094492,5,,,1,8,,1181184,5,0,50 141 102 103,1,47,,1181138,5,,,1,15,,1181188,5,,,1,8,,1181140,5,0,50 141 102 103,1,3,,1181170,5,0,50 141 102 103,1,4,,1181161,5,,,1,15,,1181133,5,,,1,8,,1181151,5,0,50 141 102 103,1,47,,1181173,5,,,1,8,,1181134,5,0,50 141 102 103,1,7,,1181198,5,0,50 141 102 103,1,8,,1181163,5,0,50 141 102 103,1,7,,1181144,5,,,1,15,,1181177,5,0,50 141 102 103,1,8,,1181172,5,0,50 141 102 103,1,47,,1181143,5,,,1,30,,1181141,5,,,1,25,,1181182,5,,,1,70,,954175,5,,,1,30,,1181160,5,,,1,70,,970813,5,,,1,30,,1181183,5,,,1,70,,1181155,5,,,1,30,,1181153,5,,,1,70,,1083419,5,,,1,73,,1181197,5,,,1
9801,'1',523,,1181212,36,,,1,27,,1181236,36,,,1,7,,1181251,7,,,1,59,,1181221,36,,,1,5,,1181206,7,,,1,4,,1181249,7,,,1,21,,1181220,36,,,1,7,,1181248,7,,,1,6,,1181238,7,,,1,42,,1181239,36,,,1,16,,1064105,36,,,1,9,,1181231,7,,,1,9,,1181247,36,,,1,11,,1181256,36,,,1,10,,1181204,7,,,1,48,,1181203,36,,,1,9,,1181244,36,,,1,8,,1181213,36,,,1,5,,1181258,7,,,1,11,,1181222,36,,,1,9,,1181259,7,,,1,7,,1181226,36,,,1,5,,1181240,7,,,1,45,,1181230,36,,,1,15,,1181242,36,,,1,7,,1181260,7,,,1,6,,1181208,36,,,1,15,,1181216,36,,,1,55,,1181250,36,,,1,15,,1097144,36,,,1,15,,1012659,36,,,1,15,,1181214,36,,,1,55,,1181205,36,,,1,15,,1181257,36,,,1,15,,1181228,36,,,1,15,,1181227,36,,,1,55,,1075003,36,,,1,15,,1181225,36,,,1,15,,966237,36,,,1,15,,1181209,36,,,1,55,,1181219,36,,,1,15,,1181241,36,,,1,15,,1181211,36,,,1,15,,1181217,36,,,1,55,,1181210,36,,,1,15,,1181234,36,,,1,15,,1181233,36,,,1,15,,1181255,36,,,1,55,,994007,36,,,1,14,,1181224,36,,,1,17,,1181232,36,,,1,15,,1062118,36,,,1,10,,1181254,7,,,1,45,,1038695,36,,,1,21,,1181218,7,,,1,11,,1038681,36,,,1,19,,1181235,7,,,1,51,,1181229,36,,,1,19,,1181246,7,,,1,9,,1181223,36,,,1,21,,1181207,7,,,1,49,,1181245,36,,,1,30,,1181252,36,,,1,70,,1181200,36,,,1,26,,1181215,36,,,1,30,,1181202,36,,,1,70,,993967,36,,,1,75,,1069101,36,,,1,28,,1181237,36,,,1,70,,1033782,36,,,1,29,,1181243,36,,,1,29,,1181201,36,,,1,70,,1181253,36,,,1
9801,'10',523,,1181273,36,,,1,27,,1181297,36,,,1,7,,1181312,7,,,1,59,,1181282,36,,,1,5,,1181267,7,,,1,4,,1181310,7,,,1,21,,1181281,36,,,1,7,,1181309,7,,,1,6,,1181299,7,,,1,42,,1181300,36,,,1,16,,1063792,36,,,1,9,,1181292,7,,,1,9,,1181308,36,,,1,11,,1181317,36,,,1,10,,1181265,7,,,1,48,,1181264,36,,,1,9,,1181305,36,,,1,8,,1181274,36,,,1,5,,1181319,7,,,1,11,,1181283,36,,,1,9,,1181320,7,,,1,7,,1181287,36,,,1,5,,1181301,7,,,1,45,,1181291,36,,,1,15,,1181303,36,,,1,7,,1181321,7,,,1,6,,1181269,36,,,1,15,,1181277,36,,,1,55,,1181311,36,,,1,15,,1097061,36,,,1,15,,1012745,36,,,1,15,,1181275,36,,,1,55,,1181266,36,,,1,15,,1181318,36,,,1,15,,1181289,36,,,1,15,,1181288,36,,,1,55,,1074631,36,,,1,15,,1181286,36,,,1,15,,966054,36,,,1,15,,1181270,36,,,1,55,,1181280,36,,,1,15,,1181302,36,,,1,15,,1181272,36,,,1,15,,1181278,36,,,1,55,,1181271,36,,,1,15,,1181295,36,,,1,15,,1181294,36,,,1,15,,1181316,36,,,1,55,,994189,36,,,1,14,,1181285,36,,,1,17,,1181293,36,,,1,15,,1061885,36,,,1,10,,1181315,7,,,1,45,,1038783,36,,,1,21,,1181279,7,,,1,11,,1038769,36,,,1,19,,1181296,7,,,1,51,,1181290,36,,,1,19,,1181307,7,,,1,9,,1181284,36,,,1,21,,1181268,7,,,1,49,,1181306,36,,,1,30,,1181313,36,,,1,70,,1181261,36,,,1,26,,1181276,36,,,1,30,,1181263,36,,,1,70,,994149,36,,,1,75,,1068956,36,,,1,28,,1181298,36,,,1,70,,1033901,36,,,1,29,,1181304,36,,,1,29,,1181262,36,,,1,70,,1181314,36,,,1
9801,'11',523,,1181334,36,,,1,27,,1181358,36,,,1,7,,1181373,7,,,1,59,,1181343,36,,,1,5,,1181328,7,,,1,4,,1181371,7,,,1,21,,1181342,36,,,1,7,,1181370,7,,,1,6,,1181360,7,,,1,42,,1181361,36,,,1,16,,1064198,36,,,1,9,,1181353,7,,,1,9,,1181369,36,,,1,11,,1181378,36,,,1,10,,1181326,7,,,1,48,,1181325,36,,,1,9,,1181366,36,,,1,8,,1181335,36,,,1,5,,1181380,7,,,1,11,,1181344,36,,,1,9,,1181381,7,,,1,7,,1181348,36,,,1,5,,1181362,7,,,1,45,,1181352,36,,,1,15,,1181364,36,,,1,7,,1181382,7,,,1,6,,1181330,36,,,1,15,,1181338,36,,,1,55,,1181372,36,,,1,15,,1097171,36,,,1,15,,1012634,36,,,1,15,,1181336,36,,,1,55,,1181327,36,,,1,15,,1181379,36,,,1,15,,1181350,36,,,1,15,,1181349,36,,,1,55,,1075109,36,,,1,15,,1181347,36,,,1,15,,966215,36,,,1,15,,1181331,36,,,1,55,,1181341,36,,,1,15,,1181363,36,,,1,15,,1181333,36,,,1,15,,1181339,36,,,1,55,,1181332,36,,,1,15,,1181356,36,,,1,15,,1181355,36,,,1,15,,1181377,36,,,1,55,,993951,36,,,1,14,,1181346,36,,,1,17,,1181354,36,,,1,15,,1062193,36,,,1,10,,1181376,7,,,1,45,,1038669,36,,,1,21,,1181340,7,,,1,11,,1038655,36,,,1,19,,1181357,7,,,1,51,,1181351,36,,,1,19,,1181368,7,,,1,9,,1181345,36,,,1,21,,1181329,7,,,1,49,,1181367,36,,,1,30,,1181374,36,,,1,70,,1181322,36,,,1,26,,1181337,36,,,1,30,,1181324,36,,,1,70,,993911,36,,,1,75,,1069143,36,,,1,28,,1181359,36,,,1,70,,1033747,36,,,1,29,,1181365,36,,,1,29,,1181323,36,,,1,70,,1181375,36,,,1
9801,'12',523,,1181426,36,,,1,27,,1181432,36,,,1,7,,943499,7,,,1,59,,1181398,36,,,1,5,,1181423,7,,,1,4,,1181386,7,,,1,21,,1181411,36,,,1,7,,1008183,7,,,1,6,,1181422,7,,,1,42,,1181428,36,,,1,16,,1181413,36,,,1,9,,1181408,7,,,1,9,,1181427,36,,,1,11,,1181395,36,,,1,10,,1181444,7,,,1,48,,1181390,36,,,1,9,,1181441,36,,,1,8,,1181417,36,,,1,5,,1181442,7,,,1,11,,1097760,36,,,1,9,,1181402,7,,,1,7,,1181406,36,,,1,5,,1181407,7,,,1,45,,1181401,36,,,1,15,,1181416,36,,,1,7,,1181387,7,,,1,6,,1181419,36,,,1,15,,1096726,36,,,1,55,,1181385,36,,,1,15,,1181433,36,,,1,15,,1181396,36,,,1,15,,1181400,36,,,1,55,,1181418,36,,,1,15,,1101885,36,,,1,15,,1181443,36,,,1,15,,1181404,36,,,1,55,,1181392,36,,,1,15,,1181384,36,,,1,15,,1181389,36,,,1,15,,1181431,36,,,1,55,,1181394,36,,,1,15,,1181435,36,,,1,15,,1089128,36,,,1,15,,1181446,36,,,1,55,,1181421,36,,,1,15,,1181434,36,,,1,15,,1181388,36,,,1,15,,1181420,36,,,1,55,,1181429,36,,,1,14,,1181412,36,,,1,17,,1089469,36,,,1,15,,1181391,36,,,1,10,,1181438,7,,,1,45,,1181445,36,,,1,21,,1181430,7,,,1,11,,1181383,36,,,1,19,,990663,7,,,1,51,,1181410,36,,,1,19,,1181397,7,,,1,9,,1181393,36,,,1,21,,1181414,7,,,1,49,,1181399,36,,,1,30,,1181424,36,,,1,70,,1181415,36,,,1,26,,1181436,36,,,1,30,,1181439,36,,,1,70,,1181440,36,,,1,75,,1181437,36,,,1,28,,1181405,36,,,1,70,,1181425,36,,,1,29,,1069537,36,,,1,29,,1181403,36,,,1,70,,1181409,36,,,1
9801,'13',710,,1181462,36,,,1,30,,1181466,36,,,1,70,,1181456,36,,,1,32,,1181449,36,,,1,69,,1181470,36,,,1,30,,1181465,36,,,1,70,,1181453,36,,,1,30,,1181477,36,,,1,70,,1051965,36,,,1,30,,1181472,36,,,1,70,,1181457,36,,,1,30,,1181469,36,,,1,70,,1181459,36,,,1,30,,1181464,36,,,1,70,,1181471,36,,,1,30,,1181448,36,,,1,70,,1181452,36,,,1,30,,1181461,36,,,1,70,,1181473,36,,,1,30,,1181467,36,,,1,70,,1181460,36,,,1,30,,1181451,36,,,1,70,,1181474,36,,,1,30,,1181468,36,,,1,70,,1181455,36,,,1,30,,1181450,36,,,1,70,,1181458,36,,,1,28,,1181447,36,,,1,70,,1181463,36,,,1,30,,1181475,36,,,1,70,,1181454,36,,,1,29,,1181476,36,,,1
9801,'14',523,,1181498,36,,,1,27,,1181523,36,,,1,7,,1181539,7,,,1,59,,1181507,36,,,1,5,,1181489,7,,,1,4,,1181537,7,,,1,21,,1181506,36,,,1,7,,1181536,7,,,1,6,,1181525,7,,,1,42,,1181527,36,,,1,16,,1181496,36,,,1,9,,1181518,7,,,1,9,,1181535,36,,,1,11,,1181544,36,,,1,10,,1181486,7,,,1,48,,1181482,36,,,1,9,,1181532,36,,,1,8,,1181499,36,,,1,5,,1181546,7,,,1,11,,1181508,36,,,1,9,,1181547,7,,,1,7,,1181512,36,,,1,5,,1181528,7,,,1,45,,1181517,36,,,1,15,,1181530,36,,,1,7,,1181548,7,,,1,6,,1181493,36,,,1,15,,1181502,36,,,1,55,,1181538,36,,,1,15,,1181526,36,,,1,15,,1181487,36,,,1,15,,1181500,36,,,1,55,,1181488,36,,,1,15,,1181545,36,,,1,15,,1181515,36,,,1,15,,1181513,36,,,1,55,,1181492,36,,,1,15,,1181511,36,,,1,15,,1181514,36,,,1,15,,1181494,36,,,1,55,,1181505,36,,,1,15,,1181529,36,,,1,15,,1181497,36,,,1,15,,1181503,36,,,1,55,,1181495,36,,,1,15,,1181521,36,,,1,15,,1181520,36,,,1,15,,1181543,36,,,1,55,,1181549,36,,,1,14,,1181510,36,,,1,17,,1181519,36,,,1,15,,1181484,36,,,1,10,,1181542,7,,,1,45,,1181550,36,,,1,21,,1181504,7,,,1,11,,1181490,36,,,1,19,,1181522,7,,,1,51,,1181516,36,,,1,19,,1181534,7,,,1,9,,1181509,36,,,1,21,,1181491,7,,,1,49,,1181533,36,,,1,30,,1181540,36,,,1,70,,1181478,36,,,1,26,,1181501,36,,,1,30,,1181481,36,,,1,70,,1181483,36,,,1,75,,1181480,36,,,1,28,,1181524,36,,,1,70,,1181485,36,,,1,29,,1181531,36,,,1,29,,1181479,36,,,1,70,,1181541,36,,,1
9801,'15',523,,1181607,36,,,1,27,,1181597,36,,,1,7,,1181611,7,,,1,59,,1181580,36,,,1,5,,1181554,7,,,1,4,,1181581,7,,,1,21,,1181559,36,,,1,7,,1181551,7,,,1,6,,1181615,7,,,1,42,,1181619,36,,,1,16,,1181603,36,,,1,9,,1181562,7,,,1,9,,1181566,36,,,1,11,,1181571,36,,,1,10,,1181574,7,,,1,48,,1181565,36,,,1,9,,1181601,36,,,1,8,,1181552,36,,,1,5,,1181555,7,,,1,11,,1181595,36,,,1,9,,1181577,7,,,1,7,,1181612,36,,,1,5,,1181614,7,,,1,45,,1181586,36,,,1,15,,1181606,36,,,1,7,,1181618,7,,,1,6,,1181594,36,,,1,15,,1181561,36,,,1,55,,1181567,36,,,1,15,,1181622,36,,,1,15,,1181592,36,,,1,15,,1181585,36,,,1,55,,1181575,36,,,1,15,,1181587,36,,,1,15,,1181576,36,,,1,15,,1181610,36,,,1,55,,1181588,36,,,1,15,,1181578,36,,,1,15,,1181563,36,,,1,15,,1181558,36,,,1,55,,1181557,36,,,1,15,,1181596,36,,,1,15,,1181598,36,,,1,15,,1181591,36,,,1,55,,1181623,36,,,1,15,,1181599,36,,,1,15,,1181613,36,,,1,15,,1181593,36,,,1,55,,1181560,36,,,1,14,,1181605,36,,,1,17,,1181564,36,,,1,15,,1181584,36,,,1,10,,1181573,7,,,1,45,,1181608,36,,,1,21,,1181569,7,,,1,11,,1181553,36,,,1,19,,1181616,7,,,1,51,,1181582,36,,,1,19,,1181568,7,,,1,9,,1181590,36,,,1,21,,1181602,7,,,1,49,,1181600,36,,,1,30,,1181556,36,,,1,70,,1181579,36,,,1,26,,1181621,36,,,1,30,,1181570,36,,,1,70,,1181572,36,,,1,75,,1181589,36,,,1,28,,1181583,36,,,1,70,,1181609,36,,,1,29,,1181617,36,,,1,29,,1181604,36,,,1,70,,1181620,36,,,1
9801,'16',523,,1181671,36,,,1,27,,1181677,36,,,1,7,,1181681,7,,,1,59,,1181643,36,,,1,5,,1181668,7,,,1,4,,1181629,7,,,1,21,,1181656,36,,,1,7,,1181637,7,,,1,6,,1181667,7,,,1,42,,1181673,36,,,1,16,,1181658,36,,,1,9,,1181653,7,,,1,9,,1181672,36,,,1,11,,1181640,36,,,1,10,,1181691,7,,,1,48,,1181634,36,,,1,9,,1181687,36,,,1,8,,1181662,36,,,1,5,,1051152,7,,,1,11,,1181631,36,,,1,9,,1181647,7,,,1,7,,1181651,36,,,1,5,,1181652,7,,,1,45,,1181646,36,,,1,15,,1181661,36,,,1,7,,1181630,7,,,1,6,,1181664,36,,,1,15,,1181688,36,,,1,55,,1181628,36,,,1,15,,1181678,36,,,1,15,,1181641,36,,,1,15,,1181645,36,,,1,55,,1181663,36,,,1,15,,1181689,36,,,1,15,,1181690,36,,,1,15,,1181649,36,,,1,55,,1007750,36,,,1,15,,1181625,36,,,1,15,,1181633,36,,,1,15,,1181676,36,,,1,55,,1181639,36,,,1,15,,1181680,36,,,1,15,,1181626,36,,,1,15,,1181692,36,,,1,55,,1181666,36,,,1,15,,1181679,36,,,1,15,,1181632,36,,,1,15,,1181665,36,,,1,55,,1181674,36,,,1,14,,1181657,36,,,1,17,,1181693,36,,,1,15,,1181635,36,,,1,10,,1181684,7,,,1,45,,991038,36,,,1,21,,1181675,7,,,1,11,,1181624,36,,,1,19,,1181627,7,,,1,51,,1181655,36,,,1,19,,1181642,7,,,1,9,,1181638,36,,,1,21,,1181659,7,,,1,49,,1181644,36,,,1,30,,1181669,36,,,1,70,,1181660,36,,,1,26,,1181682,36,,,1,30,,1181685,36,,,1,70,,1181686,36,,,1,75,,1181683,36,,,1,28,,1181650,36,,,1,70,,1181670,36,,,1,29,,1181636,36,,,1,29,,1181648,36,,,1,70,,1181654,36,,,1
9801,'17',710,,1181709,36,,,1,30,,1181713,36,,,1,70,,1181703,36,,,1,32,,1181696,36,,,1,69,,1181717,36,,,1,30,,1181712,36,,,1,70,,1181700,36,,,1,30,,1181725,36,,,1,70,,1181723,36,,,1,30,,1181719,36,,,1,70,,1181704,36,,,1,30,,1181716,36,,,1,70,,1181706,36,,,1,30,,1181711,36,,,1,70,,1181718,36,,,1,30,,1181695,36,,,1,70,,1181699,36,,,1,30,,1181708,36,,,1,70,,1181720,36,,,1,30,,1181714,36,,,1,70,,1181707,36,,,1,30,,1181698,36,,,1,70,,1181721,36,,,1,30,,1181715,36,,,1,70,,1181702,36,,,1,30,,1181697,36,,,1,70,,1181705,36,,,1,28,,1181694,36,,,1,70,,1181710,36,,,1,30,,1181722,36,,,1,70,,1181701,36,,,1,29,,1181724,36,,,1
9801,'2',705,,1072723,36,,,1,30,,1181727,36,,,1,70,,1181732,36,,,1,31,,1181734,36,,,1,70,,1096240,36,,,1,30,,1181751,36,,,1,68,,1181743,36,,,1,30,,1181726,36,,,1,70,,1095784,36,,,1,30,,1181733,36,,,1,70,,1181737,36,,,1,30,,1181755,36,,,1,70,,1181744,36,,,1,30,,1181748,36,,,1,70,,1181731,36,,,1,30,,1089894,36,,,1,70,,1181738,36,,,1,30,,1092603,36,,,1,70,,1181729,36,,,1,30,,1181750,36,,,1,70,,1181745,36,,,1,30,,1181735,36,,,1,70,,1181754,36,,,1,30,,1181741,36,,,1,70,,1181749,36,,,1,30,,1181747,36,,,1,69,,1181752,36,,,1,30,,1181739,36,,,1,69,,1181728,36,,,1,29,,1181753,36,,,1,70,,1181730,36,,,1,29,,1096232,36,,,1,70,,1092604,36,,,1,30,,1181736,36,,,1,70,,1181740,36,,,1,30,,1181746,36,,,1,70,,1181742,36,,,1
9801,'3',710,,1181771,36,,,1,30,,1181775,36,,,1,70,,1181765,36,,,1,32,,1181758,36,,,1,69,,1181779,36,,,1,30,,1181774,36,,,1,70,,1181762,36,,,1,30,,1181787,36,,,1,70,,1181785,36,,,1,30,,1181781,36,,,1,70,,1181766,36,,,1,30,,1181778,36,,,1,70,,1181768,36,,,1,30,,1181773,36,,,1,70,,1181780,36,,,1,30,,1181757,36,,,1,70,,1181761,36,,,1,30,,1181770,36,,,1,70,,1181782,36,,,1,30,,1181776,36,,,1,70,,1181769,36,,,1,30,,1181760,36,,,1,70,,1181783,36,,,1,30,,1181777,36,,,1,70,,1181764,36,,,1,30,,1181759,36,,,1,70,,1181767,36,,,1,28,,1181756,36,,,1,70,,1181772,36,,,1,30,,1181784,36,,,1,70,,1181763,36,,,1,29,,1181786,36,,,1
9801,'4',710,,1181799,36,,,1,30,,1181798,36,,,1,70,,1181817,36,,,1,32,,1181815,36,,,1,69,,1181801,36,,,1,30,,1181790,36,,,1,70,,1181802,36,,,1,30,,1181818,36,,,1,70,,1181812,36,,,1,30,,1181814,36,,,1,70,,1181789,36,,,1,30,,1181800,36,,,1,70,,1181811,36,,,1,30,,1181793,36,,,1,70,,1181803,36,,,1,30,,1181792,36,,,1,70,,1181808,36,,,1,30,,1181791,36,,,1,70,,1181804,36,,,1,30,,1181813,36,,,1,70,,1181796,36,,,1,30,,1181795,36,,,1,70,,1181810,36,,,1,30,,1181806,36,,,1,70,,1181807,36,,,1,30,,1181794,36,,,1,70,,1181788,36,,,1,28,,1079776,36,,,1,70,,1181797,36,,,1,30,,1181805,36,,,1,70,,1181809,36,,,1,29,,1181816,36,,,1
9801,'5',523,,1181831,36,,,1,27,,1181855,36,,,1,7,,1181870,7,,,1,59,,1181840,36,,,1,5,,1181825,7,,,1,4,,1181868,7,,,1,21,,1181839,36,,,1,7,,1181867,7,,,1,6,,1181857,7,,,1,42,,1181858,36,,,1,16,,1064060,36,,,1,9,,1181850,7,,,1,9,,1181866,36,,,1,11,,1181875,36,,,1,10,,1181823,7,,,1,48,,1181822,36,,,1,9,,1181863,36,,,1,8,,1181832,36,,,1,5,,1181877,7,,,1,11,,1181841,36,,,1,9,,1181878,7,,,1,7,,1181845,36,,,1,5,,1181859,7,,,1,45,,1181849,36,,,1,15,,1181861,36,,,1,7,,1181879,7,,,1,6,,1181827,36,,,1,15,,1181835,36,,,1,55,,1181869,36,,,1,15,,1097122,36,,,1,15,,1012505,36,,,1,15,,1181833,36,,,1,55,,1181824,36,,,1,15,,1181876,36,,,1,15,,1181847,36,,,1,15,,1181846,36,,,1,55,,1074951,36,,,1,15,,1181844,36,,,1,15,,966315,36,,,1,15,,1181828,36,,,1,55,,1181838,36,,,1,15,,1181860,36,,,1,15,,1181830,36,,,1,15,,1181836,36,,,1,55,,1181829,36,,,1,15,,1181853,36,,,1,15,,1181852,36,,,1,15,,1181874,36,,,1,55,,993723,36,,,1,14,,1181843,36,,,1,17,,1181851,36,,,1,15,,1062070,36,,,1,10,,1181873,7,,,1,45,,1038540,36,,,1,21,,1181837,7,,,1,11,,1038526,36,,,1,19,,1181854,7,,,1,51,,1181848,36,,,1,19,,1181865,7,,,1,9,,1181842,36,,,1,21,,1181826,7,,,1,49,,1181864,36,,,1,30,,1181871,36,,,1,70,,1181819,36,,,1,26,,1181834,36,,,1,30,,1181821,36,,,1,70,,993683,36,,,1,75,,1069081,36,,,1,28,,1181856,36,,,1,70,,1033582,36,,,1,29,,1181862,36,,,1,29,,1181820,36,,,1,70,,1181872,36,,,1
9801,'6',523,,1181919,36,,,1,27,,1181925,36,,,1,7,,1181928,7,,,1,59,,1181891,36,,,1,5,,1181916,7,,,1,4,,1098749,7,,,1,21,,1181904,36,,,1,7,,1181885,7,,,1,6,,1181915,7,,,1,42,,1181921,36,,,1,16,,1181906,36,,,1,9,,1181901,7,,,1,9,,1181920,36,,,1,11,,1181888,36,,,1,10,,1088334,7,,,1,48,,1003301,36,,,1,9,,1092258,36,,,1,8,,1181910,36,,,1,5,,1181936,7,,,1,11,,1181883,36,,,1,9,,1181895,7,,,1,7,,1181899,36,,,1,5,,1181900,7,,,1,45,,1181894,36,,,1,15,,1181909,36,,,1,7,,1181882,7,,,1,6,,1181912,36,,,1,15,,1181934,36,,,1,55,,1009464,36,,,1,15,,1181926,36,,,1,15,,1181889,36,,,1,15,,1181893,36,,,1,55,,1181911,36,,,1,15,,1181935,36,,,1,15,,1086780,36,,,1,15,,1181897,36,,,1,55,,1181886,36,,,1,15,,1025636,36,,,1,15,,1083317,36,,,1,15,,1181924,36,,,1,55,,1181887,36,,,1,15,,1181927,36,,,1,15,,1181881,36,,,1,15,,1020343,36,,,1,55,,1181914,36,,,1,15,,1103208,36,,,1,15,,1036609,36,,,1,15,,1181913,36,,,1,55,,1181922,36,,,1,14,,1181905,36,,,1,17,,1181938,36,,,1,15,,1086486,36,,,1,10,,1181931,7,,,1,45,,1181937,36,,,1,21,,1181923,7,,,1,11,,1009617,36,,,1,19,,1181880,7,,,1,51,,1181903,36,,,1,19,,1181890,7,,,1,9,,1088957,36,,,1,21,,1181907,7,,,1,49,,1181892,36,,,1,30,,1181917,36,,,1,70,,1181908,36,,,1,26,,1181929,36,,,1,30,,1181932,36,,,1,70,,1181933,36,,,1,75,,1181930,36,,,1,28,,1181898,36,,,1,70,,1181918,36,,,1,29,,1181884,36,,,1,29,,1181896,36,,,1,70,,1181902,36,,,1
9801,'7',705,,1181947,36,,,1,30,,1181963,36,,,1,70,,1181950,36,,,1,31,,1181939,36,,,1,70,,1181954,36,,,1,30,,1181956,36,,,1,68,,1181961,36,,,1,30,,1181946,36,,,1,70,,1181955,36,,,1,30,,1181973,36,,,1,70,,1181967,36,,,1,30,,1181944,36,,,1,70,,1181964,36,,,1,30,,1181972,36,,,1,70,,1181968,36,,,1,30,,1181969,36,,,1,70,,1181951,36,,,1,30,,1181942,36,,,1,70,,1181962,36,,,1,30,,1181959,36,,,1,70,,1181966,36,,,1,30,,1181948,36,,,1,70,,1181957,36,,,1,30,,1181975,36,,,1,70,,1181965,36,,,1,30,,1181952,36,,,1,69,,1181974,36,,,1,30,,1181945,36,,,1,69,,1181941,36,,,1,29,,1181953,36,,,1,70,,1181960,36,,,1,29,,1181970,36,,,1,70,,1181949,36,,,1,30,,1181940,36,,,1,70,,1181943,36,,,1,30,,1181971,36,,,1,70,,1181958,36,,,1
9801,'8',523,,1182024,36,,,1,27,,1182030,36,,,1,7,,1182034,7,,,1,59,,1181996,36,,,1,5,,1182021,7,,,1,4,,1181980,7,,,1,21,,1182009,36,,,1,7,,1181989,7,,,1,6,,1182020,7,,,1,42,,1182026,36,,,1,16,,1182011,36,,,1,9,,1182006,7,,,1,9,,1182025,36,,,1,11,,1181993,36,,,1,10,,1182045,7,,,1,48,,1181986,36,,,1,9,,1182040,36,,,1,8,,1182015,36,,,1,5,,1182043,7,,,1,11,,1181983,36,,,1,9,,1182000,7,,,1,7,,1182004,36,,,1,5,,1182005,7,,,1,45,,1181999,36,,,1,15,,1182014,36,,,1,7,,1181982,7,,,1,6,,1182017,36,,,1,15,,1182041,36,,,1,55,,1181979,36,,,1,15,,1182031,36,,,1,15,,1181994,36,,,1,15,,1181998,36,,,1,55,,1182016,36,,,1,15,,1182042,36,,,1,15,,1182044,36,,,1,15,,1182002,36,,,1,55,,1181990,36,,,1,15,,1181977,36,,,1,15,,1181985,36,,,1,15,,1182029,36,,,1,55,,1181992,36,,,1,15,,1182033,36,,,1,15,,1181978,36,,,1,15,,1182047,36,,,1,55,,1182019,36,,,1,15,,1182032,36,,,1,15,,1181984,36,,,1,15,,1182018,36,,,1,55,,1182027,36,,,1,14,,1182010,36,,,1,17,,1182048,36,,,1,15,,1181987,36,,,1,10,,1182037,7,,,1,45,,1182046,36,,,1,21,,1182028,7,,,1,11,,1181976,36,,,1,19,,1181981,7,,,1,51,,1182008,36,,,1,19,,1181995,7,,,1,9,,1181991,36,,,1,21,,1182012,7,,,1,49,,1181997,36,,,1,30,,1182022,36,,,1,70,,1182013,36,,,1,26,,1182035,36,,,1,30,,1182038,36,,,1,70,,1182039,36,,,1,75,,1182036,36,,,1,28,,1182003,36,,,1,70,,1182023,36,,,1,29,,1181988,36,,,1,29,,1182001,36,,,1,70,,1182007,36,,,1
9801,'9',523,,1182061,36,,,1,27,,1182085,36,,,1,7,,1182100,7,,,1,59,,1182070,36,,,1,5,,1182055,7,,,1,4,,1182098,7,,,1,21,,1182069,36,,,1,7,,1182097,7,,,1,6,,1182087,7,,,1,42,,1182088,36,,,1,16,,1063889,36,,,1,9,,1182080,7,,,1,9,,1182096,36,,,1,11,,1182105,36,,,1,10,,1182053,7,,,1,48,,1182052,36,,,1,9,,1182093,36,,,1,8,,1182062,36,,,1,5,,1182107,7,,,1,11,,1182071,36,,,1,9,,1182108,7,,,1,7,,1182075,36,,,1,5,,1182089,7,,,1,45,,1182079,36,,,1,15,,1182091,36,,,1,7,,1182109,7,,,1,6,,1182057,36,,,1,15,,1182065,36,,,1,55,,1182099,36,,,1,15,,1097088,36,,,1,15,,1012684,36,,,1,15,,1182063,36,,,1,55,,1182054,36,,,1,15,,1182106,36,,,1,15,,1182077,36,,,1,15,,1182076,36,,,1,55,,1074745,36,,,1,15,,1182074,36,,,1,15,,966293,36,,,1,15,,1182058,36,,,1,55,,1182068,36,,,1,15,,1182090,36,,,1,15,,1182060,36,,,1,15,,1182066,36,,,1,55,,1182059,36,,,1,15,,1182083,36,,,1,15,,1182082,36,,,1,15,,1182104,36,,,1,55,,994063,36,,,1,14,,1182073,36,,,1,17,,1182081,36,,,1,15,,1061959,36,,,1,10,,1182103,7,,,1,45,,1038721,36,,,1,21,,1182067,7,,,1,11,,1038707,36,,,1,19,,1182084,7,,,1,51,,1182078,36,,,1,19,,1182095,7,,,1,9,,1182072,36,,,1,21,,1182056,7,,,1,49,,1182094,36,,,1,30,,1182101,36,,,1,70,,1182049,36,,,1,26,,1182064,36,,,1,30,,1182051,36,,,1,70,,994023,36,,,1,75,,1068997,36,,,1,28,,1182086,36,,,1,70,,1033817,36,,,1,29,,1182092,36,,,1,29,,1182050,36,,,1,70,,1182102,36,,,1
10500,'1',328,,1183213,14,,,1,74,,1183237,14,,,1,29,,1183228,14,,,1,27,,1183220,14,,,1,68,,1183224,13,,,1,25,,1039733,13,,,1,67,,1183212,13,,,1,25,,1183207,13,,,1,73,,1183196,13,,,1,30,,1183203,13,,,1,71,,1183233,13,,,1,27,,1183217,13,,,1,68,,1183197,13,,,1,30,,1183235,13,,,1,70,,1183234,13,,,1,30,,1183216,13,,,1,70,,1183195,13,,,1,30,,1183219,13,,,1,70,,1183223,13,,,1,30,,1183231,13,,,1,73,,1183204,13,,,1,30,,1183225,13,,,1,70,,1027778,13,,,1,30,,1183227,13,,,1,70,,1066965,13,,,1,30,,1183208,13,,,1,72,,1183200,13,,,1,28,,1183202,13,,,1,70,,1183232,13,,,1,30,,1183210,13,,,1,68,,1183198,13,,,1,30,,1183229,13,,,1,76,,1183218,13,,,1,25,,1183201,13,,,1,70,,1183236,13,,,1,30,,1183211,13,,,1,70,,1183222,13,,,1,30,,1045873,13,,,1,70,,1183214,13,,,1,30,,1183199,13,,,1,70,,1183221,13,,,1,30,,1183206,13,,,1,70,,1183193,13,,,1,20,,1183230,13,,,1,25,,1183215,13,,,1,68,,1183194,13,,,1,30,,1183209,14,,,1,68,,1183205,14,,,1,30,,1183226,14,,,1
10500,'10',328,,1183258,14,,,1,74,,1183282,14,,,1,29,,1183273,14,,,1,27,,1183265,14,,,1,68,,1183269,13,,,1,25,,1039827,13,,,1,67,,1183257,13,,,1,25,,1183252,13,,,1,73,,1183241,13,,,1,30,,1183248,13,,,1,71,,1183278,13,,,1,27,,1183262,13,,,1,68,,1183242,13,,,1,30,,1183280,13,,,1,70,,1183279,13,,,1,30,,1183261,13,,,1,70,,1183240,13,,,1,30,,1183264,13,,,1,70,,1183268,13,,,1,30,,1183276,13,,,1,73,,1183249,13,,,1,30,,1183270,13,,,1,70,,1027855,13,,,1,30,,1183272,13,,,1,70,,1066682,13,,,1,30,,1183253,13,,,1,72,,1183245,13,,,1,28,,1183247,13,,,1,70,,1183277,13,,,1,30,,1183255,13,,,1,68,,1183243,13,,,1,30,,1183274,13,,,1,76,,1183263,13,,,1,25,,1183246,13,,,1,70,,1183281,13,,,1,30,,1183256,13,,,1,70,,1183267,13,,,1,30,,1045916,13,,,1,70,,1183259,13,,,1,30,,1183244,13,,,1,70,,1183266,13,,,1,30,,1183251,13,,,1,70,,1183238,13,,,1,20,,1183275,13,,,1,25,,1183260,13,,,1,68,,1183239,13,,,1,30,,1183254,14,,,1,68,,1183250,14,,,1,30,,1183271,14,,,1
10500,'11',328,,1183303,14,,,1,74,,1183327,14,,,1,29,,1183318,14,,,1,27,,1183310,14,,,1,68,,1183314,13,,,1,25,,1039705,13,,,1,67,,1183302,13,,,1,25,,1183297,13,,,1,73,,1183286,13,,,1,30,,1183293,13,,,1,71,,1183323,13,,,1,27,,1183307,13,,,1,68,,1183287,13,,,1,30,,1183325,13,,,1,70,,1183324,13,,,1,30,,1183306,13,,,1,70,,1183285,13,,,1,30,,1183309,13,,,1,70,,1183313,13,,,1,30,,1183321,13,,,1,73,,1183294,13,,,1,30,,1183315,13,,,1,70,,1027757,13,,,1,30,,1183317,13,,,1,70,,1067041,13,,,1,30,,1183298,13,,,1,72,,1183290,13,,,1,28,,1183292,13,,,1,70,,1183322,13,,,1,30,,1183300,13,,,1,68,,1183288,13,,,1,30,,1183319,13,,,1,76,,1183308,13,,,1,25,,1183291,13,,,1,70,,1183326,13,,,1,30,,1183301,13,,,1,70,,1183312,13,,,1,30,,1045862,13,,,1,70,,1183304,13,,,1,30,,1183289,13,,,1,70,,1183311,13,,,1,30,,1183296,13,,,1,70,,1183283,13,,,1,20,,1183320,13,,,1,25,,1183305,13,,,1,68,,1183284,13,,,1,30,,1183299,14,,,1,68,,1183295,14,,,1,30,,1183316,14,,,1
10500,'12',328,,1183351,14,,,1,74,,1183343,14,,,1,29,,1183356,14,,,1,27,,1183338,14,,,1,68,,1183366,13,,,1,25,,1183354,13,,,1,67,,1183345,13,,,1,25,,1183340,13,,,1,73,,1183348,13,,,1,30,,978462,13,,,1,71,,1183369,13,,,1,27,,1183353,13,,,1,68,,1183337,13,,,1,30,,1183359,13,,,1,70,,1183363,13,,,1,30,,1183328,13,,,1,70,,1010978,13,,,1,30,,1183336,13,,,1,70,,1183350,13,,,1,30,,1183342,13,,,1,73,,1183360,13,,,1,30,,1183365,13,,,1,70,,1183344,13,,,1,30,,1183352,13,,,1,70,,1183346,13,,,1,30,,1183333,13,,,1,72,,1049452,13,,,1,28,,1183361,13,,,1,70,,1183341,13,,,1,30,,1183358,13,,,1,68,,1183331,13,,,1,30,,1183339,13,,,1,76,,1183334,13,,,1,25,,1183364,13,,,1,70,,1082412,13,,,1,30,,1183362,13,,,1,70,,1183329,13,,,1,30,,1062545,13,,,1,70,,1183349,13,,,1,30,,1183332,13,,,1,70,,1183330,13,,,1,30,,1183357,13,,,1,70,,1183355,13,,,1,20,,1065109,13,,,1,25,,1183368,13,,,1,68,,1183347,13,,,1,30,,1183367,14,,,1,68,,1183370,14,,,1,30,,1183335,14,,,1
10500,'13',330,,1183396,14,,,1,70,,1183376,14,,,1,30,,1183399,14,,,1,70,,1183412,14,,,1,30,,1183400,14,,,1,70,,1183373,14,,,1,30,,1183413,14,,,1,70,,1183371,14,,,1,30,,1183397,14,,,1,70,,1066787,14,,,1,29,,1183386,13,,,1,30,,1183387,13,,,1,70,,1183403,13,,,1,30,,1183393,13,,,1,70,,1183384,13,,,1,30,,1183401,13,,,1,70,,1183414,13,,,1,30,,1183379,13,,,1,70,,1183380,13,,,1,30,,1183372,13,,,1,70,,1183382,13,,,1,30,,1183415,13,,,1,70,,1183378,13,,,1,30,,1183375,13,,,1,70,,1183408,13,,,1,30,,1183406,13,,,1,70,,1183416,13,,,1,30,,1183410,13,,,1,69,,1183402,13,,,1,30,,1183405,13,,,1,70,,1183389,13,,,1,30,,1183398,13,,,1,70,,1076905,13,,,1,30,,1183404,13,,,1,70,,1183394,13,,,1,30,,1183383,13,,,1,70,,1183388,13,,,1,30,,1183385,13,,,1,69,,1183395,13,,,1,30,,1183392,13,,,1,70,,1183409,13,,,1,30,,1183390,14,,,1,70,,1183381,14,,,1,30,,1183407,14,,,1,70,,1183374,14,,,1,30,,1183411,14,,,1,70,,1183391,14,,,1,30,,1183377,14,,,1
10500,'14',328,,1183439,14,,,1,74,,1183465,14,,,1,29,,1183455,14,,,1,27,,1183447,14,,,1,68,,1183451,13,,,1,25,,1183424,13,,,1,67,,1183438,13,,,1,25,,1183433,13,,,1,73,,1183420,13,,,1,30,,1183429,13,,,1,71,,1183460,13,,,1,27,,1183444,13,,,1,68,,1183421,13,,,1,30,,1183462,13,,,1,70,,1183461,13,,,1,30,,1183443,13,,,1,70,,1183419,13,,,1,30,,1183446,13,,,1,70,,1183450,13,,,1,30,,1183458,13,,,1,73,,1183430,13,,,1,30,,1183452,13,,,1,70,,1183441,13,,,1,30,,1183454,13,,,1,70,,1183464,13,,,1,30,,1183434,13,,,1,72,,1183426,13,,,1,28,,1183428,13,,,1,70,,1183459,13,,,1,30,,1183436,13,,,1,68,,1183423,13,,,1,30,,1183456,13,,,1,76,,1183445,13,,,1,25,,1183427,13,,,1,70,,1183463,13,,,1,30,,1183437,13,,,1,70,,1183449,13,,,1,30,,1183422,13,,,1,70,,1183440,13,,,1,30,,1183425,13,,,1,70,,1183448,13,,,1,30,,1183432,13,,,1,70,,1183417,13,,,1,20,,1183457,13,,,1,25,,1183442,13,,,1,68,,1183418,13,,,1,30,,1183435,14,,,1,68,,1183431,14,,,1,30,,1183453,14,,,1
10500,'15',328,,1183496,14,,,1,74,,1183480,14,,,1,29,,1183475,14,,,1,27,,1183487,14,,,1,68,,1183485,13,,,1,25,,1183494,13,,,1,67,,1183479,13,,,1,25,,1183499,13,,,1,73,,1183501,13,,,1,30,,1183504,13,,,1,71,,1183467,13,,,1,27,,1183471,13,,,1,68,,1183498,13,,,1,30,,1183514,13,,,1,70,,1183469,13,,,1,30,,1183495,13,,,1,70,,1183506,13,,,1,30,,1183476,13,,,1,70,,1183512,13,,,1,30,,1183488,13,,,1,73,,1183472,13,,,1,30,,1183481,13,,,1,70,,1183503,13,,,1,30,,1183484,13,,,1,70,,1183490,13,,,1,30,,1183493,13,,,1,72,,1183500,13,,,1,28,,1183510,13,,,1,70,,1183507,13,,,1,30,,1183509,13,,,1,68,,1183502,13,,,1,30,,1183508,13,,,1,76,,1183477,13,,,1,25,,1183478,13,,,1,70,,1183491,13,,,1,30,,1183486,13,,,1,70,,1183505,13,,,1,30,,1183489,13,,,1,70,,1183474,13,,,1,30,,1183470,13,,,1,70,,1183468,13,,,1,30,,1183483,13,,,1,70,,1183473,13,,,1,20,,1183466,13,,,1,25,,1183482,13,,,1,68,,1183513,13,,,1,30,,1183497,14,,,1,68,,1183511,14,,,1,30,,1183492,14,,,1
10500,'16',328,,1183537,14,,,1,74,,1183529,14,,,1,29,,1183542,14,,,1,27,,1095253,14,,,1,68,,1183553,13,,,1,25,,1183540,13,,,1,67,,1183531,13,,,1,25,,1183526,13,,,1,73,,1183534,13,,,1,30,,1183518,13,,,1,71,,1064171,13,,,1,27,,1183539,13,,,1,68,,1183524,13,,,1,30,,1183545,13,,,1,70,,1183550,13,,,1,30,,1183516,13,,,1,70,,1183517,13,,,1,30,,1095927,13,,,1,70,,1183536,13,,,1,30,,1183528,13,,,1,73,,1183546,13,,,1,30,,1183552,13,,,1,70,,1183530,13,,,1,30,,1183538,13,,,1,70,,1183532,13,,,1,30,,1183522,13,,,1,72,,1183547,13,,,1,28,,1183548,13,,,1,70,,1183527,13,,,1,30,,1183544,13,,,1,68,,1183521,13,,,1,30,,1183525,13,,,1,76,,1101625,13,,,1,25,,1183551,13,,,1,70,,1183515,13,,,1,30,,1183549,13,,,1,70,,1183519,13,,,1,30,,1183557,13,,,1,70,,1183535,13,,,1,30,,1087248,13,,,1,70,,1183520,13,,,1,30,,1183543,13,,,1,70,,1183541,13,,,1,20,,1183555,13,,,1,25,,1183556,13,,,1,68,,1183533,13,,,1,30,,1183554,14,,,1,68,,1183558,14,,,1,30,,1183523,14,,,1
10500,'17',330,,1183585,14,,,1,70,,1183565,14,,,1,30,,1183588,14,,,1,70,,1183601,14,,,1,30,,1183589,14,,,1,70,,1183561,14,,,1,30,,1183602,14,,,1,70,,1183559,14,,,1,30,,1183586,14,,,1,70,,1183564,14,,,1,29,,1183575,13,,,1,30,,1183576,13,,,1,70,,1183592,13,,,1,30,,1183582,13,,,1,70,,1183573,13,,,1,30,,1183590,13,,,1,70,,1183603,13,,,1,30,,1183568,13,,,1,70,,1183569,13,,,1,30,,1183560,13,,,1,70,,1183571,13,,,1,30,,1183604,13,,,1,70,,1183567,13,,,1,30,,1183563,13,,,1,70,,1183597,13,,,1,30,,1183595,13,,,1,70,,1183606,13,,,1,30,,1183599,13,,,1,69,,1183591,13,,,1,30,,1183594,13,,,1,70,,1183578,13,,,1,30,,1183587,13,,,1,70,,1183605,13,,,1,30,,1183593,13,,,1,70,,1183583,13,,,1,30,,1183572,13,,,1,70,,1183577,13,,,1,30,,1183574,13,,,1,69,,1183584,13,,,1,30,,1183581,13,,,1,70,,1183598,13,,,1,30,,1183579,14,,,1,70,,1183570,14,,,1,30,,1183596,14,,,1,70,,1183562,14,,,1,30,,1183600,14,,,1,70,,1183580,14,,,1,30,,1183566,14,,,1
10500,'2',317,,885398,14,,,1,30,,1183638,14,,,1,70,,1183621,14,,,1,30,,1071120,14,,,1,70,,1183640,14,,,1,30,,1183627,14,,,1,70,,1183613,13,,,1,35,,1183610,13,,,1,70,,1183637,13,,,1,30,,1183609,13,,,1,70,,1183630,13,,,1,30,,1183607,13,,,1,70,,1183622,13,,,1,30,,1183635,13,,,1,71,,1183618,13,,,1,30,,1183629,13,,,1,71,,1183625,13,,,1,30,,1183620,13,,,1,70,,1183628,13,,,1,30,,1183636,13,,,1,70,,1183641,13,,,1,30,,1183632,13,,,1,70,,1183617,13,,,1,30,,1069458,13,,,1,70,,1096233,13,,,1,30,,1183611,13,,,1,70,,1183639,13,,,1,30,,1067161,13,,,1,70,,1183634,13,,,1,30,,1183616,13,,,1,70,,1183631,13,,,1,30,,1078141,13,,,1,71,,1099914,13,,,1,30,,1183633,13,,,1,70,,953844,13,,,1,30,,1183626,13,,,1,71,,1027055,13,,,1,30,,1183612,13,,,1,70,,1183642,13,,,1,30,,1183615,13,,,1,70,,1183624,13,,,1,30,,1183619,13,,,1,72,,1073730,13,,,1,72,,1183608,13,,,1,30,,1183614,13,,,1,70,,1023374,13,,,1,30,,1183623,13,,,1,72,,1068973,14,,,1
10500,'3',330,,1183669,14,,,1,70,,1183649,14,,,1,30,,1183672,14,,,1,70,,1183685,14,,,1,30,,1183673,14,,,1,70,,1183645,14,,,1,30,,1183686,14,,,1,70,,1183643,14,,,1,30,,1183670,14,,,1,70,,1183648,14,,,1,29,,1183659,13,,,1,30,,1183660,13,,,1,70,,1183676,13,,,1,30,,1183666,13,,,1,70,,1183657,13,,,1,30,,1183674,13,,,1,70,,1183687,13,,,1,30,,1183652,13,,,1,70,,1183653,13,,,1,30,,1183644,13,,,1,70,,1183655,13,,,1,30,,1183688,13,,,1,70,,1183651,13,,,1,30,,1183647,13,,,1,70,,1183681,13,,,1,30,,1183679,13,,,1,70,,1183690,13,,,1,30,,1183683,13,,,1,69,,1183675,13,,,1,30,,1183678,13,,,1,70,,1183662,13,,,1,30,,1183671,13,,,1,70,,1183689,13,,,1,30,,1183677,13,,,1,70,,1183667,13,,,1,30,,1183656,13,,,1,70,,1183661,13,,,1,30,,1183658,13,,,1,69,,1183668,13,,,1,30,,1183665,13,,,1,70,,1183682,13,,,1,30,,1183663,14,,,1,70,,1183654,14,,,1,30,,1183680,14,,,1,70,,1183646,14,,,1,30,,1183684,14,,,1,70,,1183664,14,,,1,30,,1183650,14,,,1
10500,'4',330,,1183711,14,,,1,70,,1022181,14,,,1,30,,1183712,14,,,1,70,,1183719,14,,,1,30,,1183720,14,,,1,70,,1183704,14,,,1,30,,1092363,14,,,1,70,,1183723,14,,,1,30,,1183697,14,,,1,70,,1183691,14,,,1,29,,1183727,13,,,1,30,,1183729,13,,,1,70,,1183695,13,,,1,30,,1183722,13,,,1,70,,1183709,13,,,1,30,,1183701,13,,,1,70,,1183700,13,,,1,30,,1183702,13,,,1,70,,1183708,13,,,1,30,,1183693,13,,,1,70,,1183715,13,,,1,30,,1183725,13,,,1,70,,1183714,13,,,1,30,,1183705,13,,,1,70,,1183696,13,,,1,30,,1183710,13,,,1,70,,1081881,13,,,1,30,,1004827,13,,,1,69,,1183721,13,,,1,30,,1183718,13,,,1,70,,1183716,13,,,1,30,,998661,13,,,1,70,,1183692,13,,,1,30,,1183707,13,,,1,70,,1183703,13,,,1,30,,1183706,13,,,1,70,,1183713,13,,,1,30,,1075426,13,,,1,69,,988763,13,,,1,30,,1084085,13,,,1,70,,1183717,13,,,1,30,,1183699,14,,,1,70,,1183694,14,,,1,30,,1183726,14,,,1,70,,1183724,14,,,1,30,,1183730,14,,,1,70,,1183698,14,,,1,30,,1183728,14,,,1
10500,'5',328,,1183751,14,,,1,74,,1183775,14,,,1,29,,1183766,14,,,1,27,,1183758,14,,,1,68,,1183762,13,,,1,25,,1039574,13,,,1,67,,1183750,13,,,1,25,,1183745,13,,,1,73,,1183734,13,,,1,30,,1183741,13,,,1,71,,1183771,13,,,1,27,,1183755,13,,,1,68,,1183735,13,,,1,30,,1183773,13,,,1,70,,1183772,13,,,1,30,,1183754,13,,,1,70,,1183733,13,,,1,30,,1183757,13,,,1,70,,1183761,13,,,1,30,,1183769,13,,,1,73,,1183742,13,,,1,30,,1183763,13,,,1,70,,1027680,13,,,1,30,,1183765,13,,,1,70,,1066929,13,,,1,30,,1183746,13,,,1,72,,1183738,13,,,1,28,,1183740,13,,,1,70,,1183770,13,,,1,30,,1183748,13,,,1,68,,1183736,13,,,1,30,,1183767,13,,,1,76,,1183756,13,,,1,25,,1183739,13,,,1,70,,1183774,13,,,1,30,,1183749,13,,,1,70,,1183760,13,,,1,30,,1045819,13,,,1,70,,1183752,13,,,1,30,,1183737,13,,,1,70,,1183759,13,,,1,30,,1183744,13,,,1,70,,1183731,13,,,1,20,,1183768,13,,,1,25,,1183753,13,,,1,68,,1183732,13,,,1,30,,1183747,14,,,1,68,,1183743,14,,,1,30,,1183764,14,,,1
10500,'6',328,,1183795,14,,,1,74,,1183787,14,,,1,29,,1183800,14,,,1,27,,1183783,14,,,1,68,,1183810,13,,,1,25,,1183798,13,,,1,67,,1183789,13,,,1,25,,1038077,13,,,1,73,,1183792,13,,,1,30,,1183778,13,,,1,71,,1183813,13,,,1,27,,1183797,13,,,1,68,,1088953,13,,,1,30,,1183802,13,,,1,70,,1183807,13,,,1,30,,955688,13,,,1,70,,1183777,13,,,1,30,,1183782,13,,,1,70,,1183794,13,,,1,30,,1183786,13,,,1,73,,1183803,13,,,1,30,,1183809,13,,,1,70,,1183788,13,,,1,30,,1183796,13,,,1,70,,1183790,13,,,1,30,,1094236,13,,,1,72,,1183804,13,,,1,28,,1183805,13,,,1,70,,1183785,13,,,1,30,,1072006,13,,,1,68,,1031502,13,,,1,30,,1183784,13,,,1,76,,1183781,13,,,1,25,,1183808,13,,,1,70,,1183776,13,,,1,30,,1183806,13,,,1,70,,1183779,13,,,1,30,,1183814,13,,,1,70,,1183793,13,,,1,30,,1183780,13,,,1,70,,1093020,13,,,1,30,,1183801,13,,,1,70,,1183799,13,,,1,20,,1183812,13,,,1,25,,1078066,13,,,1,68,,1183791,13,,,1,30,,1183811,14,,,1,68,,1183815,14,,,1,30,,1012895,14,,,1
10500,'7',317,,1183840,14,,,1,30,,1183851,14,,,1,70,,1183822,14,,,1,30,,1183816,14,,,1,70,,1183861,14,,,1,30,,1183819,14,,,1,70,,1183850,13,,,1,35,,1183849,13,,,1,70,,1183828,13,,,1,30,,1183855,13,,,1,70,,1183845,13,,,1,30,,1183820,13,,,1,70,,1183862,13,,,1,30,,1183830,13,,,1,71,,1183836,13,,,1,30,,1183833,13,,,1,71,,1183857,13,,,1,30,,1183856,13,,,1,70,,1183846,13,,,1,30,,1183853,13,,,1,70,,1183841,13,,,1,30,,1183823,13,,,1,70,,1183827,13,,,1,30,,1183825,13,,,1,70,,1183817,13,,,1,30,,1183848,13,,,1,70,,1183842,13,,,1,30,,1183859,13,,,1,70,,1183838,13,,,1,30,,1183832,13,,,1,70,,1183854,13,,,1,30,,1183860,13,,,1,71,,1183847,13,,,1,30,,1183863,13,,,1,70,,1183839,13,,,1,30,,1183821,13,,,1,71,,1183818,13,,,1,30,,1183843,13,,,1,70,,1183852,13,,,1,30,,1183837,13,,,1,70,,1183844,13,,,1,30,,1183834,13,,,1,72,,1183858,13,,,1,72,,1183835,13,,,1,30,,1183831,13,,,1,70,,1183826,13,,,1,30,,1183829,13,,,1,72,,1183824,14,,,1
10500,'8',328,,1183890,14,,,1,74,,1183882,14,,,1,29,,1183895,14,,,1,27,,1183877,14,,,1,68,,1183906,13,,,1,25,,1183893,13,,,1,67,,1183884,13,,,1,25,,1183879,13,,,1,73,,1183887,13,,,1,30,,1183867,13,,,1,71,,1183910,13,,,1,27,,1183892,13,,,1,68,,1183876,13,,,1,30,,1183898,13,,,1,70,,1183903,13,,,1,30,,1183865,13,,,1,70,,1183866,13,,,1,30,,1183875,13,,,1,70,,1183889,13,,,1,30,,1183881,13,,,1,73,,1183899,13,,,1,30,,1183905,13,,,1,70,,1183883,13,,,1,30,,1183891,13,,,1,70,,1183885,13,,,1,30,,1183872,13,,,1,72,,1183900,13,,,1,28,,1183901,13,,,1,70,,1183880,13,,,1,30,,1183897,13,,,1,68,,1183870,13,,,1,30,,1183878,13,,,1,76,,1183873,13,,,1,25,,1183904,13,,,1,70,,1183864,13,,,1,30,,1183902,13,,,1,70,,1183868,13,,,1,30,,1183911,13,,,1,70,,1183888,13,,,1,30,,1183871,13,,,1,70,,1183869,13,,,1,30,,1183896,13,,,1,70,,1183894,13,,,1,20,,1183908,13,,,1,25,,1183909,13,,,1,68,,1183886,13,,,1,30,,1183907,14,,,1,68,,1183912,14,,,1,30,,1183874,14,,,1
10500,'9',328,,1183933,14,,,1,74,,1183957,14,,,1,29,,1183948,14,,,1,27,,1183940,14,,,1,68,,1183944,13,,,1,25,,1039761,13,,,1,67,,1183932,13,,,1,25,,1183927,13,,,1,73,,1183916,13,,,1,30,,1183923,13,,,1,71,,1183953,13,,,1,27,,1183937,13,,,1,68,,1183917,13,,,1,30,,1183955,13,,,1,70,,1183954,13,,,1,30,,1183936,13,,,1,70,,1183915,13,,,1,30,,1183939,13,,,1,70,,1183943,13,,,1,30,,1183951,13,,,1,73,,1183924,13,,,1,30,,1183945,13,,,1,70,,1027799,13,,,1,30,,1183947,13,,,1,70,,1066768,13,,,1,30,,1183928,13,,,1,72,,1183920,13,,,1,28,,1183922,13,,,1,70,,1183952,13,,,1,30,,1183930,13,,,1,68,,1183918,13,,,1,30,,1183949,13,,,1,76,,1183938,13,,,1,25,,1183921,13,,,1,70,,1183956,13,,,1,30,,1183931,13,,,1,70,,1183942,13,,,1,30,,1045884,13,,,1,70,,1183934,13,,,1,30,,1183919,13,,,1,70,,1183941,13,,,1,30,,1183926,13,,,1,70,,1183913,13,,,1,20,,1183950,13,,,1,25,,1183935,13,,,1,68,,1183914,13,,,1,30,,1183929,14,,,1,68,,1183925,14,,,1,30,,1183946,14,,,1
10501,'1',338,,1183978,14,0,67,1,68,,1183968,14,0,67,1,30,,1183967,14,0,67,1,70,,903657,14,,,1,34,,1183981,22,,,1,68,,1074529,22,,,1,28,,1183984,14,,,1,72,,1183973,14,,,1,35,,1183969,14,,,1,68,,1183986,14,,,1,32,,1183975,14,,,1,68,,1183959,14,,,1,30,,1183966,14,,,1,83,,1183993,14,,,1,30,,1183989,14,,,1,70,,1079559,14,,,1,30,,1183985,14,,,1,70,,1183994,14,,,1,32,,1183979,14,,,1,68,,1092178,14,,,1,30,,1183958,14,,,1,70,,1183983,14,,,1,30,,1051485,14,,,1,70,,1183991,14,,,1,17,,1183964,14,,,1,71,,1183963,14,,,1,30,,1183976,14,,,1,70,,1183980,14,,,1,30,,1183990,14,,,1,75,,1183970,14,,,1,30,,1183992,14,,,1,70,,1183974,14,,,1,26,,1064095,14,,,1,70,,1183972,14,,,1,30,,1183962,14,,,1,75,,991714,14,,,1,28,,1183982,14,,,1,70,,1051997,14,,,1,29,,1183965,14,,,1,70,,1183987,14,,,1,35,,1183971,14,,,1,66,,1183960,14,,,1,29,,1183961,14,,,1,57,,1183988,14,,,1,22,,1077001,14,0,67,1,32,,1183977,14,0,67,1,73,,1051515,14,0,67,1,30,,1076639,14,0,67,1
10501,'10',338,,1184015,14,0,67,1,68,,1184005,14,0,67,1,30,,1184004,14,0,67,1,70,,903707,14,,,1,34,,1184018,22,,,1,68,,1074382,22,,,1,28,,1184021,14,,,1,72,,1184010,14,,,1,35,,1184006,14,,,1,68,,1184023,14,,,1,32,,1184012,14,,,1,68,,1183996,14,,,1,30,,1184003,14,,,1,83,,1184030,14,,,1,30,,1184026,14,,,1,70,,1079367,14,,,1,30,,1184022,14,,,1,70,,1184031,14,,,1,32,,1184016,14,,,1,68,,1092017,14,,,1,30,,1183995,14,,,1,70,,1184020,14,,,1,30,,1051664,14,,,1,70,,1184028,14,,,1,17,,1184001,14,,,1,71,,1184000,14,,,1,30,,1184013,14,,,1,70,,1184017,14,,,1,30,,1184027,14,,,1,75,,1184007,14,,,1,30,,1184029,14,,,1,70,,1184011,14,,,1,26,,1063782,14,,,1,70,,1184009,14,,,1,30,,1183999,14,,,1,75,,991696,14,,,1,28,,1184019,14,,,1,70,,1052076,14,,,1,29,,1184002,14,,,1,70,,1184024,14,,,1,35,,1184008,14,,,1,66,,1183997,14,,,1,29,,1183998,14,,,1,57,,1184025,14,,,1,22,,1076777,14,0,67,1,32,,1184014,14,0,67,1,73,,1051694,14,0,67,1,30,,1076433,14,0,67,1
10501,'11',338,,1184052,14,0,67,1,68,,1184042,14,0,67,1,30,,1184041,14,0,67,1,70,,903557,14,,,1,34,,1184055,22,,,1,68,,1074572,22,,,1,28,,1184058,14,,,1,72,,1184047,14,,,1,35,,1184043,14,,,1,68,,1184060,14,,,1,32,,1184049,14,,,1,68,,1184033,14,,,1,30,,1184040,14,,,1,83,,1184067,14,,,1,30,,1184063,14,,,1,70,,1079618,14,,,1,30,,1184059,14,,,1,70,,1184068,14,,,1,32,,1184053,14,,,1,68,,1092223,14,,,1,30,,1184032,14,,,1,70,,1184057,14,,,1,30,,1051432,14,,,1,70,,1184065,14,,,1,17,,1184038,14,,,1,71,,1184037,14,,,1,30,,1184050,14,,,1,70,,1184054,14,,,1,30,,1184064,14,,,1,75,,1184044,14,,,1,30,,1184066,14,,,1,70,,1184048,14,,,1,26,,1064188,14,,,1,70,,1184046,14,,,1,30,,1184036,14,,,1,75,,991708,14,,,1,28,,1184056,14,,,1,70,,1051975,14,,,1,29,,1184039,14,,,1,70,,1184061,14,,,1,35,,1184045,14,,,1,66,,1184034,14,,,1,29,,1184035,14,,,1,57,,1184062,14,,,1,22,,1077067,14,0,67,1,32,,1184051,14,0,67,1,73,,1051462,14,0,67,1,30,,1076703,14,0,67,1
10501,'12',338,,1184092,14,0,67,1,68,,1184083,14,0,67,1,30,,1013154,14,0,67,1,70,,1184104,14,,,1,34,,1184105,22,,,1,68,,1184100,22,,,1,28,,1184069,14,,,1,72,,1070007,14,,,1,35,,1184099,14,,,1,68,,1184086,14,,,1,32,,1093304,14,,,1,68,,1184074,14,,,1,30,,1184081,14,,,1,83,,1184098,14,,,1,30,,1184108,14,,,1,70,,1184084,14,,,1,30,,1184107,14,,,1,70,,1184071,14,,,1,32,,1184080,14,,,1,68,,1184073,14,,,1,30,,1184070,14,,,1,70,,1184090,14,,,1,30,,1061661,14,,,1,70,,1184085,14,,,1,17,,1184106,14,,,1,71,,1184088,14,,,1,30,,1016271,14,,,1,70,,1099984,14,,,1,30,,1076573,14,,,1,75,,1184087,14,,,1,30,,1184097,14,,,1,70,,1021431,14,,,1,26,,1184082,14,,,1,70,,1184078,14,,,1,30,,1184091,14,,,1,75,,1184096,14,,,1,28,,1184103,14,,,1,70,,1184072,14,,,1,29,,1184102,14,,,1,70,,1184079,14,,,1,35,,1184095,14,,,1,66,,1184077,14,,,1,29,,1184089,14,,,1,57,,1184101,14,,,1,22,,1184094,14,0,67,1,32,,1184075,14,0,67,1,73,,1184093,14,0,67,1,30,,1184076,14,0,67,1
10501,'13',335,,1184111,14,0,67,1,70,,1184115,14,0,67,1,30,,1184124,14,0,67,1,70,,1184130,14,0,67,1,30,,1184110,14,0,67,1,70,,1184143,14,0,67,1,30,,1184147,14,0,67,1,70,,1184117,14,0,67,1,30,,1184144,14,0,67,1,71,,1184134,14,,,1,17,,1184145,14,,,1,31,,1184142,14,,,1,70,,1184132,14,,,1,30,,1184113,14,,,1,71,,1184112,14,,,1,30,,1031571,14,,,1,70,,1184140,14,,,1,30,,1184109,14,,,1,70,,1184116,14,,,1,30,,1184150,14,,,1,70,,1184131,14,,,1,30,,1184129,14,,,1,70,,1184139,14,,,1,30,,1184118,14,,,1,70,,1184149,14,,,1,30,,1184121,14,,,1,70,,1184146,14,,,1,30,,1184137,14,,,1,70,,1100195,14,,,1,30,,1184141,14,,,1,70,,1184151,14,,,1,30,,1184119,14,,,1,69,,1184120,14,,,1,30,,1184136,14,,,1,69,,1184148,14,,,1,29,,1098643,14,,,1,70,,1184114,14,,,1,30,,1184122,14,,,1,70,,1184152,14,,,1,30,,1184125,14,,,1,58,,1070500,14,0,67,1,30,,1184153,14,0,67,1,70,,1184128,14,0,67,1,30,,1184123,14,0,67,1,70,,1184127,14,0,67,1,30,,1184133,14,0,67,1,70,,1184138,14,0,67,1,30,,1184135,14,0,67,1,70,,1184126,14,0,67,1
10501,'14',338,,1184183,14,0,67,1,68,,1184172,14,0,67,1,30,,1184171,14,0,67,1,70,,1184163,14,,,1,34,,1184186,22,,,1,68,,1184179,22,,,1,28,,1184189,14,,,1,72,,1184177,14,,,1,35,,1184173,14,,,1,68,,1184191,14,,,1,32,,1184180,14,,,1,68,,1184160,14,,,1,30,,1184170,14,,,1,83,,1184200,14,,,1,30,,1184194,14,,,1,70,,1184162,14,,,1,30,,1184190,14,,,1,70,,1184201,14,,,1,32,,1184184,14,,,1,68,,1184195,14,,,1,30,,1184157,14,,,1,70,,1184188,14,,,1,30,,1184159,14,,,1,70,,1184197,14,,,1,17,,1184168,14,,,1,71,,1184167,14,,,1,30,,1184181,14,,,1,70,,1184185,14,,,1,30,,1184196,14,,,1,75,,1184174,14,,,1,30,,1184199,14,,,1,70,,1184178,14,,,1,26,,1184156,14,,,1,70,,1184176,14,,,1,30,,1184166,14,,,1,75,,1184154,14,,,1,28,,1184187,14,,,1,70,,1184155,14,,,1,29,,1184169,14,,,1,70,,1184192,14,,,1,35,,1184175,14,,,1,66,,1184161,14,,,1,29,,1184164,14,,,1,57,,1184193,14,,,1,22,,1184158,14,0,67,1,32,,1184182,14,0,67,1,73,,1184198,14,0,67,1,30,,1184165,14,0,67,1
10501,'15',338,,1184218,14,0,67,1,68,,1184208,14,0,67,1,30,,1184217,14,0,67,1,70,,1184212,14,,,1,34,,1184210,22,,,1,68,,1184235,22,,,1,28,,1184220,14,,,1,72,,1184240,14,,,1,35,,1184237,14,,,1,68,,1184226,14,,,1,32,,1184202,14,,,1,68,,1184228,14,,,1,30,,1184225,14,,,1,83,,1184221,14,,,1,30,,1184209,14,,,1,70,,1184223,14,,,1,30,,1184232,14,,,1,70,,1184248,14,,,1,32,,1184244,14,,,1,68,,1184231,14,,,1,30,,1184204,14,,,1,70,,1184222,14,,,1,30,,1184207,14,,,1,70,,1184214,14,,,1,17,,1184241,14,,,1,71,,1184215,14,,,1,30,,1184236,14,,,1,70,,1184213,14,,,1,30,,1184245,14,,,1,75,,1184239,14,,,1,30,,1184249,14,,,1,70,,1184230,14,,,1,26,,1184238,14,,,1,70,,1184243,14,,,1,30,,1184234,14,,,1,75,,1184219,14,,,1,28,,1184224,14,,,1,70,,1184242,14,,,1,29,,1184205,14,,,1,70,,1184227,14,,,1,35,,1184211,14,,,1,66,,1184216,14,,,1,29,,1184203,14,,,1,57,,1184233,14,,,1,22,,1184206,14,0,67,1,32,,1184247,14,0,67,1,73,,1184246,14,0,67,1,30,,1184229,14,0,67,1
10501,'16',338,,1184277,14,0,67,1,68,,1184268,14,0,67,1,30,,1184250,14,0,67,1,70,,1184289,14,,,1,34,,1184290,22,,,1,68,,1184285,22,,,1,28,,1075033,14,,,1,72,,1184291,14,,,1,35,,1184284,14,,,1,68,,1184271,14,,,1,32,,1184259,14,,,1,68,,1184258,14,,,1,30,,1184266,14,,,1,83,,1184283,14,,,1,30,,1184295,14,,,1,70,,1184269,14,,,1,30,,1184294,14,,,1,70,,1184255,14,,,1,32,,1184265,14,,,1,68,,1184256,14,,,1,30,,1184254,14,,,1,70,,1184275,14,,,1,30,,1184251,14,,,1,70,,1184270,14,,,1,17,,1184293,14,,,1,71,,1184273,14,,,1,30,,1184253,14,,,1,70,,1184252,14,,,1,30,,1184257,14,,,1,75,,1184272,14,,,1,30,,1184282,14,,,1,70,,1184292,14,,,1,26,,1184267,14,,,1,70,,1184263,14,,,1,30,,1184276,14,,,1,75,,1184281,14,,,1,28,,1184288,14,,,1,70,,1093439,14,,,1,29,,1184287,14,,,1,70,,1184264,14,,,1,35,,1184280,14,,,1,66,,1184262,14,,,1,29,,1184274,14,,,1,57,,1184286,14,,,1,22,,1184279,14,0,67,1,32,,1184260,14,0,67,1,73,,1184278,14,0,67,1,30,,1184261,14,0,67,1
10501,'17',335,,1184300,14,0,67,1,70,,1184304,14,0,67,1,30,,1184313,14,0,67,1,70,,1184319,14,0,67,1,30,,1184298,14,0,67,1,70,,1184333,14,0,67,1,30,,1184337,14,0,67,1,70,,1184306,14,0,67,1,30,,1184334,14,0,67,1,71,,1184323,14,,,1,17,,1184335,14,,,1,31,,1184332,14,,,1,70,,1184321,14,,,1,30,,1184302,14,,,1,71,,1184301,14,,,1,30,,1184296,14,,,1,70,,1184330,14,,,1,30,,1184297,14,,,1,70,,1184305,14,,,1,30,,1184341,14,,,1,70,,1184320,14,,,1,30,,1184318,14,,,1,70,,1184329,14,,,1,30,,1184307,14,,,1,70,,1184339,14,,,1,30,,1184310,14,,,1,70,,1184336,14,,,1,30,,1184326,14,,,1,70,,1184340,14,,,1,30,,1184331,14,,,1,70,,1184342,14,,,1,30,,1184308,14,,,1,69,,1184309,14,,,1,30,,1184325,14,,,1,69,,1184338,14,,,1,29,,1184299,14,,,1,70,,1184303,14,,,1,30,,1184311,14,,,1,70,,1184343,14,,,1,30,,1184314,14,,,1,58,,1184327,14,0,67,1,30,,1184344,14,0,67,1,70,,1184317,14,0,67,1,30,,1184312,14,0,67,1,70,,1184316,14,0,67,1,30,,1184322,14,0,67,1,70,,1184328,14,0,67,1,30,,1184324,14,0,67,1,70,,1184315,14,0,67,1
10501,'2',348,,1184349,14,0,67,1,65,,1184384,14,0,67,1,30,,1071822,14,0,67,1,70,,950590,14,0,67,1,30,,1184369,14,0,67,1,71,,1184352,14,,,1,30,,1184385,14,,,1,70,,1184372,14,,,1,30,,1087405,14,,,1,70,,1184360,14,,,1,30,,1184346,14,,,1,70,,1049099,14,,,1,30,,1184354,14,,,1,70,,1022821,14,,,1,31,,1184358,14,,,1,70,,1184373,14,,,1,30,,1184371,14,,,1,70,,1184368,14,,,1,30,,1184363,14,,,1,70,,1184370,14,,,1,30,,1184375,14,,,1,70,,1184345,14,,,1,30,,1184380,14,,,1,70,,1184376,14,,,1,30,,1184364,14,,,1,70,,1097075,14,,,1,30,,1184366,14,,,1,70,,1184381,14,,,1,30,,1184379,14,,,1,70,,1184348,14,,,1,30,,1184350,14,,,1,70,,1184367,14,,,1,29,,1184353,14,,,1,70,,1184361,14,,,1,30,,1184351,14,,,1,68,,1184374,14,,,1,30,,1184359,14,,,1,70,,1184356,14,,,1,29,,1184355,14,,,1,70,,1184382,14,,,1,30,,1184365,14,,,1,70,,1184378,14,,,1,30,,1068754,14,,,1,70,,1184357,14,,,1,30,,1184377,14,,,1,69,,1184362,14,0,67,1,30,,1184347,14,0,67,1,70,,1184383,14,0,67,1
10501,'3',335,,1184390,14,0,67,1,70,,1184394,14,0,67,1,30,,1184403,14,0,67,1,70,,1184409,14,0,67,1,30,,1184388,14,0,67,1,70,,1184423,14,0,67,1,30,,1184427,14,0,67,1,70,,1184396,14,0,67,1,30,,1184424,14,0,67,1,71,,1184413,14,,,1,17,,1184425,14,,,1,31,,1184422,14,,,1,70,,1184411,14,,,1,30,,1184392,14,,,1,71,,1184391,14,,,1,30,,1184386,14,,,1,70,,1184420,14,,,1,30,,1184387,14,,,1,70,,1184395,14,,,1,30,,1184431,14,,,1,70,,1184410,14,,,1,30,,1184408,14,,,1,70,,1184419,14,,,1,30,,1184397,14,,,1,70,,1184429,14,,,1,30,,1184400,14,,,1,70,,1184426,14,,,1,30,,1184416,14,,,1,70,,1184430,14,,,1,30,,1184421,14,,,1,70,,1184432,14,,,1,30,,1184398,14,,,1,69,,1184399,14,,,1,30,,1184415,14,,,1,69,,1184428,14,,,1,29,,1184389,14,,,1,70,,1184393,14,,,1,30,,1184401,14,,,1,70,,1184433,14,,,1,30,,1184404,14,,,1,58,,1184417,14,0,67,1,30,,1184434,14,0,67,1,70,,1184407,14,0,67,1,30,,1184402,14,0,67,1,70,,1184406,14,0,67,1,30,,1184412,14,0,67,1,70,,1184418,14,0,67,1,30,,1184414,14,0,67,1,70,,1184405,14,0,67,1
10501,'4',335,,1184444,14,0,67,1,70,,1184476,14,0,67,1,30,,1184455,14,0,67,1,70,,1184454,14,0,67,1,30,,1184469,14,0,67,1,70,,1005518,14,0,67,1,30,,1184475,14,0,67,1,70,,1184445,14,0,67,1,30,,1184457,14,0,67,1,71,,1184470,14,,,1,17,,1184449,14,,,1,31,,1184463,14,,,1,70,,1184438,14,,,1,30,,1184440,14,,,1,71,,1184441,14,,,1,30,,1184436,14,,,1,70,,1184474,14,,,1,30,,1069045,14,,,1,70,,1184448,14,,,1,30,,1184443,14,,,1,70,,1184462,14,,,1,30,,1184446,14,,,1,70,,1184459,14,,,1,30,,1184442,14,,,1,70,,1074459,14,,,1,30,,1184467,14,,,1,70,,1045974,14,,,1,30,,1184468,14,,,1,70,,1184466,14,,,1,30,,1184439,14,,,1,70,,1184472,14,,,1,30,,1184464,14,,,1,69,,1184437,14,,,1,30,,1184458,14,,,1,69,,1184465,14,,,1,29,,1083833,14,,,1,70,,1184460,14,,,1,30,,1094056,14,,,1,70,,1184452,14,,,1,30,,1184461,14,,,1,58,,1184450,14,0,67,1,30,,1184453,14,0,67,1,70,,1184456,14,0,67,1,30,,1184471,14,0,67,1,70,,1184451,14,0,67,1,30,,1184473,14,0,67,1,70,,1184435,14,0,67,1,30,,1083513,14,0,67,1,70,,1184447,14,0,67,1
10501,'5',338,,1184497,14,0,67,1,68,,1184487,14,0,67,1,30,,1184486,14,0,67,1,70,,903861,14,,,1,34,,1184500,22,,,1,68,,1074507,22,,,1,28,,1184503,14,,,1,72,,1184492,14,,,1,35,,1184488,14,,,1,68,,1184505,14,,,1,32,,1184494,14,,,1,68,,1184478,14,,,1,30,,1184485,14,,,1,83,,1184512,14,,,1,30,,1184508,14,,,1,70,,1079525,14,,,1,30,,1184504,14,,,1,70,,1184513,14,,,1,32,,1184498,14,,,1,68,,1092145,14,,,1,30,,1184477,14,,,1,70,,1184502,14,,,1,30,,1051202,14,,,1,70,,1184510,14,,,1,17,,1184483,14,,,1,71,,1184482,14,,,1,30,,1184495,14,,,1,70,,1184499,14,,,1,30,,1184509,14,,,1,75,,1184489,14,,,1,30,,1184511,14,,,1,70,,1184493,14,,,1,26,,1064050,14,,,1,70,,1184491,14,,,1,30,,1184481,14,,,1,75,,991732,14,,,1,28,,1184501,14,,,1,70,,1051840,14,,,1,29,,1184484,14,,,1,70,,1184506,14,,,1,35,,1184490,14,,,1,66,,1184479,14,,,1,29,,1184480,14,,,1,57,,1184507,14,,,1,22,,1076957,14,0,67,1,32,,1184496,14,0,67,1,73,,1051232,14,0,67,1,30,,1076599,14,0,67,1
10501,'6',338,,1184539,14,0,67,1,68,,1184530,14,0,67,1,30,,1184514,14,0,67,1,70,,1184550,14,,,1,34,,1184551,22,,,1,68,,1184546,22,,,1,28,,1184518,14,,,1,72,,1184552,14,,,1,35,,1184545,14,,,1,68,,1184533,14,,,1,32,,1184522,14,,,1,68,,1080829,14,,,1,30,,1184528,14,,,1,83,,1184544,14,,,1,30,,1184555,14,,,1,70,,1184531,14,,,1,30,,1084249,14,,,1,70,,976065,14,,,1,32,,1184527,14,,,1,68,,944148,14,,,1,30,,1184519,14,,,1,70,,1184537,14,,,1,30,,1184515,14,,,1,70,,1184532,14,,,1,17,,1184554,14,,,1,71,,1184535,14,,,1,30,,1184517,14,,,1,70,,1184516,14,,,1,30,,1184521,14,,,1,75,,1184534,14,,,1,30,,1184543,14,,,1,70,,1184553,14,,,1,26,,1184529,14,,,1,70,,1184525,14,,,1,30,,1184538,14,,,1,75,,1002463,14,,,1,28,,1184549,14,,,1,70,,1184520,14,,,1,29,,1184548,14,,,1,70,,1184526,14,,,1,35,,1184542,14,,,1,66,,1184524,14,,,1,29,,1184536,14,,,1,57,,1184547,14,,,1,22,,1184541,14,0,67,1,32,,1096191,14,0,67,1,73,,1184540,14,0,67,1,30,,1184523,14,0,67,1
10501,'7',348,,1184571,14,0,67,1,65,,1184582,14,0,67,1,30,,1184570,14,0,67,1,70,,1184590,14,0,67,1,30,,1184592,14,0,67,1,71,,1184591,14,,,1,30,,1184602,14,,,1,70,,1184584,14,,,1,30,,1184596,14,,,1,70,,1184594,14,,,1,30,,1184567,14,,,1,70,,1184577,14,,,1,30,,1184560,14,,,1,70,,1184566,14,,,1,31,,1184578,14,,,1,70,,1184564,14,,,1,30,,1184586,14,,,1,70,,1184601,14,,,1,30,,1184562,14,,,1,70,,1184585,14,,,1,30,,1184579,14,,,1,70,,1184575,14,,,1,30,,1184588,14,,,1,70,,1184593,14,,,1,30,,1184587,14,,,1,70,,1184573,14,,,1,30,,1184576,14,,,1,70,,1184581,14,,,1,30,,1184595,14,,,1,70,,1184559,14,,,1,30,,1184599,14,,,1,70,,1184603,14,,,1,29,,1184557,14,,,1,70,,1184597,14,,,1,30,,1184569,14,,,1,68,,1184589,14,,,1,30,,1184583,14,,,1,70,,1184598,14,,,1,29,,1184565,14,,,1,70,,1184568,14,,,1,30,,1184561,14,,,1,70,,1184572,14,,,1,30,,1184558,14,,,1,70,,1184563,14,,,1,30,,1184574,14,,,1,69,,1184580,14,0,67,1,30,,1184556,14,0,67,1,70,,1184600,14,0,67,1
10501,'8',338,,1184633,14,0,67,1,68,,1184624,14,0,67,1,30,,1184604,14,0,67,1,70,,1184645,14,,,1,34,,1184646,22,,,1,68,,1184641,22,,,1,28,,1184608,14,,,1,72,,1184647,14,,,1,35,,1184640,14,,,1,68,,1184627,14,,,1,32,,1184615,14,,,1,68,,1184614,14,,,1,30,,1184622,14,,,1,83,,1184639,14,,,1,30,,1184651,14,,,1,70,,1184625,14,,,1,30,,1184650,14,,,1,70,,1184610,14,,,1,32,,1184621,14,,,1,68,,1184612,14,,,1,30,,1184609,14,,,1,70,,1184631,14,,,1,30,,1184605,14,,,1,70,,1184626,14,,,1,17,,1184649,14,,,1,71,,1184629,14,,,1,30,,1184607,14,,,1,70,,1184606,14,,,1,30,,1184613,14,,,1,75,,1184628,14,,,1,30,,1184638,14,,,1,70,,1184648,14,,,1,26,,1184623,14,,,1,70,,1184619,14,,,1,30,,1184632,14,,,1,75,,1184637,14,,,1,28,,1184644,14,,,1,70,,1184611,14,,,1,29,,1184643,14,,,1,70,,1184620,14,,,1,35,,1184636,14,,,1,66,,1184618,14,,,1,29,,1184630,14,,,1,57,,1184642,14,,,1,22,,1184635,14,0,67,1,32,,1184616,14,0,67,1,73,,1184634,14,0,67,1,30,,1184617,14,0,67,1
10501,'9',338,,1184672,14,0,67,1,68,,1184662,14,0,67,1,30,,1184661,14,0,67,1,70,,903757,14,,,1,34,,1184675,22,,,1,68,,1074426,22,,,1,28,,1184678,14,,,1,72,,1184667,14,,,1,35,,1184663,14,,,1,68,,1184680,14,,,1,32,,1184669,14,,,1,68,,1184653,14,,,1,30,,1184660,14,,,1,83,,1184687,14,,,1,30,,1184683,14,,,1,70,,1079426,14,,,1,30,,1184679,14,,,1,70,,1184688,14,,,1,32,,1184673,14,,,1,68,,1092071,14,,,1,30,,1184652,14,,,1,70,,1184677,14,,,1,30,,1051538,14,,,1,70,,1184685,14,,,1,17,,1184658,14,,,1,71,,1184657,14,,,1,30,,1184670,14,,,1,70,,1184674,14,,,1,30,,1184684,14,,,1,75,,1184664,14,,,1,30,,1184686,14,,,1,70,,1184668,14,,,1,26,,1063879,14,,,1,70,,1184666,14,,,1,30,,1184656,14,,,1,75,,991726,14,,,1,28,,1184676,14,,,1,70,,1052019,14,,,1,29,,1184659,14,,,1,70,,1184681,14,,,1,35,,1184665,14,,,1,66,,1184654,14,,,1,29,,1184655,14,,,1,57,,1184682,14,,,1,22,,1076852,14,0,67,1,32,,1184671,14,0,67,1,73,,1051568,14,0,67,1,30,,1076500,14,0,67,1
11001,'1',530,,1185032,42,0,41,1,70,,1185038,42,0,41,1
11001,'10',530,,1185063,42,0,41,1,70,,1185069,42,0,41,1
11001,'11',530,,1185094,42,0,41,1,70,,1185100,42,0,41,1
11001,'12',530,,1185148,42,0,41,1,70,,1185151,42,0,41,1
11001,'14',530,,1185162,42,0,41,1,70,,1185169,42,0,41,1
11001,'15',530,,1185203,42,0,41,1,70,,1185208,42,0,41,1
11001,'16',530,,1185251,42,0,41,1,70,,1185254,42,0,41,1
11001,'2',546,,1185263,42,0,41,1,70,,1185264,42,0,41,1
11001,'5',530,,1185282,42,0,41,1,70,,1185288,42,0,41,1
11001,'6',530,,1185330,42,0,41,1,70,,1185332,42,0,41,1
11001,'7',546,,1185337,42,0,41,1,70,,1185340,42,0,41,1
11001,'8',530,,1185367,42,0,41,1,70,,1185370,42,0,41,1
11001,'9',530,,1185375,42,0,41,1,70,,1185381,42,0,41,1
45100,'15',1718,,1198226,8,,,1,15,,1198224,8,,,1,15,,1198222,8,,,1,55,,1198225,8,,,1,15,,1198223,8,,,1,15,,1198221,8,,,1
61700,'1',800,,1199005,5,,,1
61700,'10',800,,1199006,5,,,1
61700,'11',800,,1199007,5,,,1
61700,'12',800,,1199008,5,,,1
61700,'14',800,,1199009,5,,,1
61700,'15',800,,1199010,5,,,1
61700,'16',800,,1199011,5,,,1
61700,'5',800,,1199012,5,,,1
61700,'6',800,,1199013,5,,,1
61700,'8',800,,1199014,5,,,1
61700,'9',800,,1199015,5,,,1
61701,'1',1604,,1199016,42,,,1
61701,'10',1604,,1199017,42,,,1
61701,'11',1604,,1199018,42,,,1
61701,'12',1604,,1101880,42,,,1
61701,'14',1604,,1199019,42,,,1
61701,'15',1604,,1199020,42,,,1
61701,'16',1604,,1199021,42,,,1
61701,'5',1604,,1199022,42,,,1
61701,'6',1604,,1199023,42,,,1
61701,'8',1604,,1199024,42,,,1
61701,'9',1604,,1199025,42,,,1
64700,'1',812,,1050384,5,,,1,29,,1199545,5,,,1
64700,'10',812,,1050465,5,,,1,29,,1199546,5,,,1
64700,'11',812,,1050360,5,,,1,29,,1199547,5,,,1
64700,'12',812,,964560,5,,,1,29,,1199548,5,,,1
64700,'14',812,,1199550,5,,,1,29,,1199549,5,,,1
64700,'15',812,,1199551,5,,,1,29,,1199552,5,,,1
64700,'16',812,,1199553,5,,,1,29,,1083651,5,,,1
64700,'5',812,,1050271,5,,,1,29,,1199554,5,,,1
64700,'6',812,,1199555,5,,,1,29,,1199556,5,,,1
64700,'8',812,,1199557,5,,,1,29,,1199558,5,,,1
64700,'9',812,,1050408,5,,,1,29,,1199559,5,,,1
64701,'1',1550,,1199562,25,,,1,8,,1199563,25,,,1
64701,'10',1550,,1199566,25,,,1,8,,1199567,25,,,1
64701,'11',1550,,1199570,25,,,1,8,,1199571,25,,,1
64701,'12',1550,,1199574,25,,,1,8,,1199575,25,,,1
64701,'14',1550,,1199578,25,,,1,8,,1199579,25,,,1
64701,'15',1550,,1199582,25,,,1,8,,1199583,25,,,1
64701,'16',1550,,1199586,25,,,1,8,,1199587,25,,,1
64701,'5',1550,,1199590,25,,,1,8,,1199591,25,,,1
64701,'6',1550,,1199594,25,,,1,8,,929636,25,,,1
64701,'8',1550,,1199597,25,,,1,8,,1199598,25,,,1
64701,'9',1550,,1199601,25,,,1,8,,1199602,25,,,1
