7300,'1',553,,1161561,6,,,1,67,,1161544,6,,,1,29,,1161540,6,,,1,71,,1161542,6,,,1,30,,1161546,6,,,1,72,,1161552,6,,,1,30,,1070957,6,,,1,70,,1161566,6,,,1
7300,'10',553,,1161590,6,,,1,67,,1161573,6,,,1,29,,1161569,6,,,1,71,,1161571,6,,,1,30,,1161575,6,,,1,72,,1161581,6,,,1,30,,1070743,6,,,1,70,,1161595,6,,,1
7300,'11',553,,1161619,6,,,1,67,,1161602,6,,,1,29,,1161598,6,,,1,71,,1161600,6,,,1,30,,1161604,6,,,1,72,,1161610,6,,,1,30,,1071022,6,,,1,70,,1161624,6,,,1
7300,'12',553,,1161635,6,,,1,67,,1161643,6,,,1,29,,1161646,6,,,1,71,,1161642,6,,,1,30,,1161641,6,,,1,72,,1161637,6,,,1,30,,1161650,6,,,1,70,,1161658,6,,,1
7300,'14',553,,1161683,6,,,1,67,,1161666,6,,,1,29,,1161659,6,,,1,71,,1161663,6,,,1,30,,1161668,6,,,1,72,,1161674,6,,,1,30,,1161690,6,,,1,70,,1161688,6,,,1
7300,'15',553,,1161706,6,,,1,67,,1161696,6,,,1,29,,1161704,6,,,1,71,,1161714,6,,,1,30,,1161713,6,,,1,72,,1161705,6,,,1,30,,1161693,6,,,1,70,,1161719,6,,,1
7300,'16',553,,1161731,6,,,1,67,,1161739,6,,,1,29,,1161742,6,,,1,71,,1161738,6,,,1,30,,1161737,6,,,1,72,,1161733,6,,,1,30,,1161746,6,,,1,70,,1099045,6,,,1
7300,'5',553,,1161775,6,,,1,67,,1161758,6,,,1,29,,1161754,6,,,1,71,,1161756,6,,,1,30,,1161760,6,,,1,72,,1161766,6,,,1,30,,1070918,6,,,1,70,,1161780,6,,,1
7300,'6',553,,1161789,6,,,1,67,,1161796,6,,,1,29,,1161799,6,,,1,71,,1161795,6,,,1,30,,999984,6,,,1,72,,1161791,6,,,1,30,,1161802,6,,,1,70,,1161810,6,,,1
7300,'8',553,,1161819,6,,,1,67,,1161827,6,,,1,29,,1161830,6,,,1,71,,1161826,6,,,1,30,,1161825,6,,,1,72,,1161821,6,,,1,30,,1161834,6,,,1,70,,1161843,6,,,1
7300,'9',553,,1161865,6,,,1,67,,1161848,6,,,1,29,,1161844,6,,,1,71,,1161846,6,,,1,30,,1161850,6,,,1,72,,1161856,6,,,1,30,,1070810,6,,,1,70,,1161870,6,,,1
7301,'1',1524,,1161896,42,,,1,33,,1161884,42,,,1,77,,1161900,42,,,1,70,,1161899,42,,,1,30,,1161877,42,,,1,70,,1161875,42,,,1,28,,1161874,42,,,1,68,,1161901,42,,,1,30,,1161891,37,,,1
7301,'10',1524,,1161926,42,,,1,33,,1161914,42,,,1,77,,1161930,42,,,1,70,,1161929,42,,,1,30,,1161907,42,,,1,70,,1161905,42,,,1,28,,1161904,42,,,1,68,,1161931,42,,,1,30,,1161921,37,,,1
7301,'11',1524,,1161956,42,,,1,33,,1161944,42,,,1,77,,1161960,42,,,1,70,,1161959,42,,,1,30,,1161937,42,,,1,70,,1161935,42,,,1,28,,1161934,42,,,1,68,,1161961,42,,,1,30,,1161951,37,,,1
7301,'12',1524,,1161968,42,,,1,33,,1161967,42,,,1,77,,1161976,42,,,1,70,,1161991,42,,,1,30,,1161973,42,,,1,70,,1161977,42,,,1,28,,1161964,42,,,1,68,,1161980,42,,,1,30,,1161978,37,,,1
7301,'14',1524,,1162019,42,,,1,33,,1162007,42,,,1,77,,1162023,42,,,1,70,,1162022,42,,,1,30,,1162000,42,,,1,70,,1161998,42,,,1,28,,1161997,42,,,1,68,,1162024,42,,,1,30,,1162014,37,,,1
7301,'15',1524,,1162049,42,,,1,33,,1162052,42,,,1,77,,1162045,42,,,1,70,,1162061,42,,,1,30,,1162031,42,,,1,70,,1162038,42,,,1,28,,1162051,42,,,1,68,,1162042,42,,,1,30,,1162034,37,,,1
7301,'16',1524,,1162066,42,,,1,33,,1162065,42,,,1,77,,1162074,42,,,1,70,,1075991,42,,,1,30,,1065496,42,,,1,70,,1162075,42,,,1,28,,1065826,42,,,1,68,,1162078,42,,,1,30,,1162076,37,,,1
7301,'5',1524,,1162114,42,,,1,33,,1162102,42,,,1,77,,1162118,42,,,1,70,,1162117,42,,,1,30,,1162095,42,,,1,70,,1162093,42,,,1,28,,1162092,42,,,1,68,,1162119,42,,,1,30,,1162109,37,,,1
7301,'6',1524,,1162123,42,,,1,33,,1013966,42,,,1,77,,1162132,42,,,1,70,,1162146,42,,,1,30,,1162128,42,,,1,70,,1162133,42,,,1,28,,1162122,42,,,1,68,,1162136,42,,,1,30,,1162134,37,,,1
7301,'8',1524,,1162153,42,,,1,33,,1162152,42,,,1,77,,1162163,42,,,1,70,,1162178,42,,,1,30,,1162159,42,,,1,70,,1162164,42,,,1,28,,1162149,42,,,1,68,,1162167,42,,,1,30,,1162165,37,,,1
7301,'9',1524,,1162205,42,,,1,33,,1162193,42,,,1,77,,1162209,42,,,1,70,,1162208,42,,,1,30,,1162186,42,,,1,70,,1162184,42,,,1,28,,1162183,42,,,1,68,,1162210,42,,,1,30,,1162200,37,,,1
7400,'1',619,,1162249,6,,,1,36,,1162254,6,,,1,73,,1162251,6,,,1,30,,1162250,6,,,1,57,,1087214,6,,,1,15,,1162260,6,,,1,13,,1162227,6,,,1,15,,1162259,6,,,1,55,,1162234,6,,,1,15,,1162253,6,,,1,15,,1162212,6,,,1,15,,1162233,6,,,1,55,,1071704,6,,,1,15,,1162264,6,,,1,15,,1162240,6,,,1,14,,1162231,6,,,1,55,,1162248,6,,,1,15,,1162229,6,,,1,15,,1162216,6,,,1,15,,1100549,6,,,1,55,,1162263,6,,,1,15,,1162235,6,,,1,15,,1162237,6,,,1,15,,1162213,6,,,1,55,,1092176,6,,,1,15,,1162222,6,,,1,15,,1162218,6,,,1,15,,1162225,6,,,1,55,,1162219,6,,,1,15,,1003799,6,,,1,15,,1162215,6,,,1,15,,1162245,6,,,1,55,,1162221,6,,,1,15,,952146,6,,,1,17,,1162232,6,,,1,57,,1162217,6,,,1,12,,1162241,6,,,1,16,,1162252,6,,,1,5,,1162220,19,0,19 20,1,10,,1162261,6,,,1,15,,1162214,6,,,1,55,,1162238,6,,,1,14,,1162223,6,,,1,15,,1162230,6,,,1,15,,1162247,6,,,1,55,,1162256,6,0,43,1,15,,1162243,6,,,1,15,,1162257,6,0,43,1,15,,1162242,6,,,1,55,,1162239,6,0,43,1,30,,1162244,6,,,1,68,,1162224,6,0,43,1,30,,1162255,6,,,1,70,,1162226,6,0,43,1,30,,1162262,6,,,1,70,,1162236,6,0,43,1,34,,1162258,7,,,1
7400,'10',619,,1162302,6,,,1,36,,1162307,6,,,1,73,,1162304,6,,,1,30,,1162303,6,,,1,57,,1087023,6,,,1,15,,1162313,6,,,1,13,,1162280,6,,,1,15,,1162312,6,,,1,55,,1162287,6,,,1,15,,1162306,6,,,1,15,,1162265,6,,,1,15,,1162286,6,,,1,55,,1071555,6,,,1,15,,1162317,6,,,1,15,,1162293,6,,,1,14,,1162284,6,,,1,55,,1162301,6,,,1,15,,1162282,6,,,1,15,,1162269,6,,,1,15,,1100471,6,,,1,55,,1162316,6,,,1,15,,1162288,6,,,1,15,,1162290,6,,,1,15,,1162266,6,,,1,55,,1092015,6,,,1,15,,1162275,6,,,1,15,,1162271,6,,,1,15,,1162278,6,,,1,55,,1162272,6,,,1,15,,1003956,6,,,1,15,,1162268,6,,,1,15,,1162298,6,,,1,55,,1162274,6,,,1,15,,951977,6,,,1,17,,1162285,6,,,1,57,,1162270,6,,,1,12,,1162294,6,,,1,16,,1162305,6,,,1,5,,1162273,19,0,19 20,1,10,,1162314,6,,,1,15,,1162267,6,,,1,55,,1162291,6,,,1,14,,1162276,6,,,1,15,,1162283,6,,,1,15,,1162300,6,,,1,55,,1162309,6,0,43,1,15,,1162296,6,,,1,15,,1162310,6,0,43,1,15,,1162295,6,,,1,55,,1162292,6,0,43,1,30,,1162297,6,,,1,68,,1162277,6,0,43,1,30,,1162308,6,,,1,70,,1162279,6,0,43,1,30,,1162315,6,,,1,70,,1162289,6,0,43,1,34,,1162311,7,,,1
7400,'11',619,,1162355,6,,,1,36,,1162360,6,,,1,73,,1162357,6,,,1,30,,1162356,6,,,1,57,,1087269,6,,,1,15,,1162366,6,,,1,13,,1162333,6,,,1,15,,1162365,6,,,1,55,,1162340,6,,,1,15,,1162359,6,,,1,15,,1162318,6,,,1,15,,1162339,6,,,1,55,,1071746,6,,,1,15,,1162370,6,,,1,15,,1162346,6,,,1,14,,1162337,6,,,1,55,,1162354,6,,,1,15,,1162335,6,,,1,15,,1162322,6,,,1,15,,1100570,6,,,1,55,,1162369,6,,,1,15,,1162341,6,,,1,15,,1162343,6,,,1,15,,1162319,6,,,1,55,,1092221,6,,,1,15,,1162328,6,,,1,15,,1162324,6,,,1,15,,1162331,6,,,1,55,,1162325,6,,,1,15,,1003751,6,,,1,15,,1162321,6,,,1,15,,1162351,6,,,1,55,,1162327,6,,,1,15,,952118,6,,,1,17,,1162338,6,,,1,57,,1162323,6,,,1,12,,1162347,6,,,1,16,,1162358,6,,,1,5,,1162326,19,0,19 20,1,10,,1162367,6,,,1,15,,1162320,6,,,1,55,,1162344,6,,,1,14,,1162329,6,,,1,15,,1162336,6,,,1,15,,1162353,6,,,1,55,,1162362,6,0,43,1,15,,1162349,6,,,1,15,,1162363,6,0,43,1,15,,1162348,6,,,1,55,,1162345,6,0,43,1,30,,1162350,6,,,1,68,,1162330,6,0,43,1,30,,1162361,6,,,1,70,,1162332,6,0,43,1,30,,1162368,6,,,1,70,,1162342,6,0,43,1,34,,1162364,7,,,1
7400,'12',619,,1162397,6,,,1,36,,1162379,6,,,1,73,,1162384,6,,,1,30,,1034236,6,,,1,57,,1162401,6,,,1,15,,1162394,6,,,1,13,,1088681,6,,,1,15,,1162371,6,,,1,55,,1162388,6,,,1,15,,1162387,6,,,1,15,,1162398,6,,,1,15,,1162404,6,,,1,55,,1162402,6,,,1,15,,1162408,6,,,1,15,,1162393,6,,,1,14,,1162405,6,,,1,55,,1162414,6,,,1,15,,1162410,6,,,1,15,,1162378,6,,,1,15,,1162399,6,,,1,55,,1162412,6,,,1,15,,1162400,6,,,1,15,,1162374,6,,,1,15,,1162418,6,,,1,55,,1162415,6,,,1,15,,1162411,6,,,1,15,,1162403,6,,,1,15,,1162421,6,,,1,55,,1162377,6,,,1,15,,927274,6,,,1,15,,1162390,6,,,1,15,,999848,6,,,1,55,,1162380,6,,,1,15,,1087169,6,,,1,17,,1032373,6,,,1,57,,1162385,6,,,1,12,,1162373,6,,,1,16,,1162381,6,,,1,5,,1079796,19,0,19 20,1,10,,1162406,6,,,1,15,,1162417,6,,,1,55,,1162386,6,,,1,14,,1162382,6,,,1,15,,1162372,6,,,1,15,,1162391,6,,,1,55,,1162413,6,0,43,1,15,,1162375,6,,,1,15,,1162407,6,0,43,1,15,,1162416,6,,,1,55,,1162389,6,0,43,1,30,,1162383,6,,,1,68,,1162419,6,0,43,1,30,,1065100,6,,,1,70,,1162409,6,0,43,1,30,,1162376,6,,,1,70,,1162395,6,0,43,1,34,,1162392,7,,,1
7400,'13',1024,,1162430,7,,,1,30,,1162439,7,,,1,70,,1162426,7,,,1,30,,1162432,7,,,1,70,,1162440,7,,,1,30,,1162427,7,,,1,70,,1162422,7,,,1,30,,1162444,7,,,1,70,,1162423,7,,,1,30,,1162443,7,,,1,70,,1162424,7,,,1,30,,1162435,7,,,1,70,,1162428,7,,,1,30,,1162442,7,,,1,70,,1162425,7,,,1,30,,1162438,7,,,1,70,,1162433,7,,,1
7400,'14',619,,1162487,6,,,1,36,,1162492,6,,,1,73,,1162489,6,,,1,30,,1162488,6,,,1,57,,1162449,6,,,1,15,,1162499,6,,,1,13,,1162463,6,,,1,15,,1162497,6,,,1,55,,1162470,6,,,1,15,,1162491,6,,,1,15,,1162446,6,,,1,15,,1162469,6,,,1,55,,1162498,6,,,1,15,,1162504,6,,,1,15,,1162477,6,,,1,14,,1162467,6,,,1,55,,1162486,6,,,1,15,,1162465,6,,,1,15,,1162451,6,,,1,15,,1162478,6,,,1,55,,1162502,6,,,1,15,,1162471,6,,,1,15,,1162473,6,,,1,15,,1162447,6,,,1,55,,1162476,6,,,1,15,,1162458,6,,,1,15,,1162453,6,,,1,15,,1162461,6,,,1,55,,1162454,6,,,1,15,,1162456,6,,,1,15,,1162450,6,,,1,15,,1162483,6,,,1,55,,1162457,6,,,1,15,,1162503,6,,,1,17,,1162468,6,,,1,57,,1162452,6,,,1,12,,1162479,6,,,1,16,,1162490,6,,,1,5,,1162455,19,0,19 20,1,10,,1162500,6,,,1,15,,1162448,6,,,1,55,,1162474,6,,,1,14,,1162459,6,,,1,15,,1162466,6,,,1,15,,1162485,6,,,1,55,,1162494,6,0,43,1,15,,1162481,6,,,1,15,,1162495,6,0,43,1,15,,1162480,6,,,1,55,,1162475,6,0,43,1,30,,1162482,6,,,1,68,,1162460,6,0,43,1,30,,1162493,6,,,1,70,,1162462,6,0,43,1,30,,1162501,6,,,1,70,,1162472,6,0,43,1,34,,1162496,7,,,1
7400,'15',619,,1162558,6,,,1,36,,1162555,6,,,1,73,,1162551,6,,,1,30,,1162541,6,,,1,57,,1162556,6,,,1,15,,1162530,6,,,1,13,,1162512,6,,,1,15,,1162562,6,,,1,55,,1162515,6,,,1,15,,1162526,6,,,1,15,,1162517,6,,,1,15,,1162542,6,,,1,55,,1162557,6,,,1,15,,1162521,6,,,1,15,,1162520,6,,,1,14,,1162509,6,,,1,55,,1162506,6,,,1,15,,1162540,6,,,1,15,,1162535,6,,,1,15,,1162524,6,,,1,55,,1162545,6,,,1,15,,1162527,6,,,1,15,,1162563,6,,,1,15,,1162561,6,,,1,55,,1162544,6,,,1,15,,1162513,6,,,1,15,,1162532,6,,,1,15,,1162528,6,,,1,55,,1162523,6,,,1,15,,1162549,6,,,1,15,,1162538,6,,,1,15,,1162537,6,,,1,55,,1162550,6,,,1,15,,1162507,6,,,1,17,,1162514,6,,,1,57,,1162522,6,,,1,12,,1162519,6,,,1,16,,1162533,6,,,1,5,,1162552,19,0,19 20,1,10,,1162553,6,,,1,15,,1162516,6,,,1,55,,1162546,6,,,1,14,,1162536,6,,,1,15,,1162560,6,,,1,15,,1162543,6,,,1,55,,1162531,6,0,43,1,15,,1162518,6,,,1,15,,1162505,6,0,43,1,15,,1162525,6,,,1,55,,1162511,6,0,43,1,30,,1162534,6,,,1,68,,1162508,6,0,43,1,30,,1162554,6,,,1,70,,1162548,6,0,43,1,30,,1162529,6,,,1,70,,1162547,6,0,43,1,34,,1162539,7,,,1
7400,'16',619,,1162586,6,,,1,36,,1162569,6,,,1,73,,1162574,6,,,1,30,,1162608,6,,,1,57,,1162590,6,,,1,15,,1162583,6,,,1,13,,1162615,6,,,1,15,,1162564,6,,,1,55,,1162578,6,,,1,15,,1162577,6,,,1,15,,1162587,6,,,1,15,,1162593,6,,,1,55,,1162591,6,,,1,15,,1162597,6,,,1,15,,1162582,6,,,1,14,,1162594,6,,,1,55,,1162603,6,,,1,15,,1162599,6,,,1,15,,1162568,6,,,1,15,,1162588,6,,,1,55,,1162601,6,,,1,15,,1162589,6,,,1,15,,1092914,6,,,1,15,,1162607,6,,,1,55,,1162604,6,,,1,15,,1162600,6,,,1,15,,1162592,6,,,1,15,,1162613,6,,,1,55,,1088814,6,,,1,15,,1162610,6,,,1,15,,1101207,6,,,1,15,,1162612,6,,,1,55,,1162570,6,,,1,15,,1162614,6,,,1,17,,1162571,6,,,1,57,,1162575,6,,,1,12,,1094170,6,,,1,16,,1162572,6,,,1,5,,1162573,19,0,19 20,1,10,,1162595,6,,,1,15,,1162606,6,,,1,55,,1162576,6,,,1,14,,1026026,6,,,1,15,,1162565,6,,,1,15,,1162580,6,,,1,55,,1162602,6,0,43,1,15,,1066181,6,,,1,15,,1162596,6,0,43,1,15,,1162605,6,,,1,55,,1162579,6,0,43,1,30,,1046809,6,,,1,68,,1162609,6,0,43,1,30,,1162566,6,,,1,70,,1162598,6,0,43,1,30,,1162567,6,,,1,70,,1162584,6,0,43,1,34,,1162581,7,,,1
7400,'17',1024,,1162624,7,,,1,30,,1162633,7,,,1,70,,1162620,7,,,1,30,,1162626,7,,,1,70,,1162634,7,,,1,30,,1162621,7,,,1,70,,1162616,7,,,1,30,,1162638,7,,,1,70,,1162617,7,,,1,30,,1162637,7,,,1,70,,1162618,7,,,1,30,,1162629,7,,,1,70,,1162622,7,,,1,30,,1162636,7,,,1,70,,1162619,7,,,1,30,,1162632,7,,,1,70,,1162627,7,,,1
7400,'2',917,,1162669,7,,,1,30,,1162661,7,,,1,70,,1162646,7,,,1,30,,1162664,7,,,1,70,,1162652,7,,,1,30,,1162654,7,,,1,70,,1162640,7,,,1,30,,1162647,7,,,1,70,,1162670,7,,,1,30,,1162641,7,,,1,70,,1162663,7,,,1,30,,1096258,7,,,1,70,,1162643,7,,,1,30,,1162666,7,,,1,70,,1162642,7,,,1,30,,1162653,7,,,1,70,,1162668,7,,,1,30,,1088406,7,,,1,70,,1162657,7,,,1,30,,1162645,7,,,1,70,,1162655,7,,,1,30,,1162667,7,,,1,70,,1162650,7,,,1,30,,1162660,7,,,1,70,,1162644,7,,,1,30,,1162662,7,,,1
7400,'3',1024,,1162679,7,,,1,30,,1162688,7,,,1,70,,1162675,7,,,1,30,,1162681,7,,,1,70,,1162689,7,,,1,30,,1162676,7,,,1,70,,1162671,7,,,1,30,,1162693,7,,,1,70,,1162672,7,,,1,30,,1162692,7,,,1,70,,1162673,7,,,1,30,,1162684,7,,,1,70,,1162677,7,,,1,30,,1162691,7,,,1,70,,1162674,7,,,1,30,,1162687,7,,,1,70,,1162682,7,,,1
7400,'4',1024,,1162697,7,,,1,30,,1162699,7,,,1,70,,1162702,7,,,1,30,,1162696,7,,,1,70,,1162715,7,,,1,30,,1010083,7,,,1,70,,1162712,7,,,1,30,,1162704,7,,,1,70,,1162695,7,,,1,30,,1162713,7,,,1,70,,1162706,7,,,1,30,,1162711,7,,,1,70,,1162716,7,,,1,30,,1162717,7,,,1,70,,1162700,7,,,1,30,,1162714,7,,,1,70,,1162709,7,,,1
7400,'5',619,,1162755,6,,,1,36,,1162760,6,,,1,73,,1162757,6,,,1,30,,1162756,6,,,1,57,,1087176,6,,,1,15,,1162766,6,,,1,13,,1162733,6,,,1,15,,1162765,6,,,1,55,,1162740,6,,,1,15,,1162759,6,,,1,15,,1162718,6,,,1,15,,1162739,6,,,1,55,,1071680,6,,,1,15,,1162770,6,,,1,15,,1162746,6,,,1,14,,1162737,6,,,1,55,,1162754,6,,,1,15,,1162735,6,,,1,15,,1162722,6,,,1,15,,1100536,6,,,1,55,,1162769,6,,,1,15,,1162741,6,,,1,15,,1162743,6,,,1,15,,1162719,6,,,1,55,,1092143,6,,,1,15,,1162728,6,,,1,15,,1162724,6,,,1,15,,1162731,6,,,1,55,,1162725,6,,,1,15,,1003531,6,,,1,15,,1162721,6,,,1,15,,1162751,6,,,1,55,,1162727,6,,,1,15,,952234,6,,,1,17,,1162738,6,,,1,57,,1162723,6,,,1,12,,1162747,6,,,1,16,,1162758,6,,,1,5,,1162726,19,0,19 20,1,10,,1162767,6,,,1,15,,1162720,6,,,1,55,,1162744,6,,,1,14,,1162729,6,,,1,15,,1162736,6,,,1,15,,1162753,6,,,1,55,,1162762,6,0,43,1,15,,1162749,6,,,1,15,,1162763,6,0,43,1,15,,1162748,6,,,1,55,,1162745,6,0,43,1,30,,1162750,6,,,1,68,,1162730,6,0,43,1,30,,1162761,6,,,1,70,,1162732,6,0,43,1,30,,1162768,6,,,1,70,,1162742,6,0,43,1,34,,1162764,7,,,1
7400,'6',619,,1162794,6,,,1,36,,1036605,6,,,1,73,,1162781,6,,,1,30,,1162813,6,,,1,57,,1162797,6,,,1,15,,1162791,6,,,1,13,,1162817,6,,,1,15,,1046489,6,,,1,55,,1162785,6,,,1,15,,1162784,6,,,1,15,,1162795,6,,,1,15,,1162800,6,,,1,55,,1162798,6,,,1,15,,1162803,6,,,1,15,,1162790,6,,,1,14,,1162801,6,,,1,55,,1162808,6,,,1,15,,1072409,6,,,1,15,,1101655,6,,,1,15,,1066268,6,,,1,55,,1162806,6,,,1,15,,1162796,6,,,1,15,,1162772,6,,,1,15,,1162812,6,,,1,55,,1162809,6,,,1,15,,1162805,6,,,1,15,,1162799,6,,,1,15,,1083342,6,,,1,55,,1162775,6,,,1,15,,1162814,6,,,1,15,,1162787,6,,,1,15,,1162815,6,,,1,55,,1162776,6,,,1,15,,1162816,6,,,1,17,,1162777,6,,,1,57,,1162782,6,,,1,12,,1162771,6,,,1,16,,1079657,6,,,1,5,,1162779,19,0,19 20,1,10,,1079269,6,,,1,15,,1162811,6,,,1,55,,1162783,6,,,1,14,,1162778,6,,,1,15,,962634,6,,,1,15,,1162788,6,,,1,55,,1162807,6,0,43,1,15,,1162773,6,,,1,15,,1162802,6,0,43,1,15,,1162810,6,,,1,55,,1162786,6,0,43,1,30,,1162780,6,,,1,68,,1063280,6,0,43,1,30,,1162774,6,,,1,70,,1162804,6,0,43,1,30,,1073913,6,,,1,70,,1162792,6,0,43,1,34,,1162789,7,,,1
7400,'7',917,,1162818,7,,,1,30,,1162819,7,,,1,70,,1162841,7,,,1,30,,1162839,7,,,1,70,,1162834,7,,,1,30,,1162828,7,,,1,70,,1162842,7,,,1,30,,1162840,7,,,1,70,,1162832,7,,,1,30,,1162825,7,,,1,70,,1162822,7,,,1,30,,1162848,7,,,1,70,,1162823,7,,,1,30,,1162833,7,,,1,70,,1162844,7,,,1,30,,1162849,7,,,1,70,,1162821,7,,,1,30,,1162831,7,,,1,70,,1162820,7,,,1,30,,1162850,7,,,1,70,,1162835,7,,,1,30,,1162827,7,,,1,70,,1162845,7,,,1,30,,1162824,7,,,1,70,,1162826,7,,,1,30,,1162830,7,,,1
7400,'8',619,,1162880,6,,,1,36,,1162860,6,,,1,73,,1162867,6,,,1,30,,1162902,6,,,1,57,,1162884,6,,,1,15,,1162877,6,,,1,13,,1162909,6,,,1,15,,1162851,6,,,1,55,,1162871,6,,,1,15,,1162870,6,,,1,15,,1162881,6,,,1,15,,1162887,6,,,1,55,,1162885,6,,,1,15,,1162891,6,,,1,15,,1162876,6,,,1,14,,1162888,6,,,1,55,,1162897,6,,,1,15,,1162893,6,,,1,15,,1162859,6,,,1,15,,1162882,6,,,1,55,,1162895,6,,,1,15,,1162883,6,,,1,15,,1162854,6,,,1,15,,1162901,6,,,1,55,,1162898,6,,,1,15,,1162894,6,,,1,15,,1162886,6,,,1,15,,1162907,6,,,1,55,,1162858,6,,,1,15,,1162904,6,,,1,15,,1162873,6,,,1,15,,1162906,6,,,1,55,,1162861,6,,,1,15,,1162908,6,,,1,17,,1162862,6,,,1,57,,1162868,6,,,1,12,,1162853,6,,,1,16,,1162863,6,,,1,5,,1162865,19,0,19 20,1,10,,1162889,6,,,1,15,,1162900,6,,,1,55,,1162869,6,,,1,14,,1162864,6,,,1,15,,1162852,6,,,1,15,,1162874,6,,,1,55,,1162896,6,0,43,1,15,,1162855,6,,,1,15,,1162890,6,0,43,1,15,,1162899,6,,,1,55,,1162872,6,0,43,1,30,,1162866,6,,,1,68,,1162903,6,0,43,1,30,,1162856,6,,,1,70,,1162892,6,0,43,1,30,,1162857,6,,,1,70,,1162878,6,0,43,1,34,,1162875,7,,,1
7400,'9',619,,1162947,6,,,1,36,,1162952,6,,,1,73,,1162949,6,,,1,30,,1162948,6,,,1,57,,1087085,6,,,1,15,,1162958,6,,,1,13,,1162925,6,,,1,15,,1162957,6,,,1,55,,1162932,6,,,1,15,,1162951,6,,,1,15,,1162910,6,,,1,15,,1162931,6,,,1,55,,1071603,6,,,1,15,,1162962,6,,,1,15,,1162938,6,,,1,14,,1162929,6,,,1,55,,1162946,6,,,1,15,,1162927,6,,,1,15,,1162914,6,,,1,15,,1100499,6,,,1,55,,1162961,6,,,1,15,,1162933,6,,,1,15,,1162935,6,,,1,15,,1162911,6,,,1,55,,1092069,6,,,1,15,,1162920,6,,,1,15,,1162916,6,,,1,15,,1162923,6,,,1,55,,1162917,6,,,1,15,,1003847,6,,,1,15,,1162913,6,,,1,15,,1162943,6,,,1,55,,1162919,6,,,1,15,,952206,6,,,1,17,,1162930,6,,,1,57,,1162915,6,,,1,12,,1162939,6,,,1,16,,1162950,6,,,1,5,,1162918,19,0,19 20,1,10,,1162959,6,,,1,15,,1162912,6,,,1,55,,1162936,6,,,1,14,,1162921,6,,,1,15,,1162928,6,,,1,15,,1162945,6,,,1,55,,1162954,6,0,43,1,15,,1162941,6,,,1,15,,1162955,6,0,43,1,15,,1162940,6,,,1,55,,1162937,6,0,43,1,30,,1162942,6,,,1,68,,1162922,6,0,43,1,30,,1162953,6,,,1,70,,1162924,6,0,43,1,30,,1162960,6,,,1,70,,1162934,6,0,43,1,34,,1162956,7,,,1
7401,'1',620,,1103761,29,,,1,24,,1162967,29,,,1,58,,1163009,29,,,1,19,,1162983,29,,,1,13,,1162993,29,,,1,10,,1162975,19,,,1,5,,1162999,29,,,1,52,,1162965,29,,,1,18,,1162986,29,,,1,16,,1005990,29,,,1,14,,1162973,29,,,1,55,,1163000,29,,,1,17,,1003156,29,,,1,15,,1162970,29,,,1,13,,1162995,29,,,1,55,,1162976,29,,,1,16,,1163004,29,,,1,15,,1162994,29,,,1,15,,1162979,29,,,1,55,,1096134,29,,,1,14,,1088158,29,,,1,15,,1163006,29,,,1,15,,1162981,29,,,1,55,,1162992,29,,,1,15,,1162998,29,,,1,15,,1005233,29,,,1,15,,1098140,29,,,1,55,,1162985,29,,,1,15,,1162977,29,,,1,15,,1162980,29,,,1,15,,1162978,29,,,1,55,,1162972,29,,,1,15,,1162974,29,,,1,15,,1162997,29,,,1,15,,1162988,29,,,1,55,,1162982,29,,,1,15,,1162966,29,,,1,15,,1062140,29,,,1,16,,1162968,29,,,1,55,,1072344,29,,,1,15,,1072632,29,,,1,17,,1162969,29,,,1,16,,1162987,29,,,1,57,,1162964,29,,,1,13,,1163008,29,,,1,15,,1162984,29,,,1,15,,1162989,29,,,1,55,,1163007,29,,,1,15,,1089226,29,,,1,15,,1046245,29,,,1,68,,1163001,29,,,1,26,,1162990,29,,,1,70,,1163002,29,,,1,30,,1163005,29,,,1,70,,1163003,29,,,1,30,,1162963,29,,,1,70,,1162971,29,,,1
7401,'10',620,,1103734,29,,,1,24,,1163014,29,,,1,58,,1163056,29,,,1,19,,1163030,29,,,1,13,,1163040,29,,,1,10,,1163022,19,,,1,5,,1163046,29,,,1,52,,1163012,29,,,1,18,,1163033,29,,,1,16,,1006087,29,,,1,14,,1163020,29,,,1,55,,1163047,29,,,1,17,,1003233,29,,,1,15,,1163017,29,,,1,13,,1163042,29,,,1,55,,1163023,29,,,1,16,,1163051,29,,,1,15,,1163041,29,,,1,15,,1163026,29,,,1,55,,1095991,29,,,1,14,,1087750,29,,,1,15,,1163053,29,,,1,15,,1163028,29,,,1,55,,1163039,29,,,1,15,,1163045,29,,,1,15,,1005327,29,,,1,15,,1097990,29,,,1,55,,1163032,29,,,1,15,,1163024,29,,,1,15,,1163027,29,,,1,15,,1163025,29,,,1,55,,1163019,29,,,1,15,,1163021,29,,,1,15,,1163044,29,,,1,15,,1163035,29,,,1,55,,1163029,29,,,1,15,,1163013,29,,,1,15,,1061907,29,,,1,16,,1163015,29,,,1,55,,1072198,29,,,1,15,,1072485,29,,,1,17,,1163016,29,,,1,16,,1163034,29,,,1,57,,1163011,29,,,1,13,,1163055,29,,,1,15,,1163031,29,,,1,15,,1163036,29,,,1,55,,1163054,29,,,1,15,,1089031,29,,,1,15,,1046333,29,,,1,68,,1163048,29,,,1,26,,1163037,29,,,1,70,,1163049,29,,,1,30,,1163052,29,,,1,70,,1163050,29,,,1,30,,1163010,29,,,1,70,,1163018,29,,,1
7401,'11',620,,1103770,29,,,1,24,,1163061,29,,,1,58,,1163103,29,,,1,19,,1163077,29,,,1,13,,1163087,29,,,1,10,,1163069,19,,,1,5,,1163093,29,,,1,52,,1163059,29,,,1,18,,1163080,29,,,1,16,,1005960,29,,,1,14,,1163067,29,,,1,55,,1163094,29,,,1,17,,1003136,29,,,1,15,,1163064,29,,,1,13,,1163089,29,,,1,55,,1163070,29,,,1,16,,1163098,29,,,1,15,,1163088,29,,,1,15,,1163073,29,,,1,55,,1096177,29,,,1,14,,1088270,29,,,1,15,,1163100,29,,,1,15,,1163075,29,,,1,55,,1163086,29,,,1,15,,1163092,29,,,1,15,,1005205,29,,,1,15,,1098185,29,,,1,55,,1163079,29,,,1,15,,1163071,29,,,1,15,,1163074,29,,,1,15,,1163072,29,,,1,55,,1163066,29,,,1,15,,1163068,29,,,1,15,,1163091,29,,,1,15,,1163082,29,,,1,55,,1163076,29,,,1,15,,1163060,29,,,1,15,,1062215,29,,,1,16,,1163062,29,,,1,55,,1072380,29,,,1,15,,1072673,29,,,1,17,,1163063,29,,,1,16,,1163081,29,,,1,57,,1163058,29,,,1,13,,1163102,29,,,1,15,,1163078,29,,,1,15,,1163083,29,,,1,55,,1163101,29,,,1,15,,1089281,29,,,1,15,,1046219,29,,,1,68,,1163095,29,,,1,26,,1163084,29,,,1,70,,1163096,29,,,1,30,,1163099,29,,,1,70,,1163097,29,,,1,30,,1163057,29,,,1,70,,1163065,29,,,1
7401,'12',620,,1163144,29,,,1,24,,1163150,29,,,1,58,,1163143,29,,,1,19,,1163129,29,,,1,13,,1163154,29,,,1,10,,1163106,19,,,1,5,,1163122,29,,,1,52,,1163148,29,,,1,18,,1163125,29,,,1,16,,1163132,29,,,1,14,,1163112,29,,,1,55,,1163113,29,,,1,17,,1163114,29,,,1,15,,1163120,29,,,1,13,,1163109,29,,,1,55,,1163108,29,,,1,16,,1163121,29,,,1,15,,1163141,29,,,1,15,,1163118,29,,,1,55,,1163124,29,,,1,14,,1163158,29,,,1,15,,1163140,29,,,1,15,,1163135,29,,,1,55,,1163119,29,,,1,15,,1163151,29,,,1,15,,1163138,29,,,1,15,,1096372,29,,,1,55,,1163115,29,,,1,15,,1163137,29,,,1,15,,1020172,29,,,1,15,,1163128,29,,,1,55,,1163123,29,,,1,15,,1163117,29,,,1,15,,1163156,29,,,1,15,,1163126,29,,,1,55,,1163133,29,,,1,15,,1070267,29,,,1,15,,1038829,29,,,1,16,,1163110,29,,,1,55,,1163107,29,,,1,15,,1163155,29,,,1,17,,1163127,29,,,1,16,,1163146,29,,,1,57,,1163104,29,,,1,13,,1163153,29,,,1,15,,1163152,29,,,1,15,,1163149,29,,,1,55,,1163147,29,,,1,15,,1163105,29,,,1,15,,1163159,29,,,1,68,,1163142,29,,,1,26,,1163139,29,,,1,70,,1163145,29,,,1,30,,1163130,29,,,1,70,,1163136,29,,,1,30,,1163116,29,,,1,70,,1163134,29,,,1
7401,'13',1012,,1163182,29,,,1,31,,1163172,29,,,1,70,,1163177,29,,,1,30,,1163161,29,,,1,70,,1163170,29,,,1,30,,1163184,29,,,1,70,,1163171,29,,,1,30,,1163167,29,,,1,70,,1163168,29,,,1,30,,1163179,29,,,1,70,,1163181,29,,,1,30,,1163183,29,,,1,70,,1163166,29,,,1,29,,1163174,29,,,1,70,,1163164,29,,,1
7401,'14',620,,1163192,29,,,1,24,,1163191,29,,,1,58,,1163242,29,,,1,19,,1163212,29,,,1,13,,1163222,29,,,1,10,,1163203,19,,,1,5,,1163228,29,,,1,52,,1163187,29,,,1,18,,1163215,29,,,1,16,,1163194,29,,,1,14,,1163201,29,,,1,55,,1163229,29,,,1,17,,1163188,29,,,1,15,,1163198,29,,,1,13,,1163224,29,,,1,55,,1163204,29,,,1,16,,1163234,29,,,1,15,,1163223,29,,,1,15,,1163207,29,,,1,55,,1163237,29,,,1,14,,1163239,29,,,1,15,,1163236,29,,,1,15,,1163209,29,,,1,55,,1163221,29,,,1,15,,1163227,29,,,1,15,,1163244,29,,,1,15,,1163195,29,,,1,55,,1163214,29,,,1,15,,1163205,29,,,1,15,,1163208,29,,,1,15,,1163206,29,,,1,55,,1163200,29,,,1,15,,1163202,29,,,1,15,,1163226,29,,,1,15,,1163217,29,,,1,55,,1163211,29,,,1,15,,1163190,29,,,1,15,,1163231,29,,,1,16,,1163193,29,,,1,55,,1163189,29,,,1,15,,1163241,29,,,1,17,,1163196,29,,,1,16,,1163216,29,,,1,57,,1163186,29,,,1,13,,1163240,29,,,1,15,,1163213,29,,,1,15,,1163218,29,,,1,55,,1163238,29,,,1,15,,1163243,29,,,1,15,,1163197,29,,,1,68,,1163230,29,,,1,26,,1163219,29,,,1,70,,1163232,29,,,1,30,,1163235,29,,,1,70,,1163233,29,,,1,30,,1163185,29,,,1,70,,1163199,29,,,1
7401,'15',620,,1163265,29,,,1,24,,1163295,29,,,1,58,,1163268,29,,,1,19,,1163288,29,,,1,13,,1163256,29,,,1,10,,1163260,19,,,1,5,,1163247,29,,,1,52,,1163274,29,,,1,18,,1163250,29,,,1,16,,1163246,29,,,1,14,,1163266,29,,,1,55,,1163280,29,,,1,17,,1163302,29,,,1,15,,1163248,29,,,1,13,,1163262,29,,,1,55,,1163301,29,,,1,16,,1163267,29,,,1,15,,1163272,29,,,1,15,,1163275,29,,,1,55,,1163303,29,,,1,14,,1163277,29,,,1,15,,1163289,29,,,1,15,,1163285,29,,,1,55,,1163251,29,,,1,15,,1163279,29,,,1,15,,1163278,29,,,1,15,,1163254,29,,,1,55,,1163264,29,,,1,15,,1163263,29,,,1,15,,1163249,29,,,1,15,,1163294,29,,,1,55,,1163257,29,,,1,15,,1163292,29,,,1,15,,1163283,29,,,1,15,,1163287,29,,,1,55,,1163253,29,,,1,15,,1163276,29,,,1,15,,1163300,29,,,1,16,,1163269,29,,,1,55,,1163252,29,,,1,15,,1163290,29,,,1,17,,1163261,29,,,1,16,,1163258,29,,,1,57,,1163270,29,,,1,13,,1163284,29,,,1,15,,1163281,29,,,1,15,,1163282,29,,,1,55,,1163298,29,,,1,15,,1163291,29,,,1,15,,1163286,29,,,1,68,,1163296,29,,,1,26,,1163304,29,,,1,70,,1163297,29,,,1,30,,1163259,29,,,1,70,,1163273,29,,,1,30,,1163255,29,,,1,70,,1163293,29,,,1
7401,'16',620,,1163338,29,,,1,24,,1163344,29,,,1,58,,1163337,29,,,1,19,,1163323,29,,,1,13,,1163347,29,,,1,10,,1087593,19,,,1,5,,1163317,29,,,1,52,,1163342,29,,,1,18,,1163319,29,,,1,16,,1163326,29,,,1,14,,1074546,29,,,1,55,,1052153,29,,,1,17,,1163310,29,,,1,15,,1163315,29,,,1,13,,1163309,29,,,1,55,,1071304,29,,,1,16,,1163316,29,,,1,15,,1163335,29,,,1,15,,1163313,29,,,1,55,,1163318,29,,,1,14,,1095937,29,,,1,15,,1163334,29,,,1,15,,1163329,29,,,1,55,,1163314,29,,,1,15,,1163345,29,,,1,15,,1163332,29,,,1,15,,1163308,29,,,1,55,,1037978,29,,,1,15,,1163331,29,,,1,15,,1163346,29,,,1,15,,1163322,29,,,1,55,,1079880,29,,,1,15,,1163312,29,,,1,15,,1163349,29,,,1,15,,1163320,29,,,1,55,,1163327,29,,,1,15,,1163306,29,,,1,15,,1163350,29,,,1,16,,1070967,29,,,1,55,,1163307,29,,,1,15,,1163348,29,,,1,17,,1163321,29,,,1,16,,1163340,29,,,1,57,,1163305,29,,,1,13,,1090515,29,,,1,15,,1052155,29,,,1,15,,1163343,29,,,1,55,,1163341,29,,,1,15,,1064133,29,,,1,15,,1163351,29,,,1,68,,1163336,29,,,1,26,,1163333,29,,,1,70,,1163339,29,,,1,30,,1163324,29,,,1,70,,1163330,29,,,1,30,,1163311,29,,,1,70,,1163328,29,,,1
7401,'17',1012,,1163375,29,,,1,31,,1163365,29,,,1,70,,1163370,29,,,1,30,,1163354,29,,,1,70,,1163363,29,,,1,30,,1163377,29,,,1,70,,1163364,29,,,1,30,,1163360,29,,,1,70,,1163361,29,,,1,30,,1163372,29,,,1,70,,1163374,29,,,1,30,,1163376,29,,,1,70,,1163359,29,,,1,29,,1163367,29,,,1,70,,1163357,29,,,1
7401,'2',833,,1163396,29,,,1,71,,1163403,29,,,1,30,,1163383,29,,,1,71,,1163382,29,,,1,31,,1163398,29,,,1,70,,1163391,29,,,1,30,,1163399,29,,,1,70,,1017152,29,,,1,30,,1163385,29,,,1,70,,1163390,29,,,1,30,,1163388,29,,,1,70,,1163380,29,,,1,30,,1163381,29,,,1,70,,1163393,29,,,1,30,,1163408,29,,,1,70,,1163407,29,,,1,29,,1163378,29,,,1,70,,1163404,29,,,1,28,,1163401,29,,,1,70,,1098245,29,,,1,30,,1163397,29,,,1,70,,1163402,29,,,1,30,,1163386,29,,,1,70,,1163379,29,,,1,30,,1163387,29,,,1,70,,1063375,29,,,1
7401,'3',1012,,1163432,29,,,1,31,,1163422,29,,,1,70,,1163427,29,,,1,30,,1163411,29,,,1,70,,1163420,29,,,1,30,,1163434,29,,,1,70,,1163421,29,,,1,30,,1163417,29,,,1,70,,1163418,29,,,1,30,,1163429,29,,,1,70,,1163431,29,,,1,30,,1163433,29,,,1,70,,1163416,29,,,1,29,,1163424,29,,,1,70,,1163414,29,,,1
7401,'4',1012,,1163447,29,,,1,31,,1163455,29,,,1,70,,1163454,29,,,1,30,,1163437,29,,,1,70,,1163435,29,,,1,30,,1163456,29,,,1,70,,1163459,29,,,1,30,,1163443,29,,,1,70,,1163439,29,,,1,30,,1163440,29,,,1,70,,1163444,29,,,1,30,,1163438,29,,,1,70,,1163441,29,,,1,29,,1163446,29,,,1,70,,1163449,29,,,1
7401,'5',620,,1103752,29,,,1,24,,1163464,29,,,1,58,,1163506,29,,,1,19,,1163480,29,,,1,13,,1163490,29,,,1,10,,1163472,19,,,1,5,,1163496,29,,,1,52,,1163462,29,,,1,18,,1163483,29,,,1,16,,1005819,29,,,1,14,,1163470,29,,,1,55,,1163497,29,,,1,17,,1003046,29,,,1,15,,1163467,29,,,1,13,,1163492,29,,,1,55,,1163473,29,,,1,16,,1163501,29,,,1,15,,1163491,29,,,1,15,,1163476,29,,,1,55,,1096114,29,,,1,14,,1088097,29,,,1,15,,1163503,29,,,1,15,,1163478,29,,,1,55,,1163489,29,,,1,15,,1163495,29,,,1,15,,1005070,29,,,1,15,,1098118,29,,,1,55,,1163482,29,,,1,15,,1163474,29,,,1,15,,1163477,29,,,1,15,,1163475,29,,,1,55,,1163469,29,,,1,15,,1163471,29,,,1,15,,1163494,29,,,1,15,,1163485,29,,,1,55,,1163479,29,,,1,15,,1163463,29,,,1,15,,1062092,29,,,1,16,,1163465,29,,,1,55,,1072323,29,,,1,15,,1072610,29,,,1,17,,1163466,29,,,1,16,,1163484,29,,,1,57,,1163461,29,,,1,13,,1163505,29,,,1,15,,1163481,29,,,1,15,,1163486,29,,,1,55,,1163504,29,,,1,15,,1089188,29,,,1,15,,1046091,29,,,1,68,,1163498,29,,,1,26,,1163487,29,,,1,70,,1163499,29,,,1,30,,1163502,29,,,1,70,,1163500,29,,,1,30,,1163460,29,,,1,70,,1163468,29,,,1
7401,'6',620,,1163546,29,,,1,24,,1163551,29,,,1,58,,1163545,29,,,1,19,,1163531,29,,,1,13,,1163556,29,,,1,10,,1163509,19,,,1,5,,1163524,29,,,1,52,,1163549,29,,,1,18,,1163527,29,,,1,16,,1163534,29,,,1,14,,1163515,29,,,1,55,,1163516,29,,,1,17,,965696,29,,,1,15,,1163522,29,,,1,13,,1103028,29,,,1,55,,1163511,29,,,1,16,,1163523,29,,,1,15,,1163543,29,,,1,15,,1163520,29,,,1,55,,1163526,29,,,1,14,,1163559,29,,,1,15,,1163542,29,,,1,15,,1163537,29,,,1,55,,1163521,29,,,1,15,,1163552,29,,,1,15,,1163540,29,,,1,15,,1163512,29,,,1,55,,1163517,29,,,1,15,,1163539,29,,,1,15,,1163553,29,,,1,15,,1163530,29,,,1,55,,1163525,29,,,1,15,,1163519,29,,,1,15,,1014334,29,,,1,15,,1163528,29,,,1,55,,1163535,29,,,1,15,,1163510,29,,,1,15,,1163557,29,,,1,16,,1163513,29,,,1,55,,1082497,29,,,1,15,,1082715,29,,,1,17,,1163529,29,,,1,16,,1163548,29,,,1,57,,1163507,29,,,1,13,,1163555,29,,,1,15,,1163554,29,,,1,15,,1163550,29,,,1,55,,1004987,29,,,1,15,,1163508,29,,,1,15,,1097596,29,,,1,68,,1163544,29,,,1,26,,1163541,29,,,1,70,,1163547,29,,,1,30,,1163532,29,,,1,70,,1163538,29,,,1,30,,1163518,29,,,1,70,,1163536,29,,,1
7401,'7',833,,1163588,29,,,1,71,,1163581,29,,,1,30,,1163586,29,,,1,71,,1163569,29,,,1,31,,1163579,29,,,1,70,,1163563,29,,,1,30,,1163580,29,,,1,70,,1163592,29,,,1,30,,1163585,29,,,1,70,,1163571,29,,,1,30,,1163566,29,,,1,70,,1163593,29,,,1,30,,1163583,29,,,1,70,,1163590,29,,,1,30,,1163561,29,,,1,70,,1163584,29,,,1,29,,1163564,29,,,1,70,,1163576,29,,,1,28,,1163567,29,,,1,70,,1163589,29,,,1,30,,1163587,29,,,1,70,,1163582,29,,,1,30,,1163562,29,,,1,70,,1163577,29,,,1,30,,1163591,29,,,1,70,,1163575,29,,,1
7401,'8',620,,1163636,29,,,1,24,,1163642,29,,,1,58,,1163635,29,,,1,19,,1163621,29,,,1,13,,1163647,29,,,1,10,,1163596,19,,,1,5,,1163614,29,,,1,52,,1163640,29,,,1,18,,1163617,29,,,1,16,,1163624,29,,,1,14,,1163604,29,,,1,55,,1163605,29,,,1,17,,1163606,29,,,1,15,,1163612,29,,,1,13,,1163601,29,,,1,55,,1163599,29,,,1,16,,1163613,29,,,1,15,,1163633,29,,,1,15,,1163610,29,,,1,55,,1163616,29,,,1,14,,1163652,29,,,1,15,,1163632,29,,,1,15,,1163627,29,,,1,55,,1163611,29,,,1,15,,1163643,29,,,1,15,,1163630,29,,,1,15,,1163600,29,,,1,55,,1163607,29,,,1,15,,1163629,29,,,1,15,,1163644,29,,,1,15,,1163620,29,,,1,55,,1163615,29,,,1,15,,1163609,29,,,1,15,,1163649,29,,,1,15,,1163618,29,,,1,55,,1163625,29,,,1,15,,1163597,29,,,1,15,,1163650,29,,,1,16,,1163602,29,,,1,55,,1163598,29,,,1,15,,1163648,29,,,1,17,,1163619,29,,,1,16,,1163638,29,,,1,57,,1163594,29,,,1,13,,1163646,29,,,1,15,,1163645,29,,,1,15,,1163641,29,,,1,55,,1163639,29,,,1,15,,1163595,29,,,1,15,,1163653,29,,,1,68,,1163634,29,,,1,26,,1163631,29,,,1,70,,1163637,29,,,1,30,,1163622,29,,,1,70,,1163628,29,,,1,30,,1163608,29,,,1,70,,1163626,29,,,1
7401,'9',620,,1103743,29,,,1,24,,1163658,29,,,1,58,,1163700,29,,,1,19,,1163674,29,,,1,13,,1163684,29,,,1,10,,1163666,19,,,1,5,,1163690,29,,,1,52,,1163656,29,,,1,18,,1163677,29,,,1,16,,1006020,29,,,1,14,,1163664,29,,,1,55,,1163691,29,,,1,17,,1003176,29,,,1,15,,1163661,29,,,1,13,,1163686,29,,,1,55,,1163667,29,,,1,16,,1163695,29,,,1,15,,1163685,29,,,1,15,,1163670,29,,,1,55,,1096037,29,,,1,14,,1087880,29,,,1,15,,1163697,29,,,1,15,,1163672,29,,,1,55,,1163683,29,,,1,15,,1163689,29,,,1,15,,1005261,29,,,1,15,,1098034,29,,,1,55,,1163676,29,,,1,15,,1163668,29,,,1,15,,1163671,29,,,1,15,,1163669,29,,,1,55,,1163663,29,,,1,15,,1163665,29,,,1,15,,1163688,29,,,1,15,,1163679,29,,,1,55,,1163673,29,,,1,15,,1163657,29,,,1,15,,1061981,29,,,1,16,,1163659,29,,,1,55,,1072245,29,,,1,15,,1072533,29,,,1,17,,1163660,29,,,1,16,,1163678,29,,,1,57,,1163655,29,,,1,13,,1163699,29,,,1,15,,1163675,29,,,1,15,,1163680,29,,,1,55,,1163698,29,,,1,15,,1089094,29,,,1,15,,1046271,29,,,1,68,,1163692,29,,,1,26,,1163681,29,,,1,70,,1163693,29,,,1,30,,1163696,29,,,1,70,,1163694,29,,,1,30,,1163654,29,,,1,70,,1163662,29,,,1
7500,'1',347,,1060869,14,,,1,66,,1089192,14,,,1,30,,1022446,14,0,15 16,1,75,,1163712,14,0,15 16,1,28,,1163703,14,0,15 16,1,54,,1163747,14,0,15 16,1,19,,1163710,35,0,15 16,1,14,,1163708,14,0,15 16,1,15,,1163715,35,0,15 16,1,56,,1163765,14,0,15 16,1,5,,1163704,14,0,15 16,1,5,,1163741,14,0,15 16,1,6,,1163742,35,0,15 16,1,10,,1163746,14,0,15 16,1,5,,1163701,35,0,15 16,1,7,,1163768,14,0,15 16,1,4,,1163702,14,0,15 16,1,9,,1163759,35,0,15 16,1,3,,1163767,14,0,15 16,1,43,,1163707,14,0,15 16,1,8,,1047250,14,0,15 16,1,10,,1069815,35,0,15 16,1,8,,1163714,14,0,15 16,1,5,,1163758,14,0,15 16,1,9,,1163750,35,0,15 16,1,62,,1163731,35,0,15 16,1,13,,1163729,35,0,15 16,1,15,,1163711,35,0,15 16,1,16,,1163709,35,0,15 16,1,55,,1163762,35,0,15 16,1,14,,1163740,35,0,15 16,1,15,,1163754,35,0,15 16,1,14,,1163771,35,0,15 16,1,55,,1163720,35,0,15 16,1,15,,1163775,35,0,15 16,1,15,,1163772,35,0,15 16,1,15,,1092911,35,0,15 16,1,55,,1163734,35,0,15 16,1,15,,1163730,35,0,15 16,1,15,,1163738,35,0,15 16,1,15,,1163753,35,0,15 16,1,55,,936910,35,0,15 16,1,15,,1078317,35,0,15 16,1,16,,1163725,14,0,15 16,1,14,,1163779,35,0,15 16,1,57,,1163749,14,0,15 16,1,14,,1163761,35,0,15 16,1,16,,1163756,14,0,15 16,1,15,,1163744,35,0,15 16,1,55,,1163716,14,0,15 16,1,15,,1163745,35,0,15 16,1,17,,1003385,14,0,15 16,1,16,,1163733,35,0,15 16,1,59,,1163743,14,0,15 16,1,18,,1163727,35,0,15 16,1,13,,1163722,14,0,15 16,1,14,,1163776,35,0,15 16,1,54,,1163755,14,0,15 16,1,14,,1163713,35,0,15 16,1,15,,1163718,14,0,15 16,1,16,,1079845,35,0,15 16,1,51,,1163732,14,0,15 16,1,13,,1163766,35,0,15 16,1,15,,1163777,14,0,15 16,1,13,,1163735,35,0,15 16,1,57,,1163751,14,0,15 16,1,15,,1163706,35,0,15 16,1,17,,1163774,14,0,15 16,1,17,,1163737,35,0,15 16,1,57,,1163724,14,0,15 16,1,15,,1163728,35,0,15 16,1,19,,1163736,14,0,15 16,1,12,,1163717,35,0,15 16,1,56,,1163721,14,0,15 16,1,17,,1163764,35,0,15 16,1,14,,1163723,14,0,15 16,1,13,,1163748,35,0,15 16,1,55,,1163757,14,0,15 16,1,17,,977867,35,0,15 16,1,12,,1163760,14,0,15 16,1,18,,1163778,35,0,15 16,1,52,,1092858,14,0,15 16,1,14,,1163770,35,0,15 16,1,21,,1163773,14,0,15 16,1,70,,1163769,14,0,15 16,1,29,,1163739,14,,,1,69,,1163726,14,,,1,29,,1003826,14,,,1,69,,1163719,14,,,1,30,,1163763,14,,,1,80,,1163752,14,,,1
7500,'10',347,,1060875,14,,,1,66,,1088997,14,,,1,30,,1022573,14,0,15 16,1,75,,1163791,14,0,15 16,1,28,,1163782,14,0,15 16,1,54,,1163826,14,0,15 16,1,19,,1163789,35,0,15 16,1,14,,1163787,14,0,15 16,1,15,,1163794,35,0,15 16,1,56,,1163844,14,0,15 16,1,5,,1163783,14,0,15 16,1,5,,1163820,14,0,15 16,1,6,,1163821,35,0,15 16,1,10,,1163825,14,0,15 16,1,5,,1163780,35,0,15 16,1,7,,1163847,14,0,15 16,1,4,,1163781,14,0,15 16,1,9,,1163838,35,0,15 16,1,3,,1163846,14,0,15 16,1,43,,1163786,14,0,15 16,1,8,,1047431,14,0,15 16,1,10,,1069670,35,0,15 16,1,8,,1163793,14,0,15 16,1,5,,1163837,14,0,15 16,1,9,,1163829,35,0,15 16,1,62,,1163810,35,0,15 16,1,13,,1163808,35,0,15 16,1,15,,1163790,35,0,15 16,1,16,,1163788,35,0,15 16,1,55,,1163841,35,0,15 16,1,14,,1163819,35,0,15 16,1,15,,1163833,35,0,15 16,1,14,,1163850,35,0,15 16,1,55,,1163799,35,0,15 16,1,15,,1163854,35,0,15 16,1,15,,1163851,35,0,15 16,1,15,,1092593,35,0,15 16,1,55,,1163813,35,0,15 16,1,15,,1163809,35,0,15 16,1,15,,1163817,35,0,15 16,1,15,,1163832,35,0,15 16,1,55,,936528,35,0,15 16,1,15,,1078105,35,0,15 16,1,16,,1163804,14,0,15 16,1,14,,1163858,35,0,15 16,1,57,,1163828,14,0,15 16,1,14,,1163840,35,0,15 16,1,16,,1163835,14,0,15 16,1,15,,1163823,35,0,15 16,1,55,,1163795,14,0,15 16,1,15,,1163824,35,0,15 16,1,17,,1003461,14,0,15 16,1,16,,1163812,35,0,15 16,1,59,,1163822,14,0,15 16,1,18,,1163806,35,0,15 16,1,13,,1163801,14,0,15 16,1,14,,1163855,35,0,15 16,1,54,,1163834,14,0,15 16,1,14,,1163792,35,0,15 16,1,15,,1163797,14,0,15 16,1,16,,1079682,35,0,15 16,1,51,,1163811,14,0,15 16,1,13,,1163845,35,0,15 16,1,15,,1163856,14,0,15 16,1,13,,1163814,35,0,15 16,1,57,,1163830,14,0,15 16,1,15,,1163785,35,0,15 16,1,17,,1163853,14,0,15 16,1,17,,1163816,35,0,15 16,1,57,,1163803,14,0,15 16,1,15,,1163807,35,0,15 16,1,19,,1163815,14,0,15 16,1,12,,1163796,35,0,15 16,1,56,,1163800,14,0,15 16,1,17,,1163843,35,0,15 16,1,14,,1163802,14,0,15 16,1,13,,1163827,35,0,15 16,1,55,,1163836,14,0,15 16,1,17,,977670,35,0,15 16,1,12,,1163839,14,0,15 16,1,18,,1163857,35,0,15 16,1,52,,1092541,14,0,15 16,1,14,,1163849,35,0,15 16,1,21,,1163852,14,0,15 16,1,70,,1163848,14,0,15 16,1,29,,1163818,14,,,1,69,,1163805,14,,,1,29,,1003983,14,,,1,69,,1163798,14,,,1,30,,1163842,14,,,1,80,,1163831,14,,,1
7500,'11',347,,1060867,14,,,1,66,,1089247,14,,,1,30,,1022407,14,0,15 16,1,75,,1163870,14,0,15 16,1,28,,1163861,14,0,15 16,1,54,,1163905,14,0,15 16,1,19,,1163868,35,0,15 16,1,14,,1163866,14,0,15 16,1,15,,1163873,35,0,15 16,1,56,,1163923,14,0,15 16,1,5,,1163862,14,0,15 16,1,5,,1163899,14,0,15 16,1,6,,1163900,35,0,15 16,1,10,,1163904,14,0,15 16,1,5,,1163859,35,0,15 16,1,7,,1163926,14,0,15 16,1,4,,1163860,14,0,15 16,1,9,,1163917,35,0,15 16,1,3,,1163925,14,0,15 16,1,43,,1163865,14,0,15 16,1,8,,1047198,14,0,15 16,1,10,,1069859,35,0,15 16,1,8,,1163872,14,0,15 16,1,5,,1163916,14,0,15 16,1,9,,1163908,35,0,15 16,1,62,,1163889,35,0,15 16,1,13,,1163887,35,0,15 16,1,15,,1163869,35,0,15 16,1,16,,1163867,35,0,15 16,1,55,,1163920,35,0,15 16,1,14,,1163898,35,0,15 16,1,15,,1163912,35,0,15 16,1,14,,1163929,35,0,15 16,1,55,,1163878,35,0,15 16,1,15,,1163933,35,0,15 16,1,15,,1163930,35,0,15 16,1,15,,1093001,35,0,15 16,1,55,,1163892,35,0,15 16,1,15,,1163888,35,0,15 16,1,15,,1163896,35,0,15 16,1,15,,1163911,35,0,15 16,1,55,,936857,35,0,15 16,1,15,,1078379,35,0,15 16,1,16,,1163883,14,0,15 16,1,14,,1163937,35,0,15 16,1,57,,1163907,14,0,15 16,1,14,,1163919,35,0,15 16,1,16,,1163914,14,0,15 16,1,15,,1163902,35,0,15 16,1,55,,1163874,14,0,15 16,1,15,,1163903,35,0,15 16,1,17,,1003362,14,0,15 16,1,16,,1163891,35,0,15 16,1,59,,1163901,14,0,15 16,1,18,,1163885,35,0,15 16,1,13,,1163880,14,0,15 16,1,14,,1163934,35,0,15 16,1,54,,1163913,14,0,15 16,1,14,,1163871,35,0,15 16,1,15,,1163876,14,0,15 16,1,16,,1079891,35,0,15 16,1,51,,1163890,14,0,15 16,1,13,,1163924,35,0,15 16,1,15,,1163935,14,0,15 16,1,13,,1163893,35,0,15 16,1,57,,1163909,14,0,15 16,1,15,,1163864,35,0,15 16,1,17,,1163932,14,0,15 16,1,17,,1163895,35,0,15 16,1,57,,1163882,14,0,15 16,1,15,,1163886,35,0,15 16,1,19,,1163894,14,0,15 16,1,12,,1163875,35,0,15 16,1,56,,1163879,14,0,15 16,1,17,,1163922,35,0,15 16,1,14,,1163881,14,0,15 16,1,13,,1163906,35,0,15 16,1,55,,1163915,14,0,15 16,1,17,,977826,35,0,15 16,1,12,,1163918,14,0,15 16,1,18,,1163936,35,0,15 16,1,52,,1092948,14,0,15 16,1,14,,1163928,35,0,15 16,1,21,,1163931,14,0,15 16,1,70,,1163927,14,0,15 16,1,29,,1163897,14,,,1,69,,1163884,14,,,1,29,,1003778,14,,,1,69,,1163877,14,,,1,30,,1163921,14,,,1,80,,1163910,14,,,1
7500,'12',347,,1163952,14,,,1,66,,1163949,14,,,1,30,,1163951,14,0,15 16,1,75,,1164014,14,0,15 16,1,28,,1164006,14,0,15 16,1,54,,1164013,14,0,15 16,1,19,,1164007,35,0,15 16,1,14,,1164004,14,0,15 16,1,15,,1163984,35,0,15 16,1,56,,1164015,14,0,15 16,1,5,,1163942,14,0,15 16,1,5,,1163965,14,0,15 16,1,6,,1163995,35,0,15 16,1,10,,1163955,14,0,15 16,1,5,,1163957,35,0,15 16,1,7,,1163974,14,0,15 16,1,4,,1163989,14,0,15 16,1,9,,1163972,35,0,15 16,1,3,,1068290,14,0,15 16,1,43,,1099000,14,0,15 16,1,8,,1163985,14,0,15 16,1,10,,1163997,35,0,15 16,1,8,,1164008,14,0,15 16,1,5,,1163966,14,0,15 16,1,9,,1163996,35,0,15 16,1,62,,1163983,35,0,15 16,1,13,,1164011,35,0,15 16,1,15,,1164022,35,0,15 16,1,16,,1164016,35,0,15 16,1,55,,1163954,35,0,15 16,1,14,,1164020,35,0,15 16,1,15,,1163994,35,0,15 16,1,14,,1163962,35,0,15 16,1,55,,1163968,35,0,15 16,1,15,,1163939,35,0,15 16,1,15,,1163941,35,0,15 16,1,15,,1163967,35,0,15 16,1,55,,1164021,35,0,15 16,1,15,,1163998,35,0,15 16,1,15,,1163948,35,0,15 16,1,15,,1034234,35,0,15 16,1,55,,1164019,35,0,15 16,1,15,,1164012,35,0,15 16,1,16,,1163943,14,0,15 16,1,14,,1058959,35,0,15 16,1,57,,1163973,14,0,15 16,1,14,,1163958,35,0,15 16,1,16,,1164017,14,0,15 16,1,15,,1163959,35,0,15 16,1,55,,1163945,14,0,15 16,1,15,,1163979,35,0,15 16,1,17,,1163980,14,0,15 16,1,16,,1007706,35,0,15 16,1,59,,1164000,14,0,15 16,1,18,,1163987,35,0,15 16,1,13,,1163963,14,0,15 16,1,14,,1163960,35,0,15 16,1,54,,1163964,14,0,15 16,1,14,,1164018,35,0,15 16,1,15,,1164005,14,0,15 16,1,16,,1164003,35,0,15 16,1,51,,1163991,14,0,15 16,1,13,,1163977,35,0,15 16,1,15,,1163976,14,0,15 16,1,13,,1163969,35,0,15 16,1,57,,1163946,14,0,15 16,1,15,,1163988,35,0,15 16,1,17,,1057163,14,0,15 16,1,17,,1163971,35,0,15 16,1,57,,1163990,14,0,15 16,1,15,,1163953,35,0,15 16,1,19,,1163956,14,0,15 16,1,12,,1163938,35,0,15 16,1,56,,1163981,14,0,15 16,1,17,,1164009,35,0,15 16,1,14,,1163986,14,0,15 16,1,13,,1164002,35,0,15 16,1,55,,1163975,14,0,15 16,1,17,,1163999,35,0,15 16,1,12,,1164010,14,0,15 16,1,18,,1163992,35,0,15 16,1,52,,1163978,14,0,15 16,1,14,,1080683,35,0,15 16,1,21,,1163982,14,0,15 16,1,70,,1163961,14,0,15 16,1,29,,1163947,14,,,1,69,,1164001,14,,,1,29,,1163940,14,,,1,69,,1163944,14,,,1,30,,1163970,14,,,1,80,,1163950,14,,,1
7500,'13',351,,1164077,14,,,1,71,,1164023,14,,,1,30,,1164071,14,,,1,70,,1164080,14,,,1,30,,1164079,14,,,1,70,,1164058,14,,,1,30,,1164027,14,,,1,60,,1164031,14,,,1,27,,1164044,35,0,15 16,1,70,,1164083,14,0,15 16,1,30,,1087953,35,0,15 16,1,15,,1164057,14,0,15 16,1,55,,1164047,14,0,15 16,1,15,,1164038,14,0,15 16,1,15,,1070818,35,0,15 16,1,15,,1164040,14,0,15 16,1,55,,1164043,35,0,15 16,1,16,,1164037,14,0,15 16,1,15,,1164059,35,0,15 16,1,15,,1164035,14,0,15 16,1,55,,1164084,35,0,15 16,1,15,,1164072,14,0,15 16,1,15,,1164060,35,0,15 16,1,15,,1164078,14,0,15 16,1,55,,1164054,35,0,15 16,1,15,,1164049,14,0,15 16,1,15,,1164070,35,0,15 16,1,15,,1164036,14,0,15 16,1,55,,1063946,35,0,15 16,1,15,,1164075,14,0,15 16,1,15,,1164064,35,0,15 16,1,15,,1164089,14,0,15 16,1,55,,1164062,35,0,15 16,1,15,,1094023,14,0,15 16,1,15,,1164081,35,0,15 16,1,15,,1164042,14,0,15 16,1,55,,1164024,35,0,15 16,1,15,,1164025,14,0,15 16,1,15,,1164068,35,0,15 16,1,15,,1164041,14,0,15 16,1,55,,1164061,35,0,15 16,1,15,,1164050,14,0,15 16,1,15,,1164039,35,0,15 16,1,15,,1164069,14,0,15 16,1,53,,1164034,35,0,15 16,1,17,,1164029,14,0,15 16,1,15,,1164091,35,0,15 16,1,15,,1164065,14,0,15 16,1,55,,1055841,35,0,15 16,1,15,,1164082,14,0,15 16,1,15,,1164048,35,0,15 16,1,15,,1067251,14,0,15 16,1,55,,1164052,14,0,15 16,1,15,,1164053,14,0,15 16,1,15,,1164046,35,0,15 16,1,15,,1164073,14,0,15 16,1,55,,1164074,14,0,15 16,1,15,,1164056,14,0,15 16,1,15,,1164051,14,0,15 16,1,15,,1164055,14,0,15 16,1,55,,1164028,14,0,15 16,1,15,,1164063,14,0,15 16,1,15,,1164026,14,0,15 16,1,15,,1164033,14,0,15 16,1,55,,1164088,14,0,15 16,1,14,,1164066,14,0,15 16,1,15,,1164067,14,0,15 16,1,14,,1164030,14,,,1,70,,1164085,14,,,1,30,,1164045,14,,,1,70,,1164032,14,,,1,30,,993894,14,,,1,70,,1164090,14,,,1,30,,1164076,14,,,1,70,,1164087,14,,,1,30,,1164086,14,,,1
7500,'14',347,,1164159,14,,,1,66,,1164096,14,,,1,30,,1164092,14,0,15 16,1,75,,1164109,14,0,15 16,1,28,,1164097,14,0,15 16,1,54,,1164144,14,0,15 16,1,19,,1164105,35,0,15 16,1,14,,1164103,14,0,15 16,1,15,,1164112,35,0,15 16,1,56,,1164163,14,0,15 16,1,5,,1164098,14,0,15 16,1,5,,1164138,14,0,15 16,1,6,,1164139,35,0,15 16,1,10,,1164143,14,0,15 16,1,5,,1164093,35,0,15 16,1,7,,1164166,14,0,15 16,1,4,,1164095,14,0,15 16,1,9,,1164156,35,0,15 16,1,3,,1164165,14,0,15 16,1,43,,1164102,14,0,15 16,1,8,,1164101,14,0,15 16,1,10,,1164106,35,0,15 16,1,8,,1164111,14,0,15 16,1,5,,1164155,14,0,15 16,1,9,,1164147,35,0,15 16,1,62,,1164128,35,0,15 16,1,13,,1164126,35,0,15 16,1,15,,1164108,35,0,15 16,1,16,,1164104,35,0,15 16,1,55,,1164160,35,0,15 16,1,14,,1164137,35,0,15 16,1,15,,1164151,35,0,15 16,1,14,,1164169,35,0,15 16,1,55,,1164117,35,0,15 16,1,15,,1164174,35,0,15 16,1,15,,1164170,35,0,15 16,1,15,,1164182,35,0,15 16,1,55,,1164131,35,0,15 16,1,15,,1164127,35,0,15 16,1,15,,1164135,35,0,15 16,1,15,,1164150,35,0,15 16,1,55,,1164178,35,0,15 16,1,15,,1164173,35,0,15 16,1,16,,1164122,14,0,15 16,1,14,,1164183,35,0,15 16,1,57,,1164146,14,0,15 16,1,14,,1164158,35,0,15 16,1,16,,1164153,14,0,15 16,1,15,,1164141,35,0,15 16,1,55,,1164113,14,0,15 16,1,15,,1164142,35,0,15 16,1,17,,1164175,14,0,15 16,1,16,,1164130,35,0,15 16,1,59,,1164140,14,0,15 16,1,18,,1164124,35,0,15 16,1,13,,1164119,14,0,15 16,1,14,,1164177,35,0,15 16,1,54,,1164152,14,0,15 16,1,14,,1164110,35,0,15 16,1,15,,1164115,14,0,15 16,1,16,,1164107,35,0,15 16,1,51,,1164129,14,0,15 16,1,13,,1164164,35,0,15 16,1,15,,1164179,14,0,15 16,1,13,,1164132,35,0,15 16,1,57,,1164148,14,0,15 16,1,15,,1164100,35,0,15 16,1,17,,1164172,14,0,15 16,1,17,,1164134,35,0,15 16,1,57,,1164121,14,0,15 16,1,15,,1164125,35,0,15 16,1,19,,1164133,14,0,15 16,1,12,,1164114,35,0,15 16,1,56,,1164118,14,0,15 16,1,17,,1164162,35,0,15 16,1,14,,1164120,14,0,15 16,1,13,,1164145,35,0,15 16,1,55,,1164154,14,0,15 16,1,17,,1164181,35,0,15 16,1,12,,1164157,14,0,15 16,1,18,,1164180,35,0,15 16,1,52,,1164094,14,0,15 16,1,14,,1164168,35,0,15 16,1,21,,1164171,14,0,15 16,1,70,,1164167,14,0,15 16,1,29,,1164136,14,,,1,69,,1164123,14,,,1,29,,1164176,14,,,1,69,,1164116,14,,,1,30,,1164161,14,,,1,80,,1164149,14,,,1
7500,'15',347,,1164190,14,,,1,66,,1164254,14,,,1,30,,1164265,14,0,15 16,1,75,,1164262,14,0,15 16,1,28,,1164192,14,0,15 16,1,54,,1164244,14,0,15 16,1,19,,1164235,35,0,15 16,1,14,,1164224,14,0,15 16,1,15,,1164186,35,0,15 16,1,56,,1164257,14,0,15 16,1,5,,1164247,14,0,15 16,1,5,,1164241,14,0,15 16,1,6,,1164268,35,0,15 16,1,10,,1164233,14,0,15 16,1,5,,1164242,35,0,15 16,1,7,,1164274,14,0,15 16,1,4,,1164187,14,0,15 16,1,9,,1164206,35,0,15 16,1,3,,1164202,14,0,15 16,1,43,,1164204,14,0,15 16,1,8,,1164236,14,0,15 16,1,10,,1164271,35,0,15 16,1,8,,1164245,14,0,15 16,1,5,,1164195,14,0,15 16,1,9,,1164234,35,0,15 16,1,62,,1164246,35,0,15 16,1,13,,1164270,35,0,15 16,1,15,,1164191,35,0,15 16,1,16,,1164237,35,0,15 16,1,55,,1164211,35,0,15 16,1,14,,1164210,35,0,15 16,1,15,,1164225,35,0,15 16,1,14,,1164227,35,0,15 16,1,55,,1164261,35,0,15 16,1,15,,1164252,35,0,15 16,1,15,,1164193,35,0,15 16,1,15,,1164251,35,0,15 16,1,55,,1164221,35,0,15 16,1,15,,1164189,35,0,15 16,1,15,,1164229,35,0,15 16,1,15,,1164232,35,0,15 16,1,55,,1164273,35,0,15 16,1,15,,1164205,35,0,15 16,1,16,,1164275,14,0,15 16,1,14,,1164201,35,0,15 16,1,57,,1164239,14,0,15 16,1,14,,1164216,35,0,15 16,1,16,,1164203,14,0,15 16,1,15,,1164259,35,0,15 16,1,55,,1164231,14,0,15 16,1,15,,1164222,35,0,15 16,1,17,,1164212,14,0,15 16,1,16,,1164200,35,0,15 16,1,59,,1164188,14,0,15 16,1,18,,1164269,35,0,15 16,1,13,,1164263,14,0,15 16,1,14,,1164220,35,0,15 16,1,54,,1164255,14,0,15 16,1,14,,1164198,35,0,15 16,1,15,,1164207,14,0,15 16,1,16,,1164226,35,0,15 16,1,51,,1164256,14,0,15 16,1,13,,1164243,35,0,15 16,1,15,,1164250,14,0,15 16,1,13,,1164230,35,0,15 16,1,57,,1164185,14,0,15 16,1,15,,1164217,35,0,15 16,1,17,,1164214,14,0,15 16,1,17,,1164258,35,0,15 16,1,57,,1164223,14,0,15 16,1,15,,1164228,35,0,15 16,1,19,,1164253,14,0,15 16,1,12,,1164197,35,0,15 16,1,56,,1164249,14,0,15 16,1,17,,1164209,35,0,15 16,1,14,,1164213,14,0,15 16,1,13,,1164260,35,0,15 16,1,55,,1164266,14,0,15 16,1,17,,1164218,35,0,15 16,1,12,,1164248,14,0,15 16,1,18,,1164264,35,0,15 16,1,52,,1164215,14,0,15 16,1,14,,1164199,35,0,15 16,1,21,,1164194,14,0,15 16,1,70,,1164267,14,0,15 16,1,29,,1164196,14,,,1,69,,1164184,14,,,1,29,,1164238,14,,,1,69,,1164240,14,,,1,30,,1164272,14,,,1,80,,1164208,14,,,1
7500,'16',347,,1164291,14,,,1,66,,1164288,14,,,1,30,,1164290,14,0,15 16,1,75,,1164351,14,0,15 16,1,28,,1164344,14,0,15 16,1,54,,1164350,14,0,15 16,1,19,,1164345,35,0,15 16,1,14,,1164342,14,0,15 16,1,15,,1164323,35,0,15 16,1,56,,1164352,14,0,15 16,1,5,,1164281,14,0,15 16,1,5,,1164304,14,0,15 16,1,6,,1164333,35,0,15 16,1,10,,1164294,14,0,15 16,1,5,,1164296,35,0,15 16,1,7,,1164313,14,0,15 16,1,4,,1164327,14,0,15 16,1,9,,1164311,35,0,15 16,1,3,,1164280,14,0,15 16,1,43,,1164360,14,0,15 16,1,8,,1164324,14,0,15 16,1,10,,1164335,35,0,15 16,1,8,,1164346,14,0,15 16,1,5,,1095652,14,0,15 16,1,9,,1164334,35,0,15 16,1,62,,1164322,35,0,15 16,1,13,,1164349,35,0,15 16,1,15,,1164359,35,0,15 16,1,16,,1164353,35,0,15 16,1,55,,1164293,35,0,15 16,1,14,,1065843,35,0,15 16,1,15,,1164332,35,0,15 16,1,14,,1164301,35,0,15 16,1,55,,1164306,35,0,15 16,1,15,,1164276,35,0,15 16,1,15,,1164279,35,0,15 16,1,15,,1164305,35,0,15 16,1,55,,1164358,35,0,15 16,1,15,,1164336,35,0,15 16,1,15,,1164287,35,0,15 16,1,15,,1164309,35,0,15 16,1,55,,1094190,35,0,15 16,1,15,,1067444,35,0,15 16,1,16,,1164282,14,0,15 16,1,14,,1164356,35,0,15 16,1,57,,1164312,14,0,15 16,1,14,,1164297,35,0,15 16,1,16,,1164355,14,0,15 16,1,15,,1164298,35,0,15 16,1,55,,1164284,14,0,15 16,1,15,,1164318,35,0,15 16,1,17,,1164319,14,0,15 16,1,16,,1164277,35,0,15 16,1,59,,1164338,14,0,15 16,1,18,,1164326,35,0,15 16,1,13,,1164302,14,0,15 16,1,14,,1164299,35,0,15 16,1,54,,1164303,14,0,15 16,1,14,,1164357,35,0,15 16,1,15,,1164343,14,0,15 16,1,16,,1164341,35,0,15 16,1,51,,1164329,14,0,15 16,1,13,,1164316,35,0,15 16,1,15,,1164315,14,0,15 16,1,13,,1164307,35,0,15 16,1,57,,1164285,14,0,15 16,1,15,,1075067,35,0,15 16,1,17,,1164354,14,0,15 16,1,17,,1164310,35,0,15 16,1,57,,1164328,14,0,15 16,1,15,,1164292,35,0,15 16,1,19,,1164295,14,0,15 16,1,12,,1069361,35,0,15 16,1,56,,1164320,14,0,15 16,1,17,,1164347,35,0,15 16,1,14,,1164325,14,0,15 16,1,13,,1164340,35,0,15 16,1,55,,1164314,14,0,15 16,1,17,,1164337,35,0,15 16,1,12,,1164348,14,0,15 16,1,18,,1164330,35,0,15 16,1,52,,1164317,14,0,15 16,1,14,,1164278,35,0,15 16,1,21,,1164321,14,0,15 16,1,70,,1164300,14,0,15 16,1,29,,1164286,14,,,1,69,,1164339,14,,,1,29,,1073043,14,,,1,69,,1164283,14,,,1,30,,1164308,14,,,1,80,,1164289,14,,,1
7500,'17',351,,1164417,14,,,1,71,,1164361,14,,,1,30,,1164411,14,,,1,70,,1164420,14,,,1,30,,1164419,14,,,1,70,,1164398,14,,,1,30,,1164365,14,,,1,60,,1164371,14,,,1,27,,1164384,35,0,15 16,1,70,,1164423,14,0,15 16,1,30,,1164436,35,0,15 16,1,15,,1164397,14,0,15 16,1,55,,1164387,14,0,15 16,1,15,,1164378,14,0,15 16,1,15,,1164367,35,0,15 16,1,15,,1164380,14,0,15 16,1,55,,1164383,35,0,15 16,1,16,,1164377,14,0,15 16,1,15,,1164399,35,0,15 16,1,15,,1164375,14,0,15 16,1,55,,1164424,35,0,15 16,1,15,,1164412,14,0,15 16,1,15,,1164400,35,0,15 16,1,15,,1164418,14,0,15 16,1,55,,1164394,35,0,15 16,1,15,,1164389,14,0,15 16,1,15,,1164410,35,0,15 16,1,15,,1164376,14,0,15 16,1,55,,1164428,35,0,15 16,1,15,,1164415,14,0,15 16,1,15,,1164404,35,0,15 16,1,15,,1164433,14,0,15 16,1,55,,1164402,35,0,15 16,1,15,,1164369,14,0,15 16,1,15,,1164421,35,0,15 16,1,15,,1164382,14,0,15 16,1,55,,1164362,35,0,15 16,1,15,,1164363,14,0,15 16,1,15,,1164408,35,0,15 16,1,15,,1164381,14,0,15 16,1,55,,1164401,35,0,15 16,1,15,,1164390,14,0,15 16,1,15,,1164379,35,0,15 16,1,15,,1164409,14,0,15 16,1,53,,1164374,35,0,15 16,1,17,,1164368,14,0,15 16,1,15,,1164435,35,0,15 16,1,15,,1164405,14,0,15 16,1,55,,1164431,35,0,15 16,1,15,,1164422,14,0,15 16,1,15,,1164388,35,0,15 16,1,15,,1164426,14,0,15 16,1,55,,1164392,14,0,15 16,1,15,,1164393,14,0,15 16,1,15,,1164386,35,0,15 16,1,15,,1164413,14,0,15 16,1,55,,1164414,14,0,15 16,1,15,,1164396,14,0,15 16,1,15,,1164391,14,0,15 16,1,15,,1164395,14,0,15 16,1,55,,1164366,14,0,15 16,1,15,,1164403,14,0,15 16,1,15,,1164364,14,0,15 16,1,15,,1164373,14,0,15 16,1,55,,1164432,14,0,15 16,1,14,,1164406,14,0,15 16,1,15,,1164407,14,0,15 16,1,14,,1164370,14,,,1,70,,1164425,14,,,1,30,,1164385,14,,,1,70,,1164372,14,,,1,30,,1164427,14,,,1,70,,1164434,14,,,1,30,,1164416,14,,,1,70,,1164430,14,,,1,30,,1164429,14,,,1
7500,'2',345,,1164474,14,,,1,70,,1164489,14,,,1,30,,1164484,14,,,1,70,,1164483,14,,,1,33,,1164449,14,0,15 16,1,68,,1164503,14,0,15 16,1,20,,1081198,14,0,15 16,1,20,,1164444,14,0,15 16,1,58,,1164485,14,0,15 16,1,18,,1164448,14,0,15 16,1,17,,1164456,35,0,15 16,1,53,,1164467,14,0,15 16,1,15,,1164475,14,0,15 16,1,15,,1164495,14,0,15 16,1,17,,1164451,35,0,15 16,1,54,,1164482,14,0,15 16,1,16,,1164502,35,0,15 16,1,14,,1164506,14,0,15 16,1,18,,1164480,35,0,15 16,1,52,,1164441,14,0,15 16,1,16,,1164509,35,0,15 16,1,14,,1164447,14,0,15 16,1,17,,1164470,35,0,15 16,1,53,,1164497,14,0,15 16,1,17,,1164469,35,0,15 16,1,13,,1164494,14,0,15 16,1,17,,1164501,35,0,15 16,1,53,,1164458,14,0,15 16,1,17,,1164488,35,0,15 16,1,13,,1164504,14,0,15 16,1,17,,1164443,35,0,15 16,1,55,,1164472,35,0,15 16,1,15,,1164465,35,0,15 16,1,15,,1164491,35,0,15 16,1,15,,1164500,35,0,15 16,1,53,,1164457,14,0,15 16,1,17,,1164479,35,0,15 16,1,13,,1164453,14,0,15 16,1,17,,1085788,35,0,15 16,1,53,,1164486,14,0,15 16,1,17,,1098468,35,0,15 16,1,13,,1164490,14,0,15 16,1,17,,1164492,35,0,15 16,1,53,,1164455,14,0,15 16,1,17,,1164476,35,0,15 16,1,15,,1164438,35,0,15 16,1,15,,1164473,35,0,15 16,1,55,,1164439,35,0,15 16,1,15,,1164452,35,0,15 16,1,13,,1164477,14,0,15 16,1,17,,1164499,35,0,15 16,1,50,,1164496,14,0,15 16,1,16,,1069471,35,0,15 16,1,13,,1164466,14,0,15 16,1,17,,1164437,35,0,15 16,1,13,,1164507,14,0,15 16,1,57,,995804,35,0,15 16,1,13,,1164481,14,0,15 16,1,17,,1044056,35,0,15 16,1,13,,1164511,14,0,15 16,1,57,,1088442,35,0,15 16,1,13,,1101292,14,0,15 16,1,17,,1164478,35,0,15 16,1,12,,1164471,14,0,15 16,1,58,,1164445,35,0,15 16,1,12,,1164454,14,0,15 16,1,17,,1164505,35,0,15 16,1,13,,1164461,14,0,15 16,1,57,,1164463,35,0,15 16,1,13,,1164462,14,0,15 16,1,17,,1164460,35,0,15 16,1,13,,1164450,14,0,15 16,1,57,,1164446,35,0,15 16,1,13,,1164468,14,0,15 16,1,15,,1164487,14,0,15 16,1,15,,1164440,14,0,15 16,1,55,,1097253,14,0,15 16,1,15,,1164464,14,0,15 16,1,26,,1164508,14,0,15 16,1,70,,1164498,14,0,15 16,1,29,,1164459,14,,,1,70,,1164510,14,,,1,30,,1164493,14,,,1,70,,1164442,14,,,1
7500,'3',351,,1164568,14,,,1,71,,1164512,14,,,1,30,,1164562,14,,,1,70,,1164571,14,,,1,30,,1164570,14,,,1,70,,1164549,14,,,1,30,,1164516,14,,,1,60,,1164522,14,,,1,27,,1164535,35,0,15 16,1,70,,1164574,14,0,15 16,1,30,,1164587,35,0,15 16,1,15,,1164548,14,0,15 16,1,55,,1164538,14,0,15 16,1,15,,1164529,14,0,15 16,1,15,,1164518,35,0,15 16,1,15,,1164531,14,0,15 16,1,55,,1164534,35,0,15 16,1,16,,1164528,14,0,15 16,1,15,,1164550,35,0,15 16,1,15,,1164526,14,0,15 16,1,55,,1164575,35,0,15 16,1,15,,1164563,14,0,15 16,1,15,,1164551,35,0,15 16,1,15,,1164569,14,0,15 16,1,55,,1164545,35,0,15 16,1,15,,1164540,14,0,15 16,1,15,,1164561,35,0,15 16,1,15,,1164527,14,0,15 16,1,55,,1164579,35,0,15 16,1,15,,1164566,14,0,15 16,1,15,,1164555,35,0,15 16,1,15,,1164584,14,0,15 16,1,55,,1164553,35,0,15 16,1,15,,1164520,14,0,15 16,1,15,,1164572,35,0,15 16,1,15,,1164533,14,0,15 16,1,55,,1164513,35,0,15 16,1,15,,1164514,14,0,15 16,1,15,,1164559,35,0,15 16,1,15,,1164532,14,0,15 16,1,55,,1164552,35,0,15 16,1,15,,1164541,14,0,15 16,1,15,,1164530,35,0,15 16,1,15,,1164560,14,0,15 16,1,53,,1164525,35,0,15 16,1,17,,1164519,14,0,15 16,1,15,,1164586,35,0,15 16,1,15,,1164556,14,0,15 16,1,55,,1164582,35,0,15 16,1,15,,1164573,14,0,15 16,1,15,,1164539,35,0,15 16,1,15,,1164577,14,0,15 16,1,55,,1164543,14,0,15 16,1,15,,1164544,14,0,15 16,1,15,,1164537,35,0,15 16,1,15,,1164564,14,0,15 16,1,55,,1164565,14,0,15 16,1,15,,1164547,14,0,15 16,1,15,,1164542,14,0,15 16,1,15,,1164546,14,0,15 16,1,55,,1164517,14,0,15 16,1,15,,1164554,14,0,15 16,1,15,,1164515,14,0,15 16,1,15,,1164524,14,0,15 16,1,55,,1164583,14,0,15 16,1,14,,1164557,14,0,15 16,1,15,,1164558,14,0,15 16,1,14,,1164521,14,,,1,70,,1164576,14,,,1,30,,1164536,14,,,1,70,,1164523,14,,,1,30,,1164578,14,,,1,70,,1164585,14,,,1,30,,1164567,14,,,1,70,,1164581,14,,,1,30,,1164580,14,,,1
7500,'4',351,,1164644,14,,,1,71,,1164626,14,,,1,30,,1164597,14,,,1,70,,1164615,14,,,1,30,,1164651,14,,,1,70,,1164622,14,,,1,30,,1164653,14,,,1,60,,1164621,14,,,1,27,,1164640,35,0,15 16,1,70,,1164619,14,0,15 16,1,30,,1164632,35,0,15 16,1,15,,1164604,14,0,15 16,1,55,,1164625,14,0,15 16,1,15,,1164647,14,0,15 16,1,15,,1164645,35,0,15 16,1,15,,1164612,14,0,15 16,1,55,,1164624,35,0,15 16,1,16,,1072293,14,0,15 16,1,15,,1164594,35,0,15 16,1,15,,1164637,14,0,15 16,1,55,,1090770,35,0,15 16,1,15,,1164649,14,0,15 16,1,15,,1164605,35,0,15 16,1,15,,1164639,14,0,15 16,1,55,,1164629,35,0,15 16,1,15,,1164607,14,0,15 16,1,15,,1164599,35,0,15 16,1,15,,1164641,14,0,15 16,1,55,,1164635,35,0,15 16,1,15,,1164634,14,0,15 16,1,15,,1164595,35,0,15 16,1,15,,1164601,14,0,15 16,1,55,,1164642,35,0,15 16,1,15,,1164602,14,0,15 16,1,15,,1164654,35,0,15 16,1,15,,1164643,14,0,15 16,1,55,,1010456,35,0,15 16,1,15,,1164638,14,0,15 16,1,15,,1164592,35,0,15 16,1,15,,1164610,14,0,15 16,1,55,,1164648,35,0,15 16,1,15,,1164616,14,0,15 16,1,15,,1164614,35,0,15 16,1,15,,1164596,14,0,15 16,1,53,,1164591,35,0,15 16,1,17,,1164603,14,0,15 16,1,15,,1062024,35,0,15 16,1,15,,1164606,14,0,15 16,1,55,,1164655,35,0,15 16,1,15,,1164611,14,0,15 16,1,15,,1164590,35,0,15 16,1,15,,1164609,14,0,15 16,1,55,,1164589,14,0,15 16,1,15,,1164613,14,0,15 16,1,15,,1164623,35,0,15 16,1,15,,972303,14,0,15 16,1,55,,1164620,14,0,15 16,1,15,,1164652,14,0,15 16,1,15,,1017779,14,0,15 16,1,15,,1164618,14,0,15 16,1,55,,1164646,14,0,15 16,1,15,,1164617,14,0,15 16,1,15,,1048333,14,0,15 16,1,15,,1164608,14,0,15 16,1,55,,1164593,14,0,15 16,1,14,,1164636,14,0,15 16,1,15,,1164650,14,0,15 16,1,14,,1164627,14,,,1,70,,1164598,14,,,1,30,,1164600,14,,,1,70,,1164633,14,,,1,30,,1164588,14,,,1,70,,1164631,14,,,1,30,,1164630,14,,,1,70,,1164628,14,,,1,30,,1079033,14,,,1
7500,'5',347,,1060861,14,,,1,66,,1089154,14,,,1,30,,1022243,14,0,15 16,1,75,,1164667,14,0,15 16,1,28,,1164658,14,0,15 16,1,54,,1164702,14,0,15 16,1,19,,1164665,35,0,15 16,1,14,,1164663,14,0,15 16,1,15,,1164670,35,0,15 16,1,56,,1164720,14,0,15 16,1,5,,1164659,14,0,15 16,1,5,,1164696,14,0,15 16,1,6,,1164697,35,0,15 16,1,10,,1164701,14,0,15 16,1,5,,1164656,35,0,15 16,1,7,,1164723,14,0,15 16,1,4,,1164657,14,0,15 16,1,9,,1164714,35,0,15 16,1,3,,1164722,14,0,15 16,1,43,,1164662,14,0,15 16,1,8,,1046946,14,0,15 16,1,10,,1069792,35,0,15 16,1,8,,1164669,14,0,15 16,1,5,,1164713,14,0,15 16,1,9,,1164705,35,0,15 16,1,62,,1164686,35,0,15 16,1,13,,1164684,35,0,15 16,1,15,,1164666,35,0,15 16,1,16,,1164664,35,0,15 16,1,55,,1164717,35,0,15 16,1,14,,1164695,35,0,15 16,1,15,,1164709,35,0,15 16,1,14,,1164726,35,0,15 16,1,55,,1164675,35,0,15 16,1,15,,1164730,35,0,15 16,1,15,,1164727,35,0,15 16,1,15,,1092853,35,0,15 16,1,55,,1164689,35,0,15 16,1,15,,1164685,35,0,15 16,1,15,,1164693,35,0,15 16,1,15,,1164708,35,0,15 16,1,55,,937079,35,0,15 16,1,15,,1078279,35,0,15 16,1,16,,1164680,14,0,15 16,1,14,,1164734,35,0,15 16,1,57,,1164704,14,0,15 16,1,14,,1164716,35,0,15 16,1,16,,1164711,14,0,15 16,1,15,,1164699,35,0,15 16,1,55,,1164671,14,0,15 16,1,15,,1164700,35,0,15 16,1,17,,1003287,14,0,15 16,1,16,,1164688,35,0,15 16,1,59,,1164698,14,0,15 16,1,18,,1164682,35,0,15 16,1,13,,1164677,14,0,15 16,1,14,,1164731,35,0,15 16,1,54,,1164710,14,0,15 16,1,14,,1164668,35,0,15 16,1,15,,1164673,14,0,15 16,1,16,,1079822,35,0,15 16,1,51,,1164687,14,0,15 16,1,13,,1164721,35,0,15 16,1,15,,1164732,14,0,15 16,1,13,,1164690,35,0,15 16,1,57,,1164706,14,0,15 16,1,15,,1164661,35,0,15 16,1,17,,1164729,14,0,15 16,1,17,,1164692,35,0,15 16,1,57,,1164679,14,0,15 16,1,15,,1164683,35,0,15 16,1,19,,1164691,14,0,15 16,1,12,,1164672,35,0,15 16,1,56,,1164676,14,0,15 16,1,17,,1164719,35,0,15 16,1,14,,1164678,14,0,15 16,1,13,,1164703,35,0,15 16,1,55,,1164712,14,0,15 16,1,17,,977997,35,0,15 16,1,12,,1164715,14,0,15 16,1,18,,1164733,35,0,15 16,1,52,,1092800,14,0,15 16,1,14,,1164725,35,0,15 16,1,21,,1164728,14,0,15 16,1,70,,1164724,14,0,15 16,1,29,,1164694,14,,,1,69,,1164681,14,,,1,29,,1003557,14,,,1,69,,1164674,14,,,1,30,,1164718,14,,,1,80,,1164707,14,,,1
7500,'6',347,,1164746,14,,,1,66,,1164743,14,,,1,30,,1164745,14,0,15 16,1,75,,1083970,14,0,15 16,1,28,,1164801,14,0,15 16,1,54,,1164805,14,0,15 16,1,19,,1164802,35,0,15 16,1,14,,1164799,14,0,15 16,1,15,,1164779,35,0,15 16,1,56,,1079282,14,0,15 16,1,5,,1063257,14,0,15 16,1,5,,1164759,14,0,15 16,1,6,,1164790,35,0,15 16,1,10,,1164749,14,0,15 16,1,5,,1164751,35,0,15 16,1,7,,1164769,14,0,15 16,1,4,,1164784,14,0,15 16,1,9,,1164767,35,0,15 16,1,3,,1164739,14,0,15 16,1,43,,1164811,14,0,15 16,1,8,,1164780,14,0,15 16,1,10,,1164792,35,0,15 16,1,8,,1164803,14,0,15 16,1,5,,1164760,14,0,15 16,1,9,,1164791,35,0,15 16,1,62,,1164778,35,0,15 16,1,13,,1099132,35,0,15 16,1,15,,1081781,35,0,15 16,1,16,,1024322,35,0,15 16,1,55,,1164748,35,0,15 16,1,14,,1164810,35,0,15 16,1,15,,1164789,35,0,15 16,1,14,,1164756,35,0,15 16,1,55,,1164762,35,0,15 16,1,15,,1093017,35,0,15 16,1,15,,1005081,35,0,15 16,1,15,,1164761,35,0,15 16,1,55,,1103112,35,0,15 16,1,15,,1164793,35,0,15 16,1,15,,1164742,35,0,15 16,1,15,,1164765,35,0,15 16,1,55,,1164809,35,0,15 16,1,15,,1164804,35,0,15 16,1,16,,1061388,14,0,15 16,1,14,,1164808,35,0,15 16,1,57,,1164768,14,0,15 16,1,14,,1164752,35,0,15 16,1,16,,1164807,14,0,15 16,1,15,,1164753,35,0,15 16,1,55,,994968,14,0,15 16,1,15,,1164774,35,0,15 16,1,17,,1164775,14,0,15 16,1,16,,1164737,35,0,15 16,1,59,,1164795,14,0,15 16,1,18,,1164782,35,0,15 16,1,13,,1164757,14,0,15 16,1,14,,1164754,35,0,15 16,1,54,,1164758,14,0,15 16,1,14,,1005482,35,0,15 16,1,15,,1164800,14,0,15 16,1,16,,1164798,35,0,15 16,1,51,,1164786,14,0,15 16,1,13,,1164772,35,0,15 16,1,15,,1164771,14,0,15 16,1,13,,1164763,35,0,15 16,1,57,,1164740,14,0,15 16,1,15,,1164783,35,0,15 16,1,17,,1164806,14,0,15 16,1,17,,1164766,35,0,15 16,1,57,,1164785,14,0,15 16,1,15,,1164747,35,0,15 16,1,19,,1164750,14,0,15 16,1,12,,1164735,35,0,15 16,1,56,,1164776,14,0,15 16,1,17,,925880,35,0,15 16,1,14,,1164781,14,0,15 16,1,13,,1164797,35,0,15 16,1,55,,1164770,14,0,15 16,1,17,,1164794,35,0,15 16,1,12,,1009642,14,0,15 16,1,18,,1164787,35,0,15 16,1,52,,1164773,14,0,15 16,1,14,,1164738,35,0,15 16,1,21,,1164777,14,0,15 16,1,70,,1164755,14,0,15 16,1,29,,1164741,14,,,1,69,,1164796,14,,,1,29,,1164736,14,,,1,69,,1064754,14,,,1,30,,1164764,14,,,1,80,,1164744,14,,,1
7500,'7',345,,1164850,14,,,1,70,,1164886,14,,,1,30,,1164877,14,,,1,70,,1164864,14,,,1,33,,1164862,14,0,15 16,1,68,,1164842,14,0,15 16,1,20,,1164869,14,0,15 16,1,20,,1164852,14,0,15 16,1,58,,1164815,14,0,15 16,1,18,,1164892,14,0,15 16,1,17,,1164820,35,0,15 16,1,53,,1164868,14,0,15 16,1,15,,1164867,14,0,15 16,1,15,,1164857,14,0,15 16,1,17,,1164858,35,0,15 16,1,54,,1164893,14,0,15 16,1,16,,1164883,35,0,15 16,1,14,,1164849,14,0,15 16,1,18,,1164887,35,0,15 16,1,52,,1164855,14,0,15 16,1,16,,1164879,35,0,15 16,1,14,,1164837,14,0,15 16,1,17,,1164882,35,0,15 16,1,53,,1164826,14,0,15 16,1,17,,1164871,35,0,15 16,1,13,,1164843,14,0,15 16,1,17,,1164832,35,0,15 16,1,53,,1164881,14,0,15 16,1,17,,1164876,35,0,15 16,1,13,,1164848,14,0,15 16,1,17,,1164836,35,0,15 16,1,55,,1164816,35,0,15 16,1,15,,1164853,35,0,15 16,1,15,,1164856,35,0,15 16,1,15,,1164812,35,0,15 16,1,53,,1164825,14,0,15 16,1,17,,1164851,35,0,15 16,1,13,,1164891,14,0,15 16,1,17,,1164830,35,0,15 16,1,53,,1164839,14,0,15 16,1,17,,1164824,35,0,15 16,1,13,,1164866,14,0,15 16,1,17,,1164838,35,0,15 16,1,53,,1164884,14,0,15 16,1,17,,1164872,35,0,15 16,1,15,,1164828,35,0,15 16,1,15,,1164846,35,0,15 16,1,55,,1164890,35,0,15 16,1,15,,1164819,35,0,15 16,1,13,,1164873,14,0,15 16,1,17,,1164817,35,0,15 16,1,50,,1164841,14,0,15 16,1,16,,1164875,35,0,15 16,1,13,,1164823,14,0,15 16,1,17,,1164834,35,0,15 16,1,13,,1164822,14,0,15 16,1,57,,1164829,35,0,15 16,1,13,,1164814,14,0,15 16,1,17,,1164861,35,0,15 16,1,13,,1164878,14,0,15 16,1,57,,1164845,35,0,15 16,1,13,,1164835,14,0,15 16,1,17,,1164859,35,0,15 16,1,12,,1164813,14,0,15 16,1,58,,1164831,35,0,15 16,1,12,,1164863,14,0,15 16,1,17,,1164844,35,0,15 16,1,13,,1164885,14,0,15 16,1,57,,1164870,35,0,15 16,1,13,,1164894,14,0,15 16,1,17,,1164818,35,0,15 16,1,13,,1164833,14,0,15 16,1,57,,1164874,35,0,15 16,1,13,,1164865,14,0,15 16,1,15,,1164854,14,0,15 16,1,15,,1164880,14,0,15 16,1,55,,1164860,14,0,15 16,1,15,,1164821,14,0,15 16,1,26,,1164889,14,0,15 16,1,70,,1164827,14,0,15 16,1,29,,1164888,14,,,1,70,,1164840,14,,,1,30,,1164847,14,,,1,70,,1164895,14,,,1
7500,'8',347,,1164913,14,,,1,66,,1164910,14,,,1,30,,1164912,14,0,15 16,1,75,,1164976,14,0,15 16,1,28,,1164968,14,0,15 16,1,54,,1164975,14,0,15 16,1,19,,1164969,35,0,15 16,1,14,,1164966,14,0,15 16,1,15,,1164946,35,0,15 16,1,56,,1164977,14,0,15 16,1,5,,1164903,14,0,15 16,1,5,,1164926,14,0,15 16,1,6,,1164957,35,0,15 16,1,10,,1164916,14,0,15 16,1,5,,1164918,35,0,15 16,1,7,,1164936,14,0,15 16,1,4,,1164951,14,0,15 16,1,9,,1164934,35,0,15 16,1,3,,1164902,14,0,15 16,1,43,,1164987,14,0,15 16,1,8,,1164947,14,0,15 16,1,10,,1164959,35,0,15 16,1,8,,1164970,14,0,15 16,1,5,,1164927,14,0,15 16,1,9,,1164958,35,0,15 16,1,62,,1164945,35,0,15 16,1,13,,1164973,35,0,15 16,1,15,,1164986,35,0,15 16,1,16,,1164978,35,0,15 16,1,55,,1164915,35,0,15 16,1,14,,1164984,35,0,15 16,1,15,,1164956,35,0,15 16,1,14,,1164923,35,0,15 16,1,55,,1164929,35,0,15 16,1,15,,1164897,35,0,15 16,1,15,,1164901,35,0,15 16,1,15,,1164928,35,0,15 16,1,55,,1164985,35,0,15 16,1,15,,1164960,35,0,15 16,1,15,,1164909,35,0,15 16,1,15,,1164932,35,0,15 16,1,55,,1164983,35,0,15 16,1,15,,1164974,35,0,15 16,1,16,,1164904,14,0,15 16,1,14,,1164981,35,0,15 16,1,57,,1164935,14,0,15 16,1,14,,1164919,35,0,15 16,1,16,,1164980,14,0,15 16,1,15,,1164920,35,0,15 16,1,55,,1164906,14,0,15 16,1,15,,1164941,35,0,15 16,1,17,,1164942,14,0,15 16,1,16,,1164899,35,0,15 16,1,59,,1164962,14,0,15 16,1,18,,1164949,35,0,15 16,1,13,,1164924,14,0,15 16,1,14,,1164921,35,0,15 16,1,54,,1164925,14,0,15 16,1,14,,1164982,35,0,15 16,1,15,,1164967,14,0,15 16,1,16,,1164965,35,0,15 16,1,51,,1164953,14,0,15 16,1,13,,1164939,35,0,15 16,1,15,,1164938,14,0,15 16,1,13,,1164930,35,0,15 16,1,57,,1164907,14,0,15 16,1,15,,1164950,35,0,15 16,1,17,,1164979,14,0,15 16,1,17,,1164933,35,0,15 16,1,57,,1164952,14,0,15 16,1,15,,1164914,35,0,15 16,1,19,,1164917,14,0,15 16,1,12,,1164896,35,0,15 16,1,56,,1164943,14,0,15 16,1,17,,1164971,35,0,15 16,1,14,,1164948,14,0,15 16,1,13,,1164964,35,0,15 16,1,55,,1164937,14,0,15 16,1,17,,1164961,35,0,15 16,1,12,,1164972,14,0,15 16,1,18,,1164954,35,0,15 16,1,52,,1164940,14,0,15 16,1,14,,1164900,35,0,15 16,1,21,,1164944,14,0,15 16,1,70,,1164922,14,0,15 16,1,29,,1164908,14,,,1,69,,1164963,14,,,1,29,,1164898,14,,,1,69,,1164905,14,,,1,30,,1164931,14,,,1,80,,1164911,14,,,1
7500,'9',347,,1060871,14,,,1,66,,1089060,14,,,1,30,,1022485,14,0,15 16,1,75,,1164999,14,0,15 16,1,28,,1164990,14,0,15 16,1,54,,1165034,14,0,15 16,1,19,,1164997,35,0,15 16,1,14,,1164995,14,0,15 16,1,15,,1165002,35,0,15 16,1,56,,1165052,14,0,15 16,1,5,,1164991,14,0,15 16,1,5,,1165028,14,0,15 16,1,6,,1165029,35,0,15 16,1,10,,1165033,14,0,15 16,1,5,,1164988,35,0,15 16,1,7,,1165055,14,0,15 16,1,4,,1164989,14,0,15 16,1,9,,1165046,35,0,15 16,1,3,,1165054,14,0,15 16,1,43,,1164994,14,0,15 16,1,8,,1047302,14,0,15 16,1,10,,1069716,35,0,15 16,1,8,,1165001,14,0,15 16,1,5,,1165045,14,0,15 16,1,9,,1165037,35,0,15 16,1,62,,1165018,35,0,15 16,1,13,,1165016,35,0,15 16,1,15,,1164998,35,0,15 16,1,16,,1164996,35,0,15 16,1,55,,1165049,35,0,15 16,1,14,,1165027,35,0,15 16,1,15,,1165041,35,0,15 16,1,14,,1165058,35,0,15 16,1,55,,1165007,35,0,15 16,1,15,,1165062,35,0,15 16,1,15,,1165059,35,0,15 16,1,15,,1092700,35,0,15 16,1,55,,1165021,35,0,15 16,1,15,,1165017,35,0,15 16,1,15,,1165025,35,0,15 16,1,15,,1165040,35,0,15 16,1,55,,937026,35,0,15 16,1,15,,1078175,35,0,15 16,1,16,,1165012,14,0,15 16,1,14,,1165066,35,0,15 16,1,57,,1165036,14,0,15 16,1,14,,1165048,35,0,15 16,1,16,,1165043,14,0,15 16,1,15,,1165031,35,0,15 16,1,55,,1165003,14,0,15 16,1,15,,1165032,35,0,15 16,1,17,,1003408,14,0,15 16,1,16,,1165020,35,0,15 16,1,59,,1165030,14,0,15 16,1,18,,1165014,35,0,15 16,1,13,,1165009,14,0,15 16,1,14,,1165063,35,0,15 16,1,54,,1165042,14,0,15 16,1,14,,1165000,35,0,15 16,1,15,,1165005,14,0,15 16,1,16,,1079733,35,0,15 16,1,51,,1165019,14,0,15 16,1,13,,1165053,35,0,15 16,1,15,,1165064,14,0,15 16,1,13,,1165022,35,0,15 16,1,57,,1165038,14,0,15 16,1,15,,1164993,35,0,15 16,1,17,,1165061,14,0,15 16,1,17,,1165024,35,0,15 16,1,57,,1165011,14,0,15 16,1,15,,1165015,35,0,15 16,1,19,,1165023,14,0,15 16,1,12,,1165004,35,0,15 16,1,56,,1165008,14,0,15 16,1,17,,1165051,35,0,15 16,1,14,,1165010,14,0,15 16,1,13,,1165035,35,0,15 16,1,55,,1165044,14,0,15 16,1,17,,977956,35,0,15 16,1,12,,1165047,14,0,15 16,1,18,,1165065,35,0,15 16,1,52,,1092647,14,0,15 16,1,14,,1165057,35,0,15 16,1,21,,1165060,14,0,15 16,1,70,,1165056,14,0,15 16,1,29,,1165026,14,,,1,69,,1165013,14,,,1,29,,1003874,14,,,1,69,,1165006,14,,,1,30,,1165050,14,,,1,80,,1165039,14,,,1
7501,'1',336,,1165133,21,0,64 139,1,70,,1070600,21,0,64 139,1,32,,1093387,21,0,64 139,1,65,,1165090,21,,,1,41,,1165123,7,,,1,69,,1165109,7,,,1,12,,1165100,7,0,64 139,1,12,,1165131,7,,,1,22,,1165072,7,0,64 139,1,54,,1097833,7,,,1,15,,1165138,7,0,64 139,1,16,,1165099,7,,,1,57,,1165078,7,0,64 139,1,16,,1165139,7,,,1,12,,1059903,7,0,64 139,1,15,,1165083,7,,,1,56,,1165125,7,0,64 139,1,14,,1165085,7,,,1,13,,1077005,7,,,1,15,,1165103,7,,,1,15,,1165121,7,,,1,55,,1165081,7,,,1,15,,1102319,7,,,1,15,,1165112,7,,,1,15,,1165098,7,,,1,55,,1165075,7,,,1,15,,1165119,7,,,1,15,,1165127,7,,,1,15,,1165140,7,,,1,55,,1165143,7,,,1,15,,1165080,7,0,64 139,1,15,,1165093,7,,,1,15,,1165124,7,0,64 139,1,55,,1165068,7,,,1,15,,1165073,7,0,64 139,1,15,,1165137,7,,,1,16,,1165128,7,0,64 139,1,55,,1165074,7,,,1,14,,1165104,7,,,1,16,,1165129,7,,,1,15,,1165071,7,,,1,54,,1165142,7,,,1,10,,1165144,7,0,64 139,1,10,,1165146,7,,,1,8,,1165132,7,0,64 139,1,8,,1165110,7,,,1,7,,1165147,7,0,64 139,1,4,,1165082,20,0,64 139,1,44,,1057002,7,,,1,9,,1165076,7,0,64 139,1,7,,971935,7,,,1,6,,1165088,7,0,64 139,1,4,,1165108,20,0,64 139,1,5,,1165130,7,,,1,8,,1165089,7,,,1,8,,1165115,7,0,64 139,1,6,,1165105,7,,,1,48,,1165079,7,0,64 139,1,7,,1165111,7,,,1,8,,1165102,7,0,64 139,1,6,,1165113,7,,,1,9,,1165126,7,0,64 139,1,7,,1165084,7,,,1,8,,1165092,7,0,64 139,1,5,,1073030,7,,,1,50,,1165094,7,0,64 139,1,5,,1165116,7,,,1,9,,1063131,7,,,1,5,,1165096,7,0,64 139,1,10,,1165136,7,,,1,5,,1165117,7,0,64 139,1,10,,1165069,7,,,1,55,,1085031,7,,,1,15,,1165141,7,0,64 139,1,14,,1165145,7,,,1,14,,1165106,7,0,64 139,1,56,,1098871,7,,,1,15,,1165118,7,0,64 139,1,16,,1165120,7,,,1,14,,1165086,7,0,64 139,1,56,,1165095,7,,,1,14,,1165122,7,0,64 139,1,16,,1165077,7,,,1,14,,1165134,7,0,64 139,1,56,,1165107,7,,,1,39,,1165114,7,,,1,71,,1165087,7,,,1,25,,1165067,7,0,64 139,1,70,,1165097,7,0,64 139,1,32,,1165091,7,0,64 139,1,75,,1032130,7,0,64 139,1,27,,1165101,7,0,64 139,1,72,,1100412,21,0,64 139,1,28,,1165135,21,0,64 139,1,70,,1165148,21,0,64 139,1
7501,'10',336,,1165215,21,0,64 139,1,70,,1070414,21,0,64 139,1,32,,1093071,21,0,64 139,1,65,,1165172,21,,,1,41,,1165205,7,,,1,69,,1165191,7,,,1,12,,1165182,7,0,64 139,1,12,,1165213,7,,,1,22,,1165154,7,0,64 139,1,54,,1097609,7,,,1,15,,1165220,7,0,64 139,1,16,,1165181,7,,,1,57,,1165160,7,0,64 139,1,16,,1165221,7,,,1,12,,1059906,7,0,64 139,1,15,,1165165,7,,,1,56,,1165207,7,0,64 139,1,14,,1165167,7,,,1,13,,1076781,7,,,1,15,,1165185,7,,,1,15,,1165203,7,,,1,55,,1165163,7,,,1,15,,1102313,7,,,1,15,,1165194,7,,,1,15,,1165180,7,,,1,55,,1165157,7,,,1,15,,1165201,7,,,1,15,,1165209,7,,,1,15,,1165222,7,,,1,55,,1165225,7,,,1,15,,1165162,7,0,64 139,1,15,,1165175,7,,,1,15,,1165206,7,0,64 139,1,55,,1165150,7,,,1,15,,1165155,7,0,64 139,1,15,,1165219,7,,,1,16,,1165210,7,0,64 139,1,55,,1165156,7,,,1,14,,1165186,7,,,1,16,,1165211,7,,,1,15,,1165153,7,,,1,54,,1165224,7,,,1,10,,1165226,7,0,64 139,1,10,,1165228,7,,,1,8,,1165214,7,0,64 139,1,8,,1165192,7,,,1,7,,1165229,7,0,64 139,1,4,,1165164,20,0,64 139,1,44,,1057098,7,,,1,9,,1165158,7,0,64 139,1,7,,971452,7,,,1,6,,1165170,7,0,64 139,1,4,,1165190,20,0,64 139,1,5,,1165212,7,,,1,8,,1165171,7,,,1,8,,1165197,7,0,64 139,1,6,,1165187,7,,,1,48,,1165161,7,0,64 139,1,7,,1165193,7,,,1,8,,1165184,7,0,64 139,1,6,,1165195,7,,,1,9,,1165208,7,0,64 139,1,7,,1165166,7,,,1,8,,1165174,7,0,64 139,1,5,,1072911,7,,,1,50,,1165176,7,0,64 139,1,5,,1165198,7,,,1,9,,1062789,7,,,1,5,,1165178,7,0,64 139,1,10,,1165218,7,,,1,5,,1165199,7,0,64 139,1,10,,1165151,7,,,1,55,,1084906,7,,,1,15,,1165223,7,0,64 139,1,14,,1165227,7,,,1,14,,1165188,7,0,64 139,1,56,,1098780,7,,,1,15,,1165200,7,0,64 139,1,16,,1165202,7,,,1,14,,1165168,7,0,64 139,1,56,,1165177,7,,,1,14,,1165204,7,0,64 139,1,16,,1165159,7,,,1,14,,1165216,7,0,64 139,1,56,,1165189,7,,,1,39,,1165196,7,,,1,71,,1165169,7,,,1,25,,1165149,7,0,64 139,1,70,,1165179,7,0,64 139,1,32,,1165173,7,0,64 139,1,75,,1032309,7,0,64 139,1,27,,1165183,7,0,64 139,1,72,,1100327,21,0,64 139,1,28,,1165217,21,0,64 139,1,70,,1165230,21,0,64 139,1
7501,'11',336,,1165297,21,0,64 139,1,70,,1070654,21,0,64 139,1,32,,1093478,21,0,64 139,1,65,,1165254,21,,,1,41,,1165287,7,,,1,69,,1165273,7,,,1,12,,1165264,7,0,64 139,1,12,,1165295,7,,,1,22,,1165236,7,0,64 139,1,54,,1097901,7,,,1,15,,1165302,7,0,64 139,1,16,,1165263,7,,,1,57,,1165242,7,0,64 139,1,16,,1165303,7,,,1,12,,1059902,7,0,64 139,1,15,,1165247,7,,,1,56,,1165289,7,0,64 139,1,14,,1165249,7,,,1,13,,1077071,7,,,1,15,,1165267,7,,,1,15,,1165285,7,,,1,55,,1165245,7,,,1,15,,1102321,7,,,1,15,,1165276,7,,,1,15,,1165262,7,,,1,55,,1165239,7,,,1,15,,1165283,7,,,1,15,,1165291,7,,,1,15,,1165304,7,,,1,55,,1165307,7,,,1,15,,1165244,7,0,64 139,1,15,,1165257,7,,,1,15,,1165288,7,0,64 139,1,55,,1165232,7,,,1,15,,1165237,7,0,64 139,1,15,,1165301,7,,,1,16,,1165292,7,0,64 139,1,55,,1165238,7,,,1,14,,1165268,7,,,1,16,,1165293,7,,,1,15,,1165235,7,,,1,54,,1165306,7,,,1,10,,1165308,7,0,64 139,1,10,,1165310,7,,,1,8,,1165296,7,0,64 139,1,8,,1165274,7,,,1,7,,1165311,7,0,64 139,1,4,,1165246,20,0,64 139,1,44,,1056972,7,,,1,9,,1165240,7,0,64 139,1,7,,971865,7,,,1,6,,1165252,7,0,64 139,1,4,,1165272,20,0,64 139,1,5,,1165294,7,,,1,8,,1165253,7,,,1,8,,1165279,7,0,64 139,1,6,,1165269,7,,,1,48,,1165243,7,0,64 139,1,7,,1165275,7,,,1,8,,1165266,7,0,64 139,1,6,,1165277,7,,,1,9,,1165290,7,0,64 139,1,7,,1165248,7,,,1,8,,1165256,7,0,64 139,1,5,,1073068,7,,,1,50,,1165258,7,0,64 139,1,5,,1165280,7,,,1,9,,1063232,7,,,1,5,,1165260,7,0,64 139,1,10,,1165300,7,,,1,5,,1165281,7,0,64 139,1,10,,1165233,7,,,1,55,,1085065,7,,,1,15,,1165305,7,0,64 139,1,14,,1165309,7,,,1,14,,1165270,7,0,64 139,1,56,,1098899,7,,,1,15,,1165282,7,0,64 139,1,16,,1165284,7,,,1,14,,1165250,7,0,64 139,1,56,,1165259,7,,,1,14,,1165286,7,0,64 139,1,16,,1165241,7,,,1,14,,1165298,7,0,64 139,1,56,,1165271,7,,,1,39,,1165278,7,,,1,71,,1165251,7,,,1,25,,1165231,7,0,64 139,1,70,,1165261,7,0,64 139,1,32,,1165255,7,0,64 139,1,75,,1032076,7,0,64 139,1,27,,1165265,7,0,64 139,1,72,,1100436,21,0,64 139,1,28,,1165299,21,0,64 139,1,70,,1165312,21,0,64 139,1
7501,'12',336,,1165380,21,0,64 139,1,70,,1165377,21,0,64 139,1,32,,1165364,21,0,64 139,1,65,,1165383,21,,,1,41,,1165313,7,,,1,69,,1165315,7,,,1,12,,1165359,7,0,64 139,1,12,,1165370,7,,,1,22,,1165337,7,0,64 139,1,54,,1165345,7,,,1,15,,1165339,7,0,64 139,1,16,,1165334,7,,,1,57,,1165323,7,0,64 139,1,16,,1165329,7,,,1,12,,1165368,7,0,64 139,1,15,,1165357,7,,,1,56,,1165395,7,0,64 139,1,14,,1165388,7,,,1,13,,1165381,7,,,1,15,,1165351,7,,,1,15,,1165397,7,,,1,55,,1165367,7,,,1,15,,1165327,7,,,1,15,,1165330,7,,,1,15,,1165353,7,,,1,55,,1165392,7,,,1,15,,1165355,7,,,1,15,,1165340,7,,,1,15,,1165361,7,,,1,55,,1165331,7,,,1,15,,1021424,7,0,64 139,1,15,,1165400,7,,,1,15,,1165333,7,0,64 139,1,55,,1165358,7,,,1,15,,1165396,7,0,64 139,1,15,,967388,7,,,1,16,,1165346,7,0,64 139,1,55,,1165335,7,,,1,14,,1004583,7,,,1,16,,1165321,7,,,1,15,,1165320,7,,,1,54,,1165336,7,,,1,10,,1165384,7,0,64 139,1,10,,1165369,7,,,1,8,,1165326,7,0,64 139,1,8,,1165387,7,,,1,7,,1165362,7,0,64 139,1,4,,1165332,20,0,64 139,1,44,,1165374,7,,,1,9,,1049461,7,0,64 139,1,7,,1165349,7,,,1,6,,1165348,7,0,64 139,1,4,,1165347,20,0,64 139,1,5,,1165319,7,,,1,8,,1165325,7,,,1,8,,1165376,7,0,64 139,1,6,,1165366,7,,,1,48,,1165372,7,0,64 139,1,7,,1165363,7,,,1,8,,1165390,7,0,64 139,1,6,,1165393,7,,,1,9,,1165341,7,0,64 139,1,7,,1165391,7,,,1,8,,1165385,7,0,64 139,1,5,,1165375,7,,,1,50,,1102714,7,0,64 139,1,5,,1165314,7,,,1,9,,1165401,7,,,1,5,,1165398,7,0,64 139,1,10,,1165354,7,,,1,5,,1165386,7,0,64 139,1,10,,1165350,7,,,1,55,,1165356,7,,,1,15,,1165373,7,0,64 139,1,14,,1165317,7,,,1,14,,1165342,7,0,64 139,1,56,,1165343,7,,,1,15,,1165316,7,0,64 139,1,16,,1165322,7,,,1,14,,989477,7,0,64 139,1,56,,1165379,7,,,1,14,,1165360,7,0,64 139,1,16,,1165389,7,,,1,14,,1165344,7,0,64 139,1,56,,1165338,7,,,1,39,,1165328,7,,,1,71,,1165371,7,,,1,25,,1165394,7,0,64 139,1,70,,1165378,7,0,64 139,1,32,,1165352,7,0,64 139,1,75,,1165365,7,0,64 139,1,27,,1165324,7,0,64 139,1,72,,1165399,21,0,64 139,1,28,,1044545,21,0,64 139,1,70,,1165318,21,0,64 139,1
7501,'13',348,,1165425,21,0,64 139,1,70,,1165403,21,0,64 139,1,30,,1165466,21,0,64 139,1,70,,1165465,21,0,64 139,1,30,,1165433,21,0,64 139,1,70,,1165469,21,0,64 139,1,25,,1165410,21,,,1,75,,1071863,21,0,64 139,1,30,,1165411,21,,,1,70,,1165463,21,0,64 139,1,15,,1165448,21,0,64 139,1,16,,1165473,7,,,1,55,,1165413,7,0,64 139,1,15,,1165439,7,,,1,15,,1165436,7,0,64 139,1,15,,1165437,7,,,1,55,,1165450,7,0,64 139,1,15,,1165447,7,,,1,15,,1165412,7,0,64 139,1,15,,1165426,7,,,1,55,,1165471,7,0,64 139,1,15,,1165417,7,,,1,15,,1165443,7,0,64 139,1,15,,1165449,7,,,1,55,,1165451,7,0,64 139,1,15,,1165456,7,,,1,15,,1165434,7,0,64 139,1,15,,1165428,7,,,1,55,,1165472,7,0,64 139,1,15,,1165470,7,,,1,15,,1165468,7,0,64 139,1,15,,1165405,7,,,1,55,,1165423,7,0,64 139,1,15,,1165402,7,,,1,15,,1165454,7,0,64 139,1,15,,1165430,7,,,1,55,,1165431,7,0,64 139,1,15,,1165444,7,,,1,15,,1165442,7,0,64 139,1,15,,1165453,7,,,1,55,,1165420,7,0,64 139,1,15,,1165427,7,,,1,15,,1165441,7,0,64 139,1,15,,1165452,7,,,1,55,,1165414,7,0,64 139,1,15,,1165460,7,,,1,15,,1165438,7,0,64 139,1,15,,1165446,7,,,1,55,,1165419,7,0,64 139,1,15,,1074789,7,,,1,15,,1165432,7,0,64 139,1,15,,1165407,7,,,1,55,,1165415,7,0,64 139,1,15,,1165435,7,0,64 139,1,14,,1165455,7,0,64 139,1,16,,1165421,7,0,64 139,1,55,,1087464,7,0,64 139,1,15,,1165461,7,0,64 139,1,15,,1165424,7,0,64 139,1,15,,1062916,7,0,64 139,1,55,,1165404,7,0,64 139,1,15,,1165409,7,0,64 139,1,15,,1165440,7,0,64 139,1,15,,1165458,7,0,64 139,1,55,,1165445,7,0,64 139,1,20,,1165416,7,0,64 139,1,25,,1165464,7,0,64 139,1,70,,1165422,7,0,64 139,1,30,,1165457,7,0,64 139,1,70,,1165462,21,0,64 139,1,30,,1165429,21,0,64 139,1,70,,1165408,21,0,64 139,1,30,,1165418,21,0,64 139,1,70,,1165459,21,0,64 139,1,30,,1165467,21,0,64 139,1,70,,1165406,21,0,64 139,1
7501,'14',336,,1165550,21,0,64 139,1,70,,1165500,21,0,64 139,1,32,,1165485,21,0,64 139,1,65,,1165505,21,,,1,41,,1165540,7,,,1,69,,1165525,7,,,1,12,,1165516,7,0,64 139,1,12,,1165548,7,,,1,22,,1165479,7,0,64 139,1,54,,1165489,7,,,1,15,,1165555,7,0,64 139,1,16,,1165515,7,,,1,57,,1165488,7,0,64 139,1,16,,1165556,7,,,1,12,,1165484,7,0,64 139,1,15,,1165495,7,,,1,56,,1165542,7,0,64 139,1,14,,1165498,7,,,1,13,,1165499,7,,,1,15,,1165519,7,,,1,15,,1165538,7,,,1,55,,1165492,7,,,1,15,,1165568,7,,,1,15,,1165528,7,,,1,15,,1165514,7,,,1,55,,1165482,7,,,1,15,,1165536,7,,,1,15,,1165544,7,,,1,15,,1165557,7,,,1,55,,1165561,7,,,1,15,,1165491,7,0,64 139,1,15,,1165508,7,,,1,15,,1165541,7,0,64 139,1,55,,1165475,7,,,1,15,,1165480,7,0,64 139,1,15,,1165554,7,,,1,16,,1165545,7,0,64 139,1,55,,1165481,7,,,1,14,,1165520,7,,,1,16,,1165546,7,,,1,15,,1165478,7,,,1,54,,1165559,7,,,1,10,,1165563,7,0,64 139,1,10,,1165566,7,,,1,8,,1165549,7,0,64 139,1,8,,1165526,7,,,1,7,,1165567,7,0,64 139,1,4,,1165494,20,0,64 139,1,44,,1165493,7,,,1,9,,1165483,7,0,64 139,1,7,,1165562,7,,,1,6,,1165503,7,0,64 139,1,4,,1165524,20,0,64 139,1,5,,1165547,7,,,1,8,,1165504,7,,,1,8,,1165531,7,0,64 139,1,6,,1165521,7,,,1,48,,1165490,7,0,64 139,1,7,,1165527,7,,,1,8,,1165518,7,0,64 139,1,6,,1165529,7,,,1,9,,1165543,7,0,64 139,1,7,,1165496,7,,,1,8,,1165507,7,0,64 139,1,5,,1165511,7,,,1,50,,1165509,7,0,64 139,1,5,,1165533,7,,,1,9,,1165565,7,,,1,5,,1165512,7,0,64 139,1,10,,1165553,7,,,1,5,,1165534,7,0,64 139,1,10,,1165476,7,,,1,55,,1165532,7,,,1,15,,1165558,7,0,64 139,1,14,,1165564,7,,,1,14,,1165522,7,0,64 139,1,56,,1165497,7,,,1,15,,1165535,7,0,64 139,1,16,,1165537,7,,,1,14,,1165501,7,0,64 139,1,56,,1165510,7,,,1,14,,1165539,7,0,64 139,1,16,,1165486,7,,,1,14,,1165551,7,0,64 139,1,56,,1165523,7,,,1,39,,1165530,7,,,1,71,,1165502,7,,,1,25,,1165474,7,0,64 139,1,70,,1165513,7,0,64 139,1,32,,1165506,7,0,64 139,1,75,,1165560,7,0,64 139,1,27,,1165517,7,0,64 139,1,72,,1165487,21,0,64 139,1,28,,1165552,21,0,64 139,1,70,,1165569,21,0,64 139,1
7501,'15',336,,1165642,21,0,64 139,1,70,,1165588,21,0,64 139,1,32,,1165662,21,0,64 139,1,65,,1165598,21,,,1,41,,1165637,7,,,1,69,,1165630,7,,,1,12,,1165609,7,0,64 139,1,12,,1165634,7,,,1,22,,1165607,7,0,64 139,1,54,,1165620,7,,,1,15,,1165635,7,0,64 139,1,16,,1165603,7,,,1,57,,1165664,7,0,64 139,1,16,,1165593,7,,,1,12,,1165582,7,0,64 139,1,15,,1165590,7,,,1,56,,1165643,7,0,64 139,1,14,,1165621,7,,,1,13,,1165615,7,,,1,15,,1165574,7,,,1,15,,1165665,7,,,1,55,,1165570,7,,,1,15,,1165654,7,,,1,15,,1165577,7,,,1,15,,1165636,7,,,1,55,,1165656,7,,,1,15,,1165586,7,,,1,15,,1165633,7,,,1,15,,1165608,7,,,1,55,,1165644,7,,,1,15,,1165660,7,0,64 139,1,15,,1165623,7,,,1,15,,1165624,7,0,64 139,1,55,,1165657,7,,,1,15,,1165580,7,0,64 139,1,15,,1165612,7,,,1,16,,1165616,7,0,64 139,1,55,,1165587,7,,,1,14,,1165572,7,,,1,16,,1165639,7,,,1,15,,1165592,7,,,1,54,,1165591,7,,,1,10,,1165600,7,0,64 139,1,10,,1165583,7,,,1,8,,1165640,7,0,64 139,1,8,,1165647,7,,,1,7,,1165655,7,0,64 139,1,4,,1165613,20,0,64 139,1,44,,1165627,7,,,1,9,,1165629,7,0,64 139,1,7,,1165659,7,,,1,6,,1165619,7,0,64 139,1,4,,1165652,20,0,64 139,1,5,,1165596,7,,,1,8,,1165604,7,,,1,8,,1165595,7,0,64 139,1,6,,1165581,7,,,1,48,,1165584,7,0,64 139,1,7,,1165578,7,,,1,8,,1165614,7,0,64 139,1,6,,1165650,7,,,1,9,,1165638,7,0,64 139,1,7,,1165571,7,,,1,8,,1165575,7,0,64 139,1,5,,1165626,7,,,1,50,,1165628,7,0,64 139,1,5,,1165632,7,,,1,9,,1165605,7,,,1,5,,1165589,7,0,64 139,1,10,,1165646,7,,,1,5,,1165661,7,0,64 139,1,10,,1165653,7,,,1,55,,1165617,7,,,1,15,,1165658,7,0,64 139,1,14,,1165663,7,,,1,14,,1165597,7,0,64 139,1,56,,1165611,7,,,1,15,,1165649,7,0,64 139,1,16,,1165610,7,,,1,14,,1165573,7,0,64 139,1,56,,1165625,7,,,1,14,,1165606,7,0,64 139,1,16,,1165579,7,,,1,14,,1165622,7,0,64 139,1,56,,1165585,7,,,1,39,,1165618,7,,,1,71,,1165631,7,,,1,25,,1165594,7,0,64 139,1,70,,1165601,7,0,64 139,1,32,,1165602,7,0,64 139,1,75,,1165651,7,0,64 139,1,27,,1165641,7,0,64 139,1,72,,1165645,21,0,64 139,1,28,,1165599,21,0,64 139,1,70,,1165576,21,0,64 139,1
7501,'16',336,,1165729,21,0,64 139,1,70,,1165726,21,0,64 139,1,32,,1072863,21,0,64 139,1,65,,1165732,21,,,1,41,,1061764,7,,,1,69,,1068032,7,,,1,12,,1165708,7,0,64 139,1,12,,1165719,7,,,1,22,,1165687,7,0,64 139,1,54,,1165695,7,,,1,15,,1165689,7,0,64 139,1,16,,1165684,7,,,1,57,,1084767,7,0,64 139,1,16,,1165678,7,,,1,12,,1165717,7,0,64 139,1,15,,1165706,7,,,1,56,,1165744,7,0,64 139,1,14,,1165737,7,,,1,13,,1165730,7,,,1,15,,1165700,7,,,1,15,,1165745,7,,,1,55,,1165716,7,,,1,15,,1165674,7,,,1,15,,1165679,7,,,1,15,,1165702,7,,,1,55,,1083257,7,,,1,15,,1165704,7,,,1,15,,1165690,7,,,1,15,,1165711,7,,,1,55,,1165681,7,,,1,15,,1165709,7,0,64 139,1,15,,1165747,7,,,1,15,,1165683,7,0,64 139,1,55,,1165707,7,,,1,15,,1095261,7,0,64 139,1,15,,1165749,7,,,1,16,,1165696,7,0,64 139,1,55,,1165685,7,,,1,14,,1165675,7,,,1,16,,1165670,7,,,1,15,,1165669,7,,,1,54,,1165686,7,,,1,10,,1165733,7,0,64 139,1,10,,1165718,7,,,1,8,,1091334,7,0,64 139,1,8,,1165736,7,,,1,7,,1165712,7,0,64 139,1,4,,1165682,20,0,64 139,1,44,,1165723,7,,,1,9,,1165743,7,0,64 139,1,7,,1165698,7,,,1,6,,1165697,7,0,64 139,1,4,,1083642,20,0,64 139,1,5,,1098159,7,,,1,8,,1165672,7,,,1,8,,1165725,7,0,64 139,1,6,,1165715,7,,,1,48,,1165721,7,0,64 139,1,7,,1165713,7,,,1,8,,1165739,7,0,64 139,1,6,,1165741,7,,,1,9,,1165691,7,0,64 139,1,7,,1165740,7,,,1,8,,1165734,7,0,64 139,1,5,,1165724,7,,,1,50,,1165676,7,0,64 139,1,5,,1165666,7,,,1,9,,1165748,7,,,1,5,,1165746,7,0,64 139,1,10,,1165703,7,,,1,5,,1165735,7,0,64 139,1,10,,1165699,7,,,1,55,,1165705,7,,,1,15,,1165722,7,0,64 139,1,14,,1165667,7,,,1,14,,1165692,7,0,64 139,1,56,,1165693,7,,,1,15,,1080766,7,0,64 139,1,16,,1165671,7,,,1,14,,1165673,7,0,64 139,1,56,,1165728,7,,,1,14,,1165710,7,0,64 139,1,16,,1165738,7,,,1,14,,1165694,7,0,64 139,1,56,,1165688,7,,,1,39,,1165677,7,,,1,71,,1165720,7,,,1,25,,1165742,7,0,64 139,1,70,,1165727,7,0,64 139,1,32,,1165701,7,0,64 139,1,75,,1165714,7,0,64 139,1,27,,1083635,7,0,64 139,1,72,,965681,21,0,64 139,1,28,,1165680,21,0,64 139,1,70,,1165668,21,0,64 139,1
7501,'17',348,,1165775,21,0,64 139,1,70,,1165751,21,0,64 139,1,30,,1165817,21,0,64 139,1,70,,1165816,21,0,64 139,1,30,,1165784,21,0,64 139,1,70,,1165821,21,0,64 139,1,25,,1165760,21,,,1,75,,1165781,21,0,64 139,1,30,,1165761,21,,,1,70,,1165814,21,0,64 139,1,15,,1165799,21,0,64 139,1,16,,1165825,7,,,1,55,,1165763,7,0,64 139,1,15,,1165790,7,,,1,15,,1165787,7,0,64 139,1,15,,1165788,7,,,1,55,,1165801,7,0,64 139,1,15,,1165798,7,,,1,15,,1165762,7,0,64 139,1,15,,1165776,7,,,1,55,,1165823,7,0,64 139,1,15,,1165767,7,,,1,15,,1165794,7,0,64 139,1,15,,1165800,7,,,1,55,,1165802,7,0,64 139,1,15,,1165807,7,,,1,15,,1165785,7,0,64 139,1,15,,1165778,7,,,1,55,,1165824,7,0,64 139,1,15,,1165822,7,,,1,15,,1165819,7,0,64 139,1,15,,1165754,7,,,1,55,,1165773,7,0,64 139,1,15,,1165750,7,,,1,15,,1165805,7,0,64 139,1,15,,1165780,7,,,1,55,,1165782,7,0,64 139,1,15,,1165795,7,,,1,15,,1165793,7,0,64 139,1,15,,1165804,7,,,1,55,,1165770,7,0,64 139,1,15,,1165777,7,,,1,15,,1165792,7,0,64 139,1,15,,1165803,7,,,1,55,,1165764,7,0,64 139,1,15,,1165811,7,,,1,15,,1165789,7,0,64 139,1,15,,1165797,7,,,1,55,,1165769,7,0,64 139,1,15,,1165757,7,,,1,15,,1165783,7,0,64 139,1,15,,1165756,7,,,1,55,,1165765,7,0,64 139,1,15,,1165786,7,0,64 139,1,14,,1165806,7,0,64 139,1,16,,1165771,7,0,64 139,1,55,,1165820,7,0,64 139,1,15,,1165812,7,0,64 139,1,15,,1165774,7,0,64 139,1,15,,1165752,7,0,64 139,1,55,,1165753,7,0,64 139,1,15,,1165759,7,0,64 139,1,15,,1165791,7,0,64 139,1,15,,1165809,7,0,64 139,1,55,,1165796,7,0,64 139,1,20,,1165766,7,0,64 139,1,25,,1165815,7,0,64 139,1,70,,1165772,7,0,64 139,1,30,,1165808,7,0,64 139,1,70,,1165813,21,0,64 139,1,30,,1165779,21,0,64 139,1,70,,1165758,21,0,64 139,1,30,,1165768,21,0,64 139,1,70,,1165810,21,0,64 139,1,30,,1165818,21,0,64 139,1,70,,1165755,21,0,64 139,1
7501,'2',345,,1165886,21,0,64 139,1,70,,1165883,21,0,64 139,1,30,,1165850,21,0,64 139,1,70,,1165858,21,0,64 139,1,30,,1100490,21,0,64 139,1,70,,1165893,21,,,1,20,,1165871,7,0,64 139,1,15,,1165884,7,0,64 139,1,55,,1165888,7,,,1,15,,1165895,7,0,64 139,1,15,,1165857,7,0,64 139,1,15,,1165872,7,,,1,55,,1165867,7,0,64 139,1,16,,1165832,7,,,1,15,,1165860,7,0,64 139,1,15,,1165878,7,,,1,55,,1165863,7,0,64 139,1,15,,1165833,7,,,1,15,,1165829,7,0,64 139,1,15,,1165843,7,,,1,55,,1165894,7,0,64 139,1,15,,1165861,7,,,1,15,,1089889,7,0,64 139,1,15,,1165882,7,,,1,55,,1165849,7,0,64 139,1,15,,1165877,7,,,1,15,,1165842,7,0,64 139,1,15,,1165841,7,,,1,55,,1066334,7,,,1,15,,1165865,7,,,1,15,,1165859,7,,,1,15,,1165835,7,,,1,55,,1165892,7,0,64 139,1,15,,1165890,7,,,1,15,,1165826,7,0,64 139,1,15,,1165876,7,,,1,55,,1072239,7,0,64 139,1,15,,1087760,7,,,1,15,,1165827,7,0,64 139,1,15,,1165881,7,,,1,55,,1165875,7,,,1,15,,1165891,7,,,1,15,,1165874,7,,,1,15,,1165834,7,,,1,55,,1165831,7,0,64 139,1,15,,1165856,7,,,1,15,,1165887,7,0,64 139,1,15,,1072030,7,,,1,55,,1165864,7,0,64 139,1,15,,1165855,7,,,1,15,,1165838,7,0,64 139,1,15,,1165847,7,,,1,55,,1165854,7,0,64 139,1,15,,1165898,7,,,1,15,,1165837,7,0,64 139,1,15,,1165862,7,,,1,55,,1165828,7,0,64 139,1,14,,1165845,7,,,1,15,,1165853,7,0,64 139,1,15,,1165879,7,,,1,55,,1065979,7,0,64 139,1,15,,1165839,7,,,1,15,,1165836,7,0,64 139,1,15,,1090670,7,,,1,55,,1165889,7,0,64 139,1,15,,1165873,7,,,1,15,,1165866,7,0,64 139,1,15,,1165844,7,,,1,55,,1165846,7,0,64 139,1,15,,1165896,7,0,64 139,1,15,,1165869,7,0,64 139,1,15,,1165868,7,0,64 139,1,55,,1165830,7,0,64 139,1,15,,1165880,7,0,64 139,1,15,,1165851,7,0,64 139,1,15,,1165870,7,0,64 139,1,63,,1165840,7,0,64 139,1,30,,1066341,7,0,64 139,1,70,,1165885,7,0,64 139,1,30,,1089376,7,0,64 139,1,70,,1165852,7,0,64 139,1,30,,1165848,7,0,64 139,1,74,,1165897,21,0,64 139,1
7501,'3',348,,1165924,21,0,64 139,1,70,,1165900,21,0,64 139,1,30,,1165966,21,0,64 139,1,70,,1165965,21,0,64 139,1,30,,1165933,21,0,64 139,1,70,,1165970,21,0,64 139,1,25,,1165909,21,,,1,75,,1165930,21,0,64 139,1,30,,1165910,21,,,1,70,,1165963,21,0,64 139,1,15,,1165948,21,0,64 139,1,16,,1165974,7,,,1,55,,1165912,7,0,64 139,1,15,,1165939,7,,,1,15,,1165936,7,0,64 139,1,15,,1165937,7,,,1,55,,1165950,7,0,64 139,1,15,,1165947,7,,,1,15,,1165911,7,0,64 139,1,15,,1165925,7,,,1,55,,1165972,7,0,64 139,1,15,,1165916,7,,,1,15,,1165943,7,0,64 139,1,15,,1165949,7,,,1,55,,1165951,7,0,64 139,1,15,,1165956,7,,,1,15,,1165934,7,0,64 139,1,15,,1165927,7,,,1,55,,1165973,7,0,64 139,1,15,,1165971,7,,,1,15,,1165968,7,0,64 139,1,15,,1165903,7,,,1,55,,1165922,7,0,64 139,1,15,,1165899,7,,,1,15,,1165954,7,0,64 139,1,15,,1165929,7,,,1,55,,1165931,7,0,64 139,1,15,,1165944,7,,,1,15,,1165942,7,0,64 139,1,15,,1165953,7,,,1,55,,1165919,7,0,64 139,1,15,,1165926,7,,,1,15,,1165941,7,0,64 139,1,15,,1165952,7,,,1,55,,1165913,7,0,64 139,1,15,,1165960,7,,,1,15,,1165938,7,0,64 139,1,15,,1165946,7,,,1,55,,1165918,7,0,64 139,1,15,,1165906,7,,,1,15,,1165932,7,0,64 139,1,15,,1165905,7,,,1,55,,1165914,7,0,64 139,1,15,,1165935,7,0,64 139,1,14,,1165955,7,0,64 139,1,16,,1165920,7,0,64 139,1,55,,1165969,7,0,64 139,1,15,,1165961,7,0,64 139,1,15,,1165923,7,0,64 139,1,15,,1165901,7,0,64 139,1,55,,1165902,7,0,64 139,1,15,,1165908,7,0,64 139,1,15,,1165940,7,0,64 139,1,15,,1165958,7,0,64 139,1,55,,1165945,7,0,64 139,1,20,,1165915,7,0,64 139,1,25,,1165964,7,0,64 139,1,70,,1165921,7,0,64 139,1,30,,1165957,7,0,64 139,1,70,,1165962,21,0,64 139,1,30,,1165928,21,0,64 139,1,70,,1165907,21,0,64 139,1,30,,1165917,21,0,64 139,1,70,,1165959,21,0,64 139,1,30,,1165967,21,0,64 139,1,70,,1165904,21,0,64 139,1
7501,'4',348,,1166041,21,0,64 139,1,70,,1165981,21,0,64 139,1,30,,1166040,21,0,64 139,1,70,,1165991,21,0,64 139,1,30,,1166018,21,0,64 139,1,70,,1166031,21,0,64 139,1,25,,1166011,21,,,1,75,,1044778,21,0,64 139,1,30,,1166029,21,,,1,70,,1166013,21,0,64 139,1,15,,1166027,21,0,64 139,1,16,,1166015,7,,,1,55,,1069984,7,0,64 139,1,15,,1165978,7,,,1,15,,1165989,7,0,64 139,1,15,,1165992,7,,,1,55,,1166035,7,0,64 139,1,15,,1166003,7,,,1,15,,1166026,7,0,64 139,1,15,,1166030,7,,,1,55,,1166000,7,0,64 139,1,15,,1165993,7,,,1,15,,1165999,7,0,64 139,1,15,,1166004,7,,,1,55,,1165987,7,0,64 139,1,15,,1166016,7,,,1,15,,1166028,7,0,64 139,1,15,,1166045,7,,,1,55,,1165984,7,0,64 139,1,15,,1166001,7,,,1,15,,1166002,7,0,64 139,1,15,,1165983,7,,,1,55,,1165975,7,0,64 139,1,15,,1099977,7,,,1,15,,1166025,7,0,64 139,1,15,,1166044,7,,,1,55,,1090775,7,0,64 139,1,15,,1166033,7,,,1,15,,1166043,7,0,64 139,1,15,,1166007,7,,,1,55,,1165977,7,0,64 139,1,15,,1166020,7,,,1,15,,1165988,7,0,64 139,1,15,,1166042,7,,,1,55,,1165976,7,0,64 139,1,15,,1166006,7,,,1,15,,1166014,7,0,64 139,1,15,,1166023,7,,,1,55,,1166005,7,0,64 139,1,15,,1166032,7,,,1,15,,1166024,7,0,64 139,1,15,,1165994,7,,,1,55,,1166039,7,0,64 139,1,15,,1165995,7,0,64 139,1,14,,1166010,7,0,64 139,1,16,,1166037,7,0,64 139,1,55,,1166009,7,0,64 139,1,15,,1165996,7,0,64 139,1,15,,1165979,7,0,64 139,1,15,,1166022,7,0,64 139,1,55,,1166019,7,0,64 139,1,15,,1165986,7,0,64 139,1,15,,1166017,7,0,64 139,1,15,,1068812,7,0,64 139,1,55,,1166012,7,0,64 139,1,20,,1165998,7,0,64 139,1,25,,1166034,7,0,64 139,1,70,,1165997,7,0,64 139,1,30,,1165980,7,0,64 139,1,70,,1165990,21,0,64 139,1,30,,1165982,21,0,64 139,1,70,,1166021,21,0,64 139,1,30,,1166038,21,0,64 139,1,70,,1166008,21,0,64 139,1,30,,1166036,21,0,64 139,1,70,,1165985,21,0,64 139,1
7501,'5',336,,1166112,21,0,64 139,1,70,,1070564,21,0,64 139,1,32,,1093332,21,0,64 139,1,65,,1166069,21,,,1,41,,1166102,7,,,1,69,,1166088,7,,,1,12,,1166079,7,0,64 139,1,12,,1166110,7,,,1,22,,1166051,7,0,64 139,1,54,,1097788,7,,,1,15,,1166117,7,0,64 139,1,16,,1166078,7,,,1,57,,1166057,7,0,64 139,1,16,,1166118,7,,,1,12,,1059899,7,0,64 139,1,15,,1166062,7,,,1,56,,1166104,7,0,64 139,1,14,,1166064,7,,,1,13,,1076961,7,,,1,15,,1166082,7,,,1,15,,1166100,7,,,1,55,,1166060,7,,,1,15,,1102317,7,,,1,15,,1166091,7,,,1,15,,1166077,7,,,1,55,,1166054,7,,,1,15,,1166098,7,,,1,15,,1166106,7,,,1,15,,1166119,7,,,1,55,,1166122,7,,,1,15,,1166059,7,0,64 139,1,15,,1166072,7,,,1,15,,1166103,7,0,64 139,1,55,,1166047,7,,,1,15,,1166052,7,0,64 139,1,15,,1166116,7,,,1,16,,1166107,7,0,64 139,1,55,,1166053,7,,,1,14,,1166083,7,,,1,16,,1166108,7,,,1,15,,1166050,7,,,1,54,,1166121,7,,,1,10,,1166123,7,0,64 139,1,10,,1166125,7,,,1,8,,1166111,7,0,64 139,1,8,,1166089,7,,,1,7,,1166126,7,0,64 139,1,4,,1166061,20,0,64 139,1,44,,1056838,7,,,1,9,,1166055,7,0,64 139,1,7,,972152,7,,,1,6,,1166067,7,0,64 139,1,4,,1166087,20,0,64 139,1,5,,1166109,7,,,1,8,,1166068,7,,,1,8,,1166094,7,0,64 139,1,6,,1166084,7,,,1,48,,1166058,7,0,64 139,1,7,,1166090,7,,,1,8,,1166081,7,0,64 139,1,6,,1166092,7,,,1,9,,1166105,7,0,64 139,1,7,,1166063,7,,,1,8,,1166071,7,0,64 139,1,5,,1073011,7,,,1,50,,1166073,7,0,64 139,1,5,,1166095,7,,,1,9,,1063077,7,,,1,5,,1166075,7,0,64 139,1,10,,1166115,7,,,1,5,,1166096,7,0,64 139,1,10,,1166048,7,,,1,55,,1085011,7,,,1,15,,1166120,7,0,64 139,1,14,,1166124,7,,,1,14,,1166085,7,0,64 139,1,56,,1098854,7,,,1,15,,1166097,7,0,64 139,1,16,,1166099,7,,,1,14,,1166065,7,0,64 139,1,56,,1166074,7,,,1,14,,1166101,7,0,64 139,1,16,,1166056,7,,,1,14,,1166113,7,0,64 139,1,56,,1166086,7,,,1,39,,1166093,7,,,1,71,,1166066,7,,,1,25,,1166046,7,0,64 139,1,70,,1166076,7,0,64 139,1,32,,1166070,7,0,64 139,1,75,,1031823,7,0,64 139,1,27,,1166080,7,0,64 139,1,72,,1100396,21,0,64 139,1,28,,1166114,21,0,64 139,1,70,,1166127,21,0,64 139,1
7501,'6',336,,1166194,21,0,64 139,1,70,,1166191,21,0,64 139,1,32,,1166178,21,0,64 139,1,65,,1166197,21,,,1,41,,1166128,7,,,1,69,,1166129,7,,,1,12,,1166172,7,0,64 139,1,12,,1166184,7,,,1,22,,1166150,7,0,64 139,1,54,,1166158,7,,,1,15,,1166152,7,0,64 139,1,16,,1166147,7,,,1,57,,1166134,7,0,64 139,1,16,,1166141,7,,,1,12,,1166182,7,0,64 139,1,15,,1166170,7,,,1,56,,1072192,7,0,64 139,1,14,,1166202,7,,,1,13,,1166195,7,,,1,15,,1166164,7,,,1,15,,1076064,7,,,1,55,,1166181,7,,,1,15,,1072001,7,,,1,15,,1166142,7,,,1,15,,1166166,7,,,1,55,,1166203,7,,,1,15,,1166168,7,,,1,15,,1166153,7,,,1,15,,1166175,7,,,1,55,,1166144,7,,,1,15,,1166173,7,0,64 139,1,15,,1023953,7,,,1,15,,1166146,7,0,64 139,1,55,,1166171,7,,,1,15,,1166205,7,0,64 139,1,15,,1166207,7,,,1,16,,1166159,7,0,64 139,1,55,,1166148,7,,,1,14,,1166138,7,,,1,16,,955693,7,,,1,15,,1100098,7,,,1,54,,1166149,7,,,1,10,,1166198,7,0,64 139,1,10,,1166183,7,,,1,8,,1166136,7,0,64 139,1,8,,1166201,7,,,1,7,,1166176,7,0,64 139,1,4,,1166145,20,0,64 139,1,44,,1166188,7,,,1,9,,1166204,7,0,64 139,1,7,,1166162,7,,,1,6,,1166161,7,0,64 139,1,4,,1166160,20,0,64 139,1,5,,1166132,7,,,1,8,,1079311,7,,,1,8,,1166190,7,0,64 139,1,6,,1166180,7,,,1,48,,1166186,7,0,64 139,1,7,,1166177,7,,,1,8,,1092257,7,0,64 139,1,6,,1045837,7,,,1,9,,1166154,7,0,64 139,1,7,,1101974,7,,,1,8,,1166199,7,0,64 139,1,5,,1166189,7,,,1,50,,1166139,7,0,64 139,1,5,,1040092,7,,,1,9,,1075183,7,,,1,5,,1008342,7,0,64 139,1,10,,1166167,7,,,1,5,,1166200,7,0,64 139,1,10,,1166163,7,,,1,55,,1166169,7,,,1,15,,1166187,7,0,64 139,1,14,,1166131,7,,,1,14,,1166155,7,0,64 139,1,56,,1166156,7,,,1,15,,1166130,7,0,64 139,1,16,,1166133,7,,,1,14,,1166137,7,0,64 139,1,56,,1166193,7,,,1,14,,1166174,7,0,64 139,1,16,,1083724,7,,,1,14,,1166157,7,0,64 139,1,56,,1166151,7,,,1,39,,1166140,7,,,1,71,,1166185,7,,,1,25,,1067071,7,0,64 139,1,70,,1166192,7,0,64 139,1,32,,1166165,7,0,64 139,1,75,,1166179,7,0,64 139,1,27,,1166135,7,0,64 139,1,72,,1166206,21,0,64 139,1,28,,1166143,21,0,64 139,1,70,,1052221,21,0,64 139,1
7501,'7',345,,1166267,21,0,64 139,1,70,,1166282,21,0,64 139,1,30,,1166276,21,0,64 139,1,70,,1166219,21,0,64 139,1,30,,1166266,21,0,64 139,1,70,,1166265,21,,,1,20,,1166271,7,0,64 139,1,15,,1166241,7,0,64 139,1,55,,1166270,7,,,1,15,,1166236,7,0,64 139,1,15,,1166238,7,0,64 139,1,15,,1166212,7,,,1,55,,1166250,7,0,64 139,1,16,,1166229,7,,,1,15,,1166249,7,0,64 139,1,15,,1166255,7,,,1,55,,1166251,7,0,64 139,1,15,,1166226,7,,,1,15,,1166288,7,0,64 139,1,15,,1166280,7,,,1,55,,1166260,7,0,64 139,1,15,,1166277,7,,,1,15,,1166257,7,0,64 139,1,15,,1166254,7,,,1,55,,1166225,7,0,64 139,1,15,,1166222,7,,,1,15,,1166224,7,0,64 139,1,15,,1166261,7,,,1,55,,1166228,7,,,1,15,,1166283,7,,,1,15,,1166290,7,,,1,15,,1166248,7,,,1,55,,1166256,7,0,64 139,1,15,,1166209,7,,,1,15,,1166262,7,0,64 139,1,15,,1166252,7,,,1,55,,1166286,7,0,64 139,1,15,,1166287,7,,,1,15,,1166284,7,0,64 139,1,15,,1166211,7,,,1,55,,1166259,7,,,1,15,,1166258,7,,,1,15,,1166227,7,,,1,15,,1166289,7,,,1,55,,1166279,7,0,64 139,1,15,,1166217,7,,,1,15,,1166221,7,0,64 139,1,15,,1166208,7,,,1,55,,1166247,7,0,64 139,1,15,,1166263,7,,,1,15,,1166213,7,0,64 139,1,15,,1166218,7,,,1,55,,1166232,7,0,64 139,1,15,,1166272,7,,,1,15,,1166239,7,0,64 139,1,15,,1166244,7,,,1,55,,1166237,7,0,64 139,1,14,,1166210,7,,,1,15,,1166223,7,0,64 139,1,15,,1166278,7,,,1,55,,1166268,7,0,64 139,1,15,,1166235,7,,,1,15,,1166214,7,0,64 139,1,15,,1166230,7,,,1,55,,1166243,7,0,64 139,1,15,,1166215,7,,,1,15,,1166242,7,0,64 139,1,15,,1166285,7,,,1,55,,1166274,7,0,64 139,1,15,,1166253,7,0,64 139,1,15,,1166281,7,0,64 139,1,15,,1166275,7,0,64 139,1,55,,1166234,7,0,64 139,1,15,,1166231,7,0,64 139,1,15,,1166264,7,0,64 139,1,15,,1166269,7,0,64 139,1,63,,1166233,7,0,64 139,1,30,,1166273,7,0,64 139,1,70,,1166240,7,0,64 139,1,30,,1166216,7,0,64 139,1,70,,1166220,7,0,64 139,1,30,,1166246,7,0,64 139,1,74,,1166245,21,0,64 139,1
7501,'8',336,,1166363,21,0,64 139,1,70,,1166360,21,0,64 139,1,32,,1166347,21,0,64 139,1,65,,1166366,21,,,1,41,,1166291,7,,,1,69,,1166293,7,,,1,12,,1166341,7,0,64 139,1,12,,1166353,7,,,1,22,,1166319,7,0,64 139,1,54,,1166327,7,,,1,15,,1166321,7,0,64 139,1,16,,1166316,7,,,1,57,,1166301,7,0,64 139,1,16,,1166310,7,,,1,12,,1166351,7,0,64 139,1,15,,1166339,7,,,1,56,,1166379,7,0,64 139,1,14,,1166371,7,,,1,13,,1166364,7,,,1,15,,1166333,7,,,1,15,,1166381,7,,,1,55,,1166350,7,,,1,15,,1166306,7,,,1,15,,1166311,7,,,1,15,,1166335,7,,,1,55,,1166375,7,,,1,15,,1166337,7,,,1,15,,1166322,7,,,1,15,,1166344,7,,,1,55,,1166313,7,,,1,15,,1166342,7,0,64 139,1,15,,1166384,7,,,1,15,,1166315,7,0,64 139,1,55,,1166340,7,,,1,15,,1166380,7,0,64 139,1,15,,1166386,7,,,1,16,,1166328,7,0,64 139,1,55,,1166317,7,,,1,14,,1166307,7,,,1,16,,1166299,7,,,1,15,,1166298,7,,,1,54,,1166318,7,,,1,10,,1166367,7,0,64 139,1,10,,1166352,7,,,1,8,,1166304,7,0,64 139,1,8,,1166370,7,,,1,7,,1166345,7,0,64 139,1,4,,1166314,20,0,64 139,1,44,,1166357,7,,,1,9,,1166378,7,0,64 139,1,7,,1166331,7,,,1,6,,1166330,7,0,64 139,1,4,,1166329,20,0,64 139,1,5,,1166297,7,,,1,8,,1166303,7,,,1,8,,1166359,7,0,64 139,1,6,,1166349,7,,,1,48,,1166355,7,0,64 139,1,7,,1166346,7,,,1,8,,1166373,7,0,64 139,1,6,,1166376,7,,,1,9,,1166323,7,0,64 139,1,7,,1166374,7,,,1,8,,1166368,7,0,64 139,1,5,,1166358,7,,,1,50,,1166308,7,0,64 139,1,5,,1166292,7,,,1,9,,1166385,7,,,1,5,,1166382,7,0,64 139,1,10,,1166336,7,,,1,5,,1166369,7,0,64 139,1,10,,1166332,7,,,1,55,,1166338,7,,,1,15,,1166356,7,0,64 139,1,14,,1166295,7,,,1,14,,1166324,7,0,64 139,1,56,,1166325,7,,,1,15,,1166294,7,0,64 139,1,16,,1166300,7,,,1,14,,1166305,7,0,64 139,1,56,,1166362,7,,,1,14,,1166343,7,0,64 139,1,16,,1166372,7,,,1,14,,1166326,7,0,64 139,1,56,,1166320,7,,,1,39,,1166309,7,,,1,71,,1166354,7,,,1,25,,1166377,7,0,64 139,1,70,,1166361,7,0,64 139,1,32,,1166334,7,0,64 139,1,75,,1166348,7,0,64 139,1,27,,1166302,7,0,64 139,1,72,,1166383,21,0,64 139,1,28,,1166312,21,0,64 139,1,70,,1166296,21,0,64 139,1
7501,'9',336,,1166453,21,0,64 139,1,70,,1070473,21,0,64 139,1,32,,1093176,21,0,64 139,1,65,,1166410,21,,,1,41,,1166443,7,,,1,69,,1166429,7,,,1,12,,1166420,7,0,64 139,1,12,,1166451,7,,,1,22,,1166392,7,0,64 139,1,54,,1097677,7,,,1,15,,1166458,7,0,64 139,1,16,,1166419,7,,,1,57,,1166398,7,0,64 139,1,16,,1166459,7,,,1,12,,1059904,7,0,64 139,1,15,,1166403,7,,,1,56,,1166445,7,0,64 139,1,14,,1166405,7,,,1,13,,1076856,7,,,1,15,,1166423,7,,,1,15,,1166441,7,,,1,55,,1166401,7,,,1,15,,1102315,7,,,1,15,,1166432,7,,,1,15,,1166418,7,,,1,55,,1166395,7,,,1,15,,1166439,7,,,1,15,,1166447,7,,,1,15,,1166460,7,,,1,55,,1166463,7,,,1,15,,1166400,7,0,64 139,1,15,,1166413,7,,,1,15,,1166444,7,0,64 139,1,55,,1166388,7,,,1,15,,1166393,7,0,64 139,1,15,,1166457,7,,,1,16,,1166448,7,0,64 139,1,55,,1166394,7,,,1,14,,1166424,7,,,1,16,,1166449,7,,,1,15,,1166391,7,,,1,54,,1166462,7,,,1,10,,1166464,7,0,64 139,1,10,,1166466,7,,,1,8,,1166452,7,0,64 139,1,8,,1166430,7,,,1,7,,1166467,7,0,64 139,1,4,,1166402,20,0,64 139,1,44,,1057032,7,,,1,9,,1166396,7,0,64 139,1,7,,972082,7,,,1,6,,1166408,7,0,64 139,1,4,,1166428,20,0,64 139,1,5,,1166450,7,,,1,8,,1166409,7,,,1,8,,1166435,7,0,64 139,1,6,,1166425,7,,,1,48,,1166399,7,0,64 139,1,7,,1166431,7,,,1,8,,1166422,7,0,64 139,1,6,,1166433,7,,,1,9,,1166446,7,0,64 139,1,7,,1166404,7,,,1,8,,1166412,7,0,64 139,1,5,,1072950,7,,,1,50,,1166414,7,0,64 139,1,5,,1166436,7,,,1,9,,1062901,7,,,1,5,,1166416,7,0,64 139,1,10,,1166456,7,,,1,5,,1166437,7,0,64 139,1,10,,1166389,7,,,1,55,,1084944,7,,,1,15,,1166461,7,0,64 139,1,14,,1166465,7,,,1,14,,1166426,7,0,64 139,1,56,,1098810,7,,,1,15,,1166438,7,0,64 139,1,16,,1166440,7,,,1,14,,1166406,7,0,64 139,1,56,,1166415,7,,,1,14,,1166442,7,0,64 139,1,16,,1166397,7,,,1,14,,1166454,7,0,64 139,1,56,,1166427,7,,,1,39,,1166434,7,,,1,71,,1166407,7,,,1,25,,1166387,7,0,64 139,1,70,,1166417,7,0,64 139,1,32,,1166411,7,0,64 139,1,75,,1032184,7,0,64 139,1,27,,1166421,7,0,64 139,1,72,,1100355,21,0,64 139,1,28,,1166455,21,0,64 139,1,70,,1166468,21,0,64 139,1
25600,'1',554,,1196954,43,,,1,72,,1196960,43,,,1,30,,1196953,43,,,1,56,,1196956,43,,,1,13,,1196955,43,,,1,15,,1070319,43,,,1,15,,1196957,43,,,1,70,,995248,43,,,1,5,,1196959,43,,,1,27,,1196958,43,,,1
25600,'10',554,,1196962,43,,,1,72,,1196968,43,,,1,30,,1196961,43,,,1,56,,1196964,43,,,1,13,,1196963,43,,,1,15,,1070170,43,,,1,15,,1196965,43,,,1,70,,995417,43,,,1,5,,1196967,43,,,1,27,,1196966,43,,,1
25600,'11',554,,1196970,43,,,1,72,,1196976,43,,,1,30,,1196969,43,,,1,56,,1196972,43,,,1,13,,1196971,43,,,1,15,,1070362,43,,,1,15,,1196973,43,,,1,70,,995200,43,,,1,5,,1196975,43,,,1,27,,1196974,43,,,1
25600,'12',554,,1196984,43,,,1,72,,1196980,43,,,1,30,,1196981,43,,,1,56,,1196979,43,,,1,13,,1196983,43,,,1,15,,1196977,43,,,1,15,,1196986,43,,,1,70,,1196978,43,,,1,5,,1196985,43,,,1,27,,1196982,43,,,1
25600,'14',554,,1196988,43,,,1,72,,1196995,43,,,1,30,,1196987,43,,,1,56,,1196990,43,,,1,13,,1196989,43,,,1,15,,1196991,43,,,1,15,,1196992,43,,,1,70,,1196996,43,,,1,5,,1196994,43,,,1,27,,1196993,43,,,1
25600,'15',554,,1196999,43,,,1,72,,1196998,43,,,1,30,,1197002,43,,,1,69,,1197004,43,,,1,30,,1197003,43,,,1,70,,1197000,43,,,1,5,,1196997,43,,,1,27,,1197001,43,,,1
25600,'16',554,,1197012,43,,,1,72,,1197008,43,,,1,30,,1197009,43,,,1,56,,1197007,43,,,1,13,,1197011,43,,,1,15,,1197005,43,,,1,15,,1197014,43,,,1,70,,1197006,43,,,1,5,,1197013,43,,,1,27,,1197010,43,,,1
25600,'5',554,,1197016,43,,,1,72,,1197022,43,,,1,30,,1197015,43,,,1,56,,1197018,43,,,1,13,,1197017,43,,,1,15,,1070295,43,,,1,15,,1197019,43,,,1,70,,994943,43,,,1,5,,1197021,43,,,1,27,,1197020,43,,,1
25600,'6',554,,1197027,43,,,1,72,,1036633,43,,,1,30,,1197024,43,,,1,56,,1035663,43,,,1,13,,1197026,43,,,1,15,,1084812,43,,,1,15,,1197029,43,,,1,70,,1197023,43,,,1,5,,1197028,43,,,1,27,,1197025,43,,,1
25600,'8',554,,1197037,43,,,1,72,,1197033,43,,,1,30,,1197034,43,,,1,56,,1197032,43,,,1,13,,1197036,43,,,1,15,,1197030,43,,,1,15,,1197039,43,,,1,70,,1197031,43,,,1,5,,1197038,43,,,1,27,,1197035,43,,,1
25600,'9',554,,1197041,43,,,1,72,,1197047,43,,,1,30,,1197040,43,,,1,56,,1197043,43,,,1,13,,1197042,43,,,1,15,,1070220,43,,,1,15,,1197044,43,,,1,70,,995296,43,,,1,5,,1197046,43,,,1,27,,1197045,43,,,1
26100,'1',614,,1197138,25,,,1,88,,1197135,25,,,1,42,,1197137,25,,,1,96,,1197136,25,,,1
26100,'10',614,,1197142,25,,,1,88,,1197139,25,,,1,42,,1197141,25,,,1,96,,1197140,25,,,1
26100,'11',614,,1197146,25,,,1,88,,1197143,25,,,1,42,,1197145,25,,,1,96,,1197144,25,,,1
26100,'12',614,,1197148,25,,,1,88,,1197149,25,,,1,42,,1197150,25,,,1,96,,1197147,25,,,1
26100,'14',614,,1197154,25,,,1,88,,1197151,25,,,1,42,,1197153,25,,,1,96,,1197152,25,,,1
26100,'15',614,,1197157,25,,,1,88,,1197156,25,,,1,42,,1197158,25,,,1,96,,1197155,25,,,1
26100,'16',614,,1197160,25,,,1,88,,1197161,25,,,1,42,,1197162,25,,,1,96,,1197159,25,,,1
26100,'5',614,,1197166,25,,,1,88,,1197163,25,,,1,42,,1197165,25,,,1,96,,1197164,25,,,1
26100,'6',614,,1197168,25,,,1,88,,1197169,25,,,1,42,,1197170,25,,,1,96,,1197167,25,,,1
26100,'8',614,,1197172,25,,,1,88,,1197173,25,,,1,42,,1197174,25,,,1,96,,1197171,25,,,1
26100,'9',614,,1197178,25,,,1,88,,1197175,25,,,1,42,,1197177,25,,,1,96,,1197176,25,,,1
26200,'1',608,,1088155,25,,,1,98,,1197222,25,,,1,29,,1068384,25,,,1,93,,1197221,25,,,1
26200,'10',608,,1087747,25,,,1,98,,1197224,25,,,1,29,,1068143,25,,,1,93,,1197223,25,,,1
26200,'11',608,,1088267,25,,,1,98,,1197226,25,,,1,29,,1068448,25,,,1,93,,1197225,25,,,1
26200,'12',608,,1100923,25,,,1,98,,1197227,25,,,1,29,,1197228,25,,,1,93,,1197229,25,,,1
26200,'14',608,,1197233,25,,,1,98,,1197232,25,,,1,29,,1197230,25,,,1,93,,1197231,25,,,1
26200,'15',608,,1197234,25,,,1,98,,1197237,25,,,1,29,,1197236,25,,,1,93,,1197235,25,,,1
26200,'16',608,,1197238,25,,,1,98,,1197239,25,,,1,29,,1197240,25,,,1,93,,1197241,25,,,1
26200,'5',608,,1088094,25,,,1,98,,1197243,25,,,1,29,,1068341,25,,,1,93,,1197242,25,,,1
26200,'6',608,,1197244,25,,,1,98,,1197245,25,,,1,29,,1197246,25,,,1,93,,1065570,25,,,1
26200,'8',608,,1197247,25,,,1,98,,1197248,25,,,1,29,,1197249,25,,,1,93,,1197250,25,,,1
26200,'9',608,,1087877,25,,,1,98,,1197252,25,,,1,29,,1068220,25,,,1,93,,1197251,25,,,1
26300,'1',638,,1197305,41,,,1,107,,1197303,41,,,1,99,,1197304,41,,,1
26300,'10',638,,1197308,41,,,1,107,,1197306,41,,,1,99,,1197307,41,,,1
26300,'11',638,,1197311,41,,,1,107,,1197309,41,,,1,99,,1197310,41,,,1
26300,'12',638,,1197314,41,,,1,107,,1197313,41,,,1,99,,1197312,41,,,1
26300,'14',638,,1197317,41,,,1,107,,1197315,41,,,1,99,,1197316,41,,,1
26300,'15',638,,1197320,41,,,1,107,,1197318,41,,,1,99,,1197319,41,,,1
26300,'16',638,,1096829,41,,,1,107,,1197322,41,,,1,99,,1197321,41,,,1
26300,'5',638,,1197325,41,,,1,107,,1197323,41,,,1,99,,1197324,41,,,1
26300,'6',638,,1197328,41,,,1,107,,1197327,41,,,1,99,,1197326,41,,,1
26300,'8',638,,1197331,41,,,1,107,,1197330,41,,,1,99,,1197329,41,,,1
26300,'9',638,,1197334,41,,,1,107,,1197332,41,,,1,99,,1197333,41,,,1
26500,'1',620,,1197378,43,,,1,33,,1197376,43,,,1,68,,1197375,43,,,1,32,,1197377,43,,,1,68,,1197373,43,,,1,31,,1197374,43,,,1,70,,907099,43,,,1
26500,'10',620,,1197384,43,,,1,33,,1197382,43,,,1,68,,1197381,43,,,1,32,,1197383,43,,,1,68,,1197379,43,,,1,31,,1197380,43,,,1,70,,907139,43,,,1
26500,'11',620,,1197390,43,,,1,33,,1197388,43,,,1,68,,1197387,43,,,1,32,,1197389,43,,,1,68,,1197385,43,,,1,31,,1197386,43,,,1,70,,907011,43,,,1
26500,'12',620,,1197391,43,,,1,33,,1197392,43,,,1,68,,1197396,43,,,1,32,,1080441,43,,,1,68,,1197395,43,,,1,31,,1197394,43,,,1,70,,1197393,43,,,1
26500,'14',620,,1197403,43,,,1,33,,1197401,43,,,1,68,,1197400,43,,,1,32,,1197402,43,,,1,68,,1197398,43,,,1,31,,1197399,43,,,1,70,,1197397,43,,,1
26500,'15',620,,1197404,43,,,1,33,,1197409,43,,,1,68,,1197406,43,,,1,32,,1197410,43,,,1,68,,1197407,43,,,1,31,,1197408,43,,,1,70,,1197405,43,,,1
26500,'16',620,,1197412,43,,,1,33,,1197413,43,,,1,68,,1197417,43,,,1,32,,1197411,43,,,1,68,,1197416,43,,,1,31,,1197415,43,,,1,70,,1197414,43,,,1
26500,'5',620,,1197423,43,,,1,33,,1197421,43,,,1,68,,1197420,43,,,1,32,,1197422,43,,,1,68,,1197418,43,,,1,31,,1197419,43,,,1,70,,907279,43,,,1
26500,'6',620,,1197425,43,,,1,33,,1197426,43,,,1,68,,1066284,43,,,1,32,,1197424,43,,,1,68,,1088988,43,,,1,31,,1046511,43,,,1,70,,1197427,43,,,1
26500,'8',620,,1197429,43,,,1,33,,1197430,43,,,1,68,,1197434,43,,,1,32,,1197428,43,,,1,68,,1197433,43,,,1,31,,1197432,43,,,1,70,,1197431,43,,,1
26500,'9',620,,1197440,43,,,1,33,,1197438,43,,,1,68,,1197437,43,,,1,32,,1197439,43,,,1,68,,1197435,43,,,1,31,,1197436,43,,,1,70,,907179,43,,,1
26600,'1',613,,1197514,35,,,1,45,,1070603,35,,,1,82,,1197512,35,,,1,103,,1197513,35,,,1
26600,'10',613,,1197517,35,,,1,45,,1070417,35,,,1,82,,1197515,35,,,1,103,,1197516,35,,,1
26600,'11',613,,1197520,35,,,1,45,,1070657,35,,,1,82,,1197518,35,,,1,103,,1197519,35,,,1
26600,'12',613,,1197522,35,,,1,45,,1197524,35,,,1,82,,1197521,35,,,1,103,,1197523,35,,,1
26600,'14',613,,1197528,35,,,1,45,,1197525,35,,,1,82,,1197526,35,,,1,103,,1197527,35,,,1
26600,'15',613,,1197532,35,,,1,45,,1197531,35,,,1,82,,1197529,35,,,1,103,,1197530,35,,,1
26600,'16',613,,1197534,35,,,1,45,,1197536,35,,,1,82,,1197533,35,,,1,103,,1197535,35,,,1
26600,'5',613,,1197539,35,,,1,45,,1070567,35,,,1,82,,1197537,35,,,1,103,,1197538,35,,,1
26600,'6',613,,1197541,35,,,1,45,,989044,35,,,1,82,,1197540,35,,,1,103,,1197542,35,,,1
26600,'8',613,,1197544,35,,,1,45,,1197546,35,,,1,82,,1197543,35,,,1,103,,1197545,35,,,1
26600,'9',613,,1197549,35,,,1,45,,1070476,35,,,1,82,,1197547,35,,,1,103,,1197548,35,,,1
27500,'1',615,,1197595,30,4,,1,27,,1197596,30,4,,1,71,,1197594,30,4,,1,25,,999104,30,4,,1,75,,1197597,30,4,,1,45,,1197593,30,4,,1
27500,'10',615,,1197600,30,4,,1,27,,1197601,30,4,,1,71,,1197599,30,4,,1,25,,999184,30,4,,1,75,,1197602,30,4,,1,45,,1197598,30,4,,1
27500,'11',615,,1197605,30,4,,1,27,,1197606,30,4,,1,71,,1197604,30,4,,1,25,,999082,30,4,,1,75,,1197607,30,4,,1,45,,1197603,30,4,,1
27500,'12',615,,1197609,30,4,,1,27,,1197608,30,4,,1,71,,1197611,30,4,,1,25,,1197610,30,4,,1,75,,1197613,30,4,,1,45,,1197612,30,4,,1
27500,'14',615,,1197617,30,4,,1,27,,1197618,30,4,,1,71,,1197616,30,4,,1,25,,1197615,30,4,,1,75,,1197619,30,4,,1,45,,1197614,30,4,,1
27500,'15',615,,1197621,30,4,,1,27,,1197623,30,4,,1,71,,1197620,30,4,,1,25,,1197624,30,4,,1,75,,1197625,30,4,,1,45,,1197622,30,4,,1
27500,'16',615,,1197627,30,4,,1,27,,1197626,30,4,,1,71,,1197629,30,4,,1,25,,1197628,30,4,,1,75,,1197631,30,4,,1,45,,1197630,30,4,,1
27500,'5',615,,1197634,30,4,,1,27,,1197635,30,4,,1,71,,1197633,30,4,,1,25,,998945,30,4,,1,75,,1197636,30,4,,1,45,,1197632,30,4,,1
27500,'6',615,,1035674,30,4,,1,27,,1050602,30,4,,1,71,,1197638,30,4,,1,25,,1197637,30,4,,1,75,,1197640,30,4,,1,45,,1197639,30,4,,1
27500,'8',615,,1197642,30,4,,1,27,,1197641,30,4,,1,71,,1197644,30,4,,1,25,,1197643,30,4,,1,75,,1197646,30,4,,1,45,,1197645,30,4,,1
27500,'9',615,,1197649,30,4,,1,27,,1197650,30,4,,1,71,,1197648,30,4,,1,25,,999126,30,4,,1,75,,1197651,30,4,,1,45,,1197647,30,4,,1
27700,'1',626,,1197728,24,4,,1,30,,1197730,24,4,,1,70,,1197727,24,4,,1,32,,1079553,24,4,,1,70,,1197731,24,4,,1,84,,1197729,24,4,,1
27700,'10',626,,1197733,24,4,,1,30,,1197735,24,4,,1,70,,1197732,24,4,,1,32,,1079361,24,4,,1,70,,1197736,24,4,,1,84,,1197734,24,4,,1
27700,'11',626,,1197738,24,4,,1,30,,1197740,24,4,,1,70,,1197737,24,4,,1,32,,1079612,24,4,,1,70,,1197741,24,4,,1,84,,1197739,24,4,,1
27700,'12',626,,1197746,24,4,,1,30,,1197744,24,4,,1,70,,1197742,24,4,,1,32,,1197743,24,4,,1,70,,1197745,24,4,,1,84,,1197747,24,4,,1
27700,'14',626,,1197750,24,4,,1,30,,1197752,24,4,,1,70,,1197748,24,4,,1,32,,1197749,24,4,,1,70,,1197753,24,4,,1,84,,1197751,24,4,,1
27700,'15',626,,1197758,24,4,,1,30,,1197754,24,4,,1,70,,1197759,24,4,,1,32,,1197756,24,4,,1,70,,1197757,24,4,,1,84,,1197755,24,4,,1
27700,'16',626,,1197763,24,4,,1,30,,1197762,24,4,,1,70,,1197760,24,4,,1,32,,1197761,24,4,,1,70,,1083249,24,4,,1,84,,1197764,24,4,,1
27700,'5',626,,1197766,24,4,,1,30,,1197768,24,4,,1,70,,1197765,24,4,,1,32,,1079519,24,4,,1,70,,1197769,24,4,,1,84,,1197767,24,4,,1
27700,'6',626,,1197774,24,4,,1,30,,1197772,24,4,,1,70,,1197770,24,4,,1,32,,1197771,24,4,,1,70,,1197773,24,4,,1,84,,1197775,24,4,,1
27700,'8',626,,1197780,24,4,,1,30,,1197778,24,4,,1,70,,1197776,24,4,,1,32,,1197777,24,4,,1,70,,1197779,24,4,,1,84,,1197781,24,4,,1
27700,'9',626,,1197783,24,4,,1,30,,1197785,24,4,,1,70,,1197782,24,4,,1,32,,1079420,24,4,,1,70,,1197786,24,4,,1,84,,1197784,24,4,,1
27900,'1',649,,1100962,40,4,,1,104,,1197853,40,4,,1,101,,1197854,40,4,,1
27900,'10',649,,1100801,40,4,,1,104,,1197855,40,4,,1,101,,1197856,40,4,,1
27900,'11',649,,1100999,40,4,,1,104,,1197857,40,4,,1,101,,1197858,40,4,,1
27900,'12',649,,1197861,40,4,,1,104,,1197860,40,4,,1,101,,1197859,40,4,,1
27900,'14',649,,1197862,40,4,,1,104,,1197863,40,4,,1,101,,1197864,40,4,,1
27900,'15',649,,1197865,40,4,,1,104,,1197866,40,4,,1,101,,1197867,40,4,,1
27900,'16',649,,1197869,40,4,,1,104,,1197868,40,4,,1,101,,1078738,40,4,,1
27900,'5',649,,1100940,40,4,,1,104,,1197870,40,4,,1,101,,1197871,40,4,,1
27900,'6',649,,1197874,40,4,,1,104,,1197873,40,4,,1,101,,1197872,40,4,,1
27900,'8',649,,1197877,40,4,,1,104,,1197876,40,4,,1,101,,1197875,40,4,,1
27900,'9',649,,1100849,40,4,,1,104,,1197878,40,4,,1,101,,1197879,40,4,,1
30500,'11',1042,,1198197,53,,,1
30500,'15',1042,,1198198,53,,,1
30501,'11',1436,,1198199,10,,,1
30501,'15',1436,,1198200,10,,,1
