5301,'1',552,,1148187,13,,,1,69,,1087231,13,,,1,27,,1148207,13,,,1,70,,1148206,13,,,1,10,,1148202,58,,,1,17,,1148216,58,,,1,57,,1103236,58,,,1,19,,1148217,58,,,1,20,,1148213,58,,,1,17,,1148201,58,,,1,60,,1148219,58,,,1,14,,1148209,58,,,1,14,,1148195,58,,,1,54,,1148190,58,,,1,20,,1148210,58,,,1,20,,1148208,58,,,1,71,,1148212,58,,,1,31,,1148194,58,,,1,71,,1148204,58,,,1,33,,1148211,58,,,1,70,,1148200,58,,,1,30,,1093779,58,,,1,70,,1099192,58,,,1,32,,1148181,58,,,1,73,,1005979,58,,,1,15,,1018480,58,,,1,16,,1148185,58,,,1,59,,1148215,58,,,1,16,,1148205,58,,,1,15,,1148191,58,,,1,14,,1148198,58,,,1,57,,1148182,58,,,1,13,,1086687,58,,,1,16,,1148197,58,,,1,14,,1148218,58,,,1,53,,1148186,58,,,1,13,,1148192,58,,,1,10,,1148203,58,,,1,18,,1148180,58,,,1,66,,1148196,58,,,1,29,,1148214,58,,,1,72,,1148184,58,,,1,27,,1148188,58,,,1,67,,1091894,58,,,1,30,,1148199,58,,,1,70,,1102376,58,,,1,30,,1148193,58,,,1,96,,1030777,58,,,1,97,,1148183,58,,,1,99,,1148189,58,,,1
5301,'10',552,,1148227,13,,,1,69,,1087040,13,,,1,27,,1148247,13,,,1,70,,1148246,13,,,1,10,,1148242,58,,,1,17,,1148256,58,,,1,57,,1103233,58,,,1,19,,1148257,58,,,1,20,,1148253,58,,,1,17,,1148241,58,,,1,60,,1148259,58,,,1,14,,1148249,58,,,1,14,,1148235,58,,,1,54,,1148230,58,,,1,20,,1148250,58,,,1,20,,1148248,58,,,1,71,,1148252,58,,,1,31,,1148234,58,,,1,71,,1148244,58,,,1,33,,1148251,58,,,1,70,,1148240,58,,,1,30,,1093579,58,,,1,70,,1099186,58,,,1,32,,1148221,58,,,1,73,,1006076,58,,,1,15,,1018635,58,,,1,16,,1148225,58,,,1,59,,1148255,58,,,1,16,,1148245,58,,,1,15,,1148231,58,,,1,14,,1148238,58,,,1,57,,1148222,58,,,1,13,,1086517,58,,,1,16,,1148237,58,,,1,14,,1148258,58,,,1,53,,1148226,58,,,1,13,,1148232,58,,,1,10,,1148243,58,,,1,18,,1148220,58,,,1,66,,1148236,58,,,1,29,,1148254,58,,,1,72,,1148224,58,,,1,27,,1148228,58,,,1,67,,1091725,58,,,1,30,,1148239,58,,,1,70,,1102367,58,,,1,30,,1148233,58,,,1,96,,1030917,58,,,1,97,,1148223,58,,,1,99,,1148229,58,,,1
5301,'11',552,,1148267,13,,,1,69,,1087286,13,,,1,27,,1148287,13,,,1,70,,1148286,13,,,1,10,,1148282,58,,,1,17,,1148296,58,,,1,57,,1103237,58,,,1,19,,1148297,58,,,1,20,,1148293,58,,,1,17,,1148281,58,,,1,60,,1148299,58,,,1,14,,1148289,58,,,1,14,,1148275,58,,,1,54,,1148270,58,,,1,20,,1148290,58,,,1,20,,1148288,58,,,1,71,,1148292,58,,,1,31,,1148274,58,,,1,71,,1148284,58,,,1,33,,1148291,58,,,1,70,,1148280,58,,,1,30,,1093839,58,,,1,70,,1099194,58,,,1,32,,1148261,58,,,1,73,,1005949,58,,,1,15,,1018435,58,,,1,16,,1148265,58,,,1,59,,1148295,58,,,1,16,,1148285,58,,,1,15,,1148271,58,,,1,14,,1148278,58,,,1,57,,1148262,58,,,1,13,,1086742,58,,,1,16,,1148277,58,,,1,14,,1148298,58,,,1,53,,1148266,58,,,1,13,,1148272,58,,,1,10,,1148283,58,,,1,18,,1148260,58,,,1,66,,1148276,58,,,1,29,,1148294,58,,,1,72,,1148264,58,,,1,27,,1148268,58,,,1,67,,1091946,58,,,1,30,,1148279,58,,,1,70,,1102379,58,,,1,30,,1148273,58,,,1,96,,1030734,58,,,1,97,,1148263,58,,,1,99,,1148269,58,,,1
5301,'12',552,,1148310,13,,,1,69,,1148313,13,,,1,27,,1148300,13,,,1,70,,1064869,13,,,1,10,,1148330,58,,,1,17,,1148326,58,,,1,57,,1148329,58,,,1,19,,1148338,58,,,1,20,,1148340,58,,,1,17,,1148342,58,,,1,60,,1148332,58,,,1,14,,1148306,58,,,1,14,,1148331,58,,,1,54,,1148309,58,,,1,20,,1148322,58,,,1,20,,1148328,58,,,1,71,,1148325,58,,,1,31,,1148323,58,,,1,71,,1053926,58,,,1,33,,1148315,58,,,1,70,,1148301,58,,,1,30,,1148317,58,,,1,70,,1148302,58,,,1,32,,1148337,58,,,1,73,,1148316,58,,,1,15,,1148336,58,,,1,16,,1148327,58,,,1,59,,1085943,58,,,1,16,,1148339,58,,,1,15,,1148312,58,,,1,14,,1148324,58,,,1,57,,1018141,58,,,1,13,,1080435,58,,,1,16,,1148319,58,,,1,14,,1148304,58,,,1,53,,1148333,58,,,1,13,,1148321,58,,,1,10,,1148341,58,,,1,18,,1148314,58,,,1,66,,1148303,58,,,1,29,,1078234,58,,,1,72,,1148343,58,,,1,27,,1148308,58,,,1,67,,1148334,58,,,1,30,,1148307,58,,,1,70,,1148305,58,,,1,30,,1148335,58,,,1,96,,1148318,58,,,1,97,,1148311,58,,,1,99,,1148320,58,,,1
5301,'13',843,,1148348,58,,,1,100,,1069032,58,,,1,70,,1148366,58,,,1,32,,1148361,58,,,1,70,,1087899,58,,,1,30,,1148345,58,,,1,70,,1148351,58,,,1,32,,1148362,58,,,1,70,,1148354,58,,,1,30,,1148363,58,,,1,65,,1148365,19,,,1,5,,1148360,58,,,1,30,,1148368,58,,,1,70,,1148349,58,,,1,30,,1005550,58,,,1,70,,1148367,58,,,1,28,,1148359,58,,,1,70,,1096063,58,,,1,30,,1148344,58,,,1,70,,1148357,58,,,1,28,,1064837,58,,,1,70,,1148370,58,,,1,30,,1148369,58,,,1,70,,1148371,58,,,1,30,,1148350,58,,,1,70,,1148353,58,,,1,30,,1148352,58,,,1,70,,1148347,58,,,1,30,,1148364,58,,,1,70,,1148346,58,,,1,30,,1148356,58,,,1,70,,1148355,58,,,1,30,,1148358,58,,,1
5301,'14',552,,1148384,13,,,1,69,,1148411,13,,,1,27,,1148405,13,,,1,70,,1148404,13,,,1,10,,1148400,58,,,1,17,,1148416,58,,,1,57,,1148376,58,,,1,19,,1148417,58,,,1,20,,1148412,58,,,1,17,,1148399,58,,,1,60,,1148421,58,,,1,14,,1148407,58,,,1,14,,1148392,58,,,1,54,,1148387,58,,,1,20,,1148408,58,,,1,20,,1148406,58,,,1,71,,1148410,58,,,1,31,,1148391,58,,,1,71,,1148402,58,,,1,33,,1148409,58,,,1,70,,1148398,58,,,1,30,,1148372,58,,,1,70,,1148395,58,,,1,32,,1148375,58,,,1,73,,1148373,58,,,1,15,,1148420,58,,,1,16,,1148382,58,,,1,59,,1148414,58,,,1,16,,1148403,58,,,1,15,,1148388,58,,,1,14,,1148396,58,,,1,57,,1148377,58,,,1,13,,1148380,58,,,1,16,,1148394,58,,,1,14,,1148419,58,,,1,53,,1148383,58,,,1,13,,1148389,58,,,1,10,,1148401,58,,,1,18,,1148374,58,,,1,66,,1148393,58,,,1,29,,1148413,58,,,1,72,,1148381,58,,,1,27,,1148385,58,,,1,67,,1148378,58,,,1,30,,1148397,58,,,1,70,,1148415,58,,,1,30,,1148390,58,,,1,96,,1148418,58,,,1,97,,1148379,58,,,1,99,,1148386,58,,,1
5301,'15',552,,1148442,13,,,1,69,,1148440,13,,,1,27,,1148441,13,,,1,70,,1148469,13,,,1,10,,1148453,58,,,1,17,,1148468,58,,,1,57,,1148431,58,,,1,19,,1148452,58,,,1,20,,1148426,58,,,1,17,,1148430,58,,,1,60,,1148437,58,,,1,14,,1148444,58,,,1,14,,1148446,58,,,1,54,,1148461,58,,,1,20,,1148457,58,,,1,20,,1148451,58,,,1,71,,1148455,58,,,1,31,,1148449,58,,,1,71,,1148450,58,,,1,33,,1148433,58,,,1,70,,1148436,58,,,1,30,,1148438,58,,,1,70,,1148448,58,,,1,32,,1148434,58,,,1,73,,1148422,58,,,1,15,,1148439,58,,,1,16,,1148423,58,,,1,59,,1148454,58,,,1,16,,1148460,58,,,1,15,,1148427,58,,,1,14,,1148429,58,,,1,57,,1148465,58,,,1,13,,1148459,58,,,1,16,,1148464,58,,,1,14,,1148458,58,,,1,53,,1148463,58,,,1,13,,1148443,58,,,1,10,,1148470,58,,,1,18,,1148428,58,,,1,66,,1148467,58,,,1,29,,1148471,58,,,1,72,,1148456,58,,,1,27,,1148462,58,,,1,67,,1148447,58,,,1,30,,1148445,58,,,1,70,,1148425,58,,,1,30,,1148435,58,,,1,96,,1148424,58,,,1,97,,1148466,58,,,1,99,,1148432,58,,,1
5301,'16',552,,1148483,13,,,1,69,,1148486,13,,,1,27,,1148472,13,,,1,70,,1148478,13,,,1,10,,1148504,58,,,1,17,,1148500,58,,,1,57,,1148503,58,,,1,19,,1148512,58,,,1,20,,1148514,58,,,1,17,,1148516,58,,,1,60,,1148506,58,,,1,14,,1148477,58,,,1,14,,1148505,58,,,1,54,,1148482,58,,,1,20,,1148496,58,,,1,20,,1148502,58,,,1,71,,1148499,58,,,1,31,,1148497,58,,,1,71,,1148479,58,,,1,33,,1148488,58,,,1,70,,1148473,58,,,1,30,,1148491,58,,,1,70,,1090025,58,,,1,32,,1148511,58,,,1,73,,1148489,58,,,1,15,,1148510,58,,,1,16,,1148501,58,,,1,59,,1148490,58,,,1,16,,1148513,58,,,1,15,,1148485,58,,,1,14,,1148498,58,,,1,57,,1148517,58,,,1,13,,1148475,58,,,1,16,,1148493,58,,,1,14,,1062163,58,,,1,53,,1148507,58,,,1,13,,1148495,58,,,1,10,,1148515,58,,,1,18,,1148487,58,,,1,66,,1064134,58,,,1,29,,1148474,58,,,1,72,,1148518,58,,,1,27,,1148481,58,,,1,67,,1148508,58,,,1,30,,1148480,58,,,1,70,,1148476,58,,,1,30,,1148509,58,,,1,96,,1148492,58,,,1,97,,1148484,58,,,1,99,,1148494,58,,,1
5301,'17',843,,1148526,58,,,1,100,,1148547,58,,,1,70,,1148544,58,,,1,32,,1148539,58,,,1,70,,1148520,58,,,1,30,,1148521,58,,,1,70,,1148529,58,,,1,32,,1148540,58,,,1,70,,1148532,58,,,1,30,,1148541,58,,,1,65,,1148543,19,,,1,5,,1148538,58,,,1,30,,1148546,58,,,1,70,,1148527,58,,,1,30,,1148522,58,,,1,70,,1148545,58,,,1,28,,1148537,58,,,1,70,,1148550,58,,,1,30,,1148519,58,,,1,70,,1148535,58,,,1,28,,1148525,58,,,1,70,,1148549,58,,,1,30,,1148548,58,,,1,70,,1148551,58,,,1,30,,1148528,58,,,1,70,,1148531,58,,,1,30,,1148530,58,,,1,70,,1148524,58,,,1,30,,1148542,58,,,1,70,,1148523,58,,,1,30,,1148534,58,,,1,70,,1148533,58,,,1,30,,1148536,58,,,1
5301,'2',638,,1148564,13,,,1,100,,1090353,58,,,1,70,,1148558,58,,,1,30,,1148581,58,,,1,70,,1148579,58,,,1,30,,1148556,58,,,1,70,,1148575,58,,,1,32,,1148554,58,,,1,70,,1148566,58,,,1,30,,1148573,58,,,1,70,,1148555,58,,,1,32,,1148562,58,,,1,70,,1148568,58,,,1,30,,1148560,58,,,1,70,,1148578,58,,,1,30,,1148557,58,,,1,70,,1148582,58,,,1,30,,1148565,58,,,1,70,,1148570,58,,,1,28,,1148567,58,,,1,70,,1148569,58,,,1,30,,1148552,58,,,1,70,,1148574,58,,,1,28,,1148576,58,,,1,70,,1148580,58,,,1,30,,1148584,58,,,1,70,,1148577,58,,,1,30,,1099923,58,,,1,70,,1148563,58,,,1,30,,1148559,58,,,1,70,,1148571,58,,,1,30,,1148553,58,,,1,100,,1148561,58,,,1,100,,1148583,58,,,1,100,,1148572,58,,,1
5301,'3',843,,1148592,58,,,1,100,,1148613,58,,,1,70,,1148610,58,,,1,32,,1148605,58,,,1,70,,1148586,58,,,1,30,,1148587,58,,,1,70,,1148595,58,,,1,32,,1148606,58,,,1,70,,1148598,58,,,1,30,,1148607,58,,,1,65,,1148609,19,,,1,5,,1148604,58,,,1,30,,1148612,58,,,1,70,,1148593,58,,,1,30,,1148588,58,,,1,70,,1148611,58,,,1,28,,1148603,58,,,1,70,,1148616,58,,,1,30,,1148585,58,,,1,70,,1148601,58,,,1,28,,1148591,58,,,1,70,,1148615,58,,,1,30,,1148614,58,,,1,70,,1148617,58,,,1,30,,1148594,58,,,1,70,,1148597,58,,,1,30,,1148596,58,,,1,70,,1148590,58,,,1,30,,1148608,58,,,1,70,,1148589,58,,,1,30,,1148600,58,,,1,70,,1148599,58,,,1,30,,1148602,58,,,1
5301,'4',843,,1148627,58,,,1,100,,1079783,58,,,1,70,,1148621,58,,,1,32,,1148623,58,,,1,70,,1148620,58,,,1,30,,1148622,58,,,1,70,,1148642,58,,,1,32,,1148634,58,,,1,70,,1148625,58,,,1,30,,1148619,58,,,1,65,,1148626,19,,,1,5,,1148639,58,,,1,30,,1148633,58,,,1,70,,1148635,58,,,1,30,,1148624,58,,,1,70,,1148629,58,,,1,28,,1148637,58,,,1,70,,1148632,58,,,1,30,,1148643,58,,,1,70,,1148630,58,,,1,28,,1148631,58,,,1,70,,1148636,58,,,1,30,,1013328,58,,,1,70,,1148645,58,,,1,30,,1148618,58,,,1,70,,1089450,58,,,1,30,,995059,58,,,1,70,,1148628,58,,,1,30,,1148641,58,,,1,70,,1148644,58,,,1,30,,1148640,58,,,1,70,,1029379,58,,,1,30,,1148638,58,,,1
5301,'5',552,,1148653,13,,,1,69,,1087193,13,,,1,27,,1148673,13,,,1,70,,1148672,13,,,1,10,,1148668,58,,,1,17,,1148682,58,,,1,57,,1103235,58,,,1,19,,1148683,58,,,1,20,,1148679,58,,,1,17,,1148667,58,,,1,60,,1148685,58,,,1,14,,1148675,58,,,1,14,,1148661,58,,,1,54,,1148656,58,,,1,20,,1148676,58,,,1,20,,1148674,58,,,1,71,,1148678,58,,,1,31,,1148660,58,,,1,71,,1148670,58,,,1,33,,1148677,58,,,1,70,,1148666,58,,,1,30,,1093744,58,,,1,70,,1099190,58,,,1,32,,1148647,58,,,1,73,,1005808,58,,,1,15,,1018248,58,,,1,16,,1148651,58,,,1,59,,1148681,58,,,1,16,,1148671,58,,,1,15,,1148657,58,,,1,14,,1148664,58,,,1,57,,1148648,58,,,1,13,,1086661,58,,,1,16,,1148663,58,,,1,14,,1148684,58,,,1,53,,1148652,58,,,1,13,,1148658,58,,,1,10,,1148669,58,,,1,18,,1148646,58,,,1,66,,1148662,58,,,1,29,,1148680,58,,,1,72,,1148650,58,,,1,27,,1148654,58,,,1,67,,1091864,58,,,1,30,,1148665,58,,,1,70,,1102373,58,,,1,30,,1148659,58,,,1,96,,1030547,58,,,1,97,,1148649,58,,,1,99,,1148655,58,,,1
5301,'6',552,,1148698,13,,,1,69,,1148701,13,,,1,27,,1148686,13,,,1,70,,1148693,13,,,1,10,,1148718,58,,,1,17,,1148714,58,,,1,57,,1148717,58,,,1,19,,1148723,58,,,1,20,,1059105,58,,,1,17,,1148724,58,,,1,60,,1148720,58,,,1,14,,1079257,58,,,1,14,,1148719,58,,,1,54,,1148697,58,,,1,20,,1148710,58,,,1,20,,1148716,58,,,1,71,,1148713,58,,,1,31,,1148711,58,,,1,71,,1148694,58,,,1,33,,1148702,58,,,1,70,,1084527,58,,,1,30,,1148705,58,,,1,70,,1148687,58,,,1,32,,1080838,58,,,1,73,,1148703,58,,,1,15,,1101037,58,,,1,16,,1148715,58,,,1,59,,1148704,58,,,1,16,,997838,58,,,1,15,,1148700,58,,,1,14,,1148712,58,,,1,57,,1148725,58,,,1,13,,1148690,58,,,1,16,,1148707,58,,,1,14,,1148691,58,,,1,53,,1148721,58,,,1,13,,1148709,58,,,1,10,,1090988,58,,,1,18,,1062254,58,,,1,66,,1148689,58,,,1,29,,1148688,58,,,1,72,,1148726,58,,,1,27,,1148696,58,,,1,67,,1148722,58,,,1,30,,1148695,58,,,1,70,,1148692,58,,,1,30,,1100459,58,,,1,96,,1148706,58,,,1,97,,1148699,58,,,1,99,,1148708,58,,,1
5301,'7',638,,1148737,13,,,1,100,,1148745,58,,,1,70,,1148755,58,,,1,30,,1148734,58,,,1,70,,1148753,58,,,1,30,,1148746,58,,,1,70,,1148735,58,,,1,32,,1148729,58,,,1,70,,1148758,58,,,1,30,,1148727,58,,,1,70,,1148751,58,,,1,32,,1148749,58,,,1,70,,1148731,58,,,1,30,,1148750,58,,,1,70,,1148732,58,,,1,30,,1148728,58,,,1,70,,1148739,58,,,1,30,,1148754,58,,,1,70,,1148743,58,,,1,28,,1148740,58,,,1,70,,1148738,58,,,1,30,,1148742,58,,,1,70,,1148733,58,,,1,28,,1148761,58,,,1,70,,1148747,58,,,1,30,,1148730,58,,,1,70,,1148748,58,,,1,30,,1148741,58,,,1,70,,1148736,58,,,1,30,,1148757,58,,,1,70,,1148744,58,,,1,30,,1148759,58,,,1,100,,1148752,58,,,1,100,,1148756,58,,,1,100,,1148760,58,,,1
5301,'8',552,,1148776,13,,,1,69,,1148779,13,,,1,27,,1148762,13,,,1,70,,1148771,13,,,1,10,,1148797,58,,,1,17,,1148793,58,,,1,57,,1148796,58,,,1,19,,1148805,58,,,1,20,,1148807,58,,,1,17,,1148809,58,,,1,60,,1148799,58,,,1,14,,1148770,58,,,1,14,,1148798,58,,,1,54,,1148775,58,,,1,20,,1148789,58,,,1,20,,1148795,58,,,1,71,,1148792,58,,,1,31,,1148790,58,,,1,71,,1148772,58,,,1,33,,1148781,58,,,1,70,,1148763,58,,,1,30,,1148784,58,,,1,70,,1148764,58,,,1,32,,1148804,58,,,1,73,,1148782,58,,,1,15,,1148803,58,,,1,16,,1148794,58,,,1,59,,1148783,58,,,1,16,,1148806,58,,,1,15,,1148778,58,,,1,14,,1148791,58,,,1,57,,1148810,58,,,1,13,,1148767,58,,,1,16,,1148786,58,,,1,14,,1148768,58,,,1,53,,1148800,58,,,1,13,,1148788,58,,,1,10,,1148808,58,,,1,18,,1148780,58,,,1,66,,1148766,58,,,1,29,,1148765,58,,,1,72,,1148811,58,,,1,27,,1148774,58,,,1,67,,1148801,58,,,1,30,,1148773,58,,,1,70,,1148769,58,,,1,30,,1148802,58,,,1,96,,1148785,58,,,1,97,,1148777,58,,,1,99,,1148787,58,,,1
5301,'9',552,,1148819,13,,,1,69,,1087102,13,,,1,27,,1148839,13,,,1,70,,1148838,13,,,1,10,,1148834,58,,,1,17,,1148848,58,,,1,57,,1103234,58,,,1,19,,1148849,58,,,1,20,,1148845,58,,,1,17,,1148833,58,,,1,60,,1148851,58,,,1,14,,1148841,58,,,1,14,,1148827,58,,,1,54,,1148822,58,,,1,20,,1148842,58,,,1,20,,1148840,58,,,1,71,,1148844,58,,,1,31,,1148826,58,,,1,71,,1148836,58,,,1,33,,1148843,58,,,1,70,,1148832,58,,,1,30,,1093635,58,,,1,70,,1099188,58,,,1,32,,1148813,58,,,1,73,,1006009,58,,,1,15,,1018525,58,,,1,16,,1148817,58,,,1,59,,1148847,58,,,1,16,,1148837,58,,,1,15,,1148823,58,,,1,14,,1148830,58,,,1,57,,1148814,58,,,1,13,,1086573,58,,,1,16,,1148829,58,,,1,14,,1148850,58,,,1,53,,1148818,58,,,1,13,,1148824,58,,,1,10,,1148835,58,,,1,18,,1148812,58,,,1,66,,1148828,58,,,1,29,,1148846,58,,,1,72,,1148816,58,,,1,27,,1148820,58,,,1,67,,1091781,58,,,1,30,,1148831,58,,,1,70,,1102370,58,,,1,30,,1148825,58,,,1,96,,1030820,58,,,1,97,,1148815,58,,,1,99,,1148821,58,,,1
7301,'1',1519,,1161896,40,,,1,33,,1161884,40,,,1,76,,1161900,40,,,1,30,,1161899,40,,,1,70,,1161877,40,,,1,30,,1161875,40,,,1,68,,1161874,40,,,1,28,,1161901,40,,,1,70,,1161891,35,,,1
7301,'10',1519,,1161926,40,,,1,33,,1161914,40,,,1,76,,1161930,40,,,1,30,,1161929,40,,,1,70,,1161907,40,,,1,30,,1161905,40,,,1,68,,1161904,40,,,1,28,,1161931,40,,,1,70,,1161921,35,,,1
7301,'11',1519,,1161956,40,,,1,33,,1161944,40,,,1,76,,1161960,40,,,1,30,,1161959,40,,,1,70,,1161937,40,,,1,30,,1161935,40,,,1,68,,1161934,40,,,1,28,,1161961,40,,,1,70,,1161951,35,,,1
7301,'12',1519,,1161968,40,,,1,33,,1161967,40,,,1,76,,1161976,40,,,1,30,,1161991,40,,,1,70,,1161973,40,,,1,30,,1161977,40,,,1,68,,1161964,40,,,1,28,,1161980,40,,,1,70,,1161978,35,,,1
7301,'14',1519,,1162019,40,,,1,33,,1162007,40,,,1,76,,1162023,40,,,1,30,,1162022,40,,,1,70,,1162000,40,,,1,30,,1161998,40,,,1,68,,1161997,40,,,1,28,,1162024,40,,,1,70,,1162014,35,,,1
7301,'15',1519,,1162049,40,,,1,33,,1162052,40,,,1,76,,1162045,40,,,1,30,,1162061,40,,,1,70,,1162031,40,,,1,30,,1162038,40,,,1,68,,1162051,40,,,1,28,,1162042,40,,,1,70,,1162034,35,,,1
7301,'16',1519,,1162066,40,,,1,33,,1162065,40,,,1,76,,1162074,40,,,1,30,,1075991,40,,,1,70,,1065496,40,,,1,30,,1162075,40,,,1,68,,1065826,40,,,1,28,,1162078,40,,,1,70,,1162076,35,,,1
7301,'5',1519,,1162114,40,,,1,33,,1162102,40,,,1,76,,1162118,40,,,1,30,,1162117,40,,,1,70,,1162095,40,,,1,30,,1162093,40,,,1,68,,1162092,40,,,1,28,,1162119,40,,,1,70,,1162109,35,,,1
7301,'6',1519,,1162123,40,,,1,33,,1013966,40,,,1,76,,1162132,40,,,1,30,,1162146,40,,,1,70,,1162128,40,,,1,30,,1162133,40,,,1,68,,1162122,40,,,1,28,,1162136,40,,,1,70,,1162134,35,,,1
7301,'8',1519,,1162153,40,,,1,33,,1162152,40,,,1,76,,1162163,40,,,1,30,,1162178,40,,,1,70,,1162159,40,,,1,30,,1162164,40,,,1,68,,1162149,40,,,1,28,,1162167,40,,,1,70,,1162165,35,,,1
7301,'9',1519,,1162205,40,,,1,33,,1162193,40,,,1,76,,1162209,40,,,1,30,,1162208,40,,,1,70,,1162186,40,,,1,30,,1162184,40,,,1,68,,1162183,40,,,1,28,,1162210,40,,,1,70,,1162200,35,,,1
7401,'1',615,,1103761,27,,,1,24,,1162967,27,,,1,18,,1163009,27,,,1,57,,1162983,27,,,1,13,,1162993,27,,,1,10,,1162975,17,,,1,5,,1162999,27,,,1,12,,1162965,27,,,1,58,,1162986,27,,,1,16,,1005990,27,,,1,14,,1162973,27,,,1,15,,1163000,27,,,1,57,,1003156,27,,,1,15,,1162970,27,,,1,14,,1162995,27,,,1,15,,1162976,27,,,1,56,,1163004,27,,,1,15,,1162994,27,,,1,15,,1162979,27,,,1,15,,1096134,27,,,1,54,,1088158,27,,,1,15,,1163006,27,,,1,15,,1162981,27,,,1,15,,1162992,27,,,1,55,,1162998,27,,,1,15,,1005233,27,,,1,15,,1098140,27,,,1,15,,1162985,27,,,1,55,,1162977,27,,,1,15,,1162980,27,,,1,15,,1162978,27,,,1,15,,1162972,27,,,1,55,,1162974,27,,,1,15,,1162997,27,,,1,15,,1162988,27,,,1,15,,1162982,27,,,1,55,,1162966,27,,,1,15,,1062140,27,,,1,16,,1162968,27,,,1,15,,1072344,27,,,1,55,,1072632,27,,,1,17,,1162969,27,,,1,16,,1162987,27,,,1,57,,1162964,27,,,1,13,,1163008,27,,,1,15,,1162984,27,,,1,15,,1162989,27,,,1,55,,1163007,27,,,1,15,,1089226,27,,,1,15,,1046245,27,,,1,68,,1163001,27,,,1,26,,1162990,27,,,1,30,,1163002,27,,,1,70,,1163005,27,,,1,30,,1163003,27,,,1,70,,1162963,27,,,1,30,,1162971,27,,,1
7401,'10',615,,1103734,27,,,1,24,,1163014,27,,,1,18,,1163056,27,,,1,57,,1163030,27,,,1,13,,1163040,27,,,1,10,,1163022,17,,,1,5,,1163046,27,,,1,12,,1163012,27,,,1,58,,1163033,27,,,1,16,,1006087,27,,,1,14,,1163020,27,,,1,15,,1163047,27,,,1,57,,1003233,27,,,1,15,,1163017,27,,,1,14,,1163042,27,,,1,15,,1163023,27,,,1,56,,1163051,27,,,1,15,,1163041,27,,,1,15,,1163026,27,,,1,15,,1095991,27,,,1,54,,1087750,27,,,1,15,,1163053,27,,,1,15,,1163028,27,,,1,15,,1163039,27,,,1,55,,1163045,27,,,1,15,,1005327,27,,,1,15,,1097990,27,,,1,15,,1163032,27,,,1,55,,1163024,27,,,1,15,,1163027,27,,,1,15,,1163025,27,,,1,15,,1163019,27,,,1,55,,1163021,27,,,1,15,,1163044,27,,,1,15,,1163035,27,,,1,15,,1163029,27,,,1,55,,1163013,27,,,1,15,,1061907,27,,,1,16,,1163015,27,,,1,15,,1072198,27,,,1,55,,1072485,27,,,1,17,,1163016,27,,,1,16,,1163034,27,,,1,57,,1163011,27,,,1,13,,1163055,27,,,1,15,,1163031,27,,,1,15,,1163036,27,,,1,55,,1163054,27,,,1,15,,1089031,27,,,1,15,,1046333,27,,,1,68,,1163048,27,,,1,26,,1163037,27,,,1,30,,1163049,27,,,1,70,,1163052,27,,,1,30,,1163050,27,,,1,70,,1163010,27,,,1,30,,1163018,27,,,1
7401,'11',615,,1103770,27,,,1,24,,1163061,27,,,1,18,,1163103,27,,,1,57,,1163077,27,,,1,13,,1163087,27,,,1,10,,1163069,17,,,1,5,,1163093,27,,,1,12,,1163059,27,,,1,58,,1163080,27,,,1,16,,1005960,27,,,1,14,,1163067,27,,,1,15,,1163094,27,,,1,57,,1003136,27,,,1,15,,1163064,27,,,1,14,,1163089,27,,,1,15,,1163070,27,,,1,56,,1163098,27,,,1,15,,1163088,27,,,1,15,,1163073,27,,,1,15,,1096177,27,,,1,54,,1088270,27,,,1,15,,1163100,27,,,1,15,,1163075,27,,,1,15,,1163086,27,,,1,55,,1163092,27,,,1,15,,1005205,27,,,1,15,,1098185,27,,,1,15,,1163079,27,,,1,55,,1163071,27,,,1,15,,1163074,27,,,1,15,,1163072,27,,,1,15,,1163066,27,,,1,55,,1163068,27,,,1,15,,1163091,27,,,1,15,,1163082,27,,,1,15,,1163076,27,,,1,55,,1163060,27,,,1,15,,1062215,27,,,1,16,,1163062,27,,,1,15,,1072380,27,,,1,55,,1072673,27,,,1,17,,1163063,27,,,1,16,,1163081,27,,,1,57,,1163058,27,,,1,13,,1163102,27,,,1,15,,1163078,27,,,1,15,,1163083,27,,,1,55,,1163101,27,,,1,15,,1089281,27,,,1,15,,1046219,27,,,1,68,,1163095,27,,,1,26,,1163084,27,,,1,30,,1163096,27,,,1,70,,1163099,27,,,1,30,,1163097,27,,,1,70,,1163057,27,,,1,30,,1163065,27,,,1
7401,'12',615,,1163144,27,,,1,24,,1163150,27,,,1,18,,1163143,27,,,1,57,,1163129,27,,,1,13,,1163154,27,,,1,10,,1163106,17,,,1,5,,1163122,27,,,1,12,,1163148,27,,,1,58,,1163125,27,,,1,16,,1163132,27,,,1,14,,1163112,27,,,1,15,,1163113,27,,,1,57,,1163114,27,,,1,15,,1163120,27,,,1,14,,1163109,27,,,1,15,,1163108,27,,,1,56,,1163121,27,,,1,15,,1163141,27,,,1,15,,1163118,27,,,1,15,,1163124,27,,,1,54,,1163158,27,,,1,15,,1163140,27,,,1,15,,1163135,27,,,1,15,,1163119,27,,,1,55,,1163151,27,,,1,15,,1163138,27,,,1,15,,1096372,27,,,1,15,,1163115,27,,,1,55,,1163137,27,,,1,15,,1020172,27,,,1,15,,1163128,27,,,1,15,,1163123,27,,,1,55,,1163117,27,,,1,15,,1163156,27,,,1,15,,1163126,27,,,1,15,,1163133,27,,,1,55,,1070267,27,,,1,15,,1038829,27,,,1,16,,1163110,27,,,1,15,,1163107,27,,,1,55,,1163155,27,,,1,17,,1163127,27,,,1,16,,1163146,27,,,1,57,,1163104,27,,,1,13,,1163153,27,,,1,15,,1163152,27,,,1,15,,1163149,27,,,1,55,,1163147,27,,,1,15,,1163105,27,,,1,15,,1163159,27,,,1,68,,1163142,27,,,1,26,,1163139,27,,,1,30,,1163145,27,,,1,70,,1163130,27,,,1,30,,1163136,27,,,1,70,,1163116,27,,,1,30,,1163134,27,,,1
7401,'13',1007,,1163182,27,,,1,31,,1163172,27,,,1,70,,1163177,27,,,1,30,,1163161,27,,,1,70,,1163170,27,,,1,30,,1163184,27,,,1,70,,1163171,27,,,1,30,,1163167,27,,,1,70,,1163168,27,,,1,30,,1163179,27,,,1,70,,1163181,27,,,1,30,,1163183,27,,,1,70,,1163166,27,,,1,29,,1163174,27,,,1,70,,1163164,27,,,1
7401,'14',615,,1163192,27,,,1,24,,1163191,27,,,1,18,,1163242,27,,,1,57,,1163212,27,,,1,13,,1163222,27,,,1,10,,1163203,17,,,1,5,,1163228,27,,,1,12,,1163187,27,,,1,58,,1163215,27,,,1,16,,1163194,27,,,1,14,,1163201,27,,,1,15,,1163229,27,,,1,57,,1163188,27,,,1,15,,1163198,27,,,1,14,,1163224,27,,,1,15,,1163204,27,,,1,56,,1163234,27,,,1,15,,1163223,27,,,1,15,,1163207,27,,,1,15,,1163237,27,,,1,54,,1163239,27,,,1,15,,1163236,27,,,1,15,,1163209,27,,,1,15,,1163221,27,,,1,55,,1163227,27,,,1,15,,1163244,27,,,1,15,,1163195,27,,,1,15,,1163214,27,,,1,55,,1163205,27,,,1,15,,1163208,27,,,1,15,,1163206,27,,,1,15,,1163200,27,,,1,55,,1163202,27,,,1,15,,1163226,27,,,1,15,,1163217,27,,,1,15,,1163211,27,,,1,55,,1163190,27,,,1,15,,1163231,27,,,1,16,,1163193,27,,,1,15,,1163189,27,,,1,55,,1163241,27,,,1,17,,1163196,27,,,1,16,,1163216,27,,,1,57,,1163186,27,,,1,13,,1163240,27,,,1,15,,1163213,27,,,1,15,,1163218,27,,,1,55,,1163238,27,,,1,15,,1163243,27,,,1,15,,1163197,27,,,1,68,,1163230,27,,,1,26,,1163219,27,,,1,30,,1163232,27,,,1,70,,1163235,27,,,1,30,,1163233,27,,,1,70,,1163185,27,,,1,30,,1163199,27,,,1
7401,'15',615,,1163265,27,,,1,24,,1163295,27,,,1,18,,1163268,27,,,1,57,,1163288,27,,,1,13,,1163256,27,,,1,10,,1163260,17,,,1,5,,1163247,27,,,1,12,,1163274,27,,,1,58,,1163250,27,,,1,16,,1163246,27,,,1,14,,1163266,27,,,1,15,,1163280,27,,,1,57,,1163302,27,,,1,15,,1163248,27,,,1,14,,1163262,27,,,1,15,,1163301,27,,,1,56,,1163267,27,,,1,15,,1163272,27,,,1,15,,1163275,27,,,1,15,,1163303,27,,,1,54,,1163277,27,,,1,15,,1163289,27,,,1,15,,1163285,27,,,1,15,,1163251,27,,,1,55,,1163279,27,,,1,15,,1163278,27,,,1,15,,1163254,27,,,1,15,,1163264,27,,,1,55,,1163263,27,,,1,15,,1163249,27,,,1,15,,1163294,27,,,1,15,,1163257,27,,,1,55,,1163292,27,,,1,15,,1163283,27,,,1,15,,1163287,27,,,1,15,,1163253,27,,,1,55,,1163276,27,,,1,15,,1163300,27,,,1,16,,1163269,27,,,1,15,,1163252,27,,,1,55,,1163290,27,,,1,17,,1163261,27,,,1,16,,1163258,27,,,1,57,,1163270,27,,,1,13,,1163284,27,,,1,15,,1163281,27,,,1,15,,1163282,27,,,1,55,,1163298,27,,,1,15,,1163291,27,,,1,15,,1163286,27,,,1,68,,1163296,27,,,1,26,,1163304,27,,,1,30,,1163297,27,,,1,70,,1163259,27,,,1,30,,1163273,27,,,1,70,,1163255,27,,,1,30,,1163293,27,,,1
7401,'16',615,,1163338,27,,,1,24,,1163344,27,,,1,18,,1163337,27,,,1,57,,1163323,27,,,1,13,,1163347,27,,,1,10,,1087593,17,,,1,5,,1163317,27,,,1,12,,1163342,27,,,1,58,,1163319,27,,,1,16,,1163326,27,,,1,14,,1074546,27,,,1,15,,1052153,27,,,1,57,,1163310,27,,,1,15,,1163315,27,,,1,14,,1163309,27,,,1,15,,1071304,27,,,1,56,,1163316,27,,,1,15,,1163335,27,,,1,15,,1163313,27,,,1,15,,1163318,27,,,1,54,,1095937,27,,,1,15,,1163334,27,,,1,15,,1163329,27,,,1,15,,1163314,27,,,1,55,,1163345,27,,,1,15,,1163332,27,,,1,15,,1163308,27,,,1,15,,1037978,27,,,1,55,,1163331,27,,,1,15,,1163346,27,,,1,15,,1163322,27,,,1,15,,1079880,27,,,1,55,,1163312,27,,,1,15,,1163349,27,,,1,15,,1163320,27,,,1,15,,1163327,27,,,1,55,,1163306,27,,,1,15,,1163350,27,,,1,16,,1070967,27,,,1,15,,1163307,27,,,1,55,,1163348,27,,,1,17,,1163321,27,,,1,16,,1163340,27,,,1,57,,1163305,27,,,1,13,,1090515,27,,,1,15,,1052155,27,,,1,15,,1163343,27,,,1,55,,1163341,27,,,1,15,,1064133,27,,,1,15,,1163351,27,,,1,68,,1163336,27,,,1,26,,1163333,27,,,1,30,,1163339,27,,,1,70,,1163324,27,,,1,30,,1163330,27,,,1,70,,1163311,27,,,1,30,,1163328,27,,,1
7401,'17',1007,,1163375,27,,,1,31,,1163365,27,,,1,70,,1163370,27,,,1,30,,1163354,27,,,1,70,,1163363,27,,,1,30,,1163377,27,,,1,70,,1163364,27,,,1,30,,1163360,27,,,1,70,,1163361,27,,,1,30,,1163372,27,,,1,70,,1163374,27,,,1,30,,1163376,27,,,1,70,,1163359,27,,,1,29,,1163367,27,,,1,70,,1163357,27,,,1
7401,'2',828,,1163396,27,,,1,31,,1163403,27,,,1,70,,1163383,27,,,1,71,,1163382,27,,,1,31,,1163398,27,,,1,70,,1163391,27,,,1,30,,1163399,27,,,1,70,,1017152,27,,,1,30,,1163385,27,,,1,70,,1163390,27,,,1,30,,1163388,27,,,1,70,,1163380,27,,,1,30,,1163381,27,,,1,70,,1163393,27,,,1,30,,1163408,27,,,1,70,,1163407,27,,,1,29,,1163378,27,,,1,70,,1163404,27,,,1,28,,1163401,27,,,1,30,,1098245,27,,,1,70,,1163397,27,,,1,30,,1163402,27,,,1,70,,1163386,27,,,1,30,,1163379,27,,,1,70,,1163387,27,,,1,30,,1063375,27,,,1
7401,'3',1007,,1163432,27,,,1,31,,1163422,27,,,1,70,,1163427,27,,,1,30,,1163411,27,,,1,70,,1163420,27,,,1,30,,1163434,27,,,1,70,,1163421,27,,,1,30,,1163417,27,,,1,70,,1163418,27,,,1,30,,1163429,27,,,1,70,,1163431,27,,,1,30,,1163433,27,,,1,70,,1163416,27,,,1,29,,1163424,27,,,1,70,,1163414,27,,,1
7401,'4',1007,,1163447,27,,,1,31,,1163455,27,,,1,70,,1163454,27,,,1,30,,1163437,27,,,1,70,,1163435,27,,,1,30,,1163456,27,,,1,70,,1163459,27,,,1,30,,1163443,27,,,1,70,,1163439,27,,,1,30,,1163440,27,,,1,70,,1163444,27,,,1,30,,1163438,27,,,1,70,,1163441,27,,,1,29,,1163446,27,,,1,70,,1163449,27,,,1
7401,'5',615,,1103752,27,,,1,24,,1163464,27,,,1,18,,1163506,27,,,1,57,,1163480,27,,,1,13,,1163490,27,,,1,10,,1163472,17,,,1,5,,1163496,27,,,1,12,,1163462,27,,,1,58,,1163483,27,,,1,16,,1005819,27,,,1,14,,1163470,27,,,1,15,,1163497,27,,,1,57,,1003046,27,,,1,15,,1163467,27,,,1,14,,1163492,27,,,1,15,,1163473,27,,,1,56,,1163501,27,,,1,15,,1163491,27,,,1,15,,1163476,27,,,1,15,,1096114,27,,,1,54,,1088097,27,,,1,15,,1163503,27,,,1,15,,1163478,27,,,1,15,,1163489,27,,,1,55,,1163495,27,,,1,15,,1005070,27,,,1,15,,1098118,27,,,1,15,,1163482,27,,,1,55,,1163474,27,,,1,15,,1163477,27,,,1,15,,1163475,27,,,1,15,,1163469,27,,,1,55,,1163471,27,,,1,15,,1163494,27,,,1,15,,1163485,27,,,1,15,,1163479,27,,,1,55,,1163463,27,,,1,15,,1062092,27,,,1,16,,1163465,27,,,1,15,,1072323,27,,,1,55,,1072610,27,,,1,17,,1163466,27,,,1,16,,1163484,27,,,1,57,,1163461,27,,,1,13,,1163505,27,,,1,15,,1163481,27,,,1,15,,1163486,27,,,1,55,,1163504,27,,,1,15,,1089188,27,,,1,15,,1046091,27,,,1,68,,1163498,27,,,1,26,,1163487,27,,,1,30,,1163499,27,,,1,70,,1163502,27,,,1,30,,1163500,27,,,1,70,,1163460,27,,,1,30,,1163468,27,,,1
7401,'6',615,,1163546,27,,,1,24,,1163551,27,,,1,18,,1163545,27,,,1,57,,1163531,27,,,1,13,,1163556,27,,,1,10,,1163509,17,,,1,5,,1163524,27,,,1,12,,1163549,27,,,1,58,,1163527,27,,,1,16,,1163534,27,,,1,14,,1163515,27,,,1,15,,1163516,27,,,1,57,,965696,27,,,1,15,,1163522,27,,,1,14,,1103028,27,,,1,15,,1163511,27,,,1,56,,1163523,27,,,1,15,,1163543,27,,,1,15,,1163520,27,,,1,15,,1163526,27,,,1,54,,1163559,27,,,1,15,,1163542,27,,,1,15,,1163537,27,,,1,15,,1163521,27,,,1,55,,1163552,27,,,1,15,,1163540,27,,,1,15,,1163512,27,,,1,15,,1163517,27,,,1,55,,1163539,27,,,1,15,,1163553,27,,,1,15,,1163530,27,,,1,15,,1163525,27,,,1,55,,1163519,27,,,1,15,,1014334,27,,,1,15,,1163528,27,,,1,15,,1163535,27,,,1,55,,1163510,27,,,1,15,,1163557,27,,,1,16,,1163513,27,,,1,15,,1082497,27,,,1,55,,1082715,27,,,1,17,,1163529,27,,,1,16,,1163548,27,,,1,57,,1163507,27,,,1,13,,1163555,27,,,1,15,,1163554,27,,,1,15,,1163550,27,,,1,55,,1004987,27,,,1,15,,1163508,27,,,1,15,,1097596,27,,,1,68,,1163544,27,,,1,26,,1163541,27,,,1,30,,1163547,27,,,1,70,,1163532,27,,,1,30,,1163538,27,,,1,70,,1163518,27,,,1,30,,1163536,27,,,1
7401,'7',828,,1163588,27,,,1,31,,1163581,27,,,1,70,,1163586,27,,,1,71,,1163569,27,,,1,31,,1163579,27,,,1,70,,1163563,27,,,1,30,,1163580,27,,,1,70,,1163592,27,,,1,30,,1163585,27,,,1,70,,1163571,27,,,1,30,,1163566,27,,,1,70,,1163593,27,,,1,30,,1163583,27,,,1,70,,1163590,27,,,1,30,,1163561,27,,,1,70,,1163584,27,,,1,29,,1163564,27,,,1,70,,1163576,27,,,1,28,,1163567,27,,,1,30,,1163589,27,,,1,70,,1163587,27,,,1,30,,1163582,27,,,1,70,,1163562,27,,,1,30,,1163577,27,,,1,70,,1163591,27,,,1,30,,1163575,27,,,1
7401,'8',615,,1163636,27,,,1,24,,1163642,27,,,1,18,,1163635,27,,,1,57,,1163621,27,,,1,13,,1163647,27,,,1,10,,1163596,17,,,1,5,,1163614,27,,,1,12,,1163640,27,,,1,58,,1163617,27,,,1,16,,1163624,27,,,1,14,,1163604,27,,,1,15,,1163605,27,,,1,57,,1163606,27,,,1,15,,1163612,27,,,1,14,,1163601,27,,,1,15,,1163599,27,,,1,56,,1163613,27,,,1,15,,1163633,27,,,1,15,,1163610,27,,,1,15,,1163616,27,,,1,54,,1163652,27,,,1,15,,1163632,27,,,1,15,,1163627,27,,,1,15,,1163611,27,,,1,55,,1163643,27,,,1,15,,1163630,27,,,1,15,,1163600,27,,,1,15,,1163607,27,,,1,55,,1163629,27,,,1,15,,1163644,27,,,1,15,,1163620,27,,,1,15,,1163615,27,,,1,55,,1163609,27,,,1,15,,1163649,27,,,1,15,,1163618,27,,,1,15,,1163625,27,,,1,55,,1163597,27,,,1,15,,1163650,27,,,1,16,,1163602,27,,,1,15,,1163598,27,,,1,55,,1163648,27,,,1,17,,1163619,27,,,1,16,,1163638,27,,,1,57,,1163594,27,,,1,13,,1163646,27,,,1,15,,1163645,27,,,1,15,,1163641,27,,,1,55,,1163639,27,,,1,15,,1163595,27,,,1,15,,1163653,27,,,1,68,,1163634,27,,,1,26,,1163631,27,,,1,30,,1163637,27,,,1,70,,1163622,27,,,1,30,,1163628,27,,,1,70,,1163608,27,,,1,30,,1163626,27,,,1
7401,'9',615,,1103743,27,,,1,24,,1163658,27,,,1,18,,1163700,27,,,1,57,,1163674,27,,,1,13,,1163684,27,,,1,10,,1163666,17,,,1,5,,1163690,27,,,1,12,,1163656,27,,,1,58,,1163677,27,,,1,16,,1006020,27,,,1,14,,1163664,27,,,1,15,,1163691,27,,,1,57,,1003176,27,,,1,15,,1163661,27,,,1,14,,1163686,27,,,1,15,,1163667,27,,,1,56,,1163695,27,,,1,15,,1163685,27,,,1,15,,1163670,27,,,1,15,,1096037,27,,,1,54,,1087880,27,,,1,15,,1163697,27,,,1,15,,1163672,27,,,1,15,,1163683,27,,,1,55,,1163689,27,,,1,15,,1005261,27,,,1,15,,1098034,27,,,1,15,,1163676,27,,,1,55,,1163668,27,,,1,15,,1163671,27,,,1,15,,1163669,27,,,1,15,,1163663,27,,,1,55,,1163665,27,,,1,15,,1163688,27,,,1,15,,1163679,27,,,1,15,,1163673,27,,,1,55,,1163657,27,,,1,15,,1061981,27,,,1,16,,1163659,27,,,1,15,,1072245,27,,,1,55,,1072533,27,,,1,17,,1163660,27,,,1,16,,1163678,27,,,1,57,,1163655,27,,,1,13,,1163699,27,,,1,15,,1163675,27,,,1,15,,1163680,27,,,1,55,,1163698,27,,,1,15,,1089094,27,,,1,15,,1046271,27,,,1,68,,1163692,27,,,1,26,,1163681,27,,,1,30,,1163693,27,,,1,70,,1163696,27,,,1,30,,1163694,27,,,1,70,,1163654,27,,,1,30,,1163662,27,,,1
7500,'1',343,,1060869,12,,,1,66,,1089192,12,,,1,29,,1022446,12,0,15 16,1,74,,1163712,12,0,15 16,1,28,,1163703,12,0,15 16,1,16,,1163747,12,0,15 16,1,59,,1163710,33,0,15 16,1,14,,1163708,12,0,15 16,1,15,,1163715,33,0,15 16,1,14,,1163765,12,0,15 16,1,45,,1163704,12,0,15 16,1,5,,1163741,12,0,15 16,1,6,,1163742,33,0,15 16,1,10,,1163746,12,0,15 16,1,5,,1163701,33,0,15 16,1,7,,1163768,12,0,15 16,1,4,,1163702,12,0,15 16,1,9,,1163759,33,0,15 16,1,2,,1163767,12,0,15 16,1,3,,1163707,12,0,15 16,1,48,,1047250,12,0,15 16,1,10,,1069815,33,0,15 16,1,6,,1163705,12,0,14,1,2,,1163714,12,0,15 16,1,5,,1163758,12,0,15 16,1,9,,1163750,33,0,15 16,1,22,,1163731,33,0,15 16,1,53,,1163729,33,0,15 16,1,15,,1163711,33,0,15 16,1,17,,1163709,33,0,15 16,1,15,,1163762,33,0,15 16,1,54,,1163740,33,0,15 16,1,15,,1163754,33,0,15 16,1,14,,1163771,33,0,15 16,1,15,,1163720,33,0,15 16,1,55,,1163775,33,0,15 16,1,15,,1163772,33,0,15 16,1,15,,1092911,33,0,15 16,1,15,,1163734,33,0,15 16,1,55,,1163730,33,0,15 16,1,15,,1163738,33,0,15 16,1,15,,1163753,33,0,15 16,1,15,,936910,33,0,15 16,1,55,,1078317,33,0,15 16,1,16,,1163725,12,0,15 16,1,14,,1163779,33,0,15 16,1,17,,1163749,12,0,15 16,1,54,,1163761,33,0,15 16,1,16,,1163756,12,0,15 16,1,15,,1163744,33,0,15 16,1,15,,1163716,12,0,15 16,1,55,,1163745,33,0,15 16,1,16,,1003385,12,0,15 16,1,16,,1163733,33,0,15 16,1,59,,1163743,12,0,15 16,1,18,,1163727,33,0,15 16,1,13,,1163722,12,0,15 16,1,14,,1163776,33,0,15 16,1,54,,1163755,12,0,15 16,1,14,,1163713,33,0,15 16,1,15,,1163718,12,0,15 16,1,16,,1079845,33,0,15 16,1,12,,1163732,12,0,15 16,1,53,,1163766,33,0,15 16,1,15,,1163777,12,0,15 16,1,13,,1163735,33,0,15 16,1,17,,1163751,12,0,15 16,1,55,,1163706,33,0,15 16,1,17,,1163774,12,0,15 16,1,17,,1163737,33,0,15 16,1,57,,1163724,12,0,15 16,1,15,,1163728,33,0,15 16,1,19,,1163736,12,0,15 16,1,12,,1163717,33,0,15 16,1,56,,1163721,12,0,15 16,1,17,,1163764,33,0,15 16,1,14,,1163723,12,0,15 16,1,13,,1163748,33,0,15 16,1,56,,1163757,12,0,15 16,1,15,,977867,33,0,15 16,1,12,,1163760,12,0,15 16,1,18,,1163778,33,0,15 16,1,52,,1092858,12,0,15 16,1,14,,1163770,33,0,15 16,1,21,,1163773,12,0,15 16,1,70,,1163769,12,0,15 16,1,30,,1163739,12,,,1,69,,1163726,12,,,1,29,,1003826,12,,,1,69,,1163719,12,,,1,30,,1163763,12,,,1,80,,1163752,12,,,1
7500,'10',343,,1060875,12,,,1,66,,1088997,12,,,1,29,,1022573,12,0,15 16,1,74,,1163791,12,0,15 16,1,28,,1163782,12,0,15 16,1,16,,1163826,12,0,15 16,1,59,,1163789,33,0,15 16,1,14,,1163787,12,0,15 16,1,15,,1163794,33,0,15 16,1,14,,1163844,12,0,15 16,1,45,,1163783,12,0,15 16,1,5,,1163820,12,0,15 16,1,6,,1163821,33,0,15 16,1,10,,1163825,12,0,15 16,1,5,,1163780,33,0,15 16,1,7,,1163847,12,0,15 16,1,4,,1163781,12,0,15 16,1,9,,1163838,33,0,15 16,1,2,,1163846,12,0,15 16,1,3,,1163786,12,0,15 16,1,48,,1047431,12,0,15 16,1,10,,1069670,33,0,15 16,1,6,,1163784,12,0,14,1,2,,1163793,12,0,15 16,1,5,,1163837,12,0,15 16,1,9,,1163829,33,0,15 16,1,22,,1163810,33,0,15 16,1,53,,1163808,33,0,15 16,1,15,,1163790,33,0,15 16,1,17,,1163788,33,0,15 16,1,15,,1163841,33,0,15 16,1,54,,1163819,33,0,15 16,1,15,,1163833,33,0,15 16,1,14,,1163850,33,0,15 16,1,15,,1163799,33,0,15 16,1,55,,1163854,33,0,15 16,1,15,,1163851,33,0,15 16,1,15,,1092593,33,0,15 16,1,15,,1163813,33,0,15 16,1,55,,1163809,33,0,15 16,1,15,,1163817,33,0,15 16,1,15,,1163832,33,0,15 16,1,15,,936528,33,0,15 16,1,55,,1078105,33,0,15 16,1,16,,1163804,12,0,15 16,1,14,,1163858,33,0,15 16,1,17,,1163828,12,0,15 16,1,54,,1163840,33,0,15 16,1,16,,1163835,12,0,15 16,1,15,,1163823,33,0,15 16,1,15,,1163795,12,0,15 16,1,55,,1163824,33,0,15 16,1,16,,1003461,12,0,15 16,1,16,,1163812,33,0,15 16,1,59,,1163822,12,0,15 16,1,18,,1163806,33,0,15 16,1,13,,1163801,12,0,15 16,1,14,,1163855,33,0,15 16,1,54,,1163834,12,0,15 16,1,14,,1163792,33,0,15 16,1,15,,1163797,12,0,15 16,1,16,,1079682,33,0,15 16,1,12,,1163811,12,0,15 16,1,53,,1163845,33,0,15 16,1,15,,1163856,12,0,15 16,1,13,,1163814,33,0,15 16,1,17,,1163830,12,0,15 16,1,55,,1163785,33,0,15 16,1,17,,1163853,12,0,15 16,1,17,,1163816,33,0,15 16,1,57,,1163803,12,0,15 16,1,15,,1163807,33,0,15 16,1,19,,1163815,12,0,15 16,1,12,,1163796,33,0,15 16,1,56,,1163800,12,0,15 16,1,17,,1163843,33,0,15 16,1,14,,1163802,12,0,15 16,1,13,,1163827,33,0,15 16,1,56,,1163836,12,0,15 16,1,15,,977670,33,0,15 16,1,12,,1163839,12,0,15 16,1,18,,1163857,33,0,15 16,1,52,,1092541,12,0,15 16,1,14,,1163849,33,0,15 16,1,21,,1163852,12,0,15 16,1,70,,1163848,12,0,15 16,1,30,,1163818,12,,,1,69,,1163805,12,,,1,29,,1003983,12,,,1,69,,1163798,12,,,1,30,,1163842,12,,,1,80,,1163831,12,,,1
7500,'11',343,,1060867,12,,,1,66,,1089247,12,,,1,29,,1022407,12,0,15 16,1,74,,1163870,12,0,15 16,1,28,,1163861,12,0,15 16,1,16,,1163905,12,0,15 16,1,59,,1163868,33,0,15 16,1,14,,1163866,12,0,15 16,1,15,,1163873,33,0,15 16,1,14,,1163923,12,0,15 16,1,45,,1163862,12,0,15 16,1,5,,1163899,12,0,15 16,1,6,,1163900,33,0,15 16,1,10,,1163904,12,0,15 16,1,5,,1163859,33,0,15 16,1,7,,1163926,12,0,15 16,1,4,,1163860,12,0,15 16,1,9,,1163917,33,0,15 16,1,2,,1163925,12,0,15 16,1,3,,1163865,12,0,15 16,1,48,,1047198,12,0,15 16,1,10,,1069859,33,0,15 16,1,6,,1163863,12,0,14,1,2,,1163872,12,0,15 16,1,5,,1163916,12,0,15 16,1,9,,1163908,33,0,15 16,1,22,,1163889,33,0,15 16,1,53,,1163887,33,0,15 16,1,15,,1163869,33,0,15 16,1,17,,1163867,33,0,15 16,1,15,,1163920,33,0,15 16,1,54,,1163898,33,0,15 16,1,15,,1163912,33,0,15 16,1,14,,1163929,33,0,15 16,1,15,,1163878,33,0,15 16,1,55,,1163933,33,0,15 16,1,15,,1163930,33,0,15 16,1,15,,1093001,33,0,15 16,1,15,,1163892,33,0,15 16,1,55,,1163888,33,0,15 16,1,15,,1163896,33,0,15 16,1,15,,1163911,33,0,15 16,1,15,,936857,33,0,15 16,1,55,,1078379,33,0,15 16,1,16,,1163883,12,0,15 16,1,14,,1163937,33,0,15 16,1,17,,1163907,12,0,15 16,1,54,,1163919,33,0,15 16,1,16,,1163914,12,0,15 16,1,15,,1163902,33,0,15 16,1,15,,1163874,12,0,15 16,1,55,,1163903,33,0,15 16,1,16,,1003362,12,0,15 16,1,16,,1163891,33,0,15 16,1,59,,1163901,12,0,15 16,1,18,,1163885,33,0,15 16,1,13,,1163880,12,0,15 16,1,14,,1163934,33,0,15 16,1,54,,1163913,12,0,15 16,1,14,,1163871,33,0,15 16,1,15,,1163876,12,0,15 16,1,16,,1079891,33,0,15 16,1,12,,1163890,12,0,15 16,1,53,,1163924,33,0,15 16,1,15,,1163935,12,0,15 16,1,13,,1163893,33,0,15 16,1,17,,1163909,12,0,15 16,1,55,,1163864,33,0,15 16,1,17,,1163932,12,0,15 16,1,17,,1163895,33,0,15 16,1,57,,1163882,12,0,15 16,1,15,,1163886,33,0,15 16,1,19,,1163894,12,0,15 16,1,12,,1163875,33,0,15 16,1,56,,1163879,12,0,15 16,1,17,,1163922,33,0,15 16,1,14,,1163881,12,0,15 16,1,13,,1163906,33,0,15 16,1,56,,1163915,12,0,15 16,1,15,,977826,33,0,15 16,1,12,,1163918,12,0,15 16,1,18,,1163936,33,0,15 16,1,52,,1092948,12,0,15 16,1,14,,1163928,33,0,15 16,1,21,,1163931,12,0,15 16,1,70,,1163927,12,0,15 16,1,30,,1163897,12,,,1,69,,1163884,12,,,1,29,,1003778,12,,,1,69,,1163877,12,,,1,30,,1163921,12,,,1,80,,1163910,12,,,1
7500,'12',343,,1163952,12,,,1,66,,1163949,12,,,1,29,,1163951,12,0,15 16,1,74,,1164014,12,0,15 16,1,28,,1164006,12,0,15 16,1,16,,1164013,12,0,15 16,1,59,,1164007,33,0,15 16,1,14,,1164004,12,0,15 16,1,15,,1163984,33,0,15 16,1,14,,1164015,12,0,15 16,1,45,,1163942,12,0,15 16,1,5,,1163965,12,0,15 16,1,6,,1163995,33,0,15 16,1,10,,1163955,12,0,15 16,1,5,,1163957,33,0,15 16,1,7,,1163974,12,0,15 16,1,4,,1163989,12,0,15 16,1,9,,1163972,33,0,15 16,1,2,,1068290,12,0,15 16,1,3,,1099000,12,0,15 16,1,48,,1163985,12,0,15 16,1,10,,1163997,33,0,15 16,1,6,,1163993,12,0,14,1,2,,1164008,12,0,15 16,1,5,,1163966,12,0,15 16,1,9,,1163996,33,0,15 16,1,22,,1163983,33,0,15 16,1,53,,1164011,33,0,15 16,1,15,,1164022,33,0,15 16,1,17,,1164016,33,0,15 16,1,15,,1163954,33,0,15 16,1,54,,1164020,33,0,15 16,1,15,,1163994,33,0,15 16,1,14,,1163962,33,0,15 16,1,15,,1163968,33,0,15 16,1,55,,1163939,33,0,15 16,1,15,,1163941,33,0,15 16,1,15,,1163967,33,0,15 16,1,15,,1164021,33,0,15 16,1,55,,1163998,33,0,15 16,1,15,,1163948,33,0,15 16,1,15,,1034234,33,0,15 16,1,15,,1164019,33,0,15 16,1,55,,1164012,33,0,15 16,1,16,,1163943,12,0,15 16,1,14,,1058959,33,0,15 16,1,17,,1163973,12,0,15 16,1,54,,1163958,33,0,15 16,1,16,,1164017,12,0,15 16,1,15,,1163959,33,0,15 16,1,15,,1163945,12,0,15 16,1,55,,1163979,33,0,15 16,1,16,,1163980,12,0,15 16,1,16,,1007706,33,0,15 16,1,59,,1164000,12,0,15 16,1,18,,1163987,33,0,15 16,1,13,,1163963,12,0,15 16,1,14,,1163960,33,0,15 16,1,54,,1163964,12,0,15 16,1,14,,1164018,33,0,15 16,1,15,,1164005,12,0,15 16,1,16,,1164003,33,0,15 16,1,12,,1163991,12,0,15 16,1,53,,1163977,33,0,15 16,1,15,,1163976,12,0,15 16,1,13,,1163969,33,0,15 16,1,17,,1163946,12,0,15 16,1,55,,1163988,33,0,15 16,1,17,,1057163,12,0,15 16,1,17,,1163971,33,0,15 16,1,57,,1163990,12,0,15 16,1,15,,1163953,33,0,15 16,1,19,,1163956,12,0,15 16,1,12,,1163938,33,0,15 16,1,56,,1163981,12,0,15 16,1,17,,1164009,33,0,15 16,1,14,,1163986,12,0,15 16,1,13,,1164002,33,0,15 16,1,56,,1163975,12,0,15 16,1,15,,1163999,33,0,15 16,1,12,,1164010,12,0,15 16,1,18,,1163992,33,0,15 16,1,52,,1163978,12,0,15 16,1,14,,1080683,33,0,15 16,1,21,,1163982,12,0,15 16,1,70,,1163961,12,0,15 16,1,30,,1163947,12,,,1,69,,1164001,12,,,1,29,,1163940,12,,,1,69,,1163944,12,,,1,30,,1163970,12,,,1,80,,1163950,12,,,1
7500,'13',345,,1164077,12,,,1,71,,1164023,12,,,1,30,,1164071,12,,,1,70,,1164080,12,,,1,30,,1164079,12,,,1,70,,1164058,12,,,1,30,,1164027,12,,,1,60,,1164031,12,,,1,26,,1164044,33,0,15 16,1,70,,1164083,12,0,15 16,1,30,,1087953,33,0,15 16,1,15,,1164057,12,0,15 16,1,55,,1164047,12,0,15 16,1,15,,1164038,12,0,15 16,1,15,,1070818,33,0,15 16,1,15,,1164040,12,0,15 16,1,55,,1164043,33,0,15 16,1,16,,1164037,12,0,15 16,1,15,,1164059,33,0,15 16,1,15,,1164035,12,0,15 16,1,55,,1164084,33,0,15 16,1,15,,1164072,12,0,15 16,1,15,,1164060,33,0,15 16,1,15,,1164078,12,0,15 16,1,55,,1164054,33,0,15 16,1,15,,1164049,12,0,15 16,1,15,,1164070,33,0,15 16,1,15,,1164036,12,0,15 16,1,55,,1063946,33,0,15 16,1,15,,1164075,12,0,15 16,1,15,,1164064,33,0,15 16,1,15,,1164089,12,0,15 16,1,55,,1164062,33,0,15 16,1,15,,1094023,12,0,15 16,1,15,,1164081,33,0,15 16,1,15,,1164042,12,0,15 16,1,55,,1164024,33,0,15 16,1,15,,1164025,12,0,15 16,1,15,,1164068,33,0,15 16,1,15,,1164041,12,0,15 16,1,55,,1164061,33,0,15 16,1,15,,1164050,12,0,15 16,1,15,,1164039,33,0,15 16,1,15,,1164069,12,0,15 16,1,53,,1164034,33,0,15 16,1,17,,1164029,12,0,15 16,1,15,,1164091,33,0,15 16,1,15,,1164065,12,0,15 16,1,55,,1055841,33,0,15 16,1,15,,1164082,12,0,15 16,1,15,,1164048,33,0,15 16,1,15,,1067251,12,0,15 16,1,55,,1164052,12,0,15 16,1,15,,1164053,12,0,15 16,1,15,,1164046,33,0,15 16,1,15,,1164073,12,0,15 16,1,55,,1164074,12,0,15 16,1,15,,1164056,12,0,15 16,1,15,,1164051,12,0,15 16,1,15,,1164055,12,0,15 16,1,55,,1164028,12,0,15 16,1,15,,1164063,12,0,15 16,1,15,,1164026,12,0,15 16,1,15,,1164033,12,0,15 16,1,55,,1164088,12,0,15 16,1,14,,1164066,12,0,15 16,1,15,,1164067,12,0,15 16,1,15,,1164030,12,,,1,70,,1164085,12,,,1,30,,1164045,12,,,1,70,,1164032,12,,,1,30,,993894,12,,,1,70,,1164090,12,,,1,30,,1164076,12,,,1,70,,1164087,12,,,1,30,,1164086,12,,,1
7500,'14',343,,1164159,12,,,1,66,,1164096,12,,,1,29,,1164092,12,0,15 16,1,74,,1164109,12,0,15 16,1,28,,1164097,12,0,15 16,1,16,,1164144,12,0,15 16,1,59,,1164105,33,0,15 16,1,14,,1164103,12,0,15 16,1,15,,1164112,33,0,15 16,1,14,,1164163,12,0,15 16,1,45,,1164098,12,0,15 16,1,5,,1164138,12,0,15 16,1,6,,1164139,33,0,15 16,1,10,,1164143,12,0,15 16,1,5,,1164093,33,0,15 16,1,7,,1164166,12,0,15 16,1,4,,1164095,12,0,15 16,1,9,,1164156,33,0,15 16,1,2,,1164165,12,0,15 16,1,3,,1164102,12,0,15 16,1,48,,1164101,12,0,15 16,1,10,,1164106,33,0,15 16,1,6,,1164099,12,0,14,1,2,,1164111,12,0,15 16,1,5,,1164155,12,0,15 16,1,9,,1164147,33,0,15 16,1,22,,1164128,33,0,15 16,1,53,,1164126,33,0,15 16,1,15,,1164108,33,0,15 16,1,17,,1164104,33,0,15 16,1,15,,1164160,33,0,15 16,1,54,,1164137,33,0,15 16,1,15,,1164151,33,0,15 16,1,14,,1164169,33,0,15 16,1,15,,1164117,33,0,15 16,1,55,,1164174,33,0,15 16,1,15,,1164170,33,0,15 16,1,15,,1164182,33,0,15 16,1,15,,1164131,33,0,15 16,1,55,,1164127,33,0,15 16,1,15,,1164135,33,0,15 16,1,15,,1164150,33,0,15 16,1,15,,1164178,33,0,15 16,1,55,,1164173,33,0,15 16,1,16,,1164122,12,0,15 16,1,14,,1164183,33,0,15 16,1,17,,1164146,12,0,15 16,1,54,,1164158,33,0,15 16,1,16,,1164153,12,0,15 16,1,15,,1164141,33,0,15 16,1,15,,1164113,12,0,15 16,1,55,,1164142,33,0,15 16,1,16,,1164175,12,0,15 16,1,16,,1164130,33,0,15 16,1,59,,1164140,12,0,15 16,1,18,,1164124,33,0,15 16,1,13,,1164119,12,0,15 16,1,14,,1164177,33,0,15 16,1,54,,1164152,12,0,15 16,1,14,,1164110,33,0,15 16,1,15,,1164115,12,0,15 16,1,16,,1164107,33,0,15 16,1,12,,1164129,12,0,15 16,1,53,,1164164,33,0,15 16,1,15,,1164179,12,0,15 16,1,13,,1164132,33,0,15 16,1,17,,1164148,12,0,15 16,1,55,,1164100,33,0,15 16,1,17,,1164172,12,0,15 16,1,17,,1164134,33,0,15 16,1,57,,1164121,12,0,15 16,1,15,,1164125,33,0,15 16,1,19,,1164133,12,0,15 16,1,12,,1164114,33,0,15 16,1,56,,1164118,12,0,15 16,1,17,,1164162,33,0,15 16,1,14,,1164120,12,0,15 16,1,13,,1164145,33,0,15 16,1,56,,1164154,12,0,15 16,1,15,,1164181,33,0,15 16,1,12,,1164157,12,0,15 16,1,18,,1164180,33,0,15 16,1,52,,1164094,12,0,15 16,1,14,,1164168,33,0,15 16,1,21,,1164171,12,0,15 16,1,70,,1164167,12,0,15 16,1,30,,1164136,12,,,1,69,,1164123,12,,,1,29,,1164176,12,,,1,69,,1164116,12,,,1,30,,1164161,12,,,1,80,,1164149,12,,,1
7500,'15',343,,1164190,12,,,1,66,,1164254,12,,,1,29,,1164265,12,0,15 16,1,74,,1164262,12,0,15 16,1,28,,1164192,12,0,15 16,1,16,,1164244,12,0,15 16,1,59,,1164235,33,0,15 16,1,14,,1164224,12,0,15 16,1,15,,1164186,33,0,15 16,1,14,,1164257,12,0,15 16,1,45,,1164247,12,0,15 16,1,5,,1164241,12,0,15 16,1,6,,1164268,33,0,15 16,1,10,,1164233,12,0,15 16,1,5,,1164242,33,0,15 16,1,7,,1164274,12,0,15 16,1,4,,1164187,12,0,15 16,1,9,,1164206,33,0,15 16,1,2,,1164202,12,0,15 16,1,3,,1164204,12,0,15 16,1,48,,1164236,12,0,15 16,1,10,,1164271,33,0,15 16,1,6,,1164219,12,0,14,1,2,,1164245,12,0,15 16,1,5,,1164195,12,0,15 16,1,9,,1164234,33,0,15 16,1,22,,1164246,33,0,15 16,1,53,,1164270,33,0,15 16,1,15,,1164191,33,0,15 16,1,17,,1164237,33,0,15 16,1,15,,1164211,33,0,15 16,1,54,,1164210,33,0,15 16,1,15,,1164225,33,0,15 16,1,14,,1164227,33,0,15 16,1,15,,1164261,33,0,15 16,1,55,,1164252,33,0,15 16,1,15,,1164193,33,0,15 16,1,15,,1164251,33,0,15 16,1,15,,1164221,33,0,15 16,1,55,,1164189,33,0,15 16,1,15,,1164229,33,0,15 16,1,15,,1164232,33,0,15 16,1,15,,1164273,33,0,15 16,1,55,,1164205,33,0,15 16,1,16,,1164275,12,0,15 16,1,14,,1164201,33,0,15 16,1,17,,1164239,12,0,15 16,1,54,,1164216,33,0,15 16,1,16,,1164203,12,0,15 16,1,15,,1164259,33,0,15 16,1,15,,1164231,12,0,15 16,1,55,,1164222,33,0,15 16,1,16,,1164212,12,0,15 16,1,16,,1164200,33,0,15 16,1,59,,1164188,12,0,15 16,1,18,,1164269,33,0,15 16,1,13,,1164263,12,0,15 16,1,14,,1164220,33,0,15 16,1,54,,1164255,12,0,15 16,1,14,,1164198,33,0,15 16,1,15,,1164207,12,0,15 16,1,16,,1164226,33,0,15 16,1,12,,1164256,12,0,15 16,1,53,,1164243,33,0,15 16,1,15,,1164250,12,0,15 16,1,13,,1164230,33,0,15 16,1,17,,1164185,12,0,15 16,1,55,,1164217,33,0,15 16,1,17,,1164214,12,0,15 16,1,17,,1164258,33,0,15 16,1,57,,1164223,12,0,15 16,1,15,,1164228,33,0,15 16,1,19,,1164253,12,0,15 16,1,12,,1164197,33,0,15 16,1,56,,1164249,12,0,15 16,1,17,,1164209,33,0,15 16,1,14,,1164213,12,0,15 16,1,13,,1164260,33,0,15 16,1,56,,1164266,12,0,15 16,1,15,,1164218,33,0,15 16,1,12,,1164248,12,0,15 16,1,18,,1164264,33,0,15 16,1,52,,1164215,12,0,15 16,1,14,,1164199,33,0,15 16,1,21,,1164194,12,0,15 16,1,70,,1164267,12,0,15 16,1,30,,1164196,12,,,1,69,,1164184,12,,,1,29,,1164238,12,,,1,69,,1164240,12,,,1,30,,1164272,12,,,1,80,,1164208,12,,,1
7500,'16',343,,1164291,12,,,1,66,,1164288,12,,,1,29,,1164290,12,0,15 16,1,74,,1164351,12,0,15 16,1,28,,1164344,12,0,15 16,1,16,,1164350,12,0,15 16,1,59,,1164345,33,0,15 16,1,14,,1164342,12,0,15 16,1,15,,1164323,33,0,15 16,1,14,,1164352,12,0,15 16,1,45,,1164281,12,0,15 16,1,5,,1164304,12,0,15 16,1,6,,1164333,33,0,15 16,1,10,,1164294,12,0,15 16,1,5,,1164296,33,0,15 16,1,7,,1164313,12,0,15 16,1,4,,1164327,12,0,15 16,1,9,,1164311,33,0,15 16,1,2,,1164280,12,0,15 16,1,3,,1164360,12,0,15 16,1,48,,1164324,12,0,15 16,1,10,,1164335,33,0,15 16,1,6,,1164331,12,0,14,1,2,,1164346,12,0,15 16,1,5,,1095652,12,0,15 16,1,9,,1164334,33,0,15 16,1,22,,1164322,33,0,15 16,1,53,,1164349,33,0,15 16,1,15,,1164359,33,0,15 16,1,17,,1164353,33,0,15 16,1,15,,1164293,33,0,15 16,1,54,,1065843,33,0,15 16,1,15,,1164332,33,0,15 16,1,14,,1164301,33,0,15 16,1,15,,1164306,33,0,15 16,1,55,,1164276,33,0,15 16,1,15,,1164279,33,0,15 16,1,15,,1164305,33,0,15 16,1,15,,1164358,33,0,15 16,1,55,,1164336,33,0,15 16,1,15,,1164287,33,0,15 16,1,15,,1164309,33,0,15 16,1,15,,1094190,33,0,15 16,1,55,,1067444,33,0,15 16,1,16,,1164282,12,0,15 16,1,14,,1164356,33,0,15 16,1,17,,1164312,12,0,15 16,1,54,,1164297,33,0,15 16,1,16,,1164355,12,0,15 16,1,15,,1164298,33,0,15 16,1,15,,1164284,12,0,15 16,1,55,,1164318,33,0,15 16,1,16,,1164319,12,0,15 16,1,16,,1164277,33,0,15 16,1,59,,1164338,12,0,15 16,1,18,,1164326,33,0,15 16,1,13,,1164302,12,0,15 16,1,14,,1164299,33,0,15 16,1,54,,1164303,12,0,15 16,1,14,,1164357,33,0,15 16,1,15,,1164343,12,0,15 16,1,16,,1164341,33,0,15 16,1,12,,1164329,12,0,15 16,1,53,,1164316,33,0,15 16,1,15,,1164315,12,0,15 16,1,13,,1164307,33,0,15 16,1,17,,1164285,12,0,15 16,1,55,,1075067,33,0,15 16,1,17,,1164354,12,0,15 16,1,17,,1164310,33,0,15 16,1,57,,1164328,12,0,15 16,1,15,,1164292,33,0,15 16,1,19,,1164295,12,0,15 16,1,12,,1069361,33,0,15 16,1,56,,1164320,12,0,15 16,1,17,,1164347,33,0,15 16,1,14,,1164325,12,0,15 16,1,13,,1164340,33,0,15 16,1,56,,1164314,12,0,15 16,1,15,,1164337,33,0,15 16,1,12,,1164348,12,0,15 16,1,18,,1164330,33,0,15 16,1,52,,1164317,12,0,15 16,1,14,,1164278,33,0,15 16,1,21,,1164321,12,0,15 16,1,70,,1164300,12,0,15 16,1,30,,1164286,12,,,1,69,,1164339,12,,,1,29,,1073043,12,,,1,69,,1164283,12,,,1,30,,1164308,12,,,1,80,,1164289,12,,,1
7500,'17',345,,1164417,12,,,1,71,,1164361,12,,,1,30,,1164411,12,,,1,70,,1164420,12,,,1,30,,1164419,12,,,1,70,,1164398,12,,,1,30,,1164365,12,,,1,60,,1164371,12,,,1,26,,1164384,33,0,15 16,1,70,,1164423,12,0,15 16,1,30,,1164436,33,0,15 16,1,15,,1164397,12,0,15 16,1,55,,1164387,12,0,15 16,1,15,,1164378,12,0,15 16,1,15,,1164367,33,0,15 16,1,15,,1164380,12,0,15 16,1,55,,1164383,33,0,15 16,1,16,,1164377,12,0,15 16,1,15,,1164399,33,0,15 16,1,15,,1164375,12,0,15 16,1,55,,1164424,33,0,15 16,1,15,,1164412,12,0,15 16,1,15,,1164400,33,0,15 16,1,15,,1164418,12,0,15 16,1,55,,1164394,33,0,15 16,1,15,,1164389,12,0,15 16,1,15,,1164410,33,0,15 16,1,15,,1164376,12,0,15 16,1,55,,1164428,33,0,15 16,1,15,,1164415,12,0,15 16,1,15,,1164404,33,0,15 16,1,15,,1164433,12,0,15 16,1,55,,1164402,33,0,15 16,1,15,,1164369,12,0,15 16,1,15,,1164421,33,0,15 16,1,15,,1164382,12,0,15 16,1,55,,1164362,33,0,15 16,1,15,,1164363,12,0,15 16,1,15,,1164408,33,0,15 16,1,15,,1164381,12,0,15 16,1,55,,1164401,33,0,15 16,1,15,,1164390,12,0,15 16,1,15,,1164379,33,0,15 16,1,15,,1164409,12,0,15 16,1,53,,1164374,33,0,15 16,1,17,,1164368,12,0,15 16,1,15,,1164435,33,0,15 16,1,15,,1164405,12,0,15 16,1,55,,1164431,33,0,15 16,1,15,,1164422,12,0,15 16,1,15,,1164388,33,0,15 16,1,15,,1164426,12,0,15 16,1,55,,1164392,12,0,15 16,1,15,,1164393,12,0,15 16,1,15,,1164386,33,0,15 16,1,15,,1164413,12,0,15 16,1,55,,1164414,12,0,15 16,1,15,,1164396,12,0,15 16,1,15,,1164391,12,0,15 16,1,15,,1164395,12,0,15 16,1,55,,1164366,12,0,15 16,1,15,,1164403,12,0,15 16,1,15,,1164364,12,0,15 16,1,15,,1164373,12,0,15 16,1,55,,1164432,12,0,15 16,1,14,,1164406,12,0,15 16,1,15,,1164407,12,0,15 16,1,15,,1164370,12,,,1,70,,1164425,12,,,1,30,,1164385,12,,,1,70,,1164372,12,,,1,30,,1164427,12,,,1,70,,1164434,12,,,1,30,,1164416,12,,,1,70,,1164430,12,,,1,30,,1164429,12,,,1
7500,'2',339,,1164474,12,,,1,70,,1164489,12,,,1,30,,1164484,12,,,1,70,,1164483,12,,,1,32,,1164449,12,0,15 16,1,68,,1164503,12,0,15 16,1,20,,1081198,12,0,15 16,1,20,,1164444,12,0,15 16,1,58,,1164485,12,0,15 16,1,18,,1164448,12,0,15 16,1,17,,1164456,33,0,15 16,1,13,,1164467,12,0,15 16,1,55,,1164475,12,0,15 16,1,15,,1164495,12,0,15 16,1,17,,1164451,33,0,15 16,1,14,,1164482,12,0,15 16,1,56,,1164502,33,0,15 16,1,14,,1164506,12,0,15 16,1,18,,1164480,33,0,15 16,1,12,,1164441,12,0,15 16,1,56,,1164509,33,0,15 16,1,14,,1164447,12,0,15 16,1,17,,1164470,33,0,15 16,1,13,,1164497,12,0,15 16,1,57,,1164469,33,0,15 16,1,13,,1164494,12,0,15 16,1,17,,1164501,33,0,15 16,1,13,,1164458,12,0,15 16,1,57,,1164488,33,0,15 16,1,13,,1164504,12,0,15 16,1,17,,1164443,33,0,15 16,1,15,,1164472,33,0,15 16,1,55,,1164465,33,0,15 16,1,15,,1164491,33,0,15 16,1,15,,1164500,33,0,15 16,1,13,,1164457,12,0,15 16,1,57,,1164479,33,0,15 16,1,13,,1164453,12,0,15 16,1,17,,1085788,33,0,15 16,1,13,,1164486,12,0,15 16,1,57,,1098468,33,0,15 16,1,13,,1164490,12,0,15 16,1,17,,1164492,33,0,15 16,1,13,,1164455,12,0,15 16,1,57,,1164476,33,0,15 16,1,15,,1164438,33,0,15 16,1,15,,1164473,33,0,15 16,1,15,,1164439,33,0,15 16,1,55,,1164452,33,0,15 16,1,13,,1164477,12,0,15 16,1,17,,1164499,33,0,15 16,1,10,,1164496,12,0,15 16,1,56,,1069471,33,0,15 16,1,13,,1164466,12,0,15 16,1,17,,1164437,33,0,15 16,1,13,,1164507,12,0,15 16,1,57,,995804,33,0,15 16,1,13,,1164481,12,0,15 16,1,17,,1044056,33,0,15 16,1,13,,1164511,12,0,15 16,1,57,,1088442,33,0,15 16,1,13,,1101292,12,0,15 16,1,17,,1164478,33,0,15 16,1,12,,1164471,12,0,15 16,1,58,,1164445,33,0,15 16,1,12,,1164454,12,0,15 16,1,17,,1164505,33,0,15 16,1,13,,1164461,12,0,15 16,1,57,,1164463,33,0,15 16,1,13,,1164462,12,0,15 16,1,17,,1164460,33,0,15 16,1,13,,1164450,12,0,15 16,1,57,,1164446,33,0,15 16,1,13,,1164468,12,0,15 16,1,15,,1164487,12,0,15 16,1,15,,1164440,12,0,15 16,1,55,,1097253,12,0,15 16,1,15,,1164464,12,0,15 16,1,26,,1164508,12,0,15 16,1,70,,1164498,12,0,15 16,1,30,,1164459,12,,,1,70,,1164510,12,,,1,30,,1164493,12,,,1,70,,1164442,12,,,1
7500,'3',345,,1164568,12,,,1,71,,1164512,12,,,1,30,,1164562,12,,,1,70,,1164571,12,,,1,30,,1164570,12,,,1,70,,1164549,12,,,1,30,,1164516,12,,,1,60,,1164522,12,,,1,26,,1164535,33,0,15 16,1,70,,1164574,12,0,15 16,1,30,,1164587,33,0,15 16,1,15,,1164548,12,0,15 16,1,55,,1164538,12,0,15 16,1,15,,1164529,12,0,15 16,1,15,,1164518,33,0,15 16,1,15,,1164531,12,0,15 16,1,55,,1164534,33,0,15 16,1,16,,1164528,12,0,15 16,1,15,,1164550,33,0,15 16,1,15,,1164526,12,0,15 16,1,55,,1164575,33,0,15 16,1,15,,1164563,12,0,15 16,1,15,,1164551,33,0,15 16,1,15,,1164569,12,0,15 16,1,55,,1164545,33,0,15 16,1,15,,1164540,12,0,15 16,1,15,,1164561,33,0,15 16,1,15,,1164527,12,0,15 16,1,55,,1164579,33,0,15 16,1,15,,1164566,12,0,15 16,1,15,,1164555,33,0,15 16,1,15,,1164584,12,0,15 16,1,55,,1164553,33,0,15 16,1,15,,1164520,12,0,15 16,1,15,,1164572,33,0,15 16,1,15,,1164533,12,0,15 16,1,55,,1164513,33,0,15 16,1,15,,1164514,12,0,15 16,1,15,,1164559,33,0,15 16,1,15,,1164532,12,0,15 16,1,55,,1164552,33,0,15 16,1,15,,1164541,12,0,15 16,1,15,,1164530,33,0,15 16,1,15,,1164560,12,0,15 16,1,53,,1164525,33,0,15 16,1,17,,1164519,12,0,15 16,1,15,,1164586,33,0,15 16,1,15,,1164556,12,0,15 16,1,55,,1164582,33,0,15 16,1,15,,1164573,12,0,15 16,1,15,,1164539,33,0,15 16,1,15,,1164577,12,0,15 16,1,55,,1164543,12,0,15 16,1,15,,1164544,12,0,15 16,1,15,,1164537,33,0,15 16,1,15,,1164564,12,0,15 16,1,55,,1164565,12,0,15 16,1,15,,1164547,12,0,15 16,1,15,,1164542,12,0,15 16,1,15,,1164546,12,0,15 16,1,55,,1164517,12,0,15 16,1,15,,1164554,12,0,15 16,1,15,,1164515,12,0,15 16,1,15,,1164524,12,0,15 16,1,55,,1164583,12,0,15 16,1,14,,1164557,12,0,15 16,1,15,,1164558,12,0,15 16,1,15,,1164521,12,,,1,70,,1164576,12,,,1,30,,1164536,12,,,1,70,,1164523,12,,,1,30,,1164578,12,,,1,70,,1164585,12,,,1,30,,1164567,12,,,1,70,,1164581,12,,,1,30,,1164580,12,,,1
7500,'4',345,,1164644,12,,,1,71,,1164626,12,,,1,30,,1164597,12,,,1,70,,1164615,12,,,1,30,,1164651,12,,,1,70,,1164622,12,,,1,30,,1164653,12,,,1,60,,1164621,12,,,1,26,,1164640,33,0,15 16,1,70,,1164619,12,0,15 16,1,30,,1164632,33,0,15 16,1,15,,1164604,12,0,15 16,1,55,,1164625,12,0,15 16,1,15,,1164647,12,0,15 16,1,15,,1164645,33,0,15 16,1,15,,1164612,12,0,15 16,1,55,,1164624,33,0,15 16,1,16,,1072293,12,0,15 16,1,15,,1164594,33,0,15 16,1,15,,1164637,12,0,15 16,1,55,,1090770,33,0,15 16,1,15,,1164649,12,0,15 16,1,15,,1164605,33,0,15 16,1,15,,1164639,12,0,15 16,1,55,,1164629,33,0,15 16,1,15,,1164607,12,0,15 16,1,15,,1164599,33,0,15 16,1,15,,1164641,12,0,15 16,1,55,,1164635,33,0,15 16,1,15,,1164634,12,0,15 16,1,15,,1164595,33,0,15 16,1,15,,1164601,12,0,15 16,1,55,,1164642,33,0,15 16,1,15,,1164602,12,0,15 16,1,15,,1164654,33,0,15 16,1,15,,1164643,12,0,15 16,1,55,,1010456,33,0,15 16,1,15,,1164638,12,0,15 16,1,15,,1164592,33,0,15 16,1,15,,1164610,12,0,15 16,1,55,,1164648,33,0,15 16,1,15,,1164616,12,0,15 16,1,15,,1164614,33,0,15 16,1,15,,1164596,12,0,15 16,1,53,,1164591,33,0,15 16,1,17,,1164603,12,0,15 16,1,15,,1062024,33,0,15 16,1,15,,1164606,12,0,15 16,1,55,,1164655,33,0,15 16,1,15,,1164611,12,0,15 16,1,15,,1164590,33,0,15 16,1,15,,1164609,12,0,15 16,1,55,,1164589,12,0,15 16,1,15,,1164613,12,0,15 16,1,15,,1164623,33,0,15 16,1,15,,972303,12,0,15 16,1,55,,1164620,12,0,15 16,1,15,,1164652,12,0,15 16,1,15,,1017779,12,0,15 16,1,15,,1164618,12,0,15 16,1,55,,1164646,12,0,15 16,1,15,,1164617,12,0,15 16,1,15,,1048333,12,0,15 16,1,15,,1164608,12,0,15 16,1,55,,1164593,12,0,15 16,1,14,,1164636,12,0,15 16,1,15,,1164650,12,0,15 16,1,15,,1164627,12,,,1,70,,1164598,12,,,1,30,,1164600,12,,,1,70,,1164633,12,,,1,30,,1164588,12,,,1,70,,1164631,12,,,1,30,,1164630,12,,,1,70,,1164628,12,,,1,30,,1079033,12,,,1
7500,'5',343,,1060861,12,,,1,66,,1089154,12,,,1,29,,1022243,12,0,15 16,1,74,,1164667,12,0,15 16,1,28,,1164658,12,0,15 16,1,16,,1164702,12,0,15 16,1,59,,1164665,33,0,15 16,1,14,,1164663,12,0,15 16,1,15,,1164670,33,0,15 16,1,14,,1164720,12,0,15 16,1,45,,1164659,12,0,15 16,1,5,,1164696,12,0,15 16,1,6,,1164697,33,0,15 16,1,10,,1164701,12,0,15 16,1,5,,1164656,33,0,15 16,1,7,,1164723,12,0,15 16,1,4,,1164657,12,0,15 16,1,9,,1164714,33,0,15 16,1,2,,1164722,12,0,15 16,1,3,,1164662,12,0,15 16,1,48,,1046946,12,0,15 16,1,10,,1069792,33,0,15 16,1,6,,1164660,12,0,14,1,2,,1164669,12,0,15 16,1,5,,1164713,12,0,15 16,1,9,,1164705,33,0,15 16,1,22,,1164686,33,0,15 16,1,53,,1164684,33,0,15 16,1,15,,1164666,33,0,15 16,1,17,,1164664,33,0,15 16,1,15,,1164717,33,0,15 16,1,54,,1164695,33,0,15 16,1,15,,1164709,33,0,15 16,1,14,,1164726,33,0,15 16,1,15,,1164675,33,0,15 16,1,55,,1164730,33,0,15 16,1,15,,1164727,33,0,15 16,1,15,,1092853,33,0,15 16,1,15,,1164689,33,0,15 16,1,55,,1164685,33,0,15 16,1,15,,1164693,33,0,15 16,1,15,,1164708,33,0,15 16,1,15,,937079,33,0,15 16,1,55,,1078279,33,0,15 16,1,16,,1164680,12,0,15 16,1,14,,1164734,33,0,15 16,1,17,,1164704,12,0,15 16,1,54,,1164716,33,0,15 16,1,16,,1164711,12,0,15 16,1,15,,1164699,33,0,15 16,1,15,,1164671,12,0,15 16,1,55,,1164700,33,0,15 16,1,16,,1003287,12,0,15 16,1,16,,1164688,33,0,15 16,1,59,,1164698,12,0,15 16,1,18,,1164682,33,0,15 16,1,13,,1164677,12,0,15 16,1,14,,1164731,33,0,15 16,1,54,,1164710,12,0,15 16,1,14,,1164668,33,0,15 16,1,15,,1164673,12,0,15 16,1,16,,1079822,33,0,15 16,1,12,,1164687,12,0,15 16,1,53,,1164721,33,0,15 16,1,15,,1164732,12,0,15 16,1,13,,1164690,33,0,15 16,1,17,,1164706,12,0,15 16,1,55,,1164661,33,0,15 16,1,17,,1164729,12,0,15 16,1,17,,1164692,33,0,15 16,1,57,,1164679,12,0,15 16,1,15,,1164683,33,0,15 16,1,19,,1164691,12,0,15 16,1,12,,1164672,33,0,15 16,1,56,,1164676,12,0,15 16,1,17,,1164719,33,0,15 16,1,14,,1164678,12,0,15 16,1,13,,1164703,33,0,15 16,1,56,,1164712,12,0,15 16,1,15,,977997,33,0,15 16,1,12,,1164715,12,0,15 16,1,18,,1164733,33,0,15 16,1,52,,1092800,12,0,15 16,1,14,,1164725,33,0,15 16,1,21,,1164728,12,0,15 16,1,70,,1164724,12,0,15 16,1,30,,1164694,12,,,1,69,,1164681,12,,,1,29,,1003557,12,,,1,69,,1164674,12,,,1,30,,1164718,12,,,1,80,,1164707,12,,,1
7500,'6',343,,1164746,12,,,1,66,,1164743,12,,,1,29,,1164745,12,0,15 16,1,74,,1083970,12,0,15 16,1,28,,1164801,12,0,15 16,1,16,,1164805,12,0,15 16,1,59,,1164802,33,0,15 16,1,14,,1164799,12,0,15 16,1,15,,1164779,33,0,15 16,1,14,,1079282,12,0,15 16,1,45,,1063257,12,0,15 16,1,5,,1164759,12,0,15 16,1,6,,1164790,33,0,15 16,1,10,,1164749,12,0,15 16,1,5,,1164751,33,0,15 16,1,7,,1164769,12,0,15 16,1,4,,1164784,12,0,15 16,1,9,,1164767,33,0,15 16,1,2,,1164739,12,0,15 16,1,3,,1164811,12,0,15 16,1,48,,1164780,12,0,15 16,1,10,,1164792,33,0,15 16,1,6,,1164788,12,0,14,1,2,,1164803,12,0,15 16,1,5,,1164760,12,0,15 16,1,9,,1164791,33,0,15 16,1,22,,1164778,33,0,15 16,1,53,,1099132,33,0,15 16,1,15,,1081781,33,0,15 16,1,17,,1024322,33,0,15 16,1,15,,1164748,33,0,15 16,1,54,,1164810,33,0,15 16,1,15,,1164789,33,0,15 16,1,14,,1164756,33,0,15 16,1,15,,1164762,33,0,15 16,1,55,,1093017,33,0,15 16,1,15,,1005081,33,0,15 16,1,15,,1164761,33,0,15 16,1,15,,1103112,33,0,15 16,1,55,,1164793,33,0,15 16,1,15,,1164742,33,0,15 16,1,15,,1164765,33,0,15 16,1,15,,1164809,33,0,15 16,1,55,,1164804,33,0,15 16,1,16,,1061388,12,0,15 16,1,14,,1164808,33,0,15 16,1,17,,1164768,12,0,15 16,1,54,,1164752,33,0,15 16,1,16,,1164807,12,0,15 16,1,15,,1164753,33,0,15 16,1,15,,994968,12,0,15 16,1,55,,1164774,33,0,15 16,1,16,,1164775,12,0,15 16,1,16,,1164737,33,0,15 16,1,59,,1164795,12,0,15 16,1,18,,1164782,33,0,15 16,1,13,,1164757,12,0,15 16,1,14,,1164754,33,0,15 16,1,54,,1164758,12,0,15 16,1,14,,1005482,33,0,15 16,1,15,,1164800,12,0,15 16,1,16,,1164798,33,0,15 16,1,12,,1164786,12,0,15 16,1,53,,1164772,33,0,15 16,1,15,,1164771,12,0,15 16,1,13,,1164763,33,0,15 16,1,17,,1164740,12,0,15 16,1,55,,1164783,33,0,15 16,1,17,,1164806,12,0,15 16,1,17,,1164766,33,0,15 16,1,57,,1164785,12,0,15 16,1,15,,1164747,33,0,15 16,1,19,,1164750,12,0,15 16,1,12,,1164735,33,0,15 16,1,56,,1164776,12,0,15 16,1,17,,925880,33,0,15 16,1,14,,1164781,12,0,15 16,1,13,,1164797,33,0,15 16,1,56,,1164770,12,0,15 16,1,15,,1164794,33,0,15 16,1,12,,1009642,12,0,15 16,1,18,,1164787,33,0,15 16,1,52,,1164773,12,0,15 16,1,14,,1164738,33,0,15 16,1,21,,1164777,12,0,15 16,1,70,,1164755,12,0,15 16,1,30,,1164741,12,,,1,69,,1164796,12,,,1,29,,1164736,12,,,1,69,,1064754,12,,,1,30,,1164764,12,,,1,80,,1164744,12,,,1
7500,'7',339,,1164850,12,,,1,70,,1164886,12,,,1,30,,1164877,12,,,1,70,,1164864,12,,,1,32,,1164862,12,0,15 16,1,68,,1164842,12,0,15 16,1,20,,1164869,12,0,15 16,1,20,,1164852,12,0,15 16,1,58,,1164815,12,0,15 16,1,18,,1164892,12,0,15 16,1,17,,1164820,33,0,15 16,1,13,,1164868,12,0,15 16,1,55,,1164867,12,0,15 16,1,15,,1164857,12,0,15 16,1,17,,1164858,33,0,15 16,1,14,,1164893,12,0,15 16,1,56,,1164883,33,0,15 16,1,14,,1164849,12,0,15 16,1,18,,1164887,33,0,15 16,1,12,,1164855,12,0,15 16,1,56,,1164879,33,0,15 16,1,14,,1164837,12,0,15 16,1,17,,1164882,33,0,15 16,1,13,,1164826,12,0,15 16,1,57,,1164871,33,0,15 16,1,13,,1164843,12,0,15 16,1,17,,1164832,33,0,15 16,1,13,,1164881,12,0,15 16,1,57,,1164876,33,0,15 16,1,13,,1164848,12,0,15 16,1,17,,1164836,33,0,15 16,1,15,,1164816,33,0,15 16,1,55,,1164853,33,0,15 16,1,15,,1164856,33,0,15 16,1,15,,1164812,33,0,15 16,1,13,,1164825,12,0,15 16,1,57,,1164851,33,0,15 16,1,13,,1164891,12,0,15 16,1,17,,1164830,33,0,15 16,1,13,,1164839,12,0,15 16,1,57,,1164824,33,0,15 16,1,13,,1164866,12,0,15 16,1,17,,1164838,33,0,15 16,1,13,,1164884,12,0,15 16,1,57,,1164872,33,0,15 16,1,15,,1164828,33,0,15 16,1,15,,1164846,33,0,15 16,1,15,,1164890,33,0,15 16,1,55,,1164819,33,0,15 16,1,13,,1164873,12,0,15 16,1,17,,1164817,33,0,15 16,1,10,,1164841,12,0,15 16,1,56,,1164875,33,0,15 16,1,13,,1164823,12,0,15 16,1,17,,1164834,33,0,15 16,1,13,,1164822,12,0,15 16,1,57,,1164829,33,0,15 16,1,13,,1164814,12,0,15 16,1,17,,1164861,33,0,15 16,1,13,,1164878,12,0,15 16,1,57,,1164845,33,0,15 16,1,13,,1164835,12,0,15 16,1,17,,1164859,33,0,15 16,1,12,,1164813,12,0,15 16,1,58,,1164831,33,0,15 16,1,12,,1164863,12,0,15 16,1,17,,1164844,33,0,15 16,1,13,,1164885,12,0,15 16,1,57,,1164870,33,0,15 16,1,13,,1164894,12,0,15 16,1,17,,1164818,33,0,15 16,1,13,,1164833,12,0,15 16,1,57,,1164874,33,0,15 16,1,13,,1164865,12,0,15 16,1,15,,1164854,12,0,15 16,1,15,,1164880,12,0,15 16,1,55,,1164860,12,0,15 16,1,15,,1164821,12,0,15 16,1,26,,1164889,12,0,15 16,1,70,,1164827,12,0,15 16,1,30,,1164888,12,,,1,70,,1164840,12,,,1,30,,1164847,12,,,1,70,,1164895,12,,,1
7500,'8',343,,1164913,12,,,1,66,,1164910,12,,,1,29,,1164912,12,0,15 16,1,74,,1164976,12,0,15 16,1,28,,1164968,12,0,15 16,1,16,,1164975,12,0,15 16,1,59,,1164969,33,0,15 16,1,14,,1164966,12,0,15 16,1,15,,1164946,33,0,15 16,1,14,,1164977,12,0,15 16,1,45,,1164903,12,0,15 16,1,5,,1164926,12,0,15 16,1,6,,1164957,33,0,15 16,1,10,,1164916,12,0,15 16,1,5,,1164918,33,0,15 16,1,7,,1164936,12,0,15 16,1,4,,1164951,12,0,15 16,1,9,,1164934,33,0,15 16,1,2,,1164902,12,0,15 16,1,3,,1164987,12,0,15 16,1,48,,1164947,12,0,15 16,1,10,,1164959,33,0,15 16,1,6,,1164955,12,0,14,1,2,,1164970,12,0,15 16,1,5,,1164927,12,0,15 16,1,9,,1164958,33,0,15 16,1,22,,1164945,33,0,15 16,1,53,,1164973,33,0,15 16,1,15,,1164986,33,0,15 16,1,17,,1164978,33,0,15 16,1,15,,1164915,33,0,15 16,1,54,,1164984,33,0,15 16,1,15,,1164956,33,0,15 16,1,14,,1164923,33,0,15 16,1,15,,1164929,33,0,15 16,1,55,,1164897,33,0,15 16,1,15,,1164901,33,0,15 16,1,15,,1164928,33,0,15 16,1,15,,1164985,33,0,15 16,1,55,,1164960,33,0,15 16,1,15,,1164909,33,0,15 16,1,15,,1164932,33,0,15 16,1,15,,1164983,33,0,15 16,1,55,,1164974,33,0,15 16,1,16,,1164904,12,0,15 16,1,14,,1164981,33,0,15 16,1,17,,1164935,12,0,15 16,1,54,,1164919,33,0,15 16,1,16,,1164980,12,0,15 16,1,15,,1164920,33,0,15 16,1,15,,1164906,12,0,15 16,1,55,,1164941,33,0,15 16,1,16,,1164942,12,0,15 16,1,16,,1164899,33,0,15 16,1,59,,1164962,12,0,15 16,1,18,,1164949,33,0,15 16,1,13,,1164924,12,0,15 16,1,14,,1164921,33,0,15 16,1,54,,1164925,12,0,15 16,1,14,,1164982,33,0,15 16,1,15,,1164967,12,0,15 16,1,16,,1164965,33,0,15 16,1,12,,1164953,12,0,15 16,1,53,,1164939,33,0,15 16,1,15,,1164938,12,0,15 16,1,13,,1164930,33,0,15 16,1,17,,1164907,12,0,15 16,1,55,,1164950,33,0,15 16,1,17,,1164979,12,0,15 16,1,17,,1164933,33,0,15 16,1,57,,1164952,12,0,15 16,1,15,,1164914,33,0,15 16,1,19,,1164917,12,0,15 16,1,12,,1164896,33,0,15 16,1,56,,1164943,12,0,15 16,1,17,,1164971,33,0,15 16,1,14,,1164948,12,0,15 16,1,13,,1164964,33,0,15 16,1,56,,1164937,12,0,15 16,1,15,,1164961,33,0,15 16,1,12,,1164972,12,0,15 16,1,18,,1164954,33,0,15 16,1,52,,1164940,12,0,15 16,1,14,,1164900,33,0,15 16,1,21,,1164944,12,0,15 16,1,70,,1164922,12,0,15 16,1,30,,1164908,12,,,1,69,,1164963,12,,,1,29,,1164898,12,,,1,69,,1164905,12,,,1,30,,1164931,12,,,1,80,,1164911,12,,,1
7500,'9',343,,1060871,12,,,1,66,,1089060,12,,,1,29,,1022485,12,0,15 16,1,74,,1164999,12,0,15 16,1,28,,1164990,12,0,15 16,1,16,,1165034,12,0,15 16,1,59,,1164997,33,0,15 16,1,14,,1164995,12,0,15 16,1,15,,1165002,33,0,15 16,1,14,,1165052,12,0,15 16,1,45,,1164991,12,0,15 16,1,5,,1165028,12,0,15 16,1,6,,1165029,33,0,15 16,1,10,,1165033,12,0,15 16,1,5,,1164988,33,0,15 16,1,7,,1165055,12,0,15 16,1,4,,1164989,12,0,15 16,1,9,,1165046,33,0,15 16,1,2,,1165054,12,0,15 16,1,3,,1164994,12,0,15 16,1,48,,1047302,12,0,15 16,1,10,,1069716,33,0,15 16,1,6,,1164992,12,0,14,1,2,,1165001,12,0,15 16,1,5,,1165045,12,0,15 16,1,9,,1165037,33,0,15 16,1,22,,1165018,33,0,15 16,1,53,,1165016,33,0,15 16,1,15,,1164998,33,0,15 16,1,17,,1164996,33,0,15 16,1,15,,1165049,33,0,15 16,1,54,,1165027,33,0,15 16,1,15,,1165041,33,0,15 16,1,14,,1165058,33,0,15 16,1,15,,1165007,33,0,15 16,1,55,,1165062,33,0,15 16,1,15,,1165059,33,0,15 16,1,15,,1092700,33,0,15 16,1,15,,1165021,33,0,15 16,1,55,,1165017,33,0,15 16,1,15,,1165025,33,0,15 16,1,15,,1165040,33,0,15 16,1,15,,937026,33,0,15 16,1,55,,1078175,33,0,15 16,1,16,,1165012,12,0,15 16,1,14,,1165066,33,0,15 16,1,17,,1165036,12,0,15 16,1,54,,1165048,33,0,15 16,1,16,,1165043,12,0,15 16,1,15,,1165031,33,0,15 16,1,15,,1165003,12,0,15 16,1,55,,1165032,33,0,15 16,1,16,,1003408,12,0,15 16,1,16,,1165020,33,0,15 16,1,59,,1165030,12,0,15 16,1,18,,1165014,33,0,15 16,1,13,,1165009,12,0,15 16,1,14,,1165063,33,0,15 16,1,54,,1165042,12,0,15 16,1,14,,1165000,33,0,15 16,1,15,,1165005,12,0,15 16,1,16,,1079733,33,0,15 16,1,12,,1165019,12,0,15 16,1,53,,1165053,33,0,15 16,1,15,,1165064,12,0,15 16,1,13,,1165022,33,0,15 16,1,17,,1165038,12,0,15 16,1,55,,1164993,33,0,15 16,1,17,,1165061,12,0,15 16,1,17,,1165024,33,0,15 16,1,57,,1165011,12,0,15 16,1,15,,1165015,33,0,15 16,1,19,,1165023,12,0,15 16,1,12,,1165004,33,0,15 16,1,56,,1165008,12,0,15 16,1,17,,1165051,33,0,15 16,1,14,,1165010,12,0,15 16,1,13,,1165035,33,0,15 16,1,56,,1165044,12,0,15 16,1,15,,977956,33,0,15 16,1,12,,1165047,12,0,15 16,1,18,,1165065,33,0,15 16,1,52,,1092647,12,0,15 16,1,14,,1165057,33,0,15 16,1,21,,1165060,12,0,15 16,1,70,,1165056,12,0,15 16,1,30,,1165026,12,,,1,69,,1165013,12,,,1,29,,1003874,12,,,1,69,,1165006,12,,,1,30,,1165050,12,,,1,80,,1165039,12,,,1
8200,'1',543,,1169133,49,,,1,103,,1169126,49,,,1,111,,1169144,49,,,1,101,,1049262,49,,,1,64,,1169136,51,,,1,30,,1169127,51,,,1,69,,1169145,51,,,1,30,,1169155,51,,,1,70,,1169142,51,,,1,30,,1169154,51,,,1,70,,1169153,51,,,1,30,,1169141,51,,,1,71,,1169151,51,,,1,31,,1169139,51,,,1,71,,1169124,51,,,1,23,,1169134,35,,,1,9,,935104,51,,,1,73,,1169132,51,,,1,13,,1169140,15,,,1,8,,1084883,15,,,1,9,,1169131,54,,,1,71,,1169152,54,,,1,73,,1169130,54,,,1,30,,1169128,54,,,1,67,,1169129,54,,,1,26,,1169148,54,,,1,27,,1169147,54,,,1,69,,1169149,51,,,1,29,,1169135,51,,,1,68,,1169125,51,,,1,32,,1169146,51,,,1,70,,1169150,51,,,1,26,,1169143,51,,,1,69,,1169137,49,,,1,29,,1169138,49,,,1,98,,1011665,49,,,1
8200,'10',543,,1169165,49,,,1,103,,1169158,49,,,1,111,,1169176,49,,,1,101,,1049379,49,,,1,64,,1169168,51,,,1,30,,1169159,51,,,1,69,,1169177,51,,,1,30,,1169187,51,,,1,70,,1169174,51,,,1,30,,1169186,51,,,1,70,,1169185,51,,,1,30,,1169173,51,,,1,71,,1169183,51,,,1,31,,1169171,51,,,1,71,,1169156,51,,,1,23,,1169166,35,,,1,9,,935106,51,,,1,73,,1169164,51,,,1,13,,1169172,15,,,1,8,,1084868,15,,,1,9,,1169163,54,,,1,71,,1169184,54,,,1,73,,1169162,54,,,1,30,,1169160,54,,,1,67,,1169161,54,,,1,26,,1169180,54,,,1,27,,1169179,54,,,1,69,,1169181,51,,,1,29,,1169167,51,,,1,68,,1169157,51,,,1,32,,1169178,51,,,1,70,,1169182,51,,,1,26,,1169175,51,,,1,69,,1169169,49,,,1,29,,1169170,49,,,1,98,,1011742,49,,,1
8200,'11',543,,1169197,49,,,1,103,,1169190,49,,,1,111,,1169208,49,,,1,101,,1049228,49,,,1,64,,1169200,51,,,1,30,,1169191,51,,,1,69,,1169209,51,,,1,30,,1169219,51,,,1,70,,1169206,51,,,1,30,,1169218,51,,,1,70,,1169217,51,,,1,30,,1169205,51,,,1,71,,1169215,51,,,1,31,,1169203,51,,,1,71,,1169188,51,,,1,23,,1169198,35,,,1,9,,935102,51,,,1,73,,1169196,51,,,1,13,,1169204,15,,,1,8,,1084888,15,,,1,9,,1169195,54,,,1,71,,1169216,54,,,1,73,,1169194,54,,,1,30,,1169192,54,,,1,67,,1169193,54,,,1,26,,1169212,54,,,1,27,,1169211,54,,,1,69,,1169213,51,,,1,29,,1169199,51,,,1,68,,1169189,51,,,1,32,,1169210,51,,,1,70,,1169214,51,,,1,26,,1169207,51,,,1,69,,1169201,49,,,1,29,,1169202,49,,,1,98,,1011644,49,,,1
8200,'12',543,,1169251,49,,,1,103,,1169243,49,,,1,111,,1169230,49,,,1,101,,1169237,49,,,1,64,,1169234,51,,,1,30,,1169232,51,,,1,69,,1169250,51,,,1,30,,1169224,51,,,1,70,,1169227,51,,,1,30,,1169229,51,,,1,70,,1169245,51,,,1,30,,1070536,51,,,1,71,,1169220,51,,,1,31,,1169226,51,,,1,71,,1169228,51,,,1,23,,1169246,35,,,1,9,,1169241,51,,,1,73,,1169233,51,,,1,13,,1169239,15,,,1,8,,1169236,15,,,1,9,,1169244,54,,,1,71,,1169249,54,,,1,73,,1169247,54,,,1,30,,1169231,54,,,1,67,,1169223,54,,,1,26,,1169235,54,,,1,27,,1169225,54,,,1,69,,1169240,51,,,1,29,,969575,51,,,1,68,,1169242,51,,,1,32,,1169238,51,,,1,70,,981099,51,,,1,26,,1169222,51,,,1,69,,1078639,49,,,1,29,,1169248,49,,,1,98,,1169221,49,,,1
8200,'13',748,,1169259,49,,,1,97,,1098823,49,,,1,100,,1078986,49,,,1,106,,1169269,51,,,1,70,,1169253,51,,,1,30,,1169266,51,,,1,70,,1169270,51,,,1,30,,1169257,51,,,1,70,,1169252,51,,,1,30,,1169267,51,,,1,70,,1071625,51,,,1,30,,1169268,51,,,1,70,,1169271,51,,,1,30,,1169258,51,,,1,70,,1169272,51,,,1,30,,1169255,51,,,1,70,,1169260,51,,,1,30,,1169254,51,,,1,70,,1169264,51,,,1,27,,1169256,49,,,1,70,,1169265,49,,,1,30,,1169263,49,,,1,100,,974156,49,,,1,97,,1169261,49,,,1,158,,1169262,49,,,1
8200,'14',543,,1169284,49,,,1,103,,1169276,49,,,1,111,,1169295,49,,,1,101,,1169306,49,,,1,64,,1169287,51,,,1,30,,1169278,51,,,1,69,,1169296,51,,,1,30,,1169308,51,,,1,70,,1169293,51,,,1,30,,1169305,51,,,1,70,,1169304,51,,,1,30,,1169292,51,,,1,71,,1169302,51,,,1,31,,1169290,51,,,1,71,,1169274,51,,,1,23,,1169285,35,,,1,9,,1169273,51,,,1,73,,1169283,51,,,1,13,,1169291,15,,,1,8,,1169307,15,,,1,9,,1169282,54,,,1,71,,1169303,54,,,1,73,,1169281,54,,,1,30,,1169279,54,,,1,67,,1169280,54,,,1,26,,1169299,54,,,1,27,,1169298,54,,,1,69,,1169300,51,,,1,29,,1169286,51,,,1,68,,1169275,51,,,1,32,,1169297,51,,,1,70,,1169301,51,,,1,26,,1169294,51,,,1,69,,1169288,49,,,1,29,,1169289,49,,,1,98,,1169277,49,,,1
8200,'15',543,,1169333,49,,,1,103,,1169322,49,,,1,111,,1169316,49,,,1,101,,1169314,49,,,1,64,,1169342,51,,,1,30,,1169328,51,,,1,69,,1169321,51,,,1,30,,1169313,51,,,1,70,,1169329,51,,,1,30,,1169336,51,,,1,70,,1169338,51,,,1,30,,1169318,51,,,1,71,,1169334,51,,,1,31,,1169335,51,,,1,71,,1169330,51,,,1,23,,1169317,35,,,1,9,,1169309,51,,,1,73,,1169320,51,,,1,13,,1169343,15,,,1,8,,1169323,15,,,1,9,,1169341,54,,,1,71,,1169327,54,,,1,73,,1169319,54,,,1,30,,1169339,54,,,1,67,,1169326,54,,,1,26,,1169312,54,,,1,27,,1169324,54,,,1,69,,1169332,51,,,1,29,,1169311,51,,,1,68,,1169310,51,,,1,32,,1169340,51,,,1,70,,1169344,51,,,1,26,,1169331,51,,,1,69,,1169337,49,,,1,29,,1169325,49,,,1,98,,1169315,49,,,1
8200,'16',543,,1070345,49,,,1,103,,1169369,49,,,1,111,,1169356,49,,,1,101,,1169363,49,,,1,64,,1169360,51,,,1,30,,1169358,51,,,1,69,,997744,51,,,1,30,,1169350,51,,,1,70,,1169353,51,,,1,30,,1169355,51,,,1,70,,1169371,51,,,1,30,,1169348,51,,,1,71,,1075043,51,,,1,31,,1169352,51,,,1,71,,1169354,51,,,1,23,,1169373,35,,,1,9,,1169367,51,,,1,73,,1169359,51,,,1,13,,1169365,15,,,1,8,,1169362,15,,,1,9,,1169370,54,,,1,71,,1169376,54,,,1,73,,1169374,54,,,1,30,,1169357,54,,,1,67,,1169349,54,,,1,26,,1169361,54,,,1,27,,1169351,54,,,1,69,,1169366,51,,,1,29,,1169345,51,,,1,68,,1169368,51,,,1,32,,1169364,51,,,1,70,,1169372,51,,,1,26,,1169347,51,,,1,69,,1169377,49,,,1,29,,1169375,49,,,1,98,,1169346,49,,,1
8200,'17',748,,1169387,49,,,1,97,,1169379,49,,,1,100,,1169378,49,,,1,106,,1169397,51,,,1,70,,1169381,51,,,1,30,,1169394,51,,,1,70,,1169400,51,,,1,30,,1169385,51,,,1,70,,1169380,51,,,1,30,,1169395,51,,,1,70,,1169398,51,,,1,30,,1169396,51,,,1,70,,1169401,51,,,1,30,,1169386,51,,,1,70,,1169402,51,,,1,30,,1169383,51,,,1,70,,1169388,51,,,1,30,,1169382,51,,,1,70,,1169392,51,,,1,27,,1169384,49,,,1,70,,1169393,49,,,1,30,,1169391,49,,,1,100,,1169399,49,,,1,97,,1169389,49,,,1,158,,1169390,49,,,1
8200,'2',715,,1169425,49,,,1,105,,1169427,49,,,1,30,,1169410,49,,,1,70,,1169428,49,,,1,33,,1169419,51,,,1,73,,1169405,51,,,1,30,,1169424,51,,,1,70,,1169406,51,,,1,30,,1169431,51,,,1,70,,1093971,51,,,1,30,,1169414,51,,,1,70,,1169426,51,,,1,30,,1169407,51,,,1,70,,1169423,51,,,1,30,,1169404,51,,,1,70,,1169420,51,,,1,30,,1169416,51,,,1,70,,1169418,51,,,1,30,,1169412,51,,,1,70,,1169432,51,,,1,30,,1169415,51,,,1,70,,1169413,51,,,1,30,,1169409,51,,,1,70,,1169417,51,,,1,30,,1169411,51,,,1,70,,1169429,51,,,1,30,,1169403,51,,,1,70,,1074668,51,,,1,27,,1169430,51,,,1,67,,1169421,49,,,1,30,,1169422,49,,,1,150,,1169408,49,,,1
8200,'3',748,,1169442,49,,,1,97,,1169434,49,,,1,100,,1169433,49,,,1,106,,1169452,51,,,1,70,,1169436,51,,,1,30,,1169449,51,,,1,70,,1169455,51,,,1,30,,1169440,51,,,1,70,,1169435,51,,,1,30,,1169450,51,,,1,70,,1169453,51,,,1,30,,1169451,51,,,1,70,,1169456,51,,,1,30,,1169441,51,,,1,70,,1169457,51,,,1,30,,1169438,51,,,1,70,,1169443,51,,,1,30,,1169437,51,,,1,70,,1169447,51,,,1,27,,1169439,49,,,1,70,,1169448,49,,,1,30,,1169446,49,,,1,100,,1169454,49,,,1,97,,1169444,49,,,1,158,,1169445,49,,,1
8200,'4',748,,1169462,49,,,1,97,,1169468,49,,,1,100,,1062496,49,,,1,106,,1169473,51,,,1,70,,1169474,51,,,1,30,,1169466,51,,,1,70,,1169476,51,,,1,30,,1169463,51,,,1,70,,1169469,51,,,1,30,,1169478,51,,,1,70,,1169472,51,,,1,30,,1169460,51,,,1,70,,1169480,51,,,1,30,,1169475,51,,,1,70,,1169459,51,,,1,30,,1169479,51,,,1,70,,1169464,51,,,1,30,,1169465,51,,,1,70,,1169461,51,,,1,27,,1169458,49,,,1,70,,1169470,49,,,1,30,,1169467,49,,,1,100,,1169471,49,,,1,97,,1169477,49,,,1,158,,1074235,49,,,1
8200,'5',543,,1169490,49,,,1,103,,1169483,49,,,1,111,,1169501,49,,,1,101,,1049029,49,,,1,64,,1169493,51,,,1,30,,1169484,51,,,1,69,,1169502,51,,,1,30,,1169512,51,,,1,70,,1169499,51,,,1,30,,1169511,51,,,1,70,,1169510,51,,,1,30,,1169498,51,,,1,71,,1169508,51,,,1,31,,1169496,51,,,1,71,,1169481,51,,,1,23,,1169491,35,,,1,9,,935110,51,,,1,73,,1169489,51,,,1,13,,1169497,15,,,1,8,,1084878,15,,,1,9,,1169488,54,,,1,71,,1169509,54,,,1,73,,1169487,54,,,1,30,,1169485,54,,,1,67,,1169486,54,,,1,26,,1169505,54,,,1,27,,1169504,54,,,1,69,,1169506,51,,,1,29,,1169492,51,,,1,68,,1169482,51,,,1,32,,1169503,51,,,1,70,,1169507,51,,,1,26,,1169500,51,,,1,69,,1169494,49,,,1,29,,1169495,49,,,1,98,,1011514,49,,,1
8200,'6',543,,1169546,49,,,1,103,,1169537,49,,,1,111,,1169524,49,,,1,101,,1169531,49,,,1,64,,1169528,51,,,1,30,,1169526,51,,,1,69,,1169545,51,,,1,30,,1169518,51,,,1,70,,1169521,51,,,1,30,,1169523,51,,,1,70,,1169539,51,,,1,30,,1169517,51,,,1,71,,1169514,51,,,1,31,,1169520,51,,,1,71,,1169522,51,,,1,23,,1169541,35,,,1,9,,1169535,51,,,1,73,,1169527,51,,,1,13,,1169533,15,,,1,8,,1169530,15,,,1,9,,1169538,54,,,1,71,,1169544,54,,,1,73,,1169542,54,,,1,30,,1169525,54,,,1,67,,1003589,54,,,1,26,,1169529,54,,,1,27,,1169519,54,,,1,69,,1169534,51,,,1,29,,1169513,51,,,1,68,,1169536,51,,,1,32,,1169532,51,,,1,70,,1169540,51,,,1,26,,1169516,51,,,1,69,,1169547,49,,,1,29,,1169543,49,,,1,98,,1169515,49,,,1
8200,'7',715,,1169570,49,,,1,105,,1169550,49,,,1,30,,1169551,49,,,1,70,,1169549,49,,,1,33,,1169576,51,,,1,73,,1169555,51,,,1,30,,1169579,51,,,1,70,,1169572,51,,,1,30,,1169554,51,,,1,70,,1169558,51,,,1,30,,1169560,51,,,1,70,,1169552,51,,,1,30,,1169569,51,,,1,70,,1169564,51,,,1,30,,1169578,51,,,1,70,,1169565,51,,,1,30,,1169575,51,,,1,70,,1169568,51,,,1,30,,1169556,51,,,1,70,,1169577,51,,,1,30,,1169566,51,,,1,70,,1169561,51,,,1,30,,1169557,51,,,1,70,,1169567,51,,,1,30,,1169563,51,,,1,70,,1169553,51,,,1,30,,1169562,51,,,1,70,,1169548,51,,,1,27,,1169574,51,,,1,67,,1169573,49,,,1,30,,1169571,49,,,1,150,,1169559,49,,,1
8200,'8',543,,1169614,49,,,1,103,,1169605,49,,,1,111,,1169592,49,,,1,101,,1169599,49,,,1,64,,1169596,51,,,1,30,,1169594,51,,,1,69,,1169613,51,,,1,30,,1169586,51,,,1,70,,1169589,51,,,1,30,,1169591,51,,,1,70,,1169607,51,,,1,30,,1169584,51,,,1,71,,1169581,51,,,1,31,,1169588,51,,,1,71,,1169590,51,,,1,23,,1169609,35,,,1,9,,1169603,51,,,1,73,,1169595,51,,,1,13,,1169601,15,,,1,8,,1169598,15,,,1,9,,1169606,54,,,1,71,,1169612,54,,,1,73,,1169610,54,,,1,30,,1169593,54,,,1,67,,1169585,54,,,1,26,,1169597,54,,,1,27,,1169587,54,,,1,69,,1169602,51,,,1,29,,1169580,51,,,1,68,,1169604,51,,,1,32,,1169600,51,,,1,70,,1169608,51,,,1,26,,1169583,51,,,1,69,,1169615,49,,,1,29,,1169611,49,,,1,98,,1169582,49,,,1
8200,'9',543,,1169625,49,,,1,103,,1169618,49,,,1,111,,1169636,49,,,1,101,,1049296,49,,,1,64,,1169628,51,,,1,30,,1169619,51,,,1,69,,1169637,51,,,1,30,,1169647,51,,,1,70,,1169634,51,,,1,30,,1169646,51,,,1,70,,1169645,51,,,1,30,,1169633,51,,,1,71,,1169643,51,,,1,31,,1169631,51,,,1,71,,1169616,51,,,1,23,,1169626,35,,,1,9,,935108,51,,,1,73,,1169624,51,,,1,13,,1169632,15,,,1,8,,1084873,15,,,1,9,,1169623,54,,,1,71,,1169644,54,,,1,73,,1169622,54,,,1,30,,1169620,54,,,1,67,,1169621,54,,,1,26,,1169640,54,,,1,27,,1169639,54,,,1,69,,1169641,51,,,1,29,,1169627,51,,,1,68,,1169617,51,,,1,32,,1169638,51,,,1,70,,1169642,51,,,1,26,,1169635,51,,,1,69,,1169629,49,,,1,29,,1169630,49,,,1,98,,1011686,49,,,1
8401,'1',610,,1170259,12,,,1,104,,1006001,12,,,1,101,,1022190,12,,,1,698,,1170261,12,,,1,100,,1170258,12,,,1,100,,1170260,12,,,1
8401,'10',610,,1170263,12,,,1,104,,1006098,12,,,1,101,,1022206,12,,,1,698,,1170265,12,,,1,100,,1170262,12,,,1,100,,1170264,12,,,1
8401,'11',610,,1170267,12,,,1,104,,1005971,12,,,1,101,,1022186,12,,,1,698,,1170269,12,,,1,100,,1170266,12,,,1,100,,1170268,12,,,1
8401,'12',610,,1170274,12,,,1,104,,1170272,12,,,1,101,,1170275,12,,,1,698,,1170270,12,,,1,100,,1170271,12,,,1,100,,1170273,12,,,1
8401,'14',610,,1170277,12,,,1,104,,1170279,12,,,1,101,,1170281,12,,,1,698,,1170280,12,,,1,100,,1170276,12,,,1,100,,1170278,12,,,1
8401,'15',610,,1170284,12,,,1,104,,1170287,12,,,1,101,,1170285,12,,,1,698,,1170282,12,,,1,100,,1170286,12,,,1,100,,1170283,12,,,1
8401,'16',610,,1170292,12,,,1,104,,1170290,12,,,1,101,,1170293,12,,,1,698,,1170288,12,,,1,100,,1170289,12,,,1,100,,1170291,12,,,1
8401,'5',610,,1170295,12,,,1,104,,1005830,12,,,1,101,,1022166,12,,,1,698,,1170297,12,,,1,100,,1170294,12,,,1,100,,1170296,12,,,1
8401,'6',610,,1170301,12,,,1,104,,1170299,12,,,1,101,,1170302,12,,,1,698,,1170298,12,,,1,100,,1063750,12,,,1,100,,1170300,12,,,1
8401,'8',610,,1170307,12,,,1,104,,1170305,12,,,1,101,,1170308,12,,,1,698,,1170303,12,,,1,100,,1170304,12,,,1,100,,1170306,12,,,1
8401,'9',610,,1170310,12,,,1,104,,1006031,12,,,1,101,,1022194,12,,,1,698,,1170312,12,,,1,100,,1170309,12,,,1,100,,1170311,12,,,1
11101,'1',541,,1015100,37,,,1,72,,1186303,37,,,1,21,,1186316,37,,,1,16,,1186330,37,,,1,56,,1186325,37,,,1,16,,1186331,37,,,1,15,,1186343,37,,,1,15,,1186307,37,,,1,58,,1186328,39,,,1,18,,1078713,37,,,1,17,,1186334,39,,,1,55,,1186319,37,,,1,15,,1075944,39,,,1,13,,1186302,37,,,1,12,,1186337,39,,,1,11,,1186332,37,,,1,54,,1186309,39,,,1,15,,1011666,37,,,1,15,,1186313,39,,,1,15,,1186342,37,,,1,55,,1186335,39,,,1,15,,1186340,37,,,1,15,,1186315,39,,,1,15,,1186329,37,,,1,55,,1186326,39,,,1,15,,1186339,37,,,1,15,,1186341,39,,,1,15,,1186299,37,,,1,55,,1186317,39,,,1,18,,1027517,37,,,1,16,,1186287,39,,,1,15,,1186286,37,,,1,55,,1186327,39,,,1,15,,1186338,37,,,1,18,,1097834,39,,,1,15,,1186321,37,,,1,55,,1186323,39,,,1,3,,1085039,30,,,1,12,,1186314,37,,,1,77,,1186285,37,,,1,13,,1008012,39,,,1,15,,1186305,37,,,1,16,,1186333,39,,,1,55,,1186289,37,,,1,15,,1186298,39,,,1,15,,1186290,37,,,1,15,,1186297,39,,,1,70,,1186322,39,,,1,13,,1186308,37,,,1,14,,1186310,39,,,1,55,,1186295,37,,,1,15,,1013035,39,,,1,10,,1186304,37,,,1,13,,1186306,39,,,1,15,,1186318,37,,,1,55,,1186324,39,,,1,15,,1068015,37,,,1,10,,1100045,39,,,1,15,,1186292,37,,,1,55,,1186293,39,,,1,15,,1186301,37,,,1,15,,1036006,39,,,1,15,,1186336,37,,,1,9,,1186288,39,,,1,60,,1186320,37,,,1,29,,1186300,39,,,1,89,,1186294,37,,,1,70,,1186291,37,,,1,38,,1186311,37,,,1,66,,966895,37,,,1
11101,'10',541,,1015291,37,,,1,72,,1186363,37,,,1,21,,1186376,37,,,1,16,,1186390,37,,,1,56,,1186385,37,,,1,16,,1186391,37,,,1,15,,1186403,37,,,1,15,,1186367,37,,,1,58,,1186388,39,,,1,18,,1078449,37,,,1,17,,1186394,39,,,1,55,,1186379,37,,,1,15,,1075719,39,,,1,13,,1186362,37,,,1,12,,1186397,39,,,1,11,,1186392,37,,,1,54,,1186369,39,,,1,15,,1011743,37,,,1,15,,1186373,39,,,1,15,,1186402,37,,,1,55,,1186395,39,,,1,15,,1186400,37,,,1,15,,1186375,39,,,1,15,,1186389,37,,,1,55,,1186386,39,,,1,15,,1186399,37,,,1,15,,1186401,39,,,1,15,,1186359,37,,,1,55,,1186377,39,,,1,18,,1027599,37,,,1,16,,1186347,39,,,1,15,,1186346,37,,,1,55,,1186387,39,,,1,15,,1186398,37,,,1,18,,1097610,39,,,1,15,,1186381,37,,,1,55,,1186383,39,,,1,3,,1084914,30,,,1,12,,1186374,37,,,1,77,,1186345,37,,,1,13,,1008137,39,,,1,15,,1186365,37,,,1,16,,1186393,39,,,1,55,,1186349,37,,,1,15,,1186358,39,,,1,15,,1186350,37,,,1,15,,1186357,39,,,1,70,,1186382,39,,,1,13,,1186368,37,,,1,14,,1186370,39,,,1,55,,1186355,37,,,1,15,,1013126,39,,,1,10,,1186364,37,,,1,13,,1186366,39,,,1,15,,1186378,37,,,1,55,,1186384,39,,,1,15,,1067799,37,,,1,10,,1099901,39,,,1,15,,1186352,37,,,1,55,,1186353,39,,,1,15,,1186361,37,,,1,15,,1036224,39,,,1,15,,1186396,37,,,1,9,,1186348,39,,,1,60,,1186380,37,,,1,29,,1186360,39,,,1,89,,1186354,37,,,1,70,,1186351,37,,,1,38,,1186371,37,,,1,66,,966672,37,,,1
11101,'11',541,,1015046,37,,,1,72,,1186423,37,,,1,21,,1186436,37,,,1,16,,1186450,37,,,1,56,,1186445,37,,,1,16,,1186451,37,,,1,15,,1186463,37,,,1,15,,1186427,37,,,1,58,,1186448,39,,,1,18,,1078793,37,,,1,17,,1186454,39,,,1,55,,1186439,37,,,1,15,,1076014,39,,,1,13,,1186422,37,,,1,12,,1186457,39,,,1,11,,1186452,37,,,1,54,,1186429,39,,,1,15,,1011645,37,,,1,15,,1186433,39,,,1,15,,1186462,37,,,1,55,,1186455,39,,,1,15,,1186460,37,,,1,15,,1186435,39,,,1,15,,1186449,37,,,1,55,,1186446,39,,,1,15,,1186459,37,,,1,15,,1186461,39,,,1,15,,1186419,37,,,1,55,,1186437,39,,,1,18,,1027493,37,,,1,16,,1186407,39,,,1,15,,1186406,37,,,1,55,,1186447,39,,,1,15,,1186458,37,,,1,18,,1097902,39,,,1,15,,1186441,37,,,1,55,,1186443,39,,,1,3,,1085073,30,,,1,12,,1186434,37,,,1,77,,1186405,37,,,1,13,,1007976,39,,,1,15,,1186425,37,,,1,16,,1186453,39,,,1,55,,1186409,37,,,1,15,,1186418,39,,,1,15,,1186410,37,,,1,15,,1186417,39,,,1,70,,1186442,39,,,1,13,,1186428,37,,,1,14,,1186430,39,,,1,55,,1186415,37,,,1,15,,1013008,39,,,1,10,,1186424,37,,,1,13,,1186426,39,,,1,15,,1186438,37,,,1,55,,1186444,39,,,1,15,,1068069,37,,,1,10,,1100089,39,,,1,15,,1186412,37,,,1,55,,1186413,39,,,1,15,,1186421,37,,,1,15,,1035943,39,,,1,15,,1186456,37,,,1,9,,1186408,39,,,1,60,,1186440,37,,,1,29,,1186420,39,,,1,89,,1186414,37,,,1,70,,1186411,37,,,1,38,,1186431,37,,,1,66,,966857,37,,,1
11101,'12',541,,1076223,37,,,1,72,,1016297,37,,,1,21,,1186523,37,,,1,16,,1186500,37,,,1,56,,1186503,37,,,1,16,,1186479,37,,,1,15,,1186524,37,,,1,15,,1186473,37,,,1,58,,1186483,39,,,1,18,,1186484,37,,,1,17,,1186476,39,,,1,55,,1186515,37,,,1,15,,1186519,39,,,1,13,,1186477,37,,,1,12,,1186474,39,,,1,11,,1186514,37,,,1,54,,1186504,39,,,1,15,,1186498,37,,,1,15,,1186510,39,,,1,15,,1186506,37,,,1,55,,1186494,39,,,1,15,,1186502,37,,,1,15,,1186527,39,,,1,15,,1186511,37,,,1,55,,1186509,39,,,1,15,,1186491,37,,,1,15,,1186526,39,,,1,15,,1186470,37,,,1,55,,1080068,39,,,1,18,,1186482,37,,,1,16,,1186501,39,,,1,15,,1186517,37,,,1,55,,1186481,39,,,1,15,,1186489,37,,,1,18,,1063014,39,,,1,15,,1186464,37,,,1,55,,1186520,39,,,1,3,,1186478,30,,,1,12,,1094078,37,,,1,77,,1186490,37,,,1,13,,1186529,39,,,1,15,,1186512,37,,,1,16,,1186522,39,,,1,55,,1186471,37,,,1,15,,1186468,39,,,1,15,,1186469,37,,,1,15,,1186513,39,,,1,70,,1186480,39,,,1,13,,1186521,37,,,1,14,,1186475,39,,,1,55,,1186466,37,,,1,15,,1186487,39,,,1,10,,1024183,37,,,1,13,,1186508,39,,,1,15,,1186525,37,,,1,55,,1186486,39,,,1,15,,1186493,37,,,1,10,,1186499,39,,,1,15,,1186485,37,,,1,55,,1186505,39,,,1,15,,1186495,37,,,1,15,,1186465,39,,,1,15,,1186488,37,,,1,9,,1186497,39,,,1,60,,1186496,37,,,1,29,,1186467,39,,,1,89,,1186528,37,,,1,70,,1186518,37,,,1,38,,1186516,37,,,1,66,,1186507,37,,,1
11101,'13',815,,1186552,37,,,1,30,,1186541,37,,,1,70,,1186530,37,,,1,33,,1072077,37,,,1,70,,1186540,37,,,1,30,,1186544,37,,,1,70,,1186546,37,,,1,32,,1186545,37,,,1,70,,1186547,37,,,1,30,,1186537,37,,,1,70,,1186556,37,,,1,30,,1186533,37,,,1,70,,1186543,37,,,1,30,,1027104,37,,,1,70,,1186557,37,,,1,31,,1186555,37,,,1,70,,1186539,37,,,1,30,,1186553,37,,,1,70,,1186551,37,,,1,30,,1186542,37,,,1,70,,1186535,37,,,1,28,,1186534,37,,,1,70,,1186549,37,,,1,30,,1186538,37,,,1,70,,1186548,37,,,1,29,,1186550,37,,,1,70,,1186531,37,,,1,30,,1101340,37,,,1,70,,1186536,37,,,1,30,,1186554,37,,,1,100,,1186532,37,,,1
11101,'14',541,,1186565,37,,,1,72,,1186584,37,,,1,21,,1186598,37,,,1,16,,1186613,37,,,1,56,,1186608,37,,,1,16,,1186614,37,,,1,15,,1186630,37,,,1,15,,1186588,37,,,1,58,,1186611,39,,,1,18,,1186589,37,,,1,17,,1186617,39,,,1,55,,1186601,37,,,1,15,,1186581,39,,,1,13,,1186583,37,,,1,12,,1186620,39,,,1,11,,1186615,37,,,1,54,,1186591,39,,,1,15,,1186568,37,,,1,15,,1186595,39,,,1,15,,1186627,37,,,1,55,,1186618,39,,,1,15,,1186624,37,,,1,15,,1186597,39,,,1,15,,1186612,37,,,1,55,,1186609,39,,,1,15,,1186622,37,,,1,15,,1186626,39,,,1,15,,1186579,37,,,1,55,,1186599,39,,,1,18,,1186625,37,,,1,16,,1186563,39,,,1,15,,1186561,37,,,1,55,,1186610,39,,,1,15,,1186621,37,,,1,18,,1186562,39,,,1,15,,1186603,37,,,1,55,,1186606,39,,,1,3,,1186629,30,,,1,12,,1186596,37,,,1,77,,1186560,37,,,1,13,,1186623,39,,,1,15,,1186586,37,,,1,16,,1186616,39,,,1,55,,1186567,37,,,1,15,,1186578,39,,,1,15,,1186570,37,,,1,15,,1186577,39,,,1,70,,1186604,39,,,1,13,,1186590,37,,,1,14,,1186592,39,,,1,55,,1186575,37,,,1,15,,1186605,39,,,1,10,,1186585,37,,,1,13,,1186587,39,,,1,15,,1186600,37,,,1,55,,1186607,39,,,1,15,,1186569,37,,,1,10,,1186628,39,,,1,15,,1186572,37,,,1,55,,1186573,39,,,1,15,,1186582,37,,,1,15,,1186566,39,,,1,15,,1186619,37,,,1,9,,1186564,39,,,1,60,,1186602,37,,,1,29,,1186580,39,,,1,89,,1186574,37,,,1,70,,1186571,37,,,1,38,,1186593,37,,,1,66,,1186558,37,,,1
11101,'15',541,,1186666,37,,,1,72,,1186640,37,,,1,21,,1186672,37,,,1,16,,1186648,37,,,1,56,,1186653,37,,,1,16,,1186683,37,,,1,15,,1186691,37,,,1,15,,1186680,37,,,1,58,,1186659,39,,,1,18,,1186695,37,,,1,17,,1186686,39,,,1,55,,1186684,37,,,1,15,,1186652,39,,,1,13,,1186696,37,,,1,12,,1186689,39,,,1,11,,1186650,37,,,1,54,,1186682,39,,,1,15,,1186656,37,,,1,15,,1186660,39,,,1,15,,1186690,37,,,1,55,,1186636,39,,,1,15,,1186649,37,,,1,15,,1186661,39,,,1,15,,1186646,37,,,1,55,,1186635,39,,,1,15,,1186685,37,,,1,15,,1186681,39,,,1,15,,1186676,37,,,1,55,,1186669,39,,,1,18,,1186671,37,,,1,16,,1186655,39,,,1,15,,1186651,37,,,1,55,,1186703,39,,,1,15,,1186662,37,,,1,18,,1186694,39,,,1,15,,1186631,37,,,1,55,,1186654,39,,,1,3,,1186674,30,,,1,12,,1186701,37,,,1,77,,1186643,37,,,1,13,,1186639,39,,,1,15,,1186678,37,,,1,16,,1186642,39,,,1,55,,1186697,37,,,1,15,,1186665,39,,,1,15,,1186641,37,,,1,15,,1186667,39,,,1,70,,1186692,39,,,1,13,,1186668,37,,,1,14,,1186698,39,,,1,55,,1186670,37,,,1,15,,1186657,39,,,1,10,,1186647,37,,,1,13,,1186638,39,,,1,15,,1186702,37,,,1,55,,1186693,39,,,1,15,,1186700,37,,,1,10,,1186673,39,,,1,15,,1186645,37,,,1,55,,1186632,39,,,1,15,,1186699,37,,,1,15,,1186679,39,,,1,15,,1186664,37,,,1,9,,1186644,39,,,1,60,,1186663,37,,,1,29,,1186688,39,,,1,89,,1186633,37,,,1,70,,1186637,37,,,1,38,,1186634,37,,,1,66,,1186677,37,,,1
11101,'16',541,,1186709,37,,,1,72,,1186717,37,,,1,21,,1084188,37,,,1,16,,1186741,37,,,1,56,,1186745,37,,,1,16,,1186721,37,,,1,15,,1186765,37,,,1,15,,1186713,37,,,1,58,,1186724,39,,,1,18,,1186725,37,,,1,17,,1186718,39,,,1,55,,1186757,37,,,1,15,,1186761,39,,,1,13,,1186719,37,,,1,12,,1186714,39,,,1,11,,1186756,37,,,1,54,,1186746,39,,,1,15,,1186739,37,,,1,15,,1186752,39,,,1,15,,1186748,37,,,1,55,,1186734,39,,,1,15,,1186744,37,,,1,15,,1061787,39,,,1,15,,1186753,37,,,1,55,,1186751,39,,,1,15,,1186731,37,,,1,15,,1186766,39,,,1,15,,1090898,37,,,1,55,,1186715,39,,,1,18,,1186723,37,,,1,16,,1186742,39,,,1,15,,1186759,37,,,1,55,,1026031,39,,,1,15,,1186729,37,,,1,18,,1186743,39,,,1,15,,1186704,37,,,1,55,,1186762,39,,,1,3,,1186720,30,,,1,12,,1186737,37,,,1,77,,1186730,37,,,1,13,,1075079,39,,,1,15,,1186754,37,,,1,16,,1186764,39,,,1,55,,1072639,37,,,1,15,,1186711,39,,,1,15,,1186712,37,,,1,15,,1186755,39,,,1,70,,1186722,39,,,1,13,,1186763,37,,,1,14,,1186716,39,,,1,55,,1186707,37,,,1,15,,1186727,39,,,1,10,,1186708,37,,,1,13,,1186750,39,,,1,15,,1052156,37,,,1,55,,1099705,39,,,1,15,,1186733,37,,,1,10,,1186740,39,,,1,15,,1186726,37,,,1,55,,1186747,39,,,1,15,,1186735,37,,,1,15,,1186705,39,,,1,15,,1186728,37,,,1,9,,1186738,39,,,1,60,,1186736,37,,,1,29,,1186710,39,,,1,89,,1186767,37,,,1,70,,1186760,37,,,1,38,,1186758,37,,,1,66,,1186749,37,,,1
11101,'17',815,,1186791,37,,,1,30,,1186780,37,,,1,70,,1186768,37,,,1,33,,1186792,37,,,1,70,,1186779,37,,,1,30,,1186783,37,,,1,70,,1186785,37,,,1,32,,1186784,37,,,1,70,,1186786,37,,,1,30,,1186776,37,,,1,70,,1186797,37,,,1,30,,1186772,37,,,1,70,,1186782,37,,,1,30,,1186769,37,,,1,70,,1186798,37,,,1,31,,1186795,37,,,1,70,,1186778,37,,,1,30,,1186793,37,,,1,70,,1186790,37,,,1,30,,1186781,37,,,1,70,,1186774,37,,,1,28,,1186773,37,,,1,70,,1186788,37,,,1,30,,1186777,37,,,1,70,,1186787,37,,,1,29,,1186789,37,,,1,70,,1186770,37,,,1,30,,1186796,37,,,1,70,,1186775,37,,,1,30,,1186794,37,,,1,100,,1186771,37,,,1
11101,'2',556,,1186821,37,,,1,70,,1065023,37,,,1,30,,1186812,37,,,1,70,,1186828,37,,,1,30,,1090364,37,,,1,70,,1186805,37,,,1,30,,1186817,37,,,1,73,,1186826,37,,,1,30,,1186825,37,,,1,70,,1186806,37,,,1,30,,1186814,37,,,1,72,,1186802,37,,,1,70,,1186816,37,,,1,30,,1186804,37,,,1,70,,1186799,37,,,1,30,,1186822,37,,,1,70,,1186809,37,,,1,30,,1186819,37,,,1,70,,1186807,37,,,1,31,,1186801,37,,,1,70,,1186811,37,,,1,30,,1186827,37,,,1,70,,1076113,37,,,1,30,,1186824,37,,,1,70,,1186810,37,,,1,28,,1186813,37,,,1,70,,1186829,37,,,1,32,,1186830,37,,,1,70,,1186808,37,,,1,29,,1186818,37,,,1,70,,1186820,37,,,1,30,,1186803,37,,,1,70,,1001760,37,,,1,30,,1074657,37,,,1,70,,1186823,37,,,1,30,,1186815,37,,,1,90,,1186800,37,,,1
11101,'3',815,,1186854,37,,,1,30,,1186843,37,,,1,70,,1186831,37,,,1,33,,1186855,37,,,1,70,,1186842,37,,,1,30,,1186846,37,,,1,70,,1186848,37,,,1,32,,1186847,37,,,1,70,,1186849,37,,,1,30,,1186839,37,,,1,70,,1186860,37,,,1,30,,1186835,37,,,1,70,,1186845,37,,,1,30,,1186832,37,,,1,70,,1186861,37,,,1,31,,1186858,37,,,1,70,,1186841,37,,,1,30,,1186856,37,,,1,70,,1186853,37,,,1,30,,1186844,37,,,1,70,,1186837,37,,,1,28,,1186836,37,,,1,70,,1186851,37,,,1,30,,1186840,37,,,1,70,,1186850,37,,,1,29,,1186852,37,,,1,70,,1186833,37,,,1,30,,1186859,37,,,1,70,,1186838,37,,,1,30,,1186857,37,,,1,100,,1186834,37,,,1
11101,'4',815,,1186868,37,,,1,30,,1186890,37,,,1,70,,1186881,37,,,1,33,,1186864,37,,,1,70,,1095114,37,,,1,30,,1186885,37,,,1,70,,1186879,37,,,1,32,,1186877,37,,,1,70,,1186870,37,,,1,30,,1186871,37,,,1,70,,1186872,37,,,1,30,,1186862,37,,,1,70,,1186888,37,,,1,30,,1186889,37,,,1,70,,1090419,37,,,1,31,,1186875,37,,,1,70,,1186874,37,,,1,30,,1186882,37,,,1,70,,1186866,37,,,1,30,,1186865,37,,,1,70,,1186863,37,,,1,28,,1186880,37,,,1,70,,1186886,37,,,1,30,,1186869,37,,,1,70,,1186876,37,,,1,29,,1186878,37,,,1,70,,1186873,37,,,1,30,,1186883,37,,,1,70,,1186887,37,,,1,30,,1186867,37,,,1,100,,1186884,37,,,1
11101,'5',541,,1014719,37,,,1,72,,1186910,37,,,1,21,,1186923,37,,,1,16,,1186937,37,,,1,56,,1186932,37,,,1,16,,1186938,37,,,1,15,,1186950,37,,,1,15,,1186914,37,,,1,58,,1186935,39,,,1,18,,1078665,37,,,1,17,,1186941,39,,,1,55,,1186926,37,,,1,15,,1075905,39,,,1,13,,1186909,37,,,1,12,,1186944,39,,,1,11,,1186939,37,,,1,54,,1186916,39,,,1,15,,1011515,37,,,1,15,,1186920,39,,,1,15,,1186949,37,,,1,55,,1186942,39,,,1,15,,1186947,37,,,1,15,,1186922,39,,,1,15,,1186936,37,,,1,55,,1186933,39,,,1,15,,1186946,37,,,1,15,,1186948,39,,,1,15,,1186906,37,,,1,55,,1186924,39,,,1,18,,1027374,37,,,1,16,,1186894,39,,,1,15,,1186893,37,,,1,55,,1186934,39,,,1,15,,1186945,37,,,1,18,,1097789,39,,,1,15,,1186928,37,,,1,55,,1186930,39,,,1,3,,1085019,30,,,1,12,,1186921,37,,,1,77,,1186892,37,,,1,13,,1007809,39,,,1,15,,1186912,37,,,1,16,,1186940,39,,,1,55,,1186896,37,,,1,15,,1186905,39,,,1,15,,1186897,37,,,1,15,,1186904,39,,,1,70,,1186929,39,,,1,13,,1186915,37,,,1,14,,1186917,39,,,1,55,,1186902,37,,,1,15,,1012872,39,,,1,10,,1186911,37,,,1,13,,1186913,39,,,1,15,,1186925,37,,,1,55,,1186931,39,,,1,15,,1067982,37,,,1,10,,1100019,39,,,1,15,,1186899,37,,,1,55,,1186900,39,,,1,15,,1186908,37,,,1,15,,1035599,39,,,1,15,,1186943,37,,,1,9,,1186895,39,,,1,60,,1186927,37,,,1,29,,1186907,39,,,1,89,,1186901,37,,,1,70,,1186898,37,,,1,38,,1186918,37,,,1,66,,967016,37,,,1
11101,'6',541,,1186955,37,,,1,72,,1186961,37,,,1,21,,1187010,37,,,1,16,,1186987,37,,,1,56,,1186991,37,,,1,16,,1186965,37,,,1,15,,946034,37,,,1,15,,1089299,37,,,1,58,,1186969,39,,,1,18,,1186970,37,,,1,17,,1186962,39,,,1,55,,1187002,37,,,1,15,,1187006,39,,,1,13,,1186963,37,,,1,12,,1186959,39,,,1,11,,1187001,37,,,1,54,,1186992,39,,,1,15,,1186985,37,,,1,15,,1186998,39,,,1,15,,1186994,37,,,1,55,,1186980,39,,,1,15,,1186990,37,,,1,15,,1187012,39,,,1,15,,1085294,37,,,1,55,,1186997,39,,,1,15,,1186977,37,,,1,15,,1084554,39,,,1,15,,1186956,37,,,1,55,,1186960,39,,,1,18,,1186968,37,,,1,16,,1186988,39,,,1,15,,1187004,37,,,1,55,,1186967,39,,,1,15,,1186975,37,,,1,18,,1186989,39,,,1,15,,1186951,37,,,1,55,,1187007,39,,,1,3,,1186964,30,,,1,12,,1186983,37,,,1,77,,1186976,37,,,1,13,,1187013,39,,,1,15,,1186999,37,,,1,16,,1187009,39,,,1,55,,1186957,37,,,1,15,,911823,39,,,1,15,,1079650,37,,,1,15,,1187000,39,,,1,70,,1186966,39,,,1,13,,1187008,37,,,1,14,,1034047,39,,,1,55,,1101231,37,,,1,15,,1186973,39,,,1,10,,1186954,37,,,1,13,,1186996,39,,,1,15,,1187011,37,,,1,55,,1186972,39,,,1,15,,1186979,37,,,1,10,,1186986,39,,,1,15,,1186971,37,,,1,55,,1186993,39,,,1,15,,1186981,37,,,1,15,,1186952,39,,,1,15,,1186974,37,,,1,9,,1186984,39,,,1,60,,1186982,37,,,1,29,,1098203,39,,,1,89,,1009646,37,,,1,70,,1187005,37,,,1,38,,1187003,37,,,1,66,,1186995,37,,,1
11101,'7',556,,1187036,37,,,1,70,,1187041,37,,,1,30,,1187046,37,,,1,70,,1187022,37,,,1,30,,1187027,37,,,1,70,,1187039,37,,,1,30,,1187023,37,,,1,73,,1187025,37,,,1,30,,1187018,37,,,1,70,,1187033,37,,,1,30,,1187024,37,,,1,72,,1187032,37,,,1,70,,1187026,37,,,1,30,,1187016,37,,,1,70,,1187043,37,,,1,30,,1187044,37,,,1,70,,1187047,37,,,1,30,,1187038,37,,,1,70,,1187037,37,,,1,31,,1187034,37,,,1,70,,1187042,37,,,1,30,,1187014,37,,,1,70,,1187040,37,,,1,30,,1187045,37,,,1,70,,1187048,37,,,1,28,,1187021,37,,,1,70,,1187028,37,,,1,32,,1187031,37,,,1,70,,1187035,37,,,1,29,,1187049,37,,,1,70,,1187030,37,,,1,30,,1187019,37,,,1,70,,1187029,37,,,1,30,,1187050,37,,,1,70,,1187020,37,,,1,30,,1187017,37,,,1,90,,1187015,37,,,1
11101,'8',541,,1187056,37,,,1,72,,1187067,37,,,1,21,,1187117,37,,,1,16,,1187093,37,,,1,56,,1187097,37,,,1,16,,1187071,37,,,1,15,,1187118,37,,,1,15,,1187063,37,,,1,58,,1187075,39,,,1,18,,1187076,37,,,1,17,,1187068,39,,,1,55,,1187109,37,,,1,15,,1187113,39,,,1,13,,1187069,37,,,1,12,,1187064,39,,,1,11,,1187108,37,,,1,54,,1187098,39,,,1,15,,1187091,37,,,1,15,,1187104,39,,,1,15,,1187100,37,,,1,55,,1187086,39,,,1,15,,1187096,37,,,1,15,,1187121,39,,,1,15,,1187105,37,,,1,55,,1187103,39,,,1,15,,1187083,37,,,1,15,,1187120,39,,,1,15,,1187060,37,,,1,55,,1187065,39,,,1,18,,1187074,37,,,1,16,,1187094,39,,,1,15,,1187111,37,,,1,55,,1187073,39,,,1,15,,1187081,37,,,1,18,,1187095,39,,,1,15,,1187051,37,,,1,55,,1187114,39,,,1,3,,1187070,30,,,1,12,,1187089,37,,,1,77,,1187082,37,,,1,13,,1187123,39,,,1,15,,1187106,37,,,1,16,,1187116,39,,,1,55,,1187061,37,,,1,15,,1187058,39,,,1,15,,1187059,37,,,1,15,,1187107,39,,,1,70,,1187072,39,,,1,13,,1187115,37,,,1,14,,1187066,39,,,1,55,,1187054,37,,,1,15,,1187079,39,,,1,10,,1187055,37,,,1,13,,1187102,39,,,1,15,,1187119,37,,,1,55,,1187078,39,,,1,15,,1187085,37,,,1,10,,1187092,39,,,1,15,,1187077,37,,,1,55,,1187099,39,,,1,15,,1187087,37,,,1,15,,1187052,39,,,1,15,,1187080,37,,,1,9,,1187090,39,,,1,60,,1187088,37,,,1,29,,1187057,39,,,1,89,,1187122,37,,,1,70,,1187112,37,,,1,38,,1187110,37,,,1,66,,1187101,37,,,1
11101,'9',541,,1015154,37,,,1,72,,1187143,37,,,1,21,,1187156,37,,,1,16,,1187170,37,,,1,56,,1187165,37,,,1,16,,1187171,37,,,1,15,,1187183,37,,,1,15,,1187147,37,,,1,58,,1187168,39,,,1,18,,1078530,37,,,1,17,,1187174,39,,,1,55,,1187159,37,,,1,15,,1075786,39,,,1,13,,1187142,37,,,1,12,,1187177,39,,,1,11,,1187172,37,,,1,54,,1187149,39,,,1,15,,1011687,37,,,1,15,,1187153,39,,,1,15,,1187182,37,,,1,55,,1187175,39,,,1,15,,1187180,37,,,1,15,,1187155,39,,,1,15,,1187169,37,,,1,55,,1187166,39,,,1,15,,1187179,37,,,1,15,,1187181,39,,,1,15,,1187139,37,,,1,55,,1187157,39,,,1,18,,1027541,37,,,1,16,,1187127,39,,,1,15,,1187126,37,,,1,55,,1187167,39,,,1,15,,1187178,37,,,1,18,,1097678,39,,,1,15,,1187161,37,,,1,55,,1187163,39,,,1,3,,1084952,30,,,1,12,,1187154,37,,,1,77,,1187125,37,,,1,13,,1008048,39,,,1,15,,1187145,37,,,1,16,,1187173,39,,,1,55,,1187129,37,,,1,15,,1187138,39,,,1,15,,1187130,37,,,1,15,,1187137,39,,,1,70,,1187162,39,,,1,13,,1187148,37,,,1,14,,1187150,39,,,1,55,,1187135,37,,,1,15,,1013062,39,,,1,10,,1187144,37,,,1,13,,1187146,39,,,1,15,,1187158,37,,,1,55,,1187164,39,,,1,15,,1067871,37,,,1,10,,1099949,39,,,1,15,,1187132,37,,,1,55,,1187133,39,,,1,15,,1187141,37,,,1,15,,1036069,39,,,1,15,,1187176,37,,,1,9,,1187128,39,,,1,60,,1187160,37,,,1,29,,1187140,39,,,1,89,,1187134,37,,,1,70,,1187131,37,,,1,38,,1187151,37,,,1,66,,966978,37,,,1
11201,'1',600,,1187748,41,,,1,30,,1187733,41,,,1,72,,979075,41,,,1,30,,1187744,41,,,1,76,,1187747,41,,,1,30,,1187740,41,,,1,67,,1187734,41,,,1,30,,1187745,41,,,1,70,,1071699,41,,,1,30,,1187743,41,,,1,70,,1089196,41,,,1,30,,1187735,41,,,1,70,,1187738,41,,,1,32,,1187729,41,,,1,69,,1187731,41,,,1,29,,1187737,41,,,1,70,,1187739,41,,,1,33,,1187727,41,,,1,71,,1035994,41,,,1,30,,1187728,41,,,1,70,,1041011,41,,,1,32,,1187726,41,,,1,70,,1187742,41,,,1,30,,1187750,41,,,1,70,,1187732,41,,,1,27,,1187752,41,,,1,70,,1187730,41,,,1,27,,1187749,41,,,1,70,,1187746,41,,,1,24,,1187725,41,,,1,30,,1039389,41,,,1,70,,1187751,41,,,1,27,,1187741,41,,,1,68,,1057230,41,,,1,30,,1187736,41,,,1,100,,996026,41,,,1
11201,'10',600,,1187776,41,,,1,30,,1187761,41,,,1,72,,978733,41,,,1,30,,1187772,41,,,1,76,,1187775,41,,,1,30,,1187768,41,,,1,67,,1187762,41,,,1,30,,1187773,41,,,1,70,,1071550,41,,,1,30,,1187771,41,,,1,70,,1089001,41,,,1,30,,1187763,41,,,1,70,,1187766,41,,,1,32,,1187757,41,,,1,69,,1187759,41,,,1,29,,1187765,41,,,1,70,,1187767,41,,,1,33,,1187755,41,,,1,71,,1036212,41,,,1,30,,1187756,41,,,1,70,,1041158,41,,,1,32,,1187754,41,,,1,70,,1187770,41,,,1,30,,1187778,41,,,1,70,,1187760,41,,,1,27,,1187780,41,,,1,70,,1187758,41,,,1,27,,1187777,41,,,1,70,,1187774,41,,,1,24,,1187753,41,,,1,30,,1039473,41,,,1,70,,1187779,41,,,1,27,,1187769,41,,,1,68,,1057248,41,,,1,30,,1187764,41,,,1,100,,996203,41,,,1
11201,'11',600,,1187804,41,,,1,30,,1187789,41,,,1,72,,979018,41,,,1,30,,1187800,41,,,1,76,,1187803,41,,,1,30,,1187796,41,,,1,67,,1187790,41,,,1,30,,1187801,41,,,1,70,,1071741,41,,,1,30,,1187799,41,,,1,70,,1089251,41,,,1,30,,1187791,41,,,1,70,,1187794,41,,,1,32,,1187785,41,,,1,69,,1187787,41,,,1,29,,1187793,41,,,1,70,,1187795,41,,,1,33,,1187783,41,,,1,71,,1035931,41,,,1,30,,1187784,41,,,1,70,,1040972,41,,,1,32,,1187782,41,,,1,70,,1187798,41,,,1,30,,1187806,41,,,1,70,,1187788,41,,,1,27,,1187808,41,,,1,70,,1187786,41,,,1,27,,1187805,41,,,1,70,,1187802,41,,,1,24,,1187781,41,,,1,30,,1039365,41,,,1,70,,1187807,41,,,1,27,,1187797,41,,,1,68,,1057224,41,,,1,30,,1187792,41,,,1,100,,995975,41,,,1
11201,'12',600,,1187813,41,,,1,30,,1187836,41,,,1,72,,947893,41,,,1,30,,1187837,41,,,1,76,,1187818,41,,,1,30,,1082420,41,,,1,67,,1187821,41,,,1,30,,1187810,41,,,1,70,,1187819,41,,,1,30,,1187839,41,,,1,70,,1187830,41,,,1,30,,1068836,41,,,1,70,,1187815,41,,,1,32,,1187832,41,,,1,69,,1187828,41,,,1,29,,886394,41,,,1,70,,1187820,41,,,1,33,,1187829,41,,,1,71,,1187811,41,,,1,30,,1187831,41,,,1,70,,1187835,41,,,1,32,,1187834,41,,,1,70,,1187838,41,,,1,30,,1187827,41,,,1,70,,1187833,41,,,1,27,,1187816,41,,,1,70,,1187814,41,,,1,27,,1187809,41,,,1,70,,1187826,41,,,1,24,,1187824,41,,,1,30,,1187825,41,,,1,70,,1187812,41,,,1,27,,1187823,41,,,1,68,,1187822,41,,,1,30,,1187840,41,,,1,100,,1187817,41,,,1
11201,'13',828,,1187855,41,,,1,102,,1187863,41,,,1,70,,1187851,41,,,1,30,,1187852,41,,,1,70,,1187843,41,,,1,32,,1006712,41,,,1,70,,1187864,41,,,1,30,,1187844,41,,,1,70,,1187845,41,,,1,30,,1187862,41,,,1,70,,1080415,41,,,1,30,,1004321,41,,,1,70,,1187842,41,,,1,30,,1187861,41,,,1,70,,1187850,41,,,1,30,,1187846,41,,,1,70,,1187854,41,,,1,30,,1187859,41,,,1,70,,1187856,41,,,1,30,,1097330,41,,,1,70,,1187858,41,,,1,29,,1187849,41,,,1,70,,1187857,41,,,1,28,,1187865,41,,,1,30,,1187860,41,,,1,70,,1187853,41,,,1,30,,1187848,41,,,1,70,,1187847,41,,,1,110,,1187841,41,,,1
11201,'14',600,,1187894,41,,,1,30,,1187876,41,,,1,72,,1187895,41,,,1,30,,1187889,41,,,1,76,,1187892,41,,,1,30,,1187884,41,,,1,67,,1187877,41,,,1,30,,1187890,41,,,1,70,,1187882,41,,,1,30,,1187888,41,,,1,70,,1187867,41,,,1,30,,1187878,41,,,1,70,,1187881,41,,,1,32,,1187872,41,,,1,69,,1187874,41,,,1,29,,1187880,41,,,1,70,,1187883,41,,,1,33,,1187870,41,,,1,71,,1187868,41,,,1,30,,1187871,41,,,1,70,,1187887,41,,,1,32,,1187869,41,,,1,70,,1187886,41,,,1,30,,1187898,41,,,1,70,,1187875,41,,,1,27,,1187901,41,,,1,70,,1187873,41,,,1,27,,1187897,41,,,1,70,,1187891,41,,,1,24,,1187866,41,,,1,30,,1187896,41,,,1,70,,1187899,41,,,1,27,,1187885,41,,,1,68,,1187893,41,,,1,30,,1187879,41,,,1,100,,1187900,41,,,1
11201,'15',600,,1187914,41,,,1,30,,1187902,41,,,1,72,,1187912,41,,,1,30,,1187932,41,,,1,76,,1187910,41,,,1,30,,1187913,41,,,1,67,,1187920,41,,,1,30,,1187928,41,,,1,70,,1187911,41,,,1,30,,1187917,41,,,1,70,,1187915,41,,,1,30,,1187937,41,,,1,70,,1187929,41,,,1,32,,1187903,41,,,1,69,,1187906,41,,,1,29,,1187933,41,,,1,70,,1187921,41,,,1,33,,1187927,41,,,1,71,,1187904,41,,,1,30,,1187916,41,,,1,70,,1187918,41,,,1,32,,1187908,41,,,1,70,,1187907,41,,,1,30,,1187934,41,,,1,70,,1187905,41,,,1,27,,1187936,41,,,1,70,,1187931,41,,,1,27,,1187922,41,,,1,70,,1187923,41,,,1,24,,1187926,41,,,1,30,,1187925,41,,,1,70,,1187909,41,,,1,27,,1187930,41,,,1,68,,1187935,41,,,1,30,,1187924,41,,,1,100,,1187919,41,,,1
11201,'16',600,,1187945,41,,,1,30,,1187968,41,,,1,72,,1187944,41,,,1,30,,1187969,41,,,1,76,,1187950,41,,,1,30,,1187943,41,,,1,67,,1187953,41,,,1,30,,1187939,41,,,1,70,,1187951,41,,,1,30,,1187971,41,,,1,70,,1187962,41,,,1,30,,1187940,41,,,1,70,,1187947,41,,,1,32,,1187964,41,,,1,69,,1187960,41,,,1,29,,1187942,41,,,1,70,,1187952,41,,,1,33,,1187961,41,,,1,71,,1083913,41,,,1,30,,1187963,41,,,1,70,,1187967,41,,,1,32,,1187966,41,,,1,70,,1187970,41,,,1,30,,1187959,41,,,1,70,,1187965,41,,,1,27,,1187948,41,,,1,70,,1187946,41,,,1,27,,1187938,41,,,1,70,,1187958,41,,,1,24,,1187956,41,,,1,30,,1187957,41,,,1,70,,1187941,41,,,1,27,,1187955,41,,,1,68,,1187954,41,,,1,30,,1187972,41,,,1,100,,1187949,41,,,1
11201,'17',828,,1187990,41,,,1,102,,1187998,41,,,1,70,,1187986,41,,,1,30,,1187987,41,,,1,70,,1187977,41,,,1,32,,1187973,41,,,1,70,,1187999,41,,,1,30,,1187978,41,,,1,70,,1187980,41,,,1,30,,1187997,41,,,1,70,,1188001,41,,,1,30,,1187979,41,,,1,70,,1187976,41,,,1,30,,1187996,41,,,1,70,,1187985,41,,,1,30,,1187981,41,,,1,70,,1187989,41,,,1,30,,1187994,41,,,1,70,,1187991,41,,,1,30,,1187975,41,,,1,70,,1187993,41,,,1,29,,1187984,41,,,1,70,,1187992,41,,,1,28,,1188000,41,,,1,30,,1187995,41,,,1,70,,1187988,41,,,1,30,,1187983,41,,,1,70,,1187982,41,,,1,110,,1187974,41,,,1
11201,'2',548,,1188028,41,,,1,90,,1188026,41,,,1,100,,1188017,41,,,1,70,,1188009,41,,,1,30,,1188023,41,,,1,70,,1188006,41,,,1,32,,1188013,41,,,1,70,,1188004,41,,,1,30,,1188003,41,,,1,70,,1188016,41,,,1,32,,1188018,41,,,1,70,,1188011,41,,,1,30,,1188035,41,,,1,70,,1188010,41,,,1,30,,1188031,41,,,1,70,,1188012,41,,,1,30,,1188014,41,,,1,70,,1188025,41,,,1,30,,1188021,41,,,1,70,,1188032,41,,,1,30,,1188029,41,,,1,70,,1188005,41,,,1,30,,1188002,41,,,1,70,,1188024,41,,,1,30,,1188027,41,,,1,70,,1188030,41,,,1,29,,1188034,41,,,1,70,,1188007,41,,,1,28,,1188019,41,,,1,70,,1188022,41,,,1,30,,1188008,41,,,1,70,,1188036,41,,,1,30,,1188015,41,,,1,70,,1188020,41,,,1,110,,1188033,41,,,1
11201,'3',828,,1188054,41,,,1,102,,1188062,41,,,1,70,,1188050,41,,,1,30,,1188051,41,,,1,70,,1188041,41,,,1,32,,1188037,41,,,1,70,,1188063,41,,,1,30,,1188042,41,,,1,70,,1188044,41,,,1,30,,1188061,41,,,1,70,,1188065,41,,,1,30,,1188043,41,,,1,70,,1188040,41,,,1,30,,1188060,41,,,1,70,,1188049,41,,,1,30,,1188045,41,,,1,70,,1188053,41,,,1,30,,1188058,41,,,1,70,,1188055,41,,,1,30,,1188039,41,,,1,70,,1188057,41,,,1,29,,1188048,41,,,1,70,,1188056,41,,,1,28,,1188064,41,,,1,30,,1188059,41,,,1,70,,1188052,41,,,1,30,,1188047,41,,,1,70,,1188046,41,,,1,110,,1188038,41,,,1
11201,'4',828,,1188088,41,,,1,102,,1188068,41,,,1,70,,1188069,41,,,1,30,,1188080,41,,,1,70,,1188067,41,,,1,32,,940943,41,,,1,70,,1188066,41,,,1,30,,1188078,41,,,1,70,,1188091,41,,,1,30,,1188071,41,,,1,70,,1188084,41,,,1,30,,1188081,41,,,1,70,,1188077,41,,,1,30,,1188092,41,,,1,70,,1188087,41,,,1,30,,1188089,41,,,1,70,,1188082,41,,,1,30,,1053287,41,,,1,70,,1188086,41,,,1,30,,1188075,41,,,1,70,,1188073,41,,,1,29,,1188070,41,,,1,70,,1188079,41,,,1,28,,1188072,41,,,1,30,,1188074,41,,,1,70,,1188090,41,,,1,30,,1188085,41,,,1,70,,1188076,41,,,1,110,,1188083,41,,,1
11201,'5',600,,1188116,41,,,1,30,,1188101,41,,,1,72,,979259,41,,,1,30,,1188112,41,,,1,76,,1188115,41,,,1,30,,1188108,41,,,1,67,,1188102,41,,,1,30,,1188113,41,,,1,70,,1071675,41,,,1,30,,1188111,41,,,1,70,,1089158,41,,,1,30,,1188103,41,,,1,70,,1188106,41,,,1,32,,1188097,41,,,1,69,,1188099,41,,,1,29,,1188105,41,,,1,70,,1188107,41,,,1,33,,1188095,41,,,1,71,,1035587,41,,,1,30,,1188096,41,,,1,70,,1040735,41,,,1,32,,1188094,41,,,1,70,,1188110,41,,,1,30,,1188118,41,,,1,70,,1188100,41,,,1,27,,1188120,41,,,1,70,,1188098,41,,,1,27,,1188117,41,,,1,70,,1188114,41,,,1,24,,1188093,41,,,1,30,,1039240,41,,,1,70,,1188119,41,,,1,27,,1188109,41,,,1,68,,1057210,41,,,1,30,,1188104,41,,,1,100,,995683,41,,,1
11201,'6',600,,1188126,41,,,1,30,,1188149,41,,,1,72,,1188125,41,,,1,30,,1101243,41,,,1,76,,1188131,41,,,1,30,,1188124,41,,,1,67,,1188134,41,,,1,30,,1017692,41,,,1,70,,1188132,41,,,1,30,,1100113,41,,,1,70,,1188143,41,,,1,30,,1188121,41,,,1,70,,1188128,41,,,1,32,,1188145,41,,,1,69,,1188141,41,,,1,29,,1188123,41,,,1,70,,1188133,41,,,1,33,,1188142,41,,,1,71,,1188122,41,,,1,30,,1188144,41,,,1,70,,1188148,41,,,1,32,,1188147,41,,,1,70,,1188150,41,,,1,30,,1188140,41,,,1,70,,1188146,41,,,1,27,,1188129,41,,,1,70,,1188127,41,,,1,27,,1084813,41,,,1,70,,1188139,41,,,1,24,,1188137,41,,,1,30,,1188138,41,,,1,70,,1102998,41,,,1,27,,1188136,41,,,1,68,,1188135,41,,,1,30,,1188151,41,,,1,100,,1188130,41,,,1
11201,'7',548,,1188170,41,,,1,90,,1188174,41,,,1,100,,1188153,41,,,1,70,,1188178,41,,,1,30,,1188165,41,,,1,70,,1188181,41,,,1,32,,1188162,41,,,1,70,,1188173,41,,,1,30,,1188180,41,,,1,70,,1188158,41,,,1,32,,1188161,41,,,1,70,,1188177,41,,,1,30,,1188172,41,,,1,70,,1188155,41,,,1,30,,1188175,41,,,1,70,,1188163,41,,,1,30,,1188186,41,,,1,70,,1188185,41,,,1,30,,1188184,41,,,1,70,,1188152,41,,,1,30,,1188159,41,,,1,70,,1188169,41,,,1,30,,1188154,41,,,1,70,,1188164,41,,,1,30,,1188156,41,,,1,70,,1188166,41,,,1,29,,1188171,41,,,1,70,,1188179,41,,,1,28,,1188167,41,,,1,70,,1188160,41,,,1,30,,1188183,41,,,1,70,,1188157,41,,,1,30,,1188168,41,,,1,70,,1188182,41,,,1,110,,1188176,41,,,1
11201,'8',600,,1188195,41,,,1,30,,1188218,41,,,1,72,,1188194,41,,,1,30,,1188219,41,,,1,76,,1188200,41,,,1,30,,1188193,41,,,1,67,,1188203,41,,,1,30,,1188188,41,,,1,70,,1188201,41,,,1,30,,1188221,41,,,1,70,,1188212,41,,,1,30,,1188189,41,,,1,70,,1188197,41,,,1,32,,1188214,41,,,1,69,,1188210,41,,,1,29,,1188192,41,,,1,70,,1188202,41,,,1,33,,1188211,41,,,1,71,,1188190,41,,,1,30,,1188213,41,,,1,70,,1188217,41,,,1,32,,1188216,41,,,1,70,,1188220,41,,,1,30,,1188209,41,,,1,70,,1188215,41,,,1,27,,1188198,41,,,1,70,,1188196,41,,,1,27,,1188187,41,,,1,70,,1188208,41,,,1,24,,1188206,41,,,1,30,,1188207,41,,,1,70,,1188191,41,,,1,27,,1188205,41,,,1,68,,1188204,41,,,1,30,,1188222,41,,,1,100,,1188199,41,,,1
11201,'9',600,,1188246,41,,,1,30,,1188231,41,,,1,72,,979202,41,,,1,30,,1188242,41,,,1,76,,1188245,41,,,1,30,,1188238,41,,,1,67,,1188232,41,,,1,30,,1188243,41,,,1,70,,1071598,41,,,1,30,,1188241,41,,,1,70,,1089064,41,,,1,30,,1188233,41,,,1,70,,1188236,41,,,1,32,,1188227,41,,,1,69,,1188229,41,,,1,29,,1188235,41,,,1,70,,1188237,41,,,1,33,,1188225,41,,,1,71,,1036057,41,,,1,30,,1188226,41,,,1,70,,1041050,41,,,1,32,,1188224,41,,,1,70,,1188240,41,,,1,30,,1188248,41,,,1,70,,1188230,41,,,1,27,,1188250,41,,,1,70,,1188228,41,,,1,27,,1188247,41,,,1,70,,1188244,41,,,1,24,,1188223,41,,,1,30,,1039413,41,,,1,70,,1188249,41,,,1,27,,1188239,41,,,1,68,,1057236,41,,,1,30,,1188234,41,,,1,100,,996077,41,,,1
11601,'1',541,,1188562,23,,,1,70,,1081683,23,,,1,34,,1188569,23,,,1,70,,1188573,23,,,1,33,,1188574,23,,,1,69,,1088790,23,,,1,103,,1070952,23,,,1,27,,1188570,23,,,1,70,,1188564,23,,,1,100,,1188568,23,,,1,100,,1188559,23,,,1,102,,1188560,23,,,1,104,,1188566,23,,,1,98,,1188567,23,,,1,105,,1188561,23,,,1,100,,1047255,23,,,1,98,,1188563,23,,,1,95,,1188571,23,,,1,100,,1188565,23,,,1,97,,1188572,23,,,1
11601,'10',541,,1188578,23,,,1,70,,1081491,23,,,1,34,,1188585,23,,,1,70,,1188589,23,,,1,33,,1188590,23,,,1,69,,1088385,23,,,1,103,,1070738,23,,,1,27,,1188586,23,,,1,70,,1188580,23,,,1,100,,1188584,23,,,1,100,,1188575,23,,,1,102,,1188576,23,,,1,104,,1188582,23,,,1,98,,1188583,23,,,1,105,,1188577,23,,,1,100,,1047436,23,,,1,98,,1188579,23,,,1,95,,1188587,23,,,1,100,,1188581,23,,,1,97,,1188588,23,,,1
11601,'11',541,,1188594,23,,,1,70,,1081740,23,,,1,34,,1188601,23,,,1,70,,1188605,23,,,1,33,,1188606,23,,,1,69,,1088911,23,,,1,103,,1071017,23,,,1,27,,1188602,23,,,1,70,,1188596,23,,,1,100,,1188600,23,,,1,100,,1188591,23,,,1,102,,1188592,23,,,1,104,,1188598,23,,,1,98,,1188599,23,,,1,105,,1188593,23,,,1,100,,1047203,23,,,1,98,,1188595,23,,,1,95,,1188603,23,,,1,100,,1188597,23,,,1,97,,1188604,23,,,1
11601,'12',541,,1188613,23,,,1,70,,1188611,23,,,1,34,,1188617,23,,,1,70,,1188610,23,,,1,33,,1188621,23,,,1,69,,1188623,23,,,1,103,,1188612,23,,,1,27,,1188615,23,,,1,70,,1188622,23,,,1,100,,1188607,23,,,1,100,,1188618,23,,,1,102,,1188609,23,,,1,104,,1075453,23,,,1,98,,1188608,23,,,1,105,,1042173,23,,,1,100,,1188620,23,,,1,98,,1188619,23,,,1,95,,1188614,23,,,1,100,,1188616,23,,,1,97,,1188624,23,,,1
11601,'13',832,,1188633,23,,,1,100,,1188639,23,,,1,103,,1188625,23,,,1,100,,1188637,23,,,1,102,,1188632,23,,,1,70,,1188634,23,,,1,30,,1188641,23,,,1,70,,1188635,23,,,1,30,,1188643,23,,,1,70,,1188638,23,,,1,30,,1188640,23,,,1,70,,1002637,23,,,1,30,,1188626,23,,,1,70,,1188627,23,,,1,30,,1188636,23,,,1,70,,1188629,23,,,1,38,,1188630,23,,,1,100,,996644,23,,,1,99,,1188631,23,,,1,100,,1188628,23,,,1,99,,1188642,23,,,1
11601,'14',541,,1188648,23,,,1,70,,1188658,23,,,1,34,,1188655,23,,,1,70,,1188661,23,,,1,33,,1188662,23,,,1,69,,1188657,23,,,1,103,,1188663,23,,,1,27,,1188656,23,,,1,70,,1188650,23,,,1,100,,1188654,23,,,1,100,,1188644,23,,,1,102,,1188645,23,,,1,104,,1188652,23,,,1,98,,1188653,23,,,1,105,,1188647,23,,,1,100,,1188646,23,,,1,98,,1188649,23,,,1,95,,1188659,23,,,1,100,,1188651,23,,,1,97,,1188660,23,,,1
11601,'15',541,,1188676,23,,,1,70,,1188681,23,,,1,34,,1188666,23,,,1,70,,1188678,23,,,1,33,,1188677,23,,,1,69,,1188669,23,,,1,103,,1188670,23,,,1,27,,1188671,23,,,1,70,,1188668,23,,,1,100,,1188674,23,,,1,100,,1188664,23,,,1,102,,1188673,23,,,1,104,,1188665,23,,,1,98,,1188683,23,,,1,105,,1188675,23,,,1,100,,1188680,23,,,1,98,,1188679,23,,,1,95,,1188682,23,,,1,100,,1188667,23,,,1,97,,1188672,23,,,1
11601,'16',541,,1188690,23,,,1,70,,1188688,23,,,1,34,,1188694,23,,,1,70,,1188686,23,,,1,33,,1188698,23,,,1,69,,1048214,23,,,1,103,,1188689,23,,,1,27,,1188692,23,,,1,70,,1188699,23,,,1,100,,1188684,23,,,1,100,,1188695,23,,,1,102,,1078744,23,,,1,104,,1188687,23,,,1,98,,1069601,23,,,1,105,,1188685,23,,,1,100,,1188697,23,,,1,98,,1188696,23,,,1,95,,1188691,23,,,1,100,,1188693,23,,,1,97,,1188700,23,,,1
11601,'17',832,,1188710,23,,,1,100,,1188716,23,,,1,103,,1188702,23,,,1,100,,1188714,23,,,1,102,,1188709,23,,,1,70,,1188711,23,,,1,30,,1188718,23,,,1,70,,1188712,23,,,1,30,,1188721,23,,,1,70,,1188715,23,,,1,30,,1188717,23,,,1,70,,1188719,23,,,1,30,,1188703,23,,,1,70,,1188704,23,,,1,30,,1188713,23,,,1,70,,1188706,23,,,1,38,,1188707,23,,,1,100,,1188701,23,,,1,99,,1188708,23,,,1,100,,1188705,23,,,1,99,,1188720,23,,,1
11601,'2',749,,1188727,23,,,1,100,,1188733,23,,,1,100,,1188742,23,,,1,103,,1188732,23,,,1,100,,1188730,23,,,1,72,,1188739,23,,,1,30,,1188726,23,,,1,70,,1188735,23,,,1,30,,1188722,23,,,1,70,,1188737,23,,,1,30,,1188725,23,,,1,70,,1188724,23,,,1,30,,1188728,23,,,1,70,,1188740,23,,,1,30,,1188731,23,,,1,70,,1188723,23,,,1,30,,1188734,23,,,1,68,,1188738,23,,,1,100,,1079699,23,,,1,99,,1188741,23,,,1,100,,1188729,23,,,1,99,,1188736,23,,,1
11601,'3',832,,1188752,23,,,1,100,,1188758,23,,,1,103,,1188744,23,,,1,100,,1188756,23,,,1,102,,1188751,23,,,1,70,,1188753,23,,,1,30,,1188760,23,,,1,70,,1188754,23,,,1,30,,1188763,23,,,1,70,,1188757,23,,,1,30,,1188759,23,,,1,70,,1188761,23,,,1,30,,1188745,23,,,1,70,,1188746,23,,,1,30,,1188755,23,,,1,70,,1188748,23,,,1,38,,1188749,23,,,1,100,,1188743,23,,,1,99,,1188750,23,,,1,100,,1188747,23,,,1,99,,1188762,23,,,1
11601,'4',832,,1188774,23,,,1,100,,1188766,23,,,1,103,,1188782,23,,,1,100,,1188779,23,,,1,102,,1188770,23,,,1,70,,1188765,23,,,1,30,,1188767,23,,,1,70,,1188775,23,,,1,30,,1188777,23,,,1,70,,1188773,23,,,1,30,,1188780,23,,,1,70,,1188772,23,,,1,30,,1188768,23,,,1,70,,1188783,23,,,1,30,,1188764,23,,,1,70,,1188776,23,,,1,38,,1188769,23,,,1,100,,1188778,23,,,1,99,,1014037,23,,,1,100,,1188781,23,,,1,99,,1188771,23,,,1
11601,'5',541,,1188787,23,,,1,70,,1081650,23,,,1,34,,1188794,23,,,1,70,,1188798,23,,,1,33,,1188799,23,,,1,69,,1088726,23,,,1,103,,1070913,23,,,1,27,,1188795,23,,,1,70,,1188789,23,,,1,100,,1188793,23,,,1,100,,1188784,23,,,1,102,,1188785,23,,,1,104,,1188791,23,,,1,98,,1188792,23,,,1,105,,1188786,23,,,1,100,,1046951,23,,,1,98,,1188788,23,,,1,95,,1188796,23,,,1,100,,1188790,23,,,1,97,,1188797,23,,,1
11601,'6',541,,1188806,23,,,1,70,,1188804,23,,,1,34,,1188810,23,,,1,70,,1042283,23,,,1,33,,1188814,23,,,1,69,,1188816,23,,,1,103,,1188805,23,,,1,27,,1188808,23,,,1,70,,1188815,23,,,1,100,,1078821,23,,,1,100,,1188811,23,,,1,102,,1188802,23,,,1,104,,1188803,23,,,1,98,,1188800,23,,,1,105,,1188801,23,,,1,100,,1188813,23,,,1,98,,1188812,23,,,1,95,,1188807,23,,,1,100,,1188809,23,,,1,97,,1072413,23,,,1
11601,'7',749,,1188822,23,,,1,100,,1188823,23,,,1,100,,1188821,23,,,1,103,,1188820,23,,,1,100,,1188829,23,,,1,72,,1188824,23,,,1,30,,1188838,23,,,1,70,,1188831,23,,,1,30,,1188830,23,,,1,70,,1188836,23,,,1,30,,1188834,23,,,1,70,,1188825,23,,,1,30,,1188837,23,,,1,70,,1188835,23,,,1,30,,1188826,23,,,1,70,,1188819,23,,,1,30,,1188828,23,,,1,68,,1188817,23,,,1,100,,1188818,23,,,1,99,,1188827,23,,,1,100,,1188832,23,,,1,99,,1188833,23,,,1
11601,'8',541,,1188847,23,,,1,70,,1188845,23,,,1,34,,1188851,23,,,1,70,,1188843,23,,,1,33,,1188855,23,,,1,69,,1188857,23,,,1,103,,1188846,23,,,1,27,,1188849,23,,,1,70,,1188856,23,,,1,100,,1188839,23,,,1,100,,1188852,23,,,1,102,,1188842,23,,,1,104,,1188844,23,,,1,98,,1188840,23,,,1,105,,1188841,23,,,1,100,,1188854,23,,,1,98,,1188853,23,,,1,95,,1188848,23,,,1,100,,1188850,23,,,1,97,,1188858,23,,,1
11601,'9',541,,1188862,23,,,1,70,,1081548,23,,,1,34,,1188869,23,,,1,70,,1188873,23,,,1,33,,1188874,23,,,1,69,,1088511,23,,,1,103,,1070805,23,,,1,27,,1188870,23,,,1,70,,1188864,23,,,1,100,,1188868,23,,,1,100,,1188859,23,,,1,102,,1188860,23,,,1,104,,1188866,23,,,1,98,,1188867,23,,,1,105,,1188861,23,,,1,100,,1047307,23,,,1,98,,1188863,23,,,1,95,,1188871,23,,,1,100,,1188865,23,,,1,97,,1188872,23,,,1
11700,'1',656,,1188876,41,,,1,70,,1188877,41,,,1,27,,1188875,41,,,1,73,,1099309,41,,,1
11700,'10',656,,1188879,41,,,1,70,,1188880,41,,,1,27,,1188878,41,,,1,73,,1099197,41,,,1
11700,'11',656,,1188882,41,,,1,70,,1188883,41,,,1,27,,1188881,41,,,1,73,,1099347,41,,,1
11700,'12',656,,1188885,41,,,1,70,,1188884,41,,,1,27,,1070880,41,,,1,73,,1188886,41,,,1
11700,'14',656,,1188889,41,,,1,70,,1188890,41,,,1,27,,1188888,41,,,1,73,,1188887,41,,,1
11700,'15',656,,1188894,41,,,1,70,,1188891,41,,,1,27,,1188892,41,,,1,73,,1188893,41,,,1
11700,'16',656,,1188896,41,,,1,70,,1188895,41,,,1,27,,1188897,41,,,1,73,,1086728,41,,,1
11700,'5',656,,1188899,41,,,1,70,,1188900,41,,,1,27,,1188898,41,,,1,73,,1099286,41,,,1
11700,'6',656,,1188902,41,,,1,70,,1188901,41,,,1,27,,1188904,41,,,1,73,,1188903,41,,,1
11700,'8',656,,1188906,41,,,1,70,,1188905,41,,,1,27,,1188908,41,,,1,73,,1188907,41,,,1
11700,'9',656,,1188910,41,,,1,70,,1188911,41,,,1,27,,1188909,41,,,1,73,,1099232,41,,,1
18700,'1',657,,1093418,27,,,1,70,,1086035,27,,,1,28,,1194940,27,,,1,72,,1194939,27,,,1
18700,'10',657,,1093102,27,,,1,70,,1085751,27,,,1,28,,1194942,27,,,1,72,,1194941,27,,,1
18700,'11',657,,1093509,27,,,1,70,,1086117,27,,,1,28,,1194944,27,,,1,72,,1194943,27,,,1
18700,'12',657,,935767,27,,,1,70,,1194946,27,,,1,28,,1194947,27,,,1,72,,1194945,27,,,1
18700,'14',657,,1194951,27,,,1,70,,1194949,27,,,1,28,,1194950,27,,,1,72,,1194948,27,,,1
18700,'15',657,,1194953,27,,,1,70,,1194954,27,,,1,28,,1194952,27,,,1,72,,1194955,27,,,1
18700,'16',657,,1194957,27,,,1,70,,1194958,27,,,1,28,,1194959,27,,,1,72,,1194956,27,,,1
18700,'5',657,,1093363,27,,,1,70,,1085984,27,,,1,28,,1194961,27,,,1,72,,1194960,27,,,1
18700,'6',657,,1194962,27,,,1,70,,1194963,27,,,1,28,,1194964,27,,,1,72,,1055275,27,,,1
18700,'8',657,,1194966,27,,,1,70,,1194967,27,,,1,28,,1194968,27,,,1,72,,1194965,27,,,1
18700,'9',657,,1093207,27,,,1,70,,1085838,27,,,1,28,,1194970,27,,,1,72,,1194969,27,,,1
18901,'1',523,,1195484,38,,,1,83,,1195483,38,,,1,36,,1195472,38,,,1,70,,1195471,38,,,1,30,,1195489,38,,,1,77,,1195488,38,,,1,30,,1024462,38,,,1,68,,1195482,38,,,1,25,,1195494,38,,,1,70,,1195468,38,,,1,30,,1195474,38,,,1,73,,1195477,38,,,1,30,,1095217,38,,,1,69,,1195487,38,,,1,30,,1092164,38,,,1,70,,1195496,38,,,1,30,,1195490,38,,,1,70,,1195493,38,,,1,36,,1195476,38,,,1,102,,1195469,38,,,1,70,,1195491,38,,,1,30,,1195480,38,,,1,70,,1195470,38,,,1,30,,1195479,38,,,1,70,,1195465,38,,,1,27,,1195473,38,,,1,65,,1004375,38,,,1,30,,1195495,38,,,1,70,,1195467,38,,,1,30,,1195475,38,,,1,70,,1195481,38,,,1,30,,1195478,38,,,1,67,,1029461,38,,,1,27,,1195486,38,,,1,70,,1195485,38,,,1,30,,1195497,38,,,1,65,,1195466,38,,,1,55,,1195492,38,,,1
18901,'10',523,,1195517,38,,,1,83,,1195516,38,,,1,36,,1195505,38,,,1,70,,1195504,38,,,1,30,,1195522,38,,,1,77,,1195521,38,,,1,30,,1024570,38,,,1,68,,1195515,38,,,1,25,,1195527,38,,,1,70,,1195501,38,,,1,30,,1195507,38,,,1,73,,1195510,38,,,1,30,,1094971,38,,,1,69,,1195520,38,,,1,30,,1092003,38,,,1,70,,1195529,38,,,1,30,,1195523,38,,,1,70,,1195526,38,,,1,36,,1195509,38,,,1,102,,1195502,38,,,1,70,,1195524,38,,,1,30,,1195513,38,,,1,70,,1195503,38,,,1,30,,1195512,38,,,1,70,,1195498,38,,,1,27,,1195506,38,,,1,65,,1004511,38,,,1,30,,1195528,38,,,1,70,,1195500,38,,,1,30,,1195508,38,,,1,70,,1195514,38,,,1,30,,1195511,38,,,1,67,,1029555,38,,,1,27,,1195519,38,,,1,70,,1195518,38,,,1,30,,1195530,38,,,1,65,,1195499,38,,,1,55,,1195525,38,,,1
18901,'11',523,,1195550,38,,,1,83,,1195549,38,,,1,36,,1195538,38,,,1,70,,1195537,38,,,1,30,,1195555,38,,,1,77,,1195554,38,,,1,30,,1024433,38,,,1,68,,1195548,38,,,1,25,,1195560,38,,,1,70,,1195534,38,,,1,30,,1195540,38,,,1,73,,1195543,38,,,1,30,,1095291,38,,,1,69,,1195553,38,,,1,30,,1092209,38,,,1,70,,1195562,38,,,1,30,,1195556,38,,,1,70,,1195559,38,,,1,36,,1195542,38,,,1,102,,1195535,38,,,1,70,,1195557,38,,,1,30,,1195546,38,,,1,70,,1195536,38,,,1,30,,1195545,38,,,1,70,,1195531,38,,,1,27,,1195539,38,,,1,65,,1004337,38,,,1,30,,1195561,38,,,1,70,,1195533,38,,,1,30,,1195541,38,,,1,70,,1195547,38,,,1,30,,1195544,38,,,1,67,,1029432,38,,,1,27,,1195552,38,,,1,70,,1195551,38,,,1,30,,1195563,38,,,1,65,,1195532,38,,,1,55,,1195558,38,,,1
18901,'12',523,,1195592,38,,,1,83,,1195594,38,,,1,36,,1195587,38,,,1,70,,1195585,38,,,1,30,,1195568,38,,,1,77,,1195588,38,,,1,30,,1195567,38,,,1,68,,1195583,38,,,1,25,,1195569,38,,,1,70,,1195570,38,,,1,30,,1195574,38,,,1,73,,924444,38,,,1,30,,1195589,38,,,1,69,,1062504,38,,,1,30,,1195578,38,,,1,70,,1195590,38,,,1,30,,1195576,38,,,1,70,,1195571,38,,,1,36,,1195579,38,,,1,102,,1195565,38,,,1,70,,962799,38,,,1,30,,1195564,38,,,1,70,,1195581,38,,,1,30,,1195591,38,,,1,70,,1195597,38,,,1,27,,1195586,38,,,1,65,,1195593,38,,,1,30,,1195584,38,,,1,70,,1195573,38,,,1,30,,1033051,38,,,1,70,,1195596,38,,,1,30,,1195595,38,,,1,67,,1195575,38,,,1,27,,1195572,38,,,1,70,,1195577,38,,,1,30,,1195566,38,,,1,65,,1195580,38,,,1,55,,1195582,38,,,1
18901,'13',651,,1195601,38,,,1,100,,1195610,38,,,1,102,,1195608,38,,,1,100,,1195598,38,,,1,100,,1195600,38,,,1,100,,1195609,38,,,1,100,,1195599,38,,,1,100,,1195602,38,,,1,100,,1195611,38,,,1,100,,1195603,38,,,1,100,,1195607,38,,,1,100,,1195605,38,,,1,98,,1195606,38,,,1,100,,1195604,38,,,1
18901,'14',523,,1195636,38,,,1,83,,1195635,38,,,1,36,,1195623,38,,,1,70,,1195622,38,,,1,30,,1195641,38,,,1,77,,1195640,38,,,1,30,,1195620,38,,,1,68,,1195633,38,,,1,25,,1195646,38,,,1,70,,1195618,38,,,1,30,,1195625,38,,,1,73,,1195628,38,,,1,30,,1195634,38,,,1,69,,1195639,38,,,1,30,,1195615,38,,,1,70,,1195648,38,,,1,30,,1195642,38,,,1,70,,1195645,38,,,1,36,,1195627,38,,,1,102,,1195619,38,,,1,70,,1195643,38,,,1,30,,1195631,38,,,1,70,,1195621,38,,,1,30,,1195630,38,,,1,70,,1195612,38,,,1,27,,1195624,38,,,1,65,,1195613,38,,,1,30,,1195647,38,,,1,70,,1195617,38,,,1,30,,1195626,38,,,1,70,,1195632,38,,,1,30,,1195629,38,,,1,67,,1195616,38,,,1,27,,1195638,38,,,1,70,,1195637,38,,,1,30,,1195649,38,,,1,65,,1195614,38,,,1,55,,1195644,38,,,1
18901,'15',523,,1195669,38,,,1,83,,1195671,38,,,1,36,,1195681,38,,,1,70,,1195684,38,,,1,30,,1195650,38,,,1,77,,1195672,38,,,1,30,,1195682,38,,,1,68,,1195673,38,,,1,25,,1195683,38,,,1,70,,1195662,38,,,1,30,,1195654,38,,,1,73,,1195680,38,,,1,30,,1195668,38,,,1,69,,1195679,38,,,1,30,,1195678,38,,,1,70,,1195674,38,,,1,30,,1195656,38,,,1,70,,1195661,38,,,1,36,,1195657,38,,,1,102,,1195660,38,,,1,70,,1195685,38,,,1,30,,1195651,38,,,1,70,,1195666,38,,,1,30,,1195664,38,,,1,70,,1195655,38,,,1,27,,1195675,38,,,1,65,,1195670,38,,,1,30,,1195653,38,,,1,70,,1195663,38,,,1,30,,1195687,38,,,1,70,,1195652,38,,,1,30,,1195665,38,,,1,67,,1195676,38,,,1,27,,1195667,38,,,1,70,,1195677,38,,,1,30,,1195686,38,,,1,65,,1195658,38,,,1,55,,1195659,38,,,1
18901,'16',523,,1195717,38,,,1,83,,1097886,38,,,1,36,,1195712,38,,,1,70,,1195710,38,,,1,30,,1195694,38,,,1,77,,1195713,38,,,1,30,,1195693,38,,,1,68,,1195708,38,,,1,25,,1195695,38,,,1,70,,1077979,38,,,1,30,,1195699,38,,,1,73,,1195718,38,,,1,30,,1195714,38,,,1,69,,1195690,38,,,1,30,,1195703,38,,,1,70,,1195715,38,,,1,30,,1195701,38,,,1,70,,1195696,38,,,1,36,,1195704,38,,,1,102,,1195691,38,,,1,70,,1195688,38,,,1,30,,1099531,38,,,1,70,,1195706,38,,,1,30,,1195716,38,,,1,70,,1195720,38,,,1,27,,1195711,38,,,1,65,,1077516,38,,,1,30,,1195709,38,,,1,70,,1195698,38,,,1,30,,1195689,38,,,1,70,,1195719,38,,,1,30,,1045806,38,,,1,67,,1195700,38,,,1,27,,1195697,38,,,1,70,,1195702,38,,,1,30,,1195692,38,,,1,65,,1195705,38,,,1,55,,1195707,38,,,1
18901,'17',651,,1195724,38,,,1,100,,1195733,38,,,1,102,,1195731,38,,,1,100,,1195721,38,,,1,100,,1195723,38,,,1,100,,1195732,38,,,1,100,,1195722,38,,,1,100,,1195725,38,,,1,100,,1195734,38,,,1,100,,1195726,38,,,1,100,,1195730,38,,,1,100,,1195728,38,,,1,98,,1195729,38,,,1,100,,1195727,38,,,1
18901,'2',651,,967671,38,,,1,100,,1195736,38,,,1,102,,1195735,38,,,1,100,,1195744,38,,,1,100,,1195738,38,,,1,100,,1195745,38,,,1,100,,1195737,38,,,1,100,,1195746,38,,,1,100,,1195739,38,,,1,100,,1195740,38,,,1,100,,1195743,38,,,1,100,,1195742,38,,,1,98,,1195741,38,,,1
18901,'3',651,,1195750,38,,,1,100,,1195759,38,,,1,102,,1195757,38,,,1,100,,1195747,38,,,1,100,,1195749,38,,,1,100,,1195758,38,,,1,100,,1195748,38,,,1,100,,1195751,38,,,1,100,,1195760,38,,,1,100,,1195752,38,,,1,100,,1195756,38,,,1,100,,1195754,38,,,1,98,,1195755,38,,,1,100,,1195753,38,,,1
18901,'4',651,,1195771,38,,,1,100,,1093277,38,,,1,102,,1075402,38,,,1,100,,1195769,38,,,1,100,,1195766,38,,,1,100,,1195761,38,,,1,100,,1195765,38,,,1,100,,1195762,38,,,1,100,,1195767,38,,,1,100,,1195770,38,,,1,100,,1195764,38,,,1,100,,1195768,38,,,1,98,,1195763,38,,,1,100,,1195772,38,,,1
18901,'5',523,,1195792,38,,,1,83,,1195791,38,,,1,36,,1195780,38,,,1,70,,1195779,38,,,1,30,,1195797,38,,,1,77,,1195796,38,,,1,30,,1024269,38,,,1,68,,1195790,38,,,1,25,,1195802,38,,,1,70,,1195776,38,,,1,30,,1195782,38,,,1,73,,1195785,38,,,1,30,,1095169,38,,,1,69,,1195795,38,,,1,30,,1092131,38,,,1,70,,1195804,38,,,1,30,,1195798,38,,,1,70,,1195801,38,,,1,36,,1195784,38,,,1,102,,1195777,38,,,1,70,,1195799,38,,,1,30,,1195788,38,,,1,70,,1195778,38,,,1,30,,1195787,38,,,1,70,,1195773,38,,,1,27,,1195781,38,,,1,65,,1004133,38,,,1,30,,1195803,38,,,1,70,,1195775,38,,,1,30,,1195783,38,,,1,70,,1195789,38,,,1,30,,1195786,38,,,1,67,,1029287,38,,,1,27,,1195794,38,,,1,70,,1195793,38,,,1,30,,1195805,38,,,1,65,,1195774,38,,,1,55,,1195800,38,,,1
18901,'6',523,,1195831,38,,,1,83,,1195834,38,,,1,36,,1195826,38,,,1,70,,1195824,38,,,1,30,,1195810,38,,,1,77,,1195827,38,,,1,30,,1035058,38,,,1,68,,1195822,38,,,1,25,,1023188,38,,,1,70,,1195811,38,,,1,30,,1195813,38,,,1,73,,1195833,38,,,1,30,,1195828,38,,,1,69,,1195809,38,,,1,30,,1195817,38,,,1,70,,1195829,38,,,1,30,,1195815,38,,,1,70,,1084821,38,,,1,36,,1195818,38,,,1,102,,1062709,38,,,1,70,,1195806,38,,,1,30,,1195808,38,,,1,70,,1195820,38,,,1,30,,1195830,38,,,1,70,,1027714,38,,,1,27,,1195825,38,,,1,65,,1195832,38,,,1,30,,1195823,38,,,1,70,,1083707,38,,,1,30,,1195807,38,,,1,70,,1195836,38,,,1,30,,1195835,38,,,1,67,,1195814,38,,,1,27,,1195812,38,,,1,70,,1195816,38,,,1,30,,1096867,38,,,1,65,,1195819,38,,,1,55,,1195821,38,,,1
18901,'7',651,,1195843,38,,,1,100,,1195842,38,,,1,102,,1195847,38,,,1,100,,1195845,38,,,1,100,,1195838,38,,,1,100,,1195837,38,,,1,100,,1195848,38,,,1,100,,1195841,38,,,1,100,,1195839,38,,,1,100,,1195849,38,,,1,100,,1195840,38,,,1,100,,1195846,38,,,1,98,,1195844,38,,,1
18901,'8',523,,1195881,38,,,1,83,,1195884,38,,,1,36,,1195876,38,,,1,70,,1195874,38,,,1,30,,1195857,38,,,1,77,,1195877,38,,,1,30,,1195856,38,,,1,68,,1195872,38,,,1,25,,1195858,38,,,1,70,,1195859,38,,,1,30,,1195863,38,,,1,73,,1195883,38,,,1,30,,1195878,38,,,1,69,,1195853,38,,,1,30,,1195867,38,,,1,70,,1195879,38,,,1,30,,1195865,38,,,1,70,,1195860,38,,,1,36,,1195868,38,,,1,102,,1195854,38,,,1,70,,1195850,38,,,1,30,,1195852,38,,,1,70,,1195870,38,,,1,30,,1195880,38,,,1,70,,1195887,38,,,1,27,,1195875,38,,,1,65,,1195882,38,,,1,30,,1195873,38,,,1,70,,1195862,38,,,1,30,,1195851,38,,,1,70,,1195886,38,,,1,30,,1195885,38,,,1,67,,1195864,38,,,1,27,,1195861,38,,,1,70,,1195866,38,,,1,30,,1195855,38,,,1,65,,1195869,38,,,1,55,,1195871,38,,,1
18901,'9',523,,1195907,38,,,1,83,,1195906,38,,,1,36,,1195895,38,,,1,70,,1195894,38,,,1,30,,1195912,38,,,1,77,,1195911,38,,,1,30,,1024491,38,,,1,68,,1195905,38,,,1,25,,1195917,38,,,1,70,,1195891,38,,,1,30,,1195897,38,,,1,73,,1195900,38,,,1,30,,1095045,38,,,1,69,,1195910,38,,,1,30,,1092057,38,,,1,70,,1195919,38,,,1,30,,1195913,38,,,1,70,,1195916,38,,,1,36,,1195899,38,,,1,102,,1195892,38,,,1,70,,1195914,38,,,1,30,,1195903,38,,,1,70,,1195893,38,,,1,30,,1195902,38,,,1,70,,1195888,38,,,1,27,,1195896,38,,,1,65,,1004413,38,,,1,30,,1195918,38,,,1,70,,1195890,38,,,1,30,,1195898,38,,,1,70,,1195904,38,,,1,30,,1195901,38,,,1,67,,1029490,38,,,1,27,,1195909,38,,,1,70,,1195908,38,,,1,30,,1195920,38,,,1,65,,1195889,38,,,1,55,,1195915,38,,,1
30500,'11',1038,,1198197,51,,,1
30500,'15',1038,,1198198,51,,,1
40600,'14',1751,,1198212,29,,,1
40600,'15',1751,,1198213,29,,,1
45600,'15',1650,,1198257,12,,,1,52,,1198265,12,,,1,12,,1198263,12,,,1,12,,1198261,12,,,1,12,,1198260,12,,,1,12,,1198259,12,,,1,55,,1198264,12,,,1,12,,1198262,12,,,1,12,,1198258,12,,,1
61001,'1',1523,,1198921,43,,,1
61001,'10',1523,,1198922,43,,,1
61001,'11',1523,,1198923,43,,,1
61001,'12',1523,,1198924,43,,,1
61001,'14',1523,,1198925,43,,,1
61001,'15',1523,,1198926,43,,,1
61001,'16',1523,,1198927,43,,,1
61001,'5',1523,,1198928,43,,,1
61001,'6',1523,,1198929,43,,,1
61001,'8',1523,,1198930,43,,,1
61001,'9',1523,,1198931,43,,,1
68601,'1',1538,,1200521,22,,,1
68601,'10',1538,,1200522,22,,,1
68601,'11',1538,,1200523,22,,,1
68601,'12',1538,,1200524,22,,,1
68601,'14',1538,,1200525,22,,,1
68601,'15',1538,,1200526,22,,,1
68601,'16',1538,,1200527,22,,,1
68601,'5',1538,,1200528,22,,,1
68601,'6',1538,,1200529,22,,,1
68601,'8',1538,,1200530,22,,,1
68601,'9',1538,,1200531,22,,,1
68801,'1',1436,,1200571,16,,,1
68801,'10',1436,,1200573,16,,,1
68801,'11',1436,,1200575,16,,,1
68801,'12',1436,,1200578,16,,,1
68801,'14',1436,,1200581,16,,,1
68801,'15',1436,,1200584,16,,,1
68801,'16',1436,,1200587,16,,,1
68801,'5',1436,,1200589,16,,,1
68801,'6',1436,,1200592,16,,,1
68801,'8',1436,,1200595,16,,,1
68801,'9',1436,,1200597,16,,,1
