1100,'1',444,,1113618,34,,,1,70,,1113625,34,,,1,33,,1113629,34,,,1,55,,1113615,34,,,1,15,,1072454,34,,,1,15,,1113603,34,,,1,17,,1113617,34,,,1,56,,1113632,34,,,1,16,,1113634,34,,,1,15,,1113641,34,,,1,17,,1113647,34,,,1,56,,1113648,34,,,1,16,,1079580,34,,,1,15,,1113607,34,,,1,15,,1113638,34,,,1,55,,1113637,50,,,1,9,,1113642,34,,,1,14,,1113651,50,,,1,15,,1113633,34,,,1,54,,1113621,50,,,1,16,,1113619,34,,,1,16,,1113606,50,,,1,15,,1096121,34,,,1,54,,1113611,50,,,1,16,,1113620,34,,,1,15,,1113639,50,,,1,17,,1113616,34,,,1,53,,1113609,50,,,1,15,,1113650,34,,,1,14,,1113643,50,,,1,15,,1113630,34,,,1,55,,1113646,50,,,1,16,,1113636,34,,,1,14,,1094167,50,,,1,14,,1113604,34,,,1,55,,1113631,50,,,1,17,,1113608,34,,,1,14,,1113640,50,,,1,14,,1097474,34,,,1,69,,1113605,34,,,1,13,,1113614,50,,,1,19,,995211,34,,,1,53,,1113635,50,,,1,14,,1113644,34,,,1,17,,1086848,50,,,1,13,,1048786,34,,,1,14,,1063123,50,,,1,55,,1113645,34,,,1,14,,1113610,50,,,1,15,,1113626,34,,,1,15,,1113622,50,,,1,66,,1113624,50,,,1,30,,1082656,50,,,1,69,,1113649,50,,,1,27,,1113623,50,,,1,70,,1113612,50,,,1,28,,1113627,50,,,1,69,,1113601,50,,,1,30,,1113602,50,,,1,73,,1113613,34,,,1,32,,1113652,34,,,1,71,,1073237,34,,,1,30,,1113628,34,,,1,71,,1070044,34,,,1
1100,'10',444,,1113670,34,,,1,70,,1113677,34,,,1,33,,1113681,34,,,1,55,,1113667,34,,,1,15,,1072439,34,,,1,15,,1113655,34,,,1,17,,1113669,34,,,1,56,,1113684,34,,,1,16,,1113686,34,,,1,15,,1113693,34,,,1,17,,1113699,34,,,1,56,,1113700,34,,,1,16,,1079388,34,,,1,15,,1113659,34,,,1,15,,1113690,34,,,1,55,,1113689,50,,,1,9,,1113694,34,,,1,14,,1113703,50,,,1,15,,1113685,34,,,1,54,,1113673,50,,,1,16,,1113671,34,,,1,16,,1113658,50,,,1,15,,1095978,34,,,1,54,,1113663,50,,,1,16,,1113672,34,,,1,15,,1113691,50,,,1,17,,1113668,34,,,1,53,,1113661,50,,,1,15,,1113702,34,,,1,14,,1113695,50,,,1,15,,1113682,34,,,1,55,,1113698,50,,,1,16,,1113688,34,,,1,14,,1093947,50,,,1,14,,1113656,34,,,1,55,,1113683,50,,,1,17,,1113660,34,,,1,14,,1113692,50,,,1,14,,1097237,34,,,1,69,,1113657,34,,,1,13,,1113666,50,,,1,19,,995380,34,,,1,53,,1113687,50,,,1,14,,1113696,34,,,1,17,,1086788,50,,,1,13,,1048880,34,,,1,14,,1062781,50,,,1,55,,1113697,34,,,1,14,,1113662,50,,,1,15,,1113678,34,,,1,15,,1113674,50,,,1,66,,1113676,50,,,1,30,,1082526,50,,,1,69,,1113701,50,,,1,27,,1113675,50,,,1,70,,1113664,50,,,1,28,,1113679,50,,,1,69,,1113653,50,,,1,30,,1113654,50,,,1,73,,1113665,34,,,1,32,,1113704,34,,,1,71,,1073109,34,,,1,30,,1113680,34,,,1,71,,1069915,34,,,1
1100,'11',444,,1113722,34,,,1,70,,1113729,34,,,1,33,,1113733,34,,,1,55,,1113719,34,,,1,15,,1072459,34,,,1,15,,1113707,34,,,1,17,,1113721,34,,,1,56,,1113736,34,,,1,16,,1113738,34,,,1,15,,1113745,34,,,1,17,,1113751,34,,,1,56,,1113752,34,,,1,16,,1079639,34,,,1,15,,1113711,34,,,1,15,,1113742,34,,,1,55,,1113741,50,,,1,9,,1113746,34,,,1,14,,1113755,50,,,1,15,,1113737,34,,,1,54,,1113725,50,,,1,16,,1113723,34,,,1,16,,1113710,50,,,1,15,,1096164,34,,,1,54,,1113715,50,,,1,16,,1113724,34,,,1,15,,1113743,50,,,1,17,,1113720,34,,,1,53,,1113713,50,,,1,15,,1113754,34,,,1,14,,1113747,50,,,1,15,,1113734,34,,,1,55,,1113750,50,,,1,16,,1113740,34,,,1,14,,1094230,50,,,1,14,,1113708,34,,,1,55,,1113735,50,,,1,17,,1113712,34,,,1,14,,1113744,50,,,1,14,,1097543,34,,,1,69,,1113709,34,,,1,13,,1113718,50,,,1,19,,995163,34,,,1,53,,1113739,50,,,1,14,,1113748,34,,,1,17,,1086868,50,,,1,13,,1048758,34,,,1,14,,1063224,50,,,1,55,,1113749,34,,,1,14,,1113714,50,,,1,15,,1113730,34,,,1,15,,1113726,50,,,1,66,,1113728,50,,,1,30,,1082692,50,,,1,69,,1113753,50,,,1,27,,1113727,50,,,1,70,,1113716,50,,,1,28,,1113731,50,,,1,69,,1113705,50,,,1,30,,1113706,50,,,1,73,,1113717,34,,,1,32,,1113756,34,,,1,71,,1073273,34,,,1,30,,1113732,34,,,1,71,,1070084,34,,,1
1100,'12',444,,1113806,34,,,1,70,,1113776,34,,,1,33,,1113801,34,,,1,55,,1113759,34,,,1,15,,1113770,34,,,1,15,,1113769,34,,,1,17,,1113779,34,,,1,56,,1113802,34,,,1,16,,1113805,34,,,1,15,,1113798,34,,,1,17,,1113791,34,,,1,56,,1113785,34,,,1,16,,1113761,34,,,1,15,,1113772,34,,,1,15,,1113784,34,,,1,55,,1113812,50,,,1,9,,1113796,34,,,1,14,,1113764,50,,,1,15,,1113762,34,,,1,54,,1113799,50,,,1,16,,1113789,34,,,1,16,,1093309,50,,,1,15,,1113794,34,,,1,54,,1113813,50,,,1,16,,944798,34,,,1,15,,1113775,50,,,1,17,,1113758,34,,,1,53,,1113763,50,,,1,15,,1113787,34,,,1,14,,1113803,50,,,1,15,,1099474,34,,,1,55,,1113800,50,,,1,16,,1113760,34,,,1,14,,1113767,50,,,1,14,,1113768,34,,,1,55,,1036376,50,,,1,17,,1113809,34,,,1,14,,1113765,50,,,1,14,,1113777,34,,,1,69,,1113793,34,,,1,13,,1113783,50,,,1,19,,1113782,34,,,1,53,,1113790,50,,,1,14,,1113774,34,,,1,17,,1113788,50,,,1,13,,1113804,34,,,1,14,,1113792,50,,,1,55,,1113814,34,,,1,14,,1113757,50,,,1,15,,1113808,34,,,1,15,,1113780,50,,,1,66,,1113786,50,,,1,30,,1113811,50,,,1,69,,1113773,50,,,1,27,,1113810,50,,,1,70,,1113781,50,,,1,28,,1113795,50,,,1,69,,1113797,50,,,1,30,,1113807,50,,,1,73,,1113778,34,,,1,32,,1113771,34,,,1,71,,1076940,34,,,1,30,,1069070,34,,,1,71,,1113766,34,,,1
1100,'13',649,,1113828,34,,,1,70,,1113824,34,,,1,30,,1113829,34,,,1,70,,1113826,34,,,1,30,,1113832,34,,,1,70,,1113818,34,,,1,28,,1113846,50,,,1,70,,1113820,34,,,1,31,,1113840,50,,,1,70,,1113825,50,,,1,30,,1113831,50,,,1,70,,1113844,50,,,1,30,,1113833,50,,,1,70,,1113838,50,,,1,30,,1080177,50,,,1,70,,1113819,50,,,1,30,,1113837,50,,,1,70,,1113822,50,,,1,30,,1113816,50,,,1,70,,1113842,50,,,1,29,,1113817,50,,,1,70,,1113815,50,,,1,30,,1113847,50,,,1,70,,1113827,50,,,1,29,,1113823,50,,,1,70,,1113830,50,,,1,25,,1113835,34,,,1,70,,1113836,34,,,1,29,,1113839,34,,,1,70,,1113821,34,,,1,30,,1092735,34,,,1,70,,1015858,34,,,1,30,,1113834,34,,,1,70,,1113841,34,,,1,30,,1113845,34,,,1,70,,1113843,34,,,1
1100,'14',444,,1113869,34,,,1,70,,1113876,34,,,1,33,,1113880,34,,,1,55,,1113866,34,,,1,15,,1113908,34,,,1,15,,1113852,34,,,1,17,,1113868,34,,,1,56,,1113883,34,,,1,16,,1113885,34,,,1,15,,1113892,34,,,1,17,,1113898,34,,,1,56,,1113899,34,,,1,16,,1113910,34,,,1,15,,1113856,34,,,1,15,,1113889,34,,,1,55,,1113888,50,,,1,9,,1113893,34,,,1,14,,1113904,50,,,1,15,,1113884,34,,,1,54,,1113872,50,,,1,16,,1113870,34,,,1,16,,1113855,50,,,1,15,,1113849,34,,,1,54,,1113861,50,,,1,16,,1113871,34,,,1,15,,1113890,50,,,1,17,,1113867,34,,,1,53,,1113859,50,,,1,15,,1113902,34,,,1,14,,1113894,50,,,1,15,,1113881,34,,,1,55,,1113897,50,,,1,16,,1113887,34,,,1,14,,1113911,50,,,1,14,,1113853,34,,,1,55,,1113882,50,,,1,17,,1113857,34,,,1,14,,1113891,50,,,1,14,,1113907,34,,,1,69,,1113854,34,,,1,13,,1113865,50,,,1,19,,1113850,34,,,1,53,,1113886,50,,,1,14,,1113895,34,,,1,17,,1113858,50,,,1,13,,1113905,34,,,1,14,,1113900,50,,,1,55,,1113896,34,,,1,14,,1113860,50,,,1,15,,1113877,34,,,1,15,,1113873,50,,,1,66,,1113875,50,,,1,30,,1113906,50,,,1,69,,1113901,50,,,1,27,,1113874,50,,,1,70,,1113862,50,,,1,28,,1113878,50,,,1,69,,1113848,50,,,1,30,,1113851,50,,,1,73,,1113864,34,,,1,32,,1113909,34,,,1,71,,1113903,34,,,1,30,,1113879,34,,,1,71,,1113863,34,,,1
1100,'15',444,,1113945,34,,,1,70,,1113947,34,,,1,33,,1113918,34,,,1,55,,1113963,34,,,1,15,,1113972,34,,,1,15,,1113922,34,,,1,17,,1113916,34,,,1,56,,1113967,34,,,1,16,,1113912,34,,,1,15,,1113961,34,,,1,17,,1113932,34,,,1,56,,1113921,34,,,1,16,,1113928,34,,,1,15,,1113951,34,,,1,15,,1113924,34,,,1,55,,1113940,50,,,1,9,,1113959,34,,,1,14,,1113971,50,,,1,15,,1113958,34,,,1,54,,1113956,50,,,1,16,,1113935,34,,,1,16,,1113925,50,,,1,15,,1113931,34,,,1,54,,1113923,50,,,1,16,,1113941,34,,,1,15,,1113926,50,,,1,17,,1113944,34,,,1,53,,1113962,50,,,1,15,,1113953,34,,,1,14,,1113937,50,,,1,15,,1113933,34,,,1,55,,1113939,50,,,1,16,,1113960,34,,,1,14,,1113969,50,,,1,14,,1113915,34,,,1,55,,1113975,50,,,1,17,,1113920,34,,,1,14,,1113934,50,,,1,14,,1113964,34,,,1,69,,1113948,34,,,1,13,,1113946,50,,,1,19,,1113973,34,,,1,53,,1113949,50,,,1,14,,1113913,34,,,1,17,,1113930,50,,,1,13,,1113954,34,,,1,14,,1113966,50,,,1,55,,1113950,34,,,1,14,,1113914,50,,,1,15,,1113965,34,,,1,15,,1113952,50,,,1,66,,1113955,50,,,1,30,,1113927,50,,,1,69,,1113957,50,,,1,27,,1113936,50,,,1,70,,1113917,50,,,1,28,,1113938,50,,,1,69,,1113943,50,,,1,30,,1113942,50,,,1,73,,1113974,34,,,1,32,,1113919,34,,,1,71,,1113970,34,,,1,30,,1113968,34,,,1,71,,1113929,34,,,1
1100,'16',444,,1114022,34,,,1,70,,1113991,34,,,1,33,,1114017,34,,,1,55,,1091322,34,,,1,15,,1113985,34,,,1,15,,1099163,34,,,1,17,,1113994,34,,,1,56,,1114018,34,,,1,16,,1114021,34,,,1,15,,1114014,34,,,1,17,,1114007,34,,,1,56,,1114000,34,,,1,16,,1069599,34,,,1,15,,1113987,34,,,1,15,,1113999,34,,,1,55,,1114029,50,,,1,9,,1114012,34,,,1,14,,1073873,50,,,1,15,,1082664,34,,,1,54,,1114015,50,,,1,16,,1114005,34,,,1,16,,1114025,50,,,1,15,,1114010,34,,,1,54,,1114030,50,,,1,16,,1113977,34,,,1,15,,1113990,50,,,1,17,,1097873,34,,,1,53,,1064708,50,,,1,15,,1114003,34,,,1,14,,1114019,50,,,1,15,,1113979,34,,,1,55,,1114016,50,,,1,16,,1113978,34,,,1,14,,1113982,50,,,1,14,,1113983,34,,,1,55,,1114024,50,,,1,17,,1114026,34,,,1,14,,1113980,50,,,1,14,,1113992,34,,,1,69,,1114009,34,,,1,13,,1113998,50,,,1,19,,1113997,34,,,1,53,,1114006,50,,,1,14,,1113989,34,,,1,17,,1114004,50,,,1,13,,1114020,34,,,1,14,,1114008,50,,,1,55,,1063689,34,,,1,14,,1113976,50,,,1,15,,1098172,34,,,1,15,,1113995,50,,,1,66,,1114001,50,,,1,30,,1114028,50,,,1,69,,1113988,50,,,1,27,,1114027,50,,,1,70,,1113996,50,,,1,28,,1114011,50,,,1,69,,1114013,50,,,1,30,,1114023,50,,,1,73,,1113993,34,,,1,32,,1113986,34,,,1,71,,1113984,34,,,1,30,,1114002,34,,,1,71,,1113981,34,,,1
1100,'17',649,,1114045,34,,,1,70,,1114041,34,,,1,30,,1114046,34,,,1,70,,1114043,34,,,1,30,,1114050,34,,,1,70,,1114035,34,,,1,28,,1114064,50,,,1,70,,1114037,34,,,1,31,,1114058,50,,,1,70,,1114042,50,,,1,30,,1114049,50,,,1,70,,1114062,50,,,1,30,,1114051,50,,,1,70,,1114056,50,,,1,30,,1114031,50,,,1,70,,1114036,50,,,1,30,,1114055,50,,,1,70,,1114039,50,,,1,30,,1114033,50,,,1,70,,1114060,50,,,1,29,,1114034,50,,,1,70,,1114032,50,,,1,30,,1114065,50,,,1,70,,1114044,50,,,1,29,,1114040,50,,,1,70,,1114047,50,,,1,25,,1114053,34,,,1,70,,1114054,34,,,1,29,,1114057,34,,,1,70,,1114038,34,,,1,30,,1114066,34,,,1,70,,1114048,34,,,1,30,,1114052,34,,,1,70,,1114059,34,,,1,30,,1114063,34,,,1,70,,1114061,34,,,1
1100,'2',552,,1114093,34,,,1,70,,1114071,34,,,1,30,,1114081,34,,,1,70,,1114085,34,,,1,30,,1114094,34,,,1,70,,1012558,34,,,1,30,,1114072,34,,,1,66,,1114088,50,,,1,31,,1114098,50,,,1,70,,1114089,50,,,1,31,,1114078,50,,,1,70,,1114096,50,,,1,30,,1114100,50,,,1,70,,1114067,50,,,1,30,,1114070,50,,,1,70,,1114097,50,,,1,30,,1114087,50,,,1,70,,1114069,50,,,1,30,,1114082,50,,,1,70,,1114073,50,,,1,30,,1114092,50,,,1,70,,1114099,50,,,1,29,,1114086,50,,,1,70,,1083773,50,,,1,30,,1114091,50,,,1,70,,1114077,50,,,1,29,,1114075,50,,,1,70,,1114080,50,,,1,29,,1061553,50,,,1,70,,1062798,50,,,1,28,,1114083,50,,,1,61,,1114095,34,,,1,30,,1084287,34,,,1,70,,1114068,34,,,1,30,,1114076,34,,,1,70,,1114090,34,,,1,30,,1114074,34,,,1,70,,1079405,34,,,1,30,,1114084,34,,,1,70,,1114079,34,,,1
1100,'3',649,,1114115,34,,,1,70,,1114111,34,,,1,30,,1114116,34,,,1,70,,1114113,34,,,1,30,,1114120,34,,,1,70,,1114105,34,,,1,28,,1114134,50,,,1,70,,1114107,34,,,1,31,,1114128,50,,,1,70,,1114112,50,,,1,30,,1114119,50,,,1,70,,1114132,50,,,1,30,,1114121,50,,,1,70,,1114126,50,,,1,30,,1114101,50,,,1,70,,1114106,50,,,1,30,,1114125,50,,,1,70,,1114109,50,,,1,30,,1114103,50,,,1,70,,1114130,50,,,1,29,,1114104,50,,,1,70,,1114102,50,,,1,30,,1114135,50,,,1,70,,1114114,50,,,1,29,,1114110,50,,,1,70,,1114117,50,,,1,25,,1114123,34,,,1,70,,1114124,34,,,1,29,,1114127,34,,,1,70,,1114108,34,,,1,30,,1114136,34,,,1,70,,1114118,34,,,1,30,,1114122,34,,,1,70,,1114129,34,,,1,30,,1114133,34,,,1,70,,1114131,34,,,1
1100,'4',649,,1114141,34,,,1,70,,1114146,34,,,1,30,,1114140,34,,,1,70,,1114160,34,,,1,30,,1114143,34,,,1,70,,1114158,34,,,1,28,,1114157,50,,,1,70,,1017204,34,,,1,31,,1114151,50,,,1,70,,1114137,50,,,1,30,,1114148,50,,,1,70,,1114165,50,,,1,30,,1114164,50,,,1,70,,1089721,50,,,1,30,,1092369,50,,,1,70,,1087989,50,,,1,30,,1114149,50,,,1,70,,1114153,50,,,1,30,,1100375,50,,,1,70,,1114162,50,,,1,29,,1114163,50,,,1,70,,1114142,50,,,1,30,,1114138,50,,,1,70,,1114161,50,,,1,29,,1114154,50,,,1,70,,1114152,50,,,1,25,,1042341,34,,,1,70,,1086324,34,,,1,29,,1114159,34,,,1,70,,1114144,34,,,1,30,,1114150,34,,,1,70,,1114156,34,,,1,30,,1114139,34,,,1,70,,1114145,34,,,1,30,,1114147,34,,,1,70,,1114155,34,,,1
1100,'5',444,,1114183,34,,,1,70,,1114190,34,,,1,33,,1114194,34,,,1,55,,1114180,34,,,1,15,,1072449,34,,,1,15,,1114168,34,,,1,17,,1114182,34,,,1,56,,1114197,34,,,1,16,,1114199,34,,,1,15,,1114206,34,,,1,17,,1114212,34,,,1,56,,1114213,34,,,1,16,,1079546,34,,,1,15,,1114172,34,,,1,15,,1114203,34,,,1,55,,1114202,50,,,1,9,,1114207,34,,,1,14,,1114216,50,,,1,15,,1114198,34,,,1,54,,1114186,50,,,1,16,,1114184,34,,,1,16,,1114171,50,,,1,15,,1096101,34,,,1,54,,1114176,50,,,1,16,,1114185,34,,,1,15,,1114204,50,,,1,17,,1114181,34,,,1,53,,1114174,50,,,1,15,,1114215,34,,,1,14,,1114208,50,,,1,15,,1114195,34,,,1,55,,1114211,50,,,1,16,,1114201,34,,,1,14,,1094128,50,,,1,14,,1114169,34,,,1,55,,1114196,50,,,1,17,,1114173,34,,,1,14,,1114205,50,,,1,14,,1097428,34,,,1,69,,1114170,34,,,1,13,,1114179,50,,,1,19,,994906,34,,,1,53,,1114200,50,,,1,14,,1114209,34,,,1,17,,1086828,50,,,1,13,,1048620,34,,,1,14,,1063069,50,,,1,55,,1114210,34,,,1,14,,1114175,50,,,1,15,,1114191,34,,,1,15,,1114187,50,,,1,66,,1114189,50,,,1,30,,1082634,50,,,1,69,,1114214,50,,,1,27,,1114188,50,,,1,70,,1114177,50,,,1,28,,1114192,50,,,1,69,,1114166,50,,,1,30,,1114167,50,,,1,73,,1114178,34,,,1,32,,1114217,34,,,1,71,,1073217,34,,,1,30,,1114193,34,,,1,71,,1070026,34,,,1
1100,'6',444,,1114264,34,,,1,70,,1114234,34,,,1,33,,1114259,34,,,1,55,,1114220,34,,,1,15,,1114230,34,,,1,15,,1114229,34,,,1,17,,1114237,34,,,1,56,,1114260,34,,,1,16,,1114263,34,,,1,15,,1114256,34,,,1,17,,1114249,34,,,1,56,,1114243,34,,,1,16,,1114222,34,,,1,15,,1114231,34,,,1,15,,1114242,34,,,1,55,,1114269,50,,,1,9,,1114254,34,,,1,14,,1114226,50,,,1,15,,1114223,34,,,1,54,,1114257,50,,,1,16,,1114247,34,,,1,16,,1114266,50,,,1,15,,1114252,34,,,1,54,,1090994,50,,,1,16,,1114219,34,,,1,15,,1075679,50,,,1,17,,1114218,34,,,1,53,,1114224,50,,,1,15,,1114246,34,,,1,14,,1114261,50,,,1,15,,1114225,34,,,1,55,,1114258,50,,,1,16,,1114221,34,,,1,14,,1078834,50,,,1,14,,1089605,34,,,1,55,,1114265,50,,,1,17,,1066275,34,,,1,14,,1114227,50,,,1,14,,1114235,34,,,1,69,,1114251,34,,,1,13,,1114241,50,,,1,19,,1114240,34,,,1,53,,1114248,50,,,1,14,,1114233,34,,,1,17,,985425,50,,,1,13,,1114262,34,,,1,14,,1114250,50,,,1,55,,1114270,34,,,1,14,,998219,50,,,1,15,,1114267,34,,,1,15,,1114238,50,,,1,66,,1114244,50,,,1,30,,952950,50,,,1,69,,1114232,50,,,1,27,,1114268,50,,,1,70,,1114239,50,,,1,28,,1114253,50,,,1,69,,1114255,50,,,1,30,,1047035,50,,,1,73,,1114236,34,,,1,32,,1061854,34,,,1,71,,1114228,34,,,1,30,,1114245,34,,,1,71,,1071036,34,,,1
1100,'7',552,,1114305,34,,,1,70,,1114283,34,,,1,30,,1114276,34,,,1,70,,1114292,34,,,1,30,,1114297,34,,,1,70,,1114281,34,,,1,30,,1114291,34,,,1,66,,1114277,50,,,1,31,,1114306,50,,,1,70,,1114289,50,,,1,31,,1114298,50,,,1,70,,1114302,50,,,1,30,,1114307,50,,,1,70,,1114274,50,,,1,30,,1114296,50,,,1,70,,1114294,50,,,1,30,,1114300,50,,,1,70,,1114293,50,,,1,30,,1114272,50,,,1,70,,1114299,50,,,1,30,,1114285,50,,,1,70,,1114290,50,,,1,29,,1114286,50,,,1,70,,1114295,50,,,1,30,,1114287,50,,,1,70,,1114303,50,,,1,29,,1114309,50,,,1,70,,1114288,50,,,1,29,,1114310,50,,,1,70,,1114284,50,,,1,28,,1114308,50,,,1,61,,1114278,34,,,1,30,,1114273,34,,,1,70,,1114282,34,,,1,30,,1114301,34,,,1,70,,1114280,34,,,1,30,,1114275,34,,,1,70,,1114271,34,,,1,30,,1114279,34,,,1,70,,1114304,34,,,1
1100,'8',444,,1114364,34,,,1,70,,1114333,34,,,1,33,,1114359,34,,,1,55,,1114314,34,,,1,15,,1114327,34,,,1,15,,1114326,34,,,1,17,,1114336,34,,,1,56,,1114360,34,,,1,16,,1114363,34,,,1,15,,1114356,34,,,1,17,,1114349,34,,,1,56,,1114342,34,,,1,16,,1114316,34,,,1,15,,1114329,34,,,1,15,,1114341,34,,,1,55,,1114372,50,,,1,9,,1114354,34,,,1,14,,1114320,50,,,1,15,,1114317,34,,,1,54,,1114357,50,,,1,16,,1114347,34,,,1,16,,1114367,50,,,1,15,,1114352,34,,,1,54,,1114373,50,,,1,16,,1114313,34,,,1,15,,1114332,50,,,1,17,,1114312,34,,,1,53,,1114318,50,,,1,15,,1114345,34,,,1,14,,1114361,50,,,1,15,,1114319,34,,,1,55,,1114358,50,,,1,16,,1114315,34,,,1,14,,1114323,50,,,1,14,,1114324,34,,,1,55,,1114366,50,,,1,17,,1114369,34,,,1,14,,1114321,50,,,1,14,,1114334,34,,,1,69,,1114351,34,,,1,13,,1114340,50,,,1,19,,1114339,34,,,1,53,,1114348,50,,,1,14,,1114331,34,,,1,17,,1114346,50,,,1,13,,1114362,34,,,1,14,,1114350,50,,,1,55,,1114374,34,,,1,14,,1114311,50,,,1,15,,1114368,34,,,1,15,,1114337,50,,,1,66,,1114343,50,,,1,30,,1114371,50,,,1,69,,1114330,50,,,1,27,,1114370,50,,,1,70,,1114338,50,,,1,28,,1114353,50,,,1,69,,1114355,50,,,1,30,,1114365,50,,,1,73,,1114335,34,,,1,32,,1114328,34,,,1,71,,1114325,34,,,1,30,,1114344,34,,,1,71,,1114322,34,,,1
1100,'9',444,,1114392,34,,,1,70,,1114399,34,,,1,33,,1114403,34,,,1,55,,1114389,34,,,1,15,,1072444,34,,,1,15,,1114377,34,,,1,17,,1114391,34,,,1,56,,1114406,34,,,1,16,,1114408,34,,,1,15,,1114415,34,,,1,17,,1114421,34,,,1,56,,1114422,34,,,1,16,,1079447,34,,,1,15,,1114381,34,,,1,15,,1114412,34,,,1,55,,1114411,50,,,1,9,,1114416,34,,,1,14,,1114425,50,,,1,15,,1114407,34,,,1,54,,1114395,50,,,1,16,,1114393,34,,,1,16,,1114380,50,,,1,15,,1096024,34,,,1,54,,1114385,50,,,1,16,,1114394,34,,,1,15,,1114413,50,,,1,17,,1114390,34,,,1,53,,1114383,50,,,1,15,,1114424,34,,,1,14,,1114417,50,,,1,15,,1114404,34,,,1,55,,1114420,50,,,1,16,,1114410,34,,,1,14,,1094017,50,,,1,14,,1114378,34,,,1,55,,1114405,50,,,1,17,,1114382,34,,,1,14,,1114414,50,,,1,14,,1097312,34,,,1,69,,1114379,34,,,1,13,,1114388,50,,,1,19,,995259,34,,,1,53,,1114409,50,,,1,14,,1114418,34,,,1,17,,1086808,50,,,1,13,,1048814,34,,,1,14,,1062893,50,,,1,55,,1114419,34,,,1,14,,1114384,50,,,1,15,,1114400,34,,,1,15,,1114396,50,,,1,66,,1114398,50,,,1,30,,1082568,50,,,1,69,,1114423,50,,,1,27,,1114397,50,,,1,70,,1114386,50,,,1,28,,1114401,50,,,1,69,,1114375,50,,,1,30,,1114376,50,,,1,73,,1114387,34,,,1,32,,1114426,34,,,1,71,,1073148,34,,,1,30,,1114402,34,,,1,71,,1069957,34,,,1
1101,'1',505,,1114478,25,0,56 57,1,28,,1114464,25,0,56 57,1,74,,1090499,25,0,56 57,1,28,,1114434,25,0,56 57,1,16,,1114458,25,0,56 57,1,59,,1037703,25,0,56 57,1,16,,1114444,25,0,56 57,1,19,,1114449,25,0,56 57,1,57,,1114433,25,,,1,21,,1074518,25,0,56 57,1,20,,1114439,25,,,1,16,,1114459,25,0,56 57,1,62,,1114448,25,,,1,13,,1114461,25,0,56 57,1,15,,1114475,25,,,1,51,,1114428,25,0,56 57,1,15,,1079127,25,,,1,8,,1114460,25,,,1,13,,1114432,25,0,56 57,1,14,,1102945,25,0,56 57,1,57,,1114469,25,,,1,14,,1114470,25,0,56 57,1,17,,1114465,25,,,1,15,,1114454,25,0,56 57,1,56,,1114447,25,,,1,18,,1114477,25,0,56 57,1,15,,1114430,25,,,1,58,,1114438,25,0,56 57,1,13,,1114435,25,,,1,14,,1114474,25,0,56 57,1,14,,1114441,25,,,1,15,,1095223,25,0,56 57,1,55,,1073857,25,,,1,16,,1114457,25,0,56 57,1,14,,1027522,25,,,1,17,,1114468,25,0,56 57,1,55,,1114453,25,,,1,18,,1114451,25,0,56 57,1,14,,1114429,25,,,1,55,,1114455,25,0,56 57,1,37,,1114437,25,0,56 57,1,10,,867169,25,,,1,60,,1114436,25,0,56 57,1,12,,1114471,25,,,1,13,,1079572,25,0,56 57,1,16,,1114452,25,,,1,11,,1114463,25,0,56 57,1,55,,1114466,25,,,1,12,,1114462,25,0,56 57,1,15,,1114456,25,0,56 57,1,11,,1114467,25,,,1,56,,1114442,25,,,1,23,,956790,25,,,1,28,,1114440,25,,,1,64,,1114443,25,,,1,25,,1114473,25,0,56 57,1,69,,1114472,25,0,56 57,1,26,,1114431,25,0,56 57,1,66,,1114450,25,0,56 57,1,30,,1114476,25,0,56 57,1,70,,1073225,25,0,56 57,1,28,,1114446,25,0,56 57,1,69,,1114445,25,0,56 57,1,30,,1114427,25,0,56 57,1,71,,1081966,25,0,56 57,1
1101,'10',505,,1114530,25,0,56 57,1,28,,1114516,25,0,56 57,1,74,,1090342,25,0,56 57,1,28,,1114486,25,0,56 57,1,16,,1114510,25,0,56 57,1,59,,1037868,25,0,56 57,1,16,,1114496,25,0,56 57,1,19,,1114501,25,0,56 57,1,57,,1114485,25,,,1,21,,1074371,25,0,56 57,1,20,,1114491,25,,,1,16,,1114511,25,0,56 57,1,62,,1114500,25,,,1,13,,1114513,25,0,56 57,1,15,,1114527,25,,,1,51,,1114480,25,0,56 57,1,15,,1078873,25,,,1,8,,1114512,25,,,1,13,,1114484,25,0,56 57,1,14,,1102939,25,0,56 57,1,57,,1114521,25,,,1,14,,1114522,25,0,56 57,1,17,,1114517,25,,,1,15,,1114506,25,0,56 57,1,56,,1114499,25,,,1,18,,1114529,25,0,56 57,1,15,,1114482,25,,,1,58,,1114490,25,0,56 57,1,13,,1114487,25,,,1,14,,1114526,25,0,56 57,1,14,,1114493,25,,,1,15,,1094977,25,0,56 57,1,55,,1073716,25,,,1,16,,1114509,25,0,56 57,1,14,,1027604,25,,,1,17,,1114520,25,0,56 57,1,55,,1114505,25,,,1,18,,1114503,25,0,56 57,1,14,,1114481,25,,,1,55,,1114507,25,0,56 57,1,37,,1114489,25,0,56 57,1,10,,867234,25,,,1,60,,1114488,25,0,56 57,1,12,,1114523,25,,,1,13,,1079380,25,0,56 57,1,16,,1114504,25,,,1,11,,1114515,25,0,56 57,1,55,,1114518,25,,,1,12,,1114514,25,0,56 57,1,15,,1114508,25,0,56 57,1,11,,1114519,25,,,1,56,,1114494,25,,,1,23,,956527,25,,,1,28,,1114492,25,,,1,64,,1114495,25,,,1,25,,1114525,25,0,56 57,1,69,,1114524,25,0,56 57,1,26,,1114483,25,0,56 57,1,66,,1114502,25,0,56 57,1,30,,1114528,25,0,56 57,1,70,,1073097,25,0,56 57,1,28,,1114498,25,0,56 57,1,69,,1114497,25,0,56 57,1,30,,1114479,25,0,56 57,1,71,,1081806,25,0,56 57,1
1101,'11',505,,1114582,25,0,56 57,1,28,,1114568,25,0,56 57,1,74,,1090542,25,0,56 57,1,28,,1114538,25,0,56 57,1,16,,1114562,25,0,56 57,1,59,,1037654,25,0,56 57,1,16,,1114548,25,0,56 57,1,19,,1114553,25,0,56 57,1,57,,1114537,25,,,1,21,,1074561,25,0,56 57,1,20,,1114543,25,,,1,16,,1114563,25,0,56 57,1,62,,1114552,25,,,1,13,,1114565,25,0,56 57,1,15,,1114579,25,,,1,51,,1114532,25,0,56 57,1,15,,1079207,25,,,1,8,,1114564,25,,,1,13,,1114536,25,0,56 57,1,14,,1102947,25,0,56 57,1,57,,1114573,25,,,1,14,,1114574,25,0,56 57,1,17,,1114569,25,,,1,15,,1114558,25,0,56 57,1,56,,1114551,25,,,1,18,,1114581,25,0,56 57,1,15,,1114534,25,,,1,58,,1114542,25,0,56 57,1,13,,1114539,25,,,1,14,,1114578,25,0,56 57,1,14,,1114545,25,,,1,15,,1095297,25,0,56 57,1,55,,1073906,25,,,1,16,,1114561,25,0,56 57,1,14,,1027498,25,,,1,17,,1114572,25,0,56 57,1,55,,1114557,25,,,1,18,,1114555,25,0,56 57,1,14,,1114533,25,,,1,55,,1114559,25,0,56 57,1,37,,1114541,25,0,56 57,1,10,,867038,25,,,1,60,,1114540,25,0,56 57,1,12,,1114575,25,,,1,13,,1079631,25,0,56 57,1,16,,1114556,25,,,1,11,,1114567,25,0,56 57,1,55,,1114570,25,,,1,12,,1114566,25,0,56 57,1,15,,1114560,25,0,56 57,1,11,,1114571,25,,,1,56,,1114546,25,,,1,23,,956741,25,,,1,28,,1114544,25,,,1,64,,1114547,25,,,1,25,,1114577,25,0,56 57,1,69,,1114576,25,0,56 57,1,26,,1114535,25,0,56 57,1,66,,1114554,25,0,56 57,1,30,,1114580,25,0,56 57,1,70,,1073261,25,0,56 57,1,28,,1114550,25,0,56 57,1,69,,1114549,25,0,56 57,1,30,,1114531,25,0,56 57,1,71,,1082011,25,0,56 57,1
1101,'12',505,,1114635,25,0,56 57,1,28,,1114599,25,0,56 57,1,74,,1114616,25,0,56 57,1,28,,1114623,25,0,56 57,1,16,,1114620,25,0,56 57,1,59,,1114600,25,0,56 57,1,16,,938904,25,0,56 57,1,19,,1114603,25,0,56 57,1,57,,1114613,25,,,1,21,,1114585,25,0,56 57,1,20,,915086,25,,,1,16,,1114612,25,0,56 57,1,62,,1114633,25,,,1,13,,1114588,25,0,56 57,1,15,,1114617,25,,,1,51,,1114596,25,0,56 57,1,15,,1114601,25,,,1,8,,1114619,25,,,1,13,,1114592,25,0,56 57,1,14,,1114608,25,0,56 57,1,57,,1114597,25,,,1,14,,1018120,25,0,56 57,1,17,,1114587,25,,,1,15,,1114593,25,0,56 57,1,56,,1114624,25,,,1,18,,1114605,25,0,56 57,1,15,,1114606,25,,,1,58,,1114625,25,0,56 57,1,13,,1114590,25,,,1,14,,1114638,25,0,56 57,1,14,,1114589,25,,,1,15,,1114584,25,0,56 57,1,55,,1114604,25,,,1,16,,1114598,25,0,56 57,1,14,,1114609,25,,,1,17,,1114607,25,0,56 57,1,55,,1074025,25,,,1,18,,1114618,25,0,56 57,1,14,,1114611,25,,,1,55,,1114627,25,0,56 57,1,37,,1114631,25,0,56 57,1,10,,1114595,25,,,1,60,,1114641,25,0,56 57,1,12,,1114614,25,,,1,13,,1114636,25,0,56 57,1,16,,1052710,25,,,1,11,,1114628,25,0,56 57,1,55,,1114583,25,,,1,12,,1114634,25,0,56 57,1,15,,1114621,25,0,56 57,1,11,,1114602,25,,,1,56,,1114610,25,,,1,23,,1114591,25,,,1,28,,1114637,25,,,1,64,,1114629,25,,,1,25,,1114622,25,0,56 57,1,69,,1114630,25,0,56 57,1,26,,1114632,25,0,56 57,1,66,,1114615,25,0,56 57,1,30,,1114626,25,0,56 57,1,70,,1114586,25,0,56 57,1,28,,1087502,25,0,56 57,1,69,,1114594,25,0,56 57,1,30,,1114639,25,0,56 57,1,71,,1114640,25,0,56 57,1
1101,'13',713,,1114670,25,0,56 57,1,30,,1003737,25,0,56 57,1,70,,1114650,25,0,56 57,1,32,,1114652,25,,,1,70,,1114659,25,,,1,31,,1055334,25,,,1,70,,1114663,25,,,1,32,,1114644,25,,,1,71,,1114651,25,,,1,30,,1114643,25,,,1,70,,1114667,25,,,1,30,,1114661,25,,,1,70,,1069261,25,,,1,30,,1114664,25,,,1,70,,1114653,25,,,1,30,,1114662,25,,,1,70,,1114671,25,,,1,30,,1114656,25,,,1,70,,1114672,25,,,1,29,,1114673,25,,,1,70,,1114657,25,,,1,30,,1114649,25,,,1,70,,1114669,25,0,56 57,1,30,,1114647,25,0,56 57,1,70,,1114674,25,0,56 57,1,29,,1114665,25,0,56 57,1,67,,1114655,25,0,56 57,1,31,,1114642,25,0,56 57,1,70,,1114668,25,0,56 57,1,30,,1114645,25,0,56 57,1,70,,1114646,25,0,56 57,1,30,,1114658,25,0,56 57,1,70,,1114654,25,0,56 57,1,30,,1114660,25,0,56 57,1,70,,1114666,25,0,56 57,1,30,,1114648,25,0,56 57,1
1101,'14',505,,1114737,25,0,56 57,1,28,,1114719,25,0,56 57,1,74,,1114739,25,0,56 57,1,28,,1114687,25,0,56 57,1,16,,1114713,25,0,56 57,1,59,,1114690,25,0,56 57,1,16,,1114699,25,0,56 57,1,19,,1114704,25,0,56 57,1,57,,1114686,25,,,1,21,,1114679,25,0,56 57,1,20,,1114694,25,,,1,16,,1114714,25,0,56 57,1,62,,1114703,25,,,1,13,,1114716,25,0,56 57,1,15,,1114730,25,,,1,51,,1114676,25,0,56 57,1,15,,1114683,25,,,1,8,,1114715,25,,,1,13,,1114685,25,0,56 57,1,14,,1114692,25,0,56 57,1,57,,1114724,25,,,1,14,,1114725,25,0,56 57,1,17,,1114720,25,,,1,15,,1114709,25,0,56 57,1,56,,1114702,25,,,1,18,,1114735,25,0,56 57,1,15,,1114681,25,,,1,58,,1114693,25,0,56 57,1,13,,1114688,25,,,1,14,,1114729,25,0,56 57,1,14,,1114696,25,,,1,15,,1114733,25,0,56 57,1,55,,1114732,25,,,1,16,,1114712,25,0,56 57,1,14,,1114736,25,,,1,17,,1114723,25,0,56 57,1,55,,1114708,25,,,1,18,,1114706,25,0,56 57,1,14,,1114677,25,,,1,55,,1114710,25,0,56 57,1,37,,1114691,25,0,56 57,1,10,,1114678,25,,,1,60,,1114689,25,0,56 57,1,12,,1114726,25,,,1,13,,1114731,25,0,56 57,1,16,,1114707,25,,,1,11,,1114718,25,0,56 57,1,55,,1114721,25,,,1,12,,1114717,25,0,56 57,1,15,,1114711,25,0,56 57,1,11,,1114722,25,,,1,56,,1114697,25,,,1,23,,1114682,25,,,1,28,,1114695,25,,,1,64,,1114698,25,,,1,25,,1114728,25,0,56 57,1,69,,1114727,25,0,56 57,1,26,,1114684,25,0,56 57,1,66,,1114705,25,0,56 57,1,30,,1114734,25,0,56 57,1,70,,1114680,25,0,56 57,1,28,,1114701,25,0,56 57,1,69,,1114700,25,0,56 57,1,30,,1114675,25,0,56 57,1,71,,1114738,25,0,56 57,1
1101,'15',505,,1114796,25,0,56 57,1,28,,1114743,25,0,56 57,1,74,,1114790,25,0,56 57,1,28,,1114792,25,0,56 57,1,16,,1114789,25,0,56 57,1,59,,1114763,25,0,56 57,1,16,,1114793,25,0,56 57,1,19,,1114767,25,0,56 57,1,57,,1114769,25,,,1,21,,1114778,25,0,56 57,1,20,,1114756,25,,,1,16,,1114780,25,0,56 57,1,62,,1114750,25,,,1,13,,1114758,25,0,56 57,1,15,,1114741,25,,,1,51,,1114786,25,0,56 57,1,15,,1114751,25,,,1,8,,1114784,25,,,1,13,,1114766,25,0,56 57,1,14,,1114779,25,0,56 57,1,57,,1114745,25,,,1,14,,1114770,25,0,56 57,1,17,,1114798,25,,,1,15,,1114783,25,0,56 57,1,56,,1114801,25,,,1,18,,1114740,25,0,56 57,1,15,,1114800,25,,,1,58,,1114744,25,0,56 57,1,13,,1114754,25,,,1,14,,1114785,25,0,56 57,1,14,,1114762,25,,,1,15,,1114777,25,0,56 57,1,55,,1114753,25,,,1,16,,1114794,25,0,56 57,1,14,,1114803,25,,,1,17,,1114755,25,0,56 57,1,55,,1114765,25,,,1,18,,1114782,25,0,56 57,1,14,,1114746,25,,,1,55,,1114781,25,0,56 57,1,37,,1114775,25,0,56 57,1,10,,1114791,25,,,1,60,,1114774,25,0,56 57,1,12,,1114771,25,,,1,13,,1114776,25,0,56 57,1,16,,1114752,25,,,1,11,,1114747,25,0,56 57,1,55,,1114772,25,,,1,12,,1114757,25,0,56 57,1,15,,1114797,25,0,56 57,1,11,,1114764,25,,,1,56,,1114748,25,,,1,23,,1114799,25,,,1,28,,1114804,25,,,1,64,,1114749,25,,,1,25,,1114759,25,0,56 57,1,69,,1114795,25,0,56 57,1,26,,1114787,25,0,56 57,1,66,,1114788,25,0,56 57,1,30,,1114760,25,0,56 57,1,70,,1114761,25,0,56 57,1,28,,1114742,25,0,56 57,1,69,,1114768,25,0,56 57,1,30,,1114773,25,0,56 57,1,71,,1114802,25,0,56 57,1
1101,'16',505,,1114856,25,0,56 57,1,28,,1114820,25,0,56 57,1,74,,1114837,25,0,56 57,1,28,,1114844,25,0,56 57,1,16,,1114841,25,0,56 57,1,59,,1114821,25,0,56 57,1,16,,1114813,25,0,56 57,1,19,,1114825,25,0,56 57,1,57,,1006572,25,,,1,21,,1114809,25,0,56 57,1,20,,1114863,25,,,1,16,,1114834,25,0,56 57,1,62,,1114854,25,,,1,13,,1114811,25,0,56 57,1,15,,1114838,25,,,1,51,,1114817,25,0,56 57,1,15,,1114823,25,,,1,8,,1114840,25,,,1,13,,1114814,25,0,56 57,1,14,,1114830,25,0,56 57,1,57,,1114818,25,,,1,14,,1114822,25,0,56 57,1,17,,1114810,25,,,1,15,,1114815,25,0,56 57,1,56,,1114845,25,,,1,18,,1114827,25,0,56 57,1,15,,1114828,25,,,1,58,,1114846,25,0,56 57,1,13,,1097882,25,,,1,14,,1114859,25,0,56 57,1,14,,1092919,25,,,1,15,,1114808,25,0,56 57,1,55,,1114826,25,,,1,16,,1114819,25,0,56 57,1,14,,1114831,25,,,1,17,,1114829,25,0,56 57,1,55,,1114807,25,,,1,18,,1114839,25,0,56 57,1,14,,1114833,25,,,1,55,,1114848,25,0,56 57,1,37,,1114852,25,0,56 57,1,10,,1114816,25,,,1,60,,1071316,25,0,56 57,1,12,,1114835,25,,,1,13,,1114857,25,0,56 57,1,16,,1114806,25,,,1,11,,1114849,25,0,56 57,1,55,,1114805,25,,,1,12,,1114855,25,0,56 57,1,15,,1114842,25,0,56 57,1,11,,1114824,25,,,1,56,,1114832,25,,,1,23,,1114812,25,,,1,28,,1114858,25,,,1,64,,1114850,25,,,1,25,,1114843,25,0,56 57,1,69,,1114851,25,0,56 57,1,26,,1114853,25,0,56 57,1,66,,1114836,25,0,56 57,1,30,,1114847,25,0,56 57,1,70,,1094174,25,0,56 57,1,28,,1114862,25,0,56 57,1,69,,1075060,25,0,56 57,1,30,,1114860,25,0,56 57,1,71,,1114861,25,0,56 57,1
1101,'17',713,,1114893,25,0,56 57,1,30,,1114899,25,0,56 57,1,70,,1114873,25,0,56 57,1,32,,1114875,25,,,1,70,,1114882,25,,,1,31,,1114898,25,,,1,70,,1114886,25,,,1,32,,1114866,25,,,1,71,,1114874,25,,,1,30,,1114865,25,,,1,70,,1114890,25,,,1,30,,1114884,25,,,1,70,,1114871,25,,,1,30,,1114887,25,,,1,70,,1114876,25,,,1,30,,1114885,25,,,1,70,,1114894,25,,,1,30,,1114879,25,,,1,70,,1114895,25,,,1,29,,1114896,25,,,1,70,,1114880,25,,,1,30,,1114872,25,,,1,70,,1114892,25,0,56 57,1,30,,1114869,25,0,56 57,1,70,,1114897,25,0,56 57,1,29,,1114888,25,0,56 57,1,67,,1114878,25,0,56 57,1,31,,1114864,25,0,56 57,1,70,,1114891,25,0,56 57,1,30,,1114867,25,0,56 57,1,70,,1114868,25,0,56 57,1,30,,1114881,25,0,56 57,1,70,,1114877,25,0,56 57,1,30,,1114883,25,0,56 57,1,70,,1114889,25,0,56 57,1,30,,1114870,25,0,56 57,1
1101,'2',544,,1114927,25,0,56 57,1,70,,1114916,25,0,56 57,1,30,,1114906,25,0,56 57,1,70,,1024798,25,0,56 57,1,30,,1114910,25,0,56 57,1,70,,1114902,25,,,1,32,,1114908,25,,,1,70,,1114923,25,,,1,31,,1114920,25,,,1,70,,1114917,25,,,1,32,,1114912,25,,,1,72,,1114918,25,,,1,31,,1114911,25,,,1,70,,1114931,25,,,1,30,,1114913,25,,,1,70,,1114907,25,,,1,30,,1114929,25,,,1,70,,1114903,25,,,1,30,,997854,25,,,1,70,,1114905,25,,,1,30,,1114901,25,,,1,70,,1098457,25,,,1,29,,1114904,25,,,1,70,,1114926,25,,,1,30,,1114928,25,,,1,70,,1114922,25,,,1,30,,1114924,25,,,1,70,,1114914,25,,,1,29,,1114930,25,,,1,75,,1068981,25,0,56 57,1,28,,1114900,25,0,56 57,1,72,,1114915,25,0,56 57,1,31,,1114932,25,0,56 57,1,71,,1046150,25,0,56 57,1,31,,1081513,25,0,56 57,1,71,,1114925,25,0,56 57,1,71,,1114909,25,0,56 57,1,31,,1114921,25,0,56 57,1,71,,1114919,25,0,56 57,1,30,,935590,25,0,56 57,1
1101,'3',713,,1114962,25,0,56 57,1,30,,1114968,25,0,56 57,1,70,,1114942,25,0,56 57,1,32,,1114944,25,,,1,70,,1114951,25,,,1,31,,1114967,25,,,1,70,,1114955,25,,,1,32,,1114935,25,,,1,71,,1114943,25,,,1,30,,1114934,25,,,1,70,,1114959,25,,,1,30,,1114953,25,,,1,70,,1114940,25,,,1,30,,1114956,25,,,1,70,,1114945,25,,,1,30,,1114954,25,,,1,70,,1114963,25,,,1,30,,1114948,25,,,1,70,,1114964,25,,,1,29,,1114965,25,,,1,70,,1114949,25,,,1,30,,1114941,25,,,1,70,,1114961,25,0,56 57,1,30,,1114938,25,0,56 57,1,70,,1114966,25,0,56 57,1,29,,1114957,25,0,56 57,1,67,,1114947,25,0,56 57,1,31,,1114933,25,0,56 57,1,70,,1114960,25,0,56 57,1,30,,1114936,25,0,56 57,1,70,,1114937,25,0,56 57,1,30,,1114950,25,0,56 57,1,70,,1114946,25,0,56 57,1,30,,1114952,25,0,56 57,1,70,,1114958,25,0,56 57,1,30,,1114939,25,0,56 57,1
1101,'4',713,,1115002,25,0,56 57,1,30,,1114985,25,0,56 57,1,70,,1114971,25,0,56 57,1,32,,1114993,25,,,1,70,,1114989,25,,,1,31,,1114995,25,,,1,70,,1114975,25,,,1,32,,1114969,25,,,1,71,,1114972,25,,,1,30,,1114997,25,,,1,70,,1114992,25,,,1,30,,1114999,25,,,1,70,,1114978,25,,,1,30,,1114987,25,,,1,70,,1115003,25,,,1,30,,1114996,25,,,1,70,,1114974,25,,,1,30,,1114984,25,,,1,70,,1114998,25,,,1,29,,1115004,25,,,1,70,,1114976,25,,,1,30,,1114988,25,,,1,70,,1114983,25,0,56 57,1,30,,1114986,25,0,56 57,1,70,,1114979,25,0,56 57,1,29,,1115001,25,0,56 57,1,67,,1114982,25,0,56 57,1,31,,1114977,25,0,56 57,1,70,,1114970,25,0,56 57,1,30,,1114973,25,0,56 57,1,70,,1114991,25,0,56 57,1,30,,1114990,25,0,56 57,1,70,,1114994,25,0,56 57,1,30,,1115000,25,0,56 57,1,70,,1114980,25,0,56 57,1,30,,1114981,25,0,56 57,1
1101,'5',505,,1115056,25,0,56 57,1,28,,1115042,25,0,56 57,1,74,,1090475,25,0,56 57,1,28,,1115012,25,0,56 57,1,16,,1115036,25,0,56 57,1,59,,1037452,25,0,56 57,1,16,,1115022,25,0,56 57,1,19,,1115027,25,0,56 57,1,57,,1115011,25,,,1,21,,1074496,25,0,56 57,1,20,,1115017,25,,,1,16,,1115037,25,0,56 57,1,62,,1115026,25,,,1,13,,1115039,25,0,56 57,1,15,,1115053,25,,,1,51,,1115006,25,0,56 57,1,15,,1079082,25,,,1,8,,1115038,25,,,1,13,,1115010,25,0,56 57,1,14,,1102943,25,0,56 57,1,57,,1115047,25,,,1,14,,1115048,25,0,56 57,1,17,,1115043,25,,,1,15,,1115032,25,0,56 57,1,56,,1115025,25,,,1,18,,1115055,25,0,56 57,1,15,,1115008,25,,,1,58,,1115016,25,0,56 57,1,13,,1115013,25,,,1,14,,1115052,25,0,56 57,1,14,,1115019,25,,,1,15,,1095175,25,0,56 57,1,55,,1073833,25,,,1,16,,1115035,25,0,56 57,1,14,,1027379,25,,,1,17,,1115046,25,0,56 57,1,55,,1115031,25,,,1,18,,1115029,25,0,56 57,1,14,,1115007,25,,,1,55,,1115033,25,0,56 57,1,37,,1115015,25,0,56 57,1,10,,867430,25,,,1,60,,1115014,25,0,56 57,1,12,,1115049,25,,,1,13,,1079538,25,0,56 57,1,16,,1115030,25,,,1,11,,1115041,25,0,56 57,1,55,,1115044,25,,,1,12,,1115040,25,0,56 57,1,15,,1115034,25,0,56 57,1,11,,1115045,25,,,1,56,,1115020,25,,,1,23,,956943,25,,,1,28,,1115018,25,,,1,64,,1115021,25,,,1,25,,1115051,25,0,56 57,1,69,,1115050,25,0,56 57,1,26,,1115009,25,0,56 57,1,66,,1115028,25,0,56 57,1,30,,1115054,25,0,56 57,1,70,,1073205,25,0,56 57,1,28,,1115024,25,0,56 57,1,69,,1115023,25,0,56 57,1,30,,1115005,25,0,56 57,1,71,,1081936,25,0,56 57,1
1101,'6',505,,1115104,25,0,56 57,1,28,,1115070,25,0,56 57,1,74,,1115087,25,0,56 57,1,28,,1115093,25,0,56 57,1,16,,1115091,25,0,56 57,1,59,,1115071,25,0,56 57,1,16,,1115064,25,0,56 57,1,19,,1115074,25,0,56 57,1,57,,1115084,25,,,1,21,,1043208,25,0,56 57,1,20,,1115112,25,,,1,16,,1115083,25,0,56 57,1,62,,1115102,25,,,1,13,,1080541,25,0,56 57,1,15,,1115088,25,,,1,51,,1115067,25,0,56 57,1,15,,1115073,25,,,1,8,,1115090,25,,,1,13,,1102220,25,0,56 57,1,14,,1115079,25,0,56 57,1,57,,1115068,25,,,1,14,,1115072,25,0,56 57,1,17,,1115061,25,,,1,15,,1077119,25,0,56 57,1,56,,1115094,25,,,1,18,,1115076,25,0,56 57,1,15,,1115077,25,,,1,58,,1115095,25,0,56 57,1,13,,1115063,25,,,1,14,,1115107,25,0,56 57,1,14,,1115062,25,,,1,15,,1115059,25,0,56 57,1,55,,1115075,25,,,1,16,,1115069,25,0,56 57,1,14,,1115080,25,,,1,17,,1115078,25,0,56 57,1,55,,1115058,25,,,1,18,,1115089,25,0,56 57,1,14,,1115082,25,,,1,55,,1115097,25,0,56 57,1,37,,1115101,25,0,56 57,1,10,,1115066,25,,,1,60,,1115110,25,0,56 57,1,12,,1115085,25,,,1,13,,1115105,25,0,56 57,1,16,,1115057,25,,,1,11,,1115098,25,0,56 57,1,55,,1073680,25,,,1,12,,1115103,25,0,56 57,1,15,,1028235,25,0,56 57,1,11,,1052230,25,,,1,56,,1115081,25,,,1,23,,1022774,25,,,1,28,,1115106,25,,,1,64,,1115099,25,,,1,25,,1115092,25,0,56 57,1,69,,1115100,25,0,56 57,1,26,,1001096,25,0,56 57,1,66,,1115086,25,0,56 57,1,30,,1115096,25,0,56 57,1,70,,1115060,25,0,56 57,1,28,,1115111,25,0,56 57,1,69,,1115065,25,0,56 57,1,30,,1115108,25,0,56 57,1,71,,1115109,25,0,56 57,1
1101,'7',544,,1115139,25,0,56 57,1,70,,1115113,25,0,56 57,1,30,,1115152,25,0,56 57,1,70,,1115148,25,0,56 57,1,30,,1115142,25,0,56 57,1,70,,1115130,25,,,1,32,,1115140,25,,,1,70,,1115129,25,,,1,31,,1115141,25,,,1,70,,1115121,25,,,1,32,,1115146,25,,,1,72,,1115143,25,,,1,31,,1115132,25,,,1,70,,1115117,25,,,1,30,,1115149,25,,,1,70,,1115124,25,,,1,30,,1115123,25,,,1,70,,1115122,25,,,1,30,,1115138,25,,,1,70,,1115128,25,,,1,30,,1115119,25,,,1,70,,1115125,25,,,1,29,,1115114,25,,,1,70,,1115134,25,,,1,30,,1115137,25,,,1,70,,1115127,25,,,1,30,,1115120,25,,,1,70,,1115115,25,,,1,29,,1115126,25,,,1,75,,1115147,25,0,56 57,1,28,,1115133,25,0,56 57,1,72,,1115131,25,0,56 57,1,31,,1115116,25,0,56 57,1,71,,1115145,25,0,56 57,1,31,,1115151,25,0,56 57,1,71,,1115150,25,0,56 57,1,71,,1115144,25,0,56 57,1,31,,1115135,25,0,56 57,1,71,,1115118,25,0,56 57,1,30,,1115136,25,0,56 57,1
1101,'8',505,,1115209,25,0,56 57,1,28,,1115172,25,0,56 57,1,74,,1115190,25,0,56 57,1,28,,1115197,25,0,56 57,1,16,,1115194,25,0,56 57,1,59,,1115173,25,0,56 57,1,16,,1115164,25,0,56 57,1,19,,1115177,25,0,56 57,1,57,,1115187,25,,,1,21,,1115157,25,0,56 57,1,20,,1115217,25,,,1,16,,1115186,25,0,56 57,1,62,,1115207,25,,,1,13,,1115160,25,0,56 57,1,15,,1115191,25,,,1,51,,1115169,25,0,56 57,1,15,,1115175,25,,,1,8,,1115193,25,,,1,13,,1115165,25,0,56 57,1,14,,1115182,25,0,56 57,1,57,,1115170,25,,,1,14,,1115174,25,0,56 57,1,17,,1115159,25,,,1,15,,1115166,25,0,56 57,1,56,,1115198,25,,,1,18,,1115179,25,0,56 57,1,15,,1115180,25,,,1,58,,1115199,25,0,56 57,1,13,,1115162,25,,,1,14,,1115212,25,0,56 57,1,14,,1115161,25,,,1,15,,1115156,25,0,56 57,1,55,,1115178,25,,,1,16,,1115171,25,0,56 57,1,14,,1115183,25,,,1,17,,1115181,25,0,56 57,1,55,,1115155,25,,,1,18,,1115192,25,0,56 57,1,14,,1115185,25,,,1,55,,1115201,25,0,56 57,1,37,,1115205,25,0,56 57,1,10,,1115168,25,,,1,60,,1115215,25,0,56 57,1,12,,1115188,25,,,1,13,,1115210,25,0,56 57,1,16,,1115154,25,,,1,11,,1115202,25,0,56 57,1,55,,1115153,25,,,1,12,,1115208,25,0,56 57,1,15,,1115195,25,0,56 57,1,11,,1115176,25,,,1,56,,1115184,25,,,1,23,,1115163,25,,,1,28,,1115211,25,,,1,64,,1115203,25,,,1,25,,1115196,25,0,56 57,1,69,,1115204,25,0,56 57,1,26,,1115206,25,0,56 57,1,66,,1115189,25,0,56 57,1,30,,1115200,25,0,56 57,1,70,,1115158,25,0,56 57,1,28,,1115216,25,0,56 57,1,69,,1115167,25,0,56 57,1,30,,1115213,25,0,56 57,1,71,,1115214,25,0,56 57,1
1101,'9',505,,1115269,25,0,56 57,1,28,,1115255,25,0,56 57,1,74,,1090393,25,0,56 57,1,28,,1115225,25,0,56 57,1,16,,1115249,25,0,56 57,1,59,,1037752,25,0,56 57,1,16,,1115235,25,0,56 57,1,19,,1115240,25,0,56 57,1,57,,1115224,25,,,1,21,,1074415,25,0,56 57,1,20,,1115230,25,,,1,16,,1115250,25,0,56 57,1,62,,1115239,25,,,1,13,,1115252,25,0,56 57,1,15,,1115266,25,,,1,51,,1115219,25,0,56 57,1,15,,1078949,25,,,1,8,,1115251,25,,,1,13,,1115223,25,0,56 57,1,14,,1102941,25,0,56 57,1,57,,1115260,25,,,1,14,,1115261,25,0,56 57,1,17,,1115256,25,,,1,15,,1115245,25,0,56 57,1,56,,1115238,25,,,1,18,,1115268,25,0,56 57,1,15,,1115221,25,,,1,58,,1115229,25,0,56 57,1,13,,1115226,25,,,1,14,,1115265,25,0,56 57,1,14,,1115232,25,,,1,15,,1095051,25,0,56 57,1,55,,1073760,25,,,1,16,,1115248,25,0,56 57,1,14,,1027546,25,,,1,17,,1115259,25,0,56 57,1,55,,1115244,25,,,1,18,,1115242,25,0,56 57,1,14,,1115220,25,,,1,55,,1115246,25,0,56 57,1,37,,1115228,25,0,56 57,1,10,,867299,25,,,1,60,,1115227,25,0,56 57,1,12,,1115262,25,,,1,13,,1079439,25,0,56 57,1,16,,1115243,25,,,1,11,,1115254,25,0,56 57,1,55,,1115257,25,,,1,12,,1115253,25,0,56 57,1,15,,1115247,25,0,56 57,1,11,,1115258,25,,,1,56,,1115233,25,,,1,23,,956894,25,,,1,28,,1115231,25,,,1,64,,1115234,25,,,1,25,,1115264,25,0,56 57,1,69,,1115263,25,0,56 57,1,26,,1115222,25,0,56 57,1,66,,1115241,25,0,56 57,1,30,,1115267,25,0,56 57,1,70,,1073136,25,0,56 57,1,28,,1115237,25,0,56 57,1,69,,1115236,25,0,56 57,1,30,,1115218,25,0,56 57,1,71,,1081855,25,0,56 57,1
1200,'1',602,,1115288,1,,,1,30,,1115287,1,,,1,68,,1115329,1,,,1,17,,1115285,1,,,1,15,,1115323,1,,,1,15,,1089770,1,,,1,57,,1115304,1,,,1,14,,1115301,1,,,1,15,,1115280,1,,,1,16,,1115275,1,,,1,56,,1115308,1,,,1,16,,1115319,1,,,1,15,,1115302,1,,,1,15,,1115270,1,,,1,56,,1115309,1,,,1,14,,1115272,1,,,1,15,,1066174,1,,,1,15,,1115328,1,,,1,55,,1115332,1,,,1,15,,1115295,1,,,1,15,,1115273,1,,,1,15,,1115297,1,,,1,55,,1115293,1,,,1,15,,1115312,1,,,1,15,,1115306,1,,,1,15,,1115317,1,,,1,54,,1063632,1,,,1,14,,1115282,1,,,1,13,,1115305,1,,,1,16,,1095209,1,,,1,56,,1115307,1,,,1,15,,1094149,1,,,1,30,,1115278,1,,,1,55,,1115314,1,,,1,15,,1115324,1,,,1,15,,1115313,1,,,1,15,,1079554,1,,,1,55,,1115318,1,,,1,32,,1059073,1,,,1,13,,1115321,1,,,1,55,,1115290,1,,,1,15,,1115322,1,,,1,15,,1115310,1,,,1,15,,1036991,1,,,1,54,,1115271,1,,,1,14,,1115316,1,,,1,31,,1115315,1,,,1,71,,1115298,1,,,1,31,,1115326,1,,,1,69,,1115289,1,,,1,31,,1115330,1,,,1,71,,1115300,1,,,1,29,,1115286,1,,,1,69,,1115276,1,,,1,100,,1115274,1,,,1
1200,'10',602,,1115351,1,,,1,30,,1115350,1,,,1,68,,1115392,1,,,1,17,,1115348,1,,,1,15,,1115386,1,,,1,15,,1089627,1,,,1,57,,1115367,1,,,1,14,,1115364,1,,,1,15,,1115343,1,,,1,16,,1115338,1,,,1,56,,1115371,1,,,1,16,,1115382,1,,,1,15,,1115365,1,,,1,15,,1115333,1,,,1,56,,1115372,1,,,1,14,,1115335,1,,,1,15,,1065952,1,,,1,15,,1115391,1,,,1,55,,1115395,1,,,1,15,,1115358,1,,,1,15,,1115336,1,,,1,15,,1115360,1,,,1,55,,1115356,1,,,1,15,,1115375,1,,,1,15,,1115369,1,,,1,15,,1115380,1,,,1,54,,1063328,1,,,1,14,,1115345,1,,,1,13,,1115368,1,,,1,16,,1094963,1,,,1,56,,1115370,1,,,1,15,,1093929,1,,,1,30,,1115341,1,,,1,55,,1115377,1,,,1,15,,1115387,1,,,1,15,,1115376,1,,,1,15,,1079362,1,,,1,55,,1115381,1,,,1,32,,1059089,1,,,1,13,,1115384,1,,,1,55,,1115353,1,,,1,15,,1115385,1,,,1,15,,1115373,1,,,1,15,,1037221,1,,,1,54,,1115334,1,,,1,14,,1115379,1,,,1,31,,1115378,1,,,1,71,,1115361,1,,,1,31,,1115389,1,,,1,69,,1115352,1,,,1,31,,1115393,1,,,1,71,,1115363,1,,,1,29,,1115349,1,,,1,69,,1115339,1,,,1,100,,1115337,1,,,1
1200,'11',602,,1115414,1,,,1,30,,1115413,1,,,1,68,,1115455,1,,,1,17,,1115411,1,,,1,15,,1115449,1,,,1,15,,1089812,1,,,1,57,,1115430,1,,,1,14,,1115427,1,,,1,15,,1115406,1,,,1,16,,1115401,1,,,1,56,,1115434,1,,,1,16,,1115445,1,,,1,15,,1115428,1,,,1,15,,1115396,1,,,1,56,,1115435,1,,,1,14,,1115398,1,,,1,15,,1066245,1,,,1,15,,1115454,1,,,1,55,,1115458,1,,,1,15,,1115421,1,,,1,15,,1115399,1,,,1,15,,1115423,1,,,1,55,,1115419,1,,,1,15,,1115438,1,,,1,15,,1115432,1,,,1,15,,1115443,1,,,1,54,,1063724,1,,,1,14,,1115408,1,,,1,13,,1115431,1,,,1,16,,1095283,1,,,1,56,,1115433,1,,,1,15,,1094212,1,,,1,30,,1115404,1,,,1,55,,1115440,1,,,1,15,,1115450,1,,,1,15,,1115439,1,,,1,15,,1079613,1,,,1,55,,1115444,1,,,1,32,,1059068,1,,,1,13,,1115447,1,,,1,55,,1115416,1,,,1,15,,1115448,1,,,1,15,,1115436,1,,,1,15,,1036924,1,,,1,54,,1115397,1,,,1,14,,1115442,1,,,1,31,,1115441,1,,,1,71,,1115424,1,,,1,31,,1115452,1,,,1,69,,1115415,1,,,1,31,,1115456,1,,,1,71,,1115426,1,,,1,29,,1115412,1,,,1,69,,1115402,1,,,1,100,,1115400,1,,,1
1200,'12',602,,1115492,1,,,1,30,,1115498,1,,,1,68,,1115502,1,,,1,17,,1096706,1,,,1,15,,1115491,1,,,1,15,,1115519,1,,,1,57,,1115522,1,,,1,14,,1115482,1,,,1,15,,1115493,1,,,1,16,,1115494,1,,,1,56,,1115500,1,,,1,16,,1115460,1,,,1,15,,1115488,1,,,1,15,,1115509,1,,,1,56,,1115517,1,,,1,14,,1115459,1,,,1,15,,1115466,1,,,1,15,,1115464,1,,,1,55,,1115511,1,,,1,15,,1115490,1,,,1,15,,1115483,1,,,1,15,,1115480,1,,,1,55,,1115489,1,,,1,15,,1115496,1,,,1,15,,1115468,1,,,1,15,,1115476,1,,,1,54,,902476,1,,,1,14,,1115487,1,,,1,13,,1115472,1,,,1,16,,1115513,1,,,1,56,,1115499,1,,,1,15,,1065739,1,,,1,30,,1115462,1,,,1,55,,1115514,1,,,1,15,,1115474,1,,,1,15,,1115518,1,,,1,15,,1036362,1,,,1,55,,1115470,1,,,1,32,,1115463,1,,,1,13,,1080438,1,,,1,55,,1115479,1,,,1,15,,1115505,1,,,1,15,,1115471,1,,,1,15,,1115501,1,,,1,54,,1115508,1,,,1,14,,1115506,1,,,1,31,,1115504,1,,,1,71,,1115520,1,,,1,31,,1115484,1,,,1,69,,1115481,1,,,1,31,,1115475,1,,,1,71,,1010637,1,,,1,29,,1115478,1,,,1,69,,1115510,1,,,1,100,,1115469,1,,,1
1200,'13',827,,1115546,1,,,1,96,,1115552,1,,,1,102,,1115568,1,,,1,100,,1115571,1,,,1,30,,1115527,1,,,1,70,,1115564,1,,,1,30,,1115539,1,,,1,70,,1115574,1,,,1,30,,1115524,1,,,1,70,,1115549,1,,,1,30,,1115567,1,,,1,70,,1115523,1,,,1,30,,1115545,1,,,1,70,,1115528,1,,,1,30,,1115547,1,,,1,70,,1115554,1,,,1,30,,1115561,1,,,1,83,,1115543,1,,,1
1200,'14',602,,1115600,1,,,1,30,,1115598,1,,,1,68,,1115645,1,,,1,17,,1115596,1,,,1,15,,1115638,1,,,1,15,,1115579,1,,,1,57,,1115617,1,,,1,14,,1115613,1,,,1,15,,1115590,1,,,1,16,,1115584,1,,,1,56,,1115621,1,,,1,16,,1115633,1,,,1,15,,1115614,1,,,1,15,,1115577,1,,,1,56,,1115622,1,,,1,14,,1115580,1,,,1,15,,1115650,1,,,1,15,,1115643,1,,,1,55,,1115649,1,,,1,15,,1115607,1,,,1,15,,1115581,1,,,1,15,,1115609,1,,,1,55,,1115605,1,,,1,15,,1115625,1,,,1,15,,1115619,1,,,1,15,,1115631,1,,,1,54,,1115647,1,,,1,14,,1115592,1,,,1,13,,1115618,1,,,1,16,,1115599,1,,,1,56,,1115620,1,,,1,15,,1115616,1,,,1,30,,1115588,1,,,1,55,,1115628,1,,,1,15,,1115639,1,,,1,15,,1115626,1,,,1,15,,1115582,1,,,1,55,,1115632,1,,,1,32,,1115627,1,,,1,13,,1115635,1,,,1,55,,1115602,1,,,1,15,,1115637,1,,,1,15,,1115623,1,,,1,15,,1115644,1,,,1,54,,1115578,1,,,1,14,,1115630,1,,,1,31,,1115629,1,,,1,71,,1115610,1,,,1,31,,1115641,1,,,1,69,,1115601,1,,,1,31,,1115646,1,,,1,71,,1115612,1,,,1,29,,1115597,1,,,1,69,,1115585,1,,,1,100,,1115583,1,,,1
1200,'15',602,,1115720,1,,,1,30,,1115682,1,,,1,68,,1115689,1,,,1,17,,1115711,1,,,1,15,,1115660,1,,,1,15,,1115673,1,,,1,57,,1115710,1,,,1,14,,1115724,1,,,1,15,,1115703,1,,,1,16,,1115693,1,,,1,56,,1115692,1,,,1,16,,1115697,1,,,1,15,,1115685,1,,,1,15,,1115691,1,,,1,56,,1115659,1,,,1,14,,1115672,1,,,1,15,,1115719,1,,,1,15,,1115690,1,,,1,55,,1115721,1,,,1,15,,1115686,1,,,1,15,,1115661,1,,,1,15,,1115656,1,,,1,55,,1115714,1,,,1,15,,1115712,1,,,1,15,,1115666,1,,,1,15,,1115705,1,,,1,54,,1115725,1,,,1,14,,1115715,1,,,1,13,,1115664,1,,,1,16,,1115665,1,,,1,56,,1115653,1,,,1,15,,1115717,1,,,1,30,,1115652,1,,,1,55,,1115681,1,,,1,15,,1115723,1,,,1,15,,1115657,1,,,1,15,,1115722,1,,,1,55,,1115694,1,,,1,32,,1115654,1,,,1,13,,1115699,1,,,1,55,,1115688,1,,,1,15,,1115706,1,,,1,15,,1115671,1,,,1,15,,1115709,1,,,1,54,,1115669,1,,,1,14,,1115718,1,,,1,31,,1115702,1,,,1,71,,1115676,1,,,1,31,,1115695,1,,,1,69,,1115684,1,,,1,31,,1115667,1,,,1,71,,1115674,1,,,1,29,,1115651,1,,,1,69,,1115658,1,,,1,100,,1115678,1,,,1
1200,'16',602,,1115763,1,,,1,30,,1115770,1,,,1,68,,1115776,1,,,1,17,,1115730,1,,,1,15,,1115762,1,,,1,15,,1115790,1,,,1,57,,970136,1,,,1,14,,1115753,1,,,1,15,,1115764,1,,,1,16,,1115765,1,,,1,56,,1115774,1,,,1,16,,1115727,1,,,1,15,,1115759,1,,,1,15,,1115782,1,,,1,56,,1115788,1,,,1,14,,1115726,1,,,1,15,,1115735,1,,,1,15,,1115729,1,,,1,55,,1096471,1,,,1,15,,1115761,1,,,1,15,,1115754,1,,,1,15,,1115751,1,,,1,55,,1115760,1,,,1,15,,1115767,1,,,1,15,,1115736,1,,,1,15,,1115747,1,,,1,54,,1115734,1,,,1,14,,1115758,1,,,1,13,,1115742,1,,,1,16,,1115785,1,,,1,56,,1115771,1,,,1,15,,1115739,1,,,1,30,,1008750,1,,,1,55,,1115786,1,,,1,15,,1115744,1,,,1,15,,1115789,1,,,1,15,,1115768,1,,,1,55,,1115740,1,,,1,32,,1115728,1,,,1,13,,1115733,1,,,1,55,,1115750,1,,,1,15,,1115779,1,,,1,15,,1115741,1,,,1,15,,1115775,1,,,1,54,,1066193,1,,,1,14,,1115780,1,,,1,31,,1115778,1,,,1,71,,1115791,1,,,1,31,,1115755,1,,,1,69,,1115752,1,,,1,31,,1115745,1,,,1,71,,1115732,1,,,1,29,,1115749,1,,,1,69,,1115783,1,,,1,100,,1115738,1,,,1
1200,'17',827,,1115818,1,,,1,96,,1115824,1,,,1,102,,1115840,1,,,1,100,,1115843,1,,,1,30,,1115798,1,,,1,70,,1115836,1,,,1,30,,1115811,1,,,1,70,,1115846,1,,,1,30,,1115795,1,,,1,70,,1115821,1,,,1,30,,1115839,1,,,1,70,,1115794,1,,,1,30,,1115817,1,,,1,70,,1115799,1,,,1,30,,1115819,1,,,1,70,,1115826,1,,,1,30,,1115833,1,,,1,83,,1115815,1,,,1
1200,'2',844,,1115887,1,,,1,70,,1115878,1,,,1,30,,1115868,1,,,1,70,,1115853,1,,,1,30,,1115908,1,,,1,92,,1115890,1,,,1,8,,1115866,1,,,1,70,,1115879,1,,,1,24,,1115885,1,,,1,76,,1115895,1,,,1,30,,1115905,1,,,1,70,,1115851,1,,,1,30,,1115889,1,,,1,70,,1115849,1,,,1,30,,1115867,1,,,1,70,,1115876,1,,,1,30,,1115875,1,,,1,70,,1115864,1,,,1,30,,1115907,1,,,1,70,,1115852,1,,,1,30,,1115870,1,,,1,70,,1115860,1,,,1,30,,1115857,1,,,1,70,,1115886,1,,,1,30,,1115896,1,,,1,98,,1008377,1,,,1,100,,1115894,1,,,1
1200,'3',827,,1115933,1,,,1,96,,1115939,1,,,1,102,,1115955,1,,,1,100,,1115958,1,,,1,30,,1115913,1,,,1,70,,1115951,1,,,1,30,,1115926,1,,,1,70,,1115961,1,,,1,30,,1115910,1,,,1,70,,1115936,1,,,1,30,,1115954,1,,,1,70,,1115909,1,,,1,30,,1115932,1,,,1,70,,1115914,1,,,1,30,,1115934,1,,,1,70,,1115941,1,,,1,30,,1115948,1,,,1,83,,1115930,1,,,1
1200,'4',827,,1115978,1,,,1,96,,1116004,1,,,1,102,,1115976,1,,,1,100,,1115994,1,,,1,30,,1115996,1,,,1,70,,1115972,1,,,1,30,,1116002,1,,,1,70,,1115964,1,,,1,30,,1115981,1,,,1,70,,1115985,1,,,1,30,,1115987,1,,,1,70,,1115980,1,,,1,30,,1116001,1,,,1,70,,1116010,1,,,1,30,,1116008,1,,,1,70,,1115990,1,,,1,30,,1115995,1,,,1,83,,1116015,1,,,1
1200,'5',602,,1116035,1,,,1,30,,1116034,1,,,1,68,,1116076,1,,,1,17,,1116032,1,,,1,15,,1116070,1,,,1,15,,1089747,1,,,1,57,,1116051,1,,,1,14,,1116048,1,,,1,15,,1116027,1,,,1,16,,1116022,1,,,1,56,,1116055,1,,,1,16,,1116066,1,,,1,15,,1116049,1,,,1,15,,1116017,1,,,1,56,,1116056,1,,,1,14,,1116019,1,,,1,15,,1066133,1,,,1,15,,1116075,1,,,1,55,,1116079,1,,,1,15,,1116042,1,,,1,15,,1116020,1,,,1,15,,1116044,1,,,1,55,,1116040,1,,,1,15,,1116059,1,,,1,15,,1116053,1,,,1,15,,1116064,1,,,1,54,,1063592,1,,,1,14,,1116029,1,,,1,13,,1116052,1,,,1,16,,1095161,1,,,1,56,,1116054,1,,,1,15,,1094110,1,,,1,30,,1116025,1,,,1,55,,1116061,1,,,1,15,,1116071,1,,,1,15,,1116060,1,,,1,15,,1079520,1,,,1,55,,1116065,1,,,1,32,,1059053,1,,,1,13,,1116068,1,,,1,55,,1116037,1,,,1,15,,1116069,1,,,1,15,,1116057,1,,,1,15,,1036576,1,,,1,54,,1116018,1,,,1,14,,1116063,1,,,1,31,,1116062,1,,,1,71,,1116045,1,,,1,31,,1116073,1,,,1,69,,1116036,1,,,1,31,,1116077,1,,,1,71,,1116047,1,,,1,29,,1116033,1,,,1,69,,1116023,1,,,1,100,,1116021,1,,,1
1200,'6',602,,1116114,1,,,1,30,,1116120,1,,,1,68,,1116126,1,,,1,17,,1116083,1,,,1,15,,1116113,1,,,1,15,,1069900,1,,,1,57,,1116145,1,,,1,14,,1116104,1,,,1,15,,1029727,1,,,1,16,,1116115,1,,,1,56,,1116124,1,,,1,16,,948157,1,,,1,15,,1116110,1,,,1,15,,1116133,1,,,1,56,,1088322,1,,,1,14,,1116080,1,,,1,15,,1097568,1,,,1,15,,1063735,1,,,1,55,,1116135,1,,,1,15,,1116112,1,,,1,15,,1116105,1,,,1,15,,1116102,1,,,1,55,,1116111,1,,,1,15,,1116117,1,,,1,15,,1116088,1,,,1,15,,1043988,1,,,1,54,,1116086,1,,,1,14,,1116109,1,,,1,13,,1116094,1,,,1,16,,1116137,1,,,1,56,,1116121,1,,,1,15,,1116091,1,,,1,30,,1116082,1,,,1,55,,1116138,1,,,1,15,,1116096,1,,,1,15,,1116141,1,,,1,15,,1116118,1,,,1,55,,1116092,1,,,1,32,,1047675,1,,,1,13,,1116085,1,,,1,55,,1116101,1,,,1,15,,1116129,1,,,1,15,,1116093,1,,,1,15,,1116125,1,,,1,54,,1116132,1,,,1,14,,1116130,1,,,1,31,,1116128,1,,,1,71,,1116142,1,,,1,31,,1116106,1,,,1,69,,1116103,1,,,1,31,,1116097,1,,,1,71,,1116084,1,,,1,29,,1116100,1,,,1,69,,1116134,1,,,1,100,,1116090,1,,,1
1200,'7',844,,1116176,1,,,1,70,,1116174,1,,,1,30,,1116147,1,,,1,70,,1116162,1,,,1,30,,1116206,1,,,1,92,,1116197,1,,,1,8,,1116210,1,,,1,70,,1116202,1,,,1,24,,1116180,1,,,1,76,,1116157,1,,,1,30,,1116194,1,,,1,70,,1116171,1,,,1,30,,1116152,1,,,1,70,,1116163,1,,,1,30,,1116154,1,,,1,70,,1116168,1,,,1,30,,1116151,1,,,1,70,,1116153,1,,,1,30,,1116207,1,,,1,70,,1116213,1,,,1,30,,1116193,1,,,1,70,,1116148,1,,,1,30,,1116198,1,,,1,70,,1116199,1,,,1,30,,1116178,1,,,1,98,,1116182,1,,,1,100,,1116170,1,,,1
1200,'8',602,,1116254,1,,,1,30,,1116261,1,,,1,68,,1116267,1,,,1,17,,1116220,1,,,1,15,,1116253,1,,,1,15,,1116284,1,,,1,57,,1116288,1,,,1,14,,1116244,1,,,1,15,,1116255,1,,,1,16,,1116256,1,,,1,56,,1116265,1,,,1,16,,1116215,1,,,1,15,,1116250,1,,,1,15,,1116274,1,,,1,56,,1116282,1,,,1,14,,1116214,1,,,1,15,,1116225,1,,,1,15,,1116219,1,,,1,55,,1116276,1,,,1,15,,1116252,1,,,1,15,,1116245,1,,,1,15,,1116242,1,,,1,55,,1116251,1,,,1,15,,1116258,1,,,1,15,,1116227,1,,,1,15,,1116238,1,,,1,54,,1116224,1,,,1,14,,1116249,1,,,1,13,,1116233,1,,,1,16,,1116278,1,,,1,56,,1116262,1,,,1,15,,1116230,1,,,1,30,,1116217,1,,,1,55,,1116279,1,,,1,15,,1116235,1,,,1,15,,1116283,1,,,1,15,,1116259,1,,,1,55,,1116231,1,,,1,32,,1116218,1,,,1,13,,1116223,1,,,1,55,,1116241,1,,,1,15,,1116270,1,,,1,15,,1116232,1,,,1,15,,1116266,1,,,1,54,,1116273,1,,,1,14,,1116271,1,,,1,31,,1116269,1,,,1,71,,1116285,1,,,1,31,,1116246,1,,,1,69,,1116243,1,,,1,31,,1116236,1,,,1,71,,1116222,1,,,1,29,,1116240,1,,,1,69,,1116275,1,,,1,100,,1116229,1,,,1
1200,'9',602,,1116307,1,,,1,30,,1116306,1,,,1,68,,1116348,1,,,1,17,,1116304,1,,,1,15,,1116342,1,,,1,15,,1089672,1,,,1,57,,1116323,1,,,1,14,,1116320,1,,,1,15,,1116299,1,,,1,16,,1116294,1,,,1,56,,1116327,1,,,1,16,,1116338,1,,,1,15,,1116321,1,,,1,15,,1116289,1,,,1,56,,1116328,1,,,1,14,,1116291,1,,,1,15,,1066024,1,,,1,15,,1116347,1,,,1,55,,1116351,1,,,1,15,,1116314,1,,,1,15,,1116292,1,,,1,15,,1116316,1,,,1,55,,1116312,1,,,1,15,,1116331,1,,,1,15,,1116325,1,,,1,15,,1116336,1,,,1,54,,1063421,1,,,1,14,,1116301,1,,,1,13,,1116324,1,,,1,16,,1095037,1,,,1,56,,1116326,1,,,1,15,,1093999,1,,,1,30,,1116297,1,,,1,55,,1116333,1,,,1,15,,1116343,1,,,1,15,,1116332,1,,,1,15,,1079421,1,,,1,55,,1116337,1,,,1,32,,1059078,1,,,1,13,,1116340,1,,,1,55,,1116309,1,,,1,15,,1116341,1,,,1,15,,1116329,1,,,1,15,,1037058,1,,,1,54,,1116290,1,,,1,14,,1116335,1,,,1,31,,1116334,1,,,1,71,,1116317,1,,,1,31,,1116345,1,,,1,69,,1116308,1,,,1,31,,1116349,1,,,1,71,,1116319,1,,,1,29,,1116305,1,,,1,69,,1116295,1,,,1,100,,1116293,1,,,1
1201,'1',642,,1090007,62,4,,1,63,,1116377,62,4,,1,17,,1116407,62,4,,1,17,,1116397,62,4,,1,17,,976291,62,4,,1,58,,1116374,62,4,,1,20,,1116381,62,4,,1,16,,1116413,62,4,,1,57,,1116387,62,4,,1,16,,1116408,62,4,,1,14,,893678,62,4,,1,14,,1116382,62,4,,1,52,,1042447,62,4,,1,12,,1076304,62,4,,1,14,,1081667,62,4,,1,15,,1054849,62,4,,1,15,,1116390,62,4,,1,54,,1116412,62,4,,1,14,,1116394,62,4,,1,14,,1116368,62,4,,1,14,,1116369,62,4,,1,56,,1116395,62,4,,1,15,,1057410,62,4,,1,19,,1116358,62,4,,1,56,,1116352,62,4,,1,16,,1116398,62,4,,1,16,,1116384,62,4,,1,16,,1116406,62,4,,1,56,,1116375,62,4,,1,15,,1116376,62,4,,1,17,,1116414,62,4,,1,15,,989764,62,4,,1,56,,954769,62,4,,1,17,,1116356,62,4,,1,18,,1116405,62,4,,1,16,,1116402,62,4,,1,72,,1116378,62,4,,1,20,,1116389,62,4,,1,57,,1116399,62,4,,1,11,,1071432,62,4,,1,13,,1116386,62,4,,1,13,,1116367,62,4,,1,14,,1116362,62,4,,1,50,,1116360,62,4,,1,11,,975108,62,4,,1,14,,1116400,62,4,,1,69,,1116361,62,4,,1,23,,1116380,62,4,,1,27,,1116393,62,4,,1,68,,1070595,62,4,,1,28,,1116391,62,4,,1,69,,1116379,62,4,,1,29,,1116388,62,4,,1,68,,1116401,62,4,,1,26,,1116365,62,4,,1,70,,1116383,62,4,,1
1201,'10',642,,1089865,62,4,,1,63,,1116440,62,4,,1,17,,1116470,62,4,,1,17,,1116460,62,4,,1,17,,975964,62,4,,1,58,,1116437,62,4,,1,20,,1116444,62,4,,1,16,,1116476,62,4,,1,57,,1116450,62,4,,1,16,,1116471,62,4,,1,14,,893718,62,4,,1,14,,1116445,62,4,,1,52,,1042572,62,4,,1,12,,1076093,62,4,,1,14,,1081475,62,4,,1,15,,1054915,62,4,,1,15,,1116453,62,4,,1,54,,1116475,62,4,,1,14,,1116457,62,4,,1,14,,1116431,62,4,,1,14,,1116432,62,4,,1,56,,1116458,62,4,,1,15,,1057501,62,4,,1,19,,1116421,62,4,,1,56,,1116415,62,4,,1,16,,1116461,62,4,,1,16,,1116447,62,4,,1,16,,1116469,62,4,,1,56,,1116438,62,4,,1,15,,1116439,62,4,,1,17,,1116477,62,4,,1,15,,989584,62,4,,1,56,,954326,62,4,,1,17,,1116419,62,4,,1,18,,1116468,62,4,,1,16,,1116465,62,4,,1,72,,1116441,62,4,,1,20,,1116452,62,4,,1,57,,1116462,62,4,,1,11,,1071396,62,4,,1,13,,1116449,62,4,,1,13,,1116430,62,4,,1,14,,1116425,62,4,,1,50,,1116423,62,4,,1,11,,974918,62,4,,1,14,,1116463,62,4,,1,69,,1116424,62,4,,1,23,,1116443,62,4,,1,27,,1116456,62,4,,1,68,,1070409,62,4,,1,28,,1116454,62,4,,1,69,,1116442,62,4,,1,29,,1116451,62,4,,1,68,,1116464,62,4,,1,26,,1116428,62,4,,1,70,,1116446,62,4,,1
1201,'11',642,,1090050,62,4,,1,63,,1116503,62,4,,1,17,,1116533,62,4,,1,17,,1116523,62,4,,1,17,,976243,62,4,,1,58,,1116500,62,4,,1,20,,1116507,62,4,,1,16,,1116539,62,4,,1,57,,1116513,62,4,,1,16,,1116534,62,4,,1,14,,893606,62,4,,1,14,,1116508,62,4,,1,52,,1042411,62,4,,1,12,,1076369,62,4,,1,14,,1081724,62,4,,1,15,,1054832,62,4,,1,15,,1116516,62,4,,1,54,,1116538,62,4,,1,14,,1116520,62,4,,1,14,,1116494,62,4,,1,14,,1116495,62,4,,1,56,,1116521,62,4,,1,15,,1057383,62,4,,1,19,,1116484,62,4,,1,56,,1116478,62,4,,1,16,,1116524,62,4,,1,16,,1116510,62,4,,1,16,,1116532,62,4,,1,56,,1116501,62,4,,1,15,,1116502,62,4,,1,17,,1116540,62,4,,1,15,,989739,62,4,,1,56,,954706,62,4,,1,17,,1116482,62,4,,1,18,,1116531,62,4,,1,16,,1116528,62,4,,1,72,,1116504,62,4,,1,20,,1116515,62,4,,1,57,,1116525,62,4,,1,11,,1071444,62,4,,1,13,,1116512,62,4,,1,13,,1116493,62,4,,1,14,,1116488,62,4,,1,50,,1116486,62,4,,1,11,,975080,62,4,,1,14,,1116526,62,4,,1,69,,1116487,62,4,,1,23,,1116506,62,4,,1,27,,1116519,62,4,,1,68,,1070649,62,4,,1,28,,1116517,62,4,,1,69,,1116505,62,4,,1,29,,1116514,62,4,,1,68,,1116527,62,4,,1,26,,1116491,62,4,,1,70,,1116509,62,4,,1
1201,'12',642,,1116608,62,4,,1,63,,1116560,62,4,,1,17,,1116543,62,4,,1,17,,1116582,62,4,,1,17,,1116549,62,4,,1,58,,1116585,62,4,,1,20,,1116554,62,4,,1,16,,1116576,62,4,,1,57,,1116555,62,4,,1,16,,1116594,62,4,,1,14,,1116607,62,4,,1,14,,1116597,62,4,,1,52,,1116598,62,4,,1,12,,1116573,62,4,,1,14,,1116567,62,4,,1,15,,1116559,62,4,,1,15,,1116605,62,4,,1,54,,1088671,62,4,,1,14,,1116591,62,4,,1,14,,1116587,62,4,,1,14,,1116564,62,4,,1,56,,1116583,62,4,,1,15,,1116606,62,4,,1,19,,1091570,62,4,,1,56,,1116604,62,4,,1,16,,1116572,62,4,,1,16,,1116589,62,4,,1,16,,1116596,62,4,,1,56,,1116558,62,4,,1,15,,1116602,62,4,,1,17,,1073605,62,4,,1,15,,1116541,62,4,,1,56,,1116588,62,4,,1,17,,1116579,62,4,,1,18,,1116599,62,4,,1,16,,1116600,62,4,,1,72,,1072586,62,4,,1,20,,1025522,62,4,,1,57,,1116578,62,4,,1,11,,1116556,62,4,,1,13,,1116601,62,4,,1,13,,1116593,62,4,,1,14,,1116581,62,4,,1,50,,1116580,62,4,,1,11,,1116551,62,4,,1,14,,1116609,62,4,,1,69,,1116544,62,4,,1,23,,1116590,62,4,,1,27,,1116548,62,4,,1,68,,1116542,62,4,,1,28,,1116574,62,4,,1,69,,1116570,62,4,,1,29,,1116550,62,4,,1,68,,1116545,62,4,,1,26,,1116569,62,4,,1,70,,1116595,62,4,,1
1201,'13',840,,1073168,62,4,,1,73,,1116652,62,4,,1,23,,1116651,62,4,,1,70,,1116639,62,4,,1,30,,1116659,62,4,,1,72,,1116643,62,4,,1,30,,1116634,62,4,,1,70,,1116633,62,4,,1,30,,1116635,62,4,,1,72,,1116614,62,4,,1,30,,1116616,62,4,,1,70,,1116657,62,4,,1,30,,1116629,62,4,,1,70,,1116647,62,4,,1,30,,1116623,62,4,,1,70,,1116655,62,4,,1,30,,1116638,62,4,,1,69,,1116630,62,4,,1,30,,1116640,62,4,,1,70,,1116636,62,4,,1,45,,1116645,62,4,,1
1201,'14',642,,1116665,62,4,,1,63,,1116695,62,4,,1,17,,1116725,62,4,,1,17,,1116715,62,4,,1,17,,1116735,62,4,,1,58,,1116692,62,4,,1,20,,1116699,62,4,,1,16,,1116731,62,4,,1,57,,1116705,62,4,,1,16,,1116726,62,4,,1,14,,1116670,62,4,,1,14,,1116700,62,4,,1,52,,1116733,62,4,,1,12,,1116676,62,4,,1,14,,1116663,62,4,,1,15,,1116732,62,4,,1,15,,1116708,62,4,,1,54,,1116730,62,4,,1,14,,1116712,62,4,,1,14,,1116686,62,4,,1,14,,1116687,62,4,,1,56,,1116713,62,4,,1,15,,1116664,62,4,,1,19,,1116674,62,4,,1,56,,1116660,62,4,,1,16,,1116716,62,4,,1,16,,1116702,62,4,,1,16,,1116724,62,4,,1,56,,1116693,62,4,,1,15,,1116694,62,4,,1,17,,1116734,62,4,,1,15,,1116668,62,4,,1,56,,1116671,62,4,,1,17,,1116667,62,4,,1,18,,1116723,62,4,,1,16,,1116720,62,4,,1,72,,1116696,62,4,,1,20,,1116707,62,4,,1,57,,1116717,62,4,,1,11,,1116675,62,4,,1,13,,1116704,62,4,,1,13,,1116685,62,4,,1,14,,1116680,62,4,,1,50,,1116678,62,4,,1,11,,1116669,62,4,,1,14,,1116718,62,4,,1,69,,1116679,62,4,,1,23,,1116698,62,4,,1,27,,1116711,62,4,,1,68,,1116672,62,4,,1,28,,1116709,62,4,,1,69,,1116697,62,4,,1,29,,1116706,62,4,,1,68,,1116719,62,4,,1,26,,1116683,62,4,,1,70,,1116701,62,4,,1
1201,'15',642,,1116760,62,4,,1,63,,1116781,62,4,,1,17,,1116751,62,4,,1,17,,1116800,62,4,,1,17,,1116757,62,4,,1,58,,1116741,62,4,,1,20,,1116749,62,4,,1,16,,1116773,62,4,,1,57,,1116803,62,4,,1,16,,1116748,62,4,,1,14,,1116780,62,4,,1,14,,1116776,62,4,,1,52,,1116810,62,4,,1,12,,1116801,62,4,,1,14,,1116805,62,4,,1,15,,1116797,62,4,,1,15,,1116786,62,4,,1,54,,1116743,62,4,,1,14,,1116755,62,4,,1,14,,1116753,62,4,,1,14,,1116758,62,4,,1,56,,1116738,62,4,,1,15,,1116795,62,4,,1,19,,1116746,62,4,,1,56,,1116787,62,4,,1,16,,1116762,62,4,,1,16,,1116771,62,4,,1,16,,1116792,62,4,,1,56,,1116784,62,4,,1,15,,1116747,62,4,,1,17,,1116782,62,4,,1,15,,1116763,62,4,,1,56,,1116794,62,4,,1,17,,1116806,62,4,,1,18,,1116811,62,4,,1,16,,1116791,62,4,,1,72,,1116774,62,4,,1,20,,1116775,62,4,,1,57,,1116737,62,4,,1,11,,1116777,62,4,,1,13,,1116766,62,4,,1,13,,1116789,62,4,,1,14,,1116790,62,4,,1,50,,1116793,62,4,,1,11,,1116756,62,4,,1,14,,1116804,62,4,,1,69,,1116799,62,4,,1,23,,1116739,62,4,,1,27,,1116768,62,4,,1,68,,1116759,62,4,,1,28,,1116779,62,4,,1,69,,1116761,62,4,,1,29,,1116744,62,4,,1,68,,1116752,62,4,,1,26,,1116778,62,4,,1,70,,1116767,62,4,,1
1201,'16',642,,1101440,62,4,,1,63,,1116828,62,4,,1,17,,1116813,62,4,,1,17,,1116850,62,4,,1,17,,1084479,62,4,,1,58,,1116853,62,4,,1,20,,1116822,62,4,,1,16,,1116844,62,4,,1,57,,1116823,62,4,,1,16,,1116862,62,4,,1,14,,1116876,62,4,,1,14,,1116865,62,4,,1,52,,1116866,62,4,,1,12,,1116841,62,4,,1,14,,1116835,62,4,,1,15,,1116827,62,4,,1,15,,1116874,62,4,,1,54,,1116878,62,4,,1,14,,1116859,62,4,,1,14,,1116855,62,4,,1,14,,1116832,62,4,,1,56,,1116851,62,4,,1,15,,1116875,62,4,,1,19,,1116879,62,4,,1,56,,1116873,62,4,,1,16,,1116840,62,4,,1,16,,1116857,62,4,,1,16,,1116864,62,4,,1,56,,1116826,62,4,,1,15,,1116871,62,4,,1,17,,1116877,62,4,,1,15,,1116812,62,4,,1,56,,1116856,62,4,,1,17,,1116847,62,4,,1,18,,1116867,62,4,,1,16,,1116868,62,4,,1,72,,1116870,62,4,,1,20,,1116816,62,4,,1,57,,1116846,62,4,,1,11,,1116824,62,4,,1,13,,1116869,62,4,,1,13,,1116861,62,4,,1,14,,1116849,62,4,,1,50,,1116848,62,4,,1,11,,999253,62,4,,1,14,,1098579,62,4,,1,69,,1116814,62,4,,1,23,,1116858,62,4,,1,27,,1053943,62,4,,1,68,,1082663,62,4,,1,28,,1116842,62,4,,1,69,,1116838,62,4,,1,29,,1116818,62,4,,1,68,,1116815,62,4,,1,26,,1116837,62,4,,1,70,,1116863,62,4,,1
1201,'17',840,,1116900,62,4,,1,73,,1116922,62,4,,1,23,,1116921,62,4,,1,70,,1116909,62,4,,1,30,,1116931,62,4,,1,72,,1116913,62,4,,1,30,,1116904,62,4,,1,70,,1116903,62,4,,1,30,,1116905,62,4,,1,72,,1116883,62,4,,1,30,,1116885,62,4,,1,70,,1116927,62,4,,1,30,,1116898,62,4,,1,70,,1116917,62,4,,1,30,,1116892,62,4,,1,70,,1116925,62,4,,1,30,,1116908,62,4,,1,69,,1116899,62,4,,1,30,,1116910,62,4,,1,70,,1116906,62,4,,1,45,,1116915,62,4,,1
1201,'2',759,,1116991,62,4,,1,70,,1116976,62,4,,1,71,,1072226,62,4,,1,29,,1116964,62,4,,1,30,,1116958,62,4,,1,70,,1116967,62,4,,1,72,,1116947,62,4,,1,30,,1116985,62,4,,1,70,,1116973,62,4,,1,30,,1116993,62,4,,1,72,,1116951,62,4,,1,30,,1116972,62,4,,1,70,,1116977,62,4,,1,30,,1116955,62,4,,1,70,,1116965,62,4,,1,30,,1116940,62,4,,1,70,,1116949,62,4,,1,30,,1116942,62,4,,1,26,,1116970,62,4,,1,73,,1116996,62,4,,1,70,,1116992,62,4,,1,30,,1116979,62,4,,1,70,,1116948,62,4,,1,30,,1116935,62,4,,1,70,,1116980,62,4,,1,30,,1094454,62,4,,1,26,,1116941,62,4,,1,73,,1116945,62,4,,1,100,,1116989,62,4,,1,98,,1116952,62,4,,1
1201,'3',840,,1117018,62,4,,1,73,,1117040,62,4,,1,23,,1117039,62,4,,1,70,,1117027,62,4,,1,30,,1117049,62,4,,1,72,,1117031,62,4,,1,30,,1117022,62,4,,1,70,,1117021,62,4,,1,30,,1117023,62,4,,1,72,,1117001,62,4,,1,30,,1117003,62,4,,1,70,,1117045,62,4,,1,30,,1117016,62,4,,1,70,,1117035,62,4,,1,30,,1117010,62,4,,1,70,,1117043,62,4,,1,30,,1117026,62,4,,1,69,,1117017,62,4,,1,30,,1117028,62,4,,1,70,,1117024,62,4,,1,45,,1117033,62,4,,1
1201,'4',840,,1094044,62,4,,1,73,,1117098,62,4,,1,23,,1117099,62,4,,1,70,,1117094,62,4,,1,30,,1117058,62,4,,1,72,,1117093,62,4,,1,30,,1117080,62,4,,1,70,,1117054,62,4,,1,30,,1117053,62,4,,1,72,,1117087,62,4,,1,30,,1117102,62,4,,1,70,,1117082,62,4,,1,30,,1117086,62,4,,1,70,,1117064,62,4,,1,30,,1117077,62,4,,1,70,,999048,62,4,,1,30,,1117085,62,4,,1,69,,1117071,62,4,,1,30,,1117084,62,4,,1,70,,1117079,62,4,,1,45,,1117055,62,4,,1
1201,'5',642,,1089985,62,4,,1,63,,1117129,62,4,,1,17,,1117159,62,4,,1,17,,1117149,62,4,,1,17,,976446,62,4,,1,58,,1117126,62,4,,1,20,,1117133,62,4,,1,16,,1117165,62,4,,1,57,,1117139,62,4,,1,16,,1117160,62,4,,1,14,,893840,62,4,,1,14,,1117134,62,4,,1,52,,1042260,62,4,,1,12,,1076268,62,4,,1,14,,1081634,62,4,,1,15,,1054716,62,4,,1,15,,1117142,62,4,,1,54,,1117164,62,4,,1,14,,1117146,62,4,,1,14,,1117120,62,4,,1,14,,1117121,62,4,,1,56,,1117147,62,4,,1,15,,1057275,62,4,,1,19,,1117110,62,4,,1,56,,1117104,62,4,,1,16,,1117150,62,4,,1,16,,1117136,62,4,,1,16,,1117158,62,4,,1,56,,1117127,62,4,,1,15,,1117128,62,4,,1,17,,1117166,62,4,,1,15,,989843,62,4,,1,56,,954964,62,4,,1,17,,1117108,62,4,,1,18,,1117157,62,4,,1,16,,1117154,62,4,,1,72,,1117130,62,4,,1,20,,1117141,62,4,,1,57,,1117151,62,4,,1,11,,1071420,62,4,,1,13,,1117138,62,4,,1,13,,1117119,62,4,,1,14,,1117114,62,4,,1,50,,1117112,62,4,,1,11,,975199,62,4,,1,14,,1117152,62,4,,1,69,,1117113,62,4,,1,23,,1117132,62,4,,1,27,,1117145,62,4,,1,68,,1070559,62,4,,1,28,,1117143,62,4,,1,69,,1117131,62,4,,1,29,,1117140,62,4,,1,68,,1117153,62,4,,1,26,,1117117,62,4,,1,70,,1117135,62,4,,1
1201,'6',642,,1117232,62,4,,1,63,,1117182,62,4,,1,17,,1093016,62,4,,1,17,,1117204,62,4,,1,17,,1117172,62,4,,1,58,,1117207,62,4,,1,20,,1117176,62,4,,1,16,,1117198,62,4,,1,57,,1117177,62,4,,1,16,,1117216,62,4,,1,14,,1083967,62,4,,1,14,,1117219,62,4,,1,52,,1117220,62,4,,1,12,,1117195,62,4,,1,14,,1117189,62,4,,1,15,,1117181,62,4,,1,15,,1117228,62,4,,1,54,,1117230,62,4,,1,14,,1117213,62,4,,1,14,,1117209,62,4,,1,14,,1117186,62,4,,1,56,,1117205,62,4,,1,15,,1005092,62,4,,1,19,,1117231,62,4,,1,56,,1117227,62,4,,1,16,,1117194,62,4,,1,16,,1117211,62,4,,1,16,,1117218,62,4,,1,56,,1117180,62,4,,1,15,,1117225,62,4,,1,17,,1117229,62,4,,1,15,,1102121,62,4,,1,56,,1117210,62,4,,1,17,,1117201,62,4,,1,18,,1117221,62,4,,1,16,,1117222,62,4,,1,72,,1117224,62,4,,1,20,,1117169,62,4,,1,57,,1117200,62,4,,1,11,,1117178,62,4,,1,13,,1117223,62,4,,1,13,,1117215,62,4,,1,14,,1117203,62,4,,1,50,,1117202,62,4,,1,11,,1117173,62,4,,1,14,,1117233,62,4,,1,69,,1117168,62,4,,1,23,,1117212,62,4,,1,27,,1117171,62,4,,1,68,,1117167,62,4,,1,28,,1117196,62,4,,1,69,,1117192,62,4,,1,29,,1025649,62,4,,1,68,,1086762,62,4,,1,26,,1117191,62,4,,1,70,,1117217,62,4,,1
1201,'7',759,,1117286,62,4,,1,70,,1117255,62,4,,1,71,,1117242,62,4,,1,29,,1117282,62,4,,1,30,,1117284,62,4,,1,70,,1117254,62,4,,1,72,,1117238,62,4,,1,30,,1117261,62,4,,1,70,,1117278,62,4,,1,30,,1117273,62,4,,1,72,,1117236,62,4,,1,30,,1117245,62,4,,1,70,,1117291,62,4,,1,30,,1117287,62,4,,1,70,,1117288,62,4,,1,30,,1117250,62,4,,1,70,,1117299,62,4,,1,30,,1117277,62,4,,1,26,,1117300,62,4,,1,73,,1117301,62,4,,1,70,,1117247,62,4,,1,30,,1117274,62,4,,1,70,,1117266,62,4,,1,30,,1117257,62,4,,1,70,,1117237,62,4,,1,30,,1117271,62,4,,1,26,,1117249,62,4,,1,73,,1117283,62,4,,1,100,,1117293,62,4,,1,98,,1117239,62,4,,1
1201,'8',642,,1117375,62,4,,1,63,,1117323,62,4,,1,17,,1117304,62,4,,1,17,,1117345,62,4,,1,17,,1117311,62,4,,1,58,,1117348,62,4,,1,20,,1117317,62,4,,1,16,,1117339,62,4,,1,57,,1117318,62,4,,1,16,,1117357,62,4,,1,14,,1117371,62,4,,1,14,,1117360,62,4,,1,52,,1117361,62,4,,1,12,,1117336,62,4,,1,14,,1117330,62,4,,1,15,,1117322,62,4,,1,15,,1117369,62,4,,1,54,,1117373,62,4,,1,14,,1117354,62,4,,1,14,,1117350,62,4,,1,14,,1117327,62,4,,1,56,,1117346,62,4,,1,15,,1117370,62,4,,1,19,,1117374,62,4,,1,56,,1117368,62,4,,1,16,,1117335,62,4,,1,16,,1117352,62,4,,1,16,,1117359,62,4,,1,56,,1117321,62,4,,1,15,,1117366,62,4,,1,17,,1117372,62,4,,1,15,,1117302,62,4,,1,56,,1117351,62,4,,1,17,,1117342,62,4,,1,18,,1117362,62,4,,1,16,,1117363,62,4,,1,72,,1117365,62,4,,1,20,,1117307,62,4,,1,57,,1117341,62,4,,1,11,,1117319,62,4,,1,13,,1117364,62,4,,1,13,,1117356,62,4,,1,14,,1117344,62,4,,1,50,,1117343,62,4,,1,11,,1117313,62,4,,1,14,,1117376,62,4,,1,69,,1117305,62,4,,1,23,,1117353,62,4,,1,27,,1117310,62,4,,1,68,,1117303,62,4,,1,28,,1117337,62,4,,1,69,,1117333,62,4,,1,29,,1117312,62,4,,1,68,,1117306,62,4,,1,26,,1117332,62,4,,1,70,,1117358,62,4,,1
1201,'9',642,,1089910,62,4,,1,63,,1117403,62,4,,1,17,,1117433,62,4,,1,17,,1117423,62,4,,1,17,,976398,62,4,,1,58,,1117400,62,4,,1,20,,1117407,62,4,,1,16,,1117439,62,4,,1,57,,1117413,62,4,,1,16,,1117434,62,4,,1,14,,893758,62,4,,1,14,,1117408,62,4,,1,52,,1042483,62,4,,1,12,,1076157,62,4,,1,14,,1081532,62,4,,1,15,,1054866,62,4,,1,15,,1117416,62,4,,1,54,,1117438,62,4,,1,14,,1117420,62,4,,1,14,,1117394,62,4,,1,14,,1117395,62,4,,1,56,,1117421,62,4,,1,15,,1057437,62,4,,1,19,,1117384,62,4,,1,56,,1117378,62,4,,1,16,,1117424,62,4,,1,16,,1117410,62,4,,1,16,,1117432,62,4,,1,56,,1117401,62,4,,1,15,,1117402,62,4,,1,17,,1117440,62,4,,1,15,,989818,62,4,,1,56,,954901,62,4,,1,17,,1117382,62,4,,1,18,,1117431,62,4,,1,16,,1117428,62,4,,1,72,,1117404,62,4,,1,20,,1117415,62,4,,1,57,,1117425,62,4,,1,11,,1071408,62,4,,1,13,,1117412,62,4,,1,13,,1117393,62,4,,1,14,,1117388,62,4,,1,50,,1117386,62,4,,1,11,,975171,62,4,,1,14,,1117426,62,4,,1,69,,1117387,62,4,,1,23,,1117406,62,4,,1,27,,1117419,62,4,,1,68,,1070468,62,4,,1,28,,1117417,62,4,,1,69,,1117405,62,4,,1,29,,1117414,62,4,,1,68,,1117427,62,4,,1,26,,1117391,62,4,,1,70,,1117409,62,4,,1
1300,'1',618,,1117470,1,,,1,13,,1117457,1,,,1,15,,1117455,1,,,1,55,,1117462,1,,,1,15,,1117465,1,,,1,15,,1117447,1,0,145 146,1,15,,1117460,1,,,1,54,,1117453,1,0,145 146,1,1,,1117442,1,,,1,1,,1117473,1,0,145 146,1,3,,1117468,1,0,145 146,1,9,,1011998,1,0,145 146,1,2,,1117443,1,,,1,6,,1117451,1,0,145 146,1,9,,1117445,1,,,1,15,,1117469,1,,,1,55,,1117446,1,,,1,15,,1117448,1,,,1,529,,1117456,1,,,1,14,,1117467,1,,,1,56,,1117464,1,,,1,15,,1117458,1,,,1,15,,1117471,1,,,1,55,,1117450,1,,,1,15,,1117454,1,,,1,15,,1117449,1,,,1,15,,1073243,1,,,1,55,,1117466,1,,,1,16,,1117452,1,,,1,16,,1117463,1,,,1,16,,1089201,1,,,1,55,,1117474,1,,,1,15,,1117459,1,,,1,15,,1117461,1,,,1,15,,1117472,1,,,1,55,,1117441,1,,,1
1300,'10',618,,1117504,1,,,1,13,,1117491,1,,,1,15,,1117489,1,,,1,55,,1117496,1,,,1,15,,1117499,1,,,1,15,,1117481,1,0,145 146,1,15,,1117494,1,,,1,54,,1117487,1,0,145 146,1,1,,1117476,1,,,1,1,,1117507,1,0,145 146,1,3,,1117502,1,0,145 146,1,9,,1012085,1,0,145 146,1,2,,1117477,1,,,1,6,,1117485,1,0,145 146,1,9,,1117479,1,,,1,15,,1117503,1,,,1,55,,1117480,1,,,1,15,,1117482,1,,,1,529,,1117490,1,,,1,14,,1117501,1,,,1,56,,1117498,1,,,1,15,,1117492,1,,,1,15,,1117505,1,,,1,55,,1117484,1,,,1,15,,1117488,1,,,1,15,,1117483,1,,,1,15,,1073115,1,,,1,55,,1117500,1,,,1,16,,1117486,1,,,1,16,,1117497,1,,,1,16,,1089006,1,,,1,55,,1117508,1,,,1,15,,1117493,1,,,1,15,,1117495,1,,,1,15,,1117506,1,,,1,55,,1117475,1,,,1
1300,'11',618,,1117538,1,,,1,13,,1117525,1,,,1,15,,1117523,1,,,1,55,,1117530,1,,,1,15,,1117533,1,,,1,15,,1117515,1,0,145 146,1,15,,1117528,1,,,1,54,,1117521,1,0,145 146,1,1,,1117510,1,,,1,1,,1117541,1,0,145 146,1,3,,1117536,1,0,145 146,1,9,,1011972,1,0,145 146,1,2,,1117511,1,,,1,6,,1117519,1,0,145 146,1,9,,1117513,1,,,1,15,,1117537,1,,,1,55,,1117514,1,,,1,15,,1117516,1,,,1,529,,1117524,1,,,1,14,,1117535,1,,,1,56,,1117532,1,,,1,15,,1117526,1,,,1,15,,1117539,1,,,1,55,,1117518,1,,,1,15,,1117522,1,,,1,15,,1117517,1,,,1,15,,1073279,1,,,1,55,,1117534,1,,,1,16,,1117520,1,,,1,16,,1117531,1,,,1,16,,1089256,1,,,1,55,,1117542,1,,,1,15,,1117527,1,,,1,15,,1117529,1,,,1,15,,1117540,1,,,1,55,,1117509,1,,,1
1300,'12',618,,1117561,1,,,1,13,,1117548,1,,,1,15,,1117556,1,,,1,55,,1117562,1,,,1,15,,1117553,1,,,1,15,,1117544,1,0,145 146,1,15,,1117543,1,,,1,54,,1117568,1,0,145 146,1,1,,1117576,1,,,1,1,,1066882,1,0,145 146,1,3,,1117547,1,0,145 146,1,9,,1117554,1,0,145 146,1,2,,1117551,1,,,1,6,,1117573,1,0,145 146,1,9,,1117558,1,,,1,15,,1117563,1,,,1,55,,1117571,1,,,1,15,,1117546,1,,,1,529,,1101377,1,,,1,14,,1117549,1,,,1,56,,1117545,1,,,1,15,,1117559,1,,,1,15,,1117555,1,,,1,55,,1117566,1,,,1,15,,1117567,1,,,1,15,,1117569,1,,,1,15,,1117574,1,,,1,55,,1117572,1,,,1,16,,1117552,1,,,1,16,,1117565,1,,,1,16,,1117564,1,,,1,55,,1099482,1,,,1,15,,1117575,1,,,1,15,,1117557,1,,,1,15,,1117570,1,,,1,55,,1117550,1,,,1
1300,'14',618,,1117607,1,,,1,13,,1117594,1,,,1,15,,1117592,1,,,1,55,,1117599,1,,,1,15,,1117602,1,,,1,15,,1117584,1,0,145 146,1,15,,1117597,1,,,1,54,,1117590,1,0,145 146,1,1,,1117578,1,,,1,1,,1117610,1,0,145 146,1,3,,1117605,1,0,145 146,1,9,,1117612,1,0,145 146,1,2,,1117579,1,,,1,6,,1117588,1,0,145 146,1,9,,1117582,1,,,1,15,,1117606,1,,,1,55,,1117583,1,,,1,15,,1117585,1,,,1,529,,1117593,1,,,1,14,,1117604,1,,,1,56,,1117601,1,,,1,15,,1117595,1,,,1,15,,1117608,1,,,1,55,,1117587,1,,,1,15,,1117591,1,,,1,15,,1117586,1,,,1,15,,1117613,1,,,1,55,,1117603,1,,,1,16,,1117589,1,,,1,16,,1117600,1,,,1,16,,1117581,1,,,1,55,,1117611,1,,,1,15,,1117596,1,,,1,15,,1117598,1,,,1,15,,1117609,1,,,1,55,,1117577,1,,,1
1300,'15',618,,1117617,1,,,1,13,,1117629,1,,,1,15,,1117635,1,,,1,55,,1117619,1,,,1,15,,1117638,1,,,1,15,,1117616,1,0,145 146,1,15,,1117634,1,,,1,54,,1117627,1,0,145 146,1,1,,1117633,1,,,1,1,,1117618,1,0,145 146,1,3,,1117620,1,0,145 146,1,9,,1117647,1,0,145 146,1,2,,1117650,1,,,1,6,,1117615,1,0,145 146,1,9,,1117623,1,,,1,15,,1117628,1,,,1,55,,1117648,1,,,1,15,,1117631,1,,,1,529,,1117637,1,,,1,14,,1117621,1,,,1,56,,1117630,1,,,1,15,,1117642,1,,,1,15,,1117632,1,,,1,55,,1117626,1,,,1,15,,1117622,1,,,1,15,,1117639,1,,,1,15,,1117640,1,,,1,55,,1117625,1,,,1,16,,1117643,1,,,1,16,,1117645,1,,,1,16,,1117624,1,,,1,55,,1117644,1,,,1,15,,1117614,1,,,1,15,,1117641,1,,,1,15,,1117646,1,,,1,55,,1117649,1,,,1
1300,'16',618,,1117668,1,,,1,13,,1117655,1,,,1,15,,1117663,1,,,1,55,,1117669,1,,,1,15,,1117660,1,,,1,15,,1117651,1,0,145 146,1,15,,991115,1,,,1,54,,1117675,1,0,145 146,1,1,,1117683,1,,,1,1,,1117654,1,0,145 146,1,3,,1117653,1,0,145 146,1,9,,1117661,1,0,145 146,1,2,,1117658,1,,,1,6,,1117678,1,0,145 146,1,9,,1117665,1,,,1,15,,1117670,1,,,1,55,,1080503,1,,,1,15,,1043835,1,,,1,529,,1117681,1,,,1,14,,1117656,1,,,1,56,,1117652,1,,,1,15,,1117666,1,,,1,15,,1117662,1,,,1,55,,1117673,1,,,1,15,,1117674,1,,,1,15,,1117676,1,,,1,15,,1117679,1,,,1,55,,1088849,1,,,1,16,,1117659,1,,,1,16,,1117672,1,,,1,16,,1117671,1,,,1,55,,1117680,1,,,1,15,,1117682,1,,,1,15,,1117664,1,,,1,15,,1117677,1,,,1,55,,1117657,1,,,1
1300,'5',618,,1117713,1,,,1,13,,1117700,1,,,1,15,,1117698,1,,,1,55,,1117705,1,,,1,15,,1117708,1,,,1,15,,1117690,1,0,145 146,1,15,,1117703,1,,,1,54,,1117696,1,0,145 146,1,1,,1117685,1,,,1,1,,1117716,1,0,145 146,1,3,,1117711,1,0,145 146,1,9,,1011859,1,0,145 146,1,2,,1117686,1,,,1,6,,1117694,1,0,145 146,1,9,,1117688,1,,,1,15,,1117712,1,,,1,55,,1117689,1,,,1,15,,1117691,1,,,1,529,,1117699,1,,,1,14,,1117710,1,,,1,56,,1117707,1,,,1,15,,1117701,1,,,1,15,,1117714,1,,,1,55,,1117693,1,,,1,15,,1117697,1,,,1,15,,1117692,1,,,1,15,,1073223,1,,,1,55,,1117709,1,,,1,16,,1117695,1,,,1,16,,1117706,1,,,1,16,,1089163,1,,,1,55,,1117717,1,,,1,15,,1117702,1,,,1,15,,1117704,1,,,1,15,,1117715,1,,,1,55,,1117684,1,,,1
1300,'6',618,,1117734,1,,,1,13,,1117722,1,,,1,15,,1117729,1,,,1,55,,1117735,1,,,1,15,,1117727,1,,,1,15,,1071451,1,0,145 146,1,15,,1117718,1,,,1,54,,1117741,1,0,145 146,1,1,,1117748,1,,,1,1,,1117721,1,0,145 146,1,3,,1039603,1,0,145 146,1,9,,1117728,1,0,145 146,1,2,,1117725,1,,,1,6,,1054015,1,0,145 146,1,9,,1117731,1,,,1,15,,1117736,1,,,1,55,,1117744,1,,,1,15,,1117720,1,,,1,529,,1117747,1,,,1,14,,1117723,1,,,1,56,,1117719,1,,,1,15,,1117732,1,,,1,15,,1066266,1,,,1,55,,1117739,1,,,1,15,,1117740,1,,,1,15,,1117742,1,,,1,15,,890311,1,,,1,55,,1117745,1,,,1,16,,1117726,1,,,1,16,,1117738,1,,,1,16,,1117737,1,,,1,55,,1117746,1,,,1,15,,1044019,1,,,1,15,,1117730,1,,,1,15,,1117743,1,,,1,55,,1117724,1,,,1
1300,'8',618,,1117768,1,,,1,13,,1117755,1,,,1,15,,1117763,1,,,1,55,,1117769,1,,,1,15,,1117760,1,,,1,15,,1117750,1,0,145 146,1,15,,1117749,1,,,1,54,,1117775,1,0,145 146,1,1,,1117785,1,,,1,1,,1117754,1,0,145 146,1,3,,1117753,1,0,145 146,1,9,,1117761,1,0,145 146,1,2,,1117758,1,,,1,6,,1117780,1,0,145 146,1,9,,1117765,1,,,1,15,,1117770,1,,,1,55,,1117778,1,,,1,15,,1117752,1,,,1,529,,1117783,1,,,1,14,,1117756,1,,,1,56,,1117751,1,,,1,15,,1117766,1,,,1,15,,1117762,1,,,1,55,,1117773,1,,,1,15,,1117774,1,,,1,15,,1117776,1,,,1,15,,1117781,1,,,1,55,,1117779,1,,,1,16,,1117759,1,,,1,16,,1117772,1,,,1,16,,1117771,1,,,1,55,,1117782,1,,,1,15,,1117784,1,,,1,15,,1117764,1,,,1,15,,1117777,1,,,1,55,,1117757,1,,,1
1300,'9',618,,1117815,1,,,1,13,,1117802,1,,,1,15,,1117800,1,,,1,55,,1117807,1,,,1,15,,1117810,1,,,1,15,,1117792,1,0,145 146,1,15,,1117805,1,,,1,54,,1117798,1,0,145 146,1,1,,1117787,1,,,1,1,,1117818,1,0,145 146,1,3,,1117813,1,0,145 146,1,9,,1012024,1,0,145 146,1,2,,1117788,1,,,1,6,,1117796,1,0,145 146,1,9,,1117790,1,,,1,15,,1117814,1,,,1,55,,1117791,1,,,1,15,,1117793,1,,,1,529,,1117801,1,,,1,14,,1117812,1,,,1,56,,1117809,1,,,1,15,,1117803,1,,,1,15,,1117816,1,,,1,55,,1117795,1,,,1,15,,1117799,1,,,1,15,,1117794,1,,,1,15,,1073154,1,,,1,55,,1117811,1,,,1,16,,1117797,1,,,1,16,,1117808,1,,,1,16,,1089069,1,,,1,55,,1117819,1,,,1,15,,1117804,1,,,1,15,,1117806,1,,,1,15,,1117817,1,,,1,55,,1117786,1,,,1
1301,'1',629,,1117828,17,4,,1,13,,1117825,17,4,,1,12,,1117823,17,4,,1,57,,1117832,17,4,,1,16,,1117830,17,4,,1,15,,1117824,17,4,,1,15,,919315,17,4,,1,55,,1117829,17,4,,1,15,,1117842,17,4,,1,16,,1117841,17,4,,1,15,,1117833,17,4,,1,54,,1117844,17,4,,1,15,,1117831,17,4,,1,14,,1101899,17,4,,1,569,,1102521,17,4,,1,12,,1117843,17,4,,1,17,,1117839,17,4,,1,16,,1117826,17,4,,1,55,,1117836,17,4,,1,16,,1117840,17,4,,1,15,,1117827,17,4,,1,15,,1117837,17,4,,1,54,,1117835,17,4,,1,15,,1117821,17,4,,1,15,,1117834,17,4,,1,16,,1117838,17,4,,1,56,,1086056,17,4,,1,15,,1117820,17,4,,1,15,,1027508,17,4,,1,67,,1117822,17,4,,1
1301,'10',629,,1117853,17,4,,1,13,,1117850,17,4,,1,12,,1117848,17,4,,1,57,,1117857,17,4,,1,16,,1117855,17,4,,1,15,,1117849,17,4,,1,15,,919365,17,4,,1,55,,1117854,17,4,,1,15,,1117867,17,4,,1,16,,1117866,17,4,,1,15,,1117858,17,4,,1,54,,1117869,17,4,,1,15,,1117856,17,4,,1,14,,1101844,17,4,,1,569,,1102506,17,4,,1,12,,1117868,17,4,,1,17,,1117864,17,4,,1,16,,1117851,17,4,,1,55,,1117861,17,4,,1,16,,1117865,17,4,,1,15,,1117852,17,4,,1,15,,1117862,17,4,,1,54,,1117860,17,4,,1,15,,1117846,17,4,,1,15,,1117859,17,4,,1,16,,1117863,17,4,,1,56,,1085772,17,4,,1,15,,1117845,17,4,,1,15,,1027590,17,4,,1,67,,1117847,17,4,,1
1301,'11',629,,1117878,17,4,,1,13,,1117875,17,4,,1,12,,1117873,17,4,,1,57,,1117882,17,4,,1,16,,1117880,17,4,,1,15,,1117874,17,4,,1,15,,919183,17,4,,1,55,,1117879,17,4,,1,15,,1117892,17,4,,1,16,,1117891,17,4,,1,15,,1117883,17,4,,1,54,,1117894,17,4,,1,15,,1117881,17,4,,1,14,,1101916,17,4,,1,569,,1102526,17,4,,1,12,,1117893,17,4,,1,17,,1117889,17,4,,1,16,,1117876,17,4,,1,55,,1117886,17,4,,1,16,,1117890,17,4,,1,15,,1117877,17,4,,1,15,,1117887,17,4,,1,54,,1117885,17,4,,1,15,,1117871,17,4,,1,15,,1117884,17,4,,1,16,,1117888,17,4,,1,56,,1086138,17,4,,1,15,,1117870,17,4,,1,15,,1027484,17,4,,1,67,,1117872,17,4,,1
1301,'12',629,,1117914,17,4,,1,13,,1117919,17,4,,1,12,,1117916,17,4,,1,57,,1117905,17,4,,1,16,,1117908,17,4,,1,15,,1117895,17,4,,1,15,,1095541,17,4,,1,55,,1117920,17,4,,1,15,,1117898,17,4,,1,16,,1117915,17,4,,1,15,,1117911,17,4,,1,54,,1117918,17,4,,1,15,,1117903,17,4,,1,14,,1117897,17,4,,1,569,,1117909,17,4,,1,12,,1117913,17,4,,1,17,,1117904,17,4,,1,16,,1066460,17,4,,1,55,,1117921,17,4,,1,16,,1117902,17,4,,1,15,,1117901,17,4,,1,15,,1117912,17,4,,1,54,,1117899,17,4,,1,15,,1117896,17,4,,1,15,,1117900,17,4,,1,16,,1117910,17,4,,1,56,,1117922,17,4,,1,15,,1117906,17,4,,1,15,,1117907,17,4,,1,67,,1117917,17,4,,1
1301,'14',629,,1117932,17,4,,1,13,,1117929,17,4,,1,12,,1117926,17,4,,1,57,,1117936,17,4,,1,16,,1117934,17,4,,1,15,,1117928,17,4,,1,15,,1117940,17,4,,1,55,,1117933,17,4,,1,15,,1117948,17,4,,1,16,,1117947,17,4,,1,15,,1117937,17,4,,1,54,,1117951,17,4,,1,15,,1117935,17,4,,1,14,,1117943,17,4,,1,569,,1117950,17,4,,1,12,,1117949,17,4,,1,17,,1117945,17,4,,1,16,,1117930,17,4,,1,55,,1117941,17,4,,1,16,,1117946,17,4,,1,15,,1117931,17,4,,1,15,,1117942,17,4,,1,54,,1117939,17,4,,1,15,,1117924,17,4,,1,15,,1117938,17,4,,1,16,,1117944,17,4,,1,56,,1117952,17,4,,1,15,,1117923,17,4,,1,15,,1117927,17,4,,1,67,,1117925,17,4,,1
1301,'15',629,,1117968,17,4,,1,13,,1117967,17,4,,1,12,,1117965,17,4,,1,57,,1117957,17,4,,1,16,,1117959,17,4,,1,15,,1117979,17,4,,1,15,,1117969,17,4,,1,55,,1117956,17,4,,1,15,,1117964,17,4,,1,16,,1117982,17,4,,1,15,,1117971,17,4,,1,54,,1117970,17,4,,1,15,,1117958,17,4,,1,14,,1117977,17,4,,1,569,,1117975,17,4,,1,12,,1117972,17,4,,1,17,,1117976,17,4,,1,16,,1117960,17,4,,1,55,,1117961,17,4,,1,16,,1117955,17,4,,1,15,,1117978,17,4,,1,15,,1117963,17,4,,1,54,,1117953,17,4,,1,15,,1117966,17,4,,1,15,,1117981,17,4,,1,16,,1117974,17,4,,1,56,,1117962,17,4,,1,15,,1117973,17,4,,1,15,,1117980,17,4,,1,67,,1117954,17,4,,1
1301,'16',629,,1117999,17,4,,1,13,,1118005,17,4,,1,12,,1118001,17,4,,1,57,,1117991,17,4,,1,16,,1117994,17,4,,1,15,,1063147,17,4,,1,15,,1118002,17,4,,1,55,,1072163,17,4,,1,15,,1085619,17,4,,1,16,,1118000,17,4,,1,15,,1117997,17,4,,1,54,,1118004,17,4,,1,15,,1117989,17,4,,1,14,,1071301,17,4,,1,569,,1117995,17,4,,1,12,,1062170,17,4,,1,17,,1117990,17,4,,1,16,,1117987,17,4,,1,55,,1118006,17,4,,1,16,,1117988,17,4,,1,15,,1117986,17,4,,1,15,,1117998,17,4,,1,54,,1117984,17,4,,1,15,,1117983,17,4,,1,15,,1117985,17,4,,1,16,,1117996,17,4,,1,56,,1118007,17,4,,1,15,,1117992,17,4,,1,15,,1117993,17,4,,1,67,,1118003,17,4,,1
1301,'5',629,,1118016,17,4,,1,13,,1118013,17,4,,1,12,,1118011,17,4,,1,57,,1118020,17,4,,1,16,,1118018,17,4,,1,15,,1118012,17,4,,1,15,,919555,17,4,,1,55,,1118017,17,4,,1,15,,1118030,17,4,,1,16,,1118029,17,4,,1,15,,1118021,17,4,,1,54,,1118032,17,4,,1,15,,1118019,17,4,,1,14,,1101891,17,4,,1,569,,1102516,17,4,,1,12,,1118031,17,4,,1,17,,1118027,17,4,,1,16,,1118014,17,4,,1,55,,1118024,17,4,,1,16,,1118028,17,4,,1,15,,1118015,17,4,,1,15,,1118025,17,4,,1,54,,1118023,17,4,,1,15,,1118009,17,4,,1,15,,1118022,17,4,,1,16,,1118026,17,4,,1,56,,1086005,17,4,,1,15,,1118008,17,4,,1,15,,1027365,17,4,,1,67,,1118010,17,4,,1
1301,'6',629,,1118052,17,4,,1,13,,1118058,17,4,,1,12,,1118054,17,4,,1,57,,1118043,17,4,,1,16,,1118046,17,4,,1,15,,1118033,17,4,,1,15,,1118055,17,4,,1,55,,1118059,17,4,,1,15,,1118036,17,4,,1,16,,1118053,17,4,,1,15,,1118049,17,4,,1,54,,1118057,17,4,,1,15,,1118041,17,4,,1,14,,1118035,17,4,,1,569,,1118047,17,4,,1,12,,1118051,17,4,,1,17,,1118042,17,4,,1,16,,1118039,17,4,,1,55,,1118060,17,4,,1,16,,1118040,17,4,,1,15,,1118038,17,4,,1,15,,1118050,17,4,,1,54,,1085704,17,4,,1,15,,1118034,17,4,,1,15,,1118037,17,4,,1,16,,1118048,17,4,,1,56,,1003095,17,4,,1,15,,1118044,17,4,,1,15,,1118045,17,4,,1,67,,1118056,17,4,,1
1301,'8',629,,1118081,17,4,,1,13,,1118087,17,4,,1,12,,1118083,17,4,,1,57,,1118072,17,4,,1,16,,1118075,17,4,,1,15,,1118061,17,4,,1,15,,1118084,17,4,,1,55,,1118088,17,4,,1,15,,1118064,17,4,,1,16,,1118082,17,4,,1,15,,1118078,17,4,,1,54,,1118086,17,4,,1,15,,1118070,17,4,,1,14,,1118063,17,4,,1,569,,1118076,17,4,,1,12,,1118080,17,4,,1,17,,1118071,17,4,,1,16,,1118068,17,4,,1,55,,1118089,17,4,,1,16,,1118069,17,4,,1,15,,1118067,17,4,,1,15,,1118079,17,4,,1,54,,1118065,17,4,,1,15,,1118062,17,4,,1,15,,1118066,17,4,,1,16,,1118077,17,4,,1,56,,1118090,17,4,,1,15,,1118073,17,4,,1,15,,1118074,17,4,,1,67,,1118085,17,4,,1
1301,'9',629,,1118099,17,4,,1,13,,1118096,17,4,,1,12,,1118094,17,4,,1,57,,1118103,17,4,,1,16,,1118101,17,4,,1,15,,1118095,17,4,,1,15,,919415,17,4,,1,55,,1118100,17,4,,1,15,,1118113,17,4,,1,16,,1118112,17,4,,1,15,,1118104,17,4,,1,54,,1118115,17,4,,1,15,,1118102,17,4,,1,14,,1101861,17,4,,1,569,,1102511,17,4,,1,12,,1118114,17,4,,1,17,,1118110,17,4,,1,16,,1118097,17,4,,1,55,,1118107,17,4,,1,16,,1118111,17,4,,1,15,,1118098,17,4,,1,15,,1118108,17,4,,1,54,,1118106,17,4,,1,15,,1118092,17,4,,1,15,,1118105,17,4,,1,16,,1118109,17,4,,1,56,,1085859,17,4,,1,15,,1118091,17,4,,1,15,,1027532,17,4,,1,67,,1118093,17,4,,1
1400,'1',551,,1118152,1,,,1,55,,983977,1,,,1,15,,1118161,1,,,1,15,,1118150,1,,,1,15,,1118149,1,,,1,53,,1118145,1,,,1,16,,975681,1,,,1,15,,946779,1,,,1,14,,1118124,1,,,1,57,,1118142,1,,,1,15,,1118141,1,,,1,17,,1118126,1,,,1,16,,1118163,1,,,1,56,,1118157,1,,,1,14,,1094391,1,,,1,15,,1097864,1,,,1,15,,1118148,1,,,1,55,,1118140,1,,,1,13,,1118116,1,,,1,14,,1118123,1,,,1,14,,1118132,1,,,1,54,,1118120,1,,,1,14,,1118156,1,,,1,15,,1118162,1,,,1,18,,1118138,1,,,1,55,,954754,1,,,1,14,,1086692,1,,,1,16,,1118125,1,,,1,16,,1118155,1,,,1,54,,1118131,1,,,1,17,,959135,1,,,1,16,,1101779,1,,,1,15,,1118129,1,,,1,55,,1118153,1,,,1,17,,1118144,1,,,1,31,,1118117,1,,,1,57,,1118160,1,,,1,17,,1118121,1,,,1,15,,1118147,1,,,1,56,,1118146,1,,,1,17,,1118119,1,,,1,17,,1118134,1,,,1,15,,1118133,1,,,1,55,,1077285,1,,,1,16,,1118127,1,,,1,15,,1070032,1,,,1,13,,1118143,1,,,1,56,,1118118,1,,,1,28,,1028992,1,,,1,70,,1118159,1,,,1,33,,1118122,1,,,1,68,,1118135,1,,,1,29,,1118137,1,,,1,68,,1118151,1,,,1,29,,1118139,1,,,1,69,,1118136,1,,,1,29,,1118158,1,,,1,29,,1118154,1,,,1,68,,1118128,1,,,1,28,,1118130,1,,,1,68,,1077946,1,,,1
1400,'10',551,,1118200,1,,,1,55,,983883,1,,,1,15,,1118209,1,,,1,15,,1118198,1,,,1,15,,1118197,1,,,1,53,,1118193,1,,,1,16,,975354,1,,,1,15,,946605,1,,,1,14,,1118172,1,,,1,57,,1118190,1,,,1,15,,1118189,1,,,1,17,,1118174,1,,,1,16,,1118211,1,,,1,56,,1118205,1,,,1,14,,1094355,1,,,1,15,,1097640,1,,,1,15,,1118196,1,,,1,55,,1118188,1,,,1,13,,1118164,1,,,1,14,,1118171,1,,,1,14,,1118180,1,,,1,54,,1118168,1,,,1,14,,1118204,1,,,1,15,,1118210,1,,,1,18,,1118186,1,,,1,55,,954311,1,,,1,14,,1086522,1,,,1,16,,1118173,1,,,1,16,,1118203,1,,,1,54,,1118179,1,,,1,17,,958814,1,,,1,16,,1101678,1,,,1,15,,1118177,1,,,1,55,,1118201,1,,,1,17,,1118192,1,,,1,31,,1118165,1,,,1,57,,1118208,1,,,1,17,,1118169,1,,,1,15,,1118195,1,,,1,56,,1118194,1,,,1,17,,1118167,1,,,1,17,,1118182,1,,,1,15,,1118181,1,,,1,55,,1077147,1,,,1,16,,1118175,1,,,1,15,,1069903,1,,,1,13,,1118191,1,,,1,56,,1118166,1,,,1,28,,1029122,1,,,1,70,,1118207,1,,,1,33,,1118170,1,,,1,68,,1118183,1,,,1,29,,1118185,1,,,1,68,,1118199,1,,,1,29,,1118187,1,,,1,69,,1118184,1,,,1,29,,1118206,1,,,1,29,,1118202,1,,,1,68,,1118176,1,,,1,28,,1118178,1,,,1,68,,1077737,1,,,1
1400,'11',551,,1118248,1,,,1,55,,983954,1,,,1,15,,1118257,1,,,1,15,,1118246,1,,,1,15,,1118245,1,,,1,53,,1118241,1,,,1,16,,975633,1,,,1,15,,946754,1,,,1,14,,1118220,1,,,1,57,,1118238,1,,,1,15,,1118237,1,,,1,17,,1118222,1,,,1,16,,1118259,1,,,1,56,,1118253,1,,,1,14,,1094403,1,,,1,15,,1097932,1,,,1,15,,1118244,1,,,1,55,,1118236,1,,,1,13,,1118212,1,,,1,14,,1118219,1,,,1,14,,1118228,1,,,1,54,,1118216,1,,,1,14,,1118252,1,,,1,15,,1118258,1,,,1,18,,1118234,1,,,1,55,,954691,1,,,1,14,,1086747,1,,,1,16,,1118221,1,,,1,16,,1118251,1,,,1,54,,1118227,1,,,1,17,,959081,1,,,1,16,,1101810,1,,,1,15,,1118225,1,,,1,55,,1118249,1,,,1,17,,1118240,1,,,1,31,,1118213,1,,,1,57,,1118256,1,,,1,17,,1118217,1,,,1,15,,1118243,1,,,1,56,,1118242,1,,,1,17,,1118215,1,,,1,17,,1118230,1,,,1,15,,1118229,1,,,1,55,,1077325,1,,,1,16,,1118223,1,,,1,15,,1070072,1,,,1,13,,1118239,1,,,1,56,,1118214,1,,,1,28,,1028955,1,,,1,70,,1118255,1,,,1,33,,1118218,1,,,1,68,,1118231,1,,,1,29,,1118233,1,,,1,68,,1118247,1,,,1,29,,1118235,1,,,1,69,,1118232,1,,,1,29,,1118254,1,,,1,29,,1118250,1,,,1,68,,1118224,1,,,1,28,,1118226,1,,,1,68,,1078009,1,,,1
1400,'12',551,,973372,1,,,1,55,,1118294,1,,,1,15,,1118274,1,,,1,15,,1118305,1,,,1,15,,1118312,1,,,1,53,,1118284,1,,,1,16,,1118265,1,,,1,15,,1118295,1,,,1,14,,1118260,1,,,1,57,,1118308,1,,,1,15,,1118310,1,,,1,17,,1118285,1,,,1,16,,1118277,1,,,1,56,,1118292,1,,,1,14,,1118301,1,,,1,15,,1118299,1,,,1,15,,1118271,1,,,1,55,,1118263,1,,,1,13,,1118276,1,,,1,14,,1118289,1,,,1,14,,1118287,1,,,1,54,,1118283,1,,,1,14,,1118293,1,,,1,15,,1118261,1,,,1,18,,1118280,1,,,1,55,,1022094,1,,,1,14,,1118286,1,,,1,16,,1028655,1,,,1,16,,1118266,1,,,1,54,,1118306,1,,,1,17,,1118300,1,,,1,16,,1118311,1,,,1,15,,1118275,1,,,1,55,,1118279,1,,,1,17,,1118296,1,,,1,31,,1118264,1,,,1,57,,1118297,1,,,1,17,,1092379,1,,,1,15,,1118268,1,,,1,56,,1084990,1,,,1,17,,1089462,1,,,1,17,,1118281,1,,,1,15,,1118282,1,,,1,55,,1118267,1,,,1,16,,1118269,1,,,1,15,,1118291,1,,,1,13,,1118270,1,,,1,56,,1118304,1,,,1,28,,1118303,1,,,1,70,,1118262,1,,,1,33,,1118278,1,,,1,68,,1118288,1,,,1,29,,1118309,1,,,1,68,,1118307,1,,,1,29,,1118302,1,,,1,69,,1066455,1,,,1,29,,1118290,1,,,1,29,,1118298,1,,,1,68,,1078244,1,,,1,28,,1118272,1,,,1,68,,1118273,1,,,1
1400,'13',655,,1118335,1,,,1,102,,1118337,1,,,1,73,,1118316,1,,,1,70,,1118325,1,,,1,30,,1118314,1,,,1,70,,1118322,1,,,1,30,,1118332,1,,,1,70,,1085172,1,,,1,30,,1118313,1,,,1,70,,995890,1,,,1,30,,1118318,1,,,1,28,,1118326,1,,,1,69,,1079001,1,,,1,30,,1118336,1,,,1,70,,1118315,1,,,1,30,,1118319,1,,,1,70,,1118321,1,,,1,30,,1118324,1,,,1,70,,1118330,1,,,1,30,,1118320,1,,,1,70,,1118328,1,,,1,30,,1118338,1,,,1,70,,1118323,1,,,1,30,,1061631,1,,,1,70,,1118317,1,,,1,73,,1118333,1,,,1,100,,1118334,1,,,1,100,,1118331,1,,,1,100,,1118327,1,,,1,100,,1118329,1,,,1
1400,'14',551,,1118385,1,,,1,55,,1118343,1,,,1,15,,1118397,1,,,1,15,,1118383,1,,,1,15,,1118382,1,,,1,53,,1118378,1,,,1,16,,1118351,1,,,1,15,,1118394,1,,,1,14,,1118354,1,,,1,57,,1118375,1,,,1,15,,1118374,1,,,1,17,,1118357,1,,,1,16,,1118399,1,,,1,56,,1118390,1,,,1,14,,1118349,1,,,1,15,,1118396,1,,,1,15,,1118381,1,,,1,55,,1118373,1,,,1,13,,1118340,1,,,1,14,,1118353,1,,,1,14,,1118365,1,,,1,54,,1118347,1,,,1,14,,1118389,1,,,1,15,,1118398,1,,,1,18,,1118371,1,,,1,55,,1118341,1,,,1,14,,1118359,1,,,1,16,,1118355,1,,,1,16,,1118388,1,,,1,54,,1118364,1,,,1,17,,1118393,1,,,1,16,,1118356,1,,,1,15,,1118362,1,,,1,55,,1118386,1,,,1,17,,1118377,1,,,1,31,,1118342,1,,,1,57,,1118395,1,,,1,17,,1118348,1,,,1,15,,1118380,1,,,1,56,,1118379,1,,,1,17,,1118346,1,,,1,17,,1118367,1,,,1,15,,1118366,1,,,1,55,,1118344,1,,,1,16,,1118360,1,,,1,15,,1118339,1,,,1,13,,1118376,1,,,1,56,,1118345,1,,,1,28,,1118352,1,,,1,70,,1118392,1,,,1,33,,1118350,1,,,1,68,,1118368,1,,,1,29,,1118370,1,,,1,68,,1118384,1,,,1,29,,1118372,1,,,1,69,,1118369,1,,,1,29,,1118391,1,,,1,29,,1118387,1,,,1,68,,1118361,1,,,1,28,,1118363,1,,,1,68,,1118358,1,,,1
1400,'15',551,,1118417,1,,,1,55,,1118413,1,,,1,15,,1118438,1,,,1,15,,1118435,1,,,1,15,,1118416,1,,,1,53,,1118405,1,,,1,16,,1118412,1,,,1,15,,1118451,1,,,1,14,,1118439,1,,,1,57,,1118408,1,,,1,15,,1118459,1,,,1,17,,1118433,1,,,1,16,,1118430,1,,,1,56,,1118456,1,,,1,14,,1118457,1,,,1,15,,1118407,1,,,1,15,,1118418,1,,,1,55,,1118424,1,,,1,13,,1118427,1,,,1,14,,1118436,1,,,1,14,,1118419,1,,,1,54,,1118423,1,,,1,14,,1118455,1,,,1,15,,1118409,1,,,1,18,,1118448,1,,,1,55,,1118400,1,,,1,14,,1118453,1,,,1,16,,1118415,1,,,1,16,,1118420,1,,,1,54,,1118428,1,,,1,17,,1118434,1,,,1,16,,1118458,1,,,1,15,,1118425,1,,,1,55,,1118402,1,,,1,17,,1118441,1,,,1,31,,1118411,1,,,1,57,,1118443,1,,,1,17,,1118449,1,,,1,15,,1118406,1,,,1,56,,1118460,1,,,1,17,,1118454,1,,,1,17,,1118421,1,,,1,15,,1118403,1,,,1,55,,1118447,1,,,1,16,,1118410,1,,,1,15,,1118442,1,,,1,13,,1118452,1,,,1,56,,1118440,1,,,1,28,,1118414,1,,,1,70,,1118432,1,,,1,33,,1118445,1,,,1,68,,1118431,1,,,1,29,,1118444,1,,,1,68,,1118446,1,,,1,29,,1118422,1,,,1,69,,1118401,1,,,1,29,,1118404,1,,,1,29,,1118426,1,,,1,68,,1118429,1,,,1,28,,1118437,1,,,1,68,,1118450,1,,,1
1400,'16',551,,1118474,1,,,1,55,,1118498,1,,,1,15,,1118477,1,,,1,15,,1118509,1,,,1,15,,1118517,1,,,1,53,,1118487,1,,,1,16,,1118467,1,,,1,15,,1118499,1,,,1,14,,1118461,1,,,1,57,,1118512,1,,,1,15,,1118514,1,,,1,17,,1118488,1,,,1,16,,1118480,1,,,1,56,,1118496,1,,,1,14,,1118505,1,,,1,15,,1118503,1,,,1,15,,970120,1,,,1,55,,1118464,1,,,1,13,,1118479,1,,,1,14,,1118493,1,,,1,14,,1118490,1,,,1,54,,1118486,1,,,1,14,,1118497,1,,,1,15,,1118462,1,,,1,18,,1118483,1,,,1,55,,1118519,1,,,1,14,,1118489,1,,,1,16,,1118518,1,,,1,16,,1118468,1,,,1,54,,1118510,1,,,1,17,,1118504,1,,,1,16,,1118515,1,,,1,15,,1118478,1,,,1,55,,1118482,1,,,1,17,,1118500,1,,,1,31,,1118466,1,,,1,57,,1118501,1,,,1,17,,1118471,1,,,1,15,,1118470,1,,,1,56,,1118472,1,,,1,17,,1118492,1,,,1,17,,1118484,1,,,1,15,,1118485,1,,,1,55,,1118469,1,,,1,16,,997047,1,,,1,15,,1118495,1,,,1,13,,1118473,1,,,1,56,,1118508,1,,,1,28,,1118507,1,,,1,70,,1118463,1,,,1,33,,1118481,1,,,1,68,,1118491,1,,,1,29,,1118513,1,,,1,68,,1118511,1,,,1,29,,1118506,1,,,1,69,,1118465,1,,,1,29,,1118494,1,,,1,29,,1118502,1,,,1,68,,1118516,1,,,1,28,,1118475,1,,,1,68,,1118476,1,,,1
1400,'17',655,,1118545,1,,,1,102,,1118547,1,,,1,73,,1118525,1,,,1,70,,1118534,1,,,1,30,,1118521,1,,,1,70,,1118531,1,,,1,30,,1118541,1,,,1,70,,1118548,1,,,1,30,,1118520,1,,,1,70,,1118523,1,,,1,30,,1118527,1,,,1,28,,1118535,1,,,1,69,,1118524,1,,,1,30,,1118546,1,,,1,70,,1118522,1,,,1,30,,1118528,1,,,1,70,,1118530,1,,,1,30,,1118533,1,,,1,70,,1118539,1,,,1,30,,1118529,1,,,1,70,,1118537,1,,,1,30,,1118549,1,,,1,70,,1118532,1,,,1,30,,1118544,1,,,1,70,,1118526,1,,,1,73,,1118542,1,,,1,100,,1118543,1,,,1,100,,1118540,1,,,1,100,,1118536,1,,,1,100,,1118538,1,,,1
1400,'2',600,,1118585,1,,,1,30,,1118583,1,,,1,70,,1118577,1,,,1,30,,1118579,1,,,1,70,,1118578,1,,,1,30,,1118562,1,,,1,70,,1040832,1,,,1,30,,1118568,1,,,1,70,,1118569,1,,,1,30,,955725,1,,,1,70,,1065628,1,,,1,30,,1118589,1,,,1,70,,1118564,1,,,1,15,,1118555,1,,,1,15,,1096259,1,,,1,15,,1118567,1,,,1,55,,1118553,1,,,1,15,,1118593,1,,,1,15,,1118581,1,,,1,15,,1118588,1,,,1,55,,1069694,1,,,1,15,,1118560,1,,,1,15,,1118563,1,,,1,15,,1118556,1,,,1,55,,1118573,1,,,1,15,,1118587,1,,,1,15,,1118572,1,,,1,15,,1118558,1,,,1,55,,1118550,1,,,1,15,,1118576,1,,,1,15,,1118594,1,,,1,15,,1118552,1,,,1,55,,1118575,1,,,1,15,,1118595,1,,,1,15,,1118559,1,,,1,15,,1118551,1,,,1,55,,1118584,1,,,1,30,,1118557,1,,,1,70,,1118591,1,,,1,30,,1118582,1,,,1,70,,1118592,1,,,1,30,,1118566,1,,,1,70,,1118570,1,,,1,30,,1118561,1,,,1,70,,1118590,1,,,1,30,,1118574,1,,,1,70,,1118571,1,,,1,30,,1118554,1,,,1,70,,1118586,1,,,1,30,,1118565,1,,,1,72,,1118580,1,,,1
1400,'3',655,,1118621,1,,,1,102,,1118623,1,,,1,73,,1118601,1,,,1,70,,1118610,1,,,1,30,,1118597,1,,,1,70,,1118607,1,,,1,30,,1118617,1,,,1,70,,1118624,1,,,1,30,,1118596,1,,,1,70,,1118599,1,,,1,30,,1118603,1,,,1,28,,1118611,1,,,1,69,,1118600,1,,,1,30,,1118622,1,,,1,70,,1118598,1,,,1,30,,1118604,1,,,1,70,,1118606,1,,,1,30,,1118609,1,,,1,70,,1118615,1,,,1,30,,1118605,1,,,1,70,,1118613,1,,,1,30,,1118625,1,,,1,70,,1118608,1,,,1,30,,1118620,1,,,1,70,,1118602,1,,,1,73,,1118618,1,,,1,100,,1118619,1,,,1,100,,1118616,1,,,1,100,,1118612,1,,,1,100,,1118614,1,,,1
1400,'4',655,,1118637,1,,,1,102,,1118629,1,,,1,73,,1118627,1,,,1,70,,1118648,1,,,1,30,,1118638,1,,,1,70,,1118626,1,,,1,30,,1088619,1,,,1,70,,1118645,1,,,1,30,,963424,1,,,1,70,,1118641,1,,,1,30,,1118634,1,,,1,28,,1057351,1,,,1,69,,1118630,1,,,1,30,,1118649,1,,,1,70,,1118644,1,,,1,30,,1118640,1,,,1,70,,1118643,1,,,1,30,,1118647,1,,,1,70,,1118636,1,,,1,30,,1118642,1,,,1,70,,1118633,1,,,1,30,,1118631,1,,,1,70,,1118635,1,,,1,30,,1075394,1,,,1,70,,1118646,1,,,1,73,,1118628,1,,,1,100,,1059944,1,,,1,100,,1118632,1,,,1,100,,1118639,1,,,1,100,,1081268,1,,,1
1400,'5',551,,1118686,1,,,1,55,,984050,1,,,1,15,,1118695,1,,,1,15,,1118684,1,,,1,15,,1118683,1,,,1,53,,1118679,1,,,1,16,,975835,1,,,1,15,,946860,1,,,1,14,,1118658,1,,,1,57,,1118676,1,,,1,15,,1118675,1,,,1,17,,1118660,1,,,1,16,,1118697,1,,,1,56,,1118691,1,,,1,14,,1094379,1,,,1,15,,1097819,1,,,1,15,,1118682,1,,,1,55,,1118674,1,,,1,13,,1118650,1,,,1,14,,1118657,1,,,1,14,,1118666,1,,,1,54,,1118654,1,,,1,14,,1118690,1,,,1,15,,1118696,1,,,1,18,,1118672,1,,,1,55,,954949,1,,,1,14,,1086666,1,,,1,16,,1118659,1,,,1,16,,1118689,1,,,1,54,,1118665,1,,,1,17,,959311,1,,,1,16,,1101759,1,,,1,15,,1118663,1,,,1,55,,1118687,1,,,1,17,,1118678,1,,,1,31,,1118651,1,,,1,57,,1118694,1,,,1,17,,1118655,1,,,1,15,,1118681,1,,,1,56,,1118680,1,,,1,17,,1118653,1,,,1,17,,1118668,1,,,1,15,,1118667,1,,,1,55,,1077260,1,,,1,16,,1118661,1,,,1,15,,1070014,1,,,1,13,,1118677,1,,,1,56,,1118652,1,,,1,28,,1028746,1,,,1,70,,1118693,1,,,1,33,,1118656,1,,,1,68,,1118669,1,,,1,29,,1118671,1,,,1,68,,1118685,1,,,1,29,,1118673,1,,,1,69,,1118670,1,,,1,29,,1118692,1,,,1,29,,1118688,1,,,1,68,,1118662,1,,,1,28,,1118664,1,,,1,68,,1077907,1,,,1
1400,'6',551,,1118705,1,,,1,55,,1118730,1,,,1,15,,1118709,1,,,1,15,,1118740,1,,,1,15,,1036652,1,,,1,53,,1118719,1,,,1,16,,1072433,1,,,1,15,,1118731,1,,,1,14,,1035059,1,,,1,57,,1118743,1,,,1,15,,1118745,1,,,1,17,,1118720,1,,,1,16,,1118712,1,,,1,56,,1118728,1,,,1,14,,1095752,1,,,1,15,,1118735,1,,,1,15,,1118706,1,,,1,55,,984943,1,,,1,13,,1118711,1,,,1,14,,1118725,1,,,1,14,,1118722,1,,,1,54,,1118718,1,,,1,14,,1118729,1,,,1,15,,1118698,1,,,1,18,,1118715,1,,,1,55,,1118749,1,,,1,14,,1118721,1,,,1,16,,1118748,1,,,1,16,,1070095,1,,,1,54,,1118741,1,,,1,17,,1118736,1,,,1,16,,1118746,1,,,1,15,,1118710,1,,,1,55,,1118714,1,,,1,17,,1118732,1,,,1,31,,1073083,1,,,1,57,,1118733,1,,,1,17,,1118702,1,,,1,15,,1088949,1,,,1,56,,1118703,1,,,1,17,,1118724,1,,,1,17,,1118716,1,,,1,15,,1118717,1,,,1,55,,1118700,1,,,1,16,,1118701,1,,,1,15,,1118727,1,,,1,13,,1118704,1,,,1,56,,1118739,1,,,1,28,,1118738,1,,,1,70,,1073082,1,,,1,33,,1118713,1,,,1,68,,1118723,1,,,1,29,,1118744,1,,,1,68,,1118742,1,,,1,29,,1118737,1,,,1,69,,1118699,1,,,1,29,,1118726,1,,,1,29,,1118734,1,,,1,68,,1118747,1,,,1,28,,1118707,1,,,1,68,,1118708,1,,,1
1400,'7',600,,1118769,1,,,1,30,,1118759,1,,,1,70,,1118762,1,,,1,30,,1118767,1,,,1,70,,1118795,1,,,1,30,,1118760,1,,,1,70,,1118773,1,,,1,30,,1118799,1,,,1,70,,1118761,1,,,1,30,,1118755,1,,,1,70,,1118789,1,,,1,30,,1118800,1,,,1,70,,1118753,1,,,1,15,,1118792,1,,,1,15,,1118797,1,,,1,15,,1118790,1,,,1,55,,1118763,1,,,1,15,,1118779,1,,,1,15,,1118780,1,,,1,15,,1118798,1,,,1,55,,1118785,1,,,1,15,,1118787,1,,,1,15,,1118791,1,,,1,15,,1118776,1,,,1,55,,1118756,1,,,1,15,,1118764,1,,,1,15,,1118788,1,,,1,15,,1118778,1,,,1,55,,1118794,1,,,1,15,,1118796,1,,,1,15,,1118793,1,,,1,15,,1118784,1,,,1,55,,1118783,1,,,1,15,,1118765,1,,,1,15,,1118772,1,,,1,15,,1118774,1,,,1,55,,1118786,1,,,1,30,,1118770,1,,,1,70,,1118771,1,,,1,30,,1118750,1,,,1,70,,1118758,1,,,1,30,,1118752,1,,,1,70,,1118781,1,,,1,30,,1118775,1,,,1,70,,1118751,1,,,1,30,,1118757,1,,,1,70,,1118768,1,,,1,30,,1118766,1,,,1,70,,1118777,1,,,1,30,,1118782,1,,,1,72,,1118754,1,,,1
1400,'8',551,,1118815,1,,,1,55,,1118840,1,,,1,15,,1118819,1,,,1,15,,1118851,1,,,1,15,,1118859,1,,,1,53,,1118829,1,,,1,16,,1118807,1,,,1,15,,1118841,1,,,1,14,,1118801,1,,,1,57,,1118854,1,,,1,15,,1118856,1,,,1,17,,1118830,1,,,1,16,,1118822,1,,,1,56,,1118838,1,,,1,14,,1118847,1,,,1,15,,1118845,1,,,1,15,,1118816,1,,,1,55,,1118804,1,,,1,13,,1118821,1,,,1,14,,1118835,1,,,1,14,,1118832,1,,,1,54,,1118828,1,,,1,14,,1118839,1,,,1,15,,1118802,1,,,1,18,,1118825,1,,,1,55,,1118861,1,,,1,14,,1118831,1,,,1,16,,1118860,1,,,1,16,,1118808,1,,,1,54,,1118852,1,,,1,17,,1118846,1,,,1,16,,1118857,1,,,1,15,,1118820,1,,,1,55,,1118824,1,,,1,17,,1118842,1,,,1,31,,1118806,1,,,1,57,,1118843,1,,,1,17,,1118812,1,,,1,15,,1118810,1,,,1,56,,1118813,1,,,1,17,,1118834,1,,,1,17,,1118826,1,,,1,15,,1118827,1,,,1,55,,1118809,1,,,1,16,,1118811,1,,,1,15,,1118837,1,,,1,13,,1118814,1,,,1,56,,1118850,1,,,1,28,,1118849,1,,,1,70,,1118803,1,,,1,33,,1118823,1,,,1,68,,1118833,1,,,1,29,,1118855,1,,,1,68,,1118853,1,,,1,29,,1118848,1,,,1,69,,1118805,1,,,1,29,,1118836,1,,,1,29,,1118844,1,,,1,68,,1118858,1,,,1,28,,1118817,1,,,1,68,,1118818,1,,,1
1400,'9',551,,1118898,1,,,1,55,,984027,1,,,1,15,,1118907,1,,,1,15,,1118896,1,,,1,15,,1118895,1,,,1,53,,1118891,1,,,1,16,,975787,1,,,1,15,,946835,1,,,1,14,,1118870,1,,,1,57,,1118888,1,,,1,15,,1118887,1,,,1,17,,1118872,1,,,1,16,,1118909,1,,,1,56,,1118903,1,,,1,14,,1094367,1,,,1,15,,1097708,1,,,1,15,,1118894,1,,,1,55,,1118886,1,,,1,13,,1118862,1,,,1,14,,1118869,1,,,1,14,,1118878,1,,,1,54,,1118866,1,,,1,14,,1118902,1,,,1,15,,1118908,1,,,1,18,,1118884,1,,,1,55,,954886,1,,,1,14,,1086578,1,,,1,16,,1118871,1,,,1,16,,1118901,1,,,1,54,,1118877,1,,,1,17,,959257,1,,,1,16,,1101708,1,,,1,15,,1118875,1,,,1,55,,1118899,1,,,1,17,,1118890,1,,,1,31,,1118863,1,,,1,57,,1118906,1,,,1,17,,1118867,1,,,1,15,,1118893,1,,,1,56,,1118892,1,,,1,17,,1118865,1,,,1,17,,1118880,1,,,1,15,,1118879,1,,,1,55,,1077189,1,,,1,16,,1118873,1,,,1,15,,1069945,1,,,1,13,,1118889,1,,,1,56,,1118864,1,,,1,28,,1029029,1,,,1,70,,1118905,1,,,1,33,,1118868,1,,,1,68,,1118881,1,,,1,29,,1118883,1,,,1,68,,1118897,1,,,1,29,,1118885,1,,,1,69,,1118882,1,,,1,29,,1118904,1,,,1,29,,1118900,1,,,1,68,,1118874,1,,,1,28,,1118876,1,,,1,68,,1077806,1,,,1
1401,'1',638,,1118938,54,4,,1,66,,1118954,54,4,,1,18,,1118941,54,4,,1,16,,1078295,54,4,,1,14,,1118927,54,4,,1,60,,1118951,54,4,,1,18,,1118943,54,4,,1,17,,1073227,54,4,,1,56,,1092453,54,4,,1,15,,1118932,54,4,,1,14,,1118939,54,4,,1,15,,1118958,54,4,,1,53,,1118919,54,4,,1,16,,1118913,54,4,,1,14,,1099833,54,4,,1,15,,1118946,54,4,,1,14,,1118915,54,4,,1,55,,942786,54,4,,1,15,,1118950,54,4,,1,18,,1118959,54,4,,1,55,,1118930,54,4,,1,14,,1118936,54,4,,1,16,,1118957,54,4,,1,16,,1118949,54,4,,1,54,,1087575,54,4,,1,16,,1118920,54,4,,1,15,,1118945,54,4,,1,15,,1118928,54,4,,1,58,,1060381,54,4,,1,16,,1118952,54,4,,1,14,,1085027,54,4,,1,17,,1118910,54,4,,1,57,,1097448,54,4,,1,16,,1118925,54,4,,1,16,,1118955,54,4,,1,16,,1118918,54,4,,1,57,,1118937,54,4,,1,32,,1118960,54,4,,1,55,,1118914,54,4,,1,16,,1118916,54,4,,1,14,,1118922,54,4,,1,13,,1118942,54,4,,1,13,,1118912,54,4,,1,54,,1118923,54,4,,1,14,,1118940,54,4,,1,13,,1118924,54,4,,1,15,,1118956,54,4,,1,52,,1118933,54,4,,1,27,,1118929,54,4,,1,68,,1118911,54,4,,1,29,,1118926,54,4,,1,26,,1118944,54,4,,1,69,,1118931,54,4,,1,29,,1118947,54,4,,1,70,,1118935,54,4,,1,26,,1118917,54,4,,1,70,,1118948,54,4,,1,27,,1118953,54,4,,1,68,,1118934,54,4,,1,43,,1118921,54,4,,1
1401,'10',638,,1118989,54,4,,1,66,,1119005,54,4,,1,18,,1118992,54,4,,1,16,,1078083,54,4,,1,14,,1118978,54,4,,1,60,,1119002,54,4,,1,18,,1118994,54,4,,1,17,,1073099,54,4,,1,56,,1092297,54,4,,1,15,,1118983,54,4,,1,14,,1118990,54,4,,1,15,,1119009,54,4,,1,53,,1118970,54,4,,1,16,,1118964,54,4,,1,14,,1099747,54,4,,1,15,,1118997,54,4,,1,14,,1118966,54,4,,1,55,,942423,54,4,,1,15,,1119001,54,4,,1,18,,1119010,54,4,,1,55,,1118981,54,4,,1,14,,1118987,54,4,,1,16,,1119008,54,4,,1,16,,1119000,54,4,,1,54,,1087365,54,4,,1,16,,1118971,54,4,,1,15,,1118996,54,4,,1,15,,1118979,54,4,,1,58,,1060391,54,4,,1,16,,1119003,54,4,,1,14,,1084902,54,4,,1,17,,1118961,54,4,,1,57,,1097211,54,4,,1,16,,1118976,54,4,,1,16,,1119006,54,4,,1,16,,1118969,54,4,,1,57,,1118988,54,4,,1,32,,1119011,54,4,,1,55,,1118965,54,4,,1,16,,1118967,54,4,,1,14,,1118973,54,4,,1,13,,1118993,54,4,,1,13,,1118963,54,4,,1,54,,1118974,54,4,,1,14,,1118991,54,4,,1,13,,1118975,54,4,,1,15,,1119007,54,4,,1,52,,1118984,54,4,,1,27,,1118980,54,4,,1,68,,1118962,54,4,,1,29,,1118977,54,4,,1,26,,1118995,54,4,,1,69,,1118982,54,4,,1,29,,1118998,54,4,,1,70,,1118986,54,4,,1,26,,1118968,54,4,,1,70,,1118999,54,4,,1,27,,1119004,54,4,,1,68,,1118985,54,4,,1,43,,1118972,54,4,,1
1401,'11',638,,1119040,54,4,,1,66,,1119056,54,4,,1,18,,1119043,54,4,,1,16,,1078357,54,4,,1,14,,1119029,54,4,,1,60,,1119053,54,4,,1,18,,1119045,54,4,,1,17,,1073263,54,4,,1,56,,1092500,54,4,,1,15,,1119034,54,4,,1,14,,1119041,54,4,,1,15,,1119060,54,4,,1,53,,1119021,54,4,,1,16,,1119015,54,4,,1,14,,1099859,54,4,,1,15,,1119048,54,4,,1,14,,1119017,54,4,,1,55,,942730,54,4,,1,15,,1119052,54,4,,1,18,,1119061,54,4,,1,55,,1119032,54,4,,1,14,,1119038,54,4,,1,16,,1119059,54,4,,1,16,,1119051,54,4,,1,54,,1087639,54,4,,1,16,,1119022,54,4,,1,15,,1119047,54,4,,1,15,,1119030,54,4,,1,58,,1060378,54,4,,1,16,,1119054,54,4,,1,14,,1085061,54,4,,1,17,,1119012,54,4,,1,57,,1097517,54,4,,1,16,,1119027,54,4,,1,16,,1119057,54,4,,1,16,,1119020,54,4,,1,57,,1119039,54,4,,1,32,,1119062,54,4,,1,55,,1119016,54,4,,1,16,,1119018,54,4,,1,14,,1119024,54,4,,1,13,,1119044,54,4,,1,13,,1119014,54,4,,1,54,,1119025,54,4,,1,14,,1119042,54,4,,1,13,,1119026,54,4,,1,15,,1119058,54,4,,1,52,,1119035,54,4,,1,27,,1119031,54,4,,1,68,,1119013,54,4,,1,29,,1119028,54,4,,1,26,,1119046,54,4,,1,69,,1119033,54,4,,1,29,,1119049,54,4,,1,70,,1119037,54,4,,1,26,,1119019,54,4,,1,70,,1119050,54,4,,1,27,,1119055,54,4,,1,68,,1119036,54,4,,1,43,,1119023,54,4,,1
1401,'12',638,,1119109,54,4,,1,66,,1119071,54,4,,1,18,,1119097,54,4,,1,16,,1119078,54,4,,1,14,,1119073,54,4,,1,60,,1063552,54,4,,1,18,,1119085,54,4,,1,17,,1119066,54,4,,1,56,,959733,54,4,,1,15,,1119083,54,4,,1,14,,1098332,54,4,,1,15,,1119067,54,4,,1,53,,1119084,54,4,,1,16,,1119100,54,4,,1,14,,1119092,54,4,,1,15,,1119096,54,4,,1,14,,1007216,54,4,,1,55,,1119107,54,4,,1,15,,1119091,54,4,,1,18,,1073801,54,4,,1,55,,1119069,54,4,,1,14,,1119080,54,4,,1,16,,1119106,54,4,,1,16,,1119089,54,4,,1,54,,1119108,54,4,,1,16,,1119079,54,4,,1,15,,1119064,54,4,,1,15,,1119094,54,4,,1,58,,1043791,54,4,,1,16,,1119076,54,4,,1,14,,1119099,54,4,,1,17,,1119093,54,4,,1,57,,1021406,54,4,,1,16,,1119095,54,4,,1,16,,1119101,54,4,,1,16,,1119110,54,4,,1,57,,1119063,54,4,,1,32,,1119075,54,4,,1,55,,1119082,54,4,,1,16,,1119098,54,4,,1,14,,1119112,54,4,,1,13,,1119070,54,4,,1,13,,1119074,54,4,,1,54,,1119065,54,4,,1,14,,1119088,54,4,,1,13,,1119104,54,4,,1,15,,1119111,54,4,,1,52,,1119102,54,4,,1,27,,1119068,54,4,,1,68,,1119090,54,4,,1,29,,1119072,54,4,,1,26,,1119086,54,4,,1,69,,1119081,54,4,,1,29,,1119113,54,4,,1,70,,1119077,54,4,,1,26,,1119105,54,4,,1,70,,999842,54,4,,1,27,,977155,54,4,,1,68,,1119087,54,4,,1,43,,1119103,54,4,,1
1401,'13',739,,1119116,54,4,,1,109,,1119133,54,4,,1,70,,1119114,54,4,,1,31,,1119131,54,4,,1,70,,1119119,54,4,,1,34,,1119134,54,4,,1,70,,1119141,54,4,,1,31,,1119137,54,4,,1,70,,1119132,54,4,,1,35,,1119136,54,4,,1,71,,1119120,54,4,,1,71,,1119115,54,4,,1,30,,1119130,54,4,,1,70,,1119126,54,4,,1,30,,1119128,54,4,,1,70,,1119125,54,4,,1,30,,1119140,54,4,,1,69,,1119124,54,4,,1,30,,1119135,54,4,,1,70,,1094765,54,4,,1,30,,1119123,54,4,,1,28,,1119118,54,4,,1,70,,1119117,54,4,,1,28,,1046201,54,4,,1,70,,1119127,54,4,,1,29,,1119121,54,4,,1,70,,1119122,54,4,,1,30,,1119139,54,4,,1,94,,1119129,54,4,,1,97,,1119138,54,4,,1
1401,'14',638,,1119175,54,4,,1,66,,1119193,54,4,,1,18,,1119178,54,4,,1,16,,1119146,54,4,,1,14,,1119164,54,4,,1,60,,1119190,54,4,,1,18,,1119181,54,4,,1,17,,1119143,54,4,,1,56,,1119199,54,4,,1,15,,1119169,54,4,,1,14,,1119176,54,4,,1,15,,1119198,54,4,,1,53,,1119156,54,4,,1,16,,1119147,54,4,,1,14,,1119151,54,4,,1,15,,1119184,54,4,,1,14,,1119152,54,4,,1,55,,1119187,54,4,,1,15,,1119189,54,4,,1,18,,1119200,54,4,,1,55,,1119167,54,4,,1,14,,1119173,54,4,,1,16,,1119197,54,4,,1,16,,1119188,54,4,,1,54,,1119180,54,4,,1,16,,1119157,54,4,,1,15,,1119183,54,4,,1,15,,1119165,54,4,,1,58,,1119194,54,4,,1,16,,1119191,54,4,,1,14,,1119150,54,4,,1,17,,1119142,54,4,,1,57,,1119149,54,4,,1,16,,1119162,54,4,,1,16,,1119195,54,4,,1,16,,1119155,54,4,,1,57,,1119174,54,4,,1,32,,1119201,54,4,,1,55,,1119148,54,4,,1,16,,1119153,54,4,,1,14,,1119159,54,4,,1,13,,1119179,54,4,,1,13,,1119145,54,4,,1,54,,1119160,54,4,,1,14,,1119177,54,4,,1,13,,1119161,54,4,,1,15,,1119196,54,4,,1,52,,1119170,54,4,,1,27,,1119166,54,4,,1,68,,1119144,54,4,,1,29,,1119163,54,4,,1,26,,1119182,54,4,,1,69,,1119168,54,4,,1,29,,1119185,54,4,,1,70,,1119172,54,4,,1,26,,1119154,54,4,,1,70,,1119186,54,4,,1,27,,1119192,54,4,,1,68,,1119171,54,4,,1,43,,1119158,54,4,,1
1401,'15',638,,1119227,54,4,,1,66,,1119234,54,4,,1,18,,1119247,54,4,,1,16,,1119258,54,4,,1,14,,1119260,54,4,,1,60,,1119246,54,4,,1,18,,1119248,54,4,,1,17,,1119208,54,4,,1,56,,1119213,54,4,,1,15,,1119212,54,4,,1,14,,1119250,54,4,,1,15,,1119211,54,4,,1,53,,1119206,54,4,,1,16,,1119202,54,4,,1,14,,1119231,54,4,,1,15,,1119205,54,4,,1,14,,1119233,54,4,,1,55,,1119256,54,4,,1,15,,1119225,54,4,,1,18,,1119242,54,4,,1,55,,1119223,54,4,,1,14,,1119209,54,4,,1,16,,1119226,54,4,,1,16,,1119228,54,4,,1,54,,1119261,54,4,,1,16,,1119252,54,4,,1,15,,1119210,54,4,,1,15,,1119204,54,4,,1,58,,1119224,54,4,,1,16,,1119259,54,4,,1,14,,1119203,54,4,,1,17,,1119255,54,4,,1,57,,1119249,54,4,,1,16,,1119216,54,4,,1,16,,1119237,54,4,,1,16,,1119253,54,4,,1,57,,1119254,54,4,,1,32,,1119218,54,4,,1,55,,1119238,54,4,,1,16,,1119215,54,4,,1,14,,1119245,54,4,,1,13,,1119230,54,4,,1,13,,1119229,54,4,,1,54,,1119217,54,4,,1,14,,1119257,54,4,,1,13,,1119240,54,4,,1,15,,1119221,54,4,,1,52,,1119239,54,4,,1,27,,1119251,54,4,,1,68,,1119236,54,4,,1,29,,1119219,54,4,,1,26,,1119220,54,4,,1,69,,1119207,54,4,,1,29,,1119232,54,4,,1,70,,1119235,54,4,,1,26,,1119222,54,4,,1,70,,1119241,54,4,,1,27,,1119244,54,4,,1,68,,1119243,54,4,,1,43,,1119214,54,4,,1
1401,'16',638,,1023499,54,4,,1,66,,1119271,54,4,,1,18,,1119300,54,4,,1,16,,1119280,54,4,,1,14,,1119275,54,4,,1,60,,1119314,54,4,,1,18,,1119287,54,4,,1,17,,1119267,54,4,,1,56,,1119274,54,4,,1,15,,1119285,54,4,,1,14,,1119272,54,4,,1,15,,1066978,54,4,,1,53,,1119286,54,4,,1,16,,1119303,54,4,,1,14,,1119295,54,4,,1,15,,1119299,54,4,,1,14,,1119262,54,4,,1,55,,1119310,54,4,,1,15,,1119294,54,4,,1,18,,1119269,54,4,,1,55,,996328,54,4,,1,14,,1119282,54,4,,1,16,,1119309,54,4,,1,16,,1119292,54,4,,1,54,,1086083,54,4,,1,16,,1119281,54,4,,1,15,,1119264,54,4,,1,15,,1119297,54,4,,1,58,,1119289,54,4,,1,16,,1119278,54,4,,1,14,,1119302,54,4,,1,17,,1119296,54,4,,1,57,,1119268,54,4,,1,16,,1119298,54,4,,1,16,,1119304,54,4,,1,16,,1098576,54,4,,1,57,,1119263,54,4,,1,32,,1119277,54,4,,1,55,,1119284,54,4,,1,16,,1119301,54,4,,1,14,,1119313,54,4,,1,13,,1119270,54,4,,1,13,,1119276,54,4,,1,54,,1119266,54,4,,1,14,,1119291,54,4,,1,13,,1119307,54,4,,1,15,,1119312,54,4,,1,52,,1119305,54,4,,1,27,,957302,54,4,,1,68,,1119293,54,4,,1,29,,1119273,54,4,,1,26,,1119288,54,4,,1,69,,1119283,54,4,,1,29,,1066199,54,4,,1,70,,1119279,54,4,,1,26,,1119308,54,4,,1,70,,1119311,54,4,,1,27,,1119265,54,4,,1,68,,1119290,54,4,,1,43,,1119306,54,4,,1
1401,'17',739,,1119317,54,4,,1,109,,1119334,54,4,,1,70,,1119315,54,4,,1,31,,1119332,54,4,,1,70,,1119320,54,4,,1,34,,1119335,54,4,,1,70,,1119344,54,4,,1,31,,1119338,54,4,,1,70,,1119333,54,4,,1,35,,1119337,54,4,,1,71,,1119321,54,4,,1,71,,1119316,54,4,,1,30,,1119331,54,4,,1,70,,1119327,54,4,,1,30,,1119329,54,4,,1,70,,1119326,54,4,,1,30,,1119341,54,4,,1,69,,1119325,54,4,,1,30,,1119336,54,4,,1,70,,1119343,54,4,,1,30,,1119324,54,4,,1,28,,1119319,54,4,,1,70,,1119318,54,4,,1,28,,1119342,54,4,,1,70,,1119328,54,4,,1,29,,1119322,54,4,,1,70,,1119323,54,4,,1,30,,1119340,54,4,,1,94,,1119330,54,4,,1,97,,1119339,54,4,,1
1401,'2',716,,1119380,54,4,,1,30,,1119361,54,4,,1,70,,1119370,54,4,,1,34,,1119348,54,4,,1,70,,1119367,54,4,,1,31,,1119358,54,4,,1,70,,1096012,54,4,,1,34,,1119364,54,4,,1,70,,1119373,54,4,,1,31,,1083019,54,4,,1,70,,1078129,54,4,,1,15,,1119357,54,4,,1,17,,1119376,54,4,,1,55,,1119377,54,4,,1,16,,1119362,54,4,,1,15,,1119369,54,4,,1,56,,1119372,54,4,,1,15,,1119356,54,4,,1,15,,1119349,54,4,,1,15,,1119378,54,4,,1,55,,1119350,54,4,,1,15,,1119351,54,4,,1,15,,1119355,54,4,,1,15,,1119360,54,4,,1,55,,1119374,54,4,,1,15,,1119353,54,4,,1,15,,1119366,54,4,,1,15,,1119346,54,4,,1,14,,1119385,54,4,,1,55,,1119363,54,4,,1,15,,1119382,54,4,,1,15,,1119386,54,4,,1,15,,1119383,54,4,,1,70,,1119375,54,4,,1,28,,1119347,54,4,,1,70,,1119379,54,4,,1,28,,1119381,54,4,,1,70,,1119384,54,4,,1,29,,1119368,54,4,,1,70,,1119354,54,4,,1,30,,1081516,54,4,,1,67,,1119345,54,4,,1,30,,1119365,54,4,,1,67,,1119352,54,4,,1,30,,1119359,54,4,,1,70,,1071569,54,4,,1,40,,1119371,54,4,,1
1401,'3',739,,1119389,54,4,,1,109,,1119406,54,4,,1,70,,1119387,54,4,,1,31,,1119404,54,4,,1,70,,1119392,54,4,,1,34,,1119407,54,4,,1,70,,1119416,54,4,,1,31,,1119410,54,4,,1,70,,1119405,54,4,,1,35,,1119409,54,4,,1,71,,1119393,54,4,,1,71,,1119388,54,4,,1,30,,1119403,54,4,,1,70,,1119399,54,4,,1,30,,1119401,54,4,,1,70,,1119398,54,4,,1,30,,1119413,54,4,,1,69,,1119397,54,4,,1,30,,1119408,54,4,,1,70,,1119415,54,4,,1,30,,1119396,54,4,,1,28,,1119391,54,4,,1,70,,1119390,54,4,,1,28,,1119414,54,4,,1,70,,1119400,54,4,,1,29,,1119394,54,4,,1,70,,1119395,54,4,,1,30,,1119412,54,4,,1,94,,1119402,54,4,,1,97,,1119411,54,4,,1
1401,'4',739,,1119440,54,4,,1,109,,1119423,54,4,,1,70,,1119427,54,4,,1,31,,1091186,54,4,,1,70,,1119425,54,4,,1,34,,1119421,54,4,,1,70,,1119441,54,4,,1,31,,1119436,54,4,,1,70,,1119424,54,4,,1,35,,1119442,54,4,,1,71,,1119432,54,4,,1,71,,1119435,54,4,,1,30,,1022379,54,4,,1,70,,1119422,54,4,,1,30,,1119438,54,4,,1,70,,1119420,54,4,,1,30,,1119418,54,4,,1,69,,1119433,54,4,,1,30,,1119444,54,4,,1,70,,1119443,54,4,,1,30,,1119434,54,4,,1,28,,1119426,54,4,,1,70,,1119429,54,4,,1,28,,1119431,54,4,,1,70,,1119430,54,4,,1,29,,1119428,54,4,,1,70,,1119417,54,4,,1,30,,1119439,54,4,,1,94,,1119437,54,4,,1,97,,1119419,54,4,,1
1401,'5',638,,1119473,54,4,,1,66,,1119489,54,4,,1,18,,1119476,54,4,,1,16,,1078257,54,4,,1,14,,1119462,54,4,,1,60,,1119486,54,4,,1,18,,1119478,54,4,,1,17,,1073207,54,4,,1,56,,1092420,54,4,,1,15,,1119467,54,4,,1,14,,1119474,54,4,,1,15,,1119493,54,4,,1,53,,1119454,54,4,,1,16,,1119448,54,4,,1,14,,1099819,54,4,,1,15,,1119481,54,4,,1,14,,1119450,54,4,,1,55,,942958,54,4,,1,15,,1119485,54,4,,1,18,,1119494,54,4,,1,55,,1119465,54,4,,1,14,,1119471,54,4,,1,16,,1119492,54,4,,1,16,,1119484,54,4,,1,54,,1087532,54,4,,1,16,,1119455,54,4,,1,15,,1119480,54,4,,1,15,,1119463,54,4,,1,58,,1060369,54,4,,1,16,,1119487,54,4,,1,14,,1085007,54,4,,1,17,,1119445,54,4,,1,57,,1097402,54,4,,1,16,,1119460,54,4,,1,16,,1119490,54,4,,1,16,,1119453,54,4,,1,57,,1119472,54,4,,1,32,,1119495,54,4,,1,55,,1119449,54,4,,1,16,,1119451,54,4,,1,14,,1119457,54,4,,1,13,,1119477,54,4,,1,13,,1119447,54,4,,1,54,,1119458,54,4,,1,14,,1119475,54,4,,1,13,,1119459,54,4,,1,15,,1119491,54,4,,1,52,,1119468,54,4,,1,27,,1119464,54,4,,1,68,,1119446,54,4,,1,29,,1119461,54,4,,1,26,,1119479,54,4,,1,69,,1119466,54,4,,1,29,,1119482,54,4,,1,70,,1119470,54,4,,1,26,,1119452,54,4,,1,70,,1119483,54,4,,1,27,,1119488,54,4,,1,68,,1119469,54,4,,1,43,,1119456,54,4,,1
1401,'6',638,,1119538,54,4,,1,66,,1082031,54,4,,1,18,,1082036,54,4,,1,16,,1119509,54,4,,1,14,,1100312,54,4,,1,60,,1119542,54,4,,1,18,,1119515,54,4,,1,17,,1091695,54,4,,1,56,,1119505,54,4,,1,15,,1064249,54,4,,1,14,,1119503,54,4,,1,15,,1119498,54,4,,1,53,,1119514,54,4,,1,16,,1119529,54,4,,1,14,,1119523,54,4,,1,15,,1119527,54,4,,1,14,,1119496,54,4,,1,55,,1119536,54,4,,1,15,,1119522,54,4,,1,18,,1119502,54,4,,1,55,,1119501,54,4,,1,14,,1119511,54,4,,1,16,,1119535,54,4,,1,16,,1119520,54,4,,1,54,,1119537,54,4,,1,16,,1119510,54,4,,1,15,,1038051,54,4,,1,15,,1119525,54,4,,1,58,,1119517,54,4,,1,16,,1119507,54,4,,1,14,,1119528,54,4,,1,17,,1119524,54,4,,1,57,,1119499,54,4,,1,16,,1119526,54,4,,1,16,,1119530,54,4,,1,16,,1119540,54,4,,1,57,,1069400,54,4,,1,32,,1119506,54,4,,1,55,,1119513,54,4,,1,16,,1060422,54,4,,1,14,,1075176,54,4,,1,13,,1079912,54,4,,1,13,,1090553,54,4,,1,54,,1011192,54,4,,1,14,,1119519,54,4,,1,13,,1119533,54,4,,1,15,,1040797,54,4,,1,52,,1119531,54,4,,1,27,,1119500,54,4,,1,68,,1119521,54,4,,1,29,,1119504,54,4,,1,26,,1119516,54,4,,1,69,,1119512,54,4,,1,29,,1119541,54,4,,1,70,,1119508,54,4,,1,26,,1119534,54,4,,1,70,,1119539,54,4,,1,27,,1119497,54,4,,1,68,,1119518,54,4,,1,43,,1119532,54,4,,1
1401,'7',716,,1119585,54,4,,1,30,,1119569,54,4,,1,70,,1119555,54,4,,1,34,,1119582,54,4,,1,70,,1119551,54,4,,1,31,,1119560,54,4,,1,70,,1119559,54,4,,1,34,,1119581,54,4,,1,70,,1119580,54,4,,1,31,,1119543,54,4,,1,70,,1119567,54,4,,1,15,,1119570,54,4,,1,17,,1119578,54,4,,1,55,,1119588,54,4,,1,16,,1119568,54,4,,1,15,,1119571,54,4,,1,56,,1119579,54,4,,1,15,,1119583,54,4,,1,15,,1119545,54,4,,1,15,,1119546,54,4,,1,55,,1119563,54,4,,1,15,,1119589,54,4,,1,15,,1119574,54,4,,1,15,,1119562,54,4,,1,55,,1119576,54,4,,1,15,,1119564,54,4,,1,15,,1119566,54,4,,1,15,,1119549,54,4,,1,14,,1119547,54,4,,1,55,,1119565,54,4,,1,15,,1119587,54,4,,1,15,,1119575,54,4,,1,15,,1119584,54,4,,1,70,,1119573,54,4,,1,28,,1119561,54,4,,1,70,,1119557,54,4,,1,28,,1119558,54,4,,1,70,,1119552,54,4,,1,29,,1119556,54,4,,1,70,,1119577,54,4,,1,30,,1119550,54,4,,1,67,,1119544,54,4,,1,30,,1119572,54,4,,1,67,,1119553,54,4,,1,30,,1119548,54,4,,1,70,,1119586,54,4,,1,40,,1119554,54,4,,1
1401,'8',638,,1119643,54,4,,1,66,,1119602,54,4,,1,18,,1119631,54,4,,1,16,,1119611,54,4,,1,14,,1119606,54,4,,1,60,,1119649,54,4,,1,18,,1119618,54,4,,1,17,,1119595,54,4,,1,56,,1119605,54,4,,1,15,,1119616,54,4,,1,14,,1119603,54,4,,1,15,,1119596,54,4,,1,53,,1119617,54,4,,1,16,,1119634,54,4,,1,14,,1119626,54,4,,1,15,,1119630,54,4,,1,14,,1119590,54,4,,1,55,,1119641,54,4,,1,15,,1119625,54,4,,1,18,,1119600,54,4,,1,55,,1119599,54,4,,1,14,,1119613,54,4,,1,16,,1119640,54,4,,1,16,,1119623,54,4,,1,54,,1119642,54,4,,1,16,,1119612,54,4,,1,15,,1119592,54,4,,1,15,,1119628,54,4,,1,58,,1119620,54,4,,1,16,,1119609,54,4,,1,14,,1119633,54,4,,1,17,,1119627,54,4,,1,57,,1119597,54,4,,1,16,,1119629,54,4,,1,16,,1119635,54,4,,1,16,,1119645,54,4,,1,57,,1119591,54,4,,1,32,,1119608,54,4,,1,55,,1119615,54,4,,1,16,,1119632,54,4,,1,14,,1119647,54,4,,1,13,,1119601,54,4,,1,13,,1119607,54,4,,1,54,,1119594,54,4,,1,14,,1119622,54,4,,1,13,,1119638,54,4,,1,15,,1119646,54,4,,1,52,,1119636,54,4,,1,27,,1119598,54,4,,1,68,,1119624,54,4,,1,29,,1119604,54,4,,1,26,,1119619,54,4,,1,69,,1119614,54,4,,1,29,,1119648,54,4,,1,70,,1119610,54,4,,1,26,,1119639,54,4,,1,70,,1119644,54,4,,1,27,,1119593,54,4,,1,68,,1119621,54,4,,1,43,,1119637,54,4,,1
1401,'9',638,,1119678,54,4,,1,66,,1119694,54,4,,1,18,,1119681,54,4,,1,16,,1078153,54,4,,1,14,,1119667,54,4,,1,60,,1119691,54,4,,1,18,,1119683,54,4,,1,17,,1073138,54,4,,1,56,,1092346,54,4,,1,15,,1119672,54,4,,1,14,,1119679,54,4,,1,15,,1119698,54,4,,1,53,,1119659,54,4,,1,16,,1119653,54,4,,1,14,,1099776,54,4,,1,15,,1119686,54,4,,1,14,,1119655,54,4,,1,55,,942902,54,4,,1,15,,1119690,54,4,,1,18,,1119699,54,4,,1,55,,1119670,54,4,,1,14,,1119676,54,4,,1,16,,1119697,54,4,,1,16,,1119689,54,4,,1,54,,1087432,54,4,,1,16,,1119660,54,4,,1,15,,1119685,54,4,,1,15,,1119668,54,4,,1,58,,1060384,54,4,,1,16,,1119692,54,4,,1,14,,1084940,54,4,,1,17,,1119650,54,4,,1,57,,1097286,54,4,,1,16,,1119665,54,4,,1,16,,1119695,54,4,,1,16,,1119658,54,4,,1,57,,1119677,54,4,,1,32,,1119700,54,4,,1,55,,1119654,54,4,,1,16,,1119656,54,4,,1,14,,1119662,54,4,,1,13,,1119682,54,4,,1,13,,1119652,54,4,,1,54,,1119663,54,4,,1,14,,1119680,54,4,,1,13,,1119664,54,4,,1,15,,1119696,54,4,,1,52,,1119673,54,4,,1,27,,1119669,54,4,,1,68,,1119651,54,4,,1,29,,1119666,54,4,,1,26,,1119684,54,4,,1,69,,1119671,54,4,,1,29,,1119687,54,4,,1,70,,1119675,54,4,,1,26,,1119657,54,4,,1,70,,1119688,54,4,,1,27,,1119693,54,4,,1,68,,1119674,54,4,,1,43,,1119661,54,4,,1
5100,'1',619,,1146508,59,4,,1,104,,1146518,59,4,,1,30,,954026,59,4,,1,84,,1146513,59,4,,1,70,,1068009,59,4,,1,27,,1146514,59,4,,1,70,,1146503,59,4,,1,30,,1091282,59,4,,1,71,,1146505,51,4,,1,30,,1146502,51,4,,1,70,,983735,51,4,,1,32,,1146526,51,4,,1,72,,1082793,51,4,,1,30,,1146512,51,4,,1,70,,1146507,51,4,,1,30,,1146519,51,4,,1,72,,1146510,51,4,,1,26,,1146528,18,4,,1,77,,1146520,51,4,,1,29,,1146501,51,4,,1,70,,1146517,51,4,,1,30,,1146515,51,4,,1,73,,1146521,51,4,,1,28,,1146523,51,4,,1,64,,1146506,51,4,,1,29,,1146511,51,4,,1,63,,1146525,51,4,,1,28,,1146527,51,4,,1,29,,1146509,51,4,,1,69,,1045542,51,4,,1,28,,1146504,51,4,,1,65,,1146516,51,4,,1,28,,1146522,51,4,,1
5100,'10',619,,1146536,59,4,,1,104,,1146546,59,4,,1,30,,953554,59,4,,1,84,,1146541,59,4,,1,70,,1067793,59,4,,1,27,,1146542,59,4,,1,70,,1146531,59,4,,1,30,,1091005,59,4,,1,71,,1146533,51,4,,1,30,,1146530,51,4,,1,70,,983449,51,4,,1,32,,1146554,51,4,,1,72,,1082733,51,4,,1,30,,1146540,51,4,,1,70,,1146535,51,4,,1,30,,1146547,51,4,,1,72,,1146538,51,4,,1,26,,1146556,18,4,,1,77,,1146548,51,4,,1,29,,1146529,51,4,,1,70,,1146545,51,4,,1,30,,1146543,51,4,,1,73,,1146549,51,4,,1,28,,1146551,51,4,,1,64,,1146534,51,4,,1,29,,1146539,51,4,,1,63,,1146553,51,4,,1,28,,1146555,51,4,,1,29,,1146537,51,4,,1,69,,1045705,51,4,,1,28,,1146532,51,4,,1,65,,1146544,51,4,,1,28,,1146550,51,4,,1
5100,'11',619,,1146564,59,4,,1,104,,1146574,59,4,,1,30,,953959,59,4,,1,84,,1146569,59,4,,1,70,,1068063,59,4,,1,27,,1146570,59,4,,1,70,,1146559,59,4,,1,30,,1091356,59,4,,1,71,,1146561,51,4,,1,30,,1146558,51,4,,1,70,,983699,51,4,,1,32,,1146582,51,4,,1,72,,1082813,51,4,,1,30,,1146568,51,4,,1,70,,1146563,51,4,,1,30,,1146575,51,4,,1,72,,1146566,51,4,,1,26,,1146584,18,4,,1,77,,1146576,51,4,,1,29,,1146557,51,4,,1,70,,1146573,51,4,,1,30,,1146571,51,4,,1,73,,1146577,51,4,,1,28,,1146579,51,4,,1,64,,1146562,51,4,,1,29,,1146567,51,4,,1,63,,1146581,51,4,,1,28,,1146583,51,4,,1,29,,1146565,51,4,,1,69,,1045493,51,4,,1,28,,1146560,51,4,,1,65,,1146572,51,4,,1,28,,1146578,51,4,,1
5100,'12',619,,1146595,59,4,,1,104,,1146602,59,4,,1,30,,1146614,59,4,,1,84,,1146592,59,4,,1,70,,1146598,59,4,,1,27,,1146611,59,4,,1,70,,1146610,59,4,,1,30,,1146589,59,4,,1,71,,1146593,51,4,,1,30,,1010636,51,4,,1,70,,1066452,51,4,,1,32,,1146612,51,4,,1,72,,1146607,51,4,,1,30,,1146613,51,4,,1,70,,1079329,51,4,,1,30,,1146601,51,4,,1,72,,1146590,51,4,,1,26,,1146604,18,4,,1,77,,1146591,51,4,,1,29,,1146596,51,4,,1,70,,1146609,51,4,,1,30,,1093316,51,4,,1,73,,1146599,51,4,,1,28,,1146587,51,4,,1,64,,1146605,51,4,,1,29,,1146588,51,4,,1,63,,1146585,51,4,,1,28,,1146606,51,4,,1,29,,1146597,51,4,,1,69,,1146600,51,4,,1,28,,1146594,51,4,,1,65,,1146603,51,4,,1,28,,1146608,51,4,,1
5100,'13',838,,1146635,51,4,,1,100,,1146621,51,4,,1,70,,1146630,51,4,,1,31,,1078989,51,4,,1,70,,1146631,51,4,,1,30,,1146616,51,4,,1,70,,1146633,51,4,,1,31,,1146624,51,4,,1,70,,998336,51,4,,1,30,,1077842,51,4,,1,70,,1146623,51,4,,1,31,,1146619,51,4,,1,70,,1146636,51,4,,1,30,,1146622,51,4,,1,70,,1146632,51,4,,1,28,,1146637,51,4,,1,70,,1062014,51,4,,1,30,,1146615,51,4,,1,70,,1146618,51,4,,1,29,,1146627,51,4,,1,70,,1146634,51,4,,1,30,,1146617,51,4,,1,70,,1146628,51,4,,1,29,,1146620,51,4,,1,71,,1067222,31,4,,1,29,,1146626,51,4,,1,100,,1146629,51,4,,1,98,,1146625,51,4,,1
5100,'14',619,,1146648,59,4,,1,104,,1146658,59,4,,1,30,,1146662,59,4,,1,84,,1146653,59,4,,1,70,,1146645,59,4,,1,27,,1146654,59,4,,1,70,,1146641,59,4,,1,30,,1146640,59,4,,1,71,,1146644,51,4,,1,30,,1146639,51,4,,1,70,,1146643,51,4,,1,32,,1146667,51,4,,1,72,,1146668,51,4,,1,30,,1146652,51,4,,1,70,,1146647,51,4,,1,30,,1146659,51,4,,1,72,,1146650,51,4,,1,26,,1146671,18,4,,1,77,,1146660,51,4,,1,29,,1146638,51,4,,1,70,,1146657,51,4,,1,30,,1146655,51,4,,1,73,,1146661,51,4,,1,28,,1146664,51,4,,1,64,,1146646,51,4,,1,29,,1146651,51,4,,1,63,,1146666,51,4,,1,28,,1146670,51,4,,1,29,,1146649,51,4,,1,69,,1146669,51,4,,1,28,,1146642,51,4,,1,65,,1146656,51,4,,1,28,,1146663,51,4,,1
5100,'15',619,,1146672,59,4,,1,104,,1146680,59,4,,1,30,,1146684,59,4,,1,84,,1146677,59,4,,1,70,,1146699,59,4,,1,27,,1146678,59,4,,1,70,,1146687,59,4,,1,30,,1146700,59,4,,1,71,,1146685,51,4,,1,30,,1146673,51,4,,1,70,,1146705,51,4,,1,32,,1146682,51,4,,1,72,,1146694,51,4,,1,30,,1146689,51,4,,1,70,,1146703,51,4,,1,30,,1146674,51,4,,1,72,,1146676,51,4,,1,26,,1146693,18,4,,1,77,,1146695,51,4,,1,29,,1146683,51,4,,1,70,,1146701,51,4,,1,30,,1146704,51,4,,1,73,,1146679,51,4,,1,28,,1146675,51,4,,1,64,,1146691,51,4,,1,29,,1146688,51,4,,1,63,,1146692,51,4,,1,28,,1146686,51,4,,1,29,,1146702,51,4,,1,69,,1146690,51,4,,1,28,,1146696,51,4,,1,65,,1146697,51,4,,1,28,,1146698,51,4,,1
5100,'16',619,,1146718,59,4,,1,104,,1146724,59,4,,1,30,,1146735,59,4,,1,84,,1146715,59,4,,1,70,,1070973,59,4,,1,27,,1146732,59,4,,1,70,,1077514,59,4,,1,30,,1146712,59,4,,1,71,,1146716,51,4,,1,30,,1146709,51,4,,1,70,,1146708,51,4,,1,32,,1146733,51,4,,1,72,,1146729,51,4,,1,30,,1146734,51,4,,1,70,,1146737,51,4,,1,30,,1146723,51,4,,1,72,,1146713,51,4,,1,26,,1146726,18,4,,1,77,,1146714,51,4,,1,29,,1146719,51,4,,1,70,,1146731,51,4,,1,30,,1146736,51,4,,1,73,,1146721,51,4,,1,28,,1146710,51,4,,1,64,,1146727,51,4,,1,29,,1146711,51,4,,1,63,,1146706,51,4,,1,28,,1146728,51,4,,1,29,,1146720,51,4,,1,69,,1146722,51,4,,1,28,,1146717,51,4,,1,65,,1146725,51,4,,1,28,,1146730,51,4,,1
5100,'17',838,,1146761,51,4,,1,100,,1146746,51,4,,1,70,,1146756,51,4,,1,31,,1146740,51,4,,1,70,,1146757,51,4,,1,30,,1146741,51,4,,1,70,,1146759,51,4,,1,31,,1146750,51,4,,1,70,,1146763,51,4,,1,30,,1146747,51,4,,1,70,,1146749,51,4,,1,31,,1146744,51,4,,1,70,,1146762,51,4,,1,30,,1146748,51,4,,1,70,,1146758,51,4,,1,28,,1146765,51,4,,1,70,,1146764,51,4,,1,30,,1146739,51,4,,1,70,,1146743,51,4,,1,29,,1146753,51,4,,1,70,,1146760,51,4,,1,30,,1146742,51,4,,1,70,,1146754,51,4,,1,29,,1146745,51,4,,1,71,,1146738,31,4,,1,29,,1146752,51,4,,1,100,,1146755,51,4,,1,98,,1146751,51,4,,1
5100,'2',710,,1146783,51,4,,1,100,,1146794,51,4,,1,33,,1146785,51,4,,1,70,,1146779,51,4,,1,30,,1146774,51,4,,1,70,,1146769,51,4,,1,31,,1146770,51,4,,1,70,,1146773,51,4,,1,30,,1146784,51,4,,1,70,,1146772,51,4,,1,31,,1146771,51,4,,1,70,,1146767,51,4,,1,30,,1146780,51,4,,1,70,,1146792,51,4,,1,31,,1146789,51,4,,1,70,,1064550,51,4,,1,30,,1146793,51,4,,1,70,,1146776,51,4,,1,28,,1146768,51,4,,1,70,,1146766,51,4,,1,30,,1146791,51,4,,1,70,,1146786,51,4,,1,29,,1146777,51,4,,1,70,,1146788,51,4,,1,30,,1146781,36,4,,1,70,,1146782,51,4,,1,29,,1146787,36,4,,1,70,,1146795,51,4,,1,100,,1146778,51,4,,1,28,,1146775,36,4,,1,72,,1146790,51,4,,1
5100,'3',838,,1146819,51,4,,1,100,,1146804,51,4,,1,70,,1146814,51,4,,1,31,,1146798,51,4,,1,70,,1146815,51,4,,1,30,,1146799,51,4,,1,70,,1146817,51,4,,1,31,,1146808,51,4,,1,70,,1146821,51,4,,1,30,,1146805,51,4,,1,70,,1146807,51,4,,1,31,,1146802,51,4,,1,70,,1146820,51,4,,1,30,,1146806,51,4,,1,70,,1146816,51,4,,1,28,,1146823,51,4,,1,70,,1146822,51,4,,1,30,,1146797,51,4,,1,70,,1146801,51,4,,1,29,,1146811,51,4,,1,70,,1146818,51,4,,1,30,,1146800,51,4,,1,70,,1146812,51,4,,1,29,,1146803,51,4,,1,71,,1146796,31,4,,1,29,,1146810,51,4,,1,100,,1146813,51,4,,1,98,,1146809,51,4,,1
5100,'4',838,,1146839,51,4,,1,100,,1146836,51,4,,1,70,,1146848,51,4,,1,31,,1146845,51,4,,1,70,,1146847,51,4,,1,30,,1146838,51,4,,1,70,,1146846,51,4,,1,31,,1146840,51,4,,1,70,,1146841,51,4,,1,30,,1146831,51,4,,1,70,,1146830,51,4,,1,31,,1146824,51,4,,1,70,,1146849,51,4,,1,30,,1146833,51,4,,1,70,,1146832,51,4,,1,28,,1146826,51,4,,1,70,,1146842,51,4,,1,30,,1069526,51,4,,1,70,,1146837,51,4,,1,29,,1146829,51,4,,1,70,,1146850,51,4,,1,30,,1146834,51,4,,1,70,,1146825,51,4,,1,29,,1146844,51,4,,1,71,,1146835,31,4,,1,29,,1146828,51,4,,1,100,,1146827,51,4,,1,98,,1146843,51,4,,1
5100,'5',619,,1146858,59,4,,1,104,,1146868,59,4,,1,30,,954229,59,4,,1,84,,1146863,59,4,,1,70,,1067976,59,4,,1,27,,1146864,59,4,,1,70,,1146853,59,4,,1,30,,1091239,59,4,,1,71,,1146855,51,4,,1,30,,1146852,51,4,,1,70,,983850,51,4,,1,32,,1146876,51,4,,1,72,,1082773,51,4,,1,30,,1146862,51,4,,1,70,,1146857,51,4,,1,30,,1146869,51,4,,1,72,,1146860,51,4,,1,26,,1146878,18,4,,1,77,,1146870,51,4,,1,29,,1146851,51,4,,1,70,,1146867,51,4,,1,30,,1146865,51,4,,1,73,,1146871,51,4,,1,28,,1146873,51,4,,1,64,,1146856,51,4,,1,29,,1146861,51,4,,1,63,,1146875,51,4,,1,28,,1146877,51,4,,1,29,,1146859,51,4,,1,69,,1045276,51,4,,1,28,,1146854,51,4,,1,65,,1146866,51,4,,1,28,,1146872,51,4,,1
5100,'6',619,,1103508,59,4,,1,104,,1146895,59,4,,1,30,,1034059,59,4,,1,84,,1146886,59,4,,1,70,,1146891,59,4,,1,27,,1146903,59,4,,1,70,,1146902,59,4,,1,30,,1146883,59,4,,1,71,,1146887,51,4,,1,30,,1146880,51,4,,1,70,,1146879,51,4,,1,32,,1026605,51,4,,1,72,,1146900,51,4,,1,30,,1146904,51,4,,1,70,,1146906,51,4,,1,30,,1146894,51,4,,1,72,,1146884,51,4,,1,26,,1146897,18,4,,1,77,,1146885,51,4,,1,29,,1146889,51,4,,1,70,,1033211,51,4,,1,30,,1146905,51,4,,1,73,,1146892,51,4,,1,28,,1146881,51,4,,1,64,,1146898,51,4,,1,29,,1146882,51,4,,1,63,,1062232,51,4,,1,28,,1146899,51,4,,1,29,,1146890,51,4,,1,69,,1146893,51,4,,1,28,,1146888,51,4,,1,65,,1146896,51,4,,1,28,,1146901,51,4,,1
5100,'7',710,,1146910,51,4,,1,100,,1146926,51,4,,1,33,,1146935,51,4,,1,70,,1146918,51,4,,1,30,,1146933,51,4,,1,70,,1146912,51,4,,1,31,,1146929,51,4,,1,70,,1146915,51,4,,1,30,,1146934,51,4,,1,70,,1146921,51,4,,1,31,,1146916,51,4,,1,70,,1146931,51,4,,1,30,,1146909,51,4,,1,70,,1146923,51,4,,1,31,,1146919,51,4,,1,70,,1146927,51,4,,1,30,,1146925,51,4,,1,70,,1146924,51,4,,1,28,,1146920,51,4,,1,70,,1146930,51,4,,1,30,,1146928,51,4,,1,70,,1146937,51,4,,1,29,,1146917,51,4,,1,70,,1146936,51,4,,1,30,,1146907,36,4,,1,70,,1146914,51,4,,1,29,,1146932,36,4,,1,70,,1146908,51,4,,1,100,,1146913,51,4,,1,28,,1146922,36,4,,1,72,,1146911,51,4,,1
5100,'8',619,,1146950,59,4,,1,104,,1146957,59,4,,1,30,,1146969,59,4,,1,84,,1146947,59,4,,1,70,,1146953,59,4,,1,27,,1146966,59,4,,1,70,,1146965,59,4,,1,30,,1146944,59,4,,1,71,,1146948,51,4,,1,30,,1146941,51,4,,1,70,,1146940,51,4,,1,32,,1146967,51,4,,1,72,,1146962,51,4,,1,30,,1146968,51,4,,1,70,,1146971,51,4,,1,30,,1146956,51,4,,1,72,,1146945,51,4,,1,26,,1146959,18,4,,1,77,,1146946,51,4,,1,29,,1146951,51,4,,1,70,,1146964,51,4,,1,30,,1146970,51,4,,1,73,,1146954,51,4,,1,28,,1146942,51,4,,1,64,,1146960,51,4,,1,29,,1146943,51,4,,1,63,,1146938,51,4,,1,28,,1146961,51,4,,1,29,,1146952,51,4,,1,69,,1146955,51,4,,1,28,,1146949,51,4,,1,65,,1146958,51,4,,1,28,,1146963,51,4,,1
5100,'9',619,,1146979,59,4,,1,104,,1146989,59,4,,1,30,,954162,59,4,,1,84,,1146984,59,4,,1,70,,1067865,59,4,,1,27,,1146985,59,4,,1,70,,1146974,59,4,,1,30,,1091089,59,4,,1,71,,1146976,51,4,,1,30,,1146973,51,4,,1,70,,983814,51,4,,1,32,,1146997,51,4,,1,72,,1082753,51,4,,1,30,,1146983,51,4,,1,70,,1146978,51,4,,1,30,,1146990,51,4,,1,72,,1146981,51,4,,1,26,,1146999,18,4,,1,77,,1146991,51,4,,1,29,,1146972,51,4,,1,70,,1146988,51,4,,1,30,,1146986,51,4,,1,73,,1146992,51,4,,1,28,,1146994,51,4,,1,64,,1146977,51,4,,1,29,,1146982,51,4,,1,63,,1146996,51,4,,1,28,,1146998,51,4,,1,29,,1146980,51,4,,1,69,,1045591,51,4,,1,28,,1146975,51,4,,1,65,,1146987,51,4,,1,28,,1146993,51,4,,1
5101,'1',650,,1147021,1,,,1,70,,1147025,1,,,1,30,,1147023,1,,,1,68,,1147012,1,,,1,15,,1147002,1,,,1,15,,1147004,1,,,1,72,,1147022,1,,,1,30,,1147017,1,,,1,70,,1147015,1,,,1,30,,1147029,1,,,1,70,,1147024,1,,,1,30,,1147003,1,,,1,70,,1147018,1,,,1,30,,1147007,1,,,1,70,,1147009,1,,,1,30,,1147001,1,,,1,69,,1147008,1,,,1,28,,1147006,1,,,1,68,,1077965,1,,,1,32,,1147026,1,,,1,71,,1147030,1,,,1,31,,1147020,1,,,1,72,,1099328,1,,,1,29,,1147005,1,,,1,70,,1147028,1,,,1,30,,1147011,1,,,1,70,,1147013,1,,,1,30,,1147016,1,,,1,70,,1147000,1,,,1,30,,1147019,1,,,1,70,,1147027,1,,,1,30,,1147010,1,,,1,100,,1147014,1,,,1
5101,'10',650,,1147052,1,,,1,70,,1147056,1,,,1,30,,1147054,1,,,1,68,,1147043,1,,,1,15,,1147033,1,,,1,15,,1147035,1,,,1,72,,1147053,1,,,1,30,,1147048,1,,,1,70,,1147046,1,,,1,30,,1147060,1,,,1,70,,1147055,1,,,1,30,,1147034,1,,,1,70,,1147049,1,,,1,30,,1147038,1,,,1,70,,1147040,1,,,1,30,,1147032,1,,,1,69,,1147039,1,,,1,28,,1147037,1,,,1,68,,1077756,1,,,1,32,,1147057,1,,,1,71,,1147061,1,,,1,31,,1147051,1,,,1,72,,1099216,1,,,1,29,,1147036,1,,,1,70,,1147059,1,,,1,30,,1147042,1,,,1,70,,1147044,1,,,1,30,,1147047,1,,,1,70,,1147031,1,,,1,30,,1147050,1,,,1,70,,1147058,1,,,1,30,,1147041,1,,,1,100,,1147045,1,,,1
5101,'11',650,,1147083,1,,,1,70,,1147087,1,,,1,30,,1147085,1,,,1,68,,1147074,1,,,1,15,,1147064,1,,,1,15,,1147066,1,,,1,72,,1147084,1,,,1,30,,1147079,1,,,1,70,,1147077,1,,,1,30,,1147091,1,,,1,70,,1147086,1,,,1,30,,1147065,1,,,1,70,,1147080,1,,,1,30,,1147069,1,,,1,70,,1147071,1,,,1,30,,1147063,1,,,1,69,,1147070,1,,,1,28,,1147068,1,,,1,68,,1078028,1,,,1,32,,1147088,1,,,1,71,,1147092,1,,,1,31,,1147082,1,,,1,72,,1099366,1,,,1,29,,1147067,1,,,1,70,,1147090,1,,,1,30,,1147073,1,,,1,70,,1147075,1,,,1,30,,1147078,1,,,1,70,,1147062,1,,,1,30,,1147081,1,,,1,70,,1147089,1,,,1,30,,1147072,1,,,1,100,,1147076,1,,,1
5101,'12',650,,1147114,1,,,1,70,,1147107,1,,,1,30,,1147120,1,,,1,68,,1147117,1,,,1,15,,1147121,1,,,1,15,,1147099,1,,,1,72,,1147097,1,,,1,30,,1147101,1,,,1,70,,1147096,1,,,1,30,,1147102,1,,,1,70,,1147109,1,,,1,30,,1147113,1,,,1,70,,1147100,1,,,1,30,,1068289,1,,,1,70,,1147115,1,,,1,30,,1069543,1,,,1,69,,1147110,1,,,1,28,,1147108,1,,,1,68,,1147111,1,,,1,32,,1147103,1,,,1,71,,1147094,1,,,1,31,,1147112,1,,,1,72,,1147118,1,,,1,29,,1076941,1,,,1,70,,1147119,1,,,1,30,,1147106,1,,,1,70,,1147104,1,,,1,30,,1147098,1,,,1,70,,1147122,1,,,1,30,,1147095,1,,,1,70,,1147093,1,,,1,30,,1147116,1,,,1,100,,1147105,1,,,1
5101,'13',845,,1147139,1,,,1,70,,1076184,1,,,1,30,,1147145,1,,,1,70,,1147129,1,,,1,30,,1147130,1,,,1,70,,1147142,1,,,1,30,,1147134,1,,,1,70,,1147140,1,,,1,30,,1147147,1,,,1,70,,1147123,1,,,1,30,,1019839,1,,,1,70,,1147138,1,,,1,30,,1147136,1,,,1,70,,1147132,1,,,1,30,,1147135,1,,,1,70,,1147125,1,,,1,30,,1147127,1,,,1,70,,1147126,1,,,1,30,,1147133,1,,,1,70,,1147137,1,,,1,30,,1147128,1,,,1,70,,1147144,1,,,1,30,,1147141,1,,,1,70,,1147146,1,0,79,1,30,,1147143,1,,,1,100,,1147124,1,,,1,100,,1011624,1,0,79,1,100,,1147131,1,,,1
5101,'14',650,,1147169,1,,,1,70,,1147173,1,,,1,30,,1147171,1,,,1,68,,1147160,1,,,1,15,,1147150,1,,,1,15,,1147152,1,,,1,72,,1147170,1,,,1,30,,1147165,1,,,1,70,,1147163,1,,,1,30,,1147179,1,,,1,70,,1147172,1,,,1,30,,1147151,1,,,1,70,,1147166,1,,,1,30,,1147155,1,,,1,70,,1147157,1,,,1,30,,1147149,1,,,1,69,,1147156,1,,,1,28,,1147154,1,,,1,68,,1147176,1,,,1,32,,1147174,1,,,1,71,,1147180,1,,,1,31,,1147168,1,,,1,72,,1147175,1,,,1,29,,1147153,1,,,1,70,,1147178,1,,,1,30,,1147159,1,,,1,70,,1147161,1,,,1,30,,1147164,1,,,1,70,,1147148,1,,,1,30,,1147167,1,,,1,70,,1147177,1,,,1,30,,1147158,1,,,1,100,,1147162,1,,,1
5101,'15',650,,1147190,1,,,1,70,,1147207,1,,,1,30,,1147183,1,,,1,68,,1147194,1,,,1,15,,1147184,1,,,1,15,,1147181,1,,,1,72,,1147200,1,,,1,30,,1147191,1,,,1,70,,1147208,1,,,1,30,,1147186,1,,,1,70,,1147209,1,,,1,30,,1147205,1,,,1,70,,1147198,1,,,1,30,,1147211,1,,,1,70,,1147203,1,,,1,30,,1147195,1,,,1,69,,1147193,1,,,1,28,,1147196,1,,,1,68,,1147187,1,,,1,32,,1147188,1,,,1,71,,1147213,1,,,1,31,,1147201,1,,,1,72,,1147210,1,,,1,29,,1147199,1,,,1,70,,1147204,1,,,1,30,,1147192,1,,,1,70,,1147206,1,,,1,30,,1147212,1,,,1,70,,1147182,1,,,1,30,,1147189,1,,,1,70,,1147197,1,,,1,30,,1147202,1,,,1,100,,1147185,1,,,1
5101,'16',650,,1147236,1,,,1,70,,1147229,1,,,1,30,,1147242,1,,,1,68,,1147239,1,,,1,15,,1101436,1,,,1,15,,1147220,1,,,1,72,,1147218,1,,,1,30,,1147223,1,,,1,70,,1147217,1,,,1,30,,1147224,1,,,1,70,,1147231,1,,,1,30,,1147235,1,,,1,70,,1147221,1,,,1,30,,1147216,1,,,1,70,,1147237,1,,,1,30,,1147234,1,,,1,69,,1147232,1,,,1,28,,1147230,1,,,1,68,,1062650,1,,,1,32,,1147225,1,,,1,71,,1147214,1,,,1,31,,1147233,1,,,1,72,,1147240,1,,,1,29,,1147222,1,,,1,70,,1147241,1,,,1,30,,1147228,1,,,1,70,,1147226,1,,,1,30,,1147219,1,,,1,70,,1147243,1,,,1,30,,1147215,1,,,1,70,,1086415,1,,,1,30,,1147238,1,,,1,100,,1147227,1,,,1
5101,'17',845,,1147263,1,,,1,70,,1147252,1,,,1,30,,1147269,1,,,1,70,,1147253,1,,,1,30,,1147254,1,,,1,70,,1147266,1,,,1,30,,1147258,1,,,1,70,,1147264,1,,,1,30,,1147271,1,,,1,70,,1147244,1,,,1,30,,1147250,1,,,1,70,,1147262,1,,,1,30,,1147260,1,,,1,70,,1147256,1,,,1,30,,1147259,1,,,1,70,,1147246,1,,,1,30,,1147249,1,,,1,70,,1147248,1,,,1,30,,1147257,1,,,1,70,,1147261,1,,,1,30,,1147251,1,,,1,70,,1147268,1,,,1,30,,1147265,1,,,1,70,,1147270,1,0,79,1,30,,1147267,1,,,1,100,,1147245,1,,,1,100,,1147247,1,0,79,1,100,,1147255,1,,,1
5101,'2',721,,1147291,1,,,1,100,,1147277,1,,,1,30,,1147289,1,,,1,70,,1147287,1,,,1,30,,1147290,1,,,1,70,,1147297,1,,,1,30,,1147276,1,,,1,70,,1147286,1,,,1,30,,1147279,1,,,1,70,,1147280,1,,,1,30,,1147296,1,,,1,70,,1147283,1,,,1,30,,1147298,1,,,1,70,,1147295,1,,,1,30,,1062818,1,,,1,70,,1073955,1,,,1,30,,1147274,1,,,1,70,,1147282,1,,,1,30,,1147294,1,,,1,70,,1147288,1,,,1,31,,1147281,1,,,1,70,,1147278,1,0,56 57,1,30,,1147285,1,,,1,70,,1147292,1,0,56 57,1,30,,1147272,1,,,1,70,,1147293,1,0,56 57,1,30,,1083403,1,,,1,70,,1147284,1,0,56 57,1,30,,1147273,1,,,1,100,,1036703,1,,,1,100,,1147275,1,,,1
5101,'3',845,,1147318,1,,,1,70,,1147307,1,,,1,30,,1147324,1,,,1,70,,1147308,1,,,1,30,,1147309,1,,,1,70,,1147321,1,,,1,30,,1147313,1,,,1,70,,1147319,1,,,1,30,,1147326,1,,,1,70,,1147299,1,,,1,30,,1147305,1,,,1,70,,1147317,1,,,1,30,,1147315,1,,,1,70,,1147311,1,,,1,30,,1147314,1,,,1,70,,1147301,1,,,1,30,,1147304,1,,,1,70,,1147303,1,,,1,30,,1147312,1,,,1,70,,1147316,1,,,1,30,,1147306,1,,,1,70,,1147323,1,,,1,30,,1147320,1,,,1,70,,1147325,1,0,79,1,30,,1147322,1,,,1,100,,1147300,1,,,1,100,,1147302,1,0,79,1,100,,1147310,1,,,1
5101,'4',845,,1147346,1,,,1,70,,1147349,1,,,1,30,,1147354,1,,,1,70,,1147341,1,,,1,30,,1147347,1,,,1,70,,1147338,1,,,1,30,,1147350,1,,,1,70,,1147331,1,,,1,30,,1147339,1,,,1,70,,1147342,1,,,1,30,,1147330,1,,,1,70,,1147333,1,,,1,30,,1147343,1,,,1,70,,1147337,1,,,1,30,,1147328,1,,,1,70,,1147348,1,,,1,30,,1147336,1,,,1,70,,1147353,1,,,1,30,,1147352,1,,,1,70,,1147334,1,,,1,30,,1147345,1,,,1,70,,1147329,1,,,1,30,,1147344,1,,,1,70,,1147340,1,0,79,1,30,,1147332,1,,,1,100,,1147327,1,,,1,100,,1147351,1,0,79,1,100,,1147335,1,,,1
5101,'5',650,,1147376,1,,,1,70,,1147380,1,,,1,30,,1147378,1,,,1,68,,1147367,1,,,1,15,,1147357,1,,,1,15,,1147359,1,,,1,72,,1147377,1,,,1,30,,1147372,1,,,1,70,,1147370,1,,,1,30,,1147384,1,,,1,70,,1147379,1,,,1,30,,1147358,1,,,1,70,,1147373,1,,,1,30,,1147362,1,,,1,70,,1147364,1,,,1,30,,1147356,1,,,1,69,,1147363,1,,,1,28,,1147361,1,,,1,68,,1077926,1,,,1,32,,1147381,1,,,1,71,,1147385,1,,,1,31,,1147375,1,,,1,72,,1099305,1,,,1,29,,1147360,1,,,1,70,,1147383,1,,,1,30,,1147366,1,,,1,70,,1147368,1,,,1,30,,1147371,1,,,1,70,,1147355,1,,,1,30,,1147374,1,,,1,70,,1147382,1,,,1,30,,1147365,1,,,1,100,,1147369,1,,,1
5101,'6',650,,1147402,1,,,1,70,,1147394,1,,,1,30,,1147407,1,,,1,68,,1147405,1,,,1,15,,1147408,1,,,1,15,,1018789,1,,,1,72,,1078831,1,,,1,30,,1006261,1,,,1,70,,1066617,1,,,1,30,,1147389,1,,,1,70,,1147396,1,,,1,30,,1147401,1,,,1,70,,1039964,1,,,1,30,,1147387,1,,,1,70,,1147403,1,,,1,30,,1147400,1,,,1,69,,1147397,1,,,1,28,,1147395,1,,,1,68,,1147398,1,,,1,32,,1147390,1,,,1,71,,1068933,1,,,1,31,,1147399,1,,,1,72,,1147406,1,,,1,29,,1147388,1,,,1,70,,997833,1,,,1,30,,1147393,1,,,1,70,,1147391,1,,,1,30,,1069169,1,,,1,70,,1147409,1,,,1,30,,1102310,1,,,1,70,,1147386,1,,,1,30,,1147404,1,,,1,100,,1147392,1,,,1
5101,'7',721,,1147433,1,,,1,100,,1147425,1,,,1,30,,1147426,1,,,1,70,,1147429,1,,,1,30,,1147413,1,,,1,70,,1147411,1,,,1,30,,1147432,1,,,1,70,,1147435,1,,,1,30,,1147419,1,,,1,70,,1147418,1,,,1,30,,1147434,1,,,1,70,,1147416,1,,,1,30,,1147438,1,,,1,70,,1147428,1,,,1,30,,1147427,1,,,1,70,,1147417,1,,,1,30,,1147415,1,,,1,70,,1147439,1,,,1,30,,1147410,1,,,1,70,,1147421,1,,,1,31,,1147412,1,,,1,70,,1147437,1,0,56 57,1,30,,1147422,1,,,1,70,,1147414,1,0,56 57,1,30,,1147424,1,,,1,70,,1147440,1,0,56 57,1,30,,1147436,1,,,1,70,,1147420,1,0,56 57,1,30,,1147431,1,,,1,100,,1147430,1,,,1,100,,1147423,1,,,1
5101,'8',650,,1147465,1,,,1,70,,1147457,1,,,1,30,,1147471,1,,,1,68,,1147468,1,,,1,15,,1147472,1,,,1,15,,1147448,1,,,1,72,,1147446,1,,,1,30,,1147451,1,,,1,70,,1147445,1,,,1,30,,1147452,1,,,1,70,,1147459,1,,,1,30,,1147464,1,,,1,70,,1147449,1,,,1,30,,1147444,1,,,1,70,,1147466,1,,,1,30,,1147463,1,,,1,69,,1147460,1,,,1,28,,1147458,1,,,1,68,,1147461,1,,,1,32,,1147453,1,,,1,71,,1147442,1,,,1,31,,1147462,1,,,1,72,,1147469,1,,,1,29,,1147450,1,,,1,70,,1147470,1,,,1,30,,1147456,1,,,1,70,,1147454,1,,,1,30,,1147447,1,,,1,70,,1147473,1,,,1,30,,1147443,1,,,1,70,,1147441,1,,,1,30,,1147467,1,,,1,100,,1147455,1,,,1
5101,'9',650,,1147495,1,,,1,70,,1147499,1,,,1,30,,1147497,1,,,1,68,,1147486,1,,,1,15,,1147476,1,,,1,15,,1147478,1,,,1,72,,1147496,1,,,1,30,,1147491,1,,,1,70,,1147489,1,,,1,30,,1147503,1,,,1,70,,1147498,1,,,1,30,,1147477,1,,,1,70,,1147492,1,,,1,30,,1147481,1,,,1,70,,1147483,1,,,1,30,,1147475,1,,,1,69,,1147482,1,,,1,28,,1147480,1,,,1,68,,1077825,1,,,1,32,,1147500,1,,,1,71,,1147504,1,,,1,31,,1147494,1,,,1,72,,1099251,1,,,1,29,,1147479,1,,,1,70,,1147502,1,,,1,30,,1147485,1,,,1,70,,1147487,1,,,1,30,,1147490,1,,,1,70,,1147474,1,,,1,30,,1147493,1,,,1,70,,1147501,1,,,1,30,,1147484,1,,,1,100,,1147488,1,,,1
5300,'1',614,,1075543,59,4,,1,30,,1147537,59,4,,1,15,,1147514,59,4,,1,56,,1147507,59,4,,1,15,,1095636,59,4,,1,15,,1147517,59,4,,1,60,,1147528,59,4,,1,21,,1147542,59,4,,1,14,,1147545,59,4,,1,17,,1147520,59,4,,1,52,,1147508,59,4,,1,13,,1147526,59,4,,1,10,,1147510,59,4,,1,20,,1147546,59,4,,1,66,,1147509,59,4,,1,30,,1147530,59,4,,1,72,,1147535,59,4,,1,32,,1147544,59,4,,1,70,,1147523,59,4,,1,30,,1147515,59,4,,1,69,,1054571,59,4,,1,31,,1055890,59,4,,1,70,,1147506,59,4,,1,32,,1147534,59,4,,1,71,,1147513,59,4,,1,29,,1147518,59,4,,1,55,,1147527,59,4,,1,16,,1147540,59,4,,1,16,,1147539,59,4,,1,17,,1147512,59,4,,1,52,,1147541,59,4,,1,15,,1147529,59,4,,1,14,,1147543,59,4,,1,18,,1147516,59,4,,1,53,,1092160,59,4,,1,14,,1147532,59,4,,1,12,,1076659,59,4,,1,12,,1147505,59,4,,1,59,,1147521,59,4,,1,20,,1084468,59,4,,1,27,,1147522,59,4,,1,70,,1147511,59,4,,1,28,,1147525,59,4,,1,70,,1062600,59,4,,1,26,,1147519,59,4,,1,67,,1147531,59,4,,1,29,,1147524,59,4,,1,100,,1147536,59,4,,1,96,,1147533,59,4,,1
5300,'10',614,,1075207,59,4,,1,30,,1147579,59,4,,1,15,,1147556,59,4,,1,56,,1147549,59,4,,1,15,,1095402,59,4,,1,15,,1147559,59,4,,1,60,,1147570,59,4,,1,21,,1147584,59,4,,1,14,,1147587,59,4,,1,17,,1147562,59,4,,1,52,,1147550,59,4,,1,13,,1147568,59,4,,1,10,,1147552,59,4,,1,20,,1147588,59,4,,1,66,,1147551,59,4,,1,30,,1147572,59,4,,1,72,,1147577,59,4,,1,32,,1147586,59,4,,1,70,,1147565,59,4,,1,30,,1147557,59,4,,1,69,,1054623,59,4,,1,31,,1055983,59,4,,1,70,,1147548,59,4,,1,32,,1147576,59,4,,1,71,,1147555,59,4,,1,29,,1147560,59,4,,1,55,,1147569,59,4,,1,16,,1147582,59,4,,1,16,,1147581,59,4,,1,17,,1147554,59,4,,1,52,,1147583,59,4,,1,15,,1147571,59,4,,1,14,,1147585,59,4,,1,18,,1147558,59,4,,1,53,,1091999,59,4,,1,14,,1147574,59,4,,1,12,,1076453,59,4,,1,12,,1147547,59,4,,1,59,,1147563,59,4,,1,20,,1084284,59,4,,1,27,,1147564,59,4,,1,70,,1147553,59,4,,1,28,,1147567,59,4,,1,70,,1062290,59,4,,1,26,,1147561,59,4,,1,67,,1147573,59,4,,1,29,,1147566,59,4,,1,100,,1147578,59,4,,1,96,,1147575,59,4,,1
5300,'11',614,,1075635,59,4,,1,30,,1147621,59,4,,1,15,,1147598,59,4,,1,56,,1147591,59,4,,1,15,,1095709,59,4,,1,15,,1147601,59,4,,1,60,,1147612,59,4,,1,21,,1147626,59,4,,1,14,,1147629,59,4,,1,17,,1147604,59,4,,1,52,,1147592,59,4,,1,13,,1147610,59,4,,1,10,,1147594,59,4,,1,20,,1147630,59,4,,1,66,,1147593,59,4,,1,30,,1147614,59,4,,1,72,,1147619,59,4,,1,32,,1147628,59,4,,1,70,,1147607,59,4,,1,30,,1147599,59,4,,1,69,,1054556,59,4,,1,31,,1055861,59,4,,1,70,,1147590,59,4,,1,32,,1147618,59,4,,1,71,,1147597,59,4,,1,29,,1147602,59,4,,1,55,,1147611,59,4,,1,16,,1147624,59,4,,1,16,,1147623,59,4,,1,17,,1147596,59,4,,1,52,,1147625,59,4,,1,15,,1147613,59,4,,1,14,,1147627,59,4,,1,18,,1147600,59,4,,1,53,,1092205,59,4,,1,14,,1147616,59,4,,1,12,,1076723,59,4,,1,12,,1147589,59,4,,1,59,,1147605,59,4,,1,20,,1084524,59,4,,1,27,,1147606,59,4,,1,70,,1147595,59,4,,1,28,,1147609,59,4,,1,70,,1062678,59,4,,1,26,,1147603,59,4,,1,67,,1147615,59,4,,1,29,,1147608,59,4,,1,100,,1147620,59,4,,1,96,,1147617,59,4,,1
5300,'12',614,,1147647,59,4,,1,30,,1147658,59,4,,1,15,,1147671,59,4,,1,56,,1096729,59,4,,1,15,,1147649,59,4,,1,15,,1147674,59,4,,1,60,,1147673,59,4,,1,21,,1147664,59,4,,1,14,,1147667,59,4,,1,17,,1147653,59,4,,1,52,,1147645,59,4,,1,13,,1147638,59,4,,1,10,,1147640,59,4,,1,20,,1147642,59,4,,1,66,,1147665,59,4,,1,30,,1147661,59,4,,1,72,,1070870,59,4,,1,32,,1147669,59,4,,1,70,,1147662,59,4,,1,30,,1147632,59,4,,1,69,,1147648,59,4,,1,31,,1038818,59,4,,1,70,,938929,59,4,,1,32,,1147652,59,4,,1,71,,1147633,59,4,,1,29,,1147644,59,4,,1,55,,1147637,59,4,,1,16,,1147639,59,4,,1,16,,1147654,59,4,,1,17,,1147655,59,4,,1,52,,1147668,59,4,,1,15,,1147631,59,4,,1,14,,1147672,59,4,,1,18,,1147656,59,4,,1,53,,1147676,59,4,,1,14,,1147636,59,4,,1,12,,1147635,59,4,,1,12,,1147641,59,4,,1,59,,1147651,59,4,,1,20,,1147675,59,4,,1,27,,1147663,59,4,,1,70,,1147634,59,4,,1,28,,1147660,59,4,,1,70,,1147670,59,4,,1,26,,1147643,59,4,,1,67,,1147650,59,4,,1,29,,1147657,59,4,,1,100,,1147646,59,4,,1,96,,1147659,59,4,,1
5300,'13',700,,1147698,59,4,,1,100,,1147693,59,4,,1,101,,1147700,59,4,,1,30,,1088534,59,4,,1,70,,1147692,59,4,,1,28,,1147701,59,4,,1,73,,1147684,59,4,,1,30,,1147703,59,4,,1,70,,1147696,59,4,,1,30,,1147699,59,4,,1,72,,1147704,59,4,,1,30,,1147682,59,4,,1,70,,1094030,59,4,,1,30,,1147689,59,4,,1,70,,1147702,59,4,,1,30,,1147686,59,4,,1,70,,1072542,59,4,,1,30,,1147679,59,4,,1,68,,1147695,59,4,,1,30,,1147685,59,4,,1,70,,1147677,59,4,,1,30,,1147680,59,4,,1,70,,1147678,59,4,,1,30,,1147683,59,4,,1,68,,1147687,59,4,,1,30,,1147705,59,4,,1,70,,1147691,59,4,,1,30,,1147690,59,4,,1,28,,1147697,59,4,,1,70,,1147681,59,4,,1,79,,1147694,59,4,,1
5300,'14',614,,1147718,59,4,,1,30,,1147743,59,4,,1,15,,1147719,59,4,,1,56,,1147709,59,4,,1,15,,1147749,59,4,,1,15,,1147722,59,4,,1,60,,1147734,59,4,,1,21,,1147748,59,4,,1,14,,1147752,59,4,,1,17,,1147726,59,4,,1,52,,1147711,59,4,,1,13,,1147732,59,4,,1,10,,1147713,59,4,,1,20,,1147755,59,4,,1,66,,1147712,59,4,,1,30,,1147736,59,4,,1,72,,1147741,59,4,,1,32,,1147751,59,4,,1,70,,1147729,59,4,,1,30,,1147720,59,4,,1,69,,1147707,59,4,,1,31,,1147723,59,4,,1,70,,1147708,59,4,,1,32,,1147740,59,4,,1,71,,1147717,59,4,,1,29,,1147724,59,4,,1,55,,1147733,59,4,,1,16,,1147746,59,4,,1,16,,1147745,59,4,,1,17,,1147716,59,4,,1,52,,1147747,59,4,,1,15,,1147735,59,4,,1,14,,1147750,59,4,,1,18,,1147721,59,4,,1,53,,1147710,59,4,,1,14,,1147738,59,4,,1,12,,1147754,59,4,,1,12,,1147706,59,4,,1,59,,1147727,59,4,,1,20,,1147753,59,4,,1,27,,1147728,59,4,,1,70,,1147715,59,4,,1,28,,1147731,59,4,,1,70,,1147714,59,4,,1,26,,1147725,59,4,,1,67,,1147737,59,4,,1,29,,1147730,59,4,,1,100,,1147742,59,4,,1,96,,1147739,59,4,,1
5300,'15',614,,1147779,59,4,,1,30,,1147793,59,4,,1,15,,1147801,59,4,,1,56,,1147776,59,4,,1,15,,1147757,59,4,,1,15,,1147791,59,4,,1,60,,1147758,59,4,,1,21,,1147775,59,4,,1,14,,1147763,59,4,,1,17,,1147770,59,4,,1,52,,1147797,59,4,,1,13,,1147762,59,4,,1,10,,1147786,59,4,,1,20,,1147794,59,4,,1,66,,1147788,59,4,,1,30,,1147781,59,4,,1,72,,1147772,59,4,,1,32,,1147798,59,4,,1,70,,1147783,59,4,,1,30,,1147759,59,4,,1,69,,1147768,59,4,,1,31,,1147765,59,4,,1,70,,1147764,59,4,,1,32,,1147796,59,4,,1,71,,1147785,59,4,,1,29,,1147767,59,4,,1,55,,1147773,59,4,,1,16,,1147766,59,4,,1,16,,1147804,59,4,,1,17,,1147803,59,4,,1,52,,1147777,59,4,,1,15,,1147787,59,4,,1,14,,1147778,59,4,,1,18,,1147784,59,4,,1,53,,1147780,59,4,,1,14,,1147756,59,4,,1,12,,1147760,59,4,,1,12,,1147800,59,4,,1,59,,1147771,59,4,,1,20,,1147769,59,4,,1,27,,1147782,59,4,,1,70,,1147792,59,4,,1,28,,1147789,59,4,,1,70,,1147795,59,4,,1,26,,1147790,59,4,,1,67,,1147799,59,4,,1,29,,1147774,59,4,,1,100,,1147761,59,4,,1,96,,1147805,59,4,,1
5300,'16',614,,1147821,59,4,,1,30,,1147833,59,4,,1,15,,1147845,59,4,,1,56,,1147844,59,4,,1,15,,1147823,59,4,,1,15,,1147847,59,4,,1,60,,1147846,59,4,,1,21,,1147839,59,4,,1,14,,1028682,59,4,,1,17,,1147828,59,4,,1,52,,1147819,59,4,,1,13,,944949,59,4,,1,10,,1147813,59,4,,1,20,,1147815,59,4,,1,66,,1147840,59,4,,1,30,,1147836,59,4,,1,72,,1147826,59,4,,1,32,,1147843,59,4,,1,70,,1147837,59,4,,1,30,,1091319,59,4,,1,69,,1147822,59,4,,1,31,,1147816,59,4,,1,70,,1147842,59,4,,1,32,,1147827,59,4,,1,71,,1147807,59,4,,1,29,,1147818,59,4,,1,55,,1147811,59,4,,1,16,,1147812,59,4,,1,16,,1147829,59,4,,1,17,,1147830,59,4,,1,52,,1029645,59,4,,1,15,,1147806,59,4,,1,14,,1064946,59,4,,1,18,,1147831,59,4,,1,53,,1100998,59,4,,1,14,,1147810,59,4,,1,12,,1147809,59,4,,1,12,,1147814,59,4,,1,59,,1147825,59,4,,1,20,,1147848,59,4,,1,27,,1147838,59,4,,1,70,,1147808,59,4,,1,28,,1147835,59,4,,1,70,,1065170,59,4,,1,26,,1147817,59,4,,1,67,,1147824,59,4,,1,29,,1147832,59,4,,1,100,,1147820,59,4,,1,96,,1147834,59,4,,1
5300,'17',700,,1147873,59,4,,1,100,,1147868,59,4,,1,101,,1147875,59,4,,1,30,,1147849,59,4,,1,70,,1147867,59,4,,1,28,,1147876,59,4,,1,73,,1147859,59,4,,1,30,,1147878,59,4,,1,70,,1147871,59,4,,1,30,,1147874,59,4,,1,72,,1147879,59,4,,1,30,,1147857,59,4,,1,70,,1147856,59,4,,1,30,,1147864,59,4,,1,70,,1147877,59,4,,1,30,,1147861,59,4,,1,70,,1147853,59,4,,1,30,,1147852,59,4,,1,68,,1147870,59,4,,1,30,,1147860,59,4,,1,70,,1147850,59,4,,1,30,,1147854,59,4,,1,70,,1147851,59,4,,1,30,,1147858,59,4,,1,68,,1147862,59,4,,1,30,,1147880,59,4,,1,70,,1147866,59,4,,1,30,,1147865,59,4,,1,28,,1147872,59,4,,1,70,,1147855,59,4,,1,79,,1147869,59,4,,1
5300,'2',614,,1147896,59,4,,1,40,,1147897,59,4,,1,70,,1147909,59,4,,1,30,,1147892,59,4,,1,70,,1147894,59,4,,1,31,,1147904,59,4,,1,70,,1147890,59,4,,1,30,,1147895,59,4,,1,70,,1147908,59,4,,1,33,,1147902,59,4,,1,70,,1147899,59,4,,1,30,,1147886,59,4,,1,70,,1147900,59,4,,1,72,,1147881,59,4,,1,30,,1147887,59,4,,1,70,,1147910,59,4,,1,30,,1147888,59,4,,1,70,,1147907,59,4,,1,30,,1068975,59,4,,1,70,,1147891,59,4,,1,30,,1147906,59,4,,1,28,,1147903,59,4,,1,70,,1096586,59,4,,1,30,,1147893,59,4,,1,70,,1147884,59,4,,1,30,,1147901,59,4,,1,70,,1147889,59,4,,1,28,,1080905,59,4,,1,70,,1091747,59,4,,1,30,,1147905,59,4,,1,76,,1147898,59,4,,1,68,,1011584,59,4,,1,30,,1147883,59,4,,1,70,,1147885,59,4,,1,100,,1147882,59,4,,1
5300,'3',700,,1147935,59,4,,1,100,,1147930,59,4,,1,101,,1147937,59,4,,1,30,,1147911,59,4,,1,70,,1147929,59,4,,1,28,,1147938,59,4,,1,73,,1147921,59,4,,1,30,,1147940,59,4,,1,70,,1147933,59,4,,1,30,,1147936,59,4,,1,72,,1147941,59,4,,1,30,,1147919,59,4,,1,70,,1147918,59,4,,1,30,,1147926,59,4,,1,70,,1147939,59,4,,1,30,,1147923,59,4,,1,70,,1147915,59,4,,1,30,,1147914,59,4,,1,68,,1147932,59,4,,1,30,,1147922,59,4,,1,70,,1147912,59,4,,1,30,,1147916,59,4,,1,70,,1147913,59,4,,1,30,,1147920,59,4,,1,68,,1147924,59,4,,1,30,,1147942,59,4,,1,70,,1147928,59,4,,1,30,,1147927,59,4,,1,28,,1147934,59,4,,1,70,,1147917,59,4,,1,79,,1147931,59,4,,1
5300,'4',700,,1147953,59,4,,1,100,,1147959,59,4,,1,101,,1147954,59,4,,1,30,,1147951,59,4,,1,70,,1098664,59,4,,1,28,,1147950,59,4,,1,73,,1147969,59,4,,1,30,,1147967,59,4,,1,70,,1147949,59,4,,1,30,,1076925,59,4,,1,72,,1147957,59,4,,1,30,,1147965,59,4,,1,70,,1076214,59,4,,1,30,,1147964,59,4,,1,70,,1147947,59,4,,1,30,,1147956,59,4,,1,70,,1147955,59,4,,1,30,,1147946,59,4,,1,68,,1012580,59,4,,1,30,,1147952,59,4,,1,70,,1147943,59,4,,1,30,,1147961,59,4,,1,70,,1147960,59,4,,1,30,,1147968,59,4,,1,68,,1147944,59,4,,1,30,,1147945,59,4,,1,70,,1147963,59,4,,1,30,,1063487,59,4,,1,28,,1147958,59,4,,1,70,,1147948,59,4,,1,79,,1147966,59,4,,1
5300,'5',614,,1075501,59,4,,1,30,,1148002,59,4,,1,15,,1147979,59,4,,1,56,,1147972,59,4,,1,15,,1095589,59,4,,1,15,,1147982,59,4,,1,60,,1147993,59,4,,1,21,,1148007,59,4,,1,14,,1148010,59,4,,1,17,,1147985,59,4,,1,52,,1147973,59,4,,1,13,,1147991,59,4,,1,10,,1147975,59,4,,1,20,,1148011,59,4,,1,66,,1147974,59,4,,1,30,,1147995,59,4,,1,72,,1148000,59,4,,1,32,,1148009,59,4,,1,70,,1147988,59,4,,1,30,,1147980,59,4,,1,69,,1054487,59,4,,1,31,,1055719,59,4,,1,70,,1147971,59,4,,1,32,,1147999,59,4,,1,71,,1147978,59,4,,1,29,,1147983,59,4,,1,55,,1147992,59,4,,1,16,,1148005,59,4,,1,16,,1148004,59,4,,1,17,,1147977,59,4,,1,52,,1148006,59,4,,1,15,,1147994,59,4,,1,14,,1148008,59,4,,1,18,,1147981,59,4,,1,53,,1092127,59,4,,1,14,,1147997,59,4,,1,12,,1076619,59,4,,1,12,,1147970,59,4,,1,59,,1147986,59,4,,1,20,,1084435,59,4,,1,27,,1147987,59,4,,1,70,,1147976,59,4,,1,28,,1147990,59,4,,1,70,,1062561,59,4,,1,26,,1147984,59,4,,1,67,,1147996,59,4,,1,29,,1147989,59,4,,1,100,,1148001,59,4,,1,96,,1147998,59,4,,1
5300,'6',614,,1148023,59,4,,1,30,,1148035,59,4,,1,15,,1082040,59,4,,1,56,,1148048,59,4,,1,15,,1148025,59,4,,1,15,,1148051,59,4,,1,60,,1148050,59,4,,1,21,,1148041,59,4,,1,14,,1148045,59,4,,1,17,,1148030,59,4,,1,52,,1148021,59,4,,1,13,,1148016,59,4,,1,10,,1088300,59,4,,1,20,,1088951,59,4,,1,66,,1148042,59,4,,1,30,,1148038,59,4,,1,72,,1148028,59,4,,1,32,,1010398,59,4,,1,70,,1148039,59,4,,1,30,,1148012,59,4,,1,69,,1148024,59,4,,1,31,,1148018,59,4,,1,70,,1148044,59,4,,1,32,,1148029,59,4,,1,71,,1023555,59,4,,1,29,,1148020,59,4,,1,55,,1148015,59,4,,1,16,,1148017,59,4,,1,16,,1148031,59,4,,1,17,,1148032,59,4,,1,52,,1148046,59,4,,1,15,,1103283,59,4,,1,14,,1148049,59,4,,1,18,,1148033,59,4,,1,53,,1148052,59,4,,1,14,,1148014,59,4,,1,12,,1094669,59,4,,1,12,,1092515,59,4,,1,59,,1148027,59,4,,1,20,,1090567,59,4,,1,27,,1148040,59,4,,1,70,,1148013,59,4,,1,28,,1148037,59,4,,1,70,,1148047,59,4,,1,26,,1148019,59,4,,1,67,,1148026,59,4,,1,29,,1148034,59,4,,1,100,,1148022,59,4,,1,96,,1148036,59,4,,1
5300,'7',614,,1148085,59,4,,1,40,,1148087,59,4,,1,70,,1148081,59,4,,1,30,,1148057,59,4,,1,70,,1148078,59,4,,1,31,,1148071,59,4,,1,70,,1148065,59,4,,1,30,,1148059,59,4,,1,70,,1148076,59,4,,1,33,,1148083,59,4,,1,70,,1148075,59,4,,1,30,,1148073,59,4,,1,70,,1148070,59,4,,1,72,,1148061,59,4,,1,30,,1148054,59,4,,1,70,,1148080,59,4,,1,30,,1148069,59,4,,1,70,,1148055,59,4,,1,30,,1148056,59,4,,1,70,,1148062,59,4,,1,30,,1148077,59,4,,1,28,,1148082,59,4,,1,70,,1148068,59,4,,1,30,,1148072,59,4,,1,70,,1148086,59,4,,1,30,,1148063,59,4,,1,70,,1148074,59,4,,1,28,,1148064,59,4,,1,70,,1148084,59,4,,1,30,,1148060,59,4,,1,76,,1148053,59,4,,1,68,,1148079,59,4,,1,30,,1148066,59,4,,1,70,,1148058,59,4,,1,100,,1148067,59,4,,1
5300,'8',614,,1148105,59,4,,1,30,,1148117,59,4,,1,15,,1148132,59,4,,1,56,,1148131,59,4,,1,15,,1148107,59,4,,1,15,,1148135,59,4,,1,60,,1148134,59,4,,1,21,,1148123,59,4,,1,14,,1148127,59,4,,1,17,,1148112,59,4,,1,52,,1148103,59,4,,1,13,,1148095,59,4,,1,10,,1148097,59,4,,1,20,,1148099,59,4,,1,66,,1148124,59,4,,1,30,,1148120,59,4,,1,72,,1148110,59,4,,1,32,,1148129,59,4,,1,70,,1148121,59,4,,1,30,,1148089,59,4,,1,69,,1148106,59,4,,1,31,,1148100,59,4,,1,70,,1148126,59,4,,1,32,,1148111,59,4,,1,71,,1148090,59,4,,1,29,,1148102,59,4,,1,55,,1148094,59,4,,1,16,,1148096,59,4,,1,16,,1148113,59,4,,1,17,,1148114,59,4,,1,52,,1148128,59,4,,1,15,,1148088,59,4,,1,14,,1148133,59,4,,1,18,,1148115,59,4,,1,53,,1148137,59,4,,1,14,,1148093,59,4,,1,12,,1148092,59,4,,1,12,,1148098,59,4,,1,59,,1148109,59,4,,1,20,,1148136,59,4,,1,27,,1148122,59,4,,1,70,,1148091,59,4,,1,28,,1148119,59,4,,1,70,,1148130,59,4,,1,26,,1148101,59,4,,1,67,,1148108,59,4,,1,29,,1148116,59,4,,1,100,,1148104,59,4,,1,96,,1148118,59,4,,1
5300,'9',614,,1075305,59,4,,1,30,,1148170,59,4,,1,15,,1148147,59,4,,1,56,,1148140,59,4,,1,15,,1095477,59,4,,1,15,,1148150,59,4,,1,60,,1148161,59,4,,1,21,,1148175,59,4,,1,14,,1148178,59,4,,1,17,,1148153,59,4,,1,52,,1148141,59,4,,1,13,,1148159,59,4,,1,10,,1148143,59,4,,1,20,,1148179,59,4,,1,66,,1148142,59,4,,1,30,,1148163,59,4,,1,72,,1148168,59,4,,1,32,,1148177,59,4,,1,70,,1148156,59,4,,1,30,,1148148,59,4,,1,69,,1054586,59,4,,1,31,,1055919,59,4,,1,70,,1148139,59,4,,1,32,,1148167,59,4,,1,71,,1148146,59,4,,1,29,,1148151,59,4,,1,55,,1148160,59,4,,1,16,,1148173,59,4,,1,16,,1148172,59,4,,1,17,,1148145,59,4,,1,52,,1148174,59,4,,1,15,,1148162,59,4,,1,14,,1148176,59,4,,1,18,,1148149,59,4,,1,53,,1092053,59,4,,1,14,,1148165,59,4,,1,12,,1076519,59,4,,1,12,,1148138,59,4,,1,59,,1148154,59,4,,1,20,,1084345,59,4,,1,27,,1148155,59,4,,1,70,,1148144,59,4,,1,28,,1148158,59,4,,1,70,,1062389,59,4,,1,26,,1148152,59,4,,1,67,,1148164,59,4,,1,29,,1148157,59,4,,1,100,,1148169,59,4,,1,96,,1148166,59,4,,1
5301,'1',648,,1148202,1,,,1,55,,1148216,1,,,1,16,,1103236,1,,,1,17,,1148217,1,,,1,19,,1148213,1,,,1,57,,1148201,1,,,1,20,,1148219,1,,,1,15,,1148209,1,,,1,55,,1148195,1,,,1,15,,1148190,1,,,1,20,,1148210,1,,,1,20,,1148208,1,,,1,70,,1148212,1,,,1,30,,1148194,1,,,1,70,,1148204,1,,,1,31,,1148211,1,,,1,70,,1148200,1,,,1,30,,1093779,1,,,1,70,,1099192,1,,,1,30,,1148181,1,,,1,70,,1005979,1,,,1,15,,1018480,1,,,1,15,,1148185,1,,,1,57,,1148215,1,,,1,15,,1148205,1,,,1,15,,1148191,1,,,1,13,,1148198,1,,,1,57,,1148182,1,,,1,14,,1086687,1,,,1,16,,1148197,1,,,1,55,,1148218,1,,,1,15,,1148186,1,,,1,15,,1148192,1,,,1,13,,1148203,1,,,1,59,,1148180,1,,,1,28,,1148196,1,,,1,70,,1148214,1,,,1,32,,1148184,1,,,1,68,,1148188,1,,,1,30,,1091894,1,,,1,70,,1148199,1,,,1,30,,1102376,1,,,1,70,,1148193,1,,,1,100,,1030777,1,,,1,100,,1148183,1,,,1,100,,1148189,1,,,1
5301,'10',648,,1148242,1,,,1,55,,1148256,1,,,1,16,,1103233,1,,,1,17,,1148257,1,,,1,19,,1148253,1,,,1,57,,1148241,1,,,1,20,,1148259,1,,,1,15,,1148249,1,,,1,55,,1148235,1,,,1,15,,1148230,1,,,1,20,,1148250,1,,,1,20,,1148248,1,,,1,70,,1148252,1,,,1,30,,1148234,1,,,1,70,,1148244,1,,,1,31,,1148251,1,,,1,70,,1148240,1,,,1,30,,1093579,1,,,1,70,,1099186,1,,,1,30,,1148221,1,,,1,70,,1006076,1,,,1,15,,1018635,1,,,1,15,,1148225,1,,,1,57,,1148255,1,,,1,15,,1148245,1,,,1,15,,1148231,1,,,1,13,,1148238,1,,,1,57,,1148222,1,,,1,14,,1086517,1,,,1,16,,1148237,1,,,1,55,,1148258,1,,,1,15,,1148226,1,,,1,15,,1148232,1,,,1,13,,1148243,1,,,1,59,,1148220,1,,,1,28,,1148236,1,,,1,70,,1148254,1,,,1,32,,1148224,1,,,1,68,,1148228,1,,,1,30,,1091725,1,,,1,70,,1148239,1,,,1,30,,1102367,1,,,1,70,,1148233,1,,,1,100,,1030917,1,,,1,100,,1148223,1,,,1,100,,1148229,1,,,1
5301,'11',648,,1148282,1,,,1,55,,1148296,1,,,1,16,,1103237,1,,,1,17,,1148297,1,,,1,19,,1148293,1,,,1,57,,1148281,1,,,1,20,,1148299,1,,,1,15,,1148289,1,,,1,55,,1148275,1,,,1,15,,1148270,1,,,1,20,,1148290,1,,,1,20,,1148288,1,,,1,70,,1148292,1,,,1,30,,1148274,1,,,1,70,,1148284,1,,,1,31,,1148291,1,,,1,70,,1148280,1,,,1,30,,1093839,1,,,1,70,,1099194,1,,,1,30,,1148261,1,,,1,70,,1005949,1,,,1,15,,1018435,1,,,1,15,,1148265,1,,,1,57,,1148295,1,,,1,15,,1148285,1,,,1,15,,1148271,1,,,1,13,,1148278,1,,,1,57,,1148262,1,,,1,14,,1086742,1,,,1,16,,1148277,1,,,1,55,,1148298,1,,,1,15,,1148266,1,,,1,15,,1148272,1,,,1,13,,1148283,1,,,1,59,,1148260,1,,,1,28,,1148276,1,,,1,70,,1148294,1,,,1,32,,1148264,1,,,1,68,,1148268,1,,,1,30,,1091946,1,,,1,70,,1148279,1,,,1,30,,1102379,1,,,1,70,,1148273,1,,,1,100,,1030734,1,,,1,100,,1148263,1,,,1,100,,1148269,1,,,1
5301,'12',648,,1148330,1,,,1,55,,1148326,1,,,1,16,,1148329,1,,,1,17,,1148338,1,,,1,19,,1148340,1,,,1,57,,1148342,1,,,1,20,,1148332,1,,,1,15,,1148306,1,,,1,55,,1148331,1,,,1,15,,1148309,1,,,1,20,,1148322,1,,,1,20,,1148328,1,,,1,70,,1148325,1,,,1,30,,1148323,1,,,1,70,,1053926,1,,,1,31,,1148315,1,,,1,70,,1148301,1,,,1,30,,1148317,1,,,1,70,,1148302,1,,,1,30,,1148337,1,,,1,70,,1148316,1,,,1,15,,1148336,1,,,1,15,,1148327,1,,,1,57,,1085943,1,,,1,15,,1148339,1,,,1,15,,1148312,1,,,1,13,,1148324,1,,,1,57,,1018141,1,,,1,14,,1080435,1,,,1,16,,1148319,1,,,1,55,,1148304,1,,,1,15,,1148333,1,,,1,15,,1148321,1,,,1,13,,1148341,1,,,1,59,,1148314,1,,,1,28,,1148303,1,,,1,70,,1078234,1,,,1,32,,1148343,1,,,1,68,,1148308,1,,,1,30,,1148334,1,,,1,70,,1148307,1,,,1,30,,1148305,1,,,1,70,,1148335,1,,,1,100,,1148318,1,,,1,100,,1148311,1,,,1,100,,1148320,1,,,1
5301,'13',810,,1148348,1,,,1,100,,1069032,1,,,1,30,,1148366,1,,,1,70,,1148361,1,,,1,30,,1087899,1,,,1,70,,1148345,1,,,1,30,,1148351,1,,,1,70,,1148362,1,,,1,30,,1148354,1,,,1,70,,1148363,1,,,1,30,,1148360,1,,,1,70,,1148368,1,,,1,30,,1148349,1,,,1,70,,1005550,1,,,1,30,,1148367,1,,,1,70,,1148359,1,,,1,30,,1096063,1,,,1,70,,1148344,1,,,1,30,,1148357,1,,,1,70,,1064837,1,,,1,30,,1148370,1,,,1,70,,1148369,1,,,1,30,,1148371,1,,,1,70,,1148350,1,,,1,30,,1148353,1,,,1,70,,1148352,1,,,1,30,,1148347,1,,,1,70,,1148364,1,,,1,30,,1148346,1,,,1,70,,1148356,1,,,1,30,,1148355,1,,,1,70,,1148358,1,,,1
5301,'14',648,,1148400,1,,,1,55,,1148416,1,,,1,16,,1148376,1,,,1,17,,1148417,1,,,1,19,,1148412,1,,,1,57,,1148399,1,,,1,20,,1148421,1,,,1,15,,1148407,1,,,1,55,,1148392,1,,,1,15,,1148387,1,,,1,20,,1148408,1,,,1,20,,1148406,1,,,1,70,,1148410,1,,,1,30,,1148391,1,,,1,70,,1148402,1,,,1,31,,1148409,1,,,1,70,,1148398,1,,,1,30,,1148372,1,,,1,70,,1148395,1,,,1,30,,1148375,1,,,1,70,,1148373,1,,,1,15,,1148420,1,,,1,15,,1148382,1,,,1,57,,1148414,1,,,1,15,,1148403,1,,,1,15,,1148388,1,,,1,13,,1148396,1,,,1,57,,1148377,1,,,1,14,,1148380,1,,,1,16,,1148394,1,,,1,55,,1148419,1,,,1,15,,1148383,1,,,1,15,,1148389,1,,,1,13,,1148401,1,,,1,59,,1148374,1,,,1,28,,1148393,1,,,1,70,,1148413,1,,,1,32,,1148381,1,,,1,68,,1148385,1,,,1,30,,1148378,1,,,1,70,,1148397,1,,,1,30,,1148415,1,,,1,70,,1148390,1,,,1,100,,1148418,1,,,1,100,,1148379,1,,,1,100,,1148386,1,,,1
5301,'15',648,,1148453,1,,,1,55,,1148468,1,,,1,16,,1148431,1,,,1,17,,1148452,1,,,1,19,,1148426,1,,,1,57,,1148430,1,,,1,20,,1148437,1,,,1,15,,1148444,1,,,1,55,,1148446,1,,,1,15,,1148461,1,,,1,20,,1148457,1,,,1,20,,1148451,1,,,1,70,,1148455,1,,,1,30,,1148449,1,,,1,70,,1148450,1,,,1,31,,1148433,1,,,1,70,,1148436,1,,,1,30,,1148438,1,,,1,70,,1148448,1,,,1,30,,1148434,1,,,1,70,,1148422,1,,,1,15,,1148439,1,,,1,15,,1148423,1,,,1,57,,1148454,1,,,1,15,,1148460,1,,,1,15,,1148427,1,,,1,13,,1148429,1,,,1,57,,1148465,1,,,1,14,,1148459,1,,,1,16,,1148464,1,,,1,55,,1148458,1,,,1,15,,1148463,1,,,1,15,,1148443,1,,,1,13,,1148470,1,,,1,59,,1148428,1,,,1,28,,1148467,1,,,1,70,,1148471,1,,,1,32,,1148456,1,,,1,68,,1148462,1,,,1,30,,1148447,1,,,1,70,,1148445,1,,,1,30,,1148425,1,,,1,70,,1148435,1,,,1,100,,1148424,1,,,1,100,,1148466,1,,,1,100,,1148432,1,,,1
5301,'16',648,,1148504,1,,,1,55,,1148500,1,,,1,16,,1148503,1,,,1,17,,1148512,1,,,1,19,,1148514,1,,,1,57,,1148516,1,,,1,20,,1148506,1,,,1,15,,1148477,1,,,1,55,,1148505,1,,,1,15,,1148482,1,,,1,20,,1148496,1,,,1,20,,1148502,1,,,1,70,,1148499,1,,,1,30,,1148497,1,,,1,70,,1148479,1,,,1,31,,1148488,1,,,1,70,,1148473,1,,,1,30,,1148491,1,,,1,70,,1090025,1,,,1,30,,1148511,1,,,1,70,,1148489,1,,,1,15,,1148510,1,,,1,15,,1148501,1,,,1,57,,1148490,1,,,1,15,,1148513,1,,,1,15,,1148485,1,,,1,13,,1148498,1,,,1,57,,1148517,1,,,1,14,,1148475,1,,,1,16,,1148493,1,,,1,55,,1062163,1,,,1,15,,1148507,1,,,1,15,,1148495,1,,,1,13,,1148515,1,,,1,59,,1148487,1,,,1,28,,1064134,1,,,1,70,,1148474,1,,,1,32,,1148518,1,,,1,68,,1148481,1,,,1,30,,1148508,1,,,1,70,,1148480,1,,,1,30,,1148476,1,,,1,70,,1148509,1,,,1,100,,1148492,1,,,1,100,,1148484,1,,,1,100,,1148494,1,,,1
5301,'17',810,,1148526,1,,,1,100,,1148547,1,,,1,30,,1148544,1,,,1,70,,1148539,1,,,1,30,,1148520,1,,,1,70,,1148521,1,,,1,30,,1148529,1,,,1,70,,1148540,1,,,1,30,,1148532,1,,,1,70,,1148541,1,,,1,30,,1148538,1,,,1,70,,1148546,1,,,1,30,,1148527,1,,,1,70,,1148522,1,,,1,30,,1148545,1,,,1,70,,1148537,1,,,1,30,,1148550,1,,,1,70,,1148519,1,,,1,30,,1148535,1,,,1,70,,1148525,1,,,1,30,,1148549,1,,,1,70,,1148548,1,,,1,30,,1148551,1,,,1,70,,1148528,1,,,1,30,,1148531,1,,,1,70,,1148530,1,,,1,30,,1148524,1,,,1,70,,1148542,1,,,1,30,,1148523,1,,,1,70,,1148534,1,,,1,30,,1148533,1,,,1,70,,1148536,1,,,1
5301,'2',705,,1090353,1,,,1,30,,1148558,1,,,1,70,,1148581,1,,,1,30,,1148579,1,,,1,70,,1148556,1,,,1,30,,1148575,1,,,1,70,,1148554,1,,,1,30,,1148566,1,,,1,70,,1148573,1,,,1,30,,1148555,1,,,1,70,,1148562,1,,,1,30,,1148568,1,,,1,70,,1148560,1,,,1,30,,1148578,1,,,1,70,,1148557,1,,,1,30,,1148582,1,,,1,70,,1148565,1,,,1,30,,1148570,1,,,1,70,,1148567,1,,,1,30,,1148569,1,,,1,70,,1148552,1,,,1,30,,1148574,1,,,1,70,,1148576,1,,,1,30,,1148580,1,,,1,70,,1148584,1,,,1,30,,1148577,1,,,1,70,,1099923,1,,,1,30,,1148563,1,,,1,70,,1148559,1,,,1,30,,1148571,1,,,1,70,,1148553,1,,,1,100,,1148561,1,,,1,100,,1148583,1,,,1,100,,1148572,1,,,1
5301,'3',810,,1148592,1,,,1,100,,1148613,1,,,1,30,,1148610,1,,,1,70,,1148605,1,,,1,30,,1148586,1,,,1,70,,1148587,1,,,1,30,,1148595,1,,,1,70,,1148606,1,,,1,30,,1148598,1,,,1,70,,1148607,1,,,1,30,,1148604,1,,,1,70,,1148612,1,,,1,30,,1148593,1,,,1,70,,1148588,1,,,1,30,,1148611,1,,,1,70,,1148603,1,,,1,30,,1148616,1,,,1,70,,1148585,1,,,1,30,,1148601,1,,,1,70,,1148591,1,,,1,30,,1148615,1,,,1,70,,1148614,1,,,1,30,,1148617,1,,,1,70,,1148594,1,,,1,30,,1148597,1,,,1,70,,1148596,1,,,1,30,,1148590,1,,,1,70,,1148608,1,,,1,30,,1148589,1,,,1,70,,1148600,1,,,1,30,,1148599,1,,,1,70,,1148602,1,,,1
5301,'4',810,,1148627,1,,,1,100,,1079783,1,,,1,30,,1148621,1,,,1,70,,1148623,1,,,1,30,,1148620,1,,,1,70,,1148622,1,,,1,30,,1148642,1,,,1,70,,1148634,1,,,1,30,,1148625,1,,,1,70,,1148619,1,,,1,30,,1148639,1,,,1,70,,1148633,1,,,1,30,,1148635,1,,,1,70,,1148624,1,,,1,30,,1148629,1,,,1,70,,1148637,1,,,1,30,,1148632,1,,,1,70,,1148643,1,,,1,30,,1148630,1,,,1,70,,1148631,1,,,1,30,,1148636,1,,,1,70,,1013328,1,,,1,30,,1148645,1,,,1,70,,1148618,1,,,1,30,,1089450,1,,,1,70,,995059,1,,,1,30,,1148628,1,,,1,70,,1148641,1,,,1,30,,1148644,1,,,1,70,,1148640,1,,,1,30,,1029379,1,,,1,70,,1148638,1,,,1
5301,'5',648,,1148668,1,,,1,55,,1148682,1,,,1,16,,1103235,1,,,1,17,,1148683,1,,,1,19,,1148679,1,,,1,57,,1148667,1,,,1,20,,1148685,1,,,1,15,,1148675,1,,,1,55,,1148661,1,,,1,15,,1148656,1,,,1,20,,1148676,1,,,1,20,,1148674,1,,,1,70,,1148678,1,,,1,30,,1148660,1,,,1,70,,1148670,1,,,1,31,,1148677,1,,,1,70,,1148666,1,,,1,30,,1093744,1,,,1,70,,1099190,1,,,1,30,,1148647,1,,,1,70,,1005808,1,,,1,15,,1018248,1,,,1,15,,1148651,1,,,1,57,,1148681,1,,,1,15,,1148671,1,,,1,15,,1148657,1,,,1,13,,1148664,1,,,1,57,,1148648,1,,,1,14,,1086661,1,,,1,16,,1148663,1,,,1,55,,1148684,1,,,1,15,,1148652,1,,,1,15,,1148658,1,,,1,13,,1148669,1,,,1,59,,1148646,1,,,1,28,,1148662,1,,,1,70,,1148680,1,,,1,32,,1148650,1,,,1,68,,1148654,1,,,1,30,,1091864,1,,,1,70,,1148665,1,,,1,30,,1102373,1,,,1,70,,1148659,1,,,1,100,,1030547,1,,,1,100,,1148649,1,,,1,100,,1148655,1,,,1
5301,'6',648,,1148718,1,,,1,55,,1148714,1,,,1,16,,1148717,1,,,1,17,,1148723,1,,,1,19,,1059105,1,,,1,57,,1148724,1,,,1,20,,1148720,1,,,1,15,,1079257,1,,,1,55,,1148719,1,,,1,15,,1148697,1,,,1,20,,1148710,1,,,1,20,,1148716,1,,,1,70,,1148713,1,,,1,30,,1148711,1,,,1,70,,1148694,1,,,1,31,,1148702,1,,,1,70,,1084527,1,,,1,30,,1148705,1,,,1,70,,1148687,1,,,1,30,,1080838,1,,,1,70,,1148703,1,,,1,15,,1101037,1,,,1,15,,1148715,1,,,1,57,,1148704,1,,,1,15,,997838,1,,,1,15,,1148700,1,,,1,13,,1148712,1,,,1,57,,1148725,1,,,1,14,,1148690,1,,,1,16,,1148707,1,,,1,55,,1148691,1,,,1,15,,1148721,1,,,1,15,,1148709,1,,,1,13,,1090988,1,,,1,59,,1062254,1,,,1,28,,1148689,1,,,1,70,,1148688,1,,,1,32,,1148726,1,,,1,68,,1148696,1,,,1,30,,1148722,1,,,1,70,,1148695,1,,,1,30,,1148692,1,,,1,70,,1100459,1,,,1,100,,1148706,1,,,1,100,,1148699,1,,,1,100,,1148708,1,,,1
5301,'7',705,,1148745,1,,,1,30,,1148755,1,,,1,70,,1148734,1,,,1,30,,1148753,1,,,1,70,,1148746,1,,,1,30,,1148735,1,,,1,70,,1148729,1,,,1,30,,1148758,1,,,1,70,,1148727,1,,,1,30,,1148751,1,,,1,70,,1148749,1,,,1,30,,1148731,1,,,1,70,,1148750,1,,,1,30,,1148732,1,,,1,70,,1148728,1,,,1,30,,1148739,1,,,1,70,,1148754,1,,,1,30,,1148743,1,,,1,70,,1148740,1,,,1,30,,1148738,1,,,1,70,,1148742,1,,,1,30,,1148733,1,,,1,70,,1148761,1,,,1,30,,1148747,1,,,1,70,,1148730,1,,,1,30,,1148748,1,,,1,70,,1148741,1,,,1,30,,1148736,1,,,1,70,,1148757,1,,,1,30,,1148744,1,,,1,70,,1148759,1,,,1,100,,1148752,1,,,1,100,,1148756,1,,,1,100,,1148760,1,,,1
5301,'8',648,,1148797,1,,,1,55,,1148793,1,,,1,16,,1148796,1,,,1,17,,1148805,1,,,1,19,,1148807,1,,,1,57,,1148809,1,,,1,20,,1148799,1,,,1,15,,1148770,1,,,1,55,,1148798,1,,,1,15,,1148775,1,,,1,20,,1148789,1,,,1,20,,1148795,1,,,1,70,,1148792,1,,,1,30,,1148790,1,,,1,70,,1148772,1,,,1,31,,1148781,1,,,1,70,,1148763,1,,,1,30,,1148784,1,,,1,70,,1148764,1,,,1,30,,1148804,1,,,1,70,,1148782,1,,,1,15,,1148803,1,,,1,15,,1148794,1,,,1,57,,1148783,1,,,1,15,,1148806,1,,,1,15,,1148778,1,,,1,13,,1148791,1,,,1,57,,1148810,1,,,1,14,,1148767,1,,,1,16,,1148786,1,,,1,55,,1148768,1,,,1,15,,1148800,1,,,1,15,,1148788,1,,,1,13,,1148808,1,,,1,59,,1148780,1,,,1,28,,1148766,1,,,1,70,,1148765,1,,,1,32,,1148811,1,,,1,68,,1148774,1,,,1,30,,1148801,1,,,1,70,,1148773,1,,,1,30,,1148769,1,,,1,70,,1148802,1,,,1,100,,1148785,1,,,1,100,,1148777,1,,,1,100,,1148787,1,,,1
5301,'9',648,,1148834,1,,,1,55,,1148848,1,,,1,16,,1103234,1,,,1,17,,1148849,1,,,1,19,,1148845,1,,,1,57,,1148833,1,,,1,20,,1148851,1,,,1,15,,1148841,1,,,1,55,,1148827,1,,,1,15,,1148822,1,,,1,20,,1148842,1,,,1,20,,1148840,1,,,1,70,,1148844,1,,,1,30,,1148826,1,,,1,70,,1148836,1,,,1,31,,1148843,1,,,1,70,,1148832,1,,,1,30,,1093635,1,,,1,70,,1099188,1,,,1,30,,1148813,1,,,1,70,,1006009,1,,,1,15,,1018525,1,,,1,15,,1148817,1,,,1,57,,1148847,1,,,1,15,,1148837,1,,,1,15,,1148823,1,,,1,13,,1148830,1,,,1,57,,1148814,1,,,1,14,,1086573,1,,,1,16,,1148829,1,,,1,55,,1148850,1,,,1,15,,1148818,1,,,1,15,,1148824,1,,,1,13,,1148835,1,,,1,59,,1148812,1,,,1,28,,1148828,1,,,1,70,,1148846,1,,,1,32,,1148816,1,,,1,68,,1148820,1,,,1,30,,1091781,1,,,1,70,,1148831,1,,,1,30,,1102370,1,,,1,70,,1148825,1,,,1,100,,1030820,1,,,1,100,,1148815,1,,,1,100,,1148821,1,,,1
5600,'1',559,,1148860,1,,,1,65,,1148874,1,,,1,20,,1148877,1,0,81,1,15,,1148865,1,,,1,55,,1148867,1,0,81,1,15,,1148866,1,,,1,15,,1148859,1,0,81,1,57,,1148881,1,,,1,15,,1148871,1,0,81,1,13,,1148879,1,,,1,15,,1148891,1,0,81,1,15,,1148885,1,,,1,70,,1148887,1,,,1,30,,1148878,1,,,1,70,,1148857,1,0,81,1,30,,1148868,1,0,81,1,70,,1148876,1,0,81,1,30,,1148873,1,0,81,1,70,,1148869,1,0,81,1,30,,1148890,1,0,81,1,70,,1148852,1,0,81,1,30,,1148894,1,0,81,1,70,,1148855,1,,,1,15,,1076656,1,,,1,14,,1148892,1,0,81,1,56,,1148863,1,,,1,15,,1086390,1,,,1,15,,1103623,1,,,1,15,,1148853,1,,,1,57,,1148886,1,,,1,13,,1148864,1,,,1,15,,1148889,1,,,1,15,,1148882,1,0,81,1,55,,1148870,1,,,1,20,,1148854,1,,,1,16,,999106,1,0,81,1,54,,1148856,1,,,1,30,,1148884,1,,,1,70,,1088163,1,0,81,1,30,,1148888,1,0,81,1,70,,1148872,1,0,81,1,30,,1148895,1,0,81,1,70,,1148880,1,0,81,1,30,,1148858,1,0,81,1,70,,1148883,1,0,81,1,30,,1148875,1,0,81,1,70,,1000153,1,0,81,1,30,,1057228,1,0,81,1,70,,1148862,1,0,81,1,30,,1148893,1,0,81,1,70,,1148861,1,0,81,1
5600,'10',559,,1148904,1,,,1,65,,1148918,1,,,1,20,,1148921,1,0,81,1,15,,1148909,1,,,1,55,,1148911,1,0,81,1,15,,1148910,1,,,1,15,,1148903,1,0,81,1,57,,1148925,1,,,1,15,,1148915,1,0,81,1,13,,1148923,1,,,1,15,,1148935,1,0,81,1,15,,1148929,1,,,1,70,,1148931,1,,,1,30,,1148922,1,,,1,70,,1148901,1,0,81,1,30,,1148912,1,0,81,1,70,,1148920,1,0,81,1,30,,1148917,1,0,81,1,70,,1148913,1,0,81,1,30,,1148934,1,0,81,1,70,,1148896,1,0,81,1,30,,1148938,1,0,81,1,70,,1148899,1,,,1,15,,1076450,1,,,1,14,,1148936,1,0,81,1,56,,1148907,1,,,1,15,,1086203,1,,,1,15,,1103617,1,,,1,15,,1148897,1,,,1,57,,1148930,1,,,1,13,,1148908,1,,,1,15,,1148933,1,,,1,15,,1148926,1,0,81,1,55,,1148914,1,,,1,20,,1148898,1,,,1,16,,999186,1,0,81,1,54,,1148900,1,,,1,30,,1148928,1,,,1,70,,1087755,1,0,81,1,30,,1148932,1,0,81,1,70,,1148916,1,0,81,1,30,,1148939,1,0,81,1,70,,1148924,1,0,81,1,30,,1148902,1,0,81,1,70,,1148927,1,0,81,1,30,,1148919,1,0,81,1,70,,1000284,1,0,81,1,30,,1057246,1,0,81,1,70,,1148906,1,0,81,1,30,,1148937,1,0,81,1,70,,1148905,1,0,81,1
5600,'11',559,,1148948,1,,,1,65,,1148962,1,,,1,20,,1148965,1,0,81,1,15,,1148953,1,,,1,55,,1148955,1,0,81,1,15,,1148954,1,,,1,15,,1148947,1,0,81,1,57,,1148969,1,,,1,15,,1148959,1,0,81,1,13,,1148967,1,,,1,15,,1148979,1,0,81,1,15,,1148973,1,,,1,70,,1148975,1,,,1,30,,1148966,1,,,1,70,,1148945,1,0,81,1,30,,1148956,1,0,81,1,70,,1148964,1,0,81,1,30,,1148961,1,0,81,1,70,,1148957,1,0,81,1,30,,1148978,1,0,81,1,70,,1148940,1,0,81,1,30,,1148982,1,0,81,1,70,,1148943,1,,,1,15,,1076720,1,,,1,14,,1148980,1,0,81,1,56,,1148951,1,,,1,15,,1086448,1,,,1,15,,1103625,1,,,1,15,,1148941,1,,,1,57,,1148974,1,,,1,13,,1148952,1,,,1,15,,1148977,1,,,1,15,,1148970,1,0,81,1,55,,1148958,1,,,1,20,,1148942,1,,,1,16,,999084,1,0,81,1,54,,1148944,1,,,1,30,,1148972,1,,,1,70,,1088275,1,0,81,1,30,,1148976,1,0,81,1,70,,1148960,1,0,81,1,30,,1148983,1,0,81,1,70,,1148968,1,0,81,1,30,,1148946,1,0,81,1,70,,1148971,1,0,81,1,30,,1148963,1,0,81,1,70,,1000117,1,0,81,1,30,,1057222,1,0,81,1,70,,1148950,1,0,81,1,30,,1148981,1,0,81,1,70,,1148949,1,0,81,1
5600,'12',559,,1149017,1,,,1,65,,1069077,1,,,1,20,,1149008,1,0,81,1,15,,1148999,1,,,1,55,,1148998,1,0,81,1,15,,1149006,1,,,1,15,,1148985,1,0,81,1,57,,1149013,1,,,1,15,,1149014,1,0,81,1,13,,1149007,1,,,1,15,,1149012,1,0,81,1,15,,1092112,1,,,1,70,,1148994,1,,,1,30,,1149023,1,,,1,70,,1148988,1,0,81,1,30,,1148995,1,0,81,1,70,,1149026,1,0,81,1,30,,1149000,1,0,81,1,70,,1149005,1,0,81,1,30,,1149001,1,0,81,1,70,,1149028,1,0,81,1,30,,1149027,1,0,81,1,70,,1149018,1,,,1,15,,1148986,1,,,1,14,,1148991,1,0,81,1,56,,1149003,1,,,1,15,,1148997,1,,,1,15,,1148987,1,,,1,15,,1149022,1,,,1,57,,1149009,1,,,1,13,,1149021,1,,,1,15,,1148993,1,,,1,15,,1149004,1,0,81,1,55,,1148989,1,,,1,20,,1148996,1,,,1,16,,1149019,1,0,81,1,54,,1149025,1,,,1,30,,1149024,1,,,1,70,,1016298,1,0,81,1,30,,1149016,1,0,81,1,70,,1149015,1,0,81,1,30,,1148984,1,0,81,1,70,,1149002,1,0,81,1,30,,1149020,1,0,81,1,70,,1148990,1,0,81,1,30,,949408,1,0,81,1,70,,1100211,1,0,81,1,30,,1148992,1,0,81,1,70,,1100689,1,0,81,1,30,,1149011,1,0,81,1,70,,1149010,1,0,81,1
5600,'13',715,,1149031,1,,,1,30,,1149036,1,0,81,1,70,,1149054,1,,,1,30,,1149046,1,0,81,1,70,,1149055,1,,,1,30,,1149034,1,0,81,1,70,,1149050,1,,,1,30,,1149057,1,0,81,1,70,,983181,1,,,1,30,,1149044,1,0,81,1,70,,1149032,1,,,1,30,,1072273,1,0,81,1,70,,1149037,1,,,1,30,,1149040,1,0,81,1,70,,1149029,1,,,1,30,,1149052,1,0,81,1,70,,1149041,1,,,1,30,,1149048,1,0,81,1,70,,1149053,1,,,1,30,,1149058,1,0,81,1,70,,1149047,1,,,1,30,,1149051,1,0,81,1,70,,1149038,1,,,1,30,,1149045,1,0,81,1,70,,1149039,1,,,1,30,,1149030,1,0,81,1,70,,1149043,1,,,1,30,,1149056,1,0,81,1,70,,1149049,1,,,1,44,,1149035,1,,,1,100,,1149042,1,0,81,1,85,,1149033,1,0,81,1
5600,'14',559,,1149072,1,,,1,65,,1149086,1,,,1,20,,1149089,1,0,81,1,15,,1149077,1,,,1,55,,1149079,1,0,81,1,15,,1149078,1,,,1,15,,1149071,1,0,81,1,57,,1149093,1,,,1,15,,1149083,1,0,81,1,13,,1149091,1,,,1,15,,1149103,1,0,81,1,15,,1149097,1,,,1,70,,1149099,1,,,1,30,,1149090,1,,,1,70,,1149067,1,0,81,1,30,,1149080,1,0,81,1,70,,1149088,1,0,81,1,30,,1149085,1,0,81,1,70,,1149081,1,0,81,1,30,,1149102,1,0,81,1,70,,1149059,1,0,81,1,30,,1149107,1,0,81,1,70,,1149064,1,,,1,15,,1149106,1,,,1,14,,1149104,1,0,81,1,56,,1149075,1,,,1,15,,1149063,1,,,1,15,,1149061,1,,,1,15,,1149060,1,,,1,57,,1149098,1,,,1,13,,1149076,1,,,1,15,,1149101,1,,,1,15,,1149094,1,0,81,1,55,,1149082,1,,,1,20,,1149062,1,,,1,16,,1149069,1,0,81,1,54,,1149066,1,,,1,30,,1149096,1,,,1,70,,1149109,1,0,81,1,30,,1149100,1,0,81,1,70,,1149084,1,0,81,1,30,,1149108,1,0,81,1,70,,1149092,1,0,81,1,30,,1149070,1,0,81,1,70,,1149095,1,0,81,1,30,,1149087,1,0,81,1,70,,1149065,1,0,81,1,30,,1149068,1,0,81,1,70,,1149074,1,0,81,1,30,,1149105,1,0,81,1,70,,1149073,1,0,81,1
5600,'15',559,,1149135,1,,,1,65,,1149118,1,,,1,20,,1149148,1,0,81,1,15,,1149117,1,,,1,55,,1149127,1,0,81,1,15,,1149124,1,,,1,15,,1149156,1,0,81,1,57,,1149122,1,,,1,15,,1149114,1,0,81,1,13,,1149143,1,,,1,15,,1149119,1,0,81,1,15,,1149125,1,,,1,70,,1149128,1,,,1,30,,1149120,1,,,1,70,,1149145,1,0,81,1,30,,1149142,1,0,81,1,70,,1149140,1,0,81,1,30,,1149150,1,0,81,1,70,,1149154,1,0,81,1,30,,1149151,1,0,81,1,70,,1149133,1,0,81,1,30,,1149158,1,0,81,1,70,,1149123,1,,,1,15,,1149155,1,,,1,14,,1149110,1,0,81,1,56,,1149139,1,,,1,15,,1149153,1,,,1,15,,1149111,1,,,1,15,,1149115,1,,,1,57,,1149160,1,,,1,13,,1149130,1,,,1,15,,1149112,1,,,1,15,,1149129,1,0,81,1,55,,1149116,1,,,1,20,,1149134,1,,,1,16,,1149157,1,0,81,1,54,,1149137,1,,,1,30,,1149159,1,,,1,70,,1149121,1,0,81,1,30,,1149113,1,0,81,1,70,,1149146,1,0,81,1,30,,1149138,1,0,81,1,70,,1149132,1,0,81,1,30,,1149152,1,0,81,1,70,,1149147,1,0,81,1,30,,1149136,1,0,81,1,70,,1149144,1,0,81,1,30,,1149131,1,0,81,1,70,,1149126,1,0,81,1,30,,1149141,1,0,81,1,70,,1149149,1,0,81,1
5600,'16',559,,1149195,1,,,1,65,,1149207,1,,,1,20,,1149187,1,0,81,1,15,,1149178,1,,,1,55,,1149177,1,0,81,1,15,,1149185,1,,,1,15,,1149162,1,0,81,1,57,,1094852,1,,,1,15,,1149192,1,0,81,1,13,,1149186,1,,,1,15,,1149191,1,0,81,1,15,,1149163,1,,,1,70,,1149173,1,,,1,30,,1149201,1,,,1,70,,1149166,1,0,81,1,30,,1149174,1,0,81,1,70,,1149204,1,0,81,1,30,,1149179,1,0,81,1,70,,1149184,1,0,81,1,30,,1149180,1,0,81,1,70,,1149206,1,0,81,1,30,,1149205,1,0,81,1,70,,1149196,1,,,1,15,,1090894,1,,,1,14,,1149170,1,0,81,1,56,,1149182,1,,,1,15,,1149176,1,,,1,15,,1063647,1,,,1,15,,1149200,1,,,1,57,,1149188,1,,,1,13,,1149199,1,,,1,15,,1149172,1,,,1,15,,1149183,1,0,81,1,55,,1149167,1,,,1,20,,1149175,1,,,1,16,,1149197,1,0,81,1,54,,1149203,1,,,1,30,,1149202,1,,,1,70,,1149169,1,0,81,1,30,,1149194,1,0,81,1,70,,1149193,1,0,81,1,30,,1149161,1,0,81,1,70,,1149181,1,0,81,1,30,,1149198,1,0,81,1,70,,1099121,1,0,81,1,30,,1149168,1,0,81,1,70,,1149165,1,0,81,1,30,,1149171,1,0,81,1,70,,1149164,1,0,81,1,30,,1149190,1,0,81,1,70,,1149189,1,0,81,1
5600,'17',715,,1149210,1,,,1,30,,1149216,1,0,81,1,70,,1149235,1,,,1,30,,1149227,1,0,81,1,70,,1149236,1,,,1,30,,1149213,1,0,81,1,70,,1149231,1,,,1,30,,1149238,1,0,81,1,70,,1149214,1,,,1,30,,1149225,1,0,81,1,70,,1149211,1,,,1,30,,1149223,1,0,81,1,70,,1149217,1,,,1,30,,1149220,1,0,81,1,70,,1149208,1,,,1,30,,1149233,1,0,81,1,70,,1149221,1,,,1,30,,1149229,1,0,81,1,70,,1149234,1,,,1,30,,1149239,1,0,81,1,70,,1149228,1,,,1,30,,1149232,1,0,81,1,70,,1149218,1,,,1,30,,1149226,1,0,81,1,70,,1149219,1,,,1,30,,1149209,1,0,81,1,70,,1149224,1,,,1,30,,1149237,1,0,81,1,70,,1149230,1,,,1,44,,1149215,1,,,1,100,,1149222,1,0,81,1,85,,1149212,1,0,81,1
5600,'2',703,,1149254,1,,,1,30,,1149241,1,0,81,1,70,,1149268,1,,,1,30,,1149247,1,0,81,1,70,,1149267,1,,,1,30,,1149258,1,0,81,1,70,,1149259,1,,,1,30,,1149269,1,0,81,1,70,,1149262,1,,,1,30,,1149253,1,0,81,1,70,,1149240,1,,,1,30,,1149252,1,0,81,1,70,,1149243,1,,,1,30,,1149255,1,0,81,1,70,,1149266,1,,,1,30,,1149270,1,0,81,1,70,,1149256,1,,,1,30,,1149271,1,0,81,1,70,,1149245,1,,,1,30,,998256,1,0,81,1,70,,1149264,1,,,1,30,,1149251,1,0,81,1,70,,1149248,1,,,1,30,,1149244,1,0,81,1,70,,1149263,1,,,1,30,,1149261,1,0,81,1,70,,1149250,1,,,1,30,,1149265,1,0,81,1,70,,1149242,1,,,1,30,,1149260,1,0,81,1,70,,1149249,1,,,1,100,,1149257,1,0,81,1,100,,1149246,1,0,81,1
5600,'3',715,,1149274,1,,,1,30,,1149280,1,0,81,1,70,,1149299,1,,,1,30,,1149291,1,0,81,1,70,,1149300,1,,,1,30,,1149277,1,0,81,1,70,,1149295,1,,,1,30,,1149302,1,0,81,1,70,,1149278,1,,,1,30,,1149289,1,0,81,1,70,,1149275,1,,,1,30,,1149287,1,0,81,1,70,,1149281,1,,,1,30,,1149284,1,0,81,1,70,,1149272,1,,,1,30,,1149297,1,0,81,1,70,,1149285,1,,,1,30,,1149293,1,0,81,1,70,,1149298,1,,,1,30,,1149303,1,0,81,1,70,,1149292,1,,,1,30,,1149296,1,0,81,1,70,,1149282,1,,,1,30,,1149290,1,0,81,1,70,,1149283,1,,,1,30,,1149273,1,0,81,1,70,,1149288,1,,,1,30,,1149301,1,0,81,1,70,,1149294,1,,,1,44,,1149279,1,,,1,100,,1149286,1,0,81,1,85,,1149276,1,0,81,1
5600,'4',715,,1149327,1,,,1,30,,1149306,1,0,81,1,70,,1149309,1,,,1,30,,1002550,1,0,81,1,70,,1149321,1,,,1,30,,1149315,1,0,81,1,70,,1149310,1,,,1,30,,1062500,1,0,81,1,70,,1149316,1,,,1,30,,1149319,1,0,81,1,70,,1149312,1,,,1,30,,1149314,1,0,81,1,70,,1149323,1,,,1,30,,1045403,1,0,81,1,70,,1149304,1,,,1,30,,1149308,1,0,81,1,70,,1149322,1,,,1,30,,1149329,1,0,81,1,70,,1149320,1,,,1,30,,1062978,1,0,81,1,70,,1149311,1,,,1,30,,1149326,1,0,81,1,70,,1149317,1,,,1,30,,1149318,1,0,81,1,70,,1149307,1,,,1,30,,1149324,1,0,81,1,70,,1149313,1,,,1,30,,1149325,1,0,81,1,70,,1066055,1,,,1,44,,1149330,1,,,1,100,,1149328,1,0,81,1,85,,1149305,1,0,81,1
5600,'5',559,,1149339,1,,,1,65,,1149353,1,,,1,20,,1149356,1,0,81,1,15,,1149344,1,,,1,55,,1149346,1,0,81,1,15,,1149345,1,,,1,15,,1149338,1,0,81,1,57,,1149360,1,,,1,15,,1149350,1,0,81,1,13,,1149358,1,,,1,15,,1149370,1,0,81,1,15,,1149364,1,,,1,70,,1149366,1,,,1,30,,1149357,1,,,1,70,,1149336,1,0,81,1,30,,1149347,1,0,81,1,70,,1149355,1,0,81,1,30,,1149352,1,0,81,1,70,,1149348,1,0,81,1,30,,1149369,1,0,81,1,70,,1149331,1,0,81,1,30,,1149373,1,0,81,1,70,,1149334,1,,,1,15,,1076616,1,,,1,14,,1149371,1,0,81,1,56,,1149342,1,,,1,15,,1086357,1,,,1,15,,1103621,1,,,1,15,,1149332,1,,,1,57,,1149365,1,,,1,13,,1149343,1,,,1,15,,1149368,1,,,1,15,,1149361,1,0,81,1,55,,1149349,1,,,1,20,,1149333,1,,,1,16,,998947,1,0,81,1,54,,1149335,1,,,1,30,,1149363,1,,,1,70,,1088102,1,0,81,1,30,,1149367,1,0,81,1,70,,1149351,1,0,81,1,30,,1149374,1,0,81,1,70,,1149359,1,0,81,1,30,,1149337,1,0,81,1,70,,1149362,1,0,81,1,30,,1149354,1,0,81,1,70,,999926,1,0,81,1,30,,1057208,1,0,81,1,70,,1149341,1,0,81,1,30,,1149372,1,0,81,1,70,,1149340,1,0,81,1
5600,'6',559,,1149410,1,,,1,65,,1149421,1,,,1,20,,1149401,1,0,81,1,15,,1149392,1,,,1,55,,1149391,1,0,81,1,15,,1149399,1,,,1,15,,1071029,1,0,81,1,57,,1149406,1,,,1,15,,1149407,1,0,81,1,13,,1149400,1,,,1,15,,1149405,1,0,81,1,15,,1149376,1,,,1,70,,1149387,1,,,1,30,,1149416,1,,,1,70,,1097955,1,0,81,1,30,,1149388,1,0,81,1,70,,1149419,1,0,81,1,30,,1149393,1,0,81,1,70,,1149398,1,0,81,1,30,,1149394,1,0,81,1,70,,1087016,1,0,81,1,30,,1149420,1,0,81,1,70,,1149411,1,,,1,15,,1149375,1,,,1,14,,1149384,1,0,81,1,56,,1149396,1,,,1,15,,1149390,1,,,1,15,,1149377,1,,,1,15,,1149415,1,,,1,57,,1149402,1,,,1,13,,1149414,1,,,1,15,,1149386,1,,,1,15,,1149397,1,0,81,1,55,,1149380,1,,,1,20,,1149389,1,,,1,16,,1149412,1,0,81,1,54,,1149418,1,,,1,30,,1149417,1,,,1,70,,1149382,1,0,81,1,30,,1149409,1,0,81,1,70,,1149408,1,0,81,1,30,,1051241,1,0,81,1,70,,1149395,1,0,81,1,30,,1149413,1,0,81,1,70,,1149383,1,0,81,1,30,,1149381,1,0,81,1,70,,1149379,1,0,81,1,30,,1149385,1,0,81,1,70,,1149378,1,0,81,1,30,,1149404,1,0,81,1,70,,1149403,1,0,81,1
5600,'7',703,,1149431,1,,,1,30,,1149448,1,0,81,1,70,,1149424,1,,,1,30,,1149437,1,0,81,1,70,,1149435,1,,,1,30,,1149434,1,0,81,1,70,,1149438,1,,,1,30,,1149440,1,0,81,1,70,,1149454,1,,,1,30,,1149430,1,0,81,1,70,,1149429,1,,,1,30,,1149442,1,0,81,1,70,,1149444,1,,,1,30,,1149423,1,0,81,1,70,,1149452,1,,,1,30,,1149425,1,0,81,1,70,,1149445,1,,,1,30,,1149446,1,0,81,1,70,,1149439,1,,,1,30,,1149451,1,0,81,1,70,,1149428,1,,,1,30,,1149447,1,0,81,1,70,,1149441,1,,,1,30,,1149432,1,0,81,1,70,,1149427,1,,,1,30,,1149450,1,0,81,1,70,,1149436,1,,,1,30,,1149422,1,0,81,1,70,,1149449,1,,,1,30,,1149443,1,0,81,1,70,,1149433,1,,,1,100,,1149453,1,0,81,1,100,,1149426,1,0,81,1
5600,'8',559,,1149493,1,,,1,65,,1149505,1,,,1,20,,1149484,1,0,81,1,15,,1149475,1,,,1,55,,1149474,1,0,81,1,15,,1149482,1,,,1,15,,1149456,1,0,81,1,57,,1149489,1,,,1,15,,1149490,1,0,81,1,13,,1149483,1,,,1,15,,1149488,1,0,81,1,15,,1149458,1,,,1,70,,1149470,1,,,1,30,,1149499,1,,,1,70,,1149462,1,0,81,1,30,,1149471,1,0,81,1,70,,1149502,1,0,81,1,30,,1149476,1,0,81,1,70,,1149481,1,0,81,1,30,,1149477,1,0,81,1,70,,1149504,1,0,81,1,30,,1149503,1,0,81,1,70,,1149494,1,,,1,15,,1149457,1,,,1,14,,1149467,1,0,81,1,56,,1149479,1,,,1,15,,1149473,1,,,1,15,,1149459,1,,,1,15,,1149498,1,,,1,57,,1149485,1,,,1,13,,1149497,1,,,1,15,,1149469,1,,,1,15,,1149480,1,0,81,1,55,,1149463,1,,,1,20,,1149472,1,,,1,16,,1149495,1,0,81,1,54,,1149501,1,,,1,30,,1149500,1,,,1,70,,1149465,1,0,81,1,30,,1149492,1,0,81,1,70,,1149491,1,0,81,1,30,,1149455,1,0,81,1,70,,1149478,1,0,81,1,30,,1149496,1,0,81,1,70,,1149466,1,0,81,1,30,,1149464,1,0,81,1,70,,1149461,1,0,81,1,30,,1149468,1,0,81,1,70,,1149460,1,0,81,1,30,,1149487,1,0,81,1,70,,1149486,1,0,81,1
5600,'9',559,,1149514,1,,,1,65,,1149528,1,,,1,20,,1149531,1,0,81,1,15,,1149519,1,,,1,55,,1149521,1,0,81,1,15,,1149520,1,,,1,15,,1149513,1,0,81,1,57,,1149535,1,,,1,15,,1149525,1,0,81,1,13,,1149533,1,,,1,15,,1149545,1,0,81,1,15,,1149539,1,,,1,70,,1149541,1,,,1,30,,1149532,1,,,1,70,,1149511,1,0,81,1,30,,1149522,1,0,81,1,70,,1149530,1,0,81,1,30,,1149527,1,0,81,1,70,,1149523,1,0,81,1,30,,1149544,1,0,81,1,70,,1149506,1,0,81,1,30,,1149548,1,0,81,1,70,,1149509,1,,,1,15,,1076516,1,,,1,14,,1149546,1,0,81,1,56,,1149517,1,,,1,15,,1086264,1,,,1,15,,1103619,1,,,1,15,,1149507,1,,,1,57,,1149540,1,,,1,13,,1149518,1,,,1,15,,1149543,1,,,1,15,,1149536,1,0,81,1,55,,1149524,1,,,1,20,,1149508,1,,,1,16,,999128,1,0,81,1,54,,1149510,1,,,1,30,,1149538,1,,,1,70,,1087885,1,0,81,1,30,,1149542,1,0,81,1,70,,1149526,1,0,81,1,30,,1149549,1,0,81,1,70,,1149534,1,0,81,1,30,,1149512,1,0,81,1,70,,1149537,1,0,81,1,30,,1149529,1,0,81,1,70,,1000189,1,0,81,1,30,,1057234,1,0,81,1,70,,1149516,1,0,81,1,30,,1149547,1,0,81,1,70,,1149515,1,0,81,1
5601,'1',610,,1149554,11,4,,1,35,,1149565,46,4,,1,72,,1149568,46,4,,1,15,,1149593,11,4,,1,14,,1149558,46,4,,1,54,,1149551,46,4,,1,25,,1149586,46,4,,1,16,,1149582,46,4,,1,16,,1149570,46,4,,1,53,,1149587,46,4,,1,10,,1149595,46,4,,1,28,,1149552,46,4,,1,69,,1079156,46,4,,1,31,,1149567,46,4,,1,68,,1149555,11,4,,1,30,,1149574,11,4,,1,70,,1149581,11,4,,1,30,,1149576,11,4,,1,70,,1149550,11,4,,1,30,,1149566,11,4,,1,69,,1149559,11,4,,1,34,,1014454,11,4,,1,70,,1149590,46,4,,1,38,,1149569,46,4,,1,53,,1149560,46,4,,1,14,,1149556,11,4,,1,20,,1149561,46,4,,1,10,,1149571,11,4,,1,55,,1149564,46,4,,1,15,,1149578,11,4,,1,15,,1149557,46,4,,1,9,,1149584,11,4,,1,58,,1149589,46,4,,1,15,,1149592,11,4,,1,15,,1149572,46,4,,1,15,,1149562,46,4,,1,54,,1149573,46,4,,1,15,,1149596,11,4,,1,30,,1149579,11,4,,1,75,,1149580,11,4,,1,30,,1149588,11,4,,1,70,,1149563,11,4,,1,30,,1149583,11,4,,1,70,,1149591,11,4,,1,30,,1149594,11,4,,1,70,,1149585,11,4,,1,30,,1078320,11,4,,1,70,,1149577,11,4,,1,30,,1149553,11,4,,1
5601,'10',610,,1149601,11,4,,1,35,,1149612,46,4,,1,72,,1149615,46,4,,1,15,,1149640,11,4,,1,14,,1149605,46,4,,1,54,,1149598,46,4,,1,25,,1149633,46,4,,1,16,,1149629,46,4,,1,16,,1149617,46,4,,1,53,,1149634,46,4,,1,10,,1149642,46,4,,1,28,,1149599,46,4,,1,69,,1078902,46,4,,1,31,,1149614,46,4,,1,68,,1149602,11,4,,1,30,,1149621,11,4,,1,70,,1149628,11,4,,1,30,,1149623,11,4,,1,70,,1149597,11,4,,1,30,,1149613,11,4,,1,69,,1149606,11,4,,1,34,,1014542,11,4,,1,70,,1149637,46,4,,1,38,,1149616,46,4,,1,53,,1149607,46,4,,1,14,,1149603,11,4,,1,20,,1149608,46,4,,1,10,,1149618,11,4,,1,55,,1149611,46,4,,1,15,,1149625,11,4,,1,15,,1149604,46,4,,1,9,,1149631,11,4,,1,58,,1149636,46,4,,1,15,,1149639,11,4,,1,15,,1149619,46,4,,1,15,,1149609,46,4,,1,54,,1149620,46,4,,1,15,,1149643,11,4,,1,30,,1149626,11,4,,1,75,,1149627,11,4,,1,30,,1149635,11,4,,1,70,,1149610,11,4,,1,30,,1149630,11,4,,1,70,,1149638,11,4,,1,30,,1149641,11,4,,1,70,,1149632,11,4,,1,30,,1078108,11,4,,1,70,,1149624,11,4,,1,30,,1149600,11,4,,1
5601,'11',610,,1149648,11,4,,1,35,,1149659,46,4,,1,72,,1149662,46,4,,1,15,,1149687,11,4,,1,14,,1149652,46,4,,1,54,,1149645,46,4,,1,25,,1149680,46,4,,1,16,,1149676,46,4,,1,16,,1149664,46,4,,1,53,,1149681,46,4,,1,10,,1149689,46,4,,1,28,,1149646,46,4,,1,69,,1079236,46,4,,1,31,,1149661,46,4,,1,68,,1149649,11,4,,1,30,,1149668,11,4,,1,70,,1149675,11,4,,1,30,,1149670,11,4,,1,70,,1149644,11,4,,1,30,,1149660,11,4,,1,69,,1149653,11,4,,1,34,,1014427,11,4,,1,70,,1149684,46,4,,1,38,,1149663,46,4,,1,53,,1149654,46,4,,1,14,,1149650,11,4,,1,20,,1149655,46,4,,1,10,,1149665,11,4,,1,55,,1149658,46,4,,1,15,,1149672,11,4,,1,15,,1149651,46,4,,1,9,,1149678,11,4,,1,58,,1149683,46,4,,1,15,,1149686,11,4,,1,15,,1149666,46,4,,1,15,,1149656,46,4,,1,54,,1149667,46,4,,1,15,,1149690,11,4,,1,30,,1149673,11,4,,1,75,,1149674,11,4,,1,30,,1149682,11,4,,1,70,,1149657,11,4,,1,30,,1149677,11,4,,1,70,,1149685,11,4,,1,30,,1149688,11,4,,1,70,,1149679,11,4,,1,30,,1078382,11,4,,1,70,,1149671,11,4,,1,30,,1149647,11,4,,1
5601,'12',610,,1149693,11,4,,1,35,,1149713,46,4,,1,72,,1149729,46,4,,1,15,,1149722,11,4,,1,14,,1149711,46,4,,1,54,,1149708,46,4,,1,25,,1149727,46,4,,1,16,,1149719,46,4,,1,16,,1149702,46,4,,1,53,,1149723,46,4,,1,10,,1149712,46,4,,1,28,,1149731,46,4,,1,69,,1149697,46,4,,1,31,,1149699,46,4,,1,68,,1149726,11,4,,1,30,,1149703,11,4,,1,70,,1149715,11,4,,1,30,,1149705,11,4,,1,70,,1149694,11,4,,1,30,,1099281,11,4,,1,69,,1149730,11,4,,1,34,,1149733,11,4,,1,70,,1149691,46,4,,1,38,,1149696,46,4,,1,53,,1149724,46,4,,1,14,,1149695,11,4,,1,20,,1149716,46,4,,1,10,,1093736,11,4,,1,55,,1149698,46,4,,1,15,,1149720,11,4,,1,15,,1149706,46,4,,1,9,,1149709,11,4,,1,58,,1149721,46,4,,1,15,,1039502,11,4,,1,15,,1074921,46,4,,1,15,,1149692,46,4,,1,54,,1149717,46,4,,1,15,,1149704,11,4,,1,30,,1149714,11,4,,1,75,,1149718,11,4,,1,30,,1149734,11,4,,1,70,,1149728,11,4,,1,30,,1149735,11,4,,1,70,,1076933,11,4,,1,30,,1149725,11,4,,1,70,,1149700,11,4,,1,30,,1149710,11,4,,1,70,,1149707,11,4,,1,30,,1149732,11,4,,1
5601,'13',703,,1149756,11,4,,1,32,,1149736,46,4,,1,71,,1149741,11,4,,1,30,,1149751,46,4,,1,71,,1038993,11,4,,1,31,,1149743,46,4,,1,70,,1149752,11,4,,1,30,,1149744,46,4,,1,70,,1149740,11,4,,1,30,,1149742,46,4,,1,70,,1075340,11,4,,1,32,,1149758,46,4,,1,70,,1149737,11,4,,1,30,,1149760,46,4,,1,70,,1149749,11,4,,1,30,,1149748,46,4,,1,70,,1149757,11,4,,1,30,,1149753,46,4,,1,70,,1149764,11,4,,1,30,,1149754,46,4,,1,70,,1149762,11,4,,1,29,,1149738,46,4,,1,70,,1149739,11,4,,1,28,,1149745,46,4,,1,70,,1149755,11,4,,1,30,,1149746,46,4,,1,70,,1149759,11,4,,1,30,,1149747,46,4,,1,70,,1074814,11,4,,1,28,,1149761,46,4,,1,85,,1149763,46,4,,1,100,,1149750,11,4,,1
5601,'14',610,,1149770,11,4,,1,35,,1149781,46,4,,1,72,,1149784,46,4,,1,15,,1149809,11,4,,1,14,,1149774,46,4,,1,54,,1149766,46,4,,1,25,,1149802,46,4,,1,16,,1149798,46,4,,1,16,,1149786,46,4,,1,53,,1149803,46,4,,1,10,,1149813,46,4,,1,28,,1149767,46,4,,1,69,,1149811,46,4,,1,31,,1149783,46,4,,1,68,,1149771,11,4,,1,30,,1149790,11,4,,1,70,,1149797,11,4,,1,30,,1149792,11,4,,1,70,,1149765,11,4,,1,30,,1149782,11,4,,1,69,,1149775,11,4,,1,34,,1149768,11,4,,1,70,,1149806,46,4,,1,38,,1149785,46,4,,1,53,,1149776,46,4,,1,14,,1149772,11,4,,1,20,,1149777,46,4,,1,10,,1149787,11,4,,1,55,,1149780,46,4,,1,15,,1149794,11,4,,1,15,,1149773,46,4,,1,9,,1149800,11,4,,1,58,,1149805,46,4,,1,15,,1149808,11,4,,1,15,,1149788,46,4,,1,15,,1149778,46,4,,1,54,,1149789,46,4,,1,15,,1149814,11,4,,1,30,,1149795,11,4,,1,75,,1149796,11,4,,1,30,,1149804,11,4,,1,70,,1149779,11,4,,1,30,,1149799,11,4,,1,70,,1149807,11,4,,1,30,,1149810,11,4,,1,70,,1149801,11,4,,1,30,,1149812,11,4,,1,70,,1149793,11,4,,1,30,,1149769,11,4,,1
5601,'15',610,,1149859,11,4,,1,35,,1149857,46,4,,1,72,,1149830,46,4,,1,15,,1149824,11,4,,1,14,,1149821,46,4,,1,54,,1149856,46,4,,1,25,,1149850,46,4,,1,16,,1149836,46,4,,1,16,,1149861,46,4,,1,53,,1149840,46,4,,1,10,,1149823,46,4,,1,28,,1149855,46,4,,1,69,,1149854,46,4,,1,31,,1149844,46,4,,1,68,,1149819,11,4,,1,30,,1149841,11,4,,1,70,,1149838,11,4,,1,30,,1149834,11,4,,1,70,,1149864,11,4,,1,30,,1149831,11,4,,1,69,,1149862,11,4,,1,34,,1149846,11,4,,1,70,,1149852,46,4,,1,38,,1149826,46,4,,1,53,,1149833,46,4,,1,14,,1149849,11,4,,1,20,,1149817,46,4,,1,10,,1149860,11,4,,1,55,,1149839,46,4,,1,15,,1149818,11,4,,1,15,,1149829,46,4,,1,9,,1149815,11,4,,1,58,,1149858,46,4,,1,15,,1149845,11,4,,1,15,,1149848,46,4,,1,15,,1149822,46,4,,1,54,,1149853,46,4,,1,15,,1149837,11,4,,1,30,,1149847,11,4,,1,75,,1149851,11,4,,1,30,,1149835,11,4,,1,70,,1149842,11,4,,1,30,,1149863,11,4,,1,70,,1149843,11,4,,1,30,,1149816,11,4,,1,70,,1149820,11,4,,1,30,,1149827,11,4,,1,70,,1149825,11,4,,1,30,,1149832,11,4,,1
5601,'16',610,,1149866,11,4,,1,35,,1149889,46,4,,1,72,,1149905,46,4,,1,15,,1149898,11,4,,1,14,,1149887,46,4,,1,54,,1149884,46,4,,1,25,,1149903,46,4,,1,16,,1149895,46,4,,1,16,,1149878,46,4,,1,53,,1149899,46,4,,1,10,,1149888,46,4,,1,28,,1149907,46,4,,1,69,,1149873,46,4,,1,31,,1149875,46,4,,1,68,,1149902,11,4,,1,30,,1149879,11,4,,1,70,,1149891,11,4,,1,30,,1149881,11,4,,1,70,,1149870,11,4,,1,30,,1149868,11,4,,1,69,,1149906,11,4,,1,34,,1149909,11,4,,1,70,,997037,46,4,,1,38,,1149872,46,4,,1,53,,1149900,46,4,,1,14,,1149871,11,4,,1,20,,1149892,46,4,,1,10,,1149911,11,4,,1,55,,1149874,46,4,,1,15,,1149896,11,4,,1,15,,1149882,46,4,,1,9,,1149885,11,4,,1,58,,1149897,46,4,,1,15,,1149869,11,4,,1,15,,1149912,46,4,,1,15,,1149865,46,4,,1,54,,1149893,46,4,,1,15,,1149880,11,4,,1,30,,1149890,11,4,,1,75,,1149894,11,4,,1,30,,1027659,11,4,,1,70,,1149904,11,4,,1,30,,1149910,11,4,,1,70,,1149867,11,4,,1,30,,1149901,11,4,,1,70,,1149876,11,4,,1,30,,1149886,11,4,,1,70,,1149883,11,4,,1,30,,1149908,11,4,,1
5601,'17',703,,1149935,11,4,,1,32,,1149913,46,4,,1,71,,1149919,11,4,,1,30,,1149930,46,4,,1,71,,1149921,11,4,,1,31,,1149922,46,4,,1,70,,1149931,11,4,,1,30,,1149923,46,4,,1,70,,1149918,11,4,,1,30,,1149920,46,4,,1,70,,1149917,11,4,,1,32,,1149937,46,4,,1,70,,1149914,11,4,,1,30,,1149940,46,4,,1,70,,1149928,11,4,,1,30,,1149927,46,4,,1,70,,1149936,11,4,,1,30,,1149932,46,4,,1,70,,1149944,11,4,,1,30,,1149933,46,4,,1,70,,1149942,11,4,,1,29,,1149915,46,4,,1,70,,1149916,11,4,,1,28,,1149924,46,4,,1,70,,1149934,11,4,,1,30,,1149925,46,4,,1,70,,1149938,11,4,,1,30,,1149926,46,4,,1,70,,1149939,11,4,,1,28,,1149941,46,4,,1,85,,1149943,46,4,,1,100,,1149929,11,4,,1
5601,'2',619,,1149970,46,4,,1,30,,1149968,11,4,,1,70,,1149949,46,4,,1,33,,1149966,11,4,,1,71,,1149975,46,4,,1,30,,1063365,11,4,,1,70,,1149964,46,4,,1,31,,1149962,11,4,,1,70,,1149965,46,4,,1,30,,1149974,11,4,,1,70,,1149971,46,4,,1,30,,1061547,11,4,,1,72,,1149960,46,4,,1,30,,1149956,11,4,,1,70,,1149955,46,4,,1,30,,1149950,11,4,,1,71,,1149967,46,4,,1,29,,1149951,11,4,,1,71,,1149952,46,4,,1,30,,1149972,11,4,,1,70,,1149963,46,4,,1,30,,1149976,11,4,,1,69,,1149946,46,4,,1,30,,1149948,11,4,,1,69,,1149953,46,4,,1,30,,1149947,11,4,,1,70,,1149954,46,4,,1,30,,1149961,11,4,,1,70,,1149973,46,4,,1,30,,1149957,11,4,,1,68,,1149977,46,4,,1,31,,1149959,11,4,,1,68,,1149945,46,4,,1,100,,1149958,11,4,,1,100,,1149969,11,4,,1
5601,'3',703,,1150000,11,4,,1,32,,1149978,46,4,,1,71,,1149984,11,4,,1,30,,1149995,46,4,,1,71,,1149986,11,4,,1,31,,1149987,46,4,,1,70,,1149996,11,4,,1,30,,1149988,46,4,,1,70,,1149983,11,4,,1,30,,1149985,46,4,,1,70,,1149982,11,4,,1,32,,1150002,46,4,,1,70,,1149979,11,4,,1,30,,1150005,46,4,,1,70,,1149993,11,4,,1,30,,1149992,46,4,,1,70,,1150001,11,4,,1,30,,1149997,46,4,,1,70,,1150009,11,4,,1,30,,1149998,46,4,,1,70,,1150007,11,4,,1,29,,1149980,46,4,,1,70,,1149981,11,4,,1,28,,1149989,46,4,,1,70,,1149999,11,4,,1,30,,1149990,46,4,,1,70,,1150003,11,4,,1,30,,1149991,46,4,,1,70,,1150004,11,4,,1,28,,1150006,46,4,,1,85,,1150008,46,4,,1,100,,1149994,11,4,,1
5601,'4',703,,1150026,11,4,,1,32,,1150029,46,4,,1,71,,1150033,11,4,,1,30,,1074873,46,4,,1,71,,1150010,11,4,,1,31,,1150025,46,4,,1,70,,1150036,11,4,,1,30,,1150021,46,4,,1,70,,1150028,11,4,,1,30,,1150014,46,4,,1,70,,1150017,11,4,,1,32,,1150035,46,4,,1,70,,1150019,11,4,,1,30,,1150023,46,4,,1,70,,1150022,11,4,,1,30,,1150012,46,4,,1,70,,1150038,11,4,,1,30,,1150024,46,4,,1,70,,1150018,11,4,,1,30,,1096077,46,4,,1,70,,1150016,11,4,,1,29,,1150011,46,4,,1,70,,1150015,11,4,,1,28,,1150027,46,4,,1,70,,1150031,11,4,,1,30,,1150034,46,4,,1,70,,1150037,11,4,,1,30,,1150020,46,4,,1,70,,1150032,11,4,,1,28,,1007040,46,4,,1,85,,1150030,46,4,,1,100,,1150013,11,4,,1
5601,'5',610,,1150043,11,4,,1,35,,1150054,46,4,,1,72,,1150057,46,4,,1,15,,1150082,11,4,,1,14,,1150047,46,4,,1,54,,1150040,46,4,,1,25,,1150075,46,4,,1,16,,1150071,46,4,,1,16,,1150059,46,4,,1,53,,1150076,46,4,,1,10,,1150084,46,4,,1,28,,1150041,46,4,,1,69,,1079111,46,4,,1,31,,1150056,46,4,,1,68,,1150044,11,4,,1,30,,1150063,11,4,,1,70,,1150070,11,4,,1,30,,1150065,11,4,,1,70,,1150039,11,4,,1,30,,1150055,11,4,,1,69,,1150048,11,4,,1,34,,1014300,11,4,,1,70,,1150079,46,4,,1,38,,1150058,46,4,,1,53,,1150049,46,4,,1,14,,1150045,11,4,,1,20,,1150050,46,4,,1,10,,1150060,11,4,,1,55,,1150053,46,4,,1,15,,1150067,11,4,,1,15,,1150046,46,4,,1,9,,1150073,11,4,,1,58,,1150078,46,4,,1,15,,1150081,11,4,,1,15,,1150061,46,4,,1,15,,1150051,46,4,,1,54,,1150062,46,4,,1,15,,1150085,11,4,,1,30,,1150068,11,4,,1,75,,1150069,11,4,,1,30,,1150077,11,4,,1,70,,1150052,11,4,,1,30,,1150072,11,4,,1,70,,1150080,11,4,,1,30,,1150083,11,4,,1,70,,1150074,11,4,,1,30,,1078282,11,4,,1,70,,1150066,11,4,,1,30,,1150042,11,4,,1
5601,'6',610,,1150087,11,4,,1,35,,1150109,46,4,,1,72,,1150124,46,4,,1,15,,1084831,11,4,,1,14,,1070692,46,4,,1,54,,1150105,46,4,,1,25,,1150122,46,4,,1,16,,1150115,46,4,,1,16,,1150099,46,4,,1,53,,1150118,46,4,,1,10,,1150108,46,4,,1,28,,1150126,46,4,,1,69,,1150094,46,4,,1,31,,1150096,46,4,,1,68,,1150121,11,4,,1,30,,1150100,11,4,,1,70,,1150111,11,4,,1,30,,1150102,11,4,,1,70,,1150091,11,4,,1,30,,1150089,11,4,,1,69,,1150125,11,4,,1,34,,1150128,11,4,,1,70,,1150086,46,4,,1,38,,1150093,46,4,,1,53,,1150119,46,4,,1,14,,1150092,11,4,,1,20,,1150112,46,4,,1,10,,1150131,11,4,,1,55,,1150095,46,4,,1,15,,1150116,11,4,,1,15,,1150103,46,4,,1,9,,1150106,11,4,,1,58,,1150117,46,4,,1,15,,1150090,11,4,,1,15,,1150132,46,4,,1,15,,968907,46,4,,1,54,,1150113,46,4,,1,15,,1150101,11,4,,1,30,,1150110,11,4,,1,75,,1150114,11,4,,1,30,,1150129,11,4,,1,70,,1150123,11,4,,1,30,,1150130,11,4,,1,70,,1150088,11,4,,1,30,,1150120,11,4,,1,70,,1150097,11,4,,1,30,,1150107,11,4,,1,70,,1150104,11,4,,1,30,,1150127,11,4,,1
5601,'7',619,,1150140,46,4,,1,30,,1150158,11,4,,1,70,,1150155,46,4,,1,33,,1150148,11,4,,1,71,,1150164,46,4,,1,30,,1150152,11,4,,1,70,,1150163,46,4,,1,31,,1150137,11,4,,1,70,,1150159,46,4,,1,30,,1150142,11,4,,1,70,,1150143,46,4,,1,30,,1150149,11,4,,1,72,,1150135,46,4,,1,30,,1150134,11,4,,1,70,,1150166,46,4,,1,30,,1150145,11,4,,1,71,,1150146,46,4,,1,29,,1150153,11,4,,1,71,,1150141,46,4,,1,30,,1150144,11,4,,1,70,,1150151,46,4,,1,30,,1150165,11,4,,1,69,,1150161,46,4,,1,30,,1150150,11,4,,1,69,,1150147,46,4,,1,30,,1150154,11,4,,1,70,,1150136,46,4,,1,30,,1150167,11,4,,1,70,,1150160,46,4,,1,30,,1150133,11,4,,1,68,,1150138,46,4,,1,31,,1150156,11,4,,1,68,,1150139,46,4,,1,100,,1150162,11,4,,1,100,,1150157,11,4,,1
5601,'8',610,,1150170,11,4,,1,35,,1150193,46,4,,1,72,,1150209,46,4,,1,15,,1150202,11,4,,1,14,,1150191,46,4,,1,54,,1150188,46,4,,1,25,,1150207,46,4,,1,16,,1150199,46,4,,1,16,,1150182,46,4,,1,53,,1150203,46,4,,1,10,,1150192,46,4,,1,28,,1150211,46,4,,1,69,,1150177,46,4,,1,31,,1150179,46,4,,1,68,,1150206,11,4,,1,30,,1150183,11,4,,1,70,,1150195,11,4,,1,30,,1150185,11,4,,1,70,,1150174,11,4,,1,30,,1150172,11,4,,1,69,,1150210,11,4,,1,34,,1150213,11,4,,1,70,,1150168,46,4,,1,38,,1150176,46,4,,1,53,,1150204,46,4,,1,14,,1150175,11,4,,1,20,,1150196,46,4,,1,10,,1150216,11,4,,1,55,,1150178,46,4,,1,15,,1150200,11,4,,1,15,,1150186,46,4,,1,9,,1150189,11,4,,1,58,,1150201,46,4,,1,15,,1150173,11,4,,1,15,,1150217,46,4,,1,15,,1150169,46,4,,1,54,,1150197,46,4,,1,15,,1150184,11,4,,1,30,,1150194,11,4,,1,75,,1150198,11,4,,1,30,,1150214,11,4,,1,70,,1150208,11,4,,1,30,,1150215,11,4,,1,70,,1150171,11,4,,1,30,,1150205,11,4,,1,70,,1150180,11,4,,1,30,,1150190,11,4,,1,70,,1150187,11,4,,1,30,,1150212,11,4,,1
5601,'9',610,,1150222,11,4,,1,35,,1150233,46,4,,1,72,,1150236,46,4,,1,15,,1150261,11,4,,1,14,,1150226,46,4,,1,54,,1150219,46,4,,1,25,,1150254,46,4,,1,16,,1150250,46,4,,1,16,,1150238,46,4,,1,53,,1150255,46,4,,1,10,,1150263,46,4,,1,28,,1150220,46,4,,1,69,,1078978,46,4,,1,31,,1150235,46,4,,1,68,,1150223,11,4,,1,30,,1150242,11,4,,1,70,,1150249,11,4,,1,30,,1150244,11,4,,1,70,,1150218,11,4,,1,30,,1150234,11,4,,1,69,,1150227,11,4,,1,34,,1014481,11,4,,1,70,,1150258,46,4,,1,38,,1150237,46,4,,1,53,,1150228,46,4,,1,14,,1150224,11,4,,1,20,,1150229,46,4,,1,10,,1150239,11,4,,1,55,,1150232,46,4,,1,15,,1150246,11,4,,1,15,,1150225,46,4,,1,9,,1150252,11,4,,1,58,,1150257,46,4,,1,15,,1150260,11,4,,1,15,,1150240,46,4,,1,15,,1150230,46,4,,1,54,,1150241,46,4,,1,15,,1150264,11,4,,1,30,,1150247,11,4,,1,75,,1150248,11,4,,1,30,,1150256,11,4,,1,70,,1150231,11,4,,1,30,,1150251,11,4,,1,70,,1150259,11,4,,1,30,,1150262,11,4,,1,70,,1150253,11,4,,1,30,,1078178,11,4,,1,70,,1150245,11,4,,1,30,,1150221,11,4,,1
5700,'1',524,,1150303,19,4,,1,31,,1150288,19,4,,1,66,,1150291,20,4,,1,18,,1086398,20,4,,1,68,,1150275,54,4,,1,15,,1150277,20,4,,1,16,,1150271,54,4,,1,76,,1150270,54,4,,1,28,,1100965,54,4,,1,71,,1150300,54,4,,1,33,,1150269,54,4,,1,69,,1150293,54,4,,1,27,,1150267,54,4,,1,67,,1096441,54,4,,1,30,,1081050,54,4,,1,71,,1150294,54,4,,1,30,,1150278,54,4,,1,72,,1150302,54,4,,1,30,,1150282,54,4,,1,73,,1046258,54,4,,1,30,,1150279,54,4,,1,70,,1150287,54,4,,1,33,,1150304,54,4,,1,58,,1150289,54,4,,1,15,,1150295,54,4,,1,17,,1150286,54,4,,1,14,,1150285,54,4,,1,52,,1150281,54,4,,1,16,,1150299,54,4,,1,16,,1150298,54,4,,1,15,,1150297,54,4,,1,51,,1099529,54,4,,1,16,,1150301,54,4,,1,14,,1150274,54,4,,1,15,,1150283,54,4,,1,68,,1150265,54,4,,1,27,,1150306,54,4,,1,69,,1150305,54,4,,1,25,,1150307,54,4,,1,70,,972733,54,4,,1,30,,1150268,54,4,,1,69,,1150276,54,4,,1,32,,1150290,53,4,,1,67,,1150284,53,4,,1,26,,1150292,53,4,,1,73,,1150296,53,4,,1,34,,1150266,53,4,,1,66,,1150280,19,0,66 67,1,30,,1150273,19,0,66 67,1,70,,1150272,19,0,66 67,1,35,,1055129,19,0,66 67,1
5700,'10',524,,1150346,19,4,,1,31,,1150331,19,4,,1,66,,1150334,20,4,,1,18,,1086211,20,4,,1,68,,1150318,54,4,,1,15,,1150320,20,4,,1,16,,1150314,54,4,,1,76,,1150313,54,4,,1,28,,1100804,54,4,,1,71,,1150343,54,4,,1,33,,1150312,54,4,,1,69,,1150336,54,4,,1,27,,1150310,54,4,,1,67,,1096225,54,4,,1,30,,1080868,54,4,,1,71,,1150337,54,4,,1,30,,1150321,54,4,,1,72,,1150345,54,4,,1,30,,1150325,54,4,,1,73,,1046346,54,4,,1,30,,1150322,54,4,,1,70,,1150330,54,4,,1,33,,1150347,54,4,,1,58,,1150332,54,4,,1,15,,1150338,54,4,,1,17,,1150329,54,4,,1,14,,1150328,54,4,,1,52,,1150324,54,4,,1,16,,1150342,54,4,,1,16,,1150341,54,4,,1,15,,1150340,54,4,,1,51,,1099415,54,4,,1,16,,1150344,54,4,,1,14,,1150317,54,4,,1,15,,1150326,54,4,,1,68,,1150308,54,4,,1,27,,1150349,54,4,,1,69,,1150348,54,4,,1,25,,1150350,54,4,,1,70,,972240,54,4,,1,30,,1150311,54,4,,1,69,,1150319,54,4,,1,32,,1150333,53,4,,1,67,,1150327,53,4,,1,26,,1150335,53,4,,1,73,,1150339,53,4,,1,34,,1150309,53,4,,1,66,,1150323,19,0,66 67,1,30,,1150316,19,0,66 67,1,70,,1150315,19,0,66 67,1,35,,1055192,19,0,66 67,1
5700,'11',524,,1150389,19,4,,1,31,,1150374,19,4,,1,66,,1150377,20,4,,1,18,,1086456,20,4,,1,68,,1150361,54,4,,1,15,,1150363,20,4,,1,16,,1150357,54,4,,1,76,,1150356,54,4,,1,28,,1101002,54,4,,1,71,,1150386,54,4,,1,33,,1150355,54,4,,1,69,,1150379,54,4,,1,27,,1150353,54,4,,1,67,,1096500,54,4,,1,30,,1081104,54,4,,1,71,,1150380,54,4,,1,30,,1150364,54,4,,1,72,,1150388,54,4,,1,30,,1150368,54,4,,1,73,,1046232,54,4,,1,30,,1150365,54,4,,1,70,,1150373,54,4,,1,33,,1150390,54,4,,1,58,,1150375,54,4,,1,15,,1150381,54,4,,1,17,,1150372,54,4,,1,14,,1150371,54,4,,1,52,,1150367,54,4,,1,16,,1150385,54,4,,1,16,,1150384,54,4,,1,15,,1150383,54,4,,1,51,,1099565,54,4,,1,16,,1150387,54,4,,1,14,,1150360,54,4,,1,15,,1150369,54,4,,1,68,,1150351,54,4,,1,27,,1150392,54,4,,1,69,,1150391,54,4,,1,25,,1150393,54,4,,1,70,,972665,54,4,,1,30,,1150354,54,4,,1,69,,1150362,54,4,,1,32,,1150376,53,4,,1,67,,1150370,53,4,,1,26,,1150378,53,4,,1,73,,1150382,53,4,,1,34,,1150352,53,4,,1,66,,1150366,19,0,66 67,1,30,,1150359,19,0,66 67,1,70,,1150358,19,0,66 67,1,35,,1055113,19,0,66 67,1
5700,'12',524,,1150439,19,4,,1,31,,1150418,19,4,,1,66,,1150424,20,4,,1,18,,1150403,20,4,,1,68,,1150419,54,4,,1,15,,1150401,20,4,,1,16,,1150437,54,4,,1,76,,1150422,54,4,,1,28,,1150429,54,4,,1,71,,1150402,54,4,,1,33,,1150416,54,4,,1,69,,1150404,54,4,,1,27,,1150435,54,4,,1,67,,1150400,54,4,,1,30,,1150434,54,4,,1,71,,1150436,54,4,,1,30,,1150395,54,4,,1,72,,1150413,54,4,,1,30,,1150427,54,4,,1,73,,1150399,54,4,,1,30,,1150430,54,4,,1,70,,1150443,54,4,,1,33,,1150397,54,4,,1,58,,1150425,54,4,,1,15,,1150394,54,4,,1,17,,1150412,54,4,,1,14,,1150411,54,4,,1,52,,1150440,54,4,,1,16,,1150406,54,4,,1,16,,1150405,54,4,,1,15,,1150423,54,4,,1,51,,1150415,54,4,,1,16,,1150428,54,4,,1,14,,1150431,54,4,,1,15,,1150420,54,4,,1,68,,1150408,54,4,,1,27,,1150396,54,4,,1,69,,1150426,54,4,,1,25,,1150414,54,4,,1,70,,1150442,54,4,,1,30,,1150407,54,4,,1,69,,1084391,54,4,,1,32,,1150398,53,4,,1,67,,1150441,53,4,,1,26,,1150409,53,4,,1,73,,1150433,53,4,,1,34,,1150410,53,4,,1,66,,1150417,19,0,66 67,1,30,,1150438,19,0,66 67,1,70,,1150432,19,0,66 67,1,35,,1150421,19,0,66 67,1
5700,'13',631,,1150463,19,0,66 67,1,70,,1150445,19,0,66 67,1,30,,1150452,19,0,66 67,1,70,,1150458,19,4,,1,30,,1150447,19,4,,1,70,,1150453,19,4,,1,30,,1150456,19,4,,1,69,,1150464,53,4,,1,102,,1150460,53,4,,1,101,,1150465,53,4,,1,103,,1150444,53,4,,1,100,,1150455,53,4,,1,99,,1150446,53,4,,1,100,,1150466,53,4,,1,98,,1150454,53,4,,1,100,,1150462,53,4,,1,99,,1150450,53,4,,1,102,,1150467,19,4,,1,30,,1150449,19,4,,1,68,,1150457,19,4,,1,30,,1101566,19,4,,1,70,,1150461,19,4,,1,30,,1150448,19,4,,1,68,,1150451,19,4,,1,30,,1150459,19,0,66 67,1
5700,'14',524,,1150511,19,4,,1,31,,1150495,19,4,,1,66,,1150498,20,4,,1,18,,1150475,20,4,,1,68,,1150481,54,4,,1,15,,1150483,20,4,,1,16,,1150477,54,4,,1,76,,1150476,54,4,,1,28,,1150470,54,4,,1,71,,1150507,54,4,,1,33,,1150474,54,4,,1,69,,1150500,54,4,,1,27,,1150472,54,4,,1,67,,1150510,54,4,,1,30,,1150512,54,4,,1,71,,1150501,54,4,,1,30,,1150484,54,4,,1,72,,1150509,54,4,,1,30,,1150488,54,4,,1,73,,1150514,54,4,,1,30,,1150485,54,4,,1,70,,1150494,54,4,,1,33,,1150513,54,4,,1,58,,1150496,54,4,,1,15,,1150502,54,4,,1,17,,1150493,54,4,,1,14,,1150492,54,4,,1,52,,1150487,54,4,,1,16,,1150506,54,4,,1,16,,1150505,54,4,,1,15,,1150504,54,4,,1,51,,1150518,54,4,,1,16,,1150508,54,4,,1,14,,1150480,54,4,,1,15,,1150490,54,4,,1,68,,1150468,54,4,,1,27,,1150516,54,4,,1,69,,1150515,54,4,,1,25,,1150517,54,4,,1,70,,1150469,54,4,,1,30,,1150473,54,4,,1,69,,1150482,54,4,,1,32,,1150497,53,4,,1,67,,1150491,53,4,,1,26,,1150499,53,4,,1,73,,1150503,53,4,,1,34,,1150471,53,4,,1,66,,1150486,19,0,66 67,1,30,,1150479,19,0,66 67,1,70,,1150478,19,0,66 67,1,35,,1150489,19,0,66 67,1
5700,'15',524,,1150535,19,4,,1,31,,1150531,19,4,,1,66,,1150552,20,4,,1,18,,1150519,20,4,,1,68,,1150569,54,4,,1,15,,1150546,20,4,,1,16,,1150541,54,4,,1,76,,1150559,54,4,,1,28,,1150540,54,4,,1,71,,1150567,54,4,,1,33,,1150542,54,4,,1,69,,1150527,54,4,,1,27,,1150528,54,4,,1,67,,1150544,54,4,,1,30,,1150534,54,4,,1,71,,1150560,54,4,,1,30,,1150526,54,4,,1,72,,1150536,54,4,,1,30,,1150549,54,4,,1,73,,1150520,54,4,,1,30,,1150550,54,4,,1,70,,1150561,54,4,,1,33,,1150556,54,4,,1,58,,1150551,54,4,,1,15,,1150554,54,4,,1,17,,1150548,54,4,,1,14,,1150532,54,4,,1,52,,1150530,54,4,,1,16,,1150568,54,4,,1,16,,1150523,54,4,,1,15,,1150524,54,4,,1,51,,1150562,54,4,,1,16,,1150563,54,4,,1,14,,1150553,54,4,,1,15,,1150565,54,4,,1,68,,1150538,54,4,,1,27,,1150555,54,4,,1,69,,1150537,54,4,,1,25,,1150539,54,4,,1,70,,1150521,54,4,,1,30,,1150545,54,4,,1,69,,1150566,54,4,,1,32,,1150529,53,4,,1,67,,1150564,53,4,,1,26,,1150543,53,4,,1,73,,1150558,53,4,,1,34,,1150547,53,4,,1,66,,1150557,19,0,66 67,1,30,,1150525,19,0,66 67,1,70,,1150522,19,0,66 67,1,35,,1150533,19,0,66 67,1
5700,'16',524,,1150610,19,4,,1,31,,1150591,19,4,,1,66,,1150596,20,4,,1,18,,1150577,20,4,,1,68,,1150592,54,4,,1,15,,1150575,20,4,,1,16,,1150608,54,4,,1,76,,1077987,54,4,,1,28,,1150601,54,4,,1,71,,1150576,54,4,,1,33,,1150589,54,4,,1,69,,1150578,54,4,,1,27,,1150607,54,4,,1,67,,1150574,54,4,,1,30,,1150606,54,4,,1,71,,1063173,54,4,,1,30,,1093436,54,4,,1,72,,1150587,54,4,,1,30,,1150599,54,4,,1,73,,1150573,54,4,,1,30,,1150602,54,4,,1,70,,1070346,54,4,,1,33,,1150571,54,4,,1,58,,1150597,54,4,,1,15,,1041250,54,4,,1,17,,1150586,54,4,,1,14,,1150585,54,4,,1,52,,1150611,54,4,,1,16,,1150580,54,4,,1,16,,1150579,54,4,,1,15,,1150595,54,4,,1,51,,1150588,54,4,,1,16,,1150600,54,4,,1,14,,1150603,54,4,,1,15,,1150593,54,4,,1,68,,1150582,54,4,,1,27,,945325,54,4,,1,69,,1150598,54,4,,1,25,,1063167,54,4,,1,70,,1150613,54,4,,1,30,,1150581,54,4,,1,69,,1150570,54,4,,1,32,,1150572,53,4,,1,67,,1150612,53,4,,1,26,,1150583,53,4,,1,73,,1150605,53,4,,1,34,,1150584,53,4,,1,66,,1150590,19,0,66 67,1,30,,1150609,19,0,66 67,1,70,,1150604,19,0,66 67,1,35,,1150594,19,0,66 67,1
5700,'17',631,,1150633,19,0,66 67,1,70,,1150615,19,0,66 67,1,30,,1150622,19,0,66 67,1,70,,1150628,19,4,,1,30,,1150617,19,4,,1,70,,1150623,19,4,,1,30,,1150626,19,4,,1,69,,1150634,53,4,,1,102,,1150630,53,4,,1,101,,1150635,53,4,,1,103,,1150614,53,4,,1,100,,1150625,53,4,,1,99,,1150616,53,4,,1,100,,1150636,53,4,,1,98,,1150624,53,4,,1,100,,1150632,53,4,,1,99,,1150620,53,4,,1,102,,1150637,19,4,,1,30,,1150619,19,4,,1,68,,1150627,19,4,,1,30,,1150638,19,4,,1,70,,1150631,19,4,,1,30,,1150618,19,4,,1,68,,1150621,19,4,,1,30,,1150629,19,0,66 67,1
5700,'2',526,,1150644,19,0,66 67,1,77,,1150651,19,4,,1,30,,1150642,19,4,,1,70,,1150647,19,4,,1,30,,1150655,19,4,,1,70,,1150653,19,4,,1,30,,1150640,19,4,,1,25,,1150656,48,4,,1,99,,1150650,53,4,,1,143,,1150646,53,4,,1,100,,1150641,53,4,,1,103,,1150652,53,4,,1,100,,1078503,53,4,,1,99,,1074399,53,4,,1,100,,1150645,53,4,,1,98,,1083770,53,4,,1,100,,1150654,53,4,,1,59,,1150649,53,4,,1,98,,1067823,53,4,,1,99,,980561,53,4,,1,99,,1150639,53,4,,1,98,,1150648,53,4,,1,72,,1150643,19,4,,1,30,,1093125,19,4,,1
5700,'3',631,,1150676,19,0,66 67,1,70,,1150658,19,0,66 67,1,30,,1150665,19,0,66 67,1,70,,1150671,19,4,,1,30,,1150660,19,4,,1,70,,1150666,19,4,,1,30,,1150669,19,4,,1,69,,1150677,53,4,,1,102,,1150673,53,4,,1,101,,1150678,53,4,,1,103,,1150657,53,4,,1,100,,1150668,53,4,,1,99,,1150659,53,4,,1,100,,1150679,53,4,,1,98,,1150667,53,4,,1,100,,1150675,53,4,,1,99,,1150663,53,4,,1,102,,1150680,19,4,,1,30,,1150662,19,4,,1,68,,1150670,19,4,,1,30,,1150681,19,4,,1,70,,1150674,19,4,,1,30,,1150661,19,4,,1,68,,1150664,19,4,,1,30,,1150672,19,0,66 67,1
5700,'4',631,,1150685,19,0,66 67,1,70,,1150686,19,0,66 67,1,30,,1150682,19,0,66 67,1,70,,1075408,19,4,,1,30,,1150695,19,4,,1,70,,1150701,19,4,,1,30,,1150699,19,4,,1,69,,1150702,53,4,,1,102,,1150700,53,4,,1,101,,1150687,53,4,,1,103,,1150703,53,4,,1,100,,1074015,53,4,,1,99,,1150694,53,4,,1,100,,1150692,53,4,,1,98,,1150696,53,4,,1,100,,1075841,53,4,,1,99,,1150698,53,4,,1,102,,1150697,19,4,,1,30,,1150683,19,4,,1,68,,1150689,19,4,,1,30,,1150688,19,4,,1,70,,1150691,19,4,,1,30,,1150693,19,4,,1,68,,1150690,19,4,,1,30,,1150684,19,0,66 67,1
5700,'5',524,,1150742,19,4,,1,31,,1150727,19,4,,1,66,,1150730,20,4,,1,18,,1086365,20,4,,1,68,,1150714,54,4,,1,15,,1150716,20,4,,1,16,,1150710,54,4,,1,76,,1150709,54,4,,1,28,,1100943,54,4,,1,71,,1150739,54,4,,1,33,,1150708,54,4,,1,69,,1150732,54,4,,1,27,,1150706,54,4,,1,67,,1096414,54,4,,1,30,,1081021,54,4,,1,71,,1150733,54,4,,1,30,,1150717,54,4,,1,72,,1150741,54,4,,1,30,,1150721,54,4,,1,73,,1046104,54,4,,1,30,,1150718,54,4,,1,70,,1150726,54,4,,1,33,,1150743,54,4,,1,58,,1150728,54,4,,1,15,,1150734,54,4,,1,17,,1150725,54,4,,1,14,,1150724,54,4,,1,52,,1150720,54,4,,1,16,,1150738,54,4,,1,16,,1150737,54,4,,1,15,,1150736,54,4,,1,51,,1099506,54,4,,1,16,,1150740,54,4,,1,14,,1150713,54,4,,1,15,,1150722,54,4,,1,68,,1150704,54,4,,1,27,,1150745,54,4,,1,69,,1150744,54,4,,1,25,,1150746,54,4,,1,70,,972955,54,4,,1,30,,1150707,54,4,,1,69,,1150715,54,4,,1,32,,1150729,53,4,,1,67,,1150723,53,4,,1,26,,1150731,53,4,,1,73,,1150735,53,4,,1,34,,1150705,53,4,,1,66,,1150719,19,0,66 67,1,30,,1150712,19,0,66 67,1,70,,1150711,19,0,66 67,1,35,,1055002,19,0,66 67,1
5700,'6',524,,1086496,19,4,,1,31,,1150771,19,4,,1,66,,1150777,20,4,,1,18,,1150756,20,4,,1,68,,1150772,54,4,,1,15,,1150754,20,4,,1,16,,1003312,54,4,,1,76,,1150775,54,4,,1,28,,1150782,54,4,,1,71,,1150755,54,4,,1,33,,1150769,54,4,,1,69,,1150757,54,4,,1,27,,1087011,54,4,,1,67,,1150753,54,4,,1,30,,1150786,54,4,,1,71,,1150787,54,4,,1,30,,1150748,54,4,,1,72,,1150766,54,4,,1,30,,1150780,54,4,,1,73,,1150752,54,4,,1,30,,1150783,54,4,,1,70,,1150789,54,4,,1,33,,1081450,54,4,,1,58,,1150778,54,4,,1,15,,1150747,54,4,,1,17,,1150765,54,4,,1,14,,1150764,54,4,,1,52,,1016505,54,4,,1,16,,1150759,54,4,,1,16,,1150758,54,4,,1,15,,1150776,54,4,,1,51,,1150768,54,4,,1,16,,1150781,54,4,,1,14,,1150784,54,4,,1,15,,1150773,54,4,,1,68,,1150761,54,4,,1,27,,1150750,54,4,,1,69,,1150779,54,4,,1,25,,1150767,54,4,,1,70,,1086899,54,4,,1,30,,1150760,54,4,,1,69,,1150749,54,4,,1,32,,1150751,53,4,,1,67,,1150788,53,4,,1,26,,1150762,53,4,,1,73,,1150785,53,4,,1,34,,1150763,53,4,,1,66,,1150770,19,0,66 67,1,30,,1028810,19,0,66 67,1,70,,1069897,19,0,66 67,1,35,,1150774,19,0,66 67,1
5700,'7',526,,1150808,19,0,66 67,1,77,,1150806,19,4,,1,30,,1150811,19,4,,1,70,,1150800,19,4,,1,30,,1150794,19,4,,1,70,,1150805,19,4,,1,30,,1150795,19,4,,1,25,,1150798,48,4,,1,99,,1150802,53,4,,1,143,,1150793,53,4,,1,100,,1150801,53,4,,1,103,,1150791,53,4,,1,100,,1150799,53,4,,1,99,,1150812,53,4,,1,100,,1150796,53,4,,1,98,,1150797,53,4,,1,100,,1150804,53,4,,1,59,,1150792,53,4,,1,98,,1150803,53,4,,1,99,,1150809,53,4,,1,99,,1150813,53,4,,1,98,,1150810,53,4,,1,72,,1150790,19,4,,1,30,,1150807,19,4,,1
5700,'8',524,,1150860,19,4,,1,31,,1150839,19,4,,1,66,,1150845,20,4,,1,18,,1150824,20,4,,1,68,,1150840,54,4,,1,15,,1150822,20,4,,1,16,,1150858,54,4,,1,76,,1150843,54,4,,1,28,,1150850,54,4,,1,71,,1150823,54,4,,1,33,,1150837,54,4,,1,69,,1150825,54,4,,1,27,,1150856,54,4,,1,67,,1150821,54,4,,1,30,,1150855,54,4,,1,71,,1150857,54,4,,1,30,,1150815,54,4,,1,72,,1150834,54,4,,1,30,,1150848,54,4,,1,73,,1150820,54,4,,1,30,,1150851,54,4,,1,70,,1150864,54,4,,1,33,,1150818,54,4,,1,58,,1150846,54,4,,1,15,,1150814,54,4,,1,17,,1150833,54,4,,1,14,,1150832,54,4,,1,52,,1150861,54,4,,1,16,,1150827,54,4,,1,16,,1150826,54,4,,1,15,,1150844,54,4,,1,51,,1150836,54,4,,1,16,,1150849,54,4,,1,14,,1150852,54,4,,1,15,,1150841,54,4,,1,68,,1150829,54,4,,1,27,,1150817,54,4,,1,69,,1150847,54,4,,1,25,,1150835,54,4,,1,70,,1150863,54,4,,1,30,,1150828,54,4,,1,69,,1150816,54,4,,1,32,,1150819,53,4,,1,67,,1150862,53,4,,1,26,,1150830,53,4,,1,73,,1150854,53,4,,1,34,,1150831,53,4,,1,66,,1150838,19,0,66 67,1,30,,1150859,19,0,66 67,1,70,,1150853,19,0,66 67,1,35,,1150842,19,0,66 67,1
5700,'9',524,,1150903,19,4,,1,31,,1150888,19,4,,1,66,,1150891,20,4,,1,18,,1086272,20,4,,1,68,,1150875,54,4,,1,15,,1150877,20,4,,1,16,,1150871,54,4,,1,76,,1150870,54,4,,1,28,,1100852,54,4,,1,71,,1150900,54,4,,1,33,,1150869,54,4,,1,69,,1150893,54,4,,1,27,,1150867,54,4,,1,67,,1096287,54,4,,1,30,,1080929,54,4,,1,71,,1150894,54,4,,1,30,,1150878,54,4,,1,72,,1150902,54,4,,1,30,,1150882,54,4,,1,73,,1046284,54,4,,1,30,,1150879,54,4,,1,70,,1150887,54,4,,1,33,,1150904,54,4,,1,58,,1150889,54,4,,1,15,,1150895,54,4,,1,17,,1150886,54,4,,1,14,,1150885,54,4,,1,52,,1150881,54,4,,1,16,,1150899,54,4,,1,16,,1150898,54,4,,1,15,,1150897,54,4,,1,51,,1099446,54,4,,1,16,,1150901,54,4,,1,14,,1150874,54,4,,1,15,,1150883,54,4,,1,68,,1150865,54,4,,1,27,,1150906,54,4,,1,69,,1150905,54,4,,1,25,,1150907,54,4,,1,70,,972887,54,4,,1,30,,1150868,54,4,,1,69,,1150876,54,4,,1,32,,1150890,53,4,,1,67,,1150884,53,4,,1,26,,1150892,53,4,,1,73,,1150896,53,4,,1,34,,1150866,53,4,,1,66,,1150880,19,0,66 67,1,30,,1150873,19,0,66 67,1,70,,1150872,19,0,66 67,1,35,,1055145,19,0,66 67,1
5701,'1',551,,1150931,1,,,1,55,,1150940,1,,,1,15,,1150932,1,,,1,15,,1150917,1,,,1,15,,1150925,1,,,1,55,,1150945,1,,,1,14,,1150939,1,,,1,14,,1150947,1,,,1,14,,1053802,1,,,1,58,,903653,1,,,1,13,,1150927,1,,,1,30,,1088753,1,,,1,72,,1150926,1,,,1,30,,1150929,1,,,1,70,,1150930,1,,,1,30,,1150937,1,,,1,70,,1150918,1,,,1,30,,1150923,1,,,1,68,,1150910,1,,,1,30,,1050139,1,,,1,70,,1023254,1,,,1,29,,1150928,1,,,1,70,,1150933,1,,,1,29,,1150936,1,,,1,69,,1150909,1,,,1,30,,1150912,1,,,1,71,,1093389,1,,,1,30,,1150911,1,,,1,70,,1150913,1,,,1,32,,1150908,1,,,1,73,,1150943,1,,,1,30,,1001305,1,,,1,70,,1150919,1,,,1,30,,1150938,1,,,1,70,,1102433,1,,,1,30,,1150914,1,,,1,70,,1150942,1,,,1,30,,1150921,1,,,1,69,,1150941,1,,,1,34,,1150915,1,,,1,77,,1150920,1,,,1,70,,1150922,1,0,76,1,30,,1150916,1,0,76,1,70,,1150944,1,0,76,1,35,,1101498,1,0,76,1,69,,1150946,15,0,76,1,30,,1150924,15,0,76,1,70,,1150935,15,0,76,1
5701,'10',551,,1150971,1,,,1,55,,1150980,1,,,1,15,,1150972,1,,,1,15,,1150957,1,,,1,15,,1150965,1,,,1,55,,1150985,1,,,1,14,,1150979,1,,,1,14,,1150987,1,,,1,14,,1053895,1,,,1,58,,903703,1,,,1,13,,1150967,1,,,1,30,,1088348,1,,,1,72,,1150966,1,,,1,30,,1150969,1,,,1,70,,1150970,1,,,1,30,,1150977,1,,,1,70,,1150958,1,,,1,30,,1150963,1,,,1,68,,1150950,1,,,1,30,,1050212,1,,,1,70,,1023298,1,,,1,29,,1150968,1,,,1,70,,1150973,1,,,1,29,,1150976,1,,,1,69,,1150949,1,,,1,30,,1150952,1,,,1,71,,1093073,1,,,1,30,,1150951,1,,,1,70,,1150953,1,,,1,32,,1150948,1,,,1,73,,1150983,1,,,1,30,,1001452,1,,,1,70,,1150959,1,,,1,30,,1150978,1,,,1,70,,1102418,1,,,1,30,,1150954,1,,,1,70,,1150982,1,,,1,30,,1150961,1,,,1,69,,1150981,1,,,1,34,,1150955,1,,,1,77,,1150960,1,,,1,70,,1150962,1,0,76,1,30,,1150956,1,0,76,1,70,,1150984,1,0,76,1,35,,1101486,1,0,76,1,69,,1150986,15,0,76,1,30,,1150964,15,0,76,1,70,,1150975,15,0,76,1
5701,'11',551,,1151011,1,,,1,55,,1151020,1,,,1,15,,1151012,1,,,1,15,,1150997,1,,,1,15,,1151005,1,,,1,55,,1151025,1,,,1,14,,1151019,1,,,1,14,,1151027,1,,,1,14,,1053774,1,,,1,58,,903553,1,,,1,13,,1151007,1,,,1,30,,1088874,1,,,1,72,,1151006,1,,,1,30,,1151009,1,,,1,70,,1151010,1,,,1,30,,1151017,1,,,1,70,,1150998,1,,,1,30,,1151003,1,,,1,68,,1150990,1,,,1,30,,1050118,1,,,1,70,,1023240,1,,,1,29,,1151008,1,,,1,70,,1151013,1,,,1,29,,1151016,1,,,1,69,,1150989,1,,,1,30,,1150992,1,,,1,71,,1093480,1,,,1,30,,1150991,1,,,1,70,,1150993,1,,,1,32,,1150988,1,,,1,73,,1151023,1,,,1,30,,1001264,1,,,1,70,,1150999,1,,,1,30,,1151018,1,,,1,70,,1102438,1,,,1,30,,1150994,1,,,1,70,,1151022,1,,,1,30,,1151001,1,,,1,69,,1151021,1,,,1,34,,1150995,1,,,1,77,,1151000,1,,,1,70,,1151002,1,0,76,1,30,,1150996,1,0,76,1,70,,1151024,1,0,76,1,35,,1101502,1,0,76,1,69,,1151026,15,0,76,1,30,,1151004,15,0,76,1,70,,1151015,15,0,76,1
5701,'12',551,,1151033,1,,,1,55,,1151074,1,,,1,15,,1151071,1,,,1,15,,1151058,1,,,1,15,,1151041,1,,,1,55,,1151049,1,,,1,14,,1151057,1,,,1,14,,1151066,1,,,1,14,,1066071,1,,,1,58,,1151028,1,,,1,13,,1151062,1,,,1,30,,1151064,1,,,1,72,,1151050,1,,,1,30,,1151031,1,,,1,70,,1151068,1,,,1,30,,1151061,1,,,1,70,,1151036,1,,,1,30,,1151032,1,,,1,68,,1151040,1,,,1,30,,1151056,1,,,1,70,,1151059,1,,,1,29,,1151034,1,,,1,70,,1151069,1,,,1,29,,1151070,1,,,1,69,,1151042,1,,,1,30,,1151038,1,,,1,71,,1151067,1,,,1,30,,1151029,1,,,1,70,,1151072,1,,,1,32,,1151044,1,,,1,73,,1151065,1,,,1,30,,1151030,1,,,1,70,,1151046,1,,,1,30,,1151037,1,,,1,70,,1151052,1,,,1,30,,1151035,1,,,1,70,,1151051,1,,,1,30,,1075451,1,,,1,69,,1151048,1,,,1,34,,1151047,1,,,1,77,,1151043,1,,,1,70,,1151053,1,0,76,1,30,,1151055,1,0,76,1,70,,1151045,1,0,76,1,35,,1151063,1,0,76,1,69,,1151073,15,0,76,1,30,,1151054,15,0,76,1,70,,1151060,15,0,76,1
5701,'13',601,,1151075,15,0,76,1,30,,1151078,15,0,76,1,70,,1151096,15,0,76,1,30,,1151088,15,0,76,1,70,,1151093,15,0,76,1,30,,1151083,1,0,76,1,70,,1151082,1,,,1,100,,1151091,1,,,1,100,,1151087,1,,,1,100,,1151080,1,,,1,100,,1151090,1,,,1,100,,1151092,1,,,1,100,,1151101,1,,,1,100,,1151077,1,,,1,100,,1151081,1,,,1,100,,1075329,1,0,76,1,100,,1151076,1,0,76,1,30,,1151095,1,0,76,1,70,,1151098,1,0,76,1,30,,1151100,1,0,76,1,70,,1151079,1,0,76,1,30,,1151089,1,0,76,1,70,,1151085,1,0,76,1,30,,1151086,1,0,76,1,70,,1151099,1,0,76,1,33,,1151094,15,0,76,1,70,,1151084,15,0,76,1,30,,1151097,15,0,76,1
5701,'14',551,,1151128,1,,,1,55,,1151137,1,,,1,15,,1151129,1,,,1,15,,1151114,1,,,1,15,,1151122,1,,,1,55,,1151143,1,,,1,14,,1151136,1,,,1,14,,1151146,1,,,1,14,,1151149,1,,,1,58,,1151106,1,,,1,13,,1151124,1,,,1,30,,1151104,1,,,1,72,,1151123,1,,,1,30,,1151126,1,,,1,70,,1151127,1,,,1,30,,1151134,1,,,1,70,,1151115,1,,,1,30,,1151120,1,,,1,68,,1151107,1,,,1,30,,1151147,1,,,1,70,,1151148,1,,,1,29,,1151125,1,,,1,70,,1151130,1,,,1,29,,1151133,1,,,1,69,,1151103,1,,,1,30,,1151109,1,,,1,71,,1151105,1,,,1,30,,1151108,1,,,1,70,,1151110,1,,,1,32,,1151102,1,,,1,73,,1151140,1,,,1,30,,1151142,1,,,1,70,,1151116,1,,,1,30,,1151135,1,,,1,70,,1151150,1,,,1,30,,1151111,1,,,1,70,,1151139,1,,,1,30,,1151118,1,,,1,69,,1151138,1,,,1,34,,1151112,1,,,1,77,,1151117,1,,,1,70,,1151119,1,0,76,1,30,,1151113,1,0,76,1,70,,1151141,1,0,76,1,35,,1151145,1,0,76,1,69,,1151144,15,0,76,1,30,,1151121,15,0,76,1,70,,1151132,15,0,76,1
5701,'15',551,,1151166,1,,,1,55,,1151174,1,,,1,15,,1151157,1,,,1,15,,1151181,1,,,1,15,,1151155,1,,,1,55,,1151171,1,,,1,14,,1151153,1,,,1,14,,1151169,1,,,1,14,,1151156,1,,,1,58,,1151158,1,,,1,13,,1151188,1,,,1,30,,1151196,1,,,1,72,,1151162,1,,,1,30,,1151190,1,,,1,70,,1151172,1,,,1,30,,1151151,1,,,1,70,,1151183,1,,,1,30,,1151178,1,,,1,68,,1151163,1,,,1,30,,1151197,1,,,1,70,,1151165,1,,,1,29,,1151185,1,,,1,70,,1151194,1,,,1,29,,1151152,1,,,1,69,,1151175,1,,,1,30,,1151176,1,,,1,71,,1151168,1,,,1,30,,1151199,1,,,1,70,,1151184,1,,,1,32,,1151179,1,,,1,73,,1151191,1,,,1,30,,1151193,1,,,1,70,,1151177,1,,,1,30,,1151186,1,,,1,70,,1151154,1,,,1,30,,1151198,1,,,1,70,,1151167,1,,,1,30,,1151195,1,,,1,69,,1151189,1,,,1,34,,1151192,1,,,1,77,,1151159,1,,,1,70,,1151180,1,0,76,1,30,,1151173,1,0,76,1,70,,1151182,1,0,76,1,35,,1151187,1,0,76,1,69,,1151164,15,0,76,1,30,,1151160,15,0,76,1,70,,1151161,15,0,76,1
5701,'16',551,,1151202,1,,,1,55,,1151243,1,,,1,15,,1063677,1,,,1,15,,1151228,1,,,1,15,,1151211,1,,,1,55,,1151219,1,,,1,14,,1151227,1,,,1,14,,1151236,1,,,1,14,,1151201,1,,,1,58,,1079860,1,,,1,13,,1151232,1,,,1,30,,1151234,1,,,1,72,,1151220,1,,,1,30,,1007736,1,,,1,70,,1151238,1,,,1,30,,1151231,1,,,1,70,,1151206,1,,,1,30,,1071948,1,,,1,68,,1151210,1,,,1,30,,1151226,1,,,1,70,,1151229,1,,,1,29,,1151203,1,,,1,70,,1151239,1,,,1,29,,1151240,1,,,1,69,,1151212,1,,,1,30,,1151208,1,,,1,71,,1151237,1,,,1,30,,942496,1,,,1,70,,1151241,1,,,1,32,,1151214,1,,,1,73,,1151235,1,,,1,30,,1151200,1,,,1,70,,1151216,1,,,1,30,,1151207,1,,,1,70,,1151222,1,,,1,30,,1151205,1,,,1,70,,1151221,1,,,1,30,,1151204,1,,,1,69,,1151218,1,,,1,34,,1151217,1,,,1,77,,1151213,1,,,1,70,,1151223,1,0,76,1,30,,1151225,1,0,76,1,70,,1151215,1,0,76,1,35,,1151233,1,0,76,1,69,,1151242,15,0,76,1,30,,1151224,15,0,76,1,70,,1151230,15,0,76,1
5701,'17',601,,1151244,15,0,76,1,30,,1151248,15,0,76,1,70,,1151266,15,0,76,1,30,,1151258,15,0,76,1,70,,1151263,15,0,76,1,30,,1151253,1,0,76,1,70,,1151252,1,,,1,100,,1151261,1,,,1,100,,1151257,1,,,1,100,,1151250,1,,,1,100,,1151260,1,,,1,100,,1151262,1,,,1,100,,1151271,1,,,1,100,,1151247,1,,,1,100,,1151251,1,,,1,100,,1151246,1,0,76,1,100,,1151245,1,0,76,1,30,,1151265,1,0,76,1,70,,1151268,1,0,76,1,30,,1151270,1,0,76,1,70,,1151249,1,0,76,1,30,,1151259,1,0,76,1,70,,1151255,1,0,76,1,30,,1151256,1,0,76,1,70,,1151269,1,0,76,1,33,,1151264,15,0,76,1,70,,1151254,15,0,76,1,30,,1151267,15,0,76,1
5701,'2',607,,1095010,15,0,76,1,28,,1151273,1,0,76,1,70,,1072737,1,0,76,1,30,,1151279,1,0,59 60,1,70,,1151287,1,,,1,100,,1151280,1,,,1,100,,1151278,1,,,1,100,,1151289,1,,,1,100,,1151282,1,,,1,100,,1151275,1,,,1,100,,1151281,1,,,1,100,,1151290,1,,,1,100,,1062316,1,,,1,100,,1067141,1,,,1,100,,1151283,1,,,1,100,,1151284,1,,,1,100,,1061541,1,,,1,100,,1151276,1,,,1,30,,1151286,1,0,76,1,70,,1151277,1,,,1,30,,1151272,1,0,76,1,70,,1151288,1,0,76,1,30,,1151285,1,0,76,1,70,,1151274,1,0,76,1
5701,'3',601,,1151291,15,0,76,1,30,,1151295,15,0,76,1,70,,1151313,15,0,76,1,30,,1151305,15,0,76,1,70,,1151310,15,0,76,1,30,,1151300,1,0,76,1,70,,1151299,1,,,1,100,,1151308,1,,,1,100,,1151304,1,,,1,100,,1151297,1,,,1,100,,1151307,1,,,1,100,,1151309,1,,,1,100,,1151318,1,,,1,100,,1151294,1,,,1,100,,1151298,1,,,1,100,,1151293,1,0,76,1,100,,1151292,1,0,76,1,30,,1151312,1,0,76,1,70,,1151315,1,0,76,1,30,,1151317,1,0,76,1,70,,1151296,1,0,76,1,30,,1151306,1,0,76,1,70,,1151302,1,0,76,1,30,,1151303,1,0,76,1,70,,1151316,1,0,76,1,33,,1151311,15,0,76,1,70,,1151301,15,0,76,1,30,,1151314,15,0,76,1
5701,'4',601,,1151346,15,0,76,1,30,,1151333,15,0,76,1,70,,1151345,15,0,76,1,30,,1151324,15,0,76,1,70,,1151322,15,0,76,1,30,,1151321,1,0,76,1,70,,1151331,1,,,1,100,,1151330,1,,,1,100,,1151326,1,,,1,100,,1151344,1,,,1,100,,1151332,1,,,1,100,,1151325,1,,,1,100,,1151343,1,,,1,100,,1151338,1,,,1,100,,1151323,1,,,1,100,,1151319,1,0,76,1,100,,1151337,1,0,76,1,30,,1151342,1,0,76,1,70,,1151328,1,0,76,1,30,,1151340,1,0,76,1,70,,1151339,1,0,76,1,30,,1151327,1,0,76,1,70,,1151335,1,0,76,1,30,,1151320,1,0,76,1,70,,1151334,1,0,76,1,33,,1151329,15,0,76,1,70,,1151336,15,0,76,1,30,,1151341,15,0,76,1
5701,'5',551,,1151370,1,,,1,55,,1151379,1,,,1,15,,1151371,1,,,1,15,,1151356,1,,,1,15,,1151364,1,,,1,55,,1151384,1,,,1,14,,1151378,1,,,1,14,,1151386,1,,,1,14,,1053653,1,,,1,58,,903857,1,,,1,13,,1151366,1,,,1,30,,1088689,1,,,1,72,,1151365,1,,,1,30,,1151368,1,,,1,70,,1151369,1,,,1,30,,1151376,1,,,1,70,,1151357,1,,,1,30,,1151362,1,,,1,68,,1151349,1,,,1,30,,1050041,1,,,1,70,,1023181,1,,,1,29,,1151367,1,,,1,70,,1151372,1,,,1,29,,1151375,1,,,1,69,,1151348,1,,,1,30,,1151351,1,,,1,71,,1093334,1,,,1,30,,1151350,1,,,1,70,,1151352,1,,,1,32,,1151347,1,,,1,73,,1151382,1,,,1,30,,1001045,1,,,1,70,,1151358,1,,,1,30,,1151377,1,,,1,70,,1102428,1,,,1,30,,1151353,1,,,1,70,,1151381,1,,,1,30,,1151360,1,,,1,69,,1151380,1,,,1,34,,1151354,1,,,1,77,,1151359,1,,,1,70,,1151361,1,0,76,1,30,,1151355,1,0,76,1,70,,1151383,1,0,76,1,35,,1101494,1,0,76,1,69,,1151385,15,0,76,1,30,,1151363,15,0,76,1,70,,1151374,15,0,76,1
5701,'6',551,,1001082,1,,,1,55,,1151430,1,,,1,15,,1151427,1,,,1,15,,1151416,1,,,1,15,,1151399,1,,,1,55,,1151407,1,,,1,14,,1151415,1,,,1,14,,1151424,1,,,1,14,,1151389,1,,,1,58,,1151387,1,,,1,13,,1151420,1,,,1,30,,1151422,1,,,1,72,,1151408,1,,,1,30,,1151390,1,,,1,70,,1151425,1,,,1,30,,1151419,1,,,1,70,,1151394,1,,,1,30,,1151391,1,,,1,68,,1151398,1,,,1,30,,1151414,1,,,1,70,,1151417,1,,,1,29,,1081768,1,,,1,70,,1151426,1,,,1,29,,1103700,1,,,1,69,,1151400,1,,,1,30,,1151396,1,,,1,71,,1100104,1,,,1,30,,1151388,1,,,1,70,,1151428,1,,,1,32,,1151402,1,,,1,73,,1151423,1,,,1,30,,1084814,1,,,1,70,,1151404,1,,,1,30,,1151395,1,,,1,70,,1151410,1,,,1,30,,1151393,1,,,1,70,,1151409,1,,,1,30,,1151392,1,,,1,69,,1151406,1,,,1,34,,1151405,1,,,1,77,,1151401,1,,,1,70,,1151411,1,0,76,1,30,,1151413,1,0,76,1,70,,1151403,1,0,76,1,35,,1151421,1,0,76,1,69,,1151429,15,0,76,1,30,,1151412,15,0,76,1,70,,1151418,15,0,76,1
5701,'7',607,,1151439,15,0,76,1,28,,1151433,1,0,76,1,70,,1151432,1,0,76,1,30,,1151453,1,0,59 60,1,70,,1151450,1,,,1,100,,1151452,1,,,1,100,,1151438,1,,,1,100,,1151451,1,,,1,100,,1151440,1,,,1,100,,1151435,1,,,1,100,,1151446,1,,,1,100,,1151437,1,,,1,100,,1151449,1,,,1,100,,1151431,1,,,1,100,,1151442,1,,,1,100,,1151447,1,,,1,100,,1151436,1,,,1,100,,1151448,1,,,1,30,,1151441,1,0,76,1,70,,1151454,1,,,1,30,,1151445,1,0,76,1,70,,1151443,1,0,76,1,30,,1151434,1,0,76,1,70,,1151444,1,0,76,1
5701,'8',551,,1151461,1,,,1,55,,1151503,1,,,1,15,,1151500,1,,,1,15,,1151487,1,,,1,15,,1151470,1,,,1,55,,1151478,1,,,1,14,,1151486,1,,,1,14,,1151495,1,,,1,14,,1151458,1,,,1,58,,1151455,1,,,1,13,,1151491,1,,,1,30,,1151493,1,,,1,72,,1151479,1,,,1,30,,1151459,1,,,1,70,,1151497,1,,,1,30,,1151490,1,,,1,70,,1151465,1,,,1,30,,1151460,1,,,1,68,,1151469,1,,,1,30,,1151485,1,,,1,70,,1151488,1,,,1,29,,1151462,1,,,1,70,,1151498,1,,,1,29,,1151499,1,,,1,69,,1151471,1,,,1,30,,1151467,1,,,1,71,,1151496,1,,,1,30,,1151456,1,,,1,70,,1151501,1,,,1,32,,1151473,1,,,1,73,,1151494,1,,,1,30,,1151457,1,,,1,70,,1151475,1,,,1,30,,1151466,1,,,1,70,,1151481,1,,,1,30,,1151464,1,,,1,70,,1151480,1,,,1,30,,1151463,1,,,1,69,,1151477,1,,,1,34,,1151476,1,,,1,77,,1151472,1,,,1,70,,1151482,1,0,76,1,30,,1151484,1,0,76,1,70,,1151474,1,0,76,1,35,,1151492,1,0,76,1,69,,1151502,15,0,76,1,30,,1151483,15,0,76,1,70,,1151489,15,0,76,1
5701,'9',551,,1151527,1,,,1,55,,1151536,1,,,1,15,,1151528,1,,,1,15,,1151513,1,,,1,15,,1151521,1,,,1,55,,1151541,1,,,1,14,,1151535,1,,,1,14,,1151543,1,,,1,14,,1053830,1,,,1,58,,903753,1,,,1,13,,1151523,1,,,1,30,,1088474,1,,,1,72,,1151522,1,,,1,30,,1151525,1,,,1,70,,1151526,1,,,1,30,,1151533,1,,,1,70,,1151514,1,,,1,30,,1151519,1,,,1,68,,1151506,1,,,1,30,,1050160,1,,,1,70,,1023268,1,,,1,29,,1151524,1,,,1,70,,1151529,1,,,1,29,,1151532,1,,,1,69,,1151505,1,,,1,30,,1151508,1,,,1,71,,1093178,1,,,1,30,,1151507,1,,,1,70,,1151509,1,,,1,32,,1151504,1,,,1,73,,1151539,1,,,1,30,,1001346,1,,,1,70,,1151515,1,,,1,30,,1151534,1,,,1,70,,1102423,1,,,1,30,,1151510,1,,,1,70,,1151538,1,,,1,30,,1151517,1,,,1,69,,1151537,1,,,1,34,,1151511,1,,,1,77,,1151516,1,,,1,70,,1151518,1,0,76,1,30,,1151512,1,0,76,1,70,,1151540,1,0,76,1,35,,1101490,1,0,76,1,69,,1151542,15,0,76,1,30,,1151520,15,0,76,1,70,,1151531,15,0,76,1
5800,'1',832,,1151549,1,0,77 78,1,70,,1151563,1,0,77 78,1,30,,1151553,1,0,77 78,1,70,,1151565,1,0,77 78,1,30,,1151550,1,0,77 78,1,70,,1151558,1,0,77 78,1,30,,1151551,1,0,77 78,1,70,,1037699,1,0,77 78,1,30,,1151556,1,0,77 78,1,70,,1151562,1,0,77 78,1,30,,1151557,1,0,77 78,1,70,,1001282,1,0,77 78,1,30,,1151555,1,0,77 78,1,68,,1151547,1,,,1,30,,1151570,1,,,1,27,,1151569,1,,,1,70,,1063118,1,0,77 78,1,30,,1102375,1,0,77 78,1,75,,1151552,1,0,77 78,1
5800,'10',832,,1151578,1,0,77 78,1,70,,1151592,1,0,77 78,1,30,,1151582,1,0,77 78,1,70,,1151594,1,0,77 78,1,30,,1151579,1,0,77 78,1,70,,1151587,1,0,77 78,1,30,,1151580,1,0,77 78,1,70,,1037864,1,0,77 78,1,30,,1151585,1,0,77 78,1,70,,1151591,1,0,77 78,1,30,,1151586,1,0,77 78,1,70,,1001429,1,0,77 78,1,30,,1151584,1,0,77 78,1,68,,1151576,1,,,1,30,,1151599,1,,,1,27,,1151598,1,,,1,70,,1062776,1,0,77 78,1,30,,1102366,1,0,77 78,1,75,,1151581,1,0,77 78,1
5800,'11',832,,1151607,1,0,77 78,1,70,,1151621,1,0,77 78,1,30,,1151611,1,0,77 78,1,70,,1151623,1,0,77 78,1,30,,1151608,1,0,77 78,1,70,,1151616,1,0,77 78,1,30,,1151609,1,0,77 78,1,70,,1037650,1,0,77 78,1,30,,1151614,1,0,77 78,1,70,,1151620,1,0,77 78,1,30,,1151615,1,0,77 78,1,70,,1001241,1,0,77 78,1,30,,1151613,1,0,77 78,1,68,,1151605,1,,,1,30,,1151628,1,,,1,27,,1151627,1,,,1,70,,1063219,1,0,77 78,1,30,,1102378,1,0,77 78,1,75,,1151610,1,0,77 78,1
5800,'12',832,,1151649,1,0,77 78,1,70,,1151650,1,0,77 78,1,30,,1151643,1,0,77 78,1,70,,1151634,1,0,77 78,1,30,,1068307,1,0,77 78,1,70,,1151646,1,0,77 78,1,30,,1151635,1,0,77 78,1,70,,1151654,1,0,77 78,1,30,,1151633,1,0,77 78,1,70,,1151641,1,0,77 78,1,30,,1099989,1,0,77 78,1,70,,1151645,1,0,77 78,1,30,,1066898,1,0,77 78,1,68,,1151631,1,,,1,30,,1151652,1,,,1,27,,1151644,1,,,1,70,,1018696,1,0,77 78,1,30,,1151657,1,0,77 78,1,75,,1151655,1,0,77 78,1
5800,'13',933,,1151666,1,0,77 78,1,98,,1087930,1,0,77 78,1,100,,1151671,1,0,77 78,1,100,,1151672,1,0,77 78,1,100,,1151677,1,0,77 78,1,100,,1151678,1,0,77 78,1,100,,1151669,1,0,77 78,1,100,,1151670,1,0,77 78,1,102,,1070230,1,0,77 78,1,100,,1151662,1,0,77 78,1
5800,'14',832,,1151687,1,0,77 78,1,70,,1151701,1,0,77 78,1,30,,1151691,1,0,77 78,1,70,,1151704,1,0,77 78,1,30,,1151688,1,0,77 78,1,70,,1151696,1,0,77 78,1,30,,1151689,1,0,77 78,1,70,,1151684,1,0,77 78,1,30,,1151694,1,0,77 78,1,70,,1151700,1,0,77 78,1,30,,1151695,1,0,77 78,1,70,,1151682,1,0,77 78,1,30,,1151693,1,0,77 78,1,68,,1151685,1,,,1,30,,1151711,1,,,1,27,,1151710,1,,,1,70,,1151702,1,0,77 78,1,30,,1151681,1,0,77 78,1,75,,1151690,1,0,77 78,1
5800,'15',832,,1151747,1,0,77 78,1,70,,1151748,1,0,77 78,1,30,,1151735,1,0,77 78,1,70,,1151729,1,0,77 78,1,30,,1151742,1,0,77 78,1,70,,1151739,1,0,77 78,1,30,,1151730,1,0,77 78,1,70,,1151728,1,0,77 78,1,30,,1151722,1,0,77 78,1,70,,1151719,1,0,77 78,1,30,,1151744,1,0,77 78,1,70,,1151723,1,0,77 78,1,30,,1151724,1,0,77 78,1,68,,1151736,1,,,1,30,,1151732,1,,,1,27,,1151715,1,,,1,70,,1151745,1,0,77 78,1,30,,1151714,1,0,77 78,1,75,,1151721,1,0,77 78,1
5800,'16',832,,1151765,1,0,77 78,1,70,,1151766,1,0,77 78,1,30,,1151760,1,0,77 78,1,70,,1151751,1,0,77 78,1,30,,1151774,1,0,77 78,1,70,,1151762,1,0,77 78,1,30,,1151752,1,0,77 78,1,70,,1151770,1,0,77 78,1,30,,1151750,1,0,77 78,1,70,,1151758,1,0,77 78,1,30,,1151754,1,0,77 78,1,70,,1151761,1,0,77 78,1,30,,1151779,1,0,77 78,1,68,,1151749,1,,,1,30,,1151768,1,,,1,27,,1030474,1,,,1,70,,1151772,1,0,77 78,1,30,,1151775,1,0,77 78,1,75,,1151771,1,0,77 78,1
5800,'17',933,,1151787,1,0,77 78,1,98,,1151795,1,0,77 78,1,100,,1151792,1,0,77 78,1,100,,1151793,1,0,77 78,1,100,,1151799,1,0,77 78,1,100,,1151800,1,0,77 78,1,100,,1151790,1,0,77 78,1,100,,1151791,1,0,77 78,1,102,,1151781,1,0,77 78,1,100,,1151783,1,0,77 78,1
5800,'2',850,,1151818,1,0,77 78,1,100,,1151820,1,0,77 78,1,100,,1151819,1,0,77 78,1,100,,1151817,1,0,77 78,1,100,,1151804,1,0,77 78,1,100,,1151806,1,0,77 78,1,100,,1151808,1,0,77 78,1,100,,1151812,1,0,77 78,1,100,,1040183,1,0,77 78,1,100,,1151802,1,0,77 78,1,100,,1151813,1,0,77 78,1,100,,1151803,1,0,77 78,1,100,,1151809,1,0,77 78,1
5800,'3',933,,1151834,1,0,77 78,1,98,,1151842,1,0,77 78,1,100,,1151839,1,0,77 78,1,100,,1151840,1,0,77 78,1,100,,1151846,1,0,77 78,1,100,,1151847,1,0,77 78,1,100,,1151837,1,0,77 78,1,100,,1151838,1,0,77 78,1,102,,1151828,1,0,77 78,1,100,,1151830,1,0,77 78,1
5800,'4',933,,1151859,1,0,77 78,1,98,,1151856,1,0,77 78,1,100,,1151853,1,0,77 78,1,100,,1151862,1,0,77 78,1,100,,1151863,1,0,77 78,1,100,,1151852,1,0,77 78,1,100,,1099276,1,0,77 78,1,100,,1151851,1,0,77 78,1,102,,1151849,1,0,77 78,1,100,,1151850,1,0,77 78,1
5800,'5',832,,1151873,1,0,77 78,1,70,,1151887,1,0,77 78,1,30,,1151877,1,0,77 78,1,70,,1151889,1,0,77 78,1,30,,1151874,1,0,77 78,1,70,,1151882,1,0,77 78,1,30,,1151875,1,0,77 78,1,70,,1037448,1,0,77 78,1,30,,1151880,1,0,77 78,1,70,,1151886,1,0,77 78,1,30,,1151881,1,0,77 78,1,70,,1001022,1,0,77 78,1,30,,1151879,1,0,77 78,1,68,,1151871,1,,,1,30,,1151894,1,,,1,27,,1151893,1,,,1,70,,1063064,1,0,77 78,1,30,,1102372,1,0,77 78,1,75,,1151876,1,0,77 78,1
5800,'6',832,,1151912,1,0,77 78,1,70,,1151913,1,0,77 78,1,30,,1151906,1,0,77 78,1,70,,1021576,1,0,77 78,1,30,,1151919,1,0,77 78,1,70,,1151909,1,0,77 78,1,30,,1151898,1,0,77 78,1,70,,1151917,1,0,77 78,1,30,,1098913,1,0,77 78,1,70,,1151904,1,0,77 78,1,30,,1151899,1,0,77 78,1,70,,1151908,1,0,77 78,1,30,,1151922,1,0,77 78,1,68,,1031495,1,,,1,30,,1151915,1,,,1,27,,1151907,1,,,1,70,,1151918,1,0,77 78,1,30,,1151920,1,0,77 78,1,75,,1073695,1,0,77 78,1
5800,'7',850,,1151940,1,0,77 78,1,100,,1151947,1,0,77 78,1,100,,1151935,1,0,77 78,1,100,,1151926,1,0,77 78,1,100,,1151936,1,0,77 78,1,100,,1151933,1,0,77 78,1,100,,1151931,1,0,77 78,1,100,,1151950,1,0,77 78,1,100,,1151948,1,0,77 78,1,100,,1151930,1,0,77 78,1,100,,1151927,1,0,77 78,1,100,,1151951,1,0,77 78,1,100,,1151943,1,0,77 78,1
5800,'8',832,,1151972,1,0,77 78,1,70,,1151973,1,0,77 78,1,30,,1151966,1,0,77 78,1,70,,1151955,1,0,77 78,1,30,,1151981,1,0,77 78,1,70,,1151969,1,0,77 78,1,30,,1151956,1,0,77 78,1,70,,1151977,1,0,77 78,1,30,,1151954,1,0,77 78,1,70,,1151964,1,0,77 78,1,30,,1151958,1,0,77 78,1,70,,1151968,1,0,77 78,1,30,,1151986,1,0,77 78,1,68,,1151952,1,,,1,30,,1151975,1,,,1,27,,1151967,1,,,1,70,,1151979,1,0,77 78,1,30,,1151982,1,0,77 78,1,75,,1151978,1,0,77 78,1
5800,'9',832,,1151992,1,0,77 78,1,70,,1152006,1,0,77 78,1,30,,1151996,1,0,77 78,1,70,,1152008,1,0,77 78,1,30,,1151993,1,0,77 78,1,70,,1152001,1,0,77 78,1,30,,1151994,1,0,77 78,1,70,,1037748,1,0,77 78,1,30,,1151999,1,0,77 78,1,70,,1152005,1,0,77 78,1,30,,1152000,1,0,77 78,1,70,,1001323,1,0,77 78,1,30,,1151998,1,0,77 78,1,68,,1151990,1,,,1,30,,1152013,1,,,1,27,,1152012,1,,,1,70,,1062888,1,0,77 78,1,30,,1102369,1,0,77 78,1,75,,1151995,1,0,77 78,1
5801,'1',700,,1152025,39,4,,1,54,,1152044,44,4,,1,73,,1086392,44,4,,1,73,,1066519,44,4,,1,30,,1152036,44,4,,1,17,,1152041,39,4,,1,68,,1152039,39,4,,1,32,,1152043,39,4,,1,70,,1099831,39,4,,1,30,,1152017,39,4,,1,70,,1152021,39,4,,1,32,,1152032,39,4,,1,70,,998372,39,4,,1,30,,1152038,39,4,,1,70,,1152035,39,4,,1,30,,1152022,39,4,,1,71,,1152031,39,4,,1
5801,'10',700,,1152054,39,4,,1,54,,1152073,44,4,,1,73,,1086205,44,4,,1,73,,1066297,44,4,,1,30,,1152065,44,4,,1,17,,1152070,39,4,,1,68,,1152068,39,4,,1,32,,1152072,39,4,,1,70,,1099745,39,4,,1,30,,1152046,39,4,,1,70,,1152050,39,4,,1,32,,1152061,39,4,,1,70,,998464,39,4,,1,30,,1152067,39,4,,1,70,,1152064,39,4,,1,30,,1152051,39,4,,1,71,,1152060,39,4,,1
5801,'11',700,,1152083,39,4,,1,54,,1152102,44,4,,1,73,,1086450,44,4,,1,73,,1066586,44,4,,1,30,,1152094,44,4,,1,17,,1152099,39,4,,1,68,,1152097,39,4,,1,32,,1152101,39,4,,1,70,,1099857,39,4,,1,30,,1152075,39,4,,1,70,,1152079,39,4,,1,32,,1152090,39,4,,1,70,,998345,39,4,,1,30,,1152096,39,4,,1,70,,1152093,39,4,,1,30,,1152080,39,4,,1,71,,1152089,39,4,,1
5801,'12',700,,1152107,39,4,,1,54,,1080234,44,4,,1,73,,1152112,44,4,,1,73,,1152104,44,4,,1,30,,1152114,44,4,,1,17,,1152116,39,4,,1,68,,1152119,39,4,,1,32,,1152105,39,4,,1,70,,1078633,39,4,,1,30,,1152121,39,4,,1,70,,1152103,39,4,,1,32,,1152123,39,4,,1,70,,1152117,39,4,,1,30,,1152133,39,4,,1,70,,1152118,39,4,,1,30,,1152115,39,4,,1,71,,1152110,39,4,,1
5801,'13',1032,,1152140,39,4,,1,102,,1096653,39,4,,1,100,,1152138,39,4,,1,101,,1152139,39,4,,1,101,,1152146,39,4,,1,100,,1100653,39,4,,1,100,,1152144,39,4,,1,100,,1074439,39,4,,1,100,,1009709,39,4,,1,98,,1030674,39,4,,1
5801,'14',700,,1152162,39,4,,1,54,,1152181,44,4,,1,73,,1152153,44,4,,1,73,,1152156,44,4,,1,30,,1152173,44,4,,1,17,,1152178,39,4,,1,68,,1152176,39,4,,1,32,,1152180,39,4,,1,70,,1152158,39,4,,1,30,,1152149,39,4,,1,70,,1152155,39,4,,1,32,,1152169,39,4,,1,70,,1152152,39,4,,1,30,,1152175,39,4,,1,70,,1152172,39,4,,1,30,,1152157,39,4,,1,71,,1152168,39,4,,1
5801,'15',700,,1152210,39,4,,1,54,,1152195,44,4,,1,73,,1152199,44,4,,1,73,,1152208,44,4,,1,30,,1152182,44,4,,1,17,,1152184,39,4,,1,68,,1152186,39,4,,1,32,,1152193,39,4,,1,70,,1152206,39,4,,1,30,,1152198,39,4,,1,70,,1152204,39,4,,1,32,,1152200,39,4,,1,70,,1152189,39,4,,1,30,,1152215,39,4,,1,70,,1152190,39,4,,1,30,,1152213,39,4,,1,71,,1152209,39,4,,1
5801,'16',700,,1152219,39,4,,1,54,,1152246,44,4,,1,73,,1152223,44,4,,1,73,,1094843,44,4,,1,30,,1152225,44,4,,1,17,,1152227,39,4,,1,68,,1152230,39,4,,1,32,,1152217,39,4,,1,70,,1152244,39,4,,1,30,,1152232,39,4,,1,70,,1152216,39,4,,1,32,,1152234,39,4,,1,70,,1152228,39,4,,1,30,,1152245,39,4,,1,70,,1152229,39,4,,1,30,,1152226,39,4,,1,71,,1152221,39,4,,1
5801,'17',1032,,1152259,39,4,,1,102,,1152255,39,4,,1,100,,1152257,39,4,,1,101,,1152258,39,4,,1,101,,1152265,39,4,,1,100,,1152253,39,4,,1,100,,1152263,39,4,,1,100,,1152254,39,4,,1,100,,1152252,39,4,,1,98,,1152250,39,4,,1
5801,'2',915,,1152272,39,4,,1,101,,1084924,39,4,,1,102,,1100629,39,4,,1,100,,1152276,39,4,,1,101,,1152271,39,4,,1,101,,1152274,39,4,,1,98,,1152290,39,4,,1,102,,1152277,39,4,,1,100,,1152268,39,4,,1,100,,1152282,39,4,,1,95,,1152269,39,4,,1,103,,1152289,39,4,,1,98,,1152275,39,4,,1,100,,1152281,39,4,,1
5801,'3',1032,,1152305,39,4,,1,102,,1152301,39,4,,1,100,,1152303,39,4,,1,101,,1152304,39,4,,1,101,,1152311,39,4,,1,100,,1152299,39,4,,1,100,,1152309,39,4,,1,100,,1152300,39,4,,1,100,,1152298,39,4,,1,98,,1152296,39,4,,1
5801,'4',1032,,1152324,39,4,,1,102,,1152326,39,4,,1,100,,1152313,39,4,,1,101,,1152321,39,4,,1,101,,1152319,39,4,,1,100,,1152316,39,4,,1,100,,1035853,39,4,,1,100,,1152322,39,4,,1,100,,1012951,39,4,,1,98,,1152317,39,4,,1
5801,'5',700,,1152340,39,4,,1,54,,1152359,44,4,,1,73,,1086359,44,4,,1,73,,1066480,44,4,,1,30,,1152351,44,4,,1,17,,1152356,39,4,,1,68,,1152354,39,4,,1,32,,1152358,39,4,,1,70,,1099817,39,4,,1,30,,1152332,39,4,,1,70,,1152336,39,4,,1,32,,1152347,39,4,,1,70,,998196,39,4,,1,30,,1152353,39,4,,1,70,,1152350,39,4,,1,30,,1152337,39,4,,1,71,,1152346,39,4,,1
5801,'6',700,,1089599,39,4,,1,54,,1152387,44,4,,1,73,,1152367,44,4,,1,73,,1152360,44,4,,1,30,,1152369,44,4,,1,17,,1152370,39,4,,1,68,,1152373,39,4,,1,32,,1152361,39,4,,1,70,,1152386,39,4,,1,30,,1152375,39,4,,1,70,,1068938,39,4,,1,32,,1152377,39,4,,1,70,,1152371,39,4,,1,30,,1045328,39,4,,1,70,,1152372,39,4,,1,30,,947735,39,4,,1,71,,1152365,39,4,,1
5801,'7',915,,1152404,39,4,,1,101,,1152394,39,4,,1,102,,1152411,39,4,,1,100,,1152410,39,4,,1,101,,1152407,39,4,,1,101,,1152415,39,4,,1,98,,1152403,39,4,,1,102,,1152414,39,4,,1,100,,1152388,39,4,,1,100,,1152399,39,4,,1,95,,1152392,39,4,,1,103,,1152397,39,4,,1,98,,1152398,39,4,,1,100,,1152406,39,4,,1
5801,'8',700,,1152420,39,4,,1,54,,1152449,44,4,,1,73,,1152426,44,4,,1,73,,1152417,44,4,,1,30,,1152428,44,4,,1,17,,1152430,39,4,,1,68,,1152433,39,4,,1,32,,1152418,39,4,,1,70,,1152447,39,4,,1,30,,1152435,39,4,,1,70,,1152416,39,4,,1,32,,1152437,39,4,,1,70,,1152431,39,4,,1,30,,1152448,39,4,,1,70,,1152432,39,4,,1,30,,1152429,39,4,,1,71,,1152424,39,4,,1
5801,'9',700,,1152459,39,4,,1,54,,1152478,44,4,,1,73,,1086266,44,4,,1,73,,1066364,44,4,,1,30,,1152470,44,4,,1,17,,1152475,39,4,,1,68,,1152473,39,4,,1,32,,1152477,39,4,,1,70,,1099774,39,4,,1,30,,1152451,39,4,,1,70,,1152455,39,4,,1,32,,1152466,39,4,,1,70,,998399,39,4,,1,30,,1152472,39,4,,1,70,,1152469,39,4,,1,30,,1152456,39,4,,1,71,,1152465,39,4,,1
6000,'1',1520,,1152490,1,,,1,34,,1152504,1,,,1,70,,1152500,1,,,1,26,,1152484,1,,,1,70,,1152509,1,,,1,30,,1088750,1,,,1,73,,1152505,1,,,1
6000,'10',1520,,1152521,1,,,1,34,,1152535,1,,,1,70,,1152531,1,,,1,26,,1152515,1,,,1,70,,1152540,1,,,1,30,,1088345,1,,,1,73,,1152536,1,,,1
6000,'11',1520,,1152552,1,,,1,34,,1152566,1,,,1,70,,1152562,1,,,1,26,,1152546,1,,,1,70,,1152571,1,,,1,30,,1088871,1,,,1,73,,1152567,1,,,1
6000,'12',1520,,1152597,1,,,1,34,,1152600,1,,,1,70,,1152586,1,,,1,26,,1152576,1,,,1,70,,1152572,1,,,1,30,,1152578,1,,,1,73,,1152589,1,,,1
6000,'14',1520,,1152616,1,,,1,34,,1152630,1,,,1,70,,1152626,1,,,1,26,,1152609,1,,,1,70,,1152637,1,,,1,30,,1152604,1,,,1,73,,1152631,1,,,1
6000,'15',1520,,1152657,1,,,1,34,,1152651,1,,,1,70,,1152641,1,,,1,26,,1152654,1,,,1,70,,1152643,1,,,1,30,,1152670,1,,,1,73,,1152666,1,,,1
6000,'16',1520,,1152699,1,,,1,34,,1152703,1,,,1,70,,1152688,1,,,1,26,,1097879,1,,,1,70,,1063141,1,,,1,30,,1152679,1,,,1,73,,1152691,1,,,1
6000,'5',1520,,1152717,1,,,1,34,,1152731,1,,,1,70,,1152727,1,,,1,26,,1152711,1,,,1,70,,1152736,1,,,1,30,,1088686,1,,,1,73,,1152732,1,,,1
6000,'6',1520,,1152760,1,,,1,34,,1064760,1,,,1,70,,1152750,1,,,1,26,,1152741,1,,,1,70,,1152739,1,,,1,30,,919585,1,,,1,73,,1152753,1,,,1
6000,'8',1520,,1152792,1,,,1,34,,1152796,1,,,1,70,,1152781,1,,,1,26,,1152770,1,,,1,70,,1152766,1,,,1,30,,1152772,1,,,1,73,,1152784,1,,,1
6000,'9',1520,,1152810,1,,,1,34,,1152824,1,,,1,70,,1152820,1,,,1,26,,1152804,1,,,1,70,,1152829,1,,,1,30,,1088471,1,,,1,73,,1152825,1,,,1
6001,'1',620,,1152832,39,4,,1,110,,1021834,39,4,,1,70,,1152852,39,4,,1,29,,1152837,39,4,,1,73,,1152840,39,4,,1
6001,'10',620,,1152862,39,4,,1,110,,1022003,39,4,,1,70,,1152882,39,4,,1,29,,1152867,39,4,,1,73,,1152870,39,4,,1
6001,'11',620,,1152892,39,4,,1,110,,1021786,39,4,,1,70,,1152912,39,4,,1,29,,1152897,39,4,,1,73,,1152900,39,4,,1
6001,'12',620,,1152948,39,4,,1,110,,1152937,39,4,,1,70,,1152949,39,4,,1,29,,1152929,39,4,,1,73,,1152946,39,4,,1
6001,'14',620,,1152961,39,4,,1,110,,1152982,39,4,,1,70,,1152981,39,4,,1,29,,1152966,39,4,,1,73,,1152969,39,4,,1
6001,'15',620,,1153004,39,4,,1,110,,1153020,39,4,,1,70,,1152996,39,4,,1,29,,1153019,39,4,,1,73,,1153008,39,4,,1
6001,'16',620,,1153049,39,4,,1,110,,1153039,39,4,,1,70,,1153050,39,4,,1,29,,1153031,39,4,,1,73,,1153047,39,4,,1
6001,'5',620,,1153057,39,4,,1,110,,1021541,39,4,,1,70,,1153077,39,4,,1,29,,1153062,39,4,,1,73,,1153065,39,4,,1
6001,'6',620,,1153108,39,4,,1,110,,1153097,39,4,,1,70,,1153109,39,4,,1,29,,1153091,39,4,,1,73,,1153106,39,4,,1
6001,'8',620,,1153142,39,4,,1,110,,1153131,39,4,,1,70,,1153143,39,4,,1,29,,1153123,39,4,,1,73,,1153140,39,4,,1
6001,'9',620,,1153151,39,4,,1,110,,1021882,39,4,,1,70,,1153171,39,4,,1,29,,1153156,39,4,,1,73,,1153159,39,4,,1
6100,'1',440,,1153219,20,0,66 67,1,74,,1153188,24,4,,1,30,,1153226,24,4,,1,70,,1153181,24,4,,1,44,,1086974,59,4,,1,76,,1153201,59,4,,1,73,,1153195,59,4,,1,11,,1153190,20,4,,1,22,,1153211,59,4,,1,7,,1153213,20,4,,1,64,,1153227,20,4,,1,2,,1087226,59,4,,1,31,,1153220,59,4,,1,56,,1100033,20,4,,1,7,,1153208,59,4,,1,14,,1153206,20,4,,1,14,,1153187,59,4,,1,16,,1101511,20,4,,1,53,,1153222,59,4,,1,16,,1153179,20,4,,1,14,,1078304,59,4,,1,15,,1153183,20,4,,1,53,,1153203,59,4,,1,16,,1153196,20,4,,1,12,,1153184,59,4,,1,17,,1153193,20,4,,1,55,,1153186,59,4,,1,16,,1153224,20,4,,1,13,,1153194,59,4,,1,17,,1153209,20,4,,1,55,,1065804,59,4,,1,16,,1153207,20,4,,1,13,,1153217,59,4,,1,22,,1153197,20,4,,1,50,,1153202,59,4,,1,34,,1097847,59,4,,1,75,,1153198,59,4,,1,31,,1153225,59,4,,1,72,,1057018,59,4,,1,30,,1153185,59,4,,1,70,,1153191,59,4,,1,29,,1153180,59,4,,1,68,,1153223,59,4,,1,26,,1078724,59,4,,1,64,,1153216,59,4,,1,28,,1153214,59,4,,1,25,,1095229,59,4,,1,67,,1153210,59,4,,1,29,,1153182,59,4,,1,73,,1078286,59,4,,1,28,,1153212,59,4,,1,69,,1153192,59,4,,1,30,,1153189,59,4,,1,70,,1153199,59,4,,1,34,,1153218,59,4,,1,70,,1153205,59,0,66 67,1,32,,1153204,20,0,66 67,1,70,,1153200,20,0,66 67,1,30,,1153221,20,0,66 67,1,68,,1153215,20,0,66 67,1
6100,'10',440,,1153268,20,0,66 67,1,74,,1153237,24,4,,1,30,,1153275,24,4,,1,70,,1153230,24,4,,1,44,,1086917,59,4,,1,76,,1153250,59,4,,1,73,,1153244,59,4,,1,11,,1153239,20,4,,1,22,,1153260,59,4,,1,7,,1153262,20,4,,1,64,,1153276,20,4,,1,2,,1087035,59,4,,1,31,,1153269,59,4,,1,56,,1099889,20,4,,1,7,,1153257,59,4,,1,14,,1153255,20,4,,1,14,,1153236,59,4,,1,16,,1101508,20,4,,1,53,,1153271,59,4,,1,16,,1153228,20,4,,1,14,,1078092,59,4,,1,15,,1153232,20,4,,1,53,,1153252,59,4,,1,16,,1153245,20,4,,1,12,,1153233,59,4,,1,17,,1153242,20,4,,1,55,,1153235,59,4,,1,16,,1153273,20,4,,1,13,,1153243,59,4,,1,17,,1153258,20,4,,1,55,,1065600,59,4,,1,16,,1153256,20,4,,1,13,,1153266,59,4,,1,22,,1153246,20,4,,1,50,,1153251,59,4,,1,34,,1097623,59,4,,1,75,,1153247,59,4,,1,31,,1153274,59,4,,1,72,,1057114,59,4,,1,30,,1153234,59,4,,1,70,,1153240,59,4,,1,29,,1153229,59,4,,1,68,,1153272,59,4,,1,26,,1078460,59,4,,1,64,,1153265,59,4,,1,28,,1153263,59,4,,1,25,,1094983,59,4,,1,67,,1153259,59,4,,1,29,,1153231,59,4,,1,73,,1078074,59,4,,1,28,,1153261,59,4,,1,69,,1153241,59,4,,1,30,,1153238,59,4,,1,70,,1153248,59,4,,1,34,,1153267,59,4,,1,70,,1153254,59,0,66 67,1,32,,1153253,20,0,66 67,1,70,,1153249,20,0,66 67,1,30,,1153270,20,0,66 67,1,68,,1153264,20,0,66 67,1
6100,'11',440,,1153317,20,0,66 67,1,74,,1153286,24,4,,1,30,,1153324,24,4,,1,70,,1153279,24,4,,1,44,,1086993,59,4,,1,76,,1153299,59,4,,1,73,,1153293,59,4,,1,11,,1153288,20,4,,1,22,,1153309,59,4,,1,7,,1153311,20,4,,1,64,,1153325,20,4,,1,2,,1087281,59,4,,1,31,,1153318,59,4,,1,56,,1100077,20,4,,1,7,,1153306,59,4,,1,14,,1153304,20,4,,1,14,,1153285,59,4,,1,16,,1101512,20,4,,1,53,,1153320,59,4,,1,16,,1153277,20,4,,1,14,,1078366,59,4,,1,15,,1153281,20,4,,1,53,,1153301,59,4,,1,16,,1153294,20,4,,1,12,,1153282,59,4,,1,17,,1153291,20,4,,1,55,,1153284,59,4,,1,16,,1153322,20,4,,1,13,,1153292,59,4,,1,17,,1153307,20,4,,1,55,,1065863,59,4,,1,16,,1153305,20,4,,1,13,,1153315,59,4,,1,22,,1153295,20,4,,1,50,,1153300,59,4,,1,34,,1097915,59,4,,1,75,,1153296,59,4,,1,31,,1153323,59,4,,1,72,,1056988,59,4,,1,30,,1153283,59,4,,1,70,,1153289,59,4,,1,29,,1153278,59,4,,1,68,,1153321,59,4,,1,26,,1078804,59,4,,1,64,,1153314,59,4,,1,28,,1153312,59,4,,1,25,,1095303,59,4,,1,67,,1153308,59,4,,1,29,,1153280,59,4,,1,73,,1078348,59,4,,1,28,,1153310,59,4,,1,69,,1153290,59,4,,1,30,,1153287,59,4,,1,70,,1153297,59,4,,1,34,,1153316,59,4,,1,70,,1153303,59,0,66 67,1,32,,1153302,20,0,66 67,1,70,,1153298,20,0,66 67,1,30,,1153319,20,0,66 67,1,68,,1153313,20,0,66 67,1
6100,'12',440,,1153360,20,0,66 67,1,74,,1153361,24,4,,1,30,,1153339,24,4,,1,70,,1153334,24,4,,1,44,,1153337,59,4,,1,76,,1153347,59,4,,1,73,,1153341,59,4,,1,11,,1153348,20,4,,1,22,,1153363,59,4,,1,7,,1153345,20,4,,1,64,,1153357,20,4,,1,2,,1153371,59,4,,1,31,,1085927,59,4,,1,56,,1076563,20,4,,1,7,,1153353,59,4,,1,14,,1153376,20,4,,1,14,,1153359,59,4,,1,16,,1153336,20,4,,1,53,,1153333,59,4,,1,16,,1153374,20,4,,1,14,,1153369,59,4,,1,15,,1153331,20,4,,1,53,,1153342,59,4,,1,16,,1153366,20,4,,1,12,,1153350,59,4,,1,17,,1153338,20,4,,1,55,,1153344,59,4,,1,16,,1153358,20,4,,1,13,,1153362,59,4,,1,17,,1153379,20,4,,1,55,,1153355,59,4,,1,16,,1153370,20,4,,1,13,,1153329,59,4,,1,22,,1153372,20,4,,1,50,,1153354,59,4,,1,34,,1102737,59,4,,1,75,,1153368,59,4,,1,31,,1153373,59,4,,1,72,,1153367,59,4,,1,30,,1153327,59,4,,1,70,,1098999,59,4,,1,29,,1153378,59,4,,1,68,,1153332,59,4,,1,26,,1153326,59,4,,1,64,,1153375,59,4,,1,28,,1086344,59,4,,1,25,,1153330,59,4,,1,67,,1153340,59,4,,1,29,,1153365,59,4,,1,73,,1153352,59,4,,1,28,,1153346,59,4,,1,69,,1153328,59,4,,1,30,,1068288,59,4,,1,70,,1153377,59,4,,1,34,,1153349,59,4,,1,70,,1153364,59,0,66 67,1,32,,1153335,20,0,66 67,1,70,,1153343,20,0,66 67,1,30,,1153356,20,0,66 67,1,68,,1153351,20,0,66 67,1
6100,'13',620,,1153401,20,0,66 67,1,32,,1153400,20,0,66 67,1,70,,1153407,59,0,66 67,1,36,,941090,20,4,,1,72,,1153388,59,4,,1,70,,1153395,20,4,,1,30,,1153382,59,4,,1,70,,1153413,59,4,,1,32,,1005942,59,4,,1,70,,1153411,59,4,,1,32,,1153409,59,4,,1,70,,1153416,59,4,,1,30,,1153390,59,4,,1,70,,1153410,59,4,,1,31,,1153399,59,4,,1,70,,1078985,59,4,,1,30,,1153394,59,4,,1,70,,1153402,59,4,,1,30,,1100883,59,4,,1,70,,1153386,59,4,,1,30,,1153385,59,4,,1,70,,1153397,59,4,,1,29,,1153393,59,4,,1,70,,1076540,59,4,,1,30,,1153391,59,4,,1,69,,1153408,20,4,,1,29,,1153383,59,4,,1,70,,1153392,20,4,,1,30,,1153414,59,4,,1,70,,1153405,20,4,,1,27,,1153404,59,4,,1,30,,1153384,20,4,,1,68,,1153387,59,4,,1,29,,1153381,20,4,,1,72,,1153396,59,0,66 67,1,29,,1153389,20,0,66 67,1,70,,1153403,59,0,66 67,1,30,,1153398,20,0,66 67,1,70,,1153415,20,0,66 67,1,30,,1153380,20,0,66 67,1,70,,1153412,20,0,66 67,1,30,,1153406,20,0,66 67,1
6100,'14',440,,1153463,20,0,66 67,1,74,,1153429,24,4,,1,30,,1153472,24,4,,1,70,,1153420,24,4,,1,44,,1153470,59,4,,1,76,,1153443,59,4,,1,73,,1153437,59,4,,1,11,,1153432,20,4,,1,22,,1153455,59,4,,1,7,,1153457,20,4,,1,64,,1153475,20,4,,1,2,,1153431,59,4,,1,31,,1153464,59,4,,1,56,,1153444,20,4,,1,7,,1153452,59,4,,1,14,,1153450,20,4,,1,14,,1153426,59,4,,1,16,,1153474,20,4,,1,53,,1153466,59,4,,1,16,,1153418,20,4,,1,14,,1153427,59,4,,1,15,,1153422,20,4,,1,53,,1153447,59,4,,1,16,,1153438,20,4,,1,12,,1153423,59,4,,1,17,,1153435,20,4,,1,55,,1153425,59,4,,1,16,,1153468,20,4,,1,13,,1153436,59,4,,1,17,,1153453,20,4,,1,55,,1153445,59,4,,1,16,,1153451,20,4,,1,13,,1153461,59,4,,1,22,,1153439,20,4,,1,50,,1153446,59,4,,1,34,,1153428,59,4,,1,75,,1153440,59,4,,1,31,,1153471,59,4,,1,72,,1153476,59,4,,1,30,,1153424,59,4,,1,70,,1153433,59,4,,1,29,,1153419,59,4,,1,68,,1153467,59,4,,1,26,,1153469,59,4,,1,64,,1153460,59,4,,1,28,,1153458,59,4,,1,25,,1153473,59,4,,1,67,,1153454,59,4,,1,29,,1153421,59,4,,1,73,,1153417,59,4,,1,28,,1153456,59,4,,1,69,,1153434,59,4,,1,30,,1153430,59,4,,1,70,,1153441,59,4,,1,34,,1153462,59,4,,1,70,,1153449,59,0,66 67,1,32,,1153448,20,0,66 67,1,70,,1153442,20,0,66 67,1,30,,1153465,20,0,66 67,1,68,,1153459,20,0,66 67,1
6100,'15',440,,1153513,20,0,66 67,1,74,,1153485,24,4,,1,30,,1153510,24,4,,1,70,,1153520,24,4,,1,44,,1153487,59,4,,1,76,,1153530,59,4,,1,73,,1153499,59,4,,1,11,,1153504,20,4,,1,22,,1153505,59,4,,1,7,,1153503,20,4,,1,64,,1153490,20,4,,1,2,,1153491,59,4,,1,31,,1153496,59,4,,1,56,,1153478,20,4,,1,7,,1153523,59,4,,1,14,,1153479,20,4,,1,14,,1153514,59,4,,1,16,,1153516,20,4,,1,53,,1153517,59,4,,1,16,,1153506,20,4,,1,14,,1153480,59,4,,1,15,,1153489,20,4,,1,53,,1153488,59,4,,1,16,,1153502,20,4,,1,12,,1153481,59,4,,1,17,,1153493,20,4,,1,55,,1153500,59,4,,1,16,,1153522,20,4,,1,13,,1153482,59,4,,1,17,,1153511,20,4,,1,55,,1153518,59,4,,1,16,,1153526,20,4,,1,13,,1153525,59,4,,1,22,,1153524,20,4,,1,50,,1153519,59,4,,1,34,,1153494,59,4,,1,75,,1153534,59,4,,1,31,,1153532,59,4,,1,72,,1153484,59,4,,1,30,,1153533,59,4,,1,70,,1153495,59,4,,1,29,,1153483,59,4,,1,68,,1153531,59,4,,1,26,,1153536,59,4,,1,64,,1153515,59,4,,1,28,,1153507,59,4,,1,25,,1153527,59,4,,1,67,,1153497,59,4,,1,29,,1153529,59,4,,1,73,,1153509,59,4,,1,28,,1153521,59,4,,1,69,,1153492,59,4,,1,30,,1153512,59,4,,1,70,,1153535,59,4,,1,34,,1153477,59,4,,1,70,,1153501,59,0,66 67,1,32,,1153486,20,0,66 67,1,70,,1153508,20,0,66 67,1,30,,1153498,20,0,66 67,1,68,,1153528,20,0,66 67,1
6100,'16',440,,1153570,20,0,66 67,1,74,,1153571,24,4,,1,30,,1153549,24,4,,1,70,,1068041,24,4,,1,44,,1153547,59,4,,1,76,,1153557,59,4,,1,73,,1153551,59,4,,1,11,,1153558,20,4,,1,22,,1153573,59,4,,1,7,,1153555,20,4,,1,64,,1153567,20,4,,1,2,,1153580,59,4,,1,31,,1153541,59,4,,1,56,,1153540,20,4,,1,7,,1064153,59,4,,1,14,,1153585,20,4,,1,14,,1153569,59,4,,1,16,,1153545,20,4,,1,53,,1079183,59,4,,1,16,,1153583,20,4,,1,14,,977367,59,4,,1,15,,1153543,20,4,,1,53,,1153552,59,4,,1,16,,1153576,20,4,,1,12,,1153560,59,4,,1,17,,1153548,20,4,,1,55,,1153554,59,4,,1,16,,1153568,20,4,,1,13,,1153572,59,4,,1,17,,1153589,20,4,,1,55,,1153565,59,4,,1,16,,1153579,20,4,,1,13,,1153539,59,4,,1,22,,1153581,20,4,,1,50,,1153564,59,4,,1,34,,1153546,59,4,,1,75,,1153578,59,4,,1,31,,1153582,59,4,,1,72,,1153577,59,4,,1,30,,1153538,59,4,,1,70,,1153588,59,4,,1,29,,1153587,59,4,,1,68,,1153544,59,4,,1,26,,1153537,59,4,,1,64,,1153584,59,4,,1,28,,1153562,59,4,,1,25,,958861,59,4,,1,67,,1153550,59,4,,1,29,,1153575,59,4,,1,73,,1153563,59,4,,1,28,,1153556,59,4,,1,69,,1066552,59,4,,1,30,,1153542,59,4,,1,70,,1153586,59,4,,1,34,,1153559,59,4,,1,70,,1153574,59,0,66 67,1,32,,1087599,20,0,66 67,1,70,,1153553,20,0,66 67,1,30,,1153566,20,0,66 67,1,68,,1153561,20,0,66 67,1
6100,'17',620,,1153613,20,0,66 67,1,32,,1153612,20,0,66 67,1,70,,1153619,59,0,66 67,1,36,,1153631,20,4,,1,72,,1153599,59,4,,1,70,,1153607,20,4,,1,30,,1153593,59,4,,1,70,,1153625,59,4,,1,32,,1153628,59,4,,1,70,,1153623,59,4,,1,32,,1153621,59,4,,1,70,,1153630,59,4,,1,30,,1153601,59,4,,1,70,,1153622,59,4,,1,31,,1153611,59,4,,1,70,,1153590,59,4,,1,30,,1153606,59,4,,1,70,,1153614,59,4,,1,30,,1153603,59,4,,1,70,,1153597,59,4,,1,30,,1153596,59,4,,1,70,,1153609,59,4,,1,29,,1153605,59,4,,1,70,,1153629,59,4,,1,30,,1153602,59,4,,1,69,,1153620,20,4,,1,29,,1153594,59,4,,1,70,,1153604,20,4,,1,30,,1153626,59,4,,1,70,,1153617,20,4,,1,27,,1153616,59,4,,1,30,,1153595,20,4,,1,68,,1153598,59,4,,1,29,,1153592,20,4,,1,72,,1153608,59,0,66 67,1,29,,1153600,20,0,66 67,1,70,,1153615,59,0,66 67,1,30,,1153610,20,0,66 67,1,70,,1153627,20,0,66 67,1,30,,1153591,20,0,66 67,1,70,,1153624,20,0,66 67,1,30,,1153618,20,0,66 67,1
6100,'2',555,,1096582,20,4,,1,85,,1153641,20,4,,1,70,,1153646,59,4,,1,30,,1153640,59,4,,1,70,,1153668,59,4,,1,30,,1153634,59,4,,1,70,,1153667,59,4,,1,30,,1153658,59,4,,1,72,,1153657,59,4,,1,30,,1153643,59,4,,1,72,,1153632,59,4,,1,30,,1153636,59,4,,1,70,,1153645,59,4,,1,30,,1153660,59,4,,1,71,,1153666,59,4,,1,30,,1153648,59,4,,1,70,,1153655,59,4,,1,30,,1153664,59,4,,1,70,,1153669,59,4,,1,30,,1153651,59,4,,1,70,,1032624,59,4,,1,30,,1153639,59,4,,1,69,,1153633,59,4,,1,30,,1153656,59,4,,1,70,,1098025,59,4,,1,30,,1153644,59,4,,1,68,,1153663,59,4,,1,30,,1153654,59,4,,1,70,,1153661,20,4,,1,30,,1153662,59,4,,1,69,,1153638,20,4,,1,30,,1153647,59,4,,1,70,,1153635,20,4,,1,30,,1153659,59,4,,1,70,,1153652,20,4,,1,30,,1090126,59,4,,1,70,,1098955,20,4,,1,30,,1153650,59,4,,1,70,,1153653,20,4,,1,30,,1153642,20,4,,1,70,,1153665,20,0,66 67,1,30,,1153649,20,0,66 67,1,70,,1153637,20,0,66 67,1
6100,'3',620,,1153693,20,0,66 67,1,32,,1153692,20,0,66 67,1,70,,1153699,59,0,66 67,1,36,,1153711,20,4,,1,72,,1153679,59,4,,1,70,,1153687,20,4,,1,30,,1153673,59,4,,1,70,,1153705,59,4,,1,32,,1153708,59,4,,1,70,,1153703,59,4,,1,32,,1153701,59,4,,1,70,,1153710,59,4,,1,30,,1153681,59,4,,1,70,,1153702,59,4,,1,31,,1153691,59,4,,1,70,,1153670,59,4,,1,30,,1153686,59,4,,1,70,,1153694,59,4,,1,30,,1153683,59,4,,1,70,,1153677,59,4,,1,30,,1153676,59,4,,1,70,,1153689,59,4,,1,29,,1153685,59,4,,1,70,,1153709,59,4,,1,30,,1153682,59,4,,1,69,,1153700,20,4,,1,29,,1153674,59,4,,1,70,,1153684,20,4,,1,30,,1153706,59,4,,1,70,,1153697,20,4,,1,27,,1153696,59,4,,1,30,,1153675,20,4,,1,68,,1153678,59,4,,1,29,,1153672,20,4,,1,72,,1153688,59,0,66 67,1,29,,1153680,20,0,66 67,1,70,,1153695,59,0,66 67,1,30,,1153690,20,0,66 67,1,70,,1153707,20,0,66 67,1,30,,1153671,20,0,66 67,1,70,,1153704,20,0,66 67,1,30,,1153698,20,0,66 67,1
6100,'4',620,,1153737,20,0,66 67,1,32,,1153747,20,0,66 67,1,70,,1153735,59,0,66 67,1,36,,1153714,20,4,,1,72,,1153719,59,4,,1,70,,1153744,20,4,,1,30,,1153745,59,4,,1,70,,1153723,59,4,,1,32,,1153742,59,4,,1,70,,1153736,59,4,,1,32,,1153724,59,4,,1,70,,1153739,59,4,,1,30,,1153712,59,4,,1,70,,1153738,59,4,,1,31,,1153730,59,4,,1,70,,1153734,59,4,,1,30,,1153731,59,4,,1,70,,1153732,59,4,,1,30,,1153748,59,4,,1,70,,1153725,59,4,,1,30,,1153720,59,4,,1,70,,1153726,59,4,,1,29,,1153718,59,4,,1,70,,1153727,59,4,,1,30,,1153750,59,4,,1,69,,1153749,20,4,,1,29,,1153740,59,4,,1,70,,1010073,20,4,,1,30,,1153717,59,4,,1,70,,1153728,20,4,,1,27,,1153746,59,4,,1,30,,1153716,20,4,,1,68,,1153721,59,4,,1,29,,1153741,20,4,,1,72,,1153729,59,0,66 67,1,29,,1153733,20,0,66 67,1,70,,1153722,59,0,66 67,1,30,,1153715,20,0,66 67,1,70,,1092367,20,0,66 67,1,30,,1153743,20,0,66 67,1,70,,1153713,20,0,66 67,1,30,,1073178,20,0,66 67,1
6100,'5',440,,1153791,20,0,66 67,1,74,,1153760,24,4,,1,30,,1153798,24,4,,1,70,,1153753,24,4,,1,44,,1086955,59,4,,1,76,,1153773,59,4,,1,73,,1153767,59,4,,1,11,,1153762,20,4,,1,22,,1153783,59,4,,1,7,,1153785,20,4,,1,64,,1153799,20,4,,1,2,,1087188,59,4,,1,31,,1153792,59,4,,1,56,,1100007,20,4,,1,7,,1153780,59,4,,1,14,,1153778,20,4,,1,14,,1153759,59,4,,1,16,,1101510,20,4,,1,53,,1153794,59,4,,1,16,,1153751,20,4,,1,14,,1078266,59,4,,1,15,,1153755,20,4,,1,53,,1153775,59,4,,1,16,,1153768,20,4,,1,12,,1153756,59,4,,1,17,,1153765,20,4,,1,55,,1153758,59,4,,1,16,,1153796,20,4,,1,13,,1153766,59,4,,1,17,,1153781,20,4,,1,55,,1065770,59,4,,1,16,,1153779,20,4,,1,13,,1153789,59,4,,1,22,,1153769,20,4,,1,50,,1153774,59,4,,1,34,,1097802,59,4,,1,75,,1153770,59,4,,1,31,,1153797,59,4,,1,72,,1056854,59,4,,1,30,,1153757,59,4,,1,70,,1153763,59,4,,1,29,,1153752,59,4,,1,68,,1153795,59,4,,1,26,,1078676,59,4,,1,64,,1153788,59,4,,1,28,,1153786,59,4,,1,25,,1095181,59,4,,1,67,,1153782,59,4,,1,29,,1153754,59,4,,1,73,,1078248,59,4,,1,28,,1153784,59,4,,1,69,,1153764,59,4,,1,30,,1153761,59,4,,1,70,,1153771,59,4,,1,34,,1153790,59,4,,1,70,,1153777,59,0,66 67,1,32,,1153776,20,0,66 67,1,70,,1153772,20,0,66 67,1,30,,1153793,20,0,66 67,1,68,,1153787,20,0,66 67,1
6100,'6',440,,1153833,20,0,66 67,1,74,,1153834,24,4,,1,30,,1153813,24,4,,1,70,,1153808,24,4,,1,44,,1153811,59,4,,1,76,,1153820,59,4,,1,73,,1153815,59,4,,1,11,,1087679,20,4,,1,22,,1153836,59,4,,1,7,,1078409,20,4,,1,64,,1153830,20,4,,1,2,,1153844,59,4,,1,31,,1153804,59,4,,1,56,,1153803,20,4,,1,7,,1153826,59,4,,1,14,,1153849,20,4,,1,14,,1153832,59,4,,1,16,,1091705,20,4,,1,53,,1153807,59,4,,1,16,,1153847,20,4,,1,14,,1153842,59,4,,1,15,,1075661,20,4,,1,53,,1153816,59,4,,1,16,,1153839,20,4,,1,12,,1153822,59,4,,1,17,,1153812,20,4,,1,55,,1153818,59,4,,1,16,,1153831,20,4,,1,13,,1153835,59,4,,1,17,,1037538,20,4,,1,55,,1153828,59,4,,1,16,,1153843,20,4,,1,13,,1153801,59,4,,1,22,,1153845,20,4,,1,50,,1153827,59,4,,1,34,,1153810,59,4,,1,75,,1153841,59,4,,1,31,,1153846,59,4,,1,72,,1153840,59,4,,1,30,,1003066,59,4,,1,70,,1153851,59,4,,1,29,,1088982,59,4,,1,68,,1153806,59,4,,1,26,,1090297,59,4,,1,64,,1153848,59,4,,1,28,,1153824,59,4,,1,25,,1153802,59,4,,1,67,,1153814,59,4,,1,29,,1153838,59,4,,1,73,,1153825,59,4,,1,28,,1153819,59,4,,1,69,,1153800,59,4,,1,30,,1153805,59,4,,1,70,,1153850,59,4,,1,34,,1153821,59,4,,1,70,,1153837,59,0,66 67,1,32,,1153809,20,0,66 67,1,70,,1153817,20,0,66 67,1,30,,1153829,20,0,66 67,1,68,,1153823,20,0,66 67,1
6100,'7',555,,1153856,20,4,,1,85,,1153893,20,4,,1,70,,1153869,59,4,,1,30,,1153861,59,4,,1,70,,1153867,59,4,,1,30,,1153870,59,4,,1,70,,1153876,59,4,,1,30,,1153874,59,4,,1,72,,1153888,59,4,,1,30,,1153889,59,4,,1,72,,1153873,59,4,,1,30,,1153858,59,4,,1,70,,1153885,59,4,,1,30,,1153883,59,4,,1,71,,1153862,59,4,,1,30,,1153865,59,4,,1,70,,1153877,59,4,,1,30,,1153860,59,4,,1,70,,1153859,59,4,,1,30,,1153864,59,4,,1,70,,1153890,59,4,,1,30,,1153892,59,4,,1,69,,1153863,59,4,,1,30,,1153868,59,4,,1,70,,1153855,59,4,,1,30,,1153871,59,4,,1,68,,1153881,59,4,,1,30,,1153879,59,4,,1,70,,1153894,20,4,,1,30,,1153854,59,4,,1,69,,1153872,20,4,,1,30,,1153884,59,4,,1,70,,1153886,20,4,,1,30,,1153878,59,4,,1,70,,1153891,20,4,,1,30,,1153866,59,4,,1,70,,1153887,20,4,,1,30,,1153882,59,4,,1,70,,1153852,20,4,,1,30,,1153857,20,4,,1,70,,1153880,20,0,66 67,1,30,,1153853,20,0,66 67,1,70,,1153875,20,0,66 67,1
6100,'8',440,,1153934,20,0,66 67,1,74,,1153935,24,4,,1,30,,1153912,24,4,,1,70,,1153906,24,4,,1,44,,1153910,59,4,,1,76,,1153920,59,4,,1,73,,1153914,59,4,,1,11,,1153921,20,4,,1,22,,1153937,59,4,,1,7,,1153918,20,4,,1,64,,1153931,20,4,,1,2,,1153945,59,4,,1,31,,1153901,59,4,,1,56,,1153900,20,4,,1,7,,1153927,59,4,,1,14,,1153950,20,4,,1,14,,1153933,59,4,,1,16,,1153908,20,4,,1,53,,1153905,59,4,,1,16,,1153948,20,4,,1,14,,1153943,59,4,,1,15,,1153903,20,4,,1,53,,1153915,59,4,,1,16,,1153940,20,4,,1,12,,1153923,59,4,,1,17,,1153911,20,4,,1,55,,1153917,59,4,,1,16,,1153932,20,4,,1,13,,1153936,59,4,,1,17,,1153954,20,4,,1,55,,1153929,59,4,,1,16,,1153944,20,4,,1,13,,1153898,59,4,,1,22,,1153946,20,4,,1,50,,1153928,59,4,,1,34,,1153909,59,4,,1,75,,1153942,59,4,,1,31,,1153947,59,4,,1,72,,1153941,59,4,,1,30,,1153896,59,4,,1,70,,1153953,59,4,,1,29,,1153952,59,4,,1,68,,1153904,59,4,,1,26,,1153895,59,4,,1,64,,1153949,59,4,,1,28,,1153925,59,4,,1,25,,1153899,59,4,,1,67,,1153913,59,4,,1,29,,1153939,59,4,,1,73,,1153926,59,4,,1,28,,1153919,59,4,,1,69,,1153897,59,4,,1,30,,1153902,59,4,,1,70,,1153951,59,4,,1,34,,1153922,59,4,,1,70,,1153938,59,0,66 67,1,32,,1153907,20,0,66 67,1,70,,1153916,20,0,66 67,1,30,,1153930,20,0,66 67,1,68,,1153924,20,0,66 67,1
6100,'9',440,,1153995,20,0,66 67,1,74,,1153964,24,4,,1,30,,1154002,24,4,,1,70,,1153957,24,4,,1,44,,1086936,59,4,,1,76,,1153977,59,4,,1,73,,1153971,59,4,,1,11,,1153966,20,4,,1,22,,1153987,59,4,,1,7,,1153989,20,4,,1,64,,1154003,20,4,,1,2,,1087097,59,4,,1,31,,1153996,59,4,,1,56,,1099937,20,4,,1,7,,1153984,59,4,,1,14,,1153982,20,4,,1,14,,1153963,59,4,,1,16,,1101509,20,4,,1,53,,1153998,59,4,,1,16,,1153955,20,4,,1,14,,1078162,59,4,,1,15,,1153959,20,4,,1,53,,1153979,59,4,,1,16,,1153972,20,4,,1,12,,1153960,59,4,,1,17,,1153969,20,4,,1,55,,1153962,59,4,,1,16,,1154000,20,4,,1,13,,1153970,59,4,,1,17,,1153985,20,4,,1,55,,1065663,59,4,,1,16,,1153983,20,4,,1,13,,1153993,59,4,,1,22,,1153973,20,4,,1,50,,1153978,59,4,,1,34,,1097691,59,4,,1,75,,1153974,59,4,,1,31,,1154001,59,4,,1,72,,1057048,59,4,,1,30,,1153961,59,4,,1,70,,1153967,59,4,,1,29,,1153956,59,4,,1,68,,1153999,59,4,,1,26,,1078541,59,4,,1,64,,1153992,59,4,,1,28,,1153990,59,4,,1,25,,1095057,59,4,,1,67,,1153986,59,4,,1,29,,1153958,59,4,,1,73,,1078144,59,4,,1,28,,1153988,59,4,,1,69,,1153968,59,4,,1,30,,1153965,59,4,,1,70,,1153975,59,4,,1,34,,1153994,59,4,,1,70,,1153981,59,0,66 67,1,32,,1153980,20,0,66 67,1,70,,1153976,20,0,66 67,1,30,,1153997,20,0,66 67,1,68,,1153991,20,0,66 67,1
6101,'1',418,,1092889,15,0,9 10,1,31,,1154014,15,0,9 10,1,71,,1154026,1,,,1,30,,1154029,1,,,1,69,,1154005,1,,,1,27,,1154051,1,,,1,72,,1154038,1,,,1,30,,935738,1,,,1,70,,1154010,1,,,1,32,,1154009,1,,,1,69,,1154033,1,,,1,31,,1065807,1,,,1,69,,1154024,1,,,1,30,,1154049,1,,,1,70,,1006390,1,,,1,30,,1083597,1,,,1,70,,1154008,1,,,1,30,,1154040,1,,,1,70,,1154034,1,,,1,16,,1154017,1,0,9 10,1,13,,972751,1,,,1,56,,1154013,1,0,9 10,1,15,,1154007,1,,,1,15,,1154022,1,0,9 10,1,15,,1154018,1,,,1,55,,1154011,1,0,9 10,1,13,,1154019,1,,,1,17,,1154050,1,0,9 10,1,15,,1154037,1,,,1,54,,1154012,1,0,9 10,1,16,,1154031,1,,,1,14,,1154023,1,0,9 10,1,16,,1154039,1,,,1,55,,1154047,1,0,9 10,1,15,,1154015,1,,,1,16,,1154016,1,,,1,16,,1154032,1,,,1,54,,1088141,1,,,1,16,,1154035,1,,,1,28,,1154028,1,,,1,70,,1154021,1,,,1,30,,1154020,1,,,1,70,,1154048,1,,,1,30,,1154030,1,,,1,70,,1154045,1,,,1,30,,1154043,1,,,1,70,,1154042,1,,,1,30,,1154044,1,,,1,70,,1154046,1,,,1,30,,1154041,1,0,9 10,1,70,,1154004,1,0,9 10,1,30,,1076307,1,0,9 10,1,70,,1154027,1,0,9 10,1,29,,1154025,15,0,9 10,1,70,,1154036,15,0,9 10,1,30,,1154006,15,0,9 10,1
6101,'10',418,,1092571,15,0,9 10,1,31,,1154062,15,0,9 10,1,71,,1154074,1,,,1,30,,1154077,1,,,1,69,,1154053,1,,,1,27,,1154099,1,,,1,72,,1154086,1,,,1,30,,935458,1,,,1,70,,1154058,1,,,1,32,,1154057,1,,,1,69,,1154081,1,,,1,31,,1065603,1,,,1,69,,1154072,1,,,1,30,,1154097,1,,,1,70,,1006486,1,,,1,30,,1083358,1,,,1,70,,1154056,1,,,1,30,,1154088,1,,,1,70,,1154082,1,,,1,16,,1154065,1,0,9 10,1,13,,972258,1,,,1,56,,1154061,1,0,9 10,1,15,,1154055,1,,,1,15,,1154070,1,0,9 10,1,15,,1154066,1,,,1,55,,1154059,1,0,9 10,1,13,,1154067,1,,,1,17,,1154098,1,0,9 10,1,15,,1154085,1,,,1,54,,1154060,1,0,9 10,1,16,,1154079,1,,,1,14,,1154071,1,0,9 10,1,16,,1154087,1,,,1,55,,1154095,1,0,9 10,1,15,,1154063,1,,,1,16,,1154064,1,,,1,16,,1154080,1,,,1,54,,1087733,1,,,1,16,,1154083,1,,,1,28,,1154076,1,,,1,70,,1154069,1,,,1,30,,1154068,1,,,1,70,,1154096,1,,,1,30,,1154078,1,,,1,70,,1154093,1,,,1,30,,1154091,1,,,1,70,,1154090,1,,,1,30,,1154092,1,,,1,70,,1154094,1,,,1,30,,1154089,1,0,9 10,1,70,,1154052,1,0,9 10,1,30,,1076096,1,0,9 10,1,70,,1154075,1,0,9 10,1,29,,1154073,15,0,9 10,1,70,,1154084,15,0,9 10,1,30,,1154054,15,0,9 10,1
6101,'11',418,,1092979,15,0,9 10,1,31,,1154110,15,0,9 10,1,71,,1154122,1,,,1,30,,1154125,1,,,1,69,,1154101,1,,,1,27,,1154147,1,,,1,72,,1154134,1,,,1,30,,935685,1,,,1,70,,1154106,1,,,1,32,,1154105,1,,,1,69,,1154129,1,,,1,31,,1065866,1,,,1,69,,1154120,1,,,1,30,,1154145,1,,,1,70,,1006360,1,,,1,30,,1083667,1,,,1,70,,1154104,1,,,1,30,,1154136,1,,,1,70,,1154130,1,,,1,16,,1154113,1,0,9 10,1,13,,972683,1,,,1,56,,1154109,1,0,9 10,1,15,,1154103,1,,,1,15,,1154118,1,0,9 10,1,15,,1154114,1,,,1,55,,1154107,1,0,9 10,1,13,,1154115,1,,,1,17,,1154146,1,0,9 10,1,15,,1154133,1,,,1,54,,1154108,1,0,9 10,1,16,,1154127,1,,,1,14,,1154119,1,0,9 10,1,16,,1154135,1,,,1,55,,1154143,1,0,9 10,1,15,,1154111,1,,,1,16,,1154112,1,,,1,16,,1154128,1,,,1,54,,1088253,1,,,1,16,,1154131,1,,,1,28,,1154124,1,,,1,70,,1154117,1,,,1,30,,1154116,1,,,1,70,,1154144,1,,,1,30,,1154126,1,,,1,70,,1154141,1,,,1,30,,1154139,1,,,1,70,,1154138,1,,,1,30,,1154140,1,,,1,70,,1154142,1,,,1,30,,1154137,1,0,9 10,1,70,,1154100,1,0,9 10,1,30,,1076372,1,0,9 10,1,70,,1154123,1,0,9 10,1,29,,1154121,15,0,9 10,1,70,,1154132,15,0,9 10,1,30,,1154102,15,0,9 10,1
6101,'12',418,,1154167,15,0,9 10,1,31,,1154159,15,0,9 10,1,71,,1154148,1,,,1,30,,1154153,1,,,1,69,,1154200,1,,,1,27,,1154189,1,,,1,72,,1154156,1,,,1,30,,1154157,1,,,1,70,,1154198,1,,,1,32,,1154152,1,,,1,69,,1154155,1,,,1,31,,1154162,1,,,1,69,,1154197,1,,,1,30,,1154166,1,,,1,70,,1154201,1,,,1,30,,1154174,1,,,1,70,,1154199,1,,,1,30,,1061496,1,,,1,70,,1154149,1,,,1,16,,1154170,1,0,9 10,1,13,,1154150,1,,,1,56,,1154179,1,0,9 10,1,15,,1154177,1,,,1,15,,1154194,1,0,9 10,1,15,,1154181,1,,,1,55,,1154192,1,0,9 10,1,13,,1154169,1,,,1,17,,1154190,1,0,9 10,1,15,,1154180,1,,,1,54,,1154175,1,0,9 10,1,16,,1154183,1,,,1,14,,1154176,1,0,9 10,1,16,,1154184,1,,,1,55,,1154158,1,0,9 10,1,15,,1154161,1,,,1,16,,1154186,1,,,1,16,,1154173,1,,,1,54,,1154182,1,,,1,16,,1154165,1,,,1,28,,1154172,1,,,1,70,,1154193,1,,,1,30,,1154168,1,,,1,70,,1154188,1,,,1,30,,1154171,1,,,1,70,,1154187,1,,,1,30,,942214,1,,,1,70,,1154196,1,,,1,30,,1154178,1,,,1,70,,1154195,1,,,1,30,,1154191,1,0,9 10,1,70,,1154160,1,0,9 10,1,30,,1154164,1,0,9 10,1,70,,1154163,1,0,9 10,1,29,,1154154,15,0,9 10,1,70,,1154151,15,0,9 10,1,30,,1154185,15,0,9 10,1
6101,'13',532,,1073366,15,,,1,70,,1154205,15,0,9 10,1,30,,1154223,15,,,1,70,,1154216,15,0,9 10,1,30,,1154225,15,,,1,70,,1154237,15,0,9 10,1,30,,1154220,1,,,1,71,,1047837,1,,,1,30,,1154211,1,,,1,69,,1154213,1,,,1,30,,1154206,1,,,1,70,,1154233,1,,,1,30,,1154212,1,,,1,70,,1154207,1,,,1,30,,1154221,1,,,1,70,,1154209,1,,,1,30,,1154232,1,,,1,70,,1154234,1,,,1,30,,1154204,1,,,1,70,,1154222,1,,,1,30,,1154214,1,,,1,70,,1154224,1,,,1,30,,1154231,1,,,1,70,,1098050,1,,,1,30,,1074794,1,,,1,70,,1154226,1,,,1,30,,1154235,1,,,1,70,,1154238,1,,,1,30,,1154236,1,0,9 10,1,70,,1154219,1,,,1,30,,1089703,1,0,9 10,1,70,,1154217,1,,,1,30,,1154228,1,,,1,70,,1154210,1,0,9 10,1,30,,1154230,1,,,1,70,,1154229,1,0,9 10,1,30,,1154203,1,0,9 10,1,70,,1154227,15,0,9 10,1,30,,1154202,15,0,9 10,1,70,,1154208,15,0,9 10,1,30,,1154215,15,0,9 10,1,26,,1154218,15,0,9 10,1,70,,955270,15,0,9 10,1
6101,'14',418,,1154247,15,0,9 10,1,31,,1154253,15,0,9 10,1,71,,1154265,1,,,1,30,,1154268,1,,,1,69,,1154240,1,,,1,27,,1154294,1,,,1,72,,1154279,1,,,1,30,,1154293,1,,,1,70,,1154249,1,,,1,32,,1154248,1,,,1,69,,1154274,1,,,1,31,,1154281,1,,,1,69,,1154263,1,,,1,30,,1154291,1,,,1,70,,1154243,1,,,1,30,,1154242,1,,,1,70,,1154245,1,,,1,30,,1154282,1,,,1,70,,1154275,1,,,1,16,,1154256,1,0,9 10,1,13,,1154246,1,,,1,56,,1154252,1,0,9 10,1,15,,1154244,1,,,1,15,,1154261,1,0,9 10,1,15,,1154257,1,,,1,55,,1154250,1,0,9 10,1,13,,1154258,1,,,1,17,,1154292,1,0,9 10,1,15,,1154278,1,,,1,54,,1154251,1,0,9 10,1,16,,1154272,1,,,1,14,,1154262,1,0,9 10,1,16,,1154280,1,,,1,55,,1154289,1,0,9 10,1,15,,1154254,1,,,1,16,,1154255,1,,,1,16,,1154273,1,,,1,54,,1154271,1,,,1,16,,1154276,1,,,1,28,,1154267,1,,,1,70,,1154260,1,,,1,30,,1154259,1,,,1,70,,1154290,1,,,1,30,,1154270,1,,,1,70,,1154287,1,,,1,30,,1154285,1,,,1,70,,1154284,1,,,1,30,,1154286,1,,,1,70,,1154288,1,,,1,30,,1154283,1,0,9 10,1,70,,1154239,1,0,9 10,1,30,,1154269,1,0,9 10,1,70,,1154266,1,0,9 10,1,29,,1154264,15,0,9 10,1,70,,1154277,15,0,9 10,1,30,,1154241,15,0,9 10,1
6101,'15',418,,1154328,15,0,9 10,1,31,,1154300,15,0,9 10,1,71,,1154316,1,,,1,30,,1154310,1,,,1,69,,1154331,1,,,1,27,,1154344,1,,,1,72,,1154337,1,,,1,30,,1154307,1,,,1,70,,1154312,1,,,1,32,,1154299,1,,,1,69,,1154349,1,,,1,31,,1154340,1,,,1,69,,1154303,1,,,1,30,,1154329,1,,,1,70,,1154301,1,,,1,30,,1154339,1,,,1,70,,1154345,1,,,1,30,,1154296,1,,,1,70,,1154321,1,,,1,16,,1154343,1,0,9 10,1,13,,1154297,1,,,1,56,,1154327,1,0,9 10,1,15,,1154298,1,,,1,15,,1154332,1,0,9 10,1,15,,1154341,1,,,1,55,,1154318,1,0,9 10,1,13,,1154323,1,,,1,17,,1154350,1,0,9 10,1,15,,1154305,1,,,1,54,,1154348,1,0,9 10,1,16,,1154347,1,,,1,14,,1154335,1,0,9 10,1,16,,1154320,1,,,1,55,,1154308,1,0,9 10,1,15,,1154306,1,,,1,16,,1154346,1,,,1,16,,1154322,1,,,1,54,,1154336,1,,,1,16,,1154302,1,,,1,28,,1154311,1,,,1,70,,1154333,1,,,1,30,,1154330,1,,,1,70,,1154325,1,,,1,30,,1154309,1,,,1,70,,1154317,1,,,1,30,,1154313,1,,,1,70,,1154334,1,,,1,30,,1154315,1,,,1,70,,1154324,1,,,1,30,,1154342,1,0,9 10,1,70,,1154295,1,0,9 10,1,30,,1154304,1,0,9 10,1,70,,1154314,1,0,9 10,1,29,,1154319,15,0,9 10,1,70,,1154338,15,0,9 10,1,30,,1154326,15,0,9 10,1
6101,'16',418,,1154368,15,0,9 10,1,31,,1154359,15,0,9 10,1,71,,1089540,1,,,1,30,,1154353,1,,,1,69,,1154396,1,,,1,27,,1154389,1,,,1,72,,1154356,1,,,1,30,,1154357,1,,,1,70,,1154395,1,,,1,32,,1036392,1,,,1,69,,1154355,1,,,1,31,,1154362,1,,,1,69,,1154394,1,,,1,30,,1154367,1,,,1,70,,1154398,1,,,1,30,,1154375,1,,,1,70,,1080096,1,,,1,30,,1154397,1,,,1,70,,1093434,1,,,1,16,,1154371,1,0,9 10,1,13,,1154351,1,,,1,56,,1154380,1,0,9 10,1,15,,1154378,1,,,1,15,,1101797,1,0,9 10,1,15,,1154382,1,,,1,55,,1045193,1,0,9 10,1,13,,1154370,1,,,1,17,,1154390,1,0,9 10,1,15,,1154381,1,,,1,54,,1154376,1,0,9 10,1,16,,1154384,1,,,1,14,,1154377,1,0,9 10,1,16,,950535,1,,,1,55,,1154358,1,0,9 10,1,15,,1154361,1,,,1,16,,1154386,1,,,1,16,,1154374,1,,,1,54,,1154383,1,,,1,16,,1154366,1,,,1,28,,1154373,1,,,1,70,,1083260,1,,,1,30,,1154369,1,,,1,70,,1154388,1,,,1,30,,1154372,1,,,1,70,,1154387,1,,,1,30,,1154363,1,,,1,70,,1154393,1,,,1,30,,1154379,1,,,1,70,,1154392,1,,,1,30,,1154391,1,0,9 10,1,70,,1154360,1,0,9 10,1,30,,1154365,1,0,9 10,1,70,,1154364,1,0,9 10,1,29,,1154354,15,0,9 10,1,70,,1154352,15,0,9 10,1,30,,1154385,15,0,9 10,1
6101,'17',532,,1154431,15,,,1,70,,1154402,15,0,9 10,1,30,,1154423,15,,,1,70,,1154416,15,0,9 10,1,30,,1154425,15,,,1,70,,1154438,15,0,9 10,1,30,,1154420,1,,,1,71,,1154439,1,,,1,30,,1154411,1,,,1,69,,1154413,1,,,1,30,,1154403,1,,,1,70,,1154434,1,,,1,30,,1154412,1,,,1,70,,1154405,1,,,1,30,,1154421,1,,,1,70,,1154407,1,,,1,30,,1154433,1,,,1,70,,1154435,1,,,1,30,,1154401,1,,,1,70,,1154422,1,,,1,30,,1154414,1,,,1,70,,1154424,1,,,1,30,,1154432,1,,,1,70,,1154404,1,,,1,30,,1154410,1,,,1,70,,1154426,1,,,1,30,,1154436,1,,,1,70,,1154440,1,,,1,30,,1154437,1,0,9 10,1,70,,1154419,1,,,1,30,,1154409,1,0,9 10,1,70,,1154417,1,,,1,30,,1154428,1,,,1,70,,1154408,1,0,9 10,1,30,,1154430,1,,,1,70,,1154429,1,0,9 10,1,30,,1154400,1,0,9 10,1,70,,1154427,15,0,9 10,1,30,,1154399,15,0,9 10,1,70,,1154406,15,0,9 10,1,30,,1154415,15,0,9 10,1,26,,1154418,15,0,9 10,1,70,,1154441,15,0,9 10,1
6101,'2',519,,1154464,15,0,9 10,1,30,,1154461,15,,,1,70,,1154476,15,,,1,30,,1154474,1,,,1,70,,1154448,1,,,1,29,,1154460,1,,,1,70,,1154471,1,,,1,30,,1101275,1,,,1,70,,1154465,1,,,1,29,,1095785,1,,,1,70,,1154454,1,,,1,30,,1154455,1,,,1,70,,1154473,1,,,1,30,,1154453,1,,,1,70,,1154444,1,,,1,30,,1154472,1,,,1,70,,1154443,1,,,1,30,,1154475,1,,,1,70,,1154452,1,,,1,30,,995769,1,,,1,70,,1154445,1,,,1,30,,1154470,1,,,1,70,,1154459,1,,,1,30,,1154451,1,,,1,70,,1154477,1,,,1,30,,1154468,1,0,9 10,1,70,,1154480,1,,,1,30,,1154469,1,0,9 10,1,70,,1154446,1,,,1,30,,1154449,1,,,1,70,,1154442,1,,,1,30,,1154478,1,,,1,70,,1154463,1,,,1,30,,1090369,1,,,1,70,,1154467,1,,,1,30,,1154462,1,,,1,70,,1154447,1,,,1,30,,1154450,1,0,9 10,1,70,,1154466,1,0,9 10,1,30,,1154457,1,0,9 10,1,70,,1154479,1,0,9 10,1,41,,1154458,1,0,9 10,1,70,,999019,1,0,9 10,1,30,,1154456,15,0,9 10,1
6101,'3',532,,1154513,15,,,1,70,,1154484,15,0,9 10,1,30,,1154505,15,,,1,70,,1154498,15,0,9 10,1,30,,1154507,15,,,1,70,,1154520,15,0,9 10,1,30,,1154502,1,,,1,71,,1154521,1,,,1,30,,1154493,1,,,1,69,,1154495,1,,,1,30,,1154485,1,,,1,70,,1154516,1,,,1,30,,1154494,1,,,1,70,,1154487,1,,,1,30,,1154503,1,,,1,70,,1154489,1,,,1,30,,1154515,1,,,1,70,,1154517,1,,,1,30,,1154483,1,,,1,70,,1154504,1,,,1,30,,1154496,1,,,1,70,,1154506,1,,,1,30,,1154514,1,,,1,70,,1154486,1,,,1,30,,1154492,1,,,1,70,,1154508,1,,,1,30,,1154518,1,,,1,70,,1154522,1,,,1,30,,1154519,1,0,9 10,1,70,,1154501,1,,,1,30,,1154491,1,0,9 10,1,70,,1154499,1,,,1,30,,1154510,1,,,1,70,,1154490,1,0,9 10,1,30,,1154512,1,,,1,70,,1154511,1,0,9 10,1,30,,1154482,1,0,9 10,1,70,,1154509,15,0,9 10,1,30,,1154481,15,0,9 10,1,70,,1154488,15,0,9 10,1,30,,1154497,15,0,9 10,1,26,,1154500,15,0,9 10,1,70,,1154523,15,0,9 10,1
6101,'4',532,,1154531,15,,,1,70,,983037,15,0,9 10,1,30,,1154544,15,,,1,70,,1154530,15,0,9 10,1,30,,1154560,15,,,1,70,,1154548,15,0,9 10,1,30,,1154562,1,,,1,71,,1154558,1,,,1,30,,1154540,1,,,1,69,,1074233,1,,,1,30,,1154556,1,,,1,70,,1154549,1,,,1,30,,1021707,1,,,1,70,,1154525,1,,,1,30,,1154537,1,,,1,70,,1154534,1,,,1,30,,1154542,1,,,1,70,,1154552,1,,,1,30,,1154535,1,,,1,70,,1154550,1,,,1,30,,1154538,1,,,1,70,,1154528,1,,,1,30,,1154532,1,,,1,70,,1154526,1,,,1,30,,1154547,1,,,1,70,,1154554,1,,,1,30,,1154527,1,,,1,70,,1154551,1,,,1,30,,1154557,1,0,9 10,1,70,,1154553,1,,,1,30,,1154539,1,0,9 10,1,70,,1154524,1,,,1,30,,1154543,1,,,1,70,,1154541,1,0,9 10,1,30,,1154536,1,,,1,70,,1154545,1,0,9 10,1,30,,1154559,1,0,9 10,1,70,,1154533,15,0,9 10,1,30,,1154546,15,0,9 10,1,70,,1154561,15,0,9 10,1,30,,1154555,15,0,9 10,1,26,,1154529,15,0,9 10,1,70,,1154563,15,0,9 10,1
6101,'5',418,,1092831,15,0,9 10,1,31,,1154574,15,0,9 10,1,71,,1154586,1,,,1,30,,1154589,1,,,1,69,,1154565,1,,,1,27,,1154611,1,,,1,72,,1154598,1,,,1,30,,935904,1,,,1,70,,1154570,1,,,1,32,,1154569,1,,,1,69,,1154593,1,,,1,31,,1065773,1,,,1,69,,1154584,1,,,1,30,,1154609,1,,,1,70,,1006223,1,,,1,30,,1083558,1,,,1,70,,1154568,1,,,1,30,,1154600,1,,,1,70,,1154594,1,,,1,16,,1154577,1,0,9 10,1,13,,972973,1,,,1,56,,1154573,1,0,9 10,1,15,,1154567,1,,,1,15,,1154582,1,0,9 10,1,15,,1154578,1,,,1,55,,1154571,1,0,9 10,1,13,,1154579,1,,,1,17,,1154610,1,0,9 10,1,15,,1154597,1,,,1,54,,1154572,1,0,9 10,1,16,,1154591,1,,,1,14,,1154583,1,0,9 10,1,16,,1154599,1,,,1,55,,1154607,1,0,9 10,1,15,,1154575,1,,,1,16,,1154576,1,,,1,16,,1154592,1,,,1,54,,1088080,1,,,1,16,,1154595,1,,,1,28,,1154588,1,,,1,70,,1154581,1,,,1,30,,1154580,1,,,1,70,,1154608,1,,,1,30,,1154590,1,,,1,70,,1154605,1,,,1,30,,1154603,1,,,1,70,,1154602,1,,,1,30,,1154604,1,,,1,70,,1154606,1,,,1,30,,1154601,1,0,9 10,1,70,,1154564,1,0,9 10,1,30,,1076271,1,0,9 10,1,70,,1154587,1,0,9 10,1,29,,1154585,15,0,9 10,1,70,,1154596,15,0,9 10,1,30,,1154566,15,0,9 10,1
6101,'6',418,,1154623,15,0,9 10,1,31,,1027029,15,0,9 10,1,71,,1154612,1,,,1,30,,1154616,1,,,1,69,,1154650,1,,,1,27,,1154645,1,,,1,72,,1067058,1,,,1,30,,1071039,1,,,1,70,,1068504,1,,,1,32,,1154615,1,,,1,69,,1007830,1,,,1,31,,1154617,1,,,1,69,,1011885,1,,,1,30,,1154622,1,,,1,70,,1154652,1,,,1,30,,1154630,1,,,1,70,,1154649,1,,,1,30,,1154651,1,,,1,70,,1154613,1,,,1,16,,1154626,1,0,9 10,1,13,,1154614,1,,,1,56,,1154635,1,0,9 10,1,15,,1154633,1,,,1,15,,1154648,1,0,9 10,1,15,,1154637,1,,,1,55,,1154646,1,0,9 10,1,13,,1154625,1,,,1,17,,908400,1,0,9 10,1,15,,1154636,1,,,1,54,,1154631,1,0,9 10,1,16,,1154639,1,,,1,14,,1154632,1,0,9 10,1,16,,1154640,1,,,1,55,,1082825,1,0,9 10,1,15,,1059057,1,,,1,16,,1154642,1,,,1,16,,1154629,1,,,1,54,,1154638,1,,,1,16,,1154621,1,,,1,28,,1154628,1,,,1,70,,1154647,1,,,1,30,,1154624,1,,,1,70,,1154644,1,,,1,30,,1154627,1,,,1,70,,1154643,1,,,1,30,,1154618,1,,,1,70,,941523,1,,,1,30,,1154634,1,,,1,70,,1062733,1,,,1,30,,1033215,1,0,9 10,1,70,,1086772,1,0,9 10,1,30,,1154620,1,0,9 10,1,70,,1154619,1,0,9 10,1,29,,1078824,15,0,9 10,1,70,,1063244,15,0,9 10,1,30,,1154641,15,0,9 10,1
6101,'7',519,,1154674,15,0,9 10,1,30,,1154660,15,,,1,70,,1154682,15,,,1,30,,1154670,1,,,1,70,,1154675,1,,,1,29,,1154679,1,,,1,70,,1154692,1,,,1,30,,1154667,1,,,1,70,,1154690,1,,,1,29,,1154696,1,,,1,70,,1154680,1,,,1,30,,1154665,1,,,1,70,,1154687,1,,,1,30,,1154657,1,,,1,70,,1154684,1,,,1,30,,1154681,1,,,1,70,,1154663,1,,,1,30,,1154659,1,,,1,70,,1154694,1,,,1,30,,1154685,1,,,1,70,,1154654,1,,,1,30,,1154671,1,,,1,70,,1154693,1,,,1,30,,1154678,1,,,1,70,,1154658,1,,,1,30,,1154691,1,0,9 10,1,70,,1154664,1,,,1,30,,1154656,1,0,9 10,1,70,,1154688,1,,,1,30,,1154672,1,,,1,70,,1154689,1,,,1,30,,1154662,1,,,1,70,,1154668,1,,,1,30,,1154669,1,,,1,70,,1154695,1,,,1,30,,1154673,1,,,1,70,,1154653,1,,,1,30,,1154683,1,0,9 10,1,70,,1154676,1,0,9 10,1,30,,1154686,1,0,9 10,1,70,,1154661,1,0,9 10,1,41,,1154666,1,0,9 10,1,70,,1154655,1,0,9 10,1,30,,1154677,15,0,9 10,1
6101,'8',418,,1154717,15,0,9 10,1,31,,1154708,15,0,9 10,1,71,,1154697,1,,,1,30,,1154702,1,,,1,69,,1154750,1,,,1,27,,1154739,1,,,1,72,,1154705,1,,,1,30,,1154706,1,,,1,70,,1154748,1,,,1,32,,1154701,1,,,1,69,,1154704,1,,,1,31,,1154711,1,,,1,69,,1154747,1,,,1,30,,1154716,1,,,1,70,,1154752,1,,,1,30,,1154724,1,,,1,70,,1154749,1,,,1,30,,1154751,1,,,1,70,,1154698,1,,,1,16,,1154720,1,0,9 10,1,13,,1154699,1,,,1,56,,1154729,1,0,9 10,1,15,,1154727,1,,,1,15,,1154744,1,0,9 10,1,15,,1154731,1,,,1,55,,1154742,1,0,9 10,1,13,,1154719,1,,,1,17,,1154740,1,0,9 10,1,15,,1154730,1,,,1,54,,1154725,1,0,9 10,1,16,,1154733,1,,,1,14,,1154726,1,0,9 10,1,16,,1154734,1,,,1,55,,1154707,1,0,9 10,1,15,,1154710,1,,,1,16,,1154736,1,,,1,16,,1154723,1,,,1,54,,1154732,1,,,1,16,,1154715,1,,,1,28,,1154722,1,,,1,70,,1154743,1,,,1,30,,1154718,1,,,1,70,,1154738,1,,,1,30,,1154721,1,,,1,70,,1154737,1,,,1,30,,1154712,1,,,1,70,,1154746,1,,,1,30,,1154728,1,,,1,70,,1154745,1,,,1,30,,1154741,1,0,9 10,1,70,,1154709,1,0,9 10,1,30,,1154714,1,0,9 10,1,70,,1154713,1,0,9 10,1,29,,1154703,15,0,9 10,1,70,,1154700,15,0,9 10,1,30,,1154735,15,0,9 10,1
6101,'9',418,,1092678,15,0,9 10,1,31,,1154763,15,0,9 10,1,71,,1154775,1,,,1,30,,1154778,1,,,1,69,,1154754,1,,,1,27,,1154800,1,,,1,72,,1154787,1,,,1,30,,935851,1,,,1,70,,1154759,1,,,1,32,,1154758,1,,,1,69,,1154782,1,,,1,31,,1065666,1,,,1,69,,1154773,1,,,1,30,,1154798,1,,,1,70,,1006420,1,,,1,30,,1083429,1,,,1,70,,1154757,1,,,1,30,,1154789,1,,,1,70,,1154783,1,,,1,16,,1154766,1,0,9 10,1,13,,972905,1,,,1,56,,1154762,1,0,9 10,1,15,,1154756,1,,,1,15,,1154771,1,0,9 10,1,15,,1154767,1,,,1,55,,1154760,1,0,9 10,1,13,,1154768,1,,,1,17,,1154799,1,0,9 10,1,15,,1154786,1,,,1,54,,1154761,1,0,9 10,1,16,,1154780,1,,,1,14,,1154772,1,0,9 10,1,16,,1154788,1,,,1,55,,1154796,1,0,9 10,1,15,,1154764,1,,,1,16,,1154765,1,,,1,16,,1154781,1,,,1,54,,1087863,1,,,1,16,,1154784,1,,,1,28,,1154777,1,,,1,70,,1154770,1,,,1,30,,1154769,1,,,1,70,,1154797,1,,,1,30,,1154779,1,,,1,70,,1154794,1,,,1,30,,1154792,1,,,1,70,,1154791,1,,,1,30,,1154793,1,,,1,70,,1154795,1,,,1,30,,1154790,1,0,9 10,1,70,,1154753,1,0,9 10,1,30,,1076160,1,0,9 10,1,70,,1154776,1,0,9 10,1,29,,1154774,15,0,9 10,1,70,,1154785,15,0,9 10,1,30,,1154755,15,0,9 10,1
6200,'1',744,,1154806,49,4,,1,77,,1154830,49,4,,1,30,,1154831,49,4,,1,70,,1154823,49,4,,1,24,,1154824,49,4,,1,70,,1154815,49,4,,1,26,,1154818,49,4,,1,70,,1154809,49,4,,1,33,,942785,49,4,,1,70,,1154807,49,4,,1,30,,1154802,49,4,,1,64,,1154810,48,4,,1,35,,1154819,48,4,,1,70,,1154812,48,4,,1,30,,1154826,48,4,,1,71,,1154820,48,4,,1,32,,1154803,48,4,,1,73,,1154816,48,4,,1,30,,1154801,48,4,,1,75,,1154821,48,4,,1,33,,1154808,48,4,,1,70,,1154811,48,4,,1,24,,1067388,48,4,,1,70,,1154817,48,4,,1,21,,1154804,48,4,,1,68,,1081684,48,4,,1,30,,1154827,48,4,,1,72,,1154814,49,4,,1,30,,1064689,49,4,,1,70,,1154813,49,4,,1,29,,1094132,49,4,,1,70,,1154828,49,4,,1,30,,1154822,49,4,,1,66,,1154805,49,4,,1,31,,1154825,49,4,,1,67,,1154829,49,4,,1
6200,'10',744,,1154837,49,4,,1,77,,1154861,49,4,,1,30,,1154862,49,4,,1,70,,1154854,49,4,,1,24,,1154855,49,4,,1,70,,1154846,49,4,,1,26,,1154849,49,4,,1,70,,1154840,49,4,,1,33,,942422,49,4,,1,70,,1154838,49,4,,1,30,,1154833,49,4,,1,64,,1154841,48,4,,1,35,,1154850,48,4,,1,70,,1154843,48,4,,1,30,,1154857,48,4,,1,71,,1154851,48,4,,1,32,,1154834,48,4,,1,73,,1154847,48,4,,1,30,,1154832,48,4,,1,75,,1154852,48,4,,1,33,,1154839,48,4,,1,70,,1154842,48,4,,1,24,,1067096,48,4,,1,70,,1154848,48,4,,1,21,,1154835,48,4,,1,68,,1081492,48,4,,1,30,,1154858,48,4,,1,72,,1154845,49,4,,1,30,,1064540,49,4,,1,70,,1154844,49,4,,1,29,,1093912,49,4,,1,70,,1154859,49,4,,1,30,,1154853,49,4,,1,66,,1154836,49,4,,1,31,,1154856,49,4,,1,67,,1154860,49,4,,1
6200,'11',744,,1154868,49,4,,1,77,,1154892,49,4,,1,30,,1154893,49,4,,1,70,,1154885,49,4,,1,24,,1154886,49,4,,1,70,,1154877,49,4,,1,26,,1154880,49,4,,1,70,,1154871,49,4,,1,33,,942729,49,4,,1,70,,1154869,49,4,,1,30,,1154864,49,4,,1,64,,1154872,48,4,,1,35,,1154881,48,4,,1,70,,1154874,48,4,,1,30,,1154888,48,4,,1,71,,1154882,48,4,,1,32,,1154865,48,4,,1,73,,1154878,48,4,,1,30,,1154863,48,4,,1,75,,1154883,48,4,,1,33,,1154870,48,4,,1,70,,1154873,48,4,,1,24,,1067470,48,4,,1,70,,1154879,48,4,,1,21,,1154866,48,4,,1,68,,1081741,48,4,,1,30,,1154889,48,4,,1,72,,1154876,49,4,,1,30,,1064736,49,4,,1,70,,1154875,49,4,,1,29,,1094195,49,4,,1,70,,1154890,49,4,,1,30,,1154884,49,4,,1,66,,1154867,49,4,,1,31,,1154887,49,4,,1,67,,1154891,49,4,,1
6200,'12',744,,1154920,49,4,,1,77,,1154895,49,4,,1,30,,1063545,49,4,,1,70,,1154924,49,4,,1,24,,1154910,49,4,,1,70,,1154917,49,4,,1,26,,1154898,49,4,,1,70,,1154916,49,4,,1,33,,1154909,49,4,,1,70,,1154900,49,4,,1,30,,1154899,49,4,,1,64,,1154896,48,4,,1,35,,950031,48,4,,1,70,,1154919,48,4,,1,30,,1154923,48,4,,1,71,,1154905,48,4,,1,32,,1154902,48,4,,1,73,,1154915,48,4,,1,30,,1154911,48,4,,1,75,,1024617,48,4,,1,33,,1154894,48,4,,1,70,,1154908,48,4,,1,24,,1154921,48,4,,1,70,,1154914,48,4,,1,21,,1062042,48,4,,1,68,,1154906,48,4,,1,30,,1154904,48,4,,1,72,,1154918,49,4,,1,30,,1154901,49,4,,1,70,,1154903,49,4,,1,29,,1154925,49,4,,1,70,,1154913,49,4,,1,30,,1154912,49,4,,1,66,,1154922,49,4,,1,31,,1154897,49,4,,1,67,,1154907,49,4,,1
6200,'13',816,,1154945,52,4,,1,30,,1089104,52,4,,1,73,,1154949,52,4,,1,30,,1154955,52,4,,1,70,,1154931,52,4,,1,30,,1154943,52,4,,1,70,,1154953,52,4,,1,30,,1154937,52,4,,1,70,,1154939,52,4,,1,30,,1154948,52,4,,1,71,,1154930,52,4,,1,30,,1154934,52,4,,1,70,,1154933,52,4,,1,30,,1077218,52,4,,1,70,,1154942,52,4,,1,30,,1154927,52,4,,1,70,,1154941,52,4,,1,30,,1154950,52,4,,1,70,,1154928,52,4,,1,30,,1154936,52,4,,1,70,,1154940,52,4,,1,30,,1154932,52,4,,1,68,,1154944,52,4,,1,30,,1154947,52,4,,1,70,,1154946,52,4,,1,30,,1154951,52,4,,1,70,,1154929,52,4,,1,30,,1154938,52,4,,1,67,,1154954,52,4,,1,30,,1154926,52,4,,1,70,,1154935,52,4,,1,30,,1154952,52,4,,1
6200,'14',744,,1154963,49,4,,1,77,,1154989,49,4,,1,30,,1154991,49,4,,1,70,,1154982,49,4,,1,24,,1154983,49,4,,1,70,,1154973,49,4,,1,26,,1154976,49,4,,1,70,,1154966,49,4,,1,33,,1154979,49,4,,1,70,,1154964,49,4,,1,30,,1154959,49,4,,1,64,,1154967,48,4,,1,35,,1154977,48,4,,1,70,,1154969,48,4,,1,30,,1154985,48,4,,1,71,,1154978,48,4,,1,32,,1154960,48,4,,1,73,,1154974,48,4,,1,30,,1154956,48,4,,1,75,,1154980,48,4,,1,33,,1154965,48,4,,1,70,,1154968,48,4,,1,24,,1154958,48,4,,1,70,,1154975,48,4,,1,21,,1154961,48,4,,1,68,,1154990,48,4,,1,30,,1154986,48,4,,1,72,,1154971,49,4,,1,30,,1154972,49,4,,1,70,,1154970,49,4,,1,29,,1154957,49,4,,1,70,,1154987,49,4,,1,30,,1154981,49,4,,1,66,,1154962,49,4,,1,31,,1154984,49,4,,1,67,,1154988,49,4,,1
6200,'15',744,,1155015,49,4,,1,77,,1155001,49,4,,1,30,,1155014,49,4,,1,70,,1155006,49,4,,1,24,,1155007,49,4,,1,70,,1155026,49,4,,1,26,,1154997,49,4,,1,70,,1155021,49,4,,1,33,,1154999,49,4,,1,70,,1155009,49,4,,1,30,,1155008,49,4,,1,64,,1154994,48,4,,1,35,,1155024,48,4,,1,70,,1155017,48,4,,1,30,,1155027,48,4,,1,71,,1154996,48,4,,1,32,,1154992,48,4,,1,73,,1155025,48,4,,1,30,,1155016,48,4,,1,75,,1155005,48,4,,1,33,,1154995,48,4,,1,70,,1155012,48,4,,1,24,,1155023,48,4,,1,70,,1155022,48,4,,1,21,,1154993,48,4,,1,68,,1155019,48,4,,1,30,,1155003,48,4,,1,72,,1155002,49,4,,1,30,,1154998,49,4,,1,70,,1155018,49,4,,1,29,,1155000,49,4,,1,70,,1155010,49,4,,1,30,,1155011,49,4,,1,66,,1155013,49,4,,1,31,,1155020,49,4,,1,67,,1155004,49,4,,1
6200,'16',744,,1155055,49,4,,1,77,,1155029,49,4,,1,30,,1155058,49,4,,1,70,,1155059,49,4,,1,24,,1155045,49,4,,1,70,,1155052,49,4,,1,26,,1155034,49,4,,1,70,,1155051,49,4,,1,33,,1155044,49,4,,1,70,,1155036,49,4,,1,30,,1155035,49,4,,1,64,,1155032,48,4,,1,35,,1155060,48,4,,1,70,,1155054,48,4,,1,30,,1070984,48,4,,1,71,,1155041,48,4,,1,32,,1155038,48,4,,1,73,,1155050,48,4,,1,30,,1155046,48,4,,1,75,,1155031,48,4,,1,33,,1155028,48,4,,1,70,,1155043,48,4,,1,24,,1155056,48,4,,1,70,,1155049,48,4,,1,21,,1155030,48,4,,1,68,,1062168,48,4,,1,30,,1155040,48,4,,1,72,,1155053,49,4,,1,30,,1155037,49,4,,1,70,,1155039,49,4,,1,29,,1077993,49,4,,1,70,,1155048,49,4,,1,30,,1155047,49,4,,1,66,,1155057,49,4,,1,31,,1155033,49,4,,1,67,,1155042,49,4,,1
6200,'17',816,,1155082,52,4,,1,30,,1155069,52,4,,1,73,,1155086,52,4,,1,30,,1155092,52,4,,1,70,,1155067,52,4,,1,30,,1155080,52,4,,1,70,,1155090,52,4,,1,30,,1155074,52,4,,1,70,,1155076,52,4,,1,30,,1155085,52,4,,1,71,,1155065,52,4,,1,30,,1155071,52,4,,1,70,,1155070,52,4,,1,30,,1155066,52,4,,1,70,,1155079,52,4,,1,30,,1155062,52,4,,1,70,,1155078,52,4,,1,30,,1155087,52,4,,1,70,,1155063,52,4,,1,30,,1155073,52,4,,1,70,,1155077,52,4,,1,30,,1155068,52,4,,1,68,,1155081,52,4,,1,30,,1155084,52,4,,1,70,,1155083,52,4,,1,30,,1155088,52,4,,1,70,,1155064,52,4,,1,30,,1155075,52,4,,1,67,,1155091,52,4,,1,30,,1155061,52,4,,1,70,,1155072,52,4,,1,30,,1155089,52,4,,1
6200,'2',721,,1155094,52,4,,1,36,,1155120,52,4,,1,70,,1155119,52,4,,1,30,,1155114,52,4,,1,71,,1155096,52,4,,1,30,,1155108,52,4,,1,71,,1155095,52,4,,1,30,,1155099,52,4,,1,71,,1155097,52,4,,1,70,,1155107,52,4,,1,30,,1155105,52,4,,1,70,,1155115,52,4,,1,32,,1087065,52,4,,1,70,,1155109,52,4,,1,30,,1097267,52,4,,1,70,,1155098,52,4,,1,30,,1155104,52,4,,1,70,,1155118,52,4,,1,30,,1072230,52,4,,1,70,,1155106,52,4,,1,29,,1155093,52,4,,1,70,,1155101,52,4,,1,30,,1155100,52,4,,1,70,,1155116,52,4,,1,27,,1155121,52,4,,1,30,,1155103,52,4,,1,70,,1155113,52,4,,1,30,,1155112,52,4,,1,70,,1155122,52,4,,1,30,,1155111,52,4,,1,67,,1155110,52,4,,1,30,,1155117,52,4,,1,70,,1155102,52,4,,1
6200,'3',816,,1155144,52,4,,1,30,,1155131,52,4,,1,73,,1155148,52,4,,1,30,,1155154,52,4,,1,70,,1155129,52,4,,1,30,,1155142,52,4,,1,70,,1155152,52,4,,1,30,,1155136,52,4,,1,70,,1155138,52,4,,1,30,,1155147,52,4,,1,71,,1155127,52,4,,1,30,,1155133,52,4,,1,70,,1155132,52,4,,1,30,,1155128,52,4,,1,70,,1155141,52,4,,1,30,,1155124,52,4,,1,70,,1155140,52,4,,1,30,,1155149,52,4,,1,70,,1155125,52,4,,1,30,,1155135,52,4,,1,70,,1155139,52,4,,1,30,,1155130,52,4,,1,68,,1155143,52,4,,1,30,,1155146,52,4,,1,70,,1155145,52,4,,1,30,,1155150,52,4,,1,70,,1155126,52,4,,1,30,,1155137,52,4,,1,67,,1155153,52,4,,1,30,,1155123,52,4,,1,70,,1155134,52,4,,1,30,,1155151,52,4,,1
6200,'4',816,,1155179,52,4,,1,30,,1155171,52,4,,1,73,,1155158,52,4,,1,30,,1155159,52,4,,1,70,,1155165,52,4,,1,30,,1155178,52,4,,1,70,,1155167,52,4,,1,30,,1155169,52,4,,1,70,,1155161,52,4,,1,30,,1155174,52,4,,1,71,,1155164,52,4,,1,30,,1155175,52,4,,1,70,,1155168,52,4,,1,30,,1155155,52,4,,1,70,,1155176,52,4,,1,30,,1155162,52,4,,1,70,,1155181,52,4,,1,30,,1155166,52,4,,1,70,,1155183,52,4,,1,30,,1155157,52,4,,1,70,,1155156,52,4,,1,30,,1155177,52,4,,1,68,,1155160,52,4,,1,30,,1048354,52,4,,1,70,,1155185,52,4,,1,30,,1155170,52,4,,1,70,,1155173,52,4,,1,30,,1155163,52,4,,1,67,,1155172,52,4,,1,30,,1155182,52,4,,1,70,,1155180,52,4,,1,30,,1155184,52,4,,1
6200,'5',744,,1155191,49,4,,1,77,,1155215,49,4,,1,30,,1155216,49,4,,1,70,,1155208,49,4,,1,24,,1155209,49,4,,1,70,,1155200,49,4,,1,26,,1155203,49,4,,1,70,,1155194,49,4,,1,33,,942957,49,4,,1,70,,1155192,49,4,,1,30,,1155187,49,4,,1,64,,1155195,48,4,,1,35,,1155204,48,4,,1,70,,1155197,48,4,,1,30,,1155211,48,4,,1,71,,1155205,48,4,,1,32,,1155188,48,4,,1,73,,1155201,48,4,,1,30,,1155186,48,4,,1,75,,1155206,48,4,,1,33,,1155193,48,4,,1,70,,1155196,48,4,,1,24,,1067347,48,4,,1,70,,1155202,48,4,,1,21,,1155189,48,4,,1,68,,1081651,48,4,,1,30,,1155212,48,4,,1,72,,1155199,49,4,,1,30,,1064668,49,4,,1,70,,1155198,49,4,,1,29,,1094093,49,4,,1,70,,1155213,49,4,,1,30,,1155207,49,4,,1,66,,1155190,49,4,,1,31,,1155210,49,4,,1,67,,1155214,49,4,,1
6200,'6',744,,1155241,49,4,,1,77,,1068473,49,4,,1,30,,1155244,49,4,,1,70,,1072693,49,4,,1,24,,1155231,49,4,,1,70,,1155238,49,4,,1,26,,1155220,49,4,,1,70,,1155237,49,4,,1,33,,1155230,49,4,,1,70,,1155222,49,4,,1,30,,1155221,49,4,,1,64,,961127,48,4,,1,35,,1155247,48,4,,1,70,,1155240,48,4,,1,30,,1155245,48,4,,1,71,,1155227,48,4,,1,32,,1155224,48,4,,1,73,,1155236,48,4,,1,30,,1155232,48,4,,1,75,,1155218,48,4,,1,33,,1076386,48,4,,1,70,,1155229,48,4,,1,24,,1155242,48,4,,1,70,,1155235,48,4,,1,21,,1155217,48,4,,1,68,,1155228,48,4,,1,30,,1155226,48,4,,1,72,,1155239,49,4,,1,30,,1155223,49,4,,1,70,,1155225,49,4,,1,29,,1155246,49,4,,1,70,,1155234,49,4,,1,30,,1155233,49,4,,1,66,,1155243,49,4,,1,31,,1155219,49,4,,1,67,,1101239,49,4,,1
6200,'7',721,,1155254,52,4,,1,36,,1155265,52,4,,1,70,,1155264,52,4,,1,30,,1155266,52,4,,1,71,,1155248,52,4,,1,30,,1155258,52,4,,1,71,,1155257,52,4,,1,30,,1155267,52,4,,1,71,,1155252,52,4,,1,70,,1155274,52,4,,1,30,,1155270,52,4,,1,70,,1155256,52,4,,1,32,,1155272,52,4,,1,70,,1155277,52,4,,1,30,,1155262,52,4,,1,70,,1155279,52,4,,1,30,,1155259,52,4,,1,70,,1155249,52,4,,1,30,,1155250,52,4,,1,70,,1155268,52,4,,1,29,,1155280,52,4,,1,70,,1155255,52,4,,1,30,,1155273,52,4,,1,70,,1155251,52,4,,1,27,,1155278,52,4,,1,30,,1155263,52,4,,1,70,,1155276,52,4,,1,30,,1155261,52,4,,1,70,,1155275,52,4,,1,30,,1155260,52,4,,1,67,,1155269,52,4,,1,30,,1155271,52,4,,1,70,,1155253,52,4,,1
6200,'8',744,,1155309,49,4,,1,77,,1155282,49,4,,1,30,,1155312,49,4,,1,70,,1155314,49,4,,1,24,,1155299,49,4,,1,70,,1155306,49,4,,1,26,,1155287,49,4,,1,70,,1155305,49,4,,1,33,,1155298,49,4,,1,70,,1155289,49,4,,1,30,,1155288,49,4,,1,64,,1155285,48,4,,1,35,,1155316,48,4,,1,70,,1155308,48,4,,1,30,,1155313,48,4,,1,71,,1155294,48,4,,1,32,,1155291,48,4,,1,73,,1155304,48,4,,1,30,,1155300,48,4,,1,75,,1155284,48,4,,1,33,,1155281,48,4,,1,70,,1155297,48,4,,1,24,,1155310,48,4,,1,70,,1155303,48,4,,1,21,,1155283,48,4,,1,68,,1155295,48,4,,1,30,,1155293,48,4,,1,72,,1155307,49,4,,1,30,,1155290,49,4,,1,70,,1155292,49,4,,1,29,,1155315,49,4,,1,70,,1155302,49,4,,1,30,,1155301,49,4,,1,66,,1155311,49,4,,1,31,,1155286,49,4,,1,67,,1155296,49,4,,1
6200,'9',744,,1155322,49,4,,1,77,,1155346,49,4,,1,30,,1155347,49,4,,1,70,,1155339,49,4,,1,24,,1155340,49,4,,1,70,,1155331,49,4,,1,26,,1155334,49,4,,1,70,,1155325,49,4,,1,33,,942901,49,4,,1,70,,1155323,49,4,,1,30,,1155318,49,4,,1,64,,1155326,48,4,,1,35,,1155335,48,4,,1,70,,1155328,48,4,,1,30,,1155342,48,4,,1,71,,1155336,48,4,,1,32,,1155319,48,4,,1,73,,1155332,48,4,,1,30,,1155317,48,4,,1,75,,1155337,48,4,,1,33,,1155324,48,4,,1,70,,1155327,48,4,,1,24,,1067188,48,4,,1,70,,1155333,48,4,,1,21,,1155320,48,4,,1,68,,1081549,48,4,,1,30,,1155343,48,4,,1,72,,1155330,49,4,,1,30,,1064587,49,4,,1,70,,1155329,49,4,,1,29,,1093982,49,4,,1,70,,1155344,49,4,,1,30,,1155338,49,4,,1,66,,1155321,49,4,,1,31,,1155341,49,4,,1,67,,1155345,49,4,,1
6201,'1',524,,1155363,1,,,1,28,,1155371,1,,,1,74,,1155364,1,,,1,30,,938243,1,,,1,70,,1155358,1,,,1,32,,1155350,1,,,1,68,,1155356,1,,,1,30,,1155359,1,,,1,70,,1155366,1,,,1,30,,1155353,1,,,1,70,,1155373,1,,,1,30,,1155377,1,,,1,65,,1155375,1,,,1,30,,1155374,1,,,1,70,,1074978,1,,,1,30,,1155379,1,,,1,70,,1155368,1,,,1,30,,1155376,1,,,1,70,,1155378,1,,,1,28,,1155365,1,,,1,70,,1155370,1,,,1,31,,1155352,1,,,1,69,,1064916,1,,,1,30,,944323,1,,,1,70,,1090886,1,,,1,30,,1155372,1,,,1,70,,1155369,1,,,1,30,,1155349,1,,,1,76,,1155348,1,,,1,30,,1155361,1,,,1,70,,1155351,1,,,1,30,,1155357,1,,,1,70,,962785,1,,,1,30,,1155355,1,,,1,68,,1155354,1,,,1,32,,1155367,1,,,1,70,,1155362,1,,,1,75,,1155360,1,,,1
6201,'10',524,,1155395,1,,,1,28,,1155403,1,,,1,74,,1155396,1,,,1,30,,937875,1,,,1,70,,1155390,1,,,1,32,,1155382,1,,,1,68,,1155388,1,,,1,30,,1155391,1,,,1,70,,1155398,1,,,1,30,,1155385,1,,,1,70,,1155405,1,,,1,30,,1155409,1,,,1,65,,1155407,1,,,1,30,,1155406,1,,,1,70,,1074606,1,,,1,30,,1155411,1,,,1,70,,1155400,1,,,1,30,,1155408,1,,,1,70,,1155410,1,,,1,28,,1155397,1,,,1,70,,1155402,1,,,1,31,,1155384,1,,,1,69,,1064781,1,,,1,30,,944058,1,,,1,70,,1090645,1,,,1,30,,1155404,1,,,1,70,,1155401,1,,,1,30,,1155381,1,,,1,76,,1155380,1,,,1,30,,1155393,1,,,1,70,,1155383,1,,,1,30,,1155389,1,,,1,70,,962549,1,,,1,30,,1155387,1,,,1,68,,1155386,1,,,1,32,,1155399,1,,,1,70,,1155394,1,,,1,75,,1155392,1,,,1
6201,'11',524,,1155427,1,,,1,28,,1155435,1,,,1,74,,1155428,1,,,1,30,,938197,1,,,1,70,,1155422,1,,,1,32,,1155414,1,,,1,68,,1155420,1,,,1,30,,1155423,1,,,1,70,,1155430,1,,,1,30,,1155417,1,,,1,70,,1155437,1,,,1,30,,1155441,1,,,1,65,,1155439,1,,,1,30,,1155438,1,,,1,70,,1075084,1,,,1,30,,1155443,1,,,1,70,,1155432,1,,,1,30,,1155440,1,,,1,70,,1155442,1,,,1,28,,1155429,1,,,1,70,,1155434,1,,,1,31,,1155416,1,,,1,69,,1064961,1,,,1,30,,944275,1,,,1,70,,1090957,1,,,1,30,,1155436,1,,,1,70,,1155433,1,,,1,30,,1155413,1,,,1,76,,1155412,1,,,1,30,,1155425,1,,,1,70,,1155415,1,,,1,30,,1155421,1,,,1,70,,962743,1,,,1,30,,1155419,1,,,1,68,,1155418,1,,,1,32,,1155431,1,,,1,70,,1155426,1,,,1,75,,1155424,1,,,1
6201,'12',524,,1155463,1,,,1,28,,1155458,1,,,1,74,,1155452,1,,,1,30,,1155456,1,,,1,70,,1155450,1,,,1,32,,1155448,1,,,1,68,,1155462,1,,,1,30,,1155465,1,,,1,70,,1155472,1,,,1,30,,1155445,1,,,1,70,,1155453,1,,,1,30,,1155469,1,,,1,65,,1155457,1,,,1,30,,1155471,1,,,1,70,,1155474,1,,,1,30,,1155473,1,,,1,70,,1084985,1,,,1,30,,1155444,1,,,1,70,,1155446,1,,,1,28,,1155447,1,,,1,70,,1155467,1,,,1,31,,1155459,1,,,1,69,,1155455,1,,,1,30,,1016321,1,,,1,70,,997690,1,,,1,30,,1155476,1,,,1,70,,1155475,1,,,1,30,,1155470,1,,,1,76,,1155466,1,,,1,30,,1155449,1,,,1,70,,1072315,1,,,1,30,,1155461,1,,,1,70,,1155460,1,,,1,30,,1155468,1,,,1,68,,1155454,1,,,1,32,,1155451,1,,,1,70,,1073800,1,,,1,75,,1155464,1,,,1
6201,'13',747,,1155480,1,,,1,70,,1155479,1,,,1,30,,1155494,1,,,1,70,,1155498,1,,,1,30,,1155504,1,,,1,70,,1083097,1,,,1,30,,1155500,1,,,1,70,,1155497,1,,,1,30,,1155492,1,,,1,70,,1155505,1,,,1,30,,1155489,1,,,1,70,,1155502,1,,,1,30,,1155484,1,,,1,70,,1155486,1,,,1,30,,1155485,1,,,1,70,,1155503,1,,,1,30,,1155488,1,,,1,70,,1155496,1,,,1,30,,1155501,1,,,1,70,,1155495,1,,,1,30,,1155490,1,,,1,70,,1155499,1,,,1,30,,1155493,1,,,1,70,,1155491,1,,,1,30,,1155487,1,,,1,70,,1155483,1,,,1,30,,1155481,1,,,1,70,,1155482,1,,,1,30,,1155477,1,,,1,70,,1155478,1,,,1
6201,'14',524,,1155522,1,,,1,28,,1155530,1,,,1,74,,1155523,1,,,1,30,,1155543,1,,,1,70,,1155517,1,,,1,32,,1155509,1,,,1,68,,1155515,1,,,1,30,,1155518,1,,,1,70,,1155525,1,,,1,30,,1155512,1,,,1,70,,1155532,1,,,1,30,,1155536,1,,,1,65,,1155534,1,,,1,30,,1155533,1,,,1,70,,1155506,1,,,1,30,,1155542,1,,,1,70,,1155527,1,,,1,30,,1155535,1,,,1,70,,1155540,1,,,1,28,,1155524,1,,,1,70,,1155529,1,,,1,31,,1155511,1,,,1,69,,1155539,1,,,1,30,,1155537,1,,,1,70,,1155541,1,,,1,30,,1155531,1,,,1,70,,1155528,1,,,1,30,,1155508,1,,,1,76,,1155507,1,,,1,30,,1155520,1,,,1,70,,1155510,1,,,1,30,,1155516,1,,,1,70,,1155538,1,,,1,30,,1155514,1,,,1,68,,1155513,1,,,1,32,,1155526,1,,,1,70,,1155521,1,,,1,75,,1155519,1,,,1
6201,'15',524,,1155554,1,,,1,28,,1155577,1,,,1,74,,1155560,1,,,1,30,,1155544,1,,,1,70,,1155561,1,,,1,32,,1155555,1,,,1,68,,1155567,1,,,1,30,,1155548,1,,,1,70,,1155565,1,,,1,30,,1155557,1,,,1,70,,1155574,1,,,1,30,,1155558,1,,,1,65,,1155552,1,,,1,30,,1155569,1,,,1,70,,1155559,1,,,1,30,,1155547,1,,,1,70,,1155553,1,,,1,30,,1155568,1,,,1,70,,1155550,1,,,1,28,,1155549,1,,,1,70,,1155579,1,,,1,31,,1155571,1,,,1,69,,1155578,1,,,1,30,,1155556,1,,,1,70,,1155580,1,,,1,30,,1155576,1,,,1,70,,1155546,1,,,1,30,,1155563,1,,,1,76,,1155575,1,,,1,30,,1155572,1,,,1,70,,1155566,1,,,1,30,,1155581,1,,,1,70,,1155564,1,,,1,30,,1155562,1,,,1,68,,1155545,1,,,1,32,,1155573,1,,,1,70,,1155570,1,,,1,75,,1155551,1,,,1
6201,'16',524,,1155601,1,,,1,28,,1155596,1,,,1,74,,1155590,1,,,1,30,,1155594,1,,,1,70,,1085626,1,,,1,32,,1155588,1,,,1,68,,1155600,1,,,1,30,,1070339,1,,,1,70,,1155608,1,,,1,30,,953204,1,,,1,70,,1155591,1,,,1,30,,1155605,1,,,1,65,,1155595,1,,,1,30,,1155607,1,,,1,70,,1155610,1,,,1,30,,1155609,1,,,1,70,,1155582,1,,,1,30,,1155583,1,,,1,70,,1155584,1,,,1,28,,1155587,1,,,1,70,,1155604,1,,,1,31,,1155597,1,,,1,69,,1155593,1,,,1,30,,1155613,1,,,1,70,,1155586,1,,,1,30,,1155611,1,,,1,70,,1061785,1,,,1,30,,1155606,1,,,1,76,,1155603,1,,,1,30,,1155589,1,,,1,70,,1155612,1,,,1,30,,1155599,1,,,1,70,,1155598,1,,,1,30,,1066191,1,,,1,68,,1155592,1,,,1,32,,1061776,1,,,1,70,,1155585,1,,,1,75,,1155602,1,,,1
6201,'17',747,,1155617,1,,,1,70,,1155616,1,,,1,30,,1155631,1,,,1,70,,1155635,1,,,1,30,,1155641,1,,,1,70,,1155643,1,,,1,30,,1155637,1,,,1,70,,1155634,1,,,1,30,,1155629,1,,,1,70,,1155642,1,,,1,30,,1155626,1,,,1,70,,1155639,1,,,1,30,,1155621,1,,,1,70,,1155623,1,,,1,30,,1155622,1,,,1,70,,1155640,1,,,1,30,,1155625,1,,,1,70,,1155633,1,,,1,30,,1155638,1,,,1,70,,1155632,1,,,1,30,,1155627,1,,,1,70,,1155636,1,,,1,30,,1155630,1,,,1,70,,1155628,1,,,1,30,,1155624,1,,,1,70,,1155620,1,,,1,30,,1155618,1,,,1,70,,1155619,1,,,1,30,,1155614,1,,,1,70,,1155615,1,,,1
6201,'2',704,,1155658,1,,,1,30,,1155645,1,,,1,69,,1155672,1,,,1,30,,1155660,1,,,1,70,,1068163,1,,,1,30,,1155664,1,,,1,69,,1155670,1,,,1,30,,1155651,1,,,1,70,,1008920,1,,,1,30,,1155644,1,,,1,70,,1155666,1,,,1,30,,1155659,1,,,1,70,,1155673,1,,,1,30,,1155661,1,,,1,70,,1155654,1,,,1,30,,1155650,1,,,1,70,,1155669,1,,,1,30,,1155648,1,,,1,70,,1155655,1,,,1,30,,1155662,1,,,1,70,,1155652,1,,,1,30,,1155665,1,,,1,70,,1155671,1,,,1,30,,1155653,1,,,1,70,,1155663,1,,,1,30,,1155668,1,,,1,70,,1155667,1,,,1,30,,1155657,1,,,1,70,,1155647,1,,,1,30,,1155646,1,,,1,70,,1155649,1,,,1,30,,1155656,1,,,1
6201,'3',747,,1155677,1,,,1,70,,1155676,1,,,1,30,,1155691,1,,,1,70,,1155695,1,,,1,30,,1155701,1,,,1,70,,1155703,1,,,1,30,,1155697,1,,,1,70,,1155694,1,,,1,30,,1155689,1,,,1,70,,1155702,1,,,1,30,,1155686,1,,,1,70,,1155699,1,,,1,30,,1155681,1,,,1,70,,1155683,1,,,1,30,,1155682,1,,,1,70,,1155700,1,,,1,30,,1155685,1,,,1,70,,1155693,1,,,1,30,,1155698,1,,,1,70,,1155692,1,,,1,30,,1155687,1,,,1,70,,1155696,1,,,1,30,,1155690,1,,,1,70,,1155688,1,,,1,30,,1155684,1,,,1,70,,1155680,1,,,1,30,,1155678,1,,,1,70,,1155679,1,,,1,30,,1155674,1,,,1,70,,1155675,1,,,1
6201,'4',747,,1155709,1,,,1,70,,1155730,1,,,1,30,,1155715,1,,,1,70,,1155717,1,,,1,30,,1090786,1,,,1,70,,1155704,1,,,1,30,,1155713,1,,,1,70,,1155728,1,,,1,30,,1155718,1,,,1,70,,1155731,1,,,1,30,,1155714,1,,,1,70,,1155727,1,,,1,30,,1155724,1,,,1,70,,1155725,1,,,1,30,,1155710,1,,,1,70,,1155719,1,,,1,30,,1155716,1,,,1,70,,1155706,1,,,1,30,,1155720,1,,,1,70,,1155722,1,,,1,30,,1155708,1,,,1,70,,1155721,1,,,1,30,,1155726,1,,,1,70,,858542,1,,,1,30,,1155712,1,,,1,70,,1155711,1,,,1,30,,1155707,1,,,1,70,,1155705,1,,,1,30,,1155729,1,,,1,70,,1155723,1,,,1
6201,'5',524,,1155747,1,,,1,28,,1155755,1,,,1,74,,1155748,1,,,1,30,,938399,1,,,1,70,,1155742,1,,,1,32,,1155734,1,,,1,68,,1155740,1,,,1,30,,1155743,1,,,1,70,,1155750,1,,,1,30,,1155737,1,,,1,70,,1155757,1,,,1,30,,1155761,1,,,1,65,,1155759,1,,,1,30,,1155758,1,,,1,70,,1074926,1,,,1,30,,1155763,1,,,1,70,,1155752,1,,,1,30,,1155760,1,,,1,70,,1155762,1,,,1,28,,1155749,1,,,1,70,,1155754,1,,,1,31,,1155736,1,,,1,69,,1064897,1,,,1,30,,944470,1,,,1,70,,1090852,1,,,1,30,,1155756,1,,,1,70,,1155753,1,,,1,30,,1155733,1,,,1,76,,1155732,1,,,1,30,,1155745,1,,,1,70,,1155735,1,,,1,30,,1155741,1,,,1,70,,962911,1,,,1,30,,1155739,1,,,1,68,,1155738,1,,,1,32,,1155751,1,,,1,70,,1155746,1,,,1,75,,1155744,1,,,1
6201,'6',524,,1155782,1,,,1,28,,1155777,1,,,1,74,,1155772,1,,,1,30,,1155775,1,,,1,70,,1155770,1,,,1,32,,1065204,1,,,1,68,,1155781,1,,,1,30,,1155784,1,,,1,70,,1155791,1,,,1,30,,1155766,1,,,1,70,,1155773,1,,,1,30,,1155788,1,,,1,65,,1155776,1,,,1,30,,1155790,1,,,1,70,,1155793,1,,,1,30,,1155792,1,,,1,70,,1155764,1,,,1,30,,1155765,1,,,1,70,,1066623,1,,,1,28,,1094238,1,,,1,70,,1155786,1,,,1,31,,1155778,1,,,1,69,,1155774,1,,,1,30,,1155796,1,,,1,70,,1155768,1,,,1,30,,1055289,1,,,1,70,,1155794,1,,,1,30,,1155789,1,,,1,76,,1155785,1,,,1,30,,1155769,1,,,1,70,,1155795,1,,,1,30,,1155780,1,,,1,70,,1155779,1,,,1,30,,1155787,1,,,1,68,,1049603,1,,,1,32,,1155771,1,,,1,70,,1155767,1,,,1,75,,1155783,1,,,1
6201,'7',704,,1155809,1,,,1,30,,1155802,1,,,1,69,,1155827,1,,,1,30,,1155818,1,,,1,70,,1155806,1,,,1,30,,1155817,1,,,1,69,,1155824,1,,,1,30,,1155803,1,,,1,70,,1155805,1,,,1,30,,1155825,1,,,1,70,,1155812,1,,,1,30,,1155826,1,,,1,70,,1155819,1,,,1,30,,1155801,1,,,1,70,,1155814,1,,,1,30,,1155800,1,,,1,70,,1155822,1,,,1,30,,1155815,1,,,1,70,,1155828,1,,,1,30,,1155820,1,,,1,70,,1155798,1,,,1,30,,1155804,1,,,1,70,,1155813,1,,,1,30,,1155808,1,,,1,70,,1155823,1,,,1,30,,1155816,1,,,1,70,,1155807,1,,,1,30,,1155821,1,,,1,70,,1155799,1,,,1,30,,1155811,1,,,1,70,,1155797,1,,,1,30,,1155810,1,,,1
6201,'8',524,,1155851,1,,,1,28,,1155846,1,,,1,74,,1155840,1,,,1,30,,1155844,1,,,1,70,,1155838,1,,,1,32,,1155836,1,,,1,68,,1155850,1,,,1,30,,1155853,1,,,1,70,,1155860,1,,,1,30,,1155831,1,,,1,70,,1155841,1,,,1,30,,1155857,1,,,1,65,,1155845,1,,,1,30,,1155859,1,,,1,70,,1155862,1,,,1,30,,1155861,1,,,1,70,,1155829,1,,,1,30,,1155830,1,,,1,70,,1155832,1,,,1,28,,1155835,1,,,1,70,,1155855,1,,,1,31,,1155847,1,,,1,69,,1155843,1,,,1,30,,1155866,1,,,1,70,,1155834,1,,,1,30,,1155864,1,,,1,70,,1155863,1,,,1,30,,1155858,1,,,1,76,,1155854,1,,,1,30,,1155837,1,,,1,70,,1155865,1,,,1,30,,1155849,1,,,1,70,,1155848,1,,,1,30,,1155856,1,,,1,68,,1155842,1,,,1,32,,1155839,1,,,1,70,,1155833,1,,,1,75,,1155852,1,,,1
6201,'9',524,,1155882,1,,,1,28,,1155890,1,,,1,74,,1155883,1,,,1,30,,938353,1,,,1,70,,1155877,1,,,1,32,,1155869,1,,,1,68,,1155875,1,,,1,30,,1155878,1,,,1,70,,1155885,1,,,1,30,,1155872,1,,,1,70,,1155892,1,,,1,30,,1155896,1,,,1,65,,1155894,1,,,1,30,,1155893,1,,,1,70,,1074720,1,,,1,30,,1155898,1,,,1,70,,1155887,1,,,1,30,,1155895,1,,,1,70,,1155897,1,,,1,28,,1155884,1,,,1,70,,1155889,1,,,1,31,,1155871,1,,,1,69,,1064823,1,,,1,30,,944422,1,,,1,70,,1090717,1,,,1,30,,1155891,1,,,1,70,,1155888,1,,,1,30,,1155868,1,,,1,76,,1155867,1,,,1,30,,1155880,1,,,1,70,,1155870,1,,,1,30,,1155876,1,,,1,70,,962869,1,,,1,30,,1155874,1,,,1,68,,1155873,1,,,1,32,,1155886,1,,,1,70,,1155881,1,,,1,75,,1155879,1,,,1
6300,'1',457,,1155902,1,,,1,74,,1155919,1,,,1,70,,1155924,1,,,1,5,,1155932,1,,,1,10,,1067625,1,,,1,14,,1155907,1,,,1,8,,1155906,1,,,1,8,,1155929,1,,,1,55,,1077501,1,,,1,15,,1099319,1,,,1,15,,1155909,1,,,1,15,,1155899,1,,,1,54,,1068367,1,,,1,18,,1155910,1,,,1,28,,1155923,1,,,1,70,,1084462,1,,,1,30,,1062596,1,,,1,72,,1155926,1,,,1,29,,1001300,1,,,1,69,,1090003,1,,,1,30,,990970,1,,,1,70,,1155931,1,,,1,30,,1155908,1,,,1,70,,1155901,1,,,1,30,,934960,1,,,1,70,,1155914,1,,,1,30,,1155900,1,,,1,55,,1155921,1,,,1,15,,1155912,1,,,1,16,,1155918,1,,,1,16,,1155915,1,,,1,54,,1085576,1,,,1,14,,1102341,1,,,1,13,,1155925,1,,,1,16,,1063116,1,,,1,56,,1155927,1,,,1,15,,1155930,1,,,1,15,,1155913,1,,,1,15,,1155911,1,,,1,55,,1155917,1,,,1,32,,1155905,1,,,1,73,,1021184,1,,,1,29,,1064918,1,,,1,67,,1155916,1,,,1,30,,1155928,1,,,1,69,,1155904,1,,,1,30,,1155920,1,,,1,70,,1086059,1,,,1,30,,1155903,1,,,1,70,,1155922,1,,,1,30,,1101188,1,,,1
6300,'10',457,,1155936,1,,,1,74,,1155953,1,,,1,70,,1155958,1,,,1,5,,1155966,1,,,1,10,,1067556,1,,,1,14,,1155941,1,,,1,8,,1155940,1,,,1,8,,1155963,1,,,1,55,,1077388,1,,,1,15,,1099207,1,,,1,15,,1155943,1,,,1,15,,1155933,1,,,1,54,,1068126,1,,,1,18,,1155944,1,,,1,28,,1155957,1,,,1,70,,1084278,1,,,1,30,,1062286,1,,,1,72,,1155960,1,,,1,29,,1001447,1,,,1,69,,1089861,1,,,1,30,,990958,1,,,1,70,,1155965,1,,,1,30,,1155942,1,,,1,70,,1155935,1,,,1,30,,934965,1,,,1,70,,1155948,1,,,1,30,,1155934,1,,,1,55,,1155955,1,,,1,15,,1155946,1,,,1,16,,1155952,1,,,1,16,,1155949,1,,,1,54,,1085319,1,,,1,14,,1102326,1,,,1,13,,1155959,1,,,1,16,,1062774,1,,,1,56,,1155961,1,,,1,15,,1155964,1,,,1,15,,1155947,1,,,1,15,,1155945,1,,,1,55,,1155951,1,,,1,32,,1155939,1,,,1,73,,1021353,1,,,1,29,,1064783,1,,,1,67,,1155950,1,,,1,30,,1155962,1,,,1,69,,1155938,1,,,1,30,,1155954,1,,,1,70,,1085775,1,,,1,30,,1155937,1,,,1,70,,1155956,1,,,1,30,,1101058,1,,,1
6300,'11',457,,1155970,1,,,1,74,,1155987,1,,,1,70,,1155992,1,,,1,5,,1156000,1,,,1,10,,1067648,1,,,1,14,,1155975,1,,,1,8,,1155974,1,,,1,8,,1155997,1,,,1,55,,1077534,1,,,1,15,,1099357,1,,,1,15,,1155977,1,,,1,15,,1155967,1,,,1,54,,1068431,1,,,1,18,,1155978,1,,,1,28,,1155991,1,,,1,70,,1084518,1,,,1,30,,1062674,1,,,1,72,,1155994,1,,,1,29,,1001259,1,,,1,69,,1090046,1,,,1,30,,990967,1,,,1,70,,1155999,1,,,1,30,,1155976,1,,,1,70,,1155969,1,,,1,30,,934955,1,,,1,70,,1155982,1,,,1,30,,1155968,1,,,1,55,,1155989,1,,,1,15,,1155980,1,,,1,16,,1155986,1,,,1,16,,1155983,1,,,1,54,,1085656,1,,,1,14,,1102346,1,,,1,13,,1155993,1,,,1,16,,1063217,1,,,1,56,,1155995,1,,,1,15,,1155998,1,,,1,15,,1155981,1,,,1,15,,1155979,1,,,1,55,,1155985,1,,,1,32,,1155973,1,,,1,73,,1021136,1,,,1,29,,1064963,1,,,1,67,,1155984,1,,,1,30,,1155996,1,,,1,69,,1155972,1,,,1,30,,1155988,1,,,1,70,,1086141,1,,,1,30,,1155971,1,,,1,70,,1155990,1,,,1,30,,1101228,1,,,1
6300,'12',457,,1156042,1,,,1,74,,978477,1,,,1,70,,1156028,1,,,1,5,,1156013,1,,,1,10,,1156004,1,,,1,14,,1156035,1,,,1,8,,1156029,1,,,1,8,,1156015,1,,,1,55,,1156043,1,,,1,15,,1156038,1,,,1,15,,1156011,1,,,1,15,,1156003,1,,,1,54,,1156026,1,,,1,18,,1095535,1,,,1,28,,1156021,1,,,1,70,,1156023,1,,,1,30,,1156041,1,,,1,72,,1156034,1,,,1,29,,1156033,1,,,1,69,,1156032,1,,,1,30,,1156009,1,,,1,70,,1156039,1,,,1,30,,1156014,1,,,1,70,,1080222,1,,,1,30,,1156044,1,,,1,70,,1156037,1,,,1,30,,1156007,1,,,1,55,,1156006,1,,,1,15,,1156022,1,,,1,16,,1067331,1,,,1,16,,1156019,1,,,1,54,,1156001,1,,,1,14,,1014227,1,,,1,13,,1156031,1,,,1,16,,1156012,1,,,1,56,,1156010,1,,,1,15,,1156024,1,,,1,15,,1156040,1,,,1,15,,1156020,1,,,1,55,,1156025,1,,,1,32,,1156036,1,,,1,73,,1156016,1,,,1,29,,1156018,1,,,1,67,,1156030,1,,,1,30,,1156005,1,,,1,69,,1156017,1,,,1,30,,1156045,1,,,1,70,,1063020,1,,,1,30,,1156008,1,,,1,70,,1156027,1,,,1,30,,1156002,1,,,1
6300,'13',717,,1156068,1,,,1,103,,1156062,1,,,1,100,,1156056,1,,,1,100,,1156070,1,,,1,30,,1156061,1,,,1,70,,1156059,1,,,1,30,,1156052,1,,,1,70,,1079013,1,,,1,30,,1156051,1,,,1,70,,1156055,1,,,1,30,,1156065,1,,,1,70,,1072761,1,,,1,30,,1156050,1,,,1,70,,1156046,1,,,1,30,,1156066,1,,,1,70,,1156058,1,,,1,30,,1156057,1,,,1,70,,1156060,1,,,1,30,,1156054,1,,,1,70,,1156069,1,,,1,30,,1156071,1,,,1,70,,1156064,1,,,1,30,,1156048,1,,,1,70,,1156067,1,,,1,30,,1156053,1,,,1,70,,1156063,1,,,1,30,,1065070,1,,,1,70,,1156047,1,,,1,100,,1156049,1,,,1
6300,'14',457,,1156080,1,,,1,74,,1156103,1,,,1,70,,1156108,1,,,1,5,,1156121,1,,,1,10,,1156082,1,,,1,14,,1156090,1,,,1,8,,1156089,1,,,1,8,,1156117,1,,,1,55,,1156112,1,,,1,15,,1156084,1,,,1,15,,1156092,1,,,1,15,,1156072,1,,,1,54,,1156075,1,,,1,18,,1156093,1,,,1,28,,1156107,1,,,1,70,,1156115,1,,,1,30,,1156074,1,,,1,72,,1156110,1,,,1,29,,1156086,1,,,1,69,,1156073,1,,,1,30,,1156079,1,,,1,70,,1156120,1,,,1,30,,1156091,1,,,1,70,,1156078,1,,,1,30,,1156085,1,,,1,70,,1156097,1,,,1,30,,1156077,1,,,1,55,,1156105,1,,,1,15,,1156095,1,,,1,16,,1156102,1,,,1,16,,1156099,1,,,1,54,,1156076,1,,,1,14,,1156081,1,,,1,13,,1156109,1,,,1,16,,1156098,1,,,1,56,,1156111,1,,,1,15,,1156119,1,,,1,15,,1156096,1,,,1,15,,1156094,1,,,1,55,,1156101,1,,,1,32,,1156088,1,,,1,73,,1156114,1,,,1,29,,1156113,1,,,1,67,,1156100,1,,,1,30,,1156116,1,,,1,69,,1156087,1,,,1,30,,1156104,1,,,1,70,,1156122,1,,,1,30,,1156083,1,,,1,70,,1156106,1,,,1,30,,1156118,1,,,1
6300,'15',457,,1156141,1,,,1,74,,1156163,1,,,1,70,,1156166,1,,,1,5,,1156153,1,,,1,10,,1156127,1,,,1,14,,1156152,1,,,1,8,,1156160,1,,,1,8,,1156134,1,,,1,55,,1156172,1,,,1,15,,1156143,1,,,1,15,,1156126,1,,,1,15,,1156168,1,,,1,54,,1156159,1,,,1,18,,1156144,1,,,1,28,,1156133,1,,,1,70,,1156173,1,,,1,30,,1156123,1,,,1,72,,1156131,1,,,1,29,,1156139,1,,,1,69,,1156125,1,,,1,30,,1156132,1,,,1,70,,1156124,1,,,1,30,,1156162,1,,,1,70,,1156142,1,,,1,30,,1156171,1,,,1,70,,1156154,1,,,1,30,,1156145,1,,,1,55,,1156130,1,,,1,15,,1156150,1,,,1,16,,1156136,1,,,1,16,,1156146,1,,,1,54,,1156155,1,,,1,14,,1156147,1,,,1,13,,1156137,1,,,1,16,,1156151,1,,,1,56,,1156128,1,,,1,15,,1156148,1,,,1,15,,1156156,1,,,1,15,,1156167,1,,,1,55,,1156129,1,,,1,32,,1156140,1,,,1,73,,1156169,1,,,1,29,,1156161,1,,,1,67,,1156164,1,,,1,30,,1156165,1,,,1,69,,1156138,1,,,1,30,,1156149,1,,,1,70,,1156157,1,,,1,30,,1156135,1,,,1,70,,1156170,1,,,1,30,,1156158,1,,,1
6300,'16',457,,950536,1,,,1,74,,1156178,1,,,1,70,,1156198,1,,,1,5,,1156184,1,,,1,10,,1086707,1,,,1,14,,1156204,1,,,1,8,,1156199,1,,,1,8,,1156186,1,,,1,55,,1156210,1,,,1,15,,1156207,1,,,1,15,,1083638,1,,,1,15,,1156174,1,,,1,54,,1156196,1,,,1,18,,1156179,1,,,1,28,,1156191,1,,,1,70,,1156193,1,,,1,30,,1030477,1,,,1,72,,968888,1,,,1,29,,1156203,1,,,1,69,,1156202,1,,,1,30,,1156181,1,,,1,70,,1156208,1,,,1,30,,1156185,1,,,1,70,,1156175,1,,,1,30,,1156211,1,,,1,70,,1156206,1,,,1,30,,1098568,1,,,1,55,,1156177,1,,,1,15,,1156192,1,,,1,16,,1156213,1,,,1,16,,1156190,1,,,1,54,,1082661,1,,,1,14,,1156182,1,,,1,13,,1156201,1,,,1,16,,1156183,1,,,1,56,,1099162,1,,,1,15,,1156194,1,,,1,15,,1156209,1,,,1,15,,1072160,1,,,1,55,,1156195,1,,,1,32,,1156205,1,,,1,73,,1156187,1,,,1,29,,1156189,1,,,1,67,,1156200,1,,,1,30,,1156176,1,,,1,69,,1156188,1,,,1,30,,1156214,1,,,1,70,,1156212,1,,,1,30,,1156180,1,,,1,70,,1156197,1,,,1,30,,1098387,1,,,1
6300,'17',717,,1156238,1,,,1,103,,1156232,1,,,1,100,,1156226,1,,,1,100,,1156242,1,,,1,30,,1156231,1,,,1,70,,1156229,1,,,1,30,,1156222,1,,,1,70,,1156241,1,,,1,30,,1156221,1,,,1,70,,1156225,1,,,1,30,,1156235,1,,,1,70,,1156217,1,,,1,30,,1156220,1,,,1,70,,1156215,1,,,1,30,,1156236,1,,,1,70,,1156228,1,,,1,30,,1156227,1,,,1,70,,1156230,1,,,1,30,,1156224,1,,,1,70,,1156240,1,,,1,30,,1156243,1,,,1,70,,1156234,1,,,1,30,,1156218,1,,,1,70,,1156237,1,,,1,30,,1156223,1,,,1,70,,1156233,1,,,1,30,,1156239,1,,,1,70,,1156216,1,,,1,100,,1156219,1,,,1
6300,'2',630,,1101693,1,,,1,70,,1156260,1,,,1,30,,1156251,1,,,1,70,,1156266,1,,,1,30,,1156254,1,,,1,70,,1156255,1,,,1,30,,1156273,1,,,1,70,,1156265,1,,,1,30,,1156267,1,,,1,70,,1156269,1,,,1,30,,1156263,1,,,1,70,,1156248,1,,,1,30,,1156262,1,,,1,70,,1156246,1,,,1,30,,1156268,1,,,1,70,,1000552,1,,,1,30,,1156247,1,,,1,70,,1156253,1,,,1,30,,1156261,1,,,1,70,,1156274,1,,,1,30,,1156250,1,,,1,70,,1156270,1,,,1,30,,1063343,1,,,1,70,,1156252,1,,,1,30,,1156272,1,,,1,70,,1156271,1,,,1,30,,1156259,1,,,1,70,,1156244,1,,,1,30,,1156249,1,,,1,70,,1156264,1,,,1,30,,1156258,1,,,1,70,,1156257,1,,,1,30,,1156256,1,,,1,70,,1156245,1,,,1
6300,'3',717,,1156298,1,,,1,103,,1156292,1,,,1,100,,1156286,1,,,1,100,,1156302,1,,,1,30,,1156291,1,,,1,70,,1156289,1,,,1,30,,1156282,1,,,1,70,,1156301,1,,,1,30,,1156281,1,,,1,70,,1156285,1,,,1,30,,1156295,1,,,1,70,,1156277,1,,,1,30,,1156280,1,,,1,70,,1156275,1,,,1,30,,1156296,1,,,1,70,,1156288,1,,,1,30,,1156287,1,,,1,70,,1156290,1,,,1,30,,1156284,1,,,1,70,,1156300,1,,,1,30,,1156303,1,,,1,70,,1156294,1,,,1,30,,1156278,1,,,1,70,,1156297,1,,,1,30,,1156283,1,,,1,70,,1156293,1,,,1,30,,1156299,1,,,1,70,,1156276,1,,,1,100,,1156279,1,,,1
6300,'4',717,,1156320,1,,,1,103,,1156305,1,,,1,100,,1156319,1,,,1,100,,1156307,1,,,1,30,,1156316,1,,,1,70,,1156310,1,,,1,30,,1156325,1,,,1,70,,1156312,1,,,1,30,,1066817,1,,,1,70,,1098516,1,,,1,30,,1156324,1,,,1,70,,1156314,1,,,1,30,,1156322,1,,,1,70,,1156330,1,,,1,30,,1156321,1,,,1,70,,1156315,1,,,1,30,,1156311,1,,,1,70,,1156309,1,,,1,30,,1156304,1,,,1,70,,1156329,1,,,1,30,,1156306,1,,,1,70,,1156323,1,,,1,30,,1156327,1,,,1,70,,1156317,1,,,1,30,,1156313,1,,,1,70,,1156308,1,,,1,30,,1156328,1,,,1,70,,1156326,1,,,1,100,,1156318,1,,,1
6300,'5',457,,1156334,1,,,1,74,,1156351,1,,,1,70,,1156356,1,,,1,5,,1156364,1,,,1,10,,1067602,1,,,1,14,,1156339,1,,,1,8,,1156338,1,,,1,8,,1156361,1,,,1,55,,1077483,1,,,1,15,,1099296,1,,,1,15,,1156341,1,,,1,15,,1156331,1,,,1,54,,1068324,1,,,1,18,,1156342,1,,,1,28,,1156355,1,,,1,70,,1084429,1,,,1,30,,1062557,1,,,1,72,,1156358,1,,,1,29,,1001040,1,,,1,69,,1089981,1,,,1,30,,990982,1,,,1,70,,1156363,1,,,1,30,,1156340,1,,,1,70,,1156333,1,,,1,30,,934975,1,,,1,70,,1156346,1,,,1,30,,1156332,1,,,1,55,,1156353,1,,,1,15,,1156344,1,,,1,16,,1156350,1,,,1,16,,1156347,1,,,1,54,,1085532,1,,,1,14,,1102336,1,,,1,13,,1156357,1,,,1,16,,1063062,1,,,1,56,,1156359,1,,,1,15,,1156362,1,,,1,15,,1156345,1,,,1,15,,1156343,1,,,1,55,,1156349,1,,,1,32,,1156337,1,,,1,73,,1020900,1,,,1,29,,1064899,1,,,1,67,,1156348,1,,,1,30,,1156360,1,,,1,69,,1156336,1,,,1,30,,1156352,1,,,1,70,,1086008,1,,,1,30,,1156335,1,,,1,70,,1156354,1,,,1,30,,1101171,1,,,1
6300,'6',457,,1156406,1,,,1,74,,1156370,1,,,1,70,,1156393,1,,,1,5,,1156378,1,,,1,10,,1156367,1,,,1,14,,1156400,1,,,1,8,,1156394,1,,,1,8,,1156380,1,,,1,55,,1156407,1,,,1,15,,1156403,1,,,1,15,,1156375,1,,,1,15,,1094233,1,,,1,54,,1156391,1,,,1,18,,1156371,1,,,1,28,,1156386,1,,,1,70,,1156388,1,,,1,30,,1156405,1,,,1,72,,1156399,1,,,1,29,,1156398,1,,,1,69,,1156397,1,,,1,30,,1030103,1,,,1,70,,1156404,1,,,1,30,,1156379,1,,,1,70,,1156368,1,,,1,30,,1099172,1,,,1,70,,1156402,1,,,1,30,,1156372,1,,,1,55,,1156369,1,,,1,15,,1156387,1,,,1,16,,1156409,1,,,1,16,,1156384,1,,,1,54,,1156365,1,,,1,14,,1156376,1,,,1,13,,1156396,1,,,1,16,,1156377,1,,,1,56,,1156374,1,,,1,15,,1156389,1,,,1,15,,1102703,1,,,1,15,,1156385,1,,,1,55,,1156390,1,,,1,32,,1156401,1,,,1,73,,1156381,1,,,1,29,,1156383,1,,,1,67,,1156395,1,,,1,30,,1055485,1,,,1,69,,1156382,1,,,1,30,,1080555,1,,,1,70,,1156408,1,,,1,30,,1156373,1,,,1,70,,1156392,1,,,1,30,,1156366,1,,,1
6300,'7',630,,1156418,1,,,1,70,,1156428,1,,,1,30,,1156415,1,,,1,70,,1156411,1,,,1,30,,1156442,1,,,1,70,,1156438,1,,,1,30,,1156413,1,,,1,70,,1156424,1,,,1,30,,1156422,1,,,1,70,,1156441,1,,,1,30,,1156439,1,,,1,70,,1156426,1,,,1,30,,1156417,1,,,1,70,,1156427,1,,,1,30,,1156412,1,,,1,70,,1156433,1,,,1,30,,1156420,1,,,1,70,,1156414,1,,,1,30,,1156432,1,,,1,70,,1156421,1,,,1,30,,1156431,1,,,1,70,,1156419,1,,,1,30,,1156436,1,,,1,70,,1156429,1,,,1,30,,1156425,1,,,1,70,,1156437,1,,,1,30,,1156423,1,,,1,70,,1156410,1,,,1,30,,1156435,1,,,1,70,,1156443,1,,,1,30,,1156416,1,,,1,70,,1156434,1,,,1,30,,1156430,1,,,1,70,,1156440,1,,,1
6300,'8',457,,1156489,1,,,1,74,,1156451,1,,,1,70,,1156475,1,,,1,5,,1156460,1,,,1,10,,1156447,1,,,1,14,,1156482,1,,,1,8,,1156476,1,,,1,8,,1156462,1,,,1,55,,1156490,1,,,1,15,,1156485,1,,,1,15,,1156457,1,,,1,15,,1156446,1,,,1,54,,1156473,1,,,1,18,,1156452,1,,,1,28,,1156468,1,,,1,70,,1156470,1,,,1,30,,1156488,1,,,1,72,,1156481,1,,,1,29,,1156480,1,,,1,69,,1156479,1,,,1,30,,1156455,1,,,1,70,,1156486,1,,,1,30,,1156461,1,,,1,70,,1156448,1,,,1,30,,1156491,1,,,1,70,,1156484,1,,,1,30,,1156453,1,,,1,55,,1156450,1,,,1,15,,1156469,1,,,1,16,,1156493,1,,,1,16,,1156466,1,,,1,54,,1156444,1,,,1,14,,1156458,1,,,1,13,,1156478,1,,,1,16,,1156459,1,,,1,56,,1156456,1,,,1,15,,1156471,1,,,1,15,,1156487,1,,,1,15,,1156467,1,,,1,55,,1156472,1,,,1,32,,1156483,1,,,1,73,,1156463,1,,,1,29,,1156465,1,,,1,67,,1156477,1,,,1,30,,1156449,1,,,1,69,,1156464,1,,,1,30,,1156494,1,,,1,70,,1156492,1,,,1,30,,1156454,1,,,1,70,,1156474,1,,,1,30,,1156445,1,,,1
6300,'9',457,,1156498,1,,,1,74,,1156515,1,,,1,70,,1156520,1,,,1,5,,1156528,1,,,1,10,,1067579,1,,,1,14,,1156503,1,,,1,8,,1156502,1,,,1,8,,1156525,1,,,1,55,,1077421,1,,,1,15,,1099242,1,,,1,15,,1156505,1,,,1,15,,1156495,1,,,1,54,,1068203,1,,,1,18,,1156506,1,,,1,28,,1156519,1,,,1,70,,1084339,1,,,1,30,,1062385,1,,,1,72,,1156522,1,,,1,29,,1001341,1,,,1,69,,1089906,1,,,1,30,,990979,1,,,1,70,,1156527,1,,,1,30,,1156504,1,,,1,70,,1156497,1,,,1,30,,934970,1,,,1,70,,1156510,1,,,1,30,,1156496,1,,,1,55,,1156517,1,,,1,15,,1156508,1,,,1,16,,1156514,1,,,1,16,,1156511,1,,,1,54,,1085401,1,,,1,14,,1102331,1,,,1,13,,1156521,1,,,1,16,,1062886,1,,,1,56,,1156523,1,,,1,15,,1156526,1,,,1,15,,1156509,1,,,1,15,,1156507,1,,,1,55,,1156513,1,,,1,32,,1156501,1,,,1,73,,1021232,1,,,1,29,,1064825,1,,,1,67,,1156512,1,,,1,30,,1156524,1,,,1,69,,1156500,1,,,1,30,,1156516,1,,,1,70,,1085862,1,,,1,30,,1156499,1,,,1,70,,1156518,1,,,1,30,,1101096,1,,,1
6301,'1',619,,1156552,45,4,,1,28,,1156571,45,4,,1,56,,1085596,45,4,,1,15,,1038680,45,4,,1,18,,1156547,45,4,,1,15,,1156568,45,4,,1,52,,1156554,45,4,,1,16,,1156538,45,4,,1,15,,1156573,45,4,,1,17,,1156549,45,4,,1,55,,1156532,45,4,,1,14,,1156541,45,4,,1,14,,1156533,45,4,,1,13,,1156537,45,4,,1,67,,1156551,45,4,,1,29,,1156569,45,4,,1,69,,1156565,45,4,,1,30,,1156559,45,4,,1,69,,1077012,45,4,,1,29,,1093381,45,4,,1,69,,1156544,45,4,,1,30,,1156555,45,4,,1,70,,1156570,45,4,,1,33,,1080758,45,4,,1,70,,1156556,45,4,,1,32,,1052872,50,4,,1,74,,1156550,30,4,,1,3,,1156543,50,4,,1,33,,1156560,50,4,,1,63,,1156572,30,4,,1,10,,1156562,50,4,,1,15,,1156534,50,4,,1,15,,1156546,50,4,,1,48,,1156563,30,4,,1,6,,1156536,50,4,,1,14,,1156539,50,4,,1,12,,1156558,50,4,,1,14,,1156553,50,4,,1,51,,1156566,50,4,,1,16,,1076651,50,4,,1,12,,948346,50,4,,1,14,,1156542,50,4,,1,13,,1156564,50,4,,1,55,,1156567,50,4,,1,16,,1156535,50,4,,1,29,,1156531,50,4,,1,70,,1050837,50,4,,1,30,,1156545,50,4,,1,64,,1156540,50,4,,1,33,,1156529,50,4,,1,71,,1156561,50,4,,1,28,,1156530,50,4,,1,66,,1156548,50,4,,1,38,,1156557,30,4,,1
6301,'10',619,,1156597,45,4,,1,28,,1156616,45,4,,1,56,,1085339,45,4,,1,15,,1038768,45,4,,1,18,,1156592,45,4,,1,15,,1156613,45,4,,1,52,,1156599,45,4,,1,16,,1156583,45,4,,1,15,,1156618,45,4,,1,17,,1156594,45,4,,1,55,,1156577,45,4,,1,14,,1156586,45,4,,1,14,,1156578,45,4,,1,13,,1156582,45,4,,1,67,,1156596,45,4,,1,29,,1156614,45,4,,1,69,,1156610,45,4,,1,30,,1156604,45,4,,1,69,,1076788,45,4,,1,29,,1093065,45,4,,1,69,,1156589,45,4,,1,30,,1156600,45,4,,1,70,,1156615,45,4,,1,33,,1080585,45,4,,1,70,,1156601,45,4,,1,32,,1052918,50,4,,1,74,,1156595,30,4,,1,3,,1156588,50,4,,1,33,,1156605,50,4,,1,63,,1156617,30,4,,1,10,,1156607,50,4,,1,15,,1156579,50,4,,1,15,,1156591,50,4,,1,48,,1156608,30,4,,1,6,,1156581,50,4,,1,14,,1156584,50,4,,1,12,,1156603,50,4,,1,14,,1156598,50,4,,1,51,,1156611,50,4,,1,16,,1076445,50,4,,1,12,,948079,50,4,,1,14,,1156587,50,4,,1,13,,1156609,50,4,,1,55,,1156612,50,4,,1,16,,1156580,50,4,,1,29,,1156576,50,4,,1,70,,1051013,50,4,,1,30,,1156590,50,4,,1,64,,1156585,50,4,,1,33,,1156574,50,4,,1,71,,1156606,50,4,,1,28,,1156575,50,4,,1,66,,1156593,50,4,,1,38,,1156602,30,4,,1
6301,'11',619,,1156642,45,4,,1,28,,1156661,45,4,,1,56,,1085676,45,4,,1,15,,1038654,45,4,,1,18,,1156637,45,4,,1,15,,1156658,45,4,,1,52,,1156644,45,4,,1,16,,1156628,45,4,,1,15,,1156663,45,4,,1,17,,1156639,45,4,,1,55,,1156622,45,4,,1,14,,1156631,45,4,,1,14,,1156623,45,4,,1,13,,1156627,45,4,,1,67,,1156641,45,4,,1,29,,1156659,45,4,,1,69,,1156655,45,4,,1,30,,1156649,45,4,,1,69,,1077078,45,4,,1,29,,1093472,45,4,,1,69,,1156634,45,4,,1,30,,1156645,45,4,,1,70,,1156660,45,4,,1,33,,1080815,45,4,,1,70,,1156646,45,4,,1,32,,1052859,50,4,,1,74,,1156640,30,4,,1,3,,1156633,50,4,,1,33,,1156650,50,4,,1,63,,1156662,30,4,,1,10,,1156652,50,4,,1,15,,1156624,50,4,,1,15,,1156636,50,4,,1,48,,1156653,30,4,,1,6,,1156626,50,4,,1,14,,1156629,50,4,,1,12,,1156648,50,4,,1,14,,1156643,50,4,,1,51,,1156656,50,4,,1,16,,1076715,50,4,,1,12,,948294,50,4,,1,14,,1156632,50,4,,1,13,,1156654,50,4,,1,55,,1156657,50,4,,1,16,,1156625,50,4,,1,29,,1156621,50,4,,1,70,,1050785,50,4,,1,30,,1156635,50,4,,1,64,,1156630,50,4,,1,33,,1156619,50,4,,1,71,,1156651,50,4,,1,28,,1156620,50,4,,1,66,,1156638,50,4,,1,38,,1156647,30,4,,1
6301,'12',619,,1156671,45,4,,1,28,,1156697,45,4,,1,56,,1156702,45,4,,1,15,,1156683,45,4,,1,18,,1156680,45,4,,1,15,,1156706,45,4,,1,52,,1156687,45,4,,1,16,,1075441,45,4,,1,15,,1156684,45,4,,1,17,,1025524,45,4,,1,55,,1156681,45,4,,1,14,,1156670,45,4,,1,14,,1156703,45,4,,1,13,,1156708,45,4,,1,67,,1156682,45,4,,1,29,,1156668,45,4,,1,69,,1156700,45,4,,1,30,,1156699,45,4,,1,69,,1156679,45,4,,1,29,,1156678,45,4,,1,69,,1156701,45,4,,1,30,,1156694,45,4,,1,70,,1156692,45,4,,1,33,,1156665,45,4,,1,70,,1156693,45,4,,1,32,,1156688,50,4,,1,74,,1156705,30,4,,1,3,,1156675,50,4,,1,33,,1156664,50,4,,1,63,,1156686,30,4,,1,10,,1156689,50,4,,1,15,,1156676,50,4,,1,15,,1061671,50,4,,1,48,,1156666,30,4,,1,6,,1080070,50,4,,1,14,,1156698,50,4,,1,12,,1156707,50,4,,1,14,,1156704,50,4,,1,51,,1156677,50,4,,1,16,,1075462,50,4,,1,12,,1156691,50,4,,1,14,,1085949,50,4,,1,13,,1074485,50,4,,1,55,,1156696,50,4,,1,16,,1156674,50,4,,1,29,,1156672,50,4,,1,70,,1156673,50,4,,1,30,,1156669,50,4,,1,64,,1156690,50,4,,1,33,,1156695,50,4,,1,71,,1156667,50,4,,1,28,,1156709,50,4,,1,66,,1156685,50,4,,1,38,,1156710,30,4,,1
6301,'13',809,,1040927,45,4,,1,101,,1156727,45,4,,1,100,,1156732,45,4,,1,103,,1156731,45,4,,1,30,,1156737,45,4,,1,70,,1156728,45,4,,1,30,,1156734,45,4,,1,70,,1156722,45,4,,1,30,,1156730,45,4,,1,70,,1156723,45,4,,1,30,,1156714,45,4,,1,70,,1156716,45,4,,1,30,,1156736,45,4,,1,70,,1156711,45,4,,1,30,,1156733,45,4,,1,70,,1156720,45,4,,1,30,,1156718,45,4,,1,70,,1156725,45,4,,1,30,,1156726,45,4,,1,70,,1156715,45,4,,1,30,,1156713,45,4,,1,68,,1156721,45,4,,1,30,,1156729,45,4,,1,69,,1156712,45,4,,1,30,,1156717,45,4,,1,70,,1156724,45,4,,1,30,,1156719,45,4,,1,70,,1075809,45,4,,1,100,,1156735,45,4,,1
6301,'14',619,,1156765,45,4,,1,28,,1156786,45,4,,1,56,,1156777,45,4,,1,15,,1156745,45,4,,1,18,,1156760,45,4,,1,15,,1156782,45,4,,1,52,,1156767,45,4,,1,16,,1156751,45,4,,1,15,,1156789,45,4,,1,17,,1156762,45,4,,1,55,,1156743,45,4,,1,14,,1156754,45,4,,1,14,,1156744,45,4,,1,13,,1156750,45,4,,1,67,,1156764,45,4,,1,29,,1156783,45,4,,1,69,,1156779,45,4,,1,30,,1156772,45,4,,1,69,,1156746,45,4,,1,29,,1156738,45,4,,1,69,,1156757,45,4,,1,30,,1156768,45,4,,1,70,,1156784,45,4,,1,33,,1156790,45,4,,1,70,,1156769,45,4,,1,32,,1156787,50,4,,1,74,,1156763,30,4,,1,3,,1156756,50,4,,1,33,,1156773,50,4,,1,63,,1156788,30,4,,1,10,,1156775,50,4,,1,15,,1156747,50,4,,1,15,,1156759,50,4,,1,48,,1156776,30,4,,1,6,,1156749,50,4,,1,14,,1156752,50,4,,1,12,,1156771,50,4,,1,14,,1156766,50,4,,1,51,,1156780,50,4,,1,16,,1156785,50,4,,1,12,,1156791,50,4,,1,14,,1156755,50,4,,1,13,,1156778,50,4,,1,55,,1156781,50,4,,1,16,,1156748,50,4,,1,29,,1156742,50,4,,1,70,,1156741,50,4,,1,30,,1156758,50,4,,1,64,,1156753,50,4,,1,33,,1156739,50,4,,1,71,,1156774,50,4,,1,28,,1156740,50,4,,1,66,,1156761,50,4,,1,38,,1156770,30,4,,1
6301,'15',619,,1156819,45,4,,1,28,,1156803,45,4,,1,56,,1156817,45,4,,1,15,,1156839,45,4,,1,18,,1156813,45,4,,1,15,,1156822,45,4,,1,52,,1156836,45,4,,1,16,,1156843,45,4,,1,15,,1156841,45,4,,1,17,,1156837,45,4,,1,55,,1156793,45,4,,1,14,,1156821,45,4,,1,14,,1156812,45,4,,1,13,,1156811,45,4,,1,67,,1156802,45,4,,1,29,,1156792,45,4,,1,69,,1156805,45,4,,1,30,,1156795,45,4,,1,69,,1156824,45,4,,1,29,,1156845,45,4,,1,69,,1156830,45,4,,1,30,,1156810,45,4,,1,70,,1156844,45,4,,1,33,,1156818,45,4,,1,70,,1156815,45,4,,1,32,,1156834,50,4,,1,74,,1156827,30,4,,1,3,,1156816,50,4,,1,33,,1156826,50,4,,1,63,,1156825,30,4,,1,10,,1156801,50,4,,1,15,,1156807,50,4,,1,15,,1156800,50,4,,1,48,,1156798,30,4,,1,6,,1156828,50,4,,1,14,,1156829,50,4,,1,12,,1156808,50,4,,1,14,,1156832,50,4,,1,51,,1156840,50,4,,1,16,,1156814,50,4,,1,12,,1156797,50,4,,1,14,,1156796,50,4,,1,13,,1156794,50,4,,1,55,,1156804,50,4,,1,16,,1156799,50,4,,1,29,,1156842,50,4,,1,70,,1156838,50,4,,1,30,,1156835,50,4,,1,64,,1156820,50,4,,1,33,,1156831,50,4,,1,71,,1156809,50,4,,1,28,,1156823,50,4,,1,66,,1156806,50,4,,1,38,,1156833,30,4,,1
6301,'16',619,,1156854,45,4,,1,28,,1156881,45,4,,1,56,,1156887,45,4,,1,15,,1156866,45,4,,1,18,,1156863,45,4,,1,15,,1156892,45,4,,1,52,,1156870,45,4,,1,16,,1156847,45,4,,1,15,,1156867,45,4,,1,17,,1156848,45,4,,1,55,,1156864,45,4,,1,14,,1156853,45,4,,1,14,,1156888,45,4,,1,13,,1156894,45,4,,1,67,,1156865,45,4,,1,29,,1156852,45,4,,1,69,,1156885,45,4,,1,30,,1156884,45,4,,1,69,,1156862,45,4,,1,29,,1156861,45,4,,1,69,,1156886,45,4,,1,30,,1156876,45,4,,1,70,,1156875,45,4,,1,33,,1156849,45,4,,1,70,,1093826,45,4,,1,32,,1156871,50,4,,1,74,,1156890,30,4,,1,3,,1156858,50,4,,1,33,,1156846,50,4,,1,63,,1156869,30,4,,1,10,,1156872,50,4,,1,15,,1156859,50,4,,1,15,,1156882,50,4,,1,48,,1156850,30,4,,1,6,,1156889,50,4,,1,14,,1156883,50,4,,1,12,,1156893,50,4,,1,14,,1070066,50,4,,1,51,,1156860,50,4,,1,16,,1156877,50,4,,1,12,,1156874,50,4,,1,14,,1156891,50,4,,1,13,,1156878,50,4,,1,55,,1156880,50,4,,1,16,,1156857,50,4,,1,29,,1156855,50,4,,1,70,,1156856,50,4,,1,30,,1000385,50,4,,1,64,,1156873,50,4,,1,33,,1156879,50,4,,1,71,,1156851,50,4,,1,28,,1156895,50,4,,1,66,,1156868,50,4,,1,38,,1020207,30,4,,1
6301,'17',809,,1156898,45,4,,1,101,,1156914,45,4,,1,100,,1156919,45,4,,1,103,,1156918,45,4,,1,30,,1156924,45,4,,1,70,,1156915,45,4,,1,30,,1156921,45,4,,1,70,,1156909,45,4,,1,30,,1156917,45,4,,1,70,,1156910,45,4,,1,30,,1156901,45,4,,1,70,,1156903,45,4,,1,30,,1156923,45,4,,1,70,,1156896,45,4,,1,30,,1156920,45,4,,1,70,,1156907,45,4,,1,30,,1156905,45,4,,1,70,,1156912,45,4,,1,30,,1156913,45,4,,1,70,,1156902,45,4,,1,30,,1156900,45,4,,1,68,,1156908,45,4,,1,30,,1156916,45,4,,1,69,,1156899,45,4,,1,30,,1156904,45,4,,1,70,,1156911,45,4,,1,30,,1156906,45,4,,1,70,,1156897,45,4,,1,100,,1156922,45,4,,1
6301,'2',810,,1156930,45,4,,1,37,,1156931,45,4,,1,71,,1077787,45,4,,1,30,,1156953,45,4,,1,70,,1156939,45,4,,1,30,,1156941,45,4,,1,72,,1156938,45,4,,1,31,,1077786,45,4,,1,70,,1156952,45,4,,1,30,,1156947,45,4,,1,70,,1156948,45,4,,1,30,,1156944,45,4,,1,70,,1156954,45,4,,1,30,,1156933,45,4,,1,70,,1156925,45,4,,1,30,,1156935,45,4,,1,70,,1156943,45,4,,1,30,,1156945,45,4,,1,70,,1156928,45,4,,1,30,,1156929,45,4,,1,70,,1075748,45,4,,1,30,,1156955,45,4,,1,70,,1156932,45,4,,1,30,,1156936,45,4,,1,68,,1156950,45,4,,1,30,,1156927,45,4,,1,69,,1156949,45,4,,1,30,,1156951,45,4,,1,70,,1156937,45,4,,1,30,,1156940,45,4,,1,70,,1156926,45,4,,1,30,,1156934,45,4,,1,70,,1156942,45,4,,1,30,,1156946,45,4,,1
6301,'3',809,,1156958,45,4,,1,101,,1156974,45,4,,1,100,,1156979,45,4,,1,103,,1156978,45,4,,1,30,,1156984,45,4,,1,70,,1156975,45,4,,1,30,,1156981,45,4,,1,70,,1156969,45,4,,1,30,,1156977,45,4,,1,70,,1156970,45,4,,1,30,,1156961,45,4,,1,70,,1156963,45,4,,1,30,,1156983,45,4,,1,70,,1156956,45,4,,1,30,,1156980,45,4,,1,70,,1156967,45,4,,1,30,,1156965,45,4,,1,70,,1156972,45,4,,1,30,,1156973,45,4,,1,70,,1156962,45,4,,1,30,,1156960,45,4,,1,68,,1156968,45,4,,1,30,,1156976,45,4,,1,69,,1156959,45,4,,1,30,,1156964,45,4,,1,70,,1156971,45,4,,1,30,,1156966,45,4,,1,70,,1156957,45,4,,1,100,,1156982,45,4,,1
6301,'4',809,,1156995,45,4,,1,101,,1157007,45,4,,1,100,,1157002,45,4,,1,103,,1156993,45,4,,1,30,,1156991,45,4,,1,70,,1007910,45,4,,1,30,,1156987,45,4,,1,70,,1156994,45,4,,1,30,,1036777,45,4,,1,70,,1157005,45,4,,1,30,,1156989,45,4,,1,70,,1156996,45,4,,1,30,,1156988,45,4,,1,70,,1156998,45,4,,1,30,,994471,45,4,,1,70,,1156999,45,4,,1,30,,1062970,45,4,,1,70,,1157001,45,4,,1,30,,1156990,45,4,,1,70,,1157006,45,4,,1,30,,1157008,45,4,,1,68,,1157003,45,4,,1,30,,1156985,45,4,,1,69,,1157000,45,4,,1,30,,1156992,45,4,,1,70,,1101121,45,4,,1,30,,1156997,45,4,,1,70,,1156986,45,4,,1,100,,1157004,45,4,,1
6301,'5',619,,1157032,45,4,,1,28,,1157051,45,4,,1,56,,1085552,45,4,,1,15,,1038525,45,4,,1,18,,1157027,45,4,,1,15,,1157048,45,4,,1,52,,1157034,45,4,,1,16,,1157018,45,4,,1,15,,1157053,45,4,,1,17,,1157029,45,4,,1,55,,1157012,45,4,,1,14,,1157021,45,4,,1,14,,1157013,45,4,,1,13,,1157017,45,4,,1,67,,1157031,45,4,,1,29,,1157049,45,4,,1,69,,1157045,45,4,,1,30,,1157039,45,4,,1,69,,1076968,45,4,,1,29,,1093326,45,4,,1,69,,1157024,45,4,,1,30,,1157035,45,4,,1,70,,1157050,45,4,,1,33,,1080728,45,4,,1,70,,1157036,45,4,,1,32,,1052771,50,4,,1,74,,1157030,30,4,,1,3,,1157023,50,4,,1,33,,1157040,50,4,,1,63,,1157052,30,4,,1,10,,1157042,50,4,,1,15,,1157014,50,4,,1,15,,1157026,50,4,,1,48,,1157043,30,4,,1,6,,1157016,50,4,,1,14,,1157019,50,4,,1,12,,1157038,50,4,,1,14,,1157033,50,4,,1,51,,1157046,50,4,,1,16,,1076611,50,4,,1,12,,948502,50,4,,1,14,,1157022,50,4,,1,13,,1157044,50,4,,1,55,,1157047,50,4,,1,16,,1157015,50,4,,1,29,,1157011,50,4,,1,70,,1050548,50,4,,1,30,,1157025,50,4,,1,64,,1157020,50,4,,1,33,,1157009,50,4,,1,71,,1157041,50,4,,1,28,,1157010,50,4,,1,66,,1157028,50,4,,1,38,,1157037,30,4,,1
6301,'6',619,,1157058,45,4,,1,28,,1157085,45,4,,1,56,,1157090,45,4,,1,15,,1157070,45,4,,1,18,,1157067,45,4,,1,15,,1051288,45,4,,1,52,,1157074,45,4,,1,16,,1157055,45,4,,1,15,,1157071,45,4,,1,17,,1157056,45,4,,1,55,,1157068,45,4,,1,14,,1039255,45,4,,1,14,,1157091,45,4,,1,13,,1157095,45,4,,1,67,,1157069,45,4,,1,29,,1088301,45,4,,1,69,,1157088,45,4,,1,30,,1157087,45,4,,1,69,,1157066,45,4,,1,29,,1157065,45,4,,1,69,,1157089,45,4,,1,30,,1157080,45,4,,1,70,,1053263,45,4,,1,33,,1071759,45,4,,1,70,,1157079,45,4,,1,32,,1157075,50,4,,1,74,,1049613,30,4,,1,3,,1157062,50,4,,1,33,,1157054,50,4,,1,63,,1157073,30,4,,1,10,,1157076,50,4,,1,15,,1157063,50,4,,1,15,,1157086,50,4,,1,48,,1088950,30,4,,1,6,,1157093,50,4,,1,14,,1102202,50,4,,1,12,,1068951,50,4,,1,14,,1157092,50,4,,1,51,,1157064,50,4,,1,16,,1157081,50,4,,1,12,,1157078,50,4,,1,14,,1157094,50,4,,1,13,,1157082,50,4,,1,55,,1157084,50,4,,1,16,,1157061,50,4,,1,29,,1157059,50,4,,1,70,,1157060,50,4,,1,30,,1157057,50,4,,1,64,,1157077,50,4,,1,33,,1157083,50,4,,1,71,,1081119,50,4,,1,28,,1084556,50,4,,1,66,,1157072,50,4,,1,38,,1157096,30,4,,1
6301,'7',810,,1157109,45,4,,1,37,,1157118,45,4,,1,71,,1157119,45,4,,1,30,,1157130,45,4,,1,70,,1157111,45,4,,1,30,,1157103,45,4,,1,72,,1157116,45,4,,1,31,,1157117,45,4,,1,70,,1157107,45,4,,1,30,,1157106,45,4,,1,70,,1157125,45,4,,1,30,,1157115,45,4,,1,70,,1157112,45,4,,1,30,,1157128,45,4,,1,70,,1157098,45,4,,1,30,,1157127,45,4,,1,70,,1157113,45,4,,1,30,,1157110,45,4,,1,70,,1157108,45,4,,1,30,,1157102,45,4,,1,70,,1157101,45,4,,1,30,,1157104,45,4,,1,70,,1157105,45,4,,1,30,,1157123,45,4,,1,68,,1157100,45,4,,1,30,,1157124,45,4,,1,69,,1157122,45,4,,1,30,,1157129,45,4,,1,70,,1157120,45,4,,1,30,,1157121,45,4,,1,70,,1157114,45,4,,1,30,,1157126,45,4,,1,70,,1157097,45,4,,1,30,,1157099,45,4,,1
6301,'8',619,,1157140,45,4,,1,28,,1157168,45,4,,1,56,,1157174,45,4,,1,15,,1157152,45,4,,1,18,,1157149,45,4,,1,15,,1157180,45,4,,1,52,,1157156,45,4,,1,16,,1157132,45,4,,1,15,,1157153,45,4,,1,17,,1157133,45,4,,1,55,,1157150,45,4,,1,14,,1157139,45,4,,1,14,,1157175,45,4,,1,13,,1157182,45,4,,1,67,,1157151,45,4,,1,29,,1157137,45,4,,1,69,,1157172,45,4,,1,30,,1157171,45,4,,1,69,,1157148,45,4,,1,29,,1157147,45,4,,1,69,,1157173,45,4,,1,30,,1157163,45,4,,1,70,,1157161,45,4,,1,33,,1157134,45,4,,1,70,,1157162,45,4,,1,32,,1157157,50,4,,1,74,,1157178,30,4,,1,3,,1157144,50,4,,1,33,,1157131,50,4,,1,63,,1157155,30,4,,1,10,,1157158,50,4,,1,15,,1157145,50,4,,1,15,,1157169,50,4,,1,48,,1157135,30,4,,1,6,,1157177,50,4,,1,14,,1157170,50,4,,1,12,,1157181,50,4,,1,14,,1157176,50,4,,1,51,,1157146,50,4,,1,16,,1157164,50,4,,1,12,,1157160,50,4,,1,14,,1157179,50,4,,1,13,,1157165,50,4,,1,55,,1157167,50,4,,1,16,,1157143,50,4,,1,29,,1157141,50,4,,1,70,,1157142,50,4,,1,30,,1157138,50,4,,1,64,,1157159,50,4,,1,33,,1157166,50,4,,1,71,,1157136,50,4,,1,28,,1157183,50,4,,1,66,,1157154,50,4,,1,38,,1157184,30,4,,1
6301,'9',619,,1157208,45,4,,1,28,,1157227,45,4,,1,56,,1085421,45,4,,1,15,,1038706,45,4,,1,18,,1157203,45,4,,1,15,,1157224,45,4,,1,52,,1157210,45,4,,1,16,,1157194,45,4,,1,15,,1157229,45,4,,1,17,,1157205,45,4,,1,55,,1157188,45,4,,1,14,,1157197,45,4,,1,14,,1157189,45,4,,1,13,,1157193,45,4,,1,67,,1157207,45,4,,1,29,,1157225,45,4,,1,69,,1157221,45,4,,1,30,,1157215,45,4,,1,69,,1076863,45,4,,1,29,,1093170,45,4,,1,69,,1157200,45,4,,1,30,,1157211,45,4,,1,70,,1157226,45,4,,1,33,,1080639,45,4,,1,70,,1157212,45,4,,1,32,,1052885,50,4,,1,74,,1157206,30,4,,1,3,,1157199,50,4,,1,33,,1157216,50,4,,1,63,,1157228,30,4,,1,10,,1157218,50,4,,1,15,,1157190,50,4,,1,15,,1157202,50,4,,1,48,,1157219,30,4,,1,6,,1157192,50,4,,1,14,,1157195,50,4,,1,12,,1157214,50,4,,1,14,,1157209,50,4,,1,51,,1157222,50,4,,1,16,,1076511,50,4,,1,12,,948450,50,4,,1,14,,1157198,50,4,,1,13,,1157220,50,4,,1,55,,1157223,50,4,,1,16,,1157191,50,4,,1,29,,1157187,50,4,,1,70,,1050889,50,4,,1,30,,1157201,50,4,,1,64,,1157196,50,4,,1,33,,1157185,50,4,,1,71,,1157217,50,4,,1,28,,1157186,50,4,,1,66,,1157204,50,4,,1,38,,1157213,30,4,,1
6600,'1',1447,,1157231,27,4,,1,73,,1157233,27,4,,1,30,,1157235,27,4,,1,71,,1029458,27,4,,1,31,,1157236,27,4,,1,68,,1157234,27,4,,1,29,,1157232,27,4,,1,73,,1157230,27,4,,1,19,,1036978,27,4,,1,68,,1157237,27,4,,1
6600,'10',1447,,1157239,27,4,,1,73,,1157241,27,4,,1,30,,1157243,27,4,,1,71,,1029552,27,4,,1,31,,1157244,27,4,,1,68,,1157242,27,4,,1,29,,1157240,27,4,,1,73,,1157238,27,4,,1,19,,1037208,27,4,,1,68,,1157245,27,4,,1
6600,'11',1447,,1157247,27,4,,1,73,,1157249,27,4,,1,30,,1157251,27,4,,1,71,,1029429,27,4,,1,31,,1157252,27,4,,1,68,,1157250,27,4,,1,29,,1157248,27,4,,1,73,,1157246,27,4,,1,19,,1036911,27,4,,1,68,,1157253,27,4,,1
6600,'12',1447,,1157254,27,4,,1,73,,1157259,27,4,,1,30,,1157260,27,4,,1,71,,1157257,27,4,,1,31,,1157261,27,4,,1,68,,1051733,27,4,,1,29,,1157258,27,4,,1,73,,1157262,27,4,,1,19,,1157256,27,4,,1,68,,1157255,27,4,,1
6600,'14',1447,,1157264,27,4,,1,73,,1157268,27,4,,1,30,,1157270,27,4,,1,71,,1157265,27,4,,1,31,,1157271,27,4,,1,68,,1157269,27,4,,1,29,,1157266,27,4,,1,73,,1157263,27,4,,1,19,,1157267,27,4,,1,68,,1157272,27,4,,1
6600,'15',1447,,1157273,27,4,,1,73,,1157280,27,4,,1,30,,1157277,27,4,,1,71,,1157278,27,4,,1,31,,1157276,27,4,,1,68,,1157279,27,4,,1,29,,1157274,27,4,,1,73,,1157281,27,4,,1,19,,1157275,27,4,,1,68,,1157282,27,4,,1
6600,'16',1447,,1157283,27,4,,1,73,,1157288,27,4,,1,30,,1157289,27,4,,1,71,,1157286,27,4,,1,31,,1157290,27,4,,1,68,,1157284,27,4,,1,29,,1157287,27,4,,1,73,,1157291,27,4,,1,19,,1157285,27,4,,1,68,,1073864,27,4,,1
6600,'5',1447,,1157293,27,4,,1,73,,1157295,27,4,,1,30,,1157297,27,4,,1,71,,1029284,27,4,,1,31,,1157298,27,4,,1,68,,1157296,27,4,,1,29,,1157294,27,4,,1,73,,1157292,27,4,,1,19,,1036563,27,4,,1,68,,1157299,27,4,,1
6600,'6',1447,,1092506,27,4,,1,73,,1157305,27,4,,1,30,,1157306,27,4,,1,71,,1157303,27,4,,1,31,,1000516,27,4,,1,68,,1157301,27,4,,1,29,,1157304,27,4,,1,73,,998241,27,4,,1,19,,1157302,27,4,,1,68,,1157300,27,4,,1
6600,'8',1447,,1157307,27,4,,1,73,,1157313,27,4,,1,30,,1157314,27,4,,1,71,,1157311,27,4,,1,31,,1157315,27,4,,1,68,,1157309,27,4,,1,29,,1157312,27,4,,1,73,,1157316,27,4,,1,19,,1157310,27,4,,1,68,,1157308,27,4,,1
6600,'9',1447,,1157318,27,4,,1,73,,1157320,27,4,,1,30,,1157322,27,4,,1,71,,1029487,27,4,,1,31,,1157323,27,4,,1,68,,1157321,27,4,,1,29,,1157319,27,4,,1,73,,1157317,27,4,,1,19,,1037045,27,4,,1,68,,1157324,27,4,,1
6601,'1',531,,1157329,1,,,1,70,,1074075,1,,,1,30,,1057755,1,,,1,70,,1015091,1,,,1,30,,1157325,1,,,1,15,,1157328,1,,,1,71,,1157327,1,,,1,29,,1157326,1,,,1,61,,958576,1,,,1
6601,'10',531,,1157334,1,,,1,70,,1073945,1,,,1,30,,1057855,1,,,1,70,,1015282,1,,,1,30,,1157330,1,,,1,15,,1157333,1,,,1,71,,1157332,1,,,1,29,,1157331,1,,,1,61,,958311,1,,,1
6601,'11',531,,1157339,1,,,1,70,,1074110,1,,,1,30,,1057724,1,,,1,70,,1015037,1,,,1,30,,1157335,1,,,1,15,,1157338,1,,,1,71,,1157337,1,,,1,29,,1157336,1,,,1,61,,958529,1,,,1
6601,'12',531,,1157340,1,,,1,70,,1157346,1,,,1,30,,1157342,1,,,1,70,,1157344,1,,,1,30,,1157343,1,,,1,15,,1157347,1,,,1,71,,1157341,1,,,1,29,,1157345,1,,,1,61,,997009,1,,,1
6601,'14',531,,1157353,1,,,1,70,,1157354,1,,,1,30,,1157355,1,,,1,70,,1157348,1,,,1,30,,1157349,1,,,1,15,,1157352,1,,,1,71,,1157351,1,,,1,29,,1157350,1,,,1,61,,1157356,1,,,1
6601,'15',531,,1157361,1,,,1,70,,1157365,1,,,1,30,,1157360,1,,,1,70,,1157357,1,,,1,30,,1157359,1,,,1,15,,1157363,1,,,1,71,,1157362,1,,,1,29,,1157358,1,,,1,61,,1157364,1,,,1
6601,'16',531,,1157366,1,,,1,70,,1157373,1,,,1,30,,1157368,1,,,1,70,,1157371,1,,,1,30,,1157370,1,,,1,15,,1157374,1,,,1,71,,1157367,1,,,1,29,,1157372,1,,,1,61,,1157369,1,,,1
6601,'5',531,,1157379,1,,,1,70,,1074056,1,,,1,30,,1057605,1,,,1,70,,1014710,1,,,1,30,,1157375,1,,,1,15,,1157378,1,,,1,71,,1157377,1,,,1,29,,1157376,1,,,1,61,,958725,1,,,1
6601,'6',531,,1157380,1,,,1,70,,1157385,1,,,1,30,,1017106,1,,,1,70,,1157383,1,,,1,30,,1157382,1,,,1,15,,1157386,1,,,1,71,,1070101,1,,,1,29,,1157384,1,,,1,61,,1157381,1,,,1
6601,'8',531,,1157387,1,,,1,70,,1157394,1,,,1,30,,1157389,1,,,1,70,,1157392,1,,,1,30,,1157391,1,,,1,15,,1157395,1,,,1,71,,1157388,1,,,1,29,,1157393,1,,,1,61,,1157390,1,,,1
6601,'9',531,,1157400,1,,,1,70,,1073979,1,,,1,30,,1057786,1,,,1,70,,1015145,1,,,1,30,,1157396,1,,,1,15,,1157399,1,,,1,71,,1157398,1,,,1,29,,1157397,1,,,1,61,,958678,1,,,1
6700,'1',641,,1157418,32,4,,1,81,,1157432,32,4,,1,36,,1157411,32,4,,1,67,,1157419,32,4,,1,30,,1157429,32,4,,1,71,,1157404,32,4,,1
6700,'10',641,,1157450,32,4,,1,81,,1157464,32,4,,1,36,,1157443,32,4,,1,67,,1157451,32,4,,1,30,,1157461,32,4,,1,71,,1157436,32,4,,1
6700,'11',641,,1157482,32,4,,1,81,,1157496,32,4,,1,36,,1157475,32,4,,1,67,,1157483,32,4,,1,30,,1157493,32,4,,1,71,,1157468,32,4,,1
6700,'12',641,,1157517,32,4,,1,81,,1157516,32,4,,1,36,,1157498,32,4,,1,67,,1157497,32,4,,1,30,,1157504,32,4,,1,71,,1157519,32,4,,1
6700,'14',641,,1157558,32,4,,1,81,,1157572,32,4,,1,36,,1157551,32,4,,1,67,,1157559,32,4,,1,30,,1157569,32,4,,1,71,,1157544,32,4,,1
6700,'15',641,,1157584,32,4,,1,81,,1157603,32,4,,1,36,,1157602,32,4,,1,67,,1157582,32,4,,1,30,,1157594,32,4,,1,71,,1157588,32,4,,1
6700,'16',641,,1157623,32,4,,1,81,,1157622,32,4,,1,36,,964684,32,4,,1,67,,1157605,32,4,,1,30,,1157610,32,4,,1,71,,1157625,32,4,,1
6700,'5',641,,1157731,32,4,,1,81,,1157745,32,4,,1,36,,1157724,32,4,,1,67,,1157732,32,4,,1,30,,1157742,32,4,,1,71,,1157717,32,4,,1
6700,'6',641,,1157764,32,4,,1,81,,1157763,32,4,,1,36,,1157746,32,4,,1,67,,1081116,32,4,,1,30,,1157751,32,4,,1,71,,1157766,32,4,,1
6700,'8',641,,1157819,32,4,,1,81,,1157818,32,4,,1,36,,1157799,32,4,,1,67,,1157798,32,4,,1,30,,1157806,32,4,,1,71,,1157821,32,4,,1
6700,'9',641,,1157847,32,4,,1,81,,1157861,32,4,,1,36,,1157840,32,4,,1,67,,1157848,32,4,,1,30,,1157858,32,4,,1,71,,1157833,32,4,,1
6701,'1',1607,,1157865,1,,,1,28,,1157873,1,,,1,69,,1157864,1,,,1,30,,980044,1,,,1,70,,1103301,1,,,1,36,,1157878,1,,,1
6701,'10',1607,,1157888,1,,,1,28,,1157896,1,,,1,69,,1157887,1,,,1,30,,979777,1,,,1,70,,1103289,1,,,1,36,,1157901,1,,,1
6701,'11',1607,,1157911,1,,,1,28,,1157919,1,,,1,69,,1157910,1,,,1,30,,979994,1,,,1,70,,1103305,1,,,1,36,,1157924,1,,,1
6701,'12',1607,,1157935,1,,,1,28,,1157939,1,,,1,69,,1157956,1,,,1,30,,1157947,1,,,1,70,,1157958,1,,,1,36,,1157944,1,,,1
6701,'14',1607,,1157981,1,,,1,28,,1157989,1,,,1,69,,1157980,1,,,1,30,,1157999,1,,,1,70,,1157979,1,,,1,36,,1157994,1,,,1
6701,'15',1607,,1158014,1,,,1,28,,1158008,1,,,1,69,,1158034,1,,,1,30,,1158023,1,,,1,70,,1158006,1,,,1,36,,1158013,1,,,1
6701,'16',1607,,1158039,1,,,1,28,,1158043,1,,,1,69,,1010328,1,,,1,30,,1158051,1,,,1,70,,1086438,1,,,1,36,,1158048,1,,,1
6701,'5',1607,,1158146,1,,,1,28,,1158154,1,,,1,69,,1158145,1,,,1,30,,980200,1,,,1,70,,1103297,1,,,1,36,,1158159,1,,,1
6701,'6',1607,,1073488,1,,,1,28,,1158173,1,,,1,69,,1158189,1,,,1,30,,1158180,1,,,1,70,,1158192,1,,,1,36,,1158178,1,,,1
6701,'8',1607,,1158222,1,,,1,28,,1158226,1,,,1,69,,1158243,1,,,1,30,,1158234,1,,,1,70,,1158246,1,,,1,36,,1158231,1,,,1
6701,'9',1607,,1158250,1,,,1,28,,1158258,1,,,1,69,,1158249,1,,,1,30,,980150,1,,,1,70,,1103293,1,,,1,36,,1158263,1,,,1
7300,'1',535,,1161561,1,,,1,70,,1161544,1,,,1,29,,1161540,1,,,1,71,,1161542,1,,,1,30,,1161546,1,,,1,70,,1161552,1,,,1,30,,1070957,1,,,1,70,,1161566,1,,,1
7300,'10',535,,1161590,1,,,1,70,,1161573,1,,,1,29,,1161569,1,,,1,71,,1161571,1,,,1,30,,1161575,1,,,1,70,,1161581,1,,,1,30,,1070743,1,,,1,70,,1161595,1,,,1
7300,'11',535,,1161619,1,,,1,70,,1161602,1,,,1,29,,1161598,1,,,1,71,,1161600,1,,,1,30,,1161604,1,,,1,70,,1161610,1,,,1,30,,1071022,1,,,1,70,,1161624,1,,,1
7300,'12',535,,1161635,1,,,1,70,,1161643,1,,,1,29,,1161646,1,,,1,71,,1161642,1,,,1,30,,1161641,1,,,1,70,,1161637,1,,,1,30,,1161650,1,,,1,70,,1161658,1,,,1
7300,'14',535,,1161683,1,,,1,70,,1161666,1,,,1,29,,1161659,1,,,1,71,,1161663,1,,,1,30,,1161668,1,,,1,70,,1161674,1,,,1,30,,1161690,1,,,1,70,,1161688,1,,,1
7300,'15',535,,1161706,1,,,1,70,,1161696,1,,,1,29,,1161704,1,,,1,71,,1161714,1,,,1,30,,1161713,1,,,1,70,,1161705,1,,,1,30,,1161693,1,,,1,70,,1161719,1,,,1
7300,'16',535,,1161731,1,,,1,70,,1161739,1,,,1,29,,1161742,1,,,1,71,,1161738,1,,,1,30,,1161737,1,,,1,70,,1161733,1,,,1,30,,1161746,1,,,1,70,,1099045,1,,,1
7300,'5',535,,1161775,1,,,1,70,,1161758,1,,,1,29,,1161754,1,,,1,71,,1161756,1,,,1,30,,1161760,1,,,1,70,,1161766,1,,,1,30,,1070918,1,,,1,70,,1161780,1,,,1
7300,'6',535,,1161789,1,,,1,70,,1161796,1,,,1,29,,1161799,1,,,1,71,,1161795,1,,,1,30,,999984,1,,,1,70,,1161791,1,,,1,30,,1161802,1,,,1,70,,1161810,1,,,1
7300,'8',535,,1161819,1,,,1,70,,1161827,1,,,1,29,,1161830,1,,,1,71,,1161826,1,,,1,30,,1161825,1,,,1,70,,1161821,1,,,1,30,,1161834,1,,,1,70,,1161843,1,,,1
7300,'9',535,,1161865,1,,,1,70,,1161848,1,,,1,29,,1161844,1,,,1,71,,1161846,1,,,1,30,,1161850,1,,,1,70,,1161856,1,,,1,30,,1070810,1,,,1,70,,1161870,1,,,1
7301,'1',1546,,1161896,47,4,,1,73,,1161884,47,4,,1,37,,1161900,47,4,,1,70,,1161899,47,4,,1,30,,1161877,47,4,,1,69,,1161875,47,4,,1,27,,1161874,47,4,,1,67,,1161901,47,4,,1,27,,1161891,42,4,,1
7301,'10',1546,,1161926,47,4,,1,73,,1161914,47,4,,1,37,,1161930,47,4,,1,70,,1161929,47,4,,1,30,,1161907,47,4,,1,69,,1161905,47,4,,1,27,,1161904,47,4,,1,67,,1161931,47,4,,1,27,,1161921,42,4,,1
7301,'11',1546,,1161956,47,4,,1,73,,1161944,47,4,,1,37,,1161960,47,4,,1,70,,1161959,47,4,,1,30,,1161937,47,4,,1,69,,1161935,47,4,,1,27,,1161934,47,4,,1,67,,1161961,47,4,,1,27,,1161951,42,4,,1
7301,'12',1546,,1161968,47,4,,1,73,,1161967,47,4,,1,37,,1161976,47,4,,1,70,,1161991,47,4,,1,30,,1161973,47,4,,1,69,,1161977,47,4,,1,27,,1161964,47,4,,1,67,,1161980,47,4,,1,27,,1161978,42,4,,1
7301,'14',1546,,1162019,47,4,,1,73,,1162007,47,4,,1,37,,1162023,47,4,,1,70,,1162022,47,4,,1,30,,1162000,47,4,,1,69,,1161998,47,4,,1,27,,1161997,47,4,,1,67,,1162024,47,4,,1,27,,1162014,42,4,,1
7301,'15',1546,,1162049,47,4,,1,73,,1162052,47,4,,1,37,,1162045,47,4,,1,70,,1162061,47,4,,1,30,,1162031,47,4,,1,69,,1162038,47,4,,1,27,,1162051,47,4,,1,67,,1162042,47,4,,1,27,,1162034,42,4,,1
7301,'16',1546,,1162066,47,4,,1,73,,1162065,47,4,,1,37,,1162074,47,4,,1,70,,1075991,47,4,,1,30,,1065496,47,4,,1,69,,1162075,47,4,,1,27,,1065826,47,4,,1,67,,1162078,47,4,,1,27,,1162076,42,4,,1
7301,'5',1546,,1162114,47,4,,1,73,,1162102,47,4,,1,37,,1162118,47,4,,1,70,,1162117,47,4,,1,30,,1162095,47,4,,1,69,,1162093,47,4,,1,27,,1162092,47,4,,1,67,,1162119,47,4,,1,27,,1162109,42,4,,1
7301,'6',1546,,1162123,47,4,,1,73,,1013966,47,4,,1,37,,1162132,47,4,,1,70,,1162146,47,4,,1,30,,1162128,47,4,,1,69,,1162133,47,4,,1,27,,1162122,47,4,,1,67,,1162136,47,4,,1,27,,1162134,42,4,,1
7301,'8',1546,,1162153,47,4,,1,73,,1162152,47,4,,1,37,,1162163,47,4,,1,70,,1162178,47,4,,1,30,,1162159,47,4,,1,69,,1162164,47,4,,1,27,,1162149,47,4,,1,67,,1162167,47,4,,1,27,,1162165,42,4,,1
7301,'9',1546,,1162205,47,4,,1,73,,1162193,47,4,,1,37,,1162209,47,4,,1,70,,1162208,47,4,,1,30,,1162186,47,4,,1,69,,1162184,47,4,,1,27,,1162183,47,4,,1,67,,1162210,47,4,,1,27,,1162200,42,4,,1
7400,'1',605,,1162249,1,,,1,35,,1162254,1,,,1,70,,1162251,1,,,1,30,,1162250,1,,,1,17,,1087214,1,,,1,55,,1162260,1,,,1,13,,1162227,1,,,1,15,,1162259,1,,,1,15,,1162234,1,,,1,55,,1162253,1,,,1,15,,1162212,1,,,1,15,,1162233,1,,,1,15,,1071704,1,,,1,55,,1162264,1,,,1,15,,1162240,1,,,1,15,,1162231,1,,,1,15,,1162248,1,,,1,55,,1162229,1,,,1,15,,1162216,1,,,1,15,,1100549,1,,,1,15,,1162263,1,,,1,55,,1162235,1,,,1,15,,1162237,1,,,1,15,,1162213,1,,,1,15,,1092176,1,,,1,55,,1162222,1,,,1,15,,1162218,1,,,1,15,,1162225,1,,,1,14,,1162219,1,,,1,55,,1003799,1,,,1,15,,1162215,1,,,1,15,,1162245,1,,,1,15,,1162221,1,,,1,55,,952146,1,,,1,17,,1162232,1,,,1,17,,1162217,1,,,1,12,,1162241,1,,,1,56,,1162252,1,,,1,5,,1162220,14,0,19 20,1,10,,1162261,1,,,1,15,,1162214,1,,,1,15,,1162238,1,,,1,54,,1162223,1,,,1,15,,1162230,1,,,1,15,,1162247,1,,,1,15,,1162256,1,0,43,1,55,,1162243,1,,,1,15,,1162257,1,0,43,1,15,,1162242,1,,,1,15,,1162239,1,0,43,1,70,,1162244,1,,,1,30,,1162224,1,0,43,1,70,,1162255,1,,,1,30,,1162226,1,0,43,1,70,,1162262,1,,,1,30,,1162236,1,0,43,1,69,,1162258,1,,,1
7400,'10',605,,1162302,1,,,1,35,,1162307,1,,,1,70,,1162304,1,,,1,30,,1162303,1,,,1,17,,1087023,1,,,1,55,,1162313,1,,,1,13,,1162280,1,,,1,15,,1162312,1,,,1,15,,1162287,1,,,1,55,,1162306,1,,,1,15,,1162265,1,,,1,15,,1162286,1,,,1,15,,1071555,1,,,1,55,,1162317,1,,,1,15,,1162293,1,,,1,15,,1162284,1,,,1,15,,1162301,1,,,1,55,,1162282,1,,,1,15,,1162269,1,,,1,15,,1100471,1,,,1,15,,1162316,1,,,1,55,,1162288,1,,,1,15,,1162290,1,,,1,15,,1162266,1,,,1,15,,1092015,1,,,1,55,,1162275,1,,,1,15,,1162271,1,,,1,15,,1162278,1,,,1,14,,1162272,1,,,1,55,,1003956,1,,,1,15,,1162268,1,,,1,15,,1162298,1,,,1,15,,1162274,1,,,1,55,,951977,1,,,1,17,,1162285,1,,,1,17,,1162270,1,,,1,12,,1162294,1,,,1,56,,1162305,1,,,1,5,,1162273,14,0,19 20,1,10,,1162314,1,,,1,15,,1162267,1,,,1,15,,1162291,1,,,1,54,,1162276,1,,,1,15,,1162283,1,,,1,15,,1162300,1,,,1,15,,1162309,1,0,43,1,55,,1162296,1,,,1,15,,1162310,1,0,43,1,15,,1162295,1,,,1,15,,1162292,1,0,43,1,70,,1162297,1,,,1,30,,1162277,1,0,43,1,70,,1162308,1,,,1,30,,1162279,1,0,43,1,70,,1162315,1,,,1,30,,1162289,1,0,43,1,69,,1162311,1,,,1
7400,'11',605,,1162355,1,,,1,35,,1162360,1,,,1,70,,1162357,1,,,1,30,,1162356,1,,,1,17,,1087269,1,,,1,55,,1162366,1,,,1,13,,1162333,1,,,1,15,,1162365,1,,,1,15,,1162340,1,,,1,55,,1162359,1,,,1,15,,1162318,1,,,1,15,,1162339,1,,,1,15,,1071746,1,,,1,55,,1162370,1,,,1,15,,1162346,1,,,1,15,,1162337,1,,,1,15,,1162354,1,,,1,55,,1162335,1,,,1,15,,1162322,1,,,1,15,,1100570,1,,,1,15,,1162369,1,,,1,55,,1162341,1,,,1,15,,1162343,1,,,1,15,,1162319,1,,,1,15,,1092221,1,,,1,55,,1162328,1,,,1,15,,1162324,1,,,1,15,,1162331,1,,,1,14,,1162325,1,,,1,55,,1003751,1,,,1,15,,1162321,1,,,1,15,,1162351,1,,,1,15,,1162327,1,,,1,55,,952118,1,,,1,17,,1162338,1,,,1,17,,1162323,1,,,1,12,,1162347,1,,,1,56,,1162358,1,,,1,5,,1162326,14,0,19 20,1,10,,1162367,1,,,1,15,,1162320,1,,,1,15,,1162344,1,,,1,54,,1162329,1,,,1,15,,1162336,1,,,1,15,,1162353,1,,,1,15,,1162362,1,0,43,1,55,,1162349,1,,,1,15,,1162363,1,0,43,1,15,,1162348,1,,,1,15,,1162345,1,0,43,1,70,,1162350,1,,,1,30,,1162330,1,0,43,1,70,,1162361,1,,,1,30,,1162332,1,0,43,1,70,,1162368,1,,,1,30,,1162342,1,0,43,1,69,,1162364,1,,,1
7400,'12',605,,1162397,1,,,1,35,,1162379,1,,,1,70,,1162384,1,,,1,30,,1034236,1,,,1,17,,1162401,1,,,1,55,,1162394,1,,,1,13,,1088681,1,,,1,15,,1162371,1,,,1,15,,1162388,1,,,1,55,,1162387,1,,,1,15,,1162398,1,,,1,15,,1162404,1,,,1,15,,1162402,1,,,1,55,,1162408,1,,,1,15,,1162393,1,,,1,15,,1162405,1,,,1,15,,1162414,1,,,1,55,,1162410,1,,,1,15,,1162378,1,,,1,15,,1162399,1,,,1,15,,1162412,1,,,1,55,,1162400,1,,,1,15,,1162374,1,,,1,15,,1162418,1,,,1,15,,1162415,1,,,1,55,,1162411,1,,,1,15,,1162403,1,,,1,15,,1162421,1,,,1,14,,1162377,1,,,1,55,,927274,1,,,1,15,,1162390,1,,,1,15,,999848,1,,,1,15,,1162380,1,,,1,55,,1087169,1,,,1,17,,1032373,1,,,1,17,,1162385,1,,,1,12,,1162373,1,,,1,56,,1162381,1,,,1,5,,1079796,14,0,19 20,1,10,,1162406,1,,,1,15,,1162417,1,,,1,15,,1162386,1,,,1,54,,1162382,1,,,1,15,,1162372,1,,,1,15,,1162391,1,,,1,15,,1162413,1,0,43,1,55,,1162375,1,,,1,15,,1162407,1,0,43,1,15,,1162416,1,,,1,15,,1162389,1,0,43,1,70,,1162383,1,,,1,30,,1162419,1,0,43,1,70,,1065100,1,,,1,30,,1162409,1,0,43,1,70,,1162376,1,,,1,30,,1162395,1,0,43,1,69,,1162392,1,,,1
7400,'13',1003,,1162430,1,,,1,30,,1162439,1,,,1,70,,1162426,1,,,1,30,,1162432,1,,,1,70,,1162440,1,,,1,30,,1162427,1,,,1,70,,1162422,1,,,1,30,,1162444,1,,,1,70,,1162423,1,,,1,30,,1162443,1,,,1,70,,1162424,1,,,1,30,,1162435,1,,,1,70,,1162428,1,,,1,30,,1162442,1,,,1,70,,1162425,1,,,1,30,,1162438,1,,,1,70,,1162433,1,,,1
7400,'14',605,,1162487,1,,,1,35,,1162492,1,,,1,70,,1162489,1,,,1,30,,1162488,1,,,1,17,,1162449,1,,,1,55,,1162499,1,,,1,13,,1162463,1,,,1,15,,1162497,1,,,1,15,,1162470,1,,,1,55,,1162491,1,,,1,15,,1162446,1,,,1,15,,1162469,1,,,1,15,,1162498,1,,,1,55,,1162504,1,,,1,15,,1162477,1,,,1,15,,1162467,1,,,1,15,,1162486,1,,,1,55,,1162465,1,,,1,15,,1162451,1,,,1,15,,1162478,1,,,1,15,,1162502,1,,,1,55,,1162471,1,,,1,15,,1162473,1,,,1,15,,1162447,1,,,1,15,,1162476,1,,,1,55,,1162458,1,,,1,15,,1162453,1,,,1,15,,1162461,1,,,1,14,,1162454,1,,,1,55,,1162456,1,,,1,15,,1162450,1,,,1,15,,1162483,1,,,1,15,,1162457,1,,,1,55,,1162503,1,,,1,17,,1162468,1,,,1,17,,1162452,1,,,1,12,,1162479,1,,,1,56,,1162490,1,,,1,5,,1162455,14,0,19 20,1,10,,1162500,1,,,1,15,,1162448,1,,,1,15,,1162474,1,,,1,54,,1162459,1,,,1,15,,1162466,1,,,1,15,,1162485,1,,,1,15,,1162494,1,0,43,1,55,,1162481,1,,,1,15,,1162495,1,0,43,1,15,,1162480,1,,,1,15,,1162475,1,0,43,1,70,,1162482,1,,,1,30,,1162460,1,0,43,1,70,,1162493,1,,,1,30,,1162462,1,0,43,1,70,,1162501,1,,,1,30,,1162472,1,0,43,1,69,,1162496,1,,,1
7400,'15',605,,1162558,1,,,1,35,,1162555,1,,,1,70,,1162551,1,,,1,30,,1162541,1,,,1,17,,1162556,1,,,1,55,,1162530,1,,,1,13,,1162512,1,,,1,15,,1162562,1,,,1,15,,1162515,1,,,1,55,,1162526,1,,,1,15,,1162517,1,,,1,15,,1162542,1,,,1,15,,1162557,1,,,1,55,,1162521,1,,,1,15,,1162520,1,,,1,15,,1162509,1,,,1,15,,1162506,1,,,1,55,,1162540,1,,,1,15,,1162535,1,,,1,15,,1162524,1,,,1,15,,1162545,1,,,1,55,,1162527,1,,,1,15,,1162563,1,,,1,15,,1162561,1,,,1,15,,1162544,1,,,1,55,,1162513,1,,,1,15,,1162532,1,,,1,15,,1162528,1,,,1,14,,1162523,1,,,1,55,,1162549,1,,,1,15,,1162538,1,,,1,15,,1162537,1,,,1,15,,1162550,1,,,1,55,,1162507,1,,,1,17,,1162514,1,,,1,17,,1162522,1,,,1,12,,1162519,1,,,1,56,,1162533,1,,,1,5,,1162552,14,0,19 20,1,10,,1162553,1,,,1,15,,1162516,1,,,1,15,,1162546,1,,,1,54,,1162536,1,,,1,15,,1162560,1,,,1,15,,1162543,1,,,1,15,,1162531,1,0,43,1,55,,1162518,1,,,1,15,,1162505,1,0,43,1,15,,1162525,1,,,1,15,,1162511,1,0,43,1,70,,1162534,1,,,1,30,,1162508,1,0,43,1,70,,1162554,1,,,1,30,,1162548,1,0,43,1,70,,1162529,1,,,1,30,,1162547,1,0,43,1,69,,1162539,1,,,1
7400,'16',605,,1162586,1,,,1,35,,1162569,1,,,1,70,,1162574,1,,,1,30,,1162608,1,,,1,17,,1162590,1,,,1,55,,1162583,1,,,1,13,,1162615,1,,,1,15,,1162564,1,,,1,15,,1162578,1,,,1,55,,1162577,1,,,1,15,,1162587,1,,,1,15,,1162593,1,,,1,15,,1162591,1,,,1,55,,1162597,1,,,1,15,,1162582,1,,,1,15,,1162594,1,,,1,15,,1162603,1,,,1,55,,1162599,1,,,1,15,,1162568,1,,,1,15,,1162588,1,,,1,15,,1162601,1,,,1,55,,1162589,1,,,1,15,,1092914,1,,,1,15,,1162607,1,,,1,15,,1162604,1,,,1,55,,1162600,1,,,1,15,,1162592,1,,,1,15,,1162613,1,,,1,14,,1088814,1,,,1,55,,1162610,1,,,1,15,,1101207,1,,,1,15,,1162612,1,,,1,15,,1162570,1,,,1,55,,1162614,1,,,1,17,,1162571,1,,,1,17,,1162575,1,,,1,12,,1094170,1,,,1,56,,1162572,1,,,1,5,,1162573,14,0,19 20,1,10,,1162595,1,,,1,15,,1162606,1,,,1,15,,1162576,1,,,1,54,,1026026,1,,,1,15,,1162565,1,,,1,15,,1162580,1,,,1,15,,1162602,1,0,43,1,55,,1066181,1,,,1,15,,1162596,1,0,43,1,15,,1162605,1,,,1,15,,1162579,1,0,43,1,70,,1046809,1,,,1,30,,1162609,1,0,43,1,70,,1162566,1,,,1,30,,1162598,1,0,43,1,70,,1162567,1,,,1,30,,1162584,1,0,43,1,69,,1162581,1,,,1
7400,'17',1003,,1162624,1,,,1,30,,1162633,1,,,1,70,,1162620,1,,,1,30,,1162626,1,,,1,70,,1162634,1,,,1,30,,1162621,1,,,1,70,,1162616,1,,,1,30,,1162638,1,,,1,70,,1162617,1,,,1,30,,1162637,1,,,1,70,,1162618,1,,,1,30,,1162629,1,,,1,70,,1162622,1,,,1,30,,1162636,1,,,1,70,,1162619,1,,,1,30,,1162632,1,,,1,70,,1162627,1,,,1
7400,'2',856,,1162669,1,,,1,70,,1162661,1,,,1,30,,1162646,1,,,1,70,,1162664,1,,,1,30,,1162652,1,,,1,70,,1162654,1,,,1,30,,1162640,1,,,1,70,,1162647,1,,,1,30,,1162670,1,,,1,70,,1162641,1,,,1,30,,1162663,1,,,1,70,,1096258,1,,,1,30,,1162643,1,,,1,70,,1162666,1,,,1,30,,1162642,1,,,1,70,,1162653,1,,,1,30,,1162668,1,,,1,70,,1088406,1,,,1,30,,1162657,1,,,1,70,,1162645,1,,,1,30,,1162655,1,,,1,70,,1162667,1,,,1,30,,1162650,1,,,1,70,,1162660,1,,,1,30,,1162644,1,,,1,70,,1162662,1,,,1
7400,'3',1003,,1162679,1,,,1,30,,1162688,1,,,1,70,,1162675,1,,,1,30,,1162681,1,,,1,70,,1162689,1,,,1,30,,1162676,1,,,1,70,,1162671,1,,,1,30,,1162693,1,,,1,70,,1162672,1,,,1,30,,1162692,1,,,1,70,,1162673,1,,,1,30,,1162684,1,,,1,70,,1162677,1,,,1,30,,1162691,1,,,1,70,,1162674,1,,,1,30,,1162687,1,,,1,70,,1162682,1,,,1
7400,'4',1003,,1162697,1,,,1,30,,1162699,1,,,1,70,,1162702,1,,,1,30,,1162696,1,,,1,70,,1162715,1,,,1,30,,1010083,1,,,1,70,,1162712,1,,,1,30,,1162704,1,,,1,70,,1162695,1,,,1,30,,1162713,1,,,1,70,,1162706,1,,,1,30,,1162711,1,,,1,70,,1162716,1,,,1,30,,1162717,1,,,1,70,,1162700,1,,,1,30,,1162714,1,,,1,70,,1162709,1,,,1
7400,'5',605,,1162755,1,,,1,35,,1162760,1,,,1,70,,1162757,1,,,1,30,,1162756,1,,,1,17,,1087176,1,,,1,55,,1162766,1,,,1,13,,1162733,1,,,1,15,,1162765,1,,,1,15,,1162740,1,,,1,55,,1162759,1,,,1,15,,1162718,1,,,1,15,,1162739,1,,,1,15,,1071680,1,,,1,55,,1162770,1,,,1,15,,1162746,1,,,1,15,,1162737,1,,,1,15,,1162754,1,,,1,55,,1162735,1,,,1,15,,1162722,1,,,1,15,,1100536,1,,,1,15,,1162769,1,,,1,55,,1162741,1,,,1,15,,1162743,1,,,1,15,,1162719,1,,,1,15,,1092143,1,,,1,55,,1162728,1,,,1,15,,1162724,1,,,1,15,,1162731,1,,,1,14,,1162725,1,,,1,55,,1003531,1,,,1,15,,1162721,1,,,1,15,,1162751,1,,,1,15,,1162727,1,,,1,55,,952234,1,,,1,17,,1162738,1,,,1,17,,1162723,1,,,1,12,,1162747,1,,,1,56,,1162758,1,,,1,5,,1162726,14,0,19 20,1,10,,1162767,1,,,1,15,,1162720,1,,,1,15,,1162744,1,,,1,54,,1162729,1,,,1,15,,1162736,1,,,1,15,,1162753,1,,,1,15,,1162762,1,0,43,1,55,,1162749,1,,,1,15,,1162763,1,0,43,1,15,,1162748,1,,,1,15,,1162745,1,0,43,1,70,,1162750,1,,,1,30,,1162730,1,0,43,1,70,,1162761,1,,,1,30,,1162732,1,0,43,1,70,,1162768,1,,,1,30,,1162742,1,0,43,1,69,,1162764,1,,,1
7400,'6',605,,1162794,1,,,1,35,,1036605,1,,,1,70,,1162781,1,,,1,30,,1162813,1,,,1,17,,1162797,1,,,1,55,,1162791,1,,,1,13,,1162817,1,,,1,15,,1046489,1,,,1,15,,1162785,1,,,1,55,,1162784,1,,,1,15,,1162795,1,,,1,15,,1162800,1,,,1,15,,1162798,1,,,1,55,,1162803,1,,,1,15,,1162790,1,,,1,15,,1162801,1,,,1,15,,1162808,1,,,1,55,,1072409,1,,,1,15,,1101655,1,,,1,15,,1066268,1,,,1,15,,1162806,1,,,1,55,,1162796,1,,,1,15,,1162772,1,,,1,15,,1162812,1,,,1,15,,1162809,1,,,1,55,,1162805,1,,,1,15,,1162799,1,,,1,15,,1083342,1,,,1,14,,1162775,1,,,1,55,,1162814,1,,,1,15,,1162787,1,,,1,15,,1162815,1,,,1,15,,1162776,1,,,1,55,,1162816,1,,,1,17,,1162777,1,,,1,17,,1162782,1,,,1,12,,1162771,1,,,1,56,,1079657,1,,,1,5,,1162779,14,0,19 20,1,10,,1079269,1,,,1,15,,1162811,1,,,1,15,,1162783,1,,,1,54,,1162778,1,,,1,15,,962634,1,,,1,15,,1162788,1,,,1,15,,1162807,1,0,43,1,55,,1162773,1,,,1,15,,1162802,1,0,43,1,15,,1162810,1,,,1,15,,1162786,1,0,43,1,70,,1162780,1,,,1,30,,1063280,1,0,43,1,70,,1162774,1,,,1,30,,1162804,1,0,43,1,70,,1073913,1,,,1,30,,1162792,1,0,43,1,69,,1162789,1,,,1
7400,'7',856,,1162818,1,,,1,70,,1162819,1,,,1,30,,1162841,1,,,1,70,,1162839,1,,,1,30,,1162834,1,,,1,70,,1162828,1,,,1,30,,1162842,1,,,1,70,,1162840,1,,,1,30,,1162832,1,,,1,70,,1162825,1,,,1,30,,1162822,1,,,1,70,,1162848,1,,,1,30,,1162823,1,,,1,70,,1162833,1,,,1,30,,1162844,1,,,1,70,,1162849,1,,,1,30,,1162821,1,,,1,70,,1162831,1,,,1,30,,1162820,1,,,1,70,,1162850,1,,,1,30,,1162835,1,,,1,70,,1162827,1,,,1,30,,1162845,1,,,1,70,,1162824,1,,,1,30,,1162826,1,,,1,70,,1162830,1,,,1
7400,'8',605,,1162880,1,,,1,35,,1162860,1,,,1,70,,1162867,1,,,1,30,,1162902,1,,,1,17,,1162884,1,,,1,55,,1162877,1,,,1,13,,1162909,1,,,1,15,,1162851,1,,,1,15,,1162871,1,,,1,55,,1162870,1,,,1,15,,1162881,1,,,1,15,,1162887,1,,,1,15,,1162885,1,,,1,55,,1162891,1,,,1,15,,1162876,1,,,1,15,,1162888,1,,,1,15,,1162897,1,,,1,55,,1162893,1,,,1,15,,1162859,1,,,1,15,,1162882,1,,,1,15,,1162895,1,,,1,55,,1162883,1,,,1,15,,1162854,1,,,1,15,,1162901,1,,,1,15,,1162898,1,,,1,55,,1162894,1,,,1,15,,1162886,1,,,1,15,,1162907,1,,,1,14,,1162858,1,,,1,55,,1162904,1,,,1,15,,1162873,1,,,1,15,,1162906,1,,,1,15,,1162861,1,,,1,55,,1162908,1,,,1,17,,1162862,1,,,1,17,,1162868,1,,,1,12,,1162853,1,,,1,56,,1162863,1,,,1,5,,1162865,14,0,19 20,1,10,,1162889,1,,,1,15,,1162900,1,,,1,15,,1162869,1,,,1,54,,1162864,1,,,1,15,,1162852,1,,,1,15,,1162874,1,,,1,15,,1162896,1,0,43,1,55,,1162855,1,,,1,15,,1162890,1,0,43,1,15,,1162899,1,,,1,15,,1162872,1,0,43,1,70,,1162866,1,,,1,30,,1162903,1,0,43,1,70,,1162856,1,,,1,30,,1162892,1,0,43,1,70,,1162857,1,,,1,30,,1162878,1,0,43,1,69,,1162875,1,,,1
7400,'9',605,,1162947,1,,,1,35,,1162952,1,,,1,70,,1162949,1,,,1,30,,1162948,1,,,1,17,,1087085,1,,,1,55,,1162958,1,,,1,13,,1162925,1,,,1,15,,1162957,1,,,1,15,,1162932,1,,,1,55,,1162951,1,,,1,15,,1162910,1,,,1,15,,1162931,1,,,1,15,,1071603,1,,,1,55,,1162962,1,,,1,15,,1162938,1,,,1,15,,1162929,1,,,1,15,,1162946,1,,,1,55,,1162927,1,,,1,15,,1162914,1,,,1,15,,1100499,1,,,1,15,,1162961,1,,,1,55,,1162933,1,,,1,15,,1162935,1,,,1,15,,1162911,1,,,1,15,,1092069,1,,,1,55,,1162920,1,,,1,15,,1162916,1,,,1,15,,1162923,1,,,1,14,,1162917,1,,,1,55,,1003847,1,,,1,15,,1162913,1,,,1,15,,1162943,1,,,1,15,,1162919,1,,,1,55,,952206,1,,,1,17,,1162930,1,,,1,17,,1162915,1,,,1,12,,1162939,1,,,1,56,,1162950,1,,,1,5,,1162918,14,0,19 20,1,10,,1162959,1,,,1,15,,1162912,1,,,1,15,,1162936,1,,,1,54,,1162921,1,,,1,15,,1162928,1,,,1,15,,1162945,1,,,1,15,,1162954,1,0,43,1,55,,1162941,1,,,1,15,,1162955,1,0,43,1,15,,1162940,1,,,1,15,,1162937,1,0,43,1,70,,1162942,1,,,1,30,,1162922,1,0,43,1,70,,1162953,1,,,1,30,,1162924,1,0,43,1,70,,1162960,1,,,1,30,,1162934,1,0,43,1,69,,1162956,1,,,1
7401,'1',635,,1103761,34,4,,1,24,,1162967,34,4,,1,58,,1163009,34,4,,1,19,,1162983,34,4,,1,13,,1162993,34,4,,1,10,,1162975,24,4,,1,45,,1162999,34,4,,1,12,,1162965,34,4,,1,20,,1162986,34,4,,1,16,,1005990,34,4,,1,54,,1162973,34,4,,1,15,,1163000,34,4,,1,17,,1003156,34,4,,1,15,,1162970,34,4,,1,51,,1162995,34,4,,1,15,,1162976,34,4,,1,14,,1163004,34,4,,1,15,,1162994,34,4,,1,55,,1162979,34,4,,1,16,,1096134,34,4,,1,15,,1088158,34,4,,1,15,,1163006,34,4,,1,55,,1162981,34,4,,1,15,,1162992,34,4,,1,15,,1162998,34,4,,1,15,,1005233,34,4,,1,55,,1098140,34,4,,1,15,,1162985,34,4,,1,15,,1162977,34,4,,1,15,,1162980,34,4,,1,55,,1162978,34,4,,1,15,,1162972,34,4,,1,15,,1162974,34,4,,1,15,,1162997,34,4,,1,55,,1162988,34,4,,1,15,,1162982,34,4,,1,15,,1162966,34,4,,1,15,,1062140,34,4,,1,60,,1162968,34,4,,1,15,,1072344,34,4,,1,15,,1072632,34,4,,1,17,,1162969,34,4,,1,58,,1162987,34,4,,1,17,,1162964,34,4,,1,13,,1163008,34,4,,1,15,,1162984,34,4,,1,55,,1162989,34,4,,1,13,,1163007,34,4,,1,11,,1089226,34,4,,1,15,,1046245,34,4,,1,68,,1163001,34,4,,1,26,,1162990,34,4,,1,70,,1163002,34,4,,1,30,,1163005,34,4,,1,68,,1163003,34,4,,1,30,,1162963,34,4,,1,70,,1162971,34,4,,1
7401,'10',635,,1103734,34,4,,1,24,,1163014,34,4,,1,58,,1163056,34,4,,1,19,,1163030,34,4,,1,13,,1163040,34,4,,1,10,,1163022,24,4,,1,45,,1163046,34,4,,1,12,,1163012,34,4,,1,20,,1163033,34,4,,1,16,,1006087,34,4,,1,54,,1163020,34,4,,1,15,,1163047,34,4,,1,17,,1003233,34,4,,1,15,,1163017,34,4,,1,51,,1163042,34,4,,1,15,,1163023,34,4,,1,14,,1163051,34,4,,1,15,,1163041,34,4,,1,55,,1163026,34,4,,1,16,,1095991,34,4,,1,15,,1087750,34,4,,1,15,,1163053,34,4,,1,55,,1163028,34,4,,1,15,,1163039,34,4,,1,15,,1163045,34,4,,1,15,,1005327,34,4,,1,55,,1097990,34,4,,1,15,,1163032,34,4,,1,15,,1163024,34,4,,1,15,,1163027,34,4,,1,55,,1163025,34,4,,1,15,,1163019,34,4,,1,15,,1163021,34,4,,1,15,,1163044,34,4,,1,55,,1163035,34,4,,1,15,,1163029,34,4,,1,15,,1163013,34,4,,1,15,,1061907,34,4,,1,60,,1163015,34,4,,1,15,,1072198,34,4,,1,15,,1072485,34,4,,1,17,,1163016,34,4,,1,58,,1163034,34,4,,1,17,,1163011,34,4,,1,13,,1163055,34,4,,1,15,,1163031,34,4,,1,55,,1163036,34,4,,1,13,,1163054,34,4,,1,11,,1089031,34,4,,1,15,,1046333,34,4,,1,68,,1163048,34,4,,1,26,,1163037,34,4,,1,70,,1163049,34,4,,1,30,,1163052,34,4,,1,68,,1163050,34,4,,1,30,,1163010,34,4,,1,70,,1163018,34,4,,1
7401,'11',635,,1103770,34,4,,1,24,,1163061,34,4,,1,58,,1163103,34,4,,1,19,,1163077,34,4,,1,13,,1163087,34,4,,1,10,,1163069,24,4,,1,45,,1163093,34,4,,1,12,,1163059,34,4,,1,20,,1163080,34,4,,1,16,,1005960,34,4,,1,54,,1163067,34,4,,1,15,,1163094,34,4,,1,17,,1003136,34,4,,1,15,,1163064,34,4,,1,51,,1163089,34,4,,1,15,,1163070,34,4,,1,14,,1163098,34,4,,1,15,,1163088,34,4,,1,55,,1163073,34,4,,1,16,,1096177,34,4,,1,15,,1088270,34,4,,1,15,,1163100,34,4,,1,55,,1163075,34,4,,1,15,,1163086,34,4,,1,15,,1163092,34,4,,1,15,,1005205,34,4,,1,55,,1098185,34,4,,1,15,,1163079,34,4,,1,15,,1163071,34,4,,1,15,,1163074,34,4,,1,55,,1163072,34,4,,1,15,,1163066,34,4,,1,15,,1163068,34,4,,1,15,,1163091,34,4,,1,55,,1163082,34,4,,1,15,,1163076,34,4,,1,15,,1163060,34,4,,1,15,,1062215,34,4,,1,60,,1163062,34,4,,1,15,,1072380,34,4,,1,15,,1072673,34,4,,1,17,,1163063,34,4,,1,58,,1163081,34,4,,1,17,,1163058,34,4,,1,13,,1163102,34,4,,1,15,,1163078,34,4,,1,55,,1163083,34,4,,1,13,,1163101,34,4,,1,11,,1089281,34,4,,1,15,,1046219,34,4,,1,68,,1163095,34,4,,1,26,,1163084,34,4,,1,70,,1163096,34,4,,1,30,,1163099,34,4,,1,68,,1163097,34,4,,1,30,,1163057,34,4,,1,70,,1163065,34,4,,1
7401,'12',635,,1163144,34,4,,1,24,,1163150,34,4,,1,58,,1163143,34,4,,1,19,,1163129,34,4,,1,13,,1163154,34,4,,1,10,,1163106,24,4,,1,45,,1163122,34,4,,1,12,,1163148,34,4,,1,20,,1163125,34,4,,1,16,,1163132,34,4,,1,54,,1163112,34,4,,1,15,,1163113,34,4,,1,17,,1163114,34,4,,1,15,,1163120,34,4,,1,51,,1163109,34,4,,1,15,,1163108,34,4,,1,14,,1163121,34,4,,1,15,,1163141,34,4,,1,55,,1163118,34,4,,1,16,,1163124,34,4,,1,15,,1163158,34,4,,1,15,,1163140,34,4,,1,55,,1163135,34,4,,1,15,,1163119,34,4,,1,15,,1163151,34,4,,1,15,,1163138,34,4,,1,55,,1096372,34,4,,1,15,,1163115,34,4,,1,15,,1163137,34,4,,1,15,,1020172,34,4,,1,55,,1163128,34,4,,1,15,,1163123,34,4,,1,15,,1163117,34,4,,1,15,,1163156,34,4,,1,55,,1163126,34,4,,1,15,,1163133,34,4,,1,15,,1070267,34,4,,1,15,,1038829,34,4,,1,60,,1163110,34,4,,1,15,,1163107,34,4,,1,15,,1163155,34,4,,1,17,,1163127,34,4,,1,58,,1163146,34,4,,1,17,,1163104,34,4,,1,13,,1163153,34,4,,1,15,,1163152,34,4,,1,55,,1163149,34,4,,1,13,,1163147,34,4,,1,11,,1163105,34,4,,1,15,,1163159,34,4,,1,68,,1163142,34,4,,1,26,,1163139,34,4,,1,70,,1163145,34,4,,1,30,,1163130,34,4,,1,68,,1163136,34,4,,1,30,,1163116,34,4,,1,70,,1163134,34,4,,1
7401,'13',1037,,1163182,34,4,,1,72,,1163172,34,4,,1,30,,1163177,34,4,,1,70,,1163161,34,4,,1,30,,1163170,34,4,,1,71,,1163184,34,4,,1,30,,1163171,34,4,,1,70,,1163167,34,4,,1,30,,1163168,34,4,,1,70,,1163179,34,4,,1,30,,1163181,34,4,,1,70,,1163183,34,4,,1,30,,1163166,34,4,,1,69,,1163174,34,4,,1,30,,1163164,34,4,,1
7401,'14',635,,1163192,34,4,,1,24,,1163191,34,4,,1,58,,1163242,34,4,,1,19,,1163212,34,4,,1,13,,1163222,34,4,,1,10,,1163203,24,4,,1,45,,1163228,34,4,,1,12,,1163187,34,4,,1,20,,1163215,34,4,,1,16,,1163194,34,4,,1,54,,1163201,34,4,,1,15,,1163229,34,4,,1,17,,1163188,34,4,,1,15,,1163198,34,4,,1,51,,1163224,34,4,,1,15,,1163204,34,4,,1,14,,1163234,34,4,,1,15,,1163223,34,4,,1,55,,1163207,34,4,,1,16,,1163237,34,4,,1,15,,1163239,34,4,,1,15,,1163236,34,4,,1,55,,1163209,34,4,,1,15,,1163221,34,4,,1,15,,1163227,34,4,,1,15,,1163244,34,4,,1,55,,1163195,34,4,,1,15,,1163214,34,4,,1,15,,1163205,34,4,,1,15,,1163208,34,4,,1,55,,1163206,34,4,,1,15,,1163200,34,4,,1,15,,1163202,34,4,,1,15,,1163226,34,4,,1,55,,1163217,34,4,,1,15,,1163211,34,4,,1,15,,1163190,34,4,,1,15,,1163231,34,4,,1,60,,1163193,34,4,,1,15,,1163189,34,4,,1,15,,1163241,34,4,,1,17,,1163196,34,4,,1,58,,1163216,34,4,,1,17,,1163186,34,4,,1,13,,1163240,34,4,,1,15,,1163213,34,4,,1,55,,1163218,34,4,,1,13,,1163238,34,4,,1,11,,1163243,34,4,,1,15,,1163197,34,4,,1,68,,1163230,34,4,,1,26,,1163219,34,4,,1,70,,1163232,34,4,,1,30,,1163235,34,4,,1,68,,1163233,34,4,,1,30,,1163185,34,4,,1,70,,1163199,34,4,,1
7401,'15',635,,1163265,34,4,,1,24,,1163295,34,4,,1,58,,1163268,34,4,,1,19,,1163288,34,4,,1,13,,1163256,34,4,,1,10,,1163260,24,4,,1,45,,1163247,34,4,,1,12,,1163274,34,4,,1,20,,1163250,34,4,,1,16,,1163246,34,4,,1,54,,1163266,34,4,,1,15,,1163280,34,4,,1,17,,1163302,34,4,,1,15,,1163248,34,4,,1,51,,1163262,34,4,,1,15,,1163301,34,4,,1,14,,1163267,34,4,,1,15,,1163272,34,4,,1,55,,1163275,34,4,,1,16,,1163303,34,4,,1,15,,1163277,34,4,,1,15,,1163289,34,4,,1,55,,1163285,34,4,,1,15,,1163251,34,4,,1,15,,1163279,34,4,,1,15,,1163278,34,4,,1,55,,1163254,34,4,,1,15,,1163264,34,4,,1,15,,1163263,34,4,,1,15,,1163249,34,4,,1,55,,1163294,34,4,,1,15,,1163257,34,4,,1,15,,1163292,34,4,,1,15,,1163283,34,4,,1,55,,1163287,34,4,,1,15,,1163253,34,4,,1,15,,1163276,34,4,,1,15,,1163300,34,4,,1,60,,1163269,34,4,,1,15,,1163252,34,4,,1,15,,1163290,34,4,,1,17,,1163261,34,4,,1,58,,1163258,34,4,,1,17,,1163270,34,4,,1,13,,1163284,34,4,,1,15,,1163281,34,4,,1,55,,1163282,34,4,,1,13,,1163298,34,4,,1,11,,1163291,34,4,,1,15,,1163286,34,4,,1,68,,1163296,34,4,,1,26,,1163304,34,4,,1,70,,1163297,34,4,,1,30,,1163259,34,4,,1,68,,1163273,34,4,,1,30,,1163255,34,4,,1,70,,1163293,34,4,,1
7401,'16',635,,1163338,34,4,,1,24,,1163344,34,4,,1,58,,1163337,34,4,,1,19,,1163323,34,4,,1,13,,1163347,34,4,,1,10,,1087593,24,4,,1,45,,1163317,34,4,,1,12,,1163342,34,4,,1,20,,1163319,34,4,,1,16,,1163326,34,4,,1,54,,1074546,34,4,,1,15,,1052153,34,4,,1,17,,1163310,34,4,,1,15,,1163315,34,4,,1,51,,1163309,34,4,,1,15,,1071304,34,4,,1,14,,1163316,34,4,,1,15,,1163335,34,4,,1,55,,1163313,34,4,,1,16,,1163318,34,4,,1,15,,1095937,34,4,,1,15,,1163334,34,4,,1,55,,1163329,34,4,,1,15,,1163314,34,4,,1,15,,1163345,34,4,,1,15,,1163332,34,4,,1,55,,1163308,34,4,,1,15,,1037978,34,4,,1,15,,1163331,34,4,,1,15,,1163346,34,4,,1,55,,1163322,34,4,,1,15,,1079880,34,4,,1,15,,1163312,34,4,,1,15,,1163349,34,4,,1,55,,1163320,34,4,,1,15,,1163327,34,4,,1,15,,1163306,34,4,,1,15,,1163350,34,4,,1,60,,1070967,34,4,,1,15,,1163307,34,4,,1,15,,1163348,34,4,,1,17,,1163321,34,4,,1,58,,1163340,34,4,,1,17,,1163305,34,4,,1,13,,1090515,34,4,,1,15,,1052155,34,4,,1,55,,1163343,34,4,,1,13,,1163341,34,4,,1,11,,1064133,34,4,,1,15,,1163351,34,4,,1,68,,1163336,34,4,,1,26,,1163333,34,4,,1,70,,1163339,34,4,,1,30,,1163324,34,4,,1,68,,1163330,34,4,,1,30,,1163311,34,4,,1,70,,1163328,34,4,,1
7401,'17',1037,,1163375,34,4,,1,72,,1163365,34,4,,1,30,,1163370,34,4,,1,70,,1163354,34,4,,1,30,,1163363,34,4,,1,71,,1163377,34,4,,1,30,,1163364,34,4,,1,70,,1163360,34,4,,1,30,,1163361,34,4,,1,70,,1163372,34,4,,1,30,,1163374,34,4,,1,70,,1163376,34,4,,1,30,,1163359,34,4,,1,69,,1163367,34,4,,1,30,,1163357,34,4,,1
7401,'2',858,,1163396,34,4,,1,71,,1163403,34,4,,1,30,,1163383,34,4,,1,71,,1163382,34,4,,1,72,,1163398,34,4,,1,30,,1163391,34,4,,1,70,,1163399,34,4,,1,30,,1017152,34,4,,1,71,,1163385,34,4,,1,30,,1163390,34,4,,1,70,,1163388,34,4,,1,30,,1163380,34,4,,1,70,,1163381,34,4,,1,30,,1163393,34,4,,1,70,,1163408,34,4,,1,30,,1163407,34,4,,1,69,,1163378,34,4,,1,30,,1163404,34,4,,1,68,,1163401,34,4,,1,30,,1098245,34,4,,1,70,,1163397,34,4,,1,30,,1163402,34,4,,1,70,,1163386,34,4,,1,30,,1163379,34,4,,1,28,,1163387,34,4,,1,70,,1063375,34,4,,1
7401,'3',1037,,1163432,34,4,,1,72,,1163422,34,4,,1,30,,1163427,34,4,,1,70,,1163411,34,4,,1,30,,1163420,34,4,,1,71,,1163434,34,4,,1,30,,1163421,34,4,,1,70,,1163417,34,4,,1,30,,1163418,34,4,,1,70,,1163429,34,4,,1,30,,1163431,34,4,,1,70,,1163433,34,4,,1,30,,1163416,34,4,,1,69,,1163424,34,4,,1,30,,1163414,34,4,,1
7401,'4',1037,,1163447,34,4,,1,72,,1163455,34,4,,1,30,,1163454,34,4,,1,70,,1163437,34,4,,1,30,,1163435,34,4,,1,71,,1163456,34,4,,1,30,,1163459,34,4,,1,70,,1163443,34,4,,1,30,,1163439,34,4,,1,70,,1163440,34,4,,1,30,,1163444,34,4,,1,70,,1163438,34,4,,1,30,,1163441,34,4,,1,69,,1163446,34,4,,1,30,,1163449,34,4,,1
7401,'5',635,,1103752,34,4,,1,24,,1163464,34,4,,1,58,,1163506,34,4,,1,19,,1163480,34,4,,1,13,,1163490,34,4,,1,10,,1163472,24,4,,1,45,,1163496,34,4,,1,12,,1163462,34,4,,1,20,,1163483,34,4,,1,16,,1005819,34,4,,1,54,,1163470,34,4,,1,15,,1163497,34,4,,1,17,,1003046,34,4,,1,15,,1163467,34,4,,1,51,,1163492,34,4,,1,15,,1163473,34,4,,1,14,,1163501,34,4,,1,15,,1163491,34,4,,1,55,,1163476,34,4,,1,16,,1096114,34,4,,1,15,,1088097,34,4,,1,15,,1163503,34,4,,1,55,,1163478,34,4,,1,15,,1163489,34,4,,1,15,,1163495,34,4,,1,15,,1005070,34,4,,1,55,,1098118,34,4,,1,15,,1163482,34,4,,1,15,,1163474,34,4,,1,15,,1163477,34,4,,1,55,,1163475,34,4,,1,15,,1163469,34,4,,1,15,,1163471,34,4,,1,15,,1163494,34,4,,1,55,,1163485,34,4,,1,15,,1163479,34,4,,1,15,,1163463,34,4,,1,15,,1062092,34,4,,1,60,,1163465,34,4,,1,15,,1072323,34,4,,1,15,,1072610,34,4,,1,17,,1163466,34,4,,1,58,,1163484,34,4,,1,17,,1163461,34,4,,1,13,,1163505,34,4,,1,15,,1163481,34,4,,1,55,,1163486,34,4,,1,13,,1163504,34,4,,1,11,,1089188,34,4,,1,15,,1046091,34,4,,1,68,,1163498,34,4,,1,26,,1163487,34,4,,1,70,,1163499,34,4,,1,30,,1163502,34,4,,1,68,,1163500,34,4,,1,30,,1163460,34,4,,1,70,,1163468,34,4,,1
7401,'6',635,,1163546,34,4,,1,24,,1163551,34,4,,1,58,,1163545,34,4,,1,19,,1163531,34,4,,1,13,,1163556,34,4,,1,10,,1163509,24,4,,1,45,,1163524,34,4,,1,12,,1163549,34,4,,1,20,,1163527,34,4,,1,16,,1163534,34,4,,1,54,,1163515,34,4,,1,15,,1163516,34,4,,1,17,,965696,34,4,,1,15,,1163522,34,4,,1,51,,1103028,34,4,,1,15,,1163511,34,4,,1,14,,1163523,34,4,,1,15,,1163543,34,4,,1,55,,1163520,34,4,,1,16,,1163526,34,4,,1,15,,1163559,34,4,,1,15,,1163542,34,4,,1,55,,1163537,34,4,,1,15,,1163521,34,4,,1,15,,1163552,34,4,,1,15,,1163540,34,4,,1,55,,1163512,34,4,,1,15,,1163517,34,4,,1,15,,1163539,34,4,,1,15,,1163553,34,4,,1,55,,1163530,34,4,,1,15,,1163525,34,4,,1,15,,1163519,34,4,,1,15,,1014334,34,4,,1,55,,1163528,34,4,,1,15,,1163535,34,4,,1,15,,1163510,34,4,,1,15,,1163557,34,4,,1,60,,1163513,34,4,,1,15,,1082497,34,4,,1,15,,1082715,34,4,,1,17,,1163529,34,4,,1,58,,1163548,34,4,,1,17,,1163507,34,4,,1,13,,1163555,34,4,,1,15,,1163554,34,4,,1,55,,1163550,34,4,,1,13,,1004987,34,4,,1,11,,1163508,34,4,,1,15,,1097596,34,4,,1,68,,1163544,34,4,,1,26,,1163541,34,4,,1,70,,1163547,34,4,,1,30,,1163532,34,4,,1,68,,1163538,34,4,,1,30,,1163518,34,4,,1,70,,1163536,34,4,,1
7401,'7',858,,1163588,34,4,,1,71,,1163581,34,4,,1,30,,1163586,34,4,,1,71,,1163569,34,4,,1,72,,1163579,34,4,,1,30,,1163563,34,4,,1,70,,1163580,34,4,,1,30,,1163592,34,4,,1,71,,1163585,34,4,,1,30,,1163571,34,4,,1,70,,1163566,34,4,,1,30,,1163593,34,4,,1,70,,1163583,34,4,,1,30,,1163590,34,4,,1,70,,1163561,34,4,,1,30,,1163584,34,4,,1,69,,1163564,34,4,,1,30,,1163576,34,4,,1,68,,1163567,34,4,,1,30,,1163589,34,4,,1,70,,1163587,34,4,,1,30,,1163582,34,4,,1,70,,1163562,34,4,,1,30,,1163577,34,4,,1,28,,1163591,34,4,,1,70,,1163575,34,4,,1
7401,'8',635,,1163636,34,4,,1,24,,1163642,34,4,,1,58,,1163635,34,4,,1,19,,1163621,34,4,,1,13,,1163647,34,4,,1,10,,1163596,24,4,,1,45,,1163614,34,4,,1,12,,1163640,34,4,,1,20,,1163617,34,4,,1,16,,1163624,34,4,,1,54,,1163604,34,4,,1,15,,1163605,34,4,,1,17,,1163606,34,4,,1,15,,1163612,34,4,,1,51,,1163601,34,4,,1,15,,1163599,34,4,,1,14,,1163613,34,4,,1,15,,1163633,34,4,,1,55,,1163610,34,4,,1,16,,1163616,34,4,,1,15,,1163652,34,4,,1,15,,1163632,34,4,,1,55,,1163627,34,4,,1,15,,1163611,34,4,,1,15,,1163643,34,4,,1,15,,1163630,34,4,,1,55,,1163600,34,4,,1,15,,1163607,34,4,,1,15,,1163629,34,4,,1,15,,1163644,34,4,,1,55,,1163620,34,4,,1,15,,1163615,34,4,,1,15,,1163609,34,4,,1,15,,1163649,34,4,,1,55,,1163618,34,4,,1,15,,1163625,34,4,,1,15,,1163597,34,4,,1,15,,1163650,34,4,,1,60,,1163602,34,4,,1,15,,1163598,34,4,,1,15,,1163648,34,4,,1,17,,1163619,34,4,,1,58,,1163638,34,4,,1,17,,1163594,34,4,,1,13,,1163646,34,4,,1,15,,1163645,34,4,,1,55,,1163641,34,4,,1,13,,1163639,34,4,,1,11,,1163595,34,4,,1,15,,1163653,34,4,,1,68,,1163634,34,4,,1,26,,1163631,34,4,,1,70,,1163637,34,4,,1,30,,1163622,34,4,,1,68,,1163628,34,4,,1,30,,1163608,34,4,,1,70,,1163626,34,4,,1
7401,'9',635,,1103743,34,4,,1,24,,1163658,34,4,,1,58,,1163700,34,4,,1,19,,1163674,34,4,,1,13,,1163684,34,4,,1,10,,1163666,24,4,,1,45,,1163690,34,4,,1,12,,1163656,34,4,,1,20,,1163677,34,4,,1,16,,1006020,34,4,,1,54,,1163664,34,4,,1,15,,1163691,34,4,,1,17,,1003176,34,4,,1,15,,1163661,34,4,,1,51,,1163686,34,4,,1,15,,1163667,34,4,,1,14,,1163695,34,4,,1,15,,1163685,34,4,,1,55,,1163670,34,4,,1,16,,1096037,34,4,,1,15,,1087880,34,4,,1,15,,1163697,34,4,,1,55,,1163672,34,4,,1,15,,1163683,34,4,,1,15,,1163689,34,4,,1,15,,1005261,34,4,,1,55,,1098034,34,4,,1,15,,1163676,34,4,,1,15,,1163668,34,4,,1,15,,1163671,34,4,,1,55,,1163669,34,4,,1,15,,1163663,34,4,,1,15,,1163665,34,4,,1,15,,1163688,34,4,,1,55,,1163679,34,4,,1,15,,1163673,34,4,,1,15,,1163657,34,4,,1,15,,1061981,34,4,,1,60,,1163659,34,4,,1,15,,1072245,34,4,,1,15,,1072533,34,4,,1,17,,1163660,34,4,,1,58,,1163678,34,4,,1,17,,1163655,34,4,,1,13,,1163699,34,4,,1,15,,1163675,34,4,,1,55,,1163680,34,4,,1,13,,1163698,34,4,,1,11,,1089094,34,4,,1,15,,1046271,34,4,,1,68,,1163692,34,4,,1,26,,1163681,34,4,,1,70,,1163693,34,4,,1,30,,1163696,34,4,,1,68,,1163694,34,4,,1,30,,1163654,34,4,,1,70,,1163662,34,4,,1
7500,'1',409,,1060869,20,0,66 67,1,26,,1089192,20,0,66 67,1,70,,1022446,20,4,,1,35,,1163712,20,4,,1,68,,1163703,20,4,,1,12,,1163747,20,4,,1,19,,1163710,41,4,,1,14,,1163708,20,4,,1,55,,1163715,41,4,,1,15,,1163765,20,4,,1,5,,1163704,20,4,,1,5,,1163741,20,4,,1,6,,1163742,41,4,,1,13,,1163746,20,4,,1,2,,1163701,41,4,,1,50,,1163768,20,4,,1,4,,1163702,20,4,,1,9,,1163759,41,4,,1,4,,1163767,20,4,,1,3,,1163707,20,4,,1,8,,1047250,20,4,,1,10,,1069815,41,4,,1,7,,1163714,20,4,,1,5,,1163758,20,4,,1,50,,1163750,41,4,,1,21,,1163731,41,4,,1,13,,1163729,41,4,,1,15,,1163711,41,4,,1,55,,1163709,41,4,,1,15,,1163762,41,4,,1,14,,1163740,41,4,,1,15,,1163754,41,4,,1,54,,1163771,41,4,,1,15,,1163720,41,4,,1,15,,1163775,41,4,,1,15,,1163772,41,4,,1,55,,1092911,41,4,,1,15,,1163734,41,4,,1,15,,1163730,41,4,,1,15,,1163738,41,4,,1,55,,1163753,41,4,,1,15,,936910,41,4,,1,15,,1078317,41,4,,1,16,,1163725,20,4,,1,54,,1163779,41,4,,1,17,,1163749,20,4,,1,14,,1163761,41,4,,1,16,,1163756,20,4,,1,55,,1163744,41,4,,1,15,,1163716,20,4,,1,15,,1163745,41,4,,1,17,,1003385,20,4,,1,56,,1163733,41,4,,1,19,,1163743,20,4,,1,18,,1163727,41,4,,1,54,,1163722,20,4,,1,14,,1163776,41,4,,1,14,,1163755,20,4,,1,14,,1163713,41,4,,1,15,,1163718,20,4,,1,56,,1079845,41,4,,1,10,,1163732,20,4,,1,13,,1163766,41,4,,1,15,,1163777,20,4,,1,53,,1163735,41,4,,1,17,,1163751,20,4,,1,15,,1163706,41,4,,1,17,,1163774,20,4,,1,57,,1163737,41,4,,1,17,,1163724,20,4,,1,15,,1163728,41,4,,1,59,,1163736,20,4,,1,12,,1163717,41,4,,1,16,,1163721,20,4,,1,17,,1163764,41,4,,1,54,,1163723,20,4,,1,13,,1163748,41,4,,1,14,,1163757,20,4,,1,19,,977867,41,4,,1,52,,1163760,20,4,,1,18,,1163778,41,4,,1,12,,1092858,20,4,,1,14,,1163770,41,4,,1,61,,1163773,20,4,,1,30,,1163769,20,4,,1,70,,1163739,20,0,66 67,1,29,,1163726,20,0,66 67,1,69,,1003826,20,0,66 67,1,29,,1163719,20,0,66 67,1,70,,1163763,20,0,66 67,1,40,,1163752,20,0,66 67,1
7500,'10',409,,1060875,20,0,66 67,1,26,,1088997,20,0,66 67,1,70,,1022573,20,4,,1,35,,1163791,20,4,,1,68,,1163782,20,4,,1,12,,1163826,20,4,,1,19,,1163789,41,4,,1,14,,1163787,20,4,,1,55,,1163794,41,4,,1,15,,1163844,20,4,,1,5,,1163783,20,4,,1,5,,1163820,20,4,,1,6,,1163821,41,4,,1,13,,1163825,20,4,,1,2,,1163780,41,4,,1,50,,1163847,20,4,,1,4,,1163781,20,4,,1,9,,1163838,41,4,,1,4,,1163846,20,4,,1,3,,1163786,20,4,,1,8,,1047431,20,4,,1,10,,1069670,41,4,,1,7,,1163793,20,4,,1,5,,1163837,20,4,,1,50,,1163829,41,4,,1,21,,1163810,41,4,,1,13,,1163808,41,4,,1,15,,1163790,41,4,,1,55,,1163788,41,4,,1,15,,1163841,41,4,,1,14,,1163819,41,4,,1,15,,1163833,41,4,,1,54,,1163850,41,4,,1,15,,1163799,41,4,,1,15,,1163854,41,4,,1,15,,1163851,41,4,,1,55,,1092593,41,4,,1,15,,1163813,41,4,,1,15,,1163809,41,4,,1,15,,1163817,41,4,,1,55,,1163832,41,4,,1,15,,936528,41,4,,1,15,,1078105,41,4,,1,16,,1163804,20,4,,1,54,,1163858,41,4,,1,17,,1163828,20,4,,1,14,,1163840,41,4,,1,16,,1163835,20,4,,1,55,,1163823,41,4,,1,15,,1163795,20,4,,1,15,,1163824,41,4,,1,17,,1003461,20,4,,1,56,,1163812,41,4,,1,19,,1163822,20,4,,1,18,,1163806,41,4,,1,54,,1163801,20,4,,1,14,,1163855,41,4,,1,14,,1163834,20,4,,1,14,,1163792,41,4,,1,15,,1163797,20,4,,1,56,,1079682,41,4,,1,10,,1163811,20,4,,1,13,,1163845,41,4,,1,15,,1163856,20,4,,1,53,,1163814,41,4,,1,17,,1163830,20,4,,1,15,,1163785,41,4,,1,17,,1163853,20,4,,1,57,,1163816,41,4,,1,17,,1163803,20,4,,1,15,,1163807,41,4,,1,59,,1163815,20,4,,1,12,,1163796,41,4,,1,16,,1163800,20,4,,1,17,,1163843,41,4,,1,54,,1163802,20,4,,1,13,,1163827,41,4,,1,14,,1163836,20,4,,1,19,,977670,41,4,,1,52,,1163839,20,4,,1,18,,1163857,41,4,,1,12,,1092541,20,4,,1,14,,1163849,41,4,,1,61,,1163852,20,4,,1,30,,1163848,20,4,,1,70,,1163818,20,0,66 67,1,29,,1163805,20,0,66 67,1,69,,1003983,20,0,66 67,1,29,,1163798,20,0,66 67,1,70,,1163842,20,0,66 67,1,40,,1163831,20,0,66 67,1
7500,'11',409,,1060867,20,0,66 67,1,26,,1089247,20,0,66 67,1,70,,1022407,20,4,,1,35,,1163870,20,4,,1,68,,1163861,20,4,,1,12,,1163905,20,4,,1,19,,1163868,41,4,,1,14,,1163866,20,4,,1,55,,1163873,41,4,,1,15,,1163923,20,4,,1,5,,1163862,20,4,,1,5,,1163899,20,4,,1,6,,1163900,41,4,,1,13,,1163904,20,4,,1,2,,1163859,41,4,,1,50,,1163926,20,4,,1,4,,1163860,20,4,,1,9,,1163917,41,4,,1,4,,1163925,20,4,,1,3,,1163865,20,4,,1,8,,1047198,20,4,,1,10,,1069859,41,4,,1,7,,1163872,20,4,,1,5,,1163916,20,4,,1,50,,1163908,41,4,,1,21,,1163889,41,4,,1,13,,1163887,41,4,,1,15,,1163869,41,4,,1,55,,1163867,41,4,,1,15,,1163920,41,4,,1,14,,1163898,41,4,,1,15,,1163912,41,4,,1,54,,1163929,41,4,,1,15,,1163878,41,4,,1,15,,1163933,41,4,,1,15,,1163930,41,4,,1,55,,1093001,41,4,,1,15,,1163892,41,4,,1,15,,1163888,41,4,,1,15,,1163896,41,4,,1,55,,1163911,41,4,,1,15,,936857,41,4,,1,15,,1078379,41,4,,1,16,,1163883,20,4,,1,54,,1163937,41,4,,1,17,,1163907,20,4,,1,14,,1163919,41,4,,1,16,,1163914,20,4,,1,55,,1163902,41,4,,1,15,,1163874,20,4,,1,15,,1163903,41,4,,1,17,,1003362,20,4,,1,56,,1163891,41,4,,1,19,,1163901,20,4,,1,18,,1163885,41,4,,1,54,,1163880,20,4,,1,14,,1163934,41,4,,1,14,,1163913,20,4,,1,14,,1163871,41,4,,1,15,,1163876,20,4,,1,56,,1079891,41,4,,1,10,,1163890,20,4,,1,13,,1163924,41,4,,1,15,,1163935,20,4,,1,53,,1163893,41,4,,1,17,,1163909,20,4,,1,15,,1163864,41,4,,1,17,,1163932,20,4,,1,57,,1163895,41,4,,1,17,,1163882,20,4,,1,15,,1163886,41,4,,1,59,,1163894,20,4,,1,12,,1163875,41,4,,1,16,,1163879,20,4,,1,17,,1163922,41,4,,1,54,,1163881,20,4,,1,13,,1163906,41,4,,1,14,,1163915,20,4,,1,19,,977826,41,4,,1,52,,1163918,20,4,,1,18,,1163936,41,4,,1,12,,1092948,20,4,,1,14,,1163928,41,4,,1,61,,1163931,20,4,,1,30,,1163927,20,4,,1,70,,1163897,20,0,66 67,1,29,,1163884,20,0,66 67,1,69,,1003778,20,0,66 67,1,29,,1163877,20,0,66 67,1,70,,1163921,20,0,66 67,1,40,,1163910,20,0,66 67,1
7500,'12',409,,1163952,20,0,66 67,1,26,,1163949,20,0,66 67,1,70,,1163951,20,4,,1,35,,1164014,20,4,,1,68,,1164006,20,4,,1,12,,1164013,20,4,,1,19,,1164007,41,4,,1,14,,1164004,20,4,,1,55,,1163984,41,4,,1,15,,1164015,20,4,,1,5,,1163942,20,4,,1,5,,1163965,20,4,,1,6,,1163995,41,4,,1,13,,1163955,20,4,,1,2,,1163957,41,4,,1,50,,1163974,20,4,,1,4,,1163989,20,4,,1,9,,1163972,41,4,,1,4,,1068290,20,4,,1,3,,1099000,20,4,,1,8,,1163985,20,4,,1,10,,1163997,41,4,,1,7,,1164008,20,4,,1,5,,1163966,20,4,,1,50,,1163996,41,4,,1,21,,1163983,41,4,,1,13,,1164011,41,4,,1,15,,1164022,41,4,,1,55,,1164016,41,4,,1,15,,1163954,41,4,,1,14,,1164020,41,4,,1,15,,1163994,41,4,,1,54,,1163962,41,4,,1,15,,1163968,41,4,,1,15,,1163939,41,4,,1,15,,1163941,41,4,,1,55,,1163967,41,4,,1,15,,1164021,41,4,,1,15,,1163998,41,4,,1,15,,1163948,41,4,,1,55,,1034234,41,4,,1,15,,1164019,41,4,,1,15,,1164012,41,4,,1,16,,1163943,20,4,,1,54,,1058959,41,4,,1,17,,1163973,20,4,,1,14,,1163958,41,4,,1,16,,1164017,20,4,,1,55,,1163959,41,4,,1,15,,1163945,20,4,,1,15,,1163979,41,4,,1,17,,1163980,20,4,,1,56,,1007706,41,4,,1,19,,1164000,20,4,,1,18,,1163987,41,4,,1,54,,1163963,20,4,,1,14,,1163960,41,4,,1,14,,1163964,20,4,,1,14,,1164018,41,4,,1,15,,1164005,20,4,,1,56,,1164003,41,4,,1,10,,1163991,20,4,,1,13,,1163977,41,4,,1,15,,1163976,20,4,,1,53,,1163969,41,4,,1,17,,1163946,20,4,,1,15,,1163988,41,4,,1,17,,1057163,20,4,,1,57,,1163971,41,4,,1,17,,1163990,20,4,,1,15,,1163953,41,4,,1,59,,1163956,20,4,,1,12,,1163938,41,4,,1,16,,1163981,20,4,,1,17,,1164009,41,4,,1,54,,1163986,20,4,,1,13,,1164002,41,4,,1,14,,1163975,20,4,,1,19,,1163999,41,4,,1,52,,1164010,20,4,,1,18,,1163992,41,4,,1,12,,1163978,20,4,,1,14,,1080683,41,4,,1,61,,1163982,20,4,,1,30,,1163961,20,4,,1,70,,1163947,20,0,66 67,1,29,,1164001,20,0,66 67,1,69,,1163940,20,0,66 67,1,29,,1163944,20,0,66 67,1,70,,1163970,20,0,66 67,1,40,,1163950,20,0,66 67,1
7500,'13',414,,1164077,20,0,66 67,1,31,,1164023,20,0,66 67,1,70,,1164071,20,0,66 67,1,30,,1164080,20,0,66 67,1,70,,1164079,20,0,66 67,1,30,,1164058,20,0,66 67,1,70,,1164027,20,0,66 67,1,20,,1164031,20,0,66 67,1,66,,1164044,41,4,,1,30,,1164083,20,4,,1,70,,1087953,41,4,,1,15,,1164057,20,4,,1,15,,1164047,20,4,,1,15,,1164038,20,4,,1,55,,1070818,41,4,,1,15,,1164040,20,4,,1,15,,1164043,41,4,,1,17,,1164037,20,4,,1,55,,1164059,41,4,,1,15,,1164035,20,4,,1,15,,1164084,41,4,,1,15,,1164072,20,4,,1,55,,1164060,41,4,,1,15,,1164078,20,4,,1,15,,1164054,41,4,,1,16,,1164049,20,4,,1,55,,1164070,41,4,,1,15,,1164036,20,4,,1,15,,1063946,41,4,,1,15,,1164075,20,4,,1,55,,1164064,41,4,,1,15,,1164089,20,4,,1,15,,1164062,41,4,,1,15,,1094023,20,4,,1,55,,1164081,41,4,,1,15,,1164042,20,4,,1,15,,1164024,41,4,,1,15,,1164025,20,4,,1,55,,1164068,41,4,,1,15,,1164041,20,4,,1,15,,1164061,41,4,,1,15,,1164050,20,4,,1,55,,1164039,41,4,,1,15,,1164069,20,4,,1,13,,1164034,41,4,,1,17,,1164029,20,4,,1,55,,1164091,41,4,,1,15,,1164065,20,4,,1,15,,1055841,41,4,,1,15,,1164082,20,4,,1,55,,1164048,41,4,,1,15,,1067251,20,4,,1,15,,1164052,20,4,,1,15,,1164053,20,4,,1,55,,1164046,41,4,,1,15,,1164073,20,4,,1,15,,1164074,20,4,,1,15,,1164056,20,4,,1,55,,1164051,20,4,,1,15,,1164055,20,4,,1,15,,1164028,20,4,,1,14,,1164063,20,4,,1,55,,1164026,20,4,,1,15,,1164033,20,4,,1,15,,1164088,20,4,,1,14,,1164066,20,4,,1,55,,1164067,20,4,,1,15,,1164030,20,0,66 67,1,30,,1164085,20,0,66 67,1,70,,1164045,20,0,66 67,1,30,,1164032,20,0,66 67,1,70,,993894,20,0,66 67,1,30,,1164090,20,0,66 67,1,70,,1164076,20,0,66 67,1,30,,1164087,20,0,66 67,1,70,,1164086,20,0,66 67,1
7500,'14',409,,1164159,20,0,66 67,1,26,,1164096,20,0,66 67,1,70,,1164092,20,4,,1,35,,1164109,20,4,,1,68,,1164097,20,4,,1,12,,1164144,20,4,,1,19,,1164105,41,4,,1,14,,1164103,20,4,,1,55,,1164112,41,4,,1,15,,1164163,20,4,,1,5,,1164098,20,4,,1,5,,1164138,20,4,,1,6,,1164139,41,4,,1,13,,1164143,20,4,,1,2,,1164093,41,4,,1,50,,1164166,20,4,,1,4,,1164095,20,4,,1,9,,1164156,41,4,,1,4,,1164165,20,4,,1,3,,1164102,20,4,,1,8,,1164101,20,4,,1,10,,1164106,41,4,,1,7,,1164111,20,4,,1,5,,1164155,20,4,,1,50,,1164147,41,4,,1,21,,1164128,41,4,,1,13,,1164126,41,4,,1,15,,1164108,41,4,,1,55,,1164104,41,4,,1,15,,1164160,41,4,,1,14,,1164137,41,4,,1,15,,1164151,41,4,,1,54,,1164169,41,4,,1,15,,1164117,41,4,,1,15,,1164174,41,4,,1,15,,1164170,41,4,,1,55,,1164182,41,4,,1,15,,1164131,41,4,,1,15,,1164127,41,4,,1,15,,1164135,41,4,,1,55,,1164150,41,4,,1,15,,1164178,41,4,,1,15,,1164173,41,4,,1,16,,1164122,20,4,,1,54,,1164183,41,4,,1,17,,1164146,20,4,,1,14,,1164158,41,4,,1,16,,1164153,20,4,,1,55,,1164141,41,4,,1,15,,1164113,20,4,,1,15,,1164142,41,4,,1,17,,1164175,20,4,,1,56,,1164130,41,4,,1,19,,1164140,20,4,,1,18,,1164124,41,4,,1,54,,1164119,20,4,,1,14,,1164177,41,4,,1,14,,1164152,20,4,,1,14,,1164110,41,4,,1,15,,1164115,20,4,,1,56,,1164107,41,4,,1,10,,1164129,20,4,,1,13,,1164164,41,4,,1,15,,1164179,20,4,,1,53,,1164132,41,4,,1,17,,1164148,20,4,,1,15,,1164100,41,4,,1,17,,1164172,20,4,,1,57,,1164134,41,4,,1,17,,1164121,20,4,,1,15,,1164125,41,4,,1,59,,1164133,20,4,,1,12,,1164114,41,4,,1,16,,1164118,20,4,,1,17,,1164162,41,4,,1,54,,1164120,20,4,,1,13,,1164145,41,4,,1,14,,1164154,20,4,,1,19,,1164181,41,4,,1,52,,1164157,20,4,,1,18,,1164180,41,4,,1,12,,1164094,20,4,,1,14,,1164168,41,4,,1,61,,1164171,20,4,,1,30,,1164167,20,4,,1,70,,1164136,20,0,66 67,1,29,,1164123,20,0,66 67,1,69,,1164176,20,0,66 67,1,29,,1164116,20,0,66 67,1,70,,1164161,20,0,66 67,1,40,,1164149,20,0,66 67,1
7500,'15',409,,1164190,20,0,66 67,1,26,,1164254,20,0,66 67,1,70,,1164265,20,4,,1,35,,1164262,20,4,,1,68,,1164192,20,4,,1,12,,1164244,20,4,,1,19,,1164235,41,4,,1,14,,1164224,20,4,,1,55,,1164186,41,4,,1,15,,1164257,20,4,,1,5,,1164247,20,4,,1,5,,1164241,20,4,,1,6,,1164268,41,4,,1,13,,1164233,20,4,,1,2,,1164242,41,4,,1,50,,1164274,20,4,,1,4,,1164187,20,4,,1,9,,1164206,41,4,,1,4,,1164202,20,4,,1,3,,1164204,20,4,,1,8,,1164236,20,4,,1,10,,1164271,41,4,,1,7,,1164245,20,4,,1,5,,1164195,20,4,,1,50,,1164234,41,4,,1,21,,1164246,41,4,,1,13,,1164270,41,4,,1,15,,1164191,41,4,,1,55,,1164237,41,4,,1,15,,1164211,41,4,,1,14,,1164210,41,4,,1,15,,1164225,41,4,,1,54,,1164227,41,4,,1,15,,1164261,41,4,,1,15,,1164252,41,4,,1,15,,1164193,41,4,,1,55,,1164251,41,4,,1,15,,1164221,41,4,,1,15,,1164189,41,4,,1,15,,1164229,41,4,,1,55,,1164232,41,4,,1,15,,1164273,41,4,,1,15,,1164205,41,4,,1,16,,1164275,20,4,,1,54,,1164201,41,4,,1,17,,1164239,20,4,,1,14,,1164216,41,4,,1,16,,1164203,20,4,,1,55,,1164259,41,4,,1,15,,1164231,20,4,,1,15,,1164222,41,4,,1,17,,1164212,20,4,,1,56,,1164200,41,4,,1,19,,1164188,20,4,,1,18,,1164269,41,4,,1,54,,1164263,20,4,,1,14,,1164220,41,4,,1,14,,1164255,20,4,,1,14,,1164198,41,4,,1,15,,1164207,20,4,,1,56,,1164226,41,4,,1,10,,1164256,20,4,,1,13,,1164243,41,4,,1,15,,1164250,20,4,,1,53,,1164230,41,4,,1,17,,1164185,20,4,,1,15,,1164217,41,4,,1,17,,1164214,20,4,,1,57,,1164258,41,4,,1,17,,1164223,20,4,,1,15,,1164228,41,4,,1,59,,1164253,20,4,,1,12,,1164197,41,4,,1,16,,1164249,20,4,,1,17,,1164209,41,4,,1,54,,1164213,20,4,,1,13,,1164260,41,4,,1,14,,1164266,20,4,,1,19,,1164218,41,4,,1,52,,1164248,20,4,,1,18,,1164264,41,4,,1,12,,1164215,20,4,,1,14,,1164199,41,4,,1,61,,1164194,20,4,,1,30,,1164267,20,4,,1,70,,1164196,20,0,66 67,1,29,,1164184,20,0,66 67,1,69,,1164238,20,0,66 67,1,29,,1164240,20,0,66 67,1,70,,1164272,20,0,66 67,1,40,,1164208,20,0,66 67,1
7500,'16',409,,1164291,20,0,66 67,1,26,,1164288,20,0,66 67,1,70,,1164290,20,4,,1,35,,1164351,20,4,,1,68,,1164344,20,4,,1,12,,1164350,20,4,,1,19,,1164345,41,4,,1,14,,1164342,20,4,,1,55,,1164323,41,4,,1,15,,1164352,20,4,,1,5,,1164281,20,4,,1,5,,1164304,20,4,,1,6,,1164333,41,4,,1,13,,1164294,20,4,,1,2,,1164296,41,4,,1,50,,1164313,20,4,,1,4,,1164327,20,4,,1,9,,1164311,41,4,,1,4,,1164280,20,4,,1,3,,1164360,20,4,,1,8,,1164324,20,4,,1,10,,1164335,41,4,,1,7,,1164346,20,4,,1,5,,1095652,20,4,,1,50,,1164334,41,4,,1,21,,1164322,41,4,,1,13,,1164349,41,4,,1,15,,1164359,41,4,,1,55,,1164353,41,4,,1,15,,1164293,41,4,,1,14,,1065843,41,4,,1,15,,1164332,41,4,,1,54,,1164301,41,4,,1,15,,1164306,41,4,,1,15,,1164276,41,4,,1,15,,1164279,41,4,,1,55,,1164305,41,4,,1,15,,1164358,41,4,,1,15,,1164336,41,4,,1,15,,1164287,41,4,,1,55,,1164309,41,4,,1,15,,1094190,41,4,,1,15,,1067444,41,4,,1,16,,1164282,20,4,,1,54,,1164356,41,4,,1,17,,1164312,20,4,,1,14,,1164297,41,4,,1,16,,1164355,20,4,,1,55,,1164298,41,4,,1,15,,1164284,20,4,,1,15,,1164318,41,4,,1,17,,1164319,20,4,,1,56,,1164277,41,4,,1,19,,1164338,20,4,,1,18,,1164326,41,4,,1,54,,1164302,20,4,,1,14,,1164299,41,4,,1,14,,1164303,20,4,,1,14,,1164357,41,4,,1,15,,1164343,20,4,,1,56,,1164341,41,4,,1,10,,1164329,20,4,,1,13,,1164316,41,4,,1,15,,1164315,20,4,,1,53,,1164307,41,4,,1,17,,1164285,20,4,,1,15,,1075067,41,4,,1,17,,1164354,20,4,,1,57,,1164310,41,4,,1,17,,1164328,20,4,,1,15,,1164292,41,4,,1,59,,1164295,20,4,,1,12,,1069361,41,4,,1,16,,1164320,20,4,,1,17,,1164347,41,4,,1,54,,1164325,20,4,,1,13,,1164340,41,4,,1,14,,1164314,20,4,,1,19,,1164337,41,4,,1,52,,1164348,20,4,,1,18,,1164330,41,4,,1,12,,1164317,20,4,,1,14,,1164278,41,4,,1,61,,1164321,20,4,,1,30,,1164300,20,4,,1,70,,1164286,20,0,66 67,1,29,,1164339,20,0,66 67,1,69,,1073043,20,0,66 67,1,29,,1164283,20,0,66 67,1,70,,1164308,20,0,66 67,1,40,,1164289,20,0,66 67,1
7500,'17',414,,1164417,20,0,66 67,1,31,,1164361,20,0,66 67,1,70,,1164411,20,0,66 67,1,30,,1164420,20,0,66 67,1,70,,1164419,20,0,66 67,1,30,,1164398,20,0,66 67,1,70,,1164365,20,0,66 67,1,20,,1164371,20,0,66 67,1,66,,1164384,41,4,,1,30,,1164423,20,4,,1,70,,1164436,41,4,,1,15,,1164397,20,4,,1,15,,1164387,20,4,,1,15,,1164378,20,4,,1,55,,1164367,41,4,,1,15,,1164380,20,4,,1,15,,1164383,41,4,,1,17,,1164377,20,4,,1,55,,1164399,41,4,,1,15,,1164375,20,4,,1,15,,1164424,41,4,,1,15,,1164412,20,4,,1,55,,1164400,41,4,,1,15,,1164418,20,4,,1,15,,1164394,41,4,,1,16,,1164389,20,4,,1,55,,1164410,41,4,,1,15,,1164376,20,4,,1,15,,1164428,41,4,,1,15,,1164415,20,4,,1,55,,1164404,41,4,,1,15,,1164433,20,4,,1,15,,1164402,41,4,,1,15,,1164369,20,4,,1,55,,1164421,41,4,,1,15,,1164382,20,4,,1,15,,1164362,41,4,,1,15,,1164363,20,4,,1,55,,1164408,41,4,,1,15,,1164381,20,4,,1,15,,1164401,41,4,,1,15,,1164390,20,4,,1,55,,1164379,41,4,,1,15,,1164409,20,4,,1,13,,1164374,41,4,,1,17,,1164368,20,4,,1,55,,1164435,41,4,,1,15,,1164405,20,4,,1,15,,1164431,41,4,,1,15,,1164422,20,4,,1,55,,1164388,41,4,,1,15,,1164426,20,4,,1,15,,1164392,20,4,,1,15,,1164393,20,4,,1,55,,1164386,41,4,,1,15,,1164413,20,4,,1,15,,1164414,20,4,,1,15,,1164396,20,4,,1,55,,1164391,20,4,,1,15,,1164395,20,4,,1,15,,1164366,20,4,,1,14,,1164403,20,4,,1,55,,1164364,20,4,,1,15,,1164373,20,4,,1,15,,1164432,20,4,,1,14,,1164406,20,4,,1,55,,1164407,20,4,,1,15,,1164370,20,0,66 67,1,30,,1164425,20,0,66 67,1,70,,1164385,20,0,66 67,1,30,,1164372,20,0,66 67,1,70,,1164427,20,0,66 67,1,30,,1164434,20,0,66 67,1,70,,1164416,20,0,66 67,1,30,,1164430,20,0,66 67,1,70,,1164429,20,0,66 67,1
7500,'2',408,,1164474,20,0,66 67,1,30,,1164489,20,0,66 67,1,70,,1164484,20,0,66 67,1,30,,1164483,20,0,66 67,1,72,,1164449,20,4,,1,28,,1164503,20,4,,1,20,,1081198,20,4,,1,60,,1164444,20,4,,1,18,,1164485,20,4,,1,18,,1164448,20,4,,1,57,,1164456,41,4,,1,13,,1164467,20,4,,1,15,,1164475,20,4,,1,15,,1164495,20,4,,1,57,,1164451,41,4,,1,14,,1164482,20,4,,1,16,,1164502,41,4,,1,14,,1164506,20,4,,1,58,,1164480,41,4,,1,12,,1164441,20,4,,1,16,,1164509,41,4,,1,15,,1164447,20,4,,1,57,,1164470,41,4,,1,13,,1164497,20,4,,1,17,,1164469,41,4,,1,13,,1164494,20,4,,1,57,,1164501,41,4,,1,13,,1164458,20,4,,1,17,,1164488,41,4,,1,14,,1164504,20,4,,1,57,,1164443,41,4,,1,15,,1164472,41,4,,1,15,,1164465,41,4,,1,15,,1164491,41,4,,1,55,,1164500,41,4,,1,13,,1164457,20,4,,1,17,,1164479,41,4,,1,13,,1164453,20,4,,1,57,,1085788,41,4,,1,13,,1164486,20,4,,1,17,,1098468,41,4,,1,13,,1164490,20,4,,1,57,,1164492,41,4,,1,13,,1164455,20,4,,1,17,,1164476,41,4,,1,15,,1164438,41,4,,1,55,,1164473,41,4,,1,15,,1164439,41,4,,1,15,,1164452,41,4,,1,13,,1164477,20,4,,1,57,,1164499,41,4,,1,10,,1164496,20,4,,1,16,,1069471,41,4,,1,13,,1164466,20,4,,1,57,,1164437,41,4,,1,13,,1164507,20,4,,1,17,,995804,41,4,,1,13,,1164481,20,4,,1,57,,1044056,41,4,,1,13,,1164511,20,4,,1,17,,1088442,41,4,,1,13,,1101292,20,4,,1,57,,1164478,41,4,,1,12,,1164471,20,4,,1,18,,1164445,41,4,,1,11,,1164454,20,4,,1,57,,1164505,41,4,,1,13,,1164461,20,4,,1,17,,1164463,41,4,,1,13,,1164462,20,4,,1,57,,1164460,41,4,,1,13,,1164450,20,4,,1,17,,1164446,41,4,,1,13,,1164468,20,4,,1,55,,1164487,20,4,,1,15,,1164440,20,4,,1,15,,1097253,20,4,,1,15,,1164464,20,4,,1,66,,1164508,20,4,,1,30,,1164498,20,4,,1,70,,1164459,20,0,66 67,1,30,,1164510,20,0,66 67,1,70,,1164493,20,0,66 67,1,30,,1164442,20,0,66 67,1
7500,'3',414,,1164568,20,0,66 67,1,31,,1164512,20,0,66 67,1,70,,1164562,20,0,66 67,1,30,,1164571,20,0,66 67,1,70,,1164570,20,0,66 67,1,30,,1164549,20,0,66 67,1,70,,1164516,20,0,66 67,1,20,,1164522,20,0,66 67,1,66,,1164535,41,4,,1,30,,1164574,20,4,,1,70,,1164587,41,4,,1,15,,1164548,20,4,,1,15,,1164538,20,4,,1,15,,1164529,20,4,,1,55,,1164518,41,4,,1,15,,1164531,20,4,,1,15,,1164534,41,4,,1,17,,1164528,20,4,,1,55,,1164550,41,4,,1,15,,1164526,20,4,,1,15,,1164575,41,4,,1,15,,1164563,20,4,,1,55,,1164551,41,4,,1,15,,1164569,20,4,,1,15,,1164545,41,4,,1,16,,1164540,20,4,,1,55,,1164561,41,4,,1,15,,1164527,20,4,,1,15,,1164579,41,4,,1,15,,1164566,20,4,,1,55,,1164555,41,4,,1,15,,1164584,20,4,,1,15,,1164553,41,4,,1,15,,1164520,20,4,,1,55,,1164572,41,4,,1,15,,1164533,20,4,,1,15,,1164513,41,4,,1,15,,1164514,20,4,,1,55,,1164559,41,4,,1,15,,1164532,20,4,,1,15,,1164552,41,4,,1,15,,1164541,20,4,,1,55,,1164530,41,4,,1,15,,1164560,20,4,,1,13,,1164525,41,4,,1,17,,1164519,20,4,,1,55,,1164586,41,4,,1,15,,1164556,20,4,,1,15,,1164582,41,4,,1,15,,1164573,20,4,,1,55,,1164539,41,4,,1,15,,1164577,20,4,,1,15,,1164543,20,4,,1,15,,1164544,20,4,,1,55,,1164537,41,4,,1,15,,1164564,20,4,,1,15,,1164565,20,4,,1,15,,1164547,20,4,,1,55,,1164542,20,4,,1,15,,1164546,20,4,,1,15,,1164517,20,4,,1,14,,1164554,20,4,,1,55,,1164515,20,4,,1,15,,1164524,20,4,,1,15,,1164583,20,4,,1,14,,1164557,20,4,,1,55,,1164558,20,4,,1,15,,1164521,20,0,66 67,1,30,,1164576,20,0,66 67,1,70,,1164536,20,0,66 67,1,30,,1164523,20,0,66 67,1,70,,1164578,20,0,66 67,1,30,,1164585,20,0,66 67,1,70,,1164567,20,0,66 67,1,30,,1164581,20,0,66 67,1,70,,1164580,20,0,66 67,1
7500,'4',414,,1164644,20,0,66 67,1,31,,1164626,20,0,66 67,1,70,,1164597,20,0,66 67,1,30,,1164615,20,0,66 67,1,70,,1164651,20,0,66 67,1,30,,1164622,20,0,66 67,1,70,,1164653,20,0,66 67,1,20,,1164621,20,0,66 67,1,66,,1164640,41,4,,1,30,,1164619,20,4,,1,70,,1164632,41,4,,1,15,,1164604,20,4,,1,15,,1164625,20,4,,1,15,,1164647,20,4,,1,55,,1164645,41,4,,1,15,,1164612,20,4,,1,15,,1164624,41,4,,1,17,,1072293,20,4,,1,55,,1164594,41,4,,1,15,,1164637,20,4,,1,15,,1090770,41,4,,1,15,,1164649,20,4,,1,55,,1164605,41,4,,1,15,,1164639,20,4,,1,15,,1164629,41,4,,1,16,,1164607,20,4,,1,55,,1164599,41,4,,1,15,,1164641,20,4,,1,15,,1164635,41,4,,1,15,,1164634,20,4,,1,55,,1164595,41,4,,1,15,,1164601,20,4,,1,15,,1164642,41,4,,1,15,,1164602,20,4,,1,55,,1164654,41,4,,1,15,,1164643,20,4,,1,15,,1010456,41,4,,1,15,,1164638,20,4,,1,55,,1164592,41,4,,1,15,,1164610,20,4,,1,15,,1164648,41,4,,1,15,,1164616,20,4,,1,55,,1164614,41,4,,1,15,,1164596,20,4,,1,13,,1164591,41,4,,1,17,,1164603,20,4,,1,55,,1062024,41,4,,1,15,,1164606,20,4,,1,15,,1164655,41,4,,1,15,,1164611,20,4,,1,55,,1164590,41,4,,1,15,,1164609,20,4,,1,15,,1164589,20,4,,1,15,,1164613,20,4,,1,55,,1164623,41,4,,1,15,,972303,20,4,,1,15,,1164620,20,4,,1,15,,1164652,20,4,,1,55,,1017779,20,4,,1,15,,1164618,20,4,,1,15,,1164646,20,4,,1,14,,1164617,20,4,,1,55,,1048333,20,4,,1,15,,1164608,20,4,,1,15,,1164593,20,4,,1,14,,1164636,20,4,,1,55,,1164650,20,4,,1,15,,1164627,20,0,66 67,1,30,,1164598,20,0,66 67,1,70,,1164600,20,0,66 67,1,30,,1164633,20,0,66 67,1,70,,1164588,20,0,66 67,1,30,,1164631,20,0,66 67,1,70,,1164630,20,0,66 67,1,30,,1164628,20,0,66 67,1,70,,1079033,20,0,66 67,1
7500,'5',409,,1060861,20,0,66 67,1,26,,1089154,20,0,66 67,1,70,,1022243,20,4,,1,35,,1164667,20,4,,1,68,,1164658,20,4,,1,12,,1164702,20,4,,1,19,,1164665,41,4,,1,14,,1164663,20,4,,1,55,,1164670,41,4,,1,15,,1164720,20,4,,1,5,,1164659,20,4,,1,5,,1164696,20,4,,1,6,,1164697,41,4,,1,13,,1164701,20,4,,1,2,,1164656,41,4,,1,50,,1164723,20,4,,1,4,,1164657,20,4,,1,9,,1164714,41,4,,1,4,,1164722,20,4,,1,3,,1164662,20,4,,1,8,,1046946,20,4,,1,10,,1069792,41,4,,1,7,,1164669,20,4,,1,5,,1164713,20,4,,1,50,,1164705,41,4,,1,21,,1164686,41,4,,1,13,,1164684,41,4,,1,15,,1164666,41,4,,1,55,,1164664,41,4,,1,15,,1164717,41,4,,1,14,,1164695,41,4,,1,15,,1164709,41,4,,1,54,,1164726,41,4,,1,15,,1164675,41,4,,1,15,,1164730,41,4,,1,15,,1164727,41,4,,1,55,,1092853,41,4,,1,15,,1164689,41,4,,1,15,,1164685,41,4,,1,15,,1164693,41,4,,1,55,,1164708,41,4,,1,15,,937079,41,4,,1,15,,1078279,41,4,,1,16,,1164680,20,4,,1,54,,1164734,41,4,,1,17,,1164704,20,4,,1,14,,1164716,41,4,,1,16,,1164711,20,4,,1,55,,1164699,41,4,,1,15,,1164671,20,4,,1,15,,1164700,41,4,,1,17,,1003287,20,4,,1,56,,1164688,41,4,,1,19,,1164698,20,4,,1,18,,1164682,41,4,,1,54,,1164677,20,4,,1,14,,1164731,41,4,,1,14,,1164710,20,4,,1,14,,1164668,41,4,,1,15,,1164673,20,4,,1,56,,1079822,41,4,,1,10,,1164687,20,4,,1,13,,1164721,41,4,,1,15,,1164732,20,4,,1,53,,1164690,41,4,,1,17,,1164706,20,4,,1,15,,1164661,41,4,,1,17,,1164729,20,4,,1,57,,1164692,41,4,,1,17,,1164679,20,4,,1,15,,1164683,41,4,,1,59,,1164691,20,4,,1,12,,1164672,41,4,,1,16,,1164676,20,4,,1,17,,1164719,41,4,,1,54,,1164678,20,4,,1,13,,1164703,41,4,,1,14,,1164712,20,4,,1,19,,977997,41,4,,1,52,,1164715,20,4,,1,18,,1164733,41,4,,1,12,,1092800,20,4,,1,14,,1164725,41,4,,1,61,,1164728,20,4,,1,30,,1164724,20,4,,1,70,,1164694,20,0,66 67,1,29,,1164681,20,0,66 67,1,69,,1003557,20,0,66 67,1,29,,1164674,20,0,66 67,1,70,,1164718,20,0,66 67,1,40,,1164707,20,0,66 67,1
7500,'6',409,,1164746,20,0,66 67,1,26,,1164743,20,0,66 67,1,70,,1164745,20,4,,1,35,,1083970,20,4,,1,68,,1164801,20,4,,1,12,,1164805,20,4,,1,19,,1164802,41,4,,1,14,,1164799,20,4,,1,55,,1164779,41,4,,1,15,,1079282,20,4,,1,5,,1063257,20,4,,1,5,,1164759,20,4,,1,6,,1164790,41,4,,1,13,,1164749,20,4,,1,2,,1164751,41,4,,1,50,,1164769,20,4,,1,4,,1164784,20,4,,1,9,,1164767,41,4,,1,4,,1164739,20,4,,1,3,,1164811,20,4,,1,8,,1164780,20,4,,1,10,,1164792,41,4,,1,7,,1164803,20,4,,1,5,,1164760,20,4,,1,50,,1164791,41,4,,1,21,,1164778,41,4,,1,13,,1099132,41,4,,1,15,,1081781,41,4,,1,55,,1024322,41,4,,1,15,,1164748,41,4,,1,14,,1164810,41,4,,1,15,,1164789,41,4,,1,54,,1164756,41,4,,1,15,,1164762,41,4,,1,15,,1093017,41,4,,1,15,,1005081,41,4,,1,55,,1164761,41,4,,1,15,,1103112,41,4,,1,15,,1164793,41,4,,1,15,,1164742,41,4,,1,55,,1164765,41,4,,1,15,,1164809,41,4,,1,15,,1164804,41,4,,1,16,,1061388,20,4,,1,54,,1164808,41,4,,1,17,,1164768,20,4,,1,14,,1164752,41,4,,1,16,,1164807,20,4,,1,55,,1164753,41,4,,1,15,,994968,20,4,,1,15,,1164774,41,4,,1,17,,1164775,20,4,,1,56,,1164737,41,4,,1,19,,1164795,20,4,,1,18,,1164782,41,4,,1,54,,1164757,20,4,,1,14,,1164754,41,4,,1,14,,1164758,20,4,,1,14,,1005482,41,4,,1,15,,1164800,20,4,,1,56,,1164798,41,4,,1,10,,1164786,20,4,,1,13,,1164772,41,4,,1,15,,1164771,20,4,,1,53,,1164763,41,4,,1,17,,1164740,20,4,,1,15,,1164783,41,4,,1,17,,1164806,20,4,,1,57,,1164766,41,4,,1,17,,1164785,20,4,,1,15,,1164747,41,4,,1,59,,1164750,20,4,,1,12,,1164735,41,4,,1,16,,1164776,20,4,,1,17,,925880,41,4,,1,54,,1164781,20,4,,1,13,,1164797,41,4,,1,14,,1164770,20,4,,1,19,,1164794,41,4,,1,52,,1009642,20,4,,1,18,,1164787,41,4,,1,12,,1164773,20,4,,1,14,,1164738,41,4,,1,61,,1164777,20,4,,1,30,,1164755,20,4,,1,70,,1164741,20,0,66 67,1,29,,1164796,20,0,66 67,1,69,,1164736,20,0,66 67,1,29,,1064754,20,0,66 67,1,70,,1164764,20,0,66 67,1,40,,1164744,20,0,66 67,1
7500,'7',408,,1164850,20,0,66 67,1,30,,1164886,20,0,66 67,1,70,,1164877,20,0,66 67,1,30,,1164864,20,0,66 67,1,72,,1164862,20,4,,1,28,,1164842,20,4,,1,20,,1164869,20,4,,1,60,,1164852,20,4,,1,18,,1164815,20,4,,1,18,,1164892,20,4,,1,57,,1164820,41,4,,1,13,,1164868,20,4,,1,15,,1164867,20,4,,1,15,,1164857,20,4,,1,57,,1164858,41,4,,1,14,,1164893,20,4,,1,16,,1164883,41,4,,1,14,,1164849,20,4,,1,58,,1164887,41,4,,1,12,,1164855,20,4,,1,16,,1164879,41,4,,1,15,,1164837,20,4,,1,57,,1164882,41,4,,1,13,,1164826,20,4,,1,17,,1164871,41,4,,1,13,,1164843,20,4,,1,57,,1164832,41,4,,1,13,,1164881,20,4,,1,17,,1164876,41,4,,1,14,,1164848,20,4,,1,57,,1164836,41,4,,1,15,,1164816,41,4,,1,15,,1164853,41,4,,1,15,,1164856,41,4,,1,55,,1164812,41,4,,1,13,,1164825,20,4,,1,17,,1164851,41,4,,1,13,,1164891,20,4,,1,57,,1164830,41,4,,1,13,,1164839,20,4,,1,17,,1164824,41,4,,1,13,,1164866,20,4,,1,57,,1164838,41,4,,1,13,,1164884,20,4,,1,17,,1164872,41,4,,1,15,,1164828,41,4,,1,55,,1164846,41,4,,1,15,,1164890,41,4,,1,15,,1164819,41,4,,1,13,,1164873,20,4,,1,57,,1164817,41,4,,1,10,,1164841,20,4,,1,16,,1164875,41,4,,1,13,,1164823,20,4,,1,57,,1164834,41,4,,1,13,,1164822,20,4,,1,17,,1164829,41,4,,1,13,,1164814,20,4,,1,57,,1164861,41,4,,1,13,,1164878,20,4,,1,17,,1164845,41,4,,1,13,,1164835,20,4,,1,57,,1164859,41,4,,1,12,,1164813,20,4,,1,18,,1164831,41,4,,1,11,,1164863,20,4,,1,57,,1164844,41,4,,1,13,,1164885,20,4,,1,17,,1164870,41,4,,1,13,,1164894,20,4,,1,57,,1164818,41,4,,1,13,,1164833,20,4,,1,17,,1164874,41,4,,1,13,,1164865,20,4,,1,55,,1164854,20,4,,1,15,,1164880,20,4,,1,15,,1164860,20,4,,1,15,,1164821,20,4,,1,66,,1164889,20,4,,1,30,,1164827,20,4,,1,70,,1164888,20,0,66 67,1,30,,1164840,20,0,66 67,1,70,,1164847,20,0,66 67,1,30,,1164895,20,0,66 67,1
7500,'8',409,,1164913,20,0,66 67,1,26,,1164910,20,0,66 67,1,70,,1164912,20,4,,1,35,,1164976,20,4,,1,68,,1164968,20,4,,1,12,,1164975,20,4,,1,19,,1164969,41,4,,1,14,,1164966,20,4,,1,55,,1164946,41,4,,1,15,,1164977,20,4,,1,5,,1164903,20,4,,1,5,,1164926,20,4,,1,6,,1164957,41,4,,1,13,,1164916,20,4,,1,2,,1164918,41,4,,1,50,,1164936,20,4,,1,4,,1164951,20,4,,1,9,,1164934,41,4,,1,4,,1164902,20,4,,1,3,,1164987,20,4,,1,8,,1164947,20,4,,1,10,,1164959,41,4,,1,7,,1164970,20,4,,1,5,,1164927,20,4,,1,50,,1164958,41,4,,1,21,,1164945,41,4,,1,13,,1164973,41,4,,1,15,,1164986,41,4,,1,55,,1164978,41,4,,1,15,,1164915,41,4,,1,14,,1164984,41,4,,1,15,,1164956,41,4,,1,54,,1164923,41,4,,1,15,,1164929,41,4,,1,15,,1164897,41,4,,1,15,,1164901,41,4,,1,55,,1164928,41,4,,1,15,,1164985,41,4,,1,15,,1164960,41,4,,1,15,,1164909,41,4,,1,55,,1164932,41,4,,1,15,,1164983,41,4,,1,15,,1164974,41,4,,1,16,,1164904,20,4,,1,54,,1164981,41,4,,1,17,,1164935,20,4,,1,14,,1164919,41,4,,1,16,,1164980,20,4,,1,55,,1164920,41,4,,1,15,,1164906,20,4,,1,15,,1164941,41,4,,1,17,,1164942,20,4,,1,56,,1164899,41,4,,1,19,,1164962,20,4,,1,18,,1164949,41,4,,1,54,,1164924,20,4,,1,14,,1164921,41,4,,1,14,,1164925,20,4,,1,14,,1164982,41,4,,1,15,,1164967,20,4,,1,56,,1164965,41,4,,1,10,,1164953,20,4,,1,13,,1164939,41,4,,1,15,,1164938,20,4,,1,53,,1164930,41,4,,1,17,,1164907,20,4,,1,15,,1164950,41,4,,1,17,,1164979,20,4,,1,57,,1164933,41,4,,1,17,,1164952,20,4,,1,15,,1164914,41,4,,1,59,,1164917,20,4,,1,12,,1164896,41,4,,1,16,,1164943,20,4,,1,17,,1164971,41,4,,1,54,,1164948,20,4,,1,13,,1164964,41,4,,1,14,,1164937,20,4,,1,19,,1164961,41,4,,1,52,,1164972,20,4,,1,18,,1164954,41,4,,1,12,,1164940,20,4,,1,14,,1164900,41,4,,1,61,,1164944,20,4,,1,30,,1164922,20,4,,1,70,,1164908,20,0,66 67,1,29,,1164963,20,0,66 67,1,69,,1164898,20,0,66 67,1,29,,1164905,20,0,66 67,1,70,,1164931,20,0,66 67,1,40,,1164911,20,0,66 67,1
7500,'9',409,,1060871,20,0,66 67,1,26,,1089060,20,0,66 67,1,70,,1022485,20,4,,1,35,,1164999,20,4,,1,68,,1164990,20,4,,1,12,,1165034,20,4,,1,19,,1164997,41,4,,1,14,,1164995,20,4,,1,55,,1165002,41,4,,1,15,,1165052,20,4,,1,5,,1164991,20,4,,1,5,,1165028,20,4,,1,6,,1165029,41,4,,1,13,,1165033,20,4,,1,2,,1164988,41,4,,1,50,,1165055,20,4,,1,4,,1164989,20,4,,1,9,,1165046,41,4,,1,4,,1165054,20,4,,1,3,,1164994,20,4,,1,8,,1047302,20,4,,1,10,,1069716,41,4,,1,7,,1165001,20,4,,1,5,,1165045,20,4,,1,50,,1165037,41,4,,1,21,,1165018,41,4,,1,13,,1165016,41,4,,1,15,,1164998,41,4,,1,55,,1164996,41,4,,1,15,,1165049,41,4,,1,14,,1165027,41,4,,1,15,,1165041,41,4,,1,54,,1165058,41,4,,1,15,,1165007,41,4,,1,15,,1165062,41,4,,1,15,,1165059,41,4,,1,55,,1092700,41,4,,1,15,,1165021,41,4,,1,15,,1165017,41,4,,1,15,,1165025,41,4,,1,55,,1165040,41,4,,1,15,,937026,41,4,,1,15,,1078175,41,4,,1,16,,1165012,20,4,,1,54,,1165066,41,4,,1,17,,1165036,20,4,,1,14,,1165048,41,4,,1,16,,1165043,20,4,,1,55,,1165031,41,4,,1,15,,1165003,20,4,,1,15,,1165032,41,4,,1,17,,1003408,20,4,,1,56,,1165020,41,4,,1,19,,1165030,20,4,,1,18,,1165014,41,4,,1,54,,1165009,20,4,,1,14,,1165063,41,4,,1,14,,1165042,20,4,,1,14,,1165000,41,4,,1,15,,1165005,20,4,,1,56,,1079733,41,4,,1,10,,1165019,20,4,,1,13,,1165053,41,4,,1,15,,1165064,20,4,,1,53,,1165022,41,4,,1,17,,1165038,20,4,,1,15,,1164993,41,4,,1,17,,1165061,20,4,,1,57,,1165024,41,4,,1,17,,1165011,20,4,,1,15,,1165015,41,4,,1,59,,1165023,20,4,,1,12,,1165004,41,4,,1,16,,1165008,20,4,,1,17,,1165051,41,4,,1,54,,1165010,20,4,,1,13,,1165035,41,4,,1,14,,1165044,20,4,,1,19,,977956,41,4,,1,52,,1165047,20,4,,1,18,,1165065,41,4,,1,12,,1092647,20,4,,1,14,,1165057,41,4,,1,61,,1165060,20,4,,1,30,,1165056,20,4,,1,70,,1165026,20,0,66 67,1,29,,1165013,20,0,66 67,1,69,,1003874,20,0,66 67,1,29,,1165006,20,0,66 67,1,70,,1165050,20,0,66 67,1,40,,1165039,20,0,66 67,1
7501,'1',316,,1165133,15,0,64 139,1,30,,1070600,15,0,64 139,1,72,,1093387,15,0,64 139,1,25,,1165090,15,,,1,81,,1165123,1,,,1,29,,1165109,1,,,1,58,,1165100,1,0,64 139,1,12,,1165131,1,,,1,19,,1165072,1,0,64 139,1,14,,1097833,1,,,1,55,,1165138,1,0,64 139,1,15,,1165099,1,,,1,17,,1165078,1,0,64 139,1,16,,1165139,1,,,1,53,,1059903,1,0,64 139,1,15,,1165083,1,,,1,16,,1165125,1,0,64 139,1,14,,1165085,1,,,1,55,,1077005,1,,,1,15,,1165103,1,,,1,15,,1165121,1,,,1,15,,1165081,1,,,1,55,,1102319,1,,,1,15,,1165112,1,,,1,15,,1165098,1,,,1,15,,1165075,1,,,1,55,,1165119,1,,,1,15,,1165127,1,,,1,15,,1165140,1,,,1,15,,1165143,1,,,1,55,,1165080,1,0,64 139,1,15,,1165093,1,,,1,15,,1165124,1,0,64 139,1,15,,1165068,1,,,1,55,,1165073,1,0,64 139,1,15,,1165137,1,,,1,15,,1165128,1,0,64 139,1,15,,1165074,1,,,1,54,,1165104,1,,,1,16,,1165129,1,,,1,15,,1165071,1,,,1,14,,1165142,1,,,1,50,,1165144,1,0,64 139,1,10,,1165146,1,,,1,8,,1165132,1,0,64 139,1,8,,1165110,1,,,1,7,,1165147,1,0,64 139,1,1,,1165082,14,0,64 139,1,7,,1057002,1,,,1,9,,1165076,1,0,64 139,1,46,,971935,1,,,1,6,,1165088,1,0,64 139,1,2,,1165108,14,0,64 139,1,7,,1165130,1,,,1,8,,1165089,1,,,1,8,,1165115,1,0,64 139,1,6,,1165105,1,,,1,8,,1165079,1,0,64 139,1,7,,1165111,1,,,1,48,,1165102,1,0,64 139,1,6,,1165113,1,,,1,9,,1165126,1,0,64 139,1,7,,1165084,1,,,1,8,,1165092,1,0,64 139,1,5,,1073030,1,,,1,10,,1165094,1,0,64 139,1,5,,1165116,1,,,1,50,,1063131,1,,,1,5,,1165096,1,0,64 139,1,10,,1165136,1,,,1,5,,1165117,1,0,64 139,1,10,,1165069,1,,,1,15,,1085031,1,,,1,56,,1165141,1,0,64 139,1,14,,1165145,1,,,1,14,,1165106,1,0,64 139,1,16,,1098871,1,,,1,55,,1165118,1,0,64 139,1,16,,1165120,1,,,1,14,,1165086,1,0,64 139,1,16,,1165095,1,,,1,54,,1165122,1,0,64 139,1,16,,1165077,1,,,1,14,,1165134,1,0,64 139,1,16,,1165107,1,,,1,73,,1165114,1,,,1,31,,1165087,1,,,1,65,,1165067,1,0,64 139,1,30,,1165097,1,0,64 139,1,72,,1165091,1,0,64 139,1,35,,1032130,1,0,64 139,1,67,,1165101,1,0,64 139,1,30,,1100412,15,0,64 139,1,68,,1165135,15,0,64 139,1,30,,1165148,15,0,64 139,1
7501,'10',316,,1165215,15,0,64 139,1,30,,1070414,15,0,64 139,1,72,,1093071,15,0,64 139,1,25,,1165172,15,,,1,81,,1165205,1,,,1,29,,1165191,1,,,1,58,,1165182,1,0,64 139,1,12,,1165213,1,,,1,19,,1165154,1,0,64 139,1,14,,1097609,1,,,1,55,,1165220,1,0,64 139,1,15,,1165181,1,,,1,17,,1165160,1,0,64 139,1,16,,1165221,1,,,1,53,,1059906,1,0,64 139,1,15,,1165165,1,,,1,16,,1165207,1,0,64 139,1,14,,1165167,1,,,1,55,,1076781,1,,,1,15,,1165185,1,,,1,15,,1165203,1,,,1,15,,1165163,1,,,1,55,,1102313,1,,,1,15,,1165194,1,,,1,15,,1165180,1,,,1,15,,1165157,1,,,1,55,,1165201,1,,,1,15,,1165209,1,,,1,15,,1165222,1,,,1,15,,1165225,1,,,1,55,,1165162,1,0,64 139,1,15,,1165175,1,,,1,15,,1165206,1,0,64 139,1,15,,1165150,1,,,1,55,,1165155,1,0,64 139,1,15,,1165219,1,,,1,15,,1165210,1,0,64 139,1,15,,1165156,1,,,1,54,,1165186,1,,,1,16,,1165211,1,,,1,15,,1165153,1,,,1,14,,1165224,1,,,1,50,,1165226,1,0,64 139,1,10,,1165228,1,,,1,8,,1165214,1,0,64 139,1,8,,1165192,1,,,1,7,,1165229,1,0,64 139,1,1,,1165164,14,0,64 139,1,7,,1057098,1,,,1,9,,1165158,1,0,64 139,1,46,,971452,1,,,1,6,,1165170,1,0,64 139,1,2,,1165190,14,0,64 139,1,7,,1165212,1,,,1,8,,1165171,1,,,1,8,,1165197,1,0,64 139,1,6,,1165187,1,,,1,8,,1165161,1,0,64 139,1,7,,1165193,1,,,1,48,,1165184,1,0,64 139,1,6,,1165195,1,,,1,9,,1165208,1,0,64 139,1,7,,1165166,1,,,1,8,,1165174,1,0,64 139,1,5,,1072911,1,,,1,10,,1165176,1,0,64 139,1,5,,1165198,1,,,1,50,,1062789,1,,,1,5,,1165178,1,0,64 139,1,10,,1165218,1,,,1,5,,1165199,1,0,64 139,1,10,,1165151,1,,,1,15,,1084906,1,,,1,56,,1165223,1,0,64 139,1,14,,1165227,1,,,1,14,,1165188,1,0,64 139,1,16,,1098780,1,,,1,55,,1165200,1,0,64 139,1,16,,1165202,1,,,1,14,,1165168,1,0,64 139,1,16,,1165177,1,,,1,54,,1165204,1,0,64 139,1,16,,1165159,1,,,1,14,,1165216,1,0,64 139,1,16,,1165189,1,,,1,73,,1165196,1,,,1,31,,1165169,1,,,1,65,,1165149,1,0,64 139,1,30,,1165179,1,0,64 139,1,72,,1165173,1,0,64 139,1,35,,1032309,1,0,64 139,1,67,,1165183,1,0,64 139,1,30,,1100327,15,0,64 139,1,68,,1165217,15,0,64 139,1,30,,1165230,15,0,64 139,1
7501,'11',316,,1165297,15,0,64 139,1,30,,1070654,15,0,64 139,1,72,,1093478,15,0,64 139,1,25,,1165254,15,,,1,81,,1165287,1,,,1,29,,1165273,1,,,1,58,,1165264,1,0,64 139,1,12,,1165295,1,,,1,19,,1165236,1,0,64 139,1,14,,1097901,1,,,1,55,,1165302,1,0,64 139,1,15,,1165263,1,,,1,17,,1165242,1,0,64 139,1,16,,1165303,1,,,1,53,,1059902,1,0,64 139,1,15,,1165247,1,,,1,16,,1165289,1,0,64 139,1,14,,1165249,1,,,1,55,,1077071,1,,,1,15,,1165267,1,,,1,15,,1165285,1,,,1,15,,1165245,1,,,1,55,,1102321,1,,,1,15,,1165276,1,,,1,15,,1165262,1,,,1,15,,1165239,1,,,1,55,,1165283,1,,,1,15,,1165291,1,,,1,15,,1165304,1,,,1,15,,1165307,1,,,1,55,,1165244,1,0,64 139,1,15,,1165257,1,,,1,15,,1165288,1,0,64 139,1,15,,1165232,1,,,1,55,,1165237,1,0,64 139,1,15,,1165301,1,,,1,15,,1165292,1,0,64 139,1,15,,1165238,1,,,1,54,,1165268,1,,,1,16,,1165293,1,,,1,15,,1165235,1,,,1,14,,1165306,1,,,1,50,,1165308,1,0,64 139,1,10,,1165310,1,,,1,8,,1165296,1,0,64 139,1,8,,1165274,1,,,1,7,,1165311,1,0,64 139,1,1,,1165246,14,0,64 139,1,7,,1056972,1,,,1,9,,1165240,1,0,64 139,1,46,,971865,1,,,1,6,,1165252,1,0,64 139,1,2,,1165272,14,0,64 139,1,7,,1165294,1,,,1,8,,1165253,1,,,1,8,,1165279,1,0,64 139,1,6,,1165269,1,,,1,8,,1165243,1,0,64 139,1,7,,1165275,1,,,1,48,,1165266,1,0,64 139,1,6,,1165277,1,,,1,9,,1165290,1,0,64 139,1,7,,1165248,1,,,1,8,,1165256,1,0,64 139,1,5,,1073068,1,,,1,10,,1165258,1,0,64 139,1,5,,1165280,1,,,1,50,,1063232,1,,,1,5,,1165260,1,0,64 139,1,10,,1165300,1,,,1,5,,1165281,1,0,64 139,1,10,,1165233,1,,,1,15,,1085065,1,,,1,56,,1165305,1,0,64 139,1,14,,1165309,1,,,1,14,,1165270,1,0,64 139,1,16,,1098899,1,,,1,55,,1165282,1,0,64 139,1,16,,1165284,1,,,1,14,,1165250,1,0,64 139,1,16,,1165259,1,,,1,54,,1165286,1,0,64 139,1,16,,1165241,1,,,1,14,,1165298,1,0,64 139,1,16,,1165271,1,,,1,73,,1165278,1,,,1,31,,1165251,1,,,1,65,,1165231,1,0,64 139,1,30,,1165261,1,0,64 139,1,72,,1165255,1,0,64 139,1,35,,1032076,1,0,64 139,1,67,,1165265,1,0,64 139,1,30,,1100436,15,0,64 139,1,68,,1165299,15,0,64 139,1,30,,1165312,15,0,64 139,1
7501,'12',316,,1165380,15,0,64 139,1,30,,1165377,15,0,64 139,1,72,,1165364,15,0,64 139,1,25,,1165383,15,,,1,81,,1165313,1,,,1,29,,1165315,1,,,1,58,,1165359,1,0,64 139,1,12,,1165370,1,,,1,19,,1165337,1,0,64 139,1,14,,1165345,1,,,1,55,,1165339,1,0,64 139,1,15,,1165334,1,,,1,17,,1165323,1,0,64 139,1,16,,1165329,1,,,1,53,,1165368,1,0,64 139,1,15,,1165357,1,,,1,16,,1165395,1,0,64 139,1,14,,1165388,1,,,1,55,,1165381,1,,,1,15,,1165351,1,,,1,15,,1165397,1,,,1,15,,1165367,1,,,1,55,,1165327,1,,,1,15,,1165330,1,,,1,15,,1165353,1,,,1,15,,1165392,1,,,1,55,,1165355,1,,,1,15,,1165340,1,,,1,15,,1165361,1,,,1,15,,1165331,1,,,1,55,,1021424,1,0,64 139,1,15,,1165400,1,,,1,15,,1165333,1,0,64 139,1,15,,1165358,1,,,1,55,,1165396,1,0,64 139,1,15,,967388,1,,,1,15,,1165346,1,0,64 139,1,15,,1165335,1,,,1,54,,1004583,1,,,1,16,,1165321,1,,,1,15,,1165320,1,,,1,14,,1165336,1,,,1,50,,1165384,1,0,64 139,1,10,,1165369,1,,,1,8,,1165326,1,0,64 139,1,8,,1165387,1,,,1,7,,1165362,1,0,64 139,1,1,,1165332,14,0,64 139,1,7,,1165374,1,,,1,9,,1049461,1,0,64 139,1,46,,1165349,1,,,1,6,,1165348,1,0,64 139,1,2,,1165347,14,0,64 139,1,7,,1165319,1,,,1,8,,1165325,1,,,1,8,,1165376,1,0,64 139,1,6,,1165366,1,,,1,8,,1165372,1,0,64 139,1,7,,1165363,1,,,1,48,,1165390,1,0,64 139,1,6,,1165393,1,,,1,9,,1165341,1,0,64 139,1,7,,1165391,1,,,1,8,,1165385,1,0,64 139,1,5,,1165375,1,,,1,10,,1102714,1,0,64 139,1,5,,1165314,1,,,1,50,,1165401,1,,,1,5,,1165398,1,0,64 139,1,10,,1165354,1,,,1,5,,1165386,1,0,64 139,1,10,,1165350,1,,,1,15,,1165356,1,,,1,56,,1165373,1,0,64 139,1,14,,1165317,1,,,1,14,,1165342,1,0,64 139,1,16,,1165343,1,,,1,55,,1165316,1,0,64 139,1,16,,1165322,1,,,1,14,,989477,1,0,64 139,1,16,,1165379,1,,,1,54,,1165360,1,0,64 139,1,16,,1165389,1,,,1,14,,1165344,1,0,64 139,1,16,,1165338,1,,,1,73,,1165328,1,,,1,31,,1165371,1,,,1,65,,1165394,1,0,64 139,1,30,,1165378,1,0,64 139,1,72,,1165352,1,0,64 139,1,35,,1165365,1,0,64 139,1,67,,1165324,1,0,64 139,1,30,,1165399,15,0,64 139,1,68,,1044545,15,0,64 139,1,30,,1165318,15,0,64 139,1
7501,'13',328,,1165425,15,0,64 139,1,30,,1165403,15,0,64 139,1,70,,1165466,15,0,64 139,1,30,,1165465,15,0,64 139,1,70,,1165433,15,0,64 139,1,30,,1165469,15,0,64 139,1,65,,1165410,15,,,1,35,,1071863,15,0,64 139,1,70,,1165411,15,,,1,30,,1165463,15,0,64 139,1,55,,1165448,15,0,64 139,1,15,,1165473,1,,,1,15,,1165413,1,0,64 139,1,15,,1165439,1,,,1,55,,1165436,1,0,64 139,1,15,,1165437,1,,,1,15,,1165450,1,0,64 139,1,15,,1165447,1,,,1,55,,1165412,1,0,64 139,1,15,,1165426,1,,,1,15,,1165471,1,0,64 139,1,15,,1165417,1,,,1,55,,1165443,1,0,64 139,1,15,,1165449,1,,,1,15,,1165451,1,0,64 139,1,15,,1165456,1,,,1,55,,1165434,1,0,64 139,1,15,,1165428,1,,,1,15,,1165472,1,0,64 139,1,15,,1165470,1,,,1,55,,1165468,1,0,64 139,1,15,,1165405,1,,,1,15,,1165423,1,0,64 139,1,15,,1165402,1,,,1,55,,1165454,1,0,64 139,1,15,,1165430,1,,,1,15,,1165431,1,0,64 139,1,15,,1165444,1,,,1,55,,1165442,1,0,64 139,1,15,,1165453,1,,,1,15,,1165420,1,0,64 139,1,15,,1165427,1,,,1,55,,1165441,1,0,64 139,1,15,,1165452,1,,,1,15,,1165414,1,0,64 139,1,15,,1165460,1,,,1,55,,1165438,1,0,64 139,1,15,,1165446,1,,,1,15,,1165419,1,0,64 139,1,15,,1074789,1,,,1,55,,1165432,1,0,64 139,1,15,,1165407,1,,,1,15,,1165415,1,0,64 139,1,15,,1165435,1,0,64 139,1,55,,1165455,1,0,64 139,1,16,,1165421,1,0,64 139,1,15,,1087464,1,0,64 139,1,15,,1165461,1,0,64 139,1,55,,1165424,1,0,64 139,1,15,,1062916,1,0,64 139,1,15,,1165404,1,0,64 139,1,15,,1165409,1,0,64 139,1,55,,1165440,1,0,64 139,1,15,,1165458,1,0,64 139,1,15,,1165445,1,0,64 139,1,60,,1165416,1,0,64 139,1,25,,1165464,1,0,64 139,1,30,,1165422,1,0,64 139,1,70,,1165457,1,0,64 139,1,30,,1165462,15,0,64 139,1,70,,1165429,15,0,64 139,1,30,,1165408,15,0,64 139,1,70,,1165418,15,0,64 139,1,30,,1165459,15,0,64 139,1,70,,1165467,15,0,64 139,1,30,,1165406,15,0,64 139,1
7501,'14',316,,1165550,15,0,64 139,1,30,,1165500,15,0,64 139,1,72,,1165485,15,0,64 139,1,25,,1165505,15,,,1,81,,1165540,1,,,1,29,,1165525,1,,,1,58,,1165516,1,0,64 139,1,12,,1165548,1,,,1,19,,1165479,1,0,64 139,1,14,,1165489,1,,,1,55,,1165555,1,0,64 139,1,15,,1165515,1,,,1,17,,1165488,1,0,64 139,1,16,,1165556,1,,,1,53,,1165484,1,0,64 139,1,15,,1165495,1,,,1,16,,1165542,1,0,64 139,1,14,,1165498,1,,,1,55,,1165499,1,,,1,15,,1165519,1,,,1,15,,1165538,1,,,1,15,,1165492,1,,,1,55,,1165568,1,,,1,15,,1165528,1,,,1,15,,1165514,1,,,1,15,,1165482,1,,,1,55,,1165536,1,,,1,15,,1165544,1,,,1,15,,1165557,1,,,1,15,,1165561,1,,,1,55,,1165491,1,0,64 139,1,15,,1165508,1,,,1,15,,1165541,1,0,64 139,1,15,,1165475,1,,,1,55,,1165480,1,0,64 139,1,15,,1165554,1,,,1,15,,1165545,1,0,64 139,1,15,,1165481,1,,,1,54,,1165520,1,,,1,16,,1165546,1,,,1,15,,1165478,1,,,1,14,,1165559,1,,,1,50,,1165563,1,0,64 139,1,10,,1165566,1,,,1,8,,1165549,1,0,64 139,1,8,,1165526,1,,,1,7,,1165567,1,0,64 139,1,1,,1165494,14,0,64 139,1,7,,1165493,1,,,1,9,,1165483,1,0,64 139,1,46,,1165562,1,,,1,6,,1165503,1,0,64 139,1,2,,1165524,14,0,64 139,1,7,,1165547,1,,,1,8,,1165504,1,,,1,8,,1165531,1,0,64 139,1,6,,1165521,1,,,1,8,,1165490,1,0,64 139,1,7,,1165527,1,,,1,48,,1165518,1,0,64 139,1,6,,1165529,1,,,1,9,,1165543,1,0,64 139,1,7,,1165496,1,,,1,8,,1165507,1,0,64 139,1,5,,1165511,1,,,1,10,,1165509,1,0,64 139,1,5,,1165533,1,,,1,50,,1165565,1,,,1,5,,1165512,1,0,64 139,1,10,,1165553,1,,,1,5,,1165534,1,0,64 139,1,10,,1165476,1,,,1,15,,1165532,1,,,1,56,,1165558,1,0,64 139,1,14,,1165564,1,,,1,14,,1165522,1,0,64 139,1,16,,1165497,1,,,1,55,,1165535,1,0,64 139,1,16,,1165537,1,,,1,14,,1165501,1,0,64 139,1,16,,1165510,1,,,1,54,,1165539,1,0,64 139,1,16,,1165486,1,,,1,14,,1165551,1,0,64 139,1,16,,1165523,1,,,1,73,,1165530,1,,,1,31,,1165502,1,,,1,65,,1165474,1,0,64 139,1,30,,1165513,1,0,64 139,1,72,,1165506,1,0,64 139,1,35,,1165560,1,0,64 139,1,67,,1165517,1,0,64 139,1,30,,1165487,15,0,64 139,1,68,,1165552,15,0,64 139,1,30,,1165569,15,0,64 139,1
7501,'15',316,,1165642,15,0,64 139,1,30,,1165588,15,0,64 139,1,72,,1165662,15,0,64 139,1,25,,1165598,15,,,1,81,,1165637,1,,,1,29,,1165630,1,,,1,58,,1165609,1,0,64 139,1,12,,1165634,1,,,1,19,,1165607,1,0,64 139,1,14,,1165620,1,,,1,55,,1165635,1,0,64 139,1,15,,1165603,1,,,1,17,,1165664,1,0,64 139,1,16,,1165593,1,,,1,53,,1165582,1,0,64 139,1,15,,1165590,1,,,1,16,,1165643,1,0,64 139,1,14,,1165621,1,,,1,55,,1165615,1,,,1,15,,1165574,1,,,1,15,,1165665,1,,,1,15,,1165570,1,,,1,55,,1165654,1,,,1,15,,1165577,1,,,1,15,,1165636,1,,,1,15,,1165656,1,,,1,55,,1165586,1,,,1,15,,1165633,1,,,1,15,,1165608,1,,,1,15,,1165644,1,,,1,55,,1165660,1,0,64 139,1,15,,1165623,1,,,1,15,,1165624,1,0,64 139,1,15,,1165657,1,,,1,55,,1165580,1,0,64 139,1,15,,1165612,1,,,1,15,,1165616,1,0,64 139,1,15,,1165587,1,,,1,54,,1165572,1,,,1,16,,1165639,1,,,1,15,,1165592,1,,,1,14,,1165591,1,,,1,50,,1165600,1,0,64 139,1,10,,1165583,1,,,1,8,,1165640,1,0,64 139,1,8,,1165647,1,,,1,7,,1165655,1,0,64 139,1,1,,1165613,14,0,64 139,1,7,,1165627,1,,,1,9,,1165629,1,0,64 139,1,46,,1165659,1,,,1,6,,1165619,1,0,64 139,1,2,,1165652,14,0,64 139,1,7,,1165596,1,,,1,8,,1165604,1,,,1,8,,1165595,1,0,64 139,1,6,,1165581,1,,,1,8,,1165584,1,0,64 139,1,7,,1165578,1,,,1,48,,1165614,1,0,64 139,1,6,,1165650,1,,,1,9,,1165638,1,0,64 139,1,7,,1165571,1,,,1,8,,1165575,1,0,64 139,1,5,,1165626,1,,,1,10,,1165628,1,0,64 139,1,5,,1165632,1,,,1,50,,1165605,1,,,1,5,,1165589,1,0,64 139,1,10,,1165646,1,,,1,5,,1165661,1,0,64 139,1,10,,1165653,1,,,1,15,,1165617,1,,,1,56,,1165658,1,0,64 139,1,14,,1165663,1,,,1,14,,1165597,1,0,64 139,1,16,,1165611,1,,,1,55,,1165649,1,0,64 139,1,16,,1165610,1,,,1,14,,1165573,1,0,64 139,1,16,,1165625,1,,,1,54,,1165606,1,0,64 139,1,16,,1165579,1,,,1,14,,1165622,1,0,64 139,1,16,,1165585,1,,,1,73,,1165618,1,,,1,31,,1165631,1,,,1,65,,1165594,1,0,64 139,1,30,,1165601,1,0,64 139,1,72,,1165602,1,0,64 139,1,35,,1165651,1,0,64 139,1,67,,1165641,1,0,64 139,1,30,,1165645,15,0,64 139,1,68,,1165599,15,0,64 139,1,30,,1165576,15,0,64 139,1
7501,'16',316,,1165729,15,0,64 139,1,30,,1165726,15,0,64 139,1,72,,1072863,15,0,64 139,1,25,,1165732,15,,,1,81,,1061764,1,,,1,29,,1068032,1,,,1,58,,1165708,1,0,64 139,1,12,,1165719,1,,,1,19,,1165687,1,0,64 139,1,14,,1165695,1,,,1,55,,1165689,1,0,64 139,1,15,,1165684,1,,,1,17,,1084767,1,0,64 139,1,16,,1165678,1,,,1,53,,1165717,1,0,64 139,1,15,,1165706,1,,,1,16,,1165744,1,0,64 139,1,14,,1165737,1,,,1,55,,1165730,1,,,1,15,,1165700,1,,,1,15,,1165745,1,,,1,15,,1165716,1,,,1,55,,1165674,1,,,1,15,,1165679,1,,,1,15,,1165702,1,,,1,15,,1083257,1,,,1,55,,1165704,1,,,1,15,,1165690,1,,,1,15,,1165711,1,,,1,15,,1165681,1,,,1,55,,1165709,1,0,64 139,1,15,,1165747,1,,,1,15,,1165683,1,0,64 139,1,15,,1165707,1,,,1,55,,1095261,1,0,64 139,1,15,,1165749,1,,,1,15,,1165696,1,0,64 139,1,15,,1165685,1,,,1,54,,1165675,1,,,1,16,,1165670,1,,,1,15,,1165669,1,,,1,14,,1165686,1,,,1,50,,1165733,1,0,64 139,1,10,,1165718,1,,,1,8,,1091334,1,0,64 139,1,8,,1165736,1,,,1,7,,1165712,1,0,64 139,1,1,,1165682,14,0,64 139,1,7,,1165723,1,,,1,9,,1165743,1,0,64 139,1,46,,1165698,1,,,1,6,,1165697,1,0,64 139,1,2,,1083642,14,0,64 139,1,7,,1098159,1,,,1,8,,1165672,1,,,1,8,,1165725,1,0,64 139,1,6,,1165715,1,,,1,8,,1165721,1,0,64 139,1,7,,1165713,1,,,1,48,,1165739,1,0,64 139,1,6,,1165741,1,,,1,9,,1165691,1,0,64 139,1,7,,1165740,1,,,1,8,,1165734,1,0,64 139,1,5,,1165724,1,,,1,10,,1165676,1,0,64 139,1,5,,1165666,1,,,1,50,,1165748,1,,,1,5,,1165746,1,0,64 139,1,10,,1165703,1,,,1,5,,1165735,1,0,64 139,1,10,,1165699,1,,,1,15,,1165705,1,,,1,56,,1165722,1,0,64 139,1,14,,1165667,1,,,1,14,,1165692,1,0,64 139,1,16,,1165693,1,,,1,55,,1080766,1,0,64 139,1,16,,1165671,1,,,1,14,,1165673,1,0,64 139,1,16,,1165728,1,,,1,54,,1165710,1,0,64 139,1,16,,1165738,1,,,1,14,,1165694,1,0,64 139,1,16,,1165688,1,,,1,73,,1165677,1,,,1,31,,1165720,1,,,1,65,,1165742,1,0,64 139,1,30,,1165727,1,0,64 139,1,72,,1165701,1,0,64 139,1,35,,1165714,1,0,64 139,1,67,,1083635,1,0,64 139,1,30,,965681,15,0,64 139,1,68,,1165680,15,0,64 139,1,30,,1165668,15,0,64 139,1
7501,'17',328,,1165775,15,0,64 139,1,30,,1165751,15,0,64 139,1,70,,1165817,15,0,64 139,1,30,,1165816,15,0,64 139,1,70,,1165784,15,0,64 139,1,30,,1165821,15,0,64 139,1,65,,1165760,15,,,1,35,,1165781,15,0,64 139,1,70,,1165761,15,,,1,30,,1165814,15,0,64 139,1,55,,1165799,15,0,64 139,1,15,,1165825,1,,,1,15,,1165763,1,0,64 139,1,15,,1165790,1,,,1,55,,1165787,1,0,64 139,1,15,,1165788,1,,,1,15,,1165801,1,0,64 139,1,15,,1165798,1,,,1,55,,1165762,1,0,64 139,1,15,,1165776,1,,,1,15,,1165823,1,0,64 139,1,15,,1165767,1,,,1,55,,1165794,1,0,64 139,1,15,,1165800,1,,,1,15,,1165802,1,0,64 139,1,15,,1165807,1,,,1,55,,1165785,1,0,64 139,1,15,,1165778,1,,,1,15,,1165824,1,0,64 139,1,15,,1165822,1,,,1,55,,1165819,1,0,64 139,1,15,,1165754,1,,,1,15,,1165773,1,0,64 139,1,15,,1165750,1,,,1,55,,1165805,1,0,64 139,1,15,,1165780,1,,,1,15,,1165782,1,0,64 139,1,15,,1165795,1,,,1,55,,1165793,1,0,64 139,1,15,,1165804,1,,,1,15,,1165770,1,0,64 139,1,15,,1165777,1,,,1,55,,1165792,1,0,64 139,1,15,,1165803,1,,,1,15,,1165764,1,0,64 139,1,15,,1165811,1,,,1,55,,1165789,1,0,64 139,1,15,,1165797,1,,,1,15,,1165769,1,0,64 139,1,15,,1165757,1,,,1,55,,1165783,1,0,64 139,1,15,,1165756,1,,,1,15,,1165765,1,0,64 139,1,15,,1165786,1,0,64 139,1,55,,1165806,1,0,64 139,1,16,,1165771,1,0,64 139,1,15,,1165820,1,0,64 139,1,15,,1165812,1,0,64 139,1,55,,1165774,1,0,64 139,1,15,,1165752,1,0,64 139,1,15,,1165753,1,0,64 139,1,15,,1165759,1,0,64 139,1,55,,1165791,1,0,64 139,1,15,,1165809,1,0,64 139,1,15,,1165796,1,0,64 139,1,60,,1165766,1,0,64 139,1,25,,1165815,1,0,64 139,1,30,,1165772,1,0,64 139,1,70,,1165808,1,0,64 139,1,30,,1165813,15,0,64 139,1,70,,1165779,15,0,64 139,1,30,,1165758,15,0,64 139,1,70,,1165768,15,0,64 139,1,30,,1165810,15,0,64 139,1,70,,1165818,15,0,64 139,1,30,,1165755,15,0,64 139,1
7501,'2',325,,1165886,15,0,64 139,1,30,,1165883,15,0,64 139,1,70,,1165850,15,0,64 139,1,30,,1165858,15,0,64 139,1,70,,1100490,15,0,64 139,1,30,,1165893,15,,,1,60,,1165871,1,0,64 139,1,15,,1165884,1,0,64 139,1,15,,1165888,1,,,1,55,,1165895,1,0,64 139,1,15,,1165857,1,0,64 139,1,15,,1165872,1,,,1,15,,1165867,1,0,64 139,1,55,,1165832,1,,,1,15,,1165860,1,0,64 139,1,15,,1165878,1,,,1,15,,1165863,1,0,64 139,1,55,,1165833,1,,,1,15,,1165829,1,0,64 139,1,15,,1165843,1,,,1,15,,1165894,1,0,64 139,1,55,,1165861,1,,,1,15,,1089889,1,0,64 139,1,15,,1165882,1,,,1,15,,1165849,1,0,64 139,1,55,,1165877,1,,,1,15,,1165842,1,0,64 139,1,15,,1165841,1,,,1,15,,1066334,1,,,1,55,,1165865,1,,,1,15,,1165859,1,,,1,15,,1165835,1,,,1,15,,1165892,1,0,64 139,1,55,,1165890,1,,,1,15,,1165826,1,0,64 139,1,15,,1165876,1,,,1,15,,1072239,1,0,64 139,1,55,,1087760,1,,,1,15,,1165827,1,0,64 139,1,15,,1165881,1,,,1,15,,1165875,1,,,1,55,,1165891,1,,,1,15,,1165874,1,,,1,15,,1165834,1,,,1,15,,1165831,1,0,64 139,1,55,,1165856,1,,,1,15,,1165887,1,0,64 139,1,15,,1072030,1,,,1,15,,1165864,1,0,64 139,1,55,,1165855,1,,,1,15,,1165838,1,0,64 139,1,15,,1165847,1,,,1,15,,1165854,1,0,64 139,1,55,,1165898,1,,,1,15,,1165837,1,0,64 139,1,15,,1165862,1,,,1,15,,1165828,1,0,64 139,1,55,,1165845,1,,,1,15,,1165853,1,0,64 139,1,15,,1165879,1,,,1,15,,1065979,1,0,64 139,1,55,,1165839,1,,,1,15,,1165836,1,0,64 139,1,15,,1090670,1,,,1,15,,1165889,1,0,64 139,1,55,,1165873,1,,,1,15,,1165866,1,0,64 139,1,15,,1165844,1,,,1,15,,1165846,1,0,64 139,1,55,,1165896,1,0,64 139,1,15,,1165869,1,0,64 139,1,15,,1165868,1,0,64 139,1,15,,1165830,1,0,64 139,1,55,,1165880,1,0,64 139,1,15,,1165851,1,0,64 139,1,15,,1165870,1,0,64 139,1,23,,1165840,1,0,64 139,1,70,,1066341,1,0,64 139,1,30,,1165885,1,0,64 139,1,70,,1089376,1,0,64 139,1,30,,1165852,1,0,64 139,1,70,,1165848,1,0,64 139,1,34,,1165897,15,0,64 139,1
7501,'3',328,,1165924,15,0,64 139,1,30,,1165900,15,0,64 139,1,70,,1165966,15,0,64 139,1,30,,1165965,15,0,64 139,1,70,,1165933,15,0,64 139,1,30,,1165970,15,0,64 139,1,65,,1165909,15,,,1,35,,1165930,15,0,64 139,1,70,,1165910,15,,,1,30,,1165963,15,0,64 139,1,55,,1165948,15,0,64 139,1,15,,1165974,1,,,1,15,,1165912,1,0,64 139,1,15,,1165939,1,,,1,55,,1165936,1,0,64 139,1,15,,1165937,1,,,1,15,,1165950,1,0,64 139,1,15,,1165947,1,,,1,55,,1165911,1,0,64 139,1,15,,1165925,1,,,1,15,,1165972,1,0,64 139,1,15,,1165916,1,,,1,55,,1165943,1,0,64 139,1,15,,1165949,1,,,1,15,,1165951,1,0,64 139,1,15,,1165956,1,,,1,55,,1165934,1,0,64 139,1,15,,1165927,1,,,1,15,,1165973,1,0,64 139,1,15,,1165971,1,,,1,55,,1165968,1,0,64 139,1,15,,1165903,1,,,1,15,,1165922,1,0,64 139,1,15,,1165899,1,,,1,55,,1165954,1,0,64 139,1,15,,1165929,1,,,1,15,,1165931,1,0,64 139,1,15,,1165944,1,,,1,55,,1165942,1,0,64 139,1,15,,1165953,1,,,1,15,,1165919,1,0,64 139,1,15,,1165926,1,,,1,55,,1165941,1,0,64 139,1,15,,1165952,1,,,1,15,,1165913,1,0,64 139,1,15,,1165960,1,,,1,55,,1165938,1,0,64 139,1,15,,1165946,1,,,1,15,,1165918,1,0,64 139,1,15,,1165906,1,,,1,55,,1165932,1,0,64 139,1,15,,1165905,1,,,1,15,,1165914,1,0,64 139,1,15,,1165935,1,0,64 139,1,55,,1165955,1,0,64 139,1,16,,1165920,1,0,64 139,1,15,,1165969,1,0,64 139,1,15,,1165961,1,0,64 139,1,55,,1165923,1,0,64 139,1,15,,1165901,1,0,64 139,1,15,,1165902,1,0,64 139,1,15,,1165908,1,0,64 139,1,55,,1165940,1,0,64 139,1,15,,1165958,1,0,64 139,1,15,,1165945,1,0,64 139,1,60,,1165915,1,0,64 139,1,25,,1165964,1,0,64 139,1,30,,1165921,1,0,64 139,1,70,,1165957,1,0,64 139,1,30,,1165962,15,0,64 139,1,70,,1165928,15,0,64 139,1,30,,1165907,15,0,64 139,1,70,,1165917,15,0,64 139,1,30,,1165959,15,0,64 139,1,70,,1165967,15,0,64 139,1,30,,1165904,15,0,64 139,1
7501,'4',328,,1166041,15,0,64 139,1,30,,1165981,15,0,64 139,1,70,,1166040,15,0,64 139,1,30,,1165991,15,0,64 139,1,70,,1166018,15,0,64 139,1,30,,1166031,15,0,64 139,1,65,,1166011,15,,,1,35,,1044778,15,0,64 139,1,70,,1166029,15,,,1,30,,1166013,15,0,64 139,1,55,,1166027,15,0,64 139,1,15,,1166015,1,,,1,15,,1069984,1,0,64 139,1,15,,1165978,1,,,1,55,,1165989,1,0,64 139,1,15,,1165992,1,,,1,15,,1166035,1,0,64 139,1,15,,1166003,1,,,1,55,,1166026,1,0,64 139,1,15,,1166030,1,,,1,15,,1166000,1,0,64 139,1,15,,1165993,1,,,1,55,,1165999,1,0,64 139,1,15,,1166004,1,,,1,15,,1165987,1,0,64 139,1,15,,1166016,1,,,1,55,,1166028,1,0,64 139,1,15,,1166045,1,,,1,15,,1165984,1,0,64 139,1,15,,1166001,1,,,1,55,,1166002,1,0,64 139,1,15,,1165983,1,,,1,15,,1165975,1,0,64 139,1,15,,1099977,1,,,1,55,,1166025,1,0,64 139,1,15,,1166044,1,,,1,15,,1090775,1,0,64 139,1,15,,1166033,1,,,1,55,,1166043,1,0,64 139,1,15,,1166007,1,,,1,15,,1165977,1,0,64 139,1,15,,1166020,1,,,1,55,,1165988,1,0,64 139,1,15,,1166042,1,,,1,15,,1165976,1,0,64 139,1,15,,1166006,1,,,1,55,,1166014,1,0,64 139,1,15,,1166023,1,,,1,15,,1166005,1,0,64 139,1,15,,1166032,1,,,1,55,,1166024,1,0,64 139,1,15,,1165994,1,,,1,15,,1166039,1,0,64 139,1,15,,1165995,1,0,64 139,1,55,,1166010,1,0,64 139,1,16,,1166037,1,0,64 139,1,15,,1166009,1,0,64 139,1,15,,1165996,1,0,64 139,1,55,,1165979,1,0,64 139,1,15,,1166022,1,0,64 139,1,15,,1166019,1,0,64 139,1,15,,1165986,1,0,64 139,1,55,,1166017,1,0,64 139,1,15,,1068812,1,0,64 139,1,15,,1166012,1,0,64 139,1,60,,1165998,1,0,64 139,1,25,,1166034,1,0,64 139,1,30,,1165997,1,0,64 139,1,70,,1165980,1,0,64 139,1,30,,1165990,15,0,64 139,1,70,,1165982,15,0,64 139,1,30,,1166021,15,0,64 139,1,70,,1166038,15,0,64 139,1,30,,1166008,15,0,64 139,1,70,,1166036,15,0,64 139,1,30,,1165985,15,0,64 139,1
7501,'5',316,,1166112,15,0,64 139,1,30,,1070564,15,0,64 139,1,72,,1093332,15,0,64 139,1,25,,1166069,15,,,1,81,,1166102,1,,,1,29,,1166088,1,,,1,58,,1166079,1,0,64 139,1,12,,1166110,1,,,1,19,,1166051,1,0,64 139,1,14,,1097788,1,,,1,55,,1166117,1,0,64 139,1,15,,1166078,1,,,1,17,,1166057,1,0,64 139,1,16,,1166118,1,,,1,53,,1059899,1,0,64 139,1,15,,1166062,1,,,1,16,,1166104,1,0,64 139,1,14,,1166064,1,,,1,55,,1076961,1,,,1,15,,1166082,1,,,1,15,,1166100,1,,,1,15,,1166060,1,,,1,55,,1102317,1,,,1,15,,1166091,1,,,1,15,,1166077,1,,,1,15,,1166054,1,,,1,55,,1166098,1,,,1,15,,1166106,1,,,1,15,,1166119,1,,,1,15,,1166122,1,,,1,55,,1166059,1,0,64 139,1,15,,1166072,1,,,1,15,,1166103,1,0,64 139,1,15,,1166047,1,,,1,55,,1166052,1,0,64 139,1,15,,1166116,1,,,1,15,,1166107,1,0,64 139,1,15,,1166053,1,,,1,54,,1166083,1,,,1,16,,1166108,1,,,1,15,,1166050,1,,,1,14,,1166121,1,,,1,50,,1166123,1,0,64 139,1,10,,1166125,1,,,1,8,,1166111,1,0,64 139,1,8,,1166089,1,,,1,7,,1166126,1,0,64 139,1,1,,1166061,14,0,64 139,1,7,,1056838,1,,,1,9,,1166055,1,0,64 139,1,46,,972152,1,,,1,6,,1166067,1,0,64 139,1,2,,1166087,14,0,64 139,1,7,,1166109,1,,,1,8,,1166068,1,,,1,8,,1166094,1,0,64 139,1,6,,1166084,1,,,1,8,,1166058,1,0,64 139,1,7,,1166090,1,,,1,48,,1166081,1,0,64 139,1,6,,1166092,1,,,1,9,,1166105,1,0,64 139,1,7,,1166063,1,,,1,8,,1166071,1,0,64 139,1,5,,1073011,1,,,1,10,,1166073,1,0,64 139,1,5,,1166095,1,,,1,50,,1063077,1,,,1,5,,1166075,1,0,64 139,1,10,,1166115,1,,,1,5,,1166096,1,0,64 139,1,10,,1166048,1,,,1,15,,1085011,1,,,1,56,,1166120,1,0,64 139,1,14,,1166124,1,,,1,14,,1166085,1,0,64 139,1,16,,1098854,1,,,1,55,,1166097,1,0,64 139,1,16,,1166099,1,,,1,14,,1166065,1,0,64 139,1,16,,1166074,1,,,1,54,,1166101,1,0,64 139,1,16,,1166056,1,,,1,14,,1166113,1,0,64 139,1,16,,1166086,1,,,1,73,,1166093,1,,,1,31,,1166066,1,,,1,65,,1166046,1,0,64 139,1,30,,1166076,1,0,64 139,1,72,,1166070,1,0,64 139,1,35,,1031823,1,0,64 139,1,67,,1166080,1,0,64 139,1,30,,1100396,15,0,64 139,1,68,,1166114,15,0,64 139,1,30,,1166127,15,0,64 139,1
7501,'6',316,,1166194,15,0,64 139,1,30,,1166191,15,0,64 139,1,72,,1166178,15,0,64 139,1,25,,1166197,15,,,1,81,,1166128,1,,,1,29,,1166129,1,,,1,58,,1166172,1,0,64 139,1,12,,1166184,1,,,1,19,,1166150,1,0,64 139,1,14,,1166158,1,,,1,55,,1166152,1,0,64 139,1,15,,1166147,1,,,1,17,,1166134,1,0,64 139,1,16,,1166141,1,,,1,53,,1166182,1,0,64 139,1,15,,1166170,1,,,1,16,,1072192,1,0,64 139,1,14,,1166202,1,,,1,55,,1166195,1,,,1,15,,1166164,1,,,1,15,,1076064,1,,,1,15,,1166181,1,,,1,55,,1072001,1,,,1,15,,1166142,1,,,1,15,,1166166,1,,,1,15,,1166203,1,,,1,55,,1166168,1,,,1,15,,1166153,1,,,1,15,,1166175,1,,,1,15,,1166144,1,,,1,55,,1166173,1,0,64 139,1,15,,1023953,1,,,1,15,,1166146,1,0,64 139,1,15,,1166171,1,,,1,55,,1166205,1,0,64 139,1,15,,1166207,1,,,1,15,,1166159,1,0,64 139,1,15,,1166148,1,,,1,54,,1166138,1,,,1,16,,955693,1,,,1,15,,1100098,1,,,1,14,,1166149,1,,,1,50,,1166198,1,0,64 139,1,10,,1166183,1,,,1,8,,1166136,1,0,64 139,1,8,,1166201,1,,,1,7,,1166176,1,0,64 139,1,1,,1166145,14,0,64 139,1,7,,1166188,1,,,1,9,,1166204,1,0,64 139,1,46,,1166162,1,,,1,6,,1166161,1,0,64 139,1,2,,1166160,14,0,64 139,1,7,,1166132,1,,,1,8,,1079311,1,,,1,8,,1166190,1,0,64 139,1,6,,1166180,1,,,1,8,,1166186,1,0,64 139,1,7,,1166177,1,,,1,48,,1092257,1,0,64 139,1,6,,1045837,1,,,1,9,,1166154,1,0,64 139,1,7,,1101974,1,,,1,8,,1166199,1,0,64 139,1,5,,1166189,1,,,1,10,,1166139,1,0,64 139,1,5,,1040092,1,,,1,50,,1075183,1,,,1,5,,1008342,1,0,64 139,1,10,,1166167,1,,,1,5,,1166200,1,0,64 139,1,10,,1166163,1,,,1,15,,1166169,1,,,1,56,,1166187,1,0,64 139,1,14,,1166131,1,,,1,14,,1166155,1,0,64 139,1,16,,1166156,1,,,1,55,,1166130,1,0,64 139,1,16,,1166133,1,,,1,14,,1166137,1,0,64 139,1,16,,1166193,1,,,1,54,,1166174,1,0,64 139,1,16,,1083724,1,,,1,14,,1166157,1,0,64 139,1,16,,1166151,1,,,1,73,,1166140,1,,,1,31,,1166185,1,,,1,65,,1067071,1,0,64 139,1,30,,1166192,1,0,64 139,1,72,,1166165,1,0,64 139,1,35,,1166179,1,0,64 139,1,67,,1166135,1,0,64 139,1,30,,1166206,15,0,64 139,1,68,,1166143,15,0,64 139,1,30,,1052221,15,0,64 139,1
7501,'7',325,,1166267,15,0,64 139,1,30,,1166282,15,0,64 139,1,70,,1166276,15,0,64 139,1,30,,1166219,15,0,64 139,1,70,,1166266,15,0,64 139,1,30,,1166265,15,,,1,60,,1166271,1,0,64 139,1,15,,1166241,1,0,64 139,1,15,,1166270,1,,,1,55,,1166236,1,0,64 139,1,15,,1166238,1,0,64 139,1,15,,1166212,1,,,1,15,,1166250,1,0,64 139,1,55,,1166229,1,,,1,15,,1166249,1,0,64 139,1,15,,1166255,1,,,1,15,,1166251,1,0,64 139,1,55,,1166226,1,,,1,15,,1166288,1,0,64 139,1,15,,1166280,1,,,1,15,,1166260,1,0,64 139,1,55,,1166277,1,,,1,15,,1166257,1,0,64 139,1,15,,1166254,1,,,1,15,,1166225,1,0,64 139,1,55,,1166222,1,,,1,15,,1166224,1,0,64 139,1,15,,1166261,1,,,1,15,,1166228,1,,,1,55,,1166283,1,,,1,15,,1166290,1,,,1,15,,1166248,1,,,1,15,,1166256,1,0,64 139,1,55,,1166209,1,,,1,15,,1166262,1,0,64 139,1,15,,1166252,1,,,1,15,,1166286,1,0,64 139,1,55,,1166287,1,,,1,15,,1166284,1,0,64 139,1,15,,1166211,1,,,1,15,,1166259,1,,,1,55,,1166258,1,,,1,15,,1166227,1,,,1,15,,1166289,1,,,1,15,,1166279,1,0,64 139,1,55,,1166217,1,,,1,15,,1166221,1,0,64 139,1,15,,1166208,1,,,1,15,,1166247,1,0,64 139,1,55,,1166263,1,,,1,15,,1166213,1,0,64 139,1,15,,1166218,1,,,1,15,,1166232,1,0,64 139,1,55,,1166272,1,,,1,15,,1166239,1,0,64 139,1,15,,1166244,1,,,1,15,,1166237,1,0,64 139,1,55,,1166210,1,,,1,15,,1166223,1,0,64 139,1,15,,1166278,1,,,1,15,,1166268,1,0,64 139,1,55,,1166235,1,,,1,15,,1166214,1,0,64 139,1,15,,1166230,1,,,1,15,,1166243,1,0,64 139,1,55,,1166215,1,,,1,15,,1166242,1,0,64 139,1,15,,1166285,1,,,1,15,,1166274,1,0,64 139,1,55,,1166253,1,0,64 139,1,15,,1166281,1,0,64 139,1,15,,1166275,1,0,64 139,1,15,,1166234,1,0,64 139,1,55,,1166231,1,0,64 139,1,15,,1166264,1,0,64 139,1,15,,1166269,1,0,64 139,1,23,,1166233,1,0,64 139,1,70,,1166273,1,0,64 139,1,30,,1166240,1,0,64 139,1,70,,1166216,1,0,64 139,1,30,,1166220,1,0,64 139,1,70,,1166246,1,0,64 139,1,34,,1166245,15,0,64 139,1
7501,'8',316,,1166363,15,0,64 139,1,30,,1166360,15,0,64 139,1,72,,1166347,15,0,64 139,1,25,,1166366,15,,,1,81,,1166291,1,,,1,29,,1166293,1,,,1,58,,1166341,1,0,64 139,1,12,,1166353,1,,,1,19,,1166319,1,0,64 139,1,14,,1166327,1,,,1,55,,1166321,1,0,64 139,1,15,,1166316,1,,,1,17,,1166301,1,0,64 139,1,16,,1166310,1,,,1,53,,1166351,1,0,64 139,1,15,,1166339,1,,,1,16,,1166379,1,0,64 139,1,14,,1166371,1,,,1,55,,1166364,1,,,1,15,,1166333,1,,,1,15,,1166381,1,,,1,15,,1166350,1,,,1,55,,1166306,1,,,1,15,,1166311,1,,,1,15,,1166335,1,,,1,15,,1166375,1,,,1,55,,1166337,1,,,1,15,,1166322,1,,,1,15,,1166344,1,,,1,15,,1166313,1,,,1,55,,1166342,1,0,64 139,1,15,,1166384,1,,,1,15,,1166315,1,0,64 139,1,15,,1166340,1,,,1,55,,1166380,1,0,64 139,1,15,,1166386,1,,,1,15,,1166328,1,0,64 139,1,15,,1166317,1,,,1,54,,1166307,1,,,1,16,,1166299,1,,,1,15,,1166298,1,,,1,14,,1166318,1,,,1,50,,1166367,1,0,64 139,1,10,,1166352,1,,,1,8,,1166304,1,0,64 139,1,8,,1166370,1,,,1,7,,1166345,1,0,64 139,1,1,,1166314,14,0,64 139,1,7,,1166357,1,,,1,9,,1166378,1,0,64 139,1,46,,1166331,1,,,1,6,,1166330,1,0,64 139,1,2,,1166329,14,0,64 139,1,7,,1166297,1,,,1,8,,1166303,1,,,1,8,,1166359,1,0,64 139,1,6,,1166349,1,,,1,8,,1166355,1,0,64 139,1,7,,1166346,1,,,1,48,,1166373,1,0,64 139,1,6,,1166376,1,,,1,9,,1166323,1,0,64 139,1,7,,1166374,1,,,1,8,,1166368,1,0,64 139,1,5,,1166358,1,,,1,10,,1166308,1,0,64 139,1,5,,1166292,1,,,1,50,,1166385,1,,,1,5,,1166382,1,0,64 139,1,10,,1166336,1,,,1,5,,1166369,1,0,64 139,1,10,,1166332,1,,,1,15,,1166338,1,,,1,56,,1166356,1,0,64 139,1,14,,1166295,1,,,1,14,,1166324,1,0,64 139,1,16,,1166325,1,,,1,55,,1166294,1,0,64 139,1,16,,1166300,1,,,1,14,,1166305,1,0,64 139,1,16,,1166362,1,,,1,54,,1166343,1,0,64 139,1,16,,1166372,1,,,1,14,,1166326,1,0,64 139,1,16,,1166320,1,,,1,73,,1166309,1,,,1,31,,1166354,1,,,1,65,,1166377,1,0,64 139,1,30,,1166361,1,0,64 139,1,72,,1166334,1,0,64 139,1,35,,1166348,1,0,64 139,1,67,,1166302,1,0,64 139,1,30,,1166383,15,0,64 139,1,68,,1166312,15,0,64 139,1,30,,1166296,15,0,64 139,1
7501,'9',316,,1166453,15,0,64 139,1,30,,1070473,15,0,64 139,1,72,,1093176,15,0,64 139,1,25,,1166410,15,,,1,81,,1166443,1,,,1,29,,1166429,1,,,1,58,,1166420,1,0,64 139,1,12,,1166451,1,,,1,19,,1166392,1,0,64 139,1,14,,1097677,1,,,1,55,,1166458,1,0,64 139,1,15,,1166419,1,,,1,17,,1166398,1,0,64 139,1,16,,1166459,1,,,1,53,,1059904,1,0,64 139,1,15,,1166403,1,,,1,16,,1166445,1,0,64 139,1,14,,1166405,1,,,1,55,,1076856,1,,,1,15,,1166423,1,,,1,15,,1166441,1,,,1,15,,1166401,1,,,1,55,,1102315,1,,,1,15,,1166432,1,,,1,15,,1166418,1,,,1,15,,1166395,1,,,1,55,,1166439,1,,,1,15,,1166447,1,,,1,15,,1166460,1,,,1,15,,1166463,1,,,1,55,,1166400,1,0,64 139,1,15,,1166413,1,,,1,15,,1166444,1,0,64 139,1,15,,1166388,1,,,1,55,,1166393,1,0,64 139,1,15,,1166457,1,,,1,15,,1166448,1,0,64 139,1,15,,1166394,1,,,1,54,,1166424,1,,,1,16,,1166449,1,,,1,15,,1166391,1,,,1,14,,1166462,1,,,1,50,,1166464,1,0,64 139,1,10,,1166466,1,,,1,8,,1166452,1,0,64 139,1,8,,1166430,1,,,1,7,,1166467,1,0,64 139,1,1,,1166402,14,0,64 139,1,7,,1057032,1,,,1,9,,1166396,1,0,64 139,1,46,,972082,1,,,1,6,,1166408,1,0,64 139,1,2,,1166428,14,0,64 139,1,7,,1166450,1,,,1,8,,1166409,1,,,1,8,,1166435,1,0,64 139,1,6,,1166425,1,,,1,8,,1166399,1,0,64 139,1,7,,1166431,1,,,1,48,,1166422,1,0,64 139,1,6,,1166433,1,,,1,9,,1166446,1,0,64 139,1,7,,1166404,1,,,1,8,,1166412,1,0,64 139,1,5,,1072950,1,,,1,10,,1166414,1,0,64 139,1,5,,1166436,1,,,1,50,,1062901,1,,,1,5,,1166416,1,0,64 139,1,10,,1166456,1,,,1,5,,1166437,1,0,64 139,1,10,,1166389,1,,,1,15,,1084944,1,,,1,56,,1166461,1,0,64 139,1,14,,1166465,1,,,1,14,,1166426,1,0,64 139,1,16,,1098810,1,,,1,55,,1166438,1,0,64 139,1,16,,1166440,1,,,1,14,,1166406,1,0,64 139,1,16,,1166415,1,,,1,54,,1166442,1,0,64 139,1,16,,1166397,1,,,1,14,,1166454,1,0,64 139,1,16,,1166427,1,,,1,73,,1166434,1,,,1,31,,1166407,1,,,1,65,,1166387,1,0,64 139,1,30,,1166417,1,0,64 139,1,72,,1166411,1,0,64 139,1,35,,1032184,1,0,64 139,1,67,,1166421,1,0,64 139,1,30,,1100355,15,0,64 139,1,68,,1166455,15,0,64 139,1,30,,1166468,15,0,64 139,1
8000,'1',444,,1092428,1,0,138,1,70,,1166507,1,0,138,1,30,,1166512,1,,,1,15,,1078717,1,0,19 20,1,55,,1166523,1,,,1,15,,1166477,1,0,19 20,1,15,,1166524,1,,,1,15,,1166475,1,0,19 20,1,55,,1166513,1,,,1,13,,1166476,1,0,19 20,1,17,,1166514,1,,,1,15,,1166479,1,0,19 20,1,56,,1166501,1,,,1,14,,1166504,1,0,19 20,1,16,,1023692,1,,,1,56,,1166496,1,0,19 20,1,16,,1166515,1,,,1,16,,1166490,1,0,19 20,1,15,,1166497,1,,,1,54,,1166511,1,0,19 20,1,14,,1166498,1,,,1,14,,1166494,1,0,19 20,1,14,,1166483,1,,,1,15,,1166505,1,0,19 20,1,55,,1166469,1,,,1,15,,1166480,1,0,19 20,1,15,,1166474,1,,,1,15,,1166482,1,0,19 20,1,56,,1166472,1,,,1,16,,1083895,1,0,19 20,1,15,,1166481,1,,,1,54,,1166516,1,0,19 20,1,14,,1166489,1,,,1,15,,1166510,1,0,19 20,1,15,,1096986,1,,,1,15,,1166509,1,0,19 20,1,55,,1011661,1,,,1,13,,1166520,1,0,19 20,1,17,,1166517,1,,,1,56,,1166502,1,0,19 20,1,31,,1166491,1,0,19 20,1,15,,1166487,1,,,1,54,,1166518,1,0,19 20,1,15,,1166521,1,,,1,14,,1166508,1,0,19 20,1,16,,1166495,1,,,1,56,,1166500,1,0,19 20,1,15,,1166473,1,,,1,15,,872404,1,0,19 20,1,16,,1166486,1,,,1,56,,1166492,1,0,19 20,1,16,,1166484,1,,,1,16,,1166471,1,0,19 20,1,15,,1166470,1,,,1,70,,1166488,1,,,1,30,,1166519,1,,,1,70,,1166506,1,,,1,30,,1166493,1,,,1,70,,1074521,1,,,1,30,,1000726,1,,,1,70,,1166522,1,,,1,30,,996780,1,,,1,70,,1166499,1,,,1,29,,1166485,1,,,1,70,,1166503,1,,,1
8000,'10',444,,1092272,1,0,138,1,70,,1166563,1,0,138,1,30,,1166568,1,,,1,15,,1078453,1,0,19 20,1,55,,1166579,1,,,1,15,,1166533,1,0,19 20,1,15,,1166580,1,,,1,15,,1166531,1,0,19 20,1,55,,1166569,1,,,1,13,,1166532,1,0,19 20,1,17,,1166570,1,,,1,15,,1166535,1,0,19 20,1,56,,1166557,1,,,1,14,,1166560,1,0,19 20,1,16,,1023778,1,,,1,56,,1166552,1,0,19 20,1,16,,1166571,1,,,1,16,,1166546,1,0,19 20,1,15,,1166553,1,,,1,54,,1166567,1,0,19 20,1,14,,1166554,1,,,1,14,,1166550,1,0,19 20,1,14,,1166539,1,,,1,15,,1166561,1,0,19 20,1,55,,1166525,1,,,1,15,,1166536,1,0,19 20,1,15,,1166530,1,,,1,15,,1166538,1,0,19 20,1,56,,1166528,1,,,1,16,,1083743,1,0,19 20,1,15,,1166537,1,,,1,54,,1166572,1,0,19 20,1,14,,1166545,1,,,1,15,,1166566,1,0,19 20,1,15,,1096903,1,,,1,15,,1166565,1,0,19 20,1,55,,1011738,1,,,1,13,,1166576,1,0,19 20,1,17,,1166573,1,,,1,56,,1166558,1,0,19 20,1,31,,1166547,1,0,19 20,1,15,,1166543,1,,,1,54,,1166574,1,0,19 20,1,15,,1166577,1,,,1,14,,1166564,1,0,19 20,1,16,,1166551,1,,,1,56,,1166556,1,0,19 20,1,15,,1166529,1,,,1,15,,872476,1,0,19 20,1,16,,1166542,1,,,1,56,,1166548,1,0,19 20,1,16,,1166540,1,,,1,16,,1166527,1,0,19 20,1,15,,1166526,1,,,1,70,,1166544,1,,,1,30,,1166575,1,,,1,70,,1166562,1,,,1,30,,1166549,1,,,1,70,,1074374,1,,,1,30,,1000874,1,,,1,70,,1166578,1,,,1,30,,996929,1,,,1,70,,1166555,1,,,1,29,,1166541,1,,,1,70,,1166559,1,,,1
8000,'11',444,,1092475,1,0,138,1,70,,1166619,1,0,138,1,30,,1166624,1,,,1,15,,1078797,1,0,19 20,1,55,,1166635,1,,,1,15,,1166589,1,0,19 20,1,15,,1166636,1,,,1,15,,1166587,1,0,19 20,1,55,,1166625,1,,,1,13,,1166588,1,0,19 20,1,17,,1166626,1,,,1,15,,1166591,1,0,19 20,1,56,,1166613,1,,,1,14,,1166616,1,0,19 20,1,16,,1023666,1,,,1,56,,1166608,1,0,19 20,1,16,,1166627,1,,,1,16,,1166602,1,0,19 20,1,15,,1166609,1,,,1,54,,1166623,1,0,19 20,1,14,,1166610,1,,,1,14,,1166606,1,0,19 20,1,14,,1166595,1,,,1,15,,1166617,1,0,19 20,1,55,,1166581,1,,,1,15,,1166592,1,0,19 20,1,15,,1166586,1,,,1,15,,1166594,1,0,19 20,1,56,,1166584,1,,,1,16,,1083938,1,0,19 20,1,15,,1166593,1,,,1,54,,1166628,1,0,19 20,1,14,,1166601,1,,,1,15,,1166622,1,0,19 20,1,15,,1097013,1,,,1,15,,1166621,1,0,19 20,1,55,,1011640,1,,,1,13,,1166632,1,0,19 20,1,17,,1166629,1,,,1,56,,1166614,1,0,19 20,1,31,,1166603,1,0,19 20,1,15,,1166599,1,,,1,54,,1166630,1,0,19 20,1,15,,1166633,1,,,1,14,,1166620,1,0,19 20,1,16,,1166607,1,,,1,56,,1166612,1,0,19 20,1,15,,1166585,1,,,1,15,,872268,1,0,19 20,1,16,,1166598,1,,,1,56,,1166604,1,0,19 20,1,16,,1166596,1,,,1,16,,1166583,1,0,19 20,1,15,,1166582,1,,,1,70,,1166600,1,,,1,30,,1166631,1,,,1,70,,1166618,1,,,1,30,,1166605,1,,,1,70,,1074564,1,,,1,30,,1000684,1,,,1,70,,1166634,1,,,1,30,,996738,1,,,1,70,,1166611,1,,,1,29,,1166597,1,,,1,70,,1166615,1,,,1
8000,'12',444,,1166640,1,0,138,1,70,,1166692,1,0,138,1,30,,1166686,1,,,1,15,,1166655,1,0,19 20,1,55,,1166676,1,,,1,15,,1166681,1,0,19 20,1,15,,1166689,1,,,1,15,,1166672,1,0,19 20,1,55,,1166698,1,,,1,13,,1166683,1,0,19 20,1,17,,1087159,1,,,1,15,,1166673,1,0,19 20,1,56,,1166680,1,,,1,14,,1166646,1,0,19 20,1,16,,1166688,1,,,1,56,,1166679,1,0,19 20,1,16,,1166642,1,,,1,16,,1166638,1,0,19 20,1,15,,1166671,1,,,1,54,,1166661,1,0,19 20,1,14,,1166685,1,,,1,14,,1166690,1,0,19 20,1,14,,1166697,1,,,1,15,,1166687,1,0,19 20,1,55,,1166667,1,,,1,15,,1166660,1,0,19 20,1,15,,1089973,1,,,1,15,,1166658,1,0,19 20,1,56,,1166645,1,,,1,16,,1166647,1,0,19 20,1,15,,1166648,1,,,1,54,,1166643,1,0,19 20,1,14,,1166653,1,,,1,15,,1166649,1,0,19 20,1,15,,1166668,1,,,1,15,,1026009,1,0,19 20,1,55,,1166691,1,,,1,13,,1002217,1,0,19 20,1,17,,1166637,1,,,1,56,,1166659,1,0,19 20,1,31,,1166644,1,0,19 20,1,15,,1166657,1,,,1,54,,1166639,1,0,19 20,1,15,,1166651,1,,,1,14,,1166670,1,0,19 20,1,16,,1166695,1,,,1,56,,1166678,1,0,19 20,1,15,,1166694,1,,,1,15,,1166656,1,0,19 20,1,16,,1166684,1,,,1,56,,1166696,1,0,19 20,1,16,,1166693,1,,,1,16,,1166662,1,0,19 20,1,15,,1166641,1,,,1,70,,1166669,1,,,1,30,,1166664,1,,,1,70,,1166665,1,,,1,30,,1166677,1,,,1,70,,1166663,1,,,1,30,,1166674,1,,,1,70,,1166654,1,,,1,30,,1166666,1,,,1,70,,1166675,1,,,1,29,,1166652,1,,,1,70,,1166682,1,,,1
8000,'13',710,,1166703,1,,,1,100,,1166708,1,,,1,100,,1166705,1,,,1,100,,1166706,1,,,1,30,,1166713,1,,,1,70,,1166704,1,,,1,30,,1166721,1,,,1,70,,1166712,1,,,1,30,,1166701,1,,,1,70,,1166719,1,,,1,30,,1166709,1,,,1,70,,1166707,1,,,1,30,,1166716,1,,,1,70,,1166715,1,,,1,30,,1166700,1,,,1,70,,1096667,1,,,1,30,,1166702,1,,,1,100,,1166720,1,,,1,100,,1166718,1,,,1,100,,1166717,1,,,1,100,,1166711,1,,,1,100,,1166710,1,,,1,105,,1166714,1,,,1
8000,'14',444,,1166724,1,0,138,1,70,,1166767,1,0,138,1,30,,1166773,1,,,1,15,,1166772,1,0,19 20,1,55,,1166787,1,,,1,15,,1166736,1,0,19 20,1,15,,1166788,1,,,1,15,,1166734,1,0,19 20,1,55,,1166774,1,,,1,13,,1166735,1,0,19 20,1,17,,1166775,1,,,1,15,,1166738,1,0,19 20,1,56,,1166760,1,,,1,14,,1166763,1,0,19 20,1,16,,1166725,1,,,1,56,,1166755,1,0,19 20,1,16,,1166776,1,,,1,16,,1166749,1,0,19 20,1,15,,1166756,1,,,1,54,,1166771,1,0,19 20,1,14,,1166757,1,,,1,14,,1166753,1,0,19 20,1,14,,1166742,1,,,1,15,,1166765,1,0,19 20,1,55,,1166722,1,,,1,15,,1166739,1,0,19 20,1,15,,1166733,1,,,1,15,,1166741,1,0,19 20,1,56,,1166729,1,,,1,16,,1166730,1,0,19 20,1,15,,1166740,1,,,1,54,,1166777,1,0,19 20,1,14,,1166748,1,,,1,15,,1166770,1,0,19 20,1,15,,1166764,1,,,1,15,,1166769,1,0,19 20,1,55,,1166727,1,,,1,13,,1166782,1,0,19 20,1,17,,1166778,1,,,1,56,,1166761,1,0,19 20,1,31,,1166750,1,0,19 20,1,15,,1166746,1,,,1,54,,1166780,1,0,19 20,1,15,,1166785,1,,,1,14,,1166768,1,0,19 20,1,16,,1166754,1,,,1,56,,1166759,1,0,19 20,1,15,,1166732,1,,,1,15,,1166731,1,0,19 20,1,16,,1166745,1,,,1,56,,1166751,1,0,19 20,1,16,,1166743,1,,,1,16,,1166726,1,0,19 20,1,15,,1166723,1,,,1,70,,1166747,1,,,1,30,,1166781,1,,,1,70,,1166766,1,,,1,30,,1166752,1,,,1,70,,1166728,1,,,1,30,,1166784,1,,,1,70,,1166786,1,,,1,30,,1166783,1,,,1,70,,1166758,1,,,1,29,,1166744,1,,,1,70,,1166762,1,,,1
8000,'15',444,,1166817,1,0,138,1,70,,1166794,1,0,138,1,30,,1166806,1,,,1,15,,1166811,1,0,19 20,1,55,,1166819,1,,,1,15,,1166836,1,0,19 20,1,15,,1166851,1,,,1,15,,1166818,1,0,19 20,1,55,,1166816,1,,,1,13,,1166813,1,0,19 20,1,17,,1166841,1,,,1,15,,1166828,1,0,19 20,1,56,,1166846,1,,,1,14,,1166800,1,0,19 20,1,16,,1166825,1,,,1,56,,1166815,1,0,19 20,1,16,,1166844,1,,,1,16,,1166830,1,0,19 20,1,15,,1166850,1,,,1,54,,1166814,1,0,19 20,1,14,,1166847,1,,,1,14,,1166796,1,0,19 20,1,14,,1166803,1,,,1,15,,1166852,1,0,19 20,1,55,,1166804,1,,,1,15,,1166823,1,0,19 20,1,15,,1166848,1,,,1,15,,1166829,1,0,19 20,1,56,,1166805,1,,,1,16,,1166843,1,0,19 20,1,15,,1166849,1,,,1,54,,1166802,1,0,19 20,1,14,,1166834,1,,,1,15,,1166789,1,0,19 20,1,15,,1166798,1,,,1,15,,1166795,1,0,19 20,1,55,,1166791,1,,,1,13,,1166822,1,0,19 20,1,17,,1166801,1,,,1,56,,1166808,1,0,19 20,1,31,,1166835,1,0,19 20,1,15,,1166809,1,,,1,54,,1166820,1,0,19 20,1,15,,1166837,1,,,1,14,,1166845,1,0,19 20,1,16,,1166855,1,,,1,56,,1166832,1,0,19 20,1,15,,1166827,1,,,1,15,,1166792,1,0,19 20,1,16,,1166799,1,,,1,56,,1166812,1,0,19 20,1,16,,1166793,1,,,1,16,,1166839,1,0,19 20,1,15,,1166840,1,,,1,70,,1166831,1,,,1,30,,1166790,1,,,1,70,,1166824,1,,,1,30,,1166853,1,,,1,70,,1166821,1,,,1,30,,1166826,1,,,1,70,,1166833,1,,,1,30,,1166797,1,,,1,70,,1166842,1,,,1,29,,1166807,1,,,1,70,,1166810,1,,,1
8000,'16',444,,1166859,1,0,138,1,70,,1098400,1,0,138,1,30,,1166905,1,,,1,15,,1166874,1,0,19 20,1,55,,1166895,1,,,1,15,,1166900,1,0,19 20,1,15,,1166908,1,,,1,15,,1166891,1,0,19 20,1,55,,1166918,1,,,1,13,,1166902,1,0,19 20,1,17,,1166866,1,,,1,15,,1166892,1,0,19 20,1,56,,1166899,1,,,1,14,,1166865,1,0,19 20,1,16,,1166907,1,,,1,56,,1166898,1,0,19 20,1,16,,1166861,1,,,1,16,,1166857,1,0,19 20,1,15,,1166890,1,,,1,54,,1166880,1,0,19 20,1,14,,1166904,1,,,1,14,,1166909,1,0,19 20,1,14,,1166915,1,,,1,15,,1166906,1,0,19 20,1,55,,1166886,1,,,1,15,,1166879,1,0,19 20,1,15,,1166917,1,,,1,15,,1166877,1,0,19 20,1,56,,1166864,1,,,1,16,,1081070,1,0,19 20,1,15,,1166867,1,,,1,54,,1166862,1,0,19 20,1,14,,1166872,1,,,1,15,,1166868,1,0,19 20,1,15,,1166887,1,,,1,15,,1166916,1,0,19 20,1,55,,1166910,1,,,1,13,,1166856,1,0,19 20,1,17,,1097870,1,,,1,56,,1166878,1,0,19 20,1,31,,1166863,1,0,19 20,1,15,,1166876,1,,,1,54,,1166858,1,0,19 20,1,15,,1166870,1,,,1,14,,1166889,1,0,19 20,1,16,,1166913,1,,,1,56,,1166897,1,0,19 20,1,15,,1166912,1,,,1,15,,1166875,1,0,19 20,1,16,,1166903,1,,,1,56,,1166914,1,0,19 20,1,16,,1166911,1,,,1,16,,1166881,1,0,19 20,1,15,,1166860,1,,,1,70,,1166888,1,,,1,30,,1166883,1,,,1,70,,1166884,1,,,1,30,,1166896,1,,,1,70,,1166882,1,,,1,30,,1166893,1,,,1,70,,1166873,1,,,1,30,,1166885,1,,,1,70,,1166894,1,,,1,29,,1166871,1,,,1,70,,1166901,1,,,1
8000,'17',710,,1166923,1,,,1,100,,1166928,1,,,1,100,,1166925,1,,,1,100,,1166926,1,,,1,30,,1166933,1,,,1,70,,1166924,1,,,1,30,,1166941,1,,,1,70,,1166932,1,,,1,30,,1166921,1,,,1,70,,1166939,1,,,1,30,,1166929,1,,,1,70,,1166927,1,,,1,30,,1166936,1,,,1,70,,1166934,1,,,1,30,,1166920,1,,,1,70,,1166942,1,,,1,30,,1166922,1,,,1,100,,1166940,1,,,1,100,,1166938,1,,,1,100,,1166937,1,,,1,100,,1166931,1,,,1,100,,1166930,1,,,1,105,,1166935,1,,,1
8000,'2',602,,1166958,1,,,1,100,,1166947,1,,,1,35,,1166959,1,,,1,70,,1166972,1,,,1,30,,1166952,1,,,1,70,,1166956,1,,,1,30,,1166969,1,,,1,70,,1166954,1,,,1,30,,1166965,1,,,1,70,,1023594,1,,,1,30,,1166960,1,,,1,70,,1166953,1,,,1,30,,1166973,1,,,1,70,,1166955,1,,,1,30,,1166950,1,,,1,70,,1166968,1,,,1,30,,1166945,1,,,1,70,,1166967,1,,,1,30,,1166970,1,,,1,70,,1166948,1,,,1,30,,1166944,1,,,1,70,,1166951,1,,,1,30,,1166943,1,,,1,70,,1166946,1,,,1,30,,1166971,1,,,1,68,,1029742,1,,,1,32,,1166957,1,,,1,70,,1072220,1,,,1,25,,1166962,1,,,1,70,,1166949,1,,,1,30,,1166961,1,,,1,70,,1166966,1,,,1,30,,1166964,1,,,1,70,,1065637,1,,,1,30,,1166963,1,,,1,70,,1166974,1,,,1
8000,'3',710,,1166978,1,,,1,100,,1166983,1,,,1,100,,1166980,1,,,1,100,,1166981,1,,,1,30,,1166988,1,,,1,70,,1166979,1,,,1,30,,1166996,1,,,1,70,,1166987,1,,,1,30,,1166976,1,,,1,70,,1166994,1,,,1,30,,1166984,1,,,1,70,,1166982,1,,,1,30,,1166991,1,,,1,70,,1166989,1,,,1,30,,1166975,1,,,1,70,,1166997,1,,,1,30,,1166977,1,,,1,100,,1166995,1,,,1,100,,1166993,1,,,1,100,,1166992,1,,,1,100,,1166986,1,,,1,100,,1166985,1,,,1,105,,1166990,1,,,1
8000,'4',710,,1167006,1,,,1,100,,1167000,1,,,1,100,,1166999,1,,,1,100,,1167018,1,,,1,30,,1167005,1,,,1,70,,1167001,1,,,1,30,,1167017,1,,,1,70,,1167010,1,,,1,30,,1167002,1,,,1,70,,1167012,1,,,1,30,,1167014,1,,,1,70,,1167008,1,,,1,30,,1167016,1,,,1,70,,1051935,1,,,1,30,,1076546,1,,,1,70,,1167003,1,,,1,30,,1167013,1,,,1,100,,1167015,1,,,1,100,,1167009,1,,,1,100,,1166998,1,,,1,100,,1167007,1,,,1,100,,1167011,1,,,1,105,,1167004,1,,,1
8000,'5',444,,1092395,1,0,138,1,70,,1167057,1,0,138,1,30,,1167062,1,,,1,15,,1078669,1,0,19 20,1,55,,1167073,1,,,1,15,,1167027,1,0,19 20,1,15,,1167074,1,,,1,15,,1167025,1,0,19 20,1,55,,1167063,1,,,1,13,,1167026,1,0,19 20,1,17,,1167064,1,,,1,15,,1167029,1,0,19 20,1,56,,1167051,1,,,1,14,,1167054,1,0,19 20,1,16,,1023532,1,,,1,56,,1167046,1,0,19 20,1,16,,1167065,1,,,1,16,,1167040,1,0,19 20,1,15,,1167047,1,,,1,54,,1167061,1,0,19 20,1,14,,1167048,1,,,1,14,,1167044,1,0,19 20,1,14,,1167033,1,,,1,15,,1167055,1,0,19 20,1,55,,1167019,1,,,1,15,,1167030,1,0,19 20,1,15,,1167024,1,,,1,15,,1167032,1,0,19 20,1,56,,1167022,1,,,1,16,,1083873,1,0,19 20,1,15,,1167031,1,,,1,54,,1167066,1,0,19 20,1,14,,1167039,1,,,1,15,,1167060,1,0,19 20,1,15,,1096964,1,,,1,15,,1167059,1,0,19 20,1,55,,1011510,1,,,1,13,,1167070,1,0,19 20,1,17,,1167067,1,,,1,56,,1167052,1,0,19 20,1,31,,1167041,1,0,19 20,1,15,,1167037,1,,,1,54,,1167068,1,0,19 20,1,15,,1167071,1,,,1,14,,1167058,1,0,19 20,1,16,,1167045,1,,,1,56,,1167050,1,0,19 20,1,15,,1167023,1,,,1,15,,872684,1,0,19 20,1,16,,1167036,1,,,1,56,,1167042,1,0,19 20,1,16,,1167034,1,,,1,16,,1167021,1,0,19 20,1,15,,1167020,1,,,1,70,,1167038,1,,,1,30,,1167069,1,,,1,70,,1167056,1,,,1,30,,1167043,1,,,1,70,,1074499,1,,,1,30,,1000478,1,,,1,70,,1167072,1,,,1,30,,996472,1,,,1,70,,1167049,1,,,1,29,,1167035,1,,,1,70,,1167053,1,,,1
8000,'6',444,,1093536,1,0,138,1,70,,1167122,1,0,138,1,30,,1167116,1,,,1,15,,1167088,1,0,19 20,1,55,,1167107,1,,,1,15,,1167111,1,0,19 20,1,15,,1167119,1,,,1,15,,1167103,1,0,19 20,1,55,,1078064,1,,,1,13,,1167113,1,0,19 20,1,17,,1167079,1,,,1,15,,1167104,1,0,19 20,1,56,,1167110,1,,,1,14,,1034284,1,0,19 20,1,16,,1167118,1,,,1,56,,1167109,1,0,19 20,1,16,,1167078,1,,,1,16,,1015636,1,0,19 20,1,15,,1167102,1,,,1,54,,1167093,1,0,19 20,1,14,,1167115,1,,,1,14,,1167120,1,0,19 20,1,14,,1167126,1,,,1,15,,1167117,1,0,19 20,1,55,,1167099,1,,,1,15,,1167092,1,0,19 20,1,15,,1167128,1,,,1,15,,1167091,1,0,19 20,1,56,,1100311,1,,,1,16,,1167080,1,0,19 20,1,15,,1167081,1,,,1,54,,1081759,1,0,19 20,1,14,,1167086,1,,,1,15,,1167082,1,0,19 20,1,15,,1167100,1,,,1,15,,1167127,1,0,19 20,1,55,,1167121,1,,,1,13,,1167076,1,0,19 20,1,17,,1167075,1,,,1,56,,1004670,1,0,19 20,1,31,,994965,1,0,19 20,1,15,,1167090,1,,,1,54,,1167077,1,0,19 20,1,15,,1167084,1,,,1,14,,968929,1,0,19 20,1,16,,1167124,1,,,1,56,,1167108,1,0,19 20,1,15,,1167123,1,,,1,15,,1167089,1,0,19 20,1,16,,1167114,1,,,1,56,,1167125,1,0,19 20,1,16,,1031205,1,,,1,16,,1167094,1,0,19 20,1,15,,1100454,1,,,1,70,,1167101,1,,,1,30,,1167096,1,,,1,70,,1167097,1,,,1,30,,1038087,1,,,1,70,,1167095,1,,,1,30,,1167105,1,,,1,70,,1167087,1,,,1,30,,1167098,1,,,1,70,,1167106,1,,,1,29,,1167085,1,,,1,70,,1167112,1,,,1
8000,'7',602,,1167152,1,,,1,100,,1167158,1,,,1,35,,1167144,1,,,1,70,,1167160,1,,,1,30,,1167141,1,,,1,70,,1167143,1,,,1,30,,1167137,1,,,1,70,,1167138,1,,,1,30,,1167155,1,,,1,70,,1167163,1,,,1,30,,1167134,1,,,1,70,,1167154,1,,,1,30,,1167145,1,,,1,70,,1167147,1,,,1,30,,1167135,1,,,1,70,,1167153,1,,,1,30,,1167157,1,,,1,70,,1167149,1,,,1,30,,1167162,1,,,1,70,,1167156,1,,,1,30,,1167139,1,,,1,70,,1167136,1,,,1,30,,1167142,1,,,1,70,,1167150,1,,,1,30,,1167164,1,,,1,68,,1167140,1,,,1,32,,1167131,1,,,1,70,,1167129,1,,,1,25,,1167146,1,,,1,70,,1167159,1,,,1,30,,1167151,1,,,1,70,,1167132,1,,,1,30,,1167133,1,,,1,70,,1167130,1,,,1,30,,1167148,1,,,1,70,,1167161,1,,,1
8000,'8',444,,1167169,1,0,138,1,70,,1167222,1,0,138,1,30,,1167216,1,,,1,15,,1167185,1,0,19 20,1,55,,1167206,1,,,1,15,,1167211,1,0,19 20,1,15,,1167219,1,,,1,15,,1167202,1,0,19 20,1,55,,1167230,1,,,1,13,,1167213,1,0,19 20,1,17,,1167176,1,,,1,15,,1167203,1,0,19 20,1,56,,1167210,1,,,1,14,,1167175,1,0,19 20,1,16,,1167218,1,,,1,56,,1167209,1,0,19 20,1,16,,1167171,1,,,1,16,,1167167,1,0,19 20,1,15,,1167201,1,,,1,54,,1167191,1,0,19 20,1,14,,1167215,1,,,1,14,,1167220,1,0,19 20,1,14,,1167227,1,,,1,15,,1167217,1,0,19 20,1,55,,1167197,1,,,1,15,,1167190,1,0,19 20,1,15,,1167229,1,,,1,15,,1167188,1,0,19 20,1,56,,1167174,1,,,1,16,,1167177,1,0,19 20,1,15,,1167178,1,,,1,54,,1167172,1,0,19 20,1,14,,1167183,1,,,1,15,,1167179,1,0,19 20,1,15,,1167198,1,,,1,15,,1167228,1,0,19 20,1,55,,1167221,1,,,1,13,,1167166,1,0,19 20,1,17,,1167165,1,,,1,56,,1167189,1,0,19 20,1,31,,1167173,1,0,19 20,1,15,,1167187,1,,,1,54,,1167168,1,0,19 20,1,15,,1167181,1,,,1,14,,1167200,1,0,19 20,1,16,,1167225,1,,,1,56,,1167208,1,0,19 20,1,15,,1167224,1,,,1,15,,1167186,1,0,19 20,1,16,,1167214,1,,,1,56,,1167226,1,0,19 20,1,16,,1167223,1,,,1,16,,1167192,1,0,19 20,1,15,,1167170,1,,,1,70,,1167199,1,,,1,30,,1167194,1,,,1,70,,1167195,1,,,1,30,,1167207,1,,,1,70,,1167193,1,,,1,30,,1167204,1,,,1,70,,1167184,1,,,1,30,,1167196,1,,,1,70,,1167205,1,,,1,29,,1167182,1,,,1,70,,1167212,1,,,1
8000,'9',444,,1092321,1,0,138,1,70,,1167270,1,0,138,1,30,,1167275,1,,,1,15,,1078534,1,0,19 20,1,55,,1167286,1,,,1,15,,1167240,1,0,19 20,1,15,,1167287,1,,,1,15,,1167238,1,0,19 20,1,55,,1167276,1,,,1,13,,1167239,1,0,19 20,1,17,,1167277,1,,,1,15,,1167242,1,0,19 20,1,56,,1167264,1,,,1,14,,1167267,1,0,19 20,1,16,,1023718,1,,,1,56,,1167259,1,0,19 20,1,16,,1167278,1,,,1,16,,1167253,1,0,19 20,1,15,,1167260,1,,,1,54,,1167274,1,0,19 20,1,14,,1167261,1,,,1,14,,1167257,1,0,19 20,1,14,,1167246,1,,,1,15,,1167268,1,0,19 20,1,55,,1167232,1,,,1,15,,1167243,1,0,19 20,1,15,,1167237,1,,,1,15,,1167245,1,0,19 20,1,56,,1167235,1,,,1,16,,1083788,1,0,19 20,1,15,,1167244,1,,,1,54,,1167279,1,0,19 20,1,14,,1167252,1,,,1,15,,1167273,1,0,19 20,1,15,,1096929,1,,,1,15,,1167272,1,0,19 20,1,55,,1011682,1,,,1,13,,1167283,1,0,19 20,1,17,,1167280,1,,,1,56,,1167265,1,0,19 20,1,31,,1167254,1,0,19 20,1,15,,1167250,1,,,1,54,,1167281,1,0,19 20,1,15,,1167284,1,,,1,14,,1167271,1,0,19 20,1,16,,1167258,1,,,1,56,,1167263,1,0,19 20,1,15,,1167236,1,,,1,15,,872548,1,0,19 20,1,16,,1167249,1,,,1,56,,1167255,1,0,19 20,1,16,,1167247,1,,,1,16,,1167234,1,0,19 20,1,15,,1167233,1,,,1,70,,1167251,1,,,1,30,,1167282,1,,,1,70,,1167269,1,,,1,30,,1167256,1,,,1,70,,1074418,1,,,1,30,,1000768,1,,,1,70,,1167285,1,,,1,30,,996822,1,,,1,70,,1167262,1,,,1,29,,1167248,1,,,1,70,,1167266,1,,,1
8001,'1',515,,1167295,41,4,,1,29,,1167289,69,4,,1,71,,1167342,69,4,,1,32,,1167308,69,4,,1,55,,1167309,60,4,,1,17,,1167314,69,4,,1,17,,1167317,60,4,,1,14,,1167334,69,4,,1,60,,1167301,60,4,,1,17,,1167292,69,4,,1,18,,1167343,60,4,,1,57,,1167331,69,4,,1,17,,1167288,60,4,,1,9,,1167306,69,4,,1,14,,1167305,60,4,,1,13,,1167294,69,4,,1,55,,1167297,60,4,,1,11,,1167293,69,4,,1,15,,1167333,60,4,,1,15,,1167341,69,4,,1,55,,1167339,60,4,,1,15,,1167328,69,4,,1,17,,1167321,60,4,,1,15,,1167311,69,4,,1,58,,1167310,60,4,,1,14,,1167335,69,4,,1,13,,1167304,60,4,,1,15,,1167327,69,4,,1,54,,1167338,60,4,,1,16,,1167290,69,4,,1,15,,1167319,60,4,,1,15,,956341,69,4,,1,55,,1167340,60,4,,1,15,,1167337,69,4,,1,15,,1167326,60,4,,1,14,,1167312,69,4,,1,73,,1167336,69,4,,1,14,,1167320,60,4,,1,17,,1167330,69,4,,1,67,,1071697,60,4,,1,12,,1167322,69,4,,1,19,,1167345,60,4,,1,52,,1167329,69,4,,1,15,,1167313,60,4,,1,15,,1167291,69,4,,1,15,,1084452,60,4,,1,53,,1064097,69,4,,1,15,,1167296,60,4,,1,10,,1167325,69,4,,1,15,,1167324,60,4,,1,13,,1074302,69,4,,1,55,,1167298,60,4,,1,15,,1167332,69,4,,1,15,,1167302,60,4,,1,15,,1167318,69,4,,1,73,,1167299,69,4,,1,24,,1167303,69,4,,1,65,,1167300,69,4,,1,20,,1167344,69,4,,1,71,,1167307,69,4,,1,29,,1060852,69,4,,1,71,,1167323,69,4,,1,30,,1167316,69,4,,1,72,,1167315,69,4,,1
8001,'10',515,,1167353,41,4,,1,29,,1167347,69,4,,1,71,,1167400,69,4,,1,32,,1167366,69,4,,1,55,,1167367,60,4,,1,17,,1167372,69,4,,1,17,,1167375,60,4,,1,14,,1167392,69,4,,1,60,,1167359,60,4,,1,17,,1167350,69,4,,1,18,,1167401,60,4,,1,57,,1167389,69,4,,1,17,,1167346,60,4,,1,9,,1167364,69,4,,1,14,,1167363,60,4,,1,13,,1167352,69,4,,1,55,,1167355,60,4,,1,11,,1167351,69,4,,1,15,,1167391,60,4,,1,15,,1167399,69,4,,1,55,,1167397,60,4,,1,15,,1167386,69,4,,1,17,,1167379,60,4,,1,15,,1167369,69,4,,1,58,,1167368,60,4,,1,14,,1167393,69,4,,1,13,,1167362,60,4,,1,15,,1167385,69,4,,1,54,,1167396,60,4,,1,16,,1167348,69,4,,1,15,,1167377,60,4,,1,15,,956085,69,4,,1,55,,1167398,60,4,,1,15,,1167395,69,4,,1,15,,1167384,60,4,,1,14,,1167370,69,4,,1,73,,1167394,69,4,,1,14,,1167378,60,4,,1,17,,1167388,69,4,,1,67,,1071548,60,4,,1,12,,1167380,69,4,,1,19,,1167403,60,4,,1,52,,1167387,69,4,,1,15,,1167371,60,4,,1,15,,1167349,69,4,,1,15,,1084268,60,4,,1,53,,1063784,69,4,,1,15,,1167354,60,4,,1,10,,1167383,69,4,,1,15,,1167382,60,4,,1,13,,1074160,69,4,,1,55,,1167356,60,4,,1,15,,1167390,69,4,,1,15,,1167360,60,4,,1,15,,1167376,69,4,,1,73,,1167357,69,4,,1,24,,1167361,69,4,,1,65,,1167358,69,4,,1,20,,1167402,69,4,,1,71,,1167365,69,4,,1,29,,1060858,69,4,,1,71,,1167381,69,4,,1,30,,1167374,69,4,,1,72,,1167373,69,4,,1
8001,'11',515,,1167411,41,4,,1,29,,1167405,69,4,,1,71,,1167458,69,4,,1,32,,1167424,69,4,,1,55,,1167425,60,4,,1,17,,1167430,69,4,,1,17,,1167433,60,4,,1,14,,1167450,69,4,,1,60,,1167417,60,4,,1,17,,1167408,69,4,,1,18,,1167459,60,4,,1,57,,1167447,69,4,,1,17,,1167404,60,4,,1,9,,1167422,69,4,,1,14,,1167421,60,4,,1,13,,1167410,69,4,,1,55,,1167413,60,4,,1,11,,1167409,69,4,,1,15,,1167449,60,4,,1,15,,1167457,69,4,,1,55,,1167455,60,4,,1,15,,1167444,69,4,,1,17,,1167437,60,4,,1,15,,1167427,69,4,,1,58,,1167426,60,4,,1,14,,1167451,69,4,,1,13,,1167420,60,4,,1,15,,1167443,69,4,,1,54,,1167454,60,4,,1,16,,1167406,69,4,,1,15,,1167435,60,4,,1,15,,956293,69,4,,1,55,,1167456,60,4,,1,15,,1167453,69,4,,1,15,,1167442,60,4,,1,14,,1167428,69,4,,1,73,,1167452,69,4,,1,14,,1167436,60,4,,1,17,,1167446,69,4,,1,67,,1071739,60,4,,1,12,,1167438,69,4,,1,19,,1167461,60,4,,1,52,,1167445,69,4,,1,15,,1167429,60,4,,1,15,,1167407,69,4,,1,15,,1084508,60,4,,1,53,,1064190,69,4,,1,15,,1167412,60,4,,1,10,,1167441,69,4,,1,15,,1167440,60,4,,1,13,,1074345,69,4,,1,55,,1167414,60,4,,1,15,,1167448,69,4,,1,15,,1167418,60,4,,1,15,,1167434,69,4,,1,73,,1167415,69,4,,1,24,,1167419,69,4,,1,65,,1167416,69,4,,1,20,,1167460,69,4,,1,71,,1167423,69,4,,1,29,,1060850,69,4,,1,71,,1167439,69,4,,1,30,,1167432,69,4,,1,72,,1167431,69,4,,1
8001,'12',515,,1167485,41,4,,1,29,,1167465,69,4,,1,71,,1167478,69,4,,1,32,,1167499,69,4,,1,55,,1102738,60,4,,1,17,,1167462,69,4,,1,17,,1167468,60,4,,1,14,,1167470,69,4,,1,60,,1167509,60,4,,1,17,,1167496,69,4,,1,18,,1084106,60,4,,1,57,,1167466,69,4,,1,17,,1167482,60,4,,1,9,,1167474,69,4,,1,14,,1167491,60,4,,1,13,,1167472,69,4,,1,55,,1167463,60,4,,1,11,,1167516,69,4,,1,15,,1167503,60,4,,1,15,,1167520,69,4,,1,55,,1167510,60,4,,1,15,,1167519,69,4,,1,17,,1167486,60,4,,1,15,,1167484,69,4,,1,58,,1167492,60,4,,1,14,,1167507,69,4,,1,13,,1167483,60,4,,1,15,,1167497,69,4,,1,54,,1167467,60,4,,1,16,,1167515,69,4,,1,15,,1167471,60,4,,1,15,,1167469,69,4,,1,55,,1167514,60,4,,1,15,,1020162,69,4,,1,15,,1167480,60,4,,1,14,,1167501,69,4,,1,73,,1091202,69,4,,1,14,,1167517,60,4,,1,17,,1167513,69,4,,1,67,,1167502,60,4,,1,12,,1167481,69,4,,1,19,,1167508,60,4,,1,52,,1167493,69,4,,1,15,,1167473,60,4,,1,15,,1167518,69,4,,1,15,,1167476,60,4,,1,53,,1167505,69,4,,1,15,,1167490,60,4,,1,10,,1167494,69,4,,1,15,,1167504,60,4,,1,13,,1167475,69,4,,1,55,,1167500,60,4,,1,15,,1167512,69,4,,1,15,,1167506,60,4,,1,15,,1167521,69,4,,1,73,,1167487,69,4,,1,24,,1167479,69,4,,1,65,,1167477,69,4,,1,20,,1167498,69,4,,1,71,,1167495,69,4,,1,29,,1167511,69,4,,1,71,,1167464,69,4,,1,30,,1167488,69,4,,1,72,,1167489,69,4,,1
8001,'13',803,,1167528,69,4,,1,100,,1167530,69,4,,1,105,,1167522,69,4,,1,102,,1167525,69,4,,1,31,,1167527,69,4,,1,71,,1167539,69,4,,1,32,,1167540,69,4,,1,70,,1167535,69,4,,1,30,,1167533,69,4,,1,70,,1167534,69,4,,1,30,,1167541,69,4,,1,70,,1167526,69,4,,1,30,,1101108,69,4,,1,70,,1167542,69,4,,1,30,,1167523,69,4,,1,70,,1167531,69,4,,1,30,,1167532,69,4,,1,99,,1167543,69,4,,1,97,,1167536,69,4,,1,99,,1167529,69,4,,1,97,,1167524,69,4,,1,99,,1167538,69,4,,1,100,,1167537,69,4,,1
8001,'14',515,,1167553,41,4,,1,29,,1167545,69,4,,1,71,,1167602,69,4,,1,32,,1167566,69,4,,1,55,,1167568,60,4,,1,17,,1167574,69,4,,1,17,,1167577,60,4,,1,14,,1167594,69,4,,1,60,,1167559,60,4,,1,17,,1167549,69,4,,1,18,,1167603,60,4,,1,57,,1167591,69,4,,1,17,,1167544,60,4,,1,9,,1167564,69,4,,1,14,,1167563,60,4,,1,13,,1167551,69,4,,1,55,,1167554,60,4,,1,11,,1167550,69,4,,1,15,,1167593,60,4,,1,15,,1167601,69,4,,1,55,,1167599,60,4,,1,15,,1167588,69,4,,1,17,,1167581,60,4,,1,15,,1167571,69,4,,1,58,,1167569,60,4,,1,14,,1167595,69,4,,1,13,,1167562,60,4,,1,15,,1167587,69,4,,1,54,,1167598,60,4,,1,16,,1167546,69,4,,1,15,,1167579,60,4,,1,15,,1167605,69,4,,1,55,,1167600,60,4,,1,15,,1167597,69,4,,1,15,,1167586,60,4,,1,14,,1167572,69,4,,1,73,,1167596,69,4,,1,14,,1167580,60,4,,1,17,,1167590,69,4,,1,67,,1167556,60,4,,1,12,,1167582,69,4,,1,19,,1167606,60,4,,1,52,,1167589,69,4,,1,15,,1167573,60,4,,1,15,,1167547,69,4,,1,15,,1167570,60,4,,1,53,,1167548,69,4,,1,15,,1167552,60,4,,1,10,,1167585,69,4,,1,15,,1167584,60,4,,1,13,,1167607,69,4,,1,55,,1167555,60,4,,1,15,,1167592,69,4,,1,15,,1167560,60,4,,1,15,,1167578,69,4,,1,73,,1167557,69,4,,1,24,,1167561,69,4,,1,65,,1167558,69,4,,1,20,,1167604,69,4,,1,71,,1167565,69,4,,1,29,,1167567,69,4,,1,71,,1167583,69,4,,1,30,,1167576,69,4,,1,72,,1167575,69,4,,1
8001,'15',515,,1167665,41,4,,1,29,,1167669,69,4,,1,71,,1167658,69,4,,1,32,,1167660,69,4,,1,55,,1167613,60,4,,1,17,,1167643,69,4,,1,17,,1167651,60,4,,1,14,,1167641,69,4,,1,60,,1167615,60,4,,1,17,,1167625,69,4,,1,18,,1167620,60,4,,1,57,,1167663,69,4,,1,17,,1167662,60,4,,1,9,,1167632,69,4,,1,14,,1167668,60,4,,1,13,,1167626,69,4,,1,55,,1167630,60,4,,1,11,,1167650,69,4,,1,15,,1167655,60,4,,1,15,,1167656,69,4,,1,55,,1167648,60,4,,1,15,,1167635,69,4,,1,17,,1167670,60,4,,1,15,,1167657,69,4,,1,58,,1167612,60,4,,1,14,,1167666,69,4,,1,13,,1167618,60,4,,1,15,,1167628,69,4,,1,54,,1167637,60,4,,1,16,,1167664,69,4,,1,15,,1167633,60,4,,1,15,,1167629,69,4,,1,55,,1167653,60,4,,1,15,,1167624,69,4,,1,15,,1167627,60,4,,1,14,,1167661,69,4,,1,73,,1167622,69,4,,1,14,,1167645,60,4,,1,17,,1167654,69,4,,1,67,,1167647,60,4,,1,12,,1167640,69,4,,1,19,,1167623,60,4,,1,52,,1167611,69,4,,1,15,,1167659,60,4,,1,15,,1167652,69,4,,1,15,,1167631,60,4,,1,53,,1167614,69,4,,1,15,,1167608,60,4,,1,10,,1167649,69,4,,1,15,,1167619,60,4,,1,13,,1167642,69,4,,1,55,,1167634,60,4,,1,15,,1167644,69,4,,1,15,,1167639,60,4,,1,15,,1167610,69,4,,1,73,,1167667,69,4,,1,24,,1167621,69,4,,1,65,,1167636,69,4,,1,20,,1167638,69,4,,1,71,,1167646,69,4,,1,29,,1167617,69,4,,1,71,,1167671,69,4,,1,30,,1167609,69,4,,1,72,,1167616,69,4,,1
8001,'16',515,,1167693,41,4,,1,29,,1167673,69,4,,1,71,,1167685,69,4,,1,32,,1167707,69,4,,1,55,,1167683,60,4,,1,17,,1089229,69,4,,1,17,,1167674,60,4,,1,14,,1167675,69,4,,1,60,,1167717,60,4,,1,17,,1167704,69,4,,1,18,,1167684,60,4,,1,57,,1080272,69,4,,1,17,,1167690,60,4,,1,9,,1167679,69,4,,1,14,,1167699,60,4,,1,13,,1167678,69,4,,1,55,,946312,60,4,,1,11,,1167724,69,4,,1,15,,1167711,60,4,,1,15,,1167728,69,4,,1,55,,1167718,60,4,,1,15,,1167727,69,4,,1,17,,1167694,60,4,,1,15,,1167692,69,4,,1,58,,1167700,60,4,,1,14,,1167715,69,4,,1,13,,1167691,60,4,,1,15,,1167705,69,4,,1,54,,988771,60,4,,1,16,,1167723,69,4,,1,15,,1167676,60,4,,1,15,,941955,69,4,,1,55,,1167722,60,4,,1,15,,1167689,69,4,,1,15,,1167687,60,4,,1,14,,1167709,69,4,,1,73,,1167677,69,4,,1,14,,1167725,60,4,,1,17,,1167721,69,4,,1,67,,1167710,60,4,,1,12,,1167688,69,4,,1,19,,1167716,60,4,,1,52,,1167701,69,4,,1,15,,1066985,60,4,,1,15,,1167726,69,4,,1,15,,1167681,60,4,,1,53,,1167713,69,4,,1,15,,1167698,60,4,,1,10,,1167702,69,4,,1,15,,1167712,60,4,,1,13,,1167680,69,4,,1,55,,1167708,60,4,,1,15,,1167720,69,4,,1,15,,1167714,60,4,,1,15,,1167729,69,4,,1,73,,1167695,69,4,,1,24,,1167686,69,4,,1,65,,1167682,69,4,,1,20,,1167706,69,4,,1,71,,1167703,69,4,,1,29,,1167719,69,4,,1,71,,1167672,69,4,,1,30,,1167696,69,4,,1,72,,1167697,69,4,,1
8001,'17',803,,1167737,69,4,,1,100,,1167739,69,4,,1,105,,1167730,69,4,,1,102,,1167733,69,4,,1,31,,1167735,69,4,,1,71,,1167748,69,4,,1,32,,1167749,69,4,,1,70,,1167744,69,4,,1,30,,1167742,69,4,,1,70,,1167743,69,4,,1,30,,1167750,69,4,,1,70,,1167734,69,4,,1,30,,1167736,69,4,,1,70,,1167751,69,4,,1,30,,1167731,69,4,,1,70,,1167740,69,4,,1,30,,1167741,69,4,,1,99,,1167752,69,4,,1,97,,1167745,69,4,,1,99,,1167738,69,4,,1,97,,1167732,69,4,,1,99,,1167747,69,4,,1,100,,1167746,69,4,,1
8001,'2',743,,1167766,69,4,,1,70,,1167776,69,4,,1,30,,1167779,69,4,,1,74,,1167771,69,4,,1,30,,1167761,69,4,,1,71,,1085786,69,4,,1,31,,1005117,69,4,,1,72,,1167754,69,4,,1,31,,1167760,69,4,,1,71,,1167769,69,4,,1,31,,1167782,69,4,,1,70,,1167764,69,4,,1,30,,1167762,69,4,,1,70,,1167775,69,4,,1,30,,1167778,69,4,,1,70,,1167783,69,4,,1,30,,1167758,69,4,,1,70,,1072934,69,4,,1,30,,1167756,69,4,,1,70,,1167755,69,4,,1,30,,1167777,69,4,,1,69,,1167780,69,4,,1,30,,1167753,69,4,,1,68,,1167773,69,4,,1,29,,1167765,69,4,,1,69,,1167757,69,4,,1,30,,1167781,69,4,,1,68,,1167770,69,4,,1,29,,1167767,69,4,,1,69,,1167772,69,4,,1,30,,1167774,69,4,,1,70,,1167763,69,4,,1,30,,1167784,69,4,,1,70,,1167768,69,4,,1,31,,1167759,69,4,,1
8001,'3',803,,1167792,69,4,,1,100,,1167794,69,4,,1,105,,1167785,69,4,,1,102,,1167788,69,4,,1,31,,1167790,69,4,,1,71,,1167803,69,4,,1,32,,1167804,69,4,,1,70,,1167799,69,4,,1,30,,1167797,69,4,,1,70,,1167798,69,4,,1,30,,1167805,69,4,,1,70,,1167789,69,4,,1,30,,1167791,69,4,,1,70,,1167806,69,4,,1,30,,1167786,69,4,,1,70,,1167795,69,4,,1,30,,1167796,69,4,,1,99,,1167807,69,4,,1,97,,1167800,69,4,,1,99,,1167793,69,4,,1,97,,1167787,69,4,,1,99,,1167802,69,4,,1,100,,1167801,69,4,,1
8001,'4',803,,1167816,69,4,,1,100,,1167820,69,4,,1,105,,1167828,69,4,,1,102,,1167808,69,4,,1,31,,1167827,69,4,,1,71,,1167822,69,4,,1,32,,1167824,69,4,,1,70,,1167815,69,4,,1,30,,1167811,69,4,,1,70,,1167823,69,4,,1,30,,1167826,69,4,,1,70,,1167817,69,4,,1,30,,1167812,69,4,,1,70,,1167809,69,4,,1,30,,1167814,69,4,,1,70,,1101352,69,4,,1,30,,1167813,69,4,,1,99,,1067282,69,4,,1,97,,1167810,69,4,,1,99,,1167821,69,4,,1,97,,1167819,69,4,,1,99,,1167825,69,4,,1,100,,1167818,69,4,,1
8001,'5',515,,1167836,41,4,,1,29,,1167830,69,4,,1,71,,1167883,69,4,,1,32,,1167849,69,4,,1,55,,1167850,60,4,,1,17,,1167855,69,4,,1,17,,1167858,60,4,,1,14,,1167875,69,4,,1,60,,1167842,60,4,,1,17,,1167833,69,4,,1,18,,1167884,60,4,,1,57,,1167872,69,4,,1,17,,1167829,60,4,,1,9,,1167847,69,4,,1,14,,1167846,60,4,,1,13,,1167835,69,4,,1,55,,1167838,60,4,,1,11,,1167834,69,4,,1,15,,1167874,60,4,,1,15,,1167882,69,4,,1,55,,1167880,60,4,,1,15,,1167869,69,4,,1,17,,1167862,60,4,,1,15,,1167852,69,4,,1,58,,1167851,60,4,,1,14,,1167876,69,4,,1,13,,1167845,60,4,,1,15,,1167868,69,4,,1,54,,1167879,60,4,,1,16,,1167831,69,4,,1,15,,1167860,60,4,,1,15,,956488,69,4,,1,55,,1167881,60,4,,1,15,,1167878,69,4,,1,15,,1167867,60,4,,1,14,,1167853,69,4,,1,73,,1167877,69,4,,1,14,,1167861,60,4,,1,17,,1167871,69,4,,1,67,,1071673,60,4,,1,12,,1167863,69,4,,1,19,,1167886,60,4,,1,52,,1167870,69,4,,1,15,,1167854,60,4,,1,15,,1167832,69,4,,1,15,,1084419,60,4,,1,53,,1064052,69,4,,1,15,,1167837,60,4,,1,10,,1167866,69,4,,1,15,,1167865,60,4,,1,13,,1074279,69,4,,1,55,,1167839,60,4,,1,15,,1167873,69,4,,1,15,,1167843,60,4,,1,15,,1167859,69,4,,1,73,,1167840,69,4,,1,24,,1167844,69,4,,1,65,,1167841,69,4,,1,20,,1167885,69,4,,1,71,,1167848,69,4,,1,29,,1060846,69,4,,1,71,,1167864,69,4,,1,30,,1167857,69,4,,1,72,,1167856,69,4,,1
8001,'6',515,,1167907,41,4,,1,29,,1085694,69,4,,1,71,,1167899,69,4,,1,32,,1167921,69,4,,1,55,,1167897,60,4,,1,17,,1167887,69,4,,1,17,,1065198,60,4,,1,14,,1085699,69,4,,1,60,,1167931,60,4,,1,17,,1167918,69,4,,1,18,,1167898,60,4,,1,57,,1167889,69,4,,1,17,,1167904,60,4,,1,9,,1073085,69,4,,1,14,,1167913,60,4,,1,13,,1005466,69,4,,1,55,,1167888,60,4,,1,11,,1167938,69,4,,1,15,,1167925,60,4,,1,15,,1078070,69,4,,1,55,,1167932,60,4,,1,15,,1079313,69,4,,1,17,,1167908,60,4,,1,15,,1167906,69,4,,1,58,,1167914,60,4,,1,14,,1167929,69,4,,1,13,,1167905,60,4,,1,15,,1167919,69,4,,1,54,,1167890,60,4,,1,16,,1167937,69,4,,1,15,,966436,60,4,,1,15,,1167891,69,4,,1,55,,1167936,60,4,,1,15,,1167903,69,4,,1,15,,1167901,60,4,,1,14,,1167923,69,4,,1,73,,1167892,69,4,,1,14,,1167939,60,4,,1,17,,1167935,69,4,,1,67,,1167924,60,4,,1,12,,1167902,69,4,,1,19,,1167930,60,4,,1,52,,1167915,69,4,,1,15,,1167893,60,4,,1,15,,1167940,69,4,,1,15,,1167895,60,4,,1,53,,1167927,69,4,,1,15,,1167912,60,4,,1,10,,1167916,69,4,,1,15,,1167926,60,4,,1,13,,1167894,69,4,,1,55,,1167922,60,4,,1,15,,1167934,69,4,,1,15,,1167928,60,4,,1,15,,1093054,69,4,,1,73,,1167909,69,4,,1,24,,1167900,69,4,,1,65,,1167896,69,4,,1,20,,1167920,69,4,,1,71,,1167917,69,4,,1,29,,1167933,69,4,,1,71,,1101023,69,4,,1,30,,1167910,69,4,,1,72,,1167911,69,4,,1
8001,'7',743,,1167969,69,4,,1,70,,1167957,69,4,,1,30,,1167966,69,4,,1,74,,1167959,69,4,,1,30,,1167975,69,4,,1,71,,1167951,69,4,,1,31,,1167950,69,4,,1,72,,1167948,69,4,,1,31,,1167946,69,4,,1,71,,1167965,69,4,,1,31,,1167960,69,4,,1,70,,1167961,69,4,,1,30,,1167956,69,4,,1,70,,1167947,69,4,,1,30,,1167972,69,4,,1,70,,1167970,69,4,,1,30,,1167942,69,4,,1,70,,1167964,69,4,,1,30,,1167941,69,4,,1,70,,1167958,69,4,,1,30,,1167953,69,4,,1,69,,1167949,69,4,,1,30,,1167962,69,4,,1,68,,1167963,69,4,,1,29,,1167955,69,4,,1,69,,1167968,69,4,,1,30,,1167945,69,4,,1,68,,1167944,69,4,,1,29,,1167973,69,4,,1,69,,1167954,69,4,,1,30,,1167971,69,4,,1,70,,1167943,69,4,,1,30,,1167952,69,4,,1,70,,1167974,69,4,,1,31,,1167967,69,4,,1
8001,'8',515,,1168003,41,4,,1,29,,1167979,69,4,,1,71,,1167995,69,4,,1,32,,1168017,69,4,,1,55,,1167993,60,4,,1,17,,1167976,69,4,,1,17,,1167982,60,4,,1,14,,1167984,69,4,,1,60,,1168027,60,4,,1,17,,1168014,69,4,,1,18,,1167994,60,4,,1,57,,1167980,69,4,,1,17,,1168000,60,4,,1,9,,1167989,69,4,,1,14,,1168009,60,4,,1,13,,1167987,69,4,,1,55,,1167977,60,4,,1,11,,1168034,69,4,,1,15,,1168021,60,4,,1,15,,1168038,69,4,,1,55,,1168028,60,4,,1,15,,1168037,69,4,,1,17,,1168004,60,4,,1,15,,1168002,69,4,,1,58,,1168010,60,4,,1,14,,1168025,69,4,,1,13,,1168001,60,4,,1,15,,1168015,69,4,,1,54,,1167981,60,4,,1,16,,1168033,69,4,,1,15,,1167985,60,4,,1,15,,1167983,69,4,,1,55,,1168032,60,4,,1,15,,1167999,69,4,,1,15,,1167997,60,4,,1,14,,1168019,69,4,,1,73,,1167986,69,4,,1,14,,1168035,60,4,,1,17,,1168031,69,4,,1,67,,1168020,60,4,,1,12,,1167998,69,4,,1,19,,1168026,60,4,,1,52,,1168011,69,4,,1,15,,1167988,60,4,,1,15,,1168036,69,4,,1,15,,1167991,60,4,,1,53,,1168023,69,4,,1,15,,1168008,60,4,,1,10,,1168012,69,4,,1,15,,1168022,60,4,,1,13,,1167990,69,4,,1,55,,1168018,60,4,,1,15,,1168030,69,4,,1,15,,1168024,60,4,,1,15,,1168039,69,4,,1,73,,1168005,69,4,,1,24,,1167996,69,4,,1,65,,1167992,69,4,,1,20,,1168016,69,4,,1,71,,1168013,69,4,,1,29,,1168029,69,4,,1,71,,1167978,69,4,,1,30,,1168006,69,4,,1,72,,1168007,69,4,,1
8001,'9',515,,1168047,41,4,,1,29,,1168041,69,4,,1,71,,1168094,69,4,,1,32,,1168060,69,4,,1,55,,1168061,60,4,,1,17,,1168066,69,4,,1,17,,1168069,60,4,,1,14,,1168086,69,4,,1,60,,1168053,60,4,,1,17,,1168044,69,4,,1,18,,1168095,60,4,,1,57,,1168083,69,4,,1,17,,1168040,60,4,,1,9,,1168058,69,4,,1,14,,1168057,60,4,,1,13,,1168046,69,4,,1,55,,1168049,60,4,,1,11,,1168045,69,4,,1,15,,1168085,60,4,,1,15,,1168093,69,4,,1,55,,1168091,60,4,,1,15,,1168080,69,4,,1,17,,1168073,60,4,,1,15,,1168063,69,4,,1,58,,1168062,60,4,,1,14,,1168087,69,4,,1,13,,1168056,60,4,,1,15,,1168079,69,4,,1,54,,1168090,60,4,,1,16,,1168042,69,4,,1,15,,1168071,60,4,,1,15,,956440,69,4,,1,55,,1168092,60,4,,1,15,,1168089,69,4,,1,15,,1168078,60,4,,1,14,,1168064,69,4,,1,73,,1168088,69,4,,1,14,,1168072,60,4,,1,17,,1168082,69,4,,1,67,,1071596,60,4,,1,12,,1168074,69,4,,1,19,,1168097,60,4,,1,52,,1168081,69,4,,1,15,,1168065,60,4,,1,15,,1168043,69,4,,1,15,,1084329,60,4,,1,53,,1063881,69,4,,1,15,,1168048,60,4,,1,10,,1168077,69,4,,1,15,,1168076,60,4,,1,13,,1074207,69,4,,1,55,,1168050,60,4,,1,15,,1168084,69,4,,1,15,,1168054,60,4,,1,15,,1168070,69,4,,1,73,,1168051,69,4,,1,24,,1168055,69,4,,1,65,,1168052,69,4,,1,20,,1168096,69,4,,1,71,,1168059,69,4,,1,29,,1060854,69,4,,1,71,,1168075,69,4,,1,30,,1168068,69,4,,1,72,,1168067,69,4,,1
8100,'1',630,,1168098,82,4,,1,77,,1168121,82,4,,1,33,,1168128,82,4,,1,73,,1168120,82,4,,1,30,,1168107,82,4,,1,74,,1168113,82,4,,1,24,,1168109,82,4,,1,67,,1168104,82,4,,1,29,,1071436,82,4,,1,71,,1168100,82,4,,1,30,,1019926,82,4,,1,70,,1168122,82,4,,1,30,,1168118,82,4,,1,71,,1168124,82,4,,1,30,,1168105,82,4,,1,71,,1168114,82,4,,1,32,,1168117,82,4,,1,74,,1068647,82,4,,1,33,,1168103,82,4,,1,73,,1168108,82,4,,1,35,,1168102,82,4,,1,69,,1168099,82,4,,1,26,,1168116,82,4,,1,66,,1168106,82,4,,1,27,,1168111,82,4,,1,64,,1168112,82,4,,1,24,,1001951,82,4,,1,68,,1168125,82,4,,1,29,,1168127,82,4,,1,29,,1096123,82,4,,1,68,,1168123,82,4,,1,30,,1168126,82,4,,1,68,,1168115,82,4,,1,29,,1168119,82,4,,1,100,,1168110,82,4,,1,89,,1168101,82,4,,1
8100,'10',630,,1168129,82,4,,1,77,,1168152,82,4,,1,33,,1168159,82,4,,1,73,,1168151,82,4,,1,30,,1168138,82,4,,1,74,,1168144,82,4,,1,24,,1168140,82,4,,1,67,,1168135,82,4,,1,29,,1071400,82,4,,1,71,,1168131,82,4,,1,30,,1020090,82,4,,1,70,,1168153,82,4,,1,30,,1168149,82,4,,1,71,,1168155,82,4,,1,30,,1168136,82,4,,1,71,,1168145,82,4,,1,32,,1168148,82,4,,1,74,,1068602,82,4,,1,33,,1168134,82,4,,1,73,,1168139,82,4,,1,35,,1168133,82,4,,1,69,,1168130,82,4,,1,26,,1168147,82,4,,1,66,,1168137,82,4,,1,27,,1168142,82,4,,1,64,,1168143,82,4,,1,24,,1002132,82,4,,1,68,,1168156,82,4,,1,29,,1168158,82,4,,1,29,,1095980,82,4,,1,68,,1168154,82,4,,1,30,,1168157,82,4,,1,68,,1168146,82,4,,1,29,,1168150,82,4,,1,100,,1168141,82,4,,1,89,,1168132,82,4,,1
8100,'11',630,,1168160,82,4,,1,77,,1168183,82,4,,1,33,,1168190,82,4,,1,73,,1168182,82,4,,1,30,,1168169,82,4,,1,74,,1168175,82,4,,1,24,,1168171,82,4,,1,67,,1168166,82,4,,1,29,,1071448,82,4,,1,71,,1168162,82,4,,1,30,,1019877,82,4,,1,70,,1168184,82,4,,1,30,,1168180,82,4,,1,71,,1168186,82,4,,1,30,,1168167,82,4,,1,71,,1168176,82,4,,1,32,,1168179,82,4,,1,74,,1068662,82,4,,1,33,,1168165,82,4,,1,73,,1168170,82,4,,1,35,,1168164,82,4,,1,69,,1168161,82,4,,1,26,,1168178,82,4,,1,66,,1168168,82,4,,1,27,,1168173,82,4,,1,64,,1168174,82,4,,1,24,,1001898,82,4,,1,68,,1168187,82,4,,1,29,,1168189,82,4,,1,29,,1096166,82,4,,1,68,,1168185,82,4,,1,30,,1168188,82,4,,1,68,,1168177,82,4,,1,29,,1168181,82,4,,1,100,,1168172,82,4,,1,89,,1168163,82,4,,1
8100,'12',630,,1168218,82,4,,1,77,,1168200,82,4,,1,33,,1009563,82,4,,1,73,,1168202,82,4,,1,30,,1168209,82,4,,1,74,,1092792,82,4,,1,24,,1168221,82,4,,1,67,,1168191,82,4,,1,29,,1168220,82,4,,1,71,,1168192,82,4,,1,30,,1168215,82,4,,1,70,,1168213,82,4,,1,30,,1168194,82,4,,1,71,,1168199,82,4,,1,30,,1168210,82,4,,1,71,,1168219,82,4,,1,32,,1168195,82,4,,1,74,,1168197,82,4,,1,33,,1168207,82,4,,1,73,,1168201,82,4,,1,35,,1168222,82,4,,1,69,,1168205,82,4,,1,26,,1168208,82,4,,1,66,,1168211,82,4,,1,27,,1074892,82,4,,1,64,,1168206,82,4,,1,24,,1168203,82,4,,1,68,,1168193,82,4,,1,29,,1168204,82,4,,1,29,,1168223,82,4,,1,68,,1168198,82,4,,1,30,,1168217,82,4,,1,68,,1168216,82,4,,1,29,,1168196,82,4,,1,100,,1168214,82,4,,1,89,,1168212,82,4,,1
8100,'13',812,,1168232,81,4,,1,30,,1065343,81,4,,1,70,,1168234,81,4,,1,30,,1168246,81,4,,1,70,,1168226,81,4,,1,30,,1168236,81,4,,1,73,,1168231,81,4,,1,30,,1168241,81,4,,1,70,,1168228,81,4,,1,30,,1168227,81,4,,1,72,,1168244,81,4,,1,30,,1168235,81,4,,1,70,,1168229,81,4,,1,30,,1168242,81,4,,1,70,,1168245,81,4,,1,30,,1168239,81,4,,1,70,,1168240,81,4,,1,30,,1168224,81,4,,1,70,,1091807,81,4,,1,30,,1168230,81,4,,1,70,,1168238,81,4,,1,30,,1168237,81,4,,1,68,,1168233,81,4,,1,100,,1091517,81,4,,1,100,,1168243,81,4,,1,97,,1168247,81,4,,1,100,,1168225,81,4,,1
8100,'14',630,,1168248,82,4,,1,77,,1168274,82,4,,1,33,,1168282,82,4,,1,73,,1168273,82,4,,1,30,,1168259,82,4,,1,74,,1168265,82,4,,1,24,,1168261,82,4,,1,67,,1168256,82,4,,1,29,,1168280,82,4,,1,71,,1168252,82,4,,1,30,,1168269,82,4,,1,70,,1168275,82,4,,1,30,,1168271,82,4,,1,71,,1168277,82,4,,1,30,,1168257,82,4,,1,71,,1168266,82,4,,1,32,,1168270,82,4,,1,74,,1168283,82,4,,1,33,,1168255,82,4,,1,73,,1168260,82,4,,1,35,,1168254,82,4,,1,69,,1168251,82,4,,1,26,,1168268,82,4,,1,66,,1168258,82,4,,1,27,,1168263,82,4,,1,64,,1168264,82,4,,1,24,,1168250,82,4,,1,68,,1168278,82,4,,1,29,,1168281,82,4,,1,29,,1168249,82,4,,1,68,,1168276,82,4,,1,30,,1168279,82,4,,1,68,,1168267,82,4,,1,29,,1168272,82,4,,1,100,,1168262,82,4,,1,89,,1168253,82,4,,1
8100,'15',630,,1168297,82,4,,1,77,,1168300,82,4,,1,33,,1168306,82,4,,1,73,,1168301,82,4,,1,30,,1168299,82,4,,1,74,,1168303,82,4,,1,24,,1168314,82,4,,1,67,,1168291,82,4,,1,29,,1168286,82,4,,1,71,,1168284,82,4,,1,30,,1168295,82,4,,1,70,,1168290,82,4,,1,30,,1168304,82,4,,1,71,,1168313,82,4,,1,30,,1168296,82,4,,1,71,,1168289,82,4,,1,32,,1168294,82,4,,1,74,,1168317,82,4,,1,33,,1168298,82,4,,1,73,,1168293,82,4,,1,35,,1168292,82,4,,1,69,,1168307,82,4,,1,26,,1168287,82,4,,1,66,,1168319,82,4,,1,27,,1168302,82,4,,1,64,,1168312,82,4,,1,24,,1168308,82,4,,1,68,,1168310,82,4,,1,29,,1168315,82,4,,1,29,,1168285,82,4,,1,68,,1168311,82,4,,1,30,,1168288,82,4,,1,68,,1168305,82,4,,1,29,,1168318,82,4,,1,100,,1168316,82,4,,1,89,,1168309,82,4,,1
8100,'16',630,,1168347,82,4,,1,77,,1168329,82,4,,1,33,,1168352,82,4,,1,73,,1168331,82,4,,1,30,,1168338,82,4,,1,74,,1168348,82,4,,1,24,,1168349,82,4,,1,67,,1097491,82,4,,1,29,,1093830,82,4,,1,71,,1168320,82,4,,1,30,,1168344,82,4,,1,70,,1168342,82,4,,1,30,,1168323,82,4,,1,71,,1168328,82,4,,1,30,,1168339,82,4,,1,71,,1084777,82,4,,1,32,,1168324,82,4,,1,74,,1168326,82,4,,1,33,,1168336,82,4,,1,73,,1168330,82,4,,1,35,,1168350,82,4,,1,69,,1168334,82,4,,1,26,,1168337,82,4,,1,66,,1168340,82,4,,1,27,,1168322,82,4,,1,64,,1168335,82,4,,1,24,,1168332,82,4,,1,68,,1168321,82,4,,1,29,,1168333,82,4,,1,29,,1168351,82,4,,1,68,,1168327,82,4,,1,30,,1168346,82,4,,1,68,,1168345,82,4,,1,29,,1168325,82,4,,1,100,,1168343,82,4,,1,89,,1168341,82,4,,1
8100,'17',812,,1168363,81,4,,1,30,,1168371,81,4,,1,70,,1168365,81,4,,1,30,,1168378,81,4,,1,70,,1168357,81,4,,1,30,,1168367,81,4,,1,73,,1168362,81,4,,1,30,,1168373,81,4,,1,70,,1168359,81,4,,1,30,,1168358,81,4,,1,72,,1168376,81,4,,1,30,,1168366,81,4,,1,70,,1168360,81,4,,1,30,,1168374,81,4,,1,70,,1168377,81,4,,1,30,,1168370,81,4,,1,70,,1168372,81,4,,1,30,,1168353,81,4,,1,70,,1168356,81,4,,1,30,,1168361,81,4,,1,70,,1168369,81,4,,1,30,,1168368,81,4,,1,68,,1168364,81,4,,1,100,,1168355,81,4,,1,100,,1168375,81,4,,1,97,,1168379,81,4,,1,100,,1168354,81,4,,1
8100,'2',815,,1096574,81,4,,1,30,,1168403,81,4,,1,70,,1168393,81,4,,1,30,,1168380,81,4,,1,70,,1096022,81,4,,1,30,,1168400,81,4,,1,73,,1168384,81,4,,1,30,,1168405,81,4,,1,70,,1168389,81,4,,1,30,,1168395,81,4,,1,72,,1168392,81,4,,1,30,,1168383,81,4,,1,70,,1168385,81,4,,1,30,,1168394,81,4,,1,70,,1168381,81,4,,1,30,,1168401,81,4,,1,70,,1168397,81,4,,1,30,,1168382,81,4,,1,70,,1168387,81,4,,1,30,,1168404,81,4,,1,70,,1168396,81,4,,1,30,,1168391,81,4,,1,68,,1168390,81,4,,1,30,,1168399,81,4,,1,70,,1168386,81,4,,1,100,,1055301,81,4,,1,97,,1168398,81,4,,1,100,,1168402,81,4,,1,100,,1168388,81,4,,1
8100,'3',812,,1168416,81,4,,1,30,,1168424,81,4,,1,70,,1168418,81,4,,1,30,,1168431,81,4,,1,70,,1168410,81,4,,1,30,,1168420,81,4,,1,73,,1168415,81,4,,1,30,,1168426,81,4,,1,70,,1168412,81,4,,1,30,,1168411,81,4,,1,72,,1168429,81,4,,1,30,,1168419,81,4,,1,70,,1168413,81,4,,1,30,,1168427,81,4,,1,70,,1168430,81,4,,1,30,,1168423,81,4,,1,70,,1168425,81,4,,1,30,,1168406,81,4,,1,70,,1168409,81,4,,1,30,,1168414,81,4,,1,70,,1168422,81,4,,1,30,,1168421,81,4,,1,68,,1168417,81,4,,1,100,,1168408,81,4,,1,100,,1168428,81,4,,1,97,,1168432,81,4,,1,100,,1168407,81,4,,1
8100,'4',812,,1168454,81,4,,1,30,,1168448,81,4,,1,70,,1168440,81,4,,1,30,,1168452,81,4,,1,70,,1168444,81,4,,1,30,,1101134,81,4,,1,73,,1168445,81,4,,1,30,,1168433,81,4,,1,70,,1168449,81,4,,1,30,,1168450,81,4,,1,72,,1168443,81,4,,1,30,,1168442,81,4,,1,70,,1168447,81,4,,1,30,,1168435,81,4,,1,70,,1168453,81,4,,1,30,,1168438,81,4,,1,70,,1168439,81,4,,1,30,,1168436,81,4,,1,70,,1083106,81,4,,1,30,,1168441,81,4,,1,70,,1168456,81,4,,1,30,,1168455,81,4,,1,68,,1168446,81,4,,1,100,,1074230,81,4,,1,100,,1168434,81,4,,1,97,,1168451,81,4,,1,100,,1168437,81,4,,1
8100,'5',630,,1168457,82,4,,1,77,,1168480,82,4,,1,33,,1168487,82,4,,1,73,,1168479,82,4,,1,30,,1168466,82,4,,1,74,,1168472,82,4,,1,24,,1168468,82,4,,1,67,,1168463,82,4,,1,29,,1071424,82,4,,1,71,,1168459,82,4,,1,30,,1019655,82,4,,1,70,,1168481,82,4,,1,30,,1168477,82,4,,1,71,,1168483,82,4,,1,30,,1168464,82,4,,1,71,,1168473,82,4,,1,32,,1168476,82,4,,1,74,,1068632,82,4,,1,33,,1168462,82,4,,1,73,,1168467,82,4,,1,35,,1168461,82,4,,1,69,,1168458,82,4,,1,26,,1168475,82,4,,1,66,,1168465,82,4,,1,27,,1168470,82,4,,1,64,,1168471,82,4,,1,24,,1001624,82,4,,1,68,,1168484,82,4,,1,29,,1168486,82,4,,1,29,,1096103,82,4,,1,68,,1168482,82,4,,1,30,,1168485,82,4,,1,68,,1168474,82,4,,1,29,,1168478,82,4,,1,100,,1168469,82,4,,1,89,,1168460,82,4,,1
8100,'6',630,,1168512,82,4,,1,77,,1168495,82,4,,1,33,,1168517,82,4,,1,73,,1168497,82,4,,1,30,,1168503,82,4,,1,74,,1168513,82,4,,1,24,,1168516,82,4,,1,67,,1168488,82,4,,1,29,,1168515,82,4,,1,71,,1075142,82,4,,1,30,,1168509,82,4,,1,70,,1168507,82,4,,1,30,,1048642,82,4,,1,71,,1168494,82,4,,1,30,,1168504,82,4,,1,71,,1168514,82,4,,1,32,,1168491,82,4,,1,74,,1077363,82,4,,1,33,,1168501,82,4,,1,73,,1168496,82,4,,1,35,,1082958,82,4,,1,69,,1168499,82,4,,1,26,,1168502,82,4,,1,66,,1168505,82,4,,1,27,,1168490,82,4,,1,64,,1168500,82,4,,1,24,,1168498,82,4,,1,68,,1168489,82,4,,1,29,,1091981,82,4,,1,29,,1094683,82,4,,1,68,,1168493,82,4,,1,30,,1168511,82,4,,1,68,,1168510,82,4,,1,29,,1168492,82,4,,1,100,,1168508,82,4,,1,89,,1168506,82,4,,1
8100,'7',815,,1168525,81,4,,1,30,,1168524,81,4,,1,70,,1168545,81,4,,1,30,,1168534,81,4,,1,70,,1168533,81,4,,1,30,,1168521,81,4,,1,73,,1168527,81,4,,1,30,,1168526,81,4,,1,70,,1168542,81,4,,1,30,,1168541,81,4,,1,72,,1168531,81,4,,1,30,,1168540,81,4,,1,70,,1168530,81,4,,1,30,,1168523,81,4,,1,70,,1168529,81,4,,1,30,,1168518,81,4,,1,70,,1168535,81,4,,1,30,,1168539,81,4,,1,70,,1168537,81,4,,1,30,,1168519,81,4,,1,70,,1168522,81,4,,1,30,,1168532,81,4,,1,68,,1168528,81,4,,1,30,,1168520,81,4,,1,70,,1168546,81,4,,1,100,,1168536,81,4,,1,97,,1168544,81,4,,1,100,,1168538,81,4,,1,100,,1168543,81,4,,1
8100,'8',630,,1168575,82,4,,1,77,,1168557,82,4,,1,33,,1168582,82,4,,1,73,,1168559,82,4,,1,30,,1168566,82,4,,1,74,,1168576,82,4,,1,24,,1168579,82,4,,1,67,,1168547,82,4,,1,29,,1168578,82,4,,1,71,,1168548,82,4,,1,30,,1168572,82,4,,1,70,,1168570,82,4,,1,30,,1168551,82,4,,1,71,,1168556,82,4,,1,30,,1168567,82,4,,1,71,,1168577,82,4,,1,32,,1168552,82,4,,1,74,,1168554,82,4,,1,33,,1168564,82,4,,1,73,,1168558,82,4,,1,35,,1168580,82,4,,1,69,,1168562,82,4,,1,26,,1168565,82,4,,1,66,,1168568,82,4,,1,27,,1168550,82,4,,1,64,,1168563,82,4,,1,24,,1168560,82,4,,1,68,,1168549,82,4,,1,29,,1168561,82,4,,1,29,,1168581,82,4,,1,68,,1168555,82,4,,1,30,,1168574,82,4,,1,68,,1168573,82,4,,1,29,,1168553,82,4,,1,100,,1168571,82,4,,1,89,,1168569,82,4,,1
8100,'9',630,,1168583,82,4,,1,77,,1168606,82,4,,1,33,,1168613,82,4,,1,73,,1168605,82,4,,1,30,,1168592,82,4,,1,74,,1168598,82,4,,1,24,,1168594,82,4,,1,67,,1168589,82,4,,1,29,,1071412,82,4,,1,71,,1168585,82,4,,1,30,,1019975,82,4,,1,70,,1168607,82,4,,1,30,,1168603,82,4,,1,71,,1168609,82,4,,1,30,,1168590,82,4,,1,71,,1168599,82,4,,1,32,,1168602,82,4,,1,74,,1068617,82,4,,1,33,,1168588,82,4,,1,73,,1168593,82,4,,1,35,,1168587,82,4,,1,69,,1168584,82,4,,1,26,,1168601,82,4,,1,66,,1168591,82,4,,1,27,,1168596,82,4,,1,64,,1168597,82,4,,1,24,,1002004,82,4,,1,68,,1168610,82,4,,1,29,,1168612,82,4,,1,29,,1096026,82,4,,1,68,,1168608,82,4,,1,30,,1168611,82,4,,1,68,,1168600,82,4,,1,29,,1168604,82,4,,1,100,,1168595,82,4,,1,89,,1168586,82,4,,1
8101,'1',610,,1168638,1,,,1,24,,1168642,1,,,1,72,,1168629,1,,,1,28,,1168643,1,,,1,73,,1168645,1,,,1,29,,983756,1,,,1,70,,1168620,1,,,1,30,,1168641,1,,,1,70,,1168634,1,,,1,29,,1168617,1,,,1,69,,1062136,1,,,1,29,,1168636,1,,,1,70,,1168637,1,,,1,30,,1168640,1,,,1,70,,1168626,1,,,1,30,,1168633,1,,,1,70,,1168621,1,,,1,29,,1168639,1,,,1,69,,1168614,1,,,1,30,,1168615,1,,,1,69,,1168631,1,,,1,30,,1168644,1,,,1,71,,1168628,1,,,1,29,,1168618,1,,,1,70,,1168622,1,,,1,30,,1168624,1,,,1,70,,1168635,1,,,1,30,,1168632,1,,,1,70,,997961,1,,,1,30,,1168619,1,,,1,70,,1168625,1,,,1,30,,1168623,1,,,1,70,,1168630,1,,,1,30,,1168627,1,,,1,109,,1168616,1,,,1
8101,'10',610,,1168670,1,,,1,24,,1168674,1,,,1,72,,1168661,1,,,1,28,,1168675,1,,,1,73,,1168677,1,,,1,29,,983470,1,,,1,70,,1168652,1,,,1,30,,1168673,1,,,1,70,,1168666,1,,,1,29,,1168649,1,,,1,69,,1061903,1,,,1,29,,1168668,1,,,1,70,,1168669,1,,,1,30,,1168672,1,,,1,70,,1168658,1,,,1,30,,1168665,1,,,1,70,,1168653,1,,,1,29,,1168671,1,,,1,69,,1168646,1,,,1,30,,1168647,1,,,1,69,,1168663,1,,,1,30,,1168676,1,,,1,71,,1168660,1,,,1,29,,1168650,1,,,1,70,,1168654,1,,,1,30,,1168656,1,,,1,70,,1168667,1,,,1,30,,1168664,1,,,1,70,,998054,1,,,1,30,,1168651,1,,,1,70,,1168657,1,,,1,30,,1168655,1,,,1,70,,1168662,1,,,1,30,,1168659,1,,,1,109,,1168648,1,,,1
8101,'11',610,,1168702,1,,,1,24,,1168706,1,,,1,72,,1168693,1,,,1,28,,1168707,1,,,1,73,,1168709,1,,,1,29,,983720,1,,,1,70,,1168684,1,,,1,30,,1168705,1,,,1,70,,1168698,1,,,1,29,,1168681,1,,,1,69,,1062211,1,,,1,29,,1168700,1,,,1,70,,1168701,1,,,1,30,,1168704,1,,,1,70,,1168690,1,,,1,30,,1168697,1,,,1,70,,1168685,1,,,1,29,,1168703,1,,,1,69,,1168678,1,,,1,30,,1168679,1,,,1,69,,1168695,1,,,1,30,,1168708,1,,,1,71,,1168692,1,,,1,29,,1168682,1,,,1,70,,1168686,1,,,1,30,,1168688,1,,,1,70,,1168699,1,,,1,30,,1168696,1,,,1,70,,997933,1,,,1,30,,1168683,1,,,1,70,,1168689,1,,,1,30,,1168687,1,,,1,70,,1168694,1,,,1,30,,1168691,1,,,1,109,,1168680,1,,,1
8101,'12',610,,1168732,1,,,1,24,,1168713,1,,,1,72,,1168721,1,,,1,28,,1168710,1,,,1,73,,1168718,1,,,1,29,,1168717,1,,,1,70,,1168728,1,,,1,30,,1168737,1,,,1,70,,1019336,1,,,1,29,,1168738,1,,,1,69,,1168722,1,,,1,29,,1168736,1,,,1,70,,1168731,1,,,1,30,,1079487,1,,,1,70,,1168711,1,,,1,30,,1090815,1,,,1,70,,1168726,1,,,1,29,,1168715,1,,,1,69,,1168725,1,,,1,30,,1168734,1,,,1,69,,1084097,1,,,1,30,,1168719,1,,,1,71,,967375,1,,,1,29,,1168733,1,,,1,70,,1168712,1,,,1,30,,1168735,1,,,1,70,,1168714,1,,,1,30,,1091558,1,,,1,70,,1168727,1,,,1,30,,1168730,1,,,1,70,,1168716,1,,,1,30,,1168724,1,,,1,70,,1168720,1,,,1,30,,1168723,1,,,1,109,,1168729,1,,,1
8101,'13',825,,1168754,1,,,1,30,,1168751,1,,,1,70,,1168759,1,,,1,30,,1168755,1,,,1,70,,1168748,1,,,1,30,,1168756,1,,,1,70,,1077437,1,,,1,30,,1168746,1,,,1,70,,1168750,1,,,1,30,,1168742,1,,,1,70,,1168753,1,,,1,30,,1080053,1,,,1,70,,1168760,1,,,1,30,,1168757,1,,,1,70,,1168739,1,,,1,30,,1168741,1,,,1,70,,1168745,1,,,1,30,,1168749,1,,,1,70,,1168744,1,,,1,30,,1168762,1,,,1,70,,1168752,1,,,1,100,,1168743,1,,,1,100,,1168747,1,,,1,100,,1168758,1,,,1,100,,1168740,1,,,1,100,,1168761,1,,,1
8101,'14',610,,1168789,1,,,1,24,,1168793,1,,,1,72,,1168779,1,,,1,28,,1168794,1,,,1,73,,1168797,1,,,1,29,,1168795,1,,,1,70,,1168770,1,,,1,30,,1168792,1,,,1,70,,1168785,1,,,1,29,,1168767,1,,,1,69,,1168780,1,,,1,29,,1168787,1,,,1,70,,1168788,1,,,1,30,,1168791,1,,,1,70,,1168776,1,,,1,30,,1168784,1,,,1,70,,1168771,1,,,1,29,,1168790,1,,,1,69,,1168763,1,,,1,30,,1168765,1,,,1,69,,1168782,1,,,1,30,,1168796,1,,,1,71,,1168778,1,,,1,29,,1168768,1,,,1,70,,1168772,1,,,1,30,,1168774,1,,,1,70,,1168786,1,,,1,30,,1168783,1,,,1,70,,1168764,1,,,1,30,,1168769,1,,,1,70,,1168775,1,,,1,30,,1168773,1,,,1,70,,1168781,1,,,1,30,,1168777,1,,,1,109,,1168766,1,,,1
8101,'15',610,,1168823,1,,,1,24,,1168811,1,,,1,72,,1168832,1,,,1,28,,1168803,1,,,1,73,,1168824,1,,,1,29,,1168831,1,,,1,70,,1168808,1,,,1,30,,1168820,1,,,1,70,,1168807,1,,,1,29,,1168805,1,,,1,69,,1168800,1,,,1,29,,1168816,1,,,1,70,,1168806,1,,,1,30,,1168830,1,,,1,70,,1168825,1,,,1,30,,1168819,1,,,1,70,,1168826,1,,,1,29,,1168815,1,,,1,69,,1168801,1,,,1,30,,1168818,1,,,1,69,,1168799,1,,,1,30,,1168809,1,,,1,71,,1168821,1,,,1,29,,1168798,1,,,1,70,,1168828,1,,,1,30,,1168827,1,,,1,70,,1168817,1,,,1,30,,1168814,1,,,1,70,,1168804,1,,,1,30,,1168810,1,,,1,70,,1168822,1,,,1,30,,1168812,1,,,1,70,,1168829,1,,,1,30,,1168802,1,,,1,109,,1168813,1,,,1
8101,'16',610,,1168857,1,,,1,24,,1168837,1,,,1,72,,1168846,1,,,1,28,,1168834,1,,,1,73,,1168843,1,,,1,29,,1168842,1,,,1,70,,1168853,1,,,1,30,,1069619,1,,,1,70,,1168841,1,,,1,29,,1056066,1,,,1,69,,1168847,1,,,1,29,,1000398,1,,,1,70,,1168856,1,,,1,30,,1168833,1,,,1,70,,1168835,1,,,1,30,,1168862,1,,,1,70,,1168851,1,,,1,29,,1082250,1,,,1,69,,1168850,1,,,1,30,,1168859,1,,,1,69,,1168840,1,,,1,30,,1168844,1,,,1,71,,1168860,1,,,1,29,,1168858,1,,,1,70,,1168836,1,,,1,30,,1168861,1,,,1,70,,1168838,1,,,1,30,,1168839,1,,,1,70,,1168852,1,,,1,30,,1168855,1,,,1,70,,1066186,1,,,1,30,,1168849,1,,,1,70,,1168845,1,,,1,30,,1168848,1,,,1,109,,1168854,1,,,1
8101,'17',825,,1168879,1,,,1,30,,1168876,1,,,1,70,,1168884,1,,,1,30,,1168880,1,,,1,70,,1168873,1,,,1,30,,1168881,1,,,1,70,,1168885,1,,,1,30,,1168871,1,,,1,70,,1168875,1,,,1,30,,1168867,1,,,1,70,,1168878,1,,,1,30,,1168863,1,,,1,70,,1168886,1,,,1,30,,1168882,1,,,1,70,,1168864,1,,,1,30,,1168866,1,,,1,70,,1168870,1,,,1,30,,1168874,1,,,1,70,,1168869,1,,,1,30,,1168888,1,,,1,70,,1168877,1,,,1,100,,1168868,1,,,1,100,,1168872,1,,,1,100,,1168883,1,,,1,100,,1168865,1,,,1,100,,1168887,1,,,1
8101,'2',627,,1073738,1,,,1,100,,1168890,1,,,1,30,,1168891,1,,,1,70,,1168900,1,,,1,30,,1087769,1,,,1,70,,1168906,1,,,1,30,,1168907,1,,,1,70,,1168902,1,,,1,30,,1168893,1,,,1,70,,1168898,1,,,1,30,,1072929,1,,,1,70,,1168896,1,,,1,30,,1168901,1,,,1,70,,1168915,1,,,1,30,,1168908,1,,,1,70,,1168905,1,,,1,30,,1168903,1,,,1,70,,1168911,1,,,1,30,,1168904,1,,,1,70,,1168913,1,,,1,30,,1168916,1,,,1,70,,1168914,1,,,1,30,,1168892,1,,,1,70,,1168897,1,,,1,30,,1168912,1,,,1,70,,1168894,1,,,1,100,,1168889,1,,,1,100,,1168895,1,,,1,100,,1168909,1,,,1,100,,1168899,1,,,1,100,,1168910,1,,,1
8101,'3',825,,1168933,1,,,1,30,,1168930,1,,,1,70,,1168938,1,,,1,30,,1168934,1,,,1,70,,1168927,1,,,1,30,,1168935,1,,,1,70,,1168939,1,,,1,30,,1168925,1,,,1,70,,1168929,1,,,1,30,,1168921,1,,,1,70,,1168932,1,,,1,30,,1168917,1,,,1,70,,1168940,1,,,1,30,,1168936,1,,,1,70,,1168918,1,,,1,30,,1168920,1,,,1,70,,1168924,1,,,1,30,,1168928,1,,,1,70,,1168923,1,,,1,30,,1168942,1,,,1,70,,1168931,1,,,1,100,,1168922,1,,,1,100,,1168926,1,,,1,100,,1168937,1,,,1,100,,1168919,1,,,1,100,,1168941,1,,,1
8101,'4',825,,1168956,1,,,1,30,,1168955,1,,,1,70,,1168961,1,,,1,30,,1168952,1,,,1,70,,1168946,1,,,1,30,,1168948,1,,,1,70,,1100679,1,,,1,30,,1083516,1,,,1,70,,1168950,1,,,1,30,,1168945,1,,,1,70,,1168958,1,,,1,30,,1168951,1,,,1,70,,1168957,1,,,1,30,,1168944,1,,,1,70,,1168947,1,,,1,30,,1168963,1,,,1,70,,1168959,1,,,1,30,,963801,1,,,1,70,,968232,1,,,1,30,,1168954,1,,,1,70,,1168953,1,,,1,100,,1168964,1,,,1,100,,1168943,1,,,1,100,,1168962,1,,,1,100,,1168949,1,,,1,100,,1168960,1,,,1
8101,'5',610,,1168989,1,,,1,24,,1168993,1,,,1,72,,1168980,1,,,1,28,,1168994,1,,,1,73,,1168996,1,,,1,29,,983871,1,,,1,70,,1168971,1,,,1,30,,1168992,1,,,1,70,,1168985,1,,,1,29,,1168968,1,,,1,69,,1062088,1,,,1,29,,1168987,1,,,1,70,,1168988,1,,,1,30,,1168991,1,,,1,70,,1168977,1,,,1,30,,1168984,1,,,1,70,,1168972,1,,,1,29,,1168990,1,,,1,69,,1168965,1,,,1,30,,1168966,1,,,1,69,,1168982,1,,,1,30,,1168995,1,,,1,71,,1168979,1,,,1,29,,1168969,1,,,1,70,,1168973,1,,,1,30,,1168975,1,,,1,70,,1168986,1,,,1,30,,1168983,1,,,1,70,,997791,1,,,1,30,,1168970,1,,,1,70,,1168976,1,,,1,30,,1168974,1,,,1,70,,1168981,1,,,1,30,,1168978,1,,,1,109,,1168967,1,,,1
8101,'6',610,,1169017,1,,,1,24,,1168998,1,,,1,72,,1169006,1,,,1,28,,1067050,1,,,1,73,,1169004,1,,,1,29,,1096519,1,,,1,70,,1169013,1,,,1,30,,1169024,1,,,1,70,,1169003,1,,,1,29,,1169025,1,,,1,69,,1169007,1,,,1,29,,1169023,1,,,1,70,,1169016,1,,,1,30,,1168997,1,,,1,70,,1034555,1,,,1,30,,1169022,1,,,1,70,,1169011,1,,,1,29,,1169001,1,,,1,69,,1169010,1,,,1,30,,1169019,1,,,1,69,,1169000,1,,,1,30,,1169005,1,,,1,71,,1169020,1,,,1,29,,1169018,1,,,1,70,,969812,1,,,1,30,,1169021,1,,,1,70,,1091696,1,,,1,30,,1168999,1,,,1,70,,1169012,1,,,1,30,,1169015,1,,,1,70,,1169002,1,,,1,30,,1169009,1,,,1,70,,1068582,1,,,1,30,,1169008,1,,,1,109,,1169014,1,,,1
8101,'7',627,,1169043,1,,,1,100,,1169049,1,,,1,30,,1169028,1,,,1,70,,1169036,1,,,1,30,,1169037,1,,,1,70,,1169053,1,,,1,30,,1169045,1,,,1,70,,1169030,1,,,1,30,,1169041,1,,,1,70,,1169052,1,,,1,30,,1169027,1,,,1,70,,1169048,1,,,1,30,,1169047,1,,,1,70,,1169038,1,,,1,30,,1169046,1,,,1,70,,1169034,1,,,1,30,,1169044,1,,,1,70,,1169042,1,,,1,30,,1169026,1,,,1,70,,1169050,1,,,1,30,,1169039,1,,,1,70,,1169040,1,,,1,30,,1169056,1,,,1,70,,1169054,1,,,1,30,,1169029,1,,,1,70,,1169035,1,,,1,100,,1169055,1,,,1,100,,1169051,1,,,1,100,,1169031,1,,,1,100,,1169032,1,,,1,100,,1169033,1,,,1
8101,'8',610,,1169083,1,,,1,24,,1169061,1,,,1,72,,1169072,1,,,1,28,,1169058,1,,,1,73,,1169069,1,,,1,29,,1169068,1,,,1,70,,1169079,1,,,1,30,,1169090,1,,,1,70,,1169067,1,,,1,29,,1169091,1,,,1,69,,1169073,1,,,1,29,,1169089,1,,,1,70,,1169082,1,,,1,30,,1169057,1,,,1,70,,1169059,1,,,1,30,,1169088,1,,,1,70,,1169077,1,,,1,29,,1169065,1,,,1,69,,1169076,1,,,1,30,,1169085,1,,,1,69,,1169064,1,,,1,30,,1169070,1,,,1,71,,1169086,1,,,1,29,,1169084,1,,,1,70,,1169060,1,,,1,30,,1169087,1,,,1,70,,1169062,1,,,1,30,,1169063,1,,,1,70,,1169078,1,,,1,30,,1169081,1,,,1,70,,1169066,1,,,1,30,,1169075,1,,,1,70,,1169071,1,,,1,30,,1169074,1,,,1,109,,1169080,1,,,1
8101,'9',610,,1169116,1,,,1,24,,1169120,1,,,1,72,,1169107,1,,,1,28,,1169121,1,,,1,73,,1169123,1,,,1,29,,983835,1,,,1,70,,1169098,1,,,1,30,,1169119,1,,,1,70,,1169112,1,,,1,29,,1169095,1,,,1,69,,1061977,1,,,1,29,,1169114,1,,,1,70,,1169115,1,,,1,30,,1169118,1,,,1,70,,1169104,1,,,1,30,,1169111,1,,,1,70,,1169099,1,,,1,29,,1169117,1,,,1,69,,1169092,1,,,1,30,,1169093,1,,,1,69,,1169109,1,,,1,30,,1169122,1,,,1,71,,1169106,1,,,1,29,,1169096,1,,,1,70,,1169100,1,,,1,30,,1169102,1,,,1,70,,1169113,1,,,1,30,,1169110,1,,,1,70,,997989,1,,,1,30,,1169097,1,,,1,70,,1169103,1,,,1,30,,1169101,1,,,1,70,,1169108,1,,,1,30,,1169105,1,,,1,109,,1169094,1,,,1
8200,'1',1453,,1169131,1,,,1,70,,1169152,1,,,1,30,,1169130,1,,,1,70,,1169128,1,,,1,30,,1169129,1,,,1,70,,1169148,1,,,1,30,,1169147,1,,,1
8200,'10',1453,,1169163,1,,,1,70,,1169184,1,,,1,30,,1169162,1,,,1,70,,1169160,1,,,1,30,,1169161,1,,,1,70,,1169180,1,,,1,30,,1169179,1,,,1
8200,'11',1453,,1169195,1,,,1,70,,1169216,1,,,1,30,,1169194,1,,,1,70,,1169192,1,,,1,30,,1169193,1,,,1,70,,1169212,1,,,1,30,,1169211,1,,,1
8200,'12',1453,,1169244,1,,,1,70,,1169249,1,,,1,30,,1169247,1,,,1,70,,1169231,1,,,1,30,,1169223,1,,,1,70,,1169235,1,,,1,30,,1169225,1,,,1
8200,'14',1453,,1169282,1,,,1,70,,1169303,1,,,1,30,,1169281,1,,,1,70,,1169279,1,,,1,30,,1169280,1,,,1,70,,1169299,1,,,1,30,,1169298,1,,,1
8200,'15',1453,,1169341,1,,,1,70,,1169327,1,,,1,30,,1169319,1,,,1,70,,1169339,1,,,1,30,,1169326,1,,,1,70,,1169312,1,,,1,30,,1169324,1,,,1
8200,'16',1453,,1169370,1,,,1,70,,1169376,1,,,1,30,,1169374,1,,,1,70,,1169357,1,,,1,30,,1169349,1,,,1,70,,1169361,1,,,1,30,,1169351,1,,,1
8200,'5',1453,,1169488,1,,,1,70,,1169509,1,,,1,30,,1169487,1,,,1,70,,1169485,1,,,1,30,,1169486,1,,,1,70,,1169505,1,,,1,30,,1169504,1,,,1
8200,'6',1453,,1169538,1,,,1,70,,1169544,1,,,1,30,,1169542,1,,,1,70,,1169525,1,,,1,30,,1003589,1,,,1,70,,1169529,1,,,1,30,,1169519,1,,,1
8200,'8',1453,,1169606,1,,,1,70,,1169612,1,,,1,30,,1169610,1,,,1,70,,1169593,1,,,1,30,,1169585,1,,,1,70,,1169597,1,,,1,30,,1169587,1,,,1
8200,'9',1453,,1169623,1,,,1,70,,1169644,1,,,1,30,,1169622,1,,,1,70,,1169620,1,,,1,30,,1169621,1,,,1,70,,1169640,1,,,1,30,,1169639,1,,,1
8201,'1',546,,1169682,60,4,,1,84,,1169648,60,4,,1,86,,1169668,60,4,,1,41,,1169673,60,4,,1,80,,1169662,60,4,,1,67,,1169660,60,4,,1,22,,1169679,60,4,,1,20,,1169675,60,4,,1
8201,'10',546,,1169717,60,4,,1,84,,1169683,60,4,,1,86,,1169703,60,4,,1,41,,1169708,60,4,,1,80,,1169697,60,4,,1,67,,1169695,60,4,,1,22,,1169714,60,4,,1,20,,1169710,60,4,,1
8201,'11',546,,1169752,60,4,,1,84,,1169718,60,4,,1,86,,1169738,60,4,,1,41,,1169743,60,4,,1,80,,1169732,60,4,,1,67,,1169730,60,4,,1,22,,1169749,60,4,,1,20,,1169745,60,4,,1
8201,'12',546,,1169773,60,4,,1,84,,1169754,60,4,,1,86,,1169759,60,4,,1,41,,948827,60,4,,1,80,,1169760,60,4,,1,67,,1074474,60,4,,1,22,,1169776,60,4,,1,20,,1169777,60,4,,1
8201,'14',546,,1169842,60,4,,1,84,,1169805,60,4,,1,86,,1169827,60,4,,1,41,,1169832,60,4,,1,80,,1169821,60,4,,1,67,,1169819,60,4,,1,22,,1169838,60,4,,1,20,,1169834,60,4,,1
8201,'15',546,,1169875,60,4,,1,84,,1169868,60,4,,1,86,,1169856,60,4,,1,41,,1169858,60,4,,1,80,,1169861,60,4,,1,67,,1169870,60,4,,1,22,,1169867,60,4,,1,20,,1169874,60,4,,1
8201,'16',546,,1169907,60,4,,1,84,,1169882,60,4,,1,86,,1169893,60,4,,1,41,,1169884,60,4,,1,80,,1169894,60,4,,1,67,,1169886,60,4,,1,22,,1169911,60,4,,1,20,,1169912,60,4,,1
8201,'5',546,,1170054,60,4,,1,84,,1170020,60,4,,1,86,,1170040,60,4,,1,41,,1170045,60,4,,1,80,,1170034,60,4,,1,67,,1170032,60,4,,1,22,,1170051,60,4,,1,20,,1170047,60,4,,1
8201,'6',546,,1170080,60,4,,1,84,,1095721,60,4,,1,86,,1170065,60,4,,1,41,,1170058,60,4,,1,80,,1170066,60,4,,1,67,,1170059,60,4,,1,22,,1170084,60,4,,1,20,,1170085,60,4,,1
8201,'8',546,,1170150,60,4,,1,84,,1170124,60,4,,1,86,,1170135,60,4,,1,41,,1170126,60,4,,1,80,,1170136,60,4,,1,67,,1170128,60,4,,1,22,,1170154,60,4,,1,20,,1170155,60,4,,1
8201,'9',546,,1170194,60,4,,1,84,,1170160,60,4,,1,86,,1170180,60,4,,1,41,,1170185,60,4,,1,80,,1170174,60,4,,1,67,,1170172,60,4,,1,22,,1170191,60,4,,1,20,,1170187,60,4,,1
8600,'1',530,,1172246,38,4,,1,90,,1172224,38,4,,1,20,,934928,38,4,,1,14,,1172232,37,4,,1,55,,1172250,38,4,,1,16,,1172259,37,4,,1,15,,1172218,38,4,,1,18,,1172221,37,4,,1,60,,900295,38,4,,1,18,,1172249,37,4,,1,16,,1172261,38,4,,1,51,,1172252,37,4,,1,15,,1172239,38,4,,1,15,,1053134,37,4,,1,15,,1172220,38,4,,1,55,,1172242,38,4,,1,25,,1172243,38,4,,1,30,,1172248,38,4,,1,70,,1172258,38,4,,1,72,,1172244,38,4,,1,30,,1172251,38,4,,1,70,,1172240,38,4,,1,30,,1172236,38,4,,1,70,,1172255,38,4,,1,30,,1172233,38,4,,1,70,,1172222,38,4,,1,19,,1172238,38,4,,1,15,,1172237,37,4,,1,71,,1172223,38,4,,1,13,,1172234,37,4,,1,17,,1172247,38,4,,1,15,,1172245,37,4,,1,55,,1172257,38,4,,1,14,,1172260,37,4,,1,19,,1172256,38,4,,1,10,,1172235,37,4,,1,57,,1172254,38,4,,1,13,,1172219,37,4,,1,15,,1172225,38,4,,1,67,,1090888,38,4,,1,27,,1172231,38,4,,1,30,,1172241,38,4,,1,70,,1172228,38,4,,1,27,,1172229,38,4,,1,70,,1172227,38,4,,1,30,,1047909,38,4,,1,70,,1172230,38,4,,1,30,,1172253,38,4,,1,100,,1172226,38,4,,1
8600,'10',530,,1172290,38,4,,1,90,,1172268,38,4,,1,20,,934932,38,4,,1,14,,1172276,37,4,,1,55,,1172294,38,4,,1,16,,1172303,37,4,,1,15,,1172262,38,4,,1,18,,1172265,37,4,,1,60,,900348,38,4,,1,18,,1172293,37,4,,1,16,,1172305,38,4,,1,51,,1172296,37,4,,1,15,,1172283,38,4,,1,15,,1053180,37,4,,1,15,,1172264,38,4,,1,55,,1172286,38,4,,1,25,,1172287,38,4,,1,30,,1172292,38,4,,1,70,,1172302,38,4,,1,72,,1172288,38,4,,1,30,,1172295,38,4,,1,70,,1172284,38,4,,1,30,,1172280,38,4,,1,70,,1172299,38,4,,1,30,,1172277,38,4,,1,70,,1172266,38,4,,1,19,,1172282,38,4,,1,15,,1172281,37,4,,1,71,,1172267,38,4,,1,13,,1172278,37,4,,1,17,,1172291,38,4,,1,15,,1172289,37,4,,1,55,,1172301,38,4,,1,14,,1172304,37,4,,1,19,,1172300,38,4,,1,10,,1172279,37,4,,1,57,,1172298,38,4,,1,13,,1172263,37,4,,1,15,,1172269,38,4,,1,67,,1090647,38,4,,1,27,,1172275,38,4,,1,30,,1172285,38,4,,1,70,,1172272,38,4,,1,27,,1172273,38,4,,1,70,,1172271,38,4,,1,30,,1048078,38,4,,1,70,,1172274,38,4,,1,30,,1172297,38,4,,1,100,,1172270,38,4,,1
8600,'11',530,,1172334,38,4,,1,90,,1172312,38,4,,1,20,,934924,38,4,,1,14,,1172320,37,4,,1,55,,1172338,38,4,,1,16,,1172347,37,4,,1,15,,1172306,38,4,,1,18,,1172309,37,4,,1,60,,900124,38,4,,1,18,,1172337,37,4,,1,16,,1172349,38,4,,1,51,,1172340,37,4,,1,15,,1172327,38,4,,1,15,,1053123,37,4,,1,15,,1172308,38,4,,1,55,,1172330,38,4,,1,25,,1172331,38,4,,1,30,,1172336,38,4,,1,70,,1172346,38,4,,1,72,,1172332,38,4,,1,30,,1172339,38,4,,1,70,,1172328,38,4,,1,30,,1172324,38,4,,1,70,,1172343,38,4,,1,30,,1172321,38,4,,1,70,,1172310,38,4,,1,19,,1172326,38,4,,1,15,,1172325,37,4,,1,71,,1172311,38,4,,1,13,,1172322,37,4,,1,17,,1172335,38,4,,1,15,,1172333,37,4,,1,55,,1172345,38,4,,1,14,,1172348,37,4,,1,19,,1172344,38,4,,1,10,,1172323,37,4,,1,57,,1172342,38,4,,1,13,,1172307,37,4,,1,15,,1172313,38,4,,1,67,,1090959,38,4,,1,27,,1172319,38,4,,1,30,,1172329,38,4,,1,70,,1172316,38,4,,1,27,,1172317,38,4,,1,70,,1172315,38,4,,1,30,,1047861,38,4,,1,70,,1172318,38,4,,1,30,,1172341,38,4,,1,100,,1172314,38,4,,1
8600,'12',530,,1172387,38,4,,1,90,,1070541,38,4,,1,20,,1172352,38,4,,1,14,,1172391,37,4,,1,55,,1172384,38,4,,1,16,,1172361,37,4,,1,15,,1172357,38,4,,1,18,,1172390,37,4,,1,60,,1172364,38,4,,1,18,,1172373,37,4,,1,16,,1172350,38,4,,1,51,,1172372,37,4,,1,15,,1172385,38,4,,1,15,,1172395,37,4,,1,15,,1172378,38,4,,1,55,,1172353,38,4,,1,25,,1172381,38,4,,1,30,,1172382,38,4,,1,70,,1172375,38,4,,1,72,,1043042,38,4,,1,30,,1172394,38,4,,1,70,,1172376,38,4,,1,30,,1172388,38,4,,1,70,,1172367,38,4,,1,30,,1172362,38,4,,1,70,,1172386,38,4,,1,19,,1172392,38,4,,1,15,,1172380,37,4,,1,71,,1172371,38,4,,1,13,,1172393,37,4,,1,17,,1172358,38,4,,1,15,,1172379,37,4,,1,55,,1172365,38,4,,1,14,,1172370,37,4,,1,19,,1172368,38,4,,1,10,,1172366,37,4,,1,57,,1172360,38,4,,1,13,,1172374,37,4,,1,15,,1172351,38,4,,1,67,,1070004,38,4,,1,27,,1172369,38,4,,1,30,,1172356,38,4,,1,70,,1172389,38,4,,1,27,,1172383,38,4,,1,70,,1172355,38,4,,1,30,,1172359,38,4,,1,70,,1172354,38,4,,1,30,,1172363,38,4,,1,100,,1172377,38,4,,1
8600,'13',648,,1172418,38,4,,1,100,,1172422,38,4,,1,70,,1172417,38,4,,1,34,,1172401,38,4,,0,70,,1172413,38,4,,1,30,,1079959,38,4,,1,70,,1172421,38,4,,1,30,,1172399,38,4,,1,70,,1172415,38,4,,1,30,,1172397,38,4,,1,70,,1172420,38,4,,1,30,,946724,38,4,,1,70,,1172410,38,4,,1,30,,1172419,38,4,,1,70,,1172409,38,4,,1,30,,1172407,38,4,,1,70,,1099260,38,4,,1,30,,1172406,38,4,,1,70,,1172396,38,4,,1,30,,1172411,38,4,,1,70,,1172402,38,4,,1,30,,1172414,38,4,,1,70,,1172403,38,4,,1,30,,1172398,38,4,,1,70,,1098644,38,4,,1,30,,1172400,38,4,,1,70,,1172408,38,4,,1,30,,1172404,38,4,,1,70,,1172405,38,4,,1,96,,1172416,38,4,,1,100,,1172412,38,4,,1
8600,'14',530,,1172455,38,4,,1,90,,1172433,38,4,,1,20,,1172430,38,4,,1,14,,1172441,37,4,,1,55,,1172459,38,4,,1,16,,1172468,37,4,,1,15,,1172423,38,4,,1,18,,1172428,37,4,,1,60,,1172425,38,4,,1,18,,1172458,37,4,,1,16,,1172471,38,4,,1,51,,1172461,37,4,,1,15,,1172448,38,4,,1,15,,1172429,37,4,,1,15,,1172427,38,4,,1,55,,1172451,38,4,,1,25,,1172452,38,4,,1,30,,1172457,38,4,,1,70,,1172467,38,4,,1,72,,1172453,38,4,,1,30,,1172460,38,4,,1,70,,1172449,38,4,,1,30,,1172445,38,4,,1,70,,1172464,38,4,,1,30,,1172442,38,4,,1,70,,1172431,38,4,,1,19,,1172447,38,4,,1,15,,1172446,37,4,,1,71,,1172432,38,4,,1,13,,1172443,37,4,,1,17,,1172456,38,4,,1,15,,1172454,37,4,,1,55,,1172466,38,4,,1,14,,1172469,37,4,,1,19,,1172465,38,4,,1,10,,1172444,37,4,,1,57,,1172463,38,4,,1,13,,1172424,37,4,,1,15,,1172434,38,4,,1,67,,1172470,38,4,,1,27,,1172440,38,4,,1,30,,1172450,38,4,,1,70,,1172437,38,4,,1,27,,1172438,38,4,,1,70,,1172436,38,4,,1,30,,1172426,38,4,,1,70,,1172439,38,4,,1,30,,1172462,38,4,,1,100,,1172435,38,4,,1
8600,'15',530,,1172518,38,4,,1,90,,1172501,38,4,,1,20,,1172487,38,4,,1,14,,1172489,37,4,,1,55,,1172503,38,4,,1,16,,1172490,37,4,,1,15,,1172492,38,4,,1,18,,1172473,37,4,,1,60,,1172494,38,4,,1,18,,1172512,37,4,,1,16,,1172499,38,4,,1,51,,1172481,37,4,,1,15,,1172483,38,4,,1,15,,1172506,37,4,,1,15,,1172505,38,4,,1,55,,1172517,38,4,,1,25,,1172519,38,4,,1,30,,1172480,38,4,,1,70,,1172472,38,4,,1,72,,1172515,38,4,,1,30,,1172511,38,4,,1,70,,1172510,38,4,,1,30,,1172508,38,4,,1,70,,1172516,38,4,,1,30,,1172500,38,4,,1,70,,1172476,38,4,,1,19,,1172507,38,4,,1,15,,1172474,37,4,,1,71,,1172509,38,4,,1,13,,1172478,37,4,,1,17,,1172514,38,4,,1,15,,1172488,37,4,,1,55,,1172502,38,4,,1,14,,1172520,37,4,,1,19,,1172484,38,4,,1,10,,1172498,37,4,,1,57,,1172497,38,4,,1,13,,1172479,37,4,,1,15,,1172475,38,4,,1,67,,1172496,38,4,,1,27,,1172491,38,4,,1,30,,1172482,38,4,,1,70,,1172486,38,4,,1,27,,1172485,38,4,,1,70,,1172513,38,4,,1,30,,1172477,38,4,,1,70,,1172495,38,4,,1,30,,1172493,38,4,,1,100,,1172504,38,4,,1
8600,'16',530,,1172560,38,4,,1,90,,1172568,38,4,,1,20,,1172523,38,4,,1,14,,1172564,37,4,,1,55,,1172557,38,4,,1,16,,1172533,37,4,,1,15,,1172529,38,4,,1,18,,1172563,37,4,,1,60,,1172536,38,4,,1,18,,1172545,37,4,,1,16,,1172521,38,4,,1,51,,1172544,37,4,,1,15,,1172558,38,4,,1,15,,1172569,37,4,,1,15,,1172550,38,4,,1,55,,1172524,38,4,,1,25,,1172554,38,4,,1,30,,1172555,38,4,,1,70,,1172547,38,4,,1,72,,1172525,38,4,,1,30,,1172567,38,4,,1,70,,1172548,38,4,,1,30,,1172561,38,4,,1,70,,1172539,38,4,,1,30,,1172534,38,4,,1,70,,1172559,38,4,,1,19,,1172565,38,4,,1,15,,1172553,37,4,,1,71,,1172543,38,4,,1,13,,1172566,37,4,,1,17,,1172530,38,4,,1,15,,1172552,37,4,,1,55,,1172537,38,4,,1,14,,1172542,37,4,,1,19,,1172540,38,4,,1,10,,1172538,37,4,,1,57,,1172532,38,4,,1,13,,1172546,37,4,,1,15,,1172522,38,4,,1,67,,1172551,38,4,,1,27,,1172541,38,4,,1,30,,1172528,38,4,,1,70,,1172562,38,4,,1,27,,1172556,38,4,,1,70,,1172527,38,4,,1,30,,1172531,38,4,,1,70,,1172526,38,4,,1,30,,1172535,38,4,,1,100,,1172549,38,4,,1
8600,'17',648,,1172596,38,4,,1,100,,1172600,38,4,,1,70,,1172595,38,4,,1,34,,1172578,38,4,,0,70,,1172590,38,4,,1,30,,1172570,38,4,,1,70,,1172599,38,4,,1,30,,1172576,38,4,,1,70,,1172592,38,4,,1,30,,1172572,38,4,,1,70,,1172598,38,4,,1,30,,1172594,38,4,,1,70,,1172587,38,4,,1,30,,1172597,38,4,,1,70,,1172586,38,4,,1,30,,1172584,38,4,,1,70,,1172573,38,4,,1,30,,1172583,38,4,,1,70,,1172571,38,4,,1,30,,1172588,38,4,,1,70,,1172579,38,4,,1,30,,1172591,38,4,,1,70,,1172580,38,4,,1,30,,1172575,38,4,,1,70,,1172574,38,4,,1,30,,1172577,38,4,,1,70,,1172585,38,4,,1,30,,1172581,38,4,,1,70,,1172582,38,4,,1,96,,1172593,38,4,,1,100,,1172589,38,4,,1
8600,'2',648,,1172623,38,4,,1,100,,1172619,38,4,,1,104,,1172624,38,4,,1,70,,1172621,38,4,,1,30,,1172622,38,4,,1,70,,1172604,38,4,,1,30,,1172607,38,4,,1,70,,1172626,38,4,,1,30,,1172615,38,4,,1,70,,1172616,38,4,,1,30,,1172617,38,4,,1,70,,1172618,38,4,,1,30,,1172602,38,4,,1,70,,1172627,38,4,,1,30,,1172601,38,4,,1,70,,1084013,38,4,,1,30,,1172612,38,4,,1,70,,1172628,38,4,,1,30,,1172603,38,4,,1,70,,1172614,38,4,,1,30,,1022809,38,4,,1,70,,1172606,38,4,,1,30,,1172613,38,4,,1,70,,1172609,38,4,,1,30,,1172608,38,4,,1,70,,1172629,38,4,,1,30,,1172610,38,4,,1,70,,1172625,38,4,,1,26,,1172611,38,4,,1,100,,1064799,38,4,,1,100,,1172605,38,4,,1,100,,1172620,38,4,,1
8600,'3',648,,1172656,38,4,,1,100,,1172660,38,4,,1,70,,1172655,38,4,,1,34,,1172638,38,4,,0,70,,1172650,38,4,,1,30,,1172630,38,4,,1,70,,1172659,38,4,,1,30,,1172636,38,4,,1,70,,1172652,38,4,,1,30,,1172632,38,4,,1,70,,1172658,38,4,,1,30,,1172654,38,4,,1,70,,1172647,38,4,,1,30,,1172657,38,4,,1,70,,1172646,38,4,,1,30,,1172644,38,4,,1,70,,1172633,38,4,,1,30,,1172643,38,4,,1,70,,1172631,38,4,,1,30,,1172648,38,4,,1,70,,1172639,38,4,,1,30,,1172651,38,4,,1,70,,1172640,38,4,,1,30,,1172635,38,4,,1,70,,1172634,38,4,,1,30,,1172637,38,4,,1,70,,1172645,38,4,,1,30,,1172641,38,4,,1,70,,1172642,38,4,,1,96,,1172653,38,4,,1,100,,1172649,38,4,,1
8600,'4',648,,1172666,38,4,,1,100,,1172662,38,4,,1,70,,1172677,38,4,,1,34,,1172685,38,4,,0,70,,1172682,38,4,,1,30,,1096696,38,4,,1,70,,1172675,38,4,,1,30,,1172674,38,4,,1,70,,1172664,38,4,,1,30,,1172681,38,4,,1,70,,1172689,38,4,,1,30,,1172665,38,4,,1,70,,1172667,38,4,,1,30,,1172671,38,4,,1,70,,1172672,38,4,,1,30,,1172690,38,4,,1,70,,1172688,38,4,,1,30,,1172670,38,4,,1,70,,1172668,38,4,,1,30,,1172661,38,4,,1,70,,1172663,38,4,,1,30,,1172679,38,4,,1,70,,1172686,38,4,,1,30,,1172669,38,4,,1,70,,1172680,38,4,,1,30,,1172687,38,4,,1,70,,1172676,38,4,,1,30,,1172673,38,4,,1,70,,1172683,38,4,,1,96,,1172684,38,4,,1,100,,1172678,38,4,,1
8600,'5',530,,1172719,38,4,,1,90,,1172697,38,4,,1,20,,934940,38,4,,1,14,,1172705,37,4,,1,55,,1172723,38,4,,1,16,,1172732,37,4,,1,15,,1172691,38,4,,1,18,,1172694,37,4,,1,60,,900584,38,4,,1,18,,1172722,37,4,,1,16,,1172734,38,4,,1,51,,1172725,37,4,,1,15,,1172712,38,4,,1,15,,1053047,37,4,,1,15,,1172693,38,4,,1,55,,1172715,38,4,,1,25,,1172716,38,4,,1,30,,1172721,38,4,,1,70,,1172731,38,4,,1,72,,1172717,38,4,,1,30,,1172724,38,4,,1,70,,1172713,38,4,,1,30,,1172709,38,4,,1,70,,1172728,38,4,,1,30,,1172706,38,4,,1,70,,1172695,38,4,,1,19,,1172711,38,4,,1,15,,1172710,37,4,,1,71,,1172696,38,4,,1,13,,1172707,37,4,,1,17,,1172720,38,4,,1,15,,1172718,37,4,,1,55,,1172730,38,4,,1,14,,1172733,37,4,,1,19,,1172729,38,4,,1,10,,1172708,37,4,,1,57,,1172727,38,4,,1,13,,1172692,37,4,,1,15,,1172698,38,4,,1,67,,1090854,38,4,,1,27,,1172704,38,4,,1,30,,1172714,38,4,,1,70,,1172701,38,4,,1,27,,1172702,38,4,,1,70,,1172700,38,4,,1,30,,1047626,38,4,,1,70,,1172703,38,4,,1,30,,1172726,38,4,,1,100,,1172699,38,4,,1
8600,'6',530,,1172769,38,4,,1,90,,1172773,38,4,,1,20,,972467,38,4,,1,14,,1078069,37,4,,1,55,,1172766,38,4,,1,16,,1172742,37,4,,1,15,,1172738,38,4,,1,18,,1007429,37,4,,1,60,,1172745,38,4,,1,18,,1172754,37,4,,1,16,,1079648,38,4,,1,51,,1172753,37,4,,1,15,,1172767,38,4,,1,15,,1172774,37,4,,1,15,,1172759,38,4,,1,55,,938639,38,4,,1,25,,1172763,38,4,,1,30,,1172764,38,4,,1,70,,1172756,38,4,,1,72,,1172735,38,4,,1,30,,1094898,38,4,,1,70,,1172757,38,4,,1,30,,1172770,38,4,,1,70,,1172748,38,4,,1,30,,1172743,38,4,,1,70,,1172768,38,4,,1,19,,1018801,38,4,,1,15,,1172762,37,4,,1,71,,1172752,38,4,,1,13,,1172772,37,4,,1,17,,1172739,38,4,,1,15,,1172761,37,4,,1,55,,1172746,38,4,,1,14,,1172751,37,4,,1,19,,1172749,38,4,,1,10,,1172747,37,4,,1,57,,1172741,38,4,,1,13,,1172755,37,4,,1,15,,1011197,38,4,,1,67,,1172760,38,4,,1,27,,1172750,38,4,,1,30,,1172737,38,4,,1,70,,1172771,38,4,,1,27,,1172765,38,4,,1,70,,1172736,38,4,,1,30,,1172740,38,4,,1,70,,1091408,38,4,,1,30,,1172744,38,4,,1,100,,1172758,38,4,,1
8600,'7',648,,1172791,38,4,,1,100,,1172776,38,4,,1,104,,1172802,38,4,,1,70,,1172799,38,4,,1,30,,1172787,38,4,,1,70,,1172781,38,4,,1,30,,1172794,38,4,,1,70,,1172793,38,4,,1,30,,1172804,38,4,,1,70,,1172805,38,4,,1,30,,1172779,38,4,,1,70,,1172788,38,4,,1,30,,1172803,38,4,,1,70,,1172778,38,4,,1,30,,1172792,38,4,,1,70,,1172795,38,4,,1,30,,1172800,38,4,,1,70,,1172775,38,4,,1,30,,1172783,38,4,,1,70,,1172777,38,4,,1,30,,1172806,38,4,,1,70,,1172782,38,4,,1,30,,1172784,38,4,,1,70,,1172785,38,4,,1,30,,1172789,38,4,,1,70,,1172790,38,4,,1,30,,1172801,38,4,,1,70,,1172780,38,4,,1,26,,1172797,38,4,,1,100,,1172796,38,4,,1,100,,1172798,38,4,,1,100,,1172786,38,4,,1
8600,'8',530,,1172846,38,4,,1,90,,1172854,38,4,,1,20,,1172809,38,4,,1,14,,1172850,37,4,,1,55,,1172843,38,4,,1,16,,1172819,37,4,,1,15,,1172815,38,4,,1,18,,1172849,37,4,,1,60,,1172822,38,4,,1,18,,1172831,37,4,,1,16,,1172807,38,4,,1,51,,1172830,37,4,,1,15,,1172844,38,4,,1,15,,1172855,37,4,,1,15,,1172836,38,4,,1,55,,1172810,38,4,,1,25,,1172840,38,4,,1,30,,1172841,38,4,,1,70,,1172833,38,4,,1,72,,1172811,38,4,,1,30,,1172853,38,4,,1,70,,1172834,38,4,,1,30,,1172847,38,4,,1,70,,1172825,38,4,,1,30,,1172820,38,4,,1,70,,1172845,38,4,,1,19,,1172851,38,4,,1,15,,1172839,37,4,,1,71,,1172829,38,4,,1,13,,1172852,37,4,,1,17,,1172816,38,4,,1,15,,1172838,37,4,,1,55,,1172823,38,4,,1,14,,1172828,37,4,,1,19,,1172826,38,4,,1,10,,1172824,37,4,,1,57,,1172818,38,4,,1,13,,1172832,37,4,,1,15,,1172808,38,4,,1,67,,1172837,38,4,,1,27,,1172827,38,4,,1,30,,1172814,38,4,,1,70,,1172848,38,4,,1,27,,1172842,38,4,,1,70,,1172813,38,4,,1,30,,1172817,38,4,,1,70,,1172812,38,4,,1,30,,1172821,38,4,,1,100,,1172835,38,4,,1
8600,'9',530,,1172884,38,4,,1,90,,1172862,38,4,,1,20,,934936,38,4,,1,14,,1172870,37,4,,1,55,,1172888,38,4,,1,16,,1172897,37,4,,1,15,,1172856,38,4,,1,18,,1172859,37,4,,1,60,,900401,38,4,,1,18,,1172887,37,4,,1,16,,1172899,38,4,,1,51,,1172890,37,4,,1,15,,1172877,38,4,,1,15,,1053145,37,4,,1,15,,1172858,38,4,,1,55,,1172880,38,4,,1,25,,1172881,38,4,,1,30,,1172886,38,4,,1,70,,1172896,38,4,,1,72,,1172882,38,4,,1,30,,1172889,38,4,,1,70,,1172878,38,4,,1,30,,1172874,38,4,,1,70,,1172893,38,4,,1,30,,1172871,38,4,,1,70,,1172860,38,4,,1,19,,1172876,38,4,,1,15,,1172875,37,4,,1,71,,1172861,38,4,,1,13,,1172872,37,4,,1,17,,1172885,38,4,,1,15,,1172883,37,4,,1,55,,1172895,38,4,,1,14,,1172898,37,4,,1,19,,1172894,38,4,,1,10,,1172873,37,4,,1,57,,1172892,38,4,,1,13,,1172857,37,4,,1,15,,1172863,38,4,,1,67,,1090719,38,4,,1,27,,1172869,38,4,,1,30,,1172879,38,4,,1,70,,1172866,38,4,,1,27,,1172867,38,4,,1,70,,1172865,38,4,,1,30,,1047957,38,4,,1,70,,1172868,38,4,,1,30,,1172891,38,4,,1,100,,1172864,38,4,,1
8601,'1',524,,1172936,1,0,21 2 22,1,29,,1172934,1,0,21 2 22,1,55,,1172912,1,0,21 2 22,1,15,,1085244,1,0,11 2 12,1,15,,1172933,1,0,21 2 22,1,16,,1172904,1,0,11 2 12,1,55,,1172919,1,0,21 2 22,1,14,,1172901,1,0,11 2 12,1,15,,1039039,1,0,21 2 22,1,18,,1172938,1,0,11 2 12,1,52,,1172913,1,0,21 2 22,1,16,,1172927,1,0,11 2 12,1,14,,1172926,1,0,21 2 22,1,15,,1172906,1,0,11 2 12,1,70,,1172910,1,0,21 2 22,1,31,,1172931,1,0,21 2 22,1,70,,1172908,1,0,21 2 22,1,30,,1172923,1,0,21 2 22,1,70,,1172909,1,0,21 2 22,1,30,,1172915,1,0,21 2 22,1,70,,1172903,1,0,21 2 22,1,30,,1172922,1,0,21 2 22,1,70,,1172911,1,0,21 2 22,1,30,,1074066,1,0,21 2 22,1,70,,1172918,1,0,21 2 22,1,30,,1172930,1,0,21 2 22,1,55,,1081948,1,0,11 2 12,1,14,,1172902,1,0,21 2 22,1,18,,1172925,1,0,11 2 12,1,13,,1172932,1,0,21 2 22,1,56,,1102673,1,0,11 2 12,1,14,,1172937,1,0,21 2 22,1,17,,1172916,1,0,11 2 12,1,12,,1172928,1,0,21 2 22,1,55,,1010149,1,0,11 2 12,1,15,,1172917,1,0,21 2 22,1,16,,1172921,1,0,11 2 12,1,15,,1172905,1,0,21 2 22,1,69,,1046241,1,0,21 2 22,1,30,,1084743,1,0,21 2 22,1,70,,1172914,1,0,21 2 22,1,30,,1172920,1,0,21 2 22,1,70,,1172900,1,0,21 2 22,1,31,,1172907,1,0,21 2 22,1,70,,1100968,1,0,21 2 22,1,30,,1172939,1,0,21 2 22,1,70,,1092902,1,0,21 2 22,1,30,,1172935,1,0,21 2 22,1,70,,1172929,1,0,21 2 22,1,110,,1172924,1,0,21 2 22,1
8601,'10',524,,1172976,1,0,21 2 22,1,29,,1172974,1,0,21 2 22,1,55,,1172952,1,0,21 2 22,1,15,,1085115,1,0,11 2 12,1,15,,1172973,1,0,21 2 22,1,16,,1172944,1,0,11 2 12,1,55,,1172959,1,0,21 2 22,1,14,,1172941,1,0,11 2 12,1,15,,1039120,1,0,21 2 22,1,18,,1172978,1,0,11 2 12,1,52,,1172953,1,0,21 2 22,1,16,,1172967,1,0,11 2 12,1,14,,1172966,1,0,21 2 22,1,15,,1172946,1,0,11 2 12,1,70,,1172950,1,0,21 2 22,1,31,,1172971,1,0,21 2 22,1,70,,1172948,1,0,21 2 22,1,30,,1172963,1,0,21 2 22,1,70,,1172949,1,0,21 2 22,1,30,,1172955,1,0,21 2 22,1,70,,1172943,1,0,21 2 22,1,30,,1172962,1,0,21 2 22,1,70,,1172951,1,0,21 2 22,1,30,,1073936,1,0,21 2 22,1,70,,1172958,1,0,21 2 22,1,30,,1172970,1,0,21 2 22,1,55,,1081788,1,0,11 2 12,1,14,,1172942,1,0,21 2 22,1,18,,1172965,1,0,11 2 12,1,13,,1172972,1,0,21 2 22,1,56,,1102661,1,0,11 2 12,1,14,,1172977,1,0,21 2 22,1,17,,1172956,1,0,11 2 12,1,12,,1172968,1,0,21 2 22,1,55,,1010248,1,0,11 2 12,1,15,,1172957,1,0,21 2 22,1,16,,1172961,1,0,11 2 12,1,15,,1172945,1,0,21 2 22,1,69,,1046329,1,0,21 2 22,1,30,,1084572,1,0,21 2 22,1,70,,1172954,1,0,21 2 22,1,30,,1172960,1,0,21 2 22,1,70,,1172940,1,0,21 2 22,1,31,,1172947,1,0,21 2 22,1,70,,1100807,1,0,21 2 22,1,30,,1172979,1,0,21 2 22,1,70,,1092584,1,0,21 2 22,1,30,,1172975,1,0,21 2 22,1,70,,1172969,1,0,21 2 22,1,110,,1172964,1,0,21 2 22,1
8601,'11',524,,1173016,1,0,21 2 22,1,29,,1173014,1,0,21 2 22,1,55,,1172992,1,0,21 2 22,1,15,,1085279,1,0,11 2 12,1,15,,1173013,1,0,21 2 22,1,16,,1172984,1,0,11 2 12,1,55,,1172999,1,0,21 2 22,1,14,,1172981,1,0,11 2 12,1,15,,1039016,1,0,21 2 22,1,18,,1173018,1,0,11 2 12,1,52,,1172993,1,0,21 2 22,1,16,,1173007,1,0,11 2 12,1,14,,1173006,1,0,21 2 22,1,15,,1172986,1,0,11 2 12,1,70,,1172990,1,0,21 2 22,1,31,,1173011,1,0,21 2 22,1,70,,1172988,1,0,21 2 22,1,30,,1173003,1,0,21 2 22,1,70,,1172989,1,0,21 2 22,1,30,,1172995,1,0,21 2 22,1,70,,1172983,1,0,21 2 22,1,30,,1173002,1,0,21 2 22,1,70,,1172991,1,0,21 2 22,1,30,,1074101,1,0,21 2 22,1,70,,1172998,1,0,21 2 22,1,30,,1173010,1,0,21 2 22,1,55,,1081993,1,0,11 2 12,1,14,,1172982,1,0,21 2 22,1,18,,1173005,1,0,11 2 12,1,13,,1173012,1,0,21 2 22,1,56,,1102677,1,0,11 2 12,1,14,,1173017,1,0,21 2 22,1,17,,1172996,1,0,11 2 12,1,12,,1173008,1,0,21 2 22,1,55,,1010120,1,0,11 2 12,1,15,,1172997,1,0,21 2 22,1,16,,1173001,1,0,11 2 12,1,15,,1172985,1,0,21 2 22,1,69,,1046215,1,0,21 2 22,1,30,,1084796,1,0,21 2 22,1,70,,1172994,1,0,21 2 22,1,30,,1173000,1,0,21 2 22,1,70,,1172980,1,0,21 2 22,1,31,,1172987,1,0,21 2 22,1,70,,1101005,1,0,21 2 22,1,30,,1173019,1,0,21 2 22,1,70,,1092992,1,0,21 2 22,1,30,,1173015,1,0,21 2 22,1,70,,1173009,1,0,21 2 22,1,110,,1173004,1,0,21 2 22,1
8601,'12',524,,1074251,1,0,21 2 22,1,29,,1088680,1,0,21 2 22,1,55,,1173059,1,0,21 2 22,1,15,,1173046,1,0,11 2 12,1,15,,1173030,1,0,21 2 22,1,16,,1173027,1,0,11 2 12,1,55,,1173024,1,0,21 2 22,1,14,,1173048,1,0,11 2 12,1,15,,1173043,1,0,21 2 22,1,18,,1173052,1,0,11 2 12,1,52,,1173047,1,0,21 2 22,1,16,,1173034,1,0,11 2 12,1,14,,1173040,1,0,21 2 22,1,15,,1173053,1,0,11 2 12,1,70,,1173031,1,0,21 2 22,1,31,,1173061,1,0,21 2 22,1,70,,1173060,1,0,21 2 22,1,30,,1173050,1,0,21 2 22,1,70,,1173025,1,0,21 2 22,1,30,,1173057,1,0,21 2 22,1,70,,1173041,1,0,21 2 22,1,30,,1173035,1,0,21 2 22,1,70,,1076939,1,0,21 2 22,1,30,,1173055,1,0,21 2 22,1,70,,1091848,1,0,21 2 22,1,30,,1173033,1,0,21 2 22,1,55,,1173022,1,0,11 2 12,1,14,,1173021,1,0,21 2 22,1,18,,1173026,1,0,11 2 12,1,13,,1173042,1,0,21 2 22,1,56,,1173038,1,0,11 2 12,1,14,,1083533,1,0,21 2 22,1,17,,1173023,1,0,11 2 12,1,12,,1173054,1,0,21 2 22,1,55,,1173045,1,0,11 2 12,1,15,,1173058,1,0,21 2 22,1,16,,1173056,1,0,11 2 12,1,15,,1085507,1,0,21 2 22,1,69,,1173028,1,0,21 2 22,1,30,,999841,1,0,21 2 22,1,70,,1173044,1,0,21 2 22,1,30,,1173032,1,0,21 2 22,1,70,,1173036,1,0,21 2 22,1,31,,1173049,1,0,21 2 22,1,70,,1173037,1,0,21 2 22,1,30,,1173039,1,0,21 2 22,1,70,,1173051,1,0,21 2 22,1,30,,1173020,1,0,21 2 22,1,70,,1173029,1,0,21 2 22,1,110,,1093299,1,0,21 2 22,1
8601,'13',750,,1173068,1,0,21 2 22,1,100,,1096320,1,0,21 2 22,1,70,,1173075,1,0,21 2 22,1,30,,1173062,1,0,21 2 22,1,70,,1173083,1,0,21 2 22,1,30,,1173080,1,0,21 2 22,1,70,,1173085,1,0,21 2 22,1,30,,1173070,1,0,21 2 22,1,70,,1173078,1,0,21 2 22,1,30,,1173064,1,0,21 2 22,1,70,,1173071,1,0,21 2 22,1,30,,1173084,1,0,21 2 22,1,70,,1173077,1,0,21 2 22,1,30,,1173079,1,0,21 2 22,1,70,,1173081,1,0,21 2 22,1,30,,1173074,1,0,21 2 22,1,70,,1173086,1,0,21 2 22,1,30,,1012281,1,0,21 2 22,1,70,,1173072,1,0,21 2 22,1,30,,1173069,1,0,21 2 22,1,70,,1173088,1,0,21 2 22,1,30,,1173065,1,0,21 2 22,1,70,,1015827,1,0,21 2 22,1,30,,1173063,1,0,21 2 22,1,70,,1173067,1,0,21 2 22,1,30,,1173076,1,0,21 2 22,1,70,,1173073,1,0,21 2 22,1,30,,1173066,1,0,21 2 22,1,100,,1173087,1,0,21 2 22,1,100,,1173082,1,0,21 2 22,1
8601,'14',524,,1173133,1,0,21 2 22,1,29,,1173131,1,0,21 2 22,1,55,,1173109,1,0,21 2 22,1,15,,1173138,1,0,11 2 12,1,15,,1173130,1,0,21 2 22,1,16,,1173098,1,0,11 2 12,1,55,,1173116,1,0,21 2 22,1,14,,1173091,1,0,11 2 12,1,15,,1173103,1,0,21 2 22,1,18,,1173136,1,0,11 2 12,1,52,,1173110,1,0,21 2 22,1,16,,1173124,1,0,11 2 12,1,14,,1173123,1,0,21 2 22,1,15,,1173101,1,0,11 2 12,1,70,,1173107,1,0,21 2 22,1,31,,1173128,1,0,21 2 22,1,70,,1173105,1,0,21 2 22,1,30,,1173120,1,0,21 2 22,1,70,,1173106,1,0,21 2 22,1,30,,1173112,1,0,21 2 22,1,70,,1173097,1,0,21 2 22,1,30,,1173119,1,0,21 2 22,1,70,,1173108,1,0,21 2 22,1,30,,1173093,1,0,21 2 22,1,70,,1173115,1,0,21 2 22,1,30,,1173127,1,0,21 2 22,1,55,,1173090,1,0,11 2 12,1,14,,1173096,1,0,21 2 22,1,18,,1173122,1,0,11 2 12,1,13,,1173129,1,0,21 2 22,1,56,,1173092,1,0,11 2 12,1,14,,1173134,1,0,21 2 22,1,17,,1173113,1,0,11 2 12,1,12,,1173125,1,0,21 2 22,1,55,,1173102,1,0,11 2 12,1,15,,1173114,1,0,21 2 22,1,16,,1173118,1,0,11 2 12,1,15,,1173100,1,0,21 2 22,1,69,,1173095,1,0,21 2 22,1,30,,1173099,1,0,21 2 22,1,70,,1173111,1,0,21 2 22,1,30,,1173117,1,0,21 2 22,1,70,,1173089,1,0,21 2 22,1,31,,1173104,1,0,21 2 22,1,70,,1173094,1,0,21 2 22,1,30,,1173137,1,0,21 2 22,1,70,,1173135,1,0,21 2 22,1,30,,1173132,1,0,21 2 22,1,70,,1173126,1,0,21 2 22,1,110,,1173121,1,0,21 2 22,1
8601,'15',524,,1173183,1,0,21 2 22,1,29,,1173181,1,0,21 2 22,1,55,,1173164,1,0,21 2 22,1,15,,1173159,1,0,11 2 12,1,15,,1173167,1,0,21 2 22,1,16,,1173177,1,0,11 2 12,1,55,,1173144,1,0,21 2 22,1,14,,1173169,1,0,11 2 12,1,15,,1173160,1,0,21 2 22,1,18,,1173145,1,0,11 2 12,1,52,,1173151,1,0,21 2 22,1,16,,1173179,1,0,11 2 12,1,14,,1173139,1,0,21 2 22,1,15,,1173154,1,0,11 2 12,1,70,,1173173,1,0,21 2 22,1,31,,1173188,1,0,21 2 22,1,70,,1173182,1,0,21 2 22,1,30,,1173150,1,0,21 2 22,1,70,,1173155,1,0,21 2 22,1,30,,1173171,1,0,21 2 22,1,70,,1173184,1,0,21 2 22,1,30,,1173148,1,0,21 2 22,1,70,,1173170,1,0,21 2 22,1,30,,1173174,1,0,21 2 22,1,70,,1173176,1,0,21 2 22,1,30,,1173143,1,0,21 2 22,1,55,,1173141,1,0,11 2 12,1,14,,1173172,1,0,21 2 22,1,18,,1173166,1,0,11 2 12,1,13,,1173153,1,0,21 2 22,1,56,,1173165,1,0,11 2 12,1,14,,1173161,1,0,21 2 22,1,17,,1173146,1,0,11 2 12,1,12,,1173140,1,0,21 2 22,1,55,,1173156,1,0,11 2 12,1,15,,1173180,1,0,21 2 22,1,16,,1173186,1,0,11 2 12,1,15,,1173178,1,0,21 2 22,1,69,,1173158,1,0,21 2 22,1,30,,1173152,1,0,21 2 22,1,70,,1173142,1,0,21 2 22,1,30,,1173163,1,0,21 2 22,1,70,,1173147,1,0,21 2 22,1,31,,1173185,1,0,21 2 22,1,70,,1173149,1,0,21 2 22,1,30,,1173187,1,0,21 2 22,1,70,,1173157,1,0,21 2 22,1,30,,1173162,1,0,21 2 22,1,70,,1173175,1,0,21 2 22,1,110,,1173168,1,0,21 2 22,1
8601,'16',524,,1173225,1,0,21 2 22,1,29,,1173232,1,0,21 2 22,1,55,,1071317,1,0,21 2 22,1,15,,1173215,1,0,11 2 12,1,15,,1173199,1,0,21 2 22,1,16,,1173195,1,0,11 2 12,1,55,,1173192,1,0,21 2 22,1,14,,1173217,1,0,11 2 12,1,15,,1173212,1,0,21 2 22,1,18,,1173221,1,0,11 2 12,1,52,,1173216,1,0,21 2 22,1,16,,1173203,1,0,11 2 12,1,14,,1173209,1,0,21 2 22,1,15,,1173222,1,0,11 2 12,1,70,,1173200,1,0,21 2 22,1,31,,1173233,1,0,21 2 22,1,70,,1073661,1,0,21 2 22,1,30,,1173219,1,0,21 2 22,1,70,,1014610,1,0,21 2 22,1,30,,1173230,1,0,21 2 22,1,70,,1173210,1,0,21 2 22,1,30,,1089801,1,0,21 2 22,1,70,,1173197,1,0,21 2 22,1,30,,1173224,1,0,21 2 22,1,70,,1173228,1,0,21 2 22,1,30,,1173202,1,0,21 2 22,1,55,,1173190,1,0,11 2 12,1,14,,1016970,1,0,21 2 22,1,18,,1173194,1,0,11 2 12,1,13,,1173211,1,0,21 2 22,1,56,,1173207,1,0,11 2 12,1,14,,1173204,1,0,21 2 22,1,17,,1173191,1,0,11 2 12,1,12,,1173223,1,0,21 2 22,1,55,,1173214,1,0,11 2 12,1,15,,1173231,1,0,21 2 22,1,16,,1173227,1,0,11 2 12,1,15,,1173229,1,0,21 2 22,1,69,,1173196,1,0,21 2 22,1,30,,1173226,1,0,21 2 22,1,70,,1173213,1,0,21 2 22,1,30,,1173201,1,0,21 2 22,1,70,,1173205,1,0,21 2 22,1,31,,1173218,1,0,21 2 22,1,70,,1173206,1,0,21 2 22,1,30,,1173208,1,0,21 2 22,1,70,,1173220,1,0,21 2 22,1,30,,1173189,1,0,21 2 22,1,70,,1173198,1,0,21 2 22,1,110,,1173193,1,0,21 2 22,1
8601,'17',750,,1173243,1,0,21 2 22,1,100,,1173242,1,0,21 2 22,1,70,,1173250,1,0,21 2 22,1,30,,1173234,1,0,21 2 22,1,70,,1173258,1,0,21 2 22,1,30,,1173255,1,0,21 2 22,1,70,,1173260,1,0,21 2 22,1,30,,1173245,1,0,21 2 22,1,70,,1173253,1,0,21 2 22,1,30,,1173236,1,0,21 2 22,1,70,,1173246,1,0,21 2 22,1,30,,1173259,1,0,21 2 22,1,70,,1173252,1,0,21 2 22,1,30,,1173254,1,0,21 2 22,1,70,,1173256,1,0,21 2 22,1,30,,1173249,1,0,21 2 22,1,70,,1173261,1,0,21 2 22,1,30,,1173241,1,0,21 2 22,1,70,,1173247,1,0,21 2 22,1,30,,1173244,1,0,21 2 22,1,70,,1173263,1,0,21 2 22,1,30,,1173237,1,0,21 2 22,1,70,,1173239,1,0,21 2 22,1,30,,1173235,1,0,21 2 22,1,70,,1173240,1,0,21 2 22,1,30,,1173251,1,0,21 2 22,1,70,,1173248,1,0,21 2 22,1,30,,1173238,1,0,21 2 22,1,100,,1173262,1,0,21 2 22,1,100,,1173257,1,0,21 2 22,1
8601,'2',648,,1173276,1,0,21 2 22,1,70,,1173289,1,0,21 2 22,1,100,,1173271,1,0,21 2 22,1,100,,1078483,1,0,21 2 22,1,30,,1173281,1,0,21 2 22,1,70,,1173291,1,0,21 2 22,1,30,,1173275,1,0,21 2 22,1,70,,1173283,1,0,21 2 22,1,30,,1173290,1,0,21 2 22,1,70,,1173274,1,0,21 2 22,1,30,,1173282,1,0,21 2 22,1,70,,1173272,1,0,21 2 22,1,30,,1173277,1,0,21 2 22,1,70,,1173267,1,0,21 2 22,1,30,,1173265,1,0,21 2 22,1,70,,1173268,1,0,21 2 22,1,30,,1075275,1,0,21 2 22,1,70,,1173273,1,0,21 2 22,1,30,,1173280,1,0,21 2 22,1,70,,1173266,1,0,21 2 22,1,30,,1173264,1,0,21 2 22,1,70,,1173278,1,0,21 2 22,1,30,,1173287,1,0,21 2 22,1,70,,1077183,1,0,21 2 22,1,30,,1173285,1,0,21 2 22,1,70,,1173284,1,0,21 2 22,1,30,,1173288,1,0,21 2 22,1,70,,1173279,1,0,21 2 22,1,30,,1173269,1,0,21 2 22,1,100,,1173270,1,0,21 2 22,1,100,,1173286,1,0,21 2 22,1
8601,'3',750,,1173301,1,0,21 2 22,1,100,,1173300,1,0,21 2 22,1,70,,1173308,1,0,21 2 22,1,30,,1173292,1,0,21 2 22,1,70,,1173316,1,0,21 2 22,1,30,,1173313,1,0,21 2 22,1,70,,1173318,1,0,21 2 22,1,30,,1173303,1,0,21 2 22,1,70,,1173311,1,0,21 2 22,1,30,,1173294,1,0,21 2 22,1,70,,1173304,1,0,21 2 22,1,30,,1173317,1,0,21 2 22,1,70,,1173310,1,0,21 2 22,1,30,,1173312,1,0,21 2 22,1,70,,1173314,1,0,21 2 22,1,30,,1173307,1,0,21 2 22,1,70,,1173319,1,0,21 2 22,1,30,,1173299,1,0,21 2 22,1,70,,1173305,1,0,21 2 22,1,30,,1173302,1,0,21 2 22,1,70,,1173321,1,0,21 2 22,1,30,,1173295,1,0,21 2 22,1,70,,1173297,1,0,21 2 22,1,30,,1173293,1,0,21 2 22,1,70,,1173298,1,0,21 2 22,1,30,,1173309,1,0,21 2 22,1,70,,1173306,1,0,21 2 22,1,30,,1173296,1,0,21 2 22,1,100,,1173320,1,0,21 2 22,1,100,,1173315,1,0,21 2 22,1
8601,'4',750,,1173328,1,0,21 2 22,1,100,,1173325,1,0,21 2 22,1,70,,1173342,1,0,21 2 22,1,30,,1173332,1,0,21 2 22,1,70,,1173336,1,0,21 2 22,1,30,,1173335,1,0,21 2 22,1,70,,1173337,1,0,21 2 22,1,30,,964403,1,0,21 2 22,1,70,,1173334,1,0,21 2 22,1,30,,1173343,1,0,21 2 22,1,70,,1173345,1,0,21 2 22,1,30,,1173324,1,0,21 2 22,1,70,,1092107,1,0,21 2 22,1,30,,1173338,1,0,21 2 22,1,70,,1173327,1,0,21 2 22,1,30,,1173346,1,0,21 2 22,1,70,,1173326,1,0,21 2 22,1,30,,1072289,1,0,21 2 22,1,70,,1173340,1,0,21 2 22,1,30,,1173333,1,0,21 2 22,1,70,,1173331,1,0,21 2 22,1,30,,1173339,1,0,21 2 22,1,70,,1084984,1,0,21 2 22,1,30,,1173322,1,0,21 2 22,1,70,,1173341,1,0,21 2 22,1,30,,1173323,1,0,21 2 22,1,70,,1006683,1,0,21 2 22,1,30,,1173329,1,0,21 2 22,1,100,,1173344,1,0,21 2 22,1,100,,1173330,1,0,21 2 22,1
8601,'5',524,,1173383,1,0,21 2 22,1,29,,1173381,1,0,21 2 22,1,55,,1173359,1,0,21 2 22,1,15,,1085222,1,0,11 2 12,1,15,,1173380,1,0,21 2 22,1,16,,1173351,1,0,11 2 12,1,55,,1173366,1,0,21 2 22,1,14,,1173348,1,0,11 2 12,1,15,,1038888,1,0,21 2 22,1,18,,1173385,1,0,11 2 12,1,52,,1173360,1,0,21 2 22,1,16,,1173374,1,0,11 2 12,1,14,,1173373,1,0,21 2 22,1,15,,1173353,1,0,11 2 12,1,70,,1173357,1,0,21 2 22,1,31,,1173378,1,0,21 2 22,1,70,,1173355,1,0,21 2 22,1,30,,1173370,1,0,21 2 22,1,70,,1173356,1,0,21 2 22,1,30,,1173362,1,0,21 2 22,1,70,,1173350,1,0,21 2 22,1,30,,1173369,1,0,21 2 22,1,70,,1173358,1,0,21 2 22,1,30,,1074047,1,0,21 2 22,1,70,,1173365,1,0,21 2 22,1,30,,1173377,1,0,21 2 22,1,55,,1081918,1,0,11 2 12,1,14,,1173349,1,0,21 2 22,1,18,,1173372,1,0,11 2 12,1,13,,1173379,1,0,21 2 22,1,56,,1102669,1,0,11 2 12,1,14,,1173384,1,0,21 2 22,1,17,,1173363,1,0,11 2 12,1,12,,1173375,1,0,21 2 22,1,55,,1009977,1,0,11 2 12,1,15,,1173364,1,0,21 2 22,1,16,,1173368,1,0,11 2 12,1,15,,1173352,1,0,21 2 22,1,69,,1046087,1,0,21 2 22,1,30,,1084714,1,0,21 2 22,1,70,,1173361,1,0,21 2 22,1,30,,1173367,1,0,21 2 22,1,70,,1173347,1,0,21 2 22,1,31,,1173354,1,0,21 2 22,1,70,,1100946,1,0,21 2 22,1,30,,1173386,1,0,21 2 22,1,70,,1092844,1,0,21 2 22,1,30,,1173382,1,0,21 2 22,1,70,,1173376,1,0,21 2 22,1,110,,1173371,1,0,21 2 22,1
8601,'6',524,,1173422,1,0,21 2 22,1,29,,1173427,1,0,21 2 22,1,55,,1173426,1,0,21 2 22,1,15,,1173412,1,0,11 2 12,1,15,,1072687,1,0,21 2 22,1,16,,1173393,1,0,11 2 12,1,55,,1173390,1,0,21 2 22,1,14,,1173414,1,0,11 2 12,1,15,,1173409,1,0,21 2 22,1,18,,1173418,1,0,11 2 12,1,52,,1173413,1,0,21 2 22,1,16,,1173399,1,0,11 2 12,1,14,,1173406,1,0,21 2 22,1,15,,1173419,1,0,11 2 12,1,70,,1173396,1,0,21 2 22,1,31,,1173429,1,0,21 2 22,1,70,,1173428,1,0,21 2 22,1,30,,1173416,1,0,21 2 22,1,70,,1173392,1,0,21 2 22,1,30,,1080553,1,0,21 2 22,1,70,,1173407,1,0,21 2 22,1,30,,1173401,1,0,21 2 22,1,70,,1173394,1,0,21 2 22,1,30,,1173421,1,0,21 2 22,1,70,,1173424,1,0,21 2 22,1,30,,1173398,1,0,21 2 22,1,55,,1009626,1,0,11 2 12,1,14,,1173388,1,0,21 2 22,1,18,,1006257,1,0,11 2 12,1,13,,1173408,1,0,21 2 22,1,56,,1173404,1,0,11 2 12,1,14,,1173400,1,0,21 2 22,1,17,,1173389,1,0,11 2 12,1,12,,1173420,1,0,21 2 22,1,55,,1173411,1,0,11 2 12,1,15,,1066283,1,0,21 2 22,1,16,,1078063,1,0,11 2 12,1,15,,1173425,1,0,21 2 22,1,69,,1065206,1,0,21 2 22,1,30,,1173423,1,0,21 2 22,1,70,,1173410,1,0,21 2 22,1,30,,1173397,1,0,21 2 22,1,70,,1173402,1,0,21 2 22,1,31,,1173415,1,0,21 2 22,1,70,,1173403,1,0,21 2 22,1,30,,1173405,1,0,21 2 22,1,70,,1173417,1,0,21 2 22,1,30,,1173387,1,0,21 2 22,1,70,,1173395,1,0,21 2 22,1,110,,1173391,1,0,21 2 22,1
8601,'7',648,,1173431,1,0,21 2 22,1,70,,1173446,1,0,21 2 22,1,100,,1173444,1,0,21 2 22,1,100,,1173435,1,0,21 2 22,1,30,,1173459,1,0,21 2 22,1,70,,1173450,1,0,21 2 22,1,30,,1173456,1,0,21 2 22,1,70,,1173447,1,0,21 2 22,1,30,,1173457,1,0,21 2 22,1,70,,1173440,1,0,21 2 22,1,30,,1173438,1,0,21 2 22,1,70,,1173433,1,0,21 2 22,1,30,,1173430,1,0,21 2 22,1,70,,1173451,1,0,21 2 22,1,30,,1173434,1,0,21 2 22,1,70,,1173458,1,0,21 2 22,1,30,,1173445,1,0,21 2 22,1,70,,1173449,1,0,21 2 22,1,30,,1173454,1,0,21 2 22,1,70,,1173455,1,0,21 2 22,1,30,,1173443,1,0,21 2 22,1,70,,1173439,1,0,21 2 22,1,30,,1173432,1,0,21 2 22,1,70,,1173452,1,0,21 2 22,1,30,,1173448,1,0,21 2 22,1,70,,1173453,1,0,21 2 22,1,30,,1173460,1,0,21 2 22,1,70,,1173437,1,0,21 2 22,1,30,,1173436,1,0,21 2 22,1,100,,1173441,1,0,21 2 22,1,100,,1173442,1,0,21 2 22,1
8601,'8',524,,1173500,1,0,21 2 22,1,29,,1173508,1,0,21 2 22,1,55,,1173507,1,0,21 2 22,1,15,,1173490,1,0,11 2 12,1,15,,1173473,1,0,21 2 22,1,16,,1173469,1,0,11 2 12,1,55,,1173465,1,0,21 2 22,1,14,,1173492,1,0,11 2 12,1,15,,1173487,1,0,21 2 22,1,18,,1173496,1,0,11 2 12,1,52,,1173491,1,0,21 2 22,1,16,,1173477,1,0,11 2 12,1,14,,1173484,1,0,21 2 22,1,15,,1173497,1,0,11 2 12,1,70,,1173474,1,0,21 2 22,1,31,,1173510,1,0,21 2 22,1,70,,1173509,1,0,21 2 22,1,30,,1173494,1,0,21 2 22,1,70,,1173467,1,0,21 2 22,1,30,,1173505,1,0,21 2 22,1,70,,1173485,1,0,21 2 22,1,30,,1173479,1,0,21 2 22,1,70,,1173471,1,0,21 2 22,1,30,,1173499,1,0,21 2 22,1,70,,1173503,1,0,21 2 22,1,30,,1173476,1,0,21 2 22,1,55,,1173463,1,0,11 2 12,1,14,,1173462,1,0,21 2 22,1,18,,1173468,1,0,11 2 12,1,13,,1173486,1,0,21 2 22,1,56,,1173482,1,0,11 2 12,1,14,,1173478,1,0,21 2 22,1,17,,1173464,1,0,11 2 12,1,12,,1173498,1,0,21 2 22,1,55,,1173489,1,0,11 2 12,1,15,,1173506,1,0,21 2 22,1,16,,1173502,1,0,11 2 12,1,15,,1173504,1,0,21 2 22,1,69,,1173470,1,0,21 2 22,1,30,,1173501,1,0,21 2 22,1,70,,1173488,1,0,21 2 22,1,30,,1173475,1,0,21 2 22,1,70,,1173480,1,0,21 2 22,1,31,,1173493,1,0,21 2 22,1,70,,1173481,1,0,21 2 22,1,30,,1173483,1,0,21 2 22,1,70,,1173495,1,0,21 2 22,1,30,,1173461,1,0,21 2 22,1,70,,1173472,1,0,21 2 22,1,110,,1173466,1,0,21 2 22,1
8601,'9',524,,1173547,1,0,21 2 22,1,29,,1173545,1,0,21 2 22,1,55,,1173523,1,0,21 2 22,1,15,,1085155,1,0,11 2 12,1,15,,1173544,1,0,21 2 22,1,16,,1173515,1,0,11 2 12,1,55,,1173530,1,0,21 2 22,1,14,,1173512,1,0,11 2 12,1,15,,1039062,1,0,21 2 22,1,18,,1173549,1,0,11 2 12,1,52,,1173524,1,0,21 2 22,1,16,,1173538,1,0,11 2 12,1,14,,1173537,1,0,21 2 22,1,15,,1173517,1,0,11 2 12,1,70,,1173521,1,0,21 2 22,1,31,,1173542,1,0,21 2 22,1,70,,1173519,1,0,21 2 22,1,30,,1173534,1,0,21 2 22,1,70,,1173520,1,0,21 2 22,1,30,,1173526,1,0,21 2 22,1,70,,1173514,1,0,21 2 22,1,30,,1173533,1,0,21 2 22,1,70,,1173522,1,0,21 2 22,1,30,,1073970,1,0,21 2 22,1,70,,1173529,1,0,21 2 22,1,30,,1173541,1,0,21 2 22,1,55,,1081837,1,0,11 2 12,1,14,,1173513,1,0,21 2 22,1,18,,1173536,1,0,11 2 12,1,13,,1173543,1,0,21 2 22,1,56,,1102665,1,0,11 2 12,1,14,,1173548,1,0,21 2 22,1,17,,1173527,1,0,11 2 12,1,12,,1173539,1,0,21 2 22,1,55,,1010178,1,0,11 2 12,1,15,,1173528,1,0,21 2 22,1,16,,1173532,1,0,11 2 12,1,15,,1173516,1,0,21 2 22,1,69,,1046267,1,0,21 2 22,1,30,,1084626,1,0,21 2 22,1,70,,1173525,1,0,21 2 22,1,30,,1173531,1,0,21 2 22,1,70,,1173511,1,0,21 2 22,1,31,,1173518,1,0,21 2 22,1,70,,1100855,1,0,21 2 22,1,30,,1173550,1,0,21 2 22,1,70,,1092691,1,0,21 2 22,1,30,,1173546,1,0,21 2 22,1,70,,1173540,1,0,21 2 22,1,110,,1173535,1,0,21 2 22,1
8700,'1',614,,1173597,11,4,,1,30,,1173572,11,4,,1,59,,1173555,11,4,,1,17,,1173584,11,4,,1,12,,1173553,11,4,,1,15,,1015984,11,4,,1,61,,1173569,21,4,,1,13,,1173557,11,4,,1,17,,1173582,21,4,,1,18,,1173593,21,4,,1,56,,1173558,21,4,,1,15,,1173591,21,4,,1,13,,1173571,21,4,,1,15,,1173556,21,4,,1,55,,1173585,21,4,,1,15,,1173561,21,4,,1,15,,1085578,21,4,,1,15,,1173576,21,4,,1,55,,1173580,21,4,,1,15,,1034751,21,4,,1,15,,1173559,21,4,,1,15,,1173577,21,4,,1,55,,1173567,21,4,,1,15,,1173565,21,4,,1,15,,1173586,21,4,,1,15,,1173564,21,4,,1,55,,1009386,21,4,,1,16,,1173587,21,4,,1,15,,1173554,21,4,,1,15,,1173590,21,4,,1,55,,1173592,21,4,,1,15,,1173596,21,4,,1,15,,1103228,21,4,,1,15,,1173579,21,4,,1,55,,1173568,21,4,,1,15,,1173551,21,4,,1,17,,1013392,21,4,,1,15,,1173570,21,4,,1,56,,1173581,21,4,,1,15,,1173589,21,4,,1,15,,1173560,21,4,,1,15,,1173578,21,4,,1,56,,1173574,21,4,,1,29,,1173594,21,4,,1,70,,1173583,21,4,,1,27,,1173566,21,4,,1,70,,1173588,21,4,,1,29,,1173562,21,4,,1,68,,1173575,21,4,,1,33,,1173563,21,4,,1,68,,1173552,21,4,,1,30,,1173595,21,4,,1,70,,1173573,21,4,,1
8700,'10',614,,1173644,11,4,,1,30,,1173619,11,4,,1,59,,1173602,11,4,,1,17,,1173631,11,4,,1,12,,1173600,11,4,,1,15,,1016184,11,4,,1,61,,1173616,21,4,,1,13,,1173604,11,4,,1,17,,1173629,21,4,,1,18,,1173640,21,4,,1,56,,1173605,21,4,,1,15,,1173638,21,4,,1,13,,1173618,21,4,,1,15,,1173603,21,4,,1,55,,1173632,21,4,,1,15,,1173608,21,4,,1,15,,1085321,21,4,,1,15,,1173623,21,4,,1,55,,1173627,21,4,,1,15,,1034886,21,4,,1,15,,1173606,21,4,,1,15,,1173624,21,4,,1,55,,1173614,21,4,,1,15,,1173612,21,4,,1,15,,1173633,21,4,,1,15,,1173611,21,4,,1,55,,1009433,21,4,,1,16,,1173634,21,4,,1,15,,1173601,21,4,,1,15,,1173637,21,4,,1,55,,1173639,21,4,,1,15,,1173643,21,4,,1,15,,1103222,21,4,,1,15,,1173626,21,4,,1,55,,1173615,21,4,,1,15,,1173598,21,4,,1,17,,1013475,21,4,,1,15,,1173617,21,4,,1,56,,1173628,21,4,,1,15,,1173636,21,4,,1,15,,1173607,21,4,,1,15,,1173625,21,4,,1,56,,1173621,21,4,,1,29,,1173641,21,4,,1,70,,1173630,21,4,,1,27,,1173613,21,4,,1,70,,1173635,21,4,,1,29,,1173609,21,4,,1,68,,1173622,21,4,,1,33,,1173610,21,4,,1,68,,1173599,21,4,,1,30,,1173642,21,4,,1,70,,1173620,21,4,,1
8700,'11',614,,1173691,11,4,,1,30,,1173666,11,4,,1,59,,1173649,11,4,,1,17,,1173678,11,4,,1,12,,1173647,11,4,,1,15,,1015924,11,4,,1,61,,1173663,21,4,,1,13,,1173651,11,4,,1,17,,1173676,21,4,,1,18,,1173687,21,4,,1,56,,1173652,21,4,,1,15,,1173685,21,4,,1,13,,1173665,21,4,,1,15,,1173650,21,4,,1,55,,1173679,21,4,,1,15,,1173655,21,4,,1,15,,1085658,21,4,,1,15,,1173670,21,4,,1,55,,1173674,21,4,,1,15,,1034713,21,4,,1,15,,1173653,21,4,,1,15,,1173671,21,4,,1,55,,1173661,21,4,,1,15,,1173659,21,4,,1,15,,1173680,21,4,,1,15,,1173658,21,4,,1,55,,1009372,21,4,,1,16,,1173681,21,4,,1,15,,1173648,21,4,,1,15,,1173684,21,4,,1,55,,1173686,21,4,,1,15,,1173690,21,4,,1,15,,1103230,21,4,,1,15,,1173673,21,4,,1,55,,1173662,21,4,,1,15,,1173645,21,4,,1,17,,1013368,21,4,,1,15,,1173664,21,4,,1,56,,1173675,21,4,,1,15,,1173683,21,4,,1,15,,1173654,21,4,,1,15,,1173672,21,4,,1,56,,1173668,21,4,,1,29,,1173688,21,4,,1,70,,1173677,21,4,,1,27,,1173660,21,4,,1,70,,1173682,21,4,,1,29,,1173656,21,4,,1,68,,1173669,21,4,,1,33,,1173657,21,4,,1,68,,1173646,21,4,,1,30,,1173689,21,4,,1,70,,1173667,21,4,,1
8700,'12',614,,1173732,11,4,,1,30,,1173696,11,4,,1,59,,1173711,11,4,,1,17,,1075867,11,4,,1,12,,1173715,11,4,,1,15,,1088661,11,4,,1,61,,1173704,21,4,,1,13,,1173724,11,4,,1,17,,1173721,21,4,,1,18,,1173727,21,4,,1,56,,1173738,21,4,,1,15,,1173720,21,4,,1,13,,1173701,21,4,,1,15,,1173709,21,4,,1,55,,1173733,21,4,,1,15,,1173698,21,4,,1,15,,1173716,21,4,,1,15,,1173737,21,4,,1,55,,1173723,21,4,,1,15,,1173734,21,4,,1,15,,1173740,21,4,,1,15,,1173703,21,4,,1,55,,1173717,21,4,,1,15,,1173739,21,4,,1,15,,1173725,21,4,,1,15,,1173705,21,4,,1,55,,1173728,21,4,,1,16,,1173708,21,4,,1,15,,1173735,21,4,,1,15,,1173719,21,4,,1,55,,1173693,21,4,,1,15,,1173713,21,4,,1,15,,1173731,21,4,,1,15,,1173718,21,4,,1,55,,1064400,21,4,,1,15,,1173699,21,4,,1,17,,1173697,21,4,,1,15,,1095135,21,4,,1,56,,1173707,21,4,,1,15,,1173702,21,4,,1,15,,1173730,21,4,,1,15,,1173729,21,4,,1,56,,1173700,21,4,,1,29,,1173695,21,4,,1,70,,1173736,21,4,,1,27,,1173712,21,4,,1,70,,1173726,21,4,,1,29,,1173706,21,4,,1,68,,1173694,21,4,,1,33,,1173692,21,4,,1,68,,1173722,21,4,,1,30,,1173710,21,4,,1,70,,1173714,21,4,,1
8700,'13',1101,,1173742,20,4,,1,30,,1173748,20,4,,1,70,,1173745,20,4,,1,30,,1173749,20,4,,1,70,,1173751,20,4,,1,30,,1087909,20,4,,1,70,,1074004,20,4,,1,30,,1173741,20,4,,1,70,,1087459,20,4,,1,30,,1173743,20,4,,1,70,,1173754,20,4,,1,30,,1173753,20,4,,1,70,,1173750,20,4,,1,29,,1173747,20,4,,1,70,,1173746,20,4,,1,29,,1173744,20,4,,1,30,,1173752,20,4,,1
8700,'14',614,,1173807,11,4,,1,30,,1173780,11,4,,1,59,,1173760,11,4,,1,17,,1173792,11,4,,1,12,,1173757,11,4,,1,15,,1173803,11,4,,1,61,,1173777,21,4,,1,13,,1173762,11,4,,1,17,,1173790,21,4,,1,18,,1173801,21,4,,1,56,,1173763,21,4,,1,15,,1173799,21,4,,1,13,,1173779,21,4,,1,15,,1173761,21,4,,1,55,,1173793,21,4,,1,15,,1173768,21,4,,1,15,,1173759,21,4,,1,15,,1173784,21,4,,1,55,,1173788,21,4,,1,15,,1173767,21,4,,1,15,,1173764,21,4,,1,15,,1173785,21,4,,1,55,,1173775,21,4,,1,15,,1173773,21,4,,1,15,,1173794,21,4,,1,15,,1173772,21,4,,1,55,,1173769,21,4,,1,16,,1173795,21,4,,1,15,,1173758,21,4,,1,15,,1173798,21,4,,1,55,,1173800,21,4,,1,15,,1173806,21,4,,1,15,,1173804,21,4,,1,15,,1173787,21,4,,1,55,,1173776,21,4,,1,15,,1173755,21,4,,1,17,,1173765,21,4,,1,15,,1173778,21,4,,1,56,,1173789,21,4,,1,15,,1173797,21,4,,1,15,,1173766,21,4,,1,15,,1173786,21,4,,1,56,,1173782,21,4,,1,29,,1173802,21,4,,1,70,,1173791,21,4,,1,27,,1173774,21,4,,1,70,,1173796,21,4,,1,29,,1173770,21,4,,1,68,,1173783,21,4,,1,33,,1173771,21,4,,1,68,,1173756,21,4,,1,30,,1173805,21,4,,1,70,,1173781,21,4,,1
8700,'15',614,,1173808,11,4,,1,30,,1173839,11,4,,1,59,,1173851,11,4,,1,17,,1173859,11,4,,1,12,,1173833,11,4,,1,15,,1173841,11,4,,1,61,,1173850,21,4,,1,13,,1173809,11,4,,1,17,,1173830,21,4,,1,18,,1173824,21,4,,1,56,,1173816,21,4,,1,15,,1173857,21,4,,1,13,,1173811,21,4,,1,15,,1173834,21,4,,1,55,,1173855,21,4,,1,15,,1173813,21,4,,1,15,,1173856,21,4,,1,15,,1173818,21,4,,1,55,,1173814,21,4,,1,15,,1173848,21,4,,1,15,,1173828,21,4,,1,15,,1173852,21,4,,1,55,,1173821,21,4,,1,15,,1173846,21,4,,1,15,,1173810,21,4,,1,15,,1173854,21,4,,1,55,,1173832,21,4,,1,16,,1173843,21,4,,1,15,,1173860,21,4,,1,15,,1173820,21,4,,1,55,,1173836,21,4,,1,15,,1173831,21,4,,1,15,,1173844,21,4,,1,15,,1173858,21,4,,1,55,,1173837,21,4,,1,15,,1173842,21,4,,1,17,,1173826,21,4,,1,15,,1173845,21,4,,1,56,,1173812,21,4,,1,15,,1173823,21,4,,1,15,,1173849,21,4,,1,15,,1173822,21,4,,1,56,,1173817,21,4,,1,29,,1173838,21,4,,1,70,,1173825,21,4,,1,27,,1173819,21,4,,1,70,,1173835,21,4,,1,29,,1173853,21,4,,1,68,,1173840,21,4,,1,33,,1173847,21,4,,1,68,,1173829,21,4,,1,30,,1173827,21,4,,1,70,,1173815,21,4,,1
8700,'16',614,,1173899,11,4,,1,30,,1173863,11,4,,1,59,,1173878,11,4,,1,17,,1173874,11,4,,1,12,,1173882,11,4,,1,15,,1173866,11,4,,1,61,,1173870,21,4,,1,13,,1173891,11,4,,1,17,,1173888,21,4,,1,18,,1173894,21,4,,1,56,,1173903,21,4,,1,15,,1173887,21,4,,1,13,,1173867,21,4,,1,15,,1173876,21,4,,1,55,,1173900,21,4,,1,15,,1173864,21,4,,1,15,,1173883,21,4,,1,15,,960090,21,4,,1,55,,1173890,21,4,,1,15,,1173901,21,4,,1,15,,1095935,21,4,,1,15,,1173869,21,4,,1,55,,1173884,21,4,,1,15,,1173904,21,4,,1,15,,1173892,21,4,,1,15,,1173871,21,4,,1,55,,1173895,21,4,,1,16,,1173875,21,4,,1,15,,1012145,21,4,,1,15,,1173886,21,4,,1,55,,1173862,21,4,,1,15,,1173880,21,4,,1,15,,1173898,21,4,,1,15,,1173885,21,4,,1,55,,1173906,21,4,,1,15,,1098702,21,4,,1,17,,1099036,21,4,,1,15,,1173905,21,4,,1,56,,1173873,21,4,,1,15,,1173868,21,4,,1,15,,1173897,21,4,,1,15,,1173896,21,4,,1,56,,1173865,21,4,,1,29,,1075968,21,4,,1,70,,1173902,21,4,,1,27,,1173879,21,4,,1,70,,1173893,21,4,,1,29,,1173872,21,4,,1,68,,919114,21,4,,1,33,,1173861,21,4,,1,68,,1173889,21,4,,1,30,,1173877,21,4,,1,70,,1173881,21,4,,1
8700,'17',1101,,1173909,20,4,,1,30,,1173916,20,4,,1,70,,1173913,20,4,,1,30,,1173917,20,4,,1,70,,1173919,20,4,,1,30,,1173907,20,4,,1,70,,1173923,20,4,,1,30,,1173908,20,4,,1,70,,1173912,20,4,,1,30,,1173910,20,4,,1,70,,1173922,20,4,,1,30,,1173921,20,4,,1,70,,1173918,20,4,,1,29,,1173915,20,4,,1,70,,1173914,20,4,,1,29,,1173911,20,4,,1,30,,1173920,20,4,,1
8700,'2',805,,1173934,10,4,,1,30,,1173931,20,4,,1,71,,1173930,20,4,,1,30,,1173927,20,4,,1,70,,1173935,20,4,,1,30,,1061946,20,4,,1,70,,1173932,20,4,,1,30,,1173933,20,4,,1,70,,1173925,20,4,,1,30,,1087811,20,4,,1,70,,1173929,20,4,,1,30,,1173928,20,4,,1,71,,1173939,20,4,,1,30,,1173936,20,4,,1,70,,1173924,20,4,,1,30,,1074178,20,4,,1,70,,1173940,20,4,,1,30,,1173926,20,4,,1,70,,1100826,20,4,,1,29,,1075743,20,4,,1,70,,1173937,20,4,,1,29,,1173938,20,4,,1,70,,1098248,20,4,,1
8700,'3',1101,,1173943,20,4,,1,30,,1173950,20,4,,1,70,,1173947,20,4,,1,30,,1173951,20,4,,1,70,,1173953,20,4,,1,30,,1173941,20,4,,1,70,,1173957,20,4,,1,30,,1173942,20,4,,1,70,,1173946,20,4,,1,30,,1173944,20,4,,1,70,,1173956,20,4,,1,30,,1173955,20,4,,1,70,,1173952,20,4,,1,29,,1173949,20,4,,1,70,,1173948,20,4,,1,29,,1173945,20,4,,1,30,,1173954,20,4,,1
8700,'4',1101,,1173965,20,4,,1,30,,1173959,20,4,,1,70,,1173960,20,4,,1,30,,1173970,20,4,,1,70,,1173958,20,4,,1,30,,1173967,20,4,,1,70,,1054534,20,4,,1,30,,948600,20,4,,1,70,,1173964,20,4,,1,30,,1173962,20,4,,1,70,,1173969,20,4,,1,30,,1173971,20,4,,1,70,,1173961,20,4,,1,29,,1173972,20,4,,1,70,,1173968,20,4,,1,29,,1173963,20,4,,1,30,,1173966,20,4,,1
8700,'5',614,,1174019,11,4,,1,30,,1173994,11,4,,1,59,,1173977,11,4,,1,17,,1174006,11,4,,1,12,,1173975,11,4,,1,15,,1015618,11,4,,1,61,,1173991,21,4,,1,13,,1173979,11,4,,1,17,,1174004,21,4,,1,18,,1174015,21,4,,1,56,,1173980,21,4,,1,15,,1174013,21,4,,1,13,,1173993,21,4,,1,15,,1173978,21,4,,1,55,,1174007,21,4,,1,15,,1173983,21,4,,1,15,,1085534,21,4,,1,15,,1173998,21,4,,1,55,,1174002,21,4,,1,15,,1034531,21,4,,1,15,,1173981,21,4,,1,15,,1173999,21,4,,1,55,,1173989,21,4,,1,15,,1173987,21,4,,1,15,,1174008,21,4,,1,15,,1173986,21,4,,1,55,,1009326,21,4,,1,16,,1174009,21,4,,1,15,,1173976,21,4,,1,15,,1174012,21,4,,1,55,,1174014,21,4,,1,15,,1174018,21,4,,1,15,,1103226,21,4,,1,15,,1174001,21,4,,1,55,,1173990,21,4,,1,15,,1173973,21,4,,1,17,,1013237,21,4,,1,15,,1173992,21,4,,1,56,,1174003,21,4,,1,15,,1174011,21,4,,1,15,,1173982,21,4,,1,15,,1174000,21,4,,1,56,,1173996,21,4,,1,29,,1174016,21,4,,1,70,,1174005,21,4,,1,27,,1173988,21,4,,1,70,,1174010,21,4,,1,29,,1173984,21,4,,1,68,,1173997,21,4,,1,33,,1173985,21,4,,1,68,,1173974,21,4,,1,30,,1174017,21,4,,1,70,,1173995,21,4,,1
8700,'6',614,,1174056,11,4,,1,30,,1174022,11,4,,1,59,,1174037,11,4,,1,17,,1174033,11,4,,1,12,,1174041,11,4,,1,15,,1174025,11,4,,1,61,,1174029,21,4,,1,13,,1174048,11,4,,1,17,,1174046,21,4,,1,18,,1174051,21,4,,1,56,,1174061,21,4,,1,15,,949284,21,4,,1,13,,1174026,21,4,,1,15,,1174035,21,4,,1,55,,1174057,21,4,,1,15,,1075671,21,4,,1,15,,1174042,21,4,,1,15,,1174060,21,4,,1,55,,1174047,21,4,,1,15,,1174058,21,4,,1,15,,1174063,21,4,,1,15,,1174028,21,4,,1,55,,1174043,21,4,,1,15,,966794,21,4,,1,15,,1174049,21,4,,1,15,,1174030,21,4,,1,55,,1174052,21,4,,1,16,,1174034,21,4,,1,15,,1174059,21,4,,1,15,,1174045,21,4,,1,55,,1093531,21,4,,1,15,,1174039,21,4,,1,15,,1174055,21,4,,1,15,,1174044,21,4,,1,55,,1174064,21,4,,1,15,,1174024,21,4,,1,17,,1174023,21,4,,1,15,,1174062,21,4,,1,56,,1174032,21,4,,1,15,,1174027,21,4,,1,15,,1174054,21,4,,1,15,,1174053,21,4,,1,56,,1100313,21,4,,1,29,,1174021,21,4,,1,70,,1064519,21,4,,1,27,,1174038,21,4,,1,70,,1174050,21,4,,1,29,,1174031,21,4,,1,68,,1174020,21,4,,1,33,,1060370,21,4,,1,68,,1031872,21,4,,1,30,,1174036,21,4,,1,70,,1174040,21,4,,1
8700,'7',805,,1174072,10,4,,1,30,,1174076,20,4,,1,71,,1174085,20,4,,1,30,,1174087,20,4,,1,70,,1174068,20,4,,1,30,,1174086,20,4,,1,70,,1174070,20,4,,1,30,,1174071,20,4,,1,70,,1174080,20,4,,1,30,,1174077,20,4,,1,70,,1174074,20,4,,1,30,,1174069,20,4,,1,71,,1174081,20,4,,1,30,,1174075,20,4,,1,70,,1174079,20,4,,1,30,,1174067,20,4,,1,70,,1174078,20,4,,1,30,,1174084,20,4,,1,70,,1174083,20,4,,1,29,,1174065,20,4,,1,70,,1174066,20,4,,1,29,,1174082,20,4,,1,70,,1174073,20,4,,1
8700,'8',614,,1174130,11,4,,1,30,,1174092,11,4,,1,59,,1174109,11,4,,1,17,,1174105,11,4,,1,12,,1174113,11,4,,1,15,,1174097,11,4,,1,61,,1174101,21,4,,1,13,,1174122,11,4,,1,17,,1174119,21,4,,1,18,,1174125,21,4,,1,56,,1174136,21,4,,1,15,,1174118,21,4,,1,13,,1174098,21,4,,1,15,,1174107,21,4,,1,55,,1174131,21,4,,1,15,,1174094,21,4,,1,15,,1174114,21,4,,1,15,,1174135,21,4,,1,55,,1174121,21,4,,1,15,,1174132,21,4,,1,15,,1174139,21,4,,1,15,,1174100,21,4,,1,55,,1174115,21,4,,1,15,,1174137,21,4,,1,15,,1174123,21,4,,1,15,,1174102,21,4,,1,55,,1174126,21,4,,1,16,,1174106,21,4,,1,15,,1174133,21,4,,1,15,,1174117,21,4,,1,55,,1174089,21,4,,1,15,,1174111,21,4,,1,15,,1174129,21,4,,1,15,,1174116,21,4,,1,55,,1174140,21,4,,1,15,,1174095,21,4,,1,17,,1174093,21,4,,1,15,,1174138,21,4,,1,56,,1174104,21,4,,1,15,,1174099,21,4,,1,15,,1174128,21,4,,1,15,,1174127,21,4,,1,56,,1174096,21,4,,1,29,,1174091,21,4,,1,70,,1174134,21,4,,1,27,,1174110,21,4,,1,70,,1174124,21,4,,1,29,,1174103,21,4,,1,68,,1174090,21,4,,1,33,,1174088,21,4,,1,68,,1174120,21,4,,1,30,,1174108,21,4,,1,70,,1174112,21,4,,1
8700,'9',614,,1174187,11,4,,1,30,,1174162,11,4,,1,59,,1174145,11,4,,1,17,,1174174,11,4,,1,12,,1174143,11,4,,1,15,,1016044,11,4,,1,61,,1174159,21,4,,1,13,,1174147,11,4,,1,17,,1174172,21,4,,1,18,,1174183,21,4,,1,56,,1174148,21,4,,1,15,,1174181,21,4,,1,13,,1174161,21,4,,1,15,,1174146,21,4,,1,55,,1174175,21,4,,1,15,,1174151,21,4,,1,15,,1085403,21,4,,1,15,,1174166,21,4,,1,55,,1174170,21,4,,1,15,,1034789,21,4,,1,15,,1174149,21,4,,1,15,,1174167,21,4,,1,55,,1174157,21,4,,1,15,,1174155,21,4,,1,15,,1174176,21,4,,1,15,,1174154,21,4,,1,55,,1009400,21,4,,1,16,,1174177,21,4,,1,15,,1174144,21,4,,1,15,,1174180,21,4,,1,55,,1174182,21,4,,1,15,,1174186,21,4,,1,15,,1103224,21,4,,1,15,,1174169,21,4,,1,55,,1174158,21,4,,1,15,,1174141,21,4,,1,17,,1013416,21,4,,1,15,,1174160,21,4,,1,56,,1174171,21,4,,1,15,,1174179,21,4,,1,15,,1174150,21,4,,1,15,,1174168,21,4,,1,56,,1174164,21,4,,1,29,,1174184,21,4,,1,70,,1174173,21,4,,1,27,,1174156,21,4,,1,70,,1174178,21,4,,1,29,,1174152,21,4,,1,68,,1174165,21,4,,1,33,,1174153,21,4,,1,68,,1174142,21,4,,1,30,,1174185,21,4,,1,70,,1174163,21,4,,1
8701,'1',627,,1174225,1,0,79,1,21,,1174211,1,0,79,1,62,,1174190,1,0,79,1,13,,1174220,1,,,1,15,,1174221,1,,,1,17,,998746,1,,,1,55,,1174206,1,,,1,15,,1174229,1,,,1,15,,1174223,1,,,1,15,,1174197,1,,,1,55,,1174205,1,,,1,15,,1174232,1,,,1,15,,1077493,1,,,1,15,,1174192,1,,,1,55,,1174208,1,,,1,15,,1174218,1,,,1,15,,1174214,1,,,1,15,,1174198,1,,,1,55,,1174188,1,,,1,15,,1174226,1,,,1,15,,1174224,1,,,1,15,,1174212,1,,,1,55,,1043520,1,,,1,15,,1174200,1,,,1,15,,1174203,1,,,1,15,,1090871,1,,,1,55,,1174230,1,,,1,15,,1174202,1,,,1,15,,1174219,1,,,1,15,,1174194,1,,,1,54,,1174196,1,,,1,15,,1174207,1,,,1,15,,1174199,1,,,1,13,,1174215,1,,,1,56,,1088152,1,,,1,15,,1174217,1,,,1,15,,1174227,1,,,1,14,,1174216,1,,,1,54,,1089213,1,,,1,14,,1174209,1,,,1,15,,1174201,1,,,1,15,,991444,1,,,1,55,,1174195,1,,,1,16,,1174189,1,,,1,16,,1174210,1,,,1,16,,1174193,1,,,1,55,,1174191,1,,,1,29,,1174231,1,,,1,72,,1064121,1,,,1,33,,1174222,1,,,1,68,,1174204,1,,,1,33,,1174213,1,,,1,70,,1174228,1,,,1,30,,975281,1,,,1
8701,'10',627,,1174270,1,0,79,1,21,,1174256,1,0,79,1,62,,1174235,1,0,79,1,13,,1174265,1,,,1,15,,1174266,1,,,1,17,,998825,1,,,1,55,,1174251,1,,,1,15,,1174274,1,,,1,15,,1174268,1,,,1,15,,1174242,1,,,1,55,,1174250,1,,,1,15,,1174277,1,,,1,15,,1077380,1,,,1,15,,1174237,1,,,1,55,,1174253,1,,,1,15,,1174263,1,,,1,15,,1174259,1,,,1,15,,1174243,1,,,1,55,,1174233,1,,,1,15,,1174271,1,,,1,15,,1174269,1,,,1,15,,1174257,1,,,1,55,,1043723,1,,,1,15,,1174245,1,,,1,15,,1174248,1,,,1,15,,1090630,1,,,1,55,,1174275,1,,,1,15,,1174247,1,,,1,15,,1174264,1,,,1,15,,1174239,1,,,1,54,,1174241,1,,,1,15,,1174252,1,,,1,15,,1174244,1,,,1,13,,1174260,1,,,1,56,,1087744,1,,,1,15,,1174262,1,,,1,15,,1174272,1,,,1,14,,1174261,1,,,1,54,,1089018,1,,,1,14,,1174254,1,,,1,15,,1174246,1,,,1,15,,991433,1,,,1,55,,1174240,1,,,1,16,,1174234,1,,,1,16,,1174255,1,,,1,16,,1174238,1,,,1,55,,1174236,1,,,1,29,,1174276,1,,,1,72,,1063808,1,,,1,33,,1174267,1,,,1,68,,1174249,1,,,1,33,,1174258,1,,,1,70,,1174273,1,,,1,30,,975264,1,,,1
8701,'11',627,,1174315,1,0,79,1,21,,1174301,1,0,79,1,62,,1174280,1,0,79,1,13,,1174310,1,,,1,15,,1174311,1,,,1,17,,998724,1,,,1,55,,1174296,1,,,1,15,,1174319,1,,,1,15,,1174313,1,,,1,15,,1174287,1,,,1,55,,1174295,1,,,1,15,,1174322,1,,,1,15,,1077526,1,,,1,15,,1174282,1,,,1,55,,1174298,1,,,1,15,,1174308,1,,,1,15,,1174304,1,,,1,15,,1174288,1,,,1,55,,1174278,1,,,1,15,,1174316,1,,,1,15,,1174314,1,,,1,15,,1174302,1,,,1,55,,1043461,1,,,1,15,,1174290,1,,,1,15,,1174293,1,,,1,15,,1090942,1,,,1,55,,1174320,1,,,1,15,,1174292,1,,,1,15,,1174309,1,,,1,15,,1174284,1,,,1,54,,1174286,1,,,1,15,,1174297,1,,,1,15,,1174289,1,,,1,13,,1174305,1,,,1,56,,1088264,1,,,1,15,,1174307,1,,,1,15,,1174317,1,,,1,14,,1174306,1,,,1,54,,1089268,1,,,1,14,,1174299,1,,,1,15,,1174291,1,,,1,15,,991440,1,,,1,55,,1174285,1,,,1,16,,1174279,1,,,1,16,,1174300,1,,,1,16,,1174283,1,,,1,55,,1174281,1,,,1,29,,1174321,1,,,1,72,,1064214,1,,,1,33,,1174312,1,,,1,68,,1174294,1,,,1,33,,1174303,1,,,1,70,,1174318,1,,,1,30,,975275,1,,,1
8701,'12',627,,1174364,1,0,79,1,21,,1174327,1,0,79,1,62,,1174353,1,0,79,1,13,,1174338,1,,,1,15,,1174340,1,,,1,17,,1174358,1,,,1,55,,1174339,1,,,1,15,,1174354,1,,,1,15,,1007719,1,,,1,15,,1174348,1,,,1,55,,1174334,1,,,1,15,,1174349,1,,,1,15,,1174356,1,,,1,15,,1174363,1,,,1,55,,1174326,1,,,1,15,,1174355,1,,,1,15,,1174324,1,,,1,15,,1174366,1,,,1,55,,1063013,1,,,1,15,,1174343,1,,,1,15,,1174345,1,,,1,15,,1174344,1,,,1,55,,1049464,1,,,1,15,,1174337,1,,,1,15,,1174331,1,,,1,15,,1174328,1,,,1,55,,1048538,1,,,1,15,,1174342,1,,,1,15,,1174365,1,,,1,15,,1174347,1,,,1,54,,1174351,1,,,1,15,,1174359,1,,,1,15,,1174352,1,,,1,13,,1174367,1,,,1,56,,1174332,1,,,1,15,,1174360,1,,,1,15,,1174323,1,,,1,14,,1174325,1,,,1,54,,1174336,1,,,1,14,,1174368,1,,,1,15,,1174329,1,,,1,15,,950012,1,,,1,55,,1174350,1,,,1,16,,1174335,1,,,1,16,,1174357,1,,,1,16,,1174330,1,,,1,55,,1174361,1,,,1,29,,1088641,1,,,1,72,,986370,1,,,1,33,,1174362,1,,,1,68,,1174333,1,,,1,33,,1097388,1,,,1,70,,1174346,1,,,1,30,,1174341,1,,,1
8701,'13',1106,,1174382,1,,,1,30,,1174383,1,,,1,70,,1174384,1,,,1,30,,1099954,1,,,1,70,,1174378,1,,,1,30,,1174370,1,,,1,70,,1174375,1,,,1,30,,1174381,1,,,1,70,,1174376,1,,,1,30,,1174373,1,,,1,70,,1174374,1,,,1,30,,1174369,1,,,1,70,,1174372,1,,,1,30,,1174379,1,,,1,70,,1174371,1,,,1,30,,1174380,1,,,1,70,,1174377,1,,,1
8701,'14',627,,1174428,1,0,79,1,21,,1174413,1,0,79,1,62,,1174387,1,0,79,1,13,,1174422,1,,,1,15,,1174423,1,,,1,17,,1174391,1,,,1,55,,1174408,1,,,1,15,,1174432,1,,,1,15,,1174426,1,,,1,15,,1174399,1,,,1,55,,1174407,1,,,1,15,,1174437,1,,,1,15,,1174388,1,,,1,15,,1174393,1,,,1,55,,1174410,1,,,1,15,,1174420,1,,,1,15,,1174416,1,,,1,15,,1174400,1,,,1,55,,1174385,1,,,1,15,,1174429,1,,,1,15,,1174427,1,,,1,15,,1174414,1,,,1,55,,1174438,1,,,1,15,,1174402,1,,,1,15,,1174405,1,,,1,15,,1174397,1,,,1,55,,1174433,1,,,1,15,,1174404,1,,,1,15,,1174421,1,,,1,15,,1174395,1,,,1,54,,1174398,1,,,1,15,,1174409,1,,,1,15,,1174401,1,,,1,13,,1174417,1,,,1,56,,1174435,1,,,1,15,,1174419,1,,,1,15,,1174430,1,,,1,14,,1174418,1,,,1,54,,1174425,1,,,1,14,,1174411,1,,,1,15,,1174403,1,,,1,15,,1174389,1,,,1,55,,1174396,1,,,1,16,,1174386,1,,,1,16,,1174412,1,,,1,16,,1174394,1,,,1,55,,1174390,1,,,1,29,,1174434,1,,,1,72,,1174436,1,,,1,33,,1174424,1,,,1,68,,1174406,1,,,1,33,,1174415,1,,,1,70,,1174431,1,,,1,30,,1174392,1,,,1
8701,'15',627,,1174487,1,0,79,1,21,,1174458,1,0,79,1,62,,1174447,1,0,79,1,13,,1174483,1,,,1,15,,1174456,1,,,1,17,,1174475,1,,,1,55,,1174471,1,,,1,15,,1174490,1,,,1,15,,1174445,1,,,1,15,,1174477,1,,,1,55,,1174460,1,,,1,15,,1174479,1,,,1,15,,1174450,1,,,1,15,,1174476,1,,,1,55,,1174444,1,,,1,15,,1174478,1,,,1,15,,1174453,1,,,1,15,,1174454,1,,,1,55,,1174443,1,,,1,15,,1174482,1,,,1,15,,1174469,1,,,1,15,,1174446,1,,,1,55,,1174464,1,,,1,15,,1174449,1,,,1,15,,1174489,1,,,1,15,,1174492,1,,,1,55,,1174472,1,,,1,15,,1174451,1,,,1,15,,1174485,1,,,1,15,,1174484,1,,,1,54,,1174461,1,,,1,15,,1174488,1,,,1,15,,1174439,1,,,1,13,,1174480,1,,,1,56,,1174442,1,,,1,15,,1174455,1,,,1,15,,1174486,1,,,1,14,,1174467,1,,,1,54,,1174459,1,,,1,14,,1174462,1,,,1,15,,1174468,1,,,1,15,,1174481,1,,,1,55,,1174491,1,,,1,16,,1174448,1,,,1,16,,1174474,1,,,1,16,,1174441,1,,,1,55,,1174466,1,,,1,29,,1174452,1,,,1,72,,1174470,1,,,1,33,,1174440,1,,,1,68,,1174463,1,,,1,33,,1174465,1,,,1,70,,1174457,1,,,1,30,,1174473,1,,,1
8701,'16',627,,1174534,1,0,79,1,21,,1174496,1,0,79,1,62,,1174524,1,0,79,1,13,,1174508,1,,,1,15,,1174510,1,,,1,17,,1174528,1,,,1,55,,1174509,1,,,1,15,,1174525,1,,,1,15,,1174536,1,,,1,15,,1174519,1,,,1,55,,1174503,1,,,1,15,,1174520,1,,,1,15,,1174527,1,,,1,15,,1174533,1,,,1,55,,1174495,1,,,1,15,,1174526,1,,,1,15,,1085609,1,,,1,15,,1174538,1,,,1,55,,1174515,1,,,1,15,,1174513,1,,,1,15,,1174516,1,,,1,15,,1174514,1,,,1,55,,1174541,1,,,1,15,,1174507,1,,,1,15,,1071955,1,,,1,15,,1174497,1,,,1,55,,1174504,1,,,1,15,,1174512,1,,,1,15,,1174535,1,,,1,15,,1174518,1,,,1,54,,1174522,1,,,1,15,,1174529,1,,,1,15,,1174523,1,,,1,13,,1174539,1,,,1,56,,1174501,1,,,1,15,,1174530,1,,,1,15,,979821,1,,,1,14,,1174494,1,,,1,54,,1174506,1,,,1,14,,1065173,1,,,1,15,,1174498,1,,,1,15,,1174499,1,,,1,55,,1174521,1,,,1,16,,1174505,1,,,1,16,,1075065,1,,,1,16,,1174500,1,,,1,55,,1174531,1,,,1,29,,1174493,1,,,1,72,,1174540,1,,,1,33,,1174532,1,,,1,68,,1174502,1,,,1,33,,1174537,1,,,1,70,,1174517,1,,,1,30,,1174511,1,,,1
8701,'17',1106,,1174556,1,,,1,30,,1174557,1,,,1,70,,1174558,1,,,1,30,,1174542,1,,,1,70,,1174552,1,,,1,30,,1174544,1,,,1,70,,1174549,1,,,1,30,,1174555,1,,,1,70,,1174550,1,,,1,30,,1174547,1,,,1,70,,1174548,1,,,1,30,,1174543,1,,,1,70,,1174546,1,,,1,30,,1174553,1,,,1,70,,1174545,1,,,1,30,,1174554,1,,,1,70,,1174551,1,,,1
8701,'2',818,,1174571,1,,,1,30,,1174567,1,,,1,70,,1174562,1,,,1,30,,1174577,1,,,1,70,,1174570,1,,,1,30,,1174568,1,,,1,70,,1174564,1,,,1,30,,1174574,1,,,1,70,,1174565,1,,,1,30,,1082093,1,,,1,70,,1174580,1,,,1,30,,1174573,1,,,1,70,,1174579,1,,,1,30,,1174563,1,,,1,70,,1174572,1,,,1,30,,1174560,1,,,1,70,,1174569,1,,,1,30,,1174576,1,,,1,70,,1174578,1,,,1,30,,1174575,1,,,1,70,,1174561,1,,,1,30,,1174559,1,,,1,70,,1174566,1,,,1
8701,'3',1106,,1174595,1,,,1,30,,1174596,1,,,1,70,,1174597,1,,,1,30,,1174581,1,,,1,70,,1174591,1,,,1,30,,1174583,1,,,1,70,,1174588,1,,,1,30,,1174594,1,,,1,70,,1174589,1,,,1,30,,1174586,1,,,1,70,,1174587,1,,,1,30,,1174582,1,,,1,70,,1174585,1,,,1,30,,1174592,1,,,1,70,,1174584,1,,,1,30,,1174593,1,,,1,70,,1174590,1,,,1
8701,'4',1106,,1174604,1,,,1,30,,1174606,1,,,1,70,,1174612,1,,,1,30,,1038962,1,,,1,70,,1174605,1,,,1,30,,1174609,1,,,1,70,,1174610,1,,,1,30,,1174600,1,,,1,70,,1174611,1,,,1,30,,1174607,1,,,1,70,,1174602,1,,,1,30,,1174598,1,,,1,70,,1174603,1,,,1,30,,1174608,1,,,1,70,,1174599,1,,,1,30,,1174601,1,,,1,70,,1006702,1,,,1
8701,'5',627,,1174650,1,0,79,1,21,,1174636,1,0,79,1,62,,1174615,1,0,79,1,13,,1174645,1,,,1,15,,1174646,1,,,1,17,,998592,1,,,1,55,,1174631,1,,,1,15,,1174654,1,,,1,15,,1174648,1,,,1,15,,1174622,1,,,1,55,,1174630,1,,,1,15,,1174657,1,,,1,15,,1077475,1,,,1,15,,1174617,1,,,1,55,,1174633,1,,,1,15,,1174643,1,,,1,15,,1174639,1,,,1,15,,1174623,1,,,1,55,,1174613,1,,,1,15,,1174651,1,,,1,15,,1174649,1,,,1,15,,1174637,1,,,1,55,,1043179,1,,,1,15,,1174625,1,,,1,15,,1174628,1,,,1,15,,1090837,1,,,1,55,,1174655,1,,,1,15,,1174627,1,,,1,15,,1174644,1,,,1,15,,1174619,1,,,1,54,,1174621,1,,,1,15,,1174632,1,,,1,15,,1174624,1,,,1,13,,1174640,1,,,1,56,,1088091,1,,,1,15,,1174642,1,,,1,15,,1174652,1,,,1,14,,1174641,1,,,1,54,,1089175,1,,,1,14,,1174634,1,,,1,15,,1174626,1,,,1,15,,991455,1,,,1,55,,1174620,1,,,1,16,,1174614,1,,,1,16,,1174635,1,,,1,16,,1174618,1,,,1,55,,1174616,1,,,1,29,,1174656,1,,,1,72,,1064076,1,,,1,33,,1174647,1,,,1,68,,1174629,1,,,1,33,,1174638,1,,,1,70,,1174653,1,,,1,30,,975298,1,,,1
8701,'6',627,,1174694,1,0,79,1,21,,1174661,1,0,79,1,62,,1174684,1,0,79,1,13,,1174668,1,,,1,15,,1174670,1,,,1,17,,1174688,1,,,1,55,,1174669,1,,,1,15,,1079267,1,,,1,15,,1174696,1,,,1,15,,1174679,1,,,1,55,,1033632,1,,,1,15,,1174680,1,,,1,15,,1174686,1,,,1,15,,1174693,1,,,1,55,,998967,1,,,1,15,,1174685,1,,,1,15,,1174659,1,,,1,15,,1087328,1,,,1,55,,1174675,1,,,1,15,,1174673,1,,,1,15,,1174676,1,,,1,15,,1174674,1,,,1,55,,1174699,1,,,1,15,,1174667,1,,,1,15,,1174663,1,,,1,15,,1001675,1,,,1,55,,1174664,1,,,1,15,,1174672,1,,,1,15,,1174695,1,,,1,15,,1174678,1,,,1,54,,1174682,1,,,1,15,,1174689,1,,,1,15,,1174683,1,,,1,13,,1074133,1,,,1,56,,943210,1,,,1,15,,1174690,1,,,1,15,,1174658,1,,,1,14,,976589,1,,,1,54,,1174666,1,,,1,14,,1174700,1,,,1,15,,1095965,1,,,1,15,,1174662,1,,,1,55,,1174681,1,,,1,16,,1174665,1,,,1,16,,1174687,1,,,1,16,,1062248,1,,,1,55,,1174691,1,,,1,29,,1174660,1,,,1,72,,1174698,1,,,1,33,,1174692,1,,,1,68,,1077121,1,,,1,33,,1174697,1,,,1,70,,1174677,1,,,1,30,,1174671,1,,,1
8701,'7',818,,1174723,1,,,1,30,,1174719,1,,,1,70,,1174704,1,,,1,30,,1174712,1,,,1,70,,1174713,1,,,1,30,,1174709,1,,,1,70,,1174720,1,,,1,30,,1174717,1,,,1,70,,1174701,1,,,1,30,,1174718,1,,,1,70,,1174707,1,,,1,30,,1174715,1,,,1,70,,1174703,1,,,1,30,,1174708,1,,,1,70,,1174716,1,,,1,30,,1174706,1,,,1,70,,1174710,1,,,1,30,,1174722,1,,,1,70,,1174705,1,,,1,30,,1174711,1,,,1,70,,1174714,1,,,1,30,,1174702,1,,,1,70,,1174721,1,,,1
8701,'8',627,,1174769,1,0,79,1,21,,1174729,1,0,79,1,62,,1174758,1,0,79,1,13,,1174742,1,,,1,15,,1174744,1,,,1,17,,1174763,1,,,1,55,,1174743,1,,,1,15,,1174759,1,,,1,15,,1174771,1,,,1,15,,1174753,1,,,1,55,,1174737,1,,,1,15,,1174754,1,,,1,15,,1174761,1,,,1,15,,1174768,1,,,1,55,,1174728,1,,,1,15,,1174760,1,,,1,15,,1174725,1,,,1,15,,1174773,1,,,1,55,,1174749,1,,,1,15,,1174747,1,,,1,15,,1174750,1,,,1,15,,1174748,1,,,1,55,,1174776,1,,,1,15,,1174741,1,,,1,15,,1174734,1,,,1,15,,1174730,1,,,1,55,,1174738,1,,,1,15,,1174746,1,,,1,15,,1174770,1,,,1,15,,1174752,1,,,1,54,,1174756,1,,,1,15,,1174764,1,,,1,15,,1174757,1,,,1,13,,1174774,1,,,1,56,,1174735,1,,,1,15,,1174765,1,,,1,15,,1174724,1,,,1,14,,1174727,1,,,1,54,,1174740,1,,,1,14,,1174777,1,,,1,15,,1174731,1,,,1,15,,1174732,1,,,1,55,,1174755,1,,,1,16,,1174739,1,,,1,16,,1174762,1,,,1,16,,1174733,1,,,1,55,,1174766,1,,,1,29,,1174726,1,,,1,72,,1174775,1,,,1,33,,1174767,1,,,1,68,,1174736,1,,,1,33,,1174772,1,,,1,70,,1174751,1,,,1,30,,1174745,1,,,1
8701,'9',627,,1174815,1,0,79,1,21,,1174801,1,0,79,1,62,,1174780,1,0,79,1,13,,1174810,1,,,1,15,,1174811,1,,,1,17,,998768,1,,,1,55,,1174796,1,,,1,15,,1174819,1,,,1,15,,1174813,1,,,1,15,,1174787,1,,,1,55,,1174795,1,,,1,15,,1174822,1,,,1,15,,1077413,1,,,1,15,,1174782,1,,,1,55,,1174798,1,,,1,15,,1174808,1,,,1,15,,1174804,1,,,1,15,,1174788,1,,,1,55,,1174778,1,,,1,15,,1174816,1,,,1,15,,1174814,1,,,1,15,,1174802,1,,,1,55,,1043579,1,,,1,15,,1174790,1,,,1,15,,1174793,1,,,1,15,,1090702,1,,,1,55,,1174820,1,,,1,15,,1174792,1,,,1,15,,1174809,1,,,1,15,,1174784,1,,,1,54,,1174786,1,,,1,15,,1174797,1,,,1,15,,1174789,1,,,1,13,,1174805,1,,,1,56,,1087874,1,,,1,15,,1174807,1,,,1,15,,1174817,1,,,1,14,,1174806,1,,,1,54,,1089081,1,,,1,14,,1174799,1,,,1,15,,1174791,1,,,1,15,,991451,1,,,1,55,,1174785,1,,,1,16,,1174779,1,,,1,16,,1174800,1,,,1,16,,1174783,1,,,1,55,,1174781,1,,,1,29,,1174821,1,,,1,72,,1063905,1,,,1,33,,1174812,1,,,1,68,,1174794,1,,,1,33,,1174803,1,,,1,70,,1174818,1,,,1,30,,975292,1,,,1
25600,'1',608,,1196954,48,4,,1,30,,1196960,48,4,,1,70,,1196953,48,4,,1,17,,1196956,48,4,,1,13,,1196955,48,4,,1,15,,1070319,48,4,,1,55,,1196957,48,4,,1,31,,995248,48,4,,1,4,,1196959,48,4,,1,67,,1196958,48,4,,1
25600,'10',608,,1196962,48,4,,1,30,,1196968,48,4,,1,70,,1196961,48,4,,1,17,,1196964,48,4,,1,13,,1196963,48,4,,1,15,,1070170,48,4,,1,55,,1196965,48,4,,1,31,,995417,48,4,,1,4,,1196967,48,4,,1,67,,1196966,48,4,,1
25600,'11',608,,1196970,48,4,,1,30,,1196976,48,4,,1,70,,1196969,48,4,,1,17,,1196972,48,4,,1,13,,1196971,48,4,,1,15,,1070362,48,4,,1,55,,1196973,48,4,,1,31,,995200,48,4,,1,4,,1196975,48,4,,1,67,,1196974,48,4,,1
25600,'12',608,,1196984,48,4,,1,30,,1196980,48,4,,1,70,,1196981,48,4,,1,17,,1196979,48,4,,1,13,,1196983,48,4,,1,15,,1196977,48,4,,1,55,,1196986,48,4,,1,31,,1196978,48,4,,1,4,,1196985,48,4,,1,67,,1196982,48,4,,1
25600,'14',608,,1196988,48,4,,1,30,,1196995,48,4,,1,70,,1196987,48,4,,1,17,,1196990,48,4,,1,13,,1196989,48,4,,1,15,,1196991,48,4,,1,55,,1196992,48,4,,1,31,,1196996,48,4,,1,4,,1196994,48,4,,1,67,,1196993,48,4,,1
25600,'15',608,,1196999,48,4,,1,30,,1196998,48,4,,1,70,,1197002,48,4,,1,30,,1197004,48,4,,1,70,,1197003,48,4,,1,31,,1197000,48,4,,1,4,,1196997,48,4,,1,67,,1197001,48,4,,1
25600,'16',608,,1197012,48,4,,1,30,,1197008,48,4,,1,70,,1197009,48,4,,1,17,,1197007,48,4,,1,13,,1197011,48,4,,1,15,,1197005,48,4,,1,55,,1197014,48,4,,1,31,,1197006,48,4,,1,4,,1197013,48,4,,1,67,,1197010,48,4,,1
25600,'5',608,,1197016,48,4,,1,30,,1197022,48,4,,1,70,,1197015,48,4,,1,17,,1197018,48,4,,1,13,,1197017,48,4,,1,15,,1070295,48,4,,1,55,,1197019,48,4,,1,31,,994943,48,4,,1,4,,1197021,48,4,,1,67,,1197020,48,4,,1
25600,'6',608,,1197027,48,4,,1,30,,1036633,48,4,,1,70,,1197024,48,4,,1,17,,1035663,48,4,,1,13,,1197026,48,4,,1,15,,1084812,48,4,,1,55,,1197029,48,4,,1,31,,1197023,48,4,,1,4,,1197028,48,4,,1,67,,1197025,48,4,,1
25600,'8',608,,1197037,48,4,,1,30,,1197033,48,4,,1,70,,1197034,48,4,,1,17,,1197032,48,4,,1,13,,1197036,48,4,,1,15,,1197030,48,4,,1,55,,1197039,48,4,,1,31,,1197031,48,4,,1,4,,1197038,48,4,,1,67,,1197035,48,4,,1
25600,'9',608,,1197041,48,4,,1,30,,1197047,48,4,,1,70,,1197040,48,4,,1,17,,1197043,48,4,,1,13,,1197042,48,4,,1,15,,1070220,48,4,,1,55,,1197044,48,4,,1,31,,995296,48,4,,1,4,,1197046,48,4,,1,67,,1197045,48,4,,1
25601,'1',1459,,1197048,1,,,1,71,,1087580,1,,,1,70,,1197052,1,,,1,15,,1197051,1,,,1,15,,1197055,1,,,1,70,,1197053,1,,,1,30,,1197054,1,,,1,70,,1197050,1,,,1,36,,1197049,1,,,1
25601,'10',1459,,1197056,1,,,1,71,,1087370,1,,,1,70,,1197060,1,,,1,15,,1197059,1,,,1,15,,1197063,1,,,1,70,,1197061,1,,,1,30,,1197062,1,,,1,70,,1197058,1,,,1,36,,1197057,1,,,1
25601,'11',1459,,1197064,1,,,1,71,,1087644,1,,,1,70,,1197068,1,,,1,15,,1197067,1,,,1,15,,1197071,1,,,1,70,,1197069,1,,,1,30,,1197070,1,,,1,70,,1197066,1,,,1,36,,1197065,1,,,1
25601,'12',1459,,1197073,1,,,1,71,,1083141,1,,,1,70,,1197078,1,,,1,15,,1197072,1,,,1,15,,1067954,1,,,1,70,,1197076,1,,,1,30,,1197075,1,,,1,70,,1197077,1,,,1,36,,1197074,1,,,1
25601,'14',1459,,1197079,1,,,1,71,,1197086,1,,,1,70,,1197083,1,,,1,15,,1197082,1,,,1,15,,1197087,1,,,1,70,,1197084,1,,,1,30,,1197085,1,,,1,70,,1197081,1,,,1,36,,1197080,1,,,1
25601,'15',1459,,1197092,1,,,1,71,,1197093,1,,,1,70,,1197096,1,,,1,15,,1197094,1,,,1,15,,1197091,1,,,1,70,,1197088,1,,,1,30,,1197095,1,,,1,70,,1197090,1,,,1,36,,1197089,1,,,1
25601,'16',1459,,1197099,1,,,1,71,,1197101,1,,,1,70,,1197104,1,,,1,15,,1197097,1,,,1,15,,1197098,1,,,1,70,,1197102,1,,,1,30,,1063674,1,,,1,70,,1197103,1,,,1,36,,1197100,1,,,1
25601,'5',1459,,1197105,1,,,1,71,,1087537,1,,,1,70,,1197109,1,,,1,15,,1197108,1,,,1,15,,1197112,1,,,1,70,,1197110,1,,,1,30,,1197111,1,,,1,70,,1197107,1,,,1,36,,1197106,1,,,1
25601,'6',1459,,1197114,1,,,1,71,,1197116,1,,,1,70,,1101839,1,,,1,15,,1076733,1,,,1,15,,1197113,1,,,1,70,,1103452,1,,,1,30,,1197117,1,,,1,70,,1100322,1,,,1,36,,1197115,1,,,1
25601,'8',1459,,1197120,1,,,1,71,,1197122,1,,,1,70,,1197126,1,,,1,15,,1197118,1,,,1,15,,1197119,1,,,1,70,,1197124,1,,,1,30,,1197123,1,,,1,70,,1197125,1,,,1,36,,1197121,1,,,1
25601,'9',1459,,1197127,1,,,1,71,,1087437,1,,,1,70,,1197131,1,,,1,15,,1197130,1,,,1,15,,1197134,1,,,1,70,,1197132,1,,,1,30,,1197133,1,,,1,70,,1197129,1,,,1,36,,1197128,1,,,1
26100,'1',625,,1197138,30,4,,1,89,,1197135,30,4,,1,44,,1197137,30,4,,1,95,,1197136,30,4,,1
26100,'10',625,,1197142,30,4,,1,89,,1197139,30,4,,1,44,,1197141,30,4,,1,95,,1197140,30,4,,1
26100,'11',625,,1197146,30,4,,1,89,,1197143,30,4,,1,44,,1197145,30,4,,1,95,,1197144,30,4,,1
26100,'12',625,,1197148,30,4,,1,89,,1197149,30,4,,1,44,,1197150,30,4,,1,95,,1197147,30,4,,1
26100,'14',625,,1197154,30,4,,1,89,,1197151,30,4,,1,44,,1197153,30,4,,1,95,,1197152,30,4,,1
26100,'15',625,,1197157,30,4,,1,89,,1197156,30,4,,1,44,,1197158,30,4,,1,95,,1197155,30,4,,1
26100,'16',625,,1197160,30,4,,1,89,,1197161,30,4,,1,44,,1197162,30,4,,1,95,,1197159,30,4,,1
26100,'5',625,,1197166,30,4,,1,89,,1197163,30,4,,1,44,,1197165,30,4,,1,95,,1197164,30,4,,1
26100,'6',625,,1197168,30,4,,1,89,,1197169,30,4,,1,44,,1197170,30,4,,1,95,,1197167,30,4,,1
26100,'8',625,,1197172,30,4,,1,89,,1197173,30,4,,1,44,,1197174,30,4,,1,95,,1197171,30,4,,1
26100,'9',625,,1197178,30,4,,1,89,,1197175,30,4,,1,44,,1197177,30,4,,1,95,,1197176,30,4,,1
26101,'1',1523,,1197181,1,,,1,90,,1197179,1,,,1,95,,1197182,1,,,1,108,,1197180,1,,,1
26101,'10',1523,,1197185,1,,,1,90,,1197183,1,,,1,95,,1197186,1,,,1,108,,1197184,1,,,1
26101,'11',1523,,1197189,1,,,1,90,,1197187,1,,,1,95,,1197190,1,,,1,108,,1197188,1,,,1
26101,'12',1523,,1197192,1,,,1,90,,1197193,1,,,1,95,,1197191,1,,,1,108,,1197194,1,,,1
26101,'14',1523,,1197197,1,,,1,90,,1197195,1,,,1,95,,1197198,1,,,1,108,,1197196,1,,,1
26101,'15',1523,,1197201,1,,,1,90,,1197199,1,,,1,95,,1197202,1,,,1,108,,1197200,1,,,1
26101,'16',1523,,1197204,1,,,1,90,,1197205,1,,,1,95,,1197203,1,,,1,108,,1197206,1,,,1
26101,'5',1523,,1197209,1,,,1,90,,1197207,1,,,1,95,,1197210,1,,,1,108,,1197208,1,,,1
26101,'6',1523,,1097593,1,,,1,90,,1040135,1,,,1,95,,1197211,1,,,1,108,,1197212,1,,,1
26101,'8',1523,,1197214,1,,,1,90,,1197215,1,,,1,95,,1197213,1,,,1,108,,1197216,1,,,1
26101,'9',1523,,1197219,1,,,1,90,,1197217,1,,,1,95,,1197220,1,,,1,108,,1197218,1,,,1
26200,'1',618,,1088155,30,4,,1,99,,1197222,30,4,,1,29,,1068384,30,4,,1,95,,1197221,30,4,,1
26200,'10',618,,1087747,30,4,,1,99,,1197224,30,4,,1,29,,1068143,30,4,,1,95,,1197223,30,4,,1
26200,'11',618,,1088267,30,4,,1,99,,1197226,30,4,,1,29,,1068448,30,4,,1,95,,1197225,30,4,,1
26200,'12',618,,1100923,30,4,,1,99,,1197227,30,4,,1,29,,1197228,30,4,,1,95,,1197229,30,4,,1
26200,'14',618,,1197233,30,4,,1,99,,1197232,30,4,,1,29,,1197230,30,4,,1,95,,1197231,30,4,,1
26200,'15',618,,1197234,30,4,,1,99,,1197237,30,4,,1,29,,1197236,30,4,,1,95,,1197235,30,4,,1
26200,'16',618,,1197238,30,4,,1,99,,1197239,30,4,,1,29,,1197240,30,4,,1,95,,1197241,30,4,,1
26200,'5',618,,1088094,30,4,,1,99,,1197243,30,4,,1,29,,1068341,30,4,,1,95,,1197242,30,4,,1
26200,'6',618,,1197244,30,4,,1,99,,1197245,30,4,,1,29,,1197246,30,4,,1,95,,1065570,30,4,,1
26200,'8',618,,1197247,30,4,,1,99,,1197248,30,4,,1,29,,1197249,30,4,,1,95,,1197250,30,4,,1
26200,'9',618,,1087877,30,4,,1,99,,1197252,30,4,,1,29,,1068220,30,4,,1,95,,1197251,30,4,,1
26201,'1',1507,,1197254,1,,,1,100,,936920,1,,,1,30,,1197253,1,,,1,93,,1197255,1,,,1,102,,1197256,1,,,1
26201,'10',1507,,1197258,1,,,1,100,,936538,1,,,1,30,,1197257,1,,,1,93,,1197259,1,,,1,102,,1197260,1,,,1
26201,'11',1507,,1197262,1,,,1,100,,936867,1,,,1,30,,1197261,1,,,1,93,,1197263,1,,,1,102,,1197264,1,,,1
26201,'12',1507,,1197269,1,,,1,100,,1197267,1,,,1,30,,1197268,1,,,1,93,,1197266,1,,,1,102,,1197265,1,,,1
26201,'14',1507,,1197271,1,,,1,100,,1197274,1,,,1,30,,1197270,1,,,1,93,,1197272,1,,,1,102,,1197273,1,,,1
26201,'15',1507,,1197275,1,,,1,100,,1197277,1,,,1,30,,1197279,1,,,1,93,,1197276,1,,,1,102,,1197278,1,,,1
26201,'16',1507,,1197284,1,,,1,100,,1197282,1,,,1,30,,1197283,1,,,1,93,,1197281,1,,,1,102,,1197280,1,,,1
26201,'5',1507,,1197286,1,,,1,100,,937089,1,,,1,30,,1197285,1,,,1,93,,1197287,1,,,1,102,,1197288,1,,,1
26201,'6',1507,,1197293,1,,,1,100,,1197291,1,,,1,30,,1197292,1,,,1,93,,1197290,1,,,1,102,,1197289,1,,,1
26201,'8',1507,,1197298,1,,,1,100,,1197296,1,,,1,30,,1197297,1,,,1,93,,1197295,1,,,1,102,,1197294,1,,,1
26201,'9',1507,,1197300,1,,,1,100,,937036,1,,,1,30,,1197299,1,,,1,93,,1197301,1,,,1,102,,1197302,1,,,1
26300,'1',649,,1197305,46,4,,1,108,,1197303,46,4,,1,99,,1197304,46,4,,1
26300,'10',649,,1197308,46,4,,1,108,,1197306,46,4,,1,99,,1197307,46,4,,1
26300,'11',649,,1197311,46,4,,1,108,,1197309,46,4,,1,99,,1197310,46,4,,1
26300,'12',649,,1197314,46,4,,1,108,,1197313,46,4,,1,99,,1197312,46,4,,1
26300,'14',649,,1197317,46,4,,1,108,,1197315,46,4,,1,99,,1197316,46,4,,1
26300,'15',649,,1197320,46,4,,1,108,,1197318,46,4,,1,99,,1197319,46,4,,1
26300,'16',649,,1096829,46,4,,1,108,,1197322,46,4,,1,99,,1197321,46,4,,1
26300,'5',649,,1197325,46,4,,1,108,,1197323,46,4,,1,99,,1197324,46,4,,1
26300,'6',649,,1197328,46,4,,1,108,,1197327,46,4,,1,99,,1197326,46,4,,1
26300,'8',649,,1197331,46,4,,1,108,,1197330,46,4,,1,99,,1197329,46,4,,1
26300,'9',649,,1197334,46,4,,1,108,,1197332,46,4,,1,99,,1197333,46,4,,1
26301,'1',1537,,1197337,1,,,1,86,,1083207,1,,,1,100,,1197336,1,,,1,93,,1197335,1,,,1
26301,'10',1537,,1197340,1,,,1,86,,1082974,1,,,1,100,,1197339,1,,,1,93,,1197338,1,,,1
26301,'11',1537,,1197343,1,,,1,86,,1083282,1,,,1,100,,1197342,1,,,1,93,,1197341,1,,,1
26301,'12',1537,,1197344,1,,,1,86,,1197346,1,,,1,100,,1197345,1,,,1,93,,1197347,1,,,1
26301,'14',1537,,1197351,1,,,1,86,,1197348,1,,,1,100,,1197350,1,,,1,93,,1197349,1,,,1
26301,'15',1537,,1197354,1,,,1,86,,1197352,1,,,1,100,,1197353,1,,,1,93,,1197355,1,,,1
26301,'16',1537,,1197356,1,,,1,86,,1197358,1,,,1,100,,1197357,1,,,1,93,,1197359,1,,,1
26301,'5',1537,,1197362,1,,,1,86,,1083167,1,,,1,100,,1197361,1,,,1,93,,1197360,1,,,1
26301,'6',1537,,1049582,1,,,1,86,,1197364,1,,,1,100,,1197363,1,,,1,93,,1197365,1,,,1
26301,'8',1537,,1197366,1,,,1,86,,1197368,1,,,1,100,,1197367,1,,,1,93,,1197369,1,,,1
26301,'9',1537,,1197372,1,,,1,86,,1083043,1,,,1,100,,1197371,1,,,1,93,,1197370,1,,,1
26500,'1',631,,1197378,48,4,,1,75,,1197376,48,4,,1,28,,1197375,48,4,,1,74,,1197377,48,4,,1,28,,1197373,48,4,,1,71,,1197374,48,4,,1,26,,907099,48,4,,1
26500,'10',631,,1197384,48,4,,1,75,,1197382,48,4,,1,28,,1197381,48,4,,1,74,,1197383,48,4,,1,28,,1197379,48,4,,1,71,,1197380,48,4,,1,26,,907139,48,4,,1
26500,'11',631,,1197390,48,4,,1,75,,1197388,48,4,,1,28,,1197387,48,4,,1,74,,1197389,48,4,,1,28,,1197385,48,4,,1,71,,1197386,48,4,,1,26,,907011,48,4,,1
26500,'12',631,,1197391,48,4,,1,75,,1197392,48,4,,1,28,,1197396,48,4,,1,74,,1080441,48,4,,1,28,,1197395,48,4,,1,71,,1197394,48,4,,1,26,,1197393,48,4,,1
26500,'14',631,,1197403,48,4,,1,75,,1197401,48,4,,1,28,,1197400,48,4,,1,74,,1197402,48,4,,1,28,,1197398,48,4,,1,71,,1197399,48,4,,1,26,,1197397,48,4,,1
26500,'15',631,,1197404,48,4,,1,75,,1197409,48,4,,1,28,,1197406,48,4,,1,74,,1197410,48,4,,1,28,,1197407,48,4,,1,71,,1197408,48,4,,1,26,,1197405,48,4,,1
26500,'16',631,,1197412,48,4,,1,75,,1197413,48,4,,1,28,,1197417,48,4,,1,74,,1197411,48,4,,1,28,,1197416,48,4,,1,71,,1197415,48,4,,1,26,,1197414,48,4,,1
26500,'5',631,,1197423,48,4,,1,75,,1197421,48,4,,1,28,,1197420,48,4,,1,74,,1197422,48,4,,1,28,,1197418,48,4,,1,71,,1197419,48,4,,1,26,,907279,48,4,,1
26500,'6',631,,1197425,48,4,,1,75,,1197426,48,4,,1,28,,1066284,48,4,,1,74,,1197424,48,4,,1,28,,1088988,48,4,,1,71,,1046511,48,4,,1,26,,1197427,48,4,,1
26500,'8',631,,1197429,48,4,,1,75,,1197430,48,4,,1,28,,1197434,48,4,,1,74,,1197428,48,4,,1,28,,1197433,48,4,,1,71,,1197432,48,4,,1,26,,1197431,48,4,,1
26500,'9',631,,1197440,48,4,,1,75,,1197438,48,4,,1,28,,1197437,48,4,,1,74,,1197439,48,4,,1,28,,1197435,48,4,,1,71,,1197436,48,4,,1,26,,907179,48,4,,1
26501,'1',1532,,1197442,1,,,1,70,,1197443,1,,,1,30,,1197444,1,,,1,70,,1197441,1,,,1,31,,1197445,1,,,1,69,,1066958,1,,,1,30,,1197446,1,,,1
26501,'10',1532,,1197448,1,,,1,70,,1197449,1,,,1,30,,1197450,1,,,1,70,,1197447,1,,,1,31,,1197451,1,,,1,69,,1066675,1,,,1,30,,1197452,1,,,1
26501,'11',1532,,1197454,1,,,1,70,,1197455,1,,,1,30,,1197456,1,,,1,70,,1197453,1,,,1,31,,1197457,1,,,1,69,,1067034,1,,,1,30,,1197458,1,,,1
26501,'12',1532,,1197462,1,,,1,70,,1197465,1,,,1,30,,1197459,1,,,1,70,,1197461,1,,,1,31,,1197460,1,,,1,69,,1197464,1,,,1,30,,1197463,1,,,1
26501,'14',1532,,1197467,1,,,1,70,,1197468,1,,,1,30,,1197469,1,,,1,70,,1197466,1,,,1,31,,1197470,1,,,1,69,,1197472,1,,,1,30,,1197471,1,,,1
26501,'15',1532,,1197477,1,,,1,70,,1197473,1,,,1,30,,1197479,1,,,1,70,,1197475,1,,,1,31,,1197474,1,,,1,69,,1197478,1,,,1,30,,1197476,1,,,1
26501,'16',1532,,1197483,1,,,1,70,,1197486,1,,,1,30,,1197480,1,,,1,70,,1197482,1,,,1,31,,1197481,1,,,1,69,,1197485,1,,,1,30,,1197484,1,,,1
26501,'5',1532,,1197488,1,,,1,70,,1197489,1,,,1,30,,1197490,1,,,1,70,,1197487,1,,,1,31,,1197491,1,,,1,69,,1066922,1,,,1,30,,1197492,1,,,1
26501,'6',1532,,1197496,1,,,1,70,,1097198,1,,,1,30,,1197493,1,,,1,70,,1197495,1,,,1,31,,1197494,1,,,1,69,,1197498,1,,,1,30,,1197497,1,,,1
26501,'8',1532,,1197502,1,,,1,70,,1197505,1,,,1,30,,1197499,1,,,1,70,,1197501,1,,,1,31,,1197500,1,,,1,69,,1197504,1,,,1,30,,1197503,1,,,1
26501,'9',1532,,1197507,1,,,1,70,,1197508,1,,,1,30,,1197509,1,,,1,70,,1197506,1,,,1,31,,1197510,1,,,1,69,,1066761,1,,,1,30,,1197511,1,,,1
26600,'1',625,,1197514,40,4,,1,85,,1070603,40,4,,1,43,,1197512,40,4,,1,103,,1197513,40,4,,1
26600,'10',625,,1197517,40,4,,1,85,,1070417,40,4,,1,43,,1197515,40,4,,1,103,,1197516,40,4,,1
26600,'11',625,,1197520,40,4,,1,85,,1070657,40,4,,1,43,,1197518,40,4,,1,103,,1197519,40,4,,1
26600,'12',625,,1197522,40,4,,1,85,,1197524,40,4,,1,43,,1197521,40,4,,1,103,,1197523,40,4,,1
26600,'14',625,,1197528,40,4,,1,85,,1197525,40,4,,1,43,,1197526,40,4,,1,103,,1197527,40,4,,1
26600,'15',625,,1197532,40,4,,1,85,,1197531,40,4,,1,43,,1197529,40,4,,1,103,,1197530,40,4,,1
26600,'16',625,,1197534,40,4,,1,85,,1197536,40,4,,1,43,,1197533,40,4,,1,103,,1197535,40,4,,1
26600,'5',625,,1197539,40,4,,1,85,,1070567,40,4,,1,43,,1197537,40,4,,1,103,,1197538,40,4,,1
26600,'6',625,,1197541,40,4,,1,85,,989044,40,4,,1,43,,1197540,40,4,,1,103,,1197542,40,4,,1
26600,'8',625,,1197544,40,4,,1,85,,1197546,40,4,,1,43,,1197543,40,4,,1,103,,1197545,40,4,,1
26600,'9',625,,1197549,40,4,,1,85,,1070476,40,4,,1,43,,1197547,40,4,,1,103,,1197548,40,4,,1
26601,'1',1523,,1197551,1,,,1,90,,1197553,1,,,1,95,,1197550,1,,,1,108,,1197552,1,,,1
26601,'10',1523,,1197555,1,,,1,90,,1197557,1,,,1,95,,1197554,1,,,1,108,,1197556,1,,,1
26601,'11',1523,,1197559,1,,,1,90,,1197561,1,,,1,95,,1197558,1,,,1,108,,1197560,1,,,1
26601,'12',1523,,1197562,1,,,1,90,,1197564,1,,,1,95,,1100692,1,,,1,108,,1197563,1,,,1
26601,'14',1523,,1197566,1,,,1,90,,1197568,1,,,1,95,,1197565,1,,,1,108,,1197567,1,,,1
26601,'15',1523,,1197570,1,,,1,90,,1197569,1,,,1,95,,1197572,1,,,1,108,,1197571,1,,,1
26601,'16',1523,,1197573,1,,,1,90,,1197576,1,,,1,95,,1197574,1,,,1,108,,1197575,1,,,1
26601,'5',1523,,1197578,1,,,1,90,,1197580,1,,,1,95,,1197577,1,,,1,108,,1197579,1,,,1
26601,'6',1523,,1197581,1,,,1,90,,1197584,1,,,1,95,,1197582,1,,,1,108,,1197583,1,,,1
26601,'8',1523,,1197585,1,,,1,90,,1197588,1,,,1,95,,1197586,1,,,1,108,,1197587,1,,,1
26601,'9',1523,,1197590,1,,,1,90,,1197592,1,,,1,95,,1197589,1,,,1,108,,1197591,1,,,1
27500,'1',632,,1197595,35,4,,1,68,,1197596,35,4,,1,32,,1197594,35,4,,1,25,,999104,35,4,,1,75,,1197597,35,4,,1,85,,1197593,35,4,,1
27500,'10',632,,1197600,35,4,,1,68,,1197601,35,4,,1,32,,1197599,35,4,,1,25,,999184,35,4,,1,75,,1197602,35,4,,1,85,,1197598,35,4,,1
27500,'11',632,,1197605,35,4,,1,68,,1197606,35,4,,1,32,,1197604,35,4,,1,25,,999082,35,4,,1,75,,1197607,35,4,,1,85,,1197603,35,4,,1
27500,'12',632,,1197609,35,4,,1,68,,1197608,35,4,,1,32,,1197611,35,4,,1,25,,1197610,35,4,,1,75,,1197613,35,4,,1,85,,1197612,35,4,,1
27500,'14',632,,1197617,35,4,,1,68,,1197618,35,4,,1,32,,1197616,35,4,,1,25,,1197615,35,4,,1,75,,1197619,35,4,,1,85,,1197614,35,4,,1
27500,'15',632,,1197621,35,4,,1,68,,1197623,35,4,,1,32,,1197620,35,4,,1,25,,1197624,35,4,,1,75,,1197625,35,4,,1,85,,1197622,35,4,,1
27500,'16',632,,1197627,35,4,,1,68,,1197626,35,4,,1,32,,1197629,35,4,,1,25,,1197628,35,4,,1,75,,1197631,35,4,,1,85,,1197630,35,4,,1
27500,'5',632,,1197634,35,4,,1,68,,1197635,35,4,,1,32,,1197633,35,4,,1,25,,998945,35,4,,1,75,,1197636,35,4,,1,85,,1197632,35,4,,1
27500,'6',632,,1035674,35,4,,1,68,,1050602,35,4,,1,32,,1197638,35,4,,1,25,,1197637,35,4,,1,75,,1197640,35,4,,1,85,,1197639,35,4,,1
27500,'8',632,,1197642,35,4,,1,68,,1197641,35,4,,1,32,,1197644,35,4,,1,25,,1197643,35,4,,1,75,,1197646,35,4,,1,85,,1197645,35,4,,1
27500,'9',632,,1197649,35,4,,1,68,,1197650,35,4,,1,32,,1197648,35,4,,1,25,,999126,35,4,,1,75,,1197651,35,4,,1,85,,1197647,35,4,,1
27501,'1',1452,,1197658,1,,,1,68,,1197653,1,,,1,32,,1197655,1,,,1,70,,1197657,1,,,1,30,,1197652,1,,,1,70,,1197654,1,,,1,32,,1197656,1,,,1
27501,'10',1452,,1197665,1,,,1,68,,1197660,1,,,1,32,,1197662,1,,,1,70,,1197664,1,,,1,30,,1197659,1,,,1,70,,1197661,1,,,1,32,,1197663,1,,,1
27501,'11',1452,,1197672,1,,,1,68,,1197667,1,,,1,32,,1197669,1,,,1,70,,1197671,1,,,1,30,,1197666,1,,,1,70,,1197668,1,,,1,32,,1197670,1,,,1
27501,'12',1452,,1197678,1,,,1,68,,1197675,1,,,1,32,,1197674,1,,,1,70,,1197673,1,,,1,30,,1197679,1,,,1,70,,1197676,1,,,1,32,,1197677,1,,,1
27501,'14',1452,,1197686,1,,,1,68,,1197681,1,,,1,32,,1197683,1,,,1,70,,1197685,1,,,1,30,,1197680,1,,,1,70,,1197682,1,,,1,32,,1197684,1,,,1
27501,'15',1452,,1197692,1,,,1,68,,1197691,1,,,1,32,,1197687,1,,,1,70,,1197689,1,,,1,30,,1197690,1,,,1,70,,1197688,1,,,1,32,,1197693,1,,,1
27501,'16',1452,,1197699,1,,,1,68,,1197696,1,,,1,32,,1197695,1,,,1,70,,1197694,1,,,1,30,,1197700,1,,,1,70,,1197697,1,,,1,32,,1197698,1,,,1
27501,'5',1452,,1197707,1,,,1,68,,1197702,1,,,1,32,,1197704,1,,,1,70,,1197706,1,,,1,30,,1197701,1,,,1,70,,1197703,1,,,1,32,,1197705,1,,,1
27501,'6',1452,,1197712,1,,,1,68,,1197709,1,,,1,32,,1197708,1,,,1,70,,994387,1,,,1,30,,1055033,1,,,1,70,,1197710,1,,,1,32,,1197711,1,,,1
27501,'8',1452,,1197718,1,,,1,68,,1197715,1,,,1,32,,1197714,1,,,1,70,,1197713,1,,,1,30,,1197719,1,,,1,70,,1197716,1,,,1,32,,1197717,1,,,1
27501,'9',1452,,1197726,1,,,1,68,,1197721,1,,,1,32,,1197723,1,,,1,70,,1197725,1,,,1,30,,1197720,1,,,1,70,,1197722,1,,,1,32,,1197724,1,,,1
27700,'1',641,,1197728,29,4,,1,72,,1197730,29,4,,1,30,,1197727,29,4,,1,72,,1079553,29,4,,1,31,,1197731,29,4,,1,83,,1197729,29,4,,1
27700,'10',641,,1197733,29,4,,1,72,,1197735,29,4,,1,30,,1197732,29,4,,1,72,,1079361,29,4,,1,31,,1197736,29,4,,1,83,,1197734,29,4,,1
27700,'11',641,,1197738,29,4,,1,72,,1197740,29,4,,1,30,,1197737,29,4,,1,72,,1079612,29,4,,1,31,,1197741,29,4,,1,83,,1197739,29,4,,1
27700,'12',641,,1197746,29,4,,1,72,,1197744,29,4,,1,30,,1197742,29,4,,1,72,,1197743,29,4,,1,31,,1197745,29,4,,1,83,,1197747,29,4,,1
27700,'14',641,,1197750,29,4,,1,72,,1197752,29,4,,1,30,,1197748,29,4,,1,72,,1197749,29,4,,1,31,,1197753,29,4,,1,83,,1197751,29,4,,1
27700,'15',641,,1197758,29,4,,1,72,,1197754,29,4,,1,30,,1197759,29,4,,1,72,,1197756,29,4,,1,31,,1197757,29,4,,1,83,,1197755,29,4,,1
27700,'16',641,,1197763,29,4,,1,72,,1197762,29,4,,1,30,,1197760,29,4,,1,72,,1197761,29,4,,1,31,,1083249,29,4,,1,83,,1197764,29,4,,1
27700,'5',641,,1197766,29,4,,1,72,,1197768,29,4,,1,30,,1197765,29,4,,1,72,,1079519,29,4,,1,31,,1197769,29,4,,1,83,,1197767,29,4,,1
27700,'6',641,,1197774,29,4,,1,72,,1197772,29,4,,1,30,,1197770,29,4,,1,72,,1197771,29,4,,1,31,,1197773,29,4,,1,83,,1197775,29,4,,1
27700,'8',641,,1197780,29,4,,1,72,,1197778,29,4,,1,30,,1197776,29,4,,1,72,,1197777,29,4,,1,31,,1197779,29,4,,1,83,,1197781,29,4,,1
27700,'9',641,,1197783,29,4,,1,72,,1197785,29,4,,1,30,,1197782,29,4,,1,72,,1079420,29,4,,1,31,,1197786,29,4,,1,83,,1197784,29,4,,1
27701,'1',1458,,1067383,1,,,1,71,,1068872,1,,,1,71,,1197789,1,,,1,29,,1197788,1,,,1,30,,1197791,1,,,1,70,,1197787,1,,,1,30,,1197790,1,,,1
27701,'10',1458,,1067091,1,,,1,71,,1068727,1,,,1,71,,1197794,1,,,1,29,,1197793,1,,,1,30,,1197796,1,,,1,70,,1197792,1,,,1,30,,1197795,1,,,1
27701,'11',1458,,1067465,1,,,1,71,,1068914,1,,,1,71,,1197799,1,,,1,29,,1197798,1,,,1,30,,1197801,1,,,1,70,,1197797,1,,,1,30,,1197800,1,,,1
27701,'12',1458,,1197804,1,,,1,71,,1197803,1,,,1,71,,1197806,1,,,1,29,,1197802,1,,,1,30,,1027628,1,,,1,70,,1197807,1,,,1,30,,1197805,1,,,1
27701,'14',1458,,1197809,1,,,1,71,,1197808,1,,,1,71,,1197812,1,,,1,29,,1197811,1,,,1,30,,1197814,1,,,1,70,,1197810,1,,,1,30,,1197813,1,,,1
27701,'15',1458,,1197816,1,,,1,71,,1197817,1,,,1,71,,1197818,1,,,1,29,,1197819,1,,,1,30,,1197821,1,,,1,70,,1197815,1,,,1,30,,1197820,1,,,1
27701,'16',1458,,1197825,1,,,1,71,,1197824,1,,,1,71,,1197827,1,,,1,29,,1197823,1,,,1,30,,1197822,1,,,1,70,,1197828,1,,,1,30,,1197826,1,,,1
27701,'5',1458,,1067342,1,,,1,71,,1068852,1,,,1,71,,1197831,1,,,1,29,,1197830,1,,,1,30,,1197833,1,,,1,70,,1197829,1,,,1,30,,1197832,1,,,1
27701,'6',1458,,1197837,1,,,1,71,,1197836,1,,,1,71,,1197839,1,,,1,29,,1197835,1,,,1,30,,1197834,1,,,1,70,,1197840,1,,,1,30,,1197838,1,,,1
27701,'8',1458,,1197844,1,,,1,71,,1197843,1,,,1,71,,1197846,1,,,1,29,,1197842,1,,,1,30,,1197841,1,,,1,70,,1197847,1,,,1,30,,1197845,1,,,1
27701,'9',1458,,1067183,1,,,1,71,,1068770,1,,,1,71,,1197850,1,,,1,29,,1197849,1,,,1,30,,1197852,1,,,1,70,,1197848,1,,,1,30,,1197851,1,,,1
27900,'1',708,,1100962,45,4,,1,104,,1197853,45,4,,1,101,,1197854,45,4,,1
27900,'10',708,,1100801,45,4,,1,104,,1197855,45,4,,1,101,,1197856,45,4,,1
27900,'11',708,,1100999,45,4,,1,104,,1197857,45,4,,1,101,,1197858,45,4,,1
27900,'12',708,,1197861,45,4,,1,104,,1197860,45,4,,1,101,,1197859,45,4,,1
27900,'14',708,,1197862,45,4,,1,104,,1197863,45,4,,1,101,,1197864,45,4,,1
27900,'15',708,,1197865,45,4,,1,104,,1197866,45,4,,1,101,,1197867,45,4,,1
27900,'16',708,,1197869,45,4,,1,104,,1197868,45,4,,1,101,,1078738,45,4,,1
27900,'5',708,,1100940,45,4,,1,104,,1197870,45,4,,1,101,,1197871,45,4,,1
27900,'6',708,,1197874,45,4,,1,104,,1197873,45,4,,1,101,,1197872,45,4,,1
27900,'8',708,,1197877,45,4,,1,104,,1197876,45,4,,1,101,,1197875,45,4,,1
27900,'9',708,,1100849,45,4,,1,104,,1197878,45,4,,1,101,,1197879,45,4,,1
27901,'1',1511,,1197883,1,,,1,102,,1197880,1,,,1,100,,1197881,1,,,1,99,,1197882,1,,,1
27901,'10',1511,,1197887,1,,,1,102,,1197884,1,,,1,100,,1197885,1,,,1,99,,1197886,1,,,1
27901,'11',1511,,1197891,1,,,1,102,,1197888,1,,,1,100,,1197889,1,,,1,99,,1197890,1,,,1
27901,'12',1511,,1085958,1,,,1,102,,1036342,1,,,1,100,,1197893,1,,,1,99,,1197892,1,,,1
27901,'14',1511,,1197897,1,,,1,102,,1197894,1,,,1,100,,1197895,1,,,1,99,,1197896,1,,,1
27901,'15',1511,,1197899,1,,,1,102,,1197900,1,,,1,100,,1197901,1,,,1,99,,1197898,1,,,1
27901,'16',1511,,1197905,1,,,1,102,,1197903,1,,,1,100,,1197904,1,,,1,99,,1197902,1,,,1
27901,'5',1511,,1197909,1,,,1,102,,1197906,1,,,1,100,,1197907,1,,,1,99,,1197908,1,,,1
27901,'6',1511,,1197912,1,,,1,102,,1197910,1,,,1,100,,1197911,1,,,1,99,,1025203,1,,,1
27901,'8',1511,,1197916,1,,,1,102,,1197914,1,,,1,100,,1197915,1,,,1,99,,1197913,1,,,1
27901,'9',1511,,1197920,1,,,1,102,,1197917,1,,,1,100,,1197918,1,,,1,99,,1197919,1,,,1
40400,'14',1717,,1198201,1,,,1,20,,1198203,1,,,1,9,,1198202,1,,,1,9,,1198204,1,,,1
40400,'15',1717,,1198205,1,,,1,16,,1198206,1,,,1,17,,1198207,1,,,1
56100,'1',1646,,1198420,13,,,1
56100,'10',1646,,1198421,13,,,1
56100,'11',1646,,1198422,13,,,1
56100,'12',1646,,1198423,13,,,1
56100,'14',1646,,1198424,13,,,1
56100,'15',1646,,1198425,13,,,1
56100,'16',1646,,1198426,13,,,1
56100,'5',1646,,1198427,13,,,1
56100,'6',1646,,1198428,13,,,1
56100,'8',1646,,1198429,13,,,1
56100,'9',1646,,1198430,13,,,1
56101,'1',801,,1198431,5,4,,1
56101,'10',801,,1198432,5,4,,1
56101,'11',801,,1198433,5,4,,1
56101,'12',801,,1198434,5,4,,1
56101,'14',801,,1198435,5,4,,1
56101,'15',801,,1198436,5,4,,1
56101,'16',801,,1198437,5,4,,1
56101,'5',801,,1198438,5,4,,1
56101,'6',801,,1198439,5,4,,1
56101,'8',801,,1198440,5,4,,1
56101,'9',801,,1198441,5,4,,1
56200,'1',813,,1076315,5,4,,1
56200,'10',813,,1076104,5,4,,1
56200,'11',813,,1076380,5,4,,1
56200,'12',813,,1198442,5,4,,1
56200,'14',813,,1198443,5,4,,1
56200,'15',813,,1198444,5,4,,1
56200,'16',813,,1198445,5,4,,1
56200,'5',813,,1076279,5,4,,1
56200,'6',813,,1010747,5,4,,1
56200,'8',813,,1198446,5,4,,1
56200,'9',813,,1076168,5,4,,1
56201,'1',1532,,1198447,14,,,1
56201,'10',1532,,1198448,14,,,1
56201,'11',1532,,1198449,14,,,1
56201,'12',1532,,1198450,14,,,1
56201,'14',1532,,1198451,14,,,1
56201,'15',1532,,1198452,14,,,1
56201,'16',1532,,1198453,14,,,1
56201,'5',1532,,1198454,14,,,1
56201,'6',1532,,1198455,14,,,1
56201,'8',1532,,1198456,14,,,1
56201,'9',1532,,1198457,14,,,1
56300,'1',730,,1198458,20,4,,1
56300,'10',730,,1198459,20,4,,1
56300,'11',730,,1198460,20,4,,1
56300,'12',730,,1198461,20,4,,1
56300,'14',730,,1198462,20,4,,1
56300,'15',730,,1198463,20,4,,1
56300,'16',730,,1198464,20,4,,1
56300,'5',730,,1198465,20,4,,1
56300,'6',730,,1068479,20,4,,1
56300,'8',730,,1198466,20,4,,1
56300,'9',730,,1198467,20,4,,1
56301,'1',1606,,1198468,14,,,1
56301,'10',1606,,1198469,14,,,1
56301,'11',1606,,1198470,14,,,1
56301,'12',1606,,1198471,14,,,1
56301,'14',1606,,1198472,14,,,1
56301,'15',1606,,1198473,14,,,1
56301,'16',1606,,1198474,14,,,1
56301,'5',1606,,1198475,14,,,1
56301,'6',1606,,963477,14,,,1
56301,'8',1606,,1198476,14,,,1
56301,'9',1606,,1198477,14,,,1
56600,'1',544,,1198523,1,0,77 78,1,8,,1198528,1,0,77 78,1,59,,1198529,1,0,77 78,1,10,,1198527,1,0,77 78,1,20,,885669,1,0,77 78,1,10,,1198530,1,0,77 78,1,60,,1198525,1,0,77 78,1,10,,1198524,1,0,77 78,1,18,,1198520,1,0,77 78,1,16,,1198521,1,,,1,51,,1198526,1,,,1,25,,1198522,1,,,1
56600,'10',544,,1198534,1,0,77 78,1,8,,1198539,1,0,77 78,1,59,,1198540,1,0,77 78,1,10,,1198538,1,0,77 78,1,20,,885711,1,0,77 78,1,10,,1198541,1,0,77 78,1,60,,1198536,1,0,77 78,1,10,,1198535,1,0,77 78,1,18,,1198531,1,0,77 78,1,16,,1198532,1,,,1,51,,1198537,1,,,1,25,,1198533,1,,,1
56600,'11',544,,1198545,1,0,77 78,1,8,,1198550,1,0,77 78,1,59,,1198551,1,0,77 78,1,10,,1198549,1,0,77 78,1,20,,885525,1,0,77 78,1,10,,1198552,1,0,77 78,1,60,,1198547,1,0,77 78,1,10,,1198546,1,0,77 78,1,18,,1198542,1,0,77 78,1,16,,1198543,1,,,1,51,,1198548,1,,,1,25,,1198544,1,,,1
56600,'12',544,,1198554,1,0,77 78,1,8,,1198559,1,0,77 78,1,59,,1198558,1,0,77 78,1,10,,1198561,1,0,77 78,1,20,,1198553,1,0,77 78,1,10,,1198557,1,0,77 78,1,60,,1198556,1,0,77 78,1,10,,1198562,1,0,77 78,1,18,,1198560,1,0,77 78,1,16,,1002233,1,,,1,51,,1198563,1,,,1,25,,1198555,1,,,1
56600,'14',544,,1198567,1,0,77 78,1,8,,1198572,1,0,77 78,1,59,,1198574,1,0,77 78,1,10,,1198571,1,0,77 78,1,20,,1198573,1,0,77 78,1,10,,1198575,1,0,77 78,1,60,,1198569,1,0,77 78,1,10,,1198568,1,0,77 78,1,18,,1198564,1,0,77 78,1,16,,1198565,1,,,1,51,,1198570,1,,,1,25,,1198566,1,,,1
56600,'15',544,,1198576,1,0,77 78,1,8,,1198579,1,0,77 78,1,59,,1198586,1,0,77 78,1,10,,1198587,1,0,77 78,1,20,,1198577,1,0,77 78,1,10,,1198582,1,0,77 78,1,60,,1198585,1,0,77 78,1,10,,1198580,1,0,77 78,1,18,,1198584,1,0,77 78,1,16,,1198581,1,,,1,51,,1198578,1,,,1,25,,1198583,1,,,1
56600,'16',544,,1091320,1,0,77 78,1,8,,1198594,1,0,77 78,1,59,,1198593,1,0,77 78,1,10,,1198596,1,0,77 78,1,20,,1198588,1,0,77 78,1,10,,1198592,1,0,77 78,1,60,,1198591,1,0,77 78,1,10,,1198597,1,0,77 78,1,18,,1198595,1,0,77 78,1,16,,1198589,1,,,1,51,,1198598,1,,,1,25,,1198590,1,,,1
56600,'5',544,,1198602,1,0,77 78,1,8,,1198607,1,0,77 78,1,59,,1198608,1,0,77 78,1,10,,1198606,1,0,77 78,1,20,,885901,1,0,77 78,1,10,,1198609,1,0,77 78,1,60,,1198604,1,0,77 78,1,10,,1198603,1,0,77 78,1,18,,1198599,1,0,77 78,1,16,,1198600,1,,,1,51,,1198605,1,,,1,25,,1198601,1,,,1
56600,'6',544,,1198610,1,0,77 78,1,8,,1198616,1,0,77 78,1,59,,1198615,1,0,77 78,1,10,,1198618,1,0,77 78,1,20,,1070672,1,0,77 78,1,10,,1198614,1,0,77 78,1,60,,1198613,1,0,77 78,1,10,,1056522,1,0,77 78,1,18,,1198617,1,0,77 78,1,16,,1198611,1,,,1,51,,1071383,1,,,1,25,,1198612,1,,,1
56600,'8',544,,1198620,1,0,77 78,1,8,,1198626,1,0,77 78,1,59,,1198625,1,0,77 78,1,10,,1198628,1,0,77 78,1,20,,1198619,1,0,77 78,1,10,,1198624,1,0,77 78,1,60,,1198623,1,0,77 78,1,10,,1198629,1,0,77 78,1,18,,1198627,1,0,77 78,1,16,,1198621,1,,,1,51,,1198630,1,,,1,25,,1198622,1,,,1
56600,'9',544,,1198634,1,0,77 78,1,8,,1198639,1,0,77 78,1,59,,1198640,1,0,77 78,1,10,,1198638,1,0,77 78,1,20,,885753,1,0,77 78,1,10,,1198641,1,0,77 78,1,60,,1198636,1,0,77 78,1,10,,1198635,1,0,77 78,1,18,,1198631,1,0,77 78,1,16,,1198632,1,,,1,51,,1198637,1,,,1,25,,1198633,1,,,1
56601,'1',1459,,1198645,4,4,,1,51,,1198646,4,4,,1,20,,1198648,4,4,,1,10,,1064094,4,4,,1,60,,1198643,4,4,,1,10,,1198642,4,4,,1,21,,1198652,4,4,,1,10,,1198649,4,4,,1,60,,1198651,4,4,,1,10,,1198647,4,4,,1,18,,1198650,4,4,,1,10,,1198644,4,4,,1,12,,1100413,4,4,,1,53,,1198653,4,4,,1,28,,1065153,4,4,,1
56601,'10',1459,,1198657,4,4,,1,51,,1198658,4,4,,1,20,,1198660,4,4,,1,10,,1063781,4,4,,1,60,,1198655,4,4,,1,10,,1198654,4,4,,1,21,,1198664,4,4,,1,10,,1198661,4,4,,1,60,,1198663,4,4,,1,10,,1198659,4,4,,1,18,,1198662,4,4,,1,10,,1198656,4,4,,1,12,,1100328,4,4,,1,53,,1198665,4,4,,1,28,,1065003,4,4,,1
56601,'11',1459,,1198669,4,4,,1,51,,1198670,4,4,,1,20,,1198672,4,4,,1,10,,1064187,4,4,,1,60,,1198667,4,4,,1,10,,1198666,4,4,,1,21,,1198676,4,4,,1,10,,1198673,4,4,,1,60,,1198675,4,4,,1,10,,1198671,4,4,,1,18,,1198674,4,4,,1,10,,1198668,4,4,,1,12,,1100437,4,4,,1,53,,1198677,4,4,,1,28,,1065192,4,4,,1
56601,'12',1459,,1198680,4,4,,1,51,,1198679,4,4,,1,20,,1198686,4,4,,1,10,,1198683,4,4,,1,60,,1198678,4,4,,1,10,,1198685,4,4,,1,21,,1198687,4,4,,1,10,,985875,4,4,,1,60,,1198688,4,4,,1,10,,1198690,4,4,,1,18,,1198684,4,4,,1,10,,1198689,4,4,,1,12,,1198691,4,4,,1,53,,1198681,4,4,,1,28,,1198682,4,4,,1
56601,'14',1459,,1198697,4,4,,1,51,,1198698,4,4,,1,20,,1198700,4,4,,1,10,,1198695,4,4,,1,60,,1198693,4,4,,1,10,,1198692,4,4,,1,21,,1198705,4,4,,1,10,,1198701,4,4,,1,60,,1198704,4,4,,1,10,,1198699,4,4,,1,18,,1198702,4,4,,1,10,,1198696,4,4,,1,12,,1198694,4,4,,1,53,,1198706,4,4,,1,28,,1198703,4,4,,1
56601,'15',1459,,1198720,4,4,,1,51,,1198712,4,4,,1,20,,1198710,4,4,,1,10,,1198708,4,4,,1,60,,1198721,4,4,,1,10,,1198709,4,4,,1,21,,1198719,4,4,,1,10,,1198714,4,4,,1,60,,1198716,4,4,,1,10,,1198707,4,4,,1,18,,1198717,4,4,,1,10,,1198715,4,4,,1,12,,1198711,4,4,,1,53,,1198718,4,4,,1,28,,1198713,4,4,,1
56601,'16',1459,,1198724,4,4,,1,51,,1198723,4,4,,1,20,,1198730,4,4,,1,10,,1198727,4,4,,1,60,,1198722,4,4,,1,10,,1198729,4,4,,1,21,,1198731,4,4,,1,10,,1198732,4,4,,1,60,,1051150,4,4,,1,10,,1198734,4,4,,1,18,,1198728,4,4,,1,10,,1198733,4,4,,1,12,,1198735,4,4,,1,53,,1198725,4,4,,1,28,,1198726,4,4,,1
56601,'5',1459,,1198739,4,4,,1,51,,1198740,4,4,,1,20,,1198742,4,4,,1,10,,1064049,4,4,,1,60,,1198737,4,4,,1,10,,1198736,4,4,,1,21,,1198746,4,4,,1,10,,1198743,4,4,,1,60,,1198745,4,4,,1,10,,1198741,4,4,,1,18,,1198744,4,4,,1,10,,1198738,4,4,,1,12,,1100397,4,4,,1,53,,1198747,4,4,,1,28,,1065131,4,4,,1
56601,'6',1459,,1198750,4,4,,1,51,,1198749,4,4,,1,20,,1198754,4,4,,1,10,,1198751,4,4,,1,60,,1198748,4,4,,1,10,,1198753,4,4,,1,21,,1198755,4,4,,1,10,,1198756,4,4,,1,60,,1198757,4,4,,1,10,,1198759,4,4,,1,18,,1198752,4,4,,1,10,,1198758,4,4,,1,12,,1198760,4,4,,1,53,,1020935,4,4,,1,28,,987424,4,4,,1
56601,'8',1459,,1198763,4,4,,1,51,,1198762,4,4,,1,20,,1198769,4,4,,1,10,,1198766,4,4,,1,60,,1198761,4,4,,1,10,,1198768,4,4,,1,21,,1198770,4,4,,1,10,,1198771,4,4,,1,60,,1198772,4,4,,1,10,,1198774,4,4,,1,18,,1198767,4,4,,1,10,,1198773,4,4,,1,12,,1198775,4,4,,1,53,,1198764,4,4,,1,28,,1198765,4,4,,1
56601,'9',1459,,1198779,4,4,,1,51,,1198780,4,4,,1,20,,1198782,4,4,,1,10,,1063878,4,4,,1,60,,1198777,4,4,,1,10,,1198776,4,4,,1,21,,1198786,4,4,,1,10,,1198783,4,4,,1,60,,1198785,4,4,,1,10,,1198781,4,4,,1,18,,1198784,4,4,,1,10,,1198778,4,4,,1,12,,1100356,4,4,,1,53,,1198787,4,4,,1,28,,1065052,4,4,,1
