6000,'1',604,,1152489,2,,,1,30,,1152483,2,,,1,70,,1152493,2,,,1,30,,1152482,2,,,1,71,,1152494,2,,,1,29,,1152486,2,,,1,70,,1152499,2,,,1,30,,1093801,2,,,1,70,,1152481,2,,,1,30,,1152491,2,,,1,68,,1152502,2,,,1,30,,1152508,2,,,1,70,,1152495,2,,,1,30,,1152497,2,,,1,70,,1095917,2,,,1,30,,1152492,2,,,1,70,,1152479,2,,,1,32,,1069595,2,,,1,70,,1152503,2,,,1,30,,1152496,2,,,1,67,,1152490,18,,,1,34,,1152504,18,,,1,70,,1152500,18,,,1,26,,1152484,18,,,1,70,,1152509,18,,,1,30,,1088750,18,,,1,72,,1152505,18,,,1,31,,1152487,2,,,1,70,,1152506,2,,,1,30,,1152501,2,,,1,70,,1152498,2,,,1,30,,1152488,2,,,1,70,,1152507,2,,,1,100,,1152485,2,,,1,100,,1152480,2,,,1
6000,'10',604,,1152520,2,,,1,30,,1152514,2,,,1,70,,1152524,2,,,1,30,,1152513,2,,,1,71,,1152525,2,,,1,29,,1152517,2,,,1,70,,1152530,2,,,1,30,,1093601,2,,,1,70,,1152512,2,,,1,30,,1152522,2,,,1,68,,1152533,2,,,1,30,,1152539,2,,,1,70,,1152526,2,,,1,30,,1152528,2,,,1,70,,1095775,2,,,1,30,,1152523,2,,,1,70,,1152510,2,,,1,32,,1069444,2,,,1,70,,1152534,2,,,1,30,,1152527,2,,,1,67,,1152521,18,,,1,34,,1152535,18,,,1,70,,1152531,18,,,1,26,,1152515,18,,,1,70,,1152540,18,,,1,30,,1088345,18,,,1,72,,1152536,18,,,1,31,,1152518,2,,,1,70,,1152537,2,,,1,30,,1152532,2,,,1,70,,1152529,2,,,1,30,,1152519,2,,,1,70,,1152538,2,,,1,100,,1152516,2,,,1,100,,1152511,2,,,1
6000,'11',604,,1152551,2,,,1,30,,1152545,2,,,1,70,,1152555,2,,,1,30,,1152544,2,,,1,71,,1152556,2,,,1,29,,1152548,2,,,1,70,,1152561,2,,,1,30,,1093861,2,,,1,70,,1152543,2,,,1,30,,1152553,2,,,1,68,,1152564,2,,,1,30,,1152570,2,,,1,70,,1152557,2,,,1,30,,1152559,2,,,1,70,,1095953,2,,,1,30,,1152554,2,,,1,70,,1152541,2,,,1,32,,1069641,2,,,1,70,,1152565,2,,,1,30,,1152558,2,,,1,67,,1152552,18,,,1,34,,1152566,18,,,1,70,,1152562,18,,,1,26,,1152546,18,,,1,70,,1152571,18,,,1,30,,1088871,18,,,1,72,,1152567,18,,,1,31,,1152549,2,,,1,70,,1152568,2,,,1,30,,1152563,2,,,1,70,,1152560,2,,,1,30,,1152550,2,,,1,70,,1152569,2,,,1,100,,1152547,2,,,1,100,,1152542,2,,,1
6000,'12',604,,1043776,2,,,1,30,,1152601,2,,,1,70,,1152598,2,,,1,30,,1070856,2,,,1,71,,1152583,2,,,1,29,,1152581,2,,,1,70,,1152599,2,,,1,30,,1152587,2,,,1,70,,1152574,2,,,1,30,,974829,2,,,1,68,,1152596,2,,,1,30,,1152582,2,,,1,70,,1152577,2,,,1,30,,1152579,2,,,1,70,,1152595,2,,,1,30,,1152575,2,,,1,70,,1152573,2,,,1,32,,1152591,2,,,1,70,,1152593,2,,,1,30,,1152585,2,,,1,67,,1152597,18,,,1,34,,1152600,18,,,1,70,,1152586,18,,,1,26,,1152576,18,,,1,70,,1152572,18,,,1,30,,1152578,18,,,1,72,,1152589,18,,,1,31,,1152584,2,,,1,70,,1152594,2,,,1,30,,1152588,2,,,1,70,,1152590,2,,,1,30,,1152592,2,,,1,70,,1101136,2,,,1,100,,1152580,2,,,1,100,,1152602,2,,,1
6000,'14',604,,1152614,2,,,1,30,,1152608,2,,,1,70,,1152619,2,,,1,30,,1152607,2,,,1,71,,1152620,2,,,1,29,,1152611,2,,,1,70,,1152625,2,,,1,30,,1152615,2,,,1,70,,1152606,2,,,1,30,,1152617,2,,,1,68,,1152628,2,,,1,30,,1152635,2,,,1,70,,1152621,2,,,1,30,,1152623,2,,,1,70,,1152634,2,,,1,30,,1152618,2,,,1,70,,1152603,2,,,1,32,,1152636,2,,,1,70,,1152629,2,,,1,30,,1152622,2,,,1,67,,1152616,18,,,1,34,,1152630,18,,,1,70,,1152626,18,,,1,26,,1152609,18,,,1,70,,1152637,18,,,1,30,,1152604,18,,,1,72,,1152631,18,,,1,31,,1152612,2,,,1,70,,1152632,2,,,1,30,,1152627,2,,,1,70,,1152624,2,,,1,30,,1152613,2,,,1,70,,1152633,2,,,1,100,,1152610,2,,,1,100,,1152605,2,,,1
6000,'15',604,,1152668,2,,,1,30,,1152669,2,,,1,70,,1152639,2,,,1,30,,1152648,2,,,1,71,,1152653,2,,,1,29,,1152661,2,,,1,70,,1152645,2,,,1,30,,1152665,2,,,1,70,,1152667,2,,,1,30,,1152671,2,,,1,68,,1152655,2,,,1,30,,1152646,2,,,1,70,,1152650,2,,,1,30,,1152664,2,,,1,70,,1152640,2,,,1,30,,1152660,2,,,1,70,,1152672,2,,,1,32,,1152652,2,,,1,70,,1152642,2,,,1,30,,1152647,2,,,1,67,,1152657,18,,,1,34,,1152651,18,,,1,70,,1152641,18,,,1,26,,1152654,18,,,1,70,,1152643,18,,,1,30,,1152670,18,,,1,72,,1152666,18,,,1,31,,1152663,2,,,1,70,,1152656,2,,,1,30,,1152638,2,,,1,70,,1152644,2,,,1,30,,1152649,2,,,1,70,,1152662,2,,,1,100,,1152659,2,,,1,100,,1152658,2,,,1
6000,'16',604,,1152680,2,,,1,30,,1152704,2,,,1,70,,1152700,2,,,1,30,,1152674,2,,,1,71,,1152685,2,,,1,29,,1152683,2,,,1,70,,1152701,2,,,1,30,,1152689,2,,,1,70,,1152676,2,,,1,30,,1152702,2,,,1,68,,1152698,2,,,1,30,,1152684,2,,,1,70,,1152678,2,,,1,30,,1152681,2,,,1,70,,1152697,2,,,1,30,,1152677,2,,,1,70,,1152675,2,,,1,32,,1152693,2,,,1,70,,1152695,2,,,1,30,,1152687,2,,,1,67,,1152699,18,,,1,34,,1152703,18,,,1,70,,1152688,18,,,1,26,,1097879,18,,,1,70,,1063141,18,,,1,30,,1152679,18,,,1,72,,1152691,18,,,1,31,,1152686,2,,,1,70,,1152696,2,,,1,30,,1152690,2,,,1,70,,1152692,2,,,1,30,,1152694,2,,,1,70,,1152673,2,,,1,100,,1152682,2,,,1,100,,1152705,2,,,1
6000,'5',604,,1152716,2,,,1,30,,1152710,2,,,1,70,,1152720,2,,,1,30,,1152709,2,,,1,71,,1152721,2,,,1,29,,1152713,2,,,1,70,,1152726,2,,,1,30,,1093766,2,,,1,70,,1152708,2,,,1,30,,1152718,2,,,1,68,,1152729,2,,,1,30,,1152735,2,,,1,70,,1152722,2,,,1,30,,1152724,2,,,1,70,,1095898,2,,,1,30,,1152719,2,,,1,70,,1152706,2,,,1,32,,1069572,2,,,1,70,,1152730,2,,,1,30,,1152723,2,,,1,67,,1152717,18,,,1,34,,1152731,18,,,1,70,,1152727,18,,,1,26,,1152711,18,,,1,70,,1152736,18,,,1,30,,1088686,18,,,1,72,,1152732,18,,,1,31,,1152714,2,,,1,70,,1152733,2,,,1,30,,1152728,2,,,1,70,,1152725,2,,,1,30,,1152715,2,,,1,70,,1152734,2,,,1,100,,1152712,2,,,1,100,,1152707,2,,,1
6000,'6',604,,1152742,2,,,1,30,,1086186,2,,,1,70,,1152761,2,,,1,30,,1152738,2,,,1,71,,1152747,2,,,1,29,,1152745,2,,,1,70,,1152762,2,,,1,30,,1152751,2,,,1,70,,1067511,2,,,1,30,,1152763,2,,,1,68,,1152759,2,,,1,30,,1152746,2,,,1,70,,1101030,2,,,1,30,,1152743,2,,,1,70,,1152758,2,,,1,30,,1056867,2,,,1,70,,1152740,2,,,1,32,,1089305,2,,,1,70,,1152756,2,,,1,30,,1152749,2,,,1,67,,1152760,18,,,1,34,,1064760,18,,,1,70,,1152750,18,,,1,26,,1152741,18,,,1,70,,1152739,18,,,1,30,,919585,18,,,1,72,,1152753,18,,,1,31,,1152748,2,,,1,70,,1152757,2,,,1,30,,1152752,2,,,1,70,,1152754,2,,,1,30,,1152755,2,,,1,70,,1152737,2,,,1,100,,1152744,2,,,1,100,,1071384,2,,,1
6000,'8',604,,1152773,2,,,1,30,,1152797,2,,,1,70,,1152793,2,,,1,30,,1152765,2,,,1,71,,1152778,2,,,1,29,,1152776,2,,,1,70,,1152794,2,,,1,30,,1152782,2,,,1,70,,1152768,2,,,1,30,,1152795,2,,,1,68,,1152791,2,,,1,30,,1152777,2,,,1,70,,1152771,2,,,1,30,,1152774,2,,,1,70,,1152790,2,,,1,30,,1152769,2,,,1,70,,1152767,2,,,1,32,,1152786,2,,,1,70,,1152788,2,,,1,30,,1152780,2,,,1,67,,1152792,18,,,1,34,,1152796,18,,,1,70,,1152781,18,,,1,26,,1152770,18,,,1,70,,1152766,18,,,1,30,,1152772,18,,,1,72,,1152784,18,,,1,31,,1152779,2,,,1,70,,1152789,2,,,1,30,,1152783,2,,,1,70,,1152785,2,,,1,30,,1152787,2,,,1,70,,1152764,2,,,1,100,,1152775,2,,,1,100,,1152798,2,,,1
6000,'9',604,,1152809,2,,,1,30,,1152803,2,,,1,70,,1152813,2,,,1,30,,1152802,2,,,1,71,,1152814,2,,,1,29,,1152806,2,,,1,70,,1152819,2,,,1,30,,1093657,2,,,1,70,,1152801,2,,,1,30,,1152811,2,,,1,68,,1152822,2,,,1,30,,1152828,2,,,1,70,,1152815,2,,,1,30,,1152817,2,,,1,70,,1095816,2,,,1,30,,1152812,2,,,1,70,,1152799,2,,,1,32,,1069492,2,,,1,70,,1152823,2,,,1,30,,1152816,2,,,1,67,,1152810,18,,,1,34,,1152824,18,,,1,70,,1152820,18,,,1,26,,1152804,18,,,1,70,,1152829,18,,,1,30,,1088471,18,,,1,72,,1152825,18,,,1,31,,1152807,2,,,1,70,,1152826,2,,,1,30,,1152821,2,,,1,70,,1152818,2,,,1,30,,1152808,2,,,1,70,,1152827,2,,,1,100,,1152805,2,,,1,100,,1152800,2,,,1
6001,'1',548,,1152832,30,,,1,103,,1021834,30,,,1,70,,1152852,30,,,1,29,,1152837,30,,,1,71,,1152840,30,,,1
6001,'10',548,,1152862,30,,,1,103,,1022003,30,,,1,70,,1152882,30,,,1,29,,1152867,30,,,1,71,,1152870,30,,,1
6001,'11',548,,1152892,30,,,1,103,,1021786,30,,,1,70,,1152912,30,,,1,29,,1152897,30,,,1,71,,1152900,30,,,1
6001,'12',548,,1152948,30,,,1,103,,1152937,30,,,1,70,,1152949,30,,,1,29,,1152929,30,,,1,71,,1152946,30,,,1
6001,'14',548,,1152961,30,,,1,103,,1152982,30,,,1,70,,1152981,30,,,1,29,,1152966,30,,,1,71,,1152969,30,,,1
6001,'15',548,,1153004,30,,,1,103,,1153020,30,,,1,70,,1152996,30,,,1,29,,1153019,30,,,1,71,,1153008,30,,,1
6001,'16',548,,1153049,30,,,1,103,,1153039,30,,,1,70,,1153050,30,,,1,29,,1153031,30,,,1,71,,1153047,30,,,1
6001,'5',548,,1153057,30,,,1,103,,1021541,30,,,1,70,,1153077,30,,,1,29,,1153062,30,,,1,71,,1153065,30,,,1
6001,'6',548,,1153108,30,,,1,103,,1153097,30,,,1,70,,1153109,30,,,1,29,,1153091,30,,,1,71,,1153106,30,,,1
6001,'8',548,,1153142,30,,,1,103,,1153131,30,,,1,70,,1153143,30,,,1,29,,1153123,30,,,1,71,,1153140,30,,,1
6001,'9',548,,1153151,30,,,1,103,,1021882,30,,,1,70,,1153171,30,,,1,29,,1153156,30,,,1,71,,1153159,30,,,1
6100,'1',354,,1153219,2,,,1,70,,1153188,2,0,15 16,1,30,,1153226,2,0,15 16,1,69,,1153181,2,0,15 16,1,89,,1086974,41,0,15 16,1,32,,1153201,41,0,15 16,1,69,,1153195,41,0,15 16,1,10,,1153190,2,0,15 16,1,22,,1153211,41,0,15 16,1,7,,1153213,2,0,15 16,1,66,,1087226,41,0,15 16,1,4,,1153227,2,0,15 16,1,27,,1153220,41,0,15 16,1,64,,1100033,2,0,15 16,1,6,,1153208,41,0,15 16,1,15,,1153206,2,0,15 16,1,14,,1153187,41,0,15 16,1,56,,1101511,2,0,15 16,1,14,,1153222,41,0,15 16,1,15,,1153179,2,0,15 16,1,14,,1078304,41,0,15 16,1,55,,1153183,2,0,15 16,1,13,,1153203,41,0,15 16,1,16,,1153196,2,0,15 16,1,12,,1153184,41,0,15 16,1,57,,1153193,2,0,15 16,1,15,,1153186,41,0,15 16,1,16,,1153224,2,0,15 16,1,13,,1153194,41,0,15 16,1,57,,1153209,2,0,15 16,1,15,,1065804,41,0,15 16,1,17,,1153207,2,0,15 16,1,13,,1153217,41,0,15 16,1,59,,1153197,2,0,15 16,1,12,,1153202,41,0,15 16,1,31,,1097847,41,0,15 16,1,73,,1153198,41,0,15 16,1,31,,1153225,41,0,15 16,1,72,,1057018,41,0,15 16,1,32,,1153185,41,0,15 16,1,71,,1153191,41,0,15 16,1,30,,1153180,41,0,15 16,1,69,,1153223,41,0,15 16,1,27,,1078724,41,0,15 16,1,65,,1153216,41,0,15 16,1,28,,1153214,41,0,15 16,1,66,,1095229,41,0,15 16,1,27,,1153210,41,0,15 16,1,69,,1153182,41,0,15 16,1,31,,1078286,41,0,15 16,1,69,,1153212,41,0,15 16,1,29,,1153192,41,0,15 16,1,70,,1153189,41,0,15 16,1,30,,1153199,41,0,15 16,1,74,,1153218,41,0,15 16,1,30,,1153205,41,,,1,72,,1153204,2,,,1,30,,1153200,2,,,1,70,,1153221,2,,,1,28,,1153215,2,,,1
6100,'10',354,,1153268,2,,,1,70,,1153237,2,0,15 16,1,30,,1153275,2,0,15 16,1,69,,1153230,2,0,15 16,1,89,,1086917,41,0,15 16,1,32,,1153250,41,0,15 16,1,69,,1153244,41,0,15 16,1,10,,1153239,2,0,15 16,1,22,,1153260,41,0,15 16,1,7,,1153262,2,0,15 16,1,66,,1087035,41,0,15 16,1,4,,1153276,2,0,15 16,1,27,,1153269,41,0,15 16,1,64,,1099889,2,0,15 16,1,6,,1153257,41,0,15 16,1,15,,1153255,2,0,15 16,1,14,,1153236,41,0,15 16,1,56,,1101508,2,0,15 16,1,14,,1153271,41,0,15 16,1,15,,1153228,2,0,15 16,1,14,,1078092,41,0,15 16,1,55,,1153232,2,0,15 16,1,13,,1153252,41,0,15 16,1,16,,1153245,2,0,15 16,1,12,,1153233,41,0,15 16,1,57,,1153242,2,0,15 16,1,15,,1153235,41,0,15 16,1,16,,1153273,2,0,15 16,1,13,,1153243,41,0,15 16,1,57,,1153258,2,0,15 16,1,15,,1065600,41,0,15 16,1,17,,1153256,2,0,15 16,1,13,,1153266,41,0,15 16,1,59,,1153246,2,0,15 16,1,12,,1153251,41,0,15 16,1,31,,1097623,41,0,15 16,1,73,,1153247,41,0,15 16,1,31,,1153274,41,0,15 16,1,72,,1057114,41,0,15 16,1,32,,1153234,41,0,15 16,1,71,,1153240,41,0,15 16,1,30,,1153229,41,0,15 16,1,69,,1153272,41,0,15 16,1,27,,1078460,41,0,15 16,1,65,,1153265,41,0,15 16,1,28,,1153263,41,0,15 16,1,66,,1094983,41,0,15 16,1,27,,1153259,41,0,15 16,1,69,,1153231,41,0,15 16,1,31,,1078074,41,0,15 16,1,69,,1153261,41,0,15 16,1,29,,1153241,41,0,15 16,1,70,,1153238,41,0,15 16,1,30,,1153248,41,0,15 16,1,74,,1153267,41,0,15 16,1,30,,1153254,41,,,1,72,,1153253,2,,,1,30,,1153249,2,,,1,70,,1153270,2,,,1,28,,1153264,2,,,1
6100,'11',354,,1153317,2,,,1,70,,1153286,2,0,15 16,1,30,,1153324,2,0,15 16,1,69,,1153279,2,0,15 16,1,89,,1086993,41,0,15 16,1,32,,1153299,41,0,15 16,1,69,,1153293,41,0,15 16,1,10,,1153288,2,0,15 16,1,22,,1153309,41,0,15 16,1,7,,1153311,2,0,15 16,1,66,,1087281,41,0,15 16,1,4,,1153325,2,0,15 16,1,27,,1153318,41,0,15 16,1,64,,1100077,2,0,15 16,1,6,,1153306,41,0,15 16,1,15,,1153304,2,0,15 16,1,14,,1153285,41,0,15 16,1,56,,1101512,2,0,15 16,1,14,,1153320,41,0,15 16,1,15,,1153277,2,0,15 16,1,14,,1078366,41,0,15 16,1,55,,1153281,2,0,15 16,1,13,,1153301,41,0,15 16,1,16,,1153294,2,0,15 16,1,12,,1153282,41,0,15 16,1,57,,1153291,2,0,15 16,1,15,,1153284,41,0,15 16,1,16,,1153322,2,0,15 16,1,13,,1153292,41,0,15 16,1,57,,1153307,2,0,15 16,1,15,,1065863,41,0,15 16,1,17,,1153305,2,0,15 16,1,13,,1153315,41,0,15 16,1,59,,1153295,2,0,15 16,1,12,,1153300,41,0,15 16,1,31,,1097915,41,0,15 16,1,73,,1153296,41,0,15 16,1,31,,1153323,41,0,15 16,1,72,,1056988,41,0,15 16,1,32,,1153283,41,0,15 16,1,71,,1153289,41,0,15 16,1,30,,1153278,41,0,15 16,1,69,,1153321,41,0,15 16,1,27,,1078804,41,0,15 16,1,65,,1153314,41,0,15 16,1,28,,1153312,41,0,15 16,1,66,,1095303,41,0,15 16,1,27,,1153308,41,0,15 16,1,69,,1153280,41,0,15 16,1,31,,1078348,41,0,15 16,1,69,,1153310,41,0,15 16,1,29,,1153290,41,0,15 16,1,70,,1153287,41,0,15 16,1,30,,1153297,41,0,15 16,1,74,,1153316,41,0,15 16,1,30,,1153303,41,,,1,72,,1153302,2,,,1,30,,1153298,2,,,1,70,,1153319,2,,,1,28,,1153313,2,,,1
6100,'12',354,,1153360,2,,,1,70,,1153361,2,0,15 16,1,30,,1153339,2,0,15 16,1,69,,1153334,2,0,15 16,1,89,,1153337,41,0,15 16,1,32,,1153347,41,0,15 16,1,69,,1153341,41,0,15 16,1,10,,1153348,2,0,15 16,1,22,,1153363,41,0,15 16,1,7,,1153345,2,0,15 16,1,66,,1153371,41,0,15 16,1,4,,1153357,2,0,15 16,1,27,,1085927,41,0,15 16,1,64,,1076563,2,0,15 16,1,6,,1153353,41,0,15 16,1,15,,1153376,2,0,15 16,1,14,,1153359,41,0,15 16,1,56,,1153336,2,0,15 16,1,14,,1153333,41,0,15 16,1,15,,1153374,2,0,15 16,1,14,,1153369,41,0,15 16,1,55,,1153331,2,0,15 16,1,13,,1153342,41,0,15 16,1,16,,1153366,2,0,15 16,1,12,,1153350,41,0,15 16,1,57,,1153338,2,0,15 16,1,15,,1153344,41,0,15 16,1,16,,1153358,2,0,15 16,1,13,,1153362,41,0,15 16,1,57,,1153379,2,0,15 16,1,15,,1153355,41,0,15 16,1,17,,1153370,2,0,15 16,1,13,,1153329,41,0,15 16,1,59,,1153372,2,0,15 16,1,12,,1153354,41,0,15 16,1,31,,1102737,41,0,15 16,1,73,,1153368,41,0,15 16,1,31,,1153373,41,0,15 16,1,72,,1153367,41,0,15 16,1,32,,1153327,41,0,15 16,1,71,,1098999,41,0,15 16,1,30,,1153378,41,0,15 16,1,69,,1153332,41,0,15 16,1,27,,1153326,41,0,15 16,1,65,,1153375,41,0,15 16,1,28,,1086344,41,0,15 16,1,66,,1153330,41,0,15 16,1,27,,1153340,41,0,15 16,1,69,,1153365,41,0,15 16,1,31,,1153352,41,0,15 16,1,69,,1153346,41,0,15 16,1,29,,1153328,41,0,15 16,1,70,,1068288,41,0,15 16,1,30,,1153377,41,0,15 16,1,74,,1153349,41,0,15 16,1,30,,1153364,41,,,1,72,,1153335,2,,,1,30,,1153343,2,,,1,70,,1153356,2,,,1,28,,1153351,2,,,1
6100,'13',535,,1153401,2,,,1,72,,1153400,2,,,1,30,,1153407,41,,,1,76,,941090,2,0,15 16,1,32,,1153388,41,0,15 16,1,70,,1153395,2,0,15 16,1,30,,1153382,41,0,15 16,1,70,,1153413,41,0,15 16,1,31,,1005942,41,0,15 16,1,70,,1153411,41,0,15 16,1,31,,1153409,41,0,15 16,1,70,,1153416,41,0,15 16,1,30,,1153390,41,0,15 16,1,70,,1153410,41,0,15 16,1,31,,1153399,41,0,15 16,1,70,,1078985,41,0,15 16,1,30,,1153394,41,0,15 16,1,70,,1153402,41,0,15 16,1,30,,1100883,41,0,15 16,1,70,,1153386,41,0,15 16,1,30,,1153385,41,0,15 16,1,70,,1153397,41,0,15 16,1,29,,1153393,41,0,15 16,1,70,,1076540,41,0,15 16,1,30,,1153391,41,0,15 16,1,70,,1153408,2,0,15 16,1,29,,1153383,41,0,15 16,1,70,,1153392,2,0,15 16,1,30,,1153414,41,0,15 16,1,70,,1153405,2,0,15 16,1,27,,1153404,41,0,15 16,1,70,,1153384,2,0,15 16,1,28,,1153387,41,0,15 16,1,69,,1153381,2,0,15 16,1,32,,1153396,41,,,1,69,,1153389,2,,,1,30,,1153403,41,,,1,70,,1153398,2,,,1,30,,1153415,2,,,1,70,,1153380,2,,,1,30,,1153412,2,,,1,70,,1153406,2,,,1
6100,'14',354,,1153463,2,,,1,70,,1153429,2,0,15 16,1,30,,1153472,2,0,15 16,1,69,,1153420,2,0,15 16,1,89,,1153470,41,0,15 16,1,32,,1153443,41,0,15 16,1,69,,1153437,41,0,15 16,1,10,,1153432,2,0,15 16,1,22,,1153455,41,0,15 16,1,7,,1153457,2,0,15 16,1,66,,1153431,41,0,15 16,1,4,,1153475,2,0,15 16,1,27,,1153464,41,0,15 16,1,64,,1153444,2,0,15 16,1,6,,1153452,41,0,15 16,1,15,,1153450,2,0,15 16,1,14,,1153426,41,0,15 16,1,56,,1153474,2,0,15 16,1,14,,1153466,41,0,15 16,1,15,,1153418,2,0,15 16,1,14,,1153427,41,0,15 16,1,55,,1153422,2,0,15 16,1,13,,1153447,41,0,15 16,1,16,,1153438,2,0,15 16,1,12,,1153423,41,0,15 16,1,57,,1153435,2,0,15 16,1,15,,1153425,41,0,15 16,1,16,,1153468,2,0,15 16,1,13,,1153436,41,0,15 16,1,57,,1153453,2,0,15 16,1,15,,1153445,41,0,15 16,1,17,,1153451,2,0,15 16,1,13,,1153461,41,0,15 16,1,59,,1153439,2,0,15 16,1,12,,1153446,41,0,15 16,1,31,,1153428,41,0,15 16,1,73,,1153440,41,0,15 16,1,31,,1153471,41,0,15 16,1,72,,1153476,41,0,15 16,1,32,,1153424,41,0,15 16,1,71,,1153433,41,0,15 16,1,30,,1153419,41,0,15 16,1,69,,1153467,41,0,15 16,1,27,,1153469,41,0,15 16,1,65,,1153460,41,0,15 16,1,28,,1153458,41,0,15 16,1,66,,1153473,41,0,15 16,1,27,,1153454,41,0,15 16,1,69,,1153421,41,0,15 16,1,31,,1153417,41,0,15 16,1,69,,1153456,41,0,15 16,1,29,,1153434,41,0,15 16,1,70,,1153430,41,0,15 16,1,30,,1153441,41,0,15 16,1,74,,1153462,41,0,15 16,1,30,,1153449,41,,,1,72,,1153448,2,,,1,30,,1153442,2,,,1,70,,1153465,2,,,1,28,,1153459,2,,,1
6100,'15',354,,1153513,2,,,1,70,,1153485,2,0,15 16,1,30,,1153510,2,0,15 16,1,69,,1153520,2,0,15 16,1,89,,1153487,41,0,15 16,1,32,,1153530,41,0,15 16,1,69,,1153499,41,0,15 16,1,10,,1153504,2,0,15 16,1,22,,1153505,41,0,15 16,1,7,,1153503,2,0,15 16,1,66,,1153491,41,0,15 16,1,4,,1153490,2,0,15 16,1,27,,1153496,41,0,15 16,1,64,,1153478,2,0,15 16,1,6,,1153523,41,0,15 16,1,15,,1153479,2,0,15 16,1,14,,1153514,41,0,15 16,1,56,,1153516,2,0,15 16,1,14,,1153517,41,0,15 16,1,15,,1153506,2,0,15 16,1,14,,1153480,41,0,15 16,1,55,,1153489,2,0,15 16,1,13,,1153488,41,0,15 16,1,16,,1153502,2,0,15 16,1,12,,1153481,41,0,15 16,1,57,,1153493,2,0,15 16,1,15,,1153500,41,0,15 16,1,16,,1153522,2,0,15 16,1,13,,1153482,41,0,15 16,1,57,,1153511,2,0,15 16,1,15,,1153518,41,0,15 16,1,17,,1153526,2,0,15 16,1,13,,1153525,41,0,15 16,1,59,,1153524,2,0,15 16,1,12,,1153519,41,0,15 16,1,31,,1153494,41,0,15 16,1,73,,1153534,41,0,15 16,1,31,,1153532,41,0,15 16,1,72,,1153484,41,0,15 16,1,32,,1153533,41,0,15 16,1,71,,1153495,41,0,15 16,1,30,,1153483,41,0,15 16,1,69,,1153531,41,0,15 16,1,27,,1153536,41,0,15 16,1,65,,1153515,41,0,15 16,1,28,,1153507,41,0,15 16,1,66,,1153527,41,0,15 16,1,27,,1153497,41,0,15 16,1,69,,1153529,41,0,15 16,1,31,,1153509,41,0,15 16,1,69,,1153521,41,0,15 16,1,29,,1153492,41,0,15 16,1,70,,1153512,41,0,15 16,1,30,,1153535,41,0,15 16,1,74,,1153477,41,0,15 16,1,30,,1153501,41,,,1,72,,1153486,2,,,1,30,,1153508,2,,,1,70,,1153498,2,,,1,28,,1153528,2,,,1
6100,'16',354,,1153570,2,,,1,70,,1153571,2,0,15 16,1,30,,1153549,2,0,15 16,1,69,,1068041,2,0,15 16,1,89,,1153547,41,0,15 16,1,32,,1153557,41,0,15 16,1,69,,1153551,41,0,15 16,1,10,,1153558,2,0,15 16,1,22,,1153573,41,0,15 16,1,7,,1153555,2,0,15 16,1,66,,1153580,41,0,15 16,1,4,,1153567,2,0,15 16,1,27,,1153541,41,0,15 16,1,64,,1153540,2,0,15 16,1,6,,1064153,41,0,15 16,1,15,,1153585,2,0,15 16,1,14,,1153569,41,0,15 16,1,56,,1153545,2,0,15 16,1,14,,1079183,41,0,15 16,1,15,,1153583,2,0,15 16,1,14,,977367,41,0,15 16,1,55,,1153543,2,0,15 16,1,13,,1153552,41,0,15 16,1,16,,1153576,2,0,15 16,1,12,,1153560,41,0,15 16,1,57,,1153548,2,0,15 16,1,15,,1153554,41,0,15 16,1,16,,1153568,2,0,15 16,1,13,,1153572,41,0,15 16,1,57,,1153589,2,0,15 16,1,15,,1153565,41,0,15 16,1,17,,1153579,2,0,15 16,1,13,,1153539,41,0,15 16,1,59,,1153581,2,0,15 16,1,12,,1153564,41,0,15 16,1,31,,1153546,41,0,15 16,1,73,,1153578,41,0,15 16,1,31,,1153582,41,0,15 16,1,72,,1153577,41,0,15 16,1,32,,1153538,41,0,15 16,1,71,,1153588,41,0,15 16,1,30,,1153587,41,0,15 16,1,69,,1153544,41,0,15 16,1,27,,1153537,41,0,15 16,1,65,,1153584,41,0,15 16,1,28,,1153562,41,0,15 16,1,66,,958861,41,0,15 16,1,27,,1153550,41,0,15 16,1,69,,1153575,41,0,15 16,1,31,,1153563,41,0,15 16,1,69,,1153556,41,0,15 16,1,29,,1066552,41,0,15 16,1,70,,1153542,41,0,15 16,1,30,,1153586,41,0,15 16,1,74,,1153559,41,0,15 16,1,30,,1153574,41,,,1,72,,1087599,2,,,1,30,,1153553,2,,,1,70,,1153566,2,,,1,28,,1153561,2,,,1
6100,'17',535,,1153613,2,,,1,72,,1153612,2,,,1,30,,1153619,41,,,1,76,,1153631,2,0,15 16,1,32,,1153599,41,0,15 16,1,70,,1153607,2,0,15 16,1,30,,1153593,41,0,15 16,1,70,,1153625,41,0,15 16,1,31,,1153628,41,0,15 16,1,70,,1153623,41,0,15 16,1,31,,1153621,41,0,15 16,1,70,,1153630,41,0,15 16,1,30,,1153601,41,0,15 16,1,70,,1153622,41,0,15 16,1,31,,1153611,41,0,15 16,1,70,,1153590,41,0,15 16,1,30,,1153606,41,0,15 16,1,70,,1153614,41,0,15 16,1,30,,1153603,41,0,15 16,1,70,,1153597,41,0,15 16,1,30,,1153596,41,0,15 16,1,70,,1153609,41,0,15 16,1,29,,1153605,41,0,15 16,1,70,,1153629,41,0,15 16,1,30,,1153602,41,0,15 16,1,70,,1153620,2,0,15 16,1,29,,1153594,41,0,15 16,1,70,,1153604,2,0,15 16,1,30,,1153626,41,0,15 16,1,70,,1153617,2,0,15 16,1,27,,1153616,41,0,15 16,1,70,,1153595,2,0,15 16,1,28,,1153598,41,0,15 16,1,69,,1153592,2,0,15 16,1,32,,1153608,41,,,1,69,,1153600,2,,,1,30,,1153615,41,,,1,70,,1153610,2,,,1,30,,1153627,2,,,1,70,,1153591,2,,,1,30,,1153624,2,,,1,70,,1153618,2,,,1
6100,'2',510,,1096582,2,0,15 16,1,45,,1153641,2,0,15 16,1,70,,1153646,41,0,15 16,1,30,,1153640,41,0,15 16,1,70,,1153668,41,0,15 16,1,30,,1153634,41,0,15 16,1,70,,1153667,41,0,15 16,1,30,,1153658,41,0,15 16,1,71,,1153657,41,0,15 16,1,30,,1153643,41,0,15 16,1,71,,1153632,41,0,15 16,1,30,,1153636,41,0,15 16,1,70,,1153645,41,0,15 16,1,30,,1153660,41,0,15 16,1,71,,1153666,41,0,15 16,1,30,,1153648,41,0,15 16,1,70,,1153655,41,0,15 16,1,30,,1153664,41,0,15 16,1,70,,1153669,41,0,15 16,1,30,,1153651,41,0,15 16,1,70,,1032624,41,0,15 16,1,30,,1153639,41,0,15 16,1,69,,1153633,41,0,15 16,1,30,,1153656,41,0,15 16,1,70,,1098025,41,0,15 16,1,30,,1153644,41,0,15 16,1,69,,1153663,41,0,15 16,1,30,,1153654,41,0,15 16,1,70,,1153661,2,0,15 16,1,30,,1153662,41,0,15 16,1,69,,1153638,2,0,15 16,1,30,,1153647,41,0,15 16,1,70,,1153635,2,0,15 16,1,30,,1153659,41,0,15 16,1,70,,1153652,2,0,15 16,1,30,,1090126,41,0,15 16,1,70,,1098955,2,0,15 16,1,30,,1153650,41,0,15 16,1,70,,1153653,2,0,15 16,1,30,,1153642,2,0,15 16,1,70,,1153665,2,,,1,30,,1153649,2,,,1,70,,1153637,2,,,1
6100,'3',535,,1153693,2,,,1,72,,1153692,2,,,1,30,,1153699,41,,,1,76,,1153711,2,0,15 16,1,32,,1153679,41,0,15 16,1,70,,1153687,2,0,15 16,1,30,,1153673,41,0,15 16,1,70,,1153705,41,0,15 16,1,31,,1153708,41,0,15 16,1,70,,1153703,41,0,15 16,1,31,,1153701,41,0,15 16,1,70,,1153710,41,0,15 16,1,30,,1153681,41,0,15 16,1,70,,1153702,41,0,15 16,1,31,,1153691,41,0,15 16,1,70,,1153670,41,0,15 16,1,30,,1153686,41,0,15 16,1,70,,1153694,41,0,15 16,1,30,,1153683,41,0,15 16,1,70,,1153677,41,0,15 16,1,30,,1153676,41,0,15 16,1,70,,1153689,41,0,15 16,1,29,,1153685,41,0,15 16,1,70,,1153709,41,0,15 16,1,30,,1153682,41,0,15 16,1,70,,1153700,2,0,15 16,1,29,,1153674,41,0,15 16,1,70,,1153684,2,0,15 16,1,30,,1153706,41,0,15 16,1,70,,1153697,2,0,15 16,1,27,,1153696,41,0,15 16,1,70,,1153675,2,0,15 16,1,28,,1153678,41,0,15 16,1,69,,1153672,2,0,15 16,1,32,,1153688,41,,,1,69,,1153680,2,,,1,30,,1153695,41,,,1,70,,1153690,2,,,1,30,,1153707,2,,,1,70,,1153671,2,,,1,30,,1153704,2,,,1,70,,1153698,2,,,1
6100,'4',535,,1153737,2,,,1,72,,1153747,2,,,1,30,,1153735,41,,,1,76,,1153714,2,0,15 16,1,32,,1153719,41,0,15 16,1,70,,1153744,2,0,15 16,1,30,,1153745,41,0,15 16,1,70,,1153723,41,0,15 16,1,31,,1153742,41,0,15 16,1,70,,1153736,41,0,15 16,1,31,,1153724,41,0,15 16,1,70,,1153739,41,0,15 16,1,30,,1153712,41,0,15 16,1,70,,1153738,41,0,15 16,1,31,,1153730,41,0,15 16,1,70,,1153734,41,0,15 16,1,30,,1153731,41,0,15 16,1,70,,1153732,41,0,15 16,1,30,,1153748,41,0,15 16,1,70,,1153725,41,0,15 16,1,30,,1153720,41,0,15 16,1,70,,1153726,41,0,15 16,1,29,,1153718,41,0,15 16,1,70,,1153727,41,0,15 16,1,30,,1153750,41,0,15 16,1,70,,1153749,2,0,15 16,1,29,,1153740,41,0,15 16,1,70,,1010073,2,0,15 16,1,30,,1153717,41,0,15 16,1,70,,1153728,2,0,15 16,1,27,,1153746,41,0,15 16,1,70,,1153716,2,0,15 16,1,28,,1153721,41,0,15 16,1,69,,1153741,2,0,15 16,1,32,,1153729,41,,,1,69,,1153733,2,,,1,30,,1153722,41,,,1,70,,1153715,2,,,1,30,,1092367,2,,,1,70,,1153743,2,,,1,30,,1153713,2,,,1,70,,1073178,2,,,1
6100,'5',354,,1153791,2,,,1,70,,1153760,2,0,15 16,1,30,,1153798,2,0,15 16,1,69,,1153753,2,0,15 16,1,89,,1086955,41,0,15 16,1,32,,1153773,41,0,15 16,1,69,,1153767,41,0,15 16,1,10,,1153762,2,0,15 16,1,22,,1153783,41,0,15 16,1,7,,1153785,2,0,15 16,1,66,,1087188,41,0,15 16,1,4,,1153799,2,0,15 16,1,27,,1153792,41,0,15 16,1,64,,1100007,2,0,15 16,1,6,,1153780,41,0,15 16,1,15,,1153778,2,0,15 16,1,14,,1153759,41,0,15 16,1,56,,1101510,2,0,15 16,1,14,,1153794,41,0,15 16,1,15,,1153751,2,0,15 16,1,14,,1078266,41,0,15 16,1,55,,1153755,2,0,15 16,1,13,,1153775,41,0,15 16,1,16,,1153768,2,0,15 16,1,12,,1153756,41,0,15 16,1,57,,1153765,2,0,15 16,1,15,,1153758,41,0,15 16,1,16,,1153796,2,0,15 16,1,13,,1153766,41,0,15 16,1,57,,1153781,2,0,15 16,1,15,,1065770,41,0,15 16,1,17,,1153779,2,0,15 16,1,13,,1153789,41,0,15 16,1,59,,1153769,2,0,15 16,1,12,,1153774,41,0,15 16,1,31,,1097802,41,0,15 16,1,73,,1153770,41,0,15 16,1,31,,1153797,41,0,15 16,1,72,,1056854,41,0,15 16,1,32,,1153757,41,0,15 16,1,71,,1153763,41,0,15 16,1,30,,1153752,41,0,15 16,1,69,,1153795,41,0,15 16,1,27,,1078676,41,0,15 16,1,65,,1153788,41,0,15 16,1,28,,1153786,41,0,15 16,1,66,,1095181,41,0,15 16,1,27,,1153782,41,0,15 16,1,69,,1153754,41,0,15 16,1,31,,1078248,41,0,15 16,1,69,,1153784,41,0,15 16,1,29,,1153764,41,0,15 16,1,70,,1153761,41,0,15 16,1,30,,1153771,41,0,15 16,1,74,,1153790,41,0,15 16,1,30,,1153777,41,,,1,72,,1153776,2,,,1,30,,1153772,2,,,1,70,,1153793,2,,,1,28,,1153787,2,,,1
6100,'6',354,,1153833,2,,,1,70,,1153834,2,0,15 16,1,30,,1153813,2,0,15 16,1,69,,1153808,2,0,15 16,1,89,,1153811,41,0,15 16,1,32,,1153820,41,0,15 16,1,69,,1153815,41,0,15 16,1,10,,1087679,2,0,15 16,1,22,,1153836,41,0,15 16,1,7,,1078409,2,0,15 16,1,66,,1153844,41,0,15 16,1,4,,1153830,2,0,15 16,1,27,,1153804,41,0,15 16,1,64,,1153803,2,0,15 16,1,6,,1153826,41,0,15 16,1,15,,1153849,2,0,15 16,1,14,,1153832,41,0,15 16,1,56,,1091705,2,0,15 16,1,14,,1153807,41,0,15 16,1,15,,1153847,2,0,15 16,1,14,,1153842,41,0,15 16,1,55,,1075661,2,0,15 16,1,13,,1153816,41,0,15 16,1,16,,1153839,2,0,15 16,1,12,,1153822,41,0,15 16,1,57,,1153812,2,0,15 16,1,15,,1153818,41,0,15 16,1,16,,1153831,2,0,15 16,1,13,,1153835,41,0,15 16,1,57,,1037538,2,0,15 16,1,15,,1153828,41,0,15 16,1,17,,1153843,2,0,15 16,1,13,,1153801,41,0,15 16,1,59,,1153845,2,0,15 16,1,12,,1153827,41,0,15 16,1,31,,1153810,41,0,15 16,1,73,,1153841,41,0,15 16,1,31,,1153846,41,0,15 16,1,72,,1153840,41,0,15 16,1,32,,1003066,41,0,15 16,1,71,,1153851,41,0,15 16,1,30,,1088982,41,0,15 16,1,69,,1153806,41,0,15 16,1,27,,1090297,41,0,15 16,1,65,,1153848,41,0,15 16,1,28,,1153824,41,0,15 16,1,66,,1153802,41,0,15 16,1,27,,1153814,41,0,15 16,1,69,,1153838,41,0,15 16,1,31,,1153825,41,0,15 16,1,69,,1153819,41,0,15 16,1,29,,1153800,41,0,15 16,1,70,,1153805,41,0,15 16,1,30,,1153850,41,0,15 16,1,74,,1153821,41,0,15 16,1,30,,1153837,41,,,1,72,,1153809,2,,,1,30,,1153817,2,,,1,70,,1153829,2,,,1,28,,1153823,2,,,1
6100,'7',510,,1153856,2,0,15 16,1,45,,1153893,2,0,15 16,1,70,,1153869,41,0,15 16,1,30,,1153861,41,0,15 16,1,70,,1153867,41,0,15 16,1,30,,1153870,41,0,15 16,1,70,,1153876,41,0,15 16,1,30,,1153874,41,0,15 16,1,71,,1153888,41,0,15 16,1,30,,1153889,41,0,15 16,1,71,,1153873,41,0,15 16,1,30,,1153858,41,0,15 16,1,70,,1153885,41,0,15 16,1,30,,1153883,41,0,15 16,1,71,,1153862,41,0,15 16,1,30,,1153865,41,0,15 16,1,70,,1153877,41,0,15 16,1,30,,1153860,41,0,15 16,1,70,,1153859,41,0,15 16,1,30,,1153864,41,0,15 16,1,70,,1153890,41,0,15 16,1,30,,1153892,41,0,15 16,1,69,,1153863,41,0,15 16,1,30,,1153868,41,0,15 16,1,70,,1153855,41,0,15 16,1,30,,1153871,41,0,15 16,1,69,,1153881,41,0,15 16,1,30,,1153879,41,0,15 16,1,70,,1153894,2,0,15 16,1,30,,1153854,41,0,15 16,1,69,,1153872,2,0,15 16,1,30,,1153884,41,0,15 16,1,70,,1153886,2,0,15 16,1,30,,1153878,41,0,15 16,1,70,,1153891,2,0,15 16,1,30,,1153866,41,0,15 16,1,70,,1153887,2,0,15 16,1,30,,1153882,41,0,15 16,1,70,,1153852,2,0,15 16,1,30,,1153857,2,0,15 16,1,70,,1153880,2,,,1,30,,1153853,2,,,1,70,,1153875,2,,,1
6100,'8',354,,1153934,2,,,1,70,,1153935,2,0,15 16,1,30,,1153912,2,0,15 16,1,69,,1153906,2,0,15 16,1,89,,1153910,41,0,15 16,1,32,,1153920,41,0,15 16,1,69,,1153914,41,0,15 16,1,10,,1153921,2,0,15 16,1,22,,1153937,41,0,15 16,1,7,,1153918,2,0,15 16,1,66,,1153945,41,0,15 16,1,4,,1153931,2,0,15 16,1,27,,1153901,41,0,15 16,1,64,,1153900,2,0,15 16,1,6,,1153927,41,0,15 16,1,15,,1153950,2,0,15 16,1,14,,1153933,41,0,15 16,1,56,,1153908,2,0,15 16,1,14,,1153905,41,0,15 16,1,15,,1153948,2,0,15 16,1,14,,1153943,41,0,15 16,1,55,,1153903,2,0,15 16,1,13,,1153915,41,0,15 16,1,16,,1153940,2,0,15 16,1,12,,1153923,41,0,15 16,1,57,,1153911,2,0,15 16,1,15,,1153917,41,0,15 16,1,16,,1153932,2,0,15 16,1,13,,1153936,41,0,15 16,1,57,,1153954,2,0,15 16,1,15,,1153929,41,0,15 16,1,17,,1153944,2,0,15 16,1,13,,1153898,41,0,15 16,1,59,,1153946,2,0,15 16,1,12,,1153928,41,0,15 16,1,31,,1153909,41,0,15 16,1,73,,1153942,41,0,15 16,1,31,,1153947,41,0,15 16,1,72,,1153941,41,0,15 16,1,32,,1153896,41,0,15 16,1,71,,1153953,41,0,15 16,1,30,,1153952,41,0,15 16,1,69,,1153904,41,0,15 16,1,27,,1153895,41,0,15 16,1,65,,1153949,41,0,15 16,1,28,,1153925,41,0,15 16,1,66,,1153899,41,0,15 16,1,27,,1153913,41,0,15 16,1,69,,1153939,41,0,15 16,1,31,,1153926,41,0,15 16,1,69,,1153919,41,0,15 16,1,29,,1153897,41,0,15 16,1,70,,1153902,41,0,15 16,1,30,,1153951,41,0,15 16,1,74,,1153922,41,0,15 16,1,30,,1153938,41,,,1,72,,1153907,2,,,1,30,,1153916,2,,,1,70,,1153930,2,,,1,28,,1153924,2,,,1
6100,'9',354,,1153995,2,,,1,70,,1153964,2,0,15 16,1,30,,1154002,2,0,15 16,1,69,,1153957,2,0,15 16,1,89,,1086936,41,0,15 16,1,32,,1153977,41,0,15 16,1,69,,1153971,41,0,15 16,1,10,,1153966,2,0,15 16,1,22,,1153987,41,0,15 16,1,7,,1153989,2,0,15 16,1,66,,1087097,41,0,15 16,1,4,,1154003,2,0,15 16,1,27,,1153996,41,0,15 16,1,64,,1099937,2,0,15 16,1,6,,1153984,41,0,15 16,1,15,,1153982,2,0,15 16,1,14,,1153963,41,0,15 16,1,56,,1101509,2,0,15 16,1,14,,1153998,41,0,15 16,1,15,,1153955,2,0,15 16,1,14,,1078162,41,0,15 16,1,55,,1153959,2,0,15 16,1,13,,1153979,41,0,15 16,1,16,,1153972,2,0,15 16,1,12,,1153960,41,0,15 16,1,57,,1153969,2,0,15 16,1,15,,1153962,41,0,15 16,1,16,,1154000,2,0,15 16,1,13,,1153970,41,0,15 16,1,57,,1153985,2,0,15 16,1,15,,1065663,41,0,15 16,1,17,,1153983,2,0,15 16,1,13,,1153993,41,0,15 16,1,59,,1153973,2,0,15 16,1,12,,1153978,41,0,15 16,1,31,,1097691,41,0,15 16,1,73,,1153974,41,0,15 16,1,31,,1154001,41,0,15 16,1,72,,1057048,41,0,15 16,1,32,,1153961,41,0,15 16,1,71,,1153967,41,0,15 16,1,30,,1153956,41,0,15 16,1,69,,1153999,41,0,15 16,1,27,,1078541,41,0,15 16,1,65,,1153992,41,0,15 16,1,28,,1153990,41,0,15 16,1,66,,1095057,41,0,15 16,1,27,,1153986,41,0,15 16,1,69,,1153958,41,0,15 16,1,31,,1078144,41,0,15 16,1,69,,1153988,41,0,15 16,1,29,,1153968,41,0,15 16,1,70,,1153965,41,0,15 16,1,30,,1153975,41,0,15 16,1,74,,1153994,41,0,15 16,1,30,,1153981,41,,,1,72,,1153980,2,,,1,30,,1153976,2,,,1,70,,1153997,2,,,1,28,,1153991,2,,,1
6101,'1',607,,1154026,24,,,1,31,,1154029,24,,,1,65,,1154005,23,,,1,26,,1154051,19,,,1,72,,1154038,19,,,1,30,,935738,19,,,1,70,,1154010,19,,,1,32,,1154009,19,,,1,67,,1154033,19,,,1,31,,1065807,19,,,1,69,,1154024,19,,,1,30,,1154049,19,,,1,71,,1006390,19,,,1,30,,1083597,19,,,1,71,,1154008,19,,,1,30,,1154040,19,,,1,71,,1154034,19,,,1,31,,972751,19,,,1,72,,1154007,19,,,1,32,,1154018,19,,,1,70,,1154019,19,,,1,32,,1154037,19,,,1,71,,1154031,19,,,1,30,,1154039,19,,,1,68,,1154015,19,,,1,14,,1154016,19,,,1,15,,1154032,19,,,1,12,,1088141,19,,,1,55,,1154035,19,,,1,26,,1154028,19,,,1,69,,1154021,19,,,1,30,,1154020,19,,,1,29,,1154048,19,,,1,70,,1154030,19,,,1,28,,1154045,19,,,1,70,,1154043,19,,,1,75,,1154042,20,,,1,30,,1154044,20,,,1,70,,1154046,20,,,1
6101,'10',607,,1154074,24,,,1,31,,1154077,24,,,1,65,,1154053,23,,,1,26,,1154099,19,,,1,72,,1154086,19,,,1,30,,935458,19,,,1,70,,1154058,19,,,1,32,,1154057,19,,,1,67,,1154081,19,,,1,31,,1065603,19,,,1,69,,1154072,19,,,1,30,,1154097,19,,,1,71,,1006486,19,,,1,30,,1083358,19,,,1,71,,1154056,19,,,1,30,,1154088,19,,,1,71,,1154082,19,,,1,31,,972258,19,,,1,72,,1154055,19,,,1,32,,1154066,19,,,1,70,,1154067,19,,,1,32,,1154085,19,,,1,71,,1154079,19,,,1,30,,1154087,19,,,1,68,,1154063,19,,,1,14,,1154064,19,,,1,15,,1154080,19,,,1,12,,1087733,19,,,1,55,,1154083,19,,,1,26,,1154076,19,,,1,69,,1154069,19,,,1,30,,1154068,19,,,1,29,,1154096,19,,,1,70,,1154078,19,,,1,28,,1154093,19,,,1,70,,1154091,19,,,1,75,,1154090,20,,,1,30,,1154092,20,,,1,70,,1154094,20,,,1
6101,'11',607,,1154122,24,,,1,31,,1154125,24,,,1,65,,1154101,23,,,1,26,,1154147,19,,,1,72,,1154134,19,,,1,30,,935685,19,,,1,70,,1154106,19,,,1,32,,1154105,19,,,1,67,,1154129,19,,,1,31,,1065866,19,,,1,69,,1154120,19,,,1,30,,1154145,19,,,1,71,,1006360,19,,,1,30,,1083667,19,,,1,71,,1154104,19,,,1,30,,1154136,19,,,1,71,,1154130,19,,,1,31,,972683,19,,,1,72,,1154103,19,,,1,32,,1154114,19,,,1,70,,1154115,19,,,1,32,,1154133,19,,,1,71,,1154127,19,,,1,30,,1154135,19,,,1,68,,1154111,19,,,1,14,,1154112,19,,,1,15,,1154128,19,,,1,12,,1088253,19,,,1,55,,1154131,19,,,1,26,,1154124,19,,,1,69,,1154117,19,,,1,30,,1154116,19,,,1,29,,1154144,19,,,1,70,,1154126,19,,,1,28,,1154141,19,,,1,70,,1154139,19,,,1,75,,1154138,20,,,1,30,,1154140,20,,,1,70,,1154142,20,,,1
6101,'12',607,,1154148,24,,,1,31,,1154153,24,,,1,65,,1154200,23,,,1,26,,1154189,19,,,1,72,,1154156,19,,,1,30,,1154157,19,,,1,70,,1154198,19,,,1,32,,1154152,19,,,1,67,,1154155,19,,,1,31,,1154162,19,,,1,69,,1154197,19,,,1,30,,1154166,19,,,1,71,,1154201,19,,,1,30,,1154174,19,,,1,71,,1154199,19,,,1,30,,1061496,19,,,1,71,,1154149,19,,,1,31,,1154150,19,,,1,72,,1154177,19,,,1,32,,1154181,19,,,1,70,,1154169,19,,,1,32,,1154180,19,,,1,71,,1154183,19,,,1,30,,1154184,19,,,1,68,,1154161,19,,,1,14,,1154186,19,,,1,15,,1154173,19,,,1,12,,1154182,19,,,1,55,,1154165,19,,,1,26,,1154172,19,,,1,69,,1154193,19,,,1,30,,1154168,19,,,1,29,,1154188,19,,,1,70,,1154171,19,,,1,28,,1154187,19,,,1,70,,942214,19,,,1,75,,1154196,20,,,1,30,,1154178,20,,,1,70,,1154195,20,,,1
6101,'13',616,,1073366,34,,,1,100,,1154223,34,,,1,100,,1154225,34,,,1,101,,1154220,20,,,1,31,,1047837,20,,,1,70,,1154211,20,,,1,29,,1154213,20,,,1,70,,1154206,20,,,1,30,,1154233,20,,,1,70,,1154212,20,,,1,30,,1154207,20,,,1,70,,1154221,20,,,1,30,,1154209,20,,,1,70,,1154232,20,,,1,30,,1154234,20,,,1,70,,1154204,20,,,1,30,,1154222,20,,,1,70,,1154214,20,,,1,30,,1154224,20,,,1,70,,1154231,20,,,1,30,,1098050,20,,,1,70,,1074794,20,,,1,30,,1154226,20,,,1,70,,1154235,20,,,1,30,,1154238,20,,,1,99,,1154219,20,,,1,100,,1154217,20,,,1,70,,1154228,20,,,1,100,,1154230,20,,,1
6101,'14',607,,1154265,24,,,1,31,,1154268,24,,,1,65,,1154240,23,,,1,26,,1154294,19,,,1,72,,1154279,19,,,1,30,,1154293,19,,,1,70,,1154249,19,,,1,32,,1154248,19,,,1,67,,1154274,19,,,1,31,,1154281,19,,,1,69,,1154263,19,,,1,30,,1154291,19,,,1,71,,1154243,19,,,1,30,,1154242,19,,,1,71,,1154245,19,,,1,30,,1154282,19,,,1,71,,1154275,19,,,1,31,,1154246,19,,,1,72,,1154244,19,,,1,32,,1154257,19,,,1,70,,1154258,19,,,1,32,,1154278,19,,,1,71,,1154272,19,,,1,30,,1154280,19,,,1,68,,1154254,19,,,1,14,,1154255,19,,,1,15,,1154273,19,,,1,12,,1154271,19,,,1,55,,1154276,19,,,1,26,,1154267,19,,,1,69,,1154260,19,,,1,30,,1154259,19,,,1,29,,1154290,19,,,1,70,,1154270,19,,,1,28,,1154287,19,,,1,70,,1154285,19,,,1,75,,1154284,20,,,1,30,,1154286,20,,,1,70,,1154288,20,,,1
6101,'15',607,,1154316,24,,,1,31,,1154310,24,,,1,65,,1154331,23,,,1,26,,1154344,19,,,1,72,,1154337,19,,,1,30,,1154307,19,,,1,70,,1154312,19,,,1,32,,1154299,19,,,1,67,,1154349,19,,,1,31,,1154340,19,,,1,69,,1154303,19,,,1,30,,1154329,19,,,1,71,,1154301,19,,,1,30,,1154339,19,,,1,71,,1154345,19,,,1,30,,1154296,19,,,1,71,,1154321,19,,,1,31,,1154297,19,,,1,72,,1154298,19,,,1,32,,1154341,19,,,1,70,,1154323,19,,,1,32,,1154305,19,,,1,71,,1154347,19,,,1,30,,1154320,19,,,1,68,,1154306,19,,,1,14,,1154346,19,,,1,15,,1154322,19,,,1,12,,1154336,19,,,1,55,,1154302,19,,,1,26,,1154311,19,,,1,69,,1154333,19,,,1,30,,1154330,19,,,1,29,,1154325,19,,,1,70,,1154309,19,,,1,28,,1154317,19,,,1,70,,1154313,19,,,1,75,,1154334,20,,,1,30,,1154315,20,,,1,70,,1154324,20,,,1
6101,'16',607,,1089540,24,,,1,31,,1154353,24,,,1,65,,1154396,23,,,1,26,,1154389,19,,,1,72,,1154356,19,,,1,30,,1154357,19,,,1,70,,1154395,19,,,1,32,,1036392,19,,,1,67,,1154355,19,,,1,31,,1154362,19,,,1,69,,1154394,19,,,1,30,,1154367,19,,,1,71,,1154398,19,,,1,30,,1154375,19,,,1,71,,1080096,19,,,1,30,,1154397,19,,,1,71,,1093434,19,,,1,31,,1154351,19,,,1,72,,1154378,19,,,1,32,,1154382,19,,,1,70,,1154370,19,,,1,32,,1154381,19,,,1,71,,1154384,19,,,1,30,,950535,19,,,1,68,,1154361,19,,,1,14,,1154386,19,,,1,15,,1154374,19,,,1,12,,1154383,19,,,1,55,,1154366,19,,,1,26,,1154373,19,,,1,69,,1083260,19,,,1,30,,1154369,19,,,1,29,,1154388,19,,,1,70,,1154372,19,,,1,28,,1154387,19,,,1,70,,1154363,19,,,1,75,,1154393,20,,,1,30,,1154379,20,,,1,70,,1154392,20,,,1
6101,'17',616,,1154431,34,,,1,100,,1154423,34,,,1,100,,1154425,34,,,1,101,,1154420,20,,,1,31,,1154439,20,,,1,70,,1154411,20,,,1,29,,1154413,20,,,1,70,,1154403,20,,,1,30,,1154434,20,,,1,70,,1154412,20,,,1,30,,1154405,20,,,1,70,,1154421,20,,,1,30,,1154407,20,,,1,70,,1154433,20,,,1,30,,1154435,20,,,1,70,,1154401,20,,,1,30,,1154422,20,,,1,70,,1154414,20,,,1,30,,1154424,20,,,1,70,,1154432,20,,,1,30,,1154404,20,,,1,70,,1154410,20,,,1,30,,1154426,20,,,1,70,,1154436,20,,,1,30,,1154440,20,,,1,99,,1154419,20,,,1,100,,1154417,20,,,1,70,,1154428,20,,,1,100,,1154430,20,,,1
6101,'2',633,,1154461,34,,,1,70,,1154476,34,,,1,30,,1154474,20,,,1,70,,1154448,20,,,1,29,,1154460,20,,,1,71,,1154471,20,,,1,30,,1101275,20,,,1,70,,1154465,20,,,1,29,,1095785,20,,,1,70,,1154454,20,,,1,30,,1154455,20,,,1,70,,1154473,20,,,1,30,,1154453,20,,,1,70,,1154444,20,,,1,30,,1154472,20,,,1,70,,1154443,20,,,1,30,,1154475,20,,,1,70,,1154452,20,,,1,30,,995769,20,,,1,70,,1154445,20,,,1,30,,1154470,20,,,1,70,,1154459,20,,,1,30,,1154451,20,,,1,70,,1154477,20,,,1,100,,1154480,20,,,1,100,,1154446,20,,,1,30,,1154449,20,,,1,69,,1154442,20,,,1,30,,1154478,20,,,1,70,,1154463,20,,,1,30,,1090369,20,,,1,70,,1154467,20,,,1,30,,1154462,20,,,1,70,,1154447,20,,,1
6101,'3',616,,1154513,34,,,1,100,,1154505,34,,,1,100,,1154507,34,,,1,101,,1154502,20,,,1,31,,1154521,20,,,1,70,,1154493,20,,,1,29,,1154495,20,,,1,70,,1154485,20,,,1,30,,1154516,20,,,1,70,,1154494,20,,,1,30,,1154487,20,,,1,70,,1154503,20,,,1,30,,1154489,20,,,1,70,,1154515,20,,,1,30,,1154517,20,,,1,70,,1154483,20,,,1,30,,1154504,20,,,1,70,,1154496,20,,,1,30,,1154506,20,,,1,70,,1154514,20,,,1,30,,1154486,20,,,1,70,,1154492,20,,,1,30,,1154508,20,,,1,70,,1154518,20,,,1,30,,1154522,20,,,1,99,,1154501,20,,,1,100,,1154499,20,,,1,70,,1154510,20,,,1,100,,1154512,20,,,1
6101,'4',616,,1154531,34,,,1,100,,1154544,34,,,1,100,,1154560,34,,,1,101,,1154562,20,,,1,31,,1154558,20,,,1,70,,1154540,20,,,1,29,,1074233,20,,,1,70,,1154556,20,,,1,30,,1154549,20,,,1,70,,1021707,20,,,1,30,,1154525,20,,,1,70,,1154537,20,,,1,30,,1154534,20,,,1,70,,1154542,20,,,1,30,,1154552,20,,,1,70,,1154535,20,,,1,30,,1154550,20,,,1,70,,1154538,20,,,1,30,,1154528,20,,,1,70,,1154532,20,,,1,30,,1154526,20,,,1,70,,1154547,20,,,1,30,,1154554,20,,,1,70,,1154527,20,,,1,30,,1154551,20,,,1,99,,1154553,20,,,1,100,,1154524,20,,,1,70,,1154543,20,,,1,100,,1154536,20,,,1
6101,'5',607,,1154586,24,,,1,31,,1154589,24,,,1,65,,1154565,23,,,1,26,,1154611,19,,,1,72,,1154598,19,,,1,30,,935904,19,,,1,70,,1154570,19,,,1,32,,1154569,19,,,1,67,,1154593,19,,,1,31,,1065773,19,,,1,69,,1154584,19,,,1,30,,1154609,19,,,1,71,,1006223,19,,,1,30,,1083558,19,,,1,71,,1154568,19,,,1,30,,1154600,19,,,1,71,,1154594,19,,,1,31,,972973,19,,,1,72,,1154567,19,,,1,32,,1154578,19,,,1,70,,1154579,19,,,1,32,,1154597,19,,,1,71,,1154591,19,,,1,30,,1154599,19,,,1,68,,1154575,19,,,1,14,,1154576,19,,,1,15,,1154592,19,,,1,12,,1088080,19,,,1,55,,1154595,19,,,1,26,,1154588,19,,,1,69,,1154581,19,,,1,30,,1154580,19,,,1,29,,1154608,19,,,1,70,,1154590,19,,,1,28,,1154605,19,,,1,70,,1154603,19,,,1,75,,1154602,20,,,1,30,,1154604,20,,,1,70,,1154606,20,,,1
6101,'6',607,,1154612,24,,,1,31,,1154616,24,,,1,65,,1154650,23,,,1,26,,1154645,19,,,1,72,,1067058,19,,,1,30,,1071039,19,,,1,70,,1068504,19,,,1,32,,1154615,19,,,1,67,,1007830,19,,,1,31,,1154617,19,,,1,69,,1011885,19,,,1,30,,1154622,19,,,1,71,,1154652,19,,,1,30,,1154630,19,,,1,71,,1154649,19,,,1,30,,1154651,19,,,1,71,,1154613,19,,,1,31,,1154614,19,,,1,72,,1154633,19,,,1,32,,1154637,19,,,1,70,,1154625,19,,,1,32,,1154636,19,,,1,71,,1154639,19,,,1,30,,1154640,19,,,1,68,,1059057,19,,,1,14,,1154642,19,,,1,15,,1154629,19,,,1,12,,1154638,19,,,1,55,,1154621,19,,,1,26,,1154628,19,,,1,69,,1154647,19,,,1,30,,1154624,19,,,1,29,,1154644,19,,,1,70,,1154627,19,,,1,28,,1154643,19,,,1,70,,1154618,19,,,1,75,,941523,20,,,1,30,,1154634,20,,,1,70,,1062733,20,,,1
6101,'7',633,,1154660,34,,,1,70,,1154682,34,,,1,30,,1154670,20,,,1,70,,1154675,20,,,1,29,,1154679,20,,,1,71,,1154692,20,,,1,30,,1154667,20,,,1,70,,1154690,20,,,1,29,,1154696,20,,,1,70,,1154680,20,,,1,30,,1154665,20,,,1,70,,1154687,20,,,1,30,,1154657,20,,,1,70,,1154684,20,,,1,30,,1154681,20,,,1,70,,1154663,20,,,1,30,,1154659,20,,,1,70,,1154694,20,,,1,30,,1154685,20,,,1,70,,1154654,20,,,1,30,,1154671,20,,,1,70,,1154693,20,,,1,30,,1154678,20,,,1,70,,1154658,20,,,1,100,,1154664,20,,,1,100,,1154688,20,,,1,30,,1154672,20,,,1,69,,1154689,20,,,1,30,,1154662,20,,,1,70,,1154668,20,,,1,30,,1154669,20,,,1,70,,1154695,20,,,1,30,,1154673,20,,,1,70,,1154653,20,,,1
6101,'8',607,,1154697,24,,,1,31,,1154702,24,,,1,65,,1154750,23,,,1,26,,1154739,19,,,1,72,,1154705,19,,,1,30,,1154706,19,,,1,70,,1154748,19,,,1,32,,1154701,19,,,1,67,,1154704,19,,,1,31,,1154711,19,,,1,69,,1154747,19,,,1,30,,1154716,19,,,1,71,,1154752,19,,,1,30,,1154724,19,,,1,71,,1154749,19,,,1,30,,1154751,19,,,1,71,,1154698,19,,,1,31,,1154699,19,,,1,72,,1154727,19,,,1,32,,1154731,19,,,1,70,,1154719,19,,,1,32,,1154730,19,,,1,71,,1154733,19,,,1,30,,1154734,19,,,1,68,,1154710,19,,,1,14,,1154736,19,,,1,15,,1154723,19,,,1,12,,1154732,19,,,1,55,,1154715,19,,,1,26,,1154722,19,,,1,69,,1154743,19,,,1,30,,1154718,19,,,1,29,,1154738,19,,,1,70,,1154721,19,,,1,28,,1154737,19,,,1,70,,1154712,19,,,1,75,,1154746,20,,,1,30,,1154728,20,,,1,70,,1154745,20,,,1
6101,'9',607,,1154775,24,,,1,31,,1154778,24,,,1,65,,1154754,23,,,1,26,,1154800,19,,,1,72,,1154787,19,,,1,30,,935851,19,,,1,70,,1154759,19,,,1,32,,1154758,19,,,1,67,,1154782,19,,,1,31,,1065666,19,,,1,69,,1154773,19,,,1,30,,1154798,19,,,1,71,,1006420,19,,,1,30,,1083429,19,,,1,71,,1154757,19,,,1,30,,1154789,19,,,1,71,,1154783,19,,,1,31,,972905,19,,,1,72,,1154756,19,,,1,32,,1154767,19,,,1,70,,1154768,19,,,1,32,,1154786,19,,,1,71,,1154780,19,,,1,30,,1154788,19,,,1,68,,1154764,19,,,1,14,,1154765,19,,,1,15,,1154781,19,,,1,12,,1087863,19,,,1,55,,1154784,19,,,1,26,,1154777,19,,,1,69,,1154770,19,,,1,30,,1154769,19,,,1,29,,1154797,19,,,1,70,,1154779,19,,,1,28,,1154794,19,,,1,70,,1154792,19,,,1,75,,1154791,20,,,1,30,,1154793,20,,,1,70,,1154795,20,,,1
6200,'1',659,,1154806,26,,,1,72,,1154830,26,,,1,70,,1154831,26,,,1,30,,1154823,26,,,1,69,,1154824,26,,,1,30,,1154815,26,,,1,27,,1154818,26,,,1,70,,1154809,26,,,1,31,,942785,26,,,1,70,,1154807,26,,,1,30,,1154802,26,,,1,65,,1154810,25,,,1,35,,1154819,25,,,1,70,,1154812,25,,,1,30,,1154826,25,,,1,71,,1154820,25,,,1,30,,1154803,25,,,1,72,,1154816,25,,,1,70,,1154801,25,,,1,33,,1154821,25,,,1,72,,1154808,25,,,1,30,,1154811,25,,,1,68,,1067388,25,,,1,30,,1154817,25,,,1,23,,1154804,25,,,1,70,,1081684,25,,,1,30,,1154827,25,,,1,72,,1154814,26,,,1,30,,1064689,26,,,1,70,,1154813,26,,,1,23,,1094132,26,,,1,70,,1154828,26,,,1,30,,1154822,26,,,1,68,,1154805,26,,,1,31,,1154825,26,,,1,68,,1154829,26,,,1
6200,'10',659,,1154837,26,,,1,72,,1154861,26,,,1,70,,1154862,26,,,1,30,,1154854,26,,,1,69,,1154855,26,,,1,30,,1154846,26,,,1,27,,1154849,26,,,1,70,,1154840,26,,,1,31,,942422,26,,,1,70,,1154838,26,,,1,30,,1154833,26,,,1,65,,1154841,25,,,1,35,,1154850,25,,,1,70,,1154843,25,,,1,30,,1154857,25,,,1,71,,1154851,25,,,1,30,,1154834,25,,,1,72,,1154847,25,,,1,70,,1154832,25,,,1,33,,1154852,25,,,1,72,,1154839,25,,,1,30,,1154842,25,,,1,68,,1067096,25,,,1,30,,1154848,25,,,1,23,,1154835,25,,,1,70,,1081492,25,,,1,30,,1154858,25,,,1,72,,1154845,26,,,1,30,,1064540,26,,,1,70,,1154844,26,,,1,23,,1093912,26,,,1,70,,1154859,26,,,1,30,,1154853,26,,,1,68,,1154836,26,,,1,31,,1154856,26,,,1,68,,1154860,26,,,1
6200,'11',659,,1154868,26,,,1,72,,1154892,26,,,1,70,,1154893,26,,,1,30,,1154885,26,,,1,69,,1154886,26,,,1,30,,1154877,26,,,1,27,,1154880,26,,,1,70,,1154871,26,,,1,31,,942729,26,,,1,70,,1154869,26,,,1,30,,1154864,26,,,1,65,,1154872,25,,,1,35,,1154881,25,,,1,70,,1154874,25,,,1,30,,1154888,25,,,1,71,,1154882,25,,,1,30,,1154865,25,,,1,72,,1154878,25,,,1,70,,1154863,25,,,1,33,,1154883,25,,,1,72,,1154870,25,,,1,30,,1154873,25,,,1,68,,1067470,25,,,1,30,,1154879,25,,,1,23,,1154866,25,,,1,70,,1081741,25,,,1,30,,1154889,25,,,1,72,,1154876,26,,,1,30,,1064736,26,,,1,70,,1154875,26,,,1,23,,1094195,26,,,1,70,,1154890,26,,,1,30,,1154884,26,,,1,68,,1154867,26,,,1,31,,1154887,26,,,1,68,,1154891,26,,,1
6200,'12',659,,1154920,26,,,1,72,,1154895,26,,,1,70,,1063545,26,,,1,30,,1154924,26,,,1,69,,1154910,26,,,1,30,,1154917,26,,,1,27,,1154898,26,,,1,70,,1154916,26,,,1,31,,1154909,26,,,1,70,,1154900,26,,,1,30,,1154899,26,,,1,65,,1154896,25,,,1,35,,950031,25,,,1,70,,1154919,25,,,1,30,,1154923,25,,,1,71,,1154905,25,,,1,30,,1154902,25,,,1,72,,1154915,25,,,1,70,,1154911,25,,,1,33,,1024617,25,,,1,72,,1154894,25,,,1,30,,1154908,25,,,1,68,,1154921,25,,,1,30,,1154914,25,,,1,23,,1062042,25,,,1,70,,1154906,25,,,1,30,,1154904,25,,,1,72,,1154918,26,,,1,30,,1154901,26,,,1,70,,1154903,26,,,1,23,,1154925,26,,,1,70,,1154913,26,,,1,30,,1154912,26,,,1,68,,1154922,26,,,1,31,,1154897,26,,,1,68,,1154907,26,,,1
6200,'13',729,,1154945,29,,,1,30,,1089104,29,,,1,72,,1154949,29,,,1,70,,1154955,29,,,1,30,,1154931,29,,,1,70,,1154943,29,,,1,30,,1154953,29,,,1,70,,1154937,29,,,1,30,,1154939,29,,,1,70,,1154948,29,,,1,30,,1154930,29,,,1,70,,1154934,29,,,1,30,,1154933,29,,,1,70,,1077218,29,,,1,30,,1154942,29,,,1,70,,1154927,29,,,1,30,,1154941,29,,,1,70,,1154950,29,,,1,30,,1154928,29,,,1,70,,1154936,29,,,1,30,,1154940,29,,,1,70,,1154932,29,,,1,30,,1154944,29,,,1,70,,1154947,29,,,1,30,,1154946,29,,,1,70,,1154951,29,,,1,30,,1154929,29,,,1,70,,1154938,29,,,1,28,,1154954,29,,,1,30,,1154926,29,,,1,70,,1154935,29,,,1,30,,1154952,29,,,1
6200,'14',659,,1154963,26,,,1,72,,1154989,26,,,1,70,,1154991,26,,,1,30,,1154982,26,,,1,69,,1154983,26,,,1,30,,1154973,26,,,1,27,,1154976,26,,,1,70,,1154966,26,,,1,31,,1154979,26,,,1,70,,1154964,26,,,1,30,,1154959,26,,,1,65,,1154967,25,,,1,35,,1154977,25,,,1,70,,1154969,25,,,1,30,,1154985,25,,,1,71,,1154978,25,,,1,30,,1154960,25,,,1,72,,1154974,25,,,1,70,,1154956,25,,,1,33,,1154980,25,,,1,72,,1154965,25,,,1,30,,1154968,25,,,1,68,,1154958,25,,,1,30,,1154975,25,,,1,23,,1154961,25,,,1,70,,1154990,25,,,1,30,,1154986,25,,,1,72,,1154971,26,,,1,30,,1154972,26,,,1,70,,1154970,26,,,1,23,,1154957,26,,,1,70,,1154987,26,,,1,30,,1154981,26,,,1,68,,1154962,26,,,1,31,,1154984,26,,,1,68,,1154988,26,,,1
6200,'15',659,,1155015,26,,,1,72,,1155001,26,,,1,70,,1155014,26,,,1,30,,1155006,26,,,1,69,,1155007,26,,,1,30,,1155026,26,,,1,27,,1154997,26,,,1,70,,1155021,26,,,1,31,,1154999,26,,,1,70,,1155009,26,,,1,30,,1155008,26,,,1,65,,1154994,25,,,1,35,,1155024,25,,,1,70,,1155017,25,,,1,30,,1155027,25,,,1,71,,1154996,25,,,1,30,,1154992,25,,,1,72,,1155025,25,,,1,70,,1155016,25,,,1,33,,1155005,25,,,1,72,,1154995,25,,,1,30,,1155012,25,,,1,68,,1155023,25,,,1,30,,1155022,25,,,1,23,,1154993,25,,,1,70,,1155019,25,,,1,30,,1155003,25,,,1,72,,1155002,26,,,1,30,,1154998,26,,,1,70,,1155018,26,,,1,23,,1155000,26,,,1,70,,1155010,26,,,1,30,,1155011,26,,,1,68,,1155013,26,,,1,31,,1155020,26,,,1,68,,1155004,26,,,1
6200,'16',659,,1155055,26,,,1,72,,1155029,26,,,1,70,,1155058,26,,,1,30,,1155059,26,,,1,69,,1155045,26,,,1,30,,1155052,26,,,1,27,,1155034,26,,,1,70,,1155051,26,,,1,31,,1155044,26,,,1,70,,1155036,26,,,1,30,,1155035,26,,,1,65,,1155032,25,,,1,35,,1155060,25,,,1,70,,1155054,25,,,1,30,,1070984,25,,,1,71,,1155041,25,,,1,30,,1155038,25,,,1,72,,1155050,25,,,1,70,,1155046,25,,,1,33,,1155031,25,,,1,72,,1155028,25,,,1,30,,1155043,25,,,1,68,,1155056,25,,,1,30,,1155049,25,,,1,23,,1155030,25,,,1,70,,1062168,25,,,1,30,,1155040,25,,,1,72,,1155053,26,,,1,30,,1155037,26,,,1,70,,1155039,26,,,1,23,,1077993,26,,,1,70,,1155048,26,,,1,30,,1155047,26,,,1,68,,1155057,26,,,1,31,,1155033,26,,,1,68,,1155042,26,,,1
6200,'17',729,,1155082,29,,,1,30,,1155069,29,,,1,72,,1155086,29,,,1,70,,1155092,29,,,1,30,,1155067,29,,,1,70,,1155080,29,,,1,30,,1155090,29,,,1,70,,1155074,29,,,1,30,,1155076,29,,,1,70,,1155085,29,,,1,30,,1155065,29,,,1,70,,1155071,29,,,1,30,,1155070,29,,,1,70,,1155066,29,,,1,30,,1155079,29,,,1,70,,1155062,29,,,1,30,,1155078,29,,,1,70,,1155087,29,,,1,30,,1155063,29,,,1,70,,1155073,29,,,1,30,,1155077,29,,,1,70,,1155068,29,,,1,30,,1155081,29,,,1,70,,1155084,29,,,1,30,,1155083,29,,,1,70,,1155088,29,,,1,30,,1155064,29,,,1,70,,1155075,29,,,1,28,,1155091,29,,,1,30,,1155061,29,,,1,70,,1155072,29,,,1,30,,1155089,29,,,1
6200,'2',634,,1155094,29,,,1,76,,1155120,29,,,1,30,,1155119,29,,,1,70,,1155114,29,,,1,30,,1155096,29,,,1,70,,1155108,29,,,1,31,,1155095,29,,,1,70,,1155099,29,,,1,31,,1155097,29,,,1,70,,1155107,29,,,1,30,,1155105,29,,,1,70,,1155115,29,,,1,31,,1087065,29,,,1,70,,1155109,29,,,1,30,,1097267,29,,,1,70,,1155098,29,,,1,30,,1155104,29,,,1,70,,1155118,29,,,1,30,,1072230,29,,,1,70,,1155106,29,,,1,29,,1155093,29,,,1,70,,1155101,29,,,1,30,,1155100,29,,,1,70,,1155116,29,,,1,29,,1155121,29,,,1,70,,1155103,29,,,1,30,,1155113,29,,,1,70,,1155112,29,,,1,30,,1155122,29,,,1,70,,1155111,29,,,1,28,,1155110,29,,,1,70,,1155117,29,,,1,30,,1155102,29,,,1
6200,'3',729,,1155144,29,,,1,30,,1155131,29,,,1,72,,1155148,29,,,1,70,,1155154,29,,,1,30,,1155129,29,,,1,70,,1155142,29,,,1,30,,1155152,29,,,1,70,,1155136,29,,,1,30,,1155138,29,,,1,70,,1155147,29,,,1,30,,1155127,29,,,1,70,,1155133,29,,,1,30,,1155132,29,,,1,70,,1155128,29,,,1,30,,1155141,29,,,1,70,,1155124,29,,,1,30,,1155140,29,,,1,70,,1155149,29,,,1,30,,1155125,29,,,1,70,,1155135,29,,,1,30,,1155139,29,,,1,70,,1155130,29,,,1,30,,1155143,29,,,1,70,,1155146,29,,,1,30,,1155145,29,,,1,70,,1155150,29,,,1,30,,1155126,29,,,1,70,,1155137,29,,,1,28,,1155153,29,,,1,30,,1155123,29,,,1,70,,1155134,29,,,1,30,,1155151,29,,,1
6200,'4',729,,1155179,29,,,1,30,,1155171,29,,,1,72,,1155158,29,,,1,70,,1155159,29,,,1,30,,1155165,29,,,1,70,,1155178,29,,,1,30,,1155167,29,,,1,70,,1155169,29,,,1,30,,1155161,29,,,1,70,,1155174,29,,,1,30,,1155164,29,,,1,70,,1155175,29,,,1,30,,1155168,29,,,1,70,,1155155,29,,,1,30,,1155176,29,,,1,70,,1155162,29,,,1,30,,1155181,29,,,1,70,,1155166,29,,,1,30,,1155183,29,,,1,70,,1155157,29,,,1,30,,1155156,29,,,1,70,,1155177,29,,,1,30,,1155160,29,,,1,70,,1048354,29,,,1,30,,1155185,29,,,1,70,,1155170,29,,,1,30,,1155173,29,,,1,70,,1155163,29,,,1,28,,1155172,29,,,1,30,,1155182,29,,,1,70,,1155180,29,,,1,30,,1155184,29,,,1
6200,'5',659,,1155191,26,,,1,72,,1155215,26,,,1,70,,1155216,26,,,1,30,,1155208,26,,,1,69,,1155209,26,,,1,30,,1155200,26,,,1,27,,1155203,26,,,1,70,,1155194,26,,,1,31,,942957,26,,,1,70,,1155192,26,,,1,30,,1155187,26,,,1,65,,1155195,25,,,1,35,,1155204,25,,,1,70,,1155197,25,,,1,30,,1155211,25,,,1,71,,1155205,25,,,1,30,,1155188,25,,,1,72,,1155201,25,,,1,70,,1155186,25,,,1,33,,1155206,25,,,1,72,,1155193,25,,,1,30,,1155196,25,,,1,68,,1067347,25,,,1,30,,1155202,25,,,1,23,,1155189,25,,,1,70,,1081651,25,,,1,30,,1155212,25,,,1,72,,1155199,26,,,1,30,,1064668,26,,,1,70,,1155198,26,,,1,23,,1094093,26,,,1,70,,1155213,26,,,1,30,,1155207,26,,,1,68,,1155190,26,,,1,31,,1155210,26,,,1,68,,1155214,26,,,1
6200,'6',659,,1155241,26,,,1,72,,1068473,26,,,1,70,,1155244,26,,,1,30,,1072693,26,,,1,69,,1155231,26,,,1,30,,1155238,26,,,1,27,,1155220,26,,,1,70,,1155237,26,,,1,31,,1155230,26,,,1,70,,1155222,26,,,1,30,,1155221,26,,,1,65,,961127,25,,,1,35,,1155247,25,,,1,70,,1155240,25,,,1,30,,1155245,25,,,1,71,,1155227,25,,,1,30,,1155224,25,,,1,72,,1155236,25,,,1,70,,1155232,25,,,1,33,,1155218,25,,,1,72,,1076386,25,,,1,30,,1155229,25,,,1,68,,1155242,25,,,1,30,,1155235,25,,,1,23,,1155217,25,,,1,70,,1155228,25,,,1,30,,1155226,25,,,1,72,,1155239,26,,,1,30,,1155223,26,,,1,70,,1155225,26,,,1,23,,1155246,26,,,1,70,,1155234,26,,,1,30,,1155233,26,,,1,68,,1155243,26,,,1,31,,1155219,26,,,1,68,,1101239,26,,,1
6200,'7',634,,1155254,29,,,1,76,,1155265,29,,,1,30,,1155264,29,,,1,70,,1155266,29,,,1,30,,1155248,29,,,1,70,,1155258,29,,,1,31,,1155257,29,,,1,70,,1155267,29,,,1,31,,1155252,29,,,1,70,,1155274,29,,,1,30,,1155270,29,,,1,70,,1155256,29,,,1,31,,1155272,29,,,1,70,,1155277,29,,,1,30,,1155262,29,,,1,70,,1155279,29,,,1,30,,1155259,29,,,1,70,,1155249,29,,,1,30,,1155250,29,,,1,70,,1155268,29,,,1,29,,1155280,29,,,1,70,,1155255,29,,,1,30,,1155273,29,,,1,70,,1155251,29,,,1,29,,1155278,29,,,1,70,,1155263,29,,,1,30,,1155276,29,,,1,70,,1155261,29,,,1,30,,1155275,29,,,1,70,,1155260,29,,,1,28,,1155269,29,,,1,70,,1155271,29,,,1,30,,1155253,29,,,1
6200,'8',659,,1155309,26,,,1,72,,1155282,26,,,1,70,,1155312,26,,,1,30,,1155314,26,,,1,69,,1155299,26,,,1,30,,1155306,26,,,1,27,,1155287,26,,,1,70,,1155305,26,,,1,31,,1155298,26,,,1,70,,1155289,26,,,1,30,,1155288,26,,,1,65,,1155285,25,,,1,35,,1155316,25,,,1,70,,1155308,25,,,1,30,,1155313,25,,,1,71,,1155294,25,,,1,30,,1155291,25,,,1,72,,1155304,25,,,1,70,,1155300,25,,,1,33,,1155284,25,,,1,72,,1155281,25,,,1,30,,1155297,25,,,1,68,,1155310,25,,,1,30,,1155303,25,,,1,23,,1155283,25,,,1,70,,1155295,25,,,1,30,,1155293,25,,,1,72,,1155307,26,,,1,30,,1155290,26,,,1,70,,1155292,26,,,1,23,,1155315,26,,,1,70,,1155302,26,,,1,30,,1155301,26,,,1,68,,1155311,26,,,1,31,,1155286,26,,,1,68,,1155296,26,,,1
6200,'9',659,,1155322,26,,,1,72,,1155346,26,,,1,70,,1155347,26,,,1,30,,1155339,26,,,1,69,,1155340,26,,,1,30,,1155331,26,,,1,27,,1155334,26,,,1,70,,1155325,26,,,1,31,,942901,26,,,1,70,,1155323,26,,,1,30,,1155318,26,,,1,65,,1155326,25,,,1,35,,1155335,25,,,1,70,,1155328,25,,,1,30,,1155342,25,,,1,71,,1155336,25,,,1,30,,1155319,25,,,1,72,,1155332,25,,,1,70,,1155317,25,,,1,33,,1155337,25,,,1,72,,1155324,25,,,1,30,,1155327,25,,,1,68,,1067188,25,,,1,30,,1155333,25,,,1,23,,1155320,25,,,1,70,,1081549,25,,,1,30,,1155343,25,,,1,72,,1155330,26,,,1,30,,1064587,26,,,1,70,,1155329,26,,,1,23,,1093982,26,,,1,70,,1155344,26,,,1,30,,1155338,26,,,1,68,,1155321,26,,,1,31,,1155341,26,,,1,68,,1155345,26,,,1
6201,'1',607,,1155363,24,,,1,28,,1155371,24,,,1,66,,1155364,23,,,1,30,,938243,23,,,1,70,,1155358,23,,,1,33,,1155350,23,,,1,68,,1155356,23,,,1,30,,1155359,23,,,1,70,,1155366,23,,,1,30,,1155353,23,,,1,70,,1155373,23,,,1,30,,1155377,23,,,1,25,,1155375,23,,,1,70,,1155374,23,,,1,30,,1074978,23,,,1,71,,1155379,23,,,1,30,,1155368,23,,,1,70,,1155376,23,,,1,30,,1155378,23,,,1,71,,1155365,23,,,1,71,,1155370,23,,,1,30,,1155352,23,,,1,29,,1064916,23,,,1,70,,944323,23,,,1,28,,1090886,23,,,1,70,,1155372,23,,,1,30,,1155369,23,,,1,70,,1155349,23,,,1,31,,1155348,23,,,1,70,,1155361,23,,,1,30,,1155351,23,,,1,70,,1155357,23,,,1,30,,962785,23,,,1,69,,1155355,23,,,1,76,,1155354,24,,,1,30,,1155367,24,,,1,70,,1155362,24,,,1,35,,1155360,24,,,1
6201,'10',607,,1155395,24,,,1,28,,1155403,24,,,1,66,,1155396,23,,,1,30,,937875,23,,,1,70,,1155390,23,,,1,33,,1155382,23,,,1,68,,1155388,23,,,1,30,,1155391,23,,,1,70,,1155398,23,,,1,30,,1155385,23,,,1,70,,1155405,23,,,1,30,,1155409,23,,,1,25,,1155407,23,,,1,70,,1155406,23,,,1,30,,1074606,23,,,1,71,,1155411,23,,,1,30,,1155400,23,,,1,70,,1155408,23,,,1,30,,1155410,23,,,1,71,,1155397,23,,,1,71,,1155402,23,,,1,30,,1155384,23,,,1,29,,1064781,23,,,1,70,,944058,23,,,1,28,,1090645,23,,,1,70,,1155404,23,,,1,30,,1155401,23,,,1,70,,1155381,23,,,1,31,,1155380,23,,,1,70,,1155393,23,,,1,30,,1155383,23,,,1,70,,1155389,23,,,1,30,,962549,23,,,1,69,,1155387,23,,,1,76,,1155386,24,,,1,30,,1155399,24,,,1,70,,1155394,24,,,1,35,,1155392,24,,,1
6201,'11',607,,1155427,24,,,1,28,,1155435,24,,,1,66,,1155428,23,,,1,30,,938197,23,,,1,70,,1155422,23,,,1,33,,1155414,23,,,1,68,,1155420,23,,,1,30,,1155423,23,,,1,70,,1155430,23,,,1,30,,1155417,23,,,1,70,,1155437,23,,,1,30,,1155441,23,,,1,25,,1155439,23,,,1,70,,1155438,23,,,1,30,,1075084,23,,,1,71,,1155443,23,,,1,30,,1155432,23,,,1,70,,1155440,23,,,1,30,,1155442,23,,,1,71,,1155429,23,,,1,71,,1155434,23,,,1,30,,1155416,23,,,1,29,,1064961,23,,,1,70,,944275,23,,,1,28,,1090957,23,,,1,70,,1155436,23,,,1,30,,1155433,23,,,1,70,,1155413,23,,,1,31,,1155412,23,,,1,70,,1155425,23,,,1,30,,1155415,23,,,1,70,,1155421,23,,,1,30,,962743,23,,,1,69,,1155419,23,,,1,76,,1155418,24,,,1,30,,1155431,24,,,1,70,,1155426,24,,,1,35,,1155424,24,,,1
6201,'12',607,,1155463,24,,,1,28,,1155458,24,,,1,66,,1155452,23,,,1,30,,1155456,23,,,1,70,,1155450,23,,,1,33,,1155448,23,,,1,68,,1155462,23,,,1,30,,1155465,23,,,1,70,,1155472,23,,,1,30,,1155445,23,,,1,70,,1155453,23,,,1,30,,1155469,23,,,1,25,,1155457,23,,,1,70,,1155471,23,,,1,30,,1155474,23,,,1,71,,1155473,23,,,1,30,,1084985,23,,,1,70,,1155444,23,,,1,30,,1155446,23,,,1,71,,1155447,23,,,1,71,,1155467,23,,,1,30,,1155459,23,,,1,29,,1155455,23,,,1,70,,1016321,23,,,1,28,,997690,23,,,1,70,,1155476,23,,,1,30,,1155475,23,,,1,70,,1155470,23,,,1,31,,1155466,23,,,1,70,,1155449,23,,,1,30,,1072315,23,,,1,70,,1155461,23,,,1,30,,1155460,23,,,1,69,,1155468,23,,,1,76,,1155454,24,,,1,30,,1155451,24,,,1,70,,1073800,24,,,1,35,,1155464,24,,,1
6201,'13',829,,1155480,24,,,1,71,,1155479,24,,,1,30,,1155494,24,,,1,70,,1155498,24,,,1,30,,1155504,24,,,1,71,,1083097,24,,,1,30,,1155500,24,,,1,70,,1155497,24,,,1,30,,1155492,24,,,1,70,,1155505,24,,,1,30,,1155489,24,,,1,70,,1155502,24,,,1,30,,1155484,24,,,1,70,,1155486,24,,,1,30,,1155485,24,,,1,70,,1155503,24,,,1,30,,1155488,24,,,1,70,,1155496,24,,,1,30,,1155501,24,,,1,70,,1155495,24,,,1,30,,1155490,24,,,1,70,,1155499,24,,,1,30,,1155493,24,,,1,70,,1155491,24,,,1,30,,1155487,24,,,1,28,,1155483,24,,,1,70,,1155481,24,,,1,30,,1155482,24,,,1,70,,1155477,24,,,1,30,,1155478,24,,,1
6201,'14',607,,1155522,24,,,1,28,,1155530,24,,,1,66,,1155523,23,,,1,30,,1155543,23,,,1,70,,1155517,23,,,1,33,,1155509,23,,,1,68,,1155515,23,,,1,30,,1155518,23,,,1,70,,1155525,23,,,1,30,,1155512,23,,,1,70,,1155532,23,,,1,30,,1155536,23,,,1,25,,1155534,23,,,1,70,,1155533,23,,,1,30,,1155506,23,,,1,71,,1155542,23,,,1,30,,1155527,23,,,1,70,,1155535,23,,,1,30,,1155540,23,,,1,71,,1155524,23,,,1,71,,1155529,23,,,1,30,,1155511,23,,,1,29,,1155539,23,,,1,70,,1155537,23,,,1,28,,1155541,23,,,1,70,,1155531,23,,,1,30,,1155528,23,,,1,70,,1155508,23,,,1,31,,1155507,23,,,1,70,,1155520,23,,,1,30,,1155510,23,,,1,70,,1155516,23,,,1,30,,1155538,23,,,1,69,,1155514,23,,,1,76,,1155513,24,,,1,30,,1155526,24,,,1,70,,1155521,24,,,1,35,,1155519,24,,,1
6201,'15',607,,1155554,24,,,1,28,,1155577,24,,,1,66,,1155560,23,,,1,30,,1155544,23,,,1,70,,1155561,23,,,1,33,,1155555,23,,,1,68,,1155567,23,,,1,30,,1155548,23,,,1,70,,1155565,23,,,1,30,,1155557,23,,,1,70,,1155574,23,,,1,30,,1155558,23,,,1,25,,1155552,23,,,1,70,,1155569,23,,,1,30,,1155559,23,,,1,71,,1155547,23,,,1,30,,1155553,23,,,1,70,,1155568,23,,,1,30,,1155550,23,,,1,71,,1155549,23,,,1,71,,1155579,23,,,1,30,,1155571,23,,,1,29,,1155578,23,,,1,70,,1155556,23,,,1,28,,1155580,23,,,1,70,,1155576,23,,,1,30,,1155546,23,,,1,70,,1155563,23,,,1,31,,1155575,23,,,1,70,,1155572,23,,,1,30,,1155566,23,,,1,70,,1155581,23,,,1,30,,1155564,23,,,1,69,,1155562,23,,,1,76,,1155545,24,,,1,30,,1155573,24,,,1,70,,1155570,24,,,1,35,,1155551,24,,,1
6201,'16',607,,1155601,24,,,1,28,,1155596,24,,,1,66,,1155590,23,,,1,30,,1155594,23,,,1,70,,1085626,23,,,1,33,,1155588,23,,,1,68,,1155600,23,,,1,30,,1070339,23,,,1,70,,1155608,23,,,1,30,,953204,23,,,1,70,,1155591,23,,,1,30,,1155605,23,,,1,25,,1155595,23,,,1,70,,1155607,23,,,1,30,,1155610,23,,,1,71,,1155609,23,,,1,30,,1155582,23,,,1,70,,1155583,23,,,1,30,,1155584,23,,,1,71,,1155587,23,,,1,71,,1155604,23,,,1,30,,1155597,23,,,1,29,,1155593,23,,,1,70,,1155613,23,,,1,28,,1155586,23,,,1,70,,1155611,23,,,1,30,,1061785,23,,,1,70,,1155606,23,,,1,31,,1155603,23,,,1,70,,1155589,23,,,1,30,,1155612,23,,,1,70,,1155599,23,,,1,30,,1155598,23,,,1,69,,1066191,23,,,1,76,,1155592,24,,,1,30,,1061776,24,,,1,70,,1155585,24,,,1,35,,1155602,24,,,1
6201,'17',829,,1155617,24,,,1,71,,1155616,24,,,1,30,,1155631,24,,,1,70,,1155635,24,,,1,30,,1155641,24,,,1,71,,1155643,24,,,1,30,,1155637,24,,,1,70,,1155634,24,,,1,30,,1155629,24,,,1,70,,1155642,24,,,1,30,,1155626,24,,,1,70,,1155639,24,,,1,30,,1155621,24,,,1,70,,1155623,24,,,1,30,,1155622,24,,,1,70,,1155640,24,,,1,30,,1155625,24,,,1,70,,1155633,24,,,1,30,,1155638,24,,,1,70,,1155632,24,,,1,30,,1155627,24,,,1,70,,1155636,24,,,1,30,,1155630,24,,,1,70,,1155628,24,,,1,30,,1155624,24,,,1,28,,1155620,24,,,1,70,,1155618,24,,,1,30,,1155619,24,,,1,70,,1155614,24,,,1,30,,1155615,24,,,1
6201,'2',746,,1155658,24,,,1,70,,1155645,24,,,1,30,,1155672,24,,,1,70,,1155660,24,,,1,30,,1068163,24,,,1,70,,1155664,24,,,1,30,,1155670,24,,,1,70,,1155651,24,,,1,30,,1008920,24,,,1,70,,1155644,24,,,1,30,,1155666,24,,,1,70,,1155659,24,,,1,30,,1155673,24,,,1,70,,1155661,24,,,1,30,,1155654,24,,,1,70,,1155650,24,,,1,30,,1155669,24,,,1,70,,1155648,24,,,1,30,,1155655,24,,,1,70,,1155662,24,,,1,30,,1155652,24,,,1,70,,1155665,24,,,1,30,,1155671,24,,,1,70,,1155653,24,,,1,30,,1155663,24,,,1,70,,1155668,24,,,1,28,,1155667,24,,,1,70,,1155657,24,,,1,30,,1155647,24,,,1,70,,1155646,24,,,1,30,,1155649,24,,,1,70,,1155656,24,,,1
6201,'3',829,,1155677,24,,,1,71,,1155676,24,,,1,30,,1155691,24,,,1,70,,1155695,24,,,1,30,,1155701,24,,,1,71,,1155703,24,,,1,30,,1155697,24,,,1,70,,1155694,24,,,1,30,,1155689,24,,,1,70,,1155702,24,,,1,30,,1155686,24,,,1,70,,1155699,24,,,1,30,,1155681,24,,,1,70,,1155683,24,,,1,30,,1155682,24,,,1,70,,1155700,24,,,1,30,,1155685,24,,,1,70,,1155693,24,,,1,30,,1155698,24,,,1,70,,1155692,24,,,1,30,,1155687,24,,,1,70,,1155696,24,,,1,30,,1155690,24,,,1,70,,1155688,24,,,1,30,,1155684,24,,,1,28,,1155680,24,,,1,70,,1155678,24,,,1,30,,1155679,24,,,1,70,,1155674,24,,,1,30,,1155675,24,,,1
6201,'4',829,,1155709,24,,,1,71,,1155730,24,,,1,30,,1155715,24,,,1,70,,1155717,24,,,1,30,,1090786,24,,,1,71,,1155704,24,,,1,30,,1155713,24,,,1,70,,1155728,24,,,1,30,,1155718,24,,,1,70,,1155731,24,,,1,30,,1155714,24,,,1,70,,1155727,24,,,1,30,,1155724,24,,,1,70,,1155725,24,,,1,30,,1155710,24,,,1,70,,1155719,24,,,1,30,,1155716,24,,,1,70,,1155706,24,,,1,30,,1155720,24,,,1,70,,1155722,24,,,1,30,,1155708,24,,,1,70,,1155721,24,,,1,30,,1155726,24,,,1,70,,858542,24,,,1,30,,1155712,24,,,1,28,,1155711,24,,,1,70,,1155707,24,,,1,30,,1155705,24,,,1,70,,1155729,24,,,1,30,,1155723,24,,,1
6201,'5',607,,1155747,24,,,1,28,,1155755,24,,,1,66,,1155748,23,,,1,30,,938399,23,,,1,70,,1155742,23,,,1,33,,1155734,23,,,1,68,,1155740,23,,,1,30,,1155743,23,,,1,70,,1155750,23,,,1,30,,1155737,23,,,1,70,,1155757,23,,,1,30,,1155761,23,,,1,25,,1155759,23,,,1,70,,1155758,23,,,1,30,,1074926,23,,,1,71,,1155763,23,,,1,30,,1155752,23,,,1,70,,1155760,23,,,1,30,,1155762,23,,,1,71,,1155749,23,,,1,71,,1155754,23,,,1,30,,1155736,23,,,1,29,,1064897,23,,,1,70,,944470,23,,,1,28,,1090852,23,,,1,70,,1155756,23,,,1,30,,1155753,23,,,1,70,,1155733,23,,,1,31,,1155732,23,,,1,70,,1155745,23,,,1,30,,1155735,23,,,1,70,,1155741,23,,,1,30,,962911,23,,,1,69,,1155739,23,,,1,76,,1155738,24,,,1,30,,1155751,24,,,1,70,,1155746,24,,,1,35,,1155744,24,,,1
6201,'6',607,,1155782,24,,,1,28,,1155777,24,,,1,66,,1155772,23,,,1,30,,1155775,23,,,1,70,,1155770,23,,,1,33,,1065204,23,,,1,68,,1155781,23,,,1,30,,1155784,23,,,1,70,,1155791,23,,,1,30,,1155766,23,,,1,70,,1155773,23,,,1,30,,1155788,23,,,1,25,,1155776,23,,,1,70,,1155790,23,,,1,30,,1155793,23,,,1,71,,1155792,23,,,1,30,,1155764,23,,,1,70,,1155765,23,,,1,30,,1066623,23,,,1,71,,1094238,23,,,1,71,,1155786,23,,,1,30,,1155778,23,,,1,29,,1155774,23,,,1,70,,1155796,23,,,1,28,,1155768,23,,,1,70,,1055289,23,,,1,30,,1155794,23,,,1,70,,1155789,23,,,1,31,,1155785,23,,,1,70,,1155769,23,,,1,30,,1155795,23,,,1,70,,1155780,23,,,1,30,,1155779,23,,,1,69,,1155787,23,,,1,76,,1049603,24,,,1,30,,1155771,24,,,1,70,,1155767,24,,,1,35,,1155783,24,,,1
6201,'7',746,,1155809,24,,,1,70,,1155802,24,,,1,30,,1155827,24,,,1,70,,1155818,24,,,1,30,,1155806,24,,,1,70,,1155817,24,,,1,30,,1155824,24,,,1,70,,1155803,24,,,1,30,,1155805,24,,,1,70,,1155825,24,,,1,30,,1155812,24,,,1,70,,1155826,24,,,1,30,,1155819,24,,,1,70,,1155801,24,,,1,30,,1155814,24,,,1,70,,1155800,24,,,1,30,,1155822,24,,,1,70,,1155815,24,,,1,30,,1155828,24,,,1,70,,1155820,24,,,1,30,,1155798,24,,,1,70,,1155804,24,,,1,30,,1155813,24,,,1,70,,1155808,24,,,1,30,,1155823,24,,,1,70,,1155816,24,,,1,28,,1155807,24,,,1,70,,1155821,24,,,1,30,,1155799,24,,,1,70,,1155811,24,,,1,30,,1155797,24,,,1,70,,1155810,24,,,1
6201,'8',607,,1155851,24,,,1,28,,1155846,24,,,1,66,,1155840,23,,,1,30,,1155844,23,,,1,70,,1155838,23,,,1,33,,1155836,23,,,1,68,,1155850,23,,,1,30,,1155853,23,,,1,70,,1155860,23,,,1,30,,1155831,23,,,1,70,,1155841,23,,,1,30,,1155857,23,,,1,25,,1155845,23,,,1,70,,1155859,23,,,1,30,,1155862,23,,,1,71,,1155861,23,,,1,30,,1155829,23,,,1,70,,1155830,23,,,1,30,,1155832,23,,,1,71,,1155835,23,,,1,71,,1155855,23,,,1,30,,1155847,23,,,1,29,,1155843,23,,,1,70,,1155866,23,,,1,28,,1155834,23,,,1,70,,1155864,23,,,1,30,,1155863,23,,,1,70,,1155858,23,,,1,31,,1155854,23,,,1,70,,1155837,23,,,1,30,,1155865,23,,,1,70,,1155849,23,,,1,30,,1155848,23,,,1,69,,1155856,23,,,1,76,,1155842,24,,,1,30,,1155839,24,,,1,70,,1155833,24,,,1,35,,1155852,24,,,1
6201,'9',607,,1155882,24,,,1,28,,1155890,24,,,1,66,,1155883,23,,,1,30,,938353,23,,,1,70,,1155877,23,,,1,33,,1155869,23,,,1,68,,1155875,23,,,1,30,,1155878,23,,,1,70,,1155885,23,,,1,30,,1155872,23,,,1,70,,1155892,23,,,1,30,,1155896,23,,,1,25,,1155894,23,,,1,70,,1155893,23,,,1,30,,1074720,23,,,1,71,,1155898,23,,,1,30,,1155887,23,,,1,70,,1155895,23,,,1,30,,1155897,23,,,1,71,,1155884,23,,,1,71,,1155889,23,,,1,30,,1155871,23,,,1,29,,1064823,23,,,1,70,,944422,23,,,1,28,,1090717,23,,,1,70,,1155891,23,,,1,30,,1155888,23,,,1,70,,1155868,23,,,1,31,,1155867,23,,,1,70,,1155880,23,,,1,30,,1155870,23,,,1,70,,1155876,23,,,1,30,,962869,23,,,1,69,,1155874,23,,,1,76,,1155873,24,,,1,30,,1155886,24,,,1,70,,1155881,24,,,1,35,,1155879,24,,,1
6701,'1',639,,1157882,2,,,1,70,,1157863,2,,,1,30,,1091308,2,,,1,71,,1157867,2,,,1,29,,1157877,2,,,1,70,,1068561,2,,,1,30,,1157874,2,,,1,70,,1157871,2,,,1,30,,1157866,2,,,1,70,,1007574,2,,,1,30,,1077690,2,,,1,70,,1157879,2,,,1,30,,1157883,2,,,1,70,,1157872,2,,,1,30,,1157884,2,,,1,70,,1157875,2,,,1,30,,1157869,2,,,1,70,,1157862,2,,,1,30,,1157881,2,,,1,70,,1157870,2,,,1,336,,1157880,2,,,1,68,,1157868,2,,,1,100,,941152,2,,,1
6701,'10',639,,1157905,2,,,1,70,,1157886,2,,,1,30,,1091031,2,,,1,71,,1157890,2,,,1,29,,1157900,2,,,1,70,,1068522,2,,,1,30,,1157897,2,,,1,70,,1157894,2,,,1,30,,1157889,2,,,1,70,,1007680,2,,,1,30,,1077648,2,,,1,70,,1157902,2,,,1,30,,1157906,2,,,1,70,,1157895,2,,,1,30,,1157907,2,,,1,70,,1157898,2,,,1,30,,1157892,2,,,1,70,,1157885,2,,,1,30,,1157904,2,,,1,70,,1157893,2,,,1,336,,1157903,2,,,1,68,,1157891,2,,,1,100,,940879,2,,,1
6701,'11',639,,1157928,2,,,1,70,,1157909,2,,,1,30,,1091382,2,,,1,71,,1157913,2,,,1,29,,1157923,2,,,1,70,,1068574,2,,,1,30,,1157920,2,,,1,70,,1157917,2,,,1,30,,1157912,2,,,1,70,,1007545,2,,,1,30,,1077704,2,,,1,70,,1157925,2,,,1,30,,1157929,2,,,1,70,,1157918,2,,,1,30,,1157930,2,,,1,70,,1157921,2,,,1,30,,1157915,2,,,1,70,,1157908,2,,,1,30,,1157927,2,,,1,70,,1157916,2,,,1,336,,1157926,2,,,1,68,,1157914,2,,,1,100,,941104,2,,,1
6701,'12',639,,1157942,2,,,1,70,,1099284,2,,,1,30,,1157948,2,,,1,71,,1157932,2,,,1,29,,1157933,2,,,1,70,,1157943,2,,,1,30,,1157957,2,,,1,70,,1157934,2,,,1,30,,1157941,2,,,1,70,,1157938,2,,,1,30,,1157950,2,,,1,70,,1157949,2,,,1,30,,1157955,2,,,1,70,,1157936,2,,,1,30,,1157945,2,,,1,70,,1027870,2,,,1,30,,1157952,2,,,1,70,,1157931,2,,,1,30,,1157951,2,,,1,70,,1157940,2,,,1,336,,1157946,2,,,1,68,,1157954,2,,,1,100,,1157937,2,,,1
6701,'13',715,,1157975,2,,,1,100,,1157962,2,,,1,100,,1073777,2,,,1,30,,1157965,2,,,1,70,,1099265,2,,,1,30,,1157964,2,,,1,70,,1157973,2,,,1,30,,1157970,2,,,1,70,,1157961,2,,,1,30,,1072966,2,,,1,70,,1157971,2,,,1,30,,1157966,2,,,1,70,,1157963,2,,,1,30,,1157959,2,,,1,70,,1157972,2,,,1,30,,1157974,2,,,1,70,,1157968,2,,,1,30,,1157960,2,,,1,100,,1157967,2,,,1,100,,1157969,2,,,1
6701,'14',639,,1157998,2,,,1,70,,1157977,2,,,1,30,,1158001,2,,,1,71,,1157983,2,,,1,29,,1157993,2,,,1,70,,1158004,2,,,1,30,,1157990,2,,,1,70,,1157987,2,,,1,30,,1157982,2,,,1,70,,1158003,2,,,1,30,,1158000,2,,,1,70,,1157995,2,,,1,30,,1158002,2,,,1,70,,1157988,2,,,1,30,,1158005,2,,,1,70,,1157991,2,,,1,30,,1157985,2,,,1,70,,1157976,2,,,1,30,,1157997,2,,,1,70,,1157986,2,,,1,336,,1157996,2,,,1,68,,1157984,2,,,1,100,,1157978,2,,,1
6701,'15',639,,1158026,2,,,1,70,,1158025,2,,,1,30,,1158017,2,,,1,71,,1158009,2,,,1,29,,1158027,2,,,1,70,,1158021,2,,,1,30,,1158032,2,,,1,70,,1158024,2,,,1,30,,1158012,2,,,1,70,,1158015,2,,,1,30,,1158020,2,,,1,70,,1158010,2,,,1,30,,1158035,2,,,1,70,,1158011,2,,,1,30,,1158030,2,,,1,70,,1158022,2,,,1,30,,1158031,2,,,1,70,,1158019,2,,,1,30,,1158028,2,,,1,70,,1158016,2,,,1,336,,1158033,2,,,1,68,,1158007,2,,,1,100,,1158018,2,,,1
6701,'16',639,,1158046,2,,,1,70,,1158060,2,,,1,30,,1158052,2,,,1,71,,1075571,2,,,1,29,,1158036,2,,,1,70,,1158047,2,,,1,30,,1081985,2,,,1,70,,1158038,2,,,1,30,,1158045,2,,,1,70,,1158042,2,,,1,30,,1158054,2,,,1,70,,1158053,2,,,1,30,,1158059,2,,,1,70,,1158040,2,,,1,30,,1158049,2,,,1,70,,1158037,2,,,1,30,,1158056,2,,,1,70,,1085246,2,,,1,30,,1158055,2,,,1,70,,1158044,2,,,1,336,,1158050,2,,,1,68,,1158058,2,,,1,100,,1158041,2,,,1
6701,'17',715,,1158080,2,,,1,100,,1158066,2,,,1,100,,1158078,2,,,1,30,,1158069,2,,,1,70,,1158064,2,,,1,30,,1158068,2,,,1,70,,1158077,2,,,1,30,,1158074,2,,,1,70,,1158065,2,,,1,30,,1158062,2,,,1,70,,1158075,2,,,1,30,,1158070,2,,,1,70,,1158067,2,,,1,30,,1158061,2,,,1,70,,1158076,2,,,1,30,,1158079,2,,,1,70,,1158072,2,,,1,30,,1158063,2,,,1,100,,1158071,2,,,1,100,,1158073,2,,,1
6701,'2',648,,1158082,2,,,1,100,,1158097,2,,,1,70,,1158090,2,,,1,30,,1158094,2,,,1,70,,1158099,2,,,1,30,,1158095,2,,,1,70,,1158092,2,,,1,30,,1158101,2,,,1,70,,1158103,2,,,1,30,,1158102,2,,,1,70,,1158100,2,,,1,30,,1158086,2,,,1,70,,1158081,2,,,1,30,,1158085,2,,,1,70,,1158096,2,,,1,30,,1158093,2,,,1,70,,1158083,2,,,1,30,,1158088,2,,,1,70,,1158089,2,,,1,30,,1094721,2,,,1,100,,1158087,2,,,1,100,,1158098,2,,,1,100,,1158084,2,,,1,100,,1158091,2,,,1
6701,'3',715,,1158123,2,,,1,100,,1158109,2,,,1,100,,1158121,2,,,1,30,,1158112,2,,,1,70,,1158107,2,,,1,30,,1158111,2,,,1,70,,1158120,2,,,1,30,,1158117,2,,,1,70,,1158108,2,,,1,30,,1158105,2,,,1,70,,1158118,2,,,1,30,,1158113,2,,,1,70,,1158110,2,,,1,30,,1158104,2,,,1,70,,1158119,2,,,1,30,,1158122,2,,,1,70,,1158115,2,,,1,30,,1158106,2,,,1,100,,1158114,2,,,1,100,,1158116,2,,,1
6701,'4',715,,1158140,2,,,1,100,,1158125,2,,,1,100,,1069533,2,,,1,30,,1158133,2,,,1,70,,1158124,2,,,1,30,,1158132,2,,,1,70,,1158134,2,,,1,30,,1158130,2,,,1,70,,1158137,2,,,1,30,,1158139,2,,,1,70,,1158129,2,,,1,30,,1158138,2,,,1,70,,1158135,2,,,1,30,,1158141,2,,,1,70,,1158142,2,,,1,30,,1158131,2,,,1,70,,1158136,2,,,1,30,,1158127,2,,,1,100,,1158126,2,,,1,100,,1158128,2,,,1
6701,'5',639,,1158163,2,,,1,70,,1158144,2,,,1,30,,1091265,2,,,1,71,,1158148,2,,,1,29,,1158158,2,,,1,70,,1068548,2,,,1,30,,1158155,2,,,1,70,,1158152,2,,,1,30,,1158147,2,,,1,70,,1007394,2,,,1,30,,1077676,2,,,1,70,,1158160,2,,,1,30,,1158164,2,,,1,70,,1158153,2,,,1,30,,1158165,2,,,1,70,,1158156,2,,,1,30,,1158150,2,,,1,70,,1158143,2,,,1,30,,1158162,2,,,1,70,,1158151,2,,,1,336,,1158161,2,,,1,68,,1158149,2,,,1,100,,941297,2,,,1
6701,'6',639,,1158176,2,,,1,70,,1158190,2,,,1,30,,1158181,2,,,1,71,,1158167,2,,,1,29,,1158168,2,,,1,70,,1158177,2,,,1,30,,1158191,2,,,1,70,,1008867,2,,,1,30,,1158175,2,,,1,70,,1158172,2,,,1,30,,1158183,2,,,1,70,,1158182,2,,,1,30,,1158188,2,,,1,70,,1158170,2,,,1,30,,1158179,2,,,1,70,,1158169,2,,,1,30,,1158185,2,,,1,70,,1158166,2,,,1,30,,1158184,2,,,1,70,,1158174,2,,,1,336,,1053535,2,,,1,68,,1158187,2,,,1,100,,1158171,2,,,1
6701,'7',648,,1158196,2,,,1,100,,1158193,2,,,1,70,,1158203,2,,,1,30,,1158210,2,,,1,70,,1158195,2,,,1,30,,1158206,2,,,1,70,,1158200,2,,,1,30,,1158209,2,,,1,70,,1158214,2,,,1,30,,1158211,2,,,1,70,,1158213,2,,,1,30,,1158197,2,,,1,70,,1158215,2,,,1,30,,1158205,2,,,1,70,,1158194,2,,,1,30,,1158207,2,,,1,70,,1158198,2,,,1,30,,1158208,2,,,1,70,,1158202,2,,,1,30,,1158199,2,,,1,100,,1158204,2,,,1,100,,1158216,2,,,1,100,,1158201,2,,,1,100,,1158212,2,,,1
6701,'8',639,,1158229,2,,,1,70,,1158244,2,,,1,30,,1158235,2,,,1,71,,1158218,2,,,1,29,,1158219,2,,,1,70,,1158230,2,,,1,30,,1158245,2,,,1,70,,1158221,2,,,1,30,,1158228,2,,,1,70,,1158225,2,,,1,30,,1158237,2,,,1,70,,1158236,2,,,1,30,,1158242,2,,,1,70,,1158223,2,,,1,30,,1158232,2,,,1,70,,1158220,2,,,1,30,,1158239,2,,,1,70,,1158217,2,,,1,30,,1158238,2,,,1,70,,1158227,2,,,1,336,,1158233,2,,,1,68,,1158241,2,,,1,100,,1158224,2,,,1
6701,'9',639,,1158267,2,,,1,70,,1158248,2,,,1,30,,1091115,2,,,1,71,,1158252,2,,,1,29,,1158262,2,,,1,70,,1068535,2,,,1,30,,1158259,2,,,1,70,,1158256,2,,,1,30,,1158251,2,,,1,70,,1007603,2,,,1,30,,1077662,2,,,1,70,,1158264,2,,,1,30,,1158268,2,,,1,70,,1158257,2,,,1,30,,1158269,2,,,1,70,,1158260,2,,,1,30,,1158254,2,,,1,70,,1158247,2,,,1,30,,1158266,2,,,1,70,,1158255,2,,,1,336,,1158265,2,,,1,68,,1158253,2,,,1,100,,941249,2,,,1
6800,'1',429,,1158324,2,,,1,21,,1158305,2,,,1,70,,1158315,2,,,1,25,,1158307,2,,,1,66,,1158297,2,,,1,18,,1158292,2,,,1,29,,1045534,2,,,1,62,,1158323,2,,,1,23,,1158306,2,,,1,67,,1158276,2,,,1,17,,1032824,2,,,1,13,,1158300,2,,,1,15,,1158299,2,,,1,55,,1158318,2,,,1,15,,1158325,2,,,1,15,,1158280,2,,,1,15,,1158319,2,,,1,55,,1158321,2,,,1,15,,1158313,2,,,1,15,,1158328,2,,,1,15,,1158277,2,,,1,55,,1064915,2,,,1,15,,1158271,2,,,1,16,,1158273,2,,,1,16,,1158310,2,,,1,55,,1158282,2,,,1,15,,1158272,2,,,1,14,,1090858,2,,,1,14,,1158311,2,,,1,55,,1158304,2,,,1,15,,1158281,2,,,1,15,,1158329,2,,,1,17,,1158302,2,,,1,59,,1158308,2,,,1,40,,1158294,2,,,1,63,,1158283,2,,,1,18,,1158289,2,,,1,18,,1158270,2,,,1,63,,1158286,2,,,1,21,,1026771,2,,,1,17,,1158290,2,,,1,61,,1158285,2,,,1,21,,1158314,2,,,1,21,,1158293,2,,,1,56,,1158327,2,,,1,16,,1158274,2,,,1,15,,1158309,2,,,1,54,,1158275,2,,,1,16,,1158295,2,,,1,15,,1019207,2,,,1,15,,1158291,2,,,1,55,,1158326,2,,,1,15,,1158317,2,,,1,20,,1158298,2,,,1,20,,1024069,2,,,1,60,,936900,2,,,1,20,,1158303,2,,,1,20,,1158278,2,,,1,64,,1158284,2,,,1,30,,1158320,2,,,1,70,,1158301,2,,,1,35,,1084733,2,,,1,71,,1158288,2,,,1
6800,'10',429,,1158384,2,,,1,21,,1158365,2,,,1,70,,1158375,2,,,1,25,,1158367,2,,,1,66,,1158357,2,,,1,18,,1158352,2,,,1,29,,1045697,2,,,1,62,,1158383,2,,,1,23,,1158366,2,,,1,67,,1158336,2,,,1,17,,1033001,2,,,1,13,,1158360,2,,,1,15,,1158359,2,,,1,55,,1158378,2,,,1,15,,1158385,2,,,1,15,,1158340,2,,,1,15,,1158379,2,,,1,55,,1158381,2,,,1,15,,1158373,2,,,1,15,,1158388,2,,,1,15,,1158337,2,,,1,55,,1064780,2,,,1,15,,1158331,2,,,1,16,,1158333,2,,,1,16,,1158370,2,,,1,55,,1158342,2,,,1,15,,1158332,2,,,1,14,,1090617,2,,,1,14,,1158371,2,,,1,55,,1158364,2,,,1,15,,1158341,2,,,1,15,,1158389,2,,,1,17,,1158362,2,,,1,59,,1158368,2,,,1,40,,1158354,2,,,1,63,,1158343,2,,,1,18,,1158349,2,,,1,18,,1158330,2,,,1,63,,1158346,2,,,1,21,,1026886,2,,,1,17,,1158350,2,,,1,61,,1158345,2,,,1,21,,1158374,2,,,1,21,,1158353,2,,,1,56,,1158387,2,,,1,16,,1158334,2,,,1,15,,1158369,2,,,1,54,,1158335,2,,,1,16,,1158355,2,,,1,15,,1019290,2,,,1,15,,1158351,2,,,1,55,,1158386,2,,,1,15,,1158377,2,,,1,20,,1158358,2,,,1,20,,1024152,2,,,1,60,,936518,2,,,1,20,,1158363,2,,,1,20,,1158338,2,,,1,64,,1158344,2,,,1,30,,1158380,2,,,1,70,,1158361,2,,,1,35,,1084562,2,,,1,71,,1158348,2,,,1
6800,'11',429,,1158444,2,,,1,21,,1158425,2,,,1,70,,1158435,2,,,1,25,,1158427,2,,,1,66,,1158417,2,,,1,18,,1158412,2,,,1,29,,1045485,2,,,1,62,,1158443,2,,,1,23,,1158426,2,,,1,67,,1158396,2,,,1,17,,1032772,2,,,1,13,,1158420,2,,,1,15,,1158419,2,,,1,55,,1158438,2,,,1,15,,1158445,2,,,1,15,,1158400,2,,,1,15,,1158439,2,,,1,55,,1158441,2,,,1,15,,1158433,2,,,1,15,,1158448,2,,,1,15,,1158397,2,,,1,55,,1064960,2,,,1,15,,1158391,2,,,1,16,,1158393,2,,,1,16,,1158430,2,,,1,55,,1158402,2,,,1,15,,1158392,2,,,1,14,,1090929,2,,,1,14,,1158431,2,,,1,55,,1158424,2,,,1,15,,1158401,2,,,1,15,,1158449,2,,,1,17,,1158422,2,,,1,59,,1158428,2,,,1,40,,1158414,2,,,1,63,,1158403,2,,,1,18,,1158409,2,,,1,18,,1158390,2,,,1,63,,1158406,2,,,1,21,,1026738,2,,,1,17,,1158410,2,,,1,61,,1158405,2,,,1,21,,1158434,2,,,1,21,,1158413,2,,,1,56,,1158447,2,,,1,16,,1158394,2,,,1,15,,1158429,2,,,1,54,,1158395,2,,,1,16,,1158415,2,,,1,15,,1019182,2,,,1,15,,1158411,2,,,1,55,,1158446,2,,,1,15,,1158437,2,,,1,20,,1158418,2,,,1,20,,1024044,2,,,1,60,,936847,2,,,1,20,,1158423,2,,,1,20,,1158398,2,,,1,64,,1158404,2,,,1,30,,1158440,2,,,1,70,,1158421,2,,,1,35,,1084786,2,,,1,71,,1158408,2,,,1
6800,'12',429,,1158467,2,,,1,21,,1158472,2,,,1,70,,1158456,2,,,1,25,,1158450,2,,,1,66,,1158475,2,,,1,18,,1158478,2,,,1,29,,1158453,2,,,1,62,,1158471,2,,,1,23,,1158454,2,,,1,67,,1158452,2,,,1,17,,1158465,2,,,1,13,,1158491,2,,,1,15,,1158493,2,,,1,55,,1158464,2,,,1,15,,1158481,2,,,1,15,,1158474,2,,,1,15,,1158509,2,,,1,55,,1158510,2,,,1,15,,1158515,2,,,1,15,,1084688,2,,,1,15,,1158516,2,,,1,55,,1158498,2,,,1,15,,1158477,2,,,1,16,,1158506,2,,,1,16,,1039155,2,,,1,55,,1158459,2,,,1,15,,1158463,2,,,1,14,,1158511,2,,,1,14,,1158499,2,,,1,55,,1158496,2,,,1,15,,1158497,2,,,1,15,,1158505,2,,,1,17,,1158508,2,,,1,59,,1158490,2,,,1,40,,1158495,2,,,1,63,,1158489,2,,,1,18,,1158507,2,,,1,18,,1158458,2,,,1,63,,1158460,2,,,1,21,,1158461,2,,,1,17,,1158482,2,,,1,61,,1158504,2,,,1,21,,1158483,2,,,1,21,,1158487,2,,,1,56,,1158486,2,,,1,16,,1158514,2,,,1,15,,1158484,2,,,1,54,,1158470,2,,,1,16,,1158492,2,,,1,15,,1158485,2,,,1,15,,1158451,2,,,1,55,,1158476,2,,,1,15,,1158500,2,,,1,20,,1158488,2,,,1,20,,1158480,2,,,1,60,,1158469,2,,,1,20,,1085931,2,,,1,20,,1158503,2,,,1,64,,1158462,2,,,1,30,,1158513,2,,,1,70,,1158502,2,,,1,35,,1158501,2,,,1,71,,1158455,2,,,1
6800,'13',530,,1158523,2,,,1,100,,1158522,2,,,1,70,,1158541,2,,,1,30,,1158539,2,,,1,70,,1158550,2,,,1,30,,1158534,2,,,1,70,,1075379,2,,,1,30,,1158519,2,,,1,70,,1080404,2,,,1,30,,1158543,2,,,1,20,,1158525,2,,,1,60,,974442,2,,,1,20,,1158520,2,,,1,20,,1158531,2,,,1,60,,1158554,2,,,1,20,,1158544,2,,,1,20,,1158545,2,,,1,60,,1158536,2,,,1,20,,1158540,2,,,1,20,,1158537,2,,,1,60,,1158529,2,,,1,20,,1158526,2,,,1,20,,1158524,2,,,1,60,,1158530,2,,,1,20,,1158547,2,,,1,20,,1158533,2,,,1,60,,1158553,2,,,1,20,,1158546,2,,,1,20,,1158552,2,,,1,63,,1158551,2,,,1,30,,1158521,2,,,1,70,,1086588,2,,,1,30,,1158548,2,,,1,70,,1158517,2,,,1,30,,1158549,2,,,1,70,,1158518,2,,,1,30,,1158538,2,,,1,70,,1158532,2,,,1,30,,1158527,2,,,1,70,,1158535,2,,,1,30,,1158528,2,,,1,70,,1158542,2,,,1
6800,'14',429,,1158619,2,,,1,21,,1158596,2,,,1,70,,1158606,2,,,1,25,,1158598,2,,,1,66,,1158588,2,,,1,18,,1158583,2,,,1,29,,1158618,2,,,1,62,,1158614,2,,,1,23,,1158597,2,,,1,67,,1158564,2,,,1,17,,1158582,2,,,1,13,,1158591,2,,,1,15,,1158590,2,,,1,55,,1158609,2,,,1,15,,1158620,2,,,1,15,,1158569,2,,,1,15,,1158610,2,,,1,55,,1158612,2,,,1,15,,1158604,2,,,1,15,,1158623,2,,,1,15,,1158566,2,,,1,55,,1158617,2,,,1,15,,1158558,2,,,1,16,,1158560,2,,,1,16,,1158601,2,,,1,55,,1158571,2,,,1,15,,1158559,2,,,1,14,,1158556,2,,,1,14,,1158602,2,,,1,55,,1158595,2,,,1,15,,1158570,2,,,1,15,,1158625,2,,,1,17,,1158593,2,,,1,59,,1158599,2,,,1,40,,1158585,2,,,1,63,,1158572,2,,,1,18,,1158578,2,,,1,18,,1158555,2,,,1,63,,1158575,2,,,1,21,,1158616,2,,,1,17,,1158579,2,,,1,61,,1158574,2,,,1,21,,1158605,2,,,1,21,,1158584,2,,,1,56,,1158622,2,,,1,16,,1158561,2,,,1,15,,1158600,2,,,1,54,,1158563,2,,,1,16,,1158586,2,,,1,15,,1158562,2,,,1,15,,1158580,2,,,1,55,,1158621,2,,,1,15,,1158608,2,,,1,20,,1158589,2,,,1,20,,1158624,2,,,1,60,,1158615,2,,,1,20,,1158594,2,,,1,20,,1158567,2,,,1,64,,1158573,2,,,1,30,,1158611,2,,,1,70,,1158592,2,,,1,35,,1158557,2,,,1,71,,1158577,2,,,1
6800,'15',429,,1158646,2,,,1,21,,1158630,2,,,1,70,,1158683,2,,,1,25,,1158685,2,,,1,66,,1158652,2,,,1,18,,1158669,2,,,1,29,,1158629,2,,,1,62,,1158627,2,,,1,23,,1158688,2,,,1,67,,1158675,2,,,1,17,,1158631,2,,,1,13,,1158694,2,,,1,15,,1158673,2,,,1,55,,1158671,2,,,1,15,,1158670,2,,,1,15,,1158666,2,,,1,15,,1158643,2,,,1,55,,1158656,2,,,1,15,,1158674,2,,,1,15,,1158628,2,,,1,15,,1158689,2,,,1,55,,1158657,2,,,1,15,,1158649,2,,,1,16,,1158679,2,,,1,16,,1158651,2,,,1,55,,1158691,2,,,1,15,,1158658,2,,,1,14,,1158663,2,,,1,14,,1158677,2,,,1,55,,1158655,2,,,1,15,,1158654,2,,,1,15,,1158682,2,,,1,17,,1158640,2,,,1,59,,1158633,2,,,1,40,,1158676,2,,,1,63,,1158634,2,,,1,18,,1158693,2,,,1,18,,1158661,2,,,1,63,,1158644,2,,,1,21,,1158660,2,,,1,17,,1158636,2,,,1,61,,1158696,2,,,1,21,,1158638,2,,,1,21,,1158642,2,,,1,56,,1158639,2,,,1,16,,1158637,2,,,1,15,,1158635,2,,,1,54,,1158672,2,,,1,16,,1158653,2,,,1,15,,1158667,2,,,1,15,,1158659,2,,,1,55,,1158650,2,,,1,15,,1158645,2,,,1,20,,1158684,2,,,1,20,,1158695,2,,,1,60,,1158647,2,,,1,20,,1158687,2,,,1,20,,1158668,2,,,1,64,,1158641,2,,,1,30,,1158626,2,,,1,70,,1158681,2,,,1,35,,1158648,2,,,1,71,,1158686,2,,,1
6800,'16',429,,1158716,2,,,1,21,,1158721,2,,,1,70,,1158704,2,,,1,25,,1158697,2,,,1,66,,1158724,2,,,1,18,,1158727,2,,,1,29,,1158702,2,,,1,62,,1158720,2,,,1,23,,1081978,2,,,1,67,,1158701,2,,,1,17,,1158714,2,,,1,13,,1158739,2,,,1,15,,1158741,2,,,1,55,,1158713,2,,,1,15,,1158730,2,,,1,15,,1158723,2,,,1,15,,1158757,2,,,1,55,,1158759,2,,,1,15,,1064477,2,,,1,15,,1158705,2,,,1,15,,997072,2,,,1,55,,1158746,2,,,1,15,,1158726,2,,,1,16,,1158754,2,,,1,16,,1158698,2,,,1,55,,1158708,2,,,1,15,,1158712,2,,,1,14,,1158760,2,,,1,14,,1158747,2,,,1,55,,1158744,2,,,1,15,,1158745,2,,,1,15,,1158753,2,,,1,17,,1158756,2,,,1,59,,1158738,2,,,1,40,,1158743,2,,,1,63,,1158737,2,,,1,18,,1158755,2,,,1,18,,1158707,2,,,1,63,,1158709,2,,,1,21,,1158710,2,,,1,17,,1158731,2,,,1,61,,1158752,2,,,1,21,,1158732,2,,,1,21,,1158735,2,,,1,56,,1062651,2,,,1,16,,1094186,2,,,1,15,,1158733,2,,,1,54,,1158719,2,,,1,16,,1158740,2,,,1,15,,1158734,2,,,1,15,,1158700,2,,,1,55,,1158725,2,,,1,15,,1158748,2,,,1,20,,1158736,2,,,1,20,,1158729,2,,,1,60,,1158718,2,,,1,20,,1158699,2,,,1,20,,1158751,2,,,1,64,,1158711,2,,,1,30,,1158762,2,,,1,70,,1158750,2,,,1,35,,1158749,2,,,1,71,,1158703,2,,,1
6800,'17',530,,1158771,2,,,1,100,,1158770,2,,,1,70,,1158790,2,,,1,30,,1158788,2,,,1,70,,1158799,2,,,1,30,,1158783,2,,,1,70,,1158804,2,,,1,30,,1158767,2,,,1,70,,1158773,2,,,1,30,,1158792,2,,,1,20,,1158774,2,,,1,60,,1158763,2,,,1,20,,1158768,2,,,1,20,,1158780,2,,,1,60,,1158803,2,,,1,20,,1158793,2,,,1,20,,1158794,2,,,1,60,,1158785,2,,,1,20,,1158789,2,,,1,20,,1158786,2,,,1,60,,1158778,2,,,1,20,,1158775,2,,,1,20,,1158772,2,,,1,60,,1158779,2,,,1,20,,1158796,2,,,1,20,,1158782,2,,,1,60,,1158802,2,,,1,20,,1158795,2,,,1,20,,1158801,2,,,1,63,,1158800,2,,,1,30,,1158769,2,,,1,70,,1158764,2,,,1,30,,1158797,2,,,1,70,,1158765,2,,,1,30,,1158798,2,,,1,70,,1158766,2,,,1,30,,1158787,2,,,1,70,,1158781,2,,,1,30,,1158776,2,,,1,70,,1158784,2,,,1,30,,1158777,2,,,1,70,,1158791,2,,,1
6800,'2',528,,1158851,2,,,1,30,,1158820,2,,,1,70,,1158805,2,,,1,30,,1158809,2,,,1,70,,1158807,2,,,1,30,,1158817,2,,,1,70,,1158821,2,,,1,30,,1064307,2,,,1,70,,1158830,2,,,1,20,,1158844,2,,,1,55,,1158812,2,,,1,15,,1158822,2,,,1,15,,1158823,2,,,1,15,,1158845,2,,,1,55,,1087773,2,,,1,15,,1158839,2,,,1,15,,1158819,2,,,1,15,,1023964,2,,,1,55,,1158838,2,,,1,15,,1158811,2,,,1,15,,1158832,2,,,1,15,,1158840,2,,,1,55,,1158825,2,,,1,15,,1158816,2,,,1,15,,1158824,2,,,1,15,,1158827,2,,,1,55,,1051900,2,,,1,15,,1158836,2,,,1,15,,1158818,2,,,1,15,,1158833,2,,,1,55,,1158834,2,,,1,15,,1090365,2,,,1,15,,1158843,2,,,1,15,,1158852,2,,,1,55,,1158847,2,,,1,15,,1080362,2,,,1,15,,1158849,2,,,1,15,,1158835,2,,,1,55,,1158846,2,,,1,15,,1158806,2,,,1,19,,1158842,2,,,1,70,,1078492,2,,,1,30,,1158808,2,,,1,70,,1158829,2,,,1,30,,1158850,2,,,1,70,,1158828,2,,,1,30,,1158848,2,,,1,70,,1158810,2,,,1,30,,1158841,2,,,1,70,,1158813,2,,,1,30,,1158814,2,,,1,70,,1158837,2,,,1,30,,1158853,2,,,1,70,,1158815,2,,,1
6800,'3',530,,1158862,2,,,1,100,,1158861,2,,,1,70,,1158881,2,,,1,30,,1158879,2,,,1,70,,1158890,2,,,1,30,,1158874,2,,,1,70,,1158895,2,,,1,30,,1158858,2,,,1,70,,1158864,2,,,1,30,,1158883,2,,,1,20,,1158865,2,,,1,60,,1158854,2,,,1,20,,1158859,2,,,1,20,,1158871,2,,,1,60,,1158894,2,,,1,20,,1158884,2,,,1,20,,1158885,2,,,1,60,,1158876,2,,,1,20,,1158880,2,,,1,20,,1158877,2,,,1,60,,1158869,2,,,1,20,,1158866,2,,,1,20,,1158863,2,,,1,60,,1158870,2,,,1,20,,1158887,2,,,1,20,,1158873,2,,,1,60,,1158893,2,,,1,20,,1158886,2,,,1,20,,1158892,2,,,1,63,,1158891,2,,,1,30,,1158860,2,,,1,70,,1158855,2,,,1,30,,1158888,2,,,1,70,,1158856,2,,,1,30,,1158889,2,,,1,70,,1158857,2,,,1,30,,1158878,2,,,1,70,,1158872,2,,,1,30,,1158867,2,,,1,70,,1158875,2,,,1,30,,1158868,2,,,1,70,,1158882,2,,,1
6800,'4',530,,1086320,2,,,1,100,,1158920,2,,,1,70,,1062462,2,,,1,30,,1158898,2,,,1,70,,1158903,2,,,1,30,,1158912,2,,,1,70,,1158925,2,,,1,30,,1158926,2,,,1,70,,1034314,2,,,1,30,,1158921,2,,,1,20,,1158931,2,,,1,60,,1158906,2,,,1,20,,1158897,2,,,1,20,,1158902,2,,,1,60,,1158932,2,,,1,20,,1158899,2,,,1,20,,1158928,2,,,1,60,,1158916,2,,,1,20,,1158918,2,,,1,20,,1158905,2,,,1,60,,1158929,2,,,1,20,,1158923,2,,,1,20,,1158930,2,,,1,60,,1158910,2,,,1,20,,1158915,2,,,1,20,,1158911,2,,,1,60,,1158914,2,,,1,20,,1089726,2,,,1,20,,1158917,2,,,1,63,,1158922,2,,,1,30,,1026203,2,,,1,70,,1158904,2,,,1,30,,1158901,2,,,1,70,,1158896,2,,,1,30,,1158927,2,,,1,70,,1158907,2,,,1,30,,1158900,2,,,1,70,,1158913,2,,,1,30,,1158909,2,,,1,70,,1158908,2,,,1,30,,1158919,2,,,1,70,,1158924,2,,,1
6800,'5',429,,1158987,2,,,1,21,,1158968,2,,,1,70,,1158978,2,,,1,25,,1158970,2,,,1,66,,1158960,2,,,1,18,,1158955,2,,,1,29,,1045268,2,,,1,62,,1158986,2,,,1,23,,1158969,2,,,1,67,,1158939,2,,,1,17,,1032522,2,,,1,13,,1158963,2,,,1,15,,1158962,2,,,1,55,,1158981,2,,,1,15,,1158988,2,,,1,15,,1158943,2,,,1,15,,1158982,2,,,1,55,,1158984,2,,,1,15,,1158976,2,,,1,15,,1158991,2,,,1,15,,1158940,2,,,1,55,,1064896,2,,,1,15,,1158934,2,,,1,16,,1158936,2,,,1,16,,1158973,2,,,1,55,,1158945,2,,,1,15,,1158935,2,,,1,14,,1090824,2,,,1,14,,1158974,2,,,1,55,,1158967,2,,,1,15,,1158944,2,,,1,15,,1158992,2,,,1,17,,1158965,2,,,1,59,,1158971,2,,,1,40,,1158957,2,,,1,63,,1158946,2,,,1,18,,1158952,2,,,1,18,,1158933,2,,,1,63,,1158949,2,,,1,21,,1026567,2,,,1,17,,1158953,2,,,1,61,,1158948,2,,,1,21,,1158977,2,,,1,21,,1158956,2,,,1,56,,1158990,2,,,1,16,,1158937,2,,,1,15,,1158972,2,,,1,54,,1158938,2,,,1,16,,1158958,2,,,1,15,,1019070,2,,,1,15,,1158954,2,,,1,55,,1158989,2,,,1,15,,1158980,2,,,1,20,,1158961,2,,,1,20,,1023925,2,,,1,60,,937069,2,,,1,20,,1158966,2,,,1,20,,1158941,2,,,1,64,,1158947,2,,,1,30,,1158983,2,,,1,70,,1158964,2,,,1,35,,1084704,2,,,1,71,,1158951,2,,,1
6800,'6',429,,1159008,2,,,1,21,,1159013,2,,,1,70,,1158997,2,,,1,25,,1034275,2,,,1,66,,1159016,2,,,1,18,,1159019,2,,,1,29,,1100789,2,,,1,62,,1159012,2,,,1,23,,1158996,2,,,1,67,,1158995,2,,,1,17,,1159006,2,,,1,13,,1159032,2,,,1,15,,1159034,2,,,1,55,,1159005,2,,,1,15,,1159022,2,,,1,15,,1159015,2,,,1,15,,1159050,2,,,1,55,,1159052,2,,,1,15,,1159056,2,,,1,15,,1158998,2,,,1,15,,1159057,2,,,1,55,,1159039,2,,,1,15,,1159018,2,,,1,16,,1159047,2,,,1,16,,1158993,2,,,1,55,,1159000,2,,,1,15,,1159004,2,,,1,14,,1159053,2,,,1,14,,1159040,2,,,1,55,,1159037,2,,,1,15,,1159038,2,,,1,15,,1159046,2,,,1,17,,1159049,2,,,1,59,,1159031,2,,,1,40,,1159036,2,,,1,63,,1159030,2,,,1,18,,1159048,2,,,1,18,,1158999,2,,,1,63,,1159001,2,,,1,21,,1159002,2,,,1,17,,1159023,2,,,1,61,,1159045,2,,,1,21,,1159024,2,,,1,21,,1159028,2,,,1,56,,1159027,2,,,1,16,,1159055,2,,,1,15,,1159025,2,,,1,54,,1159011,2,,,1,16,,1159033,2,,,1,15,,1159026,2,,,1,15,,1019683,2,,,1,55,,1159017,2,,,1,15,,1159041,2,,,1,20,,1159029,2,,,1,20,,1159021,2,,,1,60,,1159010,2,,,1,20,,1158994,2,,,1,20,,1159044,2,,,1,64,,1159003,2,,,1,30,,1159054,2,,,1,70,,1159043,2,,,1,35,,1159042,2,,,1,71,,1076047,2,,,1
6800,'7',528,,1159061,2,,,1,30,,1159069,2,,,1,70,,1159067,2,,,1,30,,1159108,2,,,1,70,,1159097,2,,,1,30,,1159081,2,,,1,70,,1159065,2,,,1,30,,1159111,2,,,1,70,,1159109,2,,,1,20,,1159077,2,,,1,55,,1159072,2,,,1,15,,1159100,2,,,1,15,,1159103,2,,,1,15,,1159088,2,,,1,55,,1159076,2,,,1,15,,1159098,2,,,1,15,,1159094,2,,,1,15,,1159060,2,,,1,55,,1159058,2,,,1,15,,1159068,2,,,1,15,,1159064,2,,,1,15,,1159075,2,,,1,55,,1159070,2,,,1,15,,1159095,2,,,1,15,,1159101,2,,,1,15,,1159106,2,,,1,55,,1159112,2,,,1,15,,1159085,2,,,1,15,,1159082,2,,,1,15,,1159063,2,,,1,55,,1159102,2,,,1,15,,1159093,2,,,1,15,,1159083,2,,,1,15,,1159080,2,,,1,55,,1159086,2,,,1,15,,1159073,2,,,1,15,,1159078,2,,,1,15,,1159062,2,,,1,55,,1159071,2,,,1,15,,1159091,2,,,1,19,,1159096,2,,,1,70,,1159079,2,,,1,30,,1159087,2,,,1,70,,1159105,2,,,1,30,,1159099,2,,,1,70,,1159059,2,,,1,30,,1159084,2,,,1,70,,1159113,2,,,1,30,,1159090,2,,,1,70,,1159104,2,,,1,30,,1159092,2,,,1,70,,1159074,2,,,1,30,,1159107,2,,,1,70,,1159110,2,,,1
6800,'8',429,,1159134,2,,,1,21,,1159139,2,,,1,70,,1159122,2,,,1,25,,1159114,2,,,1,66,,1159142,2,,,1,18,,1159145,2,,,1,29,,1159119,2,,,1,62,,1159138,2,,,1,23,,1159120,2,,,1,67,,1159118,2,,,1,17,,1159132,2,,,1,13,,1159158,2,,,1,15,,1159160,2,,,1,55,,1159131,2,,,1,15,,1159148,2,,,1,15,,1159141,2,,,1,15,,1159176,2,,,1,55,,1159178,2,,,1,15,,1159183,2,,,1,15,,1159123,2,,,1,15,,1159184,2,,,1,55,,1159165,2,,,1,15,,1159144,2,,,1,16,,1159173,2,,,1,16,,1159115,2,,,1,55,,1159126,2,,,1,15,,1159130,2,,,1,14,,1159179,2,,,1,14,,1159166,2,,,1,55,,1159163,2,,,1,15,,1159164,2,,,1,15,,1159172,2,,,1,17,,1159175,2,,,1,59,,1159157,2,,,1,40,,1159162,2,,,1,63,,1159156,2,,,1,18,,1159174,2,,,1,18,,1159125,2,,,1,63,,1159127,2,,,1,21,,1159128,2,,,1,17,,1159149,2,,,1,61,,1159171,2,,,1,21,,1159150,2,,,1,21,,1159154,2,,,1,56,,1159153,2,,,1,16,,1159182,2,,,1,15,,1159151,2,,,1,54,,1159137,2,,,1,16,,1159159,2,,,1,15,,1159152,2,,,1,15,,1159117,2,,,1,55,,1159143,2,,,1,15,,1159167,2,,,1,20,,1159155,2,,,1,20,,1159147,2,,,1,60,,1159136,2,,,1,20,,1159116,2,,,1,20,,1159170,2,,,1,64,,1159129,2,,,1,30,,1159181,2,,,1,70,,1159169,2,,,1,35,,1159168,2,,,1,71,,1159121,2,,,1
6800,'9',429,,1159239,2,,,1,21,,1159220,2,,,1,70,,1159230,2,,,1,25,,1159222,2,,,1,66,,1159212,2,,,1,18,,1159207,2,,,1,29,,1045583,2,,,1,62,,1159238,2,,,1,23,,1159221,2,,,1,67,,1159191,2,,,1,17,,1032876,2,,,1,13,,1159215,2,,,1,15,,1159214,2,,,1,55,,1159233,2,,,1,15,,1159240,2,,,1,15,,1159195,2,,,1,15,,1159234,2,,,1,55,,1159236,2,,,1,15,,1159228,2,,,1,15,,1159243,2,,,1,15,,1159192,2,,,1,55,,1064822,2,,,1,15,,1159186,2,,,1,16,,1159188,2,,,1,16,,1159225,2,,,1,55,,1159197,2,,,1,15,,1159187,2,,,1,14,,1090689,2,,,1,14,,1159226,2,,,1,55,,1159219,2,,,1,15,,1159196,2,,,1,15,,1159244,2,,,1,17,,1159217,2,,,1,59,,1159223,2,,,1,40,,1159209,2,,,1,63,,1159198,2,,,1,18,,1159204,2,,,1,18,,1159185,2,,,1,63,,1159201,2,,,1,21,,1026804,2,,,1,17,,1159205,2,,,1,61,,1159200,2,,,1,21,,1159229,2,,,1,21,,1159208,2,,,1,56,,1159242,2,,,1,16,,1159189,2,,,1,15,,1159224,2,,,1,54,,1159190,2,,,1,16,,1159210,2,,,1,15,,1019232,2,,,1,15,,1159206,2,,,1,55,,1159241,2,,,1,15,,1159232,2,,,1,20,,1159213,2,,,1,20,,1024094,2,,,1,60,,937016,2,,,1,20,,1159218,2,,,1,20,,1159193,2,,,1,64,,1159199,2,,,1,30,,1159235,2,,,1,70,,1159216,2,,,1,35,,1084616,2,,,1,71,,1159203,2,,,1
16100,'1',530,,1189841,2,0,44,1,70,,1189846,2,0,44,1,15,,1189852,2,0,44,1,30,,1189847,2,0,44,1,70,,1189848,2,0,44,1,30,,941636,2,0,44,1,71,,1189831,2,0,44,1,29,,1189829,2,0,44,1,70,,1189826,2,0,44,1,30,,1189827,2,0,44,1,70,,1189833,2,0,44,1,30,,1189834,2,0,44,1,70,,1189849,2,0,44,1,30,,1189840,2,0,44,1,70,,1189830,2,0,44,1,30,,1050835,2,0,44,1,70,,1189837,2,0,44,1,30,,1189851,2,0,44,1,70,,1005998,2,0,44,1,30,,1189843,2,0,44,1,64,,1189842,14,0,44,1,6,,1189850,2,0,44,1,4,,1189838,14,0,44,1,28,,1189844,2,,,1,68,,1069825,2,,,1,30,,1063611,2,,,1,70,,1189836,2,,,1,30,,1189845,2,,,1,70,,1189832,2,,,1,30,,1189835,2,,,1,70,,1036010,2,0,44,1,30,,1007270,2,0,44,1,70,,1189839,2,0,44,1,30,,1189853,2,0,44,1,70,,1189828,2,0,44,1,30,,1098875,2,0,44,1,100,,1069814,2,0,44,1
16100,'10',530,,1189869,2,0,44,1,70,,1189874,2,0,44,1,15,,1189880,2,0,44,1,30,,1189875,2,0,44,1,70,,1189876,2,0,44,1,30,,941363,2,0,44,1,71,,1189859,2,0,44,1,29,,1189857,2,0,44,1,70,,1189854,2,0,44,1,30,,1189855,2,0,44,1,70,,1189861,2,0,44,1,30,,1189862,2,0,44,1,70,,1189877,2,0,44,1,30,,1189868,2,0,44,1,70,,1189858,2,0,44,1,30,,1051011,2,0,44,1,70,,1189865,2,0,44,1,30,,1189879,2,0,44,1,70,,1006095,2,0,44,1,30,,1189871,2,0,44,1,64,,1189870,14,0,44,1,6,,1189878,2,0,44,1,4,,1189866,14,0,44,1,28,,1189872,2,,,1,68,,1069680,2,,,1,30,,1063307,2,,,1,70,,1189864,2,,,1,30,,1189873,2,,,1,70,,1189860,2,,,1,30,,1189863,2,,,1,70,,1036228,2,0,44,1,30,,1007279,2,0,44,1,70,,1189867,2,0,44,1,30,,1189881,2,0,44,1,70,,1189856,2,0,44,1,30,,1098784,2,0,44,1,100,,1069669,2,0,44,1
16100,'11',530,,1189897,2,0,44,1,70,,1189902,2,0,44,1,15,,1189908,2,0,44,1,30,,1189903,2,0,44,1,70,,1189904,2,0,44,1,30,,941586,2,0,44,1,71,,1189887,2,0,44,1,29,,1189885,2,0,44,1,70,,1189882,2,0,44,1,30,,1189883,2,0,44,1,70,,1189889,2,0,44,1,30,,1189890,2,0,44,1,70,,1189905,2,0,44,1,30,,1189896,2,0,44,1,70,,1189886,2,0,44,1,30,,1050783,2,0,44,1,70,,1189893,2,0,44,1,30,,1189907,2,0,44,1,70,,1005968,2,0,44,1,30,,1189899,2,0,44,1,64,,1189898,14,0,44,1,6,,1189906,2,0,44,1,4,,1189894,14,0,44,1,28,,1189900,2,,,1,68,,1069869,2,,,1,30,,1063703,2,,,1,70,,1189892,2,,,1,30,,1189901,2,,,1,70,,1189888,2,,,1,30,,1189891,2,,,1,70,,1035947,2,0,44,1,30,,1007267,2,0,44,1,70,,1189895,2,0,44,1,30,,1189909,2,0,44,1,70,,1189884,2,0,44,1,30,,1098903,2,0,44,1,100,,1069858,2,0,44,1
16100,'12',530,,1189916,2,0,44,1,70,,1091851,2,0,44,1,15,,1189911,2,0,44,1,30,,1097767,2,0,44,1,70,,1189914,2,0,44,1,30,,1189936,2,0,44,1,71,,1189931,2,0,44,1,29,,1189910,2,0,44,1,70,,1189928,2,0,44,1,30,,1189923,2,0,44,1,70,,1189940,2,0,44,1,30,,1189915,2,0,44,1,70,,1189933,2,0,44,1,30,,1189932,2,0,44,1,70,,1081296,2,0,44,1,30,,975741,2,0,44,1,70,,1189913,2,0,44,1,30,,1189922,2,0,44,1,70,,983286,2,0,44,1,30,,1096374,2,0,44,1,64,,1189939,14,0,44,1,6,,1189938,2,0,44,1,4,,1189926,14,0,44,1,28,,1189934,2,,,1,68,,1189930,2,,,1,30,,1189924,2,,,1,70,,1189920,2,,,1,30,,1189925,2,,,1,70,,1189917,2,,,1,30,,1189919,2,,,1,70,,1189929,2,0,44,1,30,,1189918,2,0,44,1,70,,1189937,2,0,44,1,30,,1189912,2,0,44,1,70,,1189927,2,0,44,1,30,,1189935,2,0,44,1,100,,1189921,2,0,44,1
16100,'13',705,,1189944,2,0,44,1,100,,1189947,2,0,44,1,100,,1085156,2,0,44,1,100,,1069259,2,0,44,1,100,,1189943,2,0,44,1,100,,1189948,2,0,44,1,100,,1189941,2,0,44,1,100,,1189953,2,0,44,1,100,,1189951,2,0,44,1,100,,1189955,2,0,44,1,100,,1189949,2,0,44,1,100,,1189945,2,0,44,1,100,,1189946,2,0,44,1,100,,1189942,2,0,44,1,100,,1189952,2,0,44,1,100,,1189954,2,0,44,1,100,,1189950,2,0,44,1
16100,'14',530,,1189980,2,0,44,1,70,,1189985,2,0,44,1,15,,1189991,2,0,44,1,30,,1189986,2,0,44,1,70,,1189987,2,0,44,1,30,,1189956,2,0,44,1,71,,1189969,2,0,44,1,29,,1189966,2,0,44,1,70,,1189957,2,0,44,1,30,,1189961,2,0,44,1,70,,1189971,2,0,44,1,30,,1189972,2,0,44,1,70,,1189988,2,0,44,1,30,,1189979,2,0,44,1,70,,1189968,2,0,44,1,30,,1189959,2,0,44,1,70,,1189975,2,0,44,1,30,,1189990,2,0,44,1,70,,1189965,2,0,44,1,30,,1189982,2,0,44,1,64,,1189981,14,0,44,1,6,,1189989,2,0,44,1,4,,1189977,14,0,44,1,28,,1189983,2,,,1,68,,1189976,2,,,1,30,,1189963,2,,,1,70,,1189974,2,,,1,30,,1189984,2,,,1,70,,1189970,2,,,1,30,,1189973,2,,,1,70,,1189964,2,0,44,1,30,,1189960,2,0,44,1,70,,1189978,2,0,44,1,30,,1189992,2,0,44,1,70,,1189962,2,0,44,1,30,,1189967,2,0,44,1,100,,1189958,2,0,44,1
16100,'15',530,,1190017,2,0,44,1,70,,1189994,2,0,44,1,15,,1190022,2,0,44,1,30,,1189993,2,0,44,1,70,,1190011,2,0,44,1,30,,1190016,2,0,44,1,71,,1190023,2,0,44,1,29,,1190010,2,0,44,1,70,,1190003,2,0,44,1,30,,1190018,2,0,44,1,70,,1190012,2,0,44,1,30,,1190025,2,0,44,1,70,,1190019,2,0,44,1,30,,1190027,2,0,44,1,70,,1190007,2,0,44,1,30,,1189997,2,0,44,1,70,,1190005,2,0,44,1,30,,1190014,2,0,44,1,70,,1190001,2,0,44,1,30,,1190026,2,0,44,1,64,,1190002,14,0,44,1,6,,1190029,2,0,44,1,4,,1190028,14,0,44,1,28,,1189995,2,,,1,68,,1190004,2,,,1,30,,1190021,2,,,1,70,,1190020,2,,,1,30,,1190000,2,,,1,70,,1190015,2,,,1,30,,1190009,2,,,1,70,,1190013,2,0,44,1,30,,1190006,2,0,44,1,70,,1189999,2,0,44,1,30,,1189998,2,0,44,1,70,,1190024,2,0,44,1,30,,1190008,2,0,44,1,100,,1189996,2,0,44,1
16100,'16',530,,1190037,2,0,44,1,70,,1190060,2,0,44,1,15,,1086708,2,0,44,1,30,,1190032,2,0,44,1,70,,1190033,2,0,44,1,30,,1190056,2,0,44,1,71,,1190051,2,0,44,1,29,,1089230,2,0,44,1,70,,1190049,2,0,44,1,30,,1190044,2,0,44,1,70,,1022127,2,0,44,1,30,,1013538,2,0,44,1,70,,1190053,2,0,44,1,30,,1190052,2,0,44,1,70,,1190035,2,0,44,1,30,,1190036,2,0,44,1,70,,922163,2,0,44,1,30,,1190043,2,0,44,1,70,,1190030,2,0,44,1,30,,1190034,2,0,44,1,64,,1190059,14,0,44,1,6,,1190058,2,0,44,1,4,,1190047,14,0,44,1,28,,1190054,2,,,1,68,,1190050,2,,,1,30,,1190045,2,,,1,70,,1190041,2,,,1,30,,1190046,2,,,1,70,,1190038,2,,,1,30,,1190040,2,,,1,70,,1078754,2,0,44,1,30,,1190039,2,0,44,1,70,,1190057,2,0,44,1,30,,1190031,2,0,44,1,70,,1190048,2,0,44,1,30,,1190055,2,0,44,1,100,,1190042,2,0,44,1
16100,'17',705,,1190066,2,0,44,1,100,,1190069,2,0,44,1,100,,1190061,2,0,44,1,100,,1190064,2,0,44,1,100,,1190065,2,0,44,1,100,,1190070,2,0,44,1,100,,1190062,2,0,44,1,100,,1190075,2,0,44,1,100,,1190073,2,0,44,1,100,,1190077,2,0,44,1,100,,1190071,2,0,44,1,100,,1190067,2,0,44,1,100,,1190068,2,0,44,1,100,,1190063,2,0,44,1,100,,1190074,2,0,44,1,100,,1190076,2,0,44,1,100,,1190072,2,0,44,1
16100,'2',700,,1190084,2,0,44,1,100,,1190085,2,0,44,1,100,,1190088,2,0,44,1,100,,1190082,2,0,44,1,100,,1190089,2,0,44,1,100,,1190081,2,0,44,1,100,,1190091,2,0,44,1,100,,1190086,2,0,44,1,100,,1190083,2,0,44,1,100,,1094709,2,0,44,1,100,,1190078,2,0,44,1,100,,1190079,2,0,44,1,100,,1098264,2,0,44,1,100,,1190087,2,0,44,1,100,,1190080,2,0,44,1,100,,1190090,2,0,44,1
16100,'3',705,,1190097,2,0,44,1,100,,1190100,2,0,44,1,100,,1190092,2,0,44,1,100,,1190095,2,0,44,1,100,,1190096,2,0,44,1,100,,1190101,2,0,44,1,100,,1190093,2,0,44,1,100,,1190106,2,0,44,1,100,,1190104,2,0,44,1,100,,1190108,2,0,44,1,100,,1190102,2,0,44,1,100,,1190098,2,0,44,1,100,,1190099,2,0,44,1,100,,1190094,2,0,44,1,100,,1190105,2,0,44,1,100,,1190107,2,0,44,1,100,,1190103,2,0,44,1
16100,'4',705,,1190111,2,0,44,1,100,,1190116,2,0,44,1,100,,1190120,2,0,44,1,100,,1190119,2,0,44,1,100,,1190122,2,0,44,1,100,,1190112,2,0,44,1,100,,1190113,2,0,44,1,100,,1190123,2,0,44,1,100,,1190110,2,0,44,1,100,,1190117,2,0,44,1,100,,1190118,2,0,44,1,100,,1190115,2,0,44,1,100,,1190114,2,0,44,1,100,,1190109,2,0,44,1,100,,1190124,2,0,44,1,100,,1070852,2,0,44,1,100,,1190121,2,0,44,1
16100,'5',530,,1190140,2,0,44,1,70,,1190145,2,0,44,1,15,,1190151,2,0,44,1,30,,1190146,2,0,44,1,70,,1190147,2,0,44,1,30,,941788,2,0,44,1,71,,1190130,2,0,44,1,29,,1190128,2,0,44,1,70,,1190125,2,0,44,1,30,,1190126,2,0,44,1,70,,1190132,2,0,44,1,30,,1190133,2,0,44,1,70,,1190148,2,0,44,1,30,,1190139,2,0,44,1,70,,1190129,2,0,44,1,30,,1050546,2,0,44,1,70,,1190136,2,0,44,1,30,,1190150,2,0,44,1,70,,1005827,2,0,44,1,30,,1190142,2,0,44,1,64,,1190141,14,0,44,1,6,,1190149,2,0,44,1,4,,1190137,14,0,44,1,28,,1190143,2,,,1,68,,1069802,2,,,1,30,,1063571,2,,,1,70,,1190135,2,,,1,30,,1190144,2,,,1,70,,1190131,2,,,1,30,,1190134,2,,,1,70,,1035603,2,0,44,1,30,,1007258,2,0,44,1,70,,1190138,2,0,44,1,30,,1190152,2,0,44,1,70,,1190127,2,0,44,1,30,,1098858,2,0,44,1,100,,1069791,2,0,44,1
16100,'6',530,,1190163,2,0,44,1,70,,1190187,2,0,44,1,15,,1190154,2,0,44,1,30,,1190157,2,0,44,1,70,,1190158,2,0,44,1,30,,1190183,2,0,44,1,71,,1190178,2,0,44,1,29,,1190153,2,0,44,1,70,,1190175,2,0,44,1,30,,1190170,2,0,44,1,70,,1190188,2,0,44,1,30,,1190159,2,0,44,1,70,,1190180,2,0,44,1,30,,1190179,2,0,44,1,70,,1190161,2,0,44,1,30,,1190162,2,0,44,1,70,,1190156,2,0,44,1,30,,1190169,2,0,44,1,70,,1190155,2,0,44,1,30,,1190160,2,0,44,1,64,,1190186,14,0,44,1,6,,1190185,2,0,44,1,4,,1190173,14,0,44,1,28,,1190181,2,,,1,68,,1190177,2,,,1,30,,1190171,2,,,1,70,,1190167,2,,,1,30,,1190172,2,,,1,70,,1190164,2,,,1,30,,1190166,2,,,1,70,,1190176,2,0,44,1,30,,1190165,2,0,44,1,70,,1190184,2,0,44,1,30,,1081118,2,0,44,1,70,,1190174,2,0,44,1,30,,1190182,2,0,44,1,100,,1190168,2,0,44,1
16100,'7',700,,1190190,2,0,44,1,100,,1190198,2,0,44,1,100,,1190191,2,0,44,1,100,,1190193,2,0,44,1,100,,1190204,2,0,44,1,100,,1190192,2,0,44,1,100,,1190196,2,0,44,1,100,,1190202,2,0,44,1,100,,1190194,2,0,44,1,100,,1190200,2,0,44,1,100,,1190201,2,0,44,1,100,,1190189,2,0,44,1,100,,1190199,2,0,44,1,100,,1190195,2,0,44,1,100,,1190197,2,0,44,1,100,,1190203,2,0,44,1
16100,'8',530,,1190216,2,0,44,1,70,,1190240,2,0,44,1,15,,1190206,2,0,44,1,30,,1190210,2,0,44,1,70,,1190211,2,0,44,1,30,,1190236,2,0,44,1,71,,1190231,2,0,44,1,29,,1190205,2,0,44,1,70,,1190228,2,0,44,1,30,,1190223,2,0,44,1,70,,1190241,2,0,44,1,30,,1190212,2,0,44,1,70,,1190233,2,0,44,1,30,,1190232,2,0,44,1,70,,1190214,2,0,44,1,30,,1190215,2,0,44,1,70,,1190209,2,0,44,1,30,,1190222,2,0,44,1,70,,1190207,2,0,44,1,30,,1190213,2,0,44,1,64,,1190239,14,0,44,1,6,,1190238,2,0,44,1,4,,1190226,14,0,44,1,28,,1190234,2,,,1,68,,1190230,2,,,1,30,,1190224,2,,,1,70,,1190220,2,,,1,30,,1190225,2,,,1,70,,1190217,2,,,1,30,,1190219,2,,,1,70,,1190229,2,0,44,1,30,,1190218,2,0,44,1,70,,1190237,2,0,44,1,30,,1190208,2,0,44,1,70,,1190227,2,0,44,1,30,,1190235,2,0,44,1,100,,1190221,2,0,44,1
16100,'9',530,,1190257,2,0,44,1,70,,1190262,2,0,44,1,15,,1190268,2,0,44,1,30,,1190263,2,0,44,1,70,,1190264,2,0,44,1,30,,941738,2,0,44,1,71,,1190247,2,0,44,1,29,,1190245,2,0,44,1,70,,1190242,2,0,44,1,30,,1190243,2,0,44,1,70,,1190249,2,0,44,1,30,,1190250,2,0,44,1,70,,1190265,2,0,44,1,30,,1190256,2,0,44,1,70,,1190246,2,0,44,1,30,,1050887,2,0,44,1,70,,1190253,2,0,44,1,30,,1190267,2,0,44,1,70,,1006028,2,0,44,1,30,,1190259,2,0,44,1,64,,1190258,14,0,44,1,6,,1190266,2,0,44,1,4,,1190254,14,0,44,1,28,,1190260,2,,,1,68,,1069726,2,,,1,30,,1063400,2,,,1,70,,1190252,2,,,1,30,,1190261,2,,,1,70,,1190248,2,,,1,30,,1190251,2,,,1,70,,1036073,2,0,44,1,30,,1007273,2,0,44,1,70,,1190255,2,0,44,1,30,,1190269,2,0,44,1,70,,1190244,2,0,44,1,30,,1098814,2,0,44,1,100,,1069715,2,0,44,1
16101,'1',806,,1190275,16,,,1
16101,'10',806,,1190307,16,,,1
16101,'11',806,,1190339,16,,,1
16101,'12',806,,1190370,16,,,1
16101,'14',806,,1190418,16,,,1
16101,'15',806,,1190481,16,,,1
16101,'16',806,,1016334,16,,,1
16101,'5',806,,1190589,16,,,1
16101,'6',806,,1190618,16,,,1
16101,'8',806,,1190669,16,,,1
16101,'9',806,,1190705,16,,,1
16200,'1',630,,1190735,2,,,1,70,,1190746,2,,,1,29,,1190748,2,,,1,71,,1190736,2,,,1,30,,1190747,2,,,1,70,,1190743,2,,,1,100,,1190752,2,,,1,100,,1190737,2,,,1,100,,1190733,2,,,1,100,,1190732,2,,,1,100,,1190740,2,,,1,100,,1093396,2,,,1,30,,1190739,2,,,1,11,,1190744,15,,,1,17,,1190734,2,,,1,72,,1190750,2,,,1,70,,1190742,2,,,1,30,,1095626,2,,,1,70,,1190745,2,,,1,100,,1190741,2,,,1,100,,1190751,2,,,1,100,,1190738,2,,,1,100,,1190749,2,,,1
16200,'10',630,,1190756,2,,,1,70,,1190767,2,,,1,29,,1190769,2,,,1,71,,1190757,2,,,1,30,,1190768,2,,,1,70,,1190764,2,,,1,100,,1190773,2,,,1,100,,1190758,2,,,1,100,,1190754,2,,,1,100,,1190753,2,,,1,100,,1190761,2,,,1,100,,1093080,2,,,1,30,,1190760,2,,,1,11,,1190765,15,,,1,17,,1190755,2,,,1,72,,1190771,2,,,1,70,,1190763,2,,,1,30,,1095392,2,,,1,70,,1190766,2,,,1,100,,1190762,2,,,1,100,,1190772,2,,,1,100,,1190759,2,,,1,100,,1190770,2,,,1
16200,'11',630,,1190777,2,,,1,70,,1190788,2,,,1,29,,1190790,2,,,1,71,,1190778,2,,,1,30,,1190789,2,,,1,70,,1190785,2,,,1,100,,1190794,2,,,1,100,,1190779,2,,,1,100,,1190775,2,,,1,100,,1190774,2,,,1,100,,1190782,2,,,1,100,,1093487,2,,,1,30,,1190781,2,,,1,11,,1190786,15,,,1,17,,1190776,2,,,1,72,,1190792,2,,,1,70,,1190784,2,,,1,30,,1095699,2,,,1,70,,1190787,2,,,1,100,,1190783,2,,,1,100,,1190793,2,,,1,100,,1190780,2,,,1,100,,1190791,2,,,1
16200,'12',630,,1190808,2,,,1,70,,1190809,2,,,1,29,,1190806,2,,,1,71,,1190807,2,,,1,30,,1190804,2,,,1,70,,1190801,2,,,1,100,,1190802,2,,,1,100,,1190816,2,,,1,100,,1190811,2,,,1,100,,1190803,2,,,1,100,,1190796,2,,,1,100,,1190797,2,,,1,30,,1190814,2,,,1,11,,1190812,15,,,1,17,,1190800,2,,,1,72,,1190799,2,,,1,70,,1190815,2,,,1,30,,1190810,2,,,1,70,,1062998,2,,,1,100,,1190798,2,,,1,100,,1190805,2,,,1,100,,1190813,2,,,1,100,,1190795,2,,,1
16200,'13',800,,1190827,2,,,1,100,,1190829,2,,,1,100,,1190828,2,,,1,100,,1190823,2,,,1,100,,1190826,2,,,1,100,,1081561,2,,,1,100,,1190824,2,,,1,100,,1190821,2,,,1,100,,1072964,2,,,1,100,,1190817,2,,,1,100,,1190822,2,,,1,100,,1190825,2,,,1,100,,1190820,2,,,1,100,,1190818,2,,,1,100,,1082577,2,,,1,100,,1190819,2,,,1
16200,'14',630,,1190834,2,,,1,70,,1190846,2,,,1,29,,1190848,2,,,1,71,,1190835,2,,,1,30,,1190847,2,,,1,70,,1190843,2,,,1,100,,1190852,2,,,1,100,,1190836,2,,,1,100,,1190831,2,,,1,100,,1190830,2,,,1,100,,1190840,2,,,1,100,,1190832,2,,,1,30,,1190839,2,,,1,11,,1190844,15,,,1,17,,1190833,2,,,1,72,,1190850,2,,,1,70,,1190842,2,,,1,30,,1190837,2,,,1,70,,1190845,2,,,1,100,,1190841,2,,,1,100,,1190851,2,,,1,100,,1190838,2,,,1,100,,1190849,2,,,1
16200,'15',630,,1190855,2,,,1,70,,1190861,2,,,1,29,,1190866,2,,,1,71,,1190862,2,,,1,30,,1190853,2,,,1,70,,1190860,2,,,1,100,,1190871,2,,,1,100,,1190863,2,,,1,100,,1190874,2,,,1,100,,1190867,2,,,1,100,,1190857,2,,,1,100,,1190868,2,,,1,30,,1190865,2,,,1,11,,1190869,15,,,1,17,,1190875,2,,,1,72,,1190854,2,,,1,70,,1190872,2,,,1,30,,1190859,2,,,1,70,,1190858,2,,,1,100,,1190870,2,,,1,100,,1190873,2,,,1,100,,1190856,2,,,1,100,,1190864,2,,,1
16200,'16',630,,1190889,2,,,1,70,,1190890,2,,,1,29,,1190887,2,,,1,71,,1190888,2,,,1,30,,1190885,2,,,1,70,,1190882,2,,,1,100,,1190883,2,,,1,100,,1190896,2,,,1,100,,1190892,2,,,1,100,,1190884,2,,,1,100,,1099535,2,,,1,100,,1190878,2,,,1,30,,1100280,2,,,1,11,,1190893,15,,,1,17,,1190881,2,,,1,72,,1190880,2,,,1,70,,1190895,2,,,1,30,,1190891,2,,,1,70,,1190877,2,,,1,100,,1190879,2,,,1,100,,1190886,2,,,1,100,,1190894,2,,,1,100,,1190876,2,,,1
16200,'17',800,,1190910,2,,,1,100,,1190912,2,,,1,100,,1190911,2,,,1,100,,1190906,2,,,1,100,,1190909,2,,,1,100,,1190897,2,,,1,100,,1190907,2,,,1,100,,1190904,2,,,1,100,,1190898,2,,,1,100,,1190900,2,,,1,100,,1190905,2,,,1,100,,1190908,2,,,1,100,,1190903,2,,,1,100,,1190901,2,,,1,100,,1190899,2,,,1,100,,1190902,2,,,1
16200,'2',730,,1190926,2,,,1,100,,1190929,2,,,1,100,,1190922,2,,,1,100,,1190915,2,,,1,100,,1190920,2,,,1,100,,1190925,2,,,1,100,,1190916,2,,,1,100,,1190917,2,,,1,100,,1190913,2,,,1,100,,1190927,2,,,1,100,,1190921,2,,,1,100,,1190923,2,,,1,100,,1190919,2,,,1,100,,1190914,2,,,1,100,,1190928,2,,,1,83,,1190918,2,,,1,39,,1190924,2,,,1
16200,'3',800,,1190943,2,,,1,100,,1190945,2,,,1,100,,1190944,2,,,1,100,,1190939,2,,,1,100,,1190942,2,,,1,100,,1190930,2,,,1,100,,1190940,2,,,1,100,,1190937,2,,,1,100,,1190931,2,,,1,100,,1190933,2,,,1,100,,1190938,2,,,1,100,,1190941,2,,,1,100,,1190936,2,,,1,100,,1190934,2,,,1,100,,1190932,2,,,1,100,,1190935,2,,,1
16200,'4',800,,1190952,2,,,1,100,,1190960,2,,,1,100,,1190953,2,,,1,100,,1190959,2,,,1,100,,1190949,2,,,1,100,,1190947,2,,,1,100,,1190951,2,,,1,100,,1190955,2,,,1,100,,1190948,2,,,1,100,,1190956,2,,,1,100,,1190950,2,,,1,100,,1190954,2,,,1,100,,1190946,2,,,1,100,,1190958,2,,,1,100,,1100687,2,,,1,100,,1190957,2,,,1
16200,'5',630,,1190964,2,,,1,70,,1190975,2,,,1,29,,1190977,2,,,1,71,,1190965,2,,,1,30,,1190976,2,,,1,70,,1190972,2,,,1,100,,1190981,2,,,1,100,,1190966,2,,,1,100,,1190962,2,,,1,100,,1190961,2,,,1,100,,1190969,2,,,1,100,,1093341,2,,,1,30,,1190968,2,,,1,11,,1190973,15,,,1,17,,1190963,2,,,1,72,,1190979,2,,,1,70,,1190971,2,,,1,30,,1095579,2,,,1,70,,1190974,2,,,1,100,,1190970,2,,,1,100,,1190980,2,,,1,100,,1190967,2,,,1,100,,1190978,2,,,1
16200,'6',630,,1190993,2,,,1,70,,1190994,2,,,1,29,,1190991,2,,,1,71,,1190992,2,,,1,30,,1190989,2,,,1,70,,1190986,2,,,1,100,,1190987,2,,,1,100,,1045339,2,,,1,100,,1190996,2,,,1,100,,1190988,2,,,1,100,,1190983,2,,,1,100,,1103382,2,,,1,30,,1190999,2,,,1,11,,1190997,15,,,1,17,,1190985,2,,,1,72,,1190984,2,,,1,70,,1065576,2,,,1,30,,1190995,2,,,1,70,,1190982,2,,,1,100,,1086487,2,,,1,100,,1190990,2,,,1,100,,1190998,2,,,1,100,,1091969,2,,,1
16200,'7',730,,1191006,2,,,1,100,,1191007,2,,,1,100,,1191010,2,,,1,100,,1191004,2,,,1,100,,1191005,2,,,1,100,,1191003,2,,,1,100,,1191012,2,,,1,100,,1191000,2,,,1,100,,1191015,2,,,1,100,,1191009,2,,,1,100,,1191002,2,,,1,100,,1191011,2,,,1,100,,1191008,2,,,1,100,,1191013,2,,,1,100,,1191014,2,,,1,83,,1191016,2,,,1,39,,1191001,2,,,1
16200,'8',630,,1191031,2,,,1,70,,1191032,2,,,1,29,,1191029,2,,,1,71,,1191030,2,,,1,30,,1191027,2,,,1,70,,1191024,2,,,1,100,,1191025,2,,,1,100,,1191039,2,,,1,100,,1191034,2,,,1,100,,1191026,2,,,1,100,,1191019,2,,,1,100,,1191020,2,,,1,30,,1191037,2,,,1,11,,1191035,15,,,1,17,,1191023,2,,,1,72,,1191022,2,,,1,70,,1191038,2,,,1,30,,1191033,2,,,1,70,,1191018,2,,,1,100,,1191021,2,,,1,100,,1191028,2,,,1,100,,1191036,2,,,1,100,,1191017,2,,,1
16200,'9',630,,1191043,2,,,1,70,,1191054,2,,,1,29,,1191056,2,,,1,71,,1191044,2,,,1,30,,1191055,2,,,1,70,,1191051,2,,,1,100,,1191060,2,,,1,100,,1191045,2,,,1,100,,1191041,2,,,1,100,,1191040,2,,,1,100,,1191048,2,,,1,100,,1093185,2,,,1,30,,1191047,2,,,1,11,,1191052,15,,,1,17,,1191042,2,,,1,72,,1191058,2,,,1,70,,1191050,2,,,1,30,,1095467,2,,,1,70,,1191053,2,,,1,100,,1191049,2,,,1,100,,1191059,2,,,1,100,,1191046,2,,,1,100,,1191057,2,,,1
16301,'1',601,,1191796,2,,,1,30,,1191806,2,,,1,70,,1100030,2,,,1,30,,1191794,2,,,1,70,,1191816,2,,,1,31,,1191793,2,,,1,69,,1191814,2,,,1,30,,1191803,2,,,1,70,,1191817,2,,,1,30,,1191818,2,,,1,70,,1068374,2,,,1,30,,1191805,2,,,1,70,,1191807,2,,,1,30,,1191815,2,,,1,70,,1191792,2,,,1,30,,1191801,2,,,1,70,,1191808,2,,,1,30,,1191798,2,,,1,70,,1191810,2,,,1,30,,1191795,2,,,1,70,,1191791,2,,,1,30,,1191809,2,,,1,70,,1191800,2,,,1,30,,1191811,2,,,1,70,,1191812,2,,,1,30,,1191813,2,,,1,70,,1191802,2,,,1,30,,1191804,2,,,1,70,,1077024,2,,,1,100,,1191799,2,,,1,100,,1191797,2,,,1
16301,'10',601,,1191824,2,,,1,30,,1191834,2,,,1,70,,1099886,2,,,1,30,,1191822,2,,,1,70,,1191844,2,,,1,31,,1191821,2,,,1,69,,1191842,2,,,1,30,,1191831,2,,,1,70,,1191845,2,,,1,30,,1191846,2,,,1,70,,1068133,2,,,1,30,,1191833,2,,,1,70,,1191835,2,,,1,30,,1191843,2,,,1,70,,1191820,2,,,1,30,,1191829,2,,,1,70,,1191836,2,,,1,30,,1191826,2,,,1,70,,1191838,2,,,1,30,,1191823,2,,,1,70,,1191819,2,,,1,30,,1191837,2,,,1,70,,1191828,2,,,1,30,,1191839,2,,,1,70,,1191840,2,,,1,30,,1191841,2,,,1,70,,1191830,2,,,1,30,,1191832,2,,,1,70,,1076800,2,,,1,100,,1191827,2,,,1,100,,1191825,2,,,1
16301,'11',601,,1191852,2,,,1,30,,1191862,2,,,1,70,,1100074,2,,,1,30,,1191850,2,,,1,70,,1191872,2,,,1,31,,1191849,2,,,1,69,,1191870,2,,,1,30,,1191859,2,,,1,70,,1191873,2,,,1,30,,1191874,2,,,1,70,,1068438,2,,,1,30,,1191861,2,,,1,70,,1191863,2,,,1,30,,1191871,2,,,1,70,,1191848,2,,,1,30,,1191857,2,,,1,70,,1191864,2,,,1,30,,1191854,2,,,1,70,,1191866,2,,,1,30,,1191851,2,,,1,70,,1191847,2,,,1,30,,1191865,2,,,1,70,,1191856,2,,,1,30,,1191867,2,,,1,70,,1191868,2,,,1,30,,1191869,2,,,1,70,,1191858,2,,,1,30,,1191860,2,,,1,70,,1077090,2,,,1,100,,1191855,2,,,1,100,,1191853,2,,,1
16301,'12',601,,1191900,2,,,1,30,,1191879,2,,,1,70,,1191883,2,,,1,30,,1191902,2,,,1,70,,1191901,2,,,1,31,,1191893,2,,,1,69,,1191885,2,,,1,30,,1191895,2,,,1,70,,1191888,2,,,1,30,,1191894,2,,,1,70,,1191886,2,,,1,30,,1191876,2,,,1,70,,1191896,2,,,1,30,,1191889,2,,,1,70,,1191897,2,,,1,30,,1191881,2,,,1,70,,1081626,2,,,1,30,,1191884,2,,,1,70,,1191878,2,,,1,30,,1191880,2,,,1,70,,1191899,2,,,1,30,,1191875,2,,,1,70,,1081288,2,,,1,30,,1191887,2,,,1,70,,1191891,2,,,1,30,,1063002,2,,,1,70,,1191877,2,,,1,30,,1191898,2,,,1,70,,1191890,2,,,1,100,,1191882,2,,,1,100,,1191892,2,,,1
16301,'13',731,,1085171,2,,,1,100,,1191907,2,,,1,70,,1191906,2,,,1,30,,1191905,2,,,1,70,,1191909,2,,,1,30,,1191916,2,,,1,70,,1101569,2,,,1,30,,1191915,2,,,1,70,,1191908,2,,,1,30,,1191910,2,,,1,70,,1191921,2,,,1,30,,1191913,2,,,1,70,,1191912,2,,,1,30,,1191918,2,,,1,70,,1191911,2,,,1,30,,1191920,2,,,1,70,,1191919,2,,,1,30,,1191903,2,,,1,70,,1191914,2,,,1,100,,1191904,2,,,1,100,,1191917,2,,,1
16301,'14',601,,1191929,2,,,1,30,,1191939,2,,,1,70,,1191923,2,,,1,30,,1191927,2,,,1,70,,1191949,2,,,1,31,,1191926,2,,,1,69,,1191947,2,,,1,30,,1191936,2,,,1,70,,1191950,2,,,1,30,,1191952,2,,,1,70,,1191924,2,,,1,30,,1191938,2,,,1,70,,1191940,2,,,1,30,,1191948,2,,,1,70,,1191925,2,,,1,30,,1191934,2,,,1,70,,1191941,2,,,1,30,,1191931,2,,,1,70,,1191943,2,,,1,30,,1191928,2,,,1,70,,1191922,2,,,1,30,,1191942,2,,,1,70,,1191933,2,,,1,30,,1191944,2,,,1,70,,1191945,2,,,1,30,,1191946,2,,,1,70,,1191935,2,,,1,30,,1191937,2,,,1,70,,1191951,2,,,1,100,,1191932,2,,,1,100,,1191930,2,,,1
16301,'15',601,,1191976,2,,,1,30,,1191982,2,,,1,70,,1191969,2,,,1,30,,1191980,2,,,1,70,,1191966,2,,,1,31,,1191960,2,,,1,69,,1191970,2,,,1,30,,1191973,2,,,1,70,,1191972,2,,,1,30,,1191963,2,,,1,70,,1191983,2,,,1,30,,1191979,2,,,1,70,,1191981,2,,,1,30,,1191975,2,,,1,70,,1191962,2,,,1,30,,1191953,2,,,1,70,,1191964,2,,,1,30,,1191971,2,,,1,70,,1191958,2,,,1,30,,1191956,2,,,1,70,,1191965,2,,,1,30,,1191959,2,,,1,70,,1191954,2,,,1,30,,1191977,2,,,1,70,,1191961,2,,,1,30,,1191974,2,,,1,70,,1191968,2,,,1,30,,1191978,2,,,1,70,,1191957,2,,,1,100,,1191955,2,,,1,100,,1191967,2,,,1
16301,'16',601,,1192011,2,,,1,30,,1191990,2,,,1,70,,1191994,2,,,1,30,,1192014,2,,,1,70,,1192012,2,,,1,31,,1192004,2,,,1,69,,1191996,2,,,1,30,,1192006,2,,,1,70,,1191999,2,,,1,30,,1192005,2,,,1,70,,1191997,2,,,1,30,,1191986,2,,,1,70,,1192007,2,,,1,30,,1192000,2,,,1,70,,1192008,2,,,1,30,,1191992,2,,,1,70,,1192013,2,,,1,30,,1191995,2,,,1,70,,1191988,2,,,1,30,,1191991,2,,,1,70,,1192010,2,,,1,30,,1191985,2,,,1,70,,1191984,2,,,1,30,,1191998,2,,,1,70,,1192002,2,,,1,30,,1191989,2,,,1,70,,1191987,2,,,1,30,,1192009,2,,,1,70,,1192001,2,,,1,100,,1191993,2,,,1,100,,1192003,2,,,1
16301,'17',731,,1192032,2,,,1,100,,1192019,2,,,1,70,,1192018,2,,,1,30,,1192017,2,,,1,70,,1192021,2,,,1,30,,1192028,2,,,1,70,,1192035,2,,,1,30,,1192027,2,,,1,70,,1192020,2,,,1,30,,1192022,2,,,1,70,,1192034,2,,,1,30,,1192025,2,,,1,70,,1192024,2,,,1,30,,1192030,2,,,1,70,,1192023,2,,,1,30,,1192033,2,,,1,70,,1192031,2,,,1,30,,1192015,2,,,1,70,,1192026,2,,,1,100,,1192016,2,,,1,100,,1192029,2,,,1
16301,'2',731,,1192040,2,,,1,70,,1192045,2,,,1,30,,1192042,2,,,1,70,,1192049,2,,,1,30,,1192051,2,,,1,70,,1079710,2,,,1,30,,1192043,2,,,1,70,,1192044,2,,,1,30,,1192037,2,,,1,70,,1192057,2,,,1,30,,1192055,2,,,1,70,,1192038,2,,,1,30,,1192046,2,,,1,70,,1192039,2,,,1,30,,1192052,2,,,1,70,,1192050,2,,,1,30,,1192056,2,,,1,70,,1192054,2,,,1,30,,1192053,2,,,1,70,,1192036,2,,,1,100,,1192041,2,,,1,100,,1192047,2,,,1,100,,1192058,2,,,1,100,,1192048,2,,,1,100,,1192059,2,,,1
16301,'3',731,,1192077,2,,,1,100,,1192064,2,,,1,70,,1192063,2,,,1,30,,1192062,2,,,1,70,,1192066,2,,,1,30,,1192073,2,,,1,70,,1192080,2,,,1,30,,1192072,2,,,1,70,,1192065,2,,,1,30,,1192067,2,,,1,70,,1192079,2,,,1,30,,1192070,2,,,1,70,,1192069,2,,,1,30,,1192075,2,,,1,70,,1192068,2,,,1,30,,1192078,2,,,1,70,,1192076,2,,,1,30,,1192060,2,,,1,70,,1192071,2,,,1,100,,1192061,2,,,1,100,,1192074,2,,,1
16301,'4',731,,1192097,2,,,1,100,,1192084,2,,,1,70,,1192090,2,,,1,30,,1192091,2,,,1,70,,1192095,2,,,1,30,,1192093,2,,,1,70,,1192099,2,,,1,30,,1192094,2,,,1,70,,1192088,2,,,1,30,,1192092,2,,,1,70,,1192098,2,,,1,30,,1192082,2,,,1,70,,1192101,2,,,1,30,,1192100,2,,,1,70,,1192089,2,,,1,30,,1192087,2,,,1,70,,1192081,2,,,1,30,,1192096,2,,,1,70,,1192086,2,,,1,100,,1192083,2,,,1,100,,1192085,2,,,1
16301,'5',601,,1192107,2,,,1,30,,1192117,2,,,1,70,,1100004,2,,,1,30,,1192105,2,,,1,70,,1192127,2,,,1,31,,1192104,2,,,1,69,,1192125,2,,,1,30,,1192114,2,,,1,70,,1192128,2,,,1,30,,1192129,2,,,1,70,,1068331,2,,,1,30,,1192116,2,,,1,70,,1192118,2,,,1,30,,1192126,2,,,1,70,,1192103,2,,,1,30,,1192112,2,,,1,70,,1192119,2,,,1,30,,1192109,2,,,1,70,,1192121,2,,,1,30,,1192106,2,,,1,70,,1192102,2,,,1,30,,1192120,2,,,1,70,,1192111,2,,,1,30,,1192122,2,,,1,70,,1192123,2,,,1,30,,1192124,2,,,1,70,,1192113,2,,,1,30,,1192115,2,,,1,70,,1076980,2,,,1,100,,1192110,2,,,1,100,,1192108,2,,,1
16301,'6',601,,1094260,2,,,1,30,,1192135,2,,,1,70,,1192137,2,,,1,30,,1097202,2,,,1,70,,1064526,2,,,1,31,,1192147,2,,,1,69,,1192139,2,,,1,30,,1192149,2,,,1,70,,1192142,2,,,1,30,,1192148,2,,,1,70,,1192140,2,,,1,30,,1099730,2,,,1,70,,1192150,2,,,1,30,,1192143,2,,,1,70,,1192151,2,,,1,30,,1054508,2,,,1,70,,1192153,2,,,1,30,,1192138,2,,,1,70,,1192133,2,,,1,30,,1076402,2,,,1,70,,1098922,2,,,1,30,,1192131,2,,,1,70,,1192130,2,,,1,30,,1192141,2,,,1,70,,1192145,2,,,1,30,,1192134,2,,,1,70,,1192132,2,,,1,30,,1192152,2,,,1,70,,1192144,2,,,1,100,,1192136,2,,,1,100,,1192146,2,,,1
16301,'7',731,,1192176,2,,,1,70,,1192172,2,,,1,30,,1192169,2,,,1,70,,1192178,2,,,1,30,,1192160,2,,,1,70,,1192168,2,,,1,30,,1192164,2,,,1,70,,1192171,2,,,1,30,,1192163,2,,,1,70,,1192159,2,,,1,30,,1192177,2,,,1,70,,1192166,2,,,1,30,,1192154,2,,,1,70,,1192170,2,,,1,30,,1192161,2,,,1,70,,1192158,2,,,1,30,,1192155,2,,,1,70,,1192167,2,,,1,30,,1192156,2,,,1,70,,1192162,2,,,1,100,,1192165,2,,,1,100,,1192174,2,,,1,100,,1192157,2,,,1,100,,1192173,2,,,1,100,,1192175,2,,,1
16301,'8',601,,1192206,2,,,1,30,,1192185,2,,,1,70,,1192189,2,,,1,30,,1192209,2,,,1,70,,1192207,2,,,1,31,,1192199,2,,,1,69,,1192191,2,,,1,30,,1192201,2,,,1,70,,1192194,2,,,1,30,,1192200,2,,,1,70,,1192192,2,,,1,30,,1192181,2,,,1,70,,1192202,2,,,1,30,,1192195,2,,,1,70,,1192203,2,,,1,30,,1192187,2,,,1,70,,1192208,2,,,1,30,,1192190,2,,,1,70,,1192183,2,,,1,30,,1192186,2,,,1,70,,1192205,2,,,1,30,,1192180,2,,,1,70,,1192179,2,,,1,30,,1192193,2,,,1,70,,1192197,2,,,1,30,,1192184,2,,,1,70,,1192182,2,,,1,30,,1192204,2,,,1,70,,1192196,2,,,1,100,,1192188,2,,,1,100,,1192198,2,,,1
16301,'9',601,,1192215,2,,,1,30,,1192225,2,,,1,70,,1099934,2,,,1,30,,1192213,2,,,1,70,,1192235,2,,,1,31,,1192212,2,,,1,69,,1192233,2,,,1,30,,1192222,2,,,1,70,,1192236,2,,,1,30,,1192237,2,,,1,70,,1068210,2,,,1,30,,1192224,2,,,1,70,,1192226,2,,,1,30,,1192234,2,,,1,70,,1192211,2,,,1,30,,1192220,2,,,1,70,,1192227,2,,,1,30,,1192217,2,,,1,70,,1192229,2,,,1,30,,1192214,2,,,1,70,,1192210,2,,,1,30,,1192228,2,,,1,70,,1192219,2,,,1,30,,1192230,2,,,1,70,,1192231,2,,,1,30,,1192232,2,,,1,70,,1192221,2,,,1,30,,1192223,2,,,1,70,,1076875,2,,,1,100,,1192218,2,,,1,100,,1192216,2,,,1
16500,'1',600,,1192239,2,,,1,30,,1192246,2,,,1,70,,1102147,2,,,1,30,,1192252,2,,,1,70,,1192255,2,,,1,30,,1192242,2,,,1,70,,1192256,2,,,1,30,,1041542,2,,,1,100,,1029474,2,,,1,100,,1192247,2,,,1,100,,1192257,2,,,1,100,,1192241,2,,,1,100,,1192251,2,,,1,70,,1192253,2,,,1,32,,1192254,2,,,1,68,,1077300,2,,,1,30,,1192250,2,,,1,70,,1192249,2,,,1,30,,1192245,2,,,1,70,,1192248,2,,,1,100,,1192243,2,,,1,100,,1192238,2,,,1,100,,1192244,2,,,1,100,,1192240,2,,,1
16500,'10',600,,1192259,2,,,1,30,,1192266,2,,,1,70,,1102144,2,,,1,30,,1192272,2,,,1,70,,1192275,2,,,1,30,,1192262,2,,,1,70,,1192276,2,,,1,30,,1041665,2,,,1,100,,1029568,2,,,1,100,,1192267,2,,,1,100,,1192277,2,,,1,100,,1192261,2,,,1,100,,1192271,2,,,1,70,,1192273,2,,,1,32,,1192274,2,,,1,68,,1077162,2,,,1,30,,1192270,2,,,1,70,,1192269,2,,,1,30,,1192265,2,,,1,70,,1192268,2,,,1,100,,1192263,2,,,1,100,,1192258,2,,,1,100,,1192264,2,,,1,100,,1192260,2,,,1
16500,'11',600,,1192279,2,,,1,30,,1192286,2,,,1,70,,1102148,2,,,1,30,,1192292,2,,,1,70,,1192295,2,,,1,30,,1192282,2,,,1,70,,1192296,2,,,1,30,,1041505,2,,,1,100,,1029445,2,,,1,100,,1192287,2,,,1,100,,1192297,2,,,1,100,,1192281,2,,,1,100,,1192291,2,,,1,70,,1192293,2,,,1,32,,1192294,2,,,1,68,,1077340,2,,,1,30,,1192290,2,,,1,70,,1192289,2,,,1,30,,1192285,2,,,1,70,,1192288,2,,,1,100,,1192283,2,,,1,100,,1192278,2,,,1,100,,1192284,2,,,1,100,,1192280,2,,,1
16500,'12',600,,1192309,2,,,1,30,,1192306,2,,,1,70,,1192319,2,,,1,30,,1192304,2,,,1,70,,1192311,2,,,1,30,,1192302,2,,,1,70,,1192303,2,,,1,30,,1192310,2,,,1,100,,1192321,2,,,1,100,,1192308,2,,,1,100,,1192318,2,,,1,100,,1192312,2,,,1,100,,1192301,2,,,1,70,,1192314,2,,,1,32,,1192320,2,,,1,68,,1192316,2,,,1,30,,1192300,2,,,1,70,,1192317,2,,,1,30,,1192313,2,,,1,70,,1192299,2,,,1,100,,1192307,2,,,1,100,,1192298,2,,,1,100,,1192315,2,,,1,100,,1192305,2,,,1
16500,'13',858,,1192331,2,,,1,100,,1192324,2,,,1,100,,1192325,2,,,1,100,,1192327,2,,,1,100,,1192323,2,,,1,100,,1192322,2,,,1,100,,1192329,2,,,1,100,,1192330,2,,,1,100,,1065344,2,,,1,100,,1192328,2,,,1,100,,1192326,2,,,1
16500,'14',600,,1192334,2,,,1,30,,1192342,2,,,1,70,,1192332,2,,,1,30,,1192349,2,,,1,70,,1192352,2,,,1,30,,1192338,2,,,1,70,,1192353,2,,,1,30,,1192336,2,,,1,100,,1192355,2,,,1,100,,1192343,2,,,1,100,,1192354,2,,,1,100,,1192337,2,,,1,100,,1192347,2,,,1,70,,1192350,2,,,1,32,,1192351,2,,,1,68,,1192348,2,,,1,30,,1192346,2,,,1,70,,1192345,2,,,1,30,,1192341,2,,,1,70,,1192344,2,,,1,100,,1192339,2,,,1,100,,1192333,2,,,1,100,,1192340,2,,,1,100,,1192335,2,,,1
16500,'15',600,,1192368,2,,,1,30,,1192357,2,,,1,70,,1192376,2,,,1,30,,1192377,2,,,1,70,,1192363,2,,,1,30,,1192379,2,,,1,70,,1192378,2,,,1,30,,1192359,2,,,1,100,,1192362,2,,,1,100,,1192358,2,,,1,100,,1192369,2,,,1,100,,1192372,2,,,1,100,,1192360,2,,,1,70,,1192370,2,,,1,32,,1192371,2,,,1,68,,1192374,2,,,1,30,,1192365,2,,,1,70,,1192361,2,,,1,30,,1192356,2,,,1,70,,1192373,2,,,1,100,,1192367,2,,,1,100,,1192375,2,,,1,100,,1192364,2,,,1,100,,1192366,2,,,1
16500,'16',600,,1192388,2,,,1,30,,1192385,2,,,1,70,,1192397,2,,,1,30,,1192383,2,,,1,70,,1192390,2,,,1,30,,1098566,2,,,1,70,,1192382,2,,,1,30,,1192389,2,,,1,100,,1192399,2,,,1,100,,1192387,2,,,1,100,,1192396,2,,,1,100,,1192391,2,,,1,100,,1073448,2,,,1,70,,1192392,2,,,1,32,,1192398,2,,,1,68,,1192394,2,,,1,30,,1192381,2,,,1,70,,1192395,2,,,1,30,,997056,2,,,1,70,,1192380,2,,,1,100,,1192386,2,,,1,100,,1096446,2,,,1,100,,1192393,2,,,1,100,,1192384,2,,,1
16500,'17',858,,1192410,2,,,1,100,,1192402,2,,,1,100,,1192404,2,,,1,100,,1192406,2,,,1,100,,1192401,2,,,1,100,,1192400,2,,,1,100,,1192408,2,,,1,100,,1192409,2,,,1,100,,1192403,2,,,1,100,,1192407,2,,,1,100,,1192405,2,,,1
16500,'2',711,,1192420,2,,,1,100,,1192413,2,,,1,100,,1192417,2,,,1,100,,1192425,2,,,1,100,,1192415,2,,,1,100,,1192414,2,,,1,100,,1192421,2,,,1,100,,1031917,2,,,1,100,,1192416,2,,,1,100,,1192411,2,,,1,100,,1192412,2,,,1,100,,1192422,2,,,1,100,,1192419,2,,,1,100,,1192423,2,,,1,100,,1192424,2,,,1,100,,1192418,2,,,1
16500,'3',858,,1192436,2,,,1,100,,1192428,2,,,1,100,,1192430,2,,,1,100,,1192432,2,,,1,100,,1192427,2,,,1,100,,1192426,2,,,1,100,,1192434,2,,,1,100,,1192435,2,,,1,100,,1192429,2,,,1,100,,1192433,2,,,1,100,,1192431,2,,,1
16500,'4',858,,1192441,2,,,1,100,,1192444,2,,,1,100,,1192442,2,,,1,100,,994468,2,,,1,100,,1192440,2,,,1,100,,1192443,2,,,1,100,,1062979,2,,,1,100,,1192439,2,,,1,100,,1192445,2,,,1,100,,1192438,2,,,1,100,,1192437,2,,,1
16500,'5',600,,1192447,2,,,1,30,,1192454,2,,,1,70,,1102146,2,,,1,30,,1192460,2,,,1,70,,1192463,2,,,1,30,,1192450,2,,,1,70,,1192464,2,,,1,30,,1041339,2,,,1,100,,1029300,2,,,1,100,,1192455,2,,,1,100,,1192465,2,,,1,100,,1192449,2,,,1,100,,1192459,2,,,1,70,,1192461,2,,,1,32,,1192462,2,,,1,68,,1077275,2,,,1,30,,1192458,2,,,1,70,,1192457,2,,,1,30,,1192453,2,,,1,70,,1192456,2,,,1,100,,1192451,2,,,1,100,,1192446,2,,,1,100,,1192452,2,,,1,100,,1192448,2,,,1
16500,'6',600,,1192475,2,,,1,30,,1192472,2,,,1,70,,1077636,2,,,1,30,,1192470,2,,,1,70,,1192477,2,,,1,30,,1192468,2,,,1,70,,1192469,2,,,1,30,,1192476,2,,,1,100,,1192484,2,,,1,100,,1192474,2,,,1,100,,1192483,2,,,1,100,,1029728,2,,,1,100,,1192467,2,,,1,70,,1192479,2,,,1,32,,1101927,2,,,1,68,,1192481,2,,,1,30,,1090066,2,,,1,70,,1192482,2,,,1,30,,1192478,2,,,1,70,,1064967,2,,,1,100,,1192473,2,,,1,100,,1192466,2,,,1,100,,1192480,2,,,1,100,,1192471,2,,,1
16500,'7',711,,1192499,2,,,1,100,,1192492,2,,,1,100,,1192496,2,,,1,100,,1192490,2,,,1,100,,1192489,2,,,1,100,,1192497,2,,,1,100,,1192491,2,,,1,100,,1192485,2,,,1,100,,1192494,2,,,1,100,,1192488,2,,,1,100,,1192498,2,,,1,100,,1192487,2,,,1,100,,1192495,2,,,1,100,,1192486,2,,,1,100,,1192500,2,,,1,100,,1192493,2,,,1
16500,'8',600,,1192512,2,,,1,30,,1192509,2,,,1,70,,1192522,2,,,1,30,,1192507,2,,,1,70,,1192514,2,,,1,30,,1192505,2,,,1,70,,1192506,2,,,1,30,,1192513,2,,,1,100,,1192524,2,,,1,100,,1192511,2,,,1,100,,1192521,2,,,1,100,,1192515,2,,,1,100,,1192504,2,,,1,70,,1192517,2,,,1,32,,1192523,2,,,1,68,,1192519,2,,,1,30,,1192503,2,,,1,70,,1192520,2,,,1,30,,1192516,2,,,1,70,,1192502,2,,,1,100,,1192510,2,,,1,100,,1192501,2,,,1,100,,1192518,2,,,1,100,,1192508,2,,,1
16500,'9',600,,1192526,2,,,1,30,,1192533,2,,,1,70,,1102145,2,,,1,30,,1192539,2,,,1,70,,1192542,2,,,1,30,,1192529,2,,,1,70,,1192543,2,,,1,30,,1041579,2,,,1,100,,1029503,2,,,1,100,,1192534,2,,,1,100,,1192544,2,,,1,100,,1192528,2,,,1,100,,1192538,2,,,1,70,,1192540,2,,,1,32,,1192541,2,,,1,68,,1077204,2,,,1,30,,1192537,2,,,1,70,,1192536,2,,,1,30,,1192532,2,,,1,70,,1192535,2,,,1,100,,1192530,2,,,1,100,,1192525,2,,,1,100,,1192531,2,,,1,100,,1192527,2,,,1
16800,'1',516,,1192869,2,,,1,30,,1192863,2,,,1,68,,1192874,2,,,1,30,,1017304,2,,,1,67,,1192881,2,,,1,29,,1083600,2,,,1,70,,1012320,2,,,1,31,,1192859,2,,,1,71,,1192883,2,,,1,30,,942790,2,,,1,70,,1192867,2,,,1,30,,1192871,2,,,1,70,,1192861,2,,,1,30,,1192878,2,,,1,70,,1192860,2,,,1,30,,1192884,2,,,1,70,,1031308,2,,,1,30,,1192879,2,,,1,70,,1192864,2,,,1,27,,1192882,2,,,1,70,,1192872,2,,,1,32,,1192868,2,,,1,70,,1192862,2,,,1,30,,1192877,2,,,1,70,,1078721,2,,,1,30,,1192866,2,,,1,70,,1022454,2,,,1,30,,1012322,2,,,1,70,,1192875,2,,,1,30,,1090236,2,,,1,70,,1192870,2,,,1,30,,1192873,2,,,1,70,,1192865,2,,,1,104,,1192880,2,,,1,120,,1192876,2,,,1
16800,'10',516,,1192895,2,,,1,30,,1192889,2,,,1,68,,1192900,2,,,1,30,,1017472,2,,,1,67,,1192907,2,,,1,29,,1083361,2,,,1,70,,1012403,2,,,1,31,,1192885,2,,,1,71,,1192909,2,,,1,30,,942427,2,,,1,70,,1192893,2,,,1,30,,1192897,2,,,1,70,,1192887,2,,,1,30,,1192904,2,,,1,70,,1192886,2,,,1,30,,1192910,2,,,1,70,,1031392,2,,,1,30,,1192905,2,,,1,70,,1192890,2,,,1,27,,1192908,2,,,1,70,,1192898,2,,,1,32,,1192894,2,,,1,70,,1192888,2,,,1,30,,1192903,2,,,1,70,,1078457,2,,,1,30,,1192892,2,,,1,70,,1022581,2,,,1,30,,1012405,2,,,1,70,,1192901,2,,,1,30,,1090092,2,,,1,70,,1192896,2,,,1,30,,1192899,2,,,1,70,,1192891,2,,,1,104,,1192906,2,,,1,120,,1192902,2,,,1
16800,'11',516,,1192921,2,,,1,30,,1192915,2,,,1,68,,1192926,2,,,1,30,,1017253,2,,,1,67,,1192933,2,,,1,29,,1083670,2,,,1,70,,1012297,2,,,1,31,,1192911,2,,,1,71,,1192935,2,,,1,30,,942734,2,,,1,70,,1192919,2,,,1,30,,1192923,2,,,1,70,,1192913,2,,,1,30,,1192930,2,,,1,70,,1192912,2,,,1,30,,1192936,2,,,1,70,,1031282,2,,,1,30,,1192931,2,,,1,70,,1192916,2,,,1,27,,1192934,2,,,1,70,,1192924,2,,,1,32,,1192920,2,,,1,70,,1192914,2,,,1,30,,1192929,2,,,1,70,,1078801,2,,,1,30,,1192918,2,,,1,70,,1022415,2,,,1,30,,1012299,2,,,1,70,,1192927,2,,,1,30,,1090280,2,,,1,70,,1192922,2,,,1,30,,1192925,2,,,1,70,,1192917,2,,,1,104,,1192932,2,,,1,120,,1192928,2,,,1
16800,'12',516,,1192960,2,,,1,30,,1192942,2,,,1,68,,1192948,2,,,1,30,,1192954,2,,,1,67,,1192953,2,,,1,29,,1192963,2,,,1,70,,1192941,2,,,1,31,,1192951,2,,,1,71,,1192943,2,,,1,30,,1192959,2,,,1,70,,1037950,2,,,1,30,,1192961,2,,,1,70,,1192945,2,,,1,30,,1192947,2,,,1,70,,1192955,2,,,1,30,,1192938,2,,,1,70,,1192952,2,,,1,30,,1192962,2,,,1,70,,1192946,2,,,1,27,,1192950,2,,,1,70,,1052122,2,,,1,32,,1101373,2,,,1,70,,1192964,2,,,1,30,,942200,2,,,1,70,,1192944,2,,,1,30,,1192937,2,,,1,70,,1192958,2,,,1,30,,1192940,2,,,1,70,,1192957,2,,,1,30,,1192939,2,,,1,70,,1060551,2,,,1,30,,1192956,2,,,1,70,,1068847,2,,,1,104,,1192949,2,,,1,120,,1192965,2,,,1
16800,'13',630,,1080180,2,,,1,100,,1192969,2,,,1,100,,1192982,2,,,1,70,,1192966,2,,,1,31,,1192973,2,,,1,69,,1192987,2,,,1,30,,1192984,2,,,1,70,,1192970,2,,,1,30,,1192975,2,,,1,70,,1192983,2,,,1,30,,1192980,2,,,1,70,,1192985,2,,,1,30,,1192981,2,,,1,70,,1084963,2,,,1,30,,1192967,2,,,1,70,,1192971,2,,,1,30,,1192990,2,,,1,70,,1192979,2,,,1,30,,1192976,2,,,1,70,,1192974,2,,,1,30,,1192988,2,,,1,70,,1192972,2,,,1,30,,1192986,2,,,1,100,,1192968,2,,,1,100,,1064338,2,,,1,100,,1192989,2,,,1,100,,1192978,2,,,1,113,,1192977,2,,,1
16800,'14',516,,1193008,2,,,1,30,,1193002,2,,,1,68,,1193013,2,,,1,30,,1192992,2,,,1,67,,1193020,2,,,1,29,,1192999,2,,,1,70,,1192996,2,,,1,31,,1192991,2,,,1,71,,1193024,2,,,1,30,,1193022,2,,,1,70,,1193006,2,,,1,30,,1193010,2,,,1,70,,1192998,2,,,1,30,,1193017,2,,,1,70,,1192994,2,,,1,30,,1193025,2,,,1,70,,1193001,2,,,1,30,,1193018,2,,,1,70,,1193003,2,,,1,27,,1193023,2,,,1,70,,1193011,2,,,1,32,,1193007,2,,,1,70,,1193000,2,,,1,30,,1193016,2,,,1,70,,1193021,2,,,1,30,,1193005,2,,,1,70,,1192993,2,,,1,30,,1192997,2,,,1,70,,1193014,2,,,1,30,,1192995,2,,,1,70,,1193009,2,,,1,30,,1193012,2,,,1,70,,1193004,2,,,1,104,,1193019,2,,,1,120,,1193015,2,,,1
16800,'15',516,,1193033,2,,,1,30,,1193037,2,,,1,68,,1193046,2,,,1,30,,1193041,2,,,1,67,,1193047,2,,,1,29,,1193048,2,,,1,70,,1193032,2,,,1,31,,1193028,2,,,1,71,,1193038,2,,,1,30,,1193058,2,,,1,70,,1193060,2,,,1,30,,1193055,2,,,1,70,,1193059,2,,,1,30,,1193031,2,,,1,70,,1193036,2,,,1,30,,1193029,2,,,1,70,,1193030,2,,,1,30,,1193054,2,,,1,70,,1193045,2,,,1,27,,1193057,2,,,1,70,,1193052,2,,,1,32,,1193039,2,,,1,70,,1193027,2,,,1,30,,1193056,2,,,1,70,,1193050,2,,,1,30,,1193051,2,,,1,70,,1193053,2,,,1,30,,1193044,2,,,1,70,,1193043,2,,,1,30,,1193040,2,,,1,70,,1193042,2,,,1,30,,1193049,2,,,1,70,,1193034,2,,,1,104,,1193026,2,,,1,120,,1193035,2,,,1
16800,'16',516,,1090270,2,,,1,30,,1193070,2,,,1,68,,1193076,2,,,1,30,,1193082,2,,,1,67,,1193081,2,,,1,29,,1193092,2,,,1,70,,1193069,2,,,1,31,,1193079,2,,,1,71,,1193071,2,,,1,30,,1193087,2,,,1,70,,1193068,2,,,1,30,,1193088,2,,,1,70,,1193073,2,,,1,30,,1193075,2,,,1,70,,1193083,2,,,1,30,,1193064,2,,,1,70,,1193080,2,,,1,30,,1193089,2,,,1,70,,1193074,2,,,1,27,,1193078,2,,,1,70,,1193062,2,,,1,32,,1193090,2,,,1,70,,1083927,2,,,1,30,,1193061,2,,,1,70,,1193072,2,,,1,30,,1193063,2,,,1,70,,1193086,2,,,1,30,,1193067,2,,,1,70,,1193085,2,,,1,30,,1193066,2,,,1,70,,1193065,2,,,1,30,,1193084,2,,,1,70,,1193091,2,,,1,104,,1193077,2,,,1,120,,1193093,2,,,1
16800,'17',630,,1193097,2,,,1,100,,1193099,2,,,1,100,,1193112,2,,,1,70,,1193095,2,,,1,31,,1193103,2,,,1,69,,1193118,2,,,1,30,,1193115,2,,,1,70,,1193100,2,,,1,30,,1193105,2,,,1,70,,1193113,2,,,1,30,,1193110,2,,,1,70,,1193116,2,,,1,30,,1193111,2,,,1,70,,1193114,2,,,1,30,,1193096,2,,,1,70,,1193101,2,,,1,30,,1193121,2,,,1,70,,1193109,2,,,1,30,,1193106,2,,,1,70,,1193104,2,,,1,30,,1193119,2,,,1,70,,1193102,2,,,1,30,,1193117,2,,,1,100,,1193098,2,,,1,100,,1193094,2,,,1,100,,1193120,2,,,1,100,,1193108,2,,,1,113,,1193107,2,,,1
16800,'2',632,,1193127,2,,,1,100,,1193141,2,,,1,70,,1193132,2,,,1,30,,1193147,2,,,1,70,,1193142,2,,,1,30,,1193136,2,,,1,70,,1193124,2,,,1,30,,1193123,2,,,1,70,,1193149,2,,,1,30,,1193139,2,,,1,70,,1037542,2,,,1,30,,1193130,2,,,1,70,,1193126,2,,,1,30,,1193143,2,,,1,70,,1193145,2,,,1,30,,1193128,2,,,1,70,,1193144,2,,,1,30,,1193125,2,,,1,70,,1193133,2,,,1,30,,1193135,2,,,1,70,,1193140,2,,,1,30,,1193134,2,,,1,70,,1193131,2,,,1,30,,1090115,2,,,1,70,,1193129,2,,,1,30,,1086560,2,,,1,70,,1193137,2,,,1,30,,1193146,2,,,1,70,,1193150,2,,,1,30,,1193138,2,,,1,100,,1193122,2,,,1,120,,1193148,2,,,1
16800,'3',630,,1193154,2,,,1,100,,1193156,2,,,1,100,,1193169,2,,,1,70,,1193152,2,,,1,31,,1193160,2,,,1,69,,1193175,2,,,1,30,,1193172,2,,,1,70,,1193157,2,,,1,30,,1193162,2,,,1,70,,1193170,2,,,1,30,,1193167,2,,,1,70,,1193173,2,,,1,30,,1193168,2,,,1,70,,1193171,2,,,1,30,,1193153,2,,,1,70,,1193158,2,,,1,30,,1193178,2,,,1,70,,1193166,2,,,1,30,,1193163,2,,,1,70,,1193161,2,,,1,30,,1193176,2,,,1,70,,1193159,2,,,1,30,,1193174,2,,,1,100,,1193155,2,,,1,100,,1193151,2,,,1,100,,1193177,2,,,1,100,,1193165,2,,,1,113,,1193164,2,,,1
16800,'4',630,,1193184,2,,,1,100,,1193187,2,,,1,100,,1193192,2,,,1,70,,1193189,2,,,1,31,,1193198,2,,,1,69,,1193199,2,,,1,30,,1193190,2,,,1,70,,1193204,2,,,1,30,,1193201,2,,,1,70,,1193182,2,,,1,30,,1193203,2,,,1,70,,1193205,2,,,1,30,,1193194,2,,,1,70,,1193186,2,,,1,30,,1193181,2,,,1,70,,1193179,2,,,1,30,,1193193,2,,,1,70,,1193185,2,,,1,30,,1193180,2,,,1,70,,1193183,2,,,1,30,,1193196,2,,,1,70,,1193188,2,,,1,30,,1076211,2,,,1,100,,1193197,2,,,1,100,,1193200,2,,,1,100,,1193202,2,,,1,100,,1193195,2,,,1,113,,1193191,2,,,1
16800,'5',516,,1193216,2,,,1,30,,1193210,2,,,1,68,,1193221,2,,,1,30,,1017037,2,,,1,67,,1193228,2,,,1,29,,1083561,2,,,1,70,,1012176,2,,,1,31,,1193206,2,,,1,71,,1193230,2,,,1,30,,942962,2,,,1,70,,1193214,2,,,1,30,,1193218,2,,,1,70,,1193208,2,,,1,30,,1193225,2,,,1,70,,1193207,2,,,1,30,,1193231,2,,,1,70,,1031178,2,,,1,30,,1193226,2,,,1,70,,1193211,2,,,1,27,,1193229,2,,,1,70,,1193219,2,,,1,32,,1193215,2,,,1,70,,1193209,2,,,1,30,,1193224,2,,,1,70,,1078673,2,,,1,30,,1193213,2,,,1,70,,1022251,2,,,1,30,,1012178,2,,,1,70,,1193222,2,,,1,30,,1090213,2,,,1,70,,1193217,2,,,1,30,,1193220,2,,,1,70,,1193212,2,,,1,104,,1193227,2,,,1,120,,1193223,2,,,1
16800,'6',516,,1193255,2,,,1,30,,1193239,2,,,1,68,,1193243,2,,,1,30,,1193249,2,,,1,67,,1193248,2,,,1,29,,1102563,2,,,1,70,,1193238,2,,,1,31,,1193246,2,,,1,71,,1193240,2,,,1,30,,1193254,2,,,1,70,,1193237,2,,,1,30,,1041385,2,,,1,70,,1193241,2,,,1,30,,1193242,2,,,1,70,,1193250,2,,,1,30,,1193234,2,,,1,70,,1193247,2,,,1,30,,1020954,2,,,1,70,,972494,2,,,1,27,,1193245,2,,,1,70,,1193233,2,,,1,32,,1193256,2,,,1,70,,1193258,2,,,1,30,,1193232,2,,,1,70,,1092252,2,,,1,30,,1071758,2,,,1,70,,1193253,2,,,1,30,,1193236,2,,,1,70,,1193252,2,,,1,30,,1039604,2,,,1,70,,1193235,2,,,1,30,,1193251,2,,,1,70,,1193257,2,,,1,104,,1193244,2,,,1,120,,1042741,2,,,1
16800,'7',632,,1193277,2,,,1,100,,1193283,2,,,1,70,,1193270,2,,,1,30,,1193273,2,,,1,70,,1193271,2,,,1,30,,1193287,2,,,1,70,,1193265,2,,,1,30,,1193268,2,,,1,70,,1193286,2,,,1,30,,1193260,2,,,1,70,,1193282,2,,,1,30,,1193288,2,,,1,70,,1193272,2,,,1,30,,1193261,2,,,1,70,,1193259,2,,,1,30,,1193290,2,,,1,70,,1193285,2,,,1,30,,1193262,2,,,1,70,,1193267,2,,,1,30,,1193275,2,,,1,70,,1193280,2,,,1,30,,1193281,2,,,1,70,,1193289,2,,,1,30,,1193263,2,,,1,70,,1193266,2,,,1,30,,1193269,2,,,1,70,,1193284,2,,,1,30,,1193274,2,,,1,70,,1193264,2,,,1,30,,1193276,2,,,1,100,,1193279,2,,,1,120,,1193278,2,,,1
16800,'8',516,,1193318,2,,,1,30,,1193300,2,,,1,68,,1193306,2,,,1,30,,1193312,2,,,1,67,,1193311,2,,,1,29,,1193323,2,,,1,70,,1193299,2,,,1,31,,1193309,2,,,1,71,,1193301,2,,,1,30,,1193317,2,,,1,70,,1193298,2,,,1,30,,1193319,2,,,1,70,,1193303,2,,,1,30,,1193305,2,,,1,70,,1193313,2,,,1,30,,1193294,2,,,1,70,,1193310,2,,,1,30,,1193320,2,,,1,70,,1193304,2,,,1,27,,1193308,2,,,1,70,,1193292,2,,,1,32,,1193321,2,,,1,70,,1193324,2,,,1,30,,1193291,2,,,1,70,,1193302,2,,,1,30,,1193293,2,,,1,70,,1193316,2,,,1,30,,1193297,2,,,1,70,,1193315,2,,,1,30,,1193296,2,,,1,70,,1193295,2,,,1,30,,1193314,2,,,1,70,,1193322,2,,,1,104,,1193307,2,,,1,120,,1193325,2,,,1
16800,'9',516,,1193336,2,,,1,30,,1193330,2,,,1,68,,1193341,2,,,1,30,,1017355,2,,,1,67,,1193348,2,,,1,29,,1083432,2,,,1,70,,1012343,2,,,1,31,,1193326,2,,,1,71,,1193350,2,,,1,30,,942906,2,,,1,70,,1193334,2,,,1,30,,1193338,2,,,1,70,,1193328,2,,,1,30,,1193345,2,,,1,70,,1193327,2,,,1,30,,1193351,2,,,1,70,,1031334,2,,,1,30,,1193346,2,,,1,70,,1193331,2,,,1,27,,1193349,2,,,1,70,,1193339,2,,,1,32,,1193335,2,,,1,70,,1193329,2,,,1,30,,1193344,2,,,1,70,,1078538,2,,,1,30,,1193333,2,,,1,70,,1022493,2,,,1,30,,1012345,2,,,1,70,,1193342,2,,,1,30,,1090140,2,,,1,70,,1193337,2,,,1,30,,1193340,2,,,1,70,,1193332,2,,,1,104,,1193347,2,,,1,120,,1193343,2,,,1
26500,'1',537,,1197378,2,,,1,68,,1197376,2,,,1,28,,1197375,2,,,1,68,,1197377,2,,,1,28,,1197373,2,,,1,71,,1197374,2,,,1,37,,907099,2,,,1
26500,'10',537,,1197384,2,,,1,68,,1197382,2,,,1,28,,1197381,2,,,1,68,,1197383,2,,,1,28,,1197379,2,,,1,71,,1197380,2,,,1,37,,907139,2,,,1
26500,'11',537,,1197390,2,,,1,68,,1197388,2,,,1,28,,1197387,2,,,1,68,,1197389,2,,,1,28,,1197385,2,,,1,71,,1197386,2,,,1,37,,907011,2,,,1
26500,'12',537,,1197391,2,,,1,68,,1197392,2,,,1,28,,1197396,2,,,1,68,,1080441,2,,,1,28,,1197395,2,,,1,71,,1197394,2,,,1,37,,1197393,2,,,1
26500,'14',537,,1197403,2,,,1,68,,1197401,2,,,1,28,,1197400,2,,,1,68,,1197402,2,,,1,28,,1197398,2,,,1,71,,1197399,2,,,1,37,,1197397,2,,,1
26500,'15',537,,1197404,2,,,1,68,,1197409,2,,,1,28,,1197406,2,,,1,68,,1197410,2,,,1,28,,1197407,2,,,1,71,,1197408,2,,,1,37,,1197405,2,,,1
26500,'16',537,,1197412,2,,,1,68,,1197413,2,,,1,28,,1197417,2,,,1,68,,1197411,2,,,1,28,,1197416,2,,,1,71,,1197415,2,,,1,37,,1197414,2,,,1
26500,'5',537,,1197423,2,,,1,68,,1197421,2,,,1,28,,1197420,2,,,1,68,,1197422,2,,,1,28,,1197418,2,,,1,71,,1197419,2,,,1,37,,907279,2,,,1
26500,'6',537,,1197425,2,,,1,68,,1197426,2,,,1,28,,1066284,2,,,1,68,,1197424,2,,,1,28,,1088988,2,,,1,71,,1046511,2,,,1,37,,1197427,2,,,1
26500,'8',537,,1197429,2,,,1,68,,1197430,2,,,1,28,,1197434,2,,,1,68,,1197428,2,,,1,28,,1197433,2,,,1,71,,1197432,2,,,1,37,,1197431,2,,,1
26500,'9',537,,1197440,2,,,1,68,,1197438,2,,,1,28,,1197437,2,,,1,68,,1197439,2,,,1,28,,1197435,2,,,1,71,,1197436,2,,,1,37,,907179,2,,,1
30100,'10',934,,1198178,64,,,1
30100,'3',934,,1198179,64,,,1
30100,'6',934,,1198180,64,,,1
30101,'10',1455,,1198181,24,,,1
30101,'3',1455,,1198182,24,,,1
30101,'6',1455,,1198183,24,,,1
30300,'16',934,,1198187,39,,,1
30300,'9',934,,1198188,39,,,1
30301,'16',1455,,1198189,24,,,1
30301,'9',1455,,1198190,24,,,1
40400,'14',1743,,1198201,12,,,1,78,,1198204,12,,,1
40400,'15',1743,,1198205,12,,,1,73,,1198207,12,,,1
45400,'15',1658,,1198237,2,,,1,48,,1198244,2,,,1,8,,1198243,2,,,1,8,,1198235,2,,,1,5,,1198245,2,,,1,8,,1198239,2,,,1,8,,1198242,2,,,1,8,,1198240,2,,,1,8,,1198241,2,,,1,48,,1198236,2,,,1,8,,1198238,2,,,1
64600,'1',730,,1199503,2,,,1
64600,'10',730,,1199505,2,,,1
64600,'11',730,,1199507,2,,,1
64600,'12',730,,1199509,2,,,1
64600,'14',730,,1199511,2,,,1
64600,'15',730,,1199513,2,,,1
64600,'16',730,,1199515,2,,,1
64600,'5',730,,1199517,2,,,1
64600,'6',730,,1199519,2,,,1
64600,'8',730,,1199521,2,,,1
64600,'9',730,,1199523,2,,,1
66300,'1',755,,1199741,2,,,1,2,,1199742,2,,,1,43,,1199738,2,,,1
66300,'10',755,,1199747,2,,,1,2,,1199748,2,,,1,43,,1199744,2,,,1
66300,'11',755,,1199753,2,,,1,2,,1199754,2,,,1,43,,1199750,2,,,1
66300,'12',755,,1199760,2,,,1,2,,1199759,2,,,1,43,,1199757,2,,,1
66300,'14',755,,1199765,2,,,1,2,,1199766,2,,,1,43,,1199762,2,,,1
66300,'15',755,,1199770,2,,,1,2,,1199771,2,,,1,43,,1199772,2,,,1
66300,'16',755,,1199777,2,,,1,2,,1199776,2,,,1,43,,1199774,2,,,1
66300,'5',755,,1199782,2,,,1,2,,1199783,2,,,1,43,,1199779,2,,,1
66300,'6',755,,1094267,2,,,1,2,,1199788,2,,,1,43,,1199786,2,,,1
66300,'8',755,,1199794,2,,,1,2,,1199793,2,,,1,43,,1199791,2,,,1
66300,'9',755,,1199799,2,,,1,2,,1199800,2,,,1,43,,1199796,2,,,1
68800,'1',705,,1200554,2,,,1
68800,'10',705,,1200555,2,,,1
68800,'11',705,,1200556,2,,,1
68800,'12',705,,1200558,2,,,1
68800,'14',705,,1200559,2,,,1
68800,'15',705,,1200561,2,,,1
68800,'16',705,,1200564,2,,,1
68800,'5',705,,1200565,2,,,1
68800,'6',705,,1200566,2,,,1
68800,'8',705,,1200568,2,,,1
68800,'9',705,,1200569,2,,,1
