6200,'1',706,,1154806,38,,,1,32,,1154830,38,,,1,70,,1154831,38,,,1,30,,1154823,38,,,1,69,,1154824,38,,,1,30,,1154815,38,,,1,67,,1154818,38,,,1,30,,1154809,38,,,1,71,,942785,38,,,1,30,,1154807,38,,,1,70,,1154802,38,,,1,25,,1154810,37,,,1,75,,1154819,37,,,1,30,,1154812,37,,,1,70,,1154826,37,,,1,31,,1154820,37,,,1,70,,1154803,37,,,1,32,,1154816,37,,,1,70,,1154801,37,,,1,33,,1154821,37,,,1,72,,1154808,37,,,1,30,,1154811,37,,,1,68,,1067388,37,,,1,30,,1154817,37,,,1,63,,1154804,37,,,1,30,,1081684,37,,,1,70,,1154827,37,,,1,32,,1154814,38,,,1,70,,1064689,38,,,1,30,,1154813,38,,,1,23,,1094132,38,,,1,70,,1154828,38,,,1,30,,1154822,38,,,1,66,,1154805,38,,,1,31,,1154825,38,,,1,68,,1154829,38,,,1
6200,'10',706,,1154837,38,,,1,32,,1154861,38,,,1,70,,1154862,38,,,1,30,,1154854,38,,,1,69,,1154855,38,,,1,30,,1154846,38,,,1,67,,1154849,38,,,1,30,,1154840,38,,,1,71,,942422,38,,,1,30,,1154838,38,,,1,70,,1154833,38,,,1,25,,1154841,37,,,1,75,,1154850,37,,,1,30,,1154843,37,,,1,70,,1154857,37,,,1,31,,1154851,37,,,1,70,,1154834,37,,,1,32,,1154847,37,,,1,70,,1154832,37,,,1,33,,1154852,37,,,1,72,,1154839,37,,,1,30,,1154842,37,,,1,68,,1067096,37,,,1,30,,1154848,37,,,1,63,,1154835,37,,,1,30,,1081492,37,,,1,70,,1154858,37,,,1,32,,1154845,38,,,1,70,,1064540,38,,,1,30,,1154844,38,,,1,23,,1093912,38,,,1,70,,1154859,38,,,1,30,,1154853,38,,,1,66,,1154836,38,,,1,31,,1154856,38,,,1,68,,1154860,38,,,1
6200,'11',706,,1154868,38,,,1,32,,1154892,38,,,1,70,,1154893,38,,,1,30,,1154885,38,,,1,69,,1154886,38,,,1,30,,1154877,38,,,1,67,,1154880,38,,,1,30,,1154871,38,,,1,71,,942729,38,,,1,30,,1154869,38,,,1,70,,1154864,38,,,1,25,,1154872,37,,,1,75,,1154881,37,,,1,30,,1154874,37,,,1,70,,1154888,37,,,1,31,,1154882,37,,,1,70,,1154865,37,,,1,32,,1154878,37,,,1,70,,1154863,37,,,1,33,,1154883,37,,,1,72,,1154870,37,,,1,30,,1154873,37,,,1,68,,1067470,37,,,1,30,,1154879,37,,,1,63,,1154866,37,,,1,30,,1081741,37,,,1,70,,1154889,37,,,1,32,,1154876,38,,,1,70,,1064736,38,,,1,30,,1154875,38,,,1,23,,1094195,38,,,1,70,,1154890,38,,,1,30,,1154884,38,,,1,66,,1154867,38,,,1,31,,1154887,38,,,1,68,,1154891,38,,,1
6200,'12',706,,1154920,38,,,1,32,,1154895,38,,,1,70,,1063545,38,,,1,30,,1154924,38,,,1,69,,1154910,38,,,1,30,,1154917,38,,,1,67,,1154898,38,,,1,30,,1154916,38,,,1,71,,1154909,38,,,1,30,,1154900,38,,,1,70,,1154899,38,,,1,25,,1154896,37,,,1,75,,950031,37,,,1,30,,1154919,37,,,1,70,,1154923,37,,,1,31,,1154905,37,,,1,70,,1154902,37,,,1,32,,1154915,37,,,1,70,,1154911,37,,,1,33,,1024617,37,,,1,72,,1154894,37,,,1,30,,1154908,37,,,1,68,,1154921,37,,,1,30,,1154914,37,,,1,63,,1062042,37,,,1,30,,1154906,37,,,1,70,,1154904,37,,,1,32,,1154918,38,,,1,70,,1154901,38,,,1,30,,1154903,38,,,1,23,,1154925,38,,,1,70,,1154913,38,,,1,30,,1154912,38,,,1,66,,1154922,38,,,1,31,,1154897,38,,,1,68,,1154907,38,,,1
6200,'13',735,,1154945,41,,,1,70,,1089104,41,,,1,32,,1154949,41,,,1,70,,1154955,41,,,1,30,,1154931,41,,,1,70,,1154943,41,,,1,30,,1154953,41,,,1,70,,1154937,41,,,1,30,,1154939,41,,,1,70,,1154948,41,,,1,31,,1154930,41,,,1,70,,1154934,41,,,1,30,,1154933,41,,,1,70,,1077218,41,,,1,30,,1154942,41,,,1,70,,1154927,41,,,1,30,,1154941,41,,,1,70,,1154950,41,,,1,30,,1154928,41,,,1,70,,1154936,41,,,1,30,,1154940,41,,,1,70,,1154932,41,,,1,29,,1154944,41,,,1,70,,1154947,41,,,1,30,,1154946,41,,,1,70,,1154951,41,,,1,30,,1154929,41,,,1,70,,1154938,41,,,1,28,,1154954,41,,,1,70,,1154926,41,,,1,30,,1154935,41,,,1,70,,1154952,41,,,1
6200,'14',706,,1154963,38,,,1,32,,1154989,38,,,1,70,,1154991,38,,,1,30,,1154982,38,,,1,69,,1154983,38,,,1,30,,1154973,38,,,1,67,,1154976,38,,,1,30,,1154966,38,,,1,71,,1154979,38,,,1,30,,1154964,38,,,1,70,,1154959,38,,,1,25,,1154967,37,,,1,75,,1154977,37,,,1,30,,1154969,37,,,1,70,,1154985,37,,,1,31,,1154978,37,,,1,70,,1154960,37,,,1,32,,1154974,37,,,1,70,,1154956,37,,,1,33,,1154980,37,,,1,72,,1154965,37,,,1,30,,1154968,37,,,1,68,,1154958,37,,,1,30,,1154975,37,,,1,63,,1154961,37,,,1,30,,1154990,37,,,1,70,,1154986,37,,,1,32,,1154971,38,,,1,70,,1154972,38,,,1,30,,1154970,38,,,1,23,,1154957,38,,,1,70,,1154987,38,,,1,30,,1154981,38,,,1,66,,1154962,38,,,1,31,,1154984,38,,,1,68,,1154988,38,,,1
6200,'15',706,,1155015,38,,,1,32,,1155001,38,,,1,70,,1155014,38,,,1,30,,1155006,38,,,1,69,,1155007,38,,,1,30,,1155026,38,,,1,67,,1154997,38,,,1,30,,1155021,38,,,1,71,,1154999,38,,,1,30,,1155009,38,,,1,70,,1155008,38,,,1,25,,1154994,37,,,1,75,,1155024,37,,,1,30,,1155017,37,,,1,70,,1155027,37,,,1,31,,1154996,37,,,1,70,,1154992,37,,,1,32,,1155025,37,,,1,70,,1155016,37,,,1,33,,1155005,37,,,1,72,,1154995,37,,,1,30,,1155012,37,,,1,68,,1155023,37,,,1,30,,1155022,37,,,1,63,,1154993,37,,,1,30,,1155019,37,,,1,70,,1155003,37,,,1,32,,1155002,38,,,1,70,,1154998,38,,,1,30,,1155018,38,,,1,23,,1155000,38,,,1,70,,1155010,38,,,1,30,,1155011,38,,,1,66,,1155013,38,,,1,31,,1155020,38,,,1,68,,1155004,38,,,1
6200,'16',706,,1155055,38,,,1,32,,1155029,38,,,1,70,,1155058,38,,,1,30,,1155059,38,,,1,69,,1155045,38,,,1,30,,1155052,38,,,1,67,,1155034,38,,,1,30,,1155051,38,,,1,71,,1155044,38,,,1,30,,1155036,38,,,1,70,,1155035,38,,,1,25,,1155032,37,,,1,75,,1155060,37,,,1,30,,1155054,37,,,1,70,,1070984,37,,,1,31,,1155041,37,,,1,70,,1155038,37,,,1,32,,1155050,37,,,1,70,,1155046,37,,,1,33,,1155031,37,,,1,72,,1155028,37,,,1,30,,1155043,37,,,1,68,,1155056,37,,,1,30,,1155049,37,,,1,63,,1155030,37,,,1,30,,1062168,37,,,1,70,,1155040,37,,,1,32,,1155053,38,,,1,70,,1155037,38,,,1,30,,1155039,38,,,1,23,,1077993,38,,,1,70,,1155048,38,,,1,30,,1155047,38,,,1,66,,1155057,38,,,1,31,,1155033,38,,,1,68,,1155042,38,,,1
6200,'17',735,,1155082,41,,,1,70,,1155069,41,,,1,32,,1155086,41,,,1,70,,1155092,41,,,1,30,,1155067,41,,,1,70,,1155080,41,,,1,30,,1155090,41,,,1,70,,1155074,41,,,1,30,,1155076,41,,,1,70,,1155085,41,,,1,31,,1155065,41,,,1,70,,1155071,41,,,1,30,,1155070,41,,,1,70,,1155066,41,,,1,30,,1155079,41,,,1,70,,1155062,41,,,1,30,,1155078,41,,,1,70,,1155087,41,,,1,30,,1155063,41,,,1,70,,1155073,41,,,1,30,,1155077,41,,,1,70,,1155068,41,,,1,29,,1155081,41,,,1,70,,1155084,41,,,1,30,,1155083,41,,,1,70,,1155088,41,,,1,30,,1155064,41,,,1,70,,1155075,41,,,1,28,,1155091,41,,,1,70,,1155061,41,,,1,30,,1155072,41,,,1,70,,1155089,41,,,1
6200,'2',640,,1155094,41,,,1,76,,1155120,41,,,1,30,,1155119,41,,,1,70,,1155114,41,,,1,30,,1155096,41,,,1,70,,1155108,41,,,1,31,,1155095,41,,,1,70,,1155099,41,,,1,31,,1155097,41,,,1,70,,1155107,41,,,1,30,,1155105,41,,,1,70,,1155115,41,,,1,32,,1087065,41,,,1,70,,1155109,41,,,1,30,,1097267,41,,,1,70,,1155098,41,,,1,30,,1155104,41,,,1,70,,1155118,41,,,1,30,,1072230,41,,,1,70,,1155106,41,,,1,29,,1155093,41,,,1,70,,1155101,41,,,1,30,,1155100,41,,,1,70,,1155116,41,,,1,28,,1155121,41,,,1,70,,1155103,41,,,1,30,,1155113,41,,,1,70,,1155112,41,,,1,30,,1155122,41,,,1,70,,1155111,41,,,1,28,,1155110,41,,,1,70,,1155117,41,,,1,30,,1155102,41,,,1
6200,'3',735,,1155144,41,,,1,70,,1155131,41,,,1,32,,1155148,41,,,1,70,,1155154,41,,,1,30,,1155129,41,,,1,70,,1155142,41,,,1,30,,1155152,41,,,1,70,,1155136,41,,,1,30,,1155138,41,,,1,70,,1155147,41,,,1,31,,1155127,41,,,1,70,,1155133,41,,,1,30,,1155132,41,,,1,70,,1155128,41,,,1,30,,1155141,41,,,1,70,,1155124,41,,,1,30,,1155140,41,,,1,70,,1155149,41,,,1,30,,1155125,41,,,1,70,,1155135,41,,,1,30,,1155139,41,,,1,70,,1155130,41,,,1,29,,1155143,41,,,1,70,,1155146,41,,,1,30,,1155145,41,,,1,70,,1155150,41,,,1,30,,1155126,41,,,1,70,,1155137,41,,,1,28,,1155153,41,,,1,70,,1155123,41,,,1,30,,1155134,41,,,1,70,,1155151,41,,,1
6200,'4',735,,1155179,41,,,1,70,,1155171,41,,,1,32,,1155158,41,,,1,70,,1155159,41,,,1,30,,1155165,41,,,1,70,,1155178,41,,,1,30,,1155167,41,,,1,70,,1155169,41,,,1,30,,1155161,41,,,1,70,,1155174,41,,,1,31,,1155164,41,,,1,70,,1155175,41,,,1,30,,1155168,41,,,1,70,,1155155,41,,,1,30,,1155176,41,,,1,70,,1155162,41,,,1,30,,1155181,41,,,1,70,,1155166,41,,,1,30,,1155183,41,,,1,70,,1155157,41,,,1,30,,1155156,41,,,1,70,,1155177,41,,,1,29,,1155160,41,,,1,70,,1048354,41,,,1,30,,1155185,41,,,1,70,,1155170,41,,,1,30,,1155173,41,,,1,70,,1155163,41,,,1,28,,1155172,41,,,1,70,,1155182,41,,,1,30,,1155180,41,,,1,70,,1155184,41,,,1
6200,'5',706,,1155191,38,,,1,32,,1155215,38,,,1,70,,1155216,38,,,1,30,,1155208,38,,,1,69,,1155209,38,,,1,30,,1155200,38,,,1,67,,1155203,38,,,1,30,,1155194,38,,,1,71,,942957,38,,,1,30,,1155192,38,,,1,70,,1155187,38,,,1,25,,1155195,37,,,1,75,,1155204,37,,,1,30,,1155197,37,,,1,70,,1155211,37,,,1,31,,1155205,37,,,1,70,,1155188,37,,,1,32,,1155201,37,,,1,70,,1155186,37,,,1,33,,1155206,37,,,1,72,,1155193,37,,,1,30,,1155196,37,,,1,68,,1067347,37,,,1,30,,1155202,37,,,1,63,,1155189,37,,,1,30,,1081651,37,,,1,70,,1155212,37,,,1,32,,1155199,38,,,1,70,,1064668,38,,,1,30,,1155198,38,,,1,23,,1094093,38,,,1,70,,1155213,38,,,1,30,,1155207,38,,,1,66,,1155190,38,,,1,31,,1155210,38,,,1,68,,1155214,38,,,1
6200,'6',706,,1155241,38,,,1,32,,1068473,38,,,1,70,,1155244,38,,,1,30,,1072693,38,,,1,69,,1155231,38,,,1,30,,1155238,38,,,1,67,,1155220,38,,,1,30,,1155237,38,,,1,71,,1155230,38,,,1,30,,1155222,38,,,1,70,,1155221,38,,,1,25,,961127,37,,,1,75,,1155247,37,,,1,30,,1155240,37,,,1,70,,1155245,37,,,1,31,,1155227,37,,,1,70,,1155224,37,,,1,32,,1155236,37,,,1,70,,1155232,37,,,1,33,,1155218,37,,,1,72,,1076386,37,,,1,30,,1155229,37,,,1,68,,1155242,37,,,1,30,,1155235,37,,,1,63,,1155217,37,,,1,30,,1155228,37,,,1,70,,1155226,37,,,1,32,,1155239,38,,,1,70,,1155223,38,,,1,30,,1155225,38,,,1,23,,1155246,38,,,1,70,,1155234,38,,,1,30,,1155233,38,,,1,66,,1155243,38,,,1,31,,1155219,38,,,1,68,,1101239,38,,,1
6200,'7',640,,1155254,41,,,1,76,,1155265,41,,,1,30,,1155264,41,,,1,70,,1155266,41,,,1,30,,1155248,41,,,1,70,,1155258,41,,,1,31,,1155257,41,,,1,70,,1155267,41,,,1,31,,1155252,41,,,1,70,,1155274,41,,,1,30,,1155270,41,,,1,70,,1155256,41,,,1,32,,1155272,41,,,1,70,,1155277,41,,,1,30,,1155262,41,,,1,70,,1155279,41,,,1,30,,1155259,41,,,1,70,,1155249,41,,,1,30,,1155250,41,,,1,70,,1155268,41,,,1,29,,1155280,41,,,1,70,,1155255,41,,,1,30,,1155273,41,,,1,70,,1155251,41,,,1,28,,1155278,41,,,1,70,,1155263,41,,,1,30,,1155276,41,,,1,70,,1155261,41,,,1,30,,1155275,41,,,1,70,,1155260,41,,,1,28,,1155269,41,,,1,70,,1155271,41,,,1,30,,1155253,41,,,1
6200,'8',706,,1155309,38,,,1,32,,1155282,38,,,1,70,,1155312,38,,,1,30,,1155314,38,,,1,69,,1155299,38,,,1,30,,1155306,38,,,1,67,,1155287,38,,,1,30,,1155305,38,,,1,71,,1155298,38,,,1,30,,1155289,38,,,1,70,,1155288,38,,,1,25,,1155285,37,,,1,75,,1155316,37,,,1,30,,1155308,37,,,1,70,,1155313,37,,,1,31,,1155294,37,,,1,70,,1155291,37,,,1,32,,1155304,37,,,1,70,,1155300,37,,,1,33,,1155284,37,,,1,72,,1155281,37,,,1,30,,1155297,37,,,1,68,,1155310,37,,,1,30,,1155303,37,,,1,63,,1155283,37,,,1,30,,1155295,37,,,1,70,,1155293,37,,,1,32,,1155307,38,,,1,70,,1155290,38,,,1,30,,1155292,38,,,1,23,,1155315,38,,,1,70,,1155302,38,,,1,30,,1155301,38,,,1,66,,1155311,38,,,1,31,,1155286,38,,,1,68,,1155296,38,,,1
6200,'9',706,,1155322,38,,,1,32,,1155346,38,,,1,70,,1155347,38,,,1,30,,1155339,38,,,1,69,,1155340,38,,,1,30,,1155331,38,,,1,67,,1155334,38,,,1,30,,1155325,38,,,1,71,,942901,38,,,1,30,,1155323,38,,,1,70,,1155318,38,,,1,25,,1155326,37,,,1,75,,1155335,37,,,1,30,,1155328,37,,,1,70,,1155342,37,,,1,31,,1155336,37,,,1,70,,1155319,37,,,1,32,,1155332,37,,,1,70,,1155317,37,,,1,33,,1155337,37,,,1,72,,1155324,37,,,1,30,,1155327,37,,,1,68,,1067188,37,,,1,30,,1155333,37,,,1,63,,1155320,37,,,1,30,,1081549,37,,,1,70,,1155343,37,,,1,32,,1155330,38,,,1,70,,1064587,38,,,1,30,,1155329,38,,,1,23,,1093982,38,,,1,70,,1155344,38,,,1,30,,1155338,38,,,1,66,,1155321,38,,,1,31,,1155341,38,,,1,68,,1155345,38,,,1
6201,'1',600,,1155363,10,,,1,28,,1155371,10,,,1,26,,1155364,9,,,1,70,,938243,9,,,1,30,,1155358,9,,,1,72,,1155350,9,,,1,28,,1155356,9,,,1,70,,1155359,9,,,1,30,,1155366,9,,,1,70,,1155353,9,,,1,30,,1155373,9,,,1,70,,1155377,9,,,1,25,,1155375,9,,,1,70,,1155374,9,,,1,30,,1074978,9,,,1,71,,1155379,9,,,1,30,,1155368,9,,,1,70,,1155376,9,,,1,30,,1155378,9,,,1,68,,1155365,9,,,1,31,,1155370,9,,,1,71,,1155352,9,,,1,29,,1064916,9,,,1,70,,944323,9,,,1,30,,1090886,9,,,1,70,,1155372,9,,,1,30,,1155369,9,,,1,70,,1155349,9,,,1,33,,1155348,9,,,1,70,,1155361,9,,,1,30,,1155351,9,,,1,70,,1155357,9,,,1,30,,962785,9,,,1,69,,1155355,9,,,1,36,,1155354,10,,,1,71,,1155367,10,,,1,30,,1155362,10,,,1,75,,1155360,10,,,1
6201,'10',600,,1155395,10,,,1,28,,1155403,10,,,1,26,,1155396,9,,,1,70,,937875,9,,,1,30,,1155390,9,,,1,72,,1155382,9,,,1,28,,1155388,9,,,1,70,,1155391,9,,,1,30,,1155398,9,,,1,70,,1155385,9,,,1,30,,1155405,9,,,1,70,,1155409,9,,,1,25,,1155407,9,,,1,70,,1155406,9,,,1,30,,1074606,9,,,1,71,,1155411,9,,,1,30,,1155400,9,,,1,70,,1155408,9,,,1,30,,1155410,9,,,1,68,,1155397,9,,,1,31,,1155402,9,,,1,71,,1155384,9,,,1,29,,1064781,9,,,1,70,,944058,9,,,1,30,,1090645,9,,,1,70,,1155404,9,,,1,30,,1155401,9,,,1,70,,1155381,9,,,1,33,,1155380,9,,,1,70,,1155393,9,,,1,30,,1155383,9,,,1,70,,1155389,9,,,1,30,,962549,9,,,1,69,,1155387,9,,,1,36,,1155386,10,,,1,71,,1155399,10,,,1,30,,1155394,10,,,1,75,,1155392,10,,,1
6201,'11',600,,1155427,10,,,1,28,,1155435,10,,,1,26,,1155428,9,,,1,70,,938197,9,,,1,30,,1155422,9,,,1,72,,1155414,9,,,1,28,,1155420,9,,,1,70,,1155423,9,,,1,30,,1155430,9,,,1,70,,1155417,9,,,1,30,,1155437,9,,,1,70,,1155441,9,,,1,25,,1155439,9,,,1,70,,1155438,9,,,1,30,,1075084,9,,,1,71,,1155443,9,,,1,30,,1155432,9,,,1,70,,1155440,9,,,1,30,,1155442,9,,,1,68,,1155429,9,,,1,31,,1155434,9,,,1,71,,1155416,9,,,1,29,,1064961,9,,,1,70,,944275,9,,,1,30,,1090957,9,,,1,70,,1155436,9,,,1,30,,1155433,9,,,1,70,,1155413,9,,,1,33,,1155412,9,,,1,70,,1155425,9,,,1,30,,1155415,9,,,1,70,,1155421,9,,,1,30,,962743,9,,,1,69,,1155419,9,,,1,36,,1155418,10,,,1,71,,1155431,10,,,1,30,,1155426,10,,,1,75,,1155424,10,,,1
6201,'12',600,,1155463,10,,,1,28,,1155458,10,,,1,26,,1155452,9,,,1,70,,1155456,9,,,1,30,,1155450,9,,,1,72,,1155448,9,,,1,28,,1155462,9,,,1,70,,1155465,9,,,1,30,,1155472,9,,,1,70,,1155445,9,,,1,30,,1155453,9,,,1,70,,1155469,9,,,1,25,,1155457,9,,,1,70,,1155471,9,,,1,30,,1155474,9,,,1,71,,1155473,9,,,1,30,,1084985,9,,,1,70,,1155444,9,,,1,30,,1155446,9,,,1,68,,1155447,9,,,1,31,,1155467,9,,,1,71,,1155459,9,,,1,29,,1155455,9,,,1,70,,1016321,9,,,1,30,,997690,9,,,1,70,,1155476,9,,,1,30,,1155475,9,,,1,70,,1155470,9,,,1,33,,1155466,9,,,1,70,,1155449,9,,,1,30,,1072315,9,,,1,70,,1155461,9,,,1,30,,1155460,9,,,1,69,,1155468,9,,,1,36,,1155454,10,,,1,71,,1155451,10,,,1,30,,1073800,10,,,1,75,,1155464,10,,,1
6201,'13',822,,1155480,10,,,1,31,,1155479,10,,,1,70,,1155494,10,,,1,30,,1155498,10,,,1,70,,1155504,10,,,1,30,,1083097,10,,,1,70,,1155500,10,,,1,30,,1155497,10,,,1,70,,1155492,10,,,1,30,,1155505,10,,,1,70,,1155489,10,,,1,30,,1155502,10,,,1,70,,1155484,10,,,1,30,,1155486,10,,,1,70,,1155485,10,,,1,30,,1155503,10,,,1,70,,1155488,10,,,1,30,,1155496,10,,,1,70,,1155501,10,,,1,30,,1155495,10,,,1,70,,1155490,10,,,1,30,,1155499,10,,,1,70,,1155493,10,,,1,30,,1155491,10,,,1,70,,1155487,10,,,1,29,,1155483,10,,,1,70,,1155481,10,,,1,30,,1155482,10,,,1,70,,1155477,10,,,1,30,,1155478,10,,,1
6201,'14',600,,1155522,10,,,1,28,,1155530,10,,,1,26,,1155523,9,,,1,70,,1155543,9,,,1,30,,1155517,9,,,1,72,,1155509,9,,,1,28,,1155515,9,,,1,70,,1155518,9,,,1,30,,1155525,9,,,1,70,,1155512,9,,,1,30,,1155532,9,,,1,70,,1155536,9,,,1,25,,1155534,9,,,1,70,,1155533,9,,,1,30,,1155506,9,,,1,71,,1155542,9,,,1,30,,1155527,9,,,1,70,,1155535,9,,,1,30,,1155540,9,,,1,68,,1155524,9,,,1,31,,1155529,9,,,1,71,,1155511,9,,,1,29,,1155539,9,,,1,70,,1155537,9,,,1,30,,1155541,9,,,1,70,,1155531,9,,,1,30,,1155528,9,,,1,70,,1155508,9,,,1,33,,1155507,9,,,1,70,,1155520,9,,,1,30,,1155510,9,,,1,70,,1155516,9,,,1,30,,1155538,9,,,1,69,,1155514,9,,,1,36,,1155513,10,,,1,71,,1155526,10,,,1,30,,1155521,10,,,1,75,,1155519,10,,,1
6201,'15',600,,1155554,10,,,1,28,,1155577,10,,,1,26,,1155560,9,,,1,70,,1155544,9,,,1,30,,1155561,9,,,1,72,,1155555,9,,,1,28,,1155567,9,,,1,70,,1155548,9,,,1,30,,1155565,9,,,1,70,,1155557,9,,,1,30,,1155574,9,,,1,70,,1155558,9,,,1,25,,1155552,9,,,1,70,,1155569,9,,,1,30,,1155559,9,,,1,71,,1155547,9,,,1,30,,1155553,9,,,1,70,,1155568,9,,,1,30,,1155550,9,,,1,68,,1155549,9,,,1,31,,1155579,9,,,1,71,,1155571,9,,,1,29,,1155578,9,,,1,70,,1155556,9,,,1,30,,1155580,9,,,1,70,,1155576,9,,,1,30,,1155546,9,,,1,70,,1155563,9,,,1,33,,1155575,9,,,1,70,,1155572,9,,,1,30,,1155566,9,,,1,70,,1155581,9,,,1,30,,1155564,9,,,1,69,,1155562,9,,,1,36,,1155545,10,,,1,71,,1155573,10,,,1,30,,1155570,10,,,1,75,,1155551,10,,,1
6201,'16',600,,1155601,10,,,1,28,,1155596,10,,,1,26,,1155590,9,,,1,70,,1155594,9,,,1,30,,1085626,9,,,1,72,,1155588,9,,,1,28,,1155600,9,,,1,70,,1070339,9,,,1,30,,1155608,9,,,1,70,,953204,9,,,1,30,,1155591,9,,,1,70,,1155605,9,,,1,25,,1155595,9,,,1,70,,1155607,9,,,1,30,,1155610,9,,,1,71,,1155609,9,,,1,30,,1155582,9,,,1,70,,1155583,9,,,1,30,,1155584,9,,,1,68,,1155587,9,,,1,31,,1155604,9,,,1,71,,1155597,9,,,1,29,,1155593,9,,,1,70,,1155613,9,,,1,30,,1155586,9,,,1,70,,1155611,9,,,1,30,,1061785,9,,,1,70,,1155606,9,,,1,33,,1155603,9,,,1,70,,1155589,9,,,1,30,,1155612,9,,,1,70,,1155599,9,,,1,30,,1155598,9,,,1,69,,1066191,9,,,1,36,,1155592,10,,,1,71,,1061776,10,,,1,30,,1155585,10,,,1,75,,1155602,10,,,1
6201,'17',822,,1155617,10,,,1,31,,1155616,10,,,1,70,,1155631,10,,,1,30,,1155635,10,,,1,70,,1155641,10,,,1,30,,1155643,10,,,1,70,,1155637,10,,,1,30,,1155634,10,,,1,70,,1155629,10,,,1,30,,1155642,10,,,1,70,,1155626,10,,,1,30,,1155639,10,,,1,70,,1155621,10,,,1,30,,1155623,10,,,1,70,,1155622,10,,,1,30,,1155640,10,,,1,70,,1155625,10,,,1,30,,1155633,10,,,1,70,,1155638,10,,,1,30,,1155632,10,,,1,70,,1155627,10,,,1,30,,1155636,10,,,1,70,,1155630,10,,,1,30,,1155628,10,,,1,70,,1155624,10,,,1,29,,1155620,10,,,1,70,,1155618,10,,,1,30,,1155619,10,,,1,70,,1155614,10,,,1,30,,1155615,10,,,1
6201,'2',739,,1155658,10,,,1,70,,1155645,10,,,1,30,,1155672,10,,,1,70,,1155660,10,,,1,30,,1068163,10,,,1,70,,1155664,10,,,1,29,,1155670,10,,,1,70,,1155651,10,,,1,30,,1008920,10,,,1,70,,1155644,10,,,1,30,,1155666,10,,,1,70,,1155659,10,,,1,30,,1155673,10,,,1,70,,1155661,10,,,1,30,,1155654,10,,,1,70,,1155650,10,,,1,30,,1155669,10,,,1,70,,1155648,10,,,1,30,,1155655,10,,,1,70,,1155662,10,,,1,30,,1155652,10,,,1,70,,1155665,10,,,1,30,,1155671,10,,,1,70,,1155653,10,,,1,30,,1155663,10,,,1,70,,1155668,10,,,1,29,,1155667,10,,,1,70,,1155657,10,,,1,30,,1155647,10,,,1,70,,1155646,10,,,1,30,,1155649,10,,,1,70,,1155656,10,,,1
6201,'3',822,,1155677,10,,,1,31,,1155676,10,,,1,70,,1155691,10,,,1,30,,1155695,10,,,1,70,,1155701,10,,,1,30,,1155703,10,,,1,70,,1155697,10,,,1,30,,1155694,10,,,1,70,,1155689,10,,,1,30,,1155702,10,,,1,70,,1155686,10,,,1,30,,1155699,10,,,1,70,,1155681,10,,,1,30,,1155683,10,,,1,70,,1155682,10,,,1,30,,1155700,10,,,1,70,,1155685,10,,,1,30,,1155693,10,,,1,70,,1155698,10,,,1,30,,1155692,10,,,1,70,,1155687,10,,,1,30,,1155696,10,,,1,70,,1155690,10,,,1,30,,1155688,10,,,1,70,,1155684,10,,,1,29,,1155680,10,,,1,70,,1155678,10,,,1,30,,1155679,10,,,1,70,,1155674,10,,,1,30,,1155675,10,,,1
6201,'4',822,,1155709,10,,,1,31,,1155730,10,,,1,70,,1155715,10,,,1,30,,1155717,10,,,1,70,,1090786,10,,,1,30,,1155704,10,,,1,70,,1155713,10,,,1,30,,1155728,10,,,1,70,,1155718,10,,,1,30,,1155731,10,,,1,70,,1155714,10,,,1,30,,1155727,10,,,1,70,,1155724,10,,,1,30,,1155725,10,,,1,70,,1155710,10,,,1,30,,1155719,10,,,1,70,,1155716,10,,,1,30,,1155706,10,,,1,70,,1155720,10,,,1,30,,1155722,10,,,1,70,,1155708,10,,,1,30,,1155721,10,,,1,70,,1155726,10,,,1,30,,858542,10,,,1,70,,1155712,10,,,1,29,,1155711,10,,,1,70,,1155707,10,,,1,30,,1155705,10,,,1,70,,1155729,10,,,1,30,,1155723,10,,,1
6201,'5',600,,1155747,10,,,1,28,,1155755,10,,,1,26,,1155748,9,,,1,70,,938399,9,,,1,30,,1155742,9,,,1,72,,1155734,9,,,1,28,,1155740,9,,,1,70,,1155743,9,,,1,30,,1155750,9,,,1,70,,1155737,9,,,1,30,,1155757,9,,,1,70,,1155761,9,,,1,25,,1155759,9,,,1,70,,1155758,9,,,1,30,,1074926,9,,,1,71,,1155763,9,,,1,30,,1155752,9,,,1,70,,1155760,9,,,1,30,,1155762,9,,,1,68,,1155749,9,,,1,31,,1155754,9,,,1,71,,1155736,9,,,1,29,,1064897,9,,,1,70,,944470,9,,,1,30,,1090852,9,,,1,70,,1155756,9,,,1,30,,1155753,9,,,1,70,,1155733,9,,,1,33,,1155732,9,,,1,70,,1155745,9,,,1,30,,1155735,9,,,1,70,,1155741,9,,,1,30,,962911,9,,,1,69,,1155739,9,,,1,36,,1155738,10,,,1,71,,1155751,10,,,1,30,,1155746,10,,,1,75,,1155744,10,,,1
6201,'6',600,,1155782,10,,,1,28,,1155777,10,,,1,26,,1155772,9,,,1,70,,1155775,9,,,1,30,,1155770,9,,,1,72,,1065204,9,,,1,28,,1155781,9,,,1,70,,1155784,9,,,1,30,,1155791,9,,,1,70,,1155766,9,,,1,30,,1155773,9,,,1,70,,1155788,9,,,1,25,,1155776,9,,,1,70,,1155790,9,,,1,30,,1155793,9,,,1,71,,1155792,9,,,1,30,,1155764,9,,,1,70,,1155765,9,,,1,30,,1066623,9,,,1,68,,1094238,9,,,1,31,,1155786,9,,,1,71,,1155778,9,,,1,29,,1155774,9,,,1,70,,1155796,9,,,1,30,,1155768,9,,,1,70,,1055289,9,,,1,30,,1155794,9,,,1,70,,1155789,9,,,1,33,,1155785,9,,,1,70,,1155769,9,,,1,30,,1155795,9,,,1,70,,1155780,9,,,1,30,,1155779,9,,,1,69,,1155787,9,,,1,36,,1049603,10,,,1,71,,1155771,10,,,1,30,,1155767,10,,,1,75,,1155783,10,,,1
6201,'7',739,,1155809,10,,,1,70,,1155802,10,,,1,30,,1155827,10,,,1,70,,1155818,10,,,1,30,,1155806,10,,,1,70,,1155817,10,,,1,29,,1155824,10,,,1,70,,1155803,10,,,1,30,,1155805,10,,,1,70,,1155825,10,,,1,30,,1155812,10,,,1,70,,1155826,10,,,1,30,,1155819,10,,,1,70,,1155801,10,,,1,30,,1155814,10,,,1,70,,1155800,10,,,1,30,,1155822,10,,,1,70,,1155815,10,,,1,30,,1155828,10,,,1,70,,1155820,10,,,1,30,,1155798,10,,,1,70,,1155804,10,,,1,30,,1155813,10,,,1,70,,1155808,10,,,1,30,,1155823,10,,,1,70,,1155816,10,,,1,29,,1155807,10,,,1,70,,1155821,10,,,1,30,,1155799,10,,,1,70,,1155811,10,,,1,30,,1155797,10,,,1,70,,1155810,10,,,1
6201,'8',600,,1155851,10,,,1,28,,1155846,10,,,1,26,,1155840,9,,,1,70,,1155844,9,,,1,30,,1155838,9,,,1,72,,1155836,9,,,1,28,,1155850,9,,,1,70,,1155853,9,,,1,30,,1155860,9,,,1,70,,1155831,9,,,1,30,,1155841,9,,,1,70,,1155857,9,,,1,25,,1155845,9,,,1,70,,1155859,9,,,1,30,,1155862,9,,,1,71,,1155861,9,,,1,30,,1155829,9,,,1,70,,1155830,9,,,1,30,,1155832,9,,,1,68,,1155835,9,,,1,31,,1155855,9,,,1,71,,1155847,9,,,1,29,,1155843,9,,,1,70,,1155866,9,,,1,30,,1155834,9,,,1,70,,1155864,9,,,1,30,,1155863,9,,,1,70,,1155858,9,,,1,33,,1155854,9,,,1,70,,1155837,9,,,1,30,,1155865,9,,,1,70,,1155849,9,,,1,30,,1155848,9,,,1,69,,1155856,9,,,1,36,,1155842,10,,,1,71,,1155839,10,,,1,30,,1155833,10,,,1,75,,1155852,10,,,1
6201,'9',600,,1155882,10,,,1,28,,1155890,10,,,1,26,,1155883,9,,,1,70,,938353,9,,,1,30,,1155877,9,,,1,72,,1155869,9,,,1,28,,1155875,9,,,1,70,,1155878,9,,,1,30,,1155885,9,,,1,70,,1155872,9,,,1,30,,1155892,9,,,1,70,,1155896,9,,,1,25,,1155894,9,,,1,70,,1155893,9,,,1,30,,1074720,9,,,1,71,,1155898,9,,,1,30,,1155887,9,,,1,70,,1155895,9,,,1,30,,1155897,9,,,1,68,,1155884,9,,,1,31,,1155889,9,,,1,71,,1155871,9,,,1,29,,1064823,9,,,1,70,,944422,9,,,1,30,,1090717,9,,,1,70,,1155891,9,,,1,30,,1155888,9,,,1,70,,1155868,9,,,1,33,,1155867,9,,,1,70,,1155880,9,,,1,30,,1155870,9,,,1,70,,1155876,9,,,1,30,,962869,9,,,1,69,,1155874,9,,,1,36,,1155873,10,,,1,71,,1155886,10,,,1,30,,1155881,10,,,1,75,,1155879,10,,,1
6300,'1',531,,1155902,9,,,1,75,,1155919,9,,,1,27,,1155924,8,,,1,5,,1155932,8,,,1,10,,1067625,8,,,1,56,,1155907,8,,,1,8,,1155906,8,,,1,8,,1155929,8,,,1,17,,1077501,8,,,1,15,,1099319,8,,,1,56,,1155909,8,,,1,15,,1155899,8,,,1,14,,1068367,8,,,1,18,,1155910,8,,,1,68,,1155923,8,,,1,27,,1084462,8,,,1,70,,1062596,8,,,1,32,,1155926,8,,,1,69,,1001300,8,,,1,29,,1090003,8,,,1,70,,990970,8,,,1,31,,1155931,8,,,1,70,,1155908,8,,,1,30,,1155901,8,,,1,70,,934960,8,,,1,33,,1155914,8,,,1,71,,1155900,8,,,1,16,,1155921,8,,,1,15,,1155912,8,,,1,56,,1155918,8,,,1,16,,1155915,8,,,1,14,,1085576,8,,,1,14,,1102341,8,,,1,53,,1155925,8,,,1,16,,1063116,8,,,1,16,,1155927,8,,,1,15,,1155930,8,,,1,55,,1155913,8,,,1,15,,1155911,8,,,1,14,,1155917,8,,,1,71,,1155905,8,,,1,29,,1021184,8,,,1,68,,1064918,8,,,1,27,,1155916,8,,,1,70,,1155928,8,,,1,29,,1155904,8,,,1,70,,1155920,8,,,1,27,,1086059,8,,,1,75,,1155903,9,,,1,30,,1155922,9,,,1,70,,1101188,9,,,1
6300,'10',531,,1155936,9,,,1,75,,1155953,9,,,1,27,,1155958,8,,,1,5,,1155966,8,,,1,10,,1067556,8,,,1,56,,1155941,8,,,1,8,,1155940,8,,,1,8,,1155963,8,,,1,17,,1077388,8,,,1,15,,1099207,8,,,1,56,,1155943,8,,,1,15,,1155933,8,,,1,14,,1068126,8,,,1,18,,1155944,8,,,1,68,,1155957,8,,,1,27,,1084278,8,,,1,70,,1062286,8,,,1,32,,1155960,8,,,1,69,,1001447,8,,,1,29,,1089861,8,,,1,70,,990958,8,,,1,31,,1155965,8,,,1,70,,1155942,8,,,1,30,,1155935,8,,,1,70,,934965,8,,,1,33,,1155948,8,,,1,71,,1155934,8,,,1,16,,1155955,8,,,1,15,,1155946,8,,,1,56,,1155952,8,,,1,16,,1155949,8,,,1,14,,1085319,8,,,1,14,,1102326,8,,,1,53,,1155959,8,,,1,16,,1062774,8,,,1,16,,1155961,8,,,1,15,,1155964,8,,,1,55,,1155947,8,,,1,15,,1155945,8,,,1,14,,1155951,8,,,1,71,,1155939,8,,,1,29,,1021353,8,,,1,68,,1064783,8,,,1,27,,1155950,8,,,1,70,,1155962,8,,,1,29,,1155938,8,,,1,70,,1155954,8,,,1,27,,1085775,8,,,1,75,,1155937,9,,,1,30,,1155956,9,,,1,70,,1101058,9,,,1
6300,'11',531,,1155970,9,,,1,75,,1155987,9,,,1,27,,1155992,8,,,1,5,,1156000,8,,,1,10,,1067648,8,,,1,56,,1155975,8,,,1,8,,1155974,8,,,1,8,,1155997,8,,,1,17,,1077534,8,,,1,15,,1099357,8,,,1,56,,1155977,8,,,1,15,,1155967,8,,,1,14,,1068431,8,,,1,18,,1155978,8,,,1,68,,1155991,8,,,1,27,,1084518,8,,,1,70,,1062674,8,,,1,32,,1155994,8,,,1,69,,1001259,8,,,1,29,,1090046,8,,,1,70,,990967,8,,,1,31,,1155999,8,,,1,70,,1155976,8,,,1,30,,1155969,8,,,1,70,,934955,8,,,1,33,,1155982,8,,,1,71,,1155968,8,,,1,16,,1155989,8,,,1,15,,1155980,8,,,1,56,,1155986,8,,,1,16,,1155983,8,,,1,14,,1085656,8,,,1,14,,1102346,8,,,1,53,,1155993,8,,,1,16,,1063217,8,,,1,16,,1155995,8,,,1,15,,1155998,8,,,1,55,,1155981,8,,,1,15,,1155979,8,,,1,14,,1155985,8,,,1,71,,1155973,8,,,1,29,,1021136,8,,,1,68,,1064963,8,,,1,27,,1155984,8,,,1,70,,1155996,8,,,1,29,,1155972,8,,,1,70,,1155988,8,,,1,27,,1086141,8,,,1,75,,1155971,9,,,1,30,,1155990,9,,,1,70,,1101228,9,,,1
6300,'12',531,,1156042,9,,,1,75,,978477,9,,,1,27,,1156028,8,,,1,5,,1156013,8,,,1,10,,1156004,8,,,1,56,,1156035,8,,,1,8,,1156029,8,,,1,8,,1156015,8,,,1,17,,1156043,8,,,1,15,,1156038,8,,,1,56,,1156011,8,,,1,15,,1156003,8,,,1,14,,1156026,8,,,1,18,,1095535,8,,,1,68,,1156021,8,,,1,27,,1156023,8,,,1,70,,1156041,8,,,1,32,,1156034,8,,,1,69,,1156033,8,,,1,29,,1156032,8,,,1,70,,1156009,8,,,1,31,,1156039,8,,,1,70,,1156014,8,,,1,30,,1080222,8,,,1,70,,1156044,8,,,1,33,,1156037,8,,,1,71,,1156007,8,,,1,16,,1156006,8,,,1,15,,1156022,8,,,1,56,,1067331,8,,,1,16,,1156019,8,,,1,14,,1156001,8,,,1,14,,1014227,8,,,1,53,,1156031,8,,,1,16,,1156012,8,,,1,16,,1156010,8,,,1,15,,1156024,8,,,1,55,,1156040,8,,,1,15,,1156020,8,,,1,14,,1156025,8,,,1,71,,1156036,8,,,1,29,,1156016,8,,,1,68,,1156018,8,,,1,27,,1156030,8,,,1,70,,1156005,8,,,1,29,,1156017,8,,,1,70,,1156045,8,,,1,27,,1063020,8,,,1,75,,1156008,9,,,1,30,,1156027,9,,,1,70,,1156002,9,,,1
6300,'13',750,,1156068,9,,,1,104,,1156062,9,,,1,100,,1156056,9,,,1,101,,1156070,9,,,1,70,,1156061,9,,,1,30,,1156059,9,,,1,70,,1156052,9,,,1,30,,1079013,9,,,1,70,,1156051,9,,,1,30,,1156055,9,,,1,70,,1156065,9,,,1,30,,1072761,9,,,1,70,,1156050,9,,,1,30,,1156046,9,,,1,70,,1156066,9,,,1,30,,1156058,9,,,1,70,,1156057,9,,,1,30,,1156060,9,,,1,70,,1156054,9,,,1,30,,1156069,9,,,1,70,,1156071,9,,,1,30,,1156064,9,,,1,70,,1156048,9,,,1,29,,1156067,9,,,1,70,,1156053,9,,,1,30,,1156063,9,,,1,70,,1065070,9,,,1,29,,1156047,9,,,1,100,,1156049,9,,,1
6300,'14',531,,1156080,9,,,1,75,,1156103,9,,,1,27,,1156108,8,,,1,5,,1156121,8,,,1,10,,1156082,8,,,1,56,,1156090,8,,,1,8,,1156089,8,,,1,8,,1156117,8,,,1,17,,1156112,8,,,1,15,,1156084,8,,,1,56,,1156092,8,,,1,15,,1156072,8,,,1,14,,1156075,8,,,1,18,,1156093,8,,,1,68,,1156107,8,,,1,27,,1156115,8,,,1,70,,1156074,8,,,1,32,,1156110,8,,,1,69,,1156086,8,,,1,29,,1156073,8,,,1,70,,1156079,8,,,1,31,,1156120,8,,,1,70,,1156091,8,,,1,30,,1156078,8,,,1,70,,1156085,8,,,1,33,,1156097,8,,,1,71,,1156077,8,,,1,16,,1156105,8,,,1,15,,1156095,8,,,1,56,,1156102,8,,,1,16,,1156099,8,,,1,14,,1156076,8,,,1,14,,1156081,8,,,1,53,,1156109,8,,,1,16,,1156098,8,,,1,16,,1156111,8,,,1,15,,1156119,8,,,1,55,,1156096,8,,,1,15,,1156094,8,,,1,14,,1156101,8,,,1,71,,1156088,8,,,1,29,,1156114,8,,,1,68,,1156113,8,,,1,27,,1156100,8,,,1,70,,1156116,8,,,1,29,,1156087,8,,,1,70,,1156104,8,,,1,27,,1156122,8,,,1,75,,1156083,9,,,1,30,,1156106,9,,,1,70,,1156118,9,,,1
6300,'15',531,,1156141,9,,,1,75,,1156163,9,,,1,27,,1156166,8,,,1,5,,1156153,8,,,1,10,,1156127,8,,,1,56,,1156152,8,,,1,8,,1156160,8,,,1,8,,1156134,8,,,1,17,,1156172,8,,,1,15,,1156143,8,,,1,56,,1156126,8,,,1,15,,1156168,8,,,1,14,,1156159,8,,,1,18,,1156144,8,,,1,68,,1156133,8,,,1,27,,1156173,8,,,1,70,,1156123,8,,,1,32,,1156131,8,,,1,69,,1156139,8,,,1,29,,1156125,8,,,1,70,,1156132,8,,,1,31,,1156124,8,,,1,70,,1156162,8,,,1,30,,1156142,8,,,1,70,,1156171,8,,,1,33,,1156154,8,,,1,71,,1156145,8,,,1,16,,1156130,8,,,1,15,,1156150,8,,,1,56,,1156136,8,,,1,16,,1156146,8,,,1,14,,1156155,8,,,1,14,,1156147,8,,,1,53,,1156137,8,,,1,16,,1156151,8,,,1,16,,1156128,8,,,1,15,,1156148,8,,,1,55,,1156156,8,,,1,15,,1156167,8,,,1,14,,1156129,8,,,1,71,,1156140,8,,,1,29,,1156169,8,,,1,68,,1156161,8,,,1,27,,1156164,8,,,1,70,,1156165,8,,,1,29,,1156138,8,,,1,70,,1156149,8,,,1,27,,1156157,8,,,1,75,,1156135,9,,,1,30,,1156170,9,,,1,70,,1156158,9,,,1
6300,'16',531,,950536,9,,,1,75,,1156178,9,,,1,27,,1156198,8,,,1,5,,1156184,8,,,1,10,,1086707,8,,,1,56,,1156204,8,,,1,8,,1156199,8,,,1,8,,1156186,8,,,1,17,,1156210,8,,,1,15,,1156207,8,,,1,56,,1083638,8,,,1,15,,1156174,8,,,1,14,,1156196,8,,,1,18,,1156179,8,,,1,68,,1156191,8,,,1,27,,1156193,8,,,1,70,,1030477,8,,,1,32,,968888,8,,,1,69,,1156203,8,,,1,29,,1156202,8,,,1,70,,1156181,8,,,1,31,,1156208,8,,,1,70,,1156185,8,,,1,30,,1156175,8,,,1,70,,1156211,8,,,1,33,,1156206,8,,,1,71,,1098568,8,,,1,16,,1156177,8,,,1,15,,1156192,8,,,1,56,,1156213,8,,,1,16,,1156190,8,,,1,14,,1082661,8,,,1,14,,1156182,8,,,1,53,,1156201,8,,,1,16,,1156183,8,,,1,16,,1099162,8,,,1,15,,1156194,8,,,1,55,,1156209,8,,,1,15,,1072160,8,,,1,14,,1156195,8,,,1,71,,1156205,8,,,1,29,,1156187,8,,,1,68,,1156189,8,,,1,27,,1156200,8,,,1,70,,1156176,8,,,1,29,,1156188,8,,,1,70,,1156214,8,,,1,27,,1156212,8,,,1,75,,1156180,9,,,1,30,,1156197,9,,,1,70,,1098387,9,,,1
6300,'17',750,,1156238,9,,,1,104,,1156232,9,,,1,100,,1156226,9,,,1,101,,1156242,9,,,1,70,,1156231,9,,,1,30,,1156229,9,,,1,70,,1156222,9,,,1,30,,1156241,9,,,1,70,,1156221,9,,,1,30,,1156225,9,,,1,70,,1156235,9,,,1,30,,1156217,9,,,1,70,,1156220,9,,,1,30,,1156215,9,,,1,70,,1156236,9,,,1,30,,1156228,9,,,1,70,,1156227,9,,,1,30,,1156230,9,,,1,70,,1156224,9,,,1,30,,1156240,9,,,1,70,,1156243,9,,,1,30,,1156234,9,,,1,70,,1156218,9,,,1,29,,1156237,9,,,1,70,,1156223,9,,,1,30,,1156233,9,,,1,70,,1156239,9,,,1,29,,1156216,9,,,1,100,,1156219,9,,,1
6300,'2',703,,1101693,9,,,1,30,,1156260,9,,,1,70,,1156251,9,,,1,31,,1156266,9,,,1,70,,1156254,9,,,1,30,,1156255,9,,,1,70,,1156273,9,,,1,31,,1156265,9,,,1,70,,1156267,9,,,1,30,,1156269,9,,,1,70,,1156263,9,,,1,30,,1156248,9,,,1,70,,1156262,9,,,1,30,,1156246,9,,,1,70,,1156268,9,,,1,30,,1000552,9,,,1,70,,1156247,9,,,1,30,,1156253,9,,,1,70,,1156261,9,,,1,30,,1156274,9,,,1,70,,1156250,9,,,1,30,,1156270,9,,,1,70,,1063343,9,,,1,30,,1156252,9,,,1,70,,1156272,9,,,1,30,,1156271,9,,,1,70,,1156259,9,,,1,29,,1156244,9,,,1,70,,1156249,9,,,1,30,,1156264,9,,,1,70,,1156258,9,,,1,29,,1156257,9,,,1,70,,1156256,9,,,1,30,,1156245,9,,,1
6300,'3',750,,1156298,9,,,1,104,,1156292,9,,,1,100,,1156286,9,,,1,101,,1156302,9,,,1,70,,1156291,9,,,1,30,,1156289,9,,,1,70,,1156282,9,,,1,30,,1156301,9,,,1,70,,1156281,9,,,1,30,,1156285,9,,,1,70,,1156295,9,,,1,30,,1156277,9,,,1,70,,1156280,9,,,1,30,,1156275,9,,,1,70,,1156296,9,,,1,30,,1156288,9,,,1,70,,1156287,9,,,1,30,,1156290,9,,,1,70,,1156284,9,,,1,30,,1156300,9,,,1,70,,1156303,9,,,1,30,,1156294,9,,,1,70,,1156278,9,,,1,29,,1156297,9,,,1,70,,1156283,9,,,1,30,,1156293,9,,,1,70,,1156299,9,,,1,29,,1156276,9,,,1,100,,1156279,9,,,1
6300,'4',750,,1156320,9,,,1,104,,1156305,9,,,1,100,,1156319,9,,,1,101,,1156307,9,,,1,70,,1156316,9,,,1,30,,1156310,9,,,1,70,,1156325,9,,,1,30,,1156312,9,,,1,70,,1066817,9,,,1,30,,1098516,9,,,1,70,,1156324,9,,,1,30,,1156314,9,,,1,70,,1156322,9,,,1,30,,1156330,9,,,1,70,,1156321,9,,,1,30,,1156315,9,,,1,70,,1156311,9,,,1,30,,1156309,9,,,1,70,,1156304,9,,,1,30,,1156329,9,,,1,70,,1156306,9,,,1,30,,1156323,9,,,1,70,,1156327,9,,,1,29,,1156317,9,,,1,70,,1156313,9,,,1,30,,1156308,9,,,1,70,,1156328,9,,,1,29,,1156326,9,,,1,100,,1156318,9,,,1
6300,'5',531,,1156334,9,,,1,75,,1156351,9,,,1,27,,1156356,8,,,1,5,,1156364,8,,,1,10,,1067602,8,,,1,56,,1156339,8,,,1,8,,1156338,8,,,1,8,,1156361,8,,,1,17,,1077483,8,,,1,15,,1099296,8,,,1,56,,1156341,8,,,1,15,,1156331,8,,,1,14,,1068324,8,,,1,18,,1156342,8,,,1,68,,1156355,8,,,1,27,,1084429,8,,,1,70,,1062557,8,,,1,32,,1156358,8,,,1,69,,1001040,8,,,1,29,,1089981,8,,,1,70,,990982,8,,,1,31,,1156363,8,,,1,70,,1156340,8,,,1,30,,1156333,8,,,1,70,,934975,8,,,1,33,,1156346,8,,,1,71,,1156332,8,,,1,16,,1156353,8,,,1,15,,1156344,8,,,1,56,,1156350,8,,,1,16,,1156347,8,,,1,14,,1085532,8,,,1,14,,1102336,8,,,1,53,,1156357,8,,,1,16,,1063062,8,,,1,16,,1156359,8,,,1,15,,1156362,8,,,1,55,,1156345,8,,,1,15,,1156343,8,,,1,14,,1156349,8,,,1,71,,1156337,8,,,1,29,,1020900,8,,,1,68,,1064899,8,,,1,27,,1156348,8,,,1,70,,1156360,8,,,1,29,,1156336,8,,,1,70,,1156352,8,,,1,27,,1086008,8,,,1,75,,1156335,9,,,1,30,,1156354,9,,,1,70,,1101171,9,,,1
6300,'6',531,,1156406,9,,,1,75,,1156370,9,,,1,27,,1156393,8,,,1,5,,1156378,8,,,1,10,,1156367,8,,,1,56,,1156400,8,,,1,8,,1156394,8,,,1,8,,1156380,8,,,1,17,,1156407,8,,,1,15,,1156403,8,,,1,56,,1156375,8,,,1,15,,1094233,8,,,1,14,,1156391,8,,,1,18,,1156371,8,,,1,68,,1156386,8,,,1,27,,1156388,8,,,1,70,,1156405,8,,,1,32,,1156399,8,,,1,69,,1156398,8,,,1,29,,1156397,8,,,1,70,,1030103,8,,,1,31,,1156404,8,,,1,70,,1156379,8,,,1,30,,1156368,8,,,1,70,,1099172,8,,,1,33,,1156402,8,,,1,71,,1156372,8,,,1,16,,1156369,8,,,1,15,,1156387,8,,,1,56,,1156409,8,,,1,16,,1156384,8,,,1,14,,1156365,8,,,1,14,,1156376,8,,,1,53,,1156396,8,,,1,16,,1156377,8,,,1,16,,1156374,8,,,1,15,,1156389,8,,,1,55,,1102703,8,,,1,15,,1156385,8,,,1,14,,1156390,8,,,1,71,,1156401,8,,,1,29,,1156381,8,,,1,68,,1156383,8,,,1,27,,1156395,8,,,1,70,,1055485,8,,,1,29,,1156382,8,,,1,70,,1080555,8,,,1,27,,1156408,8,,,1,75,,1156373,9,,,1,30,,1156392,9,,,1,70,,1156366,9,,,1
6300,'7',703,,1156418,9,,,1,30,,1156428,9,,,1,70,,1156415,9,,,1,31,,1156411,9,,,1,70,,1156442,9,,,1,30,,1156438,9,,,1,70,,1156413,9,,,1,31,,1156424,9,,,1,70,,1156422,9,,,1,30,,1156441,9,,,1,70,,1156439,9,,,1,30,,1156426,9,,,1,70,,1156417,9,,,1,30,,1156427,9,,,1,70,,1156412,9,,,1,30,,1156433,9,,,1,70,,1156420,9,,,1,30,,1156414,9,,,1,70,,1156432,9,,,1,30,,1156421,9,,,1,70,,1156431,9,,,1,30,,1156419,9,,,1,70,,1156436,9,,,1,30,,1156429,9,,,1,70,,1156425,9,,,1,30,,1156437,9,,,1,70,,1156423,9,,,1,29,,1156410,9,,,1,70,,1156435,9,,,1,30,,1156443,9,,,1,70,,1156416,9,,,1,29,,1156434,9,,,1,70,,1156430,9,,,1,30,,1156440,9,,,1
6300,'8',531,,1156489,9,,,1,75,,1156451,9,,,1,27,,1156475,8,,,1,5,,1156460,8,,,1,10,,1156447,8,,,1,56,,1156482,8,,,1,8,,1156476,8,,,1,8,,1156462,8,,,1,17,,1156490,8,,,1,15,,1156485,8,,,1,56,,1156457,8,,,1,15,,1156446,8,,,1,14,,1156473,8,,,1,18,,1156452,8,,,1,68,,1156468,8,,,1,27,,1156470,8,,,1,70,,1156488,8,,,1,32,,1156481,8,,,1,69,,1156480,8,,,1,29,,1156479,8,,,1,70,,1156455,8,,,1,31,,1156486,8,,,1,70,,1156461,8,,,1,30,,1156448,8,,,1,70,,1156491,8,,,1,33,,1156484,8,,,1,71,,1156453,8,,,1,16,,1156450,8,,,1,15,,1156469,8,,,1,56,,1156493,8,,,1,16,,1156466,8,,,1,14,,1156444,8,,,1,14,,1156458,8,,,1,53,,1156478,8,,,1,16,,1156459,8,,,1,16,,1156456,8,,,1,15,,1156471,8,,,1,55,,1156487,8,,,1,15,,1156467,8,,,1,14,,1156472,8,,,1,71,,1156483,8,,,1,29,,1156463,8,,,1,68,,1156465,8,,,1,27,,1156477,8,,,1,70,,1156449,8,,,1,29,,1156464,8,,,1,70,,1156494,8,,,1,27,,1156492,8,,,1,75,,1156454,9,,,1,30,,1156474,9,,,1,70,,1156445,9,,,1
6300,'9',531,,1156498,9,,,1,75,,1156515,9,,,1,27,,1156520,8,,,1,5,,1156528,8,,,1,10,,1067579,8,,,1,56,,1156503,8,,,1,8,,1156502,8,,,1,8,,1156525,8,,,1,17,,1077421,8,,,1,15,,1099242,8,,,1,56,,1156505,8,,,1,15,,1156495,8,,,1,14,,1068203,8,,,1,18,,1156506,8,,,1,68,,1156519,8,,,1,27,,1084339,8,,,1,70,,1062385,8,,,1,32,,1156522,8,,,1,69,,1001341,8,,,1,29,,1089906,8,,,1,70,,990979,8,,,1,31,,1156527,8,,,1,70,,1156504,8,,,1,30,,1156497,8,,,1,70,,934970,8,,,1,33,,1156510,8,,,1,71,,1156496,8,,,1,16,,1156517,8,,,1,15,,1156508,8,,,1,56,,1156514,8,,,1,16,,1156511,8,,,1,14,,1085401,8,,,1,14,,1102331,8,,,1,53,,1156521,8,,,1,16,,1062886,8,,,1,16,,1156523,8,,,1,15,,1156526,8,,,1,55,,1156509,8,,,1,15,,1156507,8,,,1,14,,1156513,8,,,1,71,,1156501,8,,,1,29,,1021232,8,,,1,68,,1064825,8,,,1,27,,1156512,8,,,1,70,,1156524,8,,,1,29,,1156500,8,,,1,70,,1156516,8,,,1,27,,1085862,8,,,1,75,,1156499,9,,,1,30,,1156518,9,,,1,70,,1101096,9,,,1
6301,'1',541,,1156552,36,,,1,73,,1156571,36,,,1,15,,1085596,36,,,1,13,,1038680,36,,,1,15,,1156547,36,,,1,54,,1156568,36,,,1,12,,1156554,36,,,1,15,,1156538,36,,,1,14,,1156573,36,,,1,57,,1156549,36,,,1,15,,1156532,36,,,1,14,,1156541,36,,,1,15,,1156533,36,,,1,55,,1156537,36,,,1,29,,1156551,36,,,1,70,,1156569,36,,,1,29,,1156565,36,,,1,70,,1156559,36,,,1,29,,1077012,36,,,1,69,,1093381,36,,,1,29,,1156544,36,,,1,70,,1156555,36,,,1,30,,1156570,36,,,1,72,,1080758,36,,,1,30,,1156556,36,,,1,72,,1052872,41,,,1,33,,1156550,21,,,1,3,,1156543,41,,,1,72,,1156560,41,,,1,23,,1156572,21,,,1,10,,1156562,41,,,1,55,,1156534,41,,,1,16,,1156546,41,,,1,9,,1156563,21,,,1,6,,1156536,41,,,1,14,,1156539,41,,,1,54,,1156558,41,,,1,14,,1156553,41,,,1,11,,1156566,41,,,1,16,,1076651,41,,,1,13,,948346,41,,,1,54,,1156542,41,,,1,13,,1156564,41,,,1,16,,1156567,41,,,1,16,,1156535,41,,,1,69,,1156531,41,,,1,30,,1050837,41,,,1,70,,1156545,41,,,1,26,,1156540,41,,,1,70,,1156529,41,,,1,30,,1156561,41,,,1,69,,1156530,41,,,1,27,,1156548,41,,,1,80,,1156557,21,,,1
6301,'10',541,,1156597,36,,,1,73,,1156616,36,,,1,15,,1085339,36,,,1,13,,1038768,36,,,1,15,,1156592,36,,,1,54,,1156613,36,,,1,12,,1156599,36,,,1,15,,1156583,36,,,1,14,,1156618,36,,,1,57,,1156594,36,,,1,15,,1156577,36,,,1,14,,1156586,36,,,1,15,,1156578,36,,,1,55,,1156582,36,,,1,29,,1156596,36,,,1,70,,1156614,36,,,1,29,,1156610,36,,,1,70,,1156604,36,,,1,29,,1076788,36,,,1,69,,1093065,36,,,1,29,,1156589,36,,,1,70,,1156600,36,,,1,30,,1156615,36,,,1,72,,1080585,36,,,1,30,,1156601,36,,,1,72,,1052918,41,,,1,33,,1156595,21,,,1,3,,1156588,41,,,1,72,,1156605,41,,,1,23,,1156617,21,,,1,10,,1156607,41,,,1,55,,1156579,41,,,1,16,,1156591,41,,,1,9,,1156608,21,,,1,6,,1156581,41,,,1,14,,1156584,41,,,1,54,,1156603,41,,,1,14,,1156598,41,,,1,11,,1156611,41,,,1,16,,1076445,41,,,1,13,,948079,41,,,1,54,,1156587,41,,,1,13,,1156609,41,,,1,16,,1156612,41,,,1,16,,1156580,41,,,1,69,,1156576,41,,,1,30,,1051013,41,,,1,70,,1156590,41,,,1,26,,1156585,41,,,1,70,,1156574,41,,,1,30,,1156606,41,,,1,69,,1156575,41,,,1,27,,1156593,41,,,1,80,,1156602,21,,,1
6301,'11',541,,1156642,36,,,1,73,,1156661,36,,,1,15,,1085676,36,,,1,13,,1038654,36,,,1,15,,1156637,36,,,1,54,,1156658,36,,,1,12,,1156644,36,,,1,15,,1156628,36,,,1,14,,1156663,36,,,1,57,,1156639,36,,,1,15,,1156622,36,,,1,14,,1156631,36,,,1,15,,1156623,36,,,1,55,,1156627,36,,,1,29,,1156641,36,,,1,70,,1156659,36,,,1,29,,1156655,36,,,1,70,,1156649,36,,,1,29,,1077078,36,,,1,69,,1093472,36,,,1,29,,1156634,36,,,1,70,,1156645,36,,,1,30,,1156660,36,,,1,72,,1080815,36,,,1,30,,1156646,36,,,1,72,,1052859,41,,,1,33,,1156640,21,,,1,3,,1156633,41,,,1,72,,1156650,41,,,1,23,,1156662,21,,,1,10,,1156652,41,,,1,55,,1156624,41,,,1,16,,1156636,41,,,1,9,,1156653,21,,,1,6,,1156626,41,,,1,14,,1156629,41,,,1,54,,1156648,41,,,1,14,,1156643,41,,,1,11,,1156656,41,,,1,16,,1076715,41,,,1,13,,948294,41,,,1,54,,1156632,41,,,1,13,,1156654,41,,,1,16,,1156657,41,,,1,16,,1156625,41,,,1,69,,1156621,41,,,1,30,,1050785,41,,,1,70,,1156635,41,,,1,26,,1156630,41,,,1,70,,1156619,41,,,1,30,,1156651,41,,,1,69,,1156620,41,,,1,27,,1156638,41,,,1,80,,1156647,21,,,1
6301,'12',541,,1156671,36,,,1,73,,1156697,36,,,1,15,,1156702,36,,,1,13,,1156683,36,,,1,15,,1156680,36,,,1,54,,1156706,36,,,1,12,,1156687,36,,,1,15,,1075441,36,,,1,14,,1156684,36,,,1,57,,1025524,36,,,1,15,,1156681,36,,,1,14,,1156670,36,,,1,15,,1156703,36,,,1,55,,1156708,36,,,1,29,,1156682,36,,,1,70,,1156668,36,,,1,29,,1156700,36,,,1,70,,1156699,36,,,1,29,,1156679,36,,,1,69,,1156678,36,,,1,29,,1156701,36,,,1,70,,1156694,36,,,1,30,,1156692,36,,,1,72,,1156665,36,,,1,30,,1156693,36,,,1,72,,1156688,41,,,1,33,,1156705,21,,,1,3,,1156675,41,,,1,72,,1156664,41,,,1,23,,1156686,21,,,1,10,,1156689,41,,,1,55,,1156676,41,,,1,16,,1061671,41,,,1,9,,1156666,21,,,1,6,,1080070,41,,,1,14,,1156698,41,,,1,54,,1156707,41,,,1,14,,1156704,41,,,1,11,,1156677,41,,,1,16,,1075462,41,,,1,13,,1156691,41,,,1,54,,1085949,41,,,1,13,,1074485,41,,,1,16,,1156696,41,,,1,16,,1156674,41,,,1,69,,1156672,41,,,1,30,,1156673,41,,,1,70,,1156669,41,,,1,26,,1156690,41,,,1,70,,1156695,41,,,1,30,,1156667,41,,,1,69,,1156709,41,,,1,27,,1156685,41,,,1,80,,1156710,21,,,1
6301,'13',733,,1040927,36,,,1,100,,1156727,36,,,1,100,,1156732,36,,,1,103,,1156731,36,,,1,70,,1156737,36,,,1,30,,1156728,36,,,1,70,,1156734,36,,,1,30,,1156722,36,,,1,70,,1156730,36,,,1,30,,1156723,36,,,1,70,,1156714,36,,,1,30,,1156716,36,,,1,70,,1156736,36,,,1,30,,1156711,36,,,1,70,,1156733,36,,,1,30,,1156720,36,,,1,70,,1156718,36,,,1,30,,1156725,36,,,1,70,,1156726,36,,,1,30,,1156715,36,,,1,70,,1156713,36,,,1,29,,1156721,36,,,1,70,,1156729,36,,,1,29,,1156712,36,,,1,70,,1156717,36,,,1,30,,1156724,36,,,1,70,,1156719,36,,,1,30,,1075809,36,,,1,100,,1156735,36,,,1
6301,'14',541,,1156765,36,,,1,73,,1156786,36,,,1,15,,1156777,36,,,1,13,,1156745,36,,,1,15,,1156760,36,,,1,54,,1156782,36,,,1,12,,1156767,36,,,1,15,,1156751,36,,,1,14,,1156789,36,,,1,57,,1156762,36,,,1,15,,1156743,36,,,1,14,,1156754,36,,,1,15,,1156744,36,,,1,55,,1156750,36,,,1,29,,1156764,36,,,1,70,,1156783,36,,,1,29,,1156779,36,,,1,70,,1156772,36,,,1,29,,1156746,36,,,1,69,,1156738,36,,,1,29,,1156757,36,,,1,70,,1156768,36,,,1,30,,1156784,36,,,1,72,,1156790,36,,,1,30,,1156769,36,,,1,72,,1156787,41,,,1,33,,1156763,21,,,1,3,,1156756,41,,,1,72,,1156773,41,,,1,23,,1156788,21,,,1,10,,1156775,41,,,1,55,,1156747,41,,,1,16,,1156759,41,,,1,9,,1156776,21,,,1,6,,1156749,41,,,1,14,,1156752,41,,,1,54,,1156771,41,,,1,14,,1156766,41,,,1,11,,1156780,41,,,1,16,,1156785,41,,,1,13,,1156791,41,,,1,54,,1156755,41,,,1,13,,1156778,41,,,1,16,,1156781,41,,,1,16,,1156748,41,,,1,69,,1156742,41,,,1,30,,1156741,41,,,1,70,,1156758,41,,,1,26,,1156753,41,,,1,70,,1156739,41,,,1,30,,1156774,41,,,1,69,,1156740,41,,,1,27,,1156761,41,,,1,80,,1156770,21,,,1
6301,'15',541,,1156819,36,,,1,73,,1156803,36,,,1,15,,1156817,36,,,1,13,,1156839,36,,,1,15,,1156813,36,,,1,54,,1156822,36,,,1,12,,1156836,36,,,1,15,,1156843,36,,,1,14,,1156841,36,,,1,57,,1156837,36,,,1,15,,1156793,36,,,1,14,,1156821,36,,,1,15,,1156812,36,,,1,55,,1156811,36,,,1,29,,1156802,36,,,1,70,,1156792,36,,,1,29,,1156805,36,,,1,70,,1156795,36,,,1,29,,1156824,36,,,1,69,,1156845,36,,,1,29,,1156830,36,,,1,70,,1156810,36,,,1,30,,1156844,36,,,1,72,,1156818,36,,,1,30,,1156815,36,,,1,72,,1156834,41,,,1,33,,1156827,21,,,1,3,,1156816,41,,,1,72,,1156826,41,,,1,23,,1156825,21,,,1,10,,1156801,41,,,1,55,,1156807,41,,,1,16,,1156800,41,,,1,9,,1156798,21,,,1,6,,1156828,41,,,1,14,,1156829,41,,,1,54,,1156808,41,,,1,14,,1156832,41,,,1,11,,1156840,41,,,1,16,,1156814,41,,,1,13,,1156797,41,,,1,54,,1156796,41,,,1,13,,1156794,41,,,1,16,,1156804,41,,,1,16,,1156799,41,,,1,69,,1156842,41,,,1,30,,1156838,41,,,1,70,,1156835,41,,,1,26,,1156820,41,,,1,70,,1156831,41,,,1,30,,1156809,41,,,1,69,,1156823,41,,,1,27,,1156806,41,,,1,80,,1156833,21,,,1
6301,'16',541,,1156854,36,,,1,73,,1156881,36,,,1,15,,1156887,36,,,1,13,,1156866,36,,,1,15,,1156863,36,,,1,54,,1156892,36,,,1,12,,1156870,36,,,1,15,,1156847,36,,,1,14,,1156867,36,,,1,57,,1156848,36,,,1,15,,1156864,36,,,1,14,,1156853,36,,,1,15,,1156888,36,,,1,55,,1156894,36,,,1,29,,1156865,36,,,1,70,,1156852,36,,,1,29,,1156885,36,,,1,70,,1156884,36,,,1,29,,1156862,36,,,1,69,,1156861,36,,,1,29,,1156886,36,,,1,70,,1156876,36,,,1,30,,1156875,36,,,1,72,,1156849,36,,,1,30,,1093826,36,,,1,72,,1156871,41,,,1,33,,1156890,21,,,1,3,,1156858,41,,,1,72,,1156846,41,,,1,23,,1156869,21,,,1,10,,1156872,41,,,1,55,,1156859,41,,,1,16,,1156882,41,,,1,9,,1156850,21,,,1,6,,1156889,41,,,1,14,,1156883,41,,,1,54,,1156893,41,,,1,14,,1070066,41,,,1,11,,1156860,41,,,1,16,,1156877,41,,,1,13,,1156874,41,,,1,54,,1156891,41,,,1,13,,1156878,41,,,1,16,,1156880,41,,,1,16,,1156857,41,,,1,69,,1156855,41,,,1,30,,1156856,41,,,1,70,,1000385,41,,,1,26,,1156873,41,,,1,70,,1156879,41,,,1,30,,1156851,41,,,1,69,,1156895,41,,,1,27,,1156868,41,,,1,80,,1020207,21,,,1
6301,'17',733,,1156898,36,,,1,100,,1156914,36,,,1,100,,1156919,36,,,1,103,,1156918,36,,,1,70,,1156924,36,,,1,30,,1156915,36,,,1,70,,1156921,36,,,1,30,,1156909,36,,,1,70,,1156917,36,,,1,30,,1156910,36,,,1,70,,1156901,36,,,1,30,,1156903,36,,,1,70,,1156923,36,,,1,30,,1156896,36,,,1,70,,1156920,36,,,1,30,,1156907,36,,,1,70,,1156905,36,,,1,30,,1156912,36,,,1,70,,1156913,36,,,1,30,,1156902,36,,,1,70,,1156900,36,,,1,29,,1156908,36,,,1,70,,1156916,36,,,1,29,,1156899,36,,,1,70,,1156904,36,,,1,30,,1156911,36,,,1,70,,1156906,36,,,1,30,,1156897,36,,,1,100,,1156922,36,,,1
6301,'2',734,,1156930,36,,,1,77,,1156931,36,,,1,30,,1077787,36,,,1,70,,1156953,36,,,1,30,,1156939,36,,,1,70,,1156941,36,,,1,32,,1156938,36,,,1,71,,1077786,36,,,1,30,,1156952,36,,,1,70,,1156947,36,,,1,30,,1156948,36,,,1,70,,1156944,36,,,1,30,,1156954,36,,,1,70,,1156933,36,,,1,30,,1156925,36,,,1,70,,1156935,36,,,1,30,,1156943,36,,,1,70,,1156945,36,,,1,30,,1156928,36,,,1,70,,1156929,36,,,1,30,,1075748,36,,,1,70,,1156955,36,,,1,30,,1156932,36,,,1,70,,1156936,36,,,1,29,,1156950,36,,,1,70,,1156927,36,,,1,29,,1156949,36,,,1,70,,1156951,36,,,1,30,,1156937,36,,,1,70,,1156940,36,,,1,30,,1156926,36,,,1,70,,1156934,36,,,1,30,,1156942,36,,,1,70,,1156946,36,,,1
6301,'3',733,,1156958,36,,,1,100,,1156974,36,,,1,100,,1156979,36,,,1,103,,1156978,36,,,1,70,,1156984,36,,,1,30,,1156975,36,,,1,70,,1156981,36,,,1,30,,1156969,36,,,1,70,,1156977,36,,,1,30,,1156970,36,,,1,70,,1156961,36,,,1,30,,1156963,36,,,1,70,,1156983,36,,,1,30,,1156956,36,,,1,70,,1156980,36,,,1,30,,1156967,36,,,1,70,,1156965,36,,,1,30,,1156972,36,,,1,70,,1156973,36,,,1,30,,1156962,36,,,1,70,,1156960,36,,,1,29,,1156968,36,,,1,70,,1156976,36,,,1,29,,1156959,36,,,1,70,,1156964,36,,,1,30,,1156971,36,,,1,70,,1156966,36,,,1,30,,1156957,36,,,1,100,,1156982,36,,,1
6301,'4',733,,1156995,36,,,1,100,,1157007,36,,,1,100,,1157002,36,,,1,103,,1156993,36,,,1,70,,1156991,36,,,1,30,,1007910,36,,,1,70,,1156987,36,,,1,30,,1156994,36,,,1,70,,1036777,36,,,1,30,,1157005,36,,,1,70,,1156989,36,,,1,30,,1156996,36,,,1,70,,1156988,36,,,1,30,,1156998,36,,,1,70,,994471,36,,,1,30,,1156999,36,,,1,70,,1062970,36,,,1,30,,1157001,36,,,1,70,,1156990,36,,,1,30,,1157006,36,,,1,70,,1157008,36,,,1,29,,1157003,36,,,1,70,,1156985,36,,,1,29,,1157000,36,,,1,70,,1156992,36,,,1,30,,1101121,36,,,1,70,,1156997,36,,,1,30,,1156986,36,,,1,100,,1157004,36,,,1
6301,'5',541,,1157032,36,,,1,73,,1157051,36,,,1,15,,1085552,36,,,1,13,,1038525,36,,,1,15,,1157027,36,,,1,54,,1157048,36,,,1,12,,1157034,36,,,1,15,,1157018,36,,,1,14,,1157053,36,,,1,57,,1157029,36,,,1,15,,1157012,36,,,1,14,,1157021,36,,,1,15,,1157013,36,,,1,55,,1157017,36,,,1,29,,1157031,36,,,1,70,,1157049,36,,,1,29,,1157045,36,,,1,70,,1157039,36,,,1,29,,1076968,36,,,1,69,,1093326,36,,,1,29,,1157024,36,,,1,70,,1157035,36,,,1,30,,1157050,36,,,1,72,,1080728,36,,,1,30,,1157036,36,,,1,72,,1052771,41,,,1,33,,1157030,21,,,1,3,,1157023,41,,,1,72,,1157040,41,,,1,23,,1157052,21,,,1,10,,1157042,41,,,1,55,,1157014,41,,,1,16,,1157026,41,,,1,9,,1157043,21,,,1,6,,1157016,41,,,1,14,,1157019,41,,,1,54,,1157038,41,,,1,14,,1157033,41,,,1,11,,1157046,41,,,1,16,,1076611,41,,,1,13,,948502,41,,,1,54,,1157022,41,,,1,13,,1157044,41,,,1,16,,1157047,41,,,1,16,,1157015,41,,,1,69,,1157011,41,,,1,30,,1050548,41,,,1,70,,1157025,41,,,1,26,,1157020,41,,,1,70,,1157009,41,,,1,30,,1157041,41,,,1,69,,1157010,41,,,1,27,,1157028,41,,,1,80,,1157037,21,,,1
6301,'6',541,,1157058,36,,,1,73,,1157085,36,,,1,15,,1157090,36,,,1,13,,1157070,36,,,1,15,,1157067,36,,,1,54,,1051288,36,,,1,12,,1157074,36,,,1,15,,1157055,36,,,1,14,,1157071,36,,,1,57,,1157056,36,,,1,15,,1157068,36,,,1,14,,1039255,36,,,1,15,,1157091,36,,,1,55,,1157095,36,,,1,29,,1157069,36,,,1,70,,1088301,36,,,1,29,,1157088,36,,,1,70,,1157087,36,,,1,29,,1157066,36,,,1,69,,1157065,36,,,1,29,,1157089,36,,,1,70,,1157080,36,,,1,30,,1053263,36,,,1,72,,1071759,36,,,1,30,,1157079,36,,,1,72,,1157075,41,,,1,33,,1049613,21,,,1,3,,1157062,41,,,1,72,,1157054,41,,,1,23,,1157073,21,,,1,10,,1157076,41,,,1,55,,1157063,41,,,1,16,,1157086,41,,,1,9,,1088950,21,,,1,6,,1157093,41,,,1,14,,1102202,41,,,1,54,,1068951,41,,,1,14,,1157092,41,,,1,11,,1157064,41,,,1,16,,1157081,41,,,1,13,,1157078,41,,,1,54,,1157094,41,,,1,13,,1157082,41,,,1,16,,1157084,41,,,1,16,,1157061,41,,,1,69,,1157059,41,,,1,30,,1157060,41,,,1,70,,1157057,41,,,1,26,,1157077,41,,,1,70,,1157083,41,,,1,30,,1081119,41,,,1,69,,1084556,41,,,1,27,,1157072,41,,,1,80,,1157096,21,,,1
6301,'7',734,,1157109,36,,,1,77,,1157118,36,,,1,30,,1157119,36,,,1,70,,1157130,36,,,1,30,,1157111,36,,,1,70,,1157103,36,,,1,32,,1157116,36,,,1,71,,1157117,36,,,1,30,,1157107,36,,,1,70,,1157106,36,,,1,30,,1157125,36,,,1,70,,1157115,36,,,1,30,,1157112,36,,,1,70,,1157128,36,,,1,30,,1157098,36,,,1,70,,1157127,36,,,1,30,,1157113,36,,,1,70,,1157110,36,,,1,30,,1157108,36,,,1,70,,1157102,36,,,1,30,,1157101,36,,,1,70,,1157104,36,,,1,30,,1157105,36,,,1,70,,1157123,36,,,1,29,,1157100,36,,,1,70,,1157124,36,,,1,29,,1157122,36,,,1,70,,1157129,36,,,1,30,,1157120,36,,,1,70,,1157121,36,,,1,30,,1157114,36,,,1,70,,1157126,36,,,1,30,,1157097,36,,,1,70,,1157099,36,,,1
6301,'8',541,,1157140,36,,,1,73,,1157168,36,,,1,15,,1157174,36,,,1,13,,1157152,36,,,1,15,,1157149,36,,,1,54,,1157180,36,,,1,12,,1157156,36,,,1,15,,1157132,36,,,1,14,,1157153,36,,,1,57,,1157133,36,,,1,15,,1157150,36,,,1,14,,1157139,36,,,1,15,,1157175,36,,,1,55,,1157182,36,,,1,29,,1157151,36,,,1,70,,1157137,36,,,1,29,,1157172,36,,,1,70,,1157171,36,,,1,29,,1157148,36,,,1,69,,1157147,36,,,1,29,,1157173,36,,,1,70,,1157163,36,,,1,30,,1157161,36,,,1,72,,1157134,36,,,1,30,,1157162,36,,,1,72,,1157157,41,,,1,33,,1157178,21,,,1,3,,1157144,41,,,1,72,,1157131,41,,,1,23,,1157155,21,,,1,10,,1157158,41,,,1,55,,1157145,41,,,1,16,,1157169,41,,,1,9,,1157135,21,,,1,6,,1157177,41,,,1,14,,1157170,41,,,1,54,,1157181,41,,,1,14,,1157176,41,,,1,11,,1157146,41,,,1,16,,1157164,41,,,1,13,,1157160,41,,,1,54,,1157179,41,,,1,13,,1157165,41,,,1,16,,1157167,41,,,1,16,,1157143,41,,,1,69,,1157141,41,,,1,30,,1157142,41,,,1,70,,1157138,41,,,1,26,,1157159,41,,,1,70,,1157166,41,,,1,30,,1157136,41,,,1,69,,1157183,41,,,1,27,,1157154,41,,,1,80,,1157184,21,,,1
6301,'9',541,,1157208,36,,,1,73,,1157227,36,,,1,15,,1085421,36,,,1,13,,1038706,36,,,1,15,,1157203,36,,,1,54,,1157224,36,,,1,12,,1157210,36,,,1,15,,1157194,36,,,1,14,,1157229,36,,,1,57,,1157205,36,,,1,15,,1157188,36,,,1,14,,1157197,36,,,1,15,,1157189,36,,,1,55,,1157193,36,,,1,29,,1157207,36,,,1,70,,1157225,36,,,1,29,,1157221,36,,,1,70,,1157215,36,,,1,29,,1076863,36,,,1,69,,1093170,36,,,1,29,,1157200,36,,,1,70,,1157211,36,,,1,30,,1157226,36,,,1,72,,1080639,36,,,1,30,,1157212,36,,,1,72,,1052885,41,,,1,33,,1157206,21,,,1,3,,1157199,41,,,1,72,,1157216,41,,,1,23,,1157228,21,,,1,10,,1157218,41,,,1,55,,1157190,41,,,1,16,,1157202,41,,,1,9,,1157219,21,,,1,6,,1157192,41,,,1,14,,1157195,41,,,1,54,,1157214,41,,,1,14,,1157209,41,,,1,11,,1157222,41,,,1,16,,1076511,41,,,1,13,,948450,41,,,1,54,,1157198,41,,,1,13,,1157220,41,,,1,16,,1157223,41,,,1,16,,1157191,41,,,1,69,,1157187,41,,,1,30,,1050889,41,,,1,70,,1157201,41,,,1,26,,1157196,41,,,1,70,,1157185,41,,,1,30,,1157217,41,,,1,69,,1157186,41,,,1,27,,1157204,41,,,1,80,,1157213,21,,,1
11000,'1',516,,1184691,27,,,1,29,,1184701,27,,,1,104,,1184703,52,,,1,64,,1079567,52,,,1,32,,1063111,52,,,1,70,,1095224,52,,,1,31,,1184689,52,,,1,70,,1184694,52,,,1,30,,1184700,52,,,1,63,,1184709,52,,,1,30,,1184705,52,,,1,70,,1184704,52,,,1,29,,1184712,52,,,1,70,,1184710,52,,,1,29,,1184708,52,,,1,70,,1184707,52,,,1,30,,1184692,52,,,1,70,,1184711,52,,,1,29,,1184693,52,,,1,104,,1033798,52,,,1,73,,1184695,52,,,1,31,,1184690,52,,,1,69,,1184714,52,,,1,34,,1184696,52,,,1,68,,1184706,52,,,1,30,,1184699,52,,,1,68,,1015941,52,,,1,24,,1184702,52,,,1,70,,1184698,52,,,1,30,,1184697,52,,,1,69,,1184713,52,,,1
11000,'10',516,,1184717,27,,,1,29,,1184727,27,,,1,104,,1184729,52,,,1,64,,1079375,52,,,1,32,,1062769,52,,,1,70,,1094978,52,,,1,31,,1184715,52,,,1,70,,1184720,52,,,1,30,,1184726,52,,,1,63,,1184735,52,,,1,30,,1184731,52,,,1,70,,1184730,52,,,1,29,,1184738,52,,,1,70,,1184736,52,,,1,29,,1184734,52,,,1,70,,1184733,52,,,1,30,,1184718,52,,,1,70,,1184737,52,,,1,29,,1184719,52,,,1,104,,1033917,52,,,1,73,,1184721,52,,,1,31,,1184716,52,,,1,69,,1184740,52,,,1,34,,1184722,52,,,1,68,,1184732,52,,,1,30,,1184725,52,,,1,68,,1016141,52,,,1,24,,1184728,52,,,1,70,,1184724,52,,,1,30,,1184723,52,,,1,69,,1184739,52,,,1
11000,'11',516,,1184743,27,,,1,29,,1184753,27,,,1,104,,1184755,52,,,1,64,,1079626,52,,,1,32,,1063212,52,,,1,70,,1095298,52,,,1,31,,1184741,52,,,1,70,,1184746,52,,,1,30,,1184752,52,,,1,63,,1184761,52,,,1,30,,1184757,52,,,1,70,,1184756,52,,,1,29,,1184764,52,,,1,70,,1184762,52,,,1,29,,1184760,52,,,1,70,,1184759,52,,,1,30,,1184744,52,,,1,70,,1184763,52,,,1,29,,1184745,52,,,1,104,,1033763,52,,,1,73,,1184747,52,,,1,31,,1184742,52,,,1,69,,1184766,52,,,1,34,,1184748,52,,,1,68,,1184758,52,,,1,30,,1184751,52,,,1,68,,1015881,52,,,1,24,,1184754,52,,,1,70,,1184750,52,,,1,30,,1184749,52,,,1,69,,1184765,52,,,1
11000,'12',516,,1184768,27,,,1,29,,1184785,27,,,1,104,,1184775,52,,,1,64,,1184788,52,,,1,32,,1184773,52,,,1,70,,1184774,52,,,1,31,,1052952,52,,,1,70,,1184778,52,,,1,30,,1184770,52,,,1,63,,1184772,52,,,1,30,,1184777,52,,,1,70,,1184789,52,,,1,29,,1184782,52,,,1,70,,1184779,52,,,1,29,,1184786,52,,,1,70,,1184769,52,,,1,30,,1184781,52,,,1,70,,1184783,52,,,1,29,,1091192,52,,,1,104,,1090194,52,,,1,73,,1184787,52,,,1,31,,1184767,52,,,1,69,,1184790,52,,,1,34,,1067310,52,,,1,68,,1184784,52,,,1,30,,1184792,52,,,1,68,,1184771,52,,,1,24,,1184791,52,,,1,70,,1184793,52,,,1,30,,1184780,52,,,1,69,,1184776,52,,,1
11000,'13',506,,1184799,27,,,1,30,,1184797,27,,,1,170,,1184796,52,,,1,30,,1184798,52,,,1,1071,,1184795,52,,,1,30,,1184794,52,,,1
11000,'14',516,,1184803,27,,,1,29,,1184816,27,,,1,104,,1184818,52,,,1,64,,1184808,52,,,1,32,,1184807,52,,,1,70,,1184828,52,,,1,31,,1184801,52,,,1,70,,1184809,52,,,1,30,,1184815,52,,,1,63,,1184824,52,,,1,30,,1184820,52,,,1,70,,1184819,52,,,1,29,,1184827,52,,,1,70,,1184825,52,,,1,29,,1184823,52,,,1,70,,1184822,52,,,1,30,,1184804,52,,,1,70,,1184826,52,,,1,29,,1184805,52,,,1,104,,1184806,52,,,1,73,,1184810,52,,,1,31,,1184802,52,,,1,69,,1184830,52,,,1,34,,1184811,52,,,1,68,,1184821,52,,,1,30,,1184814,52,,,1,68,,1184800,52,,,1,24,,1184817,52,,,1,70,,1184813,52,,,1,30,,1184812,52,,,1,69,,1184829,52,,,1
11000,'15',516,,1184859,27,,,1,29,,1184850,27,,,1,104,,1184861,52,,,1,64,,1184839,52,,,1,32,,1184849,52,,,1,70,,1184844,52,,,1,31,,1184832,52,,,1,70,,1184836,52,,,1,30,,1184845,52,,,1,63,,1184851,52,,,1,30,,1184846,52,,,1,70,,1184831,52,,,1,29,,1184852,52,,,1,70,,1184843,52,,,1,29,,1184848,52,,,1,70,,1184841,52,,,1,30,,1184860,52,,,1,70,,1184858,52,,,1,29,,1184847,52,,,1,104,,1184833,52,,,1,73,,1184838,52,,,1,31,,1184842,52,,,1,69,,1184835,52,,,1,34,,1184856,52,,,1,68,,1184834,52,,,1,30,,1184854,52,,,1,68,,1184853,52,,,1,24,,1184840,52,,,1,70,,1184837,52,,,1,30,,1184857,52,,,1,69,,1184855,52,,,1
11000,'16',516,,1078740,27,,,1,29,,1184880,27,,,1,104,,1184870,52,,,1,64,,1184883,52,,,1,32,,1184868,52,,,1,70,,1184869,52,,,1,31,,1184887,52,,,1,70,,1184873,52,,,1,30,,1184865,52,,,1,63,,1184867,52,,,1,30,,1184872,52,,,1,70,,1184884,52,,,1,29,,1184877,52,,,1,70,,1184874,52,,,1,29,,1184881,52,,,1,70,,1004622,52,,,1,30,,1184876,52,,,1,70,,1184878,52,,,1,29,,1184862,52,,,1,104,,1184863,52,,,1,73,,1184882,52,,,1,31,,1072638,52,,,1,69,,1085050,52,,,1,34,,1184864,52,,,1,68,,1184879,52,,,1,30,,1184886,52,,,1,68,,1184866,52,,,1,24,,1184885,52,,,1,70,,1072374,52,,,1,30,,1184875,52,,,1,69,,1184871,52,,,1
11000,'17',506,,1184893,27,,,1,30,,1184891,27,,,1,170,,1184890,52,,,1,30,,1184892,52,,,1,1071,,1184889,52,,,1,30,,1184888,52,,,1
11000,'2',505,,1184895,27,,,1,30,,1184896,27,,,1,170,,1184898,52,,,1,30,,1184894,52,,,1,1071,,1184897,52,,,1,30,,1184899,52,,,1
11000,'3',506,,1184905,27,,,1,30,,1184903,27,,,1,170,,1184902,52,,,1,30,,1184904,52,,,1,1071,,1184901,52,,,1,30,,1184900,52,,,1
11000,'4',506,,1184908,27,,,1,30,,1184906,27,,,1,170,,1184911,52,,,1,30,,1184907,52,,,1,1071,,1184909,52,,,1,30,,1184910,52,,,1
11000,'5',516,,1184914,27,,,1,29,,1184924,27,,,1,104,,1184926,52,,,1,64,,1079533,52,,,1,32,,1063057,52,,,1,70,,1095176,52,,,1,31,,1184912,52,,,1,70,,1184917,52,,,1,30,,1184923,52,,,1,63,,1184932,52,,,1,30,,1184928,52,,,1,70,,1184927,52,,,1,29,,1184935,52,,,1,70,,1184933,52,,,1,29,,1184931,52,,,1,70,,1184930,52,,,1,30,,1184915,52,,,1,70,,1184934,52,,,1,29,,1184916,52,,,1,104,,1033598,52,,,1,73,,1184918,52,,,1,31,,1184913,52,,,1,69,,1184937,52,,,1,34,,1184919,52,,,1,68,,1184929,52,,,1,30,,1184922,52,,,1,68,,1015575,52,,,1,24,,1184925,52,,,1,70,,1184921,52,,,1,30,,1184920,52,,,1,69,,1184936,52,,,1
11000,'6',516,,1184941,27,,,1,29,,1184958,27,,,1,104,,1184949,52,,,1,64,,1184961,52,,,1,32,,1184947,52,,,1,70,,1184948,52,,,1,31,,1184966,52,,,1,70,,1184951,52,,,1,30,,1184944,52,,,1,63,,1184946,52,,,1,30,,1184950,52,,,1,70,,1184962,52,,,1,29,,1184955,52,,,1,70,,1184952,52,,,1,29,,1184959,52,,,1,70,,1184943,52,,,1,30,,1184954,52,,,1,70,,1184956,52,,,1,29,,1184938,52,,,1,104,,1184939,52,,,1,73,,1184960,52,,,1,31,,1184940,52,,,1,69,,1184963,52,,,1,34,,1184942,52,,,1,68,,1184957,52,,,1,30,,1184965,52,,,1,68,,1184945,52,,,1,24,,1184964,52,,,1,70,,1184967,52,,,1,30,,1184953,52,,,1,69,,1096882,52,,,1
11000,'7',505,,1184971,27,,,1,30,,1184969,27,,,1,170,,1184972,52,,,1,30,,1184973,52,,,1,1071,,1184968,52,,,1,30,,1184970,52,,,1
11000,'8',516,,1184977,27,,,1,29,,1184995,27,,,1,104,,1184985,52,,,1,64,,1184998,52,,,1,32,,1184983,52,,,1,70,,1184984,52,,,1,31,,1185003,52,,,1,70,,1184988,52,,,1,30,,1184980,52,,,1,63,,1184982,52,,,1,30,,1184987,52,,,1,70,,1184999,52,,,1,29,,1184992,52,,,1,70,,1184989,52,,,1,29,,1184996,52,,,1,70,,1184979,52,,,1,30,,1184991,52,,,1,70,,1184993,52,,,1,29,,1184974,52,,,1,104,,1184975,52,,,1,73,,1184997,52,,,1,31,,1184976,52,,,1,69,,1185000,52,,,1,34,,1184978,52,,,1,68,,1184994,52,,,1,30,,1185002,52,,,1,68,,1184981,52,,,1,24,,1185001,52,,,1,70,,1185004,52,,,1,30,,1184990,52,,,1,69,,1184986,52,,,1
11000,'9',516,,1185007,27,,,1,29,,1185017,27,,,1,104,,1185019,52,,,1,64,,1079434,52,,,1,32,,1062881,52,,,1,70,,1095052,52,,,1,31,,1185005,52,,,1,70,,1185010,52,,,1,30,,1185016,52,,,1,63,,1185025,52,,,1,30,,1185021,52,,,1,70,,1185020,52,,,1,29,,1185028,52,,,1,70,,1185026,52,,,1,29,,1185024,52,,,1,70,,1185023,52,,,1,30,,1185008,52,,,1,70,,1185027,52,,,1,29,,1185009,52,,,1,104,,1033833,52,,,1,73,,1185011,52,,,1,31,,1185006,52,,,1,69,,1185030,52,,,1,34,,1185012,52,,,1,68,,1185022,52,,,1,30,,1185015,52,,,1,68,,1016001,52,,,1,24,,1185018,52,,,1,70,,1185014,52,,,1,30,,1185013,52,,,1,69,,1185029,52,,,1
11001,'1',546,,1185035,43,0,35,1,75,,1185058,43,0,35,1,30,,1185047,43,0,35,1,70,,1185051,43,0,35,1,30,,1185040,43,0,35,1,72,,1185053,43,0,35,1,31,,1185044,43,0,35,1,70,,1185039,43,0,35,1,26,,1185056,43,0,35,1,66,,1185061,43,0,35,1,30,,1063087,43,0,35,1,74,,1185048,43,0,35,1,30,,1185037,43,0,35,1,70,,1185059,43,0,35,1,28,,1185054,43,0,35,1,70,,1185049,43,0,35,1,31,,1185034,43,0,35,1,70,,1036958,43,0,35,1,30,,1185033,43,0,35,1,70,,1185052,43,0,35,1,37,,1185031,43,0,35,1,73,,1185046,43,0,35,1,73,,1185060,43,0,35,1,25,,1185041,43,0,35,1,30,,1185050,43,0,35,1,69,,1185057,43,0,35,1,27,,1185042,43,0,35,1,67,,1185043,43,0,35,1,23,,1185036,43,0,35,1,70,,1185055,43,0,35,1,30,,1185045,43,0,35,1
11001,'10',546,,1185066,43,0,35,1,75,,1185089,43,0,35,1,30,,1185078,43,0,35,1,70,,1185082,43,0,35,1,30,,1185071,43,0,35,1,72,,1185084,43,0,35,1,31,,1185075,43,0,35,1,70,,1185070,43,0,35,1,26,,1185087,43,0,35,1,66,,1185092,43,0,35,1,30,,1062745,43,0,35,1,74,,1185079,43,0,35,1,30,,1185068,43,0,35,1,70,,1185090,43,0,35,1,28,,1185085,43,0,35,1,70,,1185080,43,0,35,1,31,,1185065,43,0,35,1,70,,1037188,43,0,35,1,30,,1185064,43,0,35,1,70,,1185083,43,0,35,1,37,,1185062,43,0,35,1,73,,1185077,43,0,35,1,73,,1185091,43,0,35,1,25,,1185072,43,0,35,1,30,,1185081,43,0,35,1,69,,1185088,43,0,35,1,27,,1185073,43,0,35,1,67,,1185074,43,0,35,1,23,,1185067,43,0,35,1,70,,1185086,43,0,35,1,30,,1185076,43,0,35,1
11001,'11',546,,1185097,43,0,35,1,75,,1185120,43,0,35,1,30,,1185109,43,0,35,1,70,,1185113,43,0,35,1,30,,1185102,43,0,35,1,72,,1185115,43,0,35,1,31,,1185106,43,0,35,1,70,,1185101,43,0,35,1,26,,1185118,43,0,35,1,66,,1185123,43,0,35,1,30,,1063188,43,0,35,1,74,,1185110,43,0,35,1,30,,1185099,43,0,35,1,70,,1185121,43,0,35,1,28,,1185116,43,0,35,1,70,,1185111,43,0,35,1,31,,1185096,43,0,35,1,70,,1036891,43,0,35,1,30,,1185095,43,0,35,1,70,,1185114,43,0,35,1,37,,1185093,43,0,35,1,73,,1185108,43,0,35,1,73,,1185122,43,0,35,1,25,,1185103,43,0,35,1,30,,1185112,43,0,35,1,69,,1185119,43,0,35,1,27,,1185104,43,0,35,1,67,,1185105,43,0,35,1,23,,1185098,43,0,35,1,70,,1185117,43,0,35,1,30,,1185107,43,0,35,1
11001,'12',546,,936978,43,0,35,1,75,,1185127,43,0,35,1,30,,1185128,43,0,35,1,70,,1185125,43,0,35,1,30,,1185153,43,0,35,1,72,,1185143,43,0,35,1,31,,1185134,43,0,35,1,70,,1185150,43,0,35,1,26,,1185145,43,0,35,1,66,,1185137,43,0,35,1,30,,1185140,43,0,35,1,74,,1185147,43,0,35,1,30,,1185146,43,0,35,1,70,,1100693,43,0,35,1,28,,1185136,43,0,35,1,70,,1185152,43,0,35,1,31,,1185149,43,0,35,1,70,,1185135,43,0,35,1,30,,1185126,43,0,35,1,70,,1185131,43,0,35,1,37,,1185133,43,0,35,1,73,,1185132,43,0,35,1,73,,1185141,43,0,35,1,25,,1185129,43,0,35,1,30,,1185144,43,0,35,1,69,,1185142,43,0,35,1,27,,1185124,43,0,35,1,67,,1185138,43,0,35,1,23,,1185130,43,0,35,1,70,,1185139,43,0,35,1,30,,1094066,43,0,35,1
11001,'13',621,,1185158,44,0,35,1,30,,1185156,44,0,35,1,1070,,1185155,44,0,35,1,30,,1185159,44,0,35,1
11001,'14',546,,1185166,43,0,35,1,75,,1185189,43,0,35,1,30,,1185178,43,0,35,1,70,,1185182,43,0,35,1,30,,1185171,43,0,35,1,72,,1185184,43,0,35,1,31,,1185175,43,0,35,1,70,,1185170,43,0,35,1,26,,1185187,43,0,35,1,66,,1185192,43,0,35,1,30,,1185160,43,0,35,1,74,,1185179,43,0,35,1,30,,1185168,43,0,35,1,70,,1185190,43,0,35,1,28,,1185185,43,0,35,1,70,,1185180,43,0,35,1,31,,1185164,43,0,35,1,70,,1185165,43,0,35,1,30,,1185163,43,0,35,1,70,,1185183,43,0,35,1,37,,1185161,43,0,35,1,73,,1185177,43,0,35,1,73,,1185191,43,0,35,1,25,,1185172,43,0,35,1,30,,1185181,43,0,35,1,69,,1185188,43,0,35,1,27,,1185173,43,0,35,1,67,,1185174,43,0,35,1,23,,1185167,43,0,35,1,70,,1185186,43,0,35,1,30,,1185176,43,0,35,1
11001,'15',546,,1185218,43,0,35,1,75,,1185225,43,0,35,1,30,,1185207,43,0,35,1,70,,1185195,43,0,35,1,30,,1185200,43,0,35,1,72,,1185209,43,0,35,1,31,,1185194,43,0,35,1,70,,1185196,43,0,35,1,26,,1185212,43,0,35,1,66,,1185199,43,0,35,1,30,,1185205,43,0,35,1,74,,1185223,43,0,35,1,30,,1185215,43,0,35,1,70,,1185214,43,0,35,1,28,,1185211,43,0,35,1,70,,1185201,43,0,35,1,31,,1185197,43,0,35,1,70,,1185202,43,0,35,1,30,,1185217,43,0,35,1,70,,1185224,43,0,35,1,37,,1185204,43,0,35,1,73,,1185210,43,0,35,1,73,,1185216,43,0,35,1,25,,1185206,43,0,35,1,30,,1185213,43,0,35,1,69,,1185219,43,0,35,1,27,,1185193,43,0,35,1,67,,1185222,43,0,35,1,23,,1185220,43,0,35,1,70,,1185198,43,0,35,1,30,,1185221,43,0,35,1
11001,'16',546,,1185256,43,0,35,1,75,,1083917,43,0,35,1,30,,1185231,43,0,35,1,70,,1185228,43,0,35,1,30,,894323,43,0,35,1,72,,1185246,43,0,35,1,31,,1185237,43,0,35,1,70,,1185253,43,0,35,1,26,,1185248,43,0,35,1,66,,1185240,43,0,35,1,30,,1185243,43,0,35,1,74,,1185250,43,0,35,1,30,,1185249,43,0,35,1,70,,1185230,43,0,35,1,28,,1185239,43,0,35,1,70,,1185255,43,0,35,1,31,,1185252,43,0,35,1,70,,1185238,43,0,35,1,30,,1185229,43,0,35,1,70,,1185234,43,0,35,1,37,,1185236,43,0,35,1,73,,1185235,43,0,35,1,73,,1185244,43,0,35,1,25,,1185232,43,0,35,1,30,,1185247,43,0,35,1,69,,1185245,43,0,35,1,27,,1185227,43,0,35,1,67,,1185241,43,0,35,1,23,,1185233,43,0,35,1,70,,1185242,43,0,35,1,30,,1185226,43,0,35,1
11001,'17',621,,1185261,44,0,35,1,30,,1185259,44,0,35,1,1070,,1185258,44,0,35,1,30,,1185262,44,0,35,1
11001,'2',621,,1185265,44,0,35,1,30,,1185268,44,0,35,1,1070,,1185266,44,0,35,1,30,,1185267,44,0,35,1
11001,'3',621,,1185273,44,0,35,1,30,,1185271,44,0,35,1,1070,,1185270,44,0,35,1,30,,1185274,44,0,35,1
11001,'4',621,,1185277,44,0,35,1,30,,1185279,44,0,35,1,1070,,1185278,44,0,35,1,30,,1185275,44,0,35,1
11001,'5',546,,1185285,43,0,35,1,75,,1185308,43,0,35,1,30,,1185297,43,0,35,1,70,,1185301,43,0,35,1,30,,1185290,43,0,35,1,72,,1185303,43,0,35,1,31,,1185294,43,0,35,1,70,,1185289,43,0,35,1,26,,1185306,43,0,35,1,66,,1185311,43,0,35,1,30,,1063033,43,0,35,1,74,,1185298,43,0,35,1,30,,1185287,43,0,35,1,70,,1185309,43,0,35,1,28,,1185304,43,0,35,1,70,,1185299,43,0,35,1,31,,1185284,43,0,35,1,70,,1036543,43,0,35,1,30,,1185283,43,0,35,1,70,,1185302,43,0,35,1,37,,1185281,43,0,35,1,73,,1185296,43,0,35,1,73,,1185310,43,0,35,1,25,,1185291,43,0,35,1,30,,1185300,43,0,35,1,69,,1185307,43,0,35,1,27,,1185292,43,0,35,1,67,,1185293,43,0,35,1,23,,1185286,43,0,35,1,70,,1185305,43,0,35,1,30,,1185295,43,0,35,1
11001,'6',546,,1185333,43,0,35,1,75,,1185314,43,0,35,1,30,,1086771,43,0,35,1,70,,1043192,43,0,35,1,30,,1185334,43,0,35,1,72,,1185325,43,0,35,1,31,,1185318,43,0,35,1,70,,1080836,43,0,35,1,26,,1185327,43,0,35,1,66,,1185320,43,0,35,1,30,,1185323,43,0,35,1,74,,1185329,43,0,35,1,30,,1185328,43,0,35,1,70,,1185313,43,0,35,1,28,,1060066,43,0,35,1,70,,1070393,43,0,35,1,31,,1185331,43,0,35,1,70,,1185319,43,0,35,1,30,,947726,43,0,35,1,70,,1185315,43,0,35,1,37,,1185317,43,0,35,1,73,,1185316,43,0,35,1,73,,1101477,43,0,35,1,25,,1102787,43,0,35,1,30,,1185326,43,0,35,1,69,,1185324,43,0,35,1,27,,1026581,43,0,35,1,67,,1185321,43,0,35,1,23,,1085083,43,0,35,1,70,,1185322,43,0,35,1,30,,1185312,43,0,35,1
11001,'7',621,,1185339,44,0,35,1,30,,1185336,44,0,35,1,1070,,1185335,44,0,35,1,30,,1185338,44,0,35,1
11001,'8',546,,1185372,43,0,35,1,75,,1185346,43,0,35,1,30,,1185347,43,0,35,1,70,,1185343,43,0,35,1,30,,1185373,43,0,35,1,72,,1185362,43,0,35,1,31,,1185353,43,0,35,1,70,,1185369,43,0,35,1,26,,1185364,43,0,35,1,66,,1185356,43,0,35,1,30,,1185359,43,0,35,1,74,,1185366,43,0,35,1,30,,1185365,43,0,35,1,70,,1185345,43,0,35,1,28,,1185355,43,0,35,1,70,,1185371,43,0,35,1,31,,1185368,43,0,35,1,70,,1185354,43,0,35,1,30,,1185344,43,0,35,1,70,,1185350,43,0,35,1,37,,1185352,43,0,35,1,73,,1185351,43,0,35,1,73,,1185360,43,0,35,1,25,,1185348,43,0,35,1,30,,1185363,43,0,35,1,69,,1185361,43,0,35,1,27,,1185342,43,0,35,1,67,,1185357,43,0,35,1,23,,1185349,43,0,35,1,70,,1185358,43,0,35,1,30,,1185341,43,0,35,1
11001,'9',546,,1185378,43,0,35,1,75,,1185401,43,0,35,1,30,,1185390,43,0,35,1,70,,1185394,43,0,35,1,30,,1185383,43,0,35,1,72,,1185396,43,0,35,1,31,,1185387,43,0,35,1,70,,1185382,43,0,35,1,26,,1185399,43,0,35,1,66,,1185404,43,0,35,1,30,,1062857,43,0,35,1,74,,1185391,43,0,35,1,30,,1185380,43,0,35,1,70,,1185402,43,0,35,1,28,,1185397,43,0,35,1,70,,1185392,43,0,35,1,31,,1185377,43,0,35,1,70,,1037025,43,0,35,1,30,,1185376,43,0,35,1,70,,1185395,43,0,35,1,37,,1185374,43,0,35,1,73,,1185389,43,0,35,1,73,,1185403,43,0,35,1,25,,1185384,43,0,35,1,30,,1185393,43,0,35,1,69,,1185400,43,0,35,1,27,,1185385,43,0,35,1,67,,1185386,43,0,35,1,23,,1185379,43,0,35,1,70,,1185398,43,0,35,1,30,,1185388,43,0,35,1
16100,'1',547,,1189841,32,0,44,1,75,,1189846,32,0,44,1,15,,1189852,32,0,44,1,70,,1189847,32,0,44,1,30,,1189848,32,0,44,1,70,,941636,32,0,44,1,31,,1189831,32,0,44,1,69,,1189829,32,0,44,1,28,,1189826,32,0,44,1,70,,1189827,32,0,44,1,30,,1189833,32,0,44,1,70,,1189834,32,0,44,1,30,,1189849,32,0,44,1,70,,1189840,32,0,44,1,30,,1189830,32,0,44,1,70,,1050835,32,0,44,1,30,,1189837,32,0,44,1,70,,1189851,32,0,44,1,30,,1005998,32,0,44,1,70,,1189843,32,0,44,1,33,,1189850,32,0,44,1,72,,1189844,32,,,1,28,,1069825,32,,,1,70,,1063611,32,,,1,30,,1189836,32,,,1,70,,1189845,32,,,1,26,,1189832,32,,,1,70,,1189835,32,,,1,30,,1036010,32,0,44,1,70,,1007270,32,0,44,1,28,,1189839,32,0,44,1,70,,1189853,32,0,44,1,30,,1189828,32,0,44,1,70,,1098875,32,0,44,1,100,,1069814,32,0,44,1
16100,'10',547,,1189869,32,0,44,1,75,,1189874,32,0,44,1,15,,1189880,32,0,44,1,70,,1189875,32,0,44,1,30,,1189876,32,0,44,1,70,,941363,32,0,44,1,31,,1189859,32,0,44,1,69,,1189857,32,0,44,1,28,,1189854,32,0,44,1,70,,1189855,32,0,44,1,30,,1189861,32,0,44,1,70,,1189862,32,0,44,1,30,,1189877,32,0,44,1,70,,1189868,32,0,44,1,30,,1189858,32,0,44,1,70,,1051011,32,0,44,1,30,,1189865,32,0,44,1,70,,1189879,32,0,44,1,30,,1006095,32,0,44,1,70,,1189871,32,0,44,1,33,,1189878,32,0,44,1,72,,1189872,32,,,1,28,,1069680,32,,,1,70,,1063307,32,,,1,30,,1189864,32,,,1,70,,1189873,32,,,1,26,,1189860,32,,,1,70,,1189863,32,,,1,30,,1036228,32,0,44,1,70,,1007279,32,0,44,1,28,,1189867,32,0,44,1,70,,1189881,32,0,44,1,30,,1189856,32,0,44,1,70,,1098784,32,0,44,1,100,,1069669,32,0,44,1
16100,'11',547,,1189897,32,0,44,1,75,,1189902,32,0,44,1,15,,1189908,32,0,44,1,70,,1189903,32,0,44,1,30,,1189904,32,0,44,1,70,,941586,32,0,44,1,31,,1189887,32,0,44,1,69,,1189885,32,0,44,1,28,,1189882,32,0,44,1,70,,1189883,32,0,44,1,30,,1189889,32,0,44,1,70,,1189890,32,0,44,1,30,,1189905,32,0,44,1,70,,1189896,32,0,44,1,30,,1189886,32,0,44,1,70,,1050783,32,0,44,1,30,,1189893,32,0,44,1,70,,1189907,32,0,44,1,30,,1005968,32,0,44,1,70,,1189899,32,0,44,1,33,,1189906,32,0,44,1,72,,1189900,32,,,1,28,,1069869,32,,,1,70,,1063703,32,,,1,30,,1189892,32,,,1,70,,1189901,32,,,1,26,,1189888,32,,,1,70,,1189891,32,,,1,30,,1035947,32,0,44,1,70,,1007267,32,0,44,1,28,,1189895,32,0,44,1,70,,1189909,32,0,44,1,30,,1189884,32,0,44,1,70,,1098903,32,0,44,1,100,,1069858,32,0,44,1
16100,'12',547,,1189916,32,0,44,1,75,,1091851,32,0,44,1,15,,1189911,32,0,44,1,70,,1097767,32,0,44,1,30,,1189914,32,0,44,1,70,,1189936,32,0,44,1,31,,1189931,32,0,44,1,69,,1189910,32,0,44,1,28,,1189928,32,0,44,1,70,,1189923,32,0,44,1,30,,1189940,32,0,44,1,70,,1189915,32,0,44,1,30,,1189933,32,0,44,1,70,,1189932,32,0,44,1,30,,1081296,32,0,44,1,70,,975741,32,0,44,1,30,,1189913,32,0,44,1,70,,1189922,32,0,44,1,30,,983286,32,0,44,1,70,,1096374,32,0,44,1,33,,1189938,32,0,44,1,72,,1189934,32,,,1,28,,1189930,32,,,1,70,,1189924,32,,,1,30,,1189920,32,,,1,70,,1189925,32,,,1,26,,1189917,32,,,1,70,,1189919,32,,,1,30,,1189929,32,0,44,1,70,,1189918,32,0,44,1,28,,1189937,32,0,44,1,70,,1189912,32,0,44,1,30,,1189927,32,0,44,1,70,,1189935,32,0,44,1,100,,1189921,32,0,44,1
16100,'13',728,,1189944,32,0,44,1,100,,1189947,32,0,44,1,100,,1085156,32,0,44,1,100,,1069259,32,0,44,1,100,,1189943,32,0,44,1,102,,1189948,32,0,44,1,100,,1189941,32,0,44,1,100,,1189953,32,0,44,1,100,,1189951,32,0,44,1,100,,1189955,32,0,44,1,100,,1189949,32,0,44,1,98,,1189945,32,0,44,1,100,,1189946,32,0,44,1,100,,1189942,32,0,44,1,100,,1189952,32,0,44,1,100,,1189954,32,0,44,1,100,,1189950,32,0,44,1
16100,'14',547,,1189980,32,0,44,1,75,,1189985,32,0,44,1,15,,1189991,32,0,44,1,70,,1189986,32,0,44,1,30,,1189987,32,0,44,1,70,,1189956,32,0,44,1,31,,1189969,32,0,44,1,69,,1189966,32,0,44,1,28,,1189957,32,0,44,1,70,,1189961,32,0,44,1,30,,1189971,32,0,44,1,70,,1189972,32,0,44,1,30,,1189988,32,0,44,1,70,,1189979,32,0,44,1,30,,1189968,32,0,44,1,70,,1189959,32,0,44,1,30,,1189975,32,0,44,1,70,,1189990,32,0,44,1,30,,1189965,32,0,44,1,70,,1189982,32,0,44,1,33,,1189989,32,0,44,1,72,,1189983,32,,,1,28,,1189976,32,,,1,70,,1189963,32,,,1,30,,1189974,32,,,1,70,,1189984,32,,,1,26,,1189970,32,,,1,70,,1189973,32,,,1,30,,1189964,32,0,44,1,70,,1189960,32,0,44,1,28,,1189978,32,0,44,1,70,,1189992,32,0,44,1,30,,1189962,32,0,44,1,70,,1189967,32,0,44,1,100,,1189958,32,0,44,1
16100,'15',547,,1190017,32,0,44,1,75,,1189994,32,0,44,1,15,,1190022,32,0,44,1,70,,1189993,32,0,44,1,30,,1190011,32,0,44,1,70,,1190016,32,0,44,1,31,,1190023,32,0,44,1,69,,1190010,32,0,44,1,28,,1190003,32,0,44,1,70,,1190018,32,0,44,1,30,,1190012,32,0,44,1,70,,1190025,32,0,44,1,30,,1190019,32,0,44,1,70,,1190027,32,0,44,1,30,,1190007,32,0,44,1,70,,1189997,32,0,44,1,30,,1190005,32,0,44,1,70,,1190014,32,0,44,1,30,,1190001,32,0,44,1,70,,1190026,32,0,44,1,33,,1190029,32,0,44,1,72,,1189995,32,,,1,28,,1190004,32,,,1,70,,1190021,32,,,1,30,,1190020,32,,,1,70,,1190000,32,,,1,26,,1190015,32,,,1,70,,1190009,32,,,1,30,,1190013,32,0,44,1,70,,1190006,32,0,44,1,28,,1189999,32,0,44,1,70,,1189998,32,0,44,1,30,,1190024,32,0,44,1,70,,1190008,32,0,44,1,100,,1189996,32,0,44,1
16100,'16',547,,1190037,32,0,44,1,75,,1190060,32,0,44,1,15,,1086708,32,0,44,1,70,,1190032,32,0,44,1,30,,1190033,32,0,44,1,70,,1190056,32,0,44,1,31,,1190051,32,0,44,1,69,,1089230,32,0,44,1,28,,1190049,32,0,44,1,70,,1190044,32,0,44,1,30,,1022127,32,0,44,1,70,,1013538,32,0,44,1,30,,1190053,32,0,44,1,70,,1190052,32,0,44,1,30,,1190035,32,0,44,1,70,,1190036,32,0,44,1,30,,922163,32,0,44,1,70,,1190043,32,0,44,1,30,,1190030,32,0,44,1,70,,1190034,32,0,44,1,33,,1190058,32,0,44,1,72,,1190054,32,,,1,28,,1190050,32,,,1,70,,1190045,32,,,1,30,,1190041,32,,,1,70,,1190046,32,,,1,26,,1190038,32,,,1,70,,1190040,32,,,1,30,,1078754,32,0,44,1,70,,1190039,32,0,44,1,28,,1190057,32,0,44,1,70,,1190031,32,0,44,1,30,,1190048,32,0,44,1,70,,1190055,32,0,44,1,100,,1190042,32,0,44,1
16100,'17',728,,1190066,32,0,44,1,100,,1190069,32,0,44,1,100,,1190061,32,0,44,1,100,,1190064,32,0,44,1,100,,1190065,32,0,44,1,102,,1190070,32,0,44,1,100,,1190062,32,0,44,1,100,,1190075,32,0,44,1,100,,1190073,32,0,44,1,100,,1190077,32,0,44,1,100,,1190071,32,0,44,1,98,,1190067,32,0,44,1,100,,1190068,32,0,44,1,100,,1190063,32,0,44,1,100,,1190074,32,0,44,1,100,,1190076,32,0,44,1,100,,1190072,32,0,44,1
16100,'2',723,,1190084,32,0,44,1,100,,1190085,32,0,44,1,100,,1190088,32,0,44,1,100,,1190082,32,0,44,1,100,,1190089,32,0,44,1,102,,1190081,32,0,44,1,100,,1190091,32,0,44,1,100,,1190086,32,0,44,1,100,,1190083,32,0,44,1,100,,1094709,32,0,44,1,100,,1190078,32,0,44,1,98,,1190079,32,0,44,1,100,,1098264,32,0,44,1,100,,1190087,32,0,44,1,100,,1190080,32,0,44,1,100,,1190090,32,0,44,1
16100,'3',728,,1190097,32,0,44,1,100,,1190100,32,0,44,1,100,,1190092,32,0,44,1,100,,1190095,32,0,44,1,100,,1190096,32,0,44,1,102,,1190101,32,0,44,1,100,,1190093,32,0,44,1,100,,1190106,32,0,44,1,100,,1190104,32,0,44,1,100,,1190108,32,0,44,1,100,,1190102,32,0,44,1,98,,1190098,32,0,44,1,100,,1190099,32,0,44,1,100,,1190094,32,0,44,1,100,,1190105,32,0,44,1,100,,1190107,32,0,44,1,100,,1190103,32,0,44,1
16100,'4',728,,1190111,32,0,44,1,100,,1190116,32,0,44,1,100,,1190120,32,0,44,1,100,,1190119,32,0,44,1,100,,1190122,32,0,44,1,102,,1190112,32,0,44,1,100,,1190113,32,0,44,1,100,,1190123,32,0,44,1,100,,1190110,32,0,44,1,100,,1190117,32,0,44,1,100,,1190118,32,0,44,1,98,,1190115,32,0,44,1,100,,1190114,32,0,44,1,100,,1190109,32,0,44,1,100,,1190124,32,0,44,1,100,,1070852,32,0,44,1,100,,1190121,32,0,44,1
16100,'5',547,,1190140,32,0,44,1,75,,1190145,32,0,44,1,15,,1190151,32,0,44,1,70,,1190146,32,0,44,1,30,,1190147,32,0,44,1,70,,941788,32,0,44,1,31,,1190130,32,0,44,1,69,,1190128,32,0,44,1,28,,1190125,32,0,44,1,70,,1190126,32,0,44,1,30,,1190132,32,0,44,1,70,,1190133,32,0,44,1,30,,1190148,32,0,44,1,70,,1190139,32,0,44,1,30,,1190129,32,0,44,1,70,,1050546,32,0,44,1,30,,1190136,32,0,44,1,70,,1190150,32,0,44,1,30,,1005827,32,0,44,1,70,,1190142,32,0,44,1,33,,1190149,32,0,44,1,72,,1190143,32,,,1,28,,1069802,32,,,1,70,,1063571,32,,,1,30,,1190135,32,,,1,70,,1190144,32,,,1,26,,1190131,32,,,1,70,,1190134,32,,,1,30,,1035603,32,0,44,1,70,,1007258,32,0,44,1,28,,1190138,32,0,44,1,70,,1190152,32,0,44,1,30,,1190127,32,0,44,1,70,,1098858,32,0,44,1,100,,1069791,32,0,44,1
16100,'6',547,,1190163,32,0,44,1,75,,1190187,32,0,44,1,15,,1190154,32,0,44,1,70,,1190157,32,0,44,1,30,,1190158,32,0,44,1,70,,1190183,32,0,44,1,31,,1190178,32,0,44,1,69,,1190153,32,0,44,1,28,,1190175,32,0,44,1,70,,1190170,32,0,44,1,30,,1190188,32,0,44,1,70,,1190159,32,0,44,1,30,,1190180,32,0,44,1,70,,1190179,32,0,44,1,30,,1190161,32,0,44,1,70,,1190162,32,0,44,1,30,,1190156,32,0,44,1,70,,1190169,32,0,44,1,30,,1190155,32,0,44,1,70,,1190160,32,0,44,1,33,,1190185,32,0,44,1,72,,1190181,32,,,1,28,,1190177,32,,,1,70,,1190171,32,,,1,30,,1190167,32,,,1,70,,1190172,32,,,1,26,,1190164,32,,,1,70,,1190166,32,,,1,30,,1190176,32,0,44,1,70,,1190165,32,0,44,1,28,,1190184,32,0,44,1,70,,1081118,32,0,44,1,30,,1190174,32,0,44,1,70,,1190182,32,0,44,1,100,,1190168,32,0,44,1
16100,'7',723,,1190190,32,0,44,1,100,,1190198,32,0,44,1,100,,1190191,32,0,44,1,100,,1190193,32,0,44,1,100,,1190204,32,0,44,1,102,,1190192,32,0,44,1,100,,1190196,32,0,44,1,100,,1190202,32,0,44,1,100,,1190194,32,0,44,1,100,,1190200,32,0,44,1,100,,1190201,32,0,44,1,98,,1190189,32,0,44,1,100,,1190199,32,0,44,1,100,,1190195,32,0,44,1,100,,1190197,32,0,44,1,100,,1190203,32,0,44,1
16100,'8',547,,1190216,32,0,44,1,75,,1190240,32,0,44,1,15,,1190206,32,0,44,1,70,,1190210,32,0,44,1,30,,1190211,32,0,44,1,70,,1190236,32,0,44,1,31,,1190231,32,0,44,1,69,,1190205,32,0,44,1,28,,1190228,32,0,44,1,70,,1190223,32,0,44,1,30,,1190241,32,0,44,1,70,,1190212,32,0,44,1,30,,1190233,32,0,44,1,70,,1190232,32,0,44,1,30,,1190214,32,0,44,1,70,,1190215,32,0,44,1,30,,1190209,32,0,44,1,70,,1190222,32,0,44,1,30,,1190207,32,0,44,1,70,,1190213,32,0,44,1,33,,1190238,32,0,44,1,72,,1190234,32,,,1,28,,1190230,32,,,1,70,,1190224,32,,,1,30,,1190220,32,,,1,70,,1190225,32,,,1,26,,1190217,32,,,1,70,,1190219,32,,,1,30,,1190229,32,0,44,1,70,,1190218,32,0,44,1,28,,1190237,32,0,44,1,70,,1190208,32,0,44,1,30,,1190227,32,0,44,1,70,,1190235,32,0,44,1,100,,1190221,32,0,44,1
16100,'9',547,,1190257,32,0,44,1,75,,1190262,32,0,44,1,15,,1190268,32,0,44,1,70,,1190263,32,0,44,1,30,,1190264,32,0,44,1,70,,941738,32,0,44,1,31,,1190247,32,0,44,1,69,,1190245,32,0,44,1,28,,1190242,32,0,44,1,70,,1190243,32,0,44,1,30,,1190249,32,0,44,1,70,,1190250,32,0,44,1,30,,1190265,32,0,44,1,70,,1190256,32,0,44,1,30,,1190246,32,0,44,1,70,,1050887,32,0,44,1,30,,1190253,32,0,44,1,70,,1190267,32,0,44,1,30,,1006028,32,0,44,1,70,,1190259,32,0,44,1,33,,1190266,32,0,44,1,72,,1190260,32,,,1,28,,1069726,32,,,1,70,,1063400,32,,,1,30,,1190252,32,,,1,70,,1190261,32,,,1,26,,1190248,32,,,1,70,,1190251,32,,,1,30,,1036073,32,0,44,1,70,,1007273,32,0,44,1,28,,1190255,32,0,44,1,70,,1190269,32,0,44,1,30,,1190244,32,0,44,1,70,,1098814,32,0,44,1,100,,1069715,32,0,44,1
16101,'1',532,,1054365,13,0,9 10,1,27,,1190287,25,0,9 10,1,70,,938231,25,0,9 10,1,30,,1190283,25,0,9 10,1,70,,1190278,25,0,9 10,1,28,,1190285,25,0,9 10,1,71,,1190272,25,0,9 10,1,73,,1190276,13,0,9 10,1,29,,1190280,13,0,9 10,1,70,,1190284,13,0,9 10,1,30,,1190288,13,0,9 10,1,70,,1084748,13,0,9 10,1,30,,1190277,13,0,9 10,1,70,,1190289,13,0,9 10,1,30,,1190291,13,0,9 10,1,70,,1190286,13,0,9 10,1,30,,1190298,13,0,9 10,1,70,,1190295,13,0,9 10,1,30,,1190294,13,0,9 10,1,70,,1190271,13,0,9 10,1,33,,1190299,13,0,9 10,1,70,,1190274,13,0,9 10,1,28,,1190270,13,0,9 10,1,72,,1190282,13,0,9 10,1,30,,1190297,13,0,9 10,1,70,,1190301,13,0,9 10,1,28,,1190281,13,0,9 10,1,70,,1190273,13,0,9 10,1,29,,1190292,13,0,9 10,1,70,,1190279,13,0,9 10,1,30,,1052367,13,0,9 10,1,70,,1190293,13,0,9 10,1,30,,1190296,13,0,9 10,1,70,,1190290,13,0,9 10,1,31,,1190300,13,0,9 10,1
16101,'10',532,,1054422,13,0,9 10,1,27,,1190319,25,0,9 10,1,70,,937863,25,0,9 10,1,30,,1190315,25,0,9 10,1,70,,1190310,25,0,9 10,1,28,,1190317,25,0,9 10,1,71,,1190304,25,0,9 10,1,73,,1190308,13,0,9 10,1,29,,1190312,13,0,9 10,1,70,,1190316,13,0,9 10,1,30,,1190320,13,0,9 10,1,70,,1084577,13,0,9 10,1,30,,1190309,13,0,9 10,1,70,,1190321,13,0,9 10,1,30,,1190323,13,0,9 10,1,70,,1190318,13,0,9 10,1,30,,1190330,13,0,9 10,1,70,,1190327,13,0,9 10,1,30,,1190326,13,0,9 10,1,70,,1190303,13,0,9 10,1,33,,1190331,13,0,9 10,1,70,,1190306,13,0,9 10,1,28,,1190302,13,0,9 10,1,72,,1190314,13,0,9 10,1,30,,1190329,13,0,9 10,1,70,,1190333,13,0,9 10,1,28,,1190313,13,0,9 10,1,70,,1190305,13,0,9 10,1,29,,1190324,13,0,9 10,1,70,,1190311,13,0,9 10,1,30,,1052447,13,0,9 10,1,70,,1190325,13,0,9 10,1,30,,1190328,13,0,9 10,1,70,,1190322,13,0,9 10,1,31,,1190332,13,0,9 10,1
16101,'11',532,,1054348,13,0,9 10,1,27,,1190351,25,0,9 10,1,70,,938185,25,0,9 10,1,30,,1190347,25,0,9 10,1,70,,1190342,25,0,9 10,1,28,,1190349,25,0,9 10,1,71,,1190336,25,0,9 10,1,73,,1190340,13,0,9 10,1,29,,1190344,13,0,9 10,1,70,,1190348,13,0,9 10,1,30,,1190352,13,0,9 10,1,70,,1084801,13,0,9 10,1,30,,1190341,13,0,9 10,1,70,,1190353,13,0,9 10,1,30,,1190355,13,0,9 10,1,70,,1190350,13,0,9 10,1,30,,1190362,13,0,9 10,1,70,,1190359,13,0,9 10,1,30,,1190358,13,0,9 10,1,70,,1190335,13,0,9 10,1,33,,1190363,13,0,9 10,1,70,,1190338,13,0,9 10,1,28,,1190334,13,0,9 10,1,72,,1190346,13,0,9 10,1,30,,1190361,13,0,9 10,1,70,,1190365,13,0,9 10,1,28,,1190345,13,0,9 10,1,70,,1190337,13,0,9 10,1,29,,1190356,13,0,9 10,1,70,,1190343,13,0,9 10,1,30,,1052345,13,0,9 10,1,70,,1190357,13,0,9 10,1,30,,1190360,13,0,9 10,1,70,,1190354,13,0,9 10,1,31,,1190364,13,0,9 10,1
16101,'12',532,,1190375,13,0,9 10,1,27,,1190393,25,0,9 10,1,70,,1190388,25,0,9 10,1,30,,1048151,25,0,9 10,1,70,,1190380,25,0,9 10,1,28,,1083534,25,0,9 10,1,71,,1190390,25,0,9 10,1,73,,1190394,13,0,9 10,1,29,,1190377,13,0,9 10,1,70,,1190391,13,0,9 10,1,30,,1190371,13,0,9 10,1,70,,1190395,13,0,9 10,1,30,,1190396,13,0,9 10,1,70,,1190392,13,0,9 10,1,30,,1190382,13,0,9 10,1,70,,1190376,13,0,9 10,1,30,,1190367,13,0,9 10,1,70,,1190385,13,0,9 10,1,30,,1190389,13,0,9 10,1,70,,1190386,13,0,9 10,1,33,,1190378,13,0,9 10,1,70,,1190366,13,0,9 10,1,28,,1190373,13,0,9 10,1,72,,1190372,13,0,9 10,1,30,,1190383,13,0,9 10,1,70,,1190379,13,0,9 10,1,28,,1190369,13,0,9 10,1,70,,1190374,13,0,9 10,1,29,,1190384,13,0,9 10,1,70,,1018671,13,0,9 10,1,30,,1190387,13,0,9 10,1,70,,1085192,13,0,9 10,1,30,,1190368,13,0,9 10,1,70,,984656,13,0,9 10,1,31,,1190381,13,0,9 10,1
16101,'13',650,,1190402,13,0,9 10,1,100,,1190399,13,0,9 10,1,100,,1190401,13,0,9 10,1,100,,1190409,13,0,9 10,1,101,,1190404,13,0,9 10,1,100,,1190400,13,0,9 10,1,100,,1032720,13,0,9 10,1,100,,1190410,13,0,9 10,1,100,,1090174,13,0,9 10,1,100,,1190398,13,0,9 10,1,100,,1190408,13,0,9 10,1,100,,1190407,13,0,9 10,1,100,,1095843,13,0,9 10,1,100,,1190405,13,0,9 10,1,100,,1190411,13,0,9 10,1,99,,1190403,13,0,9 10,1,100,,1190406,13,0,9 10,1,100,,1190397,13,0,9 10,1
16101,'14',532,,1190414,13,0,9 10,1,27,,1190431,25,0,9 10,1,70,,1190425,25,0,9 10,1,30,,1190427,25,0,9 10,1,70,,1190421,25,0,9 10,1,28,,1190429,25,0,9 10,1,71,,1190415,25,0,9 10,1,73,,1190419,13,0,9 10,1,29,,1190423,13,0,9 10,1,70,,1190428,13,0,9 10,1,30,,1190432,13,0,9 10,1,70,,1190436,13,0,9 10,1,30,,1190420,13,0,9 10,1,70,,1190433,13,0,9 10,1,30,,1190435,13,0,9 10,1,70,,1190430,13,0,9 10,1,30,,1190443,13,0,9 10,1,70,,1190440,13,0,9 10,1,30,,1190439,13,0,9 10,1,70,,1190413,13,0,9 10,1,33,,1190444,13,0,9 10,1,70,,1190417,13,0,9 10,1,28,,1190412,13,0,9 10,1,72,,1190426,13,0,9 10,1,30,,1190442,13,0,9 10,1,70,,1190446,13,0,9 10,1,28,,1190424,13,0,9 10,1,70,,1190416,13,0,9 10,1,29,,1190437,13,0,9 10,1,70,,1190422,13,0,9 10,1,30,,1190447,13,0,9 10,1,70,,1190438,13,0,9 10,1,30,,1190441,13,0,9 10,1,70,,1190434,13,0,9 10,1,31,,1190445,13,0,9 10,1
16101,'15',532,,1190471,13,0,9 10,1,27,,1190468,25,0,9 10,1,70,,1190467,25,0,9 10,1,30,,1190470,25,0,9 10,1,70,,1190477,25,0,9 10,1,28,,1190448,25,0,9 10,1,71,,1190482,25,0,9 10,1,73,,1190462,13,0,9 10,1,29,,1190461,13,0,9 10,1,70,,1190454,13,0,9 10,1,30,,1190483,13,0,9 10,1,70,,1190449,13,0,9 10,1,30,,1190456,13,0,9 10,1,70,,1190469,13,0,9 10,1,30,,1190464,13,0,9 10,1,70,,1190473,13,0,9 10,1,30,,1190480,13,0,9 10,1,70,,1190465,13,0,9 10,1,30,,1190451,13,0,9 10,1,70,,1190455,13,0,9 10,1,33,,1190463,13,0,9 10,1,70,,1190458,13,0,9 10,1,28,,1190459,13,0,9 10,1,72,,1190475,13,0,9 10,1,30,,1190478,13,0,9 10,1,70,,1190460,13,0,9 10,1,28,,1190450,13,0,9 10,1,70,,1190457,13,0,9 10,1,29,,1190476,13,0,9 10,1,70,,1190479,13,0,9 10,1,30,,1190472,13,0,9 10,1,70,,1190453,13,0,9 10,1,30,,1190474,13,0,9 10,1,70,,1190466,13,0,9 10,1,31,,1190452,13,0,9 10,1
16101,'16',532,,1190493,13,0,9 10,1,27,,1190513,25,0,9 10,1,70,,1190508,25,0,9 10,1,30,,1190486,25,0,9 10,1,70,,1190499,25,0,9 10,1,28,,1190498,25,0,9 10,1,71,,1190510,25,0,9 10,1,73,,1190514,13,0,9 10,1,29,,1190495,13,0,9 10,1,70,,1190511,13,0,9 10,1,30,,1064139,13,0,9 10,1,70,,1061781,13,0,9 10,1,30,,1063688,13,0,9 10,1,70,,1190512,13,0,9 10,1,30,,1190501,13,0,9 10,1,70,,1190494,13,0,9 10,1,30,,1073247,13,0,9 10,1,70,,1190504,13,0,9 10,1,30,,1190509,13,0,9 10,1,70,,1190505,13,0,9 10,1,33,,1190496,13,0,9 10,1,70,,1190484,13,0,9 10,1,28,,1190491,13,0,9 10,1,72,,1190488,13,0,9 10,1,30,,1190502,13,0,9 10,1,70,,1190497,13,0,9 10,1,28,,1190487,13,0,9 10,1,70,,1190492,13,0,9 10,1,29,,1190503,13,0,9 10,1,70,,1190489,13,0,9 10,1,30,,1190507,13,0,9 10,1,70,,1190490,13,0,9 10,1,30,,1190485,13,0,9 10,1,70,,1190506,13,0,9 10,1,31,,1190500,13,0,9 10,1
16101,'17',650,,1190521,13,0,9 10,1,100,,1190517,13,0,9 10,1,100,,1190520,13,0,9 10,1,100,,1190529,13,0,9 10,1,101,,1190523,13,0,9 10,1,100,,1190519,13,0,9 10,1,100,,1190518,13,0,9 10,1,100,,1190531,13,0,9 10,1,100,,1190526,13,0,9 10,1,100,,1190516,13,0,9 10,1,100,,1190528,13,0,9 10,1,100,,1190527,13,0,9 10,1,100,,1190530,13,0,9 10,1,100,,1190524,13,0,9 10,1,100,,1190532,13,0,9 10,1,99,,1190522,13,0,9 10,1,100,,1190525,13,0,9 10,1,100,,1190515,13,0,9 10,1
16101,'2',649,,1100623,13,0,9 10,1,100,,1190536,13,0,9 10,1,100,,1190537,13,0,9 10,1,100,,1190533,13,0,9 10,1,101,,1190540,13,0,9 10,1,100,,1190548,13,0,9 10,1,100,,1190546,13,0,9 10,1,100,,1190535,13,0,9 10,1,100,,1190542,13,0,9 10,1,100,,1190543,13,0,9 10,1,100,,1190545,13,0,9 10,1,100,,1190538,13,0,9 10,1,100,,1190539,13,0,9 10,1,100,,1190541,13,0,9 10,1,100,,1190547,13,0,9 10,1,99,,1190544,13,0,9 10,1,100,,1190534,13,0,9 10,1
16101,'3',650,,1190555,13,0,9 10,1,100,,1190551,13,0,9 10,1,100,,1190554,13,0,9 10,1,100,,1190563,13,0,9 10,1,101,,1190557,13,0,9 10,1,100,,1190553,13,0,9 10,1,100,,1190552,13,0,9 10,1,100,,1190565,13,0,9 10,1,100,,1190560,13,0,9 10,1,100,,1190550,13,0,9 10,1,100,,1190562,13,0,9 10,1,100,,1190561,13,0,9 10,1,100,,1190564,13,0,9 10,1,100,,1190558,13,0,9 10,1,100,,1190566,13,0,9 10,1,99,,1190556,13,0,9 10,1,100,,1190559,13,0,9 10,1,100,,1190549,13,0,9 10,1
16101,'4',650,,1190579,13,0,9 10,1,100,,1190575,13,0,9 10,1,100,,1190570,13,0,9 10,1,100,,1067921,13,0,9 10,1,101,,1190568,13,0,9 10,1,100,,1190577,13,0,9 10,1,100,,1190576,13,0,9 10,1,100,,1190567,13,0,9 10,1,100,,1190583,13,0,9 10,1,100,,1190569,13,0,9 10,1,100,,1190572,13,0,9 10,1,100,,1190578,13,0,9 10,1,100,,1190573,13,0,9 10,1,100,,1190571,13,0,9 10,1,100,,1190580,13,0,9 10,1,99,,1190582,13,0,9 10,1,100,,1190574,13,0,9 10,1,100,,1190581,13,0,9 10,1
16101,'5',532,,1054267,13,0,9 10,1,27,,1190601,25,0,9 10,1,70,,938387,25,0,9 10,1,30,,1190597,25,0,9 10,1,70,,1190592,25,0,9 10,1,28,,1190599,25,0,9 10,1,71,,1190586,25,0,9 10,1,73,,1190590,13,0,9 10,1,29,,1190594,13,0,9 10,1,70,,1190598,13,0,9 10,1,30,,1190602,13,0,9 10,1,70,,1084719,13,0,9 10,1,30,,1190591,13,0,9 10,1,70,,1190603,13,0,9 10,1,30,,1190605,13,0,9 10,1,70,,1190600,13,0,9 10,1,30,,1190612,13,0,9 10,1,70,,1190609,13,0,9 10,1,30,,1190608,13,0,9 10,1,70,,1190585,13,0,9 10,1,33,,1190613,13,0,9 10,1,70,,1190588,13,0,9 10,1,28,,1190584,13,0,9 10,1,72,,1190596,13,0,9 10,1,30,,1190611,13,0,9 10,1,70,,1190615,13,0,9 10,1,28,,1190595,13,0,9 10,1,70,,1190587,13,0,9 10,1,29,,1190606,13,0,9 10,1,70,,1190593,13,0,9 10,1,30,,1052215,13,0,9 10,1,70,,1190607,13,0,9 10,1,30,,1190610,13,0,9 10,1,70,,1190604,13,0,9 10,1,31,,1190614,13,0,9 10,1
16101,'6',532,,1190623,13,0,9 10,1,27,,1190643,25,0,9 10,1,70,,1190638,25,0,9 10,1,30,,1190617,25,0,9 10,1,70,,1190629,25,0,9 10,1,28,,1190628,25,0,9 10,1,71,,1190640,25,0,9 10,1,73,,1190644,13,0,9 10,1,29,,1190625,13,0,9 10,1,70,,1190641,13,0,9 10,1,30,,1190619,13,0,9 10,1,70,,1190645,13,0,9 10,1,30,,1190646,13,0,9 10,1,70,,1190642,13,0,9 10,1,30,,1190631,13,0,9 10,1,70,,1190624,13,0,9 10,1,30,,1190616,13,0,9 10,1,70,,1190634,13,0,9 10,1,30,,1190639,13,0,9 10,1,70,,1190635,13,0,9 10,1,33,,1190626,13,0,9 10,1,70,,1093004,13,0,9 10,1,28,,1005085,13,0,9 10,1,72,,1190620,13,0,9 10,1,30,,1190632,13,0,9 10,1,70,,1190627,13,0,9 10,1,28,,1101826,13,0,9 10,1,70,,1099378,13,0,9 10,1,29,,1190633,13,0,9 10,1,70,,1190621,13,0,9 10,1,30,,1190637,13,0,9 10,1,70,,1190622,13,0,9 10,1,30,,1069162,13,0,9 10,1,70,,1190636,13,0,9 10,1,31,,1190630,13,0,9 10,1
16101,'7',649,,1190647,13,0,9 10,1,100,,1190651,13,0,9 10,1,100,,1190648,13,0,9 10,1,100,,1190661,13,0,9 10,1,101,,1190650,13,0,9 10,1,100,,1190649,13,0,9 10,1,100,,1190656,13,0,9 10,1,100,,1190659,13,0,9 10,1,100,,1190662,13,0,9 10,1,100,,1190658,13,0,9 10,1,100,,1190653,13,0,9 10,1,100,,1190663,13,0,9 10,1,100,,1190654,13,0,9 10,1,100,,1190660,13,0,9 10,1,100,,1190655,13,0,9 10,1,99,,1190652,13,0,9 10,1,100,,1190657,13,0,9 10,1
16101,'8',532,,1190676,13,0,9 10,1,27,,1190696,25,0,9 10,1,70,,1190691,25,0,9 10,1,30,,1190667,25,0,9 10,1,70,,1190682,25,0,9 10,1,28,,1190681,25,0,9 10,1,71,,1190693,25,0,9 10,1,73,,1190697,13,0,9 10,1,29,,1190678,13,0,9 10,1,70,,1190694,13,0,9 10,1,30,,1190670,13,0,9 10,1,70,,1190698,13,0,9 10,1,30,,1190699,13,0,9 10,1,70,,1190695,13,0,9 10,1,30,,1190684,13,0,9 10,1,70,,1190677,13,0,9 10,1,30,,1190665,13,0,9 10,1,70,,1190687,13,0,9 10,1,30,,1190692,13,0,9 10,1,70,,1190688,13,0,9 10,1,33,,1190679,13,0,9 10,1,70,,1190664,13,0,9 10,1,28,,1190674,13,0,9 10,1,72,,1190671,13,0,9 10,1,30,,1190685,13,0,9 10,1,70,,1190680,13,0,9 10,1,28,,1190668,13,0,9 10,1,70,,1190675,13,0,9 10,1,29,,1190686,13,0,9 10,1,70,,1190672,13,0,9 10,1,30,,1190690,13,0,9 10,1,70,,1190673,13,0,9 10,1,30,,1190666,13,0,9 10,1,70,,1190689,13,0,9 10,1,31,,1190683,13,0,9 10,1
16101,'9',532,,1054382,13,0,9 10,1,27,,1190717,25,0,9 10,1,70,,938341,25,0,9 10,1,30,,1190713,25,0,9 10,1,70,,1190708,25,0,9 10,1,28,,1190715,25,0,9 10,1,71,,1190702,25,0,9 10,1,73,,1190706,13,0,9 10,1,29,,1190710,13,0,9 10,1,70,,1190714,13,0,9 10,1,30,,1190718,13,0,9 10,1,70,,1084631,13,0,9 10,1,30,,1190707,13,0,9 10,1,70,,1190719,13,0,9 10,1,30,,1190721,13,0,9 10,1,70,,1190716,13,0,9 10,1,30,,1190728,13,0,9 10,1,70,,1190725,13,0,9 10,1,30,,1190724,13,0,9 10,1,70,,1190701,13,0,9 10,1,33,,1190729,13,0,9 10,1,70,,1190704,13,0,9 10,1,28,,1190700,13,0,9 10,1,72,,1190712,13,0,9 10,1,30,,1190727,13,0,9 10,1,70,,1190731,13,0,9 10,1,28,,1190711,13,0,9 10,1,70,,1190703,13,0,9 10,1,29,,1190722,13,0,9 10,1,70,,1190709,13,0,9 10,1,30,,1052389,13,0,9 10,1,70,,1190723,13,0,9 10,1,30,,1190726,13,0,9 10,1,70,,1190720,13,0,9 10,1,31,,1190730,13,0,9 10,1
16200,'1',1532,,1190744,1,,,1
16200,'10',1532,,1190765,1,,,1
16200,'11',1532,,1190786,1,,,1
16200,'12',1532,,1190812,1,,,1
16200,'14',1532,,1190844,1,,,1
16200,'15',1532,,1190869,1,,,1
16200,'16',1532,,1190893,1,,,1
16200,'5',1532,,1190973,1,,,1
16200,'6',1532,,1190997,1,,,1
16200,'8',1532,,1191035,1,,,1
16200,'9',1532,,1191052,1,,,1
16800,'1',522,,1192869,14,,,1,30,,1192863,14,,,1,68,,1192874,14,,,1,30,,1017304,14,,,1,67,,1192881,14,,,1,30,,1083600,14,,,1,70,,1012320,14,,,1,31,,1192859,14,,,1,71,,1192883,14,,,1,30,,942790,14,,,1,70,,1192867,14,,,1,30,,1192871,14,,,1,70,,1192861,14,,,1,30,,1192878,14,,,1,70,,1192860,14,,,1,30,,1192884,14,,,1,70,,1031308,14,,,1,30,,1192879,14,,,1,70,,1192864,14,,,1,29,,1192882,14,,,1,71,,1192872,14,,,1,31,,1192868,14,,,1,70,,1192862,14,,,1,30,,1192877,14,,,1,70,,1078721,14,,,1,29,,1192866,14,,,1,69,,1022454,14,,,1,30,,1012322,14,,,1,70,,1192875,14,,,1,30,,1090236,14,,,1,69,,1192870,14,,,1,30,,1192873,14,,,1,70,,1192865,14,,,1,104,,1192880,14,,,1,120,,1192876,14,,,1
16800,'10',522,,1192895,14,,,1,30,,1192889,14,,,1,68,,1192900,14,,,1,30,,1017472,14,,,1,67,,1192907,14,,,1,30,,1083361,14,,,1,70,,1012403,14,,,1,31,,1192885,14,,,1,71,,1192909,14,,,1,30,,942427,14,,,1,70,,1192893,14,,,1,30,,1192897,14,,,1,70,,1192887,14,,,1,30,,1192904,14,,,1,70,,1192886,14,,,1,30,,1192910,14,,,1,70,,1031392,14,,,1,30,,1192905,14,,,1,70,,1192890,14,,,1,29,,1192908,14,,,1,71,,1192898,14,,,1,31,,1192894,14,,,1,70,,1192888,14,,,1,30,,1192903,14,,,1,70,,1078457,14,,,1,29,,1192892,14,,,1,69,,1022581,14,,,1,30,,1012405,14,,,1,70,,1192901,14,,,1,30,,1090092,14,,,1,69,,1192896,14,,,1,30,,1192899,14,,,1,70,,1192891,14,,,1,104,,1192906,14,,,1,120,,1192902,14,,,1
16800,'11',522,,1192921,14,,,1,30,,1192915,14,,,1,68,,1192926,14,,,1,30,,1017253,14,,,1,67,,1192933,14,,,1,30,,1083670,14,,,1,70,,1012297,14,,,1,31,,1192911,14,,,1,71,,1192935,14,,,1,30,,942734,14,,,1,70,,1192919,14,,,1,30,,1192923,14,,,1,70,,1192913,14,,,1,30,,1192930,14,,,1,70,,1192912,14,,,1,30,,1192936,14,,,1,70,,1031282,14,,,1,30,,1192931,14,,,1,70,,1192916,14,,,1,29,,1192934,14,,,1,71,,1192924,14,,,1,31,,1192920,14,,,1,70,,1192914,14,,,1,30,,1192929,14,,,1,70,,1078801,14,,,1,29,,1192918,14,,,1,69,,1022415,14,,,1,30,,1012299,14,,,1,70,,1192927,14,,,1,30,,1090280,14,,,1,69,,1192922,14,,,1,30,,1192925,14,,,1,70,,1192917,14,,,1,104,,1192932,14,,,1,120,,1192928,14,,,1
16800,'12',522,,1192960,14,,,1,30,,1192942,14,,,1,68,,1192948,14,,,1,30,,1192954,14,,,1,67,,1192953,14,,,1,30,,1192963,14,,,1,70,,1192941,14,,,1,31,,1192951,14,,,1,71,,1192943,14,,,1,30,,1192959,14,,,1,70,,1037950,14,,,1,30,,1192961,14,,,1,70,,1192945,14,,,1,30,,1192947,14,,,1,70,,1192955,14,,,1,30,,1192938,14,,,1,70,,1192952,14,,,1,30,,1192962,14,,,1,70,,1192946,14,,,1,29,,1192950,14,,,1,71,,1052122,14,,,1,31,,1101373,14,,,1,70,,1192964,14,,,1,30,,942200,14,,,1,70,,1192944,14,,,1,29,,1192937,14,,,1,69,,1192958,14,,,1,30,,1192940,14,,,1,70,,1192957,14,,,1,30,,1192939,14,,,1,69,,1060551,14,,,1,30,,1192956,14,,,1,70,,1068847,14,,,1,104,,1192949,14,,,1,120,,1192965,14,,,1
16800,'13',636,,1080180,14,,,1,100,,1192969,14,,,1,100,,1192982,14,,,1,70,,1192966,14,,,1,31,,1192973,14,,,1,70,,1192987,14,,,1,30,,1192984,14,,,1,70,,1192970,14,,,1,30,,1192975,14,,,1,70,,1192983,14,,,1,30,,1192980,14,,,1,70,,1192985,14,,,1,30,,1192981,14,,,1,70,,1084963,14,,,1,30,,1192967,14,,,1,70,,1192971,14,,,1,30,,1192990,14,,,1,70,,1192979,14,,,1,30,,1192976,14,,,1,70,,1192974,14,,,1,30,,1192988,14,,,1,70,,1192972,14,,,1,30,,1192986,14,,,1,100,,1192968,14,,,1,99,,1064338,14,,,1,100,,1192989,14,,,1,100,,1192978,14,,,1,113,,1192977,14,,,1
16800,'14',522,,1193008,14,,,1,30,,1193002,14,,,1,68,,1193013,14,,,1,30,,1192992,14,,,1,67,,1193020,14,,,1,30,,1192999,14,,,1,70,,1192996,14,,,1,31,,1192991,14,,,1,71,,1193024,14,,,1,30,,1193022,14,,,1,70,,1193006,14,,,1,30,,1193010,14,,,1,70,,1192998,14,,,1,30,,1193017,14,,,1,70,,1192994,14,,,1,30,,1193025,14,,,1,70,,1193001,14,,,1,30,,1193018,14,,,1,70,,1193003,14,,,1,29,,1193023,14,,,1,71,,1193011,14,,,1,31,,1193007,14,,,1,70,,1193000,14,,,1,30,,1193016,14,,,1,70,,1193021,14,,,1,29,,1193005,14,,,1,69,,1192993,14,,,1,30,,1192997,14,,,1,70,,1193014,14,,,1,30,,1192995,14,,,1,69,,1193009,14,,,1,30,,1193012,14,,,1,70,,1193004,14,,,1,104,,1193019,14,,,1,120,,1193015,14,,,1
16800,'15',522,,1193033,14,,,1,30,,1193037,14,,,1,68,,1193046,14,,,1,30,,1193041,14,,,1,67,,1193047,14,,,1,30,,1193048,14,,,1,70,,1193032,14,,,1,31,,1193028,14,,,1,71,,1193038,14,,,1,30,,1193058,14,,,1,70,,1193060,14,,,1,30,,1193055,14,,,1,70,,1193059,14,,,1,30,,1193031,14,,,1,70,,1193036,14,,,1,30,,1193029,14,,,1,70,,1193030,14,,,1,30,,1193054,14,,,1,70,,1193045,14,,,1,29,,1193057,14,,,1,71,,1193052,14,,,1,31,,1193039,14,,,1,70,,1193027,14,,,1,30,,1193056,14,,,1,70,,1193050,14,,,1,29,,1193051,14,,,1,69,,1193053,14,,,1,30,,1193044,14,,,1,70,,1193043,14,,,1,30,,1193040,14,,,1,69,,1193042,14,,,1,30,,1193049,14,,,1,70,,1193034,14,,,1,104,,1193026,14,,,1,120,,1193035,14,,,1
16800,'16',522,,1090270,14,,,1,30,,1193070,14,,,1,68,,1193076,14,,,1,30,,1193082,14,,,1,67,,1193081,14,,,1,30,,1193092,14,,,1,70,,1193069,14,,,1,31,,1193079,14,,,1,71,,1193071,14,,,1,30,,1193087,14,,,1,70,,1193068,14,,,1,30,,1193088,14,,,1,70,,1193073,14,,,1,30,,1193075,14,,,1,70,,1193083,14,,,1,30,,1193064,14,,,1,70,,1193080,14,,,1,30,,1193089,14,,,1,70,,1193074,14,,,1,29,,1193078,14,,,1,71,,1193062,14,,,1,31,,1193090,14,,,1,70,,1083927,14,,,1,30,,1193061,14,,,1,70,,1193072,14,,,1,29,,1193063,14,,,1,69,,1193086,14,,,1,30,,1193067,14,,,1,70,,1193085,14,,,1,30,,1193066,14,,,1,69,,1193065,14,,,1,30,,1193084,14,,,1,70,,1193091,14,,,1,104,,1193077,14,,,1,120,,1193093,14,,,1
16800,'17',636,,1193097,14,,,1,100,,1193099,14,,,1,100,,1193112,14,,,1,70,,1193095,14,,,1,31,,1193103,14,,,1,70,,1193118,14,,,1,30,,1193115,14,,,1,70,,1193100,14,,,1,30,,1193105,14,,,1,70,,1193113,14,,,1,30,,1193110,14,,,1,70,,1193116,14,,,1,30,,1193111,14,,,1,70,,1193114,14,,,1,30,,1193096,14,,,1,70,,1193101,14,,,1,30,,1193121,14,,,1,70,,1193109,14,,,1,30,,1193106,14,,,1,70,,1193104,14,,,1,30,,1193119,14,,,1,70,,1193102,14,,,1,30,,1193117,14,,,1,100,,1193098,14,,,1,99,,1193094,14,,,1,100,,1193120,14,,,1,100,,1193108,14,,,1,113,,1193107,14,,,1
16800,'2',638,,1193127,14,,,1,100,,1193141,14,,,1,70,,1193132,14,,,1,30,,1193147,14,,,1,70,,1193142,14,,,1,30,,1193136,14,,,1,71,,1193124,14,,,1,30,,1193123,14,,,1,70,,1193149,14,,,1,30,,1193139,14,,,1,70,,1037542,14,,,1,30,,1193130,14,,,1,70,,1193126,14,,,1,30,,1193143,14,,,1,70,,1193145,14,,,1,30,,1193128,14,,,1,70,,1193144,14,,,1,30,,1193125,14,,,1,70,,1193133,14,,,1,30,,1193135,14,,,1,70,,1193140,14,,,1,30,,1193134,14,,,1,70,,1193131,14,,,1,30,,1090115,14,,,1,70,,1193129,14,,,1,30,,1086560,14,,,1,69,,1193137,14,,,1,30,,1193146,14,,,1,70,,1193150,14,,,1,30,,1193138,14,,,1,100,,1193122,14,,,1,120,,1193148,14,,,1
16800,'3',636,,1193154,14,,,1,100,,1193156,14,,,1,100,,1193169,14,,,1,70,,1193152,14,,,1,31,,1193160,14,,,1,70,,1193175,14,,,1,30,,1193172,14,,,1,70,,1193157,14,,,1,30,,1193162,14,,,1,70,,1193170,14,,,1,30,,1193167,14,,,1,70,,1193173,14,,,1,30,,1193168,14,,,1,70,,1193171,14,,,1,30,,1193153,14,,,1,70,,1193158,14,,,1,30,,1193178,14,,,1,70,,1193166,14,,,1,30,,1193163,14,,,1,70,,1193161,14,,,1,30,,1193176,14,,,1,70,,1193159,14,,,1,30,,1193174,14,,,1,100,,1193155,14,,,1,99,,1193151,14,,,1,100,,1193177,14,,,1,100,,1193165,14,,,1,113,,1193164,14,,,1
16800,'4',636,,1193184,14,,,1,100,,1193187,14,,,1,100,,1193192,14,,,1,70,,1193189,14,,,1,31,,1193198,14,,,1,70,,1193199,14,,,1,30,,1193190,14,,,1,70,,1193204,14,,,1,30,,1193201,14,,,1,70,,1193182,14,,,1,30,,1193203,14,,,1,70,,1193205,14,,,1,30,,1193194,14,,,1,70,,1193186,14,,,1,30,,1193181,14,,,1,70,,1193179,14,,,1,30,,1193193,14,,,1,70,,1193185,14,,,1,30,,1193180,14,,,1,70,,1193183,14,,,1,30,,1193196,14,,,1,70,,1193188,14,,,1,30,,1076211,14,,,1,100,,1193197,14,,,1,99,,1193200,14,,,1,100,,1193202,14,,,1,100,,1193195,14,,,1,113,,1193191,14,,,1
16800,'5',522,,1193216,14,,,1,30,,1193210,14,,,1,68,,1193221,14,,,1,30,,1017037,14,,,1,67,,1193228,14,,,1,30,,1083561,14,,,1,70,,1012176,14,,,1,31,,1193206,14,,,1,71,,1193230,14,,,1,30,,942962,14,,,1,70,,1193214,14,,,1,30,,1193218,14,,,1,70,,1193208,14,,,1,30,,1193225,14,,,1,70,,1193207,14,,,1,30,,1193231,14,,,1,70,,1031178,14,,,1,30,,1193226,14,,,1,70,,1193211,14,,,1,29,,1193229,14,,,1,71,,1193219,14,,,1,31,,1193215,14,,,1,70,,1193209,14,,,1,30,,1193224,14,,,1,70,,1078673,14,,,1,29,,1193213,14,,,1,69,,1022251,14,,,1,30,,1012178,14,,,1,70,,1193222,14,,,1,30,,1090213,14,,,1,69,,1193217,14,,,1,30,,1193220,14,,,1,70,,1193212,14,,,1,104,,1193227,14,,,1,120,,1193223,14,,,1
16800,'6',522,,1193255,14,,,1,30,,1193239,14,,,1,68,,1193243,14,,,1,30,,1193249,14,,,1,67,,1193248,14,,,1,30,,1102563,14,,,1,70,,1193238,14,,,1,31,,1193246,14,,,1,71,,1193240,14,,,1,30,,1193254,14,,,1,70,,1193237,14,,,1,30,,1041385,14,,,1,70,,1193241,14,,,1,30,,1193242,14,,,1,70,,1193250,14,,,1,30,,1193234,14,,,1,70,,1193247,14,,,1,30,,1020954,14,,,1,70,,972494,14,,,1,29,,1193245,14,,,1,71,,1193233,14,,,1,31,,1193256,14,,,1,70,,1193258,14,,,1,30,,1193232,14,,,1,70,,1092252,14,,,1,29,,1071758,14,,,1,69,,1193253,14,,,1,30,,1193236,14,,,1,70,,1193252,14,,,1,30,,1039604,14,,,1,69,,1193235,14,,,1,30,,1193251,14,,,1,70,,1193257,14,,,1,104,,1193244,14,,,1,120,,1042741,14,,,1
16800,'7',638,,1193277,14,,,1,100,,1193283,14,,,1,70,,1193270,14,,,1,30,,1193273,14,,,1,70,,1193271,14,,,1,30,,1193287,14,,,1,71,,1193265,14,,,1,30,,1193268,14,,,1,70,,1193286,14,,,1,30,,1193260,14,,,1,70,,1193282,14,,,1,30,,1193288,14,,,1,70,,1193272,14,,,1,30,,1193261,14,,,1,70,,1193259,14,,,1,30,,1193290,14,,,1,70,,1193285,14,,,1,30,,1193262,14,,,1,70,,1193267,14,,,1,30,,1193275,14,,,1,70,,1193280,14,,,1,30,,1193281,14,,,1,70,,1193289,14,,,1,30,,1193263,14,,,1,70,,1193266,14,,,1,30,,1193269,14,,,1,69,,1193284,14,,,1,30,,1193274,14,,,1,70,,1193264,14,,,1,30,,1193276,14,,,1,100,,1193279,14,,,1,120,,1193278,14,,,1
16800,'8',522,,1193318,14,,,1,30,,1193300,14,,,1,68,,1193306,14,,,1,30,,1193312,14,,,1,67,,1193311,14,,,1,30,,1193323,14,,,1,70,,1193299,14,,,1,31,,1193309,14,,,1,71,,1193301,14,,,1,30,,1193317,14,,,1,70,,1193298,14,,,1,30,,1193319,14,,,1,70,,1193303,14,,,1,30,,1193305,14,,,1,70,,1193313,14,,,1,30,,1193294,14,,,1,70,,1193310,14,,,1,30,,1193320,14,,,1,70,,1193304,14,,,1,29,,1193308,14,,,1,71,,1193292,14,,,1,31,,1193321,14,,,1,70,,1193324,14,,,1,30,,1193291,14,,,1,70,,1193302,14,,,1,29,,1193293,14,,,1,69,,1193316,14,,,1,30,,1193297,14,,,1,70,,1193315,14,,,1,30,,1193296,14,,,1,69,,1193295,14,,,1,30,,1193314,14,,,1,70,,1193322,14,,,1,104,,1193307,14,,,1,120,,1193325,14,,,1
16800,'9',522,,1193336,14,,,1,30,,1193330,14,,,1,68,,1193341,14,,,1,30,,1017355,14,,,1,67,,1193348,14,,,1,30,,1083432,14,,,1,70,,1012343,14,,,1,31,,1193326,14,,,1,71,,1193350,14,,,1,30,,942906,14,,,1,70,,1193334,14,,,1,30,,1193338,14,,,1,70,,1193328,14,,,1,30,,1193345,14,,,1,70,,1193327,14,,,1,30,,1193351,14,,,1,70,,1031334,14,,,1,30,,1193346,14,,,1,70,,1193331,14,,,1,29,,1193349,14,,,1,71,,1193339,14,,,1,31,,1193335,14,,,1,70,,1193329,14,,,1,30,,1193344,14,,,1,70,,1078538,14,,,1,29,,1193333,14,,,1,69,,1022493,14,,,1,30,,1012345,14,,,1,70,,1193342,14,,,1,30,,1090140,14,,,1,69,,1193337,14,,,1,30,,1193340,14,,,1,70,,1193332,14,,,1,104,,1193347,14,,,1,120,,1193343,14,,,1
16801,'1',556,,1193357,49,,,1,86,,1193383,49,,,1,74,,1193366,49,,,1,31,,1086845,49,,,1,69,,1193369,49,,,1,27,,1193363,49,,,1,70,,1193372,49,,,1,29,,1193354,49,,,1,70,,1193384,49,,,1,29,,1193373,49,,,1,70,,1193360,49,,,1,30,,1193358,49,,,1,70,,1193379,49,,,1,31,,1193377,49,,,1,70,,1193370,49,,,1,30,,1193362,49,,,1,70,,1193368,49,,,1,33,,1193375,49,,,1,71,,1193356,49,,,1,35,,1193365,49,,,1,79,,1193359,49,,,1,28,,1193374,49,,,1,67,,1193378,49,,,1,28,,1193355,49,,,1,68,,1193367,49,,,1,27,,1193371,49,,,1,65,,1193381,49,,,1,28,,1033361,49,,,1,69,,1193353,49,,,1,28,,1193376,49,,,1,67,,1193364,49,,,1,28,,1193382,49,,,1,69,,1063137,49,,,1,32,,1193380,49,,,1,100,,1193352,49,,,1,117,,1193361,49,,,1
16801,'10',556,,1193390,49,,,1,86,,1193416,49,,,1,74,,1193399,49,,,1,31,,1086785,49,,,1,69,,1193402,49,,,1,27,,1193396,49,,,1,70,,1193405,49,,,1,29,,1193387,49,,,1,70,,1193417,49,,,1,29,,1193406,49,,,1,70,,1193393,49,,,1,30,,1193391,49,,,1,70,,1193412,49,,,1,31,,1193410,49,,,1,70,,1193403,49,,,1,30,,1193395,49,,,1,70,,1193401,49,,,1,33,,1193408,49,,,1,71,,1193389,49,,,1,35,,1193398,49,,,1,79,,1193392,49,,,1,28,,1193407,49,,,1,67,,1193411,49,,,1,28,,1193388,49,,,1,68,,1193400,49,,,1,27,,1193404,49,,,1,65,,1193414,49,,,1,28,,1033462,49,,,1,69,,1193386,49,,,1,28,,1193409,49,,,1,67,,1193397,49,,,1,28,,1193415,49,,,1,69,,1062795,49,,,1,32,,1193413,49,,,1,100,,1193385,49,,,1,117,,1193394,49,,,1
16801,'11',556,,1193423,49,,,1,86,,1193449,49,,,1,74,,1193432,49,,,1,31,,1086865,49,,,1,69,,1193435,49,,,1,27,,1193429,49,,,1,70,,1193438,49,,,1,29,,1193420,49,,,1,70,,1193450,49,,,1,29,,1193439,49,,,1,70,,1193426,49,,,1,30,,1193424,49,,,1,70,,1193445,49,,,1,31,,1193443,49,,,1,70,,1193436,49,,,1,30,,1193428,49,,,1,70,,1193434,49,,,1,33,,1193441,49,,,1,71,,1193422,49,,,1,35,,1193431,49,,,1,79,,1193425,49,,,1,28,,1193440,49,,,1,67,,1193444,49,,,1,28,,1193421,49,,,1,68,,1193433,49,,,1,27,,1193437,49,,,1,65,,1193447,49,,,1,28,,1033335,49,,,1,69,,1193419,49,,,1,28,,1193442,49,,,1,67,,1193430,49,,,1,28,,1193448,49,,,1,69,,1063238,49,,,1,32,,1193446,49,,,1,100,,1193418,49,,,1,117,,1193427,49,,,1
16801,'12',556,,1193451,49,,,1,86,,1193476,49,,,1,74,,1193467,49,,,1,31,,1193474,49,,,1,69,,1193471,49,,,1,27,,1072097,49,,,1,70,,1193483,49,,,1,29,,1193458,49,,,1,70,,1193456,49,,,1,29,,1193468,49,,,1,70,,1193481,49,,,1,30,,1193475,49,,,1,70,,1193460,49,,,1,31,,1193469,49,,,1,70,,1193480,49,,,1,30,,1193454,49,,,1,70,,1193462,49,,,1,33,,1193457,49,,,1,71,,1193463,49,,,1,35,,1193477,49,,,1,79,,1193453,49,,,1,28,,1193466,49,,,1,67,,1193464,49,,,1,28,,1193461,49,,,1,68,,1193478,49,,,1,27,,968579,49,,,1,65,,1193482,49,,,1,28,,1193470,49,,,1,69,,1193465,49,,,1,28,,1015412,49,,,1,67,,1193455,49,,,1,28,,1193452,49,,,1,69,,1193472,49,,,1,32,,1193479,49,,,1,100,,1193473,49,,,1,117,,1193459,49,,,1
16801,'13',651,,1193499,49,,,1,100,,1193496,49,,,1,100,,1193487,49,,,1,72,,1193500,49,,,1,30,,1193501,49,,,1,70,,1017846,49,,,1,33,,1193491,49,,,1,70,,1193494,49,,,1,30,,1076171,49,,,1,70,,1193492,49,,,1,32,,1193504,49,,,1,70,,1085436,49,,,1,30,,1193493,49,,,1,70,,1193488,49,,,1,30,,1193486,49,,,1,70,,1193498,49,,,1,30,,1193503,49,,,1,70,,1193502,49,,,1,30,,1193495,49,,,1,70,,1193490,49,,,1,30,,1078570,49,,,1,70,,1193497,49,,,1,29,,1193484,49,,,1,70,,1082136,49,,,1,30,,1193505,49,,,1,99,,1193506,49,,,1,98,,1193485,49,,,1,98,,1069497,49,,,1,100,,1193489,49,,,1
16801,'14',556,,1193513,49,,,1,86,,1193539,49,,,1,74,,1193522,49,,,1,31,,1193507,49,,,1,69,,1193525,49,,,1,27,,1193519,49,,,1,70,,1193528,49,,,1,29,,1193510,49,,,1,70,,1193541,49,,,1,29,,1193529,49,,,1,70,,1193516,49,,,1,30,,1193514,49,,,1,70,,1193535,49,,,1,31,,1193533,49,,,1,70,,1193526,49,,,1,30,,1193518,49,,,1,70,,1193524,49,,,1,33,,1193531,49,,,1,71,,1193512,49,,,1,35,,1193521,49,,,1,79,,1193515,49,,,1,28,,1193530,49,,,1,67,,1193534,49,,,1,28,,1193511,49,,,1,68,,1193523,49,,,1,27,,1193527,49,,,1,65,,1193537,49,,,1,28,,1193540,49,,,1,69,,1193509,49,,,1,28,,1193532,49,,,1,67,,1193520,49,,,1,28,,1193538,49,,,1,69,,1193542,49,,,1,32,,1193536,49,,,1,100,,1193508,49,,,1,117,,1193517,49,,,1
16801,'15',556,,1193557,49,,,1,86,,1193560,49,,,1,74,,1193559,49,,,1,31,,1193573,49,,,1,69,,1193548,49,,,1,27,,1193551,49,,,1,70,,1193556,49,,,1,29,,1193558,49,,,1,70,,1193545,49,,,1,29,,1193550,49,,,1,70,,1193577,49,,,1,30,,1193566,49,,,1,70,,1193575,49,,,1,31,,1193543,49,,,1,70,,1193564,49,,,1,30,,1193572,49,,,1,70,,1193567,49,,,1,33,,1193544,49,,,1,71,,1193576,49,,,1,35,,1193569,49,,,1,79,,1193562,49,,,1,28,,1193578,49,,,1,67,,1193549,49,,,1,28,,1193570,49,,,1,68,,1193571,49,,,1,27,,1193552,49,,,1,65,,1193546,49,,,1,28,,1193553,49,,,1,69,,1193555,49,,,1,28,,1193565,49,,,1,67,,1193563,49,,,1,28,,1193547,49,,,1,69,,1193554,49,,,1,32,,1193561,49,,,1,100,,1193568,49,,,1,117,,1193574,49,,,1
16801,'16',556,,1193579,49,,,1,86,,1193606,49,,,1,74,,1193596,49,,,1,31,,1193603,49,,,1,69,,1193600,49,,,1,27,,1193580,49,,,1,70,,1193612,49,,,1,29,,1193588,49,,,1,70,,1193586,49,,,1,29,,1193597,49,,,1,70,,1193610,49,,,1,30,,1193604,49,,,1,70,,1193590,49,,,1,31,,1193598,49,,,1,70,,1193609,49,,,1,30,,1193584,49,,,1,70,,1064468,49,,,1,33,,1193587,49,,,1,71,,1193592,49,,,1,35,,1193607,49,,,1,79,,1193583,49,,,1,28,,1193595,49,,,1,67,,1193593,49,,,1,28,,1193591,49,,,1,68,,1193608,49,,,1,27,,1193605,49,,,1,65,,1193611,49,,,1,28,,1193599,49,,,1,69,,1193594,49,,,1,28,,1193582,49,,,1,67,,1193585,49,,,1,28,,1193581,49,,,1,69,,1193601,49,,,1,32,,1090921,49,,,1,100,,1193602,49,,,1,117,,1193589,49,,,1
16801,'17',651,,1193634,49,,,1,100,,1193629,49,,,1,100,,1193620,49,,,1,72,,1193635,49,,,1,30,,1193636,49,,,1,70,,1193632,49,,,1,33,,1193624,49,,,1,70,,1193627,49,,,1,30,,1193613,49,,,1,70,,1193625,49,,,1,32,,1193639,49,,,1,70,,1193615,49,,,1,30,,1193626,49,,,1,70,,1193621,49,,,1,30,,1193619,49,,,1,70,,1193633,49,,,1,30,,1193638,49,,,1,70,,1193637,49,,,1,30,,1193628,49,,,1,70,,1193623,49,,,1,30,,1193631,49,,,1,70,,1193630,49,,,1,29,,1193614,49,,,1,70,,1193617,49,,,1,30,,1193640,49,,,1,99,,1193641,49,,,1,98,,1193618,49,,,1,98,,1193616,49,,,1,100,,1193622,49,,,1
16801,'2',646,,1193660,49,,,1,110,,1193655,49,,,1,100,,1073321,49,,,1,70,,1193645,49,,,1,30,,1193659,49,,,1,70,,1033667,49,,,1,33,,1062353,49,,,1,70,,1193665,49,,,1,30,,1193646,49,,,1,70,,1193650,49,,,1,72,,1193658,49,,,1,30,,1193661,49,,,1,70,,1193664,49,,,1,30,,1193651,49,,,1,70,,1193644,49,,,1,30,,1193657,49,,,1,70,,1098255,49,,,1,30,,1193643,49,,,1,70,,1193647,49,,,1,30,,1193667,49,,,1,70,,1193666,49,,,1,30,,1193653,49,,,1,69,,1193662,49,,,1,30,,1193656,49,,,1,70,,1193642,49,,,1,30,,1025256,49,,,1,29,,1193648,49,,,1,70,,1193649,49,,,1,30,,1193654,49,,,1,70,,1193663,49,,,1,28,,1088420,49,,,1,100,,1193652,49,,,1
16801,'3',651,,1193689,49,,,1,100,,1193684,49,,,1,100,,1193675,49,,,1,72,,1193690,49,,,1,30,,1193691,49,,,1,70,,1193687,49,,,1,33,,1193679,49,,,1,70,,1193682,49,,,1,30,,1193668,49,,,1,70,,1193680,49,,,1,32,,1193694,49,,,1,70,,1193670,49,,,1,30,,1193681,49,,,1,70,,1193676,49,,,1,30,,1193674,49,,,1,70,,1193688,49,,,1,30,,1193693,49,,,1,70,,1193692,49,,,1,30,,1193683,49,,,1,70,,1193678,49,,,1,30,,1193686,49,,,1,70,,1193685,49,,,1,29,,1193669,49,,,1,70,,1193672,49,,,1,30,,1193695,49,,,1,99,,1193696,49,,,1,98,,1193673,49,,,1,98,,1193671,49,,,1,100,,1193677,49,,,1
16801,'4',651,,1066838,49,,,1,100,,1193703,49,,,1,100,,1193722,49,,,1,72,,1193721,49,,,1,30,,1193711,49,,,1,70,,1193702,49,,,1,33,,1045840,49,,,1,70,,1193720,49,,,1,30,,1193712,49,,,1,70,,1193717,49,,,1,32,,1193705,49,,,1,70,,1193699,49,,,1,30,,1193700,49,,,1,70,,1193719,49,,,1,30,,1193713,49,,,1,70,,1193701,49,,,1,30,,1193698,49,,,1,70,,985356,49,,,1,30,,1193718,49,,,1,70,,1193715,49,,,1,30,,1193708,49,,,1,70,,1193697,49,,,1,29,,1193709,49,,,1,70,,1193716,49,,,1,30,,1193714,49,,,1,99,,1193704,49,,,1,98,,1193710,49,,,1,98,,1193706,49,,,1,100,,1193707,49,,,1
16801,'5',556,,1193728,49,,,1,86,,1193754,49,,,1,74,,1193737,49,,,1,31,,1086825,49,,,1,69,,1193740,49,,,1,27,,1193734,49,,,1,70,,1193743,49,,,1,29,,1193725,49,,,1,70,,1193755,49,,,1,29,,1193744,49,,,1,70,,1193731,49,,,1,30,,1193729,49,,,1,70,,1193750,49,,,1,31,,1193748,49,,,1,70,,1193741,49,,,1,30,,1193733,49,,,1,70,,1193739,49,,,1,33,,1193746,49,,,1,71,,1193727,49,,,1,35,,1193736,49,,,1,79,,1193730,49,,,1,28,,1193745,49,,,1,67,,1193749,49,,,1,28,,1193726,49,,,1,68,,1193738,49,,,1,27,,1193742,49,,,1,65,,1193752,49,,,1,28,,1033186,49,,,1,69,,1193724,49,,,1,28,,1193747,49,,,1,67,,1193735,49,,,1,28,,1193753,49,,,1,69,,1063083,49,,,1,32,,1193751,49,,,1,100,,1193723,49,,,1,117,,1193732,49,,,1
16801,'6',556,,1094941,49,,,1,86,,1193782,49,,,1,74,,1193772,49,,,1,31,,1193779,49,,,1,69,,1193776,49,,,1,27,,1193756,49,,,1,70,,1063288,49,,,1,29,,1193763,49,,,1,70,,1193761,49,,,1,29,,1193773,49,,,1,70,,1087332,49,,,1,30,,1193780,49,,,1,70,,1193765,49,,,1,31,,1193774,49,,,1,70,,1069420,49,,,1,30,,1193759,49,,,1,70,,1193767,49,,,1,33,,1193762,49,,,1,71,,1193768,49,,,1,35,,1099876,49,,,1,79,,1090552,49,,,1,28,,1193771,49,,,1,67,,1193769,49,,,1,28,,1193766,49,,,1,68,,1083726,49,,,1,27,,1193781,49,,,1,65,,1193784,49,,,1,28,,1193775,49,,,1,69,,1193770,49,,,1,28,,1193758,49,,,1,67,,1193760,49,,,1,28,,1193757,49,,,1,69,,1193777,49,,,1,32,,1193783,49,,,1,100,,1193778,49,,,1,117,,1193764,49,,,1
16801,'7',646,,1193785,49,,,1,110,,1193809,49,,,1,100,,1193811,49,,,1,70,,1193791,49,,,1,30,,1193802,49,,,1,70,,1193816,49,,,1,33,,1193801,49,,,1,70,,1193806,49,,,1,30,,1193787,49,,,1,70,,1193796,49,,,1,72,,1193813,49,,,1,30,,1193797,49,,,1,70,,1193808,49,,,1,30,,1193795,49,,,1,70,,1193793,49,,,1,30,,1193800,49,,,1,70,,1193814,49,,,1,30,,1193798,49,,,1,70,,1193805,49,,,1,30,,1193803,49,,,1,70,,1193799,49,,,1,30,,1193792,49,,,1,69,,1193812,49,,,1,30,,1193810,49,,,1,70,,1193788,49,,,1,30,,1193807,49,,,1,29,,1193815,49,,,1,70,,1193790,49,,,1,30,,1193804,49,,,1,70,,1193794,49,,,1,28,,1193789,49,,,1,100,,1193786,49,,,1
16801,'8',556,,1193817,49,,,1,86,,1193845,49,,,1,74,,1193835,49,,,1,31,,1193842,49,,,1,69,,1193839,49,,,1,27,,1193818,49,,,1,70,,1193852,49,,,1,29,,1193826,49,,,1,70,,1193824,49,,,1,29,,1193836,49,,,1,70,,1193850,49,,,1,30,,1193843,49,,,1,70,,1193828,49,,,1,31,,1193837,49,,,1,70,,1193849,49,,,1,30,,1193822,49,,,1,70,,1193830,49,,,1,33,,1193825,49,,,1,71,,1193831,49,,,1,35,,1193846,49,,,1,79,,1193821,49,,,1,28,,1193834,49,,,1,67,,1193832,49,,,1,28,,1193829,49,,,1,68,,1193847,49,,,1,27,,1193844,49,,,1,65,,1193851,49,,,1,28,,1193838,49,,,1,69,,1193833,49,,,1,28,,1193820,49,,,1,67,,1193823,49,,,1,28,,1193819,49,,,1,69,,1193840,49,,,1,32,,1193848,49,,,1,100,,1193841,49,,,1,117,,1193827,49,,,1
16801,'9',556,,1193858,49,,,1,86,,1193884,49,,,1,74,,1193867,49,,,1,31,,1086805,49,,,1,69,,1193870,49,,,1,27,,1193864,49,,,1,70,,1193873,49,,,1,29,,1193855,49,,,1,70,,1193885,49,,,1,29,,1193874,49,,,1,70,,1193861,49,,,1,30,,1193859,49,,,1,70,,1193880,49,,,1,31,,1193878,49,,,1,70,,1193871,49,,,1,30,,1193863,49,,,1,70,,1193869,49,,,1,33,,1193876,49,,,1,71,,1193857,49,,,1,35,,1193866,49,,,1,79,,1193860,49,,,1,28,,1193875,49,,,1,67,,1193879,49,,,1,28,,1193856,49,,,1,68,,1193868,49,,,1,27,,1193872,49,,,1,65,,1193882,49,,,1,28,,1033387,49,,,1,69,,1193854,49,,,1,28,,1193877,49,,,1,67,,1193865,49,,,1,28,,1193883,49,,,1,69,,1062907,49,,,1,32,,1193881,49,,,1,100,,1193853,49,,,1,117,,1193862,49,,,1
26500,'1',601,,1197378,37,,,1,30,,1197376,37,,,1,28,,1197375,37,,,1,70,,1197377,37,,,1,28,,1197373,37,,,1,71,,1197374,37,,,1,75,,907099,37,,,1
26500,'10',601,,1197384,37,,,1,30,,1197382,37,,,1,28,,1197381,37,,,1,70,,1197383,37,,,1,28,,1197379,37,,,1,71,,1197380,37,,,1,75,,907139,37,,,1
26500,'11',601,,1197390,37,,,1,30,,1197388,37,,,1,28,,1197387,37,,,1,70,,1197389,37,,,1,28,,1197385,37,,,1,71,,1197386,37,,,1,75,,907011,37,,,1
26500,'12',601,,1197391,37,,,1,30,,1197392,37,,,1,28,,1197396,37,,,1,70,,1080441,37,,,1,28,,1197395,37,,,1,71,,1197394,37,,,1,75,,1197393,37,,,1
26500,'14',601,,1197403,37,,,1,30,,1197401,37,,,1,28,,1197400,37,,,1,70,,1197402,37,,,1,28,,1197398,37,,,1,71,,1197399,37,,,1,75,,1197397,37,,,1
26500,'15',601,,1197404,37,,,1,30,,1197409,37,,,1,28,,1197406,37,,,1,70,,1197410,37,,,1,28,,1197407,37,,,1,71,,1197408,37,,,1,75,,1197405,37,,,1
26500,'16',601,,1197412,37,,,1,30,,1197413,37,,,1,28,,1197417,37,,,1,70,,1197411,37,,,1,28,,1197416,37,,,1,71,,1197415,37,,,1,75,,1197414,37,,,1
26500,'5',601,,1197423,37,,,1,30,,1197421,37,,,1,28,,1197420,37,,,1,70,,1197422,37,,,1,28,,1197418,37,,,1,71,,1197419,37,,,1,75,,907279,37,,,1
26500,'6',601,,1197425,37,,,1,30,,1197426,37,,,1,28,,1066284,37,,,1,70,,1197424,37,,,1,28,,1088988,37,,,1,71,,1046511,37,,,1,75,,1197427,37,,,1
26500,'8',601,,1197429,37,,,1,30,,1197430,37,,,1,28,,1197434,37,,,1,70,,1197428,37,,,1,28,,1197433,37,,,1,71,,1197432,37,,,1,75,,1197431,37,,,1
26500,'9',601,,1197440,37,,,1,30,,1197438,37,,,1,28,,1197437,37,,,1,70,,1197439,37,,,1,28,,1197435,37,,,1,71,,1197436,37,,,1,75,,907179,37,,,1
26501,'1',1559,,1197442,6,,,1,72,,1197443,6,,,1,70,,1197444,6,,,1,30,,1197441,6,,,1,71,,1197445,6,,,1,29,,1066958,6,,,1,28,,1197446,6,,,1
26501,'10',1559,,1197448,6,,,1,72,,1197449,6,,,1,70,,1197450,6,,,1,30,,1197447,6,,,1,71,,1197451,6,,,1,29,,1066675,6,,,1,28,,1197452,6,,,1
26501,'11',1559,,1197454,6,,,1,72,,1197455,6,,,1,70,,1197456,6,,,1,30,,1197453,6,,,1,71,,1197457,6,,,1,29,,1067034,6,,,1,28,,1197458,6,,,1
26501,'12',1559,,1197462,6,,,1,72,,1197465,6,,,1,70,,1197459,6,,,1,30,,1197461,6,,,1,71,,1197460,6,,,1,29,,1197464,6,,,1,28,,1197463,6,,,1
26501,'14',1559,,1197467,6,,,1,72,,1197468,6,,,1,70,,1197469,6,,,1,30,,1197466,6,,,1,71,,1197470,6,,,1,29,,1197472,6,,,1,28,,1197471,6,,,1
26501,'15',1559,,1197477,6,,,1,72,,1197473,6,,,1,70,,1197479,6,,,1,30,,1197475,6,,,1,71,,1197474,6,,,1,29,,1197478,6,,,1,28,,1197476,6,,,1
26501,'16',1559,,1197483,6,,,1,72,,1197486,6,,,1,70,,1197480,6,,,1,30,,1197482,6,,,1,71,,1197481,6,,,1,29,,1197485,6,,,1,28,,1197484,6,,,1
26501,'5',1559,,1197488,6,,,1,72,,1197489,6,,,1,70,,1197490,6,,,1,30,,1197487,6,,,1,71,,1197491,6,,,1,29,,1066922,6,,,1,28,,1197492,6,,,1
26501,'6',1559,,1197496,6,,,1,72,,1097198,6,,,1,70,,1197493,6,,,1,30,,1197495,6,,,1,71,,1197494,6,,,1,29,,1197498,6,,,1,28,,1197497,6,,,1
26501,'8',1559,,1197502,6,,,1,72,,1197505,6,,,1,70,,1197499,6,,,1,30,,1197501,6,,,1,71,,1197500,6,,,1,29,,1197504,6,,,1,28,,1197503,6,,,1
26501,'9',1559,,1197507,6,,,1,72,,1197508,6,,,1,70,,1197509,6,,,1,30,,1197506,6,,,1,71,,1197510,6,,,1,29,,1066761,6,,,1,28,,1197511,6,,,1
56300,'1',706,,1198458,16,,,1
56300,'10',706,,1198459,16,,,1
56300,'11',706,,1198460,16,,,1
56300,'12',706,,1198461,16,,,1
56300,'14',706,,1198462,16,,,1
56300,'15',706,,1198463,16,,,1
56300,'16',706,,1198464,16,,,1
56300,'5',706,,1198465,16,,,1
56300,'6',706,,1068479,16,,,1
56300,'8',706,,1198466,16,,,1
56300,'9',706,,1198467,16,,,1
56301,'1',1641,,1198468,18,,,1
56301,'10',1641,,1198469,18,,,1
56301,'11',1641,,1198470,18,,,1
56301,'12',1641,,1198471,18,,,1
56301,'14',1641,,1198472,18,,,1
56301,'15',1641,,1198473,18,,,1
56301,'16',1641,,1198474,18,,,1
56301,'5',1641,,1198475,18,,,1
56301,'6',1641,,963477,18,,,1
56301,'8',1641,,1198476,18,,,1
56301,'9',1641,,1198477,18,,,1
68800,'1',712,,1200554,14,,,1
68800,'10',712,,1200555,14,,,1
68800,'11',712,,1200556,14,,,1
68800,'12',712,,1200558,14,,,1
68800,'14',712,,1200559,14,,,1
68800,'15',712,,1200561,14,,,1
68800,'16',712,,1200564,14,,,1
68800,'5',712,,1200565,14,,,1
68800,'6',712,,1200566,14,,,1
68800,'8',712,,1200568,14,,,1
68800,'9',712,,1200569,14,,,1
68801,'1',1507,,1200571,52,,,1
68801,'10',1507,,1200573,52,,,1
68801,'11',1507,,1200575,52,,,1
68801,'12',1507,,1200578,52,,,1
68801,'14',1507,,1200581,52,,,1
68801,'15',1507,,1200584,52,,,1
68801,'16',1507,,1200587,52,,,1
68801,'5',1507,,1200589,52,,,1
68801,'6',1507,,1200592,52,,,1
68801,'8',1507,,1200595,52,,,1
68801,'9',1507,,1200597,52,,,1
