1000,'1',617,,1112043,25,,,1,34,,1111997,49,,,1,60,,1025825,25,,,1,15,,1111998,49,,,1,26,,1112032,25,,,1,51,,1067741,49,,,1,22,,1112024,25,,,1,16,,1112008,49,,,1,16,,1112030,25,,,1,57,,1112018,49,,,1,16,,1112040,25,,,1,16,,1112041,49,,,1,7,,1112001,25,,,1,56,,1063122,49,,,1,13,,1112009,25,,,1,14,,1112010,49,,,1,13,,1112015,25,,,1,55,,1112042,49,,,1,16,,1112036,25,,,1,15,,1112017,49,,,1,16,,1112037,25,,,1,54,,1112003,49,,,1,15,,953334,25,,,1,15,,1112038,49,,,1,14,,1112031,25,,,1,56,,1112022,49,,,1,16,,1084446,25,,,1,17,,1112033,49,,,1,15,,1112026,25,,,1,55,,1111996,49,,,1,17,,1084756,25,,,1,16,,1112028,49,,,1,60,,1112039,25,,,1,14,,1112000,49,,,1,19,,1111999,25,,,1,11,,1112012,49,,,1,61,,1071928,25,,,1,14,,1112005,49,,,1,14,,1111993,25,,,1,18,,1112021,49,,,1,56,,1093427,25,,,1,17,,1112006,49,,,1,15,,1112002,25,,,1,15,,1112016,49,,,1,52,,1112007,25,,,1,17,,1112035,49,,,1,9,,1094606,25,,,1,14,,1112029,49,,,1,67,,1112020,49,,,1,31,,1112027,49,,,1,62,,1112011,49,,,1,30,,1112019,49,,,1,68,,1112034,49,,,1,28,,1111994,49,,,1,70,,1112014,49,,,1,30,,1111992,49,,,1,69,,1112025,49,,,1,27,,1112004,49,,,1,25,,1112023,49,,,1,59,,1111995,25,,,1
1000,'10',617,,1112095,25,,,1,34,,1112049,49,,,1,60,,1025941,25,,,1,15,,1112050,49,,,1,26,,1112084,25,,,1,51,,1067690,49,,,1,22,,1112076,25,,,1,16,,1112060,49,,,1,16,,1112082,25,,,1,57,,1112070,49,,,1,16,,1112092,25,,,1,16,,1112093,49,,,1,7,,1112053,25,,,1,56,,1062780,49,,,1,13,,1112061,25,,,1,14,,1112062,49,,,1,13,,1112067,25,,,1,55,,1112094,49,,,1,16,,1112088,25,,,1,15,,1112069,49,,,1,16,,1112089,25,,,1,54,,1112055,49,,,1,15,,953160,25,,,1,15,,1112090,49,,,1,14,,1112083,25,,,1,56,,1112074,49,,,1,16,,1084262,25,,,1,17,,1112085,49,,,1,15,,1112078,25,,,1,55,,1112048,49,,,1,17,,1084585,25,,,1,16,,1112080,49,,,1,60,,1112091,25,,,1,14,,1112052,49,,,1,19,,1112051,25,,,1,11,,1112064,49,,,1,61,,1071782,25,,,1,14,,1112057,49,,,1,14,,1112045,25,,,1,18,,1112073,49,,,1,56,,1093111,25,,,1,17,,1112058,49,,,1,15,,1112054,25,,,1,15,,1112068,49,,,1,52,,1112059,25,,,1,17,,1112087,49,,,1,9,,1094436,25,,,1,14,,1112081,49,,,1,67,,1112072,49,,,1,31,,1112079,49,,,1,62,,1112063,49,,,1,30,,1112071,49,,,1,68,,1112086,49,,,1,28,,1112046,49,,,1,70,,1112066,49,,,1,30,,1112044,49,,,1,69,,1112077,49,,,1,27,,1112056,49,,,1,25,,1112075,49,,,1,59,,1112047,25,,,1
1000,'11',617,,1112147,25,,,1,34,,1112101,49,,,1,60,,1025792,25,,,1,15,,1112102,49,,,1,26,,1112136,25,,,1,51,,1067758,49,,,1,22,,1112128,25,,,1,16,,1112112,49,,,1,16,,1112134,25,,,1,57,,1112122,49,,,1,16,,1112144,25,,,1,16,,1112145,49,,,1,7,,1112105,25,,,1,56,,1063223,49,,,1,13,,1112113,25,,,1,14,,1112114,49,,,1,13,,1112119,25,,,1,55,,1112146,49,,,1,16,,1112140,25,,,1,15,,1112121,49,,,1,16,,1112141,25,,,1,54,,1112107,49,,,1,15,,953306,25,,,1,15,,1112142,49,,,1,14,,1112135,25,,,1,56,,1112126,49,,,1,16,,1084502,25,,,1,17,,1112137,49,,,1,15,,1112130,25,,,1,55,,1112100,49,,,1,17,,1084809,25,,,1,16,,1112132,49,,,1,60,,1112143,25,,,1,14,,1112104,49,,,1,19,,1112103,25,,,1,11,,1112116,49,,,1,61,,1071974,25,,,1,14,,1112109,49,,,1,14,,1112097,25,,,1,18,,1112125,49,,,1,56,,1093518,25,,,1,17,,1112110,49,,,1,15,,1112106,25,,,1,15,,1112120,49,,,1,52,,1112111,25,,,1,17,,1112139,49,,,1,9,,1094648,25,,,1,14,,1112133,49,,,1,67,,1112124,49,,,1,31,,1112131,49,,,1,62,,1112115,49,,,1,30,,1112123,49,,,1,68,,1112138,49,,,1,28,,1112098,49,,,1,70,,1112118,49,,,1,30,,1112096,49,,,1,69,,1112129,49,,,1,27,,1112108,49,,,1,25,,1112127,49,,,1,59,,1112099,25,,,1
1000,'12',617,,1112163,25,,,1,34,,1112192,49,,,1,60,,1112186,25,,,1,15,,1112180,49,,,1,26,,995471,25,,,1,51,,1112176,49,,,1,22,,1112158,25,,,1,16,,1112148,49,,,1,16,,1112153,25,,,1,57,,1112175,49,,,1,16,,1112173,25,,,1,16,,1112167,49,,,1,7,,1112195,25,,,1,56,,1002218,49,,,1,13,,1112190,25,,,1,14,,1112169,49,,,1,13,,1112184,25,,,1,55,,1112149,49,,,1,16,,1112181,25,,,1,15,,1112183,49,,,1,16,,1112197,25,,,1,54,,1112200,49,,,1,15,,1112171,25,,,1,15,,1112157,49,,,1,14,,1112154,25,,,1,56,,1112198,49,,,1,16,,1112179,25,,,1,17,,1112159,49,,,1,15,,1112165,25,,,1,55,,1112150,49,,,1,17,,1112155,25,,,1,16,,1112196,49,,,1,60,,1074031,25,,,1,14,,1112187,49,,,1,19,,1112168,25,,,1,11,,1112151,49,,,1,61,,1112182,25,,,1,14,,1112188,49,,,1,14,,1112191,25,,,1,18,,1112164,49,,,1,56,,1037308,25,,,1,17,,1112166,49,,,1,15,,1112178,25,,,1,15,,1112177,49,,,1,52,,1112172,25,,,1,17,,1112194,49,,,1,9,,1112185,25,,,1,14,,1112156,49,,,1,67,,1023118,49,,,1,31,,1112170,49,,,1,62,,1112199,49,,,1,30,,1112201,49,,,1,68,,1060814,49,,,1,28,,1112161,49,,,1,70,,1087160,49,,,1,30,,1112162,49,,,1,69,,1112152,49,,,1,27,,1067952,49,,,1,25,,1112160,49,,,1,59,,1112193,25,,,1
1000,'13',759,,1112213,25,,,1,65,,1048726,49,,,1,30,,1112209,49,,,1,70,,1112226,49,,,1,30,,1112202,49,,,1,70,,1112204,49,,,1,34,,1084664,49,,,1,70,,1112207,49,,,1,30,,1112214,49,,,1,70,,1112225,49,,,1,30,,1112232,49,,,1,70,,1064845,49,,,1,30,,1067888,49,,,1,70,,1112231,49,,,1,30,,1112228,49,,,1,70,,1112216,49,,,1,30,,1112223,49,,,1,70,,1112221,49,,,1,30,,1063463,49,,,1,70,,1112229,49,,,1,30,,1112222,49,,,1,70,,1112215,49,,,1,30,,1074443,49,,,1,79,,1112203,25,,,1,70,,1112224,25,,,1,30,,1112211,25,,,1,70,,1112208,25,,,1,30,,1112227,25,,,1,70,,1112212,25,,,1,27,,1112217,25,,,1,69,,1112220,25,,,1,30,,1112205,25,,,1,70,,1112210,25,,,1,30,,1050772,25,,,1
1000,'14',617,,1112292,25,,,1,34,,1112244,49,,,1,60,,1112238,25,,,1,15,,1112245,49,,,1,26,,1112280,25,,,1,51,,1112246,49,,,1,22,,1112272,25,,,1,16,,1112256,49,,,1,16,,1112278,25,,,1,57,,1112266,49,,,1,16,,1112289,25,,,1,16,,1112290,49,,,1,7,,1112249,25,,,1,56,,1112285,49,,,1,13,,1112257,25,,,1,14,,1112258,49,,,1,13,,1112263,25,,,1,55,,1112291,49,,,1,16,,1112284,25,,,1,15,,1112265,49,,,1,16,,1112286,25,,,1,54,,1112251,49,,,1,15,,1112234,25,,,1,15,,1112287,49,,,1,14,,1112279,25,,,1,56,,1112270,49,,,1,16,,1112239,25,,,1,17,,1112281,49,,,1,15,,1112274,25,,,1,55,,1112243,49,,,1,17,,1112294,25,,,1,16,,1112276,49,,,1,60,,1112288,25,,,1,14,,1112248,49,,,1,19,,1112247,25,,,1,11,,1112260,49,,,1,61,,1112236,25,,,1,14,,1112253,49,,,1,14,,1112240,25,,,1,18,,1112269,49,,,1,56,,1112293,25,,,1,17,,1112254,49,,,1,15,,1112250,25,,,1,15,,1112264,49,,,1,52,,1112255,25,,,1,17,,1112283,49,,,1,9,,1112235,25,,,1,14,,1112277,49,,,1,67,,1112268,49,,,1,31,,1112275,49,,,1,62,,1112259,49,,,1,30,,1112267,49,,,1,68,,1112282,49,,,1,28,,1112241,49,,,1,70,,1112262,49,,,1,30,,1112233,49,,,1,69,,1112273,49,,,1,27,,1112252,49,,,1,25,,1112271,49,,,1,59,,1112242,25,,,1
1000,'15',617,,1112353,25,,,1,34,,1112300,49,,,1,60,,1112354,25,,,1,15,,1112314,49,,,1,26,,1112305,25,,,1,51,,1112341,49,,,1,22,,1112349,25,,,1,16,,1112318,49,,,1,16,,1112336,25,,,1,57,,1112339,49,,,1,16,,1112301,25,,,1,16,,1112337,49,,,1,7,,1112345,25,,,1,56,,1112326,49,,,1,13,,1112325,25,,,1,14,,1112333,49,,,1,13,,1112346,25,,,1,55,,1112310,49,,,1,16,,1112329,25,,,1,15,,1112334,49,,,1,16,,1112343,25,,,1,54,,1112313,49,,,1,15,,1112350,25,,,1,15,,1112328,49,,,1,14,,1112296,25,,,1,56,,1112322,49,,,1,16,,1112309,25,,,1,17,,1112335,49,,,1,15,,1112331,25,,,1,55,,1112308,49,,,1,17,,1112316,25,,,1,16,,1112295,49,,,1,60,,1112302,25,,,1,14,,1112355,49,,,1,19,,1112311,25,,,1,11,,1112332,49,,,1,61,,1112319,25,,,1,14,,1112303,49,,,1,14,,1112342,25,,,1,18,,1112344,49,,,1,56,,1112327,25,,,1,17,,1112324,49,,,1,15,,1112330,25,,,1,15,,1112315,49,,,1,52,,1112323,25,,,1,17,,1112351,49,,,1,9,,1112356,25,,,1,14,,1112317,49,,,1,67,,1112338,49,,,1,31,,1112306,49,,,1,62,,1112320,49,,,1,30,,1112348,49,,,1,68,,1112347,49,,,1,28,,1112340,49,,,1,70,,1112307,49,,,1,30,,1112299,49,,,1,69,,1112298,49,,,1,27,,1112304,49,,,1,25,,1112297,49,,,1,59,,1112321,25,,,1
1000,'16',617,,1112377,25,,,1,34,,1112408,49,,,1,60,,1112401,25,,,1,15,,1112395,49,,,1,26,,1112358,25,,,1,51,,1112391,49,,,1,22,,1112372,25,,,1,16,,1112359,49,,,1,16,,1112366,25,,,1,57,,1112390,49,,,1,16,,1112388,25,,,1,16,,1112382,49,,,1,7,,1112411,25,,,1,56,,1112357,49,,,1,13,,1112406,25,,,1,14,,1112384,49,,,1,13,,1112399,25,,,1,55,,1112360,49,,,1,16,,1112396,25,,,1,15,,1112398,49,,,1,16,,1112413,25,,,1,54,,1112415,49,,,1,15,,1112386,25,,,1,15,,1112371,49,,,1,14,,1100054,25,,,1,56,,1112414,49,,,1,16,,1112394,25,,,1,17,,1112373,49,,,1,15,,1112380,25,,,1,55,,1112361,49,,,1,17,,1112369,25,,,1,16,,1112412,49,,,1,60,,1112363,25,,,1,14,,1112402,49,,,1,19,,1112383,25,,,1,11,,1112364,49,,,1,61,,1112397,25,,,1,14,,1112403,49,,,1,14,,1112407,25,,,1,18,,1112379,49,,,1,56,,1112362,25,,,1,17,,1112381,49,,,1,15,,1112393,25,,,1,15,,1112392,49,,,1,52,,1112387,25,,,1,17,,1112410,49,,,1,9,,1112400,25,,,1,14,,1112370,49,,,1,67,,1112404,49,,,1,31,,1112385,49,,,1,62,,1000396,49,,,1,30,,1112416,49,,,1,68,,1112368,49,,,1,28,,1112375,49,,,1,70,,1112378,49,,,1,30,,1112376,49,,,1,69,,1112365,49,,,1,27,,1112367,49,,,1,25,,1112374,49,,,1,59,,1112409,25,,,1
1000,'17',759,,1112431,25,,,1,65,,1112421,49,,,1,30,,1112427,49,,,1,70,,1112444,49,,,1,30,,1112418,49,,,1,70,,1112420,49,,,1,34,,1112454,49,,,1,70,,1112425,49,,,1,30,,1112432,49,,,1,70,,1112443,49,,,1,30,,1112452,49,,,1,70,,1112448,49,,,1,30,,1112417,49,,,1,70,,1112451,49,,,1,30,,1112447,49,,,1,70,,1112434,49,,,1,30,,1112441,49,,,1,70,,1112439,49,,,1,30,,1112446,49,,,1,70,,1112449,49,,,1,30,,1112440,49,,,1,70,,1112433,49,,,1,30,,1112422,49,,,1,79,,1112419,25,,,1,70,,1112442,25,,,1,30,,1112429,25,,,1,70,,1112426,25,,,1,30,,1112445,25,,,1,70,,1112430,25,,,1,27,,1112435,25,,,1,69,,1112438,25,,,1,30,,1112423,25,,,1,70,,1112428,25,,,1,30,,1112453,25,,,1
1000,'2',720,,1112476,25,,,1,32,,1112464,25,,,1,67,,1112483,49,,,1,30,,1112477,49,,,1,70,,1112484,49,,,1,30,,1011566,49,,,1,70,,1112478,49,,,1,34,,1112455,49,,,1,70,,1078927,49,,,1,30,,1112463,49,,,1,70,,1112462,49,,,1,30,,1112490,49,,,1,70,,1112485,49,,,1,30,,1112491,49,,,1,70,,1112488,49,,,1,30,,1112487,49,,,1,70,,1112474,49,,,1,30,,1017772,49,,,1,70,,1112480,49,,,1,30,,1112473,49,,,1,70,,1112467,49,,,1,30,,1112489,49,,,1,70,,1072927,49,,,1,30,,1112482,49,,,1,70,,1112469,49,,,1,30,,1112459,49,,,1,70,,1112481,49,,,1,30,,1112457,49,,,1,70,,1112479,49,,,1,30,,1112471,49,,,1,70,,1112475,49,,,1,27,,1112486,49,,,1,68,,1112466,49,,,1,30,,1112461,49,,,1,72,,1112458,25,,,1,30,,1112465,25,,,1,70,,1112472,25,,,1,80,,1112470,25,,,1
1000,'3',759,,1112506,25,,,1,65,,1112496,49,,,1,30,,1112502,49,,,1,70,,1112519,49,,,1,30,,1112493,49,,,1,70,,1112495,49,,,1,34,,1112529,49,,,1,70,,1112500,49,,,1,30,,1112507,49,,,1,70,,1112518,49,,,1,30,,1112527,49,,,1,70,,1112523,49,,,1,30,,1112492,49,,,1,70,,1112526,49,,,1,30,,1112522,49,,,1,70,,1112509,49,,,1,30,,1112516,49,,,1,70,,1112514,49,,,1,30,,1112521,49,,,1,70,,1112524,49,,,1,30,,1112515,49,,,1,70,,1112508,49,,,1,30,,1112497,49,,,1,79,,1112494,25,,,1,70,,1112517,25,,,1,30,,1112504,25,,,1,70,,1112501,25,,,1,30,,1112520,25,,,1,70,,1112505,25,,,1,27,,1112510,25,,,1,69,,1112513,25,,,1,30,,1112498,25,,,1,70,,1112503,25,,,1,30,,1112528,25,,,1
1000,'4',759,,1112541,25,,,1,65,,1112531,49,,,1,30,,1112550,49,,,1,70,,1112561,49,,,1,30,,1112562,49,,,1,70,,1112566,49,,,1,34,,1112539,49,,,1,70,,1112537,49,,,1,30,,1112543,49,,,1,70,,1112534,49,,,1,30,,1112535,49,,,1,70,,1112547,49,,,1,30,,1112557,49,,,1,70,,1112565,49,,,1,30,,1112563,49,,,1,70,,1112546,49,,,1,30,,1112554,49,,,1,70,,1112555,49,,,1,30,,1112549,49,,,1,70,,1112560,49,,,1,30,,1112542,49,,,1,70,,1112544,49,,,1,30,,1112559,49,,,1,79,,1112538,25,,,1,70,,1112552,25,,,1,30,,1112556,25,,,1,70,,1112530,25,,,1,30,,1112536,25,,,1,70,,1112553,25,,,1,27,,1112533,25,,,1,69,,1112540,25,,,1,30,,1043363,25,,,1,70,,1112558,25,,,1,30,,1112564,25,,,1
1000,'5',617,,1112618,25,,,1,34,,1112572,49,,,1,60,,1025621,25,,,1,15,,1112573,49,,,1,26,,1112607,25,,,1,51,,1067724,49,,,1,22,,1112599,25,,,1,16,,1112583,49,,,1,16,,1112605,25,,,1,57,,1112593,49,,,1,16,,1112615,25,,,1,16,,1112616,49,,,1,7,,1112576,25,,,1,56,,1063068,49,,,1,13,,1112584,25,,,1,14,,1112585,49,,,1,13,,1112590,25,,,1,55,,1112617,49,,,1,16,,1112611,25,,,1,15,,1112592,49,,,1,16,,1112612,25,,,1,54,,1112578,49,,,1,15,,953418,25,,,1,15,,1112613,49,,,1,14,,1112606,25,,,1,56,,1112597,49,,,1,16,,1084413,25,,,1,17,,1112608,49,,,1,15,,1112601,25,,,1,55,,1112571,49,,,1,17,,1084727,25,,,1,16,,1112603,49,,,1,60,,1112614,25,,,1,14,,1112575,49,,,1,19,,1112574,25,,,1,11,,1112587,49,,,1,61,,1071904,25,,,1,14,,1112580,49,,,1,14,,1112568,25,,,1,18,,1112596,49,,,1,56,,1093372,25,,,1,17,,1112581,49,,,1,15,,1112577,25,,,1,15,,1112591,49,,,1,52,,1112582,25,,,1,17,,1112610,49,,,1,9,,1094583,25,,,1,14,,1112604,49,,,1,67,,1112595,49,,,1,31,,1112602,49,,,1,62,,1112586,49,,,1,30,,1112594,49,,,1,68,,1112609,49,,,1,28,,1112569,49,,,1,70,,1112589,49,,,1,30,,1112567,49,,,1,69,,1112600,49,,,1,27,,1112579,49,,,1,25,,1112598,49,,,1,59,,1112570,25,,,1
1000,'6',617,,1112632,25,,,1,34,,1112662,49,,,1,60,,1112655,25,,,1,15,,1112650,49,,,1,26,,1112620,25,,,1,51,,1112646,49,,,1,22,,1112627,25,,,1,16,,1102992,49,,,1,16,,1023560,25,,,1,57,,1112645,49,,,1,16,,1112643,25,,,1,16,,1112637,49,,,1,7,,1112665,25,,,1,56,,1112619,49,,,1,13,,1112660,25,,,1,14,,1112639,49,,,1,13,,1112653,25,,,1,55,,1005076,49,,,1,16,,1112651,25,,,1,15,,1112652,49,,,1,16,,1096525,25,,,1,54,,1112667,49,,,1,15,,1112641,25,,,1,15,,1112626,49,,,1,14,,1112623,25,,,1,56,,1081459,49,,,1,16,,1112649,25,,,1,17,,1112628,49,,,1,15,,1112635,25,,,1,55,,929183,49,,,1,17,,1088962,25,,,1,16,,1088319,49,,,1,60,,1112622,25,,,1,14,,1112656,49,,,1,19,,1112638,25,,,1,11,,1100099,49,,,1,61,,1083719,25,,,1,14,,1112657,49,,,1,14,,1112661,25,,,1,18,,1112634,49,,,1,56,,1112621,25,,,1,17,,1112636,49,,,1,15,,1112648,25,,,1,15,,1112647,49,,,1,52,,1112642,25,,,1,17,,1112664,49,,,1,9,,1112654,25,,,1,14,,1068101,49,,,1,67,,1112658,49,,,1,31,,1112640,49,,,1,62,,1112666,49,,,1,30,,1027716,49,,,1,68,,1112625,49,,,1,28,,1112630,49,,,1,70,,1112633,49,,,1,30,,1112631,49,,,1,69,,1061840,49,,,1,27,,1112624,49,,,1,25,,1112629,49,,,1,59,,1112663,25,,,1
1000,'7',720,,1112683,25,,,1,32,,1112676,25,,,1,67,,1112698,49,,,1,30,,1112675,49,,,1,70,,1112689,49,,,1,30,,1112691,49,,,1,70,,1112692,49,,,1,34,,1112686,49,,,1,70,,1112668,49,,,1,30,,1112684,49,,,1,70,,1112705,49,,,1,30,,1112707,49,,,1,70,,1112694,49,,,1,30,,1112704,49,,,1,70,,1112687,49,,,1,30,,1112671,49,,,1,70,,1112697,49,,,1,30,,1112669,49,,,1,70,,1112670,49,,,1,30,,1112682,49,,,1,70,,1112696,49,,,1,30,,1112688,49,,,1,70,,1112703,49,,,1,30,,1112708,49,,,1,70,,1112685,49,,,1,30,,1112699,49,,,1,70,,1112672,49,,,1,30,,1112700,49,,,1,70,,1112679,49,,,1,30,,1112673,49,,,1,70,,1112695,49,,,1,27,,1112681,49,,,1,68,,1112677,49,,,1,30,,1112680,49,,,1,72,,1112674,25,,,1,30,,1112678,25,,,1,70,,1112702,25,,,1,80,,1112701,25,,,1
1000,'8',617,,1112730,25,,,1,34,,1112761,49,,,1,60,,1112754,25,,,1,15,,1112748,49,,,1,26,,1112710,25,,,1,51,,1112744,49,,,1,22,,1112725,25,,,1,16,,1112711,49,,,1,16,,1112718,25,,,1,57,,1112743,49,,,1,16,,1112741,25,,,1,16,,1112735,49,,,1,7,,1112764,25,,,1,56,,1112709,49,,,1,13,,1112759,25,,,1,14,,1112737,49,,,1,13,,1112752,25,,,1,55,,1112712,49,,,1,16,,1112749,25,,,1,15,,1112751,49,,,1,16,,1112766,25,,,1,54,,1112769,49,,,1,15,,1112739,25,,,1,15,,1112724,49,,,1,14,,1112719,25,,,1,56,,1112767,49,,,1,16,,1112747,25,,,1,17,,1112726,49,,,1,15,,1112733,25,,,1,55,,1112713,49,,,1,17,,1112722,25,,,1,16,,1112765,49,,,1,60,,1112715,25,,,1,14,,1112755,49,,,1,19,,1112736,25,,,1,11,,1112716,49,,,1,61,,1112750,25,,,1,14,,1112756,49,,,1,14,,1112760,25,,,1,18,,1112732,49,,,1,56,,1112714,25,,,1,17,,1112734,49,,,1,15,,1112746,25,,,1,15,,1112745,49,,,1,52,,1112740,25,,,1,17,,1112763,49,,,1,9,,1112753,25,,,1,14,,1112723,49,,,1,67,,1112757,49,,,1,31,,1112738,49,,,1,62,,1112768,49,,,1,30,,1112770,49,,,1,68,,1112721,49,,,1,28,,1112728,49,,,1,70,,1112731,49,,,1,30,,1112729,49,,,1,69,,1112717,49,,,1,27,,1112720,49,,,1,25,,1112727,49,,,1,59,,1112762,25,,,1
1000,'9',617,,1112822,25,,,1,34,,1112776,49,,,1,60,,1025858,25,,,1,15,,1112777,49,,,1,26,,1112811,25,,,1,51,,1067707,49,,,1,22,,1112803,25,,,1,16,,1112787,49,,,1,16,,1112809,25,,,1,57,,1112797,49,,,1,16,,1112819,25,,,1,16,,1112820,49,,,1,7,,1112780,25,,,1,56,,1062892,49,,,1,13,,1112788,25,,,1,14,,1112789,49,,,1,13,,1112794,25,,,1,55,,1112821,49,,,1,16,,1112815,25,,,1,15,,1112796,49,,,1,16,,1112816,25,,,1,54,,1112782,49,,,1,15,,953390,25,,,1,15,,1112817,49,,,1,14,,1112810,25,,,1,56,,1112801,49,,,1,16,,1084323,25,,,1,17,,1112812,49,,,1,15,,1112805,25,,,1,55,,1112775,49,,,1,17,,1084639,25,,,1,16,,1112807,49,,,1,60,,1112818,25,,,1,14,,1112779,49,,,1,19,,1112778,25,,,1,11,,1112791,49,,,1,61,,1071832,25,,,1,14,,1112784,49,,,1,14,,1112772,25,,,1,18,,1112800,49,,,1,56,,1093216,25,,,1,17,,1112785,49,,,1,15,,1112781,25,,,1,15,,1112795,49,,,1,52,,1112786,25,,,1,17,,1112814,49,,,1,9,,1094486,25,,,1,14,,1112808,49,,,1,67,,1112799,49,,,1,31,,1112806,49,,,1,62,,1112790,49,,,1,30,,1112798,49,,,1,68,,1112813,49,,,1,28,,1112773,49,,,1,70,,1112793,49,,,1,30,,1112771,49,,,1,69,,1112804,49,,,1,27,,1112783,49,,,1,25,,1112802,49,,,1,59,,1112774,25,,,1
1001,'1',527,,1112869,3,0,82,1,31,,1112830,3,,,1,76,,1112849,3,,,1,15,,1112826,3,0,82,1,55,,1072359,3,,,1,15,,1112832,3,0,82,1,14,,1112842,3,,,1,13,,1112829,3,0,82,1,55,,1112824,3,,,1,17,,1112850,3,0,82,1,12,,1112837,3,,,1,15,,1112868,3,0,82,1,14,,1077939,3,,,1,55,,1112848,3,0,82,1,16,,1112833,3,,,1,15,,1112853,3,0,82,1,55,,1112839,3,,,1,15,,1112864,3,0,82,1,15,,1112860,3,,,1,15,,1112866,3,0,82,1,14,,1112854,3,,,1,55,,1112831,3,0,82,1,15,,1112862,3,,,1,16,,1080081,3,0,82,1,55,,1112823,3,,,1,15,,1112852,3,0,82,1,15,,1112867,3,,,1,15,,1112859,3,0,82,1,56,,1112841,3,,,1,14,,1112825,3,0,82,1,15,,1112861,3,,,1,16,,1112857,3,0,82,1,56,,1112856,3,,,1,15,,1112858,3,0,82,1,13,,951843,3,,,1,15,,1112845,3,0,82,1,56,,1112863,3,,,1,15,,1112835,3,0,82,1,15,,1077933,3,,,1,16,,1112840,3,0,82,1,54,,1031295,3,,,1,15,,1082906,3,0,82,1,15,,1112846,3,,,1,15,,1018468,3,0,82,1,55,,1112844,3,,,1,15,,1112827,3,0,82,1,17,,1066531,3,,,1,14,,1112865,3,0,82,1,69,,1112851,3,,,1,30,,1112847,3,,,1,70,,1112834,3,,,1,30,,1053778,3,,,1,70,,1112828,3,,,1,30,,1101621,3,,,1,70,,1112843,3,,,1,30,,1112838,3,,,1,70,,1112836,3,,,1,30,,1112855,3,,,1,67,,1083606,3,,,1
1001,'10',527,,1112916,3,0,82,1,31,,1112877,3,,,1,76,,1112896,3,,,1,15,,1112873,3,0,82,1,55,,1072213,3,,,1,15,,1112879,3,0,82,1,14,,1112889,3,,,1,13,,1112876,3,0,82,1,55,,1112871,3,,,1,17,,1112897,3,0,82,1,12,,1112884,3,,,1,15,,1112915,3,0,82,1,14,,1077730,3,,,1,55,,1112895,3,0,82,1,16,,1112880,3,,,1,15,,1112900,3,0,82,1,55,,1112886,3,,,1,15,,1112911,3,0,82,1,15,,1112907,3,,,1,15,,1112913,3,0,82,1,14,,1112901,3,,,1,55,,1112878,3,0,82,1,15,,1112909,3,,,1,16,,1080026,3,0,82,1,55,,1112870,3,,,1,15,,1112899,3,0,82,1,15,,1112914,3,,,1,15,,1112906,3,0,82,1,56,,1112888,3,,,1,14,,1112872,3,0,82,1,15,,1112908,3,,,1,16,,1112904,3,0,82,1,56,,1112903,3,,,1,15,,1112905,3,0,82,1,13,,951665,3,,,1,15,,1112892,3,0,82,1,56,,1112910,3,,,1,15,,1112882,3,0,82,1,15,,1077724,3,,,1,16,,1112887,3,0,82,1,54,,1031379,3,,,1,15,,1082846,3,0,82,1,15,,1112893,3,,,1,15,,1018623,3,0,82,1,55,,1112891,3,,,1,15,,1112874,3,0,82,1,17,,1066309,3,,,1,14,,1112912,3,0,82,1,69,,1112898,3,,,1,30,,1112894,3,,,1,70,,1112881,3,,,1,30,,1053871,3,,,1,70,,1112875,3,,,1,30,,1101529,3,,,1,70,,1112890,3,,,1,30,,1112885,3,,,1,70,,1112883,3,,,1,30,,1112902,3,,,1,67,,1083367,3,,,1
1001,'11',527,,1112963,3,0,82,1,31,,1112924,3,,,1,76,,1112943,3,,,1,15,,1112920,3,0,82,1,55,,1072395,3,,,1,15,,1112926,3,0,82,1,14,,1112936,3,,,1,13,,1112923,3,0,82,1,55,,1112918,3,,,1,17,,1112944,3,0,82,1,12,,1112931,3,,,1,15,,1112962,3,0,82,1,14,,1078002,3,,,1,55,,1112942,3,0,82,1,16,,1112927,3,,,1,15,,1112947,3,0,82,1,55,,1112933,3,,,1,15,,1112958,3,0,82,1,15,,1112954,3,,,1,15,,1112960,3,0,82,1,14,,1112948,3,,,1,55,,1112925,3,0,82,1,15,,1112956,3,,,1,16,,1080099,3,0,82,1,55,,1112917,3,,,1,15,,1112946,3,0,82,1,15,,1112961,3,,,1,15,,1112953,3,0,82,1,56,,1112935,3,,,1,14,,1112919,3,0,82,1,15,,1112955,3,,,1,16,,1112951,3,0,82,1,56,,1112950,3,,,1,15,,1112952,3,0,82,1,13,,951814,3,,,1,15,,1112939,3,0,82,1,56,,1112957,3,,,1,15,,1112929,3,0,82,1,15,,1077996,3,,,1,16,,1112934,3,0,82,1,54,,1031269,3,,,1,15,,1082926,3,0,82,1,15,,1112940,3,,,1,15,,1018423,3,0,82,1,55,,1112938,3,,,1,15,,1112921,3,0,82,1,17,,1066598,3,,,1,14,,1112959,3,0,82,1,69,,1112945,3,,,1,30,,1112941,3,,,1,70,,1112928,3,,,1,30,,1053750,3,,,1,70,,1112922,3,,,1,30,,1101649,3,,,1,70,,1112937,3,,,1,30,,1112932,3,,,1,70,,1112930,3,,,1,30,,1112949,3,,,1,67,,1083676,3,,,1
1001,'12',527,,1113004,3,0,82,1,31,,1112997,3,,,1,76,,1112983,3,,,1,15,,1112979,3,0,82,1,55,,1112974,3,,,1,15,,1112987,3,0,82,1,14,,1112972,3,,,1,13,,1112977,3,0,82,1,55,,1113014,3,,,1,17,,1112990,3,0,82,1,12,,1112992,3,,,1,15,,1113006,3,0,82,1,14,,1112999,3,,,1,55,,1113013,3,0,82,1,16,,1112973,3,,,1,15,,1112968,3,0,82,1,55,,1113011,3,,,1,15,,1113010,3,0,82,1,15,,1112976,3,,,1,15,,1112991,3,0,82,1,14,,1113002,3,,,1,55,,1112988,3,0,82,1,15,,1112996,3,,,1,16,,1112965,3,0,82,1,55,,1113009,3,,,1,15,,1112986,3,0,82,1,15,,1112966,3,,,1,15,,1112970,3,0,82,1,56,,1113007,3,,,1,14,,1112985,3,0,82,1,15,,1112995,3,,,1,16,,1113015,3,0,82,1,56,,1112982,3,,,1,15,,1067955,3,0,82,1,13,,1047520,3,,,1,15,,1113003,3,0,82,1,56,,1032356,3,,,1,15,,1113008,3,0,82,1,15,,1113016,3,,,1,16,,1079509,3,0,82,1,54,,1112980,3,,,1,15,,1112978,3,0,82,1,15,,1113012,3,,,1,15,,1113001,3,0,82,1,55,,1112969,3,,,1,15,,1112998,3,0,82,1,17,,1112989,3,,,1,14,,1112994,3,0,82,1,69,,1112984,3,,,1,30,,1112967,3,,,1,70,,1113000,3,,,1,30,,1026015,3,,,1,70,,1112964,3,,,1,30,,1112971,3,,,1,70,,1112975,3,,,1,30,,1112981,3,,,1,70,,1113005,3,,,1,30,,1076936,3,,,1,67,,1112993,3,,,1
1001,'13',710,,1113032,3,0,82,1,30,,1113027,3,0,82,1,72,,1113040,3,,,1,30,,1113046,3,,,1,70,,1113017,3,,,1,30,,1113047,3,,,1,70,,1113023,3,,,1,30,,1063913,3,,,1,70,,1113038,3,,,1,30,,1113020,3,,,1,70,,1113037,3,,,1,30,,1113022,3,,,1,70,,1113042,3,,,1,30,,1113044,3,,,1,70,,1113021,3,,,1,30,,1113031,3,,,1,70,,1113035,3,,,1,30,,1113048,3,,,1,70,,1113045,3,,,1,30,,1113039,3,,,1,70,,1070813,3,,,1,30,,1091149,3,,,1,70,,1113034,3,,,1,30,,1113026,3,0,82,1,70,,1113019,3,0,82,1,28,,1113018,3,0,82,1,72,,1113041,3,0,82,1,30,,1113028,3,0,82,1,70,,1078199,3,0,82,1,30,,1113036,3,0,82,1,70,,1113025,3,0,82,1,30,,1113029,3,0,82,1,70,,1113030,3,0,82,1
1001,'14',527,,1113104,3,0,82,1,31,,1113063,3,,,1,76,,1113082,3,,,1,15,,1113058,3,0,82,1,55,,1113107,3,,,1,15,,1113065,3,0,82,1,14,,1113075,3,,,1,13,,1113061,3,0,82,1,55,,1113051,3,,,1,17,,1113083,3,0,82,1,12,,1113070,3,,,1,15,,1113103,3,0,82,1,14,,1113056,3,,,1,55,,1113081,3,0,82,1,16,,1113066,3,,,1,15,,1113086,3,0,82,1,55,,1113072,3,,,1,15,,1113097,3,0,82,1,15,,1113093,3,,,1,15,,1113099,3,0,82,1,14,,1113087,3,,,1,55,,1113064,3,0,82,1,15,,1113095,3,,,1,16,,1113054,3,0,82,1,55,,1113050,3,,,1,15,,1113085,3,0,82,1,15,,1113100,3,,,1,15,,1113092,3,0,82,1,56,,1113074,3,,,1,14,,1113055,3,0,82,1,15,,1113094,3,,,1,16,,1113090,3,0,82,1,56,,1113089,3,,,1,15,,1113091,3,0,82,1,13,,1113106,3,,,1,15,,1113078,3,0,82,1,56,,1113096,3,,,1,15,,1113068,3,0,82,1,15,,1113053,3,,,1,16,,1113073,3,0,82,1,54,,1113049,3,,,1,15,,1113057,3,0,82,1,15,,1113079,3,,,1,15,,1113101,3,0,82,1,55,,1113077,3,,,1,15,,1113059,3,0,82,1,17,,1113102,3,,,1,14,,1113098,3,0,82,1,69,,1113084,3,,,1,30,,1113080,3,,,1,70,,1113067,3,,,1,30,,1113052,3,,,1,70,,1113060,3,,,1,30,,1113105,3,,,1,70,,1113076,3,,,1,30,,1113071,3,,,1,70,,1113069,3,,,1,30,,1113088,3,,,1,67,,1113062,3,,,1
1001,'15',527,,1113142,3,0,82,1,31,,1113152,3,,,1,76,,1113116,3,,,1,15,,1113136,3,0,82,1,55,,1113108,3,,,1,15,,1113155,3,0,82,1,14,,1113135,3,,,1,13,,1113111,3,0,82,1,55,,1113110,3,,,1,17,,1113148,3,0,82,1,12,,1113139,3,,,1,15,,1113131,3,0,82,1,14,,1113133,3,,,1,55,,1113123,3,0,82,1,16,,1113109,3,,,1,15,,1113121,3,0,82,1,55,,1113112,3,,,1,15,,1113125,3,0,82,1,15,,1113144,3,,,1,15,,1113146,3,0,82,1,14,,1113156,3,,,1,55,,1113159,3,0,82,1,15,,1113130,3,,,1,16,,1113128,3,0,82,1,55,,1113126,3,,,1,15,,1113154,3,0,82,1,15,,1113115,3,,,1,15,,1113138,3,0,82,1,56,,1113158,3,,,1,14,,1113141,3,0,82,1,15,,1113127,3,,,1,16,,1113140,3,0,82,1,56,,1113145,3,,,1,15,,1113119,3,0,82,1,13,,1113124,3,,,1,15,,1113160,3,0,82,1,56,,1113157,3,,,1,15,,1113151,3,0,82,1,15,,1113163,3,,,1,16,,1113147,3,0,82,1,54,,1113161,3,,,1,15,,1113162,3,0,82,1,15,,1113143,3,,,1,15,,1113149,3,0,82,1,55,,1113134,3,,,1,15,,1113165,3,0,82,1,17,,1113113,3,,,1,14,,1113153,3,0,82,1,69,,1113132,3,,,1,30,,1113150,3,,,1,70,,1113166,3,,,1,30,,1113122,3,,,1,70,,1113129,3,,,1,30,,1113137,3,,,1,70,,1113117,3,,,1,30,,1113120,3,,,1,70,,1113114,3,,,1,30,,1113164,3,,,1,67,,1113118,3,,,1
1001,'16',527,,1113208,3,0,82,1,31,,1113201,3,,,1,76,,1113187,3,,,1,15,,1113183,3,0,82,1,55,,1113178,3,,,1,15,,1113191,3,0,82,1,14,,1113176,3,,,1,13,,1113181,3,0,82,1,55,,1046424,3,,,1,17,,1113194,3,0,82,1,12,,1113196,3,,,1,15,,1113210,3,0,82,1,14,,1113203,3,,,1,55,,1113216,3,0,82,1,16,,1113177,3,,,1,15,,1113171,3,0,82,1,55,,1113214,3,,,1,15,,1063175,3,0,82,1,15,,1113180,3,,,1,15,,1113195,3,0,82,1,14,,1113206,3,,,1,55,,1113192,3,0,82,1,15,,1113200,3,,,1,16,,1113167,3,0,82,1,55,,1113213,3,,,1,15,,1113190,3,0,82,1,15,,945323,3,,,1,15,,1113173,3,0,82,1,56,,1113211,3,,,1,14,,1113189,3,0,82,1,15,,1113199,3,,,1,16,,1113217,3,0,82,1,56,,1113186,3,,,1,15,,1113174,3,0,82,1,13,,1113169,3,,,1,15,,1113207,3,0,82,1,56,,1113168,3,,,1,15,,1113212,3,0,82,1,15,,1113218,3,,,1,16,,1113219,3,0,82,1,54,,1113184,3,,,1,15,,1113182,3,0,82,1,15,,1113215,3,,,1,15,,1113205,3,0,82,1,55,,1073874,3,,,1,15,,1113202,3,0,82,1,17,,1113193,3,,,1,14,,1113198,3,0,82,1,69,,1113188,3,,,1,30,,1113170,3,,,1,70,,1113204,3,,,1,30,,1113220,3,,,1,70,,1099697,3,,,1,30,,1113175,3,,,1,70,,1113179,3,,,1,30,,1113185,3,,,1,70,,1113209,3,,,1,30,,1113172,3,,,1,67,,1113197,3,,,1
1001,'17',710,,1113239,3,0,82,1,30,,1113233,3,0,82,1,72,,1113248,3,,,1,30,,1113254,3,,,1,70,,1113223,3,,,1,30,,1113255,3,,,1,70,,1113229,3,,,1,30,,1113222,3,,,1,70,,1113245,3,,,1,30,,1113226,3,,,1,70,,1113244,3,,,1,30,,1113228,3,,,1,70,,1113250,3,,,1,30,,1113252,3,,,1,70,,1113227,3,,,1,30,,1113238,3,,,1,70,,1113242,3,,,1,30,,1113256,3,,,1,70,,1113253,3,,,1,30,,1113247,3,,,1,70,,1113221,3,,,1,30,,1113236,3,,,1,70,,1113241,3,,,1,30,,1113232,3,0,82,1,70,,1113225,3,0,82,1,28,,1113224,3,0,82,1,72,,1113249,3,0,82,1,30,,1113234,3,0,82,1,70,,1113246,3,0,82,1,30,,1113243,3,0,82,1,70,,1113231,3,0,82,1,30,,1113235,3,0,82,1,70,,1113237,3,0,82,1
1001,'2',705,,1113272,3,0,82,1,35,,1113264,3,0,82,1,70,,1113288,3,0,82,1,30,,1113273,3,,,1,70,,1113279,3,,,1,30,,1113282,3,,,1,70,,1113266,3,,,1,30,,1113260,3,,,1,70,,1113283,3,,,1,30,,1113289,3,,,1,70,,1113259,3,,,1,30,,1113284,3,,,1,70,,1113287,3,,,1,30,,1099907,3,,,1,70,,1113269,3,,,1,30,,1113257,3,,,1,70,,1001732,3,,,1,30,,1113262,3,,,1,70,,1113275,3,,,1,30,,1113271,3,,,1,70,,1113290,3,,,1,30,,1113270,3,,,1,70,,1113281,3,,,1,30,,1113274,3,,,1,70,,1113276,3,,,1,30,,1113285,3,,,1,70,,1113286,3,,,1,30,,1113258,3,,,1,70,,1113263,3,,,1,30,,1113265,3,,,1,70,,1113268,3,,,1,30,,1113261,3,,,1,65,,1077775,3,0,82,1,29,,1049105,3,0,82,1,70,,1113280,3,0,82,1,30,,1113278,3,0,82,1
1001,'3',710,,1113309,3,0,82,1,30,,1113303,3,0,82,1,72,,1113318,3,,,1,30,,1113324,3,,,1,70,,1113293,3,,,1,30,,1113325,3,,,1,70,,1113299,3,,,1,30,,1113292,3,,,1,70,,1113315,3,,,1,30,,1113296,3,,,1,70,,1113314,3,,,1,30,,1113298,3,,,1,70,,1113320,3,,,1,30,,1113322,3,,,1,70,,1113297,3,,,1,30,,1113308,3,,,1,70,,1113312,3,,,1,30,,1113326,3,,,1,70,,1113323,3,,,1,30,,1113317,3,,,1,70,,1113291,3,,,1,30,,1113306,3,,,1,70,,1113311,3,,,1,30,,1113302,3,0,82,1,70,,1113295,3,0,82,1,28,,1113294,3,0,82,1,72,,1113319,3,0,82,1,30,,1113304,3,0,82,1,70,,1113316,3,0,82,1,30,,1113313,3,0,82,1,70,,1113301,3,0,82,1,30,,1113305,3,0,82,1,70,,1113307,3,0,82,1
1001,'4',710,,1113347,3,0,82,1,30,,1113330,3,0,82,1,72,,1113352,3,,,1,30,,1113346,3,,,1,70,,1113331,3,,,1,30,,1113349,3,,,1,70,,1113353,3,,,1,30,,1097747,3,,,1,70,,1113356,3,,,1,30,,1063977,3,,,1,70,,1113348,3,,,1,30,,1084076,3,,,1,70,,1113339,3,,,1,30,,1113357,3,,,1,70,,1113340,3,,,1,30,,1113334,3,,,1,70,,1113336,3,,,1,30,,1113354,3,,,1,70,,1113329,3,,,1,30,,1113342,3,,,1,70,,1113333,3,,,1,30,,1096337,3,,,1,70,,1113338,3,,,1,30,,1113355,3,0,82,1,70,,1113328,3,0,82,1,28,,1113344,3,0,82,1,72,,1113345,3,0,82,1,30,,1113343,3,0,82,1,70,,1113350,3,0,82,1,30,,1113335,3,0,82,1,70,,1113337,3,0,82,1,30,,1113332,3,0,82,1,70,,1051391,3,0,82,1
1001,'5',527,,1113404,3,0,82,1,31,,1113365,3,,,1,76,,1113384,3,,,1,15,,1113361,3,0,82,1,55,,1072338,3,,,1,15,,1113367,3,0,82,1,14,,1113377,3,,,1,13,,1113364,3,0,82,1,55,,1113359,3,,,1,17,,1113385,3,0,82,1,12,,1113372,3,,,1,15,,1113403,3,0,82,1,14,,1077900,3,,,1,55,,1113383,3,0,82,1,16,,1113368,3,,,1,15,,1113388,3,0,82,1,55,,1113374,3,,,1,15,,1113399,3,0,82,1,15,,1113395,3,,,1,15,,1113401,3,0,82,1,14,,1113389,3,,,1,55,,1113366,3,0,82,1,15,,1113397,3,,,1,16,,1080072,3,0,82,1,55,,1113358,3,,,1,15,,1113387,3,0,82,1,15,,1113402,3,,,1,15,,1113394,3,0,82,1,56,,1113376,3,,,1,14,,1113360,3,0,82,1,15,,1113396,3,,,1,16,,1113392,3,0,82,1,56,,1113391,3,,,1,15,,1113393,3,0,82,1,13,,951932,3,,,1,15,,1113380,3,0,82,1,56,,1113398,3,,,1,15,,1113370,3,0,82,1,15,,1077894,3,,,1,16,,1113375,3,0,82,1,54,,1031165,3,,,1,15,,1082886,3,0,82,1,15,,1113381,3,,,1,15,,1018236,3,0,82,1,55,,1113379,3,,,1,15,,1113362,3,0,82,1,17,,1066492,3,,,1,14,,1113400,3,0,82,1,69,,1113386,3,,,1,30,,1113382,3,,,1,70,,1113369,3,,,1,30,,1053629,3,,,1,70,,1113363,3,,,1,30,,1101604,3,,,1,70,,1113378,3,,,1,30,,1113373,3,,,1,70,,1113371,3,,,1,30,,1113390,3,,,1,67,,1083567,3,,,1
1001,'6',527,,1113447,3,0,82,1,31,,1113440,3,,,1,76,,1113426,3,,,1,15,,1113422,3,0,82,1,55,,1113417,3,,,1,15,,1113430,3,0,82,1,14,,1113415,3,,,1,13,,1113420,3,0,82,1,55,,1113453,3,,,1,17,,1113433,3,0,82,1,12,,1113435,3,,,1,15,,1113449,3,0,82,1,14,,1113442,3,,,1,55,,1085724,3,0,82,1,16,,1113416,3,,,1,15,,1067517,3,0,82,1,55,,1039263,3,,,1,15,,1113452,3,0,82,1,15,,1113419,3,,,1,15,,1113434,3,0,82,1,14,,1113445,3,,,1,55,,1113431,3,0,82,1,15,,1113439,3,,,1,16,,1113406,3,0,82,1,55,,1113451,3,,,1,15,,1113429,3,0,82,1,15,,1113408,3,,,1,15,,1065207,3,0,82,1,56,,1007847,3,,,1,14,,1113428,3,0,82,1,15,,1113438,3,,,1,16,,1087015,3,0,82,1,56,,1113425,3,,,1,15,,1113413,3,0,82,1,13,,1113409,3,,,1,15,,1113446,3,0,82,1,56,,1113407,3,,,1,15,,1113450,3,0,82,1,15,,1019505,3,,,1,16,,1113454,3,0,82,1,54,,1113423,3,,,1,15,,1113421,3,0,82,1,15,,1019713,3,,,1,15,,1113444,3,0,82,1,55,,1113412,3,,,1,15,,1113441,3,0,82,1,17,,1113432,3,,,1,14,,1113437,3,0,82,1,69,,1113427,3,,,1,30,,1113410,3,,,1,70,,1113443,3,,,1,30,,1113455,3,,,1,70,,1113405,3,,,1,30,,1113414,3,,,1,70,,1113418,3,,,1,30,,1113424,3,,,1,70,,1113448,3,,,1,30,,1113411,3,,,1,67,,1113436,3,,,1
1001,'7',705,,1113482,3,0,82,1,35,,1113481,3,0,82,1,70,,1113485,3,0,82,1,30,,1113461,3,,,1,70,,1113462,3,,,1,30,,1113457,3,,,1,70,,1113486,3,,,1,30,,1113465,3,,,1,70,,1113456,3,,,1,30,,1113471,3,,,1,70,,1113472,3,,,1,30,,1113475,3,,,1,70,,1113491,3,,,1,30,,1113479,3,,,1,70,,1113488,3,,,1,30,,1113487,3,,,1,70,,1113469,3,,,1,30,,1113473,3,,,1,70,,1113467,3,,,1,30,,1113458,3,,,1,70,,1113493,3,,,1,30,,1113477,3,,,1,70,,1113474,3,,,1,30,,1113464,3,,,1,70,,1113470,3,,,1,30,,1113468,3,,,1,70,,1113492,3,,,1,30,,1113484,3,,,1,70,,1113460,3,,,1,30,,1113478,3,,,1,70,,1113494,3,,,1,30,,1113490,3,,,1,65,,1113489,3,0,82,1,29,,1113476,3,0,82,1,70,,1113483,3,0,82,1,30,,1113463,3,0,82,1
1001,'8',527,,1113539,3,0,82,1,31,,1113532,3,,,1,76,,1113518,3,,,1,15,,1113514,3,0,82,1,55,,1113509,3,,,1,15,,1113522,3,0,82,1,14,,1113507,3,,,1,13,,1113512,3,0,82,1,55,,1113549,3,,,1,17,,1113525,3,0,82,1,12,,1113527,3,,,1,15,,1113541,3,0,82,1,14,,1113534,3,,,1,55,,1113548,3,0,82,1,16,,1113508,3,,,1,15,,1113501,3,0,82,1,55,,1113546,3,,,1,15,,1113545,3,0,82,1,15,,1113511,3,,,1,15,,1113526,3,0,82,1,14,,1113537,3,,,1,55,,1113523,3,0,82,1,15,,1113531,3,,,1,16,,1113496,3,0,82,1,55,,1113544,3,,,1,15,,1113521,3,0,82,1,15,,1113498,3,,,1,15,,1113504,3,0,82,1,56,,1113542,3,,,1,14,,1113520,3,0,82,1,15,,1113530,3,,,1,16,,1113550,3,0,82,1,56,,1113517,3,,,1,15,,1113505,3,0,82,1,13,,1113499,3,,,1,15,,1113538,3,0,82,1,56,,1113497,3,,,1,15,,1113543,3,0,82,1,15,,1113551,3,,,1,16,,1113552,3,0,82,1,54,,1113515,3,,,1,15,,1113513,3,0,82,1,15,,1113547,3,,,1,15,,1113536,3,0,82,1,55,,1113503,3,,,1,15,,1113533,3,0,82,1,17,,1113524,3,,,1,14,,1113529,3,0,82,1,69,,1113519,3,,,1,30,,1113500,3,,,1,70,,1113535,3,,,1,30,,1113553,3,,,1,70,,1113495,3,,,1,30,,1113506,3,,,1,70,,1113510,3,,,1,30,,1113516,3,,,1,70,,1113540,3,,,1,30,,1113502,3,,,1,67,,1113528,3,,,1
1001,'9',527,,1113600,3,0,82,1,31,,1113561,3,,,1,76,,1113580,3,,,1,15,,1113557,3,0,82,1,55,,1072260,3,,,1,15,,1113563,3,0,82,1,14,,1113573,3,,,1,13,,1113560,3,0,82,1,55,,1113555,3,,,1,17,,1113581,3,0,82,1,12,,1113568,3,,,1,15,,1113599,3,0,82,1,14,,1077799,3,,,1,55,,1113579,3,0,82,1,16,,1113564,3,,,1,15,,1113584,3,0,82,1,55,,1113570,3,,,1,15,,1113595,3,0,82,1,15,,1113591,3,,,1,15,,1113597,3,0,82,1,14,,1113585,3,,,1,55,,1113562,3,0,82,1,15,,1113593,3,,,1,16,,1080043,3,0,82,1,55,,1113554,3,,,1,15,,1113583,3,0,82,1,15,,1113598,3,,,1,15,,1113590,3,0,82,1,56,,1113572,3,,,1,14,,1113556,3,0,82,1,15,,1113592,3,,,1,16,,1113588,3,0,82,1,56,,1113587,3,,,1,15,,1113589,3,0,82,1,13,,951903,3,,,1,15,,1113576,3,0,82,1,56,,1113594,3,,,1,15,,1113566,3,0,82,1,15,,1077793,3,,,1,16,,1113571,3,0,82,1,54,,1031321,3,,,1,15,,1082866,3,0,82,1,15,,1113577,3,,,1,15,,1018513,3,0,82,1,55,,1113575,3,,,1,15,,1113558,3,0,82,1,17,,1066376,3,,,1,14,,1113596,3,0,82,1,69,,1113582,3,,,1,30,,1113578,3,,,1,70,,1113565,3,,,1,30,,1053806,3,,,1,70,,1113559,3,,,1,30,,1101556,3,,,1,70,,1113574,3,,,1,30,,1113569,3,,,1,70,,1113567,3,,,1,30,,1113586,3,,,1,67,,1083438,3,,,1
4900,'1',803,,1146044,3,,,1,28,,1146030,3,,,1,72,,1146036,3,,,1,100,,1146033,3,,,1,200,,1146042,3,,,1,200,,1146040,3,,,1,99,,1093404,3,,,1,32,,1146043,3,,,1,70,,1146034,3,,,1,30,,1146035,3,,,1,70,,1146039,3,,,1,29,,1146041,3,,,1,77,,1146031,3,,,1,42,,1146032,3,,,1,100,,1146038,3,,,1,268,,1146037,3,,,1
4900,'10',803,,1146059,3,,,1,28,,1146045,3,,,1,72,,1146051,3,,,1,100,,1146048,3,,,1,200,,1146057,3,,,1,200,,1146055,3,,,1,99,,1093088,3,,,1,32,,1146058,3,,,1,70,,1146049,3,,,1,30,,1146050,3,,,1,70,,1146054,3,,,1,29,,1146056,3,,,1,77,,1146046,3,,,1,42,,1146047,3,,,1,100,,1146053,3,,,1,268,,1146052,3,,,1
4900,'11',803,,1146074,3,,,1,28,,1146060,3,,,1,72,,1146066,3,,,1,100,,1146063,3,,,1,200,,1146072,3,,,1,200,,1146070,3,,,1,99,,1093495,3,,,1,32,,1146073,3,,,1,70,,1146064,3,,,1,30,,1146065,3,,,1,70,,1146069,3,,,1,29,,1146071,3,,,1,77,,1146061,3,,,1,42,,1146062,3,,,1,100,,1146068,3,,,1,268,,1146067,3,,,1
4900,'12',803,,1146087,3,,,1,28,,1146082,3,,,1,72,,1146081,3,,,1,100,,1146086,3,,,1,200,,1146080,3,,,1,200,,994781,3,,,1,99,,1146085,3,,,1,32,,1146076,3,,,1,70,,1063019,3,,,1,30,,1146078,3,,,1,70,,1146075,3,,,1,29,,1146084,3,,,1,77,,1146077,3,,,1,42,,1072808,3,,,1,100,,1146079,3,,,1,268,,1146083,3,,,1
4900,'13',927,,1146091,3,,,1,100,,1146093,3,,,1,100,,1146090,3,,,1,100,,1094507,3,,,1,100,,1146095,3,,,1,100,,1146089,3,,,1,100,,1146088,3,,,1,100,,1146092,3,,,1,100,,1146094,3,,,1
4900,'14',803,,1146111,3,,,1,28,,1146096,3,,,1,72,,1146103,3,,,1,100,,1146100,3,,,1,200,,1146109,3,,,1,200,,1146107,3,,,1,99,,1146098,3,,,1,32,,1146110,3,,,1,70,,1146101,3,,,1,30,,1146102,3,,,1,70,,1146106,3,,,1,29,,1146108,3,,,1,77,,1146097,3,,,1,42,,1146099,3,,,1,100,,1146105,3,,,1,268,,1146104,3,,,1
4900,'15',803,,1146121,3,,,1,28,,1146118,3,,,1,72,,1146114,3,,,1,100,,1146112,3,,,1,200,,1146126,3,,,1,200,,1146119,3,,,1,99,,1146113,3,,,1,32,,1146117,3,,,1,70,,1146124,3,,,1,30,,1146115,3,,,1,70,,1146123,3,,,1,29,,1146116,3,,,1,77,,1146122,3,,,1,42,,1146125,3,,,1,100,,1146120,3,,,1,268,,1146127,3,,,1
4900,'16',803,,1146143,3,,,1,28,,1146137,3,,,1,72,,1146136,3,,,1,100,,1146142,3,,,1,200,,1146135,3,,,1,200,,1146128,3,,,1,99,,1146141,3,,,1,32,,1146130,3,,,1,70,,1146140,3,,,1,30,,1146132,3,,,1,70,,1146129,3,,,1,29,,1146139,3,,,1,77,,1146131,3,,,1,42,,1146134,3,,,1,100,,1146133,3,,,1,268,,1146138,3,,,1
4900,'17',927,,1146148,3,,,1,100,,1146150,3,,,1,100,,1146147,3,,,1,100,,1146146,3,,,1,100,,1146152,3,,,1,100,,1146145,3,,,1,100,,1146144,3,,,1,100,,1146149,3,,,1,100,,1146151,3,,,1
4900,'2',948,,1146153,3,,,1,100,,1146156,3,,,1,100,,1146154,3,,,1,100,,1146157,3,,,1,100,,1146161,3,,,1,100,,1146159,3,,,1,100,,1146155,3,,,1,100,,1146160,3,,,1,100,,836709,3,,,1,100,,1146158,3,,,1
4900,'3',927,,1146166,3,,,1,100,,1146168,3,,,1,100,,1146165,3,,,1,100,,1146164,3,,,1,100,,1146170,3,,,1,100,,1146163,3,,,1,100,,1146162,3,,,1,100,,1146167,3,,,1,100,,1146169,3,,,1
4900,'4',927,,1146177,3,,,1,100,,1146175,3,,,1,100,,1146172,3,,,1,100,,1146178,3,,,1,100,,1146176,3,,,1,100,,1087964,3,,,1,100,,1146173,3,,,1,100,,1146174,3,,,1,100,,1146171,3,,,1
4900,'5',803,,1146193,3,,,1,28,,1146179,3,,,1,72,,1146185,3,,,1,100,,1146182,3,,,1,200,,1146191,3,,,1,200,,1146189,3,,,1,99,,1093349,3,,,1,32,,1146192,3,,,1,70,,1146183,3,,,1,30,,1146184,3,,,1,70,,1146188,3,,,1,29,,1146190,3,,,1,77,,1146180,3,,,1,42,,1146181,3,,,1,100,,1146187,3,,,1,268,,1146186,3,,,1
4900,'6',803,,1146206,3,,,1,28,,1146203,3,,,1,72,,1146202,3,,,1,100,,1065578,3,,,1,200,,1146201,3,,,1,200,,1146194,3,,,1,99,,1092527,3,,,1,32,,1146196,3,,,1,70,,1146205,3,,,1,30,,1146198,3,,,1,70,,1146195,3,,,1,29,,1036649,3,,,1,77,,1146197,3,,,1,42,,1146200,3,,,1,100,,1146199,3,,,1,268,,1146204,3,,,1
4900,'7',948,,1146210,3,,,1,100,,1146212,3,,,1,100,,1146209,3,,,1,100,,1146207,3,,,1,100,,1146214,3,,,1,100,,1146208,3,,,1,100,,1146216,3,,,1,100,,1146215,3,,,1,100,,1146213,3,,,1,100,,1146211,3,,,1
4900,'8',803,,1146232,3,,,1,28,,1146226,3,,,1,72,,1146225,3,,,1,100,,1146231,3,,,1,200,,1146224,3,,,1,200,,1146217,3,,,1,99,,1146230,3,,,1,32,,1146219,3,,,1,70,,1146229,3,,,1,30,,1146221,3,,,1,70,,1146218,3,,,1,29,,1146228,3,,,1,77,,1146220,3,,,1,42,,1146223,3,,,1,100,,1146222,3,,,1,268,,1146227,3,,,1
4900,'9',803,,1146247,3,,,1,28,,1146233,3,,,1,72,,1146239,3,,,1,100,,1146236,3,,,1,200,,1146245,3,,,1,200,,1146243,3,,,1,99,,1093193,3,,,1,32,,1146246,3,,,1,70,,1146237,3,,,1,30,,1146238,3,,,1,70,,1146242,3,,,1,29,,1146244,3,,,1,77,,1146234,3,,,1,42,,1146235,3,,,1,100,,1146241,3,,,1,268,,1146240,3,,,1
4901,'1',621,,1146248,20,,,1,30,,1146261,20,,,1,70,,1103492,20,,,1,31,,1146258,20,,,1,60,,1146265,20,,,1,21,,1146255,20,,,1,70,,1146259,20,,,1,132,,1146254,20,,,1,200,,1146250,20,,,1,200,,1146256,20,,,1,68,,1146257,20,,,1,34,,1146264,20,,,1,71,,1146252,20,,,1,31,,1146263,20,,,1,69,,1146249,20,,,1,30,,1146251,20,,,1,69,,1146253,20,,,1,35,,1146260,20,,,1,82,,1146262,20,,,1
4901,'10',621,,1146266,20,,,1,30,,1146279,20,,,1,70,,1103486,20,,,1,31,,1146276,20,,,1,60,,1146283,20,,,1,21,,1146273,20,,,1,70,,1146277,20,,,1,132,,1146272,20,,,1,200,,1146268,20,,,1,200,,1146274,20,,,1,68,,1146275,20,,,1,34,,1146282,20,,,1,71,,1146270,20,,,1,31,,1146281,20,,,1,69,,1146267,20,,,1,30,,1146269,20,,,1,69,,1146271,20,,,1,35,,1146278,20,,,1,82,,1146280,20,,,1
4901,'11',621,,1146284,20,,,1,30,,1146297,20,,,1,70,,1103494,20,,,1,31,,1146294,20,,,1,60,,1146301,20,,,1,21,,1146291,20,,,1,70,,1146295,20,,,1,132,,1146290,20,,,1,200,,1146286,20,,,1,200,,1146292,20,,,1,68,,1146293,20,,,1,34,,1146300,20,,,1,71,,1146288,20,,,1,31,,1146299,20,,,1,69,,1146285,20,,,1,30,,1146287,20,,,1,69,,1146289,20,,,1,35,,1146296,20,,,1,82,,1146298,20,,,1
4901,'12',621,,1146314,20,,,1,30,,1146307,20,,,1,70,,1146317,20,,,1,31,,1146304,20,,,1,60,,1146308,20,,,1,21,,1066081,20,,,1,70,,1146306,20,,,1,132,,1049960,20,,,1,200,,1045164,20,,,1,200,,1146310,20,,,1,68,,1146316,20,,,1,34,,1146309,20,,,1,71,,1146312,20,,,1,31,,1146313,20,,,1,69,,1146305,20,,,1,30,,1146311,20,,,1,69,,1146315,20,,,1,35,,1146302,20,,,1,82,,1146303,20,,,1
4901,'13',854,,1146325,20,,,1,100,,1091127,20,,,1,100,,1146318,20,,,1,100,,1146322,20,,,1,100,,1146323,20,,,1,100,,1146319,20,,,1,100,,1146321,20,,,1,100,,1146324,20,,,1,100,,1146326,20,,,1,100,,1146320,20,,,1
4901,'14',621,,1146327,20,,,1,30,,1146341,20,,,1,70,,1146331,20,,,1,31,,1146338,20,,,1,60,,1146345,20,,,1,21,,1146335,20,,,1,70,,1146339,20,,,1,132,,1146334,20,,,1,200,,1146329,20,,,1,200,,1146336,20,,,1,68,,1146337,20,,,1,34,,1146344,20,,,1,71,,1146332,20,,,1,31,,1146343,20,,,1,69,,1146328,20,,,1,30,,1146330,20,,,1,69,,1146333,20,,,1,35,,1146340,20,,,1,82,,1146342,20,,,1
4901,'15',621,,1146348,20,,,1,30,,1146361,20,,,1,70,,1146354,20,,,1,31,,1146351,20,,,1,60,,1146350,20,,,1,21,,1146346,20,,,1,70,,1146352,20,,,1,132,,1146363,20,,,1,200,,1146358,20,,,1,200,,1146359,20,,,1,68,,1146347,20,,,1,34,,1146364,20,,,1,71,,1146362,20,,,1,31,,1146353,20,,,1,69,,1146349,20,,,1,30,,1146360,20,,,1,69,,1146356,20,,,1,35,,1146355,20,,,1,82,,1146357,20,,,1
4901,'16',621,,1146379,20,,,1,30,,1146371,20,,,1,70,,1146380,20,,,1,31,,1146368,20,,,1,60,,1146372,20,,,1,21,,1146367,20,,,1,70,,1146370,20,,,1,132,,1146366,20,,,1,200,,1146377,20,,,1,200,,1146374,20,,,1,68,,1066571,20,,,1,34,,1146373,20,,,1,71,,1146376,20,,,1,31,,1146378,20,,,1,69,,1146369,20,,,1,30,,1146375,20,,,1,69,,1088205,20,,,1,35,,1146365,20,,,1,82,,1066982,20,,,1
4901,'17',854,,1146389,20,,,1,100,,1146381,20,,,1,100,,1146382,20,,,1,100,,1146386,20,,,1,100,,1146387,20,,,1,100,,1146383,20,,,1,100,,1146385,20,,,1,100,,1146388,20,,,1,100,,1146390,20,,,1,100,,1146384,20,,,1
4901,'2',915,,1146398,20,,,1,100,,1146391,20,,,1,100,,1146397,20,,,1,100,,1146396,20,,,1,100,,1146392,20,,,1,100,,1146393,20,,,1,100,,1146394,20,,,1,100,,1146400,20,,,1,100,,1146399,20,,,1,100,,1146395,20,,,1
4901,'3',854,,1146409,20,,,1,100,,1146401,20,,,1,100,,1146402,20,,,1,100,,1146406,20,,,1,100,,1146407,20,,,1,100,,1146403,20,,,1,100,,1146405,20,,,1,100,,1146408,20,,,1,100,,1146410,20,,,1,100,,1146404,20,,,1
4901,'4',854,,1146414,20,,,1,100,,1146417,20,,,1,100,,1146412,20,,,1,100,,1146415,20,,,1,100,,1146411,20,,,1,100,,1146416,20,,,1,100,,1037604,20,,,1,100,,1146413,20,,,1,100,,1146418,20,,,1,100,,1146419,20,,,1
4901,'5',621,,1146420,20,,,1,30,,1146433,20,,,1,70,,1103490,20,,,1,31,,1146430,20,,,1,60,,1146437,20,,,1,21,,1146427,20,,,1,70,,1146431,20,,,1,132,,1146426,20,,,1,200,,1146422,20,,,1,200,,1146428,20,,,1,68,,1146429,20,,,1,34,,1146436,20,,,1,71,,1146424,20,,,1,31,,1146435,20,,,1,69,,1146421,20,,,1,30,,1146423,20,,,1,69,,1146425,20,,,1,35,,1146432,20,,,1,82,,1146434,20,,,1
4901,'6',621,,1146451,20,,,1,30,,1146444,20,,,1,70,,1089621,20,,,1,31,,1146441,20,,,1,60,,1146445,20,,,1,21,,1146440,20,,,1,70,,1146443,20,,,1,132,,1146438,20,,,1,200,,1146449,20,,,1,200,,1146447,20,,,1,68,,1146453,20,,,1,34,,1146446,20,,,1,71,,1146448,20,,,1,31,,1146450,20,,,1,69,,1146442,20,,,1,30,,999985,20,,,1,69,,1146452,20,,,1,35,,1081432,20,,,1,82,,1146439,20,,,1
4901,'7',915,,1146458,20,,,1,100,,1146459,20,,,1,100,,1146454,20,,,1,100,,1146455,20,,,1,100,,1146461,20,,,1,100,,1146457,20,,,1,100,,1146456,20,,,1,100,,1146462,20,,,1,100,,1146460,20,,,1,100,,1146463,20,,,1
4901,'8',621,,1146479,20,,,1,30,,1146471,20,,,1,70,,1146482,20,,,1,31,,1146468,20,,,1,60,,1146472,20,,,1,21,,1146467,20,,,1,70,,1146470,20,,,1,132,,1146465,20,,,1,200,,1146477,20,,,1,200,,1146474,20,,,1,68,,1146481,20,,,1,34,,1146473,20,,,1,71,,1146476,20,,,1,31,,1146478,20,,,1,69,,1146469,20,,,1,30,,1146475,20,,,1,69,,1146480,20,,,1,35,,1146464,20,,,1,82,,1146466,20,,,1
4901,'9',621,,1146483,20,,,1,30,,1146496,20,,,1,70,,1103488,20,,,1,31,,1146493,20,,,1,60,,1146500,20,,,1,21,,1146490,20,,,1,70,,1146494,20,,,1,132,,1146489,20,,,1,200,,1146485,20,,,1,200,,1146491,20,,,1,68,,1146492,20,,,1,34,,1146499,20,,,1,71,,1146487,20,,,1,31,,1146498,20,,,1,69,,1146484,20,,,1,30,,1146486,20,,,1,69,,1146488,20,,,1,35,,1146495,20,,,1,82,,1146497,20,,,1
8800,'1',454,,1174862,46,,,1,74,,1174875,46,,,1,72,,1174863,46,,,1,32,,1174868,46,,,1,17,,1174872,46,,,1,57,,1174844,46,,,1,15,,1174849,46,,,1,10,,888757,47,,,1,12,,1174842,47,,,1,11,,1174869,47,,,1,52,,1174874,47,,,1,10,,1174890,47,,,1,10,,1174858,47,,,1,11,,1174873,47,,,1,15,,1174831,47,,,1,57,,1174836,47,,,1,13,,1174832,47,,,1,14,,1061751,47,,,1,14,,1174827,47,,,1,54,,1174880,47,,,1,16,,1174833,29,,,1,14,,1174865,47,,,1,16,,1174879,29,,,1,54,,1174867,47,,,1,15,,1174877,29,,,1,15,,1174886,47,,,1,15,,1174835,29,,,1,55,,1174839,47,,,1,15,,1090240,29,,,1,15,,1174889,47,,,1,15,,1174824,29,,,1,55,,1174823,47,,,1,15,,1174882,29,,,1,15,,1096445,47,,,1,15,,1174888,29,,,1,55,,1174881,47,,,1,16,,1174826,29,,,1,10,,1174855,47,,,1,12,,1174846,29,,,1,4,,1174840,29,,,1,61,,1085599,47,,,1,10,,1174845,29,,,1,8,,1174850,29,,,1,12,,1174876,47,,,1,12,,1174852,29,,,1,51,,1174825,29,,,1,9,,1174841,47,,,1,12,,1103097,47,,,1,10,,1174856,47,,,1,8,,1174834,47,,,1,10,,1066538,47,,,1,7,,1174891,47,,,1,50,,1174843,47,,,1,13,,1174853,47,,,1,17,,1094154,47,,,1,13,,1174848,47,,,1,6,,1090866,47,,,1,49,,1097853,47,,,1,9,,1174851,47,,,1,11,,1174892,47,,,1,18,,1174859,47,,,1,13,,1174871,47,,,1,49,,1078296,47,,,1,19,,1174887,47,,,1,14,,1174884,29,,,1,13,,925009,47,,,1,54,,1174854,29,,,1,15,,1174893,47,,,1,13,,1079305,29,,,1,15,,1174838,47,,,1,53,,1174866,29,,,1,15,,1174828,47,,,1,15,,1174894,47,,,1,20,,1174857,47,,,1,60,,1174837,47,,,1,14,,1174847,47,,,1,24,,1174830,47,,,1,57,,1174870,46,,,1,21,,1174878,46,,,1,26,,1174860,46,,,1,69,,1174861,46,,,1,33,,1174864,46,,,1,70,,1174883,46,,,1
8800,'10',454,,1174934,46,,,1,74,,1174947,46,,,1,72,,1174935,46,,,1,32,,1174940,46,,,1,17,,1174944,46,,,1,57,,1174916,46,,,1,15,,1174921,46,,,1,10,,888807,47,,,1,12,,1174914,47,,,1,11,,1174941,47,,,1,52,,1174946,47,,,1,10,,1174962,47,,,1,10,,1174930,47,,,1,11,,1174945,47,,,1,15,,1174903,47,,,1,57,,1174908,47,,,1,13,,1174904,47,,,1,14,,1061526,47,,,1,14,,1174899,47,,,1,54,,1174952,47,,,1,16,,1174905,29,,,1,14,,1174937,47,,,1,16,,1174951,29,,,1,54,,1174939,47,,,1,15,,1174949,29,,,1,15,,1174958,47,,,1,15,,1174907,29,,,1,55,,1174911,47,,,1,15,,1090096,29,,,1,15,,1174961,47,,,1,15,,1174896,29,,,1,55,,1174895,47,,,1,15,,1174954,29,,,1,15,,1096229,47,,,1,15,,1174960,29,,,1,55,,1174953,47,,,1,16,,1174898,29,,,1,10,,1174927,47,,,1,12,,1174918,29,,,1,4,,1174912,29,,,1,61,,1085342,47,,,1,10,,1174917,29,,,1,8,,1174922,29,,,1,12,,1174948,47,,,1,12,,1174924,29,,,1,51,,1174897,29,,,1,9,,1174913,47,,,1,12,,1103079,47,,,1,10,,1174928,47,,,1,8,,1174906,47,,,1,10,,1066316,47,,,1,7,,1174963,47,,,1,50,,1174915,47,,,1,13,,1174925,47,,,1,17,,1093934,47,,,1,13,,1174920,47,,,1,6,,1090625,47,,,1,49,,1097629,47,,,1,9,,1174923,47,,,1,11,,1174964,47,,,1,18,,1174931,47,,,1,13,,1174943,47,,,1,49,,1078084,47,,,1,19,,1174959,47,,,1,14,,1174956,29,,,1,13,,925060,47,,,1,54,,1174926,29,,,1,15,,1174965,47,,,1,13,,1079291,29,,,1,15,,1174910,47,,,1,53,,1174938,29,,,1,15,,1174900,47,,,1,15,,1174966,47,,,1,20,,1174929,47,,,1,60,,1174909,47,,,1,14,,1174919,47,,,1,24,,1174902,47,,,1,57,,1174942,46,,,1,21,,1174950,46,,,1,26,,1174932,46,,,1,69,,1174933,46,,,1,33,,1174936,46,,,1,70,,1174955,46,,,1
8800,'11',454,,1175006,46,,,1,74,,1175019,46,,,1,72,,1175007,46,,,1,32,,1175012,46,,,1,17,,1175016,46,,,1,57,,1174988,46,,,1,15,,1174993,46,,,1,10,,888649,47,,,1,12,,1174986,47,,,1,11,,1175013,47,,,1,52,,1175018,47,,,1,10,,1175034,47,,,1,10,,1175002,47,,,1,11,,1175017,47,,,1,15,,1174975,47,,,1,57,,1174980,47,,,1,13,,1174976,47,,,1,14,,1061818,47,,,1,14,,1174971,47,,,1,54,,1175024,47,,,1,16,,1174977,29,,,1,14,,1175009,47,,,1,16,,1175023,29,,,1,54,,1175011,47,,,1,15,,1175021,29,,,1,15,,1175030,47,,,1,15,,1174979,29,,,1,55,,1174983,47,,,1,15,,1090284,29,,,1,15,,1175033,47,,,1,15,,1174968,29,,,1,55,,1174967,47,,,1,15,,1175026,29,,,1,15,,1096504,47,,,1,15,,1175032,29,,,1,55,,1175025,47,,,1,16,,1174970,29,,,1,10,,1174999,47,,,1,12,,1174990,29,,,1,4,,1174984,29,,,1,61,,1085679,47,,,1,10,,1174989,29,,,1,8,,1174994,29,,,1,12,,1175020,47,,,1,12,,1174996,29,,,1,51,,1174969,29,,,1,9,,1174985,47,,,1,12,,1103103,47,,,1,10,,1175000,47,,,1,8,,1174978,47,,,1,10,,1066605,47,,,1,7,,1175035,47,,,1,50,,1174987,47,,,1,13,,1174997,47,,,1,17,,1094217,47,,,1,13,,1174992,47,,,1,6,,1090937,47,,,1,49,,1097921,47,,,1,9,,1174995,47,,,1,11,,1175036,47,,,1,18,,1175003,47,,,1,13,,1175015,47,,,1,49,,1078358,47,,,1,19,,1175031,47,,,1,14,,1175028,29,,,1,13,,924898,47,,,1,54,,1174998,29,,,1,15,,1175037,47,,,1,13,,1079310,29,,,1,15,,1174982,47,,,1,53,,1175010,29,,,1,15,,1174972,47,,,1,15,,1175038,47,,,1,20,,1175001,47,,,1,60,,1174981,47,,,1,14,,1174991,47,,,1,24,,1174974,47,,,1,57,,1175014,46,,,1,21,,1175022,46,,,1,26,,1175004,46,,,1,69,,1175005,46,,,1,33,,1175008,46,,,1,70,,1175027,46,,,1
8800,'12',454,,1175101,46,,,1,74,,1175108,46,,,1,72,,1175053,46,,,1,32,,1175084,46,,,1,17,,1175104,46,,,1,57,,1100935,46,,,1,15,,1175066,46,,,1,10,,1175074,47,,,1,12,,1175049,47,,,1,11,,1175107,47,,,1,52,,1175096,47,,,1,10,,1175052,47,,,1,10,,1175060,47,,,1,11,,1175048,47,,,1,15,,1175040,47,,,1,57,,1175070,47,,,1,13,,1175071,47,,,1,14,,1175059,47,,,1,14,,1095863,47,,,1,54,,1175073,47,,,1,16,,1175095,29,,,1,14,,1175091,47,,,1,16,,916390,29,,,1,54,,1175050,47,,,1,15,,1175057,29,,,1,15,,1081292,47,,,1,15,,1175081,29,,,1,55,,1175069,47,,,1,15,,1175056,29,,,1,15,,1175082,47,,,1,15,,1175075,29,,,1,55,,1175076,47,,,1,15,,1175078,29,,,1,15,,1175085,47,,,1,15,,1175065,29,,,1,55,,1175055,47,,,1,16,,1175051,29,,,1,10,,1175109,47,,,1,12,,1175043,29,,,1,4,,1175063,29,,,1,61,,1175099,47,,,1,10,,1033979,29,,,1,8,,1175072,29,,,1,12,,1175062,47,,,1,12,,1175080,29,,,1,51,,1092384,29,,,1,9,,1175045,47,,,1,12,,1175042,47,,,1,10,,1175047,47,,,1,8,,1175079,47,,,1,10,,1175077,47,,,1,7,,1175089,47,,,1,50,,1175093,47,,,1,13,,1091212,47,,,1,17,,1175054,47,,,1,13,,1175102,47,,,1,6,,1175094,47,,,1,49,,1072797,47,,,1,9,,1175039,47,,,1,11,,1175067,47,,,1,18,,1175064,47,,,1,13,,1175090,47,,,1,49,,1175088,47,,,1,19,,1175092,47,,,1,14,,1036325,29,,,1,13,,1175100,47,,,1,54,,1175103,29,,,1,15,,1175098,47,,,1,13,,1175087,29,,,1,15,,1074472,47,,,1,53,,1065750,29,,,1,15,,1080434,47,,,1,15,,1175105,47,,,1,20,,1073392,47,,,1,60,,1175058,47,,,1,14,,1175086,47,,,1,24,,1175061,47,,,1,57,,1175044,46,,,1,21,,1175068,46,,,1,26,,1096087,46,,,1,69,,1175041,46,,,1,33,,1175083,46,,,1,70,,1175046,46,,,1
8800,'13',633,,1175113,46,,,1,70,,1175125,46,,,1,30,,1175133,46,,,1,70,,1175141,46,,,1,30,,1175135,46,,,1,71,,1175136,46,,,1,30,,1062928,46,,,1,70,,1175110,46,,,1,30,,1175139,46,,,1,72,,1175131,46,,,1,30,,1175129,46,,,1,22,,1175117,46,,,1,60,,1175144,46,,,1,20,,1175122,46,,,1,20,,1175134,46,,,1,60,,1175145,46,,,1,20,,1175132,46,,,1,20,,1175120,46,,,1,60,,1175138,46,,,1,20,,1094758,46,,,1,62,,1175128,46,,,1,20,,1175142,46,,,1,20,,1175127,46,,,1,60,,1175112,46,,,1,20,,1175116,46,,,1,20,,1175124,46,,,1,19,,1175123,46,,,1,60,,1175137,46,,,1,20,,1092089,46,,,1,20,,1175118,46,,,1,61,,1175140,46,,,1,28,,1175114,46,,,1,70,,1175147,46,,,1,30,,1175130,46,,,1,70,,1175149,46,,,1,30,,1175126,46,,,1,70,,1175121,46,,,1,30,,1175119,46,,,1,70,,1175111,46,,,1,28,,1175148,46,,,1,70,,1175143,46,,,1,30,,1175115,46,,,1,70,,1175146,46,,,1
8800,'14',454,,1175195,46,,,1,74,,1175209,46,,,1,72,,1175196,46,,,1,32,,1175201,46,,,1,17,,1175205,46,,,1,57,,1175177,46,,,1,15,,1175182,46,,,1,10,,1175164,47,,,1,12,,1175175,47,,,1,11,,1175202,47,,,1,52,,1175208,47,,,1,10,,1175226,47,,,1,10,,1175191,47,,,1,11,,1175207,47,,,1,15,,1175162,47,,,1,57,,1175169,47,,,1,13,,1175163,47,,,1,14,,1175223,47,,,1,14,,1175156,47,,,1,54,,1175214,47,,,1,16,,1175166,29,,,1,14,,1175198,47,,,1,16,,1175213,29,,,1,54,,1175200,47,,,1,15,,1175211,29,,,1,15,,1175220,47,,,1,15,,1175168,29,,,1,55,,1175172,47,,,1,15,,1175165,29,,,1,15,,1175225,47,,,1,15,,1175151,29,,,1,55,,1175150,47,,,1,15,,1175216,29,,,1,15,,1175234,47,,,1,15,,1175222,29,,,1,55,,1175215,47,,,1,16,,1175154,29,,,1,10,,1175188,47,,,1,12,,1175179,29,,,1,4,,1175173,29,,,1,61,,1175224,47,,,1,10,,1175178,29,,,1,8,,1175183,29,,,1,12,,1175210,47,,,1,12,,1175185,29,,,1,51,,1175152,29,,,1,9,,1175174,47,,,1,12,,1175159,47,,,1,10,,1175189,47,,,1,8,,1175167,47,,,1,10,,1175229,47,,,1,7,,1175228,47,,,1,50,,1175176,47,,,1,13,,1175186,47,,,1,17,,1175227,47,,,1,13,,1175181,47,,,1,6,,1175158,47,,,1,49,,1175206,47,,,1,9,,1175184,47,,,1,11,,1175230,47,,,1,18,,1175192,47,,,1,13,,1175204,47,,,1,49,,1175155,47,,,1,19,,1175221,47,,,1,14,,1175218,29,,,1,13,,1175153,47,,,1,54,,1175187,29,,,1,15,,1175232,47,,,1,13,,1175231,29,,,1,15,,1175171,47,,,1,53,,1175199,29,,,1,15,,1175157,47,,,1,15,,1175233,47,,,1,20,,1175190,47,,,1,60,,1175170,47,,,1,14,,1175180,47,,,1,24,,1175161,47,,,1,57,,1175203,46,,,1,21,,1175212,46,,,1,26,,1175193,46,,,1,69,,1175194,46,,,1,33,,1175197,46,,,1,70,,1175217,46,,,1
8800,'15',454,,1175298,46,,,1,74,,1175282,46,,,1,72,,1175308,46,,,1,32,,1175248,46,,,1,17,,1175264,46,,,1,57,,1175265,46,,,1,15,,1175268,46,,,1,10,,1175263,47,,,1,12,,1175312,47,,,1,11,,1175292,47,,,1,52,,1175244,47,,,1,10,,1175314,47,,,1,10,,1175294,47,,,1,11,,1175238,47,,,1,15,,1175283,47,,,1,57,,1175304,47,,,1,13,,1175236,47,,,1,14,,1175269,47,,,1,14,,1175290,47,,,1,54,,1175277,47,,,1,16,,1175285,29,,,1,14,,1175276,47,,,1,16,,1175307,29,,,1,54,,1175309,47,,,1,15,,1175289,29,,,1,15,,1175251,47,,,1,15,,1175256,29,,,1,55,,1175293,47,,,1,15,,1175271,29,,,1,15,,1175261,47,,,1,15,,1175258,29,,,1,55,,1175257,47,,,1,15,,1175280,29,,,1,15,,1175313,47,,,1,15,,1175237,29,,,1,55,,1175249,47,,,1,16,,1175317,29,,,1,10,,1175306,47,,,1,12,,1175281,29,,,1,4,,1175315,29,,,1,61,,1175252,47,,,1,10,,1175301,29,,,1,8,,1175245,29,,,1,12,,1175296,47,,,1,12,,1175266,29,,,1,51,,1175275,29,,,1,9,,1175262,47,,,1,12,,1175310,47,,,1,10,,1175319,47,,,1,8,,1175302,47,,,1,10,,1175297,47,,,1,7,,1175254,47,,,1,50,,1175318,47,,,1,13,,1175274,47,,,1,17,,1175303,47,,,1,13,,1175291,47,,,1,6,,1175255,47,,,1,49,,1175287,47,,,1,9,,1175242,47,,,1,11,,1175286,47,,,1,18,,1175278,47,,,1,13,,1175259,47,,,1,49,,1175253,47,,,1,19,,1175240,47,,,1,14,,1175272,29,,,1,13,,1175279,47,,,1,54,,1175243,29,,,1,15,,1175239,47,,,1,13,,1175300,29,,,1,15,,1175316,47,,,1,53,,1175246,29,,,1,15,,1175295,47,,,1,15,,1175260,47,,,1,20,,1175273,47,,,1,60,,1175311,47,,,1,14,,1175270,47,,,1,24,,1175241,47,,,1,57,,1175235,46,,,1,21,,1175250,46,,,1,26,,1175267,46,,,1,69,,1175288,46,,,1,33,,1175299,46,,,1,70,,1175247,46,,,1
8800,'16',454,,1175390,46,,,1,74,,1175396,46,,,1,72,,1175345,46,,,1,32,,1175375,46,,,1,17,,1175392,46,,,1,57,,1175388,46,,,1,15,,1175358,46,,,1,10,,1175365,47,,,1,12,,1175341,47,,,1,11,,1068049,47,,,1,52,,1175387,47,,,1,10,,1175344,47,,,1,10,,1175352,47,,,1,11,,1175340,47,,,1,15,,1175330,47,,,1,57,,1085628,47,,,1,13,,1175362,47,,,1,14,,1175351,47,,,1,14,,1175321,47,,,1,54,,1175364,47,,,1,16,,1175386,29,,,1,14,,1175382,47,,,1,16,,1175326,29,,,1,54,,1175342,47,,,1,15,,1175349,29,,,1,15,,1175325,47,,,1,15,,1175372,29,,,1,55,,1175361,47,,,1,15,,1175348,29,,,1,15,,1175373,47,,,1,15,,1175366,29,,,1,55,,1175367,47,,,1,15,,1175369,29,,,1,15,,1175376,47,,,1,15,,1175357,29,,,1,55,,1175347,47,,,1,16,,1175343,29,,,1,10,,1083655,47,,,1,12,,1175332,29,,,1,4,,1175355,29,,,1,61,,1175389,47,,,1,10,,1175337,29,,,1,8,,1175363,29,,,1,12,,1175354,47,,,1,12,,1175371,29,,,1,51,,1175334,29,,,1,9,,1175336,47,,,1,12,,1175331,47,,,1,10,,1175339,47,,,1,8,,1175370,47,,,1,10,,1175368,47,,,1,7,,1175380,47,,,1,50,,1175384,47,,,1,13,,1175335,47,,,1,17,,1175346,47,,,1,13,,1175391,47,,,1,6,,1175385,47,,,1,49,,1175322,47,,,1,9,,1175323,47,,,1,11,,1175359,47,,,1,18,,1175356,47,,,1,13,,1175381,47,,,1,49,,1175379,47,,,1,19,,1175383,47,,,1,14,,1175320,29,,,1,13,,984123,47,,,1,54,,1071315,29,,,1,15,,1063675,47,,,1,13,,1175378,29,,,1,15,,1175327,47,,,1,53,,1175393,29,,,1,15,,1175329,47,,,1,15,,1175394,47,,,1,20,,1175324,47,,,1,60,,1175350,47,,,1,14,,1175377,47,,,1,24,,1175353,47,,,1,57,,1175333,46,,,1,21,,1175360,46,,,1,26,,1175328,46,,,1,69,,1072854,46,,,1,33,,1175374,46,,,1,70,,1175338,46,,,1
8800,'17',633,,1175400,46,,,1,70,,1175414,46,,,1,30,,1175422,46,,,1,70,,1175430,46,,,1,30,,1175424,46,,,1,71,,1175425,46,,,1,30,,1175407,46,,,1,70,,1175397,46,,,1,30,,1175428,46,,,1,72,,1175420,46,,,1,30,,1175418,46,,,1,22,,1175405,46,,,1,60,,1175433,46,,,1,20,,1175411,46,,,1,20,,1175423,46,,,1,60,,1175434,46,,,1,20,,1175421,46,,,1,20,,1175409,46,,,1,60,,1175427,46,,,1,20,,1175435,46,,,1,62,,1175417,46,,,1,20,,1175431,46,,,1,20,,1175416,46,,,1,60,,1175399,46,,,1,20,,1175404,46,,,1,20,,1175413,46,,,1,19,,1175412,46,,,1,60,,1175426,46,,,1,20,,1175401,46,,,1,20,,1175406,46,,,1,61,,1175429,46,,,1,28,,1175402,46,,,1,70,,1175437,46,,,1,30,,1175419,46,,,1,70,,1175439,46,,,1,30,,1175415,46,,,1,70,,1175410,46,,,1,30,,1175408,46,,,1,70,,1175398,46,,,1,28,,1175438,46,,,1,70,,1175432,46,,,1,30,,1175403,46,,,1,70,,1175436,46,,,1
8800,'2',542,,1175482,46,,,1,68,,1175462,46,,,1,30,,1175486,46,,,1,70,,1088422,46,,,1,30,,1175445,46,,,1,70,,1175451,46,,,1,30,,1175456,46,,,1,71,,1175481,46,,,1,30,,1175443,46,,,1,15,,1092317,28,,,1,57,,1175458,46,,,1,16,,1175444,28,,,1,18,,1175488,46,,,1,54,,1175479,28,,,1,16,,1175492,46,,,1,14,,1175442,28,,,1,17,,1175487,46,,,1,54,,1175483,28,,,1,16,,1175472,46,,,1,14,,1001143,28,,,1,17,,1175463,46,,,1,54,,1175449,28,,,1,18,,1175475,46,,,1,14,,1175469,28,,,1,16,,1175450,46,,,1,54,,1175496,28,,,1,16,,1175455,46,,,1,15,,1089900,28,,,1,17,,1175467,46,,,1,54,,1175494,28,,,1,16,,1175477,46,,,1,14,,1175441,28,,,1,16,,1175447,46,,,1,54,,1175461,28,,,1,16,,1175452,46,,,1,13,,1175459,28,,,1,16,,1175471,46,,,1,54,,1175480,28,,,1,16,,1175485,46,,,1,14,,1175440,28,,,1,16,,1175466,46,,,1,54,,1175473,28,,,1,16,,1175454,46,,,1,13,,1175468,28,,,1,15,,1175453,46,,,1,54,,1175489,28,,,1,16,,1175490,46,,,1,14,,1175478,28,,,1,16,,1175460,46,,,1,54,,1175446,28,,,1,16,,1175470,46,,,1,14,,1175464,28,,,1,16,,1175474,46,,,1,70,,1175476,46,,,1,30,,1175495,46,,,1,70,,1175457,46,,,1,28,,1175493,46,,,1,70,,1175465,46,,,1,30,,1175448,46,,,1,70,,1175491,46,,,1,30,,1094457,46,,,1,81,,1175484,46,,,1
8800,'3',633,,1175500,46,,,1,70,,1175514,46,,,1,30,,1175522,46,,,1,70,,1175530,46,,,1,30,,1175524,46,,,1,71,,1175525,46,,,1,30,,1175507,46,,,1,70,,1175497,46,,,1,30,,1175528,46,,,1,72,,1175520,46,,,1,30,,1175518,46,,,1,22,,1175505,46,,,1,60,,1175533,46,,,1,20,,1175511,46,,,1,20,,1175523,46,,,1,60,,1175534,46,,,1,20,,1175521,46,,,1,20,,1175509,46,,,1,60,,1175527,46,,,1,20,,1175535,46,,,1,62,,1175517,46,,,1,20,,1175531,46,,,1,20,,1175516,46,,,1,60,,1175499,46,,,1,20,,1175504,46,,,1,20,,1175513,46,,,1,19,,1175512,46,,,1,60,,1175526,46,,,1,20,,1175501,46,,,1,20,,1175506,46,,,1,61,,1175529,46,,,1,28,,1175502,46,,,1,70,,1175537,46,,,1,30,,1175519,46,,,1,70,,1175539,46,,,1,30,,1175515,46,,,1,70,,1175510,46,,,1,30,,1175508,46,,,1,70,,1175498,46,,,1,28,,1175538,46,,,1,70,,1175532,46,,,1,30,,1175503,46,,,1,70,,1175536,46,,,1
8800,'4',633,,1175565,46,,,1,70,,1175556,46,,,1,30,,1175575,46,,,1,70,,1073785,46,,,1,30,,1175545,46,,,1,71,,1175570,46,,,1,30,,1175577,46,,,1,70,,1175572,46,,,1,30,,1175551,46,,,1,72,,1175540,46,,,1,30,,1175541,46,,,1,22,,1175564,46,,,1,60,,1175547,46,,,1,20,,1175554,46,,,1,20,,1175580,46,,,1,60,,1175567,46,,,1,20,,1175574,46,,,1,20,,1175563,46,,,1,60,,1175550,46,,,1,20,,1175555,46,,,1,62,,1175566,46,,,1,20,,1175560,46,,,1,20,,1175579,46,,,1,60,,1175571,46,,,1,20,,1175553,46,,,1,20,,1175569,46,,,1,19,,1175561,46,,,1,60,,1175559,46,,,1,20,,1175573,46,,,1,20,,1175542,46,,,1,61,,1175562,46,,,1,28,,1175576,46,,,1,70,,1175568,46,,,1,30,,1175548,46,,,1,70,,1175578,46,,,1,30,,1175549,46,,,1,70,,1175543,46,,,1,30,,1175552,46,,,1,70,,1080430,46,,,1,28,,1175557,46,,,1,70,,1175558,46,,,1,30,,1175546,46,,,1,70,,1175544,46,,,1
8800,'5',454,,1175620,46,,,1,74,,1175633,46,,,1,72,,1175621,46,,,1,32,,1175626,46,,,1,17,,1175630,46,,,1,57,,1175602,46,,,1,15,,1175607,46,,,1,10,,888973,47,,,1,12,,1175600,47,,,1,11,,1175627,47,,,1,52,,1175632,47,,,1,10,,1175648,47,,,1,10,,1175616,47,,,1,11,,1175631,47,,,1,15,,1175589,47,,,1,57,,1175594,47,,,1,13,,1175590,47,,,1,14,,1061709,47,,,1,14,,1175585,47,,,1,54,,1175638,47,,,1,16,,1175591,29,,,1,14,,1175623,47,,,1,16,,1175637,29,,,1,54,,1175625,47,,,1,15,,1175635,29,,,1,15,,1175644,47,,,1,15,,1175593,29,,,1,55,,1175597,47,,,1,15,,1090217,29,,,1,15,,1175647,47,,,1,15,,1175582,29,,,1,55,,1175581,47,,,1,15,,1175640,29,,,1,15,,1096418,47,,,1,15,,1175646,29,,,1,55,,1175639,47,,,1,16,,1175584,29,,,1,10,,1175613,47,,,1,12,,1175604,29,,,1,4,,1175598,29,,,1,61,,1085555,47,,,1,10,,1175603,29,,,1,8,,1175608,29,,,1,12,,1175634,47,,,1,12,,1175610,29,,,1,51,,1175583,29,,,1,9,,1175599,47,,,1,12,,1103091,47,,,1,10,,1175614,47,,,1,8,,1175592,47,,,1,10,,1066499,47,,,1,7,,1175649,47,,,1,50,,1175601,47,,,1,13,,1175611,47,,,1,17,,1094115,47,,,1,13,,1175606,47,,,1,6,,1090832,47,,,1,49,,1097808,47,,,1,9,,1175609,47,,,1,11,,1175650,47,,,1,18,,1175617,47,,,1,13,,1175629,47,,,1,49,,1078258,47,,,1,19,,1175645,47,,,1,14,,1175642,29,,,1,13,,925214,47,,,1,54,,1175612,29,,,1,15,,1175651,47,,,1,13,,1079301,29,,,1,15,,1175596,47,,,1,53,,1175624,29,,,1,15,,1175586,47,,,1,15,,1175652,47,,,1,20,,1175615,47,,,1,60,,1175595,47,,,1,14,,1175605,47,,,1,24,,1175588,47,,,1,57,,1175628,46,,,1,21,,1175636,46,,,1,26,,1175618,46,,,1,69,,1175619,46,,,1,33,,1175622,46,,,1,70,,1175641,46,,,1
8800,'6',454,,1078856,46,,,1,74,,1050649,46,,,1,72,,1175675,46,,,1,32,,1175703,46,,,1,17,,1102908,46,,,1,57,,1175714,46,,,1,15,,1175686,46,,,1,10,,1175693,47,,,1,12,,1175671,47,,,1,11,,1175720,47,,,1,52,,1088977,47,,,1,10,,1175674,47,,,1,10,,1175682,47,,,1,11,,1175670,47,,,1,15,,1071525,47,,,1,57,,1175689,47,,,1,13,,1175690,47,,,1,14,,1175681,47,,,1,14,,1175654,47,,,1,54,,1175692,47,,,1,16,,1175713,29,,,1,14,,1175710,47,,,1,16,,1175659,29,,,1,54,,1175672,47,,,1,15,,1175679,29,,,1,15,,1175658,47,,,1,15,,1175700,29,,,1,55,,1175688,47,,,1,15,,1175678,29,,,1,15,,1175701,47,,,1,15,,1175694,29,,,1,55,,1175695,47,,,1,15,,1175697,29,,,1,15,,1175704,47,,,1,15,,1085718,29,,,1,55,,1175677,47,,,1,16,,1175673,29,,,1,10,,1175721,47,,,1,12,,1089842,29,,,1,4,,1175685,29,,,1,61,,1025226,47,,,1,10,,1175667,29,,,1,8,,1175691,29,,,1,12,,1175684,47,,,1,12,,1175699,29,,,1,51,,1175665,29,,,1,9,,1012897,47,,,1,12,,1043977,47,,,1,10,,1175669,47,,,1,8,,1175698,47,,,1,10,,1175696,47,,,1,7,,1175708,47,,,1,50,,1175711,47,,,1,13,,1175666,47,,,1,17,,1175676,47,,,1,13,,1076757,47,,,1,6,,1175712,47,,,1,49,,1175655,47,,,1,9,,1175656,47,,,1,11,,1098729,47,,,1,18,,1077715,47,,,1,13,,1175709,47,,,1,49,,1175707,47,,,1,19,,995736,47,,,1,14,,1175653,29,,,1,13,,1175717,47,,,1,54,,1175718,29,,,1,15,,1175716,47,,,1,13,,1175706,29,,,1,15,,1175660,47,,,1,53,,1175719,29,,,1,15,,1175662,47,,,1,15,,1068586,47,,,1,20,,1175657,47,,,1,60,,1175680,47,,,1,14,,1175705,47,,,1,24,,1175683,47,,,1,57,,1175664,46,,,1,21,,1175687,46,,,1,26,,1175661,46,,,1,69,,1175663,46,,,1,33,,1175702,46,,,1,70,,1175668,46,,,1
8800,'7',542,,1175764,46,,,1,68,,1175780,46,,,1,30,,1175768,46,,,1,70,,1175743,46,,,1,30,,1175725,46,,,1,70,,1175782,46,,,1,30,,1175734,46,,,1,71,,1175766,46,,,1,30,,1175729,46,,,1,15,,1175749,28,,,1,57,,1175760,46,,,1,16,,1175751,28,,,1,18,,1175732,46,,,1,54,,1175733,28,,,1,16,,1175731,46,,,1,14,,1175726,28,,,1,17,,1175730,46,,,1,54,,1175744,28,,,1,16,,1175753,46,,,1,14,,1175774,28,,,1,17,,1175747,46,,,1,54,,1175761,28,,,1,18,,1175754,46,,,1,14,,1175778,28,,,1,16,,1175750,46,,,1,54,,1175736,28,,,1,16,,1175758,46,,,1,15,,1175763,28,,,1,17,,1175781,46,,,1,54,,1175775,28,,,1,16,,1175735,46,,,1,14,,1175727,28,,,1,16,,1175722,46,,,1,54,,1175772,28,,,1,16,,1175724,46,,,1,13,,1175756,28,,,1,16,,1175770,46,,,1,54,,1175741,28,,,1,16,,1175776,46,,,1,14,,1175769,28,,,1,16,,1175748,46,,,1,54,,1175777,28,,,1,16,,1175728,46,,,1,13,,1175783,28,,,1,15,,1175762,46,,,1,54,,1175752,28,,,1,16,,1175746,46,,,1,14,,1175742,28,,,1,16,,1175767,46,,,1,54,,1175745,28,,,1,16,,1175740,46,,,1,14,,1175738,28,,,1,16,,1175723,46,,,1,70,,1175757,46,,,1,30,,1175773,46,,,1,70,,1175737,46,,,1,28,,1175765,46,,,1,70,,1175759,46,,,1,30,,1175739,46,,,1,70,,1175771,46,,,1,30,,1175779,46,,,1,81,,1175755,46,,,1
8800,'8',454,,1175859,46,,,1,74,,1175867,46,,,1,72,,1175810,46,,,1,32,,1175841,46,,,1,17,,1175862,46,,,1,57,,1175854,46,,,1,15,,1175823,46,,,1,10,,1175831,47,,,1,12,,1175806,47,,,1,11,,1175866,47,,,1,52,,1175853,47,,,1,10,,1175809,47,,,1,10,,1175817,47,,,1,11,,1175805,47,,,1,15,,1175794,47,,,1,57,,1175827,47,,,1,13,,1175828,47,,,1,14,,1175816,47,,,1,14,,1175785,47,,,1,54,,1175830,47,,,1,16,,1175852,29,,,1,14,,1175848,47,,,1,16,,1175790,29,,,1,54,,1175807,47,,,1,15,,1175814,29,,,1,15,,1175789,47,,,1,15,,1175838,29,,,1,55,,1175826,47,,,1,15,,1175813,29,,,1,15,,1175839,47,,,1,15,,1175832,29,,,1,55,,1175833,47,,,1,15,,1175835,29,,,1,15,,1175842,47,,,1,15,,1175822,29,,,1,55,,1175812,47,,,1,16,,1175808,29,,,1,10,,1175868,47,,,1,12,,1175797,29,,,1,4,,1175820,29,,,1,61,,1175857,47,,,1,10,,1175802,29,,,1,8,,1175829,29,,,1,12,,1175819,47,,,1,12,,1175837,29,,,1,51,,1175799,29,,,1,9,,1175801,47,,,1,12,,1175796,47,,,1,10,,1175804,47,,,1,8,,1175836,47,,,1,10,,1175834,47,,,1,7,,1175846,47,,,1,50,,1175850,47,,,1,13,,1175800,47,,,1,17,,1175811,47,,,1,13,,1175860,47,,,1,6,,1175851,47,,,1,49,,1175786,47,,,1,9,,1175787,47,,,1,11,,1175824,47,,,1,18,,1175821,47,,,1,13,,1175847,47,,,1,49,,1175845,47,,,1,19,,1175849,47,,,1,14,,1175784,29,,,1,13,,1175858,47,,,1,54,,1175861,29,,,1,15,,1175856,47,,,1,13,,1175844,29,,,1,15,,1175791,47,,,1,53,,1175863,29,,,1,15,,1175793,47,,,1,15,,1175864,47,,,1,20,,1175788,47,,,1,60,,1175815,47,,,1,14,,1175843,47,,,1,24,,1175818,47,,,1,57,,1175798,46,,,1,21,,1175825,46,,,1,26,,1175792,46,,,1,69,,1175795,46,,,1,33,,1175840,46,,,1,70,,1175803,46,,,1
8800,'9',454,,1175908,46,,,1,74,,1175921,46,,,1,72,,1175909,46,,,1,32,,1175914,46,,,1,17,,1175918,46,,,1,57,,1175890,46,,,1,15,,1175895,46,,,1,10,,888857,47,,,1,12,,1175888,47,,,1,11,,1175915,47,,,1,52,,1175920,47,,,1,10,,1175936,47,,,1,10,,1175904,47,,,1,11,,1175919,47,,,1,15,,1175877,47,,,1,57,,1175882,47,,,1,13,,1175878,47,,,1,14,,1061594,47,,,1,14,,1175873,47,,,1,54,,1175926,47,,,1,16,,1175879,29,,,1,14,,1175911,47,,,1,16,,1175925,29,,,1,54,,1175913,47,,,1,15,,1175923,29,,,1,15,,1175932,47,,,1,15,,1175881,29,,,1,55,,1175885,47,,,1,15,,1090144,29,,,1,15,,1175935,47,,,1,15,,1175870,29,,,1,55,,1175869,47,,,1,15,,1175928,29,,,1,15,,1096291,47,,,1,15,,1175934,29,,,1,55,,1175927,47,,,1,16,,1175872,29,,,1,10,,1175901,47,,,1,12,,1175892,29,,,1,4,,1175886,29,,,1,61,,1085424,47,,,1,10,,1175891,29,,,1,8,,1175896,29,,,1,12,,1175922,47,,,1,12,,1175898,29,,,1,51,,1175871,29,,,1,9,,1175887,47,,,1,12,,1103085,47,,,1,10,,1175902,47,,,1,8,,1175880,47,,,1,10,,1066383,47,,,1,7,,1175937,47,,,1,50,,1175889,47,,,1,13,,1175899,47,,,1,17,,1094004,47,,,1,13,,1175894,47,,,1,6,,1090697,47,,,1,49,,1097697,47,,,1,9,,1175897,47,,,1,11,,1175938,47,,,1,18,,1175905,47,,,1,13,,1175917,47,,,1,49,,1078154,47,,,1,19,,1175933,47,,,1,14,,1175930,29,,,1,13,,925111,47,,,1,54,,1175900,29,,,1,15,,1175939,47,,,1,13,,1079295,29,,,1,15,,1175884,47,,,1,53,,1175912,29,,,1,15,,1175874,47,,,1,15,,1175940,47,,,1,20,,1175903,47,,,1,60,,1175883,47,,,1,14,,1175893,47,,,1,24,,1175876,47,,,1,57,,1175916,46,,,1,21,,1175924,46,,,1,26,,1175906,46,,,1,69,,1175907,46,,,1,33,,1175910,46,,,1,70,,1175929,46,,,1
8801,'1',417,,1175943,3,0,76,1,30,,891210,3,0,76,1,70,,1049769,3,0,76,1,30,,1175957,3,0,76,1,55,,1175981,3,0,76,1,14,,1175991,3,0,76,1,16,,1175985,3,0,76,1,10,,1175970,3,0,76,1,12,,1175999,3,0,76,1,51,,1175946,3,0,76,1,7,,1175976,3,0,76,1,10,,1175996,3,0,76,1,13,,1175964,3,0,76,1,7,,1175961,3,0,76,1,12,,1175956,3,0,76,1,52,,1175983,3,0,76,1,17,,1175990,3,0,76,1,13,,1033801,3,0,14,1,15,,1175947,3,0,76,1,54,,1175949,3,0,14,1,14,,1175952,3,0,76,1,15,,1176008,3,0,14,1,14,,1175955,3,0,76,1,55,,1175959,3,0,14,1,15,,1069344,3,0,76,1,15,,1175987,3,0,14,1,15,,1175980,3,0,76,1,55,,1175998,3,0,14,1,15,,1095237,3,0,76,1,15,,1175968,3,0,14,1,15,,1175982,3,0,76,1,55,,1064432,3,0,14,1,15,,1175969,3,0,76,1,15,,1175954,3,0,14,1,15,,1176010,3,0,76,1,55,,1175960,3,0,14,1,15,,1175965,3,0,76,1,15,,1175975,3,0,14,1,15,,1175992,3,0,76,1,55,,1175977,3,0,14,1,10,,1175989,3,0,76,1,8,,1175984,3,0,76,1,10,,1176001,3,0,76,1,12,,1097484,3,0,76,1,10,,1175942,3,0,76,1,50,,1176006,3,0,76,1,20,,1175994,3,0,76,1,13,,1175978,3,0,76,1,7,,1175986,3,0,76,1,10,,1175941,3,0,76,1,50,,1176011,3,0,76,1,10,,1176002,3,0,76,1,10,,1175972,3,0,76,1,10,,1176003,3,0,76,1,10,,1175993,3,0,76,1,10,,1175988,3,0,76,1,55,,1176005,3,0,76,1,15,,1176009,3,0,76,1,15,,1175971,3,0,76,1,15,,1175962,3,0,76,1,55,,1175963,3,0,76,1,15,,1175997,3,0,76,1,15,,1175974,3,0,76,1,15,,1067628,3,0,76,1,60,,1175979,3,0,76,1,20,,1175945,3,0,76,1,21,,1175973,3,0,76,1,59,,1175995,3,0,76,1,20,,1175958,3,0,76,1,18,,1176000,3,0,76,1,62,,1175966,3,0,76,1,20,,1175953,3,0,76,1,20,,1176004,3,0,76,1,60,,1175950,3,0,76,1,20,,1060640,3,0,76,1,69,,1176007,3,0,76,1,30,,1175951,3,0,76,1,70,,1032821,3,0,76,1,30,,1175967,3,0,76,1,70,,1175948,3,0,76,1
8801,'10',417,,1176014,3,0,76,1,30,,891258,3,0,76,1,70,,1049883,3,0,76,1,30,,1176028,3,0,76,1,55,,1176052,3,0,76,1,14,,1176062,3,0,76,1,16,,1176056,3,0,76,1,10,,1176041,3,0,76,1,12,,1176070,3,0,76,1,51,,1176017,3,0,76,1,7,,1176047,3,0,76,1,10,,1176067,3,0,76,1,13,,1176035,3,0,76,1,7,,1176032,3,0,76,1,12,,1176027,3,0,76,1,52,,1176054,3,0,76,1,17,,1176061,3,0,76,1,13,,1033920,3,0,14,1,15,,1176018,3,0,76,1,54,,1176020,3,0,14,1,14,,1176023,3,0,76,1,15,,1176079,3,0,14,1,14,,1176026,3,0,76,1,55,,1176030,3,0,14,1,15,,1069187,3,0,76,1,15,,1176058,3,0,14,1,15,,1176051,3,0,76,1,55,,1176069,3,0,14,1,15,,1094991,3,0,76,1,15,,1176039,3,0,14,1,15,,1176053,3,0,76,1,55,,1064271,3,0,14,1,15,,1176040,3,0,76,1,15,,1176025,3,0,14,1,15,,1176081,3,0,76,1,55,,1176031,3,0,14,1,15,,1176036,3,0,76,1,15,,1176046,3,0,14,1,15,,1176063,3,0,76,1,55,,1176048,3,0,14,1,10,,1176060,3,0,76,1,8,,1176055,3,0,76,1,10,,1176072,3,0,76,1,12,,1097247,3,0,76,1,10,,1176013,3,0,76,1,50,,1176077,3,0,76,1,20,,1176065,3,0,76,1,13,,1176049,3,0,76,1,7,,1176057,3,0,76,1,10,,1176012,3,0,76,1,50,,1176082,3,0,76,1,10,,1176073,3,0,76,1,10,,1176043,3,0,76,1,10,,1176074,3,0,76,1,10,,1176064,3,0,76,1,10,,1176059,3,0,76,1,55,,1176076,3,0,76,1,15,,1176080,3,0,76,1,15,,1176042,3,0,76,1,15,,1176033,3,0,76,1,55,,1176034,3,0,76,1,15,,1176068,3,0,76,1,15,,1176045,3,0,76,1,15,,1067559,3,0,76,1,60,,1176050,3,0,76,1,20,,1176016,3,0,76,1,21,,1176044,3,0,76,1,59,,1176066,3,0,76,1,20,,1176029,3,0,76,1,18,,1176071,3,0,76,1,62,,1176037,3,0,76,1,20,,1176024,3,0,76,1,20,,1176075,3,0,76,1,60,,1176021,3,0,76,1,20,,1060650,3,0,76,1,69,,1176078,3,0,76,1,30,,1176022,3,0,76,1,70,,1032998,3,0,76,1,30,,1176038,3,0,76,1,70,,1176019,3,0,76,1
8801,'11',417,,1176085,3,0,76,1,30,,891114,3,0,76,1,70,,1049736,3,0,76,1,30,,1176099,3,0,76,1,55,,1176123,3,0,76,1,14,,1176133,3,0,76,1,16,,1176127,3,0,76,1,10,,1176112,3,0,76,1,12,,1176141,3,0,76,1,51,,1176088,3,0,76,1,7,,1176118,3,0,76,1,10,,1176138,3,0,76,1,13,,1176106,3,0,76,1,7,,1176103,3,0,76,1,12,,1176098,3,0,76,1,52,,1176125,3,0,76,1,17,,1176132,3,0,76,1,13,,1033766,3,0,14,1,15,,1176089,3,0,76,1,54,,1176091,3,0,14,1,14,,1176094,3,0,76,1,15,,1176150,3,0,14,1,14,,1176097,3,0,76,1,55,,1176101,3,0,14,1,15,,1069383,3,0,76,1,15,,1176129,3,0,14,1,15,,1176122,3,0,76,1,55,,1176140,3,0,14,1,15,,1095311,3,0,76,1,15,,1176110,3,0,14,1,15,,1176124,3,0,76,1,55,,1064484,3,0,14,1,15,,1176111,3,0,76,1,15,,1176096,3,0,14,1,15,,1176152,3,0,76,1,55,,1176102,3,0,14,1,15,,1176107,3,0,76,1,15,,1176117,3,0,14,1,15,,1176134,3,0,76,1,55,,1176119,3,0,14,1,10,,1176131,3,0,76,1,8,,1176126,3,0,76,1,10,,1176143,3,0,76,1,12,,1097553,3,0,76,1,10,,1176084,3,0,76,1,50,,1176148,3,0,76,1,20,,1176136,3,0,76,1,13,,1176120,3,0,76,1,7,,1176128,3,0,76,1,10,,1176083,3,0,76,1,50,,1176153,3,0,76,1,10,,1176144,3,0,76,1,10,,1176114,3,0,76,1,10,,1176145,3,0,76,1,10,,1176135,3,0,76,1,10,,1176130,3,0,76,1,55,,1176147,3,0,76,1,15,,1176151,3,0,76,1,15,,1176113,3,0,76,1,15,,1176104,3,0,76,1,55,,1176105,3,0,76,1,15,,1176139,3,0,76,1,15,,1176116,3,0,76,1,15,,1067651,3,0,76,1,60,,1176121,3,0,76,1,20,,1176087,3,0,76,1,21,,1176115,3,0,76,1,59,,1176137,3,0,76,1,20,,1176100,3,0,76,1,18,,1176142,3,0,76,1,62,,1176108,3,0,76,1,20,,1176095,3,0,76,1,20,,1176146,3,0,76,1,60,,1176092,3,0,76,1,20,,1060637,3,0,76,1,69,,1176149,3,0,76,1,30,,1176093,3,0,76,1,70,,1032769,3,0,76,1,30,,1176109,3,0,76,1,70,,1176090,3,0,76,1
8801,'12',417,,1176178,3,0,76,1,30,,1176170,3,0,76,1,70,,1176172,3,0,76,1,30,,1176202,3,0,76,1,55,,1176196,3,0,76,1,14,,930563,3,0,76,1,16,,1069534,3,0,76,1,10,,1176156,3,0,76,1,12,,1176176,3,0,76,1,51,,1176217,3,0,76,1,7,,1176165,3,0,76,1,10,,1084685,3,0,76,1,13,,1176193,3,0,76,1,7,,1176194,3,0,76,1,12,,1176158,3,0,76,1,52,,1100937,3,0,76,1,17,,1176171,3,0,76,1,13,,1176208,3,0,14,1,15,,1176219,3,0,76,1,54,,1176187,3,0,14,1,14,,1176159,3,0,76,1,15,,1176188,3,0,14,1,14,,1176192,3,0,76,1,55,,1176164,3,0,14,1,15,,1020762,3,0,76,1,15,,1176166,3,0,14,1,15,,1176221,3,0,76,1,55,,1176198,3,0,14,1,15,,1176154,3,0,76,1,15,,1059984,3,0,14,1,15,,1176169,3,0,76,1,55,,979588,3,0,14,1,15,,1176179,3,0,76,1,15,,1176175,3,0,14,1,15,,1176209,3,0,76,1,55,,1176218,3,0,14,1,15,,1079071,3,0,76,1,15,,1176199,3,0,14,1,15,,1176210,3,0,76,1,55,,1176204,3,0,14,1,10,,1176206,3,0,76,1,8,,1176203,3,0,76,1,10,,1176184,3,0,76,1,12,,1176191,3,0,76,1,10,,1176215,3,0,76,1,50,,1058639,3,0,76,1,20,,1176186,3,0,76,1,13,,1176223,3,0,76,1,7,,1176160,3,0,76,1,10,,1176207,3,0,76,1,50,,1176173,3,0,76,1,10,,1176214,3,0,76,1,10,,1176167,3,0,76,1,10,,1176222,3,0,76,1,10,,1176190,3,0,76,1,10,,1176216,3,0,76,1,55,,1176200,3,0,76,1,15,,1176211,3,0,76,1,15,,1176220,3,0,76,1,15,,1176189,3,0,76,1,55,,1176174,3,0,76,1,15,,1176195,3,0,76,1,15,,1176177,3,0,76,1,15,,1176168,3,0,76,1,60,,1176224,3,0,76,1,20,,1176163,3,0,76,1,21,,1176180,3,0,76,1,59,,1176213,3,0,76,1,20,,1176197,3,0,76,1,18,,1176162,3,0,76,1,62,,1176155,3,0,76,1,20,,1176205,3,0,76,1,20,,1176183,3,0,76,1,60,,1090203,3,0,76,1,20,,1176185,3,0,76,1,69,,1176157,3,0,76,1,30,,1176212,3,0,76,1,70,,1176161,3,0,76,1,30,,1176201,3,0,76,1,70,,1176181,3,0,76,1
8801,'13',612,,1176245,3,0,76,1,30,,1176257,3,0,76,1,70,,1176242,3,0,76,1,30,,1176248,3,0,76,1,70,,1176228,3,0,76,1,30,,1176227,3,0,76,1,70,,1176263,3,0,76,1,30,,1176255,3,0,76,1,70,,1176229,3,0,76,1,30,,1176251,3,0,76,1,62,,1176238,3,0,76,1,20,,1176252,3,0,76,1,20,,1100506,3,0,76,1,60,,1176241,3,0,76,1,20,,1176235,3,0,76,1,20,,1176265,3,0,76,1,60,,1176226,3,0,76,1,20,,1099784,3,0,76,1,20,,1176259,3,0,76,1,60,,1176247,3,0,76,1,20,,1176234,3,0,76,1,20,,1176244,3,0,76,1,60,,1176232,3,0,76,1,20,,1176231,3,0,76,1,20,,1176240,3,0,76,1,60,,1176249,3,0,76,1,20,,1176250,3,0,76,1,20,,1176243,3,0,76,1,60,,1176262,3,0,76,1,26,,1176233,3,0,76,1,70,,1176230,3,0,76,1,30,,1176253,3,0,76,1,70,,1176256,3,0,76,1,30,,1176261,3,0,76,1,70,,1176236,3,0,76,1,30,,1176258,3,0,76,1,70,,1176254,3,0,76,1,30,,1176237,3,0,76,1,70,,1176264,3,0,76,1,30,,1176246,3,0,76,1,70,,1176239,3,0,76,1,58,,1176260,3,0,76,1
8801,'14',417,,1176269,3,0,76,1,30,,1176339,3,0,76,1,70,,1176267,3,0,76,1,30,,1176286,3,0,76,1,55,,1176313,3,0,76,1,14,,1176323,3,0,76,1,16,,1176317,3,0,76,1,10,,1176300,3,0,76,1,12,,1176332,3,0,76,1,51,,1176274,3,0,76,1,7,,1176307,3,0,76,1,10,,1176329,3,0,76,1,13,,1176294,3,0,76,1,7,,1176291,3,0,76,1,12,,1176285,3,0,76,1,52,,1176315,3,0,76,1,17,,1176322,3,0,76,1,13,,1176327,3,0,14,1,15,,1176275,3,0,76,1,54,,1176277,3,0,14,1,14,,1176281,3,0,76,1,15,,1176342,3,0,14,1,14,,1176284,3,0,76,1,55,,1176289,3,0,14,1,15,,1176270,3,0,76,1,15,,1176319,3,0,14,1,15,,1176311,3,0,76,1,55,,1176331,3,0,14,1,15,,1176347,3,0,76,1,15,,1176298,3,0,14,1,15,,1176314,3,0,76,1,55,,1176273,3,0,14,1,15,,1176299,3,0,76,1,15,,1176283,3,0,14,1,15,,1176344,3,0,76,1,55,,1176290,3,0,14,1,15,,1176295,3,0,76,1,15,,1176306,3,0,14,1,15,,1176324,3,0,76,1,55,,1176308,3,0,14,1,10,,1176321,3,0,76,1,8,,1176316,3,0,76,1,10,,1176334,3,0,76,1,12,,1176346,3,0,76,1,10,,1176268,3,0,76,1,50,,1176340,3,0,76,1,20,,1176326,3,0,76,1,13,,1176309,3,0,76,1,7,,1176318,3,0,76,1,10,,1176266,3,0,76,1,50,,1176345,3,0,76,1,10,,1176335,3,0,76,1,10,,1176302,3,0,76,1,10,,1176336,3,0,76,1,10,,1176325,3,0,76,1,10,,1176320,3,0,76,1,55,,1176338,3,0,76,1,15,,1176343,3,0,76,1,15,,1176301,3,0,76,1,15,,1176292,3,0,76,1,55,,1176293,3,0,76,1,15,,1176330,3,0,76,1,15,,1176305,3,0,76,1,15,,1176304,3,0,76,1,60,,1176310,3,0,76,1,20,,1176272,3,0,76,1,21,,1176303,3,0,76,1,59,,1176328,3,0,76,1,20,,1176288,3,0,76,1,18,,1176333,3,0,76,1,62,,1176296,3,0,76,1,20,,1176282,3,0,76,1,20,,1176337,3,0,76,1,60,,1176279,3,0,76,1,20,,1176278,3,0,76,1,69,,1176341,3,0,76,1,30,,1176280,3,0,76,1,70,,1176287,3,0,76,1,30,,1176297,3,0,76,1,70,,1176276,3,0,76,1
8801,'15',417,,1176402,3,0,76,1,30,,1176376,3,0,76,1,70,,1176351,3,0,76,1,30,,1176360,3,0,76,1,55,,1176407,3,0,76,1,14,,1176350,3,0,76,1,16,,1176417,3,0,76,1,10,,1176370,3,0,76,1,12,,1176410,3,0,76,1,51,,1176352,3,0,76,1,7,,1176368,3,0,76,1,10,,1176415,3,0,76,1,13,,1176386,3,0,76,1,7,,1176424,3,0,76,1,12,,1176389,3,0,76,1,52,,1176427,3,0,76,1,17,,1176374,3,0,76,1,13,,1176426,3,0,14,1,15,,1176356,3,0,76,1,54,,1176355,3,0,14,1,14,,1176401,3,0,76,1,15,,1176384,3,0,14,1,14,,1176372,3,0,76,1,55,,1176422,3,0,14,1,15,,1176398,3,0,76,1,15,,1176348,3,0,14,1,15,,1176371,3,0,76,1,55,,1176404,3,0,14,1,15,,1176406,3,0,76,1,15,,1176418,3,0,14,1,15,,1176414,3,0,76,1,55,,1176393,3,0,14,1,15,,1176409,3,0,76,1,15,,1176357,3,0,14,1,15,,1176413,3,0,76,1,55,,1176411,3,0,14,1,15,,1176397,3,0,76,1,15,,1176385,3,0,14,1,15,,1176388,3,0,76,1,55,,1176394,3,0,14,1,10,,1176375,3,0,76,1,8,,1176421,3,0,76,1,10,,1176361,3,0,76,1,12,,1176387,3,0,76,1,10,,1176363,3,0,76,1,50,,1176378,3,0,76,1,20,,1176399,3,0,76,1,13,,1176392,3,0,76,1,7,,1176367,3,0,76,1,10,,1176390,3,0,76,1,50,,1176358,3,0,76,1,10,,1176364,3,0,76,1,10,,1176354,3,0,76,1,10,,1176381,3,0,76,1,10,,1176429,3,0,76,1,10,,1176373,3,0,76,1,55,,1176428,3,0,76,1,15,,1176396,3,0,76,1,15,,1176419,3,0,76,1,15,,1176425,3,0,76,1,55,,1176403,3,0,76,1,15,,1176353,3,0,76,1,15,,1176379,3,0,76,1,15,,1176395,3,0,76,1,60,,1176423,3,0,76,1,20,,1176349,3,0,76,1,21,,1176369,3,0,76,1,59,,1176405,3,0,76,1,20,,1176365,3,0,76,1,18,,1176416,3,0,76,1,62,,1176400,3,0,76,1,20,,1176366,3,0,76,1,20,,1176420,3,0,76,1,60,,1176408,3,0,76,1,20,,1176362,3,0,76,1,69,,1176383,3,0,76,1,30,,1176380,3,0,76,1,70,,1176391,3,0,76,1,30,,1176412,3,0,76,1,70,,1176382,3,0,76,1
8801,'16',417,,1176456,3,0,76,1,30,,1176448,3,0,76,1,70,,1176450,3,0,76,1,30,,1176479,3,0,76,1,55,,1176473,3,0,76,1,14,,1176494,3,0,76,1,16,,1176432,3,0,76,1,10,,1176433,3,0,76,1,12,,1176454,3,0,76,1,51,,1064719,3,0,76,1,7,,1176443,3,0,76,1,10,,1176438,3,0,76,1,13,,1176470,3,0,76,1,7,,1176471,3,0,76,1,12,,1176434,3,0,76,1,52,,1176495,3,0,76,1,17,,1176449,3,0,76,1,13,,1176485,3,0,14,1,15,,1176497,3,0,76,1,54,,1176465,3,0,14,1,14,,1176435,3,0,76,1,15,,1176466,3,0,14,1,14,,1176469,3,0,76,1,55,,1176442,3,0,14,1,15,,1176440,3,0,76,1,15,,1176444,3,0,14,1,15,,1176499,3,0,76,1,55,,1176475,3,0,14,1,15,,1176430,3,0,76,1,15,,1176431,3,0,14,1,15,,1176447,3,0,76,1,55,,1176441,3,0,14,1,15,,1176457,3,0,76,1,15,,1176453,3,0,14,1,15,,1176486,3,0,76,1,55,,1176496,3,0,14,1,15,,1176498,3,0,76,1,15,,1176476,3,0,14,1,15,,1176487,3,0,76,1,55,,1176481,3,0,14,1,10,,1176483,3,0,76,1,8,,1176480,3,0,76,1,10,,1176462,3,0,76,1,12,,1092929,3,0,76,1,10,,1176492,3,0,76,1,50,,1176501,3,0,76,1,20,,1176464,3,0,76,1,13,,1176502,3,0,76,1,7,,1176436,3,0,76,1,10,,1176484,3,0,76,1,50,,1176451,3,0,76,1,10,,1176491,3,0,76,1,10,,1176445,3,0,76,1,10,,1176500,3,0,76,1,10,,1176468,3,0,76,1,10,,1066996,3,0,76,1,55,,1176477,3,0,76,1,15,,1176488,3,0,76,1,15,,1026037,3,0,76,1,15,,1176467,3,0,76,1,55,,1176452,3,0,76,1,15,,1176472,3,0,76,1,15,,1176455,3,0,76,1,15,,1176446,3,0,76,1,60,,1176503,3,0,76,1,20,,1176439,3,0,76,1,21,,1176458,3,0,76,1,59,,1176490,3,0,76,1,20,,1176474,3,0,76,1,18,,1093442,3,0,76,1,62,,1088811,3,0,76,1,20,,1176482,3,0,76,1,20,,1176461,3,0,76,1,60,,1176493,3,0,76,1,20,,1176463,3,0,76,1,69,,924331,3,0,76,1,30,,1176489,3,0,76,1,70,,1176437,3,0,76,1,30,,1176478,3,0,76,1,70,,1176459,3,0,76,1
8801,'17',612,,1176526,3,0,76,1,30,,1176538,3,0,76,1,70,,1176523,3,0,76,1,30,,1176529,3,0,76,1,70,,1176508,3,0,76,1,30,,1176507,3,0,76,1,70,,1176544,3,0,76,1,30,,1176536,3,0,76,1,70,,1176510,3,0,76,1,30,,1176532,3,0,76,1,62,,1176519,3,0,76,1,20,,1176533,3,0,76,1,20,,1176505,3,0,76,1,60,,1176522,3,0,76,1,20,,1176516,3,0,76,1,20,,1176546,3,0,76,1,60,,1176506,3,0,76,1,20,,1176509,3,0,76,1,20,,1176540,3,0,76,1,60,,1176528,3,0,76,1,20,,1176515,3,0,76,1,20,,1176525,3,0,76,1,60,,1176513,3,0,76,1,20,,1176512,3,0,76,1,20,,1176521,3,0,76,1,60,,1176530,3,0,76,1,20,,1176531,3,0,76,1,20,,1176524,3,0,76,1,60,,1176543,3,0,76,1,26,,1176514,3,0,76,1,70,,1176511,3,0,76,1,30,,1176534,3,0,76,1,70,,1176537,3,0,76,1,30,,1176542,3,0,76,1,70,,1176517,3,0,76,1,30,,1176539,3,0,76,1,70,,1176535,3,0,76,1,30,,1176518,3,0,76,1,70,,1176545,3,0,76,1,30,,1176527,3,0,76,1,70,,1176520,3,0,76,1,58,,1176541,3,0,76,1
8801,'2',618,,1088412,3,0,76,1,30,,1176554,3,0,76,1,70,,1176599,3,0,76,1,30,,1176563,3,0,76,1,70,,1176572,3,0,76,1,15,,1176582,3,0,14,1,15,,1176596,3,0,76,1,55,,1176570,3,0,14,1,15,,1176598,3,0,76,1,15,,1099614,3,0,14,1,15,,1176587,3,0,76,1,55,,1176574,3,0,14,1,16,,893928,3,0,76,1,15,,1176551,3,0,14,1,15,,1176600,3,0,76,1,55,,1176583,3,0,14,1,15,,1176589,3,0,76,1,15,,1176548,3,0,14,1,15,,1176553,3,0,76,1,55,,1176552,3,0,14,1,15,,1176588,3,0,76,1,15,,1176559,3,0,14,1,15,,1176556,3,0,76,1,55,,1176560,3,0,14,1,15,,1065966,3,0,76,1,15,,1176585,3,0,14,1,15,,1176592,3,0,76,1,55,,1176558,3,0,14,1,15,,1176550,3,0,76,1,15,,1176568,3,0,14,1,15,,1176584,3,0,76,1,55,,1176575,3,0,14,1,15,,1176586,3,0,76,1,15,,1176555,3,0,14,1,15,,1176561,3,0,76,1,55,,1176578,3,0,14,1,15,,1176580,3,0,76,1,15,,1071123,3,0,14,1,15,,1176593,3,0,76,1,55,,1176597,3,0,14,1,15,,1176595,3,0,76,1,15,,1176567,3,0,14,1,15,,1176566,3,0,76,1,55,,1176579,3,0,14,1,15,,1176565,3,0,76,1,15,,1176591,3,0,14,1,15,,1176547,3,0,76,1,55,,1176573,3,0,14,1,15,,1176590,3,0,76,1,15,,1176571,3,0,14,1,15,,1079707,3,0,76,1,55,,1176562,3,0,14,1,15,,1176569,3,0,76,1,30,,1176564,3,0,76,1,70,,1176576,3,0,76,1,30,,1176577,3,0,76,1,70,,1176581,3,0,76,1,30,,1176594,3,0,76,1,70,,1176549,3,0,76,1,30,,1176601,3,0,76,1,70,,1176557,3,0,76,1
8801,'3',612,,1176623,3,0,76,1,30,,1176635,3,0,76,1,70,,1176620,3,0,76,1,30,,1176626,3,0,76,1,70,,1176605,3,0,76,1,30,,1176604,3,0,76,1,70,,1176641,3,0,76,1,30,,1176633,3,0,76,1,70,,1176607,3,0,76,1,30,,1176629,3,0,76,1,62,,1176616,3,0,76,1,20,,1176630,3,0,76,1,20,,1176602,3,0,76,1,60,,1176619,3,0,76,1,20,,1176613,3,0,76,1,20,,1176643,3,0,76,1,60,,1176603,3,0,76,1,20,,1176606,3,0,76,1,20,,1176637,3,0,76,1,60,,1176625,3,0,76,1,20,,1176612,3,0,76,1,20,,1176622,3,0,76,1,60,,1176610,3,0,76,1,20,,1176609,3,0,76,1,20,,1176618,3,0,76,1,60,,1176627,3,0,76,1,20,,1176628,3,0,76,1,20,,1176621,3,0,76,1,60,,1176640,3,0,76,1,26,,1176611,3,0,76,1,70,,1176608,3,0,76,1,30,,1176631,3,0,76,1,70,,1176634,3,0,76,1,30,,1176639,3,0,76,1,70,,1176614,3,0,76,1,30,,1176636,3,0,76,1,70,,1176632,3,0,76,1,30,,1176615,3,0,76,1,70,,1176642,3,0,76,1,30,,1176624,3,0,76,1,70,,1176617,3,0,76,1,58,,1176638,3,0,76,1
8801,'4',612,,1176668,3,0,76,1,30,,1176675,3,0,76,1,70,,1176665,3,0,76,1,30,,1176647,3,0,76,1,70,,1176670,3,0,76,1,30,,1078210,3,0,76,1,70,,1176672,3,0,76,1,30,,1176679,3,0,76,1,70,,1176646,3,0,76,1,30,,1176678,3,0,76,1,62,,1176658,3,0,76,1,20,,1176650,3,0,76,1,20,,1176649,3,0,76,1,60,,1176660,3,0,76,1,20,,1176659,3,0,76,1,20,,1176656,3,0,76,1,60,,1176657,3,0,76,1,20,,1176653,3,0,76,1,20,,1176664,3,0,76,1,60,,1176644,3,0,76,1,20,,1176652,3,0,76,1,20,,1176655,3,0,76,1,60,,1176673,3,0,76,1,20,,1176680,3,0,76,1,20,,1176667,3,0,76,1,60,,1176677,3,0,76,1,20,,1176681,3,0,76,1,20,,1071203,3,0,76,1,60,,1176666,3,0,76,1,26,,1176676,3,0,76,1,70,,1176669,3,0,76,1,30,,1176654,3,0,76,1,70,,1176651,3,0,76,1,30,,1176674,3,0,76,1,70,,1176645,3,0,76,1,30,,1176648,3,0,76,1,70,,1176662,3,0,76,1,30,,1176671,3,0,76,1,70,,1176661,3,0,76,1,30,,1176663,3,0,76,1,70,,1176682,3,0,76,1,58,,1032687,3,0,76,1
8801,'5',417,,1176685,3,0,76,1,30,,891408,3,0,76,1,70,,1049553,3,0,76,1,30,,1176699,3,0,76,1,55,,1176723,3,0,76,1,14,,1176733,3,0,76,1,16,,1176727,3,0,76,1,10,,1176712,3,0,76,1,12,,1176741,3,0,76,1,51,,1176688,3,0,76,1,7,,1176718,3,0,76,1,10,,1176738,3,0,76,1,13,,1176706,3,0,76,1,7,,1176703,3,0,76,1,12,,1176698,3,0,76,1,52,,1176725,3,0,76,1,17,,1176732,3,0,76,1,13,,1033601,3,0,14,1,15,,1176689,3,0,76,1,54,,1176691,3,0,14,1,14,,1176694,3,0,76,1,15,,1176750,3,0,14,1,14,,1176697,3,0,76,1,55,,1176701,3,0,14,1,15,,1069320,3,0,76,1,15,,1176729,3,0,14,1,15,,1176722,3,0,76,1,55,,1176740,3,0,14,1,15,,1095189,3,0,76,1,15,,1176710,3,0,14,1,15,,1176724,3,0,76,1,55,,1064407,3,0,14,1,15,,1176711,3,0,76,1,15,,1176696,3,0,14,1,15,,1176752,3,0,76,1,55,,1176702,3,0,14,1,15,,1176707,3,0,76,1,15,,1176717,3,0,14,1,15,,1176734,3,0,76,1,55,,1176719,3,0,14,1,10,,1176731,3,0,76,1,8,,1176726,3,0,76,1,10,,1176743,3,0,76,1,12,,1097438,3,0,76,1,10,,1176684,3,0,76,1,50,,1176748,3,0,76,1,20,,1176736,3,0,76,1,13,,1176720,3,0,76,1,7,,1176728,3,0,76,1,10,,1176683,3,0,76,1,50,,1176753,3,0,76,1,10,,1176744,3,0,76,1,10,,1176714,3,0,76,1,10,,1176745,3,0,76,1,10,,1176735,3,0,76,1,10,,1176730,3,0,76,1,55,,1176747,3,0,76,1,15,,1176751,3,0,76,1,15,,1176713,3,0,76,1,15,,1176704,3,0,76,1,55,,1176705,3,0,76,1,15,,1176739,3,0,76,1,15,,1176716,3,0,76,1,15,,1067605,3,0,76,1,60,,1176721,3,0,76,1,20,,1176687,3,0,76,1,21,,1176715,3,0,76,1,59,,1176737,3,0,76,1,20,,1176700,3,0,76,1,18,,1176742,3,0,76,1,62,,1176708,3,0,76,1,20,,1176695,3,0,76,1,20,,1176746,3,0,76,1,60,,1176692,3,0,76,1,20,,1060630,3,0,76,1,69,,1176749,3,0,76,1,30,,1176693,3,0,76,1,70,,1032519,3,0,76,1,30,,1176709,3,0,76,1,70,,1176690,3,0,76,1
8801,'6',417,,1176779,3,0,76,1,30,,1176771,3,0,76,1,70,,1176773,3,0,76,1,30,,1176801,3,0,76,1,55,,1176797,3,0,76,1,14,,1176816,3,0,76,1,16,,1176756,3,0,76,1,10,,1176757,3,0,76,1,12,,1176777,3,0,76,1,51,,1176817,3,0,76,1,7,,1176766,3,0,76,1,10,,1176763,3,0,76,1,13,,1176794,3,0,76,1,7,,1176795,3,0,76,1,12,,1176759,3,0,76,1,52,,1176818,3,0,76,1,17,,1176772,3,0,76,1,13,,1176807,3,0,14,1,15,,1176819,3,0,76,1,54,,1176788,3,0,14,1,14,,1176760,3,0,76,1,15,,1176789,3,0,14,1,14,,1176793,3,0,76,1,55,,945697,3,0,14,1,15,,1176764,3,0,76,1,15,,1176767,3,0,14,1,15,,1034596,3,0,76,1,55,,1176799,3,0,14,1,15,,1025192,3,0,76,1,15,,1176754,3,0,14,1,15,,1176770,3,0,76,1,55,,1176765,3,0,14,1,15,,1176780,3,0,76,1,15,,1176776,3,0,14,1,15,,1005861,3,0,76,1,55,,1078853,3,0,14,1,15,,1176821,3,0,76,1,15,,1176800,3,0,14,1,15,,1176808,3,0,76,1,55,,1176803,3,0,14,1,10,,1176805,3,0,76,1,8,,1176802,3,0,76,1,10,,1176785,3,0,76,1,12,,1176792,3,0,76,1,10,,1176813,3,0,76,1,50,,1176822,3,0,76,1,20,,1176787,3,0,76,1,13,,1055032,3,0,76,1,7,,1068940,3,0,76,1,10,,1176806,3,0,76,1,50,,1176774,3,0,76,1,10,,1176812,3,0,76,1,10,,1176768,3,0,76,1,10,,1086779,3,0,76,1,10,,1176791,3,0,76,1,10,,1176814,3,0,76,1,55,,1076409,3,0,76,1,15,,1176809,3,0,76,1,15,,1176820,3,0,76,1,15,,1176790,3,0,76,1,55,,1176775,3,0,76,1,15,,1176796,3,0,76,1,15,,1176778,3,0,76,1,15,,1176769,3,0,76,1,60,,1176823,3,0,76,1,20,,1061847,3,0,76,1,21,,1176781,3,0,76,1,59,,1176811,3,0,76,1,20,,1176798,3,0,76,1,18,,1176762,3,0,76,1,62,,1176755,3,0,76,1,20,,1176804,3,0,76,1,20,,1176784,3,0,76,1,60,,1176815,3,0,76,1,20,,1176786,3,0,76,1,69,,1176758,3,0,76,1,30,,1176810,3,0,76,1,70,,1176761,3,0,76,1,30,,1038559,3,0,76,1,70,,1176782,3,0,76,1
8801,'7',618,,1176838,3,0,76,1,30,,1176876,3,0,76,1,70,,1176878,3,0,76,1,30,,1176869,3,0,76,1,70,,1176877,3,0,76,1,15,,1176825,3,0,14,1,15,,1176842,3,0,76,1,55,,1176832,3,0,14,1,15,,1176880,3,0,76,1,15,,1176863,3,0,14,1,15,,1176858,3,0,76,1,55,,1176881,3,0,14,1,16,,1176831,3,0,76,1,15,,1176873,3,0,14,1,15,,1176854,3,0,76,1,55,,1176824,3,0,14,1,15,,1176835,3,0,76,1,15,,1176864,3,0,14,1,15,,1176845,3,0,76,1,55,,1176875,3,0,14,1,15,,1176851,3,0,76,1,15,,1176827,3,0,14,1,15,,1176843,3,0,76,1,55,,1176856,3,0,14,1,15,,1176826,3,0,76,1,15,,1176841,3,0,14,1,15,,1176839,3,0,76,1,55,,1176866,3,0,14,1,15,,1176883,3,0,76,1,15,,1176830,3,0,14,1,15,,1176833,3,0,76,1,55,,1176857,3,0,14,1,15,,1176840,3,0,76,1,15,,1176829,3,0,14,1,15,,1176861,3,0,76,1,55,,1176849,3,0,14,1,15,,1176837,3,0,76,1,15,,1176862,3,0,14,1,15,,1176874,3,0,76,1,55,,1176855,3,0,14,1,15,,1176860,3,0,76,1,15,,1176828,3,0,14,1,15,,1176847,3,0,76,1,55,,1176852,3,0,14,1,15,,1176859,3,0,76,1,15,,1176872,3,0,14,1,15,,1176870,3,0,76,1,55,,1176867,3,0,14,1,15,,1176882,3,0,76,1,15,,1176848,3,0,14,1,15,,1176844,3,0,76,1,55,,1176836,3,0,14,1,15,,1176846,3,0,76,1,30,,1176853,3,0,76,1,70,,1176879,3,0,76,1,30,,1176865,3,0,76,1,70,,1176884,3,0,76,1,30,,1176868,3,0,76,1,70,,1176850,3,0,76,1,30,,1176871,3,0,76,1,70,,1176834,3,0,76,1
8801,'8',417,,1176914,3,0,76,1,30,,1176906,3,0,76,1,70,,1176908,3,0,76,1,30,,1176938,3,0,76,1,55,,1176932,3,0,76,1,14,,1176954,3,0,76,1,16,,1176888,3,0,76,1,10,,1176889,3,0,76,1,12,,1176912,3,0,76,1,51,,1176955,3,0,76,1,7,,1176901,3,0,76,1,10,,1176896,3,0,76,1,13,,1176929,3,0,76,1,7,,1176930,3,0,76,1,12,,1176891,3,0,76,1,52,,1176956,3,0,76,1,17,,1176907,3,0,76,1,13,,1176944,3,0,14,1,15,,1176958,3,0,76,1,54,,1176923,3,0,14,1,14,,1176892,3,0,76,1,15,,1176924,3,0,14,1,14,,1176928,3,0,76,1,55,,1176900,3,0,14,1,15,,1176898,3,0,76,1,15,,1176902,3,0,14,1,15,,1176961,3,0,76,1,55,,1176934,3,0,14,1,15,,1176885,3,0,76,1,15,,1176886,3,0,14,1,15,,1176905,3,0,76,1,55,,1176899,3,0,14,1,15,,1176915,3,0,76,1,15,,1176911,3,0,14,1,15,,1176945,3,0,76,1,55,,1176957,3,0,14,1,15,,1176960,3,0,76,1,15,,1176935,3,0,14,1,15,,1176946,3,0,76,1,55,,1176940,3,0,14,1,10,,1176942,3,0,76,1,8,,1176939,3,0,76,1,10,,1176920,3,0,76,1,12,,1176927,3,0,76,1,10,,1176951,3,0,76,1,50,,1176963,3,0,76,1,20,,1176922,3,0,76,1,13,,1176964,3,0,76,1,7,,1176893,3,0,76,1,10,,1176943,3,0,76,1,50,,1176909,3,0,76,1,10,,1176950,3,0,76,1,10,,1176903,3,0,76,1,10,,1176962,3,0,76,1,10,,1176926,3,0,76,1,10,,1176952,3,0,76,1,55,,1176936,3,0,76,1,15,,1176947,3,0,76,1,15,,1176959,3,0,76,1,15,,1176925,3,0,76,1,55,,1176910,3,0,76,1,15,,1176931,3,0,76,1,15,,1176913,3,0,76,1,15,,1176904,3,0,76,1,60,,1176965,3,0,76,1,20,,1176897,3,0,76,1,21,,1176916,3,0,76,1,59,,1176949,3,0,76,1,20,,1176933,3,0,76,1,18,,1176895,3,0,76,1,62,,1176887,3,0,76,1,20,,1176941,3,0,76,1,20,,1176919,3,0,76,1,60,,1176953,3,0,76,1,20,,1176921,3,0,76,1,69,,1176890,3,0,76,1,30,,1176948,3,0,76,1,70,,1176894,3,0,76,1,30,,1176937,3,0,76,1,70,,1176917,3,0,76,1
8801,'9',417,,1176969,3,0,76,1,30,,891306,3,0,76,1,70,,1049802,3,0,76,1,30,,1176983,3,0,76,1,55,,1177007,3,0,76,1,14,,1177017,3,0,76,1,16,,1177011,3,0,76,1,10,,1176996,3,0,76,1,12,,1177025,3,0,76,1,51,,1176972,3,0,76,1,7,,1177002,3,0,76,1,10,,1177022,3,0,76,1,13,,1176990,3,0,76,1,7,,1176987,3,0,76,1,12,,1176982,3,0,76,1,52,,1177009,3,0,76,1,17,,1177016,3,0,76,1,13,,1033836,3,0,14,1,15,,1176973,3,0,76,1,54,,1176975,3,0,14,1,14,,1176978,3,0,76,1,15,,1177034,3,0,14,1,14,,1176981,3,0,76,1,55,,1176985,3,0,14,1,15,,1069235,3,0,76,1,15,,1177013,3,0,14,1,15,,1177006,3,0,76,1,55,,1177024,3,0,14,1,15,,1095065,3,0,76,1,15,,1176994,3,0,14,1,15,,1177008,3,0,76,1,55,,1064318,3,0,14,1,15,,1176995,3,0,76,1,15,,1176980,3,0,14,1,15,,1177036,3,0,76,1,55,,1176986,3,0,14,1,15,,1176991,3,0,76,1,15,,1177001,3,0,14,1,15,,1177018,3,0,76,1,55,,1177003,3,0,14,1,10,,1177015,3,0,76,1,8,,1177010,3,0,76,1,10,,1177027,3,0,76,1,12,,1097322,3,0,76,1,10,,1176968,3,0,76,1,50,,1177032,3,0,76,1,20,,1177020,3,0,76,1,13,,1177004,3,0,76,1,7,,1177012,3,0,76,1,10,,1176967,3,0,76,1,50,,1177037,3,0,76,1,10,,1177028,3,0,76,1,10,,1176998,3,0,76,1,10,,1177029,3,0,76,1,10,,1177019,3,0,76,1,10,,1177014,3,0,76,1,55,,1177031,3,0,76,1,15,,1177035,3,0,76,1,15,,1176997,3,0,76,1,15,,1176988,3,0,76,1,55,,1176989,3,0,76,1,15,,1177023,3,0,76,1,15,,1177000,3,0,76,1,15,,1067582,3,0,76,1,60,,1177005,3,0,76,1,20,,1176971,3,0,76,1,21,,1176999,3,0,76,1,59,,1177021,3,0,76,1,20,,1176984,3,0,76,1,18,,1177026,3,0,76,1,62,,1176992,3,0,76,1,20,,1176979,3,0,76,1,20,,1177030,3,0,76,1,60,,1176976,3,0,76,1,20,,1060643,3,0,76,1,69,,1177033,3,0,76,1,30,,1176977,3,0,76,1,70,,1032873,3,0,76,1,30,,1176993,3,0,76,1,70,,1176974,3,0,76,1
9000,'1',616,,1177074,3,0,41,1,29,,1177089,3,0,41,1,55,,1177092,3,0,41,1,15,,1177049,3,0,41,1,15,,1177090,3,0,41,1,14,,1177082,3,0,41,1,15,,1177058,3,0,41,1,55,,1177087,3,0,41,1,15,,1177070,3,0,41,1,15,,1177073,3,0,41,1,15,,1177075,3,0,41,1,55,,1177076,3,0,41,1,15,,1012330,3,0,41,1,15,,1177045,3,0,41,1,15,,1177065,3,0,41,1,55,,1177059,3,0,41,1,15,,1177054,3,0,41,1,15,,1177053,3,0,41,1,15,,1177051,3,0,41,1,55,,1177086,3,0,41,1,15,,1177050,3,0,41,1,15,,1080755,3,0,41,1,15,,1177091,3,0,41,1,55,,1177079,3,0,41,1,15,,1177046,3,0,41,1,15,,1177088,3,0,41,1,15,,1177083,3,0,41,1,55,,1177081,3,0,41,1,15,,1177084,3,0,41,1,15,,1177042,3,0,41,1,15,,1177048,3,0,41,1,55,,1177077,3,0,41,1,15,,1177061,3,0,41,1,30,,1045867,3,0,41,1,56,,1177072,3,0,41,1,13,,1177052,3,0,41,1,17,,1177062,3,0,41,1,13,,1177043,3,0,41,1,57,,1177041,3,0,41,1,15,,1177057,3,0,41,1,15,,1177044,3,0,41,1,55,,1177063,3,0,41,1,14,,1177039,3,0,41,1,14,,1177040,3,0,41,1,14,,1177066,3,0,41,1,14,,1177038,3,0,41,1,54,,1177071,3,0,41,1,14,,1177047,3,0,41,1,30,,1177060,3,0,41,1,70,,1177068,3,0,41,1,30,,1177080,3,0,41,1,70,,1177085,3,0,41,1,30,,1177078,3,0,41,1,70,,1071925,3,0,41,1,30,,1081660,3,0,41,1,70,,1177069,3,0,41,1,30,,1177055,3,0,41,1,75,,957167,3,0,41,1,30,,1177056,3,0,41,1,70,,1177067,3,0,41,1
9000,'10',616,,1177129,3,0,41,1,29,,1177144,3,0,41,1,55,,1177147,3,0,41,1,15,,1177104,3,0,41,1,15,,1177145,3,0,41,1,14,,1177137,3,0,41,1,15,,1177113,3,0,41,1,55,,1177142,3,0,41,1,15,,1177125,3,0,41,1,15,,1177128,3,0,41,1,15,,1177130,3,0,41,1,55,,1177131,3,0,41,1,15,,1012413,3,0,41,1,15,,1177100,3,0,41,1,15,,1177120,3,0,41,1,55,,1177114,3,0,41,1,15,,1177109,3,0,41,1,15,,1177108,3,0,41,1,15,,1177106,3,0,41,1,55,,1177141,3,0,41,1,15,,1177105,3,0,41,1,15,,1080582,3,0,41,1,15,,1177146,3,0,41,1,55,,1177134,3,0,41,1,15,,1177101,3,0,41,1,15,,1177143,3,0,41,1,15,,1177138,3,0,41,1,55,,1177136,3,0,41,1,15,,1177139,3,0,41,1,15,,1177097,3,0,41,1,15,,1177103,3,0,41,1,55,,1177132,3,0,41,1,15,,1177116,3,0,41,1,30,,1045910,3,0,41,1,56,,1177127,3,0,41,1,13,,1177107,3,0,41,1,17,,1177117,3,0,41,1,13,,1177098,3,0,41,1,57,,1177096,3,0,41,1,15,,1177112,3,0,41,1,15,,1177099,3,0,41,1,55,,1177118,3,0,41,1,14,,1177094,3,0,41,1,14,,1177095,3,0,41,1,14,,1177121,3,0,41,1,14,,1177093,3,0,41,1,54,,1177126,3,0,41,1,14,,1177102,3,0,41,1,30,,1177115,3,0,41,1,70,,1177123,3,0,41,1,30,,1177135,3,0,41,1,70,,1177140,3,0,41,1,30,,1177133,3,0,41,1,70,,1071779,3,0,41,1,30,,1081468,3,0,41,1,70,,1177124,3,0,41,1,30,,1177110,3,0,41,1,75,,957021,3,0,41,1,30,,1177111,3,0,41,1,70,,1177122,3,0,41,1
9000,'11',616,,1177184,3,0,41,1,29,,1177199,3,0,41,1,55,,1177202,3,0,41,1,15,,1177159,3,0,41,1,15,,1177200,3,0,41,1,14,,1177192,3,0,41,1,15,,1177168,3,0,41,1,55,,1177197,3,0,41,1,15,,1177180,3,0,41,1,15,,1177183,3,0,41,1,15,,1177185,3,0,41,1,55,,1177186,3,0,41,1,15,,1012307,3,0,41,1,15,,1177155,3,0,41,1,15,,1177175,3,0,41,1,55,,1177169,3,0,41,1,15,,1177164,3,0,41,1,15,,1177163,3,0,41,1,15,,1177161,3,0,41,1,55,,1177196,3,0,41,1,15,,1177160,3,0,41,1,15,,1080812,3,0,41,1,15,,1177201,3,0,41,1,55,,1177189,3,0,41,1,15,,1177156,3,0,41,1,15,,1177198,3,0,41,1,15,,1177193,3,0,41,1,55,,1177191,3,0,41,1,15,,1177194,3,0,41,1,15,,1177152,3,0,41,1,15,,1177158,3,0,41,1,55,,1177187,3,0,41,1,15,,1177171,3,0,41,1,30,,1045856,3,0,41,1,56,,1177182,3,0,41,1,13,,1177162,3,0,41,1,17,,1177172,3,0,41,1,13,,1177153,3,0,41,1,57,,1177151,3,0,41,1,15,,1177167,3,0,41,1,15,,1177154,3,0,41,1,55,,1177173,3,0,41,1,14,,1177149,3,0,41,1,14,,1177150,3,0,41,1,14,,1177176,3,0,41,1,14,,1177148,3,0,41,1,54,,1177181,3,0,41,1,14,,1177157,3,0,41,1,30,,1177170,3,0,41,1,70,,1177178,3,0,41,1,30,,1177190,3,0,41,1,70,,1177195,3,0,41,1,30,,1177188,3,0,41,1,70,,1071971,3,0,41,1,30,,1081717,3,0,41,1,70,,1177179,3,0,41,1,30,,1177165,3,0,41,1,75,,957146,3,0,41,1,30,,1177166,3,0,41,1,70,,1177177,3,0,41,1
9000,'12',616,,1177208,3,0,41,1,29,,1177236,3,0,41,1,55,,1177239,3,0,41,1,15,,1177234,3,0,41,1,15,,1177245,3,0,41,1,14,,1177251,3,0,41,1,15,,1177228,3,0,41,1,55,,1177217,3,0,41,1,15,,1085926,3,0,41,1,15,,1177223,3,0,41,1,15,,1177237,3,0,41,1,55,,1177241,3,0,41,1,15,,1177238,3,0,41,1,15,,1177248,3,0,41,1,15,,1177250,3,0,41,1,55,,1177246,3,0,41,1,15,,1177226,3,0,41,1,15,,1094079,3,0,41,1,15,,1177215,3,0,41,1,55,,1001500,3,0,41,1,15,,1177218,3,0,41,1,15,,1177242,3,0,41,1,15,,1177229,3,0,41,1,55,,1177225,3,0,41,1,15,,1177233,3,0,41,1,15,,1177205,3,0,41,1,15,,1177206,3,0,41,1,55,,1080439,3,0,41,1,15,,1177211,3,0,41,1,15,,1177219,3,0,41,1,15,,1177207,3,0,41,1,55,,1096099,3,0,41,1,15,,1072801,3,0,41,1,30,,1100209,3,0,41,1,56,,1177255,3,0,41,1,13,,1177203,3,0,41,1,17,,1177232,3,0,41,1,13,,1177230,3,0,41,1,57,,1177224,3,0,41,1,15,,1177243,3,0,41,1,15,,1177227,3,0,41,1,55,,1177247,3,0,41,1,14,,1177210,3,0,41,1,14,,1177204,3,0,41,1,14,,1177214,3,0,41,1,14,,1177253,3,0,41,1,54,,1177254,3,0,41,1,14,,1177252,3,0,41,1,30,,1177220,3,0,41,1,70,,1177209,3,0,41,1,30,,1177244,3,0,41,1,70,,1177231,3,0,41,1,30,,1177249,3,0,41,1,70,,1177240,3,0,41,1,30,,1177235,3,0,41,1,70,,1177222,3,0,41,1,30,,1008172,3,0,41,1,75,,1177213,3,0,41,1,30,,1177216,3,0,41,1,70,,1177212,3,0,41,1
9000,'13',705,,1177272,3,0,41,1,30,,1177261,3,0,41,1,70,,1177259,3,0,41,1,30,,1177269,3,0,41,1,70,,1024002,3,0,41,1,30,,1177257,3,0,41,1,70,,1177281,3,0,41,1,30,,1177274,3,0,41,1,70,,1177278,3,0,41,1,30,,1177263,3,0,41,1,70,,1177265,3,0,41,1,30,,1177273,3,0,41,1,70,,1177267,3,0,41,1,30,,1177280,3,0,41,1,70,,1177282,3,0,41,1,30,,1177271,3,0,41,1,70,,1030204,3,0,41,1,30,,1101325,3,0,41,1,70,,1044844,3,0,41,1,30,,1177264,3,0,41,1,70,,1177275,3,0,41,1,30,,1177260,3,0,41,1,70,,1177268,3,0,41,1,30,,1177270,3,0,41,1,70,,1177258,3,0,41,1,30,,1177266,3,0,41,1,70,,1177277,3,0,41,1,30,,1177276,3,0,41,1,70,,1177283,3,0,41,1,30,,1073560,3,0,41,1,70,,1177256,3,0,41,1,30,,1177262,3,0,41,1,70,,1177279,3,0,41,1
9000,'14',616,,1177323,3,0,41,1,29,,1177338,3,0,41,1,55,,1177344,3,0,41,1,15,,1177298,3,0,41,1,15,,1177340,3,0,41,1,14,,1177331,3,0,41,1,15,,1177307,3,0,41,1,55,,1177336,3,0,41,1,15,,1177319,3,0,41,1,15,,1177322,3,0,41,1,15,,1177324,3,0,41,1,55,,1177325,3,0,41,1,15,,1177339,3,0,41,1,15,,1177294,3,0,41,1,15,,1177314,3,0,41,1,55,,1177308,3,0,41,1,15,,1177303,3,0,41,1,15,,1177302,3,0,41,1,15,,1177300,3,0,41,1,55,,1177335,3,0,41,1,15,,1177299,3,0,41,1,15,,1177342,3,0,41,1,15,,1177341,3,0,41,1,55,,1177328,3,0,41,1,15,,1177295,3,0,41,1,15,,1177337,3,0,41,1,15,,1177332,3,0,41,1,55,,1177330,3,0,41,1,15,,1177333,3,0,41,1,15,,1177291,3,0,41,1,15,,1177297,3,0,41,1,55,,1177326,3,0,41,1,15,,1177310,3,0,41,1,30,,1177284,3,0,41,1,56,,1177321,3,0,41,1,13,,1177301,3,0,41,1,17,,1177311,3,0,41,1,13,,1177292,3,0,41,1,57,,1177289,3,0,41,1,15,,1177306,3,0,41,1,15,,1177293,3,0,41,1,55,,1177312,3,0,41,1,14,,1177287,3,0,41,1,14,,1177288,3,0,41,1,14,,1177315,3,0,41,1,14,,1177286,3,0,41,1,54,,1177320,3,0,41,1,14,,1177296,3,0,41,1,30,,1177309,3,0,41,1,70,,1177317,3,0,41,1,30,,1177329,3,0,41,1,70,,1177334,3,0,41,1,30,,1177327,3,0,41,1,70,,1177290,3,0,41,1,30,,1177285,3,0,41,1,70,,1177318,3,0,41,1,30,,1177304,3,0,41,1,75,,1177343,3,0,41,1,30,,1177305,3,0,41,1,70,,1177316,3,0,41,1
9000,'15',616,,1177402,3,0,41,1,29,,1177404,3,0,41,1,55,,1177368,3,0,41,1,15,,1177367,3,0,41,1,15,,1177359,3,0,41,1,14,,1177348,3,0,41,1,15,,1177371,3,0,41,1,55,,1177384,3,0,41,1,15,,1177387,3,0,41,1,15,,1177365,3,0,41,1,15,,1177354,3,0,41,1,55,,1177388,3,0,41,1,15,,1177378,3,0,41,1,15,,1177351,3,0,41,1,15,,1177375,3,0,41,1,55,,1177345,3,0,41,1,15,,1177366,3,0,41,1,15,,1177397,3,0,41,1,15,,1177390,3,0,41,1,55,,1177373,3,0,41,1,15,,1177396,3,0,41,1,15,,1177398,3,0,41,1,15,,1177353,3,0,41,1,55,,1177380,3,0,41,1,15,,1177355,3,0,41,1,15,,1177401,3,0,41,1,15,,1177395,3,0,41,1,55,,1177377,3,0,41,1,15,,1177352,3,0,41,1,15,,1177403,3,0,41,1,15,,1177358,3,0,41,1,55,,1177383,3,0,41,1,15,,1177405,3,0,41,1,30,,1177389,3,0,41,1,56,,1177346,3,0,41,1,13,,1177372,3,0,41,1,17,,1177399,3,0,41,1,13,,1177386,3,0,41,1,57,,1177369,3,0,41,1,15,,1177361,3,0,41,1,15,,1177381,3,0,41,1,55,,1177376,3,0,41,1,14,,1177394,3,0,41,1,14,,1177362,3,0,41,1,14,,1177379,3,0,41,1,14,,1177347,3,0,41,1,54,,1177349,3,0,41,1,14,,1177391,3,0,41,1,30,,1177393,3,0,41,1,70,,1177392,3,0,41,1,30,,1177370,3,0,41,1,70,,1177363,3,0,41,1,30,,1177374,3,0,41,1,70,,1177364,3,0,41,1,30,,1177385,3,0,41,1,70,,1177400,3,0,41,1,30,,1177350,3,0,41,1,75,,1177357,3,0,41,1,30,,1177360,3,0,41,1,70,,1177382,3,0,41,1
9000,'16',616,,1177414,3,0,41,1,29,,1177439,3,0,41,1,55,,1177443,3,0,41,1,15,,1177437,3,0,41,1,15,,1177449,3,0,41,1,14,,1177455,3,0,41,1,15,,1064155,3,0,41,1,55,,1177421,3,0,41,1,15,,1177406,3,0,41,1,15,,1177427,3,0,41,1,15,,1177440,3,0,41,1,55,,1177445,3,0,41,1,15,,1177441,3,0,41,1,15,,1177452,3,0,41,1,15,,1177454,3,0,41,1,55,,1177450,3,0,41,1,15,,1177430,3,0,41,1,15,,1177442,3,0,41,1,15,,1177419,3,0,41,1,55,,1177410,3,0,41,1,15,,1177422,3,0,41,1,15,,1177446,3,0,41,1,15,,1177432,3,0,41,1,55,,1177429,3,0,41,1,15,,1177436,3,0,41,1,15,,1079869,3,0,41,1,15,,1177412,3,0,41,1,55,,1177415,3,0,41,1,15,,956132,3,0,41,1,15,,1177423,3,0,41,1,15,,1177413,3,0,41,1,55,,1177460,3,0,41,1,15,,1177411,3,0,41,1,30,,1177409,3,0,41,1,56,,1177459,3,0,41,1,13,,1068408,3,0,41,1,17,,1177435,3,0,41,1,13,,1177433,3,0,41,1,57,,1177428,3,0,41,1,15,,1177447,3,0,41,1,15,,1177431,3,0,41,1,55,,1177451,3,0,41,1,14,,1177417,3,0,41,1,14,,1177408,3,0,41,1,14,,1072645,3,0,41,1,14,,1177457,3,0,41,1,54,,1177458,3,0,41,1,14,,1177456,3,0,41,1,30,,1177424,3,0,41,1,70,,1177416,3,0,41,1,30,,1177448,3,0,41,1,70,,1177434,3,0,41,1,30,,1177453,3,0,41,1,70,,1177444,3,0,41,1,30,,1177438,3,0,41,1,70,,1177426,3,0,41,1,30,,1177407,3,0,41,1,75,,1076678,3,0,41,1,30,,1177420,3,0,41,1,70,,1177418,3,0,41,1
9000,'17',705,,1177481,3,0,41,1,30,,1177469,3,0,41,1,70,,1177467,3,0,41,1,30,,1177478,3,0,41,1,70,,1177461,3,0,41,1,30,,1177465,3,0,41,1,70,,1177490,3,0,41,1,30,,1177483,3,0,41,1,70,,1177487,3,0,41,1,30,,1177471,3,0,41,1,70,,1177473,3,0,41,1,30,,1177482,3,0,41,1,70,,1177476,3,0,41,1,30,,1177489,3,0,41,1,70,,1177491,3,0,41,1,30,,1177480,3,0,41,1,70,,1177462,3,0,41,1,30,,1177474,3,0,41,1,70,,1177492,3,0,41,1,30,,1177472,3,0,41,1,70,,1177484,3,0,41,1,30,,1177468,3,0,41,1,70,,1177477,3,0,41,1,30,,1177479,3,0,41,1,70,,1177466,3,0,41,1,30,,1177475,3,0,41,1,70,,1177486,3,0,41,1,30,,1177485,3,0,41,1,70,,1177493,3,0,41,1,30,,1177463,3,0,41,1,70,,1177464,3,0,41,1,30,,1177470,3,0,41,1,70,,1177488,3,0,41,1
9000,'2',726,,1177495,3,0,41,1,30,,1177517,3,0,41,1,70,,1073739,3,0,41,1,30,,1177510,3,0,41,1,70,,1177503,3,0,41,1,30,,1177506,3,0,41,1,71,,1177518,3,0,41,1,30,,1177520,3,0,41,1,70,,1177497,3,0,41,1,30,,1177523,3,0,41,1,70,,1177507,3,0,41,1,30,,1177498,3,0,41,1,70,,1177522,3,0,41,1,30,,1100844,3,0,41,1,70,,1177513,3,0,41,1,30,,1177519,3,0,41,1,70,,1177496,3,0,41,1,30,,1177502,3,0,41,1,70,,1177509,3,0,41,1,30,,1177521,3,0,41,1,70,,1177501,3,0,41,1,30,,1177508,3,0,41,1,70,,1177504,3,0,41,1,30,,1021648,3,0,41,1,70,,1177524,3,0,41,1,30,,1177516,3,0,41,1,70,,1177499,3,0,41,1,30,,1177511,3,0,41,1,70,,1177505,3,0,41,1,30,,1177500,3,0,41,1,70,,1177514,3,0,41,1,30,,1177512,3,0,41,1,70,,1177494,3,0,41,1,30,,1177515,3,0,41,1
9000,'3',705,,1177545,3,0,41,1,30,,1177533,3,0,41,1,70,,1177531,3,0,41,1,30,,1177542,3,0,41,1,70,,1177525,3,0,41,1,30,,1177529,3,0,41,1,70,,1177554,3,0,41,1,30,,1177547,3,0,41,1,70,,1177551,3,0,41,1,30,,1177535,3,0,41,1,70,,1177537,3,0,41,1,30,,1177546,3,0,41,1,70,,1177540,3,0,41,1,30,,1177553,3,0,41,1,70,,1177555,3,0,41,1,30,,1177544,3,0,41,1,70,,1177526,3,0,41,1,30,,1177538,3,0,41,1,70,,1177556,3,0,41,1,30,,1177536,3,0,41,1,70,,1177548,3,0,41,1,30,,1177532,3,0,41,1,70,,1177541,3,0,41,1,30,,1177543,3,0,41,1,70,,1177530,3,0,41,1,30,,1177539,3,0,41,1,70,,1177550,3,0,41,1,30,,1177549,3,0,41,1,70,,1177557,3,0,41,1,30,,1177527,3,0,41,1,70,,1177528,3,0,41,1,30,,1177534,3,0,41,1,70,,1177552,3,0,41,1
9000,'4',705,,1177571,3,0,41,1,30,,1177574,3,0,41,1,70,,1177572,3,0,41,1,30,,1177563,3,0,41,1,70,,1177564,3,0,41,1,30,,1177569,3,0,41,1,70,,1177579,3,0,41,1,30,,1177580,3,0,41,1,70,,1177576,3,0,41,1,30,,1177559,3,0,41,1,70,,995812,3,0,41,1,30,,1177570,3,0,41,1,70,,1177568,3,0,41,1,30,,1055317,3,0,41,1,70,,1177566,3,0,41,1,30,,1177578,3,0,41,1,70,,1177582,3,0,41,1,30,,1037593,3,0,41,1,70,,1177558,3,0,41,1,30,,1177565,3,0,41,1,70,,1177577,3,0,41,1,30,,1177584,3,0,41,1,70,,1177575,3,0,41,1,30,,1177560,3,0,41,1,70,,1177583,3,0,41,1,30,,997298,3,0,41,1,70,,996619,3,0,41,1,30,,1177573,3,0,41,1,70,,1177567,3,0,41,1,30,,1177581,3,0,41,1,70,,1177562,3,0,41,1,30,,1177561,3,0,41,1,70,,1177585,3,0,41,1
9000,'5',616,,1177622,3,0,41,1,29,,1177637,3,0,41,1,55,,1177640,3,0,41,1,15,,1177597,3,0,41,1,15,,1177638,3,0,41,1,14,,1177630,3,0,41,1,15,,1177606,3,0,41,1,55,,1177635,3,0,41,1,15,,1177618,3,0,41,1,15,,1177621,3,0,41,1,15,,1177623,3,0,41,1,55,,1177624,3,0,41,1,15,,1012186,3,0,41,1,15,,1177593,3,0,41,1,15,,1177613,3,0,41,1,55,,1177607,3,0,41,1,15,,1177602,3,0,41,1,15,,1177601,3,0,41,1,15,,1177599,3,0,41,1,55,,1177634,3,0,41,1,15,,1177598,3,0,41,1,15,,1080725,3,0,41,1,15,,1177639,3,0,41,1,55,,1177627,3,0,41,1,15,,1177594,3,0,41,1,15,,1177636,3,0,41,1,15,,1177631,3,0,41,1,55,,1177629,3,0,41,1,15,,1177632,3,0,41,1,15,,1177590,3,0,41,1,15,,1177596,3,0,41,1,55,,1177625,3,0,41,1,15,,1177609,3,0,41,1,30,,1045813,3,0,41,1,56,,1177620,3,0,41,1,13,,1177600,3,0,41,1,17,,1177610,3,0,41,1,13,,1177591,3,0,41,1,57,,1177589,3,0,41,1,15,,1177605,3,0,41,1,15,,1177592,3,0,41,1,55,,1177611,3,0,41,1,14,,1177587,3,0,41,1,14,,1177588,3,0,41,1,14,,1177614,3,0,41,1,14,,1177586,3,0,41,1,54,,1177619,3,0,41,1,14,,1177595,3,0,41,1,30,,1177608,3,0,41,1,70,,1177616,3,0,41,1,30,,1177628,3,0,41,1,70,,1177633,3,0,41,1,30,,1177626,3,0,41,1,70,,1071901,3,0,41,1,30,,1081627,3,0,41,1,70,,1177617,3,0,41,1,30,,1177603,3,0,41,1,75,,957239,3,0,41,1,30,,1177604,3,0,41,1,70,,1177615,3,0,41,1
9000,'6',616,,1040112,3,0,41,1,29,,1177674,3,0,41,1,55,,1177678,3,0,41,1,15,,1177672,3,0,41,1,15,,1177684,3,0,41,1,14,,1177690,3,0,41,1,15,,1177666,3,0,41,1,55,,1177656,3,0,41,1,15,,1177641,3,0,41,1,15,,1096522,3,0,41,1,15,,1177675,3,0,41,1,55,,1177680,3,0,41,1,15,,1177676,3,0,41,1,15,,1177687,3,0,41,1,15,,1177689,3,0,41,1,55,,1177685,3,0,41,1,15,,1177664,3,0,41,1,15,,1177677,3,0,41,1,15,,1177654,3,0,41,1,55,,1177646,3,0,41,1,15,,1177657,3,0,41,1,15,,1177681,3,0,41,1,15,,1177667,3,0,41,1,55,,1177663,3,0,41,1,15,,1177671,3,0,41,1,15,,1177644,3,0,41,1,15,,1177648,3,0,41,1,55,,1177649,3,0,41,1,15,,1177651,3,0,41,1,15,,1177658,3,0,41,1,15,,1003580,3,0,41,1,55,,1177695,3,0,41,1,15,,1177647,3,0,41,1,30,,1177645,3,0,41,1,56,,1177694,3,0,41,1,13,,1177642,3,0,41,1,17,,1177670,3,0,41,1,13,,1177668,3,0,41,1,57,,1177662,3,0,41,1,15,,1177682,3,0,41,1,15,,1177665,3,0,41,1,55,,1177686,3,0,41,1,14,,1073486,3,0,41,1,14,,1083316,3,0,41,1,14,,1177653,3,0,41,1,14,,1177692,3,0,41,1,54,,1177693,3,0,41,1,14,,1177691,3,0,41,1,30,,1177659,3,0,41,1,70,,1177650,3,0,41,1,30,,1177683,3,0,41,1,70,,1177669,3,0,41,1,30,,1177688,3,0,41,1,70,,1177679,3,0,41,1,30,,1177673,3,0,41,1,70,,1177661,3,0,41,1,30,,1177643,3,0,41,1,75,,1177652,3,0,41,1,30,,1177655,3,0,41,1,70,,1004815,3,0,41,1
9000,'7',726,,1177714,3,0,41,1,30,,1177729,3,0,41,1,70,,1177704,3,0,41,1,30,,1177725,3,0,41,1,70,,1177712,3,0,41,1,30,,1177696,3,0,41,1,71,,1177703,3,0,41,1,30,,1177717,3,0,41,1,70,,1177702,3,0,41,1,30,,1177707,3,0,41,1,70,,1177727,3,0,41,1,30,,1177719,3,0,41,1,70,,1177726,3,0,41,1,30,,1177722,3,0,41,1,70,,1177701,3,0,41,1,30,,1177728,3,0,41,1,70,,1177700,3,0,41,1,30,,1177721,3,0,41,1,70,,1177705,3,0,41,1,30,,1177710,3,0,41,1,70,,1177715,3,0,41,1,30,,1177698,3,0,41,1,70,,1177718,3,0,41,1,30,,1177716,3,0,41,1,70,,1177720,3,0,41,1,30,,1177711,3,0,41,1,70,,1177708,3,0,41,1,30,,1177713,3,0,41,1,70,,1177706,3,0,41,1,30,,1177723,3,0,41,1,70,,1177697,3,0,41,1,30,,1177699,3,0,41,1,70,,1177724,3,0,41,1,30,,1177709,3,0,41,1
9000,'8',616,,1177740,3,0,41,1,29,,1177769,3,0,41,1,55,,1177773,3,0,41,1,15,,1177767,3,0,41,1,15,,1177779,3,0,41,1,14,,1177785,3,0,41,1,15,,1177761,3,0,41,1,55,,1177750,3,0,41,1,15,,1177730,3,0,41,1,15,,1177756,3,0,41,1,15,,1177770,3,0,41,1,55,,1177775,3,0,41,1,15,,1177771,3,0,41,1,15,,1177782,3,0,41,1,15,,1177784,3,0,41,1,55,,1177780,3,0,41,1,15,,1177759,3,0,41,1,15,,1177772,3,0,41,1,15,,1177748,3,0,41,1,55,,1177736,3,0,41,1,15,,1177751,3,0,41,1,15,,1177776,3,0,41,1,15,,1177762,3,0,41,1,55,,1177758,3,0,41,1,15,,1177766,3,0,41,1,15,,1177734,3,0,41,1,15,,1177738,3,0,41,1,55,,1177741,3,0,41,1,15,,1177744,3,0,41,1,15,,1177752,3,0,41,1,15,,1177739,3,0,41,1,55,,1177790,3,0,41,1,15,,1177737,3,0,41,1,30,,1177735,3,0,41,1,56,,1177789,3,0,41,1,13,,1177731,3,0,41,1,17,,1177765,3,0,41,1,13,,1177763,3,0,41,1,57,,1177757,3,0,41,1,15,,1177777,3,0,41,1,15,,1177760,3,0,41,1,55,,1177781,3,0,41,1,14,,1177743,3,0,41,1,14,,1177733,3,0,41,1,14,,1177747,3,0,41,1,14,,1177787,3,0,41,1,54,,1177788,3,0,41,1,14,,1177786,3,0,41,1,30,,1177753,3,0,41,1,70,,1177742,3,0,41,1,30,,1177778,3,0,41,1,70,,1177764,3,0,41,1,30,,1177783,3,0,41,1,70,,1177774,3,0,41,1,30,,1177768,3,0,41,1,70,,1177755,3,0,41,1,30,,1177732,3,0,41,1,75,,1177746,3,0,41,1,30,,1177749,3,0,41,1,70,,1177745,3,0,41,1
9000,'9',616,,1177827,3,0,41,1,29,,1177842,3,0,41,1,55,,1177845,3,0,41,1,15,,1177802,3,0,41,1,15,,1177843,3,0,41,1,14,,1177835,3,0,41,1,15,,1177811,3,0,41,1,55,,1177840,3,0,41,1,15,,1177823,3,0,41,1,15,,1177826,3,0,41,1,15,,1177828,3,0,41,1,55,,1177829,3,0,41,1,15,,1012353,3,0,41,1,15,,1177798,3,0,41,1,15,,1177818,3,0,41,1,55,,1177812,3,0,41,1,15,,1177807,3,0,41,1,15,,1177806,3,0,41,1,15,,1177804,3,0,41,1,55,,1177839,3,0,41,1,15,,1177803,3,0,41,1,15,,1080636,3,0,41,1,15,,1177844,3,0,41,1,55,,1177832,3,0,41,1,15,,1177799,3,0,41,1,15,,1177841,3,0,41,1,15,,1177836,3,0,41,1,55,,1177834,3,0,41,1,15,,1177837,3,0,41,1,15,,1177795,3,0,41,1,15,,1177801,3,0,41,1,55,,1177830,3,0,41,1,15,,1177814,3,0,41,1,30,,1045878,3,0,41,1,56,,1177825,3,0,41,1,13,,1177805,3,0,41,1,17,,1177815,3,0,41,1,13,,1177796,3,0,41,1,57,,1177794,3,0,41,1,15,,1177810,3,0,41,1,15,,1177797,3,0,41,1,55,,1177816,3,0,41,1,14,,1177792,3,0,41,1,14,,1177793,3,0,41,1,14,,1177819,3,0,41,1,14,,1177791,3,0,41,1,54,,1177824,3,0,41,1,14,,1177800,3,0,41,1,30,,1177813,3,0,41,1,70,,1177821,3,0,41,1,30,,1177833,3,0,41,1,70,,1177838,3,0,41,1,30,,1177831,3,0,41,1,70,,1071829,3,0,41,1,30,,1081525,3,0,41,1,70,,1177822,3,0,41,1,30,,1177808,3,0,41,1,75,,957218,3,0,41,1,30,,1177809,3,0,41,1,70,,1177820,3,0,41,1
9001,'1',440,,1177874,48,,,1,100,,1177878,48,,,1,19,,1177852,48,,,1,59,,1177853,48,,,1,17,,1075925,48,,,1,15,,1015103,48,,,1,55,,1177884,48,,,1,15,,1177857,48,,,1,24,,1177854,48,,,1,56,,1039384,48,,,1,13,,1071707,48,,,1,15,,1177876,48,,,1,17,,1177858,48,,,1,57,,1177865,48,,,1,13,,1177892,48,,,1,12,,1177850,48,,,1,15,,1177873,48,,,1,15,,1177883,48,,,1,55,,1177849,48,,,1,15,,1177888,48,,,1,15,,1177867,48,,,1,15,,1177846,48,,,1,55,,1177864,48,,,1,15,,1177889,48,,,1,15,,1177887,48,,,1,16,,1177881,48,,,1,55,,1021156,48,,,1,15,,1177869,48,,,1,15,,1177877,48,,,1,15,,1177891,48,,,1,55,,1045874,48,,,1,15,,1097479,48,,,1,15,,1177871,48,,,1,15,,1177890,48,,,1,55,,1177870,48,,,1,15,,1177879,48,,,1,15,,1177866,48,,,1,15,,1177860,48,,,1,55,,1064696,48,,,1,10,,1177895,12,,,1,8,,1177848,48,,,1,15,,1101401,48,,,1,55,,1177863,48,,,1,15,,1177875,48,,,1,15,,1177894,48,,,1,15,,1098371,48,,,1,55,,1177893,48,,,1,15,,1177862,48,,,1,15,,1177859,48,,,1,12,,1177861,48,,,1,15,,1098380,48,,,1,57,,1177868,48,,,1,30,,1177872,48,,,1,71,,1177856,48,,,1,32,,1177847,48,,,1,70,,877364,48,,,1,27,,974806,48,,,1,70,,1002708,48,,,1,30,,1177886,48,,,1,70,,1039043,48,,,1,29,,1177880,48,,,1,70,,1177885,48,,,1,30,,1177851,48,,,1,63,,1177882,48,,,1
9001,'10',440,,1177924,48,,,1,100,,1177928,48,,,1,19,,1177902,48,,,1,59,,1177903,48,,,1,17,,1075700,48,,,1,15,,1015294,48,,,1,55,,1177934,48,,,1,15,,1177907,48,,,1,24,,1177904,48,,,1,56,,1039468,48,,,1,13,,1071558,48,,,1,15,,1177926,48,,,1,17,,1177908,48,,,1,57,,1177915,48,,,1,13,,1177942,48,,,1,12,,1177900,48,,,1,15,,1177923,48,,,1,15,,1177933,48,,,1,55,,1177899,48,,,1,15,,1177938,48,,,1,15,,1177917,48,,,1,15,,1177896,48,,,1,55,,1177914,48,,,1,15,,1177939,48,,,1,15,,1177937,48,,,1,16,,1177931,48,,,1,55,,1021325,48,,,1,15,,1177919,48,,,1,15,,1177927,48,,,1,15,,1177941,48,,,1,55,,1045917,48,,,1,15,,1097242,48,,,1,15,,1177921,48,,,1,15,,1177940,48,,,1,55,,1177920,48,,,1,15,,1177929,48,,,1,15,,1177916,48,,,1,15,,1177910,48,,,1,55,,1064547,48,,,1,10,,1177945,12,,,1,8,,1177898,48,,,1,15,,1101247,48,,,1,55,,1177913,48,,,1,15,,1177925,48,,,1,15,,1177944,48,,,1,15,,1098225,48,,,1,55,,1177943,48,,,1,15,,1177912,48,,,1,15,,1177909,48,,,1,12,,1177911,48,,,1,15,,1098234,48,,,1,57,,1177918,48,,,1,30,,1177922,48,,,1,71,,1177906,48,,,1,32,,1177897,48,,,1,70,,877388,48,,,1,27,,974632,48,,,1,70,,1002878,48,,,1,30,,1177936,48,,,1,70,,1039124,48,,,1,29,,1177930,48,,,1,70,,1177935,48,,,1,30,,1177901,48,,,1,63,,1177932,48,,,1
9001,'11',440,,1177974,48,,,1,100,,1177978,48,,,1,19,,1177952,48,,,1,59,,1177953,48,,,1,17,,1075995,48,,,1,15,,1015049,48,,,1,55,,1177984,48,,,1,15,,1177957,48,,,1,24,,1177954,48,,,1,56,,1039360,48,,,1,13,,1071749,48,,,1,15,,1177976,48,,,1,17,,1177958,48,,,1,57,,1177965,48,,,1,13,,1177992,48,,,1,12,,1177950,48,,,1,15,,1177973,48,,,1,15,,1177983,48,,,1,55,,1177949,48,,,1,15,,1177988,48,,,1,15,,1177967,48,,,1,15,,1177946,48,,,1,55,,1177964,48,,,1,15,,1177989,48,,,1,15,,1177987,48,,,1,16,,1177981,48,,,1,55,,1021108,48,,,1,15,,1177969,48,,,1,15,,1177977,48,,,1,15,,1177991,48,,,1,55,,1045863,48,,,1,15,,1097548,48,,,1,15,,1177971,48,,,1,15,,1177990,48,,,1,55,,1177970,48,,,1,15,,1177979,48,,,1,15,,1177966,48,,,1,15,,1177960,48,,,1,55,,1064743,48,,,1,10,,1177995,12,,,1,8,,1177948,48,,,1,15,,1101442,48,,,1,55,,1177963,48,,,1,15,,1177975,48,,,1,15,,1177994,48,,,1,15,,1098411,48,,,1,55,,1177993,48,,,1,15,,1177962,48,,,1,15,,1177959,48,,,1,12,,1177961,48,,,1,15,,1098420,48,,,1,57,,1177968,48,,,1,30,,1177972,48,,,1,71,,1177956,48,,,1,32,,1177947,48,,,1,70,,877318,48,,,1,27,,974780,48,,,1,70,,1002661,48,,,1,30,,1177986,48,,,1,70,,1039020,48,,,1,29,,1177980,48,,,1,70,,1177985,48,,,1,30,,1177951,48,,,1,63,,1177982,48,,,1
9001,'12',440,,1178033,48,,,1,100,,1178054,48,,,1,19,,1050489,48,,,1,59,,1178032,48,,,1,17,,1071654,48,,,1,15,,1178021,48,,,1,55,,1178013,48,,,1,15,,1178045,48,,,1,24,,1178016,48,,,1,56,,1098993,48,,,1,13,,1085948,48,,,1,15,,1178014,48,,,1,17,,1178017,48,,,1,57,,1178000,48,,,1,13,,1178052,48,,,1,12,,1178012,48,,,1,15,,1178010,48,,,1,15,,1178006,48,,,1,55,,1178050,48,,,1,15,,1079512,48,,,1,15,,1178002,48,,,1,15,,1177997,48,,,1,55,,1178003,48,,,1,15,,1178048,48,,,1,15,,1177998,48,,,1,16,,1178023,48,,,1,55,,1178043,48,,,1,15,,1177996,48,,,1,15,,1178022,48,,,1,15,,1178031,48,,,1,55,,1178040,48,,,1,15,,1178005,48,,,1,15,,1178041,48,,,1,15,,1178034,48,,,1,55,,1178038,48,,,1,15,,1178008,48,,,1,15,,1178018,48,,,1,15,,1178004,48,,,1,55,,1178015,48,,,1,10,,1178047,12,,,1,8,,1178042,48,,,1,15,,1178011,48,,,1,55,,1178024,48,,,1,15,,1178044,48,,,1,15,,1178030,48,,,1,15,,1178019,48,,,1,55,,1178009,48,,,1,15,,1178020,48,,,1,15,,1178036,48,,,1,12,,1178039,48,,,1,15,,1178007,48,,,1,57,,1178025,48,,,1,30,,1178028,48,,,1,71,,1178053,48,,,1,32,,1178035,48,,,1,70,,1178029,48,,,1,27,,1178046,48,,,1,70,,1178049,48,,,1,30,,1178037,48,,,1,70,,1178051,48,,,1,29,,1178026,48,,,1,70,,997019,48,,,1,30,,1178001,48,,,1,63,,1178027,48,,,1
9001,'13',738,,1178074,48,,,1,70,,1178058,48,,,1,31,,1178082,48,,,1,70,,1178066,48,,,1,30,,1178055,48,,,1,70,,1178084,48,,,1,31,,1178079,48,,,1,70,,1178075,48,,,1,30,,1178062,48,,,1,70,,1178060,48,,,1,31,,1178063,48,,,1,70,,1178064,48,,,1,30,,1178069,48,,,1,70,,1178076,48,,,1,30,,1178059,48,,,1,70,,1074449,48,,,1,30,,1178081,48,,,1,70,,1178072,48,,,1,30,,1178057,48,,,1,70,,1178071,48,,,1,30,,1083460,48,,,1,70,,1178083,48,,,1,28,,1178080,48,,,1,70,,1178068,48,,,1,30,,1178078,48,,,1,70,,1178056,48,,,1,29,,1178067,48,,,1,70,,1178061,48,,,1,29,,1178070,48,,,1,70,,1068800,48,,,1,30,,1178077,48,,,1,70,,1178065,48,,,1,30,,1178073,48,,,1
9001,'14',440,,1178121,48,,,1,100,,1178125,48,,,1,19,,1178096,48,,,1,59,,1178097,48,,,1,17,,1178088,48,,,1,15,,1178098,48,,,1,55,,1178131,48,,,1,15,,1178103,48,,,1,24,,1178099,48,,,1,56,,1178139,48,,,1,13,,1178146,48,,,1,15,,1178123,48,,,1,17,,1178104,48,,,1,57,,1178112,48,,,1,13,,1178142,48,,,1,12,,1178091,48,,,1,15,,1178120,48,,,1,15,,1178130,48,,,1,55,,1178090,48,,,1,15,,1178135,48,,,1,15,,1178114,48,,,1,15,,1178085,48,,,1,55,,1178111,48,,,1,15,,1178136,48,,,1,15,,1178134,48,,,1,16,,1178128,48,,,1,55,,1178093,48,,,1,15,,1178116,48,,,1,15,,1178124,48,,,1,15,,1178138,48,,,1,55,,1178101,48,,,1,15,,1178148,48,,,1,15,,1178118,48,,,1,15,,1178137,48,,,1,55,,1178117,48,,,1,15,,1178126,48,,,1,15,,1178113,48,,,1,15,,1178106,48,,,1,55,,1178147,48,,,1,10,,1178149,12,,,1,8,,1178089,48,,,1,15,,1178086,48,,,1,55,,1178110,48,,,1,15,,1178122,48,,,1,15,,1178144,48,,,1,15,,1178092,48,,,1,55,,1178143,48,,,1,15,,1178109,48,,,1,15,,1178105,48,,,1,12,,1178108,48,,,1,15,,1178140,48,,,1,57,,1178115,48,,,1,30,,1178119,48,,,1,71,,1178102,48,,,1,32,,1178087,48,,,1,70,,1178107,48,,,1,27,,1178145,48,,,1,70,,1178095,48,,,1,30,,1178133,48,,,1,70,,1178141,48,,,1,29,,1178127,48,,,1,70,,1178132,48,,,1,30,,1178094,48,,,1,63,,1178129,48,,,1
9001,'15',440,,1178189,48,,,1,100,,1178159,48,,,1,19,,1178162,48,,,1,59,,1178170,48,,,1,17,,1178167,48,,,1,15,,1178195,48,,,1,55,,1178154,48,,,1,15,,1178152,48,,,1,24,,1178204,48,,,1,56,,1178214,48,,,1,13,,1178198,48,,,1,15,,1178212,48,,,1,17,,1178193,48,,,1,57,,1178151,48,,,1,13,,1178177,48,,,1,12,,1178169,48,,,1,15,,1178156,48,,,1,15,,1178180,48,,,1,55,,1178185,48,,,1,15,,1178153,48,,,1,15,,1178186,48,,,1,15,,1178174,48,,,1,55,,1178210,48,,,1,15,,1178192,48,,,1,15,,1178184,48,,,1,16,,1178187,48,,,1,55,,1178171,48,,,1,15,,1178161,48,,,1,15,,1178150,48,,,1,15,,1178155,48,,,1,55,,1178163,48,,,1,15,,1178172,48,,,1,15,,1178196,48,,,1,15,,1178168,48,,,1,55,,1178209,48,,,1,15,,1178157,48,,,1,15,,1178191,48,,,1,15,,1178178,48,,,1,55,,1178200,48,,,1,10,,1178203,12,,,1,8,,1178176,48,,,1,15,,1178190,48,,,1,55,,1178183,48,,,1,15,,1178164,48,,,1,15,,1178199,48,,,1,15,,1178160,48,,,1,55,,1178206,48,,,1,15,,1178188,48,,,1,15,,1178179,48,,,1,12,,1178211,48,,,1,15,,1178208,48,,,1,57,,1178202,48,,,1,30,,1178213,48,,,1,71,,1178165,48,,,1,32,,1178197,48,,,1,70,,1178181,48,,,1,27,,1178166,48,,,1,70,,1178207,48,,,1,30,,1178173,48,,,1,70,,1178175,48,,,1,29,,1178194,48,,,1,70,,1178201,48,,,1,30,,1178158,48,,,1,63,,1178205,48,,,1
9001,'16',440,,1178249,48,,,1,100,,1094865,48,,,1,19,,1178252,48,,,1,59,,1178248,48,,,1,17,,1178261,48,,,1,15,,1178238,48,,,1,55,,1178229,48,,,1,15,,1178263,48,,,1,24,,1178232,48,,,1,56,,1178234,48,,,1,13,,1178269,48,,,1,15,,1178230,48,,,1,17,,1178233,48,,,1,57,,1071710,48,,,1,13,,1178271,48,,,1,12,,1178228,48,,,1,15,,1178226,48,,,1,15,,1178222,48,,,1,55,,1178268,48,,,1,15,,1178273,48,,,1,15,,1065159,48,,,1,15,,1178216,48,,,1,55,,1178220,48,,,1,15,,1178266,48,,,1,15,,1178217,48,,,1,16,,1178240,48,,,1,55,,1178262,48,,,1,15,,1178215,48,,,1,15,,1178239,48,,,1,15,,1178247,48,,,1,55,,1178257,48,,,1,15,,1178221,48,,,1,15,,1178259,48,,,1,15,,1178250,48,,,1,55,,1178255,48,,,1,15,,1178224,48,,,1,15,,1178235,48,,,1,15,,1066560,48,,,1,55,,1178231,48,,,1,10,,1178265,12,,,1,8,,1178260,48,,,1,15,,1178227,48,,,1,55,,1178241,48,,,1,15,,1073457,48,,,1,15,,1178246,48,,,1,15,,1178236,48,,,1,55,,1178225,48,,,1,15,,1178237,48,,,1,15,,1178253,48,,,1,12,,1178256,48,,,1,15,,1178223,48,,,1,57,,1178242,48,,,1,30,,1178244,48,,,1,71,,1178272,48,,,1,32,,1178251,48,,,1,70,,1178245,48,,,1,27,,1178264,48,,,1,70,,1178267,48,,,1,30,,1178254,48,,,1,70,,1178270,48,,,1,29,,1178243,48,,,1,70,,1178258,48,,,1,30,,1178219,48,,,1,63,,1064941,48,,,1
9001,'17',738,,1178294,48,,,1,70,,1178278,48,,,1,31,,1178303,48,,,1,70,,1178286,48,,,1,30,,1178274,48,,,1,70,,1178305,48,,,1,31,,1178299,48,,,1,70,,1178295,48,,,1,30,,1178282,48,,,1,70,,1178280,48,,,1,31,,1178283,48,,,1,70,,1178284,48,,,1,30,,1178289,48,,,1,70,,1178296,48,,,1,30,,1178279,48,,,1,70,,1178306,48,,,1,30,,1178301,48,,,1,70,,1178292,48,,,1,30,,1178277,48,,,1,70,,1178291,48,,,1,30,,1178276,48,,,1,70,,1178304,48,,,1,28,,1178300,48,,,1,70,,1178288,48,,,1,30,,1178298,48,,,1,70,,1178275,48,,,1,29,,1178287,48,,,1,70,,1178281,48,,,1,29,,1178290,48,,,1,70,,1178302,48,,,1,30,,1178297,48,,,1,70,,1178285,48,,,1,30,,1178293,48,,,1
9001,'2',544,,1178320,48,,,1,70,,1178310,48,,,1,30,,1178313,48,,,1,70,,1049108,48,,,1,30,,1178307,48,,,1,70,,1178324,48,,,1,31,,1178321,48,,,1,70,,1178334,48,,,1,30,,1089661,48,,,1,70,,1178312,48,,,1,31,,1178318,48,,,1,70,,1069447,48,,,1,30,,1178331,48,,,1,70,,1178309,48,,,1,31,,1178329,48,,,1,70,,1178330,48,,,1,30,,1178308,48,,,1,70,,1085350,48,,,1,30,,1178325,48,,,1,70,,1178333,48,,,1,30,,1178311,48,,,1,70,,1178315,48,,,1,30,,1178335,48,,,1,70,,1178336,48,,,1,30,,1178328,48,,,1,70,,1178319,48,,,1,28,,1178323,48,,,1,70,,1178317,48,,,1,30,,1178332,48,,,1,70,,1099925,48,,,1,29,,1178316,48,,,1,70,,1178326,48,,,1,29,,1178327,48,,,1,70,,1178322,48,,,1,30,,1079722,48,,,1,70,,1178314,48,,,1,30,,1178337,48,,,1
9001,'3',738,,1178358,48,,,1,70,,1178342,48,,,1,31,,1178367,48,,,1,70,,1178350,48,,,1,30,,1178338,48,,,1,70,,1178369,48,,,1,31,,1178363,48,,,1,70,,1178359,48,,,1,30,,1178346,48,,,1,70,,1178344,48,,,1,31,,1178347,48,,,1,70,,1178348,48,,,1,30,,1178353,48,,,1,70,,1178360,48,,,1,30,,1178343,48,,,1,70,,1178370,48,,,1,30,,1178365,48,,,1,70,,1178356,48,,,1,30,,1178341,48,,,1,70,,1178355,48,,,1,30,,1178340,48,,,1,70,,1178368,48,,,1,28,,1178364,48,,,1,70,,1178352,48,,,1,30,,1178362,48,,,1,70,,1178339,48,,,1,29,,1178351,48,,,1,70,,1178345,48,,,1,29,,1178354,48,,,1,70,,1178366,48,,,1,30,,1178361,48,,,1,70,,1178349,48,,,1,30,,1178357,48,,,1
9001,'4',738,,1178383,48,,,1,70,,1178399,48,,,1,31,,1178388,48,,,1,70,,1178378,48,,,1,30,,1178375,48,,,1,70,,1178380,48,,,1,31,,1178384,48,,,1,70,,1178394,48,,,1,30,,1178381,48,,,1,70,,1178392,48,,,1,31,,1178385,48,,,1,70,,1178396,48,,,1,30,,1092756,48,,,1,70,,1178379,48,,,1,30,,1178377,48,,,1,70,,1178402,48,,,1,30,,1178398,48,,,1,70,,1178391,48,,,1,30,,1178397,48,,,1,70,,1178382,48,,,1,30,,1178395,48,,,1,70,,1178389,48,,,1,28,,1178374,48,,,1,70,,1178400,48,,,1,30,,1178376,48,,,1,70,,1178373,48,,,1,29,,1178386,48,,,1,70,,1178393,48,,,1,29,,1178372,48,,,1,70,,1178387,48,,,1,30,,1178371,48,,,1,70,,1178390,48,,,1,30,,1178401,48,,,1
9001,'5',440,,1178431,48,,,1,100,,1178435,48,,,1,19,,1178409,48,,,1,59,,1178410,48,,,1,17,,1075886,48,,,1,15,,1014722,48,,,1,55,,1178441,48,,,1,15,,1178414,48,,,1,24,,1178411,48,,,1,56,,1039235,48,,,1,13,,1071683,48,,,1,15,,1178433,48,,,1,17,,1178415,48,,,1,57,,1178422,48,,,1,13,,1178449,48,,,1,12,,1178407,48,,,1,15,,1178430,48,,,1,15,,1178440,48,,,1,55,,1178406,48,,,1,15,,1178445,48,,,1,15,,1178424,48,,,1,15,,1178403,48,,,1,55,,1178421,48,,,1,15,,1178446,48,,,1,15,,1178444,48,,,1,16,,1178438,48,,,1,55,,1020872,48,,,1,15,,1178426,48,,,1,15,,1178434,48,,,1,15,,1178448,48,,,1,55,,1045820,48,,,1,15,,1097433,48,,,1,15,,1178428,48,,,1,15,,1178447,48,,,1,55,,1178427,48,,,1,15,,1178436,48,,,1,15,,1178423,48,,,1,15,,1178417,48,,,1,55,,1064675,48,,,1,10,,1178452,12,,,1,8,,1178405,48,,,1,15,,1101380,48,,,1,55,,1178420,48,,,1,15,,1178432,48,,,1,15,,1178451,48,,,1,15,,1098353,48,,,1,55,,1178450,48,,,1,15,,1178419,48,,,1,15,,1178416,48,,,1,12,,1178418,48,,,1,15,,1098362,48,,,1,57,,1178425,48,,,1,30,,1178429,48,,,1,71,,1178413,48,,,1,32,,1178404,48,,,1,70,,877458,48,,,1,27,,974887,48,,,1,70,,1002389,48,,,1,30,,1178443,48,,,1,70,,1038892,48,,,1,29,,1178437,48,,,1,70,,1178442,48,,,1,30,,1178408,48,,,1,63,,1178439,48,,,1
9001,'6',440,,1178488,48,,,1,100,,1178506,48,,,1,19,,1178491,48,,,1,59,,1178487,48,,,1,17,,1178499,48,,,1,15,,1178476,48,,,1,55,,1178467,48,,,1,15,,1178502,48,,,1,24,,1178470,48,,,1,56,,1178472,48,,,1,13,,1178504,48,,,1,15,,1178468,48,,,1,17,,1178471,48,,,1,57,,1178454,48,,,1,13,,1027410,48,,,1,12,,1178466,48,,,1,15,,1178464,48,,,1,15,,1178460,48,,,1,55,,1066641,48,,,1,15,,1178507,48,,,1,15,,1178456,48,,,1,15,,1079244,48,,,1,55,,1178457,48,,,1,15,,1178503,48,,,1,15,,1093008,48,,,1,16,,1178478,48,,,1,55,,1178500,48,,,1,15,,1091391,48,,,1,15,,1178477,48,,,1,15,,1178486,48,,,1,55,,1178495,48,,,1,15,,1178459,48,,,1,15,,1178497,48,,,1,15,,1178489,48,,,1,55,,1178493,48,,,1,15,,1178462,48,,,1,15,,1178473,48,,,1,15,,1178458,48,,,1,55,,1178469,48,,,1,10,,1052237,12,,,1,8,,1178498,48,,,1,15,,1178465,48,,,1,55,,1178479,48,,,1,15,,1178501,48,,,1,15,,1178485,48,,,1,15,,1178474,48,,,1,55,,1178463,48,,,1,15,,1178475,48,,,1,15,,1031871,48,,,1,12,,1178494,48,,,1,15,,1178461,48,,,1,57,,1178480,48,,,1,30,,1178483,48,,,1,71,,960122,48,,,1,32,,1178490,48,,,1,70,,1178484,48,,,1,27,,1040126,48,,,1,70,,1087691,48,,,1,30,,1178492,48,,,1,70,,1178505,48,,,1,29,,1178481,48,,,1,70,,1178496,48,,,1,30,,1178455,48,,,1,63,,1178482,48,,,1
9001,'7',544,,1178520,48,,,1,70,,1178514,48,,,1,30,,1178509,48,,,1,70,,1178538,48,,,1,30,,1178521,48,,,1,70,,1178534,48,,,1,31,,1178525,48,,,1,70,,1178515,48,,,1,30,,1178541,48,,,1,70,,1178542,48,,,1,31,,1178528,48,,,1,70,,1178522,48,,,1,30,,1178540,48,,,1,70,,1178535,48,,,1,31,,1178527,48,,,1,70,,1178526,48,,,1,30,,1178532,48,,,1,70,,1178512,48,,,1,30,,1178544,48,,,1,70,,1178539,48,,,1,30,,1178510,48,,,1,70,,1178523,48,,,1,30,,1178543,48,,,1,70,,1178524,48,,,1,30,,1178519,48,,,1,70,,1178531,48,,,1,28,,1178508,48,,,1,70,,1178533,48,,,1,30,,1178518,48,,,1,70,,1178517,48,,,1,29,,1178529,48,,,1,70,,1178536,48,,,1,29,,1178530,48,,,1,70,,1178516,48,,,1,30,,1178513,48,,,1,70,,1178537,48,,,1,30,,1178511,48,,,1
9001,'8',440,,1178583,48,,,1,100,,1178608,48,,,1,19,,1178586,48,,,1,59,,1178582,48,,,1,17,,1178595,48,,,1,15,,1178571,48,,,1,55,,1178562,48,,,1,15,,1178598,48,,,1,24,,1178565,48,,,1,56,,1178567,48,,,1,13,,1178604,48,,,1,15,,1178563,48,,,1,17,,1178566,48,,,1,57,,1178549,48,,,1,13,,1178606,48,,,1,12,,1178561,48,,,1,15,,1178559,48,,,1,15,,1178555,48,,,1,55,,1178603,48,,,1,15,,1178609,48,,,1,15,,1178551,48,,,1,15,,1178546,48,,,1,55,,1178552,48,,,1,15,,1178601,48,,,1,15,,1178547,48,,,1,16,,1178573,48,,,1,55,,1178596,48,,,1,15,,1178545,48,,,1,15,,1178572,48,,,1,15,,1178581,48,,,1,55,,1178591,48,,,1,15,,1178554,48,,,1,15,,1178593,48,,,1,15,,1178584,48,,,1,55,,1178589,48,,,1,15,,1178557,48,,,1,15,,1178568,48,,,1,15,,1178553,48,,,1,55,,1178564,48,,,1,10,,1178600,12,,,1,8,,1178594,48,,,1,15,,1178560,48,,,1,55,,1178574,48,,,1,15,,1178597,48,,,1,15,,1178580,48,,,1,15,,1178569,48,,,1,55,,1178558,48,,,1,15,,1178570,48,,,1,15,,1178587,48,,,1,12,,1178590,48,,,1,15,,1178556,48,,,1,57,,1178575,48,,,1,30,,1178578,48,,,1,71,,1178607,48,,,1,32,,1178585,48,,,1,70,,1178579,48,,,1,27,,1178599,48,,,1,70,,1178602,48,,,1,30,,1178588,48,,,1,70,,1178605,48,,,1,29,,1178576,48,,,1,70,,1178592,48,,,1,30,,1178550,48,,,1,63,,1178577,48,,,1
9001,'9',440,,1178638,48,,,1,100,,1178642,48,,,1,19,,1178616,48,,,1,59,,1178617,48,,,1,17,,1075767,48,,,1,15,,1015157,48,,,1,55,,1178648,48,,,1,15,,1178621,48,,,1,24,,1178618,48,,,1,56,,1039408,48,,,1,13,,1071606,48,,,1,15,,1178640,48,,,1,17,,1178622,48,,,1,57,,1178629,48,,,1,13,,1178656,48,,,1,12,,1178614,48,,,1,15,,1178637,48,,,1,15,,1178647,48,,,1,55,,1178613,48,,,1,15,,1178652,48,,,1,15,,1178631,48,,,1,15,,1178610,48,,,1,55,,1178628,48,,,1,15,,1178653,48,,,1,15,,1178651,48,,,1,16,,1178645,48,,,1,55,,1021204,48,,,1,15,,1178633,48,,,1,15,,1178641,48,,,1,15,,1178655,48,,,1,55,,1045885,48,,,1,15,,1097317,48,,,1,15,,1178635,48,,,1,15,,1178654,48,,,1,55,,1178634,48,,,1,15,,1178643,48,,,1,15,,1178630,48,,,1,15,,1178624,48,,,1,55,,1064594,48,,,1,10,,1178659,12,,,1,8,,1178612,48,,,1,15,,1101293,48,,,1,55,,1178627,48,,,1,15,,1178639,48,,,1,15,,1178658,48,,,1,15,,1098273,48,,,1,55,,1178657,48,,,1,15,,1178626,48,,,1,15,,1178623,48,,,1,12,,1178625,48,,,1,15,,1098282,48,,,1,57,,1178632,48,,,1,30,,1178636,48,,,1,71,,1178620,48,,,1,32,,1178611,48,,,1,70,,877412,48,,,1,27,,974861,48,,,1,70,,1002755,48,,,1,30,,1178650,48,,,1,70,,1039066,48,,,1,29,,1178644,48,,,1,70,,1178649,48,,,1,30,,1178615,48,,,1,63,,1178646,48,,,1
9200,'1',1504,,1178669,3,0,41,1,32,,1178674,3,0,41,1,70,,1178661,3,0,41,1,30,,1178673,3,0,41,1,68,,1178676,3,0,41,1,30,,1178660,3,0,41,1
9200,'10',1504,,1178686,3,0,41,1,32,,1178691,3,0,41,1,70,,1178678,3,0,41,1,30,,1178690,3,0,41,1,68,,1178693,3,0,41,1,30,,1178677,3,0,41,1
9200,'11',1504,,1178703,3,0,41,1,32,,1178708,3,0,41,1,70,,1178695,3,0,41,1,30,,1178707,3,0,41,1,68,,1178710,3,0,41,1,30,,1178694,3,0,41,1
9200,'12',1504,,1178717,3,0,41,1,32,,1178713,3,0,41,1,70,,1178718,3,0,41,1,30,,1178714,3,0,41,1,68,,1178711,3,0,41,1,30,,1178722,3,0,41,1
9200,'14',1504,,1178741,3,0,41,1,32,,1178746,3,0,41,1,70,,1178732,3,0,41,1,30,,1178745,3,0,41,1,68,,1178749,3,0,41,1,30,,1178729,3,0,41,1
9200,'15',1504,,1178754,3,0,41,1,32,,1178767,3,0,41,1,70,,1178769,3,0,41,1,30,,1178750,3,0,41,1,68,,1178751,3,0,41,1,30,,1178765,3,0,41,1
9200,'16',1504,,1178777,3,0,41,1,32,,1178773,3,0,41,1,70,,1178778,3,0,41,1,30,,1178774,3,0,41,1,68,,1178771,3,0,41,1,30,,1178782,3,0,41,1
9200,'5',1504,,1178799,3,0,41,1,32,,1178804,3,0,41,1,70,,1178791,3,0,41,1,30,,1178803,3,0,41,1,68,,1178806,3,0,41,1,30,,1178790,3,0,41,1
9200,'6',1504,,1178812,3,0,41,1,32,,1178808,3,0,41,1,70,,1178813,3,0,41,1,30,,1178809,3,0,41,1,68,,1031023,3,0,41,1,30,,1178817,3,0,41,1
9200,'8',1504,,1178832,3,0,41,1,32,,1178828,3,0,41,1,70,,1178833,3,0,41,1,30,,1178829,3,0,41,1,68,,1178826,3,0,41,1,30,,1178837,3,0,41,1
9200,'9',1504,,1178856,3,0,41,1,32,,1178861,3,0,41,1,70,,1178848,3,0,41,1,30,,1178860,3,0,41,1,68,,1178863,3,0,41,1,30,,1178847,3,0,41,1
9201,'1',646,,1052870,67,,,1,72,,1075009,67,,,1,33,,1178872,67,,,1,63,,1178876,67,,,1,40,,1178867,67,,,1,70,,1100418,67,,,1
9201,'10',646,,1052916,67,,,1,72,,1074637,67,,,1,33,,1178886,67,,,1,63,,1178890,67,,,1,40,,1178881,67,,,1,70,,1100333,67,,,1
9201,'11',646,,1052857,67,,,1,72,,1075115,67,,,1,33,,1178900,67,,,1,63,,1178904,67,,,1,40,,1178895,67,,,1,70,,1100442,67,,,1
9201,'12',646,,1178922,67,,,1,72,,1178910,67,,,1,33,,1178906,67,,,1,63,,1178917,67,,,1,40,,1178907,67,,,1,70,,1178920,67,,,1
9201,'14',646,,1178932,67,,,1,72,,1178936,67,,,1,33,,1178934,67,,,1,63,,1178940,67,,,1,40,,1178927,67,,,1,70,,1178933,67,,,1
9201,'15',646,,1178949,67,,,1,72,,1178952,67,,,1,33,,1178944,67,,,1,63,,1178957,67,,,1,40,,1178958,67,,,1,70,,1178946,67,,,1
9201,'16',646,,1034985,67,,,1,72,,1178965,67,,,1,33,,1178961,67,,,1,63,,1178974,67,,,1,40,,1178962,67,,,1,70,,1178976,67,,,1
9201,'5',646,,1052769,67,,,1,72,,1074957,67,,,1,33,,1178986,67,,,1,63,,1178990,67,,,1,40,,1178981,67,,,1,70,,1100402,67,,,1
9201,'6',646,,1179005,67,,,1,72,,1102298,67,,,1,33,,1178992,67,,,1,63,,1179000,67,,,1,40,,1178993,67,,,1,70,,1179003,67,,,1
9201,'8',646,,1179024,67,,,1,72,,1179010,67,,,1,33,,1179006,67,,,1,63,,1179019,67,,,1,40,,1179007,67,,,1,70,,1179022,67,,,1
9201,'9',646,,1052883,67,,,1,72,,1074751,67,,,1,33,,1179033,67,,,1,63,,1179037,67,,,1,40,,1179028,67,,,1,70,,1100361,67,,,1
9800,'1',555,,1180257,3,,,1,50,,1180274,3,0,50 141 102 103,1,20,,1180264,3,,,1,29,,1180238,3,,,1,50,,1180279,3,0,50 141 102 103,1,18,,1180236,3,,,1,12,,1180246,3,0,50 141 102 103,1,18,,1180285,3,,,1,53,,1180266,3,0,50 141 102 103,1,17,,1180247,3,,,1,13,,1180288,3,0,50 141 102 103,1,16,,1180289,3,,,1,50,,1180249,3,0,50 141 102 103,1,16,,1180255,3,,,1,15,,1180292,3,,,1,15,,1180278,3,,,1,55,,1180248,3,,,1,15,,1180267,3,,,1,15,,1080258,3,,,1,15,,1180294,3,,,1,55,,1103140,3,,,1,15,,1180241,3,,,1,15,,1180298,3,,,1,15,,1066539,3,,,1,55,,1180275,3,,,1,15,,1180268,3,,,1,15,,1180290,3,,,1,15,,1180253,3,,,1,55,,1180251,3,,,1,15,,1180244,3,,,1,15,,1180245,3,,,1,15,,1180293,3,,,1,55,,1180235,3,,,1,15,,1019424,3,,,1,14,,1180263,3,,,1,7,,1180258,3,0,50 141 102 103,1,9,,1180284,3,,,1,55,,1180295,3,,,1,7,,1180280,3,0,50 141 102 103,1,10,,1180270,3,,,1,5,,1088775,3,0,50 141 102 103,1,8,,1180291,3,,,1,9,,1023712,3,,,1,8,,1180265,3,,,1,7,,1180261,3,0,50 141 102 103,1,47,,1180286,3,,,1,14,,1180234,3,,,1,8,,1180277,3,0,50 141 102 103,1,7,,1180273,3,,,1,8,,1180256,3,0,50 141 102 103,1,7,,1094612,3,,,1,8,,1180283,3,0,50 141 102 103,1,47,,1180237,3,,,1,15,,1180287,3,,,1,8,,1180239,3,0,50 141 102 103,1,3,,1180269,3,0,50 141 102 103,1,4,,1180260,3,,,1,15,,1180232,3,,,1,8,,1180250,3,0,50 141 102 103,1,47,,1180272,3,,,1,8,,1180233,3,0,50 141 102 103,1,7,,1180297,3,0,50 141 102 103,1,8,,1180262,3,0,50 141 102 103,1,7,,1180243,3,,,1,15,,1180276,3,0,50 141 102 103,1,8,,1180271,3,0,50 141 102 103,1,47,,1180242,3,,,1,30,,1180240,3,,,1,25,,1180281,3,,,1,70,,954039,3,,,1,30,,1180259,3,,,1,70,,970716,3,,,1,30,,1180282,3,,,1,70,,1180254,3,,,1,30,,1180252,3,,,1,70,,1083587,3,,,1,73,,1180296,3,,,1
9800,'10',555,,1180324,3,,,1,50,,1180341,3,0,50 141 102 103,1,20,,1180331,3,,,1,29,,1180305,3,,,1,50,,1180346,3,0,50 141 102 103,1,18,,1180303,3,,,1,12,,1180313,3,0,50 141 102 103,1,18,,1180352,3,,,1,53,,1180333,3,0,50 141 102 103,1,17,,1180314,3,,,1,13,,1180355,3,0,50 141 102 103,1,16,,1180356,3,,,1,50,,1180316,3,0,50 141 102 103,1,16,,1180322,3,,,1,15,,1180359,3,,,1,15,,1180345,3,,,1,55,,1180315,3,,,1,15,,1180334,3,,,1,15,,1080123,3,,,1,15,,1180361,3,,,1,55,,1103137,3,,,1,15,,1180308,3,,,1,15,,1180365,3,,,1,15,,1066317,3,,,1,55,,1180342,3,,,1,15,,1180335,3,,,1,15,,1180357,3,,,1,15,,1180320,3,,,1,55,,1180318,3,,,1,15,,1180311,3,,,1,15,,1180312,3,,,1,15,,1180360,3,,,1,55,,1180302,3,,,1,15,,1019464,3,,,1,14,,1180330,3,,,1,7,,1180325,3,0,50 141 102 103,1,9,,1180351,3,,,1,55,,1180362,3,,,1,7,,1180347,3,0,50 141 102 103,1,10,,1180337,3,,,1,5,,1088370,3,0,50 141 102 103,1,8,,1180358,3,,,1,9,,1023798,3,,,1,8,,1180332,3,,,1,7,,1180328,3,0,50 141 102 103,1,47,,1180353,3,,,1,14,,1180301,3,,,1,8,,1180344,3,0,50 141 102 103,1,7,,1180340,3,,,1,8,,1180323,3,0,50 141 102 103,1,7,,1094442,3,,,1,8,,1180350,3,0,50 141 102 103,1,47,,1180304,3,,,1,15,,1180354,3,,,1,8,,1180306,3,0,50 141 102 103,1,3,,1180336,3,0,50 141 102 103,1,4,,1180327,3,,,1,15,,1180299,3,,,1,8,,1180317,3,0,50 141 102 103,1,47,,1180339,3,,,1,8,,1180300,3,0,50 141 102 103,1,7,,1180364,3,0,50 141 102 103,1,8,,1180329,3,0,50 141 102 103,1,7,,1180310,3,,,1,15,,1180343,3,0,50 141 102 103,1,8,,1180338,3,0,50 141 102 103,1,47,,1180309,3,,,1,30,,1180307,3,,,1,25,,1180348,3,,,1,70,,953567,3,,,1,30,,1180326,3,,,1,70,,970486,3,,,1,30,,1180349,3,,,1,70,,1180321,3,,,1,30,,1180319,3,,,1,70,,1083348,3,,,1,73,,1180363,3,,,1
9800,'11',555,,1180391,3,,,1,50,,1180408,3,0,50 141 102 103,1,20,,1180398,3,,,1,29,,1180372,3,,,1,50,,1180413,3,0,50 141 102 103,1,18,,1180370,3,,,1,12,,1180380,3,0,50 141 102 103,1,18,,1180419,3,,,1,53,,1180400,3,0,50 141 102 103,1,17,,1180381,3,,,1,13,,1180422,3,0,50 141 102 103,1,16,,1180423,3,,,1,50,,1180383,3,0,50 141 102 103,1,16,,1180389,3,,,1,15,,1180426,3,,,1,15,,1180412,3,,,1,55,,1180382,3,,,1,15,,1180401,3,,,1,15,,1080295,3,,,1,15,,1180428,3,,,1,55,,1103141,3,,,1,15,,1180375,3,,,1,15,,1180432,3,,,1,15,,1066606,3,,,1,55,,1180409,3,,,1,15,,1180402,3,,,1,15,,1180424,3,,,1,15,,1180387,3,,,1,55,,1180385,3,,,1,15,,1180378,3,,,1,15,,1180379,3,,,1,15,,1180427,3,,,1,55,,1180369,3,,,1,15,,1019413,3,,,1,14,,1180397,3,,,1,7,,1180392,3,0,50 141 102 103,1,9,,1180418,3,,,1,55,,1180429,3,,,1,7,,1180414,3,0,50 141 102 103,1,10,,1180404,3,,,1,5,,1088896,3,0,50 141 102 103,1,8,,1180425,3,,,1,9,,1023686,3,,,1,8,,1180399,3,,,1,7,,1180395,3,0,50 141 102 103,1,47,,1180420,3,,,1,14,,1180368,3,,,1,8,,1180411,3,0,50 141 102 103,1,7,,1180407,3,,,1,8,,1180390,3,0,50 141 102 103,1,7,,1094654,3,,,1,8,,1180417,3,0,50 141 102 103,1,47,,1180371,3,,,1,15,,1180421,3,,,1,8,,1180373,3,0,50 141 102 103,1,3,,1180403,3,0,50 141 102 103,1,4,,1180394,3,,,1,15,,1180366,3,,,1,8,,1180384,3,0,50 141 102 103,1,47,,1180406,3,,,1,8,,1180367,3,0,50 141 102 103,1,7,,1180431,3,0,50 141 102 103,1,8,,1180396,3,0,50 141 102 103,1,7,,1180377,3,,,1,15,,1180410,3,0,50 141 102 103,1,8,,1180405,3,0,50 141 102 103,1,47,,1180376,3,,,1,30,,1180374,3,,,1,25,,1180415,3,,,1,70,,953972,3,,,1,30,,1180393,3,,,1,70,,970673,3,,,1,30,,1180416,3,,,1,70,,1180388,3,,,1,30,,1180386,3,,,1,70,,1083657,3,,,1,73,,1180430,3,,,1
9800,'12',555,,1180457,3,,,1,50,,1180463,3,0,50 141 102 103,1,20,,1180451,3,,,1,29,,1180474,3,,,1,50,,1180445,3,0,50 141 102 103,1,18,,1180472,3,,,1,12,,1180493,3,0,50 141 102 103,1,18,,1180435,3,,,1,53,,1180447,3,0,50 141 102 103,1,17,,1180487,3,,,1,13,,1180465,3,0,50 141 102 103,1,16,,1180464,3,,,1,50,,1180499,3,0,50 141 102 103,1,16,,1067936,3,,,1,15,,1180468,3,,,1,15,,1048172,3,,,1,55,,1180467,3,,,1,15,,1088002,3,,,1,15,,1180458,3,,,1,15,,1180485,3,,,1,55,,1180478,3,,,1,15,,1180439,3,,,1,15,,1180482,3,,,1,15,,1180461,3,,,1,55,,1180446,3,,,1,15,,1051113,3,,,1,15,,1180462,3,,,1,15,,1180469,3,,,1,55,,1180440,3,,,1,15,,1180477,3,,,1,15,,1180488,3,,,1,15,,1180459,3,,,1,55,,1180442,3,,,1,15,,1180476,3,,,1,14,,1180456,3,,,1,7,,1180471,3,0,50 141 102 103,1,9,,1180470,3,,,1,55,,1180486,3,,,1,7,,1180496,3,0,50 141 102 103,1,10,,1180491,3,,,1,5,,1180473,3,0,50 141 102 103,1,8,,1180437,3,,,1,9,,1180449,3,,,1,8,,1068844,3,,,1,7,,1180450,3,0,50 141 102 103,1,47,,1180433,3,,,1,14,,1180475,3,,,1,8,,1180483,3,0,50 141 102 103,1,7,,1180454,3,,,1,8,,882729,3,0,50 141 102 103,1,7,,1180444,3,,,1,8,,1180452,3,0,50 141 102 103,1,47,,1180498,3,,,1,15,,1180443,3,,,1,8,,1180492,3,0,50 141 102 103,1,3,,1180489,3,0,50 141 102 103,1,4,,1180453,3,,,1,15,,1180490,3,,,1,8,,1180479,3,0,50 141 102 103,1,47,,1180455,3,,,1,8,,1180434,3,0,50 141 102 103,1,7,,1180460,3,0,50 141 102 103,1,8,,1180495,3,0,50 141 102 103,1,7,,1180480,3,,,1,15,,1180448,3,0,50 141 102 103,1,8,,1022658,3,0,50 141 102 103,1,47,,1180441,3,,,1,30,,1180466,3,,,1,25,,1180438,3,,,1,70,,1073600,3,,,1,30,,1180484,3,,,1,70,,1047543,3,,,1,30,,1180481,3,,,1,70,,1180494,3,,,1,30,,1180497,3,,,1,70,,1069299,3,,,1,73,,1180436,3,,,1
9800,'13',644,,1180502,3,,,1,70,,1064352,3,,,1,30,,1180514,3,,,1,70,,1180511,3,,,1,30,,1180509,3,,,1,70,,1180504,3,,,1,30,,1180510,3,,,1,70,,1180529,3,,,1,30,,1180521,3,,,1,70,,1180526,3,,,1,30,,1040947,3,,,1,70,,1180519,3,,,1,30,,1180530,3,,,1,70,,1180501,3,,,1,29,,1180518,3,,,1,69,,1180516,3,,,1,30,,1180524,3,,,1,70,,1180523,3,,,1,30,,1080196,3,,,1,70,,1180513,3,,,1,30,,1180527,3,,,1,70,,1180525,3,,,1,30,,1180503,3,,,1,70,,1180522,3,,,1,30,,1180520,3,,,1,70,,1180517,3,,,1,30,,1180515,3,,,1,70,,1180506,3,,,1,30,,1180505,3,,,1,70,,1180512,3,,,1,30,,1180528,3,,,1,70,,1180507,3,,,1,30,,1180500,3,,,1,70,,1180508,3,,,1
9800,'14',555,,1180560,3,,,1,50,,1180578,3,0,50 141 102 103,1,20,,1180567,3,,,1,29,,1180538,3,,,1,50,,1180583,3,0,50 141 102 103,1,18,,1180536,3,,,1,12,,1180548,3,0,50 141 102 103,1,18,,1180590,3,,,1,53,,1180570,3,0,50 141 102 103,1,17,,1180549,3,,,1,13,,1180593,3,0,50 141 102 103,1,16,,1180594,3,,,1,50,,1180552,3,0,50 141 102 103,1,16,,1180558,3,,,1,15,,1180598,3,,,1,15,,1180582,3,,,1,55,,1180551,3,,,1,15,,1180571,3,,,1,15,,1180568,3,,,1,15,,1180601,3,,,1,55,,1180539,3,,,1,15,,1180542,3,,,1,15,,1180607,3,,,1,15,,1180600,3,,,1,55,,1180579,3,,,1,15,,1180572,3,,,1,15,,1180595,3,,,1,15,,1180556,3,,,1,55,,1180554,3,,,1,15,,1180545,3,,,1,15,,1180546,3,,,1,15,,1180599,3,,,1,55,,1180535,3,,,1,15,,1180597,3,,,1,14,,1180566,3,,,1,7,,1180561,3,0,50 141 102 103,1,9,,1180589,3,,,1,55,,1180602,3,,,1,7,,1180585,3,0,50 141 102 103,1,10,,1180574,3,,,1,5,,1180547,3,0,50 141 102 103,1,8,,1180596,3,,,1,9,,1180605,3,,,1,8,,1180569,3,,,1,7,,1180564,3,0,50 141 102 103,1,47,,1180591,3,,,1,14,,1180534,3,,,1,8,,1180581,3,0,50 141 102 103,1,7,,1180577,3,,,1,8,,1180559,3,0,50 141 102 103,1,7,,1180584,3,,,1,8,,1180588,3,0,50 141 102 103,1,47,,1180537,3,,,1,15,,1180592,3,,,1,8,,1180540,3,0,50 141 102 103,1,3,,1180573,3,0,50 141 102 103,1,4,,1180563,3,,,1,15,,1180532,3,,,1,8,,1180553,3,0,50 141 102 103,1,47,,1180576,3,,,1,8,,1180533,3,0,50 141 102 103,1,7,,1180606,3,0,50 141 102 103,1,8,,1180565,3,0,50 141 102 103,1,7,,1180544,3,,,1,15,,1180580,3,0,50 141 102 103,1,8,,1180575,3,0,50 141 102 103,1,47,,1180543,3,,,1,30,,1180541,3,,,1,25,,1180586,3,,,1,70,,1180604,3,,,1,30,,1180562,3,,,1,70,,1180550,3,,,1,30,,1180587,3,,,1,70,,1180557,3,,,1,30,,1180555,3,,,1,70,,1180531,3,,,1,73,,1180603,3,,,1
9800,'15',555,,1180681,3,,,1,50,,1180640,3,0,50 141 102 103,1,20,,1180680,3,,,1,29,,1180661,3,,,1,50,,1180674,3,0,50 141 102 103,1,18,,1180653,3,,,1,12,,1180667,3,0,50 141 102 103,1,18,,1180630,3,,,1,53,,1180675,3,0,50 141 102 103,1,17,,1180615,3,,,1,13,,1180677,3,0,50 141 102 103,1,16,,1180662,3,,,1,50,,1180682,3,0,50 141 102 103,1,16,,1180678,3,,,1,15,,1180611,3,,,1,15,,1180665,3,,,1,55,,1180626,3,,,1,15,,1180639,3,,,1,15,,1180645,3,,,1,15,,1180621,3,,,1,55,,1180637,3,,,1,15,,1180642,3,,,1,15,,1180660,3,,,1,15,,1180622,3,,,1,55,,1180670,3,,,1,15,,1180624,3,,,1,15,,1180666,3,,,1,15,,1180644,3,,,1,55,,1180612,3,,,1,15,,1180656,3,,,1,15,,1180663,3,,,1,15,,1180659,3,,,1,55,,1180683,3,,,1,15,,1180633,3,,,1,14,,1180669,3,,,1,7,,1180673,3,0,50 141 102 103,1,9,,1180651,3,,,1,55,,1180618,3,,,1,7,,1180648,3,0,50 141 102 103,1,10,,1180646,3,,,1,5,,1180672,3,0,50 141 102 103,1,8,,1180679,3,,,1,9,,1180684,3,,,1,8,,1180641,3,,,1,7,,1180616,3,0,50 141 102 103,1,47,,1180643,3,,,1,14,,1180647,3,,,1,8,,1180629,3,0,50 141 102 103,1,7,,1180609,3,,,1,8,,1180650,3,0,50 141 102 103,1,7,,1180617,3,,,1,8,,1180652,3,0,50 141 102 103,1,47,,1180676,3,,,1,15,,1180619,3,,,1,8,,1180658,3,0,50 141 102 103,1,3,,1180668,3,0,50 141 102 103,1,4,,1180671,3,,,1,15,,1180655,3,,,1,8,,1180608,3,0,50 141 102 103,1,47,,1180649,3,,,1,8,,1180636,3,0,50 141 102 103,1,7,,1180631,3,0,50 141 102 103,1,8,,1180610,3,0,50 141 102 103,1,7,,1180654,3,,,1,15,,1180664,3,0,50 141 102 103,1,8,,1180614,3,0,50 141 102 103,1,47,,1180620,3,,,1,30,,1180613,3,,,1,25,,1180635,3,,,1,70,,1180627,3,,,1,30,,1180657,3,,,1,70,,1180634,3,,,1,30,,1180625,3,,,1,70,,1180628,3,,,1,30,,1180623,3,,,1,70,,1180638,3,,,1,73,,1180632,3,,,1
9800,'16',555,,1180708,3,,,1,50,,1180716,3,0,50 141 102 103,1,20,,1180702,3,,,1,29,,1180728,3,,,1,50,,1180697,3,0,50 141 102 103,1,18,,1180726,3,,,1,12,,1180746,3,0,50 141 102 103,1,18,,1180687,3,,,1,53,,1101627,3,0,50 141 102 103,1,17,,1180740,3,,,1,13,,1180718,3,0,50 141 102 103,1,16,,1180717,3,,,1,50,,1180756,3,0,50 141 102 103,1,16,,1180686,3,,,1,15,,1180721,3,,,1,15,,1180711,3,,,1,55,,1180720,3,,,1,15,,1180688,3,,,1,15,,1180709,3,,,1,15,,1081075,3,,,1,55,,1180732,3,,,1,15,,1180691,3,,,1,15,,1180736,3,,,1,15,,1180713,3,,,1,55,,1180698,3,,,1,15,,1180751,3,,,1,15,,1180715,3,,,1,15,,1180722,3,,,1,55,,1180692,3,,,1,15,,1180731,3,,,1,15,,1180741,3,,,1,15,,1180710,3,,,1,55,,1096811,3,,,1,15,,1180730,3,,,1,14,,1180707,3,,,1,7,,1180725,3,0,50 141 102 103,1,9,,1180724,3,,,1,55,,1180739,3,,,1,7,,1180752,3,0,50 141 102 103,1,10,,1180744,3,,,1,5,,1180727,3,0,50 141 102 103,1,8,,1180689,3,,,1,9,,1180700,3,,,1,8,,1180750,3,,,1,7,,1180701,3,0,50 141 102 103,1,47,,1180685,3,,,1,14,,1180729,3,,,1,8,,1180737,3,0,50 141 102 103,1,7,,1180705,3,,,1,8,,1180749,3,0,50 141 102 103,1,7,,1180695,3,,,1,8,,1180703,3,0,50 141 102 103,1,47,,1180755,3,,,1,15,,1180694,3,,,1,8,,1180745,3,0,50 141 102 103,1,3,,1180742,3,0,50 141 102 103,1,4,,1180704,3,,,1,15,,1180743,3,,,1,8,,1180733,3,0,50 141 102 103,1,47,,1180706,3,,,1,8,,1037365,3,0,50 141 102 103,1,7,,1180712,3,0,50 141 102 103,1,8,,1180748,3,0,50 141 102 103,1,7,,1180734,3,,,1,15,,1180699,3,0,50 141 102 103,1,8,,1180723,3,0,50 141 102 103,1,47,,1180693,3,,,1,30,,1180719,3,,,1,25,,1180690,3,,,1,70,,1180714,3,,,1,30,,1180738,3,,,1,70,,1180753,3,,,1,30,,1180735,3,,,1,70,,1180747,3,,,1,30,,1180754,3,,,1,70,,1180696,3,,,1,73,,1068409,3,,,1
9800,'17',644,,1180759,3,,,1,70,,1180771,3,,,1,30,,1180772,3,,,1,70,,1180768,3,,,1,30,,1180766,3,,,1,70,,1180761,3,,,1,30,,1180767,3,,,1,70,,1180789,3,,,1,30,,1180779,3,,,1,70,,1180784,3,,,1,30,,1180788,3,,,1,70,,1180777,3,,,1,30,,1180790,3,,,1,70,,1180758,3,,,1,29,,1180776,3,,,1,69,,1180774,3,,,1,30,,1180782,3,,,1,70,,1180781,3,,,1,30,,1180787,3,,,1,70,,1180770,3,,,1,30,,1180785,3,,,1,70,,1180783,3,,,1,30,,1180760,3,,,1,70,,1180780,3,,,1,30,,1180778,3,,,1,70,,1180775,3,,,1,30,,1180773,3,,,1,70,,1180763,3,,,1,30,,1180762,3,,,1,70,,1180769,3,,,1,30,,1180786,3,,,1,70,,1180764,3,,,1,30,,1180757,3,,,1,70,,1180765,3,,,1
9800,'2',636,,1180813,3,,,1,70,,1180820,3,,,1,30,,1180797,3,,,1,70,,1180805,3,,,1,30,,1180794,3,,,1,70,,1180814,3,,,1,30,,1180800,3,,,1,70,,1180803,3,,,1,30,,1180795,3,,,1,70,,1180815,3,,,1,30,,1180816,3,,,1,70,,1180807,3,,,1,30,,1180823,3,,,1,70,,1068987,3,,,1,30,,1180806,3,,,1,70,,1180793,3,,,1,30,,1180810,3,,,1,70,,1180796,3,,,1,30,,1180821,3,,,1,70,,1180801,3,,,1,30,,1180798,3,,,1,70,,1180818,3,,,1,30,,1031906,3,,,1,70,,1180811,3,,,1,30,,1180812,3,,,1,70,,1180819,3,,,1,31,,1180824,3,,,1,70,,1180791,3,,,1,30,,1180822,3,,,1,70,,1180809,3,,,1,30,,1180792,3,,,1,70,,1180817,3,,,1,30,,1180802,3,,,1,70,,1180799,3,,,1,30,,1180804,3,,,1,70,,1180808,3,,,1
9800,'3',644,,1180827,3,,,1,70,,1180839,3,,,1,30,,1180840,3,,,1,70,,1180836,3,,,1,30,,1180834,3,,,1,70,,1180829,3,,,1,30,,1180835,3,,,1,70,,1180857,3,,,1,30,,1180847,3,,,1,70,,1180852,3,,,1,30,,1180856,3,,,1,70,,1180845,3,,,1,30,,1180858,3,,,1,70,,1180826,3,,,1,29,,1180844,3,,,1,69,,1180842,3,,,1,30,,1180850,3,,,1,70,,1180849,3,,,1,30,,1180855,3,,,1,70,,1180838,3,,,1,30,,1180853,3,,,1,70,,1180851,3,,,1,30,,1180828,3,,,1,70,,1180848,3,,,1,30,,1180846,3,,,1,70,,1180843,3,,,1,30,,1180841,3,,,1,70,,1180831,3,,,1,30,,1180830,3,,,1,70,,1180837,3,,,1,30,,1180854,3,,,1,70,,1180832,3,,,1,30,,1180825,3,,,1,70,,1180833,3,,,1
9800,'4',644,,1180869,3,,,1,70,,1084092,3,,,1,30,,1180884,3,,,1,70,,1180876,3,,,1,30,,1091167,3,,,1,70,,1180870,3,,,1,30,,1180860,3,,,1,70,,1180871,3,,,1,30,,1180879,3,,,1,70,,1180886,3,,,1,30,,1180890,3,,,1,70,,1180861,3,,,1,30,,1180878,3,,,1,70,,1180864,3,,,1,29,,1180865,3,,,1,69,,1180881,3,,,1,30,,1180868,3,,,1,70,,1180873,3,,,1,30,,1180859,3,,,1,70,,1180887,3,,,1,30,,1180866,3,,,1,70,,1180872,3,,,1,30,,1180862,3,,,1,70,,1180882,3,,,1,30,,1180888,3,,,1,70,,1180885,3,,,1,30,,1180867,3,,,1,70,,1180863,3,,,1,30,,1180889,3,,,1,70,,1180874,3,,,1,30,,1180875,3,,,1,70,,1180877,3,,,1,30,,1180880,3,,,1,70,,1180883,3,,,1
9800,'5',555,,1180916,3,,,1,50,,1180933,3,0,50 141 102 103,1,20,,1180923,3,,,1,29,,1180897,3,,,1,50,,1180938,3,0,50 141 102 103,1,18,,1180895,3,,,1,12,,1180905,3,0,50 141 102 103,1,18,,1180944,3,,,1,53,,1180925,3,0,50 141 102 103,1,17,,1180906,3,,,1,13,,1180947,3,0,50 141 102 103,1,16,,1180948,3,,,1,50,,1180908,3,0,50 141 102 103,1,16,,1180914,3,,,1,15,,1180951,3,,,1,15,,1180937,3,,,1,55,,1180907,3,,,1,15,,1180926,3,,,1,15,,1080241,3,,,1,15,,1180953,3,,,1,55,,1103139,3,,,1,15,,1180900,3,,,1,15,,1180957,3,,,1,15,,1066500,3,,,1,55,,1180934,3,,,1,15,,1180927,3,,,1,15,,1180949,3,,,1,15,,1180912,3,,,1,55,,1180910,3,,,1,15,,1180903,3,,,1,15,,1180904,3,,,1,15,,1180952,3,,,1,55,,1180894,3,,,1,15,,1019370,3,,,1,14,,1180922,3,,,1,7,,1180917,3,0,50 141 102 103,1,9,,1180943,3,,,1,55,,1180954,3,,,1,7,,1180939,3,0,50 141 102 103,1,10,,1180929,3,,,1,5,,1088711,3,0,50 141 102 103,1,8,,1180950,3,,,1,9,,1023552,3,,,1,8,,1180924,3,,,1,7,,1180920,3,0,50 141 102 103,1,47,,1180945,3,,,1,14,,1180893,3,,,1,8,,1180936,3,0,50 141 102 103,1,7,,1180932,3,,,1,8,,1180915,3,0,50 141 102 103,1,7,,1094589,3,,,1,8,,1180942,3,0,50 141 102 103,1,47,,1180896,3,,,1,15,,1180946,3,,,1,8,,1180898,3,0,50 141 102 103,1,3,,1180928,3,0,50 141 102 103,1,4,,1180919,3,,,1,15,,1180891,3,,,1,8,,1180909,3,0,50 141 102 103,1,47,,1180931,3,,,1,8,,1180892,3,0,50 141 102 103,1,7,,1180956,3,0,50 141 102 103,1,8,,1180921,3,0,50 141 102 103,1,7,,1180902,3,,,1,15,,1180935,3,0,50 141 102 103,1,8,,1180930,3,0,50 141 102 103,1,47,,1180901,3,,,1,30,,1180899,3,,,1,25,,1180940,3,,,1,70,,954242,3,,,1,30,,1180918,3,,,1,70,,970856,3,,,1,30,,1180941,3,,,1,70,,1180913,3,,,1,30,,1180911,3,,,1,70,,1083548,3,,,1,73,,1180955,3,,,1
9800,'6',555,,1180974,3,,,1,50,,1180982,3,0,50 141 102 103,1,20,,1086891,3,,,1,29,,1180994,3,,,1,50,,1095739,3,0,50 141 102 103,1,18,,1180992,3,,,1,12,,1181011,3,0,50 141 102 103,1,18,,1067767,3,,,1,53,,1180966,3,0,50 141 102 103,1,17,,1181005,3,,,1,13,,1180984,3,0,50 141 102 103,1,16,,1180983,3,,,1,50,,1032597,3,0,50 141 102 103,1,16,,1180959,3,,,1,15,,1180987,3,,,1,15,,1180977,3,,,1,55,,1180986,3,,,1,15,,1180960,3,,,1,15,,1180975,3,,,1,15,,1181003,3,,,1,55,,1097965,3,,,1,15,,1180962,3,,,1,15,,1181000,3,,,1,15,,1180979,3,,,1,55,,1032569,3,,,1,15,,1181016,3,,,1,15,,1180981,3,,,1,15,,1180988,3,,,1,55,,1022769,3,,,1,15,,1180997,3,,,1,15,,1181006,3,,,1,15,,1180976,3,,,1,55,,1180964,3,,,1,15,,1180996,3,,,1,14,,1180973,3,,,1,7,,1180991,3,0,50 141 102 103,1,9,,1180990,3,,,1,55,,1181004,3,,,1,7,,1181017,3,0,50 141 102 103,1,10,,1181009,3,,,1,5,,1180993,3,0,50 141 102 103,1,8,,1087665,3,,,1,9,,1180967,3,,,1,8,,1181015,3,,,1,7,,1180968,3,0,50 141 102 103,1,47,,1076383,3,,,1,14,,1180995,3,,,1,8,,1181001,3,0,50 141 102 103,1,7,,1180971,3,,,1,8,,1181014,3,0,50 141 102 103,1,7,,1036619,3,,,1,8,,1180969,3,0,50 141 102 103,1,47,,1181019,3,,,1,15,,1006635,3,,,1,8,,1181010,3,0,50 141 102 103,1,3,,1181007,3,0,50 141 102 103,1,4,,1180970,3,,,1,15,,1181008,3,,,1,8,,963075,3,0,50 141 102 103,1,47,,1180972,3,,,1,8,,1180958,3,0,50 141 102 103,1,7,,1180978,3,0,50 141 102 103,1,8,,1181013,3,0,50 141 102 103,1,7,,1180998,3,,,1,15,,1086890,3,0,50 141 102 103,1,8,,1180989,3,0,50 141 102 103,1,47,,1180963,3,,,1,30,,1180985,3,,,1,25,,1072890,3,,,1,70,,1180980,3,,,1,30,,1181002,3,,,1,70,,1181018,3,,,1,30,,1180999,3,,,1,70,,1181012,3,,,1,30,,1090989,3,,,1,70,,1180965,3,,,1,73,,1180961,3,,,1
9800,'7',636,,1181047,3,,,1,70,,1181032,3,,,1,30,,1181026,3,,,1,70,,1181033,3,,,1,30,,1181042,3,,,1,70,,1181043,3,,,1,30,,1181041,3,,,1,70,,1181050,3,,,1,30,,1181045,3,,,1,70,,1181036,3,,,1,30,,1181046,3,,,1,70,,1181022,3,,,1,30,,1181023,3,,,1,70,,1181027,3,,,1,30,,1181025,3,,,1,70,,1181044,3,,,1,30,,1181037,3,,,1,70,,1181030,3,,,1,30,,1181024,3,,,1,70,,1181051,3,,,1,30,,1181034,3,,,1,70,,1181049,3,,,1,30,,1181055,3,,,1,70,,1181054,3,,,1,30,,1181048,3,,,1,70,,1181035,3,,,1,31,,1181039,3,,,1,70,,1181020,3,,,1,30,,1181021,3,,,1,70,,1181038,3,,,1,30,,1181031,3,,,1,70,,1181029,3,,,1,30,,1181028,3,,,1,70,,1181052,3,,,1,30,,1181040,3,,,1,70,,1181053,3,,,1
9800,'8',555,,1181083,3,,,1,50,,1181091,3,0,50 141 102 103,1,20,,1181077,3,,,1,29,,1181103,3,,,1,50,,1181071,3,0,50 141 102 103,1,18,,1181101,3,,,1,12,,1181122,3,0,50 141 102 103,1,18,,1181059,3,,,1,53,,1181073,3,0,50 141 102 103,1,17,,1181116,3,,,1,13,,1181093,3,0,50 141 102 103,1,16,,1181092,3,,,1,50,,1181132,3,0,50 141 102 103,1,16,,1181058,3,,,1,15,,1181096,3,,,1,15,,1181086,3,,,1,55,,1181095,3,,,1,15,,1181060,3,,,1,15,,1181084,3,,,1,15,,1181114,3,,,1,55,,1181107,3,,,1,15,,1181064,3,,,1,15,,1181111,3,,,1,15,,1181088,3,,,1,55,,1181072,3,,,1,15,,1181127,3,,,1,15,,1181090,3,,,1,15,,1181097,3,,,1,55,,1181065,3,,,1,15,,1181106,3,,,1,15,,1181117,3,,,1,15,,1181085,3,,,1,55,,1181067,3,,,1,15,,1181105,3,,,1,14,,1181082,3,,,1,7,,1181100,3,0,50 141 102 103,1,9,,1181099,3,,,1,55,,1181115,3,,,1,7,,1181128,3,0,50 141 102 103,1,10,,1181120,3,,,1,5,,1181102,3,0,50 141 102 103,1,8,,1181062,3,,,1,9,,1181075,3,,,1,8,,1181126,3,,,1,7,,1181076,3,0,50 141 102 103,1,47,,1181056,3,,,1,14,,1181104,3,,,1,8,,1181112,3,0,50 141 102 103,1,7,,1181080,3,,,1,8,,1181125,3,0,50 141 102 103,1,7,,1181069,3,,,1,8,,1181078,3,0,50 141 102 103,1,47,,1181131,3,,,1,15,,1181068,3,,,1,8,,1181121,3,0,50 141 102 103,1,3,,1181118,3,0,50 141 102 103,1,4,,1181079,3,,,1,15,,1181119,3,,,1,8,,1181108,3,0,50 141 102 103,1,47,,1181081,3,,,1,8,,1181057,3,0,50 141 102 103,1,7,,1181087,3,0,50 141 102 103,1,8,,1181124,3,0,50 141 102 103,1,7,,1181109,3,,,1,15,,1181074,3,0,50 141 102 103,1,8,,1181098,3,0,50 141 102 103,1,47,,1181066,3,,,1,30,,1181094,3,,,1,25,,1181063,3,,,1,70,,1181089,3,,,1,30,,1181113,3,,,1,70,,1181129,3,,,1,30,,1181110,3,,,1,70,,1181123,3,,,1,30,,1181130,3,,,1,70,,1181070,3,,,1,73,,1181061,3,,,1
9800,'9',555,,1181158,3,,,1,50,,1181175,3,0,50 141 102 103,1,20,,1181165,3,,,1,29,,1181139,3,,,1,50,,1181180,3,0,50 141 102 103,1,18,,1181137,3,,,1,12,,1181147,3,0,50 141 102 103,1,18,,1181186,3,,,1,53,,1181167,3,0,50 141 102 103,1,17,,1181148,3,,,1,13,,1181189,3,0,50 141 102 103,1,16,,1181190,3,,,1,50,,1181150,3,0,50 141 102 103,1,16,,1181156,3,,,1,15,,1181193,3,,,1,15,,1181179,3,,,1,55,,1181149,3,,,1,15,,1181168,3,,,1,15,,1080166,3,,,1,15,,1181195,3,,,1,55,,1103138,3,,,1,15,,1181142,3,,,1,15,,1181199,3,,,1,15,,1066384,3,,,1,55,,1181176,3,,,1,15,,1181169,3,,,1,15,,1181191,3,,,1,15,,1181154,3,,,1,55,,1181152,3,,,1,15,,1181145,3,,,1,15,,1181146,3,,,1,15,,1181194,3,,,1,55,,1181136,3,,,1,15,,1019435,3,,,1,14,,1181164,3,,,1,7,,1181159,3,0,50 141 102 103,1,9,,1181185,3,,,1,55,,1181196,3,,,1,7,,1181181,3,0,50 141 102 103,1,10,,1181171,3,,,1,5,,1088496,3,0,50 141 102 103,1,8,,1181192,3,,,1,9,,1023738,3,,,1,8,,1181166,3,,,1,7,,1181162,3,0,50 141 102 103,1,47,,1181187,3,,,1,14,,1181135,3,,,1,8,,1181178,3,0,50 141 102 103,1,7,,1181174,3,,,1,8,,1181157,3,0,50 141 102 103,1,7,,1094492,3,,,1,8,,1181184,3,0,50 141 102 103,1,47,,1181138,3,,,1,15,,1181188,3,,,1,8,,1181140,3,0,50 141 102 103,1,3,,1181170,3,0,50 141 102 103,1,4,,1181161,3,,,1,15,,1181133,3,,,1,8,,1181151,3,0,50 141 102 103,1,47,,1181173,3,,,1,8,,1181134,3,0,50 141 102 103,1,7,,1181198,3,0,50 141 102 103,1,8,,1181163,3,0,50 141 102 103,1,7,,1181144,3,,,1,15,,1181177,3,0,50 141 102 103,1,8,,1181172,3,0,50 141 102 103,1,47,,1181143,3,,,1,30,,1181141,3,,,1,25,,1181182,3,,,1,70,,954175,3,,,1,30,,1181160,3,,,1,70,,970813,3,,,1,30,,1181183,3,,,1,70,,1181155,3,,,1,30,,1181153,3,,,1,70,,1083419,3,,,1,73,,1181197,3,,,1
9801,'1',524,,1181212,38,,,1,27,,1181236,38,,,1,8,,1181251,9,,,1,58,,1181221,38,,,1,6,,1181206,9,,,1,4,,1181249,9,,,1,20,,1181220,38,,,1,8,,1181248,9,,,1,46,,1181238,9,,,1,1,,1181239,38,,,1,16,,1064105,38,,,1,10,,1181231,9,,,1,8,,1181247,38,,,1,11,,1181256,38,,,1,11,,1181204,9,,,1,47,,1181203,38,,,1,9,,1181244,38,,,1,8,,1181213,38,,,1,6,,1181258,9,,,1,10,,1181222,38,,,1,10,,1181259,9,,,1,6,,1181226,38,,,1,46,,1181240,9,,,1,4,,1181230,38,,,1,15,,1181242,38,,,1,8,,1181260,9,,,1,5,,1181208,38,,,1,15,,1181216,38,,,1,55,,1181250,38,,,1,15,,1097144,38,,,1,15,,1012659,38,,,1,15,,1181214,38,,,1,55,,1181205,38,,,1,15,,1181257,38,,,1,15,,1181228,38,,,1,15,,1181227,38,,,1,55,,1075003,38,,,1,15,,1181225,38,,,1,15,,966237,38,,,1,15,,1181209,38,,,1,55,,1181219,38,,,1,15,,1181241,38,,,1,15,,1181211,38,,,1,15,,1181217,38,,,1,55,,1181210,38,,,1,15,,1181234,38,,,1,15,,1181233,38,,,1,15,,1181255,38,,,1,55,,994007,38,,,1,14,,1181224,38,,,1,17,,1181232,38,,,1,15,,1062118,38,,,1,11,,1181254,9,,,1,44,,1038695,38,,,1,22,,1181218,9,,,1,10,,1038681,38,,,1,20,,1181235,9,,,1,50,,1181229,38,,,1,20,,1181246,9,,,1,8,,1181223,38,,,1,22,,1181207,9,,,1,48,,1181245,38,,,1,30,,1181252,38,,,1,70,,1181200,38,,,1,26,,1181215,38,,,1,30,,1181202,38,,,1,70,,993967,38,,,1,75,,1069101,38,,,1,28,,1181237,38,,,1,70,,1033782,38,,,1,29,,1181243,38,,,1,69,,1181201,38,,,1,30,,1181253,38,,,1
9801,'10',524,,1181273,38,,,1,27,,1181297,38,,,1,8,,1181312,9,,,1,58,,1181282,38,,,1,6,,1181267,9,,,1,4,,1181310,9,,,1,20,,1181281,38,,,1,8,,1181309,9,,,1,46,,1181299,9,,,1,1,,1181300,38,,,1,16,,1063792,38,,,1,10,,1181292,9,,,1,8,,1181308,38,,,1,11,,1181317,38,,,1,11,,1181265,9,,,1,47,,1181264,38,,,1,9,,1181305,38,,,1,8,,1181274,38,,,1,6,,1181319,9,,,1,10,,1181283,38,,,1,10,,1181320,9,,,1,6,,1181287,38,,,1,46,,1181301,9,,,1,4,,1181291,38,,,1,15,,1181303,38,,,1,8,,1181321,9,,,1,5,,1181269,38,,,1,15,,1181277,38,,,1,55,,1181311,38,,,1,15,,1097061,38,,,1,15,,1012745,38,,,1,15,,1181275,38,,,1,55,,1181266,38,,,1,15,,1181318,38,,,1,15,,1181289,38,,,1,15,,1181288,38,,,1,55,,1074631,38,,,1,15,,1181286,38,,,1,15,,966054,38,,,1,15,,1181270,38,,,1,55,,1181280,38,,,1,15,,1181302,38,,,1,15,,1181272,38,,,1,15,,1181278,38,,,1,55,,1181271,38,,,1,15,,1181295,38,,,1,15,,1181294,38,,,1,15,,1181316,38,,,1,55,,994189,38,,,1,14,,1181285,38,,,1,17,,1181293,38,,,1,15,,1061885,38,,,1,11,,1181315,9,,,1,44,,1038783,38,,,1,22,,1181279,9,,,1,10,,1038769,38,,,1,20,,1181296,9,,,1,50,,1181290,38,,,1,20,,1181307,9,,,1,8,,1181284,38,,,1,22,,1181268,9,,,1,48,,1181306,38,,,1,30,,1181313,38,,,1,70,,1181261,38,,,1,26,,1181276,38,,,1,30,,1181263,38,,,1,70,,994149,38,,,1,75,,1068956,38,,,1,28,,1181298,38,,,1,70,,1033901,38,,,1,29,,1181304,38,,,1,69,,1181262,38,,,1,30,,1181314,38,,,1
9801,'11',524,,1181334,38,,,1,27,,1181358,38,,,1,8,,1181373,9,,,1,58,,1181343,38,,,1,6,,1181328,9,,,1,4,,1181371,9,,,1,20,,1181342,38,,,1,8,,1181370,9,,,1,46,,1181360,9,,,1,1,,1181361,38,,,1,16,,1064198,38,,,1,10,,1181353,9,,,1,8,,1181369,38,,,1,11,,1181378,38,,,1,11,,1181326,9,,,1,47,,1181325,38,,,1,9,,1181366,38,,,1,8,,1181335,38,,,1,6,,1181380,9,,,1,10,,1181344,38,,,1,10,,1181381,9,,,1,6,,1181348,38,,,1,46,,1181362,9,,,1,4,,1181352,38,,,1,15,,1181364,38,,,1,8,,1181382,9,,,1,5,,1181330,38,,,1,15,,1181338,38,,,1,55,,1181372,38,,,1,15,,1097171,38,,,1,15,,1012634,38,,,1,15,,1181336,38,,,1,55,,1181327,38,,,1,15,,1181379,38,,,1,15,,1181350,38,,,1,15,,1181349,38,,,1,55,,1075109,38,,,1,15,,1181347,38,,,1,15,,966215,38,,,1,15,,1181331,38,,,1,55,,1181341,38,,,1,15,,1181363,38,,,1,15,,1181333,38,,,1,15,,1181339,38,,,1,55,,1181332,38,,,1,15,,1181356,38,,,1,15,,1181355,38,,,1,15,,1181377,38,,,1,55,,993951,38,,,1,14,,1181346,38,,,1,17,,1181354,38,,,1,15,,1062193,38,,,1,11,,1181376,9,,,1,44,,1038669,38,,,1,22,,1181340,9,,,1,10,,1038655,38,,,1,20,,1181357,9,,,1,50,,1181351,38,,,1,20,,1181368,9,,,1,8,,1181345,38,,,1,22,,1181329,9,,,1,48,,1181367,38,,,1,30,,1181374,38,,,1,70,,1181322,38,,,1,26,,1181337,38,,,1,30,,1181324,38,,,1,70,,993911,38,,,1,75,,1069143,38,,,1,28,,1181359,38,,,1,70,,1033747,38,,,1,29,,1181365,38,,,1,69,,1181323,38,,,1,30,,1181375,38,,,1
9801,'12',524,,1181426,38,,,1,27,,1181432,38,,,1,8,,943499,9,,,1,58,,1181398,38,,,1,6,,1181423,9,,,1,4,,1181386,9,,,1,20,,1181411,38,,,1,8,,1008183,9,,,1,46,,1181422,9,,,1,1,,1181428,38,,,1,16,,1181413,38,,,1,10,,1181408,9,,,1,8,,1181427,38,,,1,11,,1181395,38,,,1,11,,1181444,9,,,1,47,,1181390,38,,,1,9,,1181441,38,,,1,8,,1181417,38,,,1,6,,1181442,9,,,1,10,,1097760,38,,,1,10,,1181402,9,,,1,6,,1181406,38,,,1,46,,1181407,9,,,1,4,,1181401,38,,,1,15,,1181416,38,,,1,8,,1181387,9,,,1,5,,1181419,38,,,1,15,,1096726,38,,,1,55,,1181385,38,,,1,15,,1181433,38,,,1,15,,1181396,38,,,1,15,,1181400,38,,,1,55,,1181418,38,,,1,15,,1101885,38,,,1,15,,1181443,38,,,1,15,,1181404,38,,,1,55,,1181392,38,,,1,15,,1181384,38,,,1,15,,1181389,38,,,1,15,,1181431,38,,,1,55,,1181394,38,,,1,15,,1181435,38,,,1,15,,1089128,38,,,1,15,,1181446,38,,,1,55,,1181421,38,,,1,15,,1181434,38,,,1,15,,1181388,38,,,1,15,,1181420,38,,,1,55,,1181429,38,,,1,14,,1181412,38,,,1,17,,1089469,38,,,1,15,,1181391,38,,,1,11,,1181438,9,,,1,44,,1181445,38,,,1,22,,1181430,9,,,1,10,,1181383,38,,,1,20,,990663,9,,,1,50,,1181410,38,,,1,20,,1181397,9,,,1,8,,1181393,38,,,1,22,,1181414,9,,,1,48,,1181399,38,,,1,30,,1181424,38,,,1,70,,1181415,38,,,1,26,,1181436,38,,,1,30,,1181439,38,,,1,70,,1181440,38,,,1,75,,1181437,38,,,1,28,,1181405,38,,,1,70,,1181425,38,,,1,29,,1069537,38,,,1,69,,1181403,38,,,1,30,,1181409,38,,,1
9801,'13',712,,1181462,38,,,1,30,,1181466,38,,,1,70,,1181456,38,,,1,32,,1181449,38,,,1,69,,1181470,38,,,1,30,,1181465,38,,,1,70,,1181453,38,,,1,30,,1181477,38,,,1,70,,1051965,38,,,1,30,,1181472,38,,,1,70,,1181457,38,,,1,30,,1181469,38,,,1,70,,1181459,38,,,1,30,,1181464,38,,,1,70,,1181471,38,,,1,30,,1181448,38,,,1,70,,1181452,38,,,1,30,,1181461,38,,,1,70,,1181473,38,,,1,30,,1181467,38,,,1,70,,1181460,38,,,1,30,,1181451,38,,,1,70,,1181474,38,,,1,30,,1181468,38,,,1,70,,1181455,38,,,1,30,,1181450,38,,,1,70,,1181458,38,,,1,28,,1181447,38,,,1,70,,1181463,38,,,1,30,,1181475,38,,,1,70,,1181454,38,,,1,29,,1181476,38,,,1
9801,'14',524,,1181498,38,,,1,27,,1181523,38,,,1,8,,1181539,9,,,1,58,,1181507,38,,,1,6,,1181489,9,,,1,4,,1181537,9,,,1,20,,1181506,38,,,1,8,,1181536,9,,,1,46,,1181525,9,,,1,1,,1181527,38,,,1,16,,1181496,38,,,1,10,,1181518,9,,,1,8,,1181535,38,,,1,11,,1181544,38,,,1,11,,1181486,9,,,1,47,,1181482,38,,,1,9,,1181532,38,,,1,8,,1181499,38,,,1,6,,1181546,9,,,1,10,,1181508,38,,,1,10,,1181547,9,,,1,6,,1181512,38,,,1,46,,1181528,9,,,1,4,,1181517,38,,,1,15,,1181530,38,,,1,8,,1181548,9,,,1,5,,1181493,38,,,1,15,,1181502,38,,,1,55,,1181538,38,,,1,15,,1181526,38,,,1,15,,1181487,38,,,1,15,,1181500,38,,,1,55,,1181488,38,,,1,15,,1181545,38,,,1,15,,1181515,38,,,1,15,,1181513,38,,,1,55,,1181492,38,,,1,15,,1181511,38,,,1,15,,1181514,38,,,1,15,,1181494,38,,,1,55,,1181505,38,,,1,15,,1181529,38,,,1,15,,1181497,38,,,1,15,,1181503,38,,,1,55,,1181495,38,,,1,15,,1181521,38,,,1,15,,1181520,38,,,1,15,,1181543,38,,,1,55,,1181549,38,,,1,14,,1181510,38,,,1,17,,1181519,38,,,1,15,,1181484,38,,,1,11,,1181542,9,,,1,44,,1181550,38,,,1,22,,1181504,9,,,1,10,,1181490,38,,,1,20,,1181522,9,,,1,50,,1181516,38,,,1,20,,1181534,9,,,1,8,,1181509,38,,,1,22,,1181491,9,,,1,48,,1181533,38,,,1,30,,1181540,38,,,1,70,,1181478,38,,,1,26,,1181501,38,,,1,30,,1181481,38,,,1,70,,1181483,38,,,1,75,,1181480,38,,,1,28,,1181524,38,,,1,70,,1181485,38,,,1,29,,1181531,38,,,1,69,,1181479,38,,,1,30,,1181541,38,,,1
9801,'15',524,,1181607,38,,,1,27,,1181597,38,,,1,8,,1181611,9,,,1,58,,1181580,38,,,1,6,,1181554,9,,,1,4,,1181581,9,,,1,20,,1181559,38,,,1,8,,1181551,9,,,1,46,,1181615,9,,,1,1,,1181619,38,,,1,16,,1181603,38,,,1,10,,1181562,9,,,1,8,,1181566,38,,,1,11,,1181571,38,,,1,11,,1181574,9,,,1,47,,1181565,38,,,1,9,,1181601,38,,,1,8,,1181552,38,,,1,6,,1181555,9,,,1,10,,1181595,38,,,1,10,,1181577,9,,,1,6,,1181612,38,,,1,46,,1181614,9,,,1,4,,1181586,38,,,1,15,,1181606,38,,,1,8,,1181618,9,,,1,5,,1181594,38,,,1,15,,1181561,38,,,1,55,,1181567,38,,,1,15,,1181622,38,,,1,15,,1181592,38,,,1,15,,1181585,38,,,1,55,,1181575,38,,,1,15,,1181587,38,,,1,15,,1181576,38,,,1,15,,1181610,38,,,1,55,,1181588,38,,,1,15,,1181578,38,,,1,15,,1181563,38,,,1,15,,1181558,38,,,1,55,,1181557,38,,,1,15,,1181596,38,,,1,15,,1181598,38,,,1,15,,1181591,38,,,1,55,,1181623,38,,,1,15,,1181599,38,,,1,15,,1181613,38,,,1,15,,1181593,38,,,1,55,,1181560,38,,,1,14,,1181605,38,,,1,17,,1181564,38,,,1,15,,1181584,38,,,1,11,,1181573,9,,,1,44,,1181608,38,,,1,22,,1181569,9,,,1,10,,1181553,38,,,1,20,,1181616,9,,,1,50,,1181582,38,,,1,20,,1181568,9,,,1,8,,1181590,38,,,1,22,,1181602,9,,,1,48,,1181600,38,,,1,30,,1181556,38,,,1,70,,1181579,38,,,1,26,,1181621,38,,,1,30,,1181570,38,,,1,70,,1181572,38,,,1,75,,1181589,38,,,1,28,,1181583,38,,,1,70,,1181609,38,,,1,29,,1181617,38,,,1,69,,1181604,38,,,1,30,,1181620,38,,,1
9801,'16',524,,1181671,38,,,1,27,,1181677,38,,,1,8,,1181681,9,,,1,58,,1181643,38,,,1,6,,1181668,9,,,1,4,,1181629,9,,,1,20,,1181656,38,,,1,8,,1181637,9,,,1,46,,1181667,9,,,1,1,,1181673,38,,,1,16,,1181658,38,,,1,10,,1181653,9,,,1,8,,1181672,38,,,1,11,,1181640,38,,,1,11,,1181691,9,,,1,47,,1181634,38,,,1,9,,1181687,38,,,1,8,,1181662,38,,,1,6,,1051152,9,,,1,10,,1181631,38,,,1,10,,1181647,9,,,1,6,,1181651,38,,,1,46,,1181652,9,,,1,4,,1181646,38,,,1,15,,1181661,38,,,1,8,,1181630,9,,,1,5,,1181664,38,,,1,15,,1181688,38,,,1,55,,1181628,38,,,1,15,,1181678,38,,,1,15,,1181641,38,,,1,15,,1181645,38,,,1,55,,1181663,38,,,1,15,,1181689,38,,,1,15,,1181690,38,,,1,15,,1181649,38,,,1,55,,1007750,38,,,1,15,,1181625,38,,,1,15,,1181633,38,,,1,15,,1181676,38,,,1,55,,1181639,38,,,1,15,,1181680,38,,,1,15,,1181626,38,,,1,15,,1181692,38,,,1,55,,1181666,38,,,1,15,,1181679,38,,,1,15,,1181632,38,,,1,15,,1181665,38,,,1,55,,1181674,38,,,1,14,,1181657,38,,,1,17,,1181693,38,,,1,15,,1181635,38,,,1,11,,1181684,9,,,1,44,,991038,38,,,1,22,,1181675,9,,,1,10,,1181624,38,,,1,20,,1181627,9,,,1,50,,1181655,38,,,1,20,,1181642,9,,,1,8,,1181638,38,,,1,22,,1181659,9,,,1,48,,1181644,38,,,1,30,,1181669,38,,,1,70,,1181660,38,,,1,26,,1181682,38,,,1,30,,1181685,38,,,1,70,,1181686,38,,,1,75,,1181683,38,,,1,28,,1181650,38,,,1,70,,1181670,38,,,1,29,,1181636,38,,,1,69,,1181648,38,,,1,30,,1181654,38,,,1
9801,'17',712,,1181709,38,,,1,30,,1181713,38,,,1,70,,1181703,38,,,1,32,,1181696,38,,,1,69,,1181717,38,,,1,30,,1181712,38,,,1,70,,1181700,38,,,1,30,,1181725,38,,,1,70,,1181723,38,,,1,30,,1181719,38,,,1,70,,1181704,38,,,1,30,,1181716,38,,,1,70,,1181706,38,,,1,30,,1181711,38,,,1,70,,1181718,38,,,1,30,,1181695,38,,,1,70,,1181699,38,,,1,30,,1181708,38,,,1,70,,1181720,38,,,1,30,,1181714,38,,,1,70,,1181707,38,,,1,30,,1181698,38,,,1,70,,1181721,38,,,1,30,,1181715,38,,,1,70,,1181702,38,,,1,30,,1181697,38,,,1,70,,1181705,38,,,1,28,,1181694,38,,,1,70,,1181710,38,,,1,30,,1181722,38,,,1,70,,1181701,38,,,1,29,,1181724,38,,,1
9801,'2',707,,1072723,38,,,1,30,,1181727,38,,,1,70,,1181732,38,,,1,31,,1181734,38,,,1,70,,1096240,38,,,1,30,,1181751,38,,,1,68,,1181743,38,,,1,30,,1181726,38,,,1,70,,1095784,38,,,1,30,,1181733,38,,,1,70,,1181737,38,,,1,30,,1181755,38,,,1,70,,1181744,38,,,1,30,,1181748,38,,,1,70,,1181731,38,,,1,30,,1089894,38,,,1,70,,1181738,38,,,1,30,,1092603,38,,,1,70,,1181729,38,,,1,30,,1181750,38,,,1,70,,1181745,38,,,1,30,,1181735,38,,,1,70,,1181754,38,,,1,30,,1181741,38,,,1,70,,1181749,38,,,1,30,,1181747,38,,,1,69,,1181752,38,,,1,30,,1181739,38,,,1,69,,1181728,38,,,1,29,,1181753,38,,,1,70,,1181730,38,,,1,29,,1096232,38,,,1,70,,1092604,38,,,1,30,,1181736,38,,,1,70,,1181740,38,,,1,30,,1181746,38,,,1,70,,1181742,38,,,1
9801,'3',712,,1181771,38,,,1,30,,1181775,38,,,1,70,,1181765,38,,,1,32,,1181758,38,,,1,69,,1181779,38,,,1,30,,1181774,38,,,1,70,,1181762,38,,,1,30,,1181787,38,,,1,70,,1181785,38,,,1,30,,1181781,38,,,1,70,,1181766,38,,,1,30,,1181778,38,,,1,70,,1181768,38,,,1,30,,1181773,38,,,1,70,,1181780,38,,,1,30,,1181757,38,,,1,70,,1181761,38,,,1,30,,1181770,38,,,1,70,,1181782,38,,,1,30,,1181776,38,,,1,70,,1181769,38,,,1,30,,1181760,38,,,1,70,,1181783,38,,,1,30,,1181777,38,,,1,70,,1181764,38,,,1,30,,1181759,38,,,1,70,,1181767,38,,,1,28,,1181756,38,,,1,70,,1181772,38,,,1,30,,1181784,38,,,1,70,,1181763,38,,,1,29,,1181786,38,,,1
9801,'4',712,,1181799,38,,,1,30,,1181798,38,,,1,70,,1181817,38,,,1,32,,1181815,38,,,1,69,,1181801,38,,,1,30,,1181790,38,,,1,70,,1181802,38,,,1,30,,1181818,38,,,1,70,,1181812,38,,,1,30,,1181814,38,,,1,70,,1181789,38,,,1,30,,1181800,38,,,1,70,,1181811,38,,,1,30,,1181793,38,,,1,70,,1181803,38,,,1,30,,1181792,38,,,1,70,,1181808,38,,,1,30,,1181791,38,,,1,70,,1181804,38,,,1,30,,1181813,38,,,1,70,,1181796,38,,,1,30,,1181795,38,,,1,70,,1181810,38,,,1,30,,1181806,38,,,1,70,,1181807,38,,,1,30,,1181794,38,,,1,70,,1181788,38,,,1,28,,1079776,38,,,1,70,,1181797,38,,,1,30,,1181805,38,,,1,70,,1181809,38,,,1,29,,1181816,38,,,1
9801,'5',524,,1181831,38,,,1,27,,1181855,38,,,1,8,,1181870,9,,,1,58,,1181840,38,,,1,6,,1181825,9,,,1,4,,1181868,9,,,1,20,,1181839,38,,,1,8,,1181867,9,,,1,46,,1181857,9,,,1,1,,1181858,38,,,1,16,,1064060,38,,,1,10,,1181850,9,,,1,8,,1181866,38,,,1,11,,1181875,38,,,1,11,,1181823,9,,,1,47,,1181822,38,,,1,9,,1181863,38,,,1,8,,1181832,38,,,1,6,,1181877,9,,,1,10,,1181841,38,,,1,10,,1181878,9,,,1,6,,1181845,38,,,1,46,,1181859,9,,,1,4,,1181849,38,,,1,15,,1181861,38,,,1,8,,1181879,9,,,1,5,,1181827,38,,,1,15,,1181835,38,,,1,55,,1181869,38,,,1,15,,1097122,38,,,1,15,,1012505,38,,,1,15,,1181833,38,,,1,55,,1181824,38,,,1,15,,1181876,38,,,1,15,,1181847,38,,,1,15,,1181846,38,,,1,55,,1074951,38,,,1,15,,1181844,38,,,1,15,,966315,38,,,1,15,,1181828,38,,,1,55,,1181838,38,,,1,15,,1181860,38,,,1,15,,1181830,38,,,1,15,,1181836,38,,,1,55,,1181829,38,,,1,15,,1181853,38,,,1,15,,1181852,38,,,1,15,,1181874,38,,,1,55,,993723,38,,,1,14,,1181843,38,,,1,17,,1181851,38,,,1,15,,1062070,38,,,1,11,,1181873,9,,,1,44,,1038540,38,,,1,22,,1181837,9,,,1,10,,1038526,38,,,1,20,,1181854,9,,,1,50,,1181848,38,,,1,20,,1181865,9,,,1,8,,1181842,38,,,1,22,,1181826,9,,,1,48,,1181864,38,,,1,30,,1181871,38,,,1,70,,1181819,38,,,1,26,,1181834,38,,,1,30,,1181821,38,,,1,70,,993683,38,,,1,75,,1069081,38,,,1,28,,1181856,38,,,1,70,,1033582,38,,,1,29,,1181862,38,,,1,69,,1181820,38,,,1,30,,1181872,38,,,1
9801,'6',524,,1181919,38,,,1,27,,1181925,38,,,1,8,,1181928,9,,,1,58,,1181891,38,,,1,6,,1181916,9,,,1,4,,1098749,9,,,1,20,,1181904,38,,,1,8,,1181885,9,,,1,46,,1181915,9,,,1,1,,1181921,38,,,1,16,,1181906,38,,,1,10,,1181901,9,,,1,8,,1181920,38,,,1,11,,1181888,38,,,1,11,,1088334,9,,,1,47,,1003301,38,,,1,9,,1092258,38,,,1,8,,1181910,38,,,1,6,,1181936,9,,,1,10,,1181883,38,,,1,10,,1181895,9,,,1,6,,1181899,38,,,1,46,,1181900,9,,,1,4,,1181894,38,,,1,15,,1181909,38,,,1,8,,1181882,9,,,1,5,,1181912,38,,,1,15,,1181934,38,,,1,55,,1009464,38,,,1,15,,1181926,38,,,1,15,,1181889,38,,,1,15,,1181893,38,,,1,55,,1181911,38,,,1,15,,1181935,38,,,1,15,,1086780,38,,,1,15,,1181897,38,,,1,55,,1181886,38,,,1,15,,1025636,38,,,1,15,,1083317,38,,,1,15,,1181924,38,,,1,55,,1181887,38,,,1,15,,1181927,38,,,1,15,,1181881,38,,,1,15,,1020343,38,,,1,55,,1181914,38,,,1,15,,1103208,38,,,1,15,,1036609,38,,,1,15,,1181913,38,,,1,55,,1181922,38,,,1,14,,1181905,38,,,1,17,,1181938,38,,,1,15,,1086486,38,,,1,11,,1181931,9,,,1,44,,1181937,38,,,1,22,,1181923,9,,,1,10,,1009617,38,,,1,20,,1181880,9,,,1,50,,1181903,38,,,1,20,,1181890,9,,,1,8,,1088957,38,,,1,22,,1181907,9,,,1,48,,1181892,38,,,1,30,,1181917,38,,,1,70,,1181908,38,,,1,26,,1181929,38,,,1,30,,1181932,38,,,1,70,,1181933,38,,,1,75,,1181930,38,,,1,28,,1181898,38,,,1,70,,1181918,38,,,1,29,,1181884,38,,,1,69,,1181896,38,,,1,30,,1181902,38,,,1
9801,'7',707,,1181947,38,,,1,30,,1181963,38,,,1,70,,1181950,38,,,1,31,,1181939,38,,,1,70,,1181954,38,,,1,30,,1181956,38,,,1,68,,1181961,38,,,1,30,,1181946,38,,,1,70,,1181955,38,,,1,30,,1181973,38,,,1,70,,1181967,38,,,1,30,,1181944,38,,,1,70,,1181964,38,,,1,30,,1181972,38,,,1,70,,1181968,38,,,1,30,,1181969,38,,,1,70,,1181951,38,,,1,30,,1181942,38,,,1,70,,1181962,38,,,1,30,,1181959,38,,,1,70,,1181966,38,,,1,30,,1181948,38,,,1,70,,1181957,38,,,1,30,,1181975,38,,,1,70,,1181965,38,,,1,30,,1181952,38,,,1,69,,1181974,38,,,1,30,,1181945,38,,,1,69,,1181941,38,,,1,29,,1181953,38,,,1,70,,1181960,38,,,1,29,,1181970,38,,,1,70,,1181949,38,,,1,30,,1181940,38,,,1,70,,1181943,38,,,1,30,,1181971,38,,,1,70,,1181958,38,,,1
9801,'8',524,,1182024,38,,,1,27,,1182030,38,,,1,8,,1182034,9,,,1,58,,1181996,38,,,1,6,,1182021,9,,,1,4,,1181980,9,,,1,20,,1182009,38,,,1,8,,1181989,9,,,1,46,,1182020,9,,,1,1,,1182026,38,,,1,16,,1182011,38,,,1,10,,1182006,9,,,1,8,,1182025,38,,,1,11,,1181993,38,,,1,11,,1182045,9,,,1,47,,1181986,38,,,1,9,,1182040,38,,,1,8,,1182015,38,,,1,6,,1182043,9,,,1,10,,1181983,38,,,1,10,,1182000,9,,,1,6,,1182004,38,,,1,46,,1182005,9,,,1,4,,1181999,38,,,1,15,,1182014,38,,,1,8,,1181982,9,,,1,5,,1182017,38,,,1,15,,1182041,38,,,1,55,,1181979,38,,,1,15,,1182031,38,,,1,15,,1181994,38,,,1,15,,1181998,38,,,1,55,,1182016,38,,,1,15,,1182042,38,,,1,15,,1182044,38,,,1,15,,1182002,38,,,1,55,,1181990,38,,,1,15,,1181977,38,,,1,15,,1181985,38,,,1,15,,1182029,38,,,1,55,,1181992,38,,,1,15,,1182033,38,,,1,15,,1181978,38,,,1,15,,1182047,38,,,1,55,,1182019,38,,,1,15,,1182032,38,,,1,15,,1181984,38,,,1,15,,1182018,38,,,1,55,,1182027,38,,,1,14,,1182010,38,,,1,17,,1182048,38,,,1,15,,1181987,38,,,1,11,,1182037,9,,,1,44,,1182046,38,,,1,22,,1182028,9,,,1,10,,1181976,38,,,1,20,,1181981,9,,,1,50,,1182008,38,,,1,20,,1181995,9,,,1,8,,1181991,38,,,1,22,,1182012,9,,,1,48,,1181997,38,,,1,30,,1182022,38,,,1,70,,1182013,38,,,1,26,,1182035,38,,,1,30,,1182038,38,,,1,70,,1182039,38,,,1,75,,1182036,38,,,1,28,,1182003,38,,,1,70,,1182023,38,,,1,29,,1181988,38,,,1,69,,1182001,38,,,1,30,,1182007,38,,,1
9801,'9',524,,1182061,38,,,1,27,,1182085,38,,,1,8,,1182100,9,,,1,58,,1182070,38,,,1,6,,1182055,9,,,1,4,,1182098,9,,,1,20,,1182069,38,,,1,8,,1182097,9,,,1,46,,1182087,9,,,1,1,,1182088,38,,,1,16,,1063889,38,,,1,10,,1182080,9,,,1,8,,1182096,38,,,1,11,,1182105,38,,,1,11,,1182053,9,,,1,47,,1182052,38,,,1,9,,1182093,38,,,1,8,,1182062,38,,,1,6,,1182107,9,,,1,10,,1182071,38,,,1,10,,1182108,9,,,1,6,,1182075,38,,,1,46,,1182089,9,,,1,4,,1182079,38,,,1,15,,1182091,38,,,1,8,,1182109,9,,,1,5,,1182057,38,,,1,15,,1182065,38,,,1,55,,1182099,38,,,1,15,,1097088,38,,,1,15,,1012684,38,,,1,15,,1182063,38,,,1,55,,1182054,38,,,1,15,,1182106,38,,,1,15,,1182077,38,,,1,15,,1182076,38,,,1,55,,1074745,38,,,1,15,,1182074,38,,,1,15,,966293,38,,,1,15,,1182058,38,,,1,55,,1182068,38,,,1,15,,1182090,38,,,1,15,,1182060,38,,,1,15,,1182066,38,,,1,55,,1182059,38,,,1,15,,1182083,38,,,1,15,,1182082,38,,,1,15,,1182104,38,,,1,55,,994063,38,,,1,14,,1182073,38,,,1,17,,1182081,38,,,1,15,,1061959,38,,,1,11,,1182103,9,,,1,44,,1038721,38,,,1,22,,1182067,9,,,1,10,,1038707,38,,,1,20,,1182084,9,,,1,50,,1182078,38,,,1,20,,1182095,9,,,1,8,,1182072,38,,,1,22,,1182056,9,,,1,48,,1182094,38,,,1,30,,1182101,38,,,1,70,,1182049,38,,,1,26,,1182064,38,,,1,30,,1182051,38,,,1,70,,994023,38,,,1,75,,1068997,38,,,1,28,,1182086,38,,,1,70,,1033817,38,,,1,29,,1182092,38,,,1,69,,1182050,38,,,1,30,,1182102,38,,,1
10500,'1',326,,1183213,12,,,1,74,,1183237,12,,,1,29,,1183228,12,,,1,27,,1183220,12,,,1,67,,1183224,11,,,1,26,,1039733,11,,,1,67,,1183212,11,,,1,25,,1183207,11,,,1,73,,1183196,11,,,1,30,,1183203,11,,,1,71,,1183233,11,,,1,27,,1183217,11,,,1,68,,1183197,11,,,1,30,,1183235,11,,,1,70,,1183234,11,,,1,30,,1183216,11,,,1,70,,1183195,11,,,1,30,,1183219,11,,,1,70,,1183223,11,,,1,30,,1183231,11,,,1,72,,1183204,11,,,1,30,,1183225,11,,,1,70,,1027778,11,,,1,30,,1183227,11,,,1,70,,1066965,11,,,1,30,,1183208,11,,,1,72,,1183200,11,,,1,28,,1183202,11,,,1,70,,1183232,11,,,1,30,,1183210,11,,,1,69,,1183198,11,,,1,30,,1183229,11,,,1,77,,1183218,11,,,1,25,,1183201,11,,,1,70,,1183236,11,,,1,30,,1183211,11,,,1,70,,1183222,11,,,1,30,,1045873,11,,,1,70,,1183214,11,,,1,30,,1183199,11,,,1,70,,1183221,11,,,1,30,,1183206,11,,,1,70,,1183193,11,,,1,20,,1183230,11,,,1,25,,1183215,11,,,1,68,,1183194,11,,,1,30,,1183209,12,,,1,68,,1183205,12,,,1,30,,1183226,12,,,1
10500,'10',326,,1183258,12,,,1,74,,1183282,12,,,1,29,,1183273,12,,,1,27,,1183265,12,,,1,67,,1183269,11,,,1,26,,1039827,11,,,1,67,,1183257,11,,,1,25,,1183252,11,,,1,73,,1183241,11,,,1,30,,1183248,11,,,1,71,,1183278,11,,,1,27,,1183262,11,,,1,68,,1183242,11,,,1,30,,1183280,11,,,1,70,,1183279,11,,,1,30,,1183261,11,,,1,70,,1183240,11,,,1,30,,1183264,11,,,1,70,,1183268,11,,,1,30,,1183276,11,,,1,72,,1183249,11,,,1,30,,1183270,11,,,1,70,,1027855,11,,,1,30,,1183272,11,,,1,70,,1066682,11,,,1,30,,1183253,11,,,1,72,,1183245,11,,,1,28,,1183247,11,,,1,70,,1183277,11,,,1,30,,1183255,11,,,1,69,,1183243,11,,,1,30,,1183274,11,,,1,77,,1183263,11,,,1,25,,1183246,11,,,1,70,,1183281,11,,,1,30,,1183256,11,,,1,70,,1183267,11,,,1,30,,1045916,11,,,1,70,,1183259,11,,,1,30,,1183244,11,,,1,70,,1183266,11,,,1,30,,1183251,11,,,1,70,,1183238,11,,,1,20,,1183275,11,,,1,25,,1183260,11,,,1,68,,1183239,11,,,1,30,,1183254,12,,,1,68,,1183250,12,,,1,30,,1183271,12,,,1
10500,'11',326,,1183303,12,,,1,74,,1183327,12,,,1,29,,1183318,12,,,1,27,,1183310,12,,,1,67,,1183314,11,,,1,26,,1039705,11,,,1,67,,1183302,11,,,1,25,,1183297,11,,,1,73,,1183286,11,,,1,30,,1183293,11,,,1,71,,1183323,11,,,1,27,,1183307,11,,,1,68,,1183287,11,,,1,30,,1183325,11,,,1,70,,1183324,11,,,1,30,,1183306,11,,,1,70,,1183285,11,,,1,30,,1183309,11,,,1,70,,1183313,11,,,1,30,,1183321,11,,,1,72,,1183294,11,,,1,30,,1183315,11,,,1,70,,1027757,11,,,1,30,,1183317,11,,,1,70,,1067041,11,,,1,30,,1183298,11,,,1,72,,1183290,11,,,1,28,,1183292,11,,,1,70,,1183322,11,,,1,30,,1183300,11,,,1,69,,1183288,11,,,1,30,,1183319,11,,,1,77,,1183308,11,,,1,25,,1183291,11,,,1,70,,1183326,11,,,1,30,,1183301,11,,,1,70,,1183312,11,,,1,30,,1045862,11,,,1,70,,1183304,11,,,1,30,,1183289,11,,,1,70,,1183311,11,,,1,30,,1183296,11,,,1,70,,1183283,11,,,1,20,,1183320,11,,,1,25,,1183305,11,,,1,68,,1183284,11,,,1,30,,1183299,12,,,1,68,,1183295,12,,,1,30,,1183316,12,,,1
10500,'12',326,,1183351,12,,,1,74,,1183343,12,,,1,29,,1183356,12,,,1,27,,1183338,12,,,1,67,,1183366,11,,,1,26,,1183354,11,,,1,67,,1183345,11,,,1,25,,1183340,11,,,1,73,,1183348,11,,,1,30,,978462,11,,,1,71,,1183369,11,,,1,27,,1183353,11,,,1,68,,1183337,11,,,1,30,,1183359,11,,,1,70,,1183363,11,,,1,30,,1183328,11,,,1,70,,1010978,11,,,1,30,,1183336,11,,,1,70,,1183350,11,,,1,30,,1183342,11,,,1,72,,1183360,11,,,1,30,,1183365,11,,,1,70,,1183344,11,,,1,30,,1183352,11,,,1,70,,1183346,11,,,1,30,,1183333,11,,,1,72,,1049452,11,,,1,28,,1183361,11,,,1,70,,1183341,11,,,1,30,,1183358,11,,,1,69,,1183331,11,,,1,30,,1183339,11,,,1,77,,1183334,11,,,1,25,,1183364,11,,,1,70,,1082412,11,,,1,30,,1183362,11,,,1,70,,1183329,11,,,1,30,,1062545,11,,,1,70,,1183349,11,,,1,30,,1183332,11,,,1,70,,1183330,11,,,1,30,,1183357,11,,,1,70,,1183355,11,,,1,20,,1065109,11,,,1,25,,1183368,11,,,1,68,,1183347,11,,,1,30,,1183367,12,,,1,68,,1183370,12,,,1,30,,1183335,12,,,1
10500,'13',329,,1183396,12,,,1,30,,1183376,12,,,1,70,,1183399,12,,,1,30,,1183412,12,,,1,70,,1183400,12,,,1,30,,1183373,12,,,1,70,,1183413,12,,,1,30,,1183371,12,,,1,70,,1183397,12,,,1,30,,1066787,12,,,1,69,,1183386,11,,,1,30,,1183387,11,,,1,70,,1183403,11,,,1,30,,1183393,11,,,1,70,,1183384,11,,,1,30,,1183401,11,,,1,70,,1183414,11,,,1,30,,1183379,11,,,1,70,,1183380,11,,,1,30,,1183372,11,,,1,70,,1183382,11,,,1,30,,1183415,11,,,1,70,,1183378,11,,,1,30,,1183375,11,,,1,70,,1183408,11,,,1,30,,1183406,11,,,1,70,,1183416,11,,,1,30,,1183410,11,,,1,69,,1183402,11,,,1,30,,1183405,11,,,1,70,,1183389,11,,,1,30,,1183398,11,,,1,70,,1076905,11,,,1,30,,1183404,11,,,1,70,,1183394,11,,,1,30,,1183383,11,,,1,70,,1183388,11,,,1,30,,1183385,11,,,1,69,,1183395,11,,,1,30,,1183392,11,,,1,70,,1183409,11,,,1,30,,1183390,12,,,1,70,,1183381,12,,,1,30,,1183407,12,,,1,70,,1183374,12,,,1,30,,1183411,12,,,1,70,,1183391,12,,,1,30,,1183377,12,,,1
10500,'14',326,,1183439,12,,,1,74,,1183465,12,,,1,29,,1183455,12,,,1,27,,1183447,12,,,1,67,,1183451,11,,,1,26,,1183424,11,,,1,67,,1183438,11,,,1,25,,1183433,11,,,1,73,,1183420,11,,,1,30,,1183429,11,,,1,71,,1183460,11,,,1,27,,1183444,11,,,1,68,,1183421,11,,,1,30,,1183462,11,,,1,70,,1183461,11,,,1,30,,1183443,11,,,1,70,,1183419,11,,,1,30,,1183446,11,,,1,70,,1183450,11,,,1,30,,1183458,11,,,1,72,,1183430,11,,,1,30,,1183452,11,,,1,70,,1183441,11,,,1,30,,1183454,11,,,1,70,,1183464,11,,,1,30,,1183434,11,,,1,72,,1183426,11,,,1,28,,1183428,11,,,1,70,,1183459,11,,,1,30,,1183436,11,,,1,69,,1183423,11,,,1,30,,1183456,11,,,1,77,,1183445,11,,,1,25,,1183427,11,,,1,70,,1183463,11,,,1,30,,1183437,11,,,1,70,,1183449,11,,,1,30,,1183422,11,,,1,70,,1183440,11,,,1,30,,1183425,11,,,1,70,,1183448,11,,,1,30,,1183432,11,,,1,70,,1183417,11,,,1,20,,1183457,11,,,1,25,,1183442,11,,,1,68,,1183418,11,,,1,30,,1183435,12,,,1,68,,1183431,12,,,1,30,,1183453,12,,,1
10500,'15',326,,1183496,12,,,1,74,,1183480,12,,,1,29,,1183475,12,,,1,27,,1183487,12,,,1,67,,1183485,11,,,1,26,,1183494,11,,,1,67,,1183479,11,,,1,25,,1183499,11,,,1,73,,1183501,11,,,1,30,,1183504,11,,,1,71,,1183467,11,,,1,27,,1183471,11,,,1,68,,1183498,11,,,1,30,,1183514,11,,,1,70,,1183469,11,,,1,30,,1183495,11,,,1,70,,1183506,11,,,1,30,,1183476,11,,,1,70,,1183512,11,,,1,30,,1183488,11,,,1,72,,1183472,11,,,1,30,,1183481,11,,,1,70,,1183503,11,,,1,30,,1183484,11,,,1,70,,1183490,11,,,1,30,,1183493,11,,,1,72,,1183500,11,,,1,28,,1183510,11,,,1,70,,1183507,11,,,1,30,,1183509,11,,,1,69,,1183502,11,,,1,30,,1183508,11,,,1,77,,1183477,11,,,1,25,,1183478,11,,,1,70,,1183491,11,,,1,30,,1183486,11,,,1,70,,1183505,11,,,1,30,,1183489,11,,,1,70,,1183474,11,,,1,30,,1183470,11,,,1,70,,1183468,11,,,1,30,,1183483,11,,,1,70,,1183473,11,,,1,20,,1183466,11,,,1,25,,1183482,11,,,1,68,,1183513,11,,,1,30,,1183497,12,,,1,68,,1183511,12,,,1,30,,1183492,12,,,1
10500,'16',326,,1183537,12,,,1,74,,1183529,12,,,1,29,,1183542,12,,,1,27,,1095253,12,,,1,67,,1183553,11,,,1,26,,1183540,11,,,1,67,,1183531,11,,,1,25,,1183526,11,,,1,73,,1183534,11,,,1,30,,1183518,11,,,1,71,,1064171,11,,,1,27,,1183539,11,,,1,68,,1183524,11,,,1,30,,1183545,11,,,1,70,,1183550,11,,,1,30,,1183516,11,,,1,70,,1183517,11,,,1,30,,1095927,11,,,1,70,,1183536,11,,,1,30,,1183528,11,,,1,72,,1183546,11,,,1,30,,1183552,11,,,1,70,,1183530,11,,,1,30,,1183538,11,,,1,70,,1183532,11,,,1,30,,1183522,11,,,1,72,,1183547,11,,,1,28,,1183548,11,,,1,70,,1183527,11,,,1,30,,1183544,11,,,1,69,,1183521,11,,,1,30,,1183525,11,,,1,77,,1101625,11,,,1,25,,1183551,11,,,1,70,,1183515,11,,,1,30,,1183549,11,,,1,70,,1183519,11,,,1,30,,1183557,11,,,1,70,,1183535,11,,,1,30,,1087248,11,,,1,70,,1183520,11,,,1,30,,1183543,11,,,1,70,,1183541,11,,,1,20,,1183555,11,,,1,25,,1183556,11,,,1,68,,1183533,11,,,1,30,,1183554,12,,,1,68,,1183558,12,,,1,30,,1183523,12,,,1
10500,'17',329,,1183585,12,,,1,30,,1183565,12,,,1,70,,1183588,12,,,1,30,,1183601,12,,,1,70,,1183589,12,,,1,30,,1183561,12,,,1,70,,1183602,12,,,1,30,,1183559,12,,,1,70,,1183586,12,,,1,30,,1183564,12,,,1,69,,1183575,11,,,1,30,,1183576,11,,,1,70,,1183592,11,,,1,30,,1183582,11,,,1,70,,1183573,11,,,1,30,,1183590,11,,,1,70,,1183603,11,,,1,30,,1183568,11,,,1,70,,1183569,11,,,1,30,,1183560,11,,,1,70,,1183571,11,,,1,30,,1183604,11,,,1,70,,1183567,11,,,1,30,,1183563,11,,,1,70,,1183597,11,,,1,30,,1183595,11,,,1,70,,1183606,11,,,1,30,,1183599,11,,,1,69,,1183591,11,,,1,30,,1183594,11,,,1,70,,1183578,11,,,1,30,,1183587,11,,,1,70,,1183605,11,,,1,30,,1183593,11,,,1,70,,1183583,11,,,1,30,,1183572,11,,,1,70,,1183577,11,,,1,30,,1183574,11,,,1,69,,1183584,11,,,1,30,,1183581,11,,,1,70,,1183598,11,,,1,30,,1183579,12,,,1,70,,1183570,12,,,1,30,,1183596,12,,,1,70,,1183562,12,,,1,30,,1183600,12,,,1,70,,1183580,12,,,1,30,,1183566,12,,,1
10500,'2',316,,885398,12,,,1,30,,1183638,12,,,1,70,,1183621,12,,,1,30,,1071120,12,,,1,70,,1183640,12,,,1,30,,1183627,12,,,1,70,,1183613,11,,,1,35,,1183610,11,,,1,70,,1183637,11,,,1,30,,1183609,11,,,1,70,,1183630,11,,,1,30,,1183607,11,,,1,70,,1183622,11,,,1,30,,1183635,11,,,1,71,,1183618,11,,,1,30,,1183629,11,,,1,71,,1183625,11,,,1,30,,1183620,11,,,1,70,,1183628,11,,,1,30,,1183636,11,,,1,70,,1183641,11,,,1,30,,1183632,11,,,1,70,,1183617,11,,,1,30,,1069458,11,,,1,70,,1096233,11,,,1,30,,1183611,11,,,1,70,,1183639,11,,,1,30,,1067161,11,,,1,70,,1183634,11,,,1,30,,1183616,11,,,1,70,,1183631,11,,,1,30,,1078141,11,,,1,71,,1099914,11,,,1,30,,1183633,11,,,1,70,,953844,11,,,1,30,,1183626,11,,,1,71,,1027055,11,,,1,30,,1183612,11,,,1,70,,1183642,11,,,1,30,,1183615,11,,,1,70,,1183624,11,,,1,30,,1183619,11,,,1,72,,1073730,11,,,1,32,,1183608,11,,,1,70,,1183614,11,,,1,30,,1023374,11,,,1,70,,1183623,11,,,1,72,,1068973,12,,,1
10500,'3',329,,1183669,12,,,1,30,,1183649,12,,,1,70,,1183672,12,,,1,30,,1183685,12,,,1,70,,1183673,12,,,1,30,,1183645,12,,,1,70,,1183686,12,,,1,30,,1183643,12,,,1,70,,1183670,12,,,1,30,,1183648,12,,,1,69,,1183659,11,,,1,30,,1183660,11,,,1,70,,1183676,11,,,1,30,,1183666,11,,,1,70,,1183657,11,,,1,30,,1183674,11,,,1,70,,1183687,11,,,1,30,,1183652,11,,,1,70,,1183653,11,,,1,30,,1183644,11,,,1,70,,1183655,11,,,1,30,,1183688,11,,,1,70,,1183651,11,,,1,30,,1183647,11,,,1,70,,1183681,11,,,1,30,,1183679,11,,,1,70,,1183690,11,,,1,30,,1183683,11,,,1,69,,1183675,11,,,1,30,,1183678,11,,,1,70,,1183662,11,,,1,30,,1183671,11,,,1,70,,1183689,11,,,1,30,,1183677,11,,,1,70,,1183667,11,,,1,30,,1183656,11,,,1,70,,1183661,11,,,1,30,,1183658,11,,,1,69,,1183668,11,,,1,30,,1183665,11,,,1,70,,1183682,11,,,1,30,,1183663,12,,,1,70,,1183654,12,,,1,30,,1183680,12,,,1,70,,1183646,12,,,1,30,,1183684,12,,,1,70,,1183664,12,,,1,30,,1183650,12,,,1
10500,'4',329,,1183711,12,,,1,30,,1022181,12,,,1,70,,1183712,12,,,1,30,,1183719,12,,,1,70,,1183720,12,,,1,30,,1183704,12,,,1,70,,1092363,12,,,1,30,,1183723,12,,,1,70,,1183697,12,,,1,30,,1183691,12,,,1,69,,1183727,11,,,1,30,,1183729,11,,,1,70,,1183695,11,,,1,30,,1183722,11,,,1,70,,1183709,11,,,1,30,,1183701,11,,,1,70,,1183700,11,,,1,30,,1183702,11,,,1,70,,1183708,11,,,1,30,,1183693,11,,,1,70,,1183715,11,,,1,30,,1183725,11,,,1,70,,1183714,11,,,1,30,,1183705,11,,,1,70,,1183696,11,,,1,30,,1183710,11,,,1,70,,1081881,11,,,1,30,,1004827,11,,,1,69,,1183721,11,,,1,30,,1183718,11,,,1,70,,1183716,11,,,1,30,,998661,11,,,1,70,,1183692,11,,,1,30,,1183707,11,,,1,70,,1183703,11,,,1,30,,1183706,11,,,1,70,,1183713,11,,,1,30,,1075426,11,,,1,69,,988763,11,,,1,30,,1084085,11,,,1,70,,1183717,11,,,1,30,,1183699,12,,,1,70,,1183694,12,,,1,30,,1183726,12,,,1,70,,1183724,12,,,1,30,,1183730,12,,,1,70,,1183698,12,,,1,30,,1183728,12,,,1
10500,'5',326,,1183751,12,,,1,74,,1183775,12,,,1,29,,1183766,12,,,1,27,,1183758,12,,,1,67,,1183762,11,,,1,26,,1039574,11,,,1,67,,1183750,11,,,1,25,,1183745,11,,,1,73,,1183734,11,,,1,30,,1183741,11,,,1,71,,1183771,11,,,1,27,,1183755,11,,,1,68,,1183735,11,,,1,30,,1183773,11,,,1,70,,1183772,11,,,1,30,,1183754,11,,,1,70,,1183733,11,,,1,30,,1183757,11,,,1,70,,1183761,11,,,1,30,,1183769,11,,,1,72,,1183742,11,,,1,30,,1183763,11,,,1,70,,1027680,11,,,1,30,,1183765,11,,,1,70,,1066929,11,,,1,30,,1183746,11,,,1,72,,1183738,11,,,1,28,,1183740,11,,,1,70,,1183770,11,,,1,30,,1183748,11,,,1,69,,1183736,11,,,1,30,,1183767,11,,,1,77,,1183756,11,,,1,25,,1183739,11,,,1,70,,1183774,11,,,1,30,,1183749,11,,,1,70,,1183760,11,,,1,30,,1045819,11,,,1,70,,1183752,11,,,1,30,,1183737,11,,,1,70,,1183759,11,,,1,30,,1183744,11,,,1,70,,1183731,11,,,1,20,,1183768,11,,,1,25,,1183753,11,,,1,68,,1183732,11,,,1,30,,1183747,12,,,1,68,,1183743,12,,,1,30,,1183764,12,,,1
10500,'6',326,,1183795,12,,,1,74,,1183787,12,,,1,29,,1183800,12,,,1,27,,1183783,12,,,1,67,,1183810,11,,,1,26,,1183798,11,,,1,67,,1183789,11,,,1,25,,1038077,11,,,1,73,,1183792,11,,,1,30,,1183778,11,,,1,71,,1183813,11,,,1,27,,1183797,11,,,1,68,,1088953,11,,,1,30,,1183802,11,,,1,70,,1183807,11,,,1,30,,955688,11,,,1,70,,1183777,11,,,1,30,,1183782,11,,,1,70,,1183794,11,,,1,30,,1183786,11,,,1,72,,1183803,11,,,1,30,,1183809,11,,,1,70,,1183788,11,,,1,30,,1183796,11,,,1,70,,1183790,11,,,1,30,,1094236,11,,,1,72,,1183804,11,,,1,28,,1183805,11,,,1,70,,1183785,11,,,1,30,,1072006,11,,,1,69,,1031502,11,,,1,30,,1183784,11,,,1,77,,1183781,11,,,1,25,,1183808,11,,,1,70,,1183776,11,,,1,30,,1183806,11,,,1,70,,1183779,11,,,1,30,,1183814,11,,,1,70,,1183793,11,,,1,30,,1183780,11,,,1,70,,1093020,11,,,1,30,,1183801,11,,,1,70,,1183799,11,,,1,20,,1183812,11,,,1,25,,1078066,11,,,1,68,,1183791,11,,,1,30,,1183811,12,,,1,68,,1183815,12,,,1,30,,1012895,12,,,1
10500,'7',316,,1183840,12,,,1,30,,1183851,12,,,1,70,,1183822,12,,,1,30,,1183816,12,,,1,70,,1183861,12,,,1,30,,1183819,12,,,1,70,,1183850,11,,,1,35,,1183849,11,,,1,70,,1183828,11,,,1,30,,1183855,11,,,1,70,,1183845,11,,,1,30,,1183820,11,,,1,70,,1183862,11,,,1,30,,1183830,11,,,1,71,,1183836,11,,,1,30,,1183833,11,,,1,71,,1183857,11,,,1,30,,1183856,11,,,1,70,,1183846,11,,,1,30,,1183853,11,,,1,70,,1183841,11,,,1,30,,1183823,11,,,1,70,,1183827,11,,,1,30,,1183825,11,,,1,70,,1183817,11,,,1,30,,1183848,11,,,1,70,,1183842,11,,,1,30,,1183859,11,,,1,70,,1183838,11,,,1,30,,1183832,11,,,1,70,,1183854,11,,,1,30,,1183860,11,,,1,71,,1183847,11,,,1,30,,1183863,11,,,1,70,,1183839,11,,,1,30,,1183821,11,,,1,71,,1183818,11,,,1,30,,1183843,11,,,1,70,,1183852,11,,,1,30,,1183837,11,,,1,70,,1183844,11,,,1,30,,1183834,11,,,1,72,,1183858,11,,,1,32,,1183835,11,,,1,70,,1183831,11,,,1,30,,1183826,11,,,1,70,,1183829,11,,,1,72,,1183824,12,,,1
10500,'8',326,,1183890,12,,,1,74,,1183882,12,,,1,29,,1183895,12,,,1,27,,1183877,12,,,1,67,,1183906,11,,,1,26,,1183893,11,,,1,67,,1183884,11,,,1,25,,1183879,11,,,1,73,,1183887,11,,,1,30,,1183867,11,,,1,71,,1183910,11,,,1,27,,1183892,11,,,1,68,,1183876,11,,,1,30,,1183898,11,,,1,70,,1183903,11,,,1,30,,1183865,11,,,1,70,,1183866,11,,,1,30,,1183875,11,,,1,70,,1183889,11,,,1,30,,1183881,11,,,1,72,,1183899,11,,,1,30,,1183905,11,,,1,70,,1183883,11,,,1,30,,1183891,11,,,1,70,,1183885,11,,,1,30,,1183872,11,,,1,72,,1183900,11,,,1,28,,1183901,11,,,1,70,,1183880,11,,,1,30,,1183897,11,,,1,69,,1183870,11,,,1,30,,1183878,11,,,1,77,,1183873,11,,,1,25,,1183904,11,,,1,70,,1183864,11,,,1,30,,1183902,11,,,1,70,,1183868,11,,,1,30,,1183911,11,,,1,70,,1183888,11,,,1,30,,1183871,11,,,1,70,,1183869,11,,,1,30,,1183896,11,,,1,70,,1183894,11,,,1,20,,1183908,11,,,1,25,,1183909,11,,,1,68,,1183886,11,,,1,30,,1183907,12,,,1,68,,1183912,12,,,1,30,,1183874,12,,,1
10500,'9',326,,1183933,12,,,1,74,,1183957,12,,,1,29,,1183948,12,,,1,27,,1183940,12,,,1,67,,1183944,11,,,1,26,,1039761,11,,,1,67,,1183932,11,,,1,25,,1183927,11,,,1,73,,1183916,11,,,1,30,,1183923,11,,,1,71,,1183953,11,,,1,27,,1183937,11,,,1,68,,1183917,11,,,1,30,,1183955,11,,,1,70,,1183954,11,,,1,30,,1183936,11,,,1,70,,1183915,11,,,1,30,,1183939,11,,,1,70,,1183943,11,,,1,30,,1183951,11,,,1,72,,1183924,11,,,1,30,,1183945,11,,,1,70,,1027799,11,,,1,30,,1183947,11,,,1,70,,1066768,11,,,1,30,,1183928,11,,,1,72,,1183920,11,,,1,28,,1183922,11,,,1,70,,1183952,11,,,1,30,,1183930,11,,,1,69,,1183918,11,,,1,30,,1183949,11,,,1,77,,1183938,11,,,1,25,,1183921,11,,,1,70,,1183956,11,,,1,30,,1183931,11,,,1,70,,1183942,11,,,1,30,,1045884,11,,,1,70,,1183934,11,,,1,30,,1183919,11,,,1,70,,1183941,11,,,1,30,,1183926,11,,,1,70,,1183913,11,,,1,20,,1183950,11,,,1,25,,1183935,11,,,1,68,,1183914,11,,,1,30,,1183929,12,,,1,68,,1183925,12,,,1,30,,1183946,12,,,1
10501,'1',339,,1183978,16,0,67,1,68,,1183968,16,0,67,1,30,,1183967,16,0,67,1,71,,903657,16,,,1,34,,1183981,24,,,1,68,,1074529,24,,,1,28,,1183984,16,,,1,72,,1183973,16,,,1,35,,1183969,16,,,1,68,,1183986,16,,,1,32,,1183975,16,,,1,68,,1183959,16,,,1,30,,1183966,16,,,1,83,,1183993,16,,,1,30,,1183989,16,,,1,70,,1079559,16,,,1,30,,1183985,16,,,1,70,,1183994,16,,,1,32,,1183979,16,,,1,68,,1092178,16,,,1,30,,1183958,16,,,1,70,,1183983,16,,,1,30,,1051485,16,,,1,70,,1183991,16,,,1,17,,1183964,16,,,1,71,,1183963,16,,,1,30,,1183976,16,,,1,70,,1183980,16,,,1,30,,1183990,16,,,1,75,,1183970,16,,,1,30,,1183992,16,,,1,70,,1183974,16,,,1,26,,1064095,16,,,1,70,,1183972,16,,,1,30,,1183962,16,,,1,75,,991714,16,,,1,28,,1183982,16,,,1,70,,1051997,16,,,1,29,,1183965,16,,,1,70,,1183987,16,,,1,35,,1183971,16,,,1,66,,1183960,16,,,1,29,,1183961,16,,,1,57,,1183988,16,,,1,22,,1077001,16,0,67,1,32,,1183977,16,0,67,1,73,,1051515,16,0,67,1,70,,1076639,16,0,67,1
10501,'10',339,,1184015,16,0,67,1,68,,1184005,16,0,67,1,30,,1184004,16,0,67,1,71,,903707,16,,,1,34,,1184018,24,,,1,68,,1074382,24,,,1,28,,1184021,16,,,1,72,,1184010,16,,,1,35,,1184006,16,,,1,68,,1184023,16,,,1,32,,1184012,16,,,1,68,,1183996,16,,,1,30,,1184003,16,,,1,83,,1184030,16,,,1,30,,1184026,16,,,1,70,,1079367,16,,,1,30,,1184022,16,,,1,70,,1184031,16,,,1,32,,1184016,16,,,1,68,,1092017,16,,,1,30,,1183995,16,,,1,70,,1184020,16,,,1,30,,1051664,16,,,1,70,,1184028,16,,,1,17,,1184001,16,,,1,71,,1184000,16,,,1,30,,1184013,16,,,1,70,,1184017,16,,,1,30,,1184027,16,,,1,75,,1184007,16,,,1,30,,1184029,16,,,1,70,,1184011,16,,,1,26,,1063782,16,,,1,70,,1184009,16,,,1,30,,1183999,16,,,1,75,,991696,16,,,1,28,,1184019,16,,,1,70,,1052076,16,,,1,29,,1184002,16,,,1,70,,1184024,16,,,1,35,,1184008,16,,,1,66,,1183997,16,,,1,29,,1183998,16,,,1,57,,1184025,16,,,1,22,,1076777,16,0,67,1,32,,1184014,16,0,67,1,73,,1051694,16,0,67,1,70,,1076433,16,0,67,1
10501,'11',339,,1184052,16,0,67,1,68,,1184042,16,0,67,1,30,,1184041,16,0,67,1,71,,903557,16,,,1,34,,1184055,24,,,1,68,,1074572,24,,,1,28,,1184058,16,,,1,72,,1184047,16,,,1,35,,1184043,16,,,1,68,,1184060,16,,,1,32,,1184049,16,,,1,68,,1184033,16,,,1,30,,1184040,16,,,1,83,,1184067,16,,,1,30,,1184063,16,,,1,70,,1079618,16,,,1,30,,1184059,16,,,1,70,,1184068,16,,,1,32,,1184053,16,,,1,68,,1092223,16,,,1,30,,1184032,16,,,1,70,,1184057,16,,,1,30,,1051432,16,,,1,70,,1184065,16,,,1,17,,1184038,16,,,1,71,,1184037,16,,,1,30,,1184050,16,,,1,70,,1184054,16,,,1,30,,1184064,16,,,1,75,,1184044,16,,,1,30,,1184066,16,,,1,70,,1184048,16,,,1,26,,1064188,16,,,1,70,,1184046,16,,,1,30,,1184036,16,,,1,75,,991708,16,,,1,28,,1184056,16,,,1,70,,1051975,16,,,1,29,,1184039,16,,,1,70,,1184061,16,,,1,35,,1184045,16,,,1,66,,1184034,16,,,1,29,,1184035,16,,,1,57,,1184062,16,,,1,22,,1077067,16,0,67,1,32,,1184051,16,0,67,1,73,,1051462,16,0,67,1,70,,1076703,16,0,67,1
10501,'12',339,,1184092,16,0,67,1,68,,1184083,16,0,67,1,30,,1013154,16,0,67,1,71,,1184104,16,,,1,34,,1184105,24,,,1,68,,1184100,24,,,1,28,,1184069,16,,,1,72,,1070007,16,,,1,35,,1184099,16,,,1,68,,1184086,16,,,1,32,,1093304,16,,,1,68,,1184074,16,,,1,30,,1184081,16,,,1,83,,1184098,16,,,1,30,,1184108,16,,,1,70,,1184084,16,,,1,30,,1184107,16,,,1,70,,1184071,16,,,1,32,,1184080,16,,,1,68,,1184073,16,,,1,30,,1184070,16,,,1,70,,1184090,16,,,1,30,,1061661,16,,,1,70,,1184085,16,,,1,17,,1184106,16,,,1,71,,1184088,16,,,1,30,,1016271,16,,,1,70,,1099984,16,,,1,30,,1076573,16,,,1,75,,1184087,16,,,1,30,,1184097,16,,,1,70,,1021431,16,,,1,26,,1184082,16,,,1,70,,1184078,16,,,1,30,,1184091,16,,,1,75,,1184096,16,,,1,28,,1184103,16,,,1,70,,1184072,16,,,1,29,,1184102,16,,,1,70,,1184079,16,,,1,35,,1184095,16,,,1,66,,1184077,16,,,1,29,,1184089,16,,,1,57,,1184101,16,,,1,22,,1184094,16,0,67,1,32,,1184075,16,0,67,1,73,,1184093,16,0,67,1,70,,1184076,16,0,67,1
10501,'13',337,,1184111,16,0,67,1,70,,1184115,16,0,67,1,30,,1184124,16,0,67,1,70,,1184130,16,0,67,1,30,,1184110,16,0,67,1,70,,1184143,16,0,67,1,30,,1184147,16,0,67,1,70,,1184117,16,0,67,1,30,,1184144,16,0,67,1,71,,1184134,16,,,1,17,,1184145,16,,,1,31,,1184142,16,,,1,70,,1184132,16,,,1,30,,1184113,16,,,1,71,,1184112,16,,,1,30,,1031571,16,,,1,70,,1184140,16,,,1,30,,1184109,16,,,1,70,,1184116,16,,,1,30,,1184150,16,,,1,70,,1184131,16,,,1,30,,1184129,16,,,1,70,,1184139,16,,,1,30,,1184118,16,,,1,70,,1184149,16,,,1,30,,1184121,16,,,1,70,,1184146,16,,,1,30,,1184137,16,,,1,70,,1100195,16,,,1,30,,1184141,16,,,1,70,,1184151,16,,,1,30,,1184119,16,,,1,69,,1184120,16,,,1,30,,1184136,16,,,1,69,,1184148,16,,,1,29,,1098643,16,,,1,70,,1184114,16,,,1,30,,1184122,16,,,1,70,,1184152,16,,,1,30,,1184125,16,,,1,58,,1070500,16,0,67,1,30,,1184153,16,0,67,1,70,,1184128,16,0,67,1,30,,1184123,16,0,67,1,70,,1184127,16,0,67,1,30,,1184133,16,0,67,1,70,,1184138,16,0,67,1,30,,1184135,16,0,67,1,70,,1184126,16,0,67,1
10501,'14',339,,1184183,16,0,67,1,68,,1184172,16,0,67,1,30,,1184171,16,0,67,1,71,,1184163,16,,,1,34,,1184186,24,,,1,68,,1184179,24,,,1,28,,1184189,16,,,1,72,,1184177,16,,,1,35,,1184173,16,,,1,68,,1184191,16,,,1,32,,1184180,16,,,1,68,,1184160,16,,,1,30,,1184170,16,,,1,83,,1184200,16,,,1,30,,1184194,16,,,1,70,,1184162,16,,,1,30,,1184190,16,,,1,70,,1184201,16,,,1,32,,1184184,16,,,1,68,,1184195,16,,,1,30,,1184157,16,,,1,70,,1184188,16,,,1,30,,1184159,16,,,1,70,,1184197,16,,,1,17,,1184168,16,,,1,71,,1184167,16,,,1,30,,1184181,16,,,1,70,,1184185,16,,,1,30,,1184196,16,,,1,75,,1184174,16,,,1,30,,1184199,16,,,1,70,,1184178,16,,,1,26,,1184156,16,,,1,70,,1184176,16,,,1,30,,1184166,16,,,1,75,,1184154,16,,,1,28,,1184187,16,,,1,70,,1184155,16,,,1,29,,1184169,16,,,1,70,,1184192,16,,,1,35,,1184175,16,,,1,66,,1184161,16,,,1,29,,1184164,16,,,1,57,,1184193,16,,,1,22,,1184158,16,0,67,1,32,,1184182,16,0,67,1,73,,1184198,16,0,67,1,70,,1184165,16,0,67,1
10501,'15',339,,1184218,16,0,67,1,68,,1184208,16,0,67,1,30,,1184217,16,0,67,1,71,,1184212,16,,,1,34,,1184210,24,,,1,68,,1184235,24,,,1,28,,1184220,16,,,1,72,,1184240,16,,,1,35,,1184237,16,,,1,68,,1184226,16,,,1,32,,1184202,16,,,1,68,,1184228,16,,,1,30,,1184225,16,,,1,83,,1184221,16,,,1,30,,1184209,16,,,1,70,,1184223,16,,,1,30,,1184232,16,,,1,70,,1184248,16,,,1,32,,1184244,16,,,1,68,,1184231,16,,,1,30,,1184204,16,,,1,70,,1184222,16,,,1,30,,1184207,16,,,1,70,,1184214,16,,,1,17,,1184241,16,,,1,71,,1184215,16,,,1,30,,1184236,16,,,1,70,,1184213,16,,,1,30,,1184245,16,,,1,75,,1184239,16,,,1,30,,1184249,16,,,1,70,,1184230,16,,,1,26,,1184238,16,,,1,70,,1184243,16,,,1,30,,1184234,16,,,1,75,,1184219,16,,,1,28,,1184224,16,,,1,70,,1184242,16,,,1,29,,1184205,16,,,1,70,,1184227,16,,,1,35,,1184211,16,,,1,66,,1184216,16,,,1,29,,1184203,16,,,1,57,,1184233,16,,,1,22,,1184206,16,0,67,1,32,,1184247,16,0,67,1,73,,1184246,16,0,67,1,70,,1184229,16,0,67,1
10501,'16',339,,1184277,16,0,67,1,68,,1184268,16,0,67,1,30,,1184250,16,0,67,1,71,,1184289,16,,,1,34,,1184290,24,,,1,68,,1184285,24,,,1,28,,1075033,16,,,1,72,,1184291,16,,,1,35,,1184284,16,,,1,68,,1184271,16,,,1,32,,1184259,16,,,1,68,,1184258,16,,,1,30,,1184266,16,,,1,83,,1184283,16,,,1,30,,1184295,16,,,1,70,,1184269,16,,,1,30,,1184294,16,,,1,70,,1184255,16,,,1,32,,1184265,16,,,1,68,,1184256,16,,,1,30,,1184254,16,,,1,70,,1184275,16,,,1,30,,1184251,16,,,1,70,,1184270,16,,,1,17,,1184293,16,,,1,71,,1184273,16,,,1,30,,1184253,16,,,1,70,,1184252,16,,,1,30,,1184257,16,,,1,75,,1184272,16,,,1,30,,1184282,16,,,1,70,,1184292,16,,,1,26,,1184267,16,,,1,70,,1184263,16,,,1,30,,1184276,16,,,1,75,,1184281,16,,,1,28,,1184288,16,,,1,70,,1093439,16,,,1,29,,1184287,16,,,1,70,,1184264,16,,,1,35,,1184280,16,,,1,66,,1184262,16,,,1,29,,1184274,16,,,1,57,,1184286,16,,,1,22,,1184279,16,0,67,1,32,,1184260,16,0,67,1,73,,1184278,16,0,67,1,70,,1184261,16,0,67,1
10501,'17',337,,1184300,16,0,67,1,70,,1184304,16,0,67,1,30,,1184313,16,0,67,1,70,,1184319,16,0,67,1,30,,1184298,16,0,67,1,70,,1184333,16,0,67,1,30,,1184337,16,0,67,1,70,,1184306,16,0,67,1,30,,1184334,16,0,67,1,71,,1184323,16,,,1,17,,1184335,16,,,1,31,,1184332,16,,,1,70,,1184321,16,,,1,30,,1184302,16,,,1,71,,1184301,16,,,1,30,,1184296,16,,,1,70,,1184330,16,,,1,30,,1184297,16,,,1,70,,1184305,16,,,1,30,,1184341,16,,,1,70,,1184320,16,,,1,30,,1184318,16,,,1,70,,1184329,16,,,1,30,,1184307,16,,,1,70,,1184339,16,,,1,30,,1184310,16,,,1,70,,1184336,16,,,1,30,,1184326,16,,,1,70,,1184340,16,,,1,30,,1184331,16,,,1,70,,1184342,16,,,1,30,,1184308,16,,,1,69,,1184309,16,,,1,30,,1184325,16,,,1,69,,1184338,16,,,1,29,,1184299,16,,,1,70,,1184303,16,,,1,30,,1184311,16,,,1,70,,1184343,16,,,1,30,,1184314,16,,,1,58,,1184327,16,0,67,1,30,,1184344,16,0,67,1,70,,1184317,16,0,67,1,30,,1184312,16,0,67,1,70,,1184316,16,0,67,1,30,,1184322,16,0,67,1,70,,1184328,16,0,67,1,30,,1184324,16,0,67,1,70,,1184315,16,0,67,1
10501,'2',350,,1184349,16,0,67,1,65,,1184384,16,0,67,1,30,,1071822,16,0,67,1,70,,950590,16,0,67,1,30,,1184369,16,0,67,1,71,,1184352,16,,,1,30,,1184385,16,,,1,70,,1184372,16,,,1,30,,1087405,16,,,1,70,,1184360,16,,,1,30,,1184346,16,,,1,70,,1049099,16,,,1,30,,1184354,16,,,1,70,,1022821,16,,,1,31,,1184358,16,,,1,70,,1184373,16,,,1,30,,1184371,16,,,1,70,,1184368,16,,,1,30,,1184363,16,,,1,70,,1184370,16,,,1,30,,1184375,16,,,1,70,,1184345,16,,,1,30,,1184380,16,,,1,70,,1184376,16,,,1,30,,1184364,16,,,1,70,,1097075,16,,,1,30,,1184366,16,,,1,70,,1184381,16,,,1,30,,1184379,16,,,1,70,,1184348,16,,,1,30,,1184350,16,,,1,70,,1184367,16,,,1,29,,1184353,16,,,1,70,,1184361,16,,,1,30,,1184351,16,,,1,68,,1184374,16,,,1,30,,1184359,16,,,1,70,,1184356,16,,,1,29,,1184355,16,,,1,70,,1184382,16,,,1,30,,1184365,16,,,1,70,,1184378,16,,,1,30,,1068754,16,,,1,70,,1184357,16,,,1,30,,1184377,16,,,1,69,,1184362,16,0,67,1,30,,1184347,16,0,67,1,70,,1184383,16,0,67,1
10501,'3',337,,1184390,16,0,67,1,70,,1184394,16,0,67,1,30,,1184403,16,0,67,1,70,,1184409,16,0,67,1,30,,1184388,16,0,67,1,70,,1184423,16,0,67,1,30,,1184427,16,0,67,1,70,,1184396,16,0,67,1,30,,1184424,16,0,67,1,71,,1184413,16,,,1,17,,1184425,16,,,1,31,,1184422,16,,,1,70,,1184411,16,,,1,30,,1184392,16,,,1,71,,1184391,16,,,1,30,,1184386,16,,,1,70,,1184420,16,,,1,30,,1184387,16,,,1,70,,1184395,16,,,1,30,,1184431,16,,,1,70,,1184410,16,,,1,30,,1184408,16,,,1,70,,1184419,16,,,1,30,,1184397,16,,,1,70,,1184429,16,,,1,30,,1184400,16,,,1,70,,1184426,16,,,1,30,,1184416,16,,,1,70,,1184430,16,,,1,30,,1184421,16,,,1,70,,1184432,16,,,1,30,,1184398,16,,,1,69,,1184399,16,,,1,30,,1184415,16,,,1,69,,1184428,16,,,1,29,,1184389,16,,,1,70,,1184393,16,,,1,30,,1184401,16,,,1,70,,1184433,16,,,1,30,,1184404,16,,,1,58,,1184417,16,0,67,1,30,,1184434,16,0,67,1,70,,1184407,16,0,67,1,30,,1184402,16,0,67,1,70,,1184406,16,0,67,1,30,,1184412,16,0,67,1,70,,1184418,16,0,67,1,30,,1184414,16,0,67,1,70,,1184405,16,0,67,1
10501,'4',337,,1184444,16,0,67,1,70,,1184476,16,0,67,1,30,,1184455,16,0,67,1,70,,1184454,16,0,67,1,30,,1184469,16,0,67,1,70,,1005518,16,0,67,1,30,,1184475,16,0,67,1,70,,1184445,16,0,67,1,30,,1184457,16,0,67,1,71,,1184470,16,,,1,17,,1184449,16,,,1,31,,1184463,16,,,1,70,,1184438,16,,,1,30,,1184440,16,,,1,71,,1184441,16,,,1,30,,1184436,16,,,1,70,,1184474,16,,,1,30,,1069045,16,,,1,70,,1184448,16,,,1,30,,1184443,16,,,1,70,,1184462,16,,,1,30,,1184446,16,,,1,70,,1184459,16,,,1,30,,1184442,16,,,1,70,,1074459,16,,,1,30,,1184467,16,,,1,70,,1045974,16,,,1,30,,1184468,16,,,1,70,,1184466,16,,,1,30,,1184439,16,,,1,70,,1184472,16,,,1,30,,1184464,16,,,1,69,,1184437,16,,,1,30,,1184458,16,,,1,69,,1184465,16,,,1,29,,1083833,16,,,1,70,,1184460,16,,,1,30,,1094056,16,,,1,70,,1184452,16,,,1,30,,1184461,16,,,1,58,,1184450,16,0,67,1,30,,1184453,16,0,67,1,70,,1184456,16,0,67,1,30,,1184471,16,0,67,1,70,,1184451,16,0,67,1,30,,1184473,16,0,67,1,70,,1184435,16,0,67,1,30,,1083513,16,0,67,1,70,,1184447,16,0,67,1
10501,'5',339,,1184497,16,0,67,1,68,,1184487,16,0,67,1,30,,1184486,16,0,67,1,71,,903861,16,,,1,34,,1184500,24,,,1,68,,1074507,24,,,1,28,,1184503,16,,,1,72,,1184492,16,,,1,35,,1184488,16,,,1,68,,1184505,16,,,1,32,,1184494,16,,,1,68,,1184478,16,,,1,30,,1184485,16,,,1,83,,1184512,16,,,1,30,,1184508,16,,,1,70,,1079525,16,,,1,30,,1184504,16,,,1,70,,1184513,16,,,1,32,,1184498,16,,,1,68,,1092145,16,,,1,30,,1184477,16,,,1,70,,1184502,16,,,1,30,,1051202,16,,,1,70,,1184510,16,,,1,17,,1184483,16,,,1,71,,1184482,16,,,1,30,,1184495,16,,,1,70,,1184499,16,,,1,30,,1184509,16,,,1,75,,1184489,16,,,1,30,,1184511,16,,,1,70,,1184493,16,,,1,26,,1064050,16,,,1,70,,1184491,16,,,1,30,,1184481,16,,,1,75,,991732,16,,,1,28,,1184501,16,,,1,70,,1051840,16,,,1,29,,1184484,16,,,1,70,,1184506,16,,,1,35,,1184490,16,,,1,66,,1184479,16,,,1,29,,1184480,16,,,1,57,,1184507,16,,,1,22,,1076957,16,0,67,1,32,,1184496,16,0,67,1,73,,1051232,16,0,67,1,70,,1076599,16,0,67,1
10501,'6',339,,1184539,16,0,67,1,68,,1184530,16,0,67,1,30,,1184514,16,0,67,1,71,,1184550,16,,,1,34,,1184551,24,,,1,68,,1184546,24,,,1,28,,1184518,16,,,1,72,,1184552,16,,,1,35,,1184545,16,,,1,68,,1184533,16,,,1,32,,1184522,16,,,1,68,,1080829,16,,,1,30,,1184528,16,,,1,83,,1184544,16,,,1,30,,1184555,16,,,1,70,,1184531,16,,,1,30,,1084249,16,,,1,70,,976065,16,,,1,32,,1184527,16,,,1,68,,944148,16,,,1,30,,1184519,16,,,1,70,,1184537,16,,,1,30,,1184515,16,,,1,70,,1184532,16,,,1,17,,1184554,16,,,1,71,,1184535,16,,,1,30,,1184517,16,,,1,70,,1184516,16,,,1,30,,1184521,16,,,1,75,,1184534,16,,,1,30,,1184543,16,,,1,70,,1184553,16,,,1,26,,1184529,16,,,1,70,,1184525,16,,,1,30,,1184538,16,,,1,75,,1002463,16,,,1,28,,1184549,16,,,1,70,,1184520,16,,,1,29,,1184548,16,,,1,70,,1184526,16,,,1,35,,1184542,16,,,1,66,,1184524,16,,,1,29,,1184536,16,,,1,57,,1184547,16,,,1,22,,1184541,16,0,67,1,32,,1096191,16,0,67,1,73,,1184540,16,0,67,1,70,,1184523,16,0,67,1
10501,'7',350,,1184571,16,0,67,1,65,,1184582,16,0,67,1,30,,1184570,16,0,67,1,70,,1184590,16,0,67,1,30,,1184592,16,0,67,1,71,,1184591,16,,,1,30,,1184602,16,,,1,70,,1184584,16,,,1,30,,1184596,16,,,1,70,,1184594,16,,,1,30,,1184567,16,,,1,70,,1184577,16,,,1,30,,1184560,16,,,1,70,,1184566,16,,,1,31,,1184578,16,,,1,70,,1184564,16,,,1,30,,1184586,16,,,1,70,,1184601,16,,,1,30,,1184562,16,,,1,70,,1184585,16,,,1,30,,1184579,16,,,1,70,,1184575,16,,,1,30,,1184588,16,,,1,70,,1184593,16,,,1,30,,1184587,16,,,1,70,,1184573,16,,,1,30,,1184576,16,,,1,70,,1184581,16,,,1,30,,1184595,16,,,1,70,,1184559,16,,,1,30,,1184599,16,,,1,70,,1184603,16,,,1,29,,1184557,16,,,1,70,,1184597,16,,,1,30,,1184569,16,,,1,68,,1184589,16,,,1,30,,1184583,16,,,1,70,,1184598,16,,,1,29,,1184565,16,,,1,70,,1184568,16,,,1,30,,1184561,16,,,1,70,,1184572,16,,,1,30,,1184558,16,,,1,70,,1184563,16,,,1,30,,1184574,16,,,1,69,,1184580,16,0,67,1,30,,1184556,16,0,67,1,70,,1184600,16,0,67,1
10501,'8',339,,1184633,16,0,67,1,68,,1184624,16,0,67,1,30,,1184604,16,0,67,1,71,,1184645,16,,,1,34,,1184646,24,,,1,68,,1184641,24,,,1,28,,1184608,16,,,1,72,,1184647,16,,,1,35,,1184640,16,,,1,68,,1184627,16,,,1,32,,1184615,16,,,1,68,,1184614,16,,,1,30,,1184622,16,,,1,83,,1184639,16,,,1,30,,1184651,16,,,1,70,,1184625,16,,,1,30,,1184650,16,,,1,70,,1184610,16,,,1,32,,1184621,16,,,1,68,,1184612,16,,,1,30,,1184609,16,,,1,70,,1184631,16,,,1,30,,1184605,16,,,1,70,,1184626,16,,,1,17,,1184649,16,,,1,71,,1184629,16,,,1,30,,1184607,16,,,1,70,,1184606,16,,,1,30,,1184613,16,,,1,75,,1184628,16,,,1,30,,1184638,16,,,1,70,,1184648,16,,,1,26,,1184623,16,,,1,70,,1184619,16,,,1,30,,1184632,16,,,1,75,,1184637,16,,,1,28,,1184644,16,,,1,70,,1184611,16,,,1,29,,1184643,16,,,1,70,,1184620,16,,,1,35,,1184636,16,,,1,66,,1184618,16,,,1,29,,1184630,16,,,1,57,,1184642,16,,,1,22,,1184635,16,0,67,1,32,,1184616,16,0,67,1,73,,1184634,16,0,67,1,70,,1184617,16,0,67,1
10501,'9',339,,1184672,16,0,67,1,68,,1184662,16,0,67,1,30,,1184661,16,0,67,1,71,,903757,16,,,1,34,,1184675,24,,,1,68,,1074426,24,,,1,28,,1184678,16,,,1,72,,1184667,16,,,1,35,,1184663,16,,,1,68,,1184680,16,,,1,32,,1184669,16,,,1,68,,1184653,16,,,1,30,,1184660,16,,,1,83,,1184687,16,,,1,30,,1184683,16,,,1,70,,1079426,16,,,1,30,,1184679,16,,,1,70,,1184688,16,,,1,32,,1184673,16,,,1,68,,1092071,16,,,1,30,,1184652,16,,,1,70,,1184677,16,,,1,30,,1051538,16,,,1,70,,1184685,16,,,1,17,,1184658,16,,,1,71,,1184657,16,,,1,30,,1184670,16,,,1,70,,1184674,16,,,1,30,,1184684,16,,,1,75,,1184664,16,,,1,30,,1184686,16,,,1,70,,1184668,16,,,1,26,,1063879,16,,,1,70,,1184666,16,,,1,30,,1184656,16,,,1,75,,991726,16,,,1,28,,1184676,16,,,1,70,,1052019,16,,,1,29,,1184659,16,,,1,70,,1184681,16,,,1,35,,1184665,16,,,1,66,,1184654,16,,,1,29,,1184655,16,,,1,57,,1184682,16,,,1,22,,1076852,16,0,67,1,32,,1184671,16,0,67,1,73,,1051568,16,0,67,1,70,,1076500,16,0,67,1
11001,'1',533,,1185032,44,0,41,1,70,,1185038,44,0,41,1
11001,'10',533,,1185063,44,0,41,1,70,,1185069,44,0,41,1
11001,'11',533,,1185094,44,0,41,1,70,,1185100,44,0,41,1
11001,'12',533,,1185148,44,0,41,1,70,,1185151,44,0,41,1
11001,'14',533,,1185162,44,0,41,1,70,,1185169,44,0,41,1
11001,'15',533,,1185203,44,0,41,1,70,,1185208,44,0,41,1
11001,'16',533,,1185251,44,0,41,1,70,,1185254,44,0,41,1
11001,'2',548,,1185263,44,0,41,1,70,,1185264,44,0,41,1
11001,'5',533,,1185282,44,0,41,1,70,,1185288,44,0,41,1
11001,'6',533,,1185330,44,0,41,1,70,,1185332,44,0,41,1
11001,'7',548,,1185337,44,0,41,1,70,,1185340,44,0,41,1
11001,'8',533,,1185367,44,0,41,1,70,,1185370,44,0,41,1
11001,'9',533,,1185375,44,0,41,1,70,,1185381,44,0,41,1
45100,'15',1717,,1198226,6,,,1,15,,1198224,6,,,1,15,,1198222,6,,,1,55,,1198225,6,,,1,15,,1198223,6,,,1,15,,1198221,6,,,1
60900,'1',814,,1198867,12,,,1
60900,'10',814,,1198869,12,,,1
60900,'11',814,,1198871,12,,,1
60900,'12',814,,1198874,12,,,1
60900,'14',814,,1198875,12,,,1
60900,'15',814,,1198878,12,,,1
60900,'16',814,,1198880,12,,,1
60900,'5',814,,1198881,12,,,1
60900,'6',814,,1198884,12,,,1
60900,'8',814,,1198886,12,,,1
60900,'9',814,,1198887,12,,,1
60901,'1',1602,,1198890,16,,,1,6,,1198889,16,,,1
60901,'10',1602,,1198892,16,,,1,6,,1198891,16,,,1
60901,'11',1602,,1198894,16,,,1,6,,1198893,16,,,1
60901,'12',1602,,1198895,16,,,1,6,,1198896,16,,,1
60901,'14',1602,,1198898,16,,,1,6,,1198897,16,,,1
60901,'15',1602,,1198899,16,,,1,6,,1198900,16,,,1
60901,'16',1602,,1198901,16,,,1,6,,1198902,16,,,1
60901,'5',1602,,1198904,16,,,1,6,,1198903,16,,,1
60901,'6',1602,,1198905,16,,,1,6,,1198906,16,,,1
60901,'8',1602,,1198907,16,,,1,6,,1198908,16,,,1
60901,'9',1602,,1198910,16,,,1,6,,1198909,16,,,1
61300,'1',1448,,1198952,7,,,1
61300,'10',1448,,1198953,7,,,1
61300,'11',1448,,1198954,7,,,1
61300,'12',1448,,1198955,7,,,1
61300,'14',1448,,1198956,7,,,1
61300,'15',1448,,1198957,7,,,1
61300,'16',1448,,1198958,7,,,1
61300,'5',1448,,1198959,7,,,1
61300,'6',1448,,1099079,7,,,1
61300,'8',1448,,1198960,7,,,1
61300,'9',1448,,1198961,7,,,1
61700,'1',758,,1199005,3,,,1
61700,'10',758,,1199006,3,,,1
61700,'11',758,,1199007,3,,,1
61700,'12',758,,1199008,3,,,1
61700,'14',758,,1199009,3,,,1
61700,'15',758,,1199010,3,,,1
61700,'16',758,,1199011,3,,,1
61700,'5',758,,1199012,3,,,1
61700,'6',758,,1199013,3,,,1
61700,'8',758,,1199014,3,,,1
61700,'9',758,,1199015,3,,,1
61701,'1',1606,,1199016,44,,,1
61701,'10',1606,,1199017,44,,,1
61701,'11',1606,,1199018,44,,,1
61701,'12',1606,,1101880,44,,,1
61701,'14',1606,,1199019,44,,,1
61701,'15',1606,,1199020,44,,,1
61701,'16',1606,,1199021,44,,,1
61701,'5',1606,,1199022,44,,,1
61701,'6',1606,,1199023,44,,,1
61701,'8',1606,,1199024,44,,,1
61701,'9',1606,,1199025,44,,,1
64500,'1',1553,,1199485,7,,,1,50,,1071932,7,,,1
64500,'10',1553,,1199486,7,,,1,50,,1071786,7,,,1
64500,'11',1553,,1199487,7,,,1,50,,1071978,7,,,1
64500,'12',1553,,1199488,7,,,1,50,,1199489,7,,,1
64500,'14',1553,,1199491,7,,,1,50,,1199490,7,,,1
64500,'15',1553,,1199493,7,,,1,50,,1199492,7,,,1
64500,'16',1553,,1199494,7,,,1,50,,1199495,7,,,1
64500,'5',1553,,1199496,7,,,1,50,,1071908,7,,,1
64500,'6',1553,,1199497,7,,,1,50,,1199498,7,,,1
64500,'8',1553,,1199499,7,,,1,50,,1199500,7,,,1
64500,'9',1553,,1199501,7,,,1,50,,1071836,7,,,1
64700,'1',810,,1050384,3,,,1,29,,1199545,3,,,1
64700,'10',810,,1050465,3,,,1,29,,1199546,3,,,1
64700,'11',810,,1050360,3,,,1,29,,1199547,3,,,1
64700,'12',810,,964560,3,,,1,29,,1199548,3,,,1
64700,'14',810,,1199550,3,,,1,29,,1199549,3,,,1
64700,'15',810,,1199551,3,,,1,29,,1199552,3,,,1
64700,'16',810,,1199553,3,,,1,29,,1083651,3,,,1
64700,'5',810,,1050271,3,,,1,29,,1199554,3,,,1
64700,'6',810,,1199555,3,,,1,29,,1199556,3,,,1
64700,'8',810,,1199557,3,,,1,29,,1199558,3,,,1
64700,'9',810,,1050408,3,,,1,29,,1199559,3,,,1
64701,'1',1552,,1199562,27,,,1,48,,1199563,27,,,1
64701,'10',1552,,1199566,27,,,1,48,,1199567,27,,,1
64701,'11',1552,,1199570,27,,,1,48,,1199571,27,,,1
64701,'12',1552,,1199574,27,,,1,48,,1199575,27,,,1
64701,'14',1552,,1199578,27,,,1,48,,1199579,27,,,1
64701,'15',1552,,1199582,27,,,1,48,,1199583,27,,,1
64701,'16',1552,,1199586,27,,,1,48,,1199587,27,,,1
64701,'5',1552,,1199590,27,,,1,48,,1199591,27,,,1
64701,'6',1552,,1199594,27,,,1,48,,929636,27,,,1
64701,'8',1552,,1199597,27,,,1,48,,1199598,27,,,1
64701,'9',1552,,1199601,27,,,1,48,,1199602,27,,,1
