6001,'1',606,,1152832,35,,,1,107,,1021834,35,,,1,30,,1152852,35,,,1,69,,1152837,35,,,1,33,,1152840,35,,,1
6001,'10',606,,1152862,35,,,1,107,,1022003,35,,,1,30,,1152882,35,,,1,69,,1152867,35,,,1,33,,1152870,35,,,1
6001,'11',606,,1152892,35,,,1,107,,1021786,35,,,1,30,,1152912,35,,,1,69,,1152897,35,,,1,33,,1152900,35,,,1
6001,'12',606,,1152948,35,,,1,107,,1152937,35,,,1,30,,1152949,35,,,1,69,,1152929,35,,,1,33,,1152946,35,,,1
6001,'14',606,,1152961,35,,,1,107,,1152982,35,,,1,30,,1152981,35,,,1,69,,1152966,35,,,1,33,,1152969,35,,,1
6001,'15',606,,1153004,35,,,1,107,,1153020,35,,,1,30,,1152996,35,,,1,69,,1153019,35,,,1,33,,1153008,35,,,1
6001,'16',606,,1153049,35,,,1,107,,1153039,35,,,1,30,,1153050,35,,,1,69,,1153031,35,,,1,33,,1153047,35,,,1
6001,'5',606,,1153057,35,,,1,107,,1021541,35,,,1,30,,1153077,35,,,1,69,,1153062,35,,,1,33,,1153065,35,,,1
6001,'6',606,,1153108,35,,,1,107,,1153097,35,,,1,30,,1153109,35,,,1,69,,1153091,35,,,1,33,,1153106,35,,,1
6001,'8',606,,1153142,35,,,1,107,,1153131,35,,,1,30,,1153143,35,,,1,69,,1153123,35,,,1,33,,1153140,35,,,1
6001,'9',606,,1153151,35,,,1,107,,1021882,35,,,1,30,,1153171,35,,,1,69,,1153156,35,,,1,33,,1153159,35,,,1
6100,'1',417,,1153219,16,,,1,30,,1153188,16,0,15 16,1,70,,1153226,16,0,15 16,1,29,,1153181,16,0,15 16,1,89,,1086974,55,0,15 16,1,74,,1153201,55,0,15 16,1,30,,1153195,55,0,15 16,1,10,,1153190,16,0,15 16,1,62,,1153211,55,0,15 16,1,6,,1153213,16,0,15 16,1,26,,1087226,55,0,15 16,1,4,,1153227,16,0,15 16,1,67,,1153220,55,0,15 16,1,22,,1100033,16,0,15 16,1,8,,1153208,55,0,15 16,1,13,,1153206,16,0,15 16,1,54,,1153187,55,0,15 16,1,17,,1101511,16,0,15 16,1,13,,1153222,55,0,15 16,1,16,,1153179,16,0,15 16,1,54,,1078304,55,0,15 16,1,15,,1153183,16,0,15 16,1,13,,1153203,55,0,15 16,1,16,,1153196,16,0,15 16,1,52,,1153184,55,0,15 16,1,17,,1153193,16,0,15 16,1,15,,1153186,55,0,15 16,1,16,,1153224,16,0,15 16,1,53,,1153194,55,0,15 16,1,17,,1153209,16,0,15 16,1,15,,1065804,55,0,15 16,1,16,,1153207,16,0,15 16,1,53,,1153217,55,0,15 16,1,21,,1153197,16,0,15 16,1,10,,1153202,55,0,15 16,1,74,,1097847,55,0,15 16,1,33,,1153198,55,0,15 16,1,71,,1153225,55,0,15 16,1,32,,1057018,55,0,15 16,1,72,,1153185,55,0,15 16,1,30,,1153191,55,0,15 16,1,69,,1153180,55,0,15 16,1,29,,1153223,55,0,15 16,1,67,,1078724,55,0,15 16,1,25,,1153216,55,0,15 16,1,68,,1153214,55,0,15 16,1,25,,1095229,55,0,15 16,1,67,,1153210,55,0,15 16,1,29,,1153182,55,0,15 16,1,71,,1078286,55,0,15 16,1,28,,1153212,55,0,15 16,1,29,,1153192,55,0,15 16,1,70,,1153189,55,0,15 16,1,30,,1153199,55,0,15 16,1,74,,1153218,55,0,15 16,1,70,,1153205,55,,,1,32,,1153204,16,,,1,70,,1153200,16,,,1,30,,1153221,16,,,1,68,,1153215,16,,,1
6100,'10',417,,1153268,16,,,1,30,,1153237,16,0,15 16,1,70,,1153275,16,0,15 16,1,29,,1153230,16,0,15 16,1,89,,1086917,55,0,15 16,1,74,,1153250,55,0,15 16,1,30,,1153244,55,0,15 16,1,10,,1153239,16,0,15 16,1,62,,1153260,55,0,15 16,1,6,,1153262,16,0,15 16,1,26,,1087035,55,0,15 16,1,4,,1153276,16,0,15 16,1,67,,1153269,55,0,15 16,1,22,,1099889,16,0,15 16,1,8,,1153257,55,0,15 16,1,13,,1153255,16,0,15 16,1,54,,1153236,55,0,15 16,1,17,,1101508,16,0,15 16,1,13,,1153271,55,0,15 16,1,16,,1153228,16,0,15 16,1,54,,1078092,55,0,15 16,1,15,,1153232,16,0,15 16,1,13,,1153252,55,0,15 16,1,16,,1153245,16,0,15 16,1,52,,1153233,55,0,15 16,1,17,,1153242,16,0,15 16,1,15,,1153235,55,0,15 16,1,16,,1153273,16,0,15 16,1,53,,1153243,55,0,15 16,1,17,,1153258,16,0,15 16,1,15,,1065600,55,0,15 16,1,16,,1153256,16,0,15 16,1,53,,1153266,55,0,15 16,1,21,,1153246,16,0,15 16,1,10,,1153251,55,0,15 16,1,74,,1097623,55,0,15 16,1,33,,1153247,55,0,15 16,1,71,,1153274,55,0,15 16,1,32,,1057114,55,0,15 16,1,72,,1153234,55,0,15 16,1,30,,1153240,55,0,15 16,1,69,,1153229,55,0,15 16,1,29,,1153272,55,0,15 16,1,67,,1078460,55,0,15 16,1,25,,1153265,55,0,15 16,1,68,,1153263,55,0,15 16,1,25,,1094983,55,0,15 16,1,67,,1153259,55,0,15 16,1,29,,1153231,55,0,15 16,1,71,,1078074,55,0,15 16,1,28,,1153261,55,0,15 16,1,29,,1153241,55,0,15 16,1,70,,1153238,55,0,15 16,1,30,,1153248,55,0,15 16,1,74,,1153267,55,0,15 16,1,70,,1153254,55,,,1,32,,1153253,16,,,1,70,,1153249,16,,,1,30,,1153270,16,,,1,68,,1153264,16,,,1
6100,'11',417,,1153317,16,,,1,30,,1153286,16,0,15 16,1,70,,1153324,16,0,15 16,1,29,,1153279,16,0,15 16,1,89,,1086993,55,0,15 16,1,74,,1153299,55,0,15 16,1,30,,1153293,55,0,15 16,1,10,,1153288,16,0,15 16,1,62,,1153309,55,0,15 16,1,6,,1153311,16,0,15 16,1,26,,1087281,55,0,15 16,1,4,,1153325,16,0,15 16,1,67,,1153318,55,0,15 16,1,22,,1100077,16,0,15 16,1,8,,1153306,55,0,15 16,1,13,,1153304,16,0,15 16,1,54,,1153285,55,0,15 16,1,17,,1101512,16,0,15 16,1,13,,1153320,55,0,15 16,1,16,,1153277,16,0,15 16,1,54,,1078366,55,0,15 16,1,15,,1153281,16,0,15 16,1,13,,1153301,55,0,15 16,1,16,,1153294,16,0,15 16,1,52,,1153282,55,0,15 16,1,17,,1153291,16,0,15 16,1,15,,1153284,55,0,15 16,1,16,,1153322,16,0,15 16,1,53,,1153292,55,0,15 16,1,17,,1153307,16,0,15 16,1,15,,1065863,55,0,15 16,1,16,,1153305,16,0,15 16,1,53,,1153315,55,0,15 16,1,21,,1153295,16,0,15 16,1,10,,1153300,55,0,15 16,1,74,,1097915,55,0,15 16,1,33,,1153296,55,0,15 16,1,71,,1153323,55,0,15 16,1,32,,1056988,55,0,15 16,1,72,,1153283,55,0,15 16,1,30,,1153289,55,0,15 16,1,69,,1153278,55,0,15 16,1,29,,1153321,55,0,15 16,1,67,,1078804,55,0,15 16,1,25,,1153314,55,0,15 16,1,68,,1153312,55,0,15 16,1,25,,1095303,55,0,15 16,1,67,,1153308,55,0,15 16,1,29,,1153280,55,0,15 16,1,71,,1078348,55,0,15 16,1,28,,1153310,55,0,15 16,1,29,,1153290,55,0,15 16,1,70,,1153287,55,0,15 16,1,30,,1153297,55,0,15 16,1,74,,1153316,55,0,15 16,1,70,,1153303,55,,,1,32,,1153302,16,,,1,70,,1153298,16,,,1,30,,1153319,16,,,1,68,,1153313,16,,,1
6100,'12',417,,1153360,16,,,1,30,,1153361,16,0,15 16,1,70,,1153339,16,0,15 16,1,29,,1153334,16,0,15 16,1,89,,1153337,55,0,15 16,1,74,,1153347,55,0,15 16,1,30,,1153341,55,0,15 16,1,10,,1153348,16,0,15 16,1,62,,1153363,55,0,15 16,1,6,,1153345,16,0,15 16,1,26,,1153371,55,0,15 16,1,4,,1153357,16,0,15 16,1,67,,1085927,55,0,15 16,1,22,,1076563,16,0,15 16,1,8,,1153353,55,0,15 16,1,13,,1153376,16,0,15 16,1,54,,1153359,55,0,15 16,1,17,,1153336,16,0,15 16,1,13,,1153333,55,0,15 16,1,16,,1153374,16,0,15 16,1,54,,1153369,55,0,15 16,1,15,,1153331,16,0,15 16,1,13,,1153342,55,0,15 16,1,16,,1153366,16,0,15 16,1,52,,1153350,55,0,15 16,1,17,,1153338,16,0,15 16,1,15,,1153344,55,0,15 16,1,16,,1153358,16,0,15 16,1,53,,1153362,55,0,15 16,1,17,,1153379,16,0,15 16,1,15,,1153355,55,0,15 16,1,16,,1153370,16,0,15 16,1,53,,1153329,55,0,15 16,1,21,,1153372,16,0,15 16,1,10,,1153354,55,0,15 16,1,74,,1102737,55,0,15 16,1,33,,1153368,55,0,15 16,1,71,,1153373,55,0,15 16,1,32,,1153367,55,0,15 16,1,72,,1153327,55,0,15 16,1,30,,1098999,55,0,15 16,1,69,,1153378,55,0,15 16,1,29,,1153332,55,0,15 16,1,67,,1153326,55,0,15 16,1,25,,1153375,55,0,15 16,1,68,,1086344,55,0,15 16,1,25,,1153330,55,0,15 16,1,67,,1153340,55,0,15 16,1,29,,1153365,55,0,15 16,1,71,,1153352,55,0,15 16,1,28,,1153346,55,0,15 16,1,29,,1153328,55,0,15 16,1,70,,1068288,55,0,15 16,1,30,,1153377,55,0,15 16,1,74,,1153349,55,0,15 16,1,70,,1153364,55,,,1,32,,1153335,16,,,1,70,,1153343,16,,,1,30,,1153356,16,,,1,68,,1153351,16,,,1
6100,'13',556,,1153401,16,,,1,72,,1153400,16,,,1,30,,1153407,55,,,1,76,,941090,16,0,15 16,1,72,,1153388,55,0,15 16,1,30,,1153395,16,0,15 16,1,70,,1153382,55,0,15 16,1,30,,1153413,55,0,15 16,1,72,,1005942,55,0,15 16,1,30,,1153411,55,0,15 16,1,72,,1153409,55,0,15 16,1,30,,1153416,55,0,15 16,1,70,,1153390,55,0,15 16,1,30,,1153410,55,0,15 16,1,71,,1153399,55,0,15 16,1,30,,1078985,55,0,15 16,1,70,,1153394,55,0,15 16,1,30,,1153402,55,0,15 16,1,70,,1100883,55,0,15 16,1,30,,1153386,55,0,15 16,1,70,,1153385,55,0,15 16,1,30,,1153397,55,0,15 16,1,69,,1153393,55,0,15 16,1,30,,1076540,55,0,15 16,1,70,,1153391,55,0,15 16,1,29,,1153408,16,0,15 16,1,69,,1153383,55,0,15 16,1,30,,1153392,16,0,15 16,1,70,,1153414,55,0,15 16,1,30,,1153405,16,0,15 16,1,67,,1153404,55,0,15 16,1,30,,1153384,16,0,15 16,1,68,,1153387,55,0,15 16,1,29,,1153381,16,0,15 16,1,72,,1153396,55,,,1,29,,1153389,16,,,1,70,,1153403,55,,,1,30,,1153398,16,,,1,70,,1153415,16,,,1,30,,1153380,16,,,1,70,,1153412,16,,,1,30,,1153406,16,,,1
6100,'14',417,,1153463,16,,,1,30,,1153429,16,0,15 16,1,70,,1153472,16,0,15 16,1,29,,1153420,16,0,15 16,1,89,,1153470,55,0,15 16,1,74,,1153443,55,0,15 16,1,30,,1153437,55,0,15 16,1,10,,1153432,16,0,15 16,1,62,,1153455,55,0,15 16,1,6,,1153457,16,0,15 16,1,26,,1153431,55,0,15 16,1,4,,1153475,16,0,15 16,1,67,,1153464,55,0,15 16,1,22,,1153444,16,0,15 16,1,8,,1153452,55,0,15 16,1,13,,1153450,16,0,15 16,1,54,,1153426,55,0,15 16,1,17,,1153474,16,0,15 16,1,13,,1153466,55,0,15 16,1,16,,1153418,16,0,15 16,1,54,,1153427,55,0,15 16,1,15,,1153422,16,0,15 16,1,13,,1153447,55,0,15 16,1,16,,1153438,16,0,15 16,1,52,,1153423,55,0,15 16,1,17,,1153435,16,0,15 16,1,15,,1153425,55,0,15 16,1,16,,1153468,16,0,15 16,1,53,,1153436,55,0,15 16,1,17,,1153453,16,0,15 16,1,15,,1153445,55,0,15 16,1,16,,1153451,16,0,15 16,1,53,,1153461,55,0,15 16,1,21,,1153439,16,0,15 16,1,10,,1153446,55,0,15 16,1,74,,1153428,55,0,15 16,1,33,,1153440,55,0,15 16,1,71,,1153471,55,0,15 16,1,32,,1153476,55,0,15 16,1,72,,1153424,55,0,15 16,1,30,,1153433,55,0,15 16,1,69,,1153419,55,0,15 16,1,29,,1153467,55,0,15 16,1,67,,1153469,55,0,15 16,1,25,,1153460,55,0,15 16,1,68,,1153458,55,0,15 16,1,25,,1153473,55,0,15 16,1,67,,1153454,55,0,15 16,1,29,,1153421,55,0,15 16,1,71,,1153417,55,0,15 16,1,28,,1153456,55,0,15 16,1,29,,1153434,55,0,15 16,1,70,,1153430,55,0,15 16,1,30,,1153441,55,0,15 16,1,74,,1153462,55,0,15 16,1,70,,1153449,55,,,1,32,,1153448,16,,,1,70,,1153442,16,,,1,30,,1153465,16,,,1,68,,1153459,16,,,1
6100,'15',417,,1153513,16,,,1,30,,1153485,16,0,15 16,1,70,,1153510,16,0,15 16,1,29,,1153520,16,0,15 16,1,89,,1153487,55,0,15 16,1,74,,1153530,55,0,15 16,1,30,,1153499,55,0,15 16,1,10,,1153504,16,0,15 16,1,62,,1153505,55,0,15 16,1,6,,1153503,16,0,15 16,1,26,,1153491,55,0,15 16,1,4,,1153490,16,0,15 16,1,67,,1153496,55,0,15 16,1,22,,1153478,16,0,15 16,1,8,,1153523,55,0,15 16,1,13,,1153479,16,0,15 16,1,54,,1153514,55,0,15 16,1,17,,1153516,16,0,15 16,1,13,,1153517,55,0,15 16,1,16,,1153506,16,0,15 16,1,54,,1153480,55,0,15 16,1,15,,1153489,16,0,15 16,1,13,,1153488,55,0,15 16,1,16,,1153502,16,0,15 16,1,52,,1153481,55,0,15 16,1,17,,1153493,16,0,15 16,1,15,,1153500,55,0,15 16,1,16,,1153522,16,0,15 16,1,53,,1153482,55,0,15 16,1,17,,1153511,16,0,15 16,1,15,,1153518,55,0,15 16,1,16,,1153526,16,0,15 16,1,53,,1153525,55,0,15 16,1,21,,1153524,16,0,15 16,1,10,,1153519,55,0,15 16,1,74,,1153494,55,0,15 16,1,33,,1153534,55,0,15 16,1,71,,1153532,55,0,15 16,1,32,,1153484,55,0,15 16,1,72,,1153533,55,0,15 16,1,30,,1153495,55,0,15 16,1,69,,1153483,55,0,15 16,1,29,,1153531,55,0,15 16,1,67,,1153536,55,0,15 16,1,25,,1153515,55,0,15 16,1,68,,1153507,55,0,15 16,1,25,,1153527,55,0,15 16,1,67,,1153497,55,0,15 16,1,29,,1153529,55,0,15 16,1,71,,1153509,55,0,15 16,1,28,,1153521,55,0,15 16,1,29,,1153492,55,0,15 16,1,70,,1153512,55,0,15 16,1,30,,1153535,55,0,15 16,1,74,,1153477,55,0,15 16,1,70,,1153501,55,,,1,32,,1153486,16,,,1,70,,1153508,16,,,1,30,,1153498,16,,,1,68,,1153528,16,,,1
6100,'16',417,,1153570,16,,,1,30,,1153571,16,0,15 16,1,70,,1153549,16,0,15 16,1,29,,1068041,16,0,15 16,1,89,,1153547,55,0,15 16,1,74,,1153557,55,0,15 16,1,30,,1153551,55,0,15 16,1,10,,1153558,16,0,15 16,1,62,,1153573,55,0,15 16,1,6,,1153555,16,0,15 16,1,26,,1153580,55,0,15 16,1,4,,1153567,16,0,15 16,1,67,,1153541,55,0,15 16,1,22,,1153540,16,0,15 16,1,8,,1064153,55,0,15 16,1,13,,1153585,16,0,15 16,1,54,,1153569,55,0,15 16,1,17,,1153545,16,0,15 16,1,13,,1079183,55,0,15 16,1,16,,1153583,16,0,15 16,1,54,,977367,55,0,15 16,1,15,,1153543,16,0,15 16,1,13,,1153552,55,0,15 16,1,16,,1153576,16,0,15 16,1,52,,1153560,55,0,15 16,1,17,,1153548,16,0,15 16,1,15,,1153554,55,0,15 16,1,16,,1153568,16,0,15 16,1,53,,1153572,55,0,15 16,1,17,,1153589,16,0,15 16,1,15,,1153565,55,0,15 16,1,16,,1153579,16,0,15 16,1,53,,1153539,55,0,15 16,1,21,,1153581,16,0,15 16,1,10,,1153564,55,0,15 16,1,74,,1153546,55,0,15 16,1,33,,1153578,55,0,15 16,1,71,,1153582,55,0,15 16,1,32,,1153577,55,0,15 16,1,72,,1153538,55,0,15 16,1,30,,1153588,55,0,15 16,1,69,,1153587,55,0,15 16,1,29,,1153544,55,0,15 16,1,67,,1153537,55,0,15 16,1,25,,1153584,55,0,15 16,1,68,,1153562,55,0,15 16,1,25,,958861,55,0,15 16,1,67,,1153550,55,0,15 16,1,29,,1153575,55,0,15 16,1,71,,1153563,55,0,15 16,1,28,,1153556,55,0,15 16,1,29,,1066552,55,0,15 16,1,70,,1153542,55,0,15 16,1,30,,1153586,55,0,15 16,1,74,,1153559,55,0,15 16,1,70,,1153574,55,,,1,32,,1087599,16,,,1,70,,1153553,16,,,1,30,,1153566,16,,,1,68,,1153561,16,,,1
6100,'17',556,,1153613,16,,,1,72,,1153612,16,,,1,30,,1153619,55,,,1,76,,1153631,16,0,15 16,1,72,,1153599,55,0,15 16,1,30,,1153607,16,0,15 16,1,70,,1153593,55,0,15 16,1,30,,1153625,55,0,15 16,1,72,,1153628,55,0,15 16,1,30,,1153623,55,0,15 16,1,72,,1153621,55,0,15 16,1,30,,1153630,55,0,15 16,1,70,,1153601,55,0,15 16,1,30,,1153622,55,0,15 16,1,71,,1153611,55,0,15 16,1,30,,1153590,55,0,15 16,1,70,,1153606,55,0,15 16,1,30,,1153614,55,0,15 16,1,70,,1153603,55,0,15 16,1,30,,1153597,55,0,15 16,1,70,,1153596,55,0,15 16,1,30,,1153609,55,0,15 16,1,69,,1153605,55,0,15 16,1,30,,1153629,55,0,15 16,1,70,,1153602,55,0,15 16,1,29,,1153620,16,0,15 16,1,69,,1153594,55,0,15 16,1,30,,1153604,16,0,15 16,1,70,,1153626,55,0,15 16,1,30,,1153617,16,0,15 16,1,67,,1153616,55,0,15 16,1,30,,1153595,16,0,15 16,1,68,,1153598,55,0,15 16,1,29,,1153592,16,0,15 16,1,72,,1153608,55,,,1,29,,1153600,16,,,1,70,,1153615,55,,,1,30,,1153610,16,,,1,70,,1153627,16,,,1,30,,1153591,16,,,1,70,,1153624,16,,,1,30,,1153618,16,,,1
6100,'2',531,,1096582,16,0,15 16,1,85,,1153641,16,0,15 16,1,30,,1153646,55,0,15 16,1,70,,1153640,55,0,15 16,1,30,,1153668,55,0,15 16,1,70,,1153634,55,0,15 16,1,30,,1153667,55,0,15 16,1,70,,1153658,55,0,15 16,1,32,,1153657,55,0,15 16,1,70,,1153643,55,0,15 16,1,32,,1153632,55,0,15 16,1,70,,1153636,55,0,15 16,1,30,,1153645,55,0,15 16,1,70,,1153660,55,0,15 16,1,31,,1153666,55,0,15 16,1,70,,1153648,55,0,15 16,1,30,,1153655,55,0,15 16,1,70,,1153664,55,0,15 16,1,30,,1153669,55,0,15 16,1,70,,1153651,55,0,15 16,1,30,,1032624,55,0,15 16,1,70,,1153639,55,0,15 16,1,29,,1153633,55,0,15 16,1,70,,1153656,55,0,15 16,1,30,,1098025,55,0,15 16,1,70,,1153644,55,0,15 16,1,28,,1153663,55,0,15 16,1,70,,1153654,55,0,15 16,1,30,,1153661,16,0,15 16,1,70,,1153662,55,0,15 16,1,29,,1153638,16,0,15 16,1,70,,1153647,55,0,15 16,1,30,,1153635,16,0,15 16,1,70,,1153659,55,0,15 16,1,30,,1153652,16,0,15 16,1,70,,1090126,55,0,15 16,1,30,,1098955,16,0,15 16,1,70,,1153650,55,0,15 16,1,30,,1153653,16,0,15 16,1,70,,1153642,16,0,15 16,1,30,,1153665,16,,,1,70,,1153649,16,,,1,30,,1153637,16,,,1
6100,'3',556,,1153693,16,,,1,72,,1153692,16,,,1,30,,1153699,55,,,1,76,,1153711,16,0,15 16,1,72,,1153679,55,0,15 16,1,30,,1153687,16,0,15 16,1,70,,1153673,55,0,15 16,1,30,,1153705,55,0,15 16,1,72,,1153708,55,0,15 16,1,30,,1153703,55,0,15 16,1,72,,1153701,55,0,15 16,1,30,,1153710,55,0,15 16,1,70,,1153681,55,0,15 16,1,30,,1153702,55,0,15 16,1,71,,1153691,55,0,15 16,1,30,,1153670,55,0,15 16,1,70,,1153686,55,0,15 16,1,30,,1153694,55,0,15 16,1,70,,1153683,55,0,15 16,1,30,,1153677,55,0,15 16,1,70,,1153676,55,0,15 16,1,30,,1153689,55,0,15 16,1,69,,1153685,55,0,15 16,1,30,,1153709,55,0,15 16,1,70,,1153682,55,0,15 16,1,29,,1153700,16,0,15 16,1,69,,1153674,55,0,15 16,1,30,,1153684,16,0,15 16,1,70,,1153706,55,0,15 16,1,30,,1153697,16,0,15 16,1,67,,1153696,55,0,15 16,1,30,,1153675,16,0,15 16,1,68,,1153678,55,0,15 16,1,29,,1153672,16,0,15 16,1,72,,1153688,55,,,1,29,,1153680,16,,,1,70,,1153695,55,,,1,30,,1153690,16,,,1,70,,1153707,16,,,1,30,,1153671,16,,,1,70,,1153704,16,,,1,30,,1153698,16,,,1
6100,'4',556,,1153737,16,,,1,72,,1153747,16,,,1,30,,1153735,55,,,1,76,,1153714,16,0,15 16,1,72,,1153719,55,0,15 16,1,30,,1153744,16,0,15 16,1,70,,1153745,55,0,15 16,1,30,,1153723,55,0,15 16,1,72,,1153742,55,0,15 16,1,30,,1153736,55,0,15 16,1,72,,1153724,55,0,15 16,1,30,,1153739,55,0,15 16,1,70,,1153712,55,0,15 16,1,30,,1153738,55,0,15 16,1,71,,1153730,55,0,15 16,1,30,,1153734,55,0,15 16,1,70,,1153731,55,0,15 16,1,30,,1153732,55,0,15 16,1,70,,1153748,55,0,15 16,1,30,,1153725,55,0,15 16,1,70,,1153720,55,0,15 16,1,30,,1153726,55,0,15 16,1,69,,1153718,55,0,15 16,1,30,,1153727,55,0,15 16,1,70,,1153750,55,0,15 16,1,29,,1153749,16,0,15 16,1,69,,1153740,55,0,15 16,1,30,,1010073,16,0,15 16,1,70,,1153717,55,0,15 16,1,30,,1153728,16,0,15 16,1,67,,1153746,55,0,15 16,1,30,,1153716,16,0,15 16,1,68,,1153721,55,0,15 16,1,29,,1153741,16,0,15 16,1,72,,1153729,55,,,1,29,,1153733,16,,,1,70,,1153722,55,,,1,30,,1153715,16,,,1,70,,1092367,16,,,1,30,,1153743,16,,,1,70,,1153713,16,,,1,30,,1073178,16,,,1
6100,'5',417,,1153791,16,,,1,30,,1153760,16,0,15 16,1,70,,1153798,16,0,15 16,1,29,,1153753,16,0,15 16,1,89,,1086955,55,0,15 16,1,74,,1153773,55,0,15 16,1,30,,1153767,55,0,15 16,1,10,,1153762,16,0,15 16,1,62,,1153783,55,0,15 16,1,6,,1153785,16,0,15 16,1,26,,1087188,55,0,15 16,1,4,,1153799,16,0,15 16,1,67,,1153792,55,0,15 16,1,22,,1100007,16,0,15 16,1,8,,1153780,55,0,15 16,1,13,,1153778,16,0,15 16,1,54,,1153759,55,0,15 16,1,17,,1101510,16,0,15 16,1,13,,1153794,55,0,15 16,1,16,,1153751,16,0,15 16,1,54,,1078266,55,0,15 16,1,15,,1153755,16,0,15 16,1,13,,1153775,55,0,15 16,1,16,,1153768,16,0,15 16,1,52,,1153756,55,0,15 16,1,17,,1153765,16,0,15 16,1,15,,1153758,55,0,15 16,1,16,,1153796,16,0,15 16,1,53,,1153766,55,0,15 16,1,17,,1153781,16,0,15 16,1,15,,1065770,55,0,15 16,1,16,,1153779,16,0,15 16,1,53,,1153789,55,0,15 16,1,21,,1153769,16,0,15 16,1,10,,1153774,55,0,15 16,1,74,,1097802,55,0,15 16,1,33,,1153770,55,0,15 16,1,71,,1153797,55,0,15 16,1,32,,1056854,55,0,15 16,1,72,,1153757,55,0,15 16,1,30,,1153763,55,0,15 16,1,69,,1153752,55,0,15 16,1,29,,1153795,55,0,15 16,1,67,,1078676,55,0,15 16,1,25,,1153788,55,0,15 16,1,68,,1153786,55,0,15 16,1,25,,1095181,55,0,15 16,1,67,,1153782,55,0,15 16,1,29,,1153754,55,0,15 16,1,71,,1078248,55,0,15 16,1,28,,1153784,55,0,15 16,1,29,,1153764,55,0,15 16,1,70,,1153761,55,0,15 16,1,30,,1153771,55,0,15 16,1,74,,1153790,55,0,15 16,1,70,,1153777,55,,,1,32,,1153776,16,,,1,70,,1153772,16,,,1,30,,1153793,16,,,1,68,,1153787,16,,,1
6100,'6',417,,1153833,16,,,1,30,,1153834,16,0,15 16,1,70,,1153813,16,0,15 16,1,29,,1153808,16,0,15 16,1,89,,1153811,55,0,15 16,1,74,,1153820,55,0,15 16,1,30,,1153815,55,0,15 16,1,10,,1087679,16,0,15 16,1,62,,1153836,55,0,15 16,1,6,,1078409,16,0,15 16,1,26,,1153844,55,0,15 16,1,4,,1153830,16,0,15 16,1,67,,1153804,55,0,15 16,1,22,,1153803,16,0,15 16,1,8,,1153826,55,0,15 16,1,13,,1153849,16,0,15 16,1,54,,1153832,55,0,15 16,1,17,,1091705,16,0,15 16,1,13,,1153807,55,0,15 16,1,16,,1153847,16,0,15 16,1,54,,1153842,55,0,15 16,1,15,,1075661,16,0,15 16,1,13,,1153816,55,0,15 16,1,16,,1153839,16,0,15 16,1,52,,1153822,55,0,15 16,1,17,,1153812,16,0,15 16,1,15,,1153818,55,0,15 16,1,16,,1153831,16,0,15 16,1,53,,1153835,55,0,15 16,1,17,,1037538,16,0,15 16,1,15,,1153828,55,0,15 16,1,16,,1153843,16,0,15 16,1,53,,1153801,55,0,15 16,1,21,,1153845,16,0,15 16,1,10,,1153827,55,0,15 16,1,74,,1153810,55,0,15 16,1,33,,1153841,55,0,15 16,1,71,,1153846,55,0,15 16,1,32,,1153840,55,0,15 16,1,72,,1003066,55,0,15 16,1,30,,1153851,55,0,15 16,1,69,,1088982,55,0,15 16,1,29,,1153806,55,0,15 16,1,67,,1090297,55,0,15 16,1,25,,1153848,55,0,15 16,1,68,,1153824,55,0,15 16,1,25,,1153802,55,0,15 16,1,67,,1153814,55,0,15 16,1,29,,1153838,55,0,15 16,1,71,,1153825,55,0,15 16,1,28,,1153819,55,0,15 16,1,29,,1153800,55,0,15 16,1,70,,1153805,55,0,15 16,1,30,,1153850,55,0,15 16,1,74,,1153821,55,0,15 16,1,70,,1153837,55,,,1,32,,1153809,16,,,1,70,,1153817,16,,,1,30,,1153829,16,,,1,68,,1153823,16,,,1
6100,'7',531,,1153856,16,0,15 16,1,85,,1153893,16,0,15 16,1,30,,1153869,55,0,15 16,1,70,,1153861,55,0,15 16,1,30,,1153867,55,0,15 16,1,70,,1153870,55,0,15 16,1,30,,1153876,55,0,15 16,1,70,,1153874,55,0,15 16,1,32,,1153888,55,0,15 16,1,70,,1153889,55,0,15 16,1,32,,1153873,55,0,15 16,1,70,,1153858,55,0,15 16,1,30,,1153885,55,0,15 16,1,70,,1153883,55,0,15 16,1,31,,1153862,55,0,15 16,1,70,,1153865,55,0,15 16,1,30,,1153877,55,0,15 16,1,70,,1153860,55,0,15 16,1,30,,1153859,55,0,15 16,1,70,,1153864,55,0,15 16,1,30,,1153890,55,0,15 16,1,70,,1153892,55,0,15 16,1,29,,1153863,55,0,15 16,1,70,,1153868,55,0,15 16,1,30,,1153855,55,0,15 16,1,70,,1153871,55,0,15 16,1,28,,1153881,55,0,15 16,1,70,,1153879,55,0,15 16,1,30,,1153894,16,0,15 16,1,70,,1153854,55,0,15 16,1,29,,1153872,16,0,15 16,1,70,,1153884,55,0,15 16,1,30,,1153886,16,0,15 16,1,70,,1153878,55,0,15 16,1,30,,1153891,16,0,15 16,1,70,,1153866,55,0,15 16,1,30,,1153887,16,0,15 16,1,70,,1153882,55,0,15 16,1,30,,1153852,16,0,15 16,1,70,,1153857,16,0,15 16,1,30,,1153880,16,,,1,70,,1153853,16,,,1,30,,1153875,16,,,1
6100,'8',417,,1153934,16,,,1,30,,1153935,16,0,15 16,1,70,,1153912,16,0,15 16,1,29,,1153906,16,0,15 16,1,89,,1153910,55,0,15 16,1,74,,1153920,55,0,15 16,1,30,,1153914,55,0,15 16,1,10,,1153921,16,0,15 16,1,62,,1153937,55,0,15 16,1,6,,1153918,16,0,15 16,1,26,,1153945,55,0,15 16,1,4,,1153931,16,0,15 16,1,67,,1153901,55,0,15 16,1,22,,1153900,16,0,15 16,1,8,,1153927,55,0,15 16,1,13,,1153950,16,0,15 16,1,54,,1153933,55,0,15 16,1,17,,1153908,16,0,15 16,1,13,,1153905,55,0,15 16,1,16,,1153948,16,0,15 16,1,54,,1153943,55,0,15 16,1,15,,1153903,16,0,15 16,1,13,,1153915,55,0,15 16,1,16,,1153940,16,0,15 16,1,52,,1153923,55,0,15 16,1,17,,1153911,16,0,15 16,1,15,,1153917,55,0,15 16,1,16,,1153932,16,0,15 16,1,53,,1153936,55,0,15 16,1,17,,1153954,16,0,15 16,1,15,,1153929,55,0,15 16,1,16,,1153944,16,0,15 16,1,53,,1153898,55,0,15 16,1,21,,1153946,16,0,15 16,1,10,,1153928,55,0,15 16,1,74,,1153909,55,0,15 16,1,33,,1153942,55,0,15 16,1,71,,1153947,55,0,15 16,1,32,,1153941,55,0,15 16,1,72,,1153896,55,0,15 16,1,30,,1153953,55,0,15 16,1,69,,1153952,55,0,15 16,1,29,,1153904,55,0,15 16,1,67,,1153895,55,0,15 16,1,25,,1153949,55,0,15 16,1,68,,1153925,55,0,15 16,1,25,,1153899,55,0,15 16,1,67,,1153913,55,0,15 16,1,29,,1153939,55,0,15 16,1,71,,1153926,55,0,15 16,1,28,,1153919,55,0,15 16,1,29,,1153897,55,0,15 16,1,70,,1153902,55,0,15 16,1,30,,1153951,55,0,15 16,1,74,,1153922,55,0,15 16,1,70,,1153938,55,,,1,32,,1153907,16,,,1,70,,1153916,16,,,1,30,,1153930,16,,,1,68,,1153924,16,,,1
6100,'9',417,,1153995,16,,,1,30,,1153964,16,0,15 16,1,70,,1154002,16,0,15 16,1,29,,1153957,16,0,15 16,1,89,,1086936,55,0,15 16,1,74,,1153977,55,0,15 16,1,30,,1153971,55,0,15 16,1,10,,1153966,16,0,15 16,1,62,,1153987,55,0,15 16,1,6,,1153989,16,0,15 16,1,26,,1087097,55,0,15 16,1,4,,1154003,16,0,15 16,1,67,,1153996,55,0,15 16,1,22,,1099937,16,0,15 16,1,8,,1153984,55,0,15 16,1,13,,1153982,16,0,15 16,1,54,,1153963,55,0,15 16,1,17,,1101509,16,0,15 16,1,13,,1153998,55,0,15 16,1,16,,1153955,16,0,15 16,1,54,,1078162,55,0,15 16,1,15,,1153959,16,0,15 16,1,13,,1153979,55,0,15 16,1,16,,1153972,16,0,15 16,1,52,,1153960,55,0,15 16,1,17,,1153969,16,0,15 16,1,15,,1153962,55,0,15 16,1,16,,1154000,16,0,15 16,1,53,,1153970,55,0,15 16,1,17,,1153985,16,0,15 16,1,15,,1065663,55,0,15 16,1,16,,1153983,16,0,15 16,1,53,,1153993,55,0,15 16,1,21,,1153973,16,0,15 16,1,10,,1153978,55,0,15 16,1,74,,1097691,55,0,15 16,1,33,,1153974,55,0,15 16,1,71,,1154001,55,0,15 16,1,32,,1057048,55,0,15 16,1,72,,1153961,55,0,15 16,1,30,,1153967,55,0,15 16,1,69,,1153956,55,0,15 16,1,29,,1153999,55,0,15 16,1,67,,1078541,55,0,15 16,1,25,,1153992,55,0,15 16,1,68,,1153990,55,0,15 16,1,25,,1095057,55,0,15 16,1,67,,1153986,55,0,15 16,1,29,,1153958,55,0,15 16,1,71,,1078144,55,0,15 16,1,28,,1153988,55,0,15 16,1,29,,1153968,55,0,15 16,1,70,,1153965,55,0,15 16,1,30,,1153975,55,0,15 16,1,74,,1153994,55,0,15 16,1,70,,1153981,55,,,1,32,,1153980,16,,,1,70,,1153976,16,,,1,30,,1153997,16,,,1,68,,1153991,16,,,1
6101,'1',441,,1092889,24,0,9 10,1,71,,1154014,24,0,9 10,1,34,,1154026,10,,,1,71,,1154029,10,,,1,24,,1154005,9,,,1,65,,1154051,5,,,1,32,,1154038,5,,,1,70,,935738,5,,,1,30,,1154010,5,,,1,72,,1154009,5,,,1,27,,1154033,5,,,1,71,,1065807,5,,,1,29,,1154024,5,,,1,70,,1154049,5,,,1,30,,1006390,5,,,1,70,,1083597,5,,,1,31,,1154008,5,,,1,70,,1154040,5,,,1,30,,1154034,5,,,1,16,,1154017,5,0,9 10,1,53,,972751,5,,,1,17,,1154013,5,0,9 10,1,15,,1154007,5,,,1,16,,1154022,5,0,9 10,1,55,,1154018,5,,,1,15,,1154011,5,0,9 10,1,14,,1154019,5,,,1,17,,1154050,5,0,9 10,1,55,,1154037,5,,,1,15,,1154012,5,0,9 10,1,16,,1154031,5,,,1,14,,1154023,5,0,9 10,1,56,,1154039,5,,,1,14,,1154047,5,0,9 10,1,15,,1154015,5,,,1,16,,1154016,5,,,1,56,,1154032,5,,,1,12,,1088141,5,,,1,16,,1154035,5,,,1,66,,1154028,5,,,1,30,,1154021,5,,,1,70,,1154020,5,,,1,30,,1154048,5,,,1,70,,1154030,5,,,1,30,,1154045,5,,,1,70,,1154043,5,,,1,35,,1154042,6,,,1,70,,1154044,6,,,1,30,,1154046,6,,,1,70,,1154041,6,0,9 10,1,30,,1154004,6,0,9 10,1,70,,1076307,6,0,9 10,1,30,,1154027,6,0,9 10,1,69,,1154025,20,0,9 10,1,30,,1154036,20,0,9 10,1,70,,1154006,20,0,9 10,1
6101,'10',441,,1092571,24,0,9 10,1,71,,1154062,24,0,9 10,1,34,,1154074,10,,,1,71,,1154077,10,,,1,24,,1154053,9,,,1,65,,1154099,5,,,1,32,,1154086,5,,,1,70,,935458,5,,,1,30,,1154058,5,,,1,72,,1154057,5,,,1,27,,1154081,5,,,1,71,,1065603,5,,,1,29,,1154072,5,,,1,70,,1154097,5,,,1,30,,1006486,5,,,1,70,,1083358,5,,,1,31,,1154056,5,,,1,70,,1154088,5,,,1,30,,1154082,5,,,1,16,,1154065,5,0,9 10,1,53,,972258,5,,,1,17,,1154061,5,0,9 10,1,15,,1154055,5,,,1,16,,1154070,5,0,9 10,1,55,,1154066,5,,,1,15,,1154059,5,0,9 10,1,14,,1154067,5,,,1,17,,1154098,5,0,9 10,1,55,,1154085,5,,,1,15,,1154060,5,0,9 10,1,16,,1154079,5,,,1,14,,1154071,5,0,9 10,1,56,,1154087,5,,,1,14,,1154095,5,0,9 10,1,15,,1154063,5,,,1,16,,1154064,5,,,1,56,,1154080,5,,,1,12,,1087733,5,,,1,16,,1154083,5,,,1,66,,1154076,5,,,1,30,,1154069,5,,,1,70,,1154068,5,,,1,30,,1154096,5,,,1,70,,1154078,5,,,1,30,,1154093,5,,,1,70,,1154091,5,,,1,35,,1154090,6,,,1,70,,1154092,6,,,1,30,,1154094,6,,,1,70,,1154089,6,0,9 10,1,30,,1154052,6,0,9 10,1,70,,1076096,6,0,9 10,1,30,,1154075,6,0,9 10,1,69,,1154073,20,0,9 10,1,30,,1154084,20,0,9 10,1,70,,1154054,20,0,9 10,1
6101,'11',441,,1092979,24,0,9 10,1,71,,1154110,24,0,9 10,1,34,,1154122,10,,,1,71,,1154125,10,,,1,24,,1154101,9,,,1,65,,1154147,5,,,1,32,,1154134,5,,,1,70,,935685,5,,,1,30,,1154106,5,,,1,72,,1154105,5,,,1,27,,1154129,5,,,1,71,,1065866,5,,,1,29,,1154120,5,,,1,70,,1154145,5,,,1,30,,1006360,5,,,1,70,,1083667,5,,,1,31,,1154104,5,,,1,70,,1154136,5,,,1,30,,1154130,5,,,1,16,,1154113,5,0,9 10,1,53,,972683,5,,,1,17,,1154109,5,0,9 10,1,15,,1154103,5,,,1,16,,1154118,5,0,9 10,1,55,,1154114,5,,,1,15,,1154107,5,0,9 10,1,14,,1154115,5,,,1,17,,1154146,5,0,9 10,1,55,,1154133,5,,,1,15,,1154108,5,0,9 10,1,16,,1154127,5,,,1,14,,1154119,5,0,9 10,1,56,,1154135,5,,,1,14,,1154143,5,0,9 10,1,15,,1154111,5,,,1,16,,1154112,5,,,1,56,,1154128,5,,,1,12,,1088253,5,,,1,16,,1154131,5,,,1,66,,1154124,5,,,1,30,,1154117,5,,,1,70,,1154116,5,,,1,30,,1154144,5,,,1,70,,1154126,5,,,1,30,,1154141,5,,,1,70,,1154139,5,,,1,35,,1154138,6,,,1,70,,1154140,6,,,1,30,,1154142,6,,,1,70,,1154137,6,0,9 10,1,30,,1154100,6,0,9 10,1,70,,1076372,6,0,9 10,1,30,,1154123,6,0,9 10,1,69,,1154121,20,0,9 10,1,30,,1154132,20,0,9 10,1,70,,1154102,20,0,9 10,1
6101,'12',441,,1154167,24,0,9 10,1,71,,1154159,24,0,9 10,1,34,,1154148,10,,,1,71,,1154153,10,,,1,24,,1154200,9,,,1,65,,1154189,5,,,1,32,,1154156,5,,,1,70,,1154157,5,,,1,30,,1154198,5,,,1,72,,1154152,5,,,1,27,,1154155,5,,,1,71,,1154162,5,,,1,29,,1154197,5,,,1,70,,1154166,5,,,1,30,,1154201,5,,,1,70,,1154174,5,,,1,31,,1154199,5,,,1,70,,1061496,5,,,1,30,,1154149,5,,,1,16,,1154170,5,0,9 10,1,53,,1154150,5,,,1,17,,1154179,5,0,9 10,1,15,,1154177,5,,,1,16,,1154194,5,0,9 10,1,55,,1154181,5,,,1,15,,1154192,5,0,9 10,1,14,,1154169,5,,,1,17,,1154190,5,0,9 10,1,55,,1154180,5,,,1,15,,1154175,5,0,9 10,1,16,,1154183,5,,,1,14,,1154176,5,0,9 10,1,56,,1154184,5,,,1,14,,1154158,5,0,9 10,1,15,,1154161,5,,,1,16,,1154186,5,,,1,56,,1154173,5,,,1,12,,1154182,5,,,1,16,,1154165,5,,,1,66,,1154172,5,,,1,30,,1154193,5,,,1,70,,1154168,5,,,1,30,,1154188,5,,,1,70,,1154171,5,,,1,30,,1154187,5,,,1,70,,942214,5,,,1,35,,1154196,6,,,1,70,,1154178,6,,,1,30,,1154195,6,,,1,70,,1154191,6,0,9 10,1,30,,1154160,6,0,9 10,1,70,,1154164,6,0,9 10,1,30,,1154163,6,0,9 10,1,69,,1154154,20,0,9 10,1,30,,1154151,20,0,9 10,1,70,,1154185,20,0,9 10,1
6101,'13',555,,1073366,20,,,1,70,,1154205,20,0,9 10,1,30,,1154223,20,,,1,70,,1154216,20,0,9 10,1,30,,1154225,20,,,1,70,,1154237,20,0,9 10,1,30,,1154220,6,,,1,71,,1047837,6,,,1,30,,1154211,6,,,1,69,,1154213,6,,,1,30,,1154206,6,,,1,70,,1154233,6,,,1,30,,1154212,6,,,1,70,,1154207,6,,,1,30,,1154221,6,,,1,70,,1154209,6,,,1,30,,1154232,6,,,1,70,,1154234,6,,,1,30,,1154204,6,,,1,70,,1154222,6,,,1,30,,1154214,6,,,1,70,,1154224,6,,,1,30,,1154231,6,,,1,70,,1098050,6,,,1,30,,1074794,6,,,1,70,,1154226,6,,,1,30,,1154235,6,,,1,70,,1154238,6,,,1,30,,1154236,6,0,9 10,1,70,,1154219,6,,,1,30,,1089703,6,0,9 10,1,70,,1154217,6,,,1,30,,1154228,6,,,1,70,,1154210,6,0,9 10,1,30,,1154230,6,,,1,70,,1154229,6,0,9 10,1,30,,1154203,6,0,9 10,1,70,,1154227,20,0,9 10,1,30,,1154202,20,0,9 10,1,70,,1154208,20,0,9 10,1,30,,1154215,20,0,9 10,1,66,,1154218,20,0,9 10,1,30,,955270,20,0,9 10,1
6101,'14',441,,1154247,24,0,9 10,1,71,,1154253,24,0,9 10,1,34,,1154265,10,,,1,71,,1154268,10,,,1,24,,1154240,9,,,1,65,,1154294,5,,,1,32,,1154279,5,,,1,70,,1154293,5,,,1,30,,1154249,5,,,1,72,,1154248,5,,,1,27,,1154274,5,,,1,71,,1154281,5,,,1,29,,1154263,5,,,1,70,,1154291,5,,,1,30,,1154243,5,,,1,70,,1154242,5,,,1,31,,1154245,5,,,1,70,,1154282,5,,,1,30,,1154275,5,,,1,16,,1154256,5,0,9 10,1,53,,1154246,5,,,1,17,,1154252,5,0,9 10,1,15,,1154244,5,,,1,16,,1154261,5,0,9 10,1,55,,1154257,5,,,1,15,,1154250,5,0,9 10,1,14,,1154258,5,,,1,17,,1154292,5,0,9 10,1,55,,1154278,5,,,1,15,,1154251,5,0,9 10,1,16,,1154272,5,,,1,14,,1154262,5,0,9 10,1,56,,1154280,5,,,1,14,,1154289,5,0,9 10,1,15,,1154254,5,,,1,16,,1154255,5,,,1,56,,1154273,5,,,1,12,,1154271,5,,,1,16,,1154276,5,,,1,66,,1154267,5,,,1,30,,1154260,5,,,1,70,,1154259,5,,,1,30,,1154290,5,,,1,70,,1154270,5,,,1,30,,1154287,5,,,1,70,,1154285,5,,,1,35,,1154284,6,,,1,70,,1154286,6,,,1,30,,1154288,6,,,1,70,,1154283,6,0,9 10,1,30,,1154239,6,0,9 10,1,70,,1154269,6,0,9 10,1,30,,1154266,6,0,9 10,1,69,,1154264,20,0,9 10,1,30,,1154277,20,0,9 10,1,70,,1154241,20,0,9 10,1
6101,'15',441,,1154328,24,0,9 10,1,71,,1154300,24,0,9 10,1,34,,1154316,10,,,1,71,,1154310,10,,,1,24,,1154331,9,,,1,65,,1154344,5,,,1,32,,1154337,5,,,1,70,,1154307,5,,,1,30,,1154312,5,,,1,72,,1154299,5,,,1,27,,1154349,5,,,1,71,,1154340,5,,,1,29,,1154303,5,,,1,70,,1154329,5,,,1,30,,1154301,5,,,1,70,,1154339,5,,,1,31,,1154345,5,,,1,70,,1154296,5,,,1,30,,1154321,5,,,1,16,,1154343,5,0,9 10,1,53,,1154297,5,,,1,17,,1154327,5,0,9 10,1,15,,1154298,5,,,1,16,,1154332,5,0,9 10,1,55,,1154341,5,,,1,15,,1154318,5,0,9 10,1,14,,1154323,5,,,1,17,,1154350,5,0,9 10,1,55,,1154305,5,,,1,15,,1154348,5,0,9 10,1,16,,1154347,5,,,1,14,,1154335,5,0,9 10,1,56,,1154320,5,,,1,14,,1154308,5,0,9 10,1,15,,1154306,5,,,1,16,,1154346,5,,,1,56,,1154322,5,,,1,12,,1154336,5,,,1,16,,1154302,5,,,1,66,,1154311,5,,,1,30,,1154333,5,,,1,70,,1154330,5,,,1,30,,1154325,5,,,1,70,,1154309,5,,,1,30,,1154317,5,,,1,70,,1154313,5,,,1,35,,1154334,6,,,1,70,,1154315,6,,,1,30,,1154324,6,,,1,70,,1154342,6,0,9 10,1,30,,1154295,6,0,9 10,1,70,,1154304,6,0,9 10,1,30,,1154314,6,0,9 10,1,69,,1154319,20,0,9 10,1,30,,1154338,20,0,9 10,1,70,,1154326,20,0,9 10,1
6101,'16',441,,1154368,24,0,9 10,1,71,,1154359,24,0,9 10,1,34,,1089540,10,,,1,71,,1154353,10,,,1,24,,1154396,9,,,1,65,,1154389,5,,,1,32,,1154356,5,,,1,70,,1154357,5,,,1,30,,1154395,5,,,1,72,,1036392,5,,,1,27,,1154355,5,,,1,71,,1154362,5,,,1,29,,1154394,5,,,1,70,,1154367,5,,,1,30,,1154398,5,,,1,70,,1154375,5,,,1,31,,1080096,5,,,1,70,,1154397,5,,,1,30,,1093434,5,,,1,16,,1154371,5,0,9 10,1,53,,1154351,5,,,1,17,,1154380,5,0,9 10,1,15,,1154378,5,,,1,16,,1101797,5,0,9 10,1,55,,1154382,5,,,1,15,,1045193,5,0,9 10,1,14,,1154370,5,,,1,17,,1154390,5,0,9 10,1,55,,1154381,5,,,1,15,,1154376,5,0,9 10,1,16,,1154384,5,,,1,14,,1154377,5,0,9 10,1,56,,950535,5,,,1,14,,1154358,5,0,9 10,1,15,,1154361,5,,,1,16,,1154386,5,,,1,56,,1154374,5,,,1,12,,1154383,5,,,1,16,,1154366,5,,,1,66,,1154373,5,,,1,30,,1083260,5,,,1,70,,1154369,5,,,1,30,,1154388,5,,,1,70,,1154372,5,,,1,30,,1154387,5,,,1,70,,1154363,5,,,1,35,,1154393,6,,,1,70,,1154379,6,,,1,30,,1154392,6,,,1,70,,1154391,6,0,9 10,1,30,,1154360,6,0,9 10,1,70,,1154365,6,0,9 10,1,30,,1154364,6,0,9 10,1,69,,1154354,20,0,9 10,1,30,,1154352,20,0,9 10,1,70,,1154385,20,0,9 10,1
6101,'17',555,,1154431,20,,,1,70,,1154402,20,0,9 10,1,30,,1154423,20,,,1,70,,1154416,20,0,9 10,1,30,,1154425,20,,,1,70,,1154438,20,0,9 10,1,30,,1154420,6,,,1,71,,1154439,6,,,1,30,,1154411,6,,,1,69,,1154413,6,,,1,30,,1154403,6,,,1,70,,1154434,6,,,1,30,,1154412,6,,,1,70,,1154405,6,,,1,30,,1154421,6,,,1,70,,1154407,6,,,1,30,,1154433,6,,,1,70,,1154435,6,,,1,30,,1154401,6,,,1,70,,1154422,6,,,1,30,,1154414,6,,,1,70,,1154424,6,,,1,30,,1154432,6,,,1,70,,1154404,6,,,1,30,,1154410,6,,,1,70,,1154426,6,,,1,30,,1154436,6,,,1,70,,1154440,6,,,1,30,,1154437,6,0,9 10,1,70,,1154419,6,,,1,30,,1154409,6,0,9 10,1,70,,1154417,6,,,1,30,,1154428,6,,,1,70,,1154408,6,0,9 10,1,30,,1154430,6,,,1,70,,1154429,6,0,9 10,1,30,,1154400,6,0,9 10,1,70,,1154427,20,0,9 10,1,30,,1154399,20,0,9 10,1,70,,1154406,20,0,9 10,1,30,,1154415,20,0,9 10,1,66,,1154418,20,0,9 10,1,30,,1154441,20,0,9 10,1
6101,'2',542,,1154464,20,0,9 10,1,70,,1154461,20,,,1,30,,1154476,20,,,1,70,,1154474,6,,,1,30,,1154448,6,,,1,69,,1154460,6,,,1,30,,1154471,6,,,1,70,,1101275,6,,,1,30,,1154465,6,,,1,69,,1095785,6,,,1,30,,1154454,6,,,1,70,,1154455,6,,,1,30,,1154473,6,,,1,70,,1154453,6,,,1,30,,1154444,6,,,1,70,,1154472,6,,,1,30,,1154443,6,,,1,70,,1154475,6,,,1,30,,1154452,6,,,1,70,,995769,6,,,1,30,,1154445,6,,,1,70,,1154470,6,,,1,30,,1154459,6,,,1,70,,1154451,6,,,1,30,,1154477,6,,,1,70,,1154468,6,0,9 10,1,30,,1154480,6,,,1,70,,1154469,6,0,9 10,1,30,,1154446,6,,,1,70,,1154449,6,,,1,30,,1154442,6,,,1,70,,1154478,6,,,1,30,,1154463,6,,,1,70,,1090369,6,,,1,30,,1154467,6,,,1,70,,1154462,6,,,1,30,,1154447,6,,,1,70,,1154450,6,0,9 10,1,30,,1154466,6,0,9 10,1,70,,1154457,6,0,9 10,1,30,,1154479,6,0,9 10,1,81,,1154458,6,0,9 10,1,30,,999019,6,0,9 10,1,70,,1154456,20,0,9 10,1
6101,'3',555,,1154513,20,,,1,70,,1154484,20,0,9 10,1,30,,1154505,20,,,1,70,,1154498,20,0,9 10,1,30,,1154507,20,,,1,70,,1154520,20,0,9 10,1,30,,1154502,6,,,1,71,,1154521,6,,,1,30,,1154493,6,,,1,69,,1154495,6,,,1,30,,1154485,6,,,1,70,,1154516,6,,,1,30,,1154494,6,,,1,70,,1154487,6,,,1,30,,1154503,6,,,1,70,,1154489,6,,,1,30,,1154515,6,,,1,70,,1154517,6,,,1,30,,1154483,6,,,1,70,,1154504,6,,,1,30,,1154496,6,,,1,70,,1154506,6,,,1,30,,1154514,6,,,1,70,,1154486,6,,,1,30,,1154492,6,,,1,70,,1154508,6,,,1,30,,1154518,6,,,1,70,,1154522,6,,,1,30,,1154519,6,0,9 10,1,70,,1154501,6,,,1,30,,1154491,6,0,9 10,1,70,,1154499,6,,,1,30,,1154510,6,,,1,70,,1154490,6,0,9 10,1,30,,1154512,6,,,1,70,,1154511,6,0,9 10,1,30,,1154482,6,0,9 10,1,70,,1154509,20,0,9 10,1,30,,1154481,20,0,9 10,1,70,,1154488,20,0,9 10,1,30,,1154497,20,0,9 10,1,66,,1154500,20,0,9 10,1,30,,1154523,20,0,9 10,1
6101,'4',555,,1154531,20,,,1,70,,983037,20,0,9 10,1,30,,1154544,20,,,1,70,,1154530,20,0,9 10,1,30,,1154560,20,,,1,70,,1154548,20,0,9 10,1,30,,1154562,6,,,1,71,,1154558,6,,,1,30,,1154540,6,,,1,69,,1074233,6,,,1,30,,1154556,6,,,1,70,,1154549,6,,,1,30,,1021707,6,,,1,70,,1154525,6,,,1,30,,1154537,6,,,1,70,,1154534,6,,,1,30,,1154542,6,,,1,70,,1154552,6,,,1,30,,1154535,6,,,1,70,,1154550,6,,,1,30,,1154538,6,,,1,70,,1154528,6,,,1,30,,1154532,6,,,1,70,,1154526,6,,,1,30,,1154547,6,,,1,70,,1154554,6,,,1,30,,1154527,6,,,1,70,,1154551,6,,,1,30,,1154557,6,0,9 10,1,70,,1154553,6,,,1,30,,1154539,6,0,9 10,1,70,,1154524,6,,,1,30,,1154543,6,,,1,70,,1154541,6,0,9 10,1,30,,1154536,6,,,1,70,,1154545,6,0,9 10,1,30,,1154559,6,0,9 10,1,70,,1154533,20,0,9 10,1,30,,1154546,20,0,9 10,1,70,,1154561,20,0,9 10,1,30,,1154555,20,0,9 10,1,66,,1154529,20,0,9 10,1,30,,1154563,20,0,9 10,1
6101,'5',441,,1092831,24,0,9 10,1,71,,1154574,24,0,9 10,1,34,,1154586,10,,,1,71,,1154589,10,,,1,24,,1154565,9,,,1,65,,1154611,5,,,1,32,,1154598,5,,,1,70,,935904,5,,,1,30,,1154570,5,,,1,72,,1154569,5,,,1,27,,1154593,5,,,1,71,,1065773,5,,,1,29,,1154584,5,,,1,70,,1154609,5,,,1,30,,1006223,5,,,1,70,,1083558,5,,,1,31,,1154568,5,,,1,70,,1154600,5,,,1,30,,1154594,5,,,1,16,,1154577,5,0,9 10,1,53,,972973,5,,,1,17,,1154573,5,0,9 10,1,15,,1154567,5,,,1,16,,1154582,5,0,9 10,1,55,,1154578,5,,,1,15,,1154571,5,0,9 10,1,14,,1154579,5,,,1,17,,1154610,5,0,9 10,1,55,,1154597,5,,,1,15,,1154572,5,0,9 10,1,16,,1154591,5,,,1,14,,1154583,5,0,9 10,1,56,,1154599,5,,,1,14,,1154607,5,0,9 10,1,15,,1154575,5,,,1,16,,1154576,5,,,1,56,,1154592,5,,,1,12,,1088080,5,,,1,16,,1154595,5,,,1,66,,1154588,5,,,1,30,,1154581,5,,,1,70,,1154580,5,,,1,30,,1154608,5,,,1,70,,1154590,5,,,1,30,,1154605,5,,,1,70,,1154603,5,,,1,35,,1154602,6,,,1,70,,1154604,6,,,1,30,,1154606,6,,,1,70,,1154601,6,0,9 10,1,30,,1154564,6,0,9 10,1,70,,1076271,6,0,9 10,1,30,,1154587,6,0,9 10,1,69,,1154585,20,0,9 10,1,30,,1154596,20,0,9 10,1,70,,1154566,20,0,9 10,1
6101,'6',441,,1154623,24,0,9 10,1,71,,1027029,24,0,9 10,1,34,,1154612,10,,,1,71,,1154616,10,,,1,24,,1154650,9,,,1,65,,1154645,5,,,1,32,,1067058,5,,,1,70,,1071039,5,,,1,30,,1068504,5,,,1,72,,1154615,5,,,1,27,,1007830,5,,,1,71,,1154617,5,,,1,29,,1011885,5,,,1,70,,1154622,5,,,1,30,,1154652,5,,,1,70,,1154630,5,,,1,31,,1154649,5,,,1,70,,1154651,5,,,1,30,,1154613,5,,,1,16,,1154626,5,0,9 10,1,53,,1154614,5,,,1,17,,1154635,5,0,9 10,1,15,,1154633,5,,,1,16,,1154648,5,0,9 10,1,55,,1154637,5,,,1,15,,1154646,5,0,9 10,1,14,,1154625,5,,,1,17,,908400,5,0,9 10,1,55,,1154636,5,,,1,15,,1154631,5,0,9 10,1,16,,1154639,5,,,1,14,,1154632,5,0,9 10,1,56,,1154640,5,,,1,14,,1082825,5,0,9 10,1,15,,1059057,5,,,1,16,,1154642,5,,,1,56,,1154629,5,,,1,12,,1154638,5,,,1,16,,1154621,5,,,1,66,,1154628,5,,,1,30,,1154647,5,,,1,70,,1154624,5,,,1,30,,1154644,5,,,1,70,,1154627,5,,,1,30,,1154643,5,,,1,70,,1154618,5,,,1,35,,941523,6,,,1,70,,1154634,6,,,1,30,,1062733,6,,,1,70,,1033215,6,0,9 10,1,30,,1086772,6,0,9 10,1,70,,1154620,6,0,9 10,1,30,,1154619,6,0,9 10,1,69,,1078824,20,0,9 10,1,30,,1063244,20,0,9 10,1,70,,1154641,20,0,9 10,1
6101,'7',542,,1154674,20,0,9 10,1,70,,1154660,20,,,1,30,,1154682,20,,,1,70,,1154670,6,,,1,30,,1154675,6,,,1,69,,1154679,6,,,1,30,,1154692,6,,,1,70,,1154667,6,,,1,30,,1154690,6,,,1,69,,1154696,6,,,1,30,,1154680,6,,,1,70,,1154665,6,,,1,30,,1154687,6,,,1,70,,1154657,6,,,1,30,,1154684,6,,,1,70,,1154681,6,,,1,30,,1154663,6,,,1,70,,1154659,6,,,1,30,,1154694,6,,,1,70,,1154685,6,,,1,30,,1154654,6,,,1,70,,1154671,6,,,1,30,,1154693,6,,,1,70,,1154678,6,,,1,30,,1154658,6,,,1,70,,1154691,6,0,9 10,1,30,,1154664,6,,,1,70,,1154656,6,0,9 10,1,30,,1154688,6,,,1,70,,1154672,6,,,1,30,,1154689,6,,,1,70,,1154662,6,,,1,30,,1154668,6,,,1,70,,1154669,6,,,1,30,,1154695,6,,,1,70,,1154673,6,,,1,30,,1154653,6,,,1,70,,1154683,6,0,9 10,1,30,,1154676,6,0,9 10,1,70,,1154686,6,0,9 10,1,30,,1154661,6,0,9 10,1,81,,1154666,6,0,9 10,1,30,,1154655,6,0,9 10,1,70,,1154677,20,0,9 10,1
6101,'8',441,,1154717,24,0,9 10,1,71,,1154708,24,0,9 10,1,34,,1154697,10,,,1,71,,1154702,10,,,1,24,,1154750,9,,,1,65,,1154739,5,,,1,32,,1154705,5,,,1,70,,1154706,5,,,1,30,,1154748,5,,,1,72,,1154701,5,,,1,27,,1154704,5,,,1,71,,1154711,5,,,1,29,,1154747,5,,,1,70,,1154716,5,,,1,30,,1154752,5,,,1,70,,1154724,5,,,1,31,,1154749,5,,,1,70,,1154751,5,,,1,30,,1154698,5,,,1,16,,1154720,5,0,9 10,1,53,,1154699,5,,,1,17,,1154729,5,0,9 10,1,15,,1154727,5,,,1,16,,1154744,5,0,9 10,1,55,,1154731,5,,,1,15,,1154742,5,0,9 10,1,14,,1154719,5,,,1,17,,1154740,5,0,9 10,1,55,,1154730,5,,,1,15,,1154725,5,0,9 10,1,16,,1154733,5,,,1,14,,1154726,5,0,9 10,1,56,,1154734,5,,,1,14,,1154707,5,0,9 10,1,15,,1154710,5,,,1,16,,1154736,5,,,1,56,,1154723,5,,,1,12,,1154732,5,,,1,16,,1154715,5,,,1,66,,1154722,5,,,1,30,,1154743,5,,,1,70,,1154718,5,,,1,30,,1154738,5,,,1,70,,1154721,5,,,1,30,,1154737,5,,,1,70,,1154712,5,,,1,35,,1154746,6,,,1,70,,1154728,6,,,1,30,,1154745,6,,,1,70,,1154741,6,0,9 10,1,30,,1154709,6,0,9 10,1,70,,1154714,6,0,9 10,1,30,,1154713,6,0,9 10,1,69,,1154703,20,0,9 10,1,30,,1154700,20,0,9 10,1,70,,1154735,20,0,9 10,1
6101,'9',441,,1092678,24,0,9 10,1,71,,1154763,24,0,9 10,1,34,,1154775,10,,,1,71,,1154778,10,,,1,24,,1154754,9,,,1,65,,1154800,5,,,1,32,,1154787,5,,,1,70,,935851,5,,,1,30,,1154759,5,,,1,72,,1154758,5,,,1,27,,1154782,5,,,1,71,,1065666,5,,,1,29,,1154773,5,,,1,70,,1154798,5,,,1,30,,1006420,5,,,1,70,,1083429,5,,,1,31,,1154757,5,,,1,70,,1154789,5,,,1,30,,1154783,5,,,1,16,,1154766,5,0,9 10,1,53,,972905,5,,,1,17,,1154762,5,0,9 10,1,15,,1154756,5,,,1,16,,1154771,5,0,9 10,1,55,,1154767,5,,,1,15,,1154760,5,0,9 10,1,14,,1154768,5,,,1,17,,1154799,5,0,9 10,1,55,,1154786,5,,,1,15,,1154761,5,0,9 10,1,16,,1154780,5,,,1,14,,1154772,5,0,9 10,1,56,,1154788,5,,,1,14,,1154796,5,0,9 10,1,15,,1154764,5,,,1,16,,1154765,5,,,1,56,,1154781,5,,,1,12,,1087863,5,,,1,16,,1154784,5,,,1,66,,1154777,5,,,1,30,,1154770,5,,,1,70,,1154769,5,,,1,30,,1154797,5,,,1,70,,1154779,5,,,1,30,,1154794,5,,,1,70,,1154792,5,,,1,35,,1154791,6,,,1,70,,1154793,6,,,1,30,,1154795,6,,,1,70,,1154790,6,0,9 10,1,30,,1154753,6,0,9 10,1,70,,1076160,6,0,9 10,1,30,,1154776,6,0,9 10,1,69,,1154774,20,0,9 10,1,30,,1154785,20,0,9 10,1,70,,1154755,20,0,9 10,1
6200,'1',726,,1154806,44,,,1,74,,1154830,44,,,1,30,,1154831,44,,,1,70,,1154823,44,,,1,28,,1154824,44,,,1,30,,1154815,44,,,1,66,,1154818,44,,,1,30,,1154809,44,,,1,71,,942785,44,,,1,30,,1154807,44,,,1,70,,1154802,44,,,1,25,,1154810,43,,,1,75,,1154819,43,,,1,30,,1154812,43,,,1,70,,1154826,43,,,1,32,,1154820,43,,,1,71,,1154803,43,,,1,72,,1154816,43,,,1,30,,1154801,43,,,1,73,,1154821,43,,,1,32,,1154808,43,,,1,70,,1154811,43,,,1,28,,1067388,43,,,1,70,,1154817,43,,,1,22,,1154804,43,,,1,28,,1081684,43,,,1,70,,1154827,43,,,1,32,,1154814,44,,,1,70,,1064689,44,,,1,30,,1154813,44,,,1,63,,1094132,44,,,1,30,,1154828,44,,,1,70,,1154822,44,,,1,26,,1154805,44,,,1,71,,1154825,44,,,1,28,,1154829,44,,,1
6200,'10',726,,1154837,44,,,1,74,,1154861,44,,,1,30,,1154862,44,,,1,70,,1154854,44,,,1,28,,1154855,44,,,1,30,,1154846,44,,,1,66,,1154849,44,,,1,30,,1154840,44,,,1,71,,942422,44,,,1,30,,1154838,44,,,1,70,,1154833,44,,,1,25,,1154841,43,,,1,75,,1154850,43,,,1,30,,1154843,43,,,1,70,,1154857,43,,,1,32,,1154851,43,,,1,71,,1154834,43,,,1,72,,1154847,43,,,1,30,,1154832,43,,,1,73,,1154852,43,,,1,32,,1154839,43,,,1,70,,1154842,43,,,1,28,,1067096,43,,,1,70,,1154848,43,,,1,22,,1154835,43,,,1,28,,1081492,43,,,1,70,,1154858,43,,,1,32,,1154845,44,,,1,70,,1064540,44,,,1,30,,1154844,44,,,1,63,,1093912,44,,,1,30,,1154859,44,,,1,70,,1154853,44,,,1,26,,1154836,44,,,1,71,,1154856,44,,,1,28,,1154860,44,,,1
6200,'11',726,,1154868,44,,,1,74,,1154892,44,,,1,30,,1154893,44,,,1,70,,1154885,44,,,1,28,,1154886,44,,,1,30,,1154877,44,,,1,66,,1154880,44,,,1,30,,1154871,44,,,1,71,,942729,44,,,1,30,,1154869,44,,,1,70,,1154864,44,,,1,25,,1154872,43,,,1,75,,1154881,43,,,1,30,,1154874,43,,,1,70,,1154888,43,,,1,32,,1154882,43,,,1,71,,1154865,43,,,1,72,,1154878,43,,,1,30,,1154863,43,,,1,73,,1154883,43,,,1,32,,1154870,43,,,1,70,,1154873,43,,,1,28,,1067470,43,,,1,70,,1154879,43,,,1,22,,1154866,43,,,1,28,,1081741,43,,,1,70,,1154889,43,,,1,32,,1154876,44,,,1,70,,1064736,44,,,1,30,,1154875,44,,,1,63,,1094195,44,,,1,30,,1154890,44,,,1,70,,1154884,44,,,1,26,,1154867,44,,,1,71,,1154887,44,,,1,28,,1154891,44,,,1
6200,'12',726,,1154920,44,,,1,74,,1154895,44,,,1,30,,1063545,44,,,1,70,,1154924,44,,,1,28,,1154910,44,,,1,30,,1154917,44,,,1,66,,1154898,44,,,1,30,,1154916,44,,,1,71,,1154909,44,,,1,30,,1154900,44,,,1,70,,1154899,44,,,1,25,,1154896,43,,,1,75,,950031,43,,,1,30,,1154919,43,,,1,70,,1154923,43,,,1,32,,1154905,43,,,1,71,,1154902,43,,,1,72,,1154915,43,,,1,30,,1154911,43,,,1,73,,1024617,43,,,1,32,,1154894,43,,,1,70,,1154908,43,,,1,28,,1154921,43,,,1,70,,1154914,43,,,1,22,,1062042,43,,,1,28,,1154906,43,,,1,70,,1154904,43,,,1,32,,1154918,44,,,1,70,,1154901,44,,,1,30,,1154903,44,,,1,63,,1154925,44,,,1,30,,1154913,44,,,1,70,,1154912,44,,,1,26,,1154922,44,,,1,71,,1154897,44,,,1,28,,1154907,44,,,1
6200,'13',750,,1154945,47,,,1,70,,1089104,47,,,1,32,,1154949,47,,,1,70,,1154955,47,,,1,30,,1154931,47,,,1,70,,1154943,47,,,1,30,,1154953,47,,,1,70,,1154937,47,,,1,30,,1154939,47,,,1,70,,1154948,47,,,1,31,,1154930,47,,,1,70,,1154934,47,,,1,30,,1154933,47,,,1,70,,1077218,47,,,1,30,,1154942,47,,,1,70,,1154927,47,,,1,30,,1154941,47,,,1,70,,1154950,47,,,1,30,,1154928,47,,,1,70,,1154936,47,,,1,30,,1154940,47,,,1,70,,1154932,47,,,1,29,,1154944,47,,,1,70,,1154947,47,,,1,30,,1154946,47,,,1,70,,1154951,47,,,1,30,,1154929,47,,,1,70,,1154938,47,,,1,27,,1154954,47,,,1,70,,1154926,47,,,1,30,,1154935,47,,,1,70,,1154952,47,,,1
6200,'14',726,,1154963,44,,,1,74,,1154989,44,,,1,30,,1154991,44,,,1,70,,1154982,44,,,1,28,,1154983,44,,,1,30,,1154973,44,,,1,66,,1154976,44,,,1,30,,1154966,44,,,1,71,,1154979,44,,,1,30,,1154964,44,,,1,70,,1154959,44,,,1,25,,1154967,43,,,1,75,,1154977,43,,,1,30,,1154969,43,,,1,70,,1154985,43,,,1,32,,1154978,43,,,1,71,,1154960,43,,,1,72,,1154974,43,,,1,30,,1154956,43,,,1,73,,1154980,43,,,1,32,,1154965,43,,,1,70,,1154968,43,,,1,28,,1154958,43,,,1,70,,1154975,43,,,1,22,,1154961,43,,,1,28,,1154990,43,,,1,70,,1154986,43,,,1,32,,1154971,44,,,1,70,,1154972,44,,,1,30,,1154970,44,,,1,63,,1154957,44,,,1,30,,1154987,44,,,1,70,,1154981,44,,,1,26,,1154962,44,,,1,71,,1154984,44,,,1,28,,1154988,44,,,1
6200,'15',726,,1155015,44,,,1,74,,1155001,44,,,1,30,,1155014,44,,,1,70,,1155006,44,,,1,28,,1155007,44,,,1,30,,1155026,44,,,1,66,,1154997,44,,,1,30,,1155021,44,,,1,71,,1154999,44,,,1,30,,1155009,44,,,1,70,,1155008,44,,,1,25,,1154994,43,,,1,75,,1155024,43,,,1,30,,1155017,43,,,1,70,,1155027,43,,,1,32,,1154996,43,,,1,71,,1154992,43,,,1,72,,1155025,43,,,1,30,,1155016,43,,,1,73,,1155005,43,,,1,32,,1154995,43,,,1,70,,1155012,43,,,1,28,,1155023,43,,,1,70,,1155022,43,,,1,22,,1154993,43,,,1,28,,1155019,43,,,1,70,,1155003,43,,,1,32,,1155002,44,,,1,70,,1154998,44,,,1,30,,1155018,44,,,1,63,,1155000,44,,,1,30,,1155010,44,,,1,70,,1155011,44,,,1,26,,1155013,44,,,1,71,,1155020,44,,,1,28,,1155004,44,,,1
6200,'16',726,,1155055,44,,,1,74,,1155029,44,,,1,30,,1155058,44,,,1,70,,1155059,44,,,1,28,,1155045,44,,,1,30,,1155052,44,,,1,66,,1155034,44,,,1,30,,1155051,44,,,1,71,,1155044,44,,,1,30,,1155036,44,,,1,70,,1155035,44,,,1,25,,1155032,43,,,1,75,,1155060,43,,,1,30,,1155054,43,,,1,70,,1070984,43,,,1,32,,1155041,43,,,1,71,,1155038,43,,,1,72,,1155050,43,,,1,30,,1155046,43,,,1,73,,1155031,43,,,1,32,,1155028,43,,,1,70,,1155043,43,,,1,28,,1155056,43,,,1,70,,1155049,43,,,1,22,,1155030,43,,,1,28,,1062168,43,,,1,70,,1155040,43,,,1,32,,1155053,44,,,1,70,,1155037,44,,,1,30,,1155039,44,,,1,63,,1077993,44,,,1,30,,1155048,44,,,1,70,,1155047,44,,,1,26,,1155057,44,,,1,71,,1155033,44,,,1,28,,1155042,44,,,1
6200,'17',750,,1155082,47,,,1,70,,1155069,47,,,1,32,,1155086,47,,,1,70,,1155092,47,,,1,30,,1155067,47,,,1,70,,1155080,47,,,1,30,,1155090,47,,,1,70,,1155074,47,,,1,30,,1155076,47,,,1,70,,1155085,47,,,1,31,,1155065,47,,,1,70,,1155071,47,,,1,30,,1155070,47,,,1,70,,1155066,47,,,1,30,,1155079,47,,,1,70,,1155062,47,,,1,30,,1155078,47,,,1,70,,1155087,47,,,1,30,,1155063,47,,,1,70,,1155073,47,,,1,30,,1155077,47,,,1,70,,1155068,47,,,1,29,,1155081,47,,,1,70,,1155084,47,,,1,30,,1155083,47,,,1,70,,1155088,47,,,1,30,,1155064,47,,,1,70,,1155075,47,,,1,27,,1155091,47,,,1,70,,1155061,47,,,1,30,,1155072,47,,,1,70,,1155089,47,,,1
6200,'2',655,,1155094,47,,,1,76,,1155120,47,,,1,70,,1155119,47,,,1,30,,1155114,47,,,1,70,,1155096,47,,,1,30,,1155108,47,,,1,71,,1155095,47,,,1,30,,1155099,47,,,1,71,,1155097,47,,,1,30,,1155107,47,,,1,70,,1155105,47,,,1,30,,1155115,47,,,1,72,,1087065,47,,,1,30,,1155109,47,,,1,70,,1097267,47,,,1,30,,1155098,47,,,1,70,,1155104,47,,,1,30,,1155118,47,,,1,70,,1072230,47,,,1,30,,1155106,47,,,1,69,,1155093,47,,,1,30,,1155101,47,,,1,70,,1155100,47,,,1,30,,1155116,47,,,1,68,,1155121,47,,,1,30,,1155103,47,,,1,70,,1155113,47,,,1,30,,1155112,47,,,1,70,,1155122,47,,,1,30,,1155111,47,,,1,27,,1155110,47,,,1,70,,1155117,47,,,1,30,,1155102,47,,,1
6200,'3',750,,1155144,47,,,1,70,,1155131,47,,,1,32,,1155148,47,,,1,70,,1155154,47,,,1,30,,1155129,47,,,1,70,,1155142,47,,,1,30,,1155152,47,,,1,70,,1155136,47,,,1,30,,1155138,47,,,1,70,,1155147,47,,,1,31,,1155127,47,,,1,70,,1155133,47,,,1,30,,1155132,47,,,1,70,,1155128,47,,,1,30,,1155141,47,,,1,70,,1155124,47,,,1,30,,1155140,47,,,1,70,,1155149,47,,,1,30,,1155125,47,,,1,70,,1155135,47,,,1,30,,1155139,47,,,1,70,,1155130,47,,,1,29,,1155143,47,,,1,70,,1155146,47,,,1,30,,1155145,47,,,1,70,,1155150,47,,,1,30,,1155126,47,,,1,70,,1155137,47,,,1,27,,1155153,47,,,1,70,,1155123,47,,,1,30,,1155134,47,,,1,70,,1155151,47,,,1
6200,'4',750,,1155179,47,,,1,70,,1155171,47,,,1,32,,1155158,47,,,1,70,,1155159,47,,,1,30,,1155165,47,,,1,70,,1155178,47,,,1,30,,1155167,47,,,1,70,,1155169,47,,,1,30,,1155161,47,,,1,70,,1155174,47,,,1,31,,1155164,47,,,1,70,,1155175,47,,,1,30,,1155168,47,,,1,70,,1155155,47,,,1,30,,1155176,47,,,1,70,,1155162,47,,,1,30,,1155181,47,,,1,70,,1155166,47,,,1,30,,1155183,47,,,1,70,,1155157,47,,,1,30,,1155156,47,,,1,70,,1155177,47,,,1,29,,1155160,47,,,1,70,,1048354,47,,,1,30,,1155185,47,,,1,70,,1155170,47,,,1,30,,1155173,47,,,1,70,,1155163,47,,,1,27,,1155172,47,,,1,70,,1155182,47,,,1,30,,1155180,47,,,1,70,,1155184,47,,,1
6200,'5',726,,1155191,44,,,1,74,,1155215,44,,,1,30,,1155216,44,,,1,70,,1155208,44,,,1,28,,1155209,44,,,1,30,,1155200,44,,,1,66,,1155203,44,,,1,30,,1155194,44,,,1,71,,942957,44,,,1,30,,1155192,44,,,1,70,,1155187,44,,,1,25,,1155195,43,,,1,75,,1155204,43,,,1,30,,1155197,43,,,1,70,,1155211,43,,,1,32,,1155205,43,,,1,71,,1155188,43,,,1,72,,1155201,43,,,1,30,,1155186,43,,,1,73,,1155206,43,,,1,32,,1155193,43,,,1,70,,1155196,43,,,1,28,,1067347,43,,,1,70,,1155202,43,,,1,22,,1155189,43,,,1,28,,1081651,43,,,1,70,,1155212,43,,,1,32,,1155199,44,,,1,70,,1064668,44,,,1,30,,1155198,44,,,1,63,,1094093,44,,,1,30,,1155213,44,,,1,70,,1155207,44,,,1,26,,1155190,44,,,1,71,,1155210,44,,,1,28,,1155214,44,,,1
6200,'6',726,,1155241,44,,,1,74,,1068473,44,,,1,30,,1155244,44,,,1,70,,1072693,44,,,1,28,,1155231,44,,,1,30,,1155238,44,,,1,66,,1155220,44,,,1,30,,1155237,44,,,1,71,,1155230,44,,,1,30,,1155222,44,,,1,70,,1155221,44,,,1,25,,961127,43,,,1,75,,1155247,43,,,1,30,,1155240,43,,,1,70,,1155245,43,,,1,32,,1155227,43,,,1,71,,1155224,43,,,1,72,,1155236,43,,,1,30,,1155232,43,,,1,73,,1155218,43,,,1,32,,1076386,43,,,1,70,,1155229,43,,,1,28,,1155242,43,,,1,70,,1155235,43,,,1,22,,1155217,43,,,1,28,,1155228,43,,,1,70,,1155226,43,,,1,32,,1155239,44,,,1,70,,1155223,44,,,1,30,,1155225,44,,,1,63,,1155246,44,,,1,30,,1155234,44,,,1,70,,1155233,44,,,1,26,,1155243,44,,,1,71,,1155219,44,,,1,28,,1101239,44,,,1
6200,'7',655,,1155254,47,,,1,76,,1155265,47,,,1,70,,1155264,47,,,1,30,,1155266,47,,,1,70,,1155248,47,,,1,30,,1155258,47,,,1,71,,1155257,47,,,1,30,,1155267,47,,,1,71,,1155252,47,,,1,30,,1155274,47,,,1,70,,1155270,47,,,1,30,,1155256,47,,,1,72,,1155272,47,,,1,30,,1155277,47,,,1,70,,1155262,47,,,1,30,,1155279,47,,,1,70,,1155259,47,,,1,30,,1155249,47,,,1,70,,1155250,47,,,1,30,,1155268,47,,,1,69,,1155280,47,,,1,30,,1155255,47,,,1,70,,1155273,47,,,1,30,,1155251,47,,,1,68,,1155278,47,,,1,30,,1155263,47,,,1,70,,1155276,47,,,1,30,,1155261,47,,,1,70,,1155275,47,,,1,30,,1155260,47,,,1,27,,1155269,47,,,1,70,,1155271,47,,,1,30,,1155253,47,,,1
6200,'8',726,,1155309,44,,,1,74,,1155282,44,,,1,30,,1155312,44,,,1,70,,1155314,44,,,1,28,,1155299,44,,,1,30,,1155306,44,,,1,66,,1155287,44,,,1,30,,1155305,44,,,1,71,,1155298,44,,,1,30,,1155289,44,,,1,70,,1155288,44,,,1,25,,1155285,43,,,1,75,,1155316,43,,,1,30,,1155308,43,,,1,70,,1155313,43,,,1,32,,1155294,43,,,1,71,,1155291,43,,,1,72,,1155304,43,,,1,30,,1155300,43,,,1,73,,1155284,43,,,1,32,,1155281,43,,,1,70,,1155297,43,,,1,28,,1155310,43,,,1,70,,1155303,43,,,1,22,,1155283,43,,,1,28,,1155295,43,,,1,70,,1155293,43,,,1,32,,1155307,44,,,1,70,,1155290,44,,,1,30,,1155292,44,,,1,63,,1155315,44,,,1,30,,1155302,44,,,1,70,,1155301,44,,,1,26,,1155311,44,,,1,71,,1155286,44,,,1,28,,1155296,44,,,1
6200,'9',726,,1155322,44,,,1,74,,1155346,44,,,1,30,,1155347,44,,,1,70,,1155339,44,,,1,28,,1155340,44,,,1,30,,1155331,44,,,1,66,,1155334,44,,,1,30,,1155325,44,,,1,71,,942901,44,,,1,30,,1155323,44,,,1,70,,1155318,44,,,1,25,,1155326,43,,,1,75,,1155335,43,,,1,30,,1155328,43,,,1,70,,1155342,43,,,1,32,,1155336,43,,,1,71,,1155319,43,,,1,72,,1155332,43,,,1,30,,1155317,43,,,1,73,,1155337,43,,,1,32,,1155324,43,,,1,70,,1155327,43,,,1,28,,1067188,43,,,1,70,,1155333,43,,,1,22,,1155320,43,,,1,28,,1081549,43,,,1,70,,1155343,43,,,1,32,,1155330,44,,,1,70,,1064587,44,,,1,30,,1155329,44,,,1,63,,1093982,44,,,1,30,,1155344,44,,,1,70,,1155338,44,,,1,26,,1155321,44,,,1,71,,1155341,44,,,1,28,,1155345,44,,,1
6201,'1',546,,1155363,7,,,1,68,,1155371,7,,,1,26,,1155364,6,,,1,70,,938243,6,,,1,30,,1155358,6,,,1,72,,1155350,6,,,1,28,,1155356,6,,,1,70,,1155359,6,,,1,30,,1155366,6,,,1,70,,1155353,6,,,1,30,,1155373,6,,,1,70,,1155377,6,,,1,25,,1155375,6,,,1,70,,1155374,6,,,1,30,,1074978,6,,,1,71,,1155379,6,,,1,30,,1155368,6,,,1,70,,1155376,6,,,1,30,,1155378,6,,,1,68,,1155365,6,,,1,30,,1155370,6,,,1,71,,1155352,6,,,1,29,,1064916,6,,,1,70,,944323,6,,,1,30,,1090886,6,,,1,70,,1155372,6,,,1,30,,1155369,6,,,1,70,,1155349,6,,,1,35,,1155348,6,,,1,70,,1155361,6,,,1,30,,1155351,6,,,1,70,,1155357,6,,,1,30,,962785,6,,,1,70,,1155355,6,,,1,36,,1155354,7,,,1,71,,1155367,7,,,1,30,,1155362,7,,,1,75,,1155360,7,,,1
6201,'10',546,,1155395,7,,,1,68,,1155403,7,,,1,26,,1155396,6,,,1,70,,937875,6,,,1,30,,1155390,6,,,1,72,,1155382,6,,,1,28,,1155388,6,,,1,70,,1155391,6,,,1,30,,1155398,6,,,1,70,,1155385,6,,,1,30,,1155405,6,,,1,70,,1155409,6,,,1,25,,1155407,6,,,1,70,,1155406,6,,,1,30,,1074606,6,,,1,71,,1155411,6,,,1,30,,1155400,6,,,1,70,,1155408,6,,,1,30,,1155410,6,,,1,68,,1155397,6,,,1,30,,1155402,6,,,1,71,,1155384,6,,,1,29,,1064781,6,,,1,70,,944058,6,,,1,30,,1090645,6,,,1,70,,1155404,6,,,1,30,,1155401,6,,,1,70,,1155381,6,,,1,35,,1155380,6,,,1,70,,1155393,6,,,1,30,,1155383,6,,,1,70,,1155389,6,,,1,30,,962549,6,,,1,70,,1155387,6,,,1,36,,1155386,7,,,1,71,,1155399,7,,,1,30,,1155394,7,,,1,75,,1155392,7,,,1
6201,'11',546,,1155427,7,,,1,68,,1155435,7,,,1,26,,1155428,6,,,1,70,,938197,6,,,1,30,,1155422,6,,,1,72,,1155414,6,,,1,28,,1155420,6,,,1,70,,1155423,6,,,1,30,,1155430,6,,,1,70,,1155417,6,,,1,30,,1155437,6,,,1,70,,1155441,6,,,1,25,,1155439,6,,,1,70,,1155438,6,,,1,30,,1075084,6,,,1,71,,1155443,6,,,1,30,,1155432,6,,,1,70,,1155440,6,,,1,30,,1155442,6,,,1,68,,1155429,6,,,1,30,,1155434,6,,,1,71,,1155416,6,,,1,29,,1064961,6,,,1,70,,944275,6,,,1,30,,1090957,6,,,1,70,,1155436,6,,,1,30,,1155433,6,,,1,70,,1155413,6,,,1,35,,1155412,6,,,1,70,,1155425,6,,,1,30,,1155415,6,,,1,70,,1155421,6,,,1,30,,962743,6,,,1,70,,1155419,6,,,1,36,,1155418,7,,,1,71,,1155431,7,,,1,30,,1155426,7,,,1,75,,1155424,7,,,1
6201,'12',546,,1155463,7,,,1,68,,1155458,7,,,1,26,,1155452,6,,,1,70,,1155456,6,,,1,30,,1155450,6,,,1,72,,1155448,6,,,1,28,,1155462,6,,,1,70,,1155465,6,,,1,30,,1155472,6,,,1,70,,1155445,6,,,1,30,,1155453,6,,,1,70,,1155469,6,,,1,25,,1155457,6,,,1,70,,1155471,6,,,1,30,,1155474,6,,,1,71,,1155473,6,,,1,30,,1084985,6,,,1,70,,1155444,6,,,1,30,,1155446,6,,,1,68,,1155447,6,,,1,30,,1155467,6,,,1,71,,1155459,6,,,1,29,,1155455,6,,,1,70,,1016321,6,,,1,30,,997690,6,,,1,70,,1155476,6,,,1,30,,1155475,6,,,1,70,,1155470,6,,,1,35,,1155466,6,,,1,70,,1155449,6,,,1,30,,1072315,6,,,1,70,,1155461,6,,,1,30,,1155460,6,,,1,70,,1155468,6,,,1,36,,1155454,7,,,1,71,,1155451,7,,,1,30,,1073800,7,,,1,75,,1155464,7,,,1
6201,'13',809,,1155480,7,,,1,31,,1155479,7,,,1,70,,1155494,7,,,1,30,,1155498,7,,,1,70,,1155504,7,,,1,30,,1083097,7,,,1,70,,1155500,7,,,1,30,,1155497,7,,,1,70,,1155492,7,,,1,30,,1155505,7,,,1,70,,1155489,7,,,1,30,,1155502,7,,,1,70,,1155484,7,,,1,30,,1155486,7,,,1,70,,1155485,7,,,1,30,,1155503,7,,,1,70,,1155488,7,,,1,30,,1155496,7,,,1,70,,1155501,7,,,1,30,,1155495,7,,,1,70,,1155490,7,,,1,30,,1155499,7,,,1,70,,1155493,7,,,1,30,,1155491,7,,,1,70,,1155487,7,,,1,29,,1155483,7,,,1,70,,1155481,7,,,1,30,,1155482,7,,,1,70,,1155477,7,,,1,30,,1155478,7,,,1
6201,'14',546,,1155522,7,,,1,68,,1155530,7,,,1,26,,1155523,6,,,1,70,,1155543,6,,,1,30,,1155517,6,,,1,72,,1155509,6,,,1,28,,1155515,6,,,1,70,,1155518,6,,,1,30,,1155525,6,,,1,70,,1155512,6,,,1,30,,1155532,6,,,1,70,,1155536,6,,,1,25,,1155534,6,,,1,70,,1155533,6,,,1,30,,1155506,6,,,1,71,,1155542,6,,,1,30,,1155527,6,,,1,70,,1155535,6,,,1,30,,1155540,6,,,1,68,,1155524,6,,,1,30,,1155529,6,,,1,71,,1155511,6,,,1,29,,1155539,6,,,1,70,,1155537,6,,,1,30,,1155541,6,,,1,70,,1155531,6,,,1,30,,1155528,6,,,1,70,,1155508,6,,,1,35,,1155507,6,,,1,70,,1155520,6,,,1,30,,1155510,6,,,1,70,,1155516,6,,,1,30,,1155538,6,,,1,70,,1155514,6,,,1,36,,1155513,7,,,1,71,,1155526,7,,,1,30,,1155521,7,,,1,75,,1155519,7,,,1
6201,'15',546,,1155554,7,,,1,68,,1155577,7,,,1,26,,1155560,6,,,1,70,,1155544,6,,,1,30,,1155561,6,,,1,72,,1155555,6,,,1,28,,1155567,6,,,1,70,,1155548,6,,,1,30,,1155565,6,,,1,70,,1155557,6,,,1,30,,1155574,6,,,1,70,,1155558,6,,,1,25,,1155552,6,,,1,70,,1155569,6,,,1,30,,1155559,6,,,1,71,,1155547,6,,,1,30,,1155553,6,,,1,70,,1155568,6,,,1,30,,1155550,6,,,1,68,,1155549,6,,,1,30,,1155579,6,,,1,71,,1155571,6,,,1,29,,1155578,6,,,1,70,,1155556,6,,,1,30,,1155580,6,,,1,70,,1155576,6,,,1,30,,1155546,6,,,1,70,,1155563,6,,,1,35,,1155575,6,,,1,70,,1155572,6,,,1,30,,1155566,6,,,1,70,,1155581,6,,,1,30,,1155564,6,,,1,70,,1155562,6,,,1,36,,1155545,7,,,1,71,,1155573,7,,,1,30,,1155570,7,,,1,75,,1155551,7,,,1
6201,'16',546,,1155601,7,,,1,68,,1155596,7,,,1,26,,1155590,6,,,1,70,,1155594,6,,,1,30,,1085626,6,,,1,72,,1155588,6,,,1,28,,1155600,6,,,1,70,,1070339,6,,,1,30,,1155608,6,,,1,70,,953204,6,,,1,30,,1155591,6,,,1,70,,1155605,6,,,1,25,,1155595,6,,,1,70,,1155607,6,,,1,30,,1155610,6,,,1,71,,1155609,6,,,1,30,,1155582,6,,,1,70,,1155583,6,,,1,30,,1155584,6,,,1,68,,1155587,6,,,1,30,,1155604,6,,,1,71,,1155597,6,,,1,29,,1155593,6,,,1,70,,1155613,6,,,1,30,,1155586,6,,,1,70,,1155611,6,,,1,30,,1061785,6,,,1,70,,1155606,6,,,1,35,,1155603,6,,,1,70,,1155589,6,,,1,30,,1155612,6,,,1,70,,1155599,6,,,1,30,,1155598,6,,,1,70,,1066191,6,,,1,36,,1155592,7,,,1,71,,1061776,7,,,1,30,,1155585,7,,,1,75,,1155602,7,,,1
6201,'17',809,,1155617,7,,,1,31,,1155616,7,,,1,70,,1155631,7,,,1,30,,1155635,7,,,1,70,,1155641,7,,,1,30,,1155643,7,,,1,70,,1155637,7,,,1,30,,1155634,7,,,1,70,,1155629,7,,,1,30,,1155642,7,,,1,70,,1155626,7,,,1,30,,1155639,7,,,1,70,,1155621,7,,,1,30,,1155623,7,,,1,70,,1155622,7,,,1,30,,1155640,7,,,1,70,,1155625,7,,,1,30,,1155633,7,,,1,70,,1155638,7,,,1,30,,1155632,7,,,1,70,,1155627,7,,,1,30,,1155636,7,,,1,70,,1155630,7,,,1,30,,1155628,7,,,1,70,,1155624,7,,,1,29,,1155620,7,,,1,70,,1155618,7,,,1,30,,1155619,7,,,1,70,,1155614,7,,,1,30,,1155615,7,,,1
6201,'2',726,,1155658,7,,,1,30,,1155645,7,,,1,70,,1155672,7,,,1,30,,1155660,7,,,1,70,,1068163,7,,,1,30,,1155664,7,,,1,69,,1155670,7,,,1,30,,1155651,7,,,1,70,,1008920,7,,,1,30,,1155644,7,,,1,70,,1155666,7,,,1,30,,1155659,7,,,1,70,,1155673,7,,,1,30,,1155661,7,,,1,70,,1155654,7,,,1,30,,1155650,7,,,1,70,,1155669,7,,,1,30,,1155648,7,,,1,70,,1155655,7,,,1,30,,1155662,7,,,1,70,,1155652,7,,,1,30,,1155665,7,,,1,70,,1155671,7,,,1,30,,1155653,7,,,1,70,,1155663,7,,,1,30,,1155668,7,,,1,69,,1155667,7,,,1,30,,1155657,7,,,1,70,,1155647,7,,,1,30,,1155646,7,,,1,70,,1155649,7,,,1,30,,1155656,7,,,1
6201,'3',809,,1155677,7,,,1,31,,1155676,7,,,1,70,,1155691,7,,,1,30,,1155695,7,,,1,70,,1155701,7,,,1,30,,1155703,7,,,1,70,,1155697,7,,,1,30,,1155694,7,,,1,70,,1155689,7,,,1,30,,1155702,7,,,1,70,,1155686,7,,,1,30,,1155699,7,,,1,70,,1155681,7,,,1,30,,1155683,7,,,1,70,,1155682,7,,,1,30,,1155700,7,,,1,70,,1155685,7,,,1,30,,1155693,7,,,1,70,,1155698,7,,,1,30,,1155692,7,,,1,70,,1155687,7,,,1,30,,1155696,7,,,1,70,,1155690,7,,,1,30,,1155688,7,,,1,70,,1155684,7,,,1,29,,1155680,7,,,1,70,,1155678,7,,,1,30,,1155679,7,,,1,70,,1155674,7,,,1,30,,1155675,7,,,1
6201,'4',809,,1155709,7,,,1,31,,1155730,7,,,1,70,,1155715,7,,,1,30,,1155717,7,,,1,70,,1090786,7,,,1,30,,1155704,7,,,1,70,,1155713,7,,,1,30,,1155728,7,,,1,70,,1155718,7,,,1,30,,1155731,7,,,1,70,,1155714,7,,,1,30,,1155727,7,,,1,70,,1155724,7,,,1,30,,1155725,7,,,1,70,,1155710,7,,,1,30,,1155719,7,,,1,70,,1155716,7,,,1,30,,1155706,7,,,1,70,,1155720,7,,,1,30,,1155722,7,,,1,70,,1155708,7,,,1,30,,1155721,7,,,1,70,,1155726,7,,,1,30,,858542,7,,,1,70,,1155712,7,,,1,29,,1155711,7,,,1,70,,1155707,7,,,1,30,,1155705,7,,,1,70,,1155729,7,,,1,30,,1155723,7,,,1
6201,'5',546,,1155747,7,,,1,68,,1155755,7,,,1,26,,1155748,6,,,1,70,,938399,6,,,1,30,,1155742,6,,,1,72,,1155734,6,,,1,28,,1155740,6,,,1,70,,1155743,6,,,1,30,,1155750,6,,,1,70,,1155737,6,,,1,30,,1155757,6,,,1,70,,1155761,6,,,1,25,,1155759,6,,,1,70,,1155758,6,,,1,30,,1074926,6,,,1,71,,1155763,6,,,1,30,,1155752,6,,,1,70,,1155760,6,,,1,30,,1155762,6,,,1,68,,1155749,6,,,1,30,,1155754,6,,,1,71,,1155736,6,,,1,29,,1064897,6,,,1,70,,944470,6,,,1,30,,1090852,6,,,1,70,,1155756,6,,,1,30,,1155753,6,,,1,70,,1155733,6,,,1,35,,1155732,6,,,1,70,,1155745,6,,,1,30,,1155735,6,,,1,70,,1155741,6,,,1,30,,962911,6,,,1,70,,1155739,6,,,1,36,,1155738,7,,,1,71,,1155751,7,,,1,30,,1155746,7,,,1,75,,1155744,7,,,1
6201,'6',546,,1155782,7,,,1,68,,1155777,7,,,1,26,,1155772,6,,,1,70,,1155775,6,,,1,30,,1155770,6,,,1,72,,1065204,6,,,1,28,,1155781,6,,,1,70,,1155784,6,,,1,30,,1155791,6,,,1,70,,1155766,6,,,1,30,,1155773,6,,,1,70,,1155788,6,,,1,25,,1155776,6,,,1,70,,1155790,6,,,1,30,,1155793,6,,,1,71,,1155792,6,,,1,30,,1155764,6,,,1,70,,1155765,6,,,1,30,,1066623,6,,,1,68,,1094238,6,,,1,30,,1155786,6,,,1,71,,1155778,6,,,1,29,,1155774,6,,,1,70,,1155796,6,,,1,30,,1155768,6,,,1,70,,1055289,6,,,1,30,,1155794,6,,,1,70,,1155789,6,,,1,35,,1155785,6,,,1,70,,1155769,6,,,1,30,,1155795,6,,,1,70,,1155780,6,,,1,30,,1155779,6,,,1,70,,1155787,6,,,1,36,,1049603,7,,,1,71,,1155771,7,,,1,30,,1155767,7,,,1,75,,1155783,7,,,1
6201,'7',726,,1155809,7,,,1,30,,1155802,7,,,1,70,,1155827,7,,,1,30,,1155818,7,,,1,70,,1155806,7,,,1,30,,1155817,7,,,1,69,,1155824,7,,,1,30,,1155803,7,,,1,70,,1155805,7,,,1,30,,1155825,7,,,1,70,,1155812,7,,,1,30,,1155826,7,,,1,70,,1155819,7,,,1,30,,1155801,7,,,1,70,,1155814,7,,,1,30,,1155800,7,,,1,70,,1155822,7,,,1,30,,1155815,7,,,1,70,,1155828,7,,,1,30,,1155820,7,,,1,70,,1155798,7,,,1,30,,1155804,7,,,1,70,,1155813,7,,,1,30,,1155808,7,,,1,70,,1155823,7,,,1,30,,1155816,7,,,1,69,,1155807,7,,,1,30,,1155821,7,,,1,70,,1155799,7,,,1,30,,1155811,7,,,1,70,,1155797,7,,,1,30,,1155810,7,,,1
6201,'8',546,,1155851,7,,,1,68,,1155846,7,,,1,26,,1155840,6,,,1,70,,1155844,6,,,1,30,,1155838,6,,,1,72,,1155836,6,,,1,28,,1155850,6,,,1,70,,1155853,6,,,1,30,,1155860,6,,,1,70,,1155831,6,,,1,30,,1155841,6,,,1,70,,1155857,6,,,1,25,,1155845,6,,,1,70,,1155859,6,,,1,30,,1155862,6,,,1,71,,1155861,6,,,1,30,,1155829,6,,,1,70,,1155830,6,,,1,30,,1155832,6,,,1,68,,1155835,6,,,1,30,,1155855,6,,,1,71,,1155847,6,,,1,29,,1155843,6,,,1,70,,1155866,6,,,1,30,,1155834,6,,,1,70,,1155864,6,,,1,30,,1155863,6,,,1,70,,1155858,6,,,1,35,,1155854,6,,,1,70,,1155837,6,,,1,30,,1155865,6,,,1,70,,1155849,6,,,1,30,,1155848,6,,,1,70,,1155856,6,,,1,36,,1155842,7,,,1,71,,1155839,7,,,1,30,,1155833,7,,,1,75,,1155852,7,,,1
6201,'9',546,,1155882,7,,,1,68,,1155890,7,,,1,26,,1155883,6,,,1,70,,938353,6,,,1,30,,1155877,6,,,1,72,,1155869,6,,,1,28,,1155875,6,,,1,70,,1155878,6,,,1,30,,1155885,6,,,1,70,,1155872,6,,,1,30,,1155892,6,,,1,70,,1155896,6,,,1,25,,1155894,6,,,1,70,,1155893,6,,,1,30,,1074720,6,,,1,71,,1155898,6,,,1,30,,1155887,6,,,1,70,,1155895,6,,,1,30,,1155897,6,,,1,68,,1155884,6,,,1,30,,1155889,6,,,1,71,,1155871,6,,,1,29,,1064823,6,,,1,70,,944422,6,,,1,30,,1090717,6,,,1,70,,1155891,6,,,1,30,,1155888,6,,,1,70,,1155868,6,,,1,35,,1155867,6,,,1,70,,1155880,6,,,1,30,,1155870,6,,,1,70,,1155876,6,,,1,30,,962869,6,,,1,70,,1155874,6,,,1,36,,1155873,7,,,1,71,,1155886,7,,,1,30,,1155881,7,,,1,75,,1155879,7,,,1
6300,'1',517,,1155902,6,,,1,35,,1155919,6,,,1,66,,1155924,5,,,1,5,,1155932,5,,,1,10,,1067625,5,,,1,15,,1155907,5,,,1,8,,1155906,5,,,1,48,,1155929,5,,,1,16,,1077501,5,,,1,15,,1099319,5,,,1,16,,1155909,5,,,1,55,,1155899,5,,,1,14,,1068367,5,,,1,18,,1155910,5,,,1,68,,1155923,5,,,1,29,,1084462,5,,,1,70,,1062596,5,,,1,32,,1155926,5,,,1,69,,1001300,5,,,1,29,,1090003,5,,,1,70,,990970,5,,,1,30,,1155931,5,,,1,70,,1155908,5,,,1,30,,1155901,5,,,1,70,,934960,5,,,1,32,,1155914,5,,,1,71,,1155900,5,,,1,16,,1155921,5,,,1,15,,1155912,5,,,1,16,,1155918,5,,,1,56,,1155915,5,,,1,14,,1085576,5,,,1,14,,1102341,5,,,1,13,,1155925,5,,,1,56,,1063116,5,,,1,16,,1155927,5,,,1,15,,1155930,5,,,1,15,,1155913,5,,,1,55,,1155911,5,,,1,14,,1155917,5,,,1,31,,1155905,5,,,1,71,,1021184,5,,,1,28,,1064918,5,,,1,67,,1155916,5,,,1,30,,1155928,5,,,1,69,,1155904,5,,,1,30,,1155920,5,,,1,69,,1086059,5,,,1,34,,1155903,6,,,1,70,,1155922,6,,,1,30,,1101188,6,,,1
6300,'10',517,,1155936,6,,,1,35,,1155953,6,,,1,66,,1155958,5,,,1,5,,1155966,5,,,1,10,,1067556,5,,,1,15,,1155941,5,,,1,8,,1155940,5,,,1,48,,1155963,5,,,1,16,,1077388,5,,,1,15,,1099207,5,,,1,16,,1155943,5,,,1,55,,1155933,5,,,1,14,,1068126,5,,,1,18,,1155944,5,,,1,68,,1155957,5,,,1,29,,1084278,5,,,1,70,,1062286,5,,,1,32,,1155960,5,,,1,69,,1001447,5,,,1,29,,1089861,5,,,1,70,,990958,5,,,1,30,,1155965,5,,,1,70,,1155942,5,,,1,30,,1155935,5,,,1,70,,934965,5,,,1,32,,1155948,5,,,1,71,,1155934,5,,,1,16,,1155955,5,,,1,15,,1155946,5,,,1,16,,1155952,5,,,1,56,,1155949,5,,,1,14,,1085319,5,,,1,14,,1102326,5,,,1,13,,1155959,5,,,1,56,,1062774,5,,,1,16,,1155961,5,,,1,15,,1155964,5,,,1,15,,1155947,5,,,1,55,,1155945,5,,,1,14,,1155951,5,,,1,31,,1155939,5,,,1,71,,1021353,5,,,1,28,,1064783,5,,,1,67,,1155950,5,,,1,30,,1155962,5,,,1,69,,1155938,5,,,1,30,,1155954,5,,,1,69,,1085775,5,,,1,34,,1155937,6,,,1,70,,1155956,6,,,1,30,,1101058,6,,,1
6300,'11',517,,1155970,6,,,1,35,,1155987,6,,,1,66,,1155992,5,,,1,5,,1156000,5,,,1,10,,1067648,5,,,1,15,,1155975,5,,,1,8,,1155974,5,,,1,48,,1155997,5,,,1,16,,1077534,5,,,1,15,,1099357,5,,,1,16,,1155977,5,,,1,55,,1155967,5,,,1,14,,1068431,5,,,1,18,,1155978,5,,,1,68,,1155991,5,,,1,29,,1084518,5,,,1,70,,1062674,5,,,1,32,,1155994,5,,,1,69,,1001259,5,,,1,29,,1090046,5,,,1,70,,990967,5,,,1,30,,1155999,5,,,1,70,,1155976,5,,,1,30,,1155969,5,,,1,70,,934955,5,,,1,32,,1155982,5,,,1,71,,1155968,5,,,1,16,,1155989,5,,,1,15,,1155980,5,,,1,16,,1155986,5,,,1,56,,1155983,5,,,1,14,,1085656,5,,,1,14,,1102346,5,,,1,13,,1155993,5,,,1,56,,1063217,5,,,1,16,,1155995,5,,,1,15,,1155998,5,,,1,15,,1155981,5,,,1,55,,1155979,5,,,1,14,,1155985,5,,,1,31,,1155973,5,,,1,71,,1021136,5,,,1,28,,1064963,5,,,1,67,,1155984,5,,,1,30,,1155996,5,,,1,69,,1155972,5,,,1,30,,1155988,5,,,1,69,,1086141,5,,,1,34,,1155971,6,,,1,70,,1155990,6,,,1,30,,1101228,6,,,1
6300,'12',517,,1156042,6,,,1,35,,978477,6,,,1,66,,1156028,5,,,1,5,,1156013,5,,,1,10,,1156004,5,,,1,15,,1156035,5,,,1,8,,1156029,5,,,1,48,,1156015,5,,,1,16,,1156043,5,,,1,15,,1156038,5,,,1,16,,1156011,5,,,1,55,,1156003,5,,,1,14,,1156026,5,,,1,18,,1095535,5,,,1,68,,1156021,5,,,1,29,,1156023,5,,,1,70,,1156041,5,,,1,32,,1156034,5,,,1,69,,1156033,5,,,1,29,,1156032,5,,,1,70,,1156009,5,,,1,30,,1156039,5,,,1,70,,1156014,5,,,1,30,,1080222,5,,,1,70,,1156044,5,,,1,32,,1156037,5,,,1,71,,1156007,5,,,1,16,,1156006,5,,,1,15,,1156022,5,,,1,16,,1067331,5,,,1,56,,1156019,5,,,1,14,,1156001,5,,,1,14,,1014227,5,,,1,13,,1156031,5,,,1,56,,1156012,5,,,1,16,,1156010,5,,,1,15,,1156024,5,,,1,15,,1156040,5,,,1,55,,1156020,5,,,1,14,,1156025,5,,,1,31,,1156036,5,,,1,71,,1156016,5,,,1,28,,1156018,5,,,1,67,,1156030,5,,,1,30,,1156005,5,,,1,69,,1156017,5,,,1,30,,1156045,5,,,1,69,,1063020,5,,,1,34,,1156008,6,,,1,70,,1156027,6,,,1,30,,1156002,6,,,1
6300,'13',738,,1156068,6,,,1,103,,1156062,6,,,1,100,,1156056,6,,,1,101,,1156070,6,,,1,70,,1156061,6,,,1,30,,1156059,6,,,1,70,,1156052,6,,,1,30,,1079013,6,,,1,70,,1156051,6,,,1,30,,1156055,6,,,1,70,,1156065,6,,,1,30,,1072761,6,,,1,70,,1156050,6,,,1,30,,1156046,6,,,1,70,,1156066,6,,,1,30,,1156058,6,,,1,70,,1156057,6,,,1,30,,1156060,6,,,1,70,,1156054,6,,,1,30,,1156069,6,,,1,70,,1156071,6,,,1,30,,1156064,6,,,1,70,,1156048,6,,,1,29,,1156067,6,,,1,70,,1156053,6,,,1,30,,1156063,6,,,1,70,,1065070,6,,,1,30,,1156047,6,,,1,100,,1156049,6,,,1
6300,'14',517,,1156080,6,,,1,35,,1156103,6,,,1,66,,1156108,5,,,1,5,,1156121,5,,,1,10,,1156082,5,,,1,15,,1156090,5,,,1,8,,1156089,5,,,1,48,,1156117,5,,,1,16,,1156112,5,,,1,15,,1156084,5,,,1,16,,1156092,5,,,1,55,,1156072,5,,,1,14,,1156075,5,,,1,18,,1156093,5,,,1,68,,1156107,5,,,1,29,,1156115,5,,,1,70,,1156074,5,,,1,32,,1156110,5,,,1,69,,1156086,5,,,1,29,,1156073,5,,,1,70,,1156079,5,,,1,30,,1156120,5,,,1,70,,1156091,5,,,1,30,,1156078,5,,,1,70,,1156085,5,,,1,32,,1156097,5,,,1,71,,1156077,5,,,1,16,,1156105,5,,,1,15,,1156095,5,,,1,16,,1156102,5,,,1,56,,1156099,5,,,1,14,,1156076,5,,,1,14,,1156081,5,,,1,13,,1156109,5,,,1,56,,1156098,5,,,1,16,,1156111,5,,,1,15,,1156119,5,,,1,15,,1156096,5,,,1,55,,1156094,5,,,1,14,,1156101,5,,,1,31,,1156088,5,,,1,71,,1156114,5,,,1,28,,1156113,5,,,1,67,,1156100,5,,,1,30,,1156116,5,,,1,69,,1156087,5,,,1,30,,1156104,5,,,1,69,,1156122,5,,,1,34,,1156083,6,,,1,70,,1156106,6,,,1,30,,1156118,6,,,1
6300,'15',517,,1156141,6,,,1,35,,1156163,6,,,1,66,,1156166,5,,,1,5,,1156153,5,,,1,10,,1156127,5,,,1,15,,1156152,5,,,1,8,,1156160,5,,,1,48,,1156134,5,,,1,16,,1156172,5,,,1,15,,1156143,5,,,1,16,,1156126,5,,,1,55,,1156168,5,,,1,14,,1156159,5,,,1,18,,1156144,5,,,1,68,,1156133,5,,,1,29,,1156173,5,,,1,70,,1156123,5,,,1,32,,1156131,5,,,1,69,,1156139,5,,,1,29,,1156125,5,,,1,70,,1156132,5,,,1,30,,1156124,5,,,1,70,,1156162,5,,,1,30,,1156142,5,,,1,70,,1156171,5,,,1,32,,1156154,5,,,1,71,,1156145,5,,,1,16,,1156130,5,,,1,15,,1156150,5,,,1,16,,1156136,5,,,1,56,,1156146,5,,,1,14,,1156155,5,,,1,14,,1156147,5,,,1,13,,1156137,5,,,1,56,,1156151,5,,,1,16,,1156128,5,,,1,15,,1156148,5,,,1,15,,1156156,5,,,1,55,,1156167,5,,,1,14,,1156129,5,,,1,31,,1156140,5,,,1,71,,1156169,5,,,1,28,,1156161,5,,,1,67,,1156164,5,,,1,30,,1156165,5,,,1,69,,1156138,5,,,1,30,,1156149,5,,,1,69,,1156157,5,,,1,34,,1156135,6,,,1,70,,1156170,6,,,1,30,,1156158,6,,,1
6300,'16',517,,950536,6,,,1,35,,1156178,6,,,1,66,,1156198,5,,,1,5,,1156184,5,,,1,10,,1086707,5,,,1,15,,1156204,5,,,1,8,,1156199,5,,,1,48,,1156186,5,,,1,16,,1156210,5,,,1,15,,1156207,5,,,1,16,,1083638,5,,,1,55,,1156174,5,,,1,14,,1156196,5,,,1,18,,1156179,5,,,1,68,,1156191,5,,,1,29,,1156193,5,,,1,70,,1030477,5,,,1,32,,968888,5,,,1,69,,1156203,5,,,1,29,,1156202,5,,,1,70,,1156181,5,,,1,30,,1156208,5,,,1,70,,1156185,5,,,1,30,,1156175,5,,,1,70,,1156211,5,,,1,32,,1156206,5,,,1,71,,1098568,5,,,1,16,,1156177,5,,,1,15,,1156192,5,,,1,16,,1156213,5,,,1,56,,1156190,5,,,1,14,,1082661,5,,,1,14,,1156182,5,,,1,13,,1156201,5,,,1,56,,1156183,5,,,1,16,,1099162,5,,,1,15,,1156194,5,,,1,15,,1156209,5,,,1,55,,1072160,5,,,1,14,,1156195,5,,,1,31,,1156205,5,,,1,71,,1156187,5,,,1,28,,1156189,5,,,1,67,,1156200,5,,,1,30,,1156176,5,,,1,69,,1156188,5,,,1,30,,1156214,5,,,1,69,,1156212,5,,,1,34,,1156180,6,,,1,70,,1156197,6,,,1,30,,1098387,6,,,1
6300,'17',738,,1156238,6,,,1,103,,1156232,6,,,1,100,,1156226,6,,,1,101,,1156242,6,,,1,70,,1156231,6,,,1,30,,1156229,6,,,1,70,,1156222,6,,,1,30,,1156241,6,,,1,70,,1156221,6,,,1,30,,1156225,6,,,1,70,,1156235,6,,,1,30,,1156217,6,,,1,70,,1156220,6,,,1,30,,1156215,6,,,1,70,,1156236,6,,,1,30,,1156228,6,,,1,70,,1156227,6,,,1,30,,1156230,6,,,1,70,,1156224,6,,,1,30,,1156240,6,,,1,70,,1156243,6,,,1,30,,1156234,6,,,1,70,,1156218,6,,,1,29,,1156237,6,,,1,70,,1156223,6,,,1,30,,1156233,6,,,1,70,,1156239,6,,,1,30,,1156216,6,,,1,100,,1156219,6,,,1
6300,'2',651,,1101693,6,,,1,70,,1156260,6,,,1,30,,1156251,6,,,1,70,,1156266,6,,,1,30,,1156254,6,,,1,70,,1156255,6,,,1,30,,1156273,6,,,1,71,,1156265,6,,,1,30,,1156267,6,,,1,70,,1156269,6,,,1,30,,1156263,6,,,1,70,,1156248,6,,,1,30,,1156262,6,,,1,70,,1156246,6,,,1,30,,1156268,6,,,1,70,,1000552,6,,,1,30,,1156247,6,,,1,70,,1156253,6,,,1,30,,1156261,6,,,1,70,,1156274,6,,,1,30,,1156250,6,,,1,70,,1156270,6,,,1,30,,1063343,6,,,1,70,,1156252,6,,,1,30,,1156272,6,,,1,70,,1156271,6,,,1,30,,1156259,6,,,1,69,,1156244,6,,,1,30,,1156249,6,,,1,70,,1156264,6,,,1,30,,1156258,6,,,1,70,,1156257,6,,,1,30,,1156256,6,,,1,70,,1156245,6,,,1
6300,'3',738,,1156298,6,,,1,103,,1156292,6,,,1,100,,1156286,6,,,1,101,,1156302,6,,,1,70,,1156291,6,,,1,30,,1156289,6,,,1,70,,1156282,6,,,1,30,,1156301,6,,,1,70,,1156281,6,,,1,30,,1156285,6,,,1,70,,1156295,6,,,1,30,,1156277,6,,,1,70,,1156280,6,,,1,30,,1156275,6,,,1,70,,1156296,6,,,1,30,,1156288,6,,,1,70,,1156287,6,,,1,30,,1156290,6,,,1,70,,1156284,6,,,1,30,,1156300,6,,,1,70,,1156303,6,,,1,30,,1156294,6,,,1,70,,1156278,6,,,1,29,,1156297,6,,,1,70,,1156283,6,,,1,30,,1156293,6,,,1,70,,1156299,6,,,1,30,,1156276,6,,,1,100,,1156279,6,,,1
6300,'4',738,,1156320,6,,,1,103,,1156305,6,,,1,100,,1156319,6,,,1,101,,1156307,6,,,1,70,,1156316,6,,,1,30,,1156310,6,,,1,70,,1156325,6,,,1,30,,1156312,6,,,1,70,,1066817,6,,,1,30,,1098516,6,,,1,70,,1156324,6,,,1,30,,1156314,6,,,1,70,,1156322,6,,,1,30,,1156330,6,,,1,70,,1156321,6,,,1,30,,1156315,6,,,1,70,,1156311,6,,,1,30,,1156309,6,,,1,70,,1156304,6,,,1,30,,1156329,6,,,1,70,,1156306,6,,,1,30,,1156323,6,,,1,70,,1156327,6,,,1,29,,1156317,6,,,1,70,,1156313,6,,,1,30,,1156308,6,,,1,70,,1156328,6,,,1,30,,1156326,6,,,1,100,,1156318,6,,,1
6300,'5',517,,1156334,6,,,1,35,,1156351,6,,,1,66,,1156356,5,,,1,5,,1156364,5,,,1,10,,1067602,5,,,1,15,,1156339,5,,,1,8,,1156338,5,,,1,48,,1156361,5,,,1,16,,1077483,5,,,1,15,,1099296,5,,,1,16,,1156341,5,,,1,55,,1156331,5,,,1,14,,1068324,5,,,1,18,,1156342,5,,,1,68,,1156355,5,,,1,29,,1084429,5,,,1,70,,1062557,5,,,1,32,,1156358,5,,,1,69,,1001040,5,,,1,29,,1089981,5,,,1,70,,990982,5,,,1,30,,1156363,5,,,1,70,,1156340,5,,,1,30,,1156333,5,,,1,70,,934975,5,,,1,32,,1156346,5,,,1,71,,1156332,5,,,1,16,,1156353,5,,,1,15,,1156344,5,,,1,16,,1156350,5,,,1,56,,1156347,5,,,1,14,,1085532,5,,,1,14,,1102336,5,,,1,13,,1156357,5,,,1,56,,1063062,5,,,1,16,,1156359,5,,,1,15,,1156362,5,,,1,15,,1156345,5,,,1,55,,1156343,5,,,1,14,,1156349,5,,,1,31,,1156337,5,,,1,71,,1020900,5,,,1,28,,1064899,5,,,1,67,,1156348,5,,,1,30,,1156360,5,,,1,69,,1156336,5,,,1,30,,1156352,5,,,1,69,,1086008,5,,,1,34,,1156335,6,,,1,70,,1156354,6,,,1,30,,1101171,6,,,1
6300,'6',517,,1156406,6,,,1,35,,1156370,6,,,1,66,,1156393,5,,,1,5,,1156378,5,,,1,10,,1156367,5,,,1,15,,1156400,5,,,1,8,,1156394,5,,,1,48,,1156380,5,,,1,16,,1156407,5,,,1,15,,1156403,5,,,1,16,,1156375,5,,,1,55,,1094233,5,,,1,14,,1156391,5,,,1,18,,1156371,5,,,1,68,,1156386,5,,,1,29,,1156388,5,,,1,70,,1156405,5,,,1,32,,1156399,5,,,1,69,,1156398,5,,,1,29,,1156397,5,,,1,70,,1030103,5,,,1,30,,1156404,5,,,1,70,,1156379,5,,,1,30,,1156368,5,,,1,70,,1099172,5,,,1,32,,1156402,5,,,1,71,,1156372,5,,,1,16,,1156369,5,,,1,15,,1156387,5,,,1,16,,1156409,5,,,1,56,,1156384,5,,,1,14,,1156365,5,,,1,14,,1156376,5,,,1,13,,1156396,5,,,1,56,,1156377,5,,,1,16,,1156374,5,,,1,15,,1156389,5,,,1,15,,1102703,5,,,1,55,,1156385,5,,,1,14,,1156390,5,,,1,31,,1156401,5,,,1,71,,1156381,5,,,1,28,,1156383,5,,,1,67,,1156395,5,,,1,30,,1055485,5,,,1,69,,1156382,5,,,1,30,,1080555,5,,,1,69,,1156408,5,,,1,34,,1156373,6,,,1,70,,1156392,6,,,1,30,,1156366,6,,,1
6300,'7',651,,1156418,6,,,1,70,,1156428,6,,,1,30,,1156415,6,,,1,70,,1156411,6,,,1,30,,1156442,6,,,1,70,,1156438,6,,,1,30,,1156413,6,,,1,71,,1156424,6,,,1,30,,1156422,6,,,1,70,,1156441,6,,,1,30,,1156439,6,,,1,70,,1156426,6,,,1,30,,1156417,6,,,1,70,,1156427,6,,,1,30,,1156412,6,,,1,70,,1156433,6,,,1,30,,1156420,6,,,1,70,,1156414,6,,,1,30,,1156432,6,,,1,70,,1156421,6,,,1,30,,1156431,6,,,1,70,,1156419,6,,,1,30,,1156436,6,,,1,70,,1156429,6,,,1,30,,1156425,6,,,1,70,,1156437,6,,,1,30,,1156423,6,,,1,69,,1156410,6,,,1,30,,1156435,6,,,1,70,,1156443,6,,,1,30,,1156416,6,,,1,70,,1156434,6,,,1,30,,1156430,6,,,1,70,,1156440,6,,,1
6300,'8',517,,1156489,6,,,1,35,,1156451,6,,,1,66,,1156475,5,,,1,5,,1156460,5,,,1,10,,1156447,5,,,1,15,,1156482,5,,,1,8,,1156476,5,,,1,48,,1156462,5,,,1,16,,1156490,5,,,1,15,,1156485,5,,,1,16,,1156457,5,,,1,55,,1156446,5,,,1,14,,1156473,5,,,1,18,,1156452,5,,,1,68,,1156468,5,,,1,29,,1156470,5,,,1,70,,1156488,5,,,1,32,,1156481,5,,,1,69,,1156480,5,,,1,29,,1156479,5,,,1,70,,1156455,5,,,1,30,,1156486,5,,,1,70,,1156461,5,,,1,30,,1156448,5,,,1,70,,1156491,5,,,1,32,,1156484,5,,,1,71,,1156453,5,,,1,16,,1156450,5,,,1,15,,1156469,5,,,1,16,,1156493,5,,,1,56,,1156466,5,,,1,14,,1156444,5,,,1,14,,1156458,5,,,1,13,,1156478,5,,,1,56,,1156459,5,,,1,16,,1156456,5,,,1,15,,1156471,5,,,1,15,,1156487,5,,,1,55,,1156467,5,,,1,14,,1156472,5,,,1,31,,1156483,5,,,1,71,,1156463,5,,,1,28,,1156465,5,,,1,67,,1156477,5,,,1,30,,1156449,5,,,1,69,,1156464,5,,,1,30,,1156494,5,,,1,69,,1156492,5,,,1,34,,1156454,6,,,1,70,,1156474,6,,,1,30,,1156445,6,,,1
6300,'9',517,,1156498,6,,,1,35,,1156515,6,,,1,66,,1156520,5,,,1,5,,1156528,5,,,1,10,,1067579,5,,,1,15,,1156503,5,,,1,8,,1156502,5,,,1,48,,1156525,5,,,1,16,,1077421,5,,,1,15,,1099242,5,,,1,16,,1156505,5,,,1,55,,1156495,5,,,1,14,,1068203,5,,,1,18,,1156506,5,,,1,68,,1156519,5,,,1,29,,1084339,5,,,1,70,,1062385,5,,,1,32,,1156522,5,,,1,69,,1001341,5,,,1,29,,1089906,5,,,1,70,,990979,5,,,1,30,,1156527,5,,,1,70,,1156504,5,,,1,30,,1156497,5,,,1,70,,934970,5,,,1,32,,1156510,5,,,1,71,,1156496,5,,,1,16,,1156517,5,,,1,15,,1156508,5,,,1,16,,1156514,5,,,1,56,,1156511,5,,,1,14,,1085401,5,,,1,14,,1102331,5,,,1,13,,1156521,5,,,1,56,,1062886,5,,,1,16,,1156523,5,,,1,15,,1156526,5,,,1,15,,1156509,5,,,1,55,,1156507,5,,,1,14,,1156513,5,,,1,31,,1156501,5,,,1,71,,1021232,5,,,1,28,,1064825,5,,,1,67,,1156512,5,,,1,30,,1156524,5,,,1,69,,1156500,5,,,1,30,,1156516,5,,,1,69,,1085862,5,,,1,34,,1156499,6,,,1,70,,1156518,6,,,1,30,,1101096,6,,,1
6301,'1',555,,1156552,41,,,1,74,,1156571,41,,,1,15,,1085596,41,,,1,13,,1038680,41,,,1,56,,1156547,41,,,1,14,,1156568,41,,,1,12,,1156554,41,,,1,15,,1156538,41,,,1,54,,1156573,41,,,1,17,,1156549,41,,,1,15,,1156532,41,,,1,14,,1156541,41,,,1,55,,1156533,41,,,1,14,,1156537,41,,,1,29,,1156551,41,,,1,70,,1156569,41,,,1,29,,1156565,41,,,1,70,,1156559,41,,,1,29,,1077012,41,,,1,69,,1093381,41,,,1,29,,1156544,41,,,1,70,,1156555,41,,,1,30,,1156570,41,,,1,73,,1080758,41,,,1,30,,1156556,41,,,1,72,,1052872,46,,,1,34,,1156550,26,,,1,43,,1156543,46,,,1,32,,1156560,46,,,1,23,,1156572,26,,,1,50,,1156562,46,,,1,15,,1156534,46,,,1,16,,1156546,46,,,1,8,,1156563,26,,,1,6,,1156536,46,,,1,54,,1156539,46,,,1,13,,1156558,46,,,1,14,,1156553,46,,,1,11,,1156566,46,,,1,16,,1076651,46,,,1,53,,948346,46,,,1,14,,1156542,46,,,1,13,,1156564,46,,,1,16,,1156567,46,,,1,56,,1156535,46,,,1,29,,1156531,46,,,1,70,,1050837,46,,,1,30,,1156545,46,,,1,64,,1156540,46,,,1,31,,1156529,46,,,1,70,,1156561,46,,,1,29,,1156530,46,,,1,67,,1156548,46,,,1,39,,1156557,26,,,1
6301,'10',555,,1156597,41,,,1,74,,1156616,41,,,1,15,,1085339,41,,,1,13,,1038768,41,,,1,56,,1156592,41,,,1,14,,1156613,41,,,1,12,,1156599,41,,,1,15,,1156583,41,,,1,54,,1156618,41,,,1,17,,1156594,41,,,1,15,,1156577,41,,,1,14,,1156586,41,,,1,55,,1156578,41,,,1,14,,1156582,41,,,1,29,,1156596,41,,,1,70,,1156614,41,,,1,29,,1156610,41,,,1,70,,1156604,41,,,1,29,,1076788,41,,,1,69,,1093065,41,,,1,29,,1156589,41,,,1,70,,1156600,41,,,1,30,,1156615,41,,,1,73,,1080585,41,,,1,30,,1156601,41,,,1,72,,1052918,46,,,1,34,,1156595,26,,,1,43,,1156588,46,,,1,32,,1156605,46,,,1,23,,1156617,26,,,1,50,,1156607,46,,,1,15,,1156579,46,,,1,16,,1156591,46,,,1,8,,1156608,26,,,1,6,,1156581,46,,,1,54,,1156584,46,,,1,13,,1156603,46,,,1,14,,1156598,46,,,1,11,,1156611,46,,,1,16,,1076445,46,,,1,53,,948079,46,,,1,14,,1156587,46,,,1,13,,1156609,46,,,1,16,,1156612,46,,,1,56,,1156580,46,,,1,29,,1156576,46,,,1,70,,1051013,46,,,1,30,,1156590,46,,,1,64,,1156585,46,,,1,31,,1156574,46,,,1,70,,1156606,46,,,1,29,,1156575,46,,,1,67,,1156593,46,,,1,39,,1156602,26,,,1
6301,'11',555,,1156642,41,,,1,74,,1156661,41,,,1,15,,1085676,41,,,1,13,,1038654,41,,,1,56,,1156637,41,,,1,14,,1156658,41,,,1,12,,1156644,41,,,1,15,,1156628,41,,,1,54,,1156663,41,,,1,17,,1156639,41,,,1,15,,1156622,41,,,1,14,,1156631,41,,,1,55,,1156623,41,,,1,14,,1156627,41,,,1,29,,1156641,41,,,1,70,,1156659,41,,,1,29,,1156655,41,,,1,70,,1156649,41,,,1,29,,1077078,41,,,1,69,,1093472,41,,,1,29,,1156634,41,,,1,70,,1156645,41,,,1,30,,1156660,41,,,1,73,,1080815,41,,,1,30,,1156646,41,,,1,72,,1052859,46,,,1,34,,1156640,26,,,1,43,,1156633,46,,,1,32,,1156650,46,,,1,23,,1156662,26,,,1,50,,1156652,46,,,1,15,,1156624,46,,,1,16,,1156636,46,,,1,8,,1156653,26,,,1,6,,1156626,46,,,1,54,,1156629,46,,,1,13,,1156648,46,,,1,14,,1156643,46,,,1,11,,1156656,46,,,1,16,,1076715,46,,,1,53,,948294,46,,,1,14,,1156632,46,,,1,13,,1156654,46,,,1,16,,1156657,46,,,1,56,,1156625,46,,,1,29,,1156621,46,,,1,70,,1050785,46,,,1,30,,1156635,46,,,1,64,,1156630,46,,,1,31,,1156619,46,,,1,70,,1156651,46,,,1,29,,1156620,46,,,1,67,,1156638,46,,,1,39,,1156647,26,,,1
6301,'12',555,,1156671,41,,,1,74,,1156697,41,,,1,15,,1156702,41,,,1,13,,1156683,41,,,1,56,,1156680,41,,,1,14,,1156706,41,,,1,12,,1156687,41,,,1,15,,1075441,41,,,1,54,,1156684,41,,,1,17,,1025524,41,,,1,15,,1156681,41,,,1,14,,1156670,41,,,1,55,,1156703,41,,,1,14,,1156708,41,,,1,29,,1156682,41,,,1,70,,1156668,41,,,1,29,,1156700,41,,,1,70,,1156699,41,,,1,29,,1156679,41,,,1,69,,1156678,41,,,1,29,,1156701,41,,,1,70,,1156694,41,,,1,30,,1156692,41,,,1,73,,1156665,41,,,1,30,,1156693,41,,,1,72,,1156688,46,,,1,34,,1156705,26,,,1,43,,1156675,46,,,1,32,,1156664,46,,,1,23,,1156686,26,,,1,50,,1156689,46,,,1,15,,1156676,46,,,1,16,,1061671,46,,,1,8,,1156666,26,,,1,6,,1080070,46,,,1,54,,1156698,46,,,1,13,,1156707,46,,,1,14,,1156704,46,,,1,11,,1156677,46,,,1,16,,1075462,46,,,1,53,,1156691,46,,,1,14,,1085949,46,,,1,13,,1074485,46,,,1,16,,1156696,46,,,1,56,,1156674,46,,,1,29,,1156672,46,,,1,70,,1156673,46,,,1,30,,1156669,46,,,1,64,,1156690,46,,,1,31,,1156695,46,,,1,70,,1156667,46,,,1,29,,1156709,46,,,1,67,,1156685,46,,,1,39,,1156710,26,,,1
6301,'13',747,,1040927,41,,,1,100,,1156727,41,,,1,100,,1156732,41,,,1,103,,1156731,41,,,1,70,,1156737,41,,,1,30,,1156728,41,,,1,70,,1156734,41,,,1,30,,1156722,41,,,1,70,,1156730,41,,,1,30,,1156723,41,,,1,70,,1156714,41,,,1,30,,1156716,41,,,1,70,,1156736,41,,,1,30,,1156711,41,,,1,70,,1156733,41,,,1,30,,1156720,41,,,1,70,,1156718,41,,,1,30,,1156725,41,,,1,70,,1156726,41,,,1,30,,1156715,41,,,1,70,,1156713,41,,,1,29,,1156721,41,,,1,70,,1156729,41,,,1,29,,1156712,41,,,1,70,,1156717,41,,,1,30,,1156724,41,,,1,70,,1156719,41,,,1,30,,1075809,41,,,1,100,,1156735,41,,,1
6301,'14',555,,1156765,41,,,1,74,,1156786,41,,,1,15,,1156777,41,,,1,13,,1156745,41,,,1,56,,1156760,41,,,1,14,,1156782,41,,,1,12,,1156767,41,,,1,15,,1156751,41,,,1,54,,1156789,41,,,1,17,,1156762,41,,,1,15,,1156743,41,,,1,14,,1156754,41,,,1,55,,1156744,41,,,1,14,,1156750,41,,,1,29,,1156764,41,,,1,70,,1156783,41,,,1,29,,1156779,41,,,1,70,,1156772,41,,,1,29,,1156746,41,,,1,69,,1156738,41,,,1,29,,1156757,41,,,1,70,,1156768,41,,,1,30,,1156784,41,,,1,73,,1156790,41,,,1,30,,1156769,41,,,1,72,,1156787,46,,,1,34,,1156763,26,,,1,43,,1156756,46,,,1,32,,1156773,46,,,1,23,,1156788,26,,,1,50,,1156775,46,,,1,15,,1156747,46,,,1,16,,1156759,46,,,1,8,,1156776,26,,,1,6,,1156749,46,,,1,54,,1156752,46,,,1,13,,1156771,46,,,1,14,,1156766,46,,,1,11,,1156780,46,,,1,16,,1156785,46,,,1,53,,1156791,46,,,1,14,,1156755,46,,,1,13,,1156778,46,,,1,16,,1156781,46,,,1,56,,1156748,46,,,1,29,,1156742,46,,,1,70,,1156741,46,,,1,30,,1156758,46,,,1,64,,1156753,46,,,1,31,,1156739,46,,,1,70,,1156774,46,,,1,29,,1156740,46,,,1,67,,1156761,46,,,1,39,,1156770,26,,,1
6301,'15',555,,1156819,41,,,1,74,,1156803,41,,,1,15,,1156817,41,,,1,13,,1156839,41,,,1,56,,1156813,41,,,1,14,,1156822,41,,,1,12,,1156836,41,,,1,15,,1156843,41,,,1,54,,1156841,41,,,1,17,,1156837,41,,,1,15,,1156793,41,,,1,14,,1156821,41,,,1,55,,1156812,41,,,1,14,,1156811,41,,,1,29,,1156802,41,,,1,70,,1156792,41,,,1,29,,1156805,41,,,1,70,,1156795,41,,,1,29,,1156824,41,,,1,69,,1156845,41,,,1,29,,1156830,41,,,1,70,,1156810,41,,,1,30,,1156844,41,,,1,73,,1156818,41,,,1,30,,1156815,41,,,1,72,,1156834,46,,,1,34,,1156827,26,,,1,43,,1156816,46,,,1,32,,1156826,46,,,1,23,,1156825,26,,,1,50,,1156801,46,,,1,15,,1156807,46,,,1,16,,1156800,46,,,1,8,,1156798,26,,,1,6,,1156828,46,,,1,54,,1156829,46,,,1,13,,1156808,46,,,1,14,,1156832,46,,,1,11,,1156840,46,,,1,16,,1156814,46,,,1,53,,1156797,46,,,1,14,,1156796,46,,,1,13,,1156794,46,,,1,16,,1156804,46,,,1,56,,1156799,46,,,1,29,,1156842,46,,,1,70,,1156838,46,,,1,30,,1156835,46,,,1,64,,1156820,46,,,1,31,,1156831,46,,,1,70,,1156809,46,,,1,29,,1156823,46,,,1,67,,1156806,46,,,1,39,,1156833,26,,,1
6301,'16',555,,1156854,41,,,1,74,,1156881,41,,,1,15,,1156887,41,,,1,13,,1156866,41,,,1,56,,1156863,41,,,1,14,,1156892,41,,,1,12,,1156870,41,,,1,15,,1156847,41,,,1,54,,1156867,41,,,1,17,,1156848,41,,,1,15,,1156864,41,,,1,14,,1156853,41,,,1,55,,1156888,41,,,1,14,,1156894,41,,,1,29,,1156865,41,,,1,70,,1156852,41,,,1,29,,1156885,41,,,1,70,,1156884,41,,,1,29,,1156862,41,,,1,69,,1156861,41,,,1,29,,1156886,41,,,1,70,,1156876,41,,,1,30,,1156875,41,,,1,73,,1156849,41,,,1,30,,1093826,41,,,1,72,,1156871,46,,,1,34,,1156890,26,,,1,43,,1156858,46,,,1,32,,1156846,46,,,1,23,,1156869,26,,,1,50,,1156872,46,,,1,15,,1156859,46,,,1,16,,1156882,46,,,1,8,,1156850,26,,,1,6,,1156889,46,,,1,54,,1156883,46,,,1,13,,1156893,46,,,1,14,,1070066,46,,,1,11,,1156860,46,,,1,16,,1156877,46,,,1,53,,1156874,46,,,1,14,,1156891,46,,,1,13,,1156878,46,,,1,16,,1156880,46,,,1,56,,1156857,46,,,1,29,,1156855,46,,,1,70,,1156856,46,,,1,30,,1000385,46,,,1,64,,1156873,46,,,1,31,,1156879,46,,,1,70,,1156851,46,,,1,29,,1156895,46,,,1,67,,1156868,46,,,1,39,,1020207,26,,,1
6301,'17',747,,1156898,41,,,1,100,,1156914,41,,,1,100,,1156919,41,,,1,103,,1156918,41,,,1,70,,1156924,41,,,1,30,,1156915,41,,,1,70,,1156921,41,,,1,30,,1156909,41,,,1,70,,1156917,41,,,1,30,,1156910,41,,,1,70,,1156901,41,,,1,30,,1156903,41,,,1,70,,1156923,41,,,1,30,,1156896,41,,,1,70,,1156920,41,,,1,30,,1156907,41,,,1,70,,1156905,41,,,1,30,,1156912,41,,,1,70,,1156913,41,,,1,30,,1156902,41,,,1,70,,1156900,41,,,1,29,,1156908,41,,,1,70,,1156916,41,,,1,29,,1156899,41,,,1,70,,1156904,41,,,1,30,,1156911,41,,,1,70,,1156906,41,,,1,30,,1156897,41,,,1,100,,1156922,41,,,1
6301,'2',748,,1156930,41,,,1,77,,1156931,41,,,1,30,,1077787,41,,,1,70,,1156953,41,,,1,30,,1156939,41,,,1,70,,1156941,41,,,1,32,,1156938,41,,,1,71,,1077786,41,,,1,30,,1156952,41,,,1,70,,1156947,41,,,1,30,,1156948,41,,,1,70,,1156944,41,,,1,30,,1156954,41,,,1,70,,1156933,41,,,1,30,,1156925,41,,,1,70,,1156935,41,,,1,30,,1156943,41,,,1,70,,1156945,41,,,1,30,,1156928,41,,,1,70,,1156929,41,,,1,30,,1075748,41,,,1,70,,1156955,41,,,1,30,,1156932,41,,,1,70,,1156936,41,,,1,29,,1156950,41,,,1,70,,1156927,41,,,1,29,,1156949,41,,,1,70,,1156951,41,,,1,30,,1156937,41,,,1,70,,1156940,41,,,1,30,,1156926,41,,,1,70,,1156934,41,,,1,30,,1156942,41,,,1,70,,1156946,41,,,1
6301,'3',747,,1156958,41,,,1,100,,1156974,41,,,1,100,,1156979,41,,,1,103,,1156978,41,,,1,70,,1156984,41,,,1,30,,1156975,41,,,1,70,,1156981,41,,,1,30,,1156969,41,,,1,70,,1156977,41,,,1,30,,1156970,41,,,1,70,,1156961,41,,,1,30,,1156963,41,,,1,70,,1156983,41,,,1,30,,1156956,41,,,1,70,,1156980,41,,,1,30,,1156967,41,,,1,70,,1156965,41,,,1,30,,1156972,41,,,1,70,,1156973,41,,,1,30,,1156962,41,,,1,70,,1156960,41,,,1,29,,1156968,41,,,1,70,,1156976,41,,,1,29,,1156959,41,,,1,70,,1156964,41,,,1,30,,1156971,41,,,1,70,,1156966,41,,,1,30,,1156957,41,,,1,100,,1156982,41,,,1
6301,'4',747,,1156995,41,,,1,100,,1157007,41,,,1,100,,1157002,41,,,1,103,,1156993,41,,,1,70,,1156991,41,,,1,30,,1007910,41,,,1,70,,1156987,41,,,1,30,,1156994,41,,,1,70,,1036777,41,,,1,30,,1157005,41,,,1,70,,1156989,41,,,1,30,,1156996,41,,,1,70,,1156988,41,,,1,30,,1156998,41,,,1,70,,994471,41,,,1,30,,1156999,41,,,1,70,,1062970,41,,,1,30,,1157001,41,,,1,70,,1156990,41,,,1,30,,1157006,41,,,1,70,,1157008,41,,,1,29,,1157003,41,,,1,70,,1156985,41,,,1,29,,1157000,41,,,1,70,,1156992,41,,,1,30,,1101121,41,,,1,70,,1156997,41,,,1,30,,1156986,41,,,1,100,,1157004,41,,,1
6301,'5',555,,1157032,41,,,1,74,,1157051,41,,,1,15,,1085552,41,,,1,13,,1038525,41,,,1,56,,1157027,41,,,1,14,,1157048,41,,,1,12,,1157034,41,,,1,15,,1157018,41,,,1,54,,1157053,41,,,1,17,,1157029,41,,,1,15,,1157012,41,,,1,14,,1157021,41,,,1,55,,1157013,41,,,1,14,,1157017,41,,,1,29,,1157031,41,,,1,70,,1157049,41,,,1,29,,1157045,41,,,1,70,,1157039,41,,,1,29,,1076968,41,,,1,69,,1093326,41,,,1,29,,1157024,41,,,1,70,,1157035,41,,,1,30,,1157050,41,,,1,73,,1080728,41,,,1,30,,1157036,41,,,1,72,,1052771,46,,,1,34,,1157030,26,,,1,43,,1157023,46,,,1,32,,1157040,46,,,1,23,,1157052,26,,,1,50,,1157042,46,,,1,15,,1157014,46,,,1,16,,1157026,46,,,1,8,,1157043,26,,,1,6,,1157016,46,,,1,54,,1157019,46,,,1,13,,1157038,46,,,1,14,,1157033,46,,,1,11,,1157046,46,,,1,16,,1076611,46,,,1,53,,948502,46,,,1,14,,1157022,46,,,1,13,,1157044,46,,,1,16,,1157047,46,,,1,56,,1157015,46,,,1,29,,1157011,46,,,1,70,,1050548,46,,,1,30,,1157025,46,,,1,64,,1157020,46,,,1,31,,1157009,46,,,1,70,,1157041,46,,,1,29,,1157010,46,,,1,67,,1157028,46,,,1,39,,1157037,26,,,1
6301,'6',555,,1157058,41,,,1,74,,1157085,41,,,1,15,,1157090,41,,,1,13,,1157070,41,,,1,56,,1157067,41,,,1,14,,1051288,41,,,1,12,,1157074,41,,,1,15,,1157055,41,,,1,54,,1157071,41,,,1,17,,1157056,41,,,1,15,,1157068,41,,,1,14,,1039255,41,,,1,55,,1157091,41,,,1,14,,1157095,41,,,1,29,,1157069,41,,,1,70,,1088301,41,,,1,29,,1157088,41,,,1,70,,1157087,41,,,1,29,,1157066,41,,,1,69,,1157065,41,,,1,29,,1157089,41,,,1,70,,1157080,41,,,1,30,,1053263,41,,,1,73,,1071759,41,,,1,30,,1157079,41,,,1,72,,1157075,46,,,1,34,,1049613,26,,,1,43,,1157062,46,,,1,32,,1157054,46,,,1,23,,1157073,26,,,1,50,,1157076,46,,,1,15,,1157063,46,,,1,16,,1157086,46,,,1,8,,1088950,26,,,1,6,,1157093,46,,,1,54,,1102202,46,,,1,13,,1068951,46,,,1,14,,1157092,46,,,1,11,,1157064,46,,,1,16,,1157081,46,,,1,53,,1157078,46,,,1,14,,1157094,46,,,1,13,,1157082,46,,,1,16,,1157084,46,,,1,56,,1157061,46,,,1,29,,1157059,46,,,1,70,,1157060,46,,,1,30,,1157057,46,,,1,64,,1157077,46,,,1,31,,1157083,46,,,1,70,,1081119,46,,,1,29,,1084556,46,,,1,67,,1157072,46,,,1,39,,1157096,26,,,1
6301,'7',748,,1157109,41,,,1,77,,1157118,41,,,1,30,,1157119,41,,,1,70,,1157130,41,,,1,30,,1157111,41,,,1,70,,1157103,41,,,1,32,,1157116,41,,,1,71,,1157117,41,,,1,30,,1157107,41,,,1,70,,1157106,41,,,1,30,,1157125,41,,,1,70,,1157115,41,,,1,30,,1157112,41,,,1,70,,1157128,41,,,1,30,,1157098,41,,,1,70,,1157127,41,,,1,30,,1157113,41,,,1,70,,1157110,41,,,1,30,,1157108,41,,,1,70,,1157102,41,,,1,30,,1157101,41,,,1,70,,1157104,41,,,1,30,,1157105,41,,,1,70,,1157123,41,,,1,29,,1157100,41,,,1,70,,1157124,41,,,1,29,,1157122,41,,,1,70,,1157129,41,,,1,30,,1157120,41,,,1,70,,1157121,41,,,1,30,,1157114,41,,,1,70,,1157126,41,,,1,30,,1157097,41,,,1,70,,1157099,41,,,1
6301,'8',555,,1157140,41,,,1,74,,1157168,41,,,1,15,,1157174,41,,,1,13,,1157152,41,,,1,56,,1157149,41,,,1,14,,1157180,41,,,1,12,,1157156,41,,,1,15,,1157132,41,,,1,54,,1157153,41,,,1,17,,1157133,41,,,1,15,,1157150,41,,,1,14,,1157139,41,,,1,55,,1157175,41,,,1,14,,1157182,41,,,1,29,,1157151,41,,,1,70,,1157137,41,,,1,29,,1157172,41,,,1,70,,1157171,41,,,1,29,,1157148,41,,,1,69,,1157147,41,,,1,29,,1157173,41,,,1,70,,1157163,41,,,1,30,,1157161,41,,,1,73,,1157134,41,,,1,30,,1157162,41,,,1,72,,1157157,46,,,1,34,,1157178,26,,,1,43,,1157144,46,,,1,32,,1157131,46,,,1,23,,1157155,26,,,1,50,,1157158,46,,,1,15,,1157145,46,,,1,16,,1157169,46,,,1,8,,1157135,26,,,1,6,,1157177,46,,,1,54,,1157170,46,,,1,13,,1157181,46,,,1,14,,1157176,46,,,1,11,,1157146,46,,,1,16,,1157164,46,,,1,53,,1157160,46,,,1,14,,1157179,46,,,1,13,,1157165,46,,,1,16,,1157167,46,,,1,56,,1157143,46,,,1,29,,1157141,46,,,1,70,,1157142,46,,,1,30,,1157138,46,,,1,64,,1157159,46,,,1,31,,1157166,46,,,1,70,,1157136,46,,,1,29,,1157183,46,,,1,67,,1157154,46,,,1,39,,1157184,26,,,1
6301,'9',555,,1157208,41,,,1,74,,1157227,41,,,1,15,,1085421,41,,,1,13,,1038706,41,,,1,56,,1157203,41,,,1,14,,1157224,41,,,1,12,,1157210,41,,,1,15,,1157194,41,,,1,54,,1157229,41,,,1,17,,1157205,41,,,1,15,,1157188,41,,,1,14,,1157197,41,,,1,55,,1157189,41,,,1,14,,1157193,41,,,1,29,,1157207,41,,,1,70,,1157225,41,,,1,29,,1157221,41,,,1,70,,1157215,41,,,1,29,,1076863,41,,,1,69,,1093170,41,,,1,29,,1157200,41,,,1,70,,1157211,41,,,1,30,,1157226,41,,,1,73,,1080639,41,,,1,30,,1157212,41,,,1,72,,1052885,46,,,1,34,,1157206,26,,,1,43,,1157199,46,,,1,32,,1157216,46,,,1,23,,1157228,26,,,1,50,,1157218,46,,,1,15,,1157190,46,,,1,16,,1157202,46,,,1,8,,1157219,26,,,1,6,,1157192,46,,,1,54,,1157195,46,,,1,13,,1157214,46,,,1,14,,1157209,46,,,1,11,,1157222,46,,,1,16,,1076511,46,,,1,53,,948450,46,,,1,14,,1157198,46,,,1,13,,1157220,46,,,1,16,,1157223,46,,,1,56,,1157191,46,,,1,29,,1157187,46,,,1,70,,1050889,46,,,1,30,,1157201,46,,,1,64,,1157196,46,,,1,31,,1157185,46,,,1,70,,1157217,46,,,1,29,,1157186,46,,,1,67,,1157204,46,,,1,39,,1157213,26,,,1
6600,'1',1435,,1157231,23,,,1,72,,1157233,23,,,1,30,,1157235,23,,,1,70,,1029458,23,,,1,31,,1157236,23,,,1,68,,1157234,23,,,1,30,,1157232,23,,,1,73,,1157230,23,,,1,19,,1036978,23,,,1,28,,1157237,23,,,1
6600,'10',1435,,1157239,23,,,1,72,,1157241,23,,,1,30,,1157243,23,,,1,70,,1029552,23,,,1,31,,1157244,23,,,1,68,,1157242,23,,,1,30,,1157240,23,,,1,73,,1157238,23,,,1,19,,1037208,23,,,1,28,,1157245,23,,,1
6600,'11',1435,,1157247,23,,,1,72,,1157249,23,,,1,30,,1157251,23,,,1,70,,1029429,23,,,1,31,,1157252,23,,,1,68,,1157250,23,,,1,30,,1157248,23,,,1,73,,1157246,23,,,1,19,,1036911,23,,,1,28,,1157253,23,,,1
6600,'12',1435,,1157254,23,,,1,72,,1157259,23,,,1,30,,1157260,23,,,1,70,,1157257,23,,,1,31,,1157261,23,,,1,68,,1051733,23,,,1,30,,1157258,23,,,1,73,,1157262,23,,,1,19,,1157256,23,,,1,28,,1157255,23,,,1
6600,'14',1435,,1157264,23,,,1,72,,1157268,23,,,1,30,,1157270,23,,,1,70,,1157265,23,,,1,31,,1157271,23,,,1,68,,1157269,23,,,1,30,,1157266,23,,,1,73,,1157263,23,,,1,19,,1157267,23,,,1,28,,1157272,23,,,1
6600,'15',1435,,1157273,23,,,1,72,,1157280,23,,,1,30,,1157277,23,,,1,70,,1157278,23,,,1,31,,1157276,23,,,1,68,,1157279,23,,,1,30,,1157274,23,,,1,73,,1157281,23,,,1,19,,1157275,23,,,1,28,,1157282,23,,,1
6600,'16',1435,,1157283,23,,,1,72,,1157288,23,,,1,30,,1157289,23,,,1,70,,1157286,23,,,1,31,,1157290,23,,,1,68,,1157284,23,,,1,30,,1157287,23,,,1,73,,1157291,23,,,1,19,,1157285,23,,,1,28,,1073864,23,,,1
6600,'5',1435,,1157293,23,,,1,72,,1157295,23,,,1,30,,1157297,23,,,1,70,,1029284,23,,,1,31,,1157298,23,,,1,68,,1157296,23,,,1,30,,1157294,23,,,1,73,,1157292,23,,,1,19,,1036563,23,,,1,28,,1157299,23,,,1
6600,'6',1435,,1092506,23,,,1,72,,1157305,23,,,1,30,,1157306,23,,,1,70,,1157303,23,,,1,31,,1000516,23,,,1,68,,1157301,23,,,1,30,,1157304,23,,,1,73,,998241,23,,,1,19,,1157302,23,,,1,28,,1157300,23,,,1
6600,'8',1435,,1157307,23,,,1,72,,1157313,23,,,1,30,,1157314,23,,,1,70,,1157311,23,,,1,31,,1157315,23,,,1,68,,1157309,23,,,1,30,,1157312,23,,,1,73,,1157316,23,,,1,19,,1157310,23,,,1,28,,1157308,23,,,1
6600,'9',1435,,1157318,23,,,1,72,,1157320,23,,,1,30,,1157322,23,,,1,70,,1029487,23,,,1,31,,1157323,23,,,1,68,,1157321,23,,,1,30,,1157319,23,,,1,73,,1157317,23,,,1,19,,1037045,23,,,1,28,,1157324,23,,,1
6700,'1',624,,1157418,28,,,1,81,,1157432,28,,,1,33,,1157411,28,,,1,67,,1157419,28,,,1,30,,1157429,28,,,1,71,,1157404,28,,,1
6700,'10',624,,1157450,28,,,1,81,,1157464,28,,,1,33,,1157443,28,,,1,67,,1157451,28,,,1,30,,1157461,28,,,1,71,,1157436,28,,,1
6700,'11',624,,1157482,28,,,1,81,,1157496,28,,,1,33,,1157475,28,,,1,67,,1157483,28,,,1,30,,1157493,28,,,1,71,,1157468,28,,,1
6700,'12',624,,1157517,28,,,1,81,,1157516,28,,,1,33,,1157498,28,,,1,67,,1157497,28,,,1,30,,1157504,28,,,1,71,,1157519,28,,,1
6700,'14',624,,1157558,28,,,1,81,,1157572,28,,,1,33,,1157551,28,,,1,67,,1157559,28,,,1,30,,1157569,28,,,1,71,,1157544,28,,,1
6700,'15',624,,1157584,28,,,1,81,,1157603,28,,,1,33,,1157602,28,,,1,67,,1157582,28,,,1,30,,1157594,28,,,1,71,,1157588,28,,,1
6700,'16',624,,1157623,28,,,1,81,,1157622,28,,,1,33,,964684,28,,,1,67,,1157605,28,,,1,30,,1157610,28,,,1,71,,1157625,28,,,1
6700,'5',624,,1157731,28,,,1,81,,1157745,28,,,1,33,,1157724,28,,,1,67,,1157732,28,,,1,30,,1157742,28,,,1,71,,1157717,28,,,1
6700,'6',624,,1157764,28,,,1,81,,1157763,28,,,1,33,,1157746,28,,,1,67,,1081116,28,,,1,30,,1157751,28,,,1,71,,1157766,28,,,1
6700,'8',624,,1157819,28,,,1,81,,1157818,28,,,1,33,,1157799,28,,,1,67,,1157798,28,,,1,30,,1157806,28,,,1,71,,1157821,28,,,1
6700,'9',624,,1157847,28,,,1,81,,1157861,28,,,1,33,,1157840,28,,,1,67,,1157848,28,,,1,30,,1157858,28,,,1,71,,1157833,28,,,1
8100,'1',539,,1168098,13,,,1,75,,1168121,13,,,1,30,,1168128,13,,,1,70,,1168120,13,,,1,25,,1168107,13,,,1,75,,1168113,13,,,1,30,,1168109,13,,,1,70,,1168104,13,,,1,30,,1071436,13,,,1,70,,1168100,13,,,1,30,,1019926,13,,,1,70,,1168122,13,,,1,30,,1168118,13,,,1,70,,1168124,13,,,1,30,,1168105,13,,,1,70,,1168114,13,,,1,30,,1168117,13,,,1,71,,1068647,13,,,1,31,,1168103,13,,,1,70,,1168108,13,,,1,33,,1168102,13,,,1,71,,1168099,13,,,1,31,,1168116,13,,,1,70,,1168106,13,,,1,29,,1168111,13,,,1,65,,1168112,13,,,1,26,,1001951,13,,,1,70,,1168125,13,,,1,30,,1168127,13,,,1,70,,1096123,13,,,1,29,,1168123,13,,,1,70,,1168126,13,,,1,30,,1168115,13,,,1,70,,1168119,13,,,1,100,,1168110,13,,,1,49,,1168101,13,,,1
8100,'10',539,,1168129,13,,,1,75,,1168152,13,,,1,30,,1168159,13,,,1,70,,1168151,13,,,1,25,,1168138,13,,,1,75,,1168144,13,,,1,30,,1168140,13,,,1,70,,1168135,13,,,1,30,,1071400,13,,,1,70,,1168131,13,,,1,30,,1020090,13,,,1,70,,1168153,13,,,1,30,,1168149,13,,,1,70,,1168155,13,,,1,30,,1168136,13,,,1,70,,1168145,13,,,1,30,,1168148,13,,,1,71,,1068602,13,,,1,31,,1168134,13,,,1,70,,1168139,13,,,1,33,,1168133,13,,,1,71,,1168130,13,,,1,31,,1168147,13,,,1,70,,1168137,13,,,1,29,,1168142,13,,,1,65,,1168143,13,,,1,26,,1002132,13,,,1,70,,1168156,13,,,1,30,,1168158,13,,,1,70,,1095980,13,,,1,29,,1168154,13,,,1,70,,1168157,13,,,1,30,,1168146,13,,,1,70,,1168150,13,,,1,100,,1168141,13,,,1,49,,1168132,13,,,1
8100,'11',539,,1168160,13,,,1,75,,1168183,13,,,1,30,,1168190,13,,,1,70,,1168182,13,,,1,25,,1168169,13,,,1,75,,1168175,13,,,1,30,,1168171,13,,,1,70,,1168166,13,,,1,30,,1071448,13,,,1,70,,1168162,13,,,1,30,,1019877,13,,,1,70,,1168184,13,,,1,30,,1168180,13,,,1,70,,1168186,13,,,1,30,,1168167,13,,,1,70,,1168176,13,,,1,30,,1168179,13,,,1,71,,1068662,13,,,1,31,,1168165,13,,,1,70,,1168170,13,,,1,33,,1168164,13,,,1,71,,1168161,13,,,1,31,,1168178,13,,,1,70,,1168168,13,,,1,29,,1168173,13,,,1,65,,1168174,13,,,1,26,,1001898,13,,,1,70,,1168187,13,,,1,30,,1168189,13,,,1,70,,1096166,13,,,1,29,,1168185,13,,,1,70,,1168188,13,,,1,30,,1168177,13,,,1,70,,1168181,13,,,1,100,,1168172,13,,,1,49,,1168163,13,,,1
8100,'12',539,,1168218,13,,,1,75,,1168200,13,,,1,30,,1009563,13,,,1,70,,1168202,13,,,1,25,,1168209,13,,,1,75,,1092792,13,,,1,30,,1168221,13,,,1,70,,1168191,13,,,1,30,,1168220,13,,,1,70,,1168192,13,,,1,30,,1168215,13,,,1,70,,1168213,13,,,1,30,,1168194,13,,,1,70,,1168199,13,,,1,30,,1168210,13,,,1,70,,1168219,13,,,1,30,,1168195,13,,,1,71,,1168197,13,,,1,31,,1168207,13,,,1,70,,1168201,13,,,1,33,,1168222,13,,,1,71,,1168205,13,,,1,31,,1168208,13,,,1,70,,1168211,13,,,1,29,,1074892,13,,,1,65,,1168206,13,,,1,26,,1168203,13,,,1,70,,1168193,13,,,1,30,,1168204,13,,,1,70,,1168223,13,,,1,29,,1168198,13,,,1,70,,1168217,13,,,1,30,,1168216,13,,,1,70,,1168196,13,,,1,100,,1168214,13,,,1,49,,1168212,13,,,1
8100,'13',732,,1168232,13,,,1,70,,1065343,13,,,1,30,,1168234,13,,,1,70,,1168246,13,,,1,30,,1168226,13,,,1,70,,1168236,13,,,1,31,,1168231,13,,,1,70,,1168241,13,,,1,30,,1168228,13,,,1,70,,1168227,13,,,1,30,,1168244,13,,,1,70,,1168235,13,,,1,30,,1168229,13,,,1,70,,1168242,13,,,1,30,,1168245,13,,,1,70,,1168239,13,,,1,30,,1168240,13,,,1,70,,1168224,13,,,1,30,,1091807,13,,,1,70,,1168230,13,,,1,30,,1168238,13,,,1,70,,1168237,13,,,1,30,,1168233,13,,,1,100,,1091517,13,,,1,100,,1168243,13,,,1,99,,1168247,13,,,1,100,,1168225,13,,,1
8100,'14',539,,1168248,13,,,1,75,,1168274,13,,,1,30,,1168282,13,,,1,70,,1168273,13,,,1,25,,1168259,13,,,1,75,,1168265,13,,,1,30,,1168261,13,,,1,70,,1168256,13,,,1,30,,1168280,13,,,1,70,,1168252,13,,,1,30,,1168269,13,,,1,70,,1168275,13,,,1,30,,1168271,13,,,1,70,,1168277,13,,,1,30,,1168257,13,,,1,70,,1168266,13,,,1,30,,1168270,13,,,1,71,,1168283,13,,,1,31,,1168255,13,,,1,70,,1168260,13,,,1,33,,1168254,13,,,1,71,,1168251,13,,,1,31,,1168268,13,,,1,70,,1168258,13,,,1,29,,1168263,13,,,1,65,,1168264,13,,,1,26,,1168250,13,,,1,70,,1168278,13,,,1,30,,1168281,13,,,1,70,,1168249,13,,,1,29,,1168276,13,,,1,70,,1168279,13,,,1,30,,1168267,13,,,1,70,,1168272,13,,,1,100,,1168262,13,,,1,49,,1168253,13,,,1
8100,'15',539,,1168297,13,,,1,75,,1168300,13,,,1,30,,1168306,13,,,1,70,,1168301,13,,,1,25,,1168299,13,,,1,75,,1168303,13,,,1,30,,1168314,13,,,1,70,,1168291,13,,,1,30,,1168286,13,,,1,70,,1168284,13,,,1,30,,1168295,13,,,1,70,,1168290,13,,,1,30,,1168304,13,,,1,70,,1168313,13,,,1,30,,1168296,13,,,1,70,,1168289,13,,,1,30,,1168294,13,,,1,71,,1168317,13,,,1,31,,1168298,13,,,1,70,,1168293,13,,,1,33,,1168292,13,,,1,71,,1168307,13,,,1,31,,1168287,13,,,1,70,,1168319,13,,,1,29,,1168302,13,,,1,65,,1168312,13,,,1,26,,1168308,13,,,1,70,,1168310,13,,,1,30,,1168315,13,,,1,70,,1168285,13,,,1,29,,1168311,13,,,1,70,,1168288,13,,,1,30,,1168305,13,,,1,70,,1168318,13,,,1,100,,1168316,13,,,1,49,,1168309,13,,,1
8100,'16',539,,1168347,13,,,1,75,,1168329,13,,,1,30,,1168352,13,,,1,70,,1168331,13,,,1,25,,1168338,13,,,1,75,,1168348,13,,,1,30,,1168349,13,,,1,70,,1097491,13,,,1,30,,1093830,13,,,1,70,,1168320,13,,,1,30,,1168344,13,,,1,70,,1168342,13,,,1,30,,1168323,13,,,1,70,,1168328,13,,,1,30,,1168339,13,,,1,70,,1084777,13,,,1,30,,1168324,13,,,1,71,,1168326,13,,,1,31,,1168336,13,,,1,70,,1168330,13,,,1,33,,1168350,13,,,1,71,,1168334,13,,,1,31,,1168337,13,,,1,70,,1168340,13,,,1,29,,1168322,13,,,1,65,,1168335,13,,,1,26,,1168332,13,,,1,70,,1168321,13,,,1,30,,1168333,13,,,1,70,,1168351,13,,,1,29,,1168327,13,,,1,70,,1168346,13,,,1,30,,1168345,13,,,1,70,,1168325,13,,,1,100,,1168343,13,,,1,49,,1168341,13,,,1
8100,'17',732,,1168363,13,,,1,70,,1168371,13,,,1,30,,1168365,13,,,1,70,,1168378,13,,,1,30,,1168357,13,,,1,70,,1168367,13,,,1,31,,1168362,13,,,1,70,,1168373,13,,,1,30,,1168359,13,,,1,70,,1168358,13,,,1,30,,1168376,13,,,1,70,,1168366,13,,,1,30,,1168360,13,,,1,70,,1168374,13,,,1,30,,1168377,13,,,1,70,,1168370,13,,,1,30,,1168372,13,,,1,70,,1168353,13,,,1,30,,1168356,13,,,1,70,,1168361,13,,,1,30,,1168369,13,,,1,70,,1168368,13,,,1,30,,1168364,13,,,1,100,,1168355,13,,,1,100,,1168375,13,,,1,99,,1168379,13,,,1,100,,1168354,13,,,1
8100,'2',735,,1096574,13,,,1,70,,1168403,13,,,1,30,,1168393,13,,,1,70,,1168380,13,,,1,30,,1096022,13,,,1,70,,1168400,13,,,1,31,,1168384,13,,,1,70,,1168405,13,,,1,30,,1168389,13,,,1,70,,1168395,13,,,1,30,,1168392,13,,,1,70,,1168383,13,,,1,30,,1168385,13,,,1,70,,1168394,13,,,1,30,,1168381,13,,,1,70,,1168401,13,,,1,30,,1168397,13,,,1,70,,1168382,13,,,1,30,,1168387,13,,,1,70,,1168404,13,,,1,30,,1168396,13,,,1,70,,1168391,13,,,1,30,,1168390,13,,,1,70,,1168399,13,,,1,30,,1168386,13,,,1,100,,1055301,13,,,1,99,,1168398,13,,,1,100,,1168402,13,,,1,100,,1168388,13,,,1
8100,'3',732,,1168416,13,,,1,70,,1168424,13,,,1,30,,1168418,13,,,1,70,,1168431,13,,,1,30,,1168410,13,,,1,70,,1168420,13,,,1,31,,1168415,13,,,1,70,,1168426,13,,,1,30,,1168412,13,,,1,70,,1168411,13,,,1,30,,1168429,13,,,1,70,,1168419,13,,,1,30,,1168413,13,,,1,70,,1168427,13,,,1,30,,1168430,13,,,1,70,,1168423,13,,,1,30,,1168425,13,,,1,70,,1168406,13,,,1,30,,1168409,13,,,1,70,,1168414,13,,,1,30,,1168422,13,,,1,70,,1168421,13,,,1,30,,1168417,13,,,1,100,,1168408,13,,,1,100,,1168428,13,,,1,99,,1168432,13,,,1,100,,1168407,13,,,1
8100,'4',732,,1168454,13,,,1,70,,1168448,13,,,1,30,,1168440,13,,,1,70,,1168452,13,,,1,30,,1168444,13,,,1,70,,1101134,13,,,1,31,,1168445,13,,,1,70,,1168433,13,,,1,30,,1168449,13,,,1,70,,1168450,13,,,1,30,,1168443,13,,,1,70,,1168442,13,,,1,30,,1168447,13,,,1,70,,1168435,13,,,1,30,,1168453,13,,,1,70,,1168438,13,,,1,30,,1168439,13,,,1,70,,1168436,13,,,1,30,,1083106,13,,,1,70,,1168441,13,,,1,30,,1168456,13,,,1,70,,1168455,13,,,1,30,,1168446,13,,,1,100,,1074230,13,,,1,100,,1168434,13,,,1,99,,1168451,13,,,1,100,,1168437,13,,,1
8100,'5',539,,1168457,13,,,1,75,,1168480,13,,,1,30,,1168487,13,,,1,70,,1168479,13,,,1,25,,1168466,13,,,1,75,,1168472,13,,,1,30,,1168468,13,,,1,70,,1168463,13,,,1,30,,1071424,13,,,1,70,,1168459,13,,,1,30,,1019655,13,,,1,70,,1168481,13,,,1,30,,1168477,13,,,1,70,,1168483,13,,,1,30,,1168464,13,,,1,70,,1168473,13,,,1,30,,1168476,13,,,1,71,,1068632,13,,,1,31,,1168462,13,,,1,70,,1168467,13,,,1,33,,1168461,13,,,1,71,,1168458,13,,,1,31,,1168475,13,,,1,70,,1168465,13,,,1,29,,1168470,13,,,1,65,,1168471,13,,,1,26,,1001624,13,,,1,70,,1168484,13,,,1,30,,1168486,13,,,1,70,,1096103,13,,,1,29,,1168482,13,,,1,70,,1168485,13,,,1,30,,1168474,13,,,1,70,,1168478,13,,,1,100,,1168469,13,,,1,49,,1168460,13,,,1
8100,'6',539,,1168512,13,,,1,75,,1168495,13,,,1,30,,1168517,13,,,1,70,,1168497,13,,,1,25,,1168503,13,,,1,75,,1168513,13,,,1,30,,1168516,13,,,1,70,,1168488,13,,,1,30,,1168515,13,,,1,70,,1075142,13,,,1,30,,1168509,13,,,1,70,,1168507,13,,,1,30,,1048642,13,,,1,70,,1168494,13,,,1,30,,1168504,13,,,1,70,,1168514,13,,,1,30,,1168491,13,,,1,71,,1077363,13,,,1,31,,1168501,13,,,1,70,,1168496,13,,,1,33,,1082958,13,,,1,71,,1168499,13,,,1,31,,1168502,13,,,1,70,,1168505,13,,,1,29,,1168490,13,,,1,65,,1168500,13,,,1,26,,1168498,13,,,1,70,,1168489,13,,,1,30,,1091981,13,,,1,70,,1094683,13,,,1,29,,1168493,13,,,1,70,,1168511,13,,,1,30,,1168510,13,,,1,70,,1168492,13,,,1,100,,1168508,13,,,1,49,,1168506,13,,,1
8100,'7',735,,1168525,13,,,1,70,,1168524,13,,,1,30,,1168545,13,,,1,70,,1168534,13,,,1,30,,1168533,13,,,1,70,,1168521,13,,,1,31,,1168527,13,,,1,70,,1168526,13,,,1,30,,1168542,13,,,1,70,,1168541,13,,,1,30,,1168531,13,,,1,70,,1168540,13,,,1,30,,1168530,13,,,1,70,,1168523,13,,,1,30,,1168529,13,,,1,70,,1168518,13,,,1,30,,1168535,13,,,1,70,,1168539,13,,,1,30,,1168537,13,,,1,70,,1168519,13,,,1,30,,1168522,13,,,1,70,,1168532,13,,,1,30,,1168528,13,,,1,70,,1168520,13,,,1,30,,1168546,13,,,1,100,,1168536,13,,,1,99,,1168544,13,,,1,100,,1168538,13,,,1,100,,1168543,13,,,1
8100,'8',539,,1168575,13,,,1,75,,1168557,13,,,1,30,,1168582,13,,,1,70,,1168559,13,,,1,25,,1168566,13,,,1,75,,1168576,13,,,1,30,,1168579,13,,,1,70,,1168547,13,,,1,30,,1168578,13,,,1,70,,1168548,13,,,1,30,,1168572,13,,,1,70,,1168570,13,,,1,30,,1168551,13,,,1,70,,1168556,13,,,1,30,,1168567,13,,,1,70,,1168577,13,,,1,30,,1168552,13,,,1,71,,1168554,13,,,1,31,,1168564,13,,,1,70,,1168558,13,,,1,33,,1168580,13,,,1,71,,1168562,13,,,1,31,,1168565,13,,,1,70,,1168568,13,,,1,29,,1168550,13,,,1,65,,1168563,13,,,1,26,,1168560,13,,,1,70,,1168549,13,,,1,30,,1168561,13,,,1,70,,1168581,13,,,1,29,,1168555,13,,,1,70,,1168574,13,,,1,30,,1168573,13,,,1,70,,1168553,13,,,1,100,,1168571,13,,,1,49,,1168569,13,,,1
8100,'9',539,,1168583,13,,,1,75,,1168606,13,,,1,30,,1168613,13,,,1,70,,1168605,13,,,1,25,,1168592,13,,,1,75,,1168598,13,,,1,30,,1168594,13,,,1,70,,1168589,13,,,1,30,,1071412,13,,,1,70,,1168585,13,,,1,30,,1019975,13,,,1,70,,1168607,13,,,1,30,,1168603,13,,,1,70,,1168609,13,,,1,30,,1168590,13,,,1,70,,1168599,13,,,1,30,,1168602,13,,,1,71,,1068617,13,,,1,31,,1168588,13,,,1,70,,1168593,13,,,1,33,,1168587,13,,,1,71,,1168584,13,,,1,31,,1168601,13,,,1,70,,1168591,13,,,1,29,,1168596,13,,,1,65,,1168597,13,,,1,26,,1002004,13,,,1,70,,1168610,13,,,1,30,,1168612,13,,,1,70,,1096026,13,,,1,29,,1168608,13,,,1,70,,1168611,13,,,1,30,,1168600,13,,,1,70,,1168604,13,,,1,100,,1168595,13,,,1,49,,1168586,13,,,1
8200,'1',515,,1169133,7,,,1,97,,1169126,7,,,1,104,,1169144,7,,,1,99,,1049262,7,,,1,30,,1169136,7,,,1,70,,1169127,7,,,1,29,,1169145,7,,,1,70,,1169155,7,,,1,30,,1169142,7,,,1,70,,1169154,7,,,1,30,,1169153,7,,,1,70,,1169141,7,,,1,30,,1169151,7,,,1,70,,1169139,7,,,1,30,,1169124,7,,,1,70,,935104,7,,,1,32,,1169132,7,,,1,69,,1169131,10,,,1,30,,1169152,10,,,1,72,,1169130,10,,,1,31,,1169128,10,,,1,69,,1169129,10,,,1,28,,1169148,10,,,1,70,,1169147,10,,,1,31,,1169149,7,,,1,69,,1169135,7,,,1,29,,1169125,7,,,1,72,,1169146,7,,,1,30,,1169150,7,,,1,68,,1169143,7,,,1,32,,1169137,7,,,1,69,,1169138,7,,,1,100,,1011665,7,,,1
8200,'10',515,,1169165,7,,,1,97,,1169158,7,,,1,104,,1169176,7,,,1,99,,1049379,7,,,1,30,,1169168,7,,,1,70,,1169159,7,,,1,29,,1169177,7,,,1,70,,1169187,7,,,1,30,,1169174,7,,,1,70,,1169186,7,,,1,30,,1169185,7,,,1,70,,1169173,7,,,1,30,,1169183,7,,,1,70,,1169171,7,,,1,30,,1169156,7,,,1,70,,935106,7,,,1,32,,1169164,7,,,1,69,,1169163,10,,,1,30,,1169184,10,,,1,72,,1169162,10,,,1,31,,1169160,10,,,1,69,,1169161,10,,,1,28,,1169180,10,,,1,70,,1169179,10,,,1,31,,1169181,7,,,1,69,,1169167,7,,,1,29,,1169157,7,,,1,72,,1169178,7,,,1,30,,1169182,7,,,1,68,,1169175,7,,,1,32,,1169169,7,,,1,69,,1169170,7,,,1,100,,1011742,7,,,1
8200,'11',515,,1169197,7,,,1,97,,1169190,7,,,1,104,,1169208,7,,,1,99,,1049228,7,,,1,30,,1169200,7,,,1,70,,1169191,7,,,1,29,,1169209,7,,,1,70,,1169219,7,,,1,30,,1169206,7,,,1,70,,1169218,7,,,1,30,,1169217,7,,,1,70,,1169205,7,,,1,30,,1169215,7,,,1,70,,1169203,7,,,1,30,,1169188,7,,,1,70,,935102,7,,,1,32,,1169196,7,,,1,69,,1169195,10,,,1,30,,1169216,10,,,1,72,,1169194,10,,,1,31,,1169192,10,,,1,69,,1169193,10,,,1,28,,1169212,10,,,1,70,,1169211,10,,,1,31,,1169213,7,,,1,69,,1169199,7,,,1,29,,1169189,7,,,1,72,,1169210,7,,,1,30,,1169214,7,,,1,68,,1169207,7,,,1,32,,1169201,7,,,1,69,,1169202,7,,,1,100,,1011644,7,,,1
8200,'12',515,,1169251,7,,,1,97,,1169243,7,,,1,104,,1169230,7,,,1,99,,1169237,7,,,1,30,,1169234,7,,,1,70,,1169232,7,,,1,29,,1169250,7,,,1,70,,1169224,7,,,1,30,,1169227,7,,,1,70,,1169229,7,,,1,30,,1169245,7,,,1,70,,1070536,7,,,1,30,,1169220,7,,,1,70,,1169226,7,,,1,30,,1169228,7,,,1,70,,1169241,7,,,1,32,,1169233,7,,,1,69,,1169244,10,,,1,30,,1169249,10,,,1,72,,1169247,10,,,1,31,,1169231,10,,,1,69,,1169223,10,,,1,28,,1169235,10,,,1,70,,1169225,10,,,1,31,,1169240,7,,,1,69,,969575,7,,,1,29,,1169242,7,,,1,72,,1169238,7,,,1,30,,981099,7,,,1,68,,1169222,7,,,1,32,,1078639,7,,,1,69,,1169248,7,,,1,100,,1169221,7,,,1
8200,'13',720,,1169259,7,,,1,97,,1098823,7,,,1,100,,1078986,7,,,1,101,,1169269,7,,,1,30,,1169253,7,,,1,70,,1169266,7,,,1,30,,1169270,7,,,1,70,,1169257,7,,,1,30,,1169252,7,,,1,70,,1169267,7,,,1,30,,1071625,7,,,1,70,,1169268,7,,,1,30,,1169271,7,,,1,70,,1169258,7,,,1,30,,1169272,7,,,1,70,,1169255,7,,,1,30,,1169260,7,,,1,70,,1169254,7,,,1,30,,1169264,7,,,1,70,,1169256,7,,,1,30,,1169265,7,,,1,70,,1169263,7,,,1,100,,974156,7,,,1,99,,1169261,7,,,1,118,,1169262,7,,,1
8200,'14',515,,1169284,7,,,1,97,,1169276,7,,,1,104,,1169295,7,,,1,99,,1169306,7,,,1,30,,1169287,7,,,1,70,,1169278,7,,,1,29,,1169296,7,,,1,70,,1169308,7,,,1,30,,1169293,7,,,1,70,,1169305,7,,,1,30,,1169304,7,,,1,70,,1169292,7,,,1,30,,1169302,7,,,1,70,,1169290,7,,,1,30,,1169274,7,,,1,70,,1169273,7,,,1,32,,1169283,7,,,1,69,,1169282,10,,,1,30,,1169303,10,,,1,72,,1169281,10,,,1,31,,1169279,10,,,1,69,,1169280,10,,,1,28,,1169299,10,,,1,70,,1169298,10,,,1,31,,1169300,7,,,1,69,,1169286,7,,,1,29,,1169275,7,,,1,72,,1169297,7,,,1,30,,1169301,7,,,1,68,,1169294,7,,,1,32,,1169288,7,,,1,69,,1169289,7,,,1,100,,1169277,7,,,1
8200,'15',515,,1169333,7,,,1,97,,1169322,7,,,1,104,,1169316,7,,,1,99,,1169314,7,,,1,30,,1169342,7,,,1,70,,1169328,7,,,1,29,,1169321,7,,,1,70,,1169313,7,,,1,30,,1169329,7,,,1,70,,1169336,7,,,1,30,,1169338,7,,,1,70,,1169318,7,,,1,30,,1169334,7,,,1,70,,1169335,7,,,1,30,,1169330,7,,,1,70,,1169309,7,,,1,32,,1169320,7,,,1,69,,1169341,10,,,1,30,,1169327,10,,,1,72,,1169319,10,,,1,31,,1169339,10,,,1,69,,1169326,10,,,1,28,,1169312,10,,,1,70,,1169324,10,,,1,31,,1169332,7,,,1,69,,1169311,7,,,1,29,,1169310,7,,,1,72,,1169340,7,,,1,30,,1169344,7,,,1,68,,1169331,7,,,1,32,,1169337,7,,,1,69,,1169325,7,,,1,100,,1169315,7,,,1
8200,'16',515,,1070345,7,,,1,97,,1169369,7,,,1,104,,1169356,7,,,1,99,,1169363,7,,,1,30,,1169360,7,,,1,70,,1169358,7,,,1,29,,997744,7,,,1,70,,1169350,7,,,1,30,,1169353,7,,,1,70,,1169355,7,,,1,30,,1169371,7,,,1,70,,1169348,7,,,1,30,,1075043,7,,,1,70,,1169352,7,,,1,30,,1169354,7,,,1,70,,1169367,7,,,1,32,,1169359,7,,,1,69,,1169370,10,,,1,30,,1169376,10,,,1,72,,1169374,10,,,1,31,,1169357,10,,,1,69,,1169349,10,,,1,28,,1169361,10,,,1,70,,1169351,10,,,1,31,,1169366,7,,,1,69,,1169345,7,,,1,29,,1169368,7,,,1,72,,1169364,7,,,1,30,,1169372,7,,,1,68,,1169347,7,,,1,32,,1169377,7,,,1,69,,1169375,7,,,1,100,,1169346,7,,,1
8200,'17',720,,1169387,7,,,1,97,,1169379,7,,,1,100,,1169378,7,,,1,101,,1169397,7,,,1,30,,1169381,7,,,1,70,,1169394,7,,,1,30,,1169400,7,,,1,70,,1169385,7,,,1,30,,1169380,7,,,1,70,,1169395,7,,,1,30,,1169398,7,,,1,70,,1169396,7,,,1,30,,1169401,7,,,1,70,,1169386,7,,,1,30,,1169402,7,,,1,70,,1169383,7,,,1,30,,1169388,7,,,1,70,,1169382,7,,,1,30,,1169392,7,,,1,70,,1169384,7,,,1,30,,1169393,7,,,1,70,,1169391,7,,,1,100,,1169399,7,,,1,99,,1169389,7,,,1,118,,1169390,7,,,1
8200,'2',647,,1169425,7,,,1,105,,1169427,7,,,1,70,,1169410,7,,,1,30,,1169428,7,,,1,70,,1169419,7,,,1,31,,1169405,7,,,1,70,,1169424,7,,,1,30,,1169406,7,,,1,70,,1169431,7,,,1,30,,1093971,7,,,1,70,,1169414,7,,,1,30,,1169426,7,,,1,70,,1169407,7,,,1,30,,1169423,7,,,1,70,,1169404,7,,,1,30,,1169420,7,,,1,70,,1169416,7,,,1,30,,1169418,7,,,1,70,,1169412,7,,,1,30,,1169432,7,,,1,70,,1169415,7,,,1,30,,1169413,7,,,1,70,,1169409,7,,,1,30,,1169417,7,,,1,70,,1169411,7,,,1,30,,1169429,7,,,1,70,,1169403,7,,,1,30,,1074668,7,,,1,69,,1169430,7,,,1,30,,1169421,7,,,1,70,,1169422,7,,,1,110,,1169408,7,,,1
8200,'3',720,,1169442,7,,,1,97,,1169434,7,,,1,100,,1169433,7,,,1,101,,1169452,7,,,1,30,,1169436,7,,,1,70,,1169449,7,,,1,30,,1169455,7,,,1,70,,1169440,7,,,1,30,,1169435,7,,,1,70,,1169450,7,,,1,30,,1169453,7,,,1,70,,1169451,7,,,1,30,,1169456,7,,,1,70,,1169441,7,,,1,30,,1169457,7,,,1,70,,1169438,7,,,1,30,,1169443,7,,,1,70,,1169437,7,,,1,30,,1169447,7,,,1,70,,1169439,7,,,1,30,,1169448,7,,,1,70,,1169446,7,,,1,100,,1169454,7,,,1,99,,1169444,7,,,1,118,,1169445,7,,,1
8200,'4',720,,1169462,7,,,1,97,,1169468,7,,,1,100,,1062496,7,,,1,101,,1169473,7,,,1,30,,1169474,7,,,1,70,,1169466,7,,,1,30,,1169476,7,,,1,70,,1169463,7,,,1,30,,1169469,7,,,1,70,,1169478,7,,,1,30,,1169472,7,,,1,70,,1169460,7,,,1,30,,1169480,7,,,1,70,,1169475,7,,,1,30,,1169459,7,,,1,70,,1169479,7,,,1,30,,1169464,7,,,1,70,,1169465,7,,,1,30,,1169461,7,,,1,70,,1169458,7,,,1,30,,1169470,7,,,1,70,,1169467,7,,,1,100,,1169471,7,,,1,99,,1169477,7,,,1,118,,1074235,7,,,1
8200,'5',515,,1169490,7,,,1,97,,1169483,7,,,1,104,,1169501,7,,,1,99,,1049029,7,,,1,30,,1169493,7,,,1,70,,1169484,7,,,1,29,,1169502,7,,,1,70,,1169512,7,,,1,30,,1169499,7,,,1,70,,1169511,7,,,1,30,,1169510,7,,,1,70,,1169498,7,,,1,30,,1169508,7,,,1,70,,1169496,7,,,1,30,,1169481,7,,,1,70,,935110,7,,,1,32,,1169489,7,,,1,69,,1169488,10,,,1,30,,1169509,10,,,1,72,,1169487,10,,,1,31,,1169485,10,,,1,69,,1169486,10,,,1,28,,1169505,10,,,1,70,,1169504,10,,,1,31,,1169506,7,,,1,69,,1169492,7,,,1,29,,1169482,7,,,1,72,,1169503,7,,,1,30,,1169507,7,,,1,68,,1169500,7,,,1,32,,1169494,7,,,1,69,,1169495,7,,,1,100,,1011514,7,,,1
8200,'6',515,,1169546,7,,,1,97,,1169537,7,,,1,104,,1169524,7,,,1,99,,1169531,7,,,1,30,,1169528,7,,,1,70,,1169526,7,,,1,29,,1169545,7,,,1,70,,1169518,7,,,1,30,,1169521,7,,,1,70,,1169523,7,,,1,30,,1169539,7,,,1,70,,1169517,7,,,1,30,,1169514,7,,,1,70,,1169520,7,,,1,30,,1169522,7,,,1,70,,1169535,7,,,1,32,,1169527,7,,,1,69,,1169538,10,,,1,30,,1169544,10,,,1,72,,1169542,10,,,1,31,,1169525,10,,,1,69,,1003589,10,,,1,28,,1169529,10,,,1,70,,1169519,10,,,1,31,,1169534,7,,,1,69,,1169513,7,,,1,29,,1169536,7,,,1,72,,1169532,7,,,1,30,,1169540,7,,,1,68,,1169516,7,,,1,32,,1169547,7,,,1,69,,1169543,7,,,1,100,,1169515,7,,,1
8200,'7',647,,1169570,7,,,1,105,,1169550,7,,,1,70,,1169551,7,,,1,30,,1169549,7,,,1,70,,1169576,7,,,1,31,,1169555,7,,,1,70,,1169579,7,,,1,30,,1169572,7,,,1,70,,1169554,7,,,1,30,,1169558,7,,,1,70,,1169560,7,,,1,30,,1169552,7,,,1,70,,1169569,7,,,1,30,,1169564,7,,,1,70,,1169578,7,,,1,30,,1169565,7,,,1,70,,1169575,7,,,1,30,,1169568,7,,,1,70,,1169556,7,,,1,30,,1169577,7,,,1,70,,1169566,7,,,1,30,,1169561,7,,,1,70,,1169557,7,,,1,30,,1169567,7,,,1,70,,1169563,7,,,1,30,,1169553,7,,,1,70,,1169562,7,,,1,30,,1169548,7,,,1,69,,1169574,7,,,1,30,,1169573,7,,,1,70,,1169571,7,,,1,110,,1169559,7,,,1
8200,'8',515,,1169614,7,,,1,97,,1169605,7,,,1,104,,1169592,7,,,1,99,,1169599,7,,,1,30,,1169596,7,,,1,70,,1169594,7,,,1,29,,1169613,7,,,1,70,,1169586,7,,,1,30,,1169589,7,,,1,70,,1169591,7,,,1,30,,1169607,7,,,1,70,,1169584,7,,,1,30,,1169581,7,,,1,70,,1169588,7,,,1,30,,1169590,7,,,1,70,,1169603,7,,,1,32,,1169595,7,,,1,69,,1169606,10,,,1,30,,1169612,10,,,1,72,,1169610,10,,,1,31,,1169593,10,,,1,69,,1169585,10,,,1,28,,1169597,10,,,1,70,,1169587,10,,,1,31,,1169602,7,,,1,69,,1169580,7,,,1,29,,1169604,7,,,1,72,,1169600,7,,,1,30,,1169608,7,,,1,68,,1169583,7,,,1,32,,1169615,7,,,1,69,,1169611,7,,,1,100,,1169582,7,,,1
8200,'9',515,,1169625,7,,,1,97,,1169618,7,,,1,104,,1169636,7,,,1,99,,1049296,7,,,1,30,,1169628,7,,,1,70,,1169619,7,,,1,29,,1169637,7,,,1,70,,1169647,7,,,1,30,,1169634,7,,,1,70,,1169646,7,,,1,30,,1169645,7,,,1,70,,1169633,7,,,1,30,,1169643,7,,,1,70,,1169631,7,,,1,30,,1169616,7,,,1,70,,935108,7,,,1,32,,1169624,7,,,1,69,,1169623,10,,,1,30,,1169644,10,,,1,72,,1169622,10,,,1,31,,1169620,10,,,1,69,,1169621,10,,,1,28,,1169640,10,,,1,70,,1169639,10,,,1,31,,1169641,7,,,1,69,,1169627,7,,,1,29,,1169617,7,,,1,72,,1169638,7,,,1,30,,1169642,7,,,1,68,,1169635,7,,,1,32,,1169629,7,,,1,69,,1169630,7,,,1,100,,1011686,7,,,1
30101,'10',1437,,1198181,10,,,1
30101,'3',1437,,1198182,10,,,1
30101,'6',1437,,1198183,10,,,1
30301,'16',1437,,1198189,10,,,1
30301,'9',1437,,1198190,10,,,1
40400,'14',1729,,1198201,5,,,1,20,,1198203,5,,,1,9,,1198202,5,,,1,49,,1198204,5,,,1
40400,'15',1729,,1198205,5,,,1,16,,1198206,5,,,1,57,,1198207,5,,,1
40600,'14',1758,,1198212,35,,,1
40600,'15',1758,,1198213,35,,,1
69100,'1',816,,1200677,13,,,1
69100,'10',816,,1200678,13,,,1
69100,'11',816,,1200679,13,,,1
69100,'12',816,,1200680,13,,,1
69100,'14',816,,1200681,13,,,1
69100,'15',816,,1200682,13,,,1
69100,'16',816,,1200683,13,,,1
69100,'5',816,,1200684,13,,,1
69100,'6',816,,1200685,13,,,1
69100,'8',816,,1200686,13,,,1
69100,'9',816,,1200687,13,,,1
