7000,'1',553,,1160248,32,,,1,76,,1160243,32,,,1,15,,1160247,32,,,1,14,,1160244,32,,,1,55,,1160216,32,,,1,15,,1160224,32,,,1,15,,1160228,32,,,1,14,,1160215,32,,,1,55,,1160252,32,,,1,15,,1088754,32,,,1,17,,1160214,32,,,1,13,,1160219,32,,,1,71,,1062610,32,,,1,30,,1160227,32,,,1,70,,1160238,32,,,1,30,,1160253,32,,,1,70,,1160246,32,,,1,30,,969079,32,,,1,70,,1160218,32,,,1,30,,1160239,32,,,1,70,,1160251,32,,,1,30,,1160222,32,,,1,69,,1160245,32,,,1,30,,1160235,32,,,1,69,,1160237,32,,,1,31,,1160240,32,,,1,55,,1160249,32,,,1,15,,1160233,32,,,1,15,,995209,32,,,1,15,,1084453,32,,,1,55,,1160250,32,,,1,15,,1094143,32,,,1,15,,1160229,32,,,1,15,,1160232,32,,,1,55,,1032084,32,,,1,15,,1160225,32,,,1,17,,1160236,32,,,1,14,,1160231,32,,,1,54,,1160226,32,,,1,17,,1160241,32,,,1,30,,1160242,32,,,1,70,,1005617,32,,,1,72,,1160221,32,,,1,30,,1160220,32,,,1,70,,1160234,32,,,1,100,,1038250,32,,,1
7000,'10',553,,1160288,32,,,1,76,,1160283,32,,,1,15,,1160287,32,,,1,14,,1160284,32,,,1,55,,1160256,32,,,1,15,,1160264,32,,,1,15,,1160268,32,,,1,14,,1160255,32,,,1,55,,1160292,32,,,1,15,,1088349,32,,,1,17,,1160254,32,,,1,13,,1160259,32,,,1,71,,1062300,32,,,1,30,,1160267,32,,,1,70,,1160278,32,,,1,30,,1160293,32,,,1,70,,1160286,32,,,1,30,,968753,32,,,1,70,,1160258,32,,,1,30,,1160279,32,,,1,70,,1160291,32,,,1,30,,1160262,32,,,1,69,,1160285,32,,,1,30,,1160275,32,,,1,69,,1160277,32,,,1,31,,1160280,32,,,1,55,,1160289,32,,,1,15,,1160273,32,,,1,15,,995378,32,,,1,15,,1084269,32,,,1,55,,1160290,32,,,1,15,,1093923,32,,,1,15,,1160269,32,,,1,15,,1160272,32,,,1,55,,1032263,32,,,1,15,,1160265,32,,,1,17,,1160276,32,,,1,14,,1160271,32,,,1,54,,1160266,32,,,1,17,,1160281,32,,,1,30,,1160282,32,,,1,70,,1005704,32,,,1,72,,1160261,32,,,1,30,,1160260,32,,,1,70,,1160274,32,,,1,100,,1038382,32,,,1
7000,'11',553,,1160328,32,,,1,76,,1160323,32,,,1,15,,1160327,32,,,1,14,,1160324,32,,,1,55,,1160296,32,,,1,15,,1160304,32,,,1,15,,1160308,32,,,1,14,,1160295,32,,,1,55,,1160332,32,,,1,15,,1088875,32,,,1,17,,1160294,32,,,1,13,,1160299,32,,,1,71,,1062688,32,,,1,30,,1160307,32,,,1,70,,1160318,32,,,1,30,,1160333,32,,,1,70,,1160326,32,,,1,30,,969027,32,,,1,70,,1160298,32,,,1,30,,1160319,32,,,1,70,,1160331,32,,,1,30,,1160302,32,,,1,69,,1160325,32,,,1,30,,1160315,32,,,1,69,,1160317,32,,,1,31,,1160320,32,,,1,55,,1160329,32,,,1,15,,1160313,32,,,1,15,,995161,32,,,1,15,,1084509,32,,,1,55,,1160330,32,,,1,15,,1094206,32,,,1,15,,1160309,32,,,1,15,,1160312,32,,,1,55,,1032030,32,,,1,15,,1160305,32,,,1,17,,1160316,32,,,1,14,,1160311,32,,,1,54,,1160306,32,,,1,17,,1160321,32,,,1,30,,1160322,32,,,1,70,,1005592,32,,,1,72,,1160301,32,,,1,30,,1160300,32,,,1,70,,1160314,32,,,1,100,,1038216,32,,,1
7000,'12',553,,1160368,32,,,1,76,,1160362,32,,,1,15,,1160339,32,,,1,14,,1160355,32,,,1,55,,1160356,32,,,1,15,,1160345,32,,,1,15,,1160352,32,,,1,14,,1160369,32,,,1,55,,1160350,32,,,1,15,,1160374,32,,,1,17,,1070273,32,,,1,13,,1160372,32,,,1,71,,1160375,32,,,1,30,,1160365,32,,,1,70,,1160337,32,,,1,30,,1160343,32,,,1,70,,1160379,32,,,1,30,,1160334,32,,,1,70,,1160349,32,,,1,30,,1160378,32,,,1,70,,1160347,32,,,1,30,,1160344,32,,,1,69,,1098529,32,,,1,30,,1160370,32,,,1,69,,1160341,32,,,1,31,,1160351,32,,,1,55,,1160367,32,,,1,15,,1160340,32,,,1,15,,1160359,32,,,1,15,,1160361,32,,,1,55,,1087158,32,,,1,15,,1160348,32,,,1,15,,1160342,32,,,1,15,,1160376,32,,,1,55,,1160335,32,,,1,15,,1160371,32,,,1,17,,1160357,32,,,1,14,,1160346,32,,,1,54,,1160373,32,,,1,17,,1160364,32,,,1,30,,1160338,32,,,1,70,,1160353,32,,,1,72,,1160363,32,,,1,30,,1160336,32,,,1,70,,1160354,32,,,1,100,,1160377,32,,,1
7000,'13',745,,1160383,32,,,1,100,,1160392,32,,,1,101,,1079465,32,,,1,70,,1160405,32,,,1,30,,1160387,32,,,1,70,,1160400,32,,,1,30,,1160406,32,,,1,70,,1160399,32,,,1,30,,1160395,32,,,1,70,,1160390,32,,,1,30,,1160381,32,,,1,70,,1160408,32,,,1,30,,1160397,32,,,1,70,,1160398,32,,,1,30,,1160385,32,,,1,70,,1077439,32,,,1,30,,1160391,32,,,1,70,,1160389,32,,,1,30,,1160407,32,,,1,70,,1160396,32,,,1,30,,1160403,32,,,1,70,,1082590,32,,,1,30,,1160394,32,,,1,70,,1160382,32,,,1,100,,1160384,32,,,1,99,,1160401,32,,,1,105,,1160380,32,,,1
7000,'14',553,,1160451,32,,,1,76,,1160444,32,,,1,15,,1160449,32,,,1,14,,1160445,32,,,1,55,,1160414,32,,,1,15,,1160424,32,,,1,15,,1160429,32,,,1,14,,1160411,32,,,1,55,,1160455,32,,,1,15,,1160416,32,,,1,17,,1160410,32,,,1,13,,1160419,32,,,1,71,,1160450,32,,,1,30,,1160428,32,,,1,70,,1160439,32,,,1,30,,1160457,32,,,1,70,,1160448,32,,,1,30,,1160409,32,,,1,70,,1160418,32,,,1,30,,1160440,32,,,1,70,,1160454,32,,,1,30,,1160422,32,,,1,69,,1160447,32,,,1,30,,1160436,32,,,1,69,,1160438,32,,,1,31,,1160441,32,,,1,55,,1160452,32,,,1,15,,1160434,32,,,1,15,,1160412,32,,,1,15,,1160446,32,,,1,55,,1160453,32,,,1,15,,1160425,32,,,1,15,,1160430,32,,,1,15,,1160433,32,,,1,55,,1160413,32,,,1,15,,1160426,32,,,1,17,,1160437,32,,,1,14,,1160432,32,,,1,54,,1160427,32,,,1,17,,1160442,32,,,1,30,,1160443,32,,,1,70,,1160456,32,,,1,72,,1160421,32,,,1,30,,1160420,32,,,1,70,,1160435,32,,,1,100,,1160417,32,,,1
7000,'15',553,,1160504,32,,,1,76,,1160469,32,,,1,15,,1160477,32,,,1,14,,1160486,32,,,1,55,,1160496,32,,,1,15,,1160500,32,,,1,15,,1160474,32,,,1,14,,1160505,32,,,1,55,,1160462,32,,,1,15,,1160484,32,,,1,17,,1160503,32,,,1,13,,1160461,32,,,1,71,,1160487,32,,,1,30,,1160497,32,,,1,70,,1160502,32,,,1,30,,1160485,32,,,1,70,,1160471,32,,,1,30,,1160464,32,,,1,70,,1160499,32,,,1,30,,1160480,32,,,1,70,,1160490,32,,,1,30,,1160478,32,,,1,69,,1160470,32,,,1,30,,1160463,32,,,1,69,,1160458,32,,,1,31,,1160495,32,,,1,55,,1160472,32,,,1,15,,1160494,32,,,1,15,,1160479,32,,,1,15,,1160489,32,,,1,55,,1160460,32,,,1,15,,1160482,32,,,1,15,,1160467,32,,,1,15,,1160506,32,,,1,55,,1160465,32,,,1,15,,1160491,32,,,1,17,,1160476,32,,,1,14,,1160468,32,,,1,54,,1160488,32,,,1,17,,1160498,32,,,1,30,,1160475,32,,,1,70,,1160492,32,,,1,72,,1160501,32,,,1,30,,1160473,32,,,1,70,,1160481,32,,,1,100,,1160459,32,,,1
7000,'16',553,,1160539,32,,,1,76,,1160534,32,,,1,15,,1160512,32,,,1,14,,1016356,32,,,1,55,,1160528,32,,,1,15,,1160519,32,,,1,15,,1160525,32,,,1,14,,1160540,32,,,1,55,,1160523,32,,,1,15,,1160545,32,,,1,17,,1160513,32,,,1,13,,1160543,32,,,1,71,,1160547,32,,,1,30,,1088843,32,,,1,70,,1160510,32,,,1,30,,1160517,32,,,1,70,,1076345,32,,,1,30,,1160507,32,,,1,70,,1160522,32,,,1,30,,1076343,32,,,1,70,,1075063,32,,,1,30,,1160518,32,,,1,69,,1160546,32,,,1,30,,1160541,32,,,1,69,,1160515,32,,,1,31,,1160524,32,,,1,55,,1160538,32,,,1,15,,1067427,32,,,1,15,,1160531,32,,,1,15,,1160533,32,,,1,55,,1160514,32,,,1,15,,1160521,32,,,1,15,,1160516,32,,,1,15,,1160548,32,,,1,55,,1160508,32,,,1,15,,1160542,32,,,1,17,,1160529,32,,,1,14,,1160520,32,,,1,54,,1160544,32,,,1,17,,1160536,32,,,1,30,,1160511,32,,,1,70,,1160526,32,,,1,72,,1160535,32,,,1,30,,1160509,32,,,1,70,,1160527,32,,,1,100,,1160549,32,,,1
7000,'17',745,,1160553,32,,,1,100,,1160563,32,,,1,101,,1160556,32,,,1,70,,1160576,32,,,1,30,,1160558,32,,,1,70,,1160571,32,,,1,30,,1160577,32,,,1,70,,1160570,32,,,1,30,,1160566,32,,,1,70,,1160561,32,,,1,30,,1160551,32,,,1,70,,1160579,32,,,1,30,,1160568,32,,,1,70,,1160569,32,,,1,30,,1160555,32,,,1,70,,1160581,32,,,1,30,,1160562,32,,,1,70,,1160560,32,,,1,30,,1160578,32,,,1,70,,1160567,32,,,1,30,,1160574,32,,,1,70,,1160580,32,,,1,30,,1160565,32,,,1,70,,1160552,32,,,1,100,,1160554,32,,,1,99,,1160572,32,,,1,105,,1160550,32,,,1
7000,'2',558,,1160599,32,,,1,70,,1072505,32,,,1,30,,1160603,32,,,1,70,,1069924,32,,,1,100,,1160586,32,,,1,101,,1160606,32,,,1,30,,1160597,32,,,1,70,,1160591,32,,,1,30,,1160598,32,,,1,70,,1160595,32,,,1,30,,1160605,32,,,1,70,,1160582,32,,,1,30,,1160585,32,,,1,70,,1064808,32,,,1,30,,1160583,32,,,1,70,,1160589,32,,,1,30,,1160587,32,,,1,70,,1160584,32,,,1,30,,1080366,32,,,1,70,,1160609,32,,,1,30,,1160588,32,,,1,70,,1160592,32,,,1,30,,1088433,32,,,1,70,,1160608,32,,,1,30,,1160601,32,,,1,70,,1160596,32,,,1,30,,1160604,32,,,1,70,,1160594,32,,,1,30,,1160593,32,,,1,69,,1160600,32,,,1,100,,1160602,32,,,1,100,,1160607,32,,,1
7000,'3',745,,1160613,32,,,1,100,,1160623,32,,,1,101,,1160616,32,,,1,70,,1160636,32,,,1,30,,1160618,32,,,1,70,,1160631,32,,,1,30,,1160637,32,,,1,70,,1160630,32,,,1,30,,1160626,32,,,1,70,,1160621,32,,,1,30,,1160611,32,,,1,70,,1160639,32,,,1,30,,1160628,32,,,1,70,,1160629,32,,,1,30,,1160615,32,,,1,70,,1160641,32,,,1,30,,1160622,32,,,1,70,,1160620,32,,,1,30,,1160638,32,,,1,70,,1160627,32,,,1,30,,1160634,32,,,1,70,,1160640,32,,,1,30,,1160625,32,,,1,70,,1160612,32,,,1,100,,1160614,32,,,1,99,,1160632,32,,,1,105,,1160610,32,,,1
7000,'4',745,,1160661,32,,,1,100,,1160648,32,,,1,101,,1160645,32,,,1,70,,1160655,32,,,1,30,,1049681,32,,,1,70,,1160656,32,,,1,30,,1160649,32,,,1,70,,1160665,32,,,1,30,,1160668,32,,,1,70,,1160658,32,,,1,30,,1160666,32,,,1,70,,1160659,32,,,1,30,,1160643,32,,,1,70,,1160670,32,,,1,30,,1160669,32,,,1,70,,1160671,32,,,1,30,,1160667,32,,,1,70,,1160660,32,,,1,30,,1160652,32,,,1,70,,1160651,32,,,1,30,,1015761,32,,,1,70,,1160653,32,,,1,30,,1160642,32,,,1,70,,1160664,32,,,1,100,,1160646,32,,,1,99,,1160663,32,,,1,105,,1160662,32,,,1
7000,'5',553,,1160706,32,,,1,76,,1160701,32,,,1,15,,1160705,32,,,1,14,,1160702,32,,,1,55,,1160674,32,,,1,15,,1160682,32,,,1,15,,1160686,32,,,1,14,,1160673,32,,,1,55,,1160710,32,,,1,15,,1088690,32,,,1,17,,1160672,32,,,1,13,,1160677,32,,,1,71,,1062571,32,,,1,30,,1160685,32,,,1,70,,1160696,32,,,1,30,,1160711,32,,,1,70,,1160704,32,,,1,30,,969250,32,,,1,70,,1160676,32,,,1,30,,1160697,32,,,1,70,,1160709,32,,,1,30,,1160680,32,,,1,69,,1160703,32,,,1,30,,1160693,32,,,1,69,,1160695,32,,,1,31,,1160698,32,,,1,55,,1160707,32,,,1,15,,1160691,32,,,1,15,,994904,32,,,1,15,,1084420,32,,,1,55,,1160708,32,,,1,15,,1094104,32,,,1,15,,1160687,32,,,1,15,,1160690,32,,,1,55,,1031777,32,,,1,15,,1160683,32,,,1,17,,1160694,32,,,1,14,,1160689,32,,,1,54,,1160684,32,,,1,17,,1160699,32,,,1,30,,1160700,32,,,1,70,,1005451,32,,,1,72,,1160679,32,,,1,30,,1160678,32,,,1,70,,1160692,32,,,1,100,,1038021,32,,,1
7000,'6',553,,1160737,32,,,1,76,,1160731,32,,,1,15,,1021577,32,,,1,14,,1160724,32,,,1,55,,1160725,32,,,1,15,,1160716,32,,,1,15,,1095336,32,,,1,14,,1160738,32,,,1,55,,1160720,32,,,1,15,,995740,32,,,1,17,,1160712,32,,,1,13,,1160741,32,,,1,71,,1160744,32,,,1,30,,1160734,32,,,1,70,,1073080,32,,,1,30,,1053670,32,,,1,70,,1160746,32,,,1,30,,1088281,32,,,1,70,,1160719,32,,,1,30,,1160745,32,,,1,70,,1160718,32,,,1,30,,1160715,32,,,1,69,,1160743,32,,,1,30,,1160739,32,,,1,69,,1091977,32,,,1,31,,1160721,32,,,1,55,,1160736,32,,,1,15,,1160713,32,,,1,15,,1160728,32,,,1,15,,1160730,32,,,1,55,,1160714,32,,,1,15,,1084829,32,,,1,15,,993750,32,,,1,15,,1061868,32,,,1,55,,1098912,32,,,1,15,,1160740,32,,,1,17,,1160726,32,,,1,14,,1160717,32,,,1,54,,1160742,32,,,1,17,,1160733,32,,,1,30,,1065881,32,,,1,70,,1160722,32,,,1,72,,1160732,32,,,1,30,,1087663,32,,,1,70,,1160723,32,,,1,100,,1065910,32,,,1
7000,'7',558,,1160771,32,,,1,70,,1160765,32,,,1,30,,1160777,32,,,1,70,,1160754,32,,,1,100,,1160763,32,,,1,101,,1160768,32,,,1,30,,1160770,32,,,1,70,,1160759,32,,,1,30,,1160762,32,,,1,70,,1160760,32,,,1,30,,1160748,32,,,1,70,,1160747,32,,,1,30,,1160773,32,,,1,70,,1160761,32,,,1,30,,1160756,32,,,1,70,,1160758,32,,,1,30,,1160769,32,,,1,70,,1160778,32,,,1,30,,1160749,32,,,1,70,,1160776,32,,,1,30,,1160752,32,,,1,70,,1160755,32,,,1,30,,1160751,32,,,1,70,,1160750,32,,,1,30,,1160780,32,,,1,70,,1160779,32,,,1,30,,1160766,32,,,1,70,,1160775,32,,,1,30,,1160774,32,,,1,69,,1160772,32,,,1,100,,1160767,32,,,1,100,,1160764,32,,,1
7000,'8',553,,1160817,32,,,1,76,,1160811,32,,,1,15,,1160786,32,,,1,14,,1160804,32,,,1,55,,1160805,32,,,1,15,,1160794,32,,,1,15,,1160801,32,,,1,14,,1160818,32,,,1,55,,1160799,32,,,1,15,,1160823,32,,,1,17,,1160787,32,,,1,13,,1160821,32,,,1,71,,1160825,32,,,1,30,,1160814,32,,,1,70,,1160784,32,,,1,30,,1160792,32,,,1,70,,1160829,32,,,1,30,,1160781,32,,,1,70,,1160798,32,,,1,30,,1160828,32,,,1,70,,1160796,32,,,1,30,,1160793,32,,,1,69,,1160824,32,,,1,30,,1160819,32,,,1,69,,1160790,32,,,1,31,,1160800,32,,,1,55,,1160816,32,,,1,15,,1160788,32,,,1,15,,1160808,32,,,1,15,,1160810,32,,,1,55,,1160789,32,,,1,15,,1160797,32,,,1,15,,1160791,32,,,1,15,,1160826,32,,,1,55,,1160782,32,,,1,15,,1160820,32,,,1,17,,1160806,32,,,1,14,,1160795,32,,,1,54,,1160822,32,,,1,17,,1160813,32,,,1,30,,1160785,32,,,1,70,,1160802,32,,,1,72,,1160812,32,,,1,30,,1160783,32,,,1,70,,1160803,32,,,1,100,,1160827,32,,,1
7000,'9',553,,1160864,32,,,1,76,,1160859,32,,,1,15,,1160863,32,,,1,14,,1160860,32,,,1,55,,1160832,32,,,1,15,,1160840,32,,,1,15,,1160844,32,,,1,14,,1160831,32,,,1,55,,1160868,32,,,1,15,,1088475,32,,,1,17,,1160830,32,,,1,13,,1160835,32,,,1,71,,1062399,32,,,1,30,,1160843,32,,,1,70,,1160854,32,,,1,30,,1160869,32,,,1,70,,1160862,32,,,1,30,,969198,32,,,1,70,,1160834,32,,,1,30,,1160855,32,,,1,70,,1160867,32,,,1,30,,1160838,32,,,1,69,,1160861,32,,,1,30,,1160851,32,,,1,69,,1160853,32,,,1,31,,1160856,32,,,1,55,,1160865,32,,,1,15,,1160849,32,,,1,15,,995257,32,,,1,15,,1084330,32,,,1,55,,1160866,32,,,1,15,,1093993,32,,,1,15,,1160845,32,,,1,15,,1160848,32,,,1,55,,1032138,32,,,1,15,,1160841,32,,,1,17,,1160852,32,,,1,14,,1160847,32,,,1,54,,1160842,32,,,1,17,,1160857,32,,,1,30,,1160858,32,,,1,70,,1005642,32,,,1,72,,1160837,32,,,1,30,,1160836,32,,,1,70,,1160850,32,,,1,100,,1038284,32,,,1
7001,'1',502,,1160896,38,,,1,25,,1160888,38,,,1,100,,1160891,38,,,1,15,,1160898,38,,,1,13,,1160892,38,,,1,58,,1103524,38,,,1,17,,1160877,38,,,1,15,,1160870,38,,,1,55,,1085561,38,,,1,15,,1160875,38,,,1,15,,1160907,38,,,1,15,,1160886,38,,,1,55,,1160906,38,,,1,15,,1160910,38,,,1,15,,1160873,38,,,1,28,,1160884,38,,,1,70,,1160908,38,,,1,30,,1160879,38,,,1,70,,1160903,38,,,1,30,,1160871,38,,,1,70,,1160901,38,,,1,30,,1160899,38,,,1,70,,1160909,38,,,1,30,,1160887,38,,,1,74,,1160883,38,,,1,70,,1160885,38,,,1,30,,1160882,38,,,1,70,,1160874,38,,,1,16,,1160872,38,,,1,14,,1160876,38,,,1,16,,1160895,38,,,1,54,,1160904,38,,,1,15,,965862,38,,,1,15,,998760,38,,,1,15,,1160911,38,,,1,55,,1160893,38,,,1,14,,1160897,38,,,1,15,,1160905,38,,,1,15,,1160900,38,,,1,55,,1160902,38,,,1,30,,1160881,38,,,1,70,,875531,38,,,1,30,,1160890,38,,,1,27,,1160894,38,,,1,70,,1160889,38,,,1,30,,1160878,38,,,1,70,,1000722,38,,,1,96,,947837,38,,,1
7001,'10',502,,1160938,38,,,1,25,,1160930,38,,,1,100,,1160933,38,,,1,15,,1160940,38,,,1,13,,1160934,38,,,1,58,,1103521,38,,,1,17,,1160919,38,,,1,15,,1160912,38,,,1,55,,1085304,38,,,1,15,,1160917,38,,,1,15,,1160949,38,,,1,15,,1160928,38,,,1,55,,1160948,38,,,1,15,,1160952,38,,,1,15,,1160915,38,,,1,28,,1160926,38,,,1,70,,1160950,38,,,1,30,,1160921,38,,,1,70,,1160945,38,,,1,30,,1160913,38,,,1,70,,1160943,38,,,1,30,,1160941,38,,,1,70,,1160951,38,,,1,30,,1160929,38,,,1,74,,1160925,38,,,1,70,,1160927,38,,,1,30,,1160924,38,,,1,70,,1160916,38,,,1,16,,1160914,38,,,1,14,,1160918,38,,,1,16,,1160937,38,,,1,54,,1160946,38,,,1,15,,965584,38,,,1,15,,998839,38,,,1,15,,1160953,38,,,1,55,,1160935,38,,,1,14,,1160939,38,,,1,15,,1160947,38,,,1,15,,1160942,38,,,1,55,,1160944,38,,,1,30,,1160923,38,,,1,70,,875539,38,,,1,30,,1160932,38,,,1,27,,1160936,38,,,1,70,,1160931,38,,,1,30,,1160920,38,,,1,70,,1000870,38,,,1,96,,947619,38,,,1
7001,'11',502,,1160980,38,,,1,25,,1160972,38,,,1,100,,1160975,38,,,1,15,,1160982,38,,,1,13,,1160976,38,,,1,58,,1103525,38,,,1,17,,1160961,38,,,1,15,,1160954,38,,,1,55,,1085641,38,,,1,15,,1160959,38,,,1,15,,1160991,38,,,1,15,,1160970,38,,,1,55,,1160990,38,,,1,15,,1160994,38,,,1,15,,1160957,38,,,1,28,,1160968,38,,,1,70,,1160992,38,,,1,30,,1160963,38,,,1,70,,1160987,38,,,1,30,,1160955,38,,,1,70,,1160985,38,,,1,30,,1160983,38,,,1,70,,1160993,38,,,1,30,,1160971,38,,,1,74,,1160967,38,,,1,70,,1160969,38,,,1,30,,1160966,38,,,1,70,,1160958,38,,,1,16,,1160956,38,,,1,14,,1160960,38,,,1,16,,1160979,38,,,1,54,,1160988,38,,,1,15,,965820,38,,,1,15,,998738,38,,,1,15,,1160995,38,,,1,55,,1160977,38,,,1,14,,1160981,38,,,1,15,,1160989,38,,,1,15,,1160984,38,,,1,55,,1160986,38,,,1,30,,1160965,38,,,1,70,,875515,38,,,1,30,,1160974,38,,,1,27,,1160978,38,,,1,70,,1160973,38,,,1,30,,1160962,38,,,1,70,,1000680,38,,,1,96,,947796,38,,,1
7001,'12',502,,1161023,38,,,1,25,,1161014,38,,,1,100,,1161017,38,,,1,15,,1161001,38,,,1,13,,1161010,38,,,1,58,,1161018,38,,,1,17,,1161000,38,,,1,15,,1161028,38,,,1,55,,1161019,38,,,1,15,,1160996,38,,,1,15,,1161015,38,,,1,15,,1160998,38,,,1,55,,1022671,38,,,1,15,,1161033,38,,,1,15,,1161022,38,,,1,28,,1161013,38,,,1,70,,1161006,38,,,1,30,,1161029,38,,,1,70,,1161036,38,,,1,30,,1160997,38,,,1,70,,1161034,38,,,1,30,,1161027,38,,,1,70,,1161031,38,,,1,30,,1161012,38,,,1,74,,1161039,38,,,1,70,,1161020,38,,,1,30,,1048182,38,,,1,70,,1161021,38,,,1,16,,1161008,38,,,1,14,,1161009,38,,,1,16,,1161026,38,,,1,54,,1161005,38,,,1,15,,1161004,38,,,1,15,,1161024,38,,,1,15,,1161025,38,,,1,55,,1013165,38,,,1,14,,1161030,38,,,1,15,,1161037,38,,,1,15,,1161003,38,,,1,55,,1160999,38,,,1,30,,1161016,38,,,1,70,,1161032,38,,,1,30,,1161035,38,,,1,27,,1161007,38,,,1,70,,1033495,38,,,1,30,,1161038,38,,,1,70,,1161002,38,,,1,96,,1161011,38,,,1
7001,'13',457,,1083823,38,,,1,70,,1069746,38,,,1,195,,1161059,38,,,1,30,,1161049,38,,,1,100,,1161058,38,,,1,100,,1161042,38,,,1,101,,1161053,38,,,1,70,,1085870,38,,,1,30,,1161056,38,,,1,70,,1161047,38,,,1,30,,1161063,38,,,1,70,,1161048,38,,,1,30,,1161068,38,,,1,70,,1161046,38,,,1,30,,1161041,38,,,1,70,,1161055,38,,,1,30,,1161050,38,,,1,70,,1161043,38,,,1,30,,1161044,38,,,1,70,,1161062,38,,,1,30,,1161052,38,,,1,70,,1161051,38,,,1,30,,1161045,38,,,1,70,,1161061,38,,,1,30,,1161040,38,,,1,70,,1161067,38,,,1,100,,1161057,38,,,1,99,,1161065,38,,,1,100,,1161064,38,,,1,105,,1161054,38,,,1
7001,'14',502,,1161099,38,,,1,25,,1161091,38,,,1,100,,1161094,38,,,1,15,,1161101,38,,,1,13,,1161095,38,,,1,58,,1161070,38,,,1,17,,1161079,38,,,1,15,,1161072,38,,,1,55,,1161069,38,,,1,15,,1161077,38,,,1,15,,1161110,38,,,1,15,,1161089,38,,,1,55,,1161109,38,,,1,15,,1161113,38,,,1,15,,1161075,38,,,1,28,,1161086,38,,,1,70,,1161111,38,,,1,30,,1161081,38,,,1,70,,1161106,38,,,1,30,,1161073,38,,,1,70,,1161104,38,,,1,30,,1161102,38,,,1,70,,1161112,38,,,1,30,,1161090,38,,,1,74,,1161085,38,,,1,70,,1161088,38,,,1,30,,1161084,38,,,1,70,,1161076,38,,,1,16,,1161074,38,,,1,14,,1161078,38,,,1,16,,1161098,38,,,1,54,,1161107,38,,,1,15,,1161087,38,,,1,15,,1161117,38,,,1,15,,1161116,38,,,1,55,,1161096,38,,,1,14,,1161100,38,,,1,15,,1161108,38,,,1,15,,1161103,38,,,1,55,,1161105,38,,,1,30,,1161083,38,,,1,70,,1161114,38,,,1,30,,1161093,38,,,1,27,,1161097,38,,,1,70,,1161092,38,,,1,30,,1161080,38,,,1,70,,1161115,38,,,1,96,,1161071,38,,,1
7001,'15',502,,1161148,38,,,1,25,,1161142,38,,,1,100,,1161129,38,,,1,15,,1161125,38,,,1,13,,1161126,38,,,1,58,,1161143,38,,,1,17,,1161119,38,,,1,15,,1161139,38,,,1,55,,1161149,38,,,1,15,,1161162,38,,,1,15,,1161165,38,,,1,15,,1161146,38,,,1,55,,1161121,38,,,1,15,,1161136,38,,,1,15,,1161120,38,,,1,28,,1161160,38,,,1,70,,1161155,38,,,1,30,,1161144,38,,,1,70,,1161159,38,,,1,30,,1161141,38,,,1,70,,1161127,38,,,1,30,,1161130,38,,,1,70,,1161164,38,,,1,30,,1161151,38,,,1,74,,1161134,38,,,1,70,,1161163,38,,,1,30,,1161140,38,,,1,70,,1161138,38,,,1,16,,1161132,38,,,1,14,,1161147,38,,,1,16,,1161123,38,,,1,54,,1161156,38,,,1,15,,1161124,38,,,1,15,,1161131,38,,,1,15,,1161166,38,,,1,55,,1161118,38,,,1,14,,1161158,38,,,1,15,,1161161,38,,,1,15,,1161137,38,,,1,55,,1161145,38,,,1,30,,1161153,38,,,1,70,,1161152,38,,,1,30,,1161122,38,,,1,27,,1161133,38,,,1,70,,1161150,38,,,1,30,,1161157,38,,,1,70,,1161128,38,,,1,96,,1161135,38,,,1
7001,'16',502,,1161192,38,,,1,25,,1161183,38,,,1,100,,1161186,38,,,1,15,,1065489,38,,,1,13,,1161179,38,,,1,58,,1161187,38,,,1,17,,1161170,38,,,1,15,,1161197,38,,,1,55,,1161188,38,,,1,15,,1074539,38,,,1,15,,1161184,38,,,1,15,,1161169,38,,,1,55,,1161207,38,,,1,15,,1161202,38,,,1,15,,1161191,38,,,1,28,,1161182,38,,,1,70,,1161175,38,,,1,30,,1161198,38,,,1,70,,1013546,38,,,1,30,,1065484,38,,,1,70,,1161203,38,,,1,30,,1161196,38,,,1,70,,1161200,38,,,1,30,,1161181,38,,,1,74,,1161209,38,,,1,70,,1161189,38,,,1,30,,1161205,38,,,1,70,,1161190,38,,,1,16,,1161177,38,,,1,14,,1161178,38,,,1,16,,1161195,38,,,1,54,,1161174,38,,,1,15,,1161173,38,,,1,15,,1161193,38,,,1,15,,1161194,38,,,1,55,,1161171,38,,,1,14,,1161199,38,,,1,15,,1161206,38,,,1,15,,1064714,38,,,1,55,,1039522,38,,,1,30,,1161185,38,,,1,70,,1161201,38,,,1,30,,1161204,38,,,1,27,,1161176,38,,,1,70,,1161167,38,,,1,30,,1161208,38,,,1,70,,1161172,38,,,1,96,,1161180,38,,,1
7001,'17',457,,1161237,38,,,1,70,,1161214,38,,,1,195,,1161231,38,,,1,30,,1161221,38,,,1,100,,1161230,38,,,1,100,,1161212,38,,,1,101,,1161225,38,,,1,70,,1161213,38,,,1,30,,1161228,38,,,1,70,,1161219,38,,,1,30,,1161235,38,,,1,70,,1161220,38,,,1,30,,1161241,38,,,1,70,,1161218,38,,,1,30,,1161211,38,,,1,70,,1161227,38,,,1,30,,1161222,38,,,1,70,,1161215,38,,,1,30,,1161216,38,,,1,70,,1161234,38,,,1,30,,1161224,38,,,1,70,,1161223,38,,,1,30,,1161217,38,,,1,70,,1161233,38,,,1,30,,1161210,38,,,1,70,,1161240,38,,,1,100,,1161229,38,,,1,99,,1161238,38,,,1,100,,1161236,38,,,1,105,,1161226,38,,,1
7001,'2',504,,1161251,38,,,1,30,,1161242,38,,,1,176,,1161255,38,,,1,25,,1161247,38,,,1,70,,1161243,38,,,1,100,,1161259,38,,,1,101,,1161261,38,,,1,100,,1081194,38,,,1,30,,1161267,38,,,1,70,,1161268,38,,,1,30,,1161265,38,,,1,70,,1161264,38,,,1,30,,1161260,38,,,1,70,,1161245,38,,,1,30,,1161257,38,,,1,70,,1161266,38,,,1,30,,1161258,38,,,1,70,,1161244,38,,,1,30,,1161269,38,,,1,70,,1161262,38,,,1,30,,1161248,38,,,1,70,,1161253,38,,,1,30,,1161270,38,,,1,70,,1161250,38,,,1,30,,1161249,38,,,1,70,,1161252,38,,,1,30,,1161271,38,,,1,70,,1161254,38,,,1,29,,1161256,38,,,1,70,,1161263,38,,,1,97,,1049619,38,,,1,103,,1161272,38,,,1,100,,1161246,38,,,1
7001,'3',457,,1161300,38,,,1,70,,1161277,38,,,1,195,,1161294,38,,,1,30,,1161284,38,,,1,100,,1161293,38,,,1,100,,1161275,38,,,1,101,,1161288,38,,,1,70,,1161276,38,,,1,30,,1161291,38,,,1,70,,1161282,38,,,1,30,,1161298,38,,,1,70,,1161283,38,,,1,30,,1161304,38,,,1,70,,1161281,38,,,1,30,,1161274,38,,,1,70,,1161290,38,,,1,30,,1161285,38,,,1,70,,1161278,38,,,1,30,,1161279,38,,,1,70,,1161297,38,,,1,30,,1161287,38,,,1,70,,1161286,38,,,1,30,,1161280,38,,,1,70,,1161296,38,,,1,30,,1161273,38,,,1,70,,1161303,38,,,1,100,,1161292,38,,,1,99,,1161301,38,,,1,100,,1161299,38,,,1,105,,1161289,38,,,1
7001,'4',457,,1161323,38,,,1,70,,1161325,38,,,1,195,,1161307,38,,,1,30,,1161308,38,,,1,100,,1161331,38,,,1,100,,1161322,38,,,1,101,,1161324,38,,,1,70,,1161306,38,,,1,30,,1161313,38,,,1,70,,1161315,38,,,1,30,,1161329,38,,,1,70,,1161309,38,,,1,30,,1161310,38,,,1,70,,1161317,38,,,1,30,,1161321,38,,,1,70,,1161332,38,,,1,30,,1161319,38,,,1,70,,1073183,38,,,1,30,,1161334,38,,,1,70,,1161327,38,,,1,30,,1161316,38,,,1,70,,1161314,38,,,1,30,,1161333,38,,,1,70,,1161311,38,,,1,30,,1161326,38,,,1,70,,1161318,38,,,1,100,,1058899,38,,,1,99,,1161320,38,,,1,100,,1161305,38,,,1,105,,1161330,38,,,1
7001,'5',502,,1161361,38,,,1,25,,1161353,38,,,1,100,,1161356,38,,,1,15,,1161363,38,,,1,13,,1161357,38,,,1,58,,1103523,38,,,1,17,,1161342,38,,,1,15,,1161335,38,,,1,55,,1085517,38,,,1,15,,1161340,38,,,1,15,,1161372,38,,,1,15,,1161351,38,,,1,55,,1161371,38,,,1,15,,1161375,38,,,1,15,,1161338,38,,,1,28,,1161349,38,,,1,70,,1161373,38,,,1,30,,1161344,38,,,1,70,,1161368,38,,,1,30,,1161336,38,,,1,70,,1161366,38,,,1,30,,1161364,38,,,1,70,,1161374,38,,,1,30,,1161352,38,,,1,74,,1161348,38,,,1,70,,1161350,38,,,1,30,,1161347,38,,,1,70,,1161339,38,,,1,16,,1161337,38,,,1,14,,1161341,38,,,1,16,,1161360,38,,,1,54,,1161369,38,,,1,15,,965995,38,,,1,15,,998606,38,,,1,15,,1161376,38,,,1,55,,1161358,38,,,1,14,,1161362,38,,,1,15,,1161370,38,,,1,15,,1161365,38,,,1,55,,1161367,38,,,1,30,,1161346,38,,,1,70,,875563,38,,,1,30,,1161355,38,,,1,27,,1161359,38,,,1,70,,1161354,38,,,1,30,,1161343,38,,,1,70,,1000474,38,,,1,96,,947965,38,,,1
7001,'6',502,,1161401,38,,,1,25,,1161393,38,,,1,100,,1161395,38,,,1,15,,1161382,38,,,1,13,,1161389,38,,,1,58,,1161396,38,,,1,17,,1066624,38,,,1,15,,1161406,38,,,1,55,,1161397,38,,,1,15,,1161378,38,,,1,15,,1070385,38,,,1,15,,1091972,38,,,1,55,,1161415,38,,,1,15,,1161411,38,,,1,15,,1161400,38,,,1,28,,1161392,38,,,1,70,,1018279,38,,,1,30,,1161407,38,,,1,70,,1161414,38,,,1,30,,1161380,38,,,1,70,,997216,38,,,1,30,,1161405,38,,,1,70,,1161409,38,,,1,30,,1161391,38,,,1,74,,1078859,38,,,1,70,,1161398,38,,,1,30,,1161413,38,,,1,70,,1161399,38,,,1,16,,1161387,38,,,1,14,,1161388,38,,,1,16,,1161404,38,,,1,54,,1089611,38,,,1,15,,1161385,38,,,1,15,,1161402,38,,,1,15,,1161403,38,,,1,55,,1161383,38,,,1,14,,1161408,38,,,1,15,,954553,38,,,1,15,,1161384,38,,,1,55,,1161381,38,,,1,30,,1161394,38,,,1,70,,1161410,38,,,1,30,,1161412,38,,,1,27,,1161386,38,,,1,70,,1161377,38,,,1,30,,1094682,38,,,1,70,,1077546,38,,,1,96,,1161390,38,,,1
7001,'7',504,,1161426,38,,,1,30,,1161421,38,,,1,176,,1161420,38,,,1,25,,1161417,38,,,1,70,,1161446,38,,,1,100,,1161429,38,,,1,101,,1161438,38,,,1,100,,1161444,38,,,1,30,,1161442,38,,,1,70,,1161419,38,,,1,30,,1161447,38,,,1,70,,1161445,38,,,1,30,,1161437,38,,,1,70,,1161431,38,,,1,30,,1161416,38,,,1,70,,1161422,38,,,1,30,,1161434,38,,,1,70,,1161430,38,,,1,30,,1161439,38,,,1,70,,1161436,38,,,1,30,,1161425,38,,,1,70,,1161441,38,,,1,30,,1161427,38,,,1,70,,1161428,38,,,1,30,,1161435,38,,,1,70,,1161424,38,,,1,30,,1161443,38,,,1,70,,1161432,38,,,1,29,,1161448,38,,,1,70,,1161418,38,,,1,97,,1161423,38,,,1,103,,1161440,38,,,1,100,,1161433,38,,,1
7001,'8',502,,1161479,38,,,1,25,,1161470,38,,,1,100,,1161473,38,,,1,15,,1161456,38,,,1,13,,1161466,38,,,1,58,,1161474,38,,,1,17,,1161455,38,,,1,15,,1161484,38,,,1,55,,1161475,38,,,1,15,,1161450,38,,,1,15,,1161471,38,,,1,15,,1161453,38,,,1,55,,1161495,38,,,1,15,,1161489,38,,,1,15,,1161478,38,,,1,28,,1161469,38,,,1,70,,1161462,38,,,1,30,,1161485,38,,,1,70,,1161493,38,,,1,30,,1161452,38,,,1,70,,1161490,38,,,1,30,,1161483,38,,,1,70,,1161487,38,,,1,30,,1161468,38,,,1,74,,1161497,38,,,1,70,,1161476,38,,,1,30,,1161492,38,,,1,70,,1161477,38,,,1,16,,1161464,38,,,1,14,,1161465,38,,,1,16,,1161482,38,,,1,54,,1161461,38,,,1,15,,1161460,38,,,1,15,,1161480,38,,,1,15,,1161481,38,,,1,55,,1161457,38,,,1,14,,1161486,38,,,1,15,,1161494,38,,,1,15,,1161459,38,,,1,55,,1161454,38,,,1,30,,1161472,38,,,1,70,,1161488,38,,,1,30,,1161491,38,,,1,27,,1161463,38,,,1,70,,1161449,38,,,1,30,,1161496,38,,,1,70,,1161458,38,,,1,96,,1161467,38,,,1
7001,'9',502,,1161524,38,,,1,25,,1161516,38,,,1,100,,1161519,38,,,1,15,,1161526,38,,,1,13,,1161520,38,,,1,58,,1103522,38,,,1,17,,1161505,38,,,1,15,,1161498,38,,,1,55,,1085386,38,,,1,15,,1161503,38,,,1,15,,1161535,38,,,1,15,,1161514,38,,,1,55,,1161534,38,,,1,15,,1161538,38,,,1,15,,1161501,38,,,1,28,,1161512,38,,,1,70,,1161536,38,,,1,30,,1161507,38,,,1,70,,1161531,38,,,1,30,,1161499,38,,,1,70,,1161529,38,,,1,30,,1161527,38,,,1,70,,1161537,38,,,1,30,,1161515,38,,,1,74,,1161511,38,,,1,70,,1161513,38,,,1,30,,1161510,38,,,1,70,,1161502,38,,,1,16,,1161500,38,,,1,14,,1161504,38,,,1,16,,1161523,38,,,1,54,,1161532,38,,,1,15,,965953,38,,,1,15,,998782,38,,,1,15,,1161539,38,,,1,55,,1161521,38,,,1,14,,1161525,38,,,1,15,,1161533,38,,,1,15,,1161528,38,,,1,55,,1161530,38,,,1,30,,1161509,38,,,1,70,,875547,38,,,1,30,,1161518,38,,,1,27,,1161522,38,,,1,70,,1161517,38,,,1,30,,1161506,38,,,1,70,,1000764,38,,,1,96,,947923,38,,,1
7500,'1',330,,1060869,2,,,1,26,,1089192,2,,,1,70,,1022446,2,0,15 16,1,32,,1163712,2,0,15 16,1,68,,1163703,2,0,15 16,1,15,,1163747,2,0,15 16,1,59,,1163710,23,0,15 16,1,14,,1163708,2,0,15 16,1,15,,1163715,23,0,15 16,1,13,,1163765,2,0,15 16,1,5,,1163704,2,0,15 16,1,5,,1163741,2,0,15 16,1,6,,1163742,23,0,15 16,1,50,,1163746,2,0,15 16,1,5,,1163701,23,0,15 16,1,7,,1163768,2,0,15 16,1,4,,1163702,2,0,15 16,1,9,,1163759,23,0,15 16,1,2,,1163767,2,0,15 16,1,3,,1163707,2,0,15 16,1,8,,1047250,2,0,15 16,1,10,,1069815,23,0,15 16,1,46,,1163705,2,0,14,1,2,,1163714,2,0,15 16,1,5,,1163758,2,0,15 16,1,9,,1163750,23,0,15 16,1,22,,1163731,23,0,15 16,1,13,,1163729,23,0,15 16,1,55,,1163711,23,0,15 16,1,17,,1163709,23,0,15 16,1,15,,1163762,23,0,15 16,1,14,,1163740,23,0,15 16,1,55,,1163754,23,0,15 16,1,15,,1163771,23,0,15 16,1,15,,1163720,23,0,15 16,1,15,,1163775,23,0,15 16,1,55,,1163772,23,0,15 16,1,15,,1092911,23,0,15 16,1,15,,1163734,23,0,15 16,1,15,,1163730,23,0,15 16,1,55,,1163738,23,0,15 16,1,15,,1163753,23,0,15 16,1,15,,936910,23,0,15 16,1,15,,1078317,23,0,15 16,1,56,,1163725,2,0,15 16,1,14,,1163779,23,0,15 16,1,16,,1163749,2,0,15 16,1,14,,1163761,23,0,15 16,1,56,,1163756,2,0,15 16,1,15,,1163744,23,0,15 16,1,15,,1163716,2,0,15 16,1,15,,1163745,23,0,15 16,1,55,,1003385,2,0,15 16,1,16,,1163733,23,0,15 16,1,19,,1163743,2,0,15 16,1,58,,1163727,23,0,15 16,1,14,,1163722,2,0,15 16,1,14,,1163776,23,0,15 16,1,14,,1163755,2,0,15 16,1,14,,1163713,23,0,15 16,1,55,,1163718,2,0,15 16,1,16,,1079845,23,0,15 16,1,12,,1163732,2,0,15 16,1,13,,1163766,23,0,15 16,1,55,,1163777,2,0,15 16,1,13,,1163735,23,0,15 16,1,17,,1163751,2,0,15 16,1,15,,1163706,23,0,15 16,1,57,,1163774,2,0,15 16,1,17,,1163737,23,0,15 16,1,18,,1163724,2,0,15 16,1,55,,1163728,23,0,15 16,1,19,,1163736,2,0,15 16,1,12,,1163717,23,0,15 16,1,16,,1163721,2,0,15 16,1,57,,1163764,23,0,15 16,1,14,,1163723,2,0,15 16,1,13,,1163748,23,0,15 16,1,17,,1163757,2,0,15 16,1,56,,977867,23,0,15 16,1,12,,1163760,2,0,15 16,1,18,,1163778,23,0,15 16,1,12,,1092858,2,0,15 16,1,54,,1163770,23,0,15 16,1,21,,1163773,2,0,15 16,1,30,,1163769,2,0,15 16,1,70,,1163739,2,,,1,29,,1163726,2,,,1,69,,1003826,2,,,1,29,,1163719,2,,,1,70,,1163763,2,,,1,80,,1163752,2,,,1
7500,'10',330,,1060875,2,,,1,26,,1088997,2,,,1,70,,1022573,2,0,15 16,1,32,,1163791,2,0,15 16,1,68,,1163782,2,0,15 16,1,15,,1163826,2,0,15 16,1,59,,1163789,23,0,15 16,1,14,,1163787,2,0,15 16,1,15,,1163794,23,0,15 16,1,13,,1163844,2,0,15 16,1,5,,1163783,2,0,15 16,1,5,,1163820,2,0,15 16,1,6,,1163821,23,0,15 16,1,50,,1163825,2,0,15 16,1,5,,1163780,23,0,15 16,1,7,,1163847,2,0,15 16,1,4,,1163781,2,0,15 16,1,9,,1163838,23,0,15 16,1,2,,1163846,2,0,15 16,1,3,,1163786,2,0,15 16,1,8,,1047431,2,0,15 16,1,10,,1069670,23,0,15 16,1,46,,1163784,2,0,14,1,2,,1163793,2,0,15 16,1,5,,1163837,2,0,15 16,1,9,,1163829,23,0,15 16,1,22,,1163810,23,0,15 16,1,13,,1163808,23,0,15 16,1,55,,1163790,23,0,15 16,1,17,,1163788,23,0,15 16,1,15,,1163841,23,0,15 16,1,14,,1163819,23,0,15 16,1,55,,1163833,23,0,15 16,1,15,,1163850,23,0,15 16,1,15,,1163799,23,0,15 16,1,15,,1163854,23,0,15 16,1,55,,1163851,23,0,15 16,1,15,,1092593,23,0,15 16,1,15,,1163813,23,0,15 16,1,15,,1163809,23,0,15 16,1,55,,1163817,23,0,15 16,1,15,,1163832,23,0,15 16,1,15,,936528,23,0,15 16,1,15,,1078105,23,0,15 16,1,56,,1163804,2,0,15 16,1,14,,1163858,23,0,15 16,1,16,,1163828,2,0,15 16,1,14,,1163840,23,0,15 16,1,56,,1163835,2,0,15 16,1,15,,1163823,23,0,15 16,1,15,,1163795,2,0,15 16,1,15,,1163824,23,0,15 16,1,55,,1003461,2,0,15 16,1,16,,1163812,23,0,15 16,1,19,,1163822,2,0,15 16,1,58,,1163806,23,0,15 16,1,14,,1163801,2,0,15 16,1,14,,1163855,23,0,15 16,1,14,,1163834,2,0,15 16,1,14,,1163792,23,0,15 16,1,55,,1163797,2,0,15 16,1,16,,1079682,23,0,15 16,1,12,,1163811,2,0,15 16,1,13,,1163845,23,0,15 16,1,55,,1163856,2,0,15 16,1,13,,1163814,23,0,15 16,1,17,,1163830,2,0,15 16,1,15,,1163785,23,0,15 16,1,57,,1163853,2,0,15 16,1,17,,1163816,23,0,15 16,1,18,,1163803,2,0,15 16,1,55,,1163807,23,0,15 16,1,19,,1163815,2,0,15 16,1,12,,1163796,23,0,15 16,1,16,,1163800,2,0,15 16,1,57,,1163843,23,0,15 16,1,14,,1163802,2,0,15 16,1,13,,1163827,23,0,15 16,1,17,,1163836,2,0,15 16,1,56,,977670,23,0,15 16,1,12,,1163839,2,0,15 16,1,18,,1163857,23,0,15 16,1,12,,1092541,2,0,15 16,1,54,,1163849,23,0,15 16,1,21,,1163852,2,0,15 16,1,30,,1163848,2,0,15 16,1,70,,1163818,2,,,1,29,,1163805,2,,,1,69,,1003983,2,,,1,29,,1163798,2,,,1,70,,1163842,2,,,1,80,,1163831,2,,,1
7500,'11',330,,1060867,2,,,1,26,,1089247,2,,,1,70,,1022407,2,0,15 16,1,32,,1163870,2,0,15 16,1,68,,1163861,2,0,15 16,1,15,,1163905,2,0,15 16,1,59,,1163868,23,0,15 16,1,14,,1163866,2,0,15 16,1,15,,1163873,23,0,15 16,1,13,,1163923,2,0,15 16,1,5,,1163862,2,0,15 16,1,5,,1163899,2,0,15 16,1,6,,1163900,23,0,15 16,1,50,,1163904,2,0,15 16,1,5,,1163859,23,0,15 16,1,7,,1163926,2,0,15 16,1,4,,1163860,2,0,15 16,1,9,,1163917,23,0,15 16,1,2,,1163925,2,0,15 16,1,3,,1163865,2,0,15 16,1,8,,1047198,2,0,15 16,1,10,,1069859,23,0,15 16,1,46,,1163863,2,0,14,1,2,,1163872,2,0,15 16,1,5,,1163916,2,0,15 16,1,9,,1163908,23,0,15 16,1,22,,1163889,23,0,15 16,1,13,,1163887,23,0,15 16,1,55,,1163869,23,0,15 16,1,17,,1163867,23,0,15 16,1,15,,1163920,23,0,15 16,1,14,,1163898,23,0,15 16,1,55,,1163912,23,0,15 16,1,15,,1163929,23,0,15 16,1,15,,1163878,23,0,15 16,1,15,,1163933,23,0,15 16,1,55,,1163930,23,0,15 16,1,15,,1093001,23,0,15 16,1,15,,1163892,23,0,15 16,1,15,,1163888,23,0,15 16,1,55,,1163896,23,0,15 16,1,15,,1163911,23,0,15 16,1,15,,936857,23,0,15 16,1,15,,1078379,23,0,15 16,1,56,,1163883,2,0,15 16,1,14,,1163937,23,0,15 16,1,16,,1163907,2,0,15 16,1,14,,1163919,23,0,15 16,1,56,,1163914,2,0,15 16,1,15,,1163902,23,0,15 16,1,15,,1163874,2,0,15 16,1,15,,1163903,23,0,15 16,1,55,,1003362,2,0,15 16,1,16,,1163891,23,0,15 16,1,19,,1163901,2,0,15 16,1,58,,1163885,23,0,15 16,1,14,,1163880,2,0,15 16,1,14,,1163934,23,0,15 16,1,14,,1163913,2,0,15 16,1,14,,1163871,23,0,15 16,1,55,,1163876,2,0,15 16,1,16,,1079891,23,0,15 16,1,12,,1163890,2,0,15 16,1,13,,1163924,23,0,15 16,1,55,,1163935,2,0,15 16,1,13,,1163893,23,0,15 16,1,17,,1163909,2,0,15 16,1,15,,1163864,23,0,15 16,1,57,,1163932,2,0,15 16,1,17,,1163895,23,0,15 16,1,18,,1163882,2,0,15 16,1,55,,1163886,23,0,15 16,1,19,,1163894,2,0,15 16,1,12,,1163875,23,0,15 16,1,16,,1163879,2,0,15 16,1,57,,1163922,23,0,15 16,1,14,,1163881,2,0,15 16,1,13,,1163906,23,0,15 16,1,17,,1163915,2,0,15 16,1,56,,977826,23,0,15 16,1,12,,1163918,2,0,15 16,1,18,,1163936,23,0,15 16,1,12,,1092948,2,0,15 16,1,54,,1163928,23,0,15 16,1,21,,1163931,2,0,15 16,1,30,,1163927,2,0,15 16,1,70,,1163897,2,,,1,29,,1163884,2,,,1,69,,1003778,2,,,1,29,,1163877,2,,,1,70,,1163921,2,,,1,80,,1163910,2,,,1
7500,'12',330,,1163952,2,,,1,26,,1163949,2,,,1,70,,1163951,2,0,15 16,1,32,,1164014,2,0,15 16,1,68,,1164006,2,0,15 16,1,15,,1164013,2,0,15 16,1,59,,1164007,23,0,15 16,1,14,,1164004,2,0,15 16,1,15,,1163984,23,0,15 16,1,13,,1164015,2,0,15 16,1,5,,1163942,2,0,15 16,1,5,,1163965,2,0,15 16,1,6,,1163995,23,0,15 16,1,50,,1163955,2,0,15 16,1,5,,1163957,23,0,15 16,1,7,,1163974,2,0,15 16,1,4,,1163989,2,0,15 16,1,9,,1163972,23,0,15 16,1,2,,1068290,2,0,15 16,1,3,,1099000,2,0,15 16,1,8,,1163985,2,0,15 16,1,10,,1163997,23,0,15 16,1,46,,1163993,2,0,14,1,2,,1164008,2,0,15 16,1,5,,1163966,2,0,15 16,1,9,,1163996,23,0,15 16,1,22,,1163983,23,0,15 16,1,13,,1164011,23,0,15 16,1,55,,1164022,23,0,15 16,1,17,,1164016,23,0,15 16,1,15,,1163954,23,0,15 16,1,14,,1164020,23,0,15 16,1,55,,1163994,23,0,15 16,1,15,,1163962,23,0,15 16,1,15,,1163968,23,0,15 16,1,15,,1163939,23,0,15 16,1,55,,1163941,23,0,15 16,1,15,,1163967,23,0,15 16,1,15,,1164021,23,0,15 16,1,15,,1163998,23,0,15 16,1,55,,1163948,23,0,15 16,1,15,,1034234,23,0,15 16,1,15,,1164019,23,0,15 16,1,15,,1164012,23,0,15 16,1,56,,1163943,2,0,15 16,1,14,,1058959,23,0,15 16,1,16,,1163973,2,0,15 16,1,14,,1163958,23,0,15 16,1,56,,1164017,2,0,15 16,1,15,,1163959,23,0,15 16,1,15,,1163945,2,0,15 16,1,15,,1163979,23,0,15 16,1,55,,1163980,2,0,15 16,1,16,,1007706,23,0,15 16,1,19,,1164000,2,0,15 16,1,58,,1163987,23,0,15 16,1,14,,1163963,2,0,15 16,1,14,,1163960,23,0,15 16,1,14,,1163964,2,0,15 16,1,14,,1164018,23,0,15 16,1,55,,1164005,2,0,15 16,1,16,,1164003,23,0,15 16,1,12,,1163991,2,0,15 16,1,13,,1163977,23,0,15 16,1,55,,1163976,2,0,15 16,1,13,,1163969,23,0,15 16,1,17,,1163946,2,0,15 16,1,15,,1163988,23,0,15 16,1,57,,1057163,2,0,15 16,1,17,,1163971,23,0,15 16,1,18,,1163990,2,0,15 16,1,55,,1163953,23,0,15 16,1,19,,1163956,2,0,15 16,1,12,,1163938,23,0,15 16,1,16,,1163981,2,0,15 16,1,57,,1164009,23,0,15 16,1,14,,1163986,2,0,15 16,1,13,,1164002,23,0,15 16,1,17,,1163975,2,0,15 16,1,56,,1163999,23,0,15 16,1,12,,1164010,2,0,15 16,1,18,,1163992,23,0,15 16,1,12,,1163978,2,0,15 16,1,54,,1080683,23,0,15 16,1,21,,1163982,2,0,15 16,1,30,,1163961,2,0,15 16,1,70,,1163947,2,,,1,29,,1164001,2,,,1,69,,1163940,2,,,1,29,,1163944,2,,,1,70,,1163970,2,,,1,80,,1163950,2,,,1
7500,'13',330,,1164077,2,,,1,71,,1164023,2,,,1,30,,1164071,2,,,1,70,,1164080,2,,,1,30,,1164079,2,,,1,70,,1164058,2,,,1,30,,1164027,2,,,1,20,,1164031,2,,,1,66,,1164044,23,0,15 16,1,30,,1164083,2,0,15 16,1,70,,1087953,23,0,15 16,1,15,,1164057,2,0,15 16,1,15,,1164047,2,0,15 16,1,55,,1164038,2,0,15 16,1,15,,1070818,23,0,15 16,1,15,,1164040,2,0,15 16,1,15,,1164043,23,0,15 16,1,56,,1164037,2,0,15 16,1,15,,1164059,23,0,15 16,1,15,,1164035,2,0,15 16,1,15,,1164084,23,0,15 16,1,55,,1164072,2,0,15 16,1,15,,1164060,23,0,15 16,1,15,,1164078,2,0,15 16,1,15,,1164054,23,0,15 16,1,55,,1164049,2,0,15 16,1,15,,1164070,23,0,15 16,1,15,,1164036,2,0,15 16,1,15,,1063946,23,0,15 16,1,55,,1164075,2,0,15 16,1,15,,1164064,23,0,15 16,1,15,,1164089,2,0,15 16,1,15,,1164062,23,0,15 16,1,55,,1094023,2,0,15 16,1,15,,1164081,23,0,15 16,1,15,,1164042,2,0,15 16,1,15,,1164024,23,0,15 16,1,55,,1164025,2,0,15 16,1,15,,1164068,23,0,15 16,1,15,,1164041,2,0,15 16,1,15,,1164061,23,0,15 16,1,55,,1164050,2,0,15 16,1,15,,1164039,23,0,15 16,1,15,,1164069,2,0,15 16,1,13,,1164034,23,0,15 16,1,57,,1164029,2,0,15 16,1,15,,1164091,23,0,15 16,1,15,,1164065,2,0,15 16,1,15,,1055841,23,0,15 16,1,55,,1164082,2,0,15 16,1,15,,1164048,23,0,15 16,1,15,,1067251,2,0,15 16,1,15,,1164052,2,0,15 16,1,55,,1164053,2,0,15 16,1,15,,1164046,23,0,15 16,1,15,,1164073,2,0,15 16,1,15,,1164074,2,0,15 16,1,55,,1164056,2,0,15 16,1,15,,1164051,2,0,15 16,1,15,,1164055,2,0,15 16,1,15,,1164028,2,0,15 16,1,55,,1164063,2,0,15 16,1,15,,1164026,2,0,15 16,1,15,,1164033,2,0,15 16,1,15,,1164088,2,0,15 16,1,54,,1164066,2,0,15 16,1,15,,1164067,2,0,15 16,1,15,,1164030,2,,,1,70,,1164085,2,,,1,30,,1164045,2,,,1,70,,1164032,2,,,1,30,,993894,2,,,1,70,,1164090,2,,,1,30,,1164076,2,,,1,70,,1164087,2,,,1,30,,1164086,2,,,1
7500,'14',330,,1164159,2,,,1,26,,1164096,2,,,1,70,,1164092,2,0,15 16,1,32,,1164109,2,0,15 16,1,68,,1164097,2,0,15 16,1,15,,1164144,2,0,15 16,1,59,,1164105,23,0,15 16,1,14,,1164103,2,0,15 16,1,15,,1164112,23,0,15 16,1,13,,1164163,2,0,15 16,1,5,,1164098,2,0,15 16,1,5,,1164138,2,0,15 16,1,6,,1164139,23,0,15 16,1,50,,1164143,2,0,15 16,1,5,,1164093,23,0,15 16,1,7,,1164166,2,0,15 16,1,4,,1164095,2,0,15 16,1,9,,1164156,23,0,15 16,1,2,,1164165,2,0,15 16,1,3,,1164102,2,0,15 16,1,8,,1164101,2,0,15 16,1,10,,1164106,23,0,15 16,1,46,,1164099,2,0,14,1,2,,1164111,2,0,15 16,1,5,,1164155,2,0,15 16,1,9,,1164147,23,0,15 16,1,22,,1164128,23,0,15 16,1,13,,1164126,23,0,15 16,1,55,,1164108,23,0,15 16,1,17,,1164104,23,0,15 16,1,15,,1164160,23,0,15 16,1,14,,1164137,23,0,15 16,1,55,,1164151,23,0,15 16,1,15,,1164169,23,0,15 16,1,15,,1164117,23,0,15 16,1,15,,1164174,23,0,15 16,1,55,,1164170,23,0,15 16,1,15,,1164182,23,0,15 16,1,15,,1164131,23,0,15 16,1,15,,1164127,23,0,15 16,1,55,,1164135,23,0,15 16,1,15,,1164150,23,0,15 16,1,15,,1164178,23,0,15 16,1,15,,1164173,23,0,15 16,1,56,,1164122,2,0,15 16,1,14,,1164183,23,0,15 16,1,16,,1164146,2,0,15 16,1,14,,1164158,23,0,15 16,1,56,,1164153,2,0,15 16,1,15,,1164141,23,0,15 16,1,15,,1164113,2,0,15 16,1,15,,1164142,23,0,15 16,1,55,,1164175,2,0,15 16,1,16,,1164130,23,0,15 16,1,19,,1164140,2,0,15 16,1,58,,1164124,23,0,15 16,1,14,,1164119,2,0,15 16,1,14,,1164177,23,0,15 16,1,14,,1164152,2,0,15 16,1,14,,1164110,23,0,15 16,1,55,,1164115,2,0,15 16,1,16,,1164107,23,0,15 16,1,12,,1164129,2,0,15 16,1,13,,1164164,23,0,15 16,1,55,,1164179,2,0,15 16,1,13,,1164132,23,0,15 16,1,17,,1164148,2,0,15 16,1,15,,1164100,23,0,15 16,1,57,,1164172,2,0,15 16,1,17,,1164134,23,0,15 16,1,18,,1164121,2,0,15 16,1,55,,1164125,23,0,15 16,1,19,,1164133,2,0,15 16,1,12,,1164114,23,0,15 16,1,16,,1164118,2,0,15 16,1,57,,1164162,23,0,15 16,1,14,,1164120,2,0,15 16,1,13,,1164145,23,0,15 16,1,17,,1164154,2,0,15 16,1,56,,1164181,23,0,15 16,1,12,,1164157,2,0,15 16,1,18,,1164180,23,0,15 16,1,12,,1164094,2,0,15 16,1,54,,1164168,23,0,15 16,1,21,,1164171,2,0,15 16,1,30,,1164167,2,0,15 16,1,70,,1164136,2,,,1,29,,1164123,2,,,1,69,,1164176,2,,,1,29,,1164116,2,,,1,70,,1164161,2,,,1,80,,1164149,2,,,1
7500,'15',330,,1164190,2,,,1,26,,1164254,2,,,1,70,,1164265,2,0,15 16,1,32,,1164262,2,0,15 16,1,68,,1164192,2,0,15 16,1,15,,1164244,2,0,15 16,1,59,,1164235,23,0,15 16,1,14,,1164224,2,0,15 16,1,15,,1164186,23,0,15 16,1,13,,1164257,2,0,15 16,1,5,,1164247,2,0,15 16,1,5,,1164241,2,0,15 16,1,6,,1164268,23,0,15 16,1,50,,1164233,2,0,15 16,1,5,,1164242,23,0,15 16,1,7,,1164274,2,0,15 16,1,4,,1164187,2,0,15 16,1,9,,1164206,23,0,15 16,1,2,,1164202,2,0,15 16,1,3,,1164204,2,0,15 16,1,8,,1164236,2,0,15 16,1,10,,1164271,23,0,15 16,1,46,,1164219,2,0,14,1,2,,1164245,2,0,15 16,1,5,,1164195,2,0,15 16,1,9,,1164234,23,0,15 16,1,22,,1164246,23,0,15 16,1,13,,1164270,23,0,15 16,1,55,,1164191,23,0,15 16,1,17,,1164237,23,0,15 16,1,15,,1164211,23,0,15 16,1,14,,1164210,23,0,15 16,1,55,,1164225,23,0,15 16,1,15,,1164227,23,0,15 16,1,15,,1164261,23,0,15 16,1,15,,1164252,23,0,15 16,1,55,,1164193,23,0,15 16,1,15,,1164251,23,0,15 16,1,15,,1164221,23,0,15 16,1,15,,1164189,23,0,15 16,1,55,,1164229,23,0,15 16,1,15,,1164232,23,0,15 16,1,15,,1164273,23,0,15 16,1,15,,1164205,23,0,15 16,1,56,,1164275,2,0,15 16,1,14,,1164201,23,0,15 16,1,16,,1164239,2,0,15 16,1,14,,1164216,23,0,15 16,1,56,,1164203,2,0,15 16,1,15,,1164259,23,0,15 16,1,15,,1164231,2,0,15 16,1,15,,1164222,23,0,15 16,1,55,,1164212,2,0,15 16,1,16,,1164200,23,0,15 16,1,19,,1164188,2,0,15 16,1,58,,1164269,23,0,15 16,1,14,,1164263,2,0,15 16,1,14,,1164220,23,0,15 16,1,14,,1164255,2,0,15 16,1,14,,1164198,23,0,15 16,1,55,,1164207,2,0,15 16,1,16,,1164226,23,0,15 16,1,12,,1164256,2,0,15 16,1,13,,1164243,23,0,15 16,1,55,,1164250,2,0,15 16,1,13,,1164230,23,0,15 16,1,17,,1164185,2,0,15 16,1,15,,1164217,23,0,15 16,1,57,,1164214,2,0,15 16,1,17,,1164258,23,0,15 16,1,18,,1164223,2,0,15 16,1,55,,1164228,23,0,15 16,1,19,,1164253,2,0,15 16,1,12,,1164197,23,0,15 16,1,16,,1164249,2,0,15 16,1,57,,1164209,23,0,15 16,1,14,,1164213,2,0,15 16,1,13,,1164260,23,0,15 16,1,17,,1164266,2,0,15 16,1,56,,1164218,23,0,15 16,1,12,,1164248,2,0,15 16,1,18,,1164264,23,0,15 16,1,12,,1164215,2,0,15 16,1,54,,1164199,23,0,15 16,1,21,,1164194,2,0,15 16,1,30,,1164267,2,0,15 16,1,70,,1164196,2,,,1,29,,1164184,2,,,1,69,,1164238,2,,,1,29,,1164240,2,,,1,70,,1164272,2,,,1,80,,1164208,2,,,1
7500,'16',330,,1164291,2,,,1,26,,1164288,2,,,1,70,,1164290,2,0,15 16,1,32,,1164351,2,0,15 16,1,68,,1164344,2,0,15 16,1,15,,1164350,2,0,15 16,1,59,,1164345,23,0,15 16,1,14,,1164342,2,0,15 16,1,15,,1164323,23,0,15 16,1,13,,1164352,2,0,15 16,1,5,,1164281,2,0,15 16,1,5,,1164304,2,0,15 16,1,6,,1164333,23,0,15 16,1,50,,1164294,2,0,15 16,1,5,,1164296,23,0,15 16,1,7,,1164313,2,0,15 16,1,4,,1164327,2,0,15 16,1,9,,1164311,23,0,15 16,1,2,,1164280,2,0,15 16,1,3,,1164360,2,0,15 16,1,8,,1164324,2,0,15 16,1,10,,1164335,23,0,15 16,1,46,,1164331,2,0,14,1,2,,1164346,2,0,15 16,1,5,,1095652,2,0,15 16,1,9,,1164334,23,0,15 16,1,22,,1164322,23,0,15 16,1,13,,1164349,23,0,15 16,1,55,,1164359,23,0,15 16,1,17,,1164353,23,0,15 16,1,15,,1164293,23,0,15 16,1,14,,1065843,23,0,15 16,1,55,,1164332,23,0,15 16,1,15,,1164301,23,0,15 16,1,15,,1164306,23,0,15 16,1,15,,1164276,23,0,15 16,1,55,,1164279,23,0,15 16,1,15,,1164305,23,0,15 16,1,15,,1164358,23,0,15 16,1,15,,1164336,23,0,15 16,1,55,,1164287,23,0,15 16,1,15,,1164309,23,0,15 16,1,15,,1094190,23,0,15 16,1,15,,1067444,23,0,15 16,1,56,,1164282,2,0,15 16,1,14,,1164356,23,0,15 16,1,16,,1164312,2,0,15 16,1,14,,1164297,23,0,15 16,1,56,,1164355,2,0,15 16,1,15,,1164298,23,0,15 16,1,15,,1164284,2,0,15 16,1,15,,1164318,23,0,15 16,1,55,,1164319,2,0,15 16,1,16,,1164277,23,0,15 16,1,19,,1164338,2,0,15 16,1,58,,1164326,23,0,15 16,1,14,,1164302,2,0,15 16,1,14,,1164299,23,0,15 16,1,14,,1164303,2,0,15 16,1,14,,1164357,23,0,15 16,1,55,,1164343,2,0,15 16,1,16,,1164341,23,0,15 16,1,12,,1164329,2,0,15 16,1,13,,1164316,23,0,15 16,1,55,,1164315,2,0,15 16,1,13,,1164307,23,0,15 16,1,17,,1164285,2,0,15 16,1,15,,1075067,23,0,15 16,1,57,,1164354,2,0,15 16,1,17,,1164310,23,0,15 16,1,18,,1164328,2,0,15 16,1,55,,1164292,23,0,15 16,1,19,,1164295,2,0,15 16,1,12,,1069361,23,0,15 16,1,16,,1164320,2,0,15 16,1,57,,1164347,23,0,15 16,1,14,,1164325,2,0,15 16,1,13,,1164340,23,0,15 16,1,17,,1164314,2,0,15 16,1,56,,1164337,23,0,15 16,1,12,,1164348,2,0,15 16,1,18,,1164330,23,0,15 16,1,12,,1164317,2,0,15 16,1,54,,1164278,23,0,15 16,1,21,,1164321,2,0,15 16,1,30,,1164300,2,0,15 16,1,70,,1164286,2,,,1,29,,1164339,2,,,1,69,,1073043,2,,,1,29,,1164283,2,,,1,70,,1164308,2,,,1,80,,1164289,2,,,1
7500,'17',330,,1164417,2,,,1,71,,1164361,2,,,1,30,,1164411,2,,,1,70,,1164420,2,,,1,30,,1164419,2,,,1,70,,1164398,2,,,1,30,,1164365,2,,,1,20,,1164371,2,,,1,66,,1164384,23,0,15 16,1,30,,1164423,2,0,15 16,1,70,,1164436,23,0,15 16,1,15,,1164397,2,0,15 16,1,15,,1164387,2,0,15 16,1,55,,1164378,2,0,15 16,1,15,,1164367,23,0,15 16,1,15,,1164380,2,0,15 16,1,15,,1164383,23,0,15 16,1,56,,1164377,2,0,15 16,1,15,,1164399,23,0,15 16,1,15,,1164375,2,0,15 16,1,15,,1164424,23,0,15 16,1,55,,1164412,2,0,15 16,1,15,,1164400,23,0,15 16,1,15,,1164418,2,0,15 16,1,15,,1164394,23,0,15 16,1,55,,1164389,2,0,15 16,1,15,,1164410,23,0,15 16,1,15,,1164376,2,0,15 16,1,15,,1164428,23,0,15 16,1,55,,1164415,2,0,15 16,1,15,,1164404,23,0,15 16,1,15,,1164433,2,0,15 16,1,15,,1164402,23,0,15 16,1,55,,1164369,2,0,15 16,1,15,,1164421,23,0,15 16,1,15,,1164382,2,0,15 16,1,15,,1164362,23,0,15 16,1,55,,1164363,2,0,15 16,1,15,,1164408,23,0,15 16,1,15,,1164381,2,0,15 16,1,15,,1164401,23,0,15 16,1,55,,1164390,2,0,15 16,1,15,,1164379,23,0,15 16,1,15,,1164409,2,0,15 16,1,13,,1164374,23,0,15 16,1,57,,1164368,2,0,15 16,1,15,,1164435,23,0,15 16,1,15,,1164405,2,0,15 16,1,15,,1164431,23,0,15 16,1,55,,1164422,2,0,15 16,1,15,,1164388,23,0,15 16,1,15,,1164426,2,0,15 16,1,15,,1164392,2,0,15 16,1,55,,1164393,2,0,15 16,1,15,,1164386,23,0,15 16,1,15,,1164413,2,0,15 16,1,15,,1164414,2,0,15 16,1,55,,1164396,2,0,15 16,1,15,,1164391,2,0,15 16,1,15,,1164395,2,0,15 16,1,15,,1164366,2,0,15 16,1,55,,1164403,2,0,15 16,1,15,,1164364,2,0,15 16,1,15,,1164373,2,0,15 16,1,15,,1164432,2,0,15 16,1,54,,1164406,2,0,15 16,1,15,,1164407,2,0,15 16,1,15,,1164370,2,,,1,70,,1164425,2,,,1,30,,1164385,2,,,1,70,,1164372,2,,,1,30,,1164427,2,,,1,70,,1164434,2,,,1,30,,1164416,2,,,1,70,,1164430,2,,,1,30,,1164429,2,,,1
7500,'2',324,,1164474,2,,,1,30,,1164489,2,,,1,70,,1164484,2,,,1,30,,1164483,2,,,1,72,,1164449,2,0,15 16,1,28,,1164503,2,0,15 16,1,60,,1081198,2,0,15 16,1,20,,1164444,2,0,15 16,1,18,,1164485,2,0,15 16,1,58,,1164448,2,0,15 16,1,17,,1164456,23,0,15 16,1,13,,1164467,2,0,15 16,1,15,,1164475,2,0,15 16,1,55,,1164495,2,0,15 16,1,17,,1164451,23,0,15 16,1,14,,1164482,2,0,15 16,1,16,,1164502,23,0,15 16,1,54,,1164506,2,0,15 16,1,18,,1164480,23,0,15 16,1,12,,1164441,2,0,15 16,1,16,,1164509,23,0,15 16,1,54,,1164447,2,0,15 16,1,17,,1164470,23,0,15 16,1,13,,1164497,2,0,15 16,1,17,,1164469,23,0,15 16,1,53,,1164494,2,0,15 16,1,17,,1164501,23,0,15 16,1,13,,1164458,2,0,15 16,1,17,,1164488,23,0,15 16,1,53,,1164504,2,0,15 16,1,17,,1164443,23,0,15 16,1,15,,1164472,23,0,15 16,1,15,,1164465,23,0,15 16,1,55,,1164491,23,0,15 16,1,15,,1164500,23,0,15 16,1,13,,1164457,2,0,15 16,1,17,,1164479,23,0,15 16,1,53,,1164453,2,0,15 16,1,17,,1085788,23,0,15 16,1,13,,1164486,2,0,15 16,1,17,,1098468,23,0,15 16,1,53,,1164490,2,0,15 16,1,17,,1164492,23,0,15 16,1,13,,1164455,2,0,15 16,1,17,,1164476,23,0,15 16,1,55,,1164438,23,0,15 16,1,15,,1164473,23,0,15 16,1,15,,1164439,23,0,15 16,1,15,,1164452,23,0,15 16,1,53,,1164477,2,0,15 16,1,17,,1164499,23,0,15 16,1,10,,1164496,2,0,15 16,1,16,,1069471,23,0,15 16,1,53,,1164466,2,0,15 16,1,17,,1164437,23,0,15 16,1,13,,1164507,2,0,15 16,1,17,,995804,23,0,15 16,1,53,,1164481,2,0,15 16,1,17,,1044056,23,0,15 16,1,13,,1164511,2,0,15 16,1,17,,1088442,23,0,15 16,1,53,,1101292,2,0,15 16,1,17,,1164478,23,0,15 16,1,12,,1164471,2,0,15 16,1,18,,1164445,23,0,15 16,1,52,,1164454,2,0,15 16,1,17,,1164505,23,0,15 16,1,13,,1164461,2,0,15 16,1,17,,1164463,23,0,15 16,1,53,,1164462,2,0,15 16,1,17,,1164460,23,0,15 16,1,13,,1164450,2,0,15 16,1,17,,1164446,23,0,15 16,1,53,,1164468,2,0,15 16,1,15,,1164487,2,0,15 16,1,15,,1164440,2,0,15 16,1,15,,1097253,2,0,15 16,1,55,,1164464,2,0,15 16,1,26,,1164508,2,0,15 16,1,70,,1164498,2,0,15 16,1,30,,1164459,2,,,1,70,,1164510,2,,,1,30,,1164493,2,,,1,70,,1164442,2,,,1
7500,'3',330,,1164568,2,,,1,71,,1164512,2,,,1,30,,1164562,2,,,1,70,,1164571,2,,,1,30,,1164570,2,,,1,70,,1164549,2,,,1,30,,1164516,2,,,1,20,,1164522,2,,,1,66,,1164535,23,0,15 16,1,30,,1164574,2,0,15 16,1,70,,1164587,23,0,15 16,1,15,,1164548,2,0,15 16,1,15,,1164538,2,0,15 16,1,55,,1164529,2,0,15 16,1,15,,1164518,23,0,15 16,1,15,,1164531,2,0,15 16,1,15,,1164534,23,0,15 16,1,56,,1164528,2,0,15 16,1,15,,1164550,23,0,15 16,1,15,,1164526,2,0,15 16,1,15,,1164575,23,0,15 16,1,55,,1164563,2,0,15 16,1,15,,1164551,23,0,15 16,1,15,,1164569,2,0,15 16,1,15,,1164545,23,0,15 16,1,55,,1164540,2,0,15 16,1,15,,1164561,23,0,15 16,1,15,,1164527,2,0,15 16,1,15,,1164579,23,0,15 16,1,55,,1164566,2,0,15 16,1,15,,1164555,23,0,15 16,1,15,,1164584,2,0,15 16,1,15,,1164553,23,0,15 16,1,55,,1164520,2,0,15 16,1,15,,1164572,23,0,15 16,1,15,,1164533,2,0,15 16,1,15,,1164513,23,0,15 16,1,55,,1164514,2,0,15 16,1,15,,1164559,23,0,15 16,1,15,,1164532,2,0,15 16,1,15,,1164552,23,0,15 16,1,55,,1164541,2,0,15 16,1,15,,1164530,23,0,15 16,1,15,,1164560,2,0,15 16,1,13,,1164525,23,0,15 16,1,57,,1164519,2,0,15 16,1,15,,1164586,23,0,15 16,1,15,,1164556,2,0,15 16,1,15,,1164582,23,0,15 16,1,55,,1164573,2,0,15 16,1,15,,1164539,23,0,15 16,1,15,,1164577,2,0,15 16,1,15,,1164543,2,0,15 16,1,55,,1164544,2,0,15 16,1,15,,1164537,23,0,15 16,1,15,,1164564,2,0,15 16,1,15,,1164565,2,0,15 16,1,55,,1164547,2,0,15 16,1,15,,1164542,2,0,15 16,1,15,,1164546,2,0,15 16,1,15,,1164517,2,0,15 16,1,55,,1164554,2,0,15 16,1,15,,1164515,2,0,15 16,1,15,,1164524,2,0,15 16,1,15,,1164583,2,0,15 16,1,54,,1164557,2,0,15 16,1,15,,1164558,2,0,15 16,1,15,,1164521,2,,,1,70,,1164576,2,,,1,30,,1164536,2,,,1,70,,1164523,2,,,1,30,,1164578,2,,,1,70,,1164585,2,,,1,30,,1164567,2,,,1,70,,1164581,2,,,1,30,,1164580,2,,,1
7500,'4',330,,1164644,2,,,1,71,,1164626,2,,,1,30,,1164597,2,,,1,70,,1164615,2,,,1,30,,1164651,2,,,1,70,,1164622,2,,,1,30,,1164653,2,,,1,20,,1164621,2,,,1,66,,1164640,23,0,15 16,1,30,,1164619,2,0,15 16,1,70,,1164632,23,0,15 16,1,15,,1164604,2,0,15 16,1,15,,1164625,2,0,15 16,1,55,,1164647,2,0,15 16,1,15,,1164645,23,0,15 16,1,15,,1164612,2,0,15 16,1,15,,1164624,23,0,15 16,1,56,,1072293,2,0,15 16,1,15,,1164594,23,0,15 16,1,15,,1164637,2,0,15 16,1,15,,1090770,23,0,15 16,1,55,,1164649,2,0,15 16,1,15,,1164605,23,0,15 16,1,15,,1164639,2,0,15 16,1,15,,1164629,23,0,15 16,1,55,,1164607,2,0,15 16,1,15,,1164599,23,0,15 16,1,15,,1164641,2,0,15 16,1,15,,1164635,23,0,15 16,1,55,,1164634,2,0,15 16,1,15,,1164595,23,0,15 16,1,15,,1164601,2,0,15 16,1,15,,1164642,23,0,15 16,1,55,,1164602,2,0,15 16,1,15,,1164654,23,0,15 16,1,15,,1164643,2,0,15 16,1,15,,1010456,23,0,15 16,1,55,,1164638,2,0,15 16,1,15,,1164592,23,0,15 16,1,15,,1164610,2,0,15 16,1,15,,1164648,23,0,15 16,1,55,,1164616,2,0,15 16,1,15,,1164614,23,0,15 16,1,15,,1164596,2,0,15 16,1,13,,1164591,23,0,15 16,1,57,,1164603,2,0,15 16,1,15,,1062024,23,0,15 16,1,15,,1164606,2,0,15 16,1,15,,1164655,23,0,15 16,1,55,,1164611,2,0,15 16,1,15,,1164590,23,0,15 16,1,15,,1164609,2,0,15 16,1,15,,1164589,2,0,15 16,1,55,,1164613,2,0,15 16,1,15,,1164623,23,0,15 16,1,15,,972303,2,0,15 16,1,15,,1164620,2,0,15 16,1,55,,1164652,2,0,15 16,1,15,,1017779,2,0,15 16,1,15,,1164618,2,0,15 16,1,15,,1164646,2,0,15 16,1,55,,1164617,2,0,15 16,1,15,,1048333,2,0,15 16,1,15,,1164608,2,0,15 16,1,15,,1164593,2,0,15 16,1,54,,1164636,2,0,15 16,1,15,,1164650,2,0,15 16,1,15,,1164627,2,,,1,70,,1164598,2,,,1,30,,1164600,2,,,1,70,,1164633,2,,,1,30,,1164588,2,,,1,70,,1164631,2,,,1,30,,1164630,2,,,1,70,,1164628,2,,,1,30,,1079033,2,,,1
7500,'5',330,,1060861,2,,,1,26,,1089154,2,,,1,70,,1022243,2,0,15 16,1,32,,1164667,2,0,15 16,1,68,,1164658,2,0,15 16,1,15,,1164702,2,0,15 16,1,59,,1164665,23,0,15 16,1,14,,1164663,2,0,15 16,1,15,,1164670,23,0,15 16,1,13,,1164720,2,0,15 16,1,5,,1164659,2,0,15 16,1,5,,1164696,2,0,15 16,1,6,,1164697,23,0,15 16,1,50,,1164701,2,0,15 16,1,5,,1164656,23,0,15 16,1,7,,1164723,2,0,15 16,1,4,,1164657,2,0,15 16,1,9,,1164714,23,0,15 16,1,2,,1164722,2,0,15 16,1,3,,1164662,2,0,15 16,1,8,,1046946,2,0,15 16,1,10,,1069792,23,0,15 16,1,46,,1164660,2,0,14,1,2,,1164669,2,0,15 16,1,5,,1164713,2,0,15 16,1,9,,1164705,23,0,15 16,1,22,,1164686,23,0,15 16,1,13,,1164684,23,0,15 16,1,55,,1164666,23,0,15 16,1,17,,1164664,23,0,15 16,1,15,,1164717,23,0,15 16,1,14,,1164695,23,0,15 16,1,55,,1164709,23,0,15 16,1,15,,1164726,23,0,15 16,1,15,,1164675,23,0,15 16,1,15,,1164730,23,0,15 16,1,55,,1164727,23,0,15 16,1,15,,1092853,23,0,15 16,1,15,,1164689,23,0,15 16,1,15,,1164685,23,0,15 16,1,55,,1164693,23,0,15 16,1,15,,1164708,23,0,15 16,1,15,,937079,23,0,15 16,1,15,,1078279,23,0,15 16,1,56,,1164680,2,0,15 16,1,14,,1164734,23,0,15 16,1,16,,1164704,2,0,15 16,1,14,,1164716,23,0,15 16,1,56,,1164711,2,0,15 16,1,15,,1164699,23,0,15 16,1,15,,1164671,2,0,15 16,1,15,,1164700,23,0,15 16,1,55,,1003287,2,0,15 16,1,16,,1164688,23,0,15 16,1,19,,1164698,2,0,15 16,1,58,,1164682,23,0,15 16,1,14,,1164677,2,0,15 16,1,14,,1164731,23,0,15 16,1,14,,1164710,2,0,15 16,1,14,,1164668,23,0,15 16,1,55,,1164673,2,0,15 16,1,16,,1079822,23,0,15 16,1,12,,1164687,2,0,15 16,1,13,,1164721,23,0,15 16,1,55,,1164732,2,0,15 16,1,13,,1164690,23,0,15 16,1,17,,1164706,2,0,15 16,1,15,,1164661,23,0,15 16,1,57,,1164729,2,0,15 16,1,17,,1164692,23,0,15 16,1,18,,1164679,2,0,15 16,1,55,,1164683,23,0,15 16,1,19,,1164691,2,0,15 16,1,12,,1164672,23,0,15 16,1,16,,1164676,2,0,15 16,1,57,,1164719,23,0,15 16,1,14,,1164678,2,0,15 16,1,13,,1164703,23,0,15 16,1,17,,1164712,2,0,15 16,1,56,,977997,23,0,15 16,1,12,,1164715,2,0,15 16,1,18,,1164733,23,0,15 16,1,12,,1092800,2,0,15 16,1,54,,1164725,23,0,15 16,1,21,,1164728,2,0,15 16,1,30,,1164724,2,0,15 16,1,70,,1164694,2,,,1,29,,1164681,2,,,1,69,,1003557,2,,,1,29,,1164674,2,,,1,70,,1164718,2,,,1,80,,1164707,2,,,1
7500,'6',330,,1164746,2,,,1,26,,1164743,2,,,1,70,,1164745,2,0,15 16,1,32,,1083970,2,0,15 16,1,68,,1164801,2,0,15 16,1,15,,1164805,2,0,15 16,1,59,,1164802,23,0,15 16,1,14,,1164799,2,0,15 16,1,15,,1164779,23,0,15 16,1,13,,1079282,2,0,15 16,1,5,,1063257,2,0,15 16,1,5,,1164759,2,0,15 16,1,6,,1164790,23,0,15 16,1,50,,1164749,2,0,15 16,1,5,,1164751,23,0,15 16,1,7,,1164769,2,0,15 16,1,4,,1164784,2,0,15 16,1,9,,1164767,23,0,15 16,1,2,,1164739,2,0,15 16,1,3,,1164811,2,0,15 16,1,8,,1164780,2,0,15 16,1,10,,1164792,23,0,15 16,1,46,,1164788,2,0,14,1,2,,1164803,2,0,15 16,1,5,,1164760,2,0,15 16,1,9,,1164791,23,0,15 16,1,22,,1164778,23,0,15 16,1,13,,1099132,23,0,15 16,1,55,,1081781,23,0,15 16,1,17,,1024322,23,0,15 16,1,15,,1164748,23,0,15 16,1,14,,1164810,23,0,15 16,1,55,,1164789,23,0,15 16,1,15,,1164756,23,0,15 16,1,15,,1164762,23,0,15 16,1,15,,1093017,23,0,15 16,1,55,,1005081,23,0,15 16,1,15,,1164761,23,0,15 16,1,15,,1103112,23,0,15 16,1,15,,1164793,23,0,15 16,1,55,,1164742,23,0,15 16,1,15,,1164765,23,0,15 16,1,15,,1164809,23,0,15 16,1,15,,1164804,23,0,15 16,1,56,,1061388,2,0,15 16,1,14,,1164808,23,0,15 16,1,16,,1164768,2,0,15 16,1,14,,1164752,23,0,15 16,1,56,,1164807,2,0,15 16,1,15,,1164753,23,0,15 16,1,15,,994968,2,0,15 16,1,15,,1164774,23,0,15 16,1,55,,1164775,2,0,15 16,1,16,,1164737,23,0,15 16,1,19,,1164795,2,0,15 16,1,58,,1164782,23,0,15 16,1,14,,1164757,2,0,15 16,1,14,,1164754,23,0,15 16,1,14,,1164758,2,0,15 16,1,14,,1005482,23,0,15 16,1,55,,1164800,2,0,15 16,1,16,,1164798,23,0,15 16,1,12,,1164786,2,0,15 16,1,13,,1164772,23,0,15 16,1,55,,1164771,2,0,15 16,1,13,,1164763,23,0,15 16,1,17,,1164740,2,0,15 16,1,15,,1164783,23,0,15 16,1,57,,1164806,2,0,15 16,1,17,,1164766,23,0,15 16,1,18,,1164785,2,0,15 16,1,55,,1164747,23,0,15 16,1,19,,1164750,2,0,15 16,1,12,,1164735,23,0,15 16,1,16,,1164776,2,0,15 16,1,57,,925880,23,0,15 16,1,14,,1164781,2,0,15 16,1,13,,1164797,23,0,15 16,1,17,,1164770,2,0,15 16,1,56,,1164794,23,0,15 16,1,12,,1009642,2,0,15 16,1,18,,1164787,23,0,15 16,1,12,,1164773,2,0,15 16,1,54,,1164738,23,0,15 16,1,21,,1164777,2,0,15 16,1,30,,1164755,2,0,15 16,1,70,,1164741,2,,,1,29,,1164796,2,,,1,69,,1164736,2,,,1,29,,1064754,2,,,1,70,,1164764,2,,,1,80,,1164744,2,,,1
7500,'7',324,,1164850,2,,,1,30,,1164886,2,,,1,70,,1164877,2,,,1,30,,1164864,2,,,1,72,,1164862,2,0,15 16,1,28,,1164842,2,0,15 16,1,60,,1164869,2,0,15 16,1,20,,1164852,2,0,15 16,1,18,,1164815,2,0,15 16,1,58,,1164892,2,0,15 16,1,17,,1164820,23,0,15 16,1,13,,1164868,2,0,15 16,1,15,,1164867,2,0,15 16,1,55,,1164857,2,0,15 16,1,17,,1164858,23,0,15 16,1,14,,1164893,2,0,15 16,1,16,,1164883,23,0,15 16,1,54,,1164849,2,0,15 16,1,18,,1164887,23,0,15 16,1,12,,1164855,2,0,15 16,1,16,,1164879,23,0,15 16,1,54,,1164837,2,0,15 16,1,17,,1164882,23,0,15 16,1,13,,1164826,2,0,15 16,1,17,,1164871,23,0,15 16,1,53,,1164843,2,0,15 16,1,17,,1164832,23,0,15 16,1,13,,1164881,2,0,15 16,1,17,,1164876,23,0,15 16,1,53,,1164848,2,0,15 16,1,17,,1164836,23,0,15 16,1,15,,1164816,23,0,15 16,1,15,,1164853,23,0,15 16,1,55,,1164856,23,0,15 16,1,15,,1164812,23,0,15 16,1,13,,1164825,2,0,15 16,1,17,,1164851,23,0,15 16,1,53,,1164891,2,0,15 16,1,17,,1164830,23,0,15 16,1,13,,1164839,2,0,15 16,1,17,,1164824,23,0,15 16,1,53,,1164866,2,0,15 16,1,17,,1164838,23,0,15 16,1,13,,1164884,2,0,15 16,1,17,,1164872,23,0,15 16,1,55,,1164828,23,0,15 16,1,15,,1164846,23,0,15 16,1,15,,1164890,23,0,15 16,1,15,,1164819,23,0,15 16,1,53,,1164873,2,0,15 16,1,17,,1164817,23,0,15 16,1,10,,1164841,2,0,15 16,1,16,,1164875,23,0,15 16,1,53,,1164823,2,0,15 16,1,17,,1164834,23,0,15 16,1,13,,1164822,2,0,15 16,1,17,,1164829,23,0,15 16,1,53,,1164814,2,0,15 16,1,17,,1164861,23,0,15 16,1,13,,1164878,2,0,15 16,1,17,,1164845,23,0,15 16,1,53,,1164835,2,0,15 16,1,17,,1164859,23,0,15 16,1,12,,1164813,2,0,15 16,1,18,,1164831,23,0,15 16,1,52,,1164863,2,0,15 16,1,17,,1164844,23,0,15 16,1,13,,1164885,2,0,15 16,1,17,,1164870,23,0,15 16,1,53,,1164894,2,0,15 16,1,17,,1164818,23,0,15 16,1,13,,1164833,2,0,15 16,1,17,,1164874,23,0,15 16,1,53,,1164865,2,0,15 16,1,15,,1164854,2,0,15 16,1,15,,1164880,2,0,15 16,1,15,,1164860,2,0,15 16,1,55,,1164821,2,0,15 16,1,26,,1164889,2,0,15 16,1,70,,1164827,2,0,15 16,1,30,,1164888,2,,,1,70,,1164840,2,,,1,30,,1164847,2,,,1,70,,1164895,2,,,1
7500,'8',330,,1164913,2,,,1,26,,1164910,2,,,1,70,,1164912,2,0,15 16,1,32,,1164976,2,0,15 16,1,68,,1164968,2,0,15 16,1,15,,1164975,2,0,15 16,1,59,,1164969,23,0,15 16,1,14,,1164966,2,0,15 16,1,15,,1164946,23,0,15 16,1,13,,1164977,2,0,15 16,1,5,,1164903,2,0,15 16,1,5,,1164926,2,0,15 16,1,6,,1164957,23,0,15 16,1,50,,1164916,2,0,15 16,1,5,,1164918,23,0,15 16,1,7,,1164936,2,0,15 16,1,4,,1164951,2,0,15 16,1,9,,1164934,23,0,15 16,1,2,,1164902,2,0,15 16,1,3,,1164987,2,0,15 16,1,8,,1164947,2,0,15 16,1,10,,1164959,23,0,15 16,1,46,,1164955,2,0,14,1,2,,1164970,2,0,15 16,1,5,,1164927,2,0,15 16,1,9,,1164958,23,0,15 16,1,22,,1164945,23,0,15 16,1,13,,1164973,23,0,15 16,1,55,,1164986,23,0,15 16,1,17,,1164978,23,0,15 16,1,15,,1164915,23,0,15 16,1,14,,1164984,23,0,15 16,1,55,,1164956,23,0,15 16,1,15,,1164923,23,0,15 16,1,15,,1164929,23,0,15 16,1,15,,1164897,23,0,15 16,1,55,,1164901,23,0,15 16,1,15,,1164928,23,0,15 16,1,15,,1164985,23,0,15 16,1,15,,1164960,23,0,15 16,1,55,,1164909,23,0,15 16,1,15,,1164932,23,0,15 16,1,15,,1164983,23,0,15 16,1,15,,1164974,23,0,15 16,1,56,,1164904,2,0,15 16,1,14,,1164981,23,0,15 16,1,16,,1164935,2,0,15 16,1,14,,1164919,23,0,15 16,1,56,,1164980,2,0,15 16,1,15,,1164920,23,0,15 16,1,15,,1164906,2,0,15 16,1,15,,1164941,23,0,15 16,1,55,,1164942,2,0,15 16,1,16,,1164899,23,0,15 16,1,19,,1164962,2,0,15 16,1,58,,1164949,23,0,15 16,1,14,,1164924,2,0,15 16,1,14,,1164921,23,0,15 16,1,14,,1164925,2,0,15 16,1,14,,1164982,23,0,15 16,1,55,,1164967,2,0,15 16,1,16,,1164965,23,0,15 16,1,12,,1164953,2,0,15 16,1,13,,1164939,23,0,15 16,1,55,,1164938,2,0,15 16,1,13,,1164930,23,0,15 16,1,17,,1164907,2,0,15 16,1,15,,1164950,23,0,15 16,1,57,,1164979,2,0,15 16,1,17,,1164933,23,0,15 16,1,18,,1164952,2,0,15 16,1,55,,1164914,23,0,15 16,1,19,,1164917,2,0,15 16,1,12,,1164896,23,0,15 16,1,16,,1164943,2,0,15 16,1,57,,1164971,23,0,15 16,1,14,,1164948,2,0,15 16,1,13,,1164964,23,0,15 16,1,17,,1164937,2,0,15 16,1,56,,1164961,23,0,15 16,1,12,,1164972,2,0,15 16,1,18,,1164954,23,0,15 16,1,12,,1164940,2,0,15 16,1,54,,1164900,23,0,15 16,1,21,,1164944,2,0,15 16,1,30,,1164922,2,0,15 16,1,70,,1164908,2,,,1,29,,1164963,2,,,1,69,,1164898,2,,,1,29,,1164905,2,,,1,70,,1164931,2,,,1,80,,1164911,2,,,1
7500,'9',330,,1060871,2,,,1,26,,1089060,2,,,1,70,,1022485,2,0,15 16,1,32,,1164999,2,0,15 16,1,68,,1164990,2,0,15 16,1,15,,1165034,2,0,15 16,1,59,,1164997,23,0,15 16,1,14,,1164995,2,0,15 16,1,15,,1165002,23,0,15 16,1,13,,1165052,2,0,15 16,1,5,,1164991,2,0,15 16,1,5,,1165028,2,0,15 16,1,6,,1165029,23,0,15 16,1,50,,1165033,2,0,15 16,1,5,,1164988,23,0,15 16,1,7,,1165055,2,0,15 16,1,4,,1164989,2,0,15 16,1,9,,1165046,23,0,15 16,1,2,,1165054,2,0,15 16,1,3,,1164994,2,0,15 16,1,8,,1047302,2,0,15 16,1,10,,1069716,23,0,15 16,1,46,,1164992,2,0,14,1,2,,1165001,2,0,15 16,1,5,,1165045,2,0,15 16,1,9,,1165037,23,0,15 16,1,22,,1165018,23,0,15 16,1,13,,1165016,23,0,15 16,1,55,,1164998,23,0,15 16,1,17,,1164996,23,0,15 16,1,15,,1165049,23,0,15 16,1,14,,1165027,23,0,15 16,1,55,,1165041,23,0,15 16,1,15,,1165058,23,0,15 16,1,15,,1165007,23,0,15 16,1,15,,1165062,23,0,15 16,1,55,,1165059,23,0,15 16,1,15,,1092700,23,0,15 16,1,15,,1165021,23,0,15 16,1,15,,1165017,23,0,15 16,1,55,,1165025,23,0,15 16,1,15,,1165040,23,0,15 16,1,15,,937026,23,0,15 16,1,15,,1078175,23,0,15 16,1,56,,1165012,2,0,15 16,1,14,,1165066,23,0,15 16,1,16,,1165036,2,0,15 16,1,14,,1165048,23,0,15 16,1,56,,1165043,2,0,15 16,1,15,,1165031,23,0,15 16,1,15,,1165003,2,0,15 16,1,15,,1165032,23,0,15 16,1,55,,1003408,2,0,15 16,1,16,,1165020,23,0,15 16,1,19,,1165030,2,0,15 16,1,58,,1165014,23,0,15 16,1,14,,1165009,2,0,15 16,1,14,,1165063,23,0,15 16,1,14,,1165042,2,0,15 16,1,14,,1165000,23,0,15 16,1,55,,1165005,2,0,15 16,1,16,,1079733,23,0,15 16,1,12,,1165019,2,0,15 16,1,13,,1165053,23,0,15 16,1,55,,1165064,2,0,15 16,1,13,,1165022,23,0,15 16,1,17,,1165038,2,0,15 16,1,15,,1164993,23,0,15 16,1,57,,1165061,2,0,15 16,1,17,,1165024,23,0,15 16,1,18,,1165011,2,0,15 16,1,55,,1165015,23,0,15 16,1,19,,1165023,2,0,15 16,1,12,,1165004,23,0,15 16,1,16,,1165008,2,0,15 16,1,57,,1165051,23,0,15 16,1,14,,1165010,2,0,15 16,1,13,,1165035,23,0,15 16,1,17,,1165044,2,0,15 16,1,56,,977956,23,0,15 16,1,12,,1165047,2,0,15 16,1,18,,1165065,23,0,15 16,1,12,,1092647,2,0,15 16,1,54,,1165057,23,0,15 16,1,21,,1165060,2,0,15 16,1,30,,1165056,2,0,15 16,1,70,,1165026,2,,,1,29,,1165013,2,,,1,69,,1003874,2,,,1,29,,1165006,2,,,1,70,,1165050,2,,,1,80,,1165039,2,,,1
7501,'1',355,,1165133,33,0,64 139,1,70,,1070600,33,0,64 139,1,32,,1093387,33,0,64 139,1,65,,1165090,33,,,1,81,,1165123,19,,,1,29,,1165109,19,,,1,14,,1165100,19,0,64 139,1,12,,1165131,19,,,1,62,,1165072,19,0,64 139,1,14,,1097833,19,,,1,15,,1165138,19,0,64 139,1,57,,1165099,19,,,1,17,,1165078,19,0,64 139,1,16,,1165139,19,,,1,13,,1059903,19,0,64 139,1,55,,1165083,19,,,1,16,,1165125,19,0,64 139,1,14,,1165085,19,,,1,13,,1077005,19,,,1,55,,1165103,19,,,1,15,,1165121,19,,,1,15,,1165081,19,,,1,15,,1102319,19,,,1,55,,1165112,19,,,1,15,,1165098,19,,,1,15,,1165075,19,,,1,15,,1165119,19,,,1,55,,1165127,19,,,1,16,,1165140,19,,,1,15,,1165143,19,,,1,15,,1165080,19,0,64 139,1,55,,1165093,19,,,1,15,,1165124,19,0,64 139,1,15,,1165068,19,,,1,15,,1165073,19,0,64 139,1,55,,1165137,19,,,1,18,,1165128,19,0,64 139,1,15,,1165074,19,,,1,14,,1165104,19,,,1,56,,1165129,19,,,1,16,,1165071,19,,,1,14,,1165142,19,,,1,10,,1165144,19,0,64 139,1,10,,1165146,19,,,1,48,,1165132,19,0,64 139,1,6,,1165070,12,0,64 139,1,2,,1165110,19,,,1,7,,1165147,19,0,64 139,1,2,,1165082,32,0,64 139,1,6,,1057002,19,,,1,9,,1165076,19,0,64 139,1,8,,971935,19,,,1,6,,1165088,19,0,64 139,1,1,,1165108,32,0,64 139,1,48,,1165130,19,,,1,8,,1165089,19,,,1,8,,1165115,19,0,64 139,1,6,,1165105,19,,,1,8,,1165079,19,0,64 139,1,7,,1165111,19,,,1,7,,1165102,19,0,64 139,1,6,,1165113,19,,,1,49,,1165126,19,0,64 139,1,7,,1165084,19,,,1,8,,1165092,19,0,64 139,1,5,,1073030,19,,,1,10,,1165094,19,0,64 139,1,5,,1165116,19,,,1,5,,1063131,19,,,1,5,,1165096,19,0,64 139,1,10,,1165136,19,,,1,45,,1165117,19,0,64 139,1,10,,1165069,19,,,1,15,,1085031,19,,,1,15,,1165141,19,0,64 139,1,14,,1165145,19,,,1,54,,1165106,19,0,64 139,1,16,,1098871,19,,,1,15,,1165118,19,0,64 139,1,16,,1165120,19,,,1,54,,1165086,19,0,64 139,1,16,,1165095,19,,,1,14,,1165122,19,0,64 139,1,16,,1165077,19,,,1,54,,1165134,19,0,64 139,1,16,,1165107,19,,,1,79,,1165114,19,,,1,31,,1165087,19,,,1,65,,1165067,19,0,64 139,1,30,,1165097,19,0,64 139,1,72,,1165091,19,0,64 139,1,35,,1032130,19,0,64 139,1,67,,1165101,19,0,64 139,1,32,,1100412,33,0,64 139,1,68,,1165135,33,0,64 139,1,30,,1165148,33,0,64 139,1
7501,'10',355,,1165215,33,0,64 139,1,70,,1070414,33,0,64 139,1,32,,1093071,33,0,64 139,1,65,,1165172,33,,,1,81,,1165205,19,,,1,29,,1165191,19,,,1,14,,1165182,19,0,64 139,1,12,,1165213,19,,,1,62,,1165154,19,0,64 139,1,14,,1097609,19,,,1,15,,1165220,19,0,64 139,1,57,,1165181,19,,,1,17,,1165160,19,0,64 139,1,16,,1165221,19,,,1,13,,1059906,19,0,64 139,1,55,,1165165,19,,,1,16,,1165207,19,0,64 139,1,14,,1165167,19,,,1,13,,1076781,19,,,1,55,,1165185,19,,,1,15,,1165203,19,,,1,15,,1165163,19,,,1,15,,1102313,19,,,1,55,,1165194,19,,,1,15,,1165180,19,,,1,15,,1165157,19,,,1,15,,1165201,19,,,1,55,,1165209,19,,,1,16,,1165222,19,,,1,15,,1165225,19,,,1,15,,1165162,19,0,64 139,1,55,,1165175,19,,,1,15,,1165206,19,0,64 139,1,15,,1165150,19,,,1,15,,1165155,19,0,64 139,1,55,,1165219,19,,,1,18,,1165210,19,0,64 139,1,15,,1165156,19,,,1,14,,1165186,19,,,1,56,,1165211,19,,,1,16,,1165153,19,,,1,14,,1165224,19,,,1,10,,1165226,19,0,64 139,1,10,,1165228,19,,,1,48,,1165214,19,0,64 139,1,6,,1165152,12,0,64 139,1,2,,1165192,19,,,1,7,,1165229,19,0,64 139,1,2,,1165164,32,0,64 139,1,6,,1057098,19,,,1,9,,1165158,19,0,64 139,1,8,,971452,19,,,1,6,,1165170,19,0,64 139,1,1,,1165190,32,0,64 139,1,48,,1165212,19,,,1,8,,1165171,19,,,1,8,,1165197,19,0,64 139,1,6,,1165187,19,,,1,8,,1165161,19,0,64 139,1,7,,1165193,19,,,1,7,,1165184,19,0,64 139,1,6,,1165195,19,,,1,49,,1165208,19,0,64 139,1,7,,1165166,19,,,1,8,,1165174,19,0,64 139,1,5,,1072911,19,,,1,10,,1165176,19,0,64 139,1,5,,1165198,19,,,1,5,,1062789,19,,,1,5,,1165178,19,0,64 139,1,10,,1165218,19,,,1,45,,1165199,19,0,64 139,1,10,,1165151,19,,,1,15,,1084906,19,,,1,15,,1165223,19,0,64 139,1,14,,1165227,19,,,1,54,,1165188,19,0,64 139,1,16,,1098780,19,,,1,15,,1165200,19,0,64 139,1,16,,1165202,19,,,1,54,,1165168,19,0,64 139,1,16,,1165177,19,,,1,14,,1165204,19,0,64 139,1,16,,1165159,19,,,1,54,,1165216,19,0,64 139,1,16,,1165189,19,,,1,79,,1165196,19,,,1,31,,1165169,19,,,1,65,,1165149,19,0,64 139,1,30,,1165179,19,0,64 139,1,72,,1165173,19,0,64 139,1,35,,1032309,19,0,64 139,1,67,,1165183,19,0,64 139,1,32,,1100327,33,0,64 139,1,68,,1165217,33,0,64 139,1,30,,1165230,33,0,64 139,1
7501,'11',355,,1165297,33,0,64 139,1,70,,1070654,33,0,64 139,1,32,,1093478,33,0,64 139,1,65,,1165254,33,,,1,81,,1165287,19,,,1,29,,1165273,19,,,1,14,,1165264,19,0,64 139,1,12,,1165295,19,,,1,62,,1165236,19,0,64 139,1,14,,1097901,19,,,1,15,,1165302,19,0,64 139,1,57,,1165263,19,,,1,17,,1165242,19,0,64 139,1,16,,1165303,19,,,1,13,,1059902,19,0,64 139,1,55,,1165247,19,,,1,16,,1165289,19,0,64 139,1,14,,1165249,19,,,1,13,,1077071,19,,,1,55,,1165267,19,,,1,15,,1165285,19,,,1,15,,1165245,19,,,1,15,,1102321,19,,,1,55,,1165276,19,,,1,15,,1165262,19,,,1,15,,1165239,19,,,1,15,,1165283,19,,,1,55,,1165291,19,,,1,16,,1165304,19,,,1,15,,1165307,19,,,1,15,,1165244,19,0,64 139,1,55,,1165257,19,,,1,15,,1165288,19,0,64 139,1,15,,1165232,19,,,1,15,,1165237,19,0,64 139,1,55,,1165301,19,,,1,18,,1165292,19,0,64 139,1,15,,1165238,19,,,1,14,,1165268,19,,,1,56,,1165293,19,,,1,16,,1165235,19,,,1,14,,1165306,19,,,1,10,,1165308,19,0,64 139,1,10,,1165310,19,,,1,48,,1165296,19,0,64 139,1,6,,1165234,12,0,64 139,1,2,,1165274,19,,,1,7,,1165311,19,0,64 139,1,2,,1165246,32,0,64 139,1,6,,1056972,19,,,1,9,,1165240,19,0,64 139,1,8,,971865,19,,,1,6,,1165252,19,0,64 139,1,1,,1165272,32,0,64 139,1,48,,1165294,19,,,1,8,,1165253,19,,,1,8,,1165279,19,0,64 139,1,6,,1165269,19,,,1,8,,1165243,19,0,64 139,1,7,,1165275,19,,,1,7,,1165266,19,0,64 139,1,6,,1165277,19,,,1,49,,1165290,19,0,64 139,1,7,,1165248,19,,,1,8,,1165256,19,0,64 139,1,5,,1073068,19,,,1,10,,1165258,19,0,64 139,1,5,,1165280,19,,,1,5,,1063232,19,,,1,5,,1165260,19,0,64 139,1,10,,1165300,19,,,1,45,,1165281,19,0,64 139,1,10,,1165233,19,,,1,15,,1085065,19,,,1,15,,1165305,19,0,64 139,1,14,,1165309,19,,,1,54,,1165270,19,0,64 139,1,16,,1098899,19,,,1,15,,1165282,19,0,64 139,1,16,,1165284,19,,,1,54,,1165250,19,0,64 139,1,16,,1165259,19,,,1,14,,1165286,19,0,64 139,1,16,,1165241,19,,,1,54,,1165298,19,0,64 139,1,16,,1165271,19,,,1,79,,1165278,19,,,1,31,,1165251,19,,,1,65,,1165231,19,0,64 139,1,30,,1165261,19,0,64 139,1,72,,1165255,19,0,64 139,1,35,,1032076,19,0,64 139,1,67,,1165265,19,0,64 139,1,32,,1100436,33,0,64 139,1,68,,1165299,33,0,64 139,1,30,,1165312,33,0,64 139,1
7501,'12',355,,1165380,33,0,64 139,1,70,,1165377,33,0,64 139,1,32,,1165364,33,0,64 139,1,65,,1165383,33,,,1,81,,1165313,19,,,1,29,,1165315,19,,,1,14,,1165359,19,0,64 139,1,12,,1165370,19,,,1,62,,1165337,19,0,64 139,1,14,,1165345,19,,,1,15,,1165339,19,0,64 139,1,57,,1165334,19,,,1,17,,1165323,19,0,64 139,1,16,,1165329,19,,,1,13,,1165368,19,0,64 139,1,55,,1165357,19,,,1,16,,1165395,19,0,64 139,1,14,,1165388,19,,,1,13,,1165381,19,,,1,55,,1165351,19,,,1,15,,1165397,19,,,1,15,,1165367,19,,,1,15,,1165327,19,,,1,55,,1165330,19,,,1,15,,1165353,19,,,1,15,,1165392,19,,,1,15,,1165355,19,,,1,55,,1165340,19,,,1,16,,1165361,19,,,1,15,,1165331,19,,,1,15,,1021424,19,0,64 139,1,55,,1165400,19,,,1,15,,1165333,19,0,64 139,1,15,,1165358,19,,,1,15,,1165396,19,0,64 139,1,55,,967388,19,,,1,18,,1165346,19,0,64 139,1,15,,1165335,19,,,1,14,,1004583,19,,,1,56,,1165321,19,,,1,16,,1165320,19,,,1,14,,1165336,19,,,1,10,,1165384,19,0,64 139,1,10,,1165369,19,,,1,48,,1165326,19,0,64 139,1,6,,1165382,12,0,64 139,1,2,,1165387,19,,,1,7,,1165362,19,0,64 139,1,2,,1165332,32,0,64 139,1,6,,1165374,19,,,1,9,,1049461,19,0,64 139,1,8,,1165349,19,,,1,6,,1165348,19,0,64 139,1,1,,1165347,32,0,64 139,1,48,,1165319,19,,,1,8,,1165325,19,,,1,8,,1165376,19,0,64 139,1,6,,1165366,19,,,1,8,,1165372,19,0,64 139,1,7,,1165363,19,,,1,7,,1165390,19,0,64 139,1,6,,1165393,19,,,1,49,,1165341,19,0,64 139,1,7,,1165391,19,,,1,8,,1165385,19,0,64 139,1,5,,1165375,19,,,1,10,,1102714,19,0,64 139,1,5,,1165314,19,,,1,5,,1165401,19,,,1,5,,1165398,19,0,64 139,1,10,,1165354,19,,,1,45,,1165386,19,0,64 139,1,10,,1165350,19,,,1,15,,1165356,19,,,1,15,,1165373,19,0,64 139,1,14,,1165317,19,,,1,54,,1165342,19,0,64 139,1,16,,1165343,19,,,1,15,,1165316,19,0,64 139,1,16,,1165322,19,,,1,54,,989477,19,0,64 139,1,16,,1165379,19,,,1,14,,1165360,19,0,64 139,1,16,,1165389,19,,,1,54,,1165344,19,0,64 139,1,16,,1165338,19,,,1,79,,1165328,19,,,1,31,,1165371,19,,,1,65,,1165394,19,0,64 139,1,30,,1165378,19,0,64 139,1,72,,1165352,19,0,64 139,1,35,,1165365,19,0,64 139,1,67,,1165324,19,0,64 139,1,32,,1165399,33,0,64 139,1,68,,1044545,33,0,64 139,1,30,,1165318,33,0,64 139,1
7501,'13',408,,1165425,33,0,64 139,1,30,,1165403,33,0,64 139,1,70,,1165466,33,0,64 139,1,30,,1165465,33,0,64 139,1,70,,1165433,33,0,64 139,1,30,,1165469,33,0,64 139,1,65,,1165410,33,,,1,35,,1071863,33,0,64 139,1,70,,1165411,33,,,1,30,,1165463,33,0,64 139,1,15,,1165448,33,0,64 139,1,56,,1165473,19,,,1,15,,1165413,19,0,64 139,1,15,,1165439,19,,,1,15,,1165436,19,0,64 139,1,55,,1165437,19,,,1,15,,1165450,19,0,64 139,1,15,,1165447,19,,,1,15,,1165412,19,0,64 139,1,55,,1165426,19,,,1,15,,1165471,19,0,64 139,1,15,,1165417,19,,,1,15,,1165443,19,0,64 139,1,55,,1165449,19,,,1,15,,1165451,19,0,64 139,1,15,,1165456,19,,,1,15,,1165434,19,0,64 139,1,55,,1165428,19,,,1,15,,1165472,19,0,64 139,1,15,,1165470,19,,,1,15,,1165468,19,0,64 139,1,55,,1165405,19,,,1,15,,1165423,19,0,64 139,1,15,,1165402,19,,,1,15,,1165454,19,0,64 139,1,55,,1165430,19,,,1,15,,1165431,19,0,64 139,1,15,,1165444,19,,,1,15,,1165442,19,0,64 139,1,55,,1165453,19,,,1,15,,1165420,19,0,64 139,1,15,,1165427,19,,,1,15,,1165441,19,0,64 139,1,55,,1165452,19,,,1,15,,1165414,19,0,64 139,1,15,,1165460,19,,,1,15,,1165438,19,0,64 139,1,55,,1165446,19,,,1,15,,1165419,19,0,64 139,1,15,,1074789,19,,,1,15,,1165432,19,0,64 139,1,55,,1165407,19,,,1,15,,1165415,19,0,64 139,1,15,,1165435,19,0,64 139,1,14,,1165455,19,0,64 139,1,56,,1165421,19,0,64 139,1,15,,1087464,19,0,64 139,1,15,,1165461,19,0,64 139,1,15,,1165424,19,0,64 139,1,55,,1062916,19,0,64 139,1,15,,1165404,19,0,64 139,1,15,,1165409,19,0,64 139,1,15,,1165440,19,0,64 139,1,55,,1165458,19,0,64 139,1,15,,1165445,19,0,64 139,1,20,,1165416,19,0,64 139,1,65,,1165464,19,0,64 139,1,30,,1165422,19,0,64 139,1,70,,1165457,19,0,64 139,1,30,,1165462,33,0,64 139,1,70,,1165429,33,0,64 139,1,30,,1165408,33,0,64 139,1,70,,1165418,33,0,64 139,1,30,,1165459,33,0,64 139,1,70,,1165467,33,0,64 139,1,30,,1165406,33,0,64 139,1
7501,'14',355,,1165550,33,0,64 139,1,70,,1165500,33,0,64 139,1,32,,1165485,33,0,64 139,1,65,,1165505,33,,,1,81,,1165540,19,,,1,29,,1165525,19,,,1,14,,1165516,19,0,64 139,1,12,,1165548,19,,,1,62,,1165479,19,0,64 139,1,14,,1165489,19,,,1,15,,1165555,19,0,64 139,1,57,,1165515,19,,,1,17,,1165488,19,0,64 139,1,16,,1165556,19,,,1,13,,1165484,19,0,64 139,1,55,,1165495,19,,,1,16,,1165542,19,0,64 139,1,14,,1165498,19,,,1,13,,1165499,19,,,1,55,,1165519,19,,,1,15,,1165538,19,,,1,15,,1165492,19,,,1,15,,1165568,19,,,1,55,,1165528,19,,,1,15,,1165514,19,,,1,15,,1165482,19,,,1,15,,1165536,19,,,1,55,,1165544,19,,,1,16,,1165557,19,,,1,15,,1165561,19,,,1,15,,1165491,19,0,64 139,1,55,,1165508,19,,,1,15,,1165541,19,0,64 139,1,15,,1165475,19,,,1,15,,1165480,19,0,64 139,1,55,,1165554,19,,,1,18,,1165545,19,0,64 139,1,15,,1165481,19,,,1,14,,1165520,19,,,1,56,,1165546,19,,,1,16,,1165478,19,,,1,14,,1165559,19,,,1,10,,1165563,19,0,64 139,1,10,,1165566,19,,,1,48,,1165549,19,0,64 139,1,6,,1165477,12,0,64 139,1,2,,1165526,19,,,1,7,,1165567,19,0,64 139,1,2,,1165494,32,0,64 139,1,6,,1165493,19,,,1,9,,1165483,19,0,64 139,1,8,,1165562,19,,,1,6,,1165503,19,0,64 139,1,1,,1165524,32,0,64 139,1,48,,1165547,19,,,1,8,,1165504,19,,,1,8,,1165531,19,0,64 139,1,6,,1165521,19,,,1,8,,1165490,19,0,64 139,1,7,,1165527,19,,,1,7,,1165518,19,0,64 139,1,6,,1165529,19,,,1,49,,1165543,19,0,64 139,1,7,,1165496,19,,,1,8,,1165507,19,0,64 139,1,5,,1165511,19,,,1,10,,1165509,19,0,64 139,1,5,,1165533,19,,,1,5,,1165565,19,,,1,5,,1165512,19,0,64 139,1,10,,1165553,19,,,1,45,,1165534,19,0,64 139,1,10,,1165476,19,,,1,15,,1165532,19,,,1,15,,1165558,19,0,64 139,1,14,,1165564,19,,,1,54,,1165522,19,0,64 139,1,16,,1165497,19,,,1,15,,1165535,19,0,64 139,1,16,,1165537,19,,,1,54,,1165501,19,0,64 139,1,16,,1165510,19,,,1,14,,1165539,19,0,64 139,1,16,,1165486,19,,,1,54,,1165551,19,0,64 139,1,16,,1165523,19,,,1,79,,1165530,19,,,1,31,,1165502,19,,,1,65,,1165474,19,0,64 139,1,30,,1165513,19,0,64 139,1,72,,1165506,19,0,64 139,1,35,,1165560,19,0,64 139,1,67,,1165517,19,0,64 139,1,32,,1165487,33,0,64 139,1,68,,1165552,33,0,64 139,1,30,,1165569,33,0,64 139,1
7501,'15',355,,1165642,33,0,64 139,1,70,,1165588,33,0,64 139,1,32,,1165662,33,0,64 139,1,65,,1165598,33,,,1,81,,1165637,19,,,1,29,,1165630,19,,,1,14,,1165609,19,0,64 139,1,12,,1165634,19,,,1,62,,1165607,19,0,64 139,1,14,,1165620,19,,,1,15,,1165635,19,0,64 139,1,57,,1165603,19,,,1,17,,1165664,19,0,64 139,1,16,,1165593,19,,,1,13,,1165582,19,0,64 139,1,55,,1165590,19,,,1,16,,1165643,19,0,64 139,1,14,,1165621,19,,,1,13,,1165615,19,,,1,55,,1165574,19,,,1,15,,1165665,19,,,1,15,,1165570,19,,,1,15,,1165654,19,,,1,55,,1165577,19,,,1,15,,1165636,19,,,1,15,,1165656,19,,,1,15,,1165586,19,,,1,55,,1165633,19,,,1,16,,1165608,19,,,1,15,,1165644,19,,,1,15,,1165660,19,0,64 139,1,55,,1165623,19,,,1,15,,1165624,19,0,64 139,1,15,,1165657,19,,,1,15,,1165580,19,0,64 139,1,55,,1165612,19,,,1,18,,1165616,19,0,64 139,1,15,,1165587,19,,,1,14,,1165572,19,,,1,56,,1165639,19,,,1,16,,1165592,19,,,1,14,,1165591,19,,,1,10,,1165600,19,0,64 139,1,10,,1165583,19,,,1,48,,1165640,19,0,64 139,1,6,,1165648,12,0,64 139,1,2,,1165647,19,,,1,7,,1165655,19,0,64 139,1,2,,1165613,32,0,64 139,1,6,,1165627,19,,,1,9,,1165629,19,0,64 139,1,8,,1165659,19,,,1,6,,1165619,19,0,64 139,1,1,,1165652,32,0,64 139,1,48,,1165596,19,,,1,8,,1165604,19,,,1,8,,1165595,19,0,64 139,1,6,,1165581,19,,,1,8,,1165584,19,0,64 139,1,7,,1165578,19,,,1,7,,1165614,19,0,64 139,1,6,,1165650,19,,,1,49,,1165638,19,0,64 139,1,7,,1165571,19,,,1,8,,1165575,19,0,64 139,1,5,,1165626,19,,,1,10,,1165628,19,0,64 139,1,5,,1165632,19,,,1,5,,1165605,19,,,1,5,,1165589,19,0,64 139,1,10,,1165646,19,,,1,45,,1165661,19,0,64 139,1,10,,1165653,19,,,1,15,,1165617,19,,,1,15,,1165658,19,0,64 139,1,14,,1165663,19,,,1,54,,1165597,19,0,64 139,1,16,,1165611,19,,,1,15,,1165649,19,0,64 139,1,16,,1165610,19,,,1,54,,1165573,19,0,64 139,1,16,,1165625,19,,,1,14,,1165606,19,0,64 139,1,16,,1165579,19,,,1,54,,1165622,19,0,64 139,1,16,,1165585,19,,,1,79,,1165618,19,,,1,31,,1165631,19,,,1,65,,1165594,19,0,64 139,1,30,,1165601,19,0,64 139,1,72,,1165602,19,0,64 139,1,35,,1165651,19,0,64 139,1,67,,1165641,19,0,64 139,1,32,,1165645,33,0,64 139,1,68,,1165599,33,0,64 139,1,30,,1165576,33,0,64 139,1
7501,'16',355,,1165729,33,0,64 139,1,70,,1165726,33,0,64 139,1,32,,1072863,33,0,64 139,1,65,,1165732,33,,,1,81,,1061764,19,,,1,29,,1068032,19,,,1,14,,1165708,19,0,64 139,1,12,,1165719,19,,,1,62,,1165687,19,0,64 139,1,14,,1165695,19,,,1,15,,1165689,19,0,64 139,1,57,,1165684,19,,,1,17,,1084767,19,0,64 139,1,16,,1165678,19,,,1,13,,1165717,19,0,64 139,1,55,,1165706,19,,,1,16,,1165744,19,0,64 139,1,14,,1165737,19,,,1,13,,1165730,19,,,1,55,,1165700,19,,,1,15,,1165745,19,,,1,15,,1165716,19,,,1,15,,1165674,19,,,1,55,,1165679,19,,,1,15,,1165702,19,,,1,15,,1083257,19,,,1,15,,1165704,19,,,1,55,,1165690,19,,,1,16,,1165711,19,,,1,15,,1165681,19,,,1,15,,1165709,19,0,64 139,1,55,,1165747,19,,,1,15,,1165683,19,0,64 139,1,15,,1165707,19,,,1,15,,1095261,19,0,64 139,1,55,,1165749,19,,,1,18,,1165696,19,0,64 139,1,15,,1165685,19,,,1,14,,1165675,19,,,1,56,,1165670,19,,,1,16,,1165669,19,,,1,14,,1165686,19,,,1,10,,1165733,19,0,64 139,1,10,,1165718,19,,,1,48,,1091334,19,0,64 139,1,6,,1165731,12,0,64 139,1,2,,1165736,19,,,1,7,,1165712,19,0,64 139,1,2,,1165682,32,0,64 139,1,6,,1165723,19,,,1,9,,1165743,19,0,64 139,1,8,,1165698,19,,,1,6,,1165697,19,0,64 139,1,1,,1083642,32,0,64 139,1,48,,1098159,19,,,1,8,,1165672,19,,,1,8,,1165725,19,0,64 139,1,6,,1165715,19,,,1,8,,1165721,19,0,64 139,1,7,,1165713,19,,,1,7,,1165739,19,0,64 139,1,6,,1165741,19,,,1,49,,1165691,19,0,64 139,1,7,,1165740,19,,,1,8,,1165734,19,0,64 139,1,5,,1165724,19,,,1,10,,1165676,19,0,64 139,1,5,,1165666,19,,,1,5,,1165748,19,,,1,5,,1165746,19,0,64 139,1,10,,1165703,19,,,1,45,,1165735,19,0,64 139,1,10,,1165699,19,,,1,15,,1165705,19,,,1,15,,1165722,19,0,64 139,1,14,,1165667,19,,,1,54,,1165692,19,0,64 139,1,16,,1165693,19,,,1,15,,1080766,19,0,64 139,1,16,,1165671,19,,,1,54,,1165673,19,0,64 139,1,16,,1165728,19,,,1,14,,1165710,19,0,64 139,1,16,,1165738,19,,,1,54,,1165694,19,0,64 139,1,16,,1165688,19,,,1,79,,1165677,19,,,1,31,,1165720,19,,,1,65,,1165742,19,0,64 139,1,30,,1165727,19,0,64 139,1,72,,1165701,19,0,64 139,1,35,,1165714,19,0,64 139,1,67,,1083635,19,0,64 139,1,32,,965681,33,0,64 139,1,68,,1165680,33,0,64 139,1,30,,1165668,33,0,64 139,1
7501,'17',408,,1165775,33,0,64 139,1,30,,1165751,33,0,64 139,1,70,,1165817,33,0,64 139,1,30,,1165816,33,0,64 139,1,70,,1165784,33,0,64 139,1,30,,1165821,33,0,64 139,1,65,,1165760,33,,,1,35,,1165781,33,0,64 139,1,70,,1165761,33,,,1,30,,1165814,33,0,64 139,1,15,,1165799,33,0,64 139,1,56,,1165825,19,,,1,15,,1165763,19,0,64 139,1,15,,1165790,19,,,1,15,,1165787,19,0,64 139,1,55,,1165788,19,,,1,15,,1165801,19,0,64 139,1,15,,1165798,19,,,1,15,,1165762,19,0,64 139,1,55,,1165776,19,,,1,15,,1165823,19,0,64 139,1,15,,1165767,19,,,1,15,,1165794,19,0,64 139,1,55,,1165800,19,,,1,15,,1165802,19,0,64 139,1,15,,1165807,19,,,1,15,,1165785,19,0,64 139,1,55,,1165778,19,,,1,15,,1165824,19,0,64 139,1,15,,1165822,19,,,1,15,,1165819,19,0,64 139,1,55,,1165754,19,,,1,15,,1165773,19,0,64 139,1,15,,1165750,19,,,1,15,,1165805,19,0,64 139,1,55,,1165780,19,,,1,15,,1165782,19,0,64 139,1,15,,1165795,19,,,1,15,,1165793,19,0,64 139,1,55,,1165804,19,,,1,15,,1165770,19,0,64 139,1,15,,1165777,19,,,1,15,,1165792,19,0,64 139,1,55,,1165803,19,,,1,15,,1165764,19,0,64 139,1,15,,1165811,19,,,1,15,,1165789,19,0,64 139,1,55,,1165797,19,,,1,15,,1165769,19,0,64 139,1,15,,1165757,19,,,1,15,,1165783,19,0,64 139,1,55,,1165756,19,,,1,15,,1165765,19,0,64 139,1,15,,1165786,19,0,64 139,1,14,,1165806,19,0,64 139,1,56,,1165771,19,0,64 139,1,15,,1165820,19,0,64 139,1,15,,1165812,19,0,64 139,1,15,,1165774,19,0,64 139,1,55,,1165752,19,0,64 139,1,15,,1165753,19,0,64 139,1,15,,1165759,19,0,64 139,1,15,,1165791,19,0,64 139,1,55,,1165809,19,0,64 139,1,15,,1165796,19,0,64 139,1,20,,1165766,19,0,64 139,1,65,,1165815,19,0,64 139,1,30,,1165772,19,0,64 139,1,70,,1165808,19,0,64 139,1,30,,1165813,33,0,64 139,1,70,,1165779,33,0,64 139,1,30,,1165758,33,0,64 139,1,70,,1165768,33,0,64 139,1,30,,1165810,33,0,64 139,1,70,,1165818,33,0,64 139,1,30,,1165755,33,0,64 139,1
7501,'2',405,,1165886,33,0,64 139,1,30,,1165883,33,0,64 139,1,70,,1165850,33,0,64 139,1,30,,1165858,33,0,64 139,1,70,,1100490,33,0,64 139,1,30,,1165893,33,,,1,20,,1165871,19,0,64 139,1,55,,1165884,19,0,64 139,1,15,,1165888,19,,,1,15,,1165895,19,0,64 139,1,15,,1165857,19,0,64 139,1,55,,1165872,19,,,1,15,,1165867,19,0,64 139,1,16,,1165832,19,,,1,15,,1165860,19,0,64 139,1,55,,1165878,19,,,1,15,,1165863,19,0,64 139,1,15,,1165833,19,,,1,15,,1165829,19,0,64 139,1,55,,1165843,19,,,1,15,,1165894,19,0,64 139,1,15,,1165861,19,,,1,15,,1089889,19,0,64 139,1,55,,1165882,19,,,1,15,,1165849,19,0,64 139,1,15,,1165877,19,,,1,15,,1165842,19,0,64 139,1,55,,1165841,19,,,1,15,,1066334,19,,,1,15,,1165865,19,,,1,15,,1165859,19,,,1,55,,1165835,19,,,1,15,,1165892,19,0,64 139,1,15,,1165890,19,,,1,15,,1165826,19,0,64 139,1,55,,1165876,19,,,1,15,,1072239,19,0,64 139,1,15,,1087760,19,,,1,15,,1165827,19,0,64 139,1,55,,1165881,19,,,1,15,,1165875,19,,,1,15,,1165891,19,,,1,15,,1165874,19,,,1,55,,1165834,19,,,1,15,,1165831,19,0,64 139,1,15,,1165856,19,,,1,15,,1165887,19,0,64 139,1,55,,1072030,19,,,1,15,,1165864,19,0,64 139,1,15,,1165855,19,,,1,15,,1165838,19,0,64 139,1,55,,1165847,19,,,1,15,,1165854,19,0,64 139,1,15,,1165898,19,,,1,15,,1165837,19,0,64 139,1,55,,1165862,19,,,1,15,,1165828,19,0,64 139,1,14,,1165845,19,,,1,15,,1165853,19,0,64 139,1,55,,1165879,19,,,1,15,,1065979,19,0,64 139,1,15,,1165839,19,,,1,15,,1165836,19,0,64 139,1,55,,1090670,19,,,1,15,,1165889,19,0,64 139,1,15,,1165873,19,,,1,15,,1165866,19,0,64 139,1,55,,1165844,19,,,1,15,,1165846,19,0,64 139,1,15,,1165896,19,0,64 139,1,15,,1165869,19,0,64 139,1,55,,1165868,19,0,64 139,1,15,,1165830,19,0,64 139,1,15,,1165880,19,0,64 139,1,15,,1165851,19,0,64 139,1,55,,1165870,19,0,64 139,1,23,,1165840,19,0,64 139,1,70,,1066341,19,0,64 139,1,30,,1165885,19,0,64 139,1,70,,1089376,19,0,64 139,1,30,,1165852,19,0,64 139,1,70,,1165848,19,0,64 139,1,34,,1165897,33,0,64 139,1
7501,'3',408,,1165924,33,0,64 139,1,30,,1165900,33,0,64 139,1,70,,1165966,33,0,64 139,1,30,,1165965,33,0,64 139,1,70,,1165933,33,0,64 139,1,30,,1165970,33,0,64 139,1,65,,1165909,33,,,1,35,,1165930,33,0,64 139,1,70,,1165910,33,,,1,30,,1165963,33,0,64 139,1,15,,1165948,33,0,64 139,1,56,,1165974,19,,,1,15,,1165912,19,0,64 139,1,15,,1165939,19,,,1,15,,1165936,19,0,64 139,1,55,,1165937,19,,,1,15,,1165950,19,0,64 139,1,15,,1165947,19,,,1,15,,1165911,19,0,64 139,1,55,,1165925,19,,,1,15,,1165972,19,0,64 139,1,15,,1165916,19,,,1,15,,1165943,19,0,64 139,1,55,,1165949,19,,,1,15,,1165951,19,0,64 139,1,15,,1165956,19,,,1,15,,1165934,19,0,64 139,1,55,,1165927,19,,,1,15,,1165973,19,0,64 139,1,15,,1165971,19,,,1,15,,1165968,19,0,64 139,1,55,,1165903,19,,,1,15,,1165922,19,0,64 139,1,15,,1165899,19,,,1,15,,1165954,19,0,64 139,1,55,,1165929,19,,,1,15,,1165931,19,0,64 139,1,15,,1165944,19,,,1,15,,1165942,19,0,64 139,1,55,,1165953,19,,,1,15,,1165919,19,0,64 139,1,15,,1165926,19,,,1,15,,1165941,19,0,64 139,1,55,,1165952,19,,,1,15,,1165913,19,0,64 139,1,15,,1165960,19,,,1,15,,1165938,19,0,64 139,1,55,,1165946,19,,,1,15,,1165918,19,0,64 139,1,15,,1165906,19,,,1,15,,1165932,19,0,64 139,1,55,,1165905,19,,,1,15,,1165914,19,0,64 139,1,15,,1165935,19,0,64 139,1,14,,1165955,19,0,64 139,1,56,,1165920,19,0,64 139,1,15,,1165969,19,0,64 139,1,15,,1165961,19,0,64 139,1,15,,1165923,19,0,64 139,1,55,,1165901,19,0,64 139,1,15,,1165902,19,0,64 139,1,15,,1165908,19,0,64 139,1,15,,1165940,19,0,64 139,1,55,,1165958,19,0,64 139,1,15,,1165945,19,0,64 139,1,20,,1165915,19,0,64 139,1,65,,1165964,19,0,64 139,1,30,,1165921,19,0,64 139,1,70,,1165957,19,0,64 139,1,30,,1165962,33,0,64 139,1,70,,1165928,33,0,64 139,1,30,,1165907,33,0,64 139,1,70,,1165917,33,0,64 139,1,30,,1165959,33,0,64 139,1,70,,1165967,33,0,64 139,1,30,,1165904,33,0,64 139,1
7501,'4',408,,1166041,33,0,64 139,1,30,,1165981,33,0,64 139,1,70,,1166040,33,0,64 139,1,30,,1165991,33,0,64 139,1,70,,1166018,33,0,64 139,1,30,,1166031,33,0,64 139,1,65,,1166011,33,,,1,35,,1044778,33,0,64 139,1,70,,1166029,33,,,1,30,,1166013,33,0,64 139,1,15,,1166027,33,0,64 139,1,56,,1166015,19,,,1,15,,1069984,19,0,64 139,1,15,,1165978,19,,,1,15,,1165989,19,0,64 139,1,55,,1165992,19,,,1,15,,1166035,19,0,64 139,1,15,,1166003,19,,,1,15,,1166026,19,0,64 139,1,55,,1166030,19,,,1,15,,1166000,19,0,64 139,1,15,,1165993,19,,,1,15,,1165999,19,0,64 139,1,55,,1166004,19,,,1,15,,1165987,19,0,64 139,1,15,,1166016,19,,,1,15,,1166028,19,0,64 139,1,55,,1166045,19,,,1,15,,1165984,19,0,64 139,1,15,,1166001,19,,,1,15,,1166002,19,0,64 139,1,55,,1165983,19,,,1,15,,1165975,19,0,64 139,1,15,,1099977,19,,,1,15,,1166025,19,0,64 139,1,55,,1166044,19,,,1,15,,1090775,19,0,64 139,1,15,,1166033,19,,,1,15,,1166043,19,0,64 139,1,55,,1166007,19,,,1,15,,1165977,19,0,64 139,1,15,,1166020,19,,,1,15,,1165988,19,0,64 139,1,55,,1166042,19,,,1,15,,1165976,19,0,64 139,1,15,,1166006,19,,,1,15,,1166014,19,0,64 139,1,55,,1166023,19,,,1,15,,1166005,19,0,64 139,1,15,,1166032,19,,,1,15,,1166024,19,0,64 139,1,55,,1165994,19,,,1,15,,1166039,19,0,64 139,1,15,,1165995,19,0,64 139,1,14,,1166010,19,0,64 139,1,56,,1166037,19,0,64 139,1,15,,1166009,19,0,64 139,1,15,,1165996,19,0,64 139,1,15,,1165979,19,0,64 139,1,55,,1166022,19,0,64 139,1,15,,1166019,19,0,64 139,1,15,,1165986,19,0,64 139,1,15,,1166017,19,0,64 139,1,55,,1068812,19,0,64 139,1,15,,1166012,19,0,64 139,1,20,,1165998,19,0,64 139,1,65,,1166034,19,0,64 139,1,30,,1165997,19,0,64 139,1,70,,1165980,19,0,64 139,1,30,,1165990,33,0,64 139,1,70,,1165982,33,0,64 139,1,30,,1166021,33,0,64 139,1,70,,1166038,33,0,64 139,1,30,,1166008,33,0,64 139,1,70,,1166036,33,0,64 139,1,30,,1165985,33,0,64 139,1
7501,'5',355,,1166112,33,0,64 139,1,70,,1070564,33,0,64 139,1,32,,1093332,33,0,64 139,1,65,,1166069,33,,,1,81,,1166102,19,,,1,29,,1166088,19,,,1,14,,1166079,19,0,64 139,1,12,,1166110,19,,,1,62,,1166051,19,0,64 139,1,14,,1097788,19,,,1,15,,1166117,19,0,64 139,1,57,,1166078,19,,,1,17,,1166057,19,0,64 139,1,16,,1166118,19,,,1,13,,1059899,19,0,64 139,1,55,,1166062,19,,,1,16,,1166104,19,0,64 139,1,14,,1166064,19,,,1,13,,1076961,19,,,1,55,,1166082,19,,,1,15,,1166100,19,,,1,15,,1166060,19,,,1,15,,1102317,19,,,1,55,,1166091,19,,,1,15,,1166077,19,,,1,15,,1166054,19,,,1,15,,1166098,19,,,1,55,,1166106,19,,,1,16,,1166119,19,,,1,15,,1166122,19,,,1,15,,1166059,19,0,64 139,1,55,,1166072,19,,,1,15,,1166103,19,0,64 139,1,15,,1166047,19,,,1,15,,1166052,19,0,64 139,1,55,,1166116,19,,,1,18,,1166107,19,0,64 139,1,15,,1166053,19,,,1,14,,1166083,19,,,1,56,,1166108,19,,,1,16,,1166050,19,,,1,14,,1166121,19,,,1,10,,1166123,19,0,64 139,1,10,,1166125,19,,,1,48,,1166111,19,0,64 139,1,6,,1166049,12,0,64 139,1,2,,1166089,19,,,1,7,,1166126,19,0,64 139,1,2,,1166061,32,0,64 139,1,6,,1056838,19,,,1,9,,1166055,19,0,64 139,1,8,,972152,19,,,1,6,,1166067,19,0,64 139,1,1,,1166087,32,0,64 139,1,48,,1166109,19,,,1,8,,1166068,19,,,1,8,,1166094,19,0,64 139,1,6,,1166084,19,,,1,8,,1166058,19,0,64 139,1,7,,1166090,19,,,1,7,,1166081,19,0,64 139,1,6,,1166092,19,,,1,49,,1166105,19,0,64 139,1,7,,1166063,19,,,1,8,,1166071,19,0,64 139,1,5,,1073011,19,,,1,10,,1166073,19,0,64 139,1,5,,1166095,19,,,1,5,,1063077,19,,,1,5,,1166075,19,0,64 139,1,10,,1166115,19,,,1,45,,1166096,19,0,64 139,1,10,,1166048,19,,,1,15,,1085011,19,,,1,15,,1166120,19,0,64 139,1,14,,1166124,19,,,1,54,,1166085,19,0,64 139,1,16,,1098854,19,,,1,15,,1166097,19,0,64 139,1,16,,1166099,19,,,1,54,,1166065,19,0,64 139,1,16,,1166074,19,,,1,14,,1166101,19,0,64 139,1,16,,1166056,19,,,1,54,,1166113,19,0,64 139,1,16,,1166086,19,,,1,79,,1166093,19,,,1,31,,1166066,19,,,1,65,,1166046,19,0,64 139,1,30,,1166076,19,0,64 139,1,72,,1166070,19,0,64 139,1,35,,1031823,19,0,64 139,1,67,,1166080,19,0,64 139,1,32,,1100396,33,0,64 139,1,68,,1166114,33,0,64 139,1,30,,1166127,33,0,64 139,1
7501,'6',355,,1166194,33,0,64 139,1,70,,1166191,33,0,64 139,1,32,,1166178,33,0,64 139,1,65,,1166197,33,,,1,81,,1166128,19,,,1,29,,1166129,19,,,1,14,,1166172,19,0,64 139,1,12,,1166184,19,,,1,62,,1166150,19,0,64 139,1,14,,1166158,19,,,1,15,,1166152,19,0,64 139,1,57,,1166147,19,,,1,17,,1166134,19,0,64 139,1,16,,1166141,19,,,1,13,,1166182,19,0,64 139,1,55,,1166170,19,,,1,16,,1072192,19,0,64 139,1,14,,1166202,19,,,1,13,,1166195,19,,,1,55,,1166164,19,,,1,15,,1076064,19,,,1,15,,1166181,19,,,1,15,,1072001,19,,,1,55,,1166142,19,,,1,15,,1166166,19,,,1,15,,1166203,19,,,1,15,,1166168,19,,,1,55,,1166153,19,,,1,16,,1166175,19,,,1,15,,1166144,19,,,1,15,,1166173,19,0,64 139,1,55,,1023953,19,,,1,15,,1166146,19,0,64 139,1,15,,1166171,19,,,1,15,,1166205,19,0,64 139,1,55,,1166207,19,,,1,18,,1166159,19,0,64 139,1,15,,1166148,19,,,1,14,,1166138,19,,,1,56,,955693,19,,,1,16,,1100098,19,,,1,14,,1166149,19,,,1,10,,1166198,19,0,64 139,1,10,,1166183,19,,,1,48,,1166136,19,0,64 139,1,6,,1166196,12,0,64 139,1,2,,1166201,19,,,1,7,,1166176,19,0,64 139,1,2,,1166145,32,0,64 139,1,6,,1166188,19,,,1,9,,1166204,19,0,64 139,1,8,,1166162,19,,,1,6,,1166161,19,0,64 139,1,1,,1166160,32,0,64 139,1,48,,1166132,19,,,1,8,,1079311,19,,,1,8,,1166190,19,0,64 139,1,6,,1166180,19,,,1,8,,1166186,19,0,64 139,1,7,,1166177,19,,,1,7,,1092257,19,0,64 139,1,6,,1045837,19,,,1,49,,1166154,19,0,64 139,1,7,,1101974,19,,,1,8,,1166199,19,0,64 139,1,5,,1166189,19,,,1,10,,1166139,19,0,64 139,1,5,,1040092,19,,,1,5,,1075183,19,,,1,5,,1008342,19,0,64 139,1,10,,1166167,19,,,1,45,,1166200,19,0,64 139,1,10,,1166163,19,,,1,15,,1166169,19,,,1,15,,1166187,19,0,64 139,1,14,,1166131,19,,,1,54,,1166155,19,0,64 139,1,16,,1166156,19,,,1,15,,1166130,19,0,64 139,1,16,,1166133,19,,,1,54,,1166137,19,0,64 139,1,16,,1166193,19,,,1,14,,1166174,19,0,64 139,1,16,,1083724,19,,,1,54,,1166157,19,0,64 139,1,16,,1166151,19,,,1,79,,1166140,19,,,1,31,,1166185,19,,,1,65,,1067071,19,0,64 139,1,30,,1166192,19,0,64 139,1,72,,1166165,19,0,64 139,1,35,,1166179,19,0,64 139,1,67,,1166135,19,0,64 139,1,32,,1166206,33,0,64 139,1,68,,1166143,33,0,64 139,1,30,,1052221,33,0,64 139,1
7501,'7',405,,1166267,33,0,64 139,1,30,,1166282,33,0,64 139,1,70,,1166276,33,0,64 139,1,30,,1166219,33,0,64 139,1,70,,1166266,33,0,64 139,1,30,,1166265,33,,,1,20,,1166271,19,0,64 139,1,55,,1166241,19,0,64 139,1,15,,1166270,19,,,1,15,,1166236,19,0,64 139,1,15,,1166238,19,0,64 139,1,55,,1166212,19,,,1,15,,1166250,19,0,64 139,1,16,,1166229,19,,,1,15,,1166249,19,0,64 139,1,55,,1166255,19,,,1,15,,1166251,19,0,64 139,1,15,,1166226,19,,,1,15,,1166288,19,0,64 139,1,55,,1166280,19,,,1,15,,1166260,19,0,64 139,1,15,,1166277,19,,,1,15,,1166257,19,0,64 139,1,55,,1166254,19,,,1,15,,1166225,19,0,64 139,1,15,,1166222,19,,,1,15,,1166224,19,0,64 139,1,55,,1166261,19,,,1,15,,1166228,19,,,1,15,,1166283,19,,,1,15,,1166290,19,,,1,55,,1166248,19,,,1,15,,1166256,19,0,64 139,1,15,,1166209,19,,,1,15,,1166262,19,0,64 139,1,55,,1166252,19,,,1,15,,1166286,19,0,64 139,1,15,,1166287,19,,,1,15,,1166284,19,0,64 139,1,55,,1166211,19,,,1,15,,1166259,19,,,1,15,,1166258,19,,,1,15,,1166227,19,,,1,55,,1166289,19,,,1,15,,1166279,19,0,64 139,1,15,,1166217,19,,,1,15,,1166221,19,0,64 139,1,55,,1166208,19,,,1,15,,1166247,19,0,64 139,1,15,,1166263,19,,,1,15,,1166213,19,0,64 139,1,55,,1166218,19,,,1,15,,1166232,19,0,64 139,1,15,,1166272,19,,,1,15,,1166239,19,0,64 139,1,55,,1166244,19,,,1,15,,1166237,19,0,64 139,1,14,,1166210,19,,,1,15,,1166223,19,0,64 139,1,55,,1166278,19,,,1,15,,1166268,19,0,64 139,1,15,,1166235,19,,,1,15,,1166214,19,0,64 139,1,55,,1166230,19,,,1,15,,1166243,19,0,64 139,1,15,,1166215,19,,,1,15,,1166242,19,0,64 139,1,55,,1166285,19,,,1,15,,1166274,19,0,64 139,1,15,,1166253,19,0,64 139,1,15,,1166281,19,0,64 139,1,55,,1166275,19,0,64 139,1,15,,1166234,19,0,64 139,1,15,,1166231,19,0,64 139,1,15,,1166264,19,0,64 139,1,55,,1166269,19,0,64 139,1,23,,1166233,19,0,64 139,1,70,,1166273,19,0,64 139,1,30,,1166240,19,0,64 139,1,70,,1166216,19,0,64 139,1,30,,1166220,19,0,64 139,1,70,,1166246,19,0,64 139,1,34,,1166245,33,0,64 139,1
7501,'8',355,,1166363,33,0,64 139,1,70,,1166360,33,0,64 139,1,32,,1166347,33,0,64 139,1,65,,1166366,33,,,1,81,,1166291,19,,,1,29,,1166293,19,,,1,14,,1166341,19,0,64 139,1,12,,1166353,19,,,1,62,,1166319,19,0,64 139,1,14,,1166327,19,,,1,15,,1166321,19,0,64 139,1,57,,1166316,19,,,1,17,,1166301,19,0,64 139,1,16,,1166310,19,,,1,13,,1166351,19,0,64 139,1,55,,1166339,19,,,1,16,,1166379,19,0,64 139,1,14,,1166371,19,,,1,13,,1166364,19,,,1,55,,1166333,19,,,1,15,,1166381,19,,,1,15,,1166350,19,,,1,15,,1166306,19,,,1,55,,1166311,19,,,1,15,,1166335,19,,,1,15,,1166375,19,,,1,15,,1166337,19,,,1,55,,1166322,19,,,1,16,,1166344,19,,,1,15,,1166313,19,,,1,15,,1166342,19,0,64 139,1,55,,1166384,19,,,1,15,,1166315,19,0,64 139,1,15,,1166340,19,,,1,15,,1166380,19,0,64 139,1,55,,1166386,19,,,1,18,,1166328,19,0,64 139,1,15,,1166317,19,,,1,14,,1166307,19,,,1,56,,1166299,19,,,1,16,,1166298,19,,,1,14,,1166318,19,,,1,10,,1166367,19,0,64 139,1,10,,1166352,19,,,1,48,,1166304,19,0,64 139,1,6,,1166365,12,0,64 139,1,2,,1166370,19,,,1,7,,1166345,19,0,64 139,1,2,,1166314,32,0,64 139,1,6,,1166357,19,,,1,9,,1166378,19,0,64 139,1,8,,1166331,19,,,1,6,,1166330,19,0,64 139,1,1,,1166329,32,0,64 139,1,48,,1166297,19,,,1,8,,1166303,19,,,1,8,,1166359,19,0,64 139,1,6,,1166349,19,,,1,8,,1166355,19,0,64 139,1,7,,1166346,19,,,1,7,,1166373,19,0,64 139,1,6,,1166376,19,,,1,49,,1166323,19,0,64 139,1,7,,1166374,19,,,1,8,,1166368,19,0,64 139,1,5,,1166358,19,,,1,10,,1166308,19,0,64 139,1,5,,1166292,19,,,1,5,,1166385,19,,,1,5,,1166382,19,0,64 139,1,10,,1166336,19,,,1,45,,1166369,19,0,64 139,1,10,,1166332,19,,,1,15,,1166338,19,,,1,15,,1166356,19,0,64 139,1,14,,1166295,19,,,1,54,,1166324,19,0,64 139,1,16,,1166325,19,,,1,15,,1166294,19,0,64 139,1,16,,1166300,19,,,1,54,,1166305,19,0,64 139,1,16,,1166362,19,,,1,14,,1166343,19,0,64 139,1,16,,1166372,19,,,1,54,,1166326,19,0,64 139,1,16,,1166320,19,,,1,79,,1166309,19,,,1,31,,1166354,19,,,1,65,,1166377,19,0,64 139,1,30,,1166361,19,0,64 139,1,72,,1166334,19,0,64 139,1,35,,1166348,19,0,64 139,1,67,,1166302,19,0,64 139,1,32,,1166383,33,0,64 139,1,68,,1166312,33,0,64 139,1,30,,1166296,33,0,64 139,1
7501,'9',355,,1166453,33,0,64 139,1,70,,1070473,33,0,64 139,1,32,,1093176,33,0,64 139,1,65,,1166410,33,,,1,81,,1166443,19,,,1,29,,1166429,19,,,1,14,,1166420,19,0,64 139,1,12,,1166451,19,,,1,62,,1166392,19,0,64 139,1,14,,1097677,19,,,1,15,,1166458,19,0,64 139,1,57,,1166419,19,,,1,17,,1166398,19,0,64 139,1,16,,1166459,19,,,1,13,,1059904,19,0,64 139,1,55,,1166403,19,,,1,16,,1166445,19,0,64 139,1,14,,1166405,19,,,1,13,,1076856,19,,,1,55,,1166423,19,,,1,15,,1166441,19,,,1,15,,1166401,19,,,1,15,,1102315,19,,,1,55,,1166432,19,,,1,15,,1166418,19,,,1,15,,1166395,19,,,1,15,,1166439,19,,,1,55,,1166447,19,,,1,16,,1166460,19,,,1,15,,1166463,19,,,1,15,,1166400,19,0,64 139,1,55,,1166413,19,,,1,15,,1166444,19,0,64 139,1,15,,1166388,19,,,1,15,,1166393,19,0,64 139,1,55,,1166457,19,,,1,18,,1166448,19,0,64 139,1,15,,1166394,19,,,1,14,,1166424,19,,,1,56,,1166449,19,,,1,16,,1166391,19,,,1,14,,1166462,19,,,1,10,,1166464,19,0,64 139,1,10,,1166466,19,,,1,48,,1166452,19,0,64 139,1,6,,1166390,12,0,64 139,1,2,,1166430,19,,,1,7,,1166467,19,0,64 139,1,2,,1166402,32,0,64 139,1,6,,1057032,19,,,1,9,,1166396,19,0,64 139,1,8,,972082,19,,,1,6,,1166408,19,0,64 139,1,1,,1166428,32,0,64 139,1,48,,1166450,19,,,1,8,,1166409,19,,,1,8,,1166435,19,0,64 139,1,6,,1166425,19,,,1,8,,1166399,19,0,64 139,1,7,,1166431,19,,,1,7,,1166422,19,0,64 139,1,6,,1166433,19,,,1,49,,1166446,19,0,64 139,1,7,,1166404,19,,,1,8,,1166412,19,0,64 139,1,5,,1072950,19,,,1,10,,1166414,19,0,64 139,1,5,,1166436,19,,,1,5,,1062901,19,,,1,5,,1166416,19,0,64 139,1,10,,1166456,19,,,1,45,,1166437,19,0,64 139,1,10,,1166389,19,,,1,15,,1084944,19,,,1,15,,1166461,19,0,64 139,1,14,,1166465,19,,,1,54,,1166426,19,0,64 139,1,16,,1098810,19,,,1,15,,1166438,19,0,64 139,1,16,,1166440,19,,,1,54,,1166406,19,0,64 139,1,16,,1166415,19,,,1,14,,1166442,19,0,64 139,1,16,,1166397,19,,,1,54,,1166454,19,0,64 139,1,16,,1166427,19,,,1,79,,1166434,19,,,1,31,,1166407,19,,,1,65,,1166387,19,0,64 139,1,30,,1166417,19,0,64 139,1,72,,1166411,19,0,64 139,1,35,,1032184,19,0,64 139,1,67,,1166421,19,0,64 139,1,32,,1100355,33,0,64 139,1,68,,1166455,33,0,64 139,1,30,,1166468,33,0,64 139,1
8000,'1',633,,1166512,68,,,1,70,,1166523,68,,,1,40,,1166524,68,,,1,73,,1166513,68,,,1,30,,1166514,68,,,1,71,,1166501,68,,,1,30,,1023692,68,,,1,71,,1166515,68,,,1,31,,1166497,68,,,1,68,,1166498,68,,,1,28,,1166483,68,,,1,70,,1166469,68,,,1,30,,1166474,68,,,1,71,,1166472,68,,,1,31,,1166481,68,,,1,68,,1166489,68,,,1,30,,1096986,68,,,1,62,,1088793,38,,,1,8,,1011661,68,,,1,30,,1166517,68,,,1,114,,1166487,68,,,1,71,,1166521,68,,,1,73,,1166495,68,,,1,22,,1166473,68,,,1,26,,1166486,68,,,1,66,,1166484,68,,,1,29,,1166470,68,,,1,70,,1166488,68,,,1,30,,1166519,68,,,1,70,,1166506,68,,,1,30,,1166493,68,,,1,70,,1074521,68,,,1,30,,1000726,68,,,1,70,,1166522,68,,,1,30,,996780,68,,,1,61,,1166499,68,,,1,29,,1166485,68,,,1,70,,1166503,68,,,1
8000,'10',633,,1166568,68,,,1,70,,1166579,68,,,1,40,,1166580,68,,,1,73,,1166569,68,,,1,30,,1166570,68,,,1,71,,1166557,68,,,1,30,,1023778,68,,,1,71,,1166571,68,,,1,31,,1166553,68,,,1,68,,1166554,68,,,1,28,,1166539,68,,,1,70,,1166525,68,,,1,30,,1166530,68,,,1,71,,1166528,68,,,1,31,,1166537,68,,,1,68,,1166545,68,,,1,30,,1096903,68,,,1,62,,1088388,38,,,1,8,,1011738,68,,,1,30,,1166573,68,,,1,114,,1166543,68,,,1,71,,1166577,68,,,1,73,,1166551,68,,,1,22,,1166529,68,,,1,26,,1166542,68,,,1,66,,1166540,68,,,1,29,,1166526,68,,,1,70,,1166544,68,,,1,30,,1166575,68,,,1,70,,1166562,68,,,1,30,,1166549,68,,,1,70,,1074374,68,,,1,30,,1000874,68,,,1,70,,1166578,68,,,1,30,,996929,68,,,1,61,,1166555,68,,,1,29,,1166541,68,,,1,70,,1166559,68,,,1
8000,'11',633,,1166624,68,,,1,70,,1166635,68,,,1,40,,1166636,68,,,1,73,,1166625,68,,,1,30,,1166626,68,,,1,71,,1166613,68,,,1,30,,1023666,68,,,1,71,,1166627,68,,,1,31,,1166609,68,,,1,68,,1166610,68,,,1,28,,1166595,68,,,1,70,,1166581,68,,,1,30,,1166586,68,,,1,71,,1166584,68,,,1,31,,1166593,68,,,1,68,,1166601,68,,,1,30,,1097013,68,,,1,62,,1088914,38,,,1,8,,1011640,68,,,1,30,,1166629,68,,,1,114,,1166599,68,,,1,71,,1166633,68,,,1,73,,1166607,68,,,1,22,,1166585,68,,,1,26,,1166598,68,,,1,66,,1166596,68,,,1,29,,1166582,68,,,1,70,,1166600,68,,,1,30,,1166631,68,,,1,70,,1166618,68,,,1,30,,1166605,68,,,1,70,,1074564,68,,,1,30,,1000684,68,,,1,70,,1166634,68,,,1,30,,996738,68,,,1,61,,1166611,68,,,1,29,,1166597,68,,,1,70,,1166615,68,,,1
8000,'12',633,,1166686,68,,,1,70,,1166676,68,,,1,40,,1166689,68,,,1,73,,1166698,68,,,1,30,,1087159,68,,,1,71,,1166680,68,,,1,30,,1166688,68,,,1,71,,1166642,68,,,1,31,,1166671,68,,,1,68,,1166685,68,,,1,28,,1166697,68,,,1,70,,1166667,68,,,1,30,,1089973,68,,,1,71,,1166645,68,,,1,31,,1166648,68,,,1,68,,1166653,68,,,1,30,,1166668,68,,,1,62,,1166699,38,,,1,8,,1166691,68,,,1,30,,1166637,68,,,1,114,,1166657,68,,,1,71,,1166651,68,,,1,73,,1166695,68,,,1,22,,1166694,68,,,1,26,,1166684,68,,,1,66,,1166693,68,,,1,29,,1166641,68,,,1,70,,1166669,68,,,1,30,,1166664,68,,,1,70,,1166665,68,,,1,30,,1166677,68,,,1,70,,1166663,68,,,1,30,,1166674,68,,,1,70,,1166654,68,,,1,30,,1166666,68,,,1,61,,1166675,68,,,1,29,,1166652,68,,,1,70,,1166682,68,,,1
8000,'13',753,,1166703,68,,,1,103,,1166708,68,,,1,100,,1166705,68,,,1,102,,1166706,68,,,1,70,,1166713,68,,,1,72,,1166704,68,,,1,30,,1166721,68,,,1,72,,1166712,68,,,1,30,,1166701,68,,,1,71,,1166719,68,,,1,30,,1166709,68,,,1,70,,1166707,68,,,1,30,,1166716,68,,,1,70,,1166715,68,,,1,29,,1166700,68,,,1,70,,1096667,68,,,1,29,,1166702,68,,,1,99,,1166720,68,,,1,98,,1166718,68,,,1,99,,1166717,68,,,1,98,,1166711,68,,,1,100,,1166710,68,,,1,104,,1166714,68,,,1
8000,'14',633,,1166773,68,,,1,70,,1166787,68,,,1,40,,1166788,68,,,1,73,,1166774,68,,,1,30,,1166775,68,,,1,71,,1166760,68,,,1,30,,1166725,68,,,1,71,,1166776,68,,,1,31,,1166756,68,,,1,68,,1166757,68,,,1,28,,1166742,68,,,1,70,,1166722,68,,,1,30,,1166733,68,,,1,71,,1166729,68,,,1,31,,1166740,68,,,1,68,,1166748,68,,,1,30,,1166764,68,,,1,62,,1166779,38,,,1,8,,1166727,68,,,1,30,,1166778,68,,,1,114,,1166746,68,,,1,71,,1166785,68,,,1,73,,1166754,68,,,1,22,,1166732,68,,,1,26,,1166745,68,,,1,66,,1166743,68,,,1,29,,1166723,68,,,1,70,,1166747,68,,,1,30,,1166781,68,,,1,70,,1166766,68,,,1,30,,1166752,68,,,1,70,,1166728,68,,,1,30,,1166784,68,,,1,70,,1166786,68,,,1,30,,1166783,68,,,1,61,,1166758,68,,,1,29,,1166744,68,,,1,70,,1166762,68,,,1
8000,'15',633,,1166806,68,,,1,70,,1166819,68,,,1,40,,1166851,68,,,1,73,,1166816,68,,,1,30,,1166841,68,,,1,71,,1166846,68,,,1,30,,1166825,68,,,1,71,,1166844,68,,,1,31,,1166850,68,,,1,68,,1166847,68,,,1,28,,1166803,68,,,1,70,,1166804,68,,,1,30,,1166848,68,,,1,71,,1166805,68,,,1,31,,1166849,68,,,1,68,,1166834,68,,,1,30,,1166798,68,,,1,62,,1166854,38,,,1,8,,1166791,68,,,1,30,,1166801,68,,,1,114,,1166809,68,,,1,71,,1166837,68,,,1,73,,1166855,68,,,1,22,,1166827,68,,,1,26,,1166799,68,,,1,66,,1166793,68,,,1,29,,1166840,68,,,1,70,,1166831,68,,,1,30,,1166790,68,,,1,70,,1166824,68,,,1,30,,1166853,68,,,1,70,,1166821,68,,,1,30,,1166826,68,,,1,70,,1166833,68,,,1,30,,1166797,68,,,1,61,,1166842,68,,,1,29,,1166807,68,,,1,70,,1166810,68,,,1
8000,'16',633,,1166905,68,,,1,70,,1166895,68,,,1,40,,1166908,68,,,1,73,,1166918,68,,,1,30,,1166866,68,,,1,71,,1166899,68,,,1,30,,1166907,68,,,1,71,,1166861,68,,,1,31,,1166890,68,,,1,68,,1166904,68,,,1,28,,1166915,68,,,1,70,,1166886,68,,,1,30,,1166917,68,,,1,71,,1166864,68,,,1,31,,1166867,68,,,1,68,,1166872,68,,,1,30,,1166887,68,,,1,62,,1166919,38,,,1,8,,1166910,68,,,1,30,,1097870,68,,,1,114,,1166876,68,,,1,71,,1166870,68,,,1,73,,1166913,68,,,1,22,,1166912,68,,,1,26,,1166903,68,,,1,66,,1166911,68,,,1,29,,1166860,68,,,1,70,,1166888,68,,,1,30,,1166883,68,,,1,70,,1166884,68,,,1,30,,1166896,68,,,1,70,,1166882,68,,,1,30,,1166893,68,,,1,70,,1166873,68,,,1,30,,1166885,68,,,1,61,,1166894,68,,,1,29,,1166871,68,,,1,70,,1166901,68,,,1
8000,'17',753,,1166923,68,,,1,103,,1166928,68,,,1,100,,1166925,68,,,1,102,,1166926,68,,,1,70,,1166933,68,,,1,72,,1166924,68,,,1,30,,1166941,68,,,1,72,,1166932,68,,,1,30,,1166921,68,,,1,71,,1166939,68,,,1,30,,1166929,68,,,1,70,,1166927,68,,,1,30,,1166936,68,,,1,70,,1166934,68,,,1,29,,1166920,68,,,1,70,,1166942,68,,,1,29,,1166922,68,,,1,99,,1166940,68,,,1,98,,1166938,68,,,1,99,,1166937,68,,,1,98,,1166931,68,,,1,100,,1166930,68,,,1,104,,1166935,68,,,1
8000,'2',644,,1166958,68,,,1,101,,1166947,68,,,1,77,,1166959,68,,,1,31,,1166972,68,,,1,70,,1166952,68,,,1,30,,1166956,68,,,1,71,,1166969,68,,,1,30,,1166954,68,,,1,71,,1166965,68,,,1,32,,1023594,68,,,1,70,,1166960,68,,,1,32,,1166953,68,,,1,70,,1166973,68,,,1,71,,1166955,68,,,1,30,,1166950,68,,,1,70,,1166968,68,,,1,30,,1166945,68,,,1,70,,1166967,68,,,1,29,,1166970,68,,,1,30,,1166948,68,,,1,69,,1166944,68,,,1,30,,1166951,68,,,1,69,,1166943,68,,,1,30,,1166946,68,,,1,68,,1166971,68,,,1,28,,1029742,68,,,1,71,,1166957,68,,,1,28,,1072220,68,,,1,65,,1166962,68,,,1,30,,1166949,68,,,1,70,,1166961,68,,,1,30,,1166966,68,,,1,69,,1166964,68,,,1,30,,1065637,68,,,1,70,,1166963,68,,,1,30,,1166974,68,,,1
8000,'3',753,,1166978,68,,,1,103,,1166983,68,,,1,100,,1166980,68,,,1,102,,1166981,68,,,1,70,,1166988,68,,,1,72,,1166979,68,,,1,30,,1166996,68,,,1,72,,1166987,68,,,1,30,,1166976,68,,,1,71,,1166994,68,,,1,30,,1166984,68,,,1,70,,1166982,68,,,1,30,,1166991,68,,,1,70,,1166989,68,,,1,29,,1166975,68,,,1,70,,1166997,68,,,1,29,,1166977,68,,,1,99,,1166995,68,,,1,98,,1166993,68,,,1,99,,1166992,68,,,1,98,,1166986,68,,,1,100,,1166985,68,,,1,104,,1166990,68,,,1
8000,'4',753,,1167006,68,,,1,103,,1167000,68,,,1,100,,1166999,68,,,1,102,,1167018,68,,,1,70,,1167005,68,,,1,72,,1167001,68,,,1,30,,1167017,68,,,1,72,,1167010,68,,,1,30,,1167002,68,,,1,71,,1167012,68,,,1,30,,1167014,68,,,1,70,,1167008,68,,,1,30,,1167016,68,,,1,70,,1051935,68,,,1,29,,1076546,68,,,1,70,,1167003,68,,,1,29,,1167013,68,,,1,99,,1167015,68,,,1,98,,1167009,68,,,1,99,,1166998,68,,,1,98,,1167007,68,,,1,100,,1167011,68,,,1,104,,1167004,68,,,1
8000,'5',633,,1167062,68,,,1,70,,1167073,68,,,1,40,,1167074,68,,,1,73,,1167063,68,,,1,30,,1167064,68,,,1,71,,1167051,68,,,1,30,,1023532,68,,,1,71,,1167065,68,,,1,31,,1167047,68,,,1,68,,1167048,68,,,1,28,,1167033,68,,,1,70,,1167019,68,,,1,30,,1167024,68,,,1,71,,1167022,68,,,1,31,,1167031,68,,,1,68,,1167039,68,,,1,30,,1096964,68,,,1,62,,1088729,38,,,1,8,,1011510,68,,,1,30,,1167067,68,,,1,114,,1167037,68,,,1,71,,1167071,68,,,1,73,,1167045,68,,,1,22,,1167023,68,,,1,26,,1167036,68,,,1,66,,1167034,68,,,1,29,,1167020,68,,,1,70,,1167038,68,,,1,30,,1167069,68,,,1,70,,1167056,68,,,1,30,,1167043,68,,,1,70,,1074499,68,,,1,30,,1000478,68,,,1,70,,1167072,68,,,1,30,,996472,68,,,1,61,,1167049,68,,,1,29,,1167035,68,,,1,70,,1167053,68,,,1
8000,'6',633,,1167116,68,,,1,70,,1167107,68,,,1,40,,1167119,68,,,1,73,,1078064,68,,,1,30,,1167079,68,,,1,71,,1167110,68,,,1,30,,1167118,68,,,1,71,,1167078,68,,,1,31,,1167102,68,,,1,68,,1167115,68,,,1,28,,1167126,68,,,1,70,,1167099,68,,,1,30,,1167128,68,,,1,71,,1100311,68,,,1,31,,1167081,68,,,1,68,,1167086,68,,,1,30,,1167100,68,,,1,62,,1071534,38,,,1,8,,1167121,68,,,1,30,,1167075,68,,,1,114,,1167090,68,,,1,71,,1167084,68,,,1,73,,1167124,68,,,1,22,,1167123,68,,,1,26,,1167114,68,,,1,66,,1031205,68,,,1,29,,1100454,68,,,1,70,,1167101,68,,,1,30,,1167096,68,,,1,70,,1167097,68,,,1,30,,1038087,68,,,1,70,,1167095,68,,,1,30,,1167105,68,,,1,70,,1167087,68,,,1,30,,1167098,68,,,1,61,,1167106,68,,,1,29,,1167085,68,,,1,70,,1167112,68,,,1
8000,'7',644,,1167152,68,,,1,101,,1167158,68,,,1,77,,1167144,68,,,1,31,,1167160,68,,,1,70,,1167141,68,,,1,30,,1167143,68,,,1,71,,1167137,68,,,1,30,,1167138,68,,,1,71,,1167155,68,,,1,32,,1167163,68,,,1,70,,1167134,68,,,1,32,,1167154,68,,,1,70,,1167145,68,,,1,71,,1167147,68,,,1,30,,1167135,68,,,1,70,,1167153,68,,,1,30,,1167157,68,,,1,70,,1167149,68,,,1,29,,1167162,68,,,1,30,,1167156,68,,,1,69,,1167139,68,,,1,30,,1167136,68,,,1,69,,1167142,68,,,1,30,,1167150,68,,,1,68,,1167164,68,,,1,28,,1167140,68,,,1,71,,1167131,68,,,1,28,,1167129,68,,,1,65,,1167146,68,,,1,30,,1167159,68,,,1,70,,1167151,68,,,1,30,,1167132,68,,,1,69,,1167133,68,,,1,30,,1167130,68,,,1,70,,1167148,68,,,1,30,,1167161,68,,,1
8000,'8',633,,1167216,68,,,1,70,,1167206,68,,,1,40,,1167219,68,,,1,73,,1167230,68,,,1,30,,1167176,68,,,1,71,,1167210,68,,,1,30,,1167218,68,,,1,71,,1167171,68,,,1,31,,1167201,68,,,1,68,,1167215,68,,,1,28,,1167227,68,,,1,70,,1167197,68,,,1,30,,1167229,68,,,1,71,,1167174,68,,,1,31,,1167178,68,,,1,68,,1167183,68,,,1,30,,1167198,68,,,1,62,,1167231,38,,,1,8,,1167221,68,,,1,30,,1167165,68,,,1,114,,1167187,68,,,1,71,,1167181,68,,,1,73,,1167225,68,,,1,22,,1167224,68,,,1,26,,1167214,68,,,1,66,,1167223,68,,,1,29,,1167170,68,,,1,70,,1167199,68,,,1,30,,1167194,68,,,1,70,,1167195,68,,,1,30,,1167207,68,,,1,70,,1167193,68,,,1,30,,1167204,68,,,1,70,,1167184,68,,,1,30,,1167196,68,,,1,61,,1167205,68,,,1,29,,1167182,68,,,1,70,,1167212,68,,,1
8000,'9',633,,1167275,68,,,1,70,,1167286,68,,,1,40,,1167287,68,,,1,73,,1167276,68,,,1,30,,1167277,68,,,1,71,,1167264,68,,,1,30,,1023718,68,,,1,71,,1167278,68,,,1,31,,1167260,68,,,1,68,,1167261,68,,,1,28,,1167246,68,,,1,70,,1167232,68,,,1,30,,1167237,68,,,1,71,,1167235,68,,,1,31,,1167244,68,,,1,68,,1167252,68,,,1,30,,1096929,68,,,1,62,,1088514,38,,,1,8,,1011682,68,,,1,30,,1167280,68,,,1,114,,1167250,68,,,1,71,,1167284,68,,,1,73,,1167258,68,,,1,22,,1167236,68,,,1,26,,1167249,68,,,1,66,,1167247,68,,,1,29,,1167233,68,,,1,70,,1167251,68,,,1,30,,1167282,68,,,1,70,,1167269,68,,,1,30,,1167256,68,,,1,70,,1074418,68,,,1,30,,1000768,68,,,1,70,,1167285,68,,,1,30,,996822,68,,,1,61,,1167262,68,,,1,29,,1167248,68,,,1,70,,1167266,68,,,1
8001,'1',501,,1167289,2,,,1,30,,1167342,2,,,1,70,,1167308,2,,,1,30,,1167314,2,,,1,69,,1167334,2,,,1,30,,1167292,2,,,1,71,,1167331,2,,,1,31,,1167306,2,,,1,69,,1167294,2,,,1,30,,1167293,2,,,1,70,,1167341,2,,,1,30,,1167328,2,,,1,70,,1167311,2,,,1,29,,1167335,2,,,1,70,,1167327,2,,,1,31,,1167290,2,,,1,70,,956341,2,,,1,30,,1167337,2,,,1,69,,1167312,2,,,1,29,,1167336,2,,,1,71,,1167330,2,,,1,30,,1167322,2,,,1,71,,1167329,2,,,1,30,,1167291,2,,,1,70,,1064097,2,,,1,30,,1167325,2,,,1,70,,1074302,2,,,1,30,,1167332,2,,,1,70,,1167318,2,,,1,35,,1167299,2,,,1,65,,1167303,2,,,1,25,,1167300,2,,,1,30,,1167344,2,,,1,71,,1167307,2,,,1,29,,1060852,2,,,1,71,,1167323,2,,,1,32,,1167316,2,,,1,72,,1167315,2,,,1
8001,'10',501,,1167347,2,,,1,30,,1167400,2,,,1,70,,1167366,2,,,1,30,,1167372,2,,,1,69,,1167392,2,,,1,30,,1167350,2,,,1,71,,1167389,2,,,1,31,,1167364,2,,,1,69,,1167352,2,,,1,30,,1167351,2,,,1,70,,1167399,2,,,1,30,,1167386,2,,,1,70,,1167369,2,,,1,29,,1167393,2,,,1,70,,1167385,2,,,1,31,,1167348,2,,,1,70,,956085,2,,,1,30,,1167395,2,,,1,69,,1167370,2,,,1,29,,1167394,2,,,1,71,,1167388,2,,,1,30,,1167380,2,,,1,71,,1167387,2,,,1,30,,1167349,2,,,1,70,,1063784,2,,,1,30,,1167383,2,,,1,70,,1074160,2,,,1,30,,1167390,2,,,1,70,,1167376,2,,,1,35,,1167357,2,,,1,65,,1167361,2,,,1,25,,1167358,2,,,1,30,,1167402,2,,,1,71,,1167365,2,,,1,29,,1060858,2,,,1,71,,1167381,2,,,1,32,,1167374,2,,,1,72,,1167373,2,,,1
8001,'11',501,,1167405,2,,,1,30,,1167458,2,,,1,70,,1167424,2,,,1,30,,1167430,2,,,1,69,,1167450,2,,,1,30,,1167408,2,,,1,71,,1167447,2,,,1,31,,1167422,2,,,1,69,,1167410,2,,,1,30,,1167409,2,,,1,70,,1167457,2,,,1,30,,1167444,2,,,1,70,,1167427,2,,,1,29,,1167451,2,,,1,70,,1167443,2,,,1,31,,1167406,2,,,1,70,,956293,2,,,1,30,,1167453,2,,,1,69,,1167428,2,,,1,29,,1167452,2,,,1,71,,1167446,2,,,1,30,,1167438,2,,,1,71,,1167445,2,,,1,30,,1167407,2,,,1,70,,1064190,2,,,1,30,,1167441,2,,,1,70,,1074345,2,,,1,30,,1167448,2,,,1,70,,1167434,2,,,1,35,,1167415,2,,,1,65,,1167419,2,,,1,25,,1167416,2,,,1,30,,1167460,2,,,1,71,,1167423,2,,,1,29,,1060850,2,,,1,71,,1167439,2,,,1,32,,1167432,2,,,1,72,,1167431,2,,,1
8001,'12',501,,1167465,2,,,1,30,,1167478,2,,,1,70,,1167499,2,,,1,30,,1167462,2,,,1,69,,1167470,2,,,1,30,,1167496,2,,,1,71,,1167466,2,,,1,31,,1167474,2,,,1,69,,1167472,2,,,1,30,,1167516,2,,,1,70,,1167520,2,,,1,30,,1167519,2,,,1,70,,1167484,2,,,1,29,,1167507,2,,,1,70,,1167497,2,,,1,31,,1167515,2,,,1,70,,1167469,2,,,1,30,,1020162,2,,,1,69,,1167501,2,,,1,29,,1091202,2,,,1,71,,1167513,2,,,1,30,,1167481,2,,,1,71,,1167493,2,,,1,30,,1167518,2,,,1,70,,1167505,2,,,1,30,,1167494,2,,,1,70,,1167475,2,,,1,30,,1167512,2,,,1,70,,1167521,2,,,1,35,,1167487,2,,,1,65,,1167479,2,,,1,25,,1167477,2,,,1,30,,1167498,2,,,1,71,,1167495,2,,,1,29,,1167511,2,,,1,71,,1167464,2,,,1,32,,1167488,2,,,1,72,,1167489,2,,,1
8001,'13',717,,1167528,2,,,1,100,,1167530,2,,,1,100,,1167522,2,,,1,100,,1167525,2,,,1,30,,1167527,2,,,1,70,,1167539,2,,,1,30,,1167540,2,,,1,70,,1167535,2,,,1,30,,1167533,2,,,1,70,,1167534,2,,,1,30,,1167541,2,,,1,70,,1167526,2,,,1,30,,1101108,2,,,1,70,,1167542,2,,,1,30,,1167523,2,,,1,70,,1167531,2,,,1,30,,1167532,2,,,1,100,,1167543,2,,,1,100,,1167536,2,,,1,100,,1167529,2,,,1,100,,1167524,2,,,1,100,,1167538,2,,,1,100,,1167537,2,,,1
8001,'14',501,,1167545,2,,,1,30,,1167602,2,,,1,70,,1167566,2,,,1,30,,1167574,2,,,1,69,,1167594,2,,,1,30,,1167549,2,,,1,71,,1167591,2,,,1,31,,1167564,2,,,1,69,,1167551,2,,,1,30,,1167550,2,,,1,70,,1167601,2,,,1,30,,1167588,2,,,1,70,,1167571,2,,,1,29,,1167595,2,,,1,70,,1167587,2,,,1,31,,1167546,2,,,1,70,,1167605,2,,,1,30,,1167597,2,,,1,69,,1167572,2,,,1,29,,1167596,2,,,1,71,,1167590,2,,,1,30,,1167582,2,,,1,71,,1167589,2,,,1,30,,1167547,2,,,1,70,,1167548,2,,,1,30,,1167585,2,,,1,70,,1167607,2,,,1,30,,1167592,2,,,1,70,,1167578,2,,,1,35,,1167557,2,,,1,65,,1167561,2,,,1,25,,1167558,2,,,1,30,,1167604,2,,,1,71,,1167565,2,,,1,29,,1167567,2,,,1,71,,1167583,2,,,1,32,,1167576,2,,,1,72,,1167575,2,,,1
8001,'15',501,,1167669,2,,,1,30,,1167658,2,,,1,70,,1167660,2,,,1,30,,1167643,2,,,1,69,,1167641,2,,,1,30,,1167625,2,,,1,71,,1167663,2,,,1,31,,1167632,2,,,1,69,,1167626,2,,,1,30,,1167650,2,,,1,70,,1167656,2,,,1,30,,1167635,2,,,1,70,,1167657,2,,,1,29,,1167666,2,,,1,70,,1167628,2,,,1,31,,1167664,2,,,1,70,,1167629,2,,,1,30,,1167624,2,,,1,69,,1167661,2,,,1,29,,1167622,2,,,1,71,,1167654,2,,,1,30,,1167640,2,,,1,71,,1167611,2,,,1,30,,1167652,2,,,1,70,,1167614,2,,,1,30,,1167649,2,,,1,70,,1167642,2,,,1,30,,1167644,2,,,1,70,,1167610,2,,,1,35,,1167667,2,,,1,65,,1167621,2,,,1,25,,1167636,2,,,1,30,,1167638,2,,,1,71,,1167646,2,,,1,29,,1167617,2,,,1,71,,1167671,2,,,1,32,,1167609,2,,,1,72,,1167616,2,,,1
8001,'16',501,,1167673,2,,,1,30,,1167685,2,,,1,70,,1167707,2,,,1,30,,1089229,2,,,1,69,,1167675,2,,,1,30,,1167704,2,,,1,71,,1080272,2,,,1,31,,1167679,2,,,1,69,,1167678,2,,,1,30,,1167724,2,,,1,70,,1167728,2,,,1,30,,1167727,2,,,1,70,,1167692,2,,,1,29,,1167715,2,,,1,70,,1167705,2,,,1,31,,1167723,2,,,1,70,,941955,2,,,1,30,,1167689,2,,,1,69,,1167709,2,,,1,29,,1167677,2,,,1,71,,1167721,2,,,1,30,,1167688,2,,,1,71,,1167701,2,,,1,30,,1167726,2,,,1,70,,1167713,2,,,1,30,,1167702,2,,,1,70,,1167680,2,,,1,30,,1167720,2,,,1,70,,1167729,2,,,1,35,,1167695,2,,,1,65,,1167686,2,,,1,25,,1167682,2,,,1,30,,1167706,2,,,1,71,,1167703,2,,,1,29,,1167719,2,,,1,71,,1167672,2,,,1,32,,1167696,2,,,1,72,,1167697,2,,,1
8001,'17',717,,1167737,2,,,1,100,,1167739,2,,,1,100,,1167730,2,,,1,100,,1167733,2,,,1,30,,1167735,2,,,1,70,,1167748,2,,,1,30,,1167749,2,,,1,70,,1167744,2,,,1,30,,1167742,2,,,1,70,,1167743,2,,,1,30,,1167750,2,,,1,70,,1167734,2,,,1,30,,1167736,2,,,1,70,,1167751,2,,,1,30,,1167731,2,,,1,70,,1167740,2,,,1,30,,1167741,2,,,1,100,,1167752,2,,,1,100,,1167745,2,,,1,100,,1167738,2,,,1,100,,1167732,2,,,1,100,,1167747,2,,,1,100,,1167746,2,,,1
8001,'2',657,,1167766,2,,,1,70,,1167776,2,,,1,30,,1167779,2,,,1,70,,1167771,2,,,1,30,,1167761,2,,,1,70,,1085786,2,,,1,30,,1005117,2,,,1,70,,1167754,2,,,1,30,,1167760,2,,,1,70,,1167769,2,,,1,30,,1167782,2,,,1,70,,1167764,2,,,1,30,,1167762,2,,,1,70,,1167775,2,,,1,30,,1167778,2,,,1,70,,1167783,2,,,1,30,,1167758,2,,,1,70,,1072934,2,,,1,30,,1167756,2,,,1,70,,1167755,2,,,1,30,,1167777,2,,,1,70,,1167780,2,,,1,30,,1167753,2,,,1,70,,1167773,2,,,1,30,,1167765,2,,,1,70,,1167757,2,,,1,30,,1167781,2,,,1,70,,1167770,2,,,1,30,,1167767,2,,,1,70,,1167772,2,,,1,30,,1167774,2,,,1,70,,1167763,2,,,1,30,,1167784,2,,,1,70,,1167768,2,,,1,31,,1167759,2,,,1
8001,'3',717,,1167792,2,,,1,100,,1167794,2,,,1,100,,1167785,2,,,1,100,,1167788,2,,,1,30,,1167790,2,,,1,70,,1167803,2,,,1,30,,1167804,2,,,1,70,,1167799,2,,,1,30,,1167797,2,,,1,70,,1167798,2,,,1,30,,1167805,2,,,1,70,,1167789,2,,,1,30,,1167791,2,,,1,70,,1167806,2,,,1,30,,1167786,2,,,1,70,,1167795,2,,,1,30,,1167796,2,,,1,100,,1167807,2,,,1,100,,1167800,2,,,1,100,,1167793,2,,,1,100,,1167787,2,,,1,100,,1167802,2,,,1,100,,1167801,2,,,1
8001,'4',717,,1167816,2,,,1,100,,1167820,2,,,1,100,,1167828,2,,,1,100,,1167808,2,,,1,30,,1167827,2,,,1,70,,1167822,2,,,1,30,,1167824,2,,,1,70,,1167815,2,,,1,30,,1167811,2,,,1,70,,1167823,2,,,1,30,,1167826,2,,,1,70,,1167817,2,,,1,30,,1167812,2,,,1,70,,1167809,2,,,1,30,,1167814,2,,,1,70,,1101352,2,,,1,30,,1167813,2,,,1,100,,1067282,2,,,1,100,,1167810,2,,,1,100,,1167821,2,,,1,100,,1167819,2,,,1,100,,1167825,2,,,1,100,,1167818,2,,,1
8001,'5',501,,1167830,2,,,1,30,,1167883,2,,,1,70,,1167849,2,,,1,30,,1167855,2,,,1,69,,1167875,2,,,1,30,,1167833,2,,,1,71,,1167872,2,,,1,31,,1167847,2,,,1,69,,1167835,2,,,1,30,,1167834,2,,,1,70,,1167882,2,,,1,30,,1167869,2,,,1,70,,1167852,2,,,1,29,,1167876,2,,,1,70,,1167868,2,,,1,31,,1167831,2,,,1,70,,956488,2,,,1,30,,1167878,2,,,1,69,,1167853,2,,,1,29,,1167877,2,,,1,71,,1167871,2,,,1,30,,1167863,2,,,1,71,,1167870,2,,,1,30,,1167832,2,,,1,70,,1064052,2,,,1,30,,1167866,2,,,1,70,,1074279,2,,,1,30,,1167873,2,,,1,70,,1167859,2,,,1,35,,1167840,2,,,1,65,,1167844,2,,,1,25,,1167841,2,,,1,30,,1167885,2,,,1,71,,1167848,2,,,1,29,,1060846,2,,,1,71,,1167864,2,,,1,32,,1167857,2,,,1,72,,1167856,2,,,1
8001,'6',501,,1085694,2,,,1,30,,1167899,2,,,1,70,,1167921,2,,,1,30,,1167887,2,,,1,69,,1085699,2,,,1,30,,1167918,2,,,1,71,,1167889,2,,,1,31,,1073085,2,,,1,69,,1005466,2,,,1,30,,1167938,2,,,1,70,,1078070,2,,,1,30,,1079313,2,,,1,70,,1167906,2,,,1,29,,1167929,2,,,1,70,,1167919,2,,,1,31,,1167937,2,,,1,70,,1167891,2,,,1,30,,1167903,2,,,1,69,,1167923,2,,,1,29,,1167892,2,,,1,71,,1167935,2,,,1,30,,1167902,2,,,1,71,,1167915,2,,,1,30,,1167940,2,,,1,70,,1167927,2,,,1,30,,1167916,2,,,1,70,,1167894,2,,,1,30,,1167934,2,,,1,70,,1093054,2,,,1,35,,1167909,2,,,1,65,,1167900,2,,,1,25,,1167896,2,,,1,30,,1167920,2,,,1,71,,1167917,2,,,1,29,,1167933,2,,,1,71,,1101023,2,,,1,32,,1167910,2,,,1,72,,1167911,2,,,1
8001,'7',657,,1167969,2,,,1,70,,1167957,2,,,1,30,,1167966,2,,,1,70,,1167959,2,,,1,30,,1167975,2,,,1,70,,1167951,2,,,1,30,,1167950,2,,,1,70,,1167948,2,,,1,30,,1167946,2,,,1,70,,1167965,2,,,1,30,,1167960,2,,,1,70,,1167961,2,,,1,30,,1167956,2,,,1,70,,1167947,2,,,1,30,,1167972,2,,,1,70,,1167970,2,,,1,30,,1167942,2,,,1,70,,1167964,2,,,1,30,,1167941,2,,,1,70,,1167958,2,,,1,30,,1167953,2,,,1,70,,1167949,2,,,1,30,,1167962,2,,,1,70,,1167963,2,,,1,30,,1167955,2,,,1,70,,1167968,2,,,1,30,,1167945,2,,,1,70,,1167944,2,,,1,30,,1167973,2,,,1,70,,1167954,2,,,1,30,,1167971,2,,,1,70,,1167943,2,,,1,30,,1167952,2,,,1,70,,1167974,2,,,1,31,,1167967,2,,,1
8001,'8',501,,1167979,2,,,1,30,,1167995,2,,,1,70,,1168017,2,,,1,30,,1167976,2,,,1,69,,1167984,2,,,1,30,,1168014,2,,,1,71,,1167980,2,,,1,31,,1167989,2,,,1,69,,1167987,2,,,1,30,,1168034,2,,,1,70,,1168038,2,,,1,30,,1168037,2,,,1,70,,1168002,2,,,1,29,,1168025,2,,,1,70,,1168015,2,,,1,31,,1168033,2,,,1,70,,1167983,2,,,1,30,,1167999,2,,,1,69,,1168019,2,,,1,29,,1167986,2,,,1,71,,1168031,2,,,1,30,,1167998,2,,,1,71,,1168011,2,,,1,30,,1168036,2,,,1,70,,1168023,2,,,1,30,,1168012,2,,,1,70,,1167990,2,,,1,30,,1168030,2,,,1,70,,1168039,2,,,1,35,,1168005,2,,,1,65,,1167996,2,,,1,25,,1167992,2,,,1,30,,1168016,2,,,1,71,,1168013,2,,,1,29,,1168029,2,,,1,71,,1167978,2,,,1,32,,1168006,2,,,1,72,,1168007,2,,,1
8001,'9',501,,1168041,2,,,1,30,,1168094,2,,,1,70,,1168060,2,,,1,30,,1168066,2,,,1,69,,1168086,2,,,1,30,,1168044,2,,,1,71,,1168083,2,,,1,31,,1168058,2,,,1,69,,1168046,2,,,1,30,,1168045,2,,,1,70,,1168093,2,,,1,30,,1168080,2,,,1,70,,1168063,2,,,1,29,,1168087,2,,,1,70,,1168079,2,,,1,31,,1168042,2,,,1,70,,956440,2,,,1,30,,1168089,2,,,1,69,,1168064,2,,,1,29,,1168088,2,,,1,71,,1168082,2,,,1,30,,1168074,2,,,1,71,,1168081,2,,,1,30,,1168043,2,,,1,70,,1063881,2,,,1,30,,1168077,2,,,1,70,,1074207,2,,,1,30,,1168084,2,,,1,70,,1168070,2,,,1,35,,1168051,2,,,1,65,,1168055,2,,,1,25,,1168052,2,,,1,30,,1168096,2,,,1,71,,1168059,2,,,1,29,,1060854,2,,,1,71,,1168075,2,,,1,32,,1168068,2,,,1,72,,1168067,2,,,1
9900,'1',550,,1182110,22,,,1,73,,1182133,22,,,1,34,,1182122,22,,,1,68,,1182113,22,,,1,33,,1182120,22,,,1,74,,1182140,22,,,1,27,,1182137,22,,,1,70,,1182117,22,,,1,30,,917632,22,,,1,67,,1182124,22,,,1,28,,1182125,22,,,1,70,,1182119,22,,,1,30,,1082779,22,,,1,70,,1182114,22,,,1,30,,1182115,22,,,1,72,,1182126,22,,,1,30,,1096443,22,,,1,70,,1182134,22,,,1,31,,1182138,22,,,1,72,,1182129,22,,,1,71,,1182135,22,,,1,32,,1182118,22,,,1,70,,1182116,22,,,1,31,,1073029,22,,,1,69,,1182128,22,,,1,31,,1182111,22,,,1,68,,1182141,22,,,1,29,,1182130,22,,,1,29,,1182127,22,,,1,69,,1182121,22,,,1,30,,1182139,22,,,1,68,,1182136,22,,,1,25,,1027779,22,,,1,68,,1182132,22,,,1,97,,1062591,22,,,1,104,,1182131,22,,,1
9900,'10',550,,1182142,22,,,1,73,,1182165,22,,,1,34,,1182154,22,,,1,68,,1182145,22,,,1,33,,1182152,22,,,1,74,,1182172,22,,,1,27,,1182169,22,,,1,70,,1182149,22,,,1,30,,917678,22,,,1,67,,1182156,22,,,1,28,,1182157,22,,,1,70,,1182151,22,,,1,30,,1082719,22,,,1,70,,1182146,22,,,1,30,,1182147,22,,,1,72,,1182158,22,,,1,30,,1096227,22,,,1,70,,1182166,22,,,1,31,,1182170,22,,,1,72,,1182161,22,,,1,71,,1182167,22,,,1,32,,1182150,22,,,1,70,,1182148,22,,,1,31,,1072910,22,,,1,69,,1182160,22,,,1,31,,1182143,22,,,1,68,,1182173,22,,,1,29,,1182162,22,,,1,29,,1182159,22,,,1,69,,1182153,22,,,1,30,,1182171,22,,,1,68,,1182168,22,,,1,25,,1027856,22,,,1,68,,1182164,22,,,1,97,,1062281,22,,,1,104,,1182163,22,,,1
9900,'11',550,,1182174,22,,,1,73,,1182197,22,,,1,34,,1182186,22,,,1,68,,1182177,22,,,1,33,,1182184,22,,,1,74,,1182204,22,,,1,27,,1182201,22,,,1,70,,1182181,22,,,1,30,,917544,22,,,1,67,,1182188,22,,,1,28,,1182189,22,,,1,70,,1182183,22,,,1,30,,1082799,22,,,1,70,,1182178,22,,,1,30,,1182179,22,,,1,72,,1182190,22,,,1,30,,1096502,22,,,1,70,,1182198,22,,,1,31,,1182202,22,,,1,72,,1182193,22,,,1,71,,1182199,22,,,1,32,,1182182,22,,,1,70,,1182180,22,,,1,31,,1073067,22,,,1,69,,1182192,22,,,1,31,,1182175,22,,,1,68,,1182205,22,,,1,29,,1182194,22,,,1,29,,1182191,22,,,1,69,,1182185,22,,,1,30,,1182203,22,,,1,68,,1182200,22,,,1,25,,1027758,22,,,1,68,,1182196,22,,,1,97,,1062669,22,,,1,104,,1182195,22,,,1
9900,'12',550,,1182220,22,,,1,73,,1182233,22,,,1,34,,1182237,22,,,1,68,,1182236,22,,,1,33,,1182212,22,,,1,74,,1182209,22,,,1,27,,1182214,22,,,1,70,,1076583,22,,,1,30,,1182217,22,,,1,67,,1060346,22,,,1,28,,1182227,22,,,1,70,,1182238,22,,,1,30,,1182232,22,,,1,70,,1182239,22,,,1,30,,1182211,22,,,1,72,,1182206,22,,,1,30,,1182221,22,,,1,70,,1182226,22,,,1,31,,1182207,22,,,1,72,,1182208,22,,,1,71,,1182230,22,,,1,32,,1182234,22,,,1,70,,1182229,22,,,1,31,,1182218,22,,,1,69,,1182215,22,,,1,31,,1182213,22,,,1,68,,1182219,22,,,1,29,,1182231,22,,,1,29,,1182224,22,,,1,69,,1182225,22,,,1,30,,1182210,22,,,1,68,,1182222,22,,,1,25,,1182240,22,,,1,68,,1067938,22,,,1,97,,1182235,22,,,1,104,,1182228,22,,,1
9900,'13',624,,1182253,22,,,1,100,,1182244,22,,,1,101,,1091143,22,,,1,100,,1182256,22,,,1,89,,1182259,22,,,1,30,,1182243,22,,,1,70,,1182246,22,,,1,30,,1182248,22,,,1,70,,819772,22,,,1,31,,1182242,22,,,1,70,,1182247,22,,,1,30,,1182258,22,,,1,70,,1182257,22,,,1,30,,1182252,22,,,1,70,,1182255,22,,,1,30,,1182254,22,,,1,70,,1182262,22,,,1,29,,1182251,22,,,1,70,,1182241,22,,,1,30,,1075369,22,,,1,70,,1182245,22,,,1,30,,1063950,22,,,1,70,,1100178,22,,,1,30,,1182249,22,,,1,160,,1182261,22,,,1,100,,1182250,22,,,1,100,,1182260,22,,,1
9900,'14',550,,1182263,22,,,1,73,,1182291,22,,,1,34,,1182278,22,,,1,68,,1182268,22,,,1,33,,1182276,22,,,1,74,,1182298,22,,,1,27,,1182295,22,,,1,70,,1182273,22,,,1,30,,1182286,22,,,1,67,,1182280,22,,,1,28,,1182281,22,,,1,70,,1182275,22,,,1,30,,1182264,22,,,1,70,,1182269,22,,,1,30,,1182270,22,,,1,72,,1182282,22,,,1,30,,1182299,22,,,1,70,,1182292,22,,,1,31,,1182296,22,,,1,72,,1182287,22,,,1,71,,1182293,22,,,1,32,,1182274,22,,,1,70,,1182271,22,,,1,31,,1182272,22,,,1,69,,1182285,22,,,1,31,,1182265,22,,,1,68,,1182300,22,,,1,29,,1182288,22,,,1,29,,1182283,22,,,1,69,,1182277,22,,,1,30,,1182297,22,,,1,68,,1182294,22,,,1,25,,1182284,22,,,1,68,,1182290,22,,,1,97,,1182266,22,,,1,104,,1182289,22,,,1
9900,'15',550,,1182309,22,,,1,73,,1182336,22,,,1,34,,1182302,22,,,1,68,,1182330,22,,,1,33,,1182312,22,,,1,74,,1182315,22,,,1,27,,1182316,22,,,1,70,,1182337,22,,,1,30,,1182327,22,,,1,67,,1182313,22,,,1,28,,1182333,22,,,1,70,,1182321,22,,,1,30,,1182305,22,,,1,70,,1182317,22,,,1,30,,1182311,22,,,1,72,,1182301,22,,,1,30,,1182314,22,,,1,70,,1182320,22,,,1,31,,1182326,22,,,1,72,,1182334,22,,,1,71,,1182307,22,,,1,32,,1182306,22,,,1,70,,1182319,22,,,1,31,,1182331,22,,,1,69,,1182323,22,,,1,31,,1182310,22,,,1,68,,1182338,22,,,1,29,,1182318,22,,,1,29,,1182325,22,,,1,69,,1182324,22,,,1,30,,1182303,22,,,1,68,,1182329,22,,,1,25,,1182322,22,,,1,68,,1182335,22,,,1,97,,1182332,22,,,1,104,,1182308,22,,,1
9900,'16',550,,1182352,22,,,1,73,,1182366,22,,,1,34,,1182369,22,,,1,68,,1030478,22,,,1,33,,1182345,22,,,1,74,,1182342,22,,,1,27,,1088185,22,,,1,70,,1182372,22,,,1,30,,1182349,22,,,1,67,,1182363,22,,,1,28,,1182359,22,,,1,70,,1182370,22,,,1,30,,1182365,22,,,1,70,,1182371,22,,,1,30,,1182344,22,,,1,72,,1182339,22,,,1,30,,1182353,22,,,1,70,,1182358,22,,,1,31,,1095239,22,,,1,72,,1182341,22,,,1,71,,1182362,22,,,1,32,,1182367,22,,,1,70,,1182361,22,,,1,31,,1182350,22,,,1,69,,1182347,22,,,1,31,,1182346,22,,,1,68,,1182351,22,,,1,29,,1182364,22,,,1,29,,1182356,22,,,1,69,,1182357,22,,,1,30,,1182343,22,,,1,68,,1182354,22,,,1,25,,1093838,22,,,1,68,,1182340,22,,,1,97,,1182368,22,,,1,104,,1182360,22,,,1
9900,'17',624,,1182388,22,,,1,100,,1182377,22,,,1,101,,1182378,22,,,1,100,,1182391,22,,,1,89,,1182396,22,,,1,30,,1182376,22,,,1,70,,1182381,22,,,1,30,,1182383,22,,,1,70,,1182379,22,,,1,31,,1182375,22,,,1,70,,1182382,22,,,1,30,,1182395,22,,,1,70,,1182392,22,,,1,30,,1182387,22,,,1,70,,1182390,22,,,1,30,,1182389,22,,,1,70,,1182399,22,,,1,29,,1182386,22,,,1,70,,1182374,22,,,1,30,,1182394,22,,,1,70,,1182380,22,,,1,30,,1182393,22,,,1,70,,1182373,22,,,1,30,,1182384,22,,,1,160,,1182398,22,,,1,100,,1182385,22,,,1,100,,1182397,22,,,1
9900,'2',624,,1182420,22,,,1,108,,1084918,22,,,1,92,,1182403,22,,,1,30,,1182421,22,,,1,71,,1182422,22,,,1,30,,1182427,22,,,1,70,,1182417,22,,,1,30,,1182408,22,,,1,70,,1182410,22,,,1,30,,1182400,22,,,1,71,,1182418,22,,,1,30,,1182409,22,,,1,70,,1182405,22,,,1,30,,1061944,22,,,1,70,,1182415,22,,,1,30,,1182425,22,,,1,70,,1182406,22,,,1,30,,1182407,22,,,1,69,,1182412,22,,,1,30,,1182404,22,,,1,70,,1182416,22,,,1,30,,1182424,22,,,1,70,,1182429,22,,,1,30,,1182426,22,,,1,70,,1182402,22,,,1,30,,1182401,22,,,1,69,,1182414,22,,,1,30,,1182428,22,,,1,70,,1182423,22,,,1,30,,1182411,22,,,1,100,,1182413,22,,,1,100,,1182419,22,,,1,100,,965229,22,,,1
9900,'3',624,,1182445,22,,,1,100,,1182434,22,,,1,101,,1182435,22,,,1,100,,1182448,22,,,1,89,,1182453,22,,,1,30,,1182433,22,,,1,70,,1182438,22,,,1,30,,1182440,22,,,1,70,,1182436,22,,,1,31,,1182432,22,,,1,70,,1182439,22,,,1,30,,1182452,22,,,1,70,,1182449,22,,,1,30,,1182444,22,,,1,70,,1182447,22,,,1,30,,1182446,22,,,1,70,,1182456,22,,,1,29,,1182443,22,,,1,70,,1182431,22,,,1,30,,1182451,22,,,1,70,,1182437,22,,,1,30,,1182450,22,,,1,70,,1182430,22,,,1,30,,1182441,22,,,1,160,,1182455,22,,,1,100,,1182442,22,,,1,100,,1182454,22,,,1
9900,'4',624,,1182479,22,,,1,100,,1092740,22,,,1,101,,1182465,22,,,1,100,,1182460,22,,,1,89,,1182463,22,,,1,30,,1085180,22,,,1,70,,1182478,22,,,1,30,,1182472,22,,,1,70,,1182471,22,,,1,31,,1182458,22,,,1,70,,1182469,22,,,1,30,,1182477,22,,,1,70,,1182470,22,,,1,30,,1182475,22,,,1,70,,1182473,22,,,1,30,,1182464,22,,,1,70,,1182461,22,,,1,29,,1182466,22,,,1,70,,1182474,22,,,1,30,,1182480,22,,,1,70,,1182462,22,,,1,30,,1182459,22,,,1,70,,1182457,22,,,1,30,,1182467,22,,,1,160,,1182476,22,,,1,100,,1182468,22,,,1,100,,1182481,22,,,1
9900,'5',550,,1182482,22,,,1,73,,1182505,22,,,1,34,,1182494,22,,,1,68,,1182485,22,,,1,33,,1182492,22,,,1,74,,1182512,22,,,1,27,,1182509,22,,,1,70,,1182489,22,,,1,30,,917810,22,,,1,67,,1182496,22,,,1,28,,1182497,22,,,1,70,,1182491,22,,,1,30,,1082759,22,,,1,70,,1182486,22,,,1,30,,1182487,22,,,1,72,,1182498,22,,,1,30,,1096416,22,,,1,70,,1182506,22,,,1,31,,1182510,22,,,1,72,,1182501,22,,,1,71,,1182507,22,,,1,32,,1182490,22,,,1,70,,1182488,22,,,1,31,,1073010,22,,,1,69,,1182500,22,,,1,31,,1182483,22,,,1,68,,1182513,22,,,1,29,,1182502,22,,,1,29,,1182499,22,,,1,69,,1182493,22,,,1,30,,1182511,22,,,1,68,,1182508,22,,,1,25,,1027681,22,,,1,68,,1182504,22,,,1,97,,1062552,22,,,1,104,,1182503,22,,,1
9900,'6',550,,1182524,22,,,1,73,,1182538,22,,,1,34,,1045329,22,,,1,68,,1182541,22,,,1,33,,1031850,22,,,1,74,,1182517,22,,,1,27,,1182520,22,,,1,70,,1182544,22,,,1,30,,1182521,22,,,1,67,,1182535,22,,,1,28,,1182531,22,,,1,70,,1182542,22,,,1,30,,1182537,22,,,1,70,,1182543,22,,,1,30,,1182519,22,,,1,72,,1182514,22,,,1,30,,1182525,22,,,1,70,,1182530,22,,,1,31,,1182516,22,,,1,72,,1075659,22,,,1,71,,1182534,22,,,1,32,,1182539,22,,,1,70,,1182533,22,,,1,31,,1182522,22,,,1,69,,1067059,22,,,1,31,,1021586,22,,,1,68,,1182523,22,,,1,29,,1182536,22,,,1,29,,1182528,22,,,1,69,,1182529,22,,,1,30,,1182518,22,,,1,68,,1182526,22,,,1,25,,1182545,22,,,1,68,,1182515,22,,,1,97,,1182540,22,,,1,104,,1182532,22,,,1
9900,'7',624,,1182574,22,,,1,108,,1182564,22,,,1,92,,1182575,22,,,1,30,,1182558,22,,,1,71,,1182552,22,,,1,30,,1182578,22,,,1,70,,1182565,22,,,1,30,,1182566,22,,,1,70,,1182547,22,,,1,30,,1182577,22,,,1,71,,1182562,22,,,1,30,,1182573,22,,,1,70,,1182568,22,,,1,30,,1182554,22,,,1,70,,1182557,22,,,1,30,,1182555,22,,,1,70,,1182561,22,,,1,30,,1182569,22,,,1,69,,1182563,22,,,1,30,,1182549,22,,,1,70,,1182551,22,,,1,30,,1182546,22,,,1,70,,1182560,22,,,1,30,,1182550,22,,,1,70,,1182567,22,,,1,30,,1182548,22,,,1,69,,1182576,22,,,1,30,,1182559,22,,,1,70,,1182572,22,,,1,30,,1182570,22,,,1,100,,1182556,22,,,1,100,,1182571,22,,,1,100,,1182553,22,,,1
9900,'8',550,,1182594,22,,,1,73,,1182608,22,,,1,34,,1182612,22,,,1,68,,1182611,22,,,1,33,,1182586,22,,,1,74,,1182583,22,,,1,27,,1182588,22,,,1,70,,1182615,22,,,1,30,,1182591,22,,,1,67,,1182605,22,,,1,28,,1182601,22,,,1,70,,1182613,22,,,1,30,,1182607,22,,,1,70,,1182614,22,,,1,30,,1182585,22,,,1,72,,1182579,22,,,1,30,,1182595,22,,,1,70,,1182600,22,,,1,31,,1182581,22,,,1,72,,1182582,22,,,1,71,,1182604,22,,,1,32,,1182609,22,,,1,70,,1182603,22,,,1,31,,1182592,22,,,1,69,,1182589,22,,,1,31,,1182587,22,,,1,68,,1182593,22,,,1,29,,1182606,22,,,1,29,,1182598,22,,,1,69,,1182599,22,,,1,30,,1182584,22,,,1,68,,1182596,22,,,1,25,,1182616,22,,,1,68,,1182580,22,,,1,97,,1182610,22,,,1,104,,1182602,22,,,1
9900,'9',550,,1182617,22,,,1,73,,1182640,22,,,1,34,,1182629,22,,,1,68,,1182620,22,,,1,33,,1182627,22,,,1,74,,1182647,22,,,1,27,,1182644,22,,,1,70,,1182624,22,,,1,30,,917724,22,,,1,67,,1182631,22,,,1,28,,1182632,22,,,1,70,,1182626,22,,,1,30,,1082739,22,,,1,70,,1182621,22,,,1,30,,1182622,22,,,1,72,,1182633,22,,,1,30,,1096289,22,,,1,70,,1182641,22,,,1,31,,1182645,22,,,1,72,,1182636,22,,,1,71,,1182642,22,,,1,32,,1182625,22,,,1,70,,1182623,22,,,1,31,,1072949,22,,,1,69,,1182635,22,,,1,31,,1182618,22,,,1,68,,1182648,22,,,1,29,,1182637,22,,,1,29,,1182634,22,,,1,69,,1182628,22,,,1,30,,1182646,22,,,1,68,,1182643,22,,,1,25,,1027800,22,,,1,68,,1182639,22,,,1,97,,1062380,22,,,1,104,,1182638,22,,,1
9901,'1',527,,1182663,2,,,1,25,,1182672,2,,,1,75,,1182669,2,,,1,30,,1182676,2,,,1,72,,1182675,2,,,1,28,,1182659,2,,,1,70,,1182665,2,,,1,30,,1182670,2,,,1,70,,1182679,2,,,1,30,,1087220,2,,,1,70,,1182666,2,,,1,30,,1182668,2,,,1,70,,1182674,2,,,1,30,,1182656,2,,,1,70,,1182651,2,,,1,30,,1182677,2,,,1,70,,1182662,2,,,1,30,,1182673,2,,,1,68,,1182657,2,,,1,30,,1182667,2,,,1,70,,1182664,2,,,1,30,,1101619,2,,,1,71,,1182661,2,,,1,29,,1087219,2,,,1,73,,1182671,2,,,1,29,,1182650,2,,,1,71,,1182652,2,,,1,29,,1182655,2,,,1,70,,1182654,2,,,1,30,,1069584,2,,,1,70,,1182678,2,,,1,30,,1182660,2,,,1,72,,960230,2,,,1,28,,1102361,2,,,1,69,,1100261,2,,,1,100,,1182658,2,,,1,100,,1182653,2,,,1
9901,'10',527,,1182694,2,,,1,25,,1182703,2,,,1,75,,1182700,2,,,1,30,,1182707,2,,,1,72,,1182706,2,,,1,28,,1182690,2,,,1,70,,1182696,2,,,1,30,,1182701,2,,,1,70,,1182710,2,,,1,30,,1087029,2,,,1,70,,1182697,2,,,1,30,,1182699,2,,,1,70,,1182705,2,,,1,30,,1182687,2,,,1,70,,1182682,2,,,1,30,,1182708,2,,,1,70,,1182693,2,,,1,30,,1182704,2,,,1,68,,1182688,2,,,1,30,,1182698,2,,,1,70,,1182695,2,,,1,30,,1101527,2,,,1,71,,1182692,2,,,1,29,,1087028,2,,,1,73,,1182702,2,,,1,29,,1182681,2,,,1,71,,1182683,2,,,1,29,,1182686,2,,,1,70,,1182685,2,,,1,30,,1069433,2,,,1,70,,1182709,2,,,1,30,,1182691,2,,,1,72,,960016,2,,,1,28,,1102355,2,,,1,69,,1100135,2,,,1,100,,1182689,2,,,1,100,,1182684,2,,,1
9901,'11',527,,1182725,2,,,1,25,,1182734,2,,,1,75,,1182731,2,,,1,30,,1182738,2,,,1,72,,1182737,2,,,1,28,,1182721,2,,,1,70,,1182727,2,,,1,30,,1182732,2,,,1,70,,1182741,2,,,1,30,,1087275,2,,,1,70,,1182728,2,,,1,30,,1182730,2,,,1,70,,1182736,2,,,1,30,,1182718,2,,,1,70,,1182713,2,,,1,30,,1182739,2,,,1,70,,1182724,2,,,1,30,,1182735,2,,,1,68,,1182719,2,,,1,30,,1182729,2,,,1,70,,1182726,2,,,1,30,,1101647,2,,,1,71,,1182723,2,,,1,29,,1087274,2,,,1,73,,1182733,2,,,1,29,,1182712,2,,,1,71,,1182714,2,,,1,29,,1182717,2,,,1,70,,1182716,2,,,1,30,,1069630,2,,,1,70,,1182740,2,,,1,30,,1182722,2,,,1,72,,960196,2,,,1,28,,1102363,2,,,1,69,,1100298,2,,,1,100,,1182720,2,,,1,100,,1182715,2,,,1
9901,'12',527,,1182759,2,,,1,25,,1182745,2,,,1,75,,1182751,2,,,1,30,,1182747,2,,,1,72,,1182753,2,,,1,28,,1182761,2,,,1,70,,1182760,2,,,1,30,,1182769,2,,,1,70,,1182748,2,,,1,30,,954835,2,,,1,70,,1182762,2,,,1,30,,1064399,2,,,1,70,,1182767,2,,,1,30,,1182742,2,,,1,70,,1182749,2,,,1,30,,1182772,2,,,1,70,,1182775,2,,,1,30,,1182744,2,,,1,68,,1182757,2,,,1,30,,1182755,2,,,1,70,,1182763,2,,,1,30,,1182771,2,,,1,71,,1182768,2,,,1,29,,1182773,2,,,1,73,,1182754,2,,,1,29,,1182750,2,,,1,71,,1182770,2,,,1,29,,1182756,2,,,1,70,,1182743,2,,,1,30,,1182764,2,,,1,70,,1182766,2,,,1,30,,1182774,2,,,1,72,,1182758,2,,,1,28,,1182752,2,,,1,69,,1182746,2,,,1,100,,1093725,2,,,1,100,,1097373,2,,,1
9901,'13',627,,1182784,2,,,1,100,,1182800,2,,,1,100,,1182781,2,,,1,101,,1182780,2,,,1,26,,1182790,2,,,1,70,,1182797,2,,,1,30,,1182786,2,,,1,70,,1182779,2,,,1,30,,1182776,2,,,1,70,,1182788,2,,,1,30,,1064598,2,,,1,70,,1182799,2,,,1,30,,1182794,2,,,1,70,,1182782,2,,,1,30,,1182798,2,,,1,70,,1182787,2,,,1,30,,1182785,2,,,1,70,,1182778,2,,,1,30,,1182783,2,,,1,70,,1182791,2,,,1,30,,1182792,2,,,1,70,,1016624,2,,,1,30,,1182777,2,,,1,70,,1182789,2,,,1,83,,1182796,2,,,1,100,,997362,2,,,1,100,,1182793,2,,,1,39,,1182795,2,,,1
9901,'14',527,,1182820,2,,,1,25,,1182830,2,,,1,75,,1182826,2,,,1,30,,1182834,2,,,1,72,,1182833,2,,,1,28,,1182814,2,,,1,70,,1182822,2,,,1,30,,1182827,2,,,1,70,,1182838,2,,,1,30,,1182809,2,,,1,70,,1182823,2,,,1,30,,1182825,2,,,1,70,,1182832,2,,,1,30,,1182811,2,,,1,70,,1182803,2,,,1,30,,1182836,2,,,1,70,,1182819,2,,,1,30,,1182831,2,,,1,68,,1182812,2,,,1,30,,1182824,2,,,1,70,,1182821,2,,,1,30,,1182835,2,,,1,71,,1182818,2,,,1,29,,1182806,2,,,1,73,,1182828,2,,,1,29,,1182802,2,,,1,71,,1182805,2,,,1,29,,1182810,2,,,1,70,,1182808,2,,,1,30,,1182804,2,,,1,70,,1182837,2,,,1,30,,1182817,2,,,1,72,,1182816,2,,,1,28,,1182815,2,,,1,69,,1182829,2,,,1,100,,1182813,2,,,1,100,,1182807,2,,,1
9901,'15',527,,1182846,2,,,1,25,,1182865,2,,,1,75,,1182848,2,,,1,30,,1182871,2,,,1,72,,1182844,2,,,1,28,,1182861,2,,,1,70,,1182840,2,,,1,30,,1182873,2,,,1,70,,1182874,2,,,1,30,,1182866,2,,,1,70,,1182859,2,,,1,30,,1182856,2,,,1,70,,1182842,2,,,1,30,,1182854,2,,,1,70,,1182869,2,,,1,30,,1182841,2,,,1,70,,1182851,2,,,1,30,,1182875,2,,,1,68,,1182847,2,,,1,30,,1182867,2,,,1,70,,1182863,2,,,1,30,,1182858,2,,,1,71,,1182876,2,,,1,29,,1182845,2,,,1,73,,1182862,2,,,1,29,,1182852,2,,,1,71,,1182855,2,,,1,29,,1182843,2,,,1,70,,1182850,2,,,1,30,,1182870,2,,,1,70,,1182849,2,,,1,30,,1182860,2,,,1,72,,1182857,2,,,1,28,,1182853,2,,,1,69,,1182868,2,,,1,100,,1182839,2,,,1,100,,1182864,2,,,1
9901,'16',527,,1182897,2,,,1,25,,1182883,2,,,1,75,,1182889,2,,,1,30,,1182885,2,,,1,72,,1182891,2,,,1,28,,1182899,2,,,1,70,,1182898,2,,,1,30,,1182906,2,,,1,70,,1182886,2,,,1,30,,1182880,2,,,1,70,,1182900,2,,,1,30,,1182912,2,,,1,70,,952923,2,,,1,30,,1182879,2,,,1,70,,1182887,2,,,1,30,,1182909,2,,,1,70,,1182913,2,,,1,30,,1182882,2,,,1,68,,1182895,2,,,1,30,,1182893,2,,,1,70,,1182901,2,,,1,30,,1182908,2,,,1,71,,1182905,2,,,1,29,,1182910,2,,,1,73,,1182892,2,,,1,29,,1182888,2,,,1,71,,1182907,2,,,1,29,,1182894,2,,,1,70,,1182881,2,,,1,30,,1182902,2,,,1,70,,1182904,2,,,1,30,,1182911,2,,,1,72,,1182896,2,,,1,28,,1182890,2,,,1,69,,1182884,2,,,1,100,,1182878,2,,,1,100,,1182877,2,,,1
9901,'17',627,,1182924,2,,,1,100,,1182940,2,,,1,100,,1182921,2,,,1,101,,1182920,2,,,1,26,,1182930,2,,,1,70,,1182937,2,,,1,30,,1182926,2,,,1,70,,1182919,2,,,1,30,,1182915,2,,,1,70,,1182928,2,,,1,30,,1182914,2,,,1,70,,1182939,2,,,1,30,,1182934,2,,,1,70,,1182922,2,,,1,30,,1182938,2,,,1,70,,1182927,2,,,1,30,,1182925,2,,,1,70,,1182918,2,,,1,30,,1182923,2,,,1,70,,1182931,2,,,1,30,,1182932,2,,,1,70,,1182941,2,,,1,30,,1182916,2,,,1,70,,1182929,2,,,1,83,,1182936,2,,,1,100,,1182917,2,,,1,100,,1182933,2,,,1,39,,1182935,2,,,1
9901,'2',630,,1182959,2,,,1,105,,1182952,2,,,1,65,,1182960,2,,,1,30,,1004228,2,,,1,70,,1182968,2,,,1,30,,1182943,2,,,1,70,,1182962,2,,,1,30,,1182945,2,,,1,70,,1182967,2,,,1,30,,1182969,2,,,1,70,,1182946,2,,,1,30,,1182948,2,,,1,70,,1182942,2,,,1,30,,1182956,2,,,1,70,,1182951,2,,,1,30,,1182957,2,,,1,70,,1182966,2,,,1,30,,1182965,2,,,1,70,,1087072,2,,,1,30,,1182955,2,,,1,70,,1182958,2,,,1,30,,1182953,2,,,1,70,,1100829,2,,,1,30,,1182963,2,,,1,70,,1182970,2,,,1,30,,1065024,2,,,1,70,,1182964,2,,,1,30,,1182949,2,,,1,70,,1182944,2,,,1,30,,1182961,2,,,1,70,,1182947,2,,,1,58,,1182954,2,,,1,142,,1182950,2,,,1
9901,'3',627,,1182981,2,,,1,100,,1182997,2,,,1,100,,1182978,2,,,1,101,,1182977,2,,,1,26,,1182987,2,,,1,70,,1182994,2,,,1,30,,1182983,2,,,1,70,,1182976,2,,,1,30,,1182972,2,,,1,70,,1182985,2,,,1,30,,1182971,2,,,1,70,,1182996,2,,,1,30,,1182991,2,,,1,70,,1182979,2,,,1,30,,1182995,2,,,1,70,,1182984,2,,,1,30,,1182982,2,,,1,70,,1182975,2,,,1,30,,1182980,2,,,1,70,,1182988,2,,,1,30,,1182989,2,,,1,70,,1182998,2,,,1,30,,1182973,2,,,1,70,,1182986,2,,,1,83,,1182993,2,,,1,100,,1182974,2,,,1,100,,1182990,2,,,1,39,,1182992,2,,,1
9901,'4',627,,1183009,2,,,1,100,,1183000,2,,,1,100,,1183003,2,,,1,101,,1183020,2,,,1,26,,1183013,2,,,1,70,,1183018,2,,,1,30,,1183006,2,,,1,70,,1183024,2,,,1,30,,1183012,2,,,1,70,,1183002,2,,,1,30,,1183026,2,,,1,70,,1183015,2,,,1,30,,1183014,2,,,1,70,,1183010,2,,,1,30,,1183005,2,,,1,70,,1183011,2,,,1,30,,1183025,2,,,1,70,,1183001,2,,,1,30,,1182999,2,,,1,70,,1183021,2,,,1,30,,1183017,2,,,1,70,,1183016,2,,,1,30,,1183008,2,,,1,70,,1183004,2,,,1,83,,1183022,2,,,1,100,,1183023,2,,,1,100,,1183019,2,,,1,39,,1183007,2,,,1
9901,'5',527,,1183041,2,,,1,25,,1183050,2,,,1,75,,1183047,2,,,1,30,,1183054,2,,,1,72,,1183053,2,,,1,28,,1183037,2,,,1,70,,1183043,2,,,1,30,,1183048,2,,,1,70,,1183057,2,,,1,30,,1087182,2,,,1,70,,1183044,2,,,1,30,,1183046,2,,,1,70,,1183052,2,,,1,30,,1183034,2,,,1,70,,1183029,2,,,1,30,,1183055,2,,,1,70,,1183040,2,,,1,30,,1183051,2,,,1,68,,1183035,2,,,1,30,,1183045,2,,,1,70,,1183042,2,,,1,30,,1101602,2,,,1,71,,1183039,2,,,1,29,,1087181,2,,,1,73,,1183049,2,,,1,29,,1183028,2,,,1,71,,1183030,2,,,1,29,,1183033,2,,,1,70,,1183032,2,,,1,30,,1069561,2,,,1,70,,1183056,2,,,1,30,,1183038,2,,,1,72,,960340,2,,,1,28,,1102359,2,,,1,69,,1100241,2,,,1,100,,1183036,2,,,1,100,,1183031,2,,,1
9901,'6',527,,1183076,2,,,1,25,,1183063,2,,,1,75,,1183068,2,,,1,30,,1183064,2,,,1,72,,1183070,2,,,1,28,,1183078,2,,,1,70,,1183077,2,,,1,30,,1183086,2,,,1,70,,1183065,2,,,1,30,,1183060,2,,,1,70,,1183079,2,,,1,30,,1183090,2,,,1,70,,1183084,2,,,1,30,,1027395,2,,,1,70,,1183066,2,,,1,30,,1060971,2,,,1,70,,938046,2,,,1,30,,1183062,2,,,1,68,,1183074,2,,,1,30,,1183072,2,,,1,70,,1183080,2,,,1,30,,1183088,2,,,1,71,,1183085,2,,,1,29,,1086493,2,,,1,73,,1183071,2,,,1,29,,1183067,2,,,1,71,,1183087,2,,,1,29,,1183073,2,,,1,70,,1183061,2,,,1,30,,1183081,2,,,1,70,,1183083,2,,,1,30,,1183089,2,,,1,72,,1183075,2,,,1,28,,1183069,2,,,1,69,,1079266,2,,,1,100,,1183059,2,,,1,100,,1183058,2,,,1
9901,'7',630,,1183096,2,,,1,105,,1183122,2,,,1,65,,1183097,2,,,1,30,,1183116,2,,,1,70,,1183115,2,,,1,30,,1183117,2,,,1,70,,1183121,2,,,1,30,,1183112,2,,,1,70,,1183120,2,,,1,30,,1183105,2,,,1,70,,1183123,2,,,1,30,,1183093,2,,,1,70,,1183119,2,,,1,30,,1183106,2,,,1,70,,1183111,2,,,1,30,,1183100,2,,,1,70,,1183095,2,,,1,30,,1183103,2,,,1,70,,1183104,2,,,1,30,,1183118,2,,,1,70,,1183110,2,,,1,30,,1183101,2,,,1,70,,1183108,2,,,1,30,,1183107,2,,,1,70,,1183113,2,,,1,30,,1183114,2,,,1,70,,1183098,2,,,1,30,,1183094,2,,,1,70,,1183091,2,,,1,30,,1183099,2,,,1,70,,1183092,2,,,1,58,,1183102,2,,,1,142,,1183109,2,,,1
9901,'8',527,,1183144,2,,,1,25,,1183130,2,,,1,75,,1183136,2,,,1,30,,1183132,2,,,1,72,,1183138,2,,,1,28,,1183146,2,,,1,70,,1183145,2,,,1,30,,1183154,2,,,1,70,,1183133,2,,,1,30,,1183127,2,,,1,70,,1183147,2,,,1,30,,1183160,2,,,1,70,,1183152,2,,,1,30,,1183126,2,,,1,70,,1183134,2,,,1,30,,1183157,2,,,1,70,,1183161,2,,,1,30,,1183129,2,,,1,68,,1183142,2,,,1,30,,1183140,2,,,1,70,,1183148,2,,,1,30,,1183156,2,,,1,71,,1183153,2,,,1,29,,1183158,2,,,1,73,,1183139,2,,,1,29,,1183135,2,,,1,71,,1183155,2,,,1,29,,1183141,2,,,1,70,,1183128,2,,,1,30,,1183149,2,,,1,70,,1183151,2,,,1,30,,1183159,2,,,1,72,,1183143,2,,,1,28,,1183137,2,,,1,69,,1183131,2,,,1,100,,1183125,2,,,1,100,,1183124,2,,,1
9901,'9',527,,1183176,2,,,1,25,,1183185,2,,,1,75,,1183182,2,,,1,30,,1183189,2,,,1,72,,1183188,2,,,1,28,,1183172,2,,,1,70,,1183178,2,,,1,30,,1183183,2,,,1,70,,1183192,2,,,1,30,,1087091,2,,,1,70,,1183179,2,,,1,30,,1183181,2,,,1,70,,1183187,2,,,1,30,,1183169,2,,,1,70,,1183164,2,,,1,30,,1183190,2,,,1,70,,1183175,2,,,1,30,,1183186,2,,,1,68,,1183170,2,,,1,30,,1183180,2,,,1,70,,1183177,2,,,1,30,,1101554,2,,,1,71,,1183174,2,,,1,29,,1087090,2,,,1,73,,1183184,2,,,1,29,,1183163,2,,,1,71,,1183165,2,,,1,29,,1183168,2,,,1,70,,1183167,2,,,1,30,,1069481,2,,,1,70,,1183191,2,,,1,30,,1183173,2,,,1,72,,960306,2,,,1,28,,1102357,2,,,1,69,,1100173,2,,,1,100,,1183171,2,,,1,100,,1183166,2,,,1
11000,'1',611,,1184703,16,,,1,22,,1079567,16,,,1,71,,1063111,16,,,1,30,,1095224,16,,,1,70,,1184689,16,,,1,30,,1184694,16,,,1,70,,1184700,16,,,1,26,,1184709,16,,,1,70,,1184705,16,,,1,30,,1184704,16,,,1,70,,1184712,16,,,1,30,,1184710,16,,,1,70,,1184708,16,,,1,30,,1184707,16,,,1,70,,1184692,16,,,1,30,,1184711,16,,,1,29,,1184693,16,,,1,141,,1033798,16,,,1,31,,1184695,16,,,1,71,,1184690,16,,,1,29,,1184714,16,,,1,74,,1184696,16,,,1,28,,1184706,16,,,1,70,,1184699,16,,,1,30,,1015941,16,,,1,67,,1184702,16,,,1,30,,1184698,16,,,1,70,,1184697,16,,,1,30,,1184713,16,,,1
11000,'10',611,,1184729,16,,,1,22,,1079375,16,,,1,71,,1062769,16,,,1,30,,1094978,16,,,1,70,,1184715,16,,,1,30,,1184720,16,,,1,70,,1184726,16,,,1,26,,1184735,16,,,1,70,,1184731,16,,,1,30,,1184730,16,,,1,70,,1184738,16,,,1,30,,1184736,16,,,1,70,,1184734,16,,,1,30,,1184733,16,,,1,70,,1184718,16,,,1,30,,1184737,16,,,1,29,,1184719,16,,,1,141,,1033917,16,,,1,31,,1184721,16,,,1,71,,1184716,16,,,1,29,,1184740,16,,,1,74,,1184722,16,,,1,28,,1184732,16,,,1,70,,1184725,16,,,1,30,,1016141,16,,,1,67,,1184728,16,,,1,30,,1184724,16,,,1,70,,1184723,16,,,1,30,,1184739,16,,,1
11000,'11',611,,1184755,16,,,1,22,,1079626,16,,,1,71,,1063212,16,,,1,30,,1095298,16,,,1,70,,1184741,16,,,1,30,,1184746,16,,,1,70,,1184752,16,,,1,26,,1184761,16,,,1,70,,1184757,16,,,1,30,,1184756,16,,,1,70,,1184764,16,,,1,30,,1184762,16,,,1,70,,1184760,16,,,1,30,,1184759,16,,,1,70,,1184744,16,,,1,30,,1184763,16,,,1,29,,1184745,16,,,1,141,,1033763,16,,,1,31,,1184747,16,,,1,71,,1184742,16,,,1,29,,1184766,16,,,1,74,,1184748,16,,,1,28,,1184758,16,,,1,70,,1184751,16,,,1,30,,1015881,16,,,1,67,,1184754,16,,,1,30,,1184750,16,,,1,70,,1184749,16,,,1,30,,1184765,16,,,1
11000,'12',611,,1184775,16,,,1,22,,1184788,16,,,1,71,,1184773,16,,,1,30,,1184774,16,,,1,70,,1052952,16,,,1,30,,1184778,16,,,1,70,,1184770,16,,,1,26,,1184772,16,,,1,70,,1184777,16,,,1,30,,1184789,16,,,1,70,,1184782,16,,,1,30,,1184779,16,,,1,70,,1184786,16,,,1,30,,1184769,16,,,1,70,,1184781,16,,,1,30,,1184783,16,,,1,29,,1091192,16,,,1,141,,1090194,16,,,1,31,,1184787,16,,,1,71,,1184767,16,,,1,29,,1184790,16,,,1,74,,1067310,16,,,1,28,,1184784,16,,,1,70,,1184792,16,,,1,30,,1184771,16,,,1,67,,1184791,16,,,1,30,,1184793,16,,,1,70,,1184780,16,,,1,30,,1184776,16,,,1
11000,'13',633,,1184796,16,,,1,70,,1184798,16,,,1,1031,,1184795,16,,,1,70,,1184794,16,,,1
11000,'14',611,,1184818,16,,,1,22,,1184808,16,,,1,71,,1184807,16,,,1,30,,1184828,16,,,1,70,,1184801,16,,,1,30,,1184809,16,,,1,70,,1184815,16,,,1,26,,1184824,16,,,1,70,,1184820,16,,,1,30,,1184819,16,,,1,70,,1184827,16,,,1,30,,1184825,16,,,1,70,,1184823,16,,,1,30,,1184822,16,,,1,70,,1184804,16,,,1,30,,1184826,16,,,1,29,,1184805,16,,,1,141,,1184806,16,,,1,31,,1184810,16,,,1,71,,1184802,16,,,1,29,,1184830,16,,,1,74,,1184811,16,,,1,28,,1184821,16,,,1,70,,1184814,16,,,1,30,,1184800,16,,,1,67,,1184817,16,,,1,30,,1184813,16,,,1,70,,1184812,16,,,1,30,,1184829,16,,,1
11000,'15',611,,1184861,16,,,1,22,,1184839,16,,,1,71,,1184849,16,,,1,30,,1184844,16,,,1,70,,1184832,16,,,1,30,,1184836,16,,,1,70,,1184845,16,,,1,26,,1184851,16,,,1,70,,1184846,16,,,1,30,,1184831,16,,,1,70,,1184852,16,,,1,30,,1184843,16,,,1,70,,1184848,16,,,1,30,,1184841,16,,,1,70,,1184860,16,,,1,30,,1184858,16,,,1,29,,1184847,16,,,1,141,,1184833,16,,,1,31,,1184838,16,,,1,71,,1184842,16,,,1,29,,1184835,16,,,1,74,,1184856,16,,,1,28,,1184834,16,,,1,70,,1184854,16,,,1,30,,1184853,16,,,1,67,,1184840,16,,,1,30,,1184837,16,,,1,70,,1184857,16,,,1,30,,1184855,16,,,1
11000,'16',611,,1184870,16,,,1,22,,1184883,16,,,1,71,,1184868,16,,,1,30,,1184869,16,,,1,70,,1184887,16,,,1,30,,1184873,16,,,1,70,,1184865,16,,,1,26,,1184867,16,,,1,70,,1184872,16,,,1,30,,1184884,16,,,1,70,,1184877,16,,,1,30,,1184874,16,,,1,70,,1184881,16,,,1,30,,1004622,16,,,1,70,,1184876,16,,,1,30,,1184878,16,,,1,29,,1184862,16,,,1,141,,1184863,16,,,1,31,,1184882,16,,,1,71,,1072638,16,,,1,29,,1085050,16,,,1,74,,1184864,16,,,1,28,,1184879,16,,,1,70,,1184886,16,,,1,30,,1184866,16,,,1,67,,1184885,16,,,1,30,,1072374,16,,,1,70,,1184875,16,,,1,30,,1184871,16,,,1
11000,'17',633,,1184890,16,,,1,70,,1184892,16,,,1,1031,,1184889,16,,,1,70,,1184888,16,,,1
11000,'2',632,,1184898,16,,,1,70,,1184894,16,,,1,1031,,1184897,16,,,1,70,,1184899,16,,,1
11000,'3',633,,1184902,16,,,1,70,,1184904,16,,,1,1031,,1184901,16,,,1,70,,1184900,16,,,1
11000,'4',633,,1184911,16,,,1,70,,1184907,16,,,1,1031,,1184909,16,,,1,70,,1184910,16,,,1
11000,'5',611,,1184926,16,,,1,22,,1079533,16,,,1,71,,1063057,16,,,1,30,,1095176,16,,,1,70,,1184912,16,,,1,30,,1184917,16,,,1,70,,1184923,16,,,1,26,,1184932,16,,,1,70,,1184928,16,,,1,30,,1184927,16,,,1,70,,1184935,16,,,1,30,,1184933,16,,,1,70,,1184931,16,,,1,30,,1184930,16,,,1,70,,1184915,16,,,1,30,,1184934,16,,,1,29,,1184916,16,,,1,141,,1033598,16,,,1,31,,1184918,16,,,1,71,,1184913,16,,,1,29,,1184937,16,,,1,74,,1184919,16,,,1,28,,1184929,16,,,1,70,,1184922,16,,,1,30,,1015575,16,,,1,67,,1184925,16,,,1,30,,1184921,16,,,1,70,,1184920,16,,,1,30,,1184936,16,,,1
11000,'6',611,,1184949,16,,,1,22,,1184961,16,,,1,71,,1184947,16,,,1,30,,1184948,16,,,1,70,,1184966,16,,,1,30,,1184951,16,,,1,70,,1184944,16,,,1,26,,1184946,16,,,1,70,,1184950,16,,,1,30,,1184962,16,,,1,70,,1184955,16,,,1,30,,1184952,16,,,1,70,,1184959,16,,,1,30,,1184943,16,,,1,70,,1184954,16,,,1,30,,1184956,16,,,1,29,,1184938,16,,,1,141,,1184939,16,,,1,31,,1184960,16,,,1,71,,1184940,16,,,1,29,,1184963,16,,,1,74,,1184942,16,,,1,28,,1184957,16,,,1,70,,1184965,16,,,1,30,,1184945,16,,,1,67,,1184964,16,,,1,30,,1184967,16,,,1,70,,1184953,16,,,1,30,,1096882,16,,,1
11000,'7',632,,1184972,16,,,1,70,,1184973,16,,,1,1031,,1184968,16,,,1,70,,1184970,16,,,1
11000,'8',611,,1184985,16,,,1,22,,1184998,16,,,1,71,,1184983,16,,,1,30,,1184984,16,,,1,70,,1185003,16,,,1,30,,1184988,16,,,1,70,,1184980,16,,,1,26,,1184982,16,,,1,70,,1184987,16,,,1,30,,1184999,16,,,1,70,,1184992,16,,,1,30,,1184989,16,,,1,70,,1184996,16,,,1,30,,1184979,16,,,1,70,,1184991,16,,,1,30,,1184993,16,,,1,29,,1184974,16,,,1,141,,1184975,16,,,1,31,,1184997,16,,,1,71,,1184976,16,,,1,29,,1185000,16,,,1,74,,1184978,16,,,1,28,,1184994,16,,,1,70,,1185002,16,,,1,30,,1184981,16,,,1,67,,1185001,16,,,1,30,,1185004,16,,,1,70,,1184990,16,,,1,30,,1184986,16,,,1
11000,'9',611,,1185019,16,,,1,22,,1079434,16,,,1,71,,1062881,16,,,1,30,,1095052,16,,,1,70,,1185005,16,,,1,30,,1185010,16,,,1,70,,1185016,16,,,1,26,,1185025,16,,,1,70,,1185021,16,,,1,30,,1185020,16,,,1,70,,1185028,16,,,1,30,,1185026,16,,,1,70,,1185024,16,,,1,30,,1185023,16,,,1,70,,1185008,16,,,1,30,,1185027,16,,,1,29,,1185009,16,,,1,141,,1033833,16,,,1,31,,1185011,16,,,1,71,,1185006,16,,,1,29,,1185030,16,,,1,74,,1185012,16,,,1,28,,1185022,16,,,1,70,,1185015,16,,,1,30,,1016001,16,,,1,67,,1185018,16,,,1,30,,1185014,16,,,1,70,,1185013,16,,,1,30,,1185029,16,,,1
11001,'1',454,,1185032,13,,,1,70,,1185038,13,,,1,95,,1185035,84,0,35,1,39,,1185058,84,0,35,1,70,,1185047,84,0,35,1,30,,1185051,84,0,35,1,70,,1185040,84,0,35,1,76,,1185053,84,0,35,1,27,,1185044,84,0,35,1,70,,1185039,84,0,35,1,26,,1185056,84,0,35,1,31,,1185061,84,0,35,1,70,,1063087,84,0,35,1,74,,1185048,84,0,35,1,30,,1185037,84,0,35,1,70,,1185059,84,0,35,1,28,,1185054,84,0,35,1,70,,1185049,84,0,35,1,28,,1185034,84,0,35,1,30,,1036958,84,0,35,1,70,,1185033,84,0,35,1,30,,1185052,84,0,35,1,79,,1185031,84,0,35,1,77,,1185046,84,0,35,1,33,,1185060,84,0,35,1,65,,1185041,84,0,35,1,30,,1185050,84,0,35,1,66,,1185057,84,0,35,1,24,,1185042,84,0,35,1,24,,1185043,84,0,35,1,60,,1185036,84,0,35,1,30,,1185055,84,0,35,1,70,,1185045,84,0,35,1
11001,'10',454,,1185063,13,,,1,70,,1185069,13,,,1,95,,1185066,84,0,35,1,39,,1185089,84,0,35,1,70,,1185078,84,0,35,1,30,,1185082,84,0,35,1,70,,1185071,84,0,35,1,76,,1185084,84,0,35,1,27,,1185075,84,0,35,1,70,,1185070,84,0,35,1,26,,1185087,84,0,35,1,31,,1185092,84,0,35,1,70,,1062745,84,0,35,1,74,,1185079,84,0,35,1,30,,1185068,84,0,35,1,70,,1185090,84,0,35,1,28,,1185085,84,0,35,1,70,,1185080,84,0,35,1,28,,1185065,84,0,35,1,30,,1037188,84,0,35,1,70,,1185064,84,0,35,1,30,,1185083,84,0,35,1,79,,1185062,84,0,35,1,77,,1185077,84,0,35,1,33,,1185091,84,0,35,1,65,,1185072,84,0,35,1,30,,1185081,84,0,35,1,66,,1185088,84,0,35,1,24,,1185073,84,0,35,1,24,,1185074,84,0,35,1,60,,1185067,84,0,35,1,30,,1185086,84,0,35,1,70,,1185076,84,0,35,1
11001,'11',454,,1185094,13,,,1,70,,1185100,13,,,1,95,,1185097,84,0,35,1,39,,1185120,84,0,35,1,70,,1185109,84,0,35,1,30,,1185113,84,0,35,1,70,,1185102,84,0,35,1,76,,1185115,84,0,35,1,27,,1185106,84,0,35,1,70,,1185101,84,0,35,1,26,,1185118,84,0,35,1,31,,1185123,84,0,35,1,70,,1063188,84,0,35,1,74,,1185110,84,0,35,1,30,,1185099,84,0,35,1,70,,1185121,84,0,35,1,28,,1185116,84,0,35,1,70,,1185111,84,0,35,1,28,,1185096,84,0,35,1,30,,1036891,84,0,35,1,70,,1185095,84,0,35,1,30,,1185114,84,0,35,1,79,,1185093,84,0,35,1,77,,1185108,84,0,35,1,33,,1185122,84,0,35,1,65,,1185103,84,0,35,1,30,,1185112,84,0,35,1,66,,1185119,84,0,35,1,24,,1185104,84,0,35,1,24,,1185105,84,0,35,1,60,,1185098,84,0,35,1,30,,1185117,84,0,35,1,70,,1185107,84,0,35,1
11001,'12',454,,1185148,13,,,1,70,,1185151,13,,,1,95,,936978,84,0,35,1,39,,1185127,84,0,35,1,70,,1185128,84,0,35,1,30,,1185125,84,0,35,1,70,,1185153,84,0,35,1,76,,1185143,84,0,35,1,27,,1185134,84,0,35,1,70,,1185150,84,0,35,1,26,,1185145,84,0,35,1,31,,1185137,84,0,35,1,70,,1185140,84,0,35,1,74,,1185147,84,0,35,1,30,,1185146,84,0,35,1,70,,1100693,84,0,35,1,28,,1185136,84,0,35,1,70,,1185152,84,0,35,1,28,,1185149,84,0,35,1,30,,1185135,84,0,35,1,70,,1185126,84,0,35,1,30,,1185131,84,0,35,1,79,,1185133,84,0,35,1,77,,1185132,84,0,35,1,33,,1185141,84,0,35,1,65,,1185129,84,0,35,1,30,,1185144,84,0,35,1,66,,1185142,84,0,35,1,24,,1185124,84,0,35,1,24,,1185138,84,0,35,1,60,,1185130,84,0,35,1,30,,1185139,84,0,35,1,70,,1094066,84,0,35,1
11001,'13',453,,1185157,13,0,41,1,70,,1185154,13,0,41,1,130,,1185158,85,0,35,1,70,,1185156,85,0,35,1,1032,,1185155,85,0,35,1,70,,1185159,85,0,35,1
11001,'14',454,,1185162,13,,,1,70,,1185169,13,,,1,95,,1185166,84,0,35,1,39,,1185189,84,0,35,1,70,,1185178,84,0,35,1,30,,1185182,84,0,35,1,70,,1185171,84,0,35,1,76,,1185184,84,0,35,1,27,,1185175,84,0,35,1,70,,1185170,84,0,35,1,26,,1185187,84,0,35,1,31,,1185192,84,0,35,1,70,,1185160,84,0,35,1,74,,1185179,84,0,35,1,30,,1185168,84,0,35,1,70,,1185190,84,0,35,1,28,,1185185,84,0,35,1,70,,1185180,84,0,35,1,28,,1185164,84,0,35,1,30,,1185165,84,0,35,1,70,,1185163,84,0,35,1,30,,1185183,84,0,35,1,79,,1185161,84,0,35,1,77,,1185177,84,0,35,1,33,,1185191,84,0,35,1,65,,1185172,84,0,35,1,30,,1185181,84,0,35,1,66,,1185188,84,0,35,1,24,,1185173,84,0,35,1,24,,1185174,84,0,35,1,60,,1185167,84,0,35,1,30,,1185186,84,0,35,1,70,,1185176,84,0,35,1
11001,'15',454,,1185203,13,,,1,70,,1185208,13,,,1,95,,1185218,84,0,35,1,39,,1185225,84,0,35,1,70,,1185207,84,0,35,1,30,,1185195,84,0,35,1,70,,1185200,84,0,35,1,76,,1185209,84,0,35,1,27,,1185194,84,0,35,1,70,,1185196,84,0,35,1,26,,1185212,84,0,35,1,31,,1185199,84,0,35,1,70,,1185205,84,0,35,1,74,,1185223,84,0,35,1,30,,1185215,84,0,35,1,70,,1185214,84,0,35,1,28,,1185211,84,0,35,1,70,,1185201,84,0,35,1,28,,1185197,84,0,35,1,30,,1185202,84,0,35,1,70,,1185217,84,0,35,1,30,,1185224,84,0,35,1,79,,1185204,84,0,35,1,77,,1185210,84,0,35,1,33,,1185216,84,0,35,1,65,,1185206,84,0,35,1,30,,1185213,84,0,35,1,66,,1185219,84,0,35,1,24,,1185193,84,0,35,1,24,,1185222,84,0,35,1,60,,1185220,84,0,35,1,30,,1185198,84,0,35,1,70,,1185221,84,0,35,1
11001,'16',454,,1185251,13,,,1,70,,1185254,13,,,1,95,,1185256,84,0,35,1,39,,1083917,84,0,35,1,70,,1185231,84,0,35,1,30,,1185228,84,0,35,1,70,,894323,84,0,35,1,76,,1185246,84,0,35,1,27,,1185237,84,0,35,1,70,,1185253,84,0,35,1,26,,1185248,84,0,35,1,31,,1185240,84,0,35,1,70,,1185243,84,0,35,1,74,,1185250,84,0,35,1,30,,1185249,84,0,35,1,70,,1185230,84,0,35,1,28,,1185239,84,0,35,1,70,,1185255,84,0,35,1,28,,1185252,84,0,35,1,30,,1185238,84,0,35,1,70,,1185229,84,0,35,1,30,,1185234,84,0,35,1,79,,1185236,84,0,35,1,77,,1185235,84,0,35,1,33,,1185244,84,0,35,1,65,,1185232,84,0,35,1,30,,1185247,84,0,35,1,66,,1185245,84,0,35,1,24,,1185227,84,0,35,1,24,,1185241,84,0,35,1,60,,1185233,84,0,35,1,30,,1185242,84,0,35,1,70,,1185226,84,0,35,1
11001,'17',453,,1185260,13,0,41,1,70,,1185257,13,0,41,1,130,,1185261,85,0,35,1,70,,1185259,85,0,35,1,1032,,1185258,85,0,35,1,70,,1185262,85,0,35,1
11001,'2',453,,1185263,13,,,1,70,,1185264,13,,,1,130,,1185265,85,0,35,1,70,,1185268,85,0,35,1,1032,,1185266,85,0,35,1,70,,1185267,85,0,35,1
11001,'3',453,,1185272,13,0,41,1,70,,1185269,13,0,41,1,130,,1185273,85,0,35,1,70,,1185271,85,0,35,1,1032,,1185270,85,0,35,1,70,,1185274,85,0,35,1
11001,'4',453,,1185276,13,0,41,1,70,,1185280,13,0,41,1,130,,1185277,85,0,35,1,70,,1185279,85,0,35,1,1032,,1185278,85,0,35,1,70,,1185275,85,0,35,1
11001,'5',454,,1185282,13,,,1,70,,1185288,13,,,1,95,,1185285,84,0,35,1,39,,1185308,84,0,35,1,70,,1185297,84,0,35,1,30,,1185301,84,0,35,1,70,,1185290,84,0,35,1,76,,1185303,84,0,35,1,27,,1185294,84,0,35,1,70,,1185289,84,0,35,1,26,,1185306,84,0,35,1,31,,1185311,84,0,35,1,70,,1063033,84,0,35,1,74,,1185298,84,0,35,1,30,,1185287,84,0,35,1,70,,1185309,84,0,35,1,28,,1185304,84,0,35,1,70,,1185299,84,0,35,1,28,,1185284,84,0,35,1,30,,1036543,84,0,35,1,70,,1185283,84,0,35,1,30,,1185302,84,0,35,1,79,,1185281,84,0,35,1,77,,1185296,84,0,35,1,33,,1185310,84,0,35,1,65,,1185291,84,0,35,1,30,,1185300,84,0,35,1,66,,1185307,84,0,35,1,24,,1185292,84,0,35,1,24,,1185293,84,0,35,1,60,,1185286,84,0,35,1,30,,1185305,84,0,35,1,70,,1185295,84,0,35,1
11001,'6',454,,1185330,13,,,1,70,,1185332,13,,,1,95,,1185333,84,0,35,1,39,,1185314,84,0,35,1,70,,1086771,84,0,35,1,30,,1043192,84,0,35,1,70,,1185334,84,0,35,1,76,,1185325,84,0,35,1,27,,1185318,84,0,35,1,70,,1080836,84,0,35,1,26,,1185327,84,0,35,1,31,,1185320,84,0,35,1,70,,1185323,84,0,35,1,74,,1185329,84,0,35,1,30,,1185328,84,0,35,1,70,,1185313,84,0,35,1,28,,1060066,84,0,35,1,70,,1070393,84,0,35,1,28,,1185331,84,0,35,1,30,,1185319,84,0,35,1,70,,947726,84,0,35,1,30,,1185315,84,0,35,1,79,,1185317,84,0,35,1,77,,1185316,84,0,35,1,33,,1101477,84,0,35,1,65,,1102787,84,0,35,1,30,,1185326,84,0,35,1,66,,1185324,84,0,35,1,24,,1026581,84,0,35,1,24,,1185321,84,0,35,1,60,,1085083,84,0,35,1,30,,1185322,84,0,35,1,70,,1185312,84,0,35,1
11001,'7',453,,1185337,13,,,1,70,,1185340,13,,,1,130,,1185339,85,0,35,1,70,,1185336,85,0,35,1,1032,,1185335,85,0,35,1,70,,1185338,85,0,35,1
11001,'8',454,,1185367,13,,,1,70,,1185370,13,,,1,95,,1185372,84,0,35,1,39,,1185346,84,0,35,1,70,,1185347,84,0,35,1,30,,1185343,84,0,35,1,70,,1185373,84,0,35,1,76,,1185362,84,0,35,1,27,,1185353,84,0,35,1,70,,1185369,84,0,35,1,26,,1185364,84,0,35,1,31,,1185356,84,0,35,1,70,,1185359,84,0,35,1,74,,1185366,84,0,35,1,30,,1185365,84,0,35,1,70,,1185345,84,0,35,1,28,,1185355,84,0,35,1,70,,1185371,84,0,35,1,28,,1185368,84,0,35,1,30,,1185354,84,0,35,1,70,,1185344,84,0,35,1,30,,1185350,84,0,35,1,79,,1185352,84,0,35,1,77,,1185351,84,0,35,1,33,,1185360,84,0,35,1,65,,1185348,84,0,35,1,30,,1185363,84,0,35,1,66,,1185361,84,0,35,1,24,,1185342,84,0,35,1,24,,1185357,84,0,35,1,60,,1185349,84,0,35,1,30,,1185358,84,0,35,1,70,,1185341,84,0,35,1
11001,'9',454,,1185375,13,,,1,70,,1185381,13,,,1,95,,1185378,84,0,35,1,39,,1185401,84,0,35,1,70,,1185390,84,0,35,1,30,,1185394,84,0,35,1,70,,1185383,84,0,35,1,76,,1185396,84,0,35,1,27,,1185387,84,0,35,1,70,,1185382,84,0,35,1,26,,1185399,84,0,35,1,31,,1185404,84,0,35,1,70,,1062857,84,0,35,1,74,,1185391,84,0,35,1,30,,1185380,84,0,35,1,70,,1185402,84,0,35,1,28,,1185397,84,0,35,1,70,,1185392,84,0,35,1,28,,1185377,84,0,35,1,30,,1037025,84,0,35,1,70,,1185376,84,0,35,1,30,,1185395,84,0,35,1,79,,1185374,84,0,35,1,77,,1185389,84,0,35,1,33,,1185403,84,0,35,1,65,,1185384,84,0,35,1,30,,1185393,84,0,35,1,66,,1185400,84,0,35,1,24,,1185385,84,0,35,1,24,,1185386,84,0,35,1,60,,1185379,84,0,35,1,30,,1185398,84,0,35,1,70,,1185388,84,0,35,1
27500,'1',556,,1197595,23,,,1,66,,1197596,23,,,1,30,,1197594,23,,,1,65,,999104,23,,,1,33,,1197597,23,,,1,85,,1197593,23,,,1
27500,'10',556,,1197600,23,,,1,66,,1197601,23,,,1,30,,1197599,23,,,1,65,,999184,23,,,1,33,,1197602,23,,,1,85,,1197598,23,,,1
27500,'11',556,,1197605,23,,,1,66,,1197606,23,,,1,30,,1197604,23,,,1,65,,999082,23,,,1,33,,1197607,23,,,1,85,,1197603,23,,,1
27500,'12',556,,1197609,23,,,1,66,,1197608,23,,,1,30,,1197611,23,,,1,65,,1197610,23,,,1,33,,1197613,23,,,1,85,,1197612,23,,,1
27500,'14',556,,1197617,23,,,1,66,,1197618,23,,,1,30,,1197616,23,,,1,65,,1197615,23,,,1,33,,1197619,23,,,1,85,,1197614,23,,,1
27500,'15',556,,1197621,23,,,1,66,,1197623,23,,,1,30,,1197620,23,,,1,65,,1197624,23,,,1,33,,1197625,23,,,1,85,,1197622,23,,,1
27500,'16',556,,1197627,23,,,1,66,,1197626,23,,,1,30,,1197629,23,,,1,65,,1197628,23,,,1,33,,1197631,23,,,1,85,,1197630,23,,,1
27500,'5',556,,1197634,23,,,1,66,,1197635,23,,,1,30,,1197633,23,,,1,65,,998945,23,,,1,33,,1197636,23,,,1,85,,1197632,23,,,1
27500,'6',556,,1035674,23,,,1,66,,1050602,23,,,1,30,,1197638,23,,,1,65,,1197637,23,,,1,33,,1197640,23,,,1,85,,1197639,23,,,1
27500,'8',556,,1197642,23,,,1,66,,1197641,23,,,1,30,,1197644,23,,,1,65,,1197643,23,,,1,33,,1197646,23,,,1,85,,1197645,23,,,1
27500,'9',556,,1197649,23,,,1,66,,1197650,23,,,1,30,,1197648,23,,,1,65,,999126,23,,,1,33,,1197651,23,,,1,85,,1197647,23,,,1
27501,'1',1534,,1197658,5,,,1,68,,1197653,5,,,1,32,,1197655,5,,,1,70,,1197657,5,,,1,30,,1197652,5,,,1,70,,1197654,5,,,1,32,,1197656,5,,,1
27501,'10',1534,,1197665,5,,,1,68,,1197660,5,,,1,32,,1197662,5,,,1,70,,1197664,5,,,1,30,,1197659,5,,,1,70,,1197661,5,,,1,32,,1197663,5,,,1
27501,'11',1534,,1197672,5,,,1,68,,1197667,5,,,1,32,,1197669,5,,,1,70,,1197671,5,,,1,30,,1197666,5,,,1,70,,1197668,5,,,1,32,,1197670,5,,,1
27501,'12',1534,,1197678,5,,,1,68,,1197675,5,,,1,32,,1197674,5,,,1,70,,1197673,5,,,1,30,,1197679,5,,,1,70,,1197676,5,,,1,32,,1197677,5,,,1
27501,'14',1534,,1197686,5,,,1,68,,1197681,5,,,1,32,,1197683,5,,,1,70,,1197685,5,,,1,30,,1197680,5,,,1,70,,1197682,5,,,1,32,,1197684,5,,,1
27501,'15',1534,,1197692,5,,,1,68,,1197691,5,,,1,32,,1197687,5,,,1,70,,1197689,5,,,1,30,,1197690,5,,,1,70,,1197688,5,,,1,32,,1197693,5,,,1
27501,'16',1534,,1197699,5,,,1,68,,1197696,5,,,1,32,,1197695,5,,,1,70,,1197694,5,,,1,30,,1197700,5,,,1,70,,1197697,5,,,1,32,,1197698,5,,,1
27501,'5',1534,,1197707,5,,,1,68,,1197702,5,,,1,32,,1197704,5,,,1,70,,1197706,5,,,1,30,,1197701,5,,,1,70,,1197703,5,,,1,32,,1197705,5,,,1
27501,'6',1534,,1197712,5,,,1,68,,1197709,5,,,1,32,,1197708,5,,,1,70,,994387,5,,,1,30,,1055033,5,,,1,70,,1197710,5,,,1,32,,1197711,5,,,1
27501,'8',1534,,1197718,5,,,1,68,,1197715,5,,,1,32,,1197714,5,,,1,70,,1197713,5,,,1,30,,1197719,5,,,1,70,,1197716,5,,,1,32,,1197717,5,,,1
27501,'9',1534,,1197726,5,,,1,68,,1197721,5,,,1,32,,1197723,5,,,1,70,,1197725,5,,,1,30,,1197720,5,,,1,70,,1197722,5,,,1,32,,1197724,5,,,1
27900,'1',628,,1100962,33,,,1,102,,1197853,33,,,1,101,,1197854,33,,,1
27900,'10',628,,1100801,33,,,1,102,,1197855,33,,,1,101,,1197856,33,,,1
27900,'11',628,,1100999,33,,,1,102,,1197857,33,,,1,101,,1197858,33,,,1
27900,'12',628,,1197861,33,,,1,102,,1197860,33,,,1,101,,1197859,33,,,1
27900,'14',628,,1197862,33,,,1,102,,1197863,33,,,1,101,,1197864,33,,,1
27900,'15',628,,1197865,33,,,1,102,,1197866,33,,,1,101,,1197867,33,,,1
27900,'16',628,,1197869,33,,,1,102,,1197868,33,,,1,101,,1078738,33,,,1
27900,'5',628,,1100940,33,,,1,102,,1197870,33,,,1,101,,1197871,33,,,1
27900,'6',628,,1197874,33,,,1,102,,1197873,33,,,1,101,,1197872,33,,,1
27900,'8',628,,1197877,33,,,1,102,,1197876,33,,,1,101,,1197875,33,,,1
27900,'9',628,,1100849,33,,,1,102,,1197878,33,,,1,101,,1197879,33,,,1
27901,'1',1553,,1197883,5,,,1,102,,1197880,5,,,1,100,,1197881,5,,,1,99,,1197882,5,,,1
27901,'10',1553,,1197887,5,,,1,102,,1197884,5,,,1,100,,1197885,5,,,1,99,,1197886,5,,,1
27901,'11',1553,,1197891,5,,,1,102,,1197888,5,,,1,100,,1197889,5,,,1,99,,1197890,5,,,1
27901,'12',1553,,1085958,5,,,1,102,,1036342,5,,,1,100,,1197893,5,,,1,99,,1197892,5,,,1
27901,'14',1553,,1197897,5,,,1,102,,1197894,5,,,1,100,,1197895,5,,,1,99,,1197896,5,,,1
27901,'15',1553,,1197899,5,,,1,102,,1197900,5,,,1,100,,1197901,5,,,1,99,,1197898,5,,,1
27901,'16',1553,,1197905,5,,,1,102,,1197903,5,,,1,100,,1197904,5,,,1,99,,1197902,5,,,1
27901,'5',1553,,1197909,5,,,1,102,,1197906,5,,,1,100,,1197907,5,,,1,99,,1197908,5,,,1
27901,'6',1553,,1197912,5,,,1,102,,1197910,5,,,1,100,,1197911,5,,,1,99,,1025203,5,,,1
27901,'8',1553,,1197916,5,,,1,102,,1197914,5,,,1,100,,1197915,5,,,1,99,,1197913,5,,,1
27901,'9',1553,,1197920,5,,,1,102,,1197917,5,,,1,100,,1197918,5,,,1,99,,1197919,5,,,1
30500,'11',1022,,1198197,41,,,1
30500,'15',1022,,1198198,41,,,1
30501,'11',1456,,1198199,22,,,1
30501,'15',1456,,1198200,22,,,1
40600,'14',1734,,1198212,16,,,1,3,,1198212,19,,,1
40600,'15',1734,,1198213,16,,,1,3,,1198213,19,,,1
45600,'15',1636,,1198257,2,,,1,12,,1198265,2,,,1,52,,1198263,2,,,1,12,,1198261,2,,,1,12,,1198260,2,,,1,12,,1198259,2,,,1,15,,1198264,2,,,1,52,,1198262,2,,,1,12,,1198258,2,,,1
67700,'1',733,,1200307,26,,,1
67700,'10',733,,1200309,26,,,1
67700,'11',733,,1200311,26,,,1
67700,'12',733,,1200312,26,,,1
67700,'14',733,,1200314,26,,,1
67700,'15',733,,1200316,26,,,1
67700,'16',733,,1200318,26,,,1
67700,'5',733,,1200320,26,,,1
67700,'6',733,,1200322,26,,,1
67700,'8',733,,1200324,26,,,1
67700,'9',733,,1200326,26,,,1
67701,'1',1420,,1200328,4,,,1
67701,'10',1420,,1200330,4,,,1
67701,'11',1420,,1200332,4,,,1
67701,'12',1420,,1200333,4,,,1
67701,'14',1420,,1200335,4,,,1
67701,'15',1420,,1200337,4,,,1
67701,'16',1420,,1200339,4,,,1
67701,'5',1420,,1200341,4,,,1
67701,'6',1420,,1200343,4,,,1
67701,'8',1420,,1200345,4,,,1
67701,'9',1420,,1200347,4,,,1
68400,'1',1510,,1200491,8,,,1,25,,1200492,8,,,1
68400,'10',1510,,1200493,8,,,1,25,,1200494,8,,,1
68400,'11',1510,,1200495,8,,,1,25,,1200496,8,,,1
68400,'12',1510,,1200497,8,,,1,25,,1200498,8,,,1
68400,'14',1510,,1200499,8,,,1,25,,1200500,8,,,1
68400,'15',1510,,1200502,8,,,1,25,,1200501,8,,,1
68400,'16',1510,,1200503,8,,,1,25,,1200504,8,,,1
68400,'5',1510,,1200505,8,,,1,25,,1200506,8,,,1
68400,'6',1510,,1103484,8,,,1,25,,1077141,8,,,1
68400,'8',1510,,1200507,8,,,1,25,,1200508,8,,,1
68400,'9',1510,,1200509,8,,,1,25,,1200510,8,,,1
68401,'1',830,,1200511,13,,,1
68401,'10',830,,1200512,13,,,1
68401,'11',830,,1200513,13,,,1
68401,'12',830,,1200514,13,,,1
68401,'14',830,,1200515,13,,,1
68401,'15',830,,1200516,13,,,1
68401,'16',830,,1075969,13,,,1
68401,'5',830,,1200517,13,,,1
68401,'6',830,,1200518,13,,,1
68401,'8',830,,1200519,13,,,1
68401,'9',830,,1200520,13,,,1
69000,'1',800,,1200641,2,,,1
69000,'10',800,,1200642,2,,,1
69000,'11',800,,1200643,2,,,1
69000,'12',800,,1200644,2,,,1
69000,'14',800,,1200647,2,,,1
69000,'15',800,,1200649,2,,,1
69000,'16',800,,1200650,2,,,1
69000,'5',800,,1200651,2,,,1
69000,'6',800,,1200652,2,,,1
69000,'8',800,,1200654,2,,,1
69000,'9',800,,1200656,2,,,1
69001,'1',1519,,1200658,26,,,1
69001,'10',1519,,1200660,26,,,1
69001,'11',1519,,1200662,26,,,1
69001,'12',1519,,1200664,26,,,1
69001,'14',1519,,1200666,26,,,1
69001,'15',1519,,1200668,26,,,1
69001,'16',1519,,1200670,26,,,1
69001,'5',1519,,1200672,26,,,1
69001,'6',1519,,1066272,26,,,1
69001,'8',1519,,1200674,26,,,1
69001,'9',1519,,1200676,26,,,1
