900,'1',600,,1110980,1,,,1,29,,1110991,1,,,1,30,,1110993,1,,,1,71,,1110982,1,,,1,29,,1110988,1,,,1,71,,1110979,1,,,1,29,,1110990,1,,,1,71,,1101969,1,,,1,70,,1110971,1,,,1,30,,1110996,1,,,1,70,,1110977,1,,,1,30,,1110975,1,,,1,70,,1068553,1,,,1,30,,1110972,1,,,1,70,,1110976,1,,,1,30,,1085022,1,,,1,70,,1070936,1,,,1,29,,1110992,1,,,1,71,,1110985,1,,,1,30,,1067400,1,,,1,29,,1110994,1,,,1,70,,1110984,1,,,1,71,,1110986,1,,,1,30,,1110974,1,,,1,70,,1110981,1,,,1,30,,1110987,1,,,1,29,,1042013,1,,,1,71,,1110983,1,,,1,29,,1110973,1,,,1,70,,1110995,1,,,1,71,,982481,1,,,1,30,,1110978,1,,,1,70,,1110970,1,,,1,30,,1110989,1,,,1,78,,1110997,1,,,1
900,'10',600,,1111008,1,,,1,29,,1111019,1,,,1,30,,1111021,1,,,1,71,,1111010,1,,,1,29,,1111016,1,,,1,71,,1111007,1,,,1,29,,1111018,1,,,1,71,,1101960,1,,,1,70,,1110999,1,,,1,30,,1111024,1,,,1,70,,1111005,1,,,1,30,,1111003,1,,,1,70,,1068514,1,,,1,30,,1111000,1,,,1,70,,1111004,1,,,1,30,,1084897,1,,,1,70,,1070722,1,,,1,29,,1111020,1,,,1,71,,1111013,1,,,1,30,,1067108,1,,,1,29,,1111022,1,,,1,70,,1111012,1,,,1,71,,1111014,1,,,1,30,,1111002,1,,,1,70,,1111009,1,,,1,30,,1111015,1,,,1,29,,1042125,1,,,1,71,,1111011,1,,,1,29,,1111001,1,,,1,70,,1111023,1,,,1,71,,982300,1,,,1,30,,1111006,1,,,1,70,,1110998,1,,,1,30,,1111017,1,,,1,78,,1111025,1,,,1
900,'11',600,,1111036,1,,,1,29,,1111047,1,,,1,30,,1111049,1,,,1,71,,1111038,1,,,1,29,,1111044,1,,,1,71,,1111035,1,,,1,29,,1111046,1,,,1,71,,1101972,1,,,1,70,,1111027,1,,,1,30,,1111052,1,,,1,70,,1111033,1,,,1,30,,1111031,1,,,1,70,,1068566,1,,,1,30,,1111028,1,,,1,70,,1111032,1,,,1,30,,1085056,1,,,1,70,,1071001,1,,,1,29,,1111048,1,,,1,71,,1111041,1,,,1,30,,1067482,1,,,1,29,,1111050,1,,,1,70,,1111040,1,,,1,71,,1111042,1,,,1,30,,1111030,1,,,1,70,,1111037,1,,,1,30,,1111043,1,,,1,29,,1041982,1,,,1,71,,1111039,1,,,1,29,,1111029,1,,,1,70,,1111051,1,,,1,71,,982450,1,,,1,30,,1111034,1,,,1,70,,1111026,1,,,1,30,,1111045,1,,,1,78,,1111053,1,,,1
900,'12',600,,1111067,1,,,1,29,,1111065,1,,,1,30,,1111058,1,,,1,71,,1084094,1,,,1,29,,1111064,1,,,1,71,,1111056,1,,,1,29,,1111066,1,,,1,71,,1111069,1,,,1,70,,1111057,1,,,1,30,,1111086,1,,,1,70,,1111083,1,,,1,30,,1111060,1,,,1,70,,1111085,1,,,1,30,,1111071,1,,,1,70,,1111077,1,,,1,30,,1111076,1,,,1,70,,1111063,1,,,1,29,,1111081,1,,,1,71,,1111073,1,,,1,30,,1111055,1,,,1,29,,1111054,1,,,1,70,,1111059,1,,,1,71,,1111078,1,,,1,30,,1111079,1,,,1,70,,1111084,1,,,1,30,,1111072,1,,,1,29,,1111074,1,,,1,71,,1111062,1,,,1,29,,1111082,1,,,1,70,,1111061,1,,,1,71,,1111075,1,,,1,30,,1111068,1,,,1,70,,1111080,1,,,1,30,,998116,1,,,1,78,,1111070,1,,,1
900,'13',820,,1111092,1,,,1,30,,1111089,1,,,1,70,,1111093,1,,,1,30,,1111107,1,,,1,70,,1111099,1,,,1,30,,1111095,1,,,1,70,,1111100,1,,,1,30,,1111094,1,,,1,70,,1111108,1,,,1,30,,1111087,1,,,1,70,,1111103,1,,,1,30,,1111111,1,,,1,70,,1111112,1,,,1,30,,1111096,1,,,1,70,,1111109,1,,,1,30,,1111097,1,,,1,70,,1111104,1,,,1,30,,1111106,1,,,1,70,,1111113,1,,,1,30,,1111102,1,,,1,70,,1111098,1,,,1,30,,1111088,1,,,1,70,,1111110,1,,,1,30,,1111105,1,,,1,70,,1111101,1,,,1,100,,1111091,1,,,1,100,,1111090,1,,,1
900,'14',600,,1111129,1,,,1,29,,1111141,1,,,1,30,,1111143,1,,,1,71,,1111131,1,,,1,29,,1111138,1,,,1,71,,1111128,1,,,1,29,,1111140,1,,,1,71,,1111147,1,,,1,70,,1111115,1,,,1,30,,1111146,1,,,1,70,,1111126,1,,,1,30,,1111124,1,,,1,70,,1111118,1,,,1,30,,1111116,1,,,1,70,,1111125,1,,,1,30,,1111117,1,,,1,70,,1111121,1,,,1,29,,1111142,1,,,1,71,,1111134,1,,,1,30,,1111123,1,,,1,29,,1111144,1,,,1,70,,1111133,1,,,1,71,,1111135,1,,,1,30,,1111122,1,,,1,70,,1111130,1,,,1,30,,1111137,1,,,1,29,,1111136,1,,,1,71,,1111132,1,,,1,29,,1111119,1,,,1,70,,1111145,1,,,1,71,,1111120,1,,,1,30,,1111127,1,,,1,70,,1111114,1,,,1,30,,1111139,1,,,1,78,,1111148,1,,,1
900,'15',600,,1111180,1,,,1,29,,1111149,1,,,1,30,,1111181,1,,,1,71,,1111167,1,,,1,29,,1111165,1,,,1,71,,1111173,1,,,1,29,,1111170,1,,,1,71,,1111171,1,,,1,70,,1111183,1,,,1,30,,1111162,1,,,1,70,,1111172,1,,,1,30,,1111150,1,,,1,70,,1111182,1,,,1,30,,1111160,1,,,1,70,,1111166,1,,,1,30,,1111152,1,,,1,70,,1111179,1,,,1,29,,1111159,1,,,1,71,,1111175,1,,,1,30,,1111153,1,,,1,29,,1111168,1,,,1,70,,1111157,1,,,1,71,,1111178,1,,,1,30,,1111163,1,,,1,70,,1111176,1,,,1,30,,1111161,1,,,1,29,,1111154,1,,,1,71,,1111169,1,,,1,29,,1111155,1,,,1,70,,1111156,1,,,1,71,,1111164,1,,,1,30,,1111158,1,,,1,70,,1111174,1,,,1,30,,1111177,1,,,1,78,,1111151,1,,,1
900,'16',600,,1111195,1,,,1,29,,1111193,1,,,1,30,,1111187,1,,,1,71,,1111184,1,,,1,29,,1111192,1,,,1,71,,1111185,1,,,1,29,,1111194,1,,,1,71,,1111197,1,,,1,70,,1111186,1,,,1,30,,1064723,1,,,1,70,,1111210,1,,,1,30,,1111189,1,,,1,70,,1111212,1,,,1,30,,1111199,1,,,1,70,,1111204,1,,,1,30,,1111203,1,,,1,70,,1111191,1,,,1,29,,1111208,1,,,1,71,,1025125,1,,,1,30,,1016329,1,,,1,29,,1088168,1,,,1,70,,1081705,1,,,1,71,,1111205,1,,,1,30,,1111206,1,,,1,70,,1111211,1,,,1,30,,1111200,1,,,1,29,,1111201,1,,,1,71,,1111190,1,,,1,29,,1111209,1,,,1,70,,1096464,1,,,1,71,,1111202,1,,,1,30,,1111196,1,,,1,70,,1111207,1,,,1,30,,1111188,1,,,1,78,,1111198,1,,,1
900,'17',820,,1111218,1,,,1,30,,1111215,1,,,1,70,,1111219,1,,,1,30,,1111233,1,,,1,70,,1111225,1,,,1,30,,1111221,1,,,1,70,,1111226,1,,,1,30,,1111220,1,,,1,70,,1111234,1,,,1,30,,1111213,1,,,1,70,,1111229,1,,,1,30,,1111237,1,,,1,70,,1111238,1,,,1,30,,1111222,1,,,1,70,,1111235,1,,,1,30,,1111223,1,,,1,70,,1111230,1,,,1,30,,1111232,1,,,1,70,,1111239,1,,,1,30,,1111228,1,,,1,70,,1111224,1,,,1,30,,1111214,1,,,1,70,,1111236,1,,,1,30,,1111231,1,,,1,70,,1111227,1,,,1,100,,1111217,1,,,1,100,,1111216,1,,,1
900,'2',645,,1111265,1,,,1,100,,1111268,1,,,1,70,,1111247,1,,,1,30,,1111250,1,,,1,70,,1111254,1,,,1,30,,1098013,1,,,1,70,,1111248,1,,,1,30,,1111269,1,,,1,70,,1111266,1,,,1,30,,1111255,1,,,1,70,,1111256,1,,,1,30,,1111260,1,,,1,70,,1111259,1,,,1,30,,1111262,1,,,1,70,,1111244,1,,,1,30,,1111243,1,,,1,70,,1111242,1,,,1,30,,1111258,1,,,1,70,,1111241,1,,,1,30,,1111263,1,,,1,70,,1111253,1,,,1,30,,1111261,1,,,1,70,,1111252,1,,,1,30,,1111240,1,,,1,70,,1111249,1,,,1,30,,1111264,1,,,1,70,,1111245,1,,,1,30,,1111257,1,,,1,70,,1111267,1,,,1,100,,1111246,1,,,1,100,,1111251,1,,,1
900,'3',820,,1111275,1,,,1,30,,1111272,1,,,1,70,,1111276,1,,,1,30,,1111290,1,,,1,70,,1111282,1,,,1,30,,1111278,1,,,1,70,,1111283,1,,,1,30,,1111277,1,,,1,70,,1111291,1,,,1,30,,1111270,1,,,1,70,,1111286,1,,,1,30,,1111294,1,,,1,70,,1111295,1,,,1,30,,1111279,1,,,1,70,,1111292,1,,,1,30,,1111280,1,,,1,70,,1111287,1,,,1,30,,1111289,1,,,1,70,,1111296,1,,,1,30,,1111285,1,,,1,70,,1111281,1,,,1,30,,1111271,1,,,1,70,,1111293,1,,,1,30,,1111288,1,,,1,70,,1111284,1,,,1,100,,1111274,1,,,1,100,,1111273,1,,,1
900,'4',820,,1111305,1,,,1,30,,1111307,1,,,1,70,,1111318,1,,,1,30,,1111317,1,,,1,70,,1111315,1,,,1,30,,1111319,1,,,1,70,,1111309,1,,,1,30,,1111313,1,,,1,70,,1111297,1,,,1,30,,1111304,1,,,1,70,,1111310,1,,,1,30,,1111299,1,,,1,70,,1111316,1,,,1,30,,1111312,1,,,1,70,,1111314,1,,,1,30,,1111306,1,,,1,70,,1111311,1,,,1,30,,1111308,1,,,1,70,,1111302,1,,,1,30,,1111303,1,,,1,70,,1111301,1,,,1,30,,1035817,1,,,1,70,,1111298,1,,,1,30,,1111320,1,,,1,70,,1111321,1,,,1,100,,1101574,1,,,1,100,,1111300,1,,,1
900,'5',600,,1111332,1,,,1,29,,1111343,1,,,1,30,,1111345,1,,,1,71,,1111334,1,,,1,29,,1111340,1,,,1,71,,1111331,1,,,1,29,,1111342,1,,,1,71,,1101966,1,,,1,70,,1111323,1,,,1,30,,1111348,1,,,1,70,,1111329,1,,,1,30,,1111327,1,,,1,70,,1068540,1,,,1,30,,1111324,1,,,1,70,,1111328,1,,,1,30,,1085002,1,,,1,70,,1070897,1,,,1,29,,1111344,1,,,1,71,,1111337,1,,,1,30,,1067359,1,,,1,29,,1111346,1,,,1,70,,1111336,1,,,1,71,,1111338,1,,,1,30,,1111326,1,,,1,70,,1111333,1,,,1,30,,1111339,1,,,1,29,,1041813,1,,,1,71,,1111335,1,,,1,29,,1111325,1,,,1,70,,1111347,1,,,1,71,,982574,1,,,1,30,,1111330,1,,,1,70,,1111322,1,,,1,30,,1111341,1,,,1,78,,1111349,1,,,1
900,'6',600,,1111362,1,,,1,29,,1111360,1,,,1,30,,1111353,1,,,1,71,,1111350,1,,,1,29,,1111359,1,,,1,71,,1068699,1,,,1,29,,1111361,1,,,1,71,,1111364,1,,,1,70,,1045949,1,,,1,30,,1111380,1,,,1,70,,1111378,1,,,1,30,,1032572,1,,,1,70,,1111379,1,,,1,30,,1111366,1,,,1,70,,1111372,1,,,1,30,,1111371,1,,,1,70,,1111358,1,,,1,29,,1111376,1,,,1,71,,1111368,1,,,1,30,,1111352,1,,,1,29,,1111351,1,,,1,70,,1111355,1,,,1,71,,1111373,1,,,1,30,,1111374,1,,,1,70,,1096526,1,,,1,30,,1111367,1,,,1,29,,1111369,1,,,1,71,,1111357,1,,,1,29,,1111377,1,,,1,70,,1111356,1,,,1,71,,1111370,1,,,1,30,,1111363,1,,,1,70,,1111375,1,,,1,30,,1111354,1,,,1,78,,1111365,1,,,1
900,'7',645,,1111409,1,,,1,100,,1111407,1,,,1,70,,1111391,1,,,1,30,,1111387,1,,,1,70,,1111390,1,,,1,30,,1111401,1,,,1,70,,1111403,1,,,1,30,,1111408,1,,,1,70,,1111393,1,,,1,30,,1111383,1,,,1,70,,1111385,1,,,1,30,,1111406,1,,,1,70,,1111388,1,,,1,30,,1111410,1,,,1,70,,1111411,1,,,1,30,,1111397,1,,,1,70,,1111384,1,,,1,30,,1111400,1,,,1,70,,1111389,1,,,1,30,,1111405,1,,,1,70,,1111396,1,,,1,30,,1111395,1,,,1,70,,1111392,1,,,1,30,,1111399,1,,,1,70,,1111382,1,,,1,30,,1111386,1,,,1,70,,1111394,1,,,1,30,,1111402,1,,,1,70,,1111404,1,,,1,100,,1111381,1,,,1,100,,1111398,1,,,1
900,'8',600,,1111427,1,,,1,29,,1111425,1,,,1,30,,1111417,1,,,1,71,,1111412,1,,,1,29,,1111424,1,,,1,71,,1111415,1,,,1,29,,1111426,1,,,1,71,,1111429,1,,,1,70,,1111416,1,,,1,30,,1111446,1,,,1,70,,1111443,1,,,1,30,,1111420,1,,,1,70,,1111445,1,,,1,30,,1111431,1,,,1,70,,1111437,1,,,1,30,,1111436,1,,,1,70,,1111423,1,,,1,29,,1111441,1,,,1,71,,1111433,1,,,1,30,,1111414,1,,,1,29,,1111413,1,,,1,70,,1111419,1,,,1,71,,1111438,1,,,1,30,,1111439,1,,,1,70,,1111444,1,,,1,30,,1111432,1,,,1,29,,1111434,1,,,1,71,,1111422,1,,,1,29,,1111442,1,,,1,70,,1111421,1,,,1,71,,1111435,1,,,1,30,,1111428,1,,,1,70,,1111440,1,,,1,30,,1111418,1,,,1,78,,1111430,1,,,1
900,'9',600,,1111457,1,,,1,29,,1111468,1,,,1,30,,1111470,1,,,1,71,,1111459,1,,,1,29,,1111465,1,,,1,71,,1111456,1,,,1,29,,1111467,1,,,1,71,,1101963,1,,,1,70,,1111448,1,,,1,30,,1111473,1,,,1,70,,1111454,1,,,1,30,,1111452,1,,,1,70,,1068527,1,,,1,30,,1111449,1,,,1,70,,1111453,1,,,1,30,,1084935,1,,,1,70,,1070789,1,,,1,29,,1111469,1,,,1,71,,1111462,1,,,1,30,,1067200,1,,,1,29,,1111471,1,,,1,70,,1111461,1,,,1,71,,1111463,1,,,1,30,,1111451,1,,,1,70,,1111458,1,,,1,30,,1111464,1,,,1,29,,1042044,1,,,1,71,,1111460,1,,,1,29,,1111450,1,,,1,70,,1111472,1,,,1,71,,982543,1,,,1,30,,1111455,1,,,1,70,,1111447,1,,,1,30,,1111466,1,,,1,78,,1111474,1,,,1
901,'1',553,,1111476,28,4,,1,71,,1111480,28,4,,1,32,,1076289,28,4,,1,73,,1111502,28,4,,1,75,,1111484,28,4,,1,33,,1111505,28,4,,1,70,,1111478,28,4,,1,28,,1111501,28,4,,1,24,,1111495,28,4,,1,68,,1074073,28,4,,1,30,,1111489,28,4,,1,71,,1065786,28,4,,1,30,,1111491,28,4,,1,71,,1111497,28,4,,1,72,,1111503,28,4,,1,32,,1111499,28,4,,1,71,,1111496,28,4,,1,31,,1111475,28,4,,1,74,,1111498,28,4,,1,34,,1111482,28,4,,1,74,,1111485,28,4,,1,33,,1111492,28,4,,1,69,,1102257,28,4,,1,28,,1111486,28,4,,1,64,,1095633,28,4,,1,27,,1111483,28,4,,1,66,,1111488,28,4,,1,26,,1111504,28,4,,1,26,,1111490,28,4,,1,67,,1111481,28,4,,1,29,,1111500,28,4,,1,69,,1111477,28,4,,1,30,,1111493,28,4,,1,70,,1111494,28,4,,1,30,,1111487,28,4,,1,70,,1111479,28,4,,1
901,'10',553,,1111507,28,4,,1,71,,1111511,28,4,,1,32,,1076078,28,4,,1,73,,1111533,28,4,,1,75,,1111515,28,4,,1,33,,1111536,28,4,,1,70,,1111509,28,4,,1,28,,1111532,28,4,,1,24,,1111526,28,4,,1,68,,1073943,28,4,,1,30,,1111520,28,4,,1,71,,1065582,28,4,,1,30,,1111522,28,4,,1,71,,1111528,28,4,,1,72,,1111534,28,4,,1,32,,1111530,28,4,,1,71,,1111527,28,4,,1,31,,1111506,28,4,,1,74,,1111529,28,4,,1,34,,1111513,28,4,,1,74,,1111516,28,4,,1,33,,1111523,28,4,,1,69,,1102239,28,4,,1,28,,1111517,28,4,,1,64,,1095399,28,4,,1,27,,1111514,28,4,,1,66,,1111519,28,4,,1,26,,1111535,28,4,,1,26,,1111521,28,4,,1,67,,1111512,28,4,,1,29,,1111531,28,4,,1,69,,1111508,28,4,,1,30,,1111524,28,4,,1,70,,1111525,28,4,,1,30,,1111518,28,4,,1,70,,1111510,28,4,,1
901,'11',553,,1111538,28,4,,1,71,,1111542,28,4,,1,32,,1076354,28,4,,1,73,,1111564,28,4,,1,75,,1111546,28,4,,1,33,,1111567,28,4,,1,70,,1111540,28,4,,1,28,,1111563,28,4,,1,24,,1111557,28,4,,1,68,,1074108,28,4,,1,30,,1111551,28,4,,1,71,,1065845,28,4,,1,30,,1111553,28,4,,1,71,,1111559,28,4,,1,72,,1111565,28,4,,1,32,,1111561,28,4,,1,71,,1111558,28,4,,1,31,,1111537,28,4,,1,74,,1111560,28,4,,1,34,,1111544,28,4,,1,74,,1111547,28,4,,1,33,,1111554,28,4,,1,69,,1102263,28,4,,1,28,,1111548,28,4,,1,64,,1095706,28,4,,1,27,,1111545,28,4,,1,66,,1111550,28,4,,1,26,,1111566,28,4,,1,26,,1111552,28,4,,1,67,,1111543,28,4,,1,29,,1111562,28,4,,1,69,,1111539,28,4,,1,30,,1111555,28,4,,1,70,,1111556,28,4,,1,30,,1111549,28,4,,1,70,,1111541,28,4,,1
901,'12',553,,1111583,28,4,,1,71,,1111576,28,4,,1,32,,1111578,28,4,,1,73,,1032377,28,4,,1,75,,891144,28,4,,1,33,,1111594,28,4,,1,70,,951539,28,4,,1,28,,1111574,28,4,,1,24,,1090431,28,4,,1,68,,1111589,28,4,,1,30,,1111575,28,4,,1,71,,1111580,28,4,,1,30,,1111588,28,4,,1,71,,1111569,28,4,,1,72,,1111570,28,4,,1,32,,1111592,28,4,,1,71,,1111595,28,4,,1,31,,1111571,28,4,,1,74,,1111587,28,4,,1,34,,1069057,28,4,,1,74,,1111573,28,4,,1,33,,1074240,28,4,,1,69,,1111584,28,4,,1,28,,1111590,28,4,,1,64,,1111585,28,4,,1,27,,1111591,28,4,,1,66,,1111596,28,4,,1,26,,1111581,28,4,,1,26,,1111572,28,4,,1,67,,1111586,28,4,,1,29,,1111593,28,4,,1,69,,1111568,28,4,,1,30,,1079490,28,4,,1,70,,1111577,28,4,,1,30,,1111582,28,4,,1,70,,1111579,28,4,,1
901,'13',805,,1111614,28,4,,1,111,,1089421,28,4,,1,30,,1079459,28,4,,1,70,,1111609,28,4,,1,30,,1111607,28,4,,1,70,,1111611,28,4,,1,30,,1111606,28,4,,1,70,,1111600,28,4,,1,31,,1111604,28,4,,1,70,,1004326,28,4,,1,30,,1111598,28,4,,1,70,,1111620,28,4,,1,29,,1111618,28,4,,1,70,,1111599,28,4,,1,30,,1111610,28,4,,1,70,,1111616,28,4,,1,30,,1111605,28,4,,1,70,,1111601,28,4,,1,30,,1111603,28,4,,1,70,,1111615,28,4,,1,30,,1111602,28,4,,1,70,,1111612,28,4,,1,30,,1111608,28,4,,1,70,,1111597,28,4,,1,30,,1075365,28,4,,1,70,,1111619,28,4,,1,100,,1111617,28,4,,1,100,,1111613,28,4,,1
901,'14',553,,1111623,28,4,,1,71,,1111628,28,4,,1,32,,1111626,28,4,,1,73,,1111651,28,4,,1,75,,1111632,28,4,,1,33,,1111655,28,4,,1,70,,1111625,28,4,,1,28,,1111650,28,4,,1,24,,1111644,28,4,,1,68,,1111634,28,4,,1,30,,1111638,28,4,,1,71,,1111622,28,4,,1,30,,1111640,28,4,,1,71,,1111646,28,4,,1,72,,1111652,28,4,,1,32,,1111648,28,4,,1,71,,1111645,28,4,,1,31,,1111621,28,4,,1,74,,1111647,28,4,,1,34,,1111630,28,4,,1,74,,1111633,28,4,,1,33,,1111641,28,4,,1,69,,1111656,28,4,,1,28,,1111635,28,4,,1,64,,1111654,28,4,,1,27,,1111631,28,4,,1,66,,1111637,28,4,,1,26,,1111653,28,4,,1,26,,1111639,28,4,,1,67,,1111629,28,4,,1,29,,1111649,28,4,,1,69,,1111624,28,4,,1,30,,1111642,28,4,,1,70,,1111643,28,4,,1,30,,1111636,28,4,,1,70,,1111627,28,4,,1
901,'15',553,,1111676,28,4,,1,71,,1111681,28,4,,1,32,,1111664,28,4,,1,73,,1111682,28,4,,1,75,,1111687,28,4,,1,33,,1111665,28,4,,1,70,,1111658,28,4,,1,28,,1111659,28,4,,1,24,,1111691,28,4,,1,68,,1111683,28,4,,1,30,,1111679,28,4,,1,71,,1111663,28,4,,1,30,,1111685,28,4,,1,71,,1111678,28,4,,1,72,,1111688,28,4,,1,32,,1111672,28,4,,1,71,,1111686,28,4,,1,31,,1111673,28,4,,1,74,,1111674,28,4,,1,34,,1111690,28,4,,1,74,,1111657,28,4,,1,33,,1111666,28,4,,1,69,,1111689,28,4,,1,28,,1111670,28,4,,1,64,,1111662,28,4,,1,27,,1111684,28,4,,1,66,,1111680,28,4,,1,26,,1111661,28,4,,1,26,,1111692,28,4,,1,67,,1111668,28,4,,1,29,,1111660,28,4,,1,69,,1111675,28,4,,1,30,,1111667,28,4,,1,70,,1111669,28,4,,1,30,,1111671,28,4,,1,70,,1111677,28,4,,1
901,'16',553,,1111712,28,4,,1,71,,1111705,28,4,,1,32,,1111707,28,4,,1,73,,1111700,28,4,,1,75,,1111724,28,4,,1,33,,1111722,28,4,,1,70,,1111702,28,4,,1,28,,1111703,28,4,,1,24,,1111697,28,4,,1,68,,1111717,28,4,,1,30,,1111704,28,4,,1,71,,1111709,28,4,,1,30,,1111716,28,4,,1,71,,1111696,28,4,,1,72,,1111698,28,4,,1,32,,1111720,28,4,,1,71,,1111723,28,4,,1,31,,1111699,28,4,,1,74,,1111715,28,4,,1,34,,1111693,28,4,,1,74,,1111701,28,4,,1,33,,1111695,28,4,,1,69,,1111713,28,4,,1,28,,1111718,28,4,,1,64,,1111714,28,4,,1,27,,1111719,28,4,,1,66,,1094855,28,4,,1,26,,1111710,28,4,,1,26,,1088828,28,4,,1,67,,1078755,28,4,,1,29,,1111721,28,4,,1,69,,1072364,28,4,,1,30,,1111694,28,4,,1,70,,1111706,28,4,,1,30,,1111711,28,4,,1,70,,1111708,28,4,,1
901,'17',805,,1111744,28,4,,1,111,,1111726,28,4,,1,30,,1111729,28,4,,1,70,,1111739,28,4,,1,30,,1111737,28,4,,1,70,,1111741,28,4,,1,30,,1111736,28,4,,1,70,,1111730,28,4,,1,31,,1111734,28,4,,1,70,,1111751,28,4,,1,30,,1111727,28,4,,1,70,,1111752,28,4,,1,29,,1111748,28,4,,1,70,,1111728,28,4,,1,30,,1111740,28,4,,1,70,,1111746,28,4,,1,30,,1111735,28,4,,1,70,,1111731,28,4,,1,30,,1111733,28,4,,1,70,,1111745,28,4,,1,30,,1111732,28,4,,1,70,,1111742,28,4,,1,30,,1111738,28,4,,1,70,,1111725,28,4,,1,30,,1111750,28,4,,1,70,,1111749,28,4,,1,100,,1111747,28,4,,1,100,,1111743,28,4,,1
901,'2',710,,1111776,28,4,,1,30,,1111760,28,4,,1,101,,1111777,28,4,,1,70,,1063825,28,4,,1,30,,1111759,28,4,,1,70,,1111772,28,4,,1,30,,1111758,28,4,,1,70,,1111754,28,4,,1,30,,1111766,28,4,,1,70,,1111775,28,4,,1,31,,1092041,28,4,,1,70,,1111763,28,4,,1,30,,1111753,28,4,,1,70,,1111765,28,4,,1,29,,1035732,28,4,,1,70,,1111757,28,4,,1,30,,1111767,28,4,,1,70,,1111768,28,4,,1,30,,1111771,28,4,,1,70,,1111769,28,4,,1,30,,1111755,28,4,,1,70,,1049650,28,4,,1,30,,1111773,28,4,,1,70,,1111761,28,4,,1,30,,1111764,28,4,,1,70,,1111770,28,4,,1,30,,1111762,28,4,,1,70,,1111774,28,4,,1,100,,1111778,28,4,,1,100,,1070761,28,4,,1,99,,1111756,28,4,,1
901,'3',805,,1111798,28,4,,1,111,,1111780,28,4,,1,30,,1111783,28,4,,1,70,,1111793,28,4,,1,30,,1111791,28,4,,1,70,,1111795,28,4,,1,30,,1111790,28,4,,1,70,,1111784,28,4,,1,31,,1111788,28,4,,1,70,,1111805,28,4,,1,30,,1111781,28,4,,1,70,,1111806,28,4,,1,29,,1111802,28,4,,1,70,,1111782,28,4,,1,30,,1111794,28,4,,1,70,,1111800,28,4,,1,30,,1111789,28,4,,1,70,,1111785,28,4,,1,30,,1111787,28,4,,1,70,,1111799,28,4,,1,30,,1111786,28,4,,1,70,,1111796,28,4,,1,30,,1111792,28,4,,1,70,,1111779,28,4,,1,30,,1111804,28,4,,1,70,,1111803,28,4,,1,100,,1111801,28,4,,1,100,,1111797,28,4,,1
901,'4',805,,1111830,28,4,,1,111,,1064630,28,4,,1,30,,1111817,28,4,,1,70,,1111816,28,4,,1,30,,1111820,28,4,,1,70,,1111812,28,4,,1,30,,1111810,28,4,,1,70,,1111824,28,4,,1,31,,1111818,28,4,,1,70,,1111809,28,4,,1,30,,1111822,28,4,,1,70,,1111814,28,4,,1,29,,1111815,28,4,,1,70,,1111819,28,4,,1,30,,1111821,28,4,,1,70,,1111813,28,4,,1,30,,1111808,28,4,,1,70,,1111829,28,4,,1,30,,1111823,28,4,,1,70,,1111827,28,4,,1,30,,1111826,28,4,,1,70,,1111828,28,4,,1,30,,1035835,28,4,,1,70,,1111811,28,4,,1,30,,1094528,28,4,,1,70,,1096345,28,4,,1,100,,1111825,28,4,,1,100,,1111807,28,4,,1
901,'5',553,,1111832,28,4,,1,71,,1111836,28,4,,1,32,,1076253,28,4,,1,73,,1111858,28,4,,1,75,,1111840,28,4,,1,33,,1111861,28,4,,1,70,,1111834,28,4,,1,28,,1111857,28,4,,1,24,,1111851,28,4,,1,68,,1074054,28,4,,1,30,,1111845,28,4,,1,71,,1065752,28,4,,1,30,,1111847,28,4,,1,71,,1111853,28,4,,1,72,,1111859,28,4,,1,32,,1111855,28,4,,1,71,,1111852,28,4,,1,31,,1111831,28,4,,1,74,,1111854,28,4,,1,34,,1111838,28,4,,1,74,,1111841,28,4,,1,33,,1111848,28,4,,1,69,,1102251,28,4,,1,28,,1111842,28,4,,1,64,,1095586,28,4,,1,27,,1111839,28,4,,1,66,,1111844,28,4,,1,26,,1111860,28,4,,1,26,,1111846,28,4,,1,67,,1111837,28,4,,1,29,,1111856,28,4,,1,69,,1111833,28,4,,1,30,,1111849,28,4,,1,70,,1111850,28,4,,1,30,,1111843,28,4,,1,70,,1111835,28,4,,1
901,'6',553,,1111880,28,4,,1,71,,1111873,28,4,,1,32,,1111875,28,4,,1,73,,1111869,28,4,,1,75,,1111893,28,4,,1,33,,1111890,28,4,,1,70,,1111870,28,4,,1,28,,1111871,28,4,,1,24,,1111866,28,4,,1,68,,1111885,28,4,,1,30,,1111872,28,4,,1,71,,1111877,28,4,,1,30,,1111884,28,4,,1,71,,1096868,28,4,,1,72,,1065885,28,4,,1,32,,1111888,28,4,,1,71,,1111891,28,4,,1,31,,1111867,28,4,,1,74,,1111883,28,4,,1,34,,1111862,28,4,,1,74,,1047694,28,4,,1,33,,1111865,28,4,,1,69,,1076054,28,4,,1,28,,1111886,28,4,,1,64,,1111881,28,4,,1,27,,1111887,28,4,,1,66,,1111892,28,4,,1,26,,1111878,28,4,,1,26,,1111868,28,4,,1,67,,1111882,28,4,,1,29,,1111889,28,4,,1,69,,1111864,28,4,,1,30,,1111863,28,4,,1,70,,1111874,28,4,,1,30,,1111879,28,4,,1,70,,1111876,28,4,,1
901,'7',710,,1111903,28,4,,1,30,,1111916,28,4,,1,101,,1111923,28,4,,1,70,,1111906,28,4,,1,30,,1111905,28,4,,1,70,,1111897,28,4,,1,30,,1111913,28,4,,1,70,,1111899,28,4,,1,30,,1111908,28,4,,1,70,,1111924,28,4,,1,31,,1111918,28,4,,1,70,,1111894,28,4,,1,30,,1111904,28,4,,1,70,,1111909,28,4,,1,29,,1111896,28,4,,1,70,,1111910,28,4,,1,30,,1111917,28,4,,1,70,,1111914,28,4,,1,30,,1111900,28,4,,1,70,,1111915,28,4,,1,30,,1111911,28,4,,1,70,,1111901,28,4,,1,30,,1111895,28,4,,1,70,,1111922,28,4,,1,30,,1111919,28,4,,1,70,,1111902,28,4,,1,30,,1111898,28,4,,1,70,,1111920,28,4,,1,100,,1111907,28,4,,1,100,,1111912,28,4,,1,99,,1111921,28,4,,1
901,'8',553,,1111946,28,4,,1,71,,1111939,28,4,,1,32,,1111941,28,4,,1,73,,1111934,28,4,,1,75,,1111960,28,4,,1,33,,1111957,28,4,,1,70,,1111936,28,4,,1,28,,1111937,28,4,,1,24,,1111930,28,4,,1,68,,1111952,28,4,,1,30,,1111938,28,4,,1,71,,1111943,28,4,,1,30,,1111951,28,4,,1,71,,1111929,28,4,,1,72,,1111931,28,4,,1,32,,1111955,28,4,,1,71,,1111958,28,4,,1,31,,1111932,28,4,,1,74,,1111950,28,4,,1,34,,1111925,28,4,,1,74,,1111935,28,4,,1,33,,1111928,28,4,,1,69,,1111947,28,4,,1,28,,1111953,28,4,,1,64,,1111948,28,4,,1,27,,1111954,28,4,,1,66,,1111959,28,4,,1,26,,1111944,28,4,,1,26,,1111933,28,4,,1,67,,1111949,28,4,,1,29,,1111956,28,4,,1,69,,1111927,28,4,,1,30,,1111926,28,4,,1,70,,1111940,28,4,,1,30,,1111945,28,4,,1,70,,1111942,28,4,,1
901,'9',553,,1111962,28,4,,1,71,,1111966,28,4,,1,32,,1076142,28,4,,1,73,,1111988,28,4,,1,75,,1111970,28,4,,1,33,,1111991,28,4,,1,70,,1111964,28,4,,1,28,,1111987,28,4,,1,24,,1111981,28,4,,1,68,,1073977,28,4,,1,30,,1111975,28,4,,1,71,,1065645,28,4,,1,30,,1111977,28,4,,1,71,,1111983,28,4,,1,72,,1111989,28,4,,1,32,,1111985,28,4,,1,71,,1111982,28,4,,1,31,,1111961,28,4,,1,74,,1111984,28,4,,1,34,,1111968,28,4,,1,74,,1111971,28,4,,1,33,,1111978,28,4,,1,69,,1102245,28,4,,1,28,,1111972,28,4,,1,64,,1095474,28,4,,1,27,,1111969,28,4,,1,66,,1111974,28,4,,1,26,,1111990,28,4,,1,26,,1111976,28,4,,1,67,,1111967,28,4,,1,29,,1111986,28,4,,1,69,,1111963,28,4,,1,30,,1111979,28,4,,1,70,,1111980,28,4,,1,30,,1111973,28,4,,1,70,,1111965,28,4,,1
1000,'1',619,,1112043,27,4,,1,34,,1111997,51,4,,1,60,,1025825,27,4,,1,15,,1111998,51,4,,1,26,,1112032,27,4,,1,51,,1067741,51,4,,1,22,,1112024,27,4,,1,16,,1112008,51,4,,1,16,,1112030,27,4,,1,57,,1112018,51,4,,1,16,,1112040,27,4,,1,16,,1112041,51,4,,1,7,,1112001,27,4,,1,56,,1063122,51,4,,1,13,,1112009,27,4,,1,14,,1112010,51,4,,1,13,,1112015,27,4,,1,55,,1112042,51,4,,1,16,,1112036,27,4,,1,15,,1112017,51,4,,1,16,,1112037,27,4,,1,54,,1112003,51,4,,1,15,,953334,27,4,,1,15,,1112038,51,4,,1,14,,1112031,27,4,,1,56,,1112022,51,4,,1,16,,1084446,27,4,,1,17,,1112033,51,4,,1,15,,1112026,27,4,,1,55,,1111996,51,4,,1,17,,1084756,27,4,,1,16,,1112028,51,4,,1,60,,1112039,27,4,,1,14,,1112000,51,4,,1,19,,1111999,27,4,,1,11,,1112012,51,4,,1,61,,1071928,27,4,,1,14,,1112005,51,4,,1,14,,1111993,27,4,,1,18,,1112021,51,4,,1,56,,1093427,27,4,,1,17,,1112006,51,4,,1,15,,1112002,27,4,,1,15,,1112016,51,4,,1,52,,1112007,27,4,,1,17,,1112035,51,4,,1,9,,1094606,27,4,,1,14,,1112029,51,4,,1,67,,1112020,51,4,,1,31,,1112027,51,4,,1,62,,1112011,51,4,,1,30,,1112019,51,4,,1,68,,1112034,51,4,,1,28,,1111994,51,4,,1,70,,1112014,51,4,,1,30,,1111992,51,4,,1,69,,1112025,51,4,,1,27,,1112004,51,4,,1,25,,1112023,51,4,,1,59,,1111995,27,4,,1
1000,'10',619,,1112095,27,4,,1,34,,1112049,51,4,,1,60,,1025941,27,4,,1,15,,1112050,51,4,,1,26,,1112084,27,4,,1,51,,1067690,51,4,,1,22,,1112076,27,4,,1,16,,1112060,51,4,,1,16,,1112082,27,4,,1,57,,1112070,51,4,,1,16,,1112092,27,4,,1,16,,1112093,51,4,,1,7,,1112053,27,4,,1,56,,1062780,51,4,,1,13,,1112061,27,4,,1,14,,1112062,51,4,,1,13,,1112067,27,4,,1,55,,1112094,51,4,,1,16,,1112088,27,4,,1,15,,1112069,51,4,,1,16,,1112089,27,4,,1,54,,1112055,51,4,,1,15,,953160,27,4,,1,15,,1112090,51,4,,1,14,,1112083,27,4,,1,56,,1112074,51,4,,1,16,,1084262,27,4,,1,17,,1112085,51,4,,1,15,,1112078,27,4,,1,55,,1112048,51,4,,1,17,,1084585,27,4,,1,16,,1112080,51,4,,1,60,,1112091,27,4,,1,14,,1112052,51,4,,1,19,,1112051,27,4,,1,11,,1112064,51,4,,1,61,,1071782,27,4,,1,14,,1112057,51,4,,1,14,,1112045,27,4,,1,18,,1112073,51,4,,1,56,,1093111,27,4,,1,17,,1112058,51,4,,1,15,,1112054,27,4,,1,15,,1112068,51,4,,1,52,,1112059,27,4,,1,17,,1112087,51,4,,1,9,,1094436,27,4,,1,14,,1112081,51,4,,1,67,,1112072,51,4,,1,31,,1112079,51,4,,1,62,,1112063,51,4,,1,30,,1112071,51,4,,1,68,,1112086,51,4,,1,28,,1112046,51,4,,1,70,,1112066,51,4,,1,30,,1112044,51,4,,1,69,,1112077,51,4,,1,27,,1112056,51,4,,1,25,,1112075,51,4,,1,59,,1112047,27,4,,1
1000,'11',619,,1112147,27,4,,1,34,,1112101,51,4,,1,60,,1025792,27,4,,1,15,,1112102,51,4,,1,26,,1112136,27,4,,1,51,,1067758,51,4,,1,22,,1112128,27,4,,1,16,,1112112,51,4,,1,16,,1112134,27,4,,1,57,,1112122,51,4,,1,16,,1112144,27,4,,1,16,,1112145,51,4,,1,7,,1112105,27,4,,1,56,,1063223,51,4,,1,13,,1112113,27,4,,1,14,,1112114,51,4,,1,13,,1112119,27,4,,1,55,,1112146,51,4,,1,16,,1112140,27,4,,1,15,,1112121,51,4,,1,16,,1112141,27,4,,1,54,,1112107,51,4,,1,15,,953306,27,4,,1,15,,1112142,51,4,,1,14,,1112135,27,4,,1,56,,1112126,51,4,,1,16,,1084502,27,4,,1,17,,1112137,51,4,,1,15,,1112130,27,4,,1,55,,1112100,51,4,,1,17,,1084809,27,4,,1,16,,1112132,51,4,,1,60,,1112143,27,4,,1,14,,1112104,51,4,,1,19,,1112103,27,4,,1,11,,1112116,51,4,,1,61,,1071974,27,4,,1,14,,1112109,51,4,,1,14,,1112097,27,4,,1,18,,1112125,51,4,,1,56,,1093518,27,4,,1,17,,1112110,51,4,,1,15,,1112106,27,4,,1,15,,1112120,51,4,,1,52,,1112111,27,4,,1,17,,1112139,51,4,,1,9,,1094648,27,4,,1,14,,1112133,51,4,,1,67,,1112124,51,4,,1,31,,1112131,51,4,,1,62,,1112115,51,4,,1,30,,1112123,51,4,,1,68,,1112138,51,4,,1,28,,1112098,51,4,,1,70,,1112118,51,4,,1,30,,1112096,51,4,,1,69,,1112129,51,4,,1,27,,1112108,51,4,,1,25,,1112127,51,4,,1,59,,1112099,27,4,,1
1000,'12',619,,1112163,27,4,,1,34,,1112192,51,4,,1,60,,1112186,27,4,,1,15,,1112180,51,4,,1,26,,995471,27,4,,1,51,,1112176,51,4,,1,22,,1112158,27,4,,1,16,,1112148,51,4,,1,16,,1112153,27,4,,1,57,,1112175,51,4,,1,16,,1112173,27,4,,1,16,,1112167,51,4,,1,7,,1112195,27,4,,1,56,,1002218,51,4,,1,13,,1112190,27,4,,1,14,,1112169,51,4,,1,13,,1112184,27,4,,1,55,,1112149,51,4,,1,16,,1112181,27,4,,1,15,,1112183,51,4,,1,16,,1112197,27,4,,1,54,,1112200,51,4,,1,15,,1112171,27,4,,1,15,,1112157,51,4,,1,14,,1112154,27,4,,1,56,,1112198,51,4,,1,16,,1112179,27,4,,1,17,,1112159,51,4,,1,15,,1112165,27,4,,1,55,,1112150,51,4,,1,17,,1112155,27,4,,1,16,,1112196,51,4,,1,60,,1074031,27,4,,1,14,,1112187,51,4,,1,19,,1112168,27,4,,1,11,,1112151,51,4,,1,61,,1112182,27,4,,1,14,,1112188,51,4,,1,14,,1112191,27,4,,1,18,,1112164,51,4,,1,56,,1037308,27,4,,1,17,,1112166,51,4,,1,15,,1112178,27,4,,1,15,,1112177,51,4,,1,52,,1112172,27,4,,1,17,,1112194,51,4,,1,9,,1112185,27,4,,1,14,,1112156,51,4,,1,67,,1023118,51,4,,1,31,,1112170,51,4,,1,62,,1112199,51,4,,1,30,,1112201,51,4,,1,68,,1060814,51,4,,1,28,,1112161,51,4,,1,70,,1087160,51,4,,1,30,,1112162,51,4,,1,69,,1112152,51,4,,1,27,,1067952,51,4,,1,25,,1112160,51,4,,1,59,,1112193,27,4,,1
1000,'13',803,,1112213,27,4,,1,24,,1048726,51,4,,1,30,,1112209,51,4,,1,70,,1112226,51,4,,1,30,,1112202,51,4,,1,70,,1112204,51,4,,1,74,,1084664,51,4,,1,30,,1112207,51,4,,1,70,,1112214,51,4,,1,30,,1112225,51,4,,1,70,,1112232,51,4,,1,30,,1064845,51,4,,1,70,,1067888,51,4,,1,30,,1112231,51,4,,1,70,,1112228,51,4,,1,30,,1112216,51,4,,1,70,,1112223,51,4,,1,30,,1112221,51,4,,1,70,,1063463,51,4,,1,30,,1112229,51,4,,1,70,,1112222,51,4,,1,30,,1112215,51,4,,1,70,,1074443,51,4,,1,40,,1112203,27,4,,1,70,,1112224,27,4,,1,30,,1112211,27,4,,1,70,,1112208,27,4,,1,30,,1112227,27,4,,1,70,,1112212,27,4,,1,27,,1112217,27,4,,1,69,,1112220,27,4,,1,30,,1112205,27,4,,1,70,,1112210,27,4,,1,30,,1050772,27,4,,1
1000,'14',619,,1112292,27,4,,1,34,,1112244,51,4,,1,60,,1112238,27,4,,1,15,,1112245,51,4,,1,26,,1112280,27,4,,1,51,,1112246,51,4,,1,22,,1112272,27,4,,1,16,,1112256,51,4,,1,16,,1112278,27,4,,1,57,,1112266,51,4,,1,16,,1112289,27,4,,1,16,,1112290,51,4,,1,7,,1112249,27,4,,1,56,,1112285,51,4,,1,13,,1112257,27,4,,1,14,,1112258,51,4,,1,13,,1112263,27,4,,1,55,,1112291,51,4,,1,16,,1112284,27,4,,1,15,,1112265,51,4,,1,16,,1112286,27,4,,1,54,,1112251,51,4,,1,15,,1112234,27,4,,1,15,,1112287,51,4,,1,14,,1112279,27,4,,1,56,,1112270,51,4,,1,16,,1112239,27,4,,1,17,,1112281,51,4,,1,15,,1112274,27,4,,1,55,,1112243,51,4,,1,17,,1112294,27,4,,1,16,,1112276,51,4,,1,60,,1112288,27,4,,1,14,,1112248,51,4,,1,19,,1112247,27,4,,1,11,,1112260,51,4,,1,61,,1112236,27,4,,1,14,,1112253,51,4,,1,14,,1112240,27,4,,1,18,,1112269,51,4,,1,56,,1112293,27,4,,1,17,,1112254,51,4,,1,15,,1112250,27,4,,1,15,,1112264,51,4,,1,52,,1112255,27,4,,1,17,,1112283,51,4,,1,9,,1112235,27,4,,1,14,,1112277,51,4,,1,67,,1112268,51,4,,1,31,,1112275,51,4,,1,62,,1112259,51,4,,1,30,,1112267,51,4,,1,68,,1112282,51,4,,1,28,,1112241,51,4,,1,70,,1112262,51,4,,1,30,,1112233,51,4,,1,69,,1112273,51,4,,1,27,,1112252,51,4,,1,25,,1112271,51,4,,1,59,,1112242,27,4,,1
1000,'15',619,,1112353,27,4,,1,34,,1112300,51,4,,1,60,,1112354,27,4,,1,15,,1112314,51,4,,1,26,,1112305,27,4,,1,51,,1112341,51,4,,1,22,,1112349,27,4,,1,16,,1112318,51,4,,1,16,,1112336,27,4,,1,57,,1112339,51,4,,1,16,,1112301,27,4,,1,16,,1112337,51,4,,1,7,,1112345,27,4,,1,56,,1112326,51,4,,1,13,,1112325,27,4,,1,14,,1112333,51,4,,1,13,,1112346,27,4,,1,55,,1112310,51,4,,1,16,,1112329,27,4,,1,15,,1112334,51,4,,1,16,,1112343,27,4,,1,54,,1112313,51,4,,1,15,,1112350,27,4,,1,15,,1112328,51,4,,1,14,,1112296,27,4,,1,56,,1112322,51,4,,1,16,,1112309,27,4,,1,17,,1112335,51,4,,1,15,,1112331,27,4,,1,55,,1112308,51,4,,1,17,,1112316,27,4,,1,16,,1112295,51,4,,1,60,,1112302,27,4,,1,14,,1112355,51,4,,1,19,,1112311,27,4,,1,11,,1112332,51,4,,1,61,,1112319,27,4,,1,14,,1112303,51,4,,1,14,,1112342,27,4,,1,18,,1112344,51,4,,1,56,,1112327,27,4,,1,17,,1112324,51,4,,1,15,,1112330,27,4,,1,15,,1112315,51,4,,1,52,,1112323,27,4,,1,17,,1112351,51,4,,1,9,,1112356,27,4,,1,14,,1112317,51,4,,1,67,,1112338,51,4,,1,31,,1112306,51,4,,1,62,,1112320,51,4,,1,30,,1112348,51,4,,1,68,,1112347,51,4,,1,28,,1112340,51,4,,1,70,,1112307,51,4,,1,30,,1112299,51,4,,1,69,,1112298,51,4,,1,27,,1112304,51,4,,1,25,,1112297,51,4,,1,59,,1112321,27,4,,1
1000,'16',619,,1112377,27,4,,1,34,,1112408,51,4,,1,60,,1112401,27,4,,1,15,,1112395,51,4,,1,26,,1112358,27,4,,1,51,,1112391,51,4,,1,22,,1112372,27,4,,1,16,,1112359,51,4,,1,16,,1112366,27,4,,1,57,,1112390,51,4,,1,16,,1112388,27,4,,1,16,,1112382,51,4,,1,7,,1112411,27,4,,1,56,,1112357,51,4,,1,13,,1112406,27,4,,1,14,,1112384,51,4,,1,13,,1112399,27,4,,1,55,,1112360,51,4,,1,16,,1112396,27,4,,1,15,,1112398,51,4,,1,16,,1112413,27,4,,1,54,,1112415,51,4,,1,15,,1112386,27,4,,1,15,,1112371,51,4,,1,14,,1100054,27,4,,1,56,,1112414,51,4,,1,16,,1112394,27,4,,1,17,,1112373,51,4,,1,15,,1112380,27,4,,1,55,,1112361,51,4,,1,17,,1112369,27,4,,1,16,,1112412,51,4,,1,60,,1112363,27,4,,1,14,,1112402,51,4,,1,19,,1112383,27,4,,1,11,,1112364,51,4,,1,61,,1112397,27,4,,1,14,,1112403,51,4,,1,14,,1112407,27,4,,1,18,,1112379,51,4,,1,56,,1112362,27,4,,1,17,,1112381,51,4,,1,15,,1112393,27,4,,1,15,,1112392,51,4,,1,52,,1112387,27,4,,1,17,,1112410,51,4,,1,9,,1112400,27,4,,1,14,,1112370,51,4,,1,67,,1112404,51,4,,1,31,,1112385,51,4,,1,62,,1000396,51,4,,1,30,,1112416,51,4,,1,68,,1112368,51,4,,1,28,,1112375,51,4,,1,70,,1112378,51,4,,1,30,,1112376,51,4,,1,69,,1112365,51,4,,1,27,,1112367,51,4,,1,25,,1112374,51,4,,1,59,,1112409,27,4,,1
1000,'17',803,,1112431,27,4,,1,24,,1112421,51,4,,1,30,,1112427,51,4,,1,70,,1112444,51,4,,1,30,,1112418,51,4,,1,70,,1112420,51,4,,1,74,,1112454,51,4,,1,30,,1112425,51,4,,1,70,,1112432,51,4,,1,30,,1112443,51,4,,1,70,,1112452,51,4,,1,30,,1112448,51,4,,1,70,,1112417,51,4,,1,30,,1112451,51,4,,1,70,,1112447,51,4,,1,30,,1112434,51,4,,1,70,,1112441,51,4,,1,30,,1112439,51,4,,1,70,,1112446,51,4,,1,30,,1112449,51,4,,1,70,,1112440,51,4,,1,30,,1112433,51,4,,1,70,,1112422,51,4,,1,40,,1112419,27,4,,1,70,,1112442,27,4,,1,30,,1112429,27,4,,1,70,,1112426,27,4,,1,30,,1112445,27,4,,1,70,,1112430,27,4,,1,27,,1112435,27,4,,1,69,,1112438,27,4,,1,30,,1112423,27,4,,1,70,,1112428,27,4,,1,30,,1112453,27,4,,1
1000,'2',724,,1112476,27,4,,1,32,,1112464,27,4,,1,66,,1112483,51,4,,1,30,,1112477,51,4,,1,70,,1112484,51,4,,1,30,,1011566,51,4,,1,70,,1112478,51,4,,1,34,,1112455,51,4,,1,70,,1078927,51,4,,1,30,,1112463,51,4,,1,70,,1112462,51,4,,1,30,,1112490,51,4,,1,70,,1112485,51,4,,1,30,,1112491,51,4,,1,70,,1112488,51,4,,1,30,,1112487,51,4,,1,70,,1112474,51,4,,1,30,,1017772,51,4,,1,70,,1112480,51,4,,1,30,,1112473,51,4,,1,70,,1112467,51,4,,1,30,,1112489,51,4,,1,70,,1072927,51,4,,1,30,,1112482,51,4,,1,70,,1112469,51,4,,1,30,,1112459,51,4,,1,70,,1112481,51,4,,1,30,,1112457,51,4,,1,70,,1112479,51,4,,1,30,,1112471,51,4,,1,70,,1112475,51,4,,1,27,,1112486,51,4,,1,68,,1112466,51,4,,1,30,,1112461,51,4,,1,73,,1112458,27,4,,1,30,,1112465,27,4,,1,70,,1112472,27,4,,1,80,,1112470,27,4,,1
1000,'3',803,,1112506,27,4,,1,24,,1112496,51,4,,1,30,,1112502,51,4,,1,70,,1112519,51,4,,1,30,,1112493,51,4,,1,70,,1112495,51,4,,1,74,,1112529,51,4,,1,30,,1112500,51,4,,1,70,,1112507,51,4,,1,30,,1112518,51,4,,1,70,,1112527,51,4,,1,30,,1112523,51,4,,1,70,,1112492,51,4,,1,30,,1112526,51,4,,1,70,,1112522,51,4,,1,30,,1112509,51,4,,1,70,,1112516,51,4,,1,30,,1112514,51,4,,1,70,,1112521,51,4,,1,30,,1112524,51,4,,1,70,,1112515,51,4,,1,30,,1112508,51,4,,1,70,,1112497,51,4,,1,40,,1112494,27,4,,1,70,,1112517,27,4,,1,30,,1112504,27,4,,1,70,,1112501,27,4,,1,30,,1112520,27,4,,1,70,,1112505,27,4,,1,27,,1112510,27,4,,1,69,,1112513,27,4,,1,30,,1112498,27,4,,1,70,,1112503,27,4,,1,30,,1112528,27,4,,1
1000,'4',803,,1112541,27,4,,1,24,,1112531,51,4,,1,30,,1112550,51,4,,1,70,,1112561,51,4,,1,30,,1112562,51,4,,1,70,,1112566,51,4,,1,74,,1112539,51,4,,1,30,,1112537,51,4,,1,70,,1112543,51,4,,1,30,,1112534,51,4,,1,70,,1112535,51,4,,1,30,,1112547,51,4,,1,70,,1112557,51,4,,1,30,,1112565,51,4,,1,70,,1112563,51,4,,1,30,,1112546,51,4,,1,70,,1112554,51,4,,1,30,,1112555,51,4,,1,70,,1112549,51,4,,1,30,,1112560,51,4,,1,70,,1112542,51,4,,1,30,,1112544,51,4,,1,70,,1112559,51,4,,1,40,,1112538,27,4,,1,70,,1112552,27,4,,1,30,,1112556,27,4,,1,70,,1112530,27,4,,1,30,,1112536,27,4,,1,70,,1112553,27,4,,1,27,,1112533,27,4,,1,69,,1112540,27,4,,1,30,,1043363,27,4,,1,70,,1112558,27,4,,1,30,,1112564,27,4,,1
1000,'5',619,,1112618,27,4,,1,34,,1112572,51,4,,1,60,,1025621,27,4,,1,15,,1112573,51,4,,1,26,,1112607,27,4,,1,51,,1067724,51,4,,1,22,,1112599,27,4,,1,16,,1112583,51,4,,1,16,,1112605,27,4,,1,57,,1112593,51,4,,1,16,,1112615,27,4,,1,16,,1112616,51,4,,1,7,,1112576,27,4,,1,56,,1063068,51,4,,1,13,,1112584,27,4,,1,14,,1112585,51,4,,1,13,,1112590,27,4,,1,55,,1112617,51,4,,1,16,,1112611,27,4,,1,15,,1112592,51,4,,1,16,,1112612,27,4,,1,54,,1112578,51,4,,1,15,,953418,27,4,,1,15,,1112613,51,4,,1,14,,1112606,27,4,,1,56,,1112597,51,4,,1,16,,1084413,27,4,,1,17,,1112608,51,4,,1,15,,1112601,27,4,,1,55,,1112571,51,4,,1,17,,1084727,27,4,,1,16,,1112603,51,4,,1,60,,1112614,27,4,,1,14,,1112575,51,4,,1,19,,1112574,27,4,,1,11,,1112587,51,4,,1,61,,1071904,27,4,,1,14,,1112580,51,4,,1,14,,1112568,27,4,,1,18,,1112596,51,4,,1,56,,1093372,27,4,,1,17,,1112581,51,4,,1,15,,1112577,27,4,,1,15,,1112591,51,4,,1,52,,1112582,27,4,,1,17,,1112610,51,4,,1,9,,1094583,27,4,,1,14,,1112604,51,4,,1,67,,1112595,51,4,,1,31,,1112602,51,4,,1,62,,1112586,51,4,,1,30,,1112594,51,4,,1,68,,1112609,51,4,,1,28,,1112569,51,4,,1,70,,1112589,51,4,,1,30,,1112567,51,4,,1,69,,1112600,51,4,,1,27,,1112579,51,4,,1,25,,1112598,51,4,,1,59,,1112570,27,4,,1
1000,'6',619,,1112632,27,4,,1,34,,1112662,51,4,,1,60,,1112655,27,4,,1,15,,1112650,51,4,,1,26,,1112620,27,4,,1,51,,1112646,51,4,,1,22,,1112627,27,4,,1,16,,1102992,51,4,,1,16,,1023560,27,4,,1,57,,1112645,51,4,,1,16,,1112643,27,4,,1,16,,1112637,51,4,,1,7,,1112665,27,4,,1,56,,1112619,51,4,,1,13,,1112660,27,4,,1,14,,1112639,51,4,,1,13,,1112653,27,4,,1,55,,1005076,51,4,,1,16,,1112651,27,4,,1,15,,1112652,51,4,,1,16,,1096525,27,4,,1,54,,1112667,51,4,,1,15,,1112641,27,4,,1,15,,1112626,51,4,,1,14,,1112623,27,4,,1,56,,1081459,51,4,,1,16,,1112649,27,4,,1,17,,1112628,51,4,,1,15,,1112635,27,4,,1,55,,929183,51,4,,1,17,,1088962,27,4,,1,16,,1088319,51,4,,1,60,,1112622,27,4,,1,14,,1112656,51,4,,1,19,,1112638,27,4,,1,11,,1100099,51,4,,1,61,,1083719,27,4,,1,14,,1112657,51,4,,1,14,,1112661,27,4,,1,18,,1112634,51,4,,1,56,,1112621,27,4,,1,17,,1112636,51,4,,1,15,,1112648,27,4,,1,15,,1112647,51,4,,1,52,,1112642,27,4,,1,17,,1112664,51,4,,1,9,,1112654,27,4,,1,14,,1068101,51,4,,1,67,,1112658,51,4,,1,31,,1112640,51,4,,1,62,,1112666,51,4,,1,30,,1027716,51,4,,1,68,,1112625,51,4,,1,28,,1112630,51,4,,1,70,,1112633,51,4,,1,30,,1112631,51,4,,1,69,,1061840,51,4,,1,27,,1112624,51,4,,1,25,,1112629,51,4,,1,59,,1112663,27,4,,1
1000,'7',724,,1112683,27,4,,1,32,,1112676,27,4,,1,66,,1112698,51,4,,1,30,,1112675,51,4,,1,70,,1112689,51,4,,1,30,,1112691,51,4,,1,70,,1112692,51,4,,1,34,,1112686,51,4,,1,70,,1112668,51,4,,1,30,,1112684,51,4,,1,70,,1112705,51,4,,1,30,,1112707,51,4,,1,70,,1112694,51,4,,1,30,,1112704,51,4,,1,70,,1112687,51,4,,1,30,,1112671,51,4,,1,70,,1112697,51,4,,1,30,,1112669,51,4,,1,70,,1112670,51,4,,1,30,,1112682,51,4,,1,70,,1112696,51,4,,1,30,,1112688,51,4,,1,70,,1112703,51,4,,1,30,,1112708,51,4,,1,70,,1112685,51,4,,1,30,,1112699,51,4,,1,70,,1112672,51,4,,1,30,,1112700,51,4,,1,70,,1112679,51,4,,1,30,,1112673,51,4,,1,70,,1112695,51,4,,1,27,,1112681,51,4,,1,68,,1112677,51,4,,1,30,,1112680,51,4,,1,73,,1112674,27,4,,1,30,,1112678,27,4,,1,70,,1112702,27,4,,1,80,,1112701,27,4,,1
1000,'8',619,,1112730,27,4,,1,34,,1112761,51,4,,1,60,,1112754,27,4,,1,15,,1112748,51,4,,1,26,,1112710,27,4,,1,51,,1112744,51,4,,1,22,,1112725,27,4,,1,16,,1112711,51,4,,1,16,,1112718,27,4,,1,57,,1112743,51,4,,1,16,,1112741,27,4,,1,16,,1112735,51,4,,1,7,,1112764,27,4,,1,56,,1112709,51,4,,1,13,,1112759,27,4,,1,14,,1112737,51,4,,1,13,,1112752,27,4,,1,55,,1112712,51,4,,1,16,,1112749,27,4,,1,15,,1112751,51,4,,1,16,,1112766,27,4,,1,54,,1112769,51,4,,1,15,,1112739,27,4,,1,15,,1112724,51,4,,1,14,,1112719,27,4,,1,56,,1112767,51,4,,1,16,,1112747,27,4,,1,17,,1112726,51,4,,1,15,,1112733,27,4,,1,55,,1112713,51,4,,1,17,,1112722,27,4,,1,16,,1112765,51,4,,1,60,,1112715,27,4,,1,14,,1112755,51,4,,1,19,,1112736,27,4,,1,11,,1112716,51,4,,1,61,,1112750,27,4,,1,14,,1112756,51,4,,1,14,,1112760,27,4,,1,18,,1112732,51,4,,1,56,,1112714,27,4,,1,17,,1112734,51,4,,1,15,,1112746,27,4,,1,15,,1112745,51,4,,1,52,,1112740,27,4,,1,17,,1112763,51,4,,1,9,,1112753,27,4,,1,14,,1112723,51,4,,1,67,,1112757,51,4,,1,31,,1112738,51,4,,1,62,,1112768,51,4,,1,30,,1112770,51,4,,1,68,,1112721,51,4,,1,28,,1112728,51,4,,1,70,,1112731,51,4,,1,30,,1112729,51,4,,1,69,,1112717,51,4,,1,27,,1112720,51,4,,1,25,,1112727,51,4,,1,59,,1112762,27,4,,1
1000,'9',619,,1112822,27,4,,1,34,,1112776,51,4,,1,60,,1025858,27,4,,1,15,,1112777,51,4,,1,26,,1112811,27,4,,1,51,,1067707,51,4,,1,22,,1112803,27,4,,1,16,,1112787,51,4,,1,16,,1112809,27,4,,1,57,,1112797,51,4,,1,16,,1112819,27,4,,1,16,,1112820,51,4,,1,7,,1112780,27,4,,1,56,,1062892,51,4,,1,13,,1112788,27,4,,1,14,,1112789,51,4,,1,13,,1112794,27,4,,1,55,,1112821,51,4,,1,16,,1112815,27,4,,1,15,,1112796,51,4,,1,16,,1112816,27,4,,1,54,,1112782,51,4,,1,15,,953390,27,4,,1,15,,1112817,51,4,,1,14,,1112810,27,4,,1,56,,1112801,51,4,,1,16,,1084323,27,4,,1,17,,1112812,51,4,,1,15,,1112805,27,4,,1,55,,1112775,51,4,,1,17,,1084639,27,4,,1,16,,1112807,51,4,,1,60,,1112818,27,4,,1,14,,1112779,51,4,,1,19,,1112778,27,4,,1,11,,1112791,51,4,,1,61,,1071832,27,4,,1,14,,1112784,51,4,,1,14,,1112772,27,4,,1,18,,1112800,51,4,,1,56,,1093216,27,4,,1,17,,1112785,51,4,,1,15,,1112781,27,4,,1,15,,1112795,51,4,,1,52,,1112786,27,4,,1,17,,1112814,51,4,,1,9,,1094486,27,4,,1,14,,1112808,51,4,,1,67,,1112799,51,4,,1,31,,1112806,51,4,,1,62,,1112790,51,4,,1,30,,1112798,51,4,,1,68,,1112813,51,4,,1,28,,1112773,51,4,,1,70,,1112793,51,4,,1,30,,1112771,51,4,,1,69,,1112804,51,4,,1,27,,1112783,51,4,,1,25,,1112802,51,4,,1,59,,1112774,27,4,,1
1001,'1',526,,1112869,1,0,82,1,31,,1112830,1,,,1,75,,1112849,1,,,1,15,,1112826,1,0,82,1,55,,1072359,1,,,1,15,,1112832,1,0,82,1,14,,1112842,1,,,1,13,,1112829,1,0,82,1,15,,1112824,1,,,1,57,,1112850,1,0,82,1,12,,1112837,1,,,1,15,,1112868,1,0,82,1,14,,1077939,1,,,1,55,,1112848,1,0,82,1,16,,1112833,1,,,1,15,,1112853,1,0,82,1,15,,1112839,1,,,1,55,,1112864,1,0,82,1,15,,1112860,1,,,1,15,,1112866,1,0,82,1,14,,1112854,1,,,1,55,,1112831,1,0,82,1,15,,1112862,1,,,1,16,,1080081,1,0,82,1,15,,1112823,1,,,1,55,,1112852,1,0,82,1,15,,1112867,1,,,1,15,,1112859,1,0,82,1,16,,1112841,1,,,1,54,,1112825,1,0,82,1,15,,1112861,1,,,1,16,,1112857,1,0,82,1,56,,1112856,1,,,1,15,,1112858,1,0,82,1,13,,951843,1,,,1,15,,1112845,1,0,82,1,16,,1112863,1,,,1,55,,1112835,1,0,82,1,15,,1077933,1,,,1,16,,1112840,1,0,82,1,14,,1031295,1,,,1,55,,1082906,1,0,82,1,15,,1112846,1,,,1,15,,1018468,1,0,82,1,15,,1112844,1,,,1,55,,1112827,1,0,82,1,17,,1066531,1,,,1,14,,1112865,1,0,82,1,70,,1112851,1,,,1,30,,1112847,1,,,1,70,,1112834,1,,,1,30,,1053778,1,,,1,70,,1112828,1,,,1,30,,1101621,1,,,1,70,,1112843,1,,,1,30,,1112838,1,,,1,70,,1112836,1,,,1,30,,1112855,1,,,1,67,,1083606,1,,,1
1001,'10',526,,1112916,1,0,82,1,31,,1112877,1,,,1,75,,1112896,1,,,1,15,,1112873,1,0,82,1,55,,1072213,1,,,1,15,,1112879,1,0,82,1,14,,1112889,1,,,1,13,,1112876,1,0,82,1,15,,1112871,1,,,1,57,,1112897,1,0,82,1,12,,1112884,1,,,1,15,,1112915,1,0,82,1,14,,1077730,1,,,1,55,,1112895,1,0,82,1,16,,1112880,1,,,1,15,,1112900,1,0,82,1,15,,1112886,1,,,1,55,,1112911,1,0,82,1,15,,1112907,1,,,1,15,,1112913,1,0,82,1,14,,1112901,1,,,1,55,,1112878,1,0,82,1,15,,1112909,1,,,1,16,,1080026,1,0,82,1,15,,1112870,1,,,1,55,,1112899,1,0,82,1,15,,1112914,1,,,1,15,,1112906,1,0,82,1,16,,1112888,1,,,1,54,,1112872,1,0,82,1,15,,1112908,1,,,1,16,,1112904,1,0,82,1,56,,1112903,1,,,1,15,,1112905,1,0,82,1,13,,951665,1,,,1,15,,1112892,1,0,82,1,16,,1112910,1,,,1,55,,1112882,1,0,82,1,15,,1077724,1,,,1,16,,1112887,1,0,82,1,14,,1031379,1,,,1,55,,1082846,1,0,82,1,15,,1112893,1,,,1,15,,1018623,1,0,82,1,15,,1112891,1,,,1,55,,1112874,1,0,82,1,17,,1066309,1,,,1,14,,1112912,1,0,82,1,70,,1112898,1,,,1,30,,1112894,1,,,1,70,,1112881,1,,,1,30,,1053871,1,,,1,70,,1112875,1,,,1,30,,1101529,1,,,1,70,,1112890,1,,,1,30,,1112885,1,,,1,70,,1112883,1,,,1,30,,1112902,1,,,1,67,,1083367,1,,,1
1001,'11',526,,1112963,1,0,82,1,31,,1112924,1,,,1,75,,1112943,1,,,1,15,,1112920,1,0,82,1,55,,1072395,1,,,1,15,,1112926,1,0,82,1,14,,1112936,1,,,1,13,,1112923,1,0,82,1,15,,1112918,1,,,1,57,,1112944,1,0,82,1,12,,1112931,1,,,1,15,,1112962,1,0,82,1,14,,1078002,1,,,1,55,,1112942,1,0,82,1,16,,1112927,1,,,1,15,,1112947,1,0,82,1,15,,1112933,1,,,1,55,,1112958,1,0,82,1,15,,1112954,1,,,1,15,,1112960,1,0,82,1,14,,1112948,1,,,1,55,,1112925,1,0,82,1,15,,1112956,1,,,1,16,,1080099,1,0,82,1,15,,1112917,1,,,1,55,,1112946,1,0,82,1,15,,1112961,1,,,1,15,,1112953,1,0,82,1,16,,1112935,1,,,1,54,,1112919,1,0,82,1,15,,1112955,1,,,1,16,,1112951,1,0,82,1,56,,1112950,1,,,1,15,,1112952,1,0,82,1,13,,951814,1,,,1,15,,1112939,1,0,82,1,16,,1112957,1,,,1,55,,1112929,1,0,82,1,15,,1077996,1,,,1,16,,1112934,1,0,82,1,14,,1031269,1,,,1,55,,1082926,1,0,82,1,15,,1112940,1,,,1,15,,1018423,1,0,82,1,15,,1112938,1,,,1,55,,1112921,1,0,82,1,17,,1066598,1,,,1,14,,1112959,1,0,82,1,70,,1112945,1,,,1,30,,1112941,1,,,1,70,,1112928,1,,,1,30,,1053750,1,,,1,70,,1112922,1,,,1,30,,1101649,1,,,1,70,,1112937,1,,,1,30,,1112932,1,,,1,70,,1112930,1,,,1,30,,1112949,1,,,1,67,,1083676,1,,,1
1001,'12',526,,1113004,1,0,82,1,31,,1112997,1,,,1,75,,1112983,1,,,1,15,,1112979,1,0,82,1,55,,1112974,1,,,1,15,,1112987,1,0,82,1,14,,1112972,1,,,1,13,,1112977,1,0,82,1,15,,1113014,1,,,1,57,,1112990,1,0,82,1,12,,1112992,1,,,1,15,,1113006,1,0,82,1,14,,1112999,1,,,1,55,,1113013,1,0,82,1,16,,1112973,1,,,1,15,,1112968,1,0,82,1,15,,1113011,1,,,1,55,,1113010,1,0,82,1,15,,1112976,1,,,1,15,,1112991,1,0,82,1,14,,1113002,1,,,1,55,,1112988,1,0,82,1,15,,1112996,1,,,1,16,,1112965,1,0,82,1,15,,1113009,1,,,1,55,,1112986,1,0,82,1,15,,1112966,1,,,1,15,,1112970,1,0,82,1,16,,1113007,1,,,1,54,,1112985,1,0,82,1,15,,1112995,1,,,1,16,,1113015,1,0,82,1,56,,1112982,1,,,1,15,,1067955,1,0,82,1,13,,1047520,1,,,1,15,,1113003,1,0,82,1,16,,1032356,1,,,1,55,,1113008,1,0,82,1,15,,1113016,1,,,1,16,,1079509,1,0,82,1,14,,1112980,1,,,1,55,,1112978,1,0,82,1,15,,1113012,1,,,1,15,,1113001,1,0,82,1,15,,1112969,1,,,1,55,,1112998,1,0,82,1,17,,1112989,1,,,1,14,,1112994,1,0,82,1,70,,1112984,1,,,1,30,,1112967,1,,,1,70,,1113000,1,,,1,30,,1026015,1,,,1,70,,1112964,1,,,1,30,,1112971,1,,,1,70,,1112975,1,,,1,30,,1112981,1,,,1,70,,1113005,1,,,1,30,,1076936,1,,,1,67,,1112993,1,,,1
1001,'13',708,,1113032,1,0,82,1,30,,1113027,1,0,82,1,72,,1113040,1,,,1,30,,1113046,1,,,1,70,,1113017,1,,,1,30,,1113047,1,,,1,70,,1113023,1,,,1,30,,1063913,1,,,1,70,,1113038,1,,,1,30,,1113020,1,,,1,70,,1113037,1,,,1,30,,1113022,1,,,1,70,,1113042,1,,,1,30,,1113044,1,,,1,70,,1113021,1,,,1,30,,1113031,1,,,1,70,,1113035,1,,,1,30,,1113048,1,,,1,70,,1113045,1,,,1,30,,1113039,1,,,1,70,,1070813,1,,,1,30,,1091149,1,,,1,70,,1113034,1,,,1,30,,1113026,1,0,82,1,70,,1113019,1,0,82,1,28,,1113018,1,0,82,1,72,,1113041,1,0,82,1,30,,1113028,1,0,82,1,70,,1078199,1,0,82,1,30,,1113036,1,0,82,1,70,,1113025,1,0,82,1,30,,1113029,1,0,82,1,70,,1113030,1,0,82,1
1001,'14',526,,1113104,1,0,82,1,31,,1113063,1,,,1,75,,1113082,1,,,1,15,,1113058,1,0,82,1,55,,1113107,1,,,1,15,,1113065,1,0,82,1,14,,1113075,1,,,1,13,,1113061,1,0,82,1,15,,1113051,1,,,1,57,,1113083,1,0,82,1,12,,1113070,1,,,1,15,,1113103,1,0,82,1,14,,1113056,1,,,1,55,,1113081,1,0,82,1,16,,1113066,1,,,1,15,,1113086,1,0,82,1,15,,1113072,1,,,1,55,,1113097,1,0,82,1,15,,1113093,1,,,1,15,,1113099,1,0,82,1,14,,1113087,1,,,1,55,,1113064,1,0,82,1,15,,1113095,1,,,1,16,,1113054,1,0,82,1,15,,1113050,1,,,1,55,,1113085,1,0,82,1,15,,1113100,1,,,1,15,,1113092,1,0,82,1,16,,1113074,1,,,1,54,,1113055,1,0,82,1,15,,1113094,1,,,1,16,,1113090,1,0,82,1,56,,1113089,1,,,1,15,,1113091,1,0,82,1,13,,1113106,1,,,1,15,,1113078,1,0,82,1,16,,1113096,1,,,1,55,,1113068,1,0,82,1,15,,1113053,1,,,1,16,,1113073,1,0,82,1,14,,1113049,1,,,1,55,,1113057,1,0,82,1,15,,1113079,1,,,1,15,,1113101,1,0,82,1,15,,1113077,1,,,1,55,,1113059,1,0,82,1,17,,1113102,1,,,1,14,,1113098,1,0,82,1,70,,1113084,1,,,1,30,,1113080,1,,,1,70,,1113067,1,,,1,30,,1113052,1,,,1,70,,1113060,1,,,1,30,,1113105,1,,,1,70,,1113076,1,,,1,30,,1113071,1,,,1,70,,1113069,1,,,1,30,,1113088,1,,,1,67,,1113062,1,,,1
1001,'15',526,,1113142,1,0,82,1,31,,1113152,1,,,1,75,,1113116,1,,,1,15,,1113136,1,0,82,1,55,,1113108,1,,,1,15,,1113155,1,0,82,1,14,,1113135,1,,,1,13,,1113111,1,0,82,1,15,,1113110,1,,,1,57,,1113148,1,0,82,1,12,,1113139,1,,,1,15,,1113131,1,0,82,1,14,,1113133,1,,,1,55,,1113123,1,0,82,1,16,,1113109,1,,,1,15,,1113121,1,0,82,1,15,,1113112,1,,,1,55,,1113125,1,0,82,1,15,,1113144,1,,,1,15,,1113146,1,0,82,1,14,,1113156,1,,,1,55,,1113159,1,0,82,1,15,,1113130,1,,,1,16,,1113128,1,0,82,1,15,,1113126,1,,,1,55,,1113154,1,0,82,1,15,,1113115,1,,,1,15,,1113138,1,0,82,1,16,,1113158,1,,,1,54,,1113141,1,0,82,1,15,,1113127,1,,,1,16,,1113140,1,0,82,1,56,,1113145,1,,,1,15,,1113119,1,0,82,1,13,,1113124,1,,,1,15,,1113160,1,0,82,1,16,,1113157,1,,,1,55,,1113151,1,0,82,1,15,,1113163,1,,,1,16,,1113147,1,0,82,1,14,,1113161,1,,,1,55,,1113162,1,0,82,1,15,,1113143,1,,,1,15,,1113149,1,0,82,1,15,,1113134,1,,,1,55,,1113165,1,0,82,1,17,,1113113,1,,,1,14,,1113153,1,0,82,1,70,,1113132,1,,,1,30,,1113150,1,,,1,70,,1113166,1,,,1,30,,1113122,1,,,1,70,,1113129,1,,,1,30,,1113137,1,,,1,70,,1113117,1,,,1,30,,1113120,1,,,1,70,,1113114,1,,,1,30,,1113164,1,,,1,67,,1113118,1,,,1
1001,'16',526,,1113208,1,0,82,1,31,,1113201,1,,,1,75,,1113187,1,,,1,15,,1113183,1,0,82,1,55,,1113178,1,,,1,15,,1113191,1,0,82,1,14,,1113176,1,,,1,13,,1113181,1,0,82,1,15,,1046424,1,,,1,57,,1113194,1,0,82,1,12,,1113196,1,,,1,15,,1113210,1,0,82,1,14,,1113203,1,,,1,55,,1113216,1,0,82,1,16,,1113177,1,,,1,15,,1113171,1,0,82,1,15,,1113214,1,,,1,55,,1063175,1,0,82,1,15,,1113180,1,,,1,15,,1113195,1,0,82,1,14,,1113206,1,,,1,55,,1113192,1,0,82,1,15,,1113200,1,,,1,16,,1113167,1,0,82,1,15,,1113213,1,,,1,55,,1113190,1,0,82,1,15,,945323,1,,,1,15,,1113173,1,0,82,1,16,,1113211,1,,,1,54,,1113189,1,0,82,1,15,,1113199,1,,,1,16,,1113217,1,0,82,1,56,,1113186,1,,,1,15,,1113174,1,0,82,1,13,,1113169,1,,,1,15,,1113207,1,0,82,1,16,,1113168,1,,,1,55,,1113212,1,0,82,1,15,,1113218,1,,,1,16,,1113219,1,0,82,1,14,,1113184,1,,,1,55,,1113182,1,0,82,1,15,,1113215,1,,,1,15,,1113205,1,0,82,1,15,,1073874,1,,,1,55,,1113202,1,0,82,1,17,,1113193,1,,,1,14,,1113198,1,0,82,1,70,,1113188,1,,,1,30,,1113170,1,,,1,70,,1113204,1,,,1,30,,1113220,1,,,1,70,,1099697,1,,,1,30,,1113175,1,,,1,70,,1113179,1,,,1,30,,1113185,1,,,1,70,,1113209,1,,,1,30,,1113172,1,,,1,67,,1113197,1,,,1
1001,'17',708,,1113239,1,0,82,1,30,,1113233,1,0,82,1,72,,1113248,1,,,1,30,,1113254,1,,,1,70,,1113223,1,,,1,30,,1113255,1,,,1,70,,1113229,1,,,1,30,,1113222,1,,,1,70,,1113245,1,,,1,30,,1113226,1,,,1,70,,1113244,1,,,1,30,,1113228,1,,,1,70,,1113250,1,,,1,30,,1113252,1,,,1,70,,1113227,1,,,1,30,,1113238,1,,,1,70,,1113242,1,,,1,30,,1113256,1,,,1,70,,1113253,1,,,1,30,,1113247,1,,,1,70,,1113221,1,,,1,30,,1113236,1,,,1,70,,1113241,1,,,1,30,,1113232,1,0,82,1,70,,1113225,1,0,82,1,28,,1113224,1,0,82,1,72,,1113249,1,0,82,1,30,,1113234,1,0,82,1,70,,1113246,1,0,82,1,30,,1113243,1,0,82,1,70,,1113231,1,0,82,1,30,,1113235,1,0,82,1,70,,1113237,1,0,82,1
1001,'2',703,,1113272,1,0,82,1,35,,1113264,1,0,82,1,70,,1113288,1,0,82,1,30,,1113273,1,,,1,70,,1113279,1,,,1,30,,1113282,1,,,1,70,,1113266,1,,,1,30,,1113260,1,,,1,70,,1113283,1,,,1,30,,1113289,1,,,1,70,,1113259,1,,,1,30,,1113284,1,,,1,70,,1113287,1,,,1,30,,1099907,1,,,1,70,,1113269,1,,,1,30,,1113257,1,,,1,70,,1001732,1,,,1,30,,1113262,1,,,1,70,,1113275,1,,,1,30,,1113271,1,,,1,70,,1113290,1,,,1,30,,1113270,1,,,1,70,,1113281,1,,,1,30,,1113274,1,,,1,70,,1113276,1,,,1,30,,1113285,1,,,1,70,,1113286,1,,,1,30,,1113258,1,,,1,70,,1113263,1,,,1,30,,1113265,1,,,1,70,,1113268,1,,,1,30,,1113261,1,,,1,65,,1077775,1,0,82,1,30,,1049105,1,0,82,1,70,,1113280,1,0,82,1,30,,1113278,1,0,82,1
1001,'3',708,,1113309,1,0,82,1,30,,1113303,1,0,82,1,72,,1113318,1,,,1,30,,1113324,1,,,1,70,,1113293,1,,,1,30,,1113325,1,,,1,70,,1113299,1,,,1,30,,1113292,1,,,1,70,,1113315,1,,,1,30,,1113296,1,,,1,70,,1113314,1,,,1,30,,1113298,1,,,1,70,,1113320,1,,,1,30,,1113322,1,,,1,70,,1113297,1,,,1,30,,1113308,1,,,1,70,,1113312,1,,,1,30,,1113326,1,,,1,70,,1113323,1,,,1,30,,1113317,1,,,1,70,,1113291,1,,,1,30,,1113306,1,,,1,70,,1113311,1,,,1,30,,1113302,1,0,82,1,70,,1113295,1,0,82,1,28,,1113294,1,0,82,1,72,,1113319,1,0,82,1,30,,1113304,1,0,82,1,70,,1113316,1,0,82,1,30,,1113313,1,0,82,1,70,,1113301,1,0,82,1,30,,1113305,1,0,82,1,70,,1113307,1,0,82,1
1001,'4',708,,1113347,1,0,82,1,30,,1113330,1,0,82,1,72,,1113352,1,,,1,30,,1113346,1,,,1,70,,1113331,1,,,1,30,,1113349,1,,,1,70,,1113353,1,,,1,30,,1097747,1,,,1,70,,1113356,1,,,1,30,,1063977,1,,,1,70,,1113348,1,,,1,30,,1084076,1,,,1,70,,1113339,1,,,1,30,,1113357,1,,,1,70,,1113340,1,,,1,30,,1113334,1,,,1,70,,1113336,1,,,1,30,,1113354,1,,,1,70,,1113329,1,,,1,30,,1113342,1,,,1,70,,1113333,1,,,1,30,,1096337,1,,,1,70,,1113338,1,,,1,30,,1113355,1,0,82,1,70,,1113328,1,0,82,1,28,,1113344,1,0,82,1,72,,1113345,1,0,82,1,30,,1113343,1,0,82,1,70,,1113350,1,0,82,1,30,,1113335,1,0,82,1,70,,1113337,1,0,82,1,30,,1113332,1,0,82,1,70,,1051391,1,0,82,1
1001,'5',526,,1113404,1,0,82,1,31,,1113365,1,,,1,75,,1113384,1,,,1,15,,1113361,1,0,82,1,55,,1072338,1,,,1,15,,1113367,1,0,82,1,14,,1113377,1,,,1,13,,1113364,1,0,82,1,15,,1113359,1,,,1,57,,1113385,1,0,82,1,12,,1113372,1,,,1,15,,1113403,1,0,82,1,14,,1077900,1,,,1,55,,1113383,1,0,82,1,16,,1113368,1,,,1,15,,1113388,1,0,82,1,15,,1113374,1,,,1,55,,1113399,1,0,82,1,15,,1113395,1,,,1,15,,1113401,1,0,82,1,14,,1113389,1,,,1,55,,1113366,1,0,82,1,15,,1113397,1,,,1,16,,1080072,1,0,82,1,15,,1113358,1,,,1,55,,1113387,1,0,82,1,15,,1113402,1,,,1,15,,1113394,1,0,82,1,16,,1113376,1,,,1,54,,1113360,1,0,82,1,15,,1113396,1,,,1,16,,1113392,1,0,82,1,56,,1113391,1,,,1,15,,1113393,1,0,82,1,13,,951932,1,,,1,15,,1113380,1,0,82,1,16,,1113398,1,,,1,55,,1113370,1,0,82,1,15,,1077894,1,,,1,16,,1113375,1,0,82,1,14,,1031165,1,,,1,55,,1082886,1,0,82,1,15,,1113381,1,,,1,15,,1018236,1,0,82,1,15,,1113379,1,,,1,55,,1113362,1,0,82,1,17,,1066492,1,,,1,14,,1113400,1,0,82,1,70,,1113386,1,,,1,30,,1113382,1,,,1,70,,1113369,1,,,1,30,,1053629,1,,,1,70,,1113363,1,,,1,30,,1101604,1,,,1,70,,1113378,1,,,1,30,,1113373,1,,,1,70,,1113371,1,,,1,30,,1113390,1,,,1,67,,1083567,1,,,1
1001,'6',526,,1113447,1,0,82,1,31,,1113440,1,,,1,75,,1113426,1,,,1,15,,1113422,1,0,82,1,55,,1113417,1,,,1,15,,1113430,1,0,82,1,14,,1113415,1,,,1,13,,1113420,1,0,82,1,15,,1113453,1,,,1,57,,1113433,1,0,82,1,12,,1113435,1,,,1,15,,1113449,1,0,82,1,14,,1113442,1,,,1,55,,1085724,1,0,82,1,16,,1113416,1,,,1,15,,1067517,1,0,82,1,15,,1039263,1,,,1,55,,1113452,1,0,82,1,15,,1113419,1,,,1,15,,1113434,1,0,82,1,14,,1113445,1,,,1,55,,1113431,1,0,82,1,15,,1113439,1,,,1,16,,1113406,1,0,82,1,15,,1113451,1,,,1,55,,1113429,1,0,82,1,15,,1113408,1,,,1,15,,1065207,1,0,82,1,16,,1007847,1,,,1,54,,1113428,1,0,82,1,15,,1113438,1,,,1,16,,1087015,1,0,82,1,56,,1113425,1,,,1,15,,1113413,1,0,82,1,13,,1113409,1,,,1,15,,1113446,1,0,82,1,16,,1113407,1,,,1,55,,1113450,1,0,82,1,15,,1019505,1,,,1,16,,1113454,1,0,82,1,14,,1113423,1,,,1,55,,1113421,1,0,82,1,15,,1019713,1,,,1,15,,1113444,1,0,82,1,15,,1113412,1,,,1,55,,1113441,1,0,82,1,17,,1113432,1,,,1,14,,1113437,1,0,82,1,70,,1113427,1,,,1,30,,1113410,1,,,1,70,,1113443,1,,,1,30,,1113455,1,,,1,70,,1113405,1,,,1,30,,1113414,1,,,1,70,,1113418,1,,,1,30,,1113424,1,,,1,70,,1113448,1,,,1,30,,1113411,1,,,1,67,,1113436,1,,,1
1001,'7',703,,1113482,1,0,82,1,35,,1113481,1,0,82,1,70,,1113485,1,0,82,1,30,,1113461,1,,,1,70,,1113462,1,,,1,30,,1113457,1,,,1,70,,1113486,1,,,1,30,,1113465,1,,,1,70,,1113456,1,,,1,30,,1113471,1,,,1,70,,1113472,1,,,1,30,,1113475,1,,,1,70,,1113491,1,,,1,30,,1113479,1,,,1,70,,1113488,1,,,1,30,,1113487,1,,,1,70,,1113469,1,,,1,30,,1113473,1,,,1,70,,1113467,1,,,1,30,,1113458,1,,,1,70,,1113493,1,,,1,30,,1113477,1,,,1,70,,1113474,1,,,1,30,,1113464,1,,,1,70,,1113470,1,,,1,30,,1113468,1,,,1,70,,1113492,1,,,1,30,,1113484,1,,,1,70,,1113460,1,,,1,30,,1113478,1,,,1,70,,1113494,1,,,1,30,,1113490,1,,,1,65,,1113489,1,0,82,1,30,,1113476,1,0,82,1,70,,1113483,1,0,82,1,30,,1113463,1,0,82,1
1001,'8',526,,1113539,1,0,82,1,31,,1113532,1,,,1,75,,1113518,1,,,1,15,,1113514,1,0,82,1,55,,1113509,1,,,1,15,,1113522,1,0,82,1,14,,1113507,1,,,1,13,,1113512,1,0,82,1,15,,1113549,1,,,1,57,,1113525,1,0,82,1,12,,1113527,1,,,1,15,,1113541,1,0,82,1,14,,1113534,1,,,1,55,,1113548,1,0,82,1,16,,1113508,1,,,1,15,,1113501,1,0,82,1,15,,1113546,1,,,1,55,,1113545,1,0,82,1,15,,1113511,1,,,1,15,,1113526,1,0,82,1,14,,1113537,1,,,1,55,,1113523,1,0,82,1,15,,1113531,1,,,1,16,,1113496,1,0,82,1,15,,1113544,1,,,1,55,,1113521,1,0,82,1,15,,1113498,1,,,1,15,,1113504,1,0,82,1,16,,1113542,1,,,1,54,,1113520,1,0,82,1,15,,1113530,1,,,1,16,,1113550,1,0,82,1,56,,1113517,1,,,1,15,,1113505,1,0,82,1,13,,1113499,1,,,1,15,,1113538,1,0,82,1,16,,1113497,1,,,1,55,,1113543,1,0,82,1,15,,1113551,1,,,1,16,,1113552,1,0,82,1,14,,1113515,1,,,1,55,,1113513,1,0,82,1,15,,1113547,1,,,1,15,,1113536,1,0,82,1,15,,1113503,1,,,1,55,,1113533,1,0,82,1,17,,1113524,1,,,1,14,,1113529,1,0,82,1,70,,1113519,1,,,1,30,,1113500,1,,,1,70,,1113535,1,,,1,30,,1113553,1,,,1,70,,1113495,1,,,1,30,,1113506,1,,,1,70,,1113510,1,,,1,30,,1113516,1,,,1,70,,1113540,1,,,1,30,,1113502,1,,,1,67,,1113528,1,,,1
1001,'9',526,,1113600,1,0,82,1,31,,1113561,1,,,1,75,,1113580,1,,,1,15,,1113557,1,0,82,1,55,,1072260,1,,,1,15,,1113563,1,0,82,1,14,,1113573,1,,,1,13,,1113560,1,0,82,1,15,,1113555,1,,,1,57,,1113581,1,0,82,1,12,,1113568,1,,,1,15,,1113599,1,0,82,1,14,,1077799,1,,,1,55,,1113579,1,0,82,1,16,,1113564,1,,,1,15,,1113584,1,0,82,1,15,,1113570,1,,,1,55,,1113595,1,0,82,1,15,,1113591,1,,,1,15,,1113597,1,0,82,1,14,,1113585,1,,,1,55,,1113562,1,0,82,1,15,,1113593,1,,,1,16,,1080043,1,0,82,1,15,,1113554,1,,,1,55,,1113583,1,0,82,1,15,,1113598,1,,,1,15,,1113590,1,0,82,1,16,,1113572,1,,,1,54,,1113556,1,0,82,1,15,,1113592,1,,,1,16,,1113588,1,0,82,1,56,,1113587,1,,,1,15,,1113589,1,0,82,1,13,,951903,1,,,1,15,,1113576,1,0,82,1,16,,1113594,1,,,1,55,,1113566,1,0,82,1,15,,1077793,1,,,1,16,,1113571,1,0,82,1,14,,1031321,1,,,1,55,,1082866,1,0,82,1,15,,1113577,1,,,1,15,,1018513,1,0,82,1,15,,1113575,1,,,1,55,,1113558,1,0,82,1,17,,1066376,1,,,1,14,,1113596,1,0,82,1,70,,1113582,1,,,1,30,,1113578,1,,,1,70,,1113565,1,,,1,30,,1053806,1,,,1,70,,1113559,1,,,1,30,,1101556,1,,,1,70,,1113574,1,,,1,30,,1113569,1,,,1,70,,1113567,1,,,1,30,,1113586,1,,,1,67,,1083438,1,,,1
1900,'1',817,,1121410,1,,,1,28,,1121403,1,,,1,70,,1121399,1,,,1,30,,1121409,1,,,1,70,,1121398,1,,,1,30,,1121400,1,,,1,70,,1121421,1,,,1,30,,1121411,1,,,1,70,,1121414,1,,,1,30,,1121402,1,,,1,70,,1102254,1,,,1,30,,1121406,1,,,1,70,,1094839,1,,,1,30,,1121419,1,,,1,65,,1121417,1,,,1,30,,1121397,1,,,1,70,,1077491,1,,,1,31,,1121401,1,,,1,74,,1121412,1,,,1,31,,1121413,1,,,1,72,,1087560,1,,,1,30,,1121420,1,,,1,70,,1121408,1,,,1,31,,1121407,1,,,1,71,,1121396,1,,,1,30,,948816,1,,,1,75,,1121418,1,,,1,100,,1033803,1,,,1
1900,'10',817,,1121437,1,,,1,28,,1121430,1,,,1,70,,1121426,1,,,1,30,,1121436,1,,,1,70,,1121425,1,,,1,30,,1121427,1,,,1,70,,1121448,1,,,1,30,,1121438,1,,,1,70,,1121441,1,,,1,30,,1121429,1,,,1,70,,1102236,1,,,1,30,,1121433,1,,,1,70,,1094699,1,,,1,30,,1121446,1,,,1,65,,1121444,1,,,1,30,,1121424,1,,,1,70,,1077378,1,,,1,31,,1121428,1,,,1,74,,1121439,1,,,1,31,,1121440,1,,,1,72,,1087350,1,,,1,30,,1121447,1,,,1,70,,1121435,1,,,1,31,,1121434,1,,,1,71,,1121423,1,,,1,30,,948567,1,,,1,75,,1121445,1,,,1,100,,1033922,1,,,1
1900,'11',817,,1121464,1,,,1,28,,1121457,1,,,1,70,,1121453,1,,,1,30,,1121463,1,,,1,70,,1121452,1,,,1,30,,1121454,1,,,1,70,,1121475,1,,,1,30,,1121465,1,,,1,70,,1121468,1,,,1,30,,1121456,1,,,1,70,,1102260,1,,,1,30,,1121460,1,,,1,70,,1094881,1,,,1,30,,1121473,1,,,1,65,,1121471,1,,,1,30,,1121451,1,,,1,70,,1077524,1,,,1,31,,1121455,1,,,1,74,,1121466,1,,,1,31,,1121467,1,,,1,72,,1087624,1,,,1,30,,1121474,1,,,1,70,,1121462,1,,,1,31,,1121461,1,,,1,71,,1121450,1,,,1,30,,948775,1,,,1,75,,1121472,1,,,1,100,,1033768,1,,,1
1900,'12',817,,1121479,1,,,1,28,,1121480,1,,,1,70,,1121477,1,,,1,30,,1121488,1,,,1,70,,1121476,1,,,1,30,,1121499,1,,,1,70,,1090196,1,,,1,30,,1121497,1,,,1,70,,1121490,1,,,1,30,,1121482,1,,,1,70,,1121483,1,,,1,30,,1072305,1,,,1,70,,1121503,1,,,1,30,,1121484,1,,,1,65,,1121495,1,,,1,30,,1121491,1,,,1,70,,1121481,1,,,1,31,,1121498,1,,,1,74,,1121504,1,,,1,31,,1121485,1,,,1,72,,1121506,1,,,1,30,,1004596,1,,,1,70,,1121501,1,,,1,31,,1121487,1,,,1,71,,1121494,1,,,1,30,,1091220,1,,,1,75,,1121505,1,,,1,100,,1121489,1,,,1
1900,'13',858,,1121512,1,,,1,70,,1121519,1,,,1,30,,1121523,1,,,1,70,,1121524,1,,,1,30,,1121528,1,,,1,70,,1121518,1,,,1,30,,1121532,1,,,1,70,,1121529,1,,,1,30,,1121509,1,,,1,70,,1121510,1,,,1,30,,1121508,1,,,1,70,,1121515,1,,,1,30,,1121513,1,,,1,70,,1121520,1,,,1,30,,1121527,1,,,1,70,,1121531,1,,,1,30,,1121530,1,,,1,70,,1121533,1,,,1,30,,1121507,1,,,1,70,,1121525,1,,,1,30,,1121521,1,,,1,70,,1121511,1,,,1
1900,'14',817,,1121555,1,,,1,28,,1121548,1,,,1,70,,1121543,1,,,1,30,,1121554,1,,,1,70,,1121542,1,,,1,30,,1121544,1,,,1,70,,1121568,1,,,1,30,,1121556,1,,,1,70,,1121559,1,,,1,30,,1121547,1,,,1,70,,1121564,1,,,1,30,,1121551,1,,,1,70,,1121569,1,,,1,30,,1121565,1,,,1,65,,1121562,1,,,1,30,,1121541,1,,,1,70,,1121534,1,,,1,31,,1121546,1,,,1,74,,1121557,1,,,1,31,,1121558,1,,,1,72,,1121539,1,,,1,30,,1121567,1,,,1,70,,1121553,1,,,1,31,,1121552,1,,,1,71,,1121537,1,,,1,30,,1121570,1,,,1,75,,1121563,1,,,1,100,,1121566,1,,,1
1900,'15',817,,1121575,1,,,1,28,,1121592,1,,,1,70,,1121604,1,,,1,30,,1121602,1,,,1,70,,1121573,1,,,1,30,,1121593,1,,,1,70,,1121591,1,,,1,30,,1121581,1,,,1,70,,1121595,1,,,1,30,,1121577,1,,,1,70,,1121571,1,,,1,30,,1121576,1,,,1,70,,1121585,1,,,1,30,,1121597,1,,,1,65,,1121594,1,,,1,30,,1121583,1,,,1,70,,1121606,1,,,1,31,,1121572,1,,,1,74,,1121588,1,,,1,31,,1121582,1,,,1,72,,1121589,1,,,1,30,,1121587,1,,,1,70,,1121584,1,,,1,31,,1121599,1,,,1,71,,1121598,1,,,1,30,,1121574,1,,,1,75,,1121605,1,,,1,100,,1121586,1,,,1
1900,'16',817,,1121612,1,,,1,28,,1121613,1,,,1,70,,1093433,1,,,1,30,,1011807,1,,,1,70,,970525,1,,,1,30,,1121632,1,,,1,70,,1121611,1,,,1,30,,1121630,1,,,1,70,,1121623,1,,,1,30,,1121616,1,,,1,70,,1121617,1,,,1,30,,1121614,1,,,1,70,,1092933,1,,,1,30,,1121618,1,,,1,65,,1121628,1,,,1,30,,1121624,1,,,1,70,,1121615,1,,,1,31,,1121631,1,,,1,74,,1121638,1,,,1,31,,1121619,1,,,1,72,,1121640,1,,,1,30,,1121636,1,,,1,70,,1121634,1,,,1,31,,1121621,1,,,1,71,,1121627,1,,,1,30,,1121637,1,,,1,75,,1121639,1,,,1,100,,1121622,1,,,1
1900,'17',858,,1121646,1,,,1,70,,1121653,1,,,1,30,,1121657,1,,,1,70,,1121658,1,,,1,30,,1121662,1,,,1,70,,1121652,1,,,1,30,,1121666,1,,,1,70,,1121663,1,,,1,30,,1121643,1,,,1,70,,1121644,1,,,1,30,,1121642,1,,,1,70,,1121649,1,,,1,30,,1121647,1,,,1,70,,1121654,1,,,1,30,,1121661,1,,,1,70,,1121665,1,,,1,30,,1121664,1,,,1,70,,1121667,1,,,1,30,,1121641,1,,,1,70,,1121659,1,,,1,30,,1121655,1,,,1,70,,1121645,1,,,1
1900,'2',825,,1121690,1,,,1,30,,1121679,1,,,1,70,,1121677,1,,,1,30,,1121683,1,,,1,70,,1121686,1,,,1,30,,1076818,1,,,1,70,,1121691,1,,,1,30,,1121670,1,,,1,70,,1121682,1,,,1,30,,1121680,1,,,1,70,,1121672,1,,,1,30,,1121676,1,,,1,70,,1121689,1,,,1,30,,1121684,1,,,1,70,,1121678,1,,,1,30,,1121673,1,,,1,70,,1121681,1,,,1,30,,1121696,1,,,1,70,,1121669,1,,,1,30,,1121692,1,,,1,70,,1092644,1,,,1,30,,1121688,1,,,1,70,,1121671,1,,,1,30,,1121687,1,,,1,70,,1121694,1,,,1,30,,1121668,1,,,1
1900,'3',858,,1121702,1,,,1,70,,1121709,1,,,1,30,,1121713,1,,,1,70,,1121714,1,,,1,30,,1121718,1,,,1,70,,1121708,1,,,1,30,,1121722,1,,,1,70,,1121719,1,,,1,30,,1121699,1,,,1,70,,1121700,1,,,1,30,,1121698,1,,,1,70,,1121705,1,,,1,30,,1121703,1,,,1,70,,1121710,1,,,1,30,,1121717,1,,,1,70,,1121721,1,,,1,30,,1121720,1,,,1,70,,1121723,1,,,1,30,,1121697,1,,,1,70,,1121715,1,,,1,30,,1121711,1,,,1,70,,1121701,1,,,1
1900,'4',858,,1121730,1,,,1,70,,1121745,1,,,1,30,,1121726,1,,,1,70,,1121738,1,,,1,30,,1121725,1,,,1,70,,1121737,1,,,1,30,,994478,1,,,1,70,,1121740,1,,,1,30,,1121733,1,,,1,70,,1121736,1,,,1,30,,1121727,1,,,1,70,,1121742,1,,,1,30,,1121729,1,,,1,70,,1121732,1,,,1,30,,1121724,1,,,1,70,,1121735,1,,,1,30,,1121743,1,,,1,70,,1084381,1,,,1,30,,1121734,1,,,1,70,,1121731,1,,,1,30,,1071204,1,,,1,70,,1121741,1,,,1
1900,'5',817,,1121762,1,,,1,28,,1121755,1,,,1,70,,1121751,1,,,1,30,,1121761,1,,,1,70,,1121750,1,,,1,30,,1121752,1,,,1,70,,1121773,1,,,1,30,,1121763,1,,,1,70,,1121766,1,,,1,30,,1121754,1,,,1,70,,1102248,1,,,1,30,,1121758,1,,,1,70,,1094821,1,,,1,30,,1121771,1,,,1,65,,1121769,1,,,1,30,,1121749,1,,,1,70,,1077473,1,,,1,31,,1121753,1,,,1,74,,1121764,1,,,1,31,,1121765,1,,,1,72,,1087517,1,,,1,30,,1121772,1,,,1,70,,1121760,1,,,1,31,,1121759,1,,,1,71,,1121748,1,,,1,30,,948953,1,,,1,75,,1121770,1,,,1,100,,1033603,1,,,1
1900,'6',817,,953237,1,,,1,28,,1091407,1,,,1,70,,1121775,1,,,1,30,,1121788,1,,,1,70,,1121774,1,,,1,30,,1121798,1,,,1,70,,1121779,1,,,1,30,,1102061,1,,,1,70,,1121790,1,,,1,30,,1121782,1,,,1,70,,1121783,1,,,1,30,,1121780,1,,,1,70,,1121802,1,,,1,30,,1121784,1,,,1,65,,1121795,1,,,1,30,,1121791,1,,,1,70,,1121781,1,,,1,31,,1121797,1,,,1,74,,1121805,1,,,1,31,,1121785,1,,,1,72,,998251,1,,,1,30,,1121803,1,,,1,70,,1121800,1,,,1,31,,1121787,1,,,1,71,,1121794,1,,,1,30,,1121804,1,,,1,75,,1121806,1,,,1,100,,1121789,1,,,1
1900,'7',825,,1121811,1,,,1,30,,1121834,1,,,1,70,,1121809,1,,,1,30,,1121830,1,,,1,70,,1121839,1,,,1,30,,1121810,1,,,1,70,,1121831,1,,,1,30,,1121826,1,,,1,70,,1121812,1,,,1,30,,1121819,1,,,1,70,,1121837,1,,,1,30,,1121828,1,,,1,70,,1121836,1,,,1,30,,1121825,1,,,1,70,,1121822,1,,,1,30,,1121818,1,,,1,70,,1121835,1,,,1,30,,1121821,1,,,1,70,,1121813,1,,,1,30,,1121833,1,,,1,70,,1121824,1,,,1,30,,1121808,1,,,1,70,,1121814,1,,,1,30,,1121829,1,,,1,70,,1121807,1,,,1,30,,1121820,1,,,1
1900,'8',817,,1121846,1,,,1,28,,1121847,1,,,1,70,,1121841,1,,,1,30,,1121856,1,,,1,70,,1121840,1,,,1,30,,1121867,1,,,1,70,,1121845,1,,,1,30,,1121865,1,,,1,70,,1121858,1,,,1,30,,1121850,1,,,1,70,,1121851,1,,,1,30,,1121848,1,,,1,70,,1121871,1,,,1,30,,1121852,1,,,1,65,,1121863,1,,,1,30,,1121859,1,,,1,70,,1121849,1,,,1,31,,1121866,1,,,1,74,,1121874,1,,,1,31,,1121853,1,,,1,72,,1121876,1,,,1,30,,1121872,1,,,1,70,,1121869,1,,,1,31,,1121855,1,,,1,71,,1121862,1,,,1,30,,1121873,1,,,1,75,,1121875,1,,,1,100,,1121857,1,,,1
1900,'9',817,,1121892,1,,,1,28,,1121885,1,,,1,70,,1121881,1,,,1,30,,1121891,1,,,1,70,,1121880,1,,,1,30,,1121882,1,,,1,70,,1121903,1,,,1,30,,1121893,1,,,1,70,,1121896,1,,,1,30,,1121884,1,,,1,70,,1102242,1,,,1,30,,1121888,1,,,1,70,,1094740,1,,,1,30,,1121901,1,,,1,65,,1121899,1,,,1,30,,1121879,1,,,1,70,,1077411,1,,,1,31,,1121883,1,,,1,74,,1121894,1,,,1,31,,1121895,1,,,1,72,,1087417,1,,,1,30,,1121902,1,,,1,70,,1121890,1,,,1,31,,1121889,1,,,1,71,,1121878,1,,,1,30,,948912,1,,,1,75,,1121900,1,,,1,100,,1033838,1,,,1
1901,'1',856,,1121904,47,4,,1,70,,1121927,47,4,,1,30,,1121909,47,4,,1,69,,965837,47,4,,1,25,,1009510,47,4,,1,69,,1121928,47,4,,1,31,,1121908,47,4,,1,72,,1121925,47,4,,1,30,,1121923,47,4,,1,70,,1121918,47,4,,1,33,,1121912,47,4,,1,71,,1121916,47,4,,1,32,,1121907,47,4,,1,78,,969117,47,4,,1,74,,1121932,47,4,,1,28,,1121914,47,4,,1,73,,1121919,47,4,,1,29,,1121917,47,4,,1,70,,980045,47,4,,1,27,,1121905,47,4,,1,66,,1019211,47,4,,1,30,,1121922,47,4,,1,23,,1121931,47,4,,1,69,,1121906,47,4,,1,27,,1121910,47,4,,1,64,,1094600,47,4,,1,25,,1121921,47,4,,1,97,,1095905,47,4,,1
1901,'10',856,,1121933,47,4,,1,70,,1121956,47,4,,1,30,,1121938,47,4,,1,69,,965559,47,4,,1,25,,1009548,47,4,,1,69,,1121957,47,4,,1,31,,1121937,47,4,,1,72,,1121954,47,4,,1,30,,1121952,47,4,,1,70,,1121947,47,4,,1,33,,1121941,47,4,,1,71,,1121945,47,4,,1,32,,1121936,47,4,,1,78,,968791,47,4,,1,74,,1121961,47,4,,1,28,,1121943,47,4,,1,73,,1121948,47,4,,1,29,,1121946,47,4,,1,70,,979778,47,4,,1,27,,1121934,47,4,,1,66,,1019294,47,4,,1,30,,1121951,47,4,,1,23,,1121960,47,4,,1,69,,1121935,47,4,,1,27,,1121939,47,4,,1,64,,1094430,47,4,,1,25,,1121950,47,4,,1,97,,1095763,47,4,,1
1901,'11',856,,1121962,47,4,,1,70,,1121985,47,4,,1,30,,1121967,47,4,,1,69,,965795,47,4,,1,25,,1009500,47,4,,1,69,,1121986,47,4,,1,31,,1121966,47,4,,1,72,,1121983,47,4,,1,30,,1121981,47,4,,1,70,,1121976,47,4,,1,33,,1121970,47,4,,1,71,,1121974,47,4,,1,32,,1121965,47,4,,1,78,,969065,47,4,,1,74,,1121990,47,4,,1,28,,1121972,47,4,,1,73,,1121977,47,4,,1,29,,1121975,47,4,,1,70,,979995,47,4,,1,27,,1121963,47,4,,1,66,,1019186,47,4,,1,30,,1121980,47,4,,1,23,,1121989,47,4,,1,69,,1121964,47,4,,1,27,,1121968,47,4,,1,64,,1094642,47,4,,1,25,,1121979,47,4,,1,97,,1095941,47,4,,1
1901,'12',856,,1122017,47,4,,1,70,,1122018,47,4,,1,30,,1122009,47,4,,1,69,,1121994,47,4,,1,25,,1122004,47,4,,1,69,,1122023,47,4,,1,31,,1122022,47,4,,1,72,,1122024,47,4,,1,30,,1074896,47,4,,1,70,,1122014,47,4,,1,33,,1121997,47,4,,1,71,,1122001,47,4,,1,32,,1122021,47,4,,1,78,,1122002,47,4,,1,74,,1122020,47,4,,1,28,,1122003,47,4,,1,73,,1121998,47,4,,1,29,,1122015,47,4,,1,70,,1121993,47,4,,1,27,,1122005,47,4,,1,66,,1122013,47,4,,1,30,,1121999,47,4,,1,23,,1122000,47,4,,1,69,,1122011,47,4,,1,27,,1121991,47,4,,1,64,,1121996,47,4,,1,25,,1121995,47,4,,1,97,,1122008,47,4,,1
1901,'13',934,,1122048,47,4,,1,70,,1122049,47,4,,1,32,,1122026,47,4,,1,71,,1122044,47,4,,1,30,,1122027,47,4,,1,70,,1122040,47,4,,1,30,,1122045,47,4,,1,71,,1122030,47,4,,1,30,,1122038,47,4,,1,70,,1082583,47,4,,1,30,,1067234,47,4,,1,70,,1122041,47,4,,1,30,,1122042,47,4,,1,70,,1122046,47,4,,1,30,,1122035,47,4,,1,69,,1122029,47,4,,1,30,,1122034,47,4,,1,70,,1122031,47,4,,1,30,,1122047,47,4,,1,69,,1122032,47,4,,1,30,,1122043,47,4,,1
1901,'14',856,,1122053,47,4,,1,70,,1122079,47,4,,1,30,,1122059,47,4,,1,69,,1122052,47,4,,1,25,,1122060,47,4,,1,69,,1122080,47,4,,1,31,,1122058,47,4,,1,72,,1122076,47,4,,1,30,,1122074,47,4,,1,70,,1122069,47,4,,1,33,,1122063,47,4,,1,71,,1122067,47,4,,1,32,,1122057,47,4,,1,78,,1122077,47,4,,1,74,,1122085,47,4,,1,28,,1122065,47,4,,1,73,,1122070,47,4,,1,29,,1122068,47,4,,1,70,,1122082,47,4,,1,27,,1122054,47,4,,1,66,,1122055,47,4,,1,30,,1122073,47,4,,1,23,,1122084,47,4,,1,69,,1122056,47,4,,1,27,,1122061,47,4,,1,64,,1122051,47,4,,1,25,,1122072,47,4,,1,97,,1122050,47,4,,1
1901,'15',856,,1122096,47,4,,1,70,,1122102,47,4,,1,30,,1122112,47,4,,1,69,,1122089,47,4,,1,25,,1122106,47,4,,1,69,,1122114,47,4,,1,31,,1122118,47,4,,1,72,,1122091,47,4,,1,30,,1122103,47,4,,1,70,,1122121,47,4,,1,33,,1122109,47,4,,1,71,,1122094,47,4,,1,32,,1122098,47,4,,1,78,,1122110,47,4,,1,74,,1122086,47,4,,1,28,,1122120,47,4,,1,73,,1122108,47,4,,1,29,,1122116,47,4,,1,70,,1122100,47,4,,1,27,,1122119,47,4,,1,66,,1122104,47,4,,1,30,,1122095,47,4,,1,23,,1122090,47,4,,1,69,,1122113,47,4,,1,27,,1122097,47,4,,1,64,,1122117,47,4,,1,25,,1122099,47,4,,1,97,,1122101,47,4,,1
1901,'16',856,,1122146,47,4,,1,70,,1122147,47,4,,1,30,,1122139,47,4,,1,69,,1063648,47,4,,1,25,,1122134,47,4,,1,69,,1122152,47,4,,1,31,,1122151,47,4,,1,72,,1095663,47,4,,1,30,,1122125,47,4,,1,70,,1122143,47,4,,1,33,,1122127,47,4,,1,71,,1122131,47,4,,1,32,,1122150,47,4,,1,78,,1122132,47,4,,1,74,,1122149,47,4,,1,28,,1122133,47,4,,1,73,,1122128,47,4,,1,29,,1122144,47,4,,1,70,,1122124,47,4,,1,27,,1122135,47,4,,1,66,,1122142,47,4,,1,30,,1122129,47,4,,1,23,,1122130,47,4,,1,69,,1122140,47,4,,1,27,,1122122,47,4,,1,64,,1122126,47,4,,1,25,,1101624,47,4,,1,97,,1122138,47,4,,1
1901,'17',934,,1122179,47,4,,1,70,,1122180,47,4,,1,32,,1122153,47,4,,1,71,,1122174,47,4,,1,30,,1122154,47,4,,1,70,,1122170,47,4,,1,30,,1122175,47,4,,1,71,,1122158,47,4,,1,30,,1122168,47,4,,1,70,,1122178,47,4,,1,30,,1122160,47,4,,1,70,,1122171,47,4,,1,30,,1122172,47,4,,1,70,,1122176,47,4,,1,30,,1122165,47,4,,1,69,,1122157,47,4,,1,30,,1122164,47,4,,1,70,,1122161,47,4,,1,30,,1122177,47,4,,1,69,,1122162,47,4,,1,30,,1122173,47,4,,1
1901,'2',901,,1122195,47,4,,1,30,,1122196,47,4,,1,70,,1122182,47,4,,1,32,,1122198,47,4,,1,71,,1122187,47,4,,1,30,,1122199,47,4,,1,70,,1122194,47,4,,1,30,,1122188,47,4,,1,71,,1122200,47,4,,1,30,,1122203,47,4,,1,70,,1122209,47,4,,1,30,,1054758,47,4,,1,70,,1122184,47,4,,1,30,,1122192,47,4,,1,70,,1122208,47,4,,1,30,,1122183,47,4,,1,69,,1122190,47,4,,1,30,,1122202,47,4,,1,70,,1122186,47,4,,1,30,,1122205,47,4,,1,69,,1122197,47,4,,1,30,,1122189,47,4,,1,70,,1122207,47,4,,1,30,,1122206,47,4,,1,68,,1122201,47,4,,1,30,,1122191,47,4,,1
1901,'3',934,,1122236,47,4,,1,70,,1122237,47,4,,1,32,,1122210,47,4,,1,71,,1122231,47,4,,1,30,,1122211,47,4,,1,70,,1122227,47,4,,1,30,,1122232,47,4,,1,71,,1122215,47,4,,1,30,,1122225,47,4,,1,70,,1122235,47,4,,1,30,,1122217,47,4,,1,70,,1122228,47,4,,1,30,,1122229,47,4,,1,70,,1122233,47,4,,1,30,,1122222,47,4,,1,69,,1122214,47,4,,1,30,,1122221,47,4,,1,70,,1122218,47,4,,1,30,,1122234,47,4,,1,69,,1122219,47,4,,1,30,,1122230,47,4,,1
1901,'4',934,,1122263,47,4,,1,70,,1122264,47,4,,1,32,,1122252,47,4,,1,71,,1122245,47,4,,1,30,,1122240,47,4,,1,70,,1122241,47,4,,1,30,,1122259,47,4,,1,71,,1074855,47,4,,1,30,,1122249,47,4,,1,70,,1122250,47,4,,1,30,,1122247,47,4,,1,70,,1122253,47,4,,1,30,,1122243,47,4,,1,70,,1122238,47,4,,1,30,,1122256,47,4,,1,69,,1122244,47,4,,1,30,,1122258,47,4,,1,70,,1122248,47,4,,1,30,,1122239,47,4,,1,69,,1122251,47,4,,1,30,,1122254,47,4,,1
1901,'5',856,,1122265,47,4,,1,70,,1122288,47,4,,1,30,,1122270,47,4,,1,69,,965970,47,4,,1,25,,1009458,47,4,,1,69,,1122289,47,4,,1,31,,1122269,47,4,,1,72,,1122286,47,4,,1,30,,1122284,47,4,,1,70,,1122279,47,4,,1,33,,1122273,47,4,,1,71,,1122277,47,4,,1,32,,1122268,47,4,,1,78,,969288,47,4,,1,74,,1122293,47,4,,1,28,,1122275,47,4,,1,73,,1122280,47,4,,1,29,,1122278,47,4,,1,70,,980201,47,4,,1,27,,1122266,47,4,,1,66,,1019074,47,4,,1,30,,1122283,47,4,,1,23,,1122292,47,4,,1,69,,1122267,47,4,,1,27,,1122271,47,4,,1,64,,1094577,47,4,,1,25,,1122282,47,4,,1,97,,1095886,47,4,,1
1901,'6',856,,1122316,47,4,,1,70,,1122317,47,4,,1,30,,1122308,47,4,,1,69,,1122294,47,4,,1,25,,1122304,47,4,,1,69,,1064983,47,4,,1,31,,1122320,47,4,,1,72,,1122321,47,4,,1,30,,1122296,47,4,,1,70,,1122313,47,4,,1,33,,995722,47,4,,1,71,,1122301,47,4,,1,32,,1122319,47,4,,1,78,,1122302,47,4,,1,74,,1034292,47,4,,1,28,,1122303,47,4,,1,73,,1122298,47,4,,1,29,,1122314,47,4,,1,70,,1027913,47,4,,1,27,,1122305,47,4,,1,66,,1122312,47,4,,1,30,,1122299,47,4,,1,23,,1122300,47,4,,1,69,,1122310,47,4,,1,27,,971018,47,4,,1,64,,1122297,47,4,,1,25,,1122295,47,4,,1,97,,1122307,47,4,,1
1901,'7',901,,1122352,47,4,,1,30,,1122332,47,4,,1,70,,1122350,47,4,,1,32,,1122324,47,4,,1,71,,1122349,47,4,,1,30,,1122323,47,4,,1,70,,1122339,47,4,,1,30,,1122329,47,4,,1,71,,1122335,47,4,,1,30,,1122328,47,4,,1,70,,1122348,47,4,,1,30,,1122334,47,4,,1,70,,1122327,47,4,,1,30,,1122351,47,4,,1,70,,1122345,47,4,,1,30,,1122337,47,4,,1,69,,1122325,47,4,,1,30,,1122343,47,4,,1,70,,1122331,47,4,,1,30,,1122347,47,4,,1,69,,1122326,47,4,,1,30,,1122330,47,4,,1,70,,1122336,47,4,,1,30,,1122346,47,4,,1,68,,1122340,47,4,,1,30,,1122341,47,4,,1
1901,'8',856,,1122380,47,4,,1,70,,1122381,47,4,,1,30,,1122372,47,4,,1,69,,1122356,47,4,,1,25,,1122367,47,4,,1,69,,1122386,47,4,,1,31,,1122385,47,4,,1,72,,1122387,47,4,,1,30,,1122358,47,4,,1,70,,1122377,47,4,,1,33,,1122360,47,4,,1,71,,1122364,47,4,,1,32,,1122384,47,4,,1,78,,1122365,47,4,,1,74,,1122383,47,4,,1,28,,1122366,47,4,,1,73,,1122361,47,4,,1,29,,1122378,47,4,,1,70,,1122355,47,4,,1,27,,1122368,47,4,,1,66,,1122376,47,4,,1,30,,1122362,47,4,,1,23,,1122363,47,4,,1,69,,1122374,47,4,,1,27,,1122353,47,4,,1,64,,1122359,47,4,,1,25,,1122357,47,4,,1,97,,1122371,47,4,,1
1901,'9',856,,1122389,47,4,,1,70,,1122412,47,4,,1,30,,1122394,47,4,,1,69,,965928,47,4,,1,25,,1009520,47,4,,1,69,,1122413,47,4,,1,31,,1122393,47,4,,1,72,,1122410,47,4,,1,30,,1122408,47,4,,1,70,,1122403,47,4,,1,33,,1122397,47,4,,1,71,,1122401,47,4,,1,32,,1122392,47,4,,1,78,,969236,47,4,,1,74,,1122417,47,4,,1,28,,1122399,47,4,,1,73,,1122404,47,4,,1,29,,1122402,47,4,,1,70,,980151,47,4,,1,27,,1122390,47,4,,1,66,,1019236,47,4,,1,30,,1122407,47,4,,1,23,,1122416,47,4,,1,69,,1122391,47,4,,1,27,,1122395,47,4,,1,64,,1094480,47,4,,1,25,,1122406,47,4,,1,97,,1095804,47,4,,1
3900,'1',358,,1134022,27,,,1,65,,1133987,27,,,1,27,,1133988,27,,,1,71,,1134017,28,4,,1,2017,,1133967,28,,,1,70,,1134030,28,,,1,30,,1134016,28,,,1,71,,1133980,28,,,1
3900,'10',358,,1134095,27,,,1,65,,1134060,27,,,1,27,,1134061,27,,,1,71,,1134090,28,4,,1,2017,,1134040,28,,,1,70,,1134103,28,,,1,30,,1134089,28,,,1,71,,1134053,28,,,1
3900,'11',358,,1134168,27,,,1,65,,1134133,27,,,1,27,,1134134,27,,,1,71,,1134163,28,4,,1,2017,,1134113,28,,,1,70,,1134176,28,,,1,30,,1134162,28,,,1,71,,1134126,28,,,1
3900,'12',358,,949401,27,,,1,65,,1134251,27,,,1,27,,1134196,27,,,1,71,,1134202,28,4,,1,2017,,1134247,28,,,1,70,,1134214,28,,,1,30,,1134216,28,,,1,71,,1134256,28,,,1
3900,'13',400,,1134285,27,,,1,30,,1134277,27,,,1,71,,1134258,27,,,1,30,,1134323,27,,,1,70,,1134298,27,,,1,30,,1134257,27,,,1,70,,1134280,27,,,1,26,,1134322,23,,,1,30,,1134295,23,,,1,1579,,1134293,23,,,1,66,,1134326,23,,,1,30,,1134266,23,,,1,70,,1134270,23,,,1,30,,1134303,23,,,1,70,,1134269,23,,,1,30,,1134268,23,,,1,70,,1134304,23,,,1,30,,1134301,23,,,1
3900,'14',358,,1134396,27,,,1,65,,1134360,27,,,1,27,,1134361,27,,,1,71,,1134391,28,4,,1,2017,,1134336,28,,,1,70,,1134404,28,,,1,30,,1134390,28,,,1,71,,1134353,28,,,1
3900,'15',358,,1134438,27,,,1,65,,1134418,27,,,1,27,,1134472,27,,,1,71,,1134429,28,4,,1,2017,,1134474,28,,,1,70,,1134436,28,,,1,30,,1134463,28,,,1,71,,1134464,28,,,1
3900,'16',358,,1134499,27,,,1,65,,1100278,27,,,1,27,,1134513,27,,,1,71,,1134519,28,4,,1,2017,,1134562,28,,,1,70,,1134531,28,,,1,30,,1082259,28,,,1,71,,1134572,28,,,1
3900,'17',400,,1134601,27,,,1,30,,1134593,27,,,1,71,,1134574,27,,,1,30,,1134639,27,,,1,70,,1134614,27,,,1,30,,1134573,27,,,1,70,,1134596,27,,,1,26,,1134638,23,,,1,30,,1134611,23,,,1,1579,,1134609,23,,,1,66,,1134643,23,,,1,30,,1134582,23,,,1,70,,1134586,23,,,1,30,,1134619,23,,,1,70,,1134585,23,,,1,30,,1134584,23,,,1,70,,1134620,23,,,1,30,,1134617,23,,,1
3900,'2',347,,1134684,23,,,1,64,,1134674,27,,,1,31,,1134649,27,,,1,70,,1134663,27,,,1,30,,1134655,27,,,1,70,,1134680,27,,,1,2016,,1087403,23,,,1,30,,1134713,23,,,1,70,,1134667,23,,,1
3900,'3',400,,1134751,27,,,1,30,,1134743,27,,,1,71,,1134724,27,,,1,30,,1134789,27,,,1,70,,1134764,27,,,1,30,,1134723,27,,,1,70,,1134746,27,,,1,26,,1134788,23,,,1,30,,1134761,23,,,1,1579,,1134759,23,,,1,66,,1134793,23,,,1,30,,1134732,23,,,1,70,,1134736,23,,,1,30,,1134769,23,,,1,70,,1134735,23,,,1,30,,1134734,23,,,1,70,,1134770,23,,,1,30,,1134767,23,,,1
3900,'4',400,,1134846,27,,,1,30,,1134800,27,,,1,71,,1134863,27,,,1,30,,1134830,27,,,1,70,,1134823,27,,,1,30,,1134815,27,,,1,70,,1134845,27,,,1,26,,1134840,23,,,1,30,,1134812,23,,,1,1579,,1134810,23,,,1,66,,1134857,23,,,1,30,,1134821,23,,,1,70,,1134869,23,,,1,30,,1134843,23,,,1,70,,1134870,23,,,1,30,,1134831,23,,,1,70,,1134852,23,,,1,30,,1134864,23,,,1
3900,'5',358,,1134932,27,,,1,65,,1134897,27,,,1,27,,1134898,27,,,1,71,,1134927,28,4,,1,2017,,1134877,28,,,1,70,,1134940,28,,,1,30,,1134926,28,,,1,71,,1134890,28,,,1
3900,'6',358,,1134950,27,,,1,65,,1135014,27,,,1,27,,1134961,27,,,1,71,,1134967,28,4,,1,2017,,1135011,28,,,1,70,,1134980,28,,,1,30,,1134982,28,,,1,71,,1096200,28,,,1
3900,'7',347,,1135052,23,,,1,64,,1135076,27,,,1,31,,1135074,27,,,1,70,,1135065,27,,,1,30,,1135032,27,,,1,70,,1135096,27,,,1,2016,,1135082,23,,,1,30,,1135030,23,,,1,70,,1135098,23,,,1
3900,'8',358,,1135103,27,,,1,65,,1135174,27,,,1,27,,1135118,27,,,1,71,,1135124,28,4,,1,2017,,1135170,28,,,1,70,,1135137,28,,,1,30,,1135139,28,,,1,71,,1135182,28,,,1
3900,'9',358,,1135241,27,,,1,65,,1135206,27,,,1,27,,1135207,27,,,1,71,,1135236,28,4,,1,2017,,1135186,28,,,1,70,,1135249,28,,,1,30,,1135235,28,,,1,71,,1135199,28,,,1
3901,'1',340,,1135282,9,0,137 26,1,70,,1057405,9,0,137 26,1,25,,1091611,9,0,137 26,1,2107,,1135259,9,0,73,1,73,,1135288,9,0,73,1,30,,1135294,9,0,73,1,70,,1135309,9,0,73,1
3901,'10',340,,1135342,9,0,137 26,1,70,,1057496,9,0,137 26,1,25,,1091442,9,0,137 26,1,2107,,1135319,9,0,73,1,73,,1135348,9,0,73,1,30,,1135354,9,0,73,1,70,,1135369,9,0,73,1
3901,'11',340,,1135402,9,0,137 26,1,70,,1057378,9,0,137 26,1,25,,1091668,9,0,137 26,1,2107,,1135379,9,0,73,1,73,,1135408,9,0,73,1,30,,1135414,9,0,73,1,70,,1135429,9,0,73,1
3901,'12',340,,1135471,9,0,137 26,1,70,,1135450,9,0,137 26,1,25,,1135490,9,0,137 26,1,2107,,1135468,9,0,73,1,73,,1135495,9,0,73,1,30,,1083858,9,0,73,1,70,,1135463,9,0,73,1
3901,'13',344,,1135561,9,0,137 26,1,70,,1135518,9,0,137 26,1,30,,1135575,9,0,137 26,1,70,,1135512,9,0,137 26,1,30,,1135511,9,0,137 26,1,70,,1135536,9,0,137 26,1,31,,1135527,9,0,137 26,1,70,,1135529,9,0,137 26,1,30,,1135554,9,0,137 26,1,56,,1135565,9,0,137 26,1,1551,,1135522,9,0,137 26,1,70,,1135525,9,0,137 26,1,30,,1135539,9,0,137 26,1,70,,1135566,9,0,137 26,1,30,,1135533,9,0,137 26,1,70,,1135572,9,0,137 26,1,30,,1135537,9,0,137 26,1
3901,'14',340,,1135619,9,0,137 26,1,70,,1135582,9,0,137 26,1,25,,1135595,9,0,137 26,1,2107,,1135585,9,0,73,1,73,,1135625,9,0,73,1,30,,1135631,9,0,73,1,70,,1135646,9,0,73,1
3901,'15',340,,1135683,9,0,137 26,1,70,,1135728,9,0,137 26,1,25,,1135704,9,0,137 26,1,2107,,1135732,9,0,73,1,73,,1135673,9,0,73,1,30,,1135710,9,0,73,1,70,,1135725,9,0,73,1
3901,'16',340,,1135772,9,0,137 26,1,70,,1135754,9,0,137 26,1,25,,1135791,9,0,137 26,1,2107,,1135769,9,0,73,1,73,,1135797,9,0,73,1,30,,1135808,9,0,73,1,70,,1135764,9,0,73,1
3901,'17',344,,1135867,9,0,137 26,1,70,,1135820,9,0,137 26,1,30,,1135881,9,0,137 26,1,70,,1135814,9,0,137 26,1,30,,1135812,9,0,137 26,1,70,,1135842,9,0,137 26,1,31,,1135832,9,0,137 26,1,70,,1135835,9,0,137 26,1,30,,1135860,9,0,137 26,1,56,,1135871,9,0,137 26,1,1551,,1135827,9,0,137 26,1,70,,1135830,9,0,137 26,1,30,,1135845,9,0,137 26,1,70,,1135872,9,0,137 26,1,30,,1135839,9,0,137 26,1,70,,1135878,9,0,137 26,1,30,,1135843,9,0,137 26,1
3901,'2',346,,1135916,9,0,137 26,1,70,,1135933,9,0,137 26,1,30,,1135894,9,0,137 26,1,70,,1135906,9,0,137 26,1,30,,1135895,9,0,137 26,1,2088,,1135922,9,0,137 26,1,71,,1135926,9,0,137 26,1
3901,'3',344,,1136011,9,0,137 26,1,70,,1135964,9,0,137 26,1,30,,1136025,9,0,137 26,1,70,,1135958,9,0,137 26,1,30,,1135956,9,0,137 26,1,70,,1135986,9,0,137 26,1,31,,1135976,9,0,137 26,1,70,,1135979,9,0,137 26,1,30,,1136004,9,0,137 26,1,56,,1136015,9,0,137 26,1,1551,,1135971,9,0,137 26,1,70,,1135974,9,0,137 26,1,30,,1135989,9,0,137 26,1,70,,1136016,9,0,137 26,1,30,,1135983,9,0,137 26,1,70,,1136022,9,0,137 26,1,30,,1135987,9,0,137 26,1
3901,'4',344,,1136037,9,0,137 26,1,70,,1136031,9,0,137 26,1,30,,1136085,9,0,137 26,1,70,,1136074,9,0,137 26,1,30,,1096069,9,0,137 26,1,70,,1053723,9,0,137 26,1,31,,1136059,9,0,137 26,1,70,,1136055,9,0,137 26,1,30,,1136044,9,0,137 26,1,56,,1136061,9,0,137 26,1,1551,,1136042,9,0,137 26,1,70,,1097746,9,0,137 26,1,30,,1069982,9,0,137 26,1,70,,1136090,9,0,137 26,1,30,,1136041,9,0,137 26,1,70,,1136064,9,0,137 26,1,30,,1136070,9,0,137 26,1
3901,'5',340,,1136117,9,0,137 26,1,70,,1057270,9,0,137 26,1,25,,1091582,9,0,137 26,1,2107,,1136094,9,0,73,1,73,,1136123,9,0,73,1,30,,1136129,9,0,73,1,70,,1136144,9,0,73,1
3901,'6',340,,1136177,9,0,137 26,1,70,,1136159,9,0,137 26,1,25,,1136196,9,0,137 26,1,2107,,1136174,9,0,73,1,73,,1136200,9,0,73,1,30,,1136206,9,0,73,1,70,,1136170,9,0,73,1
3901,'7',346,,1136266,9,0,137 26,1,70,,1136241,9,0,137 26,1,30,,1136280,9,0,137 26,1,70,,1136247,9,0,137 26,1,30,,1136256,9,0,137 26,1,2088,,1136244,9,0,137 26,1,71,,1136239,9,0,137 26,1
3901,'8',340,,1136326,9,0,137 26,1,70,,1136305,9,0,137 26,1,25,,1136345,9,0,137 26,1,2107,,1136323,9,0,73,1,73,,1136351,9,0,73,1,30,,1136362,9,0,73,1,70,,1136318,9,0,73,1
3901,'9',340,,1136394,9,0,137 26,1,70,,1057432,9,0,137 26,1,25,,1091493,9,0,137 26,1,2107,,1136371,9,0,73,1,73,,1136400,9,0,73,1,30,,1136406,9,0,73,1,70,,1136421,9,0,73,1
4200,'1',515,,1139749,1,,,1,93,,1139747,1,,,1,29,,1139748,1,,,1,68,,1077948,1,,,1,24,,1139746,1,,,1,72,,1139764,1,,,1,35,,1139762,1,,,1,73,,1139767,1,,,1,31,,1139758,1,,,1,70,,1139757,1,,,1,30,,1062106,1,,,1,70,,1139751,1,,,1,28,,1062139,1,,,1,70,,1139742,1,,,1,29,,1139743,1,,,1,70,,1139753,1,,,1,30,,1139754,1,,,1,70,,1139760,1,,,1,27,,1139750,1,,,1,68,,1139741,1,,,1,32,,1139744,1,,,1,70,,1139765,1,,,1,30,,1139745,1,,,1,70,,1090484,1,,,1,32,,1139755,1,,,1,68,,1100049,1,,,1,30,,1139759,1,,,1,70,,1139766,1,,,1,30,,1100727,1,,,1,70,,1139761,1,,,1,30,,1139756,1,,,1,20,,1139752,1,,,1,55,,1139763,1,,,1
4200,'10',515,,1139776,1,,,1,93,,1139774,1,,,1,29,,1139775,1,,,1,68,,1077739,1,,,1,24,,1139773,1,,,1,72,,1139791,1,,,1,35,,1139789,1,,,1,73,,1139794,1,,,1,31,,1139785,1,,,1,70,,1139784,1,,,1,30,,1061873,1,,,1,70,,1139778,1,,,1,28,,1061906,1,,,1,70,,1139769,1,,,1,29,,1139770,1,,,1,70,,1139780,1,,,1,30,,1139781,1,,,1,70,,1139787,1,,,1,27,,1139777,1,,,1,68,,1139768,1,,,1,32,,1139771,1,,,1,70,,1139792,1,,,1,30,,1139772,1,,,1,70,,1090327,1,,,1,32,,1139782,1,,,1,68,,1099905,1,,,1,30,,1139786,1,,,1,70,,1139793,1,,,1,30,,1100591,1,,,1,70,,1139788,1,,,1,30,,1139783,1,,,1,20,,1139779,1,,,1,55,,1139790,1,,,1
4200,'11',515,,1139803,1,,,1,93,,1139801,1,,,1,29,,1139802,1,,,1,68,,1078011,1,,,1,24,,1139800,1,,,1,72,,1139818,1,,,1,35,,1139816,1,,,1,73,,1139821,1,,,1,31,,1139812,1,,,1,70,,1139811,1,,,1,30,,1062181,1,,,1,70,,1139805,1,,,1,28,,1062214,1,,,1,70,,1139796,1,,,1,29,,1139797,1,,,1,70,,1139807,1,,,1,30,,1139808,1,,,1,70,,1139814,1,,,1,27,,1139804,1,,,1,68,,1139795,1,,,1,32,,1139798,1,,,1,70,,1139819,1,,,1,30,,1139799,1,,,1,70,,1090527,1,,,1,32,,1139809,1,,,1,68,,1100093,1,,,1,30,,1139813,1,,,1,70,,1139820,1,,,1,30,,1100765,1,,,1,70,,1139815,1,,,1,30,,1139810,1,,,1,20,,1139806,1,,,1,55,,1139817,1,,,1
4200,'12',515,,1139833,1,,,1,93,,1139827,1,,,1,29,,1139849,1,,,1,68,,1139846,1,,,1,24,,1139826,1,,,1,72,,1139844,1,,,1,35,,1139841,1,,,1,73,,1139822,1,,,1,31,,1139834,1,,,1,70,,1139840,1,,,1,30,,1139847,1,,,1,70,,1139845,1,,,1,28,,1139842,1,,,1,70,,1139843,1,,,1,29,,1139835,1,,,1,70,,1139823,1,,,1,30,,1139838,1,,,1,70,,1139828,1,,,1,27,,1139829,1,,,1,68,,1139831,1,,,1,32,,1139832,1,,,1,70,,1139839,1,,,1,30,,1139836,1,,,1,70,,1139825,1,,,1,32,,1085933,1,,,1,68,,1139852,1,,,1,30,,1139837,1,,,1,70,,1139853,1,,,1,30,,1139848,1,,,1,70,,1139851,1,,,1,30,,1139830,1,,,1,20,,1139850,1,,,1,55,,1139824,1,,,1
4200,'13',704,,1139869,1,,,1,99,,1139858,1,,,1,100,,1139854,1,,,1,30,,1139862,1,,,1,70,,995876,1,,,1,30,,1139866,1,,,1,70,,1139868,1,,,1,30,,1139867,1,,,1,70,,1139865,1,,,1,30,,1139863,1,,,1,70,,1092087,1,,,1,30,,1139864,1,,,1,70,,1139859,1,,,1,30,,1139856,1,,,1,70,,1139857,1,,,1,30,,1139870,1,,,1,70,,1139855,1,,,1,30,,1139860,1,,,1,70,,1139861,1,,,1,100,,1139871,1,,,1
4200,'14',515,,1139884,1,,,1,93,,1139882,1,,,1,29,,1139883,1,,,1,68,,1139879,1,,,1,24,,1139881,1,,,1,72,,1139899,1,,,1,35,,1139897,1,,,1,73,,1139903,1,,,1,31,,1139893,1,,,1,70,,1139892,1,,,1,30,,1139872,1,,,1,70,,1139886,1,,,1,28,,1139901,1,,,1,70,,1139875,1,,,1,29,,1139877,1,,,1,70,,1139888,1,,,1,30,,1139889,1,,,1,70,,1139895,1,,,1,27,,1139885,1,,,1,68,,1139874,1,,,1,32,,1139878,1,,,1,70,,1139900,1,,,1,30,,1139880,1,,,1,70,,1139876,1,,,1,32,,1139890,1,,,1,68,,1139904,1,,,1,30,,1139894,1,,,1,70,,1139902,1,,,1,30,,1139873,1,,,1,70,,1139896,1,,,1,30,,1139891,1,,,1,20,,1139887,1,,,1,55,,1139898,1,,,1
4200,'15',515,,1139927,1,,,1,93,,1139923,1,,,1,29,,1139930,1,,,1,68,,1139915,1,,,1,24,,1139908,1,,,1,72,,1139906,1,,,1,35,,1139931,1,,,1,73,,1139933,1,,,1,31,,1139911,1,,,1,70,,1139913,1,,,1,30,,1139920,1,,,1,70,,1139917,1,,,1,28,,1139928,1,,,1,70,,1139905,1,,,1,29,,1139919,1,,,1,70,,1139914,1,,,1,30,,1139910,1,,,1,70,,1139925,1,,,1,27,,1139907,1,,,1,68,,1139936,1,,,1,32,,1139918,1,,,1,70,,1139932,1,,,1,30,,1139937,1,,,1,70,,1139935,1,,,1,32,,1139922,1,,,1,68,,1139929,1,,,1,30,,1139921,1,,,1,70,,1139924,1,,,1,30,,1139916,1,,,1,70,,1139909,1,,,1,30,,1139912,1,,,1,20,,1139934,1,,,1,55,,1139926,1,,,1
4200,'16',515,,1139948,1,,,1,93,,1139944,1,,,1,29,,1139964,1,,,1,68,,1139961,1,,,1,24,,1139943,1,,,1,72,,1139959,1,,,1,35,,1139956,1,,,1,73,,1139938,1,,,1,31,,1139949,1,,,1,70,,1139955,1,,,1,30,,1139962,1,,,1,70,,1139960,1,,,1,28,,1139957,1,,,1,70,,1139958,1,,,1,29,,1139950,1,,,1,70,,1139939,1,,,1,30,,1139953,1,,,1,70,,1139945,1,,,1,27,,1098168,1,,,1,68,,1139947,1,,,1,32,,1073655,1,,,1,70,,1139954,1,,,1,30,,1139951,1,,,1,70,,1139941,1,,,1,32,,1139942,1,,,1,68,,1139967,1,,,1,30,,1139952,1,,,1,70,,1139968,1,,,1,30,,1139963,1,,,1,70,,1139966,1,,,1,30,,1139946,1,,,1,20,,1139965,1,,,1,55,,1139940,1,,,1
4200,'17',704,,1139986,1,,,1,99,,1139975,1,,,1,100,,1139971,1,,,1,30,,1139979,1,,,1,70,,1139969,1,,,1,30,,1139983,1,,,1,70,,1139985,1,,,1,30,,1139984,1,,,1,70,,1139982,1,,,1,30,,1139980,1,,,1,70,,1139970,1,,,1,30,,1139981,1,,,1,70,,1139976,1,,,1,30,,1139973,1,,,1,70,,1139974,1,,,1,30,,1139987,1,,,1,70,,1139972,1,,,1,30,,1139977,1,,,1,70,,1139978,1,,,1,100,,1139988,1,,,1
4200,'2',539,,1139996,1,,,1,100,,1077178,1,,,1,100,,1139993,1,,,1,70,,1140007,1,,,1,30,,1140009,1,,,1,70,,1139994,1,,,1,30,,1139999,1,,,1,70,,1140011,1,,,1,30,,1140010,1,,,1,70,,1140000,1,,,1,30,,1140005,1,,,1,70,,1139990,1,,,1,27,,1139992,1,,,1,73,,1140002,1,,,1,30,,1139995,1,,,1,70,,1139998,1,,,1,30,,1139991,1,,,1,70,,1140008,1,,,1,30,,1140001,1,,,1,70,,1140004,1,,,1,30,,1140012,1,,,1,67,,1140003,1,,,1,33,,1139989,1,,,1,70,,1140006,1,,,1,30,,1139997,1,,,1
4200,'3',704,,1140030,1,,,1,99,,1140019,1,,,1,100,,1140015,1,,,1,30,,1140023,1,,,1,70,,1140013,1,,,1,30,,1140027,1,,,1,70,,1140029,1,,,1,30,,1140028,1,,,1,70,,1140026,1,,,1,30,,1140024,1,,,1,70,,1140014,1,,,1,30,,1140025,1,,,1,70,,1140020,1,,,1,30,,1140017,1,,,1,70,,1140018,1,,,1,30,,1140031,1,,,1,70,,1140016,1,,,1,30,,1140021,1,,,1,70,,1140022,1,,,1,100,,1140032,1,,,1
4200,'4',704,,1140037,1,,,1,99,,1140045,1,,,1,100,,1140034,1,,,1,30,,1140043,1,,,1,70,,1140042,1,,,1,30,,1095861,1,,,1,70,,1140048,1,,,1,30,,1140035,1,,,1,70,,1140039,1,,,1,30,,1031985,1,,,1,70,,1140046,1,,,1,30,,1140044,1,,,1,70,,1140033,1,,,1,30,,1140038,1,,,1,70,,1140047,1,,,1,30,,1140041,1,,,1,70,,1140036,1,,,1,30,,1075843,1,,,1,70,,1055820,1,,,1,100,,1140040,1,,,1
4200,'5',515,,1140057,1,,,1,93,,1140055,1,,,1,29,,1140056,1,,,1,68,,1077909,1,,,1,24,,1140054,1,,,1,72,,1140072,1,,,1,35,,1140070,1,,,1,73,,1140075,1,,,1,31,,1140066,1,,,1,70,,1140065,1,,,1,30,,1062058,1,,,1,70,,1140059,1,,,1,28,,1062091,1,,,1,70,,1140050,1,,,1,29,,1140051,1,,,1,70,,1140061,1,,,1,30,,1140062,1,,,1,70,,1140068,1,,,1,27,,1140058,1,,,1,68,,1140049,1,,,1,32,,1140052,1,,,1,70,,1140073,1,,,1,30,,1140053,1,,,1,70,,1090460,1,,,1,32,,1140063,1,,,1,68,,1100023,1,,,1,30,,1140067,1,,,1,70,,1140074,1,,,1,30,,1100708,1,,,1,70,,1140069,1,,,1,30,,1140064,1,,,1,20,,1140060,1,,,1,55,,1140071,1,,,1
4200,'6',515,,1140085,1,,,1,93,,1072186,1,,,1,29,,1140100,1,,,1,68,,1140097,1,,,1,24,,1088954,1,,,1,72,,1140095,1,,,1,35,,1140092,1,,,1,73,,987660,1,,,1,31,,1140086,1,,,1,70,,1071375,1,,,1,30,,1140098,1,,,1,70,,1140096,1,,,1,28,,1140093,1,,,1,70,,1140094,1,,,1,29,,1140087,1,,,1,70,,1140076,1,,,1,30,,1140090,1,,,1,70,,1140080,1,,,1,27,,1140081,1,,,1,68,,1140083,1,,,1,32,,1140084,1,,,1,70,,1140091,1,,,1,30,,1140088,1,,,1,70,,1140078,1,,,1,32,,1140079,1,,,1,68,,1140103,1,,,1,30,,1140089,1,,,1,70,,1062266,1,,,1,30,,1140099,1,,,1,70,,1140102,1,,,1,30,,1140082,1,,,1,20,,1140101,1,,,1,55,,1140077,1,,,1
4200,'7',539,,1140123,1,,,1,100,,1140127,1,,,1,100,,1140112,1,,,1,70,,1140109,1,,,1,30,,1140114,1,,,1,70,,1140113,1,,,1,30,,1140125,1,,,1,70,,1140111,1,,,1,30,,1140108,1,,,1,70,,1140117,1,,,1,30,,1140105,1,,,1,70,,1140104,1,,,1,27,,1140107,1,,,1,73,,1140116,1,,,1,30,,1140126,1,,,1,70,,1140119,1,,,1,30,,1140122,1,,,1,70,,1140121,1,,,1,30,,1140124,1,,,1,70,,1140128,1,,,1,30,,1140106,1,,,1,67,,1140118,1,,,1,33,,1140120,1,,,1,70,,1140110,1,,,1,30,,1140115,1,,,1
4200,'8',515,,1140141,1,,,1,93,,1140135,1,,,1,29,,1140157,1,,,1,68,,1140154,1,,,1,24,,1140134,1,,,1,72,,1140152,1,,,1,35,,1140149,1,,,1,73,,1140129,1,,,1,31,,1140142,1,,,1,70,,1140148,1,,,1,30,,1140155,1,,,1,70,,1140153,1,,,1,28,,1140150,1,,,1,70,,1140151,1,,,1,29,,1140143,1,,,1,70,,1140130,1,,,1,30,,1140146,1,,,1,70,,1140136,1,,,1,27,,1140137,1,,,1,68,,1140139,1,,,1,32,,1140140,1,,,1,70,,1140147,1,,,1,30,,1140144,1,,,1,70,,1140132,1,,,1,32,,1140133,1,,,1,68,,1140160,1,,,1,30,,1140145,1,,,1,70,,1140161,1,,,1,30,,1140156,1,,,1,70,,1140159,1,,,1,30,,1140138,1,,,1,20,,1140158,1,,,1,55,,1140131,1,,,1
4200,'9',515,,1140170,1,,,1,93,,1140168,1,,,1,29,,1140169,1,,,1,68,,1077808,1,,,1,24,,1140167,1,,,1,72,,1140185,1,,,1,35,,1140183,1,,,1,73,,1140188,1,,,1,31,,1140179,1,,,1,70,,1140178,1,,,1,30,,1061947,1,,,1,70,,1140172,1,,,1,28,,1061980,1,,,1,70,,1140163,1,,,1,29,,1140164,1,,,1,70,,1140174,1,,,1,30,,1140175,1,,,1,70,,1140181,1,,,1,27,,1140171,1,,,1,68,,1140162,1,,,1,32,,1140165,1,,,1,70,,1140186,1,,,1,30,,1140166,1,,,1,70,,1090378,1,,,1,32,,1140176,1,,,1,68,,1099953,1,,,1,30,,1140180,1,,,1,70,,1140187,1,,,1,30,,1100633,1,,,1,70,,1140182,1,,,1,30,,1140177,1,,,1,20,,1140173,1,,,1,55,,1140184,1,,,1
4201,'1',610,,1140212,36,4,,1,97,,1066147,36,4,,1,31,,1140203,36,4,,1,68,,1140200,36,4,,1,32,,1140205,36,4,,1,15,,1140189,36,4,,1,54,,1140201,36,4,,1,32,,1064429,36,4,,1,70,,1140197,36,4,,1,30,,1140198,36,4,,1,70,,998745,36,4,,1,30,,1140196,36,4,,1,71,,1140209,36,4,,1,31,,1140207,36,4,,1,72,,1140202,36,4,,1,32,,1140191,36,4,,1,70,,1140199,36,4,,1,31,,1140211,36,4,,1,70,,1084746,36,4,,1,31,,1072633,36,4,,1,72,,1002721,36,4,,1,33,,1140194,36,4,,1,72,,1140193,36,4,,1,28,,1140208,36,4,,1,64,,1140195,36,4,,1,23,,1140206,36,4,,1,66,,1140213,36,4,,1,30,,1091285,36,4,,1,70,,1140210,36,4,,1,30,,1140190,36,4,,1,68,,1140192,36,4,,1,32,,1140204,36,4,,1,70,,1140214,36,4,,1
4201,'10',610,,1140238,36,4,,1,97,,1065925,36,4,,1,31,,1140229,36,4,,1,68,,1140226,36,4,,1,32,,1140231,36,4,,1,15,,1140215,36,4,,1,54,,1140227,36,4,,1,32,,1064268,36,4,,1,70,,1140223,36,4,,1,30,,1140224,36,4,,1,70,,998824,36,4,,1,30,,1140222,36,4,,1,71,,1140235,36,4,,1,31,,1140233,36,4,,1,72,,1140228,36,4,,1,32,,1140217,36,4,,1,70,,1140225,36,4,,1,31,,1140237,36,4,,1,70,,1084575,36,4,,1,31,,1072486,36,4,,1,72,,1002891,36,4,,1,33,,1140220,36,4,,1,72,,1140219,36,4,,1,28,,1140234,36,4,,1,64,,1140221,36,4,,1,23,,1140232,36,4,,1,66,,1140239,36,4,,1,30,,1091008,36,4,,1,70,,1140236,36,4,,1,30,,1140216,36,4,,1,68,,1140218,36,4,,1,32,,1140230,36,4,,1,70,,1140240,36,4,,1
4201,'11',610,,1140264,36,4,,1,97,,1066218,36,4,,1,31,,1140255,36,4,,1,68,,1140252,36,4,,1,32,,1140257,36,4,,1,15,,1140241,36,4,,1,54,,1140253,36,4,,1,32,,1064481,36,4,,1,70,,1140249,36,4,,1,30,,1140250,36,4,,1,70,,998723,36,4,,1,30,,1140248,36,4,,1,71,,1140261,36,4,,1,31,,1140259,36,4,,1,72,,1140254,36,4,,1,32,,1140243,36,4,,1,70,,1140251,36,4,,1,31,,1140263,36,4,,1,70,,1084799,36,4,,1,31,,1072674,36,4,,1,72,,1002674,36,4,,1,33,,1140246,36,4,,1,72,,1140245,36,4,,1,28,,1140260,36,4,,1,64,,1140247,36,4,,1,23,,1140258,36,4,,1,66,,1140265,36,4,,1,30,,1091359,36,4,,1,70,,1140262,36,4,,1,30,,1140242,36,4,,1,68,,1140244,36,4,,1,32,,1140256,36,4,,1,70,,1140266,36,4,,1
4201,'12',610,,1140293,36,4,,1,97,,1022643,36,4,,1,31,,1140276,36,4,,1,68,,1140282,36,4,,1,32,,1066886,36,4,,1,15,,1140289,36,4,,1,54,,1140268,36,4,,1,32,,1140287,36,4,,1,70,,1140286,36,4,,1,30,,1089141,36,4,,1,70,,1140283,36,4,,1,30,,1030000,36,4,,1,71,,1140269,36,4,,1,31,,1140270,36,4,,1,72,,1140272,36,4,,1,32,,1140288,36,4,,1,70,,1140280,36,4,,1,31,,1140274,36,4,,1,70,,1140273,36,4,,1,31,,1140275,36,4,,1,72,,1140271,36,4,,1,33,,1140284,36,4,,1,72,,1092772,36,4,,1,28,,1140279,36,4,,1,64,,1140292,36,4,,1,23,,1140278,36,4,,1,66,,1140285,36,4,,1,30,,1140281,36,4,,1,70,,1140267,36,4,,1,30,,1140277,36,4,,1,68,,1140294,36,4,,1,32,,1140290,36,4,,1,70,,1140291,36,4,,1
4201,'13',754,,1140296,36,4,,1,100,,1140306,36,4,,1,100,,1140297,36,4,,1,70,,1140303,36,4,,1,30,,1140307,36,4,,1,70,,1140299,36,4,,1,30,,1140311,36,4,,1,71,,1140305,36,4,,1,30,,1140295,36,4,,1,71,,1140310,36,4,,1,30,,1140300,36,4,,1,70,,1140309,36,4,,1,30,,1140313,36,4,,1,70,,1140301,36,4,,1,30,,1140304,36,4,,1,69,,1140312,36,4,,1,30,,1140298,36,4,,1,70,,1140314,36,4,,1,30,,1140308,36,4,,1,70,,1140302,36,4,,1
4201,'14',610,,1140344,36,4,,1,97,,1140323,36,4,,1,31,,1140335,36,4,,1,68,,1140332,36,4,,1,32,,1140337,36,4,,1,15,,1140315,36,4,,1,54,,1140333,36,4,,1,32,,1140316,36,4,,1,70,,1140328,36,4,,1,30,,1140329,36,4,,1,70,,1140318,36,4,,1,30,,1140327,36,4,,1,71,,1140341,36,4,,1,31,,1140339,36,4,,1,72,,1140334,36,4,,1,32,,1140320,36,4,,1,70,,1140330,36,4,,1,31,,1140343,36,4,,1,70,,1140326,36,4,,1,31,,1140347,36,4,,1,72,,1140331,36,4,,1,33,,1140324,36,4,,1,72,,1140322,36,4,,1,28,,1140340,36,4,,1,64,,1140325,36,4,,1,23,,1140338,36,4,,1,66,,1140345,36,4,,1,30,,1140319,36,4,,1,70,,1140342,36,4,,1,30,,1140317,36,4,,1,68,,1140321,36,4,,1,32,,1140336,36,4,,1,70,,1140346,36,4,,1
4201,'15',610,,1140377,36,4,,1,97,,1140353,36,4,,1,31,,1140380,36,4,,1,68,,1140348,36,4,,1,32,,1140372,36,4,,1,15,,1140350,36,4,,1,54,,1140357,36,4,,1,32,,1140370,36,4,,1,70,,1140364,36,4,,1,30,,1140355,36,4,,1,70,,1140367,36,4,,1,30,,1140359,36,4,,1,71,,1140373,36,4,,1,31,,1140376,36,4,,1,72,,1140374,36,4,,1,32,,1140362,36,4,,1,70,,1140354,36,4,,1,31,,1140358,36,4,,1,70,,1140349,36,4,,1,31,,1140351,36,4,,1,72,,1140356,36,4,,1,33,,1140352,36,4,,1,72,,1140375,36,4,,1,28,,1140365,36,4,,1,64,,1140368,36,4,,1,23,,1140369,36,4,,1,66,,1140371,36,4,,1,30,,1140378,36,4,,1,70,,1140379,36,4,,1,30,,1140360,36,4,,1,68,,1140361,36,4,,1,32,,1140363,36,4,,1,70,,1140366,36,4,,1
4201,'16',610,,1073055,36,4,,1,97,,1140382,36,4,,1,31,,1038472,36,4,,1,68,,1140398,36,4,,1,32,,1140390,36,4,,1,15,,1140405,36,4,,1,54,,1083233,36,4,,1,32,,1140403,36,4,,1,70,,1140402,36,4,,1,30,,1140394,36,4,,1,70,,1140399,36,4,,1,30,,1140386,36,4,,1,71,,1140384,36,4,,1,31,,1140385,36,4,,1,72,,1090028,36,4,,1,32,,1140404,36,4,,1,70,,1140396,36,4,,1,31,,1140389,36,4,,1,70,,1140388,36,4,,1,31,,1140391,36,4,,1,72,,1140387,36,4,,1,33,,1140400,36,4,,1,72,,1140383,36,4,,1,28,,1140395,36,4,,1,64,,1140407,36,4,,1,23,,1140393,36,4,,1,66,,1140401,36,4,,1,30,,1140397,36,4,,1,70,,1140381,36,4,,1,30,,1140392,36,4,,1,68,,1140408,36,4,,1,32,,1140406,36,4,,1,70,,1099847,36,4,,1
4201,'17',754,,1140410,36,4,,1,100,,1140420,36,4,,1,100,,1140411,36,4,,1,70,,1140417,36,4,,1,30,,1140421,36,4,,1,70,,1140413,36,4,,1,30,,1140425,36,4,,1,71,,1140419,36,4,,1,30,,1140409,36,4,,1,71,,1140424,36,4,,1,30,,1140414,36,4,,1,70,,1140423,36,4,,1,30,,1140427,36,4,,1,70,,1140415,36,4,,1,30,,1140418,36,4,,1,69,,1140426,36,4,,1,30,,1140412,36,4,,1,70,,1140428,36,4,,1,30,,1140422,36,4,,1,70,,1140416,36,4,,1
4201,'2',630,,1140433,36,4,,1,100,,1140439,36,4,,1,100,,1140444,36,4,,1,70,,1140431,36,4,,1,30,,1140438,36,4,,1,70,,1140437,36,4,,1,30,,1140450,36,4,,1,70,,1140429,36,4,,1,30,,1140440,36,4,,1,70,,1140449,36,4,,1,31,,1140435,36,4,,1,70,,1140448,36,4,,1,31,,1140442,36,4,,1,72,,1077179,36,4,,1,28,,1140451,36,4,,1,70,,1140447,36,4,,1,30,,1140443,36,4,,1,69,,1071805,36,4,,1,30,,1140430,36,4,,1,70,,1140432,36,4,,1,30,,1140445,36,4,,1,70,,1140441,36,4,,1,32,,1140436,36,4,,1,68,,1140446,36,4,,1,30,,1140434,36,4,,1
4201,'3',754,,1140453,36,4,,1,100,,1140463,36,4,,1,100,,1140454,36,4,,1,70,,1140460,36,4,,1,30,,1140464,36,4,,1,70,,1140456,36,4,,1,30,,1140468,36,4,,1,71,,1140462,36,4,,1,30,,1140452,36,4,,1,71,,1140467,36,4,,1,30,,1140457,36,4,,1,70,,1140466,36,4,,1,30,,1140470,36,4,,1,70,,1140458,36,4,,1,30,,1140461,36,4,,1,69,,1140469,36,4,,1,30,,1140455,36,4,,1,70,,1140471,36,4,,1,30,,1140465,36,4,,1,70,,1140459,36,4,,1
4201,'4',754,,1140473,36,4,,1,100,,1140478,36,4,,1,100,,1140477,36,4,,1,70,,1140474,36,4,,1,30,,1014931,36,4,,1,70,,1140481,36,4,,1,30,,1140483,36,4,,1,71,,1140475,36,4,,1,30,,1140489,36,4,,1,71,,1140479,36,4,,1,30,,1140480,36,4,,1,70,,1140484,36,4,,1,30,,1140490,36,4,,1,70,,1140487,36,4,,1,30,,1140485,36,4,,1,69,,1140472,36,4,,1,30,,1140488,36,4,,1,70,,1140482,36,4,,1,30,,1140476,36,4,,1,70,,1140486,36,4,,1
4201,'5',610,,1140514,36,4,,1,97,,1066106,36,4,,1,31,,1140505,36,4,,1,68,,1140502,36,4,,1,32,,1140507,36,4,,1,15,,1140491,36,4,,1,54,,1140503,36,4,,1,32,,1064404,36,4,,1,70,,1140499,36,4,,1,30,,1140500,36,4,,1,70,,998591,36,4,,1,30,,1140498,36,4,,1,71,,1140511,36,4,,1,31,,1140509,36,4,,1,72,,1140504,36,4,,1,32,,1140493,36,4,,1,70,,1140501,36,4,,1,31,,1140513,36,4,,1,70,,1084717,36,4,,1,31,,1072611,36,4,,1,72,,1002402,36,4,,1,33,,1140496,36,4,,1,72,,1140495,36,4,,1,28,,1140510,36,4,,1,64,,1140497,36,4,,1,23,,1140508,36,4,,1,66,,1140515,36,4,,1,30,,1091242,36,4,,1,70,,1140512,36,4,,1,30,,1140492,36,4,,1,68,,1140494,36,4,,1,32,,1140506,36,4,,1,70,,1140516,36,4,,1
4201,'6',610,,1140542,36,4,,1,97,,1140518,36,4,,1,31,,1140526,36,4,,1,68,,1140533,36,4,,1,32,,1140524,36,4,,1,15,,1140540,36,4,,1,54,,1140517,36,4,,1,32,,1140538,36,4,,1,70,,1140537,36,4,,1,30,,1140529,36,4,,1,70,,1140534,36,4,,1,30,,1140520,36,4,,1,71,,1082944,36,4,,1,31,,1065550,36,4,,1,72,,1140521,36,4,,1,32,,1140539,36,4,,1,70,,1140531,36,4,,1,31,,1140523,36,4,,1,70,,1140522,36,4,,1,31,,1140525,36,4,,1,72,,1085288,36,4,,1,33,,1140535,36,4,,1,72,,1140519,36,4,,1,28,,1140530,36,4,,1,64,,998249,36,4,,1,23,,1140528,36,4,,1,66,,1140536,36,4,,1,30,,1140532,36,4,,1,70,,1073079,36,4,,1,30,,1140527,36,4,,1,68,,1093057,36,4,,1,32,,1019112,36,4,,1,70,,1140541,36,4,,1
4201,'7',630,,1140564,36,4,,1,100,,1140547,36,4,,1,100,,1140562,36,4,,1,70,,1140565,36,4,,1,30,,1140558,36,4,,1,70,,1140549,36,4,,1,30,,1140543,36,4,,1,70,,1140561,36,4,,1,30,,1140554,36,4,,1,70,,1140546,36,4,,1,31,,1140548,36,4,,1,70,,1140560,36,4,,1,31,,1140559,36,4,,1,72,,1140566,36,4,,1,28,,1140551,36,4,,1,70,,1140544,36,4,,1,30,,1140563,36,4,,1,69,,1140556,36,4,,1,30,,1140545,36,4,,1,70,,1140552,36,4,,1,30,,1140553,36,4,,1,70,,1140550,36,4,,1,32,,1140567,36,4,,1,68,,1140557,36,4,,1,30,,1140555,36,4,,1
4201,'8',610,,1140599,36,4,,1,97,,1140570,36,4,,1,31,,1140581,36,4,,1,68,,1140588,36,4,,1,32,,1140579,36,4,,1,15,,1140595,36,4,,1,54,,1140569,36,4,,1,32,,1140593,36,4,,1,70,,1140592,36,4,,1,30,,1140584,36,4,,1,70,,1140589,36,4,,1,30,,1140574,36,4,,1,71,,1140572,36,4,,1,31,,1140573,36,4,,1,72,,1140576,36,4,,1,32,,1140594,36,4,,1,70,,1140586,36,4,,1,31,,1140578,36,4,,1,70,,1140577,36,4,,1,31,,1140580,36,4,,1,72,,1140575,36,4,,1,33,,1140590,36,4,,1,72,,1140571,36,4,,1,28,,1140585,36,4,,1,64,,1140598,36,4,,1,23,,1140583,36,4,,1,66,,1140591,36,4,,1,30,,1140587,36,4,,1,70,,1140568,36,4,,1,30,,1140582,36,4,,1,68,,1140600,36,4,,1,32,,1140596,36,4,,1,70,,1140597,36,4,,1
4201,'9',610,,1140624,36,4,,1,97,,1065997,36,4,,1,31,,1140615,36,4,,1,68,,1140612,36,4,,1,32,,1140617,36,4,,1,15,,1140601,36,4,,1,54,,1140613,36,4,,1,32,,1064315,36,4,,1,70,,1140609,36,4,,1,30,,1140610,36,4,,1,70,,998767,36,4,,1,30,,1140608,36,4,,1,71,,1140621,36,4,,1,31,,1140619,36,4,,1,72,,1140614,36,4,,1,32,,1140603,36,4,,1,70,,1140611,36,4,,1,31,,1140623,36,4,,1,70,,1084629,36,4,,1,31,,1072534,36,4,,1,72,,1002768,36,4,,1,33,,1140606,36,4,,1,72,,1140605,36,4,,1,28,,1140620,36,4,,1,64,,1140607,36,4,,1,23,,1140618,36,4,,1,66,,1140625,36,4,,1,30,,1091092,36,4,,1,70,,1140622,36,4,,1,30,,1140602,36,4,,1,68,,1140604,36,4,,1,32,,1140616,36,4,,1,70,,1140626,36,4,,1
4400,'1',500,,1141039,1,,,1,30,,1141015,1,,,1,70,,1141002,1,,,1,20,,1141033,1,,,1,16,,1141028,1,,,1,15,,1079562,1,,,1,55,,1141027,1,,,1,15,,1141030,1,,,1,15,,1141011,1,,,1,15,,1141025,1,,,1,57,,1141029,1,,,1,13,,1141043,1,,,1,15,,1081665,1,,,1,15,,1141035,1,,,1,55,,1141014,1,,,1,16,,1141007,1,,,1,13,,1141022,1,,,1,15,,1080486,1,,,1,55,,1141000,1,,,1,15,,1141038,1,,,1,15,,1141044,1,,,1,15,,1141023,1,,,1,55,,1141020,1,,,1,15,,1141037,1,,,1,15,,1141045,1,,,1,15,,1141009,1,,,1,55,,1141032,1,,,1,15,,1089507,1,,,1,15,,1141012,1,,,1,15,,1141016,1,,,1,55,,1093392,1,,,1,15,,1082224,1,,,1,15,,1141017,1,,,1,15,,1141031,1,,,1,55,,1141006,1,,,1,15,,1141040,1,,,1,15,,1141048,1,,,1,14,,1141034,1,,,1,9,,1141013,1,,,1,57,,1141024,1,,,1,15,,1141010,1,,,1,17,,1141018,1,,,1,53,,1141004,1,,,1,15,,1140996,1,,,1,15,,1141042,1,,,1,15,,1053333,1,,,1,55,,1079548,1,,,1,15,,1141041,1,,,1,15,,1141003,1,,,1,15,,1141021,1,,,1,55,,1141026,1,,,1,15,,1141005,1,,,1,15,,1141008,1,,,1,18,,1140998,1,,,1,55,,1088166,1,,,1,30,,1003816,1,,,1,70,,1098765,1,,,1,30,,1088796,1,,,1,70,,1082228,1,,,1,30,,1141046,1,,,1,70,,1141036,1,,,1,30,,1141019,1,,,1,70,,1141001,1,,,1,30,,1140997,1,,,1,70,,1141047,1,,,1,35,,1140999,1,,,1
4400,'10',500,,1141092,1,,,1,30,,1141068,1,,,1,70,,1141055,1,,,1,20,,1141086,1,,,1,16,,1141081,1,,,1,15,,1079370,1,,,1,55,,1141080,1,,,1,15,,1141083,1,,,1,15,,1141064,1,,,1,15,,1141078,1,,,1,57,,1141082,1,,,1,13,,1141096,1,,,1,15,,1081473,1,,,1,15,,1141088,1,,,1,55,,1141067,1,,,1,16,,1141060,1,,,1,13,,1141075,1,,,1,15,,1080340,1,,,1,55,,1141053,1,,,1,15,,1141091,1,,,1,15,,1141097,1,,,1,15,,1141076,1,,,1,55,,1141073,1,,,1,15,,1141090,1,,,1,15,,1141098,1,,,1,15,,1141062,1,,,1,55,,1141085,1,,,1,15,,1089323,1,,,1,15,,1141065,1,,,1,15,,1141069,1,,,1,55,,1093076,1,,,1,15,,1082061,1,,,1,15,,1141070,1,,,1,15,,1141084,1,,,1,55,,1141059,1,,,1,15,,1141093,1,,,1,15,,1141101,1,,,1,14,,1141087,1,,,1,9,,1141066,1,,,1,57,,1141077,1,,,1,15,,1141063,1,,,1,17,,1141071,1,,,1,53,,1141057,1,,,1,15,,1141049,1,,,1,15,,1141095,1,,,1,15,,1053391,1,,,1,55,,1079356,1,,,1,15,,1141094,1,,,1,15,,1141056,1,,,1,15,,1141074,1,,,1,55,,1141079,1,,,1,15,,1141058,1,,,1,15,,1141061,1,,,1,18,,1141051,1,,,1,55,,1087758,1,,,1,30,,1003973,1,,,1,70,,1098753,1,,,1,30,,1088391,1,,,1,70,,1082065,1,,,1,30,,1141099,1,,,1,70,,1141089,1,,,1,30,,1141072,1,,,1,70,,1141054,1,,,1,30,,1141050,1,,,1,70,,1141100,1,,,1,35,,1141052,1,,,1
4400,'11',500,,1141145,1,,,1,30,,1141121,1,,,1,70,,1141108,1,,,1,20,,1141139,1,,,1,16,,1141134,1,,,1,15,,1079621,1,,,1,55,,1141133,1,,,1,15,,1141136,1,,,1,15,,1141117,1,,,1,15,,1141131,1,,,1,57,,1141135,1,,,1,13,,1141149,1,,,1,15,,1081722,1,,,1,15,,1141141,1,,,1,55,,1141120,1,,,1,16,,1141113,1,,,1,13,,1141128,1,,,1,15,,1080530,1,,,1,55,,1141106,1,,,1,15,,1141144,1,,,1,15,,1141150,1,,,1,15,,1141129,1,,,1,55,,1141126,1,,,1,15,,1141143,1,,,1,15,,1141151,1,,,1,15,,1141115,1,,,1,55,,1141138,1,,,1,15,,1089558,1,,,1,15,,1141118,1,,,1,15,,1141122,1,,,1,55,,1093483,1,,,1,15,,1082277,1,,,1,15,,1141123,1,,,1,15,,1141137,1,,,1,55,,1141112,1,,,1,15,,1141146,1,,,1,15,,1141154,1,,,1,14,,1141140,1,,,1,9,,1141119,1,,,1,57,,1141130,1,,,1,15,,1141116,1,,,1,17,,1141124,1,,,1,53,,1141110,1,,,1,15,,1141102,1,,,1,15,,1141148,1,,,1,15,,1053316,1,,,1,55,,1079607,1,,,1,15,,1141147,1,,,1,15,,1141109,1,,,1,15,,1141127,1,,,1,55,,1141132,1,,,1,15,,1141111,1,,,1,15,,1141114,1,,,1,18,,1141104,1,,,1,55,,1088278,1,,,1,30,,1003768,1,,,1,70,,1098769,1,,,1,30,,1088917,1,,,1,70,,1082281,1,,,1,30,,1141152,1,,,1,70,,1141142,1,,,1,30,,1141125,1,,,1,70,,1141107,1,,,1,30,,1141103,1,,,1,70,,1141153,1,,,1,35,,1141105,1,,,1
4400,'12',500,,1141159,1,,,1,30,,1141187,1,,,1,70,,1141211,1,,,1,20,,1141174,1,,,1,16,,1141175,1,,,1,15,,1141209,1,,,1,55,,1141156,1,,,1,15,,1086338,1,,,1,15,,1141206,1,,,1,15,,1141195,1,,,1,57,,1141193,1,,,1,13,,1141213,1,,,1,15,,1141201,1,,,1,15,,1141158,1,,,1,55,,1141214,1,,,1,16,,1141199,1,,,1,13,,1141162,1,,,1,15,,1141188,1,,,1,55,,1141197,1,,,1,15,,1141196,1,,,1,15,,1073198,1,,,1,15,,1141176,1,,,1,55,,1141184,1,,,1,15,,1141207,1,,,1,15,,1141185,1,,,1,15,,1141171,1,,,1,55,,1141180,1,,,1,15,,1141173,1,,,1,15,,1141178,1,,,1,15,,1141155,1,,,1,55,,1048925,1,,,1,15,,1141191,1,,,1,15,,1141166,1,,,1,15,,1141186,1,,,1,55,,1141170,1,,,1,15,,1141183,1,,,1,15,,1141208,1,,,1,14,,1141182,1,,,1,9,,1141203,1,,,1,57,,1141190,1,,,1,15,,1141177,1,,,1,17,,1141194,1,,,1,53,,1141179,1,,,1,15,,1141205,1,,,1,15,,1141161,1,,,1,15,,1141198,1,,,1,55,,1141164,1,,,1,15,,1141168,1,,,1,15,,1141204,1,,,1,15,,1141181,1,,,1,55,,1141172,1,,,1,15,,1061234,1,,,1,15,,1141189,1,,,1,18,,1141215,1,,,1,55,,1141169,1,,,1,30,,1141212,1,,,1,70,,1141165,1,,,1,30,,1141167,1,,,1,70,,1141192,1,,,1,30,,1141210,1,,,1,70,,1141200,1,,,1,30,,1141202,1,,,1,70,,1141163,1,,,1,30,,1063016,1,,,1,70,,1141157,1,,,1,35,,1141160,1,,,1
4400,'13',732,,1141235,1,,,1,100,,1141217,1,,,1,70,,1141229,1,,,1,30,,1141231,1,,,1,70,,1141233,1,,,1,30,,1141224,1,,,1,70,,1141240,1,,,1,30,,1141241,1,,,1,70,,1141243,1,,,1,30,,1141247,1,,,1,70,,1141223,1,,,1,30,,1141216,1,,,1,70,,1141227,1,,,1,30,,1141226,1,,,1,70,,1141228,1,,,1,30,,1141244,1,,,1,70,,1141239,1,,,1,30,,1141237,1,,,1,70,,1141236,1,,,1,30,,1141218,1,,,1,70,,1141234,1,,,1,30,,1141219,1,,,1,70,,1141221,1,,,1,30,,1141238,1,,,1,70,,1141230,1,,,1,30,,1017216,1,,,1,70,,1141225,1,,,1,30,,1141245,1,,,1,70,,1141220,1,,,1,30,,1141222,1,,,1,70,,1141242,1,,,1,30,,1141246,1,,,1,76,,1141232,1,,,1
4400,'14',500,,1141301,1,,,1,30,,1141274,1,,,1,70,,1141260,1,,,1,20,,1141293,1,,,1,16,,1141287,1,,,1,15,,1141259,1,,,1,55,,1141286,1,,,1,15,,1141290,1,,,1,15,,1141270,1,,,1,15,,1141284,1,,,1,57,,1141288,1,,,1,13,,1141305,1,,,1,15,,1141252,1,,,1,15,,1141295,1,,,1,55,,1141273,1,,,1,16,,1141266,1,,,1,13,,1141281,1,,,1,15,,1141308,1,,,1,55,,1141257,1,,,1,15,,1141299,1,,,1,15,,1141306,1,,,1,15,,1141282,1,,,1,55,,1141279,1,,,1,15,,1141298,1,,,1,15,,1141309,1,,,1,15,,1141268,1,,,1,55,,1141292,1,,,1,15,,1141249,1,,,1,15,,1141271,1,,,1,15,,1141275,1,,,1,55,,1141254,1,,,1,15,,1141264,1,,,1,15,,1141276,1,,,1,15,,1141291,1,,,1,55,,1141265,1,,,1,15,,1141302,1,,,1,15,,1141312,1,,,1,14,,1141294,1,,,1,9,,1141272,1,,,1,57,,1141283,1,,,1,15,,1141269,1,,,1,17,,1141277,1,,,1,53,,1141262,1,,,1,15,,1141250,1,,,1,15,,1141304,1,,,1,15,,1141256,1,,,1,55,,1141248,1,,,1,15,,1141303,1,,,1,15,,1141261,1,,,1,15,,1141280,1,,,1,55,,1141285,1,,,1,15,,1141263,1,,,1,15,,1141267,1,,,1,18,,1141253,1,,,1,55,,1141313,1,,,1,30,,1141300,1,,,1,70,,1141289,1,,,1,30,,1141307,1,,,1,70,,1141296,1,,,1,30,,1141310,1,,,1,70,,1141297,1,,,1,30,,1141278,1,,,1,70,,1141258,1,,,1,30,,1141251,1,,,1,70,,1141311,1,,,1,35,,1141255,1,,,1
4400,'15',500,,1141334,1,,,1,30,,1141368,1,,,1,70,,1141317,1,,,1,20,,1141355,1,,,1,16,,1141330,1,,,1,15,,1141335,1,,,1,55,,1141318,1,,,1,15,,1141354,1,,,1,15,,1141359,1,,,1,15,,1141358,1,,,1,57,,1141342,1,,,1,13,,1141364,1,,,1,15,,1141351,1,,,1,15,,1141348,1,,,1,55,,1141322,1,,,1,16,,1141336,1,,,1,13,,1141332,1,,,1,15,,1141347,1,,,1,55,,1141349,1,,,1,15,,1141366,1,,,1,15,,1141379,1,,,1,15,,1141316,1,,,1,55,,1141369,1,,,1,15,,1141375,1,,,1,15,,1141340,1,,,1,15,,1141328,1,,,1,55,,1141325,1,,,1,15,,1141378,1,,,1,15,,1141344,1,,,1,15,,1141319,1,,,1,55,,1141339,1,,,1,15,,1141324,1,,,1,15,,1141343,1,,,1,15,,1141323,1,,,1,55,,1141367,1,,,1,15,,1141326,1,,,1,15,,1141320,1,,,1,14,,1141362,1,,,1,9,,1141363,1,,,1,57,,1141357,1,,,1,15,,1141315,1,,,1,17,,1141371,1,,,1,53,,1141360,1,,,1,15,,1141341,1,,,1,15,,1141352,1,,,1,15,,1141338,1,,,1,55,,1141350,1,,,1,15,,1141373,1,,,1,15,,1141327,1,,,1,15,,1141374,1,,,1,55,,1141337,1,,,1,15,,1141377,1,,,1,15,,1141365,1,,,1,18,,1141372,1,,,1,55,,1141376,1,,,1,30,,1141321,1,,,1,70,,1141370,1,,,1,30,,1141346,1,,,1,70,,1141314,1,,,1,30,,1141353,1,,,1,70,,1141361,1,,,1,30,,1141333,1,,,1,70,,1141345,1,,,1,30,,1141329,1,,,1,70,,1141331,1,,,1,35,,1141356,1,,,1
4400,'16',500,,1071300,1,,,1,30,,1141411,1,,,1,70,,1141437,1,,,1,20,,1141398,1,,,1,16,,1141399,1,,,1,15,,1141434,1,,,1,55,,1141381,1,,,1,15,,1141385,1,,,1,15,,1141431,1,,,1,15,,1141420,1,,,1,57,,1141418,1,,,1,13,,1141439,1,,,1,15,,1141426,1,,,1,15,,1067425,1,,,1,55,,1081710,1,,,1,16,,1141424,1,,,1,13,,1011004,1,,,1,15,,1141412,1,,,1,55,,1141422,1,,,1,15,,1141421,1,,,1,15,,1141435,1,,,1,15,,1141400,1,,,1,55,,1141408,1,,,1,15,,1141432,1,,,1,15,,1141409,1,,,1,15,,1141395,1,,,1,55,,1141404,1,,,1,15,,1141397,1,,,1,15,,1141402,1,,,1,15,,1141380,1,,,1,55,,1141394,1,,,1,15,,1141415,1,,,1,15,,1141389,1,,,1,15,,1141410,1,,,1,55,,1141393,1,,,1,15,,1141407,1,,,1,15,,1141433,1,,,1,14,,1141406,1,,,1,9,,1141428,1,,,1,57,,1141414,1,,,1,15,,1141401,1,,,1,17,,1141419,1,,,1,53,,1141403,1,,,1,15,,1141430,1,,,1,15,,1141384,1,,,1,15,,1141423,1,,,1,55,,1141387,1,,,1,15,,1141391,1,,,1,15,,1141429,1,,,1,15,,1141405,1,,,1,55,,1141396,1,,,1,15,,1141440,1,,,1,15,,1141413,1,,,1,18,,1141441,1,,,1,55,,1141392,1,,,1,30,,1141438,1,,,1,70,,1141388,1,,,1,30,,1141390,1,,,1,70,,1141417,1,,,1,30,,1141436,1,,,1,70,,1141425,1,,,1,30,,1141427,1,,,1,70,,1141386,1,,,1,30,,1141416,1,,,1,70,,1141382,1,,,1,35,,1141383,1,,,1
4400,'17',732,,1141462,1,,,1,100,,1141444,1,,,1,70,,1141456,1,,,1,30,,1141458,1,,,1,70,,1141460,1,,,1,30,,1141451,1,,,1,70,,1141467,1,,,1,30,,1141468,1,,,1,70,,1141470,1,,,1,30,,1141474,1,,,1,70,,1141450,1,,,1,30,,1141442,1,,,1,70,,1141454,1,,,1,30,,1141453,1,,,1,70,,1141455,1,,,1,30,,1141471,1,,,1,70,,1141466,1,,,1,30,,1141464,1,,,1,70,,1141463,1,,,1,30,,1141445,1,,,1,70,,1141461,1,,,1,30,,1141446,1,,,1,70,,1141448,1,,,1,30,,1141465,1,,,1,70,,1141457,1,,,1,30,,1141443,1,,,1,70,,1141452,1,,,1,30,,1141472,1,,,1,70,,1141447,1,,,1,30,,1141449,1,,,1,70,,1141469,1,,,1,30,,1141473,1,,,1,76,,1141459,1,,,1
4400,'2',623,,1039279,1,,,1,25,,1141496,1,,,1,70,,1141503,1,,,1,30,,1141490,1,,,1,70,,1084611,1,,,1,30,,1141487,1,,,1,70,,1141494,1,,,1,29,,1141479,1,,,1,70,,1141483,1,,,1,30,,1141482,1,,,1,70,,1141502,1,,,1,30,,1141486,1,,,1,70,,1141492,1,,,1,30,,1141495,1,,,1,70,,1141505,1,,,1,30,,1141498,1,,,1,70,,1099917,1,,,1,30,,1141477,1,,,1,70,,1141504,1,,,1,30,,1141478,1,,,1,70,,1141506,1,,,1,30,,1141500,1,,,1,70,,1141493,1,,,1,30,,1141480,1,,,1,70,,1085124,1,,,1,26,,1141485,1,,,1,70,,1141491,1,,,1,30,,1141481,1,,,1,70,,1141501,1,,,1,30,,1141499,1,,,1,70,,1141489,1,,,1,30,,1141476,1,,,1,70,,1141475,1,,,1,30,,1141508,1,,,1,70,,1141497,1,,,1,30,,1141484,1,,,1,70,,1141488,1,,,1
4400,'3',732,,1141529,1,,,1,100,,1141511,1,,,1,70,,1141523,1,,,1,30,,1141525,1,,,1,70,,1141527,1,,,1,30,,1141518,1,,,1,70,,1141534,1,,,1,30,,1141535,1,,,1,70,,1141537,1,,,1,30,,1141541,1,,,1,70,,1141517,1,,,1,30,,1141509,1,,,1,70,,1141521,1,,,1,30,,1141520,1,,,1,70,,1141522,1,,,1,30,,1141538,1,,,1,70,,1141533,1,,,1,30,,1141531,1,,,1,70,,1141530,1,,,1,30,,1141512,1,,,1,70,,1141528,1,,,1,30,,1141513,1,,,1,70,,1141515,1,,,1,30,,1141532,1,,,1,70,,1141524,1,,,1,30,,1141510,1,,,1,70,,1141519,1,,,1,30,,1141539,1,,,1,70,,1141514,1,,,1,30,,1141516,1,,,1,70,,1141536,1,,,1,30,,1141540,1,,,1,76,,1141526,1,,,1
4400,'4',732,,1141548,1,,,1,100,,1141546,1,,,1,70,,1141569,1,,,1,30,,1141556,1,,,1,70,,1141566,1,,,1,30,,1141544,1,,,1,70,,1141542,1,,,1,30,,1141562,1,,,1,70,,1141552,1,,,1,30,,1101129,1,,,1,70,,1141570,1,,,1,30,,1141558,1,,,1,70,,1141557,1,,,1,30,,1141561,1,,,1,70,,1141560,1,,,1,30,,1141543,1,,,1,70,,1026683,1,,,1,30,,1141549,1,,,1,70,,1141554,1,,,1,30,,1072567,1,,,1,70,,1141563,1,,,1,30,,1141550,1,,,1,70,,1141547,1,,,1,30,,1141555,1,,,1,70,,1141568,1,,,1,30,,1141564,1,,,1,70,,1141553,1,,,1,30,,1027937,1,,,1,70,,1141565,1,,,1,30,,1141559,1,,,1,70,,1141567,1,,,1,30,,1141551,1,,,1,76,,1141545,1,,,1
4400,'5',500,,1141614,1,,,1,30,,1141590,1,,,1,70,,1141577,1,,,1,20,,1141608,1,,,1,16,,1141603,1,,,1,15,,1079528,1,,,1,55,,1141602,1,,,1,15,,1141605,1,,,1,15,,1141586,1,,,1,15,,1141600,1,,,1,57,,1141604,1,,,1,13,,1141618,1,,,1,15,,1081632,1,,,1,15,,1141610,1,,,1,55,,1141589,1,,,1,16,,1141582,1,,,1,13,,1141597,1,,,1,15,,1080464,1,,,1,55,,1141575,1,,,1,15,,1141613,1,,,1,15,,1141619,1,,,1,15,,1141598,1,,,1,55,,1141595,1,,,1,15,,1141612,1,,,1,15,,1141620,1,,,1,15,,1141584,1,,,1,55,,1141607,1,,,1,15,,1089472,1,,,1,15,,1141587,1,,,1,15,,1141591,1,,,1,55,,1093337,1,,,1,15,,1082194,1,,,1,15,,1141592,1,,,1,15,,1141606,1,,,1,55,,1141581,1,,,1,15,,1141615,1,,,1,15,,1141623,1,,,1,14,,1141609,1,,,1,9,,1141588,1,,,1,57,,1141599,1,,,1,15,,1141585,1,,,1,17,,1141593,1,,,1,53,,1141579,1,,,1,15,,1141571,1,,,1,15,,1141617,1,,,1,15,,1053238,1,,,1,55,,1079514,1,,,1,15,,1141616,1,,,1,15,,1141578,1,,,1,15,,1141596,1,,,1,55,,1141601,1,,,1,15,,1141580,1,,,1,15,,1141583,1,,,1,18,,1141573,1,,,1,55,,1088105,1,,,1,30,,1003547,1,,,1,70,,1098761,1,,,1,30,,1088732,1,,,1,70,,1082198,1,,,1,30,,1141621,1,,,1,70,,1141611,1,,,1,30,,1141594,1,,,1,70,,1141576,1,,,1,30,,1141572,1,,,1,70,,1141622,1,,,1,35,,1141574,1,,,1
4400,'6',500,,1141626,1,,,1,30,,1141650,1,,,1,70,,1044001,1,,,1,20,,1141638,1,,,1,16,,1141639,1,,,1,15,,1141673,1,,,1,55,,962209,1,,,1,15,,1141627,1,,,1,15,,1141670,1,,,1,15,,1141659,1,,,1,57,,1141657,1,,,1,13,,1068947,1,,,1,15,,1141665,1,,,1,15,,1141625,1,,,1,55,,1141678,1,,,1,16,,1141663,1,,,1,13,,1141628,1,,,1,15,,1141651,1,,,1,55,,1141661,1,,,1,15,,1141660,1,,,1,15,,1141674,1,,,1,15,,1141640,1,,,1,55,,1141647,1,,,1,15,,1141671,1,,,1,15,,1141648,1,,,1,15,,1141635,1,,,1,55,,1141644,1,,,1,15,,1141637,1,,,1,15,,1141642,1,,,1,15,,1057189,1,,,1,55,,1141634,1,,,1,15,,1141654,1,,,1,15,,1141629,1,,,1,15,,1141649,1,,,1,55,,1141633,1,,,1,15,,1141646,1,,,1,15,,1141672,1,,,1,14,,1141645,1,,,1,9,,1141667,1,,,1,57,,1141653,1,,,1,15,,1141641,1,,,1,17,,1141658,1,,,1,53,,1141643,1,,,1,15,,1141669,1,,,1,15,,1091975,1,,,1,15,,1141662,1,,,1,55,,1089607,1,,,1,15,,1141631,1,,,1,15,,1141668,1,,,1,15,,1101661,1,,,1,55,,1141636,1,,,1,15,,1141677,1,,,1,15,,1141652,1,,,1,18,,1016513,1,,,1,55,,1141632,1,,,1,30,,1141676,1,,,1,70,,1089608,1,,,1,30,,1141630,1,,,1,70,,1141656,1,,,1,30,,1141675,1,,,1,70,,1141664,1,,,1,30,,1141666,1,,,1,70,,999375,1,,,1,30,,1141655,1,,,1,70,,1141624,1,,,1,35,,981333,1,,,1
4400,'7',623,,1141694,1,,,1,25,,1141699,1,,,1,70,,1141716,1,,,1,30,,1141686,1,,,1,70,,1141698,1,,,1,30,,1141696,1,,,1,70,,1141711,1,,,1,29,,1141707,1,,,1,70,,1141713,1,,,1,30,,1141695,1,,,1,70,,1141683,1,,,1,30,,1141715,1,,,1,70,,1141706,1,,,1,30,,1141689,1,,,1,70,,1141702,1,,,1,30,,1141701,1,,,1,70,,1141681,1,,,1,30,,1141690,1,,,1,70,,1141703,1,,,1,30,,1141708,1,,,1,70,,1141705,1,,,1,30,,1141697,1,,,1,70,,1141679,1,,,1,30,,1141682,1,,,1,70,,1141709,1,,,1,26,,1141710,1,,,1,70,,1141680,1,,,1,30,,1141704,1,,,1,70,,1141692,1,,,1,30,,1141700,1,,,1,70,,1141688,1,,,1,30,,1141685,1,,,1,70,,1141714,1,,,1,30,,1141693,1,,,1,70,,1141684,1,,,1,30,,1141712,1,,,1,70,,1141691,1,,,1
4400,'8',500,,1141721,1,,,1,30,,1141751,1,,,1,70,,1141777,1,,,1,20,,1141738,1,,,1,16,,1141739,1,,,1,15,,1141774,1,,,1,55,,1141718,1,,,1,15,,1141724,1,,,1,15,,1141771,1,,,1,15,,1141760,1,,,1,57,,1141758,1,,,1,13,,1141779,1,,,1,15,,1141766,1,,,1,15,,1141720,1,,,1,55,,1141781,1,,,1,16,,1141764,1,,,1,13,,1141725,1,,,1,15,,1141752,1,,,1,55,,1141762,1,,,1,15,,1141761,1,,,1,15,,1141775,1,,,1,15,,1141740,1,,,1,55,,1141748,1,,,1,15,,1141772,1,,,1,15,,1141749,1,,,1,15,,1141735,1,,,1,55,,1141744,1,,,1,15,,1141737,1,,,1,15,,1141742,1,,,1,15,,1141717,1,,,1,55,,1141734,1,,,1,15,,1141755,1,,,1,15,,1141729,1,,,1,15,,1141750,1,,,1,55,,1141733,1,,,1,15,,1141747,1,,,1,15,,1141773,1,,,1,14,,1141746,1,,,1,9,,1141768,1,,,1,57,,1141754,1,,,1,15,,1141741,1,,,1,17,,1141759,1,,,1,53,,1141743,1,,,1,15,,1141770,1,,,1,15,,1141723,1,,,1,15,,1141763,1,,,1,55,,1141727,1,,,1,15,,1141731,1,,,1,15,,1141769,1,,,1,15,,1141745,1,,,1,55,,1141736,1,,,1,15,,1141780,1,,,1,15,,1141753,1,,,1,18,,1141782,1,,,1,55,,1141732,1,,,1,30,,1141778,1,,,1,70,,1141728,1,,,1,30,,1141730,1,,,1,70,,1141757,1,,,1,30,,1141776,1,,,1,70,,1141765,1,,,1,30,,1141767,1,,,1,70,,1141726,1,,,1,30,,1141756,1,,,1,70,,1141719,1,,,1,35,,1141722,1,,,1
4400,'9',500,,1141826,1,,,1,30,,1141802,1,,,1,70,,1141789,1,,,1,20,,1141820,1,,,1,16,,1141815,1,,,1,15,,1079429,1,,,1,55,,1141814,1,,,1,15,,1141817,1,,,1,15,,1141798,1,,,1,15,,1141812,1,,,1,57,,1141816,1,,,1,13,,1141830,1,,,1,15,,1081530,1,,,1,15,,1141822,1,,,1,55,,1141801,1,,,1,16,,1141794,1,,,1,13,,1141809,1,,,1,15,,1080391,1,,,1,55,,1141787,1,,,1,15,,1141825,1,,,1,15,,1141831,1,,,1,15,,1141810,1,,,1,55,,1141807,1,,,1,15,,1141824,1,,,1,15,,1141832,1,,,1,15,,1141796,1,,,1,55,,1141819,1,,,1,15,,1089387,1,,,1,15,,1141799,1,,,1,15,,1141803,1,,,1,55,,1093181,1,,,1,15,,1082112,1,,,1,15,,1141804,1,,,1,15,,1141818,1,,,1,55,,1141793,1,,,1,15,,1141827,1,,,1,15,,1141835,1,,,1,14,,1141821,1,,,1,9,,1141800,1,,,1,57,,1141811,1,,,1,15,,1141797,1,,,1,17,,1141805,1,,,1,53,,1141791,1,,,1,15,,1141783,1,,,1,15,,1141829,1,,,1,15,,1053350,1,,,1,55,,1079415,1,,,1,15,,1141828,1,,,1,15,,1141790,1,,,1,15,,1141808,1,,,1,55,,1141813,1,,,1,15,,1141792,1,,,1,15,,1141795,1,,,1,18,,1141785,1,,,1,55,,1087888,1,,,1,30,,1003864,1,,,1,70,,1098757,1,,,1,30,,1088517,1,,,1,70,,1082116,1,,,1,30,,1141833,1,,,1,70,,1141823,1,,,1,30,,1141806,1,,,1,70,,1141788,1,,,1,30,,1141784,1,,,1,70,,1141834,1,,,1,35,,1141786,1,,,1
4401,'1',522,,1141878,43,4,,1,35,,1141864,43,4,,1,71,,1068024,43,4,,1,15,,1141869,43,4,,1,15,,1141853,43,4,,1,57,,1096781,43,4,,1,15,,1141867,43,4,,1,15,,1141863,43,4,,1,14,,1141873,43,4,,1,59,,1141875,43,4,,1,15,,1141843,43,4,,1,15,,1141882,43,4,,1,53,,1141854,43,4,,1,15,,1141887,43,4,,1,13,,1141888,43,4,,1,15,,1078308,43,4,,1,15,,1141866,43,4,,1,55,,1092443,43,4,,1,15,,1141856,43,4,,1,15,,1095623,43,4,,1,15,,1141880,43,4,,1,55,,1141871,43,4,,1,15,,1141886,43,4,,1,15,,1141860,43,4,,1,15,,1141872,43,4,,1,55,,1141858,43,4,,1,15,,1141842,43,4,,1,15,,1141881,43,4,,1,15,,1141848,43,4,,1,55,,1141879,43,4,,1,15,,1141840,43,4,,1,15,,1141876,43,4,,1,15,,1095234,43,4,,1,55,,1141855,43,4,,1,15,,1052647,43,4,,1,15,,1141865,43,4,,1,60,,1141883,43,4,,1,3,,1141889,26,4,,1,12,,1141845,43,4,,1,13,,1141850,43,4,,1,17,,1141838,43,4,,1,53,,961534,43,4,,1,17,,973343,43,4,,1,13,,1141857,43,4,,1,17,,1141844,43,4,,1,53,,1141862,43,4,,1,15,,1141861,43,4,,1,15,,1141877,43,4,,1,15,,1141885,43,4,,1,55,,1141868,43,4,,1,15,,1141839,43,4,,1,15,,1141851,43,4,,1,11,,1022954,43,4,,1,15,,1141846,43,4,,1,55,,1141841,43,4,,1,15,,1141859,43,4,,1,29,,1141884,43,4,,1,70,,1141849,43,4,,1,30,,1141837,43,4,,1,70,,1141847,43,4,,1,30,,1141874,43,4,,1,70,,1082790,43,4,,1,28,,1141836,43,4,,1,70,,1141852,43,4,,1,30,,1141870,43,4,,1,79,,1061743,43,4,,1
4401,'10',522,,1141932,43,4,,1,35,,1141918,43,4,,1,71,,1067808,43,4,,1,15,,1141923,43,4,,1,15,,1141907,43,4,,1,57,,1096548,43,4,,1,15,,1141921,43,4,,1,15,,1141917,43,4,,1,14,,1141927,43,4,,1,59,,1141929,43,4,,1,15,,1141897,43,4,,1,15,,1141936,43,4,,1,53,,1141908,43,4,,1,15,,1141941,43,4,,1,13,,1141942,43,4,,1,15,,1078096,43,4,,1,15,,1141920,43,4,,1,55,,1092287,43,4,,1,15,,1141910,43,4,,1,15,,1095389,43,4,,1,15,,1141934,43,4,,1,55,,1141925,43,4,,1,15,,1141940,43,4,,1,15,,1141914,43,4,,1,15,,1141926,43,4,,1,55,,1141912,43,4,,1,15,,1141896,43,4,,1,15,,1141935,43,4,,1,15,,1141902,43,4,,1,55,,1141933,43,4,,1,15,,1141894,43,4,,1,15,,1141930,43,4,,1,15,,1094988,43,4,,1,55,,1141909,43,4,,1,15,,1052693,43,4,,1,15,,1141919,43,4,,1,60,,1141937,43,4,,1,3,,1141943,26,4,,1,12,,1141899,43,4,,1,13,,1141904,43,4,,1,17,,1141892,43,4,,1,53,,961349,43,4,,1,17,,973085,43,4,,1,13,,1141911,43,4,,1,17,,1141898,43,4,,1,53,,1141916,43,4,,1,15,,1141915,43,4,,1,15,,1141931,43,4,,1,15,,1141939,43,4,,1,55,,1141922,43,4,,1,15,,1141893,43,4,,1,15,,1141905,43,4,,1,11,,1023068,43,4,,1,15,,1141900,43,4,,1,55,,1141895,43,4,,1,15,,1141913,43,4,,1,29,,1141938,43,4,,1,70,,1141903,43,4,,1,30,,1141891,43,4,,1,70,,1141901,43,4,,1,30,,1141928,43,4,,1,70,,1082730,43,4,,1,28,,1141890,43,4,,1,70,,1141906,43,4,,1,30,,1141924,43,4,,1,79,,1061518,43,4,,1
4401,'11',522,,1141986,43,4,,1,35,,1141972,43,4,,1,71,,1068078,43,4,,1,15,,1141977,43,4,,1,15,,1141961,43,4,,1,57,,1096847,43,4,,1,15,,1141975,43,4,,1,15,,1141971,43,4,,1,14,,1141981,43,4,,1,59,,1141983,43,4,,1,15,,1141951,43,4,,1,15,,1141990,43,4,,1,53,,1141962,43,4,,1,15,,1141995,43,4,,1,13,,1141996,43,4,,1,15,,1078370,43,4,,1,15,,1141974,43,4,,1,55,,1092490,43,4,,1,15,,1141964,43,4,,1,15,,1095696,43,4,,1,15,,1141988,43,4,,1,55,,1141979,43,4,,1,15,,1141994,43,4,,1,15,,1141968,43,4,,1,15,,1141980,43,4,,1,55,,1141966,43,4,,1,15,,1141950,43,4,,1,15,,1141989,43,4,,1,15,,1141956,43,4,,1,55,,1141987,43,4,,1,15,,1141948,43,4,,1,15,,1141984,43,4,,1,15,,1095308,43,4,,1,55,,1141963,43,4,,1,15,,1052634,43,4,,1,15,,1141973,43,4,,1,60,,1141991,43,4,,1,3,,1141997,26,4,,1,12,,1141953,43,4,,1,13,,1141958,43,4,,1,17,,1141946,43,4,,1,53,,961504,43,4,,1,17,,973291,43,4,,1,13,,1141965,43,4,,1,17,,1141952,43,4,,1,53,,1141970,43,4,,1,15,,1141969,43,4,,1,15,,1141985,43,4,,1,15,,1141993,43,4,,1,55,,1141976,43,4,,1,15,,1141947,43,4,,1,15,,1141959,43,4,,1,11,,1022921,43,4,,1,15,,1141954,43,4,,1,55,,1141949,43,4,,1,15,,1141967,43,4,,1,29,,1141992,43,4,,1,70,,1141957,43,4,,1,30,,1141945,43,4,,1,70,,1141955,43,4,,1,30,,1141982,43,4,,1,70,,1082810,43,4,,1,28,,1141944,43,4,,1,70,,1141960,43,4,,1,30,,1141978,43,4,,1,79,,1061810,43,4,,1
4401,'12',522,,1142034,43,4,,1,35,,1072796,43,4,,1,71,,1142027,43,4,,1,15,,1073202,43,4,,1,15,,1142030,43,4,,1,57,,1142021,43,4,,1,15,,1142040,43,4,,1,15,,1142008,43,4,,1,14,,1019478,43,4,,1,59,,1142011,43,4,,1,15,,1142009,43,4,,1,15,,1142028,43,4,,1,53,,1142039,43,4,,1,15,,999232,43,4,,1,13,,1087163,43,4,,1,15,,1142041,43,4,,1,15,,1092766,43,4,,1,55,,1142001,43,4,,1,15,,1142024,43,4,,1,15,,1142043,43,4,,1,15,,1142032,43,4,,1,55,,1090206,43,4,,1,15,,1142003,43,4,,1,15,,1142014,43,4,,1,15,,1142016,43,4,,1,55,,1142019,43,4,,1,15,,1142002,43,4,,1,15,,1142038,43,4,,1,15,,1142007,43,4,,1,55,,1142037,43,4,,1,15,,1141998,43,4,,1,15,,1142051,43,4,,1,15,,1142017,43,4,,1,55,,1142020,43,4,,1,15,,1142047,43,4,,1,15,,1142026,43,4,,1,60,,1142050,43,4,,1,3,,1141999,26,4,,1,12,,1142031,43,4,,1,13,,1081306,43,4,,1,17,,1142013,43,4,,1,53,,1142029,43,4,,1,17,,1142010,43,4,,1,13,,1071647,43,4,,1,17,,1142025,43,4,,1,53,,1142042,43,4,,1,15,,1142023,43,4,,1,15,,1142005,43,4,,1,15,,1142045,43,4,,1,55,,1142036,43,4,,1,15,,1142022,43,4,,1,15,,1080688,43,4,,1,11,,1142012,43,4,,1,15,,1142006,43,4,,1,55,,1142000,43,4,,1,15,,1142015,43,4,,1,29,,1142004,43,4,,1,70,,1142035,43,4,,1,30,,1142049,43,4,,1,70,,1142052,43,4,,1,30,,1142018,43,4,,1,70,,1142044,43,4,,1,28,,984618,43,4,,1,70,,1142046,43,4,,1,30,,1142033,43,4,,1,79,,1142048,43,4,,1
4401,'13',625,,1142074,43,4,,1,98,,1142068,43,4,,1,102,,1142082,43,4,,1,30,,1142061,43,4,,1,70,,1142053,43,4,,1,30,,1142080,43,4,,1,70,,1142081,43,4,,1,31,,1142071,43,4,,1,70,,1142060,43,4,,1,30,,1081572,43,4,,1,70,,1090168,43,4,,1,31,,1142069,43,4,,1,70,,1142062,43,4,,1,30,,1142057,43,4,,1,70,,1142066,43,4,,1,30,,1142076,43,4,,1,70,,1142064,43,4,,1,30,,1142077,43,4,,1,70,,1142078,43,4,,1,30,,1142073,43,4,,1,70,,1142065,43,4,,1,30,,993896,43,4,,1,70,,1142072,43,4,,1,30,,1142063,43,4,,1,70,,1142067,43,4,,1,30,,1142056,43,4,,1,69,,1142054,43,4,,1,29,,1142055,43,4,,1,70,,1142070,43,4,,1,30,,1142079,43,4,,1,70,,1142075,43,4,,1,29,,1142059,43,4,,1,70,,1142058,43,4,,1
4401,'14',522,,1142132,43,4,,1,35,,1142117,43,4,,1,71,,1142141,43,4,,1,15,,1142122,43,4,,1,15,,1142105,43,4,,1,57,,1142093,43,4,,1,15,,1142120,43,4,,1,15,,1142115,43,4,,1,14,,1142126,43,4,,1,59,,1142129,43,4,,1,15,,1142094,43,4,,1,15,,1142136,43,4,,1,53,,1142106,43,4,,1,15,,1142142,43,4,,1,13,,1142145,43,4,,1,15,,1142100,43,4,,1,15,,1142119,43,4,,1,55,,1142128,43,4,,1,15,,1142108,43,4,,1,15,,1142090,43,4,,1,15,,1142134,43,4,,1,55,,1142124,43,4,,1,15,,1142140,43,4,,1,15,,1142112,43,4,,1,15,,1142125,43,4,,1,55,,1142110,43,4,,1,15,,1142092,43,4,,1,15,,1142135,43,4,,1,15,,1142099,43,4,,1,55,,1142133,43,4,,1,15,,1142088,43,4,,1,15,,1142130,43,4,,1,15,,1142148,43,4,,1,55,,1142107,43,4,,1,15,,1142144,43,4,,1,15,,1142118,43,4,,1,60,,1142137,43,4,,1,3,,1142147,26,4,,1,12,,1142096,43,4,,1,13,,1142102,43,4,,1,17,,1142085,43,4,,1,53,,1142086,43,4,,1,17,,1142143,43,4,,1,13,,1142109,43,4,,1,17,,1142095,43,4,,1,53,,1142114,43,4,,1,15,,1142113,43,4,,1,15,,1142131,43,4,,1,15,,1142139,43,4,,1,55,,1142121,43,4,,1,15,,1142087,43,4,,1,15,,1142103,43,4,,1,11,,1142146,43,4,,1,15,,1142097,43,4,,1,55,,1142089,43,4,,1,15,,1142111,43,4,,1,29,,1142138,43,4,,1,70,,1142101,43,4,,1,30,,1142084,43,4,,1,70,,1142098,43,4,,1,30,,1142127,43,4,,1,70,,1142116,43,4,,1,28,,1142083,43,4,,1,70,,1142104,43,4,,1,30,,1142123,43,4,,1,79,,1142091,43,4,,1
4401,'15',522,,1142165,43,4,,1,35,,1142168,43,4,,1,71,,1142198,43,4,,1,15,,1142158,43,4,,1,15,,1142211,43,4,,1,57,,1142184,43,4,,1,15,,1142166,43,4,,1,15,,1142160,43,4,,1,14,,1142161,43,4,,1,59,,1142201,43,4,,1,15,,1142194,43,4,,1,15,,1142208,43,4,,1,53,,1142185,43,4,,1,15,,1142150,43,4,,1,13,,1142172,43,4,,1,15,,1142178,43,4,,1,15,,1142193,43,4,,1,55,,1142154,43,4,,1,15,,1142159,43,4,,1,15,,1142196,43,4,,1,15,,1142176,43,4,,1,55,,1142180,43,4,,1,15,,1142209,43,4,,1,15,,1142202,43,4,,1,15,,1142173,43,4,,1,55,,1142210,43,4,,1,15,,1142151,43,4,,1,15,,1142190,43,4,,1,15,,1142203,43,4,,1,55,,1142181,43,4,,1,15,,1142170,43,4,,1,15,,1142171,43,4,,1,15,,1142187,43,4,,1,55,,1142169,43,4,,1,15,,1142162,43,4,,1,15,,1142192,43,4,,1,60,,1142152,43,4,,1,3,,1142188,26,4,,1,12,,1142182,43,4,,1,13,,1142167,43,4,,1,17,,1142179,43,4,,1,53,,1142175,43,4,,1,17,,1142189,43,4,,1,13,,1142195,43,4,,1,17,,1142156,43,4,,1,53,,1142199,43,4,,1,15,,1142149,43,4,,1,15,,1142157,43,4,,1,15,,1142205,43,4,,1,55,,1142213,43,4,,1,15,,1142177,43,4,,1,15,,1142212,43,4,,1,11,,1142214,43,4,,1,15,,1142174,43,4,,1,55,,1142153,43,4,,1,15,,1142164,43,4,,1,29,,1142207,43,4,,1,70,,1142191,43,4,,1,30,,1142197,43,4,,1,70,,1142204,43,4,,1,30,,1142206,43,4,,1,70,,1142200,43,4,,1,28,,1142186,43,4,,1,70,,1142183,43,4,,1,30,,1142155,43,4,,1,79,,1142163,43,4,,1
4401,'16',522,,1142257,43,4,,1,35,,1142216,43,4,,1,71,,1142250,43,4,,1,15,,1142272,43,4,,1,15,,1142253,43,4,,1,57,,1142244,43,4,,1,15,,1142263,43,4,,1,15,,1142231,43,4,,1,14,,1142277,43,4,,1,59,,1142234,43,4,,1,15,,1142232,43,4,,1,15,,1142251,43,4,,1,53,,1142262,43,4,,1,15,,1142227,43,4,,1,13,,1142271,43,4,,1,15,,1142264,43,4,,1,15,,1142215,43,4,,1,55,,1142222,43,4,,1,15,,1142247,43,4,,1,15,,1142266,43,4,,1,15,,1142255,43,4,,1,55,,1142276,43,4,,1,15,,1142224,43,4,,1,15,,1142237,43,4,,1,15,,1142239,43,4,,1,55,,1142242,43,4,,1,15,,1142223,43,4,,1,15,,1142261,43,4,,1,15,,1142230,43,4,,1,55,,1142260,43,4,,1,15,,1142219,43,4,,1,15,,1142275,43,4,,1,15,,1142240,43,4,,1,55,,1142243,43,4,,1,15,,1142269,43,4,,1,15,,1142249,43,4,,1,60,,1142274,43,4,,1,3,,1142220,26,4,,1,12,,1142254,43,4,,1,13,,1142279,43,4,,1,17,,1142236,43,4,,1,53,,1142252,43,4,,1,17,,1142233,43,4,,1,13,,1142218,43,4,,1,17,,1142248,43,4,,1,53,,1142265,43,4,,1,15,,1142246,43,4,,1,15,,1142228,43,4,,1,15,,1142268,43,4,,1,55,,1142259,43,4,,1,15,,1142245,43,4,,1,15,,1142225,43,4,,1,11,,1142235,43,4,,1,15,,1142229,43,4,,1,55,,1142221,43,4,,1,15,,1142238,43,4,,1,29,,1142226,43,4,,1,70,,1142258,43,4,,1,30,,1142273,43,4,,1,70,,1142278,43,4,,1,30,,1142241,43,4,,1,70,,1142267,43,4,,1,28,,1142217,43,4,,1,70,,1071723,43,4,,1,30,,1142256,43,4,,1,79,,1142270,43,4,,1
4401,'17',625,,1142302,43,4,,1,98,,1142296,43,4,,1,102,,1142312,43,4,,1,30,,1142289,43,4,,1,70,,1142280,43,4,,1,30,,1142308,43,4,,1,70,,1142309,43,4,,1,31,,1142299,43,4,,1,70,,1142288,43,4,,1,30,,1142310,43,4,,1,70,,1142284,43,4,,1,31,,1142297,43,4,,1,70,,1142290,43,4,,1,30,,1142285,43,4,,1,70,,1142294,43,4,,1,30,,1142304,43,4,,1,70,,1142292,43,4,,1,30,,1142305,43,4,,1,70,,1142306,43,4,,1,30,,1142301,43,4,,1,70,,1142293,43,4,,1,30,,1142311,43,4,,1,70,,1142300,43,4,,1,30,,1142291,43,4,,1,70,,1142295,43,4,,1,30,,1142283,43,4,,1,69,,1142281,43,4,,1,29,,1142282,43,4,,1,70,,1142298,43,4,,1,30,,1142307,43,4,,1,70,,1142303,43,4,,1,29,,1142287,43,4,,1,70,,1142286,43,4,,1
4401,'2',617,,1142338,43,4,,1,27,,1142313,43,4,,1,70,,1142321,43,4,,1,30,,1142320,43,4,,1,72,,1142344,43,4,,1,30,,1142325,43,4,,1,70,,1142331,43,4,,1,22,,1142317,43,4,,1,70,,1142336,43,4,,1,31,,1098622,43,4,,1,70,,1142314,43,4,,1,30,,1142341,43,4,,1,70,,1142343,43,4,,1,30,,1142333,43,4,,1,71,,1142318,43,4,,1,30,,1142328,43,4,,1,70,,1142332,43,4,,1,30,,1142329,43,4,,1,70,,1142315,43,4,,1,30,,1142342,43,4,,1,70,,1142322,43,4,,1,30,,1142345,43,4,,1,70,,1142337,43,4,,1,30,,1142340,43,4,,1,70,,1142335,43,4,,1,29,,1142346,43,4,,1,70,,1142324,43,4,,1,30,,1142323,43,4,,1,70,,1142330,43,4,,1,29,,1142326,43,4,,1,69,,1142316,43,4,,1,30,,1142334,43,4,,1,70,,1142348,43,4,,1,30,,1142339,43,4,,1,69,,1072720,43,4,,1,30,,1142347,43,4,,1,70,,1142327,43,4,,1,38,,1142319,43,4,,1
4401,'3',625,,1142371,43,4,,1,98,,1142365,43,4,,1,102,,1142381,43,4,,1,30,,1142358,43,4,,1,70,,1142349,43,4,,1,30,,1142377,43,4,,1,70,,1142378,43,4,,1,31,,1142368,43,4,,1,70,,1142357,43,4,,1,30,,1142379,43,4,,1,70,,1142353,43,4,,1,31,,1142366,43,4,,1,70,,1142359,43,4,,1,30,,1142354,43,4,,1,70,,1142363,43,4,,1,30,,1142373,43,4,,1,70,,1142361,43,4,,1,30,,1142374,43,4,,1,70,,1142375,43,4,,1,30,,1142370,43,4,,1,70,,1142362,43,4,,1,30,,1142380,43,4,,1,70,,1142369,43,4,,1,30,,1142360,43,4,,1,70,,1142364,43,4,,1,30,,1142352,43,4,,1,69,,1142350,43,4,,1,29,,1142351,43,4,,1,70,,1142367,43,4,,1,30,,1142376,43,4,,1,70,,1142372,43,4,,1,29,,1142356,43,4,,1,70,,1142355,43,4,,1
4401,'4',625,,1142388,43,4,,1,98,,1099978,43,4,,1,102,,1142383,43,4,,1,30,,1142390,43,4,,1,70,,1142407,43,4,,1,30,,1142400,43,4,,1,70,,1142411,43,4,,1,31,,1142384,43,4,,1,70,,1142404,43,4,,1,30,,1142395,43,4,,1,70,,1142408,43,4,,1,31,,1142382,43,4,,1,70,,1142409,43,4,,1,30,,1142387,43,4,,1,70,,1072982,43,4,,1,30,,1142398,43,4,,1,70,,1142399,43,4,,1,30,,1142392,43,4,,1,70,,1142394,43,4,,1,30,,1142406,43,4,,1,70,,1142402,43,4,,1,30,,1142389,43,4,,1,70,,1142405,43,4,,1,30,,1142410,43,4,,1,70,,1142386,43,4,,1,30,,1142397,43,4,,1,69,,1142396,43,4,,1,29,,1142403,43,4,,1,70,,1142385,43,4,,1,30,,1142412,43,4,,1,70,,1142393,43,4,,1,29,,1142391,43,4,,1,70,,1142401,43,4,,1
4401,'5',522,,1142455,43,4,,1,35,,1142441,43,4,,1,71,,1067991,43,4,,1,15,,1142446,43,4,,1,15,,1142430,43,4,,1,57,,1096749,43,4,,1,15,,1142444,43,4,,1,15,,1142440,43,4,,1,14,,1142450,43,4,,1,59,,1142452,43,4,,1,15,,1142420,43,4,,1,15,,1142459,43,4,,1,53,,1142431,43,4,,1,15,,1142464,43,4,,1,13,,1142465,43,4,,1,15,,1078270,43,4,,1,15,,1142443,43,4,,1,55,,1092410,43,4,,1,15,,1142433,43,4,,1,15,,1095576,43,4,,1,15,,1142457,43,4,,1,55,,1142448,43,4,,1,15,,1142463,43,4,,1,15,,1142437,43,4,,1,15,,1142449,43,4,,1,55,,1142435,43,4,,1,15,,1142419,43,4,,1,15,,1142458,43,4,,1,15,,1142425,43,4,,1,55,,1142456,43,4,,1,15,,1142417,43,4,,1,15,,1142453,43,4,,1,15,,1095186,43,4,,1,55,,1142432,43,4,,1,15,,1052551,43,4,,1,15,,1142442,43,4,,1,60,,1142460,43,4,,1,3,,1142466,26,4,,1,12,,1142422,43,4,,1,13,,1142427,43,4,,1,17,,1142415,43,4,,1,53,,961619,43,4,,1,17,,973506,43,4,,1,13,,1142434,43,4,,1,17,,1142421,43,4,,1,53,,1142439,43,4,,1,15,,1142438,43,4,,1,15,,1142454,43,4,,1,15,,1142462,43,4,,1,55,,1142445,43,4,,1,15,,1142416,43,4,,1,15,,1142428,43,4,,1,11,,1022752,43,4,,1,15,,1142423,43,4,,1,55,,1142418,43,4,,1,15,,1142436,43,4,,1,29,,1142461,43,4,,1,70,,1142426,43,4,,1,30,,1142414,43,4,,1,70,,1142424,43,4,,1,30,,1142451,43,4,,1,70,,1082770,43,4,,1,28,,1142413,43,4,,1,70,,1142429,43,4,,1,30,,1142447,43,4,,1,79,,1061701,43,4,,1
4401,'6',522,,1142501,43,4,,1,35,,1142468,43,4,,1,71,,1142494,43,4,,1,15,,1142516,43,4,,1,15,,1142497,43,4,,1,57,,1142489,43,4,,1,15,,1142507,43,4,,1,15,,1029723,43,4,,1,14,,1142519,43,4,,1,59,,1142481,43,4,,1,15,,1142479,43,4,,1,15,,1142495,43,4,,1,53,,1142506,43,4,,1,15,,1142475,43,4,,1,13,,1142515,43,4,,1,15,,1142508,43,4,,1,15,,1142467,43,4,,1,55,,1142471,43,4,,1,15,,1142492,43,4,,1,15,,1142510,43,4,,1,15,,1142499,43,4,,1,55,,1142518,43,4,,1,15,,1142473,43,4,,1,15,,1142483,43,4,,1,15,,1142485,43,4,,1,55,,1142487,43,4,,1,15,,1142472,43,4,,1,15,,1142505,43,4,,1,15,,1142478,43,4,,1,55,,1142504,43,4,,1,15,,1083309,43,4,,1,15,,1004209,43,4,,1,15,,1101505,43,4,,1,55,,1142488,43,4,,1,15,,1014808,43,4,,1,15,,1142493,43,4,,1,60,,1142517,43,4,,1,3,,1079248,26,4,,1,12,,1142498,43,4,,1,13,,1142521,43,4,,1,17,,1142482,43,4,,1,53,,1142496,43,4,,1,17,,1142480,43,4,,1,13,,1142470,43,4,,1,17,,1026133,43,4,,1,53,,1142509,43,4,,1,15,,1142491,43,4,,1,15,,1142476,43,4,,1,15,,1142512,43,4,,1,55,,1142503,43,4,,1,15,,1142490,43,4,,1,15,,1142474,43,4,,1,11,,1103585,43,4,,1,15,,1142477,43,4,,1,55,,1093023,43,4,,1,15,,1142484,43,4,,1,29,,1053260,43,4,,1,70,,1142502,43,4,,1,30,,1066646,43,4,,1,70,,1142520,43,4,,1,30,,1142486,43,4,,1,70,,1142511,43,4,,1,28,,1142469,43,4,,1,70,,1142513,43,4,,1,30,,1142500,43,4,,1,79,,1142514,43,4,,1
4401,'7',617,,1142554,43,4,,1,27,,1142523,43,4,,1,70,,1142531,43,4,,1,30,,1142549,43,4,,1,72,,1142534,43,4,,1,30,,1142532,43,4,,1,70,,1142551,43,4,,1,22,,1142538,43,4,,1,70,,1142527,43,4,,1,31,,1142540,43,4,,1,70,,1142529,43,4,,1,30,,1142559,43,4,,1,70,,1142541,43,4,,1,30,,1142543,43,4,,1,71,,1142556,43,4,,1,30,,1142533,43,4,,1,70,,1142558,43,4,,1,30,,1142535,43,4,,1,70,,1142528,43,4,,1,30,,1142542,43,4,,1,70,,1142555,43,4,,1,30,,1142522,43,4,,1,70,,1142550,43,4,,1,30,,1142525,43,4,,1,70,,1142524,43,4,,1,29,,1142539,43,4,,1,70,,1142552,43,4,,1,30,,1142530,43,4,,1,70,,1142553,43,4,,1,29,,1142526,43,4,,1,69,,1142557,43,4,,1,30,,1142547,43,4,,1,70,,1142536,43,4,,1,30,,1142544,43,4,,1,69,,1142537,43,4,,1,30,,1142546,43,4,,1,70,,1142548,43,4,,1,38,,1142545,43,4,,1
4401,'8',522,,1142602,43,4,,1,35,,1142561,43,4,,1,71,,1142595,43,4,,1,15,,1142618,43,4,,1,15,,1142598,43,4,,1,57,,1142589,43,4,,1,15,,1142608,43,4,,1,15,,1142576,43,4,,1,14,,1142623,43,4,,1,59,,1142579,43,4,,1,15,,1142577,43,4,,1,15,,1142596,43,4,,1,53,,1142607,43,4,,1,15,,1142572,43,4,,1,13,,1142617,43,4,,1,15,,1142609,43,4,,1,15,,1142560,43,4,,1,55,,1142567,43,4,,1,15,,1142592,43,4,,1,15,,1142611,43,4,,1,15,,1142600,43,4,,1,55,,1142622,43,4,,1,15,,1142569,43,4,,1,15,,1142582,43,4,,1,15,,1142584,43,4,,1,55,,1142587,43,4,,1,15,,1142568,43,4,,1,15,,1142606,43,4,,1,15,,1142575,43,4,,1,55,,1142605,43,4,,1,15,,1142564,43,4,,1,15,,1142621,43,4,,1,15,,1142585,43,4,,1,55,,1142588,43,4,,1,15,,1142615,43,4,,1,15,,1142594,43,4,,1,60,,1142620,43,4,,1,3,,1142565,26,4,,1,12,,1142599,43,4,,1,13,,1142625,43,4,,1,17,,1142581,43,4,,1,53,,1142597,43,4,,1,17,,1142578,43,4,,1,13,,1142563,43,4,,1,17,,1142593,43,4,,1,53,,1142610,43,4,,1,15,,1142591,43,4,,1,15,,1142573,43,4,,1,15,,1142613,43,4,,1,55,,1142604,43,4,,1,15,,1142590,43,4,,1,15,,1142570,43,4,,1,11,,1142580,43,4,,1,15,,1142574,43,4,,1,55,,1142566,43,4,,1,15,,1142583,43,4,,1,29,,1142571,43,4,,1,70,,1142603,43,4,,1,30,,1142619,43,4,,1,70,,1142624,43,4,,1,30,,1142586,43,4,,1,70,,1142612,43,4,,1,28,,1142562,43,4,,1,70,,1142614,43,4,,1,30,,1142601,43,4,,1,79,,1142616,43,4,,1
4401,'9',522,,1142668,43,4,,1,35,,1142654,43,4,,1,71,,1067880,43,4,,1,15,,1142659,43,4,,1,15,,1142643,43,4,,1,57,,1096616,43,4,,1,15,,1142657,43,4,,1,15,,1142653,43,4,,1,14,,1142663,43,4,,1,59,,1142665,43,4,,1,15,,1142633,43,4,,1,15,,1142672,43,4,,1,53,,1142644,43,4,,1,15,,1142677,43,4,,1,13,,1142678,43,4,,1,15,,1078166,43,4,,1,15,,1142656,43,4,,1,55,,1092336,43,4,,1,15,,1142646,43,4,,1,15,,1095464,43,4,,1,15,,1142670,43,4,,1,55,,1142661,43,4,,1,15,,1142676,43,4,,1,15,,1142650,43,4,,1,15,,1142662,43,4,,1,55,,1142648,43,4,,1,15,,1142632,43,4,,1,15,,1142671,43,4,,1,15,,1142638,43,4,,1,55,,1142669,43,4,,1,15,,1142630,43,4,,1,15,,1142666,43,4,,1,15,,1095062,43,4,,1,55,,1142645,43,4,,1,15,,1052660,43,4,,1,15,,1142655,43,4,,1,60,,1142673,43,4,,1,3,,1142679,26,4,,1,12,,1142635,43,4,,1,13,,1142640,43,4,,1,17,,1142628,43,4,,1,53,,961589,43,4,,1,17,,973454,43,4,,1,13,,1142647,43,4,,1,17,,1142634,43,4,,1,53,,1142652,43,4,,1,15,,1142651,43,4,,1,15,,1142667,43,4,,1,15,,1142675,43,4,,1,55,,1142658,43,4,,1,15,,1142629,43,4,,1,15,,1142641,43,4,,1,11,,1022987,43,4,,1,15,,1142636,43,4,,1,55,,1142631,43,4,,1,15,,1142649,43,4,,1,29,,1142674,43,4,,1,70,,1142639,43,4,,1,30,,1142627,43,4,,1,70,,1142637,43,4,,1,30,,1142664,43,4,,1,70,,1082750,43,4,,1,28,,1142626,43,4,,1,70,,1142642,43,4,,1,30,,1142660,43,4,,1,79,,1061586,43,4,,1
4500,'1',415,,1053343,9,,,1,98,,1068558,9,,,1,17,,1142695,1,,,1,70,,1142700,1,,,1,15,,877358,1,,,1,15,,1142699,1,,,1,15,,1142689,1,,,1,55,,1142684,1,,,1,15,,1078718,1,,,1,15,,1142719,1,,,1,15,,1142685,1,,,1,13,,1142726,1,,,1,57,,1142692,1,,,1,17,,1142682,1,,,1,13,,1142727,1,,,1,55,,1003800,1,,,1,15,,1142728,1,,,1,15,,1142734,1,,,1,15,,1142686,1,,,1,55,,1142721,1,,,1,15,,1142715,1,,,1,15,,1101897,1,,,1,15,,1142705,1,,,1,55,,1142723,1,,,1,15,,1142732,1,,,1,15,,1142694,1,,,1,15,,1075534,1,,,1,55,,1142733,1,,,1,15,,1142729,1,,,1,15,,1066537,1,,,1,15,,1097152,1,,,1,55,,1142693,1,,,1,15,,1015088,1,,,1,15,,1040349,1,,,1,15,,1142725,1,,,1,55,,1142709,1,,,1,15,,1093420,1,,,1,15,,1142713,1,,,1,15,,1142687,1,,,1,55,,1142710,1,,,1,15,,1142688,1,,,1,13,,1142690,1,,,1,16,,1102402,1,,,1,56,,1142707,1,,,1,15,,1142681,1,,,1,15,,1142720,1,,,1,15,,1142691,1,,,1,55,,1142712,1,,,1,15,,1064428,1,,,1,15,,1142706,1,,,1,15,,1142703,1,,,1,55,,1016000,1,,,1,15,,1142697,1,,,1,15,,1142730,1,,,1,15,,1044927,1,,,1,55,,1142708,1,,,1,15,,1142696,1,,,1,15,,1142711,1,,,1,15,,1142718,1,,,1,55,,1142724,1,,,1,15,,1142702,1,,,1,15,,1142722,1,,,1,70,,1142716,1,,,1,30,,1142701,1,,,1,70,,1142714,1,,,1,30,,1142731,1,,,1,70,,1063114,1,,,1,30,,1142683,1,,,1,70,,1095199,1,,,1,30,,1142717,1,,,1,70,,1142698,1,,,1,57,,1142680,9,,,1,99,,1142704,9,,,1
4500,'10',415,,1053401,9,,,1,98,,1068519,9,,,1,17,,1142750,1,,,1,70,,1142755,1,,,1,15,,877382,1,,,1,15,,1142754,1,,,1,15,,1142744,1,,,1,55,,1142739,1,,,1,15,,1078454,1,,,1,15,,1142774,1,,,1,15,,1142740,1,,,1,13,,1142781,1,,,1,57,,1142747,1,,,1,17,,1142737,1,,,1,13,,1142782,1,,,1,55,,1003957,1,,,1,15,,1142783,1,,,1,15,,1142789,1,,,1,15,,1142741,1,,,1,55,,1142776,1,,,1,15,,1142770,1,,,1,15,,1101842,1,,,1,15,,1142760,1,,,1,55,,1142778,1,,,1,15,,1142787,1,,,1,15,,1142749,1,,,1,15,,1075198,1,,,1,55,,1142788,1,,,1,15,,1142784,1,,,1,15,,1066315,1,,,1,15,,1097069,1,,,1,55,,1142748,1,,,1,15,,1015279,1,,,1,15,,1040506,1,,,1,15,,1142780,1,,,1,55,,1142764,1,,,1,15,,1093104,1,,,1,15,,1142768,1,,,1,15,,1142742,1,,,1,55,,1142765,1,,,1,15,,1142743,1,,,1,13,,1142745,1,,,1,16,,1102387,1,,,1,56,,1142762,1,,,1,15,,1142736,1,,,1,15,,1142775,1,,,1,15,,1142746,1,,,1,55,,1142767,1,,,1,15,,1064267,1,,,1,15,,1142761,1,,,1,15,,1142758,1,,,1,55,,1016200,1,,,1,15,,1142752,1,,,1,15,,1142785,1,,,1,15,,1045084,1,,,1,55,,1142763,1,,,1,15,,1142751,1,,,1,15,,1142766,1,,,1,15,,1142773,1,,,1,55,,1142779,1,,,1,15,,1142757,1,,,1,15,,1142777,1,,,1,70,,1142771,1,,,1,30,,1142756,1,,,1,70,,1142769,1,,,1,30,,1142786,1,,,1,70,,1062772,1,,,1,30,,1142738,1,,,1,70,,1094953,1,,,1,30,,1142772,1,,,1,70,,1142753,1,,,1,57,,1142735,9,,,1,99,,1142759,9,,,1
4500,'11',415,,1053326,9,,,1,98,,1068571,9,,,1,17,,1142805,1,,,1,70,,1142810,1,,,1,15,,877312,1,,,1,15,,1142809,1,,,1,15,,1142799,1,,,1,55,,1142794,1,,,1,15,,1078798,1,,,1,15,,1142829,1,,,1,15,,1142795,1,,,1,13,,1142836,1,,,1,57,,1142802,1,,,1,17,,1142792,1,,,1,13,,1142837,1,,,1,55,,1003752,1,,,1,15,,1142838,1,,,1,15,,1142844,1,,,1,15,,1142796,1,,,1,55,,1142831,1,,,1,15,,1142825,1,,,1,15,,1101914,1,,,1,15,,1142815,1,,,1,55,,1142833,1,,,1,15,,1142842,1,,,1,15,,1142804,1,,,1,15,,1075626,1,,,1,55,,1142843,1,,,1,15,,1142839,1,,,1,15,,1066604,1,,,1,15,,1097179,1,,,1,55,,1142803,1,,,1,15,,1015034,1,,,1,15,,1040304,1,,,1,15,,1142835,1,,,1,55,,1142819,1,,,1,15,,1093511,1,,,1,15,,1142823,1,,,1,15,,1142797,1,,,1,55,,1142820,1,,,1,15,,1142798,1,,,1,13,,1142800,1,,,1,16,,1102407,1,,,1,56,,1142817,1,,,1,15,,1142791,1,,,1,15,,1142830,1,,,1,15,,1142801,1,,,1,55,,1142822,1,,,1,15,,1064480,1,,,1,15,,1142816,1,,,1,15,,1142813,1,,,1,55,,1015940,1,,,1,15,,1142807,1,,,1,15,,1142840,1,,,1,15,,1044879,1,,,1,55,,1142818,1,,,1,15,,1142806,1,,,1,15,,1142821,1,,,1,15,,1142828,1,,,1,55,,1142834,1,,,1,15,,1142812,1,,,1,15,,1142832,1,,,1,70,,1142826,1,,,1,30,,1142811,1,,,1,70,,1142824,1,,,1,30,,1142841,1,,,1,70,,1063215,1,,,1,30,,1142793,1,,,1,70,,1095273,1,,,1,30,,1142827,1,,,1,70,,1142808,1,,,1,57,,1142790,9,,,1,99,,1142814,9,,,1
4500,'12',415,,1142867,9,,,1,98,,1142856,9,,,1,17,,1142886,1,,,1,70,,1142905,1,,,1,15,,1142900,1,,,1,15,,1142898,1,,,1,15,,1142865,1,,,1,55,,1142873,1,,,1,15,,1142899,1,,,1,15,,1142864,1,,,1,15,,1142903,1,,,1,13,,1142888,1,,,1,57,,1142848,1,,,1,17,,1096722,1,,,1,13,,1142845,1,,,1,55,,1142861,1,,,1,15,,1142891,1,,,1,15,,1142847,1,,,1,15,,1033503,1,,,1,55,,1142870,1,,,1,15,,1142846,1,,,1,15,,1102731,1,,,1,15,,1142849,1,,,1,55,,1142909,1,,,1,15,,1142860,1,,,1,15,,1142862,1,,,1,15,,961956,1,,,1,55,,1142911,1,,,1,15,,1142885,1,,,1,15,,1142892,1,,,1,15,,1090441,1,,,1,55,,1142890,1,,,1,15,,1142879,1,,,1,15,,1142878,1,,,1,15,,1142877,1,,,1,55,,1142901,1,,,1,15,,1142874,1,,,1,15,,1142863,1,,,1,15,,1142872,1,,,1,55,,1142904,1,,,1,15,,1142868,1,,,1,13,,1142902,1,,,1,16,,1142907,1,,,1,56,,1142875,1,,,1,15,,1142881,1,,,1,15,,1142887,1,,,1,15,,1142889,1,,,1,55,,1142850,1,,,1,15,,1142859,1,,,1,15,,1142884,1,,,1,15,,1142908,1,,,1,55,,1142897,1,,,1,15,,1142869,1,,,1,15,,1142882,1,,,1,15,,1142857,1,,,1,55,,1063004,1,,,1,15,,1142876,1,,,1,15,,1142858,1,,,1,15,,1142896,1,,,1,55,,1142906,1,,,1,15,,1142895,1,,,1,15,,1142910,1,,,1,70,,1142894,1,,,1,30,,1142883,1,,,1,70,,1142852,1,,,1,30,,1142866,1,,,1,70,,1142893,1,,,1,30,,1142855,1,,,1,70,,1142853,1,,,1,30,,1142851,1,,,1,70,,1142871,1,,,1,57,,1142854,9,,,1,99,,1142880,9,,,1
4500,'13',405,,1142941,9,,,1,100,,1142930,9,,,1,101,,1142939,9,,,1,30,,1142935,9,,,1,70,,1142913,9,,,1,30,,1142914,9,,,1,70,,1142940,9,,,1,30,,1142926,1,,,1,70,,1142928,1,,,1,30,,1142929,1,,,1,70,,1142919,1,,,1,30,,1142920,1,,,1,70,,1011620,1,,,1,30,,1142912,1,,,1,70,,1142924,1,,,1,30,,1142917,1,,,1,70,,1142918,1,,,1,30,,1142916,1,,,1,70,,1142927,1,,,1,30,,1142938,1,,,1,70,,1142925,1,,,1,30,,1142951,1,,,1,70,,1142922,1,,,1,30,,1142915,1,,,1,70,,1142945,1,,,1,30,,1142947,1,,,1,70,,1142950,1,,,1,30,,1142931,1,,,1,70,,1142937,1,,,1,30,,1142948,1,,,1,70,,1142923,1,,,1,30,,1142942,1,,,1,70,,1142943,1,,,1,30,,1142932,1,,,1,70,,1142949,1,,,1,30,,1142934,1,,,1,70,,1142921,1,,,1,30,,1071862,9,,,1,70,,1142936,9,,,1,30,,1142946,9,,,1,70,,1087128,9,,,1,100,,1142944,9,,,1,100,,1142933,9,,,1
4500,'14',415,,1143010,9,,,1,98,,1143020,9,,,1,17,,1142977,1,,,1,70,,1142982,1,,,1,15,,1142956,1,,,1,15,,1142981,1,,,1,15,,1142970,1,,,1,55,,1142959,1,,,1,15,,1143008,1,,,1,15,,1143002,1,,,1,15,,1142961,1,,,1,13,,1143011,1,,,1,57,,1142973,1,,,1,17,,1142957,1,,,1,13,,1143012,1,,,1,55,,1142967,1,,,1,15,,1143013,1,,,1,15,,1143023,1,,,1,15,,1142962,1,,,1,55,,1143004,1,,,1,15,,1142998,1,,,1,15,,1142968,1,,,1,15,,1142987,1,,,1,55,,1143006,1,,,1,15,,1143019,1,,,1,15,,1142975,1,,,1,15,,1142960,1,,,1,55,,1143021,1,,,1,15,,1143014,1,,,1,15,,1143018,1,,,1,15,,1143022,1,,,1,55,,1142974,1,,,1,15,,1142955,1,,,1,15,,1142966,1,,,1,15,,1143009,1,,,1,55,,1142991,1,,,1,15,,1143015,1,,,1,15,,1142995,1,,,1,15,,1142965,1,,,1,55,,1142992,1,,,1,15,,1142969,1,,,1,13,,1142971,1,,,1,16,,1142963,1,,,1,56,,1142989,1,,,1,15,,1142953,1,,,1,15,,1143003,1,,,1,15,,1142972,1,,,1,55,,1142994,1,,,1,15,,1142954,1,,,1,15,,1142988,1,,,1,15,,1142985,1,,,1,55,,1143024,1,,,1,15,,1142979,1,,,1,15,,1143016,1,,,1,15,,1142997,1,,,1,55,,1142990,1,,,1,15,,1142978,1,,,1,15,,1142993,1,,,1,15,,1143001,1,,,1,55,,1143007,1,,,1,15,,1142984,1,,,1,15,,1143005,1,,,1,70,,1142999,1,,,1,30,,1142983,1,,,1,70,,1142996,1,,,1,30,,1143017,1,,,1,70,,1142976,1,,,1,30,,1142958,1,,,1,70,,1142964,1,,,1,30,,1143000,1,,,1,70,,1142980,1,,,1,57,,1142952,9,,,1,99,,1142986,9,,,1
4500,'15',415,,1143078,9,,,1,98,,1143045,9,,,1,17,,1143088,1,,,1,70,,1143038,1,,,1,15,,1143076,1,,,1,15,,1143042,1,,,1,15,,1143089,1,,,1,55,,1143072,1,,,1,15,,1143025,1,,,1,15,,1143030,1,,,1,15,,1143044,1,,,1,13,,1143070,1,,,1,57,,1143061,1,,,1,17,,1143055,1,,,1,13,,1143047,1,,,1,55,,1143092,1,,,1,15,,1143050,1,,,1,15,,1143063,1,,,1,15,,1143075,1,,,1,55,,1143097,1,,,1,15,,1143041,1,,,1,15,,1143053,1,,,1,15,,1143029,1,,,1,55,,1143057,1,,,1,15,,1143079,1,,,1,15,,1143036,1,,,1,15,,1143090,1,,,1,55,,1143037,1,,,1,15,,1143093,1,,,1,15,,1143043,1,,,1,15,,1143084,1,,,1,55,,1143095,1,,,1,15,,1143087,1,,,1,15,,1143086,1,,,1,15,,1143056,1,,,1,55,,1143085,1,,,1,15,,1143094,1,,,1,15,,1143083,1,,,1,15,,1143026,1,,,1,55,,1143069,1,,,1,15,,1143040,1,,,1,13,,1143027,1,,,1,16,,1143051,1,,,1,56,,1143073,1,,,1,15,,1143068,1,,,1,15,,1143060,1,,,1,15,,1143064,1,,,1,55,,1143065,1,,,1,15,,1143034,1,,,1,15,,1143096,1,,,1,15,,1143033,1,,,1,55,,1143077,1,,,1,15,,1143049,1,,,1,15,,1143081,1,,,1,15,,1143074,1,,,1,55,,1143091,1,,,1,15,,1143058,1,,,1,15,,1143082,1,,,1,15,,1143062,1,,,1,55,,1143052,1,,,1,15,,1143067,1,,,1,15,,1143035,1,,,1,70,,1143048,1,,,1,30,,1143032,1,,,1,70,,1143066,1,,,1,30,,1143080,1,,,1,70,,1143039,1,,,1,30,,1143046,1,,,1,70,,1143028,1,,,1,30,,1143031,1,,,1,70,,1143059,1,,,1,57,,1143054,9,,,1,99,,1143071,9,,,1
4500,'16',415,,1143125,9,,,1,98,,1143114,9,,,1,17,,1143144,1,,,1,70,,1143163,1,,,1,15,,1072649,1,,,1,15,,1143156,1,,,1,15,,1143123,1,,,1,55,,1143131,1,,,1,15,,1143157,1,,,1,15,,1143122,1,,,1,15,,1143161,1,,,1,13,,1143146,1,,,1,57,,1143101,1,,,1,17,,1143158,1,,,1,13,,1143098,1,,,1,55,,1143119,1,,,1,15,,1143149,1,,,1,15,,1143100,1,,,1,15,,1143102,1,,,1,55,,1143128,1,,,1,15,,1143099,1,,,1,15,,1143105,1,,,1,15,,1143103,1,,,1,55,,1143165,1,,,1,15,,1143118,1,,,1,15,,1143120,1,,,1,15,,1143104,1,,,1,55,,1143167,1,,,1,15,,1143143,1,,,1,15,,1143150,1,,,1,15,,1143108,1,,,1,55,,1143148,1,,,1,15,,1143137,1,,,1,15,,1143136,1,,,1,15,,1143135,1,,,1,55,,1143159,1,,,1,15,,1143132,1,,,1,15,,1143121,1,,,1,15,,1143130,1,,,1,55,,1143162,1,,,1,15,,1143126,1,,,1,13,,1143160,1,,,1,16,,1143164,1,,,1,56,,1143133,1,,,1,15,,1143139,1,,,1,15,,1143145,1,,,1,15,,1143147,1,,,1,55,,1143107,1,,,1,15,,1143117,1,,,1,15,,1143142,1,,,1,15,,1098891,1,,,1,55,,1143155,1,,,1,15,,1143127,1,,,1,15,,1143140,1,,,1,15,,1143115,1,,,1,55,,1143106,1,,,1,15,,1143134,1,,,1,15,,1143116,1,,,1,15,,1143154,1,,,1,55,,1064944,1,,,1,15,,1143153,1,,,1,15,,1143166,1,,,1,70,,1143152,1,,,1,30,,1143141,1,,,1,70,,1143110,1,,,1,30,,1143124,1,,,1,70,,1143151,1,,,1,30,,1143113,1,,,1,70,,1143111,1,,,1,30,,1143109,1,,,1,70,,1143129,1,,,1,57,,1143112,9,,,1,99,,1143138,9,,,1
4500,'17',405,,1143200,9,,,1,100,,1143189,9,,,1,101,,1143198,9,,,1,30,,1143194,9,,,1,70,,1143169,9,,,1,30,,1143170,9,,,1,70,,1143199,9,,,1,30,,1143184,1,,,1,70,,1143187,1,,,1,30,,1143188,1,,,1,70,,1143176,1,,,1,30,,1143177,1,,,1,70,,1143171,1,,,1,30,,1143168,1,,,1,70,,1143182,1,,,1,30,,1143174,1,,,1,70,,1143175,1,,,1,30,,1143173,1,,,1,70,,1143186,1,,,1,30,,1143197,1,,,1,70,,1143183,1,,,1,30,,1143210,1,,,1,70,,1143180,1,,,1,30,,1143172,1,,,1,70,,1143204,1,,,1,30,,1143206,1,,,1,70,,1143209,1,,,1,30,,1143190,1,,,1,70,,1143196,1,,,1,30,,1143207,1,,,1,70,,1143181,1,,,1,30,,1143201,1,,,1,70,,1143202,1,,,1,30,,1143191,1,,,1,70,,1143208,1,,,1,30,,1143193,1,,,1,70,,1143179,1,,,1,30,,1143185,9,,,1,70,,1143195,9,,,1,30,,1143205,9,,,1,70,,1143178,9,,,1,100,,1143203,9,,,1,100,,1143192,9,,,1
4500,'2',355,,1143245,9,,,1,100,,1143212,9,,,1,70,,1143235,9,,,1,31,,1143252,9,,,1,69,,1143219,1,,,1,30,,1143224,1,,,1,70,,1143214,1,,,1,30,,1096005,1,,,1,70,,1143225,1,,,1,30,,1143216,1,,,1,70,,1143243,1,,,1,30,,1143248,1,,,1,70,,1143231,1,,,1,30,,1143250,1,,,1,70,,1143222,1,,,1,30,,1143239,1,,,1,70,,1143223,1,,,1,30,,1143233,1,,,1,70,,1143244,1,,,1,30,,1143238,1,,,1,70,,1061545,1,,,1,30,,1143215,1,,,1,70,,1143237,1,,,1,30,,1143229,1,,,1,70,,1143251,1,,,1,30,,1143241,1,,,1,70,,1143242,1,,,1,30,,1143240,1,,,1,70,,1143227,1,,,1,30,,1143228,1,,,1,70,,1143249,1,,,1,30,,1143211,1,,,1,70,,1143221,1,,,1,30,,1143230,1,,,1,70,,1143247,1,,,1,30,,1143234,1,,,1,70,,1143218,1,,,1,30,,1143246,1,,,1,70,,1143232,1,,,1,30,,1143220,1,,,1,70,,1143213,1,,,1,30,,1143236,1,,,1,100,,1143217,1,,,1,100,,1143226,9,,,1
4500,'3',405,,1143285,9,,,1,100,,1143274,9,,,1,101,,1143283,9,,,1,30,,1143279,9,,,1,70,,1143254,9,,,1,30,,1143255,9,,,1,70,,1143284,9,,,1,30,,1143269,1,,,1,70,,1143272,1,,,1,30,,1143273,1,,,1,70,,1143261,1,,,1,30,,1143262,1,,,1,70,,1143256,1,,,1,30,,1143253,1,,,1,70,,1143267,1,,,1,30,,1143259,1,,,1,70,,1143260,1,,,1,30,,1143258,1,,,1,70,,1143271,1,,,1,30,,1143282,1,,,1,70,,1143268,1,,,1,30,,1143295,1,,,1,70,,1143265,1,,,1,30,,1143257,1,,,1,70,,1143289,1,,,1,30,,1143291,1,,,1,70,,1143294,1,,,1,30,,1143275,1,,,1,70,,1143281,1,,,1,30,,1143292,1,,,1,70,,1143266,1,,,1,30,,1143286,1,,,1,70,,1143287,1,,,1,30,,1143276,1,,,1,70,,1143293,1,,,1,30,,1143278,1,,,1,70,,1143264,1,,,1,30,,1143270,9,,,1,70,,1143280,9,,,1,30,,1143290,9,,,1,70,,1143263,9,,,1,100,,1143288,9,,,1,100,,1143277,9,,,1
4500,'4',405,,1143305,9,,,1,100,,1143301,9,,,1,101,,1143307,9,,,1,30,,1070247,9,,,1,70,,1091543,9,,,1,30,,1143298,9,,,1,70,,1089123,9,,,1,30,,1143329,1,,,1,70,,1143302,1,,,1,30,,1076548,1,,,1,70,,1143311,1,,,1,30,,1143324,1,,,1,70,,1143330,1,,,1,30,,1143304,1,,,1,70,,1143326,1,,,1,30,,1143312,1,,,1,70,,1143309,1,,,1,30,,1143306,1,,,1,70,,1143310,1,,,1,30,,1143321,1,,,1,70,,1143296,1,,,1,30,,1143322,1,,,1,70,,1143318,1,,,1,30,,1143319,1,,,1,70,,1143316,1,,,1,30,,1082403,1,,,1,70,,1143328,1,,,1,30,,1143297,1,,,1,70,,1143299,1,,,1,30,,1143313,1,,,1,70,,1143314,1,,,1,30,,1095506,1,,,1,70,,1143300,1,,,1,30,,1143303,1,,,1,70,,1143308,1,,,1,30,,1076543,1,,,1,70,,1143315,1,,,1,30,,1143325,9,,,1,70,,1079032,9,,,1,30,,1143317,9,,,1,70,,1143320,9,,,1,100,,1143327,9,,,1,100,,1143323,9,,,1
4500,'5',415,,1053248,9,,,1,98,,1068545,9,,,1,17,,1143346,1,,,1,70,,1143351,1,,,1,15,,877452,1,,,1,15,,1143350,1,,,1,15,,1143340,1,,,1,55,,1143335,1,,,1,15,,1078670,1,,,1,15,,1143370,1,,,1,15,,1143336,1,,,1,13,,1143377,1,,,1,57,,1143343,1,,,1,17,,1143333,1,,,1,13,,1143378,1,,,1,55,,1003532,1,,,1,15,,1143379,1,,,1,15,,1143385,1,,,1,15,,1143337,1,,,1,55,,1143372,1,,,1,15,,1143366,1,,,1,15,,1101889,1,,,1,15,,1143356,1,,,1,55,,1143374,1,,,1,15,,1143383,1,,,1,15,,1143345,1,,,1,15,,1075492,1,,,1,55,,1143384,1,,,1,15,,1143380,1,,,1,15,,1066498,1,,,1,15,,1097130,1,,,1,55,,1143344,1,,,1,15,,1014707,1,,,1,15,,1040056,1,,,1,15,,1143376,1,,,1,55,,1143360,1,,,1,15,,1093365,1,,,1,15,,1143364,1,,,1,15,,1143338,1,,,1,55,,1143361,1,,,1,15,,1143339,1,,,1,13,,1143341,1,,,1,16,,1102397,1,,,1,56,,1143358,1,,,1,15,,1143332,1,,,1,15,,1143371,1,,,1,15,,1143342,1,,,1,55,,1143363,1,,,1,15,,1064403,1,,,1,15,,1143357,1,,,1,15,,1143354,1,,,1,55,,1015634,1,,,1,15,,1143348,1,,,1,15,,1143381,1,,,1,15,,1044680,1,,,1,55,,1143359,1,,,1,15,,1143347,1,,,1,15,,1143362,1,,,1,15,,1143369,1,,,1,55,,1143375,1,,,1,15,,1143353,1,,,1,15,,1143373,1,,,1,70,,1143367,1,,,1,30,,1143352,1,,,1,70,,1143365,1,,,1,30,,1143382,1,,,1,70,,1063060,1,,,1,30,,1143334,1,,,1,70,,1095151,1,,,1,30,,1143368,1,,,1,70,,1143349,1,,,1,57,,1143331,9,,,1,99,,1143355,9,,,1
4500,'6',415,,1143406,9,,,1,98,,1143395,9,,,1,17,,1143424,1,,,1,70,,1143441,1,,,1,15,,1143438,1,,,1,15,,1143436,1,,,1,15,,1143404,1,,,1,55,,1143412,1,,,1,15,,1078415,1,,,1,15,,1143403,1,,,1,15,,1063759,1,,,1,13,,1143426,1,,,1,57,,1088297,1,,,1,17,,1143437,1,,,1,13,,1103711,1,,,1,55,,1143400,1,,,1,15,,1143429,1,,,1,15,,1017696,1,,,1,15,,1143387,1,,,1,55,,1143409,1,,,1,15,,1143386,1,,,1,15,,1143389,1,,,1,15,,1010005,1,,,1,55,,1143445,1,,,1,15,,1143399,1,,,1,15,,1143401,1,,,1,15,,1143388,1,,,1,55,,1100800,1,,,1,15,,1143423,1,,,1,15,,1143430,1,,,1,15,,1143391,1,,,1,55,,1143428,1,,,1,15,,1143418,1,,,1,15,,1143417,1,,,1,15,,1143416,1,,,1,55,,1099579,1,,,1,15,,1143413,1,,,1,15,,1143402,1,,,1,15,,1143411,1,,,1,55,,1143440,1,,,1,15,,1143407,1,,,1,13,,1143439,1,,,1,16,,1143443,1,,,1,56,,1143414,1,,,1,15,,1143420,1,,,1,15,,1143425,1,,,1,15,,1143427,1,,,1,55,,1063748,1,,,1,15,,1143398,1,,,1,15,,1098436,1,,,1,15,,1143444,1,,,1,55,,1143435,1,,,1,15,,1143408,1,,,1,15,,1143421,1,,,1,15,,1143396,1,,,1,55,,1143390,1,,,1,15,,1143415,1,,,1,15,,1143397,1,,,1,15,,1143434,1,,,1,55,,1143442,1,,,1,15,,1143433,1,,,1,15,,1088333,1,,,1,70,,1143432,1,,,1,30,,1143422,1,,,1,70,,1080545,1,,,1,30,,1143405,1,,,1,70,,1143431,1,,,1,30,,1143394,1,,,1,70,,1143392,1,,,1,30,,945699,1,,,1,70,,1143410,1,,,1,57,,1143393,9,,,1,99,,1143419,9,,,1
4500,'7',355,,1143477,9,,,1,100,,1143479,9,,,1,70,,1143488,9,,,1,31,,1143456,9,,,1,69,,1143466,1,,,1,30,,1143453,1,,,1,70,,1143471,1,,,1,30,,1143450,1,,,1,70,,1143467,1,,,1,30,,1143482,1,,,1,70,,1143459,1,,,1,30,,1143463,1,,,1,70,,1143454,1,,,1,30,,1143476,1,,,1,70,,1143452,1,,,1,30,,1143487,1,,,1,70,,1143484,1,,,1,30,,1143470,1,,,1,70,,1143486,1,,,1,30,,1143451,1,,,1,70,,1143462,1,,,1,30,,1143475,1,,,1,70,,1143458,1,,,1,30,,1143478,1,,,1,70,,1143461,1,,,1,30,,1143472,1,,,1,70,,1143449,1,,,1,30,,1143457,1,,,1,70,,1143483,1,,,1,30,,1143447,1,,,1,70,,1143481,1,,,1,30,,1143489,1,,,1,70,,1143446,1,,,1,30,,1143465,1,,,1,70,,1143460,1,,,1,30,,1143473,1,,,1,70,,1143480,1,,,1,30,,1143474,1,,,1,70,,1143455,1,,,1,30,,1143448,1,,,1,70,,1143485,1,,,1,30,,1143468,1,,,1,100,,1143464,1,,,1,100,,1143469,9,,,1
4500,'8',415,,1143517,9,,,1,98,,1143506,9,,,1,17,,1143536,1,,,1,70,,1143556,1,,,1,15,,1143551,1,,,1,15,,1143548,1,,,1,15,,1143515,1,,,1,55,,1143523,1,,,1,15,,1143549,1,,,1,15,,1143514,1,,,1,15,,1143554,1,,,1,13,,1143538,1,,,1,57,,1143493,1,,,1,17,,1143550,1,,,1,13,,1143490,1,,,1,55,,1143511,1,,,1,15,,1143541,1,,,1,15,,1143492,1,,,1,15,,1143494,1,,,1,55,,1143520,1,,,1,15,,1143491,1,,,1,15,,1143497,1,,,1,15,,1143495,1,,,1,55,,1143560,1,,,1,15,,1143510,1,,,1,15,,1143512,1,,,1,15,,1143496,1,,,1,55,,1143562,1,,,1,15,,1143535,1,,,1,15,,1143542,1,,,1,15,,1143500,1,,,1,55,,1143540,1,,,1,15,,1143529,1,,,1,15,,1143528,1,,,1,15,,1143527,1,,,1,55,,1143552,1,,,1,15,,1143524,1,,,1,15,,1143513,1,,,1,15,,1143522,1,,,1,55,,1143555,1,,,1,15,,1143518,1,,,1,13,,1143553,1,,,1,16,,1143558,1,,,1,56,,1143525,1,,,1,15,,1143531,1,,,1,15,,1143537,1,,,1,15,,1143539,1,,,1,55,,1143499,1,,,1,15,,1143509,1,,,1,15,,1143534,1,,,1,15,,1143559,1,,,1,55,,1143547,1,,,1,15,,1143519,1,,,1,15,,1143532,1,,,1,15,,1143507,1,,,1,55,,1143498,1,,,1,15,,1143526,1,,,1,15,,1143508,1,,,1,15,,1143546,1,,,1,55,,1143557,1,,,1,15,,1143545,1,,,1,15,,1143561,1,,,1,70,,1143544,1,,,1,30,,1143533,1,,,1,70,,1143502,1,,,1,30,,1143516,1,,,1,70,,1143543,1,,,1,30,,1143505,1,,,1,70,,1143503,1,,,1,30,,1143501,1,,,1,70,,1143521,1,,,1,57,,1143504,9,,,1,99,,1143530,9,,,1
4500,'9',415,,1053360,9,,,1,98,,1068532,9,,,1,17,,1143578,1,,,1,70,,1143583,1,,,1,15,,877406,1,,,1,15,,1143582,1,,,1,15,,1143572,1,,,1,55,,1143567,1,,,1,15,,1078535,1,,,1,15,,1143602,1,,,1,15,,1143568,1,,,1,13,,1143609,1,,,1,57,,1143575,1,,,1,17,,1143565,1,,,1,13,,1143610,1,,,1,55,,1003848,1,,,1,15,,1143611,1,,,1,15,,1143617,1,,,1,15,,1143569,1,,,1,55,,1143604,1,,,1,15,,1143598,1,,,1,15,,1101859,1,,,1,15,,1143588,1,,,1,55,,1143606,1,,,1,15,,1143615,1,,,1,15,,1143577,1,,,1,15,,1075296,1,,,1,55,,1143616,1,,,1,15,,1143612,1,,,1,15,,1066382,1,,,1,15,,1097096,1,,,1,55,,1143576,1,,,1,15,,1015142,1,,,1,15,,1040394,1,,,1,15,,1143608,1,,,1,55,,1143592,1,,,1,15,,1093209,1,,,1,15,,1143596,1,,,1,15,,1143570,1,,,1,55,,1143593,1,,,1,15,,1143571,1,,,1,13,,1143573,1,,,1,16,,1102392,1,,,1,56,,1143590,1,,,1,15,,1143564,1,,,1,15,,1143603,1,,,1,15,,1143574,1,,,1,55,,1143595,1,,,1,15,,1064314,1,,,1,15,,1143589,1,,,1,15,,1143586,1,,,1,55,,1016060,1,,,1,15,,1143580,1,,,1,15,,1143613,1,,,1,15,,1044975,1,,,1,55,,1143591,1,,,1,15,,1143579,1,,,1,15,,1143594,1,,,1,15,,1143601,1,,,1,55,,1143607,1,,,1,15,,1143585,1,,,1,15,,1143605,1,,,1,70,,1143599,1,,,1,30,,1143584,1,,,1,70,,1143597,1,,,1,30,,1143614,1,,,1,70,,1062884,1,,,1,30,,1143566,1,,,1,70,,1095027,1,,,1,30,,1143600,1,,,1,70,,1143581,1,,,1,57,,1143563,9,,,1,99,,1143587,9,,,1
4501,'1',427,,1076647,11,0,66 67,1,98,,1143650,11,4,,1,18,,1143642,11,4,,1,70,,1143649,11,4,,1,16,,1143678,11,4,,1,15,,1143655,11,4,,1,15,,1143671,11,4,,1,56,,1143623,11,4,,1,17,,1010857,11,4,,1,15,,1143629,11,4,,1,55,,1143644,11,4,,1,13,,1143630,11,4,,1,17,,1143674,11,4,,1,17,,1143676,11,4,,1,51,,1143672,11,4,,1,15,,1143627,11,4,,1,15,,1143662,11,4,,1,15,,1070940,11,4,,1,55,,1143635,11,4,,1,15,,1143668,11,4,,1,15,,1044232,11,4,,1,15,,1004721,11,4,,1,55,,1143636,11,4,,1,15,,1143663,11,4,,1,15,,1143638,11,4,,1,15,,1143664,11,4,,1,55,,1143669,11,4,,1,15,,1143634,11,4,,1,15,,1143620,11,4,,1,15,,1143618,11,4,,1,55,,1143652,11,4,,1,15,,1143667,11,4,,1,15,,1143659,11,4,,1,16,,1143654,11,4,,1,55,,1143666,11,4,,1,15,,986982,11,4,,1,15,,1143651,11,4,,1,15,,1100550,11,4,,1,55,,1143656,11,4,,1,16,,1143646,11,4,,1,15,,1143647,11,4,,1,13,,1143645,11,4,,1,56,,1143625,11,4,,1,18,,1143648,11,4,,1,12,,1143660,11,4,,1,15,,1143657,11,4,,1,55,,1050861,11,4,,1,15,,1057427,11,4,,1,15,,1143641,11,4,,1,14,,1082654,11,4,,1,55,,1072360,11,4,,1,15,,1143673,11,4,,1,16,,1143619,11,4,,1,15,,1143675,11,4,,1,55,,1143677,11,4,,1,15,,1143653,11,4,,1,15,,1143628,11,4,,1,15,,1143621,11,4,,1,55,,1143639,11,4,,1,14,,1143643,11,4,,1,15,,1143670,11,4,,1,14,,1143665,11,4,,1,70,,1143626,11,4,,1,30,,1143637,11,4,,1,70,,1143658,11,4,,1,30,,1143624,11,4,,1,70,,1143632,11,4,,1,30,,1143661,11,4,,1,70,,1143633,11,4,,1,30,,1143622,11,4,,1,70,,1063113,11,0,66 67,1,97,,1143631,11,0,66 67,1,99,,1143640,11,0,66 67,1
4501,'10',427,,1076441,11,0,66 67,1,98,,1143711,11,4,,1,18,,1143703,11,4,,1,70,,1143710,11,4,,1,16,,1143739,11,4,,1,15,,1143716,11,4,,1,15,,1143732,11,4,,1,56,,1143684,11,4,,1,17,,1010937,11,4,,1,15,,1143690,11,4,,1,55,,1143705,11,4,,1,13,,1143691,11,4,,1,17,,1143735,11,4,,1,17,,1143737,11,4,,1,51,,1143733,11,4,,1,15,,1143688,11,4,,1,15,,1143723,11,4,,1,15,,1070726,11,4,,1,55,,1143696,11,4,,1,15,,1143729,11,4,,1,15,,1044424,11,4,,1,15,,1004773,11,4,,1,55,,1143697,11,4,,1,15,,1143724,11,4,,1,15,,1143699,11,4,,1,15,,1143725,11,4,,1,55,,1143730,11,4,,1,15,,1143695,11,4,,1,15,,1143681,11,4,,1,15,,1143679,11,4,,1,55,,1143713,11,4,,1,15,,1143728,11,4,,1,15,,1143720,11,4,,1,16,,1143715,11,4,,1,55,,1143727,11,4,,1,15,,986949,11,4,,1,15,,1143712,11,4,,1,15,,1100472,11,4,,1,55,,1143717,11,4,,1,16,,1143707,11,4,,1,15,,1143708,11,4,,1,13,,1143706,11,4,,1,56,,1143686,11,4,,1,18,,1143709,11,4,,1,12,,1143721,11,4,,1,15,,1143718,11,4,,1,55,,1051037,11,4,,1,15,,1057518,11,4,,1,15,,1143702,11,4,,1,14,,1082524,11,4,,1,55,,1072214,11,4,,1,15,,1143734,11,4,,1,16,,1143680,11,4,,1,15,,1143736,11,4,,1,55,,1143738,11,4,,1,15,,1143714,11,4,,1,15,,1143689,11,4,,1,15,,1143682,11,4,,1,55,,1143700,11,4,,1,14,,1143704,11,4,,1,15,,1143731,11,4,,1,14,,1143726,11,4,,1,70,,1143687,11,4,,1,30,,1143698,11,4,,1,70,,1143719,11,4,,1,30,,1143685,11,4,,1,70,,1143693,11,4,,1,30,,1143722,11,4,,1,70,,1143694,11,4,,1,30,,1143683,11,4,,1,70,,1062771,11,0,66 67,1,97,,1143692,11,0,66 67,1,99,,1143701,11,0,66 67,1
4501,'11',427,,1076711,11,0,66 67,1,98,,1143772,11,4,,1,18,,1143764,11,4,,1,70,,1143771,11,4,,1,16,,1143800,11,4,,1,15,,1143777,11,4,,1,15,,1143793,11,4,,1,56,,1143745,11,4,,1,17,,1010834,11,4,,1,15,,1143751,11,4,,1,55,,1143766,11,4,,1,13,,1143752,11,4,,1,17,,1143796,11,4,,1,17,,1143798,11,4,,1,51,,1143794,11,4,,1,15,,1143749,11,4,,1,15,,1143784,11,4,,1,15,,1071005,11,4,,1,55,,1143757,11,4,,1,15,,1143790,11,4,,1,15,,1044177,11,4,,1,15,,1004707,11,4,,1,55,,1143758,11,4,,1,15,,1143785,11,4,,1,15,,1143760,11,4,,1,15,,1143786,11,4,,1,55,,1143791,11,4,,1,15,,1143756,11,4,,1,15,,1143742,11,4,,1,15,,1143740,11,4,,1,55,,1143774,11,4,,1,15,,1143789,11,4,,1,15,,1143781,11,4,,1,16,,1143776,11,4,,1,55,,1143788,11,4,,1,15,,986976,11,4,,1,15,,1143773,11,4,,1,15,,1100571,11,4,,1,55,,1143778,11,4,,1,16,,1143768,11,4,,1,15,,1143769,11,4,,1,13,,1143767,11,4,,1,56,,1143747,11,4,,1,18,,1143770,11,4,,1,12,,1143782,11,4,,1,15,,1143779,11,4,,1,55,,1050809,11,4,,1,15,,1057400,11,4,,1,15,,1143763,11,4,,1,14,,1082690,11,4,,1,55,,1072396,11,4,,1,15,,1143795,11,4,,1,16,,1143741,11,4,,1,15,,1143797,11,4,,1,55,,1143799,11,4,,1,15,,1143775,11,4,,1,15,,1143750,11,4,,1,15,,1143743,11,4,,1,55,,1143761,11,4,,1,14,,1143765,11,4,,1,15,,1143792,11,4,,1,14,,1143787,11,4,,1,70,,1143748,11,4,,1,30,,1143759,11,4,,1,70,,1143780,11,4,,1,30,,1143746,11,4,,1,70,,1143754,11,4,,1,30,,1143783,11,4,,1,70,,1143755,11,4,,1,30,,1143744,11,4,,1,70,,1063214,11,0,66 67,1,97,,1143753,11,0,66 67,1,99,,1143762,11,0,66 67,1
4501,'12',427,,1143864,11,0,66 67,1,98,,1143846,11,4,,1,18,,1143808,11,4,,1,70,,1143819,11,4,,1,16,,1143810,11,4,,1,15,,1143843,11,4,,1,15,,1143820,11,4,,1,56,,1143824,11,4,,1,17,,1143832,11,4,,1,15,,1143855,11,4,,1,55,,1143852,11,4,,1,13,,1143845,11,4,,1,17,,1143803,11,4,,1,17,,1143860,11,4,,1,51,,1143841,11,4,,1,15,,1143826,11,4,,1,15,,1143813,11,4,,1,15,,1070537,11,4,,1,55,,1143807,11,4,,1,15,,1143823,11,4,,1,15,,1143839,11,4,,1,15,,1143801,11,4,,1,55,,1143816,11,4,,1,15,,1143835,11,4,,1,15,,1143830,11,4,,1,15,,1143844,11,4,,1,55,,1088644,11,4,,1,15,,1053935,11,4,,1,15,,1143815,11,4,,1,15,,1143817,11,4,,1,55,,1094076,11,4,,1,15,,1143822,11,4,,1,15,,1143818,11,4,,1,16,,1143847,11,4,,1,55,,1143867,11,4,,1,15,,1143806,11,4,,1,15,,1143856,11,4,,1,15,,1143821,11,4,,1,55,,1143863,11,4,,1,16,,1143861,11,4,,1,15,,1143812,11,4,,1,13,,1143837,11,4,,1,56,,1143829,11,4,,1,18,,1143831,11,4,,1,12,,1143828,11,4,,1,15,,1143853,11,4,,1,55,,1101371,11,4,,1,15,,1143805,11,4,,1,15,,1143804,11,4,,1,14,,1143866,11,4,,1,55,,1143848,11,4,,1,15,,1143836,11,4,,1,16,,1143865,11,4,,1,15,,1143811,11,4,,1,55,,1143827,11,4,,1,15,,985178,11,4,,1,15,,1143859,11,4,,1,15,,1143838,11,4,,1,55,,1143814,11,4,,1,14,,1143825,11,4,,1,15,,1143857,11,4,,1,14,,1143834,11,4,,1,70,,1143862,11,4,,1,30,,1143802,11,4,,1,70,,1143850,11,4,,1,30,,1143854,11,4,,1,70,,1143833,11,4,,1,30,,1143851,11,4,,1,70,,1143858,11,4,,1,30,,1143809,11,4,,1,70,,1143840,11,0,66 67,1,97,,1143849,11,0,66 67,1,99,,1143842,11,0,66 67,1
4501,'13',420,,1143874,11,0,66 67,1,100,,1143907,11,0,66 67,1,100,,1143896,11,0,66 67,1,30,,1143885,11,0,66 67,1,70,,1098499,11,0,66 67,1,30,,1143873,11,0,66 67,1,70,,1143875,11,4,,1,30,,1143879,11,4,,1,70,,1143899,11,4,,1,30,,1143902,11,4,,1,70,,1143901,11,4,,1,30,,1143898,11,4,,1,70,,1143893,11,4,,1,30,,1101110,11,4,,1,70,,1143884,11,4,,1,30,,1143905,11,4,,1,70,,1143876,11,4,,1,30,,1143887,11,4,,1,70,,1143897,11,4,,1,30,,1143894,11,4,,1,70,,1143881,11,4,,1,30,,1143878,11,4,,1,70,,1143903,11,4,,1,30,,1143889,11,4,,1,70,,1143891,11,4,,1,30,,1143892,11,4,,1,70,,1143886,11,4,,1,30,,1143888,11,4,,1,70,,1074790,11,4,,1,30,,1143895,11,4,,1,70,,1143882,11,4,,1,30,,1143880,11,4,,1,70,,1143868,11,4,,1,30,,1143883,11,4,,1,70,,1143870,11,4,,1,30,,1143869,11,4,,1,70,,1143904,11,0,66 67,1,30,,1143871,11,0,66 67,1,70,,1143877,11,0,66 67,1,30,,1143890,11,0,66 67,1,70,,1143900,11,0,66 67,1,100,,1143906,11,0,66 67,1,100,,1143872,11,0,66 67,1
4501,'14',427,,1143971,11,0,66 67,1,98,,1143946,11,4,,1,18,,1143938,11,4,,1,70,,1143945,11,4,,1,16,,1143979,11,4,,1,15,,1143951,11,4,,1,15,,1143967,11,4,,1,56,,1143916,11,4,,1,17,,1143915,11,4,,1,15,,1143923,11,4,,1,55,,1143940,11,4,,1,13,,1143924,11,4,,1,17,,1143972,11,4,,1,17,,1143976,11,4,,1,51,,1143968,11,4,,1,15,,1143921,11,4,,1,15,,1143958,11,4,,1,15,,1143918,11,4,,1,55,,1143930,11,4,,1,15,,1143964,11,4,,1,15,,1143908,11,4,,1,15,,1143932,11,4,,1,55,,1143931,11,4,,1,15,,1143959,11,4,,1,15,,1143934,11,4,,1,15,,1143960,11,4,,1,55,,1143965,11,4,,1,15,,1143929,11,4,,1,15,,1143911,11,4,,1,15,,1143909,11,4,,1,55,,1143948,11,4,,1,15,,1143963,11,4,,1,15,,1143955,11,4,,1,16,,1143950,11,4,,1,55,,1143962,11,4,,1,15,,1143912,11,4,,1,15,,1143947,11,4,,1,15,,1143969,11,4,,1,55,,1143952,11,4,,1,16,,1143942,11,4,,1,15,,1143943,11,4,,1,13,,1143941,11,4,,1,56,,1143919,11,4,,1,18,,1143944,11,4,,1,12,,1143956,11,4,,1,15,,1143953,11,4,,1,55,,1143975,11,4,,1,15,,1143977,11,4,,1,15,,1143937,11,4,,1,14,,1143973,11,4,,1,55,,1143980,11,4,,1,15,,1143970,11,4,,1,16,,1143910,11,4,,1,15,,1143974,11,4,,1,55,,1143978,11,4,,1,15,,1143949,11,4,,1,15,,1143922,11,4,,1,15,,1143913,11,4,,1,55,,1143935,11,4,,1,14,,1143939,11,4,,1,15,,1143966,11,4,,1,14,,1143961,11,4,,1,70,,1143920,11,4,,1,30,,1143933,11,4,,1,70,,1143954,11,4,,1,30,,1143917,11,4,,1,70,,1143927,11,4,,1,30,,1143957,11,4,,1,70,,1143928,11,4,,1,30,,1143914,11,4,,1,70,,1143925,11,0,66 67,1,97,,1143926,11,0,66 67,1,99,,1143936,11,0,66 67,1
4501,'15',427,,1143985,11,0,66 67,1,98,,1143996,11,4,,1,18,,1144015,11,4,,1,70,,1144026,11,4,,1,16,,1144001,11,4,,1,15,,1144046,11,4,,1,15,,1143997,11,4,,1,56,,1144018,11,4,,1,17,,1143992,11,4,,1,15,,1143984,11,4,,1,55,,1144049,11,4,,1,13,,1143983,11,4,,1,17,,1144028,11,4,,1,17,,1144029,11,4,,1,51,,1144021,11,4,,1,15,,1144039,11,4,,1,15,,1144025,11,4,,1,15,,1144005,11,4,,1,55,,1144038,11,4,,1,15,,1144051,11,4,,1,15,,1143994,11,4,,1,15,,1143991,11,4,,1,55,,1144047,11,4,,1,15,,1144041,11,4,,1,15,,1144043,11,4,,1,15,,1144008,11,4,,1,55,,1144033,11,4,,1,15,,1144004,11,4,,1,15,,1144012,11,4,,1,15,,1143999,11,4,,1,55,,1144003,11,4,,1,15,,1144042,11,4,,1,15,,1144048,11,4,,1,16,,1143987,11,4,,1,55,,1144016,11,4,,1,15,,1144040,11,4,,1,15,,1143993,11,4,,1,15,,1144024,11,4,,1,55,,1144007,11,4,,1,16,,1144053,11,4,,1,15,,1143982,11,4,,1,13,,1144027,11,4,,1,56,,1143990,11,4,,1,18,,1144022,11,4,,1,12,,1144034,11,4,,1,15,,1144000,11,4,,1,55,,1144036,11,4,,1,15,,1143986,11,4,,1,15,,1144009,11,4,,1,14,,1144011,11,4,,1,55,,1144044,11,4,,1,15,,1144013,11,4,,1,16,,1143981,11,4,,1,15,,1144023,11,4,,1,55,,1144014,11,4,,1,15,,1144037,11,4,,1,15,,1143998,11,4,,1,15,,1144030,11,4,,1,55,,1144020,11,4,,1,14,,1143995,11,4,,1,15,,1143988,11,4,,1,14,,1144002,11,4,,1,70,,1144017,11,4,,1,30,,1144031,11,4,,1,70,,1144010,11,4,,1,30,,1144035,11,4,,1,70,,1143989,11,4,,1,30,,1144006,11,4,,1,70,,1144052,11,4,,1,30,,1144050,11,4,,1,70,,1144032,11,0,66 67,1,97,,1144045,11,0,66 67,1,99,,1144019,11,0,66 67,1
4501,'16',427,,1144116,11,0,66 67,1,98,,1144096,11,4,,1,18,,1065832,11,4,,1,70,,1144069,11,4,,1,16,,1144060,11,4,,1,15,,1144093,11,4,,1,15,,1144070,11,4,,1,56,,1144074,11,4,,1,17,,1144082,11,4,,1,15,,1144106,11,4,,1,55,,1144103,11,4,,1,13,,1144095,11,4,,1,17,,1099532,11,4,,1,17,,1016364,11,4,,1,51,,1144091,11,4,,1,15,,1144076,11,4,,1,15,,1064712,11,4,,1,15,,1144111,11,4,,1,55,,1144058,11,4,,1,15,,1144073,11,4,,1,15,,1144089,11,4,,1,15,,1144054,11,4,,1,55,,1144066,11,4,,1,15,,1144085,11,4,,1,15,,1144080,11,4,,1,15,,1144094,11,4,,1,55,,1144056,11,4,,1,15,,1144110,11,4,,1,15,,1144065,11,4,,1,15,,1144067,11,4,,1,55,,1144064,11,4,,1,15,,1144072,11,4,,1,15,,1144068,11,4,,1,16,,1144097,11,4,,1,55,,1063687,11,4,,1,15,,1101196,11,4,,1,15,,1144107,11,4,,1,15,,1144071,11,4,,1,55,,1144115,11,4,,1,16,,1144113,11,4,,1,15,,1144062,11,4,,1,13,,1144087,11,4,,1,56,,1144079,11,4,,1,18,,1144081,11,4,,1,12,,1144078,11,4,,1,15,,1144104,11,4,,1,55,,1144098,11,4,,1,15,,1144057,11,4,,1,15,,1144055,11,4,,1,14,,1144118,11,4,,1,55,,1144099,11,4,,1,15,,1144086,11,4,,1,16,,1144117,11,4,,1,15,,1144061,11,4,,1,55,,1144077,11,4,,1,15,,1144112,11,4,,1,15,,1144109,11,4,,1,15,,1144088,11,4,,1,55,,1144063,11,4,,1,14,,1144075,11,4,,1,15,,1144108,11,4,,1,14,,1144084,11,4,,1,70,,1144114,11,4,,1,30,,1054667,11,4,,1,70,,1144101,11,4,,1,30,,1144105,11,4,,1,70,,1144083,11,4,,1,30,,1144102,11,4,,1,70,,1083644,11,4,,1,30,,1144059,11,4,,1,70,,1144090,11,0,66 67,1,97,,1144100,11,0,66 67,1,99,,1144092,11,0,66 67,1
4501,'17',420,,1144125,11,0,66 67,1,100,,1144161,11,0,66 67,1,100,,1144149,11,0,66 67,1,30,,1144138,11,0,66 67,1,70,,1144158,11,0,66 67,1,30,,1144124,11,0,66 67,1,70,,1144126,11,4,,1,30,,1144132,11,4,,1,70,,1144152,11,4,,1,30,,1144155,11,4,,1,70,,1144154,11,4,,1,30,,1144151,11,4,,1,70,,1144146,11,4,,1,30,,1144129,11,4,,1,70,,1144137,11,4,,1,30,,1144159,11,4,,1,70,,1144127,11,4,,1,30,,1144140,11,4,,1,70,,1144150,11,4,,1,30,,1144147,11,4,,1,70,,1144134,11,4,,1,30,,1144131,11,4,,1,70,,1144156,11,4,,1,30,,1144142,11,4,,1,70,,1144144,11,4,,1,30,,1144145,11,4,,1,70,,1144139,11,4,,1,30,,1144141,11,4,,1,70,,1144128,11,4,,1,30,,1144148,11,4,,1,70,,1144135,11,4,,1,30,,1144133,11,4,,1,70,,1144119,11,4,,1,30,,1144136,11,4,,1,70,,1144121,11,4,,1,30,,1144120,11,4,,1,70,,1144157,11,0,66 67,1,30,,1144122,11,0,66 67,1,70,,1144130,11,0,66 67,1,30,,1144143,11,0,66 67,1,70,,1144153,11,0,66 67,1,100,,1144160,11,0,66 67,1,100,,1144123,11,0,66 67,1
4501,'2',409,,1144184,11,0,66 67,1,100,,1144178,11,0,66 67,1,30,,1144165,11,0,66 67,1,71,,1144181,11,4,,1,29,,1144169,11,4,,1,70,,1144164,11,4,,1,30,,1144199,11,4,,1,70,,1144186,11,4,,1,30,,1144175,11,4,,1,70,,1144168,11,4,,1,30,,1144201,11,4,,1,70,,1144166,11,4,,1,30,,1144198,11,4,,1,70,,1144180,11,4,,1,30,,1144182,11,4,,1,70,,1144183,11,4,,1,30,,1090665,11,4,,1,70,,1144190,11,4,,1,30,,1144196,11,4,,1,70,,1144193,11,4,,1,30,,1144179,11,4,,1,70,,1144202,11,4,,1,30,,1144189,11,4,,1,70,,1144162,11,4,,1,30,,1144194,11,4,,1,70,,1144187,11,4,,1,30,,1144197,11,4,,1,70,,1144185,11,4,,1,30,,1144172,11,4,,1,70,,1144188,11,4,,1,30,,1144163,11,4,,1,70,,1144171,11,4,,1,30,,1144192,11,4,,1,70,,1144191,11,4,,1,30,,1051913,11,4,,1,70,,1144176,11,4,,1,30,,1144177,11,4,,1,70,,1144200,11,4,,1,30,,1071099,11,4,,1,70,,1144173,11,4,,1,30,,1144195,11,4,,1,70,,1144174,11,4,,1,100,,1144167,11,0,66 67,1,100,,1144170,11,0,66 67,1
4501,'3',420,,1144209,11,0,66 67,1,100,,1144245,11,0,66 67,1,100,,1144233,11,0,66 67,1,30,,1144222,11,0,66 67,1,70,,1144242,11,0,66 67,1,30,,1144208,11,0,66 67,1,70,,1144210,11,4,,1,30,,1144216,11,4,,1,70,,1144236,11,4,,1,30,,1144239,11,4,,1,70,,1144238,11,4,,1,30,,1144235,11,4,,1,70,,1144230,11,4,,1,30,,1144213,11,4,,1,70,,1144221,11,4,,1,30,,1144243,11,4,,1,70,,1144211,11,4,,1,30,,1144224,11,4,,1,70,,1144234,11,4,,1,30,,1144231,11,4,,1,70,,1144218,11,4,,1,30,,1144215,11,4,,1,70,,1144240,11,4,,1,30,,1144226,11,4,,1,70,,1144228,11,4,,1,30,,1144229,11,4,,1,70,,1144223,11,4,,1,30,,1144225,11,4,,1,70,,1144212,11,4,,1,30,,1144232,11,4,,1,70,,1144219,11,4,,1,30,,1144217,11,4,,1,70,,1144203,11,4,,1,30,,1144220,11,4,,1,70,,1144205,11,4,,1,30,,1144204,11,4,,1,70,,1144241,11,0,66 67,1,30,,1144206,11,0,66 67,1,70,,1144214,11,0,66 67,1,30,,1144227,11,0,66 67,1,70,,1144237,11,0,66 67,1,100,,1144244,11,0,66 67,1,100,,1144207,11,0,66 67,1
4501,'4',420,,1144279,11,0,66 67,1,100,,1144268,11,0,66 67,1,100,,1144246,11,0,66 67,1,30,,1144269,11,0,66 67,1,70,,1144260,11,0,66 67,1,30,,1072096,11,0,66 67,1,70,,1144252,11,4,,1,30,,1144276,11,4,,1,70,,1088614,11,4,,1,30,,1144259,11,4,,1,70,,1144250,11,4,,1,30,,1144278,11,4,,1,70,,1144267,11,4,,1,30,,1144251,11,4,,1,70,,1144274,11,4,,1,30,,1144266,11,4,,1,70,,1144264,11,4,,1,30,,1144258,11,4,,1,70,,1144248,11,4,,1,30,,1144256,11,4,,1,70,,1144275,11,4,,1,30,,1144272,11,4,,1,70,,1026682,11,4,,1,30,,1144270,11,4,,1,70,,1144247,11,4,,1,30,,1144263,11,4,,1,70,,1091535,11,4,,1,30,,1144253,11,4,,1,70,,1144257,11,4,,1,30,,1085181,11,4,,1,70,,1144265,11,4,,1,30,,1144277,11,4,,1,70,,1144254,11,4,,1,30,,1063476,11,4,,1,70,,1144249,11,4,,1,30,,1144261,11,4,,1,70,,1063479,11,0,66 67,1,30,,1144280,11,0,66 67,1,70,,1144255,11,0,66 67,1,30,,1144262,11,0,66 67,1,70,,1144273,11,0,66 67,1,100,,1144281,11,0,66 67,1,100,,1144271,11,0,66 67,1
4501,'5',427,,1076607,11,0,66 67,1,98,,1144314,11,4,,1,18,,1144306,11,4,,1,70,,1144313,11,4,,1,16,,1144342,11,4,,1,15,,1144319,11,4,,1,15,,1144335,11,4,,1,56,,1144287,11,4,,1,17,,1010709,11,4,,1,15,,1144293,11,4,,1,55,,1144308,11,4,,1,13,,1144294,11,4,,1,17,,1144338,11,4,,1,17,,1144340,11,4,,1,51,,1144336,11,4,,1,15,,1144291,11,4,,1,15,,1144326,11,4,,1,15,,1070901,11,4,,1,55,,1144299,11,4,,1,15,,1144332,11,4,,1,15,,1043902,11,4,,1,15,,1004651,11,4,,1,55,,1144300,11,4,,1,15,,1144327,11,4,,1,15,,1144302,11,4,,1,15,,1144328,11,4,,1,55,,1144333,11,4,,1,15,,1144298,11,4,,1,15,,1144284,11,4,,1,15,,1144282,11,4,,1,55,,1144316,11,4,,1,15,,1144331,11,4,,1,15,,1144323,11,4,,1,16,,1144318,11,4,,1,55,,1144330,11,4,,1,15,,987001,11,4,,1,15,,1144315,11,4,,1,15,,1100537,11,4,,1,55,,1144320,11,4,,1,16,,1144310,11,4,,1,15,,1144311,11,4,,1,13,,1144309,11,4,,1,56,,1144289,11,4,,1,18,,1144312,11,4,,1,12,,1144324,11,4,,1,15,,1144321,11,4,,1,55,,1050572,11,4,,1,15,,1057292,11,4,,1,15,,1144305,11,4,,1,14,,1082632,11,4,,1,55,,1072339,11,4,,1,15,,1144337,11,4,,1,16,,1144283,11,4,,1,15,,1144339,11,4,,1,55,,1144341,11,4,,1,15,,1144317,11,4,,1,15,,1144292,11,4,,1,15,,1144285,11,4,,1,55,,1144303,11,4,,1,14,,1144307,11,4,,1,15,,1144334,11,4,,1,14,,1144329,11,4,,1,70,,1144290,11,4,,1,30,,1144301,11,4,,1,70,,1144322,11,4,,1,30,,1144288,11,4,,1,70,,1144296,11,4,,1,30,,1144325,11,4,,1,70,,1144297,11,4,,1,30,,1144286,11,4,,1,70,,1063059,11,0,66 67,1,97,,1144295,11,0,66 67,1,99,,1144304,11,0,66 67,1
4501,'6',427,,1144402,11,0,66 67,1,98,,1144383,11,4,,1,18,,1144347,11,4,,1,70,,1144356,11,4,,1,16,,1097567,11,4,,1,15,,1144380,11,4,,1,15,,1144357,11,4,,1,56,,1144361,11,4,,1,17,,1144369,11,4,,1,15,,1144393,11,4,,1,55,,1144390,11,4,,1,13,,1144382,11,4,,1,17,,1144344,11,4,,1,17,,1144398,11,4,,1,51,,1144378,11,4,,1,15,,1144363,11,4,,1,15,,1144349,11,4,,1,15,,1144400,11,4,,1,55,,1014776,11,4,,1,15,,1144360,11,4,,1,15,,1144376,11,4,,1,15,,1069402,11,4,,1,55,,1144353,11,4,,1,15,,1144372,11,4,,1,15,,1144367,11,4,,1,15,,1144381,11,4,,1,55,,1144345,11,4,,1,15,,1144399,11,4,,1,15,,1144352,11,4,,1,15,,1144354,11,4,,1,55,,1144351,11,4,,1,15,,1144359,11,4,,1,15,,1144355,11,4,,1,16,,1144384,11,4,,1,55,,1144403,11,4,,1,15,,1144346,11,4,,1,15,,1144394,11,4,,1,15,,1144358,11,4,,1,55,,1011093,11,4,,1,16,,1079354,11,4,,1,15,,1144348,11,4,,1,13,,1144374,11,4,,1,56,,1144366,11,4,,1,18,,1144368,11,4,,1,12,,1144365,11,4,,1,15,,1144391,11,4,,1,55,,1144385,11,4,,1,15,,1085701,11,4,,1,15,,1091398,11,4,,1,14,,1103477,11,4,,1,55,,1144386,11,4,,1,15,,1144373,11,4,,1,16,,1060231,11,4,,1,15,,1070688,11,4,,1,55,,1144364,11,4,,1,15,,1144401,11,4,,1,15,,1144397,11,4,,1,15,,1144375,11,4,,1,55,,1144350,11,4,,1,14,,1144362,11,4,,1,15,,1144395,11,4,,1,14,,1144371,11,4,,1,70,,1066651,11,4,,1,30,,1144343,11,4,,1,70,,1144388,11,4,,1,30,,1144392,11,4,,1,70,,1144370,11,4,,1,30,,1144389,11,4,,1,70,,1144396,11,4,,1,30,,1102682,11,4,,1,70,,1144377,11,0,66 67,1,97,,1144387,11,0,66 67,1,99,,1144379,11,0,66 67,1
4501,'7',409,,1144439,11,0,66 67,1,100,,1144410,11,0,66 67,1,30,,1144409,11,0,66 67,1,71,,1144426,11,4,,1,29,,1144428,11,4,,1,70,,1144415,11,4,,1,30,,1144404,11,4,,1,70,,1144431,11,4,,1,30,,1144405,11,4,,1,70,,1144443,11,4,,1,30,,1144421,11,4,,1,70,,1144429,11,4,,1,30,,1144411,11,4,,1,70,,1144446,11,4,,1,30,,1144416,11,4,,1,70,,1144432,11,4,,1,30,,1144435,11,4,,1,70,,1144436,11,4,,1,30,,1144424,11,4,,1,70,,1144418,11,4,,1,30,,1144445,11,4,,1,70,,1144438,11,4,,1,30,,1144437,11,4,,1,70,,1144442,11,4,,1,30,,1144412,11,4,,1,70,,1144441,11,4,,1,30,,1144440,11,4,,1,70,,1144427,11,4,,1,30,,1144430,11,4,,1,70,,1144422,11,4,,1,30,,1144413,11,4,,1,70,,1144444,11,4,,1,30,,1144407,11,4,,1,70,,1144433,11,4,,1,30,,1144420,11,4,,1,70,,1144447,11,4,,1,30,,1144408,11,4,,1,70,,1144414,11,4,,1,30,,1144434,11,4,,1,70,,1144406,11,4,,1,30,,1144419,11,4,,1,70,,1144423,11,4,,1,100,,1144417,11,0,66 67,1,100,,1144425,11,0,66 67,1
4501,'8',427,,1144517,11,0,66 67,1,98,,1144495,11,4,,1,18,,1144456,11,4,,1,70,,1144468,11,4,,1,16,,1144458,11,4,,1,15,,1144492,11,4,,1,15,,1144469,11,4,,1,56,,1144473,11,4,,1,17,,1144481,11,4,,1,15,,1144505,11,4,,1,55,,1144502,11,4,,1,13,,1144494,11,4,,1,17,,1144450,11,4,,1,17,,1144510,11,4,,1,51,,1144490,11,4,,1,15,,1144475,11,4,,1,15,,1144461,11,4,,1,15,,1144512,11,4,,1,55,,1144455,11,4,,1,15,,1144472,11,4,,1,15,,1144488,11,4,,1,15,,1144448,11,4,,1,55,,1144465,11,4,,1,15,,1144484,11,4,,1,15,,1144479,11,4,,1,15,,1144493,11,4,,1,55,,1144452,11,4,,1,15,,1144511,11,4,,1,15,,1144464,11,4,,1,15,,1144466,11,4,,1,55,,1144463,11,4,,1,15,,1144471,11,4,,1,15,,1144467,11,4,,1,16,,1144496,11,4,,1,55,,1144520,11,4,,1,15,,1144454,11,4,,1,15,,1144506,11,4,,1,15,,1144470,11,4,,1,55,,1144516,11,4,,1,16,,1144514,11,4,,1,15,,1144460,11,4,,1,13,,1144486,11,4,,1,56,,1144478,11,4,,1,18,,1144480,11,4,,1,12,,1144477,11,4,,1,15,,1144503,11,4,,1,55,,1144497,11,4,,1,15,,1144453,11,4,,1,15,,1144451,11,4,,1,14,,1144519,11,4,,1,55,,1144498,11,4,,1,15,,1144485,11,4,,1,16,,1144518,11,4,,1,15,,1144459,11,4,,1,55,,1144476,11,4,,1,15,,1144513,11,4,,1,15,,1144509,11,4,,1,15,,1144487,11,4,,1,55,,1144462,11,4,,1,14,,1144474,11,4,,1,15,,1144507,11,4,,1,14,,1144483,11,4,,1,70,,1144515,11,4,,1,30,,1144449,11,4,,1,70,,1144500,11,4,,1,30,,1144504,11,4,,1,70,,1144482,11,4,,1,30,,1144501,11,4,,1,70,,1144508,11,4,,1,30,,1144457,11,4,,1,70,,1144489,11,0,66 67,1,97,,1144499,11,0,66 67,1,99,,1144491,11,0,66 67,1
4501,'9',427,,1059498,11,0,66 67,1,98,,1144553,11,4,,1,18,,1144545,11,4,,1,70,,1144552,11,4,,1,16,,1144581,11,4,,1,15,,1144558,11,4,,1,15,,1144574,11,4,,1,56,,1144526,11,4,,1,17,,1010880,11,4,,1,15,,1144532,11,4,,1,55,,1144547,11,4,,1,13,,1144533,11,4,,1,17,,1144577,11,4,,1,17,,1144579,11,4,,1,51,,1144575,11,4,,1,15,,1144530,11,4,,1,15,,1144565,11,4,,1,15,,1070793,11,4,,1,55,,1144538,11,4,,1,15,,1144571,11,4,,1,15,,1044287,11,4,,1,15,,1004735,11,4,,1,55,,1144539,11,4,,1,15,,1144566,11,4,,1,15,,1144541,11,4,,1,15,,1144567,11,4,,1,55,,1144572,11,4,,1,15,,1144537,11,4,,1,15,,1144523,11,4,,1,15,,1144521,11,4,,1,55,,1144555,11,4,,1,15,,1144570,11,4,,1,15,,1144562,11,4,,1,16,,1144557,11,4,,1,55,,1144569,11,4,,1,15,,986995,11,4,,1,15,,1144554,11,4,,1,15,,1100500,11,4,,1,55,,1144559,11,4,,1,16,,1144549,11,4,,1,15,,1144550,11,4,,1,13,,1144548,11,4,,1,56,,1144528,11,4,,1,18,,1144551,11,4,,1,12,,1144563,11,4,,1,15,,1144560,11,4,,1,55,,1050913,11,4,,1,15,,1057454,11,4,,1,15,,1144544,11,4,,1,14,,1082566,11,4,,1,55,,1072261,11,4,,1,15,,1144576,11,4,,1,16,,1144522,11,4,,1,15,,1144578,11,4,,1,55,,1144580,11,4,,1,15,,1144556,11,4,,1,15,,1144531,11,4,,1,15,,1144524,11,4,,1,55,,1144542,11,4,,1,14,,1144546,11,4,,1,15,,1144573,11,4,,1,14,,1144568,11,4,,1,70,,1144529,11,4,,1,30,,1144540,11,4,,1,70,,1144561,11,4,,1,30,,1144527,11,4,,1,70,,1144535,11,4,,1,30,,1144564,11,4,,1,70,,1144536,11,4,,1,30,,1144525,11,4,,1,70,,1062883,11,0,66 67,1,97,,1144534,11,0,66 67,1,99,,1144543,11,0,66 67,1
4800,'1',522,,1005986,50,4,,1,90,,1144754,50,4,,1,19,,1144780,50,4,,1,8,,1144744,52,4,,1,16,,1144767,52,4,,1,57,,1144753,52,4,,1,17,,1144751,52,4,,1,18,,1144758,52,4,,1,11,,1144755,52,4,,1,52,,1144776,52,4,,1,16,,1144757,52,4,,1,17,,1144768,52,4,,1,59,,1144750,52,4,,1,15,,1144756,52,4,,1,16,,1144775,52,4,,1,12,,1144764,52,4,,1,67,,1144771,52,4,,1,28,,1081363,52,4,,1,68,,1144749,52,4,,1,29,,1144783,52,4,,1,71,,1144786,52,4,,1,32,,1144752,52,4,,1,70,,1144747,52,4,,1,30,,1144773,52,4,,1,70,,1144770,52,4,,1,34,,1144774,52,4,,1,72,,1144772,52,4,,1,35,,1144769,52,4,,1,57,,1015997,52,4,,1,17,,1144765,52,4,,1,16,,1144748,52,4,,1,15,,1144762,52,4,,1,56,,1144782,52,4,,1,15,,1144781,52,4,,1,14,,1144746,52,4,,1,14,,1144778,52,4,,1,51,,1144784,52,4,,1,12,,1144777,52,4,,1,14,,1144785,52,4,,1,14,,1144766,52,4,,1,68,,1097458,52,4,,1,26,,1144759,52,4,,1,67,,1144761,52,4,,1,27,,1144760,52,4,,1,66,,1071696,52,4,,1,29,,1013729,52,4,,1,72,,1144779,52,4,,1,121,,1144763,50,4,,1,100,,1144745,50,4,,1
4800,'10',522,,1006083,50,4,,1,90,,1144797,50,4,,1,19,,1144823,50,4,,1,8,,1144787,52,4,,1,16,,1144810,52,4,,1,57,,1144796,52,4,,1,17,,1144794,52,4,,1,18,,1144801,52,4,,1,11,,1144798,52,4,,1,52,,1144819,52,4,,1,16,,1144800,52,4,,1,17,,1144811,52,4,,1,59,,1144793,52,4,,1,15,,1144799,52,4,,1,16,,1144818,52,4,,1,12,,1144807,52,4,,1,67,,1144814,52,4,,1,28,,1081160,52,4,,1,68,,1144792,52,4,,1,29,,1144826,52,4,,1,71,,1144829,52,4,,1,32,,1144795,52,4,,1,70,,1144790,52,4,,1,30,,1144816,52,4,,1,70,,1144813,52,4,,1,34,,1144817,52,4,,1,72,,1144815,52,4,,1,35,,1144812,52,4,,1,57,,1016197,52,4,,1,17,,1144808,52,4,,1,16,,1144791,52,4,,1,15,,1144805,52,4,,1,56,,1144825,52,4,,1,15,,1144824,52,4,,1,14,,1144789,52,4,,1,14,,1144821,52,4,,1,51,,1144827,52,4,,1,12,,1144820,52,4,,1,14,,1144828,52,4,,1,14,,1144809,52,4,,1,68,,1097221,52,4,,1,26,,1144802,52,4,,1,67,,1144804,52,4,,1,27,,1144803,52,4,,1,66,,1071547,52,4,,1,29,,1013817,52,4,,1,72,,1144822,52,4,,1,121,,1144806,50,4,,1,100,,1144788,50,4,,1
4800,'11',522,,1005956,50,4,,1,90,,1144840,50,4,,1,19,,1144866,50,4,,1,8,,1144830,52,4,,1,16,,1144853,52,4,,1,57,,1144839,52,4,,1,17,,1144837,52,4,,1,18,,1144844,52,4,,1,11,,1144841,52,4,,1,52,,1144862,52,4,,1,16,,1144843,52,4,,1,17,,1144854,52,4,,1,59,,1144836,52,4,,1,15,,1144842,52,4,,1,16,,1144861,52,4,,1,12,,1144850,52,4,,1,67,,1144857,52,4,,1,28,,1081415,52,4,,1,68,,1144835,52,4,,1,29,,1144869,52,4,,1,71,,1144872,52,4,,1,32,,1144838,52,4,,1,70,,1144833,52,4,,1,30,,1144859,52,4,,1,70,,1144856,52,4,,1,34,,1144860,52,4,,1,72,,1144858,52,4,,1,35,,1144855,52,4,,1,57,,1015937,52,4,,1,17,,1144851,52,4,,1,16,,1144834,52,4,,1,15,,1144848,52,4,,1,56,,1144868,52,4,,1,15,,1144867,52,4,,1,14,,1144832,52,4,,1,14,,1144864,52,4,,1,51,,1144870,52,4,,1,12,,1144863,52,4,,1,14,,1144871,52,4,,1,14,,1144852,52,4,,1,68,,1097527,52,4,,1,26,,1144845,52,4,,1,67,,1144847,52,4,,1,27,,1144846,52,4,,1,66,,1071738,52,4,,1,29,,1013702,52,4,,1,72,,1144865,52,4,,1,121,,1144849,50,4,,1,100,,1144831,50,4,,1
4800,'12',522,,1144915,50,4,,1,90,,1144875,50,4,,1,19,,1144907,50,4,,1,8,,1144904,52,4,,1,16,,1144894,52,4,,1,57,,1020177,52,4,,1,17,,1144889,52,4,,1,18,,1144873,52,4,,1,11,,1144879,52,4,,1,52,,1144885,52,4,,1,16,,1144890,52,4,,1,17,,1144883,52,4,,1,59,,1144901,52,4,,1,15,,1144908,52,4,,1,16,,1144880,52,4,,1,12,,1144881,52,4,,1,67,,1144891,52,4,,1,28,,1144909,52,4,,1,68,,1144892,52,4,,1,29,,1144912,52,4,,1,71,,1144902,52,4,,1,32,,1144888,52,4,,1,70,,1144905,52,4,,1,30,,1144910,52,4,,1,70,,1144906,52,4,,1,34,,1144898,52,4,,1,72,,1144897,52,4,,1,35,,1144887,52,4,,1,57,,1144884,52,4,,1,17,,1144914,52,4,,1,16,,1144896,52,4,,1,15,,1144877,52,4,,1,56,,1093322,52,4,,1,15,,1144900,52,4,,1,14,,1144874,52,4,,1,14,,1098996,52,4,,1,51,,1144882,52,4,,1,12,,1075454,52,4,,1,14,,1144895,52,4,,1,14,,1144899,52,4,,1,68,,1144893,52,4,,1,26,,1144911,52,4,,1,67,,1009273,52,4,,1,27,,1144886,52,4,,1,66,,1144878,52,4,,1,29,,1144876,52,4,,1,72,,1144903,52,4,,1,121,,1144913,50,4,,1,100,,1079972,50,4,,1
4800,'13',726,,1144917,50,4,,1,100,,1144918,50,4,,1,30,,1144938,52,4,,1,100,,1144941,52,4,,1,70,,1084654,52,4,,1,32,,1144934,52,4,,1,70,,1144932,52,4,,1,30,,1144931,52,4,,1,70,,1073357,52,4,,1,74,,1066809,52,4,,1,31,,1144920,52,4,,1,71,,1144919,52,4,,1,30,,1144921,52,4,,1,70,,1144930,52,4,,1,30,,1144942,52,4,,1,70,,1144935,52,4,,1,30,,1144929,52,4,,1,70,,1144916,52,4,,1,30,,1144925,52,4,,1,69,,1144928,52,4,,1,29,,1144933,52,4,,1,69,,1144923,52,4,,1,30,,1144940,52,4,,1,70,,1144936,52,4,,1,30,,1144922,50,4,,1,28,,1144926,50,4,,1,70,,1144924,50,4,,1,100,,1144937,50,4,,1,99,,1144939,50,4,,1,100,,1144927,50,4,,1
4800,'14',522,,1144949,50,4,,1,90,,1144958,50,4,,1,19,,1144984,50,4,,1,8,,1144943,52,4,,1,16,,1144971,52,4,,1,57,,1144957,52,4,,1,17,,1144954,52,4,,1,18,,1144962,52,4,,1,11,,1144959,52,4,,1,52,,1144980,52,4,,1,16,,1144961,52,4,,1,17,,1144972,52,4,,1,59,,1144952,52,4,,1,15,,1144960,52,4,,1,16,,1144979,52,4,,1,12,,1144968,52,4,,1,67,,1144975,52,4,,1,28,,1144953,52,4,,1,68,,1144950,52,4,,1,29,,1144987,52,4,,1,71,,1144990,52,4,,1,32,,1144956,52,4,,1,70,,1144946,52,4,,1,30,,1144977,52,4,,1,70,,1144974,52,4,,1,34,,1144978,52,4,,1,72,,1144976,52,4,,1,35,,1144973,52,4,,1,57,,1144991,52,4,,1,17,,1144969,52,4,,1,16,,1144948,52,4,,1,15,,1144966,52,4,,1,56,,1144986,52,4,,1,15,,1144985,52,4,,1,14,,1144945,52,4,,1,14,,1144982,52,4,,1,51,,1144988,52,4,,1,12,,1144981,52,4,,1,14,,1144989,52,4,,1,14,,1144970,52,4,,1,68,,1144955,52,4,,1,26,,1144963,52,4,,1,67,,1144965,52,4,,1,27,,1144964,52,4,,1,66,,1144951,52,4,,1,29,,1144947,52,4,,1,72,,1144983,52,4,,1,121,,1144967,50,4,,1,100,,1144944,50,4,,1
4800,'15',522,,1145024,50,4,,1,90,,1145034,50,4,,1,19,,1145009,50,4,,1,8,,1145029,52,4,,1,16,,1144995,52,4,,1,57,,1145021,52,4,,1,17,,1144992,52,4,,1,18,,1145023,52,4,,1,11,,1145025,52,4,,1,52,,1145017,52,4,,1,16,,1145036,52,4,,1,17,,1145015,52,4,,1,59,,1145037,52,4,,1,15,,1145038,52,4,,1,16,,1145031,52,4,,1,12,,1144996,52,4,,1,67,,1144999,52,4,,1,28,,1145019,52,4,,1,68,,1145004,52,4,,1,29,,1145032,52,4,,1,71,,1145006,52,4,,1,32,,1145002,52,4,,1,70,,1145011,52,4,,1,30,,1145000,52,4,,1,70,,1145033,52,4,,1,34,,1145026,52,4,,1,72,,1145022,52,4,,1,35,,1145013,52,4,,1,57,,1145012,52,4,,1,17,,1145014,52,4,,1,16,,1145035,52,4,,1,15,,1145040,52,4,,1,56,,1144997,52,4,,1,15,,1145027,52,4,,1,14,,1144993,52,4,,1,14,,1144998,52,4,,1,51,,1145018,52,4,,1,12,,1145020,52,4,,1,14,,1144994,52,4,,1,14,,1145005,52,4,,1,68,,1145010,52,4,,1,26,,1145030,52,4,,1,67,,1145008,52,4,,1,27,,1145039,52,4,,1,66,,1145016,52,4,,1,29,,1145028,52,4,,1,72,,1145001,52,4,,1,121,,1145003,50,4,,1,100,,1145007,50,4,,1
4800,'16',522,,1080784,50,4,,1,90,,1145043,50,4,,1,19,,1145077,50,4,,1,8,,1145074,52,4,,1,16,,1145064,52,4,,1,57,,1145085,52,4,,1,17,,1145060,52,4,,1,18,,1145041,52,4,,1,11,,1145047,52,4,,1,52,,1145056,52,4,,1,16,,1145061,52,4,,1,17,,1145054,52,4,,1,59,,1145071,52,4,,1,15,,1145078,52,4,,1,16,,1145048,52,4,,1,12,,1145049,52,4,,1,67,,1145062,52,4,,1,28,,1145079,52,4,,1,68,,1145063,52,4,,1,29,,1145082,52,4,,1,71,,1145072,52,4,,1,32,,1145059,52,4,,1,70,,1145075,52,4,,1,30,,1145080,52,4,,1,70,,1145076,52,4,,1,34,,1145068,52,4,,1,72,,1145067,52,4,,1,35,,1145058,52,4,,1,57,,1145055,52,4,,1,17,,1053216,52,4,,1,16,,1145066,52,4,,1,15,,1145045,52,4,,1,56,,1145086,52,4,,1,15,,1145070,52,4,,1,14,,1145042,52,4,,1,14,,1145084,52,4,,1,51,,1145053,52,4,,1,12,,1145052,52,4,,1,14,,1145065,52,4,,1,14,,1145069,52,4,,1,68,,1066992,52,4,,1,26,,1145081,52,4,,1,67,,1145051,52,4,,1,27,,1145057,52,4,,1,66,,1145046,52,4,,1,29,,1145044,52,4,,1,72,,1145073,52,4,,1,121,,1145083,50,4,,1,100,,1145050,50,4,,1
4800,'17',726,,1145089,50,4,,1,100,,1145090,50,4,,1,30,,1145111,52,4,,1,100,,1145114,52,4,,1,70,,1145094,52,4,,1,32,,1145107,52,4,,1,70,,1145105,52,4,,1,30,,1145104,52,4,,1,70,,1145087,52,4,,1,74,,1145116,52,4,,1,31,,1145092,52,4,,1,71,,1145091,52,4,,1,30,,1145093,52,4,,1,70,,1145103,52,4,,1,30,,1145115,52,4,,1,70,,1145108,52,4,,1,30,,1145102,52,4,,1,70,,1145088,52,4,,1,30,,1145098,52,4,,1,69,,1145101,52,4,,1,29,,1145106,52,4,,1,69,,1145096,52,4,,1,30,,1145113,52,4,,1,70,,1145109,52,4,,1,30,,1145095,50,4,,1,28,,1145099,50,4,,1,70,,1145097,50,4,,1,100,,1145110,50,4,,1,99,,1145112,50,4,,1,100,,1145100,50,4,,1
4800,'2',620,,1086554,50,4,,1,100,,1145144,50,4,,1,100,,1145132,52,4,,1,30,,1145118,52,4,,1,70,,1145130,52,4,,1,30,,1145129,52,4,,1,70,,1145135,52,4,,1,32,,1145137,52,4,,1,70,,1145145,52,4,,1,30,,1145139,52,4,,1,70,,1145119,52,4,,1,34,,1145142,52,4,,1,70,,1145141,52,4,,1,30,,1145128,52,4,,1,70,,1051308,52,4,,1,30,,1145117,52,4,,1,70,,1065626,52,4,,1,30,,1145121,52,4,,1,70,,1145138,52,4,,1,30,,1145140,52,4,,1,70,,1145134,52,4,,1,30,,1145125,52,4,,1,70,,1145146,52,4,,1,29,,1023377,52,4,,1,70,,1145131,52,4,,1,30,,1145133,52,4,,1,70,,1145136,52,4,,1,27,,1145122,52,4,,1,70,,1088409,52,4,,1,30,,1145124,52,4,,1,70,,1145126,52,4,,1,29,,1145120,52,4,,1,70,,1145143,50,4,,1,100,,1145127,50,4,,1,110,,1145123,50,4,,1
4800,'3',726,,1145149,50,4,,1,100,,1145150,50,4,,1,30,,1145171,52,4,,1,100,,1145174,52,4,,1,70,,1145154,52,4,,1,32,,1145167,52,4,,1,70,,1145165,52,4,,1,30,,1145164,52,4,,1,70,,1145147,52,4,,1,74,,1145176,52,4,,1,31,,1145152,52,4,,1,71,,1145151,52,4,,1,30,,1145153,52,4,,1,70,,1145163,52,4,,1,30,,1145175,52,4,,1,70,,1145168,52,4,,1,30,,1145162,52,4,,1,70,,1145148,52,4,,1,30,,1145158,52,4,,1,69,,1145161,52,4,,1,29,,1145166,52,4,,1,69,,1145156,52,4,,1,30,,1145173,52,4,,1,70,,1145169,52,4,,1,30,,1145155,50,4,,1,28,,1145159,50,4,,1,70,,1145157,50,4,,1,100,,1145170,50,4,,1,99,,1145172,50,4,,1,100,,1145160,50,4,,1
4800,'4',726,,1145201,50,4,,1,100,,1145196,50,4,,1,30,,1145200,52,4,,1,100,,1004693,52,4,,1,70,,1145180,52,4,,1,32,,1145195,52,4,,1,70,,1145194,52,4,,1,30,,1145199,52,4,,1,70,,1145186,52,4,,1,74,,1145183,52,4,,1,31,,1145182,52,4,,1,71,,1145177,52,4,,1,30,,1145185,52,4,,1,70,,1145203,52,4,,1,30,,1145181,52,4,,1,70,,1145191,52,4,,1,30,,1145204,52,4,,1,70,,1145187,52,4,,1,30,,1145192,52,4,,1,69,,1061646,52,4,,1,29,,1145202,52,4,,1,69,,1145189,52,4,,1,30,,1145179,52,4,,1,70,,1145178,52,4,,1,30,,1145193,50,4,,1,28,,1145198,50,4,,1,70,,1145190,50,4,,1,100,,1145184,50,4,,1,99,,1145197,50,4,,1,100,,1145188,50,4,,1
4800,'5',522,,1005815,50,4,,1,90,,1145215,50,4,,1,19,,1145241,50,4,,1,8,,1145205,52,4,,1,16,,1145228,52,4,,1,57,,1145214,52,4,,1,17,,1145212,52,4,,1,18,,1145219,52,4,,1,11,,1145216,52,4,,1,52,,1145237,52,4,,1,16,,1145218,52,4,,1,17,,1145229,52,4,,1,59,,1145211,52,4,,1,15,,1145217,52,4,,1,16,,1145236,52,4,,1,12,,1145225,52,4,,1,67,,1145232,52,4,,1,28,,1081327,52,4,,1,68,,1145210,52,4,,1,29,,1145244,52,4,,1,71,,1145247,52,4,,1,32,,1145213,52,4,,1,70,,1145208,52,4,,1,30,,1145234,52,4,,1,70,,1145231,52,4,,1,34,,1145235,52,4,,1,72,,1145233,52,4,,1,35,,1145230,52,4,,1,57,,1015631,52,4,,1,17,,1145226,52,4,,1,16,,1145209,52,4,,1,15,,1145223,52,4,,1,56,,1145243,52,4,,1,15,,1145242,52,4,,1,14,,1145207,52,4,,1,14,,1145239,52,4,,1,51,,1145245,52,4,,1,12,,1145238,52,4,,1,14,,1145246,52,4,,1,14,,1145227,52,4,,1,68,,1097412,52,4,,1,26,,1145220,52,4,,1,67,,1145222,52,4,,1,27,,1145221,52,4,,1,66,,1071672,52,4,,1,29,,1013575,52,4,,1,72,,1145240,52,4,,1,121,,1145224,50,4,,1,100,,1145206,50,4,,1
4800,'6',522,,1145286,50,4,,1,90,,1145249,50,4,,1,19,,1145279,50,4,,1,8,,1145276,52,4,,1,16,,1145266,52,4,,1,57,,1145287,52,4,,1,17,,1145261,52,4,,1,18,,1145248,52,4,,1,11,,1011087,52,4,,1,52,,1145257,52,4,,1,16,,1145262,52,4,,1,17,,1145255,52,4,,1,59,,1145273,52,4,,1,15,,1099075,52,4,,1,16,,1040766,52,4,,1,12,,1145250,52,4,,1,67,,1145263,52,4,,1,28,,1145280,52,4,,1,68,,1145264,52,4,,1,29,,1145283,52,4,,1,71,,1145274,52,4,,1,32,,1145260,52,4,,1,70,,1145277,52,4,,1,30,,1145281,52,4,,1,70,,1145278,52,4,,1,34,,1145270,52,4,,1,72,,1145269,52,4,,1,35,,1145259,52,4,,1,57,,1145256,52,4,,1,17,,1145284,52,4,,1,16,,1145268,52,4,,1,15,,1094343,52,4,,1,56,,1145288,52,4,,1,15,,1145272,52,4,,1,14,,944620,52,4,,1,14,,1145285,52,4,,1,51,,1145254,52,4,,1,12,,1145253,52,4,,1,14,,1145267,52,4,,1,14,,1145271,52,4,,1,68,,1145265,52,4,,1,26,,1145282,52,4,,1,67,,1145252,52,4,,1,27,,1145258,52,4,,1,66,,954510,52,4,,1,29,,1058876,52,4,,1,72,,1145275,52,4,,1,121,,1064518,50,4,,1,100,,1145251,50,4,,1
4800,'7',620,,1145297,50,4,,1,100,,1145307,50,4,,1,100,,1145301,52,4,,1,30,,1145320,52,4,,1,70,,1145293,52,4,,1,30,,1145291,52,4,,1,70,,1145321,52,4,,1,32,,1145310,52,4,,1,70,,1145295,52,4,,1,30,,1145313,52,4,,1,70,,1145302,52,4,,1,34,,1145312,52,4,,1,70,,1145318,52,4,,1,30,,1145290,52,4,,1,70,,1145303,52,4,,1,30,,1145305,52,4,,1,70,,1145298,52,4,,1,30,,1145306,52,4,,1,70,,1145300,52,4,,1,30,,1145322,52,4,,1,70,,1145292,52,4,,1,30,,1145314,52,4,,1,70,,1145308,52,4,,1,29,,1145311,52,4,,1,70,,1145309,52,4,,1,30,,1145296,52,4,,1,70,,1145323,52,4,,1,27,,1145319,52,4,,1,70,,1145317,52,4,,1,30,,1145304,52,4,,1,70,,1145315,52,4,,1,29,,1145294,52,4,,1,70,,1145316,50,4,,1,100,,1145299,50,4,,1,110,,1145289,50,4,,1
4800,'8',522,,1145370,50,4,,1,90,,1145326,50,4,,1,19,,1145361,50,4,,1,8,,1145358,52,4,,1,16,,1145348,52,4,,1,57,,1145371,52,4,,1,17,,1145343,52,4,,1,18,,1145324,52,4,,1,11,,1145330,52,4,,1,52,,1145339,52,4,,1,16,,1145344,52,4,,1,17,,1145337,52,4,,1,59,,1145355,52,4,,1,15,,1145362,52,4,,1,16,,1145331,52,4,,1,12,,1145332,52,4,,1,67,,1145345,52,4,,1,28,,1145363,52,4,,1,68,,1145346,52,4,,1,29,,1145366,52,4,,1,71,,1145356,52,4,,1,32,,1145342,52,4,,1,70,,1145359,52,4,,1,30,,1145364,52,4,,1,70,,1145360,52,4,,1,34,,1145352,52,4,,1,72,,1145351,52,4,,1,35,,1145341,52,4,,1,57,,1145338,52,4,,1,17,,1145368,52,4,,1,16,,1145350,52,4,,1,15,,1145328,52,4,,1,56,,1145372,52,4,,1,15,,1145354,52,4,,1,14,,1145325,52,4,,1,14,,1145369,52,4,,1,51,,1145336,52,4,,1,12,,1145335,52,4,,1,14,,1145349,52,4,,1,14,,1145353,52,4,,1,68,,1145347,52,4,,1,26,,1145365,52,4,,1,67,,1145334,52,4,,1,27,,1145340,52,4,,1,66,,1145329,52,4,,1,29,,1145327,52,4,,1,72,,1145357,52,4,,1,121,,1145367,50,4,,1,100,,1145333,50,4,,1
4800,'9',522,,1006016,50,4,,1,90,,1145383,50,4,,1,19,,1145409,50,4,,1,8,,1145373,52,4,,1,16,,1145396,52,4,,1,57,,1145382,52,4,,1,17,,1145380,52,4,,1,18,,1145387,52,4,,1,11,,1145384,52,4,,1,52,,1145405,52,4,,1,16,,1145386,52,4,,1,17,,1145397,52,4,,1,59,,1145379,52,4,,1,15,,1145385,52,4,,1,16,,1145404,52,4,,1,12,,1145393,52,4,,1,67,,1145400,52,4,,1,28,,1081220,52,4,,1,68,,1145378,52,4,,1,29,,1145412,52,4,,1,71,,1145415,52,4,,1,32,,1145381,52,4,,1,70,,1145376,52,4,,1,30,,1145402,52,4,,1,70,,1145399,52,4,,1,34,,1145403,52,4,,1,72,,1145401,52,4,,1,35,,1145398,52,4,,1,57,,1016057,52,4,,1,17,,1145394,52,4,,1,16,,1145377,52,4,,1,15,,1145391,52,4,,1,56,,1145411,52,4,,1,15,,1145410,52,4,,1,14,,1145375,52,4,,1,14,,1145407,52,4,,1,51,,1145413,52,4,,1,12,,1145406,52,4,,1,14,,1145414,52,4,,1,14,,1145395,52,4,,1,68,,1097296,52,4,,1,26,,1145388,52,4,,1,67,,1145390,52,4,,1,27,,1145389,52,4,,1,66,,1071595,52,4,,1,29,,1013756,52,4,,1,72,,1145408,52,4,,1,121,,1145392,50,4,,1,100,,1145374,50,4,,1
4801,'1',521,,1145426,1,0,86 87,1,80,,1145446,1,,,1,18,,1145419,1,,,1,16,,1102523,1,,,1,15,,961535,1,,,1,54,,993977,1,,,1,15,,1089533,1,,,1,16,,1145417,1,,,1,16,,1145420,1,,,1,56,,1145438,1,,,1,13,,990637,1,,,1,15,,998383,1,,,1,15,,1145443,1,,,1,70,,1145445,1,,,1,30,,1145440,1,,,1,70,,942152,1,,,1,30,,1145435,1,,,1,70,,1080478,1,,,1,30,,1145430,1,,,1,70,,1145418,1,,,1,30,,1024932,1,,,1,70,,1069587,1,,,1,30,,1145434,1,,,1,70,,1086025,1,,,1,30,,1145437,1,,,1,55,,1145431,1,,,1,15,,1145447,1,,,1,17,,1145416,1,,,1,13,,1145442,1,,,1,55,,1145448,1,,,1,15,,1145433,1,,,1,15,,1145429,1,,,1,15,,1145439,1,,,1,55,,1145441,1,,,1,15,,1145432,1,,,1,15,,1145425,1,,,1,15,,1145421,1,,,1,70,,1145427,1,,,1,30,,1145423,1,,,1,70,,1145436,1,,,1,30,,1145422,1,,,1,70,,976249,1,,,1,30,,1075528,1,,,1,70,,1022957,1,,,1,100,,1145444,1,0,86 87,1,100,,1145428,1,0,86 87,1
4801,'10',521,,1145459,1,0,86 87,1,80,,1145479,1,,,1,18,,1145452,1,,,1,16,,1102508,1,,,1,15,,961350,1,,,1,54,,994159,1,,,1,15,,1089349,1,,,1,16,,1145450,1,,,1,16,,1145453,1,,,1,56,,1145471,1,,,1,13,,990501,1,,,1,15,,998475,1,,,1,15,,1145476,1,,,1,70,,1145478,1,,,1,30,,1145473,1,,,1,70,,941876,1,,,1,30,,1145468,1,,,1,70,,1080332,1,,,1,30,,1145463,1,,,1,70,,1145451,1,,,1,30,,1025044,1,,,1,70,,1069436,1,,,1,30,,1145467,1,,,1,70,,1085741,1,,,1,30,,1145470,1,,,1,55,,1145464,1,,,1,15,,1145480,1,,,1,17,,1145449,1,,,1,13,,1145475,1,,,1,55,,1145481,1,,,1,15,,1145466,1,,,1,15,,1145462,1,,,1,15,,1145472,1,,,1,55,,1145474,1,,,1,15,,1145465,1,,,1,15,,1145458,1,,,1,15,,1145454,1,,,1,70,,1145460,1,,,1,30,,1145456,1,,,1,70,,1145469,1,,,1,30,,1145455,1,,,1,70,,975922,1,,,1,30,,1075192,1,,,1,70,,1023071,1,,,1,100,,1145477,1,0,86 87,1,100,,1145461,1,0,86 87,1
4801,'11',521,,1145492,1,0,86 87,1,80,,1145512,1,,,1,18,,1145485,1,,,1,16,,1102528,1,,,1,15,,961505,1,,,1,54,,993921,1,,,1,15,,1089584,1,,,1,16,,1145483,1,,,1,16,,1145486,1,,,1,56,,1145504,1,,,1,13,,990607,1,,,1,15,,998356,1,,,1,15,,1145509,1,,,1,70,,1145511,1,,,1,30,,1145506,1,,,1,70,,942104,1,,,1,30,,1145501,1,,,1,70,,1080522,1,,,1,30,,1145496,1,,,1,70,,1145484,1,,,1,30,,1024901,1,,,1,70,,1069633,1,,,1,30,,1145500,1,,,1,70,,1086107,1,,,1,30,,1145503,1,,,1,55,,1145497,1,,,1,15,,1145513,1,,,1,17,,1145482,1,,,1,13,,1145508,1,,,1,55,,1145514,1,,,1,15,,1145499,1,,,1,15,,1145495,1,,,1,15,,1145505,1,,,1,55,,1145507,1,,,1,15,,1145498,1,,,1,15,,1145491,1,,,1,15,,1145487,1,,,1,70,,1145493,1,,,1,30,,1145489,1,,,1,70,,1145502,1,,,1,30,,1145488,1,,,1,70,,976201,1,,,1,30,,1075620,1,,,1,70,,1022924,1,,,1,100,,1145510,1,0,86 87,1,100,,1145494,1,0,86 87,1
4801,'12',521,,1145531,1,0,86 87,1,80,,1145534,1,,,1,18,,1145519,1,,,1,16,,1145535,1,,,1,15,,1075871,1,,,1,54,,1145528,1,,,1,15,,1145539,1,,,1,16,,1145525,1,,,1,16,,1145537,1,,,1,56,,1145520,1,,,1,13,,1145529,1,,,1,15,,1145555,1,,,1,15,,1145526,1,,,1,70,,1145540,1,,,1,30,,1145532,1,,,1,70,,994271,1,,,1,30,,1062512,1,,,1,70,,1145549,1,,,1,30,,1076943,1,,,1,70,,1145543,1,,,1,30,,1145542,1,,,1,70,,1145553,1,,,1,30,,1145530,1,,,1,70,,1145544,1,,,1,30,,1145551,1,,,1,55,,1145538,1,,,1,15,,1145546,1,,,1,17,,1023311,1,,,1,13,,1145516,1,,,1,55,,1083523,1,,,1,15,,1145548,1,,,1,15,,1075435,1,,,1,15,,1145524,1,,,1,55,,1145515,1,,,1,15,,1145518,1,,,1,15,,1145536,1,,,1,15,,1145521,1,,,1,70,,1145554,1,,,1,30,,1145523,1,,,1,70,,1145552,1,,,1,30,,1145517,1,,,1,70,,1145533,1,,,1,30,,1145541,1,,,1,70,,1145527,1,,,1,100,,1145545,1,0,86 87,1,100,,1145547,1,0,86 87,1
4801,'13',746,,1145570,1,,,1,100,,1145567,1,,,1,70,,1145575,1,,,1,30,,1145556,1,,,1,70,,1145566,1,,,1,30,,1145581,1,,,1,70,,1145578,1,,,1,30,,1145557,1,,,1,70,,1145574,1,,,1,30,,1145579,1,,,1,70,,1145580,1,,,1,30,,1145569,1,,,1,70,,1145558,1,,,1,30,,1145561,1,,,1,70,,1087911,1,,,1,30,,1145576,1,,,1,70,,1069513,1,,,1,30,,1039340,1,,,1,70,,1145571,1,,,1,30,,1145563,1,,,1,70,,1145562,1,,,1,30,,1065352,1,,,1,70,,1145564,1,0,86 87,1,30,,1145565,1,0,86 87,1,70,,1145560,1,0,86 87,1,30,,1145568,1,0,86 87,1,70,,1145572,1,0,86 87,1,100,,1145559,1,0,86 87,1,119,,1145573,1,0,86 87,1
4801,'14',521,,1145602,1,0,86 87,1,80,,1145625,1,,,1,18,,1145589,1,,,1,16,,1145622,1,,,1,15,,1145593,1,,,1,54,,1145594,1,,,1,15,,1145621,1,,,1,16,,1145583,1,,,1,16,,1145590,1,,,1,56,,1145615,1,,,1,13,,1145588,1,,,1,15,,1145604,1,,,1,15,,1145620,1,,,1,70,,1145624,1,,,1,30,,1145617,1,,,1,70,,1145586,1,,,1,30,,1145612,1,,,1,70,,1145596,1,,,1,30,,1145607,1,,,1,70,,1145584,1,,,1,30,,1145628,1,,,1,70,,1145595,1,,,1,30,,1145611,1,,,1,70,,1145592,1,,,1,30,,1145614,1,,,1,55,,1145608,1,,,1,15,,1145626,1,,,1,17,,1145582,1,,,1,13,,1145619,1,,,1,55,,1145629,1,,,1,15,,1145610,1,,,1,15,,1145606,1,,,1,15,,1145616,1,,,1,55,,1145618,1,,,1,15,,1145609,1,,,1,15,,1145601,1,,,1,15,,1145591,1,,,1,70,,1145603,1,,,1,30,,1145598,1,,,1,70,,1145613,1,,,1,30,,1145597,1,,,1,70,,1145587,1,,,1,30,,1145585,1,,,1,70,,1145627,1,,,1,100,,1145623,1,0,86 87,1,100,,1145605,1,0,86 87,1
4801,'15',521,,1145673,1,0,86 87,1,80,,1145635,1,,,1,18,,1145651,1,,,1,16,,1145674,1,,,1,15,,1145671,1,,,1,54,,1145659,1,,,1,15,,1145665,1,,,1,16,,1145630,1,,,1,16,,1145647,1,,,1,56,,1145660,1,,,1,13,,1145655,1,,,1,15,,1145642,1,,,1,15,,1145656,1,,,1,70,,1145640,1,,,1,30,,1145667,1,,,1,70,,1145668,1,,,1,30,,1145646,1,,,1,70,,1145637,1,,,1,30,,1145632,1,,,1,70,,1145652,1,,,1,30,,1145666,1,,,1,70,,1145639,1,,,1,30,,1145676,1,,,1,70,,1145675,1,,,1,30,,1145663,1,,,1,55,,1145670,1,,,1,15,,1145661,1,,,1,17,,1145650,1,,,1,13,,1145631,1,,,1,55,,1145649,1,,,1,15,,1145664,1,,,1,15,,1145672,1,,,1,15,,1145657,1,,,1,55,,1145662,1,,,1,15,,1145633,1,,,1,15,,1145645,1,,,1,15,,1145648,1,,,1,70,,1145636,1,,,1,30,,1145638,1,,,1,70,,1145658,1,,,1,30,,1145653,1,,,1,70,,1145644,1,,,1,30,,1145634,1,,,1,70,,1145669,1,,,1,100,,1145677,1,0,86 87,1,100,,1145643,1,0,86 87,1
4801,'16',521,,1145694,1,0,86 87,1,80,,1145697,1,,,1,18,,1145684,1,,,1,16,,1145698,1,,,1,15,,1145710,1,,,1,54,,1145691,1,,,1,15,,1145702,1,,,1,16,,1145688,1,,,1,16,,1145700,1,,,1,56,,1145685,1,,,1,13,,1145692,1,,,1,15,,1145721,1,,,1,15,,1145689,1,,,1,70,,1145703,1,,,1,30,,1145695,1,,,1,70,,1145716,1,,,1,30,,1145682,1,,,1,70,,1145714,1,,,1,30,,1145708,1,,,1,70,,1145706,1,,,1,30,,1145705,1,,,1,70,,1145719,1,,,1,30,,1145693,1,,,1,70,,1145707,1,,,1,30,,1145717,1,,,1,55,,1145701,1,,,1,15,,1145711,1,,,1,17,,1145679,1,,,1,13,,1069838,1,,,1,55,,1145680,1,,,1,15,,1145713,1,,,1,15,,1145681,1,,,1,15,,1145687,1,,,1,55,,1145678,1,,,1,15,,1145683,1,,,1,15,,1145699,1,,,1,15,,1070056,1,,,1,70,,1145720,1,,,1,30,,1145686,1,,,1,70,,1145718,1,,,1,30,,1087595,1,,,1,70,,1145696,1,,,1,30,,1145704,1,,,1,70,,1145690,1,,,1,100,,1145709,1,0,86 87,1,100,,1145712,1,0,86 87,1
4801,'17',746,,1145737,1,,,1,100,,1145734,1,,,1,70,,1145742,1,,,1,30,,1145722,1,,,1,70,,1145733,1,,,1,30,,1145750,1,,,1,70,,1145747,1,,,1,30,,1145723,1,,,1,70,,1145741,1,,,1,30,,1145748,1,,,1,70,,1145749,1,,,1,30,,1145736,1,,,1,70,,1145724,1,,,1,30,,1145728,1,,,1,70,,1145725,1,,,1,30,,1145743,1,,,1,70,,1145746,1,,,1,30,,1145744,1,,,1,70,,1145738,1,,,1,30,,1145730,1,,,1,70,,1145729,1,,,1,30,,1145751,1,,,1,70,,1145731,1,0,86 87,1,30,,1145732,1,0,86 87,1,70,,1145727,1,0,86 87,1,30,,1145735,1,0,86 87,1,70,,1145739,1,0,86 87,1,100,,1145726,1,0,86 87,1,119,,1145740,1,0,86 87,1
4801,'2',634,,1145778,1,,,1,100,,1145753,1,,,1,70,,1145762,1,,,1,30,,1145758,1,,,1,70,,1145765,1,,,1,30,,1145779,1,,,1,70,,1145772,1,,,1,30,,1067825,1,,,1,70,,1062797,1,,,1,30,,1145773,1,,,1,70,,1145777,1,,,1,30,,1145761,1,,,1,70,,1035720,1,,,1,30,,1145770,1,,,1,70,,1145769,1,,,1,30,,1145760,1,,,1,70,,1145775,1,,,1,30,,1145763,1,,,1,70,,1145782,1,,,1,30,,1145783,1,,,1,70,,1145754,1,,,1,30,,1145764,1,,,1,70,,1145756,1,,,1,30,,1145757,1,,,1,70,,1145780,1,,,1,30,,1145774,1,,,1,70,,1145752,1,,,1,30,,1145776,1,,,1,70,,1145768,1,,,1,30,,1145766,1,,,1,70,,1145759,1,0,86 87,1,30,,1145755,1,0,86 87,1,100,,1145767,1,0,86 87,1,110,,1145781,1,0,86 87,1
4801,'3',746,,1145799,1,,,1,100,,1145796,1,,,1,70,,1145804,1,,,1,30,,1145784,1,,,1,70,,1145795,1,,,1,30,,1145812,1,,,1,70,,1145809,1,,,1,30,,1145785,1,,,1,70,,1145803,1,,,1,30,,1145810,1,,,1,70,,1145811,1,,,1,30,,1145798,1,,,1,70,,1145786,1,,,1,30,,1145790,1,,,1,70,,1145787,1,,,1,30,,1145805,1,,,1,70,,1145808,1,,,1,30,,1145806,1,,,1,70,,1145800,1,,,1,30,,1145792,1,,,1,70,,1145791,1,,,1,30,,1145813,1,,,1,70,,1145793,1,0,86 87,1,30,,1145794,1,0,86 87,1,70,,1145789,1,0,86 87,1,30,,1145797,1,0,86 87,1,70,,1145801,1,0,86 87,1,100,,1145788,1,0,86 87,1,119,,1145802,1,0,86 87,1
4801,'4',746,,1145841,1,,,1,100,,1145817,1,,,1,70,,1145819,1,,,1,30,,1145839,1,,,1,70,,1145816,1,,,1,30,,1145835,1,,,1,70,,1145834,1,,,1,30,,1145840,1,,,1,70,,1145815,1,,,1,30,,1145828,1,,,1,70,,1145820,1,,,1,30,,1145832,1,,,1,70,,1145826,1,,,1,30,,1145822,1,,,1,70,,1145818,1,,,1,30,,1145830,1,,,1,70,,1096067,1,,,1,30,,1145833,1,,,1,70,,1145814,1,,,1,30,,1145823,1,,,1,70,,1145825,1,,,1,30,,1145829,1,,,1,70,,1145838,1,0,86 87,1,30,,1145824,1,0,86 87,1,70,,965124,1,0,86 87,1,30,,1145837,1,0,86 87,1,70,,1145827,1,0,86 87,1,100,,1145836,1,0,86 87,1,119,,1145821,1,0,86 87,1
4801,'5',521,,1145852,1,0,86 87,1,80,,1145872,1,,,1,18,,1145845,1,,,1,16,,1102518,1,,,1,15,,961620,1,,,1,54,,993693,1,,,1,15,,1089498,1,,,1,16,,1145843,1,,,1,16,,1145846,1,,,1,56,,1145864,1,,,1,13,,990727,1,,,1,15,,998207,1,,,1,15,,1145869,1,,,1,70,,1145871,1,,,1,30,,1145866,1,,,1,70,,942304,1,,,1,30,,1145861,1,,,1,70,,1080456,1,,,1,30,,1145856,1,,,1,70,,1145844,1,,,1,30,,1024722,1,,,1,70,,1069564,1,,,1,30,,1145860,1,,,1,70,,1085974,1,,,1,30,,1145863,1,,,1,55,,1145857,1,,,1,15,,1145873,1,,,1,17,,1145842,1,,,1,13,,1145868,1,,,1,55,,1145874,1,,,1,15,,1145859,1,,,1,15,,1145855,1,,,1,15,,1145865,1,,,1,55,,1145867,1,,,1,15,,1145858,1,,,1,15,,1145851,1,,,1,15,,1145847,1,,,1,70,,1145853,1,,,1,30,,1145849,1,,,1,70,,1145862,1,,,1,30,,1145848,1,,,1,70,,976404,1,,,1,30,,1075486,1,,,1,70,,1022755,1,,,1,100,,1145870,1,0,86 87,1,100,,1145854,1,0,86 87,1
4801,'6',521,,1145891,1,0,86 87,1,80,,1145893,1,,,1,18,,1067665,1,,,1,16,,1145894,1,,,1,15,,1145905,1,,,1,54,,1145888,1,,,1,15,,1145897,1,,,1,16,,1068943,1,,,1,16,,1145896,1,,,1,56,,1145881,1,,,1,13,,1145889,1,,,1,15,,1145912,1,,,1,15,,1145886,1,,,1,70,,1145898,1,,,1,30,,1145892,1,,,1,70,,1145910,1,,,1,30,,1145880,1,,,1,70,,1082709,1,,,1,30,,1145903,1,,,1,70,,1145901,1,,,1,30,,1145900,1,,,1,70,,1097585,1,,,1,30,,1145890,1,,,1,70,,1145902,1,,,1,30,,1145911,1,,,1,55,,1022782,1,,,1,15,,1145906,1,,,1,17,,1145875,1,,,1,13,,1145878,1,,,1,55,,1145876,1,,,1,15,,1145908,1,,,1,15,,1145877,1,,,1,15,,1145885,1,,,1,55,,1043182,1,,,1,15,,1063253,1,,,1,15,,1145895,1,,,1,15,,1145882,1,,,1,70,,1093570,1,,,1,30,,1145884,1,,,1,70,,1042728,1,,,1,30,,1145879,1,,,1,70,,1098433,1,,,1,30,,1145899,1,,,1,70,,1145887,1,,,1,100,,1145904,1,0,86 87,1,100,,1145907,1,0,86 87,1
4801,'7',634,,1145941,1,,,1,100,,1145946,1,,,1,70,,1145929,1,,,1,30,,1145917,1,,,1,70,,1145925,1,,,1,30,,1145913,1,,,1,70,,1145918,1,,,1,30,,1145915,1,,,1,70,,1145947,1,,,1,30,,1145928,1,,,1,70,,1145926,1,,,1,30,,1145935,1,,,1,70,,1145936,1,,,1,30,,1145921,1,,,1,70,,1145943,1,,,1,30,,1145914,1,,,1,70,,1145931,1,,,1,30,,1145938,1,,,1,70,,1145937,1,,,1,30,,1145932,1,,,1,70,,1145922,1,,,1,30,,1145940,1,,,1,70,,1145948,1,,,1,30,,1145944,1,,,1,70,,1145919,1,,,1,30,,1145930,1,,,1,70,,1145934,1,,,1,30,,1145924,1,,,1,70,,1145942,1,,,1,30,,1145927,1,,,1,70,,1145939,1,0,86 87,1,30,,1145945,1,0,86 87,1,100,,1145923,1,0,86 87,1,110,,1145920,1,0,86 87,1
4801,'8',521,,1145969,1,0,86 87,1,80,,1145972,1,,,1,18,,1145957,1,,,1,16,,1145973,1,,,1,15,,1145985,1,,,1,54,,1145966,1,,,1,15,,1145977,1,,,1,16,,1145963,1,,,1,16,,1145975,1,,,1,56,,1145958,1,,,1,13,,1145967,1,,,1,15,,1145996,1,,,1,15,,1145964,1,,,1,70,,1145978,1,,,1,30,,1145970,1,,,1,70,,1145991,1,,,1,30,,1145955,1,,,1,70,,1145989,1,,,1,30,,1145983,1,,,1,70,,1145981,1,,,1,30,,1145980,1,,,1,70,,1145994,1,,,1,30,,1145968,1,,,1,70,,1145982,1,,,1,30,,1145992,1,,,1,55,,1145976,1,,,1,15,,1145986,1,,,1,17,,1145950,1,,,1,13,,1145953,1,,,1,55,,1145951,1,,,1,15,,1145988,1,,,1,15,,1145952,1,,,1,15,,1145962,1,,,1,55,,1145949,1,,,1,15,,1145956,1,,,1,15,,1145974,1,,,1,15,,1145959,1,,,1,70,,1145995,1,,,1,30,,1145961,1,,,1,70,,1145993,1,,,1,30,,1145954,1,,,1,70,,1145971,1,,,1,30,,1145979,1,,,1,70,,1145965,1,,,1,100,,1145984,1,0,86 87,1,100,,1145987,1,0,86 87,1
4801,'9',521,,1146007,1,0,86 87,1,80,,1146027,1,,,1,18,,1146000,1,,,1,16,,1102513,1,,,1,15,,961590,1,,,1,54,,994033,1,,,1,15,,1089413,1,,,1,16,,1145998,1,,,1,16,,1146001,1,,,1,56,,1146019,1,,,1,13,,990697,1,,,1,15,,998410,1,,,1,15,,1146024,1,,,1,70,,1146026,1,,,1,30,,1146021,1,,,1,70,,942256,1,,,1,30,,1146016,1,,,1,70,,1080383,1,,,1,30,,1146011,1,,,1,70,,1145999,1,,,1,30,,1024963,1,,,1,70,,1069484,1,,,1,30,,1146015,1,,,1,70,,1085828,1,,,1,30,,1146018,1,,,1,55,,1146012,1,,,1,15,,1146028,1,,,1,17,,1145997,1,,,1,13,,1146023,1,,,1,55,,1146029,1,,,1,15,,1146014,1,,,1,15,,1146010,1,,,1,15,,1146020,1,,,1,55,,1146022,1,,,1,15,,1146013,1,,,1,15,,1146006,1,,,1,15,,1146002,1,,,1,70,,1146008,1,,,1,30,,1146004,1,,,1,70,,1146017,1,,,1,30,,1146003,1,,,1,70,,976356,1,,,1,30,,1075290,1,,,1,70,,1022990,1,,,1,100,,1146025,1,0,86 87,1,100,,1146009,1,0,86 87,1
4900,'1',802,,1146044,1,,,1,28,,1146030,1,,,1,72,,1146036,1,,,1,100,,1146033,1,,,1,200,,1146042,1,,,1,200,,1146040,1,,,1,98,,1093404,1,,,1,32,,1146043,1,,,1,70,,1146034,1,,,1,30,,1146035,1,,,1,70,,1146039,1,,,1,30,,1146041,1,,,1,77,,1146031,1,,,1,42,,1146032,1,,,1,100,,1146038,1,,,1,268,,1146037,1,,,1
4900,'10',802,,1146059,1,,,1,28,,1146045,1,,,1,72,,1146051,1,,,1,100,,1146048,1,,,1,200,,1146057,1,,,1,200,,1146055,1,,,1,98,,1093088,1,,,1,32,,1146058,1,,,1,70,,1146049,1,,,1,30,,1146050,1,,,1,70,,1146054,1,,,1,30,,1146056,1,,,1,77,,1146046,1,,,1,42,,1146047,1,,,1,100,,1146053,1,,,1,268,,1146052,1,,,1
4900,'11',802,,1146074,1,,,1,28,,1146060,1,,,1,72,,1146066,1,,,1,100,,1146063,1,,,1,200,,1146072,1,,,1,200,,1146070,1,,,1,98,,1093495,1,,,1,32,,1146073,1,,,1,70,,1146064,1,,,1,30,,1146065,1,,,1,70,,1146069,1,,,1,30,,1146071,1,,,1,77,,1146061,1,,,1,42,,1146062,1,,,1,100,,1146068,1,,,1,268,,1146067,1,,,1
4900,'12',802,,1146087,1,,,1,28,,1146082,1,,,1,72,,1146081,1,,,1,100,,1146086,1,,,1,200,,1146080,1,,,1,200,,994781,1,,,1,98,,1146085,1,,,1,32,,1146076,1,,,1,70,,1063019,1,,,1,30,,1146078,1,,,1,70,,1146075,1,,,1,30,,1146084,1,,,1,77,,1146077,1,,,1,42,,1072808,1,,,1,100,,1146079,1,,,1,268,,1146083,1,,,1
4900,'13',925,,1146091,1,,,1,100,,1146093,1,,,1,100,,1146090,1,,,1,100,,1094507,1,,,1,100,,1146095,1,,,1,100,,1146089,1,,,1,100,,1146088,1,,,1,100,,1146092,1,,,1,100,,1146094,1,,,1
4900,'14',802,,1146111,1,,,1,28,,1146096,1,,,1,72,,1146103,1,,,1,100,,1146100,1,,,1,200,,1146109,1,,,1,200,,1146107,1,,,1,98,,1146098,1,,,1,32,,1146110,1,,,1,70,,1146101,1,,,1,30,,1146102,1,,,1,70,,1146106,1,,,1,30,,1146108,1,,,1,77,,1146097,1,,,1,42,,1146099,1,,,1,100,,1146105,1,,,1,268,,1146104,1,,,1
4900,'15',802,,1146121,1,,,1,28,,1146118,1,,,1,72,,1146114,1,,,1,100,,1146112,1,,,1,200,,1146126,1,,,1,200,,1146119,1,,,1,98,,1146113,1,,,1,32,,1146117,1,,,1,70,,1146124,1,,,1,30,,1146115,1,,,1,70,,1146123,1,,,1,30,,1146116,1,,,1,77,,1146122,1,,,1,42,,1146125,1,,,1,100,,1146120,1,,,1,268,,1146127,1,,,1
4900,'16',802,,1146143,1,,,1,28,,1146137,1,,,1,72,,1146136,1,,,1,100,,1146142,1,,,1,200,,1146135,1,,,1,200,,1146128,1,,,1,98,,1146141,1,,,1,32,,1146130,1,,,1,70,,1146140,1,,,1,30,,1146132,1,,,1,70,,1146129,1,,,1,30,,1146139,1,,,1,77,,1146131,1,,,1,42,,1146134,1,,,1,100,,1146133,1,,,1,268,,1146138,1,,,1
4900,'17',925,,1146148,1,,,1,100,,1146150,1,,,1,100,,1146147,1,,,1,100,,1146146,1,,,1,100,,1146152,1,,,1,100,,1146145,1,,,1,100,,1146144,1,,,1,100,,1146149,1,,,1,100,,1146151,1,,,1
4900,'2',946,,1146153,1,,,1,100,,1146156,1,,,1,100,,1146154,1,,,1,100,,1146157,1,,,1,100,,1146161,1,,,1,100,,1146159,1,,,1,100,,1146155,1,,,1,100,,1146160,1,,,1,100,,836709,1,,,1,100,,1146158,1,,,1
4900,'3',925,,1146166,1,,,1,100,,1146168,1,,,1,100,,1146165,1,,,1,100,,1146164,1,,,1,100,,1146170,1,,,1,100,,1146163,1,,,1,100,,1146162,1,,,1,100,,1146167,1,,,1,100,,1146169,1,,,1
4900,'4',925,,1146177,1,,,1,100,,1146175,1,,,1,100,,1146172,1,,,1,100,,1146178,1,,,1,100,,1146176,1,,,1,100,,1087964,1,,,1,100,,1146173,1,,,1,100,,1146174,1,,,1,100,,1146171,1,,,1
4900,'5',802,,1146193,1,,,1,28,,1146179,1,,,1,72,,1146185,1,,,1,100,,1146182,1,,,1,200,,1146191,1,,,1,200,,1146189,1,,,1,98,,1093349,1,,,1,32,,1146192,1,,,1,70,,1146183,1,,,1,30,,1146184,1,,,1,70,,1146188,1,,,1,30,,1146190,1,,,1,77,,1146180,1,,,1,42,,1146181,1,,,1,100,,1146187,1,,,1,268,,1146186,1,,,1
4900,'6',802,,1146206,1,,,1,28,,1146203,1,,,1,72,,1146202,1,,,1,100,,1065578,1,,,1,200,,1146201,1,,,1,200,,1146194,1,,,1,98,,1092527,1,,,1,32,,1146196,1,,,1,70,,1146205,1,,,1,30,,1146198,1,,,1,70,,1146195,1,,,1,30,,1036649,1,,,1,77,,1146197,1,,,1,42,,1146200,1,,,1,100,,1146199,1,,,1,268,,1146204,1,,,1
4900,'7',946,,1146210,1,,,1,100,,1146212,1,,,1,100,,1146209,1,,,1,100,,1146207,1,,,1,100,,1146214,1,,,1,100,,1146208,1,,,1,100,,1146216,1,,,1,100,,1146215,1,,,1,100,,1146213,1,,,1,100,,1146211,1,,,1
4900,'8',802,,1146232,1,,,1,28,,1146226,1,,,1,72,,1146225,1,,,1,100,,1146231,1,,,1,200,,1146224,1,,,1,200,,1146217,1,,,1,98,,1146230,1,,,1,32,,1146219,1,,,1,70,,1146229,1,,,1,30,,1146221,1,,,1,70,,1146218,1,,,1,30,,1146228,1,,,1,77,,1146220,1,,,1,42,,1146223,1,,,1,100,,1146222,1,,,1,268,,1146227,1,,,1
4900,'9',802,,1146247,1,,,1,28,,1146233,1,,,1,72,,1146239,1,,,1,100,,1146236,1,,,1,200,,1146245,1,,,1,200,,1146243,1,,,1,98,,1093193,1,,,1,32,,1146246,1,,,1,70,,1146237,1,,,1,30,,1146238,1,,,1,70,,1146242,1,,,1,30,,1146244,1,,,1,77,,1146234,1,,,1,42,,1146235,1,,,1,100,,1146241,1,,,1,268,,1146240,1,,,1
4901,'1',624,,1146248,22,4,,1,30,,1146261,22,4,,1,70,,1103492,22,4,,1,32,,1146258,22,4,,1,60,,1146265,22,4,,1,21,,1146255,22,4,,1,69,,1146259,22,4,,1,132,,1146254,22,4,,1,200,,1146250,22,4,,1,200,,1146256,22,4,,1,68,,1146257,22,4,,1,34,,1146264,22,4,,1,71,,1146252,22,4,,1,31,,1146263,22,4,,1,69,,1146249,22,4,,1,30,,1146251,22,4,,1,69,,1146253,22,4,,1,35,,1146260,22,4,,1,82,,1146262,22,4,,1
4901,'10',624,,1146266,22,4,,1,30,,1146279,22,4,,1,70,,1103486,22,4,,1,32,,1146276,22,4,,1,60,,1146283,22,4,,1,21,,1146273,22,4,,1,69,,1146277,22,4,,1,132,,1146272,22,4,,1,200,,1146268,22,4,,1,200,,1146274,22,4,,1,68,,1146275,22,4,,1,34,,1146282,22,4,,1,71,,1146270,22,4,,1,31,,1146281,22,4,,1,69,,1146267,22,4,,1,30,,1146269,22,4,,1,69,,1146271,22,4,,1,35,,1146278,22,4,,1,82,,1146280,22,4,,1
4901,'11',624,,1146284,22,4,,1,30,,1146297,22,4,,1,70,,1103494,22,4,,1,32,,1146294,22,4,,1,60,,1146301,22,4,,1,21,,1146291,22,4,,1,69,,1146295,22,4,,1,132,,1146290,22,4,,1,200,,1146286,22,4,,1,200,,1146292,22,4,,1,68,,1146293,22,4,,1,34,,1146300,22,4,,1,71,,1146288,22,4,,1,31,,1146299,22,4,,1,69,,1146285,22,4,,1,30,,1146287,22,4,,1,69,,1146289,22,4,,1,35,,1146296,22,4,,1,82,,1146298,22,4,,1
4901,'12',624,,1146314,22,4,,1,30,,1146307,22,4,,1,70,,1146317,22,4,,1,32,,1146304,22,4,,1,60,,1146308,22,4,,1,21,,1066081,22,4,,1,69,,1146306,22,4,,1,132,,1049960,22,4,,1,200,,1045164,22,4,,1,200,,1146310,22,4,,1,68,,1146316,22,4,,1,34,,1146309,22,4,,1,71,,1146312,22,4,,1,31,,1146313,22,4,,1,69,,1146305,22,4,,1,30,,1146311,22,4,,1,69,,1146315,22,4,,1,35,,1146302,22,4,,1,82,,1146303,22,4,,1
4901,'13',857,,1146325,22,4,,1,100,,1091127,22,4,,1,100,,1146318,22,4,,1,100,,1146322,22,4,,1,100,,1146323,22,4,,1,100,,1146319,22,4,,1,100,,1146321,22,4,,1,100,,1146324,22,4,,1,100,,1146326,22,4,,1,100,,1146320,22,4,,1
4901,'14',624,,1146327,22,4,,1,30,,1146341,22,4,,1,70,,1146331,22,4,,1,32,,1146338,22,4,,1,60,,1146345,22,4,,1,21,,1146335,22,4,,1,69,,1146339,22,4,,1,132,,1146334,22,4,,1,200,,1146329,22,4,,1,200,,1146336,22,4,,1,68,,1146337,22,4,,1,34,,1146344,22,4,,1,71,,1146332,22,4,,1,31,,1146343,22,4,,1,69,,1146328,22,4,,1,30,,1146330,22,4,,1,69,,1146333,22,4,,1,35,,1146340,22,4,,1,82,,1146342,22,4,,1
4901,'15',624,,1146348,22,4,,1,30,,1146361,22,4,,1,70,,1146354,22,4,,1,32,,1146351,22,4,,1,60,,1146350,22,4,,1,21,,1146346,22,4,,1,69,,1146352,22,4,,1,132,,1146363,22,4,,1,200,,1146358,22,4,,1,200,,1146359,22,4,,1,68,,1146347,22,4,,1,34,,1146364,22,4,,1,71,,1146362,22,4,,1,31,,1146353,22,4,,1,69,,1146349,22,4,,1,30,,1146360,22,4,,1,69,,1146356,22,4,,1,35,,1146355,22,4,,1,82,,1146357,22,4,,1
4901,'16',624,,1146379,22,4,,1,30,,1146371,22,4,,1,70,,1146380,22,4,,1,32,,1146368,22,4,,1,60,,1146372,22,4,,1,21,,1146367,22,4,,1,69,,1146370,22,4,,1,132,,1146366,22,4,,1,200,,1146377,22,4,,1,200,,1146374,22,4,,1,68,,1066571,22,4,,1,34,,1146373,22,4,,1,71,,1146376,22,4,,1,31,,1146378,22,4,,1,69,,1146369,22,4,,1,30,,1146375,22,4,,1,69,,1088205,22,4,,1,35,,1146365,22,4,,1,82,,1066982,22,4,,1
4901,'17',857,,1146389,22,4,,1,100,,1146381,22,4,,1,100,,1146382,22,4,,1,100,,1146386,22,4,,1,100,,1146387,22,4,,1,100,,1146383,22,4,,1,100,,1146385,22,4,,1,100,,1146388,22,4,,1,100,,1146390,22,4,,1,100,,1146384,22,4,,1
4901,'2',918,,1146398,22,4,,1,100,,1146391,22,4,,1,100,,1146397,22,4,,1,100,,1146396,22,4,,1,100,,1146392,22,4,,1,100,,1146393,22,4,,1,100,,1146394,22,4,,1,100,,1146400,22,4,,1,100,,1146399,22,4,,1,100,,1146395,22,4,,1
4901,'3',857,,1146409,22,4,,1,100,,1146401,22,4,,1,100,,1146402,22,4,,1,100,,1146406,22,4,,1,100,,1146407,22,4,,1,100,,1146403,22,4,,1,100,,1146405,22,4,,1,100,,1146408,22,4,,1,100,,1146410,22,4,,1,100,,1146404,22,4,,1
4901,'4',857,,1146414,22,4,,1,100,,1146417,22,4,,1,100,,1146412,22,4,,1,100,,1146415,22,4,,1,100,,1146411,22,4,,1,100,,1146416,22,4,,1,100,,1037604,22,4,,1,100,,1146413,22,4,,1,100,,1146418,22,4,,1,100,,1146419,22,4,,1
4901,'5',624,,1146420,22,4,,1,30,,1146433,22,4,,1,70,,1103490,22,4,,1,32,,1146430,22,4,,1,60,,1146437,22,4,,1,21,,1146427,22,4,,1,69,,1146431,22,4,,1,132,,1146426,22,4,,1,200,,1146422,22,4,,1,200,,1146428,22,4,,1,68,,1146429,22,4,,1,34,,1146436,22,4,,1,71,,1146424,22,4,,1,31,,1146435,22,4,,1,69,,1146421,22,4,,1,30,,1146423,22,4,,1,69,,1146425,22,4,,1,35,,1146432,22,4,,1,82,,1146434,22,4,,1
4901,'6',624,,1146451,22,4,,1,30,,1146444,22,4,,1,70,,1089621,22,4,,1,32,,1146441,22,4,,1,60,,1146445,22,4,,1,21,,1146440,22,4,,1,69,,1146443,22,4,,1,132,,1146438,22,4,,1,200,,1146449,22,4,,1,200,,1146447,22,4,,1,68,,1146453,22,4,,1,34,,1146446,22,4,,1,71,,1146448,22,4,,1,31,,1146450,22,4,,1,69,,1146442,22,4,,1,30,,999985,22,4,,1,69,,1146452,22,4,,1,35,,1081432,22,4,,1,82,,1146439,22,4,,1
4901,'7',918,,1146458,22,4,,1,100,,1146459,22,4,,1,100,,1146454,22,4,,1,100,,1146455,22,4,,1,100,,1146461,22,4,,1,100,,1146457,22,4,,1,100,,1146456,22,4,,1,100,,1146462,22,4,,1,100,,1146460,22,4,,1,100,,1146463,22,4,,1
4901,'8',624,,1146479,22,4,,1,30,,1146471,22,4,,1,70,,1146482,22,4,,1,32,,1146468,22,4,,1,60,,1146472,22,4,,1,21,,1146467,22,4,,1,69,,1146470,22,4,,1,132,,1146465,22,4,,1,200,,1146477,22,4,,1,200,,1146474,22,4,,1,68,,1146481,22,4,,1,34,,1146473,22,4,,1,71,,1146476,22,4,,1,31,,1146478,22,4,,1,69,,1146469,22,4,,1,30,,1146475,22,4,,1,69,,1146480,22,4,,1,35,,1146464,22,4,,1,82,,1146466,22,4,,1
4901,'9',624,,1146483,22,4,,1,30,,1146496,22,4,,1,70,,1103488,22,4,,1,32,,1146493,22,4,,1,60,,1146500,22,4,,1,21,,1146490,22,4,,1,69,,1146494,22,4,,1,132,,1146489,22,4,,1,200,,1146485,22,4,,1,200,,1146491,22,4,,1,68,,1146492,22,4,,1,34,,1146499,22,4,,1,71,,1146487,22,4,,1,31,,1146498,22,4,,1,69,,1146484,22,4,,1,30,,1146486,22,4,,1,69,,1146488,22,4,,1,35,,1146495,22,4,,1,82,,1146497,22,4,,1
8800,'1',458,,1174862,48,4,,1,74,,1174875,48,4,,1,73,,1174863,48,4,,1,32,,1174868,48,4,,1,17,,1174872,48,4,,1,57,,1174844,48,4,,1,15,,1174849,48,4,,1,11,,888757,49,4,,1,12,,1174842,49,4,,1,51,,1174869,49,4,,1,12,,1174874,49,4,,1,10,,1174890,49,4,,1,10,,1174858,49,4,,1,11,,1174873,49,4,,1,15,,1174831,49,4,,1,57,,1174836,49,4,,1,13,,1174832,49,4,,1,14,,1061751,49,4,,1,14,,1174827,49,4,,1,54,,1174880,49,4,,1,15,,1174833,31,4,,1,14,,1174865,49,4,,1,16,,1174879,31,4,,1,54,,1174867,49,4,,1,15,,1174877,31,4,,1,15,,1174886,49,4,,1,15,,1174835,31,4,,1,55,,1174839,49,4,,1,15,,1090240,31,4,,1,15,,1174889,49,4,,1,15,,1174824,31,4,,1,55,,1174823,49,4,,1,15,,1174882,31,4,,1,15,,1096445,49,4,,1,15,,1174888,31,4,,1,55,,1174881,49,4,,1,16,,1174826,31,4,,1,10,,1174855,49,4,,1,13,,1174846,31,4,,1,4,,1174840,31,4,,1,61,,1085599,49,4,,1,10,,1174845,31,4,,1,8,,1174850,31,4,,1,12,,1174876,49,4,,1,12,,1174852,31,4,,1,51,,1174825,31,4,,1,9,,1174841,49,4,,1,12,,1103097,49,4,,1,10,,1174856,49,4,,1,8,,1174834,49,4,,1,10,,1066538,49,4,,1,47,,1174891,49,4,,1,10,,1174843,49,4,,1,13,,1174853,49,4,,1,17,,1094154,49,4,,1,13,,1174848,49,4,,1,46,,1090866,49,4,,1,9,,1097853,49,4,,1,8,,1174851,49,4,,1,11,,1174892,49,4,,1,18,,1174859,49,4,,1,53,,1174871,49,4,,1,8,,1078296,49,4,,1,19,,1174887,49,4,,1,14,,1174884,31,4,,1,13,,925009,49,4,,1,54,,1174854,31,4,,1,15,,1174893,49,4,,1,13,,1079305,31,4,,1,15,,1174838,49,4,,1,53,,1174866,31,4,,1,15,,1174828,49,4,,1,15,,1174894,49,4,,1,20,,1174857,49,4,,1,60,,1174837,49,4,,1,14,,1174847,49,4,,1,24,,1174830,49,4,,1,57,,1174870,48,4,,1,21,,1174878,48,4,,1,26,,1174860,48,4,,1,69,,1174861,48,4,,1,33,,1174864,48,4,,1,70,,1174883,48,4,,1
8800,'10',458,,1174934,48,4,,1,74,,1174947,48,4,,1,73,,1174935,48,4,,1,32,,1174940,48,4,,1,17,,1174944,48,4,,1,57,,1174916,48,4,,1,15,,1174921,48,4,,1,11,,888807,49,4,,1,12,,1174914,49,4,,1,51,,1174941,49,4,,1,12,,1174946,49,4,,1,10,,1174962,49,4,,1,10,,1174930,49,4,,1,11,,1174945,49,4,,1,15,,1174903,49,4,,1,57,,1174908,49,4,,1,13,,1174904,49,4,,1,14,,1061526,49,4,,1,14,,1174899,49,4,,1,54,,1174952,49,4,,1,15,,1174905,31,4,,1,14,,1174937,49,4,,1,16,,1174951,31,4,,1,54,,1174939,49,4,,1,15,,1174949,31,4,,1,15,,1174958,49,4,,1,15,,1174907,31,4,,1,55,,1174911,49,4,,1,15,,1090096,31,4,,1,15,,1174961,49,4,,1,15,,1174896,31,4,,1,55,,1174895,49,4,,1,15,,1174954,31,4,,1,15,,1096229,49,4,,1,15,,1174960,31,4,,1,55,,1174953,49,4,,1,16,,1174898,31,4,,1,10,,1174927,49,4,,1,13,,1174918,31,4,,1,4,,1174912,31,4,,1,61,,1085342,49,4,,1,10,,1174917,31,4,,1,8,,1174922,31,4,,1,12,,1174948,49,4,,1,12,,1174924,31,4,,1,51,,1174897,31,4,,1,9,,1174913,49,4,,1,12,,1103079,49,4,,1,10,,1174928,49,4,,1,8,,1174906,49,4,,1,10,,1066316,49,4,,1,47,,1174963,49,4,,1,10,,1174915,49,4,,1,13,,1174925,49,4,,1,17,,1093934,49,4,,1,13,,1174920,49,4,,1,46,,1090625,49,4,,1,9,,1097629,49,4,,1,8,,1174923,49,4,,1,11,,1174964,49,4,,1,18,,1174931,49,4,,1,53,,1174943,49,4,,1,8,,1078084,49,4,,1,19,,1174959,49,4,,1,14,,1174956,31,4,,1,13,,925060,49,4,,1,54,,1174926,31,4,,1,15,,1174965,49,4,,1,13,,1079291,31,4,,1,15,,1174910,49,4,,1,53,,1174938,31,4,,1,15,,1174900,49,4,,1,15,,1174966,49,4,,1,20,,1174929,49,4,,1,60,,1174909,49,4,,1,14,,1174919,49,4,,1,24,,1174902,49,4,,1,57,,1174942,48,4,,1,21,,1174950,48,4,,1,26,,1174932,48,4,,1,69,,1174933,48,4,,1,33,,1174936,48,4,,1,70,,1174955,48,4,,1
8800,'11',458,,1175006,48,4,,1,74,,1175019,48,4,,1,73,,1175007,48,4,,1,32,,1175012,48,4,,1,17,,1175016,48,4,,1,57,,1174988,48,4,,1,15,,1174993,48,4,,1,11,,888649,49,4,,1,12,,1174986,49,4,,1,51,,1175013,49,4,,1,12,,1175018,49,4,,1,10,,1175034,49,4,,1,10,,1175002,49,4,,1,11,,1175017,49,4,,1,15,,1174975,49,4,,1,57,,1174980,49,4,,1,13,,1174976,49,4,,1,14,,1061818,49,4,,1,14,,1174971,49,4,,1,54,,1175024,49,4,,1,15,,1174977,31,4,,1,14,,1175009,49,4,,1,16,,1175023,31,4,,1,54,,1175011,49,4,,1,15,,1175021,31,4,,1,15,,1175030,49,4,,1,15,,1174979,31,4,,1,55,,1174983,49,4,,1,15,,1090284,31,4,,1,15,,1175033,49,4,,1,15,,1174968,31,4,,1,55,,1174967,49,4,,1,15,,1175026,31,4,,1,15,,1096504,49,4,,1,15,,1175032,31,4,,1,55,,1175025,49,4,,1,16,,1174970,31,4,,1,10,,1174999,49,4,,1,13,,1174990,31,4,,1,4,,1174984,31,4,,1,61,,1085679,49,4,,1,10,,1174989,31,4,,1,8,,1174994,31,4,,1,12,,1175020,49,4,,1,12,,1174996,31,4,,1,51,,1174969,31,4,,1,9,,1174985,49,4,,1,12,,1103103,49,4,,1,10,,1175000,49,4,,1,8,,1174978,49,4,,1,10,,1066605,49,4,,1,47,,1175035,49,4,,1,10,,1174987,49,4,,1,13,,1174997,49,4,,1,17,,1094217,49,4,,1,13,,1174992,49,4,,1,46,,1090937,49,4,,1,9,,1097921,49,4,,1,8,,1174995,49,4,,1,11,,1175036,49,4,,1,18,,1175003,49,4,,1,53,,1175015,49,4,,1,8,,1078358,49,4,,1,19,,1175031,49,4,,1,14,,1175028,31,4,,1,13,,924898,49,4,,1,54,,1174998,31,4,,1,15,,1175037,49,4,,1,13,,1079310,31,4,,1,15,,1174982,49,4,,1,53,,1175010,31,4,,1,15,,1174972,49,4,,1,15,,1175038,49,4,,1,20,,1175001,49,4,,1,60,,1174981,49,4,,1,14,,1174991,49,4,,1,24,,1174974,49,4,,1,57,,1175014,48,4,,1,21,,1175022,48,4,,1,26,,1175004,48,4,,1,69,,1175005,48,4,,1,33,,1175008,48,4,,1,70,,1175027,48,4,,1
8800,'12',458,,1175101,48,4,,1,74,,1175108,48,4,,1,73,,1175053,48,4,,1,32,,1175084,48,4,,1,17,,1175104,48,4,,1,57,,1100935,48,4,,1,15,,1175066,48,4,,1,11,,1175074,49,4,,1,12,,1175049,49,4,,1,51,,1175107,49,4,,1,12,,1175096,49,4,,1,10,,1175052,49,4,,1,10,,1175060,49,4,,1,11,,1175048,49,4,,1,15,,1175040,49,4,,1,57,,1175070,49,4,,1,13,,1175071,49,4,,1,14,,1175059,49,4,,1,14,,1095863,49,4,,1,54,,1175073,49,4,,1,15,,1175095,31,4,,1,14,,1175091,49,4,,1,16,,916390,31,4,,1,54,,1175050,49,4,,1,15,,1175057,31,4,,1,15,,1081292,49,4,,1,15,,1175081,31,4,,1,55,,1175069,49,4,,1,15,,1175056,31,4,,1,15,,1175082,49,4,,1,15,,1175075,31,4,,1,55,,1175076,49,4,,1,15,,1175078,31,4,,1,15,,1175085,49,4,,1,15,,1175065,31,4,,1,55,,1175055,49,4,,1,16,,1175051,31,4,,1,10,,1175109,49,4,,1,13,,1175043,31,4,,1,4,,1175063,31,4,,1,61,,1175099,49,4,,1,10,,1033979,31,4,,1,8,,1175072,31,4,,1,12,,1175062,49,4,,1,12,,1175080,31,4,,1,51,,1092384,31,4,,1,9,,1175045,49,4,,1,12,,1175042,49,4,,1,10,,1175047,49,4,,1,8,,1175079,49,4,,1,10,,1175077,49,4,,1,47,,1175089,49,4,,1,10,,1175093,49,4,,1,13,,1091212,49,4,,1,17,,1175054,49,4,,1,13,,1175102,49,4,,1,46,,1175094,49,4,,1,9,,1072797,49,4,,1,8,,1175039,49,4,,1,11,,1175067,49,4,,1,18,,1175064,49,4,,1,53,,1175090,49,4,,1,8,,1175088,49,4,,1,19,,1175092,49,4,,1,14,,1036325,31,4,,1,13,,1175100,49,4,,1,54,,1175103,31,4,,1,15,,1175098,49,4,,1,13,,1175087,31,4,,1,15,,1074472,49,4,,1,53,,1065750,31,4,,1,15,,1080434,49,4,,1,15,,1175105,49,4,,1,20,,1073392,49,4,,1,60,,1175058,49,4,,1,14,,1175086,49,4,,1,24,,1175061,49,4,,1,57,,1175044,48,4,,1,21,,1175068,48,4,,1,26,,1096087,48,4,,1,69,,1175041,48,4,,1,33,,1175083,48,4,,1,70,,1175046,48,4,,1
8800,'13',636,,1175113,48,4,,1,70,,1175125,48,4,,1,30,,1175133,48,4,,1,70,,1175141,48,4,,1,30,,1175135,48,4,,1,71,,1175136,48,4,,1,30,,1062928,48,4,,1,70,,1175110,48,4,,1,30,,1175139,48,4,,1,72,,1175131,48,4,,1,30,,1175129,48,4,,1,62,,1175117,48,4,,1,20,,1175144,48,4,,1,20,,1175122,48,4,,1,60,,1175134,48,4,,1,20,,1175145,48,4,,1,20,,1175132,48,4,,1,60,,1175120,48,4,,1,20,,1175138,48,4,,1,20,,1094758,48,4,,1,62,,1175128,48,4,,1,20,,1175142,48,4,,1,20,,1175127,48,4,,1,60,,1175112,48,4,,1,20,,1175116,48,4,,1,20,,1175124,48,4,,1,59,,1175123,48,4,,1,20,,1175137,48,4,,1,20,,1092089,48,4,,1,60,,1175118,48,4,,1,21,,1175140,48,4,,1,28,,1175114,48,4,,1,70,,1175147,48,4,,1,30,,1175130,48,4,,1,70,,1175149,48,4,,1,30,,1175126,48,4,,1,70,,1175121,48,4,,1,30,,1175119,48,4,,1,70,,1175111,48,4,,1,28,,1175148,48,4,,1,70,,1175143,48,4,,1,30,,1175115,48,4,,1,70,,1175146,48,4,,1
8800,'14',458,,1175195,48,4,,1,74,,1175209,48,4,,1,73,,1175196,48,4,,1,32,,1175201,48,4,,1,17,,1175205,48,4,,1,57,,1175177,48,4,,1,15,,1175182,48,4,,1,11,,1175164,49,4,,1,12,,1175175,49,4,,1,51,,1175202,49,4,,1,12,,1175208,49,4,,1,10,,1175226,49,4,,1,10,,1175191,49,4,,1,11,,1175207,49,4,,1,15,,1175162,49,4,,1,57,,1175169,49,4,,1,13,,1175163,49,4,,1,14,,1175223,49,4,,1,14,,1175156,49,4,,1,54,,1175214,49,4,,1,15,,1175166,31,4,,1,14,,1175198,49,4,,1,16,,1175213,31,4,,1,54,,1175200,49,4,,1,15,,1175211,31,4,,1,15,,1175220,49,4,,1,15,,1175168,31,4,,1,55,,1175172,49,4,,1,15,,1175165,31,4,,1,15,,1175225,49,4,,1,15,,1175151,31,4,,1,55,,1175150,49,4,,1,15,,1175216,31,4,,1,15,,1175234,49,4,,1,15,,1175222,31,4,,1,55,,1175215,49,4,,1,16,,1175154,31,4,,1,10,,1175188,49,4,,1,13,,1175179,31,4,,1,4,,1175173,31,4,,1,61,,1175224,49,4,,1,10,,1175178,31,4,,1,8,,1175183,31,4,,1,12,,1175210,49,4,,1,12,,1175185,31,4,,1,51,,1175152,31,4,,1,9,,1175174,49,4,,1,12,,1175159,49,4,,1,10,,1175189,49,4,,1,8,,1175167,49,4,,1,10,,1175229,49,4,,1,47,,1175228,49,4,,1,10,,1175176,49,4,,1,13,,1175186,49,4,,1,17,,1175227,49,4,,1,13,,1175181,49,4,,1,46,,1175158,49,4,,1,9,,1175206,49,4,,1,8,,1175184,49,4,,1,11,,1175230,49,4,,1,18,,1175192,49,4,,1,53,,1175204,49,4,,1,8,,1175155,49,4,,1,19,,1175221,49,4,,1,14,,1175218,31,4,,1,13,,1175153,49,4,,1,54,,1175187,31,4,,1,15,,1175232,49,4,,1,13,,1175231,31,4,,1,15,,1175171,49,4,,1,53,,1175199,31,4,,1,15,,1175157,49,4,,1,15,,1175233,49,4,,1,20,,1175190,49,4,,1,60,,1175170,49,4,,1,14,,1175180,49,4,,1,24,,1175161,49,4,,1,57,,1175203,48,4,,1,21,,1175212,48,4,,1,26,,1175193,48,4,,1,69,,1175194,48,4,,1,33,,1175197,48,4,,1,70,,1175217,48,4,,1
8800,'15',458,,1175298,48,4,,1,74,,1175282,48,4,,1,73,,1175308,48,4,,1,32,,1175248,48,4,,1,17,,1175264,48,4,,1,57,,1175265,48,4,,1,15,,1175268,48,4,,1,11,,1175263,49,4,,1,12,,1175312,49,4,,1,51,,1175292,49,4,,1,12,,1175244,49,4,,1,10,,1175314,49,4,,1,10,,1175294,49,4,,1,11,,1175238,49,4,,1,15,,1175283,49,4,,1,57,,1175304,49,4,,1,13,,1175236,49,4,,1,14,,1175269,49,4,,1,14,,1175290,49,4,,1,54,,1175277,49,4,,1,15,,1175285,31,4,,1,14,,1175276,49,4,,1,16,,1175307,31,4,,1,54,,1175309,49,4,,1,15,,1175289,31,4,,1,15,,1175251,49,4,,1,15,,1175256,31,4,,1,55,,1175293,49,4,,1,15,,1175271,31,4,,1,15,,1175261,49,4,,1,15,,1175258,31,4,,1,55,,1175257,49,4,,1,15,,1175280,31,4,,1,15,,1175313,49,4,,1,15,,1175237,31,4,,1,55,,1175249,49,4,,1,16,,1175317,31,4,,1,10,,1175306,49,4,,1,13,,1175281,31,4,,1,4,,1175315,31,4,,1,61,,1175252,49,4,,1,10,,1175301,31,4,,1,8,,1175245,31,4,,1,12,,1175296,49,4,,1,12,,1175266,31,4,,1,51,,1175275,31,4,,1,9,,1175262,49,4,,1,12,,1175310,49,4,,1,10,,1175319,49,4,,1,8,,1175302,49,4,,1,10,,1175297,49,4,,1,47,,1175254,49,4,,1,10,,1175318,49,4,,1,13,,1175274,49,4,,1,17,,1175303,49,4,,1,13,,1175291,49,4,,1,46,,1175255,49,4,,1,9,,1175287,49,4,,1,8,,1175242,49,4,,1,11,,1175286,49,4,,1,18,,1175278,49,4,,1,53,,1175259,49,4,,1,8,,1175253,49,4,,1,19,,1175240,49,4,,1,14,,1175272,31,4,,1,13,,1175279,49,4,,1,54,,1175243,31,4,,1,15,,1175239,49,4,,1,13,,1175300,31,4,,1,15,,1175316,49,4,,1,53,,1175246,31,4,,1,15,,1175295,49,4,,1,15,,1175260,49,4,,1,20,,1175273,49,4,,1,60,,1175311,49,4,,1,14,,1175270,49,4,,1,24,,1175241,49,4,,1,57,,1175235,48,4,,1,21,,1175250,48,4,,1,26,,1175267,48,4,,1,69,,1175288,48,4,,1,33,,1175299,48,4,,1,70,,1175247,48,4,,1
8800,'16',458,,1175390,48,4,,1,74,,1175396,48,4,,1,73,,1175345,48,4,,1,32,,1175375,48,4,,1,17,,1175392,48,4,,1,57,,1175388,48,4,,1,15,,1175358,48,4,,1,11,,1175365,49,4,,1,12,,1175341,49,4,,1,51,,1068049,49,4,,1,12,,1175387,49,4,,1,10,,1175344,49,4,,1,10,,1175352,49,4,,1,11,,1175340,49,4,,1,15,,1175330,49,4,,1,57,,1085628,49,4,,1,13,,1175362,49,4,,1,14,,1175351,49,4,,1,14,,1175321,49,4,,1,54,,1175364,49,4,,1,15,,1175386,31,4,,1,14,,1175382,49,4,,1,16,,1175326,31,4,,1,54,,1175342,49,4,,1,15,,1175349,31,4,,1,15,,1175325,49,4,,1,15,,1175372,31,4,,1,55,,1175361,49,4,,1,15,,1175348,31,4,,1,15,,1175373,49,4,,1,15,,1175366,31,4,,1,55,,1175367,49,4,,1,15,,1175369,31,4,,1,15,,1175376,49,4,,1,15,,1175357,31,4,,1,55,,1175347,49,4,,1,16,,1175343,31,4,,1,10,,1083655,49,4,,1,13,,1175332,31,4,,1,4,,1175355,31,4,,1,61,,1175389,49,4,,1,10,,1175337,31,4,,1,8,,1175363,31,4,,1,12,,1175354,49,4,,1,12,,1175371,31,4,,1,51,,1175334,31,4,,1,9,,1175336,49,4,,1,12,,1175331,49,4,,1,10,,1175339,49,4,,1,8,,1175370,49,4,,1,10,,1175368,49,4,,1,47,,1175380,49,4,,1,10,,1175384,49,4,,1,13,,1175335,49,4,,1,17,,1175346,49,4,,1,13,,1175391,49,4,,1,46,,1175385,49,4,,1,9,,1175322,49,4,,1,8,,1175323,49,4,,1,11,,1175359,49,4,,1,18,,1175356,49,4,,1,53,,1175381,49,4,,1,8,,1175379,49,4,,1,19,,1175383,49,4,,1,14,,1175320,31,4,,1,13,,984123,49,4,,1,54,,1071315,31,4,,1,15,,1063675,49,4,,1,13,,1175378,31,4,,1,15,,1175327,49,4,,1,53,,1175393,31,4,,1,15,,1175329,49,4,,1,15,,1175394,49,4,,1,20,,1175324,49,4,,1,60,,1175350,49,4,,1,14,,1175377,49,4,,1,24,,1175353,49,4,,1,57,,1175333,48,4,,1,21,,1175360,48,4,,1,26,,1175328,48,4,,1,69,,1072854,48,4,,1,33,,1175374,48,4,,1,70,,1175338,48,4,,1
8800,'17',636,,1175400,48,4,,1,70,,1175414,48,4,,1,30,,1175422,48,4,,1,70,,1175430,48,4,,1,30,,1175424,48,4,,1,71,,1175425,48,4,,1,30,,1175407,48,4,,1,70,,1175397,48,4,,1,30,,1175428,48,4,,1,72,,1175420,48,4,,1,30,,1175418,48,4,,1,62,,1175405,48,4,,1,20,,1175433,48,4,,1,20,,1175411,48,4,,1,60,,1175423,48,4,,1,20,,1175434,48,4,,1,20,,1175421,48,4,,1,60,,1175409,48,4,,1,20,,1175427,48,4,,1,20,,1175435,48,4,,1,62,,1175417,48,4,,1,20,,1175431,48,4,,1,20,,1175416,48,4,,1,60,,1175399,48,4,,1,20,,1175404,48,4,,1,20,,1175413,48,4,,1,59,,1175412,48,4,,1,20,,1175426,48,4,,1,20,,1175401,48,4,,1,60,,1175406,48,4,,1,21,,1175429,48,4,,1,28,,1175402,48,4,,1,70,,1175437,48,4,,1,30,,1175419,48,4,,1,70,,1175439,48,4,,1,30,,1175415,48,4,,1,70,,1175410,48,4,,1,30,,1175408,48,4,,1,70,,1175398,48,4,,1,28,,1175438,48,4,,1,70,,1175432,48,4,,1,30,,1175403,48,4,,1,70,,1175436,48,4,,1
8800,'2',545,,1175482,48,4,,1,68,,1175462,48,4,,1,30,,1175486,48,4,,1,70,,1088422,48,4,,1,30,,1175445,48,4,,1,70,,1175451,48,4,,1,30,,1175456,48,4,,1,71,,1175481,48,4,,1,30,,1175443,48,4,,1,56,,1092317,30,4,,1,16,,1175458,48,4,,1,17,,1175444,30,4,,1,17,,1175488,48,4,,1,55,,1175479,30,4,,1,15,,1175492,48,4,,1,15,,1175442,30,4,,1,16,,1175487,48,4,,1,55,,1175483,30,4,,1,15,,1175472,48,4,,1,15,,1001143,30,4,,1,16,,1175463,48,4,,1,55,,1175449,30,4,,1,17,,1175475,48,4,,1,15,,1175469,30,4,,1,15,,1175450,48,4,,1,55,,1175496,30,4,,1,15,,1175455,48,4,,1,16,,1089900,30,4,,1,16,,1175467,48,4,,1,55,,1175494,30,4,,1,15,,1175477,48,4,,1,15,,1175441,30,4,,1,15,,1175447,48,4,,1,55,,1175461,30,4,,1,15,,1175452,48,4,,1,14,,1175459,30,4,,1,15,,1175471,48,4,,1,55,,1175480,30,4,,1,15,,1175485,48,4,,1,15,,1175440,30,4,,1,15,,1175466,48,4,,1,55,,1175473,30,4,,1,15,,1175454,48,4,,1,14,,1175468,30,4,,1,14,,1175453,48,4,,1,55,,1175489,30,4,,1,15,,1175490,48,4,,1,15,,1175478,30,4,,1,15,,1175460,48,4,,1,55,,1175446,30,4,,1,15,,1175470,48,4,,1,15,,1175464,30,4,,1,15,,1175474,48,4,,1,70,,1175476,48,4,,1,30,,1175495,48,4,,1,70,,1175457,48,4,,1,28,,1175493,48,4,,1,70,,1175465,48,4,,1,30,,1175448,48,4,,1,70,,1175491,48,4,,1,30,,1094457,48,4,,1,81,,1175484,48,4,,1
8800,'3',636,,1175500,48,4,,1,70,,1175514,48,4,,1,30,,1175522,48,4,,1,70,,1175530,48,4,,1,30,,1175524,48,4,,1,71,,1175525,48,4,,1,30,,1175507,48,4,,1,70,,1175497,48,4,,1,30,,1175528,48,4,,1,72,,1175520,48,4,,1,30,,1175518,48,4,,1,62,,1175505,48,4,,1,20,,1175533,48,4,,1,20,,1175511,48,4,,1,60,,1175523,48,4,,1,20,,1175534,48,4,,1,20,,1175521,48,4,,1,60,,1175509,48,4,,1,20,,1175527,48,4,,1,20,,1175535,48,4,,1,62,,1175517,48,4,,1,20,,1175531,48,4,,1,20,,1175516,48,4,,1,60,,1175499,48,4,,1,20,,1175504,48,4,,1,20,,1175513,48,4,,1,59,,1175512,48,4,,1,20,,1175526,48,4,,1,20,,1175501,48,4,,1,60,,1175506,48,4,,1,21,,1175529,48,4,,1,28,,1175502,48,4,,1,70,,1175537,48,4,,1,30,,1175519,48,4,,1,70,,1175539,48,4,,1,30,,1175515,48,4,,1,70,,1175510,48,4,,1,30,,1175508,48,4,,1,70,,1175498,48,4,,1,28,,1175538,48,4,,1,70,,1175532,48,4,,1,30,,1175503,48,4,,1,70,,1175536,48,4,,1
8800,'4',636,,1175565,48,4,,1,70,,1175556,48,4,,1,30,,1175575,48,4,,1,70,,1073785,48,4,,1,30,,1175545,48,4,,1,71,,1175570,48,4,,1,30,,1175577,48,4,,1,70,,1175572,48,4,,1,30,,1175551,48,4,,1,72,,1175540,48,4,,1,30,,1175541,48,4,,1,62,,1175564,48,4,,1,20,,1175547,48,4,,1,20,,1175554,48,4,,1,60,,1175580,48,4,,1,20,,1175567,48,4,,1,20,,1175574,48,4,,1,60,,1175563,48,4,,1,20,,1175550,48,4,,1,20,,1175555,48,4,,1,62,,1175566,48,4,,1,20,,1175560,48,4,,1,20,,1175579,48,4,,1,60,,1175571,48,4,,1,20,,1175553,48,4,,1,20,,1175569,48,4,,1,59,,1175561,48,4,,1,20,,1175559,48,4,,1,20,,1175573,48,4,,1,60,,1175542,48,4,,1,21,,1175562,48,4,,1,28,,1175576,48,4,,1,70,,1175568,48,4,,1,30,,1175548,48,4,,1,70,,1175578,48,4,,1,30,,1175549,48,4,,1,70,,1175543,48,4,,1,30,,1175552,48,4,,1,70,,1080430,48,4,,1,28,,1175557,48,4,,1,70,,1175558,48,4,,1,30,,1175546,48,4,,1,70,,1175544,48,4,,1
8800,'5',458,,1175620,48,4,,1,74,,1175633,48,4,,1,73,,1175621,48,4,,1,32,,1175626,48,4,,1,17,,1175630,48,4,,1,57,,1175602,48,4,,1,15,,1175607,48,4,,1,11,,888973,49,4,,1,12,,1175600,49,4,,1,51,,1175627,49,4,,1,12,,1175632,49,4,,1,10,,1175648,49,4,,1,10,,1175616,49,4,,1,11,,1175631,49,4,,1,15,,1175589,49,4,,1,57,,1175594,49,4,,1,13,,1175590,49,4,,1,14,,1061709,49,4,,1,14,,1175585,49,4,,1,54,,1175638,49,4,,1,15,,1175591,31,4,,1,14,,1175623,49,4,,1,16,,1175637,31,4,,1,54,,1175625,49,4,,1,15,,1175635,31,4,,1,15,,1175644,49,4,,1,15,,1175593,31,4,,1,55,,1175597,49,4,,1,15,,1090217,31,4,,1,15,,1175647,49,4,,1,15,,1175582,31,4,,1,55,,1175581,49,4,,1,15,,1175640,31,4,,1,15,,1096418,49,4,,1,15,,1175646,31,4,,1,55,,1175639,49,4,,1,16,,1175584,31,4,,1,10,,1175613,49,4,,1,13,,1175604,31,4,,1,4,,1175598,31,4,,1,61,,1085555,49,4,,1,10,,1175603,31,4,,1,8,,1175608,31,4,,1,12,,1175634,49,4,,1,12,,1175610,31,4,,1,51,,1175583,31,4,,1,9,,1175599,49,4,,1,12,,1103091,49,4,,1,10,,1175614,49,4,,1,8,,1175592,49,4,,1,10,,1066499,49,4,,1,47,,1175649,49,4,,1,10,,1175601,49,4,,1,13,,1175611,49,4,,1,17,,1094115,49,4,,1,13,,1175606,49,4,,1,46,,1090832,49,4,,1,9,,1097808,49,4,,1,8,,1175609,49,4,,1,11,,1175650,49,4,,1,18,,1175617,49,4,,1,53,,1175629,49,4,,1,8,,1078258,49,4,,1,19,,1175645,49,4,,1,14,,1175642,31,4,,1,13,,925214,49,4,,1,54,,1175612,31,4,,1,15,,1175651,49,4,,1,13,,1079301,31,4,,1,15,,1175596,49,4,,1,53,,1175624,31,4,,1,15,,1175586,49,4,,1,15,,1175652,49,4,,1,20,,1175615,49,4,,1,60,,1175595,49,4,,1,14,,1175605,49,4,,1,24,,1175588,49,4,,1,57,,1175628,48,4,,1,21,,1175636,48,4,,1,26,,1175618,48,4,,1,69,,1175619,48,4,,1,33,,1175622,48,4,,1,70,,1175641,48,4,,1
8800,'6',458,,1078856,48,4,,1,74,,1050649,48,4,,1,73,,1175675,48,4,,1,32,,1175703,48,4,,1,17,,1102908,48,4,,1,57,,1175714,48,4,,1,15,,1175686,48,4,,1,11,,1175693,49,4,,1,12,,1175671,49,4,,1,51,,1175720,49,4,,1,12,,1088977,49,4,,1,10,,1175674,49,4,,1,10,,1175682,49,4,,1,11,,1175670,49,4,,1,15,,1071525,49,4,,1,57,,1175689,49,4,,1,13,,1175690,49,4,,1,14,,1175681,49,4,,1,14,,1175654,49,4,,1,54,,1175692,49,4,,1,15,,1175713,31,4,,1,14,,1175710,49,4,,1,16,,1175659,31,4,,1,54,,1175672,49,4,,1,15,,1175679,31,4,,1,15,,1175658,49,4,,1,15,,1175700,31,4,,1,55,,1175688,49,4,,1,15,,1175678,31,4,,1,15,,1175701,49,4,,1,15,,1175694,31,4,,1,55,,1175695,49,4,,1,15,,1175697,31,4,,1,15,,1175704,49,4,,1,15,,1085718,31,4,,1,55,,1175677,49,4,,1,16,,1175673,31,4,,1,10,,1175721,49,4,,1,13,,1089842,31,4,,1,4,,1175685,31,4,,1,61,,1025226,49,4,,1,10,,1175667,31,4,,1,8,,1175691,31,4,,1,12,,1175684,49,4,,1,12,,1175699,31,4,,1,51,,1175665,31,4,,1,9,,1012897,49,4,,1,12,,1043977,49,4,,1,10,,1175669,49,4,,1,8,,1175698,49,4,,1,10,,1175696,49,4,,1,47,,1175708,49,4,,1,10,,1175711,49,4,,1,13,,1175666,49,4,,1,17,,1175676,49,4,,1,13,,1076757,49,4,,1,46,,1175712,49,4,,1,9,,1175655,49,4,,1,8,,1175656,49,4,,1,11,,1098729,49,4,,1,18,,1077715,49,4,,1,53,,1175709,49,4,,1,8,,1175707,49,4,,1,19,,995736,49,4,,1,14,,1175653,31,4,,1,13,,1175717,49,4,,1,54,,1175718,31,4,,1,15,,1175716,49,4,,1,13,,1175706,31,4,,1,15,,1175660,49,4,,1,53,,1175719,31,4,,1,15,,1175662,49,4,,1,15,,1068586,49,4,,1,20,,1175657,49,4,,1,60,,1175680,49,4,,1,14,,1175705,49,4,,1,24,,1175683,49,4,,1,57,,1175664,48,4,,1,21,,1175687,48,4,,1,26,,1175661,48,4,,1,69,,1175663,48,4,,1,33,,1175702,48,4,,1,70,,1175668,48,4,,1
8800,'7',545,,1175764,48,4,,1,68,,1175780,48,4,,1,30,,1175768,48,4,,1,70,,1175743,48,4,,1,30,,1175725,48,4,,1,70,,1175782,48,4,,1,30,,1175734,48,4,,1,71,,1175766,48,4,,1,30,,1175729,48,4,,1,56,,1175749,30,4,,1,16,,1175760,48,4,,1,17,,1175751,30,4,,1,17,,1175732,48,4,,1,55,,1175733,30,4,,1,15,,1175731,48,4,,1,15,,1175726,30,4,,1,16,,1175730,48,4,,1,55,,1175744,30,4,,1,15,,1175753,48,4,,1,15,,1175774,30,4,,1,16,,1175747,48,4,,1,55,,1175761,30,4,,1,17,,1175754,48,4,,1,15,,1175778,30,4,,1,15,,1175750,48,4,,1,55,,1175736,30,4,,1,15,,1175758,48,4,,1,16,,1175763,30,4,,1,16,,1175781,48,4,,1,55,,1175775,30,4,,1,15,,1175735,48,4,,1,15,,1175727,30,4,,1,15,,1175722,48,4,,1,55,,1175772,30,4,,1,15,,1175724,48,4,,1,14,,1175756,30,4,,1,15,,1175770,48,4,,1,55,,1175741,30,4,,1,15,,1175776,48,4,,1,15,,1175769,30,4,,1,15,,1175748,48,4,,1,55,,1175777,30,4,,1,15,,1175728,48,4,,1,14,,1175783,30,4,,1,14,,1175762,48,4,,1,55,,1175752,30,4,,1,15,,1175746,48,4,,1,15,,1175742,30,4,,1,15,,1175767,48,4,,1,55,,1175745,30,4,,1,15,,1175740,48,4,,1,15,,1175738,30,4,,1,15,,1175723,48,4,,1,70,,1175757,48,4,,1,30,,1175773,48,4,,1,70,,1175737,48,4,,1,28,,1175765,48,4,,1,70,,1175759,48,4,,1,30,,1175739,48,4,,1,70,,1175771,48,4,,1,30,,1175779,48,4,,1,81,,1175755,48,4,,1
8800,'8',458,,1175859,48,4,,1,74,,1175867,48,4,,1,73,,1175810,48,4,,1,32,,1175841,48,4,,1,17,,1175862,48,4,,1,57,,1175854,48,4,,1,15,,1175823,48,4,,1,11,,1175831,49,4,,1,12,,1175806,49,4,,1,51,,1175866,49,4,,1,12,,1175853,49,4,,1,10,,1175809,49,4,,1,10,,1175817,49,4,,1,11,,1175805,49,4,,1,15,,1175794,49,4,,1,57,,1175827,49,4,,1,13,,1175828,49,4,,1,14,,1175816,49,4,,1,14,,1175785,49,4,,1,54,,1175830,49,4,,1,15,,1175852,31,4,,1,14,,1175848,49,4,,1,16,,1175790,31,4,,1,54,,1175807,49,4,,1,15,,1175814,31,4,,1,15,,1175789,49,4,,1,15,,1175838,31,4,,1,55,,1175826,49,4,,1,15,,1175813,31,4,,1,15,,1175839,49,4,,1,15,,1175832,31,4,,1,55,,1175833,49,4,,1,15,,1175835,31,4,,1,15,,1175842,49,4,,1,15,,1175822,31,4,,1,55,,1175812,49,4,,1,16,,1175808,31,4,,1,10,,1175868,49,4,,1,13,,1175797,31,4,,1,4,,1175820,31,4,,1,61,,1175857,49,4,,1,10,,1175802,31,4,,1,8,,1175829,31,4,,1,12,,1175819,49,4,,1,12,,1175837,31,4,,1,51,,1175799,31,4,,1,9,,1175801,49,4,,1,12,,1175796,49,4,,1,10,,1175804,49,4,,1,8,,1175836,49,4,,1,10,,1175834,49,4,,1,47,,1175846,49,4,,1,10,,1175850,49,4,,1,13,,1175800,49,4,,1,17,,1175811,49,4,,1,13,,1175860,49,4,,1,46,,1175851,49,4,,1,9,,1175786,49,4,,1,8,,1175787,49,4,,1,11,,1175824,49,4,,1,18,,1175821,49,4,,1,53,,1175847,49,4,,1,8,,1175845,49,4,,1,19,,1175849,49,4,,1,14,,1175784,31,4,,1,13,,1175858,49,4,,1,54,,1175861,31,4,,1,15,,1175856,49,4,,1,13,,1175844,31,4,,1,15,,1175791,49,4,,1,53,,1175863,31,4,,1,15,,1175793,49,4,,1,15,,1175864,49,4,,1,20,,1175788,49,4,,1,60,,1175815,49,4,,1,14,,1175843,49,4,,1,24,,1175818,49,4,,1,57,,1175798,48,4,,1,21,,1175825,48,4,,1,26,,1175792,48,4,,1,69,,1175795,48,4,,1,33,,1175840,48,4,,1,70,,1175803,48,4,,1
8800,'9',458,,1175908,48,4,,1,74,,1175921,48,4,,1,73,,1175909,48,4,,1,32,,1175914,48,4,,1,17,,1175918,48,4,,1,57,,1175890,48,4,,1,15,,1175895,48,4,,1,11,,888857,49,4,,1,12,,1175888,49,4,,1,51,,1175915,49,4,,1,12,,1175920,49,4,,1,10,,1175936,49,4,,1,10,,1175904,49,4,,1,11,,1175919,49,4,,1,15,,1175877,49,4,,1,57,,1175882,49,4,,1,13,,1175878,49,4,,1,14,,1061594,49,4,,1,14,,1175873,49,4,,1,54,,1175926,49,4,,1,15,,1175879,31,4,,1,14,,1175911,49,4,,1,16,,1175925,31,4,,1,54,,1175913,49,4,,1,15,,1175923,31,4,,1,15,,1175932,49,4,,1,15,,1175881,31,4,,1,55,,1175885,49,4,,1,15,,1090144,31,4,,1,15,,1175935,49,4,,1,15,,1175870,31,4,,1,55,,1175869,49,4,,1,15,,1175928,31,4,,1,15,,1096291,49,4,,1,15,,1175934,31,4,,1,55,,1175927,49,4,,1,16,,1175872,31,4,,1,10,,1175901,49,4,,1,13,,1175892,31,4,,1,4,,1175886,31,4,,1,61,,1085424,49,4,,1,10,,1175891,31,4,,1,8,,1175896,31,4,,1,12,,1175922,49,4,,1,12,,1175898,31,4,,1,51,,1175871,31,4,,1,9,,1175887,49,4,,1,12,,1103085,49,4,,1,10,,1175902,49,4,,1,8,,1175880,49,4,,1,10,,1066383,49,4,,1,47,,1175937,49,4,,1,10,,1175889,49,4,,1,13,,1175899,49,4,,1,17,,1094004,49,4,,1,13,,1175894,49,4,,1,46,,1090697,49,4,,1,9,,1097697,49,4,,1,8,,1175897,49,4,,1,11,,1175938,49,4,,1,18,,1175905,49,4,,1,53,,1175917,49,4,,1,8,,1078154,49,4,,1,19,,1175933,49,4,,1,14,,1175930,31,4,,1,13,,925111,49,4,,1,54,,1175900,31,4,,1,15,,1175939,49,4,,1,13,,1079295,31,4,,1,15,,1175884,49,4,,1,53,,1175912,31,4,,1,15,,1175874,49,4,,1,15,,1175940,49,4,,1,20,,1175903,49,4,,1,60,,1175883,49,4,,1,14,,1175893,49,4,,1,24,,1175876,49,4,,1,57,,1175916,48,4,,1,21,,1175924,48,4,,1,26,,1175906,48,4,,1,69,,1175907,48,4,,1,33,,1175910,48,4,,1,70,,1175929,48,4,,1
8801,'1',416,,1175943,1,0,76,1,30,,891210,1,0,76,1,70,,1049769,1,0,76,1,30,,1175957,1,0,76,1,55,,1175981,1,0,76,1,14,,1175991,1,0,76,1,16,,1175985,1,0,76,1,10,,1175970,1,0,76,1,11,,1175999,1,0,76,1,51,,1175946,1,0,76,1,7,,1175976,1,0,76,1,10,,1175996,1,0,76,1,13,,1175964,1,0,76,1,7,,1175961,1,0,76,1,12,,1175956,1,0,76,1,52,,1175983,1,0,76,1,17,,1175990,1,0,76,1,13,,1033801,1,0,14,1,15,,1175947,1,0,76,1,54,,1175949,1,0,14,1,14,,1175952,1,0,76,1,15,,1176008,1,0,14,1,14,,1175955,1,0,76,1,55,,1175959,1,0,14,1,15,,1069344,1,0,76,1,15,,1175987,1,0,14,1,15,,1175980,1,0,76,1,55,,1175998,1,0,14,1,15,,1095237,1,0,76,1,15,,1175968,1,0,14,1,15,,1175982,1,0,76,1,55,,1064432,1,0,14,1,15,,1175969,1,0,76,1,15,,1175954,1,0,14,1,15,,1176010,1,0,76,1,55,,1175960,1,0,14,1,15,,1175965,1,0,76,1,15,,1175975,1,0,14,1,15,,1175992,1,0,76,1,55,,1175977,1,0,14,1,10,,1175989,1,0,76,1,8,,1175984,1,0,76,1,10,,1176001,1,0,76,1,12,,1097484,1,0,76,1,10,,1175942,1,0,76,1,50,,1176006,1,0,76,1,20,,1175994,1,0,76,1,13,,1175978,1,0,76,1,7,,1175986,1,0,76,1,10,,1175941,1,0,76,1,50,,1176011,1,0,76,1,10,,1176002,1,0,76,1,10,,1175972,1,0,76,1,10,,1176003,1,0,76,1,10,,1175993,1,0,76,1,10,,1175988,1,0,76,1,55,,1176005,1,0,76,1,15,,1176009,1,0,76,1,15,,1175971,1,0,76,1,15,,1175962,1,0,76,1,55,,1175963,1,0,76,1,15,,1175997,1,0,76,1,15,,1175974,1,0,76,1,15,,1067628,1,0,76,1,60,,1175979,1,0,76,1,20,,1175945,1,0,76,1,21,,1175973,1,0,76,1,59,,1175995,1,0,76,1,20,,1175958,1,0,76,1,18,,1176000,1,0,76,1,62,,1175966,1,0,76,1,20,,1175953,1,0,76,1,20,,1176004,1,0,76,1,60,,1175950,1,0,76,1,20,,1060640,1,0,76,1,70,,1176007,1,0,76,1,30,,1175951,1,0,76,1,70,,1032821,1,0,76,1,30,,1175967,1,0,76,1,70,,1175948,1,0,76,1
8801,'10',416,,1176014,1,0,76,1,30,,891258,1,0,76,1,70,,1049883,1,0,76,1,30,,1176028,1,0,76,1,55,,1176052,1,0,76,1,14,,1176062,1,0,76,1,16,,1176056,1,0,76,1,10,,1176041,1,0,76,1,11,,1176070,1,0,76,1,51,,1176017,1,0,76,1,7,,1176047,1,0,76,1,10,,1176067,1,0,76,1,13,,1176035,1,0,76,1,7,,1176032,1,0,76,1,12,,1176027,1,0,76,1,52,,1176054,1,0,76,1,17,,1176061,1,0,76,1,13,,1033920,1,0,14,1,15,,1176018,1,0,76,1,54,,1176020,1,0,14,1,14,,1176023,1,0,76,1,15,,1176079,1,0,14,1,14,,1176026,1,0,76,1,55,,1176030,1,0,14,1,15,,1069187,1,0,76,1,15,,1176058,1,0,14,1,15,,1176051,1,0,76,1,55,,1176069,1,0,14,1,15,,1094991,1,0,76,1,15,,1176039,1,0,14,1,15,,1176053,1,0,76,1,55,,1064271,1,0,14,1,15,,1176040,1,0,76,1,15,,1176025,1,0,14,1,15,,1176081,1,0,76,1,55,,1176031,1,0,14,1,15,,1176036,1,0,76,1,15,,1176046,1,0,14,1,15,,1176063,1,0,76,1,55,,1176048,1,0,14,1,10,,1176060,1,0,76,1,8,,1176055,1,0,76,1,10,,1176072,1,0,76,1,12,,1097247,1,0,76,1,10,,1176013,1,0,76,1,50,,1176077,1,0,76,1,20,,1176065,1,0,76,1,13,,1176049,1,0,76,1,7,,1176057,1,0,76,1,10,,1176012,1,0,76,1,50,,1176082,1,0,76,1,10,,1176073,1,0,76,1,10,,1176043,1,0,76,1,10,,1176074,1,0,76,1,10,,1176064,1,0,76,1,10,,1176059,1,0,76,1,55,,1176076,1,0,76,1,15,,1176080,1,0,76,1,15,,1176042,1,0,76,1,15,,1176033,1,0,76,1,55,,1176034,1,0,76,1,15,,1176068,1,0,76,1,15,,1176045,1,0,76,1,15,,1067559,1,0,76,1,60,,1176050,1,0,76,1,20,,1176016,1,0,76,1,21,,1176044,1,0,76,1,59,,1176066,1,0,76,1,20,,1176029,1,0,76,1,18,,1176071,1,0,76,1,62,,1176037,1,0,76,1,20,,1176024,1,0,76,1,20,,1176075,1,0,76,1,60,,1176021,1,0,76,1,20,,1060650,1,0,76,1,70,,1176078,1,0,76,1,30,,1176022,1,0,76,1,70,,1032998,1,0,76,1,30,,1176038,1,0,76,1,70,,1176019,1,0,76,1
8801,'11',416,,1176085,1,0,76,1,30,,891114,1,0,76,1,70,,1049736,1,0,76,1,30,,1176099,1,0,76,1,55,,1176123,1,0,76,1,14,,1176133,1,0,76,1,16,,1176127,1,0,76,1,10,,1176112,1,0,76,1,11,,1176141,1,0,76,1,51,,1176088,1,0,76,1,7,,1176118,1,0,76,1,10,,1176138,1,0,76,1,13,,1176106,1,0,76,1,7,,1176103,1,0,76,1,12,,1176098,1,0,76,1,52,,1176125,1,0,76,1,17,,1176132,1,0,76,1,13,,1033766,1,0,14,1,15,,1176089,1,0,76,1,54,,1176091,1,0,14,1,14,,1176094,1,0,76,1,15,,1176150,1,0,14,1,14,,1176097,1,0,76,1,55,,1176101,1,0,14,1,15,,1069383,1,0,76,1,15,,1176129,1,0,14,1,15,,1176122,1,0,76,1,55,,1176140,1,0,14,1,15,,1095311,1,0,76,1,15,,1176110,1,0,14,1,15,,1176124,1,0,76,1,55,,1064484,1,0,14,1,15,,1176111,1,0,76,1,15,,1176096,1,0,14,1,15,,1176152,1,0,76,1,55,,1176102,1,0,14,1,15,,1176107,1,0,76,1,15,,1176117,1,0,14,1,15,,1176134,1,0,76,1,55,,1176119,1,0,14,1,10,,1176131,1,0,76,1,8,,1176126,1,0,76,1,10,,1176143,1,0,76,1,12,,1097553,1,0,76,1,10,,1176084,1,0,76,1,50,,1176148,1,0,76,1,20,,1176136,1,0,76,1,13,,1176120,1,0,76,1,7,,1176128,1,0,76,1,10,,1176083,1,0,76,1,50,,1176153,1,0,76,1,10,,1176144,1,0,76,1,10,,1176114,1,0,76,1,10,,1176145,1,0,76,1,10,,1176135,1,0,76,1,10,,1176130,1,0,76,1,55,,1176147,1,0,76,1,15,,1176151,1,0,76,1,15,,1176113,1,0,76,1,15,,1176104,1,0,76,1,55,,1176105,1,0,76,1,15,,1176139,1,0,76,1,15,,1176116,1,0,76,1,15,,1067651,1,0,76,1,60,,1176121,1,0,76,1,20,,1176087,1,0,76,1,21,,1176115,1,0,76,1,59,,1176137,1,0,76,1,20,,1176100,1,0,76,1,18,,1176142,1,0,76,1,62,,1176108,1,0,76,1,20,,1176095,1,0,76,1,20,,1176146,1,0,76,1,60,,1176092,1,0,76,1,20,,1060637,1,0,76,1,70,,1176149,1,0,76,1,30,,1176093,1,0,76,1,70,,1032769,1,0,76,1,30,,1176109,1,0,76,1,70,,1176090,1,0,76,1
8801,'12',416,,1176178,1,0,76,1,30,,1176170,1,0,76,1,70,,1176172,1,0,76,1,30,,1176202,1,0,76,1,55,,1176196,1,0,76,1,14,,930563,1,0,76,1,16,,1069534,1,0,76,1,10,,1176156,1,0,76,1,11,,1176176,1,0,76,1,51,,1176217,1,0,76,1,7,,1176165,1,0,76,1,10,,1084685,1,0,76,1,13,,1176193,1,0,76,1,7,,1176194,1,0,76,1,12,,1176158,1,0,76,1,52,,1100937,1,0,76,1,17,,1176171,1,0,76,1,13,,1176208,1,0,14,1,15,,1176219,1,0,76,1,54,,1176187,1,0,14,1,14,,1176159,1,0,76,1,15,,1176188,1,0,14,1,14,,1176192,1,0,76,1,55,,1176164,1,0,14,1,15,,1020762,1,0,76,1,15,,1176166,1,0,14,1,15,,1176221,1,0,76,1,55,,1176198,1,0,14,1,15,,1176154,1,0,76,1,15,,1059984,1,0,14,1,15,,1176169,1,0,76,1,55,,979588,1,0,14,1,15,,1176179,1,0,76,1,15,,1176175,1,0,14,1,15,,1176209,1,0,76,1,55,,1176218,1,0,14,1,15,,1079071,1,0,76,1,15,,1176199,1,0,14,1,15,,1176210,1,0,76,1,55,,1176204,1,0,14,1,10,,1176206,1,0,76,1,8,,1176203,1,0,76,1,10,,1176184,1,0,76,1,12,,1176191,1,0,76,1,10,,1176215,1,0,76,1,50,,1058639,1,0,76,1,20,,1176186,1,0,76,1,13,,1176223,1,0,76,1,7,,1176160,1,0,76,1,10,,1176207,1,0,76,1,50,,1176173,1,0,76,1,10,,1176214,1,0,76,1,10,,1176167,1,0,76,1,10,,1176222,1,0,76,1,10,,1176190,1,0,76,1,10,,1176216,1,0,76,1,55,,1176200,1,0,76,1,15,,1176211,1,0,76,1,15,,1176220,1,0,76,1,15,,1176189,1,0,76,1,55,,1176174,1,0,76,1,15,,1176195,1,0,76,1,15,,1176177,1,0,76,1,15,,1176168,1,0,76,1,60,,1176224,1,0,76,1,20,,1176163,1,0,76,1,21,,1176180,1,0,76,1,59,,1176213,1,0,76,1,20,,1176197,1,0,76,1,18,,1176162,1,0,76,1,62,,1176155,1,0,76,1,20,,1176205,1,0,76,1,20,,1176183,1,0,76,1,60,,1090203,1,0,76,1,20,,1176185,1,0,76,1,70,,1176157,1,0,76,1,30,,1176212,1,0,76,1,70,,1176161,1,0,76,1,30,,1176201,1,0,76,1,70,,1176181,1,0,76,1
8801,'13',610,,1176245,1,0,76,1,30,,1176257,1,0,76,1,70,,1176242,1,0,76,1,30,,1176248,1,0,76,1,70,,1176228,1,0,76,1,30,,1176227,1,0,76,1,70,,1176263,1,0,76,1,30,,1176255,1,0,76,1,70,,1176229,1,0,76,1,30,,1176251,1,0,76,1,62,,1176238,1,0,76,1,20,,1176252,1,0,76,1,20,,1100506,1,0,76,1,60,,1176241,1,0,76,1,20,,1176235,1,0,76,1,20,,1176265,1,0,76,1,60,,1176226,1,0,76,1,20,,1099784,1,0,76,1,20,,1176259,1,0,76,1,60,,1176247,1,0,76,1,20,,1176234,1,0,76,1,20,,1176244,1,0,76,1,60,,1176232,1,0,76,1,20,,1176231,1,0,76,1,20,,1176240,1,0,76,1,60,,1176249,1,0,76,1,20,,1176250,1,0,76,1,20,,1176243,1,0,76,1,60,,1176262,1,0,76,1,26,,1176233,1,0,76,1,30,,1176230,1,0,76,1,70,,1176253,1,0,76,1,30,,1176256,1,0,76,1,70,,1176261,1,0,76,1,30,,1176236,1,0,76,1,70,,1176258,1,0,76,1,30,,1176254,1,0,76,1,70,,1176237,1,0,76,1,30,,1176264,1,0,76,1,70,,1176246,1,0,76,1,30,,1176239,1,0,76,1,98,,1176260,1,0,76,1
8801,'14',416,,1176269,1,0,76,1,30,,1176339,1,0,76,1,70,,1176267,1,0,76,1,30,,1176286,1,0,76,1,55,,1176313,1,0,76,1,14,,1176323,1,0,76,1,16,,1176317,1,0,76,1,10,,1176300,1,0,76,1,11,,1176332,1,0,76,1,51,,1176274,1,0,76,1,7,,1176307,1,0,76,1,10,,1176329,1,0,76,1,13,,1176294,1,0,76,1,7,,1176291,1,0,76,1,12,,1176285,1,0,76,1,52,,1176315,1,0,76,1,17,,1176322,1,0,76,1,13,,1176327,1,0,14,1,15,,1176275,1,0,76,1,54,,1176277,1,0,14,1,14,,1176281,1,0,76,1,15,,1176342,1,0,14,1,14,,1176284,1,0,76,1,55,,1176289,1,0,14,1,15,,1176270,1,0,76,1,15,,1176319,1,0,14,1,15,,1176311,1,0,76,1,55,,1176331,1,0,14,1,15,,1176347,1,0,76,1,15,,1176298,1,0,14,1,15,,1176314,1,0,76,1,55,,1176273,1,0,14,1,15,,1176299,1,0,76,1,15,,1176283,1,0,14,1,15,,1176344,1,0,76,1,55,,1176290,1,0,14,1,15,,1176295,1,0,76,1,15,,1176306,1,0,14,1,15,,1176324,1,0,76,1,55,,1176308,1,0,14,1,10,,1176321,1,0,76,1,8,,1176316,1,0,76,1,10,,1176334,1,0,76,1,12,,1176346,1,0,76,1,10,,1176268,1,0,76,1,50,,1176340,1,0,76,1,20,,1176326,1,0,76,1,13,,1176309,1,0,76,1,7,,1176318,1,0,76,1,10,,1176266,1,0,76,1,50,,1176345,1,0,76,1,10,,1176335,1,0,76,1,10,,1176302,1,0,76,1,10,,1176336,1,0,76,1,10,,1176325,1,0,76,1,10,,1176320,1,0,76,1,55,,1176338,1,0,76,1,15,,1176343,1,0,76,1,15,,1176301,1,0,76,1,15,,1176292,1,0,76,1,55,,1176293,1,0,76,1,15,,1176330,1,0,76,1,15,,1176305,1,0,76,1,15,,1176304,1,0,76,1,60,,1176310,1,0,76,1,20,,1176272,1,0,76,1,21,,1176303,1,0,76,1,59,,1176328,1,0,76,1,20,,1176288,1,0,76,1,18,,1176333,1,0,76,1,62,,1176296,1,0,76,1,20,,1176282,1,0,76,1,20,,1176337,1,0,76,1,60,,1176279,1,0,76,1,20,,1176278,1,0,76,1,70,,1176341,1,0,76,1,30,,1176280,1,0,76,1,70,,1176287,1,0,76,1,30,,1176297,1,0,76,1,70,,1176276,1,0,76,1
8801,'15',416,,1176402,1,0,76,1,30,,1176376,1,0,76,1,70,,1176351,1,0,76,1,30,,1176360,1,0,76,1,55,,1176407,1,0,76,1,14,,1176350,1,0,76,1,16,,1176417,1,0,76,1,10,,1176370,1,0,76,1,11,,1176410,1,0,76,1,51,,1176352,1,0,76,1,7,,1176368,1,0,76,1,10,,1176415,1,0,76,1,13,,1176386,1,0,76,1,7,,1176424,1,0,76,1,12,,1176389,1,0,76,1,52,,1176427,1,0,76,1,17,,1176374,1,0,76,1,13,,1176426,1,0,14,1,15,,1176356,1,0,76,1,54,,1176355,1,0,14,1,14,,1176401,1,0,76,1,15,,1176384,1,0,14,1,14,,1176372,1,0,76,1,55,,1176422,1,0,14,1,15,,1176398,1,0,76,1,15,,1176348,1,0,14,1,15,,1176371,1,0,76,1,55,,1176404,1,0,14,1,15,,1176406,1,0,76,1,15,,1176418,1,0,14,1,15,,1176414,1,0,76,1,55,,1176393,1,0,14,1,15,,1176409,1,0,76,1,15,,1176357,1,0,14,1,15,,1176413,1,0,76,1,55,,1176411,1,0,14,1,15,,1176397,1,0,76,1,15,,1176385,1,0,14,1,15,,1176388,1,0,76,1,55,,1176394,1,0,14,1,10,,1176375,1,0,76,1,8,,1176421,1,0,76,1,10,,1176361,1,0,76,1,12,,1176387,1,0,76,1,10,,1176363,1,0,76,1,50,,1176378,1,0,76,1,20,,1176399,1,0,76,1,13,,1176392,1,0,76,1,7,,1176367,1,0,76,1,10,,1176390,1,0,76,1,50,,1176358,1,0,76,1,10,,1176364,1,0,76,1,10,,1176354,1,0,76,1,10,,1176381,1,0,76,1,10,,1176429,1,0,76,1,10,,1176373,1,0,76,1,55,,1176428,1,0,76,1,15,,1176396,1,0,76,1,15,,1176419,1,0,76,1,15,,1176425,1,0,76,1,55,,1176403,1,0,76,1,15,,1176353,1,0,76,1,15,,1176379,1,0,76,1,15,,1176395,1,0,76,1,60,,1176423,1,0,76,1,20,,1176349,1,0,76,1,21,,1176369,1,0,76,1,59,,1176405,1,0,76,1,20,,1176365,1,0,76,1,18,,1176416,1,0,76,1,62,,1176400,1,0,76,1,20,,1176366,1,0,76,1,20,,1176420,1,0,76,1,60,,1176408,1,0,76,1,20,,1176362,1,0,76,1,70,,1176383,1,0,76,1,30,,1176380,1,0,76,1,70,,1176391,1,0,76,1,30,,1176412,1,0,76,1,70,,1176382,1,0,76,1
8801,'16',416,,1176456,1,0,76,1,30,,1176448,1,0,76,1,70,,1176450,1,0,76,1,30,,1176479,1,0,76,1,55,,1176473,1,0,76,1,14,,1176494,1,0,76,1,16,,1176432,1,0,76,1,10,,1176433,1,0,76,1,11,,1176454,1,0,76,1,51,,1064719,1,0,76,1,7,,1176443,1,0,76,1,10,,1176438,1,0,76,1,13,,1176470,1,0,76,1,7,,1176471,1,0,76,1,12,,1176434,1,0,76,1,52,,1176495,1,0,76,1,17,,1176449,1,0,76,1,13,,1176485,1,0,14,1,15,,1176497,1,0,76,1,54,,1176465,1,0,14,1,14,,1176435,1,0,76,1,15,,1176466,1,0,14,1,14,,1176469,1,0,76,1,55,,1176442,1,0,14,1,15,,1176440,1,0,76,1,15,,1176444,1,0,14,1,15,,1176499,1,0,76,1,55,,1176475,1,0,14,1,15,,1176430,1,0,76,1,15,,1176431,1,0,14,1,15,,1176447,1,0,76,1,55,,1176441,1,0,14,1,15,,1176457,1,0,76,1,15,,1176453,1,0,14,1,15,,1176486,1,0,76,1,55,,1176496,1,0,14,1,15,,1176498,1,0,76,1,15,,1176476,1,0,14,1,15,,1176487,1,0,76,1,55,,1176481,1,0,14,1,10,,1176483,1,0,76,1,8,,1176480,1,0,76,1,10,,1176462,1,0,76,1,12,,1092929,1,0,76,1,10,,1176492,1,0,76,1,50,,1176501,1,0,76,1,20,,1176464,1,0,76,1,13,,1176502,1,0,76,1,7,,1176436,1,0,76,1,10,,1176484,1,0,76,1,50,,1176451,1,0,76,1,10,,1176491,1,0,76,1,10,,1176445,1,0,76,1,10,,1176500,1,0,76,1,10,,1176468,1,0,76,1,10,,1066996,1,0,76,1,55,,1176477,1,0,76,1,15,,1176488,1,0,76,1,15,,1026037,1,0,76,1,15,,1176467,1,0,76,1,55,,1176452,1,0,76,1,15,,1176472,1,0,76,1,15,,1176455,1,0,76,1,15,,1176446,1,0,76,1,60,,1176503,1,0,76,1,20,,1176439,1,0,76,1,21,,1176458,1,0,76,1,59,,1176490,1,0,76,1,20,,1176474,1,0,76,1,18,,1093442,1,0,76,1,62,,1088811,1,0,76,1,20,,1176482,1,0,76,1,20,,1176461,1,0,76,1,60,,1176493,1,0,76,1,20,,1176463,1,0,76,1,70,,924331,1,0,76,1,30,,1176489,1,0,76,1,70,,1176437,1,0,76,1,30,,1176478,1,0,76,1,70,,1176459,1,0,76,1
8801,'17',610,,1176526,1,0,76,1,30,,1176538,1,0,76,1,70,,1176523,1,0,76,1,30,,1176529,1,0,76,1,70,,1176508,1,0,76,1,30,,1176507,1,0,76,1,70,,1176544,1,0,76,1,30,,1176536,1,0,76,1,70,,1176510,1,0,76,1,30,,1176532,1,0,76,1,62,,1176519,1,0,76,1,20,,1176533,1,0,76,1,20,,1176505,1,0,76,1,60,,1176522,1,0,76,1,20,,1176516,1,0,76,1,20,,1176546,1,0,76,1,60,,1176506,1,0,76,1,20,,1176509,1,0,76,1,20,,1176540,1,0,76,1,60,,1176528,1,0,76,1,20,,1176515,1,0,76,1,20,,1176525,1,0,76,1,60,,1176513,1,0,76,1,20,,1176512,1,0,76,1,20,,1176521,1,0,76,1,60,,1176530,1,0,76,1,20,,1176531,1,0,76,1,20,,1176524,1,0,76,1,60,,1176543,1,0,76,1,26,,1176514,1,0,76,1,30,,1176511,1,0,76,1,70,,1176534,1,0,76,1,30,,1176537,1,0,76,1,70,,1176542,1,0,76,1,30,,1176517,1,0,76,1,70,,1176539,1,0,76,1,30,,1176535,1,0,76,1,70,,1176518,1,0,76,1,30,,1176545,1,0,76,1,70,,1176527,1,0,76,1,30,,1176520,1,0,76,1,98,,1176541,1,0,76,1
8801,'2',616,,1088412,1,0,76,1,30,,1176554,1,0,76,1,70,,1176599,1,0,76,1,30,,1176563,1,0,76,1,70,,1176572,1,0,76,1,15,,1176582,1,0,14,1,15,,1176596,1,0,76,1,55,,1176570,1,0,14,1,15,,1176598,1,0,76,1,15,,1099614,1,0,14,1,15,,1176587,1,0,76,1,55,,1176574,1,0,14,1,16,,893928,1,0,76,1,15,,1176551,1,0,14,1,15,,1176600,1,0,76,1,55,,1176583,1,0,14,1,15,,1176589,1,0,76,1,15,,1176548,1,0,14,1,15,,1176553,1,0,76,1,55,,1176552,1,0,14,1,15,,1176588,1,0,76,1,15,,1176559,1,0,14,1,15,,1176556,1,0,76,1,55,,1176560,1,0,14,1,15,,1065966,1,0,76,1,15,,1176585,1,0,14,1,15,,1176592,1,0,76,1,55,,1176558,1,0,14,1,15,,1176550,1,0,76,1,15,,1176568,1,0,14,1,15,,1176584,1,0,76,1,55,,1176575,1,0,14,1,15,,1176586,1,0,76,1,15,,1176555,1,0,14,1,15,,1176561,1,0,76,1,55,,1176578,1,0,14,1,15,,1176580,1,0,76,1,15,,1071123,1,0,14,1,15,,1176593,1,0,76,1,55,,1176597,1,0,14,1,15,,1176595,1,0,76,1,15,,1176567,1,0,14,1,15,,1176566,1,0,76,1,55,,1176579,1,0,14,1,15,,1176565,1,0,76,1,15,,1176591,1,0,14,1,15,,1176547,1,0,76,1,55,,1176573,1,0,14,1,15,,1176590,1,0,76,1,15,,1176571,1,0,14,1,15,,1079707,1,0,76,1,55,,1176562,1,0,14,1,15,,1176569,1,0,76,1,30,,1176564,1,0,76,1,70,,1176576,1,0,76,1,30,,1176577,1,0,76,1,70,,1176581,1,0,76,1,30,,1176594,1,0,76,1,70,,1176549,1,0,76,1,30,,1176601,1,0,76,1,70,,1176557,1,0,76,1
8801,'3',610,,1176623,1,0,76,1,30,,1176635,1,0,76,1,70,,1176620,1,0,76,1,30,,1176626,1,0,76,1,70,,1176605,1,0,76,1,30,,1176604,1,0,76,1,70,,1176641,1,0,76,1,30,,1176633,1,0,76,1,70,,1176607,1,0,76,1,30,,1176629,1,0,76,1,62,,1176616,1,0,76,1,20,,1176630,1,0,76,1,20,,1176602,1,0,76,1,60,,1176619,1,0,76,1,20,,1176613,1,0,76,1,20,,1176643,1,0,76,1,60,,1176603,1,0,76,1,20,,1176606,1,0,76,1,20,,1176637,1,0,76,1,60,,1176625,1,0,76,1,20,,1176612,1,0,76,1,20,,1176622,1,0,76,1,60,,1176610,1,0,76,1,20,,1176609,1,0,76,1,20,,1176618,1,0,76,1,60,,1176627,1,0,76,1,20,,1176628,1,0,76,1,20,,1176621,1,0,76,1,60,,1176640,1,0,76,1,26,,1176611,1,0,76,1,30,,1176608,1,0,76,1,70,,1176631,1,0,76,1,30,,1176634,1,0,76,1,70,,1176639,1,0,76,1,30,,1176614,1,0,76,1,70,,1176636,1,0,76,1,30,,1176632,1,0,76,1,70,,1176615,1,0,76,1,30,,1176642,1,0,76,1,70,,1176624,1,0,76,1,30,,1176617,1,0,76,1,98,,1176638,1,0,76,1
8801,'4',610,,1176668,1,0,76,1,30,,1176675,1,0,76,1,70,,1176665,1,0,76,1,30,,1176647,1,0,76,1,70,,1176670,1,0,76,1,30,,1078210,1,0,76,1,70,,1176672,1,0,76,1,30,,1176679,1,0,76,1,70,,1176646,1,0,76,1,30,,1176678,1,0,76,1,62,,1176658,1,0,76,1,20,,1176650,1,0,76,1,20,,1176649,1,0,76,1,60,,1176660,1,0,76,1,20,,1176659,1,0,76,1,20,,1176656,1,0,76,1,60,,1176657,1,0,76,1,20,,1176653,1,0,76,1,20,,1176664,1,0,76,1,60,,1176644,1,0,76,1,20,,1176652,1,0,76,1,20,,1176655,1,0,76,1,60,,1176673,1,0,76,1,20,,1176680,1,0,76,1,20,,1176667,1,0,76,1,60,,1176677,1,0,76,1,20,,1176681,1,0,76,1,20,,1071203,1,0,76,1,60,,1176666,1,0,76,1,26,,1176676,1,0,76,1,30,,1176669,1,0,76,1,70,,1176654,1,0,76,1,30,,1176651,1,0,76,1,70,,1176674,1,0,76,1,30,,1176645,1,0,76,1,70,,1176648,1,0,76,1,30,,1176662,1,0,76,1,70,,1176671,1,0,76,1,30,,1176661,1,0,76,1,70,,1176663,1,0,76,1,30,,1176682,1,0,76,1,98,,1032687,1,0,76,1
8801,'5',416,,1176685,1,0,76,1,30,,891408,1,0,76,1,70,,1049553,1,0,76,1,30,,1176699,1,0,76,1,55,,1176723,1,0,76,1,14,,1176733,1,0,76,1,16,,1176727,1,0,76,1,10,,1176712,1,0,76,1,11,,1176741,1,0,76,1,51,,1176688,1,0,76,1,7,,1176718,1,0,76,1,10,,1176738,1,0,76,1,13,,1176706,1,0,76,1,7,,1176703,1,0,76,1,12,,1176698,1,0,76,1,52,,1176725,1,0,76,1,17,,1176732,1,0,76,1,13,,1033601,1,0,14,1,15,,1176689,1,0,76,1,54,,1176691,1,0,14,1,14,,1176694,1,0,76,1,15,,1176750,1,0,14,1,14,,1176697,1,0,76,1,55,,1176701,1,0,14,1,15,,1069320,1,0,76,1,15,,1176729,1,0,14,1,15,,1176722,1,0,76,1,55,,1176740,1,0,14,1,15,,1095189,1,0,76,1,15,,1176710,1,0,14,1,15,,1176724,1,0,76,1,55,,1064407,1,0,14,1,15,,1176711,1,0,76,1,15,,1176696,1,0,14,1,15,,1176752,1,0,76,1,55,,1176702,1,0,14,1,15,,1176707,1,0,76,1,15,,1176717,1,0,14,1,15,,1176734,1,0,76,1,55,,1176719,1,0,14,1,10,,1176731,1,0,76,1,8,,1176726,1,0,76,1,10,,1176743,1,0,76,1,12,,1097438,1,0,76,1,10,,1176684,1,0,76,1,50,,1176748,1,0,76,1,20,,1176736,1,0,76,1,13,,1176720,1,0,76,1,7,,1176728,1,0,76,1,10,,1176683,1,0,76,1,50,,1176753,1,0,76,1,10,,1176744,1,0,76,1,10,,1176714,1,0,76,1,10,,1176745,1,0,76,1,10,,1176735,1,0,76,1,10,,1176730,1,0,76,1,55,,1176747,1,0,76,1,15,,1176751,1,0,76,1,15,,1176713,1,0,76,1,15,,1176704,1,0,76,1,55,,1176705,1,0,76,1,15,,1176739,1,0,76,1,15,,1176716,1,0,76,1,15,,1067605,1,0,76,1,60,,1176721,1,0,76,1,20,,1176687,1,0,76,1,21,,1176715,1,0,76,1,59,,1176737,1,0,76,1,20,,1176700,1,0,76,1,18,,1176742,1,0,76,1,62,,1176708,1,0,76,1,20,,1176695,1,0,76,1,20,,1176746,1,0,76,1,60,,1176692,1,0,76,1,20,,1060630,1,0,76,1,70,,1176749,1,0,76,1,30,,1176693,1,0,76,1,70,,1032519,1,0,76,1,30,,1176709,1,0,76,1,70,,1176690,1,0,76,1
8801,'6',416,,1176779,1,0,76,1,30,,1176771,1,0,76,1,70,,1176773,1,0,76,1,30,,1176801,1,0,76,1,55,,1176797,1,0,76,1,14,,1176816,1,0,76,1,16,,1176756,1,0,76,1,10,,1176757,1,0,76,1,11,,1176777,1,0,76,1,51,,1176817,1,0,76,1,7,,1176766,1,0,76,1,10,,1176763,1,0,76,1,13,,1176794,1,0,76,1,7,,1176795,1,0,76,1,12,,1176759,1,0,76,1,52,,1176818,1,0,76,1,17,,1176772,1,0,76,1,13,,1176807,1,0,14,1,15,,1176819,1,0,76,1,54,,1176788,1,0,14,1,14,,1176760,1,0,76,1,15,,1176789,1,0,14,1,14,,1176793,1,0,76,1,55,,945697,1,0,14,1,15,,1176764,1,0,76,1,15,,1176767,1,0,14,1,15,,1034596,1,0,76,1,55,,1176799,1,0,14,1,15,,1025192,1,0,76,1,15,,1176754,1,0,14,1,15,,1176770,1,0,76,1,55,,1176765,1,0,14,1,15,,1176780,1,0,76,1,15,,1176776,1,0,14,1,15,,1005861,1,0,76,1,55,,1078853,1,0,14,1,15,,1176821,1,0,76,1,15,,1176800,1,0,14,1,15,,1176808,1,0,76,1,55,,1176803,1,0,14,1,10,,1176805,1,0,76,1,8,,1176802,1,0,76,1,10,,1176785,1,0,76,1,12,,1176792,1,0,76,1,10,,1176813,1,0,76,1,50,,1176822,1,0,76,1,20,,1176787,1,0,76,1,13,,1055032,1,0,76,1,7,,1068940,1,0,76,1,10,,1176806,1,0,76,1,50,,1176774,1,0,76,1,10,,1176812,1,0,76,1,10,,1176768,1,0,76,1,10,,1086779,1,0,76,1,10,,1176791,1,0,76,1,10,,1176814,1,0,76,1,55,,1076409,1,0,76,1,15,,1176809,1,0,76,1,15,,1176820,1,0,76,1,15,,1176790,1,0,76,1,55,,1176775,1,0,76,1,15,,1176796,1,0,76,1,15,,1176778,1,0,76,1,15,,1176769,1,0,76,1,60,,1176823,1,0,76,1,20,,1061847,1,0,76,1,21,,1176781,1,0,76,1,59,,1176811,1,0,76,1,20,,1176798,1,0,76,1,18,,1176762,1,0,76,1,62,,1176755,1,0,76,1,20,,1176804,1,0,76,1,20,,1176784,1,0,76,1,60,,1176815,1,0,76,1,20,,1176786,1,0,76,1,70,,1176758,1,0,76,1,30,,1176810,1,0,76,1,70,,1176761,1,0,76,1,30,,1038559,1,0,76,1,70,,1176782,1,0,76,1
8801,'7',616,,1176838,1,0,76,1,30,,1176876,1,0,76,1,70,,1176878,1,0,76,1,30,,1176869,1,0,76,1,70,,1176877,1,0,76,1,15,,1176825,1,0,14,1,15,,1176842,1,0,76,1,55,,1176832,1,0,14,1,15,,1176880,1,0,76,1,15,,1176863,1,0,14,1,15,,1176858,1,0,76,1,55,,1176881,1,0,14,1,16,,1176831,1,0,76,1,15,,1176873,1,0,14,1,15,,1176854,1,0,76,1,55,,1176824,1,0,14,1,15,,1176835,1,0,76,1,15,,1176864,1,0,14,1,15,,1176845,1,0,76,1,55,,1176875,1,0,14,1,15,,1176851,1,0,76,1,15,,1176827,1,0,14,1,15,,1176843,1,0,76,1,55,,1176856,1,0,14,1,15,,1176826,1,0,76,1,15,,1176841,1,0,14,1,15,,1176839,1,0,76,1,55,,1176866,1,0,14,1,15,,1176883,1,0,76,1,15,,1176830,1,0,14,1,15,,1176833,1,0,76,1,55,,1176857,1,0,14,1,15,,1176840,1,0,76,1,15,,1176829,1,0,14,1,15,,1176861,1,0,76,1,55,,1176849,1,0,14,1,15,,1176837,1,0,76,1,15,,1176862,1,0,14,1,15,,1176874,1,0,76,1,55,,1176855,1,0,14,1,15,,1176860,1,0,76,1,15,,1176828,1,0,14,1,15,,1176847,1,0,76,1,55,,1176852,1,0,14,1,15,,1176859,1,0,76,1,15,,1176872,1,0,14,1,15,,1176870,1,0,76,1,55,,1176867,1,0,14,1,15,,1176882,1,0,76,1,15,,1176848,1,0,14,1,15,,1176844,1,0,76,1,55,,1176836,1,0,14,1,15,,1176846,1,0,76,1,30,,1176853,1,0,76,1,70,,1176879,1,0,76,1,30,,1176865,1,0,76,1,70,,1176884,1,0,76,1,30,,1176868,1,0,76,1,70,,1176850,1,0,76,1,30,,1176871,1,0,76,1,70,,1176834,1,0,76,1
8801,'8',416,,1176914,1,0,76,1,30,,1176906,1,0,76,1,70,,1176908,1,0,76,1,30,,1176938,1,0,76,1,55,,1176932,1,0,76,1,14,,1176954,1,0,76,1,16,,1176888,1,0,76,1,10,,1176889,1,0,76,1,11,,1176912,1,0,76,1,51,,1176955,1,0,76,1,7,,1176901,1,0,76,1,10,,1176896,1,0,76,1,13,,1176929,1,0,76,1,7,,1176930,1,0,76,1,12,,1176891,1,0,76,1,52,,1176956,1,0,76,1,17,,1176907,1,0,76,1,13,,1176944,1,0,14,1,15,,1176958,1,0,76,1,54,,1176923,1,0,14,1,14,,1176892,1,0,76,1,15,,1176924,1,0,14,1,14,,1176928,1,0,76,1,55,,1176900,1,0,14,1,15,,1176898,1,0,76,1,15,,1176902,1,0,14,1,15,,1176961,1,0,76,1,55,,1176934,1,0,14,1,15,,1176885,1,0,76,1,15,,1176886,1,0,14,1,15,,1176905,1,0,76,1,55,,1176899,1,0,14,1,15,,1176915,1,0,76,1,15,,1176911,1,0,14,1,15,,1176945,1,0,76,1,55,,1176957,1,0,14,1,15,,1176960,1,0,76,1,15,,1176935,1,0,14,1,15,,1176946,1,0,76,1,55,,1176940,1,0,14,1,10,,1176942,1,0,76,1,8,,1176939,1,0,76,1,10,,1176920,1,0,76,1,12,,1176927,1,0,76,1,10,,1176951,1,0,76,1,50,,1176963,1,0,76,1,20,,1176922,1,0,76,1,13,,1176964,1,0,76,1,7,,1176893,1,0,76,1,10,,1176943,1,0,76,1,50,,1176909,1,0,76,1,10,,1176950,1,0,76,1,10,,1176903,1,0,76,1,10,,1176962,1,0,76,1,10,,1176926,1,0,76,1,10,,1176952,1,0,76,1,55,,1176936,1,0,76,1,15,,1176947,1,0,76,1,15,,1176959,1,0,76,1,15,,1176925,1,0,76,1,55,,1176910,1,0,76,1,15,,1176931,1,0,76,1,15,,1176913,1,0,76,1,15,,1176904,1,0,76,1,60,,1176965,1,0,76,1,20,,1176897,1,0,76,1,21,,1176916,1,0,76,1,59,,1176949,1,0,76,1,20,,1176933,1,0,76,1,18,,1176895,1,0,76,1,62,,1176887,1,0,76,1,20,,1176941,1,0,76,1,20,,1176919,1,0,76,1,60,,1176953,1,0,76,1,20,,1176921,1,0,76,1,70,,1176890,1,0,76,1,30,,1176948,1,0,76,1,70,,1176894,1,0,76,1,30,,1176937,1,0,76,1,70,,1176917,1,0,76,1
8801,'9',416,,1176969,1,0,76,1,30,,891306,1,0,76,1,70,,1049802,1,0,76,1,30,,1176983,1,0,76,1,55,,1177007,1,0,76,1,14,,1177017,1,0,76,1,16,,1177011,1,0,76,1,10,,1176996,1,0,76,1,11,,1177025,1,0,76,1,51,,1176972,1,0,76,1,7,,1177002,1,0,76,1,10,,1177022,1,0,76,1,13,,1176990,1,0,76,1,7,,1176987,1,0,76,1,12,,1176982,1,0,76,1,52,,1177009,1,0,76,1,17,,1177016,1,0,76,1,13,,1033836,1,0,14,1,15,,1176973,1,0,76,1,54,,1176975,1,0,14,1,14,,1176978,1,0,76,1,15,,1177034,1,0,14,1,14,,1176981,1,0,76,1,55,,1176985,1,0,14,1,15,,1069235,1,0,76,1,15,,1177013,1,0,14,1,15,,1177006,1,0,76,1,55,,1177024,1,0,14,1,15,,1095065,1,0,76,1,15,,1176994,1,0,14,1,15,,1177008,1,0,76,1,55,,1064318,1,0,14,1,15,,1176995,1,0,76,1,15,,1176980,1,0,14,1,15,,1177036,1,0,76,1,55,,1176986,1,0,14,1,15,,1176991,1,0,76,1,15,,1177001,1,0,14,1,15,,1177018,1,0,76,1,55,,1177003,1,0,14,1,10,,1177015,1,0,76,1,8,,1177010,1,0,76,1,10,,1177027,1,0,76,1,12,,1097322,1,0,76,1,10,,1176968,1,0,76,1,50,,1177032,1,0,76,1,20,,1177020,1,0,76,1,13,,1177004,1,0,76,1,7,,1177012,1,0,76,1,10,,1176967,1,0,76,1,50,,1177037,1,0,76,1,10,,1177028,1,0,76,1,10,,1176998,1,0,76,1,10,,1177029,1,0,76,1,10,,1177019,1,0,76,1,10,,1177014,1,0,76,1,55,,1177031,1,0,76,1,15,,1177035,1,0,76,1,15,,1176997,1,0,76,1,15,,1176988,1,0,76,1,55,,1176989,1,0,76,1,15,,1177023,1,0,76,1,15,,1177000,1,0,76,1,15,,1067582,1,0,76,1,60,,1177005,1,0,76,1,20,,1176971,1,0,76,1,21,,1176999,1,0,76,1,59,,1177021,1,0,76,1,20,,1176984,1,0,76,1,18,,1177026,1,0,76,1,62,,1176992,1,0,76,1,20,,1176979,1,0,76,1,20,,1177030,1,0,76,1,60,,1176976,1,0,76,1,20,,1060643,1,0,76,1,70,,1177033,1,0,76,1,30,,1176977,1,0,76,1,70,,1032873,1,0,76,1,30,,1176993,1,0,76,1,70,,1176974,1,0,76,1
9000,'1',613,,1177074,1,0,41,1,29,,1177089,1,0,41,1,15,,1177092,1,0,41,1,55,,1177049,1,0,41,1,15,,1177090,1,0,41,1,14,,1177082,1,0,41,1,15,,1177058,1,0,41,1,55,,1177087,1,0,41,1,15,,1177070,1,0,41,1,15,,1177073,1,0,41,1,15,,1177075,1,0,41,1,55,,1177076,1,0,41,1,15,,1012330,1,0,41,1,15,,1177045,1,0,41,1,15,,1177065,1,0,41,1,55,,1177059,1,0,41,1,15,,1177054,1,0,41,1,15,,1177053,1,0,41,1,15,,1177051,1,0,41,1,55,,1177086,1,0,41,1,15,,1177050,1,0,41,1,15,,1080755,1,0,41,1,15,,1177091,1,0,41,1,55,,1177079,1,0,41,1,15,,1177046,1,0,41,1,15,,1177088,1,0,41,1,15,,1177083,1,0,41,1,55,,1177081,1,0,41,1,15,,1177084,1,0,41,1,15,,1177042,1,0,41,1,15,,1177048,1,0,41,1,55,,1177077,1,0,41,1,15,,1177061,1,0,41,1,30,,1045867,1,0,41,1,55,,1177072,1,0,41,1,13,,1177052,1,0,41,1,17,,1177062,1,0,41,1,13,,1177043,1,0,41,1,57,,1177041,1,0,41,1,15,,1177057,1,0,41,1,15,,1177044,1,0,41,1,15,,1177063,1,0,41,1,55,,1177039,1,0,41,1,14,,1177040,1,0,41,1,14,,1177066,1,0,41,1,14,,1177038,1,0,41,1,54,,1177071,1,0,41,1,14,,1177047,1,0,41,1,30,,1177060,1,0,41,1,70,,1177068,1,0,41,1,30,,1177080,1,0,41,1,70,,1177085,1,0,41,1,30,,1177078,1,0,41,1,70,,1071925,1,0,41,1,30,,1081660,1,0,41,1,70,,1177069,1,0,41,1,30,,1177055,1,0,41,1,75,,957167,1,0,41,1,30,,1177056,1,0,41,1,70,,1177067,1,0,41,1
9000,'10',613,,1177129,1,0,41,1,29,,1177144,1,0,41,1,15,,1177147,1,0,41,1,55,,1177104,1,0,41,1,15,,1177145,1,0,41,1,14,,1177137,1,0,41,1,15,,1177113,1,0,41,1,55,,1177142,1,0,41,1,15,,1177125,1,0,41,1,15,,1177128,1,0,41,1,15,,1177130,1,0,41,1,55,,1177131,1,0,41,1,15,,1012413,1,0,41,1,15,,1177100,1,0,41,1,15,,1177120,1,0,41,1,55,,1177114,1,0,41,1,15,,1177109,1,0,41,1,15,,1177108,1,0,41,1,15,,1177106,1,0,41,1,55,,1177141,1,0,41,1,15,,1177105,1,0,41,1,15,,1080582,1,0,41,1,15,,1177146,1,0,41,1,55,,1177134,1,0,41,1,15,,1177101,1,0,41,1,15,,1177143,1,0,41,1,15,,1177138,1,0,41,1,55,,1177136,1,0,41,1,15,,1177139,1,0,41,1,15,,1177097,1,0,41,1,15,,1177103,1,0,41,1,55,,1177132,1,0,41,1,15,,1177116,1,0,41,1,30,,1045910,1,0,41,1,55,,1177127,1,0,41,1,13,,1177107,1,0,41,1,17,,1177117,1,0,41,1,13,,1177098,1,0,41,1,57,,1177096,1,0,41,1,15,,1177112,1,0,41,1,15,,1177099,1,0,41,1,15,,1177118,1,0,41,1,55,,1177094,1,0,41,1,14,,1177095,1,0,41,1,14,,1177121,1,0,41,1,14,,1177093,1,0,41,1,54,,1177126,1,0,41,1,14,,1177102,1,0,41,1,30,,1177115,1,0,41,1,70,,1177123,1,0,41,1,30,,1177135,1,0,41,1,70,,1177140,1,0,41,1,30,,1177133,1,0,41,1,70,,1071779,1,0,41,1,30,,1081468,1,0,41,1,70,,1177124,1,0,41,1,30,,1177110,1,0,41,1,75,,957021,1,0,41,1,30,,1177111,1,0,41,1,70,,1177122,1,0,41,1
9000,'11',613,,1177184,1,0,41,1,29,,1177199,1,0,41,1,15,,1177202,1,0,41,1,55,,1177159,1,0,41,1,15,,1177200,1,0,41,1,14,,1177192,1,0,41,1,15,,1177168,1,0,41,1,55,,1177197,1,0,41,1,15,,1177180,1,0,41,1,15,,1177183,1,0,41,1,15,,1177185,1,0,41,1,55,,1177186,1,0,41,1,15,,1012307,1,0,41,1,15,,1177155,1,0,41,1,15,,1177175,1,0,41,1,55,,1177169,1,0,41,1,15,,1177164,1,0,41,1,15,,1177163,1,0,41,1,15,,1177161,1,0,41,1,55,,1177196,1,0,41,1,15,,1177160,1,0,41,1,15,,1080812,1,0,41,1,15,,1177201,1,0,41,1,55,,1177189,1,0,41,1,15,,1177156,1,0,41,1,15,,1177198,1,0,41,1,15,,1177193,1,0,41,1,55,,1177191,1,0,41,1,15,,1177194,1,0,41,1,15,,1177152,1,0,41,1,15,,1177158,1,0,41,1,55,,1177187,1,0,41,1,15,,1177171,1,0,41,1,30,,1045856,1,0,41,1,55,,1177182,1,0,41,1,13,,1177162,1,0,41,1,17,,1177172,1,0,41,1,13,,1177153,1,0,41,1,57,,1177151,1,0,41,1,15,,1177167,1,0,41,1,15,,1177154,1,0,41,1,15,,1177173,1,0,41,1,55,,1177149,1,0,41,1,14,,1177150,1,0,41,1,14,,1177176,1,0,41,1,14,,1177148,1,0,41,1,54,,1177181,1,0,41,1,14,,1177157,1,0,41,1,30,,1177170,1,0,41,1,70,,1177178,1,0,41,1,30,,1177190,1,0,41,1,70,,1177195,1,0,41,1,30,,1177188,1,0,41,1,70,,1071971,1,0,41,1,30,,1081717,1,0,41,1,70,,1177179,1,0,41,1,30,,1177165,1,0,41,1,75,,957146,1,0,41,1,30,,1177166,1,0,41,1,70,,1177177,1,0,41,1
9000,'12',613,,1177208,1,0,41,1,29,,1177236,1,0,41,1,15,,1177239,1,0,41,1,55,,1177234,1,0,41,1,15,,1177245,1,0,41,1,14,,1177251,1,0,41,1,15,,1177228,1,0,41,1,55,,1177217,1,0,41,1,15,,1085926,1,0,41,1,15,,1177223,1,0,41,1,15,,1177237,1,0,41,1,55,,1177241,1,0,41,1,15,,1177238,1,0,41,1,15,,1177248,1,0,41,1,15,,1177250,1,0,41,1,55,,1177246,1,0,41,1,15,,1177226,1,0,41,1,15,,1094079,1,0,41,1,15,,1177215,1,0,41,1,55,,1001500,1,0,41,1,15,,1177218,1,0,41,1,15,,1177242,1,0,41,1,15,,1177229,1,0,41,1,55,,1177225,1,0,41,1,15,,1177233,1,0,41,1,15,,1177205,1,0,41,1,15,,1177206,1,0,41,1,55,,1080439,1,0,41,1,15,,1177211,1,0,41,1,15,,1177219,1,0,41,1,15,,1177207,1,0,41,1,55,,1096099,1,0,41,1,15,,1072801,1,0,41,1,30,,1100209,1,0,41,1,55,,1177255,1,0,41,1,13,,1177203,1,0,41,1,17,,1177232,1,0,41,1,13,,1177230,1,0,41,1,57,,1177224,1,0,41,1,15,,1177243,1,0,41,1,15,,1177227,1,0,41,1,15,,1177247,1,0,41,1,55,,1177210,1,0,41,1,14,,1177204,1,0,41,1,14,,1177214,1,0,41,1,14,,1177253,1,0,41,1,54,,1177254,1,0,41,1,14,,1177252,1,0,41,1,30,,1177220,1,0,41,1,70,,1177209,1,0,41,1,30,,1177244,1,0,41,1,70,,1177231,1,0,41,1,30,,1177249,1,0,41,1,70,,1177240,1,0,41,1,30,,1177235,1,0,41,1,70,,1177222,1,0,41,1,30,,1008172,1,0,41,1,75,,1177213,1,0,41,1,30,,1177216,1,0,41,1,70,,1177212,1,0,41,1
9000,'13',703,,1177272,1,0,41,1,30,,1177261,1,0,41,1,70,,1177259,1,0,41,1,30,,1177269,1,0,41,1,70,,1024002,1,0,41,1,30,,1177257,1,0,41,1,70,,1177281,1,0,41,1,30,,1177274,1,0,41,1,70,,1177278,1,0,41,1,30,,1177263,1,0,41,1,70,,1177265,1,0,41,1,30,,1177273,1,0,41,1,70,,1177267,1,0,41,1,30,,1177280,1,0,41,1,70,,1177282,1,0,41,1,30,,1177271,1,0,41,1,70,,1030204,1,0,41,1,30,,1101325,1,0,41,1,70,,1044844,1,0,41,1,30,,1177264,1,0,41,1,70,,1177275,1,0,41,1,30,,1177260,1,0,41,1,70,,1177268,1,0,41,1,30,,1177270,1,0,41,1,70,,1177258,1,0,41,1,30,,1177266,1,0,41,1,70,,1177277,1,0,41,1,30,,1177276,1,0,41,1,70,,1177283,1,0,41,1,30,,1073560,1,0,41,1,70,,1177256,1,0,41,1,30,,1177262,1,0,41,1,70,,1177279,1,0,41,1
9000,'14',613,,1177323,1,0,41,1,29,,1177338,1,0,41,1,15,,1177344,1,0,41,1,55,,1177298,1,0,41,1,15,,1177340,1,0,41,1,14,,1177331,1,0,41,1,15,,1177307,1,0,41,1,55,,1177336,1,0,41,1,15,,1177319,1,0,41,1,15,,1177322,1,0,41,1,15,,1177324,1,0,41,1,55,,1177325,1,0,41,1,15,,1177339,1,0,41,1,15,,1177294,1,0,41,1,15,,1177314,1,0,41,1,55,,1177308,1,0,41,1,15,,1177303,1,0,41,1,15,,1177302,1,0,41,1,15,,1177300,1,0,41,1,55,,1177335,1,0,41,1,15,,1177299,1,0,41,1,15,,1177342,1,0,41,1,15,,1177341,1,0,41,1,55,,1177328,1,0,41,1,15,,1177295,1,0,41,1,15,,1177337,1,0,41,1,15,,1177332,1,0,41,1,55,,1177330,1,0,41,1,15,,1177333,1,0,41,1,15,,1177291,1,0,41,1,15,,1177297,1,0,41,1,55,,1177326,1,0,41,1,15,,1177310,1,0,41,1,30,,1177284,1,0,41,1,55,,1177321,1,0,41,1,13,,1177301,1,0,41,1,17,,1177311,1,0,41,1,13,,1177292,1,0,41,1,57,,1177289,1,0,41,1,15,,1177306,1,0,41,1,15,,1177293,1,0,41,1,15,,1177312,1,0,41,1,55,,1177287,1,0,41,1,14,,1177288,1,0,41,1,14,,1177315,1,0,41,1,14,,1177286,1,0,41,1,54,,1177320,1,0,41,1,14,,1177296,1,0,41,1,30,,1177309,1,0,41,1,70,,1177317,1,0,41,1,30,,1177329,1,0,41,1,70,,1177334,1,0,41,1,30,,1177327,1,0,41,1,70,,1177290,1,0,41,1,30,,1177285,1,0,41,1,70,,1177318,1,0,41,1,30,,1177304,1,0,41,1,75,,1177343,1,0,41,1,30,,1177305,1,0,41,1,70,,1177316,1,0,41,1
9000,'15',613,,1177402,1,0,41,1,29,,1177404,1,0,41,1,15,,1177368,1,0,41,1,55,,1177367,1,0,41,1,15,,1177359,1,0,41,1,14,,1177348,1,0,41,1,15,,1177371,1,0,41,1,55,,1177384,1,0,41,1,15,,1177387,1,0,41,1,15,,1177365,1,0,41,1,15,,1177354,1,0,41,1,55,,1177388,1,0,41,1,15,,1177378,1,0,41,1,15,,1177351,1,0,41,1,15,,1177375,1,0,41,1,55,,1177345,1,0,41,1,15,,1177366,1,0,41,1,15,,1177397,1,0,41,1,15,,1177390,1,0,41,1,55,,1177373,1,0,41,1,15,,1177396,1,0,41,1,15,,1177398,1,0,41,1,15,,1177353,1,0,41,1,55,,1177380,1,0,41,1,15,,1177355,1,0,41,1,15,,1177401,1,0,41,1,15,,1177395,1,0,41,1,55,,1177377,1,0,41,1,15,,1177352,1,0,41,1,15,,1177403,1,0,41,1,15,,1177358,1,0,41,1,55,,1177383,1,0,41,1,15,,1177405,1,0,41,1,30,,1177389,1,0,41,1,55,,1177346,1,0,41,1,13,,1177372,1,0,41,1,17,,1177399,1,0,41,1,13,,1177386,1,0,41,1,57,,1177369,1,0,41,1,15,,1177361,1,0,41,1,15,,1177381,1,0,41,1,15,,1177376,1,0,41,1,55,,1177394,1,0,41,1,14,,1177362,1,0,41,1,14,,1177379,1,0,41,1,14,,1177347,1,0,41,1,54,,1177349,1,0,41,1,14,,1177391,1,0,41,1,30,,1177393,1,0,41,1,70,,1177392,1,0,41,1,30,,1177370,1,0,41,1,70,,1177363,1,0,41,1,30,,1177374,1,0,41,1,70,,1177364,1,0,41,1,30,,1177385,1,0,41,1,70,,1177400,1,0,41,1,30,,1177350,1,0,41,1,75,,1177357,1,0,41,1,30,,1177360,1,0,41,1,70,,1177382,1,0,41,1
9000,'16',613,,1177414,1,0,41,1,29,,1177439,1,0,41,1,15,,1177443,1,0,41,1,55,,1177437,1,0,41,1,15,,1177449,1,0,41,1,14,,1177455,1,0,41,1,15,,1064155,1,0,41,1,55,,1177421,1,0,41,1,15,,1177406,1,0,41,1,15,,1177427,1,0,41,1,15,,1177440,1,0,41,1,55,,1177445,1,0,41,1,15,,1177441,1,0,41,1,15,,1177452,1,0,41,1,15,,1177454,1,0,41,1,55,,1177450,1,0,41,1,15,,1177430,1,0,41,1,15,,1177442,1,0,41,1,15,,1177419,1,0,41,1,55,,1177410,1,0,41,1,15,,1177422,1,0,41,1,15,,1177446,1,0,41,1,15,,1177432,1,0,41,1,55,,1177429,1,0,41,1,15,,1177436,1,0,41,1,15,,1079869,1,0,41,1,15,,1177412,1,0,41,1,55,,1177415,1,0,41,1,15,,956132,1,0,41,1,15,,1177423,1,0,41,1,15,,1177413,1,0,41,1,55,,1177460,1,0,41,1,15,,1177411,1,0,41,1,30,,1177409,1,0,41,1,55,,1177459,1,0,41,1,13,,1068408,1,0,41,1,17,,1177435,1,0,41,1,13,,1177433,1,0,41,1,57,,1177428,1,0,41,1,15,,1177447,1,0,41,1,15,,1177431,1,0,41,1,15,,1177451,1,0,41,1,55,,1177417,1,0,41,1,14,,1177408,1,0,41,1,14,,1072645,1,0,41,1,14,,1177457,1,0,41,1,54,,1177458,1,0,41,1,14,,1177456,1,0,41,1,30,,1177424,1,0,41,1,70,,1177416,1,0,41,1,30,,1177448,1,0,41,1,70,,1177434,1,0,41,1,30,,1177453,1,0,41,1,70,,1177444,1,0,41,1,30,,1177438,1,0,41,1,70,,1177426,1,0,41,1,30,,1177407,1,0,41,1,75,,1076678,1,0,41,1,30,,1177420,1,0,41,1,70,,1177418,1,0,41,1
9000,'17',703,,1177481,1,0,41,1,30,,1177469,1,0,41,1,70,,1177467,1,0,41,1,30,,1177478,1,0,41,1,70,,1177461,1,0,41,1,30,,1177465,1,0,41,1,70,,1177490,1,0,41,1,30,,1177483,1,0,41,1,70,,1177487,1,0,41,1,30,,1177471,1,0,41,1,70,,1177473,1,0,41,1,30,,1177482,1,0,41,1,70,,1177476,1,0,41,1,30,,1177489,1,0,41,1,70,,1177491,1,0,41,1,30,,1177480,1,0,41,1,70,,1177462,1,0,41,1,30,,1177474,1,0,41,1,70,,1177492,1,0,41,1,30,,1177472,1,0,41,1,70,,1177484,1,0,41,1,30,,1177468,1,0,41,1,70,,1177477,1,0,41,1,30,,1177479,1,0,41,1,70,,1177466,1,0,41,1,30,,1177475,1,0,41,1,70,,1177486,1,0,41,1,30,,1177485,1,0,41,1,70,,1177493,1,0,41,1,30,,1177463,1,0,41,1,70,,1177464,1,0,41,1,30,,1177470,1,0,41,1,70,,1177488,1,0,41,1
9000,'2',725,,1177495,1,0,41,1,30,,1177517,1,0,41,1,70,,1073739,1,0,41,1,30,,1177510,1,0,41,1,70,,1177503,1,0,41,1,30,,1177506,1,0,41,1,70,,1177518,1,0,41,1,30,,1177520,1,0,41,1,70,,1177497,1,0,41,1,30,,1177523,1,0,41,1,70,,1177507,1,0,41,1,30,,1177498,1,0,41,1,70,,1177522,1,0,41,1,30,,1100844,1,0,41,1,70,,1177513,1,0,41,1,30,,1177519,1,0,41,1,70,,1177496,1,0,41,1,30,,1177502,1,0,41,1,70,,1177509,1,0,41,1,30,,1177521,1,0,41,1,70,,1177501,1,0,41,1,30,,1177508,1,0,41,1,70,,1177504,1,0,41,1,30,,1021648,1,0,41,1,70,,1177524,1,0,41,1,30,,1177516,1,0,41,1,70,,1177499,1,0,41,1,30,,1177511,1,0,41,1,70,,1177505,1,0,41,1,30,,1177500,1,0,41,1,70,,1177514,1,0,41,1,30,,1177512,1,0,41,1,70,,1177494,1,0,41,1,30,,1177515,1,0,41,1
9000,'3',703,,1177545,1,0,41,1,30,,1177533,1,0,41,1,70,,1177531,1,0,41,1,30,,1177542,1,0,41,1,70,,1177525,1,0,41,1,30,,1177529,1,0,41,1,70,,1177554,1,0,41,1,30,,1177547,1,0,41,1,70,,1177551,1,0,41,1,30,,1177535,1,0,41,1,70,,1177537,1,0,41,1,30,,1177546,1,0,41,1,70,,1177540,1,0,41,1,30,,1177553,1,0,41,1,70,,1177555,1,0,41,1,30,,1177544,1,0,41,1,70,,1177526,1,0,41,1,30,,1177538,1,0,41,1,70,,1177556,1,0,41,1,30,,1177536,1,0,41,1,70,,1177548,1,0,41,1,30,,1177532,1,0,41,1,70,,1177541,1,0,41,1,30,,1177543,1,0,41,1,70,,1177530,1,0,41,1,30,,1177539,1,0,41,1,70,,1177550,1,0,41,1,30,,1177549,1,0,41,1,70,,1177557,1,0,41,1,30,,1177527,1,0,41,1,70,,1177528,1,0,41,1,30,,1177534,1,0,41,1,70,,1177552,1,0,41,1
9000,'4',703,,1177571,1,0,41,1,30,,1177574,1,0,41,1,70,,1177572,1,0,41,1,30,,1177563,1,0,41,1,70,,1177564,1,0,41,1,30,,1177569,1,0,41,1,70,,1177579,1,0,41,1,30,,1177580,1,0,41,1,70,,1177576,1,0,41,1,30,,1177559,1,0,41,1,70,,995812,1,0,41,1,30,,1177570,1,0,41,1,70,,1177568,1,0,41,1,30,,1055317,1,0,41,1,70,,1177566,1,0,41,1,30,,1177578,1,0,41,1,70,,1177582,1,0,41,1,30,,1037593,1,0,41,1,70,,1177558,1,0,41,1,30,,1177565,1,0,41,1,70,,1177577,1,0,41,1,30,,1177584,1,0,41,1,70,,1177575,1,0,41,1,30,,1177560,1,0,41,1,70,,1177583,1,0,41,1,30,,997298,1,0,41,1,70,,996619,1,0,41,1,30,,1177573,1,0,41,1,70,,1177567,1,0,41,1,30,,1177581,1,0,41,1,70,,1177562,1,0,41,1,30,,1177561,1,0,41,1,70,,1177585,1,0,41,1
9000,'5',613,,1177622,1,0,41,1,29,,1177637,1,0,41,1,15,,1177640,1,0,41,1,55,,1177597,1,0,41,1,15,,1177638,1,0,41,1,14,,1177630,1,0,41,1,15,,1177606,1,0,41,1,55,,1177635,1,0,41,1,15,,1177618,1,0,41,1,15,,1177621,1,0,41,1,15,,1177623,1,0,41,1,55,,1177624,1,0,41,1,15,,1012186,1,0,41,1,15,,1177593,1,0,41,1,15,,1177613,1,0,41,1,55,,1177607,1,0,41,1,15,,1177602,1,0,41,1,15,,1177601,1,0,41,1,15,,1177599,1,0,41,1,55,,1177634,1,0,41,1,15,,1177598,1,0,41,1,15,,1080725,1,0,41,1,15,,1177639,1,0,41,1,55,,1177627,1,0,41,1,15,,1177594,1,0,41,1,15,,1177636,1,0,41,1,15,,1177631,1,0,41,1,55,,1177629,1,0,41,1,15,,1177632,1,0,41,1,15,,1177590,1,0,41,1,15,,1177596,1,0,41,1,55,,1177625,1,0,41,1,15,,1177609,1,0,41,1,30,,1045813,1,0,41,1,55,,1177620,1,0,41,1,13,,1177600,1,0,41,1,17,,1177610,1,0,41,1,13,,1177591,1,0,41,1,57,,1177589,1,0,41,1,15,,1177605,1,0,41,1,15,,1177592,1,0,41,1,15,,1177611,1,0,41,1,55,,1177587,1,0,41,1,14,,1177588,1,0,41,1,14,,1177614,1,0,41,1,14,,1177586,1,0,41,1,54,,1177619,1,0,41,1,14,,1177595,1,0,41,1,30,,1177608,1,0,41,1,70,,1177616,1,0,41,1,30,,1177628,1,0,41,1,70,,1177633,1,0,41,1,30,,1177626,1,0,41,1,70,,1071901,1,0,41,1,30,,1081627,1,0,41,1,70,,1177617,1,0,41,1,30,,1177603,1,0,41,1,75,,957239,1,0,41,1,30,,1177604,1,0,41,1,70,,1177615,1,0,41,1
9000,'6',613,,1040112,1,0,41,1,29,,1177674,1,0,41,1,15,,1177678,1,0,41,1,55,,1177672,1,0,41,1,15,,1177684,1,0,41,1,14,,1177690,1,0,41,1,15,,1177666,1,0,41,1,55,,1177656,1,0,41,1,15,,1177641,1,0,41,1,15,,1096522,1,0,41,1,15,,1177675,1,0,41,1,55,,1177680,1,0,41,1,15,,1177676,1,0,41,1,15,,1177687,1,0,41,1,15,,1177689,1,0,41,1,55,,1177685,1,0,41,1,15,,1177664,1,0,41,1,15,,1177677,1,0,41,1,15,,1177654,1,0,41,1,55,,1177646,1,0,41,1,15,,1177657,1,0,41,1,15,,1177681,1,0,41,1,15,,1177667,1,0,41,1,55,,1177663,1,0,41,1,15,,1177671,1,0,41,1,15,,1177644,1,0,41,1,15,,1177648,1,0,41,1,55,,1177649,1,0,41,1,15,,1177651,1,0,41,1,15,,1177658,1,0,41,1,15,,1003580,1,0,41,1,55,,1177695,1,0,41,1,15,,1177647,1,0,41,1,30,,1177645,1,0,41,1,55,,1177694,1,0,41,1,13,,1177642,1,0,41,1,17,,1177670,1,0,41,1,13,,1177668,1,0,41,1,57,,1177662,1,0,41,1,15,,1177682,1,0,41,1,15,,1177665,1,0,41,1,15,,1177686,1,0,41,1,55,,1073486,1,0,41,1,14,,1083316,1,0,41,1,14,,1177653,1,0,41,1,14,,1177692,1,0,41,1,54,,1177693,1,0,41,1,14,,1177691,1,0,41,1,30,,1177659,1,0,41,1,70,,1177650,1,0,41,1,30,,1177683,1,0,41,1,70,,1177669,1,0,41,1,30,,1177688,1,0,41,1,70,,1177679,1,0,41,1,30,,1177673,1,0,41,1,70,,1177661,1,0,41,1,30,,1177643,1,0,41,1,75,,1177652,1,0,41,1,30,,1177655,1,0,41,1,70,,1004815,1,0,41,1
9000,'7',725,,1177714,1,0,41,1,30,,1177729,1,0,41,1,70,,1177704,1,0,41,1,30,,1177725,1,0,41,1,70,,1177712,1,0,41,1,30,,1177696,1,0,41,1,70,,1177703,1,0,41,1,30,,1177717,1,0,41,1,70,,1177702,1,0,41,1,30,,1177707,1,0,41,1,70,,1177727,1,0,41,1,30,,1177719,1,0,41,1,70,,1177726,1,0,41,1,30,,1177722,1,0,41,1,70,,1177701,1,0,41,1,30,,1177728,1,0,41,1,70,,1177700,1,0,41,1,30,,1177721,1,0,41,1,70,,1177705,1,0,41,1,30,,1177710,1,0,41,1,70,,1177715,1,0,41,1,30,,1177698,1,0,41,1,70,,1177718,1,0,41,1,30,,1177716,1,0,41,1,70,,1177720,1,0,41,1,30,,1177711,1,0,41,1,70,,1177708,1,0,41,1,30,,1177713,1,0,41,1,70,,1177706,1,0,41,1,30,,1177723,1,0,41,1,70,,1177697,1,0,41,1,30,,1177699,1,0,41,1,70,,1177724,1,0,41,1,30,,1177709,1,0,41,1
9000,'8',613,,1177740,1,0,41,1,29,,1177769,1,0,41,1,15,,1177773,1,0,41,1,55,,1177767,1,0,41,1,15,,1177779,1,0,41,1,14,,1177785,1,0,41,1,15,,1177761,1,0,41,1,55,,1177750,1,0,41,1,15,,1177730,1,0,41,1,15,,1177756,1,0,41,1,15,,1177770,1,0,41,1,55,,1177775,1,0,41,1,15,,1177771,1,0,41,1,15,,1177782,1,0,41,1,15,,1177784,1,0,41,1,55,,1177780,1,0,41,1,15,,1177759,1,0,41,1,15,,1177772,1,0,41,1,15,,1177748,1,0,41,1,55,,1177736,1,0,41,1,15,,1177751,1,0,41,1,15,,1177776,1,0,41,1,15,,1177762,1,0,41,1,55,,1177758,1,0,41,1,15,,1177766,1,0,41,1,15,,1177734,1,0,41,1,15,,1177738,1,0,41,1,55,,1177741,1,0,41,1,15,,1177744,1,0,41,1,15,,1177752,1,0,41,1,15,,1177739,1,0,41,1,55,,1177790,1,0,41,1,15,,1177737,1,0,41,1,30,,1177735,1,0,41,1,55,,1177789,1,0,41,1,13,,1177731,1,0,41,1,17,,1177765,1,0,41,1,13,,1177763,1,0,41,1,57,,1177757,1,0,41,1,15,,1177777,1,0,41,1,15,,1177760,1,0,41,1,15,,1177781,1,0,41,1,55,,1177743,1,0,41,1,14,,1177733,1,0,41,1,14,,1177747,1,0,41,1,14,,1177787,1,0,41,1,54,,1177788,1,0,41,1,14,,1177786,1,0,41,1,30,,1177753,1,0,41,1,70,,1177742,1,0,41,1,30,,1177778,1,0,41,1,70,,1177764,1,0,41,1,30,,1177783,1,0,41,1,70,,1177774,1,0,41,1,30,,1177768,1,0,41,1,70,,1177755,1,0,41,1,30,,1177732,1,0,41,1,75,,1177746,1,0,41,1,30,,1177749,1,0,41,1,70,,1177745,1,0,41,1
9000,'9',613,,1177827,1,0,41,1,29,,1177842,1,0,41,1,15,,1177845,1,0,41,1,55,,1177802,1,0,41,1,15,,1177843,1,0,41,1,14,,1177835,1,0,41,1,15,,1177811,1,0,41,1,55,,1177840,1,0,41,1,15,,1177823,1,0,41,1,15,,1177826,1,0,41,1,15,,1177828,1,0,41,1,55,,1177829,1,0,41,1,15,,1012353,1,0,41,1,15,,1177798,1,0,41,1,15,,1177818,1,0,41,1,55,,1177812,1,0,41,1,15,,1177807,1,0,41,1,15,,1177806,1,0,41,1,15,,1177804,1,0,41,1,55,,1177839,1,0,41,1,15,,1177803,1,0,41,1,15,,1080636,1,0,41,1,15,,1177844,1,0,41,1,55,,1177832,1,0,41,1,15,,1177799,1,0,41,1,15,,1177841,1,0,41,1,15,,1177836,1,0,41,1,55,,1177834,1,0,41,1,15,,1177837,1,0,41,1,15,,1177795,1,0,41,1,15,,1177801,1,0,41,1,55,,1177830,1,0,41,1,15,,1177814,1,0,41,1,30,,1045878,1,0,41,1,55,,1177825,1,0,41,1,13,,1177805,1,0,41,1,17,,1177815,1,0,41,1,13,,1177796,1,0,41,1,57,,1177794,1,0,41,1,15,,1177810,1,0,41,1,15,,1177797,1,0,41,1,15,,1177816,1,0,41,1,55,,1177792,1,0,41,1,14,,1177793,1,0,41,1,14,,1177819,1,0,41,1,14,,1177791,1,0,41,1,54,,1177824,1,0,41,1,14,,1177800,1,0,41,1,30,,1177813,1,0,41,1,70,,1177821,1,0,41,1,30,,1177833,1,0,41,1,70,,1177838,1,0,41,1,30,,1177831,1,0,41,1,70,,1071829,1,0,41,1,30,,1081525,1,0,41,1,70,,1177822,1,0,41,1,30,,1177808,1,0,41,1,75,,957218,1,0,41,1,30,,1177809,1,0,41,1,70,,1177820,1,0,41,1
9001,'1',442,,1177874,50,4,,1,100,,1177878,50,4,,1,59,,1177852,50,4,,1,19,,1177853,50,4,,1,18,,1075925,50,4,,1,15,,1015103,50,4,,1,55,,1177884,50,4,,1,15,,1177857,50,4,,1,24,,1177854,50,4,,1,56,,1039384,50,4,,1,13,,1071707,50,4,,1,15,,1177876,50,4,,1,17,,1177858,50,4,,1,57,,1177865,50,4,,1,13,,1177892,50,4,,1,11,,1177850,50,4,,1,15,,1177873,50,4,,1,15,,1177883,50,4,,1,55,,1177849,50,4,,1,15,,1177888,50,4,,1,15,,1177867,50,4,,1,15,,1177846,50,4,,1,55,,1177864,50,4,,1,15,,1177889,50,4,,1,15,,1177887,50,4,,1,56,,1177881,50,4,,1,15,,1021156,50,4,,1,15,,1177869,50,4,,1,15,,1177877,50,4,,1,55,,1177891,50,4,,1,15,,1045874,50,4,,1,15,,1097479,50,4,,1,15,,1177871,50,4,,1,55,,1177890,50,4,,1,15,,1177870,50,4,,1,15,,1177879,50,4,,1,15,,1177866,50,4,,1,55,,1177860,50,4,,1,15,,1064696,50,4,,1,11,,1177895,14,4,,1,7,,1177848,50,4,,1,15,,1101401,50,4,,1,55,,1177863,50,4,,1,15,,1177875,50,4,,1,15,,1177894,50,4,,1,15,,1098371,50,4,,1,55,,1177893,50,4,,1,15,,1177862,50,4,,1,15,,1177859,50,4,,1,12,,1177861,50,4,,1,55,,1098380,50,4,,1,17,,1177868,50,4,,1,30,,1177872,50,4,,1,71,,1177856,50,4,,1,32,,1177847,50,4,,1,70,,877364,50,4,,1,27,,974806,50,4,,1,70,,1002708,50,4,,1,30,,1177886,50,4,,1,70,,1039043,50,4,,1,29,,1177880,50,4,,1,70,,1177885,50,4,,1,30,,1177851,50,4,,1,63,,1177882,50,4,,1
9001,'10',442,,1177924,50,4,,1,100,,1177928,50,4,,1,59,,1177902,50,4,,1,19,,1177903,50,4,,1,18,,1075700,50,4,,1,15,,1015294,50,4,,1,55,,1177934,50,4,,1,15,,1177907,50,4,,1,24,,1177904,50,4,,1,56,,1039468,50,4,,1,13,,1071558,50,4,,1,15,,1177926,50,4,,1,17,,1177908,50,4,,1,57,,1177915,50,4,,1,13,,1177942,50,4,,1,11,,1177900,50,4,,1,15,,1177923,50,4,,1,15,,1177933,50,4,,1,55,,1177899,50,4,,1,15,,1177938,50,4,,1,15,,1177917,50,4,,1,15,,1177896,50,4,,1,55,,1177914,50,4,,1,15,,1177939,50,4,,1,15,,1177937,50,4,,1,56,,1177931,50,4,,1,15,,1021325,50,4,,1,15,,1177919,50,4,,1,15,,1177927,50,4,,1,55,,1177941,50,4,,1,15,,1045917,50,4,,1,15,,1097242,50,4,,1,15,,1177921,50,4,,1,55,,1177940,50,4,,1,15,,1177920,50,4,,1,15,,1177929,50,4,,1,15,,1177916,50,4,,1,55,,1177910,50,4,,1,15,,1064547,50,4,,1,11,,1177945,14,4,,1,7,,1177898,50,4,,1,15,,1101247,50,4,,1,55,,1177913,50,4,,1,15,,1177925,50,4,,1,15,,1177944,50,4,,1,15,,1098225,50,4,,1,55,,1177943,50,4,,1,15,,1177912,50,4,,1,15,,1177909,50,4,,1,12,,1177911,50,4,,1,55,,1098234,50,4,,1,17,,1177918,50,4,,1,30,,1177922,50,4,,1,71,,1177906,50,4,,1,32,,1177897,50,4,,1,70,,877388,50,4,,1,27,,974632,50,4,,1,70,,1002878,50,4,,1,30,,1177936,50,4,,1,70,,1039124,50,4,,1,29,,1177930,50,4,,1,70,,1177935,50,4,,1,30,,1177901,50,4,,1,63,,1177932,50,4,,1
9001,'11',442,,1177974,50,4,,1,100,,1177978,50,4,,1,59,,1177952,50,4,,1,19,,1177953,50,4,,1,18,,1075995,50,4,,1,15,,1015049,50,4,,1,55,,1177984,50,4,,1,15,,1177957,50,4,,1,24,,1177954,50,4,,1,56,,1039360,50,4,,1,13,,1071749,50,4,,1,15,,1177976,50,4,,1,17,,1177958,50,4,,1,57,,1177965,50,4,,1,13,,1177992,50,4,,1,11,,1177950,50,4,,1,15,,1177973,50,4,,1,15,,1177983,50,4,,1,55,,1177949,50,4,,1,15,,1177988,50,4,,1,15,,1177967,50,4,,1,15,,1177946,50,4,,1,55,,1177964,50,4,,1,15,,1177989,50,4,,1,15,,1177987,50,4,,1,56,,1177981,50,4,,1,15,,1021108,50,4,,1,15,,1177969,50,4,,1,15,,1177977,50,4,,1,55,,1177991,50,4,,1,15,,1045863,50,4,,1,15,,1097548,50,4,,1,15,,1177971,50,4,,1,55,,1177990,50,4,,1,15,,1177970,50,4,,1,15,,1177979,50,4,,1,15,,1177966,50,4,,1,55,,1177960,50,4,,1,15,,1064743,50,4,,1,11,,1177995,14,4,,1,7,,1177948,50,4,,1,15,,1101442,50,4,,1,55,,1177963,50,4,,1,15,,1177975,50,4,,1,15,,1177994,50,4,,1,15,,1098411,50,4,,1,55,,1177993,50,4,,1,15,,1177962,50,4,,1,15,,1177959,50,4,,1,12,,1177961,50,4,,1,55,,1098420,50,4,,1,17,,1177968,50,4,,1,30,,1177972,50,4,,1,71,,1177956,50,4,,1,32,,1177947,50,4,,1,70,,877318,50,4,,1,27,,974780,50,4,,1,70,,1002661,50,4,,1,30,,1177986,50,4,,1,70,,1039020,50,4,,1,29,,1177980,50,4,,1,70,,1177985,50,4,,1,30,,1177951,50,4,,1,63,,1177982,50,4,,1
9001,'12',442,,1178033,50,4,,1,100,,1178054,50,4,,1,59,,1050489,50,4,,1,19,,1178032,50,4,,1,18,,1071654,50,4,,1,15,,1178021,50,4,,1,55,,1178013,50,4,,1,15,,1178045,50,4,,1,24,,1178016,50,4,,1,56,,1098993,50,4,,1,13,,1085948,50,4,,1,15,,1178014,50,4,,1,17,,1178017,50,4,,1,57,,1178000,50,4,,1,13,,1178052,50,4,,1,11,,1178012,50,4,,1,15,,1178010,50,4,,1,15,,1178006,50,4,,1,55,,1178050,50,4,,1,15,,1079512,50,4,,1,15,,1178002,50,4,,1,15,,1177997,50,4,,1,55,,1178003,50,4,,1,15,,1178048,50,4,,1,15,,1177998,50,4,,1,56,,1178023,50,4,,1,15,,1178043,50,4,,1,15,,1177996,50,4,,1,15,,1178022,50,4,,1,55,,1178031,50,4,,1,15,,1178040,50,4,,1,15,,1178005,50,4,,1,15,,1178041,50,4,,1,55,,1178034,50,4,,1,15,,1178038,50,4,,1,15,,1178008,50,4,,1,15,,1178018,50,4,,1,55,,1178004,50,4,,1,15,,1178015,50,4,,1,11,,1178047,14,4,,1,7,,1178042,50,4,,1,15,,1178011,50,4,,1,55,,1178024,50,4,,1,15,,1178044,50,4,,1,15,,1178030,50,4,,1,15,,1178019,50,4,,1,55,,1178009,50,4,,1,15,,1178020,50,4,,1,15,,1178036,50,4,,1,12,,1178039,50,4,,1,55,,1178007,50,4,,1,17,,1178025,50,4,,1,30,,1178028,50,4,,1,71,,1178053,50,4,,1,32,,1178035,50,4,,1,70,,1178029,50,4,,1,27,,1178046,50,4,,1,70,,1178049,50,4,,1,30,,1178037,50,4,,1,70,,1178051,50,4,,1,29,,1178026,50,4,,1,70,,997019,50,4,,1,30,,1178001,50,4,,1,63,,1178027,50,4,,1
9001,'13',741,,1178074,50,4,,1,70,,1178058,50,4,,1,31,,1178082,50,4,,1,70,,1178066,50,4,,1,30,,1178055,50,4,,1,70,,1178084,50,4,,1,31,,1178079,50,4,,1,70,,1178075,50,4,,1,30,,1178062,50,4,,1,70,,1178060,50,4,,1,31,,1178063,50,4,,1,70,,1178064,50,4,,1,30,,1178069,50,4,,1,70,,1178076,50,4,,1,30,,1178059,50,4,,1,70,,1074449,50,4,,1,30,,1178081,50,4,,1,70,,1178072,50,4,,1,30,,1178057,50,4,,1,70,,1178071,50,4,,1,30,,1083460,50,4,,1,70,,1178083,50,4,,1,28,,1178080,50,4,,1,70,,1178068,50,4,,1,30,,1178078,50,4,,1,70,,1178056,50,4,,1,29,,1178067,50,4,,1,70,,1178061,50,4,,1,29,,1178070,50,4,,1,70,,1068800,50,4,,1,30,,1178077,50,4,,1,70,,1178065,50,4,,1,30,,1178073,50,4,,1
9001,'14',442,,1178121,50,4,,1,100,,1178125,50,4,,1,59,,1178096,50,4,,1,19,,1178097,50,4,,1,18,,1178088,50,4,,1,15,,1178098,50,4,,1,55,,1178131,50,4,,1,15,,1178103,50,4,,1,24,,1178099,50,4,,1,56,,1178139,50,4,,1,13,,1178146,50,4,,1,15,,1178123,50,4,,1,17,,1178104,50,4,,1,57,,1178112,50,4,,1,13,,1178142,50,4,,1,11,,1178091,50,4,,1,15,,1178120,50,4,,1,15,,1178130,50,4,,1,55,,1178090,50,4,,1,15,,1178135,50,4,,1,15,,1178114,50,4,,1,15,,1178085,50,4,,1,55,,1178111,50,4,,1,15,,1178136,50,4,,1,15,,1178134,50,4,,1,56,,1178128,50,4,,1,15,,1178093,50,4,,1,15,,1178116,50,4,,1,15,,1178124,50,4,,1,55,,1178138,50,4,,1,15,,1178101,50,4,,1,15,,1178148,50,4,,1,15,,1178118,50,4,,1,55,,1178137,50,4,,1,15,,1178117,50,4,,1,15,,1178126,50,4,,1,15,,1178113,50,4,,1,55,,1178106,50,4,,1,15,,1178147,50,4,,1,11,,1178149,14,4,,1,7,,1178089,50,4,,1,15,,1178086,50,4,,1,55,,1178110,50,4,,1,15,,1178122,50,4,,1,15,,1178144,50,4,,1,15,,1178092,50,4,,1,55,,1178143,50,4,,1,15,,1178109,50,4,,1,15,,1178105,50,4,,1,12,,1178108,50,4,,1,55,,1178140,50,4,,1,17,,1178115,50,4,,1,30,,1178119,50,4,,1,71,,1178102,50,4,,1,32,,1178087,50,4,,1,70,,1178107,50,4,,1,27,,1178145,50,4,,1,70,,1178095,50,4,,1,30,,1178133,50,4,,1,70,,1178141,50,4,,1,29,,1178127,50,4,,1,70,,1178132,50,4,,1,30,,1178094,50,4,,1,63,,1178129,50,4,,1
9001,'15',442,,1178189,50,4,,1,100,,1178159,50,4,,1,59,,1178162,50,4,,1,19,,1178170,50,4,,1,18,,1178167,50,4,,1,15,,1178195,50,4,,1,55,,1178154,50,4,,1,15,,1178152,50,4,,1,24,,1178204,50,4,,1,56,,1178214,50,4,,1,13,,1178198,50,4,,1,15,,1178212,50,4,,1,17,,1178193,50,4,,1,57,,1178151,50,4,,1,13,,1178177,50,4,,1,11,,1178169,50,4,,1,15,,1178156,50,4,,1,15,,1178180,50,4,,1,55,,1178185,50,4,,1,15,,1178153,50,4,,1,15,,1178186,50,4,,1,15,,1178174,50,4,,1,55,,1178210,50,4,,1,15,,1178192,50,4,,1,15,,1178184,50,4,,1,56,,1178187,50,4,,1,15,,1178171,50,4,,1,15,,1178161,50,4,,1,15,,1178150,50,4,,1,55,,1178155,50,4,,1,15,,1178163,50,4,,1,15,,1178172,50,4,,1,15,,1178196,50,4,,1,55,,1178168,50,4,,1,15,,1178209,50,4,,1,15,,1178157,50,4,,1,15,,1178191,50,4,,1,55,,1178178,50,4,,1,15,,1178200,50,4,,1,11,,1178203,14,4,,1,7,,1178176,50,4,,1,15,,1178190,50,4,,1,55,,1178183,50,4,,1,15,,1178164,50,4,,1,15,,1178199,50,4,,1,15,,1178160,50,4,,1,55,,1178206,50,4,,1,15,,1178188,50,4,,1,15,,1178179,50,4,,1,12,,1178211,50,4,,1,55,,1178208,50,4,,1,17,,1178202,50,4,,1,30,,1178213,50,4,,1,71,,1178165,50,4,,1,32,,1178197,50,4,,1,70,,1178181,50,4,,1,27,,1178166,50,4,,1,70,,1178207,50,4,,1,30,,1178173,50,4,,1,70,,1178175,50,4,,1,29,,1178194,50,4,,1,70,,1178201,50,4,,1,30,,1178158,50,4,,1,63,,1178205,50,4,,1
9001,'16',442,,1178249,50,4,,1,100,,1094865,50,4,,1,59,,1178252,50,4,,1,19,,1178248,50,4,,1,18,,1178261,50,4,,1,15,,1178238,50,4,,1,55,,1178229,50,4,,1,15,,1178263,50,4,,1,24,,1178232,50,4,,1,56,,1178234,50,4,,1,13,,1178269,50,4,,1,15,,1178230,50,4,,1,17,,1178233,50,4,,1,57,,1071710,50,4,,1,13,,1178271,50,4,,1,11,,1178228,50,4,,1,15,,1178226,50,4,,1,15,,1178222,50,4,,1,55,,1178268,50,4,,1,15,,1178273,50,4,,1,15,,1065159,50,4,,1,15,,1178216,50,4,,1,55,,1178220,50,4,,1,15,,1178266,50,4,,1,15,,1178217,50,4,,1,56,,1178240,50,4,,1,15,,1178262,50,4,,1,15,,1178215,50,4,,1,15,,1178239,50,4,,1,55,,1178247,50,4,,1,15,,1178257,50,4,,1,15,,1178221,50,4,,1,15,,1178259,50,4,,1,55,,1178250,50,4,,1,15,,1178255,50,4,,1,15,,1178224,50,4,,1,15,,1178235,50,4,,1,55,,1066560,50,4,,1,15,,1178231,50,4,,1,11,,1178265,14,4,,1,7,,1178260,50,4,,1,15,,1178227,50,4,,1,55,,1178241,50,4,,1,15,,1073457,50,4,,1,15,,1178246,50,4,,1,15,,1178236,50,4,,1,55,,1178225,50,4,,1,15,,1178237,50,4,,1,15,,1178253,50,4,,1,12,,1178256,50,4,,1,55,,1178223,50,4,,1,17,,1178242,50,4,,1,30,,1178244,50,4,,1,71,,1178272,50,4,,1,32,,1178251,50,4,,1,70,,1178245,50,4,,1,27,,1178264,50,4,,1,70,,1178267,50,4,,1,30,,1178254,50,4,,1,70,,1178270,50,4,,1,29,,1178243,50,4,,1,70,,1178258,50,4,,1,30,,1178219,50,4,,1,63,,1064941,50,4,,1
9001,'17',741,,1178294,50,4,,1,70,,1178278,50,4,,1,31,,1178303,50,4,,1,70,,1178286,50,4,,1,30,,1178274,50,4,,1,70,,1178305,50,4,,1,31,,1178299,50,4,,1,70,,1178295,50,4,,1,30,,1178282,50,4,,1,70,,1178280,50,4,,1,31,,1178283,50,4,,1,70,,1178284,50,4,,1,30,,1178289,50,4,,1,70,,1178296,50,4,,1,30,,1178279,50,4,,1,70,,1178306,50,4,,1,30,,1178301,50,4,,1,70,,1178292,50,4,,1,30,,1178277,50,4,,1,70,,1178291,50,4,,1,30,,1178276,50,4,,1,70,,1178304,50,4,,1,28,,1178300,50,4,,1,70,,1178288,50,4,,1,30,,1178298,50,4,,1,70,,1178275,50,4,,1,29,,1178287,50,4,,1,70,,1178281,50,4,,1,29,,1178290,50,4,,1,70,,1178302,50,4,,1,30,,1178297,50,4,,1,70,,1178285,50,4,,1,30,,1178293,50,4,,1
9001,'2',547,,1178320,50,4,,1,70,,1178310,50,4,,1,30,,1178313,50,4,,1,70,,1049108,50,4,,1,30,,1178307,50,4,,1,70,,1178324,50,4,,1,31,,1178321,50,4,,1,70,,1178334,50,4,,1,30,,1089661,50,4,,1,70,,1178312,50,4,,1,31,,1178318,50,4,,1,70,,1069447,50,4,,1,30,,1178331,50,4,,1,70,,1178309,50,4,,1,31,,1178329,50,4,,1,70,,1178330,50,4,,1,30,,1178308,50,4,,1,70,,1085350,50,4,,1,30,,1178325,50,4,,1,70,,1178333,50,4,,1,30,,1178311,50,4,,1,70,,1178315,50,4,,1,30,,1178335,50,4,,1,70,,1178336,50,4,,1,30,,1178328,50,4,,1,70,,1178319,50,4,,1,28,,1178323,50,4,,1,70,,1178317,50,4,,1,30,,1178332,50,4,,1,70,,1099925,50,4,,1,29,,1178316,50,4,,1,70,,1178326,50,4,,1,29,,1178327,50,4,,1,70,,1178322,50,4,,1,30,,1079722,50,4,,1,70,,1178314,50,4,,1,30,,1178337,50,4,,1
9001,'3',741,,1178358,50,4,,1,70,,1178342,50,4,,1,31,,1178367,50,4,,1,70,,1178350,50,4,,1,30,,1178338,50,4,,1,70,,1178369,50,4,,1,31,,1178363,50,4,,1,70,,1178359,50,4,,1,30,,1178346,50,4,,1,70,,1178344,50,4,,1,31,,1178347,50,4,,1,70,,1178348,50,4,,1,30,,1178353,50,4,,1,70,,1178360,50,4,,1,30,,1178343,50,4,,1,70,,1178370,50,4,,1,30,,1178365,50,4,,1,70,,1178356,50,4,,1,30,,1178341,50,4,,1,70,,1178355,50,4,,1,30,,1178340,50,4,,1,70,,1178368,50,4,,1,28,,1178364,50,4,,1,70,,1178352,50,4,,1,30,,1178362,50,4,,1,70,,1178339,50,4,,1,29,,1178351,50,4,,1,70,,1178345,50,4,,1,29,,1178354,50,4,,1,70,,1178366,50,4,,1,30,,1178361,50,4,,1,70,,1178349,50,4,,1,30,,1178357,50,4,,1
9001,'4',741,,1178383,50,4,,1,70,,1178399,50,4,,1,31,,1178388,50,4,,1,70,,1178378,50,4,,1,30,,1178375,50,4,,1,70,,1178380,50,4,,1,31,,1178384,50,4,,1,70,,1178394,50,4,,1,30,,1178381,50,4,,1,70,,1178392,50,4,,1,31,,1178385,50,4,,1,70,,1178396,50,4,,1,30,,1092756,50,4,,1,70,,1178379,50,4,,1,30,,1178377,50,4,,1,70,,1178402,50,4,,1,30,,1178398,50,4,,1,70,,1178391,50,4,,1,30,,1178397,50,4,,1,70,,1178382,50,4,,1,30,,1178395,50,4,,1,70,,1178389,50,4,,1,28,,1178374,50,4,,1,70,,1178400,50,4,,1,30,,1178376,50,4,,1,70,,1178373,50,4,,1,29,,1178386,50,4,,1,70,,1178393,50,4,,1,29,,1178372,50,4,,1,70,,1178387,50,4,,1,30,,1178371,50,4,,1,70,,1178390,50,4,,1,30,,1178401,50,4,,1
9001,'5',442,,1178431,50,4,,1,100,,1178435,50,4,,1,59,,1178409,50,4,,1,19,,1178410,50,4,,1,18,,1075886,50,4,,1,15,,1014722,50,4,,1,55,,1178441,50,4,,1,15,,1178414,50,4,,1,24,,1178411,50,4,,1,56,,1039235,50,4,,1,13,,1071683,50,4,,1,15,,1178433,50,4,,1,17,,1178415,50,4,,1,57,,1178422,50,4,,1,13,,1178449,50,4,,1,11,,1178407,50,4,,1,15,,1178430,50,4,,1,15,,1178440,50,4,,1,55,,1178406,50,4,,1,15,,1178445,50,4,,1,15,,1178424,50,4,,1,15,,1178403,50,4,,1,55,,1178421,50,4,,1,15,,1178446,50,4,,1,15,,1178444,50,4,,1,56,,1178438,50,4,,1,15,,1020872,50,4,,1,15,,1178426,50,4,,1,15,,1178434,50,4,,1,55,,1178448,50,4,,1,15,,1045820,50,4,,1,15,,1097433,50,4,,1,15,,1178428,50,4,,1,55,,1178447,50,4,,1,15,,1178427,50,4,,1,15,,1178436,50,4,,1,15,,1178423,50,4,,1,55,,1178417,50,4,,1,15,,1064675,50,4,,1,11,,1178452,14,4,,1,7,,1178405,50,4,,1,15,,1101380,50,4,,1,55,,1178420,50,4,,1,15,,1178432,50,4,,1,15,,1178451,50,4,,1,15,,1098353,50,4,,1,55,,1178450,50,4,,1,15,,1178419,50,4,,1,15,,1178416,50,4,,1,12,,1178418,50,4,,1,55,,1098362,50,4,,1,17,,1178425,50,4,,1,30,,1178429,50,4,,1,71,,1178413,50,4,,1,32,,1178404,50,4,,1,70,,877458,50,4,,1,27,,974887,50,4,,1,70,,1002389,50,4,,1,30,,1178443,50,4,,1,70,,1038892,50,4,,1,29,,1178437,50,4,,1,70,,1178442,50,4,,1,30,,1178408,50,4,,1,63,,1178439,50,4,,1
9001,'6',442,,1178488,50,4,,1,100,,1178506,50,4,,1,59,,1178491,50,4,,1,19,,1178487,50,4,,1,18,,1178499,50,4,,1,15,,1178476,50,4,,1,55,,1178467,50,4,,1,15,,1178502,50,4,,1,24,,1178470,50,4,,1,56,,1178472,50,4,,1,13,,1178504,50,4,,1,15,,1178468,50,4,,1,17,,1178471,50,4,,1,57,,1178454,50,4,,1,13,,1027410,50,4,,1,11,,1178466,50,4,,1,15,,1178464,50,4,,1,15,,1178460,50,4,,1,55,,1066641,50,4,,1,15,,1178507,50,4,,1,15,,1178456,50,4,,1,15,,1079244,50,4,,1,55,,1178457,50,4,,1,15,,1178503,50,4,,1,15,,1093008,50,4,,1,56,,1178478,50,4,,1,15,,1178500,50,4,,1,15,,1091391,50,4,,1,15,,1178477,50,4,,1,55,,1178486,50,4,,1,15,,1178495,50,4,,1,15,,1178459,50,4,,1,15,,1178497,50,4,,1,55,,1178489,50,4,,1,15,,1178493,50,4,,1,15,,1178462,50,4,,1,15,,1178473,50,4,,1,55,,1178458,50,4,,1,15,,1178469,50,4,,1,11,,1052237,14,4,,1,7,,1178498,50,4,,1,15,,1178465,50,4,,1,55,,1178479,50,4,,1,15,,1178501,50,4,,1,15,,1178485,50,4,,1,15,,1178474,50,4,,1,55,,1178463,50,4,,1,15,,1178475,50,4,,1,15,,1031871,50,4,,1,12,,1178494,50,4,,1,55,,1178461,50,4,,1,17,,1178480,50,4,,1,30,,1178483,50,4,,1,71,,960122,50,4,,1,32,,1178490,50,4,,1,70,,1178484,50,4,,1,27,,1040126,50,4,,1,70,,1087691,50,4,,1,30,,1178492,50,4,,1,70,,1178505,50,4,,1,29,,1178481,50,4,,1,70,,1178496,50,4,,1,30,,1178455,50,4,,1,63,,1178482,50,4,,1
9001,'7',547,,1178520,50,4,,1,70,,1178514,50,4,,1,30,,1178509,50,4,,1,70,,1178538,50,4,,1,30,,1178521,50,4,,1,70,,1178534,50,4,,1,31,,1178525,50,4,,1,70,,1178515,50,4,,1,30,,1178541,50,4,,1,70,,1178542,50,4,,1,31,,1178528,50,4,,1,70,,1178522,50,4,,1,30,,1178540,50,4,,1,70,,1178535,50,4,,1,31,,1178527,50,4,,1,70,,1178526,50,4,,1,30,,1178532,50,4,,1,70,,1178512,50,4,,1,30,,1178544,50,4,,1,70,,1178539,50,4,,1,30,,1178510,50,4,,1,70,,1178523,50,4,,1,30,,1178543,50,4,,1,70,,1178524,50,4,,1,30,,1178519,50,4,,1,70,,1178531,50,4,,1,28,,1178508,50,4,,1,70,,1178533,50,4,,1,30,,1178518,50,4,,1,70,,1178517,50,4,,1,29,,1178529,50,4,,1,70,,1178536,50,4,,1,29,,1178530,50,4,,1,70,,1178516,50,4,,1,30,,1178513,50,4,,1,70,,1178537,50,4,,1,30,,1178511,50,4,,1
9001,'8',442,,1178583,50,4,,1,100,,1178608,50,4,,1,59,,1178586,50,4,,1,19,,1178582,50,4,,1,18,,1178595,50,4,,1,15,,1178571,50,4,,1,55,,1178562,50,4,,1,15,,1178598,50,4,,1,24,,1178565,50,4,,1,56,,1178567,50,4,,1,13,,1178604,50,4,,1,15,,1178563,50,4,,1,17,,1178566,50,4,,1,57,,1178549,50,4,,1,13,,1178606,50,4,,1,11,,1178561,50,4,,1,15,,1178559,50,4,,1,15,,1178555,50,4,,1,55,,1178603,50,4,,1,15,,1178609,50,4,,1,15,,1178551,50,4,,1,15,,1178546,50,4,,1,55,,1178552,50,4,,1,15,,1178601,50,4,,1,15,,1178547,50,4,,1,56,,1178573,50,4,,1,15,,1178596,50,4,,1,15,,1178545,50,4,,1,15,,1178572,50,4,,1,55,,1178581,50,4,,1,15,,1178591,50,4,,1,15,,1178554,50,4,,1,15,,1178593,50,4,,1,55,,1178584,50,4,,1,15,,1178589,50,4,,1,15,,1178557,50,4,,1,15,,1178568,50,4,,1,55,,1178553,50,4,,1,15,,1178564,50,4,,1,11,,1178600,14,4,,1,7,,1178594,50,4,,1,15,,1178560,50,4,,1,55,,1178574,50,4,,1,15,,1178597,50,4,,1,15,,1178580,50,4,,1,15,,1178569,50,4,,1,55,,1178558,50,4,,1,15,,1178570,50,4,,1,15,,1178587,50,4,,1,12,,1178590,50,4,,1,55,,1178556,50,4,,1,17,,1178575,50,4,,1,30,,1178578,50,4,,1,71,,1178607,50,4,,1,32,,1178585,50,4,,1,70,,1178579,50,4,,1,27,,1178599,50,4,,1,70,,1178602,50,4,,1,30,,1178588,50,4,,1,70,,1178605,50,4,,1,29,,1178576,50,4,,1,70,,1178592,50,4,,1,30,,1178550,50,4,,1,63,,1178577,50,4,,1
9001,'9',442,,1178638,50,4,,1,100,,1178642,50,4,,1,59,,1178616,50,4,,1,19,,1178617,50,4,,1,18,,1075767,50,4,,1,15,,1015157,50,4,,1,55,,1178648,50,4,,1,15,,1178621,50,4,,1,24,,1178618,50,4,,1,56,,1039408,50,4,,1,13,,1071606,50,4,,1,15,,1178640,50,4,,1,17,,1178622,50,4,,1,57,,1178629,50,4,,1,13,,1178656,50,4,,1,11,,1178614,50,4,,1,15,,1178637,50,4,,1,15,,1178647,50,4,,1,55,,1178613,50,4,,1,15,,1178652,50,4,,1,15,,1178631,50,4,,1,15,,1178610,50,4,,1,55,,1178628,50,4,,1,15,,1178653,50,4,,1,15,,1178651,50,4,,1,56,,1178645,50,4,,1,15,,1021204,50,4,,1,15,,1178633,50,4,,1,15,,1178641,50,4,,1,55,,1178655,50,4,,1,15,,1045885,50,4,,1,15,,1097317,50,4,,1,15,,1178635,50,4,,1,55,,1178654,50,4,,1,15,,1178634,50,4,,1,15,,1178643,50,4,,1,15,,1178630,50,4,,1,55,,1178624,50,4,,1,15,,1064594,50,4,,1,11,,1178659,14,4,,1,7,,1178612,50,4,,1,15,,1101293,50,4,,1,55,,1178627,50,4,,1,15,,1178639,50,4,,1,15,,1178658,50,4,,1,15,,1098273,50,4,,1,55,,1178657,50,4,,1,15,,1178626,50,4,,1,15,,1178623,50,4,,1,12,,1178625,50,4,,1,55,,1098282,50,4,,1,17,,1178632,50,4,,1,30,,1178636,50,4,,1,71,,1178620,50,4,,1,32,,1178611,50,4,,1,70,,877412,50,4,,1,27,,974861,50,4,,1,70,,1002755,50,4,,1,30,,1178650,50,4,,1,70,,1039066,50,4,,1,29,,1178644,50,4,,1,70,,1178649,50,4,,1,30,,1178615,50,4,,1,63,,1178646,50,4,,1
9200,'1',1503,,1178669,1,0,41,1,32,,1178674,1,0,41,1,70,,1178661,1,0,41,1,30,,1178673,1,0,41,1,68,,1178676,1,0,41,1,30,,1178660,1,0,41,1
9200,'10',1503,,1178686,1,0,41,1,32,,1178691,1,0,41,1,70,,1178678,1,0,41,1,30,,1178690,1,0,41,1,68,,1178693,1,0,41,1,30,,1178677,1,0,41,1
9200,'11',1503,,1178703,1,0,41,1,32,,1178708,1,0,41,1,70,,1178695,1,0,41,1,30,,1178707,1,0,41,1,68,,1178710,1,0,41,1,30,,1178694,1,0,41,1
9200,'12',1503,,1178717,1,0,41,1,32,,1178713,1,0,41,1,70,,1178718,1,0,41,1,30,,1178714,1,0,41,1,68,,1178711,1,0,41,1,30,,1178722,1,0,41,1
9200,'14',1503,,1178741,1,0,41,1,32,,1178746,1,0,41,1,70,,1178732,1,0,41,1,30,,1178745,1,0,41,1,68,,1178749,1,0,41,1,30,,1178729,1,0,41,1
9200,'15',1503,,1178754,1,0,41,1,32,,1178767,1,0,41,1,70,,1178769,1,0,41,1,30,,1178750,1,0,41,1,68,,1178751,1,0,41,1,30,,1178765,1,0,41,1
9200,'16',1503,,1178777,1,0,41,1,32,,1178773,1,0,41,1,70,,1178778,1,0,41,1,30,,1178774,1,0,41,1,68,,1178771,1,0,41,1,30,,1178782,1,0,41,1
9200,'5',1503,,1178799,1,0,41,1,32,,1178804,1,0,41,1,70,,1178791,1,0,41,1,30,,1178803,1,0,41,1,68,,1178806,1,0,41,1,30,,1178790,1,0,41,1
9200,'6',1503,,1178812,1,0,41,1,32,,1178808,1,0,41,1,70,,1178813,1,0,41,1,30,,1178809,1,0,41,1,68,,1031023,1,0,41,1,30,,1178817,1,0,41,1
9200,'8',1503,,1178832,1,0,41,1,32,,1178828,1,0,41,1,70,,1178833,1,0,41,1,30,,1178829,1,0,41,1,68,,1178826,1,0,41,1,30,,1178837,1,0,41,1
9200,'9',1503,,1178856,1,0,41,1,32,,1178861,1,0,41,1,70,,1178848,1,0,41,1,30,,1178860,1,0,41,1,68,,1178863,1,0,41,1,30,,1178847,1,0,41,1
9201,'1',648,,1052870,69,4,,1,72,,1075009,69,4,,1,33,,1178872,69,4,,1,63,,1178876,69,4,,1,40,,1178867,69,4,,1,70,,1100418,69,4,,1
9201,'10',648,,1052916,69,4,,1,72,,1074637,69,4,,1,33,,1178886,69,4,,1,63,,1178890,69,4,,1,40,,1178881,69,4,,1,70,,1100333,69,4,,1
9201,'11',648,,1052857,69,4,,1,72,,1075115,69,4,,1,33,,1178900,69,4,,1,63,,1178904,69,4,,1,40,,1178895,69,4,,1,70,,1100442,69,4,,1
9201,'12',648,,1178922,69,4,,1,72,,1178910,69,4,,1,33,,1178906,69,4,,1,63,,1178917,69,4,,1,40,,1178907,69,4,,1,70,,1178920,69,4,,1
9201,'14',648,,1178932,69,4,,1,72,,1178936,69,4,,1,33,,1178934,69,4,,1,63,,1178940,69,4,,1,40,,1178927,69,4,,1,70,,1178933,69,4,,1
9201,'15',648,,1178949,69,4,,1,72,,1178952,69,4,,1,33,,1178944,69,4,,1,63,,1178957,69,4,,1,40,,1178958,69,4,,1,70,,1178946,69,4,,1
9201,'16',648,,1034985,69,4,,1,72,,1178965,69,4,,1,33,,1178961,69,4,,1,63,,1178974,69,4,,1,40,,1178962,69,4,,1,70,,1178976,69,4,,1
9201,'5',648,,1052769,69,4,,1,72,,1074957,69,4,,1,33,,1178986,69,4,,1,63,,1178990,69,4,,1,40,,1178981,69,4,,1,70,,1100402,69,4,,1
9201,'6',648,,1179005,69,4,,1,72,,1102298,69,4,,1,33,,1178992,69,4,,1,63,,1179000,69,4,,1,40,,1178993,69,4,,1,70,,1179003,69,4,,1
9201,'8',648,,1179024,69,4,,1,72,,1179010,69,4,,1,33,,1179006,69,4,,1,63,,1179019,69,4,,1,40,,1179007,69,4,,1,70,,1179022,69,4,,1
9201,'9',648,,1052883,69,4,,1,72,,1074751,69,4,,1,33,,1179033,69,4,,1,63,,1179037,69,4,,1,40,,1179028,69,4,,1,70,,1100361,69,4,,1
9800,'1',553,,1180257,1,,,1,50,,1180274,1,0,50 141 102 103,1,20,,1180264,1,,,1,29,,1180238,1,,,1,50,,1180279,1,0,50 141 102 103,1,18,,1180236,1,,,1,12,,1180246,1,0,50 141 102 103,1,18,,1180285,1,,,1,53,,1180266,1,0,50 141 102 103,1,17,,1180247,1,,,1,13,,1180288,1,0,50 141 102 103,1,16,,1180289,1,,,1,10,,1180249,1,0,50 141 102 103,1,56,,1180255,1,,,1,15,,1180292,1,,,1,15,,1180278,1,,,1,55,,1180248,1,,,1,15,,1180267,1,,,1,15,,1080258,1,,,1,15,,1180294,1,,,1,55,,1103140,1,,,1,15,,1180241,1,,,1,15,,1180298,1,,,1,15,,1066539,1,,,1,55,,1180275,1,,,1,15,,1180268,1,,,1,15,,1180290,1,,,1,15,,1180253,1,,,1,55,,1180251,1,,,1,15,,1180244,1,,,1,15,,1180245,1,,,1,15,,1180293,1,,,1,55,,1180235,1,,,1,15,,1019424,1,,,1,14,,1180263,1,,,1,7,,1180258,1,0,50 141 102 103,1,9,,1180284,1,,,1,55,,1180295,1,,,1,7,,1180280,1,0,50 141 102 103,1,10,,1180270,1,,,1,5,,1088775,1,0,50 141 102 103,1,8,,1180291,1,,,1,9,,1023712,1,,,1,8,,1180265,1,,,1,7,,1180261,1,0,50 141 102 103,1,47,,1180286,1,,,1,14,,1180234,1,,,1,8,,1180277,1,0,50 141 102 103,1,7,,1180273,1,,,1,8,,1180256,1,0,50 141 102 103,1,7,,1094612,1,,,1,8,,1180283,1,0,50 141 102 103,1,47,,1180237,1,,,1,15,,1180287,1,,,1,8,,1180239,1,0,50 141 102 103,1,3,,1180269,1,0,50 141 102 103,1,4,,1180260,1,,,1,15,,1180232,1,,,1,8,,1180250,1,0,50 141 102 103,1,47,,1180272,1,,,1,8,,1180233,1,0,50 141 102 103,1,7,,1180297,1,0,50 141 102 103,1,8,,1180262,1,0,50 141 102 103,1,7,,1180243,1,,,1,15,,1180276,1,0,50 141 102 103,1,8,,1180271,1,0,50 141 102 103,1,47,,1180242,1,,,1,30,,1180240,1,,,1,25,,1180281,1,,,1,70,,954039,1,,,1,30,,1180259,1,,,1,70,,970716,1,,,1,30,,1180282,1,,,1,70,,1180254,1,,,1,30,,1180252,1,,,1,70,,1083587,1,,,1,33,,1180296,1,,,1
9800,'10',553,,1180324,1,,,1,50,,1180341,1,0,50 141 102 103,1,20,,1180331,1,,,1,29,,1180305,1,,,1,50,,1180346,1,0,50 141 102 103,1,18,,1180303,1,,,1,12,,1180313,1,0,50 141 102 103,1,18,,1180352,1,,,1,53,,1180333,1,0,50 141 102 103,1,17,,1180314,1,,,1,13,,1180355,1,0,50 141 102 103,1,16,,1180356,1,,,1,10,,1180316,1,0,50 141 102 103,1,56,,1180322,1,,,1,15,,1180359,1,,,1,15,,1180345,1,,,1,55,,1180315,1,,,1,15,,1180334,1,,,1,15,,1080123,1,,,1,15,,1180361,1,,,1,55,,1103137,1,,,1,15,,1180308,1,,,1,15,,1180365,1,,,1,15,,1066317,1,,,1,55,,1180342,1,,,1,15,,1180335,1,,,1,15,,1180357,1,,,1,15,,1180320,1,,,1,55,,1180318,1,,,1,15,,1180311,1,,,1,15,,1180312,1,,,1,15,,1180360,1,,,1,55,,1180302,1,,,1,15,,1019464,1,,,1,14,,1180330,1,,,1,7,,1180325,1,0,50 141 102 103,1,9,,1180351,1,,,1,55,,1180362,1,,,1,7,,1180347,1,0,50 141 102 103,1,10,,1180337,1,,,1,5,,1088370,1,0,50 141 102 103,1,8,,1180358,1,,,1,9,,1023798,1,,,1,8,,1180332,1,,,1,7,,1180328,1,0,50 141 102 103,1,47,,1180353,1,,,1,14,,1180301,1,,,1,8,,1180344,1,0,50 141 102 103,1,7,,1180340,1,,,1,8,,1180323,1,0,50 141 102 103,1,7,,1094442,1,,,1,8,,1180350,1,0,50 141 102 103,1,47,,1180304,1,,,1,15,,1180354,1,,,1,8,,1180306,1,0,50 141 102 103,1,3,,1180336,1,0,50 141 102 103,1,4,,1180327,1,,,1,15,,1180299,1,,,1,8,,1180317,1,0,50 141 102 103,1,47,,1180339,1,,,1,8,,1180300,1,0,50 141 102 103,1,7,,1180364,1,0,50 141 102 103,1,8,,1180329,1,0,50 141 102 103,1,7,,1180310,1,,,1,15,,1180343,1,0,50 141 102 103,1,8,,1180338,1,0,50 141 102 103,1,47,,1180309,1,,,1,30,,1180307,1,,,1,25,,1180348,1,,,1,70,,953567,1,,,1,30,,1180326,1,,,1,70,,970486,1,,,1,30,,1180349,1,,,1,70,,1180321,1,,,1,30,,1180319,1,,,1,70,,1083348,1,,,1,33,,1180363,1,,,1
9800,'11',553,,1180391,1,,,1,50,,1180408,1,0,50 141 102 103,1,20,,1180398,1,,,1,29,,1180372,1,,,1,50,,1180413,1,0,50 141 102 103,1,18,,1180370,1,,,1,12,,1180380,1,0,50 141 102 103,1,18,,1180419,1,,,1,53,,1180400,1,0,50 141 102 103,1,17,,1180381,1,,,1,13,,1180422,1,0,50 141 102 103,1,16,,1180423,1,,,1,10,,1180383,1,0,50 141 102 103,1,56,,1180389,1,,,1,15,,1180426,1,,,1,15,,1180412,1,,,1,55,,1180382,1,,,1,15,,1180401,1,,,1,15,,1080295,1,,,1,15,,1180428,1,,,1,55,,1103141,1,,,1,15,,1180375,1,,,1,15,,1180432,1,,,1,15,,1066606,1,,,1,55,,1180409,1,,,1,15,,1180402,1,,,1,15,,1180424,1,,,1,15,,1180387,1,,,1,55,,1180385,1,,,1,15,,1180378,1,,,1,15,,1180379,1,,,1,15,,1180427,1,,,1,55,,1180369,1,,,1,15,,1019413,1,,,1,14,,1180397,1,,,1,7,,1180392,1,0,50 141 102 103,1,9,,1180418,1,,,1,55,,1180429,1,,,1,7,,1180414,1,0,50 141 102 103,1,10,,1180404,1,,,1,5,,1088896,1,0,50 141 102 103,1,8,,1180425,1,,,1,9,,1023686,1,,,1,8,,1180399,1,,,1,7,,1180395,1,0,50 141 102 103,1,47,,1180420,1,,,1,14,,1180368,1,,,1,8,,1180411,1,0,50 141 102 103,1,7,,1180407,1,,,1,8,,1180390,1,0,50 141 102 103,1,7,,1094654,1,,,1,8,,1180417,1,0,50 141 102 103,1,47,,1180371,1,,,1,15,,1180421,1,,,1,8,,1180373,1,0,50 141 102 103,1,3,,1180403,1,0,50 141 102 103,1,4,,1180394,1,,,1,15,,1180366,1,,,1,8,,1180384,1,0,50 141 102 103,1,47,,1180406,1,,,1,8,,1180367,1,0,50 141 102 103,1,7,,1180431,1,0,50 141 102 103,1,8,,1180396,1,0,50 141 102 103,1,7,,1180377,1,,,1,15,,1180410,1,0,50 141 102 103,1,8,,1180405,1,0,50 141 102 103,1,47,,1180376,1,,,1,30,,1180374,1,,,1,25,,1180415,1,,,1,70,,953972,1,,,1,30,,1180393,1,,,1,70,,970673,1,,,1,30,,1180416,1,,,1,70,,1180388,1,,,1,30,,1180386,1,,,1,70,,1083657,1,,,1,33,,1180430,1,,,1
9800,'12',553,,1180457,1,,,1,50,,1180463,1,0,50 141 102 103,1,20,,1180451,1,,,1,29,,1180474,1,,,1,50,,1180445,1,0,50 141 102 103,1,18,,1180472,1,,,1,12,,1180493,1,0,50 141 102 103,1,18,,1180435,1,,,1,53,,1180447,1,0,50 141 102 103,1,17,,1180487,1,,,1,13,,1180465,1,0,50 141 102 103,1,16,,1180464,1,,,1,10,,1180499,1,0,50 141 102 103,1,56,,1067936,1,,,1,15,,1180468,1,,,1,15,,1048172,1,,,1,55,,1180467,1,,,1,15,,1088002,1,,,1,15,,1180458,1,,,1,15,,1180485,1,,,1,55,,1180478,1,,,1,15,,1180439,1,,,1,15,,1180482,1,,,1,15,,1180461,1,,,1,55,,1180446,1,,,1,15,,1051113,1,,,1,15,,1180462,1,,,1,15,,1180469,1,,,1,55,,1180440,1,,,1,15,,1180477,1,,,1,15,,1180488,1,,,1,15,,1180459,1,,,1,55,,1180442,1,,,1,15,,1180476,1,,,1,14,,1180456,1,,,1,7,,1180471,1,0,50 141 102 103,1,9,,1180470,1,,,1,55,,1180486,1,,,1,7,,1180496,1,0,50 141 102 103,1,10,,1180491,1,,,1,5,,1180473,1,0,50 141 102 103,1,8,,1180437,1,,,1,9,,1180449,1,,,1,8,,1068844,1,,,1,7,,1180450,1,0,50 141 102 103,1,47,,1180433,1,,,1,14,,1180475,1,,,1,8,,1180483,1,0,50 141 102 103,1,7,,1180454,1,,,1,8,,882729,1,0,50 141 102 103,1,7,,1180444,1,,,1,8,,1180452,1,0,50 141 102 103,1,47,,1180498,1,,,1,15,,1180443,1,,,1,8,,1180492,1,0,50 141 102 103,1,3,,1180489,1,0,50 141 102 103,1,4,,1180453,1,,,1,15,,1180490,1,,,1,8,,1180479,1,0,50 141 102 103,1,47,,1180455,1,,,1,8,,1180434,1,0,50 141 102 103,1,7,,1180460,1,0,50 141 102 103,1,8,,1180495,1,0,50 141 102 103,1,7,,1180480,1,,,1,15,,1180448,1,0,50 141 102 103,1,8,,1022658,1,0,50 141 102 103,1,47,,1180441,1,,,1,30,,1180466,1,,,1,25,,1180438,1,,,1,70,,1073600,1,,,1,30,,1180484,1,,,1,70,,1047543,1,,,1,30,,1180481,1,,,1,70,,1180494,1,,,1,30,,1180497,1,,,1,70,,1069299,1,,,1,33,,1180436,1,,,1
9800,'13',642,,1180502,1,,,1,70,,1064352,1,,,1,30,,1180514,1,,,1,70,,1180511,1,,,1,30,,1180509,1,,,1,70,,1180504,1,,,1,30,,1180510,1,,,1,70,,1180529,1,,,1,30,,1180521,1,,,1,70,,1180526,1,,,1,30,,1040947,1,,,1,70,,1180519,1,,,1,30,,1180530,1,,,1,70,,1180501,1,,,1,29,,1180518,1,,,1,69,,1180516,1,,,1,30,,1180524,1,,,1,70,,1180523,1,,,1,30,,1080196,1,,,1,70,,1180513,1,,,1,30,,1180527,1,,,1,70,,1180525,1,,,1,30,,1180503,1,,,1,70,,1180522,1,,,1,30,,1180520,1,,,1,70,,1180517,1,,,1,30,,1180515,1,,,1,70,,1180506,1,,,1,30,,1180505,1,,,1,70,,1180512,1,,,1,30,,1180528,1,,,1,70,,1180507,1,,,1,30,,1180500,1,,,1,70,,1180508,1,,,1
9800,'14',553,,1180560,1,,,1,50,,1180578,1,0,50 141 102 103,1,20,,1180567,1,,,1,29,,1180538,1,,,1,50,,1180583,1,0,50 141 102 103,1,18,,1180536,1,,,1,12,,1180548,1,0,50 141 102 103,1,18,,1180590,1,,,1,53,,1180570,1,0,50 141 102 103,1,17,,1180549,1,,,1,13,,1180593,1,0,50 141 102 103,1,16,,1180594,1,,,1,10,,1180552,1,0,50 141 102 103,1,56,,1180558,1,,,1,15,,1180598,1,,,1,15,,1180582,1,,,1,55,,1180551,1,,,1,15,,1180571,1,,,1,15,,1180568,1,,,1,15,,1180601,1,,,1,55,,1180539,1,,,1,15,,1180542,1,,,1,15,,1180607,1,,,1,15,,1180600,1,,,1,55,,1180579,1,,,1,15,,1180572,1,,,1,15,,1180595,1,,,1,15,,1180556,1,,,1,55,,1180554,1,,,1,15,,1180545,1,,,1,15,,1180546,1,,,1,15,,1180599,1,,,1,55,,1180535,1,,,1,15,,1180597,1,,,1,14,,1180566,1,,,1,7,,1180561,1,0,50 141 102 103,1,9,,1180589,1,,,1,55,,1180602,1,,,1,7,,1180585,1,0,50 141 102 103,1,10,,1180574,1,,,1,5,,1180547,1,0,50 141 102 103,1,8,,1180596,1,,,1,9,,1180605,1,,,1,8,,1180569,1,,,1,7,,1180564,1,0,50 141 102 103,1,47,,1180591,1,,,1,14,,1180534,1,,,1,8,,1180581,1,0,50 141 102 103,1,7,,1180577,1,,,1,8,,1180559,1,0,50 141 102 103,1,7,,1180584,1,,,1,8,,1180588,1,0,50 141 102 103,1,47,,1180537,1,,,1,15,,1180592,1,,,1,8,,1180540,1,0,50 141 102 103,1,3,,1180573,1,0,50 141 102 103,1,4,,1180563,1,,,1,15,,1180532,1,,,1,8,,1180553,1,0,50 141 102 103,1,47,,1180576,1,,,1,8,,1180533,1,0,50 141 102 103,1,7,,1180606,1,0,50 141 102 103,1,8,,1180565,1,0,50 141 102 103,1,7,,1180544,1,,,1,15,,1180580,1,0,50 141 102 103,1,8,,1180575,1,0,50 141 102 103,1,47,,1180543,1,,,1,30,,1180541,1,,,1,25,,1180586,1,,,1,70,,1180604,1,,,1,30,,1180562,1,,,1,70,,1180550,1,,,1,30,,1180587,1,,,1,70,,1180557,1,,,1,30,,1180555,1,,,1,70,,1180531,1,,,1,33,,1180603,1,,,1
9800,'15',553,,1180681,1,,,1,50,,1180640,1,0,50 141 102 103,1,20,,1180680,1,,,1,29,,1180661,1,,,1,50,,1180674,1,0,50 141 102 103,1,18,,1180653,1,,,1,12,,1180667,1,0,50 141 102 103,1,18,,1180630,1,,,1,53,,1180675,1,0,50 141 102 103,1,17,,1180615,1,,,1,13,,1180677,1,0,50 141 102 103,1,16,,1180662,1,,,1,10,,1180682,1,0,50 141 102 103,1,56,,1180678,1,,,1,15,,1180611,1,,,1,15,,1180665,1,,,1,55,,1180626,1,,,1,15,,1180639,1,,,1,15,,1180645,1,,,1,15,,1180621,1,,,1,55,,1180637,1,,,1,15,,1180642,1,,,1,15,,1180660,1,,,1,15,,1180622,1,,,1,55,,1180670,1,,,1,15,,1180624,1,,,1,15,,1180666,1,,,1,15,,1180644,1,,,1,55,,1180612,1,,,1,15,,1180656,1,,,1,15,,1180663,1,,,1,15,,1180659,1,,,1,55,,1180683,1,,,1,15,,1180633,1,,,1,14,,1180669,1,,,1,7,,1180673,1,0,50 141 102 103,1,9,,1180651,1,,,1,55,,1180618,1,,,1,7,,1180648,1,0,50 141 102 103,1,10,,1180646,1,,,1,5,,1180672,1,0,50 141 102 103,1,8,,1180679,1,,,1,9,,1180684,1,,,1,8,,1180641,1,,,1,7,,1180616,1,0,50 141 102 103,1,47,,1180643,1,,,1,14,,1180647,1,,,1,8,,1180629,1,0,50 141 102 103,1,7,,1180609,1,,,1,8,,1180650,1,0,50 141 102 103,1,7,,1180617,1,,,1,8,,1180652,1,0,50 141 102 103,1,47,,1180676,1,,,1,15,,1180619,1,,,1,8,,1180658,1,0,50 141 102 103,1,3,,1180668,1,0,50 141 102 103,1,4,,1180671,1,,,1,15,,1180655,1,,,1,8,,1180608,1,0,50 141 102 103,1,47,,1180649,1,,,1,8,,1180636,1,0,50 141 102 103,1,7,,1180631,1,0,50 141 102 103,1,8,,1180610,1,0,50 141 102 103,1,7,,1180654,1,,,1,15,,1180664,1,0,50 141 102 103,1,8,,1180614,1,0,50 141 102 103,1,47,,1180620,1,,,1,30,,1180613,1,,,1,25,,1180635,1,,,1,70,,1180627,1,,,1,30,,1180657,1,,,1,70,,1180634,1,,,1,30,,1180625,1,,,1,70,,1180628,1,,,1,30,,1180623,1,,,1,70,,1180638,1,,,1,33,,1180632,1,,,1
9800,'16',553,,1180708,1,,,1,50,,1180716,1,0,50 141 102 103,1,20,,1180702,1,,,1,29,,1180728,1,,,1,50,,1180697,1,0,50 141 102 103,1,18,,1180726,1,,,1,12,,1180746,1,0,50 141 102 103,1,18,,1180687,1,,,1,53,,1101627,1,0,50 141 102 103,1,17,,1180740,1,,,1,13,,1180718,1,0,50 141 102 103,1,16,,1180717,1,,,1,10,,1180756,1,0,50 141 102 103,1,56,,1180686,1,,,1,15,,1180721,1,,,1,15,,1180711,1,,,1,55,,1180720,1,,,1,15,,1180688,1,,,1,15,,1180709,1,,,1,15,,1081075,1,,,1,55,,1180732,1,,,1,15,,1180691,1,,,1,15,,1180736,1,,,1,15,,1180713,1,,,1,55,,1180698,1,,,1,15,,1180751,1,,,1,15,,1180715,1,,,1,15,,1180722,1,,,1,55,,1180692,1,,,1,15,,1180731,1,,,1,15,,1180741,1,,,1,15,,1180710,1,,,1,55,,1096811,1,,,1,15,,1180730,1,,,1,14,,1180707,1,,,1,7,,1180725,1,0,50 141 102 103,1,9,,1180724,1,,,1,55,,1180739,1,,,1,7,,1180752,1,0,50 141 102 103,1,10,,1180744,1,,,1,5,,1180727,1,0,50 141 102 103,1,8,,1180689,1,,,1,9,,1180700,1,,,1,8,,1180750,1,,,1,7,,1180701,1,0,50 141 102 103,1,47,,1180685,1,,,1,14,,1180729,1,,,1,8,,1180737,1,0,50 141 102 103,1,7,,1180705,1,,,1,8,,1180749,1,0,50 141 102 103,1,7,,1180695,1,,,1,8,,1180703,1,0,50 141 102 103,1,47,,1180755,1,,,1,15,,1180694,1,,,1,8,,1180745,1,0,50 141 102 103,1,3,,1180742,1,0,50 141 102 103,1,4,,1180704,1,,,1,15,,1180743,1,,,1,8,,1180733,1,0,50 141 102 103,1,47,,1180706,1,,,1,8,,1037365,1,0,50 141 102 103,1,7,,1180712,1,0,50 141 102 103,1,8,,1180748,1,0,50 141 102 103,1,7,,1180734,1,,,1,15,,1180699,1,0,50 141 102 103,1,8,,1180723,1,0,50 141 102 103,1,47,,1180693,1,,,1,30,,1180719,1,,,1,25,,1180690,1,,,1,70,,1180714,1,,,1,30,,1180738,1,,,1,70,,1180753,1,,,1,30,,1180735,1,,,1,70,,1180747,1,,,1,30,,1180754,1,,,1,70,,1180696,1,,,1,33,,1068409,1,,,1
9800,'17',642,,1180759,1,,,1,70,,1180771,1,,,1,30,,1180772,1,,,1,70,,1180768,1,,,1,30,,1180766,1,,,1,70,,1180761,1,,,1,30,,1180767,1,,,1,70,,1180789,1,,,1,30,,1180779,1,,,1,70,,1180784,1,,,1,30,,1180788,1,,,1,70,,1180777,1,,,1,30,,1180790,1,,,1,70,,1180758,1,,,1,29,,1180776,1,,,1,69,,1180774,1,,,1,30,,1180782,1,,,1,70,,1180781,1,,,1,30,,1180787,1,,,1,70,,1180770,1,,,1,30,,1180785,1,,,1,70,,1180783,1,,,1,30,,1180760,1,,,1,70,,1180780,1,,,1,30,,1180778,1,,,1,70,,1180775,1,,,1,30,,1180773,1,,,1,70,,1180763,1,,,1,30,,1180762,1,,,1,70,,1180769,1,,,1,30,,1180786,1,,,1,70,,1180764,1,,,1,30,,1180757,1,,,1,70,,1180765,1,,,1
9800,'2',634,,1180813,1,,,1,70,,1180820,1,,,1,30,,1180797,1,,,1,70,,1180805,1,,,1,30,,1180794,1,,,1,70,,1180814,1,,,1,30,,1180800,1,,,1,70,,1180803,1,,,1,30,,1180795,1,,,1,70,,1180815,1,,,1,30,,1180816,1,,,1,70,,1180807,1,,,1,30,,1180823,1,,,1,70,,1068987,1,,,1,30,,1180806,1,,,1,70,,1180793,1,,,1,30,,1180810,1,,,1,70,,1180796,1,,,1,30,,1180821,1,,,1,70,,1180801,1,,,1,30,,1180798,1,,,1,70,,1180818,1,,,1,30,,1031906,1,,,1,70,,1180811,1,,,1,30,,1180812,1,,,1,70,,1180819,1,,,1,31,,1180824,1,,,1,70,,1180791,1,,,1,30,,1180822,1,,,1,70,,1180809,1,,,1,30,,1180792,1,,,1,70,,1180817,1,,,1,30,,1180802,1,,,1,70,,1180799,1,,,1,30,,1180804,1,,,1,70,,1180808,1,,,1
9800,'3',642,,1180827,1,,,1,70,,1180839,1,,,1,30,,1180840,1,,,1,70,,1180836,1,,,1,30,,1180834,1,,,1,70,,1180829,1,,,1,30,,1180835,1,,,1,70,,1180857,1,,,1,30,,1180847,1,,,1,70,,1180852,1,,,1,30,,1180856,1,,,1,70,,1180845,1,,,1,30,,1180858,1,,,1,70,,1180826,1,,,1,29,,1180844,1,,,1,69,,1180842,1,,,1,30,,1180850,1,,,1,70,,1180849,1,,,1,30,,1180855,1,,,1,70,,1180838,1,,,1,30,,1180853,1,,,1,70,,1180851,1,,,1,30,,1180828,1,,,1,70,,1180848,1,,,1,30,,1180846,1,,,1,70,,1180843,1,,,1,30,,1180841,1,,,1,70,,1180831,1,,,1,30,,1180830,1,,,1,70,,1180837,1,,,1,30,,1180854,1,,,1,70,,1180832,1,,,1,30,,1180825,1,,,1,70,,1180833,1,,,1
9800,'4',642,,1180869,1,,,1,70,,1084092,1,,,1,30,,1180884,1,,,1,70,,1180876,1,,,1,30,,1091167,1,,,1,70,,1180870,1,,,1,30,,1180860,1,,,1,70,,1180871,1,,,1,30,,1180879,1,,,1,70,,1180886,1,,,1,30,,1180890,1,,,1,70,,1180861,1,,,1,30,,1180878,1,,,1,70,,1180864,1,,,1,29,,1180865,1,,,1,69,,1180881,1,,,1,30,,1180868,1,,,1,70,,1180873,1,,,1,30,,1180859,1,,,1,70,,1180887,1,,,1,30,,1180866,1,,,1,70,,1180872,1,,,1,30,,1180862,1,,,1,70,,1180882,1,,,1,30,,1180888,1,,,1,70,,1180885,1,,,1,30,,1180867,1,,,1,70,,1180863,1,,,1,30,,1180889,1,,,1,70,,1180874,1,,,1,30,,1180875,1,,,1,70,,1180877,1,,,1,30,,1180880,1,,,1,70,,1180883,1,,,1
9800,'5',553,,1180916,1,,,1,50,,1180933,1,0,50 141 102 103,1,20,,1180923,1,,,1,29,,1180897,1,,,1,50,,1180938,1,0,50 141 102 103,1,18,,1180895,1,,,1,12,,1180905,1,0,50 141 102 103,1,18,,1180944,1,,,1,53,,1180925,1,0,50 141 102 103,1,17,,1180906,1,,,1,13,,1180947,1,0,50 141 102 103,1,16,,1180948,1,,,1,10,,1180908,1,0,50 141 102 103,1,56,,1180914,1,,,1,15,,1180951,1,,,1,15,,1180937,1,,,1,55,,1180907,1,,,1,15,,1180926,1,,,1,15,,1080241,1,,,1,15,,1180953,1,,,1,55,,1103139,1,,,1,15,,1180900,1,,,1,15,,1180957,1,,,1,15,,1066500,1,,,1,55,,1180934,1,,,1,15,,1180927,1,,,1,15,,1180949,1,,,1,15,,1180912,1,,,1,55,,1180910,1,,,1,15,,1180903,1,,,1,15,,1180904,1,,,1,15,,1180952,1,,,1,55,,1180894,1,,,1,15,,1019370,1,,,1,14,,1180922,1,,,1,7,,1180917,1,0,50 141 102 103,1,9,,1180943,1,,,1,55,,1180954,1,,,1,7,,1180939,1,0,50 141 102 103,1,10,,1180929,1,,,1,5,,1088711,1,0,50 141 102 103,1,8,,1180950,1,,,1,9,,1023552,1,,,1,8,,1180924,1,,,1,7,,1180920,1,0,50 141 102 103,1,47,,1180945,1,,,1,14,,1180893,1,,,1,8,,1180936,1,0,50 141 102 103,1,7,,1180932,1,,,1,8,,1180915,1,0,50 141 102 103,1,7,,1094589,1,,,1,8,,1180942,1,0,50 141 102 103,1,47,,1180896,1,,,1,15,,1180946,1,,,1,8,,1180898,1,0,50 141 102 103,1,3,,1180928,1,0,50 141 102 103,1,4,,1180919,1,,,1,15,,1180891,1,,,1,8,,1180909,1,0,50 141 102 103,1,47,,1180931,1,,,1,8,,1180892,1,0,50 141 102 103,1,7,,1180956,1,0,50 141 102 103,1,8,,1180921,1,0,50 141 102 103,1,7,,1180902,1,,,1,15,,1180935,1,0,50 141 102 103,1,8,,1180930,1,0,50 141 102 103,1,47,,1180901,1,,,1,30,,1180899,1,,,1,25,,1180940,1,,,1,70,,954242,1,,,1,30,,1180918,1,,,1,70,,970856,1,,,1,30,,1180941,1,,,1,70,,1180913,1,,,1,30,,1180911,1,,,1,70,,1083548,1,,,1,33,,1180955,1,,,1
9800,'6',553,,1180974,1,,,1,50,,1180982,1,0,50 141 102 103,1,20,,1086891,1,,,1,29,,1180994,1,,,1,50,,1095739,1,0,50 141 102 103,1,18,,1180992,1,,,1,12,,1181011,1,0,50 141 102 103,1,18,,1067767,1,,,1,53,,1180966,1,0,50 141 102 103,1,17,,1181005,1,,,1,13,,1180984,1,0,50 141 102 103,1,16,,1180983,1,,,1,10,,1032597,1,0,50 141 102 103,1,56,,1180959,1,,,1,15,,1180987,1,,,1,15,,1180977,1,,,1,55,,1180986,1,,,1,15,,1180960,1,,,1,15,,1180975,1,,,1,15,,1181003,1,,,1,55,,1097965,1,,,1,15,,1180962,1,,,1,15,,1181000,1,,,1,15,,1180979,1,,,1,55,,1032569,1,,,1,15,,1181016,1,,,1,15,,1180981,1,,,1,15,,1180988,1,,,1,55,,1022769,1,,,1,15,,1180997,1,,,1,15,,1181006,1,,,1,15,,1180976,1,,,1,55,,1180964,1,,,1,15,,1180996,1,,,1,14,,1180973,1,,,1,7,,1180991,1,0,50 141 102 103,1,9,,1180990,1,,,1,55,,1181004,1,,,1,7,,1181017,1,0,50 141 102 103,1,10,,1181009,1,,,1,5,,1180993,1,0,50 141 102 103,1,8,,1087665,1,,,1,9,,1180967,1,,,1,8,,1181015,1,,,1,7,,1180968,1,0,50 141 102 103,1,47,,1076383,1,,,1,14,,1180995,1,,,1,8,,1181001,1,0,50 141 102 103,1,7,,1180971,1,,,1,8,,1181014,1,0,50 141 102 103,1,7,,1036619,1,,,1,8,,1180969,1,0,50 141 102 103,1,47,,1181019,1,,,1,15,,1006635,1,,,1,8,,1181010,1,0,50 141 102 103,1,3,,1181007,1,0,50 141 102 103,1,4,,1180970,1,,,1,15,,1181008,1,,,1,8,,963075,1,0,50 141 102 103,1,47,,1180972,1,,,1,8,,1180958,1,0,50 141 102 103,1,7,,1180978,1,0,50 141 102 103,1,8,,1181013,1,0,50 141 102 103,1,7,,1180998,1,,,1,15,,1086890,1,0,50 141 102 103,1,8,,1180989,1,0,50 141 102 103,1,47,,1180963,1,,,1,30,,1180985,1,,,1,25,,1072890,1,,,1,70,,1180980,1,,,1,30,,1181002,1,,,1,70,,1181018,1,,,1,30,,1180999,1,,,1,70,,1181012,1,,,1,30,,1090989,1,,,1,70,,1180965,1,,,1,33,,1180961,1,,,1
9800,'7',634,,1181047,1,,,1,70,,1181032,1,,,1,30,,1181026,1,,,1,70,,1181033,1,,,1,30,,1181042,1,,,1,70,,1181043,1,,,1,30,,1181041,1,,,1,70,,1181050,1,,,1,30,,1181045,1,,,1,70,,1181036,1,,,1,30,,1181046,1,,,1,70,,1181022,1,,,1,30,,1181023,1,,,1,70,,1181027,1,,,1,30,,1181025,1,,,1,70,,1181044,1,,,1,30,,1181037,1,,,1,70,,1181030,1,,,1,30,,1181024,1,,,1,70,,1181051,1,,,1,30,,1181034,1,,,1,70,,1181049,1,,,1,30,,1181055,1,,,1,70,,1181054,1,,,1,30,,1181048,1,,,1,70,,1181035,1,,,1,31,,1181039,1,,,1,70,,1181020,1,,,1,30,,1181021,1,,,1,70,,1181038,1,,,1,30,,1181031,1,,,1,70,,1181029,1,,,1,30,,1181028,1,,,1,70,,1181052,1,,,1,30,,1181040,1,,,1,70,,1181053,1,,,1
9800,'8',553,,1181083,1,,,1,50,,1181091,1,0,50 141 102 103,1,20,,1181077,1,,,1,29,,1181103,1,,,1,50,,1181071,1,0,50 141 102 103,1,18,,1181101,1,,,1,12,,1181122,1,0,50 141 102 103,1,18,,1181059,1,,,1,53,,1181073,1,0,50 141 102 103,1,17,,1181116,1,,,1,13,,1181093,1,0,50 141 102 103,1,16,,1181092,1,,,1,10,,1181132,1,0,50 141 102 103,1,56,,1181058,1,,,1,15,,1181096,1,,,1,15,,1181086,1,,,1,55,,1181095,1,,,1,15,,1181060,1,,,1,15,,1181084,1,,,1,15,,1181114,1,,,1,55,,1181107,1,,,1,15,,1181064,1,,,1,15,,1181111,1,,,1,15,,1181088,1,,,1,55,,1181072,1,,,1,15,,1181127,1,,,1,15,,1181090,1,,,1,15,,1181097,1,,,1,55,,1181065,1,,,1,15,,1181106,1,,,1,15,,1181117,1,,,1,15,,1181085,1,,,1,55,,1181067,1,,,1,15,,1181105,1,,,1,14,,1181082,1,,,1,7,,1181100,1,0,50 141 102 103,1,9,,1181099,1,,,1,55,,1181115,1,,,1,7,,1181128,1,0,50 141 102 103,1,10,,1181120,1,,,1,5,,1181102,1,0,50 141 102 103,1,8,,1181062,1,,,1,9,,1181075,1,,,1,8,,1181126,1,,,1,7,,1181076,1,0,50 141 102 103,1,47,,1181056,1,,,1,14,,1181104,1,,,1,8,,1181112,1,0,50 141 102 103,1,7,,1181080,1,,,1,8,,1181125,1,0,50 141 102 103,1,7,,1181069,1,,,1,8,,1181078,1,0,50 141 102 103,1,47,,1181131,1,,,1,15,,1181068,1,,,1,8,,1181121,1,0,50 141 102 103,1,3,,1181118,1,0,50 141 102 103,1,4,,1181079,1,,,1,15,,1181119,1,,,1,8,,1181108,1,0,50 141 102 103,1,47,,1181081,1,,,1,8,,1181057,1,0,50 141 102 103,1,7,,1181087,1,0,50 141 102 103,1,8,,1181124,1,0,50 141 102 103,1,7,,1181109,1,,,1,15,,1181074,1,0,50 141 102 103,1,8,,1181098,1,0,50 141 102 103,1,47,,1181066,1,,,1,30,,1181094,1,,,1,25,,1181063,1,,,1,70,,1181089,1,,,1,30,,1181113,1,,,1,70,,1181129,1,,,1,30,,1181110,1,,,1,70,,1181123,1,,,1,30,,1181130,1,,,1,70,,1181070,1,,,1,33,,1181061,1,,,1
9800,'9',553,,1181158,1,,,1,50,,1181175,1,0,50 141 102 103,1,20,,1181165,1,,,1,29,,1181139,1,,,1,50,,1181180,1,0,50 141 102 103,1,18,,1181137,1,,,1,12,,1181147,1,0,50 141 102 103,1,18,,1181186,1,,,1,53,,1181167,1,0,50 141 102 103,1,17,,1181148,1,,,1,13,,1181189,1,0,50 141 102 103,1,16,,1181190,1,,,1,10,,1181150,1,0,50 141 102 103,1,56,,1181156,1,,,1,15,,1181193,1,,,1,15,,1181179,1,,,1,55,,1181149,1,,,1,15,,1181168,1,,,1,15,,1080166,1,,,1,15,,1181195,1,,,1,55,,1103138,1,,,1,15,,1181142,1,,,1,15,,1181199,1,,,1,15,,1066384,1,,,1,55,,1181176,1,,,1,15,,1181169,1,,,1,15,,1181191,1,,,1,15,,1181154,1,,,1,55,,1181152,1,,,1,15,,1181145,1,,,1,15,,1181146,1,,,1,15,,1181194,1,,,1,55,,1181136,1,,,1,15,,1019435,1,,,1,14,,1181164,1,,,1,7,,1181159,1,0,50 141 102 103,1,9,,1181185,1,,,1,55,,1181196,1,,,1,7,,1181181,1,0,50 141 102 103,1,10,,1181171,1,,,1,5,,1088496,1,0,50 141 102 103,1,8,,1181192,1,,,1,9,,1023738,1,,,1,8,,1181166,1,,,1,7,,1181162,1,0,50 141 102 103,1,47,,1181187,1,,,1,14,,1181135,1,,,1,8,,1181178,1,0,50 141 102 103,1,7,,1181174,1,,,1,8,,1181157,1,0,50 141 102 103,1,7,,1094492,1,,,1,8,,1181184,1,0,50 141 102 103,1,47,,1181138,1,,,1,15,,1181188,1,,,1,8,,1181140,1,0,50 141 102 103,1,3,,1181170,1,0,50 141 102 103,1,4,,1181161,1,,,1,15,,1181133,1,,,1,8,,1181151,1,0,50 141 102 103,1,47,,1181173,1,,,1,8,,1181134,1,0,50 141 102 103,1,7,,1181198,1,0,50 141 102 103,1,8,,1181163,1,0,50 141 102 103,1,7,,1181144,1,,,1,15,,1181177,1,0,50 141 102 103,1,8,,1181172,1,0,50 141 102 103,1,47,,1181143,1,,,1,30,,1181141,1,,,1,25,,1181182,1,,,1,70,,954175,1,,,1,30,,1181160,1,,,1,70,,970813,1,,,1,30,,1181183,1,,,1,70,,1181155,1,,,1,30,,1181153,1,,,1,70,,1083419,1,,,1,33,,1181197,1,,,1
9801,'1',526,,1181212,40,4,,1,27,,1181236,40,4,,1,49,,1181251,11,4,,1,17,,1181221,40,4,,1,7,,1181206,11,4,,1,4,,1181249,11,4,,1,19,,1181220,40,4,,1,9,,1181248,11,4,,1,46,,1181238,11,4,,1,16,,1064105,40,4,,1,11,,1181231,11,4,,1,7,,1181247,40,4,,1,11,,1181256,40,4,,1,52,,1181204,11,4,,1,6,,1181203,40,4,,1,9,,1181244,40,4,,1,8,,1181213,40,4,,1,7,,1181258,11,4,,1,9,,1181222,40,4,,1,11,,1181259,11,4,,1,5,,1181226,40,4,,1,47,,1181240,11,4,,1,3,,1181230,40,4,,1,15,,1181242,40,4,,1,9,,1181260,11,4,,1,4,,1181208,40,4,,1,15,,1181216,40,4,,1,55,,1181250,40,4,,1,15,,1097144,40,4,,1,15,,1012659,40,4,,1,15,,1181214,40,4,,1,55,,1181205,40,4,,1,15,,1181257,40,4,,1,15,,1181228,40,4,,1,15,,1181227,40,4,,1,55,,1075003,40,4,,1,15,,1181225,40,4,,1,15,,966237,40,4,,1,15,,1181209,40,4,,1,55,,1181219,40,4,,1,15,,1181241,40,4,,1,15,,1181211,40,4,,1,15,,1181217,40,4,,1,55,,1181210,40,4,,1,15,,1181234,40,4,,1,15,,1181233,40,4,,1,15,,1181255,40,4,,1,55,,994007,40,4,,1,14,,1181224,40,4,,1,17,,1181232,40,4,,1,15,,1062118,40,4,,1,52,,1181254,11,4,,1,3,,1038695,40,4,,1,23,,1181218,11,4,,1,9,,1038681,40,4,,1,21,,1181235,11,4,,1,49,,1181229,40,4,,1,21,,1181246,11,4,,1,7,,1181223,40,4,,1,23,,1181207,11,4,,1,47,,1181245,40,4,,1,30,,1181252,40,4,,1,70,,1181200,40,4,,1,26,,1181215,40,4,,1,70,,1181202,40,4,,1,30,,993967,40,4,,1,75,,1069101,40,4,,1,28,,1181237,40,4,,1,70,,1033782,40,4,,1,29,,1181243,40,4,,1,68,,1181201,40,4,,1,30,,1181253,40,4,,1
9801,'10',526,,1181273,40,4,,1,27,,1181297,40,4,,1,49,,1181312,11,4,,1,17,,1181282,40,4,,1,7,,1181267,11,4,,1,4,,1181310,11,4,,1,19,,1181281,40,4,,1,9,,1181309,11,4,,1,46,,1181299,11,4,,1,16,,1063792,40,4,,1,11,,1181292,11,4,,1,7,,1181308,40,4,,1,11,,1181317,40,4,,1,52,,1181265,11,4,,1,6,,1181264,40,4,,1,9,,1181305,40,4,,1,8,,1181274,40,4,,1,7,,1181319,11,4,,1,9,,1181283,40,4,,1,11,,1181320,11,4,,1,5,,1181287,40,4,,1,47,,1181301,11,4,,1,3,,1181291,40,4,,1,15,,1181303,40,4,,1,9,,1181321,11,4,,1,4,,1181269,40,4,,1,15,,1181277,40,4,,1,55,,1181311,40,4,,1,15,,1097061,40,4,,1,15,,1012745,40,4,,1,15,,1181275,40,4,,1,55,,1181266,40,4,,1,15,,1181318,40,4,,1,15,,1181289,40,4,,1,15,,1181288,40,4,,1,55,,1074631,40,4,,1,15,,1181286,40,4,,1,15,,966054,40,4,,1,15,,1181270,40,4,,1,55,,1181280,40,4,,1,15,,1181302,40,4,,1,15,,1181272,40,4,,1,15,,1181278,40,4,,1,55,,1181271,40,4,,1,15,,1181295,40,4,,1,15,,1181294,40,4,,1,15,,1181316,40,4,,1,55,,994189,40,4,,1,14,,1181285,40,4,,1,17,,1181293,40,4,,1,15,,1061885,40,4,,1,52,,1181315,11,4,,1,3,,1038783,40,4,,1,23,,1181279,11,4,,1,9,,1038769,40,4,,1,21,,1181296,11,4,,1,49,,1181290,40,4,,1,21,,1181307,11,4,,1,7,,1181284,40,4,,1,23,,1181268,11,4,,1,47,,1181306,40,4,,1,30,,1181313,40,4,,1,70,,1181261,40,4,,1,26,,1181276,40,4,,1,70,,1181263,40,4,,1,30,,994149,40,4,,1,75,,1068956,40,4,,1,28,,1181298,40,4,,1,70,,1033901,40,4,,1,29,,1181304,40,4,,1,68,,1181262,40,4,,1,30,,1181314,40,4,,1
9801,'11',526,,1181334,40,4,,1,27,,1181358,40,4,,1,49,,1181373,11,4,,1,17,,1181343,40,4,,1,7,,1181328,11,4,,1,4,,1181371,11,4,,1,19,,1181342,40,4,,1,9,,1181370,11,4,,1,46,,1181360,11,4,,1,16,,1064198,40,4,,1,11,,1181353,11,4,,1,7,,1181369,40,4,,1,11,,1181378,40,4,,1,52,,1181326,11,4,,1,6,,1181325,40,4,,1,9,,1181366,40,4,,1,8,,1181335,40,4,,1,7,,1181380,11,4,,1,9,,1181344,40,4,,1,11,,1181381,11,4,,1,5,,1181348,40,4,,1,47,,1181362,11,4,,1,3,,1181352,40,4,,1,15,,1181364,40,4,,1,9,,1181382,11,4,,1,4,,1181330,40,4,,1,15,,1181338,40,4,,1,55,,1181372,40,4,,1,15,,1097171,40,4,,1,15,,1012634,40,4,,1,15,,1181336,40,4,,1,55,,1181327,40,4,,1,15,,1181379,40,4,,1,15,,1181350,40,4,,1,15,,1181349,40,4,,1,55,,1075109,40,4,,1,15,,1181347,40,4,,1,15,,966215,40,4,,1,15,,1181331,40,4,,1,55,,1181341,40,4,,1,15,,1181363,40,4,,1,15,,1181333,40,4,,1,15,,1181339,40,4,,1,55,,1181332,40,4,,1,15,,1181356,40,4,,1,15,,1181355,40,4,,1,15,,1181377,40,4,,1,55,,993951,40,4,,1,14,,1181346,40,4,,1,17,,1181354,40,4,,1,15,,1062193,40,4,,1,52,,1181376,11,4,,1,3,,1038669,40,4,,1,23,,1181340,11,4,,1,9,,1038655,40,4,,1,21,,1181357,11,4,,1,49,,1181351,40,4,,1,21,,1181368,11,4,,1,7,,1181345,40,4,,1,23,,1181329,11,4,,1,47,,1181367,40,4,,1,30,,1181374,40,4,,1,70,,1181322,40,4,,1,26,,1181337,40,4,,1,70,,1181324,40,4,,1,30,,993911,40,4,,1,75,,1069143,40,4,,1,28,,1181359,40,4,,1,70,,1033747,40,4,,1,29,,1181365,40,4,,1,68,,1181323,40,4,,1,30,,1181375,40,4,,1
9801,'12',526,,1181426,40,4,,1,27,,1181432,40,4,,1,49,,943499,11,4,,1,17,,1181398,40,4,,1,7,,1181423,11,4,,1,4,,1181386,11,4,,1,19,,1181411,40,4,,1,9,,1008183,11,4,,1,46,,1181422,11,4,,1,16,,1181413,40,4,,1,11,,1181408,11,4,,1,7,,1181427,40,4,,1,11,,1181395,40,4,,1,52,,1181444,11,4,,1,6,,1181390,40,4,,1,9,,1181441,40,4,,1,8,,1181417,40,4,,1,7,,1181442,11,4,,1,9,,1097760,40,4,,1,11,,1181402,11,4,,1,5,,1181406,40,4,,1,47,,1181407,11,4,,1,3,,1181401,40,4,,1,15,,1181416,40,4,,1,9,,1181387,11,4,,1,4,,1181419,40,4,,1,15,,1096726,40,4,,1,55,,1181385,40,4,,1,15,,1181433,40,4,,1,15,,1181396,40,4,,1,15,,1181400,40,4,,1,55,,1181418,40,4,,1,15,,1101885,40,4,,1,15,,1181443,40,4,,1,15,,1181404,40,4,,1,55,,1181392,40,4,,1,15,,1181384,40,4,,1,15,,1181389,40,4,,1,15,,1181431,40,4,,1,55,,1181394,40,4,,1,15,,1181435,40,4,,1,15,,1089128,40,4,,1,15,,1181446,40,4,,1,55,,1181421,40,4,,1,15,,1181434,40,4,,1,15,,1181388,40,4,,1,15,,1181420,40,4,,1,55,,1181429,40,4,,1,14,,1181412,40,4,,1,17,,1089469,40,4,,1,15,,1181391,40,4,,1,52,,1181438,11,4,,1,3,,1181445,40,4,,1,23,,1181430,11,4,,1,9,,1181383,40,4,,1,21,,990663,11,4,,1,49,,1181410,40,4,,1,21,,1181397,11,4,,1,7,,1181393,40,4,,1,23,,1181414,11,4,,1,47,,1181399,40,4,,1,30,,1181424,40,4,,1,70,,1181415,40,4,,1,26,,1181436,40,4,,1,70,,1181439,40,4,,1,30,,1181440,40,4,,1,75,,1181437,40,4,,1,28,,1181405,40,4,,1,70,,1181425,40,4,,1,29,,1069537,40,4,,1,68,,1181403,40,4,,1,30,,1181409,40,4,,1
9801,'13',715,,1181462,40,4,,1,30,,1181466,40,4,,1,70,,1181456,40,4,,1,32,,1181449,40,4,,1,69,,1181470,40,4,,1,30,,1181465,40,4,,1,70,,1181453,40,4,,1,30,,1181477,40,4,,1,70,,1051965,40,4,,1,30,,1181472,40,4,,1,70,,1181457,40,4,,1,30,,1181469,40,4,,1,70,,1181459,40,4,,1,30,,1181464,40,4,,1,70,,1181471,40,4,,1,30,,1181448,40,4,,1,70,,1181452,40,4,,1,30,,1181461,40,4,,1,70,,1181473,40,4,,1,30,,1181467,40,4,,1,70,,1181460,40,4,,1,30,,1181451,40,4,,1,70,,1181474,40,4,,1,30,,1181468,40,4,,1,70,,1181455,40,4,,1,30,,1181450,40,4,,1,70,,1181458,40,4,,1,28,,1181447,40,4,,1,70,,1181463,40,4,,1,30,,1181475,40,4,,1,70,,1181454,40,4,,1,29,,1181476,40,4,,1
9801,'14',526,,1181498,40,4,,1,27,,1181523,40,4,,1,49,,1181539,11,4,,1,17,,1181507,40,4,,1,7,,1181489,11,4,,1,4,,1181537,11,4,,1,19,,1181506,40,4,,1,9,,1181536,11,4,,1,46,,1181525,11,4,,1,16,,1181496,40,4,,1,11,,1181518,11,4,,1,7,,1181535,40,4,,1,11,,1181544,40,4,,1,52,,1181486,11,4,,1,6,,1181482,40,4,,1,9,,1181532,40,4,,1,8,,1181499,40,4,,1,7,,1181546,11,4,,1,9,,1181508,40,4,,1,11,,1181547,11,4,,1,5,,1181512,40,4,,1,47,,1181528,11,4,,1,3,,1181517,40,4,,1,15,,1181530,40,4,,1,9,,1181548,11,4,,1,4,,1181493,40,4,,1,15,,1181502,40,4,,1,55,,1181538,40,4,,1,15,,1181526,40,4,,1,15,,1181487,40,4,,1,15,,1181500,40,4,,1,55,,1181488,40,4,,1,15,,1181545,40,4,,1,15,,1181515,40,4,,1,15,,1181513,40,4,,1,55,,1181492,40,4,,1,15,,1181511,40,4,,1,15,,1181514,40,4,,1,15,,1181494,40,4,,1,55,,1181505,40,4,,1,15,,1181529,40,4,,1,15,,1181497,40,4,,1,15,,1181503,40,4,,1,55,,1181495,40,4,,1,15,,1181521,40,4,,1,15,,1181520,40,4,,1,15,,1181543,40,4,,1,55,,1181549,40,4,,1,14,,1181510,40,4,,1,17,,1181519,40,4,,1,15,,1181484,40,4,,1,52,,1181542,11,4,,1,3,,1181550,40,4,,1,23,,1181504,11,4,,1,9,,1181490,40,4,,1,21,,1181522,11,4,,1,49,,1181516,40,4,,1,21,,1181534,11,4,,1,7,,1181509,40,4,,1,23,,1181491,11,4,,1,47,,1181533,40,4,,1,30,,1181540,40,4,,1,70,,1181478,40,4,,1,26,,1181501,40,4,,1,70,,1181481,40,4,,1,30,,1181483,40,4,,1,75,,1181480,40,4,,1,28,,1181524,40,4,,1,70,,1181485,40,4,,1,29,,1181531,40,4,,1,68,,1181479,40,4,,1,30,,1181541,40,4,,1
9801,'15',526,,1181607,40,4,,1,27,,1181597,40,4,,1,49,,1181611,11,4,,1,17,,1181580,40,4,,1,7,,1181554,11,4,,1,4,,1181581,11,4,,1,19,,1181559,40,4,,1,9,,1181551,11,4,,1,46,,1181615,11,4,,1,16,,1181603,40,4,,1,11,,1181562,11,4,,1,7,,1181566,40,4,,1,11,,1181571,40,4,,1,52,,1181574,11,4,,1,6,,1181565,40,4,,1,9,,1181601,40,4,,1,8,,1181552,40,4,,1,7,,1181555,11,4,,1,9,,1181595,40,4,,1,11,,1181577,11,4,,1,5,,1181612,40,4,,1,47,,1181614,11,4,,1,3,,1181586,40,4,,1,15,,1181606,40,4,,1,9,,1181618,11,4,,1,4,,1181594,40,4,,1,15,,1181561,40,4,,1,55,,1181567,40,4,,1,15,,1181622,40,4,,1,15,,1181592,40,4,,1,15,,1181585,40,4,,1,55,,1181575,40,4,,1,15,,1181587,40,4,,1,15,,1181576,40,4,,1,15,,1181610,40,4,,1,55,,1181588,40,4,,1,15,,1181578,40,4,,1,15,,1181563,40,4,,1,15,,1181558,40,4,,1,55,,1181557,40,4,,1,15,,1181596,40,4,,1,15,,1181598,40,4,,1,15,,1181591,40,4,,1,55,,1181623,40,4,,1,15,,1181599,40,4,,1,15,,1181613,40,4,,1,15,,1181593,40,4,,1,55,,1181560,40,4,,1,14,,1181605,40,4,,1,17,,1181564,40,4,,1,15,,1181584,40,4,,1,52,,1181573,11,4,,1,3,,1181608,40,4,,1,23,,1181569,11,4,,1,9,,1181553,40,4,,1,21,,1181616,11,4,,1,49,,1181582,40,4,,1,21,,1181568,11,4,,1,7,,1181590,40,4,,1,23,,1181602,11,4,,1,47,,1181600,40,4,,1,30,,1181556,40,4,,1,70,,1181579,40,4,,1,26,,1181621,40,4,,1,70,,1181570,40,4,,1,30,,1181572,40,4,,1,75,,1181589,40,4,,1,28,,1181583,40,4,,1,70,,1181609,40,4,,1,29,,1181617,40,4,,1,68,,1181604,40,4,,1,30,,1181620,40,4,,1
9801,'16',526,,1181671,40,4,,1,27,,1181677,40,4,,1,49,,1181681,11,4,,1,17,,1181643,40,4,,1,7,,1181668,11,4,,1,4,,1181629,11,4,,1,19,,1181656,40,4,,1,9,,1181637,11,4,,1,46,,1181667,11,4,,1,16,,1181658,40,4,,1,11,,1181653,11,4,,1,7,,1181672,40,4,,1,11,,1181640,40,4,,1,52,,1181691,11,4,,1,6,,1181634,40,4,,1,9,,1181687,40,4,,1,8,,1181662,40,4,,1,7,,1051152,11,4,,1,9,,1181631,40,4,,1,11,,1181647,11,4,,1,5,,1181651,40,4,,1,47,,1181652,11,4,,1,3,,1181646,40,4,,1,15,,1181661,40,4,,1,9,,1181630,11,4,,1,4,,1181664,40,4,,1,15,,1181688,40,4,,1,55,,1181628,40,4,,1,15,,1181678,40,4,,1,15,,1181641,40,4,,1,15,,1181645,40,4,,1,55,,1181663,40,4,,1,15,,1181689,40,4,,1,15,,1181690,40,4,,1,15,,1181649,40,4,,1,55,,1007750,40,4,,1,15,,1181625,40,4,,1,15,,1181633,40,4,,1,15,,1181676,40,4,,1,55,,1181639,40,4,,1,15,,1181680,40,4,,1,15,,1181626,40,4,,1,15,,1181692,40,4,,1,55,,1181666,40,4,,1,15,,1181679,40,4,,1,15,,1181632,40,4,,1,15,,1181665,40,4,,1,55,,1181674,40,4,,1,14,,1181657,40,4,,1,17,,1181693,40,4,,1,15,,1181635,40,4,,1,52,,1181684,11,4,,1,3,,991038,40,4,,1,23,,1181675,11,4,,1,9,,1181624,40,4,,1,21,,1181627,11,4,,1,49,,1181655,40,4,,1,21,,1181642,11,4,,1,7,,1181638,40,4,,1,23,,1181659,11,4,,1,47,,1181644,40,4,,1,30,,1181669,40,4,,1,70,,1181660,40,4,,1,26,,1181682,40,4,,1,70,,1181685,40,4,,1,30,,1181686,40,4,,1,75,,1181683,40,4,,1,28,,1181650,40,4,,1,70,,1181670,40,4,,1,29,,1181636,40,4,,1,68,,1181648,40,4,,1,30,,1181654,40,4,,1
9801,'17',715,,1181709,40,4,,1,30,,1181713,40,4,,1,70,,1181703,40,4,,1,32,,1181696,40,4,,1,69,,1181717,40,4,,1,30,,1181712,40,4,,1,70,,1181700,40,4,,1,30,,1181725,40,4,,1,70,,1181723,40,4,,1,30,,1181719,40,4,,1,70,,1181704,40,4,,1,30,,1181716,40,4,,1,70,,1181706,40,4,,1,30,,1181711,40,4,,1,70,,1181718,40,4,,1,30,,1181695,40,4,,1,70,,1181699,40,4,,1,30,,1181708,40,4,,1,70,,1181720,40,4,,1,30,,1181714,40,4,,1,70,,1181707,40,4,,1,30,,1181698,40,4,,1,70,,1181721,40,4,,1,30,,1181715,40,4,,1,70,,1181702,40,4,,1,30,,1181697,40,4,,1,70,,1181705,40,4,,1,28,,1181694,40,4,,1,70,,1181710,40,4,,1,30,,1181722,40,4,,1,70,,1181701,40,4,,1,29,,1181724,40,4,,1
9801,'2',710,,1072723,40,4,,1,30,,1181727,40,4,,1,70,,1181732,40,4,,1,31,,1181734,40,4,,1,70,,1096240,40,4,,1,30,,1181751,40,4,,1,68,,1181743,40,4,,1,30,,1181726,40,4,,1,70,,1095784,40,4,,1,30,,1181733,40,4,,1,70,,1181737,40,4,,1,30,,1181755,40,4,,1,70,,1181744,40,4,,1,30,,1181748,40,4,,1,70,,1181731,40,4,,1,30,,1089894,40,4,,1,70,,1181738,40,4,,1,30,,1092603,40,4,,1,70,,1181729,40,4,,1,30,,1181750,40,4,,1,70,,1181745,40,4,,1,30,,1181735,40,4,,1,70,,1181754,40,4,,1,30,,1181741,40,4,,1,70,,1181749,40,4,,1,30,,1181747,40,4,,1,69,,1181752,40,4,,1,30,,1181739,40,4,,1,69,,1181728,40,4,,1,29,,1181753,40,4,,1,70,,1181730,40,4,,1,29,,1096232,40,4,,1,70,,1092604,40,4,,1,30,,1181736,40,4,,1,70,,1181740,40,4,,1,30,,1181746,40,4,,1,70,,1181742,40,4,,1
9801,'3',715,,1181771,40,4,,1,30,,1181775,40,4,,1,70,,1181765,40,4,,1,32,,1181758,40,4,,1,69,,1181779,40,4,,1,30,,1181774,40,4,,1,70,,1181762,40,4,,1,30,,1181787,40,4,,1,70,,1181785,40,4,,1,30,,1181781,40,4,,1,70,,1181766,40,4,,1,30,,1181778,40,4,,1,70,,1181768,40,4,,1,30,,1181773,40,4,,1,70,,1181780,40,4,,1,30,,1181757,40,4,,1,70,,1181761,40,4,,1,30,,1181770,40,4,,1,70,,1181782,40,4,,1,30,,1181776,40,4,,1,70,,1181769,40,4,,1,30,,1181760,40,4,,1,70,,1181783,40,4,,1,30,,1181777,40,4,,1,70,,1181764,40,4,,1,30,,1181759,40,4,,1,70,,1181767,40,4,,1,28,,1181756,40,4,,1,70,,1181772,40,4,,1,30,,1181784,40,4,,1,70,,1181763,40,4,,1,29,,1181786,40,4,,1
9801,'4',715,,1181799,40,4,,1,30,,1181798,40,4,,1,70,,1181817,40,4,,1,32,,1181815,40,4,,1,69,,1181801,40,4,,1,30,,1181790,40,4,,1,70,,1181802,40,4,,1,30,,1181818,40,4,,1,70,,1181812,40,4,,1,30,,1181814,40,4,,1,70,,1181789,40,4,,1,30,,1181800,40,4,,1,70,,1181811,40,4,,1,30,,1181793,40,4,,1,70,,1181803,40,4,,1,30,,1181792,40,4,,1,70,,1181808,40,4,,1,30,,1181791,40,4,,1,70,,1181804,40,4,,1,30,,1181813,40,4,,1,70,,1181796,40,4,,1,30,,1181795,40,4,,1,70,,1181810,40,4,,1,30,,1181806,40,4,,1,70,,1181807,40,4,,1,30,,1181794,40,4,,1,70,,1181788,40,4,,1,28,,1079776,40,4,,1,70,,1181797,40,4,,1,30,,1181805,40,4,,1,70,,1181809,40,4,,1,29,,1181816,40,4,,1
9801,'5',526,,1181831,40,4,,1,27,,1181855,40,4,,1,49,,1181870,11,4,,1,17,,1181840,40,4,,1,7,,1181825,11,4,,1,4,,1181868,11,4,,1,19,,1181839,40,4,,1,9,,1181867,11,4,,1,46,,1181857,11,4,,1,16,,1064060,40,4,,1,11,,1181850,11,4,,1,7,,1181866,40,4,,1,11,,1181875,40,4,,1,52,,1181823,11,4,,1,6,,1181822,40,4,,1,9,,1181863,40,4,,1,8,,1181832,40,4,,1,7,,1181877,11,4,,1,9,,1181841,40,4,,1,11,,1181878,11,4,,1,5,,1181845,40,4,,1,47,,1181859,11,4,,1,3,,1181849,40,4,,1,15,,1181861,40,4,,1,9,,1181879,11,4,,1,4,,1181827,40,4,,1,15,,1181835,40,4,,1,55,,1181869,40,4,,1,15,,1097122,40,4,,1,15,,1012505,40,4,,1,15,,1181833,40,4,,1,55,,1181824,40,4,,1,15,,1181876,40,4,,1,15,,1181847,40,4,,1,15,,1181846,40,4,,1,55,,1074951,40,4,,1,15,,1181844,40,4,,1,15,,966315,40,4,,1,15,,1181828,40,4,,1,55,,1181838,40,4,,1,15,,1181860,40,4,,1,15,,1181830,40,4,,1,15,,1181836,40,4,,1,55,,1181829,40,4,,1,15,,1181853,40,4,,1,15,,1181852,40,4,,1,15,,1181874,40,4,,1,55,,993723,40,4,,1,14,,1181843,40,4,,1,17,,1181851,40,4,,1,15,,1062070,40,4,,1,52,,1181873,11,4,,1,3,,1038540,40,4,,1,23,,1181837,11,4,,1,9,,1038526,40,4,,1,21,,1181854,11,4,,1,49,,1181848,40,4,,1,21,,1181865,11,4,,1,7,,1181842,40,4,,1,23,,1181826,11,4,,1,47,,1181864,40,4,,1,30,,1181871,40,4,,1,70,,1181819,40,4,,1,26,,1181834,40,4,,1,70,,1181821,40,4,,1,30,,993683,40,4,,1,75,,1069081,40,4,,1,28,,1181856,40,4,,1,70,,1033582,40,4,,1,29,,1181862,40,4,,1,68,,1181820,40,4,,1,30,,1181872,40,4,,1
9801,'6',526,,1181919,40,4,,1,27,,1181925,40,4,,1,49,,1181928,11,4,,1,17,,1181891,40,4,,1,7,,1181916,11,4,,1,4,,1098749,11,4,,1,19,,1181904,40,4,,1,9,,1181885,11,4,,1,46,,1181915,11,4,,1,16,,1181906,40,4,,1,11,,1181901,11,4,,1,7,,1181920,40,4,,1,11,,1181888,40,4,,1,52,,1088334,11,4,,1,6,,1003301,40,4,,1,9,,1092258,40,4,,1,8,,1181910,40,4,,1,7,,1181936,11,4,,1,9,,1181883,40,4,,1,11,,1181895,11,4,,1,5,,1181899,40,4,,1,47,,1181900,11,4,,1,3,,1181894,40,4,,1,15,,1181909,40,4,,1,9,,1181882,11,4,,1,4,,1181912,40,4,,1,15,,1181934,40,4,,1,55,,1009464,40,4,,1,15,,1181926,40,4,,1,15,,1181889,40,4,,1,15,,1181893,40,4,,1,55,,1181911,40,4,,1,15,,1181935,40,4,,1,15,,1086780,40,4,,1,15,,1181897,40,4,,1,55,,1181886,40,4,,1,15,,1025636,40,4,,1,15,,1083317,40,4,,1,15,,1181924,40,4,,1,55,,1181887,40,4,,1,15,,1181927,40,4,,1,15,,1181881,40,4,,1,15,,1020343,40,4,,1,55,,1181914,40,4,,1,15,,1103208,40,4,,1,15,,1036609,40,4,,1,15,,1181913,40,4,,1,55,,1181922,40,4,,1,14,,1181905,40,4,,1,17,,1181938,40,4,,1,15,,1086486,40,4,,1,52,,1181931,11,4,,1,3,,1181937,40,4,,1,23,,1181923,11,4,,1,9,,1009617,40,4,,1,21,,1181880,11,4,,1,49,,1181903,40,4,,1,21,,1181890,11,4,,1,7,,1088957,40,4,,1,23,,1181907,11,4,,1,47,,1181892,40,4,,1,30,,1181917,40,4,,1,70,,1181908,40,4,,1,26,,1181929,40,4,,1,70,,1181932,40,4,,1,30,,1181933,40,4,,1,75,,1181930,40,4,,1,28,,1181898,40,4,,1,70,,1181918,40,4,,1,29,,1181884,40,4,,1,68,,1181896,40,4,,1,30,,1181902,40,4,,1
9801,'7',710,,1181947,40,4,,1,30,,1181963,40,4,,1,70,,1181950,40,4,,1,31,,1181939,40,4,,1,70,,1181954,40,4,,1,30,,1181956,40,4,,1,68,,1181961,40,4,,1,30,,1181946,40,4,,1,70,,1181955,40,4,,1,30,,1181973,40,4,,1,70,,1181967,40,4,,1,30,,1181944,40,4,,1,70,,1181964,40,4,,1,30,,1181972,40,4,,1,70,,1181968,40,4,,1,30,,1181969,40,4,,1,70,,1181951,40,4,,1,30,,1181942,40,4,,1,70,,1181962,40,4,,1,30,,1181959,40,4,,1,70,,1181966,40,4,,1,30,,1181948,40,4,,1,70,,1181957,40,4,,1,30,,1181975,40,4,,1,70,,1181965,40,4,,1,30,,1181952,40,4,,1,69,,1181974,40,4,,1,30,,1181945,40,4,,1,69,,1181941,40,4,,1,29,,1181953,40,4,,1,70,,1181960,40,4,,1,29,,1181970,40,4,,1,70,,1181949,40,4,,1,30,,1181940,40,4,,1,70,,1181943,40,4,,1,30,,1181971,40,4,,1,70,,1181958,40,4,,1
9801,'8',526,,1182024,40,4,,1,27,,1182030,40,4,,1,49,,1182034,11,4,,1,17,,1181996,40,4,,1,7,,1182021,11,4,,1,4,,1181980,11,4,,1,19,,1182009,40,4,,1,9,,1181989,11,4,,1,46,,1182020,11,4,,1,16,,1182011,40,4,,1,11,,1182006,11,4,,1,7,,1182025,40,4,,1,11,,1181993,40,4,,1,52,,1182045,11,4,,1,6,,1181986,40,4,,1,9,,1182040,40,4,,1,8,,1182015,40,4,,1,7,,1182043,11,4,,1,9,,1181983,40,4,,1,11,,1182000,11,4,,1,5,,1182004,40,4,,1,47,,1182005,11,4,,1,3,,1181999,40,4,,1,15,,1182014,40,4,,1,9,,1181982,11,4,,1,4,,1182017,40,4,,1,15,,1182041,40,4,,1,55,,1181979,40,4,,1,15,,1182031,40,4,,1,15,,1181994,40,4,,1,15,,1181998,40,4,,1,55,,1182016,40,4,,1,15,,1182042,40,4,,1,15,,1182044,40,4,,1,15,,1182002,40,4,,1,55,,1181990,40,4,,1,15,,1181977,40,4,,1,15,,1181985,40,4,,1,15,,1182029,40,4,,1,55,,1181992,40,4,,1,15,,1182033,40,4,,1,15,,1181978,40,4,,1,15,,1182047,40,4,,1,55,,1182019,40,4,,1,15,,1182032,40,4,,1,15,,1181984,40,4,,1,15,,1182018,40,4,,1,55,,1182027,40,4,,1,14,,1182010,40,4,,1,17,,1182048,40,4,,1,15,,1181987,40,4,,1,52,,1182037,11,4,,1,3,,1182046,40,4,,1,23,,1182028,11,4,,1,9,,1181976,40,4,,1,21,,1181981,11,4,,1,49,,1182008,40,4,,1,21,,1181995,11,4,,1,7,,1181991,40,4,,1,23,,1182012,11,4,,1,47,,1181997,40,4,,1,30,,1182022,40,4,,1,70,,1182013,40,4,,1,26,,1182035,40,4,,1,70,,1182038,40,4,,1,30,,1182039,40,4,,1,75,,1182036,40,4,,1,28,,1182003,40,4,,1,70,,1182023,40,4,,1,29,,1181988,40,4,,1,68,,1182001,40,4,,1,30,,1182007,40,4,,1
9801,'9',526,,1182061,40,4,,1,27,,1182085,40,4,,1,49,,1182100,11,4,,1,17,,1182070,40,4,,1,7,,1182055,11,4,,1,4,,1182098,11,4,,1,19,,1182069,40,4,,1,9,,1182097,11,4,,1,46,,1182087,11,4,,1,16,,1063889,40,4,,1,11,,1182080,11,4,,1,7,,1182096,40,4,,1,11,,1182105,40,4,,1,52,,1182053,11,4,,1,6,,1182052,40,4,,1,9,,1182093,40,4,,1,8,,1182062,40,4,,1,7,,1182107,11,4,,1,9,,1182071,40,4,,1,11,,1182108,11,4,,1,5,,1182075,40,4,,1,47,,1182089,11,4,,1,3,,1182079,40,4,,1,15,,1182091,40,4,,1,9,,1182109,11,4,,1,4,,1182057,40,4,,1,15,,1182065,40,4,,1,55,,1182099,40,4,,1,15,,1097088,40,4,,1,15,,1012684,40,4,,1,15,,1182063,40,4,,1,55,,1182054,40,4,,1,15,,1182106,40,4,,1,15,,1182077,40,4,,1,15,,1182076,40,4,,1,55,,1074745,40,4,,1,15,,1182074,40,4,,1,15,,966293,40,4,,1,15,,1182058,40,4,,1,55,,1182068,40,4,,1,15,,1182090,40,4,,1,15,,1182060,40,4,,1,15,,1182066,40,4,,1,55,,1182059,40,4,,1,15,,1182083,40,4,,1,15,,1182082,40,4,,1,15,,1182104,40,4,,1,55,,994063,40,4,,1,14,,1182073,40,4,,1,17,,1182081,40,4,,1,15,,1061959,40,4,,1,52,,1182103,11,4,,1,3,,1038721,40,4,,1,23,,1182067,11,4,,1,9,,1038707,40,4,,1,21,,1182084,11,4,,1,49,,1182078,40,4,,1,21,,1182095,11,4,,1,7,,1182072,40,4,,1,23,,1182056,11,4,,1,47,,1182094,40,4,,1,30,,1182101,40,4,,1,70,,1182049,40,4,,1,26,,1182064,40,4,,1,70,,1182051,40,4,,1,30,,994023,40,4,,1,75,,1068997,40,4,,1,28,,1182086,40,4,,1,70,,1033817,40,4,,1,29,,1182092,40,4,,1,68,,1182050,40,4,,1,30,,1182102,40,4,,1
10500,'1',324,,1183213,10,,,1,34,,1183237,10,,,1,69,,1183228,10,,,1,27,,1183220,10,,,1,66,,1183224,9,,,1,26,,1039733,9,,,1,67,,1183212,9,,,1,25,,1183207,9,,,1,73,,1183196,9,,,1,31,,1183203,9,,,1,71,,1183233,9,,,1,27,,1183217,9,,,1,68,,1183197,9,,,1,30,,1183235,9,,,1,70,,1183234,9,,,1,30,,1183216,9,,,1,70,,1183195,9,,,1,30,,1183219,9,,,1,70,,1183223,9,,,1,30,,1183231,9,,,1,70,,1183204,9,,,1,30,,1183225,9,,,1,70,,1027778,9,,,1,30,,1183227,9,,,1,70,,1066965,9,,,1,30,,1183208,9,,,1,72,,1183200,9,,,1,28,,1183202,9,,,1,70,,1183232,9,,,1,30,,1183210,9,,,1,70,,1183198,9,,,1,30,,1183229,9,,,1,77,,1183218,9,,,1,25,,1183201,9,,,1,70,,1183236,9,,,1,30,,1183211,9,,,1,70,,1183222,9,,,1,30,,1045873,9,,,1,70,,1183214,9,,,1,30,,1183199,9,,,1,70,,1183221,9,,,1,30,,1183206,9,,,1,71,,1183193,9,,,1,20,,1183230,9,,,1,25,,1183215,9,,,1,68,,1183194,9,,,1,30,,1183209,10,,,1,68,,1183205,10,,,1,30,,1183226,10,,,1
10500,'10',324,,1183258,10,,,1,34,,1183282,10,,,1,69,,1183273,10,,,1,27,,1183265,10,,,1,66,,1183269,9,,,1,26,,1039827,9,,,1,67,,1183257,9,,,1,25,,1183252,9,,,1,73,,1183241,9,,,1,31,,1183248,9,,,1,71,,1183278,9,,,1,27,,1183262,9,,,1,68,,1183242,9,,,1,30,,1183280,9,,,1,70,,1183279,9,,,1,30,,1183261,9,,,1,70,,1183240,9,,,1,30,,1183264,9,,,1,70,,1183268,9,,,1,30,,1183276,9,,,1,70,,1183249,9,,,1,30,,1183270,9,,,1,70,,1027855,9,,,1,30,,1183272,9,,,1,70,,1066682,9,,,1,30,,1183253,9,,,1,72,,1183245,9,,,1,28,,1183247,9,,,1,70,,1183277,9,,,1,30,,1183255,9,,,1,70,,1183243,9,,,1,30,,1183274,9,,,1,77,,1183263,9,,,1,25,,1183246,9,,,1,70,,1183281,9,,,1,30,,1183256,9,,,1,70,,1183267,9,,,1,30,,1045916,9,,,1,70,,1183259,9,,,1,30,,1183244,9,,,1,70,,1183266,9,,,1,30,,1183251,9,,,1,71,,1183238,9,,,1,20,,1183275,9,,,1,25,,1183260,9,,,1,68,,1183239,9,,,1,30,,1183254,10,,,1,68,,1183250,10,,,1,30,,1183271,10,,,1
10500,'11',324,,1183303,10,,,1,34,,1183327,10,,,1,69,,1183318,10,,,1,27,,1183310,10,,,1,66,,1183314,9,,,1,26,,1039705,9,,,1,67,,1183302,9,,,1,25,,1183297,9,,,1,73,,1183286,9,,,1,31,,1183293,9,,,1,71,,1183323,9,,,1,27,,1183307,9,,,1,68,,1183287,9,,,1,30,,1183325,9,,,1,70,,1183324,9,,,1,30,,1183306,9,,,1,70,,1183285,9,,,1,30,,1183309,9,,,1,70,,1183313,9,,,1,30,,1183321,9,,,1,70,,1183294,9,,,1,30,,1183315,9,,,1,70,,1027757,9,,,1,30,,1183317,9,,,1,70,,1067041,9,,,1,30,,1183298,9,,,1,72,,1183290,9,,,1,28,,1183292,9,,,1,70,,1183322,9,,,1,30,,1183300,9,,,1,70,,1183288,9,,,1,30,,1183319,9,,,1,77,,1183308,9,,,1,25,,1183291,9,,,1,70,,1183326,9,,,1,30,,1183301,9,,,1,70,,1183312,9,,,1,30,,1045862,9,,,1,70,,1183304,9,,,1,30,,1183289,9,,,1,70,,1183311,9,,,1,30,,1183296,9,,,1,71,,1183283,9,,,1,20,,1183320,9,,,1,25,,1183305,9,,,1,68,,1183284,9,,,1,30,,1183299,10,,,1,68,,1183295,10,,,1,30,,1183316,10,,,1
10500,'12',324,,1183351,10,,,1,34,,1183343,10,,,1,69,,1183356,10,,,1,27,,1183338,10,,,1,66,,1183366,9,,,1,26,,1183354,9,,,1,67,,1183345,9,,,1,25,,1183340,9,,,1,73,,1183348,9,,,1,31,,978462,9,,,1,71,,1183369,9,,,1,27,,1183353,9,,,1,68,,1183337,9,,,1,30,,1183359,9,,,1,70,,1183363,9,,,1,30,,1183328,9,,,1,70,,1010978,9,,,1,30,,1183336,9,,,1,70,,1183350,9,,,1,30,,1183342,9,,,1,70,,1183360,9,,,1,30,,1183365,9,,,1,70,,1183344,9,,,1,30,,1183352,9,,,1,70,,1183346,9,,,1,30,,1183333,9,,,1,72,,1049452,9,,,1,28,,1183361,9,,,1,70,,1183341,9,,,1,30,,1183358,9,,,1,70,,1183331,9,,,1,30,,1183339,9,,,1,77,,1183334,9,,,1,25,,1183364,9,,,1,70,,1082412,9,,,1,30,,1183362,9,,,1,70,,1183329,9,,,1,30,,1062545,9,,,1,70,,1183349,9,,,1,30,,1183332,9,,,1,70,,1183330,9,,,1,30,,1183357,9,,,1,71,,1183355,9,,,1,20,,1065109,9,,,1,25,,1183368,9,,,1,68,,1183347,9,,,1,30,,1183367,10,,,1,68,,1183370,10,,,1,30,,1183335,10,,,1
10500,'13',327,,1183396,10,,,1,30,,1183376,10,,,1,70,,1183399,10,,,1,30,,1183412,10,,,1,70,,1183400,10,,,1,30,,1183373,10,,,1,70,,1183413,10,,,1,30,,1183371,10,,,1,70,,1183397,10,,,1,30,,1066787,10,,,1,69,,1183386,9,,,1,30,,1183387,9,,,1,70,,1183403,9,,,1,30,,1183393,9,,,1,70,,1183384,9,,,1,30,,1183401,9,,,1,70,,1183414,9,,,1,30,,1183379,9,,,1,70,,1183380,9,,,1,30,,1183372,9,,,1,70,,1183382,9,,,1,30,,1183415,9,,,1,70,,1183378,9,,,1,30,,1183375,9,,,1,70,,1183408,9,,,1,30,,1183406,9,,,1,70,,1183416,9,,,1,30,,1183410,9,,,1,69,,1183402,9,,,1,30,,1183405,9,,,1,70,,1183389,9,,,1,30,,1183398,9,,,1,70,,1076905,9,,,1,30,,1183404,9,,,1,70,,1183394,9,,,1,30,,1183383,9,,,1,70,,1183388,9,,,1,30,,1183385,9,,,1,69,,1183395,9,,,1,30,,1183392,9,,,1,70,,1183409,9,,,1,30,,1183390,10,,,1,70,,1183381,10,,,1,30,,1183407,10,,,1,70,,1183374,10,,,1,30,,1183411,10,,,1,70,,1183391,10,,,1,30,,1183377,10,,,1
10500,'14',324,,1183439,10,,,1,34,,1183465,10,,,1,69,,1183455,10,,,1,27,,1183447,10,,,1,66,,1183451,9,,,1,26,,1183424,9,,,1,67,,1183438,9,,,1,25,,1183433,9,,,1,73,,1183420,9,,,1,31,,1183429,9,,,1,71,,1183460,9,,,1,27,,1183444,9,,,1,68,,1183421,9,,,1,30,,1183462,9,,,1,70,,1183461,9,,,1,30,,1183443,9,,,1,70,,1183419,9,,,1,30,,1183446,9,,,1,70,,1183450,9,,,1,30,,1183458,9,,,1,70,,1183430,9,,,1,30,,1183452,9,,,1,70,,1183441,9,,,1,30,,1183454,9,,,1,70,,1183464,9,,,1,30,,1183434,9,,,1,72,,1183426,9,,,1,28,,1183428,9,,,1,70,,1183459,9,,,1,30,,1183436,9,,,1,70,,1183423,9,,,1,30,,1183456,9,,,1,77,,1183445,9,,,1,25,,1183427,9,,,1,70,,1183463,9,,,1,30,,1183437,9,,,1,70,,1183449,9,,,1,30,,1183422,9,,,1,70,,1183440,9,,,1,30,,1183425,9,,,1,70,,1183448,9,,,1,30,,1183432,9,,,1,71,,1183417,9,,,1,20,,1183457,9,,,1,25,,1183442,9,,,1,68,,1183418,9,,,1,30,,1183435,10,,,1,68,,1183431,10,,,1,30,,1183453,10,,,1
10500,'15',324,,1183496,10,,,1,34,,1183480,10,,,1,69,,1183475,10,,,1,27,,1183487,10,,,1,66,,1183485,9,,,1,26,,1183494,9,,,1,67,,1183479,9,,,1,25,,1183499,9,,,1,73,,1183501,9,,,1,31,,1183504,9,,,1,71,,1183467,9,,,1,27,,1183471,9,,,1,68,,1183498,9,,,1,30,,1183514,9,,,1,70,,1183469,9,,,1,30,,1183495,9,,,1,70,,1183506,9,,,1,30,,1183476,9,,,1,70,,1183512,9,,,1,30,,1183488,9,,,1,70,,1183472,9,,,1,30,,1183481,9,,,1,70,,1183503,9,,,1,30,,1183484,9,,,1,70,,1183490,9,,,1,30,,1183493,9,,,1,72,,1183500,9,,,1,28,,1183510,9,,,1,70,,1183507,9,,,1,30,,1183509,9,,,1,70,,1183502,9,,,1,30,,1183508,9,,,1,77,,1183477,9,,,1,25,,1183478,9,,,1,70,,1183491,9,,,1,30,,1183486,9,,,1,70,,1183505,9,,,1,30,,1183489,9,,,1,70,,1183474,9,,,1,30,,1183470,9,,,1,70,,1183468,9,,,1,30,,1183483,9,,,1,71,,1183473,9,,,1,20,,1183466,9,,,1,25,,1183482,9,,,1,68,,1183513,9,,,1,30,,1183497,10,,,1,68,,1183511,10,,,1,30,,1183492,10,,,1
10500,'16',324,,1183537,10,,,1,34,,1183529,10,,,1,69,,1183542,10,,,1,27,,1095253,10,,,1,66,,1183553,9,,,1,26,,1183540,9,,,1,67,,1183531,9,,,1,25,,1183526,9,,,1,73,,1183534,9,,,1,31,,1183518,9,,,1,71,,1064171,9,,,1,27,,1183539,9,,,1,68,,1183524,9,,,1,30,,1183545,9,,,1,70,,1183550,9,,,1,30,,1183516,9,,,1,70,,1183517,9,,,1,30,,1095927,9,,,1,70,,1183536,9,,,1,30,,1183528,9,,,1,70,,1183546,9,,,1,30,,1183552,9,,,1,70,,1183530,9,,,1,30,,1183538,9,,,1,70,,1183532,9,,,1,30,,1183522,9,,,1,72,,1183547,9,,,1,28,,1183548,9,,,1,70,,1183527,9,,,1,30,,1183544,9,,,1,70,,1183521,9,,,1,30,,1183525,9,,,1,77,,1101625,9,,,1,25,,1183551,9,,,1,70,,1183515,9,,,1,30,,1183549,9,,,1,70,,1183519,9,,,1,30,,1183557,9,,,1,70,,1183535,9,,,1,30,,1087248,9,,,1,70,,1183520,9,,,1,30,,1183543,9,,,1,71,,1183541,9,,,1,20,,1183555,9,,,1,25,,1183556,9,,,1,68,,1183533,9,,,1,30,,1183554,10,,,1,68,,1183558,10,,,1,30,,1183523,10,,,1
10500,'17',327,,1183585,10,,,1,30,,1183565,10,,,1,70,,1183588,10,,,1,30,,1183601,10,,,1,70,,1183589,10,,,1,30,,1183561,10,,,1,70,,1183602,10,,,1,30,,1183559,10,,,1,70,,1183586,10,,,1,30,,1183564,10,,,1,69,,1183575,9,,,1,30,,1183576,9,,,1,70,,1183592,9,,,1,30,,1183582,9,,,1,70,,1183573,9,,,1,30,,1183590,9,,,1,70,,1183603,9,,,1,30,,1183568,9,,,1,70,,1183569,9,,,1,30,,1183560,9,,,1,70,,1183571,9,,,1,30,,1183604,9,,,1,70,,1183567,9,,,1,30,,1183563,9,,,1,70,,1183597,9,,,1,30,,1183595,9,,,1,70,,1183606,9,,,1,30,,1183599,9,,,1,69,,1183591,9,,,1,30,,1183594,9,,,1,70,,1183578,9,,,1,30,,1183587,9,,,1,70,,1183605,9,,,1,30,,1183593,9,,,1,70,,1183583,9,,,1,30,,1183572,9,,,1,70,,1183577,9,,,1,30,,1183574,9,,,1,69,,1183584,9,,,1,30,,1183581,9,,,1,70,,1183598,9,,,1,30,,1183579,10,,,1,70,,1183570,10,,,1,30,,1183596,10,,,1,70,,1183562,10,,,1,30,,1183600,10,,,1,70,,1183580,10,,,1,30,,1183566,10,,,1
10500,'2',314,,885398,10,,,1,30,,1183638,10,,,1,70,,1183621,10,,,1,30,,1071120,10,,,1,70,,1183640,10,,,1,30,,1183627,10,,,1,70,,1183613,9,,,1,35,,1183610,9,,,1,70,,1183637,9,,,1,30,,1183609,9,,,1,70,,1183630,9,,,1,30,,1183607,9,,,1,70,,1183622,9,,,1,30,,1183635,9,,,1,71,,1183618,9,,,1,30,,1183629,9,,,1,71,,1183625,9,,,1,30,,1183620,9,,,1,70,,1183628,9,,,1,30,,1183636,9,,,1,70,,1183641,9,,,1,30,,1183632,9,,,1,70,,1183617,9,,,1,30,,1069458,9,,,1,70,,1096233,9,,,1,30,,1183611,9,,,1,70,,1183639,9,,,1,30,,1067161,9,,,1,70,,1183634,9,,,1,30,,1183616,9,,,1,70,,1183631,9,,,1,30,,1078141,9,,,1,71,,1099914,9,,,1,30,,1183633,9,,,1,70,,953844,9,,,1,30,,1183626,9,,,1,71,,1027055,9,,,1,30,,1183612,9,,,1,70,,1183642,9,,,1,30,,1183615,9,,,1,70,,1183624,9,,,1,30,,1183619,9,,,1,72,,1073730,9,,,1,32,,1183608,9,,,1,70,,1183614,9,,,1,30,,1023374,9,,,1,70,,1183623,9,,,1,32,,1068973,10,,,1
10500,'3',327,,1183669,10,,,1,30,,1183649,10,,,1,70,,1183672,10,,,1,30,,1183685,10,,,1,70,,1183673,10,,,1,30,,1183645,10,,,1,70,,1183686,10,,,1,30,,1183643,10,,,1,70,,1183670,10,,,1,30,,1183648,10,,,1,69,,1183659,9,,,1,30,,1183660,9,,,1,70,,1183676,9,,,1,30,,1183666,9,,,1,70,,1183657,9,,,1,30,,1183674,9,,,1,70,,1183687,9,,,1,30,,1183652,9,,,1,70,,1183653,9,,,1,30,,1183644,9,,,1,70,,1183655,9,,,1,30,,1183688,9,,,1,70,,1183651,9,,,1,30,,1183647,9,,,1,70,,1183681,9,,,1,30,,1183679,9,,,1,70,,1183690,9,,,1,30,,1183683,9,,,1,69,,1183675,9,,,1,30,,1183678,9,,,1,70,,1183662,9,,,1,30,,1183671,9,,,1,70,,1183689,9,,,1,30,,1183677,9,,,1,70,,1183667,9,,,1,30,,1183656,9,,,1,70,,1183661,9,,,1,30,,1183658,9,,,1,69,,1183668,9,,,1,30,,1183665,9,,,1,70,,1183682,9,,,1,30,,1183663,10,,,1,70,,1183654,10,,,1,30,,1183680,10,,,1,70,,1183646,10,,,1,30,,1183684,10,,,1,70,,1183664,10,,,1,30,,1183650,10,,,1
10500,'4',327,,1183711,10,,,1,30,,1022181,10,,,1,70,,1183712,10,,,1,30,,1183719,10,,,1,70,,1183720,10,,,1,30,,1183704,10,,,1,70,,1092363,10,,,1,30,,1183723,10,,,1,70,,1183697,10,,,1,30,,1183691,10,,,1,69,,1183727,9,,,1,30,,1183729,9,,,1,70,,1183695,9,,,1,30,,1183722,9,,,1,70,,1183709,9,,,1,30,,1183701,9,,,1,70,,1183700,9,,,1,30,,1183702,9,,,1,70,,1183708,9,,,1,30,,1183693,9,,,1,70,,1183715,9,,,1,30,,1183725,9,,,1,70,,1183714,9,,,1,30,,1183705,9,,,1,70,,1183696,9,,,1,30,,1183710,9,,,1,70,,1081881,9,,,1,30,,1004827,9,,,1,69,,1183721,9,,,1,30,,1183718,9,,,1,70,,1183716,9,,,1,30,,998661,9,,,1,70,,1183692,9,,,1,30,,1183707,9,,,1,70,,1183703,9,,,1,30,,1183706,9,,,1,70,,1183713,9,,,1,30,,1075426,9,,,1,69,,988763,9,,,1,30,,1084085,9,,,1,70,,1183717,9,,,1,30,,1183699,10,,,1,70,,1183694,10,,,1,30,,1183726,10,,,1,70,,1183724,10,,,1,30,,1183730,10,,,1,70,,1183698,10,,,1,30,,1183728,10,,,1
10500,'5',324,,1183751,10,,,1,34,,1183775,10,,,1,69,,1183766,10,,,1,27,,1183758,10,,,1,66,,1183762,9,,,1,26,,1039574,9,,,1,67,,1183750,9,,,1,25,,1183745,9,,,1,73,,1183734,9,,,1,31,,1183741,9,,,1,71,,1183771,9,,,1,27,,1183755,9,,,1,68,,1183735,9,,,1,30,,1183773,9,,,1,70,,1183772,9,,,1,30,,1183754,9,,,1,70,,1183733,9,,,1,30,,1183757,9,,,1,70,,1183761,9,,,1,30,,1183769,9,,,1,70,,1183742,9,,,1,30,,1183763,9,,,1,70,,1027680,9,,,1,30,,1183765,9,,,1,70,,1066929,9,,,1,30,,1183746,9,,,1,72,,1183738,9,,,1,28,,1183740,9,,,1,70,,1183770,9,,,1,30,,1183748,9,,,1,70,,1183736,9,,,1,30,,1183767,9,,,1,77,,1183756,9,,,1,25,,1183739,9,,,1,70,,1183774,9,,,1,30,,1183749,9,,,1,70,,1183760,9,,,1,30,,1045819,9,,,1,70,,1183752,9,,,1,30,,1183737,9,,,1,70,,1183759,9,,,1,30,,1183744,9,,,1,71,,1183731,9,,,1,20,,1183768,9,,,1,25,,1183753,9,,,1,68,,1183732,9,,,1,30,,1183747,10,,,1,68,,1183743,10,,,1,30,,1183764,10,,,1
10500,'6',324,,1183795,10,,,1,34,,1183787,10,,,1,69,,1183800,10,,,1,27,,1183783,10,,,1,66,,1183810,9,,,1,26,,1183798,9,,,1,67,,1183789,9,,,1,25,,1038077,9,,,1,73,,1183792,9,,,1,31,,1183778,9,,,1,71,,1183813,9,,,1,27,,1183797,9,,,1,68,,1088953,9,,,1,30,,1183802,9,,,1,70,,1183807,9,,,1,30,,955688,9,,,1,70,,1183777,9,,,1,30,,1183782,9,,,1,70,,1183794,9,,,1,30,,1183786,9,,,1,70,,1183803,9,,,1,30,,1183809,9,,,1,70,,1183788,9,,,1,30,,1183796,9,,,1,70,,1183790,9,,,1,30,,1094236,9,,,1,72,,1183804,9,,,1,28,,1183805,9,,,1,70,,1183785,9,,,1,30,,1072006,9,,,1,70,,1031502,9,,,1,30,,1183784,9,,,1,77,,1183781,9,,,1,25,,1183808,9,,,1,70,,1183776,9,,,1,30,,1183806,9,,,1,70,,1183779,9,,,1,30,,1183814,9,,,1,70,,1183793,9,,,1,30,,1183780,9,,,1,70,,1093020,9,,,1,30,,1183801,9,,,1,71,,1183799,9,,,1,20,,1183812,9,,,1,25,,1078066,9,,,1,68,,1183791,9,,,1,30,,1183811,10,,,1,68,,1183815,10,,,1,30,,1012895,10,,,1
10500,'7',314,,1183840,10,,,1,30,,1183851,10,,,1,70,,1183822,10,,,1,30,,1183816,10,,,1,70,,1183861,10,,,1,30,,1183819,10,,,1,70,,1183850,9,,,1,35,,1183849,9,,,1,70,,1183828,9,,,1,30,,1183855,9,,,1,70,,1183845,9,,,1,30,,1183820,9,,,1,70,,1183862,9,,,1,30,,1183830,9,,,1,71,,1183836,9,,,1,30,,1183833,9,,,1,71,,1183857,9,,,1,30,,1183856,9,,,1,70,,1183846,9,,,1,30,,1183853,9,,,1,70,,1183841,9,,,1,30,,1183823,9,,,1,70,,1183827,9,,,1,30,,1183825,9,,,1,70,,1183817,9,,,1,30,,1183848,9,,,1,70,,1183842,9,,,1,30,,1183859,9,,,1,70,,1183838,9,,,1,30,,1183832,9,,,1,70,,1183854,9,,,1,30,,1183860,9,,,1,71,,1183847,9,,,1,30,,1183863,9,,,1,70,,1183839,9,,,1,30,,1183821,9,,,1,71,,1183818,9,,,1,30,,1183843,9,,,1,70,,1183852,9,,,1,30,,1183837,9,,,1,70,,1183844,9,,,1,30,,1183834,9,,,1,72,,1183858,9,,,1,32,,1183835,9,,,1,70,,1183831,9,,,1,30,,1183826,9,,,1,70,,1183829,9,,,1,32,,1183824,10,,,1
10500,'8',324,,1183890,10,,,1,34,,1183882,10,,,1,69,,1183895,10,,,1,27,,1183877,10,,,1,66,,1183906,9,,,1,26,,1183893,9,,,1,67,,1183884,9,,,1,25,,1183879,9,,,1,73,,1183887,9,,,1,31,,1183867,9,,,1,71,,1183910,9,,,1,27,,1183892,9,,,1,68,,1183876,9,,,1,30,,1183898,9,,,1,70,,1183903,9,,,1,30,,1183865,9,,,1,70,,1183866,9,,,1,30,,1183875,9,,,1,70,,1183889,9,,,1,30,,1183881,9,,,1,70,,1183899,9,,,1,30,,1183905,9,,,1,70,,1183883,9,,,1,30,,1183891,9,,,1,70,,1183885,9,,,1,30,,1183872,9,,,1,72,,1183900,9,,,1,28,,1183901,9,,,1,70,,1183880,9,,,1,30,,1183897,9,,,1,70,,1183870,9,,,1,30,,1183878,9,,,1,77,,1183873,9,,,1,25,,1183904,9,,,1,70,,1183864,9,,,1,30,,1183902,9,,,1,70,,1183868,9,,,1,30,,1183911,9,,,1,70,,1183888,9,,,1,30,,1183871,9,,,1,70,,1183869,9,,,1,30,,1183896,9,,,1,71,,1183894,9,,,1,20,,1183908,9,,,1,25,,1183909,9,,,1,68,,1183886,9,,,1,30,,1183907,10,,,1,68,,1183912,10,,,1,30,,1183874,10,,,1
10500,'9',324,,1183933,10,,,1,34,,1183957,10,,,1,69,,1183948,10,,,1,27,,1183940,10,,,1,66,,1183944,9,,,1,26,,1039761,9,,,1,67,,1183932,9,,,1,25,,1183927,9,,,1,73,,1183916,9,,,1,31,,1183923,9,,,1,71,,1183953,9,,,1,27,,1183937,9,,,1,68,,1183917,9,,,1,30,,1183955,9,,,1,70,,1183954,9,,,1,30,,1183936,9,,,1,70,,1183915,9,,,1,30,,1183939,9,,,1,70,,1183943,9,,,1,30,,1183951,9,,,1,70,,1183924,9,,,1,30,,1183945,9,,,1,70,,1027799,9,,,1,30,,1183947,9,,,1,70,,1066768,9,,,1,30,,1183928,9,,,1,72,,1183920,9,,,1,28,,1183922,9,,,1,70,,1183952,9,,,1,30,,1183930,9,,,1,70,,1183918,9,,,1,30,,1183949,9,,,1,77,,1183938,9,,,1,25,,1183921,9,,,1,70,,1183956,9,,,1,30,,1183931,9,,,1,70,,1183942,9,,,1,30,,1045884,9,,,1,70,,1183934,9,,,1,30,,1183919,9,,,1,70,,1183941,9,,,1,30,,1183926,9,,,1,71,,1183913,9,,,1,20,,1183950,9,,,1,25,,1183935,9,,,1,68,,1183914,9,,,1,30,,1183929,10,,,1,68,,1183925,10,,,1,30,,1183946,10,,,1
10501,'1',342,,1183978,18,0,66 67,1,68,,1183968,18,0,66 67,1,30,,1183967,18,0,66 67,1,70,,903657,18,,,1,36,,1183981,26,,,1,68,,1074529,26,,,1,28,,1183984,18,,,1,72,,1183973,18,,,1,35,,1183969,18,,,1,68,,1183986,18,,,1,32,,1183975,18,,,1,68,,1183959,18,,,1,30,,1183966,18,,,1,83,,1183993,18,,,1,70,,1183989,18,,,1,30,,1079559,18,,,1,70,,1183985,18,,,1,30,,1183994,18,,,1,72,,1183979,18,,,1,28,,1092178,18,,,1,70,,1183958,18,,,1,30,,1183983,18,,,1,70,,1051485,18,,,1,30,,1183991,18,,,1,17,,1183964,18,,,1,71,,1183963,18,,,1,30,,1183976,18,,,1,70,,1183980,18,,,1,30,,1183990,18,,,1,75,,1183970,18,,,1,30,,1183992,18,,,1,70,,1183974,18,,,1,26,,1064095,18,,,1,70,,1183972,18,,,1,30,,1183962,18,,,1,75,,991714,18,,,1,28,,1183982,18,,,1,70,,1051997,18,,,1,29,,1183965,18,,,1,70,,1183987,18,,,1,35,,1183971,18,,,1,66,,1183960,18,,,1,29,,1183961,18,,,1,57,,1183988,18,,,1,21,,1077001,18,0,66 67,1,72,,1183977,18,0,66 67,1,33,,1051515,18,0,66 67,1,70,,1076639,18,0,66 67,1
10501,'10',342,,1184015,18,0,66 67,1,68,,1184005,18,0,66 67,1,30,,1184004,18,0,66 67,1,70,,903707,18,,,1,36,,1184018,26,,,1,68,,1074382,26,,,1,28,,1184021,18,,,1,72,,1184010,18,,,1,35,,1184006,18,,,1,68,,1184023,18,,,1,32,,1184012,18,,,1,68,,1183996,18,,,1,30,,1184003,18,,,1,83,,1184030,18,,,1,70,,1184026,18,,,1,30,,1079367,18,,,1,70,,1184022,18,,,1,30,,1184031,18,,,1,72,,1184016,18,,,1,28,,1092017,18,,,1,70,,1183995,18,,,1,30,,1184020,18,,,1,70,,1051664,18,,,1,30,,1184028,18,,,1,17,,1184001,18,,,1,71,,1184000,18,,,1,30,,1184013,18,,,1,70,,1184017,18,,,1,30,,1184027,18,,,1,75,,1184007,18,,,1,30,,1184029,18,,,1,70,,1184011,18,,,1,26,,1063782,18,,,1,70,,1184009,18,,,1,30,,1183999,18,,,1,75,,991696,18,,,1,28,,1184019,18,,,1,70,,1052076,18,,,1,29,,1184002,18,,,1,70,,1184024,18,,,1,35,,1184008,18,,,1,66,,1183997,18,,,1,29,,1183998,18,,,1,57,,1184025,18,,,1,21,,1076777,18,0,66 67,1,72,,1184014,18,0,66 67,1,33,,1051694,18,0,66 67,1,70,,1076433,18,0,66 67,1
10501,'11',342,,1184052,18,0,66 67,1,68,,1184042,18,0,66 67,1,30,,1184041,18,0,66 67,1,70,,903557,18,,,1,36,,1184055,26,,,1,68,,1074572,26,,,1,28,,1184058,18,,,1,72,,1184047,18,,,1,35,,1184043,18,,,1,68,,1184060,18,,,1,32,,1184049,18,,,1,68,,1184033,18,,,1,30,,1184040,18,,,1,83,,1184067,18,,,1,70,,1184063,18,,,1,30,,1079618,18,,,1,70,,1184059,18,,,1,30,,1184068,18,,,1,72,,1184053,18,,,1,28,,1092223,18,,,1,70,,1184032,18,,,1,30,,1184057,18,,,1,70,,1051432,18,,,1,30,,1184065,18,,,1,17,,1184038,18,,,1,71,,1184037,18,,,1,30,,1184050,18,,,1,70,,1184054,18,,,1,30,,1184064,18,,,1,75,,1184044,18,,,1,30,,1184066,18,,,1,70,,1184048,18,,,1,26,,1064188,18,,,1,70,,1184046,18,,,1,30,,1184036,18,,,1,75,,991708,18,,,1,28,,1184056,18,,,1,70,,1051975,18,,,1,29,,1184039,18,,,1,70,,1184061,18,,,1,35,,1184045,18,,,1,66,,1184034,18,,,1,29,,1184035,18,,,1,57,,1184062,18,,,1,21,,1077067,18,0,66 67,1,72,,1184051,18,0,66 67,1,33,,1051462,18,0,66 67,1,70,,1076703,18,0,66 67,1
10501,'12',342,,1184092,18,0,66 67,1,68,,1184083,18,0,66 67,1,30,,1013154,18,0,66 67,1,70,,1184104,18,,,1,36,,1184105,26,,,1,68,,1184100,26,,,1,28,,1184069,18,,,1,72,,1070007,18,,,1,35,,1184099,18,,,1,68,,1184086,18,,,1,32,,1093304,18,,,1,68,,1184074,18,,,1,30,,1184081,18,,,1,83,,1184098,18,,,1,70,,1184108,18,,,1,30,,1184084,18,,,1,70,,1184107,18,,,1,30,,1184071,18,,,1,72,,1184080,18,,,1,28,,1184073,18,,,1,70,,1184070,18,,,1,30,,1184090,18,,,1,70,,1061661,18,,,1,30,,1184085,18,,,1,17,,1184106,18,,,1,71,,1184088,18,,,1,30,,1016271,18,,,1,70,,1099984,18,,,1,30,,1076573,18,,,1,75,,1184087,18,,,1,30,,1184097,18,,,1,70,,1021431,18,,,1,26,,1184082,18,,,1,70,,1184078,18,,,1,30,,1184091,18,,,1,75,,1184096,18,,,1,28,,1184103,18,,,1,70,,1184072,18,,,1,29,,1184102,18,,,1,70,,1184079,18,,,1,35,,1184095,18,,,1,66,,1184077,18,,,1,29,,1184089,18,,,1,57,,1184101,18,,,1,21,,1184094,18,0,66 67,1,72,,1184075,18,0,66 67,1,33,,1184093,18,0,66 67,1,70,,1184076,18,0,66 67,1
10501,'13',340,,1184111,18,0,66 67,1,70,,1184115,18,0,66 67,1,30,,1184124,18,0,66 67,1,70,,1184130,18,0,66 67,1,30,,1184110,18,0,66 67,1,70,,1184143,18,0,66 67,1,30,,1184147,18,0,66 67,1,70,,1184117,18,0,66 67,1,30,,1184144,18,0,66 67,1,71,,1184134,18,,,1,17,,1184145,18,,,1,31,,1184142,18,,,1,70,,1184132,18,,,1,30,,1184113,18,,,1,71,,1184112,18,,,1,70,,1031571,18,,,1,30,,1184140,18,,,1,70,,1184109,18,,,1,30,,1184116,18,,,1,70,,1184150,18,,,1,30,,1184131,18,,,1,70,,1184129,18,,,1,30,,1184139,18,,,1,70,,1184118,18,,,1,30,,1184149,18,,,1,70,,1184121,18,,,1,30,,1184146,18,,,1,70,,1184137,18,,,1,30,,1100195,18,,,1,70,,1184141,18,,,1,30,,1184151,18,,,1,70,,1184119,18,,,1,29,,1184120,18,,,1,30,,1184136,18,,,1,69,,1184148,18,,,1,29,,1098643,18,,,1,70,,1184114,18,,,1,30,,1184122,18,,,1,70,,1184152,18,,,1,30,,1184125,18,,,1,58,,1070500,18,0,66 67,1,30,,1184153,18,0,66 67,1,70,,1184128,18,0,66 67,1,30,,1184123,18,0,66 67,1,70,,1184127,18,0,66 67,1,30,,1184133,18,0,66 67,1,70,,1184138,18,0,66 67,1,30,,1184135,18,0,66 67,1,70,,1184126,18,0,66 67,1
10501,'14',342,,1184183,18,0,66 67,1,68,,1184172,18,0,66 67,1,30,,1184171,18,0,66 67,1,70,,1184163,18,,,1,36,,1184186,26,,,1,68,,1184179,26,,,1,28,,1184189,18,,,1,72,,1184177,18,,,1,35,,1184173,18,,,1,68,,1184191,18,,,1,32,,1184180,18,,,1,68,,1184160,18,,,1,30,,1184170,18,,,1,83,,1184200,18,,,1,70,,1184194,18,,,1,30,,1184162,18,,,1,70,,1184190,18,,,1,30,,1184201,18,,,1,72,,1184184,18,,,1,28,,1184195,18,,,1,70,,1184157,18,,,1,30,,1184188,18,,,1,70,,1184159,18,,,1,30,,1184197,18,,,1,17,,1184168,18,,,1,71,,1184167,18,,,1,30,,1184181,18,,,1,70,,1184185,18,,,1,30,,1184196,18,,,1,75,,1184174,18,,,1,30,,1184199,18,,,1,70,,1184178,18,,,1,26,,1184156,18,,,1,70,,1184176,18,,,1,30,,1184166,18,,,1,75,,1184154,18,,,1,28,,1184187,18,,,1,70,,1184155,18,,,1,29,,1184169,18,,,1,70,,1184192,18,,,1,35,,1184175,18,,,1,66,,1184161,18,,,1,29,,1184164,18,,,1,57,,1184193,18,,,1,21,,1184158,18,0,66 67,1,72,,1184182,18,0,66 67,1,33,,1184198,18,0,66 67,1,70,,1184165,18,0,66 67,1
10501,'15',342,,1184218,18,0,66 67,1,68,,1184208,18,0,66 67,1,30,,1184217,18,0,66 67,1,70,,1184212,18,,,1,36,,1184210,26,,,1,68,,1184235,26,,,1,28,,1184220,18,,,1,72,,1184240,18,,,1,35,,1184237,18,,,1,68,,1184226,18,,,1,32,,1184202,18,,,1,68,,1184228,18,,,1,30,,1184225,18,,,1,83,,1184221,18,,,1,70,,1184209,18,,,1,30,,1184223,18,,,1,70,,1184232,18,,,1,30,,1184248,18,,,1,72,,1184244,18,,,1,28,,1184231,18,,,1,70,,1184204,18,,,1,30,,1184222,18,,,1,70,,1184207,18,,,1,30,,1184214,18,,,1,17,,1184241,18,,,1,71,,1184215,18,,,1,30,,1184236,18,,,1,70,,1184213,18,,,1,30,,1184245,18,,,1,75,,1184239,18,,,1,30,,1184249,18,,,1,70,,1184230,18,,,1,26,,1184238,18,,,1,70,,1184243,18,,,1,30,,1184234,18,,,1,75,,1184219,18,,,1,28,,1184224,18,,,1,70,,1184242,18,,,1,29,,1184205,18,,,1,70,,1184227,18,,,1,35,,1184211,18,,,1,66,,1184216,18,,,1,29,,1184203,18,,,1,57,,1184233,18,,,1,21,,1184206,18,0,66 67,1,72,,1184247,18,0,66 67,1,33,,1184246,18,0,66 67,1,70,,1184229,18,0,66 67,1
10501,'16',342,,1184277,18,0,66 67,1,68,,1184268,18,0,66 67,1,30,,1184250,18,0,66 67,1,70,,1184289,18,,,1,36,,1184290,26,,,1,68,,1184285,26,,,1,28,,1075033,18,,,1,72,,1184291,18,,,1,35,,1184284,18,,,1,68,,1184271,18,,,1,32,,1184259,18,,,1,68,,1184258,18,,,1,30,,1184266,18,,,1,83,,1184283,18,,,1,70,,1184295,18,,,1,30,,1184269,18,,,1,70,,1184294,18,,,1,30,,1184255,18,,,1,72,,1184265,18,,,1,28,,1184256,18,,,1,70,,1184254,18,,,1,30,,1184275,18,,,1,70,,1184251,18,,,1,30,,1184270,18,,,1,17,,1184293,18,,,1,71,,1184273,18,,,1,30,,1184253,18,,,1,70,,1184252,18,,,1,30,,1184257,18,,,1,75,,1184272,18,,,1,30,,1184282,18,,,1,70,,1184292,18,,,1,26,,1184267,18,,,1,70,,1184263,18,,,1,30,,1184276,18,,,1,75,,1184281,18,,,1,28,,1184288,18,,,1,70,,1093439,18,,,1,29,,1184287,18,,,1,70,,1184264,18,,,1,35,,1184280,18,,,1,66,,1184262,18,,,1,29,,1184274,18,,,1,57,,1184286,18,,,1,21,,1184279,18,0,66 67,1,72,,1184260,18,0,66 67,1,33,,1184278,18,0,66 67,1,70,,1184261,18,0,66 67,1
10501,'17',340,,1184300,18,0,66 67,1,70,,1184304,18,0,66 67,1,30,,1184313,18,0,66 67,1,70,,1184319,18,0,66 67,1,30,,1184298,18,0,66 67,1,70,,1184333,18,0,66 67,1,30,,1184337,18,0,66 67,1,70,,1184306,18,0,66 67,1,30,,1184334,18,0,66 67,1,71,,1184323,18,,,1,17,,1184335,18,,,1,31,,1184332,18,,,1,70,,1184321,18,,,1,30,,1184302,18,,,1,71,,1184301,18,,,1,70,,1184296,18,,,1,30,,1184330,18,,,1,70,,1184297,18,,,1,30,,1184305,18,,,1,70,,1184341,18,,,1,30,,1184320,18,,,1,70,,1184318,18,,,1,30,,1184329,18,,,1,70,,1184307,18,,,1,30,,1184339,18,,,1,70,,1184310,18,,,1,30,,1184336,18,,,1,70,,1184326,18,,,1,30,,1184340,18,,,1,70,,1184331,18,,,1,30,,1184342,18,,,1,70,,1184308,18,,,1,29,,1184309,18,,,1,30,,1184325,18,,,1,69,,1184338,18,,,1,29,,1184299,18,,,1,70,,1184303,18,,,1,30,,1184311,18,,,1,70,,1184343,18,,,1,30,,1184314,18,,,1,58,,1184327,18,0,66 67,1,30,,1184344,18,0,66 67,1,70,,1184317,18,0,66 67,1,30,,1184312,18,0,66 67,1,70,,1184316,18,0,66 67,1,30,,1184322,18,0,66 67,1,70,,1184328,18,0,66 67,1,30,,1184324,18,0,66 67,1,70,,1184315,18,0,66 67,1
10501,'2',353,,1184349,18,0,66 67,1,65,,1184384,18,0,66 67,1,30,,1071822,18,0,66 67,1,70,,950590,18,0,66 67,1,30,,1184369,18,0,66 67,1,71,,1184352,18,,,1,30,,1184385,18,,,1,70,,1184372,18,,,1,30,,1087405,18,,,1,70,,1184360,18,,,1,30,,1184346,18,,,1,70,,1049099,18,,,1,30,,1184354,18,,,1,70,,1022821,18,,,1,31,,1184358,18,,,1,70,,1184373,18,,,1,30,,1184371,18,,,1,70,,1184368,18,,,1,30,,1184363,18,,,1,70,,1184370,18,,,1,30,,1184375,18,,,1,70,,1184345,18,,,1,30,,1184380,18,,,1,70,,1184376,18,,,1,30,,1184364,18,,,1,70,,1097075,18,,,1,30,,1184366,18,,,1,70,,1184381,18,,,1,30,,1184379,18,,,1,70,,1184348,18,,,1,30,,1184350,18,,,1,70,,1184367,18,,,1,29,,1184353,18,,,1,70,,1184361,18,,,1,30,,1184351,18,,,1,68,,1184374,18,,,1,30,,1184359,18,,,1,70,,1184356,18,,,1,29,,1184355,18,,,1,70,,1184382,18,,,1,30,,1184365,18,,,1,70,,1184378,18,,,1,30,,1068754,18,,,1,70,,1184357,18,,,1,30,,1184377,18,,,1,69,,1184362,18,0,66 67,1,30,,1184347,18,0,66 67,1,70,,1184383,18,0,66 67,1
10501,'3',340,,1184390,18,0,66 67,1,70,,1184394,18,0,66 67,1,30,,1184403,18,0,66 67,1,70,,1184409,18,0,66 67,1,30,,1184388,18,0,66 67,1,70,,1184423,18,0,66 67,1,30,,1184427,18,0,66 67,1,70,,1184396,18,0,66 67,1,30,,1184424,18,0,66 67,1,71,,1184413,18,,,1,17,,1184425,18,,,1,31,,1184422,18,,,1,70,,1184411,18,,,1,30,,1184392,18,,,1,71,,1184391,18,,,1,70,,1184386,18,,,1,30,,1184420,18,,,1,70,,1184387,18,,,1,30,,1184395,18,,,1,70,,1184431,18,,,1,30,,1184410,18,,,1,70,,1184408,18,,,1,30,,1184419,18,,,1,70,,1184397,18,,,1,30,,1184429,18,,,1,70,,1184400,18,,,1,30,,1184426,18,,,1,70,,1184416,18,,,1,30,,1184430,18,,,1,70,,1184421,18,,,1,30,,1184432,18,,,1,70,,1184398,18,,,1,29,,1184399,18,,,1,30,,1184415,18,,,1,69,,1184428,18,,,1,29,,1184389,18,,,1,70,,1184393,18,,,1,30,,1184401,18,,,1,70,,1184433,18,,,1,30,,1184404,18,,,1,58,,1184417,18,0,66 67,1,30,,1184434,18,0,66 67,1,70,,1184407,18,0,66 67,1,30,,1184402,18,0,66 67,1,70,,1184406,18,0,66 67,1,30,,1184412,18,0,66 67,1,70,,1184418,18,0,66 67,1,30,,1184414,18,0,66 67,1,70,,1184405,18,0,66 67,1
10501,'4',340,,1184444,18,0,66 67,1,70,,1184476,18,0,66 67,1,30,,1184455,18,0,66 67,1,70,,1184454,18,0,66 67,1,30,,1184469,18,0,66 67,1,70,,1005518,18,0,66 67,1,30,,1184475,18,0,66 67,1,70,,1184445,18,0,66 67,1,30,,1184457,18,0,66 67,1,71,,1184470,18,,,1,17,,1184449,18,,,1,31,,1184463,18,,,1,70,,1184438,18,,,1,30,,1184440,18,,,1,71,,1184441,18,,,1,70,,1184436,18,,,1,30,,1184474,18,,,1,70,,1069045,18,,,1,30,,1184448,18,,,1,70,,1184443,18,,,1,30,,1184462,18,,,1,70,,1184446,18,,,1,30,,1184459,18,,,1,70,,1184442,18,,,1,30,,1074459,18,,,1,70,,1184467,18,,,1,30,,1045974,18,,,1,70,,1184468,18,,,1,30,,1184466,18,,,1,70,,1184439,18,,,1,30,,1184472,18,,,1,70,,1184464,18,,,1,29,,1184437,18,,,1,30,,1184458,18,,,1,69,,1184465,18,,,1,29,,1083833,18,,,1,70,,1184460,18,,,1,30,,1094056,18,,,1,70,,1184452,18,,,1,30,,1184461,18,,,1,58,,1184450,18,0,66 67,1,30,,1184453,18,0,66 67,1,70,,1184456,18,0,66 67,1,30,,1184471,18,0,66 67,1,70,,1184451,18,0,66 67,1,30,,1184473,18,0,66 67,1,70,,1184435,18,0,66 67,1,30,,1083513,18,0,66 67,1,70,,1184447,18,0,66 67,1
10501,'5',342,,1184497,18,0,66 67,1,68,,1184487,18,0,66 67,1,30,,1184486,18,0,66 67,1,70,,903861,18,,,1,36,,1184500,26,,,1,68,,1074507,26,,,1,28,,1184503,18,,,1,72,,1184492,18,,,1,35,,1184488,18,,,1,68,,1184505,18,,,1,32,,1184494,18,,,1,68,,1184478,18,,,1,30,,1184485,18,,,1,83,,1184512,18,,,1,70,,1184508,18,,,1,30,,1079525,18,,,1,70,,1184504,18,,,1,30,,1184513,18,,,1,72,,1184498,18,,,1,28,,1092145,18,,,1,70,,1184477,18,,,1,30,,1184502,18,,,1,70,,1051202,18,,,1,30,,1184510,18,,,1,17,,1184483,18,,,1,71,,1184482,18,,,1,30,,1184495,18,,,1,70,,1184499,18,,,1,30,,1184509,18,,,1,75,,1184489,18,,,1,30,,1184511,18,,,1,70,,1184493,18,,,1,26,,1064050,18,,,1,70,,1184491,18,,,1,30,,1184481,18,,,1,75,,991732,18,,,1,28,,1184501,18,,,1,70,,1051840,18,,,1,29,,1184484,18,,,1,70,,1184506,18,,,1,35,,1184490,18,,,1,66,,1184479,18,,,1,29,,1184480,18,,,1,57,,1184507,18,,,1,21,,1076957,18,0,66 67,1,72,,1184496,18,0,66 67,1,33,,1051232,18,0,66 67,1,70,,1076599,18,0,66 67,1
10501,'6',342,,1184539,18,0,66 67,1,68,,1184530,18,0,66 67,1,30,,1184514,18,0,66 67,1,70,,1184550,18,,,1,36,,1184551,26,,,1,68,,1184546,26,,,1,28,,1184518,18,,,1,72,,1184552,18,,,1,35,,1184545,18,,,1,68,,1184533,18,,,1,32,,1184522,18,,,1,68,,1080829,18,,,1,30,,1184528,18,,,1,83,,1184544,18,,,1,70,,1184555,18,,,1,30,,1184531,18,,,1,70,,1084249,18,,,1,30,,976065,18,,,1,72,,1184527,18,,,1,28,,944148,18,,,1,70,,1184519,18,,,1,30,,1184537,18,,,1,70,,1184515,18,,,1,30,,1184532,18,,,1,17,,1184554,18,,,1,71,,1184535,18,,,1,30,,1184517,18,,,1,70,,1184516,18,,,1,30,,1184521,18,,,1,75,,1184534,18,,,1,30,,1184543,18,,,1,70,,1184553,18,,,1,26,,1184529,18,,,1,70,,1184525,18,,,1,30,,1184538,18,,,1,75,,1002463,18,,,1,28,,1184549,18,,,1,70,,1184520,18,,,1,29,,1184548,18,,,1,70,,1184526,18,,,1,35,,1184542,18,,,1,66,,1184524,18,,,1,29,,1184536,18,,,1,57,,1184547,18,,,1,21,,1184541,18,0,66 67,1,72,,1096191,18,0,66 67,1,33,,1184540,18,0,66 67,1,70,,1184523,18,0,66 67,1
10501,'7',353,,1184571,18,0,66 67,1,65,,1184582,18,0,66 67,1,30,,1184570,18,0,66 67,1,70,,1184590,18,0,66 67,1,30,,1184592,18,0,66 67,1,71,,1184591,18,,,1,30,,1184602,18,,,1,70,,1184584,18,,,1,30,,1184596,18,,,1,70,,1184594,18,,,1,30,,1184567,18,,,1,70,,1184577,18,,,1,30,,1184560,18,,,1,70,,1184566,18,,,1,31,,1184578,18,,,1,70,,1184564,18,,,1,30,,1184586,18,,,1,70,,1184601,18,,,1,30,,1184562,18,,,1,70,,1184585,18,,,1,30,,1184579,18,,,1,70,,1184575,18,,,1,30,,1184588,18,,,1,70,,1184593,18,,,1,30,,1184587,18,,,1,70,,1184573,18,,,1,30,,1184576,18,,,1,70,,1184581,18,,,1,30,,1184595,18,,,1,70,,1184559,18,,,1,30,,1184599,18,,,1,70,,1184603,18,,,1,29,,1184557,18,,,1,70,,1184597,18,,,1,30,,1184569,18,,,1,68,,1184589,18,,,1,30,,1184583,18,,,1,70,,1184598,18,,,1,29,,1184565,18,,,1,70,,1184568,18,,,1,30,,1184561,18,,,1,70,,1184572,18,,,1,30,,1184558,18,,,1,70,,1184563,18,,,1,30,,1184574,18,,,1,69,,1184580,18,0,66 67,1,30,,1184556,18,0,66 67,1,70,,1184600,18,0,66 67,1
10501,'8',342,,1184633,18,0,66 67,1,68,,1184624,18,0,66 67,1,30,,1184604,18,0,66 67,1,70,,1184645,18,,,1,36,,1184646,26,,,1,68,,1184641,26,,,1,28,,1184608,18,,,1,72,,1184647,18,,,1,35,,1184640,18,,,1,68,,1184627,18,,,1,32,,1184615,18,,,1,68,,1184614,18,,,1,30,,1184622,18,,,1,83,,1184639,18,,,1,70,,1184651,18,,,1,30,,1184625,18,,,1,70,,1184650,18,,,1,30,,1184610,18,,,1,72,,1184621,18,,,1,28,,1184612,18,,,1,70,,1184609,18,,,1,30,,1184631,18,,,1,70,,1184605,18,,,1,30,,1184626,18,,,1,17,,1184649,18,,,1,71,,1184629,18,,,1,30,,1184607,18,,,1,70,,1184606,18,,,1,30,,1184613,18,,,1,75,,1184628,18,,,1,30,,1184638,18,,,1,70,,1184648,18,,,1,26,,1184623,18,,,1,70,,1184619,18,,,1,30,,1184632,18,,,1,75,,1184637,18,,,1,28,,1184644,18,,,1,70,,1184611,18,,,1,29,,1184643,18,,,1,70,,1184620,18,,,1,35,,1184636,18,,,1,66,,1184618,18,,,1,29,,1184630,18,,,1,57,,1184642,18,,,1,21,,1184635,18,0,66 67,1,72,,1184616,18,0,66 67,1,33,,1184634,18,0,66 67,1,70,,1184617,18,0,66 67,1
10501,'9',342,,1184672,18,0,66 67,1,68,,1184662,18,0,66 67,1,30,,1184661,18,0,66 67,1,70,,903757,18,,,1,36,,1184675,26,,,1,68,,1074426,26,,,1,28,,1184678,18,,,1,72,,1184667,18,,,1,35,,1184663,18,,,1,68,,1184680,18,,,1,32,,1184669,18,,,1,68,,1184653,18,,,1,30,,1184660,18,,,1,83,,1184687,18,,,1,70,,1184683,18,,,1,30,,1079426,18,,,1,70,,1184679,18,,,1,30,,1184688,18,,,1,72,,1184673,18,,,1,28,,1092071,18,,,1,70,,1184652,18,,,1,30,,1184677,18,,,1,70,,1051538,18,,,1,30,,1184685,18,,,1,17,,1184658,18,,,1,71,,1184657,18,,,1,30,,1184670,18,,,1,70,,1184674,18,,,1,30,,1184684,18,,,1,75,,1184664,18,,,1,30,,1184686,18,,,1,70,,1184668,18,,,1,26,,1063879,18,,,1,70,,1184666,18,,,1,30,,1184656,18,,,1,75,,991726,18,,,1,28,,1184676,18,,,1,70,,1052019,18,,,1,29,,1184659,18,,,1,70,,1184681,18,,,1,35,,1184665,18,,,1,66,,1184654,18,,,1,29,,1184655,18,,,1,57,,1184682,18,,,1,21,,1076852,18,0,66 67,1,72,,1184671,18,0,66 67,1,33,,1051568,18,0,66 67,1,70,,1076500,18,0,66 67,1
11001,'1',537,,1185032,46,4,,1,70,,1185038,46,4,,1
11001,'10',537,,1185063,46,4,,1,70,,1185069,46,4,,1
11001,'11',537,,1185094,46,4,,1,70,,1185100,46,4,,1
11001,'12',537,,1185148,46,4,,1,70,,1185151,46,4,,1
11001,'14',537,,1185162,46,4,,1,70,,1185169,46,4,,1
11001,'15',537,,1185203,46,4,,1,70,,1185208,46,4,,1
11001,'16',537,,1185251,46,4,,1,70,,1185254,46,4,,1
11001,'2',551,,1185263,46,4,,1,70,,1185264,46,4,,1
11001,'5',537,,1185282,46,4,,1,70,,1185288,46,4,,1
11001,'6',537,,1185330,46,4,,1,70,,1185332,46,4,,1
11001,'7',551,,1185337,46,4,,1,70,,1185340,46,4,,1
11001,'8',537,,1185367,46,4,,1,70,,1185370,46,4,,1
11001,'9',537,,1185375,46,4,,1,70,,1185381,46,4,,1
45100,'15',1715,,1198226,4,,,1,15,,1198224,4,,,1,15,,1198222,4,,,1,55,,1198225,4,,,1,15,,1198223,4,,,1,15,,1198221,4,,,1
60900,'1',819,,1198867,14,,,1,7,,1198868,1,,,1
60900,'10',819,,1198869,14,,,1,7,,1198870,1,,,1
60900,'11',819,,1198871,14,,,1,7,,1198872,1,,,1
60900,'12',819,,1198874,14,,,1,7,,1198873,1,,,1
60900,'14',819,,1198875,14,,,1,7,,1198876,1,,,1
60900,'15',819,,1198878,14,,,1,7,,1198877,1,,,1
60900,'16',819,,1198880,14,,,1,7,,1198879,1,,,1
60900,'5',819,,1198881,14,,,1,7,,1198882,1,,,1
60900,'6',819,,1198884,14,,,1,7,,1198883,1,,,1
60900,'8',819,,1198886,14,,,1,7,,1198885,1,,,1
60900,'9',819,,1198887,14,,,1,7,,1198888,1,,,1
60901,'1',1558,,1198890,14,,,1,46,,1198889,14,,,1
60901,'10',1558,,1198892,14,,,1,46,,1198891,14,,,1
60901,'11',1558,,1198894,14,,,1,46,,1198893,14,,,1
60901,'12',1558,,1198895,14,,,1,46,,1198896,14,,,1
60901,'14',1558,,1198898,14,,,1,46,,1198897,14,,,1
60901,'15',1558,,1198899,14,,,1,46,,1198900,14,,,1
60901,'16',1558,,1198901,14,,,1,46,,1198902,14,,,1
60901,'5',1558,,1198904,14,,,1,46,,1198903,14,,,1
60901,'6',1558,,1198905,14,,,1,46,,1198906,14,,,1
60901,'8',1558,,1198907,14,,,1,46,,1198908,14,,,1
60901,'9',1558,,1198910,14,,,1,46,,1198909,14,,,1
61300,'1',1452,,1198952,9,4,,1
61300,'10',1452,,1198953,9,4,,1
61300,'11',1452,,1198954,9,4,,1
61300,'12',1452,,1198955,9,4,,1
61300,'14',1452,,1198956,9,4,,1
61300,'15',1452,,1198957,9,4,,1
61300,'16',1452,,1198958,9,4,,1
61300,'5',1452,,1198959,9,4,,1
61300,'6',1452,,1099079,9,4,,1
61300,'8',1452,,1198960,9,4,,1
61300,'9',1452,,1198961,9,4,,1
61700,'1',757,,1199005,1,,,1
61700,'10',757,,1199006,1,,,1
61700,'11',757,,1199007,1,,,1
61700,'12',757,,1199008,1,,,1
61700,'14',757,,1199009,1,,,1
61700,'15',757,,1199010,1,,,1
61700,'16',757,,1199011,1,,,1
61700,'5',757,,1199012,1,,,1
61700,'6',757,,1199013,1,,,1
61700,'8',757,,1199014,1,,,1
61700,'9',757,,1199015,1,,,1
61701,'1',1609,,1199016,46,4,,1
61701,'10',1609,,1199017,46,4,,1
61701,'11',1609,,1199018,46,4,,1
61701,'12',1609,,1101880,46,4,,1
61701,'14',1609,,1199019,46,4,,1
61701,'15',1609,,1199020,46,4,,1
61701,'16',1609,,1199021,46,4,,1
61701,'5',1609,,1199022,46,4,,1
61701,'6',1609,,1199023,46,4,,1
61701,'8',1609,,1199024,46,4,,1
61701,'9',1609,,1199025,46,4,,1
62800,'1',800,,1101784,1,,,1,3,,1199179,1,,,1,2,,1199178,1,,,1,2,,1012319,1,,,1
62800,'10',800,,1101683,1,,,1,3,,1199181,1,,,1,2,,1199180,1,,,1,2,,1012402,1,,,1
62800,'11',800,,1101815,1,,,1,3,,1199183,1,,,1,2,,1199182,1,,,1,2,,1012296,1,,,1
62800,'12',800,,1199187,1,,,1,3,,1199186,1,,,1,2,,1199185,1,,,1,2,,1199184,1,,,1
62800,'14',800,,1199190,1,,,1,3,,1199191,1,,,1,2,,1199189,1,,,1,2,,1199188,1,,,1
62800,'15',800,,1199192,1,,,1,3,,1199195,1,,,1,2,,1199193,1,,,1,2,,1199194,1,,,1
62800,'16',800,,1039191,1,,,1,3,,1199197,1,,,1,2,,1199196,1,,,1,2,,1072156,1,,,1
62800,'5',800,,1101764,1,,,1,3,,1199199,1,,,1,2,,1199198,1,,,1,2,,1012175,1,,,1
62800,'6',800,,1199203,1,,,1,3,,1199202,1,,,1,2,,1199201,1,,,1,2,,1199200,1,,,1
62800,'8',800,,1199207,1,,,1,3,,1199206,1,,,1,2,,1199205,1,,,1,2,,1199204,1,,,1
62800,'9',800,,1101713,1,,,1,3,,1199209,1,,,1,2,,1199208,1,,,1,2,,1012342,1,,,1
64500,'1',1557,,1199485,9,4,,1,50,,1071932,9,4,,1
64500,'10',1557,,1199486,9,4,,1,50,,1071786,9,4,,1
64500,'11',1557,,1199487,9,4,,1,50,,1071978,9,4,,1
64500,'12',1557,,1199488,9,4,,1,50,,1199489,9,4,,1
64500,'14',1557,,1199491,9,4,,1,50,,1199490,9,4,,1
64500,'15',1557,,1199493,9,4,,1,50,,1199492,9,4,,1
64500,'16',1557,,1199494,9,4,,1,50,,1199495,9,4,,1
64500,'5',1557,,1199496,9,4,,1,50,,1071908,9,4,,1
64500,'6',1557,,1199497,9,4,,1,50,,1199498,9,4,,1
64500,'8',1557,,1199499,9,4,,1,50,,1199500,9,4,,1
64500,'9',1557,,1199501,9,4,,1,50,,1071836,9,4,,1
64700,'1',809,,1050384,1,,,1,29,,1199545,1,,,1
64700,'10',809,,1050465,1,,,1,29,,1199546,1,,,1
64700,'11',809,,1050360,1,,,1,29,,1199547,1,,,1
64700,'12',809,,964560,1,,,1,29,,1199548,1,,,1
64700,'14',809,,1199550,1,,,1,29,,1199549,1,,,1
64700,'15',809,,1199551,1,,,1,29,,1199552,1,,,1
64700,'16',809,,1199553,1,,,1,29,,1083651,1,,,1
64700,'5',809,,1050271,1,,,1,29,,1199554,1,,,1
64700,'6',809,,1199555,1,,,1,29,,1199556,1,,,1
64700,'8',809,,1199557,1,,,1,29,,1199558,1,,,1
64700,'9',809,,1050408,1,,,1,29,,1199559,1,,,1
64701,'1',1555,,1199562,29,4,,1,48,,1199563,29,4,,1
64701,'10',1555,,1199566,29,4,,1,48,,1199567,29,4,,1
64701,'11',1555,,1199570,29,4,,1,48,,1199571,29,4,,1
64701,'12',1555,,1199574,29,4,,1,48,,1199575,29,4,,1
64701,'14',1555,,1199578,29,4,,1,48,,1199579,29,4,,1
64701,'15',1555,,1199582,29,4,,1,48,,1199583,29,4,,1
64701,'16',1555,,1199586,29,4,,1,48,,1199587,29,4,,1
64701,'5',1555,,1199590,29,4,,1,48,,1199591,29,4,,1
64701,'6',1555,,1199594,29,4,,1,48,,929636,29,4,,1
64701,'8',1555,,1199597,29,4,,1,48,,1199598,29,4,,1
64701,'9',1555,,1199601,29,4,,1,48,,1199602,29,4,,1
